[{"pi":"359861","pc":"Аптека","ss":100000,"td":"Центр города","dc":1,"n":464.33,"vc":"408629","sl":"Элитный","sv":"50000","p":2575.0,"q":43.75,"b":3.0,"ms":2.08,"wi":43.34,"ei":6.78,"as":349.0,"mi":"E","mv":2407700,"sc":1,"lpe":97.92,"lpr":598.28,"lq":1.0,"d":7234440},{"pi":"359861","pc":"Аптека","ss":100000,"td":"Фешенебельный район","dc":4,"n":378.14,"vc":"19346","sl":"Элитный","sv":"8","p":11000.0,"q":37.83,"b":0.0,"ms":0.0,"wi":52.02,"ei":10.51,"as":1190.88,"mi":"E","mv":405717,"sc":1,"lpe":100.0,"lpr":1832.21,"lq":1.0,"d":2862944},{"pi":"359861","pc":"Аптека","ss":50000,"td":"Фешенебельный район","dc":3,"n":430.41,"vc":"13829","sl":"Элитный","sv":"2","p":5000.0,"q":37.95,"b":0.0,"ms":0.0,"wi":42.23,"ei":6.83,"as":907.19,"mi":"E","mv":275240,"sc":1,"lpe":100.0,"lpr":1003.02,"lq":1.0,"d":1327128},{"pi":"359861","pc":"Аптека","ss":3100,"td":"Центр города","dc":3,"n":187.5,"vc":"3182","sl":"Очень высокий","sv":"5","p":509.19,"q":5.75,"b":0.0,"ms":0.03,"wi":4.69,"ei":7.95,"as":28.7,"mi":"E","mv":14946,"sc":1,"lpe":99.97,"lpr":514.04,"lq":1.0,"d":3118531},{"pi":"359861","pc":"Аптека","ss":10000,"td":"Центр города","dc":2,"n":353.01,"vc":"10457","sl":"Элитный","sv":"1597","p":1227.3,"q":29.42,"b":0.0,"ms":4.68,"wi":6.97,"ei":6.38,"as":150.91,"mi":"E","mv":34091,"sc":1,"lpe":95.32,"lpr":258.03,"lq":1.0,"d":2436678},{"pi":"359861","pc":"Аптека","ss":100000,"td":"Центр города","dc":9,"n":482.14,"vc":"208516","sl":"Нормальный","sv":"3000","p":700.0,"q":31.9,"b":0.0,"ms":2.86,"wi":23.9,"ei":8.05,"as":1028.85,"mi":"E","mv":104856,"sc":1,"lpe":97.14,"lpr":461.42,"lq":1.0,"d":767901},{"pi":"359861","pc":"Аптека","ss":100000,"td":"Центр города","dc":1,"n":474.37,"vc":"428403","sl":"Элитный","sv":"50000","p":2675.0,"q":43.75,"b":3.09,"ms":2.26,"wi":28.97,"ei":6.53,"as":314.5,"mi":"E","mv":2216226,"sc":1,"lpe":97.74,"lpr":562.75,"lq":1.0,"d":6283054},{"pi":"359861","pc":"Аптека","ss":100000,"td":"Центр города","dc":1,"n":442.68,"vc":"220706","sl":"Элитный","sv":"49","p":7000.0,"q":24.84,"b":0.0,"ms":0.02,"wi":36.64,"ei":11.26,"as":482.57,"mi":"E","mv":323925,"sc":1,"lpe":99.98,"lpr":1230.61,"lq":1.0,"d":2255977},{"pi":"359861","pc":"Аптека","ss":10000,"td":"Центр города","dc":4,"n":347.91,"vc":"11060","sl":"Очень высокий","sv":"771","p":1300.0,"q":31.9,"b":0.0,"ms":0.65,"wi":52.44,"ei":11.56,"as":1499.2,"mi":"E","mv":118980,"sc":1,"lpe":99.35,"lpr":1407.26,"lq":1.0,"d":607176},{"pi":"359861","pc":"Аптека","ss":100000,"td":"Центр города","dc":1,"n":427.32,"vc":"344300","sl":"Элитный","sv":"50000","p":1775.0,"q":43.75,"b":2.69,"ms":2.87,"wi":22.82,"ei":5.29,"as":396.9,"mi":"E","mv":1743688,"sc":1,"lpe":97.13,"lpr":549.51,"lq":1.0,"d":12257756},{"pi":"359861","pc":"Аптека","ss":120000,"td":"Центр города","dc":3,"n":432.27,"vc":"175243","sl":"Элитный","sv":"1250","p":2000.0,"q":29.72,"b":0.0,"ms":2.45,"wi":16.7,"ei":8.34,"as":212.15,"mi":"E","mv":51019,"sc":1,"lpe":97.55,"lpr":491.83,"lq":1.0,"d":999984},{"pi":"359861","pc":"Аптека","ss":20000,"td":"Спальный район","dc":1,"n":90.04,"vc":"980","sl":"Элитный","sv":"1000","p":2900.0,"q":6.84,"b":0.0,"ms":5.14,"wi":52.66,"ei":7.94,"as":1255.34,"mi":"E","mv":19471,"sc":1,"lpe":94.86,"lpr":1691.54,"lq":1.0,"d":1491090},{"pi":"359861","pc":"Аптека","ss":100000,"td":"Фешенебельный район","dc":1,"n":381.06,"vc":"23350","sl":"Элитный","sv":"6500","p":5900.0,"q":45.07,"b":0.0,"ms":2.87,"wi":49.54,"ei":10.29,"as":760.4,"mi":"E","mv":226632,"sc":2,"lpe":96.01,"lpr":1859.87,"lq":1.0,"d":1419772},{"pi":"359861","pc":"Аптека","ss":20100,"td":"Центр города","dc":1,"n":287.16,"vc":"22020","sl":"Элитный","sv":"2550","p":1900.0,"q":36.8,"b":0.0,"ms":1.13,"wi":49.54,"ei":10.29,"as":760.4,"mi":"E","mv":226632,"sc":2,"lpe":96.01,"lpr":1859.87,"lq":1.0,"d":1419772},{"pi":"359861","pc":"Аптека","ss":100000,"td":"Центр города","dc":2,"n":552.13,"vc":"421511","sl":"Высокий","sv":"200","p":1500.0,"q":60.58,"b":4.53,"ms":0.18,"wi":25.28,"ei":7.31,"as":359.2,"mi":"E","mv":113407,"sc":1,"lpe":99.82,"lpr":530.59,"lq":1.0,"d":708432},{"pi":"359861","pc":"Аптека","ss":200000,"td":"Центр города","dc":1,"n":449.14,"vc":"691256","sl":"Элитный","sv":"50000","p":4000.0,"q":43.75,"b":2.89,"ms":3.13,"wi":37.85,"ei":8.73,"as":677.93,"mi":"E","mv":1599345,"sc":1,"lpe":96.87,"lpr":1108.88,"lq":1.0,"d":8646844},{"pi":"359861","pc":"Аптека","ss":100000,"td":"Центр города","dc":1,"n":473.32,"vc":"426283","sl":"Элитный","sv":"50000","p":3650.0,"q":43.75,"b":3.08,"ms":2.99,"wi":33.86,"ei":10.15,"as":292.02,"mi":"E","mv":1675029,"sc":1,"lpe":97.01,"lpr":779.9,"lq":1.0,"d":6376122},{"pi":"359861","pc":"Аптека","ss":300000,"td":"Фешенебельный район","dc":4,"n":294.71,"vc":"30008","sl":"Элитный","sv":"585","p":8000.0,"q":36.27,"b":0.77,"ms":0.04,"wi":51.68,"ei":9.19,"as":1176.8,"mi":"E","mv":1545510,"sc":1,"lpe":99.96,"lpr":1919.62,"lq":1.0,"d":10648221},{"pi":"359861","pc":"Аптека","ss":1000,"td":"Фешенебельный район","dc":1,"n":531.16,"vc":"809","sl":"Элитный","sv":"900","p":1600.0,"q":29.72,"b":0.0,"ms":4.31,"wi":19.23,"ei":9.89,"as":358.4,"mi":"E","mv":20898,"sc":1,"lpe":95.69,"lpr":545.3,"lq":1.0,"d":308478},{"pi":"359861","pc":"Аптека","ss":300000,"td":"Центр города","dc":3,"n":428.51,"vc":"367759","sl":"Элитный","sv":"3","p":2500.0,"q":36.31,"b":0.0,"ms":0.0,"wi":11.29,"ei":4.71,"as":92.39,"mi":"E","mv":105620,"sc":1,"lpe":100.0,"lpr":283.59,"lq":1.0,"d":1818898},{"pi":"359861","pc":"Аптека","ss":100000,"td":"Фешенебельный район","dc":1,"n":603.08,"vc":"299745","sl":"Элитный","sv":"142424","p":10000.0,"q":55.04,"b":1.76,"ms":3.3,"wi":53.02,"ei":6.8,"as":488.79,"mi":"E","mv":4312474,"sc":2,"lpe":95.54,"lpr":1725.13,"lq":1.0,"d":14905102},{"pi":"359861","pc":"Аптека","ss":200000,"td":"Центр города","dc":1,"n":398.88,"vc":"495847","sl":"Элитный","sv":"50000","p":3950.0,"q":43.75,"b":2.58,"ms":1.16,"wi":53.02,"ei":6.8,"as":488.79,"mi":"E","mv":4312474,"sc":2,"lpe":95.54,"lpr":1725.13,"lq":1.0,"d":14905102},{"pi":"359861","pc":"Аптека","ss":100000,"td":"Центр города","dc":1,"n":330.89,"vc":"79012","sl":"Элитный","sv":"124","p":4000.0,"q":14.77,"b":0.0,"ms":0.1,"wi":42.51,"ei":10.41,"as":1149.11,"mi":"E","mv":119777,"sc":1,"lpe":99.9,"lpr":856.31,"lq":1.0,"d":811736},{"pi":"359861","pc":"Аптека","ss":100000,"td":"Фешенебельный район","dc":1,"n":218.93,"vc":"3549","sl":"Элитный","sv":"4","p":3500.0,"q":14.66,"b":0.0,"ms":0.0,"wi":32.47,"ei":6.41,"as":544.52,"mi":"E","mv":145270,"sc":1,"lpe":100.0,"lpr":640.05,"lq":1.0,"d":561077}]