[{"pi":"423277","pc":"Товары для дома","ss":100000,"td":"Фешенебельный район","dc":1,"n":529.03,"vc":"114194","sl":"Элитный","sv":"100","p":2000.0,"q":13.54,"b":0.0,"ms":0.01,"wi":43.34,"ei":6.78,"as":349.0,"mi":"E","mv":1154118,"sc":1,"lpe":99.99,"lpr":1205.43,"lq":1.0,"d":7234440},{"pi":"423277","pc":"Товары для дома","ss":30000,"td":"Центр города","dc":1,"n":413.76,"vc":"62504","sl":"Элитный","sv":"7844","p":2200.0,"q":12.5,"b":0.0,"ms":5.07,"wi":19.05,"ei":5.34,"as":341.56,"mi":"E","mv":154602,"sc":1,"lpe":94.93,"lpr":546.93,"lq":1.0,"d":2069626},{"pi":"423277","pc":"Товары для дома","ss":10000,"td":"Центр города","dc":1,"n":425.53,"vc":"26799","sl":"Элитный","sv":"61","p":3000.0,"q":12.5,"b":0.0,"ms":0.07,"wi":16.28,"ei":5.63,"as":227.31,"mi":"E","mv":93356,"sc":1,"lpe":99.93,"lpr":545.27,"lq":1.0,"d":1476711},{"pi":"423277","pc":"Товары для дома","ss":100000,"td":"Фешенебельный район","dc":1,"n":676.87,"vc":"342047","sl":"Элитный","sv":"65976","p":2606.0,"q":17.3,"b":0.0,"ms":17.16,"wi":52.02,"ei":10.51,"as":1190.88,"mi":"E","mv":384542,"sc":1,"lpe":82.84,"lpr":648.09,"lq":1.03,"d":2862944},{"pi":"423277","pc":"Товары для дома","ss":10000,"td":"Центр города","dc":1,"n":414.59,"vc":"27884","sl":"Элитный","sv":"8544","p":2000.0,"q":12.53,"b":0.0,"ms":26.56,"wi":11.53,"ei":6.04,"as":284.36,"mi":"E","mv":32166,"sc":1,"lpe":73.44,"lpr":549.09,"lq":1.1,"d":2083800},{"pi":"423277","pc":"Товары для дома","ss":100000,"td":"Фешенебельный район","dc":1,"n":538.4,"vc":"117834","sl":"Элитный","sv":"50","p":2000.0,"q":13.01,"b":0.0,"ms":0.03,"wi":8.26,"ei":1.9,"as":64.62,"mi":"E","mv":169944,"sc":1,"lpe":99.97,"lpr":540.74,"lq":1.0,"d":8024926},{"pi":"423277","pc":"Товары для дома","ss":13000,"td":"Спальный район","dc":1,"n":428.71,"vc":"31797","sl":"Элитный","sv":"1","p":11034.45,"q":14.38,"b":0.0,"ms":0.0,"wi":53.24,"ei":7.46,"as":830.0,"mi":"E","mv":97201,"sc":1,"lpe":100.0,"lpr":2127.76,"lq":1.0,"d":923206},{"pi":"423277","pc":"Товары для дома","ss":100000,"td":"Фешенебельный район","dc":1,"n":428.61,"vc":"23070","sl":"Элитный","sv":"4","p":20020.1,"q":14.38,"b":0.0,"ms":0.03,"wi":53.48,"ei":9.13,"as":1120.0,"mi":"E","mv":12675,"sc":1,"lpe":99.97,"lpr":3880.41,"lq":1.0,"d":371510},{"pi":"423277","pc":"Товары для дома","ss":100000,"td":"Центр города","dc":1,"n":440.82,"vc":"162407","sl":"Элитный","sv":"10000","p":2000.0,"q":14.6,"b":0.0,"ms":8.8,"wi":32.37,"ei":14.28,"as":748.41,"mi":"E","mv":113623,"sc":1,"lpe":91.2,"lpr":926.98,"lq":1.0,"d":1218946},{"pi":"423277","pc":"Товары для дома","ss":300000,"td":"Фешенебельный район","dc":4,"n":516.32,"vc":"344412","sl":"Элитный","sv":"3","p":3300.0,"q":5.17,"b":0.0,"ms":0.0,"wi":24.59,"ei":8.05,"as":240.41,"mi":"E","mv":1277958,"sc":1,"lpe":100.0,"lpr":604.26,"lq":1.0,"d":7239150},{"pi":"423277","pc":"Товары для дома","ss":100000,"td":"Фешенебельный район","dc":1,"n":615.92,"vc":"176138","sl":"Элитный","sv":"200","p":1200.0,"q":13.54,"b":0.0,"ms":0.05,"wi":35.81,"ei":6.77,"as":248.13,"mi":"E","mv":370791,"sc":1,"lpe":99.95,"lpr":756.77,"lq":1.0,"d":2293511},{"pi":"423277","pc":"Товары для дома","ss":100000,"td":"Центр города","dc":1,"n":440.75,"vc":"216640","sl":"Элитный","sv":"15573","p":4500.0,"q":12.52,"b":0.0,"ms":5.12,"wi":36.64,"ei":11.26,"as":482.57,"mi":"E","mv":304381,"sc":2,"lpe":94.85,"lpr":1233.28,"lq":1.0,"d":2255977},{"pi":"423277","pc":"Товары для дома","ss":100000,"td":"Фешенебельный район","dc":1,"n":618.24,"vc":"179082","sl":"Элитный","sv":"100","p":1000.0,"q":13.01,"b":0.0,"ms":0.03,"wi":36.64,"ei":11.26,"as":482.57,"mi":"E","mv":304381,"sc":2,"lpe":94.85,"lpr":1233.28,"lq":1.0,"d":2255977},{"pi":"423277","pc":"Товары для дома","ss":100000,"td":"Фешенебельный район","dc":1,"n":454.94,"vc":"25872","sl":"Элитный","sv":"119","p":12913.48,"q":14.45,"b":0.0,"ms":0.72,"wi":64.98,"ei":8.46,"as":1045.0,"mi":"E","mv":16570,"sc":1,"lpe":99.28,"lpr":3123.81,"lq":1.0,"d":250038},{"pi":"423277","pc":"Товары для дома","ss":100000,"td":"Фешенебельный район","dc":1,"n":682.66,"vc":"120371","sl":"Элитный","sv":"750","p":3418.0,"q":17.3,"b":0.0,"ms":13.42,"wi":23.28,"ei":13.22,"as":2097.79,"mi":"E","mv":5590,"sc":1,"lpe":86.58,"lpr":781.54,"lq":1.11,"d":332434},{"pi":"423277","pc":"Товары для дома","ss":1000,"td":"Центр города","dc":1,"n":298.82,"vc":"2200","sl":"Очень высокий","sv":"1000","p":25000.0,"q":11.96,"b":0.0,"ms":12.26,"wi":22.96,"ei":14.81,"as":273.81,"mi":"E","mv":8158,"sc":1,"lpe":87.74,"lpr":8838.5,"lq":2.51,"d":2553554},{"pi":"423277","pc":"Товары для дома","ss":100000,"td":"Фешенебельный район","dc":1,"n":600.03,"vc":"145796","sl":"Элитный","sv":"200","p":1000.0,"q":13.54,"b":0.0,"ms":0.06,"wi":29.82,"ei":6.96,"as":304.48,"mi":"E","mv":318042,"sc":1,"lpe":99.94,"lpr":799.97,"lq":1.0,"d":2067604},{"pi":"423277","pc":"Товары для дома","ss":1000,"td":"Центр города","dc":1,"n":584.21,"vc":"5674","sl":"Нормальный","sv":"1800","p":1200.0,"q":14.6,"b":0.0,"ms":9.23,"wi":43.74,"ei":10.04,"as":1360.0,"mi":"E","mv":19499,"sc":1,"lpe":90.77,"lpr":1334.46,"lq":1.0,"d":234090},{"pi":"423277","pc":"Товары для дома","ss":1000,"td":"Центр города","dc":1,"n":673.56,"vc":"6508","sl":"Нормальный","sv":"400","p":1050.05,"q":14.6,"b":0.0,"ms":15.49,"wi":37.51,"ei":9.62,"as":1479.61,"mi":"E","mv":2582,"sc":1,"lpe":84.51,"lpr":2343.03,"lq":3.82,"d":255028},{"pi":"423277","pc":"Товары для дома","ss":10000,"td":"Фешенебельный район","dc":3,"n":178.43,"vc":"390","sl":"Элитный","sv":"11","p":2300.0,"q":7.95,"b":1.15,"ms":0.03,"wi":32.14,"ei":8.54,"as":796.22,"mi":"E","mv":41199,"sc":1,"lpe":99.97,"lpr":1276.22,"lq":1.0,"d":788262},{"pi":"423277","pc":"Товары для дома","ss":100000,"td":"Фешенебельный район","dc":1,"n":661.66,"vc":"231193","sl":"Элитный","sv":"16195","p":6074.0,"q":17.3,"b":4.05,"ms":15.44,"wi":49.54,"ei":10.29,"as":760.4,"mi":"E","mv":104895,"sc":1,"lpe":84.56,"lpr":1500.17,"lq":2.21,"d":1419772},{"pi":"423277","pc":"Товары для дома","ss":1000,"td":"Окраина","dc":1,"n":468.09,"vc":"3165","sl":"Высокий","sv":"1547","p":1700.0,"q":12.61,"b":0.0,"ms":1.13,"wi":30.39,"ei":6.8,"as":316.62,"mi":"E","mv":137082,"sc":1,"lpe":98.87,"lpr":619.48,"lq":1.0,"d":1133980},{"pi":"423277","pc":"Товары для дома","ss":100000,"td":"Фешенебельный район","dc":1,"n":377.89,"vc":"25543","sl":"Элитный","sv":"13000","p":4000.0,"q":14.6,"b":0.0,"ms":1.16,"wi":33.86,"ei":10.15,"as":292.02,"mi":"E","mv":1125538,"sc":1,"lpe":98.84,"lpr":1046.2,"lq":1.0,"d":6376122},{"pi":"423277","pc":"Товары для дома","ss":100000,"td":"Фешенебельный район","dc":1,"n":608.42,"vc":"222910","sl":"Элитный","sv":"93318","p":3324.0,"q":17.3,"b":3.17,"ms":13.43,"wi":54.32,"ei":11.9,"as":1548.35,"mi":"E","mv":694953,"sc":2,"lpe":86.57,"lpr":817.09,"lq":1.09,"d":5522842},{"pi":"423277","pc":"Товары для дома","ss":100000,"td":"Центр города","dc":1,"n":484.75,"vc":"452443","sl":"Очень высокий","sv":"1","p":6000.0,"q":16.81,"b":0.0,"ms":0.0,"wi":54.32,"ei":11.9,"as":1548.35,"mi":"E","mv":694953,"sc":2,"lpe":86.57,"lpr":817.09,"lq":1.09,"d":5522842},{"pi":"423277","pc":"Товары для дома","ss":100000,"td":"Фешенебельный район","dc":2,"n":535.52,"vc":"38394","sl":"Элитный","sv":"3000","p":600.0,"q":14.6,"b":2.53,"ms":5.65,"wi":33.24,"ei":7.68,"as":346.5,"mi":"E","mv":53096,"sc":1,"lpe":94.35,"lpr":792.68,"lq":1.0,"d":268812},{"pi":"423277","pc":"Товары для дома","ss":100000,"td":"Центр города","dc":1,"n":465.4,"vc":"182584","sl":"Элитный","sv":"21000","p":1000.0,"q":14.6,"b":2.53,"ms":26.33,"wi":31.95,"ei":6.2,"as":370.0,"mi":"E","mv":79758,"sc":1,"lpe":73.67,"lpr":315.1,"lq":1.0,"d":703091},{"pi":"423277","pc":"Товары для дома","ss":300000,"td":"Фешенебельный район","dc":1,"n":632.81,"vc":"905541","sl":"Элитный","sv":"88549","p":13110.0,"q":17.3,"b":2.58,"ms":4.2,"wi":53.02,"ei":6.8,"as":488.79,"mi":"E","mv":2110074,"sc":1,"lpe":95.8,"lpr":2585.24,"lq":1.0,"d":14905102}]