[{"pi":"424209","pc":"Промышленные товары","ss":10000,"td":"Фешенебельный район","dc":7,"n":479.44,"vc":"6850","sl":"Очень высокий","sv":"150","p":40000.0,"q":16.68,"b":0.0,"ms":2.69,"wi":156.39,"ei":6.41,"as":2315.25,"mi":"E","mv":5576,"sc":1,"lpe":97.31,"lpr":21305.8,"lq":1.0,"d":680780},{"pi":"424209","pc":"Промышленные товары","ss":200000,"td":"Фешенебельный район","dc":1,"n":583.47,"vc":"409936","sl":"Элитный","sv":"1500","p":137000.0,"q":16.51,"b":0.0,"ms":7.52,"wi":131.96,"ei":6.72,"as":1776.47,"mi":"E","mv":19947,"sc":2,"lpe":91.48,"lpr":40456.29,"lq":1.0,"d":2542506},{"pi":"424209","pc":"Промышленные товары","ss":12000,"td":"Центр города","dc":3,"n":220.12,"vc":"11787","sl":"Очень высокий","sv":"200","p":32300.0,"q":17.43,"b":0.0,"ms":1.0,"wi":131.96,"ei":6.72,"as":1776.47,"mi":"E","mv":19947,"sc":2,"lpe":91.48,"lpr":40456.29,"lq":1.0,"d":2542506},{"pi":"424209","pc":"Промышленные товары","ss":100000,"td":"Фешенебельный район","dc":1,"n":327.55,"vc":"17205","sl":"Нормальный","sv":"39","p":30000.0,"q":17.28,"b":0.0,"ms":0.06,"wi":27.86,"ei":3.43,"as":42.92,"mi":"E","mv":62930,"sc":1,"lpe":99.94,"lpr":5429.39,"lq":1.0,"d":9216794},{"pi":"424209","pc":"Промышленные товары","ss":100000,"td":"Центр города","dc":1,"n":480.58,"vc":"333860","sl":"Элитный","sv":"200","p":59999.99,"q":17.43,"b":0.0,"ms":0.99,"wi":81.91,"ei":8.82,"as":546.4,"mi":"E","mv":20193,"sc":1,"lpe":99.01,"lpr":40384.16,"lq":1.0,"d":2598727},{"pi":"424209","pc":"Промышленные товары","ss":500,"td":"Центр города","dc":9,"n":0.0,"vc":"309","sl":"Нормальный","sv":"2","p":19500.0,"q":17.43,"b":0.0,"ms":0.02,"wi":109.29,"ei":6.7,"as":1597.06,"mi":"E","mv":8025,"sc":1,"lpe":99.98,"lpr":25511.42,"lq":1.0,"d":976806},{"pi":"424209","pc":"Промышленные товары","ss":15200,"td":"Спальный район","dc":3,"n":241.88,"vc":"12538","sl":"Элитный","sv":"200","p":30000.0,"q":17.43,"b":0.0,"ms":0.78,"wi":57.01,"ei":11.71,"as":410.0,"mi":"E","mv":25715,"sc":1,"lpe":99.22,"lpr":12440.85,"lq":1.0,"d":2912574},{"pi":"424209","pc":"Промышленные товары","ss":600,"td":"Спальный район","dc":4,"n":276.6,"vc":"648","sl":"Нормальный","sv":"10","p":36800.0,"q":17.43,"b":0.0,"ms":0.54,"wi":96.34,"ei":7.3,"as":643.27,"mi":"E","mv":1863,"sc":1,"lpe":99.46,"lpr":37209.54,"lq":1.0,"d":286767},{"pi":"424209","pc":"Промышленные товары","ss":1000,"td":"Фешенебельный район","dc":3,"n":452.81,"vc":"1197","sl":"Высокий","sv":"107","p":20000.0,"q":5.98,"b":3.33,"ms":1.24,"wi":89.51,"ei":7.06,"as":573.3,"mi":"E","mv":8643,"sc":1,"lpe":98.76,"lpr":27012.89,"lq":1.0,"d":978294},{"pi":"424209","pc":"Промышленные товары","ss":100000,"td":"Центр города","dc":1,"n":456.23,"vc":"234556","sl":"Элитный","sv":"200","p":69999.0,"q":17.43,"b":0.0,"ms":1.22,"wi":51.89,"ei":9.72,"as":380.0,"mi":"E","mv":16339,"sc":1,"lpe":98.78,"lpr":16519.09,"lq":1.0,"d":1850212},{"pi":"424209","pc":"Промышленные товары","ss":12000,"td":"Центр города","dc":1,"n":189.76,"vc":"12584","sl":"Элитный","sv":"200","p":24000.0,"q":17.43,"b":0.0,"ms":0.44,"wi":89.14,"ei":7.05,"as":1247.63,"mi":"E","mv":45039,"sc":1,"lpe":99.56,"lpr":30292.14,"lq":1.0,"d":5900984},{"pi":"424209","pc":"Промышленные товары","ss":170000,"td":"Центр города","dc":1,"n":337.51,"vc":"135879","sl":"Элитный","sv":"3206","p":35000.0,"q":29.53,"b":4.66,"ms":40.84,"wi":62.28,"ei":8.99,"as":967.35,"mi":"E","mv":7850,"sc":1,"lpe":59.16,"lpr":5384.76,"lq":2.42,"d":1023950},{"pi":"424209","pc":"Промышленные товары","ss":1000,"td":"Фешенебельный район","dc":10,"n":165.33,"vc":"250","sl":"Очень высокий","sv":"8","p":20000.0,"q":17.32,"b":0.0,"ms":0.08,"wi":38.84,"ei":6.46,"as":550.2,"mi":"E","mv":10558,"sc":1,"lpe":99.92,"lpr":4722.35,"lq":1.0,"d":1548177},{"pi":"424209","pc":"Промышленные товары","ss":114000,"td":"Центр города","dc":4,"n":351.96,"vc":"109608","sl":"Нормальный","sv":"50","p":25750.0,"q":17.43,"b":0.0,"ms":0.75,"wi":88.01,"ei":6.7,"as":1123.0,"mi":"E","mv":6672,"sc":1,"lpe":99.25,"lpr":28415.43,"lq":1.0,"d":873551},{"pi":"424209","pc":"Промышленные товары","ss":22000,"td":"Центр города","dc":3,"n":341.17,"vc":"31136","sl":"Высокий","sv":"200","p":26000.0,"q":17.43,"b":0.0,"ms":2.8,"wi":88.74,"ei":6.0,"as":1057.94,"mi":"E","mv":7152,"sc":1,"lpe":97.2,"lpr":27960.45,"lq":1.0,"d":930610},{"pi":"424209","pc":"Промышленные товары","ss":10000,"td":"Центр города","dc":1,"n":412.82,"vc":"36912","sl":"Очень высокий","sv":"1000","p":23500.0,"q":17.58,"b":0.88,"ms":6.9,"wi":45.03,"ei":10.64,"as":673.75,"mi":"E","mv":14503,"sc":1,"lpe":93.1,"lpr":5013.53,"lq":1.0,"d":2541514},{"pi":"424209","pc":"Промышленные товары","ss":10000,"td":"Центр города","dc":1,"n":351.93,"vc":"32440","sl":"Высокий","sv":"1700","p":45500.0,"q":17.58,"b":0.88,"ms":4.65,"wi":59.25,"ei":8.02,"as":811.4,"mi":"E","mv":36575,"sc":4,"lpe":94.73,"lpr":15774.63,"lq":1.0,"d":4968783},{"pi":"424209","pc":"Промышленные товары","ss":9000,"td":"Центр города","dc":9,"n":102.01,"vc":"4869","sl":"Нормальный","sv":"200","p":17500.0,"q":17.43,"b":0.88,"ms":0.55,"wi":59.25,"ei":8.02,"as":811.4,"mi":"E","mv":36575,"sc":4,"lpe":94.73,"lpr":15774.63,"lq":1.0,"d":4968783},{"pi":"424209","pc":"Промышленные товары","ss":10000,"td":"Спальный район","dc":7,"n":74.52,"vc":"3128","sl":"Элитный","sv":"26","p":48000.0,"q":17.2,"b":0.88,"ms":0.07,"wi":59.25,"ei":8.02,"as":811.4,"mi":"E","mv":36575,"sc":4,"lpe":94.73,"lpr":15774.63,"lq":1.0,"d":4968783},{"pi":"424209","pc":"Промышленные товары","ss":7300,"td":"Центр города","dc":10,"n":350.08,"vc":"25965","sl":"Очень низкий","sv":"1","p":20000.0,"q":17.43,"b":0.88,"ms":0.0,"wi":59.25,"ei":8.02,"as":811.4,"mi":"E","mv":36575,"sc":4,"lpe":94.73,"lpr":15774.63,"lq":1.0,"d":4968783},{"pi":"424209","pc":"Промышленные товары","ss":9000,"td":"Центр города","dc":2,"n":16.61,"vc":"857","sl":"Элитный","sv":"10","p":90000.0,"q":17.43,"b":0.0,"ms":0.26,"wi":191.47,"ei":9.72,"as":2008.97,"mi":"E","mv":3796,"sc":1,"lpe":99.74,"lpr":71243.21,"lq":1.0,"d":501060},{"pi":"424209","pc":"Промышленные товары","ss":20000,"td":"Фешенебельный район","dc":3,"n":190.15,"vc":"441","sl":"Элитный","sv":"6","p":8500.0,"q":17.0,"b":0.0,"ms":0.49,"wi":60.69,"ei":6.38,"as":669.74,"mi":"E","mv":1220,"sc":1,"lpe":99.51,"lpr":8880.24,"lq":1.0,"d":133316},{"pi":"424209","pc":"Промышленные товары","ss":14000,"td":"Центр города","dc":1,"n":211.33,"vc":"11253","sl":"Элитный","sv":"200","p":53200.0,"q":17.43,"b":0.0,"ms":1.17,"wi":127.75,"ei":7.06,"as":1642.86,"mi":"E","mv":17158,"sc":1,"lpe":98.83,"lpr":59788.99,"lq":1.0,"d":2109186},{"pi":"424209","pc":"Промышленные товары","ss":100000,"td":"Центр города","dc":2,"n":394.46,"vc":"317468","sl":"Очень высокий","sv":"200","p":20000.0,"q":17.43,"b":0.0,"ms":0.3,"wi":40.67,"ei":5.73,"as":513.32,"mi":"E","mv":67020,"sc":1,"lpe":99.7,"lpr":9626.9,"lq":1.0,"d":7527186},{"pi":"424209","pc":"Промышленные товары","ss":66400,"td":"Центр города","dc":1,"n":454.1,"vc":"194084","sl":"Элитный","sv":"200","p":182000.0,"q":17.43,"b":0.0,"ms":2.58,"wi":73.83,"ei":6.3,"as":571.53,"mi":"E","mv":7748,"sc":1,"lpe":97.42,"lpr":28185.79,"lq":1.0,"d":973156},{"pi":"424209","pc":"Промышленные товары","ss":10000,"td":"Центр города","dc":3,"n":41.28,"vc":"797","sl":"Элитный","sv":"18","p":22300.0,"q":17.42,"b":0.0,"ms":0.89,"wi":19.47,"ei":5.91,"as":526.89,"mi":"E","mv":2025,"sc":1,"lpe":99.11,"lpr":4397.01,"lq":1.0,"d":1222279},{"pi":"424209","pc":"Промышленные товары","ss":5300,"td":"Центр города","dc":2,"n":539.68,"vc":"27170","sl":"Нормальный","sv":"10","p":22000.0,"q":17.43,"b":0.0,"ms":0.59,"wi":32.19,"ei":4.64,"as":192.02,"mi":"E","mv":1683,"sc":1,"lpe":99.41,"lpr":4359.62,"lq":1.0,"d":189728},{"pi":"424209","pc":"Промышленные товары","ss":110000,"td":"Центр города","dc":3,"n":284.6,"vc":"95029","sl":"Высокий","sv":"55","p":56000.0,"q":9.07,"b":0.0,"ms":0.05,"wi":39.97,"ei":5.34,"as":208.05,"mi":"E","mv":111074,"sc":1,"lpe":99.95,"lpr":11334.28,"lq":1.0,"d":12982716},{"pi":"424209","pc":"Промышленные товары","ss":100000,"td":"Центр города","dc":2,"n":89.16,"vc":"6923","sl":"Элитный","sv":"1","p":19390.0,"q":16.75,"b":0.0,"ms":0.01,"wi":78.65,"ei":6.43,"as":351.11,"mi":"E","mv":14828,"sc":1,"lpe":99.99,"lpr":25532.08,"lq":1.0,"d":1885836},{"pi":"424209","pc":"Промышленные товары","ss":14000,"td":"Центр города","dc":3,"n":380.08,"vc":"30158","sl":"Нормальный","sv":"25","p":23999.0,"q":17.43,"b":0.0,"ms":0.38,"wi":71.14,"ei":6.0,"as":357.48,"mi":"E","mv":6562,"sc":1,"lpe":99.62,"lpr":26057.17,"lq":1.0,"d":894855},{"pi":"424209","pc":"Промышленные товары","ss":40000,"td":"Спальный район","dc":2,"n":404.7,"vc":"87856","sl":"Очень высокий","sv":"194","p":350000.0,"q":17.15,"b":0.0,"ms":0.98,"wi":116.13,"ei":7.17,"as":2122.22,"mi":"E","mv":19822,"sc":2,"lpe":98.62,"lpr":69039.25,"lq":1.0,"d":2596850},{"pi":"424209","pc":"Промышленные товары","ss":5000,"td":"Центр города","dc":6,"n":69.03,"vc":"1736","sl":"Элитный","sv":"80","p":60000.0,"q":17.43,"b":0.0,"ms":0.4,"wi":116.13,"ei":7.17,"as":2122.22,"mi":"E","mv":19822,"sc":2,"lpe":98.62,"lpr":69039.25,"lq":1.0,"d":2596850},{"pi":"424209","pc":"Промышленные товары","ss":100000,"td":"Центр города","dc":1,"n":554.68,"vc":"1621797","sl":"Нормальный","sv":"9639","p":126000.0,"q":31.98,"b":2.8208486357506,"ms":11.57,"wi":102.86,"ei":10.85,"as":2744.68,"mi":"E","mv":83334,"sc":6,"lpe":87.34,"lpr":25902.45,"lq":5.12,"d":9744630},{"pi":"424209","pc":"Промышленные товары","ss":300000,"td":"Центр города","dc":2,"n":302.37,"vc":"316245","sl":"Элитный","sv":"400","p":90000.0,"q":17.42,"b":0.0,"ms":0.48,"wi":102.86,"ei":10.85,"as":2744.68,"mi":"E","mv":83334,"sc":6,"lpe":87.34,"lpr":25902.45,"lq":5.12,"d":9744630},{"pi":"424209","pc":"Промышленные товары","ss":10000,"td":"Центр города","dc":1,"n":13.97,"vc":"2472","sl":"Элитный","sv":"200","p":36390.25,"q":17.43,"b":0.0,"ms":0.24,"wi":102.86,"ei":10.85,"as":2744.68,"mi":"E","mv":83334,"sc":6,"lpe":87.34,"lpr":25902.45,"lq":5.12,"d":9744630},{"pi":"424209","pc":"Промышленные товары","ss":50000,"td":"Окраина","dc":1,"n":427.36,"vc":"162266","sl":"Элитный","sv":"200","p":25000.0,"q":17.43,"b":0.0,"ms":0.24,"wi":102.86,"ei":10.85,"as":2744.68,"mi":"E","mv":83334,"sc":6,"lpe":87.34,"lpr":25902.45,"lq":5.12,"d":9744630},{"pi":"424209","pc":"Промышленные товары","ss":100000,"td":"Окраина","dc":2,"n":338.79,"vc":"122066","sl":"Очень высокий","sv":"100","p":115000.0,"q":16.5,"b":0.0,"ms":0.12,"wi":102.86,"ei":10.85,"as":2744.68,"mi":"E","mv":83334,"sc":6,"lpe":87.34,"lpr":25902.45,"lq":5.12,"d":9744630},{"pi":"424209","pc":"Промышленные товары","ss":30000,"td":"Центр города","dc":1,"n":145.59,"vc":"17022","sl":"Элитный","sv":"14","p":119999.99,"q":17.0,"b":0.0,"ms":0.02,"wi":102.86,"ei":10.85,"as":2744.68,"mi":"E","mv":83334,"sc":6,"lpe":87.34,"lpr":25902.45,"lq":5.12,"d":9744630},{"pi":"424209","pc":"Промышленные товары","ss":200000,"td":"Центр города","dc":8,"n":447.37,"vc":"240322","sl":"Очень низкий","sv":"200","p":20000.0,"q":17.43,"b":0.0,"ms":6.6,"wi":101.15,"ei":4.2,"as":358.64,"mi":"E","mv":3032,"sc":2,"lpe":89.51,"lpr":24194.25,"lq":3.18,"d":445356},{"pi":"424209","pc":"Промышленные товары","ss":51700,"td":"Фешенебельный район","dc":7,"n":370.75,"vc":"8541","sl":"Элитный","sv":"118","p":115000.0,"q":17.42,"b":0.0,"ms":3.89,"wi":101.15,"ei":4.2,"as":358.64,"mi":"E","mv":3032,"sc":2,"lpe":89.51,"lpr":24194.25,"lq":3.18,"d":445356},{"pi":"424209","pc":"Промышленные товары","ss":1500,"td":"Центр города","dc":1,"n":22.32,"vc":"810","sl":"Элитный","sv":"50","p":20000.0,"q":17.43,"b":0.0,"ms":0.21,"wi":66.45,"ei":6.04,"as":318.0,"mi":"E","mv":23446,"sc":1,"lpe":99.79,"lpr":20438.6,"lq":1.0,"d":2877864},{"pi":"424209","pc":"Промышленные товары","ss":8000,"td":"Центр города","dc":2,"n":339.4,"vc":"11493","sl":"Очень высокий","sv":"200","p":45000.0,"q":17.43,"b":0.0,"ms":2.07,"wi":78.09,"ei":6.42,"as":548.1,"mi":"E","mv":9663,"sc":1,"lpe":97.93,"lpr":25453.8,"lq":1.0,"d":1232684},{"pi":"424209","pc":"Промышленные товары","ss":11000,"td":"Фешенебельный район","dc":5,"n":519.39,"vc":"8205","sl":"Очень высокий","sv":"200","p":30000.0,"q":17.43,"b":0.0,"ms":13.0,"wi":96.46,"ei":8.56,"as":1155.0,"mi":"E","mv":1538,"sc":1,"lpe":87.0,"lpr":21454.74,"lq":4.48,"d":392430},{"pi":"424209","pc":"Промышленные товары","ss":10000,"td":"Центр города","dc":1,"n":407.91,"vc":"12013","sl":"Элитный","sv":"200","p":28000.0,"q":17.43,"b":0.0,"ms":9.98,"wi":72.48,"ei":6.2,"as":316.9,"mi":"E","mv":2004,"sc":1,"lpe":90.02,"lpr":26112.74,"lq":1.01,"d":216434},{"pi":"424209","pc":"Промышленные товары","ss":1000,"td":"Центр города","dc":3,"n":81.46,"vc":"552","sl":"Очень высокий","sv":"60","p":8500.0,"q":5.87,"b":0.0,"ms":1.17,"wi":88.26,"ei":7.25,"as":562.28,"mi":"E","mv":5148,"sc":3,"lpe":98.7,"lpr":26872.64,"lq":1.0,"d":598348},{"pi":"424209","pc":"Промышленные товары","ss":700,"td":"Центр города","dc":5,"n":216.19,"vc":"964","sl":"Низкий","sv":"5","p":35000.0,"q":5.8,"b":0.0,"ms":0.1,"wi":88.26,"ei":7.25,"as":562.28,"mi":"E","mv":5148,"sc":3,"lpe":98.7,"lpr":26872.64,"lq":1.0,"d":598348},{"pi":"424209","pc":"Промышленные товары","ss":1000,"td":"Центр города","dc":3,"n":74.82,"vc":"532","sl":"Низкий","sv":"2","p":15495.0,"q":1.5,"b":0.34,"ms":0.04,"wi":88.26,"ei":7.25,"as":562.28,"mi":"E","mv":5148,"sc":3,"lpe":98.7,"lpr":26872.64,"lq":1.0,"d":598348},{"pi":"424209","pc":"Промышленные товары","ss":600,"td":"Центр города","dc":2,"n":165.91,"vc":"415","sl":"Очень высокий","sv":"13","p":10000.0,"q":1.5,"b":1.08,"ms":1.01,"wi":72.69,"ei":6.62,"as":475.0,"mi":"E","mv":1290,"sc":1,"lpe":98.99,"lpr":16811.82,"lq":1.0,"d":147806},{"pi":"424209","pc":"Промышленные товары","ss":200,"td":"Фешенебельный район","dc":2,"n":37.88,"vc":"17","sl":"Элитный","sv":"9","p":9999.99,"q":5.95,"b":0.0,"ms":0.7,"wi":64.84,"ei":6.72,"as":456.0,"mi":"E","mv":1290,"sc":1,"lpe":99.3,"lpr":16270.85,"lq":1.0,"d":145230},{"pi":"424209","pc":"Промышленные товары","ss":1000,"td":"Центр города","dc":8,"n":415.96,"vc":"1977","sl":"Очень низкий","sv":"6","p":7500.0,"q":5.95,"b":0.0,"ms":0.68,"wi":50.7,"ei":6.73,"as":507.15,"mi":"E","mv":887,"sc":1,"lpe":99.32,"lpr":10037.0,"lq":1.0,"d":104817}]