[{"pi":"422380","pc":"Промышленные товары","ss":100000,"td":"Центр города","dc":3,"n":442.32,"vc":"262134","sl":"Очень высокий","sv":"16345","p":31838.82,"q":26.6,"b":1.71,"ms":22.21,"wi":113.95,"ei":9.48,"as":846.53,"mi":"E","mv":73585,"sc":1,"lpe":77.79,"lpr":12601.43,"lq":1.34,"d":3725150},{"pi":"422380","pc":"Промышленные товары","ss":100000,"td":"Фешенебельный район","dc":1,"n":570.79,"vc":"95535","sl":"Элитный","sv":"86","p":80000.0,"q":23.97,"b":0.208604651162791,"ms":0.2,"wi":111.79,"ei":9.38,"as":485.89,"mi":"E","mv":44093,"sc":1,"lpe":99.8,"lpr":13623.13,"lq":1.0,"d":1379868},{"pi":"422380","pc":"Промышленные товары","ss":100000,"td":"Центр города","dc":1,"n":638.75,"vc":"1280833","sl":"Низкий","sv":"636","p":80000.0,"q":24.81,"b":0.0158805031446541,"ms":8.17,"wi":86.76,"ei":10.0,"as":400.1,"mi":"E","mv":7782,"sc":1,"lpe":91.83,"lpr":17949.83,"lq":1.0,"d":1569734},{"pi":"422380","pc":"Промышленные товары","ss":10000,"td":"Фешенебельный район","dc":1,"n":113.9,"vc":"97","sl":"Элитный","sv":"18","p":34000.0,"q":16.8,"b":0.0,"ms":7.32,"wi":30.68,"ei":8.56,"as":314.79,"mi":"E","mv":246,"sc":1,"lpe":92.68,"lpr":9129.95,"lq":1.0,"d":184259},{"pi":"422380","pc":"Промышленные товары","ss":100000,"td":"Фешенебельный район","dc":1,"n":683.07,"vc":"255188","sl":"Элитный","sv":"100","p":70000.0,"q":20.04,"b":0.0,"ms":0.56,"wi":82.5,"ei":10.06,"as":577.84,"mi":"E","mv":17888,"sc":1,"lpe":99.44,"lpr":11640.89,"lq":1.0,"d":1232935},{"pi":"422380","pc":"Промышленные товары","ss":100000,"td":"Фешенебельный район","dc":1,"n":696.29,"vc":"365792","sl":"Элитный","sv":"1335","p":21700.0,"q":23.56,"b":4.81,"ms":8.88,"wi":108.89,"ei":6.9,"as":793.8,"mi":"E","mv":15028,"sc":1,"lpe":91.12,"lpr":4639.57,"lq":1.03,"d":638590},{"pi":"422380","pc":"Промышленные товары","ss":200000,"td":"Фешенебельный район","dc":1,"n":689.16,"vc":"876248","sl":"Элитный","sv":"2744","p":52680.0,"q":19.39,"b":0.0,"ms":12.63,"wi":138.85,"ei":7.1,"as":871.5,"mi":"E","mv":21724,"sc":1,"lpe":87.37,"lpr":12405.51,"lq":2.92,"d":995186},{"pi":"422380","pc":"Промышленные товары","ss":100000,"td":"Фешенебельный район","dc":1,"n":693.44,"vc":"283408","sl":"Элитный","sv":"898","p":20370.0,"q":19.38,"b":0.0,"ms":12.34,"wi":126.51,"ei":6.93,"as":840.0,"mi":"E","mv":7278,"sc":1,"lpe":87.66,"lpr":4793.71,"lq":1.13,"d":340778},{"pi":"422380","pc":"Промышленные товары","ss":100000,"td":"Фешенебельный район","dc":1,"n":693.89,"vc":"280960","sl":"Элитный","sv":"1243","p":22430.0,"q":23.54,"b":4.81,"ms":17.74,"wi":116.11,"ei":6.51,"as":850.5,"mi":"E","mv":7006,"sc":1,"lpe":82.26,"lpr":4766.79,"lq":1.04,"d":381446},{"pi":"422380","pc":"Промышленные товары","ss":100000,"td":"Центр города","dc":1,"n":470.52,"vc":"296288","sl":"Элитный","sv":"3000","p":11000.0,"q":22.47,"b":4.48,"ms":11.78,"wi":139.54,"ei":10.22,"as":506.56,"mi":"E","mv":25463,"sc":2,"lpe":77.84,"lpr":2893.15,"lq":1.04,"d":764647},{"pi":"422380","pc":"Промышленные товары","ss":300000,"td":"Фешенебельный район","dc":1,"n":688.26,"vc":"818434","sl":"Элитный","sv":"2643","p":13130.0,"q":23.52,"b":0.98,"ms":10.38,"wi":139.54,"ei":10.22,"as":506.56,"mi":"E","mv":25463,"sc":2,"lpe":77.84,"lpr":2893.15,"lq":1.04,"d":764647},{"pi":"422380","pc":"Промышленные товары","ss":100000,"td":"Центр города","dc":1,"n":385.72,"vc":"131491","sl":"Элитный","sv":"41","p":45000.0,"q":22.14,"b":0.45,"ms":0.08,"wi":118.08,"ei":8.66,"as":606.26,"mi":"E","mv":50602,"sc":1,"lpe":99.92,"lpr":11637.06,"lq":1.0,"d":2622029},{"pi":"422380","pc":"Промышленные товары","ss":100000,"td":"Центр города","dc":1,"n":684.97,"vc":"2833343","sl":"Низкий","sv":"66","p":91500.0,"q":26.46,"b":0.021969696969697,"ms":0.18,"wi":59.47,"ei":10.9,"as":441.22,"mi":"E","mv":36962,"sc":1,"lpe":99.82,"lpr":19916.41,"lq":1.0,"d":4261006},{"pi":"422380","pc":"Промышленные товары","ss":300000,"td":"Фешенебельный район","dc":1,"n":661.58,"vc":"838641","sl":"Элитный","sv":"5062","p":16570.0,"q":23.56,"b":3.95,"ms":14.69,"wi":100.92,"ei":14.67,"as":748.6,"mi":"E","mv":34466,"sc":1,"lpe":85.31,"lpr":4874.81,"lq":1.1,"d":2234589},{"pi":"422380","pc":"Промышленные товары","ss":10000,"td":"Фешенебельный район","dc":1,"n":629.37,"vc":"17560","sl":"Элитный","sv":"685","p":18120.0,"q":23.52,"b":2.88,"ms":12.53,"wi":59.5,"ei":10.64,"as":307.4,"mi":"E","mv":5465,"sc":2,"lpe":85.64,"lpr":3739.79,"lq":1.0,"d":581719},{"pi":"422380","pc":"Промышленные товары","ss":10000,"td":"Фешенебельный район","dc":1,"n":662.34,"vc":"22408","sl":"Элитный","sv":"100","p":7000.0,"q":22.58,"b":2.24,"ms":1.83,"wi":59.5,"ei":10.64,"as":307.4,"mi":"E","mv":5465,"sc":2,"lpe":85.64,"lpr":3739.79,"lq":1.0,"d":581719},{"pi":"422380","pc":"Промышленные товары","ss":1000,"td":"Центр города","dc":1,"n":351.78,"vc":"1994","sl":"Очень высокий","sv":"4","p":105000.0,"q":27.98,"b":0.0,"ms":0.15,"wi":145.59,"ei":6.3,"as":442.36,"mi":"E","mv":2676,"sc":1,"lpe":99.85,"lpr":21081.26,"lq":1.0,"d":94767},{"pi":"422380","pc":"Промышленные товары","ss":100000,"td":"Фешенебельный район","dc":1,"n":695.83,"vc":"259062","sl":"Элитный","sv":"576","p":21680.0,"q":19.39,"b":0.0,"ms":10.93,"wi":110.91,"ei":6.62,"as":808.5,"mi":"E","mv":5268,"sc":1,"lpe":89.07,"lpr":4826.8,"lq":1.3,"d":515405},{"pi":"422380","pc":"Промышленные товары","ss":10000,"td":"Фешенебельный район","dc":1,"n":695.81,"vc":"24634","sl":"Элитный","sv":"1257","p":9499.0,"q":23.51,"b":0.35,"ms":17.74,"wi":70.82,"ei":8.74,"as":488.88,"mi":"E","mv":7086,"sc":1,"lpe":82.26,"lpr":1463.52,"lq":1.15,"d":315295},{"pi":"422380","pc":"Промышленные товары","ss":1000,"td":"Центр города","dc":1,"n":114.86,"vc":"420","sl":"Элитный","sv":"6","p":61856.44,"q":27.06,"b":0.0,"ms":0.2,"wi":128.5,"ei":6.72,"as":534.71,"mi":"E","mv":2984,"sc":1,"lpe":99.8,"lpr":17083.81,"lq":1.0,"d":159666},{"pi":"422380","pc":"Промышленные товары","ss":1000,"td":"Центр города","dc":1,"n":112.16,"vc":"462","sl":"Элитный","sv":"1","p":61975.78,"q":27.07,"b":0.0,"ms":0.02,"wi":162.72,"ei":7.14,"as":518.83,"mi":"E","mv":5352,"sc":1,"lpe":99.98,"lpr":23421.22,"lq":1.0,"d":219018},{"pi":"422380","pc":"Промышленные товары","ss":1000,"td":"Спальный район","dc":1,"n":191.14,"vc":"889","sl":"Элитный","sv":"300","p":24500.0,"q":17.98,"b":0.0,"ms":1.3,"wi":182.64,"ei":7.14,"as":561.83,"mi":"E","mv":23109,"sc":2,"lpe":98.67,"lpr":34599.82,"lq":1.0,"d":908124},{"pi":"422380","pc":"Промышленные товары","ss":1000,"td":"Центр города","dc":1,"n":96.0,"vc":"693","sl":"Элитный","sv":"8","p":61976.28,"q":27.12,"b":0.0,"ms":0.03,"wi":182.64,"ei":7.14,"as":561.83,"mi":"E","mv":23109,"sc":2,"lpe":98.67,"lpr":34599.82,"lq":1.0,"d":908124},{"pi":"422380","pc":"Промышленные товары","ss":100000,"td":"Фешенебельный район","dc":1,"n":704.02,"vc":"603162","sl":"Очень высокий","sv":"6198","p":18210.0,"q":23.56,"b":3.77,"ms":12.24,"wi":70.45,"ei":5.57,"as":417.65,"mi":"E","mv":50617,"sc":2,"lpe":87.63,"lpr":3703.92,"lq":1.04,"d":2155710},{"pi":"422380","pc":"Промышленные товары","ss":100000,"td":"Центр города","dc":1,"n":389.01,"vc":"129652","sl":"Элитный","sv":"65","p":20000.0,"q":22.1,"b":0.67,"ms":0.13,"wi":70.45,"ei":5.57,"as":417.65,"mi":"E","mv":50617,"sc":2,"lpe":87.63,"lpr":3703.92,"lq":1.04,"d":2155710},{"pi":"422380","pc":"Промышленные товары","ss":1000,"td":"Центр города","dc":1,"n":159.79,"vc":"808","sl":"Очень высокий","sv":"13","p":15002.0,"q":22.68,"b":1.0,"ms":0.05,"wi":63.09,"ei":6.79,"as":604.49,"mi":"E","mv":23898,"sc":1,"lpe":99.95,"lpr":9557.3,"lq":1.0,"d":985116},{"pi":"422380","pc":"Промышленные товары","ss":1000,"td":"Фешенебельный район","dc":1,"n":584.07,"vc":"1959","sl":"Очень высокий","sv":"4","p":77000.0,"q":24.94,"b":0.8875,"ms":0.03,"wi":110.7,"ei":8.09,"as":1137.21,"mi":"E","mv":13747,"sc":1,"lpe":99.97,"lpr":9029.27,"lq":1.0,"d":482750},{"pi":"422380","pc":"Промышленные товары","ss":100000,"td":"Фешенебельный район","dc":1,"n":542.78,"vc":"92806","sl":"Элитный","sv":"3000","p":27000.0,"q":20.04,"b":0.0,"ms":13.09,"wi":83.74,"ei":7.13,"as":439.98,"mi":"E","mv":22913,"sc":2,"lpe":86.86,"lpr":14897.88,"lq":3.06,"d":2742310},{"pi":"422380","pc":"Промышленные товары","ss":100000,"td":"Центр города","dc":1,"n":371.24,"vc":"178342","sl":"Элитный","sv":"10","p":60000.0,"q":27.98,"b":0.0,"ms":0.04,"wi":83.74,"ei":7.13,"as":439.98,"mi":"E","mv":22913,"sc":2,"lpe":86.86,"lpr":14897.88,"lq":3.06,"d":2742310},{"pi":"422380","pc":"Промышленные товары","ss":100000,"td":"Центр города","dc":1,"n":491.07,"vc":"443526","sl":"Элитный","sv":"3060","p":50000.0,"q":22.47,"b":4.35,"ms":5.35,"wi":113.04,"ei":8.54,"as":476.48,"mi":"E","mv":57162,"sc":1,"lpe":94.65,"lpr":12001.31,"lq":1.0,"d":1376961},{"pi":"422380","pc":"Промышленные товары","ss":100000,"td":"Центр города","dc":1,"n":481.11,"vc":"197632","sl":"Элитный","sv":"40","p":51000.0,"q":22.3,"b":0.67,"ms":0.92,"wi":41.94,"ei":4.01,"as":428.85,"mi":"E","mv":4349,"sc":1,"lpe":99.08,"lpr":9122.5,"lq":1.0,"d":572524},{"pi":"422380","pc":"Промышленные товары","ss":200000,"td":"Центр города","dc":2,"n":426.33,"vc":"508588","sl":"Нормальный","sv":"6165","p":97000.0,"q":25.54,"b":2.22587510137875,"ms":4.56,"wi":133.84,"ei":10.12,"as":1138.38,"mi":"E","mv":135226,"sc":3,"lpe":95.24,"lpr":28602.76,"lq":1.0,"d":7087010},{"pi":"422380","pc":"Промышленные товары","ss":200000,"td":"Фешенебельный район","dc":1,"n":493.14,"vc":"152869","sl":"Элитный","sv":"200","p":130000.0,"q":34.18,"b":2.02,"ms":0.15,"wi":133.84,"ei":10.12,"as":1138.38,"mi":"E","mv":135226,"sc":3,"lpe":95.24,"lpr":28602.76,"lq":1.0,"d":7087010},{"pi":"422380","pc":"Промышленные товары","ss":100000,"td":"Фешенебельный район","dc":1,"n":133.1,"vc":"2518","sl":"Элитный","sv":"65","p":100000.0,"q":28.11,"b":3.5,"ms":0.05,"wi":133.84,"ei":10.12,"as":1138.38,"mi":"E","mv":135226,"sc":3,"lpe":95.24,"lpr":28602.76,"lq":1.0,"d":7087010},{"pi":"422380","pc":"Промышленные товары","ss":100000,"td":"Фешенебельный район","dc":1,"n":135.44,"vc":"1717","sl":"Элитный","sv":"3","p":120000.0,"q":27.91,"b":3.5,"ms":0.0,"wi":150.46,"ei":9.22,"as":844.62,"mi":"E","mv":71241,"sc":1,"lpe":100.0,"lpr":27667.16,"lq":1.0,"d":2224798},{"pi":"422380","pc":"Промышленные товары","ss":300000,"td":"Фешенебельный район","dc":1,"n":713.99,"vc":"1063968","sl":"Элитный","sv":"2147","p":75000.0,"q":32.56,"b":0.36,"ms":2.39,"wi":272.68,"ei":8.68,"as":904.39,"mi":"E","mv":89768,"sc":2,"lpe":97.6,"lpr":17004.02,"lq":1.0,"d":2542664},{"pi":"422380","pc":"Промышленные товары","ss":200000,"td":"Центр города","dc":2,"n":472.72,"vc":"575664","sl":"Нормальный","sv":"5","p":95000.0,"q":25.97,"b":1.4,"ms":0.01,"wi":272.68,"ei":8.68,"as":904.39,"mi":"E","mv":89768,"sc":2,"lpe":97.6,"lpr":17004.02,"lq":1.0,"d":2542664},{"pi":"422380","pc":"Промышленные товары","ss":100000,"td":"Фешенебельный район","dc":9,"n":520.29,"vc":"86604","sl":"Очень высокий","sv":"56","p":200000.0,"q":34.17,"b":2.02,"ms":0.13,"wi":158.19,"ei":10.48,"as":1309.04,"mi":"E","mv":43851,"sc":1,"lpe":99.87,"lpr":38589.26,"lq":1.0,"d":1310736},{"pi":"422380","pc":"Промышленные товары","ss":100000,"td":"Фешенебельный район","dc":1,"n":737.7,"vc":"269209","sl":"Элитный","sv":"14","p":300000.0,"q":31.89,"b":1.56,"ms":1.79,"wi":41.87,"ei":7.57,"as":211.08,"mi":"E","mv":784,"sc":1,"lpe":98.21,"lpr":41362.84,"lq":1.0,"d":563916},{"pi":"422380","pc":"Промышленные товары","ss":100000,"td":"Фешенебельный район","dc":1,"n":628.51,"vc":"178435","sl":"Очень высокий","sv":"96","p":70000.0,"q":27.09,"b":1.77260416666667,"ms":0.41,"wi":101.28,"ei":9.04,"as":523.24,"mi":"E","mv":23544,"sc":1,"lpe":99.59,"lpr":22325.45,"lq":1.0,"d":1683757},{"pi":"422380","pc":"Промышленные товары","ss":100000,"td":"Фешенебельный район","dc":1,"n":429.12,"vc":"24300","sl":"Элитный","sv":"2076","p":30000.0,"q":27.98,"b":0.0,"ms":5.5,"wi":106.33,"ei":8.51,"as":544.68,"mi":"E","mv":37712,"sc":2,"lpe":93.2,"lpr":10492.95,"lq":1.0,"d":1353480},{"pi":"422380","pc":"Промышленные товары","ss":100000,"td":"Фешенебельный район","dc":1,"n":587.85,"vc":"111813","sl":"Элитный","sv":"488","p":37647.68,"q":20.11,"b":0.0,"ms":1.29,"wi":106.33,"ei":8.51,"as":544.68,"mi":"E","mv":37712,"sc":2,"lpe":93.2,"lpr":10492.95,"lq":1.0,"d":1353480},{"pi":"422380","pc":"Промышленные товары","ss":100000,"td":"Фешенебельный район","dc":1,"n":569.66,"vc":"128819","sl":"Высокий","sv":"1000","p":54000.0,"q":20.04,"b":0.0,"ms":1.28,"wi":120.36,"ei":11.52,"as":869.1,"mi":"E","mv":78219,"sc":1,"lpe":98.72,"lpr":26360.54,"lq":1.0,"d":3343500},{"pi":"422380","pc":"Промышленные товары","ss":250000,"td":"Центр города","dc":10,"n":555.89,"vc":"988742","sl":"Низкий","sv":"135","p":60000.0,"q":27.94,"b":0.0,"ms":3.32,"wi":109.14,"ei":5.4,"as":490.3,"mi":"E","mv":4065,"sc":1,"lpe":96.68,"lpr":18657.44,"lq":1.0,"d":243658},{"pi":"422380","pc":"Промышленные товары","ss":300000,"td":"Фешенебельный район","dc":1,"n":703.19,"vc":"1499760","sl":"Элитный","sv":"4628","p":75000.0,"q":32.54,"b":4.51,"ms":4.13,"wi":97.4,"ei":7.67,"as":500.44,"mi":"E","mv":112014,"sc":3,"lpe":92.12,"lpr":24737.29,"lq":1.0,"d":9120796},{"pi":"422380","pc":"Промышленные товары","ss":100000,"td":"Центр города","dc":1,"n":429.89,"vc":"318222","sl":"Элитный","sv":"4100","p":64908.96,"q":20.51,"b":2.25987804878049,"ms":3.66,"wi":97.4,"ei":7.67,"as":500.44,"mi":"E","mv":112014,"sc":3,"lpe":92.12,"lpr":24737.29,"lq":1.0,"d":9120796},{"pi":"422380","pc":"Промышленные товары","ss":100000,"td":"Центр города","dc":1,"n":392.0,"vc":"331600","sl":"Элитный","sv":"100","p":94500.0,"q":27.93,"b":4.42,"ms":0.09,"wi":97.4,"ei":7.67,"as":500.44,"mi":"E","mv":112014,"sc":3,"lpe":92.12,"lpr":24737.29,"lq":1.0,"d":9120796},{"pi":"422380","pc":"Промышленные товары","ss":10000,"td":"Фешенебельный район","dc":2,"n":637.99,"vc":"9470","sl":"Элитный","sv":"1","p":9022.89,"q":26.6,"b":1.9,"ms":0.0,"wi":28.18,"ei":10.56,"as":814.97,"mi":"E","mv":24739,"sc":1,"lpe":100.0,"lpr":4522.75,"lq":1.0,"d":1335863},{"pi":"422380","pc":"Промышленные товары","ss":100000,"td":"Фешенебельный район","dc":1,"n":135.48,"vc":"1382","sl":"Элитный","sv":"1","p":140000.0,"q":27.17,"b":1.23,"ms":0.0,"wi":128.49,"ei":11.47,"as":1034.0,"mi":"E","mv":30438,"sc":1,"lpe":100.0,"lpr":30824.14,"lq":1.0,"d":1195907},{"pi":"422380","pc":"Промышленные товары","ss":120000,"td":"Центр города","dc":7,"n":424.31,"vc":"391288","sl":"Низкий","sv":"3040","p":130000.0,"q":28.1,"b":5.02,"ms":2.79,"wi":93.19,"ei":7.44,"as":591.34,"mi":"E","mv":109031,"sc":1,"lpe":97.21,"lpr":42204.58,"lq":1.0,"d":12407402},{"pi":"422380","pc":"Промышленные товары","ss":10000,"td":"Фешенебельный район","dc":1,"n":626.78,"vc":"11500","sl":"Элитный","sv":"583","p":10180.0,"q":23.51,"b":0.0,"ms":12.03,"wi":68.68,"ei":5.05,"as":314.47,"mi":"E","mv":4846,"sc":1,"lpe":87.97,"lpr":1652.3,"lq":1.0,"d":165607},{"pi":"422380","pc":"Промышленные товары","ss":11000,"td":"Спальный район","dc":1,"n":211.06,"vc":"6351","sl":"Элитный","sv":"283","p":240000.0,"q":34.08,"b":1.38,"ms":6.1,"wi":111.51,"ei":21.28,"as":1468.66,"mi":"E","mv":4638,"sc":2,"lpe":93.88,"lpr":107163.24,"lq":1.0,"d":1378830},{"pi":"422380","pc":"Промышленные товары","ss":500,"td":"Центр города","dc":5,"n":65.21,"vc":"487","sl":"Нормальный","sv":"1","p":80000.0,"q":16.81,"b":0.0,"ms":0.02,"wi":111.51,"ei":21.28,"as":1468.66,"mi":"E","mv":4638,"sc":2,"lpe":93.88,"lpr":107163.24,"lq":1.0,"d":1378830},{"pi":"422380","pc":"Промышленные товары","ss":100000,"td":"Центр города","dc":1,"n":553.29,"vc":"423716","sl":"Элитный","sv":"500","p":25000.0,"q":22.58,"b":0.29,"ms":3.33,"wi":97.97,"ei":9.7,"as":321.56,"mi":"E","mv":15031,"sc":1,"lpe":96.67,"lpr":8071.74,"lq":1.0,"d":864442},{"pi":"422380","pc":"Промышленные товары","ss":100000,"td":"Фешенебельный район","dc":1,"n":662.41,"vc":"348142","sl":"Элитный","sv":"8824","p":27840.0,"q":22.01,"b":0.0,"ms":15.15,"wi":165.4,"ei":7.13,"as":2149.24,"mi":"E","mv":58237,"sc":2,"lpe":84.84,"lpr":11005.33,"lq":2.67,"d":1406244},{"pi":"422380","pc":"Промышленные товары","ss":100000,"td":"Центр города","dc":1,"n":419.43,"vc":"224361","sl":"Элитный","sv":"2","p":55000.0,"q":26.3,"b":0.0,"ms":0.0,"wi":165.4,"ei":7.13,"as":2149.24,"mi":"E","mv":58237,"sc":2,"lpe":84.84,"lpr":11005.33,"lq":2.67,"d":1406244},{"pi":"422380","pc":"Промышленные товары","ss":50000,"td":"Фешенебельный район","dc":1,"n":645.63,"vc":"100028","sl":"Элитный","sv":"200","p":200000.0,"q":34.17,"b":2.64,"ms":2.09,"wi":154.13,"ei":11.52,"as":2054.36,"mi":"E","mv":9552,"sc":1,"lpe":97.91,"lpr":54217.24,"lq":1.0,"d":503226},{"pi":"422380","pc":"Промышленные товары","ss":1000,"td":"Фешенебельный район","dc":1,"n":512.15,"vc":"1192","sl":"Элитный","sv":"1000","p":22550.0,"q":23.52,"b":5.61,"ms":11.09,"wi":133.02,"ei":7.62,"as":987.11,"mi":"E","mv":9014,"sc":1,"lpe":88.91,"lpr":4569.98,"lq":1.0,"d":372511},{"pi":"422380","pc":"Промышленные товары","ss":100000,"td":"Фешенебельный район","dc":1,"n":688.79,"vc":"166599","sl":"Элитный","sv":"354","p":11940.0,"q":23.52,"b":0.53,"ms":10.26,"wi":95.56,"ei":5.12,"as":415.57,"mi":"E","mv":3450,"sc":1,"lpe":89.74,"lpr":1607.74,"lq":1.12,"d":162355},{"pi":"422380","pc":"Промышленные товары","ss":100000,"td":"Фешенебельный район","dc":1,"n":673.53,"vc":"193875","sl":"Элитный","sv":"700","p":23020.0,"q":23.52,"b":9.11,"ms":11.73,"wi":67.0,"ei":9.33,"as":237.09,"mi":"E","mv":5966,"sc":1,"lpe":88.27,"lpr":4010.14,"lq":1.04,"d":428914},{"pi":"422380","pc":"Промышленные товары","ss":100000,"td":"Фешенебельный район","dc":4,"n":388.02,"vc":"12542","sl":"Элитный","sv":"202","p":88200.0,"q":17.78,"b":0.0,"ms":0.86,"wi":168.6,"ei":9.86,"as":985.77,"mi":"E","mv":23565,"sc":1,"lpe":99.14,"lpr":26707.54,"lq":1.0,"d":632544},{"pi":"422380","pc":"Промышленные товары","ss":100000,"td":"Фешенебельный район","dc":2,"n":399.47,"vc":"39387","sl":"Элитный","sv":"1000","p":97500.0,"q":27.93,"b":3.2538,"ms":0.84,"wi":107.91,"ei":9.57,"as":960.1,"mi":"E","mv":118724,"sc":3,"lpe":98.76,"lpr":31632.02,"lq":1.0,"d":3814070},{"pi":"422380","pc":"Промышленные товары","ss":100000,"td":"Фешенебельный район","dc":1,"n":517.4,"vc":"122420","sl":"Элитный","sv":"300","p":150000.0,"q":34.17,"b":2.64,"ms":0.25,"wi":107.91,"ei":9.57,"as":960.1,"mi":"E","mv":118724,"sc":3,"lpe":98.76,"lpr":31632.02,"lq":1.0,"d":3814070},{"pi":"422380","pc":"Промышленные товары","ss":200000,"td":"Центр города","dc":2,"n":456.88,"vc":"562621","sl":"Высокий","sv":"170","p":173580.0,"q":27.81,"b":3.22,"ms":0.14,"wi":107.91,"ei":9.57,"as":960.1,"mi":"E","mv":118724,"sc":3,"lpe":98.76,"lpr":31632.02,"lq":1.0,"d":3814070},{"pi":"422380","pc":"Промышленные товары","ss":100000,"td":"Спальный район","dc":9,"n":717.53,"vc":"2280035","sl":"Очень низкий","sv":"326","p":99761.11,"q":16.81,"b":0.0,"ms":4.4,"wi":57.51,"ei":14.58,"as":886.97,"mi":"E","mv":7417,"sc":1,"lpe":95.6,"lpr":32280.9,"lq":1.0,"d":2266323},{"pi":"422380","pc":"Промышленные товары","ss":100000,"td":"Фешенебельный район","dc":1,"n":698.21,"vc":"247798","sl":"Элитный","sv":"437","p":21780.0,"q":19.38,"b":0.0,"ms":10.06,"wi":115.33,"ei":9.03,"as":950.0,"mi":"E","mv":4346,"sc":1,"lpe":89.94,"lpr":4909.39,"lq":1.07,"d":295016},{"pi":"422380","pc":"Промышленные товары","ss":1000,"td":"Фешенебельный район","dc":1,"n":543.69,"vc":"2330","sl":"Очень высокий","sv":"1400","p":46890.0,"q":23.52,"b":4.0,"ms":4.2,"wi":158.14,"ei":15.07,"as":1172.43,"mi":"E","mv":33313,"sc":2,"lpe":95.05,"lpr":9853.88,"lq":1.0,"d":1517207},{"pi":"422380","pc":"Промышленные товары","ss":1000,"td":"Центр города","dc":1,"n":286.3,"vc":"2426","sl":"Очень высокий","sv":"250","p":38000.0,"q":24.23,"b":1.65,"ms":0.75,"wi":158.14,"ei":15.07,"as":1172.43,"mi":"E","mv":33313,"sc":2,"lpe":95.05,"lpr":9853.88,"lq":1.0,"d":1517207},{"pi":"422380","pc":"Промышленные товары","ss":100000,"td":"Фешенебельный район","dc":1,"n":667.62,"vc":"260547","sl":"Элитный","sv":"125","p":130000.0,"q":34.17,"b":2.02,"ms":0.59,"wi":184.23,"ei":9.21,"as":493.25,"mi":"E","mv":21200,"sc":1,"lpe":99.41,"lpr":22591.76,"lq":1.0,"d":532426},{"pi":"422380","pc":"Промышленные товары","ss":100000,"td":"Фешенебельный район","dc":1,"n":658.99,"vc":"645028","sl":"Очень высокий","sv":"20000","p":15930.0,"q":23.56,"b":3.4,"ms":7.66,"wi":227.93,"ei":9.85,"as":6341.25,"mi":"E","mv":261202,"sc":1,"lpe":92.34,"lpr":14921.89,"lq":1.0,"d":8998080},{"pi":"422380","pc":"Промышленные товары","ss":10000,"td":"Фешенебельный район","dc":1,"n":355.76,"vc":"4748","sl":"Элитный","sv":"10","p":187000.0,"q":27.98,"b":0.28,"ms":0.03,"wi":107.3,"ei":8.94,"as":307.26,"mi":"E","mv":31042,"sc":2,"lpe":99.96,"lpr":46808.87,"lq":1.0,"d":3467021},{"pi":"422380","pc":"Промышленные товары","ss":500,"td":"Спальный район","dc":1,"n":4.68,"vc":"361","sl":"Элитный","sv":"2","p":80000.0,"q":27.98,"b":0.28,"ms":0.01,"wi":107.3,"ei":8.94,"as":307.26,"mi":"E","mv":31042,"sc":2,"lpe":99.96,"lpr":46808.87,"lq":1.0,"d":3467021},{"pi":"422380","pc":"Промышленные товары","ss":300000,"td":"Фешенебельный район","dc":1,"n":674.24,"vc":"1148606","sl":"Элитный","sv":"7311","p":65990.0,"q":29.16,"b":0.0,"ms":11.32,"wi":194.23,"ei":10.4,"as":1210.0,"mi":"E","mv":64591,"sc":3,"lpe":84.0,"lpr":16492.42,"lq":3.31,"d":2958984},{"pi":"422380","pc":"Промышленные товары","ss":100000,"td":"Центр города","dc":1,"n":448.47,"vc":"384856","sl":"Элитный","sv":"3024","p":19850.0,"q":18.47,"b":0.12,"ms":4.68,"wi":194.23,"ei":10.4,"as":1210.0,"mi":"E","mv":64591,"sc":3,"lpe":84.0,"lpr":16492.42,"lq":3.31,"d":2958984},{"pi":"422380","pc":"Промышленные товары","ss":100000,"td":"Центр города","dc":1,"n":381.42,"vc":"201972","sl":"Очень высокий","sv":"1","p":90000.0,"q":16.52,"b":0.0,"ms":0.0,"wi":194.23,"ei":10.4,"as":1210.0,"mi":"E","mv":64591,"sc":3,"lpe":84.0,"lpr":16492.42,"lq":3.31,"d":2958984},{"pi":"422380","pc":"Промышленные товары","ss":100000,"td":"Фешенебельный район","dc":1,"n":694.78,"vc":"297474","sl":"Элитный","sv":"860","p":20520.0,"q":19.38,"b":0.0,"ms":10.04,"wi":139.56,"ei":8.89,"as":1100.0,"mi":"E","mv":8567,"sc":1,"lpe":89.96,"lpr":4869.07,"lq":1.31,"d":412971},{"pi":"422380","pc":"Промышленные товары","ss":10000,"td":"Центр города","dc":1,"n":513.34,"vc":"31523","sl":"Очень высокий","sv":"50","p":50000.0,"q":22.3,"b":0.8,"ms":0.66,"wi":44.0,"ei":5.29,"as":719.96,"mi":"E","mv":7524,"sc":1,"lpe":99.34,"lpr":7258.75,"lq":1.0,"d":599068},{"pi":"422380","pc":"Промышленные товары","ss":100000,"td":"Центр города","dc":1,"n":472.61,"vc":"189846","sl":"Элитный","sv":"192","p":62000.0,"q":22.24,"b":0.8,"ms":11.82,"wi":59.35,"ei":5.67,"as":728.13,"mi":"E","mv":1625,"sc":2,"lpe":87.75,"lpr":8583.26,"lq":1.69,"d":761669},{"pi":"422380","pc":"Промышленные товары","ss":10000,"td":"Фешенебельный район","dc":1,"n":216.64,"vc":"642","sl":"Элитный","sv":"7","p":60000.0,"q":27.86,"b":0.0,"ms":0.43,"wi":59.35,"ei":5.67,"as":728.13,"mi":"E","mv":1625,"sc":2,"lpe":87.75,"lpr":8583.26,"lq":1.69,"d":761669},{"pi":"422380","pc":"Промышленные товары","ss":300000,"td":"Фешенебельный район","dc":1,"n":703.49,"vc":"578200","sl":"Элитный","sv":"123","p":80808.08,"q":26.56,"b":4.89,"ms":2.29,"wi":163.82,"ei":11.63,"as":561.77,"mi":"E","mv":5364,"sc":1,"lpe":97.71,"lpr":14712.63,"lq":1.0,"d":223078},{"pi":"422380","pc":"Промышленные товары","ss":10000,"td":"Фешенебельный район","dc":1,"n":685.54,"vc":"18462","sl":"Элитный","sv":"302","p":11440.0,"q":23.52,"b":6.76,"ms":12.94,"wi":73.96,"ei":8.27,"as":1215.94,"mi":"E","mv":2334,"sc":1,"lpe":87.06,"lpr":2212.7,"lq":1.02,"d":148490},{"pi":"422380","pc":"Промышленные товары","ss":1000,"td":"Фешенебельный район","dc":1,"n":525.37,"vc":"2336","sl":"Очень высокий","sv":"2016","p":30500.0,"q":23.51,"b":0.0,"ms":2.06,"wi":125.2,"ei":8.1,"as":460.75,"mi":"E","mv":97781,"sc":1,"lpe":97.94,"lpr":9204.81,"lq":1.0,"d":2610586},{"pi":"422380","pc":"Промышленные товары","ss":100000,"td":"Фешенебельный район","dc":1,"n":733.36,"vc":"166086","sl":"Элитный","sv":"169","p":50000.0,"q":32.56,"b":0.0,"ms":6.81,"wi":210.68,"ei":7.1,"as":1405.22,"mi":"E","mv":2483,"sc":1,"lpe":93.19,"lpr":10425.17,"lq":1.0,"d":101671},{"pi":"422380","pc":"Промышленные товары","ss":200,"td":"Окраина","dc":1,"n":96.65,"vc":"92","sl":"Элитный","sv":"3","p":26818.73,"q":17.98,"b":0.0,"ms":0.08,"wi":142.13,"ei":6.93,"as":561.19,"mi":"E","mv":3856,"sc":2,"lpe":99.9,"lpr":19998.46,"lq":1.0,"d":157646},{"pi":"422380","pc":"Промышленные товары","ss":1000,"td":"Центр города","dc":1,"n":116.06,"vc":"421","sl":"Элитный","sv":"1","p":61979.28,"q":27.06,"b":0.0,"ms":0.03,"wi":142.13,"ei":6.93,"as":561.19,"mi":"E","mv":3856,"sc":2,"lpe":99.9,"lpr":19998.46,"lq":1.0,"d":157646},{"pi":"422380","pc":"Промышленные товары","ss":1000,"td":"Фешенебельный район","dc":1,"n":640.34,"vc":"2796","sl":"Очень высокий","sv":"1388","p":50000.0,"q":22.58,"b":1.06,"ms":10.12,"wi":166.71,"ei":6.9,"as":540.01,"mi":"E","mv":13722,"sc":1,"lpe":89.88,"lpr":19395.22,"lq":1.18,"d":538358},{"pi":"422380","pc":"Промышленные товары","ss":1000,"td":"Центр города","dc":1,"n":116.99,"vc":"387","sl":"Элитный","sv":"3","p":62006.28,"q":27.06,"b":0.0,"ms":0.09,"wi":136.48,"ei":6.3,"as":455.0,"mi":"E","mv":3317,"sc":1,"lpe":99.91,"lpr":17941.32,"lq":1.0,"d":122334},{"pi":"422380","pc":"Промышленные товары","ss":1000,"td":"Центр города","dc":1,"n":117.2,"vc":"387","sl":"Элитный","sv":"4","p":61976.28,"q":27.07,"b":0.0,"ms":0.12,"wi":122.1,"ei":6.4,"as":451.77,"mi":"E","mv":3430,"sc":1,"lpe":99.88,"lpr":16958.69,"lq":1.0,"d":122007},{"pi":"422380","pc":"Промышленные товары","ss":1000,"td":"Центр города","dc":1,"n":108.84,"vc":"315","sl":"Элитный","sv":"1","p":62014.78,"q":27.06,"b":0.0,"ms":0.07,"wi":84.48,"ei":6.0,"as":441.0,"mi":"E","mv":1442,"sc":1,"lpe":99.93,"lpr":13385.26,"lq":1.0,"d":77500},{"pi":"422380","pc":"Промышленные товары","ss":100000,"td":"Центр города","dc":1,"n":708.63,"vc":"3185137","sl":"Низкий","sv":"584","p":54267.54,"q":17.6,"b":0.0,"ms":1.13,"wi":67.87,"ei":13.63,"as":294.09,"mi":"E","mv":51853,"sc":2,"lpe":98.87,"lpr":16378.94,"lq":1.0,"d":3707406},{"pi":"422380","pc":"Промышленные товары","ss":200000,"td":"Спальный район","dc":9,"n":708.63,"vc":"5246761","sl":"Очень низкий","sv":"1","p":82090.64,"q":16.81,"b":0.0,"ms":0.0,"wi":67.87,"ei":13.63,"as":294.09,"mi":"E","mv":51853,"sc":2,"lpe":98.87,"lpr":16378.94,"lq":1.0,"d":3707406},{"pi":"422380","pc":"Промышленные товары","ss":100000,"td":"Спальный район","dc":9,"n":730.92,"vc":"2017509","sl":"Очень низкий","sv":"1","p":173442.76,"q":31.89,"b":1.56,"ms":0.03,"wi":41.49,"ei":8.68,"as":310.6,"mi":"E","mv":3270,"sc":1,"lpe":99.97,"lpr":29225.16,"lq":1.0,"d":1113360},{"pi":"422380","pc":"Промышленные товары","ss":100000,"td":"Центр города","dc":1,"n":719.23,"vc":"3141514","sl":"Низкий","sv":"86","p":100000.0,"q":32.52,"b":5.54,"ms":0.09,"wi":130.81,"ei":7.37,"as":688.02,"mi":"E","mv":93466,"sc":2,"lpe":99.82,"lpr":20226.57,"lq":1.0,"d":2232911},{"pi":"422380","pc":"Промышленные товары","ss":100000,"td":"Центр города","dc":1,"n":719.23,"vc":"3141514","sl":"Низкий","sv":"81","p":100000.0,"q":32.53,"b":5.54,"ms":0.09,"wi":130.81,"ei":7.37,"as":688.02,"mi":"E","mv":93466,"sc":2,"lpe":99.82,"lpr":20226.57,"lq":1.0,"d":2232911},{"pi":"422380","pc":"Промышленные товары","ss":100000,"td":"Фешенебельный район","dc":1,"n":689.06,"vc":"357424","sl":"Элитный","sv":"2032","p":37430.0,"q":23.56,"b":6.88,"ms":10.23,"wi":132.63,"ei":9.47,"as":1003.71,"mi":"E","mv":19868,"sc":1,"lpe":89.77,"lpr":10161.08,"lq":1.16,"d":729058},{"pi":"422380","pc":"Промышленные товары","ss":100000,"td":"Фешенебельный район","dc":1,"n":695.89,"vc":"291352","sl":"Элитный","sv":"1200","p":10960.0,"q":23.56,"b":6.88,"ms":13.86,"wi":150.83,"ei":5.95,"as":891.38,"mi":"E","mv":8660,"sc":1,"lpe":86.14,"lpr":2850.19,"lq":1.04,"d":377751},{"pi":"422380","pc":"Промышленные товары","ss":300000,"td":"Спальный район","dc":2,"n":291.42,"vc":"101585","sl":"Элитный","sv":"157","p":100000.0,"q":27.93,"b":4.97770700636943,"ms":0.13,"wi":121.15,"ei":7.63,"as":614.74,"mi":"E","mv":117574,"sc":1,"lpe":99.87,"lpr":22215.58,"lq":1.0,"d":3870867},{"pi":"422380","pc":"Промышленные товары","ss":100000,"td":"Фешенебельный район","dc":1,"n":688.69,"vc":"569084","sl":"Очень высокий","sv":"7900","p":17150.0,"q":23.56,"b":3.6,"ms":12.89,"wi":106.19,"ei":8.28,"as":576.82,"mi":"E","mv":61292,"sc":1,"lpe":87.11,"lpr":4203.41,"lq":1.0,"d":2781411},{"pi":"422380","pc":"Промышленные товары","ss":300000,"td":"Фешенебельный район","dc":1,"n":688.32,"vc":"787079","sl":"Элитный","sv":"296","p":22222.22,"q":26.84,"b":5.15,"ms":0.62,"wi":69.7,"ei":8.13,"as":512.59,"mi":"E","mv":47693,"sc":1,"lpe":99.38,"lpr":3765.59,"lq":1.0,"d":2174904},{"pi":"422380","pc":"Промышленные товары","ss":100000,"td":"Фешенебельный район","dc":1,"n":638.03,"vc":"233944","sl":"Элитный","sv":"991","p":110000.0,"q":28.17,"b":0.0,"ms":4.99,"wi":65.93,"ei":10.05,"as":720.78,"mi":"E","mv":19857,"sc":2,"lpe":94.88,"lpr":28920.14,"lq":1.0,"d":3656347},{"pi":"422380","pc":"Промышленные товары","ss":100000,"td":"Центр города","dc":1,"n":555.7,"vc":"1059930","sl":"Высокий","sv":"26","p":150000.0,"q":34.17,"b":1.82,"ms":0.13,"wi":65.93,"ei":10.05,"as":720.78,"mi":"E","mv":19857,"sc":2,"lpe":94.88,"lpr":28920.14,"lq":1.0,"d":3656347},{"pi":"422380","pc":"Промышленные товары","ss":100000,"td":"Центр города","dc":1,"n":422.97,"vc":"150780","sl":"Элитный","sv":"341","p":45000.0,"q":22.16,"b":0.67,"ms":0.69,"wi":69.0,"ei":6.95,"as":541.7,"mi":"E","mv":49437,"sc":1,"lpe":99.31,"lpr":10373.35,"lq":1.0,"d":1305462},{"pi":"422380","pc":"Промышленные товары","ss":100000,"td":"Фешенебельный район","dc":5,"n":591.92,"vc":"251052","sl":"Нормальный","sv":"2","p":80000.0,"q":26.85,"b":0.825,"ms":0.0,"wi":69.18,"ei":9.32,"as":403.09,"mi":"E","mv":61726,"sc":1,"lpe":100.0,"lpr":10571.31,"lq":1.0,"d":3832440},{"pi":"422380","pc":"Промышленные товары","ss":100000,"td":"Фешенебельный район","dc":1,"n":692.44,"vc":"292906","sl":"Элитный","sv":"1200","p":36180.0,"q":25.95,"b":0.0,"ms":16.07,"wi":137.58,"ei":9.18,"as":1120.0,"mi":"E","mv":7467,"sc":1,"lpe":83.93,"lpr":8690.63,"lq":2.05,"d":572874},{"pi":"422380","pc":"Промышленные товары","ss":100000,"td":"Фешенебельный район","dc":1,"n":601.28,"vc":"53475","sl":"Низкий","sv":"68","p":100000.0,"q":27.98,"b":0.0,"ms":5.01,"wi":84.77,"ei":6.69,"as":422.91,"mi":"E","mv":1356,"sc":1,"lpe":94.99,"lpr":18313.14,"lq":1.0,"d":152902},{"pi":"422380","pc":"Промышленные товары","ss":300000,"td":"Фешенебельный район","dc":1,"n":652.51,"vc":"1500118","sl":"Элитный","sv":"70822","p":38180.0,"q":23.55,"b":3.87,"ms":17.13,"wi":271.56,"ei":9.5,"as":3077.85,"mi":"E","mv":413482,"sc":2,"lpe":71.41,"lpr":13879.3,"lq":2.96,"d":11522928},{"pi":"422380","pc":"Промышленные товары","ss":300000,"td":"Фешенебельный район","dc":1,"n":694.49,"vc":"1497011","sl":"Элитный","sv":"47406","p":40000.0,"q":32.56,"b":4.95,"ms":11.47,"wi":271.56,"ei":9.5,"as":3077.85,"mi":"E","mv":413482,"sc":2,"lpe":71.41,"lpr":13879.3,"lq":2.96,"d":11522928},{"pi":"422380","pc":"Промышленные товары","ss":100000,"td":"Фешенебельный район","dc":1,"n":699.58,"vc":"252736","sl":"Элитный","sv":"745","p":23140.0,"q":19.38,"b":0.0,"ms":15.75,"wi":124.16,"ei":7.7,"as":1039.5,"mi":"E","mv":4731,"sc":1,"lpe":84.25,"lpr":5264.77,"lq":1.11,"d":269220},{"pi":"422380","pc":"Промышленные товары","ss":10000,"td":"Фешенебельный район","dc":1,"n":707.23,"vc":"11357","sl":"Элитный","sv":"95","p":55000.0,"q":19.34,"b":7.56,"ms":5.19,"wi":74.29,"ei":22.79,"as":7985.96,"mi":"E","mv":1830,"sc":1,"lpe":94.81,"lpr":15628.87,"lq":1.1,"d":99462},{"pi":"422380","pc":"Промышленные товары","ss":100000,"td":"Центр города","dc":1,"n":595.89,"vc":"491797","sl":"Очень высокий","sv":"1088","p":20000.0,"q":22.58,"b":2.21,"ms":20.67,"wi":48.27,"ei":9.46,"as":249.03,"mi":"E","mv":5263,"sc":1,"lpe":79.33,"lpr":4573.96,"lq":1.0,"d":661640},{"pi":"422380","pc":"Промышленные товары","ss":1000,"td":"Центр города","dc":1,"n":342.48,"vc":"2414","sl":"Очень высокий","sv":"130","p":35000.0,"q":24.23,"b":1.76,"ms":0.65,"wi":109.05,"ei":10.93,"as":895.15,"mi":"E","mv":20083,"sc":2,"lpe":99.33,"lpr":16373.55,"lq":1.0,"d":822507},{"pi":"422380","pc":"Промышленные товары","ss":1000,"td":"Фешенебельный район","dc":1,"n":106.09,"vc":"95","sl":"Элитный","sv":"5","p":25002.0,"q":22.58,"b":1.03,"ms":0.02,"wi":109.05,"ei":10.93,"as":895.15,"mi":"E","mv":20083,"sc":2,"lpe":99.33,"lpr":16373.55,"lq":1.0,"d":822507},{"pi":"422380","pc":"Промышленные товары","ss":200000,"td":"Фешенебельный район","dc":1,"n":606.7,"vc":"295397","sl":"Элитный","sv":"1922","p":60000.0,"q":24.81,"b":0.00126430801248699,"ms":13.76,"wi":93.03,"ei":6.75,"as":1135.42,"mi":"E","mv":13972,"sc":1,"lpe":86.24,"lpr":16557.71,"lq":3.48,"d":1839765},{"pi":"422380","pc":"Промышленные товары","ss":100000,"td":"Фешенебельный район","dc":1,"n":687.69,"vc":"365880","sl":"Элитный","sv":"896","p":62910.0,"q":23.56,"b":8.25,"ms":11.85,"wi":169.6,"ei":11.76,"as":862.01,"mi":"E","mv":7561,"sc":1,"lpe":88.15,"lpr":17134.27,"lq":4.35,"d":809246},{"pi":"422380","pc":"Промышленные товары","ss":240000,"td":"Центр города","dc":6,"n":575.33,"vc":"1723095","sl":"Низкий","sv":"687","p":43000.0,"q":27.16,"b":1.95,"ms":8.02,"wi":52.92,"ei":7.44,"as":365.51,"mi":"E","mv":8566,"sc":2,"lpe":91.78,"lpr":10954.73,"lq":1.0,"d":2113478},{"pi":"422380","pc":"Промышленные товары","ss":400,"td":"Окраина","dc":2,"n":399.38,"vc":"2408","sl":"Низкий","sv":"17","p":28000.0,"q":18.93,"b":0.0,"ms":0.2,"wi":52.92,"ei":7.44,"as":365.51,"mi":"E","mv":8566,"sc":2,"lpe":91.78,"lpr":10954.73,"lq":1.0,"d":2113478},{"pi":"422380","pc":"Промышленные товары","ss":100000,"td":"Спальный район","dc":9,"n":709.72,"vc":"2508128","sl":"Очень низкий","sv":"4","p":103727.42,"q":16.81,"b":0.0,"ms":0.02,"wi":62.73,"ei":6.99,"as":617.44,"mi":"E","mv":17425,"sc":1,"lpe":99.98,"lpr":22743.84,"lq":1.0,"d":3467257},{"pi":"422380","pc":"Промышленные товары","ss":10000,"td":"Спальный район","dc":2,"n":203.87,"vc":"2208","sl":"Элитный","sv":"1","p":30000.0,"q":22.66,"b":1.08,"ms":0.01,"wi":98.02,"ei":8.76,"as":1157.46,"mi":"E","mv":9262,"sc":1,"lpe":99.99,"lpr":8459.54,"lq":1.0,"d":290320},{"pi":"422380","pc":"Промышленные товары","ss":300000,"td":"Фешенебельный район","dc":1,"n":677.58,"vc":"1325674","sl":"Элитный","sv":"9080","p":66666.66,"q":26.84,"b":4.49,"ms":5.13,"wi":134.2,"ei":9.8,"as":725.97,"mi":"E","mv":176925,"sc":3,"lpe":92.84,"lpr":21512.75,"lq":1.0,"d":4067094},{"pi":"422380","pc":"Промышленные товары","ss":100000,"td":"Фешенебельный район","dc":2,"n":648.23,"vc":"293659","sl":"Очень высокий","sv":"3589","p":60000.0,"q":27.06,"b":1.87,"ms":2.03,"wi":134.2,"ei":9.8,"as":725.97,"mi":"E","mv":176925,"sc":3,"lpe":92.84,"lpr":21512.75,"lq":1.0,"d":4067094},{"pi":"422380","pc":"Промышленные товары","ss":100000,"td":"Центр города","dc":6,"n":508.79,"vc":"512237","sl":"Низкий","sv":"3","p":90044.27,"q":27.6,"b":0.846666666666667,"ms":0.0,"wi":134.2,"ei":9.8,"as":725.97,"mi":"E","mv":176925,"sc":3,"lpe":92.84,"lpr":21512.75,"lq":1.0,"d":4067094},{"pi":"422380","pc":"Промышленные товары","ss":100000,"td":"Фешенебельный район","dc":1,"n":672.64,"vc":"374858","sl":"Элитный","sv":"4000","p":19840.0,"q":23.56,"b":3.9,"ms":7.82,"wi":84.09,"ei":6.95,"as":558.71,"mi":"E","mv":51121,"sc":1,"lpe":92.18,"lpr":4459.69,"lq":1.0,"d":1311608},{"pi":"422380","pc":"Промышленные товары","ss":100000,"td":"Фешенебельный район","dc":1,"n":686.77,"vc":"517116","sl":"Очень высокий","sv":"10456","p":16150.0,"q":23.52,"b":3.9,"ms":12.04,"wi":96.79,"ei":7.02,"as":524.32,"mi":"E","mv":86818,"sc":1,"lpe":87.96,"lpr":3899.33,"lq":1.01,"d":2230467},{"pi":"422380","pc":"Промышленные товары","ss":1000,"td":"Фешенебельный район","dc":1,"n":656.86,"vc":"1358","sl":"Элитный","sv":"322","p":88290.0,"q":18.34,"b":1.9,"ms":8.64,"wi":267.91,"ei":10.37,"as":2442.36,"mi":"E","mv":3727,"sc":2,"lpe":89.67,"lpr":26917.4,"lq":2.21,"d":167072},{"pi":"422380","pc":"Промышленные товары","ss":1000,"td":"Фешенебельный район","dc":1,"n":700.36,"vc":"1736","sl":"Очень высокий","sv":"63","p":79725.81,"q":20.09,"b":0.0,"ms":1.69,"wi":267.91,"ei":10.37,"as":2442.36,"mi":"E","mv":3727,"sc":2,"lpe":89.67,"lpr":26917.4,"lq":2.21,"d":167072},{"pi":"422380","pc":"Промышленные товары","ss":100000,"td":"Центр города","dc":3,"n":414.07,"vc":"117540","sl":"Нормальный","sv":"417","p":147500.0,"q":30.81,"b":1.34292565947242,"ms":8.12,"wi":84.97,"ei":10.25,"as":639.3,"mi":"E","mv":5133,"sc":1,"lpe":91.88,"lpr":43012.82,"lq":1.0,"d":1527583},{"pi":"422380","pc":"Промышленные товары","ss":100000,"td":"Фешенебельный район","dc":1,"n":698.46,"vc":"562750","sl":"Очень высокий","sv":"19414","p":50000.0,"q":32.47,"b":3.08,"ms":8.07,"wi":109.51,"ei":11.99,"as":1325.2,"mi":"E","mv":240714,"sc":2,"lpe":91.66,"lpr":16712.31,"lq":1.0,"d":6561214},{"pi":"422380","pc":"Промышленные товары","ss":100000,"td":"Центр города","dc":1,"n":317.29,"vc":"96043","sl":"Элитный","sv":"658","p":55000.0,"q":22.16,"b":0.34,"ms":0.27,"wi":109.51,"ei":11.99,"as":1325.2,"mi":"E","mv":240714,"sc":2,"lpe":91.66,"lpr":16712.31,"lq":1.0,"d":6561214},{"pi":"422380","pc":"Промышленные товары","ss":1000,"td":"Фешенебельный район","dc":1,"n":666.0,"vc":"696","sl":"Элитный","sv":"7","p":98750.0,"q":24.43,"b":0.0,"ms":9.59,"wi":43.15,"ei":9.89,"as":1436.69,"mi":"E","mv":73,"sc":1,"lpe":90.41,"lpr":21283.24,"lq":1.19,"d":127845},{"pi":"422380","pc":"Промышленные товары","ss":100000,"td":"Центр города","dc":1,"n":547.06,"vc":"532958","sl":"Очень высокий","sv":"1622","p":20000.0,"q":22.47,"b":4.78,"ms":8.53,"wi":98.23,"ei":8.42,"as":474.18,"mi":"E","mv":19008,"sc":1,"lpe":91.47,"lpr":3498.97,"lq":1.0,"d":548628},{"pi":"422380","pc":"Промышленные товары","ss":100000,"td":"Центр города","dc":1,"n":299.2,"vc":"119079","sl":"Элитный","sv":"1450","p":34000.0,"q":22.3,"b":0.23,"ms":0.28,"wi":147.51,"ei":10.87,"as":331.13,"mi":"E","mv":518047,"sc":1,"lpe":99.72,"lpr":11666.07,"lq":1.0,"d":23026019},{"pi":"422380","pc":"Промышленные товары","ss":300000,"td":"Центр города","dc":2,"n":650.14,"vc":"9137222","sl":"Очень низкий","sv":"14759","p":60000.0,"q":26.77,"b":4.52,"ms":5.52,"wi":394.9,"ei":8.22,"as":694.55,"mi":"E","mv":267529,"sc":3,"lpe":91.63,"lpr":20411.32,"lq":1.0,"d":9501607},{"pi":"422380","pc":"Промышленные товары","ss":110000,"td":"Центр города","dc":1,"n":565.47,"vc":"1306546","sl":"Очень низкий","sv":"7500","p":50000.0,"q":24.23,"b":1.7,"ms":2.8,"wi":394.9,"ei":8.22,"as":694.55,"mi":"E","mv":267529,"sc":3,"lpe":91.63,"lpr":20411.32,"lq":1.0,"d":9501607},{"pi":"422380","pc":"Промышленные товары","ss":100000,"td":"Фешенебельный район","dc":1,"n":637.42,"vc":"356212","sl":"Элитный","sv":"135","p":80000.0,"q":26.79,"b":1.13,"ms":0.05,"wi":394.9,"ei":8.22,"as":694.55,"mi":"E","mv":267529,"sc":3,"lpe":91.63,"lpr":20411.32,"lq":1.0,"d":9501607},{"pi":"422380","pc":"Промышленные товары","ss":100000,"td":"Центр города","dc":1,"n":497.76,"vc":"491014","sl":"Очень высокий","sv":"5044","p":30000.0,"q":22.47,"b":4.07,"ms":8.32,"wi":237.1,"ei":8.1,"as":544.78,"mi":"E","mv":60598,"sc":1,"lpe":91.68,"lpr":7957.11,"lq":1.0,"d":1532131},{"pi":"422380","pc":"Промышленные товары","ss":100000,"td":"Центр города","dc":1,"n":463.1,"vc":"365588","sl":"Элитный","sv":"1823","p":80000.0,"q":22.47,"b":4.07,"ms":8.23,"wi":207.16,"ei":8.03,"as":511.29,"mi":"E","mv":22159,"sc":1,"lpe":91.77,"lpr":20322.24,"lq":1.53,"d":1709120},{"pi":"422380","pc":"Промышленные товары","ss":1000,"td":"Фешенебельный район","dc":1,"n":583.34,"vc":"2422","sl":"Очень высокий","sv":"1000","p":69250.0,"q":23.52,"b":0.34,"ms":4.46,"wi":193.97,"ei":9.7,"as":1049.77,"mi":"E","mv":22418,"sc":1,"lpe":95.54,"lpr":15879.52,"lq":1.0,"d":896078},{"pi":"422380","pc":"Промышленные товары","ss":100000,"td":"Центр города","dc":1,"n":528.09,"vc":"358964","sl":"Элитный","sv":"1019","p":70000.0,"q":22.47,"b":4.07,"ms":8.24,"wi":144.2,"ei":10.07,"as":537.52,"mi":"E","mv":12373,"sc":1,"lpe":91.76,"lpr":17381.94,"lq":1.0,"d":866686},{"pi":"422380","pc":"Промышленные товары","ss":100000,"td":"Фешенебельный район","dc":1,"n":686.54,"vc":"469240","sl":"Очень высокий","sv":"1607","p":75380.0,"q":23.5,"b":0.57,"ms":3.33,"wi":233.18,"ei":10.45,"as":460.64,"mi":"E","mv":48213,"sc":1,"lpe":96.67,"lpr":12909.51,"lq":1.0,"d":1799109},{"pi":"422380","pc":"Промышленные товары","ss":100000,"td":"Центр города","dc":1,"n":461.56,"vc":"180200","sl":"Элитный","sv":"300","p":62000.0,"q":22.3,"b":0.78,"ms":1.72,"wi":97.69,"ei":6.75,"as":587.06,"mi":"E","mv":17457,"sc":2,"lpe":98.25,"lpr":15404.68,"lq":1.0,"d":752474},{"pi":"422380","pc":"Промышленные товары","ss":220000,"td":"Фешенебельный район","dc":1,"n":470.19,"vc":"89986","sl":"Элитный","sv":"5","p":85000.0,"q":27.98,"b":0.0,"ms":0.03,"wi":97.69,"ei":6.75,"as":587.06,"mi":"E","mv":17457,"sc":2,"lpe":98.25,"lpr":15404.68,"lq":1.0,"d":752474},{"pi":"422380","pc":"Промышленные товары","ss":100000,"td":"Центр города","dc":1,"n":693.44,"vc":"2636014","sl":"Низкий","sv":"685","p":85000.0,"q":27.93,"b":0.0,"ms":7.34,"wi":57.54,"ei":13.1,"as":741.67,"mi":"E","mv":9327,"sc":2,"lpe":91.55,"lpr":23374.38,"lq":1.0,"d":3045477},{"pi":"422380","pc":"Промышленные товары","ss":10000,"td":"Фешенебельный район","dc":1,"n":371.32,"vc":"3346","sl":"Элитный","sv":"103","p":70000.0,"q":27.9,"b":0.0,"ms":1.1,"wi":57.54,"ei":13.1,"as":741.67,"mi":"E","mv":9327,"sc":2,"lpe":91.55,"lpr":23374.38,"lq":1.0,"d":3045477},{"pi":"422380","pc":"Промышленные товары","ss":100000,"td":"Центр города","dc":2,"n":304.78,"vc":"25208","sl":"Элитный","sv":"4","p":80000.0,"q":16.81,"b":0.0,"ms":1.02,"wi":43.41,"ei":5.32,"as":1101.4,"mi":"E","mv":394,"sc":1,"lpe":98.98,"lpr":29431.09,"lq":1.0,"d":389021},{"pi":"422380","pc":"Промышленные товары","ss":150000,"td":"Фешенебельный район","dc":1,"n":691.53,"vc":"542439","sl":"Элитный","sv":"3022","p":28840.0,"q":21.84,"b":0.0,"ms":25.67,"wi":139.51,"ei":9.98,"as":1185.72,"mi":"E","mv":11772,"sc":2,"lpe":57.34,"lpr":7209.02,"lq":2.54,"d":806349},{"pi":"422380","pc":"Промышленные товары","ss":100000,"td":"Центр города","dc":1,"n":479.61,"vc":"296612","sl":"Элитный","sv":"2000","p":19780.0,"q":18.47,"b":0.0,"ms":16.99,"wi":139.51,"ei":9.98,"as":1185.72,"mi":"E","mv":11772,"sc":2,"lpe":57.34,"lpr":7209.02,"lq":2.54,"d":806349},{"pi":"422380","pc":"Промышленные товары","ss":200000,"td":"Центр города","dc":1,"n":530.53,"vc":"921639","sl":"Элитный","sv":"1855","p":30000.0,"q":22.47,"b":0.72,"ms":7.65,"wi":101.47,"ei":8.12,"as":442.08,"mi":"E","mv":24257,"sc":1,"lpe":92.35,"lpr":6297.09,"lq":1.0,"d":549458},{"pi":"422380","pc":"Промышленные товары","ss":200000,"td":"Фешенебельный район","dc":1,"n":687.1,"vc":"811506","sl":"Элитный","sv":"2171","p":45390.0,"q":19.38,"b":0.0,"ms":10.94,"wi":190.14,"ei":10.4,"as":1225.0,"mi":"E","mv":19842,"sc":1,"lpe":89.06,"lpr":10879.53,"lq":2.87,"d":968944},{"pi":"422380","pc":"Промышленные товары","ss":300000,"td":"Фешенебельный район","dc":1,"n":685.42,"vc":"960442","sl":"Элитный","sv":"3732","p":53580.0,"q":23.55,"b":4.1,"ms":12.15,"wi":127.34,"ei":10.71,"as":1372.0,"mi":"E","mv":30718,"sc":1,"lpe":87.85,"lpr":11682.6,"lq":2.31,"d":1305678},{"pi":"422380","pc":"Промышленные товары","ss":1000,"td":"Фешенебельный район","dc":1,"n":684.34,"vc":"3546","sl":"Высокий","sv":"898","p":39110.0,"q":23.56,"b":5.61,"ms":4.91,"wi":123.96,"ei":6.52,"as":593.48,"mi":"E","mv":18306,"sc":1,"lpe":95.09,"lpr":7840.62,"lq":1.0,"d":522937},{"pi":"422380","pc":"Промышленные товары","ss":100000,"td":"Фешенебельный район","dc":1,"n":398.17,"vc":"27124","sl":"Элитный","sv":"1000","p":138000.0,"q":27.93,"b":3.90456,"ms":1.97,"wi":176.86,"ei":9.63,"as":1429.05,"mi":"E","mv":50637,"sc":1,"lpe":98.03,"lpr":43633.79,"lq":1.0,"d":1361714},{"pi":"422380","pc":"Промышленные товары","ss":1000,"td":"Фешенебельный район","dc":1,"n":583.8,"vc":"2506","sl":"Очень высокий","sv":"1532","p":41590.0,"q":23.52,"b":5.61,"ms":4.08,"wi":136.64,"ei":8.24,"as":623.56,"mi":"E","mv":37556,"sc":1,"lpe":95.92,"lpr":8929.17,"lq":1.0,"d":1164293},{"pi":"422380","pc":"Промышленные товары","ss":1000,"td":"Фешенебельный район","dc":1,"n":566.26,"vc":"1256","sl":"Элитный","sv":"1566","p":16910.0,"q":23.52,"b":5.61,"ms":18.41,"wi":101.28,"ei":4.87,"as":355.62,"mi":"E","mv":8504,"sc":1,"lpe":81.59,"lpr":3059.88,"lq":1.03,"d":1172689},{"pi":"422380","pc":"Промышленные товары","ss":300000,"td":"Фешенебельный район","dc":1,"n":689.74,"vc":"666291","sl":"Элитный","sv":"451","p":22280.0,"q":23.56,"b":3.7,"ms":9.78,"wi":95.13,"ei":6.66,"as":280.72,"mi":"E","mv":4612,"sc":1,"lpe":90.22,"lpr":4138.37,"lq":1.0,"d":469313},{"pi":"422380","pc":"Промышленные товары","ss":100000,"td":"Фешенебельный район","dc":1,"n":680.05,"vc":"156630","sl":"Элитный","sv":"6623","p":12751.46,"q":25.98,"b":1.87,"ms":100.0,"wi":111.25,"ei":7.42,"as":716.55,"mi":"A","mv":6623,"sc":1,"lpe":0.0,"lpr":3209.73,"lq":2.16,"d":281578},{"pi":"422380","pc":"Промышленные товары","ss":10000,"td":"Фешенебельный район","dc":1,"n":612.93,"vc":"20871","sl":"Элитный","sv":"2200","p":25660.0,"q":23.56,"b":1.75,"ms":13.98,"wi":105.2,"ei":9.66,"as":533.5,"mi":"E","mv":15739,"sc":1,"lpe":86.02,"lpr":4062.59,"lq":1.0,"d":1217629},{"pi":"422380","pc":"Промышленные товары","ss":10000,"td":"Центр города","dc":1,"n":333.83,"vc":"10085","sl":"Элитный","sv":"237","p":73000.0,"q":16.81,"b":0.0,"ms":4.95,"wi":95.91,"ei":8.61,"as":663.02,"mi":"E","mv":4789,"sc":2,"lpe":93.46,"lpr":14715.59,"lq":1.0,"d":882101},{"pi":"422380","pc":"Промышленные товары","ss":10000,"td":"Центр города","dc":1,"n":343.52,"vc":"10834","sl":"Элитный","sv":"76","p":80000.0,"q":15.7,"b":0.0,"ms":1.59,"wi":95.91,"ei":8.61,"as":663.02,"mi":"E","mv":4789,"sc":2,"lpe":93.46,"lpr":14715.59,"lq":1.0,"d":882101},{"pi":"422380","pc":"Промышленные товары","ss":100000,"td":"Фешенебельный район","dc":1,"n":636.98,"vc":"100191","sl":"Элитный","sv":"408","p":80000.0,"q":26.84,"b":0.0,"ms":7.86,"wi":126.07,"ei":9.09,"as":1179.24,"mi":"E","mv":5192,"sc":1,"lpe":92.14,"lpr":17052.0,"lq":1.0,"d":345184},{"pi":"422380","pc":"Промышленные товары","ss":50000,"td":"Фешенебельный район","dc":1,"n":600.72,"vc":"87622","sl":"Элитный","sv":"250","p":160000.0,"q":34.17,"b":2.3,"ms":0.74,"wi":199.46,"ei":9.29,"as":1878.18,"mi":"E","mv":33681,"sc":1,"lpe":99.26,"lpr":36971.94,"lq":1.0,"d":1078310},{"pi":"422380","pc":"Промышленные товары","ss":100000,"td":"Фешенебельный район","dc":1,"n":345.06,"vc":"10659","sl":"Элитный","sv":"5001","p":49999.99,"q":17.32,"b":0.150381923615277,"ms":15.1,"wi":205.51,"ei":9.37,"as":1972.09,"mi":"E","mv":33109,"sc":1,"lpe":84.9,"lpr":37136.94,"lq":7.07,"d":1293976}]