[{"d":"27.06.2015","r":1.0,"q":8.1,"p":4.0E8,"s":[{"ui":"3410919","t":1.0,"r":1.0,"q":8.1,"p":4.0E8,"mot":"U","mo":1.0},{"cn":"","ui":"","t":0.0,"r":0.0,"q":0.0,"p":0.0,"mot":"L","mo":0.0}]},{"d":"30.06.2015","r":2.0,"q":8.56,"p":1.05E8,"s":[{"ui":"3410919","t":1.0,"r":1.0,"q":8.1,"p":1.0E8,"mot":"U","mo":1.0},{"ui":"3399042","t":1.0,"r":1.0,"q":9.02,"p":1.1E8,"mot":"U","mo":1.0},{"cn":"","ui":"","t":0.0,"r":0.0,"q":0.0,"p":0.0,"mot":"L","mo":0.0}]},{"d":"04.07.2015","r":5.0,"q":25.15,"p":6.0E8,"s":[{"ui":"3909748","t":5.0,"r":5.0,"q":25.15,"p":6.0E8,"mot":"U","mo":5.0},{"cn":"","ui":"","t":0.0,"r":0.0,"q":0.0,"p":0.0,"mot":"L","mo":0.0}]},{"d":"08.08.2015","r":8.0,"q":25.41,"p":6.0E8,"s":[{"ui":"3909748","t":8.0,"r":8.0,"q":25.41,"p":6.0E8,"mot":"U","mo":8.0},{"cn":"","ui":"","t":0.0,"r":0.0,"q":0.0,"p":0.0,"mot":"L","mo":0.0}]},{"d":"20.02.2016","r":14.0,"q":22.44,"p":5.3E8,"s":[{"ui":"3909748","t":14.0,"r":14.0,"q":22.44,"p":5.3E8,"mot":"U","mo":14.0},{"cn":"","ui":"","t":0.0,"r":0.0,"q":0.0,"p":0.0,"mot":"L","mo":0.0}]},{"d":"23.03.2016","r":1.0,"q":4.82,"p":6.0E7,"s":[{"ui":"4086385","t":1.0,"r":1.0,"q":4.82,"p":6.0E7,"mot":"U","mo":1.0},{"cn":"","ui":"","t":0.0,"r":0.0,"q":0.0,"p":0.0,"mot":"L","mo":0.0}]},{"d":"24.03.2016","r":1.0,"q":4.82,"p":6.0E7,"s":[{"ui":"4086385","t":1.0,"r":1.0,"q":4.82,"p":6.0E7,"mot":"L","mo":1.0},{"cn":"","ui":"","t":0.0,"r":0.0,"q":0.0,"p":0.0,"mot":"L","mo":0.0}]},{"d":"26.03.2016","r":1.0,"q":4.76,"p":6.0E7,"s":[{"ui":"4086385","t":2.0,"r":2.0,"q":4.76,"p":6.0E7,"mot":"L","mo":1.0},{"cn":"","ui":"","t":0.0,"r":0.0,"q":0.0,"p":0.0,"mot":"L","mo":0.0}]},{"d":"29.03.2016","r":1.0,"q":4.73,"p":6.0E7,"s":[{"ui":"4086385","t":3.0,"r":3.0,"q":4.73,"p":6.0E7,"mot":"L","mo":1.0},{"cn":"","ui":"","t":0.0,"r":0.0,"q":0.0,"p":0.0,"mot":"L","mo":0.0}]},{"d":"01.04.2016","r":1.0,"q":4.73,"p":6.0E7,"s":[{"ui":"4086385","t":4.0,"r":4.0,"q":4.73,"p":6.0E7,"mot":"L","mo":1.0},{"cn":"","ui":"","t":0.0,"r":0.0,"q":0.0,"p":0.0,"mot":"L","mo":0.0}]},{"d":"04.04.2016","r":1.0,"q":4.74,"p":6.0E7,"s":[{"ui":"4086385","t":5.0,"r":5.0,"q":4.74,"p":6.0E7,"mot":"L","mo":1.0},{"cn":"","ui":"","t":0.0,"r":0.0,"q":0.0,"p":0.0,"mot":"L","mo":0.0}]},{"d":"07.04.2016","r":1.0,"q":4.75,"p":6.0E7,"s":[{"ui":"4086385","t":6.0,"r":6.0,"q":4.75,"p":6.0E7,"mot":"L","mo":1.0},{"cn":"","ui":"","t":0.0,"r":0.0,"q":0.0,"p":0.0,"mot":"L","mo":0.0}]},{"d":"11.04.2016","r":1.0,"q":4.76,"p":6.0E7,"s":[{"ui":"4086385","t":7.0,"r":7.0,"q":4.76,"p":6.0E7,"mot":"L","mo":1.0},{"cn":"","ui":"","t":0.0,"r":0.0,"q":0.0,"p":0.0,"mot":"L","mo":0.0}]},{"d":"14.04.2016","r":1.0,"q":4.76,"p":6.0E7,"s":[{"ui":"4086385","t":8.0,"r":8.0,"q":4.76,"p":6.0E7,"mot":"L","mo":1.0},{"cn":"","ui":"","t":0.0,"r":0.0,"q":0.0,"p":0.0,"mot":"L","mo":0.0}]},{"d":"18.04.2016","r":1.0,"q":4.78,"p":6.0E7,"s":[{"ui":"4086385","t":9.0,"r":9.0,"q":4.78,"p":6.0E7,"mot":"L","mo":1.0},{"cn":"","ui":"","t":0.0,"r":0.0,"q":0.0,"p":0.0,"mot":"L","mo":0.0}]},{"d":"23.04.2016","r":1.0,"q":4.78,"p":6.0E7,"s":[{"ui":"4086385","t":8.0,"r":7.0,"q":4.78,"p":6.0E7,"mot":"L","mo":1.0},{"cn":"","ui":"","t":0.0,"r":0.0,"q":0.0,"p":0.0,"mot":"L","mo":0.0}]},{"d":"24.04.2016","r":1.0,"q":4.83,"p":6.0E7,"s":[{"ui":"4086385","t":8.0,"r":7.0,"q":4.83,"p":6.0E7,"mot":"L","mo":1.0},{"cn":"","ui":"","t":0.0,"r":0.0,"q":0.0,"p":0.0,"mot":"L","mo":0.0}]},{"d":"04.09.2017","r":2.0,"q":7.84,"p":3000000.0,"s":[{"cn":"gunyuzu Industries","ui":"4726655","t":2.0,"r":2.0,"q":7.84,"p":3000000.0,"mot":"U","mo":2.0},{"cn":"","ui":"","t":0.0,"r":0.0,"q":0.0,"p":0.0,"mot":"L","mo":0.0}]},{"d":"09.10.2017","r":489.0,"q":14.71,"p":2.0E10,"s":[{"cn":"Electroingenieria del Litoral S.A","ui":"4767357","t":499.0,"r":489.0,"q":14.71,"p":2.0E10,"mot":"U","mo":489.0},{"cn":"","ui":"","t":0.0,"r":0.0,"q":0.0,"p":0.0,"mot":"L","mo":0.0}]},{"d":"23.11.2017","r":1.0,"q":26.17,"p":1.53E9,"s":[{"cn":"REA Industries Group","ui":"3909748","t":1.0,"r":1.0,"q":26.17,"p":1.53E9,"mot":"U","mo":1.0},{"cn":"","ui":"","t":0.0,"r":0.0,"q":0.0,"p":0.0,"mot":"L","mo":0.0}]},{"d":"24.11.2017","r":499.0,"q":14.71,"p":2.0E10,"s":[{"cn":"Electroingenieria del Litoral S.A","ui":"4767357","t":499.0,"r":499.0,"q":14.71,"p":2.0E10,"mot":"U","mo":499.0},{"cn":"","ui":"","t":0.0,"r":0.0,"q":0.0,"p":0.0,"mot":"L","mo":0.0}]},{"d":"30.11.2017","r":1.0,"q":26.17,"p":3.5E9,"s":[{"cn":"REA Industries Group","ui":"3909748","t":1.0,"r":1.0,"q":26.17,"p":3.5E9,"mot":"U","mo":1.0},{"cn":"","ui":"","t":0.0,"r":0.0,"q":0.0,"p":0.0,"mot":"L","mo":0.0}]},{"d":"01.12.2017","r":1.0,"q":26.17,"p":2.0E9,"s":[{"cn":"REA Industries Group","ui":"3909748","t":1.0,"r":1.0,"q":26.17,"p":2.0E9,"mot":"U","mo":1.0},{"cn":"","ui":"","t":0.0,"r":0.0,"q":0.0,"p":0.0,"mot":"L","mo":0.0}]},{"d":"19.12.2017","r":493.0,"q":14.71,"p":3.5E9,"s":[{"cn":"Electroingenieria del Litoral S.A","ui":"4725599","t":493.0,"r":493.0,"q":14.71,"p":3.5E9,"mot":"U","mo":493.0},{"cn":"","ui":"","t":0.0,"r":0.0,"q":0.0,"p":0.0,"mot":"L","mo":0.0}]},{"d":"09.01.2018","r":2.0,"q":1.0,"p":5.0E9,"s":[{"cn":"Eldorado Industries","ui":"4537402","t":2.0,"r":2.0,"q":1.0,"p":5.0E9,"mot":"U","mo":2.0},{"cn":"","ui":"","t":0.0,"r":0.0,"q":0.0,"p":0.0,"mot":"L","mo":0.0}]},{"d":"12.01.2018","r":5.0,"q":25.97,"p":2.0E9,"s":[{"cn":"REA Industries Group","ui":"3909748","t":5.0,"r":5.0,"q":25.97,"p":2.0E9,"mot":"U","mo":5.0},{"cn":"","ui":"","t":0.0,"r":0.0,"q":0.0,"p":0.0,"mot":"L","mo":0.0}]},{"d":"11.02.2019","r":3.0,"q":25.97,"p":2.0E9,"s":[{"cn":"REA Industries Group","ui":"3909748","t":3.0,"r":3.0,"q":25.97,"p":2.0E9,"mot":"U","mo":3.0},{"cn":"","ui":"","t":0.0,"r":0.0,"q":0.0,"p":0.0,"mot":"L","mo":0.0}]},{"d":"31.10.2019","r":493.0,"q":14.71,"p":2.0E8,"s":[{"cn":"Electroingenieria del Litoral S.A","ui":"4799021","t":493.0,"r":493.0,"q":14.71,"p":2.0E8,"mot":"U","mo":493.0},{"cn":"","ui":"","t":0.0,"r":0.0,"q":0.0,"p":0.0,"mot":"L","mo":0.0}]},{"d":"13.12.2019","r":493.0,"q":14.71,"p":1.5E8,"s":[{"cn":"Electroingenieria del Litoral S.A","ui":"4799021","t":493.0,"r":493.0,"q":14.71,"p":1.5E8,"mot":"U","mo":493.0},{"cn":"","ui":"","t":0.0,"r":0.0,"q":0.0,"p":0.0,"mot":"L","mo":0.0}]},{"d":"31.01.2020","r":489.0,"q":14.71,"p":1.5E8,"s":[{"cn":"Electroingenieria del Litoral S.A","ui":"4799021","t":491.0,"r":489.0,"q":14.71,"p":1.5E8,"mot":"U","mo":489.0},{"cn":"","ui":"","t":0.0,"r":0.0,"q":0.0,"p":0.0,"mot":"L","mo":0.0}]},{"d":"03.02.2020","r":483.0,"q":14.71,"p":1.5E8,"s":[{"cn":"Electroingenieria del Litoral S.A","ui":"4799021","t":485.0,"r":483.0,"q":14.71,"p":1.5E8,"mot":"U","mo":483.0},{"cn":"","ui":"","t":0.0,"r":0.0,"q":0.0,"p":0.0,"mot":"L","mo":0.0}]},{"d":"04.02.2020","r":483.0,"q":14.71,"p":1.5E8,"s":[{"cn":"Electroingenieria del Litoral S.A","ui":"4799021","t":483.0,"r":483.0,"q":14.71,"p":1.5E8,"mot":"U","mo":483.0},{"cn":"","ui":"","t":0.0,"r":0.0,"q":0.0,"p":0.0,"mot":"L","mo":0.0}]},{"d":"16.10.2020","r":20.0,"q":40.6,"p":7.0E8,"s":[{"cn":"AS EK Grupp","ui":"5758045","t":20.0,"r":20.0,"q":40.6,"p":7.0E8,"mot":"U","mo":20.0},{"cn":"","ui":"","t":0.0,"r":0.0,"q":0.0,"p":0.0,"mot":"L","mo":0.0}]},{"d":"26.10.2020","r":20.0,"q":40.6,"p":1.32001545E9,"s":[{"cn":"MexicoRuiz","ui":"5951664","t":20.0,"r":20.0,"q":40.6,"p":1.32001545E9,"mot":"U","mo":20.0},{"cn":"","ui":"","t":0.0,"r":0.0,"q":0.0,"p":0.0,"mot":"L","mo":0.0}]},{"d":"18.11.2020","r":20.0,"q":40.6,"p":5.0E8,"s":[{"cn":"MexicoRuiz","ui":"5951664","t":20.0,"r":20.0,"q":40.6,"p":5.0E8,"mot":"U","mo":20.0},{"cn":"","ui":"","t":0.0,"r":0.0,"q":0.0,"p":0.0,"mot":"L","mo":0.0}]},{"d":"11.01.2021","r":20.0,"q":40.6,"p":4.0E8,"s":[{"cn":"MexicoRuiz","ui":"5951664","t":20.0,"r":20.0,"q":40.6,"p":4.0E8,"mot":"U","mo":20.0},{"cn":"","ui":"","t":0.0,"r":0.0,"q":0.0,"p":0.0,"mot":"L","mo":0.0}]},{"d":"22.10.2021","r":9.0,"q":11.8,"p":1.0E8,"s":[{"cn":"Quack_yu Industries","ui":"4494592","t":9.0,"r":9.0,"q":11.8,"p":1.0E8,"mot":"U","mo":9.0},{"cn":"","ui":"","t":0.0,"r":0.0,"q":0.0,"p":0.0,"mot":"L","mo":0.0}]},{"d":"25.04.2022","r":1.0,"q":21.02,"p":7.5E9,"s":[{"cn":"Kynat","ui":"5896750","t":1.0,"r":1.0,"q":21.02,"p":7.5E9,"mot":"U","mo":1.0},{"cn":"","ui":"","t":0.0,"r":0.0,"q":0.0,"p":0.0,"mot":"L","mo":0.0}]},{"d":"27.04.2022","r":2.0,"q":21.1,"p":7.5E9,"s":[{"cn":"Kynat","ui":"5896750","t":2.0,"r":2.0,"q":21.1,"p":7.5E9,"mot":"U","mo":2.0},{"cn":"","ui":"","t":0.0,"r":0.0,"q":0.0,"p":0.0,"mot":"L","mo":0.0}]},{"d":"05.05.2022","r":1.0,"q":11.8,"p":1.0E8,"s":[{"cn":"Quack_yu Industries","ui":"4494592","t":1.0,"r":1.0,"q":11.8,"p":1.0E8,"mot":"U","mo":1.0},{"cn":"","ui":"","t":0.0,"r":0.0,"q":0.0,"p":0.0,"mot":"L","mo":0.0}]},{"d":"19.05.2022","r":1.0,"q":21.1,"p":5.5E9,"s":[{"cn":"Kynat","ui":"5896750","t":2.0,"r":1.0,"q":21.1,"p":5.5E9,"mot":"U","mo":1.0},{"cn":"","ui":"","t":0.0,"r":0.0,"q":0.0,"p":0.0,"mot":"L","mo":0.0}]},{"d":"20.05.2022","r":2.0,"q":22.38,"p":1.8E10,"s":[{"cn":"REA Industries Group","ui":"3909748","t":4.0,"r":2.0,"q":22.38,"p":1.8E10,"mot":"U","mo":2.0},{"cn":"","ui":"","t":0.0,"r":0.0,"q":0.0,"p":0.0,"mot":"L","mo":0.0}]},{"d":"23.05.2022","r":2.0,"q":21.1,"p":5.5E9,"s":[{"cn":"Kynat","ui":"5896750","t":2.0,"r":2.0,"q":21.1,"p":5.5E9,"mot":"U","mo":2.0},{"cn":"","ui":"","t":0.0,"r":0.0,"q":0.0,"p":0.0,"mot":"L","mo":0.0}]},{"d":"27.05.2022","r":2.0,"q":21.1,"p":5.0E8,"s":[{"cn":"Kynat","ui":"5896750","t":2.0,"r":2.0,"q":21.1,"p":5.0E8,"mot":"U","mo":2.0},{"cn":"","ui":"","t":0.0,"r":0.0,"q":0.0,"p":0.0,"mot":"L","mo":0.0}]},{"d":"03.06.2022","r":4.0,"q":22.38,"p":1.8E10,"s":[{"cn":"REA Industries Group","ui":"3909748","t":4.0,"r":4.0,"q":22.38,"p":1.8E10,"mot":"U","mo":4.0},{"cn":"","ui":"","t":0.0,"r":0.0,"q":0.0,"p":0.0,"mot":"L","mo":0.0}]}]