[{"pi":"359861","pc":"Аптека","ss":300000,"td":"Центр города","dc":3,"n":512.36,"vc":"824918","sl":"Очень высокий","sv":"154","p":17000.0,"q":29.73,"b":0.0,"ms":0.09,"wi":111.79,"ei":9.38,"as":485.89,"mi":"E","mv":167943,"sc":1,"lpe":99.91,"lpr":3280.49,"lq":1.0,"d":1379868},{"pi":"359861","pc":"Аптека","ss":100000,"td":"Центр города","dc":7,"n":406.18,"vc":"136854","sl":"Высокий","sv":"2","p":13900.0,"q":18.43,"b":0.0,"ms":0.0,"wi":86.76,"ei":10.0,"as":400.1,"mi":"E","mv":97184,"sc":1,"lpe":100.0,"lpr":2380.62,"lq":1.0,"d":1569734},{"pi":"359861","pc":"Аптека","ss":100000,"td":"Фешенебельный район","dc":1,"n":681.84,"vc":"488352","sl":"Очень высокий","sv":"6600","p":5966.0,"q":53.47,"b":3.77,"ms":14.0,"wi":88.64,"ei":6.21,"as":613.78,"mi":"E","mv":47151,"sc":1,"lpe":86.0,"lpr":1521.03,"lq":2.38,"d":2168610},{"pi":"359861","pc":"Аптека","ss":20000,"td":"Фешенебельный район","dc":3,"n":593.25,"vc":"32899","sl":"Низкий","sv":"15000","p":2000.0,"q":56.16,"b":0.0,"ms":10.69,"wi":57.18,"ei":9.78,"as":414.59,"mi":"E","mv":140366,"sc":1,"lpe":89.31,"lpr":2069.85,"lq":2.28,"d":2957344},{"pi":"359861","pc":"Аптека","ss":300000,"td":"Центр города","dc":1,"n":688.98,"vc":"3659506","sl":"Высокий","sv":"2060","p":11111.11,"q":60.06,"b":5.78,"ms":2.98,"wi":82.5,"ei":10.06,"as":577.84,"mi":"E","mv":69065,"sc":1,"lpe":97.02,"lpr":1899.4,"lq":1.0,"d":1232935},{"pi":"359861","pc":"Аптека","ss":100000,"td":"Фешенебельный район","dc":1,"n":610.08,"vc":"76365","sl":"Элитный","sv":"7420","p":2699.99,"q":54.9,"b":0.0,"ms":25.0,"wi":87.39,"ei":7.56,"as":606.74,"mi":"E","mv":29681,"sc":1,"lpe":75.0,"lpr":835.76,"lq":1.4,"d":247228},{"pi":"359861","pc":"Аптека","ss":20000,"td":"Центр города","dc":6,"n":482.39,"vc":"79204","sl":"Низкий","sv":"2190","p":12000.0,"q":30.81,"b":5.16,"ms":4.88,"wi":108.89,"ei":6.9,"as":793.8,"mi":"E","mv":44834,"sc":1,"lpe":95.12,"lpr":3925.4,"lq":1.0,"d":638590},{"pi":"359861","pc":"Аптека","ss":100000,"td":"Спальный район","dc":3,"n":279.98,"vc":"29665","sl":"Элитный","sv":"1208","p":10500.0,"q":14.32,"b":1.09,"ms":4.34,"wi":67.3,"ei":14.34,"as":847.07,"mi":"E","mv":27830,"sc":2,"lpe":95.64,"lpr":3120.66,"lq":1.0,"d":1641067},{"pi":"359861","pc":"Аптека","ss":200000,"td":"Центр города","dc":1,"n":241.28,"vc":"63849","sl":"Высокий","sv":"6","p":17000.0,"q":29.85,"b":0.0,"ms":0.02,"wi":67.3,"ei":14.34,"as":847.07,"mi":"E","mv":27830,"sc":2,"lpe":95.64,"lpr":3120.66,"lq":1.0,"d":1641067},{"pi":"359861","pc":"Аптека","ss":10000,"td":"Центр города","dc":6,"n":466.01,"vc":"31490","sl":"Низкий","sv":"7308","p":15000.0,"q":30.94,"b":5.16,"ms":7.48,"wi":138.85,"ei":7.1,"as":871.5,"mi":"E","mv":97681,"sc":1,"lpe":92.52,"lpr":5934.77,"lq":1.0,"d":995186},{"pi":"359861","pc":"Аптека","ss":10000,"td":"Центр города","dc":6,"n":542.85,"vc":"37896","sl":"Низкий","sv":"5000","p":10000.0,"q":30.95,"b":5.16,"ms":24.26,"wi":126.51,"ei":6.93,"as":840.0,"mi":"E","mv":20610,"sc":1,"lpe":75.74,"lpr":4143.75,"lq":1.76,"d":340778},{"pi":"359861","pc":"Аптека","ss":20000,"td":"Центр города","dc":6,"n":545.24,"vc":"102968","sl":"Низкий","sv":"1113","p":15000.0,"q":30.77,"b":5.16,"ms":5.9,"wi":116.11,"ei":6.51,"as":850.5,"mi":"E","mv":18865,"sc":1,"lpe":94.1,"lpr":4489.02,"lq":1.0,"d":381446},{"pi":"359861","pc":"Аптека","ss":300000,"td":"Центр города","dc":3,"n":459.19,"vc":"603736","sl":"Очень высокий","sv":"8296","p":9000.0,"q":65.49,"b":4.46,"ms":6.65,"wi":139.54,"ei":10.22,"as":506.56,"mi":"E","mv":124735,"sc":2,"lpe":93.3,"lpr":2350.63,"lq":3.5,"d":764647},{"pi":"359861","pc":"Аптека","ss":100000,"td":"Центр города","dc":1,"n":503.81,"vc":"272037","sl":"Элитный","sv":"62","p":11000.0,"q":32.71,"b":0.0,"ms":0.05,"wi":139.54,"ei":10.22,"as":506.56,"mi":"E","mv":124735,"sc":2,"lpe":93.3,"lpr":2350.63,"lq":3.5,"d":764647},{"pi":"359861","pc":"Аптека","ss":300000,"td":"Центр города","dc":1,"n":604.19,"vc":"2439621","sl":"Очень высокий","sv":"20000","p":45000.0,"q":38.45,"b":0.0,"ms":76.16,"wi":118.08,"ei":8.66,"as":606.26,"mi":"D","mv":26262,"sc":2,"lpe":20.04,"lpr":20377.6,"lq":1.97,"d":2622029},{"pi":"359861","pc":"Аптека","ss":100000,"td":"Фешенебельный район","dc":1,"n":506.99,"vc":"63302","sl":"Элитный","sv":"1000","p":30000.0,"q":54.88,"b":0.0,"ms":3.81,"wi":118.08,"ei":8.66,"as":606.26,"mi":"D","mv":26262,"sc":2,"lpe":20.04,"lpr":20377.6,"lq":1.97,"d":2622029},{"pi":"359861","pc":"Аптека","ss":100000,"td":"Центр города","dc":1,"n":493.7,"vc":"450345","sl":"Элитный","sv":"30000","p":2200.0,"q":31.13,"b":2.18,"ms":10.46,"wi":59.47,"ei":10.9,"as":441.22,"mi":"E","mv":286729,"sc":3,"lpe":76.89,"lpr":681.56,"lq":1.35,"d":4261006},{"pi":"359861","pc":"Аптека","ss":100000,"td":"Центр города","dc":1,"n":463.13,"vc":"335629","sl":"Элитный","sv":"27261","p":2200.0,"q":31.13,"b":2.18,"ms":9.51,"wi":59.47,"ei":10.9,"as":441.22,"mi":"E","mv":286729,"sc":3,"lpe":76.89,"lpr":681.56,"lq":1.35,"d":4261006},{"pi":"359861","pc":"Аптека","ss":100000,"td":"Центр города","dc":1,"n":461.96,"vc":"331889","sl":"Элитный","sv":"9000","p":2000.69,"q":47.19,"b":3.81,"ms":3.14,"wi":59.47,"ei":10.9,"as":441.22,"mi":"E","mv":286729,"sc":3,"lpe":76.89,"lpr":681.56,"lq":1.35,"d":4261006},{"pi":"359861","pc":"Аптека","ss":300000,"td":"Фешенебельный район","dc":1,"n":735.16,"vc":"1339497","sl":"Элитный","sv":"5019","p":75000.0,"q":66.61,"b":4.97,"ms":88.25,"wi":127.84,"ei":9.72,"as":447.17,"mi":"AAA","mv":5687,"sc":3,"lpe":0.0,"lpr":31065.98,"lq":7.46,"d":3094398},{"pi":"359861","pc":"Аптека","ss":300000,"td":"Фешенебельный район","dc":1,"n":525.93,"vc":"179354","sl":"Элитный","sv":"653","p":65000.0,"q":58.51,"b":2.375865237366,"ms":11.48,"wi":127.84,"ei":9.72,"as":447.17,"mi":"AAA","mv":5687,"sc":3,"lpe":0.0,"lpr":31065.98,"lq":7.46,"d":3094398},{"pi":"359861","pc":"Аптека","ss":3600,"td":"Окраина","dc":3,"n":235.65,"vc":"2758","sl":"Очень высокий","sv":"15","p":20000.0,"q":50.97,"b":0.0,"ms":0.26,"wi":127.84,"ei":9.72,"as":447.17,"mi":"AAA","mv":5687,"sc":3,"lpe":0.0,"lpr":31065.98,"lq":7.46,"d":3094398},{"pi":"359861","pc":"Аптека","ss":300000,"td":"Центр города","dc":1,"n":700.01,"vc":"8999752","sl":"Низкий","sv":"25000","p":25000.0,"q":66.67,"b":4.97,"ms":33.5,"wi":204.24,"ei":8.49,"as":694.24,"mi":"D","mv":74621,"sc":2,"lpe":32.99,"lpr":16634.17,"lq":22.4,"d":2593783},{"pi":"359861","pc":"Аптека","ss":300000,"td":"Центр города","dc":1,"n":700.01,"vc":"8999752","sl":"Низкий","sv":"25000","p":25000.0,"q":66.67,"b":4.97,"ms":33.5,"wi":204.24,"ei":8.49,"as":694.24,"mi":"D","mv":74621,"sc":2,"lpe":32.99,"lpr":16634.17,"lq":22.4,"d":2593783},{"pi":"359861","pc":"Аптека","ss":10000,"td":"Центр города","dc":2,"n":693.07,"vc":"125011","sl":"Низкий","sv":"5000","p":2000.0,"q":56.16,"b":0.0,"ms":39.87,"wi":59.5,"ei":10.64,"as":307.4,"mi":"E","mv":12542,"sc":1,"lpe":60.13,"lpr":5054.02,"lq":2.55,"d":581719},{"pi":"359861","pc":"Аптека","ss":600,"td":"Окраина","dc":1,"n":338.21,"vc":"794","sl":"Элитный","sv":"10","p":12000.0,"q":34.42,"b":0.0,"ms":0.09,"wi":145.59,"ei":6.3,"as":442.36,"mi":"E","mv":11446,"sc":1,"lpe":99.91,"lpr":4949.45,"lq":1.0,"d":94767},{"pi":"359861","pc":"Аптека","ss":30000,"td":"Центр города","dc":5,"n":565.87,"vc":"105468","sl":"Низкий","sv":"1128","p":12000.0,"q":30.95,"b":5.16,"ms":7.55,"wi":110.91,"ei":6.62,"as":808.5,"mi":"E","mv":14933,"sc":1,"lpe":92.45,"lpr":3438.55,"lq":2.14,"d":515405},{"pi":"359861","pc":"Аптека","ss":10000,"td":"Фешенебельный район","dc":2,"n":689.93,"vc":"15724","sl":"Очень высокий","sv":"4000","p":2000.0,"q":56.16,"b":0.0,"ms":40.0,"wi":70.82,"ei":8.74,"as":488.88,"mi":"B","mv":10000,"sc":3,"lpe":0.0,"lpr":3914.6,"lq":2.7,"d":315295},{"pi":"359861","pc":"Аптека","ss":10000,"td":"Фешенебельный район","dc":4,"n":689.93,"vc":"15724","sl":"Высокий","sv":"3000","p":2000.0,"q":56.16,"b":0.0,"ms":30.0,"wi":70.82,"ei":8.74,"as":488.88,"mi":"B","mv":10000,"sc":3,"lpe":0.0,"lpr":3914.6,"lq":2.7,"d":315295},{"pi":"359861","pc":"Аптека","ss":10000,"td":"Фешенебельный район","dc":3,"n":689.93,"vc":"15724","sl":"Очень высокий","sv":"3000","p":2000.0,"q":56.16,"b":0.0,"ms":30.0,"wi":70.82,"ei":8.74,"as":488.88,"mi":"B","mv":10000,"sc":3,"lpe":0.0,"lpr":3914.6,"lq":2.7,"d":315295},{"pi":"359861","pc":"Аптека","ss":100000,"td":"Фешенебельный район","dc":1,"n":398.67,"vc":"41734","sl":"Элитный","sv":"467208","p":10344.15,"q":50.61,"b":0.0,"ms":27.96,"wi":130.83,"ei":9.99,"as":1301.44,"mi":"E","mv":1670884,"sc":1,"lpe":72.04,"lpr":6005.34,"lq":2.23,"d":14649834},{"pi":"359861","pc":"Аптека","ss":100000,"td":"Фешенебельный район","dc":1,"n":530.48,"vc":"75969","sl":"Элитный","sv":"510","p":17000.0,"q":43.51,"b":0.0,"ms":1.82,"wi":47.01,"ei":5.75,"as":625.33,"mi":"E","mv":28045,"sc":1,"lpe":98.18,"lpr":2251.38,"lq":1.0,"d":735598},{"pi":"359861","pc":"Аптека","ss":1000,"td":"Центр города","dc":1,"n":228.23,"vc":"1461","sl":"Элитный","sv":"3084","p":14000.0,"q":18.17,"b":0.0,"ms":3.1,"wi":182.64,"ei":7.14,"as":561.83,"mi":"E","mv":99513,"sc":2,"lpe":96.9,"lpr":6554.07,"lq":1.0,"d":908124},{"pi":"359861","pc":"Аптека","ss":1000,"td":"Центр города","dc":1,"n":60.67,"vc":"852","sl":"Элитный","sv":"4","p":13000.0,"q":2.46,"b":0.0,"ms":0.0,"wi":182.64,"ei":7.14,"as":561.83,"mi":"E","mv":99513,"sc":2,"lpe":96.9,"lpr":6554.07,"lq":1.0,"d":908124},{"pi":"359861","pc":"Аптека","ss":500,"td":"Центр города","dc":1,"n":535.24,"vc":"3106","sl":"Низкий","sv":"100","p":10000.0,"q":41.67,"b":0.0,"ms":0.25,"wi":123.85,"ei":6.87,"as":524.93,"mi":"E","mv":39484,"sc":3,"lpe":99.68,"lpr":2328.7,"lq":1.0,"d":272374},{"pi":"359861","pc":"Аптека","ss":500,"td":"Фешенебельный район","dc":1,"n":665.72,"vc":"912","sl":"Очень высокий","sv":"26","p":15000.0,"q":35.2,"b":0.0,"ms":0.07,"wi":123.85,"ei":6.87,"as":524.93,"mi":"E","mv":39484,"sc":3,"lpe":99.68,"lpr":2328.7,"lq":1.0,"d":272374},{"pi":"359861","pc":"Аптека","ss":500,"td":"Центр города","dc":1,"n":285.17,"vc":"1286","sl":"Высокий","sv":"1","p":16000.0,"q":25.37,"b":0.0,"ms":0.0,"wi":123.85,"ei":6.87,"as":524.93,"mi":"E","mv":39484,"sc":3,"lpe":99.68,"lpr":2328.7,"lq":1.0,"d":272374},{"pi":"359861","pc":"Аптека","ss":100000,"td":"Центр города","dc":1,"n":389.01,"vc":"129652","sl":"Элитный","sv":"900","p":10000.0,"q":59.68,"b":0.67,"ms":0.25,"wi":70.45,"ei":5.57,"as":417.65,"mi":"E","mv":367040,"sc":2,"lpe":99.73,"lpr":2170.37,"lq":1.0,"d":2155710},{"pi":"359861","pc":"Аптека","ss":100000,"td":"Фешенебельный район","dc":1,"n":398.29,"vc":"21263","sl":"Элитный","sv":"90","p":11000.0,"q":23.61,"b":0.0,"ms":0.02,"wi":70.45,"ei":5.57,"as":417.65,"mi":"E","mv":367040,"sc":2,"lpe":99.73,"lpr":2170.37,"lq":1.0,"d":2155710},{"pi":"359861","pc":"Аптека","ss":1000,"td":"Фешенебельный район","dc":1,"n":575.41,"vc":"1263","sl":"Элитный","sv":"1","p":15000.0,"q":23.22,"b":0.0,"ms":0.0,"wi":63.09,"ei":6.79,"as":604.49,"mi":"E","mv":77750,"sc":1,"lpe":100.0,"lpr":1766.26,"lq":1.0,"d":985116},{"pi":"359861","pc":"Аптека","ss":1000,"td":"Фешенебельный район","dc":1,"n":573.57,"vc":"1674","sl":"Очень высокий","sv":"39","p":15000.0,"q":35.3,"b":2.53333333333333,"ms":0.02,"wi":125.62,"ei":10.15,"as":963.22,"mi":"E","mv":167861,"sc":1,"lpe":99.98,"lpr":2119.4,"lq":1.0,"d":1161098},{"pi":"359861","pc":"Аптека","ss":1000,"td":"Фешенебельный район","dc":1,"n":606.24,"vc":"1480","sl":"Элитный","sv":"4","p":12000.0,"q":31.81,"b":0.0,"ms":0.01,"wi":110.7,"ei":8.09,"as":1137.21,"mi":"E","mv":67554,"sc":1,"lpe":99.99,"lpr":1624.05,"lq":1.0,"d":482750},{"pi":"359861","pc":"Аптека","ss":100000,"td":"Фешенебельный район","dc":1,"n":550.22,"vc":"99691","sl":"Элитный","sv":"1808","p":15000.0,"q":41.6,"b":1.1,"ms":0.42,"wi":83.74,"ei":7.13,"as":439.98,"mi":"E","mv":431693,"sc":3,"lpe":99.55,"lpr":3801.29,"lq":1.0,"d":2742310},{"pi":"359861","pc":"Аптека","ss":10000,"td":"Фешенебельный район","dc":1,"n":140.86,"vc":"608","sl":"Очень высокий","sv":"128","p":9500.0,"q":10.43,"b":0.0,"ms":0.03,"wi":83.74,"ei":7.13,"as":439.98,"mi":"E","mv":431693,"sc":3,"lpe":99.55,"lpr":3801.29,"lq":1.0,"d":2742310},{"pi":"359861","pc":"Аптека","ss":100000,"td":"Центр города","dc":3,"n":323.49,"vc":"112677","sl":"Низкий","sv":"3","p":18200.0,"q":30.71,"b":0.0366666666666667,"ms":0.0,"wi":83.74,"ei":7.13,"as":439.98,"mi":"E","mv":431693,"sc":3,"lpe":99.55,"lpr":3801.29,"lq":1.0,"d":2742310},{"pi":"359861","pc":"Аптека","ss":300000,"td":"Центр города","dc":2,"n":462.46,"vc":"765435","sl":"Элитный","sv":"11250","p":8000.0,"q":65.49,"b":2.83,"ms":3.11,"wi":113.04,"ei":8.54,"as":476.48,"mi":"E","mv":361832,"sc":2,"lpe":96.4,"lpr":2843.67,"lq":1.0,"d":1376961},{"pi":"359861","pc":"Аптека","ss":100000,"td":"Фешенебельный район","dc":1,"n":559.79,"vc":"85884","sl":"Элитный","sv":"1794","p":12000.0,"q":51.72,"b":4.69,"ms":0.5,"wi":113.04,"ei":8.54,"as":476.48,"mi":"E","mv":361832,"sc":2,"lpe":96.4,"lpr":2843.67,"lq":1.0,"d":1376961},{"pi":"359861","pc":"Аптека","ss":100000,"td":"Центр города","dc":1,"n":602.79,"vc":"359006","sl":"Элитный","sv":"70","p":8900.0,"q":59.68,"b":0.67,"ms":0.08,"wi":17.41,"ei":13.83,"as":436.91,"mi":"E","mv":90247,"sc":1,"lpe":99.92,"lpr":1173.32,"lq":1.0,"d":1560619},{"pi":"359861","pc":"Аптека","ss":100000,"td":"Центр города","dc":3,"n":507.38,"vc":"320059","sl":"Высокий","sv":"6000","p":38550.0,"q":38.45,"b":0.0,"ms":12.72,"wi":164.15,"ei":6.07,"as":325.78,"mi":"E","mv":47153,"sc":3,"lpe":69.2,"lpr":16151.52,"lq":1.74,"d":1280639},{"pi":"359861","pc":"Аптека","ss":300000,"td":"Фешенебельный район","dc":1,"n":594.07,"vc":"250884","sl":"Нормальный","sv":"5000","p":28000.0,"q":54.88,"b":0.0,"ms":10.6,"wi":164.15,"ei":6.07,"as":325.78,"mi":"E","mv":47153,"sc":3,"lpe":69.2,"lpr":16151.52,"lq":1.74,"d":1280639},{"pi":"359861","pc":"Аптека","ss":31000,"td":"Центр города","dc":1,"n":469.65,"vc":"82305","sl":"Элитный","sv":"3523","p":20000.0,"q":23.81,"b":0.0,"ms":7.47,"wi":164.15,"ei":6.07,"as":325.78,"mi":"E","mv":47153,"sc":3,"lpe":69.2,"lpr":16151.52,"lq":1.74,"d":1280639},{"pi":"359861","pc":"Аптека","ss":100000,"td":"Центр города","dc":1,"n":544.03,"vc":"326607","sl":"Элитный","sv":"905","p":18000.0,"q":65.38,"b":4.89,"ms":5.78,"wi":68.74,"ei":8.84,"as":495.19,"mi":"E","mv":15648,"sc":1,"lpe":94.22,"lpr":2668.66,"lq":1.03,"d":574400},{"pi":"359861","pc":"Аптека","ss":300000,"td":"Фешенебельный район","dc":1,"n":489.03,"vc":"175325","sl":"Элитный","sv":"35000","p":18000.0,"q":38.45,"b":0.0,"ms":5.66,"wi":133.84,"ei":10.12,"as":1138.38,"mi":"E","mv":618897,"sc":2,"lpe":92.5,"lpr":7592.34,"lq":1.0,"d":7087010},{"pi":"359861","pc":"Аптека","ss":100000,"td":"Центр города","dc":1,"n":452.51,"vc":"362138","sl":"Элитный","sv":"11425","p":12000.0,"q":34.77,"b":0.0,"ms":1.85,"wi":133.84,"ei":10.12,"as":1138.38,"mi":"E","mv":618897,"sc":2,"lpe":92.5,"lpr":7592.34,"lq":1.0,"d":7087010},{"pi":"359861","pc":"Аптека","ss":100000,"td":"Центр города","dc":1,"n":464.63,"vc":"271240","sl":"Очень высокий","sv":"11044","p":13500.0,"q":32.77,"b":0.0,"ms":4.7,"wi":150.46,"ei":9.22,"as":844.62,"mi":"E","mv":234903,"sc":2,"lpe":95.28,"lpr":3477.29,"lq":1.0,"d":2224798},{"pi":"359861","pc":"Аптека","ss":100000,"td":"Центр города","dc":4,"n":396.27,"vc":"140563","sl":"Низкий","sv":"39","p":15000.0,"q":25.79,"b":0.0,"ms":0.02,"wi":150.46,"ei":9.22,"as":844.62,"mi":"E","mv":234903,"sc":2,"lpe":95.28,"lpr":3477.29,"lq":1.0,"d":2224798},{"pi":"359861","pc":"Аптека","ss":200000,"td":"Центр города","dc":5,"n":553.81,"vc":"843217","sl":"Нормальный","sv":"418","p":12000.0,"q":20.64,"b":0.0,"ms":6.29,"wi":71.4,"ei":9.67,"as":424.7,"mi":"E","mv":6641,"sc":1,"lpe":93.71,"lpr":3322.3,"lq":1.0,"d":822921},{"pi":"359861","pc":"Аптека","ss":100000,"td":"Центр города","dc":1,"n":395.0,"vc":"145510","sl":"Элитный","sv":"18000","p":19000.0,"q":32.75,"b":0.0,"ms":3.29,"wi":272.68,"ei":8.68,"as":904.39,"mi":"E","mv":546916,"sc":4,"lpe":96.01,"lpr":6420.43,"lq":1.0,"d":2542664},{"pi":"359861","pc":"Аптека","ss":10000,"td":"Центр города","dc":1,"n":366.0,"vc":"20871","sl":"Элитный","sv":"3610","p":5750.0,"q":39.15,"b":0.0,"ms":0.66,"wi":272.68,"ei":8.68,"as":904.39,"mi":"E","mv":546916,"sc":4,"lpe":96.01,"lpr":6420.43,"lq":1.0,"d":2542664},{"pi":"359861","pc":"Аптека","ss":10000,"td":"Спальный район","dc":4,"n":234.19,"vc":"5905","sl":"Элитный","sv":"200","p":15500.0,"q":18.43,"b":0.0,"ms":0.04,"wi":272.68,"ei":8.68,"as":904.39,"mi":"E","mv":546916,"sc":4,"lpe":96.01,"lpr":6420.43,"lq":1.0,"d":2542664},{"pi":"359861","pc":"Аптека","ss":100000,"td":"Центр города","dc":3,"n":373.74,"vc":"177908","sl":"Низкий","sv":"31","p":28100.0,"q":34.31,"b":0.114838709677419,"ms":0.01,"wi":272.68,"ei":8.68,"as":904.39,"mi":"E","mv":546916,"sc":4,"lpe":96.01,"lpr":6420.43,"lq":1.0,"d":2542664},{"pi":"359861","pc":"Аптека","ss":10000,"td":"Центр города","dc":1,"n":439.86,"vc":"22927","sl":"Элитный","sv":"2","p":7500.0,"q":2.13,"b":0.0,"ms":0.01,"wi":112.91,"ei":10.64,"as":458.14,"mi":"E","mv":19796,"sc":1,"lpe":99.99,"lpr":2576.21,"lq":1.0,"d":698386},{"pi":"359861","pc":"Аптека","ss":100000,"td":"Центр города","dc":1,"n":531.23,"vc":"422267","sl":"Элитный","sv":"1","p":3750.0,"q":34.19,"b":0.64,"ms":0.0,"wi":33.53,"ei":9.72,"as":745.56,"mi":"E","mv":51208,"sc":1,"lpe":100.0,"lpr":759.98,"lq":1.0,"d":1726422},{"pi":"359861","pc":"Аптека","ss":100000,"td":"Фешенебельный район","dc":9,"n":520.29,"vc":"86604","sl":"Очень высокий","sv":"91","p":16500.0,"q":39.13,"b":0.0,"ms":0.02,"wi":158.19,"ei":10.48,"as":1309.04,"mi":"E","mv":523968,"sc":2,"lpe":99.98,"lpr":3473.17,"lq":1.0,"d":1310736},{"pi":"359861","pc":"Аптека","ss":1000,"td":"Фешенебельный район","dc":1,"n":43.78,"vc":"132","sl":"Элитный","sv":"10","p":10500.0,"q":8.31,"b":0.0,"ms":0.0,"wi":158.19,"ei":10.48,"as":1309.04,"mi":"E","mv":523968,"sc":2,"lpe":99.98,"lpr":3473.17,"lq":1.0,"d":1310736},{"pi":"359861","pc":"Аптека","ss":100000,"td":"Центр города","dc":1,"n":490.81,"vc":"217265","sl":"Элитный","sv":"1028","p":2000.0,"q":34.19,"b":0.64,"ms":1.96,"wi":21.88,"ei":9.99,"as":710.32,"mi":"E","mv":52509,"sc":1,"lpe":98.04,"lpr":463.76,"lq":1.0,"d":1579154},{"pi":"359861","pc":"Аптека","ss":10000,"td":"Фешенебельный район","dc":6,"n":526.73,"vc":"7716","sl":"Очень высокий","sv":"2139","p":8900.0,"q":30.32,"b":0.64,"ms":10.03,"wi":98.97,"ei":6.99,"as":423.79,"mi":"E","mv":21330,"sc":1,"lpe":89.97,"lpr":2223.77,"lq":1.01,"d":352031},{"pi":"359861","pc":"Аптека","ss":10000,"td":"Фешенебельный район","dc":1,"n":612.12,"vc":"14887","sl":"Элитный","sv":"4532","p":21000.0,"q":23.52,"b":0.0,"ms":16.54,"wi":129.94,"ei":9.88,"as":658.88,"mi":"E","mv":27408,"sc":1,"lpe":83.46,"lpr":4530.54,"lq":4.57,"d":1206606},{"pi":"359861","pc":"Аптека","ss":10000,"td":"Центр города","dc":1,"n":440.77,"vc":"37789","sl":"Очень высокий","sv":"5000","p":9500.0,"q":38.78,"b":0.84,"ms":1.29,"wi":162.53,"ei":11.17,"as":696.76,"mi":"E","mv":387372,"sc":2,"lpe":98.5,"lpr":5394.05,"lq":1.0,"d":2856570},{"pi":"359861","pc":"Аптека","ss":10000,"td":"Центр города","dc":1,"n":440.77,"vc":"37789","sl":"Очень высокий","sv":"800","p":15000.0,"q":41.67,"b":0.0,"ms":0.21,"wi":162.53,"ei":11.17,"as":696.76,"mi":"E","mv":387372,"sc":2,"lpe":98.5,"lpr":5394.05,"lq":1.0,"d":2856570},{"pi":"359861","pc":"Аптека","ss":100000,"td":"Центр города","dc":1,"n":642.47,"vc":"718362","sl":"Очень высокий","sv":"1","p":16854.27,"q":73.05,"b":1.19,"ms":0.01,"wi":41.87,"ei":7.57,"as":211.08,"mi":"E","mv":9566,"sc":1,"lpe":99.99,"lpr":2324.96,"lq":1.0,"d":563916},{"pi":"359861","pc":"Аптека","ss":100000,"td":"Центр города","dc":1,"n":405.58,"vc":"139450","sl":"Элитный","sv":"85","p":10000.0,"q":59.68,"b":0.63,"ms":0.09,"wi":101.28,"ei":9.04,"as":523.24,"mi":"E","mv":93004,"sc":2,"lpe":99.9,"lpr":2629.94,"lq":1.0,"d":1683757},{"pi":"359861","pc":"Аптека","ss":100000,"td":"Фешенебельный район","dc":1,"n":503.08,"vc":"53412","sl":"Элитный","sv":"4","p":10000.0,"q":27.18,"b":0.0,"ms":0.0,"wi":101.28,"ei":9.04,"as":523.24,"mi":"E","mv":93004,"sc":2,"lpe":99.9,"lpr":2629.94,"lq":1.0,"d":1683757},{"pi":"359861","pc":"Аптека","ss":100000,"td":"Фешенебельный район","dc":1,"n":549.06,"vc":"77000","sl":"Очень высокий","sv":"21","p":14000.0,"q":37.04,"b":0.0,"ms":0.02,"wi":106.33,"ei":8.51,"as":544.68,"mi":"E","mv":126644,"sc":1,"lpe":99.98,"lpr":2962.1,"lq":1.0,"d":1353480},{"pi":"359861","pc":"Аптека","ss":100000,"td":"Фешенебельный район","dc":1,"n":612.2,"vc":"193926","sl":"Очень высокий","sv":"26469","p":10000.0,"q":42.95,"b":1.66,"ms":7.83,"wi":120.36,"ei":11.52,"as":869.1,"mi":"E","mv":337866,"sc":2,"lpe":91.83,"lpr":3914.3,"lq":1.0,"d":3343500},{"pi":"359861","pc":"Аптека","ss":100000,"td":"Фешенебельный район","dc":1,"n":607.79,"vc":"278804","sl":"Элитный","sv":"1118","p":13500.0,"q":50.82,"b":4.37,"ms":0.33,"wi":120.36,"ei":11.52,"as":869.1,"mi":"E","mv":337866,"sc":2,"lpe":91.83,"lpr":3914.3,"lq":1.0,"d":3343500},{"pi":"359861","pc":"Аптека","ss":300000,"td":"Фешенебельный район","dc":1,"n":638.96,"vc":"708969","sl":"Очень высокий","sv":"3000","p":9600.0,"q":57.7,"b":3.83,"ms":2.88,"wi":105.18,"ei":8.22,"as":465.04,"mi":"E","mv":104136,"sc":1,"lpe":97.12,"lpr":2818.97,"lq":1.0,"d":1964024},{"pi":"359861","pc":"Аптека","ss":100000,"td":"Фешенебельный район","dc":1,"n":617.23,"vc":"93355","sl":"Элитный","sv":"10525","p":2749.99,"q":54.9,"b":0.0,"ms":25.0,"wi":72.71,"ei":8.05,"as":617.77,"mi":"E","mv":42102,"sc":1,"lpe":75.0,"lpr":1079.91,"lq":1.79,"d":360644},{"pi":"359861","pc":"Аптека","ss":100000,"td":"Центр города","dc":1,"n":549.7,"vc":"388327","sl":"Элитный","sv":"8000","p":6000.68,"q":47.19,"b":4.66,"ms":4.26,"wi":196.67,"ei":7.3,"as":448.11,"mi":"E","mv":187936,"sc":1,"lpe":95.74,"lpr":3036.88,"lq":1.0,"d":599114},{"pi":"359861","pc":"Аптека","ss":250000,"td":"Центр города","dc":10,"n":555.89,"vc":"988742","sl":"Низкий","sv":"2346","p":23000.0,"q":59.05,"b":0.0,"ms":24.99,"wi":109.14,"ei":5.4,"as":490.3,"mi":"E","mv":9389,"sc":3,"lpe":67.72,"lpr":6763.83,"lq":2.82,"d":243658},{"pi":"359861","pc":"Аптека","ss":1000,"td":"Фешенебельный район","dc":1,"n":527.14,"vc":"1095","sl":"Элитный","sv":"475","p":14500.0,"q":36.89,"b":1.9,"ms":5.06,"wi":109.14,"ei":5.4,"as":490.3,"mi":"E","mv":9389,"sc":3,"lpe":67.72,"lpr":6763.83,"lq":2.82,"d":243658},{"pi":"359861","pc":"Аптека","ss":1400,"td":"Спальный район","dc":1,"n":289.9,"vc":"1761","sl":"Элитный","sv":"210","p":19000.0,"q":38.45,"b":0.0,"ms":2.24,"wi":109.14,"ei":5.4,"as":490.3,"mi":"E","mv":9389,"sc":3,"lpe":67.72,"lpr":6763.83,"lq":2.82,"d":243658},{"pi":"359861","pc":"Аптека","ss":100000,"td":"Центр города","dc":1,"n":557.48,"vc":"411715","sl":"Элитный","sv":"8000","p":4550.69,"q":47.19,"b":4.66,"ms":4.67,"wi":198.82,"ei":6.75,"as":373.54,"mi":"E","mv":171257,"sc":1,"lpe":95.33,"lpr":2848.82,"lq":1.0,"d":571802},{"pi":"359861","pc":"Аптека","ss":1000,"td":"Центр города","dc":1,"n":192.47,"vc":"2677","sl":"Нормальный","sv":"11","p":10500.0,"q":2.23,"b":0.0,"ms":0.0,"wi":97.4,"ei":7.67,"as":500.44,"mi":"E","mv":769302,"sc":1,"lpe":100.0,"lpr":5383.61,"lq":1.0,"d":9120796},{"pi":"359861","pc":"Аптека","ss":100000,"td":"Фешенебельный район","dc":1,"n":561.59,"vc":"43831","sl":"Элитный","sv":"16556","p":674.66,"q":50.13,"b":0.0,"ms":23.62,"wi":28.18,"ei":10.56,"as":814.97,"mi":"E","mv":70101,"sc":1,"lpe":76.38,"lpr":120.08,"lq":1.37,"d":1335863},{"pi":"359861","pc":"Аптека","ss":300000,"td":"Фешенебельный район","dc":1,"n":754.19,"vc":"742904","sl":"Элитный","sv":"2000","p":50000.11,"q":66.67,"b":6.2,"ms":62.34,"wi":187.21,"ei":8.42,"as":449.89,"mi":"D","mv":3208,"sc":1,"lpe":37.66,"lpr":16099.31,"lq":1.55,"d":327752},{"pi":"359861","pc":"Аптека","ss":100000,"td":"Центр города","dc":1,"n":433.61,"vc":"161973","sl":"Элитный","sv":"20000","p":4000.0,"q":31.13,"b":2.23,"ms":4.85,"wi":128.49,"ei":11.47,"as":1034.0,"mi":"E","mv":411994,"sc":3,"lpe":90.29,"lpr":2517.06,"lq":1.0,"d":1195907},{"pi":"359861","pc":"Аптека","ss":100000,"td":"Центр города","dc":1,"n":396.73,"vc":"113614","sl":"Элитный","sv":"20000","p":5000.0,"q":31.13,"b":2.23,"ms":4.85,"wi":128.49,"ei":11.47,"as":1034.0,"mi":"E","mv":411994,"sc":3,"lpe":90.29,"lpr":2517.06,"lq":1.0,"d":1195907},{"pi":"359861","pc":"Аптека","ss":100000,"td":"Центр города","dc":1,"n":540.51,"vc":"452763","sl":"Очень высокий","sv":"5","p":3000.0,"q":41.69,"b":4.17,"ms":0.0,"wi":128.49,"ei":11.47,"as":1034.0,"mi":"E","mv":411994,"sc":3,"lpe":90.29,"lpr":2517.06,"lq":1.0,"d":1195907},{"pi":"359861","pc":"Аптека","ss":100000,"td":"Фешенебельный район","dc":1,"n":560.97,"vc":"67466","sl":"Очень высокий","sv":"15","p":18000.0,"q":23.92,"b":0.138,"ms":0.01,"wi":173.49,"ei":6.56,"as":364.0,"mi":"E","mv":101917,"sc":1,"lpe":99.99,"lpr":2337.16,"lq":1.0,"d":668814},{"pi":"359861","pc":"Аптека","ss":300000,"td":"Фешенебельный район","dc":2,"n":598.45,"vc":"516878","sl":"Элитный","sv":"5621","p":9500.0,"q":39.88,"b":4.17,"ms":1.93,"wi":113.51,"ei":8.53,"as":638.15,"mi":"E","mv":291096,"sc":3,"lpe":97.62,"lpr":4758.76,"lq":1.0,"d":7713964},{"pi":"359861","pc":"Аптека","ss":100000,"td":"Центр города","dc":2,"n":202.1,"vc":"33577","sl":"Нормальный","sv":"1200","p":8200.0,"q":16.04,"b":0.0,"ms":0.41,"wi":113.51,"ei":8.53,"as":638.15,"mi":"E","mv":291096,"sc":3,"lpe":97.62,"lpr":4758.76,"lq":1.0,"d":7713964},{"pi":"359861","pc":"Аптека","ss":10000,"td":"Фешенебельный район","dc":6,"n":315.94,"vc":"4782","sl":"Элитный","sv":"100","p":10500.0,"q":30.95,"b":0.61,"ms":0.03,"wi":113.51,"ei":8.53,"as":638.15,"mi":"E","mv":291096,"sc":3,"lpe":97.62,"lpr":4758.76,"lq":1.0,"d":7713964},{"pi":"359861","pc":"Аптека","ss":100000,"td":"Фешенебельный район","dc":1,"n":445.45,"vc":"61743","sl":"Элитный","sv":"55655","p":5999.99,"q":54.88,"b":0.0,"ms":3.31,"wi":93.19,"ei":7.44,"as":591.34,"mi":"E","mv":1683894,"sc":5,"lpe":93.46,"lpr":2261.27,"lq":1.0,"d":12407402},{"pi":"359861","pc":"Аптека","ss":100000,"td":"Центр города","dc":1,"n":513.53,"vc":"792106","sl":"Очень высокий","sv":"43322","p":6999.0,"q":41.23,"b":0.0,"ms":2.57,"wi":93.19,"ei":7.44,"as":591.34,"mi":"E","mv":1683894,"sc":5,"lpe":93.46,"lpr":2261.27,"lq":1.0,"d":12407402},{"pi":"359861","pc":"Аптека","ss":299200,"td":"Фешенебельный район","dc":1,"n":686.95,"vc":"2142879","sl":"Очень высокий","sv":"10000","p":9300.0,"q":54.85,"b":2.74,"ms":0.59,"wi":93.19,"ei":7.44,"as":591.34,"mi":"E","mv":1683894,"sc":5,"lpe":93.46,"lpr":2261.27,"lq":1.0,"d":12407402},{"pi":"359861","pc":"Аптека","ss":200000,"td":"Фешенебельный район","dc":1,"n":603.95,"vc":"883478","sl":"Элитный","sv":"1100","p":6000.0,"q":23.58,"b":0.175454545454545,"ms":0.07,"wi":93.19,"ei":7.44,"as":591.34,"mi":"E","mv":1683894,"sc":5,"lpe":93.46,"lpr":2261.27,"lq":1.0,"d":12407402},{"pi":"359861","pc":"Аптека","ss":10000,"td":"Фешенебельный район","dc":6,"n":287.16,"vc":"4564","sl":"Элитный","sv":"133","p":8500.0,"q":29.95,"b":0.61,"ms":0.01,"wi":93.19,"ei":7.44,"as":591.34,"mi":"E","mv":1683894,"sc":5,"lpe":93.46,"lpr":2261.27,"lq":1.0,"d":12407402},{"pi":"359861","pc":"Аптека","ss":100000,"td":"Фешенебельный район","dc":1,"n":685.2,"vc":"600662","sl":"Очень высокий","sv":"5000","p":11510.0,"q":53.47,"b":3.44,"ms":2.88,"wi":90.5,"ei":7.31,"as":646.78,"mi":"E","mv":173429,"sc":1,"lpe":97.12,"lpr":3578.86,"lq":1.0,"d":3572910},{"pi":"359861","pc":"Аптека","ss":100000,"td":"Фешенебельный район","dc":1,"n":690.59,"vc":"206942","sl":"Элитный","sv":"1011","p":7473.0,"q":53.47,"b":4.18,"ms":9.86,"wi":184.51,"ei":7.22,"as":1771.33,"mi":"E","mv":10254,"sc":1,"lpe":90.14,"lpr":1890.95,"lq":3.6,"d":207917},{"pi":"359861","pc":"Аптека","ss":100000,"td":"Фешенебельный район","dc":1,"n":508.28,"vc":"47812","sl":"Элитный","sv":"44","p":20000.0,"q":54.89,"b":0.0,"ms":0.09,"wi":127.0,"ei":8.69,"as":572.25,"mi":"E","mv":49942,"sc":2,"lpe":99.87,"lpr":4162.95,"lq":1.0,"d":1063618},{"pi":"359861","pc":"Аптека","ss":10000,"td":"Окраина","dc":2,"n":416.63,"vc":"13422","sl":"Высокий","sv":"23","p":15000.0,"q":18.43,"b":0.0,"ms":0.05,"wi":127.0,"ei":8.69,"as":572.25,"mi":"E","mv":49942,"sc":2,"lpe":99.87,"lpr":4162.95,"lq":1.0,"d":1063618},{"pi":"359861","pc":"Аптека","ss":300000,"td":"Центр города","dc":1,"n":689.49,"vc":"4524476","sl":"Нормальный","sv":"29706","p":3333.33,"q":61.32,"b":4.06,"ms":9.52,"wi":111.51,"ei":21.28,"as":1468.66,"mi":"E","mv":312093,"sc":2,"lpe":90.47,"lpr":1092.03,"lq":1.0,"d":1378830},{"pi":"359861","pc":"Аптека","ss":10000,"td":"Фешенебельный район","dc":1,"n":200.43,"vc":"743","sl":"Элитный","sv":"39","p":2601.0,"q":57.77,"b":0.95,"ms":0.01,"wi":111.51,"ei":21.28,"as":1468.66,"mi":"E","mv":312093,"sc":2,"lpe":90.47,"lpr":1092.03,"lq":1.0,"d":1378830},{"pi":"359861","pc":"Аптека","ss":100000,"td":"Центр города","dc":1,"n":442.3,"vc":"293518","sl":"Элитный","sv":"3000","p":7500.0,"q":65.49,"b":3.93,"ms":2.35,"wi":75.18,"ei":8.06,"as":476.48,"mi":"E","mv":127545,"sc":1,"lpe":97.65,"lpr":2441.03,"lq":1.0,"d":1616602},{"pi":"359861","pc":"Аптека","ss":10000,"td":"Спальный район","dc":2,"n":43.1,"vc":"1373","sl":"Элитный","sv":"4337","p":6140.8,"q":26.07,"b":0.14,"ms":13.98,"wi":61.24,"ei":15.08,"as":781.94,"mi":"E","mv":31012,"sc":1,"lpe":86.02,"lpr":3715.53,"lq":1.46,"d":2743369},{"pi":"359861","pc":"Аптека","ss":100000,"td":"Фешенебельный район","dc":1,"n":704.85,"vc":"183618","sl":"Высокий","sv":"582","p":25000.0,"q":46.5,"b":0.0,"ms":3.83,"wi":166.7,"ei":7.49,"as":1385.34,"mi":"E","mv":15209,"sc":1,"lpe":96.17,"lpr":5598.82,"lq":1.0,"d":232843},{"pi":"359861","pc":"Аптека","ss":100000,"td":"Центр города","dc":1,"n":480.49,"vc":"197048","sl":"Элитный","sv":"1300","p":14000.0,"q":59.68,"b":0.76,"ms":4.84,"wi":94.64,"ei":7.4,"as":507.89,"mi":"E","mv":26871,"sc":1,"lpe":95.16,"lpr":3649.76,"lq":1.0,"d":577518},{"pi":"359861","pc":"Аптека","ss":500,"td":"Центр города","dc":1,"n":463.12,"vc":"3033","sl":"Низкий","sv":"1679","p":4622.52,"q":50.55,"b":4.5,"ms":1.01,"wi":149.02,"ei":6.26,"as":1035.1,"mi":"E","mv":166933,"sc":1,"lpe":98.99,"lpr":1101.12,"lq":1.0,"d":771690},{"pi":"359861","pc":"Аптека","ss":10000,"td":"Фешенебельный район","dc":6,"n":445.71,"vc":"6284","sl":"Очень высокий","sv":"8","p":8000.0,"q":29.62,"b":0.64,"ms":0.01,"wi":107.53,"ei":6.35,"as":410.48,"mi":"E","mv":67855,"sc":1,"lpe":99.99,"lpr":2152.3,"lq":1.0,"d":1084071},{"pi":"359861","pc":"Аптека","ss":200000,"td":"Пригород","dc":3,"n":299.35,"vc":"30945","sl":"Элитный","sv":"2649","p":12000.0,"q":16.92,"b":0.0,"ms":5.61,"wi":103.47,"ei":10.86,"as":552.15,"mi":"E","mv":47213,"sc":1,"lpe":94.39,"lpr":5075.49,"lq":1.0,"d":1422751},{"pi":"359861","pc":"Аптека","ss":100000,"td":"Фешенебельный район","dc":1,"n":602.22,"vc":"130107","sl":"Высокий","sv":"5331","p":16459.0,"q":44.03,"b":0.37414368786344,"ms":1.86,"wi":165.4,"ei":7.13,"as":2149.24,"mi":"E","mv":285987,"sc":2,"lpe":97.53,"lpr":6954.36,"lq":1.0,"d":1406244},{"pi":"359861","pc":"Аптека","ss":100000,"td":"Центр города","dc":1,"n":419.43,"vc":"224361","sl":"Элитный","sv":"1732","p":22000.0,"q":58.74,"b":0.144561200923788,"ms":0.61,"wi":165.4,"ei":7.13,"as":2149.24,"mi":"E","mv":285987,"sc":2,"lpe":97.53,"lpr":6954.36,"lq":1.0,"d":1406244},{"pi":"359861","pc":"Аптека","ss":100000,"td":"Центр города","dc":1,"n":574.57,"vc":"377266","sl":"Элитный","sv":"5000","p":4100.69,"q":47.19,"b":5.02,"ms":5.8,"wi":139.43,"ei":9.42,"as":1504.15,"mi":"E","mv":86224,"sc":1,"lpe":94.2,"lpr":1156.95,"lq":1.0,"d":320966},{"pi":"359861","pc":"Аптека","ss":10000,"td":"Окраина","dc":1,"n":513.91,"vc":"21941","sl":"Элитный","sv":"3","p":12000.0,"q":30.19,"b":0.0366666666666667,"ms":0.02,"wi":74.41,"ei":6.08,"as":519.81,"mi":"E","mv":17099,"sc":1,"lpe":99.98,"lpr":2547.45,"lq":1.0,"d":554424},{"pi":"359861","pc":"Аптека","ss":100000,"td":"Центр города","dc":1,"n":582.45,"vc":"392448","sl":"Элитный","sv":"8000","p":2700.01,"q":47.19,"b":5.02,"ms":8.13,"wi":110.31,"ei":6.71,"as":548.24,"mi":"E","mv":98393,"sc":1,"lpe":91.87,"lpr":1117.98,"lq":1.0,"d":414752},{"pi":"359861","pc":"Аптека","ss":100000,"td":"Центр города","dc":1,"n":551.65,"vc":"339623","sl":"Элитный","sv":"5000","p":5700.69,"q":47.19,"b":5.02,"ms":3.69,"wi":132.83,"ei":7.91,"as":562.12,"mi":"E","mv":135456,"sc":1,"lpe":96.31,"lpr":1366.9,"lq":1.0,"d":459675},{"pi":"359861","pc":"Аптека","ss":100000,"td":"Центр города","dc":1,"n":523.25,"vc":"283271","sl":"Элитный","sv":"5000","p":6500.69,"q":47.19,"b":5.02,"ms":4.32,"wi":154.13,"ei":11.52,"as":2054.36,"mi":"E","mv":115697,"sc":1,"lpe":95.68,"lpr":1886.45,"lq":1.0,"d":503226},{"pi":"359861","pc":"Аптека","ss":1000,"td":"Фешенебельный район","dc":1,"n":512.16,"vc":"795","sl":"Элитный","sv":"4000","p":3393.62,"q":45.39,"b":3.17,"ms":18.38,"wi":133.02,"ei":7.62,"as":987.11,"mi":"E","mv":21758,"sc":3,"lpe":63.72,"lpr":1429.33,"lq":2.38,"d":372511},{"pi":"359861","pc":"Аптека","ss":1000,"td":"Фешенебельный район","dc":1,"n":492.53,"vc":"712","sl":"Элитный","sv":"1992","p":2750.0,"q":37.91,"b":1.9,"ms":9.16,"wi":133.02,"ei":7.62,"as":987.11,"mi":"E","mv":21758,"sc":3,"lpe":63.72,"lpr":1429.33,"lq":2.38,"d":372511},{"pi":"359861","pc":"Аптека","ss":1000,"td":"Фешенебельный район","dc":1,"n":668.58,"vc":"2882","sl":"Очень высокий","sv":"1902","p":5200.0,"q":47.21,"b":3.17,"ms":8.74,"wi":133.02,"ei":7.62,"as":987.11,"mi":"E","mv":21758,"sc":3,"lpe":63.72,"lpr":1429.33,"lq":2.38,"d":372511},{"pi":"359861","pc":"Аптека","ss":100000,"td":"Центр города","dc":1,"n":208.56,"vc":"9854","sl":"Элитный","sv":"1","p":15200.0,"q":42.67,"b":0.0,"ms":0.01,"wi":67.0,"ei":9.33,"as":237.09,"mi":"E","mv":14096,"sc":1,"lpe":99.99,"lpr":3078.89,"lq":1.0,"d":428914},{"pi":"359861","pc":"Аптека","ss":100000,"td":"Центр города","dc":1,"n":426.01,"vc":"225945","sl":"Элитный","sv":"2131","p":11000.0,"q":32.75,"b":0.0,"ms":0.18,"wi":107.91,"ei":9.57,"as":960.1,"mi":"E","mv":1164989,"sc":1,"lpe":99.82,"lpr":3375.68,"lq":1.0,"d":3814070},{"pi":"359861","pc":"Аптека","ss":100000,"td":"Центр города","dc":1,"n":466.77,"vc":"213833","sl":"Элитный","sv":"9","p":7700.0,"q":32.39,"b":0.0,"ms":0.0,"wi":132.74,"ei":8.33,"as":566.9,"mi":"E","mv":265471,"sc":1,"lpe":100.0,"lpr":1186.89,"lq":1.0,"d":1063396},{"pi":"359861","pc":"Аптека","ss":200000,"td":"Центр города","dc":6,"n":675.25,"vc":"328776","sl":"Высокий","sv":"1250","p":5468.57,"q":50.61,"b":0.0,"ms":13.5,"wi":71.58,"ei":8.3,"as":421.89,"mi":"E","mv":9260,"sc":1,"lpe":86.5,"lpr":2055.63,"lq":1.52,"d":93936},{"pi":"359861","pc":"Аптека","ss":100000,"td":"Центр города","dc":1,"n":508.33,"vc":"406689","sl":"Элитный","sv":"2000","p":15100.0,"q":32.75,"b":3.78,"ms":3.59,"wi":57.51,"ei":14.58,"as":886.97,"mi":"E","mv":55658,"sc":2,"lpe":96.4,"lpr":4717.69,"lq":1.0,"d":2266323},{"pi":"359861","pc":"Аптека","ss":100000,"td":"Центр города","dc":1,"n":0.0,"vc":"3065","sl":"Высокий","sv":"5","p":12000.0,"q":5.88,"b":0.0,"ms":0.01,"wi":57.51,"ei":14.58,"as":886.97,"mi":"E","mv":55658,"sc":2,"lpe":96.4,"lpr":4717.69,"lq":1.0,"d":2266323},{"pi":"359861","pc":"Аптека","ss":100000,"td":"Центр города","dc":1,"n":578.23,"vc":"384245","sl":"Элитный","sv":"3436","p":2500.0,"q":34.19,"b":0.64,"ms":19.42,"wi":41.04,"ei":9.89,"as":565.23,"mi":"E","mv":17694,"sc":1,"lpe":80.58,"lpr":704.6,"lq":1.32,"d":443391},{"pi":"359861","pc":"Аптека","ss":100000,"td":"Пригород","dc":4,"n":344.45,"vc":"23849","sl":"Очень высокий","sv":"11126","p":20000.0,"q":30.64,"b":0.0,"ms":68.99,"wi":139.54,"ei":6.7,"as":342.07,"mi":"AAA","mv":16126,"sc":2,"lpe":0.0,"lpr":17377.73,"lq":5.19,"d":924775},{"pi":"359861","pc":"Аптека","ss":20000,"td":"Центр города","dc":1,"n":447.44,"vc":"43134","sl":"Элитный","sv":"5000","p":30150.0,"q":54.88,"b":0.0,"ms":31.01,"wi":139.54,"ei":6.7,"as":342.07,"mi":"AAA","mv":16126,"sc":2,"lpe":0.0,"lpr":17377.73,"lq":5.19,"d":924775},{"pi":"359861","pc":"Аптека","ss":100000,"td":"Фешенебельный район","dc":1,"n":645.73,"vc":"141054","sl":"Высокий","sv":"3","p":14000.0,"q":29.23,"b":0.39,"ms":0.0,"wi":122.33,"ei":7.13,"as":346.1,"mi":"E","mv":92417,"sc":1,"lpe":100.0,"lpr":2107.33,"lq":1.0,"d":732700},{"pi":"359861","pc":"Аптека","ss":6000,"td":"Центр города","dc":1,"n":367.14,"vc":"10668","sl":"Элитный","sv":"1002","p":20000.0,"q":38.48,"b":0.0,"ms":2.04,"wi":129.1,"ei":12.1,"as":601.38,"mi":"E","mv":49220,"sc":1,"lpe":97.96,"lpr":7883.53,"lq":1.0,"d":978170},{"pi":"359861","pc":"Аптека","ss":300000,"td":"Фешенебельный район","dc":1,"n":773.48,"vc":"1389198","sl":"Элитный","sv":"2118","p":150000.0,"q":66.66,"b":4.97,"ms":46.69,"wi":999.0,"ei":8.98,"as":630.31,"mi":"AAA","mv":4536,"sc":5,"lpe":0.0,"lpr":82127.06,"lq":37.4,"d":2221948},{"pi":"359861","pc":"Аптека","ss":300000,"td":"Фешенебельный район","dc":1,"n":749.09,"vc":"1098967","sl":"Элитный","sv":"1624","p":150000.0,"q":62.43,"b":4.51,"ms":35.8,"wi":999.0,"ei":8.98,"as":630.31,"mi":"AAA","mv":4536,"sc":5,"lpe":0.0,"lpr":82127.06,"lq":37.4,"d":2221948},{"pi":"359861","pc":"Аптека","ss":300000,"td":"Фешенебельный район","dc":2,"n":685.92,"vc":"598871","sl":"Элитный","sv":"423","p":70000.0,"q":36.32,"b":6.13,"ms":9.33,"wi":999.0,"ei":8.98,"as":630.31,"mi":"AAA","mv":4536,"sc":5,"lpe":0.0,"lpr":82127.06,"lq":37.4,"d":2221948},{"pi":"359861","pc":"Аптека","ss":300000,"td":"Фешенебельный район","dc":1,"n":550.61,"vc":"163155","sl":"Элитный","sv":"239","p":90193.72,"q":54.88,"b":0.0,"ms":5.27,"wi":999.0,"ei":8.98,"as":630.31,"mi":"AAA","mv":4536,"sc":5,"lpe":0.0,"lpr":82127.06,"lq":37.4,"d":2221948},{"pi":"359861","pc":"Аптека","ss":100000,"td":"Спальный район","dc":2,"n":611.46,"vc":"644814","sl":"Очень низкий","sv":"132","p":38909.0,"q":38.54,"b":0.0,"ms":2.91,"wi":999.0,"ei":8.98,"as":630.31,"mi":"AAA","mv":4536,"sc":5,"lpe":0.0,"lpr":82127.06,"lq":37.4,"d":2221948},{"pi":"359861","pc":"Аптека","ss":10000,"td":"Фешенебельный район","dc":1,"n":563.2,"vc":"14676","sl":"Элитный","sv":"10439","p":20000.0,"q":42.7,"b":1.71701503975477,"ms":8.51,"wi":107.3,"ei":8.94,"as":307.26,"mi":"E","mv":122663,"sc":2,"lpe":91.46,"lpr":3826.98,"lq":1.6,"d":3467021},{"pi":"359861","pc":"Аптека","ss":4500,"td":"Окраина","dc":1,"n":45.37,"vc":"919","sl":"Очень высокий","sv":"31","p":8000.0,"q":3.92,"b":0.0,"ms":0.03,"wi":107.3,"ei":8.94,"as":307.26,"mi":"E","mv":122663,"sc":2,"lpe":91.46,"lpr":3826.98,"lq":1.6,"d":3467021},{"pi":"359861","pc":"Аптека","ss":300000,"td":"Центр города","dc":1,"n":586.43,"vc":"2195259","sl":"Очень высокий","sv":"42500","p":12500.0,"q":52.01,"b":4.69,"ms":14.63,"wi":194.23,"ei":10.4,"as":1210.0,"mi":"E","mv":290435,"sc":4,"lpe":81.98,"lpr":3326.0,"lq":6.05,"d":2958984},{"pi":"359861","pc":"Аптека","ss":100000,"td":"Центр города","dc":1,"n":417.94,"vc":"286958","sl":"Элитный","sv":"9417","p":10000.0,"q":16.29,"b":0.0,"ms":3.24,"wi":194.23,"ei":10.4,"as":1210.0,"mi":"E","mv":290435,"sc":4,"lpe":81.98,"lpr":3326.0,"lq":6.05,"d":2958984},{"pi":"359861","pc":"Аптека","ss":100000,"td":"Пригород","dc":1,"n":496.42,"vc":"162747","sl":"Элитный","sv":"400","p":12000.0,"q":37.32,"b":0.0,"ms":0.14,"wi":194.23,"ei":10.4,"as":1210.0,"mi":"E","mv":290435,"sc":4,"lpe":81.98,"lpr":3326.0,"lq":6.05,"d":2958984},{"pi":"359861","pc":"Аптека","ss":300000,"td":"Фешенебельный район","dc":1,"n":576.79,"vc":"300158","sl":"Элитный","sv":"22","p":18000.0,"q":47.55,"b":0.0,"ms":0.01,"wi":194.23,"ei":10.4,"as":1210.0,"mi":"E","mv":290435,"sc":4,"lpe":81.98,"lpr":3326.0,"lq":6.05,"d":2958984},{"pi":"359861","pc":"Аптека","ss":300000,"td":"Фешенебельный район","dc":2,"n":708.76,"vc":"514744","sl":"Очень высокий","sv":"6000","p":24000.0,"q":38.45,"b":2.31666666666667,"ms":19.12,"wi":139.56,"ei":8.89,"as":1100.0,"mi":"E","mv":31375,"sc":1,"lpe":80.88,"lpr":6846.73,"lq":1.49,"d":412971},{"pi":"359861","pc":"Аптека","ss":200000,"td":"Фешенебельный район","dc":1,"n":618.06,"vc":"273759","sl":"Элитный","sv":"13000","p":8000.0,"q":39.29,"b":0.34,"ms":16.44,"wi":145.8,"ei":11.89,"as":656.66,"mi":"E","mv":79067,"sc":2,"lpe":83.44,"lpr":4110.19,"lq":6.83,"d":913676},{"pi":"359861","pc":"Аптека","ss":10000,"td":"Спальный район","dc":2,"n":128.56,"vc":"1890","sl":"Элитный","sv":"94","p":10000.0,"q":13.99,"b":1.2,"ms":0.12,"wi":145.8,"ei":11.89,"as":656.66,"mi":"E","mv":79067,"sc":2,"lpe":83.44,"lpr":4110.19,"lq":6.83,"d":913676},{"pi":"359861","pc":"Аптека","ss":1000,"td":"Спальный район","dc":3,"n":198.28,"vc":"724","sl":"Очень высокий","sv":"2","p":28000.0,"q":18.43,"b":0.0,"ms":0.03,"wi":59.36,"ei":5.49,"as":712.14,"mi":"E","mv":7015,"sc":1,"lpe":99.97,"lpr":5542.05,"lq":1.0,"d":582826},{"pi":"359861","pc":"Аптека","ss":1500,"td":"Окраина","dc":1,"n":80.92,"vc":"367","sl":"Элитный","sv":"200","p":10000.0,"q":3.73,"b":0.0,"ms":1.56,"wi":87.16,"ei":4.63,"as":342.0,"mi":"E","mv":12847,"sc":1,"lpe":98.44,"lpr":10009.57,"lq":1.0,"d":479356},{"pi":"359861","pc":"Аптека","ss":500,"td":"Окраина","dc":1,"n":31.73,"vc":"176","sl":"Элитный","sv":"50","p":8000.0,"q":3.73,"b":0.0,"ms":0.37,"wi":15.68,"ei":13.87,"as":128.4,"mi":"E","mv":13364,"sc":1,"lpe":99.63,"lpr":4741.71,"lq":1.0,"d":7639264},{"pi":"359861","pc":"Аптека","ss":1500,"td":"Окраина","dc":1,"n":199.15,"vc":"644","sl":"Элитный","sv":"21","p":8000.0,"q":5.04,"b":0.0,"ms":0.08,"wi":102.62,"ei":9.74,"as":577.59,"mi":"E","mv":25051,"sc":1,"lpe":99.92,"lpr":3330.67,"lq":1.0,"d":355596},{"pi":"359861","pc":"Аптека","ss":1000,"td":"Фешенебельный район","dc":1,"n":525.83,"vc":"1561","sl":"Элитный","sv":"5000","p":13000.0,"q":52.01,"b":5.39,"ms":3.32,"wi":125.2,"ei":8.1,"as":460.75,"mi":"E","mv":150503,"sc":1,"lpe":96.68,"lpr":2725.53,"lq":1.87,"d":2610586},{"pi":"359861","pc":"Аптека","ss":1000,"td":"Центр города","dc":1,"n":375.33,"vc":"3528","sl":"Высокий","sv":"217","p":8900.0,"q":2.83,"b":0.0,"ms":0.57,"wi":141.05,"ei":6.7,"as":518.62,"mi":"E","mv":38181,"sc":1,"lpe":99.43,"lpr":4772.18,"lq":1.0,"d":331084},{"pi":"359861","pc":"Аптека","ss":1000,"td":"Центр города","dc":1,"n":258.55,"vc":"1443","sl":"Элитный","sv":"5389","p":12000.0,"q":19.83,"b":0.0,"ms":8.35,"wi":166.71,"ei":6.9,"as":540.01,"mi":"E","mv":64572,"sc":3,"lpe":90.8,"lpr":5391.26,"lq":1.0,"d":538358},{"pi":"359861","pc":"Аптека","ss":1000,"td":"Центр города","dc":3,"n":30.68,"vc":"399","sl":"Элитный","sv":"403","p":14120.0,"q":20.68,"b":0.0,"ms":0.62,"wi":166.71,"ei":6.9,"as":540.01,"mi":"E","mv":64572,"sc":3,"lpe":90.8,"lpr":5391.26,"lq":1.0,"d":538358},{"pi":"359861","pc":"Аптека","ss":1000,"td":"Фешенебельный район","dc":1,"n":317.53,"vc":"453","sl":"Элитный","sv":"150","p":9000.0,"q":2.46,"b":0.0,"ms":0.23,"wi":166.71,"ei":6.9,"as":540.01,"mi":"E","mv":64572,"sc":3,"lpe":90.8,"lpr":5391.26,"lq":1.0,"d":538358},{"pi":"359861","pc":"Аптека","ss":100000,"td":"Фешенебельный район","dc":1,"n":684.59,"vc":"109046","sl":"Элитный","sv":"243","p":15000.0,"q":37.75,"b":0.0,"ms":4.11,"wi":79.57,"ei":10.12,"as":1162.01,"mi":"E","mv":5908,"sc":1,"lpe":95.89,"lpr":2203.53,"lq":1.0,"d":186723},{"pi":"359861","pc":"Аптека","ss":100000,"td":"Центр города","dc":3,"n":339.79,"vc":"59911","sl":"Низкий","sv":"38","p":6300.0,"q":18.05,"b":0.0,"ms":0.11,"wi":13.28,"ei":9.0,"as":231.12,"mi":"E","mv":33441,"sc":1,"lpe":99.89,"lpr":1155.13,"lq":1.0,"d":2769076},{"pi":"359861","pc":"Аптека","ss":10000,"td":"Фешенебельный район","dc":5,"n":464.84,"vc":"6580","sl":"Очень высокий","sv":"599","p":8000.0,"q":30.17,"b":4.97,"ms":9.19,"wi":27.4,"ei":8.22,"as":420.07,"mi":"E","mv":6520,"sc":1,"lpe":90.81,"lpr":1245.81,"lq":1.0,"d":966821},{"pi":"359861","pc":"Аптека","ss":10000,"td":"Фешенебельный район","dc":5,"n":546.16,"vc":"8127","sl":"Очень высокий","sv":"1226","p":8000.0,"q":29.91,"b":0.0,"ms":25.04,"wi":36.33,"ei":5.25,"as":305.75,"mi":"E","mv":4896,"sc":1,"lpe":74.96,"lpr":2079.29,"lq":2.41,"d":661599},{"pi":"359861","pc":"Аптека","ss":100000,"td":"Центр города","dc":1,"n":521.77,"vc":"235597","sl":"Высокий","sv":"1117","p":15000.0,"q":33.07,"b":0.0,"ms":26.9,"wi":121.24,"ei":10.15,"as":770.09,"mi":"E","mv":4152,"sc":1,"lpe":73.1,"lpr":2607.22,"lq":3.2,"d":520272},{"pi":"359861","pc":"Аптека","ss":1000,"td":"Центр города","dc":3,"n":220.8,"vc":"1042","sl":"Высокий","sv":"1366","p":8230.0,"q":14.5,"b":2.11,"ms":9.09,"wi":136.48,"ei":6.3,"as":455.0,"mi":"E","mv":15035,"sc":1,"lpe":90.91,"lpr":3067.5,"lq":1.0,"d":122334},{"pi":"359861","pc":"Аптека","ss":10000,"td":"Фешенебельный район","dc":7,"n":420.97,"vc":"5926","sl":"Очень высокий","sv":"1","p":11000.0,"q":29.19,"b":0.66,"ms":0.0,"wi":42.64,"ei":7.51,"as":278.25,"mi":"E","mv":57180,"sc":1,"lpe":100.0,"lpr":1379.45,"lq":1.0,"d":1547084},{"pi":"359861","pc":"Аптека","ss":10000,"td":"Фешенебельный район","dc":6,"n":421.09,"vc":"3952","sl":"Элитный","sv":"223","p":10000.0,"q":30.47,"b":0.66,"ms":0.91,"wi":36.84,"ei":7.93,"as":237.01,"mi":"E","mv":24558,"sc":1,"lpe":99.09,"lpr":1747.34,"lq":1.0,"d":2069308},{"pi":"359861","pc":"Аптека","ss":400,"td":"Центр города","dc":1,"n":0.0,"vc":"134","sl":"Элитный","sv":"2","p":13000.0,"q":15.61,"b":0.0,"ms":0.01,"wi":122.1,"ei":6.4,"as":451.77,"mi":"E","mv":14773,"sc":1,"lpe":99.99,"lpr":4270.51,"lq":1.0,"d":122007},{"pi":"359861","pc":"Аптека","ss":100000,"td":"Центр города","dc":5,"n":194.21,"vc":"6577","sl":"Элитный","sv":"1","p":38176.95,"q":55.59,"b":0.0,"ms":0.18,"wi":25.83,"ei":6.81,"as":501.44,"mi":"E","mv":546,"sc":1,"lpe":99.82,"lpr":6496.89,"lq":1.0,"d":315892},{"pi":"359861","pc":"Аптека","ss":200,"td":"Спальный район","dc":1,"n":124.42,"vc":"100","sl":"Очень высокий","sv":"1","p":8880.0,"q":21.39,"b":0.0,"ms":0.01,"wi":80.15,"ei":5.9,"as":431.2,"mi":"E","mv":7622,"sc":1,"lpe":99.99,"lpr":2506.95,"lq":1.0,"d":72696},{"pi":"359861","pc":"Аптека","ss":200,"td":"Спальный район","dc":1,"n":123.3,"vc":"101","sl":"Очень высокий","sv":"2","p":9250.0,"q":23.22,"b":0.0,"ms":0.02,"wi":84.48,"ei":6.0,"as":441.0,"mi":"E","mv":8120,"sc":1,"lpe":99.98,"lpr":2571.36,"lq":1.0,"d":77500},{"pi":"359861","pc":"Аптека","ss":200,"td":"Спальный район","dc":1,"n":120.38,"vc":"105","sl":"Очень высокий","sv":"1","p":10500.0,"q":23.49,"b":0.0,"ms":0.01,"wi":84.03,"ei":6.1,"as":441.78,"mi":"E","mv":10351,"sc":1,"lpe":99.99,"lpr":2672.6,"lq":1.0,"d":87764},{"pi":"359861","pc":"Аптека","ss":200,"td":"Спальный район","dc":1,"n":119.69,"vc":"108","sl":"Очень высокий","sv":"4","p":8400.0,"q":20.86,"b":0.0,"ms":0.04,"wi":75.38,"ei":6.0,"as":441.78,"mi":"E","mv":10333,"sc":1,"lpe":99.96,"lpr":2625.77,"lq":1.0,"d":96904},{"pi":"359861","pc":"Аптека","ss":100000,"td":"Центр города","dc":7,"n":380.29,"vc":"135522","sl":"Высокий","sv":"1","p":9500.0,"q":29.01,"b":4.97,"ms":0.0,"wi":67.87,"ei":13.63,"as":294.09,"mi":"E","mv":248745,"sc":1,"lpe":100.0,"lpr":2065.12,"lq":1.0,"d":3707406},{"pi":"359861","pc":"Аптека","ss":10000,"td":"Фешенебельный район","dc":4,"n":468.75,"vc":"6646","sl":"Элитный","sv":"3257","p":8000.0,"q":29.91,"b":4.97,"ms":21.05,"wi":50.91,"ei":7.23,"as":383.45,"mi":"E","mv":15473,"sc":2,"lpe":78.94,"lpr":1434.12,"lq":2.28,"d":853087},{"pi":"359861","pc":"Аптека","ss":20000,"td":"Центр города","dc":1,"n":372.93,"vc":"35408","sl":"Элитный","sv":"1","p":12000.0,"q":38.09,"b":0.0,"ms":0.01,"wi":50.91,"ei":7.23,"as":383.45,"mi":"E","mv":15473,"sc":2,"lpe":78.94,"lpr":1434.12,"lq":2.28,"d":853087},{"pi":"359861","pc":"Аптека","ss":10000,"td":"Фешенебельный район","dc":5,"n":477.43,"vc":"5219","sl":"Элитный","sv":"61","p":8000.0,"q":29.39,"b":4.97,"ms":0.36,"wi":41.49,"ei":8.68,"as":310.6,"mi":"E","mv":16920,"sc":1,"lpe":99.64,"lpr":1887.76,"lq":1.0,"d":1113360},{"pi":"359861","pc":"Аптека","ss":10000,"td":"Центр города","dc":1,"n":266.79,"vc":"9575","sl":"Элитный","sv":"30000","p":3900.0,"q":28.2,"b":0.49,"ms":6.32,"wi":130.81,"ei":7.37,"as":688.02,"mi":"E","mv":474961,"sc":1,"lpe":93.68,"lpr":5888.43,"lq":1.0,"d":2232911},{"pi":"359861","pc":"Аптека","ss":1000,"td":"Центр города","dc":1,"n":218.85,"vc":"1283","sl":"Элитный","sv":"4000","p":2800.0,"q":28.2,"b":0.45,"ms":4.91,"wi":132.63,"ei":9.47,"as":1003.71,"mi":"E","mv":81423,"sc":1,"lpe":95.09,"lpr":4499.29,"lq":1.0,"d":729058},{"pi":"359861","pc":"Аптека","ss":100000,"td":"Фешенебельный район","dc":1,"n":631.75,"vc":"189072","sl":"Элитный","sv":"165244","p":2999.99,"q":54.9,"b":0.15,"ms":25.0,"wi":93.52,"ei":7.83,"as":577.18,"mi":"E","mv":661029,"sc":1,"lpe":75.0,"lpr":1076.54,"lq":1.78,"d":1817806},{"pi":"359861","pc":"Аптека","ss":100000,"td":"Фешенебельный район","dc":1,"n":600.92,"vc":"183133","sl":"Элитный","sv":"295616","p":2499.99,"q":54.9,"b":0.15,"ms":25.0,"wi":121.15,"ei":7.63,"as":614.74,"mi":"E","mv":1182497,"sc":1,"lpe":75.0,"lpr":1091.32,"lq":2.13,"d":3870867},{"pi":"359861","pc":"Аптека","ss":100000,"td":"Центр города","dc":1,"n":299.7,"vc":"39305","sl":"Элитный","sv":"797","p":14000.0,"q":14.76,"b":0.0,"ms":2.75,"wi":178.23,"ei":9.59,"as":748.02,"mi":"E","mv":29030,"sc":2,"lpe":96.43,"lpr":4281.64,"lq":1.0,"d":1011667},{"pi":"359861","pc":"Аптека","ss":10000,"td":"Фешенебельный район","dc":1,"n":325.32,"vc":"2348","sl":"Элитный","sv":"240","p":15500.0,"q":26.13,"b":0.0,"ms":0.83,"wi":178.23,"ei":9.59,"as":748.02,"mi":"E","mv":29030,"sc":2,"lpe":96.43,"lpr":4281.64,"lq":1.0,"d":1011667},{"pi":"359861","pc":"Аптека","ss":100000,"td":"Центр города","dc":1,"n":607.64,"vc":"521868","sl":"Очень высокий","sv":"300","p":5000.0,"q":22.09,"b":0.0,"ms":1.13,"wi":82.39,"ei":6.47,"as":659.38,"mi":"E","mv":26626,"sc":2,"lpe":98.86,"lpr":2329.15,"lq":1.0,"d":799516},{"pi":"359861","pc":"Аптека","ss":100000,"td":"Фешенебельный район","dc":1,"n":653.97,"vc":"122213","sl":"Нормальный","sv":"4","p":12000.0,"q":35.58,"b":0.0,"ms":0.02,"wi":82.39,"ei":6.47,"as":659.38,"mi":"E","mv":26626,"sc":2,"lpe":98.86,"lpr":2329.15,"lq":1.0,"d":799516},{"pi":"359861","pc":"Аптека","ss":100000,"td":"Фешенебельный район","dc":1,"n":606.59,"vc":"89290","sl":"Элитный","sv":"20978","p":2749.99,"q":54.9,"b":0.13,"ms":25.0,"wi":85.96,"ei":7.29,"as":600.16,"mi":"E","mv":83914,"sc":1,"lpe":75.0,"lpr":1010.33,"lq":1.67,"d":464851},{"pi":"359861","pc":"Аптека","ss":210000,"td":"Центр города","dc":1,"n":449.75,"vc":"297653","sl":"Очень высокий","sv":"80","p":11199.0,"q":31.77,"b":0.0,"ms":1.09,"wi":21.68,"ei":10.0,"as":529.52,"mi":"E","mv":7335,"sc":1,"lpe":98.91,"lpr":1743.9,"lq":1.0,"d":1704080},{"pi":"359861","pc":"Аптека","ss":10000,"td":"Центр города","dc":1,"n":408.49,"vc":"12156","sl":"Элитный","sv":"1309","p":12900.0,"q":23.66,"b":0.0,"ms":6.94,"wi":70.76,"ei":6.07,"as":517.04,"mi":"E","mv":18854,"sc":1,"lpe":93.06,"lpr":3431.9,"lq":1.0,"d":276107},{"pi":"359861","pc":"Аптека","ss":10000,"td":"Фешенебельный район","dc":6,"n":389.54,"vc":"5523","sl":"Очень высокий","sv":"1914","p":10000.0,"q":30.94,"b":0.66,"ms":5.34,"wi":43.62,"ei":8.66,"as":310.02,"mi":"E","mv":35859,"sc":1,"lpe":94.66,"lpr":2289.48,"lq":1.0,"d":2458874},{"pi":"359861","pc":"Аптека","ss":100000,"td":"Фешенебельный район","dc":1,"n":664.44,"vc":"123900","sl":"Высокий","sv":"387","p":48000.0,"q":48.27,"b":0.0,"ms":11.08,"wi":114.25,"ei":7.31,"as":981.93,"mi":"E","mv":3494,"sc":1,"lpe":88.92,"lpr":15659.18,"lq":1.19,"d":343579},{"pi":"359861","pc":"Аптека","ss":100000,"td":"Фешенебельный район","dc":1,"n":602.56,"vc":"122921","sl":"Элитный","sv":"18983","p":1999.99,"q":54.89,"b":0.15,"ms":14.54,"wi":77.14,"ei":7.23,"as":562.7,"mi":"E","mv":130593,"sc":1,"lpe":85.46,"lpr":551.04,"lq":1.02,"d":1268975},{"pi":"359861","pc":"Аптека","ss":100000,"td":"Фешенебельный район","dc":1,"n":609.02,"vc":"119713","sl":"Элитный","sv":"13156","p":2199.99,"q":54.89,"b":0.15,"ms":5.72,"wi":92.64,"ei":6.95,"as":564.21,"mi":"E","mv":230135,"sc":2,"lpe":92.55,"lpr":563.37,"lq":1.0,"d":919692},{"pi":"359861","pc":"Аптека","ss":100000,"td":"Центр города","dc":1,"n":526.85,"vc":"362171","sl":"Элитный","sv":"4000","p":2200.69,"q":47.19,"b":4.79,"ms":1.74,"wi":92.64,"ei":6.95,"as":564.21,"mi":"E","mv":230135,"sc":2,"lpe":92.55,"lpr":563.37,"lq":1.0,"d":919692},{"pi":"359861","pc":"Аптека","ss":100000,"td":"Фешенебельный район","dc":1,"n":608.94,"vc":"135221","sl":"Элитный","sv":"5523","p":2099.99,"q":54.89,"b":0.15,"ms":2.9,"wi":69.0,"ei":6.95,"as":541.7,"mi":"E","mv":190209,"sc":2,"lpe":97.09,"lpr":540.55,"lq":1.0,"d":1305462},{"pi":"359861","pc":"Аптека","ss":100000,"td":"Центр города","dc":1,"n":538.04,"vc":"455921","sl":"Очень высокий","sv":"9","p":3000.0,"q":41.69,"b":0.0,"ms":0.0,"wi":69.0,"ei":6.95,"as":541.7,"mi":"E","mv":190209,"sc":2,"lpe":97.09,"lpr":540.55,"lq":1.0,"d":1305462},{"pi":"359861","pc":"Аптека","ss":12100,"td":"Центр города","dc":6,"n":352.39,"vc":"38721","sl":"Низкий","sv":"215","p":9000.0,"q":29.33,"b":0.66,"ms":0.19,"wi":69.64,"ei":9.71,"as":413.63,"mi":"E","mv":114377,"sc":2,"lpe":99.75,"lpr":2181.99,"lq":1.0,"d":4313531},{"pi":"359861","pc":"Аптека","ss":300000,"td":"Фешенебельный район","dc":1,"n":564.19,"vc":"455144","sl":"Элитный","sv":"72","p":14694.62,"q":31.56,"b":0.0,"ms":0.06,"wi":69.64,"ei":9.71,"as":413.63,"mi":"E","mv":114377,"sc":2,"lpe":99.75,"lpr":2181.99,"lq":1.0,"d":4313531},{"pi":"359861","pc":"Аптека","ss":10000,"td":"Фешенебельный район","dc":6,"n":360.33,"vc":"5199","sl":"Очень высокий","sv":"8873","p":9000.0,"q":30.11,"b":0.66,"ms":10.15,"wi":69.18,"ei":9.32,"as":403.09,"mi":"E","mv":87393,"sc":1,"lpe":89.85,"lpr":2776.75,"lq":1.1,"d":3832440},{"pi":"359861","pc":"Аптека","ss":70000,"td":"Центр города","dc":8,"n":520.81,"vc":"269391","sl":"Низкий","sv":"1254","p":11000.0,"q":30.58,"b":7.1,"ms":4.33,"wi":137.58,"ei":9.18,"as":1120.0,"mi":"E","mv":28934,"sc":2,"lpe":95.2,"lpr":3153.9,"lq":1.0,"d":572874},{"pi":"359861","pc":"Аптека","ss":10000,"td":"Центр города","dc":1,"n":511.51,"vc":"47048","sl":"Очень высокий","sv":"134","p":11999.99,"q":27.16,"b":0.0,"ms":0.46,"wi":137.58,"ei":9.18,"as":1120.0,"mi":"E","mv":28934,"sc":2,"lpe":95.2,"lpr":3153.9,"lq":1.0,"d":572874},{"pi":"359861","pc":"Аптека","ss":120000,"td":"Центр города","dc":3,"n":523.52,"vc":"368083","sl":"Высокий","sv":"12000","p":16855.0,"q":12.44,"b":0.0,"ms":72.93,"wi":58.77,"ei":9.98,"as":544.78,"mi":"D","mv":16454,"sc":2,"lpe":0.0,"lpr":7084.2,"lq":1.85,"d":1666326},{"pi":"359861","pc":"Аптека","ss":10000,"td":"Центр города","dc":1,"n":411.73,"vc":"27158","sl":"Элитный","sv":"3000","p":14000.0,"q":26.33,"b":0.0,"ms":18.23,"wi":58.77,"ei":9.98,"as":544.78,"mi":"D","mv":16454,"sc":2,"lpe":0.0,"lpr":7084.2,"lq":1.85,"d":1666326},{"pi":"359861","pc":"Аптека","ss":300000,"td":"Центр города","dc":2,"n":644.37,"vc":"1508843","sl":"Высокий","sv":"2363","p":10000.0,"q":38.58,"b":0.0,"ms":20.63,"wi":83.04,"ei":4.63,"as":254.21,"mi":"E","mv":11455,"sc":1,"lpe":79.37,"lpr":1879.92,"lq":3.64,"d":711139},{"pi":"359861","pc":"Аптека","ss":10000,"td":"Фешенебельный район","dc":2,"n":429.08,"vc":"3150","sl":"Элитный","sv":"1279","p":46000.0,"q":21.86,"b":0.0,"ms":75.77,"wi":84.96,"ei":8.47,"as":440.98,"mi":"A","mv":1688,"sc":3,"lpe":0.0,"lpr":78659.47,"lq":12.13,"d":1822098},{"pi":"359861","pc":"Аптека","ss":11000,"td":"Фешенебельный район","dc":3,"n":429.46,"vc":"3388","sl":"Элитный","sv":"339","p":47000.0,"q":13.65,"b":0.0,"ms":20.08,"wi":84.96,"ei":8.47,"as":440.98,"mi":"A","mv":1688,"sc":3,"lpe":0.0,"lpr":78659.47,"lq":12.13,"d":1822098},{"pi":"359861","pc":"Аптека","ss":100000,"td":"Центр города","dc":2,"n":475.86,"vc":"199798","sl":"Очень высокий","sv":"70","p":25000.0,"q":16.41,"b":0.0,"ms":4.15,"wi":84.96,"ei":8.47,"as":440.98,"mi":"A","mv":1688,"sc":3,"lpe":0.0,"lpr":78659.47,"lq":12.13,"d":1822098},{"pi":"359861","pc":"Аптека","ss":100000,"td":"Фешенебельный район","dc":9,"n":696.72,"vc":"92111","sl":"Очень высокий","sv":"22","p":7500.0,"q":73.05,"b":1.19,"ms":3.14,"wi":25.66,"ei":6.9,"as":293.41,"mi":"E","mv":700,"sc":1,"lpe":96.86,"lpr":1405.48,"lq":1.0,"d":188646},{"pi":"359861","pc":"Аптека","ss":100000,"td":"Фешенебельный район","dc":1,"n":561.39,"vc":"43760","sl":"Элитный","sv":"2345","p":5500.0,"q":40.99,"b":0.0,"ms":8.7,"wi":139.01,"ei":10.5,"as":492.44,"mi":"E","mv":26948,"sc":1,"lpe":91.3,"lpr":1780.62,"lq":1.0,"d":319728},{"pi":"359861","pc":"Аптека","ss":10000,"td":"Центр города","dc":6,"n":405.6,"vc":"25426","sl":"Низкий","sv":"10","p":11000.0,"q":30.95,"b":4.82,"ms":0.02,"wi":64.36,"ei":7.13,"as":594.75,"mi":"E","mv":61520,"sc":1,"lpe":99.98,"lpr":3801.23,"lq":1.0,"d":1935994},{"pi":"359861","pc":"Аптека","ss":100000,"td":"Фешенебельный район","dc":1,"n":601.87,"vc":"100523","sl":"Нормальный","sv":"677","p":20000.0,"q":38.77,"b":0.0,"ms":5.61,"wi":55.03,"ei":5.61,"as":1447.81,"mi":"E","mv":12078,"sc":1,"lpe":94.39,"lpr":3972.13,"lq":1.0,"d":1283800},{"pi":"359861","pc":"Аптека","ss":1300,"td":"Центр города","dc":1,"n":84.57,"vc":"360","sl":"Элитный","sv":"1","p":13786.81,"q":16.67,"b":0.0,"ms":0.04,"wi":85.28,"ei":6.97,"as":506.4,"mi":"E","mv":2801,"sc":1,"lpe":99.96,"lpr":3405.65,"lq":1.0,"d":175080},{"pi":"359861","pc":"Аптека","ss":50000,"td":"Центр города","dc":7,"n":486.5,"vc":"116925","sl":"Нормальный","sv":"522","p":10000.0,"q":30.16,"b":7.1,"ms":4.01,"wi":97.02,"ei":7.2,"as":927.12,"mi":"E","mv":13019,"sc":1,"lpe":95.99,"lpr":2715.18,"lq":1.0,"d":267364},{"pi":"359861","pc":"Аптека","ss":50000,"td":"Центр города","dc":7,"n":567.85,"vc":"243070","sl":"Низкий","sv":"900","p":10000.0,"q":30.13,"b":7.1,"ms":6.71,"wi":124.16,"ei":7.7,"as":1039.5,"mi":"E","mv":13411,"sc":1,"lpe":93.29,"lpr":2677.86,"lq":1.0,"d":269220},{"pi":"359861","pc":"Аптека","ss":10000,"td":"Центр города","dc":7,"n":547.8,"vc":"54429","sl":"Очень низкий","sv":"1232","p":10000.0,"q":30.24,"b":7.1,"ms":5.81,"wi":129.79,"ei":8.93,"as":1102.5,"mi":"E","mv":21190,"sc":1,"lpe":94.19,"lpr":3225.67,"lq":1.0,"d":433326},{"pi":"359861","pc":"Аптека","ss":30000,"td":"Центр города","dc":7,"n":550.86,"vc":"96617","sl":"Низкий","sv":"1565","p":10000.0,"q":30.19,"b":7.1,"ms":5.92,"wi":218.45,"ei":9.14,"as":1155.0,"mi":"E","mv":26417,"sc":1,"lpe":94.08,"lpr":3067.84,"lq":1.0,"d":310955},{"pi":"359861","pc":"Аптека","ss":11000,"td":"Спальный район","dc":4,"n":266.28,"vc":"3672","sl":"Низкий","sv":"1313","p":9100.0,"q":14.4,"b":1.68,"ms":15.53,"wi":97.28,"ei":4.99,"as":1157.42,"mi":"E","mv":8455,"sc":1,"lpe":84.47,"lpr":4167.15,"lq":5.39,"d":302682},{"pi":"359861","pc":"Аптека","ss":100000,"td":"Фешенебельный район","dc":1,"n":643.5,"vc":"116599","sl":"Элитный","sv":"2","p":10000.0,"q":31.27,"b":0.0,"ms":0.01,"wi":48.27,"ei":9.46,"as":249.03,"mi":"E","mv":26351,"sc":1,"lpe":99.99,"lpr":1766.23,"lq":1.0,"d":661640},{"pi":"359861","pc":"Аптека","ss":1000,"td":"Фешенебельный район","dc":1,"n":477.1,"vc":"1160","sl":"Элитный","sv":"8275","p":1800.0,"q":37.91,"b":0.7,"ms":10.0,"wi":109.05,"ei":10.93,"as":895.15,"mi":"E","mv":82751,"sc":1,"lpe":90.0,"lpr":680.01,"lq":1.26,"d":822507},{"pi":"359861","pc":"Аптека","ss":1000,"td":"Фешенебельный район","dc":1,"n":580.61,"vc":"1274","sl":"Элитный","sv":"2434","p":1000.0,"q":37.91,"b":0.7,"ms":9.81,"wi":55.55,"ei":7.93,"as":747.15,"mi":"E","mv":24820,"sc":1,"lpe":90.19,"lpr":664.36,"lq":1.0,"d":312327},{"pi":"359861","pc":"Аптека","ss":1000,"td":"Фешенебельный район","dc":1,"n":626.05,"vc":"1336","sl":"Элитный","sv":"3879","p":1250.0,"q":37.91,"b":0.7,"ms":20.0,"wi":43.93,"ei":7.81,"as":823.2,"mi":"E","mv":19395,"sc":1,"lpe":80.0,"lpr":774.81,"lq":1.28,"d":171629},{"pi":"359861","pc":"Аптека","ss":100000,"td":"Центр города","dc":2,"n":526.52,"vc":"233131","sl":"Низкий","sv":"649","p":15000.0,"q":16.43,"b":0.349460708782743,"ms":9.43,"wi":89.51,"ei":5.66,"as":1251.03,"mi":"E","mv":6882,"sc":1,"lpe":90.57,"lpr":4204.51,"lq":1.74,"d":289693},{"pi":"359861","pc":"Аптека","ss":200000,"td":"Центр города","dc":3,"n":504.09,"vc":"523631","sl":"Очень низкий","sv":"22","p":3999.0,"q":4.24,"b":0.00818181818181818,"ms":0.01,"wi":30.62,"ei":9.68,"as":181.79,"mi":"E","mv":146976,"sc":2,"lpe":99.97,"lpr":1186.41,"lq":1.0,"d":3715638},{"pi":"359861","pc":"Аптека","ss":100000,"td":"Фешенебельный район","dc":1,"n":561.8,"vc":"71229","sl":"Элитный","sv":"17","p":8000.0,"q":34.39,"b":0.0,"ms":0.01,"wi":30.62,"ei":9.68,"as":181.79,"mi":"E","mv":146976,"sc":2,"lpe":99.97,"lpr":1186.41,"lq":1.0,"d":3715638},{"pi":"359861","pc":"Аптека","ss":100000,"td":"Центр города","dc":1,"n":500.48,"vc":"340526","sl":"Очень высокий","sv":"18534","p":4000.0,"q":45.39,"b":1.73,"ms":7.44,"wi":93.03,"ei":6.75,"as":1135.42,"mi":"E","mv":249225,"sc":1,"lpe":92.56,"lpr":1600.1,"lq":1.0,"d":1839765},{"pi":"359861","pc":"Аптека","ss":10000,"td":"Центр города","dc":2,"n":498.85,"vc":"29722","sl":"Высокий","sv":"14","p":20000.0,"q":28.83,"b":0.0,"ms":0.41,"wi":30.52,"ei":9.68,"as":405.18,"mi":"E","mv":3456,"sc":1,"lpe":99.59,"lpr":2956.73,"lq":1.0,"d":1020125},{"pi":"359861","pc":"Аптека","ss":100000,"td":"Фешенебельный район","dc":2,"n":680.9,"vc":"206817","sl":"Элитный","sv":"200","p":5000.0,"q":22.09,"b":0.0,"ms":1.7,"wi":116.14,"ei":9.91,"as":1489.31,"mi":"E","mv":11739,"sc":2,"lpe":98.28,"lpr":3572.53,"lq":1.0,"d":191132},{"pi":"359861","pc":"Аптека","ss":10000,"td":"Центр города","dc":4,"n":283.15,"vc":"4571","sl":"Очень высокий","sv":"2","p":13800.0,"q":18.43,"b":0.0,"ms":0.02,"wi":116.14,"ei":9.91,"as":1489.31,"mi":"E","mv":11739,"sc":2,"lpe":98.28,"lpr":3572.53,"lq":1.0,"d":191132},{"pi":"359861","pc":"Аптека","ss":10000,"td":"Фешенебельный район","dc":6,"n":523.18,"vc":"7644","sl":"Очень низкий","sv":"284","p":9000.0,"q":30.6,"b":4.82,"ms":0.97,"wi":62.72,"ei":5.29,"as":361.98,"mi":"E","mv":29268,"sc":1,"lpe":99.03,"lpr":1821.07,"lq":1.0,"d":369394},{"pi":"359861","pc":"Аптека","ss":100000,"td":"Фешенебельный район","dc":1,"n":612.87,"vc":"95153","sl":"Элитный","sv":"15851","p":2499.99,"q":54.9,"b":0.0,"ms":25.0,"wi":108.29,"ei":7.02,"as":623.23,"mi":"E","mv":63409,"sc":1,"lpe":75.0,"lpr":856.8,"lq":1.55,"d":435859},{"pi":"359861","pc":"Аптека","ss":10000,"td":"Фешенебельный район","dc":6,"n":399.51,"vc":"3763","sl":"Элитный","sv":"166","p":9000.0,"q":30.46,"b":0.64,"ms":0.24,"wi":56.69,"ei":6.81,"as":477.7,"mi":"E","mv":68875,"sc":1,"lpe":99.76,"lpr":2305.6,"lq":1.0,"d":2119248},{"pi":"359861","pc":"Аптека","ss":10000,"td":"Фешенебельный район","dc":5,"n":505.41,"vc":"4864","sl":"Элитный","sv":"2220","p":9000.0,"q":30.6,"b":0.0,"ms":7.07,"wi":42.28,"ei":10.49,"as":686.41,"mi":"E","mv":31392,"sc":1,"lpe":92.93,"lpr":2444.29,"lq":1.0,"d":4301405},{"pi":"359861","pc":"Аптека","ss":100000,"td":"Фешенебельный район","dc":1,"n":693.89,"vc":"388326","sl":"Элитный","sv":"12134","p":4343.0,"q":53.56,"b":4.21,"ms":18.46,"wi":169.6,"ei":11.76,"as":862.01,"mi":"E","mv":65735,"sc":1,"lpe":81.54,"lpr":1443.03,"lq":2.69,"d":809246},{"pi":"359861","pc":"Аптека","ss":100000,"td":"Центр города","dc":1,"n":480.7,"vc":"457735","sl":"Очень высокий","sv":"522","p":12000.0,"q":32.52,"b":0.12,"ms":0.18,"wi":64.66,"ei":6.67,"as":632.01,"mi":"E","mv":284156,"sc":4,"lpe":99.81,"lpr":3043.96,"lq":1.0,"d":6381298},{"pi":"359861","pc":"Аптека","ss":100000,"td":"Центр города","dc":1,"n":479.29,"vc":"451604","sl":"Нормальный","sv":"25","p":12990.0,"q":22.14,"b":0.0176,"ms":0.01,"wi":64.66,"ei":6.67,"as":632.01,"mi":"E","mv":284156,"sc":4,"lpe":99.81,"lpr":3043.96,"lq":1.0,"d":6381298},{"pi":"359861","pc":"Аптека","ss":7000,"td":"Центр города","dc":1,"n":317.96,"vc":"16087","sl":"Элитный","sv":"6","p":12585.92,"q":40.34,"b":0.0,"ms":0.0,"wi":64.66,"ei":6.67,"as":632.01,"mi":"E","mv":284156,"sc":4,"lpe":99.81,"lpr":3043.96,"lq":1.0,"d":6381298},{"pi":"359861","pc":"Аптека","ss":110000,"td":"Фешенебельный район","dc":4,"n":546.2,"vc":"212052","sl":"Высокий","sv":"1","p":15000.0,"q":39.13,"b":0.0,"ms":0.0,"wi":64.66,"ei":6.67,"as":632.01,"mi":"E","mv":284156,"sc":4,"lpe":99.81,"lpr":3043.96,"lq":1.0,"d":6381298},{"pi":"359861","pc":"Аптека","ss":240000,"td":"Центр города","dc":6,"n":575.33,"vc":"1723095","sl":"Низкий","sv":"1670","p":4000.0,"q":20.79,"b":0.22,"ms":2.05,"wi":52.92,"ei":7.44,"as":365.51,"mi":"E","mv":81603,"sc":2,"lpe":97.94,"lpr":1895.15,"lq":1.0,"d":2113478},{"pi":"359861","pc":"Аптека","ss":10000,"td":"Фешенебельный район","dc":4,"n":405.21,"vc":"5883","sl":"Элитный","sv":"9","p":9000.0,"q":30.95,"b":4.82,"ms":0.01,"wi":52.92,"ei":7.44,"as":365.51,"mi":"E","mv":81603,"sc":2,"lpe":97.94,"lpr":1895.15,"lq":1.0,"d":2113478},{"pi":"359861","pc":"Аптека","ss":10000,"td":"Центр города","dc":7,"n":366.98,"vc":"23432","sl":"Очень низкий","sv":"4445","p":9000.0,"q":30.74,"b":4.82,"ms":4.9,"wi":62.73,"ei":6.99,"as":617.44,"mi":"E","mv":90630,"sc":2,"lpe":95.04,"lpr":4074.63,"lq":1.0,"d":3467257},{"pi":"359861","pc":"Аптека","ss":100000,"td":"Спальный район","dc":9,"n":709.72,"vc":"2508128","sl":"Очень низкий","sv":"52","p":16456.21,"q":39.79,"b":0.0,"ms":0.06,"wi":62.73,"ei":6.99,"as":617.44,"mi":"E","mv":90630,"sc":2,"lpe":95.04,"lpr":4074.63,"lq":1.0,"d":3467257},{"pi":"359861","pc":"Аптека","ss":10000,"td":"Фешенебельный район","dc":5,"n":464.56,"vc":"6579","sl":"Очень высокий","sv":"14","p":11000.0,"q":30.5,"b":4.82,"ms":0.02,"wi":61.26,"ei":5.85,"as":403.35,"mi":"E","mv":56378,"sc":1,"lpe":99.98,"lpr":2038.46,"lq":1.0,"d":830232},{"pi":"359861","pc":"Аптека","ss":300000,"td":"Фешенебельный район","dc":1,"n":683.85,"vc":"1408042","sl":"Элитный","sv":"2940","p":6467.0,"q":53.47,"b":3.36,"ms":0.47,"wi":134.2,"ei":9.8,"as":725.97,"mi":"E","mv":631604,"sc":2,"lpe":99.53,"lpr":2122.61,"lq":1.0,"d":4067094},{"pi":"359861","pc":"Аптека","ss":10000,"td":"Центр города","dc":6,"n":355.83,"vc":"34226","sl":"Низкий","sv":"1","p":8200.0,"q":28.67,"b":0.64,"ms":0.0,"wi":134.2,"ei":9.8,"as":725.97,"mi":"E","mv":631604,"sc":2,"lpe":99.53,"lpr":2122.61,"lq":1.0,"d":4067094},{"pi":"359861","pc":"Аптека","ss":2000,"td":"Центр города","dc":1,"n":114.71,"vc":"1120","sl":"Элитный","sv":"1","p":12000.0,"q":25.39,"b":0.0,"ms":0.01,"wi":72.29,"ei":8.18,"as":479.23,"mi":"E","mv":14127,"sc":1,"lpe":99.99,"lpr":3021.71,"lq":1.0,"d":1029984},{"pi":"359861","pc":"Аптека","ss":7000,"td":"Центр города","dc":1,"n":439.95,"vc":"17088","sl":"Элитный","sv":"13435","p":39000.0,"q":38.55,"b":0.0,"ms":78.32,"wi":177.51,"ei":8.42,"as":480.91,"mi":"D","mv":17154,"sc":1,"lpe":21.68,"lpr":19611.4,"lq":2.38,"d":638691},{"pi":"359861","pc":"Аптека","ss":100000,"td":"Фешенебельный район","dc":1,"n":610.54,"vc":"137543","sl":"Элитный","sv":"70971","p":2299.99,"q":54.9,"b":0.15,"ms":25.19,"wi":84.09,"ei":6.95,"as":558.71,"mi":"E","mv":281785,"sc":1,"lpe":74.81,"lpr":755.61,"lq":1.37,"d":1311608},{"pi":"359861","pc":"Аптека","ss":100000,"td":"Фешенебельный район","dc":1,"n":609.94,"vc":"164687","sl":"Элитный","sv":"110467","p":2749.99,"q":54.9,"b":0.15,"ms":25.0,"wi":96.79,"ei":7.02,"as":524.32,"mi":"E","mv":441920,"sc":1,"lpe":75.0,"lpr":1070.79,"lq":1.78,"d":2230467},{"pi":"359861","pc":"Аптека","ss":15000,"td":"Центр города","dc":1,"n":481.84,"vc":"47051","sl":"Элитный","sv":"17325","p":14000.0,"q":35.4,"b":0.0442735930735931,"ms":99.74,"wi":252.85,"ei":6.26,"as":465.4,"mi":"A","mv":17370,"sc":3,"lpe":0.0,"lpr":14510.16,"lq":17.27,"d":905724},{"pi":"359861","pc":"Аптека","ss":1000,"td":"Центр города","dc":1,"n":76.34,"vc":"619","sl":"Элитный","sv":"40","p":22500.0,"q":54.88,"b":0.0,"ms":0.23,"wi":252.85,"ei":6.26,"as":465.4,"mi":"A","mv":17370,"sc":3,"lpe":0.0,"lpr":14510.16,"lq":17.27,"d":905724},{"pi":"359861","pc":"Аптека","ss":10000,"td":"Центр города","dc":1,"n":167.29,"vc":"3338","sl":"Элитный","sv":"5","p":14600.0,"q":14.22,"b":0.0,"ms":0.03,"wi":252.85,"ei":6.26,"as":465.4,"mi":"A","mv":17370,"sc":3,"lpe":0.0,"lpr":14510.16,"lq":17.27,"d":905724},{"pi":"359861","pc":"Аптека","ss":14400,"td":"Центр города","dc":1,"n":356.16,"vc":"15692","sl":"Элитный","sv":"14204","p":20500.0,"q":45.27,"b":0.180532244438186,"ms":100.0,"wi":134.28,"ei":6.77,"as":449.89,"mi":"B","mv":14204,"sc":1,"lpe":0.0,"lpr":12718.8,"lq":2.43,"d":683314},{"pi":"359861","pc":"Аптека","ss":10000,"td":"Фешенебельный район","dc":5,"n":455.59,"vc":"4290","sl":"Элитный","sv":"2500","p":10000.0,"q":30.95,"b":0.0,"ms":7.88,"wi":65.5,"ei":9.91,"as":493.53,"mi":"E","mv":31718,"sc":1,"lpe":92.12,"lpr":2570.64,"lq":1.0,"d":1788274},{"pi":"359861","pc":"Аптека","ss":10000,"td":"Фешенебельный район","dc":5,"n":465.54,"vc":"6592","sl":"Очень высокий","sv":"1014","p":9000.0,"q":30.23,"b":0.0,"ms":2.01,"wi":84.97,"ei":10.25,"as":639.3,"mi":"E","mv":50539,"sc":1,"lpe":97.99,"lpr":2936.6,"lq":1.0,"d":1527583},{"pi":"359861","pc":"Аптека","ss":10000,"td":"Центр города","dc":1,"n":52.9,"vc":"1310","sl":"Элитный","sv":"2","p":13500.0,"q":15.17,"b":0.0,"ms":0.03,"wi":29.59,"ei":5.8,"as":239.4,"mi":"E","mv":7989,"sc":1,"lpe":99.97,"lpr":3397.14,"lq":1.0,"d":1219638},{"pi":"359861","pc":"Аптека","ss":100000,"td":"Центр города","dc":1,"n":469.67,"vc":"166266","sl":"Элитный","sv":"6663","p":4827.98,"q":50.42,"b":0.29,"ms":13.58,"wi":114.36,"ei":10.52,"as":845.59,"mi":"E","mv":49062,"sc":1,"lpe":86.42,"lpr":1588.06,"lq":2.19,"d":538177},{"pi":"359861","pc":"Аптека","ss":10000,"td":"Фешенебельный район","dc":5,"n":326.01,"vc":"3245","sl":"Элитный","sv":"100","p":10000.0,"q":30.95,"b":0.0,"ms":0.01,"wi":109.51,"ei":11.99,"as":1325.2,"mi":"E","mv":969717,"sc":2,"lpe":99.99,"lpr":6774.74,"lq":1.0,"d":6561214},{"pi":"359861","pc":"Аптека","ss":1100,"td":"Центр города","dc":2,"n":21.84,"vc":"949","sl":"Очень низкий","sv":"4","p":10500.0,"q":31.43,"b":0.0,"ms":0.0,"wi":109.51,"ei":11.99,"as":1325.2,"mi":"E","mv":969717,"sc":2,"lpe":99.99,"lpr":6774.74,"lq":1.0,"d":6561214},{"pi":"359861","pc":"Аптека","ss":100000,"td":"Фешенебельный район","dc":1,"n":612.49,"vc":"91131","sl":"Элитный","sv":"8317","p":2749.99,"q":54.9,"b":0.0,"ms":25.0,"wi":90.31,"ei":6.9,"as":555.66,"mi":"E","mv":33267,"sc":1,"lpe":75.0,"lpr":799.32,"lq":1.98,"d":384306},{"pi":"359861","pc":"Аптека","ss":1000,"td":"Центр города","dc":1,"n":163.05,"vc":"272","sl":"Элитный","sv":"10","p":1501.0,"q":57.81,"b":0.87,"ms":0.32,"wi":43.15,"ei":9.89,"as":1436.69,"mi":"E","mv":3117,"sc":1,"lpe":99.68,"lpr":525.09,"lq":1.0,"d":127845},{"pi":"359861","pc":"Аптека","ss":300000,"td":"Центр города","dc":7,"n":505.93,"vc":"2961988","sl":"Очень низкий","sv":"30000","p":9300.0,"q":16.04,"b":0.0,"ms":1.94,"wi":147.51,"ei":10.87,"as":331.13,"mi":"E","mv":1542793,"sc":6,"lpe":95.66,"lpr":3914.83,"lq":1.0,"d":23026019},{"pi":"359861","pc":"Аптека","ss":100000,"td":"Центр города","dc":1,"n":356.58,"vc":"206752","sl":"Элитный","sv":"24674","p":7500.0,"q":47.19,"b":2.87,"ms":1.6,"wi":147.51,"ei":10.87,"as":331.13,"mi":"E","mv":1542793,"sc":6,"lpe":95.66,"lpr":3914.83,"lq":1.0,"d":23026019},{"pi":"359861","pc":"Аптека","ss":200000,"td":"Окраина","dc":1,"n":499.84,"vc":"941496","sl":"Высокий","sv":"12200","p":12400.0,"q":52.01,"b":4.22,"ms":0.79,"wi":147.51,"ei":10.87,"as":331.13,"mi":"E","mv":1542793,"sc":6,"lpe":95.66,"lpr":3914.83,"lq":1.0,"d":23026019},{"pi":"359861","pc":"Аптека","ss":100000,"td":"Центр города","dc":1,"n":558.67,"vc":"1443300","sl":"Нормальный","sv":"18","p":17000.0,"q":33.36,"b":2.54833333333333,"ms":0.0,"wi":147.51,"ei":10.87,"as":331.13,"mi":"E","mv":1542793,"sc":6,"lpe":95.66,"lpr":3914.83,"lq":1.0,"d":23026019},{"pi":"359861","pc":"Аптека","ss":110000,"td":"Фешенебельный район","dc":7,"n":109.31,"vc":"3014","sl":"Элитный","sv":"15","p":11000.0,"q":33.25,"b":0.0,"ms":0.0,"wi":147.51,"ei":10.87,"as":331.13,"mi":"E","mv":1542793,"sc":6,"lpe":95.66,"lpr":3914.83,"lq":1.0,"d":23026019},{"pi":"359861","pc":"Аптека","ss":100000,"td":"Центр города","dc":1,"n":593.36,"vc":"2014784","sl":"Нормальный","sv":"3","p":18700.0,"q":45.14,"b":0.08,"ms":0.0,"wi":147.51,"ei":10.87,"as":331.13,"mi":"E","mv":1542793,"sc":6,"lpe":95.66,"lpr":3914.83,"lq":1.0,"d":23026019},{"pi":"359861","pc":"Аптека","ss":74400,"td":"Спальный район","dc":10,"n":356.98,"vc":"41807","sl":"Очень низкий","sv":"1","p":13500.0,"q":29.71,"b":1.07,"ms":0.0,"wi":53.68,"ei":8.23,"as":438.42,"mi":"E","mv":44933,"sc":1,"lpe":100.0,"lpr":2675.98,"lq":1.0,"d":1040089},{"pi":"359861","pc":"Аптека","ss":1500,"td":"Центр города","dc":2,"n":30.66,"vc":"543","sl":"Элитный","sv":"10","p":20783.0,"q":3.77,"b":0.0,"ms":0.81,"wi":29.97,"ei":9.66,"as":426.16,"mi":"E","mv":1231,"sc":1,"lpe":99.19,"lpr":16357.45,"lq":1.0,"d":1008169},{"pi":"359861","pc":"Аптека","ss":100000,"td":"Центр города","dc":2,"n":76.35,"vc":"8010","sl":"Высокий","sv":"30","p":17500.0,"q":43.02,"b":0.0,"ms":0.15,"wi":22.9,"ei":9.72,"as":843.33,"mi":"E","mv":20465,"sc":1,"lpe":99.85,"lpr":3276.86,"lq":1.0,"d":4999116},{"pi":"359861","pc":"Аптека","ss":300000,"td":"Центр города","dc":1,"n":729.12,"vc":"13012417","sl":"Низкий","sv":"132878","p":50000.0,"q":66.64,"b":4.93,"ms":28.39,"wi":394.9,"ei":8.22,"as":694.55,"mi":"AAA","mv":468104,"sc":8,"lpe":0.0,"lpr":25913.85,"lq":29.3,"d":9501607},{"pi":"359861","pc":"Аптека","ss":300000,"td":"Центр города","dc":1,"n":729.15,"vc":"13016594","sl":"Низкий","sv":"132481","p":50000.0,"q":66.65,"b":4.93,"ms":28.3,"wi":394.9,"ei":8.22,"as":694.55,"mi":"AAA","mv":468104,"sc":8,"lpe":0.0,"lpr":25913.85,"lq":29.3,"d":9501607},{"pi":"359861","pc":"Аптека","ss":300000,"td":"Фешенебельный район","dc":1,"n":717.02,"vc":"1737543","sl":"Очень высокий","sv":"83934","p":50000.0,"q":62.42,"b":4.79,"ms":17.93,"wi":394.9,"ei":8.22,"as":694.55,"mi":"AAA","mv":468104,"sc":8,"lpe":0.0,"lpr":25913.85,"lq":29.3,"d":9501607},{"pi":"359861","pc":"Аптека","ss":300000,"td":"Фешенебельный район","dc":1,"n":657.79,"vc":"983439","sl":"Очень высокий","sv":"50392","p":28000.0,"q":46.87,"b":0.0,"ms":10.77,"wi":394.9,"ei":8.22,"as":694.55,"mi":"AAA","mv":468104,"sc":8,"lpe":0.0,"lpr":25913.85,"lq":29.3,"d":9501607},{"pi":"359861","pc":"Аптека","ss":300000,"td":"Центр города","dc":1,"n":627.29,"vc":"4890523","sl":"Нормальный","sv":"37731","p":26000.0,"q":45.94,"b":0.00746441917786436,"ms":8.06,"wi":394.9,"ei":8.22,"as":694.55,"mi":"AAA","mv":468104,"sc":8,"lpe":0.0,"lpr":25913.85,"lq":29.3,"d":9501607},{"pi":"359861","pc":"Аптека","ss":100000,"td":"Фешенебельный район","dc":1,"n":588.4,"vc":"222317","sl":"Элитный","sv":"12135","p":17000.0,"q":45.28,"b":0.0,"ms":2.59,"wi":394.9,"ei":8.22,"as":694.55,"mi":"AAA","mv":468104,"sc":8,"lpe":0.0,"lpr":25913.85,"lq":29.3,"d":9501607},{"pi":"359861","pc":"Аптека","ss":300000,"td":"Центр города","dc":1,"n":529.03,"vc":"1902323","sl":"Очень высокий","sv":"10005","p":30000.0,"q":45.27,"b":0.199081459270365,"ms":2.14,"wi":394.9,"ei":8.22,"as":694.55,"mi":"AAA","mv":468104,"sc":8,"lpe":0.0,"lpr":25913.85,"lq":29.3,"d":9501607},{"pi":"359861","pc":"Аптека","ss":300000,"td":"Спальный район","dc":1,"n":295.2,"vc":"144946","sl":"Элитный","sv":"8548","p":30000.0,"q":54.89,"b":0.0,"ms":1.83,"wi":394.9,"ei":8.22,"as":694.55,"mi":"AAA","mv":468104,"sc":8,"lpe":0.0,"lpr":25913.85,"lq":29.3,"d":9501607},{"pi":"359861","pc":"Аптека","ss":900,"td":"Спальный район","dc":1,"n":171.03,"vc":"365","sl":"Элитный","sv":"175","p":8000.0,"q":16.33,"b":0.0,"ms":2.01,"wi":80.61,"ei":6.3,"as":443.37,"mi":"E","mv":8691,"sc":2,"lpe":97.92,"lpr":3560.05,"lq":1.0,"d":115234},{"pi":"359861","pc":"Аптека","ss":200,"td":"Спальный район","dc":1,"n":116.35,"vc":"113","sl":"Очень высокий","sv":"6","p":11300.0,"q":26.39,"b":0.0,"ms":0.07,"wi":80.61,"ei":6.3,"as":443.37,"mi":"E","mv":8691,"sc":2,"lpe":97.92,"lpr":3560.05,"lq":1.0,"d":115234},{"pi":"359861","pc":"Аптека","ss":500,"td":"Центр города","dc":1,"n":54.78,"vc":"279","sl":"Элитный","sv":"3","p":16000.0,"q":19.17,"b":0.0,"ms":0.06,"wi":95.67,"ei":9.58,"as":540.28,"mi":"E","mv":4634,"sc":1,"lpe":99.94,"lpr":2870.78,"lq":1.0,"d":459090},{"pi":"359861","pc":"Аптека","ss":300000,"td":"Фешенебельный район","dc":1,"n":712.86,"vc":"881485","sl":"Высокий","sv":"11","p":17420.0,"q":22.61,"b":0.0,"ms":0.01,"wi":237.1,"ei":8.1,"as":544.78,"mi":"E","mv":121444,"sc":1,"lpe":99.99,"lpr":3468.34,"lq":1.0,"d":1532131},{"pi":"359861","pc":"Аптека","ss":100000,"td":"Центр города","dc":1,"n":549.13,"vc":"288416","sl":"Элитный","sv":"675","p":3250.0,"q":34.19,"b":0.64,"ms":3.17,"wi":27.55,"ei":7.28,"as":431.52,"mi":"E","mv":21289,"sc":1,"lpe":96.83,"lpr":721.27,"lq":1.0,"d":287078},{"pi":"359861","pc":"Аптека","ss":300000,"td":"Фешенебельный район","dc":1,"n":556.48,"vc":"203771","sl":"Очень высокий","sv":"1","p":20000.0,"q":23.22,"b":0.0,"ms":0.0,"wi":207.16,"ei":8.03,"as":511.29,"mi":"E","mv":133077,"sc":1,"lpe":100.0,"lpr":3706.04,"lq":1.0,"d":1709120},{"pi":"359861","pc":"Аптека","ss":10000,"td":"Спальный район","dc":7,"n":236.55,"vc":"2406","sl":"Элитный","sv":"1","p":9650.9,"q":2.46,"b":0.0,"ms":0.02,"wi":51.45,"ei":5.91,"as":449.32,"mi":"E","mv":4778,"sc":1,"lpe":99.98,"lpr":3763.41,"lq":1.0,"d":244886},{"pi":"359861","pc":"Аптека","ss":1000,"td":"Фешенебельный район","dc":1,"n":704.21,"vc":"1129","sl":"Элитный","sv":"55","p":6000.0,"q":36.28,"b":0.7,"ms":0.99,"wi":40.45,"ei":6.38,"as":420.87,"mi":"E","mv":5565,"sc":1,"lpe":99.01,"lpr":1410.53,"lq":1.0,"d":76332},{"pi":"359861","pc":"Аптека","ss":300000,"td":"Фешенебельный район","dc":1,"n":724.99,"vc":"811359","sl":"Элитный","sv":"4","p":18000.0,"q":23.22,"b":0.0,"ms":0.01,"wi":144.2,"ei":10.07,"as":537.52,"mi":"E","mv":59057,"sc":1,"lpe":99.99,"lpr":3529.65,"lq":1.0,"d":866686},{"pi":"359861","pc":"Аптека","ss":300000,"td":"Фешенебельный район","dc":1,"n":650.19,"vc":"500646","sl":"Элитный","sv":"3000","p":18000.0,"q":38.45,"b":0.0,"ms":2.6,"wi":233.18,"ei":10.45,"as":460.64,"mi":"E","mv":115265,"sc":1,"lpe":97.4,"lpr":4488.96,"lq":1.0,"d":1799109},{"pi":"359861","pc":"Аптека","ss":300000,"td":"Фешенебельный район","dc":1,"n":687.82,"vc":"1104660","sl":"Элитный","sv":"20132","p":6397.0,"q":31.3,"b":0.0,"ms":22.51,"wi":76.8,"ei":9.96,"as":602.66,"mi":"E","mv":89454,"sc":1,"lpe":77.49,"lpr":2081.5,"lq":3.01,"d":2032553},{"pi":"359861","pc":"Аптека","ss":100000,"td":"Фешенебельный район","dc":1,"n":656.47,"vc":"176117","sl":"Нормальный","sv":"8","p":18000.0,"q":33.46,"b":0.05125,"ms":0.04,"wi":97.69,"ei":6.75,"as":587.06,"mi":"E","mv":20404,"sc":1,"lpe":99.96,"lpr":3764.12,"lq":1.0,"d":752474},{"pi":"359861","pc":"Аптека","ss":500,"td":"Спальный район","dc":2,"n":405.0,"vc":"1376","sl":"Нормальный","sv":"100","p":1506.65,"q":1.25,"b":0.0,"ms":0.78,"wi":64.17,"ei":14.12,"as":378.97,"mi":"E","mv":12803,"sc":1,"lpe":99.22,"lpr":1833.95,"lq":1.0,"d":182839},{"pi":"359861","pc":"Аптека","ss":100000,"td":"Центр города","dc":1,"n":523.85,"vc":"313702","sl":"Элитный","sv":"2500","p":1500.69,"q":47.19,"b":3.81,"ms":7.05,"wi":37.73,"ei":7.11,"as":296.55,"mi":"E","mv":35457,"sc":1,"lpe":92.95,"lpr":1104.43,"lq":1.0,"d":662407},{"pi":"359861","pc":"Аптека","ss":102300,"td":"Центр города","dc":9,"n":318.92,"vc":"37626","sl":"Элитный","sv":"149","p":14000.0,"q":29.32,"b":0.00154362416107383,"ms":49.17,"wi":15.62,"ei":9.04,"as":360.04,"mi":"D","mv":303,"sc":3,"lpe":49.17,"lpr":5335.24,"lq":22.21,"d":721874},{"pi":"359861","pc":"Аптека","ss":100000,"td":"Центр города","dc":10,"n":45.3,"vc":"2665","sl":"Элитный","sv":"4","p":25000.0,"q":50.95,"b":0.0,"ms":1.32,"wi":15.62,"ei":9.04,"as":360.04,"mi":"D","mv":303,"sc":3,"lpe":49.17,"lpr":5335.24,"lq":22.21,"d":721874},{"pi":"359861","pc":"Аптека","ss":200000,"td":"Центр города","dc":4,"n":433.41,"vc":"303285","sl":"Высокий","sv":"1","p":31200.0,"q":46.42,"b":0.0,"ms":0.33,"wi":15.62,"ei":9.04,"as":360.04,"mi":"D","mv":303,"sc":3,"lpe":49.17,"lpr":5335.24,"lq":22.21,"d":721874},{"pi":"359861","pc":"Аптека","ss":10000,"td":"Фешенебельный район","dc":5,"n":537.52,"vc":"5293","sl":"Элитный","sv":"1","p":8300.0,"q":28.67,"b":0.0,"ms":0.01,"wi":26.9,"ei":5.25,"as":221.34,"mi":"E","mv":18231,"sc":1,"lpe":99.99,"lpr":1150.8,"lq":1.0,"d":534910},{"pi":"359861","pc":"Аптека","ss":100100,"td":"Фешенебельный район","dc":2,"n":553.43,"vc":"154467","sl":"Элитный","sv":"1036","p":12557.92,"q":19.3,"b":0.0,"ms":0.85,"wi":57.54,"ei":13.1,"as":741.67,"mi":"E","mv":122047,"sc":1,"lpe":99.15,"lpr":3779.53,"lq":1.0,"d":3045477},{"pi":"359861","pc":"Аптека","ss":100000,"td":"Центр города","dc":1,"n":704.33,"vc":"1947943","sl":"Нормальный","sv":"282","p":14000.0,"q":32.21,"b":3.52,"ms":6.16,"wi":23.55,"ei":9.78,"as":317.86,"mi":"E","mv":4578,"sc":2,"lpe":93.77,"lpr":1925.76,"lq":1.0,"d":1431240},{"pi":"359861","pc":"Аптека","ss":500,"td":"Центр города","dc":2,"n":55.29,"vc":"392","sl":"Очень высокий","sv":"3","p":11100.0,"q":31.01,"b":0.0,"ms":0.07,"wi":23.55,"ei":9.78,"as":317.86,"mi":"E","mv":4578,"sc":2,"lpe":93.77,"lpr":1925.76,"lq":1.0,"d":1431240},{"pi":"359861","pc":"Аптека","ss":100000,"td":"Центр города","dc":1,"n":477.77,"vc":"204058","sl":"Очень низкий","sv":"14","p":8000.0,"q":31.23,"b":0.0,"ms":0.02,"wi":177.95,"ei":13.76,"as":1000.64,"mi":"E","mv":82228,"sc":1,"lpe":99.98,"lpr":1535.77,"lq":1.0,"d":687610},{"pi":"359861","pc":"Аптека","ss":40000,"td":"Фешенебельный район","dc":7,"n":509.9,"vc":"23526","sl":"Очень высокий","sv":"1080","p":9000.0,"q":29.72,"b":4.82,"ms":6.87,"wi":76.14,"ei":6.38,"as":424.02,"mi":"E","mv":15725,"sc":1,"lpe":93.13,"lpr":1859.03,"lq":1.0,"d":442310},{"pi":"359861","pc":"Аптека","ss":10000,"td":"Центр города","dc":6,"n":497.68,"vc":"33292","sl":"Низкий","sv":"4058","p":10000.0,"q":30.92,"b":5.13,"ms":9.41,"wi":139.51,"ei":9.98,"as":1185.72,"mi":"E","mv":43114,"sc":1,"lpe":90.59,"lpr":3785.48,"lq":4.66,"d":806349},{"pi":"359861","pc":"Аптека","ss":100000,"td":"Центр города","dc":1,"n":481.69,"vc":"195891","sl":"Элитный","sv":"500","p":11000.0,"q":32.75,"b":0.0,"ms":0.42,"wi":101.47,"ei":8.12,"as":442.08,"mi":"E","mv":120031,"sc":1,"lpe":99.58,"lpr":2471.46,"lq":1.0,"d":549458},{"pi":"359861","pc":"Аптека","ss":100000,"td":"Центр города","dc":1,"n":530.14,"vc":"308323","sl":"Элитный","sv":"600","p":11000.0,"q":32.75,"b":0.0,"ms":0.81,"wi":85.36,"ei":8.17,"as":454.27,"mi":"E","mv":74504,"sc":3,"lpe":99.03,"lpr":2589.3,"lq":1.0,"d":530476},{"pi":"359861","pc":"Аптека","ss":100000,"td":"Фешенебельный район","dc":1,"n":591.34,"vc":"83306","sl":"Элитный","sv":"116","p":12000.0,"q":26.77,"b":0.0,"ms":0.16,"wi":85.36,"ei":8.17,"as":454.27,"mi":"E","mv":74504,"sc":3,"lpe":99.03,"lpr":2589.3,"lq":1.0,"d":530476},{"pi":"359861","pc":"Аптека","ss":100000,"td":"Фешенебельный район","dc":1,"n":622.98,"vc":"112926","sl":"Элитный","sv":"5","p":16000.0,"q":47.84,"b":4.69,"ms":0.01,"wi":85.36,"ei":8.17,"as":454.27,"mi":"E","mv":74504,"sc":3,"lpe":99.03,"lpr":2589.3,"lq":1.0,"d":530476},{"pi":"359861","pc":"Аптека","ss":30000,"td":"Центр города","dc":6,"n":472.38,"vc":"74698","sl":"Нормальный","sv":"3172","p":15000.0,"q":30.79,"b":5.13,"ms":3.56,"wi":190.14,"ei":10.4,"as":1225.0,"mi":"E","mv":89220,"sc":2,"lpe":94.01,"lpr":4968.13,"lq":1.0,"d":968944},{"pi":"359861","pc":"Аптека","ss":300000,"td":"Фешенебельный район","dc":1,"n":650.81,"vc":"394358","sl":"Элитный","sv":"2173","p":20000.0,"q":42.4,"b":0.0,"ms":2.44,"wi":190.14,"ei":10.4,"as":1225.0,"mi":"E","mv":89220,"sc":2,"lpe":94.01,"lpr":4968.13,"lq":1.0,"d":968944},{"pi":"359861","pc":"Аптека","ss":100000,"td":"Центр города","dc":2,"n":464.96,"vc":"338702","sl":"Очень высокий","sv":"5155","p":12000.0,"q":18.37,"b":0.0,"ms":4.14,"wi":127.34,"ei":10.71,"as":1372.0,"mi":"E","mv":124655,"sc":5,"lpe":91.65,"lpr":3854.82,"lq":3.73,"d":1305678},{"pi":"359861","pc":"Аптека","ss":70000,"td":"Центр города","dc":7,"n":430.46,"vc":"120539","sl":"Нормальный","sv":"4869","p":12000.0,"q":30.84,"b":5.13,"ms":3.91,"wi":127.34,"ei":10.71,"as":1372.0,"mi":"E","mv":124655,"sc":5,"lpe":91.65,"lpr":3854.82,"lq":3.73,"d":1305678},{"pi":"359861","pc":"Аптека","ss":300000,"td":"Центр города","dc":10,"n":372.0,"vc":"209989","sl":"Очень высокий","sv":"341","p":13500.0,"q":38.79,"b":0.0,"ms":0.27,"wi":127.34,"ei":10.71,"as":1372.0,"mi":"E","mv":124655,"sc":5,"lpe":91.65,"lpr":3854.82,"lq":3.73,"d":1305678},{"pi":"359861","pc":"Аптека","ss":300000,"td":"Фешенебельный район","dc":1,"n":669.33,"vc":"548567","sl":"Элитный","sv":"40","p":20000.0,"q":47.62,"b":0.0,"ms":0.03,"wi":127.34,"ei":10.71,"as":1372.0,"mi":"E","mv":124655,"sc":5,"lpe":91.65,"lpr":3854.82,"lq":3.73,"d":1305678},{"pi":"359861","pc":"Аптека","ss":300000,"td":"Пригород","dc":3,"n":277.05,"vc":"31669","sl":"Элитный","sv":"2","p":15000.0,"q":31.06,"b":0.0,"ms":0.0,"wi":127.34,"ei":10.71,"as":1372.0,"mi":"E","mv":124655,"sc":5,"lpe":91.65,"lpr":3854.82,"lq":3.73,"d":1305678},{"pi":"359861","pc":"Аптека","ss":110000,"td":"Центр города","dc":6,"n":578.85,"vc":"349971","sl":"Очень низкий","sv":"26","p":13600.0,"q":18.43,"b":0.0,"ms":0.07,"wi":127.31,"ei":8.39,"as":998.3,"mi":"E","mv":38111,"sc":1,"lpe":99.93,"lpr":3929.53,"lq":1.0,"d":266022},{"pi":"359861","pc":"Аптека","ss":1000,"td":"Фешенебельный район","dc":1,"n":520.22,"vc":"1406","sl":"Элитный","sv":"4000","p":5288.0,"q":45.39,"b":3.17,"ms":4.85,"wi":123.96,"ei":6.52,"as":593.48,"mi":"E","mv":82499,"sc":2,"lpe":95.11,"lpr":1542.26,"lq":1.0,"d":522937},{"pi":"359861","pc":"Аптека","ss":1000,"td":"Фешенебельный район","dc":1,"n":468.87,"vc":"702","sl":"Элитный","sv":"34","p":7500.0,"q":36.25,"b":1.9,"ms":0.04,"wi":123.96,"ei":6.52,"as":593.48,"mi":"E","mv":82499,"sc":2,"lpe":95.11,"lpr":1542.26,"lq":1.0,"d":522937},{"pi":"359861","pc":"Аптека","ss":1000,"td":"Фешенебельный район","dc":1,"n":514.35,"vc":"1336","sl":"Элитный","sv":"2","p":7200.0,"q":46.3,"b":3.17,"ms":0.0,"wi":126.96,"ei":6.65,"as":617.8,"mi":"E","mv":63661,"sc":2,"lpe":100.0,"lpr":1334.39,"lq":1.0,"d":498236},{"pi":"359861","pc":"Аптека","ss":1000,"td":"Фешенебельный район","dc":1,"n":472.24,"vc":"703","sl":"Элитный","sv":"1","p":10000.0,"q":36.48,"b":1.9,"ms":0.0,"wi":126.96,"ei":6.65,"as":617.8,"mi":"E","mv":63661,"sc":2,"lpe":100.0,"lpr":1334.39,"lq":1.0,"d":498236},{"pi":"359861","pc":"Аптека","ss":100000,"td":"Фешенебельный район","dc":1,"n":602.4,"vc":"140679","sl":"Элитный","sv":"52035","p":2299.99,"q":54.9,"b":0.15,"ms":25.0,"wi":68.23,"ei":7.74,"as":561.31,"mi":"E","mv":208159,"sc":1,"lpe":75.0,"lpr":998.19,"lq":1.45,"d":1850504},{"pi":"359861","pc":"Аптека","ss":1000,"td":"Фешенебельный район","dc":1,"n":530.11,"vc":"1235","sl":"Элитный","sv":"11000","p":8000.0,"q":45.89,"b":3.17,"ms":4.82,"wi":136.64,"ei":8.24,"as":623.56,"mi":"E","mv":227981,"sc":3,"lpe":95.16,"lpr":2115.5,"lq":1.0,"d":1164293},{"pi":"359861","pc":"Аптека","ss":1000,"td":"Центр города","dc":1,"n":425.98,"vc":"6862","sl":"Нормальный","sv":"38","p":8250.0,"q":36.57,"b":1.9,"ms":0.02,"wi":136.64,"ei":8.24,"as":623.56,"mi":"E","mv":227981,"sc":3,"lpe":95.16,"lpr":2115.5,"lq":1.0,"d":1164293},{"pi":"359861","pc":"Аптека","ss":1000,"td":"Центр города","dc":1,"n":533.37,"vc":"8383","sl":"Низкий","sv":"1","p":15000.0,"q":23.22,"b":0.0,"ms":0.0,"wi":136.64,"ei":8.24,"as":623.56,"mi":"E","mv":227981,"sc":3,"lpe":95.16,"lpr":2115.5,"lq":1.0,"d":1164293},{"pi":"359861","pc":"Аптека","ss":1000,"td":"Фешенебельный район","dc":1,"n":544.76,"vc":"741","sl":"Элитный","sv":"474","p":7500.0,"q":36.57,"b":1.9,"ms":1.78,"wi":101.28,"ei":4.87,"as":355.62,"mi":"E","mv":26583,"sc":2,"lpe":97.72,"lpr":1287.77,"lq":1.0,"d":1172689},{"pi":"359861","pc":"Аптека","ss":1000,"td":"Фешенебельный район","dc":1,"n":566.26,"vc":"1256","sl":"Элитный","sv":"133","p":8800.0,"q":45.39,"b":3.17,"ms":0.5,"wi":101.28,"ei":4.87,"as":355.62,"mi":"E","mv":26583,"sc":2,"lpe":97.72,"lpr":1287.77,"lq":1.0,"d":1172689},{"pi":"359861","pc":"Аптека","ss":1000,"td":"Фешенебельный район","dc":1,"n":541.94,"vc":"739","sl":"Очень высокий","sv":"428","p":7500.0,"q":37.03,"b":1.9,"ms":3.95,"wi":63.12,"ei":15.29,"as":441.12,"mi":"E","mv":10847,"sc":1,"lpe":96.05,"lpr":1367.65,"lq":1.0,"d":481315},{"pi":"359861","pc":"Аптека","ss":100000,"td":"Центр города","dc":1,"n":530.83,"vc":"418099","sl":"Элитный","sv":"4700","p":2500.69,"q":47.19,"b":3.81,"ms":2.68,"wi":77.88,"ei":12.05,"as":600.12,"mi":"E","mv":175293,"sc":1,"lpe":97.32,"lpr":1452.47,"lq":1.0,"d":1379560},{"pi":"359861","pc":"Аптека","ss":10000,"td":"Фешенебельный район","dc":1,"n":682.32,"vc":"30464","sl":"Очень высокий","sv":"1772","p":55580.0,"q":52.68,"b":2.66253386004515,"ms":18.07,"wi":75.41,"ei":8.49,"as":847.45,"mi":"E","mv":9804,"sc":1,"lpe":81.93,"lpr":7851.5,"lq":4.33,"d":1283055},{"pi":"359861","pc":"Аптека","ss":100000,"td":"Фешенебельный район","dc":1,"n":613.57,"vc":"126291","sl":"Элитный","sv":"21673","p":1999.99,"q":54.89,"b":0.15,"ms":19.28,"wi":97.03,"ei":7.05,"as":563.18,"mi":"E","mv":112423,"sc":1,"lpe":80.72,"lpr":572.6,"lq":1.01,"d":965017},{"pi":"359861","pc":"Аптека","ss":100000,"td":"Фешенебельный район","dc":1,"n":453.14,"vc":"17672","sl":"Элитный","sv":"106","p":16999.99,"q":25.2,"b":0.0,"ms":0.86,"wi":111.25,"ei":7.42,"as":716.55,"mi":"E","mv":12310,"sc":2,"lpe":99.08,"lpr":3725.4,"lq":1.0,"d":281578},{"pi":"359861","pc":"Аптека","ss":10000,"td":"Центр города","dc":1,"n":509.78,"vc":"41968","sl":"Очень высокий","sv":"7","p":15500.0,"q":21.24,"b":0.0,"ms":0.06,"wi":111.25,"ei":7.42,"as":716.55,"mi":"E","mv":12310,"sc":2,"lpe":99.08,"lpr":3725.4,"lq":1.0,"d":281578},{"pi":"359861","pc":"Аптека","ss":10000,"td":"Центр города","dc":1,"n":481.56,"vc":"45110","sl":"Высокий","sv":"5000","p":9000.0,"q":3.44,"b":0.0,"ms":80.14,"wi":95.91,"ei":8.61,"as":663.02,"mi":"D","mv":6239,"sc":1,"lpe":19.86,"lpr":16026.56,"lq":2.37,"d":882101},{"pi":"359861","pc":"Аптека","ss":100000,"td":"Центр города","dc":1,"n":380.82,"vc":"131384","sl":"Элитный","sv":"600","p":3000.0,"q":17.98,"b":0.51,"ms":0.09,"wi":33.84,"ei":9.93,"as":317.4,"mi":"E","mv":669624,"sc":2,"lpe":99.87,"lpr":2377.53,"lq":1.0,"d":13078752},{"pi":"359861","pc":"Аптека","ss":100000,"td":"Центр города","dc":1,"n":380.15,"vc":"130535","sl":"Элитный","sv":"250","p":2400.0,"q":28.2,"b":0.3,"ms":0.04,"wi":33.84,"ei":9.93,"as":317.4,"mi":"E","mv":669624,"sc":2,"lpe":99.87,"lpr":2377.53,"lq":1.0,"d":13078752},{"pi":"359861","pc":"Аптека","ss":100000,"td":"Фешенебельный район","dc":1,"n":690.91,"vc":"200100","sl":"Высокий","sv":"4","p":15000.0,"q":36.11,"b":0.0,"ms":0.0,"wi":228.1,"ei":8.47,"as":853.23,"mi":"E","mv":147269,"sc":1,"lpe":100.0,"lpr":2376.35,"lq":1.0,"d":420720},{"pi":"359861","pc":"Аптека","ss":100000,"td":"Фешенебельный район","dc":1,"n":446.05,"vc":"26409","sl":"Элитный","sv":"309","p":20800.0,"q":15.33,"b":0.0,"ms":0.15,"wi":199.46,"ei":9.29,"as":1878.18,"mi":"E","mv":212582,"sc":2,"lpe":99.85,"lpr":6046.31,"lq":1.0,"d":1078310},{"pi":"359861","pc":"Аптека","ss":30000,"td":"Спальный район","dc":4,"n":298.19,"vc":"14159","sl":"Очень высокий","sv":"1","p":16900.0,"q":18.43,"b":0.0,"ms":0.0,"wi":199.46,"ei":9.29,"as":1878.18,"mi":"E","mv":212582,"sc":2,"lpe":99.85,"lpr":6046.31,"lq":1.0,"d":1078310},{"pi":"359861","pc":"Аптека","ss":100000,"td":"Центр города","dc":1,"n":443.34,"vc":"182846","sl":"Элитный","sv":"19000","p":10800.0,"q":59.68,"b":0.6,"ms":5.5,"wi":205.51,"ei":9.37,"as":1972.09,"mi":"E","mv":345348,"sc":2,"lpe":92.86,"lpr":4172.09,"lq":1.0,"d":1293976},{"pi":"359861","pc":"Аптека","ss":100000,"td":"Фешенебельный район","dc":1,"n":616.78,"vc":"145357","sl":"Элитный","sv":"5651","p":14671.0,"q":43.25,"b":0.206600601663422,"ms":1.64,"wi":205.51,"ei":9.37,"as":1972.09,"mi":"E","mv":345348,"sc":2,"lpe":92.86,"lpr":4172.09,"lq":1.0,"d":1293976},{"pi":"359861","pc":"Аптека","ss":100000,"td":"Фешенебельный район","dc":1,"n":630.56,"vc":"115483","sl":"Элитный","sv":"373","p":17000.0,"q":44.5,"b":0.0,"ms":3.42,"wi":62.47,"ei":10.62,"as":593.08,"mi":"E","mv":10915,"sc":1,"lpe":96.58,"lpr":3003.86,"lq":1.0,"d":729464},{"pi":"359861","pc":"Аптека","ss":100000,"td":"Центр города","dc":1,"n":548.62,"vc":"287686","sl":"Элитный","sv":"2","p":5500.0,"q":34.19,"b":0.64,"ms":0.05,"wi":22.7,"ei":9.64,"as":700.42,"mi":"E","mv":4373,"sc":1,"lpe":99.95,"lpr":1199.82,"lq":1.0,"d":442993}]