[{"pi":"335179","pc":"Бакалея","ss":10000,"td":"Фешенебельный район","dc":7,"n":479.44,"vc":"6850","sl":"Очень высокий","sv":"4","p":100000.0,"q":13.15,"b":0.0,"ms":0.02,"wi":156.39,"ei":6.41,"as":2315.25,"mi":"E","mv":19502,"sc":1,"lpe":99.98,"lpr":17861.54,"lq":1.0,"d":680780},{"pi":"335179","pc":"Бакалея","ss":100000,"td":"Центр города","dc":1,"n":527.6,"vc":"370004","sl":"Элитный","sv":"5917","p":14000.0,"q":17.45,"b":3.79,"ms":20.41,"wi":86.72,"ei":7.1,"as":871.5,"mi":"E","mv":28988,"sc":1,"lpe":79.59,"lpr":2459.92,"lq":1.5,"d":957768},{"pi":"335179","pc":"Бакалея","ss":100000,"td":"Центр города","dc":1,"n":370.99,"vc":"80900","sl":"Очень высокий","sv":"685","p":5000.0,"q":9.64,"b":2.47,"ms":2.38,"wi":108.65,"ei":7.35,"as":1291.6,"mi":"E","mv":28841,"sc":1,"lpe":97.62,"lpr":6523.9,"lq":1.0,"d":1033752},{"pi":"335179","pc":"Бакалея","ss":100000,"td":"Центр города","dc":2,"n":335.39,"vc":"86020","sl":"Очень высокий","sv":"1648","p":30000.0,"q":15.56,"b":0.0,"ms":2.99,"wi":57.01,"ei":11.71,"as":410.0,"mi":"E","mv":55053,"sc":1,"lpe":97.01,"lpr":5425.88,"lq":1.0,"d":2912574},{"pi":"335179","pc":"Бакалея","ss":40000,"td":"Центр города","dc":3,"n":451.6,"vc":"125733","sl":"Низкий","sv":"1481","p":56000.0,"q":13.08,"b":0.0,"ms":21.78,"wi":92.28,"ei":6.9,"as":352.04,"mi":"E","mv":6799,"sc":1,"lpe":78.22,"lpr":16328.35,"lq":3.84,"d":995636},{"pi":"335179","pc":"Бакалея","ss":100000,"td":"Фешенебельный район","dc":2,"n":540.52,"vc":"34549","sl":"Элитный","sv":"969","p":7000.0,"q":16.74,"b":1.52,"ms":20.23,"wi":74.03,"ei":6.9,"as":1107.15,"mi":"E","mv":4789,"sc":1,"lpe":79.77,"lpr":990.62,"lq":1.32,"d":173342},{"pi":"335179","pc":"Бакалея","ss":100000,"td":"Фешенебельный район","dc":2,"n":518.61,"vc":"31229","sl":"Элитный","sv":"1285","p":6000.0,"q":16.54,"b":1.52,"ms":20.3,"wi":55.05,"ei":6.69,"as":836.95,"mi":"E","mv":6331,"sc":1,"lpe":79.7,"lpr":778.77,"lq":1.69,"d":237098},{"pi":"335179","pc":"Бакалея","ss":100000,"td":"Центр города","dc":2,"n":493.97,"vc":"529502","sl":"Низкий","sv":"3000","p":60000.0,"q":14.35,"b":0.0,"ms":4.64,"wi":127.75,"ei":7.06,"as":1642.86,"mi":"E","mv":64660,"sc":1,"lpe":95.36,"lpr":15115.58,"lq":1.0,"d":2109186},{"pi":"335179","pc":"Бакалея","ss":100000,"td":"Фешенебельный район","dc":1,"n":285.29,"vc":"16389","sl":"Элитный","sv":"4860","p":6032.11,"q":18.31,"b":0.0,"ms":2.0,"wi":51.76,"ei":4.41,"as":655.66,"mi":"E","mv":243036,"sc":1,"lpe":98.0,"lpr":2549.22,"lq":1.0,"d":7172110},{"pi":"335179","pc":"Бакалея","ss":100000,"td":"Спальный район","dc":1,"n":462.96,"vc":"89053","sl":"Элитный","sv":"500","p":3000.0,"q":9.64,"b":3.22,"ms":6.43,"wi":39.55,"ei":4.38,"as":267.33,"mi":"E","mv":7771,"sc":1,"lpe":93.57,"lpr":2261.36,"lq":1.0,"d":219870},{"pi":"335179","pc":"Бакалея","ss":100000,"td":"Фешенебельный район","dc":1,"n":588.21,"vc":"371325","sl":"Элитный","sv":"22000","p":4868.0,"q":16.24,"b":4.78,"ms":4.8,"wi":39.97,"ei":5.34,"as":208.05,"mi":"E","mv":458357,"sc":1,"lpe":95.2,"lpr":2710.55,"lq":1.0,"d":12982716},{"pi":"335179","pc":"Бакалея","ss":100000,"td":"Центр города","dc":1,"n":291.23,"vc":"85848","sl":"Элитный","sv":"15288","p":9200.0,"q":8.43,"b":0.0,"ms":5.62,"wi":102.86,"ei":10.85,"as":2744.68,"mi":"E","mv":272099,"sc":4,"lpe":88.59,"lpr":11033.16,"lq":4.32,"d":9744630},{"pi":"335179","pc":"Бакалея","ss":100000,"td":"Центр города","dc":1,"n":310.52,"vc":"103344","sl":"Элитный","sv":"8000","p":19000.0,"q":16.51,"b":1.34,"ms":2.94,"wi":102.86,"ei":10.85,"as":2744.68,"mi":"E","mv":272099,"sc":4,"lpe":88.59,"lpr":11033.16,"lq":4.32,"d":9744630},{"pi":"335179","pc":"Бакалея","ss":300000,"td":"Центр города","dc":2,"n":302.37,"vc":"316245","sl":"Элитный","sv":"6956","p":60000.0,"q":17.56,"b":1.34,"ms":2.56,"wi":102.86,"ei":10.85,"as":2744.68,"mi":"E","mv":272099,"sc":4,"lpe":88.59,"lpr":11033.16,"lq":4.32,"d":9744630},{"pi":"335179","pc":"Бакалея","ss":50000,"td":"Центр города","dc":1,"n":426.67,"vc":"268800","sl":"Очень высокий","sv":"805","p":60000.0,"q":13.15,"b":0.0,"ms":0.3,"wi":102.86,"ei":10.85,"as":2744.68,"mi":"E","mv":272099,"sc":4,"lpe":88.59,"lpr":11033.16,"lq":4.32,"d":9744630}]