[{"pi":"424209","pc":"Промышленные товары","ss":10000,"td":"Центр города","dc":2,"n":178.0,"vc":"2658","sl":"Элитный","sv":"50","p":7499.0,"q":30.93,"b":0.0,"ms":1.48,"wi":62.27,"ei":13.35,"as":674.99,"mi":"E","mv":3373,"sc":1,"lpe":98.52,"lpr":12012.19,"lq":1.0,"d":374441},{"pi":"424209","pc":"Промышленные товары","ss":10000,"td":"Центр города","dc":2,"n":205.75,"vc":"2678","sl":"Элитный","sv":"50","p":7999.0,"q":30.93,"b":0.0,"ms":2.64,"wi":46.49,"ei":9.42,"as":383.85,"mi":"E","mv":1894,"sc":1,"lpe":97.36,"lpr":11418.56,"lq":1.0,"d":223434},{"pi":"424209","pc":"Промышленные товары","ss":100000,"td":"Центр города","dc":2,"n":270.61,"vc":"38841","sl":"Элитный","sv":"2000","p":15000.0,"q":43.41,"b":0.0,"ms":12.35,"wi":75.92,"ei":7.32,"as":536.04,"mi":"E","mv":16197,"sc":1,"lpe":87.65,"lpr":9741.91,"lq":3.16,"d":1780714},{"pi":"424209","pc":"Промышленные товары","ss":10000,"td":"Центр города","dc":2,"n":213.33,"vc":"2685","sl":"Элитный","sv":"50","p":4999.0,"q":30.93,"b":0.0,"ms":2.99,"wi":24.79,"ei":5.22,"as":302.26,"mi":"E","mv":1670,"sc":1,"lpe":97.01,"lpr":7084.48,"lq":1.0,"d":182800},{"pi":"424209","pc":"Промышленные товары","ss":10000,"td":"Центр города","dc":2,"n":195.2,"vc":"2668","sl":"Элитный","sv":"50","p":7999.0,"q":30.93,"b":0.0,"ms":2.27,"wi":43.59,"ei":7.31,"as":476.27,"mi":"E","mv":2199,"sc":1,"lpe":97.73,"lpr":12079.45,"lq":1.0,"d":263256},{"pi":"424209","pc":"Промышленные товары","ss":10000,"td":"Центр города","dc":2,"n":163.1,"vc":"2668","sl":"Элитный","sv":"50","p":7499.0,"q":30.93,"b":0.0,"ms":1.12,"wi":60.54,"ei":6.77,"as":450.24,"mi":"E","mv":4454,"sc":1,"lpe":98.88,"lpr":12060.94,"lq":1.0,"d":518786},{"pi":"424209","pc":"Промышленные товары","ss":100000,"td":"Центр города","dc":1,"n":641.64,"vc":"900282","sl":"Высокий","sv":"460","p":25000.0,"q":40.0,"b":4.74,"ms":9.82,"wi":48.51,"ei":15.71,"as":380.15,"mi":"E","mv":4683,"sc":2,"lpe":89.11,"lpr":6303.68,"lq":2.16,"d":545196},{"pi":"424209","pc":"Промышленные товары","ss":10000,"td":"Центр города","dc":2,"n":162.16,"vc":"2669","sl":"Элитный","sv":"50","p":7999.0,"q":30.93,"b":0.0,"ms":1.07,"wi":48.51,"ei":15.71,"as":380.15,"mi":"E","mv":4683,"sc":2,"lpe":89.11,"lpr":6303.68,"lq":2.16,"d":545196},{"pi":"424209","pc":"Промышленные товары","ss":10000,"td":"Центр города","dc":2,"n":219.38,"vc":"4940","sl":"Элитный","sv":"50","p":7999.0,"q":30.93,"b":0.0,"ms":0.6,"wi":56.24,"ei":7.07,"as":380.48,"mi":"E","mv":8351,"sc":1,"lpe":99.4,"lpr":11094.33,"lq":1.0,"d":917721},{"pi":"424209","pc":"Промышленные товары","ss":10000,"td":"Центр города","dc":2,"n":166.89,"vc":"2664","sl":"Элитный","sv":"50","p":7499.0,"q":30.93,"b":0.0,"ms":1.19,"wi":53.32,"ei":6.45,"as":372.85,"mi":"E","mv":4218,"sc":1,"lpe":98.81,"lpr":11655.73,"lq":1.0,"d":476878},{"pi":"424209","pc":"Промышленные товары","ss":100000,"td":"Центр города","dc":1,"n":453.6,"vc":"182376","sl":"Элитный","sv":"73","p":3280.0,"q":31.64,"b":0.0,"ms":0.9,"wi":17.71,"ei":7.81,"as":93.95,"mi":"E","mv":8076,"sc":1,"lpe":99.1,"lpr":2272.77,"lq":1.0,"d":969146},{"pi":"424209","pc":"Промышленные товары","ss":100000,"td":"Центр города","dc":4,"n":172.26,"vc":"29100","sl":"Элитный","sv":"12000","p":20000.0,"q":43.41,"b":3.71,"ms":11.34,"wi":166.72,"ei":9.88,"as":2625.25,"mi":"E","mv":105787,"sc":2,"lpe":87.54,"lpr":18475.6,"lq":5.91,"d":11635600},{"pi":"424209","pc":"Промышленные товары","ss":100000,"td":"Центр города","dc":2,"n":269.01,"vc":"73775","sl":"Элитный","sv":"1182","p":8800.0,"q":26.78,"b":0.0,"ms":1.12,"wi":166.72,"ei":9.88,"as":2625.25,"mi":"E","mv":105787,"sc":2,"lpe":87.54,"lpr":18475.6,"lq":5.91,"d":11635600},{"pi":"424209","pc":"Промышленные товары","ss":10000,"td":"Центр города","dc":1,"n":365.76,"vc":"22235","sl":"Элитный","sv":"2000","p":10000.0,"q":43.41,"b":3.54,"ms":7.88,"wi":62.14,"ei":7.68,"as":426.52,"mi":"E","mv":25372,"sc":2,"lpe":88.18,"lpr":7213.85,"lq":2.21,"d":3062821},{"pi":"424209","pc":"Промышленные товары","ss":10000,"td":"Фешенебельный район","dc":1,"n":408.0,"vc":"4558","sl":"Элитный","sv":"1000","p":8000.0,"q":40.0,"b":3.96,"ms":3.94,"wi":62.14,"ei":7.68,"as":426.52,"mi":"E","mv":25372,"sc":2,"lpe":88.18,"lpr":7213.85,"lq":2.21,"d":3062821},{"pi":"424209","pc":"Промышленные товары","ss":100000,"td":"Фешенебельный район","dc":1,"n":0.0,"vc":"515","sl":"Элитный","sv":"109","p":19609.22,"q":25.11,"b":0.0,"ms":0.4,"wi":60.31,"ei":7.67,"as":446.7,"mi":"E","mv":27011,"sc":1,"lpe":99.6,"lpr":11186.42,"lq":1.0,"d":2952988},{"pi":"424209","pc":"Промышленные товары","ss":100000,"td":"Центр города","dc":3,"n":286.76,"vc":"41200","sl":"Элитный","sv":"1500","p":10000.0,"q":43.41,"b":3.78,"ms":12.33,"wi":109.66,"ei":9.0,"as":663.67,"mi":"E","mv":12161,"sc":1,"lpe":87.67,"lpr":12488.83,"lq":4.24,"d":1352330},{"pi":"424209","pc":"Промышленные товары","ss":100000,"td":"Центр города","dc":6,"n":421.42,"vc":"131511","sl":"Очень высокий","sv":"3000","p":8000.0,"q":26.78,"b":0.0,"ms":45.0,"wi":131.02,"ei":10.25,"as":2441.4,"mi":"E","mv":6667,"sc":1,"lpe":55.0,"lpr":5612.76,"lq":1.93,"d":921618},{"pi":"424209","pc":"Промышленные товары","ss":300000,"td":"Фешенебельный район","dc":10,"n":536.81,"vc":"181132","sl":"Очень высокий","sv":"275","p":52018.96,"q":24.25,"b":0.0,"ms":1.44,"wi":125.88,"ei":10.29,"as":1744.48,"mi":"E","mv":19053,"sc":1,"lpe":98.56,"lpr":19107.89,"lq":1.0,"d":2094907},{"pi":"424209","pc":"Промышленные товары","ss":100000,"td":"Центр города","dc":1,"n":471.94,"vc":"198677","sl":"Элитный","sv":"73","p":3280.0,"q":31.64,"b":0.0,"ms":1.07,"wi":59.42,"ei":8.65,"as":472.08,"mi":"E","mv":6807,"sc":1,"lpe":98.93,"lpr":12436.01,"lq":1.0,"d":747777},{"pi":"424209","pc":"Промышленные товары","ss":100000,"td":"Центр города","dc":1,"n":435.6,"vc":"230910","sl":"Элитный","sv":"951","p":23669.6,"q":26.36,"b":0.0,"ms":10.68,"wi":69.95,"ei":8.74,"as":537.58,"mi":"E","mv":8908,"sc":1,"lpe":89.32,"lpr":3141.25,"lq":1.59,"d":978886},{"pi":"424209","pc":"Промышленные товары","ss":10000,"td":"Центр города","dc":1,"n":315.63,"vc":"10322","sl":"Элитный","sv":"91","p":3310.0,"q":31.64,"b":0.0,"ms":1.04,"wi":81.87,"ei":13.22,"as":341.21,"mi":"E","mv":8712,"sc":1,"lpe":98.96,"lpr":18568.9,"lq":1.0,"d":986148},{"pi":"424209","pc":"Промышленные товары","ss":100000,"td":"Центр города","dc":2,"n":419.58,"vc":"216798","sl":"Элитный","sv":"1259","p":24815.55,"q":26.78,"b":0.0,"ms":10.9,"wi":62.59,"ei":7.65,"as":519.76,"mi":"E","mv":11550,"sc":2,"lpe":88.15,"lpr":7765.72,"lq":2.39,"d":1269608},{"pi":"424209","pc":"Промышленные товары","ss":100000,"td":"Центр города","dc":1,"n":434.64,"vc":"167050","sl":"Элитный","sv":"110","p":3340.0,"q":31.64,"b":0.0,"ms":0.95,"wi":62.59,"ei":7.65,"as":519.76,"mi":"E","mv":11550,"sc":2,"lpe":88.15,"lpr":7765.72,"lq":2.39,"d":1269608},{"pi":"424209","pc":"Промышленные товары","ss":10000,"td":"Центр города","dc":2,"n":231.15,"vc":"2729","sl":"Элитный","sv":"50","p":7699.0,"q":30.93,"b":0.0,"ms":4.16,"wi":34.18,"ei":9.16,"as":412.47,"mi":"E","mv":1202,"sc":1,"lpe":95.84,"lpr":11006.0,"lq":1.0,"d":131326},{"pi":"424209","pc":"Промышленные товары","ss":10000,"td":"Центр города","dc":1,"n":82.08,"vc":"2340","sl":"Элитный","sv":"22","p":7440.0,"q":31.64,"b":0.0,"ms":0.12,"wi":24.79,"ei":9.26,"as":119.81,"mi":"E","mv":17957,"sc":1,"lpe":99.88,"lpr":4285.52,"lq":1.0,"d":1974278},{"pi":"424209","pc":"Промышленные товары","ss":100000,"td":"Центр города","dc":4,"n":338.13,"vc":"104416","sl":"Элитный","sv":"4000","p":10000.0,"q":43.41,"b":0.0,"ms":9.36,"wi":51.27,"ei":6.64,"as":370.86,"mi":"E","mv":42736,"sc":1,"lpe":90.64,"lpr":7605.46,"lq":1.0,"d":4700000},{"pi":"424209","pc":"Промышленные товары","ss":100000,"td":"Центр города","dc":1,"n":487.14,"vc":"213514","sl":"Элитный","sv":"73","p":3280.0,"q":31.64,"b":0.0,"ms":1.33,"wi":63.23,"ei":7.28,"as":458.84,"mi":"E","mv":5496,"sc":1,"lpe":98.67,"lpr":12517.78,"lq":1.0,"d":605030},{"pi":"424209","pc":"Промышленные товары","ss":100000,"td":"Центр города","dc":4,"n":186.81,"vc":"30056","sl":"Элитный","sv":"11000","p":20000.0,"q":43.41,"b":3.49,"ms":14.14,"wi":77.84,"ei":9.4,"as":711.83,"mi":"E","mv":77786,"sc":1,"lpe":85.86,"lpr":12940.45,"lq":4.11,"d":8555500},{"pi":"424209","pc":"Промышленные товары","ss":10000,"td":"Центр города","dc":3,"n":292.74,"vc":"9410","sl":"Элитный","sv":"700","p":29000.0,"q":43.41,"b":4.15,"ms":6.29,"wi":116.79,"ei":9.79,"as":1808.05,"mi":"E","mv":11130,"sc":1,"lpe":93.71,"lpr":10627.71,"lq":1.0,"d":1228032},{"pi":"424209","pc":"Промышленные товары","ss":100000,"td":"Центр города","dc":3,"n":216.4,"vc":"32540","sl":"Элитный","sv":"4000","p":17000.0,"q":43.41,"b":0.0,"ms":9.24,"wi":174.28,"ei":10.49,"as":2111.62,"mi":"E","mv":43305,"sc":1,"lpe":90.76,"lpr":19247.11,"lq":1.0,"d":4762572},{"pi":"424209","pc":"Промышленные товары","ss":200000,"td":"Центр города","dc":1,"n":422.91,"vc":"942396","sl":"Элитный","sv":"3878","p":8100.0,"q":35.41,"b":0.0,"ms":3.23,"wi":35.98,"ei":8.28,"as":251.65,"mi":"E","mv":120157,"sc":2,"lpe":96.7,"lpr":7744.78,"lq":1.0,"d":14352508},{"pi":"424209","pc":"Промышленные товары","ss":100000,"td":"Центр города","dc":1,"n":220.59,"vc":"49844","sl":"Элитный","sv":"91","p":3310.0,"q":31.64,"b":0.0,"ms":0.08,"wi":35.98,"ei":8.28,"as":251.65,"mi":"E","mv":120157,"sc":2,"lpe":96.7,"lpr":7744.78,"lq":1.0,"d":14352508},{"pi":"424209","pc":"Промышленные товары","ss":10000,"td":"Центр города","dc":1,"n":75.73,"vc":"3078","sl":"Элитный","sv":"91","p":3310.0,"q":31.64,"b":0.0,"ms":0.23,"wi":39.97,"ei":9.19,"as":127.29,"mi":"E","mv":39916,"sc":1,"lpe":99.77,"lpr":9019.02,"lq":1.0,"d":4940408},{"pi":"424209","pc":"Промышленные товары","ss":100000,"td":"Центр города","dc":1,"n":238.69,"vc":"35907","sl":"Элитный","sv":"91","p":4140.0,"q":31.64,"b":0.0,"ms":0.52,"wi":29.93,"ei":6.58,"as":133.91,"mi":"E","mv":17640,"sc":1,"lpe":99.48,"lpr":7815.73,"lq":1.0,"d":3420282}]