[{"pi":"1498","pc":"Продукты питания","ss":10000,"td":"Центр города","dc":2,"n":280.13,"vc":"5323","sl":"Элитный","sv":"15000","p":79.0,"q":29.55,"b":0.0,"ms":9.13,"wi":21.86,"ei":7.84,"as":163.23,"mi":"E","mv":164325,"sc":1,"lpe":90.87,"lpr":139.38,"lq":1.0,"d":338687},{"pi":"1498","pc":"Продукты питания","ss":600,"td":"Центр города","dc":2,"n":96.34,"vc":"1017","sl":"Высокий","sv":"700","p":143.0,"q":1.0,"b":0.0,"ms":0.07,"wi":25.84,"ei":9.8,"as":151.71,"mi":"E","mv":950299,"sc":1,"lpe":99.93,"lpr":139.22,"lq":1.0,"d":2005002},{"pi":"1498","pc":"Продукты питания","ss":10000,"td":"Центр города","dc":2,"n":239.88,"vc":"5014","sl":"Элитный","sv":"15000","p":249.0,"q":29.55,"b":0.0,"ms":2.21,"wi":38.33,"ei":9.07,"as":212.54,"mi":"E","mv":677245,"sc":1,"lpe":97.79,"lpr":195.07,"lq":1.0,"d":620800},{"pi":"1498","pc":"Продукты питания","ss":20000,"td":"Центр города","dc":2,"n":185.19,"vc":"7007","sl":"Элитный","sv":"20000","p":379.0,"q":29.55,"b":0.0,"ms":1.03,"wi":66.51,"ei":8.76,"as":347.78,"mi":"E","mv":1946337,"sc":1,"lpe":98.97,"lpr":319.11,"lq":1.0,"d":1784134},{"pi":"1498","pc":"Продукты питания","ss":1000,"td":"Центр города","dc":5,"n":21.47,"vc":"445","sl":"Очень высокий","sv":"837","p":200.0,"q":1.0,"b":0.0,"ms":0.71,"wi":65.36,"ei":8.06,"as":531.88,"mi":"E","mv":118468,"sc":1,"lpe":99.29,"lpr":732.8,"lq":1.0,"d":852721},{"pi":"1498","pc":"Продукты питания","ss":10000,"td":"Центр города","dc":2,"n":325.71,"vc":"5678","sl":"Элитный","sv":"8101","p":299.0,"q":29.5,"b":0.0,"ms":9.31,"wi":29.41,"ei":8.73,"as":368.21,"mi":"E","mv":87012,"sc":1,"lpe":90.69,"lpr":86.96,"lq":1.0,"d":177578},{"pi":"1498","pc":"Продукты питания","ss":10000,"td":"Центр города","dc":2,"n":268.9,"vc":"5206","sl":"Элитный","sv":"15000","p":299.0,"q":29.55,"b":0.0,"ms":3.78,"wi":62.27,"ei":13.35,"as":674.99,"mi":"E","mv":396607,"sc":1,"lpe":96.22,"lpr":173.65,"lq":1.0,"d":374441},{"pi":"1498","pc":"Продукты питания","ss":1800,"td":"Центр города","dc":6,"n":313.06,"vc":"4869","sl":"Низкий","sv":"3000","p":850.0,"q":10.47,"b":0.0,"ms":2.38,"wi":88.65,"ei":9.17,"as":926.04,"mi":"E","mv":125873,"sc":1,"lpe":97.62,"lpr":849.36,"lq":1.0,"d":802320},{"pi":"1498","pc":"Продукты питания","ss":1600,"td":"Центр города","dc":7,"n":156.86,"vc":"2898","sl":"Низкий","sv":"4000","p":500.0,"q":21.89,"b":0.0,"ms":1.04,"wi":112.2,"ei":10.46,"as":1478.26,"mi":"E","mv":384785,"sc":1,"lpe":98.96,"lpr":524.53,"lq":1.0,"d":1132390},{"pi":"1498","pc":"Продукты питания","ss":10000,"td":"Центр города","dc":2,"n":302.36,"vc":"5473","sl":"Элитный","sv":"10000","p":319.0,"q":29.55,"b":0.0,"ms":5.47,"wi":46.49,"ei":9.42,"as":383.85,"mi":"E","mv":182867,"sc":1,"lpe":94.53,"lpr":231.56,"lq":1.0,"d":223434},{"pi":"1498","pc":"Продукты питания","ss":10000,"td":"Центр города","dc":2,"n":310.49,"vc":"5529","sl":"Элитный","sv":"7653","p":389.0,"q":29.01,"b":0.0,"ms":13.02,"wi":32.64,"ei":8.61,"as":475.98,"mi":"E","mv":58794,"sc":1,"lpe":86.98,"lpr":108.86,"lq":1.15,"d":352871},{"pi":"1498","pc":"Продукты питания","ss":10000,"td":"Центр города","dc":2,"n":309.59,"vc":"5520","sl":"Элитный","sv":"10000","p":129.0,"q":29.55,"b":0.0,"ms":5.31,"wi":32.45,"ei":9.19,"as":353.09,"mi":"E","mv":188395,"sc":1,"lpe":94.69,"lpr":122.31,"lq":1.0,"d":258999},{"pi":"1498","pc":"Продукты питания","ss":10000,"td":"Центр города","dc":2,"n":174.84,"vc":"4844","sl":"Элитный","sv":"20000","p":349.0,"q":29.55,"b":0.0,"ms":0.82,"wi":39.13,"ei":9.11,"as":204.86,"mi":"E","mv":2426801,"sc":1,"lpe":99.18,"lpr":188.03,"lq":1.0,"d":2224560},{"pi":"1498","pc":"Продукты питания","ss":100000,"td":"Центр города","dc":3,"n":0.0,"vc":"2034","sl":"Элитный","sv":"6200","p":233.01,"q":21.53,"b":0.0,"ms":2.33,"wi":61.68,"ei":8.89,"as":806.78,"mi":"E","mv":266211,"sc":1,"lpe":97.67,"lpr":245.08,"lq":1.0,"d":659952},{"pi":"1498","pc":"Продукты питания","ss":100000,"td":"Центр города","dc":3,"n":91.62,"vc":"3623","sl":"Элитный","sv":"5130","p":35.5068226120858,"q":1.0,"b":2.92397660818713,"ms":50.53,"wi":13.51,"ei":7.84,"as":345.28,"mi":"D","mv":10152,"sc":1,"lpe":49.47,"lpr":39.13,"lq":1.05,"d":277187},{"pi":"1498","pc":"Продукты питания","ss":100000,"td":"Спальный район","dc":2,"n":393.91,"vc":"146976","sl":"Элитный","sv":"75312","p":500.0,"q":23.75,"b":0.0,"ms":6.96,"wi":41.17,"ei":8.83,"as":225.06,"mi":"E","mv":1082519,"sc":1,"lpe":93.04,"lpr":155.07,"lq":1.0,"d":1925822},{"pi":"1498","pc":"Продукты питания","ss":100000,"td":"Центр города","dc":3,"n":173.09,"vc":"15207","sl":"Элитный","sv":"30000","p":37.5,"q":1.01,"b":1.5,"ms":3.98,"wi":75.92,"ei":7.32,"as":536.04,"mi":"E","mv":753361,"sc":1,"lpe":96.02,"lpr":458.32,"lq":1.0,"d":1780714},{"pi":"1498","pc":"Продукты питания","ss":100000,"td":"Фешенебельный район","dc":1,"n":0.0,"vc":"333","sl":"Элитный","sv":"2097","p":232.16,"q":25.78,"b":0.0,"ms":1.35,"wi":119.42,"ei":10.05,"as":1379.85,"mi":"E","mv":155548,"sc":1,"lpe":98.65,"lpr":1068.28,"lq":1.0,"d":847456},{"pi":"1498","pc":"Продукты питания","ss":100000,"td":"Центр города","dc":3,"n":365.66,"vc":"60295","sl":"Очень высокий","sv":"5000","p":65.0,"q":1.01,"b":0.0,"ms":19.75,"wi":36.86,"ei":7.25,"as":403.14,"mi":"E","mv":25321,"sc":1,"lpe":80.25,"lpr":369.34,"lq":1.07,"d":459396},{"pi":"1498","pc":"Продукты питания","ss":10000,"td":"Центр города","dc":2,"n":311.12,"vc":"5535","sl":"Элитный","sv":"14000","p":169.0,"q":29.55,"b":0.0,"ms":7.45,"wi":24.79,"ei":5.22,"as":302.26,"mi":"E","mv":187977,"sc":1,"lpe":92.55,"lpr":126.83,"lq":1.0,"d":182800},{"pi":"1498","pc":"Продукты питания","ss":10000,"td":"Центр города","dc":2,"n":308.67,"vc":"5512","sl":"Элитный","sv":"15000","p":109.0,"q":29.55,"b":0.0,"ms":6.57,"wi":32.98,"ei":4.6,"as":270.25,"mi":"E","mv":228310,"sc":1,"lpe":93.43,"lpr":79.43,"lq":1.0,"d":190258},{"pi":"1498","pc":"Продукты питания","ss":10000,"td":"Центр города","dc":2,"n":364.63,"vc":"6180","sl":"Высокий","sv":"5460","p":259.0,"q":28.73,"b":0.0,"ms":25.87,"wi":15.77,"ei":5.63,"as":304.95,"mi":"E","mv":21107,"sc":1,"lpe":74.13,"lpr":73.39,"lq":1.04,"d":95245},{"pi":"1498","pc":"Продукты питания","ss":10000,"td":"Центр города","dc":2,"n":289.61,"vc":"5364","sl":"Элитный","sv":"15000","p":229.0,"q":29.55,"b":0.0,"ms":6.14,"wi":43.59,"ei":7.31,"as":476.27,"mi":"E","mv":244149,"sc":1,"lpe":93.86,"lpr":204.31,"lq":1.0,"d":263256},{"pi":"1498","pc":"Продукты питания","ss":300000,"td":"Фешенебельный район","dc":4,"n":474.38,"vc":"152404","sl":"Элитный","sv":"21242","p":524.64,"q":86.68,"b":5.05918463421523,"ms":0.73,"wi":62.0,"ei":7.93,"as":546.66,"mi":"E","mv":2922058,"sc":1,"lpe":99.27,"lpr":273.61,"lq":1.0,"d":7101416},{"pi":"1498","pc":"Продукты питания","ss":10000,"td":"Центр города","dc":2,"n":250.37,"vc":"5088","sl":"Элитный","sv":"15000","p":499.0,"q":29.55,"b":0.0,"ms":3.21,"wi":60.54,"ei":6.77,"as":450.24,"mi":"E","mv":466770,"sc":1,"lpe":96.79,"lpr":211.35,"lq":1.0,"d":518786},{"pi":"1498","pc":"Продукты питания","ss":100000,"td":"Центр города","dc":2,"n":403.53,"vc":"406958","sl":"Очень высокий","sv":"125000","p":611.14,"q":21.89,"b":0.0,"ms":1.97,"wi":89.7,"ei":7.81,"as":615.72,"mi":"E","mv":6352466,"sc":3,"lpe":96.51,"lpr":523.23,"lq":1.0,"d":11929900},{"pi":"1498","pc":"Продукты питания","ss":100000,"td":"Спальный район","dc":1,"n":256.89,"vc":"74517","sl":"Элитный","sv":"50000","p":840.34,"q":21.37,"b":0.0,"ms":0.79,"wi":89.7,"ei":7.81,"as":615.72,"mi":"E","mv":6352466,"sc":3,"lpe":96.51,"lpr":523.23,"lq":1.0,"d":11929900},{"pi":"1498","pc":"Продукты питания","ss":100000,"td":"Центр города","dc":1,"n":437.75,"vc":"377032","sl":"Элитный","sv":"46876","p":1500.0,"q":78.4,"b":7.2,"ms":0.74,"wi":89.7,"ei":7.81,"as":615.72,"mi":"E","mv":6352466,"sc":3,"lpe":96.51,"lpr":523.23,"lq":1.0,"d":11929900},{"pi":"1498","pc":"Продукты питания","ss":10000,"td":"Центр города","dc":2,"n":249.21,"vc":"5081","sl":"Элитный","sv":"20000","p":299.0,"q":29.55,"b":0.0,"ms":3.06,"wi":48.51,"ei":15.71,"as":380.15,"mi":"E","mv":654217,"sc":1,"lpe":96.94,"lpr":160.04,"lq":1.0,"d":545196},{"pi":"1498","pc":"Продукты питания","ss":10000,"td":"Центр города","dc":2,"n":219.38,"vc":"4940","sl":"Элитный","sv":"15000","p":549.0,"q":29.55,"b":0.0,"ms":1.65,"wi":56.24,"ei":7.07,"as":380.48,"mi":"E","mv":907396,"sc":1,"lpe":98.35,"lpr":349.1,"lq":1.0,"d":917721},{"pi":"1498","pc":"Продукты питания","ss":10000,"td":"Центр города","dc":2,"n":255.1,"vc":"5116","sl":"Элитный","sv":"15000","p":429.0,"q":29.55,"b":0.0,"ms":3.11,"wi":53.32,"ei":6.45,"as":372.85,"mi":"E","mv":483087,"sc":1,"lpe":96.89,"lpr":196.55,"lq":1.0,"d":476878},{"pi":"1498","pc":"Продукты питания","ss":100000,"td":"Центр города","dc":1,"n":0.0,"vc":"3762","sl":"Элитный","sv":"105","p":800.0,"q":22.2,"b":0.0,"ms":0.01,"wi":25.6,"ei":7.49,"as":134.1,"mi":"E","mv":775947,"sc":1,"lpe":99.99,"lpr":224.19,"lq":1.0,"d":3825606},{"pi":"1498","pc":"Продукты питания","ss":100000,"td":"Центр города","dc":3,"n":318.24,"vc":"49626","sl":"Очень высокий","sv":"43032","p":100.0,"q":1.01,"b":0.78,"ms":31.78,"wi":17.71,"ei":7.81,"as":93.95,"mi":"E","mv":135394,"sc":2,"lpe":65.71,"lpr":82.01,"lq":1.01,"d":969146},{"pi":"1498","pc":"Продукты питания","ss":100000,"td":"Центр города","dc":1,"n":453.6,"vc":"182376","sl":"Элитный","sv":"3400","p":272.0,"q":21.48,"b":0.0,"ms":2.51,"wi":17.71,"ei":7.81,"as":93.95,"mi":"E","mv":135394,"sc":2,"lpe":65.71,"lpr":82.01,"lq":1.01,"d":969146},{"pi":"1498","pc":"Продукты питания","ss":100000,"td":"Центр города","dc":6,"n":511.0,"vc":"627888","sl":"Низкий","sv":"15000","p":5457.83,"q":21.37,"b":0.0,"ms":6.54,"wi":154.18,"ei":9.34,"as":2208.0,"mi":"E","mv":229315,"sc":1,"lpe":93.46,"lpr":2098.7,"lq":1.0,"d":2149998},{"pi":"1498","pc":"Продукты питания","ss":100,"td":"Окраина","dc":10,"n":68.69,"vc":"141","sl":"Очень низкий","sv":"280","p":120.0,"q":21.42,"b":0.0,"ms":0.03,"wi":15.97,"ei":4.53,"as":106.12,"mi":"E","mv":1033346,"sc":1,"lpe":99.97,"lpr":97.57,"lq":1.0,"d":3754938},{"pi":"1498","pc":"Продукты питания","ss":100000,"td":"Центр города","dc":3,"n":25.61,"vc":"2378","sl":"Элитный","sv":"18306","p":13.382388287993,"q":1.0,"b":0.78,"ms":48.04,"wi":8.44,"ei":6.23,"as":66.94,"mi":"E","mv":38103,"sc":1,"lpe":51.96,"lpr":53.46,"lq":1.15,"d":510580},{"pi":"1498","pc":"Продукты питания","ss":100000,"td":"Центр города","dc":3,"n":345.49,"vc":"55496","sl":"Элитный","sv":"14802","p":40.4039319010944,"q":1.01,"b":0.78,"ms":30.93,"wi":8.45,"ei":12.78,"as":77.05,"mi":"E","mv":47855,"sc":1,"lpe":69.07,"lpr":30.29,"lq":1.0,"d":782043},{"pi":"1498","pc":"Продукты питания","ss":100000,"td":"Центр города","dc":3,"n":174.93,"vc":"8833","sl":"Элитный","sv":"20649","p":21.9732190420844,"q":1.0,"b":0.78,"ms":23.65,"wi":6.96,"ei":8.15,"as":67.72,"mi":"E","mv":87326,"sc":1,"lpe":76.35,"lpr":21.47,"lq":1.0,"d":358494},{"pi":"1498","pc":"Продукты питания","ss":10000,"td":"Центр города","dc":1,"n":357.32,"vc":"31335","sl":"Очень высокий","sv":"111000","p":167.88,"q":21.37,"b":0.0,"ms":4.88,"wi":62.14,"ei":7.68,"as":426.52,"mi":"E","mv":2275339,"sc":2,"lpe":94.24,"lpr":215.63,"lq":1.0,"d":3062821},{"pi":"1498","pc":"Продукты питания","ss":10000,"td":"Центр города","dc":2,"n":160.23,"vc":"4863","sl":"Элитный","sv":"20000","p":699.0,"q":29.56,"b":0.0,"ms":0.88,"wi":62.14,"ei":7.68,"as":426.52,"mi":"E","mv":2275339,"sc":2,"lpe":94.24,"lpr":215.63,"lq":1.0,"d":3062821},{"pi":"1498","pc":"Продукты питания","ss":100000,"td":"Центр города","dc":1,"n":485.13,"vc":"866979","sl":"Высокий","sv":"593025","p":150.0,"q":109.48,"b":0.0,"ms":4.94,"wi":48.27,"ei":9.23,"as":380.0,"mi":"E","mv":12000161,"sc":2,"lpe":93.95,"lpr":185.81,"lq":1.0,"d":11000140},{"pi":"1498","pc":"Продукты питания","ss":100000,"td":"Центр города","dc":1,"n":0.0,"vc":"8168","sl":"Элитный","sv":"132984","p":377.76,"q":25.58,"b":0.0,"ms":1.11,"wi":48.27,"ei":9.23,"as":380.0,"mi":"E","mv":12000161,"sc":2,"lpe":93.95,"lpr":185.81,"lq":1.0,"d":11000140},{"pi":"1498","pc":"Продукты питания","ss":100000,"td":"Центр города","dc":5,"n":376.6,"vc":"143051","sl":"Очень высокий","sv":"25000","p":508.97,"q":21.37,"b":0.0,"ms":2.09,"wi":30.1,"ei":7.72,"as":150.11,"mi":"E","mv":1195506,"sc":1,"lpe":97.91,"lpr":182.23,"lq":1.0,"d":4015276},{"pi":"1498","pc":"Продукты питания","ss":100000,"td":"Фешенебельный район","dc":1,"n":348.18,"vc":"21993","sl":"Элитный","sv":"15000","p":1248.69,"q":21.37,"b":0.0,"ms":0.47,"wi":60.31,"ei":7.67,"as":446.7,"mi":"E","mv":3221637,"sc":1,"lpe":99.53,"lpr":364.92,"lq":1.0,"d":2952988},{"pi":"1498","pc":"Продукты питания","ss":10000,"td":"Центр города","dc":2,"n":245.06,"vc":"5084","sl":"Элитный","sv":"10929","p":499.0,"q":29.18,"b":0.0,"ms":2.59,"wi":39.18,"ei":7.04,"as":341.21,"mi":"E","mv":421721,"sc":1,"lpe":97.41,"lpr":144.19,"lq":1.0,"d":579186},{"pi":"1498","pc":"Продукты питания","ss":10000,"td":"Центр города","dc":2,"n":265.13,"vc":"5175","sl":"Элитный","sv":"10000","p":129.0,"q":29.56,"b":0.0,"ms":7.21,"wi":25.39,"ei":7.39,"as":309.33,"mi":"E","mv":138750,"sc":1,"lpe":92.79,"lpr":112.23,"lq":1.0,"d":398700},{"pi":"1498","pc":"Продукты питания","ss":100000,"td":"Центр города","dc":1,"n":323.71,"vc":"129416","sl":"Элитный","sv":"113569","p":665.97,"q":21.4,"b":0.0,"ms":5.43,"wi":43.74,"ei":9.29,"as":248.71,"mi":"E","mv":2091329,"sc":1,"lpe":94.57,"lpr":181.06,"lq":1.0,"d":4048917},{"pi":"1498","pc":"Продукты питания","ss":100000,"td":"Центр города","dc":6,"n":421.42,"vc":"131511","sl":"Очень высокий","sv":"31000","p":180.0,"q":14.89,"b":0.0,"ms":5.42,"wi":131.02,"ei":10.25,"as":2441.4,"mi":"E","mv":571845,"sc":1,"lpe":94.58,"lpr":311.5,"lq":1.0,"d":921618},{"pi":"1498","pc":"Продукты питания","ss":100000,"td":"Центр города","dc":3,"n":8.53,"vc":"2033","sl":"Элитный","sv":"500","p":25.0,"q":1.0,"b":0.0,"ms":1.68,"wi":7.72,"ei":9.22,"as":49.66,"mi":"E","mv":29690,"sc":1,"lpe":98.32,"lpr":121.11,"lq":1.0,"d":521316},{"pi":"1498","pc":"Продукты питания","ss":100000,"td":"Центр города","dc":3,"n":150.87,"vc":"11023","sl":"Элитный","sv":"15000","p":95.0,"q":1.0,"b":0.0,"ms":5.15,"wi":28.99,"ei":11.18,"as":110.57,"mi":"E","mv":291127,"sc":1,"lpe":94.85,"lpr":279.4,"lq":1.0,"d":1307387},{"pi":"1498","pc":"Продукты питания","ss":100000,"td":"Центр города","dc":3,"n":208.05,"vc":"17045","sl":"Элитный","sv":"10000","p":95.0,"q":1.01,"b":0.0,"ms":8.43,"wi":17.68,"ei":10.16,"as":56.7,"mi":"E","mv":118692,"sc":1,"lpe":91.57,"lpr":209.93,"lq":1.0,"d":1062517},{"pi":"1498","pc":"Продукты питания","ss":10000,"td":"Центр города","dc":1,"n":277.78,"vc":"9785","sl":"Элитный","sv":"990","p":1780.0,"q":21.48,"b":0.0,"ms":0.05,"wi":67.13,"ei":8.56,"as":483.67,"mi":"E","mv":1861108,"sc":1,"lpe":99.95,"lpr":443.73,"lq":1.0,"d":1883126},{"pi":"1498","pc":"Продукты питания","ss":10000,"td":"Центр города","dc":1,"n":350.59,"vc":"22623","sl":"Элитный","sv":"696556","p":238.14,"q":9.39,"b":0.0,"ms":28.04,"wi":57.37,"ei":10.06,"as":176.05,"mi":"E","mv":2484437,"sc":1,"lpe":71.96,"lpr":156.73,"lq":1.39,"d":4433298},{"pi":"1498","pc":"Продукты питания","ss":7000,"td":"Центр города","dc":1,"n":335.88,"vc":"17434","sl":"Элитный","sv":"90000","p":328.93,"q":9.38,"b":0.0,"ms":2.99,"wi":65.33,"ei":8.99,"as":361.0,"mi":"E","mv":3010885,"sc":2,"lpe":96.96,"lpr":331.23,"lq":1.0,"d":5583100},{"pi":"1498","pc":"Продукты питания","ss":1500,"td":"Центр города","dc":6,"n":111.35,"vc":"2596","sl":"Низкий","sv":"1500","p":330.0,"q":15.04,"b":0.0,"ms":0.05,"wi":65.33,"ei":8.99,"as":361.0,"mi":"E","mv":3010885,"sc":2,"lpe":96.96,"lpr":331.23,"lq":1.0,"d":5583100},{"pi":"1498","pc":"Продукты питания","ss":100000,"td":"Спальный район","dc":4,"n":497.4,"vc":"309062","sl":"Высокий","sv":"20000","p":2000.0,"q":21.37,"b":0.0,"ms":0.82,"wi":171.48,"ei":10.04,"as":2283.46,"mi":"E","mv":2434376,"sc":3,"lpe":99.15,"lpr":747.63,"lq":1.0,"d":2986744},{"pi":"1498","pc":"Продукты питания","ss":1500,"td":"Центр города","dc":6,"n":80.53,"vc":"1738","sl":"Нормальный","sv":"542","p":750.0,"q":4.75,"b":0.0,"ms":0.02,"wi":171.48,"ei":10.04,"as":2283.46,"mi":"E","mv":2434376,"sc":3,"lpe":99.15,"lpr":747.63,"lq":1.0,"d":2986744},{"pi":"1498","pc":"Продукты питания","ss":300000,"td":"Фешенебельный район","dc":9,"n":497.37,"vc":"140384","sl":"Элитный","sv":"50","p":3422.4072,"q":86.09,"b":6.8472,"ms":0.0,"wi":171.48,"ei":10.04,"as":2283.46,"mi":"E","mv":2434376,"sc":3,"lpe":99.15,"lpr":747.63,"lq":1.0,"d":2986744},{"pi":"1498","pc":"Продукты питания","ss":300000,"td":"Фешенебельный район","dc":10,"n":536.81,"vc":"181132","sl":"Очень высокий","sv":"8290","p":2656.13161519903,"q":84.05,"b":5.75762243667069,"ms":1.99,"wi":125.88,"ei":10.29,"as":1744.48,"mi":"E","mv":416542,"sc":3,"lpe":96.69,"lpr":736.39,"lq":1.0,"d":2094907},{"pi":"1498","pc":"Продукты питания","ss":100000,"td":"Центр города","dc":5,"n":31.58,"vc":"6194","sl":"Элитный","sv":"4150","p":850.0,"q":21.37,"b":0.0,"ms":1.0,"wi":125.88,"ei":10.29,"as":1744.48,"mi":"E","mv":416542,"sc":3,"lpe":96.69,"lpr":736.39,"lq":1.0,"d":2094907},{"pi":"1498","pc":"Продукты питания","ss":1600,"td":"Центр города","dc":6,"n":50.19,"vc":"1318","sl":"Высокий","sv":"1350","p":750.0,"q":6.66,"b":0.0,"ms":0.32,"wi":125.88,"ei":10.29,"as":1744.48,"mi":"E","mv":416542,"sc":3,"lpe":96.69,"lpr":736.39,"lq":1.0,"d":2094907},{"pi":"1498","pc":"Продукты питания","ss":1500,"td":"Центр города","dc":6,"n":101.59,"vc":"1662","sl":"Нормальный","sv":"1388","p":1980.0,"q":4.87,"b":0.0,"ms":0.29,"wi":172.43,"ei":9.83,"as":2165.58,"mi":"E","mv":476990,"sc":1,"lpe":99.71,"lpr":1986.69,"lq":1.0,"d":1838430},{"pi":"1498","pc":"Продукты питания","ss":100000,"td":"Центр города","dc":7,"n":374.13,"vc":"153202","sl":"Высокий","sv":"25864","p":3000.0,"q":28.98,"b":0.0,"ms":6.16,"wi":179.63,"ei":10.34,"as":2350.25,"mi":"E","mv":420072,"sc":2,"lpe":93.58,"lpr":862.05,"lq":1.0,"d":1641016},{"pi":"1498","pc":"Продукты питания","ss":1400,"td":"Центр города","dc":6,"n":125.63,"vc":"1780","sl":"Нормальный","sv":"1110","p":945.0,"q":4.29,"b":0.0,"ms":0.26,"wi":179.63,"ei":10.34,"as":2350.25,"mi":"E","mv":420072,"sc":2,"lpe":93.58,"lpr":862.05,"lq":1.0,"d":1641016},{"pi":"1498","pc":"Продукты питания","ss":20000,"td":"Центр города","dc":1,"n":474.18,"vc":"51589","sl":"Элитный","sv":"60593","p":215.23,"q":9.39,"b":0.0,"ms":27.51,"wi":30.44,"ei":9.91,"as":236.21,"mi":"E","mv":220241,"sc":1,"lpe":72.49,"lpr":87.14,"lq":1.91,"d":721000},{"pi":"1498","pc":"Продукты питания","ss":20000,"td":"Центр города","dc":1,"n":469.9,"vc":"50913","sl":"Элитный","sv":"90000","p":268.34,"q":9.38,"b":0.0,"ms":26.71,"wi":41.15,"ei":10.19,"as":294.5,"mi":"E","mv":336947,"sc":1,"lpe":73.29,"lpr":150.6,"lq":1.22,"d":765700},{"pi":"1498","pc":"Продукты питания","ss":10000,"td":"Центр города","dc":1,"n":436.17,"vc":"27246","sl":"Элитный","sv":"70108","p":271.37,"q":9.39,"b":0.0,"ms":22.79,"wi":38.12,"ei":9.89,"as":297.83,"mi":"E","mv":307566,"sc":1,"lpe":77.21,"lpr":107.77,"lq":1.19,"d":1236300},{"pi":"1498","pc":"Продукты питания","ss":100000,"td":"Центр города","dc":1,"n":471.94,"vc":"198677","sl":"Элитный","sv":"3700","p":458.0,"q":21.48,"b":0.0,"ms":0.45,"wi":59.42,"ei":8.65,"as":472.08,"mi":"E","mv":815765,"sc":1,"lpe":99.55,"lpr":433.1,"lq":1.0,"d":747777},{"pi":"1498","pc":"Продукты питания","ss":100000,"td":"Центр города","dc":1,"n":0.0,"vc":"3502","sl":"Элитный","sv":"17774","p":140.99,"q":22.33,"b":0.0,"ms":3.83,"wi":69.95,"ei":8.74,"as":537.58,"mi":"E","mv":463968,"sc":1,"lpe":96.17,"lpr":472.6,"lq":1.0,"d":978886},{"pi":"1498","pc":"Продукты питания","ss":100000,"td":"Центр города","dc":1,"n":452.3,"vc":"181219","sl":"Элитный","sv":"2000","p":636.0,"q":21.48,"b":0.0,"ms":0.19,"wi":81.87,"ei":13.22,"as":341.21,"mi":"E","mv":1029454,"sc":1,"lpe":99.81,"lpr":313.1,"lq":1.0,"d":986148},{"pi":"1498","pc":"Продукты питания","ss":1000,"td":"Центр города","dc":3,"n":2.18,"vc":"447","sl":"Элитный","sv":"2158","p":85.2316960148285,"q":1.01,"b":0.0,"ms":3.04,"wi":16.47,"ei":6.81,"as":64.03,"mi":"E","mv":71050,"sc":1,"lpe":96.96,"lpr":416.49,"lq":1.0,"d":1173838},{"pi":"1498","pc":"Продукты питания","ss":100000,"td":"Центр города","dc":3,"n":21.32,"vc":"3466","sl":"Элитный","sv":"10000","p":60.0,"q":1.01,"b":0.0,"ms":3.35,"wi":25.0,"ei":10.57,"as":43.07,"mi":"E","mv":298482,"sc":1,"lpe":96.65,"lpr":324.66,"lq":1.0,"d":1684951},{"pi":"1498","pc":"Продукты питания","ss":100000,"td":"Центр города","dc":1,"n":434.64,"vc":"167050","sl":"Элитный","sv":"9700","p":537.0,"q":21.48,"b":0.0,"ms":0.73,"wi":62.59,"ei":7.65,"as":519.76,"mi":"E","mv":1333649,"sc":2,"lpe":98.9,"lpr":434.08,"lq":1.0,"d":1269608},{"pi":"1498","pc":"Продукты питания","ss":100000,"td":"Центр города","dc":1,"n":0.0,"vc":"2557","sl":"Элитный","sv":"5000","p":1360.12,"q":21.37,"b":0.0,"ms":0.37,"wi":62.59,"ei":7.65,"as":519.76,"mi":"E","mv":1333649,"sc":2,"lpe":98.9,"lpr":434.08,"lq":1.0,"d":1269608},{"pi":"1498","pc":"Продукты питания","ss":1000,"td":"Центр города","dc":3,"n":19.67,"vc":"369","sl":"Элитный","sv":"4599","p":80.0,"q":1.0,"b":0.0,"ms":18.63,"wi":6.79,"ei":6.24,"as":44.87,"mi":"E","mv":24686,"sc":1,"lpe":81.37,"lpr":105.93,"lq":1.05,"d":512400},{"pi":"1498","pc":"Продукты питания","ss":100000,"td":"Центр города","dc":4,"n":314.82,"vc":"40364","sl":"Элитный","sv":"50000","p":130.0,"q":21.37,"b":0.0,"ms":19.4,"wi":38.53,"ei":11.77,"as":195.48,"mi":"E","mv":257679,"sc":1,"lpe":80.6,"lpr":178.41,"lq":1.22,"d":589980},{"pi":"1498","pc":"Продукты питания","ss":10000,"td":"Центр города","dc":2,"n":332.3,"vc":"5766","sl":"Элитный","sv":"15000","p":249.0,"q":29.55,"b":0.0,"ms":10.47,"wi":34.18,"ei":9.16,"as":412.47,"mi":"E","mv":143273,"sc":1,"lpe":89.53,"lpr":180.98,"lq":1.22,"d":131326},{"pi":"1498","pc":"Продукты питания","ss":100000,"td":"Центр города","dc":3,"n":275.86,"vc":"42352","sl":"Элитный","sv":"15000","p":95.0,"q":1.0,"b":0.0,"ms":2.57,"wi":24.79,"ei":9.26,"as":119.81,"mi":"E","mv":582549,"sc":3,"lpe":97.11,"lpr":193.02,"lq":1.0,"d":1974278},{"pi":"1498","pc":"Продукты питания","ss":10000,"td":"Центр города","dc":1,"n":404.06,"vc":"25312","sl":"Элитный","sv":"1320","p":493.0,"q":21.48,"b":0.0,"ms":0.23,"wi":24.79,"ei":9.26,"as":119.81,"mi":"E","mv":582549,"sc":3,"lpe":97.11,"lpr":193.02,"lq":1.0,"d":1974278},{"pi":"1498","pc":"Продукты питания","ss":100000,"td":"Центр города","dc":1,"n":0.0,"vc":"2985","sl":"Элитный","sv":"500","p":534.99,"q":21.89,"b":0.0,"ms":0.09,"wi":24.79,"ei":9.26,"as":119.81,"mi":"E","mv":582549,"sc":3,"lpe":97.11,"lpr":193.02,"lq":1.0,"d":1974278},{"pi":"1498","pc":"Продукты питания","ss":100000,"td":"Центр города","dc":3,"n":0.1,"vc":"2372","sl":"Элитный","sv":"7867","p":57.7551798652599,"q":1.0,"b":0.0,"ms":1.96,"wi":14.65,"ei":6.54,"as":79.26,"mi":"E","mv":400400,"sc":1,"lpe":98.04,"lpr":72.81,"lq":1.0,"d":1021814},{"pi":"1498","pc":"Продукты питания","ss":100,"td":"Окраина","dc":2,"n":198.08,"vc":"74","sl":"Низкий","sv":"100","p":240.0,"q":21.37,"b":0.0,"ms":0.16,"wi":64.83,"ei":9.54,"as":1256.81,"mi":"E","mv":64129,"sc":1,"lpe":99.84,"lpr":253.61,"lq":1.0,"d":229028},{"pi":"1498","pc":"Продукты питания","ss":100000,"td":"Центр города","dc":3,"n":293.27,"vc":"45046","sl":"Очень высокий","sv":"25000","p":95.0,"q":1.0,"b":0.0,"ms":17.69,"wi":15.13,"ei":7.39,"as":79.72,"mi":"E","mv":141361,"sc":1,"lpe":82.31,"lpr":255.2,"lq":1.0,"d":1459242},{"pi":"1498","pc":"Продукты питания","ss":300000,"td":"Фешенебельный район","dc":9,"n":477.82,"vc":"136343","sl":"Элитный","sv":"409","p":1235.07,"q":82.12,"b":0.594132029339853,"ms":0.01,"wi":51.27,"ei":6.64,"as":370.86,"mi":"E","mv":3262056,"sc":1,"lpe":99.99,"lpr":271.62,"lq":1.0,"d":4700000},{"pi":"1498","pc":"Продукты питания","ss":100000,"td":"Спальный район","dc":1,"n":305.74,"vc":"52472","sl":"Элитный","sv":"15000","p":329.36,"q":21.37,"b":0.0,"ms":1.56,"wi":187.03,"ei":10.4,"as":1951.81,"mi":"E","mv":964146,"sc":1,"lpe":98.44,"lpr":1719.16,"lq":1.0,"d":3644912},{"pi":"1498","pc":"Продукты питания","ss":110000,"td":"Фешенебельный район","dc":1,"n":0.0,"vc":"332","sl":"Элитный","sv":"120","p":1010.58,"q":21.63,"b":0.0,"ms":0.07,"wi":41.99,"ei":6.4,"as":310.88,"mi":"E","mv":165274,"sc":1,"lpe":99.93,"lpr":285.24,"lq":1.0,"d":761700},{"pi":"1498","pc":"Продукты питания","ss":100000,"td":"Центр города","dc":1,"n":487.14,"vc":"213514","sl":"Элитный","sv":"3800","p":896.0,"q":21.48,"b":0.0,"ms":0.58,"wi":63.23,"ei":7.28,"as":458.84,"mi":"E","mv":657266,"sc":1,"lpe":99.42,"lpr":420.95,"lq":1.0,"d":605030},{"pi":"1498","pc":"Продукты питания","ss":9000,"td":"Центр города","dc":1,"n":437.74,"vc":"25339","sl":"Элитный","sv":"18163","p":302.96,"q":9.38,"b":0.0,"ms":4.32,"wi":39.52,"ei":9.92,"as":332.5,"mi":"E","mv":420828,"sc":1,"lpe":95.68,"lpr":305.08,"lq":1.0,"d":1214800},{"pi":"1498","pc":"Продукты питания","ss":100000,"td":"Центр города","dc":3,"n":188.75,"vc":"12621","sl":"Элитный","sv":"15000","p":30.0,"q":1.01,"b":0.0,"ms":17.39,"wi":47.4,"ei":8.54,"as":466.69,"mi":"E","mv":86239,"sc":1,"lpe":82.61,"lpr":428.14,"lq":1.0,"d":679976},{"pi":"1498","pc":"Продукты питания","ss":200000,"td":"Центр города","dc":2,"n":402.71,"vc":"424860","sl":"Элитный","sv":"133535","p":1639.92,"q":14.13,"b":0.0,"ms":5.3,"wi":77.84,"ei":9.4,"as":711.83,"mi":"E","mv":2519846,"sc":1,"lpe":94.7,"lpr":517.7,"lq":1.0,"d":8555500},{"pi":"1498","pc":"Продукты питания","ss":100000,"td":"Фешенебельный район","dc":1,"n":398.21,"vc":"28354","sl":"Элитный","sv":"72000","p":359.76,"q":25.99,"b":0.0,"ms":13.84,"wi":51.84,"ei":8.95,"as":408.41,"mi":"E","mv":520179,"sc":1,"lpe":86.16,"lpr":108.0,"lq":2.57,"d":1543768},{"pi":"1498","pc":"Продукты питания","ss":100000,"td":"Центр города","dc":3,"n":45.82,"vc":"2476","sl":"Элитный","sv":"10000","p":100.0,"q":1.0,"b":0.0,"ms":13.54,"wi":27.33,"ei":6.54,"as":128.32,"mi":"E","mv":73860,"sc":1,"lpe":86.46,"lpr":431.64,"lq":1.02,"d":328880},{"pi":"1498","pc":"Продукты питания","ss":10000,"td":"Центр города","dc":1,"n":341.35,"vc":"10303","sl":"Элитный","sv":"550","p":833.0,"q":21.48,"b":0.0,"ms":0.09,"wi":46.07,"ei":7.56,"as":306.73,"mi":"E","mv":621424,"sc":1,"lpe":99.91,"lpr":281.44,"lq":1.0,"d":569631},{"pi":"1498","pc":"Продукты питания","ss":100,"td":"Окраина","dc":3,"n":44.56,"vc":"106","sl":"Очень низкий","sv":"133","p":255.0,"q":21.38,"b":0.0,"ms":0.03,"wi":27.24,"ei":5.58,"as":116.89,"mi":"E","mv":498235,"sc":1,"lpe":99.97,"lpr":248.64,"lq":1.0,"d":2150272},{"pi":"1498","pc":"Продукты питания","ss":110000,"td":"Центр города","dc":1,"n":423.62,"vc":"570250","sl":"Очень высокий","sv":"814523","p":550.0,"q":101.42,"b":1.0,"ms":30.0,"wi":35.98,"ei":8.28,"as":251.65,"mi":"E","mv":2715077,"sc":2,"lpe":69.9,"lpr":273.24,"lq":2.13,"d":14352508},{"pi":"1498","pc":"Продукты питания","ss":100000,"td":"Центр города","dc":1,"n":278.39,"vc":"86890","sl":"Элитный","sv":"2800","p":38.1,"q":21.48,"b":0.0,"ms":0.1,"wi":35.98,"ei":8.28,"as":251.65,"mi":"E","mv":2715077,"sc":2,"lpe":69.9,"lpr":273.24,"lq":2.13,"d":14352508},{"pi":"1498","pc":"Продукты питания","ss":100000,"td":"Центр города","dc":1,"n":448.17,"vc":"169310","sl":"Элитный","sv":"21523","p":700.0,"q":75.03,"b":3.0,"ms":3.79,"wi":68.62,"ei":8.4,"as":495.87,"mi":"E","mv":567950,"sc":1,"lpe":96.21,"lpr":157.94,"lq":1.0,"d":909632},{"pi":"1498","pc":"Продукты питания","ss":1500,"td":"Центр города","dc":6,"n":125.92,"vc":"1569","sl":"Нормальный","sv":"1280","p":1870.0,"q":4.72,"b":0.0,"ms":0.45,"wi":151.97,"ei":10.65,"as":2047.83,"mi":"E","mv":285778,"sc":1,"lpe":99.55,"lpr":1878.13,"lq":1.0,"d":1034298},{"pi":"1498","pc":"Продукты питания","ss":1500,"td":"Центр города","dc":6,"n":126.0,"vc":"1530","sl":"Нормальный","sv":"1281","p":1700.0,"q":4.77,"b":0.0,"ms":1.14,"wi":121.0,"ei":10.2,"as":2182.56,"mi":"E","mv":112740,"sc":1,"lpe":98.86,"lpr":1721.83,"lq":1.0,"d":961541},{"pi":"1498","pc":"Продукты питания","ss":100000,"td":"Центр города","dc":6,"n":390.82,"vc":"109398","sl":"Очень высокий","sv":"12035","p":4000.0,"q":22.49,"b":0.0,"ms":1.35,"wi":245.02,"ei":10.09,"as":2433.57,"mi":"E","mv":893926,"sc":2,"lpe":98.5,"lpr":1163.99,"lq":1.0,"d":1262376},{"pi":"1498","pc":"Продукты питания","ss":1600,"td":"Центр города","dc":6,"n":146.4,"vc":"1962","sl":"Нормальный","sv":"1401","p":1200.0,"q":4.53,"b":0.0,"ms":0.16,"wi":245.02,"ei":10.09,"as":2433.57,"mi":"E","mv":893926,"sc":2,"lpe":98.5,"lpr":1163.99,"lq":1.0,"d":1262376},{"pi":"1498","pc":"Продукты питания","ss":10000,"td":"Центр города","dc":1,"n":144.91,"vc":"3120","sl":"Элитный","sv":"260","p":648.0,"q":21.48,"b":0.0,"ms":0.02,"wi":47.39,"ei":4.88,"as":232.49,"mi":"E","mv":1154168,"sc":1,"lpe":99.98,"lpr":213.36,"lq":1.0,"d":1190767},{"pi":"1498","pc":"Продукты питания","ss":100000,"td":"Центр города","dc":1,"n":343.59,"vc":"111984","sl":"Элитный","sv":"1700","p":240.0,"q":21.48,"b":0.0,"ms":0.04,"wi":39.97,"ei":9.19,"as":127.29,"mi":"E","mv":4105584,"sc":1,"lpe":99.96,"lpr":127.29,"lq":1.0,"d":4940408},{"pi":"1498","pc":"Продукты питания","ss":100000,"td":"Центр города","dc":1,"n":367.69,"vc":"124142","sl":"Элитный","sv":"2900","p":272.0,"q":21.48,"b":0.0,"ms":0.1,"wi":29.93,"ei":6.58,"as":133.91,"mi":"E","mv":2909026,"sc":1,"lpe":99.9,"lpr":122.94,"lq":1.0,"d":3420282},{"pi":"1498","pc":"Продукты питания","ss":100000,"td":"Спальный район","dc":1,"n":498.67,"vc":"241704","sl":"Высокий","sv":"15000","p":680.0,"q":78.82,"b":9.11,"ms":4.43,"wi":39.35,"ei":7.42,"as":244.05,"mi":"E","mv":338590,"sc":1,"lpe":95.57,"lpr":204.84,"lq":1.0,"d":448642},{"pi":"1498","pc":"Продукты питания","ss":20000,"td":"Центр города","dc":2,"n":195.43,"vc":"6849","sl":"Элитный","sv":"15000","p":199.0,"q":29.55,"b":0.0,"ms":1.14,"wi":94.35,"ei":19.67,"as":208.3,"mi":"E","mv":1320154,"sc":1,"lpe":98.86,"lpr":316.82,"lq":1.0,"d":1322290},{"pi":"1498","pc":"Продукты питания","ss":1000,"td":"Центр города","dc":5,"n":16.43,"vc":"335","sl":"Очень высокий","sv":"1026","p":200.0,"q":1.0,"b":0.0,"ms":2.3,"wi":18.76,"ei":7.02,"as":145.94,"mi":"E","mv":44586,"sc":1,"lpe":97.7,"lpr":234.6,"lq":1.0,"d":411410},{"pi":"1498","pc":"Продукты питания","ss":1000,"td":"Центр города","dc":5,"n":16.5,"vc":"317","sl":"Очень высокий","sv":"436","p":180.0,"q":1.0,"b":0.0,"ms":0.86,"wi":15.17,"ei":4.35,"as":97.0,"mi":"E","mv":50978,"sc":1,"lpe":99.14,"lpr":174.49,"lq":1.0,"d":356256},{"pi":"1498","pc":"Продукты питания","ss":1000,"td":"Центр города","dc":6,"n":16.3,"vc":"381","sl":"Очень высокий","sv":"953","p":140.0,"q":1.0,"b":0.0,"ms":1.39,"wi":19.96,"ei":4.88,"as":136.92,"mi":"E","mv":68520,"sc":1,"lpe":98.61,"lpr":221.87,"lq":1.0,"d":591574},{"pi":"1498","pc":"Продукты питания","ss":1000,"td":"Центр города","dc":4,"n":16.41,"vc":"355","sl":"Элитный","sv":"1425","p":135.0,"q":1.0,"b":0.0,"ms":2.44,"wi":16.6,"ei":8.61,"as":135.04,"mi":"E","mv":58466,"sc":1,"lpe":97.56,"lpr":210.6,"lq":1.0,"d":899824},{"pi":"1498","pc":"Продукты питания","ss":10000,"td":"Центр города","dc":2,"n":272.36,"vc":"5216","sl":"Элитный","sv":"15000","p":249.0,"q":29.55,"b":0.0,"ms":3.93,"wi":69.66,"ei":6.22,"as":447.98,"mi":"E","mv":381827,"sc":1,"lpe":96.07,"lpr":261.01,"lq":1.0,"d":350000},{"pi":"1498","pc":"Продукты питания","ss":100000,"td":"Центр города","dc":6,"n":0.0,"vc":"1353","sl":"Элитный","sv":"200","p":498.97,"q":21.53,"b":0.0,"ms":1.02,"wi":56.51,"ei":6.51,"as":450.12,"mi":"E","mv":19561,"sc":1,"lpe":98.98,"lpr":1480.54,"lq":1.0,"d":206000},{"pi":"1498","pc":"Продукты питания","ss":10000,"td":"Центр города","dc":2,"n":241.64,"vc":"5019","sl":"Элитный","sv":"12000","p":599.0,"q":29.55,"b":0.0,"ms":1.83,"wi":80.34,"ei":6.51,"as":470.38,"mi":"E","mv":654554,"sc":1,"lpe":98.17,"lpr":431.54,"lq":1.0,"d":600000}]