[{"pi":"2546","pc":"Ювелирные изделия","ss":100000,"td":"Фешенебельный район","dc":1,"n":632.68,"vc":"318264","sl":"Элитный","sv":"101","p":500000.0,"q":46.26,"b":5.04,"ms":45.09,"wi":43.25,"ei":8.96,"as":259.04,"mi":"E","mv":224,"sc":1,"lpe":54.91,"lpr":44978.55,"lq":33.41,"d":2463436},{"pi":"2546","pc":"Ювелирные изделия","ss":100000,"td":"Фешенебельный район","dc":1,"n":676.53,"vc":"242122","sl":"Элитный","sv":"91","p":50000.0,"q":46.01,"b":5.04,"ms":45.73,"wi":25.6,"ei":7.71,"as":188.14,"mi":"E","mv":199,"sc":1,"lpe":54.27,"lpr":4201.86,"lq":32.09,"d":350010},{"pi":"2546","pc":"Ювелирные изделия","ss":10000,"td":"Фешенебельный район","dc":1,"n":674.7,"vc":"25114","sl":"Элитный","sv":"8","p":700000.0,"q":44.16,"b":5.04,"ms":4.28,"wi":28.13,"ei":8.57,"as":218.31,"mi":"E","mv":187,"sc":1,"lpe":95.72,"lpr":57043.63,"lq":1.0,"d":449800},{"pi":"2546","pc":"Ювелирные изделия","ss":100000,"td":"Фешенебельный район","dc":1,"n":690.06,"vc":"268928","sl":"Элитный","sv":"41","p":80000.0,"q":46.06,"b":5.04,"ms":28.67,"wi":21.86,"ei":7.84,"as":163.23,"mi":"E","mv":143,"sc":1,"lpe":71.33,"lpr":6072.5,"lq":32.16,"d":338687},{"pi":"2546","pc":"Ювелирные изделия","ss":100000,"td":"Фешенебельный район","dc":3,"n":424.5,"vc":"23929","sl":"Элитный","sv":"13","p":2500000.0,"q":42.74,"b":5.29,"ms":1.37,"wi":75.12,"ei":8.39,"as":442.23,"mi":"E","mv":950,"sc":1,"lpe":98.63,"lpr":193845.51,"lq":1.0,"d":1470514},{"pi":"2546","pc":"Ювелирные изделия","ss":100000,"td":"Спальный район","dc":2,"n":460.79,"vc":"255210","sl":"Высокий","sv":"1","p":3500000.0,"q":41.11,"b":5.29,"ms":0.25,"wi":64.74,"ei":9.15,"as":433.22,"mi":"E","mv":398,"sc":1,"lpe":99.75,"lpr":322160.52,"lq":1.0,"d":1483564},{"pi":"2546","pc":"Ювелирные изделия","ss":100000,"td":"Фешенебельный район","dc":4,"n":390.91,"vc":"22946","sl":"Элитный","sv":"7","p":1500000.0,"q":40.74,"b":5.72,"ms":2.16,"wi":51.48,"ei":10.19,"as":498.64,"mi":"E","mv":324,"sc":1,"lpe":97.84,"lpr":189077.32,"lq":1.0,"d":1030544},{"pi":"2546","pc":"Ювелирные изделия","ss":100000,"td":"Фешенебельный район","dc":2,"n":545.36,"vc":"79021","sl":"Элитный","sv":"3","p":2500000.0,"q":43.42,"b":7.34,"ms":0.71,"wi":31.91,"ei":5.1,"as":291.57,"mi":"E","mv":423,"sc":1,"lpe":99.29,"lpr":156953.84,"lq":1.0,"d":1613644},{"pi":"2546","pc":"Ювелирные изделия","ss":100000,"td":"Фешенебельный район","dc":2,"n":585.4,"vc":"131009","sl":"Элитный","sv":"3","p":1250000.0,"q":39.65,"b":7.34,"ms":0.65,"wi":20.8,"ei":5.48,"as":312.49,"mi":"E","mv":459,"sc":1,"lpe":99.35,"lpr":84643.22,"lq":1.0,"d":2277026},{"pi":"2546","pc":"Ювелирные изделия","ss":100000,"td":"Фешенебельный район","dc":1,"n":460.78,"vc":"53738","sl":"Элитный","sv":"205","p":320000.0,"q":39.94,"b":0.27,"ms":9.94,"wi":25.84,"ei":9.8,"as":151.71,"mi":"E","mv":2063,"sc":1,"lpe":90.06,"lpr":31173.84,"lq":1.74,"d":2005002},{"pi":"2546","pc":"Ювелирные изделия","ss":100000,"td":"Фешенебельный район","dc":5,"n":419.59,"vc":"20349","sl":"Элитный","sv":"11","p":626578.33,"q":13.84,"b":0.0,"ms":4.55,"wi":17.57,"ei":5.37,"as":109.67,"mi":"E","mv":242,"sc":1,"lpe":95.45,"lpr":74259.97,"lq":1.0,"d":1058998},{"pi":"2546","pc":"Ювелирные изделия","ss":100000,"td":"Фешенебельный район","dc":5,"n":460.94,"vc":"42450","sl":"Элитный","sv":"2","p":1250000.0,"q":40.97,"b":5.29,"ms":1.56,"wi":20.84,"ei":9.18,"as":253.37,"mi":"E","mv":128,"sc":1,"lpe":98.44,"lpr":105020.94,"lq":1.0,"d":872616},{"pi":"2546","pc":"Ювелирные изделия","ss":100000,"td":"Фешенебельный район","dc":1,"n":682.51,"vc":"317259","sl":"Элитный","sv":"142","p":100000.0,"q":46.16,"b":5.04,"ms":37.47,"wi":38.33,"ei":9.07,"as":212.54,"mi":"E","mv":379,"sc":1,"lpe":62.53,"lpr":8358.14,"lq":31.96,"d":620800},{"pi":"2546","pc":"Ювелирные изделия","ss":100000,"td":"Фешенебельный район","dc":5,"n":458.03,"vc":"41892","sl":"Элитный","sv":"2","p":3000000.0,"q":41.71,"b":5.29,"ms":1.27,"wi":46.71,"ei":9.63,"as":392.96,"mi":"E","mv":157,"sc":1,"lpe":98.73,"lpr":217548.91,"lq":1.0,"d":910108},{"pi":"2546","pc":"Ювелирные изделия","ss":100000,"td":"Фешенебельный район","dc":3,"n":454.5,"vc":"41206","sl":"Элитный","sv":"10","p":1000000.0,"q":43.92,"b":5.29,"ms":6.33,"wi":45.39,"ei":9.83,"as":407.82,"mi":"E","mv":158,"sc":1,"lpe":93.67,"lpr":150305.81,"lq":1.0,"d":956846},{"pi":"2546","pc":"Ювелирные изделия","ss":100000,"td":"Фешенебельный район","dc":5,"n":449.31,"vc":"40212","sl":"Элитный","sv":"4","p":500000.0,"q":43.19,"b":5.29,"ms":2.92,"wi":23.04,"ei":9.31,"as":281.91,"mi":"E","mv":137,"sc":1,"lpe":97.08,"lpr":55846.11,"lq":1.0,"d":1028974},{"pi":"2546","pc":"Ювелирные изделия","ss":100000,"td":"Фешенебельный район","dc":4,"n":434.14,"vc":"35718","sl":"Элитный","sv":"7","p":1250000.0,"q":40.91,"b":5.72,"ms":1.79,"wi":39.13,"ei":9.21,"as":349.34,"mi":"E","mv":391,"sc":1,"lpe":98.21,"lpr":147159.67,"lq":1.0,"d":1816406},{"pi":"2546","pc":"Ювелирные изделия","ss":10000,"td":"Фешенебельный район","dc":1,"n":680.9,"vc":"25668","sl":"Элитный","sv":"44","p":100000.0,"q":45.28,"b":5.04,"ms":22.68,"wi":23.48,"ei":8.4,"as":185.05,"mi":"E","mv":194,"sc":1,"lpe":77.32,"lpr":9688.89,"lq":31.58,"d":419938},{"pi":"2546","pc":"Ювелирные изделия","ss":100000,"td":"Фешенебельный район","dc":5,"n":467.26,"vc":"43725","sl":"Элитный","sv":"2","p":1000000.0,"q":40.74,"b":5.29,"ms":1.89,"wi":22.15,"ei":8.94,"as":292.93,"mi":"E","mv":106,"sc":1,"lpe":98.11,"lpr":111818.62,"lq":1.0,"d":798372},{"pi":"2546","pc":"Ювелирные изделия","ss":100000,"td":"Фешенебельный район","dc":1,"n":680.26,"vc":"449205","sl":"Элитный","sv":"402","p":130000.0,"q":46.33,"b":0.0,"ms":22.25,"wi":66.51,"ei":8.76,"as":347.78,"mi":"E","mv":1807,"sc":1,"lpe":77.75,"lpr":14313.01,"lq":18.8,"d":1784134},{"pi":"2546","pc":"Ювелирные изделия","ss":100000,"td":"Фешенебельный район","dc":1,"n":686.05,"vc":"197043","sl":"Элитный","sv":"101","p":70000.0,"q":47.05,"b":0.0,"ms":18.88,"wi":29.41,"ei":8.73,"as":368.21,"mi":"E","mv":535,"sc":1,"lpe":81.12,"lpr":14509.59,"lq":5.23,"d":177578},{"pi":"2546","pc":"Ювелирные изделия","ss":10000,"td":"Центр города","dc":2,"n":268.9,"vc":"5206","sl":"Элитный","sv":"50","p":399999.0,"q":13.57,"b":0.0,"ms":40.65,"wi":62.27,"ei":13.35,"as":674.99,"mi":"E","mv":123,"sc":1,"lpe":59.35,"lpr":148209.69,"lq":9.69,"d":374441},{"pi":"2546","pc":"Ювелирные изделия","ss":10000,"td":"Центр города","dc":2,"n":457.02,"vc":"40984","sl":"Нормальный","sv":"5","p":4000000.0,"q":43.74,"b":4.62,"ms":2.27,"wi":88.65,"ei":9.17,"as":926.04,"mi":"E","mv":220,"sc":1,"lpe":97.73,"lpr":382781.09,"lq":1.0,"d":802320},{"pi":"2546","pc":"Ювелирные изделия","ss":100000,"td":"Центр города","dc":2,"n":297.61,"vc":"42978","sl":"Элитный","sv":"20","p":5000000.0,"q":43.9,"b":4.62,"ms":9.8,"wi":112.2,"ei":10.46,"as":1478.26,"mi":"E","mv":204,"sc":1,"lpe":90.2,"lpr":486695.54,"lq":14.09,"d":1132390},{"pi":"2546","pc":"Ювелирные изделия","ss":10000,"td":"Фешенебельный район","dc":3,"n":586.05,"vc":"8640","sl":"Элитный","sv":"1","p":600000.0,"q":41.74,"b":4.59,"ms":1.32,"wi":19.68,"ei":7.55,"as":294.12,"mi":"E","mv":76,"sc":1,"lpe":98.68,"lpr":40905.31,"lq":1.0,"d":330579},{"pi":"2546","pc":"Ювелирные изделия","ss":10000,"td":"Фешенебельный район","dc":3,"n":546.93,"vc":"7756","sl":"Низкий","sv":"3","p":500000.0,"q":42.34,"b":4.59,"ms":2.94,"wi":22.69,"ei":6.79,"as":346.42,"mi":"E","mv":102,"sc":1,"lpe":97.06,"lpr":50593.39,"lq":1.0,"d":425446},{"pi":"2546","pc":"Ювелирные изделия","ss":100000,"td":"Фешенебельный район","dc":1,"n":680.31,"vc":"335439","sl":"Элитный","sv":"190","p":50000.0,"q":45.16,"b":0.0,"ms":17.53,"wi":35.22,"ei":11.24,"as":300.08,"mi":"E","mv":1084,"sc":1,"lpe":82.47,"lpr":4999.57,"lq":2.88,"d":773410},{"pi":"2546","pc":"Ювелирные изделия","ss":100000,"td":"Фешенебельный район","dc":1,"n":664.92,"vc":"273394","sl":"Элитный","sv":"140","p":60000.0,"q":47.05,"b":0.0,"ms":13.11,"wi":29.71,"ei":10.26,"as":285.0,"mi":"E","mv":1068,"sc":1,"lpe":86.89,"lpr":9923.26,"lq":3.54,"d":658046},{"pi":"2546","pc":"Ювелирные изделия","ss":10000,"td":"Фешенебельный район","dc":1,"n":667.89,"vc":"18382","sl":"Элитный","sv":"51","p":130000.0,"q":46.28,"b":0.0,"ms":11.75,"wi":46.49,"ei":9.42,"as":383.85,"mi":"E","mv":434,"sc":1,"lpe":88.25,"lpr":13579.08,"lq":4.74,"d":223434},{"pi":"2546","pc":"Ювелирные изделия","ss":120000,"td":"Фешенебельный район","dc":2,"n":683.82,"vc":"531108","sl":"Высокий","sv":"394","p":70000.0,"q":46.67,"b":5.04,"ms":32.83,"wi":36.6,"ei":8.31,"as":211.85,"mi":"E","mv":1200,"sc":1,"lpe":67.17,"lpr":7683.41,"lq":32.37,"d":1453950},{"pi":"2546","pc":"Ювелирные изделия","ss":10000,"td":"Фешенебельный район","dc":1,"n":686.32,"vc":"20144","sl":"Элитный","sv":"145","p":24000.0,"q":47.05,"b":0.0,"ms":35.19,"wi":32.45,"ei":9.19,"as":353.09,"mi":"E","mv":412,"sc":1,"lpe":64.81,"lpr":39302.93,"lq":14.16,"d":258999},{"pi":"2546","pc":"Ювелирные изделия","ss":100000,"td":"Фешенебельный район","dc":1,"n":575.76,"vc":"272328","sl":"Элитный","sv":"2295","p":100000.0,"q":46.87,"b":5.04,"ms":48.45,"wi":50.66,"ei":10.64,"as":327.0,"mi":"E","mv":4737,"sc":1,"lpe":51.55,"lpr":14797.84,"lq":32.35,"d":7537390},{"pi":"2546","pc":"Ювелирные изделия","ss":100000,"td":"Фешенебельный район","dc":1,"n":640.62,"vc":"331492","sl":"Элитный","sv":"62","p":800000.0,"q":46.09,"b":5.04,"ms":33.33,"wi":39.13,"ei":9.11,"as":204.86,"mi":"E","mv":186,"sc":1,"lpe":66.67,"lpr":60590.4,"lq":31.75,"d":2224560},{"pi":"2546","pc":"Ювелирные изделия","ss":100000,"td":"Центр города","dc":1,"n":331.01,"vc":"49049","sl":"Элитный","sv":"11","p":2500000.0,"q":42.62,"b":4.62,"ms":8.66,"wi":61.68,"ei":8.89,"as":806.78,"mi":"E","mv":127,"sc":1,"lpe":91.34,"lpr":235870.13,"lq":29.07,"d":659952},{"pi":"2546","pc":"Ювелирные изделия","ss":1000,"td":"Фешенебельный район","dc":1,"n":447.6,"vc":"757","sl":"Элитный","sv":"15","p":2100000.0,"q":33.62,"b":4.35,"ms":2.6,"wi":87.77,"ei":6.8,"as":520.0,"mi":"E","mv":577,"sc":1,"lpe":97.4,"lpr":307839.79,"lq":1.0,"d":916747},{"pi":"2546","pc":"Ювелирные изделия","ss":100000,"td":"Фешенебельный район","dc":2,"n":532.54,"vc":"37971","sl":"Элитный","sv":"10","p":1000000.0,"q":43.92,"b":4.8,"ms":6.41,"wi":98.37,"ei":9.51,"as":549.44,"mi":"E","mv":156,"sc":1,"lpe":93.59,"lpr":325405.69,"lq":1.0,"d":282688},{"pi":"2546","pc":"Ювелирные изделия","ss":100000,"td":"Фешенебельный район","dc":7,"n":354.35,"vc":"11178","sl":"Элитный","sv":"29","p":747083.71,"q":14.77,"b":0.0,"ms":9.24,"wi":34.47,"ei":11.19,"as":156.87,"mi":"E","mv":314,"sc":1,"lpe":90.76,"lpr":196946.47,"lq":9.55,"d":1148164},{"pi":"2546","pc":"Ювелирные изделия","ss":1000,"td":"Фешенебельный район","dc":1,"n":609.96,"vc":"2736","sl":"Очень высокий","sv":"15","p":900000.0,"q":47.05,"b":0.0,"ms":4.0,"wi":48.01,"ei":12.8,"as":278.36,"mi":"E","mv":375,"sc":2,"lpe":95.73,"lpr":155967.28,"lq":1.0,"d":825880},{"pi":"2546","pc":"Ювелирные изделия","ss":1000,"td":"Фешенебельный район","dc":2,"n":350.65,"vc":"634","sl":"Элитный","sv":"1","p":1500000.0,"q":42.82,"b":0.0,"ms":0.27,"wi":48.01,"ei":12.8,"as":278.36,"mi":"E","mv":375,"sc":2,"lpe":95.73,"lpr":155967.28,"lq":1.0,"d":825880},{"pi":"2546","pc":"Ювелирные изделия","ss":10000,"td":"Фешенебельный район","dc":1,"n":546.42,"vc":"4572","sl":"Элитный","sv":"8","p":200000.0,"q":41.86,"b":2.85,"ms":11.27,"wi":12.75,"ei":7.86,"as":131.25,"mi":"E","mv":71,"sc":1,"lpe":88.73,"lpr":35960.71,"lq":7.87,"d":165832},{"pi":"2546","pc":"Ювелирные изделия","ss":100000,"td":"Фешенебельный район","dc":2,"n":581.14,"vc":"177898","sl":"Элитный","sv":"154","p":250000.0,"q":46.27,"b":4.08,"ms":10.61,"wi":41.17,"ei":8.83,"as":225.06,"mi":"E","mv":1451,"sc":1,"lpe":89.39,"lpr":22651.57,"lq":20.58,"d":1925822},{"pi":"2546","pc":"Ювелирные изделия","ss":100000,"td":"Фешенебельный район","dc":2,"n":586.53,"vc":"105564","sl":"Элитный","sv":"6","p":1000000.0,"q":43.93,"b":1.97,"ms":6.0,"wi":52.67,"ei":9.57,"as":1379.15,"mi":"E","mv":100,"sc":1,"lpe":94.0,"lpr":66890.96,"lq":23.02,"d":373884},{"pi":"2546","pc":"Ювелирные изделия","ss":100000,"td":"Фешенебельный район","dc":1,"n":652.91,"vc":"272126","sl":"Элитный","sv":"103","p":300000.0,"q":46.01,"b":0.0,"ms":31.12,"wi":133.52,"ei":10.32,"as":1582.16,"mi":"E","mv":331,"sc":1,"lpe":68.88,"lpr":28162.75,"lq":31.98,"d":903081},{"pi":"2546","pc":"Ювелирные изделия","ss":100000,"td":"Фешенебельный район","dc":1,"n":679.9,"vc":"344976","sl":"Элитный","sv":"174","p":150000.0,"q":45.28,"b":0.0,"ms":21.72,"wi":119.42,"ei":10.05,"as":1379.85,"mi":"E","mv":801,"sc":1,"lpe":78.28,"lpr":16825.75,"lq":28.84,"d":847456},{"pi":"2546","pc":"Ювелирные изделия","ss":10000,"td":"Фешенебельный район","dc":1,"n":675.51,"vc":"31314","sl":"Очень высокий","sv":"22","p":550000.0,"q":44.55,"b":0.0,"ms":5.45,"wi":34.83,"ei":10.34,"as":268.79,"mi":"E","mv":404,"sc":1,"lpe":94.55,"lpr":65690.3,"lq":1.0,"d":830592},{"pi":"2546","pc":"Ювелирные изделия","ss":10000,"td":"Фешенебельный район","dc":1,"n":630.47,"vc":"23904","sl":"Элитный","sv":"890","p":120000.0,"q":47.05,"b":0.0,"ms":34.63,"wi":57.16,"ei":8.91,"as":372.4,"mi":"E","mv":2570,"sc":1,"lpe":65.37,"lpr":57996.39,"lq":20.85,"d":3168000},{"pi":"2546","pc":"Ювелирные изделия","ss":100000,"td":"Фешенебельный район","dc":1,"n":687.68,"vc":"144887","sl":"Элитный","sv":"12","p":250000.0,"q":44.87,"b":0.0,"ms":8.89,"wi":24.79,"ei":5.22,"as":302.26,"mi":"E","mv":135,"sc":2,"lpe":87.41,"lpr":18011.95,"lq":6.52,"d":182800},{"pi":"2546","pc":"Ювелирные изделия","ss":10000,"td":"Центр города","dc":2,"n":311.12,"vc":"5535","sl":"Элитный","sv":"5","p":50999.0,"q":14.31,"b":0.0,"ms":3.7,"wi":24.79,"ei":5.22,"as":302.26,"mi":"E","mv":135,"sc":2,"lpe":87.41,"lpr":18011.95,"lq":6.52,"d":182800},{"pi":"2546","pc":"Ювелирные изделия","ss":10000,"td":"Фешенебельный район","dc":1,"n":659.26,"vc":"19381","sl":"Элитный","sv":"111","p":100000.0,"q":46.07,"b":4.08,"ms":18.23,"wi":31.1,"ei":8.84,"as":209.0,"mi":"E","mv":609,"sc":1,"lpe":81.77,"lpr":9542.27,"lq":24.81,"d":946841},{"pi":"2546","pc":"Ювелирные изделия","ss":200000,"td":"Фешенебельный район","dc":2,"n":613.51,"vc":"350558","sl":"Элитный","sv":"300","p":70000.0,"q":47.05,"b":0.0,"ms":12.22,"wi":20.39,"ei":21.6,"as":73.03,"mi":"E","mv":2455,"sc":1,"lpe":87.78,"lpr":8680.45,"lq":3.05,"d":1064107},{"pi":"2546","pc":"Ювелирные изделия","ss":10000,"td":"Центр города","dc":1,"n":327.61,"vc":"15694","sl":"Элитный","sv":"191","p":80000.0,"q":46.27,"b":0.0,"ms":20.02,"wi":43.91,"ei":15.76,"as":113.87,"mi":"E","mv":954,"sc":1,"lpe":79.98,"lpr":21953.1,"lq":7.96,"d":795727},{"pi":"2546","pc":"Ювелирные изделия","ss":10000,"td":"Центр города","dc":2,"n":289.61,"vc":"5364","sl":"Элитный","sv":"5","p":559999.0,"q":14.31,"b":0.0,"ms":3.13,"wi":43.59,"ei":7.31,"as":476.27,"mi":"E","mv":160,"sc":1,"lpe":96.88,"lpr":281966.17,"lq":1.0,"d":263256},{"pi":"2546","pc":"Ювелирные изделия","ss":100000,"td":"Фешенебельный район","dc":1,"n":618.46,"vc":"402122","sl":"Элитный","sv":"318","p":380000.0,"q":46.56,"b":0.0,"ms":15.22,"wi":62.0,"ei":7.93,"as":546.66,"mi":"E","mv":2089,"sc":1,"lpe":84.78,"lpr":77998.39,"lq":17.82,"d":7101416},{"pi":"2546","pc":"Ювелирные изделия","ss":100000,"td":"Центр города","dc":2,"n":345.96,"vc":"52059","sl":"Элитный","sv":"30","p":1500000.0,"q":32.37,"b":3.85,"ms":15.0,"wi":60.54,"ei":6.77,"as":450.24,"mi":"E","mv":200,"sc":1,"lpe":85.0,"lpr":257200.65,"lq":22.76,"d":518786},{"pi":"2546","pc":"Ювелирные изделия","ss":100000,"td":"Фешенебельный район","dc":1,"n":557.0,"vc":"267015","sl":"Элитный","sv":"1378","p":370000.0,"q":46.69,"b":0.0,"ms":35.42,"wi":89.7,"ei":7.81,"as":615.72,"mi":"E","mv":3891,"sc":1,"lpe":64.58,"lpr":84513.03,"lq":26.02,"d":11929900},{"pi":"2546","pc":"Ювелирные изделия","ss":10000,"td":"Центр города","dc":2,"n":249.21,"vc":"5081","sl":"Элитный","sv":"45","p":399999.0,"q":13.75,"b":0.0,"ms":21.43,"wi":48.51,"ei":15.71,"as":380.15,"mi":"E","mv":210,"sc":1,"lpe":78.57,"lpr":144231.93,"lq":9.72,"d":545196},{"pi":"2546","pc":"Ювелирные изделия","ss":100000,"td":"Центр города","dc":2,"n":310.18,"vc":"45056","sl":"Элитный","sv":"30","p":800000.0,"q":32.37,"b":3.85,"ms":15.0,"wi":56.24,"ei":7.07,"as":380.48,"mi":"E","mv":200,"sc":1,"lpe":85.0,"lpr":421078.87,"lq":22.71,"d":917721},{"pi":"2546","pc":"Ювелирные изделия","ss":10000,"td":"Центр города","dc":2,"n":255.1,"vc":"5116","sl":"Элитный","sv":"5","p":999999.0,"q":14.31,"b":0.0,"ms":2.39,"wi":53.32,"ei":6.45,"as":372.85,"mi":"E","mv":209,"sc":1,"lpe":97.61,"lpr":238151.65,"lq":1.0,"d":476878},{"pi":"2546","pc":"Ювелирные изделия","ss":100000,"td":"Фешенебельный район","dc":1,"n":678.9,"vc":"521024","sl":"Очень высокий","sv":"180","p":140000.0,"q":46.32,"b":0.0,"ms":24.79,"wi":51.31,"ei":5.72,"as":403.15,"mi":"E","mv":726,"sc":1,"lpe":75.21,"lpr":13501.9,"lq":19.34,"d":2828856},{"pi":"2546","pc":"Ювелирные изделия","ss":100000,"td":"Фешенебельный район","dc":2,"n":624.93,"vc":"112852","sl":"Элитный","sv":"10","p":500000.0,"q":43.92,"b":5.54,"ms":7.63,"wi":113.52,"ei":9.83,"as":1378.42,"mi":"E","mv":131,"sc":1,"lpe":92.37,"lpr":211828.0,"lq":1.0,"d":157554},{"pi":"2546","pc":"Ювелирные изделия","ss":100000,"td":"Фешенебельный район","dc":2,"n":444.67,"vc":"42225","sl":"Элитный","sv":"10","p":200000.0,"q":43.92,"b":5.18,"ms":5.0,"wi":12.45,"ei":3.38,"as":76.69,"mi":"E","mv":200,"sc":1,"lpe":95.0,"lpr":96590.39,"lq":1.0,"d":3490085},{"pi":"2546","pc":"Ювелирные изделия","ss":100000,"td":"Фешенебельный район","dc":3,"n":447.19,"vc":"29978","sl":"Элитный","sv":"10","p":6000000.0,"q":43.92,"b":1.41,"ms":5.13,"wi":55.13,"ei":6.47,"as":333.95,"mi":"E","mv":195,"sc":1,"lpe":94.87,"lpr":542475.79,"lq":1.0,"d":1500800},{"pi":"2546","pc":"Ювелирные изделия","ss":100000,"td":"Фешенебельный район","dc":2,"n":405.88,"vc":"27958","sl":"Элитный","sv":"25","p":2500000.0,"q":43.92,"b":5.06,"ms":5.06,"wi":25.6,"ei":7.49,"as":134.1,"mi":"E","mv":494,"sc":1,"lpe":94.94,"lpr":235285.24,"lq":1.0,"d":3825606},{"pi":"2546","pc":"Ювелирные изделия","ss":100000,"td":"Фешенебельный район","dc":4,"n":500.72,"vc":"50700","sl":"Элитный","sv":"10","p":1000000.0,"q":43.92,"b":5.06,"ms":7.25,"wi":21.6,"ei":5.51,"as":131.21,"mi":"E","mv":138,"sc":1,"lpe":92.75,"lpr":78630.2,"lq":1.0,"d":1977229},{"pi":"2546","pc":"Ювелирные изделия","ss":100000,"td":"Фешенебельный район","dc":2,"n":441.84,"vc":"38454","sl":"Элитный","sv":"2","p":1500000.0,"q":40.96,"b":5.06,"ms":1.61,"wi":22.23,"ei":3.92,"as":266.41,"mi":"E","mv":124,"sc":1,"lpe":98.39,"lpr":134396.22,"lq":1.0,"d":1111988},{"pi":"2546","pc":"Ювелирные изделия","ss":100000,"td":"Фешенебельный район","dc":2,"n":512.14,"vc":"51582","sl":"Элитный","sv":"10","p":500000.0,"q":43.92,"b":5.54,"ms":2.21,"wi":128.72,"ei":10.42,"as":1556.58,"mi":"E","mv":453,"sc":1,"lpe":97.79,"lpr":440199.52,"lq":1.0,"d":372987},{"pi":"2546","pc":"Ювелирные изделия","ss":100000,"td":"Центр города","dc":1,"n":453.73,"vc":"219943","sl":"Очень высокий","sv":"18","p":4500000.0,"q":30.26,"b":4.13,"ms":1.87,"wi":184.96,"ei":10.06,"as":1520.68,"mi":"E","mv":962,"sc":1,"lpe":98.13,"lpr":473430.0,"lq":1.0,"d":1648846},{"pi":"2546","pc":"Ювелирные изделия","ss":100000,"td":"Фешенебельный район","dc":1,"n":679.18,"vc":"302415","sl":"Элитный","sv":"188","p":60000.0,"q":47.05,"b":4.0,"ms":15.19,"wi":37.15,"ei":12.5,"as":308.74,"mi":"E","mv":1238,"sc":1,"lpe":84.81,"lpr":17328.0,"lq":6.22,"d":593300},{"pi":"2546","pc":"Ювелирные изделия","ss":100000,"td":"Фешенебельный район","dc":1,"n":681.96,"vc":"339174","sl":"Элитный","sv":"57","p":300000.0,"q":46.09,"b":4.0,"ms":34.13,"wi":45.2,"ei":10.88,"as":313.5,"mi":"E","mv":167,"sc":1,"lpe":65.87,"lpr":22881.32,"lq":32.04,"d":762894},{"pi":"2546","pc":"Ювелирные изделия","ss":100000,"td":"Фешенебельный район","dc":1,"n":669.88,"vc":"269604","sl":"Элитный","sv":"55","p":50000.0,"q":45.61,"b":4.0,"ms":8.14,"wi":24.92,"ei":10.9,"as":231.49,"mi":"E","mv":676,"sc":1,"lpe":91.86,"lpr":3950.33,"lq":1.31,"d":551726},{"pi":"2546","pc":"Ювелирные изделия","ss":10000,"td":"Центр города","dc":1,"n":316.17,"vc":"10301","sl":"Элитный","sv":"2","p":558000.0,"q":11.12,"b":0.17,"ms":0.72,"wi":17.71,"ei":7.81,"as":93.95,"mi":"E","mv":277,"sc":1,"lpe":99.28,"lpr":63568.0,"lq":1.0,"d":969146},{"pi":"2546","pc":"Ювелирные изделия","ss":1000,"td":"Фешенебельный район","dc":1,"n":423.09,"vc":"1059","sl":"Элитный","sv":"50","p":350000.0,"q":47.05,"b":0.0,"ms":10.82,"wi":61.96,"ei":12.15,"as":320.53,"mi":"E","mv":462,"sc":1,"lpe":89.18,"lpr":199134.31,"lq":33.01,"d":1114046},{"pi":"2546","pc":"Ювелирные изделия","ss":100000,"td":"Фешенебельный район","dc":1,"n":603.62,"vc":"372964","sl":"Элитный","sv":"309","p":320000.0,"q":46.32,"b":0.0,"ms":19.13,"wi":29.73,"ei":5.12,"as":183.24,"mi":"E","mv":1615,"sc":1,"lpe":80.87,"lpr":36627.62,"lq":12.6,"d":8609120},{"pi":"2546","pc":"Ювелирные изделия","ss":100000,"td":"Фешенебельный район","dc":1,"n":629.08,"vc":"293154","sl":"Элитный","sv":"600","p":200000.0,"q":47.05,"b":0.0,"ms":56.71,"wi":154.18,"ei":9.34,"as":2208.0,"mi":"D","mv":1058,"sc":1,"lpe":43.29,"lpr":307554.26,"lq":32.98,"d":2149998},{"pi":"2546","pc":"Ювелирные изделия","ss":100000,"td":"Фешенебельный район","dc":1,"n":656.48,"vc":"359682","sl":"Элитный","sv":"122","p":300000.0,"q":46.44,"b":4.0,"ms":50.83,"wi":40.58,"ei":15.09,"as":98.24,"mi":"D","mv":240,"sc":1,"lpe":49.17,"lpr":28076.18,"lq":36.02,"d":2452439},{"pi":"2546","pc":"Ювелирные изделия","ss":100000,"td":"Фешенебельный район","dc":1,"n":539.49,"vc":"223677","sl":"Элитный","sv":"427","p":3000000.0,"q":46.19,"b":0.0,"ms":12.87,"wi":166.72,"ei":9.88,"as":2625.25,"mi":"E","mv":3317,"sc":3,"lpe":79.62,"lpr":391613.5,"lq":32.3,"d":11635600},{"pi":"2546","pc":"Ювелирные изделия","ss":130000,"td":"Центр города","dc":10,"n":230.08,"vc":"89642","sl":"Очень высокий","sv":"200","p":565000.0,"q":34.69,"b":0.0,"ms":6.03,"wi":166.72,"ei":9.88,"as":2625.25,"mi":"E","mv":3317,"sc":3,"lpe":79.62,"lpr":391613.5,"lq":32.3,"d":11635600},{"pi":"2546","pc":"Ювелирные изделия","ss":100000,"td":"Центр города","dc":3,"n":449.73,"vc":"419376","sl":"Нормальный","sv":"49","p":2500000.0,"q":43.31,"b":0.0,"ms":1.48,"wi":166.72,"ei":9.88,"as":2625.25,"mi":"E","mv":3317,"sc":3,"lpe":79.62,"lpr":391613.5,"lq":32.3,"d":11635600},{"pi":"2546","pc":"Ювелирные изделия","ss":10000,"td":"Фешенебельный район","dc":1,"n":668.77,"vc":"47038","sl":"Очень высокий","sv":"46","p":1550000.0,"q":46.35,"b":0.0,"ms":21.0,"wi":62.14,"ei":7.68,"as":426.52,"mi":"E","mv":219,"sc":1,"lpe":79.0,"lpr":188766.66,"lq":18.09,"d":3062821},{"pi":"2546","pc":"Ювелирные изделия","ss":100000,"td":"Фешенебельный район","dc":2,"n":463.09,"vc":"39088","sl":"Элитный","sv":"10","p":250000.0,"q":43.92,"b":5.18,"ms":6.85,"wi":12.72,"ei":4.46,"as":75.02,"mi":"E","mv":146,"sc":1,"lpe":93.15,"lpr":173890.67,"lq":1.0,"d":2069637},{"pi":"2546","pc":"Ювелирные изделия","ss":100000,"td":"Фешенебельный район","dc":2,"n":412.34,"vc":"46449","sl":"Элитный","sv":"10","p":1000000.0,"q":43.92,"b":5.18,"ms":5.35,"wi":11.18,"ei":3.22,"as":72.09,"mi":"E","mv":187,"sc":1,"lpe":94.65,"lpr":123474.3,"lq":1.0,"d":4289316},{"pi":"2546","pc":"Ювелирные изделия","ss":100000,"td":"Центр города","dc":2,"n":356.94,"vc":"177873","sl":"Элитный","sv":"10","p":1000000.0,"q":43.92,"b":5.18,"ms":5.81,"wi":12.17,"ei":3.38,"as":78.09,"mi":"E","mv":172,"sc":1,"lpe":94.19,"lpr":176530.32,"lq":1.0,"d":4031420},{"pi":"2546","pc":"Ювелирные изделия","ss":100000,"td":"Фешенебельный район","dc":2,"n":451.74,"vc":"58533","sl":"Элитный","sv":"10","p":300000.0,"q":43.92,"b":5.18,"ms":5.85,"wi":13.02,"ei":3.38,"as":74.23,"mi":"E","mv":171,"sc":1,"lpe":94.15,"lpr":203910.81,"lq":1.0,"d":2813774},{"pi":"2546","pc":"Ювелирные изделия","ss":100000,"td":"Фешенебельный район","dc":1,"n":485.13,"vc":"130047","sl":"Элитный","sv":"4241","p":80000.0,"q":47.0,"b":4.0,"ms":51.01,"wi":48.27,"ei":9.23,"as":380.0,"mi":"D","mv":8314,"sc":1,"lpe":48.99,"lpr":11549.77,"lq":27.43,"d":11000140},{"pi":"2546","pc":"Ювелирные изделия","ss":100000,"td":"Фешенебельный район","dc":5,"n":529.6,"vc":"87176","sl":"Элитный","sv":"10","p":1000000.0,"q":43.92,"b":5.18,"ms":7.09,"wi":28.88,"ei":4.87,"as":148.66,"mi":"E","mv":141,"sc":1,"lpe":92.91,"lpr":219098.37,"lq":1.0,"d":1033961},{"pi":"2546","pc":"Ювелирные изделия","ss":100000,"td":"Фешенебельный район","dc":6,"n":368.63,"vc":"25560","sl":"Элитный","sv":"1","p":5000000.0,"q":40.03,"b":5.18,"ms":0.57,"wi":12.11,"ei":2.92,"as":72.23,"mi":"E","mv":174,"sc":1,"lpe":99.43,"lpr":357113.59,"lq":1.0,"d":8240000},{"pi":"2546","pc":"Ювелирные изделия","ss":100000,"td":"Фешенебельный район","dc":3,"n":425.6,"vc":"36064","sl":"Элитный","sv":"5","p":350000.0,"q":43.84,"b":1.87,"ms":1.84,"wi":7.82,"ei":3.43,"as":51.91,"mi":"E","mv":272,"sc":1,"lpe":98.16,"lpr":24438.29,"lq":1.0,"d":1446250},{"pi":"2546","pc":"Ювелирные изделия","ss":100000,"td":"Центр города","dc":6,"n":359.32,"vc":"57165","sl":"Элитный","sv":"3","p":196305.55,"q":14.55,"b":0.0,"ms":2.88,"wi":7.09,"ei":3.1,"as":58.19,"mi":"E","mv":104,"sc":1,"lpe":97.12,"lpr":21051.17,"lq":1.0,"d":469546},{"pi":"2546","pc":"Ювелирные изделия","ss":100000,"td":"Фешенебельный район","dc":1,"n":658.45,"vc":"434480","sl":"Элитный","sv":"876","p":100000.0,"q":46.34,"b":6.22,"ms":23.18,"wi":60.31,"ei":7.67,"as":446.7,"mi":"E","mv":3779,"sc":2,"lpe":76.77,"lpr":11175.95,"lq":21.87,"d":2952988},{"pi":"2546","pc":"Ювелирные изделия","ss":100000,"td":"Фешенебельный район","dc":1,"n":0.0,"vc":"515","sl":"Элитный","sv":"2","p":50372.45,"q":26.26,"b":0.0,"ms":0.05,"wi":60.31,"ei":7.67,"as":446.7,"mi":"E","mv":3779,"sc":2,"lpe":76.77,"lpr":11175.95,"lq":21.87,"d":2952988},{"pi":"2546","pc":"Ювелирные изделия","ss":100000,"td":"Фешенебельный район","dc":2,"n":544.26,"vc":"65723","sl":"Нормальный","sv":"10","p":2000000.0,"q":43.58,"b":4.21,"ms":2.23,"wi":73.97,"ei":9.19,"as":573.99,"mi":"E","mv":448,"sc":1,"lpe":97.77,"lpr":176091.68,"lq":1.0,"d":982368},{"pi":"2546","pc":"Ювелирные изделия","ss":100000,"td":"Центр города","dc":1,"n":315.51,"vc":"119602","sl":"Элитный","sv":"252","p":368320.28,"q":34.25,"b":0.0,"ms":26.44,"wi":43.74,"ei":9.29,"as":248.71,"mi":"E","mv":953,"sc":1,"lpe":73.56,"lpr":52754.66,"lq":21.5,"d":4048917},{"pi":"2546","pc":"Ювелирные изделия","ss":100000,"td":"Фешенебельный район","dc":2,"n":536.88,"vc":"38791","sl":"Элитный","sv":"10","p":1000000.0,"q":43.92,"b":4.8,"ms":6.71,"wi":86.27,"ei":7.92,"as":629.84,"mi":"E","mv":149,"sc":1,"lpe":93.29,"lpr":372805.58,"lq":1.0,"d":266710},{"pi":"2546","pc":"Ювелирные изделия","ss":100000,"td":"Фешенебельный район","dc":2,"n":482.99,"vc":"29903","sl":"Элитный","sv":"10","p":1250000.0,"q":43.92,"b":4.8,"ms":3.39,"wi":91.67,"ei":8.31,"as":638.14,"mi":"E","mv":295,"sc":1,"lpe":96.61,"lpr":377715.07,"lq":1.0,"d":557354},{"pi":"2546","pc":"Ювелирные изделия","ss":10000,"td":"Центр города","dc":1,"n":449.88,"vc":"40264","sl":"Очень высокий","sv":"25","p":900000.0,"q":41.64,"b":5.16,"ms":9.43,"wi":35.62,"ei":11.99,"as":261.73,"mi":"E","mv":265,"sc":1,"lpe":90.57,"lpr":86710.79,"lq":13.33,"d":886846},{"pi":"2546","pc":"Ювелирные изделия","ss":100000,"td":"Фешенебельный район","dc":1,"n":681.41,"vc":"412246","sl":"Элитный","sv":"178","p":360000.0,"q":46.33,"b":0.0,"ms":23.92,"wi":109.66,"ei":9.0,"as":663.67,"mi":"E","mv":744,"sc":1,"lpe":76.08,"lpr":45681.03,"lq":23.48,"d":1352330},{"pi":"2546","pc":"Ювелирные изделия","ss":100000,"td":"Центр города","dc":6,"n":421.42,"vc":"131511","sl":"Очень высокий","sv":"52","p":334443.51,"q":13.84,"b":0.0,"ms":13.68,"wi":131.02,"ei":10.25,"as":2441.4,"mi":"E","mv":380,"sc":2,"lpe":83.68,"lpr":244321.56,"lq":16.41,"d":921618},{"pi":"2546","pc":"Ювелирные изделия","ss":100000,"td":"Фешенебельный район","dc":2,"n":560.0,"vc":"112161","sl":"Элитный","sv":"10","p":1000000.0,"q":43.92,"b":0.0,"ms":2.63,"wi":131.02,"ei":10.25,"as":2441.4,"mi":"E","mv":380,"sc":2,"lpe":83.68,"lpr":244321.56,"lq":16.41,"d":921618},{"pi":"2546","pc":"Ювелирные изделия","ss":100000,"td":"Фешенебельный район","dc":2,"n":640.28,"vc":"211006","sl":"Элитный","sv":"35","p":30000.0,"q":45.23,"b":0.0,"ms":32.71,"wi":8.25,"ei":9.79,"as":60.55,"mi":"E","mv":107,"sc":1,"lpe":67.29,"lpr":2780.16,"lq":31.48,"d":672435},{"pi":"2546","pc":"Ювелирные изделия","ss":100000,"td":"Фешенебельный район","dc":2,"n":589.06,"vc":"104696","sl":"Элитный","sv":"2","p":900000.0,"q":41.1,"b":4.54,"ms":0.87,"wi":18.09,"ei":3.99,"as":168.33,"mi":"E","mv":229,"sc":1,"lpe":99.13,"lpr":50670.47,"lq":1.0,"d":1085090},{"pi":"2546","pc":"Ювелирные изделия","ss":100000,"td":"Фешенебельный район","dc":2,"n":611.22,"vc":"117094","sl":"Элитный","sv":"2","p":900000.0,"q":40.92,"b":4.54,"ms":0.88,"wi":19.85,"ei":4.41,"as":215.52,"mi":"E","mv":226,"sc":1,"lpe":99.12,"lpr":50215.74,"lq":1.0,"d":812767},{"pi":"2546","pc":"Ювелирные изделия","ss":100000,"td":"Центр города","dc":5,"n":267.38,"vc":"38398","sl":"Элитный","sv":"220","p":250000.0,"q":32.37,"b":3.64,"ms":10.43,"wi":67.13,"ei":8.56,"as":483.67,"mi":"E","mv":2110,"sc":1,"lpe":89.57,"lpr":196799.88,"lq":22.89,"d":1883126},{"pi":"2546","pc":"Ювелирные изделия","ss":10000,"td":"Центр города","dc":2,"n":339.77,"vc":"10211","sl":"Элитный","sv":"20","p":700000.0,"q":32.37,"b":3.64,"ms":10.53,"wi":59.67,"ei":7.81,"as":544.37,"mi":"E","mv":190,"sc":1,"lpe":89.47,"lpr":207747.31,"lq":22.7,"d":573980},{"pi":"2546","pc":"Ювелирные изделия","ss":100000,"td":"Центр города","dc":1,"n":482.01,"vc":"408083","sl":"Очень высокий","sv":"100","p":3500000.0,"q":35.11,"b":4.25,"ms":9.67,"wi":57.37,"ei":10.06,"as":176.05,"mi":"E","mv":1034,"sc":1,"lpe":90.33,"lpr":474103.23,"lq":1.32,"d":4433298},{"pi":"2546","pc":"Ювелирные изделия","ss":100000,"td":"Фешенебельный район","dc":1,"n":688.2,"vc":"263355","sl":"Элитный","sv":"7","p":750000.0,"q":43.53,"b":5.09,"ms":3.47,"wi":38.55,"ei":8.64,"as":354.27,"mi":"E","mv":202,"sc":1,"lpe":96.53,"lpr":48303.61,"lq":1.0,"d":331062},{"pi":"2546","pc":"Ювелирные изделия","ss":100000,"td":"Центр города","dc":1,"n":429.68,"vc":"267466","sl":"Очень высокий","sv":"140","p":2300000.0,"q":33.72,"b":4.25,"ms":8.62,"wi":65.33,"ei":8.99,"as":361.0,"mi":"E","mv":1624,"sc":2,"lpe":85.22,"lpr":223377.71,"lq":2.02,"d":5583100},{"pi":"2546","pc":"Ювелирные изделия","ss":165700,"td":"Центр города","dc":7,"n":247.39,"vc":"64247","sl":"Элитный","sv":"100","p":516827.83,"q":34.69,"b":0.0,"ms":6.16,"wi":65.33,"ei":8.99,"as":361.0,"mi":"E","mv":1624,"sc":2,"lpe":85.22,"lpr":223377.71,"lq":2.02,"d":5583100},{"pi":"2546","pc":"Ювелирные изделия","ss":10000,"td":"Центр города","dc":2,"n":334.65,"vc":"10117","sl":"Элитный","sv":"20","p":400000.0,"q":32.37,"b":3.64,"ms":9.66,"wi":38.17,"ei":6.88,"as":313.1,"mi":"E","mv":207,"sc":1,"lpe":90.34,"lpr":121245.55,"lq":1.0,"d":622911},{"pi":"2546","pc":"Ювелирные изделия","ss":10000,"td":"Фешенебельный район","dc":1,"n":650.96,"vc":"18120","sl":"Элитный","sv":"35","p":100000.0,"q":45.87,"b":5.09,"ms":20.35,"wi":29.66,"ei":7.86,"as":403.0,"mi":"E","mv":172,"sc":1,"lpe":79.65,"lpr":8575.59,"lq":26.77,"d":520217},{"pi":"2546","pc":"Ювелирные изделия","ss":100000,"td":"Фешенебельный район","dc":3,"n":569.84,"vc":"113709","sl":"Элитный","sv":"8","p":1900000.0,"q":39.56,"b":5.14,"ms":1.48,"wi":29.53,"ei":6.49,"as":242.55,"mi":"E","mv":541,"sc":1,"lpe":98.52,"lpr":132522.81,"lq":1.0,"d":2329386},{"pi":"2546","pc":"Ювелирные изделия","ss":300000,"td":"Фешенебельный район","dc":9,"n":497.37,"vc":"140384","sl":"Элитный","sv":"35","p":2059401.83,"q":24.82,"b":0.0,"ms":4.81,"wi":171.48,"ei":10.04,"as":2283.46,"mi":"E","mv":727,"sc":2,"lpe":90.92,"lpr":1093974.45,"lq":15.69,"d":2986744},{"pi":"2546","pc":"Ювелирные изделия","ss":100000,"td":"Спальный район","dc":4,"n":497.4,"vc":"309062","sl":"Высокий","sv":"31","p":210016.57,"q":13.84,"b":0.0,"ms":4.26,"wi":171.48,"ei":10.04,"as":2283.46,"mi":"E","mv":727,"sc":2,"lpe":90.92,"lpr":1093974.45,"lq":15.69,"d":2986744},{"pi":"2546","pc":"Ювелирные изделия","ss":130000,"td":"Фешенебельный район","dc":2,"n":689.38,"vc":"394605","sl":"Очень высокий","sv":"10","p":50000.0,"q":44.75,"b":0.0,"ms":10.2,"wi":7.22,"ei":7.58,"as":70.94,"mi":"E","mv":98,"sc":1,"lpe":89.8,"lpr":3747.47,"lq":1.27,"d":410022},{"pi":"2546","pc":"Ювелирные изделия","ss":100000,"td":"Центр города","dc":5,"n":31.58,"vc":"6194","sl":"Элитный","sv":"8","p":1651998.62,"q":14.3,"b":0.0,"ms":0.6,"wi":125.88,"ei":10.29,"as":1744.48,"mi":"E","mv":1339,"sc":2,"lpe":99.33,"lpr":333726.45,"lq":1.0,"d":2094907},{"pi":"2546","pc":"Ювелирные изделия","ss":300000,"td":"Фешенебельный район","dc":10,"n":536.81,"vc":"181132","sl":"Очень высокий","sv":"1","p":3259347.9,"q":24.82,"b":0.0,"ms":0.07,"wi":125.88,"ei":10.29,"as":1744.48,"mi":"E","mv":1339,"sc":2,"lpe":99.33,"lpr":333726.45,"lq":1.0,"d":2094907},{"pi":"2546","pc":"Ювелирные изделия","ss":10000,"td":"Фешенебельный район","dc":1,"n":680.48,"vc":"19185","sl":"Элитный","sv":"26","p":80000.0,"q":45.02,"b":5.09,"ms":18.84,"wi":29.91,"ei":6.71,"as":368.36,"mi":"E","mv":138,"sc":1,"lpe":81.16,"lpr":7308.06,"lq":31.01,"d":209430},{"pi":"2546","pc":"Ювелирные изделия","ss":100000,"td":"Фешенебельный район","dc":2,"n":554.02,"vc":"87907","sl":"Элитный","sv":"2","p":1000000.0,"q":41.81,"b":4.54,"ms":0.63,"wi":20.95,"ei":4.83,"as":281.32,"mi":"E","mv":316,"sc":1,"lpe":99.37,"lpr":57832.29,"lq":1.0,"d":1724600},{"pi":"2546","pc":"Ювелирные изделия","ss":100000,"td":"Фешенебельный район","dc":2,"n":679.27,"vc":"406990","sl":"Очень высокий","sv":"320","p":20000.0,"q":46.38,"b":0.0,"ms":44.44,"wi":15.36,"ei":8.17,"as":100.19,"mi":"E","mv":720,"sc":1,"lpe":55.56,"lpr":2554.86,"lq":32.32,"d":1382690},{"pi":"2546","pc":"Ювелирные изделия","ss":10000,"td":"Центр города","dc":2,"n":441.22,"vc":"12717","sl":"Элитный","sv":"10","p":244000.0,"q":32.37,"b":3.64,"ms":9.09,"wi":30.74,"ei":6.23,"as":371.23,"mi":"E","mv":110,"sc":1,"lpe":90.91,"lpr":46106.91,"lq":1.0,"d":125991},{"pi":"2546","pc":"Ювелирные изделия","ss":100000,"td":"Центр города","dc":7,"n":374.13,"vc":"153202","sl":"Высокий","sv":"26","p":1696118.61,"q":14.64,"b":0.0,"ms":2.05,"wi":179.63,"ei":10.34,"as":2350.25,"mi":"E","mv":1268,"sc":2,"lpe":97.16,"lpr":257578.46,"lq":1.0,"d":1641016},{"pi":"2546","pc":"Ювелирные изделия","ss":100000,"td":"Фешенебельный район","dc":2,"n":503.77,"vc":"79936","sl":"Элитный","sv":"10","p":2500000.0,"q":43.92,"b":0.46,"ms":0.79,"wi":179.63,"ei":10.34,"as":2350.25,"mi":"E","mv":1268,"sc":2,"lpe":97.16,"lpr":257578.46,"lq":1.0,"d":1641016},{"pi":"2546","pc":"Ювелирные изделия","ss":100000,"td":"Фешенебельный район","dc":1,"n":669.94,"vc":"302541","sl":"Элитный","sv":"60","p":250000.0,"q":44.78,"b":4.34,"ms":9.45,"wi":41.15,"ei":10.19,"as":294.5,"mi":"E","mv":635,"sc":1,"lpe":90.55,"lpr":18755.62,"lq":6.89,"d":765700},{"pi":"2546","pc":"Ювелирные изделия","ss":100000,"td":"Фешенебельный район","dc":2,"n":547.97,"vc":"102024","sl":"Элитный","sv":"10","p":1500000.0,"q":43.92,"b":4.54,"ms":1.19,"wi":38.01,"ei":5.15,"as":305.32,"mi":"E","mv":839,"sc":1,"lpe":98.81,"lpr":133957.97,"lq":1.0,"d":3116182},{"pi":"2546","pc":"Ювелирные изделия","ss":100000,"td":"Фешенебельный район","dc":2,"n":556.83,"vc":"106590","sl":"Элитный","sv":"10","p":1750000.0,"q":43.92,"b":4.54,"ms":1.42,"wi":39.6,"ei":4.94,"as":318.79,"mi":"E","mv":705,"sc":1,"lpe":98.58,"lpr":188740.25,"lq":1.0,"d":2768631},{"pi":"2546","pc":"Ювелирные изделия","ss":100000,"td":"Фешенебельный район","dc":1,"n":655.78,"vc":"263800","sl":"Элитный","sv":"70","p":400000.0,"q":46.31,"b":0.0,"ms":21.08,"wi":62.3,"ei":8.39,"as":427.4,"mi":"E","mv":332,"sc":1,"lpe":78.92,"lpr":33066.34,"lq":20.76,"d":763752},{"pi":"2546","pc":"Ювелирные изделия","ss":100000,"td":"Фешенебельный район","dc":1,"n":664.96,"vc":"269679","sl":"Элитный","sv":"149","p":200000.0,"q":47.05,"b":0.0,"ms":26.14,"wi":66.62,"ei":7.95,"as":493.05,"mi":"E","mv":570,"sc":1,"lpe":73.86,"lpr":67913.13,"lq":24.78,"d":632057},{"pi":"2546","pc":"Ювелирные изделия","ss":10000,"td":"Центр города","dc":1,"n":470.62,"vc":"29480","sl":"Очень высокий","sv":"170","p":212000.0,"q":12.75,"b":0.0,"ms":30.97,"wi":59.42,"ei":8.65,"as":472.08,"mi":"E","mv":549,"sc":1,"lpe":69.03,"lpr":158414.59,"lq":9.07,"d":747777},{"pi":"2546","pc":"Ювелирные изделия","ss":100000,"td":"Фешенебельный район","dc":2,"n":676.56,"vc":"183100","sl":"Элитный","sv":"69","p":70000.0,"q":47.05,"b":8.09,"ms":21.23,"wi":38.42,"ei":8.23,"as":427.39,"mi":"E","mv":325,"sc":1,"lpe":78.77,"lpr":18392.98,"lq":6.69,"d":168951},{"pi":"2546","pc":"Ювелирные изделия","ss":100000,"td":"Центр города","dc":4,"n":330.03,"vc":"48765","sl":"Элитный","sv":"10","p":655000.0,"q":32.37,"b":4.57,"ms":2.9,"wi":84.39,"ei":9.0,"as":559.14,"mi":"E","mv":345,"sc":1,"lpe":97.1,"lpr":330997.65,"lq":1.0,"d":666717},{"pi":"2546","pc":"Ювелирные изделия","ss":100000,"td":"Центр города","dc":1,"n":427.64,"vc":"213896","sl":"Элитный","sv":"731","p":34871.14,"q":15.09,"b":0.0,"ms":86.92,"wi":69.95,"ei":8.74,"as":537.58,"mi":"AAA","mv":841,"sc":2,"lpe":0.0,"lpr":129945.21,"lq":16.9,"d":978886},{"pi":"2546","pc":"Ювелирные изделия","ss":10000,"td":"Центр города","dc":3,"n":306.17,"vc":"9600","sl":"Элитный","sv":"110","p":650000.0,"q":32.37,"b":4.57,"ms":13.08,"wi":69.95,"ei":8.74,"as":537.58,"mi":"AAA","mv":841,"sc":2,"lpe":0.0,"lpr":129945.21,"lq":16.9,"d":978886},{"pi":"2546","pc":"Ювелирные изделия","ss":10000,"td":"Центр города","dc":1,"n":213.66,"vc":"4856","sl":"Элитный","sv":"70","p":642000.0,"q":12.7,"b":0.0,"ms":5.49,"wi":81.87,"ei":13.22,"as":341.21,"mi":"E","mv":1274,"sc":2,"lpe":93.72,"lpr":129537.65,"lq":1.0,"d":986148},{"pi":"2546","pc":"Ювелирные изделия","ss":100000,"td":"Центр города","dc":3,"n":305.84,"vc":"44318","sl":"Элитный","sv":"10","p":410000.0,"q":32.37,"b":4.57,"ms":0.78,"wi":81.87,"ei":13.22,"as":341.21,"mi":"E","mv":1274,"sc":2,"lpe":93.72,"lpr":129537.65,"lq":1.0,"d":986148},{"pi":"2546","pc":"Ювелирные изделия","ss":100000,"td":"Фешенебельный район","dc":1,"n":673.95,"vc":"441674","sl":"Элитный","sv":"460","p":210000.0,"q":46.31,"b":0.0,"ms":14.98,"wi":87.03,"ei":9.63,"as":463.94,"mi":"E","mv":3070,"sc":1,"lpe":85.02,"lpr":24655.59,"lq":8.46,"d":2021694},{"pi":"2546","pc":"Ювелирные изделия","ss":100000,"td":"Центр города","dc":1,"n":0.0,"vc":"3836","sl":"Элитный","sv":"266","p":131585.14,"q":14.86,"b":0.0,"ms":14.85,"wi":62.59,"ei":7.65,"as":519.76,"mi":"E","mv":1791,"sc":2,"lpe":85.09,"lpr":88336.64,"lq":10.53,"d":1269608},{"pi":"2546","pc":"Ювелирные изделия","ss":100000,"td":"Центр города","dc":1,"n":434.64,"vc":"167050","sl":"Элитный","sv":"1","p":524000.0,"q":12.15,"b":0.59,"ms":0.06,"wi":62.59,"ei":7.65,"as":519.76,"mi":"E","mv":1791,"sc":2,"lpe":85.09,"lpr":88336.64,"lq":10.53,"d":1269608},{"pi":"2546","pc":"Ювелирные изделия","ss":100000,"td":"Центр города","dc":4,"n":351.62,"vc":"48550","sl":"Элитный","sv":"4","p":544842.72,"q":14.57,"b":0.0,"ms":3.92,"wi":20.7,"ei":12.94,"as":195.48,"mi":"E","mv":102,"sc":1,"lpe":96.08,"lpr":85626.33,"lq":1.0,"d":421550},{"pi":"2546","pc":"Ювелирные изделия","ss":100000,"td":"Фешенебельный район","dc":2,"n":673.48,"vc":"271954","sl":"Очень высокий","sv":"90","p":10000.0,"q":47.05,"b":0.0,"ms":28.85,"wi":6.79,"ei":6.24,"as":44.87,"mi":"E","mv":312,"sc":1,"lpe":71.15,"lpr":4893.44,"lq":1.88,"d":512400},{"pi":"2546","pc":"Ювелирные изделия","ss":100000,"td":"Фешенебельный район","dc":1,"n":650.26,"vc":"244208","sl":"Элитный","sv":"400","p":90000.0,"q":47.05,"b":0.0,"ms":9.4,"wi":57.75,"ei":13.23,"as":229.8,"mi":"E","mv":4255,"sc":1,"lpe":90.6,"lpr":16789.26,"lq":1.0,"d":1249711},{"pi":"2546","pc":"Ювелирные изделия","ss":100000,"td":"Фешенебельный район","dc":3,"n":540.11,"vc":"41383","sl":"Элитный","sv":"1","p":350000.0,"q":42.48,"b":5.8,"ms":0.85,"wi":10.58,"ei":2.56,"as":108.64,"mi":"E","mv":117,"sc":1,"lpe":99.15,"lpr":20924.42,"lq":1.0,"d":293578},{"pi":"2546","pc":"Ювелирные изделия","ss":100000,"td":"Фешенебельный район","dc":5,"n":9.5,"vc":"209","sl":"Элитный","sv":"1","p":548478.81,"q":14.66,"b":0.0,"ms":1.0,"wi":22.5,"ei":6.7,"as":162.61,"mi":"E","mv":100,"sc":1,"lpe":99.0,"lpr":96530.28,"lq":1.0,"d":173036},{"pi":"2546","pc":"Ювелирные изделия","ss":1000,"td":"Фешенебельный район","dc":1,"n":484.6,"vc":"1226","sl":"Элитный","sv":"60","p":250000.0,"q":47.05,"b":0.0,"ms":19.48,"wi":54.47,"ei":12.32,"as":330.1,"mi":"E","mv":308,"sc":1,"lpe":80.52,"lpr":195205.34,"lq":32.95,"d":627060},{"pi":"2546","pc":"Ювелирные изделия","ss":1000,"td":"Фешенебельный район","dc":3,"n":461.48,"vc":"592","sl":"Очень высокий","sv":"2","p":750000.0,"q":41.29,"b":0.0,"ms":1.98,"wi":28.12,"ei":11.75,"as":312.51,"mi":"E","mv":101,"sc":1,"lpe":98.02,"lpr":90508.2,"lq":1.0,"d":145969},{"pi":"2546","pc":"Ювелирные изделия","ss":100000,"td":"Фешенебельный район","dc":2,"n":544.48,"vc":"42282","sl":"Элитный","sv":"10","p":100000.0,"q":43.92,"b":5.8,"ms":9.35,"wi":10.46,"ei":2.52,"as":116.6,"mi":"E","mv":107,"sc":1,"lpe":90.65,"lpr":16144.2,"lq":1.0,"d":276852},{"pi":"2546","pc":"Ювелирные изделия","ss":100000,"td":"Фешенебельный район","dc":2,"n":402.9,"vc":"21710","sl":"Элитный","sv":"1","p":1000000.0,"q":41.89,"b":5.8,"ms":0.31,"wi":10.72,"ei":3.3,"as":64.26,"mi":"E","mv":326,"sc":1,"lpe":99.69,"lpr":58316.87,"lq":1.0,"d":2015710},{"pi":"2546","pc":"Ювелирные изделия","ss":10000,"td":"Фешенебельный район","dc":1,"n":323.43,"vc":"1370","sl":"Элитный","sv":"1","p":1300000.0,"q":41.36,"b":0.0,"ms":0.71,"wi":38.53,"ei":11.77,"as":195.48,"mi":"E","mv":141,"sc":1,"lpe":99.29,"lpr":400930.33,"lq":1.0,"d":589980},{"pi":"2546","pc":"Ювелирные изделия","ss":100000,"td":"Центр города","dc":1,"n":490.42,"vc":"257756","sl":"Элитный","sv":"27","p":1300000.0,"q":39.15,"b":0.27,"ms":8.11,"wi":85.73,"ei":9.58,"as":1016.36,"mi":"E","mv":333,"sc":1,"lpe":91.89,"lpr":109171.14,"lq":1.0,"d":1011575},{"pi":"2546","pc":"Ювелирные изделия","ss":10000,"td":"Спальный район","dc":1,"n":519.17,"vc":"23992","sl":"Элитный","sv":"3","p":1200000.0,"q":41.25,"b":0.0,"ms":1.88,"wi":54.04,"ei":9.7,"as":763.99,"mi":"E","mv":160,"sc":1,"lpe":98.13,"lpr":128822.52,"lq":1.0,"d":431562},{"pi":"2546","pc":"Ювелирные изделия","ss":100000,"td":"Фешенебельный район","dc":2,"n":472.58,"vc":"49994","sl":"Элитный","sv":"10","p":1000000.0,"q":43.92,"b":3.91,"ms":1.14,"wi":101.65,"ei":9.63,"as":1310.12,"mi":"E","mv":879,"sc":1,"lpe":98.86,"lpr":238023.78,"lq":1.0,"d":1011386},{"pi":"2546","pc":"Ювелирные изделия","ss":100000,"td":"Центр города","dc":6,"n":543.11,"vc":"427378","sl":"Низкий","sv":"112","p":496721.81,"q":13.84,"b":0.0,"ms":27.86,"wi":119.43,"ei":9.61,"as":1300.02,"mi":"E","mv":402,"sc":2,"lpe":69.65,"lpr":216688.45,"lq":11.51,"d":944174},{"pi":"2546","pc":"Ювелирные изделия","ss":100000,"td":"Фешенебельный район","dc":2,"n":610.93,"vc":"184596","sl":"Элитный","sv":"10","p":500000.0,"q":43.92,"b":3.91,"ms":2.49,"wi":119.43,"ei":9.61,"as":1300.02,"mi":"E","mv":402,"sc":2,"lpe":69.65,"lpr":216688.45,"lq":11.51,"d":944174},{"pi":"2546","pc":"Ювелирные изделия","ss":100000,"td":"Фешенебельный район","dc":2,"n":475.36,"vc":"53991","sl":"Элитный","sv":"25","p":1000000.0,"q":43.92,"b":3.91,"ms":5.32,"wi":149.8,"ei":10.5,"as":2028.6,"mi":"E","mv":470,"sc":1,"lpe":94.68,"lpr":497662.21,"lq":1.0,"d":1167470},{"pi":"2546","pc":"Ювелирные изделия","ss":100000,"td":"Фешенебельный район","dc":1,"n":691.0,"vc":"133244","sl":"Элитный","sv":"22","p":200000.0,"q":47.0,"b":0.0,"ms":21.15,"wi":34.18,"ei":9.16,"as":412.47,"mi":"E","mv":104,"sc":1,"lpe":78.85,"lpr":14914.75,"lq":19.14,"d":131326},{"pi":"2546","pc":"Ювелирные изделия","ss":100000,"td":"Фешенебельный район","dc":1,"n":620.55,"vc":"323470","sl":"Элитный","sv":"513","p":150000.0,"q":46.85,"b":0.0,"ms":27.42,"wi":47.73,"ei":6.08,"as":289.96,"mi":"E","mv":1871,"sc":1,"lpe":72.58,"lpr":14099.24,"lq":16.49,"d":3600000},{"pi":"2546","pc":"Ювелирные изделия","ss":10000,"td":"Фешенебельный район","dc":1,"n":639.16,"vc":"30752","sl":"Очень высокий","sv":"437","p":80000.0,"q":46.36,"b":0.0,"ms":44.41,"wi":41.13,"ei":3.97,"as":235.11,"mi":"E","mv":984,"sc":1,"lpe":55.59,"lpr":12320.12,"lq":32.01,"d":1700000},{"pi":"2546","pc":"Ювелирные изделия","ss":100000,"td":"Фешенебельный район","dc":2,"n":613.56,"vc":"151028","sl":"Элитный","sv":"6","p":500000.0,"q":43.74,"b":5.19,"ms":2.05,"wi":25.7,"ei":4.85,"as":333.07,"mi":"E","mv":293,"sc":1,"lpe":97.95,"lpr":29905.76,"lq":1.0,"d":1576916},{"pi":"2546","pc":"Ювелирные изделия","ss":10000,"td":"Фешенебельный район","dc":1,"n":573.31,"vc":"5556","sl":"Элитный","sv":"1","p":2000000.0,"q":38.92,"b":0.0,"ms":1.52,"wi":64.83,"ei":9.54,"as":1256.81,"mi":"E","mv":66,"sc":1,"lpe":98.48,"lpr":154558.19,"lq":1.0,"d":229028},{"pi":"2546","pc":"Ювелирные изделия","ss":10000,"td":"Фешенебельный район","dc":1,"n":620.15,"vc":"25328","sl":"Элитный","sv":"69","p":300000.0,"q":46.1,"b":0.0,"ms":10.45,"wi":15.13,"ei":7.39,"as":79.72,"mi":"E","mv":660,"sc":1,"lpe":89.55,"lpr":29991.82,"lq":10.9,"d":1459242},{"pi":"2546","pc":"Ювелирные изделия","ss":300000,"td":"Фешенебельный район","dc":9,"n":477.82,"vc":"136343","sl":"Элитный","sv":"28","p":1141318.8,"q":24.82,"b":0.0,"ms":1.63,"wi":51.27,"ei":6.64,"as":370.86,"mi":"E","mv":1716,"sc":2,"lpe":97.79,"lpr":267887.28,"lq":1.0,"d":4700000},{"pi":"2546","pc":"Ювелирные изделия","ss":10000,"td":"Фешенебельный район","dc":1,"n":205.34,"vc":"1183","sl":"Элитный","sv":"10","p":1063589.31,"q":43.3,"b":0.0,"ms":0.58,"wi":51.27,"ei":6.64,"as":370.86,"mi":"E","mv":1716,"sc":2,"lpe":97.79,"lpr":267887.28,"lq":1.0,"d":4700000},{"pi":"2546","pc":"Ювелирные изделия","ss":10000,"td":"Спальный район","dc":1,"n":423.72,"vc":"9154","sl":"Элитный","sv":"2","p":900000.0,"q":38.66,"b":0.0,"ms":1.83,"wi":41.01,"ei":9.53,"as":689.29,"mi":"E","mv":109,"sc":1,"lpe":98.17,"lpr":103433.43,"lq":1.0,"d":162134},{"pi":"2546","pc":"Ювелирные изделия","ss":100000,"td":"Фешенебельный район","dc":1,"n":627.76,"vc":"348178","sl":"Элитный","sv":"249","p":1100000.0,"q":46.3,"b":0.0,"ms":15.12,"wi":187.03,"ei":10.4,"as":1951.81,"mi":"E","mv":1647,"sc":3,"lpe":84.09,"lpr":155223.69,"lq":16.38,"d":3644912},{"pi":"2546","pc":"Ювелирные изделия","ss":100000,"td":"Фешенебельный район","dc":2,"n":0.0,"vc":"555","sl":"Элитный","sv":"8","p":63347.1,"q":14.96,"b":0.0,"ms":0.49,"wi":187.03,"ei":10.4,"as":1951.81,"mi":"E","mv":1647,"sc":3,"lpe":84.09,"lpr":155223.69,"lq":16.38,"d":3644912},{"pi":"2546","pc":"Ювелирные изделия","ss":100000,"td":"Центр города","dc":2,"n":350.69,"vc":"161688","sl":"Элитный","sv":"5","p":84823.15,"q":13.84,"b":0.0,"ms":0.3,"wi":187.03,"ei":10.4,"as":1951.81,"mi":"E","mv":1647,"sc":3,"lpe":84.09,"lpr":155223.69,"lq":16.38,"d":3644912},{"pi":"2546","pc":"Ювелирные изделия","ss":100000,"td":"Фешенебельный район","dc":1,"n":665.59,"vc":"480534","sl":"Очень высокий","sv":"194","p":380000.0,"q":46.31,"b":0.0,"ms":18.23,"wi":67.25,"ei":7.32,"as":515.94,"mi":"E","mv":1064,"sc":1,"lpe":81.77,"lpr":39026.57,"lq":14.87,"d":3236177},{"pi":"2546","pc":"Ювелирные изделия","ss":100000,"td":"Центр города","dc":1,"n":487.14,"vc":"213514","sl":"Элитный","sv":"124","p":266000.0,"q":12.64,"b":0.0,"ms":24.65,"wi":63.23,"ei":7.28,"as":458.84,"mi":"E","mv":503,"sc":1,"lpe":75.35,"lpr":58264.07,"lq":8.88,"d":605030},{"pi":"2546","pc":"Ювелирные изделия","ss":100000,"td":"Центр города","dc":4,"n":380.48,"vc":"60301","sl":"Элитный","sv":"20","p":850000.0,"q":32.37,"b":4.57,"ms":10.99,"wi":89.13,"ei":9.82,"as":631.89,"mi":"E","mv":182,"sc":1,"lpe":89.01,"lpr":271427.62,"lq":22.68,"d":305851},{"pi":"2546","pc":"Ювелирные изделия","ss":10000,"td":"Центр города","dc":1,"n":455.57,"vc":"58742","sl":"Высокий","sv":"1","p":9900000.0,"q":41.79,"b":4.78,"ms":0.46,"wi":50.78,"ei":10.72,"as":342.0,"mi":"E","mv":219,"sc":1,"lpe":99.54,"lpr":704588.18,"lq":1.0,"d":2313300},{"pi":"2546","pc":"Ювелирные изделия","ss":100000,"td":"Фешенебельный район","dc":1,"n":627.85,"vc":"455568","sl":"Очень высокий","sv":"2305","p":120000.0,"q":47.05,"b":4.11,"ms":28.6,"wi":67.81,"ei":5.0,"as":684.87,"mi":"E","mv":8060,"sc":1,"lpe":71.4,"lpr":42023.82,"lq":15.13,"d":7837160},{"pi":"2546","pc":"Ювелирные изделия","ss":100000,"td":"Фешенебельный район","dc":2,"n":496.47,"vc":"48195","sl":"Элитный","sv":"5","p":1000000.0,"q":42.26,"b":4.97,"ms":1.79,"wi":27.42,"ei":5.25,"as":333.2,"mi":"E","mv":279,"sc":1,"lpe":98.21,"lpr":102731.54,"lq":1.0,"d":1504920},{"pi":"2546","pc":"Ювелирные изделия","ss":100000,"td":"Фешенебельный район","dc":2,"n":432.35,"vc":"23605","sl":"Элитный","sv":"1","p":1000000.0,"q":39.66,"b":4.97,"ms":0.39,"wi":25.7,"ei":5.63,"as":284.51,"mi":"E","mv":258,"sc":1,"lpe":99.61,"lpr":119908.35,"lq":1.0,"d":1284518},{"pi":"2546","pc":"Ювелирные изделия","ss":100000,"td":"Фешенебельный район","dc":3,"n":548.15,"vc":"61484","sl":"Элитный","sv":"1","p":1500000.0,"q":37.69,"b":5.09,"ms":1.18,"wi":15.99,"ei":3.77,"as":279.03,"mi":"E","mv":85,"sc":1,"lpe":98.82,"lpr":88553.6,"lq":1.0,"d":229041},{"pi":"2546","pc":"Ювелирные изделия","ss":100000,"td":"Фешенебельный район","dc":3,"n":552.95,"vc":"62958","sl":"Элитный","sv":"4","p":1500000.0,"q":36.68,"b":5.09,"ms":5.8,"wi":22.46,"ei":3.32,"as":227.14,"mi":"E","mv":69,"sc":1,"lpe":94.2,"lpr":94893.41,"lq":1.0,"d":219565},{"pi":"2546","pc":"Ювелирные изделия","ss":10000,"td":"Центр города","dc":1,"n":335.54,"vc":"10132","sl":"Элитный","sv":"15","p":1000000.0,"q":32.37,"b":3.24,"ms":14.56,"wi":53.05,"ei":7.94,"as":430.69,"mi":"E","mv":103,"sc":1,"lpe":85.44,"lpr":219919.39,"lq":22.88,"d":613916},{"pi":"2546","pc":"Ювелирные изделия","ss":100000,"td":"Фешенебельный район","dc":1,"n":678.7,"vc":"356157","sl":"Элитный","sv":"124","p":500000.0,"q":46.39,"b":0.0,"ms":40.52,"wi":182.17,"ei":9.94,"as":1758.03,"mi":"E","mv":306,"sc":1,"lpe":59.48,"lpr":52361.21,"lq":32.19,"d":959467},{"pi":"2546","pc":"Ювелирные изделия","ss":100000,"td":"Центр города","dc":1,"n":502.3,"vc":"638298","sl":"Очень высокий","sv":"521","p":300000.0,"q":32.41,"b":4.15,"ms":4.36,"wi":27.62,"ei":6.85,"as":110.71,"mi":"E","mv":11958,"sc":1,"lpe":95.64,"lpr":29939.48,"lq":1.0,"d":9113688},{"pi":"2546","pc":"Ювелирные изделия","ss":100000,"td":"Фешенебельный район","dc":1,"n":484.99,"vc":"64034","sl":"Элитный","sv":"237","p":600000.0,"q":36.46,"b":4.15,"ms":8.3,"wi":24.25,"ei":10.6,"as":108.15,"mi":"E","mv":2855,"sc":1,"lpe":91.7,"lpr":63067.18,"lq":1.0,"d":4645810},{"pi":"2546","pc":"Ювелирные изделия","ss":100000,"td":"Фешенебельный район","dc":1,"n":503.34,"vc":"141880","sl":"Элитный","sv":"4144","p":100000.0,"q":46.95,"b":4.82,"ms":45.11,"wi":77.84,"ei":9.4,"as":711.83,"mi":"E","mv":9187,"sc":1,"lpe":54.89,"lpr":15280.75,"lq":31.83,"d":8555500},{"pi":"2546","pc":"Ювелирные изделия","ss":100000,"td":"Фешенебельный район","dc":1,"n":664.67,"vc":"375216","sl":"Элитный","sv":"245","p":200000.0,"q":46.2,"b":4.82,"ms":41.81,"wi":81.08,"ei":10.28,"as":520.63,"mi":"E","mv":586,"sc":1,"lpe":58.19,"lpr":29025.19,"lq":32.15,"d":1637234},{"pi":"2546","pc":"Ювелирные изделия","ss":100000,"td":"Фешенебельный район","dc":5,"n":408.84,"vc":"22299","sl":"Элитный","sv":"3","p":3500000.0,"q":42.29,"b":4.57,"ms":0.46,"wi":85.91,"ei":9.87,"as":507.96,"mi":"E","mv":651,"sc":1,"lpe":99.54,"lpr":308534.2,"lq":1.0,"d":1848088},{"pi":"2546","pc":"Ювелирные изделия","ss":100000,"td":"Фешенебельный район","dc":1,"n":684.41,"vc":"288628","sl":"Элитный","sv":"66","p":130000.0,"q":46.01,"b":5.04,"ms":26.83,"wi":41.2,"ei":8.39,"as":244.7,"mi":"E","mv":246,"sc":1,"lpe":73.17,"lpr":10082.05,"lq":31.94,"d":449754},{"pi":"2546","pc":"Ювелирные изделия","ss":100000,"td":"Фешенебельный район","dc":1,"n":647.14,"vc":"191103","sl":"Элитный","sv":"88","p":400000.0,"q":46.0,"b":0.0,"ms":36.21,"wi":116.79,"ei":9.79,"as":1808.05,"mi":"E","mv":243,"sc":1,"lpe":63.79,"lpr":41233.6,"lq":32.08,"d":1228032},{"pi":"2546","pc":"Ювелирные изделия","ss":100000,"td":"Фешенебельный район","dc":1,"n":677.96,"vc":"433599","sl":"Элитный","sv":"131","p":500000.0,"q":46.32,"b":0.0,"ms":57.96,"wi":124.59,"ei":9.54,"as":1713.73,"mi":"D","mv":226,"sc":1,"lpe":42.04,"lpr":49701.7,"lq":34.29,"d":1717617},{"pi":"2546","pc":"Ювелирные изделия","ss":100000,"td":"Фешенебельный район","dc":1,"n":684.12,"vc":"443182","sl":"Элитный","sv":"429","p":70000.0,"q":46.89,"b":6.22,"ms":43.42,"wi":51.84,"ei":8.95,"as":408.41,"mi":"E","mv":988,"sc":1,"lpe":56.58,"lpr":6920.46,"lq":29.21,"d":1543768},{"pi":"2546","pc":"Ювелирные изделия","ss":100000,"td":"Фешенебельный район","dc":1,"n":527.88,"vc":"146342","sl":"Элитный","sv":"371","p":1000000.0,"q":46.64,"b":0.0,"ms":31.41,"wi":174.28,"ei":10.49,"as":2111.62,"mi":"E","mv":1181,"sc":1,"lpe":68.59,"lpr":117804.17,"lq":33.01,"d":4762572},{"pi":"2546","pc":"Ювелирные изделия","ss":10000,"td":"Фешенебельный район","dc":1,"n":668.18,"vc":"26096","sl":"Элитный","sv":"33","p":400000.0,"q":46.25,"b":0.0,"ms":7.73,"wi":51.63,"ei":9.78,"as":374.74,"mi":"E","mv":427,"sc":1,"lpe":92.27,"lpr":38493.91,"lq":7.59,"d":575941},{"pi":"2546","pc":"Ювелирные изделия","ss":100000,"td":"Фешенебельный район","dc":2,"n":472.68,"vc":"45952","sl":"Элитный","sv":"100","p":1500000.0,"q":43.92,"b":4.8,"ms":3.63,"wi":116.8,"ei":9.19,"as":733.47,"mi":"E","mv":2757,"sc":1,"lpe":96.37,"lpr":434101.53,"lq":1.0,"d":2524834},{"pi":"2546","pc":"Ювелирные изделия","ss":100000,"td":"Фешенебельный район","dc":3,"n":477.53,"vc":"35043","sl":"Элитный","sv":"75","p":1000000.0,"q":43.92,"b":4.8,"ms":4.88,"wi":114.87,"ei":8.33,"as":568.25,"mi":"E","mv":1538,"sc":1,"lpe":95.12,"lpr":314524.71,"lq":1.0,"d":1018846},{"pi":"2546","pc":"Ювелирные изделия","ss":100000,"td":"Центр города","dc":1,"n":423.55,"vc":"526330","sl":"Очень высокий","sv":"2269","p":75000.0,"q":44.78,"b":0.0,"ms":10.66,"wi":35.98,"ei":8.28,"as":251.65,"mi":"E","mv":21295,"sc":3,"lpe":86.39,"lpr":56188.51,"lq":4.26,"d":14352508},{"pi":"2546","pc":"Ювелирные изделия","ss":100000,"td":"Центр города","dc":1,"n":170.72,"vc":"30858","sl":"Элитный","sv":"600","p":129000.0,"q":12.75,"b":0.22,"ms":2.82,"wi":35.98,"ei":8.28,"as":251.65,"mi":"E","mv":21295,"sc":3,"lpe":86.39,"lpr":56188.51,"lq":4.26,"d":14352508},{"pi":"2546","pc":"Ювелирные изделия","ss":100000,"td":"Фешенебельный район","dc":3,"n":526.98,"vc":"213448","sl":"Очень высокий","sv":"30","p":750000.0,"q":41.53,"b":2.97,"ms":0.14,"wi":35.98,"ei":8.28,"as":251.65,"mi":"E","mv":21295,"sc":3,"lpe":86.39,"lpr":56188.51,"lq":4.26,"d":14352508},{"pi":"2546","pc":"Ювелирные изделия","ss":100000,"td":"Фешенебельный район","dc":4,"n":623.49,"vc":"87286","sl":"Элитный","sv":"1","p":1000000.0,"q":39.05,"b":1.97,"ms":1.02,"wi":24.44,"ei":2.35,"as":565.23,"mi":"E","mv":98,"sc":1,"lpe":98.98,"lpr":104768.56,"lq":1.0,"d":78672},{"pi":"2546","pc":"Ювелирные изделия","ss":100000,"td":"Фешенебельный район","dc":2,"n":392.32,"vc":"30416","sl":"Элитный","sv":"10","p":500000.0,"q":42.93,"b":1.97,"ms":0.55,"wi":11.57,"ei":3.97,"as":105.73,"mi":"E","mv":1806,"sc":1,"lpe":99.45,"lpr":43052.06,"lq":1.0,"d":6381918},{"pi":"2546","pc":"Ювелирные изделия","ss":10000,"td":"Фешенебельный район","dc":3,"n":622.21,"vc":"6703","sl":"Элитный","sv":"1","p":500000.0,"q":40.89,"b":4.59,"ms":1.0,"wi":13.53,"ei":6.37,"as":213.96,"mi":"E","mv":100,"sc":1,"lpe":99.0,"lpr":33645.61,"lq":1.0,"d":305590},{"pi":"2546","pc":"Ювелирные изделия","ss":100000,"td":"Центр города","dc":5,"n":0.0,"vc":"3570","sl":"Элитный","sv":"13","p":1499742.41,"q":13.84,"b":0.0,"ms":2.29,"wi":151.97,"ei":10.65,"as":2047.83,"mi":"E","mv":567,"sc":1,"lpe":97.71,"lpr":863010.6,"lq":1.0,"d":1034298},{"pi":"2546","pc":"Ювелирные изделия","ss":100000,"td":"Фешенебельный район","dc":2,"n":540.78,"vc":"111867","sl":"Элитный","sv":"5943","p":40000.0,"q":47.05,"b":0.0,"ms":98.1,"wi":39.97,"ei":9.19,"as":127.29,"mi":"D","mv":6058,"sc":1,"lpe":0.0,"lpr":7585.24,"lq":14.73,"d":4940408},{"pi":"2546","pc":"Ювелирные изделия","ss":100000,"td":"Центр города","dc":1,"n":366.16,"vc":"122321","sl":"Элитный","sv":"5","p":3620000.0,"q":12.73,"b":0.39,"ms":1.39,"wi":29.93,"ei":6.58,"as":133.91,"mi":"E","mv":360,"sc":1,"lpe":98.61,"lpr":337464.39,"lq":1.0,"d":3420282},{"pi":"2546","pc":"Ювелирные изделия","ss":100000,"td":"Фешенебельный район","dc":1,"n":597.7,"vc":"125277","sl":"Элитный","sv":"10","p":1000000.0,"q":43.92,"b":4.5,"ms":1.64,"wi":39.35,"ei":7.42,"as":244.05,"mi":"E","mv":609,"sc":1,"lpe":98.36,"lpr":144552.03,"lq":1.0,"d":448642},{"pi":"2546","pc":"Ювелирные изделия","ss":100000,"td":"Фешенебельный район","dc":1,"n":671.91,"vc":"373288","sl":"Элитный","sv":"416","p":200000.0,"q":46.32,"b":0.0,"ms":19.22,"wi":94.35,"ei":19.67,"as":208.3,"mi":"E","mv":2164,"sc":1,"lpe":80.78,"lpr":21807.1,"lq":10.21,"d":1322290},{"pi":"2546","pc":"Ювелирные изделия","ss":100000,"td":"Фешенебельный район","dc":1,"n":553.74,"vc":"78904","sl":"Элитный","sv":"10","p":1000000.0,"q":43.92,"b":4.5,"ms":4.2,"wi":44.35,"ei":8.03,"as":269.45,"mi":"E","mv":238,"sc":1,"lpe":95.8,"lpr":126835.28,"lq":1.0,"d":400694},{"pi":"2546","pc":"Ювелирные изделия","ss":100000,"td":"Фешенебельный район","dc":2,"n":499.15,"vc":"56732","sl":"Элитный","sv":"10","p":2000000.0,"q":43.92,"b":4.5,"ms":3.13,"wi":62.16,"ei":9.62,"as":386.88,"mi":"E","mv":319,"sc":1,"lpe":96.87,"lpr":255534.48,"lq":1.0,"d":699426},{"pi":"2546","pc":"Ювелирные изделия","ss":100000,"td":"Фешенебельный район","dc":1,"n":645.78,"vc":"274348","sl":"Элитный","sv":"151","p":100000.0,"q":46.76,"b":4.87,"ms":13.18,"wi":33.21,"ei":10.36,"as":243.68,"mi":"E","mv":1146,"sc":1,"lpe":86.82,"lpr":7186.33,"lq":3.15,"d":1124408},{"pi":"2546","pc":"Ювелирные изделия","ss":100000,"td":"Фешенебельный район","dc":1,"n":576.63,"vc":"88419","sl":"Элитный","sv":"10","p":1000000.0,"q":43.92,"b":4.5,"ms":4.9,"wi":38.6,"ei":7.09,"as":237.45,"mi":"E","mv":204,"sc":1,"lpe":95.1,"lpr":109057.5,"lq":1.0,"d":295757},{"pi":"2546","pc":"Ювелирные изделия","ss":100000,"td":"Фешенебельный район","dc":1,"n":612.93,"vc":"85034","sl":"Элитный","sv":"2","p":1000000.0,"q":41.72,"b":4.5,"ms":1.11,"wi":18.02,"ei":6.22,"as":177.09,"mi":"E","mv":180,"sc":1,"lpe":98.89,"lpr":57844.06,"lq":1.0,"d":97600},{"pi":"2546","pc":"Ювелирные изделия","ss":100000,"td":"Центр города","dc":2,"n":519.56,"vc":"374322","sl":"Очень высокий","sv":"83","p":150000.0,"q":46.2,"b":4.41,"ms":16.94,"wi":57.36,"ei":6.87,"as":248.17,"mi":"E","mv":490,"sc":1,"lpe":83.06,"lpr":14333.93,"lq":21.24,"d":387702},{"pi":"2546","pc":"Ювелирные изделия","ss":100000,"td":"Центр города","dc":1,"n":517.04,"vc":"452936","sl":"Очень высокий","sv":"65","p":5000000.0,"q":35.11,"b":4.38,"ms":7.25,"wi":95.82,"ei":8.0,"as":376.09,"mi":"E","mv":896,"sc":1,"lpe":92.75,"lpr":424750.32,"lq":1.0,"d":2281564},{"pi":"2546","pc":"Ювелирные изделия","ss":100000,"td":"Центр города","dc":6,"n":0.0,"vc":"1353","sl":"Элитный","sv":"1","p":1323273.22,"q":13.84,"b":0.0,"ms":1.01,"wi":56.51,"ei":6.51,"as":450.12,"mi":"E","mv":99,"sc":1,"lpe":98.99,"lpr":296269.02,"lq":1.0,"d":206000},{"pi":"2546","pc":"Ювелирные изделия","ss":100000,"td":"Центр города","dc":5,"n":327.53,"vc":"43046","sl":"Элитный","sv":"15","p":1418838.33,"q":13.84,"b":0.0,"ms":5.02,"wi":88.01,"ei":6.46,"as":493.9,"mi":"E","mv":299,"sc":1,"lpe":94.98,"lpr":371061.52,"lq":1.0,"d":500000},{"pi":"2546","pc":"Ювелирные изделия","ss":100000,"td":"Центр города","dc":6,"n":221.83,"vc":"16604","sl":"Элитный","sv":"17","p":1410769.21,"q":14.34,"b":0.0,"ms":3.76,"wi":80.34,"ei":6.51,"as":470.38,"mi":"E","mv":452,"sc":1,"lpe":96.24,"lpr":278883.17,"lq":1.0,"d":600000}]