[{"mi":"2403","s":"Алюминий (устар.)","pi":"1471","v":1260000,"q":2.46,"c":78000.26,"tl":2.0,"ir":[{"cn":"Perdogazoff inc.","pi":"1461","ui":"7218505","ci":"15906","ri":"15922","ti":"3033","t":52349958,"r":51980803,"q":3.58,"p":39000.0,"mot":"U","mo":0}],"mwc":300,"ctm":false},{"mi":"2403","s":"Алюминий (устар.)","pi":"1471","v":1260000,"q":2.01,"c":118000.26,"tl":2.0,"ir":[{"cn":"Umbrella","pi":"1461","ui":"8893677","ci":"401798","ri":"401825","ti":"401940","t":2531526,"r":2531526,"q":1.64,"p":59000.0,"mot":"U","mo":0}],"mwc":300,"ctm":false},{"mi":"2403","s":"Алюминий (устар.)","pi":"1471","v":1260000,"q":2.4,"c":199980.26,"tl":2.0,"ir":[{"cn":"Alexmv Ltd.","pi":"1461","ui":"8925180","ci":"401798","ri":"401825","ti":"401940","t":3042004,"r":3042003,"q":2.34,"p":99990.0,"mot":"U","mo":0}],"mwc":300,"ctm":false},{"mi":"2403","s":"Легированный алюминий","pi":"1471","v":1260000,"q":2.71,"c":1.00007800026E9,"tl":2.0,"ir":[{"cn":"Proventus Inc™","pi":"7089","ui":"8723841","ci":"2931","ri":"2961","ti":"2964","t":42334269,"r":42334269,"q":2.42,"p":1.0E9,"mot":"U","mo":0},{"cn":"Perdogazoff inc.","pi":"1461","ui":"7218505","ci":"15906","ri":"15922","ti":"3033","t":52349958,"r":51980803,"q":3.58,"p":39000.0,"mot":"U","mo":0}],"mwc":300,"ctm":false},{"mi":"2403","s":"Легированный алюминий","pi":"1471","v":1260000,"q":2.66,"c":1.00019998026E9,"tl":2.0,"ir":[{"cn":"Proventus Inc™","pi":"7089","ui":"8723841","ci":"2931","ri":"2961","ti":"2964","t":42334269,"r":42334269,"q":2.42,"p":1.0E9,"mot":"U","mo":0},{"cn":"Alexmv Ltd.","pi":"1461","ui":"8925180","ci":"401798","ri":"401825","ti":"401940","t":3042004,"r":3042003,"q":2.34,"p":99990.0,"mot":"U","mo":0}],"mwc":300,"ctm":false},{"mi":"2403","s":"Легированный алюминий","pi":"1471","v":1260000,"q":2.38,"c":1.00011800026E9,"tl":2.0,"ir":[{"cn":"Proventus Inc™","pi":"7089","ui":"8723841","ci":"2931","ri":"2961","ti":"2964","t":42334269,"r":42334269,"q":2.42,"p":1.0E9,"mot":"U","mo":0},{"cn":"Umbrella","pi":"1461","ui":"8893677","ci":"401798","ri":"401825","ti":"401940","t":2531526,"r":2531526,"q":1.64,"p":59000.0,"mot":"U","mo":0}],"mwc":300,"ctm":false},{"mi":"335200","s":"Рыбная мука","pi":"335184","v":105000,"q":2.46,"c":6008.89,"tl":2.0,"ir":[{"cn":"Morrion","pi":"335174","ui":"8246193","ci":"2931","ri":"331858","ti":"2934","t":985635,"r":970635,"q":5.26,"p":1500.0,"mot":"U","mo":0},{"cn":"Anapaog2000 Ltd.","pi":"1482","ui":"9079608","ci":"424181","ri":"424182","ti":"424192","t":139349,"r":136743,"q":2.0,"p":11.5,"mot":"U","mo":0}],"mwc":100,"ctm":false},{"mi":"335200","s":"Рыбная мука","pi":"335184","v":105000,"q":2.46,"c":6015.64,"tl":2.0,"ir":[{"cn":"Morrion","pi":"335174","ui":"8246193","ci":"2931","ri":"331858","ti":"2934","t":985635,"r":970635,"q":5.26,"p":1500.0,"mot":"U","mo":0},{"cn":"Коротков  Т. А. Ltd.","pi":"1482","ui":"9020503","ci":"424181","ri":"424184","ti":"424201","t":183649,"r":167437,"q":3.5,"p":25.0,"mot":"U","mo":0}],"mwc":100,"ctm":false},{"mi":"335200","s":"Рыбная мука","pi":"335184","v":105000,"q":2.46,"c":6015.64,"tl":2.0,"ir":[{"cn":"Morrion","pi":"335174","ui":"8246193","ci":"2931","ri":"331858","ti":"2934","t":985635,"r":970635,"q":5.26,"p":1500.0,"mot":"U","mo":0},{"cn":"Белов И. А. Ltd.","pi":"1482","ui":"9063811","ci":"424181","ri":"424184","ti":"424202","t":119767,"r":119767,"q":2.65,"p":25.0,"mot":"U","mo":0}],"mwc":100,"ctm":false},{"mi":"2403","s":"Легированная сталь (ХГС)","pi":"1480","v":1260000,"q":2.95,"c":5.0007375026E8,"tl":2.0,"ir":[{"cn":"Alexpotemkin999 Ltd.","pi":"1464","ui":"8830685","ci":"424181","ri":"424182","ti":"424187","t":2732112,"r":2653778,"q":1.0,"p":15000.0,"mot":"U","mo":0},{"cn":"KINGSMAN","pi":"1469","ui":"9122020","ci":"2931","ri":"2961","ti":"2964","t":25688847,"r":25688847,"q":3.44,"p":20000.0,"mot":"U","mo":0},{"cn":"Proventus Inc™","pi":"7089","ui":"8723841","ci":"2931","ri":"2961","ti":"2964","t":42334269,"r":42334269,"q":2.42,"p":1.0E9,"mot":"U","mo":0},{"cn":"Perdogazoff inc.","pi":"7088","ui":"8916093","ci":"7060","ri":"7065","ti":"7084","t":8576133,"r":7832606,"q":1.15,"p":55000.0,"mot":"U","mo":0},{"cn":"KINGSMAN","pi":"1466","ui":"9122020","ci":"2931","ri":"2961","ti":"2964","t":3099800,"r":3096800,"q":4.36,"p":50000.0,"mot":"U","mo":0}],"mwc":300,"ctm":false},{"mi":"2403","s":"Легированная сталь (ХГС)","pi":"1480","v":1260000,"q":2.95,"c":5.0007625026E8,"tl":2.0,"ir":[{"cn":"Alexpotemkin999 Ltd.","pi":"1464","ui":"8830685","ci":"424181","ri":"424182","ti":"424187","t":2732112,"r":2653778,"q":1.0,"p":15000.0,"mot":"U","mo":0},{"cn":"KINGSMAN","pi":"1469","ui":"9122020","ci":"2931","ri":"2961","ti":"2964","t":25688847,"r":25688847,"q":3.44,"p":20000.0,"mot":"U","mo":0},{"cn":"Proventus Inc™","pi":"7089","ui":"8723841","ci":"2931","ri":"2961","ti":"2964","t":42334269,"r":42334269,"q":2.42,"p":1.0E9,"mot":"U","mo":0},{"cn":"Олимп Трейд","pi":"7088","ui":"7605426","ci":"7060","ri":"7062","ti":"7075","t":12906810,"r":12906808,"q":1.15,"p":65000.0,"mot":"U","mo":0},{"cn":"KINGSMAN","pi":"1466","ui":"9122020","ci":"2931","ri":"2961","ti":"2964","t":3099800,"r":3096800,"q":4.36,"p":50000.0,"mot":"U","mo":0}],"mwc":300,"ctm":false},{"mi":"2403","s":"Легированная сталь (ХГС)","pi":"1480","v":1260000,"q":2.95,"c":5.0008500026E8,"tl":2.0,"ir":[{"cn":"Alexpotemkin999 Ltd.","pi":"1464","ui":"8830685","ci":"424181","ri":"424182","ti":"424187","t":2732112,"r":2653778,"q":1.0,"p":15000.0,"mot":"U","mo":0},{"cn":"KINGSMAN","pi":"1469","ui":"9122020","ci":"2931","ri":"2961","ti":"2964","t":25688847,"r":25688847,"q":3.44,"p":20000.0,"mot":"U","mo":0},{"cn":"Proventus Inc™","pi":"7089","ui":"8723841","ci":"2931","ri":"2961","ti":"2964","t":42334269,"r":42334269,"q":2.42,"p":1.0E9,"mot":"U","mo":0},{"cn":"investment company of omerta","pi":"7088","ui":"8925851","ci":"2931","ri":"2961","ti":"2964","t":5590720,"r":5588619,"q":2.47,"p":100000.0,"mot":"U","mo":0},{"cn":"KINGSMAN","pi":"1466","ui":"9122020","ci":"2931","ri":"2961","ti":"2964","t":3099800,"r":3096800,"q":4.36,"p":50000.0,"mot":"U","mo":0}],"mwc":300,"ctm":false},{"mi":"423125","s":"Чайник (устар.)","pi":"423118","v":200000,"q":1.0,"c":82951.65,"tl":1.0,"ir":[{"cn":"Seimex Финанс","pi":"1481","ui":"8652764","ci":"401798","ri":"401825","ti":"401940","t":22704850,"r":22684228,"q":1.0,"p":450.0,"mot":"U","mo":0},{"cn":"Alex Inc","pi":"7090","ui":"8218110","ci":"422043","ri":"422044","ti":"422050","t":1090029,"r":1087129,"q":2.38,"p":45000.0,"mot":"U","mo":0},{"cn":"fumity group","pi":"423891","ui":"7920945","ci":"15906","ri":"15922","ti":"15958","t":3335371,"r":3106071,"q":15.32,"p":30000.0,"mot":"U","mo":0}],"mwc":100,"ctm":true},{"mi":"423125","s":"Чайник (устар.)","pi":"423118","v":200000,"q":1.0,"c":82955.2,"tl":1.0,"ir":[{"cn":"Taisei Invest","pi":"1481","ui":"7377270","ci":"422043","ri":"422044","ti":"422051","t":1452050,"r":1452050,"q":1.0,"p":453.55,"mot":"U","mo":0},{"cn":"Alex Inc","pi":"7090","ui":"8218110","ci":"422043","ri":"422044","ti":"422050","t":1090029,"r":1087129,"q":2.38,"p":45000.0,"mot":"U","mo":0},{"cn":"fumity group","pi":"423891","ui":"7920945","ci":"15906","ri":"15922","ti":"15958","t":3335371,"r":3106071,"q":15.32,"p":30000.0,"mot":"U","mo":0}],"mwc":100,"ctm":true},{"mi":"423125","s":"Чайник (устар.)","pi":"423118","v":200000,"q":1.0,"c":85501.65,"tl":1.0,"ir":[{"cn":"Sauma Limited","pi":"1481","ui":"7944568","ci":"422043","ri":"422044","ti":"422047","t":300109,"r":300109,"q":1.0,"p":3000.0,"mot":"U","mo":0},{"cn":"Alex Inc","pi":"7090","ui":"8218110","ci":"422043","ri":"422044","ti":"422050","t":1090029,"r":1087129,"q":2.38,"p":45000.0,"mot":"U","mo":0},{"cn":"fumity group","pi":"423891","ui":"7920945","ci":"15906","ri":"15922","ti":"15958","t":3335371,"r":3106071,"q":15.32,"p":30000.0,"mot":"U","mo":0}],"mwc":100,"ctm":true},{"mi":"423125","s":"Чайник (устар.)","pi":"423118","v":210000,"q":2.46,"c":82951.57,"tl":2.0,"ir":[{"cn":"Seimex Финанс","pi":"1481","ui":"8652764","ci":"401798","ri":"401825","ti":"401940","t":22704850,"r":22684228,"q":1.0,"p":450.0,"mot":"U","mo":0},{"cn":"Alex Inc","pi":"7090","ui":"8218110","ci":"422043","ri":"422044","ti":"422050","t":1090029,"r":1087129,"q":2.38,"p":45000.0,"mot":"U","mo":0},{"cn":"fumity group","pi":"423891","ui":"7920945","ci":"15906","ri":"15922","ti":"15958","t":3335371,"r":3106071,"q":15.32,"p":30000.0,"mot":"U","mo":0}],"mwc":100,"ctm":true},{"mi":"423125","s":"Чайник (устар.)","pi":"423118","v":210000,"q":2.46,"c":82955.12,"tl":2.0,"ir":[{"cn":"Taisei Invest","pi":"1481","ui":"7377270","ci":"422043","ri":"422044","ti":"422051","t":1452050,"r":1452050,"q":1.0,"p":453.55,"mot":"U","mo":0},{"cn":"Alex Inc","pi":"7090","ui":"8218110","ci":"422043","ri":"422044","ti":"422050","t":1090029,"r":1087129,"q":2.38,"p":45000.0,"mot":"U","mo":0},{"cn":"fumity group","pi":"423891","ui":"7920945","ci":"15906","ri":"15922","ti":"15958","t":3335371,"r":3106071,"q":15.32,"p":30000.0,"mot":"U","mo":0}],"mwc":100,"ctm":true},{"mi":"423125","s":"Чайник (устар.)","pi":"423118","v":210000,"q":2.46,"c":85501.57,"tl":2.0,"ir":[{"cn":"Sauma Limited","pi":"1481","ui":"7944568","ci":"422043","ri":"422044","ti":"422047","t":300109,"r":300109,"q":1.0,"p":3000.0,"mot":"U","mo":0},{"cn":"Alex Inc","pi":"7090","ui":"8218110","ci":"422043","ri":"422044","ti":"422050","t":1090029,"r":1087129,"q":2.38,"p":45000.0,"mot":"U","mo":0},{"cn":"fumity group","pi":"423891","ui":"7920945","ci":"15906","ri":"15922","ti":"15958","t":3335371,"r":3106071,"q":15.32,"p":30000.0,"mot":"U","mo":0}],"mwc":100,"ctm":true}]