[{"d":"22.04.2022","r":400.0,"q":1.39,"p":20000.0,"s":[{"cn":"JK empire","ui":"6993402","t":400.0,"r":400.0,"q":1.39,"p":20000.0,"mot":"U","mo":400.0},{"cn":"","ui":"","t":0.0,"r":0.0,"q":0.0,"p":0.0,"mot":"L","mo":0.0}]},{"d":"04.05.2022","r":200.0,"q":1.0,"p":3800.0,"s":[{"cn":"Keleborn Corp.","ui":"7021597","t":200.0,"r":200.0,"q":1.0,"p":3800.0,"mot":"U","mo":200.0},{"cn":"","ui":"","t":0.0,"r":0.0,"q":0.0,"p":0.0,"mot":"L","mo":0.0}]},{"d":"05.05.2022","r":185.0,"q":1.0,"p":3800.0,"s":[{"cn":"Keleborn Corp.","ui":"7021597","t":200.0,"r":185.0,"q":1.0,"p":3800.0,"mot":"U","mo":185.0},{"cn":"","ui":"","t":0.0,"r":0.0,"q":0.0,"p":0.0,"mot":"L","mo":0.0}]},{"d":"06.05.2022","r":370.0,"q":1.34,"p":3800.0,"s":[{"cn":"Keleborn Corp.","ui":"7021597","t":390.0,"r":370.0,"q":1.34,"p":3800.0,"mot":"U","mo":370.0},{"cn":"","ui":"","t":0.0,"r":0.0,"q":0.0,"p":0.0,"mot":"L","mo":0.0}]},{"d":"09.05.2022","r":1.0,"q":3.1,"p":6000.0,"s":[{"cn":"JK empire","ui":"6993402","t":1101.0,"r":1.0,"q":3.1,"p":6000.0,"mot":"U","mo":1.0},{"cn":"","ui":"","t":0.0,"r":0.0,"q":0.0,"p":0.0,"mot":"L","mo":0.0}]},{"d":"10.05.2022","r":56.0,"q":3.77,"p":6000.0,"s":[{"cn":"JK empire","ui":"6993402","t":1156.0,"r":56.0,"q":3.77,"p":6000.0,"mot":"U","mo":56.0},{"cn":"","ui":"","t":0.0,"r":0.0,"q":0.0,"p":0.0,"mot":"L","mo":0.0}]},{"d":"11.05.2022","r":111.0,"q":3.79,"p":6000.0,"s":[{"cn":"JK empire","ui":"6993402","t":1211.0,"r":111.0,"q":3.79,"p":6000.0,"mot":"U","mo":111.0},{"cn":"","ui":"","t":0.0,"r":0.0,"q":0.0,"p":0.0,"mot":"L","mo":0.0}]},{"d":"12.05.2022","r":166.0,"q":3.84,"p":6000.0,"s":[{"cn":"JK empire","ui":"6993402","t":1266.0,"r":166.0,"q":3.84,"p":6000.0,"mot":"U","mo":166.0},{"cn":"","ui":"","t":0.0,"r":0.0,"q":0.0,"p":0.0,"mot":"L","mo":0.0}]},{"d":"13.05.2022","r":221.0,"q":3.88,"p":6000.0,"s":[{"cn":"JK empire","ui":"6993402","t":1321.0,"r":221.0,"q":3.88,"p":6000.0,"mot":"U","mo":221.0},{"cn":"","ui":"","t":0.0,"r":0.0,"q":0.0,"p":0.0,"mot":"L","mo":0.0}]},{"d":"18.05.2022","r":225.0,"q":2.44,"p":3600.0,"s":[{"cn":"Keleborn Corp.","ui":"7021597","t":550.0,"r":225.0,"q":2.44,"p":3600.0,"mot":"U","mo":225.0},{"cn":"","ui":"","t":0.0,"r":0.0,"q":0.0,"p":0.0,"mot":"L","mo":0.0}]},{"d":"23.05.2022","r":1330.0,"q":4.74,"p":5731.13,"s":[{"cn":"JK empire","ui":"6993402","t":2427.0,"r":1181.0,"q":5.01,"p":6000.0,"mot":"U","mo":1181.0},{"cn":"Keleborn Corp.","ui":"7021597","t":546.0,"r":149.0,"q":2.57,"p":3600.0,"mot":"U","mo":149.0},{"cn":"","ui":"","t":0.0,"r":0.0,"q":0.0,"p":0.0,"mot":"L","mo":0.0}]},{"d":"24.05.2022","r":202.0,"q":2.48,"p":2500.0,"s":[{"cn":"Grey Group","ui":"7023959","t":5202.0,"r":202.0,"q":2.48,"p":2500.0,"mot":"U","mo":202.0},{"cn":"","ui":"","t":0.0,"r":0.0,"q":0.0,"p":0.0,"mot":"L","mo":0.0}]},{"d":"25.05.2022","r":6.0,"q":2.61,"p":3600.0,"s":[{"cn":"Keleborn Corp.","ui":"7021597","t":551.0,"r":6.0,"q":2.61,"p":3600.0,"mot":"U","mo":6.0},{"cn":"","ui":"","t":0.0,"r":0.0,"q":0.0,"p":0.0,"mot":"L","mo":0.0}]},{"d":"31.05.2022","r":41.0,"q":2.77,"p":3600.0,"s":[{"cn":"Keleborn Corp.","ui":"7021597","t":588.0,"r":41.0,"q":2.77,"p":3600.0,"mot":"U","mo":41.0},{"cn":"","ui":"","t":0.0,"r":0.0,"q":0.0,"p":0.0,"mot":"L","mo":0.0}]},{"d":"01.06.2022","r":289.0,"q":3.37,"p":3600.0,"s":[{"cn":"Keleborn Corp.","ui":"7021597","t":877.0,"r":289.0,"q":3.37,"p":3600.0,"mot":"U","mo":289.0},{"cn":"","ui":"","t":0.0,"r":0.0,"q":0.0,"p":0.0,"mot":"L","mo":0.0}]},{"d":"02.06.2022","r":47.0,"q":3.43,"p":3600.0,"s":[{"cn":"Keleborn Corp.","ui":"7021597","t":924.0,"r":47.0,"q":3.43,"p":3600.0,"mot":"U","mo":47.0},{"cn":"","ui":"","t":0.0,"r":0.0,"q":0.0,"p":0.0,"mot":"L","mo":0.0}]},{"d":"03.06.2022","r":1.0,"q":5.25,"p":15000.0,"s":[{"cn":"Glukes Ltd.","ui":"7058713","t":194.0,"r":1.0,"q":5.25,"p":15000.0,"mot":"U","mo":1.0},{"cn":"","ui":"","t":0.0,"r":0.0,"q":0.0,"p":0.0,"mot":"L","mo":0.0}]},{"d":"06.06.2022","r":3.0,"q":5.97,"p":15000.0,"s":[{"cn":"Glukes Ltd.","ui":"7058713","t":196.0,"r":3.0,"q":5.97,"p":15000.0,"mot":"U","mo":3.0},{"cn":"","ui":"","t":0.0,"r":0.0,"q":0.0,"p":0.0,"mot":"L","mo":0.0}]},{"d":"07.06.2022","r":1448.0,"q":7.1,"p":6043.51,"s":[{"cn":"JK empire","ui":"6993402","t":2541.0,"r":1441.0,"q":7.11,"p":6000.0,"mot":"U","mo":1441.0},{"cn":"","ui":"","t":203.0,"r":7.0,"q":5.96,"p":15000.0,"mot":"L","mo":7.0}]},{"d":"08.06.2022","r":2.0,"q":5.97,"p":15000.0,"s":[{"cn":"Glukes Ltd.","ui":"7058713","t":205.0,"r":2.0,"q":5.97,"p":15000.0,"mot":"U","mo":2.0},{"cn":"","ui":"","t":0.0,"r":0.0,"q":0.0,"p":0.0,"mot":"L","mo":0.0}]},{"d":"09.06.2022","r":574.0,"q":4.01,"p":4593.03,"s":[{"cn":"Glukes Ltd.","ui":"7058713","t":255.0,"r":50.0,"q":6.01,"p":15000.0,"mot":"U","mo":50.0},{"cn":"Keleborn Corp.","ui":"7021597","t":924.0,"r":524.0,"q":3.82,"p":3600.0,"mot":"U","mo":524.0},{"cn":"","ui":"","t":0.0,"r":0.0,"q":0.0,"p":0.0,"mot":"L","mo":0.0}]},{"d":"14.06.2022","r":14.0,"q":8.4,"p":6714.29,"s":[{"cn":"JK empire","ui":"6993402","t":2549.0,"r":13.0,"q":8.57,"p":6000.0,"mot":"U","mo":13.0},{"cn":"Glukes Ltd.","ui":"7058713","t":382.0,"r":1.0,"q":6.2,"p":16000.0,"mot":"U","mo":1.0},{"cn":"","ui":"","t":0.0,"r":0.0,"q":0.0,"p":0.0,"mot":"L","mo":0.0}]},{"d":"20.06.2022","r":1662.0,"q":6.34,"p":17000.0,"s":[{"cn":"Glukes Ltd.","ui":"7058713","t":1852.0,"r":1662.0,"q":6.34,"p":17000.0,"mot":"U","mo":1662.0},{"cn":"","ui":"","t":0.0,"r":0.0,"q":0.0,"p":0.0,"mot":"L","mo":0.0}]},{"d":"21.06.2022","r":2619.0,"q":6.37,"p":17000.0,"s":[{"cn":"Glukes Ltd.","ui":"7058713","t":2809.0,"r":2619.0,"q":6.37,"p":17000.0,"mot":"U","mo":2619.0},{"cn":"","ui":"","t":0.0,"r":0.0,"q":0.0,"p":0.0,"mot":"L","mo":0.0}]},{"d":"22.06.2022","r":3670.0,"q":6.47,"p":15738.42,"s":[{"cn":"Glukes Ltd.","ui":"7058713","t":3764.0,"r":3574.0,"q":6.38,"p":16000.0,"mot":"U","mo":3574.0},{"cn":"","ui":"","t":2676.0,"r":96.0,"q":9.97,"p":6000.0,"mot":"L","mo":96.0}]},{"d":"23.06.2022","r":4536.0,"q":6.57,"p":16000.0,"s":[{"cn":"Glukes Ltd.","ui":"7058713","t":4726.0,"r":4536.0,"q":6.57,"p":16000.0,"mot":"U","mo":4536.0},{"cn":"","ui":"","t":0.0,"r":0.0,"q":0.0,"p":0.0,"mot":"L","mo":0.0}]},{"d":"24.06.2022","r":7676.0,"q":6.63,"p":15722.77,"s":[{"cn":"mBourg Ltd.","ui":"7089532","t":2128.0,"r":2128.0,"q":6.44,"p":15000.0,"mot":"U","mo":2128.0},{"cn":"Glukes Ltd.","ui":"7058713","t":5738.0,"r":5548.0,"q":6.7,"p":16000.0,"mot":"U","mo":5548.0},{"cn":"","ui":"","t":0.0,"r":0.0,"q":0.0,"p":0.0,"mot":"L","mo":0.0}]},{"d":"27.06.2022","r":11152.0,"q":6.83,"p":15768.83,"s":[{"cn":"mBourg Ltd.","ui":"7089532","t":2578.0,"r":2578.0,"q":6.48,"p":15000.0,"mot":"U","mo":2578.0},{"cn":"Glukes Ltd.","ui":"7058713","t":8764.0,"r":8574.0,"q":6.93,"p":16000.0,"mot":"U","mo":8574.0},{"cn":"","ui":"","t":0.0,"r":0.0,"q":0.0,"p":0.0,"mot":"L","mo":0.0}]},{"d":"28.06.2022","r":12307.0,"q":6.87,"p":15778.34,"s":[{"cn":"mBourg Ltd.","ui":"7089532","t":2728.0,"r":2728.0,"q":6.49,"p":15000.0,"mot":"U","mo":2728.0},{"cn":"Glukes Ltd.","ui":"7058713","t":9769.0,"r":9579.0,"q":6.98,"p":16000.0,"mot":"U","mo":9579.0},{"cn":"","ui":"","t":0.0,"r":0.0,"q":0.0,"p":0.0,"mot":"L","mo":0.0}]},{"d":"29.06.2022","r":13460.0,"q":6.9,"p":15786.18,"s":[{"cn":"mBourg Ltd.","ui":"7089532","t":2878.0,"r":2878.0,"q":6.5,"p":15000.0,"mot":"U","mo":2878.0},{"cn":"Glukes Ltd.","ui":"7058713","t":10772.0,"r":10582.0,"q":7.01,"p":16000.0,"mot":"U","mo":10582.0},{"cn":"","ui":"","t":0.0,"r":0.0,"q":0.0,"p":0.0,"mot":"L","mo":0.0}]},{"d":"30.06.2022","r":11584.0,"q":7.05,"p":16000.0,"s":[{"cn":"Glukes Ltd.","ui":"7058713","t":11774.0,"r":11584.0,"q":7.05,"p":16000.0,"mot":"U","mo":11584.0},{"cn":"","ui":"","t":0.0,"r":0.0,"q":0.0,"p":0.0,"mot":"L","mo":0.0}]},{"d":"01.07.2022","r":15578.0,"q":6.97,"p":15807.81,"s":[{"cn":"mBourg Ltd.","ui":"7089532","t":2994.0,"r":2994.0,"q":6.51,"p":15000.0,"mot":"U","mo":2994.0},{"cn":"Glukes Ltd.","ui":"7058713","t":12774.0,"r":12584.0,"q":7.08,"p":16000.0,"mot":"U","mo":12584.0},{"cn":"","ui":"","t":0.0,"r":0.0,"q":0.0,"p":0.0,"mot":"L","mo":0.0}]},{"d":"04.07.2022","r":5560.0,"q":6.73,"p":13803.24,"s":[{"cn":"Glukes Ltd.","ui":"7058713","t":4765.0,"r":4575.0,"q":7.28,"p":16000.0,"mot":"U","mo":4575.0},{"cn":"Keleborn Corp.","ui":"7021597","t":1385.0,"r":985.0,"q":4.2,"p":3600.0,"mot":"U","mo":985.0},{"cn":"","ui":"","t":0.0,"r":0.0,"q":0.0,"p":0.0,"mot":"L","mo":0.0}]},{"d":"05.07.2022","r":7042.0,"q":6.67,"p":13400.97,"s":[{"cn":"Glukes Ltd.","ui":"7058713","t":5757.0,"r":5566.0,"q":7.33,"p":16000.0,"mot":"U","mo":5566.0},{"cn":"Keleborn Corp.","ui":"7021597","t":1876.0,"r":1476.0,"q":4.2,"p":3600.0,"mot":"U","mo":1476.0},{"cn":"","ui":"","t":0.0,"r":0.0,"q":0.0,"p":0.0,"mot":"L","mo":0.0}]},{"d":"06.07.2022","r":8523.0,"q":6.62,"p":12370.36,"s":[{"cn":"Glukes Ltd.","ui":"7058713","t":6748.0,"r":6557.0,"q":7.35,"p":15000.0,"mot":"U","mo":6557.0},{"cn":"Keleborn Corp.","ui":"7021597","t":2366.0,"r":1966.0,"q":4.2,"p":3600.0,"mot":"U","mo":1966.0},{"cn":"","ui":"","t":0.0,"r":0.0,"q":0.0,"p":0.0,"mot":"L","mo":0.0}]},{"d":"07.07.2022","r":10027.0,"q":6.6,"p":12208.84,"s":[{"cn":"Glukes Ltd.","ui":"7058713","t":7763.0,"r":7572.0,"q":7.38,"p":15000.0,"mot":"U","mo":7572.0},{"cn":"Keleborn Corp.","ui":"7021597","t":2855.0,"r":2455.0,"q":4.2,"p":3600.0,"mot":"U","mo":2455.0},{"cn":"","ui":"","t":0.0,"r":0.0,"q":0.0,"p":0.0,"mot":"L","mo":0.0}]},{"d":"08.07.2022","r":11527.0,"q":6.59,"p":11345.64,"s":[{"cn":"Glukes Ltd.","ui":"7058713","t":8776.0,"r":8585.0,"q":7.4,"p":14000.0,"mot":"U","mo":8585.0},{"cn":"Keleborn Corp.","ui":"7021597","t":3342.0,"r":2942.0,"q":4.21,"p":3600.0,"mot":"U","mo":2942.0},{"cn":"","ui":"","t":0.0,"r":0.0,"q":0.0,"p":0.0,"mot":"L","mo":0.0}]},{"d":"11.07.2022","r":16020.0,"q":6.55,"p":11146.17,"s":[{"cn":"Glukes Ltd.","ui":"7058713","t":11815.0,"r":11624.0,"q":7.43,"p":14000.0,"mot":"U","mo":11624.0},{"cn":"Keleborn Corp.","ui":"7021597","t":4796.0,"r":4396.0,"q":4.21,"p":3600.0,"mot":"U","mo":4396.0},{"cn":"","ui":"","t":0.0,"r":0.0,"q":0.0,"p":0.0,"mot":"L","mo":0.0}]},{"d":"12.07.2022","r":17511.0,"q":6.54,"p":11102.9,"s":[{"cn":"Glukes Ltd.","ui":"7058713","t":12824.0,"r":12633.0,"q":7.44,"p":14000.0,"mot":"U","mo":12633.0},{"cn":"Keleborn Corp.","ui":"7021597","t":5278.0,"r":4878.0,"q":4.21,"p":3600.0,"mot":"U","mo":4878.0},{"cn":"","ui":"","t":0.0,"r":0.0,"q":0.0,"p":0.0,"mot":"L","mo":0.0}]},{"d":"13.07.2022","r":18979.0,"q":6.54,"p":11063.95,"s":[{"cn":"Glukes Ltd.","ui":"7058713","t":13832.0,"r":13621.0,"q":7.45,"p":14000.0,"mot":"U","mo":13621.0},{"cn":"Keleborn Corp.","ui":"7021597","t":5758.0,"r":5358.0,"q":4.21,"p":3600.0,"mot":"U","mo":5358.0},{"cn":"","ui":"","t":0.0,"r":0.0,"q":0.0,"p":0.0,"mot":"L","mo":0.0}]},{"d":"14.07.2022","r":20444.0,"q":6.52,"p":11030.68,"s":[{"cn":"Glukes Ltd.","ui":"7058713","t":14818.0,"r":14607.0,"q":7.45,"p":14000.0,"mot":"U","mo":14607.0},{"cn":"Keleborn Corp.","ui":"7021597","t":6237.0,"r":5837.0,"q":4.21,"p":3600.0,"mot":"U","mo":5837.0},{"cn":"","ui":"","t":0.0,"r":0.0,"q":0.0,"p":0.0,"mot":"L","mo":0.0}]},{"d":"15.07.2022","r":21907.0,"q":6.52,"p":11002.05,"s":[{"cn":"Glukes Ltd.","ui":"7058713","t":15803.0,"r":15592.0,"q":7.46,"p":14000.0,"mot":"U","mo":15592.0},{"cn":"Keleborn Corp.","ui":"7021597","t":6715.0,"r":6315.0,"q":4.21,"p":3600.0,"mot":"U","mo":6315.0},{"cn":"","ui":"","t":0.0,"r":0.0,"q":0.0,"p":0.0,"mot":"L","mo":0.0}]},{"d":"18.07.2022","r":26275.0,"q":6.52,"p":10936.4,"s":[{"cn":"Glukes Ltd.","ui":"7058713","t":18746.0,"r":18535.0,"q":7.48,"p":14000.0,"mot":"U","mo":18535.0},{"cn":"Keleborn Corp.","ui":"7021597","t":8140.0,"r":7740.0,"q":4.22,"p":3600.0,"mot":"U","mo":7740.0},{"cn":"","ui":"","t":0.0,"r":0.0,"q":0.0,"p":0.0,"mot":"L","mo":0.0}]},{"d":"19.07.2022","r":27724.0,"q":6.51,"p":10919.09,"s":[{"cn":"Glukes Ltd.","ui":"7058713","t":19723.0,"r":19511.0,"q":7.48,"p":14000.0,"mot":"U","mo":19511.0},{"cn":"Keleborn Corp.","ui":"7021597","t":8613.0,"r":8213.0,"q":4.22,"p":3600.0,"mot":"U","mo":8213.0},{"cn":"","ui":"","t":0.0,"r":0.0,"q":0.0,"p":0.0,"mot":"L","mo":0.0}]},{"d":"20.07.2022","r":29227.0,"q":6.55,"p":10910.64,"s":[{"cn":"Glukes Ltd.","ui":"7058713","t":20757.0,"r":20545.0,"q":7.53,"p":14000.0,"mot":"U","mo":20545.0},{"cn":"Keleborn Corp.","ui":"7021597","t":9082.0,"r":8682.0,"q":4.22,"p":3600.0,"mot":"U","mo":8682.0},{"cn":"","ui":"","t":0.0,"r":0.0,"q":0.0,"p":0.0,"mot":"L","mo":0.0}]},{"d":"21.07.2022","r":30726.0,"q":6.58,"p":10903.63,"s":[{"cn":"Glukes Ltd.","ui":"7058713","t":21790.0,"r":21578.0,"q":7.58,"p":14000.0,"mot":"U","mo":21578.0},{"cn":"Keleborn Corp.","ui":"7021597","t":9548.0,"r":9148.0,"q":4.21,"p":3600.0,"mot":"U","mo":9148.0},{"cn":"","ui":"","t":0.0,"r":0.0,"q":0.0,"p":0.0,"mot":"L","mo":0.0}]},{"d":"22.07.2022","r":32220.0,"q":6.61,"p":10897.75,"s":[{"cn":"Glukes Ltd.","ui":"7058713","t":22821.0,"r":22609.0,"q":7.63,"p":14000.0,"mot":"U","mo":22609.0},{"cn":"Keleborn Corp.","ui":"7021597","t":10011.0,"r":9611.0,"q":4.21,"p":3600.0,"mot":"U","mo":9611.0},{"cn":"","ui":"","t":0.0,"r":0.0,"q":0.0,"p":0.0,"mot":"L","mo":0.0}]},{"d":"25.07.2022","r":36672.0,"q":6.69,"p":10885.27,"s":[{"cn":"Glukes Ltd.","ui":"7058713","t":25902.0,"r":25689.0,"q":7.76,"p":14000.0,"mot":"U","mo":25689.0},{"cn":"Keleborn Corp.","ui":"7021597","t":11383.0,"r":10983.0,"q":4.2,"p":3600.0,"mot":"U","mo":10983.0},{"cn":"","ui":"","t":0.0,"r":0.0,"q":0.0,"p":0.0,"mot":"L","mo":0.0}]},{"d":"26.07.2022","r":45272.0,"q":6.41,"p":9563.23,"s":[{"cn":"Grey Group","ui":"7023959","t":35025.0,"r":7125.0,"q":4.76,"p":2500.0,"mot":"U","mo":7125.0},{"cn":"Glukes Ltd.","ui":"7058713","t":26925.0,"r":26712.0,"q":7.8,"p":14000.0,"mot":"U","mo":26712.0},{"cn":"Keleborn Corp.","ui":"7021597","t":11835.0,"r":11435.0,"q":4.19,"p":3600.0,"mot":"U","mo":11435.0},{"cn":"","ui":"","t":0.0,"r":0.0,"q":0.0,"p":0.0,"mot":"L","mo":0.0}]},{"d":"27.07.2022","r":58692.0,"q":6.22,"p":8156.94,"s":[{"cn":"Grey Group","ui":"7023959","t":46961.0,"r":19061.0,"q":5.13,"p":2500.0,"mot":"U","mo":19061.0},{"cn":"Glukes Ltd.","ui":"7058713","t":27946.0,"r":27733.0,"q":7.83,"p":14000.0,"mot":"U","mo":27733.0},{"cn":"Keleborn Corp.","ui":"7021597","t":12298.0,"r":11898.0,"q":4.19,"p":3600.0,"mot":"U","mo":11898.0},{"cn":"","ui":"","t":0.0,"r":0.0,"q":0.0,"p":0.0,"mot":"L","mo":0.0}]},{"d":"28.07.2022","r":70259.0,"q":6.14,"p":7396.84,"s":[{"cn":"Grey Group","ui":"7023959","t":57065.0,"r":29165.0,"q":5.27,"p":2500.0,"mot":"U","mo":29165.0},{"cn":"Glukes Ltd.","ui":"7058713","t":28948.0,"r":28735.0,"q":7.87,"p":14000.0,"mot":"U","mo":28735.0},{"cn":"Keleborn Corp.","ui":"7021597","t":12759.0,"r":12359.0,"q":4.19,"p":3600.0,"mot":"U","mo":12359.0},{"cn":"","ui":"","t":0.0,"r":0.0,"q":0.0,"p":0.0,"mot":"L","mo":0.0}]},{"d":"29.07.2022","r":43812.0,"q":6.74,"p":10625.01,"s":[{"cn":"Glukes Ltd.","ui":"7058713","t":29941.0,"r":29728.0,"q":7.9,"p":14000.0,"mot":"U","mo":29728.0},{"cn":"Keleborn Corp.","ui":"7021597","t":13219.0,"r":12819.0,"q":4.19,"p":3600.0,"mot":"U","mo":12819.0},{"cn":"","ui":"","t":29165.0,"r":1265.0,"q":5.27,"p":2500.0,"mot":"L","mo":1265.0}]},{"d":"01.08.2022","r":46897.0,"q":6.83,"p":10853.19,"s":[{"cn":"Glukes Ltd.","ui":"7058713","t":32920.0,"r":32707.0,"q":7.97,"p":14000.0,"mot":"U","mo":32707.0},{"cn":"Keleborn Corp.","ui":"7021597","t":14590.0,"r":14190.0,"q":4.19,"p":3600.0,"mot":"U","mo":14190.0},{"cn":"","ui":"","t":0.0,"r":0.0,"q":0.0,"p":0.0,"mot":"L","mo":0.0}]},{"d":"02.08.2022","r":80731.0,"q":7.19,"p":7497.19,"s":[{"cn":"Grey Group","ui":"7023959","t":60307.0,"r":32407.0,"q":7.71,"p":2500.0,"mot":"U","mo":32407.0},{"cn":"Glukes Ltd.","ui":"7058713","t":33903.0,"r":33680.0,"q":7.99,"p":14000.0,"mot":"U","mo":33680.0},{"cn":"Keleborn Corp.","ui":"7021597","t":15044.0,"r":14644.0,"q":4.19,"p":3600.0,"mot":"U","mo":14644.0},{"cn":"","ui":"","t":0.0,"r":0.0,"q":0.0,"p":0.0,"mot":"L","mo":0.0}]},{"d":"03.08.2022","r":124522.0,"q":7.36,"p":5834.6,"s":[{"cn":"Grey Group","ui":"7023959","t":97713.0,"r":74762.0,"q":7.69,"p":2500.0,"mot":"U","mo":74762.0},{"cn":"Glukes Ltd.","ui":"7058713","t":34886.0,"r":34663.0,"q":8.02,"p":14000.0,"mot":"U","mo":34663.0},{"cn":"Keleborn Corp.","ui":"7021597","t":15497.0,"r":15097.0,"q":4.19,"p":3600.0,"mot":"U","mo":15097.0},{"cn":"","ui":"","t":0.0,"r":0.0,"q":0.0,"p":0.0,"mot":"L","mo":0.0}]},{"d":"04.08.2022","r":163151.0,"q":7.45,"p":5102.75,"s":[{"cn":"Grey Group","ui":"7023959","t":135069.0,"r":112164.0,"q":7.72,"p":2500.0,"mot":"U","mo":112164.0},{"cn":"Glukes Ltd.","ui":"7058713","t":35765.0,"r":35438.0,"q":8.04,"p":14000.0,"mot":"U","mo":35438.0},{"cn":"Keleborn Corp.","ui":"7021597","t":15949.0,"r":15549.0,"q":4.19,"p":3600.0,"mot":"U","mo":15549.0},{"cn":"","ui":"","t":0.0,"r":0.0,"q":0.0,"p":0.0,"mot":"L","mo":0.0}]},{"d":"05.08.2022","r":95783.0,"q":7.26,"p":7044.08,"s":[{"cn":"Grey Group","ui":"7023959","t":121471.0,"r":43466.0,"q":7.72,"p":2500.0,"mot":"U","mo":43466.0},{"cn":"Glukes Ltd.","ui":"7058713","t":36644.0,"r":36317.0,"q":8.06,"p":14000.0,"mot":"U","mo":36317.0},{"cn":"Keleborn Corp.","ui":"7021597","t":16400.0,"r":16000.0,"q":4.19,"p":3600.0,"mot":"U","mo":16000.0},{"cn":"","ui":"","t":0.0,"r":0.0,"q":0.0,"p":0.0,"mot":"L","mo":0.0}]},{"d":"08.08.2022","r":56247.0,"q":6.91,"p":10820.85,"s":[{"cn":"Glukes Ltd.","ui":"7058713","t":39385.0,"r":39053.0,"q":8.11,"p":14000.0,"mot":"U","mo":39053.0},{"cn":"Keleborn Corp.","ui":"7021597","t":17719.0,"r":17194.0,"q":4.2,"p":3600.0,"mot":"U","mo":17194.0},{"cn":"","ui":"","t":0.0,"r":0.0,"q":0.0,"p":0.0,"mot":"L","mo":0.0}]},{"d":"09.08.2022","r":57497.0,"q":6.93,"p":10831.9,"s":[{"cn":"Glukes Ltd.","ui":"7058713","t":40314.0,"r":39982.0,"q":8.13,"p":14000.0,"mot":"U","mo":39982.0},{"cn":"Keleborn Corp.","ui":"7021597","t":18040.0,"r":17515.0,"q":4.2,"p":3600.0,"mot":"U","mo":17515.0},{"cn":"","ui":"","t":0.0,"r":0.0,"q":0.0,"p":0.0,"mot":"L","mo":0.0}]},{"d":"10.08.2022","r":58867.0,"q":6.95,"p":10827.37,"s":[{"cn":"Glukes Ltd.","ui":"7058713","t":41241.0,"r":40909.0,"q":8.15,"p":14000.0,"mot":"U","mo":40909.0},{"cn":"Keleborn Corp.","ui":"7021597","t":18359.0,"r":17958.0,"q":4.2,"p":3600.0,"mot":"U","mo":17958.0},{"cn":"","ui":"","t":0.0,"r":0.0,"q":0.0,"p":0.0,"mot":"L","mo":0.0}]},{"d":"11.08.2022","r":60233.0,"q":6.95,"p":10823.18,"s":[{"cn":"Glukes Ltd.","ui":"7058713","t":42166.0,"r":41834.0,"q":8.16,"p":14000.0,"mot":"U","mo":41834.0},{"cn":"Keleborn Corp.","ui":"7021597","t":18800.0,"r":18399.0,"q":4.2,"p":3600.0,"mot":"U","mo":18399.0},{"cn":"","ui":"","t":0.0,"r":0.0,"q":0.0,"p":0.0,"mot":"L","mo":0.0}]},{"d":"12.08.2022","r":61595.0,"q":6.96,"p":10819.3,"s":[{"cn":"Glukes Ltd.","ui":"7058713","t":43089.0,"r":42757.0,"q":8.18,"p":14000.0,"mot":"U","mo":42757.0},{"cn":"Keleborn Corp.","ui":"7021597","t":19239.0,"r":18838.0,"q":4.2,"p":3600.0,"mot":"U","mo":18838.0},{"cn":"","ui":"","t":0.0,"r":0.0,"q":0.0,"p":0.0,"mot":"L","mo":0.0}]},{"d":"15.08.2022","r":59598.0,"q":7.26,"p":11532.19,"s":[{"cn":"Glukes Ltd.","ui":"7058713","t":45790.0,"r":45456.0,"q":8.22,"p":14000.0,"mot":"U","mo":45456.0},{"cn":"Keleborn Corp.","ui":"7021597","t":17544.0,"r":14142.0,"q":4.19,"p":3600.0,"mot":"U","mo":14142.0},{"cn":"","ui":"","t":0.0,"r":0.0,"q":0.0,"p":0.0,"mot":"L","mo":0.0}]},{"d":"16.08.2022","r":57885.0,"q":7.41,"p":11920.9,"s":[{"cn":"Glukes Ltd.","ui":"7058713","t":46647.0,"r":46313.0,"q":8.22,"p":14000.0,"mot":"U","mo":46313.0},{"cn":"Keleborn Corp.","ui":"7021597","t":14974.0,"r":11572.0,"q":4.19,"p":3600.0,"mot":"U","mo":11572.0},{"cn":"","ui":"","t":0.0,"r":0.0,"q":0.0,"p":0.0,"mot":"L","mo":0.0}]},{"d":"17.08.2022","r":59167.0,"q":7.41,"p":11890.89,"s":[{"cn":"Glukes Ltd.","ui":"7058713","t":47502.0,"r":47168.0,"q":8.23,"p":14000.0,"mot":"U","mo":47168.0},{"cn":"Keleborn Corp.","ui":"7021597","t":12402.0,"r":11999.0,"q":4.19,"p":3600.0,"mot":"U","mo":11999.0},{"cn":"","ui":"","t":0.0,"r":0.0,"q":0.0,"p":0.0,"mot":"L","mo":0.0}]},{"d":"18.08.2022","r":83994.0,"q":7.56,"p":9236.25,"s":[{"cn":"Grey Group","ui":"7023959","t":66559.0,"r":23558.0,"q":7.96,"p":2500.0,"mot":"U","mo":23558.0},{"cn":"Glukes Ltd.","ui":"7058713","t":48355.0,"r":48012.0,"q":8.23,"p":14000.0,"mot":"U","mo":48012.0},{"cn":"Keleborn Corp.","ui":"7021597","t":12827.0,"r":12424.0,"q":4.19,"p":3600.0,"mot":"U","mo":12424.0},{"cn":"","ui":"","t":0.0,"r":0.0,"q":0.0,"p":0.0,"mot":"L","mo":0.0}]},{"d":"19.08.2022","r":106852.0,"q":7.58,"p":7890.19,"s":[{"cn":"Grey Group","ui":"7023959","t":88152.0,"r":45151.0,"q":7.82,"p":2500.0,"mot":"U","mo":45151.0},{"cn":"Glukes Ltd.","ui":"7058713","t":49197.0,"r":48854.0,"q":8.24,"p":14000.0,"mot":"U","mo":48854.0},{"cn":"Keleborn Corp.","ui":"7021597","t":13250.0,"r":12847.0,"q":4.19,"p":3600.0,"mot":"U","mo":12847.0},{"cn":"","ui":"","t":0.0,"r":0.0,"q":0.0,"p":0.0,"mot":"L","mo":0.0}]},{"d":"22.08.2022","r":124374.0,"q":7.59,"p":7390.01,"s":[{"cn":"Grey Group","ui":"7023959","t":101748.0,"r":58733.0,"q":7.83,"p":2500.0,"mot":"U","mo":58733.0},{"cn":"Glukes Ltd.","ui":"7058713","t":51880.0,"r":51537.0,"q":8.26,"p":14000.0,"mot":"U","mo":51537.0},{"cn":"Keleborn Corp.","ui":"7021597","t":14507.0,"r":14104.0,"q":4.18,"p":3600.0,"mot":"U","mo":14104.0},{"cn":"","ui":"","t":0.0,"r":0.0,"q":0.0,"p":0.0,"mot":"L","mo":0.0}]},{"d":"23.08.2022","r":148061.0,"q":7.65,"p":6682.16,"s":[{"cn":"Grey Group","ui":"7023959","t":124151.0,"r":81086.0,"q":7.86,"p":2500.0,"mot":"U","mo":81086.0},{"cn":"Glukes Ltd.","ui":"7058713","t":52799.0,"r":52456.0,"q":8.28,"p":14000.0,"mot":"U","mo":52456.0},{"cn":"Keleborn Corp.","ui":"7021597","t":14922.0,"r":14519.0,"q":4.17,"p":3600.0,"mot":"U","mo":14519.0},{"cn":"","ui":"","t":0.0,"r":0.0,"q":0.0,"p":0.0,"mot":"L","mo":0.0}]},{"d":"24.08.2022","r":171705.0,"q":7.7,"p":6170.33,"s":[{"cn":"Grey Group","ui":"7023959","t":146466.0,"r":103401.0,"q":7.9,"p":2500.0,"mot":"U","mo":103401.0},{"cn":"Glukes Ltd.","ui":"7058713","t":53716.0,"r":53373.0,"q":8.29,"p":14000.0,"mot":"U","mo":53373.0},{"cn":"Keleborn Corp.","ui":"7021597","t":15334.0,"r":14931.0,"q":4.17,"p":3600.0,"mot":"U","mo":14931.0},{"cn":"","ui":"","t":0.0,"r":0.0,"q":0.0,"p":0.0,"mot":"L","mo":0.0}]},{"d":"25.08.2022","r":195258.0,"q":7.74,"p":5783.8,"s":[{"cn":"Grey Group","ui":"7023959","t":168693.0,"r":125628.0,"q":7.93,"p":2500.0,"mot":"U","mo":125628.0},{"cn":"Glukes Ltd.","ui":"7058713","t":54631.0,"r":54288.0,"q":8.3,"p":14000.0,"mot":"U","mo":54288.0},{"cn":"Keleborn Corp.","ui":"7021597","t":15745.0,"r":15342.0,"q":4.16,"p":3600.0,"mot":"U","mo":15342.0},{"cn":"","ui":"","t":0.0,"r":0.0,"q":0.0,"p":0.0,"mot":"L","mo":0.0}]},{"d":"26.08.2022","r":218720.0,"q":7.76,"p":5481.66,"s":[{"cn":"Grey Group","ui":"7023959","t":190832.0,"r":147767.0,"q":7.94,"p":2500.0,"mot":"U","mo":147767.0},{"cn":"Glukes Ltd.","ui":"7058713","t":55545.0,"r":55202.0,"q":8.31,"p":14000.0,"mot":"U","mo":55202.0},{"cn":"Keleborn Corp.","ui":"7021597","t":16154.0,"r":15751.0,"q":4.16,"p":3600.0,"mot":"U","mo":15751.0},{"cn":"","ui":"","t":0.0,"r":0.0,"q":0.0,"p":0.0,"mot":"L","mo":0.0}]},{"d":"29.08.2022","r":288248.0,"q":7.82,"p":4876.0,"s":[{"cn":"Grey Group","ui":"7023959","t":256518.0,"r":213353.0,"q":7.97,"p":2500.0,"mot":"U","mo":213353.0},{"cn":"Glukes Ltd.","ui":"7058713","t":58275.0,"r":57932.0,"q":8.34,"p":14000.0,"mot":"U","mo":57932.0},{"cn":"Keleborn Corp.","ui":"7021597","t":17366.0,"r":16963.0,"q":4.15,"p":3600.0,"mot":"U","mo":16963.0},{"cn":"","ui":"","t":0.0,"r":0.0,"q":0.0,"p":0.0,"mot":"L","mo":0.0}]},{"d":"30.08.2022","r":309160.0,"q":7.79,"p":4750.45,"s":[{"cn":"Grey Group","ui":"7023959","t":276122.0,"r":232957.0,"q":7.92,"p":2500.0,"mot":"U","mo":232957.0},{"cn":"Glukes Ltd.","ui":"7058713","t":59182.0,"r":58839.0,"q":8.35,"p":14000.0,"mot":"U","mo":58839.0},{"cn":"Keleborn Corp.","ui":"7021597","t":17767.0,"r":17364.0,"q":4.14,"p":3600.0,"mot":"U","mo":17364.0},{"cn":"","ui":"","t":0.0,"r":0.0,"q":0.0,"p":0.0,"mot":"L","mo":0.0}]},{"d":"31.08.2022","r":330899.0,"q":7.79,"p":4635.38,"s":[{"cn":"Grey Group","ui":"7023959","t":296558.0,"r":253393.0,"q":7.91,"p":2500.0,"mot":"U","mo":253393.0},{"cn":"Glukes Ltd.","ui":"7058713","t":60087.0,"r":59744.0,"q":8.36,"p":14000.0,"mot":"U","mo":59744.0},{"cn":"Keleborn Corp.","ui":"7021597","t":18165.0,"r":17762.0,"q":4.14,"p":3600.0,"mot":"U","mo":17762.0},{"cn":"","ui":"","t":0.0,"r":0.0,"q":0.0,"p":0.0,"mot":"L","mo":0.0}]},{"d":"01.09.2022","r":352189.0,"q":7.78,"p":4537.02,"s":[{"cn":"Grey Group","ui":"7023959","t":316549.0,"r":273384.0,"q":7.89,"p":2500.0,"mot":"U","mo":273384.0},{"cn":"Glukes Ltd.","ui":"7058713","t":60990.0,"r":60647.0,"q":8.36,"p":14000.0,"mot":"U","mo":60647.0},{"cn":"Keleborn Corp.","ui":"7021597","t":18561.0,"r":18158.0,"q":4.13,"p":3600.0,"mot":"U","mo":18158.0},{"cn":"","ui":"","t":0.0,"r":0.0,"q":0.0,"p":0.0,"mot":"L","mo":0.0}]},{"d":"02.09.2022","r":385718.0,"q":7.78,"p":4387.93,"s":[{"cn":"Grey Group","ui":"7023959","t":348783.0,"r":305618.0,"q":7.88,"p":2500.0,"mot":"U","mo":305618.0},{"cn":"Glukes Ltd.","ui":"7058713","t":61891.0,"r":61548.0,"q":8.37,"p":14000.0,"mot":"U","mo":61548.0},{"cn":"","ui":"","t":18955.0,"r":18552.0,"q":4.13,"p":3600.0,"mot":"L","mo":18552.0}]},{"d":"05.09.2022","r":84024.0,"q":7.43,"p":10793.53,"s":[{"cn":"Glukes Ltd.","ui":"7058713","t":64744.0,"r":64301.0,"q":8.44,"p":13000.0,"mot":"U","mo":64301.0},{"cn":"Keleborn Corp.","ui":"7021597","t":20126.0,"r":19723.0,"q":4.12,"p":3600.0,"mot":"U","mo":19723.0},{"cn":"","ui":"","t":0.0,"r":0.0,"q":0.0,"p":0.0,"mot":"L","mo":0.0}]},{"d":"06.09.2022","r":85290.0,"q":7.44,"p":10783.74,"s":[{"cn":"Glukes Ltd.","ui":"7058713","t":65624.0,"r":65181.0,"q":8.47,"p":13000.0,"mot":"U","mo":65181.0},{"cn":"Keleborn Corp.","ui":"7021597","t":20512.0,"r":20109.0,"q":4.11,"p":3600.0,"mot":"U","mo":20109.0},{"cn":"","ui":"","t":0.0,"r":0.0,"q":0.0,"p":0.0,"mot":"L","mo":0.0}]},{"d":"07.09.2022","r":86524.0,"q":7.46,"p":10773.74,"s":[{"cn":"Glukes Ltd.","ui":"7058713","t":66494.0,"r":66032.0,"q":8.5,"p":13000.0,"mot":"U","mo":66032.0},{"cn":"Keleborn Corp.","ui":"7021597","t":20895.0,"r":20492.0,"q":4.11,"p":3600.0,"mot":"U","mo":20492.0},{"cn":"","ui":"","t":0.0,"r":0.0,"q":0.0,"p":0.0,"mot":"L","mo":0.0}]},{"d":"08.09.2022","r":109178.0,"q":7.59,"p":9143.31,"s":[{"cn":"Grey Group","ui":"7023959","t":64574.0,"r":21417.0,"q":8.09,"p":2500.0,"mot":"U","mo":21417.0},{"cn":"Glukes Ltd.","ui":"7058713","t":67352.0,"r":66890.0,"q":8.52,"p":13000.0,"mot":"U","mo":66890.0},{"cn":"Keleborn Corp.","ui":"7021597","t":21274.0,"r":20871.0,"q":4.1,"p":3600.0,"mot":"U","mo":20871.0},{"cn":"","ui":"","t":0.0,"r":0.0,"q":0.0,"p":0.0,"mot":"L","mo":0.0}]},{"d":"09.09.2022","r":131976.0,"q":7.69,"p":8066.87,"s":[{"cn":"Grey Group","ui":"7023959","t":86142.0,"r":42985.0,"q":8.11,"p":2500.0,"mot":"U","mo":42985.0},{"cn":"Glukes Ltd.","ui":"7058713","t":68207.0,"r":67745.0,"q":8.55,"p":13000.0,"mot":"U","mo":67745.0},{"cn":"Keleborn Corp.","ui":"7021597","t":21649.0,"r":21246.0,"q":4.09,"p":3600.0,"mot":"U","mo":21246.0},{"cn":"","ui":"","t":0.0,"r":0.0,"q":0.0,"p":0.0,"mot":"L","mo":0.0}]},{"d":"12.09.2022","r":153712.0,"q":8.33,"p":7307.51,"s":[{"cn":"Grey Group","ui":"7023959","t":105838.0,"r":82673.0,"q":8.13,"p":2500.0,"mot":"U","mo":82673.0},{"cn":"Glukes Ltd.","ui":"7058713","t":70763.0,"r":70301.0,"q":8.61,"p":13000.0,"mot":"U","mo":70301.0},{"cn":"","ui":"","t":1139.0,"r":738.0,"q":3.87,"p":3600.0,"mot":"L","mo":738.0}]},{"d":"13.09.2022","r":105967.0,"q":8.42,"p":9561.4,"s":[{"cn":"Grey Group","ui":"7023959","t":101882.0,"r":33717.0,"q":8.12,"p":2500.0,"mot":"U","mo":33717.0},{"cn":"Glukes Ltd.","ui":"7058713","t":71611.0,"r":71149.0,"q":8.63,"p":13000.0,"mot":"U","mo":71149.0},{"cn":"","ui":"","t":1502.0,"r":1101.0,"q":3.86,"p":3600.0,"mot":"L","mo":1101.0}]},{"d":"14.09.2022","r":102731.0,"q":8.43,"p":9874.26,"s":[{"cn":"Grey Group","ui":"7023959","t":97539.0,"r":29274.0,"q":8.1,"p":2500.0,"mot":"U","mo":29274.0},{"cn":"Glukes Ltd.","ui":"7058713","t":72458.0,"r":71996.0,"q":8.66,"p":13000.0,"mot":"U","mo":71996.0},{"cn":"","ui":"","t":1862.0,"r":1461.0,"q":3.84,"p":3600.0,"mot":"L","mo":1461.0}]},{"d":"15.09.2022","r":99158.0,"q":8.45,"p":10233.3,"s":[{"cn":"Grey Group","ui":"7023959","t":92871.0,"r":24501.0,"q":8.09,"p":2500.0,"mot":"U","mo":24501.0},{"cn":"Glukes Ltd.","ui":"7058713","t":73302.0,"r":72840.0,"q":8.68,"p":13000.0,"mot":"U","mo":72840.0},{"cn":"","ui":"","t":2218.0,"r":1817.0,"q":3.83,"p":3600.0,"mot":"L","mo":1817.0}]},{"d":"16.09.2022","r":95288.0,"q":8.46,"p":10644.34,"s":[{"cn":"Grey Group","ui":"7023959","t":87812.0,"r":19436.0,"q":8.09,"p":2500.0,"mot":"U","mo":19436.0},{"cn":"Glukes Ltd.","ui":"7058713","t":74145.0,"r":73683.0,"q":8.7,"p":13000.0,"mot":"U","mo":73683.0},{"cn":"","ui":"","t":2570.0,"r":2169.0,"q":3.82,"p":3600.0,"mot":"L","mo":2169.0}]},{"d":"19.09.2022","r":85391.0,"q":8.55,"p":11857.86,"s":[{"cn":"Grey Group","ui":"7023959","t":75185.0,"r":6686.0,"q":8.23,"p":2500.0,"mot":"U","mo":6686.0},{"cn":"Glukes Ltd.","ui":"7058713","t":76360.0,"r":75798.0,"q":8.76,"p":13000.0,"mot":"U","mo":75798.0},{"cn":"","ui":"","t":3458.0,"r":2907.0,"q":3.77,"p":3600.0,"mot":"L","mo":2907.0}]},{"d":"20.09.2022","r":84536.0,"q":8.6,"p":12266.74,"s":[{"cn":"Glukes Ltd.","ui":"7058713","t":77048.0,"r":76486.0,"q":8.78,"p":13000.0,"mot":"U","mo":76486.0},{"cn":"","ui":"","t":77100.0,"r":8050.0,"q":6.86,"p":5299.76,"mot":"L","mo":8050.0}]},{"d":"21.09.2022","r":83301.0,"q":8.61,"p":11600.82,"s":[{"cn":"Glukes Ltd.","ui":"7058713","t":77736.0,"r":77174.0,"q":8.79,"p":12000.0,"mot":"U","mo":77174.0},{"cn":"","ui":"","t":6678.0,"r":6127.0,"q":6.31,"p":6572.81,"mot":"L","mo":6127.0}]},{"d":"22.09.2022","r":81402.0,"q":8.59,"p":11642.75,"s":[{"cn":"Glukes Ltd.","ui":"7058713","t":78502.0,"r":77940.0,"q":8.81,"p":12000.0,"mot":"U","mo":77940.0},{"cn":"","ui":"","t":4013.0,"r":3462.0,"q":3.72,"p":3600.0,"mot":"L","mo":3462.0}]},{"d":"23.09.2022","r":85485.0,"q":8.63,"p":11568.84,"s":[{"cn":"Glukes Ltd.","ui":"7058713","t":79266.0,"r":78704.0,"q":8.83,"p":12000.0,"mot":"U","mo":78704.0},{"cn":"","ui":"","t":7332.0,"r":6781.0,"q":6.29,"p":6564.52,"mot":"L","mo":6781.0}]},{"d":"26.09.2022","r":88225.0,"q":8.69,"p":11581.08,"s":[{"cn":"Glukes Ltd.","ui":"7058713","t":81546.0,"r":80984.0,"q":8.88,"p":12000.0,"mot":"U","mo":80984.0},{"cn":"","ui":"","t":8142.0,"r":7241.0,"q":6.59,"p":6895.9,"mot":"L","mo":7241.0}]},{"d":"27.09.2022","r":89121.0,"q":8.72,"p":11593.21,"s":[{"cn":"Glukes Ltd.","ui":"7058713","t":82302.0,"r":81740.0,"q":8.9,"p":12000.0,"mot":"U","mo":81740.0},{"cn":"","ui":"","t":8282.0,"r":7381.0,"q":6.76,"p":7088.31,"mot":"L","mo":7381.0}]},{"d":"28.09.2022","r":90014.0,"q":8.74,"p":11557.32,"s":[{"cn":"Glukes Ltd.","ui":"7058713","t":83057.0,"r":82495.0,"q":8.91,"p":12000.0,"mot":"U","mo":82495.0},{"cn":"","ui":"","t":8420.0,"r":7519.0,"q":6.93,"p":6700.39,"mot":"L","mo":7519.0}]},{"d":"29.09.2022","r":90896.0,"q":8.77,"p":11566.51,"s":[{"cn":"Glukes Ltd.","ui":"7058713","t":83806.0,"r":83241.0,"q":8.93,"p":12000.0,"mot":"U","mo":83241.0},{"cn":"Met Company Ltd.","ui":"7161140","t":4611.0,"r":4611.0,"q":9.28,"p":9000.0,"mot":"U","mo":4611.0},{"cn":"","ui":"","t":3945.0,"r":3044.0,"q":3.75,"p":3600.0,"mot":"L","mo":3044.0}]},{"d":"30.09.2022","r":91903.0,"q":8.79,"p":11581.61,"s":[{"cn":"Glukes Ltd.","ui":"7058713","t":84554.0,"r":83989.0,"q":8.94,"p":12000.0,"mot":"U","mo":83989.0},{"cn":"Met Company Ltd.","ui":"7161140","t":4905.0,"r":4905.0,"q":9.29,"p":9000.0,"mot":"U","mo":4905.0},{"cn":"","ui":"","t":3915.0,"r":3009.0,"q":3.88,"p":4111.47,"mot":"L","mo":3009.0}]}]