[{"pi":"423743","pc":"Промышленные товары","ss":100000,"td":"Фешенебельный район","dc":1,"n":543.55,"vc":"87856","sl":"Элитный","sv":"500","p":150000.0,"q":39.79,"b":3.65,"ms":0.79,"wi":103.48,"ei":8.05,"as":496.63,"mi":"E","mv":63013,"sc":2,"lpe":98.68,"lpr":30921.27,"lq":1.0,"d":2372220},{"pi":"423743","pc":"Промышленные товары","ss":100000,"td":"Центр города","dc":1,"n":689.34,"vc":"3569666","sl":"Низкий","sv":"333","p":250000.0,"q":43.58,"b":4.99,"ms":0.53,"wi":103.48,"ei":8.05,"as":496.63,"mi":"E","mv":63013,"sc":2,"lpe":98.68,"lpr":30921.27,"lq":1.0,"d":2372220},{"pi":"423743","pc":"Промышленные товары","ss":110000,"td":"Центр города","dc":1,"n":347.39,"vc":"96407","sl":"Очень высокий","sv":"1435","p":145000.0,"q":18.35,"b":3.76,"ms":6.18,"wi":105.98,"ei":4.33,"as":1393.82,"mi":"E","mv":23232,"sc":1,"lpe":93.82,"lpr":26395.08,"lq":1.0,"d":2365228},{"pi":"423743","pc":"Промышленные товары","ss":31000,"td":"Фешенебельный район","dc":1,"n":375.4,"vc":"7566","sl":"Элитный","sv":"1111","p":85000.0,"q":19.11,"b":3.76,"ms":2.71,"wi":142.59,"ei":5.45,"as":1126.91,"mi":"E","mv":40978,"sc":3,"lpe":94.09,"lpr":28483.99,"lq":1.0,"d":2625432},{"pi":"423743","pc":"Промышленные товары","ss":300000,"td":"Фешенебельный район","dc":10,"n":532.12,"vc":"187398","sl":"Очень высокий","sv":"835","p":116600.0,"q":30.29,"b":0.0,"ms":2.04,"wi":142.59,"ei":5.45,"as":1126.91,"mi":"E","mv":40978,"sc":3,"lpe":94.09,"lpr":28483.99,"lq":1.0,"d":2625432},{"pi":"423743","pc":"Промышленные товары","ss":100000,"td":"Центр города","dc":1,"n":376.11,"vc":"122700","sl":"Низкий","sv":"476","p":90000.0,"q":24.44,"b":0.0,"ms":1.16,"wi":142.59,"ei":5.45,"as":1126.91,"mi":"E","mv":40978,"sc":3,"lpe":94.09,"lpr":28483.99,"lq":1.0,"d":2625432},{"pi":"423743","pc":"Промышленные товары","ss":300000,"td":"Фешенебельный район","dc":10,"n":532.12,"vc":"151157","sl":"Элитный","sv":"861","p":74480.0,"q":30.27,"b":0.0,"ms":3.06,"wi":157.61,"ei":4.91,"as":674.19,"mi":"E","mv":28164,"sc":2,"lpe":96.23,"lpr":17781.0,"lq":1.0,"d":1420796},{"pi":"423743","pc":"Промышленные товары","ss":100000,"td":"Фешенебельный район","dc":1,"n":647.2,"vc":"201226","sl":"Элитный","sv":"200","p":100000.0,"q":39.79,"b":4.33,"ms":0.71,"wi":157.61,"ei":4.91,"as":674.19,"mi":"E","mv":28164,"sc":2,"lpe":96.23,"lpr":17781.0,"lq":1.0,"d":1420796},{"pi":"423743","pc":"Промышленные товары","ss":10000,"td":"Центр города","dc":1,"n":361.2,"vc":"27993","sl":"Очень высокий","sv":"12","p":125000.0,"q":32.79,"b":0.0,"ms":0.08,"wi":95.22,"ei":5.36,"as":547.92,"mi":"E","mv":15819,"sc":1,"lpe":99.92,"lpr":14767.72,"lq":1.0,"d":2044121},{"pi":"423743","pc":"Промышленные товары","ss":1300,"td":"Центр города","dc":10,"n":68.34,"vc":"597","sl":"Высокий","sv":"6","p":55000.0,"q":1.01,"b":0.0,"ms":0.09,"wi":108.35,"ei":5.96,"as":777.06,"mi":"E","mv":6607,"sc":1,"lpe":99.91,"lpr":32511.58,"lq":1.0,"d":662024},{"pi":"423743","pc":"Промышленные товары","ss":300000,"td":"Спальный район","dc":10,"n":656.09,"vc":"4999884","sl":"Очень низкий","sv":"1","p":302008.09,"q":31.53,"b":2.5,"ms":0.0,"wi":107.17,"ei":9.22,"as":460.05,"mi":"E","mv":40159,"sc":1,"lpe":100.0,"lpr":29709.69,"lq":1.0,"d":4552020},{"pi":"423743","pc":"Промышленные товары","ss":100000,"td":"Центр города","dc":1,"n":388.09,"vc":"124472","sl":"Очень высокий","sv":"500","p":75000.0,"q":1.0,"b":0.0,"ms":7.03,"wi":46.64,"ei":5.17,"as":357.35,"mi":"E","mv":7117,"sc":2,"lpe":88.86,"lpr":40696.29,"lq":1.2,"d":2260657},{"pi":"423743","pc":"Промышленные товары","ss":300000,"td":"Центр города","dc":10,"n":656.7,"vc":"3739141","sl":"Очень низкий","sv":"293","p":138482.67,"q":32.27,"b":2.5,"ms":4.12,"wi":46.64,"ei":5.17,"as":357.35,"mi":"E","mv":7117,"sc":2,"lpe":88.86,"lpr":40696.29,"lq":1.2,"d":2260657},{"pi":"423743","pc":"Промышленные товары","ss":300000,"td":"Центр города","dc":10,"n":656.71,"vc":"3738301","sl":"Очень низкий","sv":"293","p":142065.36,"q":32.27,"b":2.5,"ms":3.1,"wi":55.16,"ei":10.02,"as":436.87,"mi":"E","mv":9438,"sc":2,"lpe":96.68,"lpr":33242.9,"lq":1.0,"d":3375876},{"pi":"423743","pc":"Промышленные товары","ss":100000,"td":"Центр города","dc":2,"n":426.45,"vc":"269902","sl":"Очень высокий","sv":"20","p":135000.0,"q":18.29,"b":0.0,"ms":0.21,"wi":55.16,"ei":10.02,"as":436.87,"mi":"E","mv":9438,"sc":2,"lpe":96.68,"lpr":33242.9,"lq":1.0,"d":3375876},{"pi":"423743","pc":"Промышленные товары","ss":1000,"td":"Центр города","dc":1,"n":410.67,"vc":"4943","sl":"Нормальный","sv":"500","p":150000.0,"q":39.79,"b":3.65,"ms":1.64,"wi":195.73,"ei":13.21,"as":1026.42,"mi":"E","mv":30434,"sc":2,"lpe":98.1,"lpr":42804.52,"lq":1.0,"d":1564346},{"pi":"423743","pc":"Промышленные товары","ss":1000,"td":"Центр города","dc":1,"n":521.65,"vc":"9242","sl":"Низкий","sv":"78","p":250000.0,"q":25.65,"b":0.0,"ms":0.26,"wi":195.73,"ei":13.21,"as":1026.42,"mi":"E","mv":30434,"sc":2,"lpe":98.1,"lpr":42804.52,"lq":1.0,"d":1564346},{"pi":"423743","pc":"Промышленные товары","ss":1000,"td":"Центр города","dc":1,"n":489.48,"vc":"9036","sl":"Низкий","sv":"638","p":100000.0,"q":32.75,"b":0.033307210031348,"ms":5.13,"wi":141.66,"ei":8.35,"as":929.7,"mi":"E","mv":12433,"sc":2,"lpe":94.06,"lpr":23312.79,"lq":1.0,"d":773308},{"pi":"423743","pc":"Промышленные товары","ss":1000,"td":"Центр города","dc":1,"n":518.45,"vc":"7093","sl":"Нормальный","sv":"100","p":110000.0,"q":39.79,"b":3.65,"ms":0.8,"wi":141.66,"ei":8.35,"as":929.7,"mi":"E","mv":12433,"sc":2,"lpe":94.06,"lpr":23312.79,"lq":1.0,"d":773308},{"pi":"423743","pc":"Промышленные товары","ss":11000,"td":"Центр города","dc":1,"n":433.61,"vc":"25937","sl":"Элитный","sv":"589","p":202788.0,"q":35.14,"b":0.0,"ms":3.91,"wi":113.68,"ei":7.46,"as":854.07,"mi":"E","mv":15074,"sc":1,"lpe":96.09,"lpr":40989.59,"lq":1.0,"d":926586},{"pi":"423743","pc":"Промышленные товары","ss":10000,"td":"Центр города","dc":1,"n":528.45,"vc":"49569","sl":"Очень высокий","sv":"1200","p":165000.0,"q":16.59,"b":0.0,"ms":11.32,"wi":71.91,"ei":10.37,"as":570.37,"mi":"E","mv":10604,"sc":2,"lpe":86.47,"lpr":40989.53,"lq":1.96,"d":3807204},{"pi":"423743","pc":"Промышленные товары","ss":300000,"td":"Центр города","dc":10,"n":698.1,"vc":"5106014","sl":"Очень низкий","sv":"235","p":142604.84,"q":32.27,"b":2.68,"ms":2.22,"wi":71.91,"ei":10.37,"as":570.37,"mi":"E","mv":10604,"sc":2,"lpe":86.47,"lpr":40989.53,"lq":1.96,"d":3807204},{"pi":"423743","pc":"Промышленные товары","ss":200000,"td":"Центр города","dc":10,"n":672.96,"vc":"5225148","sl":"Очень низкий","sv":"293","p":138380.3,"q":32.27,"b":0.0,"ms":1.05,"wi":40.27,"ei":16.95,"as":446.76,"mi":"E","mv":27920,"sc":1,"lpe":98.95,"lpr":19192.51,"lq":1.0,"d":8101493},{"pi":"423743","pc":"Промышленные товары","ss":200000,"td":"Центр города","dc":10,"n":675.3,"vc":"5239497","sl":"Очень низкий","sv":"293","p":138402.3,"q":32.27,"b":0.0,"ms":1.25,"wi":51.34,"ei":17.9,"as":599.08,"mi":"E","mv":23463,"sc":2,"lpe":98.63,"lpr":21914.38,"lq":1.0,"d":5164327},{"pi":"423743","pc":"Промышленные товары","ss":100000,"td":"Центр города","dc":2,"n":488.9,"vc":"397287","sl":"Нормальный","sv":"28","p":200000.0,"q":19.34,"b":0.32,"ms":0.12,"wi":51.34,"ei":17.9,"as":599.08,"mi":"E","mv":23463,"sc":2,"lpe":98.63,"lpr":21914.38,"lq":1.0,"d":5164327},{"pi":"423743","pc":"Промышленные товары","ss":300000,"td":"Центр города","dc":10,"n":635.9,"vc":"4267616","sl":"Очень низкий","sv":"1014","p":179488.75,"q":32.25,"b":2.5,"ms":8.11,"wi":75.57,"ei":10.45,"as":669.35,"mi":"E","mv":12510,"sc":2,"lpe":91.48,"lpr":23790.97,"lq":1.0,"d":1689878},{"pi":"423743","pc":"Промышленные товары","ss":30000,"td":"Центр города","dc":3,"n":395.11,"vc":"48803","sl":"Очень высокий","sv":"52","p":180000.0,"q":15.89,"b":0.0,"ms":0.42,"wi":75.57,"ei":10.45,"as":669.35,"mi":"E","mv":12510,"sc":2,"lpe":91.48,"lpr":23790.97,"lq":1.0,"d":1689878},{"pi":"423743","pc":"Промышленные товары","ss":200000,"td":"Центр города","dc":10,"n":673.11,"vc":"5329270","sl":"Очень низкий","sv":"293","p":138397.18,"q":32.27,"b":0.0,"ms":0.71,"wi":59.03,"ei":13.56,"as":636.12,"mi":"E","mv":40989,"sc":1,"lpe":99.29,"lpr":31645.5,"lq":1.0,"d":4304247},{"pi":"423743","pc":"Промышленные товары","ss":100000,"td":"Центр города","dc":1,"n":436.27,"vc":"200172","sl":"Элитный","sv":"100","p":200000.0,"q":32.73,"b":0.0204,"ms":1.32,"wi":142.5,"ei":9.18,"as":1075.03,"mi":"E","mv":7563,"sc":1,"lpe":98.68,"lpr":33254.01,"lq":1.0,"d":639024},{"pi":"423743","pc":"Промышленные товары","ss":10000,"td":"Центр города","dc":1,"n":537.92,"vc":"35335","sl":"Очень высокий","sv":"100","p":100000.0,"q":39.79,"b":6.69,"ms":4.39,"wi":56.55,"ei":12.44,"as":754.48,"mi":"E","mv":2280,"sc":1,"lpe":95.61,"lpr":9576.57,"lq":1.0,"d":401941},{"pi":"423743","pc":"Промышленные товары","ss":100000,"td":"Центр города","dc":1,"n":465.23,"vc":"228968","sl":"Элитный","sv":"257","p":150000.0,"q":32.76,"b":0.00385214007782101,"ms":5.18,"wi":82.86,"ei":10.94,"as":733.45,"mi":"E","mv":4966,"sc":1,"lpe":94.82,"lpr":22751.17,"lq":1.0,"d":558127},{"pi":"423743","pc":"Промышленные товары","ss":10000,"td":"Центр города","dc":1,"n":452.59,"vc":"27026","sl":"Элитный","sv":"1","p":170000.0,"q":14.23,"b":0.0,"ms":0.02,"wi":51.76,"ei":13.36,"as":891.01,"mi":"E","mv":5185,"sc":1,"lpe":99.98,"lpr":21791.4,"lq":1.0,"d":904587},{"pi":"423743","pc":"Промышленные товары","ss":100000,"td":"Центр города","dc":1,"n":244.28,"vc":"106353","sl":"Элитный","sv":"14497","p":200000.0,"q":32.72,"b":0.205156929019797,"ms":3.03,"wi":83.34,"ei":13.03,"as":696.67,"mi":"E","mv":477916,"sc":6,"lpe":93.42,"lpr":33903.65,"lq":1.0,"d":20489316},{"pi":"423743","pc":"Промышленные товары","ss":300000,"td":"Центр города","dc":1,"n":538.5,"vc":"4089508","sl":"Высокий","sv":"14046","p":165000.0,"q":43.58,"b":4.99,"ms":2.94,"wi":83.34,"ei":13.03,"as":696.67,"mi":"E","mv":477916,"sc":6,"lpe":93.42,"lpr":33903.65,"lq":1.0,"d":20489316},{"pi":"423743","pc":"Промышленные товары","ss":300000,"td":"Фешенебельный район","dc":1,"n":684.38,"vc":"1661584","sl":"Очень высокий","sv":"1600","p":280000.0,"q":44.2,"b":4.61,"ms":0.33,"wi":83.34,"ei":13.03,"as":696.67,"mi":"E","mv":477916,"sc":6,"lpe":93.42,"lpr":33903.65,"lq":1.0,"d":20489316},{"pi":"423743","pc":"Промышленные товары","ss":300000,"td":"Фешенебельный район","dc":1,"n":644.47,"vc":"1132247","sl":"Элитный","sv":"1073","p":280000.0,"q":44.2,"b":4.61,"ms":0.22,"wi":83.34,"ei":13.03,"as":696.67,"mi":"E","mv":477916,"sc":6,"lpe":93.42,"lpr":33903.65,"lq":1.0,"d":20489316},{"pi":"423743","pc":"Промышленные товары","ss":100000,"td":"Фешенебельный район","dc":1,"n":451.27,"vc":"77830","sl":"Элитный","sv":"250","p":150000.0,"q":39.79,"b":3.65,"ms":0.05,"wi":83.34,"ei":13.03,"as":696.67,"mi":"E","mv":477916,"sc":6,"lpe":93.42,"lpr":33903.65,"lq":1.0,"d":20489316},{"pi":"423743","pc":"Промышленные товары","ss":300000,"td":"Центр города","dc":1,"n":423.18,"vc":"900092","sl":"Элитный","sv":"1","p":65239.39,"q":17.52,"b":0.0,"ms":0.0,"wi":83.34,"ei":13.03,"as":696.67,"mi":"E","mv":477916,"sc":6,"lpe":93.42,"lpr":33903.65,"lq":1.0,"d":20489316},{"pi":"423743","pc":"Промышленные товары","ss":100000,"td":"Центр города","dc":1,"n":360.93,"vc":"189650","sl":"Элитный","sv":"6348","p":100000.0,"q":32.72,"b":0.201937618147448,"ms":4.59,"wi":103.05,"ei":7.17,"as":920.55,"mi":"E","mv":138349,"sc":3,"lpe":94.88,"lpr":18608.19,"lq":1.0,"d":4339386},{"pi":"423743","pc":"Промышленные товары","ss":100000,"td":"Фешенебельный район","dc":1,"n":600.24,"vc":"189376","sl":"Элитный","sv":"700","p":120000.0,"q":39.79,"b":3.65,"ms":0.51,"wi":103.05,"ei":7.17,"as":920.55,"mi":"E","mv":138349,"sc":3,"lpe":94.88,"lpr":18608.19,"lq":1.0,"d":4339386},{"pi":"423743","pc":"Промышленные товары","ss":100000,"td":"Фешенебельный район","dc":1,"n":278.16,"vc":"8556","sl":"Элитный","sv":"30","p":120000.0,"q":32.42,"b":1.88,"ms":0.02,"wi":103.05,"ei":7.17,"as":920.55,"mi":"E","mv":138349,"sc":3,"lpe":94.88,"lpr":18608.19,"lq":1.0,"d":4339386},{"pi":"423743","pc":"Промышленные товары","ss":100000,"td":"Центр города","dc":10,"n":674.09,"vc":"1279879","sl":"Очень низкий","sv":"11","p":133000.0,"q":23.43,"b":0.0,"ms":0.24,"wi":29.84,"ei":6.52,"as":203.19,"mi":"E","mv":4625,"sc":1,"lpe":99.76,"lpr":18584.63,"lq":1.0,"d":2231840},{"pi":"423743","pc":"Промышленные товары","ss":1000,"td":"Спальный район","dc":4,"n":260.37,"vc":"1227","sl":"Нормальный","sv":"1","p":133256.0,"q":6.89,"b":0.0,"ms":0.03,"wi":128.78,"ei":7.88,"as":576.92,"mi":"E","mv":3545,"sc":2,"lpe":99.94,"lpr":28996.75,"lq":1.0,"d":249448},{"pi":"423743","pc":"Промышленные товары","ss":400,"td":"Спальный район","dc":1,"n":57.73,"vc":"169","sl":"Элитный","sv":"1","p":99899.0,"q":8.44,"b":0.0,"ms":0.03,"wi":128.78,"ei":7.88,"as":576.92,"mi":"E","mv":3545,"sc":2,"lpe":99.94,"lpr":28996.75,"lq":1.0,"d":249448},{"pi":"423743","pc":"Промышленные товары","ss":600,"td":"Центр города","dc":1,"n":30.72,"vc":"603","sl":"Элитный","sv":"37","p":170000.0,"q":8.95,"b":0.12,"ms":0.27,"wi":162.11,"ei":6.8,"as":607.03,"mi":"E","mv":13666,"sc":6,"lpe":99.58,"lpr":52918.79,"lq":1.0,"d":1036620},{"pi":"423743","pc":"Промышленные товары","ss":1000,"td":"Спальный район","dc":4,"n":145.63,"vc":"720","sl":"Очень высокий","sv":"10","p":145856.0,"q":7.01,"b":0.0,"ms":0.07,"wi":162.11,"ei":6.8,"as":607.03,"mi":"E","mv":13666,"sc":6,"lpe":99.58,"lpr":52918.79,"lq":1.0,"d":1036620},{"pi":"423743","pc":"Промышленные товары","ss":1000,"td":"Пригород","dc":1,"n":131.67,"vc":"355","sl":"Элитный","sv":"4","p":100000.0,"q":5.04,"b":0.0,"ms":0.03,"wi":162.11,"ei":6.8,"as":607.03,"mi":"E","mv":13666,"sc":6,"lpe":99.58,"lpr":52918.79,"lq":1.0,"d":1036620},{"pi":"423743","pc":"Промышленные товары","ss":500,"td":"Фешенебельный район","dc":1,"n":172.0,"vc":"172","sl":"Элитный","sv":"3","p":197395.0,"q":30.4,"b":0.0,"ms":0.02,"wi":162.11,"ei":6.8,"as":607.03,"mi":"E","mv":13666,"sc":6,"lpe":99.58,"lpr":52918.79,"lq":1.0,"d":1036620},{"pi":"423743","pc":"Промышленные товары","ss":600,"td":"Спальный район","dc":1,"n":32.82,"vc":"304","sl":"Элитный","sv":"3","p":99999.0,"q":8.44,"b":0.0,"ms":0.02,"wi":162.11,"ei":6.8,"as":607.03,"mi":"E","mv":13666,"sc":6,"lpe":99.58,"lpr":52918.79,"lq":1.0,"d":1036620},{"pi":"423743","pc":"Промышленные товары","ss":1000,"td":"Центр города","dc":1,"n":131.67,"vc":"888","sl":"Очень высокий","sv":"1","p":180000.0,"q":3.42,"b":0.0,"ms":0.01,"wi":162.11,"ei":6.8,"as":607.03,"mi":"E","mv":13666,"sc":6,"lpe":99.58,"lpr":52918.79,"lq":1.0,"d":1036620},{"pi":"423743","pc":"Промышленные товары","ss":500,"td":"Фешенебельный район","dc":1,"n":674.54,"vc":"1986","sl":"Нормальный","sv":"148","p":145000.0,"q":30.7,"b":6.23,"ms":1.54,"wi":168.18,"ei":6.1,"as":1689.91,"mi":"E","mv":9589,"sc":3,"lpe":96.62,"lpr":18552.92,"lq":1.0,"d":693286},{"pi":"423743","pc":"Промышленные товары","ss":500,"td":"Фешенебельный район","dc":1,"n":674.54,"vc":"1986","sl":"Нормальный","sv":"148","p":145000.0,"q":30.7,"b":6.23,"ms":1.54,"wi":168.18,"ei":6.1,"as":1689.91,"mi":"E","mv":9589,"sc":3,"lpe":96.62,"lpr":18552.92,"lq":1.0,"d":693286},{"pi":"423743","pc":"Промышленные товары","ss":500,"td":"Центр города","dc":1,"n":429.67,"vc":"3752","sl":"Низкий","sv":"28","p":125000.0,"q":32.78,"b":0.0,"ms":0.29,"wi":168.18,"ei":6.1,"as":1689.91,"mi":"E","mv":9589,"sc":3,"lpe":96.62,"lpr":18552.92,"lq":1.0,"d":693286},{"pi":"423743","pc":"Промышленные товары","ss":100000,"td":"Фешенебельный район","dc":1,"n":525.33,"vc":"80381","sl":"Элитный","sv":"1000","p":80000.0,"q":39.79,"b":0.35,"ms":1.75,"wi":86.3,"ei":12.01,"as":561.48,"mi":"E","mv":57249,"sc":2,"lpe":97.38,"lpr":23723.04,"lq":1.0,"d":3090865},{"pi":"423743","pc":"Промышленные товары","ss":200000,"td":"Центр города","dc":4,"n":301.36,"vc":"101814","sl":"Элитный","sv":"500","p":150000.0,"q":16.57,"b":0.0,"ms":0.87,"wi":86.3,"ei":12.01,"as":561.48,"mi":"E","mv":57249,"sc":2,"lpe":97.38,"lpr":23723.04,"lq":1.0,"d":3090865},{"pi":"423743","pc":"Промышленные товары","ss":1000,"td":"Фешенебельный район","dc":1,"n":640.99,"vc":"2534","sl":"Очень высокий","sv":"200","p":100000.0,"q":23.57,"b":0.39,"ms":0.92,"wi":118.42,"ei":12.71,"as":884.15,"mi":"E","mv":21852,"sc":1,"lpe":99.08,"lpr":24947.76,"lq":1.0,"d":2080793},{"pi":"423743","pc":"Промышленные товары","ss":100000,"td":"Фешенебельный район","dc":1,"n":402.2,"vc":"31915","sl":"Элитный","sv":"500","p":250000.0,"q":28.15,"b":3.21,"ms":0.53,"wi":104.62,"ei":8.82,"as":1502.49,"mi":"E","mv":94724,"sc":1,"lpe":99.47,"lpr":53014.12,"lq":1.0,"d":6177988},{"pi":"423743","pc":"Промышленные товары","ss":300000,"td":"Фешенебельный район","dc":10,"n":649.72,"vc":"827271","sl":"Низкий","sv":"235","p":142150.56,"q":32.27,"b":3.06,"ms":0.48,"wi":94.91,"ei":10.67,"as":625.76,"mi":"E","mv":49096,"sc":1,"lpe":99.52,"lpr":42657.12,"lq":1.0,"d":2271510},{"pi":"423743","pc":"Промышленные товары","ss":100000,"td":"Центр города","dc":3,"n":436.5,"vc":"148878","sl":"Очень высокий","sv":"11","p":140000.0,"q":35.19,"b":0.0,"ms":0.13,"wi":49.31,"ei":4.52,"as":222.36,"mi":"E","mv":8659,"sc":1,"lpe":99.87,"lpr":11318.19,"lq":1.0,"d":1487366},{"pi":"423743","pc":"Промышленные товары","ss":100000,"td":"Центр города","dc":1,"n":502.18,"vc":"218182","sl":"Элитный","sv":"2","p":209551.56,"q":30.23,"b":0.0,"ms":0.05,"wi":24.91,"ei":4.61,"as":287.92,"mi":"E","mv":3931,"sc":1,"lpe":99.95,"lpr":13351.3,"lq":1.0,"d":512949},{"pi":"423743","pc":"Промышленные товары","ss":100000,"td":"Спальный район","dc":1,"n":315.66,"vc":"130328","sl":"Элитный","sv":"12537","p":90000.0,"q":32.72,"b":0.208233229640265,"ms":5.66,"wi":580.59,"ei":9.87,"as":2948.05,"mi":"E","mv":221488,"sc":5,"lpe":81.61,"lpr":28254.21,"lq":2.33,"d":11725516},{"pi":"423743","pc":"Промышленные товары","ss":100000,"td":"Центр города","dc":1,"n":375.98,"vc":"206915","sl":"Элитный","sv":"11474","p":100000.0,"q":28.28,"b":2.31,"ms":5.18,"wi":580.59,"ei":9.87,"as":2948.05,"mi":"E","mv":221488,"sc":5,"lpe":81.61,"lpr":28254.21,"lq":2.33,"d":11725516},{"pi":"423743","pc":"Промышленные товары","ss":200000,"td":"Фешенебельный район","dc":1,"n":640.17,"vc":"1262648","sl":"Очень высокий","sv":"9232","p":120000.0,"q":42.52,"b":0.0,"ms":4.17,"wi":580.59,"ei":9.87,"as":2948.05,"mi":"E","mv":221488,"sc":5,"lpe":81.61,"lpr":28254.21,"lq":2.33,"d":11725516},{"pi":"423743","pc":"Промышленные товары","ss":100000,"td":"Центр города","dc":1,"n":556.21,"vc":"1170732","sl":"Высокий","sv":"7000","p":90000.0,"q":38.31,"b":5.18,"ms":3.16,"wi":580.59,"ei":9.87,"as":2948.05,"mi":"E","mv":221488,"sc":5,"lpe":81.61,"lpr":28254.21,"lq":2.33,"d":11725516},{"pi":"423743","pc":"Промышленные товары","ss":10100,"td":"Центр города","dc":1,"n":282.46,"vc":"19328","sl":"Элитный","sv":"479","p":100000.0,"q":23.57,"b":0.62,"ms":0.22,"wi":580.59,"ei":9.87,"as":2948.05,"mi":"E","mv":221488,"sc":5,"lpe":81.61,"lpr":28254.21,"lq":2.33,"d":11725516},{"pi":"423743","pc":"Промышленные товары","ss":100000,"td":"Центр города","dc":1,"n":503.76,"vc":"378663","sl":"Элитный","sv":"500","p":60000.0,"q":39.79,"b":3.23,"ms":0.62,"wi":109.36,"ei":11.62,"as":506.87,"mi":"E","mv":80030,"sc":3,"lpe":99.27,"lpr":24503.47,"lq":1.0,"d":3104116},{"pi":"423743","pc":"Промышленные товары","ss":100000,"td":"Центр города","dc":1,"n":687.59,"vc":"2217822","sl":"Низкий","sv":"50","p":110000.0,"q":34.03,"b":4.41,"ms":0.06,"wi":109.36,"ei":11.62,"as":506.87,"mi":"E","mv":80030,"sc":3,"lpe":99.27,"lpr":24503.47,"lq":1.0,"d":3104116},{"pi":"423743","pc":"Промышленные товары","ss":300000,"td":"Центр города","dc":10,"n":636.13,"vc":"3069321","sl":"Очень низкий","sv":"33","p":202902.03,"q":32.27,"b":1.74,"ms":0.04,"wi":109.36,"ei":11.62,"as":506.87,"mi":"E","mv":80030,"sc":3,"lpe":99.27,"lpr":24503.47,"lq":1.0,"d":3104116},{"pi":"423743","pc":"Промышленные товары","ss":100000,"td":"Центр города","dc":1,"n":415.93,"vc":"294720","sl":"Элитный","sv":"4654","p":170000.0,"q":32.72,"b":0.199299527288354,"ms":3.35,"wi":116.49,"ei":14.1,"as":931.58,"mi":"E","mv":138909,"sc":5,"lpe":93.02,"lpr":23418.89,"lq":1.0,"d":3374474},{"pi":"423743","pc":"Промышленные товары","ss":100000,"td":"Центр города","dc":1,"n":412.45,"vc":"285020","sl":"Элитный","sv":"4501","p":170000.0,"q":32.72,"b":0.199475672072873,"ms":3.24,"wi":116.49,"ei":14.1,"as":931.58,"mi":"E","mv":138909,"sc":5,"lpe":93.02,"lpr":23418.89,"lq":1.0,"d":3374474},{"pi":"423743","pc":"Промышленные товары","ss":100000,"td":"Центр города","dc":1,"n":452.22,"vc":"278514","sl":"Элитный","sv":"500","p":180000.0,"q":39.79,"b":3.23,"ms":0.36,"wi":116.49,"ei":14.1,"as":931.58,"mi":"E","mv":138909,"sc":5,"lpe":93.02,"lpr":23418.89,"lq":1.0,"d":3374474},{"pi":"423743","pc":"Промышленные товары","ss":100000,"td":"Центр города","dc":1,"n":461.88,"vc":"305623","sl":"Элитный","sv":"29","p":250000.0,"q":32.76,"b":0.187586206896552,"ms":0.02,"wi":116.49,"ei":14.1,"as":931.58,"mi":"E","mv":138909,"sc":5,"lpe":93.02,"lpr":23418.89,"lq":1.0,"d":3374474},{"pi":"423743","pc":"Промышленные товары","ss":200000,"td":"Фешенебельный район","dc":2,"n":669.89,"vc":"1112400","sl":"Высокий","sv":"16","p":300000.0,"q":42.14,"b":0.0,"ms":0.01,"wi":116.49,"ei":14.1,"as":931.58,"mi":"E","mv":138909,"sc":5,"lpe":93.02,"lpr":23418.89,"lq":1.0,"d":3374474},{"pi":"423743","pc":"Промышленные товары","ss":100000,"td":"Центр города","dc":1,"n":512.49,"vc":"421562","sl":"Высокий","sv":"1670","p":250000.0,"q":26.51,"b":0.00203592814371258,"ms":3.58,"wi":220.26,"ei":20.81,"as":3401.1,"mi":"E","mv":46677,"sc":4,"lpe":94.23,"lpr":62113.67,"lq":1.0,"d":2105680},{"pi":"423743","pc":"Промышленные товары","ss":100000,"td":"Центр города","dc":1,"n":456.88,"vc":"246957","sl":"Элитный","sv":"1000","p":200000.0,"q":39.79,"b":3.23,"ms":2.14,"wi":220.26,"ei":20.81,"as":3401.1,"mi":"E","mv":46677,"sc":4,"lpe":94.23,"lpr":62113.67,"lq":1.0,"d":2105680},{"pi":"423743","pc":"Промышленные товары","ss":1000,"td":"Центр города","dc":4,"n":84.44,"vc":"1308","sl":"Нормальный","sv":"13","p":85000.0,"q":8.75,"b":0.0,"ms":0.03,"wi":220.26,"ei":20.81,"as":3401.1,"mi":"E","mv":46677,"sc":4,"lpe":94.23,"lpr":62113.67,"lq":1.0,"d":2105680},{"pi":"423743","pc":"Промышленные товары","ss":300000,"td":"Фешенебельный район","dc":1,"n":687.52,"vc":"772329","sl":"Элитный","sv":"8","p":500000.0,"q":30.99,"b":0.97375,"ms":0.02,"wi":220.26,"ei":20.81,"as":3401.1,"mi":"E","mv":46677,"sc":4,"lpe":94.23,"lpr":62113.67,"lq":1.0,"d":2105680},{"pi":"423743","pc":"Промышленные товары","ss":300000,"td":"Центр города","dc":10,"n":651.99,"vc":"4598040","sl":"Очень низкий","sv":"966","p":202898.83,"q":32.25,"b":1.74,"ms":2.78,"wi":82.99,"ei":8.31,"as":418.1,"mi":"E","mv":34807,"sc":3,"lpe":96.35,"lpr":26640.88,"lq":1.0,"d":1449358},{"pi":"423743","pc":"Промышленные товары","ss":100000,"td":"Центр города","dc":1,"n":506.29,"vc":"332681","sl":"Элитный","sv":"300","p":200000.0,"q":39.79,"b":3.23,"ms":0.86,"wi":82.99,"ei":8.31,"as":418.1,"mi":"E","mv":34807,"sc":3,"lpe":96.35,"lpr":26640.88,"lq":1.0,"d":1449358},{"pi":"423743","pc":"Промышленные товары","ss":100000,"td":"Фешенебельный район","dc":1,"n":392.11,"vc":"16646","sl":"Элитный","sv":"4","p":350000.0,"q":32.8,"b":0.17,"ms":0.01,"wi":82.99,"ei":8.31,"as":418.1,"mi":"E","mv":34807,"sc":3,"lpe":96.35,"lpr":26640.88,"lq":1.0,"d":1449358},{"pi":"423743","pc":"Промышленные товары","ss":10000,"td":"Центр города","dc":1,"n":438.57,"vc":"39522","sl":"Очень высокий","sv":"150","p":150000.0,"q":39.79,"b":4.88,"ms":0.18,"wi":124.78,"ei":9.28,"as":746.53,"mi":"E","mv":85584,"sc":1,"lpe":99.82,"lpr":23054.17,"lq":1.0,"d":3400980},{"pi":"423743","pc":"Промышленные товары","ss":300000,"td":"Центр города","dc":10,"n":704.44,"vc":"544288","sl":"Нормальный","sv":"1","p":142377.68,"q":32.21,"b":2.1,"ms":0.21,"wi":27.99,"ei":3.05,"as":277.19,"mi":"E","mv":477,"sc":1,"lpe":99.79,"lpr":11044.75,"lq":1.0,"d":208953},{"pi":"423743","pc":"Промышленные товары","ss":500,"td":"Спальный район","dc":1,"n":263.1,"vc":"666","sl":"Очень высокий","sv":"1","p":158252.6,"q":9.67,"b":0.75,"ms":0.03,"wi":71.22,"ei":5.19,"as":645.02,"mi":"E","mv":3343,"sc":1,"lpe":99.97,"lpr":21545.16,"lq":1.0,"d":493878},{"pi":"423743","pc":"Промышленные товары","ss":1000,"td":"Спальный район","dc":1,"n":93.24,"vc":"651","sl":"Элитный","sv":"3","p":145000.0,"q":14.23,"b":0.0,"ms":0.02,"wi":116.55,"ei":7.39,"as":883.59,"mi":"E","mv":19034,"sc":1,"lpe":99.98,"lpr":32999.06,"lq":1.0,"d":1808562},{"pi":"423743","pc":"Промышленные товары","ss":300000,"td":"Фешенебельный район","dc":1,"n":613.11,"vc":"506631","sl":"Элитный","sv":"1000","p":200000.0,"q":39.79,"b":3.23,"ms":3.34,"wi":135.43,"ei":15.38,"as":2467.59,"mi":"E","mv":29984,"sc":2,"lpe":96.64,"lpr":51239.56,"lq":1.0,"d":1529050},{"pi":"423743","pc":"Промышленные товары","ss":100000,"td":"Центр города","dc":1,"n":378.14,"vc":"103551","sl":"Элитный","sv":"6","p":285000.0,"q":32.65,"b":0.0,"ms":0.02,"wi":135.43,"ei":15.38,"as":2467.59,"mi":"E","mv":29984,"sc":2,"lpe":96.64,"lpr":51239.56,"lq":1.0,"d":1529050},{"pi":"423743","pc":"Промышленные товары","ss":12000,"td":"Фешенебельный район","dc":1,"n":528.74,"vc":"8332","sl":"Элитный","sv":"565","p":180000.0,"q":16.57,"b":0.0,"ms":2.95,"wi":107.88,"ei":9.2,"as":625.98,"mi":"E","mv":19143,"sc":1,"lpe":97.05,"lpr":46130.69,"lq":1.0,"d":1112915},{"pi":"423743","pc":"Промышленные товары","ss":100000,"td":"Центр города","dc":1,"n":609.28,"vc":"546794","sl":"Очень высокий","sv":"500","p":800000.0,"q":25.68,"b":0.0,"ms":13.88,"wi":160.47,"ei":7.92,"as":581.26,"mi":"E","mv":3603,"sc":1,"lpe":86.12,"lpr":157269.22,"lq":1.8,"d":694541},{"pi":"423743","pc":"Промышленные товары","ss":100000,"td":"Фешенебельный район","dc":1,"n":580.73,"vc":"99157","sl":"Элитный","sv":"1000","p":100000.0,"q":39.79,"b":3.23,"ms":3.14,"wi":115.69,"ei":10.0,"as":1006.41,"mi":"E","mv":31864,"sc":1,"lpe":96.86,"lpr":37045.11,"lq":1.0,"d":1206568},{"pi":"423743","pc":"Промышленные товары","ss":300000,"td":"Центр города","dc":2,"n":486.81,"vc":"1228657","sl":"Очень высокий","sv":"7005","p":160000.0,"q":15.72,"b":1.93442969307637,"ms":4.17,"wi":80.69,"ei":5.73,"as":687.91,"mi":"E","mv":167874,"sc":3,"lpe":95.68,"lpr":42036.86,"lq":1.0,"d":8888088},{"pi":"423743","pc":"Промышленные товары","ss":10000,"td":"Фешенебельный район","dc":3,"n":273.34,"vc":"2425","sl":"Элитный","sv":"198","p":120000.0,"q":28.05,"b":0.0127777777777778,"ms":0.12,"wi":80.69,"ei":5.73,"as":687.91,"mi":"E","mv":167874,"sc":3,"lpe":95.68,"lpr":42036.86,"lq":1.0,"d":8888088},{"pi":"423743","pc":"Промышленные товары","ss":100000,"td":"Центр города","dc":2,"n":209.0,"vc":"37400","sl":"Элитный","sv":"52","p":120000.0,"q":12.47,"b":0.0,"ms":0.03,"wi":80.69,"ei":5.73,"as":687.91,"mi":"E","mv":167874,"sc":3,"lpe":95.68,"lpr":42036.86,"lq":1.0,"d":8888088},{"pi":"423743","pc":"Промышленные товары","ss":100000,"td":"Центр города","dc":4,"n":664.77,"vc":"290760","sl":"Очень низкий","sv":"9","p":85000.0,"q":1.01,"b":0.0,"ms":1.13,"wi":101.01,"ei":11.25,"as":810.78,"mi":"E","mv":799,"sc":1,"lpe":98.87,"lpr":24993.89,"lq":1.0,"d":96761},{"pi":"423743","pc":"Промышленные товары","ss":100000,"td":"Центр города","dc":1,"n":438.86,"vc":"157407","sl":"Элитный","sv":"914","p":230000.0,"q":24.07,"b":0.67,"ms":3.13,"wi":128.25,"ei":6.64,"as":771.02,"mi":"E","mv":29182,"sc":1,"lpe":96.87,"lpr":33920.68,"lq":1.0,"d":1038550},{"pi":"423743","pc":"Промышленные товары","ss":300000,"td":"Фешенебельный район","dc":1,"n":600.03,"vc":"316204","sl":"Элитный","sv":"1000","p":100000.0,"q":39.79,"b":3.23,"ms":3.56,"wi":136.28,"ei":11.08,"as":1588.49,"mi":"E","mv":28051,"sc":1,"lpe":96.44,"lpr":63092.43,"lq":1.0,"d":1822464},{"pi":"423743","pc":"Промышленные товары","ss":300000,"td":"Фешенебельный район","dc":10,"n":476.51,"vc":"165519","sl":"Очень низкий","sv":"2181","p":60550.0,"q":30.09,"b":0.0,"ms":1.41,"wi":77.65,"ei":7.55,"as":555.9,"mi":"E","mv":154976,"sc":3,"lpe":97.7,"lpr":14184.14,"lq":1.0,"d":8479464},{"pi":"423743","pc":"Промышленные товары","ss":100000,"td":"Центр города","dc":1,"n":633.39,"vc":"3292742","sl":"Низкий","sv":"1078","p":85220.16,"q":43.59,"b":4.72,"ms":0.7,"wi":77.65,"ei":7.55,"as":555.9,"mi":"E","mv":154976,"sc":3,"lpe":97.7,"lpr":14184.14,"lq":1.0,"d":8479464},{"pi":"423743","pc":"Промышленные товары","ss":100000,"td":"Центр города","dc":1,"n":461.84,"vc":"421796","sl":"Элитный","sv":"300","p":90000.0,"q":39.79,"b":4.12,"ms":0.19,"wi":77.65,"ei":7.55,"as":555.9,"mi":"E","mv":154976,"sc":3,"lpe":97.7,"lpr":14184.14,"lq":1.0,"d":8479464},{"pi":"423743","pc":"Промышленные товары","ss":100000,"td":"Центр города","dc":1,"n":438.64,"vc":"403763","sl":"Элитный","sv":"5950","p":88000.0,"q":24.44,"b":4.44,"ms":2.69,"wi":70.74,"ei":5.83,"as":540.88,"mi":"E","mv":220786,"sc":4,"lpe":94.3,"lpr":14854.41,"lq":1.0,"d":14160214},{"pi":"423743","pc":"Промышленные товары","ss":300000,"td":"Фешенебельный район","dc":10,"n":476.51,"vc":"198060","sl":"Очень низкий","sv":"5566","p":68320.0,"q":32.26,"b":0.395481494789795,"ms":2.52,"wi":70.74,"ei":5.83,"as":540.88,"mi":"E","mv":220786,"sc":4,"lpe":94.3,"lpr":14854.41,"lq":1.0,"d":14160214},{"pi":"423743","pc":"Промышленные товары","ss":100000,"td":"Центр города","dc":1,"n":426.0,"vc":"357585","sl":"Элитный","sv":"1000","p":100000.0,"q":39.79,"b":4.12,"ms":0.45,"wi":70.74,"ei":5.83,"as":540.88,"mi":"E","mv":220786,"sc":4,"lpe":94.3,"lpr":14854.41,"lq":1.0,"d":14160214},{"pi":"423743","pc":"Промышленные товары","ss":100000,"td":"Фешенебельный район","dc":1,"n":269.6,"vc":"11922","sl":"Элитный","sv":"63","p":100000.0,"q":43.54,"b":0.46,"ms":0.03,"wi":70.74,"ei":5.83,"as":540.88,"mi":"E","mv":220786,"sc":4,"lpe":94.3,"lpr":14854.41,"lq":1.0,"d":14160214},{"pi":"423743","pc":"Промышленные товары","ss":10000,"td":"Фешенебельный район","dc":1,"n":693.4,"vc":"15377","sl":"Элитный","sv":"70","p":80000.0,"q":39.79,"b":4.88,"ms":2.22,"wi":31.6,"ei":7.19,"as":363.53,"mi":"E","mv":3160,"sc":1,"lpe":97.78,"lpr":11073.85,"lq":1.0,"d":533774},{"pi":"423743","pc":"Промышленные товары","ss":100000,"td":"Центр города","dc":1,"n":441.0,"vc":"247545","sl":"Элитный","sv":"973","p":80000.0,"q":24.44,"b":4.44,"ms":3.2,"wi":62.7,"ei":5.72,"as":530.78,"mi":"E","mv":30439,"sc":1,"lpe":96.8,"lpr":10303.11,"lq":1.0,"d":3279424},{"pi":"423743","pc":"Промышленные товары","ss":100000,"td":"Фешенебельный район","dc":1,"n":574.18,"vc":"46661","sl":"Элитный","sv":"76","p":170000.0,"q":23.56,"b":0.0,"ms":3.96,"wi":369.26,"ei":13.8,"as":1650.21,"mi":"E","mv":1921,"sc":2,"lpe":94.01,"lpr":32595.45,"lq":1.0,"d":322973},{"pi":"423743","pc":"Промышленные товары","ss":100000,"td":"Центр города","dc":1,"n":572.62,"vc":"306442","sl":"Очень высокий","sv":"39","p":200000.0,"q":25.71,"b":0.0,"ms":2.03,"wi":369.26,"ei":13.8,"as":1650.21,"mi":"E","mv":1921,"sc":2,"lpe":94.01,"lpr":32595.45,"lq":1.0,"d":322973},{"pi":"423743","pc":"Промышленные товары","ss":10000,"td":"Фешенебельный район","dc":2,"n":472.98,"vc":"8080","sl":"Элитный","sv":"628","p":50000.0,"q":17.88,"b":1.57,"ms":2.66,"wi":92.2,"ei":8.33,"as":1105.16,"mi":"E","mv":23645,"sc":2,"lpe":96.43,"lpr":39997.96,"lq":1.0,"d":1433235},{"pi":"423743","pc":"Промышленные товары","ss":20000,"td":"Центр города","dc":2,"n":408.47,"vc":"36967","sl":"Высокий","sv":"217","p":160000.0,"q":33.44,"b":0.0,"ms":0.92,"wi":92.2,"ei":8.33,"as":1105.16,"mi":"E","mv":23645,"sc":2,"lpe":96.43,"lpr":39997.96,"lq":1.0,"d":1433235},{"pi":"423743","pc":"Промышленные товары","ss":100000,"td":"Спальный район","dc":1,"n":471.67,"vc":"201025","sl":"Элитный","sv":"640","p":70000.0,"q":39.65,"b":4.1,"ms":4.67,"wi":56.22,"ei":4.54,"as":745.47,"mi":"E","mv":13715,"sc":1,"lpe":95.33,"lpr":11147.55,"lq":1.0,"d":1772341},{"pi":"423743","pc":"Промышленные товары","ss":300000,"td":"Центр города","dc":10,"n":640.01,"vc":"4331646","sl":"Очень низкий","sv":"293","p":138458.03,"q":32.27,"b":1.49,"ms":1.76,"wi":66.66,"ei":4.91,"as":403.45,"mi":"E","mv":16639,"sc":2,"lpe":98.1,"lpr":37174.44,"lq":1.0,"d":1976070},{"pi":"423743","pc":"Промышленные товары","ss":100000,"td":"Фешенебельный район","dc":1,"n":468.56,"vc":"36697","sl":"Элитный","sv":"23","p":400000.0,"q":35.6,"b":0.0,"ms":0.14,"wi":66.66,"ei":4.91,"as":403.45,"mi":"E","mv":16639,"sc":2,"lpe":98.1,"lpr":37174.44,"lq":1.0,"d":1976070},{"pi":"423743","pc":"Промышленные товары","ss":500,"td":"Центр города","dc":1,"n":528.68,"vc":"5366","sl":"Низкий","sv":"178","p":150000.0,"q":32.75,"b":0.0180898876404494,"ms":2.63,"wi":96.68,"ei":10.2,"as":774.35,"mi":"E","mv":6763,"sc":2,"lpe":95.89,"lpr":31427.42,"lq":1.0,"d":1015717},{"pi":"423743","pc":"Промышленные товары","ss":500,"td":"Центр города","dc":1,"n":498.55,"vc":"3063","sl":"Низкий","sv":"100","p":100000.0,"q":39.79,"b":3.65,"ms":1.48,"wi":96.68,"ei":10.2,"as":774.35,"mi":"E","mv":6763,"sc":2,"lpe":95.89,"lpr":31427.42,"lq":1.0,"d":1015717},{"pi":"423743","pc":"Промышленные товары","ss":100000,"td":"Фешенебельный район","dc":1,"n":578.85,"vc":"133407","sl":"Элитный","sv":"182","p":300000.0,"q":39.79,"b":4.1,"ms":0.33,"wi":127.62,"ei":5.1,"as":1687.62,"mi":"E","mv":55178,"sc":2,"lpe":99.54,"lpr":45907.87,"lq":1.0,"d":2870887},{"pi":"423743","pc":"Промышленные товары","ss":100000,"td":"Центр города","dc":1,"n":363.14,"vc":"167634","sl":"Элитный","sv":"74","p":300000.0,"q":32.75,"b":0.164594594594595,"ms":0.13,"wi":127.62,"ei":5.1,"as":1687.62,"mi":"E","mv":55178,"sc":2,"lpe":99.54,"lpr":45907.87,"lq":1.0,"d":2870887},{"pi":"423743","pc":"Промышленные товары","ss":100000,"td":"Центр города","dc":1,"n":522.31,"vc":"238750","sl":"Низкий","sv":"149","p":230000.0,"q":35.25,"b":0.0,"ms":3.33,"wi":116.07,"ei":7.72,"as":1597.51,"mi":"E","mv":4476,"sc":1,"lpe":96.67,"lpr":43182.84,"lq":1.0,"d":1028566},{"pi":"423743","pc":"Промышленные товары","ss":30000,"td":"Центр города","dc":1,"n":570.83,"vc":"212953","sl":"Высокий","sv":"846","p":180000.0,"q":16.59,"b":4.63,"ms":2.32,"wi":202.73,"ei":8.63,"as":2063.52,"mi":"E","mv":36453,"sc":1,"lpe":97.68,"lpr":37659.42,"lq":1.31,"d":1595320},{"pi":"423743","pc":"Промышленные товары","ss":100000,"td":"Центр города","dc":1,"n":519.33,"vc":"336177","sl":"Элитный","sv":"1","p":400000.0,"q":32.48,"b":0.0,"ms":0.03,"wi":126.05,"ei":7.84,"as":2943.58,"mi":"E","mv":3858,"sc":1,"lpe":99.97,"lpr":46830.46,"lq":1.0,"d":286946},{"pi":"423743","pc":"Промышленные товары","ss":100000,"td":"Центр города","dc":1,"n":543.39,"vc":"371492","sl":"Элитный","sv":"123","p":290000.0,"q":34.71,"b":0.0259349593495935,"ms":1.44,"wi":111.24,"ei":18.94,"as":1450.98,"mi":"E","mv":8569,"sc":1,"lpe":98.56,"lpr":41670.23,"lq":1.0,"d":627790},{"pi":"423743","pc":"Промышленные товары","ss":100000,"td":"Фешенебельный район","dc":1,"n":640.72,"vc":"134413","sl":"Элитный","sv":"280","p":150000.0,"q":39.79,"b":4.38,"ms":2.06,"wi":73.76,"ei":12.3,"as":730.15,"mi":"E","mv":13615,"sc":2,"lpe":97.85,"lpr":19144.09,"lq":1.0,"d":931616},{"pi":"423743","pc":"Промышленные товары","ss":100000,"td":"Центр города","dc":1,"n":474.99,"vc":"273126","sl":"Элитный","sv":"13","p":200000.0,"q":32.88,"b":0.0,"ms":0.1,"wi":73.76,"ei":12.3,"as":730.15,"mi":"E","mv":13615,"sc":2,"lpe":97.85,"lpr":19144.09,"lq":1.0,"d":931616},{"pi":"423743","pc":"Промышленные товары","ss":300000,"td":"Центр города","dc":1,"n":641.4,"vc":"3263502","sl":"Высокий","sv":"175","p":410000.0,"q":34.03,"b":7.25,"ms":2.63,"wi":90.08,"ei":18.73,"as":3035.93,"mi":"E","mv":6659,"sc":1,"lpe":97.37,"lpr":64796.78,"lq":1.0,"d":637476},{"pi":"423743","pc":"Промышленные товары","ss":100000,"td":"Центр города","dc":2,"n":536.09,"vc":"270122","sl":"Очень высокий","sv":"120","p":175000.0,"q":30.38,"b":0.0,"ms":3.73,"wi":107.02,"ei":8.07,"as":849.06,"mi":"E","mv":3221,"sc":1,"lpe":96.27,"lpr":24959.65,"lq":1.0,"d":987878},{"pi":"423743","pc":"Промышленные товары","ss":100000,"td":"Центр города","dc":1,"n":538.55,"vc":"386476","sl":"Элитный","sv":"1","p":330000.0,"q":32.42,"b":0.0,"ms":0.04,"wi":77.81,"ei":7.28,"as":1340.08,"mi":"E","mv":2648,"sc":1,"lpe":99.96,"lpr":38340.09,"lq":1.0,"d":280864},{"pi":"423743","pc":"Промышленные товары","ss":100000,"td":"Фешенебельный район","dc":4,"n":651.46,"vc":"97279","sl":"Элитный","sv":"269","p":24250.0,"q":36.57,"b":5.62,"ms":8.17,"wi":31.31,"ei":5.09,"as":230.61,"mi":"E","mv":3294,"sc":1,"lpe":91.83,"lpr":1687.42,"lq":1.0,"d":441969},{"pi":"423743","pc":"Промышленные товары","ss":100000,"td":"Центр города","dc":1,"n":463.42,"vc":"259035","sl":"Элитный","sv":"1","p":250000.0,"q":32.43,"b":0.0,"ms":0.01,"wi":98.55,"ei":9.79,"as":786.97,"mi":"E","mv":10272,"sc":1,"lpe":99.99,"lpr":29472.73,"lq":1.0,"d":1332680},{"pi":"423743","pc":"Промышленные товары","ss":100000,"td":"Центр города","dc":1,"n":482.96,"vc":"299955","sl":"Элитный","sv":"30","p":200000.0,"q":32.76,"b":0.0133333333333333,"ms":0.33,"wi":72.23,"ei":7.11,"as":814.01,"mi":"E","mv":9129,"sc":1,"lpe":99.67,"lpr":29066.74,"lq":1.0,"d":621765},{"pi":"423743","pc":"Промышленные товары","ss":300000,"td":"Фешенебельный район","dc":1,"n":619.09,"vc":"854182","sl":"Элитный","sv":"5000","p":120000.0,"q":43.91,"b":0.25,"ms":4.04,"wi":74.27,"ei":14.22,"as":1277.56,"mi":"E","mv":123624,"sc":4,"lpe":93.56,"lpr":20778.64,"lq":1.0,"d":5772544},{"pi":"423743","pc":"Промышленные товары","ss":100000,"td":"Центр города","dc":1,"n":396.05,"vc":"293760","sl":"Элитный","sv":"2843","p":150000.0,"q":32.72,"b":0.21574041505452,"ms":2.3,"wi":74.27,"ei":14.22,"as":1277.56,"mi":"E","mv":123624,"sc":4,"lpe":93.56,"lpr":20778.64,"lq":1.0,"d":5772544},{"pi":"423743","pc":"Промышленные товары","ss":100000,"td":"Центр города","dc":1,"n":447.41,"vc":"320903","sl":"Элитный","sv":"100","p":200000.0,"q":39.79,"b":4.38,"ms":0.08,"wi":74.27,"ei":14.22,"as":1277.56,"mi":"E","mv":123624,"sc":4,"lpe":93.56,"lpr":20778.64,"lq":1.0,"d":5772544},{"pi":"423743","pc":"Промышленные товары","ss":100000,"td":"Фешенебельный район","dc":1,"n":177.06,"vc":"3577","sl":"Элитный","sv":"13","p":130000.0,"q":24.65,"b":1.46,"ms":0.01,"wi":74.27,"ei":14.22,"as":1277.56,"mi":"E","mv":123624,"sc":4,"lpe":93.56,"lpr":20778.64,"lq":1.0,"d":5772544},{"pi":"423743","pc":"Промышленные товары","ss":300000,"td":"Фешенебельный район","dc":10,"n":587.89,"vc":"299192","sl":"Очень высокий","sv":"1059","p":97720.0,"q":15.35,"b":0.0,"ms":2.91,"wi":164.16,"ei":12.48,"as":1555.04,"mi":"E","mv":36346,"sc":3,"lpe":96.1,"lpr":27433.68,"lq":1.0,"d":2161680},{"pi":"423743","pc":"Промышленные товары","ss":100000,"td":"Центр города","dc":1,"n":381.57,"vc":"181226","sl":"Элитный","sv":"344","p":150000.0,"q":32.75,"b":0.219883720930233,"ms":0.95,"wi":164.16,"ei":12.48,"as":1555.04,"mi":"E","mv":36346,"sc":3,"lpe":96.1,"lpr":27433.68,"lq":1.0,"d":2161680},{"pi":"423743","pc":"Промышленные товары","ss":300000,"td":"Центр города","dc":10,"n":652.04,"vc":"3694880","sl":"Очень низкий","sv":"16","p":179449.24,"q":32.26,"b":2.4,"ms":0.04,"wi":164.16,"ei":12.48,"as":1555.04,"mi":"E","mv":36346,"sc":3,"lpe":96.1,"lpr":27433.68,"lq":1.0,"d":2161680},{"pi":"423743","pc":"Промышленные товары","ss":500,"td":"Спальный район","dc":1,"n":181.67,"vc":"754","sl":"Очень высокий","sv":"1","p":158231.8,"q":9.65,"b":1.22,"ms":0.01,"wi":38.79,"ei":8.2,"as":597.04,"mi":"E","mv":10871,"sc":1,"lpe":99.99,"lpr":27421.41,"lq":1.0,"d":2070906},{"pi":"423743","pc":"Промышленные товары","ss":1000,"td":"Центр города","dc":1,"n":502.89,"vc":"8370","sl":"Низкий","sv":"200","p":150000.0,"q":39.79,"b":5.28,"ms":0.55,"wi":108.39,"ei":12.16,"as":1105.02,"mi":"E","mv":36470,"sc":3,"lpe":99.41,"lpr":39791.78,"lq":1.0,"d":8102379},{"pi":"423743","pc":"Промышленные товары","ss":1000,"td":"Фешенебельный район","dc":1,"n":177.74,"vc":"201","sl":"Элитный","sv":"13","p":200000.0,"q":27.73,"b":1.91,"ms":0.04,"wi":108.39,"ei":12.16,"as":1105.02,"mi":"E","mv":36470,"sc":3,"lpe":99.41,"lpr":39791.78,"lq":1.0,"d":8102379},{"pi":"423743","pc":"Промышленные товары","ss":1000,"td":"Фешенебельный район","dc":1,"n":177.74,"vc":"201","sl":"Элитный","sv":"1","p":200000.0,"q":27.73,"b":1.91,"ms":0.0,"wi":108.39,"ei":12.16,"as":1105.02,"mi":"E","mv":36470,"sc":3,"lpe":99.41,"lpr":39791.78,"lq":1.0,"d":8102379},{"pi":"423743","pc":"Промышленные товары","ss":220000,"td":"Центр города","dc":2,"n":532.24,"vc":"781091","sl":"Нормальный","sv":"815","p":93000.0,"q":18.26,"b":2.66,"ms":4.71,"wi":122.88,"ei":10.1,"as":582.75,"mi":"E","mv":17293,"sc":1,"lpe":95.29,"lpr":20020.18,"lq":1.0,"d":1499517},{"pi":"423743","pc":"Промышленные товары","ss":300000,"td":"Центр города","dc":1,"n":524.84,"vc":"2302524","sl":"Высокий","sv":"1","p":200001.0,"q":22.19,"b":0.0,"ms":0.0,"wi":90.06,"ei":7.72,"as":698.25,"mi":"E","mv":87184,"sc":1,"lpe":100.0,"lpr":63900.8,"lq":1.0,"d":5775520},{"pi":"423743","pc":"Промышленные товары","ss":100000,"td":"Фешенебельный район","dc":1,"n":657.29,"vc":"97602","sl":"Элитный","sv":"500","p":150000.0,"q":39.79,"b":3.23,"ms":3.05,"wi":158.05,"ei":13.57,"as":1605.29,"mi":"E","mv":16381,"sc":1,"lpe":96.95,"lpr":61814.75,"lq":1.0,"d":835644},{"pi":"423743","pc":"Промышленные товары","ss":10000,"td":"Фешенебельный район","dc":2,"n":480.01,"vc":"8425","sl":"Элитный","sv":"9000","p":90000.0,"q":23.57,"b":5.03,"ms":17.2,"wi":89.81,"ei":5.22,"as":274.68,"mi":"E","mv":52315,"sc":1,"lpe":82.8,"lpr":20124.65,"lq":2.34,"d":3867612},{"pi":"423743","pc":"Промышленные товары","ss":100000,"td":"Фешенебельный район","dc":1,"n":530.85,"vc":"122500","sl":"Элитный","sv":"1000","p":260000.0,"q":30.4,"b":0.0,"ms":2.21,"wi":115.13,"ei":10.09,"as":1162.2,"mi":"E","mv":45270,"sc":3,"lpe":96.95,"lpr":58199.89,"lq":1.0,"d":2640684},{"pi":"423743","pc":"Промышленные товары","ss":300000,"td":"Центр города","dc":1,"n":392.77,"vc":"328060","sl":"Элитный","sv":"367","p":160000.0,"q":11.31,"b":0.0,"ms":0.81,"wi":115.13,"ei":10.09,"as":1162.2,"mi":"E","mv":45270,"sc":3,"lpe":96.95,"lpr":58199.89,"lq":1.0,"d":2640684},{"pi":"423743","pc":"Промышленные товары","ss":200000,"td":"Центр города","dc":3,"n":382.72,"vc":"228678","sl":"Элитный","sv":"15","p":350000.0,"q":31.31,"b":0.0,"ms":0.03,"wi":115.13,"ei":10.09,"as":1162.2,"mi":"E","mv":45270,"sc":3,"lpe":96.95,"lpr":58199.89,"lq":1.0,"d":2640684},{"pi":"423743","pc":"Промышленные товары","ss":50000,"td":"Фешенебельный район","dc":1,"n":705.47,"vc":"109540","sl":"Элитный","sv":"3171","p":11250.0,"q":36.88,"b":5.61,"ms":87.82,"wi":47.12,"ei":8.42,"as":420.25,"mi":"D","mv":3611,"sc":1,"lpe":12.18,"lpr":1410.58,"lq":1.22,"d":166660},{"pi":"423743","pc":"Промышленные товары","ss":10000,"td":"Фешенебельный район","dc":1,"n":571.06,"vc":"6550","sl":"Элитный","sv":"10","p":114000.0,"q":8.23,"b":0.0,"ms":0.58,"wi":72.39,"ei":12.83,"as":498.31,"mi":"E","mv":1717,"sc":1,"lpe":99.42,"lpr":17059.25,"lq":1.0,"d":814612},{"pi":"423743","pc":"Промышленные товары","ss":10000,"td":"Центр города","dc":1,"n":548.57,"vc":"28172","sl":"Элитный","sv":"82","p":230000.0,"q":16.69,"b":0.0,"ms":3.32,"wi":308.71,"ei":10.42,"as":5358.23,"mi":"E","mv":2471,"sc":2,"lpe":96.2,"lpr":48751.05,"lq":1.0,"d":126504},{"pi":"423743","pc":"Промышленные товары","ss":2300,"td":"Центр города","dc":1,"n":343.55,"vc":"2390","sl":"Элитный","sv":"12","p":220000.0,"q":23.33,"b":0.0,"ms":0.49,"wi":308.71,"ei":10.42,"as":5358.23,"mi":"E","mv":2471,"sc":2,"lpe":96.2,"lpr":48751.05,"lq":1.0,"d":126504},{"pi":"423743","pc":"Промышленные товары","ss":10000,"td":"Фешенебельный район","dc":1,"n":698.66,"vc":"26747","sl":"Элитный","sv":"1100","p":100000.0,"q":23.57,"b":5.03,"ms":12.19,"wi":109.99,"ei":11.17,"as":707.58,"mi":"E","mv":9022,"sc":1,"lpe":87.81,"lpr":16226.42,"lq":2.02,"d":1102519},{"pi":"423743","pc":"Промышленные товары","ss":10000,"td":"Центр города","dc":1,"n":568.48,"vc":"41058","sl":"Очень высокий","sv":"200","p":210000.0,"q":17.8,"b":0.0,"ms":3.22,"wi":214.1,"ei":9.16,"as":5915.59,"mi":"E","mv":6203,"sc":1,"lpe":96.78,"lpr":69939.77,"lq":1.0,"d":260774},{"pi":"423743","pc":"Промышленные товары","ss":10000,"td":"Спальный район","dc":1,"n":401.5,"vc":"9201","sl":"Элитный","sv":"1","p":191590.0,"q":27.05,"b":0.0,"ms":0.02,"wi":66.12,"ei":8.59,"as":471.29,"mi":"E","mv":4172,"sc":1,"lpe":99.98,"lpr":21386.65,"lq":1.0,"d":320600},{"pi":"423743","pc":"Промышленные товары","ss":100000,"td":"Центр города","dc":1,"n":580.74,"vc":"398720","sl":"Элитный","sv":"173","p":150000.0,"q":32.75,"b":0.0134682080924855,"ms":10.3,"wi":176.24,"ei":12.3,"as":2429.23,"mi":"E","mv":1680,"sc":1,"lpe":89.7,"lpr":25292.42,"lq":1.86,"d":139490},{"pi":"423743","pc":"Промышленные товары","ss":1000,"td":"Центр города","dc":5,"n":350.05,"vc":"1335","sl":"Нормальный","sv":"27","p":75000.0,"q":8.74,"b":0.0,"ms":9.44,"wi":116.26,"ei":10.36,"as":977.34,"mi":"E","mv":286,"sc":2,"lpe":89.86,"lpr":43389.63,"lq":2.23,"d":637732},{"pi":"423743","pc":"Промышленные товары","ss":1000,"td":"Фешенебельный район","dc":3,"n":246.71,"vc":"112","sl":"Элитный","sv":"2","p":160000.0,"q":33.59,"b":0.0,"ms":0.7,"wi":116.26,"ei":10.36,"as":977.34,"mi":"E","mv":286,"sc":2,"lpe":89.86,"lpr":43389.63,"lq":2.23,"d":637732},{"pi":"423743","pc":"Промышленные товары","ss":1000,"td":"Центр города","dc":1,"n":551.81,"vc":"7315","sl":"Нормальный","sv":"100","p":60000.0,"q":39.79,"b":5.28,"ms":0.86,"wi":33.94,"ei":9.33,"as":329.35,"mi":"E","mv":11589,"sc":1,"lpe":99.14,"lpr":14709.77,"lq":1.0,"d":3445595},{"pi":"423743","pc":"Промышленные товары","ss":1000,"td":"Фешенебельный район","dc":1,"n":526.85,"vc":"1696","sl":"Очень высокий","sv":"1400","p":145000.0,"q":17.8,"b":0.0,"ms":3.38,"wi":181.43,"ei":6.69,"as":574.22,"mi":"E","mv":41481,"sc":3,"lpe":95.85,"lpr":35633.33,"lq":1.0,"d":2560210},{"pi":"423743","pc":"Промышленные товары","ss":1000,"td":"Фешенебельный район","dc":1,"n":497.96,"vc":"1441","sl":"Элитный","sv":"320","p":250000.0,"q":34.03,"b":4.36,"ms":0.77,"wi":181.43,"ei":6.69,"as":574.22,"mi":"E","mv":41481,"sc":3,"lpe":95.85,"lpr":35633.33,"lq":1.0,"d":2560210},{"pi":"423743","pc":"Промышленные товары","ss":1000,"td":"Фешенебельный район","dc":1,"n":170.58,"vc":"228","sl":"Элитный","sv":"1","p":240000.0,"q":27.73,"b":1.7,"ms":0.0,"wi":181.43,"ei":6.69,"as":574.22,"mi":"E","mv":41481,"sc":3,"lpe":95.85,"lpr":35633.33,"lq":1.0,"d":2560210},{"pi":"423743","pc":"Промышленные товары","ss":1000,"td":"Центр города","dc":1,"n":181.61,"vc":"1215","sl":"Элитный","sv":"56","p":105000.0,"q":8.38,"b":0.0,"ms":1.04,"wi":111.39,"ei":7.39,"as":560.34,"mi":"E","mv":5375,"sc":1,"lpe":98.96,"lpr":29890.85,"lq":1.0,"d":357301},{"pi":"423743","pc":"Промышленные товары","ss":200,"td":"Фешенебельный район","dc":1,"n":45.32,"vc":"28","sl":"Элитный","sv":"15","p":110000.0,"q":9.01,"b":0.65,"ms":0.19,"wi":139.29,"ei":7.61,"as":522.65,"mi":"E","mv":7794,"sc":5,"lpe":99.41,"lpr":45691.09,"lq":1.0,"d":511160},{"pi":"423743","pc":"Промышленные товары","ss":1000,"td":"Центр города","dc":1,"n":102.46,"vc":"588","sl":"Элитный","sv":"11","p":99900.0,"q":8.44,"b":0.0,"ms":0.14,"wi":139.29,"ei":7.61,"as":522.65,"mi":"E","mv":7794,"sc":5,"lpe":99.41,"lpr":45691.09,"lq":1.0,"d":511160},{"pi":"423743","pc":"Промышленные товары","ss":1000,"td":"Спальный район","dc":2,"n":249.41,"vc":"1010","sl":"Очень высокий","sv":"10","p":59000.0,"q":8.44,"b":0.0,"ms":0.13,"wi":139.29,"ei":7.61,"as":522.65,"mi":"E","mv":7794,"sc":5,"lpe":99.41,"lpr":45691.09,"lq":1.0,"d":511160},{"pi":"423743","pc":"Промышленные товары","ss":1000,"td":"Фешенебельный район","dc":10,"n":5.17,"vc":"76","sl":"Элитный","sv":"9","p":60000.0,"q":1.01,"b":0.0,"ms":0.12,"wi":139.29,"ei":7.61,"as":522.65,"mi":"E","mv":7794,"sc":5,"lpe":99.41,"lpr":45691.09,"lq":1.0,"d":511160},{"pi":"423743","pc":"Промышленные товары","ss":100,"td":"Центр города","dc":1,"n":24.35,"vc":"67","sl":"Нормальный","sv":"1","p":60000.0,"q":8.44,"b":0.0,"ms":0.01,"wi":139.29,"ei":7.61,"as":522.65,"mi":"E","mv":7794,"sc":5,"lpe":99.41,"lpr":45691.09,"lq":1.0,"d":511160},{"pi":"423743","pc":"Промышленные товары","ss":1000,"td":"Центр города","dc":2,"n":111.54,"vc":"260","sl":"Элитный","sv":"10","p":58000.0,"q":8.44,"b":0.0,"ms":0.55,"wi":82.16,"ei":6.3,"as":619.12,"mi":"E","mv":1823,"sc":1,"lpe":99.45,"lpr":19043.16,"lq":1.0,"d":137756},{"pi":"423743","pc":"Промышленные товары","ss":1000,"td":"Фешенебельный район","dc":7,"n":438.71,"vc":"580","sl":"Высокий","sv":"1","p":150000.0,"q":30.53,"b":0.0,"ms":0.05,"wi":81.56,"ei":6.2,"as":587.86,"mi":"E","mv":1928,"sc":1,"lpe":99.95,"lpr":20053.43,"lq":1.0,"d":155754},{"pi":"423743","pc":"Промышленные товары","ss":1000,"td":"Центр города","dc":1,"n":587.78,"vc":"6038","sl":"Нормальный","sv":"5","p":94000.0,"q":8.44,"b":0.0,"ms":0.23,"wi":123.15,"ei":6.4,"as":612.62,"mi":"E","mv":2142,"sc":1,"lpe":99.77,"lpr":33636.53,"lq":1.0,"d":159767},{"pi":"423743","pc":"Промышленные товары","ss":1000,"td":"Фешенебельный район","dc":2,"n":505.06,"vc":"440","sl":"Элитный","sv":"5","p":55000.0,"q":8.36,"b":0.0,"ms":0.48,"wi":64.37,"ei":7.18,"as":499.17,"mi":"E","mv":1034,"sc":1,"lpe":99.52,"lpr":19019.58,"lq":1.0,"d":109115},{"pi":"423743","pc":"Промышленные товары","ss":300,"td":"Фешенебельный район","dc":1,"n":185.44,"vc":"56","sl":"Очень высокий","sv":"12","p":80000.0,"q":8.95,"b":1.92,"ms":1.04,"wi":66.32,"ei":6.62,"as":476.48,"mi":"E","mv":1152,"sc":4,"lpe":97.66,"lpr":18274.05,"lq":1.0,"d":95315},{"pi":"423743","pc":"Промышленные товары","ss":400,"td":"Центр города","dc":1,"n":183.86,"vc":"436","sl":"Элитный","sv":"8","p":100000.0,"q":8.6,"b":1.92,"ms":0.69,"wi":66.32,"ei":6.62,"as":476.48,"mi":"E","mv":1152,"sc":4,"lpe":97.66,"lpr":18274.05,"lq":1.0,"d":95315},{"pi":"423743","pc":"Промышленные товары","ss":1000,"td":"Фешенебельный район","dc":2,"n":502.09,"vc":"439","sl":"Элитный","sv":"5","p":55000.0,"q":8.36,"b":0.0,"ms":0.43,"wi":66.32,"ei":6.62,"as":476.48,"mi":"E","mv":1152,"sc":4,"lpe":97.66,"lpr":18274.05,"lq":1.0,"d":95315},{"pi":"423743","pc":"Промышленные товары","ss":1000,"td":"Центр города","dc":1,"n":467.12,"vc":"2404","sl":"Очень высокий","sv":"2","p":99999.0,"q":8.44,"b":0.0,"ms":0.17,"wi":66.32,"ei":6.62,"as":476.48,"mi":"E","mv":1152,"sc":4,"lpe":97.66,"lpr":18274.05,"lq":1.0,"d":95315},{"pi":"423743","pc":"Промышленные товары","ss":1000,"td":"Фешенебельный район","dc":1,"n":559.93,"vc":"1462","sl":"Элитный","sv":"170","p":126000.0,"q":11.9,"b":0.0,"ms":2.49,"wi":569.01,"ei":12.9,"as":1275.08,"mi":"E","mv":6826,"sc":1,"lpe":97.51,"lpr":44733.16,"lq":1.0,"d":1186465},{"pi":"423743","pc":"Промышленные товары","ss":1000,"td":"Фешенебельный район","dc":2,"n":480.79,"vc":"432","sl":"Элитный","sv":"5","p":55000.0,"q":8.36,"b":0.0,"ms":0.35,"wi":72.22,"ei":6.1,"as":515.8,"mi":"E","mv":1438,"sc":1,"lpe":99.65,"lpr":18637.73,"lq":1.0,"d":107962},{"pi":"423743","pc":"Промышленные товары","ss":1000,"td":"Центр города","dc":1,"n":409.49,"vc":"2968","sl":"Высокий","sv":"215","p":56214.09,"q":27.17,"b":0.0,"ms":14.53,"wi":69.08,"ei":6.0,"as":575.35,"mi":"E","mv":1480,"sc":2,"lpe":85.14,"lpr":14051.42,"lq":1.04,"d":120609},{"pi":"423743","pc":"Промышленные товары","ss":1000,"td":"Фешенебельный район","dc":2,"n":475.45,"vc":"430","sl":"Элитный","sv":"5","p":55000.0,"q":8.44,"b":0.0,"ms":0.34,"wi":69.08,"ei":6.0,"as":575.35,"mi":"E","mv":1480,"sc":2,"lpe":85.14,"lpr":14051.42,"lq":1.04,"d":120609},{"pi":"423743","pc":"Промышленные товары","ss":110000,"td":"Центр города","dc":4,"n":365.73,"vc":"125092","sl":"Нормальный","sv":"18","p":140000.0,"q":17.68,"b":0.0,"ms":0.05,"wi":88.48,"ei":13.01,"as":783.92,"mi":"E","mv":35528,"sc":1,"lpe":99.95,"lpr":26718.87,"lq":1.0,"d":2991227},{"pi":"423743","pc":"Промышленные товары","ss":500,"td":"Спальный район","dc":1,"n":216.87,"vc":"705","sl":"Очень высокий","sv":"1","p":152786.0,"q":9.65,"b":0.74,"ms":0.02,"wi":51.54,"ei":15.47,"as":505.67,"mi":"E","mv":5152,"sc":1,"lpe":99.98,"lpr":26017.66,"lq":1.0,"d":1289672},{"pi":"423743","pc":"Промышленные товары","ss":500,"td":"Спальный район","dc":1,"n":191.57,"vc":"736","sl":"Очень высокий","sv":"1","p":154652.84,"q":9.57,"b":0.74,"ms":0.01,"wi":40.4,"ei":15.02,"as":373.82,"mi":"E","mv":10378,"sc":1,"lpe":99.99,"lpr":22001.62,"lq":1.0,"d":2357195},{"pi":"423743","pc":"Промышленные товары","ss":300000,"td":"Фешенебельный район","dc":1,"n":596.63,"vc":"356987","sl":"Элитный","sv":"1000","p":100000.0,"q":39.79,"b":0.35,"ms":1.5,"wi":87.99,"ei":8.33,"as":720.62,"mi":"E","mv":66569,"sc":1,"lpe":98.5,"lpr":32002.67,"lq":1.0,"d":3557051},{"pi":"423743","pc":"Промышленные товары","ss":100000,"td":"Центр города","dc":1,"n":633.88,"vc":"2905593","sl":"Низкий","sv":"12117","p":140000.0,"q":43.59,"b":5.64,"ms":9.68,"wi":106.09,"ei":9.92,"as":695.71,"mi":"E","mv":125158,"sc":1,"lpe":90.32,"lpr":27385.7,"lq":1.0,"d":5851042},{"pi":"423743","pc":"Промышленные товары","ss":100000,"td":"Спальный район","dc":1,"n":315.49,"vc":"75224","sl":"Элитный","sv":"500","p":100000.0,"q":39.79,"b":3.99,"ms":0.26,"wi":230.26,"ei":11.11,"as":807.34,"mi":"E","mv":192018,"sc":3,"lpe":99.38,"lpr":55480.51,"lq":1.0,"d":7803456},{"pi":"423743","pc":"Промышленные товары","ss":100000,"td":"Фешенебельный район","dc":1,"n":221.59,"vc":"6099","sl":"Элитный","sv":"363","p":110000.0,"q":17.3,"b":1.84,"ms":0.19,"wi":230.26,"ei":11.11,"as":807.34,"mi":"E","mv":192018,"sc":3,"lpe":99.38,"lpr":55480.51,"lq":1.0,"d":7803456},{"pi":"423743","pc":"Промышленные товары","ss":100000,"td":"Фешенебельный район","dc":1,"n":558.83,"vc":"156166","sl":"Элитный","sv":"326","p":145000.0,"q":34.03,"b":3.82,"ms":0.17,"wi":230.26,"ei":11.11,"as":807.34,"mi":"E","mv":192018,"sc":3,"lpe":99.38,"lpr":55480.51,"lq":1.0,"d":7803456},{"pi":"423743","pc":"Промышленные товары","ss":30000,"td":"Центр города","dc":2,"n":465.61,"vc":"26875","sl":"Элитный","sv":"25","p":132100.0,"q":14.23,"b":0.0,"ms":44.64,"wi":533.39,"ei":8.51,"as":628.43,"mi":"E","mv":56,"sc":1,"lpe":55.36,"lpr":105117.08,"lq":2.59,"d":417832},{"pi":"423743","pc":"Промышленные товары","ss":10000,"td":"Центр города","dc":1,"n":368.22,"vc":"30442","sl":"Очень высокий","sv":"1","p":125000.0,"q":32.32,"b":0.0,"ms":0.01,"wi":54.62,"ei":8.13,"as":583.09,"mi":"E","mv":11469,"sc":1,"lpe":99.99,"lpr":11876.28,"lq":1.0,"d":2240152},{"pi":"423743","pc":"Промышленные товары","ss":300000,"td":"Фешенебельный район","dc":10,"n":476.41,"vc":"116679","sl":"Нормальный","sv":"512","p":170200.0,"q":30.52,"b":0.0,"ms":1.21,"wi":185.66,"ei":10.64,"as":511.0,"mi":"E","mv":42344,"sc":4,"lpe":98.42,"lpr":39290.45,"lq":1.29,"d":4054442},{"pi":"423743","pc":"Промышленные товары","ss":100000,"td":"Фешенебельный район","dc":1,"n":468.93,"vc":"47791","sl":"Элитный","sv":"146","p":225000.0,"q":27.46,"b":5.12,"ms":0.34,"wi":185.66,"ei":10.64,"as":511.0,"mi":"E","mv":42344,"sc":4,"lpe":98.42,"lpr":39290.45,"lq":1.29,"d":4054442},{"pi":"423743","pc":"Промышленные товары","ss":10000,"td":"Центр города","dc":1,"n":370.87,"vc":"23271","sl":"Очень высокий","sv":"10","p":142000.0,"q":6.25,"b":0.0,"ms":0.02,"wi":185.66,"ei":10.64,"as":511.0,"mi":"E","mv":42344,"sc":4,"lpe":98.42,"lpr":39290.45,"lq":1.29,"d":4054442},{"pi":"423743","pc":"Промышленные товары","ss":500,"td":"Спальный район","dc":1,"n":95.23,"vc":"568","sl":"Элитный","sv":"1","p":166535.88,"q":9.65,"b":1.05,"ms":0.0,"wi":185.66,"ei":10.64,"as":511.0,"mi":"E","mv":42344,"sc":4,"lpe":98.42,"lpr":39290.45,"lq":1.29,"d":4054442},{"pi":"423743","pc":"Промышленные товары","ss":100000,"td":"Спальный район","dc":1,"n":404.78,"vc":"109577","sl":"Элитный","sv":"500","p":100000.0,"q":39.79,"b":3.99,"ms":1.47,"wi":105.68,"ei":11.41,"as":572.31,"mi":"E","mv":33941,"sc":1,"lpe":98.53,"lpr":27415.95,"lq":1.0,"d":1966686},{"pi":"423743","pc":"Промышленные товары","ss":300000,"td":"Фешенебельный район","dc":10,"n":652.07,"vc":"436407","sl":"Высокий","sv":"1","p":135959.21,"q":32.42,"b":3.34,"ms":0.08,"wi":23.52,"ei":7.88,"as":412.08,"mi":"E","mv":1185,"sc":1,"lpe":99.92,"lpr":12377.57,"lq":1.0,"d":385559},{"pi":"423743","pc":"Промышленные товары","ss":100000,"td":"Центр города","dc":1,"n":423.24,"vc":"222670","sl":"Элитный","sv":"294","p":80000.0,"q":24.6,"b":4.33,"ms":0.64,"wi":47.13,"ei":6.57,"as":496.53,"mi":"E","mv":45942,"sc":1,"lpe":99.36,"lpr":9000.09,"lq":1.0,"d":3947491},{"pi":"423743","pc":"Промышленные товары","ss":12000,"td":"Фешенебельный район","dc":2,"n":361.17,"vc":"5800","sl":"Очень высокий","sv":"79","p":120000.0,"q":26.52,"b":0.26,"ms":0.35,"wi":61.53,"ei":5.72,"as":533.37,"mi":"E","mv":22547,"sc":1,"lpe":99.65,"lpr":17365.3,"lq":1.0,"d":3612440},{"pi":"423743","pc":"Промышленные товары","ss":100000,"td":"Фешенебельный район","dc":2,"n":689.98,"vc":"214121","sl":"Элитный","sv":"8","p":250000.0,"q":23.53,"b":0.62,"ms":0.13,"wi":140.39,"ei":10.48,"as":3219.88,"mi":"E","mv":5989,"sc":1,"lpe":99.87,"lpr":34355.32,"lq":1.0,"d":523744},{"pi":"423743","pc":"Промышленные товары","ss":500,"td":"Спальный район","dc":1,"n":195.23,"vc":"732","sl":"Очень высокий","sv":"5","p":163219.76,"q":9.65,"b":0.75,"ms":0.07,"wi":71.61,"ei":5.65,"as":345.34,"mi":"E","mv":7471,"sc":1,"lpe":99.93,"lpr":31382.72,"lq":1.0,"d":1510368},{"pi":"423743","pc":"Промышленные товары","ss":100000,"td":"Центр города","dc":7,"n":725.97,"vc":"655564","sl":"Низкий","sv":"2","p":300000.0,"q":31.23,"b":0.78,"ms":0.06,"wi":92.04,"ei":7.2,"as":902.78,"mi":"E","mv":3187,"sc":1,"lpe":99.94,"lpr":31830.38,"lq":1.0,"d":187304},{"pi":"423743","pc":"Промышленные товары","ss":100000,"td":"Центр города","dc":6,"n":692.83,"vc":"1012074","sl":"Очень низкий","sv":"24","p":250000.0,"q":31.29,"b":1.04,"ms":0.73,"wi":93.25,"ei":7.7,"as":950.8,"mi":"E","mv":3283,"sc":1,"lpe":99.27,"lpr":33648.29,"lq":1.0,"d":192776},{"pi":"423743","pc":"Промышленные товары","ss":100000,"td":"Центр города","dc":5,"n":546.24,"vc":"270712","sl":"Нормальный","sv":"2","p":300000.0,"q":31.23,"b":0.78,"ms":0.05,"wi":96.83,"ei":8.03,"as":1008.42,"mi":"E","mv":3815,"sc":1,"lpe":99.95,"lpr":31383.4,"lq":1.0,"d":235034},{"pi":"423743","pc":"Промышленные товары","ss":130000,"td":"Центр города","dc":4,"n":689.6,"vc":"1253626","sl":"Низкий","sv":"18","p":300000.0,"q":31.3,"b":1.12666666666667,"ms":0.44,"wi":113.17,"ei":8.19,"as":1078.0,"mi":"E","mv":4076,"sc":1,"lpe":99.56,"lpr":39217.05,"lq":1.0,"d":238786},{"pi":"423743","pc":"Промышленные товары","ss":1000,"td":"Фешенебельный район","dc":1,"n":646.63,"vc":"2001","sl":"Очень высокий","sv":"400","p":60000.0,"q":39.79,"b":0.0,"ms":4.81,"wi":260.65,"ei":11.6,"as":803.39,"mi":"E","mv":8317,"sc":2,"lpe":95.13,"lpr":74872.77,"lq":1.0,"d":792376},{"pi":"423743","pc":"Промышленные товары","ss":1000,"td":"Центр города","dc":1,"n":438.22,"vc":"4120","sl":"Высокий","sv":"5","p":200000.0,"q":30.4,"b":0.0,"ms":0.06,"wi":260.65,"ei":11.6,"as":803.39,"mi":"E","mv":8317,"sc":2,"lpe":95.13,"lpr":74872.77,"lq":1.0,"d":792376},{"pi":"423743","pc":"Промышленные товары","ss":1000,"td":"Фешенебельный район","dc":1,"n":536.01,"vc":"810","sl":"Элитный","sv":"131","p":420000.0,"q":26.42,"b":5.23,"ms":9.35,"wi":186.64,"ei":16.24,"as":798.74,"mi":"E","mv":1401,"sc":1,"lpe":90.65,"lpr":74069.16,"lq":3.2,"d":1054316},{"pi":"423743","pc":"Промышленные товары","ss":100000,"td":"Центр города","dc":2,"n":461.17,"vc":"238905","sl":"Очень высокий","sv":"202","p":130000.0,"q":17.75,"b":0.0,"ms":2.52,"wi":45.35,"ei":17.34,"as":618.78,"mi":"E","mv":8019,"sc":1,"lpe":97.48,"lpr":22208.85,"lq":1.0,"d":1397778},{"pi":"423743","pc":"Промышленные товары","ss":100000,"td":"Фешенебельный район","dc":1,"n":574.9,"vc":"102657","sl":"Элитный","sv":"1000","p":80000.0,"q":39.79,"b":0.52,"ms":3.02,"wi":67.74,"ei":11.25,"as":565.7,"mi":"E","mv":33108,"sc":1,"lpe":96.98,"lpr":26396.14,"lq":1.0,"d":2564793},{"pi":"423743","pc":"Промышленные товары","ss":100000,"td":"Центр города","dc":10,"n":675.22,"vc":"2325114","sl":"Очень низкий","sv":"1350","p":146299.08,"q":32.27,"b":3.43,"ms":6.05,"wi":161.88,"ei":8.99,"as":1122.59,"mi":"E","mv":22329,"sc":1,"lpe":93.95,"lpr":37636.26,"lq":1.0,"d":1111265},{"pi":"423743","pc":"Промышленные товары","ss":300000,"td":"Центр города","dc":10,"n":656.79,"vc":"1885002","sl":"Очень низкий","sv":"293","p":146302.6,"q":32.27,"b":3.43,"ms":5.9,"wi":125.85,"ei":6.71,"as":897.25,"mi":"E","mv":4970,"sc":1,"lpe":94.1,"lpr":35335.8,"lq":1.0,"d":535396},{"pi":"423743","pc":"Промышленные товары","ss":100000,"td":"Фешенебельный район","dc":1,"n":717.77,"vc":"190594","sl":"Элитный","sv":"256","p":200000.0,"q":23.55,"b":5.94,"ms":9.3,"wi":165.1,"ei":6.9,"as":1284.8,"mi":"E","mv":2754,"sc":1,"lpe":90.7,"lpr":33990.82,"lq":1.0,"d":226165},{"pi":"423743","pc":"Промышленные товары","ss":500,"td":"Спальный район","dc":1,"n":125.56,"vc":"894","sl":"Очень высокий","sv":"3","p":163218.16,"q":9.65,"b":0.75,"ms":0.01,"wi":70.9,"ei":6.2,"as":767.71,"mi":"E","mv":57898,"sc":1,"lpe":99.99,"lpr":45625.87,"lq":1.0,"d":7321662},{"pi":"423743","pc":"Промышленные товары","ss":21300,"td":"Центр города","dc":2,"n":230.66,"vc":"10649","sl":"Элитный","sv":"595","p":60000.0,"q":1.01,"b":0.0,"ms":6.72,"wi":38.43,"ei":4.43,"as":328.69,"mi":"E","mv":8860,"sc":3,"lpe":92.26,"lpr":33176.43,"lq":1.0,"d":1877797},{"pi":"423743","pc":"Промышленные товары","ss":100000,"td":"Фешенебельный район","dc":1,"n":414.72,"vc":"23727","sl":"Элитный","sv":"89","p":400000.0,"q":36.31,"b":0.0,"ms":1.0,"wi":38.43,"ei":4.43,"as":328.69,"mi":"E","mv":8860,"sc":3,"lpe":92.26,"lpr":33176.43,"lq":1.0,"d":1877797},{"pi":"423743","pc":"Промышленные товары","ss":500,"td":"Спальный район","dc":1,"n":183.79,"vc":"750","sl":"Очень высокий","sv":"2","p":159879.48,"q":9.65,"b":0.75,"ms":0.02,"wi":38.43,"ei":4.43,"as":328.69,"mi":"E","mv":8860,"sc":3,"lpe":92.26,"lpr":33176.43,"lq":1.0,"d":1877797},{"pi":"423743","pc":"Промышленные товары","ss":100000,"td":"Центр города","dc":1,"n":479.96,"vc":"198210","sl":"Элитный","sv":"300","p":150000.0,"q":39.79,"b":3.23,"ms":2.09,"wi":223.33,"ei":14.29,"as":2786.11,"mi":"E","mv":14335,"sc":1,"lpe":97.91,"lpr":78809.91,"lq":1.0,"d":761160},{"pi":"423743","pc":"Промышленные товары","ss":500,"td":"Спальный район","dc":1,"n":165.29,"vc":"783","sl":"Очень высокий","sv":"1","p":158260.6,"q":9.66,"b":0.75,"ms":0.01,"wi":34.88,"ei":6.08,"as":392.51,"mi":"E","mv":19420,"sc":1,"lpe":99.99,"lpr":22603.73,"lq":1.0,"d":2800757},{"pi":"423743","pc":"Промышленные товары","ss":100000,"td":"Центр города","dc":1,"n":398.66,"vc":"168973","sl":"Элитный","sv":"900","p":100000.0,"q":39.79,"b":4.73,"ms":1.69,"wi":101.64,"ei":8.07,"as":619.76,"mi":"E","mv":53173,"sc":3,"lpe":96.81,"lpr":28379.03,"lq":1.0,"d":3525358},{"pi":"423743","pc":"Промышленные товары","ss":300000,"td":"Фешенебельный район","dc":10,"n":476.51,"vc":"121746","sl":"Низкий","sv":"790","p":116600.0,"q":30.29,"b":0.0,"ms":1.49,"wi":101.64,"ei":8.07,"as":619.76,"mi":"E","mv":53173,"sc":3,"lpe":96.81,"lpr":28379.03,"lq":1.0,"d":3525358},{"pi":"423743","pc":"Промышленные товары","ss":10000,"td":"Центр города","dc":1,"n":339.94,"vc":"28947","sl":"Очень высокий","sv":"4","p":200000.0,"q":35.5,"b":0.0,"ms":0.01,"wi":101.64,"ei":8.07,"as":619.76,"mi":"E","mv":53173,"sc":3,"lpe":96.81,"lpr":28379.03,"lq":1.0,"d":3525358},{"pi":"423743","pc":"Промышленные товары","ss":100000,"td":"Центр города","dc":1,"n":408.55,"vc":"148592","sl":"Элитный","sv":"150","p":150000.0,"q":39.79,"b":4.62,"ms":0.41,"wi":128.61,"ei":8.77,"as":584.64,"mi":"E","mv":36620,"sc":1,"lpe":99.59,"lpr":38037.24,"lq":1.0,"d":1860494},{"pi":"423743","pc":"Промышленные товары","ss":100000,"td":"Спальный район","dc":1,"n":393.95,"vc":"124128","sl":"Элитный","sv":"1000","p":120000.0,"q":39.79,"b":4.62,"ms":1.38,"wi":112.22,"ei":9.88,"as":716.49,"mi":"E","mv":72355,"sc":1,"lpe":98.62,"lpr":35320.47,"lq":1.0,"d":3780942},{"pi":"423743","pc":"Промышленные товары","ss":1000,"td":"Центр города","dc":2,"n":376.67,"vc":"1262","sl":"Очень высокий","sv":"3","p":145000.0,"q":28.06,"b":6.44,"ms":0.35,"wi":59.87,"ei":9.19,"as":1801.74,"mi":"E","mv":857,"sc":1,"lpe":99.65,"lpr":22704.35,"lq":1.0,"d":608764},{"pi":"423743","pc":"Промышленные товары","ss":100000,"td":"Центр города","dc":6,"n":237.46,"vc":"19831","sl":"Элитный","sv":"30","p":150000.0,"q":33.59,"b":0.0,"ms":0.29,"wi":75.63,"ei":5.95,"as":1025.52,"mi":"E","mv":10518,"sc":1,"lpe":99.71,"lpr":31001.3,"lq":1.0,"d":961319},{"pi":"423743","pc":"Промышленные товары","ss":200000,"td":"Фешенебельный район","dc":10,"n":673.02,"vc":"367272","sl":"Нормальный","sv":"264","p":136788.88,"q":32.27,"b":2.1,"ms":6.44,"wi":168.71,"ei":11.17,"as":932.26,"mi":"E","mv":4098,"sc":1,"lpe":93.56,"lpr":30719.75,"lq":1.0,"d":2693898},{"pi":"423743","pc":"Промышленные товары","ss":300000,"td":"Спальный район","dc":4,"n":584.68,"vc":"1023283","sl":"Нормальный","sv":"98","p":120000.0,"q":18.45,"b":0.67,"ms":0.92,"wi":67.07,"ei":8.15,"as":603.66,"mi":"E","mv":10672,"sc":1,"lpe":99.08,"lpr":22503.2,"lq":1.0,"d":847768},{"pi":"423743","pc":"Промышленные товары","ss":130000,"td":"Центр города","dc":7,"n":308.05,"vc":"138680","sl":"Очень высокий","sv":"1982","p":150000.0,"q":29.84,"b":0.00435923309788093,"ms":1.17,"wi":50.52,"ei":5.61,"as":221.72,"mi":"E","mv":169879,"sc":4,"lpe":98.78,"lpr":27329.36,"lq":1.0,"d":21190331},{"pi":"423743","pc":"Промышленные товары","ss":100000,"td":"Центр города","dc":2,"n":410.83,"vc":"309225","sl":"Очень высокий","sv":"55","p":215000.0,"q":18.19,"b":0.31,"ms":0.03,"wi":50.52,"ei":5.61,"as":221.72,"mi":"E","mv":169879,"sc":4,"lpe":98.78,"lpr":27329.36,"lq":1.0,"d":21190331},{"pi":"423743","pc":"Промышленные товары","ss":300000,"td":"Центр города","dc":10,"n":591.14,"vc":"5963668","sl":"Очень низкий","sv":"33","p":138434.03,"q":32.27,"b":2.46,"ms":0.02,"wi":50.52,"ei":5.61,"as":221.72,"mi":"E","mv":169879,"sc":4,"lpe":98.78,"lpr":27329.36,"lq":1.0,"d":21190331},{"pi":"423743","pc":"Промышленные товары","ss":110000,"td":"Центр города","dc":2,"n":100.96,"vc":"16448","sl":"Элитный","sv":"3","p":64000.0,"q":1.02,"b":0.0,"ms":0.0,"wi":50.52,"ei":5.61,"as":221.72,"mi":"E","mv":169879,"sc":4,"lpe":98.78,"lpr":27329.36,"lq":1.0,"d":21190331},{"pi":"423743","pc":"Промышленные товары","ss":100000,"td":"Центр города","dc":6,"n":119.86,"vc":"8282","sl":"Элитный","sv":"6","p":90000.0,"q":6.7,"b":0.0,"ms":0.08,"wi":36.4,"ei":14.36,"as":557.66,"mi":"E","mv":7714,"sc":1,"lpe":99.92,"lpr":25615.92,"lq":1.0,"d":4715226},{"pi":"423743","pc":"Промышленные товары","ss":200000,"td":"Центр города","dc":10,"n":677.68,"vc":"3773733","sl":"Очень низкий","sv":"16","p":131095.82,"q":32.25,"b":2.46,"ms":0.35,"wi":20.51,"ei":6.53,"as":281.58,"mi":"E","mv":4605,"sc":1,"lpe":99.65,"lpr":9866.31,"lq":1.0,"d":1717880},{"pi":"423743","pc":"Промышленные товары","ss":200000,"td":"Центр города","dc":10,"n":673.01,"vc":"4987647","sl":"Очень низкий","sv":"18","p":138012.97,"q":32.26,"b":2.46,"ms":0.22,"wi":17.46,"ei":7.34,"as":530.84,"mi":"E","mv":8320,"sc":1,"lpe":99.78,"lpr":13450.64,"lq":1.0,"d":6681641},{"pi":"423743","pc":"Промышленные товары","ss":300000,"td":"Фешенебельный район","dc":1,"n":597.74,"vc":"960843","sl":"Элитный","sv":"12266","p":150000.0,"q":30.7,"b":5.12123430621229,"ms":3.05,"wi":97.02,"ei":6.7,"as":1496.04,"mi":"E","mv":401597,"sc":5,"lpe":96.49,"lpr":23799.65,"lq":1.0,"d":14518620},{"pi":"423743","pc":"Промышленные товары","ss":300000,"td":"Фешенебельный район","dc":10,"n":532.12,"vc":"340970","sl":"Высокий","sv":"1515","p":108200.0,"q":30.28,"b":0.206369636963696,"ms":0.38,"wi":97.02,"ei":6.7,"as":1496.04,"mi":"E","mv":401597,"sc":5,"lpe":96.49,"lpr":23799.65,"lq":1.0,"d":14518620},{"pi":"423743","pc":"Промышленные товары","ss":100000,"td":"Центр города","dc":1,"n":338.73,"vc":"155847","sl":"Элитный","sv":"300","p":100000.0,"q":39.79,"b":3.59,"ms":0.07,"wi":97.02,"ei":6.7,"as":1496.04,"mi":"E","mv":401597,"sc":5,"lpe":96.49,"lpr":23799.65,"lq":1.0,"d":14518620},{"pi":"423743","pc":"Промышленные товары","ss":10500,"td":"Центр города","dc":4,"n":274.34,"vc":"30122","sl":"Очень низкий","sv":"14","p":110000.0,"q":26.52,"b":0.49,"ms":0.0,"wi":97.02,"ei":6.7,"as":1496.04,"mi":"E","mv":401597,"sc":5,"lpe":96.49,"lpr":23799.65,"lq":1.0,"d":14518620},{"pi":"423743","pc":"Промышленные товары","ss":100000,"td":"Фешенебельный район","dc":1,"n":201.46,"vc":"6246","sl":"Элитный","sv":"1","p":110000.0,"q":28.05,"b":1.63,"ms":0.0,"wi":97.02,"ei":6.7,"as":1496.04,"mi":"E","mv":401597,"sc":5,"lpe":96.49,"lpr":23799.65,"lq":1.0,"d":14518620},{"pi":"423743","pc":"Промышленные товары","ss":1000,"td":"Фешенебельный район","dc":2,"n":464.12,"vc":"427","sl":"Элитный","sv":"5","p":55000.0,"q":8.44,"b":0.31,"ms":0.27,"wi":71.32,"ei":6.3,"as":555.66,"mi":"E","mv":1819,"sc":1,"lpe":99.73,"lpr":18901.0,"lq":1.0,"d":136592},{"pi":"423743","pc":"Промышленные товары","ss":100000,"td":"Центр города","dc":1,"n":507.12,"vc":"386099","sl":"Элитный","sv":"1273","p":100000.0,"q":24.4,"b":3.66,"ms":2.45,"wi":86.87,"ei":4.74,"as":509.07,"mi":"E","mv":51928,"sc":4,"lpe":93.4,"lpr":12419.1,"lq":1.0,"d":2669923},{"pi":"423743","pc":"Промышленные товары","ss":100000,"td":"Фешенебельный район","dc":1,"n":653.02,"vc":"353319","sl":"Элитный","sv":"826","p":125000.0,"q":30.71,"b":5.13,"ms":1.59,"wi":86.87,"ei":4.74,"as":509.07,"mi":"E","mv":51928,"sc":4,"lpe":93.4,"lpr":12419.1,"lq":1.0,"d":2669923},{"pi":"423743","pc":"Промышленные товары","ss":100000,"td":"Фешенебельный район","dc":1,"n":653.02,"vc":"353319","sl":"Элитный","sv":"826","p":125000.0,"q":30.71,"b":5.12378934624697,"ms":1.59,"wi":86.87,"ei":4.74,"as":509.07,"mi":"E","mv":51928,"sc":4,"lpe":93.4,"lpr":12419.1,"lq":1.0,"d":2669923},{"pi":"423743","pc":"Промышленные товары","ss":100000,"td":"Центр города","dc":1,"n":397.7,"vc":"134825","sl":"Элитный","sv":"500","p":75000.0,"q":39.79,"b":3.59,"ms":0.96,"wi":86.87,"ei":4.74,"as":509.07,"mi":"E","mv":51928,"sc":4,"lpe":93.4,"lpr":12419.1,"lq":1.0,"d":2669923},{"pi":"423743","pc":"Промышленные товары","ss":100000,"td":"Центр города","dc":1,"n":377.01,"vc":"123182","sl":"Элитный","sv":"1000","p":100000.0,"q":39.79,"b":3.59,"ms":1.34,"wi":125.84,"ei":6.73,"as":962.65,"mi":"E","mv":74406,"sc":3,"lpe":97.56,"lpr":19463.13,"lq":1.0,"d":2589900},{"pi":"423743","pc":"Промышленные товары","ss":100000,"td":"Фешенебельный район","dc":1,"n":646.18,"vc":"368794","sl":"Элитный","sv":"408","p":125000.0,"q":30.71,"b":5.13,"ms":0.55,"wi":125.84,"ei":6.73,"as":962.65,"mi":"E","mv":74406,"sc":3,"lpe":97.56,"lpr":19463.13,"lq":1.0,"d":2589900},{"pi":"423743","pc":"Промышленные товары","ss":100000,"td":"Фешенебельный район","dc":1,"n":646.18,"vc":"368794","sl":"Элитный","sv":"408","p":125000.0,"q":30.71,"b":5.13,"ms":0.55,"wi":125.84,"ei":6.73,"as":962.65,"mi":"E","mv":74406,"sc":3,"lpe":97.56,"lpr":19463.13,"lq":1.0,"d":2589900},{"pi":"423743","pc":"Промышленные товары","ss":1000,"td":"Центр города","dc":1,"n":495.23,"vc":"8514","sl":"Низкий","sv":"363","p":180000.0,"q":32.75,"b":0.0278512396694215,"ms":2.65,"wi":171.59,"ei":7.28,"as":666.01,"mi":"E","mv":13684,"sc":1,"lpe":97.35,"lpr":35477.91,"lq":1.0,"d":594460},{"pi":"423743","pc":"Промышленные товары","ss":100000,"td":"Центр города","dc":1,"n":584.57,"vc":"327652","sl":"Элитный","sv":"200","p":50000.0,"q":39.79,"b":0.63,"ms":7.27,"wi":369.57,"ei":13.98,"as":6417.65,"mi":"E","mv":2752,"sc":1,"lpe":92.73,"lpr":20939.79,"lq":1.0,"d":258267},{"pi":"423743","pc":"Промышленные товары","ss":100000,"td":"Центр города","dc":1,"n":548.3,"vc":"273588","sl":"Элитный","sv":"300","p":200000.0,"q":39.79,"b":0.63,"ms":14.06,"wi":168.66,"ei":11.75,"as":7036.5,"mi":"E","mv":2134,"sc":1,"lpe":85.94,"lpr":33001.29,"lq":3.63,"d":228930},{"pi":"423743","pc":"Промышленные товары","ss":100000,"td":"Центр города","dc":1,"n":572.68,"vc":"193347","sl":"Элитный","sv":"52","p":300000.0,"q":39.56,"b":0.63,"ms":1.28,"wi":634.78,"ei":14.13,"as":7357.38,"mi":"E","mv":4068,"sc":1,"lpe":98.72,"lpr":45030.95,"lq":1.0,"d":226832},{"pi":"423743","pc":"Промышленные товары","ss":300000,"td":"Фешенебельный район","dc":10,"n":532.12,"vc":"33099","sl":"Элитный","sv":"249","p":138600.0,"q":30.23,"b":0.231325301204819,"ms":1.04,"wi":221.05,"ei":16.5,"as":6964.41,"mi":"E","mv":24002,"sc":2,"lpe":98.85,"lpr":32155.84,"lq":1.0,"d":895960},{"pi":"423743","pc":"Промышленные товары","ss":100000,"td":"Центр города","dc":1,"n":449.89,"vc":"44058","sl":"Элитный","sv":"27","p":200000.0,"q":39.62,"b":0.63,"ms":0.11,"wi":221.05,"ei":16.5,"as":6964.41,"mi":"E","mv":24002,"sc":2,"lpe":98.85,"lpr":32155.84,"lq":1.0,"d":895960},{"pi":"423743","pc":"Промышленные товары","ss":300000,"td":"Центр города","dc":1,"n":682.66,"vc":"1044083","sl":"Элитный","sv":"2836","p":72903.19,"q":38.05,"b":4.78,"ms":17.08,"wi":132.48,"ei":15.79,"as":6501.0,"mi":"E","mv":16606,"sc":2,"lpe":81.72,"lpr":32823.71,"lq":3.78,"d":810712},{"pi":"423743","pc":"Промышленные товары","ss":100000,"td":"Центр города","dc":1,"n":532.18,"vc":"94643","sl":"Элитный","sv":"200","p":80000.0,"q":39.79,"b":0.63,"ms":1.2,"wi":132.48,"ei":15.79,"as":6501.0,"mi":"E","mv":16606,"sc":2,"lpe":81.72,"lpr":32823.71,"lq":3.78,"d":810712},{"pi":"423743","pc":"Промышленные товары","ss":200000,"td":"Фешенебельный район","dc":1,"n":726.8,"vc":"490853","sl":"Элитный","sv":"181","p":200000.0,"q":39.74,"b":0.63,"ms":4.42,"wi":155.28,"ei":13.74,"as":5804.43,"mi":"E","mv":4099,"sc":1,"lpe":95.58,"lpr":30828.1,"lq":1.0,"d":1047830},{"pi":"423743","pc":"Промышленные товары","ss":200000,"td":"Фешенебельный район","dc":5,"n":636.0,"vc":"134741","sl":"Очень высокий","sv":"24","p":35000.0,"q":27.02,"b":1.65791666666667,"ms":2.68,"wi":19.32,"ei":4.53,"as":173.34,"mi":"E","mv":897,"sc":1,"lpe":97.32,"lpr":2784.27,"lq":1.0,"d":259023},{"pi":"423743","pc":"Промышленные товары","ss":100000,"td":"Центр города","dc":2,"n":430.15,"vc":"145020","sl":"Нормальный","sv":"14","p":175000.0,"q":18.2,"b":3.96,"ms":0.06,"wi":112.44,"ei":5.68,"as":532.11,"mi":"E","mv":23978,"sc":1,"lpe":99.94,"lpr":20990.95,"lq":1.0,"d":1839952},{"pi":"423743","pc":"Промышленные товары","ss":100000,"td":"Центр города","dc":1,"n":405.03,"vc":"139149","sl":"Элитный","sv":"1442","p":100000.0,"q":39.73,"b":3.59,"ms":2.99,"wi":98.63,"ei":5.39,"as":509.13,"mi":"E","mv":48192,"sc":3,"lpe":95.82,"lpr":15820.9,"lq":1.0,"d":2219475},{"pi":"423743","pc":"Промышленные товары","ss":100000,"td":"Фешенебельный район","dc":1,"n":661.74,"vc":"369564","sl":"Элитный","sv":"400","p":125000.0,"q":30.71,"b":5.13,"ms":0.83,"wi":98.63,"ei":5.39,"as":509.13,"mi":"E","mv":48192,"sc":3,"lpe":95.82,"lpr":15820.9,"lq":1.0,"d":2219475},{"pi":"423743","pc":"Промышленные товары","ss":100000,"td":"Фешенебельный район","dc":2,"n":517.19,"vc":"61374","sl":"Элитный","sv":"172","p":100000.0,"q":23.92,"b":0.0,"ms":0.36,"wi":98.63,"ei":5.39,"as":509.13,"mi":"E","mv":48192,"sc":3,"lpe":95.82,"lpr":15820.9,"lq":1.0,"d":2219475},{"pi":"423743","pc":"Промышленные товары","ss":500,"td":"Спальный район","dc":1,"n":270.54,"vc":"659","sl":"Высокий","sv":"2","p":161506.44,"q":9.65,"b":0.75,"ms":0.03,"wi":92.13,"ei":3.48,"as":235.28,"mi":"E","mv":6897,"sc":1,"lpe":99.97,"lpr":34474.8,"lq":1.0,"d":427294},{"pi":"423743","pc":"Промышленные товары","ss":150000,"td":"Центр города","dc":1,"n":621.58,"vc":"2392493","sl":"Нормальный","sv":"2808","p":113000.0,"q":29.56,"b":0.0,"ms":12.81,"wi":42.37,"ei":15.82,"as":573.53,"mi":"E","mv":21928,"sc":2,"lpe":87.19,"lpr":17109.69,"lq":1.65,"d":5702829},{"pi":"423743","pc":"Промышленные товары","ss":10100,"td":"Фешенебельный район","dc":2,"n":44.05,"vc":"351","sl":"Элитный","sv":"1","p":145837.4,"q":30.84,"b":0.0,"ms":0.0,"wi":42.37,"ei":15.82,"as":573.53,"mi":"E","mv":21928,"sc":2,"lpe":87.19,"lpr":17109.69,"lq":1.65,"d":5702829},{"pi":"423743","pc":"Промышленные товары","ss":10000,"td":"Центр города","dc":1,"n":524.04,"vc":"36284","sl":"Нормальный","sv":"120","p":165000.0,"q":17.8,"b":0.0,"ms":2.45,"wi":79.53,"ei":11.74,"as":1530.97,"mi":"E","mv":4891,"sc":1,"lpe":97.55,"lpr":38089.27,"lq":1.0,"d":437787},{"pi":"423743","pc":"Промышленные товары","ss":100000,"td":"Центр города","dc":1,"n":489.97,"vc":"282168","sl":"Элитный","sv":"5","p":409508.19,"q":15.58,"b":0.0,"ms":0.02,"wi":109.91,"ei":9.26,"as":1343.18,"mi":"E","mv":23228,"sc":1,"lpe":99.98,"lpr":43207.74,"lq":1.0,"d":1964175},{"pi":"423743","pc":"Промышленные товары","ss":100000,"td":"Центр города","dc":1,"n":578.28,"vc":"548030","sl":"Очень высокий","sv":"96","p":200000.0,"q":32.77,"b":0.0151041666666667,"ms":3.33,"wi":86.73,"ei":12.31,"as":1047.78,"mi":"E","mv":2883,"sc":1,"lpe":96.67,"lpr":31980.18,"lq":1.0,"d":229544},{"pi":"423743","pc":"Промышленные товары","ss":10000,"td":"Фешенебельный район","dc":1,"n":756.89,"vc":"22201","sl":"Элитный","sv":"125","p":40000.0,"q":39.6,"b":6.69,"ms":7.51,"wi":47.69,"ei":9.89,"as":699.2,"mi":"E","mv":1665,"sc":1,"lpe":92.49,"lpr":2810.73,"lq":2.33,"d":305125},{"pi":"423743","pc":"Промышленные товары","ss":300000,"td":"Центр города","dc":10,"n":664.19,"vc":"5018442","sl":"Очень низкий","sv":"293","p":142585.96,"q":32.27,"b":3.06,"ms":1.62,"wi":120.78,"ei":7.98,"as":1015.33,"mi":"E","mv":18049,"sc":1,"lpe":98.38,"lpr":38478.31,"lq":1.0,"d":1165996},{"pi":"423743","pc":"Промышленные товары","ss":50000,"td":"Центр города","dc":1,"n":483.34,"vc":"124092","sl":"Элитный","sv":"42","p":306406.71,"q":26.61,"b":0.0,"ms":0.31,"wi":119.31,"ei":9.63,"as":1200.99,"mi":"E","mv":13769,"sc":1,"lpe":99.69,"lpr":42582.46,"lq":1.0,"d":808908},{"pi":"423743","pc":"Промышленные товары","ss":300000,"td":"Фешенебельный район","dc":1,"n":628.58,"vc":"548142","sl":"Элитный","sv":"202","p":202363.97,"q":17.77,"b":0.0,"ms":1.0,"wi":122.6,"ei":9.62,"as":1344.56,"mi":"E","mv":20250,"sc":1,"lpe":99.0,"lpr":46112.85,"lq":1.0,"d":1252410},{"pi":"423743","pc":"Промышленные товары","ss":300000,"td":"Фешенебельный район","dc":1,"n":722.55,"vc":"567928","sl":"Элитный","sv":"9224","p":100000.0,"q":39.79,"b":4.63,"ms":100.0,"wi":164.12,"ei":12.55,"as":1054.96,"mi":"B","mv":9224,"sc":1,"lpe":0.0,"lpr":35437.32,"lq":1.67,"d":394468},{"pi":"423743","pc":"Промышленные товары","ss":100000,"td":"Центр города","dc":1,"n":580.84,"vc":"390865","sl":"Элитный","sv":"300","p":100000.0,"q":39.79,"b":4.63,"ms":5.69,"wi":178.73,"ei":14.12,"as":2218.08,"mi":"E","mv":5273,"sc":2,"lpe":91.54,"lpr":46156.33,"lq":1.0,"d":464502},{"pi":"423743","pc":"Промышленные товары","ss":100000,"td":"Центр города","dc":2,"n":684.97,"vc":"954012","sl":"Нормальный","sv":"146","p":260000.0,"q":25.5,"b":2.90150684931507,"ms":2.77,"wi":178.73,"ei":14.12,"as":2218.08,"mi":"E","mv":5273,"sc":2,"lpe":91.54,"lpr":46156.33,"lq":1.0,"d":464502},{"pi":"423743","pc":"Промышленные товары","ss":10000,"td":"Окраина","dc":10,"n":325.18,"vc":"5818","sl":"Высокий","sv":"58","p":133900.0,"q":28.4,"b":0.0,"ms":0.55,"wi":129.31,"ei":5.46,"as":742.84,"mi":"E","mv":10453,"sc":2,"lpe":98.89,"lpr":31389.51,"lq":1.0,"d":673916},{"pi":"423743","pc":"Промышленные товары","ss":10000,"td":"Окраина","dc":10,"n":325.18,"vc":"5818","sl":"Высокий","sv":"58","p":134000.0,"q":28.52,"b":0.0,"ms":0.55,"wi":129.31,"ei":5.46,"as":742.84,"mi":"E","mv":10453,"sc":2,"lpe":98.89,"lpr":31389.51,"lq":1.0,"d":673916},{"pi":"423743","pc":"Промышленные товары","ss":1000,"td":"Центр города","dc":1,"n":477.27,"vc":"5156","sl":"Нормальный","sv":"157","p":200000.0,"q":37.76,"b":4.19044585987261,"ms":1.62,"wi":172.75,"ei":11.09,"as":1070.48,"mi":"E","mv":9690,"sc":1,"lpe":98.38,"lpr":29634.92,"lq":1.0,"d":811966},{"pi":"423743","pc":"Промышленные товары","ss":300000,"td":"Фешенебельный район","dc":2,"n":699.73,"vc":"352411","sl":"Элитный","sv":"7295","p":173134.68,"q":27.44,"b":0.69,"ms":10.48,"wi":135.18,"ei":13.62,"as":2593.17,"mi":"E","mv":69634,"sc":4,"lpe":85.07,"lpr":37450.87,"lq":2.31,"d":2062908},{"pi":"423743","pc":"Промышленные товары","ss":300000,"td":"Фешенебельный район","dc":10,"n":532.12,"vc":"46932","sl":"Элитный","sv":"2823","p":138500.0,"q":30.3,"b":3.28982288345731,"ms":4.05,"wi":135.18,"ei":13.62,"as":2593.17,"mi":"E","mv":69634,"sc":4,"lpe":85.07,"lpr":37450.87,"lq":2.31,"d":2062908},{"pi":"423743","pc":"Промышленные товары","ss":100000,"td":"Фешенебельный район","dc":1,"n":685.7,"vc":"90470","sl":"Элитный","sv":"250","p":150000.0,"q":39.79,"b":4.63,"ms":0.36,"wi":135.18,"ei":13.62,"as":2593.17,"mi":"E","mv":69634,"sc":4,"lpe":85.07,"lpr":37450.87,"lq":2.31,"d":2062908},{"pi":"423743","pc":"Промышленные товары","ss":100000,"td":"Фешенебельный район","dc":1,"n":243.33,"vc":"1286","sl":"Элитный","sv":"27","p":125000.0,"q":32.97,"b":2.19,"ms":0.04,"wi":135.18,"ei":13.62,"as":2593.17,"mi":"E","mv":69634,"sc":4,"lpe":85.07,"lpr":37450.87,"lq":2.31,"d":2062908},{"pi":"423743","pc":"Промышленные товары","ss":1000,"td":"Фешенебельный район","dc":1,"n":583.3,"vc":"1354","sl":"Элитный","sv":"250","p":100000.0,"q":39.79,"b":4.93,"ms":2.42,"wi":312.18,"ei":9.74,"as":879.38,"mi":"E","mv":10317,"sc":2,"lpe":96.88,"lpr":26388.67,"lq":1.0,"d":1713522},{"pi":"423743","pc":"Промышленные товары","ss":1000,"td":"Центр города","dc":1,"n":485.02,"vc":"5187","sl":"Нормальный","sv":"72","p":100000.0,"q":37.75,"b":4.18055555555556,"ms":0.7,"wi":312.18,"ei":9.74,"as":879.38,"mi":"E","mv":10317,"sc":2,"lpe":96.88,"lpr":26388.67,"lq":1.0,"d":1713522},{"pi":"423743","pc":"Промышленные товары","ss":100000,"td":"Центр города","dc":1,"n":451.39,"vc":"228460","sl":"Элитный","sv":"300","p":120000.0,"q":39.79,"b":4.62,"ms":0.86,"wi":91.95,"ei":8.3,"as":591.56,"mi":"E","mv":34884,"sc":1,"lpe":99.14,"lpr":23367.03,"lq":1.0,"d":1959870},{"pi":"423743","pc":"Промышленные товары","ss":1000,"td":"Центр города","dc":1,"n":414.39,"vc":"4952","sl":"Нормальный","sv":"698","p":180000.0,"q":37.79,"b":4.20143266475645,"ms":2.08,"wi":159.99,"ei":12.65,"as":1320.97,"mi":"E","mv":33587,"sc":5,"lpe":96.96,"lpr":29887.99,"lq":1.0,"d":2852881},{"pi":"423743","pc":"Промышленные товары","ss":1000,"td":"Фешенебельный район","dc":1,"n":495.03,"vc":"1170","sl":"Элитный","sv":"200","p":200000.0,"q":39.79,"b":4.93,"ms":0.6,"wi":159.99,"ei":12.65,"as":1320.97,"mi":"E","mv":33587,"sc":5,"lpe":96.96,"lpr":29887.99,"lq":1.0,"d":2852881},{"pi":"423743","pc":"Промышленные товары","ss":1000,"td":"Центр города","dc":1,"n":376.59,"vc":"6002","sl":"Нормальный","sv":"96","p":200000.0,"q":32.73,"b":0.019375,"ms":0.29,"wi":159.99,"ei":12.65,"as":1320.97,"mi":"E","mv":33587,"sc":5,"lpe":96.96,"lpr":29887.99,"lq":1.0,"d":2852881},{"pi":"423743","pc":"Промышленные товары","ss":1000,"td":"Центр города","dc":1,"n":277.4,"vc":"2287","sl":"Нормальный","sv":"25","p":195000.0,"q":30.68,"b":0.0,"ms":0.07,"wi":159.99,"ei":12.65,"as":1320.97,"mi":"E","mv":33587,"sc":5,"lpe":96.96,"lpr":29887.99,"lq":1.0,"d":2852881},{"pi":"423743","pc":"Промышленные товары","ss":1000,"td":"Пригород","dc":1,"n":678.85,"vc":"13197","sl":"Низкий","sv":"1","p":250000.0,"q":44.38,"b":0.0,"ms":0.0,"wi":159.99,"ei":12.65,"as":1320.97,"mi":"E","mv":33587,"sc":5,"lpe":96.96,"lpr":29887.99,"lq":1.0,"d":2852881},{"pi":"423743","pc":"Промышленные товары","ss":1000,"td":"Фешенебельный район","dc":1,"n":684.14,"vc":"2011","sl":"Очень высокий","sv":"217","p":150000.0,"q":39.73,"b":4.93,"ms":3.08,"wi":131.8,"ei":10.46,"as":978.13,"mi":"E","mv":7045,"sc":1,"lpe":96.92,"lpr":15834.71,"lq":1.0,"d":405609},{"pi":"423743","pc":"Промышленные товары","ss":100000,"td":"Центр города","dc":4,"n":575.83,"vc":"511452","sl":"Нормальный","sv":"438","p":180000.0,"q":16.38,"b":0.0,"ms":6.8,"wi":122.47,"ei":11.41,"as":700.05,"mi":"E","mv":6444,"sc":1,"lpe":93.2,"lpr":33814.16,"lq":1.0,"d":1135788},{"pi":"423743","pc":"Промышленные товары","ss":100000,"td":"Центр города","dc":1,"n":503.45,"vc":"319658","sl":"Элитный","sv":"306","p":175000.0,"q":18.4,"b":0.32,"ms":1.41,"wi":90.73,"ei":12.65,"as":563.18,"mi":"E","mv":21678,"sc":1,"lpe":98.59,"lpr":23403.18,"lq":1.0,"d":1586515},{"pi":"423743","pc":"Промышленные товары","ss":100000,"td":"Спальный район","dc":5,"n":25.13,"vc":"1834","sl":"Элитный","sv":"120","p":65000.0,"q":1.01,"b":0.0,"ms":1.85,"wi":122.38,"ei":6.88,"as":562.94,"mi":"E","mv":6485,"sc":1,"lpe":98.15,"lpr":48716.5,"lq":1.0,"d":746814},{"pi":"423743","pc":"Промышленные товары","ss":100000,"td":"Центр города","dc":3,"n":550.8,"vc":"466990","sl":"Нормальный","sv":"300","p":155000.0,"q":17.8,"b":0.0,"ms":2.71,"wi":134.04,"ei":7.85,"as":546.02,"mi":"E","mv":11071,"sc":2,"lpe":96.88,"lpr":36450.1,"lq":1.0,"d":1264118},{"pi":"423743","pc":"Промышленные товары","ss":130000,"td":"Центр города","dc":6,"n":430.47,"vc":"183325","sl":"Очень высокий","sv":"45","p":200000.0,"q":33.44,"b":0.0,"ms":0.41,"wi":134.04,"ei":7.85,"as":546.02,"mi":"E","mv":11071,"sc":2,"lpe":96.88,"lpr":36450.1,"lq":1.0,"d":1264118},{"pi":"423743","pc":"Промышленные товары","ss":300000,"td":"Центр города","dc":3,"n":527.51,"vc":"2160358","sl":"Нормальный","sv":"36061","p":165000.0,"q":21.67,"b":0.440067385818474,"ms":31.58,"wi":101.86,"ei":13.47,"as":558.63,"mi":"E","mv":114181,"sc":2,"lpe":68.09,"lpr":43518.93,"lq":1.18,"d":6041156},{"pi":"423743","pc":"Промышленные товары","ss":100000,"td":"Фешенебельный район","dc":1,"n":394.89,"vc":"26571","sl":"Элитный","sv":"370","p":200000.0,"q":39.79,"b":4.89,"ms":0.32,"wi":101.86,"ei":13.47,"as":558.63,"mi":"E","mv":114181,"sc":2,"lpe":68.09,"lpr":43518.93,"lq":1.18,"d":6041156},{"pi":"423743","pc":"Промышленные товары","ss":300000,"td":"Фешенебельный район","dc":10,"n":666.01,"vc":"440824","sl":"Высокий","sv":"1","p":136004.22,"q":32.42,"b":2.68,"ms":0.12,"wi":21.53,"ei":8.13,"as":382.47,"mi":"E","mv":820,"sc":1,"lpe":99.88,"lpr":10599.93,"lq":1.0,"d":456802},{"pi":"423743","pc":"Промышленные товары","ss":100000,"td":"Фешенебельный район","dc":1,"n":553.59,"vc":"36266","sl":"Элитный","sv":"979","p":200000.0,"q":39.5,"b":4.63,"ms":5.41,"wi":240.92,"ei":12.05,"as":1389.82,"mi":"E","mv":18103,"sc":3,"lpe":93.07,"lpr":43399.78,"lq":1.39,"d":712064},{"pi":"423743","pc":"Промышленные товары","ss":100000,"td":"Центр города","dc":1,"n":569.17,"vc":"280837","sl":"Элитный","sv":"142","p":250000.0,"q":26.42,"b":0.0,"ms":0.78,"wi":240.92,"ei":12.05,"as":1389.82,"mi":"E","mv":18103,"sc":3,"lpe":93.07,"lpr":43399.78,"lq":1.39,"d":712064},{"pi":"423743","pc":"Промышленные товары","ss":10000,"td":"Фешенебельный район","dc":10,"n":435.6,"vc":"2493","sl":"Элитный","sv":"134","p":141100.0,"q":25.15,"b":0.370746268656716,"ms":0.74,"wi":240.92,"ei":12.05,"as":1389.82,"mi":"E","mv":18103,"sc":3,"lpe":93.07,"lpr":43399.78,"lq":1.39,"d":712064},{"pi":"423743","pc":"Промышленные товары","ss":300000,"td":"Фешенебельный район","dc":1,"n":672.1,"vc":"382301","sl":"Элитный","sv":"280","p":200000.0,"q":39.79,"b":4.63,"ms":2.82,"wi":248.79,"ei":12.33,"as":1612.55,"mi":"E","mv":9923,"sc":1,"lpe":97.18,"lpr":53648.34,"lq":1.0,"d":796617},{"pi":"423743","pc":"Промышленные товары","ss":300000,"td":"Фешенебельный район","dc":1,"n":670.57,"vc":"302638","sl":"Элитный","sv":"1000","p":200000.0,"q":39.79,"b":4.63,"ms":3.66,"wi":191.32,"ei":9.29,"as":1077.6,"mi":"E","mv":27359,"sc":1,"lpe":96.34,"lpr":71298.29,"lq":1.0,"d":1706344},{"pi":"423743","pc":"Промышленные товары","ss":10000,"td":"Центр города","dc":1,"n":561.82,"vc":"41489","sl":"Очень высокий","sv":"500","p":120000.0,"q":25.68,"b":0.0,"ms":1.23,"wi":104.96,"ei":13.94,"as":1334.79,"mi":"E","mv":40623,"sc":1,"lpe":98.77,"lpr":59833.98,"lq":1.0,"d":1344400}]