[{"d":"05.04.2022","r":15970.0,"q":1.0,"p":150.0,"s":[{"cn":"Reynaldo International","ui":"7028341","t":15970.0,"r":15970.0,"q":1.0,"p":150.0,"mot":"U","mo":15970.0},{"cn":"","ui":"","t":0.0,"r":0.0,"q":0.0,"p":0.0,"mot":"L","mo":0.0}]},{"d":"06.04.2022","r":31930.0,"q":1.0,"p":149.75,"s":[{"cn":"AZA","ui":"7031834","t":7990.0,"r":7990.0,"q":1.0,"p":149.0,"mot":"U","mo":7990.0},{"cn":"Reynaldo International","ui":"7028341","t":23940.0,"r":23940.0,"q":1.0,"p":150.0,"mot":"U","mo":23940.0},{"cn":"","ui":"","t":0.0,"r":0.0,"q":0.0,"p":0.0,"mot":"L","mo":0.0}]},{"d":"07.04.2022","r":15970.0,"q":1.0,"p":149.0,"s":[{"cn":"AZA","ui":"7031834","t":15970.0,"r":15970.0,"q":1.0,"p":149.0,"mot":"U","mo":15970.0},{"cn":"","ui":"","t":0.0,"r":0.0,"q":0.0,"p":0.0,"mot":"L","mo":0.0}]},{"d":"08.04.2022","r":23940.0,"q":1.0,"p":149.0,"s":[{"cn":"AZA","ui":"7031834","t":23940.0,"r":23940.0,"q":1.0,"p":149.0,"mot":"U","mo":23940.0},{"cn":"","ui":"","t":0.0,"r":0.0,"q":0.0,"p":0.0,"mot":"L","mo":0.0}]},{"d":"13.04.2022","r":7990.0,"q":1.0,"p":132.0,"s":[{"cn":"DJD International Companies","ui":"7041328","t":7990.0,"r":7990.0,"q":1.0,"p":132.0,"mot":"U","mo":7990.0},{"cn":"","ui":"","t":0.0,"r":0.0,"q":0.0,"p":0.0,"mot":"L","mo":0.0}]},{"d":"14.04.2022","r":17970.0,"q":1.0,"p":160.71,"s":[{"cn":"DJD International Companies","ui":"7041328","t":15970.0,"r":15970.0,"q":1.0,"p":132.0,"mot":"U","mo":15970.0},{"cn":"Каласок","ui":"7041302","t":2000.0,"r":2000.0,"q":1.01,"p":390.0,"mot":"U","mo":2000.0},{"cn":"","ui":"","t":0.0,"r":0.0,"q":0.0,"p":0.0,"mot":"L","mo":0.0}]},{"d":"15.04.2022","r":35940.0,"q":1.03,"p":191.71,"s":[{"cn":"DJD International Companies","ui":"7041328","t":23940.0,"r":23940.0,"q":1.0,"p":132.0,"mot":"U","mo":23940.0},{"cn":"AZA","ui":"7031834","t":80274.0,"r":80274.0,"q":1.17,"p":200.0,"mot":"L","mo":5000.0},{"cn":"Каласок","ui":"7041302","t":7000.0,"r":7000.0,"q":1.01,"p":390.0,"mot":"U","mo":7000.0},{"cn":"","ui":"","t":0.0,"r":0.0,"q":0.0,"p":0.0,"mot":"L","mo":0.0}]},{"d":"18.04.2022","r":1124706.0,"q":1.58,"p":211.52,"s":[{"cn":"SMYRNA Group","ui":"7048268","t":585196.0,"r":585196.0,"q":1.31,"p":200.0,"mot":"U","mo":585196.0},{"cn":"KaiZen Group","ui":"6730732","t":360000.0,"r":360000.0,"q":2.3,"p":227.5,"mot":"U","mo":360000.0},{"cn":"Каласок","ui":"7041302","t":126510.0,"r":126510.0,"q":1.01,"p":250.0,"mot":"U","mo":126510.0},{"cn":"","ui":"","t":153032.0,"r":53000.0,"q":1.11,"p":138.42,"mot":"L","mo":53000.0}]},{"d":"19.04.2022","r":1458890.0,"q":1.6,"p":211.65,"s":[{"cn":"SMYRNA Group","ui":"7048268","t":779380.0,"r":779380.0,"q":1.31,"p":200.0,"mot":"U","mo":779380.0},{"cn":"KaiZen Group","ui":"6730732","t":450000.0,"r":450000.0,"q":2.33,"p":227.5,"mot":"U","mo":450000.0},{"cn":"Каласок","ui":"7041302","t":168510.0,"r":168510.0,"q":1.15,"p":250.0,"mot":"U","mo":168510.0},{"cn":"","ui":"","t":169264.0,"r":61000.0,"q":1.17,"p":137.57,"mot":"L","mo":61000.0}]},{"d":"20.04.2022","r":1793021.0,"q":1.61,"p":211.72,"s":[{"cn":"SMYRNA Group","ui":"7048268","t":973564.0,"r":973564.0,"q":1.31,"p":200.0,"mot":"U","mo":973564.0},{"cn":"KaiZen Group","ui":"6730732","t":540000.0,"r":540000.0,"q":2.35,"p":227.5,"mot":"U","mo":540000.0},{"cn":"Каласок","ui":"7041302","t":210457.0,"r":210457.0,"q":1.24,"p":250.0,"mot":"U","mo":210457.0},{"cn":"","ui":"","t":185475.0,"r":69000.0,"q":1.21,"p":136.93,"mot":"L","mo":69000.0}]},{"d":"21.04.2022","r":2159092.0,"q":1.6,"p":210.86,"s":[{"cn":"SMYRNA Group","ui":"7048268","t":1167851.0,"r":1167851.0,"q":1.3,"p":200.0,"mot":"U","mo":1167851.0},{"cn":"KaiZen Group","ui":"6730732","t":630000.0,"r":630000.0,"q":2.37,"p":227.5,"mot":"U","mo":630000.0},{"cn":"Каласок","ui":"7041302","t":252341.0,"r":252341.0,"q":1.29,"p":250.0,"mot":"U","mo":252341.0},{"cn":"","ui":"","t":233575.0,"r":108900.0,"q":1.17,"p":140.39,"mot":"L","mo":108900.0}]},{"d":"22.04.2022","r":2197088.0,"q":1.66,"p":202.71,"s":[{"cn":"SMYRNA Group","ui":"7048268","t":1362138.0,"r":1362138.0,"q":1.31,"p":195.0,"mot":"U","mo":1362138.0},{"cn":"KaiZen Group","ui":"6730732","t":720000.0,"r":720000.0,"q":2.38,"p":227.5,"mot":"U","mo":720000.0},{"cn":"","ui":"","t":251815.0,"r":114950.0,"q":1.2,"p":138.8,"mot":"L","mo":114950.0}]},{"d":"25.04.2022","r":1120100.0,"q":2.48,"p":216.88,"s":[{"cn":"DJD International Companies","ui":"7041328","t":98000.0,"r":96000.0,"q":1.34,"p":132.0,"mot":"U","mo":96000.0},{"cn":"KaiZen Group","ui":"6730732","t":990000.0,"r":990000.0,"q":2.64,"p":227.5,"mot":"U","mo":990000.0},{"cn":"","ui":"","t":193461.0,"r":34100.0,"q":1.12,"p":147.42,"mot":"L","mo":34100.0}]},{"d":"26.04.2022","r":2949081.0,"q":1.84,"p":204.46,"s":[{"cn":"SMYRNA Group","ui":"7048268","t":1753842.0,"r":1753842.0,"q":1.31,"p":195.0,"mot":"U","mo":1753842.0},{"cn":"KaiZen Group","ui":"6730732","t":1080000.0,"r":1080000.0,"q":2.75,"p":227.5,"mot":"U","mo":1080000.0},{"cn":"","ui":"","t":280737.0,"r":115239.0,"q":1.37,"p":132.41,"mot":"L","mo":115239.0}]},{"d":"27.04.2022","r":3843643.0,"q":1.78,"p":180.54,"s":[{"cn":"Potatoast Ltd.","ui":"6961486","t":318900.0,"r":318900.0,"q":1.0,"p":400.0,"mot":"U","mo":318900.0},{"cn":"SMYRNA Group","ui":"7048268","t":1753842.0,"r":1753842.0,"q":1.31,"p":130.0,"mot":"U","mo":1753842.0},{"cn":"KaiZen Group","ui":"6730732","t":1170000.0,"r":1170000.0,"q":2.85,"p":227.5,"mot":"U","mo":1170000.0},{"cn":"SSS Company","ui":"7041366","t":580623.0,"r":580623.0,"q":1.47,"p":120.0,"mot":"U","mo":580623.0},{"cn":"","ui":"","t":193903.0,"r":20278.0,"q":1.27,"p":125.19,"mot":"L","mo":20278.0}]},{"d":"28.04.2022","r":1927487.0,"q":2.41,"p":190.29,"s":[{"cn":"KaiZen Group","ui":"6730732","t":1260000.0,"r":1260000.0,"q":2.93,"p":227.5,"mot":"U","mo":1260000.0},{"cn":"SSS Company","ui":"7041366","t":638170.0,"r":638170.0,"q":1.43,"p":120.0,"mot":"U","mo":638170.0},{"cn":"","ui":"","t":211058.0,"r":29317.0,"q":1.21,"p":120.99,"mot":"L","mo":29317.0}]},{"d":"29.04.2022","r":2095257.0,"q":2.43,"p":189.43,"s":[{"cn":"KaiZen Group","ui":"6730732","t":1350000.0,"r":1350000.0,"q":3.0,"p":227.5,"mot":"U","mo":1350000.0},{"cn":"SSS Company","ui":"7041366","t":695081.0,"r":695081.0,"q":1.4,"p":120.0,"mot":"U","mo":695081.0},{"cn":"","ui":"","t":50176.0,"r":50176.0,"q":1.34,"p":126.94,"mot":"L","mo":50176.0}]},{"d":"02.05.2022","r":2545676.0,"q":2.51,"p":188.84,"s":[{"cn":"KaiZen Group","ui":"6730732","t":1620000.0,"r":1620000.0,"q":3.17,"p":227.5,"mot":"U","mo":1620000.0},{"cn":"SSS Company","ui":"7041366","t":862353.0,"r":862353.0,"q":1.33,"p":120.0,"mot":"U","mo":862353.0},{"cn":"","ui":"","t":63323.0,"r":63323.0,"q":1.63,"p":137.21,"mot":"L","mo":63323.0}]},{"d":"03.05.2022","r":4495059.0,"q":2.04,"p":163.91,"s":[{"cn":"SMYRNA Group","ui":"7048268","t":1753842.0,"r":1753842.0,"q":1.31,"p":125.0,"mot":"U","mo":1753842.0},{"cn":"KaiZen Group","ui":"6730732","t":1710000.0,"r":1710000.0,"q":3.21,"p":227.5,"mot":"U","mo":1710000.0},{"cn":"SSS Company","ui":"7041366","t":917089.0,"r":917089.0,"q":1.32,"p":120.0,"mot":"U","mo":917089.0},{"cn":"","ui":"","t":114248.0,"r":114128.0,"q":1.68,"p":161.83,"mot":"L","mo":114128.0}]},{"d":"04.05.2022","r":2904386.0,"q":2.53,"p":188.3,"s":[{"cn":"KaiZen Group","ui":"6730732","t":1800000.0,"r":1800000.0,"q":3.26,"p":227.5,"mot":"U","mo":1800000.0},{"cn":"SSS Company","ui":"7041366","t":971313.0,"r":971313.0,"q":1.3,"p":120.0,"mot":"U","mo":971313.0},{"cn":"","ui":"","t":133193.0,"r":133073.0,"q":1.73,"p":156.62,"mot":"L","mo":133073.0}]},{"d":"05.05.2022","r":3094671.0,"q":2.55,"p":187.43,"s":[{"cn":"KaiZen Group","ui":"6730732","t":1890000.0,"r":1890000.0,"q":3.29,"p":227.5,"mot":"U","mo":1890000.0},{"cn":"SSS Company","ui":"7041366","t":1053675.0,"r":1053675.0,"q":1.32,"p":120.0,"mot":"U","mo":1053675.0},{"cn":"","ui":"","t":151616.0,"r":150996.0,"q":1.77,"p":156.44,"mot":"L","mo":150996.0}]},{"d":"06.05.2022","r":3788727.0,"q":2.34,"p":174.71,"s":[{"cn":"Potatoast Ltd.","ui":"6961486","t":318900.0,"r":318900.0,"q":1.0,"p":119.0,"mot":"U","mo":318900.0},{"cn":"SMYRNA Group","ui":"7048268","t":200000.0,"r":200000.0,"q":2.08,"p":125.0,"mot":"U","mo":200000.0},{"cn":"KaiZen Group","ui":"6730732","t":1977907.0,"r":1852907.0,"q":3.33,"p":227.5,"mot":"U","mo":1852907.0},{"cn":"SSS Company","ui":"7041366","t":1135932.0,"r":1135932.0,"q":1.34,"p":120.0,"mot":"U","mo":1135932.0},{"cn":"","ui":"","t":281608.0,"r":280988.0,"q":1.62,"p":146.41,"mot":"L","mo":280988.0}]},{"d":"09.05.2022","r":4475159.0,"q":2.31,"p":167.9,"s":[{"cn":"Potatoast Ltd.","ui":"6961486","t":318900.0,"r":318845.0,"q":1.0,"p":119.0,"mot":"U","mo":318845.0},{"cn":"SMYRNA Group","ui":"7048268","t":788581.0,"r":788581.0,"q":2.08,"p":150.0,"mot":"U","mo":788581.0},{"cn":"KaiZen Group","ui":"6730732","t":1862013.0,"r":1737013.0,"q":3.5,"p":227.5,"mot":"U","mo":1737013.0},{"cn":"SSS Company","ui":"7041366","t":1382051.0,"r":1382051.0,"q":1.38,"p":120.0,"mot":"U","mo":1382051.0},{"cn":"","ui":"","t":249174.0,"r":248669.0,"q":1.55,"p":137.18,"mot":"L","mo":248669.0}]},{"d":"10.05.2022","r":4729635.0,"q":2.3,"p":165.75,"s":[{"cn":"Potatoast Ltd.","ui":"6961486","t":318845.0,"r":318790.0,"q":1.0,"p":119.0,"mot":"U","mo":318790.0},{"cn":"SMYRNA Group","ui":"7048268","t":995497.0,"r":995497.0,"q":2.09,"p":150.0,"mot":"U","mo":995497.0},{"cn":"KaiZen Group","ui":"6730732","t":1821848.0,"r":1696848.0,"q":3.56,"p":227.5,"mot":"U","mo":1696848.0},{"cn":"SSS Company","ui":"7041366","t":1463867.0,"r":1463867.0,"q":1.39,"p":120.0,"mot":"U","mo":1463867.0},{"cn":"","ui":"","t":255133.0,"r":254633.0,"q":1.55,"p":137.3,"mot":"L","mo":254633.0}]},{"d":"11.05.2022","r":2857924.0,"q":2.66,"p":183.46,"s":[{"cn":"Potatoast Ltd.","ui":"6961486","t":318790.0,"r":318315.0,"q":1.0,"p":119.0,"mot":"U","mo":318315.0},{"cn":"KaiZen Group","ui":"6730732","t":1780848.0,"r":1655848.0,"q":3.63,"p":227.5,"mot":"U","mo":1655848.0},{"cn":"SSS Company","ui":"7041366","t":1145578.0,"r":745578.0,"q":1.4,"p":120.0,"mot":"U","mo":745578.0},{"cn":"","ui":"","t":149932.0,"r":138183.0,"q":1.7,"p":146.59,"mot":"L","mo":138183.0}]},{"d":"12.05.2022","r":2797188.0,"q":2.69,"p":197.0,"s":[{"cn":"Potatoast Ltd.","ui":"6961486","t":318315.0,"r":317440.0,"q":1.0,"p":119.0,"mot":"U","mo":317440.0},{"cn":"KaiZen Group","ui":"6730732","t":1739848.0,"r":1614848.0,"q":3.69,"p":227.5,"mot":"U","mo":1614848.0},{"cn":"Каласок","ui":"7041302","t":294172.0,"r":294172.0,"q":1.33,"p":250.0,"mot":"U","mo":294172.0},{"cn":"SSS Company","ui":"7041366","t":827184.0,"r":427184.0,"q":1.42,"p":120.0,"mot":"U","mo":427184.0},{"cn":"","ui":"","t":156310.0,"r":143544.0,"q":1.7,"p":146.84,"mot":"L","mo":143544.0}]},{"d":"13.05.2022","r":2296735.0,"q":3.06,"p":197.17,"s":[{"cn":"Potatoast Ltd.","ui":"6961486","t":317440.0,"r":316565.0,"q":1.0,"p":119.0,"mot":"U","mo":316565.0},{"cn":"THE GREAT BAJANI","ui":"7058728","t":119283.0,"r":118843.0,"q":1.97,"p":145.0,"mot":"U","mo":118843.0},{"cn":"KaiZen Group","ui":"6730732","t":1704848.0,"r":1579848.0,"q":3.82,"p":227.5,"mot":"U","mo":1579848.0},{"cn":"ML Inc.","ui":"7061445","t":130016.0,"r":130016.0,"q":1.67,"p":130.0,"mot":"U","mo":130016.0},{"cn":"","ui":"","t":565237.0,"r":151463.0,"q":1.43,"p":142.75,"mot":"L","mo":151463.0}]},{"d":"16.05.2022","r":4112022.0,"q":2.41,"p":186.7,"s":[{"cn":"Potatoast Ltd.","ui":"6961486","t":314815.0,"r":313940.0,"q":1.0,"p":119.0,"mot":"U","mo":313940.0},{"cn":"DJD International Companies","ui":"7086674","t":1982489.0,"r":1982489.0,"q":1.43,"p":174.0,"mot":"U","mo":1982489.0},{"cn":"KaiZen Group","ui":"6730732","t":1599848.0,"r":1474848.0,"q":4.17,"p":227.5,"mot":"U","mo":1474848.0},{"cn":"","ui":"","t":358097.0,"r":340745.0,"q":1.8,"p":146.43,"mot":"L","mo":340745.0}]},{"d":"17.05.2022","r":4180634.0,"q":2.41,"p":185.92,"s":[{"cn":"Potatoast Ltd.","ui":"6961486","t":313940.0,"r":313065.0,"q":1.0,"p":119.0,"mot":"U","mo":313065.0},{"cn":"DJD International Companies","ui":"7086674","t":2063654.0,"r":2063654.0,"q":1.43,"p":174.0,"mot":"U","mo":2063654.0},{"cn":"KaiZen Group","ui":"6730732","t":1564848.0,"r":1439848.0,"q":4.28,"p":227.5,"mot":"U","mo":1439848.0},{"cn":"","ui":"","t":382469.0,"r":364067.0,"q":1.83,"p":146.56,"mot":"L","mo":364067.0}]},{"d":"18.05.2022","r":5451531.0,"q":2.35,"p":179.61,"s":[{"cn":"Potatoast Ltd.","ui":"6961486","t":313065.0,"r":312190.0,"q":1.0,"p":119.0,"mot":"U","mo":312190.0},{"cn":"DJD International Companies","ui":"7086674","t":2144714.0,"r":2144714.0,"q":1.44,"p":174.0,"mot":"U","mo":2144714.0},{"cn":"SMYRNA Group","ui":"7048268","t":1202413.0,"r":1202413.0,"q":2.09,"p":160.0,"mot":"U","mo":1202413.0},{"cn":"KaiZen Group","ui":"6730732","t":1529848.0,"r":1404848.0,"q":4.39,"p":227.5,"mot":"U","mo":1404848.0},{"cn":"","ui":"","t":406818.0,"r":387366.0,"q":1.86,"p":146.68,"mot":"L","mo":387366.0}]},{"d":"19.05.2022","r":4611635.0,"q":2.35,"p":185.4,"s":[{"cn":"Potatoast Ltd.","ui":"6961486","t":312190.0,"r":311315.0,"q":1.0,"p":119.0,"mot":"U","mo":311315.0},{"cn":"DJD International Companies","ui":"7086674","t":2225658.0,"r":2225658.0,"q":1.44,"p":174.0,"mot":"U","mo":2225658.0},{"cn":"KaiZen Group","ui":"6730732","t":1494848.0,"r":1369848.0,"q":4.49,"p":227.5,"mot":"U","mo":1369848.0},{"cn":"Каласок","ui":"7041302","t":294172.0,"r":294172.0,"q":1.33,"p":200.0,"mot":"U","mo":294172.0},{"cn":"","ui":"","t":431144.0,"r":410642.0,"q":1.88,"p":146.66,"mot":"L","mo":410642.0}]},{"d":"20.05.2022","r":4609002.0,"q":2.36,"p":181.42,"s":[{"cn":"Potatoast Ltd.","ui":"6961486","t":311315.0,"r":310440.0,"q":1.0,"p":119.0,"mot":"U","mo":310440.0},{"cn":"DJD International Companies","ui":"7086674","t":2306497.0,"r":2306497.0,"q":1.45,"p":174.0,"mot":"U","mo":2306497.0},{"cn":"KaiZen Group","ui":"6730732","t":1459848.0,"r":1334848.0,"q":4.61,"p":227.5,"mot":"U","mo":1334848.0},{"cn":"Каласок","ui":"7041302","t":294172.0,"r":294172.0,"q":1.33,"p":140.0,"mot":"U","mo":294172.0},{"cn":"","ui":"","t":384617.0,"r":363045.0,"q":1.84,"p":146.09,"mot":"L","mo":363045.0}]},{"d":"23.05.2022","r":4930385.0,"q":2.38,"p":178.54,"s":[{"cn":"Potatoast Ltd.","ui":"6961486","t":308690.0,"r":307815.0,"q":1.0,"p":119.0,"mot":"U","mo":307815.0},{"cn":"DJD International Companies","ui":"7086674","t":2548354.0,"r":2548354.0,"q":1.46,"p":174.0,"mot":"U","mo":2548354.0},{"cn":"KaiZen Group","ui":"6730732","t":1354848.0,"r":1229848.0,"q":4.98,"p":227.5,"mot":"U","mo":1229848.0},{"cn":"Каласок","ui":"7041302","t":439849.0,"r":439849.0,"q":1.84,"p":140.0,"mot":"U","mo":439849.0},{"cn":"","ui":"","t":429208.0,"r":404519.0,"q":1.87,"p":145.51,"mot":"L","mo":404519.0}]},{"d":"24.05.2022","r":4792069.0,"q":2.44,"p":178.85,"s":[{"cn":"Potatoast Ltd.","ui":"6961486","t":307815.0,"r":306940.0,"q":1.0,"p":119.0,"mot":"U","mo":306940.0},{"cn":"DJD International Companies","ui":"7086674","t":2628752.0,"r":2628752.0,"q":1.46,"p":174.0,"mot":"U","mo":2628752.0},{"cn":"Taniocha\u0026Tandeta","ui":"7034450","t":243064.0,"r":243064.0,"q":2.87,"p":125.0,"mot":"U","mo":243064.0},{"cn":"KaiZen Group","ui":"6730732","t":1319848.0,"r":1194848.0,"q":5.09,"p":227.5,"mot":"U","mo":1194848.0},{"cn":"","ui":"","t":444193.0,"r":418465.0,"q":1.88,"p":145.55,"mot":"L","mo":418465.0}]},{"d":"25.05.2022","r":4971504.0,"q":2.45,"p":177.03,"s":[{"cn":"Potatoast Ltd.","ui":"6961486","t":306940.0,"r":306065.0,"q":1.0,"p":119.0,"mot":"U","mo":306065.0},{"cn":"DJD International Companies","ui":"7086674","t":2709045.0,"r":2708613.0,"q":1.46,"p":174.0,"mot":"U","mo":2708613.0},{"cn":"Taniocha\u0026Tandeta","ui":"7034450","t":364578.0,"r":364578.0,"q":2.87,"p":125.0,"mot":"U","mo":364578.0},{"cn":"KaiZen Group","ui":"6730732","t":1284848.0,"r":1159848.0,"q":5.21,"p":227.5,"mot":"U","mo":1159848.0},{"cn":"","ui":"","t":459167.0,"r":432400.0,"q":1.89,"p":145.57,"mot":"L","mo":432400.0}]},{"d":"26.05.2022","r":5150920.0,"q":2.46,"p":174.86,"s":[{"cn":"Potatoast Ltd.","ui":"6961486","t":306065.0,"r":305190.0,"q":1.0,"p":119.0,"mot":"U","mo":305190.0},{"cn":"DJD International Companies","ui":"7086674","t":2788791.0,"r":2788359.0,"q":1.47,"p":174.0,"mot":"U","mo":2788359.0},{"cn":"Taniocha\u0026Tandeta","ui":"7034450","t":486200.0,"r":486200.0,"q":2.97,"p":120.0,"mot":"U","mo":486200.0},{"cn":"KaiZen Group","ui":"6730732","t":1249848.0,"r":1124848.0,"q":5.32,"p":227.5,"mot":"U","mo":1124848.0},{"cn":"","ui":"","t":474129.0,"r":446323.0,"q":1.9,"p":145.49,"mot":"L","mo":446323.0}]},{"d":"27.05.2022","r":5400958.0,"q":2.46,"p":172.88,"s":[{"cn":"Potatoast Ltd.","ui":"6961486","t":305190.0,"r":304315.0,"q":1.0,"p":119.0,"mot":"U","mo":304315.0},{"cn":"DJD International Companies","ui":"7086674","t":2868432.0,"r":2868000.0,"q":1.47,"p":174.0,"mot":"U","mo":2868000.0},{"cn":"Taniocha\u0026Tandeta","ui":"7034450","t":607750.0,"r":607750.0,"q":3.02,"p":120.0,"mot":"U","mo":607750.0},{"cn":"KaiZen Group","ui":"6730732","t":1214848.0,"r":1089848.0,"q":5.42,"p":227.5,"mot":"U","mo":1089848.0},{"cn":"","ui":"","t":559901.0,"r":531045.0,"q":1.94,"p":146.11,"mot":"L","mo":531045.0}]},{"d":"30.05.2022","r":5746341.0,"q":2.5,"p":169.52,"s":[{"cn":"Potatoast Ltd.","ui":"6961486","t":302565.0,"r":301690.0,"q":1.0,"p":119.0,"mot":"U","mo":301690.0},{"cn":"DJD International Companies","ui":"7086674","t":3106703.0,"r":3106271.0,"q":1.48,"p":174.0,"mot":"U","mo":3106271.0},{"cn":"Taniocha\u0026Tandeta","ui":"7034450","t":983982.0,"r":983982.0,"q":3.1,"p":120.0,"mot":"U","mo":983982.0},{"cn":"KaiZen Group","ui":"6730732","t":1109848.0,"r":984848.0,"q":5.71,"p":227.5,"mot":"U","mo":984848.0},{"cn":"","ui":"","t":401556.0,"r":369550.0,"q":2.21,"p":150.48,"mot":"L","mo":369550.0}]},{"d":"31.05.2022","r":5927663.0,"q":2.5,"p":168.15,"s":[{"cn":"Potatoast Ltd.","ui":"6961486","t":301690.0,"r":300815.0,"q":1.0,"p":119.0,"mot":"U","mo":300815.0},{"cn":"DJD International Companies","ui":"7086674","t":3185903.0,"r":3185471.0,"q":1.48,"p":174.0,"mot":"U","mo":3185471.0},{"cn":"Taniocha\u0026Tandeta","ui":"7034450","t":1111114.0,"r":1111114.0,"q":3.12,"p":120.0,"mot":"U","mo":1111114.0},{"cn":"KaiZen Group","ui":"6730732","t":1074848.0,"r":949848.0,"q":5.79,"p":227.5,"mot":"U","mo":949848.0},{"cn":"","ui":"","t":413471.0,"r":380415.0,"q":2.22,"p":150.48,"mot":"L","mo":380415.0}]},{"d":"01.06.2022","r":6109237.0,"q":2.5,"p":166.86,"s":[{"cn":"DJD International Companies","ui":"7086674","t":3264998.0,"r":3264566.0,"q":1.48,"p":174.0,"mot":"U","mo":3264566.0},{"cn":"Taniocha\u0026Tandeta","ui":"7034450","t":1238614.0,"r":1238614.0,"q":3.13,"p":120.0,"mot":"U","mo":1238614.0},{"cn":"KaiZen Group","ui":"6730732","t":1039848.0,"r":914848.0,"q":5.87,"p":227.5,"mot":"U","mo":914848.0},{"cn":"","ui":"","t":726190.0,"r":691209.0,"q":1.7,"p":136.82,"mot":"L","mo":691209.0}]},{"d":"02.06.2022","r":6298698.0,"q":2.5,"p":165.65,"s":[{"cn":"DJD International Companies","ui":"7086674","t":3352056.0,"r":3351624.0,"q":1.49,"p":174.0,"mot":"U","mo":3351624.0},{"cn":"Taniocha\u0026Tandeta","ui":"7034450","t":1366101.0,"r":1366101.0,"q":3.14,"p":120.0,"mot":"U","mo":1366101.0},{"cn":"KaiZen Group","ui":"6730732","t":1004848.0,"r":879848.0,"q":5.95,"p":227.5,"mot":"U","mo":879848.0},{"cn":"","ui":"","t":737165.0,"r":701125.0,"q":1.71,"p":137.03,"mot":"L","mo":701125.0}]},{"d":"03.06.2022","r":6477830.0,"q":2.49,"p":164.57,"s":[{"cn":"DJD International Companies","ui":"7086674","t":3438909.0,"r":3438477.0,"q":1.49,"p":174.0,"mot":"U","mo":3438477.0},{"cn":"Taniocha\u0026Tandeta","ui":"7034450","t":1493576.0,"r":1493576.0,"q":3.15,"p":120.0,"mot":"U","mo":1493576.0},{"cn":"KaiZen Group","ui":"6730732","t":969848.0,"r":844848.0,"q":6.05,"p":227.5,"mot":"U","mo":844848.0},{"cn":"","ui":"","t":748068.0,"r":700929.0,"q":1.74,"p":137.46,"mot":"L","mo":700929.0}]},{"d":"06.06.2022","r":6937201.0,"q":2.48,"p":161.85,"s":[{"cn":"DJD International Companies","ui":"7086674","t":3698212.0,"r":3697780.0,"q":1.5,"p":174.0,"mot":"U","mo":3697780.0},{"cn":"Taniocha\u0026Tandeta","ui":"7034450","t":1875848.0,"r":1875773.0,"q":3.17,"p":120.0,"mot":"U","mo":1875773.0},{"cn":"KaiZen Group","ui":"6730732","t":859848.0,"r":729848.0,"q":6.41,"p":227.5,"mot":"U","mo":729848.0},{"cn":"","ui":"","t":674056.0,"r":633800.0,"q":1.67,"p":139.24,"mot":"L","mo":633800.0}]},{"d":"07.06.2022","r":7118426.0,"q":2.47,"p":160.88,"s":[{"cn":"DJD International Companies","ui":"7086674","t":3784245.0,"r":3783813.0,"q":1.5,"p":174.0,"mot":"U","mo":3783813.0},{"cn":"Taniocha\u0026Tandeta","ui":"7034450","t":2003196.0,"r":2003146.0,"q":3.17,"p":120.0,"mot":"U","mo":2003146.0},{"cn":"KaiZen Group","ui":"6730732","t":819848.0,"r":689848.0,"q":6.53,"p":227.5,"mot":"U","mo":689848.0},{"cn":"","ui":"","t":682914.0,"r":641619.0,"q":1.69,"p":139.46,"mot":"L","mo":641619.0}]},{"d":"08.06.2022","r":7367450.0,"q":2.47,"p":159.39,"s":[{"cn":"DJD International Companies","ui":"7086674","t":3870049.0,"r":3869617.0,"q":1.51,"p":174.0,"mot":"U","mo":3869617.0},{"cn":"Taniocha\u0026Tandeta","ui":"7034450","t":2130557.0,"r":2130507.0,"q":3.17,"p":120.0,"mot":"U","mo":2130507.0},{"cn":"KaiZen Group","ui":"6730732","t":779848.0,"r":649848.0,"q":6.64,"p":227.5,"mot":"U","mo":649848.0},{"cn":"","ui":"","t":759802.0,"r":717478.0,"q":1.83,"p":135.91,"mot":"L","mo":717478.0}]},{"d":"09.06.2022","r":7767898.0,"q":2.44,"p":157.69,"s":[{"cn":"DJD International Companies","ui":"7086674","t":3955643.0,"r":3955211.0,"q":1.51,"p":174.0,"mot":"U","mo":3955211.0},{"cn":"Taniocha\u0026Tandeta","ui":"7034450","t":2257905.0,"r":2257855.0,"q":3.18,"p":120.0,"mot":"U","mo":2257855.0},{"cn":"KaiZen Group","ui":"6730732","t":739848.0,"r":609848.0,"q":6.75,"p":227.5,"mot":"U","mo":609848.0},{"cn":"","ui":"","t":988337.0,"r":944984.0,"q":1.8,"p":134.4,"mot":"L","mo":944984.0}]},{"d":"10.06.2022","r":7928837.0,"q":2.42,"p":156.55,"s":[{"cn":"DJD International Companies","ui":"7086674","t":4041029.0,"r":4040597.0,"q":1.51,"p":174.0,"mot":"U","mo":4040597.0},{"cn":"Taniocha\u0026Tandeta","ui":"7034450","t":2387163.0,"r":2387113.0,"q":3.2,"p":120.0,"mot":"U","mo":2387113.0},{"cn":"KaiZen Group","ui":"6730732","t":668698.0,"r":538698.0,"q":6.82,"p":227.5,"mot":"U","mo":538698.0},{"cn":"","ui":"","t":1006821.0,"r":962429.0,"q":1.82,"p":134.23,"mot":"L","mo":962429.0}]},{"d":"13.06.2022","r":8345501.0,"q":2.3,"p":151.65,"s":[{"cn":"DJD International Companies","ui":"7086674","t":4295920.0,"r":4295488.0,"q":1.51,"p":174.0,"mot":"U","mo":4295488.0},{"cn":"Taniocha\u0026Tandeta","ui":"7034450","t":2769666.0,"r":2769616.0,"q":3.25,"p":120.0,"mot":"U","mo":2769616.0},{"cn":"","ui":"","t":1457915.0,"r":1280397.0,"q":2.89,"p":145.11,"mot":"L","mo":1280397.0}]},{"d":"14.06.2022","r":8543864.0,"q":2.3,"p":150.92,"s":[{"cn":"DJD International Companies","ui":"7086674","t":4380458.0,"r":4380026.0,"q":1.52,"p":174.0,"mot":"U","mo":4380026.0},{"cn":"Taniocha\u0026Tandeta","ui":"7034450","t":2897167.0,"r":2897117.0,"q":3.27,"p":120.0,"mot":"U","mo":2897117.0},{"cn":"","ui":"","t":1445257.0,"r":1266721.0,"q":2.8,"p":141.81,"mot":"L","mo":1266721.0}]},{"d":"16.06.2022","r":8939611.0,"q":2.29,"p":149.57,"s":[{"cn":"DJD International Companies","ui":"7086674","t":4548852.0,"r":4548420.0,"q":1.52,"p":174.0,"mot":"U","mo":4548420.0},{"cn":"Taniocha\u0026Tandeta","ui":"7034450","t":3152169.0,"r":3152119.0,"q":3.29,"p":120.0,"mot":"U","mo":3152119.0},{"cn":"","ui":"","t":1419644.0,"r":1239072.0,"q":2.54,"p":135.15,"mot":"L","mo":1239072.0}]},{"d":"17.06.2022","r":9342581.0,"q":2.28,"p":148.13,"s":[{"cn":"DJD International Companies","ui":"7086674","t":4632738.0,"r":4632306.0,"q":1.52,"p":174.0,"mot":"U","mo":4632306.0},{"cn":"Taniocha\u0026Tandeta","ui":"7034450","t":3279670.0,"r":3279620.0,"q":3.3,"p":120.0,"mot":"U","mo":3279620.0},{"cn":"","ui":"","t":1612245.0,"r":1430655.0,"q":2.42,"p":128.85,"mot":"L","mo":1430655.0}]},{"d":"20.06.2022","r":1.0478616E7,"q":2.29,"p":144.56,"s":[{"cn":"DJD International Companies","ui":"7086674","t":4883072.0,"r":4882640.0,"q":1.52,"p":174.0,"mot":"U","mo":4882640.0},{"cn":"Taniocha\u0026Tandeta","ui":"7034450","t":3662173.0,"r":3662123.0,"q":3.33,"p":120.0,"mot":"U","mo":3662123.0},{"cn":"Loki Industries","ui":"7061445","t":748932.0,"r":748932.0,"q":2.48,"p":98.0,"mot":"U","mo":748932.0},{"cn":"","ui":"","t":1239545.0,"r":1184921.0,"q":2.13,"p":128.56,"mot":"L","mo":1184921.0}]},{"d":"21.06.2022","r":1.0780298E7,"q":2.31,"p":144.16,"s":[{"cn":"DJD International Companies","ui":"7086674","t":4966066.0,"r":4965634.0,"q":1.52,"p":174.0,"mot":"U","mo":4965634.0},{"cn":"Taniocha\u0026Tandeta","ui":"7034450","t":3789674.0,"r":3789624.0,"q":3.34,"p":120.0,"mot":"U","mo":3789624.0},{"cn":"Loki Industries","ui":"7061445","t":870482.0,"r":870482.0,"q":2.53,"p":98.0,"mot":"U","mo":870482.0},{"cn":"","ui":"","t":1259790.0,"r":1154558.0,"q":2.15,"p":129.9,"mot":"L","mo":1154558.0}]},{"d":"22.06.2022","r":1.1081608E7,"q":2.33,"p":143.78,"s":[{"cn":"DJD International Companies","ui":"7086674","t":5048846.0,"r":5048414.0,"q":1.52,"p":174.0,"mot":"U","mo":5048414.0},{"cn":"Taniocha\u0026Tandeta","ui":"7034450","t":3917165.0,"r":3917100.0,"q":3.35,"p":120.0,"mot":"U","mo":3917100.0},{"cn":"Loki Industries","ui":"7061445","t":992032.0,"r":992032.0,"q":2.58,"p":98.0,"mot":"U","mo":992032.0},{"cn":"","ui":"","t":1230292.0,"r":1124062.0,"q":2.17,"p":131.33,"mot":"L","mo":1124062.0}]},{"d":"23.06.2022","r":1.1387672E7,"q":2.34,"p":143.41,"s":[{"cn":"DJD International Companies","ui":"7086674","t":5131395.0,"r":5130963.0,"q":1.52,"p":174.0,"mot":"U","mo":5130963.0},{"cn":"Taniocha\u0026Tandeta","ui":"7034450","t":4044651.0,"r":4044586.0,"q":3.35,"p":120.0,"mot":"U","mo":4044586.0},{"cn":"Loki Industries","ui":"7061445","t":1113582.0,"r":1113582.0,"q":2.61,"p":98.0,"mot":"U","mo":1113582.0},{"cn":"","ui":"","t":1278312.0,"r":1098541.0,"q":2.2,"p":132.71,"mot":"L","mo":1098541.0}]},{"d":"24.06.2022","r":1.1695909E7,"q":2.36,"p":143.04,"s":[{"cn":"DJD International Companies","ui":"7086674","t":5213713.0,"r":5213281.0,"q":1.52,"p":174.0,"mot":"U","mo":5213281.0},{"cn":"Taniocha\u0026Tandeta","ui":"7034450","t":4172137.0,"r":4172072.0,"q":3.36,"p":120.0,"mot":"U","mo":4172072.0},{"cn":"Loki Industries","ui":"7061445","t":1235132.0,"r":1235132.0,"q":2.64,"p":98.0,"mot":"U","mo":1235132.0},{"cn":"","ui":"","t":1260956.0,"r":1075424.0,"q":2.18,"p":134.03,"mot":"L","mo":1075424.0}]},{"d":"27.06.2022","r":1.2319971E7,"q":2.37,"p":141.96,"s":[{"cn":"DJD International Companies","ui":"7086674","t":5459335.0,"r":5458903.0,"q":1.52,"p":174.0,"mot":"U","mo":5458903.0},{"cn":"Taniocha\u0026Tandeta","ui":"7034450","t":4529595.0,"r":4504530.0,"q":3.38,"p":120.0,"mot":"U","mo":4504530.0},{"cn":"Loki Industries","ui":"7061445","t":1599782.0,"r":1564782.0,"q":2.69,"p":98.0,"mot":"U","mo":1564782.0},{"cn":"","ui":"","t":950233.0,"r":791756.0,"q":1.84,"p":132.95,"mot":"L","mo":791756.0}]},{"d":"28.06.2022","r":1.2610836E7,"q":2.38,"p":141.69,"s":[{"cn":"DJD International Companies","ui":"7086674","t":5540748.0,"r":5540316.0,"q":1.52,"p":174.0,"mot":"U","mo":5540316.0},{"cn":"Taniocha\u0026Tandeta","ui":"7034450","t":4632081.0,"r":4607016.0,"q":3.38,"p":120.0,"mot":"U","mo":4607016.0},{"cn":"Loki Industries","ui":"7061445","t":1686332.0,"r":1651332.0,"q":2.71,"p":98.0,"mot":"U","mo":1651332.0},{"cn":"","ui":"","t":976832.0,"r":812172.0,"q":1.85,"p":133.1,"mot":"L","mo":812172.0}]},{"d":"29.06.2022","r":1.2901446E7,"q":2.39,"p":141.42,"s":[{"cn":"DJD International Companies","ui":"7086674","t":5621928.0,"r":5621496.0,"q":1.52,"p":174.0,"mot":"U","mo":5621496.0},{"cn":"Taniocha\u0026Tandeta","ui":"7034450","t":4734567.0,"r":4709502.0,"q":3.39,"p":120.0,"mot":"U","mo":4709502.0},{"cn":"Loki Industries","ui":"7061445","t":1772882.0,"r":1737882.0,"q":2.72,"p":98.0,"mot":"U","mo":1737882.0},{"cn":"","ui":"","t":1003396.0,"r":832566.0,"q":1.85,"p":133.25,"mot":"L","mo":832566.0}]},{"d":"30.06.2022","r":1.3191749E7,"q":2.39,"p":141.17,"s":[{"cn":"DJD International Companies","ui":"7086674","t":5702834.0,"r":5702402.0,"q":1.52,"p":174.0,"mot":"U","mo":5702402.0},{"cn":"Taniocha\u0026Tandeta","ui":"7034450","t":4837053.0,"r":4811988.0,"q":3.39,"p":120.0,"mot":"U","mo":4811988.0},{"cn":"Loki Industries","ui":"7061445","t":1859432.0,"r":1824432.0,"q":2.73,"p":98.0,"mot":"U","mo":1824432.0},{"cn":"","ui":"","t":1029904.0,"r":852927.0,"q":1.86,"p":133.39,"mot":"L","mo":852927.0}]},{"d":"01.07.2022","r":1.3481781E7,"q":2.4,"p":140.92,"s":[{"cn":"DJD International Companies","ui":"7086674","t":5783492.0,"r":5783060.0,"q":1.52,"p":174.0,"mot":"U","mo":5783060.0},{"cn":"Taniocha\u0026Tandeta","ui":"7034450","t":4939539.0,"r":4914474.0,"q":3.41,"p":120.0,"mot":"U","mo":4914474.0},{"cn":"Loki Industries","ui":"7061445","t":1945982.0,"r":1910982.0,"q":2.74,"p":98.0,"mot":"U","mo":1910982.0},{"cn":"","ui":"","t":1046281.0,"r":873265.0,"q":1.86,"p":133.53,"mot":"L","mo":873265.0}]},{"d":"04.07.2022","r":1.435027E7,"q":2.43,"p":140.24,"s":[{"cn":"DJD International Companies","ui":"7086674","t":6023910.0,"r":6023478.0,"q":1.52,"p":174.0,"mot":"U","mo":6023478.0},{"cn":"Taniocha\u0026Tandeta","ui":"7034450","t":5247052.0,"r":5222042.0,"q":3.44,"p":120.0,"mot":"U","mo":5222042.0},{"cn":"Loki Industries","ui":"7061445","t":2205632.0,"r":2170632.0,"q":2.76,"p":98.0,"mot":"U","mo":2170632.0},{"cn":"","ui":"","t":1095251.0,"r":934118.0,"q":1.87,"p":133.88,"mot":"L","mo":934118.0}]},{"d":"05.07.2022","r":1.4639193E7,"q":2.44,"p":140.03,"s":[{"cn":"DJD International Companies","ui":"7086674","t":6103509.0,"r":6103077.0,"q":1.52,"p":174.0,"mot":"U","mo":6103077.0},{"cn":"Taniocha\u0026Tandeta","ui":"7034450","t":5349593.0,"r":5324583.0,"q":3.45,"p":120.0,"mot":"U","mo":5324583.0},{"cn":"Loki Industries","ui":"7061445","t":2292182.0,"r":2257182.0,"q":2.77,"p":98.0,"mot":"U","mo":2257182.0},{"cn":"","ui":"","t":1111523.0,"r":954351.0,"q":1.87,"p":133.99,"mot":"L","mo":954351.0}]},{"d":"06.07.2022","r":1.4977811E7,"q":2.45,"p":139.86,"s":[{"cn":"DJD International Companies","ui":"7086674","t":6182840.0,"r":6182408.0,"q":1.51,"p":174.0,"mot":"U","mo":6182408.0},{"cn":"Taniocha\u0026Tandeta","ui":"7034450","t":5452134.0,"r":5427124.0,"q":3.47,"p":120.0,"mot":"U","mo":5427124.0},{"cn":"Loki Industries","ui":"7061445","t":2378732.0,"r":2343732.0,"q":2.77,"p":98.0,"mot":"U","mo":2343732.0},{"cn":"","ui":"","t":1177748.0,"r":1024547.0,"q":1.94,"p":134.87,"mot":"L","mo":1024547.0}]},{"d":"07.07.2022","r":1.5271134E7,"q":2.46,"p":139.67,"s":[{"cn":"DJD International Companies","ui":"7086674","t":6261901.0,"r":6261469.0,"q":1.51,"p":174.0,"mot":"U","mo":6261469.0},{"cn":"Taniocha\u0026Tandeta","ui":"7034450","t":5554675.0,"r":5529665.0,"q":3.48,"p":120.0,"mot":"U","mo":5529665.0},{"cn":"Loki Industries","ui":"7061445","t":2465282.0,"r":2430282.0,"q":2.78,"p":98.0,"mot":"U","mo":2430282.0},{"cn":"","ui":"","t":1198948.0,"r":1049718.0,"q":1.95,"p":135.03,"mot":"L","mo":1049718.0}]},{"d":"08.07.2022","r":1.494303E7,"q":2.47,"p":139.25,"s":[{"cn":"DJD International Companies","ui":"7086674","t":6340627.0,"r":6340195.0,"q":1.51,"p":174.0,"mot":"U","mo":6340195.0},{"cn":"Taniocha\u0026Tandeta","ui":"7034450","t":5657216.0,"r":5632206.0,"q":3.49,"p":120.0,"mot":"U","mo":5632206.0},{"cn":"Loki Industries","ui":"7061445","t":2551832.0,"r":2516832.0,"q":2.78,"p":98.0,"mot":"U","mo":2516832.0},{"cn":"","ui":"","t":598586.0,"r":453797.0,"q":1.46,"p":121.48,"mot":"L","mo":453797.0}]},{"d":"11.07.2022","r":1.5787949E7,"q":2.49,"p":138.66,"s":[{"cn":"DJD International Companies","ui":"7086674","t":6574683.0,"r":6574251.0,"q":1.51,"p":174.0,"mot":"U","mo":6574251.0},{"cn":"Taniocha\u0026Tandeta","ui":"7034450","t":5964829.0,"r":5939814.0,"q":3.51,"p":120.0,"mot":"U","mo":5939814.0},{"cn":"Loki Industries","ui":"7061445","t":2811482.0,"r":2776482.0,"q":2.8,"p":98.0,"mot":"U","mo":2776482.0},{"cn":"","ui":"","t":620373.0,"r":497402.0,"q":1.58,"p":121.26,"mot":"L","mo":497402.0}]},{"d":"12.07.2022","r":1.6070193E7,"q":2.5,"p":138.48,"s":[{"cn":"DJD International Companies","ui":"7086674","t":6651992.0,"r":6651560.0,"q":1.51,"p":174.0,"mot":"U","mo":6651560.0},{"cn":"Taniocha\u0026Tandeta","ui":"7034450","t":6067365.0,"r":6042350.0,"q":3.52,"p":120.0,"mot":"U","mo":6042350.0},{"cn":"Loki Industries","ui":"7061445","t":2898032.0,"r":2863032.0,"q":2.8,"p":98.0,"mot":"U","mo":2863032.0},{"cn":"","ui":"","t":632450.0,"r":513251.0,"q":1.63,"p":121.44,"mot":"L","mo":513251.0}]},{"d":"13.07.2022","r":1.6352065E7,"q":2.51,"p":138.3,"s":[{"cn":"DJD International Companies","ui":"7086674","t":6728945.0,"r":6728513.0,"q":1.51,"p":174.0,"mot":"U","mo":6728513.0},{"cn":"Taniocha\u0026Tandeta","ui":"7034450","t":6169901.0,"r":6144886.0,"q":3.53,"p":120.0,"mot":"U","mo":6144886.0},{"cn":"Loki Industries","ui":"7061445","t":2984582.0,"r":2949582.0,"q":2.8,"p":98.0,"mot":"U","mo":2949582.0},{"cn":"","ui":"","t":644498.0,"r":529084.0,"q":1.67,"p":121.62,"mot":"L","mo":529084.0}]},{"d":"14.07.2022","r":1.7835924E7,"q":2.49,"p":138.87,"s":[{"cn":"DJD International Companies","ui":"7086674","t":6805488.0,"r":6805056.0,"q":1.51,"p":174.0,"mot":"U","mo":6805056.0},{"cn":"SMYRNA Group","ui":"7048268","t":1202413.0,"r":1202413.0,"q":2.09,"p":149.0,"mot":"U","mo":1202413.0},{"cn":"Taniocha\u0026Tandeta","ui":"7034450","t":6272437.0,"r":6247422.0,"q":3.54,"p":120.0,"mot":"U","mo":6247422.0},{"cn":"Loki Industries","ui":"7061445","t":3071132.0,"r":3036132.0,"q":2.81,"p":98.0,"mot":"U","mo":3036132.0},{"cn":"","ui":"","t":656517.0,"r":544901.0,"q":1.71,"p":121.79,"mot":"L","mo":544901.0}]},{"d":"15.07.2022","r":2.3544388E7,"q":2.44,"p":128.86,"s":[{"cn":"SMYRNA Group","ui":"7048268","t":2143305.0,"r":2143305.0,"q":2.75,"p":116.0,"mot":"U","mo":2143305.0},{"cn":"DJD International Companies","ui":"7086674","t":6881625.0,"r":6881193.0,"q":1.5,"p":174.0,"mot":"U","mo":6881193.0},{"cn":"Taniocha\u0026Tandeta","ui":"7034450","t":6374973.0,"r":6349958.0,"q":3.54,"p":120.0,"mot":"U","mo":6349958.0},{"cn":"gunyuzu Industries","ui":"7035490","t":4347869.0,"r":4347869.0,"q":2.01,"p":100.0,"mot":"U","mo":4347869.0},{"cn":"Loki Industries","ui":"7061445","t":3157682.0,"r":3157682.0,"q":2.81,"p":98.0,"mot":"U","mo":3157682.0},{"cn":"","ui":"","t":772186.0,"r":664381.0,"q":1.88,"p":123.2,"mot":"L","mo":664381.0}]},{"d":"18.07.2022","r":2.5220224E7,"q":2.49,"p":134.1,"s":[{"cn":"SMYRNA Group","ui":"7048268","t":2779761.0,"r":2779761.0,"q":2.77,"p":117.0,"mot":"U","mo":2779761.0},{"cn":"DJD International Companies","ui":"7086674","t":7107549.0,"r":7107117.0,"q":1.5,"p":174.0,"mot":"U","mo":7107117.0},{"cn":"Taniocha\u0026Tandeta","ui":"7034450","t":6682511.0,"r":6657426.0,"q":3.56,"p":120.0,"mot":"U","mo":6657426.0},{"cn":"gunyuzu Industries","ui":"7035490","t":4420748.0,"r":4420748.0,"q":2.02,"p":100.0,"mot":"U","mo":4420748.0},{"cn":"Loki Industries","ui":"7061445","t":3522332.0,"r":3522332.0,"q":2.85,"p":98.0,"mot":"U","mo":3522332.0},{"cn":"","ui":"","t":852251.0,"r":732840.0,"q":2.27,"p":319.24,"mot":"L","mo":732840.0}]},{"d":"19.07.2022","r":2.5780976E7,"q":2.5,"p":131.87,"s":[{"cn":"SMYRNA Group","ui":"7048268","t":2991326.0,"r":2991326.0,"q":2.78,"p":117.0,"mot":"U","mo":2991326.0},{"cn":"DJD International Companies","ui":"7086674","t":7181994.0,"r":7181562.0,"q":1.5,"p":174.0,"mot":"U","mo":7181562.0},{"cn":"Taniocha\u0026Tandeta","ui":"7034450","t":6784977.0,"r":6759892.0,"q":3.57,"p":120.0,"mot":"U","mo":6759892.0},{"cn":"gunyuzu Industries","ui":"7035490","t":4445025.0,"r":4445025.0,"q":2.03,"p":100.0,"mot":"U","mo":4445025.0},{"cn":"Loki Industries","ui":"7061445","t":3643882.0,"r":3643882.0,"q":2.87,"p":98.0,"mot":"U","mo":3643882.0},{"cn":"","ui":"","t":888820.0,"r":759289.0,"q":2.39,"p":246.89,"mot":"L","mo":759289.0}]},{"d":"20.07.2022","r":2.6310949E7,"q":2.51,"p":132.52,"s":[{"cn":"DJD International Companies","ui":"7086674","t":7255966.0,"r":7255534.0,"q":1.5,"p":174.0,"mot":"U","mo":7255534.0},{"cn":"SMYRNA Group","ui":"7048268","t":3203088.0,"r":3203088.0,"q":2.78,"p":117.0,"mot":"U","mo":3203088.0},{"cn":"Taniocha\u0026Tandeta","ui":"7034450","t":6887443.0,"r":6862358.0,"q":3.58,"p":120.0,"mot":"U","mo":6862358.0},{"cn":"gunyuzu Industries","ui":"7035490","t":4469302.0,"r":4469052.0,"q":2.03,"p":100.0,"mot":"U","mo":4469052.0},{"cn":"Loki Industries","ui":"7061445","t":3765432.0,"r":3765432.0,"q":2.88,"p":98.0,"mot":"U","mo":3765432.0},{"cn":"","ui":"","t":895629.0,"r":755485.0,"q":2.48,"p":277.93,"mot":"L","mo":755485.0}]},{"d":"21.07.2022","r":2.6869654E7,"q":2.52,"p":133.13,"s":[{"cn":"SMYRNA Group","ui":"7048268","t":3414829.0,"r":3414829.0,"q":2.78,"p":117.0,"mot":"U","mo":3414829.0},{"cn":"DJD International Companies","ui":"7086674","t":7329493.0,"r":7329061.0,"q":1.5,"p":174.0,"mot":"U","mo":7329061.0},{"cn":"Taniocha\u0026Tandeta","ui":"7034450","t":6989909.0,"r":6964824.0,"q":3.58,"p":120.0,"mot":"U","mo":6964824.0},{"cn":"gunyuzu Industries","ui":"7035490","t":4493329.0,"r":4493079.0,"q":2.04,"p":100.0,"mot":"U","mo":4493079.0},{"cn":"Loki Industries","ui":"7061445","t":3886982.0,"r":3886982.0,"q":2.89,"p":98.0,"mot":"U","mo":3886982.0},{"cn":"","ui":"","t":931609.0,"r":780879.0,"q":2.58,"p":302.58,"mot":"L","mo":780879.0}]},{"d":"22.07.2022","r":2.743789E7,"q":2.53,"p":129.75,"s":[{"cn":"SMYRNA Group","ui":"7048268","t":3626549.0,"r":3626549.0,"q":2.79,"p":117.0,"mot":"U","mo":3626549.0},{"cn":"DJD International Companies","ui":"7086674","t":7402560.0,"r":7402128.0,"q":1.49,"p":174.0,"mot":"U","mo":7402128.0},{"cn":"Taniocha\u0026Tandeta","ui":"7034450","t":7092375.0,"r":7067290.0,"q":3.59,"p":120.0,"mot":"U","mo":7067290.0},{"cn":"gunyuzu Industries","ui":"7035490","t":4517380.0,"r":4517130.0,"q":2.04,"p":100.0,"mot":"U","mo":4517130.0},{"cn":"Loki Industries","ui":"7061445","t":4008532.0,"r":4008532.0,"q":2.9,"p":98.0,"mot":"U","mo":4008532.0},{"cn":"","ui":"","t":1724334.0,"r":816261.0,"q":2.67,"p":190.05,"mot":"L","mo":816261.0}]},{"d":"25.07.2022","r":2.9885311E7,"q":2.56,"p":128.08,"s":[{"cn":"SMYRNA Group","ui":"7048268","t":4259610.0,"r":4259610.0,"q":2.8,"p":117.0,"mot":"U","mo":4259610.0},{"cn":"DJD International Companies","ui":"7086674","t":7618676.0,"r":7618244.0,"q":1.49,"p":174.0,"mot":"U","mo":7618244.0},{"cn":"Taniocha\u0026Tandeta","ui":"7034450","t":7399773.0,"r":7374688.0,"q":3.6,"p":120.0,"mot":"U","mo":7374688.0},{"cn":"gunyuzu Industries","ui":"7035490","t":4589651.0,"r":4589401.0,"q":2.06,"p":100.0,"mot":"U","mo":4589401.0},{"cn":"Loki Industries","ui":"7061445","t":4373182.0,"r":4373182.0,"q":2.93,"p":98.0,"mot":"U","mo":4373182.0},{"cn":"","ui":"","t":1863127.0,"r":1670186.0,"q":2.65,"p":138.52,"mot":"L","mo":1670186.0}]},{"d":"26.07.2022","r":2.9730368E7,"q":2.57,"p":127.35,"s":[{"cn":"SMYRNA Group","ui":"7048268","t":4469257.0,"r":4469257.0,"q":2.8,"p":117.0,"mot":"U","mo":4469257.0},{"cn":"Loki Industries","ui":"7061445","t":4494732.0,"r":4494732.0,"q":2.94,"p":98.0,"mot":"U","mo":4494732.0},{"cn":"DJD International Companies","ui":"7086674","t":7618244.0,"r":7617812.0,"q":1.49,"p":174.0,"mot":"U","mo":7617812.0},{"cn":"Taniocha\u0026Tandeta","ui":"7034450","t":7502239.0,"r":7477154.0,"q":3.61,"p":120.0,"mot":"U","mo":7477154.0},{"cn":"gunyuzu Industries","ui":"7035490","t":4613761.0,"r":4613511.0,"q":2.07,"p":100.0,"mot":"U","mo":4613511.0},{"cn":"","ui":"","t":1060327.0,"r":1057902.0,"q":2.76,"p":131.2,"mot":"L","mo":1057902.0}]},{"d":"27.07.2022","r":3.0297603E7,"q":2.58,"p":127.12,"s":[{"cn":"SMYRNA Group","ui":"7048268","t":4678207.0,"r":4678207.0,"q":2.8,"p":117.0,"mot":"U","mo":4678207.0},{"cn":"Loki Industries","ui":"7061445","t":4616282.0,"r":4616282.0,"q":2.95,"p":98.0,"mot":"U","mo":4616282.0},{"cn":"DJD International Companies","ui":"7086674","t":7617812.0,"r":7617380.0,"q":1.49,"p":174.0,"mot":"U","mo":7617380.0},{"cn":"Taniocha\u0026Tandeta","ui":"7034450","t":7604705.0,"r":7579620.0,"q":3.62,"p":120.0,"mot":"U","mo":7579620.0},{"cn":"gunyuzu Industries","ui":"7035490","t":4637871.0,"r":4637621.0,"q":2.07,"p":100.0,"mot":"U","mo":4637621.0},{"cn":"","ui":"","t":1170918.0,"r":1168493.0,"q":2.73,"p":130.81,"mot":"L","mo":1168493.0}]},{"d":"28.07.2022","r":3.0851563E7,"q":2.59,"p":129.88,"s":[{"cn":"SMYRNA Group","ui":"7048268","t":4886452.0,"r":4886452.0,"q":2.8,"p":117.0,"mot":"U","mo":4886452.0},{"cn":"Loki Industries","ui":"7061445","t":4737832.0,"r":4737832.0,"q":2.95,"p":98.0,"mot":"U","mo":4737832.0},{"cn":"DJD International Companies","ui":"7086674","t":7617380.0,"r":7616948.0,"q":1.49,"p":174.0,"mot":"U","mo":7616948.0},{"cn":"Taniocha\u0026Tandeta","ui":"7034450","t":7707171.0,"r":7682086.0,"q":3.63,"p":120.0,"mot":"U","mo":7682086.0},{"cn":"gunyuzu Industries","ui":"7035490","t":4661981.0,"r":4661731.0,"q":2.08,"p":120.0,"mot":"U","mo":4661731.0},{"cn":"","ui":"","t":1488331.0,"r":1266514.0,"q":2.69,"p":129.81,"mot":"L","mo":1266514.0}]},{"d":"29.07.2022","r":3.1411256E7,"q":2.6,"p":129.64,"s":[{"cn":"SMYRNA Group","ui":"7048268","t":5093754.0,"r":5093754.0,"q":2.8,"p":117.0,"mot":"U","mo":5093754.0},{"cn":"Loki Industries","ui":"7061445","t":4859382.0,"r":4859382.0,"q":2.96,"p":98.0,"mot":"U","mo":4859382.0},{"cn":"DJD International Companies","ui":"7086674","t":7616948.0,"r":7616516.0,"q":1.49,"p":174.0,"mot":"U","mo":7616516.0},{"cn":"Taniocha\u0026Tandeta","ui":"7034450","t":7809637.0,"r":7784552.0,"q":3.64,"p":120.0,"mot":"U","mo":7784552.0},{"cn":"gunyuzu Industries","ui":"7035490","t":4686091.0,"r":4685841.0,"q":2.08,"p":120.0,"mot":"U","mo":4685841.0},{"cn":"","ui":"","t":1582669.0,"r":1371211.0,"q":2.67,"p":129.89,"mot":"L","mo":1371211.0}]},{"d":"01.08.2022","r":3.3064076E7,"q":2.63,"p":129.03,"s":[{"cn":"SMYRNA Group","ui":"7048268","t":5710339.0,"r":5710339.0,"q":2.8,"p":118.0,"mot":"U","mo":5710339.0},{"cn":"Loki Industries","ui":"7061445","t":5224032.0,"r":5224032.0,"q":2.98,"p":98.0,"mot":"U","mo":5224032.0},{"cn":"DJD International Companies","ui":"7086674","t":7615652.0,"r":7615220.0,"q":1.49,"p":174.0,"mot":"U","mo":7615220.0},{"cn":"Taniocha\u0026Tandeta","ui":"7034450","t":8117015.0,"r":8091920.0,"q":3.67,"p":120.0,"mot":"U","mo":8091920.0},{"cn":"gunyuzu Industries","ui":"7035490","t":4759166.0,"r":4758916.0,"q":2.1,"p":120.0,"mot":"U","mo":4758916.0},{"cn":"","ui":"","t":1873987.0,"r":1663649.0,"q":2.63,"p":128.25,"mot":"L","mo":1663649.0}]},{"d":"02.08.2022","r":3.3615794E7,"q":2.64,"p":128.8,"s":[{"cn":"SMYRNA Group","ui":"7048268","t":5920824.0,"r":5920824.0,"q":2.8,"p":118.0,"mot":"U","mo":5920824.0},{"cn":"Loki Industries","ui":"7061445","t":5345582.0,"r":5345582.0,"q":2.99,"p":98.0,"mot":"U","mo":5345582.0},{"cn":"DJD International Companies","ui":"7086674","t":7615220.0,"r":7614788.0,"q":1.49,"p":174.0,"mot":"U","mo":7614788.0},{"cn":"Taniocha\u0026Tandeta","ui":"7034450","t":8219471.0,"r":8194376.0,"q":3.68,"p":120.0,"mot":"U","mo":8194376.0},{"cn":"gunyuzu Industries","ui":"7035490","t":4783678.0,"r":4783428.0,"q":2.1,"p":120.0,"mot":"U","mo":4783428.0},{"cn":"","ui":"","t":1966743.0,"r":1756796.0,"q":2.62,"p":127.94,"mot":"L","mo":1756796.0}]},{"d":"03.08.2022","r":3.4164427E7,"q":2.65,"p":128.58,"s":[{"cn":"SMYRNA Group","ui":"7048268","t":6131288.0,"r":6131288.0,"q":2.8,"p":118.0,"mot":"U","mo":6131288.0},{"cn":"Loki Industries","ui":"7061445","t":5467132.0,"r":5467132.0,"q":2.99,"p":98.0,"mot":"U","mo":5467132.0},{"cn":"DJD International Companies","ui":"7086674","t":7614788.0,"r":7614356.0,"q":1.49,"p":174.0,"mot":"U","mo":7614356.0},{"cn":"Taniocha\u0026Tandeta","ui":"7034450","t":8321927.0,"r":8296832.0,"q":3.69,"p":120.0,"mot":"U","mo":8296832.0},{"cn":"gunyuzu Industries","ui":"7035490","t":4808190.0,"r":4807940.0,"q":2.11,"p":120.0,"mot":"U","mo":4807940.0},{"cn":"","ui":"","t":2058405.0,"r":1846879.0,"q":2.61,"p":127.91,"mot":"L","mo":1846879.0}]},{"d":"04.08.2022","r":3.4703886E7,"q":2.65,"p":128.32,"s":[{"cn":"SMYRNA Group","ui":"7048268","t":6341731.0,"r":6341731.0,"q":2.8,"p":118.0,"mot":"U","mo":6341731.0},{"cn":"Loki Industries","ui":"7061445","t":5588682.0,"r":5588682.0,"q":3.0,"p":98.0,"mot":"U","mo":5588682.0},{"cn":"DJD International Companies","ui":"7086674","t":7614356.0,"r":7613924.0,"q":1.49,"p":174.0,"mot":"U","mo":7613924.0},{"cn":"Taniocha\u0026Tandeta","ui":"7034450","t":8424383.0,"r":8399288.0,"q":3.69,"p":120.0,"mot":"U","mo":8399288.0},{"cn":"gunyuzu Industries","ui":"7035490","t":4832702.0,"r":4832452.0,"q":2.11,"p":120.0,"mot":"U","mo":4832452.0},{"cn":"","ui":"","t":2136423.0,"r":1927809.0,"q":2.6,"p":126.93,"mot":"L","mo":1927809.0}]},{"d":"05.08.2022","r":3.5739909E7,"q":2.65,"p":128.02,"s":[{"cn":"SMYRNA Group","ui":"7048268","t":6552153.0,"r":6552153.0,"q":2.8,"p":118.0,"mot":"U","mo":6552153.0},{"cn":"Loki Industries","ui":"7061445","t":5710232.0,"r":5710232.0,"q":3.0,"p":98.0,"mot":"U","mo":5710232.0},{"cn":"DJD International Companies","ui":"7086674","t":7613924.0,"r":7613492.0,"q":1.49,"p":174.0,"mot":"U","mo":7613492.0},{"cn":"Taniocha\u0026Tandeta","ui":"7034450","t":8526839.0,"r":8501744.0,"q":3.7,"p":120.0,"mot":"U","mo":8501744.0},{"cn":"gunyuzu Industries","ui":"7035490","t":4857297.0,"r":4857047.0,"q":2.12,"p":120.0,"mot":"U","mo":4857047.0},{"cn":"","ui":"","t":2724163.0,"r":2505241.0,"q":2.47,"p":125.63,"mot":"L","mo":2505241.0}]},{"d":"08.08.2022","r":3.6569545E7,"q":2.64,"p":129.4,"s":[{"cn":"SMYRNA Group","ui":"7048268","t":1.3128709E7,"r":1.3128709E7,"q":2.9,"p":115.0,"mot":"U","mo":1.3128709E7},{"cn":"DJD International Companies","ui":"7086674","t":7612628.0,"r":7612196.0,"q":1.49,"p":174.0,"mot":"U","mo":7612196.0},{"cn":"Taniocha\u0026Tandeta","ui":"7034450","t":8834207.0,"r":8809112.0,"q":3.72,"p":120.0,"mot":"U","mo":8809112.0},{"cn":"gunyuzu Industries","ui":"7035490","t":4932216.0,"r":4931966.0,"q":2.13,"p":120.0,"mot":"U","mo":4931966.0},{"cn":"","ui":"","t":2339791.0,"r":2087562.0,"q":1.92,"p":119.16,"mot":"L","mo":2087562.0}]},{"d":"09.08.2022","r":3.7138268E7,"q":2.65,"p":129.23,"s":[{"cn":"SMYRNA Group","ui":"7048268","t":1.3470417E7,"r":1.3470417E7,"q":2.9,"p":115.0,"mot":"U","mo":1.3470417E7},{"cn":"DJD International Companies","ui":"7086674","t":7612196.0,"r":7611764.0,"q":1.49,"p":174.0,"mot":"U","mo":7611764.0},{"cn":"Taniocha\u0026Tandeta","ui":"7034450","t":8936663.0,"r":8915568.0,"q":3.73,"p":120.0,"mot":"U","mo":8915568.0},{"cn":"gunyuzu Industries","ui":"7035490","t":4957248.0,"r":4956998.0,"q":2.14,"p":120.0,"mot":"U","mo":4956998.0},{"cn":"","ui":"","t":2445974.0,"r":2183521.0,"q":1.95,"p":119.58,"mot":"L","mo":2183521.0}]},{"d":"10.08.2022","r":3.7551593E7,"q":2.66,"p":129.06,"s":[{"cn":"SMYRNA Group","ui":"7048268","t":1.3816967E7,"r":1.3816967E7,"q":2.91,"p":115.0,"mot":"U","mo":1.3816967E7},{"cn":"DJD International Companies","ui":"7086674","t":7611764.0,"r":7611332.0,"q":1.49,"p":174.0,"mot":"U","mo":7611332.0},{"cn":"Taniocha\u0026Tandeta","ui":"7034450","t":9043119.0,"r":9022024.0,"q":3.74,"p":120.0,"mot":"U","mo":9022024.0},{"cn":"gunyuzu Industries","ui":"7035490","t":4982292.0,"r":4982042.0,"q":2.14,"p":120.0,"mot":"U","mo":4982042.0},{"cn":"","ui":"","t":2391989.0,"r":2119228.0,"q":1.91,"p":119.21,"mot":"L","mo":2119228.0}]},{"d":"11.08.2022","r":3.8112147E7,"q":2.67,"p":128.9,"s":[{"cn":"SMYRNA Group","ui":"7048268","t":1.4163517E7,"r":1.4163517E7,"q":2.91,"p":115.0,"mot":"U","mo":1.4163517E7},{"cn":"DJD International Companies","ui":"7086674","t":7611332.0,"r":7610900.0,"q":1.49,"p":174.0,"mot":"U","mo":7610900.0},{"cn":"Taniocha\u0026Tandeta","ui":"7034450","t":9149575.0,"r":9128480.0,"q":3.74,"p":120.0,"mot":"U","mo":9128480.0},{"cn":"gunyuzu Industries","ui":"7035490","t":5007324.0,"r":5007074.0,"q":2.15,"p":120.0,"mot":"U","mo":5007074.0},{"cn":"","ui":"","t":2485729.0,"r":2202176.0,"q":1.93,"p":119.56,"mot":"L","mo":2202176.0}]},{"d":"12.08.2022","r":3.8672079E7,"q":2.68,"p":128.74,"s":[{"cn":"SMYRNA Group","ui":"7048268","t":1.4510067E7,"r":1.4509967E7,"q":2.92,"p":115.0,"mot":"U","mo":1.4509967E7},{"cn":"DJD International Companies","ui":"7086674","t":7610900.0,"r":7610468.0,"q":1.49,"p":174.0,"mot":"U","mo":7610468.0},{"cn":"Taniocha\u0026Tandeta","ui":"7034450","t":9256031.0,"r":9234981.0,"q":3.75,"p":120.0,"mot":"U","mo":9234981.0},{"cn":"gunyuzu Industries","ui":"7035490","t":5032380.0,"r":5032130.0,"q":2.15,"p":120.0,"mot":"U","mo":5032130.0},{"cn":"","ui":"","t":2578853.0,"r":2284533.0,"q":1.95,"p":119.89,"mot":"L","mo":2284533.0}]},{"d":"15.08.2022","r":4.0346625E7,"q":2.71,"p":128.26,"s":[{"cn":"SMYRNA Group","ui":"7048268","t":1.5549617E7,"r":1.5549617E7,"q":2.94,"p":115.0,"mot":"U","mo":1.5549617E7},{"cn":"DJD International Companies","ui":"7086674","t":7609604.0,"r":7609172.0,"q":1.49,"p":174.0,"mot":"U","mo":7609172.0},{"cn":"Taniocha\u0026Tandeta","ui":"7034450","t":9575534.0,"r":9554484.0,"q":3.77,"p":120.0,"mot":"U","mo":9554484.0},{"cn":"gunyuzu Industries","ui":"7035490","t":5107548.0,"r":5107298.0,"q":2.17,"p":120.0,"mot":"U","mo":5107298.0},{"cn":"","ui":"","t":2849891.0,"r":2526054.0,"q":2.01,"p":119.97,"mot":"L","mo":2526054.0}]},{"d":"16.08.2022","r":4.0904476E7,"q":2.71,"p":128.11,"s":[{"cn":"SMYRNA Group","ui":"7048268","t":1.5896167E7,"r":1.5896167E7,"q":2.94,"p":115.0,"mot":"U","mo":1.5896167E7},{"cn":"DJD International Companies","ui":"7086674","t":7609172.0,"r":7608740.0,"q":1.49,"p":174.0,"mot":"U","mo":7608740.0},{"cn":"Taniocha\u0026Tandeta","ui":"7034450","t":9682035.0,"r":9660985.0,"q":3.78,"p":120.0,"mot":"U","mo":9660985.0},{"cn":"gunyuzu Industries","ui":"7035490","t":5133834.0,"r":5133584.0,"q":2.18,"p":120.0,"mot":"U","mo":5133584.0},{"cn":"","ui":"","t":2939517.0,"r":2605000.0,"q":2.02,"p":120.17,"mot":"L","mo":2605000.0}]},{"d":"17.08.2022","r":4.1461327E7,"q":2.72,"p":127.89,"s":[{"cn":"SMYRNA Group","ui":"7048268","t":1.6242717E7,"r":1.6242717E7,"q":2.95,"p":115.0,"mot":"U","mo":1.6242717E7},{"cn":"DJD International Companies","ui":"7086674","t":7608740.0,"r":7608308.0,"q":1.49,"p":174.0,"mot":"U","mo":7608308.0},{"cn":"Taniocha\u0026Tandeta","ui":"7034450","t":9788536.0,"r":9767486.0,"q":3.78,"p":120.0,"mot":"U","mo":9767486.0},{"cn":"gunyuzu Industries","ui":"7035490","t":5160120.0,"r":5159870.0,"q":2.18,"p":120.0,"mot":"U","mo":5159870.0},{"cn":"","ui":"","t":3028118.0,"r":2682946.0,"q":2.04,"p":119.0,"mot":"L","mo":2682946.0}]},{"d":"18.08.2022","r":4.2001482E7,"q":2.73,"p":127.75,"s":[{"cn":"SMYRNA Group","ui":"7048268","t":1.6573324E7,"r":1.6573324E7,"q":2.95,"p":115.0,"mot":"U","mo":1.6573324E7},{"cn":"DJD International Companies","ui":"7086674","t":7608308.0,"r":7607876.0,"q":1.49,"p":174.0,"mot":"U","mo":7607876.0},{"cn":"Taniocha\u0026Tandeta","ui":"7034450","t":9895037.0,"r":9873987.0,"q":3.79,"p":120.0,"mot":"U","mo":9873987.0},{"cn":"gunyuzu Industries","ui":"7035490","t":5185861.0,"r":5185611.0,"q":2.19,"p":120.0,"mot":"U","mo":5185611.0},{"cn":"","ui":"","t":3116497.0,"r":2760684.0,"q":2.05,"p":119.18,"mot":"L","mo":2760684.0}]},{"d":"19.08.2022","r":4.2547699E7,"q":2.73,"p":127.62,"s":[{"cn":"SMYRNA Group","ui":"7048268","t":1.6900385E7,"r":1.6900385E7,"q":2.95,"p":115.0,"mot":"U","mo":1.6900385E7},{"cn":"DJD International Companies","ui":"7086674","t":7607876.0,"r":7607444.0,"q":1.49,"p":174.0,"mot":"U","mo":7607444.0},{"cn":"Taniocha\u0026Tandeta","ui":"7034450","t":1.0001538E7,"r":9980488.0,"q":3.79,"p":120.0,"mot":"U","mo":9980488.0},{"cn":"gunyuzu Industries","ui":"7035490","t":5211559.0,"r":5211309.0,"q":2.19,"p":120.0,"mot":"U","mo":5211309.0},{"cn":"","ui":"","t":3203359.0,"r":2848073.0,"q":2.07,"p":119.28,"mot":"L","mo":2848073.0}]},{"d":"22.08.2022","r":4.3480318E7,"q":2.73,"p":127.64,"s":[{"cn":"SMYRNA Group","ui":"7048268","t":1.7874407E7,"r":1.7874407E7,"q":2.95,"p":115.0,"mot":"U","mo":1.7874407E7},{"cn":"DJD International Companies","ui":"7086674","t":7606580.0,"r":7606148.0,"q":1.49,"p":174.0,"mot":"U","mo":7606148.0},{"cn":"Taniocha\u0026Tandeta","ui":"7034450","t":1.0324041E7,"r":1.0303991E7,"q":3.81,"p":120.0,"mot":"U","mo":1.0303991E7},{"cn":"gunyuzu Industries","ui":"7035490","t":5288425.0,"r":5288175.0,"q":2.21,"p":120.0,"mot":"U","mo":5288175.0},{"cn":"","ui":"","t":2748682.0,"r":2407597.0,"q":1.51,"p":124.47,"mot":"L","mo":2407597.0}]},{"d":"23.08.2022","r":4.4493686E7,"q":2.73,"p":128.29,"s":[{"cn":"SMYRNA Group","ui":"7048268","t":1.8196566E7,"r":1.8196566E7,"q":2.95,"p":115.0,"mot":"U","mo":1.8196566E7},{"cn":"DJD International Companies","ui":"7086674","t":7606148.0,"r":7605716.0,"q":1.49,"p":174.0,"mot":"U","mo":7605716.0},{"cn":"Taniocha\u0026Tandeta","ui":"7034450","t":1.0431542E7,"r":1.0411492E7,"q":3.81,"p":120.0,"mot":"U","mo":1.0411492E7},{"cn":"gunyuzu Industries","ui":"7035490","t":5314038.0,"r":5313788.0,"q":2.22,"p":120.0,"mot":"U","mo":5313788.0},{"cn":"","ui":"","t":3199300.0,"r":2966124.0,"q":1.68,"p":136.64,"mot":"L","mo":2966124.0}]},{"d":"24.08.2022","r":4.5019436E7,"q":2.73,"p":128.18,"s":[{"cn":"SMYRNA Group","ui":"7048268","t":1.8517605E7,"r":1.8517605E7,"q":2.95,"p":115.0,"mot":"U","mo":1.8517605E7},{"cn":"DJD International Companies","ui":"7086674","t":7605716.0,"r":7605284.0,"q":1.49,"p":174.0,"mot":"U","mo":7605284.0},{"cn":"Taniocha\u0026Tandeta","ui":"7034450","t":1.0539043E7,"r":1.0518993E7,"q":3.82,"p":120.0,"mot":"U","mo":1.0518993E7},{"cn":"gunyuzu Industries","ui":"7035490","t":5338696.0,"r":5338446.0,"q":2.22,"p":120.0,"mot":"U","mo":5338446.0},{"cn":"","ui":"","t":3267284.0,"r":3039108.0,"q":1.68,"p":136.44,"mot":"L","mo":3039108.0}]},{"d":"25.08.2022","r":4.5018713E7,"q":2.74,"p":127.27,"s":[{"cn":"SMYRNA Group","ui":"7048268","t":1.8837755E7,"r":1.8837755E7,"q":2.95,"p":115.0,"mot":"U","mo":1.8837755E7},{"cn":"DJD International Companies","ui":"7086674","t":7605284.0,"r":7604852.0,"q":1.49,"p":174.0,"mot":"U","mo":7604852.0},{"cn":"Taniocha\u0026Tandeta","ui":"7034450","t":1.0646434E7,"r":1.0626274E7,"q":3.82,"p":120.0,"mot":"U","mo":1.0626274E7},{"cn":"gunyuzu Industries","ui":"7035490","t":5363354.0,"r":5363104.0,"q":2.23,"p":120.0,"mot":"U","mo":5363104.0},{"cn":"","ui":"","t":2807577.0,"r":2586728.0,"q":1.51,"p":124.17,"mot":"L","mo":2586728.0}]},{"d":"26.08.2022","r":4.5542807E7,"q":2.75,"p":127.15,"s":[{"cn":"DJD International Companies","ui":"7086674","t":7604852.0,"r":7604420.0,"q":1.49,"p":174.0,"mot":"U","mo":7604420.0},{"cn":"SMYRNA Group","ui":"7048268","t":1.9166441E7,"r":1.9166441E7,"q":2.96,"p":115.0,"mot":"U","mo":1.9166441E7},{"cn":"Taniocha\u0026Tandeta","ui":"7034450","t":1.0753825E7,"r":1.0733665E7,"q":3.83,"p":120.0,"mot":"U","mo":1.0733665E7},{"cn":"gunyuzu Industries","ui":"7035490","t":5388012.0,"r":5387762.0,"q":2.23,"p":120.0,"mot":"U","mo":5387762.0},{"cn":"","ui":"","t":2866298.0,"r":2650519.0,"q":1.51,"p":124.0,"mot":"L","mo":2650519.0}]},{"d":"29.08.2022","r":4.7920552E7,"q":2.75,"p":127.06,"s":[{"cn":"SMYRNA Group","ui":"7048268","t":2.016088E7,"r":2.016088E7,"q":2.96,"p":115.0,"mot":"U","mo":2.016088E7},{"cn":"DJD International Companies","ui":"7086674","t":7603556.0,"r":7603124.0,"q":1.49,"p":174.0,"mot":"U","mo":7603124.0},{"cn":"Taniocha\u0026Tandeta","ui":"7034450","t":1.1075398E7,"r":1.1055238E7,"q":3.84,"p":120.0,"mot":"U","mo":1.1055238E7},{"cn":"gunyuzu Industries","ui":"7035490","t":5460816.0,"r":5460566.0,"q":2.25,"p":120.0,"mot":"U","mo":5460566.0},{"cn":"","ui":"","t":4014218.0,"r":3640744.0,"q":1.7,"p":127.8,"mot":"L","mo":3640744.0}]},{"d":"30.08.2022","r":4.8390896E7,"q":2.76,"p":126.99,"s":[{"cn":"SMYRNA Group","ui":"7048268","t":2.0494282E7,"r":2.0494282E7,"q":2.97,"p":115.0,"mot":"U","mo":2.0494282E7},{"cn":"DJD International Companies","ui":"7086674","t":7603124.0,"r":7602692.0,"q":1.49,"p":174.0,"mot":"U","mo":7602692.0},{"cn":"Taniocha\u0026Tandeta","ui":"7034450","t":1.1182789E7,"r":1.1162629E7,"q":3.84,"p":120.0,"mot":"U","mo":1.1162629E7},{"cn":"gunyuzu Industries","ui":"7035490","t":5485084.0,"r":5484834.0,"q":2.25,"p":120.0,"mot":"U","mo":5484834.0},{"cn":"","ui":"","t":3906814.0,"r":3646459.0,"q":1.68,"p":128.29,"mot":"L","mo":3646459.0}]},{"d":"31.08.2022","r":4.8980742E7,"q":2.76,"p":126.86,"s":[{"cn":"SMYRNA Group","ui":"7048268","t":2.0825302E7,"r":2.0825302E7,"q":2.97,"p":115.0,"mot":"U","mo":2.0825302E7},{"cn":"DJD International Companies","ui":"7086674","t":7602692.0,"r":7602260.0,"q":1.49,"p":174.0,"mot":"U","mo":7602260.0},{"cn":"Taniocha\u0026Tandeta","ui":"7034450","t":1.129018E7,"r":1.127002E7,"q":3.85,"p":120.0,"mot":"U","mo":1.127002E7},{"cn":"gunyuzu Industries","ui":"7035490","t":5509352.0,"r":5509102.0,"q":2.26,"p":120.0,"mot":"U","mo":5509102.0},{"cn":"","ui":"","t":4046348.0,"r":3774058.0,"q":1.69,"p":127.85,"mot":"L","mo":3774058.0}]},{"d":"01.09.2022","r":4.9502457E7,"q":2.77,"p":126.77,"s":[{"cn":"SMYRNA Group","ui":"7048268","t":2.1155212E7,"r":2.1155212E7,"q":2.97,"p":115.0,"mot":"U","mo":2.1155212E7},{"cn":"DJD International Companies","ui":"7086674","t":7602260.0,"r":7601828.0,"q":1.49,"p":174.0,"mot":"U","mo":7601828.0},{"cn":"Taniocha\u0026Tandeta","ui":"7034450","t":1.1397571E7,"r":1.1377411E7,"q":3.86,"p":120.0,"mot":"U","mo":1.1377411E7},{"cn":"gunyuzu Industries","ui":"7035490","t":5533620.0,"r":5533370.0,"q":2.26,"p":120.0,"mot":"U","mo":5533370.0},{"cn":"","ui":"","t":4118911.0,"r":3834636.0,"q":1.69,"p":127.99,"mot":"L","mo":3834636.0}]},{"d":"02.09.2022","r":5.0023035E7,"q":2.77,"p":126.67,"s":[{"cn":"SMYRNA Group","ui":"7048268","t":2.1485101E7,"r":2.1485101E7,"q":2.97,"p":115.0,"mot":"U","mo":2.1485101E7},{"cn":"DJD International Companies","ui":"7086674","t":7601828.0,"r":7601396.0,"q":1.49,"p":174.0,"mot":"U","mo":7601396.0},{"cn":"Taniocha\u0026Tandeta","ui":"7034450","t":1.1504962E7,"r":1.1484802E7,"q":3.87,"p":120.0,"mot":"U","mo":1.1484802E7},{"cn":"gunyuzu Industries","ui":"7035490","t":5557888.0,"r":5557638.0,"q":2.27,"p":120.0,"mot":"U","mo":5557638.0},{"cn":"","ui":"","t":4190258.0,"r":3894098.0,"q":1.69,"p":127.89,"mot":"L","mo":3894098.0}]},{"d":"05.09.2022","r":5.1579505E7,"q":2.79,"p":126.38,"s":[{"cn":"SMYRNA Group","ui":"7048268","t":2.2474644E7,"r":2.2474644E7,"q":2.98,"p":115.0,"mot":"U","mo":2.2474644E7},{"cn":"DJD International Companies","ui":"7086674","t":7600532.0,"r":7600100.0,"q":1.49,"p":174.0,"mot":"U","mo":7600100.0},{"cn":"Taniocha\u0026Tandeta","ui":"7034450","t":1.1827135E7,"r":1.1806975E7,"q":3.89,"p":120.0,"mot":"U","mo":1.1806975E7},{"cn":"gunyuzu Industries","ui":"7035490","t":5630077.0,"r":5629827.0,"q":2.28,"p":120.0,"mot":"U","mo":5629827.0},{"cn":"","ui":"","t":4399774.0,"r":4067959.0,"q":1.69,"p":127.6,"mot":"L","mo":4067959.0}]},{"d":"06.09.2022","r":5.2130932E7,"q":2.79,"p":126.27,"s":[{"cn":"SMYRNA Group","ui":"7048268","t":2.280445E7,"r":2.280445E7,"q":2.98,"p":115.0,"mot":"U","mo":2.280445E7},{"cn":"DJD International Companies","ui":"7086674","t":7600100.0,"r":7599668.0,"q":1.49,"p":174.0,"mot":"U","mo":7599668.0},{"cn":"Taniocha\u0026Tandeta","ui":"7034450","t":1.1934526E7,"r":1.1914366E7,"q":3.89,"p":120.0,"mot":"U","mo":1.1914366E7},{"cn":"gunyuzu Industries","ui":"7035490","t":5654125.0,"r":5653875.0,"q":2.28,"p":120.0,"mot":"U","mo":5653875.0},{"cn":"","ui":"","t":4502273.0,"r":4158573.0,"q":1.7,"p":127.37,"mot":"L","mo":4158573.0}]},{"d":"07.09.2022","r":5.26835E7,"q":2.8,"p":126.18,"s":[{"cn":"SMYRNA Group","ui":"7048268","t":2.3134235E7,"r":2.3134235E7,"q":2.98,"p":115.0,"mot":"U","mo":2.3134235E7},{"cn":"DJD International Companies","ui":"7086674","t":7599668.0,"r":7599236.0,"q":1.49,"p":174.0,"mot":"U","mo":7599236.0},{"cn":"Taniocha\u0026Tandeta","ui":"7034450","t":1.2041917E7,"r":1.2021757E7,"q":3.9,"p":120.0,"mot":"U","mo":1.2021757E7},{"cn":"gunyuzu Industries","ui":"7035490","t":5678261.0,"r":5678011.0,"q":2.29,"p":120.0,"mot":"U","mo":5678011.0},{"cn":"","ui":"","t":4598127.0,"r":4250261.0,"q":1.72,"p":127.23,"mot":"L","mo":4250261.0}]},{"d":"08.09.2022","r":5.371845E7,"q":2.81,"p":125.85,"s":[{"cn":"SMYRNA Group","ui":"7048268","t":2.3463735E7,"r":2.3463735E7,"q":2.99,"p":115.0,"mot":"U","mo":2.3463735E7},{"cn":"DJD International Companies","ui":"7086674","t":7599236.0,"r":7598804.0,"q":1.49,"p":174.0,"mot":"U","mo":7598804.0},{"cn":"Taniocha\u0026Tandeta","ui":"7034450","t":1.2149278E7,"r":1.2129088E7,"q":3.91,"p":120.0,"mot":"U","mo":1.2129088E7},{"cn":"gunyuzu Industries","ui":"7035490","t":5702397.0,"r":5702147.0,"q":2.29,"p":120.0,"mot":"U","mo":5702147.0},{"cn":"","ui":"","t":5184427.0,"r":4824676.0,"q":1.85,"p":124.35,"mot":"L","mo":4824676.0}]},{"d":"09.09.2022","r":5.4418036E7,"q":2.81,"p":125.78,"s":[{"cn":"SMYRNA Group","ui":"7048268","t":2.3792416E7,"r":2.3792416E7,"q":2.99,"p":115.0,"mot":"U","mo":2.3792416E7},{"cn":"DJD International Companies","ui":"7086674","t":7598804.0,"r":7598372.0,"q":1.49,"p":174.0,"mot":"U","mo":7598372.0},{"cn":"Taniocha\u0026Tandeta","ui":"7034450","t":1.2256639E7,"r":1.2236449E7,"q":3.91,"p":120.0,"mot":"U","mo":1.2236449E7},{"cn":"gunyuzu Industries","ui":"7035490","t":5726636.0,"r":5726386.0,"q":2.3,"p":120.0,"mot":"U","mo":5726386.0},{"cn":"","ui":"","t":5441049.0,"r":5064413.0,"q":1.89,"p":124.56,"mot":"L","mo":5064413.0}]},{"d":"12.09.2022","r":5.6088761E7,"q":2.83,"p":125.53,"s":[{"cn":"SMYRNA Group","ui":"7048268","t":2.4789853E7,"r":2.4789853E7,"q":3.0,"p":115.0,"mot":"U","mo":2.4789853E7},{"cn":"DJD International Companies","ui":"7086674","t":7597508.0,"r":7597076.0,"q":1.49,"p":174.0,"mot":"U","mo":7597076.0},{"cn":"Taniocha\u0026Tandeta","ui":"7034450","t":1.2578722E7,"r":1.2558517E7,"q":3.93,"p":120.0,"mot":"U","mo":1.2558517E7},{"cn":"gunyuzu Industries","ui":"7035490","t":5799265.0,"r":5799015.0,"q":2.31,"p":120.0,"mot":"U","mo":5799015.0},{"cn":"","ui":"","t":5724706.0,"r":5344300.0,"q":1.91,"p":124.43,"mot":"L","mo":5344300.0}]},{"d":"13.09.2022","r":5.6642782E7,"q":2.83,"p":125.44,"s":[{"cn":"SMYRNA Group","ui":"7048268","t":2.5124612E7,"r":2.5124612E7,"q":3.0,"p":115.0,"mot":"U","mo":2.5124612E7},{"cn":"DJD International Companies","ui":"7086674","t":7597076.0,"r":7596644.0,"q":1.49,"p":174.0,"mot":"U","mo":7596644.0},{"cn":"Taniocha\u0026Tandeta","ui":"7034450","t":1.2686068E7,"r":1.2665863E7,"q":3.94,"p":120.0,"mot":"U","mo":1.2665863E7},{"cn":"gunyuzu Industries","ui":"7035490","t":5823416.0,"r":5823166.0,"q":2.31,"p":120.0,"mot":"U","mo":5823166.0},{"cn":"","ui":"","t":5802903.0,"r":5432497.0,"q":1.92,"p":124.36,"mot":"L","mo":5432497.0}]},{"d":"14.09.2022","r":5.7196075E7,"q":2.84,"p":125.36,"s":[{"cn":"SMYRNA Group","ui":"7048268","t":2.545935E7,"r":2.545935E7,"q":3.0,"p":115.0,"mot":"U","mo":2.545935E7},{"cn":"DJD International Companies","ui":"7086674","t":7596644.0,"r":7596212.0,"q":1.49,"p":174.0,"mot":"U","mo":7596212.0},{"cn":"Taniocha\u0026Tandeta","ui":"7034450","t":1.2793414E7,"r":1.2773209E7,"q":3.94,"p":120.0,"mot":"U","mo":1.2773209E7},{"cn":"gunyuzu Industries","ui":"7035490","t":5847567.0,"r":5847317.0,"q":2.32,"p":120.0,"mot":"U","mo":5847317.0},{"cn":"","ui":"","t":5880393.0,"r":5519987.0,"q":1.93,"p":124.32,"mot":"L","mo":5519987.0}]},{"d":"15.09.2022","r":5.7748549E7,"q":2.84,"p":125.28,"s":[{"cn":"SMYRNA Group","ui":"7048268","t":2.5794067E7,"r":2.5794067E7,"q":3.01,"p":115.0,"mot":"U","mo":2.5794067E7},{"cn":"DJD International Companies","ui":"7086674","t":7596212.0,"r":7595780.0,"q":1.49,"p":174.0,"mot":"U","mo":7595780.0},{"cn":"Taniocha\u0026Tandeta","ui":"7034450","t":1.290076E7,"r":1.2880555E7,"q":3.95,"p":120.0,"mot":"U","mo":1.2880555E7},{"cn":"gunyuzu Industries","ui":"7035490","t":5871718.0,"r":5871468.0,"q":2.32,"p":120.0,"mot":"U","mo":5871468.0},{"cn":"","ui":"","t":5957085.0,"r":5606679.0,"q":1.93,"p":124.26,"mot":"L","mo":5606679.0}]},{"d":"16.09.2022","r":6.5323411E7,"q":2.88,"p":123.46,"s":[{"cn":"SMYRNA Group","ui":"7048268","t":2.6128763E7,"r":2.6128763E7,"q":3.01,"p":115.0,"mot":"U","mo":2.6128763E7},{"cn":"Global Industries","ui":"4294171","t":7000000.0,"r":7000000.0,"q":3.18,"p":109.0,"mot":"U","mo":7000000.0},{"cn":"DJD International Companies","ui":"7086674","t":7595780.0,"r":7595348.0,"q":1.49,"p":174.0,"mot":"U","mo":7595348.0},{"cn":"Taniocha\u0026Tandeta","ui":"7034450","t":1.3008106E7,"r":1.2987901E7,"q":3.95,"p":120.0,"mot":"U","mo":1.2987901E7},{"cn":"gunyuzu Industries","ui":"7035490","t":5895869.0,"r":5895619.0,"q":2.32,"p":120.0,"mot":"U","mo":5895619.0},{"cn":"","ui":"","t":6056186.0,"r":5715780.0,"q":1.94,"p":124.07,"mot":"L","mo":5715780.0}]},{"d":"19.09.2022","r":6.9617486E7,"q":2.92,"p":122.85,"s":[{"cn":"SMYRNA Group","ui":"7048268","t":2.7146014E7,"r":2.7146014E7,"q":3.02,"p":115.0,"mot":"U","mo":2.7146014E7},{"cn":"Global Industries","ui":"4294171","t":1.0E7,"r":1.0E7,"q":3.23,"p":109.0,"mot":"U","mo":1.0E7},{"cn":"DJD International Companies","ui":"7086674","t":7594484.0,"r":7594052.0,"q":1.49,"p":174.0,"mot":"U","mo":7594052.0},{"cn":"Taniocha\u0026Tandeta","ui":"7034450","t":1.3330144E7,"r":1.3309519E7,"q":3.97,"p":120.0,"mot":"U","mo":1.3309519E7},{"cn":"gunyuzu Industries","ui":"7035490","t":5968484.0,"r":5968234.0,"q":2.34,"p":120.0,"mot":"U","mo":5968234.0},{"cn":"","ui":"","t":5900973.0,"r":5599667.0,"q":1.91,"p":126.03,"mot":"L","mo":5599667.0}]},{"d":"20.09.2022","r":7.1151042E7,"q":2.93,"p":122.66,"s":[{"cn":"SMYRNA Group","ui":"7048268","t":2.7485054E7,"r":2.7485054E7,"q":3.03,"p":115.0,"mot":"U","mo":2.7485054E7},{"cn":"Global Industries","ui":"4294171","t":1.1E7,"r":1.1E7,"q":3.24,"p":109.0,"mot":"U","mo":1.1E7},{"cn":"DJD International Companies","ui":"7086674","t":7594052.0,"r":7593620.0,"q":1.49,"p":174.0,"mot":"U","mo":7593620.0},{"cn":"Taniocha\u0026Tandeta","ui":"7034450","t":1.343707E7,"r":1.3416445E7,"q":3.98,"p":120.0,"mot":"U","mo":1.3416445E7},{"cn":"gunyuzu Industries","ui":"7035490","t":5992635.0,"r":5992385.0,"q":2.34,"p":120.0,"mot":"U","mo":5992385.0},{"cn":"","ui":"","t":5953844.0,"r":5663538.0,"q":1.94,"p":126.64,"mot":"L","mo":5663538.0}]},{"d":"21.09.2022","r":7.2718039E7,"q":2.94,"p":122.46,"s":[{"cn":"SMYRNA Group","ui":"7048268","t":2.7824072E7,"r":2.7824072E7,"q":3.03,"p":115.0,"mot":"U","mo":2.7824072E7},{"cn":"Global Industries","ui":"4294171","t":1.2E7,"r":1.2E7,"q":3.25,"p":109.0,"mot":"U","mo":1.2E7},{"cn":"DJD International Companies","ui":"7086674","t":7593620.0,"r":7593188.0,"q":1.49,"p":174.0,"mot":"U","mo":7593188.0},{"cn":"Taniocha\u0026Tandeta","ui":"7034450","t":1.3543996E7,"r":1.3523791E7,"q":3.98,"p":120.0,"mot":"U","mo":1.3523791E7},{"cn":"gunyuzu Industries","ui":"7035490","t":6016683.0,"r":6016433.0,"q":2.34,"p":120.0,"mot":"U","mo":6016433.0},{"cn":"","ui":"","t":6045861.0,"r":5760555.0,"q":1.97,"p":126.97,"mot":"L","mo":5760555.0}]},{"d":"22.09.2022","r":7.4047887E7,"q":2.95,"p":122.32,"s":[{"cn":"SMYRNA Group","ui":"7048268","t":2.8163069E7,"r":2.8163069E7,"q":3.03,"p":115.0,"mot":"U","mo":2.8163069E7},{"cn":"Global Industries","ui":"4294171","t":1.276596E7,"r":1.276596E7,"q":3.25,"p":109.0,"mot":"U","mo":1.276596E7},{"cn":"DJD International Companies","ui":"7086674","t":7593188.0,"r":7592756.0,"q":1.49,"p":174.0,"mot":"U","mo":7592756.0},{"cn":"Taniocha\u0026Tandeta","ui":"7034450","t":1.3651342E7,"r":1.3631137E7,"q":3.99,"p":120.0,"mot":"U","mo":1.3631137E7},{"cn":"gunyuzu Industries","ui":"7035490","t":6040731.0,"r":6040481.0,"q":2.35,"p":120.0,"mot":"U","mo":6040481.0},{"cn":"","ui":"","t":6134790.0,"r":5854484.0,"q":2.0,"p":127.3,"mot":"L","mo":5854484.0}]},{"d":"23.09.2022","r":7.5353755E7,"q":2.96,"p":122.19,"s":[{"cn":"SMYRNA Group","ui":"7048268","t":2.8502044E7,"r":2.8502044E7,"q":3.03,"p":115.0,"mot":"U","mo":2.8502044E7},{"cn":"Global Industries","ui":"4294171","t":1.353058E7,"r":1.353058E7,"q":3.26,"p":109.0,"mot":"U","mo":1.353058E7},{"cn":"DJD International Companies","ui":"7086674","t":7592756.0,"r":7592324.0,"q":1.49,"p":174.0,"mot":"U","mo":7592324.0},{"cn":"Taniocha\u0026Tandeta","ui":"7034450","t":1.3758688E7,"r":1.3738483E7,"q":3.99,"p":120.0,"mot":"U","mo":1.3738483E7},{"cn":"gunyuzu Industries","ui":"7035490","t":6064750.0,"r":6064500.0,"q":2.35,"p":120.0,"mot":"U","mo":6064500.0},{"cn":"","ui":"","t":6211130.0,"r":5925824.0,"q":2.04,"p":127.79,"mot":"L","mo":5925824.0}]},{"d":"26.09.2022","r":7.9292241E7,"q":2.98,"p":121.81,"s":[{"cn":"SMYRNA Group","ui":"7048268","t":2.951666E7,"r":2.951666E7,"q":3.04,"p":115.0,"mot":"U","mo":2.951666E7},{"cn":"Global Industries","ui":"4294171","t":1.5822142E7,"r":1.5822142E7,"q":3.27,"p":109.0,"mot":"U","mo":1.5822142E7},{"cn":"DJD International Companies","ui":"7086674","t":7591460.0,"r":7591028.0,"q":1.49,"p":174.0,"mot":"U","mo":7591028.0},{"cn":"Taniocha\u0026Tandeta","ui":"7034450","t":1.4080726E7,"r":1.4060521E7,"q":4.0,"p":120.0,"mot":"U","mo":1.4060521E7},{"cn":"gunyuzu Industries","ui":"7035490","t":6136659.0,"r":6136409.0,"q":2.36,"p":120.0,"mot":"U","mo":6136409.0},{"cn":"","ui":"","t":6435787.0,"r":6165481.0,"q":2.12,"p":128.99,"mot":"L","mo":6165481.0}]},{"d":"27.09.2022","r":7.9663763E7,"q":3.0,"p":121.72,"s":[{"cn":"SMYRNA Group","ui":"7048268","t":2.9853083E7,"r":2.9853083E7,"q":3.05,"p":115.0,"mot":"U","mo":2.9853083E7},{"cn":"Global Industries","ui":"4294171","t":1.6588666E7,"r":1.6588666E7,"q":3.29,"p":109.0,"mot":"U","mo":1.6588666E7},{"cn":"DJD International Companies","ui":"7086674","t":7591028.0,"r":7590596.0,"q":1.49,"p":174.0,"mot":"U","mo":7590596.0},{"cn":"Taniocha\u0026Tandeta","ui":"7034450","t":1.4188072E7,"r":1.4167867E7,"q":4.01,"p":120.0,"mot":"U","mo":1.4167867E7},{"cn":"gunyuzu Industries","ui":"7035490","t":6160604.0,"r":6160354.0,"q":2.36,"p":120.0,"mot":"U","mo":6160354.0},{"cn":"","ui":"","t":5568503.0,"r":5303197.0,"q":2.02,"p":131.05,"mot":"L","mo":5303197.0}]},{"d":"28.09.2022","r":8.1011941E7,"q":3.01,"p":121.59,"s":[{"cn":"SMYRNA Group","ui":"7048268","t":3.0188369E7,"r":3.0188369E7,"q":3.05,"p":115.0,"mot":"U","mo":3.0188369E7},{"cn":"Global Industries","ui":"4294171","t":1.7392321E7,"r":1.7392321E7,"q":3.3,"p":109.0,"mot":"U","mo":1.7392321E7},{"cn":"DJD International Companies","ui":"7086674","t":7590596.0,"r":7590164.0,"q":1.49,"p":174.0,"mot":"U","mo":7590164.0},{"cn":"Taniocha\u0026Tandeta","ui":"7034450","t":1.4295418E7,"r":1.4275213E7,"q":4.01,"p":120.0,"mot":"U","mo":1.4275213E7},{"cn":"gunyuzu Industries","ui":"7035490","t":6184857.0,"r":6184607.0,"q":2.37,"p":120.0,"mot":"U","mo":6184607.0},{"cn":"","ui":"","t":5641573.0,"r":5381267.0,"q":2.05,"p":131.3,"mot":"L","mo":5381267.0}]},{"d":"29.09.2022","r":8.2355547E7,"q":3.02,"p":121.46,"s":[{"cn":"SMYRNA Group","ui":"7048268","t":3.0520203E7,"r":3.0520203E7,"q":3.05,"p":115.0,"mot":"U","mo":3.0520203E7},{"cn":"Global Industries","ui":"4294171","t":1.8195574E7,"r":1.8195574E7,"q":3.32,"p":109.0,"mot":"U","mo":1.8195574E7},{"cn":"DJD International Companies","ui":"7086674","t":7590164.0,"r":7589732.0,"q":1.49,"p":174.0,"mot":"U","mo":7589732.0},{"cn":"Taniocha\u0026Tandeta","ui":"7034450","t":1.4402764E7,"r":1.4382559E7,"q":4.02,"p":120.0,"mot":"U","mo":1.4382559E7},{"cn":"gunyuzu Industries","ui":"7035490","t":6209110.0,"r":6208860.0,"q":2.37,"p":120.0,"mot":"U","mo":6208860.0},{"cn":"","ui":"","t":5731654.0,"r":5458619.0,"q":2.08,"p":131.55,"mot":"L","mo":5458619.0}]},{"d":"30.09.2022","r":8.5643013E7,"q":3.02,"p":121.26,"s":[{"cn":"SMYRNA Group","ui":"7048268","t":3.0859709E7,"r":3.0859709E7,"q":3.05,"p":115.0,"mot":"U","mo":3.0859709E7},{"cn":"Global Industries","ui":"4294171","t":1.8998425E7,"r":1.8998425E7,"q":3.34,"p":109.0,"mot":"U","mo":1.8998425E7},{"cn":"DJD International Companies","ui":"7086674","t":7589732.0,"r":7589300.0,"q":1.49,"p":174.0,"mot":"U","mo":7589300.0},{"cn":"Taniocha\u0026Tandeta","ui":"7034450","t":1.4510315E7,"r":1.4490315E7,"q":4.02,"p":120.0,"mot":"U","mo":1.4490315E7},{"cn":"gunyuzu Industries","ui":"7035490","t":6233552.0,"r":6233302.0,"q":2.37,"p":120.0,"mot":"U","mo":6233302.0},{"cn":"","ui":"","t":7943726.0,"r":7471962.0,"q":2.25,"p":128.26,"mot":"L","mo":7471962.0}]}]