[{"pi":"7092","pc":"Промышленные товары","ss":12000,"td":"Центр города","dc":3,"n":220.12,"vc":"11787","sl":"Очень высокий","sv":"7589","p":10400.0,"q":2.61,"b":0.0,"ms":7.07,"wi":131.96,"ei":6.72,"as":1776.47,"mi":"E","mv":107372,"sc":1,"lpe":92.93,"lpr":10850.4,"lq":1.0,"d":2542506},{"pi":"7092","pc":"Промышленные товары","ss":1000,"td":"Центр города","dc":1,"n":138.83,"vc":"1337","sl":"Высокий","sv":"1","p":2200.0,"q":1.0,"b":0.0,"ms":0.0,"wi":45.61,"ei":8.95,"as":326.91,"mi":"E","mv":98840,"sc":1,"lpe":100.0,"lpr":2977.73,"lq":1.0,"d":2976414},{"pi":"7092","pc":"Промышленные товары","ss":14000,"td":"Центр города","dc":1,"n":203.63,"vc":"6430","sl":"Элитный","sv":"19","p":7000.0,"q":1.0,"b":0.0,"ms":0.03,"wi":109.74,"ei":6.39,"as":1332.06,"mi":"E","mv":58779,"sc":1,"lpe":99.97,"lpr":9100.71,"lq":1.0,"d":1607580},{"pi":"7092","pc":"Промышленные товары","ss":10000,"td":"Центр города","dc":1,"n":308.99,"vc":"11355","sl":"Элитный","sv":"856","p":9800.0,"q":2.69,"b":0.0,"ms":1.9,"wi":115.61,"ei":6.91,"as":1461.51,"mi":"E","mv":45010,"sc":1,"lpe":98.1,"lpr":10894.0,"lq":1.0,"d":1489874},{"pi":"7092","pc":"Промышленные товары","ss":12000,"td":"Центр города","dc":1,"n":189.76,"vc":"12584","sl":"Элитный","sv":"1000","p":5425.0,"q":2.69,"b":0.81,"ms":0.48,"wi":89.14,"ei":7.05,"as":1247.63,"mi":"E","mv":209458,"sc":1,"lpe":99.52,"lpr":6290.09,"lq":1.0,"d":5900984},{"pi":"7092","pc":"Промышленные товары","ss":114000,"td":"Центр города","dc":4,"n":351.96,"vc":"109608","sl":"Нормальный","sv":"1200","p":5500.0,"q":2.69,"b":0.0,"ms":3.74,"wi":88.01,"ei":6.7,"as":1123.0,"mi":"E","mv":32065,"sc":1,"lpe":96.26,"lpr":5703.39,"lq":1.0,"d":873551},{"pi":"7092","pc":"Промышленные товары","ss":22000,"td":"Центр города","dc":3,"n":341.17,"vc":"31136","sl":"Высокий","sv":"1400","p":6500.0,"q":2.69,"b":0.0,"ms":4.95,"wi":88.74,"ei":6.0,"as":1057.94,"mi":"E","mv":28278,"sc":1,"lpe":95.05,"lpr":6857.55,"lq":1.0,"d":930610},{"pi":"7092","pc":"Промышленные товары","ss":10000,"td":"Центр города","dc":1,"n":412.82,"vc":"36912","sl":"Очень высокий","sv":"2000","p":8400.0,"q":11.72,"b":0.6225,"ms":3.72,"wi":45.03,"ei":10.64,"as":673.75,"mi":"E","mv":53833,"sc":3,"lpe":95.38,"lpr":2361.36,"lq":1.0,"d":2541514},{"pi":"7092","pc":"Промышленные товары","ss":10000,"td":"Спальный район","dc":3,"n":156.77,"vc":"2778","sl":"Элитный","sv":"430","p":2432.0,"q":1.0,"b":1.67,"ms":0.8,"wi":45.03,"ei":10.64,"as":673.75,"mi":"E","mv":53833,"sc":3,"lpe":95.38,"lpr":2361.36,"lq":1.0,"d":2541514},{"pi":"7092","pc":"Промышленные товары","ss":10000,"td":"Фешенебельный район","dc":9,"n":404.72,"vc":"3477","sl":"Очень низкий","sv":"58","p":2200.0,"q":1.0,"b":0.0,"ms":0.11,"wi":45.03,"ei":10.64,"as":673.75,"mi":"E","mv":53833,"sc":3,"lpe":95.38,"lpr":2361.36,"lq":1.0,"d":2541514},{"pi":"7092","pc":"Промышленные товары","ss":10000,"td":"Центр города","dc":1,"n":351.93,"vc":"32440","sl":"Высокий","sv":"3000","p":10600.0,"q":11.98,"b":0.691666666666667,"ms":2.95,"wi":59.25,"ei":8.02,"as":811.4,"mi":"E","mv":101651,"sc":5,"lpe":96.16,"lpr":5542.28,"lq":1.0,"d":4968783},{"pi":"7092","pc":"Промышленные товары","ss":9800,"td":"Фешенебельный район","dc":7,"n":273.44,"vc":"2690","sl":"Элитный","sv":"831","p":4920.0,"q":1.0,"b":0.0,"ms":0.82,"wi":59.25,"ei":8.02,"as":811.4,"mi":"E","mv":101651,"sc":5,"lpe":96.16,"lpr":5542.28,"lq":1.0,"d":4968783},{"pi":"7092","pc":"Промышленные товары","ss":10000,"td":"Спальный район","dc":2,"n":151.13,"vc":"3674","sl":"Элитный","sv":"45","p":2333.0,"q":1.0,"b":1.67,"ms":0.04,"wi":59.25,"ei":8.02,"as":811.4,"mi":"E","mv":101651,"sc":5,"lpe":96.16,"lpr":5542.28,"lq":1.0,"d":4968783},{"pi":"7092","pc":"Промышленные товары","ss":500,"td":"Фешенебельный район","dc":10,"n":81.0,"vc":"113","sl":"Очень высокий","sv":"15","p":4596.0,"q":1.0,"b":0.0,"ms":0.01,"wi":59.25,"ei":8.02,"as":811.4,"mi":"E","mv":101651,"sc":5,"lpe":96.16,"lpr":5542.28,"lq":1.0,"d":4968783},{"pi":"7092","pc":"Промышленные товары","ss":10000,"td":"Спальный район","dc":1,"n":67.11,"vc":"1974","sl":"Элитный","sv":"9","p":3580.8,"q":1.0,"b":1.67,"ms":0.01,"wi":59.25,"ei":8.02,"as":811.4,"mi":"E","mv":101651,"sc":5,"lpe":96.16,"lpr":5542.28,"lq":1.0,"d":4968783},{"pi":"7092","pc":"Промышленные товары","ss":14000,"td":"Центр города","dc":1,"n":211.33,"vc":"11253","sl":"Элитный","sv":"3600","p":7100.0,"q":2.69,"b":0.0,"ms":2.6,"wi":127.75,"ei":7.06,"as":1642.86,"mi":"E","mv":138477,"sc":1,"lpe":97.4,"lpr":7283.33,"lq":1.0,"d":2109186},{"pi":"7092","pc":"Промышленные товары","ss":52200,"td":"Центр города","dc":3,"n":103.57,"vc":"9461","sl":"Очень высокий","sv":"2373","p":4549.0,"q":1.0,"b":0.0,"ms":1.77,"wi":40.67,"ei":5.73,"as":513.32,"mi":"E","mv":133716,"sc":3,"lpe":98.21,"lpr":4674.01,"lq":1.0,"d":7527186},{"pi":"7092","pc":"Промышленные товары","ss":500,"td":"Спальный район","dc":1,"n":1.89,"vc":"478","sl":"Элитный","sv":"13","p":4000.0,"q":1.0,"b":0.0,"ms":0.01,"wi":40.67,"ei":5.73,"as":513.32,"mi":"E","mv":133716,"sc":3,"lpe":98.21,"lpr":4674.01,"lq":1.0,"d":7527186},{"pi":"7092","pc":"Промышленные товары","ss":1100,"td":"Центр города","dc":1,"n":85.81,"vc":"1434","sl":"Очень высокий","sv":"5","p":4000.0,"q":1.0,"b":0.0,"ms":0.0,"wi":40.67,"ei":5.73,"as":513.32,"mi":"E","mv":133716,"sc":3,"lpe":98.21,"lpr":4674.01,"lq":1.0,"d":7527186},{"pi":"7092","pc":"Промышленные товары","ss":10000,"td":"Центр города","dc":3,"n":41.28,"vc":"797","sl":"Элитный","sv":"3","p":3000.0,"q":1.0,"b":0.0,"ms":0.05,"wi":19.47,"ei":5.91,"as":526.89,"mi":"E","mv":5690,"sc":1,"lpe":99.95,"lpr":1551.84,"lq":1.0,"d":1222279},{"pi":"7092","pc":"Промышленные товары","ss":100000,"td":"Центр города","dc":7,"n":285.44,"vc":"134666","sl":"Высокий","sv":"11000","p":1700.0,"q":16.37,"b":0.0,"ms":2.2,"wi":39.97,"ei":5.34,"as":208.05,"mi":"E","mv":500728,"sc":1,"lpe":97.8,"lpr":2477.82,"lq":1.0,"d":12982716},{"pi":"7092","pc":"Промышленные товары","ss":33000,"td":"Центр города","dc":9,"n":289.53,"vc":"27800","sl":"Высокий","sv":"107","p":4000.0,"q":5.56,"b":0.0,"ms":0.42,"wi":100.56,"ei":8.23,"as":1206.09,"mi":"E","mv":25453,"sc":1,"lpe":99.58,"lpr":9456.4,"lq":1.0,"d":1395634},{"pi":"7092","pc":"Промышленные товары","ss":40000,"td":"Спальный район","dc":2,"n":404.7,"vc":"87856","sl":"Очень высокий","sv":"5996","p":16000.0,"q":1.15,"b":0.0,"ms":6.84,"wi":116.13,"ei":7.17,"as":2122.22,"mi":"E","mv":87678,"sc":1,"lpe":93.16,"lpr":12308.83,"lq":1.0,"d":2596850},{"pi":"7092","pc":"Промышленные товары","ss":50000,"td":"Окраина","dc":1,"n":427.36,"vc":"162266","sl":"Элитный","sv":"96264","p":3000.0,"q":1.0,"b":0.0,"ms":36.67,"wi":102.86,"ei":10.85,"as":2744.68,"mi":"E","mv":262492,"sc":3,"lpe":52.01,"lpr":5068.05,"lq":2.72,"d":9744630},{"pi":"7092","pc":"Промышленные товары","ss":100000,"td":"Центр города","dc":1,"n":554.68,"vc":"1621797","sl":"Нормальный","sv":"29684","p":20000.0,"q":28.5,"b":2.84,"ms":11.31,"wi":102.86,"ei":10.85,"as":2744.68,"mi":"E","mv":262492,"sc":3,"lpe":52.01,"lpr":5068.05,"lq":2.72,"d":9744630},{"pi":"7092","pc":"Промышленные товары","ss":30000,"td":"Центр города","dc":1,"n":145.59,"vc":"17022","sl":"Элитный","sv":"14","p":9999.99,"q":2.78,"b":0.0,"ms":0.01,"wi":102.86,"ei":10.85,"as":2744.68,"mi":"E","mv":262492,"sc":3,"lpe":52.01,"lpr":5068.05,"lq":2.72,"d":9744630},{"pi":"7092","pc":"Промышленные товары","ss":10000,"td":"Центр города","dc":1,"n":407.91,"vc":"12013","sl":"Элитный","sv":"1500","p":6750.0,"q":2.69,"b":0.0,"ms":18.77,"wi":72.48,"ei":6.2,"as":316.9,"mi":"E","mv":7991,"sc":1,"lpe":81.23,"lpr":5467.22,"lq":1.6,"d":216434}]