[{"pi":"370075","pc":"Промышленные товары","ss":100000,"td":"Пригород","dc":2,"n":613.07,"vc":"463412","sl":"Высокий","sv":"111","p":12222.0,"q":23.0,"b":0.44,"ms":0.19,"wi":58.63,"ei":8.06,"as":1539.04,"mi":"E","mv":58359,"sc":2,"lpe":99.68,"lpr":16911.82,"lq":1.0,"d":2386252},{"pi":"370075","pc":"Промышленные товары","ss":200000,"td":"Центр города","dc":1,"n":337.2,"vc":"137455","sl":"Элитный","sv":"73","p":90000.0,"q":27.13,"b":2.41,"ms":0.13,"wi":58.63,"ei":8.06,"as":1539.04,"mi":"E","mv":58359,"sc":2,"lpe":99.68,"lpr":16911.82,"lq":1.0,"d":2386252},{"pi":"370075","pc":"Промышленные товары","ss":100000,"td":"Центр города","dc":2,"n":608.47,"vc":"1175330","sl":"Низкий","sv":"18","p":50000.0,"q":11.25,"b":0.0,"ms":0.08,"wi":70.52,"ei":6.92,"as":830.0,"mi":"E","mv":23142,"sc":1,"lpe":99.92,"lpr":10001.74,"lq":1.0,"d":885820},{"pi":"370075","pc":"Промышленные товары","ss":100000,"td":"Центр города","dc":10,"n":425.8,"vc":"78236","sl":"Нормальный","sv":"239","p":25000.0,"q":13.84,"b":1.96,"ms":4.06,"wi":33.97,"ei":5.99,"as":686.84,"mi":"E","mv":5893,"sc":1,"lpe":95.94,"lpr":5069.32,"lq":1.0,"d":304853},{"pi":"370075","pc":"Промышленные товары","ss":1000,"td":"Центр города","dc":1,"n":383.55,"vc":"2520","sl":"Очень высокий","sv":"10","p":20000.0,"q":15.86,"b":1.56,"ms":0.08,"wi":26.96,"ei":5.07,"as":319.85,"mi":"E","mv":11925,"sc":1,"lpe":99.92,"lpr":3325.55,"lq":1.0,"d":708233},{"pi":"370075","pc":"Промышленные товары","ss":100000,"td":"Фешенебельный район","dc":3,"n":547.56,"vc":"151226","sl":"Очень высокий","sv":"156","p":80000.0,"q":10.94,"b":0.0,"ms":0.38,"wi":37.74,"ei":8.34,"as":368.44,"mi":"E","mv":41582,"sc":2,"lpe":99.25,"lpr":11716.57,"lq":1.0,"d":3046448},{"pi":"370075","pc":"Промышленные товары","ss":10000,"td":"Пригород","dc":2,"n":483.14,"vc":"21149","sl":"Очень высокий","sv":"155","p":5555.0,"q":23.0,"b":1.32,"ms":0.37,"wi":37.74,"ei":8.34,"as":368.44,"mi":"E","mv":41582,"sc":2,"lpe":99.25,"lpr":11716.57,"lq":1.0,"d":3046448},{"pi":"370075","pc":"Промышленные товары","ss":1000,"td":"Центр города","dc":1,"n":354.37,"vc":"2493","sl":"Очень высокий","sv":"50","p":20000.0,"q":15.86,"b":1.51,"ms":0.31,"wi":47.92,"ei":6.7,"as":411.38,"mi":"E","mv":15976,"sc":1,"lpe":99.69,"lpr":7169.41,"lq":1.0,"d":1145586},{"pi":"370075","pc":"Промышленные товары","ss":100000,"td":"Фешенебельный район","dc":10,"n":340.93,"vc":"8161","sl":"Элитный","sv":"20","p":20000.0,"q":15.86,"b":1.76,"ms":0.14,"wi":46.42,"ei":7.3,"as":627.02,"mi":"E","mv":14179,"sc":1,"lpe":99.86,"lpr":8590.17,"lq":1.0,"d":802170},{"pi":"370075","pc":"Промышленные товары","ss":100000,"td":"Центр города","dc":10,"n":387.8,"vc":"66546","sl":"Очень высокий","sv":"20","p":20000.0,"q":15.86,"b":1.76,"ms":0.3,"wi":31.84,"ei":7.85,"as":603.38,"mi":"E","mv":6558,"sc":1,"lpe":99.7,"lpr":5269.6,"lq":1.0,"d":416978},{"pi":"370075","pc":"Промышленные товары","ss":100000,"td":"Фешенебельный район","dc":10,"n":438.22,"vc":"12603","sl":"Элитный","sv":"20","p":20000.0,"q":15.86,"b":1.76,"ms":0.66,"wi":43.58,"ei":8.27,"as":775.21,"mi":"E","mv":3030,"sc":1,"lpe":99.34,"lpr":9437.67,"lq":1.0,"d":203598},{"pi":"370075","pc":"Промышленные товары","ss":1000,"td":"Центр города","dc":1,"n":367.44,"vc":"2499","sl":"Очень высокий","sv":"10","p":35000.0,"q":15.87,"b":0.69,"ms":0.1,"wi":94.63,"ei":8.46,"as":478.49,"mi":"E","mv":10101,"sc":1,"lpe":99.9,"lpr":8852.91,"lq":1.0,"d":446958},{"pi":"370075","pc":"Промышленные товары","ss":100000,"td":"Пригород","dc":3,"n":471.42,"vc":"77685","sl":"Элитный","sv":"11","p":12222.0,"q":23.0,"b":0.0,"ms":0.14,"wi":22.01,"ei":10.38,"as":215.62,"mi":"E","mv":7631,"sc":1,"lpe":99.86,"lpr":8593.05,"lq":1.0,"d":1958164},{"pi":"370075","pc":"Промышленные товары","ss":100000,"td":"Фешенебельный район","dc":10,"n":424.83,"vc":"11774","sl":"Элитный","sv":"20","p":20000.0,"q":15.86,"b":1.76,"ms":0.44,"wi":31.66,"ei":6.14,"as":589.01,"mi":"E","mv":4549,"sc":1,"lpe":99.56,"lpr":4497.66,"lq":1.0,"d":231572},{"pi":"370075","pc":"Промышленные товары","ss":100000,"td":"Центр города","dc":10,"n":453.74,"vc":"89641","sl":"Низкий","sv":"20","p":18000.0,"q":15.86,"b":1.76,"ms":0.71,"wi":29.33,"ei":5.65,"as":482.15,"mi":"E","mv":2824,"sc":1,"lpe":99.29,"lpr":4854.11,"lq":1.0,"d":205748},{"pi":"370075","pc":"Промышленные товары","ss":100000,"td":"Центр города","dc":10,"n":614.25,"vc":"386750","sl":"Низкий","sv":"250","p":30000.0,"q":15.86,"b":1.41,"ms":8.4,"wi":52.18,"ei":6.76,"as":1256.54,"mi":"E","mv":2976,"sc":1,"lpe":91.6,"lpr":24845.3,"lq":1.0,"d":3053989},{"pi":"370075","pc":"Промышленные товары","ss":1000,"td":"Фешенебельный район","dc":1,"n":452.81,"vc":"393","sl":"Элитный","sv":"250","p":25000.0,"q":15.35,"b":2.1,"ms":8.14,"wi":67.38,"ei":9.06,"as":1685.29,"mi":"E","mv":3071,"sc":1,"lpe":91.86,"lpr":10854.22,"lq":1.0,"d":129256},{"pi":"370075","pc":"Промышленные товары","ss":1000,"td":"Центр города","dc":1,"n":547.95,"vc":"2809","sl":"Очень высокий","sv":"5","p":15000.0,"q":15.35,"b":2.1,"ms":0.54,"wi":30.87,"ei":8.3,"as":910.0,"mi":"E","mv":926,"sc":1,"lpe":99.46,"lpr":4030.91,"lq":1.0,"d":136152},{"pi":"370075","pc":"Промышленные товары","ss":100000,"td":"Фешенебельный район","dc":10,"n":424.4,"vc":"11770","sl":"Элитный","sv":"200","p":20000.0,"q":15.86,"b":1.41,"ms":4.34,"wi":38.34,"ei":6.13,"as":1028.6,"mi":"E","mv":4604,"sc":1,"lpe":95.66,"lpr":8407.5,"lq":1.0,"d":605360},{"pi":"370075","pc":"Промышленные товары","ss":100000,"td":"Фешенебельный район","dc":10,"n":402.94,"vc":"10657","sl":"Элитный","sv":"100","p":22000.0,"q":15.86,"b":1.41,"ms":1.51,"wi":42.01,"ei":5.96,"as":840.23,"mi":"E","mv":6625,"sc":1,"lpe":98.49,"lpr":8347.83,"lq":1.0,"d":374855},{"pi":"370075","pc":"Промышленные товары","ss":100000,"td":"Центр города","dc":10,"n":291.79,"vc":"44817","sl":"Элитный","sv":"100","p":35000.0,"q":15.86,"b":1.41,"ms":0.28,"wi":58.06,"ei":9.31,"as":842.54,"mi":"E","mv":36123,"sc":1,"lpe":99.72,"lpr":15490.7,"lq":1.0,"d":2290569},{"pi":"370075","pc":"Промышленные товары","ss":10000,"td":"Центр города","dc":10,"n":707.28,"vc":"22351","sl":"Низкий","sv":"15","p":90000.0,"q":15.87,"b":4.35,"ms":10.14,"wi":86.62,"ei":11.59,"as":6064.68,"mi":"E","mv":148,"sc":2,"lpe":88.51,"lpr":52641.67,"lq":7.06,"d":65057},{"pi":"370075","pc":"Промышленные товары","ss":10000,"td":"Центр города","dc":2,"n":710.42,"vc":"22351","sl":"Очень высокий","sv":"2","p":250000.0,"q":17.58,"b":0.0,"ms":1.35,"wi":86.62,"ei":11.59,"as":6064.68,"mi":"E","mv":148,"sc":2,"lpe":88.51,"lpr":52641.67,"lq":7.06,"d":65057},{"pi":"370075","pc":"Промышленные товары","ss":1000,"td":"Центр города","dc":1,"n":334.35,"vc":"2482","sl":"Очень высокий","sv":"10","p":20000.0,"q":15.86,"b":1.52,"ms":0.04,"wi":40.31,"ei":7.5,"as":560.75,"mi":"E","mv":26032,"sc":1,"lpe":99.96,"lpr":5184.98,"lq":1.0,"d":1824510},{"pi":"370075","pc":"Промышленные товары","ss":1000,"td":"Центр города","dc":2,"n":458.34,"vc":"2619","sl":"Нормальный","sv":"11","p":18000.0,"q":14.75,"b":1.52,"ms":0.31,"wi":28.32,"ei":4.98,"as":365.77,"mi":"E","mv":3573,"sc":1,"lpe":99.69,"lpr":3276.85,"lq":1.0,"d":269313},{"pi":"370075","pc":"Промышленные товары","ss":100000,"td":"Центр города","dc":1,"n":500.15,"vc":"223268","sl":"Элитный","sv":"220","p":65530.0,"q":59.75,"b":2.65,"ms":0.51,"wi":52.25,"ei":7.93,"as":1157.31,"mi":"E","mv":43210,"sc":2,"lpe":98.98,"lpr":11019.44,"lq":1.0,"d":1631714},{"pi":"370075","pc":"Промышленные товары","ss":100000,"td":"Центр города","dc":1,"n":500.15,"vc":"223268","sl":"Элитный","sv":"220","p":66370.0,"q":59.75,"b":2.65,"ms":0.51,"wi":52.25,"ei":7.93,"as":1157.31,"mi":"E","mv":43210,"sc":2,"lpe":98.98,"lpr":11019.44,"lq":1.0,"d":1631714},{"pi":"370075","pc":"Промышленные товары","ss":10000,"td":"Пригород","dc":2,"n":435.57,"vc":"13285","sl":"Элитный","sv":"111","p":8888.0,"q":23.0,"b":0.0,"ms":0.12,"wi":53.75,"ei":9.53,"as":1662.81,"mi":"E","mv":93113,"sc":1,"lpe":99.88,"lpr":12305.85,"lq":1.0,"d":2620393},{"pi":"370075","pc":"Промышленные товары","ss":100000,"td":"Центр города","dc":1,"n":258.44,"vc":"63288","sl":"Элитный","sv":"5000","p":60000.0,"q":28.3,"b":0.47,"ms":2.76,"wi":61.12,"ei":10.04,"as":1836.76,"mi":"E","mv":181335,"sc":1,"lpe":97.24,"lpr":21854.17,"lq":1.0,"d":10036968},{"pi":"370075","pc":"Промышленные товары","ss":100000,"td":"Спальный район","dc":2,"n":619.73,"vc":"474972","sl":"Очень низкий","sv":"1","p":76232.0,"q":37.39,"b":0.0,"ms":0.01,"wi":48.98,"ei":5.69,"as":358.94,"mi":"E","mv":10888,"sc":1,"lpe":99.99,"lpr":8263.89,"lq":1.0,"d":375211},{"pi":"370075","pc":"Промышленные товары","ss":10000,"td":"Центр города","dc":1,"n":206.2,"vc":"7898","sl":"Элитный","sv":"12","p":100000.0,"q":21.09,"b":0.0,"ms":0.02,"wi":58.08,"ei":17.43,"as":630.16,"mi":"E","mv":58814,"sc":1,"lpe":99.98,"lpr":16877.99,"lq":1.0,"d":6569718},{"pi":"370075","pc":"Промышленные товары","ss":100000,"td":"Центр города","dc":2,"n":447.57,"vc":"226222","sl":"Очень высокий","sv":"1","p":35000.0,"q":38.21,"b":0.0,"ms":0.0,"wi":56.35,"ei":7.93,"as":544.55,"mi":"E","mv":69976,"sc":1,"lpe":100.0,"lpr":11103.75,"lq":1.0,"d":2116572},{"pi":"370075","pc":"Промышленные товары","ss":10000,"td":"Пригород","dc":2,"n":332.93,"vc":"11857","sl":"Элитный","sv":"11","p":4444.0,"q":23.0,"b":0.0,"ms":0.0,"wi":31.78,"ei":10.87,"as":249.98,"mi":"E","mv":376962,"sc":1,"lpe":100.0,"lpr":4365.37,"lq":1.0,"d":13934474},{"pi":"370075","pc":"Промышленные товары","ss":100000,"td":"Центр города","dc":2,"n":630.64,"vc":"1645023","sl":"Низкий","sv":"1244","p":50000.0,"q":11.01,"b":0.0,"ms":4.6,"wi":81.16,"ei":9.65,"as":1343.3,"mi":"E","mv":27033,"sc":1,"lpe":95.4,"lpr":14897.19,"lq":1.0,"d":1258957},{"pi":"370075","pc":"Промышленные товары","ss":1000,"td":"Фешенебельный район","dc":1,"n":472.94,"vc":"1306","sl":"Элитный","sv":"1000","p":25000.0,"q":29.05,"b":1.934,"ms":4.2,"wi":258.41,"ei":9.91,"as":720.18,"mi":"E","mv":23835,"sc":2,"lpe":95.68,"lpr":39652.46,"lq":1.0,"d":1127008},{"pi":"370075","pc":"Промышленные товары","ss":1000,"td":"Фешенебельный район","dc":1,"n":322.7,"vc":"373","sl":"Элитный","sv":"30","p":50000.0,"q":15.86,"b":1.46,"ms":0.13,"wi":258.41,"ei":9.91,"as":720.18,"mi":"E","mv":23835,"sc":2,"lpe":95.68,"lpr":39652.46,"lq":1.0,"d":1127008},{"pi":"370075","pc":"Промышленные товары","ss":1000,"td":"Центр города","dc":1,"n":393.43,"vc":"2524","sl":"Очень высокий","sv":"20","p":25000.0,"q":15.86,"b":1.46,"ms":0.28,"wi":84.23,"ei":8.99,"as":617.98,"mi":"E","mv":7231,"sc":1,"lpe":99.72,"lpr":11193.76,"lq":1.0,"d":511712}]