[{"d":"20.01.2022","r":2.0,"q":2.28,"p":9.9999999E7,"s":[{"cn":"Mufatorr Ltd.","ui":"6700058","t":2.0,"r":2.0,"q":2.28,"p":9.9999999E7,"mot":"U","mo":2.0},{"cn":"","ui":"","t":0.0,"r":0.0,"q":0.0,"p":0.0,"mot":"L","mo":0.0}]},{"d":"01.03.2022","r":63.0,"q":1.01,"p":5.0E10,"s":[{"cn":"Erofeevs","ui":"6745597","t":63.0,"r":63.0,"q":1.01,"p":5.0E10,"mot":"U","mo":63.0},{"cn":"","ui":"","t":0.0,"r":0.0,"q":0.0,"p":0.0,"mot":"L","mo":0.0}]},{"d":"02.03.2022","r":94.0,"q":1.01,"p":3.0E10,"s":[{"cn":"Erofeevs","ui":"6745597","t":94.0,"r":94.0,"q":1.01,"p":3.0E10,"mot":"U","mo":94.0},{"cn":"","ui":"","t":0.0,"r":0.0,"q":0.0,"p":0.0,"mot":"L","mo":0.0}]},{"d":"03.03.2022","r":110.0,"q":1.58,"p":3.0E10,"s":[{"cn":"Erofeevs","ui":"6745597","t":110.0,"r":110.0,"q":1.58,"p":3.0E10,"mot":"U","mo":110.0},{"cn":"","ui":"","t":0.0,"r":0.0,"q":0.0,"p":0.0,"mot":"L","mo":0.0}]},{"d":"04.03.2022","r":161.0,"q":2.4,"p":5.086956521739E10,"s":[{"cn":"Erofeevs","ui":"6745597","t":130.0,"r":130.0,"q":2.19,"p":3.0E10,"mot":"U","mo":130.0},{"cn":"VirtaCoin_not_Bitcoin","ui":"6800070","t":28.0,"r":28.0,"q":3.39,"p":1.5E11,"mot":"U","mo":28.0},{"cn":"","ui":"","t":3.0,"r":3.0,"q":2.12,"p":3.0E10,"mot":"L","mo":3.0}]},{"d":"07.03.2022","r":314.0,"q":3.91,"p":4.41664583536E10,"s":[{"cn":"Erofeevs","ui":"6745597","t":171.0,"r":171.0,"q":3.01,"p":3.0E10,"mot":"U","mo":171.0},{"cn":"Mufatorr Ltd.","ui":"6757139","t":91.0,"r":91.0,"q":6.06,"p":2.6134812341E10,"mot":"U","mo":91.0},{"cn":"VirtaCoin_not_Bitcoin","ui":"6800070","t":40.0,"r":40.0,"q":3.39,"p":1.5E11,"mot":"U","mo":40.0},{"cn":"","ui":"","t":12.0,"r":12.0,"q":2.12,"p":3.0E10,"mot":"L","mo":12.0}]},{"d":"08.03.2022","r":178.0,"q":5.13,"p":5.707889139651E10,"s":[{"cn":"Mufatorr Ltd.","ui":"6757139","t":119.0,"r":119.0,"q":6.15,"p":2.6134812341E10,"mot":"U","mo":119.0},{"cn":"Ssadow Трейд","ui":"6912669","t":15.0,"r":15.0,"q":2.12,"p":3.0E10,"mot":"U","mo":15.0},{"cn":"VirtaCoin_not_Bitcoin","ui":"6800070","t":44.0,"r":44.0,"q":3.39,"p":1.5E11,"mot":"U","mo":44.0},{"cn":"","ui":"","t":0.0,"r":0.0,"q":0.0,"p":0.0,"mot":"L","mo":0.0}]},{"d":"09.03.2022","r":356.0,"q":4.07,"p":3.594365168506E10,"s":[{"cn":"Erofeevs","ui":"6745597","t":171.0,"r":171.0,"q":3.01,"p":2.0E10,"mot":"U","mo":171.0},{"cn":"Mufatorr Ltd.","ui":"6700058","t":119.0,"r":119.0,"q":6.15,"p":1.5259999999E10,"mot":"U","mo":119.0},{"cn":"Ssadow Трейд","ui":"6912669","t":18.0,"r":18.0,"q":2.12,"p":2.0E10,"mot":"U","mo":18.0},{"cn":"VirtaCoin_not_Bitcoin","ui":"6800070","t":48.0,"r":48.0,"q":3.39,"p":1.5E11,"mot":"U","mo":48.0},{"cn":"","ui":"","t":0.0,"r":0.0,"q":0.0,"p":0.0,"mot":"L","mo":0.0}]},{"d":"10.03.2022","r":220.0,"q":5.18,"p":4.756009090842E10,"s":[{"cn":"Mufatorr Ltd.","ui":"6700058","t":147.0,"r":147.0,"q":6.25,"p":1.5259999999E10,"mot":"U","mo":147.0},{"cn":"Ssadow Трейд","ui":"6912669","t":21.0,"r":21.0,"q":2.12,"p":2.0E10,"mot":"U","mo":21.0},{"cn":"VirtaCoin_not_Bitcoin","ui":"6800070","t":52.0,"r":52.0,"q":3.39,"p":1.5E11,"mot":"U","mo":52.0},{"cn":"","ui":"","t":0.0,"r":0.0,"q":0.0,"p":0.0,"mot":"L","mo":0.0}]},{"d":"11.03.2022","r":426.0,"q":4.37,"p":3.313497652541E10,"s":[{"cn":"Erofeevs","ui":"6745597","t":171.0,"r":171.0,"q":3.01,"p":1.5E10,"mot":"U","mo":171.0},{"cn":"Mufatorr Ltd.","ui":"6700058","t":175.0,"r":175.0,"q":6.32,"p":1.5259999999E10,"mot":"U","mo":175.0},{"cn":"Ssadow Трейд","ui":"6912669","t":24.0,"r":24.0,"q":2.12,"p":2.0E10,"mot":"U","mo":24.0},{"cn":"VirtaCoin_not_Bitcoin","ui":"6800070","t":56.0,"r":56.0,"q":3.39,"p":1.5E11,"mot":"U","mo":56.0},{"cn":"","ui":"","t":0.0,"r":0.0,"q":0.0,"p":0.0,"mot":"L","mo":0.0}]},{"d":"14.03.2022","r":95.0,"q":3.31,"p":1.897452631549E10,"s":[{"cn":"Grey Group","ui":"6801979","t":50.0,"r":50.0,"q":1.69,"p":1.1E9,"mot":"U","mo":50.0},{"cn":"Mufatorr Ltd.","ui":"6700058","t":28.0,"r":28.0,"q":6.69,"p":1.5259999999E10,"mot":"U","mo":28.0},{"cn":"Ssadow Трейд","ui":"6912669","t":6.0,"r":6.0,"q":2.08,"p":2.0E10,"mot":"U","mo":6.0},{"cn":"VirtaCoin_not_Bitcoin","ui":"6800070","t":8.0,"r":8.0,"q":3.39,"p":1.5E11,"mot":"U","mo":8.0},{"cn":"","ui":"","t":3.0,"r":3.0,"q":1.0,"p":1.0E8,"mot":"L","mo":3.0}]},{"d":"15.03.2022","r":80.0,"q":5.51,"p":3.54507499993E10,"s":[{"cn":"Mufatorr Ltd.","ui":"6700058","t":56.0,"r":56.0,"q":6.69,"p":1.5259999999E10,"mot":"U","mo":56.0},{"cn":"Ssadow Трейд","ui":"6912669","t":9.0,"r":9.0,"q":2.33,"p":2.0E10,"mot":"U","mo":9.0},{"cn":"VirtaCoin_not_Bitcoin","ui":"6800070","t":12.0,"r":12.0,"q":3.39,"p":1.5E11,"mot":"U","mo":12.0},{"cn":"","ui":"","t":3.0,"r":3.0,"q":1.63,"p":5.0E8,"mot":"L","mo":3.0}]},{"d":"16.03.2022","r":121.0,"q":5.8,"p":3.293256198278E10,"s":[{"cn":"Erofeevs","ui":"6745597","t":9.0,"r":9.0,"q":6.28,"p":1.5E10,"mot":"U","mo":9.0},{"cn":"Mufatorr Ltd.","ui":"6700058","t":84.0,"r":84.0,"q":6.69,"p":1.5259999999E10,"mot":"U","mo":84.0},{"cn":"Ssadow Трейд","ui":"6912669","t":12.0,"r":12.0,"q":2.46,"p":1.4E10,"mot":"U","mo":12.0},{"cn":"VirtaCoin_not_Bitcoin","ui":"6800070","t":16.0,"r":16.0,"q":3.39,"p":1.5E11,"mot":"U","mo":16.0},{"cn":"","ui":"","t":0.0,"r":0.0,"q":0.0,"p":0.0,"mot":"L","mo":0.0}]},{"d":"17.03.2022","r":163.0,"q":5.91,"p":3.166331288275E10,"s":[{"cn":"Erofeevs","ui":"6745597","t":18.0,"r":18.0,"q":6.32,"p":1.5E10,"mot":"U","mo":18.0},{"cn":"Mufatorr Ltd.","ui":"6700058","t":112.0,"r":112.0,"q":6.69,"p":1.5259999999E10,"mot":"U","mo":112.0},{"cn":"Ssadow Трейд","ui":"6912669","t":13.0,"r":13.0,"q":2.54,"p":1.4E10,"mot":"U","mo":13.0},{"cn":"VirtaCoin_not_Bitcoin","ui":"6800070","t":20.0,"r":20.0,"q":3.39,"p":1.5E11,"mot":"U","mo":20.0},{"cn":"","ui":"","t":0.0,"r":0.0,"q":0.0,"p":0.0,"mot":"L","mo":0.0}]},{"d":"18.03.2022","r":207.0,"q":5.95,"p":3.0750724637E10,"s":[{"cn":"Erofeevs","ui":"6745597","t":27.0,"r":27.0,"q":6.35,"p":1.5E10,"mot":"U","mo":27.0},{"cn":"Mufatorr Ltd.","ui":"6700058","t":140.0,"r":140.0,"q":6.69,"p":1.5259999999E10,"mot":"U","mo":140.0},{"cn":"Ssadow Трейд","ui":"6912669","t":16.0,"r":16.0,"q":2.59,"p":1.4E10,"mot":"U","mo":16.0},{"cn":"VirtaCoin_not_Bitcoin","ui":"6800070","t":24.0,"r":24.0,"q":3.39,"p":1.5E11,"mot":"U","mo":24.0},{"cn":"","ui":"","t":0.0,"r":0.0,"q":0.0,"p":0.0,"mot":"L","mo":0.0}]},{"d":"21.03.2022","r":78.0,"q":5.15,"p":1.467948717949E10,"s":[{"cn":"Erofeevs","ui":"6745597","t":53.0,"r":53.0,"q":6.32,"p":1.5E10,"mot":"U","mo":53.0},{"cn":"Ssadow Трейд","ui":"6912669","t":25.0,"r":25.0,"q":2.68,"p":1.4E10,"mot":"U","mo":25.0},{"cn":"","ui":"","t":0.0,"r":0.0,"q":0.0,"p":0.0,"mot":"L","mo":0.0}]},{"d":"22.03.2022","r":252.0,"q":6.24,"p":1.511999999911E10,"s":[{"cn":"Mufatorr Ltd.","ui":"6700058","t":224.0,"r":224.0,"q":6.68,"p":1.5259999999E10,"mot":"U","mo":224.0},{"cn":"Ssadow Трейд","ui":"6912669","t":28.0,"r":28.0,"q":2.7,"p":1.4E10,"mot":"U","mo":28.0},{"cn":"","ui":"","t":0.0,"r":0.0,"q":0.0,"p":0.0,"mot":"L","mo":0.0}]},{"d":"23.03.2022","r":283.0,"q":6.24,"p":1.501243816165E10,"s":[{"cn":"Mufatorr Ltd.","ui":"6700058","t":252.0,"r":252.0,"q":6.67,"p":1.5259999999E10,"mot":"U","mo":252.0},{"cn":"Ssadow Трейд","ui":"6912669","t":31.0,"r":31.0,"q":2.71,"p":1.3E10,"mot":"U","mo":31.0},{"cn":"","ui":"","t":0.0,"r":0.0,"q":0.0,"p":0.0,"mot":"L","mo":0.0}]},{"d":"24.03.2022","r":314.0,"q":6.24,"p":1.501528662331E10,"s":[{"cn":"Mufatorr Ltd.","ui":"6700058","t":280.0,"r":280.0,"q":6.67,"p":1.5259999999E10,"mot":"U","mo":280.0},{"cn":"Ssadow Трейд","ui":"6912669","t":34.0,"r":34.0,"q":2.72,"p":1.3E10,"mot":"U","mo":34.0},{"cn":"","ui":"","t":0.0,"r":0.0,"q":0.0,"p":0.0,"mot":"L","mo":0.0}]},{"d":"25.03.2022","r":65.0,"q":4.41,"p":1.397353846111E10,"s":[{"cn":"Mufatorr Ltd.","ui":"6700058","t":28.0,"r":28.0,"q":6.63,"p":1.5259999999E10,"mot":"U","mo":28.0},{"cn":"Ssadow Трейд","ui":"6912669","t":37.0,"r":37.0,"q":2.73,"p":1.3E10,"mot":"U","mo":37.0},{"cn":"","ui":"","t":0.0,"r":0.0,"q":0.0,"p":0.0,"mot":"L","mo":0.0}]},{"d":"28.03.2022","r":115.0,"q":6.53,"p":1.520104347729E10,"s":[{"cn":"Mufatorr Ltd.","ui":"6700058","t":112.0,"r":112.0,"q":6.63,"p":1.5259999999E10,"mot":"U","mo":112.0},{"cn":"","ui":"","t":3.0,"r":3.0,"q":2.84,"p":1.3E10,"mot":"L","mo":3.0}]},{"d":"29.03.2022","r":147.0,"q":6.47,"p":1.507074829837E10,"s":[{"cn":"Mufatorr Ltd.","ui":"6700058","t":140.0,"r":140.0,"q":6.63,"p":1.5259999999E10,"mot":"U","mo":140.0},{"cn":"","ui":"","t":7.0,"r":7.0,"q":3.34,"p":1.128571428571E10,"mot":"L","mo":7.0}]},{"d":"30.03.2022","r":169.0,"q":6.56,"p":1.521988165582E10,"s":[{"cn":"Mufatorr Ltd.","ui":"6700058","t":166.0,"r":166.0,"q":6.63,"p":1.5259999999E10,"mot":"U","mo":166.0},{"cn":"","ui":"","t":3.0,"r":3.0,"q":2.78,"p":1.3E10,"mot":"L","mo":3.0}]},{"d":"31.03.2022","r":257.0,"q":6.0,"p":1.466319066072E10,"s":[{"cn":"Ssadow Трейд","ui":"6845974","t":35.0,"r":35.0,"q":6.27,"p":1.3E10,"mot":"U","mo":35.0},{"cn":"Mufatorr Ltd.","ui":"6700058","t":194.0,"r":194.0,"q":6.56,"p":1.5259999999E10,"mot":"U","mo":194.0},{"cn":"WoWaWood","ui":"6912646","t":22.0,"r":22.0,"q":1.56,"p":1.25E10,"mot":"U","mo":22.0},{"cn":"","ui":"","t":6.0,"r":6.0,"q":2.76,"p":1.3E10,"mot":"L","mo":6.0}]},{"d":"01.04.2022","r":274.0,"q":5.95,"p":1.478729926926E10,"s":[{"cn":"Ssadow Трейд","ui":"6845974","t":19.0,"r":19.0,"q":6.37,"p":1.3E10,"mot":"U","mo":19.0},{"cn":"Mufatorr Ltd.","ui":"6700058","t":222.0,"r":222.0,"q":6.51,"p":1.5259999999E10,"mot":"U","mo":222.0},{"cn":"WoWaWood","ui":"6912646","t":24.0,"r":24.0,"q":1.6,"p":1.25E10,"mot":"U","mo":24.0},{"cn":"","ui":"","t":9.0,"r":9.0,"q":2.76,"p":1.3E10,"mot":"L","mo":9.0}]},{"d":"04.04.2022","r":65.0,"q":5.49,"p":1.2E10,"s":[{"cn":"Ssadow Трейд","ui":"6845974","t":47.0,"r":47.0,"q":6.46,"p":1.2E10,"mot":"U","mo":47.0},{"cn":"Ssadow Трейд","ui":"6912669","t":18.0,"r":18.0,"q":2.97,"p":1.2E10,"mot":"U","mo":18.0},{"cn":"","ui":"","t":0.0,"r":0.0,"q":0.0,"p":0.0,"mot":"L","mo":0.0}]},{"d":"05.04.2022","r":94.0,"q":5.69,"p":1.2E10,"s":[{"cn":"Ssadow Трейд","ui":"6845974","t":73.0,"r":73.0,"q":6.46,"p":1.2E10,"mot":"U","mo":73.0},{"cn":"Ssadow Трейд","ui":"6912669","t":21.0,"r":21.0,"q":3.0,"p":1.2E10,"mot":"U","mo":21.0},{"cn":"","ui":"","t":0.0,"r":0.0,"q":0.0,"p":0.0,"mot":"L","mo":0.0}]},{"d":"06.04.2022","r":150.0,"q":5.07,"p":1.2058E10,"s":[{"cn":"Ssadow Трейд","ui":"6845974","t":99.0,"r":99.0,"q":6.47,"p":1.2E10,"mot":"U","mo":99.0},{"cn":"WoWaWood","ui":"6974383","t":24.0,"r":24.0,"q":1.6,"p":1.24E10,"mot":"U","mo":24.0},{"cn":"Ssadow Трейд","ui":"6912669","t":24.0,"r":24.0,"q":3.02,"p":1.2E10,"mot":"U","mo":24.0},{"cn":"","ui":"","t":3.0,"r":3.0,"q":2.92,"p":1.17E10,"mot":"L","mo":3.0}]},{"d":"07.04.2022","r":168.0,"q":5.54,"p":1.136428571429E10,"s":[{"cn":"Ssadow Трейд","ui":"6845974","t":125.0,"r":125.0,"q":6.47,"p":1.2E10,"mot":"U","mo":125.0},{"cn":"SMILESOFT LLC","ui":"6975730","t":10.0,"r":10.0,"q":2.32,"p":1.5E9,"mot":"U","mo":10.0},{"cn":"Ssadow Трейд","ui":"6912669","t":27.0,"r":27.0,"q":3.04,"p":1.2E10,"mot":"U","mo":27.0},{"cn":"","ui":"","t":6.0,"r":6.0,"q":2.92,"p":1.17E10,"mot":"L","mo":6.0}]},{"d":"08.04.2022","r":84.0,"q":2.44,"p":9.05714285714E9,"s":[{"cn":"Virtonomicus Inc","ui":"6966327","t":9.0,"r":9.0,"q":2.92,"p":1.17E10,"mot":"U","mo":9.0},{"cn":"SMILESOFT LLC","ui":"6975730","t":21.0,"r":21.0,"q":2.32,"p":1.5E9,"mot":"U","mo":21.0},{"cn":"WoWaWood","ui":"6974383","t":24.0,"r":24.0,"q":1.6,"p":1.1E10,"mot":"U","mo":24.0},{"cn":"Ssadow Трейд","ui":"6912669","t":30.0,"r":30.0,"q":3.06,"p":1.2E10,"mot":"U","mo":30.0},{"cn":"","ui":"","t":0.0,"r":0.0,"q":0.0,"p":0.0,"mot":"L","mo":0.0}]},{"d":"11.04.2022","r":135.0,"q":4.38,"p":1.017037037037E10,"s":[{"cn":"Erofeevs","ui":"6745597","t":54.0,"r":54.0,"q":6.31,"p":1.5E10,"mot":"U","mo":54.0},{"cn":"Umbrella inc.","ui":"6952401","t":8.0,"r":8.0,"q":6.44,"p":5.5E9,"mot":"U","mo":8.0},{"cn":"SMILESOFT LLC","ui":"6975730","t":34.0,"r":34.0,"q":2.32,"p":1.5E9,"mot":"U","mo":34.0},{"cn":"Ssadow Трейд","ui":"6912669","t":39.0,"r":39.0,"q":3.09,"p":1.2E10,"mot":"U","mo":39.0},{"cn":"","ui":"","t":0.0,"r":0.0,"q":0.0,"p":0.0,"mot":"L","mo":0.0}]},{"d":"12.04.2022","r":127.0,"q":3.69,"p":5.52362204724E9,"s":[{"cn":"Umbrella inc.","ui":"6952401","t":12.0,"r":12.0,"q":6.44,"p":5.5E9,"mot":"U","mo":12.0},{"cn":"Umbrella inc.","ui":"6956681","t":22.0,"r":22.0,"q":6.48,"p":2.5E9,"mot":"U","mo":22.0},{"cn":"SMILESOFT LLC","ui":"6975730","t":51.0,"r":51.0,"q":2.32,"p":1.5E9,"mot":"U","mo":51.0},{"cn":"Ssadow Трейд","ui":"6912669","t":42.0,"r":42.0,"q":3.1,"p":1.2E10,"mot":"U","mo":42.0},{"cn":"","ui":"","t":0.0,"r":0.0,"q":0.0,"p":0.0,"mot":"L","mo":0.0}]},{"d":"13.04.2022","r":128.0,"q":4.26,"p":2.34375E9,"s":[{"cn":"Umbrella inc.","ui":"6952401","t":16.0,"r":16.0,"q":6.44,"p":5.5E9,"mot":"U","mo":16.0},{"cn":"Umbrella inc.","ui":"6956681","t":44.0,"r":44.0,"q":6.48,"p":2.5E9,"mot":"U","mo":44.0},{"cn":"SMILESOFT LLC","ui":"6975730","t":68.0,"r":68.0,"q":2.31,"p":1.5E9,"mot":"U","mo":68.0},{"cn":"","ui":"","t":0.0,"r":0.0,"q":0.0,"p":0.0,"mot":"L","mo":0.0}]},{"d":"14.04.2022","r":238.0,"q":3.84,"p":4.14495798319E9,"s":[{"cn":"Umbrella inc.","ui":"6952401","t":20.0,"r":20.0,"q":6.44,"p":5.5E9,"mot":"U","mo":20.0},{"cn":"Umbrella inc.","ui":"6956681","t":66.0,"r":66.0,"q":6.48,"p":1.5E9,"mot":"U","mo":66.0},{"cn":"SMILESOFT LLC","ui":"6975730","t":85.0,"r":85.0,"q":2.31,"p":1.5E9,"mot":"U","mo":85.0},{"cn":"Lucifer 666","ui":"3803527","t":22.0,"r":22.0,"q":1.0,"p":5.0E9,"mot":"U","mo":22.0},{"cn":"Ssadow Трейд","ui":"6912669","t":45.0,"r":45.0,"q":3.11,"p":1.2E10,"mot":"U","mo":45.0},{"cn":"","ui":"","t":0.0,"r":0.0,"q":0.0,"p":0.0,"mot":"L","mo":0.0}]},{"d":"15.04.2022","r":249.0,"q":3.64,"p":4.96385542169E9,"s":[{"cn":"Umbrella inc.","ui":"6952401","t":24.0,"r":24.0,"q":6.44,"p":5.5E9,"mot":"U","mo":24.0},{"cn":"SMILESOFT LLC","ui":"6975730","t":102.0,"r":102.0,"q":2.31,"p":1.5E9,"mot":"U","mo":102.0},{"cn":"Lucifer 666","ui":"3803527","t":75.0,"r":75.0,"q":4.87,"p":5.0E9,"mot":"U","mo":75.0},{"cn":"Ssadow Трейд","ui":"6912669","t":48.0,"r":48.0,"q":3.12,"p":1.2E10,"mot":"U","mo":48.0},{"cn":"","ui":"","t":0.0,"r":0.0,"q":0.0,"p":0.0,"mot":"L","mo":0.0}]},{"d":"18.04.2022","r":281.0,"q":3.88,"p":2.66725978648E9,"s":[{"cn":"Umbrella inc.","ui":"6952401","t":36.0,"r":36.0,"q":6.44,"p":5.5E9,"mot":"U","mo":36.0},{"cn":"SMILESOFT LLC","ui":"6975730","t":153.0,"r":153.0,"q":2.31,"p":1.5E9,"mot":"U","mo":153.0},{"cn":"Lucifer 666","ui":"3803527","t":92.0,"r":92.0,"q":5.5,"p":3.5E9,"mot":"U","mo":92.0},{"cn":"","ui":"","t":0.0,"r":0.0,"q":0.0,"p":0.0,"mot":"L","mo":0.0}]},{"d":"19.04.2022","r":269.0,"q":3.71,"p":4.36431226766E9,"s":[{"cn":"Erofeevs","ui":"6745597","t":54.0,"r":54.0,"q":6.31,"p":1.2E10,"mot":"U","mo":54.0},{"cn":"Umbrella inc.","ui":"6952401","t":38.0,"r":38.0,"q":6.44,"p":5.5E9,"mot":"U","mo":38.0},{"cn":"SMILESOFT LLC","ui":"6975730","t":170.0,"r":170.0,"q":2.31,"p":1.5E9,"mot":"U","mo":170.0},{"cn":"","ui":"","t":7.0,"r":7.0,"q":2.66,"p":8.85714285714E9,"mot":"L","mo":7.0}]},{"d":"21.04.2022","r":100.0,"q":3.59,"p":6.104E10,"s":[{"cn":"JK empire","ui":"7004944","t":64.0,"r":64.0,"q":3.71,"p":1.1E10,"mot":"U","mo":64.0},{"cn":"VirtaCoin_not_Bitcoin","ui":"6800070","t":36.0,"r":36.0,"q":3.39,"p":1.5E11,"mot":"U","mo":36.0},{"cn":"","ui":"","t":0.0,"r":0.0,"q":0.0,"p":0.0,"mot":"L","mo":0.0}]},{"d":"22.04.2022","r":242.0,"q":3.54,"p":3.390909090909E10,"s":[{"cn":"JK empire","ui":"7004944","t":128.0,"r":128.0,"q":3.71,"p":1.1E10,"mot":"U","mo":128.0},{"cn":"Lucifer 666","ui":"3803527","t":80.0,"r":80.0,"q":3.71,"p":7.5E9,"mot":"L","mo":20.0},{"cn":"Ssadow Трейд","ui":"6912669","t":54.0,"r":54.0,"q":3.14,"p":1.2E10,"mot":"U","mo":54.0},{"cn":"VirtaCoin_not_Bitcoin","ui":"6800070","t":40.0,"r":40.0,"q":3.43,"p":1.5E11,"mot":"U","mo":40.0},{"cn":"","ui":"","t":0.0,"r":0.0,"q":0.0,"p":0.0,"mot":"L","mo":0.0}]},{"d":"25.04.2022","r":809.0,"q":3.72,"p":1.658714462299E10,"s":[{"cn":"JK empire","ui":"7004944","t":310.0,"r":310.0,"q":3.71,"p":9.0E9,"mot":"U","mo":310.0},{"cn":"Ssadow Трейд","ui":"6912669","t":57.0,"r":57.0,"q":3.14,"p":1.2E10,"mot":"U","mo":57.0},{"cn":"Lucifer 666","ui":"3803527","t":378.0,"r":378.0,"q":3.76,"p":5.5E9,"mot":"U","mo":378.0},{"cn":"VirtaCoin_not_Bitcoin","ui":"6800070","t":52.0,"r":52.0,"q":3.5,"p":1.5E11,"mot":"U","mo":52.0},{"cn":"","ui":"","t":12.0,"r":12.0,"q":6.56,"p":5.5E9,"mot":"L","mo":12.0}]},{"d":"26.04.2022","r":982.0,"q":3.72,"p":1.48350305499E10,"s":[{"cn":"JK empire","ui":"7004944","t":370.0,"r":370.0,"q":3.71,"p":8.0E9,"mot":"U","mo":370.0},{"cn":"Lucifer 666","ui":"3803527","t":480.0,"r":480.0,"q":3.73,"p":5.0E9,"mot":"U","mo":480.0},{"cn":"Ssadow Трейд","ui":"6912669","t":60.0,"r":60.0,"q":3.15,"p":1.2E10,"mot":"U","mo":60.0},{"cn":"VirtaCoin_not_Bitcoin","ui":"6800070","t":56.0,"r":56.0,"q":3.52,"p":1.5E11,"mot":"U","mo":56.0},{"cn":"","ui":"","t":16.0,"r":16.0,"q":6.56,"p":5.5E9,"mot":"L","mo":16.0}]},{"d":"27.04.2022","r":1113.0,"q":3.73,"p":1.438095238095E10,"s":[{"cn":"JK empire","ui":"7004944","t":430.0,"r":430.0,"q":3.72,"p":8.0E9,"mot":"U","mo":430.0},{"cn":"Ssadow Трейд","ui":"6912669","t":63.0,"r":63.0,"q":3.16,"p":1.2E10,"mot":"U","mo":63.0},{"cn":"Lucifer 666","ui":"3803527","t":540.0,"r":540.0,"q":3.73,"p":5.0E9,"mot":"U","mo":540.0},{"cn":"VirtaCoin_not_Bitcoin","ui":"6800070","t":60.0,"r":60.0,"q":3.53,"p":1.5E11,"mot":"U","mo":60.0},{"cn":"","ui":"","t":20.0,"r":20.0,"q":6.56,"p":5.5E9,"mot":"L","mo":20.0}]},{"d":"28.04.2022","r":1304.0,"q":3.74,"p":1.360736196319E10,"s":[{"cn":"JK empire","ui":"7004944","t":490.0,"r":490.0,"q":3.72,"p":8.0E9,"mot":"U","mo":490.0},{"cn":"Lucifer 666","ui":"3803527","t":660.0,"r":660.0,"q":3.74,"p":5.0E9,"mot":"U","mo":660.0},{"cn":"Ssadow Трейд","ui":"6912669","t":66.0,"r":66.0,"q":3.16,"p":1.2E10,"mot":"U","mo":66.0},{"cn":"","ui":"","t":88.0,"r":88.0,"q":4.36,"p":1.1059090909091E11,"mot":"L","mo":88.0}]},{"d":"29.04.2022","r":692.0,"q":3.72,"p":2.165606936416E10,"s":[{"cn":"JK empire","ui":"7004944","t":521.0,"r":521.0,"q":3.73,"p":8.0E9,"mot":"U","mo":521.0},{"cn":"Lucifer 666","ui":"3803527","t":103.0,"r":103.0,"q":3.76,"p":6.0E9,"mot":"U","mo":103.0},{"cn":"VirtaCoin_not_Bitcoin","ui":"6800070","t":68.0,"r":68.0,"q":3.54,"p":1.5E11,"mot":"U","mo":68.0},{"cn":"","ui":"","t":0.0,"r":0.0,"q":0.0,"p":0.0,"mot":"L","mo":0.0}]},{"d":"02.05.2022","r":889.0,"q":3.82,"p":1.995163104612E10,"s":[{"cn":"JK empire","ui":"7004944","t":319.0,"r":319.0,"q":3.73,"p":8.0E9,"mot":"U","mo":319.0},{"cn":"Lucifer 666","ui":"3803527","t":490.0,"r":490.0,"q":3.92,"p":6.5E9,"mot":"U","mo":490.0},{"cn":"VirtaCoin_not_Bitcoin","ui":"6800070","t":80.0,"r":80.0,"q":3.55,"p":1.5E11,"mot":"U","mo":80.0},{"cn":"","ui":"","t":0.0,"r":0.0,"q":0.0,"p":0.0,"mot":"L","mo":0.0}]},{"d":"03.05.2022","r":854.0,"q":3.84,"p":2.106557377049E10,"s":[{"cn":"Lucifer 666","ui":"3803527","t":770.0,"r":770.0,"q":3.87,"p":7.0E9,"mot":"U","mo":770.0},{"cn":"VirtaCoin_not_Bitcoin","ui":"6800070","t":84.0,"r":84.0,"q":3.55,"p":1.5E11,"mot":"U","mo":84.0},{"cn":"","ui":"","t":0.0,"r":0.0,"q":0.0,"p":0.0,"mot":"L","mo":0.0}]},{"d":"04.05.2022","r":1326.0,"q":3.97,"p":1.669834087481E10,"s":[{"cn":"JK empire","ui":"7004944","t":184.0,"r":184.0,"q":3.83,"p":8.5E9,"mot":"U","mo":184.0},{"cn":"Lucifer 666","ui":"3803527","t":1054.0,"r":1054.0,"q":4.03,"p":7.0E9,"mot":"U","mo":1054.0},{"cn":"VirtaCoin_not_Bitcoin","ui":"6800070","t":88.0,"r":88.0,"q":3.55,"p":1.5E11,"mot":"U","mo":88.0},{"cn":"","ui":"","t":0.0,"r":0.0,"q":0.0,"p":0.0,"mot":"L","mo":0.0}]},{"d":"05.05.2022","r":1749.0,"q":4.32,"p":1.550547741556E10,"s":[{"cn":"JK empire","ui":"7004944","t":139.0,"r":139.0,"q":3.95,"p":8.5E9,"mot":"U","mo":139.0},{"cn":"Mufatorr Ltd.","ui":"6700058","t":183.0,"r":183.0,"q":6.51,"p":1.5259999999E10,"mot":"U","mo":183.0},{"cn":"Lucifer 666","ui":"3803527","t":1335.0,"r":1335.0,"q":4.11,"p":7.0E9,"mot":"U","mo":1335.0},{"cn":"VirtaCoin_not_Bitcoin","ui":"6800070","t":92.0,"r":92.0,"q":3.55,"p":1.5E11,"mot":"U","mo":92.0},{"cn":"","ui":"","t":0.0,"r":0.0,"q":0.0,"p":0.0,"mot":"L","mo":0.0}]},{"d":"06.05.2022","r":1722.0,"q":4.14,"p":1.261149825784E10,"s":[{"cn":"Lucifer 666","ui":"3803527","t":1626.0,"r":1626.0,"q":4.17,"p":4.5E9,"mot":"U","mo":1626.0},{"cn":"VirtaCoin_not_Bitcoin","ui":"6800070","t":96.0,"r":96.0,"q":3.55,"p":1.5E11,"mot":"U","mo":96.0},{"cn":"","ui":"","t":0.0,"r":0.0,"q":0.0,"p":0.0,"mot":"L","mo":0.0}]},{"d":"09.05.2022","r":297.0,"q":4.01,"p":5.995454545455E10,"s":[{"cn":"JK empire","ui":"7004944","t":189.0,"r":189.0,"q":4.26,"p":8.5E9,"mot":"U","mo":189.0},{"cn":"VirtaCoin_not_Bitcoin","ui":"6800070","t":108.0,"r":108.0,"q":3.56,"p":1.5E11,"mot":"U","mo":108.0},{"cn":"","ui":"","t":0.0,"r":0.0,"q":0.0,"p":0.0,"mot":"L","mo":0.0}]},{"d":"10.05.2022","r":1867.0,"q":4.14,"p":1.448821638993E10,"s":[{"cn":"JK empire","ui":"7004944","t":199.0,"r":199.0,"q":4.26,"p":8.5E9,"mot":"U","mo":199.0},{"cn":"Lucifer 666","ui":"3803527","t":1556.0,"r":1556.0,"q":4.17,"p":5.5E9,"mot":"U","mo":1556.0},{"cn":"VirtaCoin_not_Bitcoin","ui":"6800070","t":112.0,"r":112.0,"q":3.56,"p":1.5E11,"mot":"U","mo":112.0},{"cn":"","ui":"","t":0.0,"r":0.0,"q":0.0,"p":0.0,"mot":"L","mo":0.0}]},{"d":"11.05.2022","r":325.0,"q":4.02,"p":5.900461538462E10,"s":[{"cn":"JK empire","ui":"7004944","t":209.0,"r":209.0,"q":4.27,"p":8.5E9,"mot":"U","mo":209.0},{"cn":"VirtaCoin_not_Bitcoin","ui":"6800070","t":116.0,"r":116.0,"q":3.56,"p":1.5E11,"mot":"U","mo":116.0},{"cn":"","ui":"","t":0.0,"r":0.0,"q":0.0,"p":0.0,"mot":"L","mo":0.0}]},{"d":"12.05.2022","r":1232.0,"q":4.31,"p":2.092857142857E10,"s":[{"cn":"JK empire","ui":"7004944","t":1112.0,"r":1112.0,"q":4.39,"p":7.0E9,"mot":"U","mo":1112.0},{"cn":"VirtaCoin_not_Bitcoin","ui":"6800070","t":120.0,"r":120.0,"q":3.56,"p":1.5E11,"mot":"U","mo":120.0},{"cn":"","ui":"","t":0.0,"r":0.0,"q":0.0,"p":0.0,"mot":"L","mo":0.0}]},{"d":"13.05.2022","r":1246.0,"q":4.31,"p":2.123113964687E10,"s":[{"cn":"JK empire","ui":"7004944","t":1122.0,"r":1122.0,"q":4.39,"p":7.0E9,"mot":"U","mo":1122.0},{"cn":"VirtaCoin_not_Bitcoin","ui":"6800070","t":124.0,"r":124.0,"q":3.56,"p":1.5E11,"mot":"U","mo":124.0},{"cn":"","ui":"","t":0.0,"r":0.0,"q":0.0,"p":0.0,"mot":"L","mo":0.0}]},{"d":"16.05.2022","r":1288.0,"q":4.3,"p":2.209937888199E10,"s":[{"cn":"JK empire","ui":"7004944","t":1152.0,"r":1152.0,"q":4.39,"p":7.0E9,"mot":"U","mo":1152.0},{"cn":"VirtaCoin_not_Bitcoin","ui":"6800070","t":136.0,"r":136.0,"q":3.57,"p":1.5E11,"mot":"U","mo":136.0},{"cn":"","ui":"","t":0.0,"r":0.0,"q":0.0,"p":0.0,"mot":"L","mo":0.0}]},{"d":"17.05.2022","r":1302.0,"q":4.3,"p":2.237634408602E10,"s":[{"cn":"JK empire","ui":"7004944","t":1162.0,"r":1162.0,"q":4.39,"p":7.0E9,"mot":"U","mo":1162.0},{"cn":"VirtaCoin_not_Bitcoin","ui":"6800070","t":140.0,"r":140.0,"q":3.57,"p":1.5E11,"mot":"U","mo":140.0},{"cn":"","ui":"","t":0.0,"r":0.0,"q":0.0,"p":0.0,"mot":"L","mo":0.0}]},{"d":"18.05.2022","r":1316.0,"q":4.3,"p":2.264741641337E10,"s":[{"cn":"JK empire","ui":"7004944","t":1172.0,"r":1172.0,"q":4.39,"p":7.0E9,"mot":"U","mo":1172.0},{"cn":"VirtaCoin_not_Bitcoin","ui":"6800070","t":144.0,"r":144.0,"q":3.57,"p":1.5E11,"mot":"U","mo":144.0},{"cn":"","ui":"","t":0.0,"r":0.0,"q":0.0,"p":0.0,"mot":"L","mo":0.0}]},{"d":"19.05.2022","r":1330.0,"q":4.3,"p":2.291278195489E10,"s":[{"cn":"JK empire","ui":"7004944","t":1182.0,"r":1182.0,"q":4.39,"p":7.0E9,"mot":"U","mo":1182.0},{"cn":"VirtaCoin_not_Bitcoin","ui":"6800070","t":148.0,"r":148.0,"q":3.57,"p":1.5E11,"mot":"U","mo":148.0},{"cn":"","ui":"","t":0.0,"r":0.0,"q":0.0,"p":0.0,"mot":"L","mo":0.0}]},{"d":"20.05.2022","r":1344.0,"q":4.3,"p":2.317261904762E10,"s":[{"cn":"JK empire","ui":"7004944","t":1192.0,"r":1192.0,"q":4.39,"p":7.0E9,"mot":"U","mo":1192.0},{"cn":"VirtaCoin_not_Bitcoin","ui":"6800070","t":152.0,"r":152.0,"q":3.57,"p":1.5E11,"mot":"U","mo":152.0},{"cn":"","ui":"","t":0.0,"r":0.0,"q":0.0,"p":0.0,"mot":"L","mo":0.0}]},{"d":"23.05.2022","r":1455.0,"q":4.25,"p":2.335532646048E10,"s":[{"cn":"JK empire","ui":"7004944","t":1222.0,"r":1222.0,"q":4.4,"p":7.0E9,"mot":"U","mo":1222.0},{"cn":"VirtaCoin_not_Bitcoin","ui":"6800070","t":164.0,"r":164.0,"q":3.57,"p":1.5E11,"mot":"U","mo":164.0},{"cn":"","ui":"","t":69.0,"r":69.0,"q":3.17,"p":1.2E10,"mot":"L","mo":69.0}]},{"d":"24.05.2022","r":1491.0,"q":4.21,"p":2.333091884641E10,"s":[{"cn":"JK empire","ui":"7004944","t":1232.0,"r":1232.0,"q":4.4,"p":7.0E9,"mot":"U","mo":1232.0},{"cn":"VirtaCoin_not_Bitcoin","ui":"6800070","t":168.0,"r":168.0,"q":3.57,"p":1.5E11,"mot":"U","mo":168.0},{"cn":"","ui":"","t":91.0,"r":91.0,"q":2.83,"p":1.057582417582E10,"mot":"L","mo":91.0}]},{"d":"25.05.2022","r":3068.0,"q":4.19,"p":1.40628422425E10,"s":[{"cn":"JK empire","ui":"7004944","t":1242.0,"r":1242.0,"q":4.4,"p":7.0E9,"mot":"U","mo":1242.0},{"cn":"Lucifer 666","ui":"3803527","t":1556.0,"r":1556.0,"q":4.17,"p":5.0E9,"mot":"U","mo":1556.0},{"cn":"VirtaCoin_not_Bitcoin","ui":"6800070","t":172.0,"r":172.0,"q":3.57,"p":1.5E11,"mot":"U","mo":172.0},{"cn":"","ui":"","t":98.0,"r":98.0,"q":2.85,"p":8.88571428571E9,"mot":"L","mo":98.0}]},{"d":"26.05.2022","r":1533.0,"q":4.2,"p":2.354155251142E10,"s":[{"cn":"JK empire","ui":"7004944","t":1252.0,"r":1252.0,"q":4.4,"p":7.0E9,"mot":"U","mo":1252.0},{"cn":"Ssadow Трейд","ui":"6912669","t":81.0,"r":81.0,"q":3.24,"p":1.0E10,"mot":"U","mo":81.0},{"cn":"VirtaCoin_not_Bitcoin","ui":"6800070","t":176.0,"r":176.0,"q":3.57,"p":1.5E11,"mot":"U","mo":176.0},{"cn":"","ui":"","t":24.0,"r":24.0,"q":1.56,"p":4.8E9,"mot":"L","mo":24.0}]},{"d":"27.05.2022","r":3110.0,"q":4.18,"p":1.368282958199E10,"s":[{"cn":"JK empire","ui":"7004944","t":1262.0,"r":1262.0,"q":4.4,"p":6.0E9,"mot":"U","mo":1262.0},{"cn":"Lucifer 666","ui":"3803527","t":1556.0,"r":1556.0,"q":4.17,"p":4.5E9,"mot":"U","mo":1556.0},{"cn":"VirtaCoin_not_Bitcoin","ui":"6800070","t":180.0,"r":180.0,"q":3.57,"p":1.5E11,"mot":"U","mo":180.0},{"cn":"","ui":"","t":112.0,"r":112.0,"q":2.87,"p":8.74642857143E9,"mot":"L","mo":112.0}]},{"d":"30.05.2022","r":1774.0,"q":4.06,"p":2.025355129651E10,"s":[{"cn":"Lucifer 666","ui":"3803527","t":1546.0,"r":1546.0,"q":4.17,"p":4.5E9,"mot":"U","mo":1546.0},{"cn":"VirtaCoin_not_Bitcoin","ui":"6800070","t":192.0,"r":192.0,"q":3.58,"p":1.5E11,"mot":"U","mo":192.0},{"cn":"","ui":"","t":36.0,"r":36.0,"q":1.77,"p":4.8E9,"mot":"L","mo":36.0}]},{"d":"31.05.2022","r":1781.0,"q":4.05,"p":2.033217293655E10,"s":[{"cn":"Lucifer 666","ui":"3803527","t":1546.0,"r":1546.0,"q":4.17,"p":4.3E9,"mot":"U","mo":1546.0},{"cn":"VirtaCoin_not_Bitcoin","ui":"6800070","t":196.0,"r":196.0,"q":3.58,"p":1.5E11,"mot":"U","mo":196.0},{"cn":"","ui":"","t":39.0,"r":39.0,"q":1.81,"p":4.2E9,"mot":"L","mo":39.0}]},{"d":"01.06.2022","r":3158.0,"q":4.24,"p":1.444135528816E10,"s":[{"cn":"JK empire","ui":"7004944","t":1312.0,"r":1312.0,"q":4.4,"p":6.5E9,"mot":"U","mo":1312.0},{"cn":"Lucifer 666","ui":"3803527","t":1646.0,"r":1646.0,"q":4.19,"p":4.3E9,"mot":"U","mo":1646.0},{"cn":"VirtaCoin_not_Bitcoin","ui":"6800070","t":200.0,"r":200.0,"q":3.58,"p":1.5E11,"mot":"U","mo":200.0},{"cn":"","ui":"","t":0.0,"r":0.0,"q":0.0,"p":0.0,"mot":"L","mo":0.0}]},{"d":"02.06.2022","r":3272.0,"q":4.24,"p":1.42728606357E10,"s":[{"cn":"JK empire","ui":"7004944","t":1322.0,"r":1322.0,"q":4.4,"p":6.5E9,"mot":"U","mo":1322.0},{"cn":"Lucifer 666","ui":"3803527","t":1746.0,"r":1746.0,"q":4.2,"p":4.3E9,"mot":"U","mo":1746.0},{"cn":"VirtaCoin_not_Bitcoin","ui":"6800070","t":204.0,"r":204.0,"q":3.58,"p":1.5E11,"mot":"U","mo":204.0},{"cn":"","ui":"","t":0.0,"r":0.0,"q":0.0,"p":0.0,"mot":"L","mo":0.0}]},{"d":"03.06.2022","r":3386.0,"q":4.25,"p":1.411571175428E10,"s":[{"cn":"JK empire","ui":"7004944","t":1332.0,"r":1332.0,"q":4.4,"p":6.5E9,"mot":"U","mo":1332.0},{"cn":"Lucifer 666","ui":"3803527","t":1846.0,"r":1846.0,"q":4.21,"p":4.3E9,"mot":"U","mo":1846.0},{"cn":"VirtaCoin_not_Bitcoin","ui":"6800070","t":208.0,"r":208.0,"q":3.58,"p":1.5E11,"mot":"U","mo":208.0},{"cn":"","ui":"","t":0.0,"r":0.0,"q":0.0,"p":0.0,"mot":"L","mo":0.0}]},{"d":"06.06.2022","r":1648.0,"q":4.26,"p":2.56875E10,"s":[{"cn":"JK empire","ui":"7004944","t":1362.0,"r":1362.0,"q":4.4,"p":6.5E9,"mot":"U","mo":1362.0},{"cn":"VirtaCoin_not_Bitcoin","ui":"6800070","t":220.0,"r":220.0,"q":3.58,"p":1.5E11,"mot":"U","mo":220.0},{"cn":"","ui":"","t":66.0,"r":66.0,"q":3.59,"p":7.27272727273E9,"mot":"L","mo":66.0}]},{"d":"07.06.2022","r":3499.0,"q":4.26,"p":1.449011146042E10,"s":[{"cn":"JK empire","ui":"7004944","t":1372.0,"r":1372.0,"q":4.4,"p":6.5E9,"mot":"U","mo":1372.0},{"cn":"Lucifer 666","ui":"3803527","t":1903.0,"r":1903.0,"q":4.23,"p":4.3E9,"mot":"U","mo":1903.0},{"cn":"VirtaCoin_not_Bitcoin","ui":"6800070","t":224.0,"r":224.0,"q":3.58,"p":1.5E11,"mot":"U","mo":224.0},{"cn":"","ui":"","t":0.0,"r":0.0,"q":0.0,"p":0.0,"mot":"L","mo":0.0}]},{"d":"08.06.2022","r":228.0,"q":3.58,"p":1.5E11,"s":[{"cn":"VirtaCoin_not_Bitcoin","ui":"6800070","t":228.0,"r":228.0,"q":3.58,"p":1.5E11,"mot":"U","mo":228.0},{"cn":"","ui":"","t":0.0,"r":0.0,"q":0.0,"p":0.0,"mot":"L","mo":0.0}]},{"d":"09.06.2022","r":1414.0,"q":4.26,"p":3.004455445545E10,"s":[{"cn":"JK empire","ui":"7004944","t":1182.0,"r":1182.0,"q":4.4,"p":6.5E9,"mot":"U","mo":1182.0},{"cn":"VirtaCoin_not_Bitcoin","ui":"6800070","t":232.0,"r":232.0,"q":3.57,"p":1.5E11,"mot":"U","mo":232.0},{"cn":"","ui":"","t":0.0,"r":0.0,"q":0.0,"p":0.0,"mot":"L","mo":0.0}]},{"d":"10.06.2022","r":3331.0,"q":4.24,"p":1.523866706695E10,"s":[{"cn":"JK empire","ui":"7004944","t":1192.0,"r":1192.0,"q":4.4,"p":6.5E9,"mot":"U","mo":1192.0},{"cn":"Lucifer 666","ui":"3803527","t":1903.0,"r":1903.0,"q":4.23,"p":4.0E9,"mot":"U","mo":1903.0},{"cn":"VirtaCoin_not_Bitcoin","ui":"6800070","t":236.0,"r":236.0,"q":3.57,"p":1.5E11,"mot":"U","mo":236.0},{"cn":"","ui":"","t":0.0,"r":0.0,"q":0.0,"p":0.0,"mot":"L","mo":0.0}]},{"d":"13.06.2022","r":1473.0,"q":4.26,"p":3.067141887305E10,"s":[{"cn":"JK empire","ui":"7004944","t":1222.0,"r":1222.0,"q":4.4,"p":6.5E9,"mot":"U","mo":1222.0},{"cn":"VirtaCoin_not_Bitcoin","ui":"6800070","t":248.0,"r":248.0,"q":3.56,"p":1.5E11,"mot":"U","mo":248.0},{"cn":"","ui":"","t":3.0,"r":3.0,"q":2.72,"p":1.2E10,"mot":"L","mo":3.0}]},{"d":"14.06.2022","r":1524.0,"q":4.19,"p":3.016272965879E10,"s":[{"cn":"JK empire","ui":"7004944","t":1232.0,"r":1232.0,"q":4.4,"p":6.5E9,"mot":"U","mo":1232.0},{"cn":"VirtaCoin_not_Bitcoin","ui":"6800070","t":252.0,"r":252.0,"q":3.56,"p":1.5E11,"mot":"U","mo":252.0},{"cn":"","ui":"","t":40.0,"r":40.0,"q":1.82,"p":4.0E9,"mot":"L","mo":40.0}]},{"d":"16.06.2022","r":1552.0,"q":4.19,"p":3.047036082474E10,"s":[{"cn":"JK empire","ui":"7004944","t":1252.0,"r":1252.0,"q":4.4,"p":6.5E9,"mot":"U","mo":1252.0},{"cn":"VirtaCoin_not_Bitcoin","ui":"6800070","t":260.0,"r":260.0,"q":3.55,"p":1.5E11,"mot":"U","mo":260.0},{"cn":"","ui":"","t":40.0,"r":40.0,"q":1.82,"p":3.8E9,"mot":"L","mo":40.0}]},{"d":"17.06.2022","r":3355.0,"q":4.21,"p":1.643108792846E10,"s":[{"cn":"JK empire","ui":"7004944","t":1262.0,"r":1262.0,"q":4.4,"p":6.5E9,"mot":"U","mo":1262.0},{"cn":"Lucifer 666","ui":"3803527","t":1783.0,"r":1783.0,"q":4.23,"p":4.0E9,"mot":"U","mo":1783.0},{"cn":"VirtaCoin_not_Bitcoin","ui":"6800070","t":264.0,"r":264.0,"q":3.55,"p":1.5E11,"mot":"U","mo":264.0},{"cn":"","ui":"","t":46.0,"r":46.0,"q":1.91,"p":4.15869565217E9,"mot":"L","mo":46.0}]},{"d":"20.06.2022","r":1272.0,"q":4.4,"p":6.5E9,"s":[{"cn":"JK empire","ui":"7004944","t":1272.0,"r":1272.0,"q":4.4,"p":6.5E9,"mot":"U","mo":1272.0},{"cn":"","ui":"","t":0.0,"r":0.0,"q":0.0,"p":0.0,"mot":"L","mo":0.0}]},{"d":"21.06.2022","r":1282.0,"q":4.4,"p":6.5E9,"s":[{"cn":"JK empire","ui":"7004944","t":1282.0,"r":1282.0,"q":4.4,"p":6.5E9,"mot":"U","mo":1282.0},{"cn":"","ui":"","t":0.0,"r":0.0,"q":0.0,"p":0.0,"mot":"L","mo":0.0}]},{"d":"22.06.2022","r":2897.0,"q":4.25,"p":5.10100103555E9,"s":[{"cn":"JK empire","ui":"7004944","t":1292.0,"r":1292.0,"q":4.4,"p":6.5E9,"mot":"U","mo":1292.0},{"cn":"Lucifer 666","ui":"3803527","t":1403.0,"r":1403.0,"q":4.23,"p":4.0E9,"mot":"U","mo":1403.0},{"cn":"gem0_r Финанс","ui":"7044661","t":156.0,"r":156.0,"q":3.97,"p":3.8E9,"mot":"U","mo":156.0},{"cn":"","ui":"","t":46.0,"r":46.0,"q":1.88,"p":3.8E9,"mot":"L","mo":46.0}]},{"d":"23.06.2022","r":1706.0,"q":4.36,"p":5.90785463072E9,"s":[{"cn":"JK empire","ui":"7004944","t":1302.0,"r":1302.0,"q":4.4,"p":6.5E9,"mot":"U","mo":1302.0},{"cn":"Lucifer 666","ui":"3803527","t":1403.0,"r":403.0,"q":4.23,"p":4.0E9,"mot":"U","mo":403.0},{"cn":"","ui":"","t":46.0,"r":1.0,"q":1.88,"p":3.8E9,"mot":"L","mo":1.0}]},{"d":"24.06.2022","r":1321.0,"q":4.41,"p":6.48160484481E9,"s":[{"cn":"JK empire","ui":"7004944","t":1312.0,"r":1312.0,"q":4.41,"p":6.5E9,"mot":"U","mo":1312.0},{"cn":"","ui":"","t":9.0,"r":9.0,"q":4.21,"p":3.8E9,"mot":"L","mo":9.0}]},{"d":"27.06.2022","r":1378.0,"q":4.41,"p":6.42946298984E9,"s":[{"cn":"JK empire","ui":"7004944","t":1342.0,"r":1342.0,"q":4.41,"p":6.5E9,"mot":"U","mo":1342.0},{"cn":"","ui":"","t":36.0,"r":36.0,"q":4.37,"p":3.8E9,"mot":"L","mo":36.0}]},{"d":"28.06.2022","r":1395.0,"q":4.41,"p":6.41677419355E9,"s":[{"cn":"JK empire","ui":"7004944","t":1352.0,"r":1352.0,"q":4.41,"p":6.5E9,"mot":"U","mo":1352.0},{"cn":"","ui":"","t":43.0,"r":43.0,"q":4.41,"p":3.8E9,"mot":"L","mo":43.0}]},{"d":"29.06.2022","r":1511.0,"q":4.34,"p":6.63176704169E9,"s":[{"cn":"JK empire","ui":"7004944","t":1362.0,"r":1362.0,"q":4.41,"p":6.5E9,"mot":"U","mo":1362.0},{"cn":"Ssadow Трейд","ui":"6912669","t":97.0,"r":97.0,"q":3.31,"p":1.0E10,"mot":"U","mo":97.0},{"cn":"","ui":"","t":52.0,"r":52.0,"q":4.43,"p":3.8E9,"mot":"L","mo":52.0}]},{"d":"30.06.2022","r":1534.0,"q":4.34,"p":6.62307692308E9,"s":[{"cn":"JK empire","ui":"7004944","t":1372.0,"r":1372.0,"q":4.41,"p":6.5E9,"mot":"U","mo":1372.0},{"cn":"Ssadow Трейд","ui":"6912669","t":101.0,"r":101.0,"q":3.34,"p":1.0E10,"mot":"U","mo":101.0},{"cn":"","ui":"","t":61.0,"r":61.0,"q":4.45,"p":3.8E9,"mot":"L","mo":61.0}]},{"d":"01.07.2022","r":1628.0,"q":4.33,"p":7.09947584492E9,"s":[{"cn":"JK empire","ui":"7004944","t":1382.0,"r":1382.0,"q":4.41,"p":6.5E9,"mot":"U","mo":1382.0},{"cn":"Ssadow Трейд","ui":"6912669","t":105.0,"r":105.0,"q":3.37,"p":1.0E10,"mot":"U","mo":105.0},{"cn":"","ui":"","t":141.0,"r":141.0,"q":4.25,"p":1.08152246492E10,"mot":"L","mo":141.0}]},{"d":"04.07.2022","r":1616.0,"q":4.35,"p":6.60804455446E9,"s":[{"cn":"JK empire","ui":"7004944","t":1412.0,"r":1412.0,"q":4.42,"p":6.5E9,"mot":"U","mo":1412.0},{"cn":"Ssadow Трейд","ui":"6912669","t":117.0,"r":117.0,"q":3.44,"p":1.0E10,"mot":"U","mo":117.0},{"cn":"gem0_r Финанс","ui":"7044661","t":87.0,"r":87.0,"q":4.48,"p":3.8E9,"mot":"U","mo":87.0},{"cn":"","ui":"","t":0.0,"r":0.0,"q":0.0,"p":0.0,"mot":"L","mo":0.0}]},{"d":"05.07.2022","r":1790.0,"q":4.53,"p":7.05575418994E9,"s":[{"cn":"JK empire","ui":"7004944","t":1422.0,"r":1422.0,"q":4.42,"p":6.5E9,"mot":"U","mo":1422.0},{"cn":"Ssadow Трейд","ui":"6845974","t":151.0,"r":151.0,"q":6.47,"p":1.2E10,"mot":"U","mo":151.0},{"cn":"Ssadow Трейд","ui":"6912669","t":121.0,"r":121.0,"q":3.46,"p":1.0E10,"mot":"U","mo":121.0},{"cn":"gem0_r Финанс","ui":"7044661","t":96.0,"r":96.0,"q":4.49,"p":3.8E9,"mot":"U","mo":96.0},{"cn":"","ui":"","t":0.0,"r":0.0,"q":0.0,"p":0.0,"mot":"L","mo":0.0}]},{"d":"06.07.2022","r":1960.0,"q":4.32,"p":6.20918367347E9,"s":[{"cn":"JK empire","ui":"7004944","t":1432.0,"r":1432.0,"q":4.42,"p":6.5E9,"mot":"U","mo":1432.0},{"cn":"Lucifer 666","ui":"3803527","t":403.0,"r":403.0,"q":4.23,"p":4.0E9,"mot":"U","mo":403.0},{"cn":"Ssadow Трейд","ui":"6912669","t":125.0,"r":125.0,"q":3.48,"p":1.0E10,"mot":"U","mo":125.0},{"cn":"","ui":"","t":0.0,"r":0.0,"q":0.0,"p":0.0,"mot":"L","mo":0.0}]},{"d":"07.07.2022","r":1598.0,"q":4.38,"p":6.8697747184E9,"s":[{"cn":"JK empire","ui":"7004944","t":1442.0,"r":1442.0,"q":4.42,"p":6.5E9,"mot":"U","mo":1442.0},{"cn":"Ssadow Трейд","ui":"6912669","t":129.0,"r":129.0,"q":3.5,"p":1.0E10,"mot":"U","mo":129.0},{"cn":"","ui":"","t":27.0,"r":27.0,"q":6.26,"p":1.166296296296E10,"mot":"L","mo":27.0}]},{"d":"08.07.2022","r":2015.0,"q":4.33,"p":6.18962779156E9,"s":[{"cn":"JK empire","ui":"7004944","t":1452.0,"r":1452.0,"q":4.42,"p":6.5E9,"mot":"U","mo":1452.0},{"cn":"Lucifer 666","ui":"3803527","t":400.0,"r":400.0,"q":4.23,"p":4.0E9,"mot":"U","mo":400.0},{"cn":"Ssadow Трейд","ui":"6912669","t":133.0,"r":133.0,"q":3.52,"p":1.0E10,"mot":"U","mo":133.0},{"cn":"","ui":"","t":30.0,"r":30.0,"q":4.61,"p":3.47E9,"mot":"L","mo":30.0}]},{"d":"11.07.2022","r":921.0,"q":4.42,"p":6.47361563518E9,"s":[{"cn":"JK empire","ui":"7004944","t":912.0,"r":912.0,"q":4.42,"p":6.5E9,"mot":"U","mo":912.0},{"cn":"","ui":"","t":9.0,"r":9.0,"q":4.54,"p":3.8E9,"mot":"L","mo":9.0}]},{"d":"12.07.2022","r":922.0,"q":4.41,"p":6.5E9,"s":[{"cn":"JK empire","ui":"7004944","t":922.0,"r":922.0,"q":4.41,"p":6.5E9,"mot":"U","mo":922.0},{"cn":"","ui":"","t":0.0,"r":0.0,"q":0.0,"p":0.0,"mot":"L","mo":0.0}]},{"d":"14.07.2022","r":20.0,"q":4.54,"p":3.8E9,"s":[{"cn":"gem0_r Финанс","ui":"7044661","t":20.0,"r":20.0,"q":4.54,"p":3.8E9,"mot":"U","mo":20.0},{"cn":"","ui":"","t":0.0,"r":0.0,"q":0.0,"p":0.0,"mot":"L","mo":0.0}]},{"d":"15.07.2022","r":40.0,"q":4.54,"p":3.8E9,"s":[{"cn":"gem0_r Финанс","ui":"7044661","t":40.0,"r":40.0,"q":4.54,"p":3.8E9,"mot":"U","mo":40.0},{"cn":"","ui":"","t":0.0,"r":0.0,"q":0.0,"p":0.0,"mot":"L","mo":0.0}]},{"d":"18.07.2022","r":10.0,"q":5.02,"p":2.9E9,"s":[{"cn":"Met Company Ltd.","ui":"7104236","t":10.0,"r":10.0,"q":5.02,"p":2.9E9,"mot":"U","mo":10.0},{"cn":"","ui":"","t":0.0,"r":0.0,"q":0.0,"p":0.0,"mot":"L","mo":0.0}]},{"d":"19.07.2022","r":62.0,"q":4.69,"p":3.50967741935E9,"s":[{"cn":"Met Company Ltd.","ui":"7104236","t":20.0,"r":20.0,"q":5.02,"p":2.9E9,"mot":"U","mo":20.0},{"cn":"gem0_r Финанс","ui":"7044661","t":42.0,"r":42.0,"q":4.54,"p":3.8E9,"mot":"U","mo":42.0},{"cn":"","ui":"","t":0.0,"r":0.0,"q":0.0,"p":0.0,"mot":"L","mo":0.0}]},{"d":"20.07.2022","r":193.0,"q":4.91,"p":5.05906735751E9,"s":[{"cn":"Met Company Ltd.","ui":"7104236","t":30.0,"r":30.0,"q":5.02,"p":2.9E9,"mot":"U","mo":30.0},{"cn":"JK empire","ui":"6991362","t":100.0,"r":100.0,"q":5.11,"p":6.5E9,"mot":"U","mo":100.0},{"cn":"gem0_r Финанс","ui":"7044661","t":63.0,"r":63.0,"q":4.54,"p":3.8E9,"mot":"U","mo":63.0},{"cn":"","ui":"","t":0.0,"r":0.0,"q":0.0,"p":0.0,"mot":"L","mo":0.0}]},{"d":"21.07.2022","r":240.0,"q":5.1,"p":5.9E9,"s":[{"cn":"Met Company Ltd.","ui":"7104236","t":40.0,"r":40.0,"q":5.02,"p":2.9E9,"mot":"U","mo":40.0},{"cn":"JK empire","ui":"6991362","t":200.0,"r":200.0,"q":5.11,"p":6.5E9,"mot":"U","mo":200.0},{"cn":"","ui":"","t":0.0,"r":0.0,"q":0.0,"p":0.0,"mot":"L","mo":0.0}]},{"d":"22.07.2022","r":371.0,"q":5.07,"p":5.86199460916E9,"s":[{"cn":"Met Company Ltd.","ui":"7104236","t":50.0,"r":50.0,"q":5.02,"p":2.9E9,"mot":"U","mo":50.0},{"cn":"JK empire","ui":"6991362","t":300.0,"r":300.0,"q":5.11,"p":6.5E9,"mot":"U","mo":300.0},{"cn":"gem0_r Финанс","ui":"7044661","t":21.0,"r":21.0,"q":4.54,"p":3.8E9,"mot":"U","mo":21.0},{"cn":"","ui":"","t":0.0,"r":0.0,"q":0.0,"p":0.0,"mot":"L","mo":0.0}]},{"d":"25.07.2022","r":726.0,"q":5.06,"p":5.82148760331E9,"s":[{"cn":"Met Company Ltd.","ui":"7104236","t":80.0,"r":80.0,"q":5.02,"p":2.0E9,"mot":"U","mo":80.0},{"cn":"JK empire","ui":"6991362","t":600.0,"r":600.0,"q":5.11,"p":6.5E9,"mot":"U","mo":600.0},{"cn":"gem0_r Финанс","ui":"7044661","t":42.0,"r":42.0,"q":4.59,"p":3.8E9,"mot":"U","mo":42.0},{"cn":"","ui":"","t":4.0,"r":4.0,"q":3.85,"p":1.7E9,"mot":"L","mo":4.0}]},{"d":"26.07.2022","r":859.0,"q":5.06,"p":5.79697322468E9,"s":[{"cn":"Met Company Ltd.","ui":"7104236","t":90.0,"r":90.0,"q":5.02,"p":2.0E9,"mot":"U","mo":90.0},{"cn":"JK empire","ui":"6991362","t":700.0,"r":700.0,"q":5.11,"p":6.5E9,"mot":"U","mo":700.0},{"cn":"gem0_r Финанс","ui":"7044661","t":63.0,"r":63.0,"q":4.59,"p":3.8E9,"mot":"U","mo":63.0},{"cn":"","ui":"","t":6.0,"r":6.0,"q":4.26,"p":1.7E9,"mot":"L","mo":6.0}]},{"d":"27.07.2022","r":1025.0,"q":5.0,"p":5.64146341463E9,"s":[{"cn":"Met Company Ltd.","ui":"7104236","t":100.0,"r":100.0,"q":5.02,"p":2.0E9,"mot":"U","mo":100.0},{"cn":"JK empire","ui":"6991362","t":800.0,"r":800.0,"q":5.11,"p":6.5E9,"mot":"U","mo":800.0},{"cn":"gem0_r Финанс","ui":"7044661","t":84.0,"r":84.0,"q":4.59,"p":3.8E9,"mot":"U","mo":84.0},{"cn":"","ui":"","t":41.0,"r":41.0,"q":3.6,"p":1.54390243902E9,"mot":"L","mo":41.0}]},{"d":"28.07.2022","r":1163.0,"q":5.0,"p":5.62631126397E9,"s":[{"cn":"Met Company Ltd.","ui":"7104236","t":110.0,"r":110.0,"q":5.02,"p":2.0E9,"mot":"U","mo":110.0},{"cn":"JK empire","ui":"6991362","t":900.0,"r":900.0,"q":5.11,"p":6.5E9,"mot":"U","mo":900.0},{"cn":"gem0_r Финанс","ui":"7044661","t":105.0,"r":105.0,"q":4.59,"p":3.8E9,"mot":"U","mo":105.0},{"cn":"","ui":"","t":48.0,"r":48.0,"q":3.68,"p":1.55E9,"mot":"L","mo":48.0}]},{"d":"29.07.2022","r":302.0,"q":4.61,"p":2.66887417219E9,"s":[{"cn":"Met Company Ltd.","ui":"7104236","t":120.0,"r":120.0,"q":5.02,"p":2.0E9,"mot":"U","mo":120.0},{"cn":"Mufatorr Ltd.","ui":"6700058","t":16.0,"r":16.0,"q":4.79,"p":1.7E9,"mot":"U","mo":16.0},{"cn":"\u0026quot;DuS\u0026quot;","ui":"7062084","t":40.0,"r":40.0,"q":3.34,"p":1.5E9,"mot":"U","mo":40.0},{"cn":"gem0_r Финанс","ui":"7044661","t":126.0,"r":126.0,"q":4.59,"p":3.8E9,"mot":"U","mo":126.0},{"cn":"","ui":"","t":0.0,"r":0.0,"q":0.0,"p":0.0,"mot":"L","mo":0.0}]},{"d":"01.08.2022","r":1252.0,"q":4.97,"p":5.84313099042E9,"s":[{"cn":"JK empire","ui":"6991362","t":1000.0,"r":1000.0,"q":5.11,"p":6.5E9,"mot":"U","mo":1000.0},{"cn":"gem0_r Финанс","ui":"7044661","t":180.0,"r":180.0,"q":4.6,"p":3.8E9,"mot":"U","mo":180.0},{"cn":"","ui":"","t":72.0,"r":72.0,"q":3.99,"p":1.82777777778E9,"mot":"L","mo":72.0}]},{"d":"02.08.2022","r":285.0,"q":4.45,"p":3.17614035088E9,"s":[{"cn":"Mufatorr Ltd.","ui":"6700058","t":32.0,"r":32.0,"q":4.97,"p":1.7E9,"mot":"U","mo":32.0},{"cn":"\u0026quot;DuS\u0026quot;","ui":"7062084","t":42.0,"r":42.0,"q":3.44,"p":1.5E9,"mot":"U","mo":42.0},{"cn":"gem0_r Финанс","ui":"7044661","t":192.0,"r":192.0,"q":4.6,"p":3.8E9,"mot":"U","mo":192.0},{"cn":"","ui":"","t":19.0,"r":19.0,"q":4.27,"p":3.06315789474E9,"mot":"L","mo":19.0}]},{"d":"03.08.2022","r":541.0,"q":4.73,"p":4.51441774492E9,"s":[{"cn":"Mufatorr Ltd.","ui":"6700058","t":38.0,"r":38.0,"q":5.0,"p":1.7E9,"mot":"U","mo":38.0},{"cn":"\u0026quot;DuS\u0026quot;","ui":"7062084","t":46.0,"r":46.0,"q":3.46,"p":1.5E9,"mot":"U","mo":46.0},{"cn":"JK empire","ui":"6991362","t":223.0,"r":223.0,"q":5.11,"p":6.5E9,"mot":"U","mo":223.0},{"cn":"gem0_r Финанс","ui":"7044661","t":203.0,"r":203.0,"q":4.6,"p":3.8E9,"mot":"U","mo":203.0},{"cn":"","ui":"","t":31.0,"r":31.0,"q":4.46,"p":2.83225806452E9,"mot":"L","mo":31.0}]},{"d":"04.08.2022","r":676.0,"q":4.76,"p":4.69822485207E9,"s":[{"cn":"Mufatorr Ltd.","ui":"6700058","t":44.0,"r":44.0,"q":5.02,"p":1.7E9,"mot":"U","mo":44.0},{"cn":"\u0026quot;DuS\u0026quot;","ui":"7062084","t":50.0,"r":50.0,"q":3.48,"p":1.5E9,"mot":"U","mo":50.0},{"cn":"JK empire","ui":"6991362","t":323.0,"r":323.0,"q":5.06,"p":6.5E9,"mot":"U","mo":323.0},{"cn":"gem0_r Финанс","ui":"7044661","t":214.0,"r":214.0,"q":4.6,"p":3.8E9,"mot":"U","mo":214.0},{"cn":"","ui":"","t":45.0,"r":45.0,"q":4.58,"p":2.52222222222E9,"mot":"L","mo":45.0}]},{"d":"05.08.2022","r":811.0,"q":4.79,"p":4.75536374846E9,"s":[{"cn":"Mufatorr Ltd.","ui":"6700058","t":50.0,"r":50.0,"q":5.04,"p":1.7E9,"mot":"U","mo":50.0},{"cn":"\u0026quot;DuS\u0026quot;","ui":"7062084","t":54.0,"r":54.0,"q":3.5,"p":1.5E9,"mot":"U","mo":54.0},{"cn":"JK empire","ui":"6991362","t":423.0,"r":423.0,"q":5.04,"p":6.5E9,"mot":"U","mo":423.0},{"cn":"gem0_r Финанс","ui":"7044661","t":225.0,"r":225.0,"q":4.6,"p":3.8E9,"mot":"U","mo":225.0},{"cn":"","ui":"","t":59.0,"r":59.0,"q":4.64,"p":1.4593220339E9,"mot":"L","mo":59.0}]},{"d":"08.08.2022","r":1159.0,"q":4.8,"p":5.26246764452E9,"s":[{"cn":"Mufatorr Ltd.","ui":"6700058","t":68.0,"r":68.0,"q":5.07,"p":1.7E9,"mot":"U","mo":68.0},{"cn":"\u0026quot;DuS\u0026quot;","ui":"7062084","t":66.0,"r":66.0,"q":3.53,"p":1.5E9,"mot":"U","mo":66.0},{"cn":"JK empire","ui":"6991362","t":723.0,"r":723.0,"q":5.01,"p":6.5E9,"mot":"U","mo":723.0},{"cn":"gem0_r Финанс","ui":"7044661","t":257.0,"r":257.0,"q":4.6,"p":3.8E9,"mot":"U","mo":257.0},{"cn":"","ui":"","t":46.0,"r":45.0,"q":4.08,"p":4.63333333333E9,"mot":"L","mo":45.0}]},{"d":"09.08.2022","r":1269.0,"q":4.81,"p":5.36603624901E9,"s":[{"cn":"Mufatorr Ltd.","ui":"6700058","t":74.0,"r":74.0,"q":5.08,"p":1.7E9,"mot":"U","mo":74.0},{"cn":"\u0026quot;DuS\u0026quot;","ui":"7062084","t":70.0,"r":70.0,"q":3.54,"p":1.5E9,"mot":"U","mo":70.0},{"cn":"JK empire","ui":"6991362","t":823.0,"r":823.0,"q":5.01,"p":6.5E9,"mot":"U","mo":823.0},{"cn":"gem0_r Финанс","ui":"7044661","t":268.0,"r":268.0,"q":4.6,"p":3.8E9,"mot":"U","mo":268.0},{"cn":"","ui":"","t":34.0,"r":34.0,"q":3.47,"p":6.2E9,"mot":"L","mo":34.0}]},{"d":"10.08.2022","r":1367.0,"q":4.83,"p":5.48778346745E9,"s":[{"cn":"Mufatorr Ltd.","ui":"6700058","t":80.0,"r":80.0,"q":5.09,"p":1.7E9,"mot":"U","mo":80.0},{"cn":"JK empire","ui":"6991362","t":923.0,"r":923.0,"q":5.0,"p":6.5E9,"mot":"U","mo":923.0},{"cn":"gem0_r Финанс","ui":"7044661","t":279.0,"r":279.0,"q":4.6,"p":3.8E9,"mot":"U","mo":279.0},{"cn":"","ui":"","t":85.0,"r":85.0,"q":3.52,"p":3.60117647059E9,"mot":"L","mo":85.0}]},{"d":"11.08.2022","r":1490.0,"q":4.84,"p":5.50738311466E9,"s":[{"cn":"Mufatorr Ltd.","ui":"6700058","t":84.0,"r":84.0,"q":5.1,"p":1.40001001E9,"mot":"U","mo":84.0},{"cn":"JK empire","ui":"6991362","t":1023.0,"r":1023.0,"q":5.01,"p":6.5E9,"mot":"U","mo":1023.0},{"cn":"gem0_r Финанс","ui":"7044661","t":290.0,"r":290.0,"q":4.6,"p":3.8E9,"mot":"U","mo":290.0},{"cn":"","ui":"","t":93.0,"r":93.0,"q":3.52,"p":3.62258064516E9,"mot":"L","mo":93.0}]},{"d":"12.08.2022","r":1629.0,"q":4.9,"p":5.45844131424E9,"s":[{"cn":"Mufatorr Ltd.","ui":"6700058","t":90.0,"r":90.0,"q":5.1,"p":1.40001001E9,"mot":"U","mo":90.0},{"cn":"JK empire","ui":"6991362","t":1123.0,"r":1123.0,"q":5.03,"p":6.5E9,"mot":"U","mo":1123.0},{"cn":"gem0_r Финанс","ui":"7044661","t":301.0,"r":301.0,"q":4.6,"p":3.8E9,"mot":"U","mo":301.0},{"cn":"","ui":"","t":115.0,"r":115.0,"q":4.31,"p":2.80434782609E9,"mot":"L","mo":115.0}]},{"d":"15.08.2022","r":1591.0,"q":5.01,"p":5.98271527341E9,"s":[{"cn":"JK empire","ui":"6991362","t":1423.0,"r":1423.0,"q":5.06,"p":6.5E9,"mot":"U","mo":1423.0},{"cn":"","ui":"","t":178.0,"r":168.0,"q":4.54,"p":1.60119047619E9,"mot":"L","mo":168.0}]},{"d":"16.08.2022","r":1596.0,"q":5.02,"p":6.2734962406E9,"s":[{"cn":"JK empire","ui":"6991362","t":1523.0,"r":1523.0,"q":5.07,"p":6.5E9,"mot":"U","mo":1523.0},{"cn":"","ui":"","t":73.0,"r":73.0,"q":4.0,"p":1.54794520548E9,"mot":"L","mo":73.0}]},{"d":"17.08.2022","r":1679.0,"q":5.03,"p":6.31989279333E9,"s":[{"cn":"JK empire","ui":"6991362","t":1623.0,"r":1623.0,"q":5.08,"p":6.5E9,"mot":"U","mo":1623.0},{"cn":"","ui":"","t":56.0,"r":56.0,"q":3.66,"p":1.1E9,"mot":"L","mo":56.0}]},{"d":"18.08.2022","r":1871.0,"q":5.05,"p":6.14056654196E9,"s":[{"cn":"JK empire","ui":"6991362","t":1723.0,"r":1723.0,"q":5.09,"p":6.5E9,"mot":"U","mo":1723.0},{"cn":"","ui":"","t":158.0,"r":148.0,"q":4.53,"p":1.95608108108E9,"mot":"L","mo":148.0}]},{"d":"19.08.2022","r":1985.0,"q":5.06,"p":6.12670025189E9,"s":[{"cn":"JK empire","ui":"6991362","t":1823.0,"r":1823.0,"q":5.1,"p":6.5E9,"mot":"U","mo":1823.0},{"cn":"","ui":"","t":172.0,"r":162.0,"q":4.56,"p":1.92592592593E9,"mot":"L","mo":162.0}]},{"d":"22.08.2022","r":2329.0,"q":5.1,"p":6.08127994848E9,"s":[{"cn":"JK empire","ui":"6991362","t":2123.0,"r":2123.0,"q":5.13,"p":6.5E9,"mot":"U","mo":2123.0},{"cn":"","ui":"","t":206.0,"r":206.0,"q":4.76,"p":1.76602427184E9,"mot":"L","mo":206.0}]},{"d":"23.08.2022","r":2411.0,"q":5.1,"p":6.11465864786E9,"s":[{"cn":"JK empire","ui":"6991362","t":2223.0,"r":2223.0,"q":5.15,"p":6.5E9,"mot":"U","mo":2223.0},{"cn":"","ui":"","t":188.0,"r":188.0,"q":4.53,"p":1.55820212766E9,"mot":"L","mo":188.0}]},{"d":"24.08.2022","r":2559.0,"q":5.11,"p":6.02180812818E9,"s":[{"cn":"JK empire","ui":"6991362","t":2323.0,"r":2323.0,"q":5.16,"p":6.5E9,"mot":"U","mo":2323.0},{"cn":"","ui":"","t":236.0,"r":236.0,"q":4.6,"p":1.31486016949E9,"mot":"L","mo":236.0}]},{"d":"25.08.2022","r":2733.0,"q":5.11,"p":5.91173508965E9,"s":[{"cn":"JK empire","ui":"6991362","t":2423.0,"r":2423.0,"q":5.17,"p":6.5E9,"mot":"U","mo":2423.0},{"cn":"","ui":"","t":310.0,"r":310.0,"q":4.65,"p":1.31378064516E9,"mot":"L","mo":310.0}]},{"d":"26.08.2022","r":2925.0,"q":5.12,"p":5.80572205128E9,"s":[{"cn":"Mufatorr Ltd.","ui":"6700058","t":170.0,"r":170.0,"q":5.16,"p":1.25E9,"mot":"U","mo":170.0},{"cn":"JK empire","ui":"6991362","t":2523.0,"r":2523.0,"q":5.19,"p":6.5E9,"mot":"U","mo":2523.0},{"cn":"","ui":"","t":232.0,"r":232.0,"q":4.35,"p":1.59369396552E9,"mot":"L","mo":232.0}]},{"d":"29.08.2022","r":206.0,"q":4.02,"p":1.68796116505E9,"s":[{"cn":"SMILESOFT LLC","ui":"6975730","t":72.0,"r":72.0,"q":1.36,"p":1.5E9,"mot":"U","mo":72.0},{"cn":"Mufatorr Ltd.","ui":"6700058","t":34.0,"r":34.0,"q":5.62,"p":1.38E9,"mot":"U","mo":34.0},{"cn":"Lucifer 666","ui":"3803527","t":74.0,"r":74.0,"q":5.45,"p":1.4E9,"mot":"U","mo":74.0},{"cn":"gem0_r Финанс","ui":"7044661","t":22.0,"r":22.0,"q":5.34,"p":3.8E9,"mot":"U","mo":22.0},{"cn":"","ui":"","t":4.0,"r":4.0,"q":4.78,"p":1.4E9,"mot":"L","mo":4.0}]},{"d":"30.08.2022","r":289.0,"q":4.39,"p":1.80948096886E9,"s":[{"cn":"Met Company Ltd.","ui":"7104236","t":15.0,"r":15.0,"q":6.13,"p":1.5E9,"mot":"U","mo":15.0},{"cn":"SMILESOFT LLC","ui":"6975730","t":78.0,"r":78.0,"q":1.36,"p":1.5E9,"mot":"U","mo":78.0},{"cn":"Mufatorr Ltd.","ui":"6700058","t":68.0,"r":68.0,"q":5.61,"p":1.38E9,"mot":"U","mo":68.0},{"cn":"Lucifer 666","ui":"3803527","t":80.0,"r":76.0,"q":5.46,"p":1.4E9,"mot":"U","mo":76.0},{"cn":"gem0_r Финанс","ui":"7044661","t":44.0,"r":44.0,"q":5.36,"p":3.8E9,"mot":"U","mo":44.0},{"cn":"","ui":"","t":8.0,"r":8.0,"q":4.78,"p":2.0E9,"mot":"L","mo":8.0}]},{"d":"31.08.2022","r":356.0,"q":4.62,"p":1.66056179775E9,"s":[{"cn":"Met Company Ltd.","ui":"7104236","t":30.0,"r":30.0,"q":6.13,"p":1.5E9,"mot":"U","mo":30.0},{"cn":"Mufatorr Ltd.","ui":"6700058","t":102.0,"r":102.0,"q":5.61,"p":1.38E9,"mot":"U","mo":102.0},{"cn":"SMILESOFT LLC","ui":"6975730","t":84.0,"r":84.0,"q":1.36,"p":1.5E9,"mot":"U","mo":84.0},{"cn":"Lucifer 666","ui":"3803527","t":66.0,"r":66.0,"q":5.47,"p":1.4E9,"mot":"U","mo":66.0},{"cn":"gem0_r Финанс","ui":"7044661","t":32.0,"r":32.0,"q":5.39,"p":3.8E9,"mot":"U","mo":32.0},{"cn":"Met Company Ltd.","ui":"7164253","t":30.0,"r":30.0,"q":6.13,"p":1.5E9,"mot":"U","mo":30.0},{"cn":"","ui":"","t":12.0,"r":12.0,"q":4.78,"p":1.7E9,"mot":"L","mo":12.0}]},{"d":"01.09.2022","r":472.0,"q":4.39,"p":1.61330508475E9,"s":[{"cn":"Alexei_Ya Инвест","ui":"7089300","t":100.0,"r":100.0,"q":4.03,"p":1.0E9,"mot":"U","mo":100.0},{"cn":"SMILESOFT LLC","ui":"6975730","t":90.0,"r":90.0,"q":1.36,"p":1.5E9,"mot":"U","mo":90.0},{"cn":"Mufatorr Ltd.","ui":"6700058","t":136.0,"r":136.0,"q":5.61,"p":1.38E9,"mot":"U","mo":136.0},{"cn":"Lucifer 666","ui":"3803527","t":76.0,"r":76.0,"q":5.48,"p":1.4E9,"mot":"U","mo":76.0},{"cn":"gem0_r Финанс","ui":"7044661","t":54.0,"r":54.0,"q":5.4,"p":3.8E9,"mot":"U","mo":54.0},{"cn":"","ui":"","t":16.0,"r":16.0,"q":4.78,"p":1.7E9,"mot":"L","mo":16.0}]},{"d":"02.09.2022","r":508.0,"q":4.78,"p":1.79488188976E9,"s":[{"cn":"Mufatorr Ltd.","ui":"6700058","t":170.0,"r":170.0,"q":5.61,"p":1.38E9,"mot":"U","mo":170.0},{"cn":"SMILESOFT LLC","ui":"6975730","t":96.0,"r":96.0,"q":1.35,"p":1.5E9,"mot":"U","mo":96.0},{"cn":"Met Company Ltd.","ui":"7104236","t":45.0,"r":45.0,"q":6.13,"p":1.5E9,"mot":"U","mo":45.0},{"cn":"Lucifer 666","ui":"3803527","t":86.0,"r":86.0,"q":5.48,"p":1.4E9,"mot":"U","mo":86.0},{"cn":"gem0_r Финанс","ui":"7044661","t":76.0,"r":76.0,"q":5.4,"p":3.8E9,"mot":"U","mo":76.0},{"cn":"","ui":"","t":35.0,"r":35.0,"q":5.36,"p":1.61428571429E9,"mot":"L","mo":35.0}]},{"d":"05.09.2022","r":774.0,"q":4.55,"p":2.59706459948E9,"s":[{"cn":"SMILESOFT LLC","ui":"6975730","t":114.0,"r":114.0,"q":1.34,"p":1.5E9,"mot":"U","mo":114.0},{"cn":"Mufatorr Ltd.","ui":"6700058","t":272.0,"r":272.0,"q":5.61,"p":1.299E9,"mot":"L","mo":272.0},{"cn":"Lucifer 666","ui":"3803527","t":88.0,"r":88.0,"q":5.49,"p":1.4E9,"mot":"U","mo":88.0},{"cn":"gem0_r Финанс","ui":"7044661","t":142.0,"r":142.0,"q":5.41,"p":3.8E9,"mot":"U","mo":142.0},{"cn":"VirtaCoin_not_Bitcoin","ui":"6800070","t":126.0,"r":126.0,"q":3.48,"p":6.1E9,"mot":"U","mo":126.0},{"cn":"","ui":"","t":32.0,"r":32.0,"q":4.78,"p":1.7E9,"mot":"L","mo":32.0}]},{"d":"06.09.2022","r":698.0,"q":4.42,"p":2.2706217765E9,"s":[{"cn":"Mufatorr Ltd.","ui":"6700058","t":306.0,"r":306.0,"q":5.61,"p":1.299E9,"mot":"L","mo":306.0},{"cn":"SMILESOFT LLC","ui":"6975730","t":120.0,"r":120.0,"q":1.34,"p":1.5E9,"mot":"U","mo":120.0},{"cn":"Lucifer 666","ui":"3803527","t":98.0,"r":98.0,"q":5.49,"p":1.4E9,"mot":"U","mo":98.0},{"cn":"VirtaCoin_not_Bitcoin","ui":"6800070","t":130.0,"r":130.0,"q":3.48,"p":6.1E9,"mot":"U","mo":130.0},{"cn":"Cepheid","ui":"6749445","t":36.0,"r":36.0,"q":4.78,"p":1.7E9,"mot":"U","mo":36.0},{"cn":"","ui":"","t":8.0,"r":8.0,"q":5.3,"p":2.0E9,"mot":"L","mo":8.0}]},{"d":"07.09.2022","r":800.0,"q":4.54,"p":2.244825E9,"s":[{"cn":"Mufatorr Ltd.","ui":"6700058","t":340.0,"r":340.0,"q":5.61,"p":1.299E9,"mot":"L","mo":340.0},{"cn":"SMILESOFT LLC","ui":"6975730","t":126.0,"r":126.0,"q":1.33,"p":1.5E9,"mot":"U","mo":126.0},{"cn":"Lucifer 666","ui":"3803527","t":108.0,"r":108.0,"q":5.49,"p":1.4E9,"mot":"U","mo":108.0},{"cn":"VirtaCoin_not_Bitcoin","ui":"6800070","t":134.0,"r":134.0,"q":3.48,"p":6.1E9,"mot":"U","mo":134.0},{"cn":"","ui":"","t":92.0,"r":92.0,"q":5.37,"p":2.13695652174E9,"mot":"L","mo":92.0}]},{"d":"08.09.2022","r":850.0,"q":4.53,"p":2.27391294118E9,"s":[{"cn":"SMILESOFT LLC","ui":"6975730","t":132.0,"r":132.0,"q":1.33,"p":1.5E9,"mot":"U","mo":132.0},{"cn":"Mufatorr Ltd.","ui":"6700058","t":374.0,"r":374.0,"q":5.61,"p":1.299E9,"mot":"L","mo":374.0},{"cn":"Lucifer 666","ui":"3803527","t":118.0,"r":118.0,"q":5.49,"p":1.4E9,"mot":"U","mo":118.0},{"cn":"gem0_r Финанс","ui":"7044661","t":44.0,"r":44.0,"q":5.41,"p":3.8E9,"mot":"U","mo":44.0},{"cn":"VirtaCoin_not_Bitcoin","ui":"6800070","t":138.0,"r":138.0,"q":3.48,"p":6.1E9,"mot":"U","mo":138.0},{"cn":"Cepheid","ui":"6749445","t":44.0,"r":44.0,"q":4.81,"p":1.7E9,"mot":"U","mo":44.0},{"cn":"","ui":"","t":0.0,"r":0.0,"q":0.0,"p":0.0,"mot":"L","mo":0.0}]},{"d":"09.09.2022","r":3612.0,"q":5.06,"p":5.32458250277E9,"s":[{"cn":"Mufatorr Ltd.","ui":"6700058","t":408.0,"r":408.0,"q":5.61,"p":1.249E9,"mot":"L","mo":408.0},{"cn":"JK empire","ui":"6991362","t":2623.0,"r":2623.0,"q":5.2,"p":6.5E9,"mot":"U","mo":2623.0},{"cn":"","ui":"","t":581.0,"r":581.0,"q":4.02,"p":2.88003442341E9,"mot":"L","mo":581.0}]},{"d":"12.09.2022","r":1340.0,"q":4.89,"p":2.10887313433E9,"s":[{"cn":"Mufatorr Ltd.","ui":"6700058","t":510.0,"r":510.0,"q":5.63,"p":1.249E9,"mot":"L","mo":510.0},{"cn":"Met Company Ltd.","ui":"7104236","t":74.0,"r":74.0,"q":6.11,"p":1.3E9,"mot":"U","mo":74.0},{"cn":"SMILESOFT LLC","ui":"6975730","t":152.0,"r":152.0,"q":1.31,"p":1.5E9,"mot":"U","mo":152.0},{"cn":"JK empire","ui":"6991362","t":5123.0,"r":5123.0,"q":5.37,"p":1.245E9,"mot":"L","mo":100.0},{"cn":"Lucifer 666","ui":"3803527","t":158.0,"r":158.0,"q":5.51,"p":1.4E9,"mot":"U","mo":158.0},{"cn":"gem0_r Финанс","ui":"7044661","t":132.0,"r":132.0,"q":5.41,"p":3.8E9,"mot":"U","mo":132.0},{"cn":"VirtaCoin_not_Bitcoin","ui":"6800070","t":154.0,"r":154.0,"q":3.48,"p":6.1E9,"mot":"U","mo":154.0},{"cn":"","ui":"","t":60.0,"r":60.0,"q":6.1,"p":1.3E9,"mot":"L","mo":60.0}]},{"d":"13.09.2022","r":1193.0,"q":4.73,"p":2.27282179447E9,"s":[{"cn":"Mufatorr Ltd.","ui":"6700058","t":544.0,"r":544.0,"q":5.64,"p":1.239E9,"mot":"L","mo":544.0},{"cn":"SMILESOFT LLC","ui":"6975730","t":157.0,"r":157.0,"q":1.31,"p":1.5E9,"mot":"U","mo":157.0},{"cn":"Lucifer 666","ui":"3803527","t":168.0,"r":168.0,"q":5.51,"p":1.4E9,"mot":"U","mo":168.0},{"cn":"gem0_r Финанс","ui":"7044661","t":154.0,"r":154.0,"q":5.41,"p":3.8E9,"mot":"U","mo":154.0},{"cn":"VirtaCoin_not_Bitcoin","ui":"6800070","t":158.0,"r":158.0,"q":3.48,"p":6.1E9,"mot":"U","mo":158.0},{"cn":"","ui":"","t":12.0,"r":12.0,"q":4.74,"p":1.4800334E9,"mot":"L","mo":12.0}]},{"d":"14.09.2022","r":1250.0,"q":4.84,"p":1.82239999399E9,"s":[{"cn":"Met Company Ltd.","ui":"7104236","t":89.0,"r":89.0,"q":6.11,"p":1.3E9,"mot":"U","mo":89.0},{"cn":"SMILESOFT LLC","ui":"6975730","t":162.0,"r":162.0,"q":1.3,"p":1.5E9,"mot":"U","mo":162.0},{"cn":"Mufatorr Ltd.","ui":"6700058","t":578.0,"r":578.0,"q":5.65,"p":9.99999987E8,"mot":"L","mo":578.0},{"cn":"Lucifer 666","ui":"3803527","t":178.0,"r":178.0,"q":5.51,"p":1.4E9,"mot":"U","mo":178.0},{"cn":"VirtaCoin_not_Bitcoin","ui":"6800070","t":162.0,"r":162.0,"q":3.48,"p":6.1E9,"mot":"U","mo":162.0},{"cn":"Met Company Ltd.","ui":"7164253","t":74.0,"r":74.0,"q":6.11,"p":1.3E9,"mot":"U","mo":74.0},{"cn":"","ui":"","t":11.0,"r":7.0,"q":4.12,"p":1.1E9,"mot":"L","mo":7.0}]},{"d":"15.09.2022","r":1346.0,"q":4.85,"p":1.79539375338E9,"s":[{"cn":"Mufatorr Ltd.","ui":"6700058","t":612.0,"r":612.0,"q":5.65,"p":9.99999987E8,"mot":"L","mo":612.0},{"cn":"SMILESOFT LLC","ui":"6975730","t":167.0,"r":167.0,"q":1.3,"p":1.5E9,"mot":"U","mo":167.0},{"cn":"Met Company Ltd.","ui":"7104236","t":104.0,"r":104.0,"q":6.11,"p":1.3E9,"mot":"U","mo":104.0},{"cn":"Lucifer 666","ui":"3803527","t":188.0,"r":188.0,"q":5.51,"p":1.4E9,"mot":"U","mo":188.0},{"cn":"Met Company Ltd.","ui":"7164253","t":89.0,"r":89.0,"q":6.11,"p":1.3E9,"mot":"U","mo":89.0},{"cn":"VirtaCoin_not_Bitcoin","ui":"6800070","t":166.0,"r":166.0,"q":3.48,"p":6.1E9,"mot":"U","mo":166.0},{"cn":"","ui":"","t":24.0,"r":20.0,"q":3.19,"p":1.37E9,"mot":"L","mo":20.0}]},{"d":"16.09.2022","r":2038.0,"q":5.02,"p":1.61638861217E9,"s":[{"cn":"Mufatorr Ltd.","ui":"6700058","t":646.0,"r":646.0,"q":5.66,"p":9.99999987E8,"mot":"L","mo":646.0},{"cn":"SMILESOFT LLC","ui":"6975730","t":172.0,"r":172.0,"q":1.29,"p":1.5E9,"mot":"U","mo":172.0},{"cn":"Met Company Ltd.","ui":"7104236","t":119.0,"r":119.0,"q":6.11,"p":1.3E9,"mot":"U","mo":119.0},{"cn":"Lucifer 666","ui":"3803527","t":198.0,"r":198.0,"q":5.51,"p":1.4E9,"mot":"U","mo":198.0},{"cn":"JK empire","ui":"6991362","t":5123.0,"r":5123.0,"q":5.37,"p":1.245E9,"mot":"L","mo":600.0},{"cn":"VirtaCoin_not_Bitcoin","ui":"6800070","t":170.0,"r":170.0,"q":3.48,"p":6.1E9,"mot":"U","mo":170.0},{"cn":"Met Company Ltd.","ui":"7164253","t":104.0,"r":104.0,"q":6.11,"p":1.3E9,"mot":"U","mo":104.0},{"cn":"","ui":"","t":33.0,"r":29.0,"q":3.26,"p":1.34827586207E9,"mot":"L","mo":29.0}]},{"d":"19.09.2022","r":932.0,"q":4.7,"p":1.11126609379E9,"s":[{"cn":"Met Company Ltd.","ui":"7104236","t":73.0,"r":73.0,"q":6.11,"p":1.0E9,"mot":"U","mo":73.0},{"cn":"SMILESOFT LLC","ui":"6975730","t":187.0,"r":187.0,"q":1.28,"p":1.5E9,"mot":"U","mo":187.0},{"cn":"Mufatorr Ltd.","ui":"6700058","t":396.0,"r":396.0,"q":5.67,"p":9.999999991E8,"mot":"U","mo":396.0},{"cn":"Lucifer 666","ui":"3803527","t":228.0,"r":228.0,"q":5.51,"p":9.99999999E8,"mot":"U","mo":228.0},{"cn":"","ui":"","t":52.0,"r":48.0,"q":4.01,"p":1.2125E9,"mot":"L","mo":48.0}]},{"d":"20.09.2022","r":917.0,"q":4.61,"p":1.11930207129E9,"s":[{"cn":"SMILESOFT LLC","ui":"6975730","t":191.0,"r":191.0,"q":1.27,"p":1.5E9,"mot":"U","mo":191.0},{"cn":"Mufatorr Ltd.","ui":"6700058","t":430.0,"r":430.0,"q":5.68,"p":9.999999991E8,"mot":"U","mo":430.0},{"cn":"\u0026quot;DuS\u0026quot;","ui":"7062084","t":53.0,"r":49.0,"q":4.19,"p":1.1E9,"mot":"U","mo":49.0},{"cn":"Lucifer 666","ui":"3803527","t":238.0,"r":238.0,"q":5.51,"p":9.99999999E8,"mot":"U","mo":238.0},{"cn":"","ui":"","t":9.0,"r":9.0,"q":3.25,"p":2.0E9,"mot":"L","mo":9.0}]},{"d":"21.09.2022","r":1063.0,"q":4.76,"p":1.10827845657E9,"s":[{"cn":"Met Company Ltd.","ui":"7104236","t":88.0,"r":88.0,"q":6.11,"p":1.0E9,"mot":"U","mo":88.0},{"cn":"SMILESOFT LLC","ui":"6975730","t":195.0,"r":195.0,"q":1.27,"p":1.5E9,"mot":"U","mo":195.0},{"cn":"Mufatorr Ltd.","ui":"6700058","t":464.0,"r":464.0,"q":5.68,"p":9.999999991E8,"mot":"U","mo":464.0},{"cn":"\u0026quot;DuS\u0026quot;","ui":"7062084","t":60.0,"r":56.0,"q":4.24,"p":1.1E9,"mot":"U","mo":56.0},{"cn":"Lucifer 666","ui":"3803527","t":248.0,"r":248.0,"q":5.51,"p":9.99999999E8,"mot":"U","mo":248.0},{"cn":"","ui":"","t":12.0,"r":12.0,"q":3.26,"p":2.0E9,"mot":"L","mo":12.0}]},{"d":"22.09.2022","r":1151.0,"q":4.85,"p":1.07894005152E9,"s":[{"cn":"Mufatorr Ltd.","ui":"6700058","t":498.0,"r":498.0,"q":5.69,"p":9.699999991E8,"mot":"U","mo":498.0},{"cn":"SMILESOFT LLC","ui":"6975730","t":199.0,"r":199.0,"q":1.26,"p":1.5E9,"mot":"U","mo":199.0},{"cn":"Met Company Ltd.","ui":"7104236","t":103.0,"r":103.0,"q":6.11,"p":1.0E9,"mot":"U","mo":103.0},{"cn":"\u0026quot;DuS\u0026quot;","ui":"7062084","t":67.0,"r":63.0,"q":4.27,"p":1.1E9,"mot":"U","mo":63.0},{"cn":"Lucifer 666","ui":"3803527","t":258.0,"r":258.0,"q":5.51,"p":9.99999999E8,"mot":"U","mo":258.0},{"cn":"","ui":"","t":30.0,"r":30.0,"q":6.12,"p":1.0E9,"mot":"L","mo":30.0}]},{"d":"23.09.2022","r":1084.0,"q":4.72,"p":1.04802582957E9,"s":[{"cn":"SMILESOFT LLC","ui":"6975730","t":203.0,"r":203.0,"q":1.26,"p":1.5E9,"mot":"U","mo":203.0},{"cn":"Mufatorr Ltd.","ui":"6700058","t":532.0,"r":532.0,"q":5.69,"p":8.799999991E8,"mot":"L","mo":532.0},{"cn":"\u0026quot;DuS\u0026quot;","ui":"7062084","t":74.0,"r":70.0,"q":4.3,"p":1.1E9,"mot":"U","mo":70.0},{"cn":"Lucifer 666","ui":"3803527","t":268.0,"r":268.0,"q":5.51,"p":9.99999999E8,"mot":"U","mo":268.0},{"cn":"","ui":"","t":11.0,"r":11.0,"q":4.74,"p":1.67272727273E9,"mot":"L","mo":11.0}]},{"d":"26.09.2022","r":883.0,"q":4.42,"p":1.10758776891E9,"s":[{"cn":"SMILESOFT LLC","ui":"6975730","t":215.0,"r":215.0,"q":1.25,"p":1.5E9,"mot":"U","mo":215.0},{"cn":"Mufatorr Ltd.","ui":"6700058","t":246.0,"r":246.0,"q":5.7,"p":9.00000001E8,"mot":"U","mo":246.0},{"cn":"\u0026quot;DuS\u0026quot;","ui":"7062084","t":95.0,"r":91.0,"q":4.35,"p":1.1E9,"mot":"U","mo":91.0},{"cn":"Lucifer 666","ui":"3803527","t":298.0,"r":298.0,"q":5.51,"p":9.99999999E8,"mot":"U","mo":298.0},{"cn":"","ui":"","t":33.0,"r":33.0,"q":5.86,"p":1.09090909091E9,"mot":"L","mo":33.0}]},{"d":"27.09.2022","r":971.0,"q":4.52,"p":1.06992790934E9,"s":[{"cn":"Mufatorr Ltd.","ui":"6700058","t":280.0,"r":280.0,"q":5.7,"p":9.00000001E8,"mot":"U","mo":280.0},{"cn":"SMILESOFT LLC","ui":"6975730","t":219.0,"r":219.0,"q":1.24,"p":1.5E9,"mot":"U","mo":219.0},{"cn":"\u0026quot;DuS\u0026quot;","ui":"7062084","t":102.0,"r":98.0,"q":4.36,"p":8.0E8,"mot":"U","mo":98.0},{"cn":"Lucifer 666","ui":"3803527","t":308.0,"r":308.0,"q":5.51,"p":9.99999999E8,"mot":"U","mo":308.0},{"cn":"","ui":"","t":66.0,"r":66.0,"q":6.0,"p":1.09090909091E9,"mot":"L","mo":66.0}]},{"d":"28.09.2022","r":967.0,"q":4.45,"p":1.07083764219E9,"s":[{"cn":"Mufatorr Ltd.","ui":"6700058","t":314.0,"r":314.0,"q":5.71,"p":9.00000001E8,"mot":"U","mo":314.0},{"cn":"SMILESOFT LLC","ui":"6975730","t":223.0,"r":223.0,"q":1.24,"p":1.5E9,"mot":"U","mo":223.0},{"cn":"\u0026quot;DuS\u0026quot;","ui":"7062084","t":107.0,"r":103.0,"q":4.37,"p":8.0E8,"mot":"U","mo":103.0},{"cn":"Lucifer 666","ui":"3803527","t":318.0,"r":318.0,"q":5.51,"p":9.99999999E8,"mot":"U","mo":318.0},{"cn":"","ui":"","t":9.0,"r":9.0,"q":3.31,"p":2.0E9,"mot":"L","mo":9.0}]},{"d":"29.09.2022","r":1033.0,"q":4.48,"p":1.06836476439E9,"s":[{"cn":"SMILESOFT LLC","ui":"6975730","t":227.0,"r":227.0,"q":1.23,"p":1.5E9,"mot":"U","mo":227.0},{"cn":"Mufatorr Ltd.","ui":"6700058","t":348.0,"r":348.0,"q":5.71,"p":9.00000001E8,"mot":"U","mo":348.0},{"cn":"\u0026quot;DuS\u0026quot;","ui":"7062084","t":114.0,"r":110.0,"q":4.38,"p":8.0E8,"mot":"U","mo":110.0},{"cn":"Lucifer 666","ui":"3803527","t":328.0,"r":328.0,"q":5.52,"p":9.99999999E8,"mot":"U","mo":328.0},{"cn":"","ui":"","t":20.0,"r":20.0,"q":3.43,"p":1.69604008E9,"mot":"L","mo":20.0}]},{"d":"30.09.2022","r":2035.0,"q":4.92,"p":2.60427518392E9,"s":[{"cn":"Ssadow Трейд","ui":"6845974","t":150.0,"r":150.0,"q":6.47,"p":1.2E10,"mot":"U","mo":150.0},{"cn":"Mufatorr Ltd.","ui":"6700058","t":382.0,"r":382.0,"q":5.71,"p":7.99999999E8,"mot":"U","mo":382.0},{"cn":"SMILESOFT LLC","ui":"6975730","t":231.0,"r":231.0,"q":1.23,"p":1.5E9,"mot":"U","mo":231.0},{"cn":"\u0026quot;DuS\u0026quot;","ui":"7062084","t":121.0,"r":117.0,"q":4.39,"p":8.0E8,"mot":"U","mo":117.0},{"cn":"Ssadow Трейд","ui":"6912669","t":139.0,"r":139.0,"q":3.54,"p":1.0E10,"mot":"U","mo":139.0},{"cn":"JK empire","ui":"6991362","t":5123.0,"r":5123.0,"q":5.37,"p":1.09E9,"mot":"L","mo":600.0},{"cn":"Lucifer 666","ui":"3803527","t":338.0,"r":338.0,"q":5.52,"p":9.99999999E8,"mot":"U","mo":338.0},{"cn":"","ui":"","t":78.0,"r":78.0,"q":6.23,"p":4.76923076923E9,"mot":"L","mo":78.0}]}]