[{"d":"31.08.2016","r":3800.0,"q":1.0,"p":25.0,"s":[{"ui":"7779820","t":3800.0,"r":3800.0,"q":1.0,"p":25.0,"mot":"U","mo":3800.0},{"cn":"","ui":"","t":0.0,"r":0.0,"q":0.0,"p":0.0,"mot":"L","mo":0.0}]},{"d":"21.10.2016","r":90.0,"q":1.0,"p":75.5,"s":[{"ui":"7895927","t":90.0,"r":90.0,"q":1.0,"p":75.5,"mot":"U","mo":90.0},{"cn":"","ui":"","t":0.0,"r":0.0,"q":0.0,"p":0.0,"mot":"L","mo":0.0}]},{"d":"22.10.2016","r":0.0,"q":0.0,"p":0.0,"s":[{"cn":"","ui":"","t":0.0,"r":0.0,"q":0.0,"p":0.0,"mot":"L","mo":0.0}]},{"d":"01.05.2017","r":500.0,"q":1.0,"p":60.0,"s":[{"cn":"Calvo Figorelli Invest","ui":"8142121","t":500.0,"r":500.0,"q":1.0,"p":60.0,"mot":"U","mo":500.0},{"cn":"","ui":"","t":0.0,"r":0.0,"q":0.0,"p":0.0,"mot":"L","mo":0.0}]},{"d":"02.05.2017","r":0.0,"q":0.0,"p":0.0,"s":[{"cn":"","ui":"","t":0.0,"r":0.0,"q":0.0,"p":0.0,"mot":"L","mo":0.0}]},{"d":"22.02.2019","r":1000.0,"q":1.0,"p":65.49,"s":[{"cn":"Lommel Inc.","ui":"8858642","t":1000.0,"r":1000.0,"q":1.0,"p":65.49,"mot":"U","mo":1000.0},{"cn":"","ui":"","t":0.0,"r":0.0,"q":0.0,"p":0.0,"mot":"L","mo":0.0}]},{"d":"25.02.2019","r":6.0,"q":1.0,"p":65.1,"s":[{"cn":"Clothing Ltd.","ui":"8862048","t":6.0,"r":6.0,"q":1.0,"p":65.1,"mot":"U","mo":6.0},{"cn":"","ui":"","t":0.0,"r":0.0,"q":0.0,"p":0.0,"mot":"L","mo":0.0}]},{"d":"28.10.2019","r":26.0,"q":1.0,"p":63.0,"s":[{"cn":"Lxn194127W. Ltd","ui":"9186122","t":26.0,"r":26.0,"q":1.0,"p":63.0,"mot":"U","mo":26.0},{"cn":"","ui":"","t":0.0,"r":0.0,"q":0.0,"p":0.0,"mot":"L","mo":0.0}]},{"d":"29.10.2019","r":50.0,"q":1.0,"p":63.0,"s":[{"cn":"Lxn194127W. Ltd","ui":"9186122","t":50.0,"r":50.0,"q":1.0,"p":63.0,"mot":"U","mo":50.0},{"cn":"","ui":"","t":0.0,"r":0.0,"q":0.0,"p":0.0,"mot":"L","mo":0.0}]},{"d":"27.12.2019","r":50.0,"q":1.0,"p":80.0,"s":[{"cn":"Mutahaaydin Limited","ui":"9282451","t":50.0,"r":50.0,"q":1.0,"p":80.0,"mot":"U","mo":50.0},{"cn":"","ui":"","t":0.0,"r":0.0,"q":0.0,"p":0.0,"mot":"L","mo":0.0}]},{"d":"03.01.2020","r":90.0,"q":1.0,"p":75.0,"s":[{"cn":"beyzanurballi.1 Limited","ui":"9293058","t":90.0,"r":90.0,"q":1.0,"p":75.0,"mot":"U","mo":90.0},{"cn":"","ui":"","t":0.0,"r":0.0,"q":0.0,"p":0.0,"mot":"L","mo":0.0}]},{"d":"14.05.2021","r":100.0,"q":1.0,"p":150.0,"s":[{"cn":"Б1118-38.03.01(2)_рога и копыта","ui":"10068892","t":100.0,"r":100.0,"q":1.0,"p":150.0,"mot":"U","mo":100.0},{"cn":"","ui":"","t":0.0,"r":0.0,"q":0.0,"p":0.0,"mot":"L","mo":0.0}]},{"d":"22.10.2021","r":4200.0,"q":1.0,"p":60.0,"s":[{"cn":"Agrofert Ltd.","ui":"10319329","t":4200.0,"r":4200.0,"q":1.0,"p":60.0,"mot":"U","mo":4200.0},{"cn":"","ui":"","t":0.0,"r":0.0,"q":0.0,"p":0.0,"mot":"L","mo":0.0}]},{"d":"26.09.2022","r":1000.0,"q":1.0,"p":70.0,"s":[{"cn":"Au1472693_16299 Ltd.","ui":"10856614","t":1000.0,"r":1000.0,"q":1.0,"p":70.0,"mot":"U","mo":1000.0},{"cn":"","ui":"","t":0.0,"r":0.0,"q":0.0,"p":0.0,"mot":"L","mo":0.0}]},{"d":"27.09.2022","r":0.0,"q":0.0,"p":0.0,"s":[{"cn":"","ui":"","t":0.0,"r":0.0,"q":0.0,"p":0.0,"mot":"L","mo":0.0}]}]