[{"pi":"3867","pc":"Электроника","ss":100000,"td":"Центр города","dc":2,"n":513.71,"vc":"363898","sl":"Очень высокий","sv":"321","p":15000.0,"q":104.58,"b":0.0,"ms":10.62,"wi":23.48,"ei":8.4,"as":185.05,"mi":"E","mv":3024,"sc":1,"lpe":89.38,"lpr":1937.21,"lq":1.71,"d":419938},{"pi":"3867","pc":"Электроника","ss":10000,"td":"Центр города","dc":2,"n":178.0,"vc":"2658","sl":"Элитный","sv":"200","p":14999.0,"q":35.3,"b":0.0,"ms":4.83,"wi":62.27,"ei":13.35,"as":674.99,"mi":"E","mv":4145,"sc":1,"lpe":95.17,"lpr":14436.16,"lq":1.0,"d":374441},{"pi":"3867","pc":"Электроника","ss":100000,"td":"Центр города","dc":2,"n":675.35,"vc":"2159600","sl":"Низкий","sv":"8","p":3787000.0,"q":71.98,"b":0.0,"ms":8.16,"wi":88.65,"ei":9.17,"as":926.04,"mi":"E","mv":98,"sc":1,"lpe":91.84,"lpr":304043.55,"lq":22.83,"d":802320},{"pi":"3867","pc":"Электроника","ss":10000,"td":"Центр города","dc":2,"n":205.75,"vc":"2678","sl":"Элитный","sv":"500","p":25999.0,"q":35.3,"b":0.0,"ms":33.97,"wi":46.49,"ei":9.42,"as":383.85,"mi":"E","mv":1472,"sc":1,"lpe":66.03,"lpr":12139.53,"lq":1.14,"d":223434},{"pi":"3867","pc":"Электроника","ss":100000,"td":"Фешенебельный район","dc":1,"n":0.0,"vc":"666","sl":"Элитный","sv":"1135","p":57000.0,"q":24.97,"b":0.0,"ms":60.83,"wi":41.17,"ei":8.83,"as":225.06,"mi":"D","mv":1866,"sc":1,"lpe":39.17,"lpr":129424.59,"lq":2.0,"d":1925822},{"pi":"3867","pc":"Электроника","ss":10000,"td":"Центр города","dc":1,"n":227.03,"vc":"8065","sl":"Элитный","sv":"63","p":393081.54,"q":81.55,"b":0.0,"ms":3.6,"wi":57.16,"ei":8.91,"as":372.4,"mi":"E","mv":1751,"sc":1,"lpe":96.4,"lpr":246959.88,"lq":1.0,"d":3168000},{"pi":"3867","pc":"Электроника","ss":10000,"td":"Центр города","dc":2,"n":213.33,"vc":"2685","sl":"Элитный","sv":"200","p":31999.0,"q":35.3,"b":0.0,"ms":22.73,"wi":24.79,"ei":5.22,"as":302.26,"mi":"E","mv":880,"sc":1,"lpe":77.27,"lpr":11745.91,"lq":1.17,"d":182800},{"pi":"3867","pc":"Электроника","ss":20000,"td":"Фешенебельный район","dc":1,"n":305.65,"vc":"2078","sl":"Элитный","sv":"1","p":1352605.58,"q":81.55,"b":0.0,"ms":0.74,"wi":43.91,"ei":15.76,"as":113.87,"mi":"E","mv":136,"sc":1,"lpe":99.26,"lpr":344146.46,"lq":1.0,"d":795727},{"pi":"3867","pc":"Электроника","ss":100000,"td":"Фешенебельный район","dc":1,"n":580.25,"vc":"177105","sl":"Элитный","sv":"801","p":49000.0,"q":109.64,"b":0.0,"ms":15.43,"wi":49.97,"ei":9.09,"as":306.0,"mi":"E","mv":5190,"sc":1,"lpe":84.57,"lpr":4401.67,"lq":2.02,"d":1948554},{"pi":"3867","pc":"Электроника","ss":10000,"td":"Центр города","dc":2,"n":195.2,"vc":"2668","sl":"Элитный","sv":"164","p":74999.0,"q":35.12,"b":0.0,"ms":21.05,"wi":43.59,"ei":7.31,"as":476.27,"mi":"E","mv":779,"sc":1,"lpe":78.95,"lpr":14011.36,"lq":1.27,"d":263256},{"pi":"3867","pc":"Электроника","ss":10000,"td":"Фешенебельный район","dc":1,"n":98.45,"vc":"620","sl":"Элитный","sv":"1","p":489777.26,"q":81.55,"b":0.0,"ms":0.03,"wi":62.0,"ei":7.93,"as":546.66,"mi":"E","mv":3965,"sc":1,"lpe":99.97,"lpr":203165.04,"lq":1.0,"d":7101416},{"pi":"3867","pc":"Электроника","ss":10000,"td":"Центр города","dc":2,"n":163.1,"vc":"2668","sl":"Элитный","sv":"423","p":39999.0,"q":35.14,"b":0.0,"ms":52.68,"wi":60.54,"ei":6.77,"as":450.24,"mi":"D","mv":803,"sc":1,"lpe":47.32,"lpr":10187.07,"lq":17.66,"d":518786},{"pi":"3867","pc":"Электроника","ss":300000,"td":"Спальный район","dc":2,"n":670.04,"vc":"5989874","sl":"Низкий","sv":"793","p":873600.0,"q":71.98,"b":0.0,"ms":11.16,"wi":89.7,"ei":7.81,"as":615.72,"mi":"E","mv":7103,"sc":2,"lpe":84.61,"lpr":161717.31,"lq":13.2,"d":11929900},{"pi":"3867","pc":"Электроника","ss":100000,"td":"Спальный район","dc":2,"n":0.0,"vc":"6302","sl":"Элитный","sv":"300","p":200000.0,"q":24.16,"b":0.0,"ms":4.22,"wi":89.7,"ei":7.81,"as":615.72,"mi":"E","mv":7103,"sc":2,"lpe":84.61,"lpr":161717.31,"lq":13.2,"d":11929900},{"pi":"3867","pc":"Электроника","ss":10000,"td":"Центр города","dc":2,"n":162.16,"vc":"2669","sl":"Элитный","sv":"800","p":20999.0,"q":35.3,"b":0.0,"ms":7.34,"wi":48.51,"ei":15.71,"as":380.15,"mi":"E","mv":10906,"sc":1,"lpe":92.66,"lpr":9196.91,"lq":1.0,"d":545196},{"pi":"3867","pc":"Электроника","ss":10000,"td":"Центр города","dc":2,"n":219.38,"vc":"4940","sl":"Элитный","sv":"1000","p":59999.0,"q":35.3,"b":0.0,"ms":29.82,"wi":56.24,"ei":7.07,"as":380.48,"mi":"E","mv":3354,"sc":1,"lpe":70.18,"lpr":23925.91,"lq":2.32,"d":917721},{"pi":"3867","pc":"Электроника","ss":10000,"td":"Центр города","dc":2,"n":166.89,"vc":"2664","sl":"Элитный","sv":"400","p":99999.0,"q":35.3,"b":0.0,"ms":49.38,"wi":53.32,"ei":6.45,"as":372.85,"mi":"E","mv":810,"sc":1,"lpe":50.62,"lpr":53674.84,"lq":4.97,"d":476878},{"pi":"3867","pc":"Электроника","ss":1000,"td":"Центр города","dc":1,"n":89.73,"vc":"685","sl":"Элитный","sv":"45","p":292000.0,"q":23.93,"b":0.00711111111111111,"ms":24.06,"wi":17.71,"ei":7.81,"as":93.95,"mi":"E","mv":187,"sc":1,"lpe":75.94,"lpr":98182.64,"lq":5.12,"d":969146},{"pi":"3867","pc":"Электроника","ss":100000,"td":"Фешенебельный район","dc":1,"n":606.85,"vc":"236722","sl":"Элитный","sv":"152","p":850000.0,"q":112.0,"b":0.0,"ms":9.84,"wi":154.18,"ei":9.34,"as":2208.0,"mi":"E","mv":1544,"sc":1,"lpe":90.16,"lpr":128108.49,"lq":22.52,"d":2149998},{"pi":"3867","pc":"Электроника","ss":100000,"td":"Центр города","dc":1,"n":478.52,"vc":"553145","sl":"Очень высокий","sv":"780","p":2250000.0,"q":90.66,"b":3.44,"ms":10.15,"wi":166.72,"ei":9.88,"as":2625.25,"mi":"E","mv":7681,"sc":1,"lpe":89.85,"lpr":322610.53,"lq":14.75,"d":11635600},{"pi":"3867","pc":"Электроника","ss":200000,"td":"Фешенебельный район","dc":2,"n":522.35,"vc":"362424","sl":"Элитный","sv":"7000","p":48000.0,"q":112.0,"b":0.0,"ms":9.68,"wi":48.27,"ei":9.23,"as":380.0,"mi":"E","mv":72296,"sc":1,"lpe":90.32,"lpr":29598.86,"lq":1.0,"d":11000140},{"pi":"3867","pc":"Электроника","ss":110000,"td":"Фешенебельный район","dc":1,"n":299.31,"vc":"6429","sl":"Элитный","sv":"6","p":360415.3,"q":81.55,"b":0.0,"ms":3.11,"wi":35.62,"ei":11.99,"as":261.73,"mi":"E","mv":193,"sc":1,"lpe":96.89,"lpr":186015.59,"lq":1.0,"d":886846},{"pi":"3867","pc":"Электроника","ss":1000,"td":"Центр города","dc":1,"n":313.01,"vc":"3728","sl":"Высокий","sv":"100","p":500000.0,"q":112.0,"b":0.0,"ms":22.12,"wi":43.5,"ei":12.02,"as":219.95,"mi":"E","mv":452,"sc":1,"lpe":77.88,"lpr":138609.91,"lq":12.95,"d":1056994},{"pi":"3867","pc":"Электроника","ss":10000,"td":"Фешенебельный район","dc":1,"n":624.87,"vc":"25238","sl":"Элитный","sv":"184","p":140000.0,"q":112.0,"b":0.0,"ms":11.8,"wi":28.99,"ei":11.18,"as":110.57,"mi":"E","mv":1559,"sc":1,"lpe":88.2,"lpr":23955.96,"lq":2.29,"d":1307387},{"pi":"3867","pc":"Электроника","ss":10000,"td":"Центр города","dc":2,"n":610.72,"vc":"75733","sl":"Низкий","sv":"30","p":361800.0,"q":71.98,"b":0.0,"ms":23.44,"wi":59.67,"ei":7.81,"as":544.37,"mi":"E","mv":128,"sc":1,"lpe":76.56,"lpr":354358.11,"lq":14.87,"d":573980},{"pi":"3867","pc":"Электроника","ss":100000,"td":"Центр города","dc":8,"n":247.8,"vc":"69794","sl":"Очень высокий","sv":"300","p":245000.0,"q":1.0,"b":0.0,"ms":7.69,"wi":65.33,"ei":8.99,"as":361.0,"mi":"E","mv":3899,"sc":1,"lpe":92.31,"lpr":247571.04,"lq":1.0,"d":5583100},{"pi":"3867","pc":"Электроника","ss":100000,"td":"Фешенебельный район","dc":2,"n":547.02,"vc":"91301","sl":"Элитный","sv":"107","p":149788.41,"q":71.98,"b":0.0,"ms":10.0,"wi":29.53,"ei":6.49,"as":242.55,"mi":"E","mv":1070,"sc":1,"lpe":90.0,"lpr":59030.04,"lq":5.52,"d":2329386},{"pi":"3867","pc":"Электроника","ss":300000,"td":"Фешенебельный район","dc":9,"n":497.37,"vc":"140384","sl":"Элитный","sv":"124","p":2298375.99,"q":74.77,"b":0.0,"ms":13.14,"wi":171.48,"ei":10.04,"as":2283.46,"mi":"E","mv":944,"sc":1,"lpe":86.86,"lpr":634686.03,"lq":16.54,"d":2986744},{"pi":"3867","pc":"Электроника","ss":300000,"td":"Фешенебельный район","dc":10,"n":536.81,"vc":"181132","sl":"Очень высокий","sv":"37","p":2759100.0,"q":74.77,"b":0.0,"ms":10.82,"wi":125.88,"ei":10.29,"as":1744.48,"mi":"E","mv":342,"sc":1,"lpe":89.18,"lpr":404098.01,"lq":22.53,"d":2094907},{"pi":"3867","pc":"Электроника","ss":10000,"td":"Фешенебельный район","dc":1,"n":273.28,"vc":"1274","sl":"Элитный","sv":"2","p":105752.7,"q":81.55,"b":0.0,"ms":0.3,"wi":15.36,"ei":8.17,"as":100.19,"mi":"E","mv":673,"sc":1,"lpe":99.7,"lpr":54051.66,"lq":1.0,"d":1382690},{"pi":"3867","pc":"Электроника","ss":10000,"td":"Фешенебельный район","dc":1,"n":655.78,"vc":"26280","sl":"Элитный","sv":"516","p":50000.0,"q":112.08,"b":0.0,"ms":20.16,"wi":62.3,"ei":8.39,"as":427.4,"mi":"E","mv":2560,"sc":1,"lpe":79.84,"lpr":5387.91,"lq":4.73,"d":763752},{"pi":"3867","pc":"Электроника","ss":100000,"td":"Фешенебельный район","dc":2,"n":664.11,"vc":"267478","sl":"Очень высокий","sv":"190","p":38000.0,"q":112.0,"b":0.0,"ms":6.94,"wi":66.62,"ei":7.95,"as":493.05,"mi":"E","mv":2738,"sc":1,"lpe":93.06,"lpr":39219.05,"lq":1.0,"d":632057},{"pi":"3867","pc":"Электроника","ss":10000,"td":"Центр города","dc":1,"n":324.97,"vc":"10039","sl":"Элитный","sv":"118","p":630000.0,"q":23.71,"b":0.411864406779661,"ms":12.09,"wi":59.42,"ei":8.65,"as":472.08,"mi":"E","mv":976,"sc":1,"lpe":87.91,"lpr":78701.35,"lq":6.36,"d":747777},{"pi":"3867","pc":"Электроника","ss":100000,"td":"Центр города","dc":1,"n":480.15,"vc":"206543","sl":"Нормальный","sv":"92","p":229999.0,"q":34.84,"b":0.0,"ms":22.6,"wi":84.39,"ei":9.0,"as":559.14,"mi":"E","mv":407,"sc":1,"lpe":77.4,"lpr":27867.87,"lq":20.94,"d":666717},{"pi":"3867","pc":"Электроника","ss":100000,"td":"Центр города","dc":1,"n":434.64,"vc":"167050","sl":"Элитный","sv":"131","p":635000.0,"q":23.4,"b":0.398473282442748,"ms":10.16,"wi":62.59,"ei":7.65,"as":519.76,"mi":"E","mv":1289,"sc":1,"lpe":89.84,"lpr":59291.46,"lq":5.66,"d":1269608},{"pi":"3867","pc":"Электроника","ss":10000,"td":"Фешенебельный район","dc":1,"n":676.33,"vc":"16948","sl":"Элитный","sv":"13","p":290000.0,"q":101.27,"b":0.0,"ms":7.18,"wi":56.75,"ei":9.79,"as":827.71,"mi":"E","mv":181,"sc":1,"lpe":92.82,"lpr":22161.78,"lq":1.0,"d":141257},{"pi":"3867","pc":"Электроника","ss":10000,"td":"Центр города","dc":2,"n":231.15,"vc":"2729","sl":"Элитный","sv":"250","p":43999.0,"q":35.3,"b":0.0,"ms":37.65,"wi":34.18,"ei":9.16,"as":412.47,"mi":"E","mv":664,"sc":1,"lpe":62.35,"lpr":19444.1,"lq":1.82,"d":131326},{"pi":"3867","pc":"Электроника","ss":10000,"td":"Фешенебельный район","dc":1,"n":339.75,"vc":"2912","sl":"Элитный","sv":"2","p":269150.06,"q":81.55,"b":0.0,"ms":0.06,"wi":47.73,"ei":6.08,"as":289.96,"mi":"E","mv":3413,"sc":1,"lpe":99.94,"lpr":111447.01,"lq":1.0,"d":3600000},{"pi":"3867","pc":"Электроника","ss":100000,"td":"Центр города","dc":2,"n":646.64,"vc":"1053691","sl":"Низкий","sv":"36","p":1270000.0,"q":71.98,"b":0.0,"ms":12.86,"wi":166.17,"ei":10.12,"as":2341.42,"mi":"E","mv":280,"sc":1,"lpe":87.14,"lpr":570594.85,"lq":18.93,"d":723722},{"pi":"3867","pc":"Электроника","ss":300000,"td":"Фешенебельный район","dc":9,"n":477.82,"vc":"136343","sl":"Элитный","sv":"1","p":699117.42,"q":74.76,"b":0.0,"ms":0.01,"wi":51.27,"ei":6.64,"as":370.86,"mi":"E","mv":16712,"sc":1,"lpe":99.99,"lpr":63821.37,"lq":1.0,"d":4700000},{"pi":"3867","pc":"Электроника","ss":10000,"td":"Центр города","dc":1,"n":56.4,"vc":"1386","sl":"Элитный","sv":"12","p":900000.0,"q":81.55,"b":0.0,"ms":9.02,"wi":41.99,"ei":6.4,"as":310.88,"mi":"E","mv":133,"sc":1,"lpe":90.98,"lpr":109102.4,"lq":1.0,"d":761700},{"pi":"3867","pc":"Электроника","ss":100000,"td":"Центр города","dc":1,"n":487.14,"vc":"213514","sl":"Элитный","sv":"33","p":1260000.0,"q":23.47,"b":0.4,"ms":9.32,"wi":63.23,"ei":7.28,"as":458.84,"mi":"E","mv":354,"sc":1,"lpe":90.68,"lpr":111797.16,"lq":10.61,"d":605030},{"pi":"3867","pc":"Электроника","ss":100000,"td":"Фешенебельный район","dc":1,"n":557.87,"vc":"232437","sl":"Элитный","sv":"4431","p":30000.0,"q":112.0,"b":0.0,"ms":18.71,"wi":67.81,"ei":5.0,"as":684.87,"mi":"E","mv":23688,"sc":1,"lpe":81.29,"lpr":9515.6,"lq":1.02,"d":7837160},{"pi":"3867","pc":"Электроника","ss":100000,"td":"Центр города","dc":1,"n":506.43,"vc":"664161","sl":"Очень высокий","sv":"1500","p":200000.0,"q":90.66,"b":2.94,"ms":9.83,"wi":27.62,"ei":6.85,"as":110.71,"mi":"E","mv":15265,"sc":1,"lpe":90.17,"lpr":23633.96,"lq":1.0,"d":9113688},{"pi":"3867","pc":"Электроника","ss":100000,"td":"Центр города","dc":2,"n":645.77,"vc":"1257406","sl":"Низкий","sv":"9","p":4789000.0,"q":71.99,"b":0.0,"ms":8.49,"wi":116.79,"ei":9.79,"as":1808.05,"mi":"E","mv":106,"sc":1,"lpe":91.51,"lpr":386271.04,"lq":15.16,"d":1228032},{"pi":"3867","pc":"Электроника","ss":300000,"td":"Центр города","dc":2,"n":645.77,"vc":"3209848","sl":"Нормальный","sv":"75","p":660300.0,"q":71.98,"b":0.0,"ms":14.59,"wi":124.59,"ei":9.54,"as":1713.73,"mi":"E","mv":514,"sc":1,"lpe":85.41,"lpr":378662.81,"lq":27.77,"d":1717617},{"pi":"3867","pc":"Электроника","ss":100000,"td":"Центр города","dc":1,"n":513.9,"vc":"568579","sl":"Очень высокий","sv":"254","p":4000000.0,"q":90.66,"b":3.69,"ms":9.99,"wi":174.28,"ei":10.49,"as":2111.62,"mi":"E","mv":2543,"sc":1,"lpe":90.01,"lpr":632284.05,"lq":1.06,"d":4762572},{"pi":"3867","pc":"Электроника","ss":100000,"td":"Центр города","dc":2,"n":544.68,"vc":"1124657","sl":"Низкий","sv":"332","p":95600.0,"q":72.42,"b":0.0,"ms":0.79,"wi":35.98,"ei":8.28,"as":251.65,"mi":"E","mv":41986,"sc":2,"lpe":99.1,"lpr":25999.12,"lq":1.0,"d":14352508},{"pi":"3867","pc":"Электроника","ss":100000,"td":"Центр города","dc":1,"n":83.13,"vc":"13292","sl":"Элитный","sv":"45","p":156000.0,"q":23.93,"b":0.064,"ms":0.11,"wi":35.98,"ei":8.28,"as":251.65,"mi":"E","mv":41986,"sc":2,"lpe":99.1,"lpr":25999.12,"lq":1.0,"d":14352508},{"pi":"3867","pc":"Электроника","ss":100000,"td":"Фешенебельный район","dc":4,"n":623.49,"vc":"87286","sl":"Элитный","sv":"1","p":500000.0,"q":79.26,"b":2.25,"ms":1.01,"wi":24.44,"ei":2.35,"as":565.23,"mi":"E","mv":99,"sc":1,"lpe":98.99,"lpr":47059.76,"lq":1.0,"d":78672},{"pi":"3867","pc":"Электроника","ss":100000,"td":"Центр города","dc":2,"n":670.67,"vc":"1739372","sl":"Низкий","sv":"12","p":695100.0,"q":71.98,"b":0.0,"ms":9.52,"wi":16.93,"ei":3.9,"as":101.05,"mi":"E","mv":126,"sc":1,"lpe":90.48,"lpr":87615.29,"lq":2.05,"d":1565731},{"pi":"3867","pc":"Электроника","ss":100000,"td":"Центр города","dc":2,"n":673.01,"vc":"2338398","sl":"Низкий","sv":"624","p":121600.0,"q":71.98,"b":0.0,"ms":7.83,"wi":29.93,"ei":6.58,"as":133.91,"mi":"E","mv":7972,"sc":2,"lpe":89.29,"lpr":15045.13,"lq":1.32,"d":3420282},{"pi":"3867","pc":"Электроника","ss":10000,"td":"Центр города","dc":1,"n":71.78,"vc":"2628","sl":"Элитный","sv":"230","p":52500.0,"q":23.78,"b":0.0,"ms":2.89,"wi":29.93,"ei":6.58,"as":133.91,"mi":"E","mv":7972,"sc":2,"lpe":89.29,"lpr":15045.13,"lq":1.32,"d":3420282},{"pi":"3867","pc":"Электроника","ss":100000,"td":"Центр города","dc":2,"n":519.56,"vc":"374322","sl":"Очень высокий","sv":"99","p":300000.0,"q":112.0,"b":0.0,"ms":10.88,"wi":57.36,"ei":6.87,"as":248.17,"mi":"E","mv":910,"sc":1,"lpe":89.12,"lpr":39520.38,"lq":3.67,"d":387702}]