[{"pi":"15747","pc":"Продукты питания","ss":10000,"td":"Центр города","dc":1,"n":443.28,"vc":"16736","sl":"Элитный","sv":"5000","p":820.0,"q":8.12,"b":0.0,"ms":2.41,"wi":60.1,"ei":6.0,"as":396.0,"mi":"E","mv":207725,"sc":1,"lpe":97.59,"lpr":466.35,"lq":1.0,"d":264316},{"pi":"15747","pc":"Продукты питания","ss":155000,"td":"Фешенебельный район","dc":2,"n":475.24,"vc":"96753","sl":"Элитный","sv":"32395","p":1320.0,"q":7.47,"b":0.0,"ms":2.09,"wi":62.72,"ei":7.0,"as":1148.0,"mi":"E","mv":1546854,"sc":3,"lpe":97.5,"lpr":597.74,"lq":1.0,"d":2007074},{"pi":"15747","pc":"Продукты питания","ss":100000,"td":"Центр города","dc":1,"n":411.92,"vc":"236418","sl":"Элитный","sv":"5000","p":1000.0,"q":9.08,"b":0.0,"ms":0.32,"wi":62.72,"ei":7.0,"as":1148.0,"mi":"E","mv":1546854,"sc":3,"lpe":97.5,"lpr":597.74,"lq":1.0,"d":2007074},{"pi":"15747","pc":"Продукты питания","ss":6000,"td":"Центр города","dc":1,"n":140.71,"vc":"2829","sl":"Элитный","sv":"1250","p":400.0,"q":6.91,"b":0.0,"ms":0.08,"wi":62.72,"ei":7.0,"as":1148.0,"mi":"E","mv":1546854,"sc":3,"lpe":97.5,"lpr":597.74,"lq":1.0,"d":2007074},{"pi":"15747","pc":"Продукты питания","ss":6000,"td":"Центр города","dc":1,"n":153.88,"vc":"2653","sl":"Элитный","sv":"1250","p":330.0,"q":6.91,"b":0.0,"ms":0.14,"wi":56.61,"ei":7.0,"as":1036.07,"mi":"E","mv":896288,"sc":1,"lpe":99.86,"lpr":572.16,"lq":1.0,"d":1285176},{"pi":"15747","pc":"Продукты питания","ss":100000,"td":"Спальный район","dc":1,"n":322.74,"vc":"146082","sl":"Элитный","sv":"2500","p":200.0,"q":9.08,"b":0.0,"ms":0.03,"wi":22.52,"ei":5.34,"as":224.4,"mi":"E","mv":9325623,"sc":1,"lpe":99.97,"lpr":148.94,"lq":1.0,"d":13372198},{"pi":"15747","pc":"Продукты питания","ss":60000,"td":"Центр города","dc":1,"n":512.17,"vc":"191349","sl":"Очень высокий","sv":"4900","p":170.0,"q":9.86,"b":3.3,"ms":0.75,"wi":47.76,"ei":7.0,"as":1078.25,"mi":"E","mv":651109,"sc":2,"lpe":98.49,"lpr":505.2,"lq":1.0,"d":842600},{"pi":"15747","pc":"Продукты питания","ss":60000,"td":"Центр города","dc":1,"n":567.1,"vc":"314966","sl":"Очень высокий","sv":"4900","p":900.0,"q":9.86,"b":3.3,"ms":0.75,"wi":47.76,"ei":7.0,"as":1078.25,"mi":"E","mv":651109,"sc":2,"lpe":98.49,"lpr":505.2,"lq":1.0,"d":842600},{"pi":"15747","pc":"Продукты питания","ss":120000,"td":"Спальный район","dc":1,"n":128.19,"vc":"8627","sl":"Элитный","sv":"50000","p":700.0,"q":7.06,"b":0.0,"ms":3.06,"wi":58.91,"ei":7.0,"as":1299.6,"mi":"E","mv":1631602,"sc":5,"lpe":94.86,"lpr":501.1,"lq":1.0,"d":2111474},{"pi":"15747","pc":"Продукты питания","ss":100000,"td":"Пригород","dc":1,"n":387.54,"vc":"76144","sl":"Элитный","sv":"12663","p":300.0,"q":7.58,"b":2.52,"ms":0.78,"wi":58.91,"ei":7.0,"as":1299.6,"mi":"E","mv":1631602,"sc":5,"lpe":94.86,"lpr":501.1,"lq":1.0,"d":2111474},{"pi":"15747","pc":"Продукты питания","ss":100000,"td":"Центр города","dc":1,"n":408.5,"vc":"232866","sl":"Элитный","sv":"10000","p":500.0,"q":9.08,"b":0.0,"ms":0.61,"wi":58.91,"ei":7.0,"as":1299.6,"mi":"E","mv":1631602,"sc":5,"lpe":94.86,"lpr":501.1,"lq":1.0,"d":2111474},{"pi":"15747","pc":"Продукты питания","ss":100000,"td":"Фешенебельный район","dc":2,"n":596.47,"vc":"141929","sl":"Элитный","sv":"10000","p":760.0,"q":7.1,"b":0.0,"ms":0.61,"wi":58.91,"ei":7.0,"as":1299.6,"mi":"E","mv":1631602,"sc":5,"lpe":94.86,"lpr":501.1,"lq":1.0,"d":2111474},{"pi":"15747","pc":"Продукты питания","ss":6000,"td":"Центр города","dc":1,"n":139.05,"vc":"2846","sl":"Элитный","sv":"1250","p":350.0,"q":6.91,"b":0.0,"ms":0.08,"wi":58.91,"ei":7.0,"as":1299.6,"mi":"E","mv":1631602,"sc":5,"lpe":94.86,"lpr":501.1,"lq":1.0,"d":2111474},{"pi":"15747","pc":"Продукты питания","ss":30000,"td":"Центр города","dc":2,"n":321.34,"vc":"48516","sl":"Элитный","sv":"15000","p":700.0,"q":9.39,"b":0.61,"ms":0.22,"wi":79.78,"ei":9.46,"as":2502.0,"mi":"E","mv":6961044,"sc":4,"lpe":99.53,"lpr":599.28,"lq":1.0,"d":9185246},{"pi":"15747","pc":"Продукты питания","ss":10000,"td":"Спальный район","dc":2,"n":183.48,"vc":"9543","sl":"Элитный","sv":"10000","p":530.0,"q":8.12,"b":0.58,"ms":0.14,"wi":79.78,"ei":9.46,"as":2502.0,"mi":"E","mv":6961044,"sc":4,"lpe":99.53,"lpr":599.28,"lq":1.0,"d":9185246},{"pi":"15747","pc":"Продукты питания","ss":100000,"td":"Центр города","dc":1,"n":346.38,"vc":"214370","sl":"Элитный","sv":"6944","p":800.0,"q":9.18,"b":0.59,"ms":0.1,"wi":79.78,"ei":9.46,"as":2502.0,"mi":"E","mv":6961044,"sc":4,"lpe":99.53,"lpr":599.28,"lq":1.0,"d":9185246},{"pi":"15747","pc":"Продукты питания","ss":25000,"td":"Спальный район","dc":1,"n":476.87,"vc":"173158","sl":"Высокий","sv":"431","p":1300.0,"q":4.21,"b":0.0,"ms":0.01,"wi":79.78,"ei":9.46,"as":2502.0,"mi":"E","mv":6961044,"sc":4,"lpe":99.53,"lpr":599.28,"lq":1.0,"d":9185246},{"pi":"15747","pc":"Продукты питания","ss":1600,"td":"Фешенебельный район","dc":1,"n":509.17,"vc":"1694","sl":"Элитный","sv":"4500","p":550.0,"q":4.07,"b":0.0,"ms":1.77,"wi":61.17,"ei":7.54,"as":1230.25,"mi":"E","mv":254427,"sc":3,"lpe":96.95,"lpr":598.98,"lq":1.0,"d":384017},{"pi":"15747","pc":"Продукты питания","ss":10000,"td":"Центр города","dc":3,"n":392.37,"vc":"13089","sl":"Очень высокий","sv":"2000","p":630.0,"q":8.12,"b":2.99,"ms":0.79,"wi":61.17,"ei":7.54,"as":1230.25,"mi":"E","mv":254427,"sc":3,"lpe":96.95,"lpr":598.98,"lq":1.0,"d":384017},{"pi":"15747","pc":"Продукты питания","ss":10000,"td":"Центр города","dc":1,"n":253.3,"vc":"4680","sl":"Элитный","sv":"1250","p":450.0,"q":6.91,"b":0.0,"ms":0.49,"wi":61.17,"ei":7.54,"as":1230.25,"mi":"E","mv":254427,"sc":3,"lpe":96.95,"lpr":598.98,"lq":1.0,"d":384017},{"pi":"15747","pc":"Продукты питания","ss":100000,"td":"Центр города","dc":1,"n":418.65,"vc":"243706","sl":"Элитный","sv":"5000","p":450.0,"q":9.08,"b":0.0,"ms":0.36,"wi":65.52,"ei":7.0,"as":1059.0,"mi":"E","mv":1402766,"sc":1,"lpe":99.64,"lpr":589.23,"lq":1.0,"d":1819400},{"pi":"15747","pc":"Продукты питания","ss":5800,"td":"Центр города","dc":1,"n":482.11,"vc":"21972","sl":"Очень высокий","sv":"8155","p":340.0,"q":4.07,"b":0.0,"ms":1.34,"wi":47.83,"ei":6.0,"as":448.87,"mi":"E","mv":608442,"sc":1,"lpe":98.66,"lpr":370.31,"lq":1.0,"d":839450}]