[{"d":"03.04.2020","r":39.0,"q":1.0,"p":1500.0,"s":[{"cn":"Уборщицы из твоей комнаты","ui":"4803627","t":99.0,"r":39.0,"q":1.0,"p":1500.0,"mot":"U","mo":39.0},{"cn":"","ui":"","t":0.0,"r":0.0,"q":0.0,"p":0.0,"mot":"L","mo":0.0}]},{"d":"15.04.2020","r":62853.0,"q":17.27,"p":401.39,"s":[{"cn":"Hipel Limited","ui":"4763527","t":73442.0,"r":62707.0,"q":17.31,"p":400.0,"mot":"U","mo":62707.0},{"cn":"","ui":"","t":146.0,"r":146.0,"q":1.05,"p":1000.0,"mot":"L","mo":146.0}]},{"d":"16.04.2020","r":64764.0,"q":17.29,"p":400.82,"s":[{"cn":"Hipel Limited","ui":"4763527","t":76480.0,"r":64688.0,"q":17.31,"p":400.0,"mot":"U","mo":64688.0},{"cn":"","ui":"","t":106.0,"r":76.0,"q":1.04,"p":1094.84,"mot":"L","mo":76.0}]},{"d":"17.04.2020","r":44539.0,"q":17.29,"p":401.48,"s":[{"cn":"Hipel Limited","ui":"4763527","t":68656.0,"r":44489.0,"q":17.31,"p":400.0,"mot":"U","mo":44489.0},{"cn":"","ui":"","t":210.0,"r":50.0,"q":1.0,"p":1720.8,"mot":"L","mo":50.0}]},{"d":"20.04.2020","r":100.0,"q":1.0,"p":1270.3,"s":[{"cn":"Б1118-38.03.01вшэ(2)-кошки","ui":"4818569","t":695.0,"r":405.0,"q":1.0,"p":1270.3,"mot":"L","mo":100.0},{"cn":"","ui":"","t":0.0,"r":0.0,"q":0.0,"p":0.0,"mot":"L","mo":0.0}]},{"d":"27.04.2020","r":121.0,"q":2.09,"p":1840.62,"s":[{"cn":"team314_KosmoS","ui":"4835976","t":200.0,"r":95.0,"q":2.46,"p":2100.0,"mot":"L","mo":50.0},{"cn":"Б1118-38.03.01(2)_Ri€h ₽each","ui":"4834896","t":210.0,"r":37.0,"q":2.46,"p":1987.0,"mot":"L","mo":37.0},{"cn":"Б1118ВШЭ1_ZTK","ui":"4833528","t":474.0,"r":34.0,"q":1.16,"p":1299.9,"mot":"L","mo":34.0},{"cn":"","ui":"","t":0.0,"r":0.0,"q":0.0,"p":0.0,"mot":"L","mo":0.0}]},{"d":"28.04.2020","r":121.0,"q":1.7,"p":1755.75,"s":[{"cn":"team314_KosmoS","ui":"4835976","t":305.0,"r":117.0,"q":2.46,"p":2200.0,"mot":"L","mo":50.0},{"cn":"Б1118ВШЭ1_ZTK","ui":"4833528","t":488.0,"r":71.0,"q":1.16,"p":1442.9,"mot":"L","mo":71.0},{"cn":"","ui":"","t":0.0,"r":0.0,"q":0.0,"p":0.0,"mot":"L","mo":0.0}]},{"d":"29.04.2020","r":9981.0,"q":16.28,"p":478.88,"s":[{"cn":"Hipel Limited","ui":"4763527","t":20592.0,"r":9278.0,"q":17.32,"p":400.0,"mot":"U","mo":9278.0},{"cn":"","ui":"","t":1630.0,"r":703.0,"q":2.55,"p":1519.96,"mot":"L","mo":703.0}]},{"d":"30.04.2020","r":732.0,"q":2.47,"p":1706.77,"s":[{"cn":"Б1118-38.03.01-ВШЭ-кошшки","ui":"4834894","t":298.0,"r":115.0,"q":1.0,"p":2320.2,"mot":"U","mo":115.0},{"cn":"team314_KosmoS","ui":"4835976","t":340.0,"r":175.0,"q":2.46,"p":2200.0,"mot":"L","mo":50.0},{"cn":"Б1118-38.03.01(2)_Ri€h ₽each","ui":"4834896","t":450.0,"r":380.0,"q":10.27,"p":1987.0,"mot":"L","mo":100.0},{"cn":"Б1118ВШЭ1_ZTK","ui":"4833528","t":2959.0,"r":2825.0,"q":1.16,"p":1442.9,"mot":"L","mo":467.0},{"cn":"","ui":"","t":0.0,"r":0.0,"q":0.0,"p":0.0,"mot":"L","mo":0.0}]},{"d":"01.05.2020","r":617.0,"q":8.01,"p":2029.3,"s":[{"cn":"Б1118-38.03.01-ВШЭ-кошшки","ui":"4834894","t":413.0,"r":230.0,"q":1.0,"p":2120.2,"mot":"L","mo":100.0},{"cn":"team314_KosmoS","ui":"4835976","t":405.0,"r":299.0,"q":2.46,"p":2200.0,"mot":"L","mo":60.0},{"cn":"Б1118-38.03.01(2)_Ri€h ₽each","ui":"4834896","t":635.0,"r":457.0,"q":10.27,"p":1987.0,"mot":"L","mo":457.0},{"cn":"","ui":"","t":0.0,"r":0.0,"q":0.0,"p":0.0,"mot":"L","mo":0.0}]},{"d":"04.05.2020","r":80.0,"q":3.65,"p":2000.0,"s":[{"cn":"team314_KosmoS","ui":"4835976","t":784.0,"r":583.0,"q":3.65,"p":2000.0,"mot":"L","mo":80.0},{"cn":"","ui":"","t":0.0,"r":0.0,"q":0.0,"p":0.0,"mot":"L","mo":0.0}]},{"d":"05.05.2020","r":90.0,"q":3.79,"p":2222.22,"s":[{"cn":"au1417970 Финанс","ui":"4847133","t":10.0,"r":10.0,"q":3.77,"p":4000.0,"mot":"U","mo":10.0},{"cn":"team314_KosmoS","ui":"4835976","t":889.0,"r":393.0,"q":3.79,"p":2000.0,"mot":"L","mo":80.0},{"cn":"","ui":"","t":0.0,"r":0.0,"q":0.0,"p":0.0,"mot":"L","mo":0.0}]},{"d":"06.05.2020","r":631.0,"q":14.6,"p":1092.23,"s":[{"cn":"Hipel Limited","ui":"4763527","t":13975.0,"r":438.0,"q":17.32,"p":400.0,"mot":"U","mo":438.0},{"cn":"team314_KosmoS","ui":"4835976","t":667.0,"r":166.0,"q":3.94,"p":2000.0,"mot":"L","mo":80.0},{"cn":"Б1118-38.03.01(2)_Ri€h ₽each","ui":"4834896","t":98.0,"r":98.0,"q":12.77,"p":3000.0,"mot":"L","mo":98.0},{"cn":"","ui":"","t":20.0,"r":15.0,"q":3.84,"p":4000.0,"mot":"L","mo":15.0}]},{"d":"07.05.2020","r":191.0,"q":11.61,"p":2783.25,"s":[{"cn":"au1417970 Финанс","ui":"4847133","t":25.0,"r":25.0,"q":3.9,"p":4000.0,"mot":"U","mo":25.0},{"cn":"Б1118-38.03.01(2)_Ri€h ₽each","ui":"4834896","t":196.0,"r":166.0,"q":12.77,"p":2600.0,"mot":"L","mo":166.0},{"cn":"","ui":"","t":0.0,"r":0.0,"q":0.0,"p":0.0,"mot":"L","mo":0.0}]},{"d":"08.05.2020","r":1823.0,"q":9.42,"p":1421.5,"s":[{"cn":"Б1118-38.03.01(2)_Окуносима","ui":"4846186","t":1448.0,"r":698.0,"q":1.2,"p":899.0,"mot":"U","mo":698.0},{"cn":"B1118-38.03.01vshe`(2) - HUNTERS","ui":"4835196","t":651.0,"r":106.0,"q":7.56,"p":900.0,"mot":"U","mo":106.0},{"cn":"Б1118-38.03.01(2)_Ri€h ₽each","ui":"4834896","t":292.0,"r":292.0,"q":12.77,"p":2500.0,"mot":"L","mo":292.0},{"cn":"Б1118ВШЭ1_ZTK","ui":"4833528","t":3684.0,"r":692.0,"q":16.83,"p":1442.9,"mot":"L","mo":692.0},{"cn":"","ui":"","t":35.0,"r":35.0,"q":4.35,"p":4000.0,"mot":"L","mo":35.0}]},{"d":"11.05.2020","r":4706.0,"q":16.45,"p":1469.44,"s":[{"cn":"Б1118ВШЭ1_ZTK","ui":"4833528","t":8527.0,"r":4565.0,"q":16.85,"p":1442.9,"mot":"L","mo":4565.0},{"cn":"","ui":"","t":1101.0,"r":141.0,"q":3.45,"p":2328.54,"mot":"L","mo":141.0}]},{"d":"12.05.2020","r":6459.0,"q":16.65,"p":1469.9,"s":[{"cn":"Б1118ВШЭ1_ZTK","ui":"4833528","t":10484.0,"r":6442.0,"q":16.85,"p":1442.9,"mot":"L","mo":6352.0},{"cn":"","ui":"","t":1067.0,"r":107.0,"q":4.81,"p":3072.6,"mot":"L","mo":107.0}]},{"d":"13.05.2020","r":6437.0,"q":16.73,"p":1336.54,"s":[{"cn":"Б1118ВШЭ1_ZTK","ui":"4833528","t":12251.0,"r":8243.0,"q":16.86,"p":1300.9,"mot":"L","mo":6352.0},{"cn":"","ui":"","t":85.0,"r":85.0,"q":6.81,"p":4000.0,"mot":"L","mo":85.0}]},{"d":"14.05.2020","r":7014.0,"q":16.48,"p":1432.34,"s":[{"cn":"Б1118-38.03.01(2)_Ri€h ₽each","ui":"4834896","t":558.0,"r":558.0,"q":13.94,"p":2500.0,"mot":"L","mo":558.0},{"cn":"Б1118ВШЭ1_ZTK","ui":"4833528","t":14132.0,"r":8134.0,"q":16.86,"p":1300.9,"mot":"L","mo":6352.0},{"cn":"","ui":"","t":1082.0,"r":104.0,"q":6.66,"p":3731.64,"mot":"L","mo":104.0}]},{"d":"15.05.2020","r":7503.0,"q":15.95,"p":1468.99,"s":[{"cn":"Б1118-38.03.01-ВШЭ-кошшки","ui":"4834894","t":607.0,"r":595.0,"q":8.1,"p":2300.0,"mot":"U","mo":595.0},{"cn":"Б1118-38.03.01(2)_Ri€h ₽each","ui":"4834896","t":557.0,"r":556.0,"q":13.94,"p":2500.0,"mot":"L","mo":556.0},{"cn":"Б1118ВШЭ1_ZTK","ui":"4833528","t":14637.0,"r":12029.0,"q":16.86,"p":1300.9,"mot":"L","mo":6352.0},{"cn":"","ui":"","t":0.0,"r":0.0,"q":0.0,"p":0.0,"mot":"L","mo":0.0}]},{"d":"18.05.2020","r":9306.0,"q":14.39,"p":1648.04,"s":[{"cn":"Б1118-38.03.01-ВШЭ-кошшки","ui":"4834894","t":2358.0,"r":2346.0,"q":8.1,"p":2300.0,"mot":"U","mo":2346.0},{"cn":"Б1118-38.03.01(2)_Ri€h ₽each","ui":"4834896","t":554.0,"r":503.0,"q":13.94,"p":2500.0,"mot":"L","mo":503.0},{"cn":"Б1118ВШЭ1_ZTK","ui":"4833528","t":25894.0,"r":22632.0,"q":16.86,"p":1300.9,"mot":"L","mo":6352.0},{"cn":"","ui":"","t":105.0,"r":105.0,"q":7.47,"p":4000.0,"mot":"L","mo":105.0}]},{"d":"08.06.2020","r":86.0,"q":1.0,"p":1000.0,"s":[{"cn":"Lebedinaya Kompaniya","ui":"4876839","t":368.0,"r":86.0,"q":1.0,"p":1000.0,"mot":"L","mo":86.0},{"cn":"","ui":"","t":0.0,"r":0.0,"q":0.0,"p":0.0,"mot":"L","mo":0.0}]},{"d":"09.06.2020","r":124.0,"q":2.18,"p":1241.94,"s":[{"cn":"Vostochnaya legenda","ui":"4880874","t":100.0,"r":100.0,"q":2.46,"p":1300.0,"mot":"U","mo":100.0},{"cn":"Lebedinaya Kompaniya","ui":"4876839","t":336.0,"r":24.0,"q":1.0,"p":1000.0,"mot":"L","mo":24.0},{"cn":"","ui":"","t":0.0,"r":0.0,"q":0.0,"p":0.0,"mot":"L","mo":0.0}]},{"d":"11.06.2020","r":173.0,"q":2.66,"p":550.0,"s":[{"cn":"4 сезона","ui":"4879354","t":420.0,"r":173.0,"q":2.66,"p":550.0,"mot":"L","mo":173.0},{"cn":"","ui":"","t":0.0,"r":0.0,"q":0.0,"p":0.0,"mot":"L","mo":0.0}]},{"d":"12.06.2020","r":185.0,"q":2.59,"p":550.0,"s":[{"cn":"4 сезона","ui":"4879354","t":600.0,"r":185.0,"q":2.59,"p":550.0,"mot":"L","mo":185.0},{"cn":"","ui":"","t":0.0,"r":0.0,"q":0.0,"p":0.0,"mot":"L","mo":0.0}]},{"d":"01.07.2020","r":30.0,"q":1.0,"p":1200.0,"s":[{"cn":"Parfait","ui":"4900914","t":30.0,"r":30.0,"q":1.0,"p":1200.0,"mot":"U","mo":30.0},{"cn":"","ui":"","t":0.0,"r":0.0,"q":0.0,"p":0.0,"mot":"L","mo":0.0}]},{"d":"07.07.2020","r":17.0,"q":1.0,"p":1200.0,"s":[{"cn":"Parfait","ui":"4900914","t":34.0,"r":17.0,"q":1.0,"p":1200.0,"mot":"U","mo":17.0},{"cn":"","ui":"","t":0.0,"r":0.0,"q":0.0,"p":0.0,"mot":"L","mo":0.0}]},{"d":"08.07.2020","r":44.0,"q":1.0,"p":1200.0,"s":[{"cn":"Parfait","ui":"4900914","t":76.0,"r":44.0,"q":1.0,"p":1200.0,"mot":"U","mo":44.0},{"cn":"","ui":"","t":0.0,"r":0.0,"q":0.0,"p":0.0,"mot":"L","mo":0.0}]},{"d":"07.01.2021","r":4.592827E7,"q":93.07,"p":6691108.73,"s":[{"cn":"zvk91 Инвест","ui":"7606525","t":2305786.0,"r":2305786.0,"q":56.87,"p":1150000.0,"mot":"U","mo":2305786.0},{"cn":"zvk91 Инвест","ui":"6761254","t":1.0978272E7,"r":1.0978272E7,"q":96.34,"p":9000000.0,"mot":"U","mo":1.0978272E7},{"cn":"zvk91 Инвест","ui":"7584418","t":1.174096E7,"r":1.174096E7,"q":52.92,"p":1110000.0,"mot":"U","mo":1.174096E7},{"cn":"zvk91 Инвест","ui":"9489340","t":1.9271672E7,"r":1.9271672E7,"q":123.67,"p":1.0E7,"mot":"U","mo":1.9271672E7},{"cn":"","ui":"","t":1826569.0,"r":1631580.0,"q":49.65,"p":64821.08,"mot":"L","mo":1631580.0}]},{"d":"08.04.2022","r":4865.0,"q":76.33,"p":3333.0,"s":[{"cn":"All4You","ui":"5092154","t":4865.0,"r":4865.0,"q":76.33,"p":3333.0,"mot":"U","mo":4865.0},{"cn":"","ui":"","t":0.0,"r":0.0,"q":0.0,"p":0.0,"mot":"L","mo":0.0}]},{"d":"11.04.2022","r":4700.0,"q":76.33,"p":3333.0,"s":[{"cn":"All4You","ui":"5092154","t":4755.0,"r":4700.0,"q":76.33,"p":3333.0,"mot":"U","mo":4700.0},{"cn":"","ui":"","t":0.0,"r":0.0,"q":0.0,"p":0.0,"mot":"L","mo":0.0}]},{"d":"12.04.2022","r":4755.0,"q":76.33,"p":3333.0,"s":[{"cn":"All4You","ui":"5092154","t":4755.0,"r":4755.0,"q":76.33,"p":3333.0,"mot":"U","mo":4755.0},{"cn":"","ui":"","t":0.0,"r":0.0,"q":0.0,"p":0.0,"mot":"L","mo":0.0}]},{"d":"19.04.2022","r":4735.0,"q":76.33,"p":3333.0,"s":[{"cn":"All4You","ui":"5092154","t":4755.0,"r":4735.0,"q":76.33,"p":3333.0,"mot":"U","mo":4735.0},{"cn":"","ui":"","t":0.0,"r":0.0,"q":0.0,"p":0.0,"mot":"L","mo":0.0}]},{"d":"20.04.2022","r":4695.0,"q":76.33,"p":3333.0,"s":[{"cn":"All4You","ui":"5092154","t":4725.0,"r":4695.0,"q":76.33,"p":3333.0,"mot":"U","mo":4695.0},{"cn":"","ui":"","t":0.0,"r":0.0,"q":0.0,"p":0.0,"mot":"L","mo":0.0}]},{"d":"21.04.2022","r":4545.0,"q":76.33,"p":3333.0,"s":[{"cn":"All4You","ui":"5092154","t":4644.0,"r":4545.0,"q":76.33,"p":3333.0,"mot":"U","mo":4545.0},{"cn":"","ui":"","t":0.0,"r":0.0,"q":0.0,"p":0.0,"mot":"L","mo":0.0}]},{"d":"22.04.2022","r":2965.0,"q":76.33,"p":3333.0,"s":[{"cn":"All4You","ui":"5092154","t":4108.0,"r":2965.0,"q":76.33,"p":3333.0,"mot":"U","mo":2965.0},{"cn":"","ui":"","t":0.0,"r":0.0,"q":0.0,"p":0.0,"mot":"L","mo":0.0}]},{"d":"26.05.2022","r":383.0,"q":4.17,"p":3500.0,"s":[{"cn":"K\u0026amp;L Enterprise","ui":"5374946","t":995.0,"r":383.0,"q":4.17,"p":3500.0,"mot":"U","mo":383.0},{"cn":"","ui":"","t":0.0,"r":0.0,"q":0.0,"p":0.0,"mot":"L","mo":0.0}]},{"d":"02.08.2022","r":988.0,"q":96.48,"p":3333.0,"s":[{"cn":"All4You","ui":"5092154","t":1111.0,"r":988.0,"q":96.48,"p":3333.0,"mot":"U","mo":988.0},{"cn":"","ui":"","t":0.0,"r":0.0,"q":0.0,"p":0.0,"mot":"L","mo":0.0}]},{"d":"03.08.2022","r":1976.0,"q":96.45,"p":3333.0,"s":[{"cn":"All4You","ui":"5092154","t":2099.0,"r":1976.0,"q":96.45,"p":3333.0,"mot":"U","mo":1976.0},{"cn":"","ui":"","t":0.0,"r":0.0,"q":0.0,"p":0.0,"mot":"L","mo":0.0}]},{"d":"04.08.2022","r":2764.0,"q":96.42,"p":3333.0,"s":[{"cn":"All4You","ui":"5092154","t":2987.0,"r":2764.0,"q":96.42,"p":3333.0,"mot":"U","mo":2764.0},{"cn":"","ui":"","t":0.0,"r":0.0,"q":0.0,"p":0.0,"mot":"L","mo":0.0}]},{"d":"05.08.2022","r":3252.0,"q":96.39,"p":3333.0,"s":[{"cn":"All4You","ui":"5092154","t":3875.0,"r":3252.0,"q":96.39,"p":3333.0,"mot":"U","mo":3252.0},{"cn":"","ui":"","t":0.0,"r":0.0,"q":0.0,"p":0.0,"mot":"L","mo":0.0}]},{"d":"15.08.2022","r":15190.0,"q":95.97,"p":3333.0,"s":[{"cn":"All4You","ui":"5092154","t":19053.0,"r":15190.0,"q":95.97,"p":3333.0,"mot":"U","mo":15190.0},{"cn":"","ui":"","t":0.0,"r":0.0,"q":0.0,"p":0.0,"mot":"L","mo":0.0}]},{"d":"16.08.2022","r":12438.0,"q":95.96,"p":3333.0,"s":[{"cn":"All4You","ui":"5092154","t":16301.0,"r":12438.0,"q":95.96,"p":3333.0,"mot":"U","mo":12438.0},{"cn":"","ui":"","t":0.0,"r":0.0,"q":0.0,"p":0.0,"mot":"L","mo":0.0}]},{"d":"17.08.2022","r":9686.0,"q":95.95,"p":3333.0,"s":[{"cn":"All4You","ui":"5092154","t":13549.0,"r":9686.0,"q":95.95,"p":3333.0,"mot":"U","mo":9686.0},{"cn":"","ui":"","t":0.0,"r":0.0,"q":0.0,"p":0.0,"mot":"L","mo":0.0}]},{"d":"18.08.2022","r":6934.0,"q":95.94,"p":3333.0,"s":[{"cn":"All4You","ui":"5092154","t":10797.0,"r":6934.0,"q":95.94,"p":3333.0,"mot":"U","mo":6934.0},{"cn":"","ui":"","t":0.0,"r":0.0,"q":0.0,"p":0.0,"mot":"L","mo":0.0}]},{"d":"19.08.2022","r":4182.0,"q":95.94,"p":3333.0,"s":[{"cn":"All4You","ui":"5092154","t":8045.0,"r":4182.0,"q":95.94,"p":3333.0,"mot":"U","mo":4182.0},{"cn":"","ui":"","t":0.0,"r":0.0,"q":0.0,"p":0.0,"mot":"L","mo":0.0}]},{"d":"02.09.2022","r":19792.0,"q":93.59,"p":3333.0,"s":[{"cn":"All4You","ui":"5092154","t":23655.0,"r":19792.0,"q":93.59,"p":3333.0,"mot":"U","mo":19792.0},{"cn":"","ui":"","t":0.0,"r":0.0,"q":0.0,"p":0.0,"mot":"L","mo":0.0}]},{"d":"05.09.2022","r":11536.0,"q":94.14,"p":3333.0,"s":[{"cn":"All4You","ui":"5092154","t":15399.0,"r":11536.0,"q":94.14,"p":3333.0,"mot":"U","mo":11536.0},{"cn":"","ui":"","t":0.0,"r":0.0,"q":0.0,"p":0.0,"mot":"L","mo":0.0}]},{"d":"06.09.2022","r":8784.0,"q":94.38,"p":3333.0,"s":[{"cn":"All4You","ui":"5092154","t":12647.0,"r":8784.0,"q":94.38,"p":3333.0,"mot":"U","mo":8784.0},{"cn":"","ui":"","t":0.0,"r":0.0,"q":0.0,"p":0.0,"mot":"L","mo":0.0}]},{"d":"07.09.2022","r":6032.0,"q":94.67,"p":3333.0,"s":[{"cn":"All4You","ui":"5092154","t":9895.0,"r":6032.0,"q":94.67,"p":3333.0,"mot":"U","mo":6032.0},{"cn":"","ui":"","t":0.0,"r":0.0,"q":0.0,"p":0.0,"mot":"L","mo":0.0}]},{"d":"08.09.2022","r":3280.0,"q":95.02,"p":3333.0,"s":[{"cn":"All4You","ui":"5092154","t":7143.0,"r":3280.0,"q":95.02,"p":3333.0,"mot":"U","mo":3280.0},{"cn":"","ui":"","t":0.0,"r":0.0,"q":0.0,"p":0.0,"mot":"L","mo":0.0}]},{"d":"09.09.2022","r":528.0,"q":95.52,"p":3333.0,"s":[{"cn":"All4You","ui":"5092154","t":4391.0,"r":528.0,"q":95.52,"p":3333.0,"mot":"U","mo":528.0},{"cn":"","ui":"","t":0.0,"r":0.0,"q":0.0,"p":0.0,"mot":"L","mo":0.0}]},{"d":"20.09.2022","r":865.0,"q":96.85,"p":3333.0,"s":[{"cn":"All4You","ui":"5092154","t":988.0,"r":865.0,"q":96.85,"p":3333.0,"mot":"U","mo":865.0},{"cn":"","ui":"","t":0.0,"r":0.0,"q":0.0,"p":0.0,"mot":"L","mo":0.0}]},{"d":"21.09.2022","r":742.0,"q":96.85,"p":3333.0,"s":[{"cn":"All4You","ui":"5092154","t":865.0,"r":742.0,"q":96.85,"p":3333.0,"mot":"U","mo":742.0},{"cn":"","ui":"","t":0.0,"r":0.0,"q":0.0,"p":0.0,"mot":"L","mo":0.0}]},{"d":"22.09.2022","r":77759.0,"q":96.56,"p":3333.0,"s":[{"cn":"All4You","ui":"5092154","t":77882.0,"r":77759.0,"q":96.56,"p":3333.0,"mot":"U","mo":77759.0},{"cn":"","ui":"","t":0.0,"r":0.0,"q":0.0,"p":0.0,"mot":"L","mo":0.0}]},{"d":"23.09.2022","r":77636.0,"q":96.56,"p":3333.0,"s":[{"cn":"All4You","ui":"5092154","t":77759.0,"r":77636.0,"q":96.56,"p":3333.0,"mot":"U","mo":77636.0},{"cn":"","ui":"","t":0.0,"r":0.0,"q":0.0,"p":0.0,"mot":"L","mo":0.0}]},{"d":"26.09.2022","r":77267.0,"q":96.56,"p":3333.0,"s":[{"cn":"All4You","ui":"5092154","t":77390.0,"r":77267.0,"q":96.56,"p":3333.0,"mot":"U","mo":77267.0},{"cn":"","ui":"","t":0.0,"r":0.0,"q":0.0,"p":0.0,"mot":"L","mo":0.0}]},{"d":"27.09.2022","r":77144.0,"q":96.56,"p":3333.0,"s":[{"cn":"All4You","ui":"5092154","t":77267.0,"r":77144.0,"q":96.56,"p":3333.0,"mot":"U","mo":77144.0},{"cn":"","ui":"","t":0.0,"r":0.0,"q":0.0,"p":0.0,"mot":"L","mo":0.0}]},{"d":"28.09.2022","r":77021.0,"q":96.56,"p":3333.0,"s":[{"cn":"All4You","ui":"5092154","t":77144.0,"r":77021.0,"q":96.56,"p":3333.0,"mot":"U","mo":77021.0},{"cn":"","ui":"","t":0.0,"r":0.0,"q":0.0,"p":0.0,"mot":"L","mo":0.0}]},{"d":"29.09.2022","r":163251.0,"q":96.8,"p":3333.0,"s":[{"cn":"All4You","ui":"5092154","t":165374.0,"r":163251.0,"q":96.8,"p":3333.0,"mot":"U","mo":163251.0},{"cn":"","ui":"","t":0.0,"r":0.0,"q":0.0,"p":0.0,"mot":"L","mo":0.0}]},{"d":"30.09.2022","r":163252.0,"q":96.8,"p":3333.0,"s":[{"cn":"All4You","ui":"5092154","t":165375.0,"r":163252.0,"q":96.8,"p":3333.0,"mot":"U","mo":163252.0},{"cn":"","ui":"","t":0.0,"r":0.0,"q":0.0,"p":0.0,"mot":"L","mo":0.0}]}]