[{"d":"06.07.2018","r":72.0,"q":1.0,"p":332.67,"s":[{"cn":"Araned Trade","ui":"7823706","t":48.0,"r":48.0,"q":1.0,"p":199.0,"mot":"U","mo":48.0},{"cn":"CryptoPohmel Inc.","ui":"7822576","t":24.0,"r":24.0,"q":1.0,"p":600.0,"mot":"U","mo":24.0},{"cn":"","ui":"","t":0.0,"r":0.0,"q":0.0,"p":0.0,"mot":"L","mo":0.0}]},{"d":"09.07.2018","r":120.0,"q":1.0,"p":600.0,"s":[{"cn":"CryptoPohmel Inc.","ui":"7822576","t":120.0,"r":120.0,"q":1.0,"p":600.0,"mot":"U","mo":120.0},{"cn":"","ui":"","t":0.0,"r":0.0,"q":0.0,"p":0.0,"mot":"L","mo":0.0}]},{"d":"10.07.2018","r":100.0,"q":1.0,"p":600.0,"s":[{"cn":"CryptoPohmel Inc.","ui":"7822576","t":100.0,"r":100.0,"q":1.0,"p":600.0,"mot":"U","mo":100.0},{"cn":"","ui":"","t":0.0,"r":0.0,"q":0.0,"p":0.0,"mot":"L","mo":0.0}]},{"d":"11.07.2018","r":180.0,"q":1.0,"p":600.0,"s":[{"cn":"CryptoPohmel Inc.","ui":"7822576","t":180.0,"r":180.0,"q":1.0,"p":600.0,"mot":"U","mo":180.0},{"cn":"","ui":"","t":0.0,"r":0.0,"q":0.0,"p":0.0,"mot":"L","mo":0.0}]},{"d":"12.07.2018","r":260.0,"q":1.0,"p":600.0,"s":[{"cn":"CryptoPohmel Inc.","ui":"7822576","t":260.0,"r":260.0,"q":1.0,"p":600.0,"mot":"U","mo":260.0},{"cn":"","ui":"","t":0.0,"r":0.0,"q":0.0,"p":0.0,"mot":"L","mo":0.0}]},{"d":"13.07.2018","r":340.0,"q":1.0,"p":600.0,"s":[{"cn":"CryptoPohmel Inc.","ui":"7822576","t":340.0,"r":340.0,"q":1.0,"p":600.0,"mot":"U","mo":340.0},{"cn":"","ui":"","t":0.0,"r":0.0,"q":0.0,"p":0.0,"mot":"L","mo":0.0}]},{"d":"01.08.2018","r":2.0,"q":1.0,"p":424.9,"s":[{"cn":"BonssBilly.com","ui":"7826261","t":2.0,"r":2.0,"q":1.0,"p":424.9,"mot":"U","mo":2.0},{"cn":"","ui":"","t":0.0,"r":0.0,"q":0.0,"p":0.0,"mot":"L","mo":0.0}]},{"d":"06.08.2018","r":145.0,"q":1.0,"p":34676.41,"s":[{"cn":"Mary Limited Crypt","ui":"7833850","t":144.0,"r":144.0,"q":1.0,"p":195.0,"mot":"U","mo":144.0},{"cn":"","ui":"","t":1.0,"r":1.0,"q":1.0,"p":5000000.0,"mot":"L","mo":1.0}]},{"d":"07.08.2018","r":90.0,"q":1.0,"p":195.0,"s":[{"cn":"Mary Limited Crypt","ui":"7833850","t":90.0,"r":90.0,"q":1.0,"p":195.0,"mot":"U","mo":90.0},{"cn":"","ui":"","t":0.0,"r":0.0,"q":0.0,"p":0.0,"mot":"L","mo":0.0}]},{"d":"08.08.2018","r":137.0,"q":1.0,"p":195.0,"s":[{"cn":"Mary Limited Crypt","ui":"7833850","t":137.0,"r":137.0,"q":1.0,"p":195.0,"mot":"U","mo":137.0},{"cn":"","ui":"","t":0.0,"r":0.0,"q":0.0,"p":0.0,"mot":"L","mo":0.0}]},{"d":"09.08.2018","r":459.0,"q":2.71,"p":40000.0,"s":[{"cn":"Vzor88","ui":"7838493","t":459.0,"r":459.0,"q":2.71,"p":40000.0,"mot":"U","mo":459.0},{"cn":"","ui":"","t":0.0,"r":0.0,"q":0.0,"p":0.0,"mot":"L","mo":0.0}]},{"d":"10.08.2018","r":1703.0,"q":2.61,"p":17848.55,"s":[{"cn":"Vzor88","ui":"7838493","t":1518.0,"r":1518.0,"q":2.81,"p":20000.0,"mot":"U","mo":1518.0},{"cn":"Mary Limited Crypt","ui":"7833850","t":185.0,"r":185.0,"q":1.0,"p":195.0,"mot":"U","mo":185.0},{"cn":"","ui":"","t":0.0,"r":0.0,"q":0.0,"p":0.0,"mot":"L","mo":0.0}]},{"d":"13.08.2018","r":1391.0,"q":2.76,"p":14489.12,"s":[{"cn":"Vzor88","ui":"7838493","t":1041.0,"r":1041.0,"q":2.87,"p":15000.0,"mot":"U","mo":1041.0},{"cn":"pinuscz s.r.o","ui":"7822189","t":302.0,"r":302.0,"q":2.68,"p":15000.0,"mot":"U","mo":302.0},{"cn":"","ui":"","t":48.0,"r":48.0,"q":1.0,"p":195.0,"mot":"L","mo":48.0}]},{"d":"14.08.2018","r":1237.0,"q":2.77,"p":15000.0,"s":[{"cn":"Vzor88","ui":"7838493","t":784.0,"r":784.0,"q":2.83,"p":15000.0,"mot":"U","mo":784.0},{"cn":"pinuscz s.r.o","ui":"7822189","t":453.0,"r":453.0,"q":2.66,"p":15000.0,"mot":"U","mo":453.0},{"cn":"","ui":"","t":0.0,"r":0.0,"q":0.0,"p":0.0,"mot":"L","mo":0.0}]},{"d":"16.08.2018","r":4230.0,"q":2.6,"p":12749.5,"s":[{"cn":"Vzor88","ui":"7838493","t":2932.0,"r":2932.0,"q":2.94,"p":15000.0,"mot":"U","mo":2932.0},{"cn":"Jamania.in","ui":"7836268","t":600.0,"r":600.0,"q":1.0,"p":195.0,"mot":"U","mo":600.0},{"cn":"pinuscz s.r.o","ui":"7822189","t":655.0,"r":655.0,"q":2.65,"p":15000.0,"mot":"U","mo":655.0},{"cn":"","ui":"","t":43.0,"r":43.0,"q":1.0,"p":195.0,"mot":"L","mo":43.0}]},{"d":"17.08.2018","r":5008.0,"q":2.89,"p":15000.0,"s":[{"cn":"Vzor88","ui":"7838493","t":4202.0,"r":4202.0,"q":2.94,"p":15000.0,"mot":"U","mo":4202.0},{"cn":"pinuscz s.r.o","ui":"7822189","t":806.0,"r":806.0,"q":2.64,"p":15000.0,"mot":"U","mo":806.0},{"cn":"","ui":"","t":0.0,"r":0.0,"q":0.0,"p":0.0,"mot":"L","mo":0.0}]},{"d":"20.08.2018","r":5213.0,"q":2.6,"p":12691.16,"s":[{"cn":"zcorvus","ui":"7825432","t":816.0,"r":816.0,"q":1.13,"p":250.0,"mot":"U","mo":816.0},{"cn":"Vzor88","ui":"7838493","t":3138.0,"r":3138.0,"q":2.97,"p":15000.0,"mot":"U","mo":3138.0},{"cn":"pinuscz s.r.o","ui":"7822189","t":1259.0,"r":1259.0,"q":2.64,"p":15000.0,"mot":"U","mo":1259.0},{"cn":"","ui":"","t":0.0,"r":0.0,"q":0.0,"p":0.0,"mot":"L","mo":0.0}]},{"d":"21.08.2018","r":5811.0,"q":2.84,"p":13982.88,"s":[{"cn":"Providence Limited","ui":"7822925","t":330.0,"r":330.0,"q":1.0,"p":150.0,"mot":"U","mo":330.0},{"cn":"Vzor88","ui":"7838493","t":3970.0,"r":3970.0,"q":3.09,"p":15000.0,"mot":"U","mo":3970.0},{"cn":"pinuscz s.r.o","ui":"7822189","t":1410.0,"r":1410.0,"q":2.64,"p":15000.0,"mot":"U","mo":1410.0},{"cn":"","ui":"","t":101.0,"r":101.0,"q":1.63,"p":5000.0,"mot":"L","mo":101.0}]},{"d":"22.08.2018","r":5049.0,"q":3.06,"p":15000.0,"s":[{"cn":"Vzor88","ui":"7838493","t":3480.0,"r":3480.0,"q":3.22,"p":15000.0,"mot":"U","mo":3480.0},{"cn":"pinuscz s.r.o","ui":"7822189","t":1569.0,"r":1569.0,"q":2.72,"p":15000.0,"mot":"U","mo":1569.0},{"cn":"","ui":"","t":0.0,"r":0.0,"q":0.0,"p":0.0,"mot":"L","mo":0.0}]},{"d":"23.08.2018","r":102.0,"q":1.64,"p":24558.82,"s":[{"cn":"Mary Limited Crypt","ui":"7833850","t":101.0,"r":101.0,"q":1.65,"p":5000.0,"mot":"U","mo":101.0},{"cn":"","ui":"","t":1.0,"r":1.0,"q":1.0,"p":2000000.0,"mot":"L","mo":1.0}]},{"d":"24.08.2018","r":1155.0,"q":2.45,"p":469169.7,"s":[{"cn":"Vzor88","ui":"7838493","t":248.0,"r":248.0,"q":3.15,"p":25000.0,"mot":"U","mo":248.0},{"cn":"Matias Biz","ui":"7841342","t":230.0,"r":230.0,"q":1.0,"p":200.0,"mot":"U","mo":230.0},{"cn":"Shark\u0026Co","ui":"7829326","t":266.0,"r":266.0,"q":3.23,"p":2000000.0,"mot":"U","mo":266.0},{"cn":"Mary Limited Crypt","ui":"7833850","t":252.0,"r":252.0,"q":1.65,"p":5000.0,"mot":"U","mo":252.0},{"cn":"pinuscz s.r.o","ui":"7822189","t":159.0,"r":159.0,"q":3.42,"p":15000.0,"mot":"U","mo":159.0},{"cn":"","ui":"","t":0.0,"r":0.0,"q":0.0,"p":0.0,"mot":"L","mo":0.0}]},{"d":"27.08.2018","r":3659.0,"q":3.13,"p":587563.49,"s":[{"cn":"Vzor88","ui":"7838493","t":1648.0,"r":1648.0,"q":3.69,"p":13000.0,"mot":"U","mo":1648.0},{"cn":"Matias Biz","ui":"7841342","t":304.0,"r":304.0,"q":1.0,"p":200.0,"mot":"U","mo":304.0},{"cn":"Mary Limited Crypt","ui":"7833850","t":328.0,"r":328.0,"q":1.65,"p":5000.0,"mot":"U","mo":328.0},{"cn":"Shark\u0026Co","ui":"7829326","t":1061.0,"r":1061.0,"q":3.24,"p":2000000.0,"mot":"U","mo":1061.0},{"cn":"pinuscz s.r.o","ui":"7822189","t":318.0,"r":318.0,"q":3.42,"p":15000.0,"mot":"U","mo":318.0},{"cn":"","ui":"","t":0.0,"r":0.0,"q":0.0,"p":0.0,"mot":"L","mo":0.0}]},{"d":"28.08.2018","r":5488.0,"q":3.03,"p":490934.55,"s":[{"cn":"Vzor88","ui":"7838493","t":2554.0,"r":2554.0,"q":3.65,"p":13000.0,"mot":"U","mo":2554.0},{"cn":"Matias Biz","ui":"7841342","t":784.0,"r":784.0,"q":1.0,"p":200.0,"mot":"U","mo":784.0},{"cn":"Mary Limited Crypt","ui":"7833850","t":347.0,"r":347.0,"q":1.65,"p":5000.0,"mot":"U","mo":347.0},{"cn":"Shark\u0026Co","ui":"7829326","t":1326.0,"r":1326.0,"q":3.24,"p":2000000.0,"mot":"U","mo":1326.0},{"cn":"pinuscz s.r.o","ui":"7822189","t":477.0,"r":477.0,"q":3.42,"p":15000.0,"mot":"U","mo":477.0},{"cn":"","ui":"","t":0.0,"r":0.0,"q":0.0,"p":0.0,"mot":"L","mo":0.0}]},{"d":"29.08.2018","r":7850.0,"q":3.39,"p":415053.78,"s":[{"cn":"Vzor88","ui":"7838493","t":5110.0,"r":5110.0,"q":3.64,"p":13000.0,"mot":"U","mo":5110.0},{"cn":"Mary Limited Crypt","ui":"7833850","t":498.0,"r":498.0,"q":1.26,"p":400.0,"mot":"U","mo":498.0},{"cn":"Shark\u0026Co","ui":"7829326","t":1591.0,"r":1591.0,"q":3.24,"p":2000000.0,"mot":"U","mo":1591.0},{"cn":"pinuscz s.r.o","ui":"7822189","t":636.0,"r":636.0,"q":3.42,"p":15000.0,"mot":"U","mo":636.0},{"cn":"","ui":"","t":15.0,"r":15.0,"q":1.0,"p":200.0,"mot":"L","mo":15.0}]},{"d":"30.08.2018","r":12216.0,"q":3.15,"p":313001.49,"s":[{"cn":"LiSiTsin Ltd","ui":"7826705","t":1800.0,"r":1800.0,"q":1.0,"p":100.0,"mot":"U","mo":1800.0},{"cn":"Vzor88","ui":"7838493","t":7652.0,"r":7652.0,"q":3.63,"p":13000.0,"mot":"U","mo":7652.0},{"cn":"Shark\u0026Co","ui":"7829326","t":1856.0,"r":1856.0,"q":3.24,"p":2000000.0,"mot":"U","mo":1856.0},{"cn":"pinuscz s.r.o","ui":"7822189","t":795.0,"r":795.0,"q":3.42,"p":15000.0,"mot":"U","mo":795.0},{"cn":"","ui":"","t":113.0,"r":113.0,"q":1.36,"p":400.0,"mot":"L","mo":113.0}]},{"d":"31.08.2018","r":16378.0,"q":3.07,"p":268116.79,"s":[{"cn":"Vzor88","ui":"7838493","t":10181.0,"r":10181.0,"q":3.63,"p":13000.0,"mot":"U","mo":10181.0},{"cn":"LiSiTsin Ltd","ui":"7826705","t":1778.0,"r":1778.0,"q":1.0,"p":100.0,"mot":"U","mo":1778.0},{"cn":"Счастливый_Случай","ui":"7841011","t":1200.0,"r":1200.0,"q":1.0,"p":1500.0,"mot":"U","mo":1200.0},{"cn":"Shark\u0026Co","ui":"7829326","t":2121.0,"r":2121.0,"q":3.24,"p":2000000.0,"mot":"U","mo":2121.0},{"cn":"pinuscz s.r.o","ui":"7822189","t":954.0,"r":954.0,"q":3.42,"p":15000.0,"mot":"U","mo":954.0},{"cn":"","ui":"","t":144.0,"r":144.0,"q":1.56,"p":4000.0,"mot":"L","mo":144.0}]},{"d":"03.09.2018","r":22057.0,"q":3.54,"p":272564.22,"s":[{"cn":"Vzor88","ui":"7838493","t":17408.0,"r":17408.0,"q":3.63,"p":9000.0,"mot":"U","mo":17408.0},{"cn":"Shark\u0026Co","ui":"7829326","t":2916.0,"r":2916.0,"q":3.24,"p":2000000.0,"mot":"U","mo":2916.0},{"cn":"pinuscz s.r.o","ui":"7822189","t":1431.0,"r":1431.0,"q":3.42,"p":15000.0,"mot":"U","mo":1431.0},{"cn":"","ui":"","t":302.0,"r":302.0,"q":1.7,"p":6000.0,"mot":"L","mo":302.0}]},{"d":"04.09.2018","r":24218.0,"q":3.35,"p":270237.54,"s":[{"cn":"LiSiTsin Ltd","ui":"7826705","t":1708.0,"r":1708.0,"q":1.0,"p":100.0,"mot":"U","mo":1708.0},{"cn":"Vzor88","ui":"7838493","t":17386.0,"r":17386.0,"q":3.63,"p":9000.0,"mot":"U","mo":17386.0},{"cn":"Shark\u0026Co","ui":"7829326","t":3181.0,"r":3181.0,"q":3.24,"p":2000000.0,"mot":"U","mo":3181.0},{"cn":"pinuscz s.r.o","ui":"7822189","t":1590.0,"r":1590.0,"q":3.42,"p":15000.0,"mot":"U","mo":1590.0},{"cn":"","ui":"","t":353.0,"r":353.0,"q":1.7,"p":6000.0,"mot":"L","mo":353.0}]},{"d":"05.09.2018","r":25240.0,"q":3.46,"p":280494.02,"s":[{"cn":"Vzor88","ui":"7838493","t":20515.0,"r":20515.0,"q":3.63,"p":9000.0,"mot":"U","mo":20515.0},{"cn":"Shark\u0026Co","ui":"7829326","t":3446.0,"r":3446.0,"q":3.24,"p":2000000.0,"mot":"U","mo":3446.0},{"cn":"","ui":"","t":1279.0,"r":1279.0,"q":1.26,"p":2372.17,"mot":"L","mo":1279.0}]},{"d":"06.09.2018","r":28090.0,"q":3.54,"p":271968.92,"s":[{"cn":"Vzor88","ui":"7838493","t":23663.0,"r":23663.0,"q":3.63,"p":9000.0,"mot":"U","mo":23663.0},{"cn":"Shark\u0026Co","ui":"7829326","t":3711.0,"r":3711.0,"q":3.24,"p":2000000.0,"mot":"U","mo":3711.0},{"cn":"","ui":"","t":716.0,"r":716.0,"q":1.93,"p":6480.45,"mot":"L","mo":716.0}]},{"d":"07.09.2018","r":36468.0,"q":3.36,"p":225410.8,"s":[{"cn":"Umbrella Corp.","ui":"7828524","t":2479.0,"r":2479.0,"q":3.2,"p":8000.0,"mot":"U","mo":2479.0},{"cn":"Vzor88","ui":"7838493","t":26858.0,"r":26858.0,"q":3.63,"p":9000.0,"mot":"U","mo":26858.0},{"cn":"Shark\u0026Co","ui":"7829326","t":3976.0,"r":3976.0,"q":3.24,"p":2000000.0,"mot":"U","mo":3976.0},{"cn":"","ui":"","t":3155.0,"r":3155.0,"q":1.31,"p":2132.14,"mot":"L","mo":3155.0}]},{"d":"10.09.2018","r":40647.0,"q":3.53,"p":242411.17,"s":[{"cn":"Umbrella Corp.","ui":"7828524","t":2287.0,"r":2287.0,"q":3.2,"p":8000.0,"mot":"U","mo":2287.0},{"cn":"Vzor88","ui":"7838493","t":31421.0,"r":31421.0,"q":3.72,"p":9000.0,"mot":"U","mo":31421.0},{"cn":"Shark\u0026Co","ui":"7829326","t":4771.0,"r":4771.0,"q":3.26,"p":2000000.0,"mot":"U","mo":4771.0},{"cn":"","ui":"","t":2168.0,"r":2168.0,"q":1.73,"p":4705.58,"mot":"L","mo":2168.0}]},{"d":"12.09.2018","r":47249.0,"q":3.64,"p":232098.97,"s":[{"cn":"Vzor88","ui":"7838493","t":39340.0,"r":39340.0,"q":3.83,"p":9000.0,"mot":"U","mo":39340.0},{"cn":"Shark\u0026Co","ui":"7829326","t":5301.0,"r":5301.0,"q":3.27,"p":2000000.0,"mot":"U","mo":5301.0},{"cn":"","ui":"","t":2608.0,"r":2608.0,"q":1.59,"p":3981.6,"mot":"L","mo":2608.0}]},{"d":"13.09.2018","r":60889.0,"q":3.6,"p":190479.0,"s":[{"cn":"Umbrella Corp.","ui":"7828524","t":7742.0,"r":7742.0,"q":3.2,"p":8000.0,"mot":"U","mo":7742.0},{"cn":"Vzor88","ui":"7838493","t":43697.0,"r":43697.0,"q":3.88,"p":9000.0,"mot":"U","mo":43697.0},{"cn":"Shark\u0026Co","ui":"7829326","t":5566.0,"r":5566.0,"q":3.28,"p":2000000.0,"mot":"U","mo":5566.0},{"cn":"","ui":"","t":3884.0,"r":3884.0,"q":1.71,"p":2797.79,"mot":"L","mo":3884.0}]},{"d":"14.09.2018","r":64562.0,"q":3.71,"p":188202.69,"s":[{"cn":"Umbrella Corp.","ui":"7828524","t":6942.0,"r":6942.0,"q":3.2,"p":3500.0,"mot":"U","mo":6942.0},{"cn":"Vzor88","ui":"7838493","t":47454.0,"r":47454.0,"q":3.91,"p":9000.0,"mot":"U","mo":47454.0},{"cn":"Shark\u0026Co","ui":"7829326","t":5830.0,"r":5830.0,"q":3.28,"p":2000000.0,"mot":"U","mo":5830.0},{"cn":"","ui":"","t":4336.0,"r":4336.0,"q":2.86,"p":9077.26,"mot":"L","mo":4336.0}]},{"d":"17.09.2018","r":75201.0,"q":3.54,"p":180351.98,"s":[{"cn":"Umbrella Corp.","ui":"7828524","t":10986.0,"r":10986.0,"q":3.2,"p":3500.0,"mot":"U","mo":10986.0},{"cn":"Vzor88","ui":"7838493","t":47686.0,"r":47686.0,"q":3.99,"p":5000.0,"mot":"U","mo":47686.0},{"cn":"Shark\u0026Co","ui":"7829326","t":6621.0,"r":6621.0,"q":3.29,"p":2000000.0,"mot":"U","mo":6621.0},{"cn":"Mary Limited Crypt","ui":"7833850","t":4393.0,"r":4393.0,"q":1.6,"p":2000.0,"mot":"U","mo":4393.0},{"cn":"","ui":"","t":5515.0,"r":5515.0,"q":2.13,"p":6343.16,"mot":"L","mo":5515.0}]},{"d":"18.09.2018","r":76904.0,"q":3.67,"p":183495.54,"s":[{"cn":"Umbrella Corp.","ui":"7828524","t":10676.0,"r":10676.0,"q":3.2,"p":3500.0,"mot":"U","mo":10676.0},{"cn":"Vzor88","ui":"7838493","t":52132.0,"r":52132.0,"q":4.01,"p":5000.0,"mot":"U","mo":52132.0},{"cn":"Mary Limited Crypt","ui":"7833850","t":4595.0,"r":4595.0,"q":1.67,"p":2000.0,"mot":"U","mo":4595.0},{"cn":"Shark\u0026Co","ui":"7829326","t":6884.0,"r":6884.0,"q":3.29,"p":2000000.0,"mot":"U","mo":6884.0},{"cn":"","ui":"","t":2617.0,"r":2617.0,"q":3.46,"p":13880.4,"mot":"L","mo":2617.0}]},{"d":"19.09.2018","r":71684.0,"q":3.78,"p":204101.98,"s":[{"cn":"Vzor88","ui":"7838493","t":56741.0,"r":56741.0,"q":4.03,"p":5000.0,"mot":"U","mo":56741.0},{"cn":"Shark\u0026Co","ui":"7829326","t":7149.0,"r":7149.0,"q":3.29,"p":2000000.0,"mot":"U","mo":7149.0},{"cn":"Mary Limited Crypt","ui":"7833850","t":4634.0,"r":4634.0,"q":1.73,"p":2000.0,"mot":"U","mo":4634.0},{"cn":"","ui":"","t":3160.0,"r":3160.0,"q":3.48,"p":12618.2,"mot":"L","mo":3160.0}]},{"d":"20.09.2018","r":78241.0,"q":3.77,"p":194100.8,"s":[{"cn":"Vzor88","ui":"7838493","t":61350.0,"r":61350.0,"q":4.05,"p":5000.0,"mot":"U","mo":61350.0},{"cn":"Shark\u0026Co","ui":"7829326","t":7414.0,"r":7414.0,"q":3.29,"p":2000000.0,"mot":"U","mo":7414.0},{"cn":"Mary Limited Crypt","ui":"7833850","t":4692.0,"r":4692.0,"q":1.78,"p":2000.0,"mot":"U","mo":4692.0},{"cn":"","ui":"","t":4785.0,"r":4785.0,"q":2.92,"p":8883.26,"mot":"L","mo":4785.0}]},{"d":"21.09.2018","r":86030.0,"q":3.72,"p":183013.97,"s":[{"cn":"Vzor88","ui":"7838493","t":65959.0,"r":65959.0,"q":4.06,"p":5000.0,"mot":"U","mo":65959.0},{"cn":"Shark\u0026Co","ui":"7829326","t":7679.0,"r":7679.0,"q":3.29,"p":2000000.0,"mot":"U","mo":7679.0},{"cn":"Mary Limited Crypt","ui":"7833850","t":4894.0,"r":4894.0,"q":1.83,"p":2000.0,"mot":"U","mo":4894.0},{"cn":"","ui":"","t":7498.0,"r":7498.0,"q":2.4,"p":6282.82,"mot":"L","mo":7498.0}]},{"d":"24.09.2018","r":105627.0,"q":3.82,"p":164896.32,"s":[{"cn":"Vzor88","ui":"7838493","t":79786.0,"r":79786.0,"q":4.1,"p":5000.0,"mot":"U","mo":79786.0},{"cn":"Shark\u0026Co","ui":"7829326","t":8468.0,"r":8468.0,"q":3.31,"p":2000000.0,"mot":"U","mo":8468.0},{"cn":"Mary Limited Crypt","ui":"7833850","t":5487.0,"r":5487.0,"q":1.98,"p":2000.0,"mot":"U","mo":5487.0},{"cn":"","ui":"","t":11886.0,"r":11886.0,"q":3.13,"p":6023.89,"mot":"L","mo":11886.0}]},{"d":"25.09.2018","r":100323.0,"q":3.82,"p":178586.2,"s":[{"cn":"Vzor88","ui":"7838493","t":75776.0,"r":75776.0,"q":4.11,"p":5000.0,"mot":"U","mo":75776.0},{"cn":"Mary Limited Crypt","ui":"7833850","t":5693.0,"r":5693.0,"q":2.02,"p":2000.0,"mot":"U","mo":5693.0},{"cn":"Shark\u0026Co","ui":"7829326","t":8727.0,"r":8727.0,"q":3.32,"p":2000000.0,"mot":"U","mo":8727.0},{"cn":"","ui":"","t":10127.0,"r":10127.0,"q":3.06,"p":7113.39,"mot":"L","mo":10127.0}]},{"d":"26.09.2018","r":102091.0,"q":3.84,"p":180591.26,"s":[{"cn":"Vzor88","ui":"7838493","t":80385.0,"r":80385.0,"q":4.12,"p":5000.0,"mot":"U","mo":80385.0},{"cn":"Mary Limited Crypt","ui":"7833850","t":5905.0,"r":5905.0,"q":2.06,"p":800.0,"mot":"U","mo":5905.0},{"cn":"Shark\u0026Co","ui":"7829326","t":8986.0,"r":8986.0,"q":3.33,"p":2000000.0,"mot":"U","mo":8986.0},{"cn":"","ui":"","t":6815.0,"r":6815.0,"q":2.7,"p":8524.31,"mot":"L","mo":6815.0}]},{"d":"28.09.2018","r":120082.0,"q":3.81,"p":158463.5,"s":[{"cn":"Umbrella Corp.","ui":"7828524","t":15483.0,"r":15483.0,"q":3.2,"p":3500.0,"mot":"U","mo":15483.0},{"cn":"Vzor88","ui":"7838493","t":83793.0,"r":83793.0,"q":4.13,"p":5000.0,"mot":"U","mo":83793.0},{"cn":"Mary Limited Crypt","ui":"7833850","t":6117.0,"r":6117.0,"q":2.1,"p":800.0,"mot":"U","mo":6117.0},{"cn":"Shark\u0026Co","ui":"7829326","t":9245.0,"r":9245.0,"q":3.33,"p":2000000.0,"mot":"U","mo":9245.0},{"cn":"","ui":"","t":5444.0,"r":5444.0,"q":3.38,"p":11125.11,"mot":"L","mo":5444.0}]},{"d":"01.02.2019","r":1443413.0,"q":5.13,"p":2074.85,"s":[{"cn":"Mary Limited Crypt","ui":"7850729","t":96994.0,"r":96994.0,"q":5.59,"p":500.0,"mot":"U","mo":96994.0},{"cn":"Vzor88","ui":"7838493","t":501418.0,"r":501418.0,"q":3.55,"p":5000.0,"mot":"U","mo":501418.0},{"cn":"Matias Biz","ui":"7841342","t":225757.0,"r":225757.0,"q":2.22,"p":300.0,"mot":"U","mo":225757.0},{"cn":"Umbrella Corp.","ui":"7828524","t":131637.0,"r":131637.0,"q":8.56,"p":300.0,"mot":"U","mo":131637.0},{"cn":"АО «Monkk»","ui":"7851994","t":311803.0,"r":311803.0,"q":8.55,"p":900.0,"mot":"U","mo":311803.0},{"cn":"","ui":"","t":175804.0,"r":175804.0,"q":4.48,"p":292.58,"mot":"L","mo":175804.0}]},{"d":"04.02.2019","r":1280578.0,"q":4.81,"p":2336.66,"s":[{"cn":"Mary Limited Crypt","ui":"7850729","t":100452.0,"r":100452.0,"q":5.62,"p":500.0,"mot":"U","mo":100452.0},{"cn":"Vzor88","ui":"7838493","t":507109.0,"r":507109.0,"q":3.53,"p":5000.0,"mot":"U","mo":507109.0},{"cn":"Matias Biz","ui":"7841342","t":232201.0,"r":232201.0,"q":2.22,"p":300.0,"mot":"U","mo":232201.0},{"cn":"АО «Monkk»","ui":"7851994","t":318187.0,"r":318187.0,"q":8.51,"p":900.0,"mot":"U","mo":318187.0},{"cn":"","ui":"","t":122629.0,"r":122629.0,"q":4.77,"p":411.58,"mot":"L","mo":122629.0}]},{"d":"05.02.2019","r":1322094.0,"q":4.8,"p":2272.51,"s":[{"cn":"Mary Limited Crypt","ui":"7850729","t":101556.0,"r":101556.0,"q":5.62,"p":500.0,"mot":"U","mo":101556.0},{"cn":"Vzor88","ui":"7838493","t":508944.0,"r":508944.0,"q":3.53,"p":5000.0,"mot":"U","mo":508944.0},{"cn":"Matias Biz","ui":"7841342","t":234321.0,"r":234321.0,"q":2.22,"p":300.0,"mot":"U","mo":234321.0},{"cn":"АО «Monkk»","ui":"7851994","t":320315.0,"r":320315.0,"q":8.49,"p":900.0,"mot":"U","mo":320315.0},{"cn":"","ui":"","t":156958.0,"r":156958.0,"q":4.73,"p":321.04,"mot":"L","mo":156958.0}]},{"d":"06.02.2019","r":1311487.0,"q":4.8,"p":2299.1,"s":[{"cn":"Mary Limited Crypt","ui":"7850729","t":102722.0,"r":102722.0,"q":5.63,"p":500.0,"mot":"U","mo":102722.0},{"cn":"Vzor88","ui":"7838493","t":510745.0,"r":510745.0,"q":3.52,"p":5000.0,"mot":"U","mo":510745.0},{"cn":"Matias Biz","ui":"7841342","t":236431.0,"r":236431.0,"q":2.22,"p":300.0,"mot":"U","mo":236431.0},{"cn":"АО «Monkk»","ui":"7851994","t":322549.0,"r":322549.0,"q":8.48,"p":900.0,"mot":"U","mo":322549.0},{"cn":"","ui":"","t":139040.0,"r":139040.0,"q":4.78,"p":351.95,"mot":"L","mo":139040.0}]},{"d":"07.02.2019","r":1306390.0,"q":4.8,"p":2318.13,"s":[{"cn":"Mary Limited Crypt","ui":"7850729","t":103874.0,"r":103874.0,"q":5.64,"p":500.0,"mot":"U","mo":103874.0},{"cn":"Vzor88","ui":"7838493","t":512521.0,"r":512521.0,"q":3.52,"p":5000.0,"mot":"U","mo":512521.0},{"cn":"Matias Biz","ui":"7841342","t":238526.0,"r":238526.0,"q":2.22,"p":300.0,"mot":"U","mo":238526.0},{"cn":"АО «Monkk»","ui":"7851994","t":324783.0,"r":324783.0,"q":8.47,"p":900.0,"mot":"U","mo":324783.0},{"cn":"","ui":"","t":126686.0,"r":126686.0,"q":4.78,"p":394.48,"mot":"L","mo":126686.0}]},{"d":"08.02.2019","r":1597197.0,"q":5.06,"p":19695.83,"s":[{"cn":"Mary Limited Crypt","ui":"7850729","t":105140.0,"r":105140.0,"q":5.65,"p":500.0,"mot":"U","mo":105140.0},{"cn":"Umbrella Corp.","ui":"7828524","t":126637.0,"r":126637.0,"q":8.56,"p":300.0,"mot":"U","mo":126637.0},{"cn":"Vzor88","ui":"7838493","t":514263.0,"r":514263.0,"q":3.52,"p":5000.0,"mot":"U","mo":514263.0},{"cn":"Matias Biz","ui":"7841342","t":240607.0,"r":240607.0,"q":2.22,"p":300.0,"mot":"U","mo":240607.0},{"cn":"АО «Monkk»","ui":"7851994","t":327017.0,"r":327017.0,"q":8.45,"p":900.0,"mot":"U","mo":327017.0},{"cn":"","ui":"","t":283533.0,"r":283533.0,"q":4.56,"p":100269.61,"mot":"L","mo":283533.0}]}]