[{"d":"11.01.2022","r":53491.0,"q":1.8,"p":979999.0,"s":[{"cn":"Mufatorr Ltd.","ui":"6733524","t":53491.0,"r":53491.0,"q":1.8,"p":979999.0,"mot":"U","mo":53491.0},{"cn":"","ui":"","t":0.0,"r":0.0,"q":0.0,"p":0.0,"mot":"L","mo":0.0}]},{"d":"12.01.2022","r":80196.0,"q":1.8,"p":979999.0,"s":[{"cn":"Mufatorr Ltd.","ui":"6733524","t":80196.0,"r":80196.0,"q":1.8,"p":979999.0,"mot":"U","mo":80196.0},{"cn":"","ui":"","t":0.0,"r":0.0,"q":0.0,"p":0.0,"mot":"L","mo":0.0}]},{"d":"13.01.2022","r":26549.0,"q":1.8,"p":979999.0,"s":[{"cn":"Mufatorr Ltd.","ui":"6733524","t":26679.0,"r":26549.0,"q":1.8,"p":979999.0,"mot":"U","mo":26549.0},{"cn":"","ui":"","t":0.0,"r":0.0,"q":0.0,"p":0.0,"mot":"L","mo":0.0}]},{"d":"17.01.2022","r":45243.0,"q":1.8,"p":3543622.1,"s":[{"cn":"Mufatorr Ltd.","ui":"6682294","t":3250.0,"r":3250.0,"q":1.8,"p":8979999.0,"mot":"U","mo":3250.0},{"cn":"Mufatorr Ltd.","ui":"6733524","t":39994.0,"r":39993.0,"q":1.8,"p":2979999.0,"mot":"U","mo":39993.0},{"cn":"","ui":"","t":2000.0,"r":2000.0,"q":1.8,"p":5979999.0,"mot":"L","mo":2000.0}]},{"d":"18.01.2022","r":39992.0,"q":1.8,"p":1979999.0,"s":[{"cn":"Mufatorr Ltd.","ui":"6733524","t":39993.0,"r":39992.0,"q":1.8,"p":1979999.0,"mot":"U","mo":39992.0},{"cn":"","ui":"","t":0.0,"r":0.0,"q":0.0,"p":0.0,"mot":"L","mo":0.0}]},{"d":"19.01.2022","r":45732.0,"q":1.8,"p":2138531.32,"s":[{"cn":"Mufatorr Ltd.","ui":"6682294","t":3250.0,"r":3250.0,"q":1.8,"p":2979999.0,"mot":"U","mo":3250.0},{"cn":"Mufatorr Ltd.","ui":"6733524","t":40483.0,"r":40482.0,"q":1.8,"p":1979999.0,"mot":"U","mo":40482.0},{"cn":"","ui":"","t":2000.0,"r":2000.0,"q":1.8,"p":3979999.0,"mot":"L","mo":2000.0}]},{"d":"20.01.2022","r":5246.0,"q":1.8,"p":2289568.2,"s":[{"cn":"Mufatorr Ltd.","ui":"6682294","t":3249.0,"r":3248.0,"q":1.8,"p":2479999.0,"mot":"U","mo":3248.0},{"cn":"Mufatorr Ltd.","ui":"6813838","t":1999.0,"r":1998.0,"q":1.8,"p":1979999.0,"mot":"U","mo":1998.0},{"cn":"","ui":"","t":0.0,"r":0.0,"q":0.0,"p":0.0,"mot":"L","mo":0.0}]},{"d":"17.02.2022","r":5315163.0,"q":1.35,"p":5109459.74,"s":[{"cn":"Grem88 Финанс","ui":"6889837","t":5000000.0,"r":4999998.0,"q":1.24,"p":5000000.0,"mot":"U","mo":4999998.0},{"cn":"","ui":"","t":315175.0,"r":315165.0,"q":3.14,"p":6846005.59,"mot":"L","mo":315165.0}]},{"d":"18.02.2022","r":5375149.0,"q":1.37,"p":5059090.63,"s":[{"cn":"Grem88 Финанс","ui":"6889837","t":4999998.0,"r":4999996.0,"q":1.24,"p":5000000.0,"mot":"U","mo":4999996.0},{"cn":"","ui":"","t":375165.0,"r":375153.0,"q":3.1,"p":5846643.72,"mot":"L","mo":375153.0}]},{"d":"21.02.2022","r":555102.0,"q":3.03,"p":3847734.06,"s":[{"cn":"Mufatorr Ltd.","ui":"6682294","t":176664.0,"r":176663.0,"q":3.04,"p":3950000.0,"mot":"U","mo":176663.0},{"cn":"Mufatorr Ltd.","ui":"6813838","t":178538.0,"r":178538.0,"q":3.02,"p":3799999.0,"mot":"U","mo":178538.0},{"cn":"Mufatorr Ltd.","ui":"6733524","t":199921.0,"r":199901.0,"q":3.04,"p":3799990.0,"mot":"U","mo":199901.0},{"cn":"","ui":"","t":0.0,"r":0.0,"q":0.0,"p":0.0,"mot":"L","mo":0.0}]},{"d":"22.02.2022","r":615075.0,"q":3.02,"p":2847956.6,"s":[{"cn":"Mufatorr Ltd.","ui":"6682294","t":196663.0,"r":196662.0,"q":3.03,"p":2950000.0,"mot":"U","mo":196662.0},{"cn":"Mufatorr Ltd.","ui":"6813838","t":198538.0,"r":198536.0,"q":3.01,"p":2799999.0,"mot":"U","mo":198536.0},{"cn":"Mufatorr Ltd.","ui":"6733524","t":219901.0,"r":219877.0,"q":3.03,"p":2799990.0,"mot":"U","mo":219877.0},{"cn":"","ui":"","t":0.0,"r":0.0,"q":0.0,"p":0.0,"mot":"L","mo":0.0}]},{"d":"23.02.2022","r":675074.0,"q":3.01,"p":2848137.96,"s":[{"cn":"Mufatorr Ltd.","ui":"6682294","t":216662.0,"r":216662.0,"q":3.02,"p":2950000.0,"mot":"U","mo":216662.0},{"cn":"Mufatorr Ltd.","ui":"6813838","t":218536.0,"r":218536.0,"q":3.0,"p":2799999.0,"mot":"U","mo":218536.0},{"cn":"Mufatorr Ltd.","ui":"6733524","t":239877.0,"r":239876.0,"q":3.02,"p":2799990.0,"mot":"U","mo":239876.0},{"cn":"","ui":"","t":0.0,"r":0.0,"q":0.0,"p":0.0,"mot":"L","mo":0.0}]},{"d":"24.02.2022","r":2735073.0,"q":1.54,"p":1496742.82,"s":[{"cn":"Mufatorr Ltd.","ui":"6682294","t":236662.0,"r":236662.0,"q":3.01,"p":2950000.0,"mot":"U","mo":236662.0},{"cn":" R. Ltd.","ui":"6908969","t":1000000.0,"r":1000000.0,"q":1.0,"p":1000000.0,"mot":"U","mo":1000000.0},{"cn":"Mufatorr Ltd.","ui":"6813838","t":238536.0,"r":238536.0,"q":3.0,"p":2799999.0,"mot":"U","mo":238536.0},{"cn":"Mufatorr Ltd.","ui":"6733524","t":259876.0,"r":259875.0,"q":3.02,"p":2799990.0,"mot":"U","mo":259875.0},{"cn":"\u0026quot;DuS\u0026quot;","ui":"6907437","t":1000000.0,"r":1000000.0,"q":1.0,"p":1000000.0,"mot":"U","mo":1000000.0},{"cn":"","ui":"","t":0.0,"r":0.0,"q":0.0,"p":0.0,"mot":"L","mo":0.0}]},{"d":"25.02.2022","r":2335198.0,"q":1.46,"p":1201548.43,"s":[{"cn":"Mufatorr Ltd.","ui":"6682294","t":256662.0,"r":256662.0,"q":3.0,"p":1950000.0,"mot":"U","mo":256662.0},{"cn":" R. Ltd.","ui":"6908969","t":1000000.0,"r":900000.0,"q":1.0,"p":1000000.0,"mot":"U","mo":900000.0},{"cn":"Mufatorr Ltd.","ui":"6813838","t":258536.0,"r":258536.0,"q":2.99,"p":1799999.0,"mot":"U","mo":258536.0},{"cn":"\u0026quot;DuS\u0026quot;","ui":"6907437","t":1000000.0,"r":900000.0,"q":1.0,"p":1000000.0,"mot":"U","mo":900000.0},{"cn":"","ui":"","t":20000.0,"r":20000.0,"q":2.93,"p":1999902.0,"mot":"L","mo":20000.0}]},{"d":"28.02.2022","r":2686105.0,"q":1.51,"p":4075099.48,"s":[{"cn":"Mufatorr Ltd.","ui":"6682294","t":287875.0,"r":287875.0,"q":2.99,"p":1350000.0,"mot":"U","mo":287875.0},{"cn":"Mufatorr Ltd.","ui":"6813838","t":318231.0,"r":318230.0,"q":2.98,"p":1399999.0,"mot":"U","mo":318230.0},{"cn":"Glukes Ltd.","ui":"5272843","t":2000000.0,"r":2000000.0,"q":1.0,"p":5000000.0,"mot":"U","mo":2000000.0},{"cn":"","ui":"","t":80000.0,"r":80000.0,"q":2.93,"p":1399902.0,"mot":"L","mo":80000.0}]},{"d":"01.03.2022","r":6950400.0,"q":1.86,"p":3453749.61,"s":[{"cn":"Mufatorr Ltd.","ui":"6682294","t":2512171.0,"r":2512171.0,"q":3.03,"p":1350000.0,"mot":"U","mo":2512171.0},{"cn":"Glukes Ltd.","ui":"5272843","t":3000000.0,"r":3000000.0,"q":1.0,"p":5000000.0,"mot":"U","mo":3000000.0},{"cn":"ДДП Инвест","ui":"6908942","t":1000000.0,"r":1000000.0,"q":1.0,"p":5000000.0,"mot":"U","mo":1000000.0},{"cn":"","ui":"","t":438230.0,"r":438229.0,"q":2.98,"p":1399976.87,"mot":"L","mo":438229.0}]},{"d":"02.03.2022","r":4490399.0,"q":2.13,"p":1199434.16,"s":[{"cn":"Mufatorr Ltd.","ui":"6682294","t":2512171.0,"r":2012171.0,"q":3.03,"p":1350000.0,"mot":"U","mo":2012171.0},{"cn":"Mufatorr Ltd.","ui":"6813838","t":358229.0,"r":358228.0,"q":3.02,"p":1399999.0,"mot":"U","mo":358228.0},{"cn":"kiilliiik","ui":"6916400","t":1000000.0,"r":1000000.0,"q":1.0,"p":1000000.0,"mot":"U","mo":1000000.0},{"cn":"Sender_165 Ltd.","ui":"6916346","t":1000000.0,"r":1000000.0,"q":1.0,"p":1000000.0,"mot":"U","mo":1000000.0},{"cn":"","ui":"","t":120000.0,"r":120000.0,"q":3.07,"p":1399902.0,"mot":"L","mo":120000.0}]},{"d":"03.03.2022","r":1517216.0,"q":1.71,"p":1136616.21,"s":[{"cn":"Mufatorr Ltd.","ui":"6813838","t":378228.0,"r":378226.0,"q":3.06,"p":1399999.0,"mot":"U","mo":378226.0},{"cn":"Mufatorr Ltd.","ui":"6733524","t":140000.0,"r":140000.0,"q":3.16,"p":1399902.0,"mot":"U","mo":140000.0},{"cn":"Sender_165 Ltd.","ui":"6916346","t":999000.0,"r":998990.0,"q":1.0,"p":1000000.0,"mot":"U","mo":998990.0},{"cn":"","ui":"","t":0.0,"r":0.0,"q":0.0,"p":0.0,"mot":"L","mo":0.0}]},{"d":"04.03.2022","r":3549375.0,"q":2.47,"p":1259350.84,"s":[{"cn":"Mufatorr Ltd.","ui":"6682294","t":1992171.0,"r":1992171.0,"q":3.03,"p":1350000.0,"mot":"U","mo":1992171.0},{"cn":"Mufatorr Ltd.","ui":"6813838","t":398226.0,"r":398224.0,"q":3.09,"p":1399999.0,"mot":"U","mo":398224.0},{"cn":"Sender_165 Ltd.","ui":"6916346","t":998990.0,"r":998980.0,"q":1.0,"p":1000000.0,"mot":"U","mo":998980.0},{"cn":"","ui":"","t":160000.0,"r":160000.0,"q":3.22,"p":1399902.0,"mot":"L","mo":160000.0}]},{"d":"07.03.2022","r":2670385.0,"q":3.08,"p":900763.52,"s":[{"cn":"Mufatorr Ltd.","ui":"6682294","t":1992171.0,"r":1992171.0,"q":3.03,"p":874000.0,"mot":"U","mo":1992171.0},{"cn":"Mufatorr Ltd.","ui":"6813838","t":458218.0,"r":458214.0,"q":3.16,"p":981000.0,"mot":"U","mo":458214.0},{"cn":"Mufatorr Ltd.","ui":"6733524","t":220000.0,"r":220000.0,"q":3.34,"p":976000.0,"mot":"U","mo":220000.0},{"cn":"","ui":"","t":0.0,"r":0.0,"q":0.0,"p":0.0,"mot":"L","mo":0.0}]},{"d":"08.03.2022","r":3113576.0,"q":2.85,"p":895173.01,"s":[{"cn":"Mufatorr Ltd.","ui":"6682294","t":1991171.0,"r":1990171.0,"q":3.03,"p":874000.0,"mot":"U","mo":1990171.0},{"cn":"Mufatorr Ltd.","ui":"6813838","t":478214.0,"r":478210.0,"q":3.2,"p":981000.0,"mot":"U","mo":478210.0},{"cn":"Mufatorr Ltd.","ui":"6733524","t":240000.0,"r":240000.0,"q":3.39,"p":976000.0,"mot":"U","mo":240000.0},{"cn":"Flat line","ui":"6928958","t":425195.0,"r":405195.0,"q":1.26,"p":850000.0,"mot":"U","mo":405195.0},{"cn":"","ui":"","t":0.0,"r":0.0,"q":0.0,"p":0.0,"mot":"L","mo":0.0}]},{"d":"09.03.2022","r":3132570.0,"q":2.88,"p":896532.09,"s":[{"cn":"Mufatorr Ltd.","ui":"6682294","t":1990171.0,"r":1989169.0,"q":3.03,"p":874000.0,"mot":"U","mo":1989169.0},{"cn":"Mufatorr Ltd.","ui":"6813838","t":498210.0,"r":498206.0,"q":3.23,"p":981000.0,"mot":"U","mo":498206.0},{"cn":"Mufatorr Ltd.","ui":"6733524","t":260000.0,"r":260000.0,"q":3.44,"p":976000.0,"mot":"U","mo":260000.0},{"cn":"Flat line","ui":"6928958","t":405195.0,"r":385195.0,"q":1.26,"p":850000.0,"mot":"U","mo":385195.0},{"cn":"","ui":"","t":0.0,"r":0.0,"q":0.0,"p":0.0,"mot":"L","mo":0.0}]},{"d":"10.03.2022","r":6151564.0,"q":1.97,"p":2410721.87,"s":[{"cn":"Mufatorr Ltd.","ui":"6682294","t":1989169.0,"r":1988167.0,"q":3.03,"p":874000.0,"mot":"U","mo":1988167.0},{"cn":"Mufatorr Ltd.","ui":"6813838","t":518206.0,"r":518202.0,"q":3.26,"p":981000.0,"mot":"U","mo":518202.0},{"cn":"Glukes Ltd.","ui":"5272843","t":3000000.0,"r":3000000.0,"q":1.0,"p":4000000.0,"mot":"U","mo":3000000.0},{"cn":"Flat line","ui":"6928958","t":385195.0,"r":365195.0,"q":1.26,"p":850000.0,"mot":"U","mo":365195.0},{"cn":"","ui":"","t":280000.0,"r":280000.0,"q":3.48,"p":976000.0,"mot":"L","mo":280000.0}]},{"d":"11.03.2022","r":3170556.0,"q":2.93,"p":899201.43,"s":[{"cn":"Mufatorr Ltd.","ui":"6682294","t":1988167.0,"r":1987164.0,"q":3.03,"p":874000.0,"mot":"U","mo":1987164.0},{"cn":"Mufatorr Ltd.","ui":"6813838","t":538202.0,"r":538198.0,"q":3.29,"p":981000.0,"mot":"U","mo":538198.0},{"cn":"Mufatorr Ltd.","ui":"6733524","t":300000.0,"r":300000.0,"q":3.52,"p":976000.0,"mot":"U","mo":300000.0},{"cn":"Flat line","ui":"6928958","t":365195.0,"r":345194.0,"q":1.26,"p":850000.0,"mot":"U","mo":345194.0},{"cn":"","ui":"","t":0.0,"r":0.0,"q":0.0,"p":0.0,"mot":"L","mo":0.0}]},{"d":"14.03.2022","r":2429474.0,"q":2.98,"p":848118.78,"s":[{"cn":"Mufatorr Ltd.","ui":"6682294","t":1985146.0,"r":1984139.0,"q":3.03,"p":844000.0,"mot":"U","mo":1984139.0},{"cn":"Mufatorr Ltd.","ui":"6733524","t":360000.0,"r":270000.0,"q":3.61,"p":876000.0,"mot":"U","mo":270000.0},{"cn":"Flat line","ui":"6928958","t":275192.0,"r":165191.0,"q":1.26,"p":850000.0,"mot":"U","mo":165191.0},{"cn":"","ui":"","t":588147.0,"r":10144.0,"q":3.37,"p":881000.0,"mot":"L","mo":10144.0}]},{"d":"15.03.2022","r":2756455.0,"q":3.15,"p":853959.16,"s":[{"cn":"Mufatorr Ltd.","ui":"6682294","t":1984142.0,"r":1983138.0,"q":3.03,"p":844000.0,"mot":"U","mo":1983138.0},{"cn":"Mufatorr Ltd.","ui":"6813838","t":588139.0,"r":568131.0,"q":3.39,"p":881000.0,"mot":"U","mo":568131.0},{"cn":"Mufatorr Ltd.","ui":"6733524","t":290000.0,"r":200000.0,"q":3.64,"p":876000.0,"mot":"U","mo":200000.0},{"cn":"","ui":"","t":95189.0,"r":5186.0,"q":1.26,"p":850000.0,"mot":"L","mo":5186.0}]},{"d":"16.03.2022","r":2795326.0,"q":3.06,"p":853255.29,"s":[{"cn":"Mufatorr Ltd.","ui":"6682294","t":1983088.0,"r":1982034.0,"q":3.03,"p":844000.0,"mot":"U","mo":1982034.0},{"cn":"Mufatorr Ltd.","ui":"6813838","t":588131.0,"r":568123.0,"q":3.41,"p":881000.0,"mot":"U","mo":568123.0},{"cn":"","ui":"","t":425179.0,"r":245169.0,"q":2.54,"p":863786.41,"mot":"L","mo":245169.0}]},{"d":"17.03.2022","r":2864241.0,"q":2.97,"p":852543.67,"s":[{"cn":"Mufatorr Ltd.","ui":"6682294","t":1982034.0,"r":1980980.0,"q":3.03,"p":844000.0,"mot":"U","mo":1980980.0},{"cn":"Mufatorr Ltd.","ui":"6813838","t":588123.0,"r":568115.0,"q":3.44,"p":881000.0,"mot":"U","mo":568115.0},{"cn":"Flat line","ui":"6928958","t":315169.0,"r":255146.0,"q":1.26,"p":850000.0,"mot":"U","mo":255146.0},{"cn":"","ui":"","t":150000.0,"r":60000.0,"q":3.73,"p":876000.0,"mot":"L","mo":60000.0}]},{"d":"18.03.2022","r":2968787.0,"q":2.18,"p":892077.94,"s":[{"cn":"Mufatorr Ltd.","ui":"6682294","t":1680980.0,"r":1679926.0,"q":3.03,"p":844000.0,"mot":"U","mo":1679926.0},{"cn":"Flat line","ui":"6928958","t":448886.0,"r":388861.0,"q":1.26,"p":850000.0,"mot":"U","mo":388861.0},{"cn":"\u0026quot;DuS\u0026quot;","ui":"6907437","t":900000.0,"r":900000.0,"q":1.0,"p":1000000.0,"mot":"U","mo":900000.0},{"cn":"","ui":"","t":0.0,"r":0.0,"q":0.0,"p":0.0,"mot":"L","mo":0.0}]},{"d":"21.03.2022","r":168724.0,"q":1.26,"p":850000.0,"s":[{"cn":"Flat line","ui":"6928958","t":248779.0,"r":168724.0,"q":1.26,"p":850000.0,"mot":"U","mo":168724.0},{"cn":"","ui":"","t":0.0,"r":0.0,"q":0.0,"p":0.0,"mot":"L","mo":0.0}]},{"d":"22.03.2022","r":1118639.0,"q":1.03,"p":921515.48,"s":[{"cn":"мухин а. в. Ltd.","ui":"6914663","t":1000000.0,"r":1000000.0,"q":1.0,"p":930000.0,"mot":"U","mo":1000000.0},{"cn":"Flat line","ui":"6928958","t":183724.0,"r":118639.0,"q":1.26,"p":850000.0,"mot":"U","mo":118639.0},{"cn":"","ui":"","t":0.0,"r":0.0,"q":0.0,"p":0.0,"mot":"L","mo":0.0}]},{"d":"23.03.2022","r":113554.0,"q":1.26,"p":850000.0,"s":[{"cn":"Flat line","ui":"6928958","t":148639.0,"r":113554.0,"q":1.26,"p":850000.0,"mot":"U","mo":113554.0},{"cn":"","ui":"","t":0.0,"r":0.0,"q":0.0,"p":0.0,"mot":"L","mo":0.0}]},{"d":"24.03.2022","r":1078469.0,"q":1.02,"p":831455.19,"s":[{"cn":"мухин а. в. Ltd.","ui":"6914663","t":1000000.0,"r":1000000.0,"q":1.0,"p":830000.0,"mot":"U","mo":1000000.0},{"cn":"Flat line","ui":"6928958","t":113554.0,"r":78469.0,"q":1.26,"p":850000.0,"mot":"U","mo":78469.0},{"cn":"","ui":"","t":0.0,"r":0.0,"q":0.0,"p":0.0,"mot":"L","mo":0.0}]},{"d":"25.03.2022","r":4623256.0,"q":1.7,"p":3157860.26,"s":[{"cn":"мухин а. в. Ltd.","ui":"6914663","t":996000.0,"r":992000.0,"q":1.0,"p":830000.0,"mot":"U","mo":992000.0},{"cn":"GlipGlip Ltd.","ui":"6914386","t":2587872.0,"r":2587872.0,"q":2.25,"p":5000000.0,"mot":"U","mo":2587872.0},{"cn":"DRARULA Инвест","ui":"6911138","t":1000000.0,"r":1000000.0,"q":1.0,"p":800000.0,"mot":"U","mo":1000000.0},{"cn":"","ui":"","t":78469.0,"r":43384.0,"q":1.26,"p":850000.0,"mot":"L","mo":43384.0}]},{"d":"28.03.2022","r":4462081.0,"q":1.73,"p":2963514.25,"s":[{"cn":"мухин а. в. Ltd.","ui":"6914663","t":991000.0,"r":991000.0,"q":1.0,"p":879000.0,"mot":"U","mo":991000.0},{"cn":"GlipGlip Ltd.","ui":"6914386","t":2587872.0,"r":2587872.0,"q":2.25,"p":4500000.0,"mot":"U","mo":2587872.0},{"cn":"DRARULA Инвест","ui":"6911138","t":937000.0,"r":876000.0,"q":1.0,"p":800000.0,"mot":"U","mo":876000.0},{"cn":"","ui":"","t":7609.0,"r":7209.0,"q":1.26,"p":850000.0,"mot":"L","mo":7209.0}]},{"d":"29.03.2022","r":1822709.0,"q":1.0,"p":855047.43,"s":[{"cn":"ura.25 Инвест","ui":"6907474","t":1000000.0,"r":1000000.0,"q":1.0,"p":900000.0,"mot":"U","mo":1000000.0},{"cn":"DRARULA Инвест","ui":"6911138","t":876000.0,"r":816000.0,"q":1.0,"p":800000.0,"mot":"U","mo":816000.0},{"cn":"","ui":"","t":7209.0,"r":6709.0,"q":1.26,"p":850000.0,"mot":"L","mo":6709.0}]},{"d":"30.03.2022","r":935418.0,"q":1.0,"p":900000.0,"s":[{"cn":"ura.25 Инвест","ui":"6907474","t":982709.0,"r":935418.0,"q":1.0,"p":900000.0,"mot":"U","mo":935418.0},{"cn":"","ui":"","t":0.0,"r":0.0,"q":0.0,"p":0.0,"mot":"L","mo":0.0}]},{"d":"31.03.2022","r":282159.0,"q":1.15,"p":869884.0,"s":[{"cn":"ura.25 Инвест","ui":"6907474","t":532459.0,"r":112209.0,"q":1.0,"p":900000.0,"mot":"U","mo":112209.0},{"cn":"Flat line","ui":"6928958","t":200000.0,"r":169950.0,"q":1.25,"p":850000.0,"mot":"U","mo":169950.0},{"cn":"","ui":"","t":0.0,"r":0.0,"q":0.0,"p":0.0,"mot":"L","mo":0.0}]},{"d":"01.04.2022","r":1833708.0,"q":1.04,"p":880200.23,"s":[{"cn":"мухин а. в. Ltd.","ui":"6914663","t":992000.0,"r":992000.0,"q":1.0,"p":879000.0,"mot":"U","mo":992000.0},{"cn":"ura.25 Инвест","ui":"6907474","t":532209.0,"r":532208.0,"q":1.0,"p":900000.0,"mot":"U","mo":532208.0},{"cn":"Flat line","ui":"6928958","t":369950.0,"r":309500.0,"q":1.25,"p":850000.0,"mot":"U","mo":309500.0},{"cn":"","ui":"","t":0.0,"r":0.0,"q":0.0,"p":0.0,"mot":"L","mo":0.0}]},{"d":"04.04.2022","r":2257354.0,"q":1.08,"p":875509.93,"s":[{"cn":"мухин а. в. Ltd.","ui":"6914663","t":992000.0,"r":992000.0,"q":1.0,"p":882288.0,"mot":"U","mo":992000.0},{"cn":"ura.25 Инвест","ui":"6907474","t":532206.0,"r":532205.0,"q":1.0,"p":900000.0,"mot":"U","mo":532205.0},{"cn":"Flat line","ui":"6928958","t":788600.0,"r":728149.0,"q":1.25,"p":850000.0,"mot":"U","mo":728149.0},{"cn":"","ui":"","t":107775.0,"r":5000.0,"q":1.15,"p":639000.0,"mot":"L","mo":5000.0}]},{"d":"05.04.2022","r":1384903.0,"q":1.15,"p":867950.86,"s":[{"cn":"ura.25 Инвест","ui":"6907474","t":532205.0,"r":532204.0,"q":1.0,"p":900000.0,"mot":"U","mo":532204.0},{"cn":"Flat line","ui":"6928958","t":918149.0,"r":847699.0,"q":1.25,"p":850000.0,"mot":"U","mo":847699.0},{"cn":"","ui":"","t":115442.0,"r":5000.0,"q":1.15,"p":500000.0,"mot":"L","mo":5000.0}]},{"d":"06.04.2022","r":1249452.0,"q":1.14,"p":871297.46,"s":[{"cn":"ura.25 Инвест","ui":"6907474","t":532204.0,"r":532203.0,"q":1.0,"p":900000.0,"mot":"U","mo":532203.0},{"cn":"Flat line","ui":"6928958","t":917699.0,"r":717249.0,"q":1.25,"p":850000.0,"mot":"U","mo":717249.0},{"cn":"","ui":"","t":0.0,"r":0.0,"q":0.0,"p":0.0,"mot":"L","mo":0.0}]},{"d":"07.04.2022","r":1249001.0,"q":1.14,"p":871305.11,"s":[{"cn":"ura.25 Инвест","ui":"6907474","t":532203.0,"r":532202.0,"q":1.0,"p":900000.0,"mot":"U","mo":532202.0},{"cn":"Flat line","ui":"6928958","t":917249.0,"r":716799.0,"q":1.25,"p":850000.0,"mot":"U","mo":716799.0},{"cn":"","ui":"","t":0.0,"r":0.0,"q":0.0,"p":0.0,"mot":"L","mo":0.0}]},{"d":"08.04.2022","r":2248550.0,"q":1.08,"p":861834.32,"s":[{"cn":"ura.25 Инвест","ui":"6907474","t":532202.0,"r":532201.0,"q":1.0,"p":900000.0,"mot":"U","mo":532201.0},{"cn":"Storming Wall Street","ui":"6907395","t":1000000.0,"r":1000000.0,"q":1.0,"p":850000.0,"mot":"U","mo":1000000.0},{"cn":"Flat line","ui":"6928958","t":916799.0,"r":716349.0,"q":1.25,"p":850000.0,"mot":"U","mo":716349.0},{"cn":"","ui":"","t":0.0,"r":0.0,"q":0.0,"p":0.0,"mot":"L","mo":0.0}]},{"d":"11.04.2022","r":527547.0,"q":1.16,"p":867860.68,"s":[{"cn":"ura.25 Инвест","ui":"6907474","t":188448.0,"r":188447.0,"q":1.0,"p":900000.0,"mot":"U","mo":188447.0},{"cn":"Flat line","ui":"6928958","t":369550.0,"r":339100.0,"q":1.25,"p":850000.0,"mot":"U","mo":339100.0},{"cn":"","ui":"","t":0.0,"r":0.0,"q":0.0,"p":0.0,"mot":"L","mo":0.0}]},{"d":"12.04.2022","r":1689097.0,"q":1.08,"p":874540.94,"s":[{"cn":"мухин а. в. Ltd.","ui":"6914663","t":992001.0,"r":992001.0,"q":1.0,"p":882288.0,"mot":"U","mo":992001.0},{"cn":"ura.25 Инвест","ui":"6907474","t":188447.0,"r":188446.0,"q":1.0,"p":900000.0,"mot":"U","mo":188446.0},{"cn":"Flat line","ui":"6928958","t":539100.0,"r":508650.0,"q":1.25,"p":850000.0,"mot":"U","mo":508650.0},{"cn":"","ui":"","t":0.0,"r":0.0,"q":0.0,"p":0.0,"mot":"L","mo":0.0}]},{"d":"13.04.2022","r":1618645.0,"q":1.07,"p":875432.56,"s":[{"cn":"мухин а. в. Ltd.","ui":"6914663","t":992001.0,"r":992001.0,"q":1.0,"p":882000.0,"mot":"U","mo":992001.0},{"cn":"ura.25 Инвест","ui":"6907474","t":188446.0,"r":188445.0,"q":1.0,"p":900000.0,"mot":"U","mo":188445.0},{"cn":"Flat line","ui":"6928958","t":588650.0,"r":438199.0,"q":1.25,"p":850000.0,"mot":"U","mo":438199.0},{"cn":"","ui":"","t":0.0,"r":0.0,"q":0.0,"p":0.0,"mot":"L","mo":0.0}]},{"d":"14.04.2022","r":1180446.0,"q":1.0,"p":884873.48,"s":[{"cn":"мухин а. в. Ltd.","ui":"6914663","t":992002.0,"r":992002.0,"q":1.0,"p":882000.0,"mot":"U","mo":992002.0},{"cn":"ura.25 Инвест","ui":"6907474","t":188445.0,"r":188444.0,"q":1.0,"p":900000.0,"mot":"U","mo":188444.0},{"cn":"","ui":"","t":0.0,"r":0.0,"q":0.0,"p":0.0,"mot":"L","mo":0.0}]},{"d":"15.04.2022","r":931802.0,"q":1.0,"p":899000.0,"s":[{"cn":"мухин а. в. Ltd.","ui":"6914663","t":992002.0,"r":931802.0,"q":1.0,"p":899000.0,"mot":"U","mo":931802.0},{"cn":"","ui":"","t":0.0,"r":0.0,"q":0.0,"p":0.0,"mot":"L","mo":0.0}]},{"d":"18.04.2022","r":478384.0,"q":1.21,"p":858059.56,"s":[{"cn":"мухин а. в. Ltd.","ui":"6914663","t":78905.0,"r":78685.0,"q":1.0,"p":899000.0,"mot":"U","mo":78685.0},{"cn":"Flat line","ui":"6928958","t":399850.0,"r":399699.0,"q":1.25,"p":850000.0,"mot":"U","mo":399699.0},{"cn":"","ui":"","t":0.0,"r":0.0,"q":0.0,"p":0.0,"mot":"L","mo":0.0}]},{"d":"19.04.2022","r":678015.0,"q":1.22,"p":855670.72,"s":[{"cn":"мухин а. в. Ltd.","ui":"6914663","t":78686.0,"r":78466.0,"q":1.0,"p":899000.0,"mot":"U","mo":78466.0},{"cn":"Flat line","ui":"6928958","t":599699.0,"r":599549.0,"q":1.25,"p":850000.0,"mot":"U","mo":599549.0},{"cn":"","ui":"","t":0.0,"r":0.0,"q":0.0,"p":0.0,"mot":"L","mo":0.0}]},{"d":"20.04.2022","r":798799.0,"q":1.25,"p":850000.0,"s":[{"cn":"Flat line","ui":"6928958","t":799249.0,"r":798799.0,"q":1.25,"p":850000.0,"mot":"U","mo":798799.0},{"cn":"","ui":"","t":0.0,"r":0.0,"q":0.0,"p":0.0,"mot":"L","mo":0.0}]},{"d":"21.04.2022","r":199549.0,"q":1.25,"p":850000.0,"s":[{"cn":"Flat line","ui":"6928958","t":200000.0,"r":199549.0,"q":1.25,"p":850000.0,"mot":"U","mo":199549.0},{"cn":"","ui":"","t":0.0,"r":0.0,"q":0.0,"p":0.0,"mot":"L","mo":0.0}]},{"d":"22.04.2022","r":2986970.0,"q":2.11,"p":2279538.56,"s":[{"cn":"GlipGlip Ltd.","ui":"6914386","t":2587872.0,"r":2587872.0,"q":2.25,"p":2500000.0,"mot":"U","mo":2587872.0},{"cn":"Flat line","ui":"6928958","t":399549.0,"r":399098.0,"q":1.2,"p":850000.0,"mot":"U","mo":399098.0},{"cn":"","ui":"","t":0.0,"r":0.0,"q":0.0,"p":0.0,"mot":"L","mo":0.0}]},{"d":"25.04.2022","r":1075527.0,"q":1.1,"p":853584.72,"s":[{"cn":"мухин а. в. Ltd.","ui":"6914663","t":78684.0,"r":78683.0,"q":1.0,"p":899000.0,"mot":"U","mo":78683.0},{"cn":"Flat line","ui":"6928958","t":997596.0,"r":996844.0,"q":1.11,"p":850000.0,"mot":"U","mo":996844.0},{"cn":"","ui":"","t":0.0,"r":0.0,"q":0.0,"p":0.0,"mot":"L","mo":0.0}]},{"d":"26.04.2022","r":78684.0,"q":1.0,"p":899000.0,"s":[{"cn":"мухин а. в. Ltd.","ui":"6914663","t":78685.0,"r":78684.0,"q":1.0,"p":899000.0,"mot":"U","mo":78684.0},{"cn":"","ui":"","t":0.0,"r":0.0,"q":0.0,"p":0.0,"mot":"L","mo":0.0}]},{"d":"27.04.2022","r":1199248.0,"q":1.0,"p":808307.21,"s":[{"cn":"Mistericon Corporation","ui":"6908951","t":1000000.0,"r":1000000.0,"q":1.0,"p":800000.0,"mot":"U","mo":1000000.0},{"cn":"Flat line","ui":"6928958","t":200000.0,"r":199248.0,"q":1.01,"p":850000.0,"mot":"U","mo":199248.0},{"cn":"","ui":"","t":0.0,"r":0.0,"q":0.0,"p":0.0,"mot":"L","mo":0.0}]},{"d":"28.04.2022","r":2298495.0,"q":1.0,"p":808668.63,"s":[{"cn":"Mistericon Corporation","ui":"6908951","t":1000000.0,"r":999999.0,"q":1.0,"p":800000.0,"mot":"U","mo":999999.0},{"cn":"Flat line","ui":"6928958","t":399248.0,"r":398496.0,"q":1.01,"p":850000.0,"mot":"U","mo":398496.0},{"cn":"\u0026quot;DuS\u0026quot;","ui":"6907437","t":900000.0,"r":900000.0,"q":1.0,"p":800000.0,"mot":"U","mo":900000.0},{"cn":"","ui":"","t":0.0,"r":0.0,"q":0.0,"p":0.0,"mot":"L","mo":0.0}]},{"d":"29.04.2022","r":2676430.0,"q":1.0,"p":814077.41,"s":[{"cn":"Mistericon Corporation","ui":"6908951","t":999999.0,"r":999999.0,"q":1.0,"p":800000.0,"mot":"U","mo":999999.0},{"cn":"Flat line","ui":"6928958","t":598496.0,"r":597744.0,"q":1.01,"p":850000.0,"mot":"U","mo":597744.0},{"cn":"Senfin Corporation","ui":"6908953","t":1000000.0,"r":1000000.0,"q":1.0,"p":800000.0,"mot":"U","mo":1000000.0},{"cn":"","ui":"","t":78688.0,"r":78687.0,"q":1.0,"p":899000.0,"mot":"L","mo":78687.0}]},{"d":"02.05.2022","r":2194986.0,"q":1.0,"p":827264.09,"s":[{"cn":"Flat line","ui":"6928958","t":1197239.0,"r":1196886.0,"q":1.0,"p":850000.0,"mot":"U","mo":1196886.0},{"cn":"Senfin Corporation","ui":"6908953","t":998650.0,"r":998100.0,"q":1.0,"p":800000.0,"mot":"U","mo":998100.0},{"cn":"","ui":"","t":0.0,"r":0.0,"q":0.0,"p":0.0,"mot":"L","mo":0.0}]},{"d":"03.05.2022","r":2393981.0,"q":1.0,"p":829169.63,"s":[{"cn":"Flat line","ui":"6928958","t":1396935.0,"r":1396631.0,"q":1.0,"p":850000.0,"mot":"U","mo":1396631.0},{"cn":"Senfin Corporation","ui":"6908953","t":998000.0,"r":997350.0,"q":1.0,"p":800000.0,"mot":"U","mo":997350.0},{"cn":"","ui":"","t":0.0,"r":0.0,"q":0.0,"p":0.0,"mot":"L","mo":0.0}]},{"d":"04.05.2022","r":2793029.0,"q":1.0,"p":828577.06,"s":[{"cn":"Flat line","ui":"6928958","t":1596633.0,"r":1596331.0,"q":1.0,"p":850000.0,"mot":"U","mo":1596331.0},{"cn":"JK empire","ui":"6991361","t":199999.0,"r":199998.0,"q":1.0,"p":800000.0,"mot":"U","mo":199998.0},{"cn":"Senfin Corporation","ui":"6908953","t":997350.0,"r":996700.0,"q":1.0,"p":800000.0,"mot":"U","mo":996700.0},{"cn":"","ui":"","t":0.0,"r":0.0,"q":0.0,"p":0.0,"mot":"L","mo":0.0}]},{"d":"05.05.2022","r":2792079.0,"q":1.0,"p":832162.93,"s":[{"cn":"Flat line","ui":"6928958","t":1796331.0,"r":1796029.0,"q":1.0,"p":850000.0,"mot":"U","mo":1796029.0},{"cn":"Senfin Corporation","ui":"6908953","t":996700.0,"r":996050.0,"q":1.0,"p":800000.0,"mot":"U","mo":996050.0},{"cn":"","ui":"","t":0.0,"r":0.0,"q":0.0,"p":0.0,"mot":"L","mo":0.0}]},{"d":"06.05.2022","r":5578999.0,"q":1.58,"p":1328131.58,"s":[{"cn":"GlipGlip Ltd.","ui":"6914386","t":2587872.0,"r":2587872.0,"q":2.25,"p":1900000.0,"mot":"U","mo":2587872.0},{"cn":"Flat line","ui":"6928958","t":1996029.0,"r":1995727.0,"q":1.0,"p":850000.0,"mot":"U","mo":1995727.0},{"cn":"Senfin Corporation","ui":"6908953","t":996050.0,"r":995400.0,"q":1.0,"p":800000.0,"mot":"U","mo":995400.0},{"cn":"","ui":"","t":0.0,"r":0.0,"q":0.0,"p":0.0,"mot":"L","mo":0.0}]},{"d":"09.05.2022","r":6176113.0,"q":1.52,"p":1281915.93,"s":[{"cn":"GlipGlip Ltd.","ui":"6914386","t":2587852.0,"r":2587842.0,"q":2.25,"p":1900000.0,"mot":"U","mo":2587842.0},{"cn":"Flat line","ui":"6928958","t":2595123.0,"r":2594821.0,"q":1.0,"p":850000.0,"mot":"U","mo":2594821.0},{"cn":"Senfin Corporation","ui":"6908953","t":994100.0,"r":993450.0,"q":1.0,"p":800000.0,"mot":"U","mo":993450.0},{"cn":"","ui":"","t":0.0,"r":0.0,"q":0.0,"p":0.0,"mot":"L","mo":0.0}]},{"d":"10.05.2022","r":7665448.0,"q":1.42,"p":1189586.64,"s":[{"cn":"GlipGlip Ltd.","ui":"6914386","t":2587842.0,"r":2587832.0,"q":2.25,"p":1900000.0,"mot":"U","mo":2587832.0},{"cn":"Flat line","ui":"6928958","t":2794821.0,"r":2794819.0,"q":1.0,"p":850000.0,"mot":"U","mo":2794819.0},{"cn":"Слава Україні!","ui":"6908955","t":1000000.0,"r":1000000.0,"q":1.0,"p":800000.0,"mot":"U","mo":1000000.0},{"cn":"Senfin Corporation","ui":"6908953","t":993450.0,"r":992800.0,"q":1.0,"p":800000.0,"mot":"U","mo":992800.0},{"cn":"","ui":"","t":289998.0,"r":289997.0,"q":1.0,"p":800000.0,"mot":"L","mo":289997.0}]},{"d":"11.05.2022","r":6874786.0,"q":1.47,"p":1221413.85,"s":[{"cn":"GlipGlip Ltd.","ui":"6914386","t":2587832.0,"r":2587822.0,"q":2.25,"p":1900000.0,"mot":"U","mo":2587822.0},{"cn":"Flat line","ui":"6928958","t":2994819.0,"r":2994817.0,"q":1.0,"p":850000.0,"mot":"U","mo":2994817.0},{"cn":"Senfin Corporation","ui":"6908953","t":992800.0,"r":992150.0,"q":1.0,"p":700000.0,"mot":"U","mo":992150.0},{"cn":"","ui":"","t":299998.0,"r":299997.0,"q":1.0,"p":800000.0,"mot":"L","mo":299997.0}]},{"d":"12.05.2022","r":7084124.0,"q":1.46,"p":1210380.16,"s":[{"cn":"GlipGlip Ltd.","ui":"6914386","t":2587822.0,"r":2587812.0,"q":2.25,"p":1900000.0,"mot":"U","mo":2587812.0},{"cn":"Flat line","ui":"6928958","t":3194817.0,"r":3194815.0,"q":1.0,"p":850000.0,"mot":"U","mo":3194815.0},{"cn":"Senfin Corporation","ui":"6908953","t":992150.0,"r":991500.0,"q":1.0,"p":700000.0,"mot":"U","mo":991500.0},{"cn":"","ui":"","t":309998.0,"r":309997.0,"q":1.0,"p":800000.0,"mot":"L","mo":309997.0}]},{"d":"13.05.2022","r":7293462.0,"q":1.44,"p":1199979.85,"s":[{"cn":"GlipGlip Ltd.","ui":"6914386","t":2587812.0,"r":2587802.0,"q":2.25,"p":1900000.0,"mot":"U","mo":2587802.0},{"cn":"Flat line","ui":"6928958","t":3394815.0,"r":3394813.0,"q":1.0,"p":850000.0,"mot":"U","mo":3394813.0},{"cn":"Senfin Corporation","ui":"6908953","t":991500.0,"r":990850.0,"q":1.0,"p":700000.0,"mot":"U","mo":990850.0},{"cn":"","ui":"","t":319998.0,"r":319997.0,"q":1.0,"p":800000.0,"mot":"L","mo":319997.0}]},{"d":"16.05.2022","r":8011335.0,"q":1.4,"p":1162413.25,"s":[{"cn":"GlipGlip Ltd.","ui":"6914386","t":2587782.0,"r":2587772.0,"q":2.25,"p":1900000.0,"mot":"U","mo":2587772.0},{"cn":"Flat line","ui":"6928958","t":3994809.0,"r":3994807.0,"q":1.0,"p":850000.0,"mot":"U","mo":3994807.0},{"cn":"JK empire","ui":"6991361","t":440007.0,"r":440006.0,"q":1.0,"p":700000.0,"mot":"U","mo":440006.0},{"cn":"Senfin Corporation","ui":"6908953","t":989450.0,"r":988750.0,"q":1.0,"p":700000.0,"mot":"U","mo":988750.0},{"cn":"","ui":"","t":0.0,"r":0.0,"q":0.0,"p":0.0,"mot":"L","mo":0.0}]},{"d":"17.05.2022","r":7770617.0,"q":1.42,"p":1180596.99,"s":[{"cn":"GlipGlip Ltd.","ui":"6914386","t":2587772.0,"r":2587762.0,"q":2.25,"p":1900000.0,"mot":"U","mo":2587762.0},{"cn":"Flat line","ui":"6928958","t":4194807.0,"r":4194805.0,"q":1.0,"p":850000.0,"mot":"U","mo":4194805.0},{"cn":"Senfin Corporation","ui":"6908953","t":988750.0,"r":988050.0,"q":1.0,"p":700000.0,"mot":"U","mo":988050.0},{"cn":"","ui":"","t":0.0,"r":0.0,"q":0.0,"p":0.0,"mot":"L","mo":0.0}]},{"d":"18.05.2022","r":8509920.0,"q":1.38,"p":1142368.77,"s":[{"cn":"GlipGlip Ltd.","ui":"6914386","t":2587762.0,"r":2587752.0,"q":2.25,"p":1900000.0,"mot":"U","mo":2587752.0},{"cn":"JK empire","ui":"6991361","t":540016.0,"r":540015.0,"q":1.0,"p":700000.0,"mot":"U","mo":540015.0},{"cn":"Flat line","ui":"6928958","t":4394805.0,"r":4394803.0,"q":1.0,"p":850000.0,"mot":"U","mo":4394803.0},{"cn":"Senfin Corporation","ui":"6908953","t":988050.0,"r":987350.0,"q":1.0,"p":700000.0,"mot":"U","mo":987350.0},{"cn":"","ui":"","t":0.0,"r":0.0,"q":0.0,"p":0.0,"mot":"L","mo":0.0}]},{"d":"19.05.2022","r":1.0609208E7,"q":1.3,"p":1057152.99,"s":[{"cn":"GlipGlip Ltd.","ui":"6914386","t":2587752.0,"r":2587742.0,"q":2.25,"p":1900000.0,"mot":"U","mo":2587742.0},{"cn":"Flat line","ui":"6928958","t":4594803.0,"r":4594801.0,"q":1.0,"p":850000.0,"mot":"U","mo":4594801.0},{"cn":"JK empire","ui":"6991361","t":540016.0,"r":540015.0,"q":1.0,"p":690000.0,"mot":"U","mo":540015.0},{"cn":"\u0026quot;DuS\u0026quot;","ui":"6907437","t":900000.0,"r":900000.0,"q":1.0,"p":700000.0,"mot":"U","mo":900000.0},{"cn":"Слава Україні!","ui":"6908955","t":1000000.0,"r":1000000.0,"q":1.0,"p":700000.0,"mot":"U","mo":1000000.0},{"cn":"Senfin Corporation","ui":"6908953","t":987350.0,"r":986650.0,"q":1.0,"p":700000.0,"mot":"U","mo":986650.0},{"cn":"","ui":"","t":0.0,"r":0.0,"q":0.0,"p":0.0,"mot":"L","mo":0.0}]},{"d":"20.05.2022","r":1.0807994E7,"q":1.3,"p":1053358.37,"s":[{"cn":"GlipGlip Ltd.","ui":"6914386","t":2587742.0,"r":2587732.0,"q":2.25,"p":1900000.0,"mot":"U","mo":2587732.0},{"cn":"\u0026quot;DuS\u0026quot;","ui":"6907437","t":900000.0,"r":899900.0,"q":1.0,"p":700000.0,"mot":"U","mo":899900.0},{"cn":"Flat line","ui":"6928958","t":4794801.0,"r":4794699.0,"q":1.0,"p":850000.0,"mot":"U","mo":4794699.0},{"cn":"Слава Україні!","ui":"6908955","t":1000000.0,"r":999900.0,"q":1.0,"p":700000.0,"mot":"U","mo":999900.0},{"cn":"Senfin Corporation","ui":"6908953","t":987199.0,"r":986948.0,"q":1.0,"p":700000.0,"mot":"U","mo":986948.0},{"cn":"","ui":"","t":539466.0,"r":538815.0,"q":1.0,"p":690000.0,"mot":"L","mo":538815.0}]},{"d":"23.05.2022","r":1.1407345E7,"q":1.28,"p":1042674.2,"s":[{"cn":"GlipGlip Ltd.","ui":"6914386","t":2587712.0,"r":2587702.0,"q":2.25,"p":1900000.0,"mot":"U","mo":2587702.0},{"cn":"\u0026quot;DuS\u0026quot;","ui":"6907437","t":899700.0,"r":899600.0,"q":1.0,"p":700000.0,"mot":"U","mo":899600.0},{"cn":"Flat line","ui":"6928958","t":5394495.0,"r":5394393.0,"q":1.0,"p":850000.0,"mot":"U","mo":5394393.0},{"cn":"Слава Україні!","ui":"6908955","t":999700.0,"r":999600.0,"q":1.0,"p":700000.0,"mot":"U","mo":999600.0},{"cn":"Senfin Corporation","ui":"6908953","t":986446.0,"r":986195.0,"q":1.0,"p":700000.0,"mot":"U","mo":986195.0},{"cn":"","ui":"","t":540516.0,"r":539855.0,"q":1.0,"p":690000.09,"mot":"L","mo":539855.0}]},{"d":"24.05.2022","r":1.1595132E7,"q":1.28,"p":1039719.47,"s":[{"cn":"GlipGlip Ltd.","ui":"6914386","t":2587702.0,"r":2587692.0,"q":2.25,"p":1900000.0,"mot":"U","mo":2587692.0},{"cn":"Flat line","ui":"6928958","t":5594393.0,"r":5594291.0,"q":1.0,"p":850000.0,"mot":"U","mo":5594291.0},{"cn":"\u0026quot;DuS\u0026quot;","ui":"6907437","t":899600.0,"r":899500.0,"q":1.0,"p":700000.0,"mot":"U","mo":899500.0},{"cn":"Слава Україні!","ui":"6908955","t":999600.0,"r":999500.0,"q":1.0,"p":700000.0,"mot":"U","mo":999500.0},{"cn":"Senfin Corporation","ui":"6908953","t":986195.0,"r":985944.0,"q":1.0,"p":700000.0,"mot":"U","mo":985944.0},{"cn":"","ui":"","t":534866.0,"r":528205.0,"q":1.0,"p":690000.19,"mot":"L","mo":528205.0}]},{"d":"25.05.2022","r":1.1793918E7,"q":1.27,"p":1036535.44,"s":[{"cn":"GlipGlip Ltd.","ui":"6914386","t":2587692.0,"r":2587682.0,"q":2.25,"p":1900000.0,"mot":"U","mo":2587682.0},{"cn":"\u0026quot;DuS\u0026quot;","ui":"6907437","t":899500.0,"r":899400.0,"q":1.0,"p":700000.0,"mot":"U","mo":899400.0},{"cn":"Flat line","ui":"6928958","t":5794291.0,"r":5794189.0,"q":1.0,"p":850000.0,"mot":"U","mo":5794189.0},{"cn":"Слава Україні!","ui":"6908955","t":999500.0,"r":999400.0,"q":1.0,"p":700000.0,"mot":"U","mo":999400.0},{"cn":"Senfin Corporation","ui":"6908953","t":985944.0,"r":985693.0,"q":1.0,"p":700000.0,"mot":"U","mo":985693.0},{"cn":"","ui":"","t":534215.0,"r":527554.0,"q":1.0,"p":690000.28,"mot":"L","mo":527554.0}]},{"d":"26.05.2022","r":1.1995104E7,"q":1.27,"p":1033388.24,"s":[{"cn":"GlipGlip Ltd.","ui":"6914386","t":2587682.0,"r":2587672.0,"q":2.25,"p":1900000.0,"mot":"U","mo":2587672.0},{"cn":"Flat line","ui":"6928958","t":5994189.0,"r":5994087.0,"q":1.0,"p":850000.0,"mot":"U","mo":5994087.0},{"cn":"\u0026quot;DuS\u0026quot;","ui":"6907437","t":899400.0,"r":899300.0,"q":1.0,"p":700000.0,"mot":"U","mo":899300.0},{"cn":"Слава Україні!","ui":"6908955","t":999400.0,"r":999300.0,"q":1.0,"p":700000.0,"mot":"U","mo":999300.0},{"cn":"Senfin Corporation","ui":"6908953","t":985693.0,"r":985442.0,"q":1.0,"p":700000.0,"mot":"U","mo":985442.0},{"cn":"","ui":"","t":534764.0,"r":529303.0,"q":1.0,"p":690000.38,"mot":"L","mo":529303.0}]},{"d":"27.05.2022","r":1.2255763E7,"q":1.26,"p":1020209.14,"s":[{"cn":"GlipGlip Ltd.","ui":"6914386","t":2587672.0,"r":2587662.0,"q":2.25,"p":1900000.0,"mot":"U","mo":2587662.0},{"cn":"Flat line","ui":"6928958","t":6194087.0,"r":6193985.0,"q":1.0,"p":850000.0,"mot":"U","mo":6193985.0},{"cn":"\u0026quot;DuS\u0026quot;","ui":"6907437","t":899300.0,"r":899200.0,"q":1.0,"p":700000.0,"mot":"U","mo":899200.0},{"cn":"Слава Україні!","ui":"6908955","t":999300.0,"r":999199.0,"q":1.0,"p":700000.0,"mot":"U","mo":999199.0},{"cn":"Senfin Corporation","ui":"6908953","t":985442.0,"r":985091.0,"q":1.0,"p":600000.0,"mot":"U","mo":985091.0},{"cn":"","ui":"","t":596088.0,"r":590626.0,"q":1.0,"p":680739.64,"mot":"L","mo":590626.0}]},{"d":"30.05.2022","r":1.2938623E7,"q":1.25,"p":1005926.47,"s":[{"cn":"GlipGlip Ltd.","ui":"6914386","t":2587642.0,"r":2587632.0,"q":2.25,"p":1900000.0,"mot":"U","mo":2587632.0},{"cn":"\u0026quot;DuS\u0026quot;","ui":"6907437","t":899000.0,"r":898900.0,"q":1.0,"p":700000.0,"mot":"U","mo":898900.0},{"cn":"Flat line","ui":"6928958","t":6793781.0,"r":6793679.0,"q":1.0,"p":850000.0,"mot":"U","mo":6793679.0},{"cn":"Слава Україні!","ui":"6908955","t":998997.0,"r":998896.0,"q":1.0,"p":700000.0,"mot":"U","mo":998896.0},{"cn":"Senfin Corporation","ui":"6908953","t":875647.0,"r":870915.0,"q":1.0,"p":600000.0,"mot":"U","mo":870915.0},{"cn":"","ui":"","t":789253.0,"r":788601.0,"q":1.0,"p":600010.84,"mot":"L","mo":788601.0}]},{"d":"31.05.2022","r":1.3193399E7,"q":1.25,"p":1001873.15,"s":[{"cn":"GlipGlip Ltd.","ui":"6914386","t":2587632.0,"r":2587622.0,"q":2.25,"p":1900000.0,"mot":"U","mo":2587622.0},{"cn":"Flat line","ui":"6928958","t":6993679.0,"r":6993577.0,"q":1.0,"p":850000.0,"mot":"U","mo":6993577.0},{"cn":"\u0026quot;DuS\u0026quot;","ui":"6907437","t":898900.0,"r":898800.0,"q":1.0,"p":700000.0,"mot":"U","mo":898800.0},{"cn":"Слава Україні!","ui":"6908955","t":998896.0,"r":998795.0,"q":1.0,"p":700000.0,"mot":"U","mo":998795.0},{"cn":"Senfin Corporation","ui":"6908953","t":870906.0,"r":866165.0,"q":1.0,"p":600000.0,"mot":"U","mo":866165.0},{"cn":"","ui":"","t":849092.0,"r":848440.0,"q":1.0,"p":600012.32,"mot":"L","mo":848440.0}]},{"d":"01.06.2022","r":1.4296561E7,"q":1.23,"p":959519.08,"s":[{"cn":"GlipGlip Ltd.","ui":"6914386","t":2587622.0,"r":2587612.0,"q":2.25,"p":1900000.0,"mot":"U","mo":2587612.0},{"cn":"mBourg Ltd.","ui":"7031630","t":888498.0,"r":848498.0,"q":1.0,"p":350000.0,"mot":"U","mo":848498.0},{"cn":"\u0026quot;DuS\u0026quot;","ui":"6907437","t":898800.0,"r":898700.0,"q":1.0,"p":700000.0,"mot":"U","mo":898700.0},{"cn":"Flat line","ui":"6928958","t":7193577.0,"r":7193475.0,"q":1.0,"p":850000.0,"mot":"U","mo":7193475.0},{"cn":"Слава Україні!","ui":"6908955","t":998795.0,"r":998694.0,"q":1.0,"p":700000.0,"mot":"U","mo":998694.0},{"cn":"Senfin Corporation","ui":"6908953","t":866185.0,"r":861464.0,"q":1.0,"p":600000.0,"mot":"U","mo":861464.0},{"cn":"","ui":"","t":908790.0,"r":908118.0,"q":1.0,"p":600007.87,"mot":"L","mo":908118.0}]},{"d":"02.06.2022","r":1.4702666E7,"q":1.22,"p":948002.17,"s":[{"cn":"GlipGlip Ltd.","ui":"6914386","t":2587612.0,"r":2587602.0,"q":2.25,"p":1900000.0,"mot":"U","mo":2587602.0},{"cn":"wolf82 Финанс","ui":"6912639","t":1000000.0,"r":1000000.0,"q":1.0,"p":600000.0,"mot":"U","mo":1000000.0},{"cn":"\u0026quot;DuS\u0026quot;","ui":"6907437","t":898700.0,"r":898600.0,"q":1.0,"p":700000.0,"mot":"U","mo":898600.0},{"cn":"Flat line","ui":"6928958","t":7393475.0,"r":7393373.0,"q":1.0,"p":850000.0,"mot":"U","mo":7393373.0},{"cn":"Слава Україні!","ui":"6908955","t":998694.0,"r":998593.0,"q":1.0,"p":500000.0,"mot":"U","mo":998593.0},{"cn":"Senfin Corporation","ui":"6908953","t":861464.0,"r":856743.0,"q":1.0,"p":500000.0,"mot":"U","mo":856743.0},{"cn":"","ui":"","t":968427.0,"r":967755.0,"q":1.0,"p":600007.66,"mot":"L","mo":967755.0}]},{"d":"03.06.2022","r":1.1213613E7,"q":1.29,"p":1079382.45,"s":[{"cn":"GlipGlip Ltd.","ui":"6914386","t":2587602.0,"r":2587592.0,"q":2.25,"p":1900000.0,"mot":"U","mo":2587592.0},{"cn":"\u0026quot;DuS\u0026quot;","ui":"6907437","t":898600.0,"r":898599.0,"q":1.0,"p":700000.0,"mot":"U","mo":898599.0},{"cn":"Flat line","ui":"6928958","t":7593373.0,"r":7593370.0,"q":1.0,"p":850000.0,"mot":"U","mo":7593370.0},{"cn":"","ui":"","t":139054.0,"r":134052.0,"q":1.0,"p":775583.5,"mot":"L","mo":134052.0}]},{"d":"06.06.2022","r":1.1679693E7,"q":1.28,"p":1071077.6,"s":[{"cn":"GlipGlip Ltd.","ui":"6914386","t":2587572.0,"r":2587562.0,"q":2.25,"p":1900000.0,"mot":"U","mo":2587562.0},{"cn":"\u0026quot;DuS\u0026quot;","ui":"6907437","t":898597.0,"r":898596.0,"q":1.0,"p":700000.0,"mot":"U","mo":898596.0},{"cn":"Flat line","ui":"6928958","t":8193364.0,"r":8193361.0,"q":1.0,"p":850000.0,"mot":"U","mo":8193361.0},{"cn":"","ui":"","t":174.0,"r":174.0,"q":1.0,"p":665000.0,"mot":"L","mo":174.0}]},{"d":"07.06.2022","r":1.1934562E7,"q":1.27,"p":1065205.95,"s":[{"cn":"GlipGlip Ltd.","ui":"6914386","t":2587562.0,"r":2587552.0,"q":2.25,"p":1900000.0,"mot":"U","mo":2587552.0},{"cn":"\u0026quot;DuS\u0026quot;","ui":"6907437","t":898596.0,"r":898595.0,"q":1.0,"p":700000.0,"mot":"U","mo":898595.0},{"cn":"Flat line","ui":"6928958","t":8393361.0,"r":8393358.0,"q":1.0,"p":850000.0,"mot":"U","mo":8393358.0},{"cn":"","ui":"","t":60058.0,"r":55057.0,"q":1.0,"p":600229.04,"mot":"L","mo":55057.0}]},{"d":"08.06.2022","r":1.2189032E7,"q":1.27,"p":1059594.88,"s":[{"cn":"GlipGlip Ltd.","ui":"6914386","t":2587552.0,"r":2587542.0,"q":2.25,"p":1900000.0,"mot":"U","mo":2587542.0},{"cn":"\u0026quot;DuS\u0026quot;","ui":"6907437","t":898595.0,"r":898594.0,"q":1.0,"p":700000.0,"mot":"U","mo":898594.0},{"cn":"Flat line","ui":"6928958","t":8593358.0,"r":8593355.0,"q":1.0,"p":850000.0,"mot":"U","mo":8593355.0},{"cn":"","ui":"","t":114711.0,"r":109541.0,"q":1.0,"p":600126.98,"mot":"L","mo":109541.0}]},{"d":"09.06.2022","r":1.2444643E7,"q":1.26,"p":1054171.66,"s":[{"cn":"GlipGlip Ltd.","ui":"6914386","t":2587542.0,"r":2587532.0,"q":2.25,"p":1900000.0,"mot":"U","mo":2587532.0},{"cn":"\u0026quot;DuS\u0026quot;","ui":"6907437","t":898594.0,"r":898593.0,"q":1.0,"p":700000.0,"mot":"U","mo":898593.0},{"cn":"Flat line","ui":"6928958","t":8793355.0,"r":8793352.0,"q":1.0,"p":850000.0,"mot":"U","mo":8793352.0},{"cn":"","ui":"","t":170336.0,"r":165166.0,"q":1.0,"p":600092.09,"mot":"L","mo":165166.0}]},{"d":"10.06.2022","r":1.5699594E7,"q":1.21,"p":1421804.15,"s":[{"cn":"GlipGlip Ltd.","ui":"6914386","t":2587532.0,"r":2587522.0,"q":2.25,"p":1900000.0,"mot":"U","mo":2587522.0},{"cn":"Glukes Ltd.","ui":"5272843","t":3000000.0,"r":3000000.0,"q":1.0,"p":3000000.0,"mot":"U","mo":3000000.0},{"cn":"\u0026quot;DuS\u0026quot;","ui":"6907437","t":898593.0,"r":898592.0,"q":1.0,"p":700000.0,"mot":"U","mo":898592.0},{"cn":"Flat line","ui":"6928958","t":8993352.0,"r":8993349.0,"q":1.0,"p":850000.0,"mot":"U","mo":8993349.0},{"cn":"","ui":"","t":225901.0,"r":220131.0,"q":1.0,"p":600075.0,"mot":"L","mo":220131.0}]},{"d":"13.06.2022","r":1.3463959E7,"q":1.24,"p":1034637.61,"s":[{"cn":"GlipGlip Ltd.","ui":"6914386","t":2587502.0,"r":2587492.0,"q":2.25,"p":1900000.0,"mot":"U","mo":2587492.0},{"cn":"Flat line","ui":"6928958","t":9593343.0,"r":9593340.0,"q":1.0,"p":850000.0,"mot":"U","mo":9593340.0},{"cn":"\u0026quot;DuS\u0026quot;","ui":"6907437","t":898590.0,"r":898589.0,"q":1.0,"p":700000.0,"mot":"U","mo":898589.0},{"cn":"","ui":"","t":390308.0,"r":384538.0,"q":1.0,"p":600024.5,"mot":"L","mo":384538.0}]},{"d":"14.06.2022","r":1.3718545E7,"q":1.24,"p":1030215.43,"s":[{"cn":"GlipGlip Ltd.","ui":"6914386","t":2587492.0,"r":2587482.0,"q":2.25,"p":1900000.0,"mot":"U","mo":2587482.0},{"cn":"\u0026quot;DuS\u0026quot;","ui":"6907437","t":898589.0,"r":898588.0,"q":1.0,"p":700000.0,"mot":"U","mo":898588.0},{"cn":"Flat line","ui":"6928958","t":9793340.0,"r":9793337.0,"q":1.0,"p":850000.0,"mot":"U","mo":9793337.0},{"cn":"","ui":"","t":444908.0,"r":439138.0,"q":1.0,"p":600022.82,"mot":"L","mo":439138.0}]},{"d":"16.06.2022","r":2.3745683E7,"q":1.16,"p":848546.36,"s":[{"cn":"GlipGlip Ltd.","ui":"6914386","t":2587472.0,"r":2587462.0,"q":2.25,"p":1900000.0,"mot":"U","mo":2587462.0},{"cn":"JK empire","ui":"6991361","t":8518732.0,"r":8518151.0,"q":1.07,"p":600000.0,"mot":"U","mo":8518151.0},{"cn":"Flat line","ui":"6928958","t":1.0193334E7,"r":1.0193331E7,"q":1.0,"p":850000.0,"mot":"U","mo":1.0193331E7},{"cn":"","ui":"","t":2452511.0,"r":2446739.0,"q":1.0,"p":595859.72,"mot":"L","mo":2446739.0}]},{"d":"17.06.2022","r":2.8286219E7,"q":1.15,"p":810430.74,"s":[{"cn":"GlipGlip Ltd.","ui":"6914386","t":2587462.0,"r":2587452.0,"q":2.25,"p":1900000.0,"mot":"U","mo":2587452.0},{"cn":"Flat line","ui":"6928958","t":1.0393331E7,"r":1.0393328E7,"q":1.0,"p":850000.0,"mot":"U","mo":1.0393328E7},{"cn":"JK empire","ui":"6991361","t":1.2804926E7,"r":1.2804345E7,"q":1.07,"p":600000.0,"mot":"U","mo":1.2804345E7},{"cn":"","ui":"","t":2506866.0,"r":2501094.0,"q":1.0,"p":596109.83,"mot":"L","mo":2501094.0}]},{"d":"20.06.2022","r":3.1341555E7,"q":1.14,"p":794744.95,"s":[{"cn":"GlipGlip Ltd.","ui":"6914386","t":2587432.0,"r":2587422.0,"q":2.25,"p":1900000.0,"mot":"U","mo":2587422.0},{"cn":"JK empire","ui":"6991361","t":1.5091896E7,"r":1.5091095E7,"q":1.07,"p":600000.0,"mot":"U","mo":1.5091095E7},{"cn":"Flat line","ui":"6928958","t":1.0993322E7,"r":1.0993319E7,"q":1.0,"p":850000.0,"mot":"U","mo":1.0993319E7},{"cn":"","ui":"","t":2675452.0,"r":2669719.0,"q":1.0,"p":596865.27,"mot":"L","mo":2669719.0}]},{"d":"21.06.2022","r":3.2347038E7,"q":1.13,"p":790251.7,"s":[{"cn":"GlipGlip Ltd.","ui":"6914386","t":2587422.0,"r":2587412.0,"q":2.25,"p":1900000.0,"mot":"U","mo":2587412.0},{"cn":"Flat line","ui":"6928958","t":1.1193319E7,"r":1.1193316E7,"q":1.0,"p":850000.0,"mot":"U","mo":1.1193316E7},{"cn":"JK empire","ui":"6991361","t":1.5840352E7,"r":1.5839601E7,"q":1.07,"p":600000.0,"mot":"U","mo":1.5839601E7},{"cn":"","ui":"","t":2732492.0,"r":2726709.0,"q":1.0,"p":597108.06,"mot":"L","mo":2726709.0}]},{"d":"22.06.2022","r":3.3345501E7,"q":1.13,"p":786068.39,"s":[{"cn":"GlipGlip Ltd.","ui":"6914386","t":2587412.0,"r":2587402.0,"q":2.25,"p":1900000.0,"mot":"U","mo":2587402.0},{"cn":"Flat line","ui":"6928958","t":1.1393316E7,"r":1.1393313E7,"q":1.0,"p":850000.0,"mot":"U","mo":1.1393313E7},{"cn":"JK empire","ui":"6991361","t":1.6581916E7,"r":1.6581165E7,"q":1.07,"p":600000.0,"mot":"U","mo":1.6581165E7},{"cn":"","ui":"","t":2789404.0,"r":2783621.0,"q":1.0,"p":597339.03,"mot":"L","mo":2783621.0}]},{"d":"23.06.2022","r":3.4336455E7,"q":1.13,"p":782167.9,"s":[{"cn":"GlipGlip Ltd.","ui":"6914386","t":2587402.0,"r":2587392.0,"q":2.25,"p":1900000.0,"mot":"U","mo":2587392.0},{"cn":"Flat line","ui":"6928958","t":1.1593313E7,"r":1.159331E7,"q":1.0,"p":850000.0,"mot":"U","mo":1.159331E7},{"cn":"JK empire","ui":"6991361","t":1.7316588E7,"r":1.7315837E7,"q":1.07,"p":600000.0,"mot":"U","mo":1.7315837E7},{"cn":"","ui":"","t":2845699.0,"r":2839916.0,"q":1.0,"p":597557.29,"mot":"L","mo":2839916.0}]},{"d":"24.06.2022","r":3.5330473E7,"q":1.13,"p":778443.92,"s":[{"cn":"GlipGlip Ltd.","ui":"6914386","t":2587392.0,"r":2587382.0,"q":2.25,"p":1900000.0,"mot":"U","mo":2587382.0},{"cn":"Flat line","ui":"6928958","t":1.179331E7,"r":1.1793307E7,"q":1.0,"p":850000.0,"mot":"U","mo":1.1793307E7},{"cn":"JK empire","ui":"6991361","t":1.8044368E7,"r":1.8043617E7,"q":1.07,"p":600000.0,"mot":"U","mo":1.8043617E7},{"cn":"","ui":"","t":2907170.0,"r":2906167.0,"q":1.0,"p":597448.46,"mot":"L","mo":2906167.0}]},{"d":"27.06.2022","r":3.8421714E7,"q":1.12,"p":767990.65,"s":[{"cn":"GlipGlip Ltd.","ui":"6914386","t":2587362.0,"r":2587352.0,"q":2.25,"p":1900000.0,"mot":"U","mo":2587352.0},{"cn":"JK empire","ui":"6991361","t":2.0351762E7,"r":2.0351151E7,"q":1.07,"p":600000.0,"mot":"U","mo":2.0351151E7},{"cn":"Flat line","ui":"6928958","t":1.2393301E7,"r":1.2393298E7,"q":1.0,"p":850000.0,"mot":"U","mo":1.2393298E7},{"cn":"","ui":"","t":3091136.0,"r":3089913.0,"q":1.0,"p":597607.21,"mot":"L","mo":3089913.0}]},{"d":"28.06.2022","r":3.9479472E7,"q":1.12,"p":764756.43,"s":[{"cn":"GlipGlip Ltd.","ui":"6914386","t":2587352.0,"r":2587342.0,"q":2.25,"p":1900000.0,"mot":"U","mo":2587342.0},{"cn":"JK empire","ui":"6991361","t":2.1148601E7,"r":2.114799E7,"q":1.07,"p":600000.0,"mot":"U","mo":2.114799E7},{"cn":"Flat line","ui":"6928958","t":1.2593298E7,"r":1.2593295E7,"q":1.0,"p":850000.0,"mot":"U","mo":1.2593295E7},{"cn":"","ui":"","t":3152068.0,"r":3150845.0,"q":1.0,"p":597660.44,"mot":"L","mo":3150845.0}]},{"d":"29.06.2022","r":4.053021E7,"q":1.12,"p":761719.0,"s":[{"cn":"GlipGlip Ltd.","ui":"6914386","t":2587342.0,"r":2587332.0,"q":2.25,"p":1900000.0,"mot":"U","mo":2587332.0},{"cn":"JK empire","ui":"6991361","t":2.1938548E7,"r":2.1937937E7,"q":1.07,"p":600000.0,"mot":"U","mo":2.1937937E7},{"cn":"Flat line","ui":"6928958","t":1.2793295E7,"r":1.2793292E7,"q":1.0,"p":850000.0,"mot":"U","mo":1.2793292E7},{"cn":"","ui":"","t":3212872.0,"r":3211649.0,"q":1.0,"p":597711.55,"mot":"L","mo":3211649.0}]},{"d":"30.06.2022","r":4.1573967E7,"q":1.12,"p":758861.82,"s":[{"cn":"GlipGlip Ltd.","ui":"6914386","t":2587332.0,"r":2587322.0,"q":2.25,"p":1900000.0,"mot":"U","mo":2587322.0},{"cn":"JK empire","ui":"6991361","t":2.2721603E7,"r":2.2720997E7,"q":1.07,"p":600000.0,"mot":"U","mo":2.2720997E7},{"cn":"Flat line","ui":"6928958","t":1.2993292E7,"r":1.2993289E7,"q":1.0,"p":850000.0,"mot":"U","mo":1.2993289E7},{"cn":"","ui":"","t":3273612.0,"r":3272359.0,"q":1.0,"p":597761.61,"mot":"L","mo":3272359.0}]},{"d":"01.07.2022","r":4.2611324E7,"q":1.11,"p":756168.11,"s":[{"cn":"GlipGlip Ltd.","ui":"6914386","t":2587322.0,"r":2587312.0,"q":2.25,"p":1900000.0,"mot":"U","mo":2587312.0},{"cn":"JK empire","ui":"6991361","t":2.3497772E7,"r":2.3497166E7,"q":1.07,"p":600000.0,"mot":"U","mo":2.3497166E7},{"cn":"Flat line","ui":"6928958","t":1.3193289E7,"r":1.3193286E7,"q":1.0,"p":850000.0,"mot":"U","mo":1.3193286E7},{"cn":"","ui":"","t":3334813.0,"r":3333560.0,"q":1.0,"p":597811.01,"mot":"L","mo":3333560.0}]},{"d":"04.07.2022","r":4.5279178E7,"q":1.11,"p":750280.15,"s":[{"cn":"GlipGlip Ltd.","ui":"6914386","t":2587292.0,"r":2587282.0,"q":2.25,"p":1900000.0,"mot":"U","mo":2587282.0},{"cn":"JK empire","ui":"6991361","t":2.5384927E7,"r":2.5384321E7,"q":1.07,"p":600000.0,"mot":"U","mo":2.5384321E7},{"cn":"Flat line","ui":"6928958","t":1.379328E7,"r":1.3793277E7,"q":1.0,"p":850000.0,"mot":"U","mo":1.3793277E7},{"cn":"","ui":"","t":3515561.0,"r":3514298.0,"q":1.0,"p":597944.34,"mot":"L","mo":3514298.0}]},{"d":"05.07.2022","r":4.7742122E7,"q":1.11,"p":897574.07,"s":[{"cn":"Glukes Ltd.","ui":"5272843","t":3100875.0,"r":3100875.0,"q":1.01,"p":3000000.0,"mot":"U","mo":3100875.0},{"cn":"GlipGlip Ltd.","ui":"6914386","t":2587282.0,"r":2587272.0,"q":2.25,"p":1900000.0,"mot":"U","mo":2587272.0},{"cn":"JK empire","ui":"6991361","t":2.5384321E7,"r":2.5383715E7,"q":1.07,"p":600000.0,"mot":"U","mo":2.5383715E7},{"cn":"Flat line","ui":"6928958","t":1.3993277E7,"r":1.3993275E7,"q":1.0,"p":850000.0,"mot":"U","mo":1.3993275E7},{"cn":"","ui":"","t":2677247.0,"r":2676985.0,"q":1.0,"p":563744.66,"mot":"L","mo":2676985.0}]},{"d":"06.07.2022","r":4.4902374E7,"q":1.11,"p":751767.65,"s":[{"cn":"GlipGlip Ltd.","ui":"6914386","t":2587272.0,"r":2587262.0,"q":2.25,"p":1900000.0,"mot":"U","mo":2587262.0},{"cn":"JK empire","ui":"6991361","t":2.5383715E7,"r":2.5383109E7,"q":1.07,"p":600000.0,"mot":"U","mo":2.5383109E7},{"cn":"Flat line","ui":"6928958","t":1.4193275E7,"r":1.4193273E7,"q":1.0,"p":850000.0,"mot":"U","mo":1.4193273E7},{"cn":"","ui":"","t":2738992.0,"r":2738730.0,"q":1.0,"p":564570.73,"mot":"L","mo":2738730.0}]},{"d":"07.07.2022","r":4.5592065E7,"q":1.11,"p":749531.77,"s":[{"cn":"GlipGlip Ltd.","ui":"6914386","t":2587262.0,"r":2587252.0,"q":2.25,"p":1900000.0,"mot":"U","mo":2587252.0},{"cn":"Flat line","ui":"6928958","t":1.4393273E7,"r":1.4393271E7,"q":1.0,"p":850000.0,"mot":"U","mo":1.4393271E7},{"cn":"JK empire","ui":"6991361","t":2.5383109E7,"r":2.5382503E7,"q":1.07,"p":600000.0,"mot":"U","mo":2.5382503E7},{"cn":"","ui":"","t":3229401.0,"r":3229039.0,"q":1.0,"p":555317.05,"mot":"L","mo":3229039.0}]},{"d":"08.07.2022","r":4.6285121E7,"q":1.11,"p":747353.77,"s":[{"cn":"GlipGlip Ltd.","ui":"6914386","t":2587252.0,"r":2587242.0,"q":2.25,"p":1900000.0,"mot":"U","mo":2587242.0},{"cn":"Flat line","ui":"6928958","t":1.4593271E7,"r":1.4593269E7,"q":1.0,"p":850000.0,"mot":"U","mo":1.4593269E7},{"cn":"JK empire","ui":"6991361","t":2.5382503E7,"r":2.5381897E7,"q":1.07,"p":600000.0,"mot":"U","mo":2.5381897E7},{"cn":"","ui":"","t":3723075.0,"r":3722713.0,"q":1.0,"p":548573.83,"mot":"L","mo":3722713.0}]},{"d":"11.07.2022","r":4.7859254E7,"q":1.11,"p":743839.1,"s":[{"cn":"GlipGlip Ltd.","ui":"6914386","t":2587222.0,"r":2587212.0,"q":2.25,"p":1900000.0,"mot":"U","mo":2587212.0},{"cn":"JK empire","ui":"6991361","t":2.5380685E7,"r":2.5380079E7,"q":1.07,"p":600000.0,"mot":"U","mo":2.5380079E7},{"cn":"Flat line","ui":"6928958","t":1.5193265E7,"r":1.5193263E7,"q":1.0,"p":850000.0,"mot":"U","mo":1.5193263E7},{"cn":"","ui":"","t":4699062.0,"r":4698700.0,"q":1.0,"p":540907.24,"mot":"L","mo":4698700.0}]},{"d":"12.07.2022","r":4.8301254E7,"q":1.1,"p":743150.86,"s":[{"cn":"GlipGlip Ltd.","ui":"6914386","t":2587212.0,"r":2587202.0,"q":2.25,"p":1900000.0,"mot":"U","mo":2587202.0},{"cn":"Flat line","ui":"6928958","t":1.5393263E7,"r":1.5393261E7,"q":1.0,"p":850000.0,"mot":"U","mo":1.5393261E7},{"cn":"JK empire","ui":"6991361","t":2.5380079E7,"r":2.5379473E7,"q":1.07,"p":600000.0,"mot":"U","mo":2.5379473E7},{"cn":"","ui":"","t":4941680.0,"r":4941318.0,"q":1.0,"p":539831.48,"mot":"L","mo":4941318.0}]},{"d":"13.07.2022","r":4.8741373E7,"q":1.1,"p":742483.18,"s":[{"cn":"GlipGlip Ltd.","ui":"6914386","t":2587202.0,"r":2587192.0,"q":2.25,"p":1900000.0,"mot":"U","mo":2587192.0},{"cn":"Flat line","ui":"6928958","t":1.5593261E7,"r":1.5593259E7,"q":1.0,"p":850000.0,"mot":"U","mo":1.5593259E7},{"cn":"JK empire","ui":"6991361","t":2.5379473E7,"r":2.5378867E7,"q":1.07,"p":600000.0,"mot":"U","mo":2.5378867E7},{"cn":"","ui":"","t":5182318.0,"r":5182055.0,"q":1.0,"p":538858.56,"mot":"L","mo":5182055.0}]},{"d":"14.07.2022","r":4.9993669E7,"q":1.1,"p":739525.85,"s":[{"cn":"GlipGlip Ltd.","ui":"6914386","t":2587192.0,"r":2587182.0,"q":2.25,"p":1900000.0,"mot":"U","mo":2587182.0},{"cn":"JK empire","ui":"6991361","t":2.619169E7,"r":2.6191084E7,"q":1.07,"p":600000.0,"mot":"U","mo":2.6191084E7},{"cn":"Flat line","ui":"6928958","t":1.5793259E7,"r":1.5793257E7,"q":1.0,"p":850000.0,"mot":"U","mo":1.5793257E7},{"cn":"","ui":"","t":5422409.0,"r":5422146.0,"q":1.0,"p":537987.33,"mot":"L","mo":5422146.0}]},{"d":"15.07.2022","r":5.1238127E7,"q":1.1,"p":736737.82,"s":[{"cn":"GlipGlip Ltd.","ui":"6914386","t":2587182.0,"r":2587172.0,"q":2.25,"p":1900000.0,"mot":"U","mo":2587172.0},{"cn":"JK empire","ui":"6991361","t":2.699702E7,"r":2.6996764E7,"q":1.07,"p":600000.0,"mot":"U","mo":2.6996764E7},{"cn":"Flat line","ui":"6928958","t":1.5993257E7,"r":1.5993255E7,"q":1.0,"p":850000.0,"mot":"U","mo":1.5993255E7},{"cn":"","ui":"","t":5661609.0,"r":5660936.0,"q":1.0,"p":537210.5,"mot":"L","mo":5660936.0}]},{"d":"18.07.2022","r":5.2386221E7,"q":1.11,"p":733328.74,"s":[{"cn":"Met Company Ltd.","ui":"6630370","t":2869174.0,"r":2868374.0,"q":1.01,"p":450000.0,"mot":"U","mo":2868374.0},{"cn":"Flat line","ui":"6928958","t":1.6593251E7,"r":1.6593249E7,"q":1.0,"p":850000.0,"mot":"U","mo":1.6593249E7},{"cn":"JK empire","ui":"6991361","t":2.9369992E7,"r":2.9369936E7,"q":1.08,"p":600000.0,"mot":"U","mo":2.9369936E7},{"cn":"","ui":"","t":3554842.0,"r":3554662.0,"q":1.91,"p":1518943.24,"mot":"L","mo":3554662.0}]},{"d":"19.07.2022","r":5.3532696E7,"q":1.11,"p":730931.15,"s":[{"cn":"Met Company Ltd.","ui":"6630370","t":3039119.0,"r":3038129.0,"q":1.01,"p":450000.0,"mot":"U","mo":3038129.0},{"cn":"JK empire","ui":"6991361","t":3.0146576E7,"r":3.014652E7,"q":1.08,"p":600000.0,"mot":"U","mo":3.014652E7},{"cn":"Flat line","ui":"6928958","t":1.6793249E7,"r":1.6793247E7,"q":1.0,"p":850000.0,"mot":"U","mo":1.6793247E7},{"cn":"","ui":"","t":3554821.0,"r":3554800.0,"q":1.91,"p":1518899.74,"mot":"L","mo":3554800.0}]},{"d":"20.07.2022","r":5.4501031E7,"q":1.11,"p":729524.77,"s":[{"cn":"Met Company Ltd.","ui":"6630370","t":3038129.0,"r":3037139.0,"q":1.01,"p":450000.0,"mot":"U","mo":3037139.0},{"cn":"JK empire","ui":"6991361","t":3.0915924E7,"r":3.0915868E7,"q":1.08,"p":600000.0,"mot":"U","mo":3.0915868E7},{"cn":"Flat line","ui":"6928958","t":1.6993247E7,"r":1.6993245E7,"q":1.0,"p":850000.0,"mot":"U","mo":1.6993245E7},{"cn":"","ui":"","t":3554800.0,"r":3554779.0,"q":1.91,"p":1518901.82,"mot":"L","mo":3554779.0}]},{"d":"21.07.2022","r":5.5462129E7,"q":1.11,"p":728184.21,"s":[{"cn":"Met Company Ltd.","ui":"6630370","t":3037139.0,"r":3036149.0,"q":1.01,"p":450000.0,"mot":"U","mo":3036149.0},{"cn":"Flat line","ui":"6928958","t":1.7193245E7,"r":1.7193243E7,"q":1.0,"p":850000.0,"mot":"U","mo":1.7193243E7},{"cn":"JK empire","ui":"6991361","t":3.1678035E7,"r":3.1677979E7,"q":1.09,"p":600000.0,"mot":"U","mo":3.1677979E7},{"cn":"","ui":"","t":3554779.0,"r":3554758.0,"q":1.91,"p":1518903.9,"mot":"L","mo":3554758.0}]},{"d":"22.07.2022","r":5.6430177E7,"q":1.11,"p":726834.74,"s":[{"cn":"Met Company Ltd.","ui":"6630370","t":3036149.0,"r":3035159.0,"q":1.01,"p":450000.0,"mot":"U","mo":3035159.0},{"cn":"Flat line","ui":"6928958","t":1.7393243E7,"r":1.7393241E7,"q":1.0,"p":850000.0,"mot":"U","mo":1.7393241E7},{"cn":"JK empire","ui":"6991361","t":3.243291E7,"r":3.2432854E7,"q":1.09,"p":600000.0,"mot":"U","mo":3.2432854E7},{"cn":"","ui":"","t":3568944.0,"r":3568923.0,"q":1.91,"p":1514637.35,"mot":"L","mo":3568923.0}]},{"d":"25.07.2022","r":5.7760478E7,"q":1.11,"p":723405.88,"s":[{"cn":"Met Company Ltd.","ui":"6630370","t":3033179.0,"r":3032189.0,"q":1.01,"p":390000.0,"mot":"U","mo":3032189.0},{"cn":"JK empire","ui":"6991361","t":3.3180436E7,"r":3.318038E7,"q":1.09,"p":600000.0,"mot":"U","mo":3.318038E7},{"cn":"Flat line","ui":"6928958","t":1.7993237E7,"r":1.7993235E7,"q":1.0,"p":850000.0,"mot":"U","mo":1.7993235E7},{"cn":"","ui":"","t":3554695.0,"r":3554674.0,"q":1.91,"p":1518912.23,"mot":"L","mo":3554674.0}]},{"d":"26.07.2022","r":5.7963493E7,"q":1.11,"p":723821.67,"s":[{"cn":"Met Company Ltd.","ui":"6630370","t":3032189.0,"r":3031199.0,"q":1.01,"p":390000.0,"mot":"U","mo":3031199.0},{"cn":"Flat line","ui":"6928958","t":1.8193235E7,"r":1.8193233E7,"q":1.0,"p":850000.0,"mot":"U","mo":1.8193233E7},{"cn":"JK empire","ui":"6991361","t":3.318038E7,"r":3.3180324E7,"q":1.09,"p":600000.0,"mot":"U","mo":3.3180324E7},{"cn":"","ui":"","t":3558758.0,"r":3558737.0,"q":1.91,"p":1517567.13,"mot":"L","mo":3558737.0}]},{"d":"27.07.2022","r":2.4981554E7,"q":1.13,"p":888708.57,"s":[{"cn":"Met Company Ltd.","ui":"6630370","t":3031878.0,"r":3031567.0,"q":1.01,"p":385000.0,"mot":"U","mo":3031567.0},{"cn":"GlipGlip Ltd.","ui":"6914386","t":2587062.0,"r":2587052.0,"q":2.25,"p":1900000.0,"mot":"U","mo":2587052.0},{"cn":"Flat line","ui":"6928958","t":1.8393233E7,"r":1.8393231E7,"q":1.0,"p":850000.0,"mot":"U","mo":1.8393231E7},{"cn":"","ui":"","t":970695.0,"r":969704.0,"q":1.0,"p":499660.49,"mot":"L","mo":969704.0}]},{"d":"28.07.2022","r":2.5257786E7,"q":1.13,"p":888485.82,"s":[{"cn":"Met Company Ltd.","ui":"6630370","t":3031567.0,"r":3031256.0,"q":1.01,"p":385000.0,"mot":"U","mo":3031256.0},{"cn":"GlipGlip Ltd.","ui":"6914386","t":2587052.0,"r":2587042.0,"q":2.25,"p":1900000.0,"mot":"U","mo":2587042.0},{"cn":"Flat line","ui":"6928958","t":1.8593231E7,"r":1.8593229E7,"q":1.0,"p":850000.0,"mot":"U","mo":1.8593229E7},{"cn":"","ui":"","t":1046271.0,"r":1046259.0,"q":1.0,"p":530009.12,"mot":"L","mo":1046259.0}]},{"d":"29.07.2022","r":2.5457451E7,"q":1.13,"p":887594.1,"s":[{"cn":"GlipGlip Ltd.","ui":"6914386","t":2587042.0,"r":2587032.0,"q":2.25,"p":1900000.0,"mot":"U","mo":2587032.0},{"cn":"Met Company Ltd.","ui":"6630370","t":3031256.0,"r":3030945.0,"q":1.01,"p":380000.0,"mot":"U","mo":3030945.0},{"cn":"Flat line","ui":"6928958","t":1.8793229E7,"r":1.8793227E7,"q":1.0,"p":850000.0,"mot":"U","mo":1.8793227E7},{"cn":"","ui":"","t":1046259.0,"r":1046247.0,"q":1.0,"p":530009.08,"mot":"L","mo":1046247.0}]},{"d":"01.08.2022","r":6.4269405E7,"q":1.01,"p":503182.37,"s":[{"cn":"Met Company Ltd.","ui":"6630370","t":4.3030323E7,"r":4.3030012E7,"q":1.01,"p":350000.0,"mot":"U","mo":4.3030012E7},{"cn":"Flat line","ui":"6928958","t":1.9393223E7,"r":1.9393221E7,"q":1.0,"p":850000.0,"mot":"U","mo":1.9393221E7},{"cn":"","ui":"","t":1847165.0,"r":1846172.0,"q":1.0,"p":430344.14,"mot":"L","mo":1846172.0}]},{"d":"02.08.2022","r":6.4786802E7,"q":1.01,"p":463396.99,"s":[{"cn":"Met Company Ltd.","ui":"6630370","t":4.3094012E7,"r":4.3093701E7,"q":1.01,"p":290000.0,"mot":"U","mo":4.3093701E7},{"cn":"Flat line","ui":"6928958","t":1.9593221E7,"r":1.9593219E7,"q":1.0,"p":850000.0,"mot":"U","mo":1.9593219E7},{"cn":"","ui":"","t":2100875.0,"r":2099882.0,"q":1.0,"p":414594.39,"mot":"L","mo":2099882.0}]},{"d":"03.08.2022","r":6.5161076E7,"q":1.01,"p":463423.68,"s":[{"cn":"Met Company Ltd.","ui":"6630370","t":4.3092632E7,"r":4.3091247E7,"q":1.01,"p":290000.0,"mot":"U","mo":4.3091247E7},{"cn":"Flat line","ui":"6928958","t":1.9793221E7,"r":1.9793221E7,"q":1.0,"p":850000.0,"mot":"U","mo":1.9793221E7},{"cn":"","ui":"","t":2276630.0,"r":2276608.0,"q":1.0,"p":384996.61,"mot":"L","mo":2276608.0}]},{"d":"04.08.2022","r":6.5613793E7,"q":1.01,"p":463713.93,"s":[{"cn":"Met Company Ltd.","ui":"6630370","t":4.3091247E7,"r":4.3089762E7,"q":1.01,"p":290000.0,"mot":"U","mo":4.3089762E7},{"cn":"Flat line","ui":"6928958","t":1.9993221E7,"r":1.9993221E7,"q":1.0,"p":850000.0,"mot":"U","mo":1.9993221E7},{"cn":"","ui":"","t":2530832.0,"r":2530810.0,"q":1.0,"p":369747.55,"mot":"L","mo":2530810.0}]},{"d":"05.08.2022","r":6.6066271E7,"q":1.01,"p":464193.72,"s":[{"cn":"Met Company Ltd.","ui":"6630370","t":4.3089762E7,"r":4.3088277E7,"q":1.01,"p":290000.0,"mot":"U","mo":4.3088277E7},{"cn":"Flat line","ui":"6928958","t":2.0193221E7,"r":2.0193221E7,"q":1.0,"p":850000.0,"mot":"U","mo":2.0193221E7},{"cn":"","ui":"","t":2784795.0,"r":2784773.0,"q":1.0,"p":361864.32,"mot":"L","mo":2784773.0}]},{"d":"08.08.2022","r":1.07427837E8,"q":1.06,"p":368953.56,"s":[{"cn":"Met Company Ltd.","ui":"6630370","t":8.3085307E7,"r":8.3083826E7,"q":1.08,"p":250000.0,"mot":"U","mo":8.3083826E7},{"cn":"Flat line","ui":"6928958","t":2.0793221E7,"r":2.0793221E7,"q":1.0,"p":850000.0,"mot":"U","mo":2.0793221E7},{"cn":"","ui":"","t":3550812.0,"r":3550790.0,"q":1.0,"p":335330.45,"mot":"L","mo":3550790.0}]},{"d":"09.08.2022","r":2.557175E7,"q":1.13,"p":920684.7,"s":[{"cn":"GlipGlip Ltd.","ui":"6914386","t":2587022.0,"r":2587012.0,"q":2.25,"p":1900000.0,"mot":"U","mo":2587012.0},{"cn":"Flat line","ui":"6928958","t":2.0993221E7,"r":2.0993221E7,"q":1.0,"p":850000.0,"mot":"U","mo":2.0993221E7},{"cn":"","ui":"","t":3806976.0,"r":1991517.0,"q":1.0,"p":393648.86,"mot":"L","mo":1991517.0}]},{"d":"10.08.2022","r":2.3226737E7,"q":1.0,"p":809876.81,"s":[{"cn":"Flat line","ui":"6928958","t":2.1193221E7,"r":2.1193221E7,"q":1.0,"p":850000.0,"mot":"U","mo":2.1193221E7},{"cn":"","ui":"","t":4063140.0,"r":2033516.0,"q":1.0,"p":391714.6,"mot":"L","mo":2033516.0}]},{"d":"11.08.2022","r":2.3468736E7,"q":1.0,"p":809306.27,"s":[{"cn":"Flat line","ui":"6928958","t":2.1393221E7,"r":2.1393221E7,"q":1.0,"p":850000.0,"mot":"U","mo":2.1393221E7},{"cn":"","ui":"","t":4318939.0,"r":2075515.0,"q":1.0,"p":389858.61,"mot":"L","mo":2075515.0}]},{"d":"12.08.2022","r":2.3710735E7,"q":1.0,"p":808747.38,"s":[{"cn":"Flat line","ui":"6928958","t":2.1593221E7,"r":2.1593221E7,"q":1.0,"p":850000.0,"mot":"U","mo":2.1593221E7},{"cn":"","ui":"","t":6860552.0,"r":2117514.0,"q":1.0,"p":388076.25,"mot":"L","mo":2117514.0}]},{"d":"15.08.2022","r":2.5336732E7,"q":1.0,"p":786636.27,"s":[{"cn":"Flat line","ui":"6928958","t":2.2193221E7,"r":2.2193221E7,"q":1.0,"p":850000.0,"mot":"U","mo":2.2193221E7},{"cn":"","ui":"","t":6985261.0,"r":3143511.0,"q":1.0,"p":339287.66,"mot":"L","mo":3143511.0}]},{"d":"16.08.2022","r":2.8578731E7,"q":1.01,"p":724678.5,"s":[{"cn":"Met Company Ltd.","ui":"7150058","t":2.0E7,"r":2.0E7,"q":1.09,"p":199000.0,"mot":"L","mo":3000000.0},{"cn":"Flat line","ui":"6928958","t":2.2393221E7,"r":2.2393221E7,"q":1.0,"p":850000.0,"mot":"U","mo":2.2393221E7},{"cn":"","ui":"","t":7026809.0,"r":3185510.0,"q":1.0,"p":338769.62,"mot":"L","mo":3185510.0}]},{"d":"17.08.2022","r":2.882073E7,"q":1.01,"p":712542.37,"s":[{"cn":"Met Company Ltd.","ui":"7150058","t":2.0E7,"r":2.0E7,"q":1.09,"p":80000.0,"mot":"L","mo":3000000.0},{"cn":"Flat line","ui":"6928958","t":2.2593221E7,"r":2.2593221E7,"q":1.0,"p":850000.0,"mot":"U","mo":2.2593221E7},{"cn":"","ui":"","t":7068357.0,"r":3227509.0,"q":1.0,"p":338265.05,"mot":"L","mo":3227509.0}]},{"d":"18.08.2022","r":2.9062729E7,"q":1.01,"p":712892.13,"s":[{"cn":"Met Company Ltd.","ui":"7150058","t":2.0E7,"r":1.99988E7,"q":1.09,"p":80000.0,"mot":"L","mo":3000000.0},{"cn":"Flat line","ui":"6928958","t":2.2793221E7,"r":2.2793221E7,"q":1.0,"p":850000.0,"mot":"U","mo":2.2793221E7},{"cn":"","ui":"","t":7109905.0,"r":3269508.0,"q":1.0,"p":337773.45,"mot":"L","mo":3269508.0}]},{"d":"19.08.2022","r":3.0304728E7,"q":1.01,"p":693000.46,"s":[{"cn":"Met Company Ltd.","ui":"7150058","t":1.99988E7,"r":1.99976E7,"q":1.09,"p":80000.0,"mot":"L","mo":3000000.0},{"cn":"Flat line","ui":"6928958","t":2.2993221E7,"r":2.2993221E7,"q":1.0,"p":850000.0,"mot":"U","mo":2.2993221E7},{"cn":"","ui":"","t":8151901.0,"r":4311507.0,"q":1.01,"p":282256.88,"mot":"L","mo":4311507.0}]},{"d":"22.08.2022","r":2.8030719E7,"q":1.0,"p":760201.27,"s":[{"cn":"Flat line","ui":"6928958","t":2.3593221E7,"r":2.3593221E7,"q":1.0,"p":850000.0,"mot":"U","mo":2.3593221E7},{"cn":"\u0026quot;DuS\u0026quot;","ui":"7119496","t":1470000.0,"r":1470000.0,"q":1.01,"p":300000.0,"mot":"U","mo":1470000.0},{"cn":"","ui":"","t":6807885.0,"r":2967498.0,"q":1.0,"p":274221.04,"mot":"L","mo":2967498.0}]},{"d":"23.08.2022","r":2.9232717E7,"q":1.0,"p":743604.76,"s":[{"cn":"Flat line","ui":"6928958","t":2.3793221E7,"r":2.3793221E7,"q":1.0,"p":850000.0,"mot":"U","mo":2.3793221E7},{"cn":"\u0026quot;DuS\u0026quot;","ui":"7119496","t":1512000.0,"r":1512000.0,"q":1.01,"p":300000.0,"mot":"U","mo":1512000.0},{"cn":"","ui":"","t":2.680788E7,"r":3927496.0,"q":1.03,"p":269828.36,"mot":"L","mo":3927496.0}]},{"d":"24.08.2022","r":2.8514723E7,"q":1.0,"p":765155.17,"s":[{"cn":"Flat line","ui":"6928958","t":2.3993221E7,"r":2.3993221E7,"q":1.0,"p":850000.0,"mot":"U","mo":2.3993221E7},{"cn":"\u0026quot;DuS\u0026quot;","ui":"7119496","t":1554000.0,"r":1554000.0,"q":1.01,"p":300000.0,"mot":"U","mo":1554000.0},{"cn":"","ui":"","t":3.1436485E7,"r":2967502.0,"q":1.03,"p":322746.2,"mot":"L","mo":2967502.0}]},{"d":"25.08.2022","r":2.7756722E7,"q":1.0,"p":783982.61,"s":[{"cn":"Flat line","ui":"6928958","t":2.4193221E7,"r":2.4193221E7,"q":1.0,"p":850000.0,"mot":"U","mo":2.4193221E7},{"cn":"\u0026quot;DuS\u0026quot;","ui":"7119496","t":1596000.0,"r":1596000.0,"q":1.01,"p":300000.0,"mot":"U","mo":1596000.0},{"cn":"","ui":"","t":1.1913474E7,"r":1967501.0,"q":1.01,"p":364802.61,"mot":"L","mo":1967501.0}]},{"d":"26.08.2022","r":3.1920408E7,"q":1.02,"p":715482.94,"s":[{"cn":"Met Company Ltd.","ui":"7150058","t":1.9853603E7,"r":1.9853603E7,"q":1.09,"p":240000.0,"mot":"L","mo":3000000.0},{"cn":"Flat line","ui":"6928958","t":2.4393221E7,"r":2.4393221E7,"q":1.0,"p":850000.0,"mot":"U","mo":2.4393221E7},{"cn":"\u0026quot;DuS\u0026quot;","ui":"7119496","t":1638000.0,"r":1638000.0,"q":1.01,"p":300000.0,"mot":"U","mo":1638000.0},{"cn":"","ui":"","t":1.3165336E7,"r":2889187.0,"q":1.09,"p":309038.33,"mot":"L","mo":2889187.0}]},{"d":"29.08.2022","r":2.9645655E7,"q":1.01,"p":763326.9,"s":[{"cn":"Flat line","ui":"6928958","t":2.4993221E7,"r":2.4993221E7,"q":1.0,"p":850000.0,"mot":"U","mo":2.4993221E7},{"cn":"\u0026quot;DuS\u0026quot;","ui":"7119496","t":1764000.0,"r":1764000.0,"q":1.01,"p":300000.0,"mot":"U","mo":1764000.0},{"cn":"","ui":"","t":1.4150973E7,"r":2888434.0,"q":1.1,"p":296315.6,"mot":"L","mo":2888434.0}]},{"d":"30.08.2022","r":2.9948079E7,"q":1.01,"p":762283.48,"s":[{"cn":"Flat line","ui":"6928958","t":2.5193221E7,"r":2.5193221E7,"q":1.0,"p":850000.0,"mot":"U","mo":2.5193221E7},{"cn":"\u0026quot;DuS\u0026quot;","ui":"7119496","t":1806000.0,"r":1806000.0,"q":1.01,"p":300000.0,"mot":"U","mo":1806000.0},{"cn":"","ui":"","t":1.4538913E7,"r":2948858.0,"q":1.09,"p":296008.79,"mot":"L","mo":2948858.0}]},{"d":"31.08.2022","r":3.0128953E7,"q":1.01,"p":762864.12,"s":[{"cn":"Flat line","ui":"6928958","t":2.5393221E7,"r":2.5393221E7,"q":1.0,"p":850000.0,"mot":"U","mo":2.5393221E7},{"cn":"\u0026quot;DuS\u0026quot;","ui":"7119496","t":1848000.0,"r":1848000.0,"q":1.01,"p":300000.0,"mot":"U","mo":1848000.0},{"cn":"","ui":"","t":1.4804688E7,"r":2887732.0,"q":1.1,"p":292845.54,"mot":"L","mo":2887732.0}]},{"d":"01.09.2022","r":3.0370582E7,"q":1.01,"p":762502.57,"s":[{"cn":"Flat line","ui":"6928958","t":2.5593221E7,"r":2.5593221E7,"q":1.0,"p":850000.0,"mot":"U","mo":2.5593221E7},{"cn":"\u0026quot;DuS\u0026quot;","ui":"7119496","t":1890000.0,"r":1890000.0,"q":1.01,"p":300000.0,"mot":"U","mo":1890000.0},{"cn":"","ui":"","t":1.5130622E7,"r":2887361.0,"q":1.1,"p":289679.34,"mot":"L","mo":2887361.0}]},{"d":"02.09.2022","r":3.3622211E7,"q":1.02,"p":714714.42,"s":[{"cn":"Met Company Ltd.","ui":"7150058","t":1.9853603E7,"r":1.9853603E7,"q":1.09,"p":230000.0,"mot":"L","mo":3000000.0},{"cn":"Flat line","ui":"6928958","t":2.5793221E7,"r":2.5793221E7,"q":1.0,"p":850000.0,"mot":"U","mo":2.5793221E7},{"cn":"\u0026quot;DuS\u0026quot;","ui":"7119496","t":1932000.0,"r":1932000.0,"q":1.01,"p":300000.0,"mot":"U","mo":1932000.0},{"cn":"","ui":"","t":1.7455921E7,"r":2896990.0,"q":1.1,"p":288727.65,"mot":"L","mo":2896990.0}]},{"d":"05.09.2022","r":3.3379888E7,"q":1.02,"p":719773.48,"s":[{"cn":"Met Company Ltd.","ui":"7150058","t":1.9853603E7,"r":1.9853603E7,"q":1.09,"p":210000.0,"mot":"L","mo":3000000.0},{"cn":"Flat line","ui":"6928958","t":2.6393221E7,"r":2.6393221E7,"q":1.0,"p":850000.0,"mot":"U","mo":2.6393221E7},{"cn":"\u0026quot;DuS\u0026quot;","ui":"7119496","t":2058000.0,"r":2058000.0,"q":1.02,"p":300000.0,"mot":"U","mo":2058000.0},{"cn":"","ui":"","t":1.7440095E7,"r":1928667.0,"q":1.16,"p":178527.64,"mot":"L","mo":1928667.0}]},{"d":"06.09.2022","r":5.0475191E7,"q":1.04,"p":543758.25,"s":[{"cn":"Met Company Ltd.","ui":"7150058","t":1.9853603E7,"r":1.9853603E7,"q":1.09,"p":195000.0,"mot":"U","mo":1.9853603E7},{"cn":"Flat line","ui":"6928958","t":2.6593221E7,"r":2.6593221E7,"q":1.0,"p":850000.0,"mot":"U","mo":2.6593221E7},{"cn":"","ui":"","t":1.9842754E7,"r":4028367.0,"q":1.09,"p":240944.09,"mot":"L","mo":4028367.0}]},{"d":"07.09.2022","r":5.0716891E7,"q":1.04,"p":540842.93,"s":[{"cn":"Met Company Ltd.","ui":"7150058","t":1.9853603E7,"r":1.9853603E7,"q":1.09,"p":185000.0,"mot":"U","mo":1.9853603E7},{"cn":"Flat line","ui":"6928958","t":2.6793221E7,"r":2.6793221E7,"q":1.0,"p":850000.0,"mot":"U","mo":2.6793221E7},{"cn":"","ui":"","t":2.0186797E7,"r":4070067.0,"q":1.09,"p":241450.0,"mot":"L","mo":4070067.0}]},{"d":"08.09.2022","r":3.1104988E7,"q":1.01,"p":769636.08,"s":[{"cn":"Flat line","ui":"6928958","t":2.6993221E7,"r":2.6993221E7,"q":1.0,"p":850000.0,"mot":"U","mo":2.6993221E7},{"cn":"\u0026quot;DuS\u0026quot;","ui":"7119496","t":2184000.0,"r":2184000.0,"q":1.02,"p":300000.0,"mot":"U","mo":2184000.0},{"cn":"","ui":"","t":1.8379314E7,"r":1927767.0,"q":1.17,"p":176413.08,"mot":"L","mo":1927767.0}]},{"d":"09.09.2022","r":7.6553756E7,"q":1.12,"p":619293.78,"s":[{"cn":"Met Company Ltd.","ui":"7150058","t":1.9853603E7,"r":1.9853603E7,"q":1.09,"p":180000.0,"mot":"U","mo":1.9853603E7},{"cn":"JK empire","ui":"6991361","t":2.2766443E7,"r":2.2766443E7,"q":1.17,"p":650000.0,"mot":"U","mo":2.2766443E7},{"cn":"Flat line","ui":"6928958","t":2.7193221E7,"r":2.7193221E7,"q":1.0,"p":850000.0,"mot":"U","mo":2.7193221E7},{"cn":"","ui":"","t":2.3526167E7,"r":6740489.0,"q":1.54,"p":878747.93,"mot":"L","mo":6740489.0}]},{"d":"12.09.2022","r":5.1859351E7,"q":1.04,"p":532985.12,"s":[{"cn":"Met Company Ltd.","ui":"7150058","t":1.9853603E7,"r":1.9853603E7,"q":1.09,"p":150000.0,"mot":"U","mo":1.9853603E7},{"cn":"Flat line","ui":"6928958","t":2.7793221E7,"r":2.7793221E7,"q":1.0,"p":850000.0,"mot":"U","mo":2.7793221E7},{"cn":"","ui":"","t":2.2058261E7,"r":4212527.0,"q":1.09,"p":246404.2,"mot":"L","mo":4212527.0}]},{"d":"13.09.2022","r":5.2099031E7,"q":1.04,"p":520297.95,"s":[{"cn":"Met Company Ltd.","ui":"7150058","t":1.9853603E7,"r":1.9853603E7,"q":1.09,"p":114000.0,"mot":"U","mo":1.9853603E7},{"cn":"Flat line","ui":"6928958","t":2.7993221E7,"r":2.7993221E7,"q":1.0,"p":850000.0,"mot":"U","mo":2.7993221E7},{"cn":"","ui":"","t":2.240924E7,"r":4252207.0,"q":1.09,"p":246806.07,"mot":"L","mo":4252207.0}]},{"d":"14.09.2022","r":3.2485108E7,"q":1.01,"p":770382.55,"s":[{"cn":"Flat line","ui":"6928958","t":2.8193221E7,"r":2.8193221E7,"q":1.0,"p":850000.0,"mot":"U","mo":2.8193221E7},{"cn":"\u0026quot;DuS\u0026quot;","ui":"7119496","t":2436000.0,"r":2436000.0,"q":1.02,"p":300000.0,"mot":"U","mo":2436000.0},{"cn":"","ui":"","t":2.0353573E7,"r":1855887.0,"q":1.18,"p":178309.66,"mot":"L","mo":1855887.0}]},{"d":"15.09.2022","r":2.05705555E8,"q":1.85,"p":374605.96,"s":[{"cn":"Met Company Ltd.","ui":"7165462","t":1.72980767E8,"r":1.72980767E8,"q":2.01,"p":300000.0,"mot":"U","mo":1.72980767E8},{"cn":"Flat line","ui":"6928958","t":2.8393221E7,"r":2.8393221E7,"q":1.0,"p":850000.0,"mot":"U","mo":2.8393221E7},{"cn":"","ui":"","t":2.316926E7,"r":4331567.0,"q":1.09,"p":237802.97,"mot":"L","mo":4331567.0}]},{"d":"16.09.2022","r":2.1355684E8,"q":1.86,"p":368152.03,"s":[{"cn":"Met Company Ltd.","ui":"7165462","t":1.80592372E8,"r":1.80592372E8,"q":2.01,"p":295000.0,"mot":"U","mo":1.80592372E8},{"cn":"Flat line","ui":"6928958","t":2.8593221E7,"r":2.8593221E7,"q":1.0,"p":850000.0,"mot":"U","mo":2.8593221E7},{"cn":"","ui":"","t":2.3548251E7,"r":4371247.0,"q":1.09,"p":238466.6,"mot":"L","mo":4371247.0}]},{"d":"19.09.2022","r":3.4227618E7,"q":1.01,"p":755473.43,"s":[{"cn":"Flat line","ui":"6928958","t":2.9193221E7,"r":2.9193221E7,"q":1.0,"p":850000.0,"mot":"U","mo":2.9193221E7},{"cn":"\u0026quot;DuS\u0026quot;","ui":"7119496","t":2646000.0,"r":2646000.0,"q":1.02,"p":300000.0,"mot":"U","mo":2646000.0},{"cn":"","ui":"","t":2.2701472E7,"r":2388397.0,"q":1.15,"p":104680.31,"mot":"L","mo":2388397.0}]},{"d":"20.09.2022","r":3.4647655E7,"q":1.01,"p":751896.2,"s":[{"cn":"Flat line","ui":"6928958","t":2.9393221E7,"r":2.9393221E7,"q":1.0,"p":850000.0,"mot":"U","mo":2.9393221E7},{"cn":"\u0026quot;DuS\u0026quot;","ui":"7119496","t":2688000.0,"r":2688000.0,"q":1.02,"p":300000.0,"mot":"U","mo":2688000.0},{"cn":"","ui":"","t":2.321624E7,"r":2566434.0,"q":1.14,"p":101620.47,"mot":"L","mo":2566434.0}]},{"d":"21.09.2022","r":3.5067145E7,"q":1.01,"p":748614.62,"s":[{"cn":"Flat line","ui":"6928958","t":2.9593221E7,"r":2.9593221E7,"q":1.0,"p":850000.0,"mot":"U","mo":2.9593221E7},{"cn":"\u0026quot;DuS\u0026quot;","ui":"7119496","t":2730000.0,"r":2730000.0,"q":1.02,"p":300000.0,"mot":"U","mo":2730000.0},{"cn":"","ui":"","t":2.3639815E7,"r":2743924.0,"q":1.13,"p":101511.42,"mot":"L","mo":2743924.0}]},{"d":"22.09.2022","r":3.5486149E7,"q":1.01,"p":745419.47,"s":[{"cn":"Flat line","ui":"6928958","t":2.9793221E7,"r":2.9793221E7,"q":1.0,"p":850000.0,"mot":"U","mo":2.9793221E7},{"cn":"\u0026quot;DuS\u0026quot;","ui":"7119496","t":2772000.0,"r":2772000.0,"q":1.02,"p":300000.0,"mot":"U","mo":2772000.0},{"cn":"","ui":"","t":2.4062258E7,"r":2920928.0,"q":1.12,"p":101415.86,"mot":"L","mo":2920928.0}]},{"d":"23.09.2022","r":3.5904606E7,"q":1.01,"p":742170.81,"s":[{"cn":"Flat line","ui":"6928958","t":2.9993221E7,"r":2.9993221E7,"q":1.0,"p":850000.0,"mot":"U","mo":2.9993221E7},{"cn":"\u0026quot;DuS\u0026quot;","ui":"7119496","t":2814000.0,"r":2814000.0,"q":1.02,"p":300000.0,"mot":"U","mo":2814000.0},{"cn":"","ui":"","t":2.4493508E7,"r":3097385.0,"q":1.12,"p":99733.32,"mot":"L","mo":3097385.0}]},{"d":"26.09.2022","r":3.7116359E7,"q":1.01,"p":732833.57,"s":[{"cn":"Flat line","ui":"6928958","t":3.0593221E7,"r":3.0593221E7,"q":1.0,"p":850000.0,"mot":"U","mo":3.0593221E7},{"cn":"\u0026quot;DuS\u0026quot;","ui":"7119496","t":2940000.0,"r":2940000.0,"q":1.03,"p":300000.0,"mot":"U","mo":2940000.0},{"cn":"","ui":"","t":2.5760344E7,"r":3583138.0,"q":1.1,"p":87598.11,"mot":"L","mo":3583138.0}]},{"d":"27.09.2022","r":2.17773542E8,"q":1.84,"p":249974.69,"s":[{"cn":"Met Company Ltd.","ui":"7165462","t":1.80261372E8,"r":1.80261372E8,"q":2.01,"p":150000.0,"mot":"U","mo":1.80261372E8},{"cn":"Flat line","ui":"6928958","t":3.0793221E7,"r":3.0793221E7,"q":1.0,"p":850000.0,"mot":"U","mo":3.0793221E7},{"cn":"","ui":"","t":2.9148711E7,"r":6718949.0,"q":1.07,"p":182235.31,"mot":"L","mo":6718949.0}]},{"d":"28.09.2022","r":3.7175827E7,"q":1.01,"p":740865.76,"s":[{"cn":"Flat line","ui":"6928958","t":3.0993221E7,"r":3.0993221E7,"q":1.0,"p":850000.0,"mot":"U","mo":3.0993221E7},{"cn":"P Incorporated","ui":"7100380","t":2270606.0,"r":2148606.0,"q":1.0,"p":100000.0,"mot":"U","mo":2148606.0},{"cn":"\u0026quot;DuS\u0026quot;","ui":"7119496","t":3024000.0,"r":3024000.0,"q":1.03,"p":300000.0,"mot":"U","mo":3024000.0},{"cn":"","ui":"","t":2.3546772E7,"r":1010000.0,"q":1.16,"p":75246.53,"mot":"L","mo":1010000.0}]},{"d":"29.09.2022","r":4.0694379E7,"q":1.01,"p":834125.4,"s":[{"cn":"Glukes Ltd.","ui":"5272843","t":3100875.0,"r":3100875.0,"q":1.01,"p":2000000.0,"mot":"U","mo":3100875.0},{"cn":"Flat line","ui":"6928958","t":3.1193221E7,"r":3.1193221E7,"q":1.0,"p":850000.0,"mot":"U","mo":3.1193221E7},{"cn":"\u0026quot;DuS\u0026quot;","ui":"7119496","t":3066000.0,"r":3066000.0,"q":1.03,"p":300000.0,"mot":"U","mo":3066000.0},{"cn":"P Incorporated","ui":"7100380","t":2446283.0,"r":2324283.0,"q":1.0,"p":100000.0,"mot":"U","mo":2324283.0},{"cn":"","ui":"","t":2.3798036E7,"r":1010000.0,"q":1.17,"p":75246.53,"mot":"L","mo":1010000.0}]},{"d":"30.09.2022","r":5.9730311E7,"q":1.13,"p":1191734.07,"s":[{"cn":"Glukes Ltd.","ui":"5272843","t":3200875.0,"r":3200875.0,"q":1.02,"p":2000000.0,"mot":"U","mo":3200875.0},{"cn":"\u0026quot;DuS\u0026quot;","ui":"7119496","t":3108000.0,"r":3108000.0,"q":1.03,"p":300000.0,"mot":"U","mo":3108000.0},{"cn":"Met Company Ltd.","ui":"7197318","t":1.0E7,"r":1.0E7,"q":2.01,"p":140000.0,"mot":"L","mo":3000000.0},{"cn":"Grem88 Финанс","ui":"6889837","t":4999993.0,"r":4999993.0,"q":1.24,"p":5000000.0,"mot":"U","mo":4999993.0},{"cn":"Flat line","ui":"6928958","t":3.1393221E7,"r":3.1393221E7,"q":1.0,"p":850000.0,"mot":"U","mo":3.1393221E7},{"cn":"","ui":"","t":3.7113748E7,"r":1.4028222E7,"q":1.25,"p":837190.47,"mot":"L","mo":1.4028222E7}]}]