[{"pi":"335181","pc":"Продукты питания","ss":100000,"td":"Центр города","dc":1,"n":485.13,"vc":"866979","sl":"Высокий","sv":"1200000","p":120.0,"q":22.29,"b":0.0,"ms":40.0,"wi":48.27,"ei":9.23,"as":380.0,"mi":"E","mv":3000047,"sc":1,"lpe":60.0,"lpr":133.08,"lq":1.08,"d":11000140},{"pi":"335181","pc":"Продукты питания","ss":110000,"td":"Фешенебельный район","dc":1,"n":524.43,"vc":"190152","sl":"Элитный","sv":"25274","p":400.0,"q":22.19,"b":0.0,"ms":1.08,"wi":77.84,"ei":9.4,"as":711.83,"mi":"E","mv":2333327,"sc":1,"lpe":98.92,"lpr":307.36,"lq":1.0,"d":8555500},{"pi":"335181","pc":"Продукты питания","ss":110000,"td":"Центр города","dc":1,"n":423.62,"vc":"570250","sl":"Очень высокий","sv":"980118","p":400.0,"q":20.94,"b":0.0,"ms":30.0,"wi":35.98,"ei":8.28,"as":251.65,"mi":"E","mv":3267063,"sc":1,"lpe":70.0,"lpr":194.88,"lq":1.14,"d":14352508},{"pi":"335181","pc":"Продукты питания","ss":100000,"td":"Центр города","dc":5,"n":0.0,"vc":"3570","sl":"Элитный","sv":"642","p":136.4,"q":16.48,"b":0.0,"ms":1.54,"wi":151.97,"ei":10.65,"as":2047.83,"mi":"E","mv":41723,"sc":1,"lpe":98.46,"lpr":3254.95,"lq":1.0,"d":1034298}]