[{"pi":"422547","pc":"Бакалея","ss":100000,"td":"Фешенебельный район","dc":7,"n":398.57,"vc":"32000","sl":"Элитный","sv":"1121","p":5700.0,"q":13.79,"b":0.0,"ms":0.36,"wi":47.36,"ei":13.7,"as":485.13,"mi":"E","mv":310444,"sc":3,"lpe":99.18,"lpr":1260.74,"lq":1.0,"d":2201522},{"pi":"422547","pc":"Бакалея","ss":10000,"td":"Центр города","dc":1,"n":261.4,"vc":"9094","sl":"Элитный","sv":"1100","p":2214.33,"q":15.47,"b":0.0,"ms":0.35,"wi":47.36,"ei":13.7,"as":485.13,"mi":"E","mv":310444,"sc":3,"lpe":99.18,"lpr":1260.74,"lq":1.0,"d":2201522},{"pi":"422547","pc":"Бакалея","ss":100000,"td":"Пригород","dc":2,"n":516.66,"vc":"177082","sl":"Элитный","sv":"314","p":1111.0,"q":10.78,"b":0.0,"ms":0.1,"wi":47.36,"ei":13.7,"as":485.13,"mi":"E","mv":310444,"sc":3,"lpe":99.18,"lpr":1260.74,"lq":1.0,"d":2201522},{"pi":"422547","pc":"Бакалея","ss":100000,"td":"Центр города","dc":1,"n":586.92,"vc":"637483","sl":"Очень высокий","sv":"1000","p":4000.0,"q":30.88,"b":3.02,"ms":2.95,"wi":28.38,"ei":8.39,"as":514.45,"mi":"E","mv":33929,"sc":1,"lpe":97.05,"lpr":1184.68,"lq":1.0,"d":942861},{"pi":"422547","pc":"Бакалея","ss":10000,"td":"Пригород","dc":2,"n":154.78,"vc":"774","sl":"Элитный","sv":"2","p":777.0,"q":11.51,"b":3.95,"ms":0.03,"wi":27.02,"ei":5.07,"as":121.61,"mi":"E","mv":6641,"sc":1,"lpe":99.97,"lpr":1484.79,"lq":1.0,"d":2278380},{"pi":"422547","pc":"Бакалея","ss":100000,"td":"Пригород","dc":1,"n":613.07,"vc":"463412","sl":"Очень высокий","sv":"333","p":2222.0,"q":10.75,"b":0.44,"ms":0.09,"wi":58.63,"ei":8.06,"as":1539.04,"mi":"E","mv":381211,"sc":1,"lpe":99.91,"lpr":2793.81,"lq":1.0,"d":2386252},{"pi":"422547","pc":"Бакалея","ss":10000,"td":"Центр города","dc":4,"n":358.22,"vc":"13854","sl":"Высокий","sv":"2200","p":4300.0,"q":14.72,"b":4.1,"ms":1.58,"wi":57.45,"ei":7.34,"as":1266.17,"mi":"E","mv":139159,"sc":1,"lpe":98.42,"lpr":2952.68,"lq":1.0,"d":1323732},{"pi":"422547","pc":"Бакалея","ss":10000,"td":"Фешенебельный район","dc":1,"n":214.82,"vc":"682","sl":"Элитный","sv":"4773","p":2400.0,"q":16.62,"b":1.3,"ms":33.11,"wi":14.79,"ei":6.47,"as":181.29,"mi":"E","mv":14414,"sc":1,"lpe":66.89,"lpr":735.61,"lq":1.04,"d":798566},{"pi":"422547","pc":"Бакалея","ss":10000,"td":"Центр города","dc":2,"n":139.69,"vc":"2708","sl":"Элитный","sv":"4617","p":1800.0,"q":20.59,"b":0.5,"ms":22.9,"wi":13.84,"ei":6.17,"as":208.29,"mi":"E","mv":20163,"sc":1,"lpe":77.1,"lpr":457.12,"lq":1.11,"d":1197907},{"pi":"422547","pc":"Бакалея","ss":100000,"td":"Центр города","dc":1,"n":505.69,"vc":"291643","sl":"Элитный","sv":"5000","p":7000.0,"q":28.36,"b":0.0,"ms":3.55,"wi":70.52,"ei":6.92,"as":830.0,"mi":"E","mv":140703,"sc":3,"lpe":94.95,"lpr":1975.7,"lq":1.0,"d":885820},{"pi":"422547","pc":"Бакалея","ss":100000,"td":"Центр города","dc":2,"n":621.1,"vc":"1327084","sl":"Низкий","sv":"2000","p":6000.0,"q":13.79,"b":0.0,"ms":1.42,"wi":70.52,"ei":6.92,"as":830.0,"mi":"E","mv":140703,"sc":3,"lpe":94.95,"lpr":1975.7,"lq":1.0,"d":885820},{"pi":"422547","pc":"Бакалея","ss":1000,"td":"Центр города","dc":1,"n":0.0,"vc":"400","sl":"Элитный","sv":"100","p":2500.0,"q":10.86,"b":0.0,"ms":0.07,"wi":70.52,"ei":6.92,"as":830.0,"mi":"E","mv":140703,"sc":3,"lpe":94.95,"lpr":1975.7,"lq":1.0,"d":885820},{"pi":"422547","pc":"Бакалея","ss":100000,"td":"Центр города","dc":1,"n":494.27,"vc":"418617","sl":"Элитный","sv":"10000","p":1600.0,"q":29.13,"b":0.0,"ms":4.76,"wi":23.11,"ei":7.81,"as":332.8,"mi":"E","mv":209954,"sc":2,"lpe":93.43,"lpr":859.97,"lq":1.0,"d":3405138},{"pi":"422547","pc":"Бакалея","ss":100000,"td":"Фешенебельный район","dc":6,"n":328.98,"vc":"12814","sl":"Элитный","sv":"3800","p":2100.0,"q":13.53,"b":0.0,"ms":1.81,"wi":23.11,"ei":7.81,"as":332.8,"mi":"E","mv":209954,"sc":2,"lpe":93.43,"lpr":859.97,"lq":1.0,"d":3405138},{"pi":"422547","pc":"Бакалея","ss":1500,"td":"Центр города","dc":2,"n":37.83,"vc":"839","sl":"Элитный","sv":"96","p":3500.0,"q":5.76,"b":1.68,"ms":0.02,"wi":43.4,"ei":9.2,"as":395.48,"mi":"E","mv":551929,"sc":1,"lpe":99.98,"lpr":1188.14,"lq":1.0,"d":2720107},{"pi":"422547","pc":"Бакалея","ss":10000,"td":"Центр города","dc":1,"n":362.04,"vc":"10767","sl":"Элитный","sv":"250","p":1794.12,"q":15.47,"b":0.0,"ms":3.42,"wi":9.57,"ei":9.2,"as":157.75,"mi":"E","mv":7311,"sc":1,"lpe":96.58,"lpr":845.23,"lq":1.0,"d":1153568},{"pi":"422547","pc":"Бакалея","ss":1500,"td":"Центр города","dc":2,"n":115.68,"vc":"582","sl":"Элитный","sv":"19","p":3000.0,"q":5.52,"b":1.59157894736842,"ms":0.04,"wi":40.4,"ei":6.39,"as":406.55,"mi":"E","mv":53127,"sc":1,"lpe":99.96,"lpr":850.91,"lq":1.0,"d":421539},{"pi":"422547","pc":"Бакалея","ss":10000,"td":"Центр города","dc":1,"n":180.67,"vc":"2496","sl":"Элитный","sv":"9767","p":1900.0,"q":21.01,"b":0.93,"ms":12.43,"wi":44.09,"ei":8.6,"as":566.73,"mi":"E","mv":78546,"sc":3,"lpe":85.01,"lpr":944.56,"lq":1.11,"d":461655},{"pi":"422547","pc":"Бакалея","ss":100000,"td":"Центр города","dc":10,"n":394.02,"vc":"67867","sl":"Очень высокий","sv":"2000","p":2000.0,"q":14.65,"b":1.96,"ms":2.55,"wi":44.09,"ei":8.6,"as":566.73,"mi":"E","mv":78546,"sc":3,"lpe":85.01,"lpr":944.56,"lq":1.11,"d":461655},{"pi":"422547","pc":"Бакалея","ss":1500,"td":"Центр города","dc":2,"n":99.22,"vc":"576","sl":"Элитный","sv":"9","p":3500.0,"q":5.83,"b":1.68,"ms":0.01,"wi":44.09,"ei":8.6,"as":566.73,"mi":"E","mv":78546,"sc":3,"lpe":85.01,"lpr":944.56,"lq":1.11,"d":461655},{"pi":"422547","pc":"Бакалея","ss":800,"td":"Спальный район","dc":1,"n":53.27,"vc":"353","sl":"Элитный","sv":"850","p":1200.0,"q":12.39,"b":0.0,"ms":0.61,"wi":55.33,"ei":6.5,"as":1011.7,"mi":"E","mv":139682,"sc":1,"lpe":99.39,"lpr":1159.64,"lq":1.0,"d":937349},{"pi":"422547","pc":"Бакалея","ss":200,"td":"Центр города","dc":1,"n":323.76,"vc":"558","sl":"Низкий","sv":"1","p":5750.0,"q":16.67,"b":0.0,"ms":0.01,"wi":56.54,"ei":6.3,"as":470.0,"mi":"E","mv":16296,"sc":1,"lpe":99.99,"lpr":1228.64,"lq":1.0,"d":110718},{"pi":"422547","pc":"Бакалея","ss":500,"td":"Фешенебельный район","dc":1,"n":106.85,"vc":"120","sl":"Элитный","sv":"310","p":2800.0,"q":10.82,"b":0.0,"ms":0.27,"wi":33.26,"ei":7.71,"as":382.99,"mi":"E","mv":113664,"sc":1,"lpe":99.73,"lpr":858.22,"lq":1.0,"d":1070130},{"pi":"422547","pc":"Бакалея","ss":300,"td":"Спальный район","dc":1,"n":318.24,"vc":"567","sl":"Низкий","sv":"1","p":5820.0,"q":16.66,"b":0.0,"ms":0.01,"wi":40.25,"ei":6.2,"as":475.0,"mi":"E","mv":11189,"sc":1,"lpe":99.99,"lpr":1244.79,"lq":1.0,"d":105000},{"pi":"422547","pc":"Бакалея","ss":100000,"td":"Центр города","dc":10,"n":418.01,"vc":"75496","sl":"Нормальный","sv":"2000","p":3000.0,"q":14.65,"b":1.96,"ms":3.75,"wi":41.98,"ei":5.78,"as":781.08,"mi":"E","mv":53331,"sc":2,"lpe":96.09,"lpr":1028.5,"lq":1.0,"d":595383},{"pi":"422547","pc":"Бакалея","ss":1500,"td":"Центр города","dc":2,"n":112.67,"vc":"551","sl":"Элитный","sv":"83","p":3000.0,"q":5.76,"b":1.68,"ms":0.16,"wi":41.98,"ei":5.78,"as":781.08,"mi":"E","mv":53331,"sc":2,"lpe":96.09,"lpr":1028.5,"lq":1.0,"d":595383},{"pi":"422547","pc":"Бакалея","ss":300,"td":"Центр города","dc":1,"n":284.31,"vc":"730","sl":"Очень низкий","sv":"2","p":5750.0,"q":16.67,"b":0.0,"ms":0.01,"wi":41.0,"ei":6.27,"as":505.0,"mi":"E","mv":15233,"sc":1,"lpe":99.99,"lpr":1318.79,"lq":1.0,"d":150500},{"pi":"422547","pc":"Бакалея","ss":500,"td":"Центр города","dc":1,"n":307.61,"vc":"1172","sl":"Низкий","sv":"8","p":5900.0,"q":16.75,"b":0.0,"ms":0.06,"wi":41.89,"ei":6.37,"as":510.0,"mi":"E","mv":14423,"sc":1,"lpe":99.94,"lpr":1342.55,"lq":1.0,"d":150000},{"pi":"422547","pc":"Бакалея","ss":100000,"td":"Центр города","dc":10,"n":425.8,"vc":"78236","sl":"Нормальный","sv":"1000","p":1500.0,"q":14.65,"b":1.96,"ms":2.02,"wi":33.97,"ei":5.99,"as":686.84,"mi":"E","mv":49598,"sc":2,"lpe":97.84,"lpr":856.89,"lq":1.0,"d":304853},{"pi":"422547","pc":"Бакалея","ss":2000,"td":"Центр города","dc":2,"n":124.54,"vc":"652","sl":"Элитный","sv":"72","p":2500.0,"q":5.69,"b":1.65666666666667,"ms":0.15,"wi":33.97,"ei":5.99,"as":686.84,"mi":"E","mv":49598,"sc":2,"lpe":97.84,"lpr":856.89,"lq":1.0,"d":304853},{"pi":"422547","pc":"Бакалея","ss":100000,"td":"Центр города","dc":10,"n":392.1,"vc":"67335","sl":"Очень высокий","sv":"1000","p":1200.0,"q":14.65,"b":1.96,"ms":1.35,"wi":36.0,"ei":7.37,"as":499.89,"mi":"E","mv":74274,"sc":2,"lpe":98.52,"lpr":851.35,"lq":1.0,"d":406442},{"pi":"422547","pc":"Бакалея","ss":1500,"td":"Центр города","dc":2,"n":104.88,"vc":"602","sl":"Элитный","sv":"102","p":2500.0,"q":5.75,"b":1.68,"ms":0.14,"wi":36.0,"ei":7.37,"as":499.89,"mi":"E","mv":74274,"sc":2,"lpe":98.52,"lpr":851.35,"lq":1.0,"d":406442},{"pi":"422547","pc":"Бакалея","ss":200000,"td":"Центр города","dc":1,"n":500.98,"vc":"1150480","sl":"Очень высокий","sv":"10000","p":3400.0,"q":29.13,"b":1.82,"ms":0.5,"wi":51.41,"ei":10.21,"as":485.24,"mi":"E","mv":2014729,"sc":2,"lpe":99.47,"lpr":1093.1,"lq":1.0,"d":7937297},{"pi":"422547","pc":"Бакалея","ss":10000,"td":"Центр города","dc":3,"n":45.92,"vc":"2914","sl":"Очень высокий","sv":"700","p":500.0,"q":12.45,"b":0.0,"ms":0.03,"wi":51.41,"ei":10.21,"as":485.24,"mi":"E","mv":2014729,"sc":2,"lpe":99.47,"lpr":1093.1,"lq":1.0,"d":7937297},{"pi":"422547","pc":"Бакалея","ss":100000,"td":"Центр города","dc":2,"n":532.89,"vc":"861986","sl":"Нормальный","sv":"10000","p":3500.0,"q":12.51,"b":0.0,"ms":2.08,"wi":43.31,"ei":10.36,"as":626.48,"mi":"E","mv":481855,"sc":1,"lpe":97.92,"lpr":1048.61,"lq":1.0,"d":2913576},{"pi":"422547","pc":"Бакалея","ss":300,"td":"Центр города","dc":1,"n":280.63,"vc":"794","sl":"Низкий","sv":"5","p":5900.0,"q":16.75,"b":0.0,"ms":0.01,"wi":55.2,"ei":6.35,"as":490.0,"mi":"E","mv":33556,"sc":1,"lpe":99.99,"lpr":1301.24,"lq":1.0,"d":200961},{"pi":"422547","pc":"Бакалея","ss":100000,"td":"Центр города","dc":3,"n":396.4,"vc":"91663","sl":"Элитный","sv":"600","p":3400.0,"q":14.72,"b":0.0,"ms":2.02,"wi":44.27,"ei":6.43,"as":852.09,"mi":"E","mv":29689,"sc":2,"lpe":96.51,"lpr":2428.43,"lq":1.0,"d":653500},{"pi":"422547","pc":"Бакалея","ss":1000,"td":"Центр города","dc":3,"n":140.0,"vc":"792","sl":"Очень высокий","sv":"435","p":1000.0,"q":7.29,"b":0.0,"ms":1.47,"wi":44.27,"ei":6.43,"as":852.09,"mi":"E","mv":29689,"sc":2,"lpe":96.51,"lpr":2428.43,"lq":1.0,"d":653500},{"pi":"422547","pc":"Бакалея","ss":1000,"td":"Центр города","dc":1,"n":304.47,"vc":"2329","sl":"Очень высокий","sv":"3500","p":3600.0,"q":36.27,"b":0.0,"ms":2.38,"wi":76.41,"ei":6.74,"as":520.0,"mi":"E","mv":147313,"sc":4,"lpe":97.59,"lpr":1848.84,"lq":1.0,"d":1007644},{"pi":"422547","pc":"Бакалея","ss":500,"td":"Спальный район","dc":1,"n":165.64,"vc":"824","sl":"Низкий","sv":"30","p":5800.0,"q":16.75,"b":0.0,"ms":0.02,"wi":76.41,"ei":6.74,"as":520.0,"mi":"E","mv":147313,"sc":4,"lpe":97.59,"lpr":1848.84,"lq":1.0,"d":1007644},{"pi":"422547","pc":"Бакалея","ss":1000,"td":"Центр города","dc":3,"n":264.27,"vc":"2784","sl":"Низкий","sv":"11","p":8000.0,"q":16.75,"b":0.0,"ms":0.01,"wi":76.41,"ei":6.74,"as":520.0,"mi":"E","mv":147313,"sc":4,"lpe":97.59,"lpr":1848.84,"lq":1.0,"d":1007644},{"pi":"422547","pc":"Бакалея","ss":800,"td":"Центр города","dc":4,"n":29.57,"vc":"674","sl":"Высокий","sv":"10","p":1773.94,"q":4.37,"b":0.0,"ms":0.01,"wi":76.41,"ei":6.74,"as":520.0,"mi":"E","mv":147313,"sc":4,"lpe":97.59,"lpr":1848.84,"lq":1.0,"d":1007644},{"pi":"422547","pc":"Бакалея","ss":10000,"td":"Спальный район","dc":3,"n":216.63,"vc":"2052","sl":"Элитный","sv":"1300","p":1700.0,"q":12.35,"b":0.0,"ms":17.49,"wi":42.95,"ei":10.17,"as":546.84,"mi":"E","mv":7432,"sc":1,"lpe":82.51,"lpr":1288.02,"lq":1.67,"d":259336},{"pi":"422547","pc":"Бакалея","ss":500,"td":"Фешенебельный район","dc":4,"n":224.22,"vc":"88","sl":"Элитный","sv":"19","p":350.0,"q":7.86,"b":0.0,"ms":0.11,"wi":42.72,"ei":10.0,"as":347.24,"mi":"E","mv":16723,"sc":1,"lpe":99.89,"lpr":2251.51,"lq":1.0,"d":832568},{"pi":"422547","pc":"Бакалея","ss":300000,"td":"Центр города","dc":4,"n":506.88,"vc":"690991","sl":"Очень высокий","sv":"10000","p":3000.0,"q":29.13,"b":0.0,"ms":3.87,"wi":43.38,"ei":6.7,"as":374.03,"mi":"E","mv":258678,"sc":1,"lpe":96.13,"lpr":1021.35,"lq":1.0,"d":966800},{"pi":"422547","pc":"Бакалея","ss":100000,"td":"Центр города","dc":2,"n":502.03,"vc":"218282","sl":"Элитный","sv":"6000","p":4000.0,"q":29.13,"b":0.0,"ms":5.14,"wi":56.44,"ei":6.85,"as":380.03,"mi":"E","mv":116740,"sc":1,"lpe":94.86,"lpr":1401.98,"lq":1.0,"d":428016},{"pi":"422547","pc":"Бакалея","ss":100000,"td":"Центр города","dc":2,"n":458.05,"vc":"228435","sl":"Очень высокий","sv":"5000","p":7012.0,"q":45.03,"b":0.0,"ms":1.15,"wi":61.14,"ei":8.95,"as":503.46,"mi":"E","mv":433763,"sc":2,"lpe":98.82,"lpr":1449.69,"lq":1.0,"d":1890013},{"pi":"422547","pc":"Бакалея","ss":10000,"td":"Пригород","dc":2,"n":414.87,"vc":"10259","sl":"Элитный","sv":"111","p":1222.0,"q":11.65,"b":4.02,"ms":0.03,"wi":61.14,"ei":8.95,"as":503.46,"mi":"E","mv":433763,"sc":2,"lpe":98.82,"lpr":1449.69,"lq":1.0,"d":1890013},{"pi":"422547","pc":"Бакалея","ss":4000,"td":"Центр города","dc":2,"n":299.95,"vc":"1634","sl":"Элитный","sv":"425","p":1769.0,"q":20.59,"b":2.71,"ms":20.58,"wi":23.17,"ei":8.33,"as":763.85,"mi":"E","mv":2065,"sc":1,"lpe":79.42,"lpr":854.84,"lq":1.2,"d":62655},{"pi":"422547","pc":"Бакалея","ss":1000,"td":"Центр города","dc":1,"n":383.55,"vc":"2520","sl":"Очень высокий","sv":"4000","p":1800.0,"q":10.47,"b":1.56,"ms":7.02,"wi":26.96,"ei":5.07,"as":319.85,"mi":"E","mv":56962,"sc":2,"lpe":92.71,"lpr":855.56,"lq":1.0,"d":708233},{"pi":"422547","pc":"Бакалея","ss":500,"td":"Центр города","dc":1,"n":371.25,"vc":"1462","sl":"Высокий","sv":"150","p":1795.87,"q":15.47,"b":4.53,"ms":0.26,"wi":26.96,"ei":5.07,"as":319.85,"mi":"E","mv":56962,"sc":2,"lpe":92.71,"lpr":855.56,"lq":1.0,"d":708233},{"pi":"422547","pc":"Бакалея","ss":100000,"td":"Центр города","dc":2,"n":464.82,"vc":"211960","sl":"Элитный","sv":"4942","p":5090.0,"q":45.03,"b":0.0,"ms":1.67,"wi":41.77,"ei":5.17,"as":324.21,"mi":"E","mv":296389,"sc":1,"lpe":98.33,"lpr":965.65,"lq":1.0,"d":1093944},{"pi":"422547","pc":"Бакалея","ss":500,"td":"Центр города","dc":1,"n":341.05,"vc":"1473","sl":"Высокий","sv":"1400","p":1781.78,"q":15.47,"b":4.53,"ms":0.91,"wi":42.65,"ei":7.51,"as":296.6,"mi":"E","mv":153713,"sc":1,"lpe":99.09,"lpr":859.04,"lq":1.0,"d":854206},{"pi":"422547","pc":"Бакалея","ss":500,"td":"Центр города","dc":1,"n":415.78,"vc":"1458","sl":"Высокий","sv":"100","p":1287.63,"q":15.47,"b":4.53,"ms":0.35,"wi":28.45,"ei":4.1,"as":196.69,"mi":"E","mv":28368,"sc":1,"lpe":99.65,"lpr":856.93,"lq":1.0,"d":370375},{"pi":"422547","pc":"Бакалея","ss":100000,"td":"Центр города","dc":1,"n":492.93,"vc":"397468","sl":"Элитный","sv":"53447","p":4500.0,"q":29.1,"b":0.0,"ms":9.43,"wi":37.74,"ei":8.34,"as":368.44,"mi":"E","mv":566702,"sc":2,"lpe":90.53,"lpr":835.24,"lq":1.02,"d":3046448},{"pi":"422547","pc":"Бакалея","ss":1000,"td":"Центр города","dc":3,"n":63.38,"vc":"881","sl":"Высокий","sv":"200","p":325.0,"q":12.45,"b":0.0,"ms":0.04,"wi":37.74,"ei":8.34,"as":368.44,"mi":"E","mv":566702,"sc":2,"lpe":90.53,"lpr":835.24,"lq":1.02,"d":3046448},{"pi":"422547","pc":"Бакалея","ss":30000,"td":"Центр города","dc":2,"n":72.79,"vc":"2541","sl":"Элитный","sv":"313","p":3350.0,"q":15.32,"b":0.0,"ms":0.2,"wi":39.2,"ei":7.73,"as":341.7,"mi":"E","mv":160290,"sc":1,"lpe":99.8,"lpr":879.09,"lq":1.0,"d":996840},{"pi":"422547","pc":"Бакалея","ss":300000,"td":"Центр города","dc":2,"n":499.37,"vc":"760033","sl":"Элитный","sv":"20000","p":3000.0,"q":29.13,"b":1.74,"ms":6.44,"wi":49.96,"ei":7.81,"as":400.0,"mi":"E","mv":310496,"sc":2,"lpe":91.88,"lpr":1322.16,"lq":1.0,"d":1560098},{"pi":"422547","pc":"Бакалея","ss":100000,"td":"Фешенебельный район","dc":4,"n":341.19,"vc":"16448","sl":"Элитный","sv":"5200","p":2399.95,"q":10.98,"b":0.0,"ms":1.67,"wi":49.96,"ei":7.81,"as":400.0,"mi":"E","mv":310496,"sc":2,"lpe":91.88,"lpr":1322.16,"lq":1.0,"d":1560098},{"pi":"422547","pc":"Бакалея","ss":100000,"td":"Центр города","dc":9,"n":361.53,"vc":"59321","sl":"Низкий","sv":"500","p":1200.0,"q":10.12,"b":0.91,"ms":5.4,"wi":12.41,"ei":5.85,"as":1069.31,"mi":"E","mv":9257,"sc":2,"lpe":94.58,"lpr":856.61,"lq":1.0,"d":547234},{"pi":"422547","pc":"Бакалея","ss":200000,"td":"Фешенебельный район","dc":6,"n":487.68,"vc":"85118","sl":"Элитный","sv":"2","p":7000.0,"q":12.14,"b":1.69,"ms":0.02,"wi":12.41,"ei":5.85,"as":1069.31,"mi":"E","mv":9257,"sc":2,"lpe":94.58,"lpr":856.61,"lq":1.0,"d":547234},{"pi":"422547","pc":"Бакалея","ss":1000,"td":"Центр города","dc":1,"n":502.05,"vc":"5733","sl":"Нормальный","sv":"5000","p":3100.0,"q":15.47,"b":0.0,"ms":4.33,"wi":47.92,"ei":6.7,"as":411.38,"mi":"E","mv":115498,"sc":2,"lpe":93.94,"lpr":1041.51,"lq":1.0,"d":1145586},{"pi":"422547","pc":"Бакалея","ss":1000,"td":"Центр города","dc":1,"n":354.37,"vc":"2493","sl":"Очень высокий","sv":"2000","p":2000.0,"q":13.84,"b":1.51,"ms":1.73,"wi":47.92,"ei":6.7,"as":411.38,"mi":"E","mv":115498,"sc":2,"lpe":93.94,"lpr":1041.51,"lq":1.0,"d":1145586},{"pi":"422547","pc":"Бакалея","ss":1000,"td":"Центр города","dc":1,"n":137.32,"vc":"478","sl":"Элитный","sv":"850","p":1400.0,"q":12.39,"b":0.0,"ms":4.0,"wi":43.58,"ei":8.27,"as":775.21,"mi":"E","mv":21239,"sc":1,"lpe":96.0,"lpr":1430.81,"lq":1.0,"d":203598},{"pi":"422547","pc":"Бакалея","ss":100000,"td":"Пригород","dc":2,"n":578.34,"vc":"232765","sl":"Очень высокий","sv":"188","p":888.0,"q":11.1,"b":2.02,"ms":0.12,"wi":56.89,"ei":9.91,"as":1255.43,"mi":"E","mv":151561,"sc":1,"lpe":99.88,"lpr":1381.98,"lq":1.0,"d":866377},{"pi":"422547","pc":"Бакалея","ss":1500,"td":"Центр города","dc":2,"n":124.41,"vc":"524","sl":"Элитный","sv":"195","p":3000.0,"q":5.75,"b":1.68,"ms":0.47,"wi":45.3,"ei":5.78,"as":429.76,"mi":"E","mv":41629,"sc":1,"lpe":99.53,"lpr":1092.1,"lq":1.0,"d":147418},{"pi":"422547","pc":"Бакалея","ss":1000,"td":"Фешенебельный район","dc":1,"n":344.18,"vc":"1120","sl":"Элитный","sv":"24","p":5000.0,"q":13.72,"b":0.0,"ms":0.0,"wi":49.0,"ei":9.22,"as":582.17,"mi":"E","mv":857600,"sc":1,"lpe":100.0,"lpr":858.57,"lq":1.0,"d":4670247},{"pi":"422547","pc":"Бакалея","ss":100000,"td":"Центр города","dc":10,"n":417.97,"vc":"75810","sl":"Низкий","sv":"2000","p":2000.0,"q":10.17,"b":1.98,"ms":3.5,"wi":35.6,"ei":4.5,"as":498.36,"mi":"E","mv":57166,"sc":2,"lpe":96.38,"lpr":859.93,"lq":1.0,"d":295646},{"pi":"422547","pc":"Бакалея","ss":1500,"td":"Центр города","dc":2,"n":122.6,"vc":"587","sl":"Элитный","sv":"67","p":2500.0,"q":5.11,"b":1.57970149253731,"ms":0.12,"wi":35.6,"ei":4.5,"as":498.36,"mi":"E","mv":57166,"sc":2,"lpe":96.38,"lpr":859.93,"lq":1.0,"d":295646},{"pi":"422547","pc":"Бакалея","ss":100000,"td":"Фешенебельный район","dc":10,"n":419.29,"vc":"11439","sl":"Очень высокий","sv":"1000","p":1500.0,"q":10.17,"b":1.98,"ms":1.87,"wi":35.06,"ei":4.73,"as":569.04,"mi":"E","mv":53603,"sc":3,"lpe":97.09,"lpr":852.22,"lq":1.0,"d":432432},{"pi":"422547","pc":"Бакалея","ss":100000,"td":"Центр города","dc":1,"n":598.75,"vc":"428315","sl":"Элитный","sv":"500","p":3000.0,"q":30.88,"b":0.0,"ms":0.93,"wi":35.06,"ei":4.73,"as":569.04,"mi":"E","mv":53603,"sc":3,"lpe":97.09,"lpr":852.22,"lq":1.0,"d":432432},{"pi":"422547","pc":"Бакалея","ss":1500,"td":"Центр города","dc":2,"n":123.39,"vc":"586","sl":"Очень высокий","sv":"62","p":2500.0,"q":5.79,"b":1.96,"ms":0.12,"wi":35.06,"ei":4.73,"as":569.04,"mi":"E","mv":53603,"sc":3,"lpe":97.09,"lpr":852.22,"lq":1.0,"d":432432},{"pi":"422547","pc":"Бакалея","ss":100000,"td":"Пригород","dc":3,"n":471.42,"vc":"77685","sl":"Элитный","sv":"55","p":795.0,"q":11.65,"b":0.0,"ms":0.1,"wi":22.01,"ei":10.38,"as":215.62,"mi":"E","mv":53938,"sc":1,"lpe":99.9,"lpr":1290.13,"lq":1.0,"d":1958164},{"pi":"422547","pc":"Бакалея","ss":100000,"td":"Центр города","dc":1,"n":499.65,"vc":"215862","sl":"Элитный","sv":"1300","p":900.0,"q":27.85,"b":3.45,"ms":1.82,"wi":40.58,"ei":7.44,"as":383.85,"mi":"E","mv":71368,"sc":1,"lpe":98.18,"lpr":1060.18,"lq":1.0,"d":514782},{"pi":"422547","pc":"Бакалея","ss":10000,"td":"Пригород","dc":2,"n":607.23,"vc":"25202","sl":"Очень высокий","sv":"154","p":1213.0,"q":10.98,"b":0.0,"ms":2.38,"wi":21.23,"ei":6.63,"as":441.16,"mi":"E","mv":6478,"sc":1,"lpe":97.62,"lpr":854.25,"lq":1.0,"d":232409},{"pi":"422547","pc":"Бакалея","ss":100000,"td":"Центр города","dc":1,"n":513.05,"vc":"230309","sl":"Элитный","sv":"2800","p":1800.0,"q":29.13,"b":2.4,"ms":10.76,"wi":14.66,"ei":13.13,"as":368.31,"mi":"E","mv":26025,"sc":1,"lpe":89.24,"lpr":847.51,"lq":1.11,"d":1491595},{"pi":"422547","pc":"Бакалея","ss":100000,"td":"Фешенебельный район","dc":2,"n":479.8,"vc":"30696","sl":"Элитный","sv":"2906","p":6300.0,"q":13.71,"b":0.0,"ms":3.03,"wi":46.08,"ei":6.83,"as":456.0,"mi":"E","mv":95830,"sc":1,"lpe":96.97,"lpr":1159.16,"lq":1.0,"d":655580},{"pi":"422547","pc":"Бакалея","ss":10000,"td":"Центр города","dc":2,"n":164.51,"vc":"2143","sl":"Элитный","sv":"2390","p":4100.0,"q":20.99,"b":0.93,"ms":2.09,"wi":56.96,"ei":9.3,"as":1427.81,"mi":"E","mv":114569,"sc":1,"lpe":97.91,"lpr":1660.79,"lq":1.0,"d":571745},{"pi":"422547","pc":"Бакалея","ss":100000,"td":"Пригород","dc":2,"n":580.97,"vc":"135101","sl":"Элитный","sv":"55","p":1110.0,"q":11.65,"b":0.0,"ms":0.22,"wi":27.31,"ei":5.84,"as":270.3,"mi":"E","mv":25084,"sc":1,"lpe":99.78,"lpr":856.56,"lq":1.0,"d":231947},{"pi":"422547","pc":"Бакалея","ss":100000,"td":"Центр города","dc":2,"n":463.01,"vc":"283811","sl":"Очень высокий","sv":"6000","p":4805.0,"q":45.03,"b":0.42,"ms":0.86,"wi":48.22,"ei":8.14,"as":550.51,"mi":"E","mv":701052,"sc":1,"lpe":99.14,"lpr":1006.28,"lq":1.0,"d":2647357},{"pi":"422547","pc":"Бакалея","ss":1300,"td":"Центр города","dc":1,"n":251.45,"vc":"2000","sl":"Элитный","sv":"4","p":6000.0,"q":16.73,"b":0.0,"ms":0.01,"wi":31.66,"ei":6.14,"as":589.01,"mi":"E","mv":30815,"sc":1,"lpe":99.99,"lpr":855.65,"lq":1.0,"d":231572},{"pi":"422547","pc":"Бакалея","ss":100000,"td":"Центр города","dc":1,"n":523.08,"vc":"453574","sl":"Очень высокий","sv":"10000","p":4600.0,"q":30.88,"b":3.82,"ms":2.04,"wi":73.44,"ei":10.13,"as":1418.97,"mi":"E","mv":490385,"sc":2,"lpe":97.92,"lpr":2137.61,"lq":1.0,"d":1940426},{"pi":"422547","pc":"Бакалея","ss":10000,"td":"Центр города","dc":4,"n":55.31,"vc":"1908","sl":"Элитный","sv":"200","p":900.0,"q":12.45,"b":0.0,"ms":0.04,"wi":73.44,"ei":10.13,"as":1418.97,"mi":"E","mv":490385,"sc":2,"lpe":97.92,"lpr":2137.61,"lq":1.0,"d":1940426},{"pi":"422547","pc":"Бакалея","ss":100000,"td":"Центр города","dc":10,"n":495.84,"vc":"109118","sl":"Низкий","sv":"641","p":3500.0,"q":10.14,"b":1.98,"ms":16.04,"wi":25.74,"ei":5.81,"as":645.13,"mi":"E","mv":3997,"sc":3,"lpe":74.38,"lpr":743.75,"lq":1.01,"d":103071},{"pi":"422547","pc":"Бакалея","ss":1500,"td":"Центр города","dc":2,"n":179.28,"vc":"559","sl":"Элитный","sv":"261","p":2000.0,"q":5.75,"b":1.96,"ms":6.53,"wi":25.74,"ei":5.81,"as":645.13,"mi":"E","mv":3997,"sc":3,"lpe":74.38,"lpr":743.75,"lq":1.01,"d":103071},{"pi":"422547","pc":"Бакалея","ss":10000,"td":"Центр города","dc":2,"n":496.11,"vc":"15535","sl":"Очень высокий","sv":"122","p":2289.0,"q":11.53,"b":0.0,"ms":3.05,"wi":25.74,"ei":5.81,"as":645.13,"mi":"E","mv":3997,"sc":3,"lpe":74.38,"lpr":743.75,"lq":1.01,"d":103071},{"pi":"422547","pc":"Бакалея","ss":100000,"td":"Центр города","dc":10,"n":555.03,"vc":"298368","sl":"Низкий","sv":"1000","p":2000.0,"q":10.17,"b":1.98,"ms":1.62,"wi":42.93,"ei":6.8,"as":569.12,"mi":"E","mv":61660,"sc":3,"lpe":97.31,"lpr":1047.74,"lq":1.0,"d":493446},{"pi":"422547","pc":"Бакалея","ss":100000,"td":"Центр города","dc":3,"n":616.96,"vc":"541251","sl":"Нормальный","sv":"500","p":4100.0,"q":30.88,"b":0.0,"ms":0.81,"wi":42.93,"ei":6.8,"as":569.12,"mi":"E","mv":61660,"sc":3,"lpe":97.31,"lpr":1047.74,"lq":1.0,"d":493446},{"pi":"422547","pc":"Бакалея","ss":1500,"td":"Центр города","dc":2,"n":111.3,"vc":"579","sl":"Элитный","sv":"159","p":3000.0,"q":5.75,"b":1.96,"ms":0.26,"wi":42.93,"ei":6.8,"as":569.12,"mi":"E","mv":61660,"sc":3,"lpe":97.31,"lpr":1047.74,"lq":1.0,"d":493446},{"pi":"422547","pc":"Бакалея","ss":200000,"td":"Центр города","dc":1,"n":488.01,"vc":"997271","sl":"Элитный","sv":"32502","p":3000.0,"q":28.72,"b":0.0,"ms":2.2,"wi":42.0,"ei":7.38,"as":569.58,"mi":"E","mv":1477481,"sc":1,"lpe":97.8,"lpr":987.15,"lq":1.0,"d":7759910},{"pi":"422547","pc":"Бакалея","ss":1500,"td":"Центр города","dc":2,"n":96.58,"vc":"599","sl":"Элитный","sv":"80","p":2500.0,"q":5.75,"b":1.96,"ms":0.07,"wi":46.38,"ei":5.3,"as":431.96,"mi":"E","mv":111403,"sc":1,"lpe":99.93,"lpr":865.86,"lq":1.0,"d":715026},{"pi":"422547","pc":"Бакалея","ss":200000,"td":"Центр города","dc":1,"n":487.84,"vc":"1218235","sl":"Очень высокий","sv":"70000","p":2500.0,"q":29.13,"b":2.27,"ms":4.12,"wi":45.82,"ei":8.65,"as":615.72,"mi":"E","mv":1698647,"sc":2,"lpe":95.87,"lpr":860.5,"lq":1.0,"d":13814734},{"pi":"422547","pc":"Бакалея","ss":10000,"td":"Пригород","dc":1,"n":340.24,"vc":"12477","sl":"Элитный","sv":"111","p":555.0,"q":11.65,"b":0.0,"ms":0.01,"wi":45.82,"ei":8.65,"as":615.72,"mi":"E","mv":1698647,"sc":2,"lpe":95.87,"lpr":860.5,"lq":1.0,"d":13814734},{"pi":"422547","pc":"Бакалея","ss":11000,"td":"Центр города","dc":1,"n":368.66,"vc":"11518","sl":"Элитный","sv":"100","p":2190.05,"q":15.47,"b":3.53,"ms":0.11,"wi":46.39,"ei":7.53,"as":889.8,"mi":"E","mv":93180,"sc":2,"lpe":99.85,"lpr":1043.35,"lq":1.0,"d":740963},{"pi":"422547","pc":"Бакалея","ss":1500,"td":"Центр города","dc":2,"n":94.59,"vc":"603","sl":"Элитный","sv":"39","p":3500.0,"q":5.89,"b":1.96,"ms":0.04,"wi":46.39,"ei":7.53,"as":889.8,"mi":"E","mv":93180,"sc":2,"lpe":99.85,"lpr":1043.35,"lq":1.0,"d":740963},{"pi":"422547","pc":"Бакалея","ss":100000,"td":"Центр города","dc":3,"n":570.54,"vc":"539505","sl":"Нормальный","sv":"500","p":4000.0,"q":30.88,"b":0.0,"ms":0.2,"wi":46.17,"ei":6.95,"as":452.93,"mi":"E","mv":256076,"sc":2,"lpe":99.78,"lpr":982.88,"lq":1.0,"d":1133084},{"pi":"422547","pc":"Бакалея","ss":1500,"td":"Центр города","dc":2,"n":66.59,"vc":"691","sl":"Элитный","sv":"67","p":3000.0,"q":5.8,"b":1.96,"ms":0.03,"wi":46.17,"ei":6.95,"as":452.93,"mi":"E","mv":256076,"sc":2,"lpe":99.78,"lpr":982.88,"lq":1.0,"d":1133084},{"pi":"422547","pc":"Бакалея","ss":30000,"td":"Центр города","dc":6,"n":190.63,"vc":"10198","sl":"Элитный","sv":"13","p":5250.0,"q":14.6,"b":0.0,"ms":0.03,"wi":24.39,"ei":5.64,"as":276.93,"mi":"E","mv":41073,"sc":1,"lpe":99.97,"lpr":849.32,"lq":1.0,"d":1100043},{"pi":"422547","pc":"Бакалея","ss":100000,"td":"Фешенебельный район","dc":10,"n":367.7,"vc":"9114","sl":"Элитный","sv":"2000","p":1800.0,"q":10.17,"b":1.98,"ms":1.5,"wi":44.49,"ei":6.0,"as":520.55,"mi":"E","mv":133200,"sc":3,"lpe":98.24,"lpr":917.25,"lq":1.0,"d":636296},{"pi":"422547","pc":"Бакалея","ss":10000,"td":"Центр города","dc":1,"n":355.99,"vc":"10522","sl":"Элитный","sv":"300","p":1925.36,"q":15.47,"b":3.53,"ms":0.23,"wi":44.49,"ei":6.0,"as":520.55,"mi":"E","mv":133200,"sc":3,"lpe":98.24,"lpr":917.25,"lq":1.0,"d":636296},{"pi":"422547","pc":"Бакалея","ss":1500,"td":"Центр города","dc":2,"n":87.76,"vc":"621","sl":"Элитный","sv":"46","p":3000.0,"q":5.75,"b":1.96,"ms":0.03,"wi":44.49,"ei":6.0,"as":520.55,"mi":"E","mv":133200,"sc":3,"lpe":98.24,"lpr":917.25,"lq":1.0,"d":636296},{"pi":"422547","pc":"Бакалея","ss":100000,"td":"Центр города","dc":10,"n":614.25,"vc":"386750","sl":"Низкий","sv":"1500","p":4000.0,"q":13.21,"b":1.41,"ms":7.52,"wi":52.18,"ei":6.76,"as":1256.54,"mi":"E","mv":19959,"sc":2,"lpe":87.73,"lpr":2756.3,"lq":3.05,"d":3053989},{"pi":"422547","pc":"Бакалея","ss":12000,"td":"Центр города","dc":1,"n":493.02,"vc":"30884","sl":"Элитный","sv":"949","p":12000.0,"q":13.79,"b":0.0,"ms":4.75,"wi":52.18,"ei":6.76,"as":1256.54,"mi":"E","mv":19959,"sc":2,"lpe":87.73,"lpr":2756.3,"lq":3.05,"d":3053989},{"pi":"422547","pc":"Бакалея","ss":100000,"td":"Центр города","dc":2,"n":544.05,"vc":"333036","sl":"Очень высокий","sv":"500","p":4000.0,"q":30.88,"b":0.0,"ms":0.41,"wi":44.17,"ei":5.0,"as":337.91,"mi":"E","mv":123070,"sc":1,"lpe":99.59,"lpr":1007.24,"lq":1.0,"d":451228},{"pi":"422547","pc":"Бакалея","ss":100000,"td":"Центр города","dc":1,"n":480.95,"vc":"367263","sl":"Элитный","sv":"57000","p":1800.0,"q":29.13,"b":1.27,"ms":11.1,"wi":31.0,"ei":9.41,"as":290.44,"mi":"E","mv":513388,"sc":1,"lpe":88.9,"lpr":856.3,"lq":1.07,"d":3377636},{"pi":"422547","pc":"Бакалея","ss":1000,"td":"Фешенебельный район","dc":2,"n":182.68,"vc":"153","sl":"Элитный","sv":"5","p":8899.99,"q":16.74,"b":0.0,"ms":0.01,"wi":50.69,"ei":6.38,"as":396.58,"mi":"E","mv":60152,"sc":1,"lpe":99.99,"lpr":1391.93,"lq":1.0,"d":212610},{"pi":"422547","pc":"Бакалея","ss":100000,"td":"Центр города","dc":6,"n":182.34,"vc":"14489","sl":"Элитный","sv":"2600","p":2089.0,"q":10.86,"b":0.0,"ms":4.32,"wi":24.25,"ei":6.9,"as":333.93,"mi":"E","mv":60131,"sc":2,"lpe":95.51,"lpr":849.57,"lq":1.02,"d":1307433},{"pi":"422547","pc":"Бакалея","ss":10000,"td":"Центр города","dc":1,"n":267.13,"vc":"7731","sl":"Элитный","sv":"100","p":3000.0,"q":9.54,"b":0.0,"ms":0.17,"wi":24.25,"ei":6.9,"as":333.93,"mi":"E","mv":60131,"sc":2,"lpe":95.51,"lpr":849.57,"lq":1.02,"d":1307433},{"pi":"422547","pc":"Бакалея","ss":1000,"td":"Фешенебельный район","dc":1,"n":452.81,"vc":"393","sl":"Элитный","sv":"1000","p":3000.0,"q":13.84,"b":2.1,"ms":7.01,"wi":67.38,"ei":9.06,"as":1685.29,"mi":"E","mv":14271,"sc":2,"lpe":91.59,"lpr":2364.15,"lq":1.0,"d":129256},{"pi":"422547","pc":"Бакалея","ss":1000,"td":"Центр города","dc":1,"n":263.29,"vc":"900","sl":"Элитный","sv":"200","p":6000.0,"q":16.75,"b":0.0,"ms":1.4,"wi":67.38,"ei":9.06,"as":1685.29,"mi":"E","mv":14271,"sc":2,"lpe":91.59,"lpr":2364.15,"lq":1.0,"d":129256},{"pi":"422547","pc":"Бакалея","ss":1000,"td":"Фешенебельный район","dc":1,"n":547.95,"vc":"421","sl":"Элитный","sv":"250","p":2000.0,"q":13.84,"b":2.1,"ms":7.77,"wi":30.87,"ei":8.3,"as":910.0,"mi":"E","mv":3219,"sc":2,"lpe":92.14,"lpr":1027.44,"lq":1.0,"d":136152},{"pi":"422547","pc":"Бакалея","ss":1000,"td":"Центр города","dc":1,"n":267.63,"vc":"578","sl":"Элитный","sv":"3","p":6000.0,"q":16.68,"b":0.0,"ms":0.09,"wi":30.87,"ei":8.3,"as":910.0,"mi":"E","mv":3219,"sc":2,"lpe":92.14,"lpr":1027.44,"lq":1.0,"d":136152},{"pi":"422547","pc":"Бакалея","ss":200000,"td":"Центр города","dc":1,"n":493.89,"vc":"1010238","sl":"Элитный","sv":"20000","p":3700.0,"q":29.13,"b":0.0,"ms":3.45,"wi":37.85,"ei":4.1,"as":564.39,"mi":"E","mv":579538,"sc":2,"lpe":95.23,"lpr":920.1,"lq":1.0,"d":6760400},{"pi":"422547","pc":"Бакалея","ss":200000,"td":"Центр города","dc":2,"n":483.98,"vc":"1367016","sl":"Высокий","sv":"7647","p":3000.0,"q":12.59,"b":0.0,"ms":1.32,"wi":37.85,"ei":4.1,"as":564.39,"mi":"E","mv":579538,"sc":2,"lpe":95.23,"lpr":920.1,"lq":1.0,"d":6760400},{"pi":"422547","pc":"Бакалея","ss":100000,"td":"Фешенебельный район","dc":10,"n":424.4,"vc":"11770","sl":"Элитный","sv":"3000","p":2000.0,"q":13.21,"b":1.41,"ms":9.48,"wi":38.34,"ei":6.13,"as":1028.6,"mi":"E","mv":31632,"sc":1,"lpe":90.52,"lpr":859.11,"lq":1.0,"d":605360},{"pi":"422547","pc":"Бакалея","ss":100000,"td":"Центр города","dc":2,"n":493.04,"vc":"227495","sl":"Очень высокий","sv":"2000","p":1600.0,"q":29.13,"b":2.4,"ms":4.49,"wi":19.4,"ei":9.91,"as":219.02,"mi":"E","mv":44539,"sc":1,"lpe":95.51,"lpr":855.06,"lq":1.0,"d":1678326},{"pi":"422547","pc":"Бакалея","ss":100000,"td":"Центр города","dc":1,"n":481.09,"vc":"197482","sl":"Элитный","sv":"6000","p":1800.0,"q":29.13,"b":2.4,"ms":8.71,"wi":34.5,"ei":9.48,"as":426.08,"mi":"E","mv":68919,"sc":2,"lpe":90.57,"lpr":857.97,"lq":1.0,"d":945778},{"pi":"422547","pc":"Бакалея","ss":100000,"td":"Фешенебельный район","dc":7,"n":313.93,"vc":"5936","sl":"Элитный","sv":"500","p":990.0,"q":14.04,"b":0.0,"ms":0.73,"wi":34.5,"ei":9.48,"as":426.08,"mi":"E","mv":68919,"sc":2,"lpe":90.57,"lpr":857.97,"lq":1.0,"d":945778},{"pi":"422547","pc":"Бакалея","ss":100000,"td":"Центр города","dc":3,"n":494.22,"vc":"232045","sl":"Очень высокий","sv":"1000","p":1200.0,"q":29.13,"b":2.4,"ms":8.34,"wi":7.49,"ei":9.21,"as":142.08,"mi":"E","mv":11984,"sc":1,"lpe":91.66,"lpr":849.86,"lq":1.0,"d":4262959},{"pi":"422547","pc":"Бакалея","ss":100000,"td":"Фешенебельный район","dc":7,"n":411.55,"vc":"33596","sl":"Элитный","sv":"4949","p":5400.0,"q":13.81,"b":0.0,"ms":1.89,"wi":49.53,"ei":8.82,"as":474.63,"mi":"E","mv":261444,"sc":1,"lpe":98.11,"lpr":1165.48,"lq":1.0,"d":1737022},{"pi":"422547","pc":"Бакалея","ss":10000,"td":"Центр города","dc":1,"n":376.02,"vc":"11012","sl":"Элитный","sv":"1700","p":1791.31,"q":15.47,"b":0.0,"ms":3.3,"wi":24.95,"ei":14.44,"as":648.34,"mi":"E","mv":51536,"sc":1,"lpe":96.7,"lpr":853.39,"lq":1.0,"d":824554},{"pi":"422547","pc":"Бакалея","ss":100000,"td":"Центр города","dc":5,"n":376.95,"vc":"103358","sl":"Очень высокий","sv":"3600","p":2550.0,"q":11.68,"b":0.0,"ms":2.56,"wi":34.92,"ei":8.76,"as":403.15,"mi":"E","mv":140862,"sc":3,"lpe":95.26,"lpr":1042.01,"lq":1.0,"d":1571414},{"pi":"422547","pc":"Бакалея","ss":100000,"td":"Фешенебельный район","dc":6,"n":419.92,"vc":"35154","sl":"Элитный","sv":"3043","p":5600.0,"q":13.69,"b":0.0,"ms":2.16,"wi":34.92,"ei":8.76,"as":403.15,"mi":"E","mv":140862,"sc":3,"lpe":95.26,"lpr":1042.01,"lq":1.0,"d":1571414},{"pi":"422547","pc":"Бакалея","ss":11000,"td":"Центр города","dc":2,"n":259.61,"vc":"12744","sl":"Элитный","sv":"40","p":7000.0,"q":16.74,"b":0.0,"ms":0.03,"wi":34.92,"ei":8.76,"as":403.15,"mi":"E","mv":140862,"sc":3,"lpe":95.26,"lpr":1042.01,"lq":1.0,"d":1571414},{"pi":"422547","pc":"Бакалея","ss":100000,"td":"Центр города","dc":1,"n":502.91,"vc":"378742","sl":"Элитный","sv":"21000","p":2500.0,"q":33.0,"b":2.4,"ms":3.94,"wi":41.94,"ei":6.52,"as":288.14,"mi":"E","mv":532738,"sc":2,"lpe":96.04,"lpr":857.56,"lq":1.0,"d":2083537},{"pi":"422547","pc":"Бакалея","ss":10000,"td":"Центр города","dc":1,"n":263.65,"vc":"9028","sl":"Элитный","sv":"100","p":1477.47,"q":15.47,"b":0.0,"ms":0.02,"wi":41.94,"ei":6.52,"as":288.14,"mi":"E","mv":532738,"sc":2,"lpe":96.04,"lpr":857.56,"lq":1.0,"d":2083537},{"pi":"422547","pc":"Бакалея","ss":100000,"td":"Фешенебельный район","dc":10,"n":402.94,"vc":"10657","sl":"Элитный","sv":"3000","p":2000.0,"q":13.21,"b":1.41,"ms":6.16,"wi":42.01,"ei":5.96,"as":840.23,"mi":"E","mv":48672,"sc":1,"lpe":93.84,"lpr":1199.66,"lq":1.0,"d":374855},{"pi":"422547","pc":"Бакалея","ss":200000,"td":"Центр города","dc":1,"n":486.7,"vc":"553236","sl":"Элитный","sv":"10000","p":6000.0,"q":29.13,"b":0.0,"ms":4.44,"wi":58.06,"ei":9.31,"as":842.54,"mi":"E","mv":225246,"sc":4,"lpe":90.64,"lpr":2466.1,"lq":1.0,"d":2290569},{"pi":"422547","pc":"Бакалея","ss":200000,"td":"Центр города","dc":2,"n":527.11,"vc":"1263474","sl":"Высокий","sv":"6000","p":4000.0,"q":11.63,"b":0.0,"ms":2.66,"wi":58.06,"ei":9.31,"as":842.54,"mi":"E","mv":225246,"sc":4,"lpe":90.64,"lpr":2466.1,"lq":1.0,"d":2290569},{"pi":"422547","pc":"Бакалея","ss":100000,"td":"Центр города","dc":10,"n":291.79,"vc":"44817","sl":"Элитный","sv":"4000","p":3800.0,"q":13.21,"b":1.41,"ms":1.78,"wi":58.06,"ei":9.31,"as":842.54,"mi":"E","mv":225246,"sc":4,"lpe":90.64,"lpr":2466.1,"lq":1.0,"d":2290569},{"pi":"422547","pc":"Бакалея","ss":60000,"td":"Центр города","dc":2,"n":354.6,"vc":"84048","sl":"Элитный","sv":"1080","p":5500.0,"q":13.81,"b":0.0,"ms":0.48,"wi":58.06,"ei":9.31,"as":842.54,"mi":"E","mv":225246,"sc":4,"lpe":90.64,"lpr":2466.1,"lq":1.0,"d":2290569},{"pi":"422547","pc":"Бакалея","ss":10000,"td":"Центр города","dc":10,"n":707.28,"vc":"22351","sl":"Низкий","sv":"742","p":2000.0,"q":10.05,"b":4.35,"ms":29.5,"wi":86.62,"ei":11.59,"as":6064.68,"mi":"E","mv":2515,"sc":2,"lpe":55.98,"lpr":765.3,"lq":1.0,"d":65057},{"pi":"422547","pc":"Бакалея","ss":500,"td":"Фешенебельный район","dc":1,"n":706.45,"vc":"454","sl":"Элитный","sv":"365","p":2500.0,"q":30.49,"b":6.49,"ms":14.51,"wi":86.62,"ei":11.59,"as":6064.68,"mi":"E","mv":2515,"sc":2,"lpe":55.98,"lpr":765.3,"lq":1.0,"d":65057},{"pi":"422547","pc":"Бакалея","ss":100000,"td":"Центр города","dc":10,"n":402.14,"vc":"71449","sl":"Очень высокий","sv":"1000","p":1000.0,"q":10.49,"b":1.33,"ms":2.71,"wi":60.14,"ei":8.49,"as":438.7,"mi":"E","mv":36967,"sc":1,"lpe":97.29,"lpr":1366.1,"lq":1.0,"d":293569},{"pi":"422547","pc":"Бакалея","ss":100000,"td":"Центр города","dc":1,"n":500.51,"vc":"574381","sl":"Очень высокий","sv":"20000","p":3800.0,"q":29.13,"b":0.0,"ms":1.01,"wi":50.69,"ei":6.73,"as":559.13,"mi":"E","mv":1974809,"sc":3,"lpe":98.81,"lpr":1234.56,"lq":1.0,"d":7083090},{"pi":"422547","pc":"Бакалея","ss":100000,"td":"Центр города","dc":1,"n":446.5,"vc":"341717","sl":"Элитный","sv":"3000","p":3200.0,"q":27.85,"b":0.0,"ms":0.15,"wi":50.69,"ei":6.73,"as":559.13,"mi":"E","mv":1974809,"sc":3,"lpe":98.81,"lpr":1234.56,"lq":1.0,"d":7083090},{"pi":"422547","pc":"Бакалея","ss":2000,"td":"Центр города","dc":1,"n":64.63,"vc":"1617","sl":"Элитный","sv":"500","p":2500.0,"q":16.62,"b":0.61,"ms":0.03,"wi":50.69,"ei":6.73,"as":559.13,"mi":"E","mv":1974809,"sc":3,"lpe":98.81,"lpr":1234.56,"lq":1.0,"d":7083090},{"pi":"422547","pc":"Бакалея","ss":400,"td":"Окраина","dc":4,"n":138.86,"vc":"246","sl":"Высокий","sv":"10","p":1188.98,"q":4.37,"b":0.0,"ms":0.08,"wi":36.96,"ei":6.62,"as":480.0,"mi":"E","mv":12652,"sc":2,"lpe":99.84,"lpr":1253.96,"lq":1.0,"d":160779},{"pi":"422547","pc":"Бакалея","ss":1000,"td":"Центр города","dc":1,"n":363.9,"vc":"1584","sl":"Элитный","sv":"10","p":6500.0,"q":16.75,"b":0.0,"ms":0.08,"wi":36.96,"ei":6.62,"as":480.0,"mi":"E","mv":12652,"sc":2,"lpe":99.84,"lpr":1253.96,"lq":1.0,"d":160779},{"pi":"422547","pc":"Бакалея","ss":10000,"td":"Пригород","dc":1,"n":584.13,"vc":"25680","sl":"Элитный","sv":"111","p":1444.0,"q":11.65,"b":0.48,"ms":0.08,"wi":48.58,"ei":7.88,"as":404.82,"mi":"E","mv":142465,"sc":1,"lpe":99.92,"lpr":851.22,"lq":1.0,"d":627892},{"pi":"422547","pc":"Бакалея","ss":1000,"td":"Центр города","dc":1,"n":334.35,"vc":"2482","sl":"Очень высокий","sv":"1000","p":2000.0,"q":13.84,"b":1.52,"ms":0.58,"wi":40.31,"ei":7.5,"as":560.75,"mi":"E","mv":172436,"sc":2,"lpe":99.35,"lpr":878.29,"lq":1.0,"d":1824510},{"pi":"422547","pc":"Бакалея","ss":1000,"td":"Пригород","dc":2,"n":471.47,"vc":"2151","sl":"Высокий","sv":"121","p":1144.0,"q":10.79,"b":0.0,"ms":0.07,"wi":40.31,"ei":7.5,"as":560.75,"mi":"E","mv":172436,"sc":2,"lpe":99.35,"lpr":878.29,"lq":1.0,"d":1824510},{"pi":"422547","pc":"Бакалея","ss":1000,"td":"Центр города","dc":1,"n":156.44,"vc":"477","sl":"Элитный","sv":"600","p":900.0,"q":12.52,"b":0.0,"ms":3.5,"wi":28.32,"ei":4.98,"as":365.77,"mi":"E","mv":17126,"sc":2,"lpe":95.74,"lpr":852.62,"lq":1.0,"d":269313},{"pi":"422547","pc":"Бакалея","ss":1000,"td":"Центр города","dc":2,"n":458.34,"vc":"2619","sl":"Нормальный","sv":"130","p":1500.0,"q":13.84,"b":1.52,"ms":0.76,"wi":28.32,"ei":4.98,"as":365.77,"mi":"E","mv":17126,"sc":2,"lpe":95.74,"lpr":852.62,"lq":1.0,"d":269313},{"pi":"422547","pc":"Бакалея","ss":500,"td":"Фешенебельный район","dc":1,"n":128.64,"vc":"83","sl":"Элитный","sv":"461","p":2900.0,"q":10.82,"b":0.0,"ms":0.37,"wi":58.07,"ei":7.31,"as":1434.5,"mi":"E","mv":124022,"sc":3,"lpe":99.35,"lpr":1319.25,"lq":1.0,"d":939107},{"pi":"422547","pc":"Бакалея","ss":10000,"td":"Пригород","dc":1,"n":591.16,"vc":"43806","sl":"Очень высокий","sv":"334","p":2027.0,"q":10.75,"b":2.78,"ms":0.27,"wi":58.07,"ei":7.31,"as":1434.5,"mi":"E","mv":124022,"sc":3,"lpe":99.35,"lpr":1319.25,"lq":1.0,"d":939107},{"pi":"422547","pc":"Бакалея","ss":1000,"td":"Центр города","dc":1,"n":0.0,"vc":"383","sl":"Элитный","sv":"10","p":2800.0,"q":10.86,"b":0.0,"ms":0.01,"wi":58.07,"ei":7.31,"as":1434.5,"mi":"E","mv":124022,"sc":3,"lpe":99.35,"lpr":1319.25,"lq":1.0,"d":939107},{"pi":"422547","pc":"Бакалея","ss":10000,"td":"Центр города","dc":1,"n":206.23,"vc":"4342","sl":"Элитный","sv":"9767","p":1999.0,"q":20.99,"b":1.2,"ms":4.13,"wi":43.28,"ei":9.12,"as":1094.55,"mi":"E","mv":236571,"sc":1,"lpe":95.87,"lpr":857.17,"lq":1.0,"d":981378},{"pi":"422547","pc":"Бакалея","ss":200000,"td":"Центр города","dc":1,"n":481.98,"vc":"943155","sl":"Элитный","sv":"100000","p":2500.0,"q":29.13,"b":1.27,"ms":7.93,"wi":32.17,"ei":9.21,"as":253.15,"mi":"E","mv":1260463,"sc":1,"lpe":92.07,"lpr":829.45,"lq":1.0,"d":7913550},{"pi":"422547","pc":"Бакалея","ss":100000,"td":"Центр города","dc":1,"n":488.55,"vc":"330244","sl":"Элитный","sv":"20000","p":2400.0,"q":29.13,"b":0.0,"ms":4.9,"wi":39.35,"ei":9.4,"as":334.63,"mi":"E","mv":408460,"sc":2,"lpe":94.86,"lpr":855.0,"lq":1.0,"d":2510311},{"pi":"422547","pc":"Бакалея","ss":100000,"td":"Фешенебельный район","dc":10,"n":275.73,"vc":"6400","sl":"Элитный","sv":"1000","p":1600.0,"q":10.49,"b":1.33,"ms":0.24,"wi":39.35,"ei":9.4,"as":334.63,"mi":"E","mv":408460,"sc":2,"lpe":94.86,"lpr":855.0,"lq":1.0,"d":2510311},{"pi":"422547","pc":"Бакалея","ss":100000,"td":"Центр города","dc":1,"n":494.39,"vc":"261543","sl":"Элитный","sv":"5000","p":2000.0,"q":33.0,"b":1.27,"ms":9.29,"wi":20.9,"ei":8.28,"as":143.39,"mi":"E","mv":53800,"sc":1,"lpe":90.71,"lpr":848.11,"lq":1.0,"d":1139766},{"pi":"422547","pc":"Бакалея","ss":100000,"td":"Центр города","dc":10,"n":311.08,"vc":"48280","sl":"Очень высокий","sv":"2000","p":1200.0,"q":10.49,"b":1.33,"ms":1.02,"wi":42.4,"ei":7.94,"as":312.84,"mi":"E","mv":196709,"sc":3,"lpe":98.47,"lpr":931.43,"lq":1.0,"d":1090586},{"pi":"422547","pc":"Бакалея","ss":10000,"td":"Окраина","dc":2,"n":71.34,"vc":"1053","sl":"Элитный","sv":"650","p":1000.0,"q":12.35,"b":0.360769230769231,"ms":0.33,"wi":42.4,"ei":7.94,"as":312.84,"mi":"E","mv":196709,"sc":3,"lpe":98.47,"lpr":931.43,"lq":1.0,"d":1090586},{"pi":"422547","pc":"Бакалея","ss":10000,"td":"Центр города","dc":2,"n":198.84,"vc":"4508","sl":"Элитный","sv":"350","p":2649.0,"q":20.99,"b":1.15,"ms":0.18,"wi":42.4,"ei":7.94,"as":312.84,"mi":"E","mv":196709,"sc":3,"lpe":98.47,"lpr":931.43,"lq":1.0,"d":1090586},{"pi":"422547","pc":"Бакалея","ss":100000,"td":"Фешенебельный район","dc":10,"n":456.24,"vc":"27940","sl":"Элитный","sv":"1500","p":1500.0,"q":10.49,"b":1.33,"ms":0.7,"wi":44.11,"ei":8.36,"as":342.3,"mi":"E","mv":214036,"sc":1,"lpe":99.3,"lpr":858.57,"lq":1.0,"d":1081774},{"pi":"422547","pc":"Бакалея","ss":100000,"td":"Центр города","dc":1,"n":507.05,"vc":"238577","sl":"Элитный","sv":"1000","p":12840.0,"q":45.03,"b":2.65,"ms":0.5,"wi":52.25,"ei":7.93,"as":1157.31,"mi":"E","mv":200707,"sc":3,"lpe":98.85,"lpr":2457.17,"lq":1.0,"d":1631714},{"pi":"422547","pc":"Бакалея","ss":100000,"td":"Центр города","dc":1,"n":507.05,"vc":"238577","sl":"Элитный","sv":"1000","p":12770.0,"q":45.03,"b":2.65,"ms":0.5,"wi":52.25,"ei":7.93,"as":1157.31,"mi":"E","mv":200707,"sc":3,"lpe":98.85,"lpr":2457.17,"lq":1.0,"d":1631714},{"pi":"422547","pc":"Бакалея","ss":10000,"td":"Центр города","dc":2,"n":294.89,"vc":"8527","sl":"Элитный","sv":"300","p":2200.0,"q":14.72,"b":0.0,"ms":0.15,"wi":52.25,"ei":7.93,"as":1157.31,"mi":"E","mv":200707,"sc":3,"lpe":98.85,"lpr":2457.17,"lq":1.0,"d":1631714},{"pi":"422547","pc":"Бакалея","ss":100000,"td":"Центр города","dc":1,"n":485.2,"vc":"429585","sl":"Элитный","sv":"8000","p":2300.0,"q":29.13,"b":1.27,"ms":2.42,"wi":20.78,"ei":8.56,"as":105.56,"mi":"E","mv":330695,"sc":1,"lpe":97.58,"lpr":848.95,"lq":1.0,"d":4703711},{"pi":"422547","pc":"Бакалея","ss":100000,"td":"Центр города","dc":2,"n":314.82,"vc":"61726","sl":"Элитный","sv":"8000","p":3600.0,"q":14.72,"b":2.42,"ms":1.21,"wi":53.75,"ei":9.53,"as":1662.81,"mi":"E","mv":662051,"sc":3,"lpe":98.74,"lpr":1716.46,"lq":1.0,"d":2620393},{"pi":"422547","pc":"Бакалея","ss":10000,"td":"Центр города","dc":4,"n":73.33,"vc":"2280","sl":"Элитный","sv":"200","p":1000.0,"q":12.45,"b":0.0,"ms":0.03,"wi":53.75,"ei":9.53,"as":1662.81,"mi":"E","mv":662051,"sc":3,"lpe":98.74,"lpr":1716.46,"lq":1.0,"d":2620393},{"pi":"422547","pc":"Бакалея","ss":100000,"td":"Пригород","dc":2,"n":492.17,"vc":"135884","sl":"Элитный","sv":"111","p":1333.0,"q":11.65,"b":2.78,"ms":0.02,"wi":53.75,"ei":9.53,"as":1662.81,"mi":"E","mv":662051,"sc":3,"lpe":98.74,"lpr":1716.46,"lq":1.0,"d":2620393},{"pi":"422547","pc":"Бакалея","ss":100000,"td":"Центр города","dc":2,"n":138.93,"vc":"5007","sl":"Элитный","sv":"143","p":750.0,"q":1.88,"b":0.69,"ms":0.87,"wi":24.77,"ei":4.98,"as":376.27,"mi":"E","mv":16376,"sc":1,"lpe":99.13,"lpr":859.62,"lq":1.0,"d":458756},{"pi":"422547","pc":"Бакалея","ss":100000,"td":"Центр города","dc":1,"n":452.71,"vc":"409834","sl":"Элитный","sv":"19708","p":8366.0,"q":45.03,"b":0.0,"ms":1.11,"wi":61.12,"ei":10.04,"as":1836.76,"mi":"E","mv":1774425,"sc":5,"lpe":98.46,"lpr":2428.1,"lq":1.0,"d":10036968},{"pi":"422547","pc":"Бакалея","ss":100000,"td":"Центр города","dc":1,"n":444.44,"vc":"378497","sl":"Элитный","sv":"4980","p":8347.0,"q":45.03,"b":0.0,"ms":0.28,"wi":61.12,"ei":10.04,"as":1836.76,"mi":"E","mv":1774425,"sc":5,"lpe":98.46,"lpr":2428.1,"lq":1.0,"d":10036968},{"pi":"422547","pc":"Бакалея","ss":100000,"td":"Фешенебельный район","dc":1,"n":236.77,"vc":"7708","sl":"Элитный","sv":"2200","p":2900.0,"q":14.72,"b":0.0,"ms":0.12,"wi":61.12,"ei":10.04,"as":1836.76,"mi":"E","mv":1774425,"sc":5,"lpe":98.46,"lpr":2428.1,"lq":1.0,"d":10036968},{"pi":"422547","pc":"Бакалея","ss":100000,"td":"Центр города","dc":1,"n":119.53,"vc":"16642","sl":"Элитный","sv":"424","p":6400.0,"q":15.38,"b":0.0,"ms":0.02,"wi":61.12,"ei":10.04,"as":1836.76,"mi":"E","mv":1774425,"sc":5,"lpe":98.46,"lpr":2428.1,"lq":1.0,"d":10036968},{"pi":"422547","pc":"Бакалея","ss":100,"td":"Фешенебельный район","dc":1,"n":16.16,"vc":"42","sl":"Высокий","sv":"10","p":5000.0,"q":10.86,"b":0.0,"ms":0.0,"wi":61.12,"ei":10.04,"as":1836.76,"mi":"E","mv":1774425,"sc":5,"lpe":98.46,"lpr":2428.1,"lq":1.0,"d":10036968},{"pi":"422547","pc":"Бакалея","ss":100000,"td":"Фешенебельный район","dc":10,"n":467.08,"vc":"29130","sl":"Высокий","sv":"2000","p":1600.0,"q":10.49,"b":1.33,"ms":2.2,"wi":28.89,"ei":5.04,"as":260.46,"mi":"E","mv":91023,"sc":2,"lpe":97.68,"lpr":845.83,"lq":1.0,"d":876292},{"pi":"422547","pc":"Бакалея","ss":1000,"td":"Пригород","dc":2,"n":575.84,"vc":"3970","sl":"Низкий","sv":"111","p":2222.0,"q":10.3,"b":0.0,"ms":0.12,"wi":28.89,"ei":5.04,"as":260.46,"mi":"E","mv":91023,"sc":2,"lpe":97.68,"lpr":845.83,"lq":1.0,"d":876292},{"pi":"422547","pc":"Бакалея","ss":100000,"td":"Фешенебельный район","dc":10,"n":384.85,"vc":"9927","sl":"Элитный","sv":"1000","p":1500.0,"q":10.49,"b":1.33,"ms":1.2,"wi":48.98,"ei":5.69,"as":358.94,"mi":"E","mv":83423,"sc":1,"lpe":98.8,"lpr":1141.04,"lq":1.0,"d":375211},{"pi":"422547","pc":"Бакалея","ss":100000,"td":"Фешенебельный район","dc":10,"n":353.03,"vc":"8587","sl":"Элитный","sv":"1000","p":1500.0,"q":10.49,"b":1.33,"ms":0.67,"wi":34.47,"ei":8.13,"as":261.61,"mi":"E","mv":148696,"sc":1,"lpe":99.33,"lpr":848.53,"lq":1.0,"d":869225},{"pi":"422547","pc":"Бакалея","ss":1000,"td":"Центр города","dc":3,"n":53.49,"vc":"965","sl":"Очень высокий","sv":"200","p":1000.0,"q":12.45,"b":0.0,"ms":0.03,"wi":58.08,"ei":17.43,"as":630.16,"mi":"E","mv":750987,"sc":1,"lpe":99.97,"lpr":1618.77,"lq":1.0,"d":6569718},{"pi":"422547","pc":"Бакалея","ss":100000,"td":"Фешенебельный район","dc":10,"n":307.2,"vc":"7133","sl":"Элитный","sv":"3500","p":2500.0,"q":10.49,"b":1.33,"ms":1.9,"wi":38.97,"ei":9.11,"as":428.8,"mi":"E","mv":183856,"sc":1,"lpe":98.1,"lpr":1110.25,"lq":1.0,"d":1161922},{"pi":"422547","pc":"Бакалея","ss":100000,"td":"Фешенебельный район","dc":10,"n":387.83,"vc":"9964","sl":"Очень высокий","sv":"1000","p":1500.0,"q":10.49,"b":1.33,"ms":1.11,"wi":40.92,"ei":4.8,"as":286.98,"mi":"E","mv":89889,"sc":1,"lpe":98.89,"lpr":962.19,"lq":1.0,"d":329560},{"pi":"422547","pc":"Бакалея","ss":100000,"td":"Спальный район","dc":3,"n":487.47,"vc":"269482","sl":"Очень высокий","sv":"467","p":4630.0,"q":13.94,"b":0.0,"ms":0.12,"wi":82.59,"ei":9.35,"as":1210.0,"mi":"E","mv":397435,"sc":1,"lpe":99.88,"lpr":3375.28,"lq":1.0,"d":2652810},{"pi":"422547","pc":"Бакалея","ss":200000,"td":"Фешенебельный район","dc":4,"n":377.76,"vc":"51171","sl":"Высокий","sv":"6","p":7100.0,"q":12.94,"b":0.0,"ms":0.01,"wi":13.43,"ei":3.5,"as":118.52,"mi":"E","mv":43779,"sc":1,"lpe":99.99,"lpr":914.76,"lq":1.0,"d":3385529},{"pi":"422547","pc":"Бакалея","ss":100000,"td":"Фешенебельный район","dc":1,"n":474.95,"vc":"71654","sl":"Элитный","sv":"15842","p":5800.0,"q":25.05,"b":2.66847935866683,"ms":0.67,"wi":44.39,"ei":7.01,"as":718.34,"mi":"E","mv":2363014,"sc":7,"lpe":98.84,"lpr":1384.64,"lq":1.0,"d":8441997},{"pi":"422547","pc":"Бакалея","ss":100000,"td":"Центр города","dc":1,"n":457.61,"vc":"404355","sl":"Элитный","sv":"6000","p":5906.0,"q":45.03,"b":0.0,"ms":0.25,"wi":44.39,"ei":7.01,"as":718.34,"mi":"E","mv":2363014,"sc":7,"lpe":98.84,"lpr":1384.64,"lq":1.0,"d":8441997},{"pi":"422547","pc":"Бакалея","ss":100000,"td":"Центр города","dc":1,"n":520.18,"vc":"737994","sl":"Очень высокий","sv":"4705","p":6500.0,"q":30.83,"b":1.76,"ms":0.2,"wi":44.39,"ei":7.01,"as":718.34,"mi":"E","mv":2363014,"sc":7,"lpe":98.84,"lpr":1384.64,"lq":1.0,"d":8441997},{"pi":"422547","pc":"Бакалея","ss":10000,"td":"Центр города","dc":3,"n":62.85,"vc":"3375","sl":"Элитный","sv":"800","p":1500.0,"q":12.52,"b":0.0,"ms":0.03,"wi":44.39,"ei":7.01,"as":718.34,"mi":"E","mv":2363014,"sc":7,"lpe":98.84,"lpr":1384.64,"lq":1.0,"d":8441997},{"pi":"422547","pc":"Бакалея","ss":100000,"td":"Фешенебельный район","dc":2,"n":307.6,"vc":"14335","sl":"Элитный","sv":"40","p":2700.0,"q":14.72,"b":0.0,"ms":0.0,"wi":44.39,"ei":7.01,"as":718.34,"mi":"E","mv":2363014,"sc":7,"lpe":98.84,"lpr":1384.64,"lq":1.0,"d":8441997},{"pi":"422547","pc":"Бакалея","ss":1000,"td":"Пригород","dc":2,"n":188.66,"vc":"1020","sl":"Очень высокий","sv":"33","p":2108.0,"q":11.65,"b":0.55,"ms":0.0,"wi":44.39,"ei":7.01,"as":718.34,"mi":"E","mv":2363014,"sc":7,"lpe":98.84,"lpr":1384.64,"lq":1.0,"d":8441997},{"pi":"422547","pc":"Бакалея","ss":110000,"td":"Фешенебельный район","dc":2,"n":452.68,"vc":"94232","sl":"Высокий","sv":"14","p":7500.0,"q":15.3,"b":0.0,"ms":0.0,"wi":44.39,"ei":7.01,"as":718.34,"mi":"E","mv":2363014,"sc":7,"lpe":98.84,"lpr":1384.64,"lq":1.0,"d":8441997},{"pi":"422547","pc":"Бакалея","ss":1000,"td":"Центр города","dc":1,"n":393.81,"vc":"5048","sl":"Нормальный","sv":"1","p":6375.0,"q":15.05,"b":0.0,"ms":0.0,"wi":19.08,"ei":9.49,"as":404.04,"mi":"E","mv":253957,"sc":1,"lpe":100.0,"lpr":853.5,"lq":1.0,"d":4338959},{"pi":"422547","pc":"Бакалея","ss":10000,"td":"Пригород","dc":2,"n":346.45,"vc":"11363","sl":"Элитный","sv":"5","p":935.4,"q":11.65,"b":0.0,"ms":0.0,"wi":12.89,"ei":4.55,"as":196.01,"mi":"E","mv":186867,"sc":1,"lpe":100.0,"lpr":844.58,"lq":1.0,"d":9368369},{"pi":"422547","pc":"Бакалея","ss":100000,"td":"Центр города","dc":1,"n":493.66,"vc":"450832","sl":"Очень высокий","sv":"40000","p":2200.0,"q":29.13,"b":1.5,"ms":6.25,"wi":30.28,"ei":8.35,"as":291.41,"mi":"E","mv":639909,"sc":2,"lpe":93.75,"lpr":848.14,"lq":1.0,"d":4279664},{"pi":"422547","pc":"Бакалея","ss":200000,"td":"Фешенебельный район","dc":4,"n":353.22,"vc":"44826","sl":"Элитный","sv":"1","p":6100.0,"q":8.1,"b":3.33,"ms":0.0,"wi":30.28,"ei":8.35,"as":291.41,"mi":"E","mv":639909,"sc":2,"lpe":93.75,"lpr":848.14,"lq":1.0,"d":4279664},{"pi":"422547","pc":"Бакалея","ss":100000,"td":"Центр города","dc":1,"n":492.8,"vc":"383922","sl":"Элитный","sv":"30000","p":2900.0,"q":29.13,"b":0.0,"ms":4.74,"wi":45.27,"ei":7.99,"as":473.94,"mi":"E","mv":632361,"sc":3,"lpe":94.85,"lpr":1144.65,"lq":1.0,"d":2768566},{"pi":"422547","pc":"Бакалея","ss":100000,"td":"Фешенебельный район","dc":10,"n":257.61,"vc":"6000","sl":"Элитный","sv":"2500","p":2200.0,"q":10.49,"b":1.33,"ms":0.4,"wi":45.27,"ei":7.99,"as":473.94,"mi":"E","mv":632361,"sc":3,"lpe":94.85,"lpr":1144.65,"lq":1.0,"d":2768566},{"pi":"422547","pc":"Бакалея","ss":1000,"td":"Центр города","dc":1,"n":0.0,"vc":"596","sl":"Элитный","sv":"48","p":5000.0,"q":13.8,"b":0.0,"ms":0.01,"wi":45.27,"ei":7.99,"as":473.94,"mi":"E","mv":632361,"sc":3,"lpe":94.85,"lpr":1144.65,"lq":1.0,"d":2768566},{"pi":"422547","pc":"Бакалея","ss":100000,"td":"Центр города","dc":1,"n":498.6,"vc":"263698","sl":"Элитный","sv":"5000","p":6100.0,"q":29.13,"b":2.22,"ms":3.36,"wi":69.06,"ei":7.8,"as":520.63,"mi":"E","mv":148651,"sc":1,"lpe":96.64,"lpr":1473.03,"lq":1.0,"d":807231},{"pi":"422547","pc":"Бакалея","ss":10000,"td":"Центр города","dc":3,"n":204.42,"vc":"3798","sl":"Высокий","sv":"200","p":500.0,"q":12.45,"b":0.0,"ms":0.17,"wi":40.24,"ei":9.91,"as":414.75,"mi":"E","mv":118672,"sc":1,"lpe":99.83,"lpr":851.26,"lq":1.0,"d":1131599},{"pi":"422547","pc":"Бакалея","ss":300000,"td":"Центр города","dc":5,"n":502.27,"vc":"1090912","sl":"Нормальный","sv":"10000","p":2600.0,"q":29.13,"b":0.0,"ms":1.13,"wi":36.51,"ei":11.81,"as":423.34,"mi":"E","mv":882923,"sc":1,"lpe":98.87,"lpr":859.06,"lq":1.0,"d":4332128},{"pi":"422547","pc":"Бакалея","ss":100000,"td":"Центр города","dc":1,"n":501.76,"vc":"380930","sl":"Элитный","sv":"30000","p":4600.0,"q":29.13,"b":0.0,"ms":5.72,"wi":56.35,"ei":7.93,"as":544.55,"mi":"E","mv":524534,"sc":2,"lpe":93.71,"lpr":1541.55,"lq":1.0,"d":2116572},{"pi":"422547","pc":"Бакалея","ss":100000,"td":"Центр города","dc":2,"n":410.26,"vc":"158024","sl":"Элитный","sv":"3000","p":3150.0,"q":15.47,"b":0.0,"ms":0.57,"wi":56.35,"ei":7.93,"as":544.55,"mi":"E","mv":524534,"sc":2,"lpe":93.71,"lpr":1541.55,"lq":1.0,"d":2116572},{"pi":"422547","pc":"Бакалея","ss":100000,"td":"Центр города","dc":2,"n":520.61,"vc":"344323","sl":"Очень высокий","sv":"2000","p":5500.0,"q":30.88,"b":4.33,"ms":0.79,"wi":56.86,"ei":4.0,"as":372.8,"mi":"E","mv":252588,"sc":1,"lpe":99.21,"lpr":1413.01,"lq":1.0,"d":945000},{"pi":"422547","pc":"Бакалея","ss":200000,"td":"Центр города","dc":1,"n":483.46,"vc":"1167451","sl":"Очень высокий","sv":"50000","p":2500.0,"q":29.13,"b":0.0,"ms":1.89,"wi":31.78,"ei":10.87,"as":249.98,"mi":"E","mv":2651777,"sc":1,"lpe":98.11,"lpr":842.27,"lq":1.0,"d":13934474},{"pi":"422547","pc":"Бакалея","ss":1000,"td":"Фешенебельный район","dc":2,"n":159.61,"vc":"63","sl":"Элитный","sv":"400","p":2900.0,"q":12.52,"b":0.0,"ms":4.14,"wi":31.13,"ei":3.23,"as":1295.98,"mi":"E","mv":9664,"sc":2,"lpe":95.03,"lpr":2873.83,"lq":1.0,"d":541411},{"pi":"422547","pc":"Бакалея","ss":30000,"td":"Центр города","dc":8,"n":379.09,"vc":"22384","sl":"Низкий","sv":"80","p":12700.0,"q":13.61,"b":0.0,"ms":0.83,"wi":31.13,"ei":3.23,"as":1295.98,"mi":"E","mv":9664,"sc":2,"lpe":95.03,"lpr":2873.83,"lq":1.0,"d":541411},{"pi":"422547","pc":"Бакалея","ss":100000,"td":"Центр города","dc":2,"n":391.94,"vc":"162271","sl":"Элитный","sv":"300","p":3000.0,"q":15.47,"b":0.0,"ms":0.4,"wi":8.57,"ei":5.65,"as":234.87,"mi":"E","mv":75414,"sc":1,"lpe":99.6,"lpr":852.72,"lq":1.0,"d":10490211},{"pi":"422547","pc":"Бакалея","ss":600,"td":"Спальный район","dc":1,"n":75.76,"vc":"304","sl":"Элитный","sv":"850","p":2100.0,"q":12.39,"b":0.0,"ms":1.31,"wi":44.89,"ei":7.37,"as":945.65,"mi":"E","mv":64857,"sc":1,"lpe":98.69,"lpr":2034.68,"lq":1.0,"d":663960},{"pi":"422547","pc":"Бакалея","ss":300,"td":"Окраина","dc":5,"n":21.41,"vc":"111","sl":"Высокий","sv":"10","p":1003.7,"q":4.37,"b":0.234,"ms":0.02,"wi":52.62,"ei":6.44,"as":480.0,"mi":"E","mv":50867,"sc":2,"lpe":99.96,"lpr":1254.62,"lq":1.0,"d":343865},{"pi":"422547","pc":"Бакалея","ss":300,"td":"Окраина","dc":4,"n":15.62,"vc":"108","sl":"Нормальный","sv":"10","p":1191.64,"q":4.37,"b":0.234,"ms":0.02,"wi":52.62,"ei":6.44,"as":480.0,"mi":"E","mv":50867,"sc":2,"lpe":99.96,"lpr":1254.62,"lq":1.0,"d":343865},{"pi":"422547","pc":"Бакалея","ss":400,"td":"Спальный район","dc":1,"n":11.1,"vc":"180","sl":"Элитный","sv":"11","p":6500.0,"q":16.74,"b":0.0,"ms":0.01,"wi":71.08,"ei":6.31,"as":510.0,"mi":"E","mv":85725,"sc":1,"lpe":99.99,"lpr":1743.38,"lq":1.0,"d":543754},{"pi":"422547","pc":"Бакалея","ss":1100,"td":"Фешенебельный район","dc":1,"n":22.2,"vc":"60","sl":"Элитный","sv":"375","p":4500.0,"q":5.75,"b":0.69,"ms":0.92,"wi":69.53,"ei":8.99,"as":1083.46,"mi":"E","mv":40704,"sc":1,"lpe":99.08,"lpr":3174.56,"lq":1.0,"d":556722},{"pi":"422547","pc":"Бакалея","ss":100000,"td":"Центр города","dc":2,"n":615.13,"vc":"1217416","sl":"Низкий","sv":"2627","p":10000.0,"q":13.69,"b":0.0,"ms":2.93,"wi":80.05,"ei":9.36,"as":1250.0,"mi":"E","mv":89749,"sc":2,"lpe":96.6,"lpr":2896.29,"lq":1.0,"d":815686},{"pi":"422547","pc":"Бакалея","ss":1100,"td":"Фешенебельный район","dc":1,"n":12.04,"vc":"65","sl":"Элитный","sv":"422","p":4000.0,"q":5.75,"b":0.69,"ms":0.47,"wi":80.05,"ei":9.36,"as":1250.0,"mi":"E","mv":89749,"sc":2,"lpe":96.6,"lpr":2896.29,"lq":1.0,"d":815686},{"pi":"422547","pc":"Бакалея","ss":100000,"td":"Центр города","dc":2,"n":156.51,"vc":"7288","sl":"Элитный","sv":"10","p":3000.0,"q":9.54,"b":0.0,"ms":0.03,"wi":16.58,"ei":4.38,"as":376.19,"mi":"E","mv":35187,"sc":1,"lpe":99.97,"lpr":860.25,"lq":1.0,"d":490490},{"pi":"422547","pc":"Бакалея","ss":1000,"td":"Пригород","dc":4,"n":78.11,"vc":"120","sl":"Элитный","sv":"10","p":1122.92,"q":4.37,"b":0.0,"ms":0.08,"wi":38.92,"ei":5.96,"as":480.0,"mi":"E","mv":11825,"sc":1,"lpe":99.92,"lpr":1218.99,"lq":1.0,"d":111000},{"pi":"422547","pc":"Бакалея","ss":1000,"td":"Фешенебельный район","dc":1,"n":58.01,"vc":"66","sl":"Элитный","sv":"4","p":5999.99,"q":16.75,"b":0.0,"ms":0.02,"wi":52.6,"ei":6.3,"as":500.0,"mi":"E","mv":22221,"sc":2,"lpe":99.98,"lpr":1306.6,"lq":1.0,"d":143500},{"pi":"422547","pc":"Бакалея","ss":400,"td":"Спальный район","dc":1,"n":75.87,"vc":"156","sl":"Элитный","sv":"1","p":6000.0,"q":16.74,"b":0.0,"ms":0.0,"wi":52.6,"ei":6.3,"as":500.0,"mi":"E","mv":22221,"sc":2,"lpe":99.98,"lpr":1306.6,"lq":1.0,"d":143500},{"pi":"422547","pc":"Бакалея","ss":100000,"td":"Центр города","dc":1,"n":493.86,"vc":"465278","sl":"Очень высокий","sv":"40000","p":1500.0,"q":29.13,"b":1.74,"ms":3.86,"wi":37.12,"ei":8.72,"as":437.31,"mi":"E","mv":1036822,"sc":1,"lpe":96.14,"lpr":855.0,"lq":1.0,"d":4656807},{"pi":"422547","pc":"Бакалея","ss":200,"td":"Окраина","dc":4,"n":21.06,"vc":"63","sl":"Очень высокий","sv":"10","p":1158.43,"q":4.37,"b":0.0,"ms":0.07,"wi":38.59,"ei":6.2,"as":470.0,"mi":"E","mv":14186,"sc":8,"lpe":99.44,"lpr":1227.85,"lq":1.0,"d":137772},{"pi":"422547","pc":"Бакалея","ss":200,"td":"Окраина","dc":4,"n":21.18,"vc":"63","sl":"Очень высокий","sv":"10","p":1158.43,"q":4.37,"b":0.0,"ms":0.07,"wi":38.59,"ei":6.2,"as":470.0,"mi":"E","mv":14186,"sc":8,"lpe":99.44,"lpr":1227.85,"lq":1.0,"d":137772},{"pi":"422547","pc":"Бакалея","ss":200,"td":"Окраина","dc":4,"n":20.65,"vc":"63","sl":"Очень высокий","sv":"10","p":1158.43,"q":4.37,"b":0.0,"ms":0.07,"wi":38.59,"ei":6.2,"as":470.0,"mi":"E","mv":14186,"sc":8,"lpe":99.44,"lpr":1227.85,"lq":1.0,"d":137772},{"pi":"422547","pc":"Бакалея","ss":300,"td":"Окраина","dc":5,"n":27.13,"vc":"83","sl":"Очень высокий","sv":"10","p":1158.43,"q":4.37,"b":0.0,"ms":0.07,"wi":38.59,"ei":6.2,"as":470.0,"mi":"E","mv":14186,"sc":8,"lpe":99.44,"lpr":1227.85,"lq":1.0,"d":137772},{"pi":"422547","pc":"Бакалея","ss":200,"td":"Окраина","dc":4,"n":21.12,"vc":"63","sl":"Очень высокий","sv":"10","p":1158.43,"q":4.37,"b":0.0,"ms":0.07,"wi":38.59,"ei":6.2,"as":470.0,"mi":"E","mv":14186,"sc":8,"lpe":99.44,"lpr":1227.85,"lq":1.0,"d":137772},{"pi":"422547","pc":"Бакалея","ss":200,"td":"Окраина","dc":4,"n":20.5,"vc":"63","sl":"Очень высокий","sv":"10","p":1158.43,"q":4.37,"b":0.0,"ms":0.07,"wi":38.59,"ei":6.2,"as":470.0,"mi":"E","mv":14186,"sc":8,"lpe":99.44,"lpr":1227.85,"lq":1.0,"d":137772},{"pi":"422547","pc":"Бакалея","ss":200,"td":"Окраина","dc":4,"n":20.59,"vc":"63","sl":"Очень высокий","sv":"10","p":1158.43,"q":4.37,"b":0.0,"ms":0.07,"wi":38.59,"ei":6.2,"as":470.0,"mi":"E","mv":14186,"sc":8,"lpe":99.44,"lpr":1227.85,"lq":1.0,"d":137772},{"pi":"422547","pc":"Бакалея","ss":200,"td":"Окраина","dc":4,"n":20.53,"vc":"63","sl":"Очень высокий","sv":"10","p":1158.43,"q":4.37,"b":0.0,"ms":0.07,"wi":38.59,"ei":6.2,"as":470.0,"mi":"E","mv":14186,"sc":8,"lpe":99.44,"lpr":1227.85,"lq":1.0,"d":137772},{"pi":"422547","pc":"Бакалея","ss":1000,"td":"Центр города","dc":1,"n":0.0,"vc":"662","sl":"Очень высокий","sv":"3","p":4500.0,"q":13.79,"b":0.0,"ms":0.0,"wi":29.0,"ei":5.16,"as":419.24,"mi":"E","mv":468320,"sc":1,"lpe":100.0,"lpr":851.14,"lq":1.0,"d":3737436},{"pi":"422547","pc":"Бакалея","ss":100000,"td":"Центр города","dc":2,"n":476.68,"vc":"193422","sl":"Элитный","sv":"10000","p":4200.0,"q":29.13,"b":1.94,"ms":6.6,"wi":46.81,"ei":6.6,"as":569.37,"mi":"E","mv":151431,"sc":1,"lpe":93.4,"lpr":1569.55,"lq":1.0,"d":608062},{"pi":"422547","pc":"Бакалея","ss":1000,"td":"Центр города","dc":1,"n":353.42,"vc":"2496","sl":"Очень высокий","sv":"2000","p":12000.0,"q":13.84,"b":1.46,"ms":8.1,"wi":133.49,"ei":10.37,"as":577.09,"mi":"E","mv":24699,"sc":5,"lpe":90.63,"lpr":5130.6,"lq":5.93,"d":1180995},{"pi":"422547","pc":"Бакалея","ss":1000,"td":"Центр города","dc":2,"n":473.46,"vc":"7365","sl":"Низкий","sv":"233","p":12000.0,"q":9.06,"b":2.0,"ms":0.94,"wi":133.49,"ei":10.37,"as":577.09,"mi":"E","mv":24699,"sc":5,"lpe":90.63,"lpr":5130.6,"lq":5.93,"d":1180995},{"pi":"422547","pc":"Бакалея","ss":1000,"td":"Центр города","dc":1,"n":656.39,"vc":"20660","sl":"Очень низкий","sv":"49","p":20000.0,"q":15.02,"b":0.0,"ms":0.2,"wi":133.49,"ei":10.37,"as":577.09,"mi":"E","mv":24699,"sc":5,"lpe":90.63,"lpr":5130.6,"lq":5.93,"d":1180995},{"pi":"422547","pc":"Бакалея","ss":1000,"td":"Центр города","dc":1,"n":191.3,"vc":"1500","sl":"Элитный","sv":"21","p":20000.0,"q":13.62,"b":0.0,"ms":0.09,"wi":133.49,"ei":10.37,"as":577.09,"mi":"E","mv":24699,"sc":5,"lpe":90.63,"lpr":5130.6,"lq":5.93,"d":1180995},{"pi":"422547","pc":"Бакалея","ss":1000,"td":"Фешенебельный район","dc":1,"n":369.22,"vc":"614","sl":"Элитный","sv":"12","p":22000.0,"q":13.49,"b":0.0,"ms":0.05,"wi":133.49,"ei":10.37,"as":577.09,"mi":"E","mv":24699,"sc":5,"lpe":90.63,"lpr":5130.6,"lq":5.93,"d":1180995},{"pi":"422547","pc":"Бакалея","ss":1000,"td":"Фешенебельный район","dc":1,"n":503.69,"vc":"1246","sl":"Элитный","sv":"621","p":9200.0,"q":13.38,"b":0.0,"ms":0.85,"wi":119.48,"ei":10.56,"as":647.33,"mi":"E","mv":72936,"sc":2,"lpe":98.63,"lpr":2081.82,"lq":1.0,"d":749064},{"pi":"422547","pc":"Бакалея","ss":1000,"td":"Фешенебельный район","dc":1,"n":396.36,"vc":"681","sl":"Элитный","sv":"380","p":7532.0,"q":9.53,"b":0.0,"ms":0.52,"wi":119.48,"ei":10.56,"as":647.33,"mi":"E","mv":72936,"sc":2,"lpe":98.63,"lpr":2081.82,"lq":1.0,"d":749064},{"pi":"422547","pc":"Бакалея","ss":1000,"td":"Фешенебельный район","dc":1,"n":322.7,"vc":"373","sl":"Элитный","sv":"4374","p":15000.0,"q":13.82,"b":1.46,"ms":7.07,"wi":258.41,"ei":9.91,"as":720.18,"mi":"E","mv":61873,"sc":7,"lpe":90.36,"lpr":5230.6,"lq":3.79,"d":1127008},{"pi":"422547","pc":"Бакалея","ss":1000,"td":"Фешенебельный район","dc":1,"n":346.69,"vc":"640","sl":"Элитный","sv":"800","p":12730.0,"q":9.44,"b":0.0,"ms":1.29,"wi":258.41,"ei":9.91,"as":720.18,"mi":"E","mv":61873,"sc":7,"lpe":90.36,"lpr":5230.6,"lq":3.79,"d":1127008},{"pi":"422547","pc":"Бакалея","ss":1000,"td":"Фешенебельный район","dc":2,"n":450.03,"vc":"1148","sl":"Очень высокий","sv":"460","p":19000.0,"q":14.44,"b":0.0043695652173913,"ms":0.74,"wi":258.41,"ei":9.91,"as":720.18,"mi":"E","mv":61873,"sc":7,"lpe":90.36,"lpr":5230.6,"lq":3.79,"d":1127008},{"pi":"422547","pc":"Бакалея","ss":1000,"td":"Центр города","dc":2,"n":450.07,"vc":"7653","sl":"Низкий","sv":"200","p":18000.0,"q":16.75,"b":0.0,"ms":0.32,"wi":258.41,"ei":9.91,"as":720.18,"mi":"E","mv":61873,"sc":7,"lpe":90.36,"lpr":5230.6,"lq":3.79,"d":1127008},{"pi":"422547","pc":"Бакалея","ss":1000,"td":"Центр города","dc":1,"n":312.51,"vc":"3524","sl":"Высокий","sv":"94","p":24000.0,"q":14.45,"b":0.0,"ms":0.15,"wi":258.41,"ei":9.91,"as":720.18,"mi":"E","mv":61873,"sc":7,"lpe":90.36,"lpr":5230.6,"lq":3.79,"d":1127008},{"pi":"422547","pc":"Бакалея","ss":1000,"td":"Спальный район","dc":2,"n":312.51,"vc":"2643","sl":"Нормальный","sv":"32","p":21000.0,"q":14.45,"b":0.0,"ms":0.05,"wi":258.41,"ei":9.91,"as":720.18,"mi":"E","mv":61873,"sc":7,"lpe":90.36,"lpr":5230.6,"lq":3.79,"d":1127008},{"pi":"422547","pc":"Бакалея","ss":1000,"td":"Центр города","dc":2,"n":606.12,"vc":"18447","sl":"Очень низкий","sv":"6","p":20000.0,"q":10.37,"b":0.0,"ms":0.01,"wi":258.41,"ei":9.91,"as":720.18,"mi":"E","mv":61873,"sc":7,"lpe":90.36,"lpr":5230.6,"lq":3.79,"d":1127008},{"pi":"422547","pc":"Бакалея","ss":1000,"td":"Центр города","dc":2,"n":29.96,"vc":"325","sl":"Элитный","sv":"9","p":19000.0,"q":9.4,"b":0.0,"ms":0.05,"wi":84.23,"ei":8.99,"as":617.98,"mi":"E","mv":18891,"sc":1,"lpe":99.95,"lpr":4644.7,"lq":1.0,"d":511712},{"pi":"422547","pc":"Бакалея","ss":100000,"td":"Центр города","dc":2,"n":549.22,"vc":"325850","sl":"Очень высокий","sv":"500","p":5000.0,"q":30.88,"b":0.0,"ms":0.5,"wi":56.43,"ei":4.02,"as":298.46,"mi":"E","mv":100330,"sc":1,"lpe":99.5,"lpr":1003.46,"lq":1.0,"d":367846},{"pi":"422547","pc":"Бакалея","ss":1000,"td":"Окраина","dc":7,"n":45.16,"vc":"194","sl":"Элитный","sv":"10","p":1091.23,"q":4.37,"b":0.0,"ms":0.13,"wi":34.76,"ei":5.67,"as":440.0,"mi":"E","mv":7967,"sc":3,"lpe":99.62,"lpr":1149.88,"lq":1.0,"d":92613},{"pi":"422547","pc":"Бакалея","ss":500,"td":"Центр города","dc":4,"n":69.27,"vc":"178","sl":"Очень высокий","sv":"10","p":1143.65,"q":4.37,"b":0.0,"ms":0.13,"wi":34.76,"ei":5.67,"as":440.0,"mi":"E","mv":7967,"sc":3,"lpe":99.62,"lpr":1149.88,"lq":1.0,"d":92613},{"pi":"422547","pc":"Бакалея","ss":600,"td":"Центр города","dc":7,"n":94.05,"vc":"221","sl":"Высокий","sv":"10","p":1130.63,"q":4.37,"b":0.0,"ms":0.13,"wi":34.76,"ei":5.67,"as":440.0,"mi":"E","mv":7967,"sc":3,"lpe":99.62,"lpr":1149.88,"lq":1.0,"d":92613},{"pi":"422547","pc":"Бакалея","ss":200,"td":"Центр города","dc":4,"n":49.7,"vc":"98","sl":"Высокий","sv":"10","p":1153.92,"q":4.37,"b":0.0,"ms":0.12,"wi":37.98,"ei":5.66,"as":450.0,"mi":"E","mv":8692,"sc":1,"lpe":99.88,"lpr":1172.3,"lq":1.0,"d":98305},{"pi":"422547","pc":"Бакалея","ss":500,"td":"Центр города","dc":4,"n":63.91,"vc":"192","sl":"Очень высокий","sv":"10","p":1197.28,"q":4.37,"b":0.0,"ms":0.1,"wi":37.14,"ei":6.1,"as":460.0,"mi":"E","mv":10526,"sc":2,"lpe":99.81,"lpr":1202.29,"lq":1.0,"d":125850},{"pi":"422547","pc":"Бакалея","ss":200,"td":"Центр города","dc":4,"n":14.92,"vc":"91","sl":"Высокий","sv":"10","p":1183.56,"q":4.37,"b":0.0,"ms":0.1,"wi":37.14,"ei":6.1,"as":460.0,"mi":"E","mv":10526,"sc":2,"lpe":99.81,"lpr":1202.29,"lq":1.0,"d":125850},{"pi":"422547","pc":"Бакалея","ss":300,"td":"Центр города","dc":1,"n":70.69,"vc":"152","sl":"Элитный","sv":"1","p":6000.0,"q":16.59,"b":0.0,"ms":0.01,"wi":38.24,"ei":6.0,"as":460.0,"mi":"E","mv":10172,"sc":1,"lpe":99.99,"lpr":1202.61,"lq":1.0,"d":125306}]