[{"pi":"401968","pc":"Бакалея","ss":10000,"td":"Центр города","dc":3,"n":406.82,"vc":"36778","sl":"Нормальный","sv":"300","p":1000.0,"q":13.15,"b":0.0,"ms":0.07,"wi":39.06,"ei":10.43,"as":440.02,"mi":"E","mv":447055,"sc":1,"lpe":99.93,"lpr":535.2,"lq":1.0,"d":1774664},{"pi":"401968","pc":"Бакалея","ss":30000,"td":"Центр города","dc":1,"n":413.76,"vc":"62504","sl":"Элитный","sv":"10000","p":1730.0,"q":22.06,"b":0.0,"ms":4.38,"wi":19.05,"ei":5.34,"as":341.56,"mi":"E","mv":228519,"sc":1,"lpe":95.62,"lpr":548.41,"lq":1.0,"d":2069626},{"pi":"401968","pc":"Бакалея","ss":11000,"td":"Центр города","dc":10,"n":189.31,"vc":"15435","sl":"Низкий","sv":"17","p":1347.65,"q":4.09,"b":0.0,"ms":0.0,"wi":21.09,"ei":5.96,"as":107.95,"mi":"E","mv":2225742,"sc":1,"lpe":100.0,"lpr":593.64,"lq":1.0,"d":12197086},{"pi":"401968","pc":"Бакалея","ss":100000,"td":"Центр города","dc":1,"n":297.21,"vc":"74286","sl":"Элитный","sv":"1500","p":2100.0,"q":21.64,"b":4.1031,"ms":0.44,"wi":9.57,"ei":6.38,"as":116.09,"mi":"E","mv":339189,"sc":1,"lpe":99.56,"lpr":547.29,"lq":1.0,"d":13557246},{"pi":"401968","pc":"Бакалея","ss":10000,"td":"Центр города","dc":1,"n":417.52,"vc":"25258","sl":"Элитный","sv":"151","p":2500.0,"q":22.06,"b":0.0,"ms":0.16,"wi":16.28,"ei":5.63,"as":227.31,"mi":"E","mv":93479,"sc":1,"lpe":99.84,"lpr":550.11,"lq":1.0,"d":1476711},{"pi":"401968","pc":"Бакалея","ss":100000,"td":"Спальный район","dc":7,"n":174.49,"vc":"11423","sl":"Низкий","sv":"2","p":1080.0,"q":7.75,"b":0.0,"ms":0.0,"wi":7.53,"ei":2.81,"as":86.47,"mi":"E","mv":44376,"sc":1,"lpe":100.0,"lpr":310.56,"lq":1.0,"d":1721230},{"pi":"401968","pc":"Бакалея","ss":10000,"td":"Центр города","dc":1,"n":414.59,"vc":"27884","sl":"Элитный","sv":"1000","p":1000.0,"q":22.06,"b":0.0,"ms":1.33,"wi":11.53,"ei":6.04,"as":284.36,"mi":"E","mv":74941,"sc":1,"lpe":98.67,"lpr":547.99,"lq":1.0,"d":2083800},{"pi":"401968","pc":"Бакалея","ss":150000,"td":"Центр города","dc":1,"n":373.48,"vc":"223356","sl":"Элитный","sv":"4598","p":2600.0,"q":22.26,"b":0.864175728577642,"ms":1.65,"wi":20.94,"ei":5.2,"as":170.97,"mi":"E","mv":279256,"sc":2,"lpe":97.28,"lpr":544.25,"lq":1.0,"d":1973368},{"pi":"401968","pc":"Бакалея","ss":100000,"td":"Центр города","dc":2,"n":430.06,"vc":"186534","sl":"Очень низкий","sv":"3000","p":485.71,"q":13.41,"b":0.0,"ms":1.07,"wi":20.94,"ei":5.2,"as":170.97,"mi":"E","mv":279256,"sc":2,"lpe":97.28,"lpr":544.25,"lq":1.0,"d":1973368},{"pi":"401968","pc":"Бакалея","ss":10000,"td":"Фешенебельный район","dc":5,"n":292.06,"vc":"1499","sl":"Элитный","sv":"50","p":73.0,"q":17.15,"b":0.0,"ms":0.05,"wi":14.09,"ei":5.25,"as":82.95,"mi":"E","mv":91900,"sc":1,"lpe":99.95,"lpr":548.0,"lq":1.0,"d":1794428},{"pi":"401968","pc":"Бакалея","ss":10000,"td":"Центр города","dc":5,"n":312.6,"vc":"10342","sl":"Очень высокий","sv":"500","p":68.0,"q":17.15,"b":0.0,"ms":0.75,"wi":12.82,"ei":4.06,"as":70.77,"mi":"E","mv":66613,"sc":1,"lpe":99.25,"lpr":545.26,"lq":1.0,"d":1145303},{"pi":"401968","pc":"Бакалея","ss":10000,"td":"Центр города","dc":4,"n":359.57,"vc":"24610","sl":"Нормальный","sv":"7500","p":150.0,"q":17.15,"b":0.0,"ms":5.31,"wi":8.65,"ei":2.99,"as":101.57,"mi":"E","mv":141277,"sc":1,"lpe":94.69,"lpr":531.37,"lq":1.0,"d":5694053},{"pi":"401968","pc":"Бакалея","ss":100000,"td":"Центр города","dc":1,"n":294.5,"vc":"26576","sl":"Элитный","sv":"4505","p":135.0,"q":5.95,"b":0.0,"ms":22.58,"wi":9.13,"ei":8.47,"as":201.18,"mi":"E","mv":19954,"sc":1,"lpe":77.42,"lpr":61.75,"lq":1.15,"d":447465},{"pi":"401968","pc":"Бакалея","ss":7500,"td":"Центр города","dc":2,"n":506.22,"vc":"32855","sl":"Нормальный","sv":"5244","p":2420.0,"q":14.02,"b":0.0,"ms":3.14,"wi":53.24,"ei":7.46,"as":830.0,"mi":"E","mv":167203,"sc":1,"lpe":96.86,"lpr":1159.19,"lq":1.0,"d":923206},{"pi":"401968","pc":"Бакалея","ss":1000,"td":"Центр города","dc":1,"n":337.76,"vc":"6192","sl":"Нормальный","sv":"47","p":2250.0,"q":22.3,"b":1.13446808510638,"ms":0.02,"wi":23.24,"ei":7.25,"as":430.69,"mi":"E","mv":201584,"sc":1,"lpe":99.98,"lpr":549.72,"lq":1.0,"d":3025420},{"pi":"401968","pc":"Бакалея","ss":100000,"td":"Центр города","dc":1,"n":319.69,"vc":"107428","sl":"Очень высокий","sv":"3500","p":685.0,"q":2.75,"b":0.0,"ms":2.07,"wi":15.42,"ei":3.5,"as":191.04,"mi":"E","mv":169229,"sc":1,"lpe":97.93,"lpr":543.44,"lq":1.0,"d":2656572},{"pi":"401968","pc":"Бакалея","ss":100000,"td":"Центр города","dc":5,"n":456.49,"vc":"184781","sl":"Высокий","sv":"13831","p":91.0,"q":17.04,"b":0.0,"ms":20.42,"wi":4.69,"ei":7.95,"as":28.7,"mi":"E","mv":67739,"sc":1,"lpe":79.58,"lpr":22.91,"lq":1.04,"d":3118531},{"pi":"401968","pc":"Бакалея","ss":10000,"td":"Центр города","dc":1,"n":463.61,"vc":"20305","sl":"Элитный","sv":"5000","p":4300.0,"q":7.6,"b":0.0,"ms":18.55,"wi":46.88,"ei":6.2,"as":769.5,"mi":"E","mv":26950,"sc":1,"lpe":81.45,"lpr":2063.58,"lq":1.07,"d":298856},{"pi":"401968","pc":"Бакалея","ss":100000,"td":"Центр города","dc":6,"n":406.67,"vc":"147189","sl":"Высокий","sv":"5000","p":93.0,"q":17.15,"b":0.0,"ms":17.4,"wi":5.39,"ei":5.85,"as":62.02,"mi":"E","mv":28732,"sc":1,"lpe":82.6,"lpr":544.08,"lq":1.95,"d":3408120},{"pi":"401968","pc":"Бакалея","ss":100000,"td":"Центр города","dc":4,"n":425.83,"vc":"160512","sl":"Очень низкий","sv":"5000","p":137.0,"q":17.15,"b":0.0,"ms":3.39,"wi":13.69,"ei":4.76,"as":94.98,"mi":"E","mv":147615,"sc":1,"lpe":96.61,"lpr":255.08,"lq":1.0,"d":1442930},{"pi":"401968","pc":"Бакалея","ss":11000,"td":"Центр города","dc":5,"n":427.77,"vc":"28707","sl":"Нормальный","sv":"500","p":79.0,"q":17.15,"b":0.0,"ms":0.59,"wi":15.81,"ei":4.85,"as":140.32,"mi":"E","mv":85426,"sc":1,"lpe":99.41,"lpr":547.92,"lq":1.0,"d":1402818},{"pi":"401968","pc":"Бакалея","ss":10000,"td":"Центр города","dc":8,"n":341.43,"vc":"14839","sl":"Нормальный","sv":"3500","p":695.0,"q":2.75,"b":0.0,"ms":13.27,"wi":5.92,"ei":5.38,"as":50.73,"mi":"E","mv":26382,"sc":1,"lpe":86.73,"lpr":551.06,"lq":1.86,"d":2958023},{"pi":"401968","pc":"Бакалея","ss":100000,"td":"Центр города","dc":9,"n":462.08,"vc":"189716","sl":"Нормальный","sv":"15000","p":249.0,"q":17.15,"b":0.0,"ms":6.87,"wi":37.48,"ei":9.39,"as":1355.78,"mi":"E","mv":218216,"sc":1,"lpe":93.13,"lpr":548.87,"lq":1.0,"d":859400},{"pi":"401968","pc":"Бакалея","ss":100000,"td":"Центр города","dc":7,"n":448.86,"vc":"178397","sl":"Высокий","sv":"5000","p":296.0,"q":17.15,"b":0.0,"ms":1.39,"wi":40.83,"ei":9.69,"as":1126.51,"mi":"E","mv":360474,"sc":1,"lpe":98.61,"lpr":265.01,"lq":1.0,"d":1239628},{"pi":"401968","pc":"Бакалея","ss":123900,"td":"Спальный район","dc":2,"n":354.86,"vc":"116770","sl":"Элитный","sv":"40000","p":490.0,"q":14.64,"b":0.75,"ms":14.73,"wi":16.35,"ei":7.5,"as":163.44,"mi":"E","mv":271583,"sc":2,"lpe":85.09,"lpr":323.47,"lq":1.05,"d":1866603},{"pi":"401968","pc":"Бакалея","ss":100000,"td":"Центр города","dc":6,"n":409.45,"vc":"149055","sl":"Высокий","sv":"500","p":165.0,"q":17.15,"b":0.0,"ms":0.18,"wi":16.35,"ei":7.5,"as":163.44,"mi":"E","mv":271583,"sc":2,"lpe":85.09,"lpr":323.47,"lq":1.05,"d":1866603},{"pi":"401968","pc":"Бакалея","ss":10000,"td":"Центр города","dc":2,"n":121.34,"vc":"2457","sl":"Элитный","sv":"500","p":593.73,"q":6.06,"b":0.54,"ms":0.32,"wi":24.5,"ei":7.1,"as":348.25,"mi":"E","mv":158296,"sc":1,"lpe":99.68,"lpr":438.19,"lq":1.0,"d":989886},{"pi":"401968","pc":"Бакалея","ss":100000,"td":"Фешенебельный район","dc":1,"n":700.08,"vc":"179915","sl":"Элитный","sv":"6500","p":1427.0,"q":28.8,"b":3.84,"ms":14.28,"wi":55.17,"ei":6.62,"as":770.0,"mi":"E","mv":45529,"sc":1,"lpe":85.72,"lpr":440.73,"lq":1.27,"d":339038},{"pi":"401968","pc":"Бакалея","ss":10000,"td":"Центр города","dc":3,"n":102.99,"vc":"4978","sl":"Элитный","sv":"10","p":341.0,"q":6.06,"b":0.18,"ms":0.0,"wi":20.04,"ei":6.23,"as":189.21,"mi":"E","mv":1651030,"sc":1,"lpe":100.0,"lpr":535.16,"lq":1.0,"d":10970686},{"pi":"401968","pc":"Бакалея","ss":10000,"td":"Центр города","dc":6,"n":319.86,"vc":"21398","sl":"Нормальный","sv":"10000","p":180.0,"q":17.15,"b":0.0,"ms":0.54,"wi":24.59,"ei":8.05,"as":240.41,"mi":"E","mv":1853266,"sc":1,"lpe":99.46,"lpr":548.38,"lq":1.0,"d":7239150},{"pi":"401968","pc":"Бакалея","ss":100000,"td":"Центр города","dc":9,"n":482.14,"vc":"208516","sl":"Нормальный","sv":"10000","p":239.0,"q":17.15,"b":0.0,"ms":9.43,"wi":23.9,"ei":8.05,"as":1028.85,"mi":"E","mv":106035,"sc":2,"lpe":88.68,"lpr":546.56,"lq":1.48,"d":767901},{"pi":"401968","pc":"Бакалея","ss":100000,"td":"Центр города","dc":1,"n":558.73,"vc":"435516","sl":"Элитный","sv":"2000","p":1000.0,"q":38.46,"b":3.21,"ms":1.89,"wi":23.9,"ei":8.05,"as":1028.85,"mi":"E","mv":106035,"sc":2,"lpe":88.68,"lpr":546.56,"lq":1.48,"d":767901},{"pi":"401968","pc":"Бакалея","ss":100000,"td":"Центр города","dc":1,"n":471.3,"vc":"230182","sl":"Элитный","sv":"2336","p":2750.0,"q":21.64,"b":0.0,"ms":10.34,"wi":10.14,"ei":3.91,"as":173.07,"mi":"E","mv":22599,"sc":1,"lpe":89.66,"lpr":547.92,"lq":1.0,"d":459445},{"pi":"401968","pc":"Бакалея","ss":1000,"td":"Спальный район","dc":9,"n":266.59,"vc":"2094","sl":"Очень низкий","sv":"1","p":3415.58,"q":10.92,"b":0.0,"ms":0.0,"wi":52.06,"ei":6.11,"as":520.0,"mi":"E","mv":152851,"sc":1,"lpe":100.0,"lpr":1214.29,"lq":1.0,"d":978294},{"pi":"401968","pc":"Бакалея","ss":10000,"td":"Центр города","dc":2,"n":232.96,"vc":"7526","sl":"Элитный","sv":"2000","p":460.0,"q":12.05,"b":0.0,"ms":0.34,"wi":35.81,"ei":6.77,"as":248.13,"mi":"E","mv":585970,"sc":1,"lpe":99.66,"lpr":551.54,"lq":1.0,"d":2293511},{"pi":"401968","pc":"Бакалея","ss":100000,"td":"Центр города","dc":1,"n":440.75,"vc":"216640","sl":"Элитный","sv":"50000","p":1000.0,"q":22.06,"b":0.0,"ms":7.6,"wi":36.64,"ei":11.26,"as":482.57,"mi":"E","mv":658159,"sc":3,"lpe":91.83,"lpr":382.43,"lq":1.0,"d":2255977},{"pi":"401968","pc":"Бакалея","ss":1000,"td":"Спальный район","dc":1,"n":164.32,"vc":"1051","sl":"Элитный","sv":"2750","p":600.0,"q":11.07,"b":0.0,"ms":0.42,"wi":36.64,"ei":11.26,"as":482.57,"mi":"E","mv":658159,"sc":3,"lpe":91.83,"lpr":382.43,"lq":1.0,"d":2255977},{"pi":"401968","pc":"Бакалея","ss":10000,"td":"Спальный район","dc":3,"n":386.85,"vc":"26270","sl":"Высокий","sv":"1000","p":750.0,"q":13.15,"b":0.0,"ms":0.15,"wi":36.64,"ei":11.26,"as":482.57,"mi":"E","mv":658159,"sc":3,"lpe":91.83,"lpr":382.43,"lq":1.0,"d":2255977},{"pi":"401968","pc":"Бакалея","ss":1000,"td":"Центр города","dc":1,"n":283.78,"vc":"3032","sl":"Высокий","sv":"4","p":1405.0,"q":22.35,"b":0.0,"ms":0.0,"wi":22.96,"ei":14.81,"as":273.81,"mi":"E","mv":418534,"sc":1,"lpe":100.0,"lpr":259.74,"lq":1.0,"d":2553554},{"pi":"401968","pc":"Бакалея","ss":100000,"td":"Окраина","dc":2,"n":97.8,"vc":"2674","sl":"Элитный","sv":"8","p":1125.0,"q":15.18,"b":0.0,"ms":0.01,"wi":20.32,"ei":4.43,"as":250.73,"mi":"E","mv":83205,"sc":1,"lpe":99.99,"lpr":551.48,"lq":1.0,"d":600363},{"pi":"401968","pc":"Бакалея","ss":100000,"td":"Центр города","dc":7,"n":89.86,"vc":"3628","sl":"Элитный","sv":"7","p":800.0,"q":6.32,"b":0.0,"ms":0.02,"wi":21.94,"ei":8.02,"as":540.24,"mi":"E","mv":42292,"sc":1,"lpe":99.98,"lpr":548.91,"lq":1.0,"d":323335},{"pi":"401968","pc":"Бакалея","ss":10000,"td":"Центр города","dc":4,"n":331.56,"vc":"10713","sl":"Очень высокий","sv":"5000","p":171.0,"q":17.15,"b":0.0,"ms":10.02,"wi":8.05,"ei":5.06,"as":208.45,"mi":"E","mv":49885,"sc":1,"lpe":89.98,"lpr":545.97,"lq":1.98,"d":2672131},{"pi":"401968","pc":"Бакалея","ss":130000,"td":"Центр города","dc":10,"n":418.96,"vc":"125772","sl":"Высокий","sv":"9001","p":530.0,"q":8.9,"b":0.0,"ms":27.52,"wi":24.3,"ei":9.11,"as":651.15,"mi":"E","mv":32707,"sc":2,"lpe":72.48,"lpr":193.17,"lq":1.14,"d":151798},{"pi":"401968","pc":"Бакалея","ss":100000,"td":"Центр города","dc":6,"n":100.17,"vc":"3143","sl":"Элитный","sv":"1","p":400.0,"q":6.32,"b":0.0,"ms":0.0,"wi":24.3,"ei":9.11,"as":651.15,"mi":"E","mv":32707,"sc":2,"lpe":72.48,"lpr":193.17,"lq":1.14,"d":151798},{"pi":"401968","pc":"Бакалея","ss":10000,"td":"Центр города","dc":5,"n":538.47,"vc":"35375","sl":"Низкий","sv":"1000","p":165.0,"q":17.15,"b":0.0,"ms":12.36,"wi":6.37,"ei":4.33,"as":185.87,"mi":"E","mv":8089,"sc":1,"lpe":87.64,"lpr":545.84,"lq":1.96,"d":852338},{"pi":"401968","pc":"Бакалея","ss":100000,"td":"Центр города","dc":7,"n":443.0,"vc":"173620","sl":"Высокий","sv":"17500","p":144.0,"q":17.15,"b":0.0,"ms":5.33,"wi":42.09,"ei":11.41,"as":1006.65,"mi":"E","mv":328519,"sc":1,"lpe":94.67,"lpr":545.61,"lq":1.0,"d":1126726},{"pi":"401968","pc":"Бакалея","ss":100000,"td":"Центр города","dc":1,"n":0.0,"vc":"1909","sl":"Элитный","sv":"3500","p":590.0,"q":2.75,"b":0.0,"ms":2.52,"wi":22.05,"ei":8.06,"as":455.88,"mi":"E","mv":138635,"sc":1,"lpe":97.48,"lpr":574.27,"lq":1.0,"d":1147914},{"pi":"401968","pc":"Бакалея","ss":10000,"td":"Центр города","dc":1,"n":352.3,"vc":"21643","sl":"Элитный","sv":"5000","p":2000.0,"q":38.46,"b":3.41,"ms":0.47,"wi":32.56,"ei":9.23,"as":456.15,"mi":"E","mv":1071892,"sc":1,"lpe":99.53,"lpr":550.3,"lq":1.0,"d":3767586},{"pi":"401968","pc":"Бакалея","ss":2400,"td":"Центр города","dc":2,"n":406.56,"vc":"8388","sl":"Нормальный","sv":"60000","p":535.0,"q":13.98,"b":0.0,"ms":21.68,"wi":23.17,"ei":4.83,"as":185.71,"mi":"E","mv":276725,"sc":1,"lpe":78.32,"lpr":454.43,"lq":1.16,"d":1367840},{"pi":"401968","pc":"Бакалея","ss":10000,"td":"Центр города","dc":4,"n":347.91,"vc":"11060","sl":"Очень высокий","sv":"25000","p":500.0,"q":17.15,"b":0.0,"ms":9.55,"wi":52.44,"ei":11.56,"as":1499.2,"mi":"E","mv":261812,"sc":2,"lpe":88.54,"lpr":631.81,"lq":2.07,"d":607176},{"pi":"401968","pc":"Бакалея","ss":10000,"td":"Центр города","dc":2,"n":266.72,"vc":"6067","sl":"Элитный","sv":"5000","p":750.0,"q":12.05,"b":0.0,"ms":1.91,"wi":52.44,"ei":11.56,"as":1499.2,"mi":"E","mv":261812,"sc":2,"lpe":88.54,"lpr":631.81,"lq":2.07,"d":607176},{"pi":"401968","pc":"Бакалея","ss":120000,"td":"Центр города","dc":10,"n":681.59,"vc":"527964","sl":"Низкий","sv":"14850","p":140.0,"q":16.74,"b":0.0,"ms":22.02,"wi":22.93,"ei":10.24,"as":1034.81,"mi":"E","mv":67437,"sc":1,"lpe":77.98,"lpr":39.93,"lq":1.11,"d":191772},{"pi":"401968","pc":"Бакалея","ss":100000,"td":"Окраина","dc":3,"n":96.06,"vc":"2067","sl":"Элитный","sv":"6","p":600.0,"q":6.32,"b":0.0,"ms":0.02,"wi":23.76,"ei":8.4,"as":742.38,"mi":"E","mv":30268,"sc":2,"lpe":99.96,"lpr":545.24,"lq":1.0,"d":212400},{"pi":"401968","pc":"Бакалея","ss":100000,"td":"Спальный район","dc":2,"n":510.98,"vc":"139617","sl":"Элитный","sv":"5","p":1600.0,"q":3.76,"b":0.0,"ms":0.02,"wi":23.76,"ei":8.4,"as":742.38,"mi":"E","mv":30268,"sc":2,"lpe":99.96,"lpr":545.24,"lq":1.0,"d":212400},{"pi":"401968","pc":"Бакалея","ss":10000,"td":"Центр города","dc":5,"n":458.96,"vc":"28837","sl":"Низкий","sv":"1000","p":155.0,"q":17.15,"b":0.0,"ms":1.77,"wi":12.86,"ei":4.76,"as":108.8,"mi":"E","mv":56591,"sc":1,"lpe":98.23,"lpr":543.75,"lq":1.0,"d":1296696},{"pi":"401968","pc":"Бакалея","ss":100000,"td":"Центр города","dc":1,"n":230.71,"vc":"41161","sl":"Элитный","sv":"10000","p":1500.0,"q":18.77,"b":0.0,"ms":0.51,"wi":24.65,"ei":5.1,"as":370.0,"mi":"E","mv":1973968,"sc":1,"lpe":99.49,"lpr":547.18,"lq":1.0,"d":6290840},{"pi":"401968","pc":"Бакалея","ss":10000,"td":"Спальный район","dc":4,"n":56.04,"vc":"4113","sl":"Элитный","sv":"1","p":1842.55,"q":11.14,"b":0.0,"ms":0.0,"wi":22.82,"ei":5.29,"as":396.9,"mi":"E","mv":1718165,"sc":1,"lpe":100.0,"lpr":547.1,"lq":1.0,"d":12257756},{"pi":"401968","pc":"Бакалея","ss":100000,"td":"Центр города","dc":2,"n":244.57,"vc":"45987","sl":"Элитный","sv":"7000","p":525.0,"q":12.05,"b":0.0,"ms":0.65,"wi":21.01,"ei":4.1,"as":60.01,"mi":"E","mv":1082857,"sc":1,"lpe":99.35,"lpr":549.8,"lq":1.0,"d":5900000},{"pi":"401968","pc":"Бакалея","ss":500,"td":"Центр города","dc":5,"n":171.15,"vc":"379","sl":"Нормальный","sv":"350","p":455.0,"q":2.73,"b":1.7,"ms":0.79,"wi":43.74,"ei":10.04,"as":1360.0,"mi":"E","mv":44327,"sc":1,"lpe":99.21,"lpr":582.17,"lq":1.0,"d":234090},{"pi":"401968","pc":"Бакалея","ss":1000,"td":"Фешенебельный район","dc":1,"n":665.42,"vc":"932","sl":"Элитный","sv":"1814","p":390.0,"q":22.77,"b":0.0,"ms":14.64,"wi":37.51,"ei":9.62,"as":1479.61,"mi":"E","mv":12392,"sc":2,"lpe":84.05,"lpr":119.99,"lq":1.0,"d":255028},{"pi":"401968","pc":"Бакалея","ss":1000,"td":"Центр города","dc":1,"n":608.04,"vc":"6747","sl":"Нормальный","sv":"163","p":435.0,"q":22.32,"b":1.44539877300614,"ms":1.32,"wi":37.51,"ei":9.62,"as":1479.61,"mi":"E","mv":12392,"sc":2,"lpe":84.05,"lpr":119.99,"lq":1.0,"d":255028},{"pi":"401968","pc":"Бакалея","ss":10000,"td":"Центр города","dc":4,"n":178.74,"vc":"9093","sl":"Очень высокий","sv":"15000","p":169.0,"q":17.15,"b":0.0,"ms":0.86,"wi":20.14,"ei":5.38,"as":88.25,"mi":"E","mv":1736242,"sc":1,"lpe":99.14,"lpr":550.62,"lq":1.0,"d":12381354},{"pi":"401968","pc":"Бакалея","ss":52100,"td":"Центр города","dc":6,"n":534.42,"vc":"372130","sl":"Очень низкий","sv":"150000","p":544.0,"q":22.06,"b":3.17,"ms":70.97,"wi":22.38,"ei":8.56,"as":364.75,"mi":"D","mv":211359,"sc":1,"lpe":29.03,"lpr":392.6,"lq":1.28,"d":1658627},{"pi":"401968","pc":"Бакалея","ss":10000,"td":"Центр города","dc":2,"n":164.51,"vc":"4872","sl":"Элитный","sv":"33360","p":450.0,"q":13.98,"b":0.0,"ms":4.33,"wi":32.5,"ei":8.75,"as":394.01,"mi":"E","mv":770828,"sc":2,"lpe":95.67,"lpr":453.76,"lq":1.0,"d":2812406},{"pi":"401968","pc":"Бакалея","ss":1000,"td":"Фешенебельный район","dc":2,"n":111.8,"vc":"169","sl":"Элитный","sv":"1","p":452.0,"q":6.06,"b":0.43,"ms":0.0,"wi":32.5,"ei":8.75,"as":394.01,"mi":"E","mv":770828,"sc":2,"lpe":95.67,"lpr":453.76,"lq":1.0,"d":2812406},{"pi":"401968","pc":"Бакалея","ss":100000,"td":"Центр города","dc":1,"n":435.73,"vc":"175545","sl":"Элитный","sv":"14028","p":1400.0,"q":22.03,"b":0.0,"ms":3.07,"wi":49.54,"ei":10.29,"as":760.4,"mi":"E","mv":457563,"sc":4,"lpe":95.45,"lpr":491.34,"lq":1.0,"d":1419772},{"pi":"401968","pc":"Бакалея","ss":10000,"td":"Центр города","dc":1,"n":323.82,"vc":"12459","sl":"Элитный","sv":"3801","p":1000.0,"q":7.15,"b":0.0,"ms":0.83,"wi":49.54,"ei":10.29,"as":760.4,"mi":"E","mv":457563,"sc":4,"lpe":95.45,"lpr":491.34,"lq":1.0,"d":1419772},{"pi":"401968","pc":"Бакалея","ss":100000,"td":"Центр города","dc":2,"n":417.22,"vc":"146928","sl":"Высокий","sv":"3000","p":1000.0,"q":13.41,"b":0.0,"ms":0.66,"wi":49.54,"ei":10.29,"as":760.4,"mi":"E","mv":457563,"sc":4,"lpe":95.45,"lpr":491.34,"lq":1.0,"d":1419772},{"pi":"401968","pc":"Бакалея","ss":100000,"td":"Фешенебельный район","dc":1,"n":381.06,"vc":"15567","sl":"Элитный","sv":"3","p":2000.0,"q":16.45,"b":0.0,"ms":0.0,"wi":49.54,"ei":10.29,"as":760.4,"mi":"E","mv":457563,"sc":4,"lpe":95.45,"lpr":491.34,"lq":1.0,"d":1419772},{"pi":"401968","pc":"Бакалея","ss":10000,"td":"Центр города","dc":2,"n":213.27,"vc":"9152","sl":"Элитный","sv":"15000","p":97.0,"q":17.15,"b":0.0,"ms":3.89,"wi":15.65,"ei":2.0,"as":55.04,"mi":"E","mv":385740,"sc":1,"lpe":96.11,"lpr":551.63,"lq":1.0,"d":6080000},{"pi":"401968","pc":"Бакалея","ss":10000,"td":"Центр города","dc":2,"n":119.58,"vc":"5847","sl":"Элитный","sv":"45000","p":199.0,"q":17.15,"b":0.0,"ms":1.34,"wi":25.77,"ei":5.34,"as":121.56,"mi":"E","mv":3365978,"sc":2,"lpe":98.66,"lpr":524.95,"lq":1.0,"d":12237176},{"pi":"401968","pc":"Бакалея","ss":2000,"td":"Центр города","dc":3,"n":55.68,"vc":"2780","sl":"Высокий","sv":"207","p":951.35,"q":3.39,"b":0.0,"ms":0.01,"wi":25.77,"ei":5.34,"as":121.56,"mi":"E","mv":3365978,"sc":2,"lpe":98.66,"lpr":524.95,"lq":1.0,"d":12237176},{"pi":"401968","pc":"Бакалея","ss":11000,"td":"Центр города","dc":6,"n":236.52,"vc":"9852","sl":"Очень высокий","sv":"15000","p":168.0,"q":17.15,"b":0.0,"ms":2.67,"wi":20.86,"ei":2.5,"as":66.86,"mi":"E","mv":561913,"sc":1,"lpe":97.33,"lpr":543.65,"lq":1.0,"d":3929484},{"pi":"401968","pc":"Бакалея","ss":10000,"td":"Центр города","dc":2,"n":121.58,"vc":"2193","sl":"Элитный","sv":"250","p":275.0,"q":6.06,"b":0.64,"ms":0.23,"wi":31.55,"ei":10.41,"as":515.82,"mi":"E","mv":109822,"sc":1,"lpe":99.77,"lpr":382.85,"lq":1.0,"d":887464},{"pi":"401968","pc":"Бакалея","ss":100000,"td":"Центр города","dc":2,"n":285.97,"vc":"90648","sl":"Элитный","sv":"6","p":1500.0,"q":7.18,"b":0.0,"ms":0.0,"wi":23.07,"ei":9.0,"as":148.67,"mi":"E","mv":2175380,"sc":1,"lpe":100.0,"lpr":376.07,"lq":1.0,"d":13151602},{"pi":"401968","pc":"Бакалея","ss":20000,"td":"Центр города","dc":6,"n":336.82,"vc":"34969","sl":"Нормальный","sv":"6000","p":124.0,"q":17.15,"b":0.16,"ms":0.79,"wi":20.18,"ei":6.66,"as":92.32,"mi":"E","mv":763201,"sc":1,"lpe":99.21,"lpr":544.25,"lq":1.0,"d":5598351},{"pi":"401968","pc":"Бакалея","ss":10000,"td":"Центр города","dc":4,"n":528.64,"vc":"42458","sl":"Низкий","sv":"5000","p":58.0,"q":17.15,"b":0.16,"ms":12.51,"wi":12.37,"ei":5.73,"as":82.93,"mi":"E","mv":39969,"sc":1,"lpe":87.49,"lpr":230.62,"lq":1.08,"d":840301},{"pi":"401968","pc":"Бакалея","ss":10000,"td":"Центр города","dc":4,"n":559.99,"vc":"47615","sl":"Низкий","sv":"5000","p":84.0,"q":17.15,"b":0.16,"ms":53.49,"wi":6.79,"ei":4.04,"as":53.24,"mi":"D","mv":9348,"sc":1,"lpe":46.51,"lpr":151.62,"lq":1.0,"d":521202},{"pi":"401968","pc":"Бакалея","ss":10000,"td":"Центр города","dc":4,"n":524.42,"vc":"48308","sl":"Низкий","sv":"5000","p":41.0,"q":17.15,"b":0.16,"ms":26.21,"wi":5.3,"ei":4.76,"as":52.3,"mi":"E","mv":19078,"sc":1,"lpe":73.79,"lpr":177.31,"lq":1.05,"d":2369746},{"pi":"401968","pc":"Бакалея","ss":100000,"td":"Центр города","dc":2,"n":552.13,"vc":"421511","sl":"Высокий","sv":"100","p":1000.0,"q":38.46,"b":4.53,"ms":0.09,"wi":25.28,"ei":7.31,"as":359.2,"mi":"E","mv":111477,"sc":1,"lpe":99.91,"lpr":547.04,"lq":1.0,"d":708432},{"pi":"401968","pc":"Бакалея","ss":10000,"td":"Фешенебельный район","dc":4,"n":637.19,"vc":"6782","sl":"Высокий","sv":"114","p":1100.0,"q":12.86,"b":0.0,"ms":1.61,"wi":6.16,"ei":4.42,"as":197.14,"mi":"E","mv":7072,"sc":1,"lpe":98.39,"lpr":250.42,"lq":1.0,"d":108112},{"pi":"401968","pc":"Бакалея","ss":1000,"td":"Центр города","dc":1,"n":533.66,"vc":"4202","sl":"Высокий","sv":"404","p":2225.0,"q":22.07,"b":0.856955445544554,"ms":2.06,"wi":18.62,"ei":4.62,"as":337.67,"mi":"E","mv":19633,"sc":1,"lpe":97.94,"lpr":513.17,"lq":1.0,"d":252909},{"pi":"401968","pc":"Бакалея","ss":10000,"td":"Центр города","dc":3,"n":433.81,"vc":"30611","sl":"Нормальный","sv":"35000","p":265.0,"q":17.15,"b":0.0,"ms":6.44,"wi":42.78,"ei":9.65,"as":844.82,"mi":"E","mv":543819,"sc":3,"lpe":87.4,"lpr":549.32,"lq":1.92,"d":1812514},{"pi":"401968","pc":"Бакалея","ss":100000,"td":"Центр города","dc":2,"n":158.73,"vc":"13328","sl":"Элитный","sv":"21007","p":1100.0,"q":18.78,"b":0.0,"ms":3.86,"wi":42.78,"ei":9.65,"as":844.82,"mi":"E","mv":543819,"sc":3,"lpe":87.4,"lpr":549.32,"lq":1.92,"d":1812514},{"pi":"401968","pc":"Бакалея","ss":100000,"td":"Центр города","dc":2,"n":272.57,"vc":"59739","sl":"Элитный","sv":"12500","p":500.0,"q":12.05,"b":0.0,"ms":2.3,"wi":42.78,"ei":9.65,"as":844.82,"mi":"E","mv":543819,"sc":3,"lpe":87.4,"lpr":549.32,"lq":1.92,"d":1812514},{"pi":"401968","pc":"Бакалея","ss":14100,"td":"Фешенебельный район","dc":7,"n":458.65,"vc":"7386","sl":"Очень высокий","sv":"10000","p":179.0,"q":17.15,"b":1.4,"ms":1.56,"wi":53.29,"ei":11.63,"as":1039.25,"mi":"E","mv":642658,"sc":2,"lpe":98.37,"lpr":602.96,"lq":1.0,"d":1964160},{"pi":"401968","pc":"Бакалея","ss":100000,"td":"Центр города","dc":2,"n":404.82,"vc":"146106","sl":"Элитный","sv":"500","p":720.0,"q":7.71,"b":0.0,"ms":0.08,"wi":53.29,"ei":11.63,"as":1039.25,"mi":"E","mv":642658,"sc":2,"lpe":98.37,"lpr":602.96,"lq":1.0,"d":1964160},{"pi":"401968","pc":"Бакалея","ss":1000,"td":"Центр города","dc":2,"n":0.0,"vc":"458","sl":"Элитный","sv":"50","p":550.0,"q":2.75,"b":0.0,"ms":0.01,"wi":28.94,"ei":6.76,"as":297.68,"mi":"E","mv":441629,"sc":1,"lpe":99.99,"lpr":444.19,"lq":1.0,"d":1302926},{"pi":"401968","pc":"Бакалея","ss":100000,"td":"Центр города","dc":1,"n":254.8,"vc":"78202","sl":"Элитный","sv":"2000","p":2750.0,"q":21.64,"b":1.0864,"ms":0.09,"wi":33.86,"ei":10.15,"as":292.02,"mi":"E","mv":2162561,"sc":2,"lpe":99.9,"lpr":601.41,"lq":1.0,"d":6376122},{"pi":"401968","pc":"Бакалея","ss":100000,"td":"Центр города","dc":2,"n":163.25,"vc":"21619","sl":"Элитный","sv":"236","p":2000.0,"q":18.79,"b":0.0,"ms":0.01,"wi":33.86,"ei":10.15,"as":292.02,"mi":"E","mv":2162561,"sc":2,"lpe":99.9,"lpr":601.41,"lq":1.0,"d":6376122},{"pi":"401968","pc":"Бакалея","ss":90000,"td":"Центр города","dc":2,"n":270.43,"vc":"80606","sl":"Элитный","sv":"20000","p":1006.0,"q":14.64,"b":0.0,"ms":1.24,"wi":54.32,"ei":11.9,"as":1548.35,"mi":"E","mv":1612492,"sc":3,"lpe":97.49,"lpr":1012.46,"lq":1.0,"d":5522842},{"pi":"401968","pc":"Бакалея","ss":10000,"td":"Центр города","dc":3,"n":339.8,"vc":"22558","sl":"Высокий","sv":"20000","p":500.0,"q":17.15,"b":0.0,"ms":1.24,"wi":54.32,"ei":11.9,"as":1548.35,"mi":"E","mv":1612492,"sc":3,"lpe":97.49,"lpr":1012.46,"lq":1.0,"d":5522842},{"pi":"401968","pc":"Бакалея","ss":100000,"td":"Центр города","dc":2,"n":232.25,"vc":"39916","sl":"Элитный","sv":"500","p":1700.0,"q":12.05,"b":0.0,"ms":0.03,"wi":54.32,"ei":11.9,"as":1548.35,"mi":"E","mv":1612492,"sc":3,"lpe":97.49,"lpr":1012.46,"lq":1.0,"d":5522842},{"pi":"401968","pc":"Бакалея","ss":100000,"td":"Центр города","dc":2,"n":155.45,"vc":"36000","sl":"Элитный","sv":"15000","p":620.0,"q":14.64,"b":0.0,"ms":0.43,"wi":51.68,"ei":9.19,"as":1176.8,"mi":"E","mv":3463695,"sc":5,"lpe":99.08,"lpr":606.02,"lq":1.0,"d":10648221},{"pi":"401968","pc":"Бакалея","ss":16200,"td":"Фешенебельный район","dc":7,"n":383.36,"vc":"8253","sl":"Очень высокий","sv":"10000","p":560.0,"q":17.15,"b":1.4,"ms":0.29,"wi":51.68,"ei":9.19,"as":1176.8,"mi":"E","mv":3463695,"sc":5,"lpe":99.08,"lpr":606.02,"lq":1.0,"d":10648221},{"pi":"401968","pc":"Бакалея","ss":100000,"td":"Спальный район","dc":1,"n":533.39,"vc":"681635","sl":"Очень высокий","sv":"3529","p":2000.0,"q":35.67,"b":0.32,"ms":0.1,"wi":51.68,"ei":9.19,"as":1176.8,"mi":"E","mv":3463695,"sc":5,"lpe":99.08,"lpr":606.02,"lq":1.0,"d":10648221},{"pi":"401968","pc":"Бакалея","ss":300000,"td":"Фешенебельный район","dc":4,"n":294.71,"vc":"30008","sl":"Элитный","sv":"3181","p":1000.0,"q":2.75,"b":0.0,"ms":0.09,"wi":51.68,"ei":9.19,"as":1176.8,"mi":"E","mv":3463695,"sc":5,"lpe":99.08,"lpr":606.02,"lq":1.0,"d":10648221},{"pi":"401968","pc":"Бакалея","ss":100000,"td":"Спальный район","dc":3,"n":294.71,"vc":"68677","sl":"Элитный","sv":"1","p":1700.0,"q":3.99,"b":0.0,"ms":0.0,"wi":51.68,"ei":9.19,"as":1176.8,"mi":"E","mv":3463695,"sc":5,"lpe":99.08,"lpr":606.02,"lq":1.0,"d":10648221},{"pi":"401968","pc":"Бакалея","ss":2100,"td":"Центр города","dc":6,"n":52.42,"vc":"1442","sl":"Высокий","sv":"3","p":1830.0,"q":6.99,"b":0.81,"ms":0.0,"wi":27.38,"ei":6.29,"as":385.9,"mi":"E","mv":587254,"sc":1,"lpe":100.0,"lpr":545.87,"lq":1.0,"d":1869976},{"pi":"401968","pc":"Бакалея","ss":300000,"td":"Фешенебельный район","dc":1,"n":671.76,"vc":"729056","sl":"Элитный","sv":"51210","p":2483.0,"q":28.8,"b":3.61,"ms":7.97,"wi":59.33,"ei":9.62,"as":1210.0,"mi":"E","mv":642477,"sc":1,"lpe":92.03,"lpr":775.37,"lq":1.89,"d":2753006},{"pi":"401968","pc":"Бакалея","ss":100000,"td":"Центр города","dc":5,"n":277.34,"vc":"122564","sl":"Высокий","sv":"3000","p":990.0,"q":13.15,"b":0.0,"ms":0.05,"wi":33.04,"ei":6.88,"as":461.89,"mi":"E","mv":5530117,"sc":2,"lpe":99.93,"lpr":529.46,"lq":1.0,"d":12391712},{"pi":"401968","pc":"Бакалея","ss":10000,"td":"Фешенебельный район","dc":5,"n":277.34,"vc":"2829","sl":"Элитный","sv":"1000","p":1000.0,"q":13.15,"b":0.0,"ms":0.02,"wi":33.04,"ei":6.88,"as":461.89,"mi":"E","mv":5530117,"sc":2,"lpe":99.93,"lpr":529.46,"lq":1.0,"d":12391712},{"pi":"401968","pc":"Бакалея","ss":100000,"td":"Центр города","dc":3,"n":535.52,"vc":"255958","sl":"Очень высокий","sv":"7000","p":350.0,"q":23.17,"b":0.0,"ms":9.28,"wi":33.24,"ei":7.68,"as":346.5,"mi":"E","mv":75408,"sc":1,"lpe":90.72,"lpr":544.78,"lq":1.0,"d":268812},{"pi":"401968","pc":"Бакалея","ss":100000,"td":"Центр города","dc":1,"n":461.97,"vc":"226234","sl":"Элитный","sv":"8","p":1450.0,"q":22.32,"b":0.7575,"ms":0.02,"wi":17.99,"ei":4.91,"as":74.11,"mi":"E","mv":34266,"sc":1,"lpe":99.98,"lpr":221.06,"lq":1.0,"d":611518},{"pi":"401968","pc":"Бакалея","ss":10000,"td":"Спальный район","dc":1,"n":136.79,"vc":"1602","sl":"Элитный","sv":"1017","p":600.0,"q":2.87,"b":0.0,"ms":1.56,"wi":20.53,"ei":4.41,"as":229.32,"mi":"E","mv":65308,"sc":1,"lpe":98.44,"lpr":546.01,"lq":1.0,"d":551045},{"pi":"401968","pc":"Бакалея","ss":10000,"td":"Центр города","dc":2,"n":538.3,"vc":"33284","sl":"Высокий","sv":"10000","p":530.0,"q":13.98,"b":0.0,"ms":65.4,"wi":13.35,"ei":6.07,"as":253.35,"mi":"D","mv":15291,"sc":2,"lpe":34.6,"lpr":312.06,"lq":1.28,"d":278462},{"pi":"401968","pc":"Бакалея","ss":1000,"td":"Центр города","dc":1,"n":134.17,"vc":"550","sl":"Элитный","sv":"1","p":576.75,"q":6.06,"b":1.21,"ms":0.01,"wi":13.35,"ei":6.07,"as":253.35,"mi":"D","mv":15291,"sc":2,"lpe":34.6,"lpr":312.06,"lq":1.28,"d":278462},{"pi":"401968","pc":"Бакалея","ss":100000,"td":"Спальный район","dc":1,"n":490.72,"vc":"508747","sl":"Очень высокий","sv":"2000","p":2000.0,"q":38.46,"b":1.53,"ms":0.03,"wi":53.02,"ei":6.8,"as":488.79,"mi":"E","mv":6303465,"sc":3,"lpe":99.96,"lpr":595.59,"lq":1.0,"d":14905102},{"pi":"401968","pc":"Бакалея","ss":10000,"td":"Фешенебельный район","dc":2,"n":249.15,"vc":"2450","sl":"Элитный","sv":"500","p":1000.0,"q":13.15,"b":0.0,"ms":0.01,"wi":53.02,"ei":6.8,"as":488.79,"mi":"E","mv":6303465,"sc":3,"lpe":99.96,"lpr":595.59,"lq":1.0,"d":14905102},{"pi":"401968","pc":"Бакалея","ss":120000,"td":"Центр города","dc":1,"n":385.16,"vc":"426152","sl":"Элитный","sv":"217","p":1500.0,"q":2.96,"b":0.0,"ms":0.0,"wi":53.02,"ei":6.8,"as":488.79,"mi":"E","mv":6303465,"sc":3,"lpe":99.96,"lpr":595.59,"lq":1.0,"d":14905102},{"pi":"401968","pc":"Бакалея","ss":100000,"td":"Центр города","dc":2,"n":333.22,"vc":"74145","sl":"Элитный","sv":"2500","p":1750.0,"q":12.05,"b":0.0,"ms":0.21,"wi":30.34,"ei":5.44,"as":331.01,"mi":"E","mv":1180679,"sc":1,"lpe":99.79,"lpr":548.64,"lq":1.0,"d":2022290},{"pi":"401968","pc":"Бакалея","ss":100000,"td":"Центр города","dc":2,"n":332.97,"vc":"53736","sl":"Элитный","sv":"250","p":525.0,"q":12.05,"b":0.0,"ms":0.11,"wi":42.51,"ei":10.41,"as":1149.11,"mi":"E","mv":219372,"sc":1,"lpe":99.89,"lpr":507.53,"lq":1.0,"d":811736},{"pi":"401968","pc":"Бакалея","ss":300000,"td":"Фешенебельный район","dc":1,"n":685.42,"vc":"640377","sl":"Элитный","sv":"116414","p":2378.0,"q":28.29,"b":4.09978868520968,"ms":44.44,"wi":57.59,"ei":9.91,"as":1400.0,"mi":"E","mv":261963,"sc":1,"lpe":55.56,"lpr":785.79,"lq":1.79,"d":1306224},{"pi":"401968","pc":"Бакалея","ss":2500,"td":"Центр города","dc":8,"n":143.11,"vc":"825","sl":"Очень высокий","sv":"10","p":2300.0,"q":13.53,"b":0.0,"ms":0.03,"wi":19.62,"ei":7.02,"as":516.11,"mi":"E","mv":37824,"sc":1,"lpe":99.97,"lpr":546.98,"lq":1.0,"d":420690},{"pi":"401968","pc":"Бакалея","ss":1000,"td":"Центр города","dc":1,"n":350.47,"vc":"1439","sl":"Элитный","sv":"21","p":3000.0,"q":12.33,"b":0.0,"ms":0.24,"wi":27.75,"ei":5.63,"as":423.34,"mi":"E","mv":8694,"sc":1,"lpe":99.76,"lpr":1017.7,"lq":1.0,"d":121500},{"pi":"401968","pc":"Бакалея","ss":130000,"td":"Центр города","dc":5,"n":447.84,"vc":"319842","sl":"Низкий","sv":"27","p":1650.0,"q":3.93,"b":0.0,"ms":0.01,"wi":52.27,"ei":6.17,"as":538.8,"mi":"E","mv":370146,"sc":1,"lpe":99.99,"lpr":615.35,"lq":1.0,"d":927421},{"pi":"401968","pc":"Бакалея","ss":70000,"td":"Центр города","dc":2,"n":143.54,"vc":"10577","sl":"Элитный","sv":"437","p":470.0,"q":2.75,"b":0.0,"ms":0.13,"wi":21.39,"ei":8.99,"as":227.42,"mi":"E","mv":335375,"sc":1,"lpe":99.87,"lpr":499.77,"lq":1.0,"d":2557429},{"pi":"401968","pc":"Бакалея","ss":1000,"td":"Центр города","dc":2,"n":18.72,"vc":"282","sl":"Очень высокий","sv":"300","p":1000.0,"q":13.15,"b":0.0,"ms":1.45,"wi":6.73,"ei":4.35,"as":136.09,"mi":"E","mv":20722,"sc":1,"lpe":98.55,"lpr":540.73,"lq":1.0,"d":417114},{"pi":"401968","pc":"Бакалея","ss":10000,"td":"Спальный район","dc":10,"n":277.87,"vc":"11581","sl":"Нормальный","sv":"1000","p":520.0,"q":13.15,"b":0.0,"ms":0.06,"wi":27.63,"ei":5.96,"as":119.21,"mi":"E","mv":1710632,"sc":2,"lpe":99.94,"lpr":540.94,"lq":1.0,"d":6921520},{"pi":"401968","pc":"Бакалея","ss":16000,"td":"Центр города","dc":10,"n":154.42,"vc":"7857","sl":"Очень высокий","sv":"3","p":1398.65,"q":9.21,"b":0.0,"ms":0.0,"wi":27.63,"ei":5.96,"as":119.21,"mi":"E","mv":1710632,"sc":2,"lpe":99.94,"lpr":540.94,"lq":1.0,"d":6921520}]