[{"pi":"423860","pc":"Продукты питания","ss":100000,"td":"Центр города","dc":1,"n":673.29,"vc":"1332703","sl":"Нормальный","sv":"5157","p":9300.0,"q":22.28,"b":5.82,"ms":19.59,"wi":156.39,"ei":6.41,"as":2315.25,"mi":"E","mv":26327,"sc":4,"lpe":75.23,"lpr":3346.86,"lq":3.72,"d":680780},{"pi":"423860","pc":"Продукты питания","ss":40000,"td":"Окраина","dc":1,"n":453.33,"vc":"67036","sl":"Элитный","sv":"784","p":6400.0,"q":8.83,"b":0.0,"ms":2.98,"wi":156.39,"ei":6.41,"as":2315.25,"mi":"E","mv":26327,"sc":4,"lpe":75.23,"lpr":3346.86,"lq":3.72,"d":680780},{"pi":"423860","pc":"Продукты питания","ss":10000,"td":"Фешенебельный район","dc":7,"n":479.44,"vc":"6850","sl":"Очень высокий","sv":"320","p":5000.0,"q":8.49,"b":0.0,"ms":1.22,"wi":156.39,"ei":6.41,"as":2315.25,"mi":"E","mv":26327,"sc":4,"lpe":75.23,"lpr":3346.86,"lq":3.72,"d":680780},{"pi":"423860","pc":"Продукты питания","ss":10000,"td":"Центр города","dc":3,"n":0.0,"vc":"878","sl":"Элитный","sv":"259","p":4200.0,"q":8.47,"b":0.0,"ms":0.98,"wi":156.39,"ei":6.41,"as":2315.25,"mi":"E","mv":26327,"sc":4,"lpe":75.23,"lpr":3346.86,"lq":3.72,"d":680780},{"pi":"423860","pc":"Продукты питания","ss":100000,"td":"Центр города","dc":1,"n":673.29,"vc":"3170400","sl":"Низкий","sv":"13788","p":8500.0,"q":24.32,"b":4.6,"ms":10.37,"wi":131.96,"ei":6.72,"as":1776.47,"mi":"E","mv":132935,"sc":2,"lpe":85.87,"lpr":2272.27,"lq":1.78,"d":2542506},{"pi":"423860","pc":"Продукты питания","ss":100000,"td":"Фешенебельный район","dc":2,"n":594.86,"vc":"223700","sl":"Элитный","sv":"5000","p":6500.0,"q":13.84,"b":2.09,"ms":3.76,"wi":131.96,"ei":6.72,"as":1776.47,"mi":"E","mv":132935,"sc":2,"lpe":85.87,"lpr":2272.27,"lq":1.78,"d":2542506},{"pi":"423860","pc":"Продукты питания","ss":100000,"td":"Центр города","dc":2,"n":440.67,"vc":"192274","sl":"Элитный","sv":"10000","p":10000.0,"q":13.84,"b":2.09,"ms":18.91,"wi":109.74,"ei":6.39,"as":1332.06,"mi":"E","mv":52887,"sc":1,"lpe":81.09,"lpr":9614.1,"lq":2.01,"d":1607580},{"pi":"423860","pc":"Продукты питания","ss":100000,"td":"Центр города","dc":2,"n":459.26,"vc":"223865","sl":"Элитный","sv":"5000","p":13000.0,"q":13.84,"b":2.09,"ms":13.35,"wi":115.61,"ei":6.91,"as":1461.51,"mi":"E","mv":37443,"sc":2,"lpe":86.2,"lpr":6015.64,"lq":3.42,"d":1489874},{"pi":"423860","pc":"Продукты питания","ss":12500,"td":"Центр города","dc":2,"n":94.1,"vc":"2563","sl":"Элитный","sv":"166","p":3999.99,"q":5.09,"b":0.0,"ms":0.44,"wi":115.61,"ei":6.91,"as":1461.51,"mi":"E","mv":37443,"sc":2,"lpe":86.2,"lpr":6015.64,"lq":3.42,"d":1489874},{"pi":"423860","pc":"Продукты питания","ss":100000,"td":"Центр города","dc":1,"n":250.04,"vc":"54439","sl":"Элитный","sv":"2574","p":1000.0,"q":8.37,"b":1.51,"ms":0.76,"wi":27.86,"ei":3.43,"as":42.92,"mi":"E","mv":338675,"sc":1,"lpe":99.24,"lpr":1007.25,"lq":1.0,"d":9216794},{"pi":"423860","pc":"Продукты питания","ss":15000,"td":"Фешенебельный район","dc":1,"n":542.09,"vc":"15372","sl":"Элитный","sv":"3641","p":3500.0,"q":5.45,"b":0.0,"ms":22.84,"wi":80.59,"ei":6.9,"as":850.5,"mi":"E","mv":15943,"sc":1,"lpe":77.16,"lpr":2343.7,"lq":1.23,"d":688452},{"pi":"423860","pc":"Продукты питания","ss":100000,"td":"Центр города","dc":1,"n":557.35,"vc":"357942","sl":"Элитный","sv":"1022","p":10000.0,"q":14.31,"b":4.3,"ms":6.59,"wi":93.4,"ei":9.12,"as":1117.2,"mi":"E","mv":15506,"sc":1,"lpe":93.41,"lpr":3484.01,"lq":1.0,"d":384781},{"pi":"423860","pc":"Продукты питания","ss":100000,"td":"Центр города","dc":3,"n":457.04,"vc":"266245","sl":"Низкий","sv":"8007","p":4750.0,"q":8.24,"b":0.0,"ms":6.67,"wi":81.91,"ei":8.82,"as":546.4,"mi":"E","mv":120105,"sc":2,"lpe":86.67,"lpr":2253.34,"lq":1.32,"d":2598727},{"pi":"423860","pc":"Продукты питания","ss":100000,"td":"Фешенебельный район","dc":2,"n":594.19,"vc":"223978","sl":"Элитный","sv":"8000","p":6500.0,"q":13.84,"b":0.0,"ms":6.66,"wi":81.91,"ei":8.82,"as":546.4,"mi":"E","mv":120105,"sc":2,"lpe":86.67,"lpr":2253.34,"lq":1.32,"d":2598727},{"pi":"423860","pc":"Продукты питания","ss":100000,"td":"Фешенебельный район","dc":2,"n":680.19,"vc":"223938","sl":"Элитный","sv":"1583","p":6600.0,"q":13.83,"b":0.0,"ms":14.02,"wi":80.04,"ei":6.62,"as":576.1,"mi":"E","mv":11295,"sc":1,"lpe":85.98,"lpr":1648.0,"lq":1.03,"d":254993},{"pi":"423860","pc":"Продукты питания","ss":100000,"td":"Фешенебельный район","dc":2,"n":671.29,"vc":"223602","sl":"Элитный","sv":"2000","p":6500.0,"q":13.84,"b":0.0,"ms":14.32,"wi":128.02,"ei":8.82,"as":625.38,"mi":"E","mv":13967,"sc":2,"lpe":85.67,"lpr":2052.08,"lq":1.2,"d":311011},{"pi":"423860","pc":"Продукты питания","ss":99000,"td":"Центр города","dc":2,"n":142.77,"vc":"6136","sl":"Элитный","sv":"1","p":7000.0,"q":12.72,"b":0.0,"ms":0.01,"wi":128.02,"ei":8.82,"as":625.38,"mi":"E","mv":13967,"sc":2,"lpe":85.67,"lpr":2052.08,"lq":1.2,"d":311011},{"pi":"423860","pc":"Продукты питания","ss":200,"td":"Пригород","dc":8,"n":115.91,"vc":"150","sl":"Очень низкий","sv":"1","p":2500.0,"q":9.92,"b":0.0,"ms":0.0,"wi":21.21,"ei":4.62,"as":206.96,"mi":"E","mv":23393,"sc":1,"lpe":100.0,"lpr":1034.41,"lq":1.0,"d":1571900},{"pi":"423860","pc":"Продукты питания","ss":1000,"td":"Фешенебельный район","dc":3,"n":309.48,"vc":"532","sl":"Очень высокий","sv":"532","p":7500.0,"q":9.04,"b":0.0,"ms":2.72,"wi":109.29,"ei":6.7,"as":1597.06,"mi":"E","mv":19573,"sc":1,"lpe":97.28,"lpr":9611.5,"lq":1.0,"d":976806},{"pi":"423860","pc":"Продукты питания","ss":11000,"td":"Центр города","dc":1,"n":114.99,"vc":"3576","sl":"Элитный","sv":"2210","p":6200.0,"q":9.26,"b":0.0,"ms":3.99,"wi":57.01,"ei":11.71,"as":410.0,"mi":"E","mv":55451,"sc":2,"lpe":96.01,"lpr":3080.78,"lq":1.0,"d":2912574},{"pi":"423860","pc":"Продукты питания","ss":1500,"td":"Центр города","dc":4,"n":107.41,"vc":"1347","sl":"Нормальный","sv":"2","p":8600.0,"q":9.2,"b":0.0,"ms":0.0,"wi":57.01,"ei":11.71,"as":410.0,"mi":"E","mv":55451,"sc":2,"lpe":96.01,"lpr":3080.78,"lq":1.0,"d":2912574},{"pi":"423860","pc":"Продукты питания","ss":1000,"td":"Спальный район","dc":2,"n":319.94,"vc":"896","sl":"Низкий","sv":"10","p":3500.0,"q":8.47,"b":0.0,"ms":0.22,"wi":77.49,"ei":6.62,"as":518.18,"mi":"E","mv":4621,"sc":1,"lpe":99.78,"lpr":3679.41,"lq":1.0,"d":116700},{"pi":"423860","pc":"Продукты питания","ss":1000,"td":"Центр города","dc":4,"n":90.24,"vc":"322","sl":"Элитный","sv":"2","p":2559.0,"q":4.47,"b":0.0,"ms":0.05,"wi":49.72,"ei":6.51,"as":523.69,"mi":"E","mv":4309,"sc":1,"lpe":99.95,"lpr":2144.28,"lq":1.0,"d":111396},{"pi":"423860","pc":"Продукты питания","ss":100000,"td":"Фешенебельный район","dc":2,"n":683.02,"vc":"224008","sl":"Элитный","sv":"1300","p":8600.0,"q":8.47,"b":0.0,"ms":12.26,"wi":96.34,"ei":7.3,"as":643.27,"mi":"E","mv":10606,"sc":1,"lpe":87.74,"lpr":2979.35,"lq":1.35,"d":286767},{"pi":"423860","pc":"Продукты питания","ss":100,"td":"Спальный район","dc":1,"n":38.58,"vc":"35","sl":"Высокий","sv":"2","p":4000.0,"q":8.47,"b":0.0,"ms":0.03,"wi":51.98,"ei":6.5,"as":535.5,"mi":"E","mv":6155,"sc":1,"lpe":99.97,"lpr":2103.46,"lq":1.0,"d":154500},{"pi":"423860","pc":"Продукты питания","ss":100000,"td":"Фешенебельный район","dc":2,"n":685.14,"vc":"224418","sl":"Элитный","sv":"1000","p":7500.0,"q":13.84,"b":0.0,"ms":13.68,"wi":89.53,"ei":6.95,"as":721.1,"mi":"E","mv":7312,"sc":1,"lpe":86.32,"lpr":1996.16,"lq":1.24,"d":214816},{"pi":"423860","pc":"Продукты питания","ss":1000,"td":"Фешенебельный район","dc":1,"n":468.19,"vc":"1305","sl":"Элитный","sv":"6000","p":6500.0,"q":13.84,"b":2.33,"ms":15.04,"wi":89.51,"ei":7.06,"as":573.3,"mi":"E","mv":39881,"sc":3,"lpe":84.93,"lpr":5667.78,"lq":1.14,"d":978294},{"pi":"423860","pc":"Продукты питания","ss":1000,"td":"Фешенебельный район","dc":2,"n":198.16,"vc":"190","sl":"Элитный","sv":"8","p":10000.0,"q":17.19,"b":0.0,"ms":0.02,"wi":89.51,"ei":7.06,"as":573.3,"mi":"E","mv":39881,"sc":3,"lpe":84.93,"lpr":5667.78,"lq":1.14,"d":978294},{"pi":"423860","pc":"Продукты питания","ss":100,"td":"Фешенебельный район","dc":4,"n":0.0,"vc":"12","sl":"Высокий","sv":"2","p":5500.0,"q":9.21,"b":0.0,"ms":0.01,"wi":89.51,"ei":7.06,"as":573.3,"mi":"E","mv":39881,"sc":3,"lpe":84.93,"lpr":5667.78,"lq":1.14,"d":978294},{"pi":"423860","pc":"Продукты питания","ss":110000,"td":"Окраина","dc":1,"n":393.95,"vc":"83462","sl":"Элитный","sv":"10000","p":3500.0,"q":14.68,"b":0.0,"ms":10.21,"wi":51.89,"ei":9.72,"as":380.0,"mi":"E","mv":97989,"sc":1,"lpe":89.79,"lpr":1684.17,"lq":1.23,"d":1850212},{"pi":"423860","pc":"Продукты питания","ss":100000,"td":"Фешенебельный район","dc":2,"n":514.88,"vc":"139200","sl":"Элитный","sv":"25619","p":9000.0,"q":11.81,"b":0.521130411023069,"ms":14.94,"wi":89.14,"ei":7.05,"as":1247.63,"mi":"E","mv":171469,"sc":1,"lpe":85.06,"lpr":3395.95,"lq":2.52,"d":5900984},{"pi":"423860","pc":"Продукты питания","ss":100000,"td":"Центр города","dc":1,"n":565.56,"vc":"470402","sl":"Очень высокий","sv":"2928","p":6000.0,"q":13.59,"b":4.3,"ms":46.48,"wi":90.52,"ei":7.2,"as":937.65,"mi":"E","mv":6299,"sc":1,"lpe":53.52,"lpr":2138.46,"lq":1.41,"d":210430},{"pi":"423860","pc":"Продукты питания","ss":100000,"td":"Центр города","dc":1,"n":432.08,"vc":"151178","sl":"Очень высокий","sv":"3815","p":3000.0,"q":13.69,"b":1.52,"ms":10.45,"wi":62.28,"ei":8.99,"as":967.35,"mi":"E","mv":36513,"sc":2,"lpe":80.13,"lpr":1004.77,"lq":1.05,"d":1023950},{"pi":"423860","pc":"Продукты питания","ss":100000,"td":"Фешенебельный район","dc":1,"n":420.76,"vc":"20337","sl":"Элитный","sv":"3441","p":3000.0,"q":13.33,"b":1.52,"ms":9.42,"wi":62.28,"ei":8.99,"as":967.35,"mi":"E","mv":36513,"sc":2,"lpe":80.13,"lpr":1004.77,"lq":1.05,"d":1023950},{"pi":"423860","pc":"Продукты питания","ss":100000,"td":"Фешенебельный район","dc":2,"n":488.84,"vc":"27305","sl":"Элитный","sv":"1000","p":1400.0,"q":14.68,"b":1.52,"ms":7.05,"wi":51.5,"ei":7.4,"as":852.42,"mi":"E","mv":14192,"sc":1,"lpe":92.95,"lpr":1630.49,"lq":1.0,"d":366048},{"pi":"423860","pc":"Продукты питания","ss":100000,"td":"Фешенебельный район","dc":2,"n":540.52,"vc":"34549","sl":"Элитный","sv":"100","p":5000.0,"q":14.68,"b":1.52,"ms":2.95,"wi":74.03,"ei":6.9,"as":1107.15,"mi":"E","mv":3394,"sc":1,"lpe":97.05,"lpr":2783.78,"lq":1.0,"d":173342},{"pi":"423860","pc":"Продукты питания","ss":20000,"td":"Спальный район","dc":3,"n":286.81,"vc":"10157","sl":"Элитный","sv":"3058","p":3800.0,"q":8.47,"b":0.0,"ms":16.88,"wi":38.84,"ei":6.46,"as":550.2,"mi":"E","mv":18111,"sc":1,"lpe":83.12,"lpr":2023.65,"lq":1.15,"d":1548177},{"pi":"423860","pc":"Продукты питания","ss":10000,"td":"Фешенебельный район","dc":9,"n":404.72,"vc":"3477","sl":"Очень низкий","sv":"317","p":8000.0,"q":8.47,"b":0.0,"ms":1.76,"wi":45.03,"ei":10.64,"as":673.75,"mi":"E","mv":17978,"sc":2,"lpe":97.83,"lpr":7028.06,"lq":1.0,"d":2541514},{"pi":"423860","pc":"Продукты питания","ss":10000,"td":"Центр города","dc":1,"n":218.86,"vc":"5863","sl":"Элитный","sv":"74","p":6500.0,"q":6.67,"b":0.0,"ms":0.41,"wi":45.03,"ei":10.64,"as":673.75,"mi":"E","mv":17978,"sc":2,"lpe":97.83,"lpr":7028.06,"lq":1.0,"d":2541514},{"pi":"423860","pc":"Продукты питания","ss":100000,"td":"Фешенебельный район","dc":2,"n":691.87,"vc":"224672","sl":"Элитный","sv":"1200","p":7200.0,"q":8.47,"b":0.0,"ms":15.07,"wi":101.72,"ei":7.3,"as":549.44,"mi":"E","mv":7963,"sc":1,"lpe":84.93,"lpr":2514.56,"lq":1.24,"d":185081},{"pi":"423860","pc":"Продукты питания","ss":10000,"td":"Центр города","dc":1,"n":345.98,"vc":"20696","sl":"Элитный","sv":"5000","p":4000.0,"q":14.68,"b":0.0,"ms":2.92,"wi":59.25,"ei":8.02,"as":811.4,"mi":"E","mv":171391,"sc":2,"lpe":96.75,"lpr":3365.55,"lq":1.0,"d":4968783},{"pi":"423860","pc":"Продукты питания","ss":9400,"td":"Фешенебельный район","dc":10,"n":344.39,"vc":"4418","sl":"Низкий","sv":"568","p":3000.0,"q":9.55,"b":0.0,"ms":0.33,"wi":59.25,"ei":8.02,"as":811.4,"mi":"E","mv":171391,"sc":2,"lpe":96.75,"lpr":3365.55,"lq":1.0,"d":4968783},{"pi":"423860","pc":"Продукты питания","ss":100000,"td":"Фешенебельный район","dc":2,"n":684.81,"vc":"224247","sl":"Элитный","sv":"1500","p":6600.0,"q":13.84,"b":2.92,"ms":13.23,"wi":65.31,"ei":5.25,"as":522.9,"mi":"E","mv":11337,"sc":1,"lpe":86.77,"lpr":1756.8,"lq":1.1,"d":216300},{"pi":"423860","pc":"Продукты питания","ss":100000,"td":"Фешенебельный район","dc":2,"n":687.98,"vc":"224553","sl":"Элитный","sv":"1409","p":6500.0,"q":13.84,"b":2.92,"ms":13.47,"wi":67.14,"ei":5.25,"as":404.25,"mi":"E","mv":10462,"sc":1,"lpe":86.53,"lpr":1668.03,"lq":1.13,"d":199038},{"pi":"423860","pc":"Продукты питания","ss":100000,"td":"Фешенебельный район","dc":2,"n":605.14,"vc":"223972","sl":"Элитный","sv":"5000","p":7500.0,"q":13.84,"b":0.0,"ms":9.64,"wi":77.34,"ei":6.53,"as":961.05,"mi":"E","mv":51871,"sc":1,"lpe":90.36,"lpr":2536.67,"lq":1.0,"d":1923606},{"pi":"423860","pc":"Продукты питания","ss":100000,"td":"Центр города","dc":1,"n":515.53,"vc":"766070","sl":"Очень низкий","sv":"1","p":3000.0,"q":6.82,"b":0.0,"ms":0.0,"wi":107.69,"ei":6.45,"as":681.19,"mi":"E","mv":104849,"sc":1,"lpe":100.0,"lpr":1660.78,"lq":1.0,"d":3351144},{"pi":"423860","pc":"Продукты питания","ss":100000,"td":"Центр города","dc":2,"n":390.41,"vc":"225468","sl":"Очень высокий","sv":"4874","p":12999.0,"q":13.71,"b":0.0,"ms":9.61,"wi":66.64,"ei":6.73,"as":726.6,"mi":"E","mv":50695,"sc":1,"lpe":90.39,"lpr":3944.18,"lq":2.24,"d":3164786},{"pi":"423860","pc":"Продукты питания","ss":50000,"td":"Центр города","dc":2,"n":362.81,"vc":"59461","sl":"Элитный","sv":"2412","p":4000.0,"q":8.57,"b":0.0,"ms":1.93,"wi":127.75,"ei":7.06,"as":1642.86,"mi":"E","mv":125085,"sc":3,"lpe":96.85,"lpr":1760.06,"lq":1.0,"d":2109186},{"pi":"423860","pc":"Продукты питания","ss":100000,"td":"Центр города","dc":2,"n":493.97,"vc":"529502","sl":"Низкий","sv":"1396","p":5000.0,"q":9.55,"b":0.0,"ms":1.12,"wi":127.75,"ei":7.06,"as":1642.86,"mi":"E","mv":125085,"sc":3,"lpe":96.85,"lpr":1760.06,"lq":1.0,"d":2109186},{"pi":"423860","pc":"Продукты питания","ss":300000,"td":"Фешенебельный район","dc":2,"n":556.1,"vc":"218542","sl":"Элитный","sv":"137","p":6185.15,"q":8.57,"b":2.19,"ms":0.11,"wi":127.75,"ei":7.06,"as":1642.86,"mi":"E","mv":125085,"sc":3,"lpe":96.85,"lpr":1760.06,"lq":1.0,"d":2109186},{"pi":"423860","pc":"Продукты питания","ss":100000,"td":"Центр города","dc":2,"n":405.59,"vc":"235534","sl":"Очень высокий","sv":"26112","p":2900.0,"q":13.59,"b":0.86,"ms":8.52,"wi":40.67,"ei":5.73,"as":513.32,"mi":"E","mv":306597,"sc":2,"lpe":88.94,"lpr":1054.48,"lq":1.06,"d":7527186},{"pi":"423860","pc":"Продукты питания","ss":100000,"td":"Спальный район","dc":2,"n":398.39,"vc":"164838","sl":"Очень высокий","sv":"7783","p":2900.0,"q":12.78,"b":0.86,"ms":2.54,"wi":40.67,"ei":5.73,"as":513.32,"mi":"E","mv":306597,"sc":2,"lpe":88.94,"lpr":1054.48,"lq":1.06,"d":7527186},{"pi":"423860","pc":"Продукты питания","ss":10000,"td":"Центр города","dc":4,"n":512.58,"vc":"39366","sl":"Низкий","sv":"2000","p":4037.0,"q":8.47,"b":0.0,"ms":17.59,"wi":76.21,"ei":6.3,"as":541.77,"mi":"E","mv":11373,"sc":1,"lpe":82.41,"lpr":4139.91,"lq":1.0,"d":234171},{"pi":"423860","pc":"Продукты питания","ss":14500,"td":"Центр города","dc":3,"n":517.23,"vc":"67446","sl":"Очень низкий","sv":"2000","p":4152.0,"q":8.47,"b":0.0,"ms":9.89,"wi":80.42,"ei":5.0,"as":541.41,"mi":"E","mv":20225,"sc":1,"lpe":90.11,"lpr":4028.99,"lq":1.0,"d":457963},{"pi":"423860","pc":"Продукты питания","ss":25000,"td":"Центр города","dc":1,"n":329.75,"vc":"31437","sl":"Очень высокий","sv":"15001","p":5999.0,"q":13.84,"b":2.91980534631025,"ms":32.59,"wi":73.83,"ei":6.3,"as":571.53,"mi":"E","mv":46024,"sc":1,"lpe":67.41,"lpr":2582.77,"lq":2.17,"d":973156},{"pi":"423860","pc":"Продукты питания","ss":15000,"td":"Фешенебельный район","dc":1,"n":533.55,"vc":"12429","sl":"Элитный","sv":"7500","p":3990.0,"q":8.47,"b":0.0,"ms":32.39,"wi":81.36,"ei":6.0,"as":546.98,"mi":"E","mv":23158,"sc":1,"lpe":67.61,"lpr":3489.12,"lq":2.22,"d":453298},{"pi":"423860","pc":"Продукты питания","ss":100000,"td":"Фешенебельный район","dc":5,"n":353.45,"vc":"21043","sl":"Очень высокий","sv":"76","p":5050.0,"q":13.04,"b":0.0,"ms":0.06,"wi":51.76,"ei":4.41,"as":655.66,"mi":"E","mv":131455,"sc":1,"lpe":99.94,"lpr":1573.96,"lq":1.0,"d":7172110},{"pi":"423860","pc":"Продукты питания","ss":100000,"td":"Центр города","dc":1,"n":444.57,"vc":"248361","sl":"Элитный","sv":"905","p":3499.0,"q":8.49,"b":0.0,"ms":7.56,"wi":36.7,"ei":10.61,"as":397.23,"mi":"E","mv":11976,"sc":1,"lpe":92.44,"lpr":1090.81,"lq":1.0,"d":948726},{"pi":"423860","pc":"Продукты питания","ss":100000,"td":"Центр города","dc":2,"n":440.74,"vc":"189402","sl":"Элитный","sv":"2181","p":4999.0,"q":13.07,"b":0.0,"ms":11.73,"wi":42.96,"ei":6.25,"as":568.15,"mi":"E","mv":18597,"sc":1,"lpe":88.27,"lpr":1577.21,"lq":1.09,"d":482641},{"pi":"423860","pc":"Продукты питания","ss":200000,"td":"Центр города","dc":1,"n":416.66,"vc":"370881","sl":"Элитный","sv":"13268","p":8500.0,"q":9.55,"b":0.0,"ms":6.54,"wi":60.25,"ei":9.36,"as":614.31,"mi":"E","mv":202979,"sc":2,"lpe":92.23,"lpr":3003.65,"lq":1.0,"d":3832748},{"pi":"423860","pc":"Продукты питания","ss":100000,"td":"Центр города","dc":2,"n":352.27,"vc":"111381","sl":"Элитный","sv":"2500","p":2000.0,"q":14.68,"b":1.36,"ms":1.23,"wi":60.25,"ei":9.36,"as":614.31,"mi":"E","mv":202979,"sc":2,"lpe":92.23,"lpr":3003.65,"lq":1.0,"d":3832748},{"pi":"423860","pc":"Продукты питания","ss":100000,"td":"Центр города","dc":7,"n":285.44,"vc":"134666","sl":"Высокий","sv":"75000","p":1100.0,"q":12.81,"b":4.78,"ms":19.75,"wi":39.97,"ei":5.34,"as":208.05,"mi":"E","mv":379733,"sc":2,"lpe":74.98,"lpr":954.51,"lq":1.0,"d":12982716},{"pi":"423860","pc":"Продукты питания","ss":100000,"td":"Центр города","dc":2,"n":371.0,"vc":"204396","sl":"Высокий","sv":"20000","p":1900.0,"q":14.68,"b":0.93,"ms":5.27,"wi":39.97,"ei":5.34,"as":208.05,"mi":"E","mv":379733,"sc":2,"lpe":74.98,"lpr":954.51,"lq":1.0,"d":12982716},{"pi":"423860","pc":"Продукты питания","ss":1000,"td":"Центр города","dc":10,"n":602.82,"vc":"9141","sl":"Очень низкий","sv":"140","p":1900.0,"q":6.12,"b":0.0,"ms":2.73,"wi":47.25,"ei":6.62,"as":504.0,"mi":"E","mv":5129,"sc":1,"lpe":97.27,"lpr":1920.23,"lq":1.0,"d":128750},{"pi":"423860","pc":"Продукты питания","ss":100000,"td":"Центр города","dc":1,"n":192.89,"vc":"15134","sl":"Элитный","sv":"1109","p":3000.0,"q":10.32,"b":1.37,"ms":2.65,"wi":113.29,"ei":8.52,"as":2226.16,"mi":"E","mv":41890,"sc":1,"lpe":97.35,"lpr":2324.44,"lq":1.0,"d":1235082},{"pi":"423860","pc":"Продукты питания","ss":100000,"td":"Фешенебельный район","dc":2,"n":582.11,"vc":"145466","sl":"Элитный","sv":"5000","p":6000.0,"q":13.84,"b":2.44,"ms":19.84,"wi":100.56,"ei":8.23,"as":1206.09,"mi":"E","mv":25198,"sc":2,"lpe":78.51,"lpr":2517.04,"lq":1.35,"d":1395634},{"pi":"423860","pc":"Продукты питания","ss":140000,"td":"Центр города","dc":2,"n":452.23,"vc":"248681","sl":"Высокий","sv":"416","p":6000.0,"q":7.9,"b":0.0,"ms":1.65,"wi":100.56,"ei":8.23,"as":1206.09,"mi":"E","mv":25198,"sc":2,"lpe":78.51,"lpr":2517.04,"lq":1.35,"d":1395634},{"pi":"423860","pc":"Продукты питания","ss":100000,"td":"Центр города","dc":2,"n":450.66,"vc":"223822","sl":"Элитный","sv":"13000","p":4400.0,"q":8.47,"b":0.0,"ms":15.18,"wi":78.65,"ei":6.43,"as":351.11,"mi":"E","mv":85615,"sc":2,"lpe":84.11,"lpr":2048.98,"lq":1.1,"d":1885836},{"pi":"423860","pc":"Продукты питания","ss":10000,"td":"Спальный район","dc":1,"n":34.29,"vc":"1820","sl":"Элитный","sv":"603","p":3200.0,"q":5.29,"b":0.0,"ms":0.7,"wi":78.65,"ei":6.43,"as":351.11,"mi":"E","mv":85615,"sc":2,"lpe":84.11,"lpr":2048.98,"lq":1.1,"d":1885836},{"pi":"423860","pc":"Продукты питания","ss":110000,"td":"Спальный район","dc":1,"n":445.65,"vc":"132253","sl":"Нормальный","sv":"373","p":4500.0,"q":13.2,"b":0.0,"ms":0.98,"wi":71.14,"ei":6.0,"as":357.48,"mi":"E","mv":38132,"sc":1,"lpe":99.02,"lpr":1495.99,"lq":1.0,"d":894855},{"pi":"423860","pc":"Продукты питания","ss":100000,"td":"Центр города","dc":2,"n":406.77,"vc":"211450","sl":"Элитный","sv":"31326","p":5499.0,"q":13.62,"b":1.32917767988253,"ms":55.79,"wi":98.78,"ei":7.86,"as":1444.66,"mi":"D","mv":56146,"sc":1,"lpe":44.21,"lpr":2029.52,"lq":2.75,"d":1680666},{"pi":"423860","pc":"Продукты питания","ss":100000,"td":"Центр города","dc":2,"n":375.36,"vc":"182028","sl":"Элитный","sv":"18990","p":4799.0,"q":13.67,"b":2.34478988941548,"ms":12.8,"wi":116.13,"ei":7.17,"as":2122.22,"mi":"E","mv":148345,"sc":2,"lpe":83.28,"lpr":1708.28,"lq":2.01,"d":2596850},{"pi":"423860","pc":"Продукты питания","ss":100000,"td":"Центр города","dc":2,"n":439.09,"vc":"223982","sl":"Элитный","sv":"5812","p":5300.0,"q":13.78,"b":2.44,"ms":3.92,"wi":116.13,"ei":7.17,"as":2122.22,"mi":"E","mv":148345,"sc":2,"lpe":83.28,"lpr":1708.28,"lq":2.01,"d":2596850},{"pi":"423860","pc":"Продукты питания","ss":300000,"td":"Фешенебельный район","dc":1,"n":407.21,"vc":"133924","sl":"Элитный","sv":"72081","p":3000.0,"q":10.04,"b":0.621377339382084,"ms":11.75,"wi":102.86,"ei":10.85,"as":2744.68,"mi":"E","mv":613576,"sc":6,"lpe":82.58,"lpr":1459.47,"lq":1.05,"d":9744630},{"pi":"423860","pc":"Продукты питания","ss":100000,"td":"Центр города","dc":1,"n":310.52,"vc":"103344","sl":"Элитный","sv":"20000","p":3000.0,"q":14.68,"b":1.34,"ms":3.26,"wi":102.86,"ei":10.85,"as":2744.68,"mi":"E","mv":613576,"sc":6,"lpe":82.58,"lpr":1459.47,"lq":1.05,"d":9744630},{"pi":"423860","pc":"Продукты питания","ss":200000,"td":"Центр города","dc":2,"n":516.38,"vc":"2176320","sl":"Нормальный","sv":"14715","p":3000.0,"q":7.43,"b":0.916012232415902,"ms":2.4,"wi":102.86,"ei":10.85,"as":2744.68,"mi":"E","mv":613576,"sc":6,"lpe":82.58,"lpr":1459.47,"lq":1.05,"d":9744630},{"pi":"423860","pc":"Продукты питания","ss":100000,"td":"Фешенебельный район","dc":1,"n":313.54,"vc":"15959","sl":"Элитный","sv":"40","p":5000.0,"q":13.68,"b":1.34,"ms":0.01,"wi":102.86,"ei":10.85,"as":2744.68,"mi":"E","mv":613576,"sc":6,"lpe":82.58,"lpr":1459.47,"lq":1.05,"d":9744630},{"pi":"423860","pc":"Продукты питания","ss":20000,"td":"Центр города","dc":1,"n":150.18,"vc":"14386","sl":"Элитный","sv":"18","p":3299.99,"q":8.37,"b":0.0188888888888889,"ms":0.0,"wi":102.86,"ei":10.85,"as":2744.68,"mi":"E","mv":613576,"sc":6,"lpe":82.58,"lpr":1459.47,"lq":1.05,"d":9744630},{"pi":"423860","pc":"Продукты питания","ss":10000,"td":"Спальный район","dc":1,"n":284.13,"vc":"13673","sl":"Элитный","sv":"1","p":5000.0,"q":13.24,"b":1.34,"ms":0.0,"wi":102.86,"ei":10.85,"as":2744.68,"mi":"E","mv":613576,"sc":6,"lpe":82.58,"lpr":1459.47,"lq":1.05,"d":9744630},{"pi":"423860","pc":"Продукты питания","ss":10000,"td":"Центр города","dc":1,"n":442.91,"vc":"38493","sl":"Очень высокий","sv":"6000","p":9000.0,"q":13.84,"b":0.0,"ms":8.44,"wi":66.45,"ei":6.04,"as":318.0,"mi":"E","mv":71122,"sc":2,"lpe":91.46,"lpr":5366.5,"lq":1.0,"d":2877864},{"pi":"423860","pc":"Продукты питания","ss":600,"td":"Центр города","dc":9,"n":379.77,"vc":"5436","sl":"Очень низкий","sv":"71","p":4500.0,"q":3.68,"b":0.0,"ms":0.1,"wi":66.45,"ei":6.04,"as":318.0,"mi":"E","mv":71122,"sc":2,"lpe":91.46,"lpr":5366.5,"lq":1.0,"d":2877864},{"pi":"423860","pc":"Продукты питания","ss":200000,"td":"Центр города","dc":1,"n":527.43,"vc":"1056702","sl":"Очень высокий","sv":"26162","p":3950.0,"q":9.22,"b":0.0,"ms":22.76,"wi":99.69,"ei":9.31,"as":1270.5,"mi":"E","mv":114964,"sc":2,"lpe":74.86,"lpr":1981.14,"lq":1.83,"d":2836484},{"pi":"423860","pc":"Продукты питания","ss":100000,"td":"Центр города","dc":1,"n":436.78,"vc":"225926","sl":"Элитный","sv":"2735","p":5000.0,"q":13.48,"b":2.7,"ms":2.38,"wi":99.69,"ei":9.31,"as":1270.5,"mi":"E","mv":114964,"sc":2,"lpe":74.86,"lpr":1981.14,"lq":1.83,"d":2836484},{"pi":"423860","pc":"Продукты питания","ss":30000,"td":"Фешенебельный район","dc":1,"n":337.61,"vc":"8428","sl":"Очень высокий","sv":"10001","p":6500.0,"q":13.84,"b":0.0,"ms":7.5,"wi":93.34,"ei":5.0,"as":474.39,"mi":"E","mv":133261,"sc":1,"lpe":92.5,"lpr":6388.46,"lq":1.0,"d":2970884},{"pi":"423860","pc":"Продукты питания","ss":100000,"td":"Фешенебельный район","dc":3,"n":407.42,"vc":"15921","sl":"Элитный","sv":"1473","p":3060.0,"q":10.73,"b":0.0,"ms":5.44,"wi":64.2,"ei":7.41,"as":406.66,"mi":"E","mv":27094,"sc":1,"lpe":94.56,"lpr":1665.06,"lq":1.0,"d":733921},{"pi":"423860","pc":"Продукты питания","ss":10000,"td":"Фешенебельный район","dc":6,"n":445.04,"vc":"6304","sl":"Очень высокий","sv":"1067","p":3000.0,"q":8.59,"b":0.0,"ms":4.02,"wi":41.34,"ei":6.24,"as":393.64,"mi":"E","mv":26530,"sc":1,"lpe":95.98,"lpr":1322.28,"lq":1.0,"d":1110660},{"pi":"423860","pc":"Продукты питания","ss":2200,"td":"Центр города","dc":3,"n":21.22,"vc":"1514","sl":"Очень низкий","sv":"2","p":2530.02,"q":3.68,"b":0.0,"ms":0.0,"wi":39.2,"ei":15.63,"as":384.32,"mi":"E","mv":96773,"sc":1,"lpe":100.0,"lpr":1328.76,"lq":1.0,"d":4545297},{"pi":"423860","pc":"Продукты питания","ss":100000,"td":"Центр города","dc":2,"n":418.6,"vc":"172437","sl":"Элитный","sv":"6906","p":3799.0,"q":10.12,"b":0.329081957717926,"ms":28.19,"wi":75.57,"ei":8.11,"as":1269.9,"mi":"E","mv":24494,"sc":1,"lpe":71.81,"lpr":1521.85,"lq":1.42,"d":678178},{"pi":"423860","pc":"Продукты питания","ss":1000,"td":"Центр города","dc":1,"n":158.51,"vc":"546","sl":"Элитный","sv":"12","p":3185.0,"q":3.68,"b":0.0,"ms":0.18,"wi":74.19,"ei":6.6,"as":584.33,"mi":"E","mv":6589,"sc":1,"lpe":99.82,"lpr":3460.46,"lq":1.0,"d":168154},{"pi":"423860","pc":"Продукты питания","ss":1000,"td":"Фешенебельный район","dc":2,"n":515.86,"vc":"1221","sl":"Очень высокий","sv":"521","p":3700.0,"q":8.47,"b":0.0,"ms":3.81,"wi":69.48,"ei":7.76,"as":583.44,"mi":"E","mv":13684,"sc":2,"lpe":96.01,"lpr":3731.35,"lq":1.0,"d":375360},{"pi":"423860","pc":"Продукты питания","ss":1000,"td":"Центр города","dc":1,"n":128.51,"vc":"611","sl":"Элитный","sv":"25","p":3050.0,"q":3.68,"b":0.0,"ms":0.18,"wi":69.48,"ei":7.76,"as":583.44,"mi":"E","mv":13684,"sc":2,"lpe":96.01,"lpr":3731.35,"lq":1.0,"d":375360},{"pi":"423860","pc":"Продукты питания","ss":1000,"td":"Спальный район","dc":1,"n":246.33,"vc":"1574","sl":"Элитный","sv":"4107","p":4000.0,"q":5.52,"b":0.0,"ms":17.82,"wi":88.26,"ei":7.25,"as":562.28,"mi":"E","mv":23045,"sc":6,"lpe":78.14,"lpr":3222.94,"lq":1.23,"d":598348},{"pi":"423860","pc":"Продукты питания","ss":1000,"td":"Фешенебельный район","dc":2,"n":479.43,"vc":"1172","sl":"Очень высокий","sv":"525","p":3750.0,"q":8.47,"b":0.0,"ms":2.28,"wi":88.26,"ei":7.25,"as":562.28,"mi":"E","mv":23045,"sc":6,"lpe":78.14,"lpr":3222.94,"lq":1.23,"d":598348},{"pi":"423860","pc":"Продукты питания","ss":1000,"td":"Фешенебельный район","dc":2,"n":210.0,"vc":"256","sl":"Элитный","sv":"202","p":3348.0,"q":8.28,"b":0.0,"ms":0.88,"wi":88.26,"ei":7.25,"as":562.28,"mi":"E","mv":23045,"sc":6,"lpe":78.14,"lpr":3222.94,"lq":1.23,"d":598348},{"pi":"423860","pc":"Продукты питания","ss":1000,"td":"Центр города","dc":2,"n":212.6,"vc":"1156","sl":"Очень высокий","sv":"169","p":5000.0,"q":6.77,"b":0.0,"ms":0.73,"wi":88.26,"ei":7.25,"as":562.28,"mi":"E","mv":23045,"sc":6,"lpe":78.14,"lpr":3222.94,"lq":1.23,"d":598348},{"pi":"423860","pc":"Продукты питания","ss":1000,"td":"Фешенебельный район","dc":2,"n":211.57,"vc":"172","sl":"Элитный","sv":"34","p":4500.0,"q":8.18,"b":0.0,"ms":0.15,"wi":88.26,"ei":7.25,"as":562.28,"mi":"E","mv":23045,"sc":6,"lpe":78.14,"lpr":3222.94,"lq":1.23,"d":598348},{"pi":"423860","pc":"Продукты питания","ss":1000,"td":"Центр города","dc":1,"n":176.01,"vc":"940","sl":"Элитный","sv":"1","p":4980.0,"q":3.68,"b":0.0,"ms":0.0,"wi":88.26,"ei":7.25,"as":562.28,"mi":"E","mv":23045,"sc":6,"lpe":78.14,"lpr":3222.94,"lq":1.23,"d":598348},{"pi":"423860","pc":"Продукты питания","ss":45000,"td":"Фешенебельный район","dc":2,"n":488.59,"vc":"23690","sl":"Элитный","sv":"7500","p":5500.0,"q":13.84,"b":3.17,"ms":46.47,"wi":89.42,"ei":9.5,"as":1197.0,"mi":"E","mv":16138,"sc":1,"lpe":53.53,"lpr":3826.2,"lq":1.95,"d":573484},{"pi":"423860","pc":"Продукты питания","ss":100000,"td":"Фешенебельный район","dc":1,"n":553.65,"vc":"103497","sl":"Элитный","sv":"5663","p":5500.0,"q":10.04,"b":1.46996644887869,"ms":16.19,"wi":98.88,"ei":9.31,"as":1312.5,"mi":"E","mv":34982,"sc":1,"lpe":83.81,"lpr":2462.5,"lq":1.84,"d":871981},{"pi":"423860","pc":"Продукты питания","ss":12000,"td":"Спальный район","dc":1,"n":291.94,"vc":"12177","sl":"Очень высокий","sv":"10000","p":7600.0,"q":12.23,"b":2.219,"ms":19.72,"wi":96.92,"ei":9.6,"as":1470.0,"mi":"E","mv":50702,"sc":1,"lpe":80.28,"lpr":5546.36,"lq":1.19,"d":1347944},{"pi":"423860","pc":"Продукты питания","ss":1000,"td":"Центр города","dc":1,"n":172.1,"vc":"515","sl":"Элитный","sv":"3","p":2550.0,"q":3.35,"b":0.0,"ms":0.07,"wi":55.02,"ei":6.51,"as":504.0,"mi":"E","mv":4555,"sc":1,"lpe":99.93,"lpr":1930.21,"lq":1.0,"d":114330},{"pi":"423860","pc":"Продукты питания","ss":1000,"td":"Центр города","dc":1,"n":168.66,"vc":"522","sl":"Элитный","sv":"21","p":2600.0,"q":3.68,"b":0.0,"ms":0.43,"wi":56.02,"ei":6.3,"as":519.75,"mi":"E","mv":4939,"sc":1,"lpe":99.57,"lpr":2167.45,"lq":1.0,"d":125146},{"pi":"423860","pc":"Продукты питания","ss":1000,"td":"Центр города","dc":1,"n":163.36,"vc":"534","sl":"Очень высокий","sv":"6","p":2550.0,"q":3.68,"b":0.0,"ms":0.1,"wi":51.98,"ei":6.2,"as":518.18,"mi":"E","mv":5743,"sc":1,"lpe":99.9,"lpr":2144.46,"lq":1.0,"d":145874},{"pi":"423860","pc":"Продукты питания","ss":1000,"td":"Фешенебельный район","dc":1,"n":264.57,"vc":"213","sl":"Элитный","sv":"69","p":10000.0,"q":13.84,"b":1.77,"ms":1.2,"wi":64.84,"ei":6.72,"as":456.0,"mi":"E","mv":5758,"sc":2,"lpe":98.35,"lpr":3524.0,"lq":1.0,"d":145230},{"pi":"423860","pc":"Продукты питания","ss":1000,"td":"Центр города","dc":1,"n":162.07,"vc":"530","sl":"Элитный","sv":"26","p":3000.0,"q":3.68,"b":0.0,"ms":0.45,"wi":64.84,"ei":6.72,"as":456.0,"mi":"E","mv":5758,"sc":2,"lpe":98.35,"lpr":3524.0,"lq":1.0,"d":145230},{"pi":"423860","pc":"Продукты питания","ss":1100,"td":"Фешенебельный район","dc":1,"n":377.89,"vc":"439","sl":"Элитный","sv":"819","p":3900.0,"q":8.47,"b":0.0,"ms":17.24,"wi":45.48,"ei":7.34,"as":367.54,"mi":"E","mv":4750,"sc":1,"lpe":82.76,"lpr":3695.27,"lq":1.52,"d":793016},{"pi":"423860","pc":"Продукты питания","ss":1000,"td":"Центр города","dc":1,"n":12.85,"vc":"367","sl":"Элитный","sv":"672","p":3300.0,"q":9.89,"b":0.0,"ms":10.9,"wi":46.37,"ei":4.26,"as":435.93,"mi":"E","mv":6167,"sc":1,"lpe":89.1,"lpr":2678.53,"lq":1.57,"d":565094}]