[{"pi":"370081","pc":"Автомобильные товары","ss":100000,"td":"Фешенебельный район","dc":1,"n":632.68,"vc":"318264","sl":"Элитный","sv":"70","p":8000000.0,"q":96.1,"b":0.0,"ms":25.64,"wi":43.25,"ei":8.96,"as":259.04,"mi":"E","mv":273,"sc":2,"lpe":65.2,"lpr":3345942.09,"lq":70.75,"d":2463436},{"pi":"370081","pc":"Автомобильные товары","ss":100000,"td":"Фешенебельный район","dc":2,"n":422.91,"vc":"42345","sl":"Элитный","sv":"25","p":1.0E7,"q":88.22,"b":3.99,"ms":9.16,"wi":43.25,"ei":8.96,"as":259.04,"mi":"E","mv":273,"sc":2,"lpe":65.2,"lpr":3345942.09,"lq":70.75,"d":2463436},{"pi":"370081","pc":"Автомобильные товары","ss":100000,"td":"Фешенебельный район","dc":3,"n":434.55,"vc":"37575","sl":"Элитный","sv":"50","p":1.25E7,"q":88.22,"b":5.49,"ms":50.0,"wi":55.12,"ei":8.36,"as":411.86,"mi":"D","mv":100,"sc":1,"lpe":50.0,"lpr":7995402.11,"lq":15.5,"d":1271530},{"pi":"370081","pc":"Автомобильные товары","ss":100000,"td":"Фешенебельный район","dc":1,"n":677.72,"vc":"270658","sl":"Элитный","sv":"20","p":2300000.0,"q":96.1,"b":4.48,"ms":23.81,"wi":28.13,"ei":8.57,"as":218.31,"mi":"E","mv":84,"sc":1,"lpe":76.19,"lpr":1684910.78,"lq":47.28,"d":449800},{"pi":"370081","pc":"Автомобильные товары","ss":100000,"td":"Фешенебельный район","dc":3,"n":424.5,"vc":"23929","sl":"Элитный","sv":"75","p":2.0E7,"q":88.22,"b":5.49,"ms":64.1,"wi":75.12,"ei":8.39,"as":442.23,"mi":"D","mv":117,"sc":1,"lpe":35.9,"lpr":1.216498913E7,"lq":14.94,"d":1470514},{"pi":"370081","pc":"Автомобильные товары","ss":100000,"td":"Спальный район","dc":2,"n":460.79,"vc":"255210","sl":"Высокий","sv":"100","p":1.0E7,"q":88.22,"b":5.49,"ms":64.94,"wi":64.74,"ei":9.15,"as":433.22,"mi":"D","mv":154,"sc":1,"lpe":35.06,"lpr":2323914.11,"lq":15.24,"d":1483564},{"pi":"370081","pc":"Автомобильные товары","ss":100000,"td":"Фешенебельный район","dc":4,"n":390.91,"vc":"22946","sl":"Элитный","sv":"75","p":3500000.0,"q":88.22,"b":5.72,"ms":64.1,"wi":51.48,"ei":10.19,"as":498.64,"mi":"D","mv":117,"sc":1,"lpe":35.9,"lpr":2197966.59,"lq":14.97,"d":1030544},{"pi":"370081","pc":"Автомобильные товары","ss":100000,"td":"Фешенебельный район","dc":1,"n":676.99,"vc":"420286","sl":"Элитный","sv":"30","p":3700000.0,"q":96.1,"b":0.0,"ms":30.3,"wi":31.91,"ei":5.1,"as":291.57,"mi":"E","mv":99,"sc":2,"lpe":59.6,"lpr":2818644.23,"lq":44.05,"d":1613644},{"pi":"370081","pc":"Автомобильные товары","ss":100000,"td":"Фешенебельный район","dc":2,"n":545.36,"vc":"79021","sl":"Элитный","sv":"10","p":4000000.0,"q":88.22,"b":6.54,"ms":10.1,"wi":31.91,"ei":5.1,"as":291.57,"mi":"E","mv":99,"sc":2,"lpe":59.6,"lpr":2818644.23,"lq":44.05,"d":1613644},{"pi":"370081","pc":"Автомобильные товары","ss":100000,"td":"Фешенебельный район","dc":1,"n":676.08,"vc":"469990","sl":"Очень высокий","sv":"30","p":1600000.0,"q":96.1,"b":0.0,"ms":30.3,"wi":20.8,"ei":5.48,"as":312.49,"mi":"E","mv":99,"sc":2,"lpe":59.6,"lpr":92597.51,"lq":23.0,"d":2277026},{"pi":"370081","pc":"Автомобильные товары","ss":100000,"td":"Фешенебельный район","dc":2,"n":585.4,"vc":"131009","sl":"Элитный","sv":"10","p":3000000.0,"q":88.22,"b":6.54,"ms":10.1,"wi":20.8,"ei":5.48,"as":312.49,"mi":"E","mv":99,"sc":2,"lpe":59.6,"lpr":92597.51,"lq":23.0,"d":2277026},{"pi":"370081","pc":"Автомобильные товары","ss":100000,"td":"Фешенебельный район","dc":2,"n":603.68,"vc":"212325","sl":"Элитный","sv":"20","p":2300000.0,"q":96.1,"b":0.0,"ms":7.04,"wi":25.84,"ei":9.8,"as":151.71,"mi":"E","mv":284,"sc":1,"lpe":92.96,"lpr":2627144.54,"lq":1.0,"d":2005002},{"pi":"370081","pc":"Автомобильные товары","ss":10000,"td":"Фешенебельный район","dc":1,"n":664.73,"vc":"31482","sl":"Очень высокий","sv":"15","p":4000000.0,"q":96.1,"b":0.0,"ms":15.15,"wi":17.57,"ei":5.37,"as":109.67,"mi":"E","mv":99,"sc":1,"lpe":84.85,"lpr":1817651.71,"lq":40.66,"d":1058998},{"pi":"370081","pc":"Автомобильные товары","ss":100000,"td":"Фешенебельный район","dc":5,"n":460.94,"vc":"42450","sl":"Элитный","sv":"25","p":1500000.0,"q":88.22,"b":5.49,"ms":25.25,"wi":20.84,"ei":9.18,"as":253.37,"mi":"E","mv":99,"sc":1,"lpe":74.75,"lpr":612722.53,"lq":15.43,"d":872616},{"pi":"370081","pc":"Автомобильные товары","ss":100000,"td":"Фешенебельный район","dc":5,"n":458.03,"vc":"41892","sl":"Элитный","sv":"50","p":4500000.0,"q":88.22,"b":5.49,"ms":50.0,"wi":46.71,"ei":9.63,"as":392.96,"mi":"D","mv":100,"sc":1,"lpe":50.0,"lpr":2544657.11,"lq":15.3,"d":910108},{"pi":"370081","pc":"Автомобильные товары","ss":100000,"td":"Фешенебельный район","dc":3,"n":454.5,"vc":"41206","sl":"Элитный","sv":"25","p":5000000.0,"q":88.22,"b":5.49,"ms":25.25,"wi":45.39,"ei":9.83,"as":407.82,"mi":"E","mv":99,"sc":1,"lpe":74.75,"lpr":2707632.66,"lq":15.55,"d":956846},{"pi":"370081","pc":"Автомобильные товары","ss":100000,"td":"Фешенебельный район","dc":5,"n":449.31,"vc":"40212","sl":"Элитный","sv":"8","p":2500000.0,"q":87.58,"b":5.49,"ms":7.77,"wi":23.04,"ei":9.31,"as":281.91,"mi":"E","mv":103,"sc":1,"lpe":92.23,"lpr":112951.18,"lq":5.88,"d":1028974},{"pi":"370081","pc":"Автомобильные товары","ss":100000,"td":"Фешенебельный район","dc":4,"n":434.14,"vc":"35718","sl":"Элитный","sv":"24","p":3000000.0,"q":87.92,"b":5.72,"ms":16.78,"wi":39.13,"ei":9.21,"as":349.34,"mi":"E","mv":143,"sc":1,"lpe":83.22,"lpr":168853.07,"lq":18.1,"d":1816406},{"pi":"370081","pc":"Автомобильные товары","ss":100000,"td":"Фешенебельный район","dc":1,"n":680.9,"vc":"272420","sl":"Элитный","sv":"30","p":2500000.0,"q":96.1,"b":4.48,"ms":30.61,"wi":23.48,"ei":8.4,"as":185.05,"mi":"E","mv":98,"sc":1,"lpe":69.39,"lpr":1351642.0,"lq":40.85,"d":419938},{"pi":"370081","pc":"Автомобильные товары","ss":100000,"td":"Фешенебельный район","dc":5,"n":467.26,"vc":"43725","sl":"Элитный","sv":"25","p":1500000.0,"q":88.22,"b":5.49,"ms":25.25,"wi":22.15,"ei":8.94,"as":292.93,"mi":"E","mv":99,"sc":1,"lpe":74.75,"lpr":563360.04,"lq":15.56,"d":798372},{"pi":"370081","pc":"Автомобильные товары","ss":100000,"td":"Центр города","dc":1,"n":548.77,"vc":"563880","sl":"Очень высокий","sv":"10","p":8.0E7,"q":74.66,"b":3.89,"ms":10.1,"wi":66.51,"ei":8.76,"as":347.78,"mi":"E","mv":99,"sc":2,"lpe":79.8,"lpr":2.030528234E7,"lq":15.52,"d":1784134},{"pi":"370081","pc":"Автомобильные товары","ss":10000,"td":"Центр города","dc":2,"n":185.67,"vc":"4858","sl":"Элитный","sv":"10","p":2.6379999E7,"q":24.08,"b":0.0,"ms":10.1,"wi":66.51,"ei":8.76,"as":347.78,"mi":"E","mv":99,"sc":2,"lpe":79.8,"lpr":2.030528234E7,"lq":15.52,"d":1784134},{"pi":"370081","pc":"Автомобильные товары","ss":100000,"td":"Фешенебельный район","dc":1,"n":657.42,"vc":"278522","sl":"Элитный","sv":"30","p":4200000.0,"q":96.1,"b":0.0,"ms":30.61,"wi":65.36,"ei":8.06,"as":531.88,"mi":"E","mv":98,"sc":1,"lpe":69.39,"lpr":4054517.14,"lq":66.79,"d":852721},{"pi":"370081","pc":"Автомобильные товары","ss":10000,"td":"Центр города","dc":2,"n":268.9,"vc":"5206","sl":"Элитный","sv":"10","p":4539999.0,"q":24.08,"b":0.0,"ms":10.53,"wi":62.27,"ei":13.35,"as":674.99,"mi":"E","mv":95,"sc":1,"lpe":89.47,"lpr":4450796.82,"lq":12.98,"d":374441},{"pi":"370081","pc":"Автомобильные товары","ss":10000,"td":"Фешенебельный район","dc":1,"n":659.07,"vc":"30972","sl":"Очень высокий","sv":"5","p":5000000.0,"q":96.1,"b":0.0,"ms":5.05,"wi":17.32,"ei":5.79,"as":107.04,"mi":"E","mv":99,"sc":1,"lpe":94.95,"lpr":2208258.32,"lq":1.0,"d":1139060},{"pi":"370081","pc":"Автомобильные товары","ss":10000,"td":"Фешенебельный район","dc":1,"n":680.83,"vc":"35998","sl":"Очень высокий","sv":"15","p":4000000.0,"q":96.1,"b":0.0,"ms":15.46,"wi":17.36,"ei":6.43,"as":115.42,"mi":"E","mv":97,"sc":1,"lpe":84.54,"lpr":1956329.59,"lq":40.95,"d":1105300},{"pi":"370081","pc":"Автомобильные товары","ss":100000,"td":"Фешенебельный район","dc":1,"n":677.3,"vc":"330074","sl":"Элитный","sv":"20","p":5500000.0,"q":96.1,"b":0.0,"ms":18.18,"wi":88.65,"ei":9.17,"as":926.04,"mi":"E","mv":110,"sc":1,"lpe":81.82,"lpr":7095773.59,"lq":44.85,"d":802320},{"pi":"370081","pc":"Автомобильные товары","ss":100000,"td":"Фешенебельный район","dc":1,"n":639.23,"vc":"258228","sl":"Элитный","sv":"40","p":1.0E7,"q":96.1,"b":0.0,"ms":40.4,"wi":112.2,"ei":10.46,"as":1478.26,"mi":"E","mv":99,"sc":1,"lpe":59.6,"lpr":1.094977562E7,"lq":74.0,"d":1132390},{"pi":"370081","pc":"Автомобильные товары","ss":100000,"td":"Фешенебельный район","dc":1,"n":640.69,"vc":"267267","sl":"Элитный","sv":"10","p":6000000.0,"q":96.1,"b":0.0,"ms":5.78,"wi":25.15,"ei":9.44,"as":139.28,"mi":"E","mv":173,"sc":1,"lpe":94.22,"lpr":2803778.6,"lq":1.0,"d":1418075},{"pi":"370081","pc":"Автомобильные товары","ss":100000,"td":"Фешенебельный район","dc":1,"n":681.72,"vc":"283936","sl":"Элитный","sv":"10","p":1500000.0,"q":96.1,"b":5.87,"ms":15.87,"wi":25.94,"ei":11.84,"as":229.3,"mi":"E","mv":63,"sc":1,"lpe":84.13,"lpr":1331784.94,"lq":38.92,"d":565450},{"pi":"370081","pc":"Автомобильные товары","ss":10000,"td":"Фешенебельный район","dc":3,"n":586.05,"vc":"8640","sl":"Элитный","sv":"5","p":550000.0,"q":88.22,"b":4.59,"ms":25.0,"wi":19.68,"ei":7.55,"as":294.12,"mi":"E","mv":20,"sc":1,"lpe":75.0,"lpr":1241868.51,"lq":39.05,"d":330579},{"pi":"370081","pc":"Автомобильные товары","ss":10000,"td":"Фешенебельный район","dc":3,"n":546.93,"vc":"7756","sl":"Низкий","sv":"5","p":2500000.0,"q":88.22,"b":4.59,"ms":26.32,"wi":22.69,"ei":6.79,"as":346.42,"mi":"E","mv":19,"sc":1,"lpe":73.68,"lpr":2102117.35,"lq":44.11,"d":425446},{"pi":"370081","pc":"Автомобильные товары","ss":100000,"td":"Фешенебельный район","dc":1,"n":680.69,"vc":"336668","sl":"Элитный","sv":"20","p":4000000.0,"q":96.1,"b":5.87,"ms":20.62,"wi":35.22,"ei":11.24,"as":300.08,"mi":"E","mv":97,"sc":1,"lpe":79.38,"lpr":2506949.73,"lq":62.12,"d":773410},{"pi":"370081","pc":"Автомобильные товары","ss":100000,"td":"Фешенебельный район","dc":1,"n":670.36,"vc":"288084","sl":"Элитный","sv":"30","p":1700000.0,"q":96.1,"b":5.87,"ms":42.25,"wi":29.71,"ei":10.26,"as":285.0,"mi":"E","mv":71,"sc":1,"lpe":57.75,"lpr":1180734.61,"lq":36.99,"d":658046},{"pi":"370081","pc":"Автомобильные товары","ss":100000,"td":"Фешенебельный район","dc":4,"n":462.93,"vc":"42861","sl":"Элитный","sv":"50","p":5000000.0,"q":88.22,"b":5.49,"ms":50.0,"wi":51.19,"ei":9.24,"as":475.26,"mi":"D","mv":100,"sc":1,"lpe":50.0,"lpr":1795994.32,"lq":21.21,"d":849354},{"pi":"370081","pc":"Автомобильные товары","ss":100000,"td":"Фешенебельный район","dc":1,"n":672.54,"vc":"198206","sl":"Элитный","sv":"20","p":3200000.0,"q":96.1,"b":0.0,"ms":21.05,"wi":46.49,"ei":9.42,"as":383.85,"mi":"E","mv":95,"sc":1,"lpe":78.95,"lpr":2234979.27,"lq":57.57,"d":223434},{"pi":"370081","pc":"Автомобильные товары","ss":100000,"td":"Фешенебельный район","dc":1,"n":678.98,"vc":"283454","sl":"Элитный","sv":"5","p":1900000.0,"q":96.1,"b":0.0,"ms":7.46,"wi":20.03,"ei":11.64,"as":152.74,"mi":"E","mv":67,"sc":1,"lpe":92.54,"lpr":1709054.48,"lq":1.0,"d":508140},{"pi":"370081","pc":"Автомобильные товары","ss":120000,"td":"Фешенебельный район","dc":2,"n":683.82,"vc":"531108","sl":"Высокий","sv":"20","p":4500000.0,"q":96.1,"b":4.48,"ms":8.44,"wi":36.6,"ei":8.31,"as":211.85,"mi":"E","mv":237,"sc":1,"lpe":91.56,"lpr":4141830.51,"lq":1.0,"d":1453950},{"pi":"370081","pc":"Автомобильные товары","ss":100000,"td":"Центр города","dc":1,"n":433.02,"vc":"460180","sl":"Очень высокий","sv":"419","p":4750000.0,"q":87.94,"b":0.0,"ms":29.97,"wi":50.66,"ei":10.64,"as":327.0,"mi":"D","mv":1398,"sc":3,"lpe":34.26,"lpr":4544255.11,"lq":66.93,"d":7537390},{"pi":"370081","pc":"Автомобильные товары","ss":100000,"td":"Фешенебельный район","dc":1,"n":517.33,"vc":"155270","sl":"Элитный","sv":"400","p":7000000.0,"q":96.1,"b":0.0,"ms":28.61,"wi":50.66,"ei":10.64,"as":327.0,"mi":"D","mv":1398,"sc":3,"lpe":34.26,"lpr":4544255.11,"lq":66.93,"d":7537390},{"pi":"370081","pc":"Автомобильные товары","ss":100000,"td":"Фешенебельный район","dc":3,"n":396.73,"vc":"48690","sl":"Элитный","sv":"100","p":1.0E7,"q":88.22,"b":3.99,"ms":7.15,"wi":50.66,"ei":10.64,"as":327.0,"mi":"D","mv":1398,"sc":3,"lpe":34.26,"lpr":4544255.11,"lq":66.93,"d":7537390},{"pi":"370081","pc":"Автомобильные товары","ss":100000,"td":"Фешенебельный район","dc":1,"n":623.27,"vc":"280551","sl":"Элитный","sv":"70","p":7000000.0,"q":96.1,"b":0.0,"ms":17.37,"wi":39.13,"ei":9.11,"as":204.86,"mi":"E","mv":403,"sc":2,"lpe":76.43,"lpr":2478706.48,"lq":61.98,"d":2224560},{"pi":"370081","pc":"Автомобильные товары","ss":100000,"td":"Фешенебельный район","dc":2,"n":429.95,"vc":"43722","sl":"Элитный","sv":"25","p":5000000.0,"q":88.22,"b":3.99,"ms":6.2,"wi":39.13,"ei":9.11,"as":204.86,"mi":"E","mv":403,"sc":2,"lpe":76.43,"lpr":2478706.48,"lq":61.98,"d":2224560},{"pi":"370081","pc":"Автомобильные товары","ss":100000,"td":"Фешенебельный район","dc":1,"n":679.1,"vc":"313664","sl":"Элитный","sv":"20","p":1.0E7,"q":96.1,"b":0.0,"ms":20.2,"wi":61.68,"ei":8.89,"as":806.78,"mi":"E","mv":99,"sc":1,"lpe":79.8,"lpr":3615000.65,"lq":68.49,"d":659952},{"pi":"370081","pc":"Автомобильные товары","ss":10000,"td":"Фешенебельный район","dc":1,"n":645.17,"vc":"21366","sl":"Элитный","sv":"5","p":1500000.0,"q":96.1,"b":0.0,"ms":5.05,"wi":20.27,"ei":7.76,"as":143.82,"mi":"E","mv":99,"sc":1,"lpe":94.95,"lpr":1234933.83,"lq":1.0,"d":528920},{"pi":"370081","pc":"Автомобильные товары","ss":1000,"td":"Фешенебельный район","dc":1,"n":671.99,"vc":"4026","sl":"Высокий","sv":"3","p":1.4E7,"q":102.65,"b":0.0,"ms":3.03,"wi":87.77,"ei":6.8,"as":520.0,"mi":"E","mv":99,"sc":1,"lpe":96.97,"lpr":1.118737741E7,"lq":1.0,"d":916747},{"pi":"370081","pc":"Автомобильные товары","ss":200,"td":"Фешенебельный район","dc":3,"n":224.44,"vc":"50","sl":"Элитный","sv":"1","p":9000000.0,"q":20.66,"b":0.0,"ms":1.85,"wi":98.37,"ei":9.51,"as":549.44,"mi":"E","mv":54,"sc":1,"lpe":98.15,"lpr":9356959.49,"lq":1.0,"d":282688},{"pi":"370081","pc":"Автомобильные товары","ss":100000,"td":"Фешенебельный район","dc":1,"n":652.4,"vc":"294536","sl":"Элитный","sv":"15","p":6500000.0,"q":96.1,"b":0.0,"ms":9.93,"wi":34.47,"ei":11.19,"as":156.87,"mi":"E","mv":151,"sc":1,"lpe":90.07,"lpr":5379422.98,"lq":1.01,"d":1148164},{"pi":"370081","pc":"Автомобильные товары","ss":1000,"td":"Фешенебельный район","dc":1,"n":592.85,"vc":"2484","sl":"Очень высокий","sv":"5","p":4000000.0,"q":96.1,"b":0.0,"ms":5.15,"wi":48.01,"ei":12.8,"as":278.36,"mi":"E","mv":97,"sc":1,"lpe":94.85,"lpr":6225606.55,"lq":1.0,"d":825880},{"pi":"370081","pc":"Автомобильные товары","ss":1000,"td":"Центр города","dc":1,"n":548.19,"vc":"5755","sl":"Нормальный","sv":"5","p":2200000.0,"q":96.1,"b":0.0,"ms":11.9,"wi":30.76,"ei":14.19,"as":249.58,"mi":"E","mv":42,"sc":1,"lpe":88.1,"lpr":2180502.92,"lq":56.78,"d":270796},{"pi":"370081","pc":"Автомобильные товары","ss":100000,"td":"Фешенебельный район","dc":2,"n":581.14,"vc":"177898","sl":"Элитный","sv":"60","p":7500000.0,"q":96.1,"b":5.6,"ms":46.15,"wi":41.17,"ei":8.83,"as":225.06,"mi":"E","mv":130,"sc":1,"lpe":53.85,"lpr":5365394.68,"lq":74.02,"d":1925822},{"pi":"370081","pc":"Автомобильные товары","ss":100000,"td":"Фешенебельный район","dc":1,"n":493.84,"vc":"58950","sl":"Элитный","sv":"50","p":1.5E7,"q":88.22,"b":4.55,"ms":50.0,"wi":133.52,"ei":10.32,"as":1582.16,"mi":"D","mv":100,"sc":1,"lpe":50.0,"lpr":1.022243234E7,"lq":53.81,"d":903081},{"pi":"370081","pc":"Автомобильные товары","ss":100000,"td":"Фешенебельный район","dc":2,"n":498.45,"vc":"40178","sl":"Элитный","sv":"50","p":1.0E7,"q":88.22,"b":4.55,"ms":50.0,"wi":119.42,"ei":10.05,"as":1379.85,"mi":"D","mv":100,"sc":1,"lpe":50.0,"lpr":9599775.94,"lq":54.17,"d":847456},{"pi":"370081","pc":"Автомобильные товары","ss":10000,"td":"Центр города","dc":2,"n":311.12,"vc":"5535","sl":"Элитный","sv":"10","p":1949999.0,"q":24.08,"b":0.0,"ms":14.49,"wi":24.79,"ei":5.22,"as":302.26,"mi":"E","mv":69,"sc":1,"lpe":85.51,"lpr":1912885.81,"lq":13.21,"d":182800},{"pi":"370081","pc":"Автомобильные товары","ss":100000,"td":"Фешенебельный район","dc":1,"n":667.56,"vc":"318516","sl":"Элитный","sv":"15","p":2500000.0,"q":96.1,"b":5.6,"ms":8.62,"wi":31.1,"ei":8.84,"as":209.0,"mi":"E","mv":174,"sc":1,"lpe":91.38,"lpr":1885542.0,"lq":1.0,"d":946841},{"pi":"370081","pc":"Автомобильные товары","ss":100000,"td":"Фешенебельный район","dc":1,"n":580.25,"vc":"118070","sl":"Элитный","sv":"70","p":4000000.0,"q":96.1,"b":5.6,"ms":16.95,"wi":49.97,"ei":9.09,"as":306.0,"mi":"E","mv":413,"sc":2,"lpe":77.0,"lpr":2744933.7,"lq":47.73,"d":1948554},{"pi":"370081","pc":"Автомобильные товары","ss":100000,"td":"Фешенебельный район","dc":1,"n":544.87,"vc":"84019","sl":"Элитный","sv":"25","p":5000000.0,"q":88.22,"b":5.03,"ms":6.05,"wi":49.97,"ei":9.09,"as":306.0,"mi":"E","mv":413,"sc":2,"lpe":77.0,"lpr":2744933.7,"lq":47.73,"d":1948554},{"pi":"370081","pc":"Автомобильные товары","ss":100000,"td":"Фешенебельный район","dc":1,"n":476.86,"vc":"38638","sl":"Элитный","sv":"10","p":5000000.0,"q":88.22,"b":5.03,"ms":7.41,"wi":30.79,"ei":8.25,"as":205.77,"mi":"E","mv":135,"sc":2,"lpe":85.19,"lpr":2948974.78,"lq":48.26,"d":1371924},{"pi":"370081","pc":"Автомобильные товары","ss":100000,"td":"Фешенебельный район","dc":1,"n":585.05,"vc":"164025","sl":"Элитный","sv":"10","p":4000000.0,"q":96.1,"b":5.6,"ms":7.41,"wi":30.79,"ei":8.25,"as":205.77,"mi":"E","mv":135,"sc":2,"lpe":85.19,"lpr":2948974.78,"lq":48.26,"d":1371924},{"pi":"370081","pc":"Автомобильные товары","ss":100000,"td":"Фешенебельный район","dc":1,"n":665.9,"vc":"200280","sl":"Элитный","sv":"40","p":3600000.0,"q":96.1,"b":0.0,"ms":47.62,"wi":43.59,"ei":7.31,"as":476.27,"mi":"E","mv":84,"sc":1,"lpe":52.38,"lpr":2868751.23,"lq":68.74,"d":263256},{"pi":"370081","pc":"Автомобильные товары","ss":100000,"td":"Фешенебельный район","dc":1,"n":596.33,"vc":"216691","sl":"Элитный","sv":"200","p":2000000.0,"q":96.1,"b":4.87,"ms":16.71,"wi":62.0,"ei":7.93,"as":546.66,"mi":"E","mv":1197,"sc":3,"lpe":70.01,"lpr":445656.36,"lq":32.3,"d":7101416},{"pi":"370081","pc":"Автомобильные товары","ss":100000,"td":"Фешенебельный район","dc":2,"n":474.38,"vc":"67076","sl":"Элитный","sv":"145","p":5000000.0,"q":85.98,"b":4.84,"ms":12.11,"wi":62.0,"ei":7.93,"as":546.66,"mi":"E","mv":1197,"sc":3,"lpe":70.01,"lpr":445656.36,"lq":32.3,"d":7101416},{"pi":"370081","pc":"Автомобильные товары","ss":300000,"td":"Фешенебельный район","dc":4,"n":474.38,"vc":"152404","sl":"Элитный","sv":"14","p":828650.01,"q":66.2,"b":0.0,"ms":1.17,"wi":62.0,"ei":7.93,"as":546.66,"mi":"E","mv":1197,"sc":3,"lpe":70.01,"lpr":445656.36,"lq":32.3,"d":7101416},{"pi":"370081","pc":"Автомобильные товары","ss":100000,"td":"Центр города","dc":1,"n":426.48,"vc":"507448","sl":"Очень высокий","sv":"333","p":1.7E7,"q":87.94,"b":0.0,"ms":29.97,"wi":89.7,"ei":7.81,"as":615.72,"mi":"D","mv":1111,"sc":2,"lpe":43.02,"lpr":1.624059221E7,"lq":25.65,"d":11929900},{"pi":"370081","pc":"Автомобильные товары","ss":100000,"td":"Фешенебельный район","dc":1,"n":572.81,"vc":"310854","sl":"Элитный","sv":"300","p":1.9E7,"q":96.1,"b":4.87,"ms":27.0,"wi":89.7,"ei":7.81,"as":615.72,"mi":"D","mv":1111,"sc":2,"lpe":43.02,"lpr":1.624059221E7,"lq":25.65,"d":11929900},{"pi":"370081","pc":"Автомобильные товары","ss":100000,"td":"Фешенебельный район","dc":1,"n":645.45,"vc":"210128","sl":"Элитный","sv":"40","p":4500000.0,"q":96.1,"b":0.0,"ms":35.09,"wi":48.51,"ei":15.71,"as":380.15,"mi":"E","mv":114,"sc":1,"lpe":64.91,"lpr":3269231.48,"lq":73.93,"d":545196},{"pi":"370081","pc":"Автомобильные товары","ss":100000,"td":"Фешенебельный район","dc":1,"n":667.33,"vc":"314350","sl":"Элитный","sv":"60","p":9000000.0,"q":96.1,"b":0.0,"ms":47.62,"wi":56.24,"ei":7.07,"as":380.48,"mi":"E","mv":126,"sc":1,"lpe":52.38,"lpr":4459265.07,"lq":74.0,"d":917721},{"pi":"370081","pc":"Автомобильные товары","ss":10000,"td":"Центр города","dc":2,"n":255.1,"vc":"5116","sl":"Элитный","sv":"10","p":5399999.0,"q":24.08,"b":0.0,"ms":10.1,"wi":53.32,"ei":6.45,"as":372.85,"mi":"E","mv":99,"sc":1,"lpe":89.9,"lpr":5294373.1,"lq":12.99,"d":476878},{"pi":"370081","pc":"Автомобильные товары","ss":100000,"td":"Фешенебельный район","dc":1,"n":650.35,"vc":"395919","sl":"Элитный","sv":"20","p":1.0E7,"q":96.1,"b":4.87,"ms":20.0,"wi":51.31,"ei":5.72,"as":403.15,"mi":"E","mv":100,"sc":1,"lpe":80.0,"lpr":7835278.63,"lq":27.14,"d":2828856},{"pi":"370081","pc":"Автомобильные товары","ss":100000,"td":"Фешенебельный район","dc":2,"n":444.67,"vc":"42225","sl":"Элитный","sv":"25","p":1500000.0,"q":87.01,"b":5.18,"ms":8.04,"wi":12.45,"ei":3.38,"as":76.69,"mi":"E","mv":311,"sc":1,"lpe":91.96,"lpr":48381.93,"lq":49.59,"d":3490085},{"pi":"370081","pc":"Автомобильные товары","ss":100000,"td":"Фешенебельный район","dc":1,"n":565.71,"vc":"194997","sl":"Элитный","sv":"30","p":8000000.0,"q":96.1,"b":0.0,"ms":16.76,"wi":25.6,"ei":7.49,"as":134.1,"mi":"E","mv":179,"sc":1,"lpe":83.24,"lpr":7064438.23,"lq":59.37,"d":3825606},{"pi":"370081","pc":"Автомобильные товары","ss":100000,"td":"Фешенебельный район","dc":2,"n":441.84,"vc":"38454","sl":"Элитный","sv":"15","p":1500000.0,"q":87.79,"b":5.06,"ms":14.56,"wi":22.23,"ei":3.92,"as":266.41,"mi":"E","mv":103,"sc":1,"lpe":85.44,"lpr":62785.63,"lq":17.81,"d":1111988},{"pi":"370081","pc":"Автомобильные товары","ss":100000,"td":"Фешенебельный район","dc":1,"n":675.81,"vc":"418689","sl":"Элитный","sv":"14","p":4.3E7,"q":100.44,"b":5.64,"ms":13.21,"wi":184.96,"ei":10.06,"as":1520.68,"mi":"E","mv":106,"sc":2,"lpe":80.19,"lpr":1500008.97,"lq":33.19,"d":1648846},{"pi":"370081","pc":"Автомобильные товары","ss":200000,"td":"Центр города","dc":1,"n":490.2,"vc":"593317","sl":"Элитный","sv":"7","p":5.0E7,"q":88.15,"b":5.54,"ms":6.6,"wi":184.96,"ei":10.06,"as":1520.68,"mi":"E","mv":106,"sc":2,"lpe":80.19,"lpr":1500008.97,"lq":33.19,"d":1648846},{"pi":"370081","pc":"Автомобильные товары","ss":100000,"td":"Фешенебельный район","dc":1,"n":679.18,"vc":"302415","sl":"Элитный","sv":"10","p":4000000.0,"q":96.1,"b":4.0,"ms":10.42,"wi":37.15,"ei":12.5,"as":308.74,"mi":"E","mv":96,"sc":2,"lpe":84.38,"lpr":1951553.18,"lq":52.17,"d":593300},{"pi":"370081","pc":"Автомобильные товары","ss":100000,"td":"Фешенебельный район","dc":1,"n":478.42,"vc":"43875","sl":"Элитный","sv":"5","p":2500000.0,"q":88.22,"b":0.0,"ms":5.21,"wi":37.15,"ei":12.5,"as":308.74,"mi":"E","mv":96,"sc":2,"lpe":84.38,"lpr":1951553.18,"lq":52.17,"d":593300},{"pi":"370081","pc":"Автомобильные товары","ss":100000,"td":"Фешенебельный район","dc":1,"n":680.75,"vc":"223496","sl":"Элитный","sv":"25","p":4000000.0,"q":96.1,"b":4.0,"ms":16.03,"wi":45.2,"ei":10.88,"as":313.5,"mi":"E","mv":156,"sc":1,"lpe":83.97,"lpr":2483703.93,"lq":61.61,"d":762894},{"pi":"370081","pc":"Автомобильные товары","ss":100000,"td":"Фешенебельный район","dc":1,"n":669.88,"vc":"269604","sl":"Элитный","sv":"15","p":1800000.0,"q":96.1,"b":4.0,"ms":25.86,"wi":24.92,"ei":10.9,"as":231.49,"mi":"E","mv":58,"sc":1,"lpe":74.14,"lpr":1177060.11,"lq":37.45,"d":551726},{"pi":"370081","pc":"Автомобильные товары","ss":1000,"td":"Центр города","dc":1,"n":298.6,"vc":"3500","sl":"Высокий","sv":"20","p":2000000.0,"q":96.1,"b":0.0,"ms":10.26,"wi":61.96,"ei":12.15,"as":320.53,"mi":"E","mv":195,"sc":2,"lpe":84.62,"lpr":3459000.32,"lq":58.3,"d":1114046},{"pi":"370081","pc":"Автомобильные товары","ss":1000,"td":"Фешенебельный район","dc":1,"n":434.01,"vc":"751","sl":"Элитный","sv":"10","p":3500000.0,"q":88.22,"b":4.21,"ms":5.13,"wi":61.96,"ei":12.15,"as":320.53,"mi":"E","mv":195,"sc":2,"lpe":84.62,"lpr":3459000.32,"lq":58.3,"d":1114046},{"pi":"370081","pc":"Автомобильные товары","ss":100000,"td":"Центр города","dc":1,"n":424.95,"vc":"446108","sl":"Элитный","sv":"48","p":8500000.0,"q":87.94,"b":0.0,"ms":29.81,"wi":29.73,"ei":5.12,"as":183.24,"mi":"E","mv":161,"sc":2,"lpe":63.98,"lpr":8123673.24,"lq":19.16,"d":8609120},{"pi":"370081","pc":"Автомобильные товары","ss":100000,"td":"Фешенебельный район","dc":1,"n":492.27,"vc":"127828","sl":"Элитный","sv":"10","p":1.2E7,"q":96.1,"b":0.0,"ms":6.21,"wi":29.73,"ei":5.12,"as":183.24,"mi":"E","mv":161,"sc":2,"lpe":63.98,"lpr":8123673.24,"lq":19.16,"d":8609120},{"pi":"370081","pc":"Автомобильные товары","ss":100000,"td":"Фешенебельный район","dc":1,"n":606.85,"vc":"236722","sl":"Элитный","sv":"95","p":1.4E7,"q":96.1,"b":0.0,"ms":39.42,"wi":154.18,"ei":9.34,"as":2208.0,"mi":"E","mv":241,"sc":1,"lpe":60.58,"lpr":1.487071982E7,"lq":74.05,"d":2149998},{"pi":"370081","pc":"Автомобильные товары","ss":100000,"td":"Фешенебельный район","dc":1,"n":567.11,"vc":"196366","sl":"Элитный","sv":"20","p":2500000.0,"q":96.1,"b":0.0,"ms":10.05,"wi":15.97,"ei":4.53,"as":106.12,"mi":"E","mv":199,"sc":1,"lpe":89.95,"lpr":1416981.03,"lq":41.64,"d":3754938},{"pi":"370081","pc":"Автомобильные товары","ss":100000,"td":"Фешенебельный район","dc":1,"n":504.87,"vc":"160342","sl":"Элитный","sv":"300","p":3.5E7,"q":96.1,"b":0.0,"ms":27.47,"wi":166.72,"ei":9.88,"as":2625.25,"mi":"D","mv":1092,"sc":2,"lpe":49.63,"lpr":2.612344844E7,"lq":68.2,"d":11635600},{"pi":"370081","pc":"Автомобильные товары","ss":100000,"td":"Фешенебельный район","dc":2,"n":401.9,"vc":"59572","sl":"Элитный","sv":"250","p":3.0E7,"q":88.22,"b":4.49,"ms":22.89,"wi":166.72,"ei":9.88,"as":2625.25,"mi":"D","mv":1092,"sc":2,"lpe":49.63,"lpr":2.612344844E7,"lq":68.2,"d":11635600},{"pi":"370081","pc":"Автомобильные товары","ss":10000,"td":"Фешенебельный район","dc":1,"n":597.53,"vc":"27774","sl":"Элитный","sv":"30","p":7000000.0,"q":96.1,"b":0.0,"ms":10.95,"wi":62.14,"ei":7.68,"as":426.52,"mi":"E","mv":274,"sc":2,"lpe":85.4,"lpr":5237983.91,"lq":70.79,"d":3062821},{"pi":"370081","pc":"Автомобильные товары","ss":10000,"td":"Фешенебельный район","dc":3,"n":522.2,"vc":"15910","sl":"Очень высокий","sv":"10","p":4500000.0,"q":88.22,"b":4.72,"ms":3.65,"wi":62.14,"ei":7.68,"as":426.52,"mi":"E","mv":274,"sc":2,"lpe":85.4,"lpr":5237983.91,"lq":70.79,"d":3062821},{"pi":"370081","pc":"Автомобильные товары","ss":100000,"td":"Центр города","dc":1,"n":538.06,"vc":"607198","sl":"Очень высокий","sv":"27","p":7.5E7,"q":74.66,"b":4.95,"ms":10.19,"wi":194.76,"ei":9.63,"as":1210.0,"mi":"E","mv":265,"sc":1,"lpe":89.81,"lpr":1.831805544E7,"lq":1.91,"d":2958984},{"pi":"370081","pc":"Автомобильные товары","ss":100000,"td":"Фешенебельный район","dc":2,"n":463.09,"vc":"39088","sl":"Элитный","sv":"21","p":2500000.0,"q":88.19,"b":5.18,"ms":19.27,"wi":12.72,"ei":4.46,"as":75.02,"mi":"E","mv":109,"sc":1,"lpe":80.73,"lpr":71260.0,"lq":22.46,"d":2069637},{"pi":"370081","pc":"Автомобильные товары","ss":100000,"td":"Фешенебельный район","dc":2,"n":412.34,"vc":"46449","sl":"Элитный","sv":"50","p":500000.0,"q":88.22,"b":5.18,"ms":30.67,"wi":11.18,"ei":3.22,"as":72.09,"mi":"D","mv":163,"sc":2,"lpe":38.65,"lpr":2434606.44,"lq":64.51,"d":4289316},{"pi":"370081","pc":"Автомобильные товары","ss":100000,"td":"Фешенебельный район","dc":1,"n":570.83,"vc":"213218","sl":"Элитный","sv":"50","p":2400000.0,"q":96.1,"b":0.0,"ms":30.67,"wi":11.18,"ei":3.22,"as":72.09,"mi":"D","mv":163,"sc":2,"lpe":38.65,"lpr":2434606.44,"lq":64.51,"d":4289316},{"pi":"370081","pc":"Автомобильные товары","ss":100000,"td":"Центр города","dc":2,"n":356.94,"vc":"177873","sl":"Элитный","sv":"75","p":5000000.0,"q":88.22,"b":5.18,"ms":50.0,"wi":12.17,"ei":3.38,"as":78.09,"mi":"D","mv":150,"sc":1,"lpe":50.0,"lpr":2360346.1,"lq":15.77,"d":4031420},{"pi":"370081","pc":"Автомобильные товары","ss":100000,"td":"Фешенебельный район","dc":2,"n":451.74,"vc":"58533","sl":"Элитный","sv":"50","p":5000000.0,"q":88.22,"b":5.18,"ms":50.0,"wi":13.02,"ei":3.38,"as":74.23,"mi":"D","mv":100,"sc":1,"lpe":50.0,"lpr":2548556.99,"lq":22.65,"d":2813774},{"pi":"370081","pc":"Автомобильные товары","ss":100000,"td":"Центр города","dc":1,"n":430.72,"vc":"513780","sl":"Очень высокий","sv":"501","p":4750000.0,"q":87.94,"b":0.0,"ms":29.98,"wi":48.27,"ei":9.23,"as":380.0,"mi":"D","mv":1671,"sc":2,"lpe":40.1,"lpr":4621264.41,"lq":67.65,"d":11000140},{"pi":"370081","pc":"Автомобильные товары","ss":100000,"td":"Фешенебельный район","dc":1,"n":505.99,"vc":"158925","sl":"Элитный","sv":"500","p":7000000.0,"q":96.1,"b":4.0,"ms":29.92,"wi":48.27,"ei":9.23,"as":380.0,"mi":"D","mv":1671,"sc":2,"lpe":40.1,"lpr":4621264.41,"lq":67.65,"d":11000140},{"pi":"370081","pc":"Автомобильные товары","ss":100000,"td":"Фешенебельный район","dc":5,"n":529.6,"vc":"87176","sl":"Элитный","sv":"75","p":6000000.0,"q":88.22,"b":5.18,"ms":50.0,"wi":28.88,"ei":4.87,"as":148.66,"mi":"D","mv":150,"sc":1,"lpe":50.0,"lpr":686975.88,"lq":25.42,"d":1033961},{"pi":"370081","pc":"Автомобильные товары","ss":100000,"td":"Фешенебельный район","dc":3,"n":425.6,"vc":"36064","sl":"Элитный","sv":"10","p":1300000.0,"q":88.22,"b":1.87,"ms":10.42,"wi":7.82,"ei":3.43,"as":51.91,"mi":"E","mv":96,"sc":1,"lpe":89.58,"lpr":496637.0,"lq":16.37,"d":1446250},{"pi":"370081","pc":"Автомобильные товары","ss":100000,"td":"Фешенебельный район","dc":1,"n":635.94,"vc":"349908","sl":"Элитный","sv":"100","p":1.5E7,"q":96.1,"b":5.88,"ms":38.91,"wi":60.31,"ei":7.67,"as":446.7,"mi":"E","mv":257,"sc":2,"lpe":51.36,"lpr":1.305901461E7,"lq":30.52,"d":2952988},{"pi":"370081","pc":"Автомобильные товары","ss":100000,"td":"Центр города","dc":3,"n":451.2,"vc":"263210","sl":"Очень высокий","sv":"25","p":9000000.0,"q":88.22,"b":3.56,"ms":9.73,"wi":60.31,"ei":7.67,"as":446.7,"mi":"E","mv":257,"sc":2,"lpe":51.36,"lpr":1.305901461E7,"lq":30.52,"d":2952988},{"pi":"370081","pc":"Автомобильные товары","ss":100000,"td":"Фешенебельный район","dc":1,"n":657.1,"vc":"291768","sl":"Элитный","sv":"20","p":6000000.0,"q":96.1,"b":0.0,"ms":20.0,"wi":73.97,"ei":9.19,"as":573.99,"mi":"E","mv":100,"sc":2,"lpe":65.0,"lpr":4997957.7,"lq":68.55,"d":982368},{"pi":"370081","pc":"Автомобильные товары","ss":100000,"td":"Фешенебельный район","dc":2,"n":544.26,"vc":"65723","sl":"Нормальный","sv":"15","p":5000000.0,"q":88.22,"b":0.26,"ms":15.0,"wi":73.97,"ei":9.19,"as":573.99,"mi":"E","mv":100,"sc":2,"lpe":65.0,"lpr":4997957.7,"lq":68.55,"d":982368},{"pi":"370081","pc":"Автомобильные товары","ss":100000,"td":"Фешенебельный район","dc":1,"n":610.05,"vc":"304682","sl":"Элитный","sv":"113","p":5000000.0,"q":96.1,"b":0.0,"ms":65.32,"wi":43.74,"ei":9.29,"as":248.71,"mi":"D","mv":173,"sc":1,"lpe":34.68,"lpr":1318386.14,"lq":71.43,"d":4048917},{"pi":"370081","pc":"Автомобильные товары","ss":100000,"td":"Фешенебельный район","dc":1,"n":655.09,"vc":"318310","sl":"Элитный","sv":"10","p":5000000.0,"q":96.1,"b":5.87,"ms":7.87,"wi":35.37,"ei":10.77,"as":235.23,"mi":"E","mv":127,"sc":1,"lpe":92.13,"lpr":4162094.3,"lq":1.0,"d":1331318},{"pi":"370081","pc":"Автомобильные товары","ss":100000,"td":"Фешенебельный район","dc":2,"n":536.88,"vc":"38791","sl":"Элитный","sv":"10","p":1.0E7,"q":88.22,"b":4.7,"ms":20.0,"wi":86.27,"ei":7.92,"as":629.84,"mi":"E","mv":50,"sc":1,"lpe":80.0,"lpr":6100040.56,"lq":15.5,"d":266710},{"pi":"370081","pc":"Автомобильные товары","ss":100000,"td":"Фешенебельный район","dc":1,"n":681.45,"vc":"355767","sl":"Элитный","sv":"10","p":3200000.0,"q":96.1,"b":5.87,"ms":9.35,"wi":35.62,"ei":11.99,"as":261.73,"mi":"E","mv":107,"sc":1,"lpe":90.65,"lpr":2447074.19,"lq":1.0,"d":886846},{"pi":"370081","pc":"Автомобильные товары","ss":100000,"td":"Фешенебельный район","dc":2,"n":517.93,"vc":"85598","sl":"Элитный","sv":"101","p":3.0E7,"q":84.59,"b":4.7,"ms":100.0,"wi":109.66,"ei":9.0,"as":663.67,"mi":"AAA","mv":101,"sc":1,"lpe":0.0,"lpr":2533227.01,"lq":20.95,"d":1352330},{"pi":"370081","pc":"Автомобильные товары","ss":1000,"td":"Центр города","dc":1,"n":301.78,"vc":"3498","sl":"Высокий","sv":"7","p":5500000.0,"q":96.1,"b":5.61,"ms":6.93,"wi":43.5,"ei":12.02,"as":219.95,"mi":"E","mv":101,"sc":1,"lpe":93.07,"lpr":4631107.77,"lq":1.0,"d":1056994},{"pi":"370081","pc":"Автомобильные товары","ss":100000,"td":"Фешенебельный район","dc":1,"n":676.03,"vc":"342282","sl":"Элитный","sv":"50","p":9000000.0,"q":96.1,"b":0.0,"ms":26.18,"wi":131.02,"ei":10.25,"as":2441.4,"mi":"E","mv":191,"sc":1,"lpe":73.82,"lpr":4260946.15,"lq":65.26,"d":921618},{"pi":"370081","pc":"Автомобильные товары","ss":100000,"td":"Фешенебельный район","dc":2,"n":589.06,"vc":"104696","sl":"Элитный","sv":"10","p":2250000.0,"q":88.22,"b":4.54,"ms":9.9,"wi":18.09,"ei":3.99,"as":168.33,"mi":"E","mv":101,"sc":1,"lpe":90.1,"lpr":556554.24,"lq":6.81,"d":1085090},{"pi":"370081","pc":"Автомобильные товары","ss":100000,"td":"Фешенебельный район","dc":2,"n":611.22,"vc":"117094","sl":"Элитный","sv":"10","p":3500000.0,"q":88.22,"b":4.54,"ms":10.1,"wi":19.85,"ei":4.41,"as":215.52,"mi":"E","mv":99,"sc":1,"lpe":89.9,"lpr":429196.7,"lq":14.19,"d":812767},{"pi":"370081","pc":"Автомобильные товары","ss":100000,"td":"Фешенебельный район","dc":1,"n":674.11,"vc":"379755","sl":"Элитный","sv":"10","p":5000000.0,"q":96.1,"b":0.0,"ms":10.31,"wi":28.99,"ei":11.18,"as":110.57,"mi":"E","mv":97,"sc":1,"lpe":89.69,"lpr":4623555.81,"lq":47.52,"d":1307387},{"pi":"370081","pc":"Автомобильные товары","ss":100000,"td":"Фешенебельный район","dc":1,"n":639.4,"vc":"309052","sl":"Элитный","sv":"99","p":2.5E7,"q":96.1,"b":0.0,"ms":100.0,"wi":67.13,"ei":8.56,"as":483.67,"mi":"A","mv":99,"sc":1,"lpe":0.0,"lpr":3726546.17,"lq":30.97,"d":1883126},{"pi":"370081","pc":"Автомобильные товары","ss":10000,"td":"Фешенебельный район","dc":1,"n":645.61,"vc":"22056","sl":"Элитный","sv":"20","p":5000000.0,"q":96.1,"b":4.78,"ms":43.48,"wi":59.67,"ei":7.81,"as":544.37,"mi":"E","mv":46,"sc":1,"lpe":56.52,"lpr":3909175.46,"lq":58.32,"d":573980},{"pi":"370081","pc":"Автомобильные товары","ss":100000,"td":"Фешенебельный район","dc":1,"n":573.57,"vc":"221454","sl":"Элитный","sv":"100","p":2.1E7,"q":96.1,"b":4.34,"ms":54.64,"wi":57.37,"ei":10.06,"as":176.05,"mi":"D","mv":183,"sc":1,"lpe":45.36,"lpr":1.55931919E7,"lq":73.9,"d":4433298},{"pi":"370081","pc":"Автомобильные товары","ss":100000,"td":"Фешенебельный район","dc":1,"n":586.85,"vc":"272774","sl":"Элитный","sv":"100","p":9000000.0,"q":96.1,"b":4.34,"ms":17.89,"wi":65.33,"ei":8.99,"as":361.0,"mi":"E","mv":559,"sc":1,"lpe":82.11,"lpr":6031901.03,"lq":73.82,"d":5583100},{"pi":"370081","pc":"Автомобильные товары","ss":100000,"td":"Фешенебельный район","dc":1,"n":666.4,"vc":"431638","sl":"Элитный","sv":"40","p":3500000.0,"q":96.1,"b":0.0,"ms":19.14,"wi":29.53,"ei":6.49,"as":242.55,"mi":"E","mv":209,"sc":2,"lpe":68.9,"lpr":2133238.5,"lq":44.83,"d":2329386},{"pi":"370081","pc":"Автомобильные товары","ss":100000,"td":"Фешенебельный район","dc":3,"n":569.84,"vc":"113709","sl":"Элитный","sv":"25","p":4500000.0,"q":88.22,"b":5.14,"ms":11.96,"wi":29.53,"ei":6.49,"as":242.55,"mi":"E","mv":209,"sc":2,"lpe":68.9,"lpr":2133238.5,"lq":44.83,"d":2329386},{"pi":"370081","pc":"Автомобильные товары","ss":100000,"td":"Фешенебельный район","dc":1,"n":567.9,"vc":"182619","sl":"Элитный","sv":"100","p":2.8E7,"q":96.1,"b":0.0,"ms":36.63,"wi":171.48,"ei":10.04,"as":2283.46,"mi":"D","mv":273,"sc":3,"lpe":26.37,"lpr":2.891096636E7,"lq":67.73,"d":2986744},{"pi":"370081","pc":"Автомобильные товары","ss":100000,"td":"Фешенебельный район","dc":1,"n":447.87,"vc":"57588","sl":"Элитный","sv":"100","p":2.5E7,"q":88.22,"b":5.06,"ms":36.63,"wi":171.48,"ei":10.04,"as":2283.46,"mi":"D","mv":273,"sc":3,"lpe":26.37,"lpr":2.891096636E7,"lq":67.73,"d":2986744},{"pi":"370081","pc":"Автомобильные товары","ss":300000,"td":"Фешенебельный район","dc":9,"n":497.37,"vc":"140384","sl":"Элитный","sv":"1","p":1.151350396E7,"q":66.18,"b":0.0,"ms":0.37,"wi":171.48,"ei":10.04,"as":2283.46,"mi":"D","mv":273,"sc":3,"lpe":26.37,"lpr":2.891096636E7,"lq":67.73,"d":2986744},{"pi":"370081","pc":"Автомобильные товары","ss":130000,"td":"Фешенебельный район","dc":2,"n":689.38,"vc":"394605","sl":"Очень высокий","sv":"5","p":1000000.0,"q":96.1,"b":0.0,"ms":15.63,"wi":7.22,"ei":7.58,"as":70.94,"mi":"E","mv":32,"sc":1,"lpe":84.38,"lpr":427931.67,"lq":14.14,"d":410022},{"pi":"370081","pc":"Автомобильные товары","ss":300000,"td":"Фешенебельный район","dc":10,"n":536.81,"vc":"181132","sl":"Очень высокий","sv":"20","p":5.9885424E7,"q":66.23,"b":0.0,"ms":18.02,"wi":125.88,"ei":10.29,"as":1744.48,"mi":"E","mv":111,"sc":1,"lpe":81.98,"lpr":1.580116303E7,"lq":16.61,"d":2094907},{"pi":"370081","pc":"Автомобильные товары","ss":100000,"td":"Фешенебельный район","dc":2,"n":659.63,"vc":"227902","sl":"Очень высокий","sv":"3","p":1000000.0,"q":96.1,"b":0.0,"ms":11.54,"wi":8.09,"ei":8.18,"as":81.65,"mi":"E","mv":26,"sc":1,"lpe":88.46,"lpr":733180.87,"lq":24.33,"d":452392},{"pi":"370081","pc":"Автомобильные товары","ss":100000,"td":"Фешенебельный район","dc":2,"n":554.02,"vc":"87907","sl":"Элитный","sv":"10","p":2750000.0,"q":88.22,"b":4.54,"ms":10.1,"wi":20.95,"ei":4.83,"as":281.32,"mi":"E","mv":99,"sc":1,"lpe":89.9,"lpr":881039.2,"lq":29.03,"d":1724600},{"pi":"370081","pc":"Автомобильные товары","ss":100000,"td":"Фешенебельный район","dc":1,"n":601.73,"vc":"213345","sl":"Элитный","sv":"70","p":2.1E7,"q":96.1,"b":0.0,"ms":39.77,"wi":172.43,"ei":9.83,"as":2165.58,"mi":"E","mv":176,"sc":1,"lpe":60.23,"lpr":1.7576909E7,"lq":74.02,"d":1838430},{"pi":"370081","pc":"Автомобильные товары","ss":100000,"td":"Фешенебельный район","dc":2,"n":679.27,"vc":"406990","sl":"Очень высокий","sv":"10","p":4200000.0,"q":96.1,"b":0.0,"ms":10.1,"wi":15.36,"ei":8.17,"as":100.19,"mi":"E","mv":99,"sc":1,"lpe":89.9,"lpr":2136150.54,"lq":55.17,"d":1382690},{"pi":"370081","pc":"Автомобильные товары","ss":100000,"td":"Фешенебельный район","dc":1,"n":622.37,"vc":"250041","sl":"Элитный","sv":"140","p":4400000.0,"q":96.1,"b":0.0,"ms":52.63,"wi":179.63,"ei":10.34,"as":2350.25,"mi":"D","mv":266,"sc":1,"lpe":47.37,"lpr":9185928.92,"lq":73.83,"d":1641016},{"pi":"370081","pc":"Автомобильные товары","ss":100000,"td":"Фешенебельный район","dc":1,"n":678.72,"vc":"322330","sl":"Элитный","sv":"30","p":3500000.0,"q":96.1,"b":4.34,"ms":23.62,"wi":30.44,"ei":9.91,"as":236.21,"mi":"E","mv":127,"sc":1,"lpe":76.38,"lpr":1789861.79,"lq":48.92,"d":721000},{"pi":"370081","pc":"Автомобильные товары","ss":100000,"td":"Фешенебельный район","dc":1,"n":683.58,"vc":"344949","sl":"Элитный","sv":"20","p":9000000.0,"q":96.1,"b":4.34,"ms":19.61,"wi":41.15,"ei":10.19,"as":294.5,"mi":"E","mv":102,"sc":1,"lpe":80.39,"lpr":4474569.11,"lq":61.51,"d":765700},{"pi":"370081","pc":"Автомобильные товары","ss":100000,"td":"Фешенебельный район","dc":1,"n":667.22,"vc":"348530","sl":"Элитный","sv":"50","p":3500000.0,"q":96.1,"b":4.34,"ms":35.97,"wi":38.12,"ei":9.89,"as":297.83,"mi":"E","mv":139,"sc":1,"lpe":64.03,"lpr":2391353.56,"lq":60.42,"d":1236300},{"pi":"370081","pc":"Автомобильные товары","ss":100000,"td":"Фешенебельный район","dc":1,"n":639.55,"vc":"369168","sl":"Элитный","sv":"20","p":4800000.0,"q":96.1,"b":0.0,"ms":11.9,"wi":38.01,"ei":5.15,"as":305.32,"mi":"E","mv":168,"sc":2,"lpe":82.14,"lpr":3733760.69,"lq":22.1,"d":3116182},{"pi":"370081","pc":"Автомобильные товары","ss":100000,"td":"Фешенебельный район","dc":2,"n":547.97,"vc":"102024","sl":"Элитный","sv":"10","p":5000000.0,"q":88.22,"b":4.54,"ms":5.95,"wi":38.01,"ei":5.15,"as":305.32,"mi":"E","mv":168,"sc":2,"lpe":82.14,"lpr":3733760.69,"lq":22.1,"d":3116182},{"pi":"370081","pc":"Автомобильные товары","ss":100000,"td":"Фешенебельный район","dc":1,"n":648.77,"vc":"387039","sl":"Элитный","sv":"40","p":4700000.0,"q":96.1,"b":0.0,"ms":25.81,"wi":39.6,"ei":4.94,"as":318.79,"mi":"E","mv":155,"sc":2,"lpe":67.74,"lpr":3653325.68,"lq":22.64,"d":2768631},{"pi":"370081","pc":"Автомобильные товары","ss":100000,"td":"Фешенебельный район","dc":2,"n":556.83,"vc":"106590","sl":"Элитный","sv":"10","p":4500000.0,"q":88.22,"b":4.54,"ms":6.45,"wi":39.6,"ei":4.94,"as":318.79,"mi":"E","mv":155,"sc":2,"lpe":67.74,"lpr":3653325.68,"lq":22.64,"d":2768631},{"pi":"370081","pc":"Автомобильные товары","ss":100000,"td":"Фешенебельный район","dc":1,"n":655.78,"vc":"263800","sl":"Элитный","sv":"22","p":6000000.0,"q":96.1,"b":0.0,"ms":9.17,"wi":62.3,"ei":8.39,"as":427.4,"mi":"E","mv":240,"sc":2,"lpe":86.25,"lpr":248208.48,"lq":57.42,"d":763752},{"pi":"370081","pc":"Автомобильные товары","ss":100000,"td":"Фешенебельный район","dc":1,"n":492.77,"vc":"55024","sl":"Элитный","sv":"11","p":1.0E7,"q":82.53,"b":3.29,"ms":4.58,"wi":62.3,"ei":8.39,"as":427.4,"mi":"E","mv":240,"sc":2,"lpe":86.25,"lpr":248208.48,"lq":57.42,"d":763752},{"pi":"370081","pc":"Автомобильные товары","ss":100000,"td":"Фешенебельный район","dc":2,"n":664.11,"vc":"267478","sl":"Очень высокий","sv":"60","p":5000000.0,"q":96.1,"b":0.0,"ms":44.78,"wi":66.62,"ei":7.95,"as":493.05,"mi":"E","mv":134,"sc":1,"lpe":55.22,"lpr":2061857.32,"lq":53.85,"d":632057},{"pi":"370081","pc":"Автомобильные товары","ss":100000,"td":"Фешенебельный район","dc":1,"n":629.57,"vc":"135683","sl":"Элитный","sv":"30","p":4900000.0,"q":96.1,"b":0.0,"ms":12.93,"wi":59.42,"ei":8.65,"as":472.08,"mi":"E","mv":232,"sc":1,"lpe":87.07,"lpr":3789568.36,"lq":73.95,"d":747777},{"pi":"370081","pc":"Автомобильные товары","ss":100000,"td":"Фешенебельный район","dc":1,"n":682.16,"vc":"308361","sl":"Элитный","sv":"30","p":9000000.0,"q":96.1,"b":0.0,"ms":30.61,"wi":74.7,"ei":8.57,"as":440.17,"mi":"E","mv":98,"sc":1,"lpe":69.39,"lpr":6955201.75,"lq":22.46,"d":577936},{"pi":"370081","pc":"Автомобильные товары","ss":100000,"td":"Фешенебельный район","dc":2,"n":676.56,"vc":"183100","sl":"Элитный","sv":"15","p":1200000.0,"q":101.91,"b":0.0,"ms":46.88,"wi":38.42,"ei":8.23,"as":427.39,"mi":"E","mv":32,"sc":1,"lpe":53.13,"lpr":45705.18,"lq":90.24,"d":168951},{"pi":"370081","pc":"Автомобильные товары","ss":100000,"td":"Фешенебельный район","dc":1,"n":668.04,"vc":"283010","sl":"Элитный","sv":"20","p":4500000.0,"q":96.1,"b":0.0,"ms":9.66,"wi":84.39,"ei":9.0,"as":559.14,"mi":"E","mv":207,"sc":1,"lpe":90.34,"lpr":3863283.47,"lq":1.0,"d":666717},{"pi":"370081","pc":"Автомобильные товары","ss":100000,"td":"Центр города","dc":1,"n":443.01,"vc":"247941","sl":"Элитный","sv":"10","p":2.5E7,"q":88.22,"b":3.29,"ms":10.1,"wi":69.95,"ei":8.74,"as":537.58,"mi":"E","mv":99,"sc":1,"lpe":89.9,"lpr":1.242630392E7,"lq":44.49,"d":978886},{"pi":"370081","pc":"Автомобильные товары","ss":100000,"td":"Фешенебельный район","dc":1,"n":675.9,"vc":"350068","sl":"Элитный","sv":"20","p":1.9E7,"q":96.1,"b":0.0,"ms":20.2,"wi":81.87,"ei":13.22,"as":341.21,"mi":"E","mv":99,"sc":2,"lpe":69.7,"lpr":1.267115867E7,"lq":42.41,"d":986148},{"pi":"370081","pc":"Автомобильные товары","ss":100000,"td":"Фешенебельный район","dc":1,"n":461.41,"vc":"44505","sl":"Элитный","sv":"10","p":5.0E7,"q":88.22,"b":3.29,"ms":10.1,"wi":81.87,"ei":13.22,"as":341.21,"mi":"E","mv":99,"sc":2,"lpe":69.7,"lpr":1.267115867E7,"lq":42.41,"d":986148},{"pi":"370081","pc":"Автомобильные товары","ss":100000,"td":"Фешенебельный район","dc":1,"n":619.72,"vc":"262202","sl":"Элитный","sv":"70","p":4000000.0,"q":96.1,"b":0.0,"ms":9.82,"wi":87.03,"ei":9.63,"as":463.94,"mi":"E","mv":713,"sc":1,"lpe":90.18,"lpr":3622329.09,"lq":2.63,"d":2021694},{"pi":"370081","pc":"Автомобильные товары","ss":100000,"td":"Центр города","dc":1,"n":434.64,"vc":"167050","sl":"Элитный","sv":"72","p":5340000.0,"q":21.06,"b":0.0,"ms":37.89,"wi":62.59,"ei":7.65,"as":519.76,"mi":"E","mv":190,"sc":1,"lpe":62.11,"lpr":420218.54,"lq":15.36,"d":1269608},{"pi":"370081","pc":"Автомобильные товары","ss":10000,"td":"Фешенебельный район","dc":1,"n":651.19,"vc":"19596","sl":"Элитный","sv":"3","p":3200000.0,"q":96.1,"b":0.0,"ms":10.71,"wi":20.7,"ei":12.94,"as":195.48,"mi":"E","mv":28,"sc":1,"lpe":89.29,"lpr":1660264.78,"lq":46.23,"d":421550},{"pi":"370081","pc":"Автомобильные товары","ss":100000,"td":"Фешенебельный район","dc":2,"n":673.48,"vc":"271954","sl":"Очень высокий","sv":"30","p":550000.0,"q":96.1,"b":0.0,"ms":78.95,"wi":6.79,"ei":6.24,"as":44.87,"mi":"D","mv":38,"sc":1,"lpe":21.05,"lpr":477231.71,"lq":15.69,"d":512400},{"pi":"370081","pc":"Автомобильные товары","ss":100000,"td":"Центр города","dc":1,"n":497.77,"vc":"250472","sl":"Элитный","sv":"9","p":3.5E7,"q":74.66,"b":6.0,"ms":9.09,"wi":57.75,"ei":13.23,"as":229.8,"mi":"E","mv":99,"sc":1,"lpe":90.91,"lpr":8491956.17,"lq":1.0,"d":1249711},{"pi":"370081","pc":"Автомобильные товары","ss":100000,"td":"Фешенебельный район","dc":3,"n":540.11,"vc":"41383","sl":"Элитный","sv":"15","p":1500000.0,"q":88.22,"b":5.8,"ms":25.0,"wi":10.58,"ei":2.56,"as":108.64,"mi":"E","mv":60,"sc":1,"lpe":75.0,"lpr":383188.81,"lq":12.43,"d":293578},{"pi":"370081","pc":"Автомобильные товары","ss":1000,"td":"Фешенебельный район","dc":1,"n":591.91,"vc":"1496","sl":"Элитный","sv":"7","p":5500000.0,"q":96.1,"b":0.0,"ms":7.07,"wi":54.47,"ei":12.32,"as":330.1,"mi":"E","mv":99,"sc":1,"lpe":92.93,"lpr":5633596.91,"lq":1.0,"d":627060},{"pi":"370081","pc":"Автомобильные товары","ss":100000,"td":"Фешенебельный район","dc":2,"n":544.48,"vc":"42282","sl":"Элитный","sv":"15","p":1000000.0,"q":88.22,"b":5.8,"ms":26.79,"wi":10.46,"ei":2.52,"as":116.6,"mi":"E","mv":56,"sc":1,"lpe":73.21,"lpr":385975.44,"lq":12.66,"d":276852},{"pi":"370081","pc":"Автомобильные товары","ss":100000,"td":"Фешенебельный район","dc":1,"n":679.24,"vc":"309497","sl":"Элитный","sv":"30","p":2000000.0,"q":96.1,"b":0.0,"ms":20.41,"wi":10.72,"ei":3.3,"as":64.26,"mi":"E","mv":147,"sc":1,"lpe":79.59,"lpr":470310.77,"lq":15.37,"d":2015710},{"pi":"370081","pc":"Автомобильные товары","ss":100000,"td":"Фешенебельный район","dc":3,"n":494.33,"vc":"47326","sl":"Элитный","sv":"10","p":5000000.0,"q":88.22,"b":4.81,"ms":10.1,"wi":26.86,"ei":9.58,"as":172.29,"mi":"E","mv":99,"sc":1,"lpe":89.9,"lpr":1840651.13,"lq":41.31,"d":603924},{"pi":"370081","pc":"Автомобильные товары","ss":10000,"td":"Фешенебельный район","dc":1,"n":636.02,"vc":"20745","sl":"Элитный","sv":"20","p":2500000.0,"q":96.1,"b":0.0,"ms":10.31,"wi":38.53,"ei":11.77,"as":195.48,"mi":"E","mv":194,"sc":1,"lpe":89.69,"lpr":1672978.77,"lq":47.04,"d":589980},{"pi":"370081","pc":"Автомобильные товары","ss":100000,"td":"Фешенебельный район","dc":1,"n":455.22,"vc":"41342","sl":"Элитный","sv":"10","p":5000000.0,"q":96.1,"b":0.0,"ms":10.0,"wi":85.73,"ei":9.58,"as":1016.36,"mi":"E","mv":100,"sc":1,"lpe":90.0,"lpr":6683575.1,"lq":73.49,"d":1011575},{"pi":"370081","pc":"Автомобильные товары","ss":100000,"td":"Фешенебельный район","dc":1,"n":680.13,"vc":"239384","sl":"Элитный","sv":"38","p":1.2E7,"q":96.1,"b":0.0,"ms":36.19,"wi":119.43,"ei":9.61,"as":1300.02,"mi":"E","mv":105,"sc":1,"lpe":63.81,"lpr":9775999.45,"lq":24.85,"d":944174},{"pi":"370081","pc":"Автомобильные товары","ss":100000,"td":"Фешенебельный район","dc":2,"n":475.36,"vc":"53991","sl":"Элитный","sv":"98","p":1.5E7,"q":81.89,"b":4.88,"ms":100.0,"wi":149.8,"ei":10.5,"as":2028.6,"mi":"AAA","mv":98,"sc":1,"lpe":0.0,"lpr":8196506.62,"lq":7.68,"d":1167470},{"pi":"370081","pc":"Автомобильные товары","ss":300000,"td":"Центр города","dc":2,"n":679.42,"vc":"6034827","sl":"Низкий","sv":"60","p":4500000.0,"q":96.1,"b":0.0,"ms":37.04,"wi":44.31,"ei":4.76,"as":246.76,"mi":"E","mv":162,"sc":1,"lpe":62.96,"lpr":3165935.61,"lq":73.46,"d":1300000},{"pi":"370081","pc":"Автомобильные товары","ss":10000,"td":"Центр города","dc":2,"n":332.3,"vc":"5766","sl":"Элитный","sv":"10","p":3089999.0,"q":24.08,"b":0.0,"ms":19.61,"wi":34.18,"ei":9.16,"as":412.47,"mi":"E","mv":51,"sc":1,"lpe":80.39,"lpr":2928863.59,"lq":13.05,"d":131326},{"pi":"370081","pc":"Автомобильные товары","ss":100000,"td":"Фешенебельный район","dc":1,"n":550.79,"vc":"165390","sl":"Элитный","sv":"20","p":7500000.0,"q":96.1,"b":0.0,"ms":7.09,"wi":47.73,"ei":6.08,"as":289.96,"mi":"E","mv":282,"sc":1,"lpe":92.91,"lpr":5187537.56,"lq":1.0,"d":3600000},{"pi":"370081","pc":"Автомобильные товары","ss":100000,"td":"Фешенебельный район","dc":1,"n":644.2,"vc":"208180","sl":"Элитный","sv":"20","p":4000000.0,"q":96.1,"b":0.0,"ms":8.7,"wi":41.13,"ei":3.97,"as":235.11,"mi":"E","mv":230,"sc":1,"lpe":91.3,"lpr":3248163.42,"lq":1.0,"d":1700000},{"pi":"370081","pc":"Автомобильные товары","ss":100000,"td":"Фешенебельный район","dc":2,"n":613.56,"vc":"151028","sl":"Элитный","sv":"10","p":2500000.0,"q":88.22,"b":5.19,"ms":10.1,"wi":25.7,"ei":4.85,"as":333.07,"mi":"E","mv":99,"sc":1,"lpe":89.9,"lpr":873318.6,"lq":15.31,"d":1576916},{"pi":"370081","pc":"Автомобильные товары","ss":100000,"td":"Фешенебельный район","dc":1,"n":679.3,"vc":"461152","sl":"Очень высокий","sv":"40","p":1.0E7,"q":96.1,"b":0.0,"ms":40.82,"wi":24.79,"ei":9.26,"as":119.81,"mi":"D","mv":98,"sc":2,"lpe":48.98,"lpr":7278719.33,"lq":43.93,"d":1974278},{"pi":"370081","pc":"Автомобильные товары","ss":100000,"td":"Центр города","dc":2,"n":440.69,"vc":"206652","sl":"Элитный","sv":"10","p":4500000.0,"q":88.22,"b":3.83,"ms":10.2,"wi":24.79,"ei":9.26,"as":119.81,"mi":"D","mv":98,"sc":2,"lpe":48.98,"lpr":7278719.33,"lq":43.93,"d":1974278},{"pi":"370081","pc":"Автомобильные товары","ss":100000,"td":"Фешенебельный район","dc":1,"n":669.29,"vc":"294788","sl":"Элитный","sv":"110","p":6000000.0,"q":96.1,"b":0.0,"ms":23.86,"wi":166.17,"ei":10.12,"as":2341.42,"mi":"E","mv":461,"sc":1,"lpe":76.14,"lpr":3339639.83,"lq":72.61,"d":723722},{"pi":"370081","pc":"Автомобильные товары","ss":10000,"td":"Фешенебельный район","dc":1,"n":675.96,"vc":"33782","sl":"Очень высокий","sv":"50","p":2000000.0,"q":96.1,"b":0.0,"ms":48.08,"wi":14.65,"ei":6.54,"as":79.26,"mi":"E","mv":104,"sc":1,"lpe":51.92,"lpr":950368.58,"lq":31.31,"d":1021814},{"pi":"370081","pc":"Автомобильные товары","ss":100000,"td":"Фешенебельный район","dc":1,"n":661.32,"vc":"162368","sl":"Элитный","sv":"15","p":900000.0,"q":96.1,"b":0.0,"ms":15.15,"wi":64.83,"ei":9.54,"as":1256.81,"mi":"E","mv":99,"sc":1,"lpe":84.85,"lpr":979066.04,"lq":37.08,"d":229028},{"pi":"370081","pc":"Автомобильные товары","ss":140000,"td":"Фешенебельный район","dc":3,"n":680.06,"vc":"406940","sl":"Очень высокий","sv":"7","p":4000000.0,"q":96.1,"b":0.0,"ms":7.07,"wi":15.13,"ei":7.39,"as":79.72,"mi":"E","mv":99,"sc":1,"lpe":92.93,"lpr":2751829.11,"lq":1.0,"d":1459242},{"pi":"370081","pc":"Автомобильные товары","ss":100000,"td":"Фешенебельный район","dc":1,"n":569.15,"vc":"144418","sl":"Элитный","sv":"55","p":2.4E7,"q":102.5,"b":0.0,"ms":23.61,"wi":51.27,"ei":6.64,"as":370.86,"mi":"E","mv":233,"sc":1,"lpe":76.39,"lpr":878459.94,"lq":81.87,"d":4700000},{"pi":"370081","pc":"Автомобильные товары","ss":100000,"td":"Фешенебельный район","dc":1,"n":627.76,"vc":"348178","sl":"Элитный","sv":"100","p":5.5E7,"q":96.1,"b":0.0,"ms":50.25,"wi":187.03,"ei":10.4,"as":1951.81,"mi":"D","mv":199,"sc":1,"lpe":49.75,"lpr":4.574956803E7,"lq":49.41,"d":3644912},{"pi":"370081","pc":"Автомобильные товары","ss":100000,"td":"Фешенебельный район","dc":1,"n":611.55,"vc":"285782","sl":"Элитный","sv":"100","p":1.1E7,"q":96.1,"b":0.0,"ms":42.37,"wi":67.25,"ei":7.32,"as":515.94,"mi":"E","mv":236,"sc":2,"lpe":53.39,"lpr":1.199992279E7,"lq":61.35,"d":3236177},{"pi":"370081","pc":"Автомобильные товары","ss":100000,"td":"Фешенебельный район","dc":2,"n":569.82,"vc":"127550","sl":"Элитный","sv":"10","p":6000000.0,"q":88.22,"b":5.19,"ms":4.24,"wi":67.25,"ei":7.32,"as":515.94,"mi":"E","mv":236,"sc":2,"lpe":53.39,"lpr":1.199992279E7,"lq":61.35,"d":3236177},{"pi":"370081","pc":"Автомобильные товары","ss":100000,"td":"Фешенебельный район","dc":1,"n":665.82,"vc":"178528","sl":"Элитный","sv":"25","p":5000000.0,"q":96.1,"b":0.0,"ms":12.76,"wi":63.23,"ei":7.28,"as":458.84,"mi":"E","mv":196,"sc":1,"lpe":87.24,"lpr":3649613.27,"lq":73.9,"d":605030},{"pi":"370081","pc":"Автомобильные товары","ss":100000,"td":"Фешенебельный район","dc":1,"n":680.1,"vc":"392074","sl":"Элитный","sv":"50","p":7000000.0,"q":96.1,"b":4.87,"ms":35.46,"wi":39.52,"ei":9.92,"as":332.5,"mi":"E","mv":141,"sc":1,"lpe":64.54,"lpr":4033617.62,"lq":73.96,"d":1214800},{"pi":"370081","pc":"Автомобильные товары","ss":100000,"td":"Фешенебельный район","dc":1,"n":598.09,"vc":"223263","sl":"Элитный","sv":"100","p":4500000.0,"q":96.1,"b":4.87,"ms":27.03,"wi":50.78,"ei":10.72,"as":342.0,"mi":"E","mv":370,"sc":1,"lpe":72.97,"lpr":3309539.14,"lq":73.98,"d":2313300},{"pi":"370081","pc":"Автомобильные товары","ss":100000,"td":"Фешенебельный район","dc":1,"n":574.7,"vc":"273262","sl":"Элитный","sv":"60","p":7500000.0,"q":96.1,"b":5.09,"ms":10.1,"wi":67.81,"ei":5.0,"as":684.87,"mi":"E","mv":594,"sc":1,"lpe":89.9,"lpr":5582372.4,"lq":23.22,"d":7837160},{"pi":"370081","pc":"Автомобильные товары","ss":100000,"td":"Фешенебельный район","dc":3,"n":538.07,"vc":"58508","sl":"Элитный","sv":"1","p":2500000.0,"q":77.95,"b":5.09,"ms":2.63,"wi":14.52,"ei":3.4,"as":237.01,"mi":"E","mv":38,"sc":1,"lpe":97.37,"lpr":50320.8,"lq":10.86,"d":262230},{"pi":"370081","pc":"Автомобильные товары","ss":100000,"td":"Фешенебельный район","dc":2,"n":575.44,"vc":"97788","sl":"Элитный","sv":"17","p":1500000.0,"q":87.7,"b":4.84,"ms":13.93,"wi":25.72,"ei":5.0,"as":285.87,"mi":"E","mv":122,"sc":1,"lpe":86.07,"lpr":64810.22,"lq":18.15,"d":1297937},{"pi":"370081","pc":"Автомобильные товары","ss":100000,"td":"Фешенебельный район","dc":1,"n":652.46,"vc":"231138","sl":"Элитный","sv":"10","p":3000000.0,"q":96.1,"b":0.0,"ms":11.9,"wi":45.07,"ei":9.39,"as":389.87,"mi":"E","mv":84,"sc":1,"lpe":88.1,"lpr":2612290.09,"lq":64.18,"d":573591},{"pi":"370081","pc":"Автомобильные товары","ss":100000,"td":"Фешенебельный район","dc":2,"n":496.47,"vc":"48195","sl":"Элитный","sv":"19","p":1500000.0,"q":87.82,"b":4.84,"ms":16.1,"wi":27.42,"ei":5.25,"as":333.2,"mi":"E","mv":118,"sc":1,"lpe":83.9,"lpr":67926.47,"lq":17.3,"d":1504920},{"pi":"370081","pc":"Автомобильные товары","ss":100000,"td":"Фешенебельный район","dc":1,"n":554.73,"vc":"108359","sl":"Элитный","sv":"120","p":3000000.0,"q":96.1,"b":0.0,"ms":47.62,"wi":62.33,"ei":7.52,"as":436.57,"mi":"E","mv":252,"sc":1,"lpe":52.38,"lpr":5759108.53,"lq":74.04,"d":3073976},{"pi":"370081","pc":"Автомобильные товары","ss":100000,"td":"Фешенебельный район","dc":2,"n":432.35,"vc":"23605","sl":"Элитный","sv":"14","p":1500000.0,"q":87.68,"b":4.84,"ms":13.59,"wi":25.7,"ei":5.63,"as":284.51,"mi":"E","mv":103,"sc":1,"lpe":86.41,"lpr":91319.08,"lq":15.51,"d":1284518},{"pi":"370081","pc":"Автомобильные товары","ss":100000,"td":"Фешенебельный район","dc":3,"n":548.15,"vc":"61484","sl":"Элитный","sv":"1","p":3000000.0,"q":81.06,"b":5.09,"ms":2.63,"wi":15.99,"ei":3.77,"as":279.03,"mi":"E","mv":38,"sc":1,"lpe":97.37,"lpr":60158.5,"lq":20.58,"d":229041},{"pi":"370081","pc":"Автомобильные товары","ss":100000,"td":"Фешенебельный район","dc":3,"n":546.58,"vc":"61008","sl":"Элитный","sv":"2","p":2500000.0,"q":76.22,"b":5.09,"ms":5.71,"wi":14.03,"ei":3.29,"as":240.74,"mi":"E","mv":35,"sc":1,"lpe":94.29,"lpr":50524.06,"lq":10.35,"d":233924},{"pi":"370081","pc":"Автомобильные товары","ss":100000,"td":"Фешенебельный район","dc":3,"n":552.95,"vc":"62958","sl":"Элитный","sv":"8","p":2500000.0,"q":78.98,"b":5.09,"ms":25.0,"wi":22.46,"ei":3.32,"as":227.14,"mi":"E","mv":32,"sc":1,"lpe":75.0,"lpr":60224.85,"lq":38.09,"d":219565},{"pi":"370081","pc":"Автомобильные товары","ss":100000,"td":"Фешенебельный район","dc":1,"n":674.02,"vc":"340485","sl":"Элитный","sv":"85","p":7000000.0,"q":96.1,"b":0.0,"ms":28.33,"wi":182.17,"ei":9.94,"as":1758.03,"mi":"E","mv":300,"sc":1,"lpe":71.67,"lpr":7800400.07,"lq":73.99,"d":959467},{"pi":"370081","pc":"Автомобильные товары","ss":100000,"td":"Фешенебельный район","dc":1,"n":525.44,"vc":"179398","sl":"Элитный","sv":"30","p":7500000.0,"q":96.1,"b":0.0,"ms":8.31,"wi":27.62,"ei":6.85,"as":110.71,"mi":"E","mv":361,"sc":1,"lpe":91.69,"lpr":5599001.43,"lq":1.0,"d":9113688},{"pi":"370081","pc":"Автомобильные товары","ss":100000,"td":"Фешенебельный район","dc":1,"n":614.93,"vc":"335056","sl":"Элитный","sv":"20","p":2.0E7,"q":96.1,"b":0.0,"ms":15.15,"wi":24.25,"ei":10.6,"as":108.15,"mi":"E","mv":132,"sc":1,"lpe":84.85,"lpr":1.367427715E7,"lq":31.07,"d":4645810},{"pi":"370081","pc":"Автомобильные товары","ss":300000,"td":"Центр города","dc":2,"n":484.58,"vc":"1794342","sl":"Высокий","sv":"250","p":5000000.0,"q":88.22,"b":3.3,"ms":32.3,"wi":77.84,"ei":9.4,"as":711.83,"mi":"D","mv":774,"sc":3,"lpe":36.82,"lpr":2548812.52,"lq":32.33,"d":8555500},{"pi":"370081","pc":"Автомобильные товары","ss":100000,"td":"Центр города","dc":1,"n":428.2,"vc":"459268","sl":"Очень высокий","sv":"218","p":3000000.0,"q":87.94,"b":0.0,"ms":28.17,"wi":77.84,"ei":9.4,"as":711.83,"mi":"D","mv":774,"sc":3,"lpe":36.82,"lpr":2548812.52,"lq":32.33,"d":8555500},{"pi":"370081","pc":"Автомобильные товары","ss":200000,"td":"Фешенебельный район","dc":1,"n":435.51,"vc":"89650","sl":"Элитный","sv":"21","p":7.712E7,"q":61.64,"b":0.0,"ms":2.71,"wi":77.84,"ei":9.4,"as":711.83,"mi":"D","mv":774,"sc":3,"lpe":36.82,"lpr":2548812.52,"lq":32.33,"d":8555500},{"pi":"370081","pc":"Автомобильные товары","ss":100000,"td":"Фешенебельный район","dc":4,"n":286.53,"vc":"6593","sl":"Элитный","sv":"75","p":2.0E7,"q":88.22,"b":3.3,"ms":64.1,"wi":81.08,"ei":10.28,"as":520.63,"mi":"D","mv":117,"sc":1,"lpe":35.9,"lpr":1.4393753E7,"lq":15.58,"d":1637234},{"pi":"370081","pc":"Автомобильные товары","ss":100000,"td":"Фешенебельный район","dc":1,"n":471.74,"vc":"53078","sl":"Элитный","sv":"50","p":5000000.0,"q":88.22,"b":4.55,"ms":50.0,"wi":116.79,"ei":9.79,"as":1808.05,"mi":"D","mv":100,"sc":1,"lpe":50.0,"lpr":1.40263369E7,"lq":61.78,"d":1228032},{"pi":"370081","pc":"Автомобильные товары","ss":100000,"td":"Фешенебельный район","dc":1,"n":447.99,"vc":"47502","sl":"Элитный","sv":"50","p":2.5E7,"q":88.22,"b":4.55,"ms":50.0,"wi":124.59,"ei":9.54,"as":1713.73,"mi":"D","mv":100,"sc":1,"lpe":50.0,"lpr":1.945851415E7,"lq":53.04,"d":1717617},{"pi":"370081","pc":"Автомобильные товары","ss":100000,"td":"Фешенебельный район","dc":1,"n":684.44,"vc":"444532","sl":"Элитный","sv":"76","p":1.35E7,"q":96.1,"b":5.88,"ms":76.77,"wi":51.84,"ei":8.95,"as":408.41,"mi":"D","mv":99,"sc":1,"lpe":23.23,"lpr":1.133589325E7,"lq":45.82,"d":1543768},{"pi":"370081","pc":"Автомобильные товары","ss":100000,"td":"Фешенебельный район","dc":1,"n":683.04,"vc":"336939","sl":"Элитный","sv":"30","p":7000000.0,"q":96.1,"b":5.88,"ms":30.3,"wi":57.0,"ei":7.37,"as":421.17,"mi":"E","mv":99,"sc":1,"lpe":69.7,"lpr":5137817.49,"lq":22.91,"d":726731},{"pi":"370081","pc":"Автомобильные товары","ss":100000,"td":"Фешенебельный район","dc":1,"n":678.68,"vc":"322917","sl":"Элитный","sv":"50","p":8500000.0,"q":96.1,"b":5.88,"ms":50.51,"wi":59.27,"ei":6.7,"as":408.41,"mi":"D","mv":99,"sc":1,"lpe":49.49,"lpr":5362426.62,"lq":25.69,"d":725484},{"pi":"370081","pc":"Автомобильные товары","ss":100000,"td":"Фешенебельный район","dc":2,"n":513.9,"vc":"127930","sl":"Элитный","sv":"100","p":1.0E7,"q":88.22,"b":4.55,"ms":26.46,"wi":174.28,"ei":10.49,"as":2111.62,"mi":"E","mv":378,"sc":2,"lpe":60.32,"lpr":3.111964351E7,"lq":65.72,"d":4762572},{"pi":"370081","pc":"Автомобильные товары","ss":100000,"td":"Фешенебельный район","dc":1,"n":554.43,"vc":"188910","sl":"Элитный","sv":"50","p":1.2E7,"q":96.1,"b":0.0,"ms":13.23,"wi":174.28,"ei":10.49,"as":2111.62,"mi":"E","mv":378,"sc":2,"lpe":60.32,"lpr":3.111964351E7,"lq":65.72,"d":4762572},{"pi":"370081","pc":"Автомобильные товары","ss":100000,"td":"Фешенебельный район","dc":1,"n":683.15,"vc":"256516","sl":"Элитный","sv":"15","p":3000000.0,"q":96.1,"b":5.88,"ms":27.27,"wi":37.78,"ei":6.43,"as":312.69,"mi":"E","mv":55,"sc":1,"lpe":72.73,"lpr":2357259.4,"lq":22.28,"d":332406},{"pi":"370081","pc":"Автомобильные товары","ss":100000,"td":"Фешенебельный район","dc":1,"n":682.79,"vc":"267386","sl":"Элитный","sv":"15","p":8000000.0,"q":96.1,"b":5.88,"ms":22.73,"wi":63.82,"ei":6.43,"as":382.88,"mi":"E","mv":66,"sc":1,"lpe":77.27,"lpr":6358804.33,"lq":21.97,"d":377922},{"pi":"370081","pc":"Автомобильные товары","ss":100000,"td":"Фешенебельный район","dc":1,"n":682.15,"vc":"321224","sl":"Элитный","sv":"20","p":6000000.0,"q":96.1,"b":5.88,"ms":20.62,"wi":63.49,"ei":7.37,"as":446.7,"mi":"E","mv":97,"sc":1,"lpe":79.38,"lpr":4639848.57,"lq":23.04,"d":649741},{"pi":"370081","pc":"Автомобильные товары","ss":100000,"td":"Фешенебельный район","dc":1,"n":681.81,"vc":"329208","sl":"Элитный","sv":"20","p":6000000.0,"q":96.1,"b":5.88,"ms":20.2,"wi":52.21,"ei":8.31,"as":344.6,"mi":"E","mv":99,"sc":1,"lpe":79.8,"lpr":4927287.86,"lq":22.13,"d":703378},{"pi":"370081","pc":"Автомобильные товары","ss":100000,"td":"Фешенебельный район","dc":1,"n":685.76,"vc":"259113","sl":"Элитный","sv":"15","p":8000000.0,"q":96.1,"b":5.88,"ms":22.39,"wi":63.0,"ei":6.43,"as":382.88,"mi":"E","mv":67,"sc":1,"lpe":77.61,"lpr":5433039.74,"lq":22.6,"d":318411},{"pi":"370081","pc":"Автомобильные товары","ss":100000,"td":"Фешенебельный район","dc":1,"n":681.02,"vc":"279399","sl":"Элитный","sv":"15","p":3500000.0,"q":96.1,"b":5.88,"ms":22.06,"wi":37.69,"ei":8.68,"as":319.07,"mi":"E","mv":68,"sc":1,"lpe":77.94,"lpr":2660726.11,"lq":22.14,"d":449940},{"pi":"370081","pc":"Автомобильные товары","ss":100000,"td":"Фешенебельный район","dc":6,"n":451.56,"vc":"27096","sl":"Элитный","sv":"100","p":1.25E7,"q":88.22,"b":3.3,"ms":56.82,"wi":85.99,"ei":9.45,"as":517.11,"mi":"D","mv":176,"sc":1,"lpe":43.18,"lpr":2378600.93,"lq":14.88,"d":997274},{"pi":"370081","pc":"Автомобильные товары","ss":100000,"td":"Фешенебельный район","dc":4,"n":432.84,"vc":"24857","sl":"Элитный","sv":"100","p":1.25E7,"q":88.22,"b":3.3,"ms":61.35,"wi":71.3,"ei":8.42,"as":343.73,"mi":"D","mv":163,"sc":1,"lpe":38.65,"lpr":8885880.61,"lq":14.93,"d":1303454},{"pi":"370081","pc":"Автомобильные товары","ss":100000,"td":"Фешенебельный район","dc":1,"n":679.74,"vc":"356908","sl":"Элитный","sv":"7","p":4000000.0,"q":96.1,"b":0.0,"ms":7.07,"wi":24.47,"ei":8.7,"as":118.1,"mi":"E","mv":99,"sc":1,"lpe":92.93,"lpr":4099142.23,"lq":1.0,"d":937972},{"pi":"370081","pc":"Автомобильные товары","ss":100000,"td":"Фешенебельный район","dc":1,"n":596.59,"vc":"171093","sl":"Элитный","sv":"30","p":2500000.0,"q":96.1,"b":0.0,"ms":30.3,"wi":18.05,"ei":6.92,"as":112.55,"mi":"E","mv":99,"sc":1,"lpe":69.7,"lpr":1657173.76,"lq":47.02,"d":1127110},{"pi":"370081","pc":"Автомобильные товары","ss":100000,"td":"Фешенебельный район","dc":1,"n":678.84,"vc":"297150","sl":"Элитный","sv":"10","p":2500000.0,"q":96.1,"b":0.0,"ms":10.1,"wi":46.07,"ei":7.56,"as":306.73,"mi":"E","mv":99,"sc":1,"lpe":89.9,"lpr":1140676.09,"lq":39.89,"d":569631},{"pi":"370081","pc":"Автомобильные товары","ss":100000,"td":"Фешенебельный район","dc":1,"n":678.38,"vc":"296985","sl":"Элитный","sv":"30","p":7000000.0,"q":96.1,"b":0.0,"ms":30.3,"wi":51.63,"ei":9.78,"as":374.74,"mi":"E","mv":99,"sc":1,"lpe":69.7,"lpr":4565106.8,"lq":22.43,"d":575941},{"pi":"370081","pc":"Автомобильные товары","ss":100000,"td":"Фешенебельный район","dc":2,"n":472.68,"vc":"45952","sl":"Элитный","sv":"67","p":2.5E7,"q":87.17,"b":4.7,"ms":15.26,"wi":116.8,"ei":9.19,"as":733.47,"mi":"E","mv":439,"sc":1,"lpe":84.74,"lpr":1197177.15,"lq":21.77,"d":2524834},{"pi":"370081","pc":"Автомобильные товары","ss":100000,"td":"Фешенебельный район","dc":1,"n":642.11,"vc":"297753","sl":"Элитный","sv":"6","p":4200000.0,"q":96.1,"b":0.0,"ms":6.06,"wi":15.99,"ei":11.63,"as":89.42,"mi":"E","mv":99,"sc":1,"lpe":93.94,"lpr":3046357.33,"lq":1.0,"d":1655261},{"pi":"370081","pc":"Автомобильные товары","ss":100000,"td":"Фешенебельный район","dc":3,"n":477.53,"vc":"35043","sl":"Элитный","sv":"179","p":1.5E7,"q":86.32,"b":4.7,"ms":74.9,"wi":114.87,"ei":8.33,"as":568.25,"mi":"D","mv":239,"sc":1,"lpe":25.1,"lpr":936041.92,"lq":21.12,"d":1018846},{"pi":"370081","pc":"Автомобильные товары","ss":100000,"td":"Фешенебельный район","dc":1,"n":603.69,"vc":"229660","sl":"Элитный","sv":"10","p":4500000.0,"q":96.1,"b":0.0,"ms":7.41,"wi":27.24,"ei":5.58,"as":116.89,"mi":"E","mv":135,"sc":1,"lpe":92.59,"lpr":6077965.91,"lq":1.0,"d":2150272},{"pi":"370081","pc":"Автомобильные товары","ss":100000,"td":"Центр города","dc":1,"n":418.95,"vc":"503574","sl":"Очень высокий","sv":"951","p":3000000.0,"q":87.94,"b":0.0,"ms":29.99,"wi":35.98,"ei":8.28,"as":251.65,"mi":"E","mv":3171,"sc":3,"lpe":66.73,"lpr":3010754.31,"lq":23.38,"d":14352508},{"pi":"370081","pc":"Автомобильные товары","ss":100000,"td":"Фешенебельный район","dc":3,"n":526.98,"vc":"213448","sl":"Очень высокий","sv":"100","p":2500000.0,"q":88.22,"b":3.76,"ms":3.15,"wi":35.98,"ei":8.28,"as":251.65,"mi":"E","mv":3171,"sc":3,"lpe":66.73,"lpr":3010754.31,"lq":23.38,"d":14352508},{"pi":"370081","pc":"Автомобильные товары","ss":100000,"td":"Центр города","dc":1,"n":20.63,"vc":"7287","sl":"Элитный","sv":"4","p":144000.0,"q":20.99,"b":0.0,"ms":0.13,"wi":35.98,"ei":8.28,"as":251.65,"mi":"E","mv":3171,"sc":3,"lpe":66.73,"lpr":3010754.31,"lq":23.38,"d":14352508},{"pi":"370081","pc":"Автомобильные товары","ss":100000,"td":"Фешенебельный район","dc":4,"n":623.49,"vc":"87286","sl":"Элитный","sv":"10","p":2000000.0,"q":88.22,"b":2.33,"ms":16.67,"wi":24.44,"ei":2.35,"as":565.23,"mi":"E","mv":60,"sc":1,"lpe":83.33,"lpr":489604.11,"lq":15.37,"d":78672},{"pi":"370081","pc":"Автомобильные товары","ss":100000,"td":"Фешенебельный район","dc":2,"n":392.32,"vc":"30416","sl":"Элитный","sv":"75","p":1500000.0,"q":88.22,"b":2.33,"ms":43.35,"wi":11.57,"ei":3.97,"as":105.73,"mi":"D","mv":173,"sc":2,"lpe":33.53,"lpr":1142916.91,"lq":37.18,"d":6381918},{"pi":"370081","pc":"Автомобильные товары","ss":100000,"td":"Фешенебельный район","dc":1,"n":671.04,"vc":"443666","sl":"Элитный","sv":"40","p":1100000.0,"q":96.1,"b":0.0,"ms":23.12,"wi":11.57,"ei":3.97,"as":105.73,"mi":"D","mv":173,"sc":2,"lpe":33.53,"lpr":1142916.91,"lq":37.18,"d":6381918},{"pi":"370081","pc":"Автомобильные товары","ss":10000,"td":"Фешенебельный район","dc":1,"n":660.42,"vc":"25065","sl":"Элитный","sv":"10","p":1300000.0,"q":96.1,"b":0.0,"ms":8.77,"wi":41.62,"ei":7.64,"as":244.41,"mi":"E","mv":114,"sc":2,"lpe":82.46,"lpr":2563502.22,"lq":48.1,"d":604767},{"pi":"370081","pc":"Автомобильные товары","ss":100000,"td":"Фешенебельный район","dc":2,"n":523.14,"vc":"67904","sl":"Элитный","sv":"10","p":5000000.0,"q":88.22,"b":4.64,"ms":8.77,"wi":41.62,"ei":7.64,"as":244.41,"mi":"E","mv":114,"sc":2,"lpe":82.46,"lpr":2563502.22,"lq":48.1,"d":604767},{"pi":"370081","pc":"Автомобильные товары","ss":10000,"td":"Фешенебельный район","dc":3,"n":622.21,"vc":"6703","sl":"Элитный","sv":"5","p":2500000.0,"q":88.22,"b":4.59,"ms":25.0,"wi":13.53,"ei":6.37,"as":213.96,"mi":"E","mv":20,"sc":1,"lpe":75.0,"lpr":853963.82,"lq":28.12,"d":305590},{"pi":"370081","pc":"Автомобильные товары","ss":100000,"td":"Фешенебельный район","dc":2,"n":680.12,"vc":"201009","sl":"Элитный","sv":"5","p":5000000.0,"q":96.1,"b":0.0,"ms":16.13,"wi":53.32,"ei":5.83,"as":456.83,"mi":"E","mv":31,"sc":1,"lpe":83.87,"lpr":4612922.25,"lq":74.05,"d":180000},{"pi":"370081","pc":"Автомобильные товары","ss":100000,"td":"Фешенебельный район","dc":1,"n":678.87,"vc":"366267","sl":"Элитный","sv":"10","p":6000000.0,"q":96.1,"b":0.0,"ms":6.9,"wi":151.97,"ei":10.65,"as":2047.83,"mi":"E","mv":145,"sc":1,"lpe":93.1,"lpr":8240644.81,"lq":1.0,"d":1034298},{"pi":"370081","pc":"Автомобильные товары","ss":100000,"td":"Центр города","dc":1,"n":444.2,"vc":"249246","sl":"Элитный","sv":"100","p":1250000.0,"q":88.22,"b":5.06,"ms":72.99,"wi":121.0,"ei":10.2,"as":2182.56,"mi":"D","mv":137,"sc":1,"lpe":27.01,"lpr":3278432.33,"lq":27.29,"d":961541},{"pi":"370081","pc":"Автомобильные товары","ss":100000,"td":"Фешенебельный район","dc":1,"n":650.32,"vc":"298420","sl":"Элитный","sv":"50","p":8000000.0,"q":96.1,"b":0.0,"ms":18.38,"wi":245.02,"ei":10.09,"as":2433.57,"mi":"E","mv":272,"sc":1,"lpe":81.62,"lpr":1.16327227E7,"lq":50.92,"d":1262376},{"pi":"370081","pc":"Автомобильные товары","ss":100000,"td":"Фешенебельный район","dc":1,"n":634.18,"vc":"183696","sl":"Элитный","sv":"50","p":2000000.0,"q":96.1,"b":0.0,"ms":49.5,"wi":16.93,"ei":3.9,"as":101.05,"mi":"E","mv":101,"sc":1,"lpe":50.5,"lpr":1433524.88,"lq":42.75,"d":1565731},{"pi":"370081","pc":"Автомобильные товары","ss":100000,"td":"Фешенебельный район","dc":1,"n":653.58,"vc":"355330","sl":"Элитный","sv":"40","p":2500000.0,"q":96.1,"b":0.0,"ms":38.1,"wi":16.52,"ei":3.71,"as":100.29,"mi":"E","mv":105,"sc":1,"lpe":61.9,"lpr":1706541.42,"lq":47.32,"d":1900158},{"pi":"370081","pc":"Автомобильные товары","ss":100000,"td":"Фешенебельный район","dc":1,"n":659.95,"vc":"213840","sl":"Элитный","sv":"20","p":3200000.0,"q":96.1,"b":0.0,"ms":11.24,"wi":47.39,"ei":4.88,"as":232.49,"mi":"E","mv":178,"sc":1,"lpe":88.76,"lpr":3222554.78,"lq":73.86,"d":1190767},{"pi":"370081","pc":"Автомобильные товары","ss":100000,"td":"Фешенебельный район","dc":2,"n":540.78,"vc":"111867","sl":"Элитный","sv":"20","p":1.2E7,"q":96.1,"b":0.0,"ms":11.9,"wi":39.97,"ei":9.19,"as":127.29,"mi":"E","mv":168,"sc":1,"lpe":88.1,"lpr":7578624.09,"lq":74.08,"d":4940408},{"pi":"370081","pc":"Автомобильные товары","ss":100000,"td":"Фешенебельный район","dc":1,"n":560.4,"vc":"178176","sl":"Элитный","sv":"10","p":1.3E7,"q":96.1,"b":0.0,"ms":10.1,"wi":29.93,"ei":6.58,"as":133.91,"mi":"E","mv":99,"sc":1,"lpe":89.9,"lpr":1.148052094E7,"lq":48.28,"d":3420282},{"pi":"370081","pc":"Автомобильные товары","ss":100000,"td":"Фешенебельный район","dc":1,"n":614.86,"vc":"147748","sl":"Элитный","sv":"17","p":5000000.0,"q":88.13,"b":4.5,"ms":16.83,"wi":39.35,"ei":7.42,"as":244.05,"mi":"E","mv":101,"sc":1,"lpe":83.17,"lpr":111920.91,"lq":21.89,"d":448642},{"pi":"370081","pc":"Автомобильные товары","ss":100000,"td":"Фешенебельный район","dc":1,"n":670.37,"vc":"367827","sl":"Элитный","sv":"50","p":6000000.0,"q":96.1,"b":0.0,"ms":19.76,"wi":94.35,"ei":19.67,"as":208.3,"mi":"E","mv":253,"sc":1,"lpe":80.24,"lpr":4248346.1,"lq":74.01,"d":1322290},{"pi":"370081","pc":"Автомобильные товары","ss":100000,"td":"Фешенебельный район","dc":1,"n":584.37,"vc":"105926","sl":"Элитный","sv":"75","p":5000000.0,"q":88.22,"b":4.5,"ms":75.76,"wi":44.35,"ei":8.03,"as":269.45,"mi":"D","mv":99,"sc":1,"lpe":24.24,"lpr":699338.0,"lq":16.49,"d":400694},{"pi":"370081","pc":"Автомобильные товары","ss":100000,"td":"Фешенебельный район","dc":1,"n":666.55,"vc":"283695","sl":"Элитный","sv":"20","p":7500000.0,"q":96.1,"b":0.0,"ms":13.51,"wi":62.16,"ei":9.62,"as":386.88,"mi":"E","mv":148,"sc":1,"lpe":86.49,"lpr":4422456.6,"lq":73.84,"d":699426},{"pi":"370081","pc":"Автомобильные товары","ss":100000,"td":"Фешенебельный район","dc":1,"n":576.63,"vc":"88419","sl":"Элитный","sv":"75","p":2500000.0,"q":88.22,"b":4.5,"ms":72.12,"wi":38.6,"ei":7.09,"as":237.45,"mi":"D","mv":104,"sc":1,"lpe":27.88,"lpr":73640.37,"lq":20.55,"d":295757},{"pi":"370081","pc":"Автомобильные товары","ss":100000,"td":"Фешенебельный район","dc":1,"n":612.93,"vc":"85034","sl":"Элитный","sv":"4","p":2500000.0,"q":88.1,"b":4.5,"ms":16.67,"wi":18.02,"ei":6.22,"as":177.09,"mi":"E","mv":24,"sc":1,"lpe":83.33,"lpr":52399.66,"lq":22.61,"d":97600},{"pi":"370081","pc":"Автомобильные товары","ss":100000,"td":"Фешенебельный район","dc":1,"n":680.31,"vc":"327948","sl":"Элитный","sv":"40","p":3000000.0,"q":96.1,"b":4.87,"ms":40.4,"wi":34.24,"ei":10.1,"as":260.64,"mi":"E","mv":99,"sc":1,"lpe":59.6,"lpr":2273803.92,"lq":58.21,"d":724982},{"pi":"370081","pc":"Автомобильные товары","ss":100000,"td":"Фешенебельный район","dc":1,"n":571.38,"vc":"171862","sl":"Элитный","sv":"100","p":1.2E7,"q":96.1,"b":4.41,"ms":25.25,"wi":95.82,"ei":8.0,"as":376.09,"mi":"E","mv":396,"sc":1,"lpe":74.75,"lpr":8934778.04,"lq":44.59,"d":2281564},{"pi":"370081","pc":"Автомобильные товары","ss":10000,"td":"Центр города","dc":3,"n":349.42,"vc":"16623","sl":"Очень высокий","sv":"10","p":1500000.0,"q":88.22,"b":2.22,"ms":10.53,"wi":19.96,"ei":4.88,"as":136.92,"mi":"E","mv":95,"sc":1,"lpe":89.47,"lpr":1002296.27,"lq":32.7,"d":591574},{"pi":"370081","pc":"Автомобильные товары","ss":100000,"td":"Фешенебельный район","dc":1,"n":537.99,"vc":"64680","sl":"Элитный","sv":"15","p":2700000.0,"q":96.1,"b":0.0,"ms":14.85,"wi":69.66,"ei":6.22,"as":447.98,"mi":"E","mv":101,"sc":1,"lpe":85.15,"lpr":4596211.3,"lq":73.88,"d":350000}]