[{"d":"16.07.2016","r":20.0,"q":1.0,"p":800.0,"s":[{"ui":"7678114","t":20.0,"r":20.0,"q":1.0,"p":800.0,"mot":"U","mo":20.0},{"cn":"","ui":"","t":0.0,"r":0.0,"q":0.0,"p":0.0,"mot":"L","mo":0.0}]},{"d":"25.07.2016","r":10.0,"q":1.1,"p":1160.0,"s":[{"ui":"7701065","t":10.0,"r":10.0,"q":1.1,"p":1160.0,"mot":"U","mo":10.0},{"cn":"","ui":"","t":0.0,"r":0.0,"q":0.0,"p":0.0,"mot":"L","mo":0.0}]},{"d":"26.07.2016","r":12.0,"q":1.1,"p":4200.0,"s":[{"ui":"7701065","t":12.0,"r":12.0,"q":1.1,"p":4200.0,"mot":"U","mo":12.0},{"cn":"","ui":"","t":0.0,"r":0.0,"q":0.0,"p":0.0,"mot":"L","mo":0.0}]},{"d":"29.08.2016","r":53.0,"q":1.08,"p":300.0,"s":[{"ui":"7775601","t":53.0,"r":53.0,"q":1.08,"p":300.0,"mot":"U","mo":53.0},{"cn":"","ui":"","t":0.0,"r":0.0,"q":0.0,"p":0.0,"mot":"L","mo":0.0}]},{"d":"31.08.2016","r":87.0,"q":5.12,"p":600.0,"s":[{"ui":"7780184","t":87.0,"r":87.0,"q":5.12,"p":600.0,"mot":"U","mo":87.0},{"cn":"","ui":"","t":0.0,"r":0.0,"q":0.0,"p":0.0,"mot":"L","mo":0.0}]},{"d":"01.09.2016","r":91.0,"q":5.16,"p":600.0,"s":[{"ui":"7780184","t":91.0,"r":91.0,"q":5.16,"p":600.0,"mot":"U","mo":91.0},{"cn":"","ui":"","t":0.0,"r":0.0,"q":0.0,"p":0.0,"mot":"L","mo":0.0}]},{"d":"07.09.2016","r":10.0,"q":1.0,"p":850.0,"s":[{"ui":"7791668","t":10.0,"r":10.0,"q":1.0,"p":850.0,"mot":"U","mo":10.0},{"cn":"","ui":"","t":0.0,"r":0.0,"q":0.0,"p":0.0,"mot":"L","mo":0.0}]},{"d":"29.09.2016","r":20.0,"q":1.0,"p":450.0,"s":[{"ui":"7843219","t":105.0,"r":105.0,"q":1.0,"p":450.0,"mot":"L","mo":20.0},{"cn":"","ui":"","t":0.0,"r":0.0,"q":0.0,"p":0.0,"mot":"L","mo":0.0}]},{"d":"30.09.2016","r":150.0,"q":1.22,"p":400.0,"s":[{"ui":"7843219","t":370.0,"r":370.0,"q":1.22,"p":400.0,"mot":"L","mo":150.0},{"cn":"","ui":"","t":0.0,"r":0.0,"q":0.0,"p":0.0,"mot":"L","mo":0.0}]},{"d":"10.10.2016","r":1.0,"q":1.0,"p":799.0,"s":[{"ui":"7868038","t":1.0,"r":1.0,"q":1.0,"p":799.0,"mot":"L","mo":1.0},{"cn":"","ui":"","t":0.0,"r":0.0,"q":0.0,"p":0.0,"mot":"L","mo":0.0}]},{"d":"11.10.2016","r":5.0,"q":1.0,"p":799.0,"s":[{"ui":"7868038","t":5.0,"r":5.0,"q":1.0,"p":799.0,"mot":"L","mo":5.0},{"cn":"","ui":"","t":0.0,"r":0.0,"q":0.0,"p":0.0,"mot":"L","mo":0.0}]},{"d":"17.10.2016","r":415.0,"q":1.0,"p":900.0,"s":[{"ui":"7885425","t":415.0,"r":415.0,"q":1.0,"p":900.0,"mot":"U","mo":415.0},{"cn":"","ui":"","t":0.0,"r":0.0,"q":0.0,"p":0.0,"mot":"L","mo":0.0}]},{"d":"19.10.2016","r":20.0,"q":1.1,"p":1554.95,"s":[{"ui":"7891832","t":20.0,"r":20.0,"q":1.1,"p":1554.95,"mot":"U","mo":20.0},{"cn":"","ui":"","t":0.0,"r":0.0,"q":0.0,"p":0.0,"mot":"L","mo":0.0}]},{"d":"29.10.2016","r":20.0,"q":4.1,"p":600.0,"s":[{"ui":"7911433","t":20.0,"r":20.0,"q":4.1,"p":600.0,"mot":"U","mo":20.0},{"cn":"","ui":"","t":0.0,"r":0.0,"q":0.0,"p":0.0,"mot":"L","mo":0.0}]},{"d":"06.11.2016","r":619.0,"q":2.77,"p":550.0,"s":[{"ui":"7918298","t":619.0,"r":619.0,"q":2.77,"p":550.0,"mot":"U","mo":619.0},{"cn":"","ui":"","t":0.0,"r":0.0,"q":0.0,"p":0.0,"mot":"L","mo":0.0}]},{"d":"07.11.2016","r":472.0,"q":1.1,"p":450.0,"s":[{"ui":"7924821","t":240.0,"r":240.0,"q":1.1,"p":450.0,"mot":"U","mo":240.0},{"ui":"7924893","t":232.0,"r":232.0,"q":1.1,"p":450.0,"mot":"U","mo":232.0},{"cn":"","ui":"","t":0.0,"r":0.0,"q":0.0,"p":0.0,"mot":"L","mo":0.0}]},{"d":"08.11.2016","r":161.0,"q":2.75,"p":150.0,"s":[{"ui":"7926152","t":161.0,"r":161.0,"q":2.75,"p":150.0,"mot":"U","mo":161.0},{"cn":"","ui":"","t":0.0,"r":0.0,"q":0.0,"p":0.0,"mot":"L","mo":0.0}]},{"d":"29.11.2016","r":52.0,"q":2.04,"p":300.0,"s":[{"ui":"7952573","t":52.0,"r":52.0,"q":2.04,"p":300.0,"mot":"U","mo":52.0},{"cn":"","ui":"","t":0.0,"r":0.0,"q":0.0,"p":0.0,"mot":"L","mo":0.0}]},{"d":"30.11.2016","r":30.0,"q":2.25,"p":300.0,"s":[{"ui":"7952573","t":30.0,"r":30.0,"q":2.25,"p":300.0,"mot":"U","mo":30.0},{"cn":"","ui":"","t":0.0,"r":0.0,"q":0.0,"p":0.0,"mot":"L","mo":0.0}]},{"d":"05.12.2016","r":86.0,"q":1.07,"p":450.0,"s":[{"ui":"7960895","t":86.0,"r":86.0,"q":1.07,"p":450.0,"mot":"U","mo":86.0},{"cn":"","ui":"","t":0.0,"r":0.0,"q":0.0,"p":0.0,"mot":"L","mo":0.0}]},{"d":"11.12.2016","r":92.0,"q":1.0,"p":300.0,"s":[{"ui":"7966487","t":92.0,"r":92.0,"q":1.0,"p":300.0,"mot":"U","mo":92.0},{"cn":"","ui":"","t":0.0,"r":0.0,"q":0.0,"p":0.0,"mot":"L","mo":0.0}]},{"d":"14.12.2016","r":167.0,"q":1.0,"p":1250.0,"s":[{"ui":"7971888","t":239.0,"r":239.0,"q":1.0,"p":1250.0,"mot":"L","mo":167.0},{"cn":"","ui":"","t":0.0,"r":0.0,"q":0.0,"p":0.0,"mot":"L","mo":0.0}]},{"d":"05.01.2017","r":16.0,"q":1.1,"p":3700.0,"s":[{"ui":"8002546","t":16.0,"r":16.0,"q":1.1,"p":3700.0,"mot":"L","mo":16.0},{"cn":"","ui":"","t":0.0,"r":0.0,"q":0.0,"p":0.0,"mot":"L","mo":0.0}]},{"d":"06.01.2017","r":135.0,"q":4.78,"p":6700.0,"s":[{"ui":"8003188","t":135.0,"r":135.0,"q":4.78,"p":6700.0,"mot":"U","mo":135.0},{"cn":"","ui":"","t":0.0,"r":0.0,"q":0.0,"p":0.0,"mot":"L","mo":0.0}]},{"d":"07.01.2017","r":135.0,"q":4.78,"p":3500.0,"s":[{"ui":"8003188","t":135.0,"r":135.0,"q":4.78,"p":3500.0,"mot":"U","mo":135.0},{"cn":"","ui":"","t":0.0,"r":0.0,"q":0.0,"p":0.0,"mot":"L","mo":0.0}]},{"d":"12.01.2017","r":7.0,"q":6.36,"p":3100.0,"s":[{"ui":"8007252","t":7.0,"r":7.0,"q":6.36,"p":3100.0,"mot":"U","mo":7.0},{"cn":"","ui":"","t":0.0,"r":0.0,"q":0.0,"p":0.0,"mot":"L","mo":0.0}]},{"d":"13.01.2017","r":120.0,"q":1.0,"p":350.0,"s":[{"ui":"8009159","t":120.0,"r":120.0,"q":1.0,"p":350.0,"mot":"U","mo":120.0},{"cn":"","ui":"","t":0.0,"r":0.0,"q":0.0,"p":0.0,"mot":"L","mo":0.0}]},{"d":"23.01.2017","r":211.0,"q":1.19,"p":620.0,"s":[{"ui":"8024682","t":211.0,"r":211.0,"q":1.19,"p":620.0,"mot":"U","mo":211.0},{"cn":"","ui":"","t":0.0,"r":0.0,"q":0.0,"p":0.0,"mot":"L","mo":0.0}]},{"d":"24.01.2017","r":11.0,"q":1.19,"p":620.0,"s":[{"ui":"8024682","t":11.0,"r":11.0,"q":1.19,"p":620.0,"mot":"U","mo":11.0},{"cn":"","ui":"","t":0.0,"r":0.0,"q":0.0,"p":0.0,"mot":"L","mo":0.0}]},{"d":"06.02.2017","r":185.0,"q":1.09,"p":220.0,"s":[{"ui":"8040497","t":185.0,"r":185.0,"q":1.09,"p":220.0,"mot":"U","mo":185.0},{"cn":"","ui":"","t":0.0,"r":0.0,"q":0.0,"p":0.0,"mot":"L","mo":0.0}]},{"d":"07.02.2017","r":141.0,"q":1.27,"p":360.0,"s":[{"ui":"8040497","t":141.0,"r":141.0,"q":1.27,"p":360.0,"mot":"U","mo":141.0},{"cn":"","ui":"","t":0.0,"r":0.0,"q":0.0,"p":0.0,"mot":"L","mo":0.0}]},{"d":"08.02.2017","r":707.0,"q":1.72,"p":360.0,"s":[{"ui":"8040497","t":707.0,"r":707.0,"q":1.72,"p":360.0,"mot":"U","mo":707.0},{"cn":"","ui":"","t":0.0,"r":0.0,"q":0.0,"p":0.0,"mot":"L","mo":0.0}]},{"d":"13.02.2017","r":238.0,"q":1.0,"p":400.0,"s":[{"ui":"8046569","t":238.0,"r":238.0,"q":1.0,"p":400.0,"mot":"U","mo":238.0},{"cn":"","ui":"","t":0.0,"r":0.0,"q":0.0,"p":0.0,"mot":"L","mo":0.0}]},{"d":"27.02.2017","r":140.0,"q":1.8,"p":200.0,"s":[{"ui":"8068156","t":140.0,"r":140.0,"q":1.8,"p":200.0,"mot":"U","mo":140.0},{"cn":"","ui":"","t":0.0,"r":0.0,"q":0.0,"p":0.0,"mot":"L","mo":0.0}]},{"d":"01.03.2017","r":110.0,"q":1.34,"p":700.0,"s":[{"ui":"8068156","t":107.0,"r":107.0,"q":1.35,"p":700.0,"mot":"U","mo":107.0},{"cn":"","ui":"","t":3.0,"r":3.0,"q":1.1,"p":700.0,"mot":"L","mo":3.0}]},{"d":"02.03.2017","r":379.0,"q":2.84,"p":500.0,"s":[{"ui":"8069588","t":379.0,"r":379.0,"q":2.84,"p":500.0,"mot":"U","mo":379.0},{"cn":"","ui":"","t":0.0,"r":0.0,"q":0.0,"p":0.0,"mot":"L","mo":0.0}]},{"d":"05.03.2017","r":16245.0,"q":3.45,"p":180.3,"s":[{"cn":"ОСА Финанс","ui":"8075776","t":6213.0,"r":6213.0,"q":4.29,"p":205.0,"mot":"U","mo":6213.0},{"cn":"ОСА Финанс","ui":"8074164","t":10032.0,"r":10032.0,"q":2.93,"p":165.0,"mot":"U","mo":10032.0},{"cn":"","ui":"","t":0.0,"r":0.0,"q":0.0,"p":0.0,"mot":"L","mo":0.0}]},{"d":"10.03.2017","r":134.0,"q":2.2,"p":50000.0,"s":[{"cn":"relicton Финанс","ui":"8082747","t":134.0,"r":134.0,"q":2.2,"p":50000.0,"mot":"U","mo":134.0},{"cn":"","ui":"","t":0.0,"r":0.0,"q":0.0,"p":0.0,"mot":"L","mo":0.0}]},{"d":"11.03.2017","r":97.0,"q":4.04,"p":52703.61,"s":[{"cn":"Десяк Инвест","ui":"8083842","t":5.0,"r":5.0,"q":4.9,"p":1450.0,"mot":"U","mo":5.0},{"cn":"Yamkovenko Инвест","ui":"8083849","t":50.0,"r":50.0,"q":5.28,"p":100000.0,"mot":"U","mo":50.0},{"cn":"relicton Финанс","ui":"8082747","t":42.0,"r":42.0,"q":2.46,"p":2500.0,"mot":"U","mo":42.0},{"cn":"","ui":"","t":0.0,"r":0.0,"q":0.0,"p":0.0,"mot":"L","mo":0.0}]},{"d":"05.04.2017","r":3.0,"q":1.1,"p":1300.0,"s":[{"cn":"Speed KU","ui":"8113714","t":3.0,"r":3.0,"q":1.1,"p":1300.0,"mot":"U","mo":3.0},{"cn":"","ui":"","t":0.0,"r":0.0,"q":0.0,"p":0.0,"mot":"L","mo":0.0}]},{"d":"03.06.2017","r":275.0,"q":1.57,"p":250.0,"s":[{"cn":"Company Name","ui":"8177359","t":275.0,"r":275.0,"q":1.57,"p":250.0,"mot":"U","mo":275.0},{"cn":"","ui":"","t":0.0,"r":0.0,"q":0.0,"p":0.0,"mot":"L","mo":0.0}]},{"d":"04.06.2017","r":447.0,"q":1.54,"p":327.53,"s":[{"cn":"ALICE","ui":"8178487","t":190.0,"r":190.0,"q":1.45,"p":432.4,"mot":"U","mo":190.0},{"cn":"Company Name","ui":"8177359","t":257.0,"r":257.0,"q":1.6,"p":250.0,"mot":"U","mo":257.0},{"cn":"","ui":"","t":0.0,"r":0.0,"q":0.0,"p":0.0,"mot":"L","mo":0.0}]},{"d":"07.06.2017","r":581.0,"q":1.0,"p":490.0,"s":[{"cn":"Материнский капитал","ui":"8181265","t":581.0,"r":581.0,"q":1.0,"p":490.0,"mot":"U","mo":581.0},{"cn":"","ui":"","t":0.0,"r":0.0,"q":0.0,"p":0.0,"mot":"L","mo":0.0}]},{"d":"19.07.2017","r":20.0,"q":1.1,"p":1194.4,"s":[{"cn":"packham101 Incorporated","ui":"8230357","t":20.0,"r":20.0,"q":1.1,"p":1194.4,"mot":"U","mo":20.0},{"cn":"","ui":"","t":0.0,"r":0.0,"q":0.0,"p":0.0,"mot":"L","mo":0.0}]},{"d":"27.08.2017","r":25.0,"q":6.22,"p":550.0,"s":[{"cn":"Fabrica de Productos de Alta Calidad, SA","ui":"8274213","t":25.0,"r":25.0,"q":6.22,"p":550.0,"mot":"U","mo":25.0},{"cn":"","ui":"","t":0.0,"r":0.0,"q":0.0,"p":0.0,"mot":"L","mo":0.0}]},{"d":"21.09.2017","r":144.0,"q":1.0,"p":200.0,"s":[{"cn":"first suply","ui":"8303694","t":144.0,"r":144.0,"q":1.0,"p":200.0,"mot":"U","mo":144.0},{"cn":"","ui":"","t":0.0,"r":0.0,"q":0.0,"p":0.0,"mot":"L","mo":0.0}]},{"d":"17.11.2017","r":486.0,"q":1.0,"p":725.0,"s":[{"cn":"Corn","ui":"8366861","t":486.0,"r":486.0,"q":1.0,"p":725.0,"mot":"U","mo":486.0},{"cn":"","ui":"","t":0.0,"r":0.0,"q":0.0,"p":0.0,"mot":"L","mo":0.0}]},{"d":"28.11.2017","r":264.0,"q":1.1,"p":500.0,"s":[{"cn":"inst Инвест","ui":"8379863","t":264.0,"r":264.0,"q":1.1,"p":500.0,"mot":"U","mo":264.0},{"cn":"","ui":"","t":0.0,"r":0.0,"q":0.0,"p":0.0,"mot":"L","mo":0.0}]},{"d":"29.11.2017","r":500.0,"q":1.41,"p":500.0,"s":[{"cn":"inst Инвест","ui":"8379863","t":500.0,"r":500.0,"q":1.41,"p":500.0,"mot":"U","mo":500.0},{"cn":"","ui":"","t":0.0,"r":0.0,"q":0.0,"p":0.0,"mot":"L","mo":0.0}]},{"d":"06.12.2017","r":68.0,"q":2.43,"p":750.0,"s":[{"cn":"ОЛОЛО","ui":"8388053","t":68.0,"r":68.0,"q":2.43,"p":750.0,"mot":"U","mo":68.0},{"cn":"","ui":"","t":0.0,"r":0.0,"q":0.0,"p":0.0,"mot":"L","mo":0.0}]},{"d":"07.12.2017","r":624.0,"q":4.96,"p":750.0,"s":[{"cn":"ОЛОЛО","ui":"8388053","t":624.0,"r":624.0,"q":4.96,"p":750.0,"mot":"U","mo":624.0},{"cn":"","ui":"","t":0.0,"r":0.0,"q":0.0,"p":0.0,"mot":"L","mo":0.0}]},{"d":"29.12.2017","r":292.0,"q":1.1,"p":550.0,"s":[{"cn":"ViTOP","ui":"8413550","t":292.0,"r":292.0,"q":1.1,"p":550.0,"mot":"U","mo":292.0},{"cn":"","ui":"","t":0.0,"r":0.0,"q":0.0,"p":0.0,"mot":"L","mo":0.0}]},{"d":"13.02.2018","r":600.0,"q":1.0,"p":600.0,"s":[{"cn":"MaxBlock","ui":"8458306","t":600.0,"r":600.0,"q":1.0,"p":600.0,"mot":"L","mo":600.0},{"cn":"","ui":"","t":0.0,"r":0.0,"q":0.0,"p":0.0,"mot":"L","mo":0.0}]},{"d":"12.03.2018","r":4.0,"q":1.1,"p":800.0,"s":[{"cn":"Stewart Industries","ui":"8486408","t":139.0,"r":139.0,"q":1.1,"p":800.0,"mot":"L","mo":4.0},{"cn":"","ui":"","t":0.0,"r":0.0,"q":0.0,"p":0.0,"mot":"L","mo":0.0}]},{"d":"13.03.2018","r":4.0,"q":1.1,"p":800.0,"s":[{"cn":"Stewart Industries","ui":"8486408","t":231.0,"r":231.0,"q":1.1,"p":800.0,"mot":"L","mo":4.0},{"cn":"","ui":"","t":0.0,"r":0.0,"q":0.0,"p":0.0,"mot":"L","mo":0.0}]},{"d":"29.03.2018","r":72.0,"q":1.11,"p":350.0,"s":[{"cn":"ГРАнИТ","ui":"8505562","t":72.0,"r":72.0,"q":1.11,"p":350.0,"mot":"U","mo":72.0},{"cn":"","ui":"","t":0.0,"r":0.0,"q":0.0,"p":0.0,"mot":"L","mo":0.0}]},{"d":"12.04.2018","r":100.0,"q":2.1,"p":400.0,"s":[{"cn":"draktia Финанс","ui":"8518494","t":259.0,"r":259.0,"q":2.1,"p":400.0,"mot":"L","mo":100.0},{"cn":"","ui":"","t":0.0,"r":0.0,"q":0.0,"p":0.0,"mot":"L","mo":0.0}]},{"d":"03.05.2018","r":756.0,"q":1.0,"p":1500.0,"s":[{"cn":"relicton Финанс","ui":"8539197","t":756.0,"r":756.0,"q":1.0,"p":1500.0,"mot":"U","mo":756.0},{"cn":"","ui":"","t":0.0,"r":0.0,"q":0.0,"p":0.0,"mot":"L","mo":0.0}]},{"d":"04.05.2018","r":1848.0,"q":1.0,"p":1500.0,"s":[{"cn":"relicton Финанс","ui":"8539197","t":1848.0,"r":1848.0,"q":1.0,"p":1500.0,"mot":"U","mo":1848.0},{"cn":"","ui":"","t":0.0,"r":0.0,"q":0.0,"p":0.0,"mot":"L","mo":0.0}]},{"d":"21.05.2018","r":500.0,"q":1.0,"p":680.0,"s":[{"cn":"Masterdog Limited","ui":"8555946","t":500.0,"r":500.0,"q":1.0,"p":680.0,"mot":"U","mo":500.0},{"cn":"","ui":"","t":0.0,"r":0.0,"q":0.0,"p":0.0,"mot":"L","mo":0.0}]},{"d":"25.05.2018","r":158.0,"q":1.07,"p":315.0,"s":[{"cn":"Masterdog LTD","ui":"8559343","t":272.0,"r":158.0,"q":1.07,"p":315.0,"mot":"U","mo":158.0},{"cn":"","ui":"","t":0.0,"r":0.0,"q":0.0,"p":0.0,"mot":"L","mo":0.0}]},{"d":"31.07.2018","r":80.0,"q":1.1,"p":1000.0,"s":[{"cn":"ManFinance","ui":"8625759","t":80.0,"r":80.0,"q":1.1,"p":1000.0,"mot":"U","mo":80.0},{"cn":"","ui":"","t":0.0,"r":0.0,"q":0.0,"p":0.0,"mot":"L","mo":0.0}]},{"d":"10.09.2018","r":1007.0,"q":1.08,"p":480.0,"s":[{"cn":"Однодневочка","ui":"8671521","t":1007.0,"r":1007.0,"q":1.08,"p":480.0,"mot":"U","mo":1007.0},{"cn":"","ui":"","t":0.0,"r":0.0,"q":0.0,"p":0.0,"mot":"L","mo":0.0}]},{"d":"13.09.2018","r":500.0,"q":1.0,"p":900.0,"s":[{"cn":"alex.80 Финанс","ui":"8676475","t":500.0,"r":500.0,"q":1.0,"p":900.0,"mot":"U","mo":500.0},{"cn":"","ui":"","t":0.0,"r":0.0,"q":0.0,"p":0.0,"mot":"L","mo":0.0}]},{"d":"14.09.2018","r":0.0,"q":0.0,"p":0.0,"s":[{"cn":"","ui":"","t":0.0,"r":0.0,"q":0.0,"p":0.0,"mot":"L","mo":0.0}]},{"d":"04.02.2019","r":413.0,"q":1.0,"p":800.0,"s":[{"cn":"Miss Squirrel","ui":"8835686","t":413.0,"r":413.0,"q":1.0,"p":800.0,"mot":"U","mo":413.0},{"cn":"","ui":"","t":0.0,"r":0.0,"q":0.0,"p":0.0,"mot":"L","mo":0.0}]},{"d":"14.02.2019","r":220.0,"q":5.66,"p":712.27,"s":[{"cn":"янатемнойстороне","ui":"8849208","t":75.0,"r":75.0,"q":5.64,"p":750.0,"mot":"U","mo":75.0},{"cn":"Rozovy`e tapki","ui":"8849197","t":104.0,"r":104.0,"q":6.51,"p":670.0,"mot":"L","mo":13.0},{"cn":"Дикий Гудморнинг","ui":"8849222","t":126.0,"r":126.0,"q":5.61,"p":690.0,"mot":"U","mo":126.0},{"cn":"","ui":"","t":6.0,"r":6.0,"q":5.06,"p":800.0,"mot":"L","mo":6.0}]},{"d":"15.02.2019","r":38.0,"q":5.28,"p":1261.26,"s":[{"cn":"Miss Squirrel","ui":"8849202","t":28.0,"r":28.0,"q":5.15,"p":2499.0,"mot":"L","mo":12.0},{"cn":"Дикий Гудморнинг","ui":"8849222","t":26.0,"r":26.0,"q":5.34,"p":690.0,"mot":"U","mo":26.0},{"cn":"","ui":"","t":0.0,"r":0.0,"q":0.0,"p":0.0,"mot":"L","mo":0.0}]},{"d":"11.03.2019","r":859.0,"q":1.0,"p":250.0,"s":[{"cn":"relicton Финанс","ui":"8879912","t":720.0,"r":720.0,"q":1.0,"p":250.0,"mot":"U","mo":720.0},{"cn":"newbiznes Инвест","ui":"8879536","t":139.0,"r":139.0,"q":1.0,"p":250.0,"mot":"U","mo":139.0},{"cn":"","ui":"","t":0.0,"r":0.0,"q":0.0,"p":0.0,"mot":"L","mo":0.0}]},{"d":"12.03.2019","r":1824.0,"q":1.0,"p":250.0,"s":[{"cn":"relicton Финанс","ui":"8879912","t":1824.0,"r":1824.0,"q":1.0,"p":250.0,"mot":"U","mo":1824.0},{"cn":"","ui":"","t":0.0,"r":0.0,"q":0.0,"p":0.0,"mot":"L","mo":0.0}]},{"d":"01.04.2019","r":215.0,"q":1.0,"p":633.6,"s":[{"cn":"Biosfera","ui":"8905086","t":215.0,"r":215.0,"q":1.0,"p":633.6,"mot":"U","mo":215.0},{"cn":"","ui":"","t":0.0,"r":0.0,"q":0.0,"p":0.0,"mot":"L","mo":0.0}]},{"d":"02.04.2019","r":322.0,"q":1.0,"p":633.6,"s":[{"cn":"Biosfera","ui":"8905086","t":322.0,"r":322.0,"q":1.0,"p":633.6,"mot":"U","mo":322.0},{"cn":"","ui":"","t":0.0,"r":0.0,"q":0.0,"p":0.0,"mot":"L","mo":0.0}]},{"d":"29.07.2019","r":4470.0,"q":1.07,"p":900.0,"s":[{"cn":"Odhis2","ui":"9032775","t":4470.0,"r":4470.0,"q":1.07,"p":900.0,"mot":"U","mo":4470.0},{"cn":"","ui":"","t":0.0,"r":0.0,"q":0.0,"p":0.0,"mot":"L","mo":0.0}]},{"d":"05.08.2019","r":530.0,"q":1.09,"p":999.0,"s":[{"cn":"Green Hash","ui":"9043980","t":530.0,"r":530.0,"q":1.09,"p":999.0,"mot":"U","mo":530.0},{"cn":"","ui":"","t":0.0,"r":0.0,"q":0.0,"p":0.0,"mot":"L","mo":0.0}]},{"d":"06.08.2019","r":1676.0,"q":1.1,"p":999.0,"s":[{"cn":"Green Hash","ui":"9043980","t":1676.0,"r":1676.0,"q":1.1,"p":999.0,"mot":"U","mo":1676.0},{"cn":"","ui":"","t":0.0,"r":0.0,"q":0.0,"p":0.0,"mot":"L","mo":0.0}]},{"d":"29.08.2019","r":220.0,"q":1.01,"p":800.0,"s":[{"cn":"rifonya_1 Инвест","ui":"9075253","t":220.0,"r":220.0,"q":1.01,"p":800.0,"mot":"U","mo":220.0},{"cn":"","ui":"","t":0.0,"r":0.0,"q":0.0,"p":0.0,"mot":"L","mo":0.0}]},{"d":"30.08.2019","r":324.0,"q":1.04,"p":800.0,"s":[{"cn":"rifonya_1 Инвест","ui":"9075253","t":324.0,"r":324.0,"q":1.04,"p":800.0,"mot":"U","mo":324.0},{"cn":"","ui":"","t":0.0,"r":0.0,"q":0.0,"p":0.0,"mot":"L","mo":0.0}]},{"d":"19.09.2019","r":1489.0,"q":1.85,"p":300.0,"s":[{"cn":"relicton Инвест","ui":"9100892","t":1489.0,"r":1489.0,"q":1.85,"p":300.0,"mot":"U","mo":1489.0},{"cn":"","ui":"","t":0.0,"r":0.0,"q":0.0,"p":0.0,"mot":"L","mo":0.0}]},{"d":"01.10.2019","r":1432.0,"q":2.4,"p":1060.34,"s":[{"cn":"Holding1_2+1","ui":"9120559","t":932.0,"r":932.0,"q":2.48,"p":1200.0,"mot":"U","mo":932.0},{"cn":"Holding3_GreyEnterprisesHoldingsInc.","ui":"9120556","t":1250.0,"r":1250.0,"q":2.24,"p":800.0,"mot":"L","mo":500.0},{"cn":"","ui":"","t":0.0,"r":0.0,"q":0.0,"p":0.0,"mot":"L","mo":0.0}]},{"d":"02.10.2019","r":3872.0,"q":4.35,"p":1136.9,"s":[{"cn":"Holding 4_Paradise","ui":"9125776","t":249.0,"r":249.0,"q":10.29,"p":1500.0,"mot":"L","mo":249.0},{"cn":"Holding4_Kapitoshka","ui":"9121244","t":3553.0,"r":3553.0,"q":5.09,"p":1200.0,"mot":"L","mo":2000.0},{"cn":"Holding1_2+1","ui":"9120559","t":1611.0,"r":1611.0,"q":2.53,"p":999.0,"mot":"U","mo":1611.0},{"cn":"","ui":"","t":12.0,"r":12.0,"q":2.9,"p":1600.0,"mot":"L","mo":12.0}]},{"d":"04.10.2019","r":10.0,"q":6.27,"p":588.0,"s":[{"cn":"Veoma12345","ui":"9130463","t":10.0,"r":10.0,"q":6.27,"p":588.0,"mot":"L","mo":10.0},{"cn":"","ui":"","t":0.0,"r":0.0,"q":0.0,"p":0.0,"mot":"L","mo":0.0}]},{"d":"08.10.2019","r":13.0,"q":5.3,"p":1976.92,"s":[{"cn":"au1389150 Финанс","ui":"9136976","t":3.0,"r":3.0,"q":6.08,"p":1900.0,"mot":"L","mo":3.0},{"cn":"Sales Managers Group","ui":"9135242","t":10.0,"r":10.0,"q":5.07,"p":2000.0,"mot":"L","mo":10.0},{"cn":"","ui":"","t":0.0,"r":0.0,"q":0.0,"p":0.0,"mot":"L","mo":0.0}]},{"d":"09.10.2019","r":346.0,"q":5.47,"p":17570.81,"s":[{"cn":"Kashemir \u0026 Co","ui":"9138258","t":25.0,"r":25.0,"q":5.05,"p":1500.0,"mot":"U","mo":25.0},{"cn":"HotKinkyJo inc.","ui":"9139832","t":300.0,"r":300.0,"q":5.28,"p":20000.0,"mot":"U","mo":300.0},{"cn":"ух 2","ui":"9137435","t":21.0,"r":21.0,"q":8.76,"p":2000.0,"mot":"U","mo":21.0},{"cn":"","ui":"","t":0.0,"r":0.0,"q":0.0,"p":0.0,"mot":"L","mo":0.0}]},{"d":"10.10.2019","r":233.0,"q":5.5,"p":19053.65,"s":[{"cn":"HotKinkyJo inc.","ui":"9139832","t":170.0,"r":170.0,"q":5.28,"p":20000.0,"mot":"U","mo":170.0},{"cn":"Гизза","ui":"9137946","t":63.0,"r":63.0,"q":6.09,"p":16500.0,"mot":"U","mo":63.0},{"cn":"","ui":"","t":0.0,"r":0.0,"q":0.0,"p":0.0,"mot":"L","mo":0.0}]},{"d":"14.10.2019","r":22.0,"q":1.15,"p":1000.0,"s":[{"cn":"au1390891 Инвест","ui":"9150159","t":22.0,"r":22.0,"q":1.15,"p":1000.0,"mot":"U","mo":22.0},{"cn":"","ui":"","t":0.0,"r":0.0,"q":0.0,"p":0.0,"mot":"L","mo":0.0}]},{"d":"17.10.2019","r":297.0,"q":6.12,"p":500.0,"s":[{"cn":"VitaSeptix","ui":"9153777","t":297.0,"r":297.0,"q":6.12,"p":500.0,"mot":"U","mo":297.0},{"cn":"","ui":"","t":0.0,"r":0.0,"q":0.0,"p":0.0,"mot":"L","mo":0.0}]},{"d":"18.10.2019","r":636.0,"q":5.97,"p":500.0,"s":[{"cn":"VitaSeptix","ui":"9153777","t":636.0,"r":636.0,"q":5.97,"p":500.0,"mot":"U","mo":636.0},{"cn":"","ui":"","t":0.0,"r":0.0,"q":0.0,"p":0.0,"mot":"L","mo":0.0}]},{"d":"22.10.2019","r":82.0,"q":1.36,"p":1531.71,"s":[{"cn":"Domivic Limited","ui":"9166308","t":12.0,"r":12.0,"q":1.1,"p":7550.0,"mot":"U","mo":12.0},{"cn":"Power Company Limited","ui":"9167990","t":114.0,"r":114.0,"q":1.4,"p":500.0,"mot":"L","mo":70.0},{"cn":"","ui":"","t":0.0,"r":0.0,"q":0.0,"p":0.0,"mot":"L","mo":0.0}]},{"d":"23.10.2019","r":167.0,"q":2.81,"p":2063.17,"s":[{"cn":"Domivic Limited","ui":"9166308","t":33.0,"r":33.0,"q":1.11,"p":8050.0,"mot":"U","mo":33.0},{"cn":"BORING COMPANY","ui":"9170352","t":34.0,"r":34.0,"q":5.51,"p":850.0,"mot":"U","mo":34.0},{"cn":"Power Company Limited","ui":"9167990","t":193.0,"r":193.0,"q":2.45,"p":500.0,"mot":"L","mo":100.0},{"cn":"","ui":"","t":0.0,"r":0.0,"q":0.0,"p":0.0,"mot":"L","mo":0.0}]},{"d":"25.10.2019","r":376.0,"q":4.94,"p":12963.16,"s":[{"cn":"BORING COMPANY","ui":"9170352","t":299.0,"r":299.0,"q":4.93,"p":850.0,"mot":"U","mo":299.0},{"cn":"@FORMULA","ui":"9171141","t":77.0,"r":77.0,"q":4.96,"p":60000.0,"mot":"U","mo":77.0},{"cn":"","ui":"","t":0.0,"r":0.0,"q":0.0,"p":0.0,"mot":"L","mo":0.0}]},{"d":"13.12.2019","r":5.0,"q":1.23,"p":5000.0,"s":[{"cn":"Hyder_AT Limited","ui":"9260929","t":34.0,"r":34.0,"q":1.23,"p":5000.0,"mot":"L","mo":5.0},{"cn":"","ui":"","t":0.0,"r":0.0,"q":0.0,"p":0.0,"mot":"L","mo":0.0}]},{"d":"03.01.2020","r":26.0,"q":1.12,"p":400.0,"s":[{"cn":"Socraming Inc.","ui":"9292216","t":26.0,"r":26.0,"q":1.12,"p":400.0,"mot":"U","mo":26.0},{"cn":"","ui":"","t":0.0,"r":0.0,"q":0.0,"p":0.0,"mot":"L","mo":0.0}]},{"d":"07.02.2020","r":416.0,"q":1.1,"p":540.0,"s":[{"cn":"Green Lucena Lda.","ui":"9343517","t":416.0,"r":416.0,"q":1.1,"p":540.0,"mot":"U","mo":416.0},{"cn":"","ui":"","t":0.0,"r":0.0,"q":0.0,"p":0.0,"mot":"L","mo":0.0}]},{"d":"10.02.2020","r":40.0,"q":1.1,"p":700.0,"s":[{"cn":"Gombao33 Co.","ui":"9348993","t":40.0,"r":40.0,"q":1.1,"p":700.0,"mot":"U","mo":40.0},{"cn":"","ui":"","t":0.0,"r":0.0,"q":0.0,"p":0.0,"mot":"L","mo":0.0}]},{"d":"05.03.2020","r":2224.0,"q":1.01,"p":400.0,"s":[{"cn":"Fast Dima Gay LLC","ui":"9380067","t":2224.0,"r":2224.0,"q":1.01,"p":400.0,"mot":"U","mo":2224.0},{"cn":"","ui":"","t":0.0,"r":0.0,"q":0.0,"p":0.0,"mot":"L","mo":0.0}]},{"d":"17.03.2020","r":358.0,"q":1.0,"p":400.0,"s":[{"cn":"Avocado company","ui":"9397417","t":358.0,"r":358.0,"q":1.0,"p":400.0,"mot":"U","mo":358.0},{"cn":"","ui":"","t":0.0,"r":0.0,"q":0.0,"p":0.0,"mot":"L","mo":0.0}]},{"d":"18.03.2020","r":817.0,"q":1.0,"p":400.0,"s":[{"cn":"Avocado company","ui":"9397417","t":817.0,"r":817.0,"q":1.0,"p":400.0,"mot":"U","mo":817.0},{"cn":"","ui":"","t":0.0,"r":0.0,"q":0.0,"p":0.0,"mot":"L","mo":0.0}]},{"d":"19.03.2020","r":12.0,"q":1.1,"p":2000.0,"s":[{"cn":"Vasquezucci Финанс","ui":"9402093","t":12.0,"r":12.0,"q":1.1,"p":2000.0,"mot":"U","mo":12.0},{"cn":"","ui":"","t":0.0,"r":0.0,"q":0.0,"p":0.0,"mot":"L","mo":0.0}]},{"d":"20.03.2020","r":116.0,"q":1.45,"p":2000.0,"s":[{"cn":"Vasquezucci Финанс","ui":"9402093","t":116.0,"r":116.0,"q":1.45,"p":2000.0,"mot":"U","mo":116.0},{"cn":"","ui":"","t":0.0,"r":0.0,"q":0.0,"p":0.0,"mot":"L","mo":0.0}]},{"d":"30.03.2020","r":995.0,"q":1.1,"p":600.0,"s":[{"cn":"azizhafiji Limited","ui":"9415921","t":995.0,"r":995.0,"q":1.1,"p":600.0,"mot":"U","mo":995.0},{"cn":"","ui":"","t":0.0,"r":0.0,"q":0.0,"p":0.0,"mot":"L","mo":0.0}]},{"d":"08.04.2020","r":88.0,"q":1.1,"p":533.0,"s":[{"cn":"Romvlay","ui":"9431914","t":88.0,"r":88.0,"q":1.1,"p":533.0,"mot":"U","mo":88.0},{"cn":"","ui":"","t":0.0,"r":0.0,"q":0.0,"p":0.0,"mot":"L","mo":0.0}]},{"d":"09.04.2020","r":424.0,"q":1.11,"p":348.16,"s":[{"cn":"Romvlay","ui":"9431914","t":126.0,"r":126.0,"q":1.13,"p":533.0,"mot":"U","mo":126.0},{"cn":"virtanomica12 Инвест","ui":"9433665","t":298.0,"r":298.0,"q":1.1,"p":270.0,"mot":"U","mo":298.0},{"cn":"","ui":"","t":0.0,"r":0.0,"q":0.0,"p":0.0,"mot":"L","mo":0.0}]},{"d":"10.04.2020","r":896.0,"q":1.1,"p":270.0,"s":[{"cn":"virtanomica12 Инвест","ui":"9433665","t":896.0,"r":896.0,"q":1.1,"p":270.0,"mot":"U","mo":896.0},{"cn":"","ui":"","t":0.0,"r":0.0,"q":0.0,"p":0.0,"mot":"L","mo":0.0}]},{"d":"23.04.2020","r":115.0,"q":1.1,"p":4008.7,"s":[{"cn":"alanahp Incorporated","ui":"9459481","t":114.0,"r":114.0,"q":1.1,"p":4000.0,"mot":"U","mo":114.0},{"cn":"","ui":"","t":60.0,"r":1.0,"q":1.0,"p":5000.0,"mot":"L","mo":1.0}]},{"d":"24.04.2020","r":419.0,"q":1.18,"p":4011.93,"s":[{"cn":"alanahp Incorporated","ui":"9459481","t":414.0,"r":414.0,"q":1.18,"p":4000.0,"mot":"U","mo":414.0},{"cn":"","ui":"","t":156.0,"r":5.0,"q":1.0,"p":5000.0,"mot":"L","mo":5.0}]},{"d":"27.04.2020","r":48.0,"q":1.0,"p":450.0,"s":[{"cn":"У Тони","ui":"9466307","t":48.0,"r":48.0,"q":1.0,"p":450.0,"mot":"U","mo":48.0},{"cn":"","ui":"","t":0.0,"r":0.0,"q":0.0,"p":0.0,"mot":"L","mo":0.0}]},{"d":"01.06.2020","r":82.0,"q":1.0,"p":2000.0,"s":[{"cn":"43.03.01_Друзья дяди Оли 2.0","ui":"9519405","t":82.0,"r":82.0,"q":1.0,"p":2000.0,"mot":"U","mo":82.0},{"cn":"","ui":"","t":0.0,"r":0.0,"q":0.0,"p":0.0,"mot":"L","mo":0.0}]},{"d":"13.07.2020","r":188.0,"q":3.64,"p":984.04,"s":[{"cn":"Osborn","ui":"9575906","t":178.0,"r":178.0,"q":3.74,"p":1000.0,"mot":"U","mo":178.0},{"cn":"cjpawar Incorporated","ui":"9576598","t":10.0,"r":10.0,"q":1.91,"p":700.0,"mot":"L","mo":10.0},{"cn":"","ui":"","t":0.0,"r":0.0,"q":0.0,"p":0.0,"mot":"L","mo":0.0}]},{"d":"14.07.2020","r":501.0,"q":3.67,"p":1000.0,"s":[{"cn":"Osborn","ui":"9575906","t":501.0,"r":501.0,"q":3.67,"p":1000.0,"mot":"U","mo":501.0},{"cn":"","ui":"","t":0.0,"r":0.0,"q":0.0,"p":0.0,"mot":"L","mo":0.0}]},{"d":"24.08.2020","r":798.0,"q":1.0,"p":600.0,"s":[{"cn":"riflexx77 Инвест","ui":"9634288","t":798.0,"r":798.0,"q":1.0,"p":600.0,"mot":"U","mo":798.0},{"cn":"","ui":"","t":0.0,"r":0.0,"q":0.0,"p":0.0,"mot":"L","mo":0.0}]},{"d":"31.08.2020","r":15.0,"q":1.09,"p":799.0,"s":[{"cn":"SpringGreen","ui":"9646895","t":15.0,"r":15.0,"q":1.09,"p":799.0,"mot":"U","mo":15.0},{"cn":"","ui":"","t":0.0,"r":0.0,"q":0.0,"p":0.0,"mot":"L","mo":0.0}]},{"d":"01.09.2020","r":17.0,"q":1.09,"p":799.0,"s":[{"cn":"SpringGreen","ui":"9646895","t":17.0,"r":17.0,"q":1.09,"p":799.0,"mot":"U","mo":17.0},{"cn":"","ui":"","t":0.0,"r":0.0,"q":0.0,"p":0.0,"mot":"L","mo":0.0}]},{"d":"02.10.2020","r":255.0,"q":4.84,"p":1000.0,"s":[{"cn":"Нутызаходиесличё","ui":"9691663","t":255.0,"r":255.0,"q":4.84,"p":1000.0,"mot":"U","mo":255.0},{"cn":"","ui":"","t":0.0,"r":0.0,"q":0.0,"p":0.0,"mot":"L","mo":0.0}]},{"d":"09.10.2020","r":325.0,"q":1.72,"p":300.0,"s":[{"cn":"Robles Holdings","ui":"9707944","t":325.0,"r":325.0,"q":1.72,"p":300.0,"mot":"U","mo":325.0},{"cn":"","ui":"","t":0.0,"r":0.0,"q":0.0,"p":0.0,"mot":"L","mo":0.0}]},{"d":"23.10.2020","r":300.0,"q":5.28,"p":1200.0,"s":[{"cn":"Photoroom","ui":"9732161","t":300.0,"r":300.0,"q":5.28,"p":1200.0,"mot":"L","mo":300.0},{"cn":"","ui":"","t":0.0,"r":0.0,"q":0.0,"p":0.0,"mot":"L","mo":0.0}]},{"d":"05.11.2020","r":80.0,"q":4.85,"p":500.0,"s":[{"cn":"Kuli4 Ltd.","ui":"9748704","t":906.0,"r":906.0,"q":4.85,"p":500.0,"mot":"L","mo":80.0},{"cn":"","ui":"","t":0.0,"r":0.0,"q":0.0,"p":0.0,"mot":"L","mo":0.0}]},{"d":"18.01.2021","r":217.0,"q":1.0,"p":2500.0,"s":[{"cn":"Fditus Ltd.","ui":"9869008","t":217.0,"r":217.0,"q":1.0,"p":2500.0,"mot":"U","mo":217.0},{"cn":"","ui":"","t":0.0,"r":0.0,"q":0.0,"p":0.0,"mot":"L","mo":0.0}]},{"d":"11.03.2021","r":68.0,"q":8.17,"p":1500.0,"s":[{"cn":"С1119-38.05.01_ОЭЗ \u0026quot;ЯДЯ\u0026amp;Co\u0026quot;","ui":"9956559","t":68.0,"r":68.0,"q":8.17,"p":1500.0,"mot":"U","mo":68.0},{"cn":"","ui":"","t":0.0,"r":0.0,"q":0.0,"p":0.0,"mot":"L","mo":0.0}]},{"d":"04.11.2021","r":109.0,"q":1.0,"p":699.0,"s":[{"cn":"Candi Pty Ltd","ui":"10344975","t":109.0,"r":109.0,"q":1.0,"p":699.0,"mot":"U","mo":109.0},{"cn":"","ui":"","t":0.0,"r":0.0,"q":0.0,"p":0.0,"mot":"L","mo":0.0}]},{"d":"08.11.2021","r":2379.0,"q":5.34,"p":1065.41,"s":[{"cn":"Б1118-38.03.01(2)_Ri€h ₽each","ui":"10352162","t":1291.0,"r":1291.0,"q":7.69,"p":1365.0,"mot":"L","mo":1291.0},{"cn":"Б1118-38.03.01(2)_Солнышко","ui":"10349880","t":1064.0,"r":1064.0,"q":2.53,"p":700.0,"mot":"U","mo":1064.0},{"cn":"","ui":"","t":24.0,"r":24.0,"q":3.62,"p":1150.0,"mot":"L","mo":24.0}]},{"d":"11.11.2021","r":768.0,"q":1.05,"p":309.5,"s":[{"cn":"Digoblin Ltd.","ui":"10355860","t":384.0,"r":384.0,"q":1.1,"p":370.0,"mot":"U","mo":384.0},{"cn":"Candice Ltd.","ui":"10354181","t":384.0,"r":384.0,"q":1.0,"p":249.0,"mot":"L","mo":384.0},{"cn":"","ui":"","t":0.0,"r":0.0,"q":0.0,"p":0.0,"mot":"L","mo":0.0}]},{"d":"16.11.2021","r":417.0,"q":1.1,"p":750.0,"s":[{"cn":"Candice Ltd.","ui":"10363664","t":417.0,"r":417.0,"q":1.1,"p":750.0,"mot":"L","mo":417.0},{"cn":"","ui":"","t":0.0,"r":0.0,"q":0.0,"p":0.0,"mot":"L","mo":0.0}]},{"d":"07.12.2021","r":200.0,"q":1.0,"p":600.0,"s":[{"cn":"Korol` obuvi","ui":"10403793","t":200.0,"r":200.0,"q":1.0,"p":600.0,"mot":"L","mo":200.0},{"cn":"","ui":"","t":0.0,"r":0.0,"q":0.0,"p":0.0,"mot":"L","mo":0.0}]},{"d":"22.02.2022","r":136.0,"q":1.0,"p":400.0,"s":[{"cn":"Jackouille9351 Ltd.","ui":"10515357","t":136.0,"r":136.0,"q":1.0,"p":400.0,"mot":"U","mo":136.0},{"cn":"","ui":"","t":0.0,"r":0.0,"q":0.0,"p":0.0,"mot":"L","mo":0.0}]},{"d":"03.03.2022","r":94.0,"q":1.13,"p":500.0,"s":[{"cn":"1to1","ui":"10530842","t":94.0,"r":94.0,"q":1.13,"p":500.0,"mot":"U","mo":94.0},{"cn":"","ui":"","t":0.0,"r":0.0,"q":0.0,"p":0.0,"mot":"L","mo":0.0}]},{"d":"04.03.2022","r":2923.0,"q":1.13,"p":600.0,"s":[{"cn":"1to1","ui":"10530842","t":2923.0,"r":2923.0,"q":1.13,"p":600.0,"mot":"U","mo":2923.0},{"cn":"","ui":"","t":0.0,"r":0.0,"q":0.0,"p":0.0,"mot":"L","mo":0.0}]},{"d":"10.03.2022","r":25.0,"q":1.05,"p":352.0,"s":[{"cn":"Me_enot Ltd.","ui":"10543631","t":13.0,"r":13.0,"q":1.1,"p":400.0,"mot":"U","mo":13.0},{"cn":"Me_enot Ltd.","ui":"10542583","t":12.0,"r":12.0,"q":1.0,"p":300.0,"mot":"U","mo":12.0},{"cn":"","ui":"","t":0.0,"r":0.0,"q":0.0,"p":0.0,"mot":"L","mo":0.0}]},{"d":"25.03.2022","r":133.0,"q":1.0,"p":520.0,"s":[{"cn":"Djjja Ltd.","ui":"10568674","t":133.0,"r":133.0,"q":1.0,"p":520.0,"mot":"U","mo":133.0},{"cn":"","ui":"","t":0.0,"r":0.0,"q":0.0,"p":0.0,"mot":"L","mo":0.0}]},{"d":"06.04.2022","r":23.0,"q":1.1,"p":600.0,"s":[{"cn":"Б1119-38.03.01би_aurum","ui":"10588384","t":23.0,"r":23.0,"q":1.1,"p":600.0,"mot":"L","mo":23.0},{"cn":"","ui":"","t":0.0,"r":0.0,"q":0.0,"p":0.0,"mot":"L","mo":0.0}]},{"d":"27.05.2022","r":191.0,"q":3.51,"p":500.0,"s":[{"cn":"Mixtapes Ltd.","ui":"10675703","t":191.0,"r":191.0,"q":3.51,"p":500.0,"mot":"U","mo":191.0},{"cn":"","ui":"","t":0.0,"r":0.0,"q":0.0,"p":0.0,"mot":"L","mo":0.0}]},{"d":"27.06.2022","r":939.0,"q":1.02,"p":360.38,"s":[{"cn":"ALBARKAH Pvt. Ltd. ","ui":"10727566","t":195.0,"r":195.0,"q":1.1,"p":400.0,"mot":"U","mo":195.0},{"cn":"ALBARKAH Pvt. Ltd. ","ui":"10727570","t":744.0,"r":744.0,"q":1.0,"p":350.0,"mot":"U","mo":744.0},{"cn":"","ui":"","t":0.0,"r":0.0,"q":0.0,"p":0.0,"mot":"L","mo":0.0}]},{"d":"15.07.2022","r":331.0,"q":1.1,"p":115.0,"s":[{"cn":"Ibrahim.mohamd Ltd.","ui":"10756522","t":331.0,"r":331.0,"q":1.1,"p":115.0,"mot":"U","mo":331.0},{"cn":"","ui":"","t":0.0,"r":0.0,"q":0.0,"p":0.0,"mot":"L","mo":0.0}]},{"d":"26.08.2022","r":2197.0,"q":1.0,"p":510.0,"s":[{"cn":"Matei_baila_1 Ltd.","ui":"10812578","t":2197.0,"r":2197.0,"q":1.0,"p":510.0,"mot":"U","mo":2197.0},{"cn":"","ui":"","t":0.0,"r":0.0,"q":0.0,"p":0.0,"mot":"L","mo":0.0}]},{"d":"26.09.2022","r":5.0,"q":1.1,"p":1500.0,"s":[{"cn":"GoranStorm Ltd.","ui":"10856551","t":5.0,"r":5.0,"q":1.1,"p":1500.0,"mot":"L","mo":5.0},{"cn":"","ui":"","t":0.0,"r":0.0,"q":0.0,"p":0.0,"mot":"L","mo":0.0}]},{"d":"27.09.2022","r":30.0,"q":1.1,"p":1000.0,"s":[{"cn":"GoranStorm Ltd.","ui":"10856551","t":60.0,"r":60.0,"q":1.1,"p":1000.0,"mot":"L","mo":30.0},{"cn":"","ui":"","t":0.0,"r":0.0,"q":0.0,"p":0.0,"mot":"L","mo":0.0}]},{"d":"28.09.2022","r":0.0,"q":0.0,"p":0.0,"s":[{"cn":"","ui":"","t":0.0,"r":0.0,"q":0.0,"p":0.0,"mot":"L","mo":0.0}]}]