[{"pi":"422435","pc":"Товары для дома","ss":100000,"td":"Центр города","dc":2,"n":462.76,"vc":"418714","sl":"Высокий","sv":"1600","p":14000.0,"q":24.16,"b":0.0,"ms":0.56,"wi":131.96,"ei":6.72,"as":1776.47,"mi":"E","mv":283572,"sc":1,"lpe":99.44,"lpr":4486.02,"lq":1.0,"d":2542506},{"pi":"422435","pc":"Товары для дома","ss":100000,"td":"Центр города","dc":1,"n":439.87,"vc":"338596","sl":"Элитный","sv":"50","p":12000.0,"q":24.16,"b":2.51,"ms":0.01,"wi":81.91,"ei":8.82,"as":546.4,"mi":"E","mv":339706,"sc":1,"lpe":99.99,"lpr":2444.58,"lq":1.0,"d":2598727},{"pi":"422435","pc":"Товары для дома","ss":100000,"td":"Центр города","dc":1,"n":496.36,"vc":"405114","sl":"Элитный","sv":"2300","p":9900.0,"q":24.16,"b":2.09,"ms":4.39,"wi":108.65,"ei":7.35,"as":1291.6,"mi":"E","mv":52353,"sc":1,"lpe":95.61,"lpr":3745.67,"lq":1.0,"d":1033752},{"pi":"422435","pc":"Товары для дома","ss":200000,"td":"Центр города","dc":2,"n":559.12,"vc":"1517842","sl":"Нормальный","sv":"1550","p":9600.0,"q":24.16,"b":2.09,"ms":3.14,"wi":109.29,"ei":6.7,"as":1597.06,"mi":"E","mv":49346,"sc":1,"lpe":96.86,"lpr":4259.7,"lq":1.0,"d":976806},{"pi":"422435","pc":"Товары для дома","ss":1000,"td":"Фешенебельный район","dc":1,"n":452.88,"vc":"1197","sl":"Элитный","sv":"50","p":11000.0,"q":24.16,"b":3.06,"ms":0.05,"wi":89.51,"ei":7.06,"as":573.3,"mi":"E","mv":92575,"sc":1,"lpe":99.95,"lpr":2604.35,"lq":1.0,"d":978294},{"pi":"422435","pc":"Товары для дома","ss":100000,"td":"Центр города","dc":2,"n":450.57,"vc":"270873","sl":"Очень высокий","sv":"25","p":5200.0,"q":24.16,"b":3.05,"ms":0.04,"wi":62.28,"ei":8.99,"as":967.35,"mi":"E","mv":60600,"sc":1,"lpe":99.96,"lpr":2542.25,"lq":1.0,"d":1023950},{"pi":"422435","pc":"Товары для дома","ss":10000,"td":"Центр города","dc":1,"n":491.56,"vc":"91107","sl":"Нормальный","sv":"80","p":6100.0,"q":24.16,"b":1.55,"ms":0.02,"wi":59.25,"ei":8.02,"as":811.4,"mi":"E","mv":489688,"sc":1,"lpe":99.98,"lpr":1235.92,"lq":1.0,"d":4968783},{"pi":"422435","pc":"Товары для дома","ss":100000,"td":"Центр города","dc":2,"n":530.78,"vc":"456160","sl":"Высокий","sv":"2650","p":13000.0,"q":24.16,"b":3.5,"ms":5.04,"wi":191.47,"ei":9.72,"as":2008.97,"mi":"E","mv":52606,"sc":1,"lpe":94.96,"lpr":5361.17,"lq":1.0,"d":501060},{"pi":"422435","pc":"Товары для дома","ss":100000,"td":"Фешенебельный район","dc":2,"n":498.65,"vc":"83082","sl":"Элитный","sv":"850","p":14000.0,"q":24.16,"b":0.0,"ms":0.32,"wi":127.75,"ei":7.06,"as":1642.86,"mi":"E","mv":266430,"sc":1,"lpe":99.68,"lpr":4068.69,"lq":1.0,"d":2109186},{"pi":"422435","pc":"Товары для дома","ss":100000,"td":"Центр города","dc":1,"n":509.91,"vc":"470800","sl":"Очень высокий","sv":"1500","p":5800.0,"q":24.16,"b":3.08,"ms":1.19,"wi":73.83,"ei":6.3,"as":571.53,"mi":"E","mv":125914,"sc":1,"lpe":98.81,"lpr":1800.92,"lq":1.0,"d":973156},{"pi":"422435","pc":"Товары для дома","ss":1000,"td":"Центр города","dc":1,"n":661.77,"vc":"12816","sl":"Низкий","sv":"100","p":11000.0,"q":24.16,"b":4.64,"ms":0.81,"wi":100.73,"ei":10.74,"as":1420.16,"mi":"E","mv":12344,"sc":1,"lpe":99.19,"lpr":3037.16,"lq":1.0,"d":130817},{"pi":"422435","pc":"Товары для дома","ss":200000,"td":"Центр города","dc":2,"n":409.85,"vc":"645374","sl":"Очень высокий","sv":"23","p":7600.0,"q":24.16,"b":1.97,"ms":0.01,"wi":51.76,"ei":4.41,"as":655.66,"mi":"E","mv":421796,"sc":1,"lpe":99.99,"lpr":1600.4,"lq":1.0,"d":7172110},{"pi":"422435","pc":"Товары для дома","ss":100000,"td":"Центр города","dc":1,"n":555.91,"vc":"744792","sl":"Очень высокий","sv":"1050","p":10200.0,"q":24.16,"b":1.85,"ms":2.47,"wi":113.29,"ei":8.52,"as":2226.16,"mi":"E","mv":42447,"sc":1,"lpe":97.53,"lpr":5737.95,"lq":1.0,"d":1235082},{"pi":"422435","pc":"Товары для дома","ss":200000,"td":"Фешенебельный район","dc":2,"n":502.8,"vc":"159526","sl":"Элитный","sv":"1","p":7000.0,"q":24.16,"b":4.0,"ms":0.0,"wi":78.65,"ei":6.43,"as":351.11,"mi":"E","mv":242806,"sc":1,"lpe":100.0,"lpr":1594.7,"lq":1.0,"d":1885836},{"pi":"422435","pc":"Товары для дома","ss":100000,"td":"Центр города","dc":2,"n":415.29,"vc":"229502","sl":"Очень высокий","sv":"200","p":14000.0,"q":24.16,"b":0.81,"ms":0.12,"wi":98.78,"ei":7.86,"as":1444.66,"mi":"E","mv":167165,"sc":1,"lpe":99.88,"lpr":3330.94,"lq":1.0,"d":1680666},{"pi":"422435","pc":"Товары для дома","ss":100000,"td":"Фешенебельный район","dc":1,"n":461.52,"vc":"62526","sl":"Элитный","sv":"5000","p":19000.0,"q":24.16,"b":1.85,"ms":1.87,"wi":116.13,"ei":7.17,"as":2122.22,"mi":"E","mv":266753,"sc":1,"lpe":98.13,"lpr":5280.4,"lq":1.0,"d":2596850},{"pi":"422435","pc":"Товары для дома","ss":100000,"td":"Центр города","dc":1,"n":555.64,"vc":"1636911","sl":"Нормальный","sv":"18755","p":43500.0,"q":27.95,"b":2.84,"ms":5.58,"wi":102.86,"ei":10.85,"as":2744.68,"mi":"E","mv":336106,"sc":3,"lpe":89.57,"lpr":11093.74,"lq":1.0,"d":9744630},{"pi":"422435","pc":"Товары для дома","ss":300000,"td":"Центр города","dc":2,"n":302.59,"vc":"211328","sl":"Элитный","sv":"16288","p":17000.0,"q":17.17,"b":2.92,"ms":4.85,"wi":102.86,"ei":10.85,"as":2744.68,"mi":"E","mv":336106,"sc":3,"lpe":89.57,"lpr":11093.74,"lq":1.0,"d":9744630},{"pi":"422435","pc":"Товары для дома","ss":200000,"td":"Центр города","dc":1,"n":428.11,"vc":"868731","sl":"Элитный","sv":"1","p":45000.0,"q":24.16,"b":0.81,"ms":0.0,"wi":102.86,"ei":10.85,"as":2744.68,"mi":"E","mv":336106,"sc":3,"lpe":89.57,"lpr":11093.74,"lq":1.0,"d":9744630},{"pi":"422435","pc":"Товары для дома","ss":10000,"td":"Центр города","dc":2,"n":388.89,"vc":"38722","sl":"Высокий","sv":"500","p":5700.0,"q":24.16,"b":2.45,"ms":0.16,"wi":66.45,"ei":6.04,"as":318.0,"mi":"E","mv":311622,"sc":1,"lpe":99.84,"lpr":1619.74,"lq":1.0,"d":2877864},{"pi":"422435","pc":"Товары для дома","ss":300000,"td":"Фешенебельный район","dc":2,"n":599.07,"vc":"289612","sl":"Элитный","sv":"1","p":14000.0,"q":24.16,"b":4.0,"ms":0.0,"wi":102.66,"ei":5.0,"as":366.29,"mi":"E","mv":54735,"sc":1,"lpe":100.0,"lpr":2635.67,"lq":1.0,"d":454964},{"pi":"422435","pc":"Товары для дома","ss":300000,"td":"Фешенебельный район","dc":2,"n":460.81,"vc":"147918","sl":"Элитный","sv":"10","p":12500.0,"q":24.16,"b":4.0,"ms":0.0,"wi":93.34,"ei":5.0,"as":474.39,"mi":"E","mv":379379,"sc":1,"lpe":100.0,"lpr":2548.5,"lq":1.0,"d":2970884},{"pi":"422435","pc":"Товары для дома","ss":100000,"td":"Центр города","dc":2,"n":545.81,"vc":"602406","sl":"Высокий","sv":"1","p":9500.0,"q":24.16,"b":4.6,"ms":0.0,"wi":64.2,"ei":7.41,"as":406.66,"mi":"E","mv":97333,"sc":1,"lpe":100.0,"lpr":1958.68,"lq":1.0,"d":733921},{"pi":"422435","pc":"Товары для дома","ss":100000,"td":"Фешенебельный район","dc":2,"n":586.67,"vc":"130200","sl":"Элитный","sv":"50","p":14000.0,"q":24.16,"b":0.81,"ms":0.11,"wi":75.57,"ei":8.11,"as":1269.9,"mi":"E","mv":44236,"sc":1,"lpe":99.89,"lpr":3212.94,"lq":1.0,"d":678178},{"pi":"422435","pc":"Товары для дома","ss":100000,"td":"Центр города","dc":1,"n":378.35,"vc":"217116","sl":"Элитный","sv":"100","p":7800.01,"q":24.16,"b":1.44,"ms":0.03,"wi":48.46,"ei":12.08,"as":459.52,"mi":"E","mv":314787,"sc":1,"lpe":99.97,"lpr":1172.18,"lq":1.0,"d":3957256}]