[{"pi":"423923","pc":"Продукты питания","ss":1000,"td":"Центр города","dc":2,"n":76.06,"vc":"485","sl":"Элитный","sv":"3000","p":600.0,"q":14.37,"b":1.96,"ms":1.04,"wi":49.22,"ei":5.0,"as":337.0,"mi":"E","mv":287154,"sc":1,"lpe":98.96,"lpr":395.9,"lq":1.0,"d":451228},{"pi":"423923","pc":"Продукты питания","ss":10000,"td":"Центр города","dc":2,"n":394.11,"vc":"11634","sl":"Элитный","sv":"29720","p":500.0,"q":5.39,"b":0.0,"ms":17.78,"wi":60.1,"ei":6.0,"as":396.0,"mi":"E","mv":167153,"sc":4,"lpe":79.43,"lpr":375.63,"lq":2.52,"d":264316},{"pi":"423923","pc":"Продукты питания","ss":1000,"td":"Центр города","dc":2,"n":109.66,"vc":"486","sl":"Элитный","sv":"3000","p":740.0,"q":14.37,"b":1.96,"ms":1.79,"wi":60.1,"ei":6.0,"as":396.0,"mi":"E","mv":167153,"sc":4,"lpe":79.43,"lpr":375.63,"lq":2.52,"d":264316},{"pi":"423923","pc":"Продукты питания","ss":10000,"td":"Центр города","dc":1,"n":443.28,"vc":"16736","sl":"Элитный","sv":"1641","p":920.0,"q":9.19,"b":0.0,"ms":0.98,"wi":60.1,"ei":6.0,"as":396.0,"mi":"E","mv":167153,"sc":4,"lpe":79.43,"lpr":375.63,"lq":2.52,"d":264316},{"pi":"423923","pc":"Продукты питания","ss":2000,"td":"Центр города","dc":1,"n":261.6,"vc":"1712","sl":"Элитный","sv":"16","p":490.0,"q":1.0,"b":0.0,"ms":0.01,"wi":60.1,"ei":6.0,"as":396.0,"mi":"E","mv":167153,"sc":4,"lpe":79.43,"lpr":375.63,"lq":2.52,"d":264316},{"pi":"423923","pc":"Продукты питания","ss":300,"td":"Спальный район","dc":1,"n":233.08,"vc":"575","sl":"Высокий","sv":"1250","p":230.0,"q":2.46,"b":0.0,"ms":0.18,"wi":37.95,"ei":7.19,"as":1002.4,"mi":"E","mv":693309,"sc":1,"lpe":99.82,"lpr":229.33,"lq":1.0,"d":1111176},{"pi":"423923","pc":"Продукты питания","ss":15000,"td":"Центр города","dc":1,"n":313.3,"vc":"14434","sl":"Элитный","sv":"9505","p":199.0,"q":8.36,"b":1.33,"ms":2.61,"wi":18.29,"ei":4.91,"as":316.1,"mi":"E","mv":364707,"sc":1,"lpe":97.39,"lpr":149.03,"lq":1.0,"d":1282896},{"pi":"423923","pc":"Продукты питания","ss":21000,"td":"Центр города","dc":1,"n":383.31,"vc":"55416","sl":"Элитный","sv":"100866","p":520.0,"q":6.68,"b":0.0,"ms":7.9,"wi":62.72,"ei":7.0,"as":1148.0,"mi":"E","mv":1277238,"sc":13,"lpe":85.25,"lpr":391.8,"lq":2.47,"d":2007074},{"pi":"423923","pc":"Продукты питания","ss":5000,"td":"Центр города","dc":1,"n":262.12,"vc":"5931","sl":"Элитный","sv":"20000","p":320.0,"q":9.58,"b":0.0,"ms":1.57,"wi":62.72,"ei":7.0,"as":1148.0,"mi":"E","mv":1277238,"sc":13,"lpe":85.25,"lpr":391.8,"lq":2.47,"d":2007074},{"pi":"423923","pc":"Продукты питания","ss":10000,"td":"Спальный район","dc":2,"n":287.45,"vc":"8061","sl":"Элитный","sv":"18000","p":480.0,"q":9.39,"b":1.35,"ms":1.41,"wi":62.72,"ei":7.0,"as":1148.0,"mi":"E","mv":1277238,"sc":13,"lpe":85.25,"lpr":391.8,"lq":2.47,"d":2007074},{"pi":"423923","pc":"Продукты питания","ss":1800,"td":"Центр города","dc":1,"n":128.25,"vc":"2192","sl":"Элитный","sv":"15000","p":450.0,"q":6.52,"b":0.29,"ms":1.17,"wi":62.72,"ei":7.0,"as":1148.0,"mi":"E","mv":1277238,"sc":13,"lpe":85.25,"lpr":391.8,"lq":2.47,"d":2007074},{"pi":"423923","pc":"Продукты питания","ss":10000,"td":"Центр города","dc":1,"n":398.44,"vc":"24422","sl":"Элитный","sv":"10000","p":350.0,"q":9.58,"b":0.0,"ms":0.78,"wi":62.72,"ei":7.0,"as":1148.0,"mi":"E","mv":1277238,"sc":13,"lpe":85.25,"lpr":391.8,"lq":2.47,"d":2007074},{"pi":"423923","pc":"Продукты питания","ss":50000,"td":"Центр города","dc":1,"n":421.08,"vc":"98081","sl":"Элитный","sv":"10000","p":400.0,"q":12.79,"b":0.0,"ms":0.78,"wi":62.72,"ei":7.0,"as":1148.0,"mi":"E","mv":1277238,"sc":13,"lpe":85.25,"lpr":391.8,"lq":2.47,"d":2007074},{"pi":"423923","pc":"Продукты питания","ss":6000,"td":"Центр города","dc":1,"n":140.71,"vc":"2829","sl":"Элитный","sv":"6000","p":200.0,"q":7.61,"b":0.0,"ms":0.47,"wi":62.72,"ei":7.0,"as":1148.0,"mi":"E","mv":1277238,"sc":13,"lpe":85.25,"lpr":391.8,"lq":2.47,"d":2007074},{"pi":"423923","pc":"Продукты питания","ss":155000,"td":"Фешенебельный район","dc":2,"n":475.24,"vc":"96753","sl":"Элитный","sv":"3066","p":510.0,"q":1.79,"b":0.0,"ms":0.24,"wi":62.72,"ei":7.0,"as":1148.0,"mi":"E","mv":1277238,"sc":13,"lpe":85.25,"lpr":391.8,"lq":2.47,"d":2007074},{"pi":"423923","pc":"Продукты питания","ss":1000,"td":"Центр города","dc":1,"n":261.46,"vc":"2326","sl":"Очень высокий","sv":"3000","p":300.0,"q":1.12,"b":0.0,"ms":0.23,"wi":62.72,"ei":7.0,"as":1148.0,"mi":"E","mv":1277238,"sc":13,"lpe":85.25,"lpr":391.8,"lq":2.47,"d":2007074},{"pi":"423923","pc":"Продукты питания","ss":3000,"td":"Центр города","dc":2,"n":151.38,"vc":"2164","sl":"Элитный","sv":"1000","p":400.0,"q":14.37,"b":1.53,"ms":0.08,"wi":62.72,"ei":7.0,"as":1148.0,"mi":"E","mv":1277238,"sc":13,"lpe":85.25,"lpr":391.8,"lq":2.47,"d":2007074},{"pi":"423923","pc":"Продукты питания","ss":10000,"td":"Спальный район","dc":1,"n":447.01,"vc":"23049","sl":"Элитный","sv":"12000","p":500.0,"q":9.39,"b":1.35,"ms":1.39,"wi":55.87,"ei":7.0,"as":994.0,"mi":"E","mv":861617,"sc":5,"lpe":96.98,"lpr":400.21,"lq":1.0,"d":1386711},{"pi":"423923","pc":"Продукты питания","ss":1900,"td":"Центр города","dc":1,"n":132.55,"vc":"2028","sl":"Элитный","sv":"10000","p":400.0,"q":6.52,"b":0.29,"ms":1.16,"wi":55.87,"ei":7.0,"as":994.0,"mi":"E","mv":861617,"sc":5,"lpe":96.98,"lpr":400.21,"lq":1.0,"d":1386711},{"pi":"423923","pc":"Продукты питания","ss":1000,"td":"Центр города","dc":1,"n":295.97,"vc":"2482","sl":"Очень высокий","sv":"3000","p":380.0,"q":1.12,"b":0.0,"ms":0.35,"wi":55.87,"ei":7.0,"as":994.0,"mi":"E","mv":861617,"sc":5,"lpe":96.98,"lpr":400.21,"lq":1.0,"d":1386711},{"pi":"423923","pc":"Продукты питания","ss":2000,"td":"Центр города","dc":2,"n":187.68,"vc":"1944","sl":"Элитный","sv":"1000","p":280.0,"q":14.37,"b":1.53,"ms":0.12,"wi":55.87,"ei":7.0,"as":994.0,"mi":"E","mv":861617,"sc":5,"lpe":96.98,"lpr":400.21,"lq":1.0,"d":1386711},{"pi":"423923","pc":"Продукты питания","ss":500,"td":"Спальный район","dc":1,"n":63.97,"vc":"364","sl":"Элитный","sv":"21","p":150.0,"q":1.98,"b":0.0,"ms":0.0,"wi":55.87,"ei":7.0,"as":994.0,"mi":"E","mv":861617,"sc":5,"lpe":96.98,"lpr":400.21,"lq":1.0,"d":1386711},{"pi":"423923","pc":"Продукты питания","ss":40000,"td":"Центр города","dc":3,"n":452.36,"vc":"92259","sl":"Очень высокий","sv":"20000","p":490.0,"q":9.39,"b":1.35,"ms":2.45,"wi":56.61,"ei":7.0,"as":1036.07,"mi":"E","mv":817848,"sc":5,"lpe":95.51,"lpr":399.18,"lq":1.0,"d":1285176},{"pi":"423923","pc":"Продукты питания","ss":2200,"td":"Центр города","dc":1,"n":150.44,"vc":"2368","sl":"Элитный","sv":"15000","p":400.0,"q":6.52,"b":0.29,"ms":1.83,"wi":56.61,"ei":7.0,"as":1036.07,"mi":"E","mv":817848,"sc":5,"lpe":95.51,"lpr":399.18,"lq":1.0,"d":1285176},{"pi":"423923","pc":"Продукты питания","ss":2000,"td":"Центр города","dc":2,"n":191.52,"vc":"1938","sl":"Элитный","sv":"1000","p":280.0,"q":14.37,"b":1.53,"ms":0.12,"wi":56.61,"ei":7.0,"as":1036.07,"mi":"E","mv":817848,"sc":5,"lpe":95.51,"lpr":399.18,"lq":1.0,"d":1285176},{"pi":"423923","pc":"Продукты питания","ss":1000,"td":"Центр города","dc":1,"n":300.73,"vc":"2483","sl":"Очень высокий","sv":"731","p":380.0,"q":1.08,"b":0.0,"ms":0.09,"wi":56.61,"ei":7.0,"as":1036.07,"mi":"E","mv":817848,"sc":5,"lpe":95.51,"lpr":399.18,"lq":1.0,"d":1285176},{"pi":"423923","pc":"Продукты питания","ss":500,"td":"Спальный район","dc":1,"n":64.13,"vc":"354","sl":"Элитный","sv":"13","p":150.0,"q":2.0,"b":0.0,"ms":0.0,"wi":56.61,"ei":7.0,"as":1036.07,"mi":"E","mv":817848,"sc":5,"lpe":95.51,"lpr":399.18,"lq":1.0,"d":1285176},{"pi":"423923","pc":"Продукты питания","ss":20000,"td":"Центр города","dc":2,"n":190.53,"vc":"5749","sl":"Элитный","sv":"2000","p":218.0,"q":9.39,"b":0.0,"ms":3.5,"wi":16.19,"ei":8.65,"as":559.5,"mi":"E","mv":57212,"sc":3,"lpe":94.75,"lpr":165.39,"lq":1.0,"d":897180},{"pi":"423923","pc":"Продукты питания","ss":23000,"td":"Спальный район","dc":2,"n":451.33,"vc":"38822","sl":"Элитный","sv":"1000","p":250.0,"q":12.57,"b":0.0,"ms":1.75,"wi":16.19,"ei":8.65,"as":559.5,"mi":"E","mv":57212,"sc":3,"lpe":94.75,"lpr":165.39,"lq":1.0,"d":897180},{"pi":"423923","pc":"Продукты питания","ss":500,"td":"Центр города","dc":1,"n":120.4,"vc":"557","sl":"Элитный","sv":"1","p":140.0,"q":1.0,"b":0.0,"ms":0.0,"wi":16.19,"ei":8.65,"as":559.5,"mi":"E","mv":57212,"sc":3,"lpe":94.75,"lpr":165.39,"lq":1.0,"d":897180},{"pi":"423923","pc":"Продукты питания","ss":200,"td":"Спальный район","dc":1,"n":194.32,"vc":"232","sl":"Очень высокий","sv":"1250","p":104.0,"q":2.46,"b":0.0,"ms":0.62,"wi":16.16,"ei":6.31,"as":221.1,"mi":"E","mv":202488,"sc":1,"lpe":99.38,"lpr":105.33,"lq":1.0,"d":337496},{"pi":"423923","pc":"Продукты питания","ss":500,"td":"Окраина","dc":1,"n":200.11,"vc":"240","sl":"Элитный","sv":"1","p":60.0,"q":1.0,"b":0.0,"ms":0.0,"wi":24.13,"ei":3.42,"as":268.0,"mi":"E","mv":69074,"sc":1,"lpe":100.0,"lpr":182.6,"lq":1.0,"d":108531},{"pi":"423923","pc":"Продукты питания","ss":100000,"td":"Центр города","dc":1,"n":501.41,"vc":"383343","sl":"Элитный","sv":"400000","p":600.0,"q":5.46,"b":0.0,"ms":29.11,"wi":47.6,"ei":7.77,"as":378.0,"mi":"E","mv":1374298,"sc":5,"lpe":69.49,"lpr":346.57,"lq":1.35,"d":2176390},{"pi":"423923","pc":"Продукты питания","ss":10000,"td":"Пригород","dc":3,"n":164.79,"vc":"1785","sl":"Элитный","sv":"17742","p":496.0,"q":9.35,"b":0.32,"ms":1.29,"wi":47.6,"ei":7.77,"as":378.0,"mi":"E","mv":1374298,"sc":5,"lpe":69.49,"lpr":346.57,"lq":1.35,"d":2176390},{"pi":"423923","pc":"Продукты питания","ss":1000,"td":"Центр города","dc":2,"n":25.18,"vc":"631","sl":"Элитный","sv":"1000","p":360.0,"q":14.37,"b":2.22,"ms":0.07,"wi":47.6,"ei":7.77,"as":378.0,"mi":"E","mv":1374298,"sc":5,"lpe":69.49,"lpr":346.57,"lq":1.35,"d":2176390},{"pi":"423923","pc":"Продукты питания","ss":100000,"td":"Центр города","dc":1,"n":415.55,"vc":"167899","sl":"Элитный","sv":"500","p":350.0,"q":1.75,"b":0.0,"ms":0.04,"wi":47.6,"ei":7.77,"as":378.0,"mi":"E","mv":1374298,"sc":5,"lpe":69.49,"lpr":346.57,"lq":1.35,"d":2176390},{"pi":"423923","pc":"Продукты питания","ss":500,"td":"Спальный район","dc":3,"n":52.15,"vc":"401","sl":"Высокий","sv":"20","p":90.0,"q":2.01,"b":0.0,"ms":0.0,"wi":47.6,"ei":7.77,"as":378.0,"mi":"E","mv":1374298,"sc":5,"lpe":69.49,"lpr":346.57,"lq":1.35,"d":2176390},{"pi":"423923","pc":"Продукты питания","ss":100000,"td":"Центр города","dc":1,"n":492.52,"vc":"664420","sl":"Очень высокий","sv":"150000","p":400.0,"q":5.46,"b":0.0,"ms":2.28,"wi":22.52,"ei":5.34,"as":224.4,"mi":"E","mv":6584560,"sc":4,"lpe":97.3,"lpr":204.23,"lq":1.0,"d":13372198},{"pi":"423923","pc":"Продукты питания","ss":105000,"td":"Центр города","dc":1,"n":244.91,"vc":"63375","sl":"Элитный","sv":"22392","p":550.0,"q":8.36,"b":0.51,"ms":0.34,"wi":22.52,"ei":5.34,"as":224.4,"mi":"E","mv":6584560,"sc":4,"lpe":97.3,"lpr":204.23,"lq":1.0,"d":13372198},{"pi":"423923","pc":"Продукты питания","ss":10000,"td":"Центр города","dc":1,"n":263.56,"vc":"26236","sl":"Элитный","sv":"4387","p":148.0,"q":4.91,"b":1.46,"ms":0.07,"wi":22.52,"ei":5.34,"as":224.4,"mi":"E","mv":6584560,"sc":4,"lpe":97.3,"lpr":204.23,"lq":1.0,"d":13372198},{"pi":"423923","pc":"Продукты питания","ss":100000,"td":"Спальный район","dc":1,"n":322.74,"vc":"146082","sl":"Элитный","sv":"1000","p":250.0,"q":16.66,"b":0.0,"ms":0.02,"wi":22.52,"ei":5.34,"as":224.4,"mi":"E","mv":6584560,"sc":4,"lpe":97.3,"lpr":204.23,"lq":1.0,"d":13372198},{"pi":"423923","pc":"Продукты питания","ss":1000,"td":"Окраина","dc":1,"n":313.24,"vc":"849","sl":"Элитный","sv":"6000","p":320.0,"q":9.39,"b":0.32,"ms":4.06,"wi":33.4,"ei":6.0,"as":384.38,"mi":"E","mv":147700,"sc":2,"lpe":95.26,"lpr":229.0,"lq":1.0,"d":211000},{"pi":"423923","pc":"Продукты питания","ss":1000,"td":"Центр города","dc":2,"n":117.91,"vc":"471","sl":"Элитный","sv":"1000","p":220.0,"q":14.37,"b":2.22,"ms":0.68,"wi":33.4,"ei":6.0,"as":384.38,"mi":"E","mv":147700,"sc":2,"lpe":95.26,"lpr":229.0,"lq":1.0,"d":211000},{"pi":"423923","pc":"Продукты питания","ss":1000,"td":"Спальный район","dc":1,"n":298.23,"vc":"1064","sl":"Элитный","sv":"11000","p":500.0,"q":9.39,"b":0.32,"ms":6.39,"wi":51.02,"ei":8.0,"as":490.0,"mi":"E","mv":172145,"sc":2,"lpe":93.03,"lpr":367.24,"lq":1.0,"d":270500},{"pi":"423923","pc":"Продукты питания","ss":1000,"td":"Центр города","dc":2,"n":98.04,"vc":"459","sl":"Элитный","sv":"1000","p":370.0,"q":14.37,"b":2.22,"ms":0.58,"wi":51.02,"ei":8.0,"as":490.0,"mi":"E","mv":172145,"sc":2,"lpe":93.03,"lpr":367.24,"lq":1.0,"d":270500},{"pi":"423923","pc":"Продукты питания","ss":15000,"td":"Центр города","dc":1,"n":308.43,"vc":"13467","sl":"Элитный","sv":"20000","p":205.0,"q":8.36,"b":0.35,"ms":15.34,"wi":9.03,"ei":5.37,"as":254.79,"mi":"E","mv":130404,"sc":1,"lpe":84.66,"lpr":104.77,"lq":1.03,"d":1172054},{"pi":"423923","pc":"Продукты питания","ss":200,"td":"Спальный район","dc":1,"n":64.15,"vc":"281","sl":"Высокий","sv":"1250","p":247.0,"q":2.46,"b":0.0,"ms":0.23,"wi":20.66,"ei":13.7,"as":469.4,"mi":"E","mv":534412,"sc":3,"lpe":99.48,"lpr":241.59,"lq":1.0,"d":3019600},{"pi":"423923","pc":"Продукты питания","ss":2000,"td":"Центр города","dc":2,"n":47.74,"vc":"1082","sl":"Элитный","sv":"906","p":59.0,"q":1.0,"b":0.13,"ms":0.17,"wi":20.66,"ei":13.7,"as":469.4,"mi":"E","mv":534412,"sc":3,"lpe":99.48,"lpr":241.59,"lq":1.0,"d":3019600},{"pi":"423923","pc":"Продукты питания","ss":5000,"td":"Центр города","dc":1,"n":263.5,"vc":"6907","sl":"Элитный","sv":"600","p":230.0,"q":9.39,"b":0.0,"ms":0.11,"wi":20.66,"ei":13.7,"as":469.4,"mi":"E","mv":534412,"sc":3,"lpe":99.48,"lpr":241.59,"lq":1.0,"d":3019600},{"pi":"423923","pc":"Продукты питания","ss":10000,"td":"Фешенебельный район","dc":1,"n":484.61,"vc":"5005","sl":"Элитный","sv":"39722","p":350.0,"q":5.77,"b":0.0,"ms":7.87,"wi":48.91,"ei":7.0,"as":913.33,"mi":"E","mv":504581,"sc":3,"lpe":87.17,"lpr":268.51,"lq":1.06,"d":792900},{"pi":"423923","pc":"Продукты питания","ss":10000,"td":"Пригород","dc":2,"n":345.0,"vc":"4754","sl":"Элитный","sv":"24000","p":360.0,"q":9.39,"b":2.4,"ms":4.76,"wi":48.91,"ei":7.0,"as":913.33,"mi":"E","mv":504581,"sc":3,"lpe":87.17,"lpr":268.51,"lq":1.06,"d":792900},{"pi":"423923","pc":"Продукты питания","ss":1000,"td":"Центр города","dc":2,"n":66.96,"vc":"561","sl":"Элитный","sv":"1000","p":250.0,"q":14.37,"b":2.62,"ms":0.2,"wi":48.91,"ei":7.0,"as":913.33,"mi":"E","mv":504581,"sc":3,"lpe":87.17,"lpr":268.51,"lq":1.06,"d":792900},{"pi":"423923","pc":"Продукты питания","ss":300,"td":"Спальный район","dc":1,"n":112.82,"vc":"398","sl":"Очень высокий","sv":"1100","p":107.0,"q":2.46,"b":0.0,"ms":0.14,"wi":9.31,"ei":5.89,"as":288.61,"mi":"E","mv":764523,"sc":1,"lpe":99.86,"lpr":115.09,"lq":1.0,"d":2001166},{"pi":"423923","pc":"Продукты питания","ss":10000,"td":"Пригород","dc":3,"n":341.12,"vc":"4718","sl":"Элитный","sv":"8000","p":390.0,"q":9.39,"b":2.4,"ms":1.5,"wi":47.76,"ei":7.0,"as":1078.25,"mi":"E","mv":532459,"sc":2,"lpe":98.31,"lpr":300.89,"lq":1.0,"d":842600},{"pi":"423923","pc":"Продукты питания","ss":1000,"td":"Центр города","dc":2,"n":64.67,"vc":"566","sl":"Элитный","sv":"1000","p":330.0,"q":14.37,"b":2.62,"ms":0.19,"wi":47.76,"ei":7.0,"as":1078.25,"mi":"E","mv":532459,"sc":2,"lpe":98.31,"lpr":300.89,"lq":1.0,"d":842600},{"pi":"423923","pc":"Продукты питания","ss":200,"td":"Спальный район","dc":1,"n":61.07,"vc":"285","sl":"Высокий","sv":"1250","p":226.0,"q":2.46,"b":0.0,"ms":0.08,"wi":30.96,"ei":13.87,"as":473.48,"mi":"E","mv":1657535,"sc":1,"lpe":99.92,"lpr":225.52,"lq":1.0,"d":3278130},{"pi":"423923","pc":"Продукты питания","ss":1000,"td":"Спальный район","dc":2,"n":607.59,"vc":"4335","sl":"Низкий","sv":"8713","p":140.0,"q":3.42,"b":0.0,"ms":13.81,"wi":25.77,"ei":6.2,"as":442.23,"mi":"E","mv":63102,"sc":3,"lpe":85.84,"lpr":141.59,"lq":1.02,"d":102460},{"pi":"423923","pc":"Продукты питания","ss":500,"td":"Фешенебельный район","dc":8,"n":345.95,"vc":"125","sl":"Очень высокий","sv":"123","p":241.33,"q":6.46,"b":0.0,"ms":0.19,"wi":25.77,"ei":6.2,"as":442.23,"mi":"E","mv":63102,"sc":3,"lpe":85.84,"lpr":141.59,"lq":1.02,"d":102460},{"pi":"423923","pc":"Продукты питания","ss":1000,"td":"Окраина","dc":1,"n":348.23,"vc":"1204","sl":"Нормальный","sv":"100","p":160.0,"q":8.32,"b":0.0,"ms":0.16,"wi":25.77,"ei":6.2,"as":442.23,"mi":"E","mv":63102,"sc":3,"lpe":85.84,"lpr":141.59,"lq":1.02,"d":102460},{"pi":"423923","pc":"Продукты питания","ss":1000,"td":"Окраина","dc":1,"n":526.56,"vc":"2236","sl":"Очень высокий","sv":"9673","p":160.0,"q":5.76,"b":0.0,"ms":14.09,"wi":26.71,"ei":6.3,"as":456.0,"mi":"E","mv":68647,"sc":2,"lpe":85.04,"lpr":108.53,"lq":1.12,"d":107850},{"pi":"423923","pc":"Продукты питания","ss":1000,"td":"Центр города","dc":3,"n":332.78,"vc":"1250","sl":"Высокий","sv":"600","p":200.0,"q":9.39,"b":0.0,"ms":0.87,"wi":26.71,"ei":6.3,"as":456.0,"mi":"E","mv":68647,"sc":2,"lpe":85.04,"lpr":108.53,"lq":1.12,"d":107850},{"pi":"423923","pc":"Продукты питания","ss":1000,"td":"Спальный район","dc":2,"n":320.19,"vc":"1064","sl":"Очень высокий","sv":"4000","p":480.0,"q":9.39,"b":0.32,"ms":3.31,"wi":54.46,"ei":6.0,"as":457.0,"mi":"E","mv":120727,"sc":2,"lpe":95.86,"lpr":375.03,"lq":1.0,"d":189700},{"pi":"423923","pc":"Продукты питания","ss":1000,"td":"Центр города","dc":2,"n":114.36,"vc":"444","sl":"Элитный","sv":"1000","p":350.0,"q":14.37,"b":2.22,"ms":0.83,"wi":54.46,"ei":6.0,"as":457.0,"mi":"E","mv":120727,"sc":2,"lpe":95.86,"lpr":375.03,"lq":1.0,"d":189700},{"pi":"423923","pc":"Продукты питания","ss":500,"td":"Пригород","dc":1,"n":443.1,"vc":"618","sl":"Элитный","sv":"100","p":150.0,"q":12.57,"b":0.0,"ms":0.12,"wi":26.88,"ei":6.4,"as":470.16,"mi":"E","mv":85524,"sc":3,"lpe":99.87,"lpr":164.2,"lq":1.0,"d":143654},{"pi":"423923","pc":"Продукты питания","ss":1000,"td":"Фешенебельный район","dc":1,"n":92.02,"vc":"53","sl":"Элитный","sv":"7","p":131.0,"q":1.21,"b":0.86,"ms":0.01,"wi":26.88,"ei":6.4,"as":470.16,"mi":"E","mv":85524,"sc":3,"lpe":99.87,"lpr":164.2,"lq":1.0,"d":143654},{"pi":"423923","pc":"Продукты питания","ss":1000,"td":"Спальный район","dc":1,"n":85.85,"vc":"257","sl":"Элитный","sv":"5","p":137.0,"q":1.35,"b":0.688,"ms":0.01,"wi":26.88,"ei":6.4,"as":470.16,"mi":"E","mv":85524,"sc":3,"lpe":99.87,"lpr":164.2,"lq":1.0,"d":143654},{"pi":"423923","pc":"Продукты питания","ss":1000,"td":"Центр города","dc":2,"n":141.31,"vc":"437","sl":"Элитный","sv":"1000","p":120.0,"q":14.37,"b":0.89,"ms":3.75,"wi":10.44,"ei":4.68,"as":324.4,"mi":"E","mv":26647,"sc":1,"lpe":96.25,"lpr":50.11,"lq":1.0,"d":211816},{"pi":"423923","pc":"Продукты питания","ss":16000,"td":"Окраина","dc":1,"n":458.72,"vc":"35426","sl":"Элитный","sv":"35460","p":360.0,"q":6.8,"b":0.0,"ms":8.54,"wi":49.39,"ei":7.0,"as":1230.33,"mi":"E","mv":415136,"sc":4,"lpe":91.11,"lpr":202.61,"lq":1.05,"d":781464},{"pi":"423923","pc":"Продукты питания","ss":1000,"td":"Центр города","dc":2,"n":67.51,"vc":"560","sl":"Элитный","sv":"1000","p":325.0,"q":14.37,"b":2.0,"ms":0.24,"wi":49.39,"ei":7.0,"as":1230.33,"mi":"E","mv":415136,"sc":4,"lpe":91.11,"lpr":202.61,"lq":1.05,"d":781464},{"pi":"423923","pc":"Продукты питания","ss":20000,"td":"Окраина","dc":6,"n":345.93,"vc":"11404","sl":"Очень высокий","sv":"455","p":488.0,"q":8.99,"b":0.43,"ms":0.11,"wi":49.39,"ei":7.0,"as":1230.33,"mi":"E","mv":415136,"sc":4,"lpe":91.11,"lpr":202.61,"lq":1.05,"d":781464},{"pi":"423923","pc":"Продукты питания","ss":300,"td":"Спальный район","dc":1,"n":37.35,"vc":"200","sl":"Элитный","sv":"3","p":280.0,"q":1.65,"b":0.0,"ms":0.0,"wi":49.39,"ei":7.0,"as":1230.33,"mi":"E","mv":415136,"sc":4,"lpe":91.11,"lpr":202.61,"lq":1.05,"d":781464},{"pi":"423923","pc":"Продукты питания","ss":15000,"td":"Окраина","dc":1,"n":327.73,"vc":"12669","sl":"Элитный","sv":"37242","p":300.0,"q":7.25,"b":0.0,"ms":6.85,"wi":44.14,"ei":7.76,"as":812.25,"mi":"E","mv":543540,"sc":3,"lpe":92.96,"lpr":178.59,"lq":1.0,"d":867598},{"pi":"423923","pc":"Продукты питания","ss":1000,"td":"Центр города","dc":2,"n":63.59,"vc":"568","sl":"Элитный","sv":"1000","p":225.0,"q":14.37,"b":2.0,"ms":0.18,"wi":44.14,"ei":7.76,"as":812.25,"mi":"E","mv":543540,"sc":3,"lpe":92.96,"lpr":178.59,"lq":1.0,"d":867598},{"pi":"423923","pc":"Продукты питания","ss":300,"td":"Спальный район","dc":1,"n":36.1,"vc":"206","sl":"Элитный","sv":"14","p":190.0,"q":1.66,"b":0.0,"ms":0.0,"wi":44.14,"ei":7.76,"as":812.25,"mi":"E","mv":543540,"sc":3,"lpe":92.96,"lpr":178.59,"lq":1.0,"d":867598},{"pi":"423923","pc":"Продукты питания","ss":13000,"td":"Центр города","dc":2,"n":315.2,"vc":"14566","sl":"Элитный","sv":"25000","p":270.0,"q":5.39,"b":0.0,"ms":2.39,"wi":32.64,"ei":7.0,"as":262.0,"mi":"E","mv":1046929,"sc":2,"lpe":97.52,"lpr":249.52,"lq":1.0,"d":1645160},{"pi":"423923","pc":"Продукты питания","ss":1000,"td":"Центр города","dc":2,"n":33.94,"vc":"601","sl":"Элитный","sv":"1000","p":320.0,"q":14.37,"b":1.49,"ms":0.1,"wi":32.64,"ei":7.0,"as":262.0,"mi":"E","mv":1046929,"sc":2,"lpe":97.52,"lpr":249.52,"lq":1.0,"d":1645160},{"pi":"423923","pc":"Продукты питания","ss":1000,"td":"Центр города","dc":2,"n":53.27,"vc":"540","sl":"Элитный","sv":"1000","p":320.0,"q":14.37,"b":1.49,"ms":0.18,"wi":32.33,"ei":6.0,"as":270.0,"mi":"E","mv":564299,"sc":1,"lpe":99.82,"lpr":246.26,"lq":1.0,"d":886742},{"pi":"423923","pc":"Продукты питания","ss":11100,"td":"Центр города","dc":1,"n":315.52,"vc":"10150","sl":"Элитный","sv":"30000","p":270.0,"q":5.39,"b":0.0,"ms":6.06,"wi":32.1,"ei":6.0,"as":255.0,"mi":"E","mv":495354,"sc":3,"lpe":93.04,"lpr":242.66,"lq":1.0,"d":778400},{"pi":"423923","pc":"Продукты питания","ss":1000,"td":"Центр города","dc":1,"n":334.26,"vc":"2517","sl":"Очень высокий","sv":"3485","p":500.0,"q":9.26,"b":0.0,"ms":0.7,"wi":32.1,"ei":6.0,"as":255.0,"mi":"E","mv":495354,"sc":3,"lpe":93.04,"lpr":242.66,"lq":1.0,"d":778400},{"pi":"423923","pc":"Продукты питания","ss":1000,"td":"Центр города","dc":2,"n":58.06,"vc":"530","sl":"Элитный","sv":"1000","p":300.0,"q":14.37,"b":1.49,"ms":0.2,"wi":32.1,"ei":6.0,"as":255.0,"mi":"E","mv":495354,"sc":3,"lpe":93.04,"lpr":242.66,"lq":1.0,"d":778400},{"pi":"423923","pc":"Продукты питания","ss":12000,"td":"Центр города","dc":1,"n":373.82,"vc":"20820","sl":"Элитный","sv":"30000","p":411.15,"q":3.39,"b":0.0,"ms":3.19,"wi":54.41,"ei":7.0,"as":1000.0,"mi":"E","mv":939846,"sc":4,"lpe":95.63,"lpr":368.13,"lq":1.0,"d":1493247},{"pi":"423923","pc":"Продукты питания","ss":20000,"td":"Пригород","dc":3,"n":305.2,"vc":"6883","sl":"Элитный","sv":"10000","p":480.0,"q":9.39,"b":0.61,"ms":1.06,"wi":54.41,"ei":7.0,"as":1000.0,"mi":"E","mv":939846,"sc":4,"lpe":95.63,"lpr":368.13,"lq":1.0,"d":1493247},{"pi":"423923","pc":"Продукты питания","ss":3000,"td":"Центр города","dc":2,"n":140.15,"vc":"1815","sl":"Элитный","sv":"1000","p":560.0,"q":14.37,"b":0.81,"ms":0.11,"wi":54.41,"ei":7.0,"as":1000.0,"mi":"E","mv":939846,"sc":4,"lpe":95.63,"lpr":368.13,"lq":1.0,"d":1493247},{"pi":"423923","pc":"Продукты питания","ss":15000,"td":"Окраина","dc":1,"n":411.04,"vc":"29211","sl":"Элитный","sv":"100","p":390.0,"q":5.8,"b":0.0,"ms":0.01,"wi":54.41,"ei":7.0,"as":1000.0,"mi":"E","mv":939846,"sc":4,"lpe":95.63,"lpr":368.13,"lq":1.0,"d":1493247},{"pi":"423923","pc":"Продукты питания","ss":1000,"td":"Спальный район","dc":1,"n":321.03,"vc":"1060","sl":"Элитный","sv":"6000","p":363.0,"q":9.39,"b":0.32,"ms":5.09,"wi":37.43,"ei":6.0,"as":565.0,"mi":"E","mv":117927,"sc":2,"lpe":94.06,"lpr":265.31,"lq":1.0,"d":185300},{"pi":"423923","pc":"Продукты питания","ss":1000,"td":"Центр города","dc":2,"n":124.01,"vc":"465","sl":"Элитный","sv":"1000","p":230.0,"q":14.37,"b":2.22,"ms":0.85,"wi":37.43,"ei":6.0,"as":565.0,"mi":"E","mv":117927,"sc":2,"lpe":94.06,"lpr":265.31,"lq":1.0,"d":185300},{"pi":"423923","pc":"Продукты питания","ss":5000,"td":"Спальный район","dc":3,"n":288.3,"vc":"2721","sl":"Элитный","sv":"5000","p":380.0,"q":9.39,"b":0.32,"ms":2.66,"wi":34.42,"ei":7.0,"as":453.0,"mi":"E","mv":188231,"sc":2,"lpe":96.81,"lpr":254.35,"lq":1.0,"d":295778},{"pi":"423923","pc":"Продукты питания","ss":1000,"td":"Центр города","dc":2,"n":102.28,"vc":"485","sl":"Элитный","sv":"1000","p":230.0,"q":14.37,"b":2.22,"ms":0.53,"wi":34.42,"ei":7.0,"as":453.0,"mi":"E","mv":188231,"sc":2,"lpe":96.81,"lpr":254.35,"lq":1.0,"d":295778},{"pi":"423923","pc":"Продукты питания","ss":100000,"td":"Пригород","dc":1,"n":497.13,"vc":"145616","sl":"Элитный","sv":"428116","p":520.0,"q":5.38,"b":0.24,"ms":31.86,"wi":58.91,"ei":7.0,"as":1299.6,"mi":"E","mv":1343674,"sc":14,"lpe":59.0,"lpr":335.65,"lq":1.37,"d":2111474},{"pi":"423923","pc":"Продукты питания","ss":50000,"td":"Центр города","dc":1,"n":287.25,"vc":"45591","sl":"Высокий","sv":"33330","p":320.0,"q":17.55,"b":0.0,"ms":2.48,"wi":58.91,"ei":7.0,"as":1299.6,"mi":"E","mv":1343674,"sc":14,"lpe":59.0,"lpr":335.65,"lq":1.37,"d":2111474},{"pi":"423923","pc":"Продукты питания","ss":150000,"td":"Центр города","dc":1,"n":447.55,"vc":"482157","sl":"Очень высокий","sv":"21145","p":350.0,"q":2.46,"b":0.0,"ms":1.57,"wi":58.91,"ei":7.0,"as":1299.6,"mi":"E","mv":1343674,"sc":14,"lpe":59.0,"lpr":335.65,"lq":1.37,"d":2111474},{"pi":"423923","pc":"Продукты питания","ss":171000,"td":"Центр города","dc":3,"n":447.74,"vc":"542462","sl":"Высокий","sv":"15513","p":210.0,"q":18.71,"b":0.0,"ms":1.15,"wi":58.91,"ei":7.0,"as":1299.6,"mi":"E","mv":1343674,"sc":14,"lpe":59.0,"lpr":335.65,"lq":1.37,"d":2111474},{"pi":"423923","pc":"Продукты питания","ss":1900,"td":"Центр города","dc":1,"n":113.66,"vc":"2094","sl":"Элитный","sv":"15000","p":400.0,"q":6.52,"b":0.24,"ms":1.12,"wi":58.91,"ei":7.0,"as":1299.6,"mi":"E","mv":1343674,"sc":14,"lpe":59.0,"lpr":335.65,"lq":1.37,"d":2111474},{"pi":"423923","pc":"Продукты питания","ss":20000,"td":"Пригород","dc":3,"n":284.45,"vc":"6581","sl":"Элитный","sv":"12000","p":500.0,"q":9.39,"b":0.43,"ms":0.89,"wi":58.91,"ei":7.0,"as":1299.6,"mi":"E","mv":1343674,"sc":14,"lpe":59.0,"lpr":335.65,"lq":1.37,"d":2111474},{"pi":"423923","pc":"Продукты питания","ss":150000,"td":"Центр города","dc":1,"n":380.57,"vc":"163758","sl":"Элитный","sv":"10000","p":300.0,"q":12.79,"b":0.0,"ms":0.74,"wi":58.91,"ei":7.0,"as":1299.6,"mi":"E","mv":1343674,"sc":14,"lpe":59.0,"lpr":335.65,"lq":1.37,"d":2111474},{"pi":"423923","pc":"Продукты питания","ss":6000,"td":"Центр города","dc":1,"n":139.05,"vc":"2846","sl":"Элитный","sv":"8500","p":270.0,"q":7.61,"b":0.0,"ms":0.63,"wi":58.91,"ei":7.0,"as":1299.6,"mi":"E","mv":1343674,"sc":14,"lpe":59.0,"lpr":335.65,"lq":1.37,"d":2111474},{"pi":"423923","pc":"Продукты питания","ss":25000,"td":"Пригород","dc":4,"n":399.92,"vc":"29344","sl":"Очень высокий","sv":"5000","p":520.0,"q":12.57,"b":0.33,"ms":0.37,"wi":58.91,"ei":7.0,"as":1299.6,"mi":"E","mv":1343674,"sc":14,"lpe":59.0,"lpr":335.65,"lq":1.37,"d":2111474},{"pi":"423923","pc":"Продукты питания","ss":100000,"td":"Центр города","dc":1,"n":408.5,"vc":"232866","sl":"Элитный","sv":"1000","p":700.0,"q":16.66,"b":0.0,"ms":0.07,"wi":58.91,"ei":7.0,"as":1299.6,"mi":"E","mv":1343674,"sc":14,"lpe":59.0,"lpr":335.65,"lq":1.37,"d":2111474},{"pi":"423923","pc":"Продукты питания","ss":100000,"td":"Пригород","dc":1,"n":474.95,"vc":"196817","sl":"Элитный","sv":"510805","p":350.0,"q":5.4,"b":0.06,"ms":8.74,"wi":79.78,"ei":9.46,"as":2502.0,"mi":"E","mv":5845165,"sc":23,"lpe":69.49,"lpr":243.41,"lq":2.45,"d":9185246},{"pi":"423923","pc":"Продукты питания","ss":100000,"td":"Центр города","dc":1,"n":403.16,"vc":"246700","sl":"Элитный","sv":"414049","p":500.0,"q":12.73,"b":0.0,"ms":7.08,"wi":79.78,"ei":9.46,"as":2502.0,"mi":"E","mv":5845165,"sc":23,"lpe":69.49,"lpr":243.41,"lq":2.45,"d":9185246},{"pi":"423923","pc":"Продукты питания","ss":100000,"td":"Центр города","dc":1,"n":346.38,"vc":"214370","sl":"Элитный","sv":"269662","p":450.0,"q":9.46,"b":0.0371947104152606,"ms":4.61,"wi":79.78,"ei":9.46,"as":2502.0,"mi":"E","mv":5845165,"sc":23,"lpe":69.49,"lpr":243.41,"lq":2.45,"d":9185246},{"pi":"423923","pc":"Продукты питания","ss":100000,"td":"Центр города","dc":1,"n":413.57,"vc":"272687","sl":"Элитный","sv":"140139","p":550.0,"q":12.79,"b":0.0,"ms":2.4,"wi":79.78,"ei":9.46,"as":2502.0,"mi":"E","mv":5845165,"sc":23,"lpe":69.49,"lpr":243.41,"lq":2.45,"d":9185246},{"pi":"423923","pc":"Продукты питания","ss":110000,"td":"Фешенебельный район","dc":1,"n":433.94,"vc":"80890","sl":"Элитный","sv":"117792","p":321.29,"q":9.15,"b":0.0,"ms":2.02,"wi":79.78,"ei":9.46,"as":2502.0,"mi":"E","mv":5845165,"sc":23,"lpe":69.49,"lpr":243.41,"lq":2.45,"d":9185246},{"pi":"423923","pc":"Продукты питания","ss":25000,"td":"Спальный район","dc":1,"n":476.87,"vc":"173158","sl":"Высокий","sv":"84561","p":400.0,"q":6.8,"b":0.0130734026324192,"ms":1.45,"wi":79.78,"ei":9.46,"as":2502.0,"mi":"E","mv":5845165,"sc":23,"lpe":69.49,"lpr":243.41,"lq":2.45,"d":9185246},{"pi":"423923","pc":"Продукты питания","ss":100000,"td":"Центр города","dc":1,"n":346.38,"vc":"214370","sl":"Элитный","sv":"69249","p":450.0,"q":6.78,"b":0.0184031538361565,"ms":1.18,"wi":79.78,"ei":9.46,"as":2502.0,"mi":"E","mv":5845165,"sc":23,"lpe":69.49,"lpr":243.41,"lq":2.45,"d":9185246},{"pi":"423923","pc":"Продукты питания","ss":100000,"td":"Центр города","dc":1,"n":297.06,"vc":"88941","sl":"Элитный","sv":"53140","p":515.0,"q":9.88,"b":0.628720737674069,"ms":0.91,"wi":79.78,"ei":9.46,"as":2502.0,"mi":"E","mv":5845165,"sc":23,"lpe":69.49,"lpr":243.41,"lq":2.45,"d":9185246},{"pi":"423923","pc":"Продукты питания","ss":90000,"td":"Пригород","dc":4,"n":441.69,"vc":"130711","sl":"Очень высокий","sv":"49674","p":500.0,"q":13.22,"b":0.13,"ms":0.85,"wi":79.78,"ei":9.46,"as":2502.0,"mi":"E","mv":5845165,"sc":23,"lpe":69.49,"lpr":243.41,"lq":2.45,"d":9185246},{"pi":"423923","pc":"Продукты питания","ss":12000,"td":"Спальный район","dc":1,"n":298.19,"vc":"16658","sl":"Элитный","sv":"30682","p":350.0,"q":5.84,"b":0.0521484909719054,"ms":0.52,"wi":79.78,"ei":9.46,"as":2502.0,"mi":"E","mv":5845165,"sc":23,"lpe":69.49,"lpr":243.41,"lq":2.45,"d":9185246},{"pi":"423923","pc":"Продукты питания","ss":1000,"td":"Центр города","dc":2,"n":72.54,"vc":"490","sl":"Элитный","sv":"3000","p":610.0,"q":14.37,"b":1.96,"ms":0.98,"wi":49.5,"ei":5.0,"as":327.0,"mi":"E","mv":306759,"sc":1,"lpe":99.02,"lpr":397.1,"lq":1.0,"d":491286},{"pi":"423923","pc":"Продукты питания","ss":1000,"td":"Центр города","dc":2,"n":71.21,"vc":"542","sl":"Элитный","sv":"1000","p":180.0,"q":14.37,"b":1.49,"ms":0.23,"wi":22.5,"ei":5.0,"as":260.0,"mi":"E","mv":426786,"sc":1,"lpe":99.77,"lpr":154.08,"lq":1.0,"d":670650},{"pi":"423923","pc":"Продукты питания","ss":10000,"td":"Центр города","dc":1,"n":401.56,"vc":"12772","sl":"Очень высокий","sv":"6000","p":770.0,"q":9.39,"b":0.0,"ms":3.2,"wi":47.04,"ei":5.0,"as":323.0,"mi":"E","mv":187652,"sc":2,"lpe":95.2,"lpr":380.29,"lq":1.0,"d":294868},{"pi":"423923","pc":"Продукты питания","ss":1000,"td":"Центр города","dc":2,"n":94.54,"vc":"464","sl":"Элитный","sv":"3000","p":600.0,"q":14.37,"b":1.96,"ms":1.6,"wi":47.04,"ei":5.0,"as":323.0,"mi":"E","mv":187652,"sc":2,"lpe":95.2,"lpr":380.29,"lq":1.0,"d":294868},{"pi":"423923","pc":"Продукты питания","ss":1000,"td":"Центр города","dc":2,"n":84.76,"vc":"462","sl":"Элитный","sv":"1000","p":450.0,"q":14.37,"b":1.49,"ms":0.46,"wi":46.02,"ei":4.0,"as":281.0,"mi":"E","mv":216863,"sc":1,"lpe":99.54,"lpr":334.63,"lq":1.0,"d":340772},{"pi":"423923","pc":"Продукты питания","ss":60000,"td":"Центр города","dc":1,"n":548.89,"vc":"233629","sl":"Элитный","sv":"24070","p":934.6,"q":8.08,"b":1.16,"ms":6.72,"wi":50.1,"ei":6.0,"as":383.0,"mi":"E","mv":358427,"sc":2,"lpe":92.45,"lpr":360.56,"lq":1.09,"d":575400},{"pi":"423923","pc":"Продукты питания","ss":1000,"td":"Центр города","dc":2,"n":66.17,"vc":"499","sl":"Элитный","sv":"3000","p":620.0,"q":14.37,"b":1.96,"ms":0.84,"wi":50.1,"ei":6.0,"as":383.0,"mi":"E","mv":358427,"sc":2,"lpe":92.45,"lpr":360.56,"lq":1.09,"d":575400},{"pi":"423923","pc":"Продукты питания","ss":1000,"td":"Центр города","dc":2,"n":81.26,"vc":"495","sl":"Элитный","sv":"1000","p":320.0,"q":14.37,"b":1.49,"ms":0.34,"wi":32.34,"ei":7.0,"as":266.4,"mi":"E","mv":292336,"sc":1,"lpe":99.66,"lpr":245.09,"lq":1.0,"d":440866},{"pi":"423923","pc":"Продукты питания","ss":500,"td":"Пригород","dc":1,"n":412.56,"vc":"608","sl":"Элитный","sv":"200","p":220.0,"q":12.57,"b":0.0,"ms":0.15,"wi":35.0,"ei":6.8,"as":480.2,"mi":"E","mv":136732,"sc":1,"lpe":99.85,"lpr":220.84,"lq":1.0,"d":214852},{"pi":"423923","pc":"Продукты питания","ss":2000,"td":"Спальный район","dc":3,"n":223.65,"vc":"1639","sl":"Очень высокий","sv":"1200","p":280.0,"q":9.39,"b":0.54,"ms":0.18,"wi":35.7,"ei":7.54,"as":409.0,"mi":"E","mv":656959,"sc":3,"lpe":99.59,"lpr":244.38,"lq":1.0,"d":1032351},{"pi":"423923","pc":"Продукты питания","ss":1000,"td":"Центр города","dc":2,"n":47.98,"vc":"553","sl":"Элитный","sv":"1000","p":300.0,"q":14.37,"b":1.49,"ms":0.15,"wi":35.7,"ei":7.54,"as":409.0,"mi":"E","mv":656959,"sc":3,"lpe":99.59,"lpr":244.38,"lq":1.0,"d":1032351},{"pi":"423923","pc":"Продукты питания","ss":6000,"td":"Пригород","dc":4,"n":347.36,"vc":"3789","sl":"Элитный","sv":"500","p":235.0,"q":12.57,"b":0.0,"ms":0.08,"wi":35.7,"ei":7.54,"as":409.0,"mi":"E","mv":656959,"sc":3,"lpe":99.59,"lpr":244.38,"lq":1.0,"d":1032351},{"pi":"423923","pc":"Продукты питания","ss":50000,"td":"Центр города","dc":1,"n":423.06,"vc":"62082","sl":"Элитный","sv":"31000","p":800.0,"q":8.09,"b":1.06,"ms":10.26,"wi":53.9,"ei":6.0,"as":346.0,"mi":"E","mv":302184,"sc":2,"lpe":88.75,"lpr":409.4,"lq":1.0,"d":516707},{"pi":"423923","pc":"Продукты питания","ss":1000,"td":"Центр города","dc":2,"n":70.48,"vc":"493","sl":"Элитный","sv":"3000","p":630.0,"q":14.37,"b":1.96,"ms":0.99,"wi":53.9,"ei":6.0,"as":346.0,"mi":"E","mv":302184,"sc":2,"lpe":88.75,"lpr":409.4,"lq":1.0,"d":516707},{"pi":"423923","pc":"Продукты питания","ss":10000,"td":"Центр города","dc":1,"n":447.0,"vc":"19051","sl":"Очень высокий","sv":"25000","p":370.0,"q":5.39,"b":0.0,"ms":11.1,"wi":45.64,"ei":5.0,"as":287.0,"mi":"E","mv":225192,"sc":3,"lpe":88.19,"lpr":316.89,"lq":1.42,"d":353860},{"pi":"423923","pc":"Продукты питания","ss":1000,"td":"Центр города","dc":2,"n":83.08,"vc":"463","sl":"Элитный","sv":"1000","p":420.0,"q":14.37,"b":1.49,"ms":0.44,"wi":45.64,"ei":5.0,"as":287.0,"mi":"E","mv":225192,"sc":3,"lpe":88.19,"lpr":316.89,"lq":1.42,"d":353860},{"pi":"423923","pc":"Продукты питания","ss":1000,"td":"Центр города","dc":1,"n":284.43,"vc":"1442","sl":"Элитный","sv":"600","p":380.0,"q":9.39,"b":0.5,"ms":0.27,"wi":45.64,"ei":5.0,"as":287.0,"mi":"E","mv":225192,"sc":3,"lpe":88.19,"lpr":316.89,"lq":1.42,"d":353860},{"pi":"423923","pc":"Продукты питания","ss":10000,"td":"Пригород","dc":2,"n":357.56,"vc":"4875","sl":"Элитный","sv":"4000","p":360.0,"q":9.39,"b":2.4,"ms":1.22,"wi":42.55,"ei":6.0,"as":928.15,"mi":"E","mv":327907,"sc":2,"lpe":98.48,"lpr":232.93,"lq":1.0,"d":653500},{"pi":"423923","pc":"Продукты питания","ss":1000,"td":"Центр города","dc":2,"n":81.65,"vc":"570","sl":"Элитный","sv":"1000","p":230.0,"q":14.37,"b":2.62,"ms":0.3,"wi":42.55,"ei":6.0,"as":928.15,"mi":"E","mv":327907,"sc":2,"lpe":98.48,"lpr":232.93,"lq":1.0,"d":653500},{"pi":"423923","pc":"Продукты питания","ss":12000,"td":"Центр города","dc":1,"n":324.52,"vc":"11412","sl":"Элитный","sv":"35000","p":180.0,"q":5.39,"b":0.0,"ms":7.37,"wi":26.64,"ei":7.76,"as":406.0,"mi":"E","mv":474858,"sc":2,"lpe":92.38,"lpr":160.19,"lq":1.0,"d":776374},{"pi":"423923","pc":"Продукты питания","ss":1000,"td":"Окраина","dc":3,"n":218.24,"vc":"784","sl":"Очень высокий","sv":"1200","p":200.0,"q":9.39,"b":0.5,"ms":0.25,"wi":26.64,"ei":7.76,"as":406.0,"mi":"E","mv":474858,"sc":2,"lpe":92.38,"lpr":160.19,"lq":1.0,"d":776374},{"pi":"423923","pc":"Продукты питания","ss":1000,"td":"Центр города","dc":1,"n":139.29,"vc":"899","sl":"Элитный","sv":"16010","p":350.0,"q":9.58,"b":0.0,"ms":2.64,"wi":46.65,"ei":6.8,"as":509.6,"mi":"E","mv":607429,"sc":8,"lpe":95.56,"lpr":272.91,"lq":1.0,"d":949800},{"pi":"423923","pc":"Продукты питания","ss":1000,"td":"Центр города","dc":1,"n":260.47,"vc":"1780","sl":"Очень высокий","sv":"3601","p":350.0,"q":2.43,"b":0.0,"ms":0.59,"wi":46.65,"ei":6.8,"as":509.6,"mi":"E","mv":607429,"sc":8,"lpe":95.56,"lpr":272.91,"lq":1.0,"d":949800},{"pi":"423923","pc":"Продукты питания","ss":1000,"td":"Центр города","dc":2,"n":18.16,"vc":"454","sl":"Элитный","sv":"3206","p":355.0,"q":6.44,"b":0.0,"ms":0.53,"wi":46.65,"ei":6.8,"as":509.6,"mi":"E","mv":607429,"sc":8,"lpe":95.56,"lpr":272.91,"lq":1.0,"d":949800},{"pi":"423923","pc":"Продукты питания","ss":1000,"td":"Центр города","dc":1,"n":207.36,"vc":"1319","sl":"Нормальный","sv":"2000","p":150.0,"q":17.55,"b":0.0,"ms":0.33,"wi":46.65,"ei":6.8,"as":509.6,"mi":"E","mv":607429,"sc":8,"lpe":95.56,"lpr":272.91,"lq":1.0,"d":949800},{"pi":"423923","pc":"Продукты питания","ss":1000,"td":"Центр города","dc":1,"n":207.36,"vc":"1319","sl":"Низкий","sv":"2000","p":150.0,"q":17.55,"b":0.0,"ms":0.33,"wi":46.65,"ei":6.8,"as":509.6,"mi":"E","mv":607429,"sc":8,"lpe":95.56,"lpr":272.91,"lq":1.0,"d":949800},{"pi":"423923","pc":"Продукты питания","ss":200,"td":"Центр города","dc":1,"n":119.98,"vc":"320","sl":"Высокий","sv":"100","p":150.0,"q":1.02,"b":0.0,"ms":0.02,"wi":46.65,"ei":6.8,"as":509.6,"mi":"E","mv":607429,"sc":8,"lpe":95.56,"lpr":272.91,"lq":1.0,"d":949800},{"pi":"423923","pc":"Продукты питания","ss":1000,"td":"Спальный район","dc":2,"n":62.74,"vc":"438","sl":"Нормальный","sv":"54","p":141.02,"q":1.02,"b":0.18,"ms":0.01,"wi":46.65,"ei":6.8,"as":509.6,"mi":"E","mv":607429,"sc":8,"lpe":95.56,"lpr":272.91,"lq":1.0,"d":949800},{"pi":"423923","pc":"Продукты питания","ss":500,"td":"Спальный район","dc":4,"n":74.48,"vc":"336","sl":"Высокий","sv":"8","p":160.0,"q":1.92,"b":0.0,"ms":0.0,"wi":46.65,"ei":6.8,"as":509.6,"mi":"E","mv":607429,"sc":8,"lpe":95.56,"lpr":272.91,"lq":1.0,"d":949800},{"pi":"423923","pc":"Продукты питания","ss":2000,"td":"Центр города","dc":2,"n":91.91,"vc":"888","sl":"Элитный","sv":"1844","p":68.0,"q":1.0,"b":0.29,"ms":1.15,"wi":19.12,"ei":7.71,"as":373.7,"mi":"E","mv":159676,"sc":1,"lpe":98.85,"lpr":209.64,"lq":1.0,"d":793410},{"pi":"423923","pc":"Продукты питания","ss":1000,"td":"Центр города","dc":2,"n":88.5,"vc":"470","sl":"Элитный","sv":"3000","p":620.0,"q":14.37,"b":1.96,"ms":1.4,"wi":51.09,"ei":5.0,"as":375.0,"mi":"E","mv":215014,"sc":1,"lpe":98.6,"lpr":398.43,"lq":1.0,"d":337866},{"pi":"423923","pc":"Продукты питания","ss":1000,"td":"Центр города","dc":2,"n":65.3,"vc":"501","sl":"Элитный","sv":"3000","p":600.0,"q":14.37,"b":1.96,"ms":0.82,"wi":54.84,"ei":5.0,"as":319.18,"mi":"E","mv":367598,"sc":1,"lpe":99.18,"lpr":386.26,"lq":1.0,"d":588300},{"pi":"423923","pc":"Продукты питания","ss":21000,"td":"Центр города","dc":2,"n":340.94,"vc":"28316","sl":"Высокий","sv":"40000","p":360.0,"q":5.39,"b":0.0,"ms":2.59,"wi":47.49,"ei":5.0,"as":354.0,"mi":"E","mv":1541874,"sc":2,"lpe":97.28,"lpr":330.74,"lq":1.0,"d":2488066},{"pi":"423923","pc":"Продукты питания","ss":1000,"td":"Пригород","dc":2,"n":179.77,"vc":"633","sl":"Элитный","sv":"2000","p":420.0,"q":9.39,"b":0.5,"ms":0.13,"wi":47.49,"ei":5.0,"as":354.0,"mi":"E","mv":1541874,"sc":2,"lpe":97.28,"lpr":330.74,"lq":1.0,"d":2488066},{"pi":"423923","pc":"Продукты питания","ss":1000,"td":"Центр города","dc":2,"n":47.32,"vc":"538","sl":"Элитный","sv":"3000","p":690.0,"q":14.37,"b":1.96,"ms":0.52,"wi":49.72,"ei":7.0,"as":374.0,"mi":"E","mv":577573,"sc":2,"lpe":99.48,"lpr":396.9,"lq":1.0,"d":966800},{"pi":"423923","pc":"Продукты питания","ss":500,"td":"Спальный район","dc":3,"n":75.09,"vc":"339","sl":"Очень высокий","sv":"28","p":85.0,"q":1.82,"b":0.0,"ms":0.0,"wi":49.72,"ei":7.0,"as":374.0,"mi":"E","mv":577573,"sc":2,"lpe":99.48,"lpr":396.9,"lq":1.0,"d":966800},{"pi":"423923","pc":"Продукты питания","ss":10000,"td":"Центр города","dc":2,"n":350.93,"vc":"10391","sl":"Элитный","sv":"30000","p":500.0,"q":5.39,"b":0.0,"ms":9.89,"wi":65.6,"ei":7.0,"as":380.0,"mi":"E","mv":303325,"sc":3,"lpe":87.47,"lpr":416.59,"lq":2.21,"d":476640},{"pi":"423923","pc":"Продукты питания","ss":10000,"td":"Центр города","dc":1,"n":309.89,"vc":"7671","sl":"Элитный","sv":"5000","p":780.0,"q":9.39,"b":0.0,"ms":1.65,"wi":65.6,"ei":7.0,"as":380.0,"mi":"E","mv":303325,"sc":3,"lpe":87.47,"lpr":416.59,"lq":2.21,"d":476640},{"pi":"423923","pc":"Продукты питания","ss":1000,"td":"Центр города","dc":2,"n":83.22,"vc":"515","sl":"Элитный","sv":"3000","p":660.0,"q":14.37,"b":1.96,"ms":0.99,"wi":65.6,"ei":7.0,"as":380.0,"mi":"E","mv":303325,"sc":3,"lpe":87.47,"lpr":416.59,"lq":2.21,"d":476640},{"pi":"423923","pc":"Продукты питания","ss":2000,"td":"Центр города","dc":2,"n":42.18,"vc":"1206","sl":"Элитный","sv":"2319","p":28.0,"q":1.0,"b":0.29,"ms":0.46,"wi":8.02,"ei":5.0,"as":150.0,"mi":"E","mv":499382,"sc":1,"lpe":99.54,"lpr":103.68,"lq":1.0,"d":4539421},{"pi":"423923","pc":"Продукты питания","ss":120000,"td":"Центр города","dc":1,"n":409.23,"vc":"246288","sl":"Элитный","sv":"70000","p":700.0,"q":8.17,"b":0.0,"ms":7.05,"wi":63.08,"ei":7.98,"as":479.0,"mi":"E","mv":992437,"sc":5,"lpe":87.5,"lpr":451.37,"lq":1.08,"d":1584151},{"pi":"423923","pc":"Продукты питания","ss":20000,"td":"Центр города","dc":1,"n":371.6,"vc":"29893","sl":"Элитный","sv":"50000","p":500.0,"q":5.39,"b":0.0,"ms":5.04,"wi":63.08,"ei":7.98,"as":479.0,"mi":"E","mv":992437,"sc":5,"lpe":87.5,"lpr":451.37,"lq":1.08,"d":1584151},{"pi":"423923","pc":"Продукты питания","ss":1000,"td":"Центр города","dc":2,"n":38.94,"vc":"611","sl":"Элитный","sv":"3000","p":750.0,"q":14.37,"b":1.96,"ms":0.3,"wi":63.08,"ei":7.98,"as":479.0,"mi":"E","mv":992437,"sc":5,"lpe":87.5,"lpr":451.37,"lq":1.08,"d":1584151},{"pi":"423923","pc":"Продукты питания","ss":4000,"td":"Пригород","dc":3,"n":321.86,"vc":"2855","sl":"Элитный","sv":"1000","p":640.0,"q":12.57,"b":0.0,"ms":0.1,"wi":63.08,"ei":7.98,"as":479.0,"mi":"E","mv":992437,"sc":5,"lpe":87.5,"lpr":451.37,"lq":1.08,"d":1584151},{"pi":"423923","pc":"Продукты питания","ss":500,"td":"Спальный район","dc":3,"n":65.78,"vc":"385","sl":"Высокий","sv":"25","p":100.0,"q":1.87,"b":0.0,"ms":0.0,"wi":63.08,"ei":7.98,"as":479.0,"mi":"E","mv":992437,"sc":5,"lpe":87.5,"lpr":451.37,"lq":1.08,"d":1584151},{"pi":"423923","pc":"Продукты питания","ss":20000,"td":"Центр города","dc":3,"n":341.83,"vc":"20692","sl":"Элитный","sv":"11000","p":600.0,"q":14.63,"b":0.47,"ms":1.58,"wi":53.01,"ei":5.0,"as":324.0,"mi":"E","mv":696155,"sc":3,"lpe":97.99,"lpr":387.89,"lq":1.0,"d":1093944},{"pi":"423923","pc":"Продукты питания","ss":1000,"td":"Центр города","dc":2,"n":43.36,"vc":"550","sl":"Элитный","sv":"3000","p":640.0,"q":14.37,"b":1.96,"ms":0.43,"wi":53.01,"ei":5.0,"as":324.0,"mi":"E","mv":696155,"sc":3,"lpe":97.99,"lpr":387.89,"lq":1.0,"d":1093944},{"pi":"423923","pc":"Продукты питания","ss":500,"td":"Спальный район","dc":3,"n":73.48,"vc":"352","sl":"Низкий","sv":"24","p":75.0,"q":1.86,"b":0.0,"ms":0.0,"wi":53.01,"ei":5.0,"as":324.0,"mi":"E","mv":696155,"sc":3,"lpe":97.99,"lpr":387.89,"lq":1.0,"d":1093944},{"pi":"423923","pc":"Продукты питания","ss":1000,"td":"Центр города","dc":2,"n":78.59,"vc":"513","sl":"Элитный","sv":"3000","p":480.0,"q":14.37,"b":1.09,"ms":0.97,"wi":33.14,"ei":7.0,"as":313.64,"mi":"E","mv":308327,"sc":1,"lpe":99.03,"lpr":304.98,"lq":1.0,"d":510000},{"pi":"423923","pc":"Продукты питания","ss":1000,"td":"Центр города","dc":2,"n":80.0,"vc":"512","sl":"Элитный","sv":"3000","p":480.0,"q":14.37,"b":1.09,"ms":0.97,"wi":34.32,"ei":7.0,"as":315.0,"mi":"E","mv":307860,"sc":1,"lpe":99.03,"lpr":304.16,"lq":1.0,"d":493374},{"pi":"423923","pc":"Продукты питания","ss":1000,"td":"Центр города","dc":2,"n":36.36,"vc":"651","sl":"Элитный","sv":"1000","p":80.0,"q":14.37,"b":0.74,"ms":0.6,"wi":9.95,"ei":6.11,"as":298.4,"mi":"E","mv":167460,"sc":1,"lpe":99.4,"lpr":130.62,"lq":1.0,"d":1985358},{"pi":"423923","pc":"Продукты питания","ss":100000,"td":"Пригород","dc":1,"n":473.34,"vc":"145436","sl":"Элитный","sv":"259190","p":520.0,"q":5.36,"b":0.0,"ms":13.01,"wi":38.04,"ei":8.74,"as":423.0,"mi":"E","mv":1992122,"sc":4,"lpe":86.63,"lpr":323.75,"lq":1.34,"d":4045672},{"pi":"423923","pc":"Продукты питания","ss":22000,"td":"Фешенебельный район","dc":3,"n":347.7,"vc":"8235","sl":"Элитный","sv":"3976","p":250.0,"q":1.09,"b":0.0,"ms":0.2,"wi":38.04,"ei":8.74,"as":423.0,"mi":"E","mv":1992122,"sc":4,"lpe":86.63,"lpr":323.75,"lq":1.34,"d":4045672},{"pi":"423923","pc":"Продукты питания","ss":1000,"td":"Центр города","dc":2,"n":17.53,"vc":"751","sl":"Элитный","sv":"3000","p":510.0,"q":14.37,"b":1.09,"ms":0.15,"wi":38.04,"ei":8.74,"as":423.0,"mi":"E","mv":1992122,"sc":4,"lpe":86.63,"lpr":323.75,"lq":1.34,"d":4045672},{"pi":"423923","pc":"Продукты питания","ss":6000,"td":"Пригород","dc":4,"n":278.72,"vc":"3786","sl":"Элитный","sv":"100","p":450.0,"q":12.57,"b":0.0,"ms":0.01,"wi":38.04,"ei":8.74,"as":423.0,"mi":"E","mv":1992122,"sc":4,"lpe":86.63,"lpr":323.75,"lq":1.34,"d":4045672},{"pi":"423923","pc":"Продукты питания","ss":1000,"td":"Центр города","dc":2,"n":21.76,"vc":"757","sl":"Элитный","sv":"1000","p":70.0,"q":14.37,"b":0.74,"ms":0.07,"wi":21.17,"ei":13.76,"as":546.2,"mi":"E","mv":1397164,"sc":1,"lpe":99.93,"lpr":118.21,"lq":1.0,"d":3859930},{"pi":"423923","pc":"Продукты питания","ss":1000,"td":"Центр города","dc":2,"n":53.72,"vc":"590","sl":"Элитный","sv":"1000","p":55.0,"q":14.37,"b":0.74,"ms":0.78,"wi":7.9,"ei":13.97,"as":214.3,"mi":"E","mv":128651,"sc":1,"lpe":99.22,"lpr":96.66,"lq":1.0,"d":1706561},{"pi":"423923","pc":"Продукты питания","ss":1000,"td":"Центр города","dc":2,"n":57.95,"vc":"574","sl":"Элитный","sv":"1000","p":40.0,"q":14.37,"b":0.74,"ms":0.86,"wi":8.51,"ei":7.44,"as":172.0,"mi":"E","mv":115940,"sc":1,"lpe":99.14,"lpr":91.58,"lq":1.0,"d":1020655},{"pi":"423923","pc":"Продукты питания","ss":1000,"td":"Центр города","dc":2,"n":83.7,"vc":"520","sl":"Элитный","sv":"1000","p":65.0,"q":14.37,"b":0.74,"ms":2.19,"wi":10.1,"ei":5.8,"as":303.72,"mi":"E","mv":45639,"sc":1,"lpe":97.81,"lpr":113.85,"lq":1.0,"d":486056},{"pi":"423923","pc":"Продукты питания","ss":15000,"td":"Окраина","dc":1,"n":342.21,"vc":"12640","sl":"Элитный","sv":"44141","p":280.0,"q":7.16,"b":0.0,"ms":11.08,"wi":46.15,"ei":7.0,"as":995.0,"mi":"E","mv":398274,"sc":4,"lpe":86.75,"lpr":171.8,"lq":1.04,"d":625846},{"pi":"423923","pc":"Продукты питания","ss":20000,"td":"Спальный район","dc":3,"n":360.27,"vc":"14794","sl":"Элитный","sv":"4737","p":380.0,"q":9.38,"b":0.61,"ms":1.19,"wi":46.15,"ei":7.0,"as":995.0,"mi":"E","mv":398274,"sc":4,"lpe":86.75,"lpr":171.8,"lq":1.04,"d":625846},{"pi":"423923","pc":"Продукты питания","ss":15000,"td":"Центр города","dc":1,"n":429.39,"vc":"27597","sl":"Очень высокий","sv":"2890","p":297.71,"q":3.42,"b":0.0,"ms":0.73,"wi":46.15,"ei":7.0,"as":995.0,"mi":"E","mv":398274,"sc":4,"lpe":86.75,"lpr":171.8,"lq":1.04,"d":625846},{"pi":"423923","pc":"Продукты питания","ss":2000,"td":"Центр города","dc":2,"n":228.58,"vc":"1891","sl":"Элитный","sv":"1000","p":260.0,"q":14.37,"b":0.81,"ms":0.25,"wi":46.15,"ei":7.0,"as":995.0,"mi":"E","mv":398274,"sc":4,"lpe":86.75,"lpr":171.8,"lq":1.04,"d":625846},{"pi":"423923","pc":"Продукты питания","ss":1000,"td":"Центр города","dc":2,"n":135.81,"vc":"471","sl":"Элитный","sv":"1000","p":215.0,"q":14.37,"b":1.98,"ms":0.99,"wi":36.32,"ei":6.6,"as":519.4,"mi":"E","mv":100872,"sc":1,"lpe":99.01,"lpr":221.11,"lq":1.0,"d":158500},{"pi":"423923","pc":"Продукты питания","ss":6000,"td":"Пригород","dc":3,"n":385.17,"vc":"4798","sl":"Элитный","sv":"1000","p":350.0,"q":12.57,"b":0.58,"ms":0.37,"wi":31.97,"ei":7.75,"as":352.1,"mi":"E","mv":271437,"sc":1,"lpe":99.63,"lpr":317.05,"lq":1.0,"d":954316},{"pi":"423923","pc":"Продукты питания","ss":1000,"td":"Центр города","dc":1,"n":378.76,"vc":"3534","sl":"Высокий","sv":"20000","p":200.0,"q":6.52,"b":0.0,"ms":10.11,"wi":33.68,"ei":6.7,"as":470.4,"mi":"E","mv":197816,"sc":4,"lpe":87.11,"lpr":212.34,"lq":1.13,"d":314620},{"pi":"423923","pc":"Продукты питания","ss":1000,"td":"Центр города","dc":1,"n":267.59,"vc":"1259","sl":"Элитный","sv":"4000","p":250.0,"q":9.58,"b":0.0,"ms":2.02,"wi":33.68,"ei":6.7,"as":470.4,"mi":"E","mv":197816,"sc":4,"lpe":87.11,"lpr":212.34,"lq":1.13,"d":314620},{"pi":"423923","pc":"Продукты питания","ss":1000,"td":"Центр города","dc":2,"n":106.83,"vc":"508","sl":"Элитный","sv":"1000","p":190.0,"q":14.37,"b":1.98,"ms":0.51,"wi":33.68,"ei":6.7,"as":470.4,"mi":"E","mv":197816,"sc":4,"lpe":87.11,"lpr":212.34,"lq":1.13,"d":314620},{"pi":"423923","pc":"Продукты питания","ss":1000,"td":"Спальный район","dc":1,"n":270.83,"vc":"961","sl":"Элитный","sv":"500","p":190.0,"q":1.75,"b":0.0,"ms":0.25,"wi":33.68,"ei":6.7,"as":470.4,"mi":"E","mv":197816,"sc":4,"lpe":87.11,"lpr":212.34,"lq":1.13,"d":314620},{"pi":"423923","pc":"Продукты питания","ss":1000,"td":"Центр города","dc":1,"n":233.79,"vc":"1276","sl":"Элитный","sv":"19500","p":310.0,"q":7.93,"b":0.0,"ms":5.43,"wi":47.7,"ei":6.9,"as":499.8,"mi":"E","mv":358918,"sc":5,"lpe":91.55,"lpr":253.11,"lq":1.0,"d":564000},{"pi":"423923","pc":"Продукты питания","ss":1000,"td":"Центр города","dc":1,"n":305.83,"vc":"1915","sl":"Очень высокий","sv":"5835","p":290.0,"q":2.44,"b":0.0,"ms":1.63,"wi":47.7,"ei":6.9,"as":499.8,"mi":"E","mv":358918,"sc":5,"lpe":91.55,"lpr":253.11,"lq":1.0,"d":564000},{"pi":"423923","pc":"Продукты питания","ss":1000,"td":"Спальный район","dc":1,"n":234.89,"vc":"963","sl":"Нормальный","sv":"2000","p":190.0,"q":17.55,"b":0.0,"ms":0.56,"wi":47.7,"ei":6.9,"as":499.8,"mi":"E","mv":358918,"sc":5,"lpe":91.55,"lpr":253.11,"lq":1.0,"d":564000},{"pi":"423923","pc":"Продукты питания","ss":1000,"td":"Спальный район","dc":1,"n":234.89,"vc":"963","sl":"Высокий","sv":"2000","p":180.0,"q":17.55,"b":0.0,"ms":0.56,"wi":47.7,"ei":6.9,"as":499.8,"mi":"E","mv":358918,"sc":5,"lpe":91.55,"lpr":253.11,"lq":1.0,"d":564000},{"pi":"423923","pc":"Продукты питания","ss":1000,"td":"Центр города","dc":2,"n":76.54,"vc":"526","sl":"Элитный","sv":"1000","p":250.0,"q":14.37,"b":1.98,"ms":0.28,"wi":47.7,"ei":6.9,"as":499.8,"mi":"E","mv":358918,"sc":5,"lpe":91.55,"lpr":253.11,"lq":1.0,"d":564000},{"pi":"423923","pc":"Продукты питания","ss":800,"td":"Центр города","dc":2,"n":191.8,"vc":"470","sl":"Элитный","sv":"9164","p":277.0,"q":6.44,"b":0.0,"ms":15.82,"wi":33.22,"ei":6.1,"as":450.8,"mi":"E","mv":57930,"sc":1,"lpe":84.18,"lpr":215.71,"lq":1.05,"d":90601},{"pi":"423923","pc":"Продукты питания","ss":1000,"td":"Центр города","dc":2,"n":89.91,"vc":"496","sl":"Элитный","sv":"1000","p":120.0,"q":14.37,"b":0.89,"ms":1.63,"wi":10.62,"ei":6.43,"as":359.86,"mi":"E","mv":61475,"sc":1,"lpe":98.37,"lpr":90.71,"lq":1.0,"d":404606},{"pi":"423923","pc":"Продукты питания","ss":200,"td":"Спальный район","dc":1,"n":168.47,"vc":"232","sl":"Очень высокий","sv":"1218","p":154.0,"q":2.46,"b":0.0,"ms":0.78,"wi":11.01,"ei":4.68,"as":602.3,"mi":"E","mv":156327,"sc":1,"lpe":99.22,"lpr":153.09,"lq":1.0,"d":512259},{"pi":"423923","pc":"Продукты питания","ss":11100,"td":"Центр города","dc":3,"n":415.84,"vc":"24809","sl":"Высокий","sv":"26375","p":120.0,"q":6.12,"b":0.0384834123222749,"ms":26.05,"wi":8.89,"ei":5.46,"as":329.3,"mi":"E","mv":101265,"sc":1,"lpe":73.95,"lpr":82.72,"lq":1.0,"d":1829170},{"pi":"423923","pc":"Продукты питания","ss":10000,"td":"Спальный район","dc":1,"n":350.1,"vc":"8998","sl":"Элитный","sv":"9000","p":388.0,"q":9.39,"b":1.92,"ms":1.93,"wi":45.57,"ei":7.0,"as":796.1,"mi":"E","mv":465477,"sc":3,"lpe":97.83,"lpr":237.59,"lq":1.0,"d":731582},{"pi":"423923","pc":"Продукты питания","ss":1000,"td":"Центр города","dc":2,"n":70.03,"vc":"555","sl":"Элитный","sv":"1000","p":240.0,"q":14.37,"b":2.12,"ms":0.21,"wi":45.57,"ei":7.0,"as":796.1,"mi":"E","mv":465477,"sc":3,"lpe":97.83,"lpr":237.59,"lq":1.0,"d":731582},{"pi":"423923","pc":"Продукты питания","ss":15000,"td":"Окраина","dc":1,"n":334.79,"vc":"12604","sl":"Элитный","sv":"100","p":260.0,"q":5.8,"b":0.0,"ms":0.02,"wi":45.57,"ei":7.0,"as":796.1,"mi":"E","mv":465477,"sc":3,"lpe":97.83,"lpr":237.59,"lq":1.0,"d":731582},{"pi":"423923","pc":"Продукты питания","ss":11000,"td":"Окраина","dc":1,"n":455.75,"vc":"26196","sl":"Низкий","sv":"179237","p":200.0,"q":6.46,"b":0.0,"ms":35.09,"wi":43.84,"ei":6.0,"as":749.98,"mi":"E","mv":510849,"sc":3,"lpe":63.15,"lpr":183.95,"lq":1.04,"d":802750},{"pi":"423923","pc":"Продукты питания","ss":10000,"td":"Спальный район","dc":2,"n":344.13,"vc":"8894","sl":"Элитный","sv":"8000","p":360.0,"q":9.39,"b":1.92,"ms":1.57,"wi":43.84,"ei":6.0,"as":749.98,"mi":"E","mv":510849,"sc":3,"lpe":63.15,"lpr":183.95,"lq":1.04,"d":802750},{"pi":"423923","pc":"Продукты питания","ss":1000,"td":"Центр города","dc":2,"n":66.49,"vc":"562","sl":"Элитный","sv":"1000","p":230.0,"q":14.37,"b":2.12,"ms":0.2,"wi":43.84,"ei":6.0,"as":749.98,"mi":"E","mv":510849,"sc":3,"lpe":63.15,"lpr":183.95,"lq":1.04,"d":802750},{"pi":"423923","pc":"Продукты питания","ss":1000,"td":"Центр города","dc":2,"n":160.32,"vc":"474","sl":"Элитный","sv":"1000","p":155.0,"q":14.37,"b":1.98,"ms":1.48,"wi":26.96,"ei":6.2,"as":470.4,"mi":"E","mv":67497,"sc":1,"lpe":98.52,"lpr":154.16,"lq":1.0,"d":108492},{"pi":"423923","pc":"Продукты питания","ss":5000,"td":"Спальный район","dc":3,"n":332.82,"vc":"2908","sl":"Элитный","sv":"5000","p":490.0,"q":9.39,"b":0.32,"ms":5.24,"wi":46.77,"ei":6.0,"as":410.0,"mi":"E","mv":95463,"sc":2,"lpe":93.71,"lpr":351.6,"lq":1.0,"d":150000},{"pi":"423923","pc":"Продукты питания","ss":1000,"td":"Центр города","dc":2,"n":125.37,"vc":"436","sl":"Элитный","sv":"1000","p":350.0,"q":14.37,"b":2.22,"ms":1.05,"wi":46.77,"ei":6.0,"as":410.0,"mi":"E","mv":95463,"sc":2,"lpe":93.71,"lpr":351.6,"lq":1.0,"d":150000},{"pi":"423923","pc":"Продукты питания","ss":1000,"td":"Центр города","dc":2,"n":142.28,"vc":"462","sl":"Элитный","sv":"1000","p":200.0,"q":14.37,"b":1.98,"ms":1.16,"wi":34.99,"ei":6.3,"as":490.0,"mi":"E","mv":86007,"sc":2,"lpe":97.67,"lpr":219.67,"lq":1.0,"d":135140},{"pi":"423923","pc":"Продукты питания","ss":1000,"td":"Центр города","dc":3,"n":343.09,"vc":"1433","sl":"Высокий","sv":"1000","p":240.0,"q":9.39,"b":0.0,"ms":1.16,"wi":34.99,"ei":6.3,"as":490.0,"mi":"E","mv":86007,"sc":2,"lpe":97.67,"lpr":219.67,"lq":1.0,"d":135140},{"pi":"423923","pc":"Продукты питания","ss":1000,"td":"Пригород","dc":3,"n":290.75,"vc":"498","sl":"Элитный","sv":"2000","p":300.0,"q":9.39,"b":1.99,"ms":1.5,"wi":36.09,"ei":5.0,"as":498.0,"mi":"E","mv":133645,"sc":2,"lpe":97.76,"lpr":286.34,"lq":1.0,"d":210000},{"pi":"423923","pc":"Продукты питания","ss":1000,"td":"Центр города","dc":2,"n":118.14,"vc":"470","sl":"Элитный","sv":"1000","p":230.0,"q":14.37,"b":2.2,"ms":0.75,"wi":36.09,"ei":5.0,"as":498.0,"mi":"E","mv":133645,"sc":2,"lpe":97.76,"lpr":286.34,"lq":1.0,"d":210000},{"pi":"423923","pc":"Продукты питания","ss":1000,"td":"Спальный район","dc":1,"n":318.41,"vc":"1073","sl":"Элитный","sv":"2000","p":260.0,"q":9.39,"b":1.99,"ms":1.57,"wi":33.56,"ei":5.0,"as":385.0,"mi":"E","mv":127281,"sc":2,"lpe":97.64,"lpr":287.64,"lq":1.0,"d":200000},{"pi":"423923","pc":"Продукты питания","ss":1000,"td":"Центр города","dc":2,"n":120.42,"vc":"468","sl":"Элитный","sv":"1000","p":230.0,"q":14.37,"b":2.2,"ms":0.79,"wi":33.56,"ei":5.0,"as":385.0,"mi":"E","mv":127281,"sc":2,"lpe":97.64,"lpr":287.64,"lq":1.0,"d":200000},{"pi":"423923","pc":"Продукты питания","ss":1000,"td":"Центр города","dc":3,"n":460.2,"vc":"2652","sl":"Низкий","sv":"1160","p":140.0,"q":6.44,"b":1.46,"ms":1.61,"wi":27.64,"ei":6.3,"as":485.1,"mi":"E","mv":71845,"sc":2,"lpe":96.99,"lpr":156.26,"lq":1.0,"d":118827},{"pi":"423923","pc":"Продукты питания","ss":1000,"td":"Центр города","dc":2,"n":156.19,"vc":"478","sl":"Элитный","sv":"1000","p":160.0,"q":14.37,"b":1.98,"ms":1.39,"wi":27.64,"ei":6.3,"as":485.1,"mi":"E","mv":71845,"sc":2,"lpe":96.99,"lpr":156.26,"lq":1.0,"d":118827},{"pi":"423923","pc":"Продукты питания","ss":1000,"td":"Центр города","dc":2,"n":151.98,"vc":"481","sl":"Элитный","sv":"1000","p":165.0,"q":14.37,"b":1.98,"ms":1.21,"wi":26.72,"ei":6.2,"as":460.6,"mi":"E","mv":82402,"sc":1,"lpe":98.79,"lpr":152.74,"lq":1.0,"d":129476},{"pi":"423923","pc":"Продукты питания","ss":1000,"td":"Центр города","dc":1,"n":316.19,"vc":"1240","sl":"Элитный","sv":"3000","p":260.0,"q":9.58,"b":0.0,"ms":3.12,"wi":34.95,"ei":6.4,"as":480.0,"mi":"E","mv":96033,"sc":3,"lpe":95.63,"lpr":184.82,"lq":1.0,"d":137814},{"pi":"423923","pc":"Продукты питания","ss":1000,"td":"Центр города","dc":2,"n":141.68,"vc":"464","sl":"Элитный","sv":"1000","p":210.0,"q":14.37,"b":1.98,"ms":1.04,"wi":34.95,"ei":6.4,"as":480.0,"mi":"E","mv":96033,"sc":3,"lpe":95.63,"lpr":184.82,"lq":1.0,"d":137814},{"pi":"423923","pc":"Продукты питания","ss":600,"td":"Пригород","dc":1,"n":456.07,"vc":"749","sl":"Элитный","sv":"200","p":150.0,"q":12.57,"b":0.0,"ms":0.21,"wi":34.95,"ei":6.4,"as":480.0,"mi":"E","mv":96033,"sc":3,"lpe":95.63,"lpr":184.82,"lq":1.0,"d":137814},{"pi":"423923","pc":"Продукты питания","ss":1600,"td":"Фешенебельный район","dc":1,"n":509.17,"vc":"1694","sl":"Элитный","sv":"20000","p":300.0,"q":6.52,"b":0.8,"ms":8.18,"wi":61.17,"ei":7.54,"as":1230.25,"mi":"E","mv":244383,"sc":5,"lpe":81.87,"lpr":384.68,"lq":2.5,"d":384017},{"pi":"423923","pc":"Продукты питания","ss":1000,"td":"Центр города","dc":2,"n":97.59,"vc":"517","sl":"Элитный","sv":"10000","p":450.0,"q":14.37,"b":3.23,"ms":4.09,"wi":61.17,"ei":7.54,"as":1230.25,"mi":"E","mv":244383,"sc":5,"lpe":81.87,"lpr":384.68,"lq":2.5,"d":384017},{"pi":"423923","pc":"Продукты питания","ss":10000,"td":"Центр города","dc":1,"n":253.3,"vc":"4680","sl":"Элитный","sv":"9000","p":300.0,"q":7.61,"b":0.0,"ms":3.68,"wi":61.17,"ei":7.54,"as":1230.25,"mi":"E","mv":244383,"sc":5,"lpe":81.87,"lpr":384.68,"lq":2.5,"d":384017},{"pi":"423923","pc":"Продукты питания","ss":10000,"td":"Центр города","dc":3,"n":392.37,"vc":"13089","sl":"Очень высокий","sv":"5000","p":480.0,"q":9.39,"b":2.99,"ms":2.05,"wi":61.17,"ei":7.54,"as":1230.25,"mi":"E","mv":244383,"sc":5,"lpe":81.87,"lpr":384.68,"lq":2.5,"d":384017},{"pi":"423923","pc":"Продукты питания","ss":15000,"td":"Окраина","dc":1,"n":374.45,"vc":"13677","sl":"Элитный","sv":"300","p":300.0,"q":5.78,"b":0.00533333333333333,"ms":0.12,"wi":61.17,"ei":7.54,"as":1230.25,"mi":"E","mv":244383,"sc":5,"lpe":81.87,"lpr":384.68,"lq":2.5,"d":384017},{"pi":"423923","pc":"Продукты питания","ss":10000,"td":"Центр города","dc":2,"n":352.11,"vc":"6460","sl":"Элитный","sv":"4000","p":300.0,"q":9.39,"b":2.99,"ms":5.49,"wi":39.43,"ei":7.0,"as":1040.0,"mi":"E","mv":72842,"sc":3,"lpe":91.59,"lpr":136.62,"lq":1.0,"d":137749},{"pi":"423923","pc":"Продукты питания","ss":17000,"td":"Окраина","dc":1,"n":596.08,"vc":"56662","sl":"Низкий","sv":"1129","p":280.0,"q":5.33,"b":0.0,"ms":1.55,"wi":39.43,"ei":7.0,"as":1040.0,"mi":"E","mv":72842,"sc":3,"lpe":91.59,"lpr":136.62,"lq":1.0,"d":137749},{"pi":"423923","pc":"Продукты питания","ss":1000,"td":"Центр города","dc":2,"n":155.3,"vc":"476","sl":"Элитный","sv":"1000","p":180.0,"q":14.37,"b":3.23,"ms":1.37,"wi":39.43,"ei":7.0,"as":1040.0,"mi":"E","mv":72842,"sc":3,"lpe":91.59,"lpr":136.62,"lq":1.0,"d":137749},{"pi":"423923","pc":"Продукты питания","ss":300,"td":"Спальный район","dc":1,"n":173.56,"vc":"339","sl":"Очень высокий","sv":"1100","p":275.0,"q":2.46,"b":0.0,"ms":0.32,"wi":23.61,"ei":8.41,"as":495.02,"mi":"E","mv":344621,"sc":3,"lpe":99.1,"lpr":278.26,"lq":1.0,"d":553707},{"pi":"423923","pc":"Продукты питания","ss":1000,"td":"Центр города","dc":2,"n":68.22,"vc":"498","sl":"Элитный","sv":"1000","p":400.0,"q":14.37,"b":0.89,"ms":0.29,"wi":23.61,"ei":8.41,"as":495.02,"mi":"E","mv":344621,"sc":3,"lpe":99.1,"lpr":278.26,"lq":1.0,"d":553707},{"pi":"423923","pc":"Продукты питания","ss":20000,"td":"Центр города","dc":2,"n":368.01,"vc":"20105","sl":"Элитный","sv":"1000","p":260.0,"q":9.39,"b":0.0,"ms":0.29,"wi":23.61,"ei":8.41,"as":495.02,"mi":"E","mv":344621,"sc":3,"lpe":99.1,"lpr":278.26,"lq":1.0,"d":553707},{"pi":"423923","pc":"Продукты питания","ss":1000,"td":"Центр города","dc":2,"n":66.34,"vc":"502","sl":"Элитный","sv":"1000","p":330.0,"q":14.37,"b":0.89,"ms":0.56,"wi":22.02,"ei":4.69,"as":413.07,"mi":"E","mv":179518,"sc":2,"lpe":99.0,"lpr":225.66,"lq":1.0,"d":582047},{"pi":"423923","pc":"Продукты питания","ss":300,"td":"Спальный район","dc":1,"n":232.83,"vc":"458","sl":"Очень высокий","sv":"800","p":189.0,"q":9.39,"b":0.0,"ms":0.45,"wi":22.02,"ei":4.69,"as":413.07,"mi":"E","mv":179518,"sc":2,"lpe":99.0,"lpr":225.66,"lq":1.0,"d":582047},{"pi":"423923","pc":"Продукты питания","ss":5000,"td":"Центр города","dc":2,"n":194.51,"vc":"3611","sl":"Элитный","sv":"52505","p":600.0,"q":9.75,"b":0.69,"ms":4.53,"wi":65.52,"ei":7.0,"as":1059.0,"mi":"E","mv":1157809,"sc":4,"lpe":93.82,"lpr":464.4,"lq":1.0,"d":1819400},{"pi":"423923","pc":"Продукты питания","ss":10000,"td":"Пригород","dc":3,"n":195.02,"vc":"2097","sl":"Элитный","sv":"18000","p":677.0,"q":9.39,"b":1.92,"ms":1.55,"wi":65.52,"ei":7.0,"as":1059.0,"mi":"E","mv":1157809,"sc":4,"lpe":93.82,"lpr":464.4,"lq":1.0,"d":1819400},{"pi":"423923","pc":"Продукты питания","ss":1000,"td":"Центр города","dc":2,"n":40.38,"vc":"646","sl":"Элитный","sv":"1000","p":300.0,"q":14.37,"b":2.12,"ms":0.09,"wi":65.52,"ei":7.0,"as":1059.0,"mi":"E","mv":1157809,"sc":4,"lpe":93.82,"lpr":464.4,"lq":1.0,"d":1819400},{"pi":"423923","pc":"Продукты питания","ss":15000,"td":"Окраина","dc":1,"n":399.11,"vc":"28539","sl":"Элитный","sv":"100","p":450.0,"q":5.8,"b":0.1035,"ms":0.01,"wi":65.52,"ei":7.0,"as":1059.0,"mi":"E","mv":1157809,"sc":4,"lpe":93.82,"lpr":464.4,"lq":1.0,"d":1819400},{"pi":"423923","pc":"Продукты питания","ss":2000,"td":"Центр города","dc":3,"n":33.31,"vc":"1418","sl":"Высокий","sv":"414","p":111.0,"q":1.0,"b":0.0,"ms":0.01,"wi":31.91,"ei":5.73,"as":592.8,"mi":"E","mv":3560420,"sc":2,"lpe":99.99,"lpr":228.27,"lq":1.0,"d":8433466},{"pi":"423923","pc":"Продукты питания","ss":500,"td":"Спальный район","dc":1,"n":28.27,"vc":"569","sl":"Элитный","sv":"1","p":50.0,"q":1.0,"b":0.0,"ms":0.0,"wi":31.91,"ei":5.73,"as":592.8,"mi":"E","mv":3560420,"sc":2,"lpe":99.99,"lpr":228.27,"lq":1.0,"d":8433466},{"pi":"423923","pc":"Продукты питания","ss":1000,"td":"Окраина","dc":1,"n":636.83,"vc":"5392","sl":"Низкий","sv":"100","p":155.0,"q":8.32,"b":0.0,"ms":0.21,"wi":24.98,"ei":5.9,"as":431.2,"mi":"E","mv":47895,"sc":1,"lpe":99.79,"lpr":140.05,"lq":1.0,"d":204528},{"pi":"423923","pc":"Продукты питания","ss":1000,"td":"Окраина","dc":1,"n":375.27,"vc":"1214","sl":"Элитный","sv":"5808","p":160.0,"q":8.32,"b":0.0,"ms":13.49,"wi":26.28,"ei":6.0,"as":441.0,"mi":"E","mv":43054,"sc":1,"lpe":86.51,"lpr":144.53,"lq":1.0,"d":67640},{"pi":"423923","pc":"Продукты питания","ss":11000,"td":"Пригород","dc":3,"n":396.5,"vc":"3033","sl":"Элитный","sv":"1500","p":290.0,"q":9.39,"b":1.99,"ms":4.3,"wi":33.3,"ei":5.0,"as":715.0,"mi":"E","mv":34853,"sc":3,"lpe":89.96,"lpr":166.54,"lq":1.33,"d":60990},{"pi":"423923","pc":"Продукты питания","ss":120000,"td":"Пригород","dc":3,"n":643.98,"vc":"210466","sl":"Очень высокий","sv":"1000","p":280.0,"q":12.57,"b":0.0,"ms":2.87,"wi":33.3,"ei":5.0,"as":715.0,"mi":"E","mv":34853,"sc":3,"lpe":89.96,"lpr":166.54,"lq":1.33,"d":60990},{"pi":"423923","pc":"Продукты питания","ss":1000,"td":"Центр города","dc":2,"n":186.69,"vc":"449","sl":"Элитный","sv":"1000","p":190.0,"q":14.37,"b":2.2,"ms":2.87,"wi":33.3,"ei":5.0,"as":715.0,"mi":"E","mv":34853,"sc":3,"lpe":89.96,"lpr":166.54,"lq":1.33,"d":60990},{"pi":"423923","pc":"Продукты питания","ss":1000,"td":"Центр города","dc":2,"n":73.49,"vc":"489","sl":"Элитный","sv":"1000","p":300.0,"q":14.37,"b":0.89,"ms":0.66,"wi":20.66,"ei":5.39,"as":398.09,"mi":"E","mv":150847,"sc":1,"lpe":99.34,"lpr":210.35,"lq":1.0,"d":483052},{"pi":"423923","pc":"Продукты питания","ss":300,"td":"Спальный район","dc":1,"n":133.55,"vc":"329","sl":"Очень высокий","sv":"1100","p":216.0,"q":2.46,"b":0.0,"ms":0.42,"wi":23.3,"ei":7.48,"as":472.9,"mi":"E","mv":263911,"sc":3,"lpe":98.94,"lpr":215.8,"lq":1.0,"d":874982},{"pi":"423923","pc":"Продукты питания","ss":1000,"td":"Центр города","dc":2,"n":51.81,"vc":"533","sl":"Элитный","sv":"1000","p":300.0,"q":14.37,"b":0.89,"ms":0.38,"wi":23.3,"ei":7.48,"as":472.9,"mi":"E","mv":263911,"sc":3,"lpe":98.94,"lpr":215.8,"lq":1.0,"d":874982},{"pi":"423923","pc":"Продукты питания","ss":2000,"td":"Центр города","dc":3,"n":99.06,"vc":"961","sl":"Элитный","sv":"700","p":113.0,"q":1.0,"b":0.0,"ms":0.27,"wi":23.3,"ei":7.48,"as":472.9,"mi":"E","mv":263911,"sc":3,"lpe":98.94,"lpr":215.8,"lq":1.0,"d":874982},{"pi":"423923","pc":"Продукты питания","ss":300,"td":"Спальный район","dc":1,"n":163.08,"vc":"332","sl":"Очень высокий","sv":"1100","p":174.0,"q":2.46,"b":0.0,"ms":0.62,"wi":21.82,"ei":8.8,"as":448.97,"mi":"E","mv":176130,"sc":3,"lpe":98.43,"lpr":173.08,"lq":1.0,"d":597386},{"pi":"423923","pc":"Продукты питания","ss":1000,"td":"Центр города","dc":2,"n":65.36,"vc":"504","sl":"Элитный","sv":"1000","p":240.0,"q":14.37,"b":0.89,"ms":0.57,"wi":21.82,"ei":8.8,"as":448.97,"mi":"E","mv":176130,"sc":3,"lpe":98.43,"lpr":173.08,"lq":1.0,"d":597386},{"pi":"423923","pc":"Продукты питания","ss":2000,"td":"Центр города","dc":3,"n":111.08,"vc":"905","sl":"Элитный","sv":"660","p":89.0,"q":1.0,"b":0.0,"ms":0.37,"wi":21.82,"ei":8.8,"as":448.97,"mi":"E","mv":176130,"sc":3,"lpe":98.43,"lpr":173.08,"lq":1.0,"d":597386},{"pi":"423923","pc":"Продукты питания","ss":1000,"td":"Окраина","dc":1,"n":472.44,"vc":"2376","sl":"Низкий","sv":"100","p":150.0,"q":8.32,"b":0.0,"ms":0.16,"wi":26.51,"ei":6.1,"as":450.8,"mi":"E","mv":61354,"sc":1,"lpe":99.84,"lpr":146.57,"lq":1.0,"d":96400},{"pi":"423923","pc":"Продукты питания","ss":10000,"td":"Спальный район","dc":1,"n":252.67,"vc":"7835","sl":"Элитный","sv":"2000","p":500.0,"q":10.2,"b":0.0,"ms":0.1,"wi":28.55,"ei":12.08,"as":459.6,"mi":"E","mv":2000479,"sc":5,"lpe":99.75,"lpr":223.87,"lq":1.0,"d":3859512},{"pi":"423923","pc":"Продукты питания","ss":400,"td":"Спальный район","dc":1,"n":130.92,"vc":"649","sl":"Высокий","sv":"1100","p":225.0,"q":2.46,"b":0.0,"ms":0.05,"wi":28.55,"ei":12.08,"as":459.6,"mi":"E","mv":2000479,"sc":5,"lpe":99.75,"lpr":223.87,"lq":1.0,"d":3859512},{"pi":"423923","pc":"Продукты питания","ss":1000,"td":"Центр города","dc":2,"n":25.39,"vc":"772","sl":"Элитный","sv":"1000","p":300.0,"q":14.37,"b":0.89,"ms":0.05,"wi":28.55,"ei":12.08,"as":459.6,"mi":"E","mv":2000479,"sc":5,"lpe":99.75,"lpr":223.87,"lq":1.0,"d":3859512},{"pi":"423923","pc":"Продукты питания","ss":2000,"td":"Центр города","dc":1,"n":120.39,"vc":"1841","sl":"Элитный","sv":"500","p":110.0,"q":1.06,"b":0.0,"ms":0.02,"wi":28.55,"ei":12.08,"as":459.6,"mi":"E","mv":2000479,"sc":5,"lpe":99.75,"lpr":223.87,"lq":1.0,"d":3859512},{"pi":"423923","pc":"Продукты питания","ss":2000,"td":"Центр города","dc":3,"n":54.24,"vc":"1227","sl":"Нормальный","sv":"308","p":114.0,"q":1.0,"b":0.0,"ms":0.02,"wi":28.55,"ei":12.08,"as":459.6,"mi":"E","mv":2000479,"sc":5,"lpe":99.75,"lpr":223.87,"lq":1.0,"d":3859512},{"pi":"423923","pc":"Продукты питания","ss":1000,"td":"Окраина","dc":1,"n":513.5,"vc":"2944","sl":"Высокий","sv":"100","p":160.0,"q":8.32,"b":0.0,"ms":0.17,"wi":26.48,"ei":6.0,"as":450.8,"mi":"E","mv":57917,"sc":1,"lpe":99.83,"lpr":141.82,"lq":1.0,"d":91741},{"pi":"423923","pc":"Продукты питания","ss":1000,"td":"Окраина","dc":2,"n":289.5,"vc":"750","sl":"Элитный","sv":"3000","p":420.0,"q":9.39,"b":1.99,"ms":2.29,"wi":46.83,"ei":6.0,"as":468.0,"mi":"E","mv":130953,"sc":2,"lpe":96.95,"lpr":388.93,"lq":1.0,"d":216600},{"pi":"423923","pc":"Продукты питания","ss":1000,"td":"Центр города","dc":2,"n":108.21,"vc":"450","sl":"Элитный","sv":"1000","p":360.0,"q":14.37,"b":2.2,"ms":0.76,"wi":46.83,"ei":6.0,"as":468.0,"mi":"E","mv":130953,"sc":2,"lpe":96.95,"lpr":388.93,"lq":1.0,"d":216600},{"pi":"423923","pc":"Продукты питания","ss":1000,"td":"Окраина","dc":2,"n":258.49,"vc":"758","sl":"Элитный","sv":"3000","p":440.0,"q":9.39,"b":1.99,"ms":1.16,"wi":46.98,"ei":5.0,"as":388.33,"mi":"E","mv":258232,"sc":3,"lpe":98.44,"lpr":366.5,"lq":1.0,"d":368944},{"pi":"423923","pc":"Продукты питания","ss":1000,"td":"Центр города","dc":2,"n":84.24,"vc":"473","sl":"Элитный","sv":"1000","p":360.0,"q":14.37,"b":2.2,"ms":0.39,"wi":46.98,"ei":5.0,"as":388.33,"mi":"E","mv":258232,"sc":3,"lpe":98.44,"lpr":366.5,"lq":1.0,"d":368944},{"pi":"423923","pc":"Продукты питания","ss":500,"td":"Спальный район","dc":3,"n":93.26,"vc":"266","sl":"Нормальный","sv":"25","p":85.0,"q":1.98,"b":0.0,"ms":0.01,"wi":46.98,"ei":5.0,"as":388.33,"mi":"E","mv":258232,"sc":3,"lpe":98.44,"lpr":366.5,"lq":1.0,"d":368944},{"pi":"423923","pc":"Продукты питания","ss":1000,"td":"Пригород","dc":3,"n":259.1,"vc":"505","sl":"Элитный","sv":"4000","p":490.0,"q":9.39,"b":1.99,"ms":1.75,"wi":58.37,"ei":7.76,"as":807.0,"mi":"E","mv":228865,"sc":3,"lpe":97.38,"lpr":416.66,"lq":1.0,"d":364972},{"pi":"423923","pc":"Продукты питания","ss":6000,"td":"Пригород","dc":3,"n":411.2,"vc":"4109","sl":"Элитный","sv":"1000","p":230.0,"q":12.57,"b":0.0,"ms":0.44,"wi":58.37,"ei":7.76,"as":807.0,"mi":"E","mv":228865,"sc":3,"lpe":97.38,"lpr":416.66,"lq":1.0,"d":364972},{"pi":"423923","pc":"Продукты питания","ss":1000,"td":"Центр города","dc":2,"n":84.71,"vc":"473","sl":"Элитный","sv":"1000","p":350.0,"q":14.37,"b":2.2,"ms":0.44,"wi":58.37,"ei":7.76,"as":807.0,"mi":"E","mv":228865,"sc":3,"lpe":97.38,"lpr":416.66,"lq":1.0,"d":364972},{"pi":"423923","pc":"Продукты питания","ss":5800,"td":"Центр города","dc":1,"n":482.11,"vc":"21972","sl":"Очень высокий","sv":"112000","p":440.0,"q":8.37,"b":0.0,"ms":22.31,"wi":47.83,"ei":6.0,"as":448.87,"mi":"E","mv":502098,"sc":4,"lpe":76.89,"lpr":370.52,"lq":1.41,"d":839450},{"pi":"423923","pc":"Продукты питания","ss":1000,"td":"Пригород","dc":3,"n":213.75,"vc":"524","sl":"Элитный","sv":"3000","p":500.0,"q":9.39,"b":1.99,"ms":0.6,"wi":47.83,"ei":6.0,"as":448.87,"mi":"E","mv":502098,"sc":4,"lpe":76.89,"lpr":370.52,"lq":1.41,"d":839450},{"pi":"423923","pc":"Продукты питания","ss":1000,"td":"Центр города","dc":2,"n":51.69,"vc":"525","sl":"Элитный","sv":"1000","p":380.0,"q":14.37,"b":2.2,"ms":0.2,"wi":47.83,"ei":6.0,"as":448.87,"mi":"E","mv":502098,"sc":4,"lpe":76.89,"lpr":370.52,"lq":1.41,"d":839450},{"pi":"423923","pc":"Продукты питания","ss":500,"td":"Спальный район","dc":3,"n":72.34,"vc":"319","sl":"Высокий","sv":"21","p":90.0,"q":1.97,"b":0.0,"ms":0.0,"wi":47.83,"ei":6.0,"as":448.87,"mi":"E","mv":502098,"sc":4,"lpe":76.89,"lpr":370.52,"lq":1.41,"d":839450},{"pi":"423923","pc":"Продукты питания","ss":1000,"td":"Окраина","dc":2,"n":248.06,"vc":"763","sl":"Элитный","sv":"3000","p":425.0,"q":9.39,"b":1.99,"ms":1.06,"wi":48.71,"ei":6.0,"as":450.0,"mi":"E","mv":282554,"sc":2,"lpe":98.58,"lpr":372.5,"lq":1.0,"d":444000},{"pi":"423923","pc":"Продукты питания","ss":1000,"td":"Центр города","dc":2,"n":76.31,"vc":"483","sl":"Элитный","sv":"1000","p":380.0,"q":14.37,"b":2.2,"ms":0.35,"wi":48.71,"ei":6.0,"as":450.0,"mi":"E","mv":282554,"sc":2,"lpe":98.58,"lpr":372.5,"lq":1.0,"d":444000}]