[{"d":"03.12.2021","r":2.0,"q":1.0,"p":9.99999995E8,"s":[{"cn":"Mor S. Ltd.","ui":"8869815","t":2.0,"r":2.0,"q":1.0,"p":9.99999995E8,"mot":"U","mo":2.0},{"cn":"","ui":"","t":0.0,"r":0.0,"q":0.0,"p":0.0,"mot":"L","mo":0.0}]},{"d":"06.12.2021","r":10.0,"q":1.0,"p":9.99999995E8,"s":[{"cn":"Mor S. Ltd.","ui":"8869815","t":10.0,"r":10.0,"q":1.0,"p":9.99999995E8,"mot":"U","mo":10.0},{"cn":"","ui":"","t":0.0,"r":0.0,"q":0.0,"p":0.0,"mot":"L","mo":0.0}]},{"d":"07.12.2021","r":7.0,"q":1.0,"p":9.9999995E7,"s":[{"cn":"Mor S. Ltd.","ui":"8869815","t":7.0,"r":7.0,"q":1.0,"p":9.9999995E7,"mot":"U","mo":7.0},{"cn":"","ui":"","t":0.0,"r":0.0,"q":0.0,"p":0.0,"mot":"L","mo":0.0}]},{"d":"08.12.2021","r":9.0,"q":1.0,"p":9.9999995E7,"s":[{"cn":"Mor S. Ltd.","ui":"8869815","t":9.0,"r":9.0,"q":1.0,"p":9.9999995E7,"mot":"U","mo":9.0},{"cn":"","ui":"","t":0.0,"r":0.0,"q":0.0,"p":0.0,"mot":"L","mo":0.0}]},{"d":"09.12.2021","r":34.0,"q":1.0,"p":9.2632352941E8,"s":[{"cn":"Seimex Финанс","ui":"8875608","t":29.0,"r":29.0,"q":1.0,"p":1.0E9,"mot":"U","mo":29.0},{"cn":"YYARSS LTD.","ui":"8874631","t":5.0,"r":5.0,"q":1.0,"p":4.99E8,"mot":"U","mo":5.0},{"cn":"","ui":"","t":0.0,"r":0.0,"q":0.0,"p":0.0,"mot":"L","mo":0.0}]},{"d":"15.12.2021","r":9.0,"q":1.0,"p":1.0E9,"s":[{"cn":"Seimex Финанс","ui":"8875608","t":9.0,"r":9.0,"q":1.0,"p":1.0E9,"mot":"U","mo":9.0},{"cn":"","ui":"","t":0.0,"r":0.0,"q":0.0,"p":0.0,"mot":"L","mo":0.0}]},{"d":"20.12.2021","r":10.0,"q":1.0,"p":1.0E9,"s":[{"cn":"Seimex Финанс","ui":"8875608","t":10.0,"r":10.0,"q":1.0,"p":1.0E9,"mot":"U","mo":10.0},{"cn":"","ui":"","t":0.0,"r":0.0,"q":0.0,"p":0.0,"mot":"L","mo":0.0}]},{"d":"21.12.2021","r":34.0,"q":1.0,"p":1.0E9,"s":[{"cn":"Coolen Inc.","ui":"8874634","t":7.0,"r":7.0,"q":1.01,"p":1.0E9,"mot":"U","mo":7.0},{"cn":"Nuyttie_92 and co","ui":"8881911","t":7.0,"r":7.0,"q":1.0,"p":1.0E9,"mot":"U","mo":7.0},{"cn":"Seimex Финанс","ui":"8875608","t":20.0,"r":20.0,"q":1.0,"p":1.0E9,"mot":"U","mo":20.0},{"cn":"","ui":"","t":0.0,"r":0.0,"q":0.0,"p":0.0,"mot":"L","mo":0.0}]},{"d":"22.12.2021","r":78.0,"q":1.01,"p":1.0E9,"s":[{"cn":"Coolen Inc.","ui":"8874634","t":46.0,"r":46.0,"q":1.01,"p":1.0E9,"mot":"U","mo":46.0},{"cn":"Seimex Финанс","ui":"8875608","t":32.0,"r":32.0,"q":1.0,"p":1.0E9,"mot":"U","mo":32.0},{"cn":"","ui":"","t":0.0,"r":0.0,"q":0.0,"p":0.0,"mot":"L","mo":0.0}]},{"d":"23.12.2021","r":129.0,"q":1.01,"p":8.3527131783E8,"s":[{"cn":"Coolen Inc.","ui":"8874634","t":85.0,"r":85.0,"q":1.01,"p":7.5E8,"mot":"U","mo":85.0},{"cn":"Seimex Финанс","ui":"8875608","t":44.0,"r":44.0,"q":1.0,"p":1.0E9,"mot":"U","mo":44.0},{"cn":"","ui":"","t":0.0,"r":0.0,"q":0.0,"p":0.0,"mot":"L","mo":0.0}]},{"d":"24.12.2021","r":135.0,"q":1.0,"p":7.5870371852E8,"s":[{"cn":"Coolen Inc.","ui":"8874634","t":39.0,"r":39.0,"q":1.01,"p":3.75E8,"mot":"U","mo":39.0},{"cn":"Black panterS Limited","ui":"8875491","t":20.0,"r":20.0,"q":1.0,"p":7.900001E8,"mot":"U","mo":20.0},{"cn":"YDaKota Инвест","ui":"8878860","t":20.0,"r":20.0,"q":1.0,"p":8.0E8,"mot":"L","mo":20.0},{"cn":"Seimex Финанс","ui":"8875608","t":56.0,"r":56.0,"q":1.0,"p":1.0E9,"mot":"U","mo":56.0},{"cn":"","ui":"","t":0.0,"r":0.0,"q":0.0,"p":0.0,"mot":"L","mo":0.0}]},{"d":"27.12.2021","r":211.0,"q":1.0,"p":8.9999999999E8,"s":[{"cn":"Seimex Финанс","ui":"8875608","t":209.0,"r":209.0,"q":1.0,"p":8.9999999999E8,"mot":"U","mo":209.0},{"cn":"","ui":"","t":2.0,"r":2.0,"q":1.0,"p":8.9999999998E8,"mot":"L","mo":2.0}]},{"d":"28.12.2021","r":253.0,"q":1.0,"p":8.9999999997E8,"s":[{"cn":"Seimex Финанс","ui":"8875608","t":230.0,"r":230.0,"q":1.0,"p":8.9999999997E8,"mot":"U","mo":230.0},{"cn":"la kagni","ui":"8882729","t":20.0,"r":20.0,"q":1.0,"p":9.0E8,"mot":"U","mo":20.0},{"cn":"","ui":"","t":3.0,"r":3.0,"q":1.0,"p":8.9999999998E8,"mot":"L","mo":3.0}]},{"d":"29.12.2021","r":369.0,"q":1.3,"p":5.2038482384E8,"s":[{"cn":"Coolen Inc.","ui":"8874634","t":78.0,"r":78.0,"q":2.42,"p":6.99E8,"mot":"U","mo":78.0},{"cn":"Сергей Финанс","ui":"8447872","t":20.0,"r":20.0,"q":1.0,"p":2.0E7,"mot":"U","mo":20.0},{"cn":"Seimex Финанс","ui":"8875608","t":247.0,"r":247.0,"q":1.0,"p":4.9999999999E8,"mot":"U","mo":247.0},{"cn":"la kagni","ui":"8882729","t":20.0,"r":20.0,"q":1.0,"p":5.0E8,"mot":"U","mo":20.0},{"cn":"","ui":"","t":4.0,"r":4.0,"q":1.0,"p":8.9999999998E8,"mot":"L","mo":4.0}]},{"d":"30.12.2021","r":387.0,"q":1.42,"p":4.9539793281E8,"s":[{"cn":"Coolen Inc.","ui":"8874634","t":117.0,"r":117.0,"q":2.38,"p":6.99E8,"mot":"U","mo":117.0},{"cn":"Seimex Финанс","ui":"8875608","t":264.0,"r":264.0,"q":1.0,"p":3.9899999999E8,"mot":"U","mo":264.0},{"cn":"","ui":"","t":6.0,"r":6.0,"q":1.0,"p":7.6666666665E8,"mot":"L","mo":6.0}]},{"d":"31.12.2021","r":464.0,"q":1.46,"p":5.2362499999E8,"s":[{"cn":"Coolen Inc.","ui":"8874634","t":156.0,"r":156.0,"q":2.36,"p":6.99E8,"mot":"U","mo":156.0},{"cn":"Seimex Финанс","ui":"8875608","t":282.0,"r":282.0,"q":1.0,"p":3.9899999999E8,"mot":"U","mo":282.0},{"cn":"","ui":"","t":26.0,"r":26.0,"q":1.0,"p":8.2307692307E8,"mot":"L","mo":26.0}]},{"d":"03.01.2022","r":407.0,"q":2.04,"p":6.418658968E8,"s":[{"cn":"Coolen Inc.","ui":"8874634","t":320.0,"r":320.0,"q":2.32,"p":6.99E8,"mot":"U","mo":320.0},{"cn":"Seimex Финанс","ui":"8875608","t":58.0,"r":58.0,"q":1.02,"p":3.6998999999E8,"mot":"U","mo":58.0},{"cn":"","ui":"","t":29.0,"r":29.0,"q":1.0,"p":5.5517241379E8,"mot":"L","mo":29.0}]},{"d":"04.01.2022","r":356.0,"q":2.43,"p":7.0674157207E8,"s":[{"cn":"Coolen Inc.","ui":"8874634","t":344.0,"r":344.0,"q":2.48,"p":6.99999999E8,"mot":"U","mo":344.0},{"cn":"","ui":"","t":12.0,"r":12.0,"q":1.0,"p":8.9999999998E8,"mot":"L","mo":12.0}]},{"d":"05.01.2022","r":395.0,"q":2.58,"p":6.8359453069E8,"s":[{"cn":"Coolen Inc.","ui":"8874634","t":376.0,"r":376.0,"q":2.66,"p":6.99999999E8,"mot":"U","mo":376.0},{"cn":"","ui":"","t":19.0,"r":19.0,"q":1.07,"p":3.5893894736E8,"mot":"L","mo":19.0}]},{"d":"06.01.2022","r":499.0,"q":2.82,"p":6.7888777462E8,"s":[{"cn":"Coolen Inc.","ui":"8874634","t":464.0,"r":464.0,"q":2.95,"p":6.99999999E8,"mot":"U","mo":464.0},{"cn":"Seimex Финанс","ui":"8875608","t":35.0,"r":35.0,"q":1.05,"p":3.9899999999E8,"mot":"U","mo":35.0},{"cn":"","ui":"","t":0.0,"r":0.0,"q":0.0,"p":0.0,"mot":"L","mo":0.0}]},{"d":"07.01.2022","r":586.0,"q":3.03,"p":6.8253583523E8,"s":[{"cn":"Coolen Inc.","ui":"8874634","t":552.0,"r":552.0,"q":3.15,"p":6.99999999E8,"mot":"U","mo":552.0},{"cn":"Seimex Финанс","ui":"8875608","t":34.0,"r":34.0,"q":1.05,"p":3.9899999999E8,"mot":"U","mo":34.0},{"cn":"","ui":"","t":0.0,"r":0.0,"q":0.0,"p":0.0,"mot":"L","mo":0.0}]},{"d":"10.01.2022","r":1057.0,"q":4.0,"p":6.5729214679E8,"s":[{"cn":"Coolen Inc.","ui":"8874634","t":843.0,"r":843.0,"q":4.39,"p":6.99999999E8,"mot":"U","mo":843.0},{"cn":"Seimex Финанс","ui":"8875608","t":122.0,"r":122.0,"q":2.29,"p":3.9899999999E8,"mot":"U","mo":122.0},{"cn":"","ui":"","t":92.0,"r":92.0,"q":2.74,"p":6.0847608696E8,"mot":"L","mo":92.0}]},{"d":"11.01.2022","r":1055.0,"q":4.46,"p":7.0013706161E8,"s":[{"cn":"Coolen Inc.","ui":"8874634","t":940.0,"r":940.0,"q":4.63,"p":6.9999E8,"mot":"U","mo":940.0},{"cn":"Skyline7 Ltd.","ui":"8897719","t":57.0,"r":57.0,"q":4.43,"p":8.0E8,"mot":"U","mo":57.0},{"cn":"","ui":"","t":184.0,"r":58.0,"q":1.81,"p":6.0437931034E8,"mot":"L","mo":58.0}]},{"d":"12.01.2022","r":1149.0,"q":4.55,"p":6.7130063094E8,"s":[{"cn":"ALM Group","ui":"8876418","t":65.0,"r":65.0,"q":1.5,"p":4.0E8,"mot":"U","mo":65.0},{"cn":"Coolen Inc.","ui":"8874634","t":1037.0,"r":1037.0,"q":4.83,"p":6.9999E8,"mot":"U","mo":1037.0},{"cn":"","ui":"","t":174.0,"r":47.0,"q":2.51,"p":4.1350627564E8,"mot":"L","mo":47.0}]},{"d":"13.01.2022","r":1260.0,"q":4.71,"p":6.7068298171E8,"s":[{"cn":"ALM Group","ui":"8876418","t":79.0,"r":79.0,"q":1.69,"p":4.0E8,"mot":"U","mo":79.0},{"cn":"Coolen Inc.","ui":"8874634","t":1134.0,"r":1134.0,"q":5.0,"p":6.9999E8,"mot":"U","mo":1134.0},{"cn":"","ui":"","t":174.0,"r":47.0,"q":2.75,"p":4.18550999E8,"mot":"L","mo":47.0}]},{"d":"17.01.2022","r":1885.0,"q":4.86,"p":4.8214713152E8,"s":[{"cn":"ALM Group","ui":"8876418","t":243.0,"r":243.0,"q":2.34,"p":4.18E8,"mot":"U","mo":243.0},{"cn":"Coolen Inc.","ui":"8874634","t":1519.0,"r":1519.0,"q":5.44,"p":4.999E8,"mot":"U","mo":1519.0},{"cn":"","ui":"","t":297.0,"r":123.0,"q":2.62,"p":3.896361212E8,"mot":"L","mo":123.0}]},{"d":"18.01.2022","r":1995.0,"q":4.95,"p":4.1564962406E8,"s":[{"cn":"ALM Group","ui":"8876418","t":287.0,"r":287.0,"q":2.39,"p":4.18E8,"mot":"U","mo":287.0},{"cn":"Coolen Inc.","ui":"8874634","t":1615.0,"r":1615.0,"q":5.52,"p":4.15E8,"mot":"U","mo":1615.0},{"cn":"","ui":"","t":304.0,"r":93.0,"q":2.94,"p":4.1967741935E8,"mot":"L","mo":93.0}]},{"d":"19.01.2022","r":2120.0,"q":4.99,"p":4.1285990566E8,"s":[{"cn":"ALM Group","ui":"8876418","t":331.0,"r":331.0,"q":2.42,"p":4.18E8,"mot":"U","mo":331.0},{"cn":"Coolen Inc.","ui":"8874634","t":1711.0,"r":1711.0,"q":5.59,"p":4.15E8,"mot":"U","mo":1711.0},{"cn":"","ui":"","t":297.0,"r":78.0,"q":2.79,"p":3.441025641E8,"mot":"L","mo":78.0}]},{"d":"20.01.2022","r":2266.0,"q":5.02,"p":4.2047087379E8,"s":[{"cn":"ALM Group","ui":"8876418","t":374.0,"r":374.0,"q":2.46,"p":4.18E8,"mot":"U","mo":374.0},{"cn":"Coolen Inc.","ui":"8874634","t":1807.0,"r":1807.0,"q":5.66,"p":4.15E8,"mot":"U","mo":1807.0},{"cn":"","ui":"","t":318.0,"r":85.0,"q":2.68,"p":5.4764705882E8,"mot":"L","mo":85.0}]},{"d":"17.02.2022","r":5076.0,"q":6.03,"p":1.4689322301E8,"s":[{"cn":"Coolen Inc.","ui":"8874634","t":2640.0,"r":2638.0,"q":6.68,"p":1.25E8,"mot":"U","mo":2638.0},{"cn":"Seimex Финанс","ui":"8879609","t":438.0,"r":438.0,"q":6.02,"p":1.8E8,"mot":"U","mo":438.0},{"cn":"Seimex Финанс","ui":"8875608","t":1505.0,"r":1505.0,"q":5.52,"p":1.6E8,"mot":"U","mo":1505.0},{"cn":"Bj Ltd.","ui":"8885245","t":297.0,"r":297.0,"q":5.54,"p":1.5E8,"mot":"U","mo":297.0},{"cn":"","ui":"","t":551.0,"r":198.0,"q":1.97,"p":2.6106060606E8,"mot":"L","mo":198.0}]},{"d":"18.02.2022","r":5275.0,"q":6.03,"p":1.4111563981E8,"s":[{"cn":"Coolen Inc.","ui":"8874634","t":2739.0,"r":2737.0,"q":6.72,"p":1.25E8,"mot":"U","mo":2737.0},{"cn":"Seimex Финанс","ui":"8879609","t":473.0,"r":473.0,"q":6.02,"p":1.2E8,"mot":"U","mo":473.0},{"cn":"Seimex Финанс","ui":"8875608","t":1513.0,"r":1513.0,"q":5.52,"p":1.6E8,"mot":"U","mo":1513.0},{"cn":"Bj Ltd.","ui":"8885245","t":322.0,"r":322.0,"q":5.51,"p":1.5E8,"mot":"U","mo":322.0},{"cn":"","ui":"","t":597.0,"r":230.0,"q":1.88,"p":2.3965217391E8,"mot":"L","mo":230.0}]},{"d":"21.02.2022","r":5792.0,"q":6.08,"p":1.4032976519E8,"s":[{"cn":"Coolen Inc.","ui":"8874634","t":3036.0,"r":3034.0,"q":6.82,"p":1.25E8,"mot":"U","mo":3034.0},{"cn":"Seimex Финанс","ui":"8879609","t":578.0,"r":578.0,"q":5.98,"p":1.2E8,"mot":"U","mo":578.0},{"cn":"Seimex Финанс","ui":"8875608","t":1537.0,"r":1537.0,"q":5.49,"p":1.6E8,"mot":"U","mo":1537.0},{"cn":"Bj Ltd.","ui":"8885245","t":397.0,"r":397.0,"q":5.45,"p":1.5E8,"mot":"U","mo":397.0},{"cn":"","ui":"","t":655.0,"r":246.0,"q":1.97,"p":2.3865853659E8,"mot":"L","mo":246.0}]},{"d":"22.02.2022","r":5989.0,"q":6.08,"p":1.4017035565E8,"s":[{"cn":"Coolen Inc.","ui":"8874634","t":3135.0,"r":3133.0,"q":6.85,"p":1.25E8,"mot":"U","mo":3133.0},{"cn":"Seimex Финанс","ui":"8879609","t":613.0,"r":613.0,"q":5.96,"p":1.2E8,"mot":"U","mo":613.0},{"cn":"Seimex Финанс","ui":"8875608","t":1542.0,"r":1542.0,"q":5.48,"p":1.6E8,"mot":"U","mo":1542.0},{"cn":"Bj Ltd.","ui":"8885245","t":422.0,"r":422.0,"q":5.44,"p":1.5E8,"mot":"U","mo":422.0},{"cn":"","ui":"","t":707.0,"r":279.0,"q":2.02,"p":2.3037727599E8,"mot":"L","mo":279.0}]},{"d":"23.02.2022","r":4537.0,"q":6.39,"p":1.3450517963E8,"s":[{"cn":"Coolen Inc.","ui":"8874634","t":3234.0,"r":3232.0,"q":6.88,"p":1.25E8,"mot":"U","mo":3232.0},{"cn":"Seimex Финанс","ui":"8879609","t":649.0,"r":649.0,"q":5.96,"p":1.2E8,"mot":"U","mo":649.0},{"cn":"Bj Ltd.","ui":"8885245","t":447.0,"r":447.0,"q":5.42,"p":1.5E8,"mot":"U","mo":447.0},{"cn":"","ui":"","t":646.0,"r":209.0,"q":2.25,"p":2.9339712919E8,"mot":"L","mo":209.0}]},{"d":"24.02.2022","r":4745.0,"q":6.36,"p":1.3416007368E8,"s":[{"cn":"Coolen Inc.","ui":"8874634","t":3330.0,"r":3328.0,"q":6.9,"p":1.25E8,"mot":"U","mo":3328.0},{"cn":"Seimex Финанс","ui":"8879609","t":683.0,"r":683.0,"q":5.95,"p":1.2E8,"mot":"U","mo":683.0},{"cn":"Bj Ltd.","ui":"8885245","t":472.0,"r":472.0,"q":5.41,"p":1.5E8,"mot":"U","mo":472.0},{"cn":"","ui":"","t":714.0,"r":262.0,"q":2.24,"p":2.5889141076E8,"mot":"L","mo":262.0}]},{"d":"25.02.2022","r":4887.0,"q":6.38,"p":1.3459537019E8,"s":[{"cn":"Coolen Inc.","ui":"8874634","t":3425.0,"r":3423.0,"q":6.93,"p":1.25E8,"mot":"U","mo":3423.0},{"cn":"Seimex Финанс","ui":"8879609","t":717.0,"r":717.0,"q":5.92,"p":1.2E8,"mot":"U","mo":717.0},{"cn":"Bj Ltd.","ui":"8885245","t":497.0,"r":497.0,"q":5.39,"p":1.5E8,"mot":"U","mo":497.0},{"cn":"","ui":"","t":715.0,"r":250.0,"q":2.14,"p":2.7721029648E8,"mot":"L","mo":250.0}]},{"d":"28.02.2022","r":5403.0,"q":6.47,"p":1.3300222099E8,"s":[{"cn":"Coolen Inc.","ui":"8874634","t":3736.0,"r":3734.0,"q":7.07,"p":1.25E8,"mot":"U","mo":3734.0},{"cn":"Seimex Финанс","ui":"8879609","t":817.0,"r":817.0,"q":5.91,"p":1.1E8,"mot":"U","mo":817.0},{"cn":"Bj Ltd.","ui":"8885245","t":572.0,"r":572.0,"q":5.36,"p":1.5E8,"mot":"U","mo":572.0},{"cn":"","ui":"","t":788.0,"r":280.0,"q":2.31,"p":2.7211071429E8,"mot":"L","mo":280.0}]},{"d":"01.03.2022","r":5582.0,"q":6.48,"p":1.3294965962E8,"s":[{"cn":"Coolen Inc.","ui":"8874634","t":3839.0,"r":3837.0,"q":7.11,"p":1.25E8,"mot":"U","mo":3837.0},{"cn":"Seimex Финанс","ui":"8879609","t":851.0,"r":851.0,"q":5.9,"p":1.1E8,"mot":"U","mo":851.0},{"cn":"Bj Ltd.","ui":"8885245","t":597.0,"r":597.0,"q":5.35,"p":1.5E8,"mot":"U","mo":597.0},{"cn":"","ui":"","t":819.0,"r":297.0,"q":2.33,"p":2.6713804714E8,"mot":"L","mo":297.0}]},{"d":"02.03.2022","r":5764.0,"q":6.5,"p":1.2358240805E8,"s":[{"cn":"Coolen Inc.","ui":"8874634","t":3942.0,"r":3940.0,"q":7.15,"p":1.25E8,"mot":"U","mo":3940.0},{"cn":"Seimex Финанс","ui":"8879609","t":885.0,"r":885.0,"q":5.88,"p":5.0E7,"mot":"U","mo":885.0},{"cn":"Bj Ltd.","ui":"8885245","t":622.0,"r":622.0,"q":5.34,"p":1.5E8,"mot":"U","mo":622.0},{"cn":"","ui":"","t":853.0,"r":317.0,"q":2.36,"p":2.5955520505E8,"mot":"L","mo":317.0}]},{"d":"03.03.2022","r":5946.0,"q":6.51,"p":1.2337958291E8,"s":[{"cn":"Coolen Inc.","ui":"8874634","t":4045.0,"r":4043.0,"q":7.19,"p":1.25E8,"mot":"U","mo":4043.0},{"cn":"Seimex Финанс","ui":"8879609","t":919.0,"r":919.0,"q":5.85,"p":5.0E7,"mot":"U","mo":919.0},{"cn":"Bj Ltd.","ui":"8885245","t":647.0,"r":647.0,"q":5.32,"p":1.5E8,"mot":"U","mo":647.0},{"cn":"","ui":"","t":886.0,"r":337.0,"q":2.4,"p":2.5293768546E8,"mot":"L","mo":337.0}]},{"d":"04.03.2022","r":7379.0,"q":6.46,"p":1.2578926684E8,"s":[{"cn":"Coolen Inc.","ui":"8874634","t":4095.0,"r":4093.0,"q":7.21,"p":1.25E8,"mot":"U","mo":4093.0},{"cn":"Seimex Финанс","ui":"8879609","t":953.0,"r":951.0,"q":5.83,"p":5.0E7,"mot":"U","mo":951.0},{"cn":"Seimex Финанс","ui":"8875608","t":1547.0,"r":1547.0,"q":5.47,"p":1.6E8,"mot":"U","mo":1547.0},{"cn":"Bj Ltd.","ui":"8885245","t":672.0,"r":672.0,"q":5.31,"p":1.5E8,"mot":"U","mo":672.0},{"cn":"","ui":"","t":679.0,"r":116.0,"q":4.91,"p":1.7848275862E8,"mot":"L","mo":116.0}]},{"d":"07.03.2022","r":2335.0,"q":5.34,"p":8.227708779E7,"s":[{"cn":"Bj Ltd.","ui":"8885245","t":747.0,"r":747.0,"q":5.27,"p":1.5E8,"mot":"U","mo":747.0},{"cn":"Seimex Финанс","ui":"8875608","t":1511.0,"r":1511.0,"q":5.47,"p":5.0E7,"mot":"U","mo":1511.0},{"cn":"","ui":"","t":682.0,"r":77.0,"q":3.37,"p":5.866233766E7,"mot":"L","mo":77.0}]},{"d":"08.03.2022","r":3643.0,"q":5.2,"p":8.621273676E7,"s":[{"cn":"Stelloveme Ltd.","ui":"8884360","t":217.0,"r":217.0,"q":1.0,"p":3.0E8,"mot":"U","mo":217.0},{"cn":"Bj Ltd.","ui":"8885245","t":771.0,"r":771.0,"q":5.26,"p":1.5E8,"mot":"U","mo":771.0},{"cn":"Seimex Финанс","ui":"8875608","t":2566.0,"r":2566.0,"q":5.6,"p":5.0E7,"mot":"U","mo":2566.0},{"cn":"","ui":"","t":708.0,"r":89.0,"q":3.37,"p":5.643820225E7,"mot":"L","mo":89.0}]},{"d":"09.03.2022","r":3488.0,"q":5.45,"p":7.22709289E7,"s":[{"cn":"Bj Ltd.","ui":"8885245","t":795.0,"r":795.0,"q":5.25,"p":1.5E8,"mot":"U","mo":795.0},{"cn":"Seimex Финанс","ui":"8875608","t":2600.0,"r":2600.0,"q":5.6,"p":5.0E7,"mot":"U","mo":2600.0},{"cn":"","ui":"","t":93.0,"r":93.0,"q":2.84,"p":3.044086022E7,"mot":"L","mo":93.0}]},{"d":"10.03.2022","r":3516.0,"q":5.49,"p":7.326080774E7,"s":[{"cn":"Bj Ltd.","ui":"8885245","t":819.0,"r":819.0,"q":5.24,"p":1.5E8,"mot":"U","mo":819.0},{"cn":"Seimex Финанс","ui":"8875608","t":2634.0,"r":2634.0,"q":5.6,"p":5.0E7,"mot":"U","mo":2634.0},{"cn":"","ui":"","t":63.0,"r":63.0,"q":4.16,"p":4.817460317E7,"mot":"L","mo":63.0}]},{"d":"11.03.2022","r":7674.0,"q":6.4,"p":1.0095009122E8,"s":[{"cn":"Coolen Inc.","ui":"8874634","t":4091.0,"r":4091.0,"q":7.21,"p":1.25E8,"mot":"U","mo":4091.0},{"cn":"Seimex Финанс","ui":"8875608","t":2668.0,"r":2668.0,"q":5.59,"p":5.0E7,"mot":"U","mo":2668.0},{"cn":"Bj Ltd.","ui":"8885245","t":843.0,"r":843.0,"q":5.23,"p":1.5E8,"mot":"U","mo":843.0},{"cn":"","ui":"","t":72.0,"r":72.0,"q":4.11,"p":4.813888889E7,"mot":"L","mo":72.0}]},{"d":"14.03.2022","r":8049.0,"q":6.39,"p":1.0109479438E8,"s":[{"cn":"Coolen Inc.","ui":"8874634","t":4266.0,"r":4266.0,"q":7.26,"p":1.25E8,"mot":"U","mo":4266.0},{"cn":"Bj Ltd.","ui":"8885245","t":915.0,"r":915.0,"q":5.18,"p":1.5E8,"mot":"U","mo":915.0},{"cn":"Seimex Финанс","ui":"8875608","t":2770.0,"r":2770.0,"q":5.55,"p":5.0E7,"mot":"U","mo":2770.0},{"cn":"","ui":"","t":98.0,"r":98.0,"q":3.89,"p":4.808163265E7,"mot":"L","mo":98.0}]},{"d":"15.03.2022","r":8135.0,"q":6.37,"p":1.163750461E8,"s":[{"cn":"Coolen Inc.","ui":"8874634","t":4272.0,"r":4272.0,"q":7.25,"p":1.25E8,"mot":"U","mo":4272.0},{"cn":"Seimex Финанс","ui":"8875608","t":2804.0,"r":2804.0,"q":5.54,"p":9.5E7,"mot":"U","mo":2804.0},{"cn":"Bj Ltd.","ui":"8885245","t":939.0,"r":939.0,"q":5.17,"p":1.5E8,"mot":"U","mo":939.0},{"cn":"","ui":"","t":120.0,"r":120.0,"q":3.51,"p":4.5675E7,"mot":"L","mo":120.0}]},{"d":"16.03.2022","r":8184.0,"q":6.35,"p":1.1625874267E8,"s":[{"cn":"Coolen Inc.","ui":"8874634","t":4278.0,"r":4278.0,"q":7.25,"p":1.25E8,"mot":"U","mo":4278.0},{"cn":"Seimex Финанс","ui":"8875608","t":2838.0,"r":2838.0,"q":5.52,"p":9.5E7,"mot":"U","mo":2838.0},{"cn":"Bj Ltd.","ui":"8885245","t":963.0,"r":963.0,"q":5.15,"p":1.5E8,"mot":"U","mo":963.0},{"cn":"","ui":"","t":127.0,"r":105.0,"q":3.4,"p":2.525285714E7,"mot":"L","mo":105.0}]},{"d":"17.03.2022","r":8221.0,"q":6.35,"p":1.148191096E8,"s":[{"cn":"Coolen Inc.","ui":"8874634","t":4283.0,"r":4283.0,"q":7.25,"p":1.25E8,"mot":"U","mo":4283.0},{"cn":"Seimex Финанс","ui":"8875608","t":2872.0,"r":2872.0,"q":5.51,"p":9.0E7,"mot":"U","mo":2872.0},{"cn":"Bj Ltd.","ui":"8885245","t":987.0,"r":987.0,"q":5.14,"p":1.5E8,"mot":"U","mo":987.0},{"cn":"","ui":"","t":101.0,"r":79.0,"q":3.66,"p":2.560632911E7,"mot":"L","mo":79.0}]},{"d":"18.03.2022","r":8282.0,"q":6.33,"p":1.1484306327E8,"s":[{"cn":"Coolen Inc.","ui":"8874634","t":4288.0,"r":4288.0,"q":7.25,"p":1.25E8,"mot":"U","mo":4288.0},{"cn":"Seimex Финанс","ui":"8875608","t":2906.0,"r":2906.0,"q":5.49,"p":9.0E7,"mot":"U","mo":2906.0},{"cn":"Bj Ltd.","ui":"8885245","t":1011.0,"r":1011.0,"q":5.12,"p":1.5E8,"mot":"U","mo":1011.0},{"cn":"","ui":"","t":99.0,"r":77.0,"q":3.2,"p":2.519805195E7,"mot":"L","mo":77.0}]},{"d":"21.03.2022","r":8717.0,"q":6.28,"p":1.1398775955E8,"s":[{"cn":"Coolen Inc.","ui":"8874634","t":4599.0,"r":4599.0,"q":7.13,"p":1.25E8,"mot":"U","mo":4599.0},{"cn":"Bj Ltd.","ui":"8885245","t":1082.0,"r":1082.0,"q":5.07,"p":1.5E8,"mot":"U","mo":1082.0},{"cn":"Seimex Финанс","ui":"8875608","t":3009.0,"r":3009.0,"q":5.45,"p":8.5E7,"mot":"U","mo":3009.0},{"cn":"","ui":"","t":49.0,"r":27.0,"q":3.22,"p":2.56037037E7,"mot":"L","mo":27.0}]},{"d":"22.03.2022","r":4175.0,"q":5.32,"p":7.265350898E7,"s":[{"cn":"Seimex Финанс","ui":"8875608","t":3044.0,"r":3044.0,"q":5.44,"p":4.5E7,"mot":"U","mo":3044.0},{"cn":"Bj Ltd.","ui":"8885245","t":1105.0,"r":1105.0,"q":5.05,"p":1.5E8,"mot":"U","mo":1105.0},{"cn":"","ui":"","t":47.0,"r":26.0,"q":2.2,"p":2.301538462E7,"mot":"L","mo":26.0}]},{"d":"23.03.2022","r":4218.0,"q":5.31,"p":1.0221756757E8,"s":[{"cn":"Bj Ltd.","ui":"8885245","t":1128.0,"r":1128.0,"q":5.04,"p":1.5E8,"mot":"U","mo":1128.0},{"cn":"Seimex Финанс","ui":"8875608","t":3079.0,"r":3079.0,"q":5.42,"p":8.5E7,"mot":"U","mo":3079.0},{"cn":"","ui":"","t":31.0,"r":11.0,"q":1.68,"p":2.17E7,"mot":"L","mo":11.0}]},{"d":"24.03.2022","r":8864.0,"q":6.25,"p":7.528091155E7,"s":[{"cn":"Coolen Inc.","ui":"8874634","t":4599.0,"r":4599.0,"q":7.13,"p":5.0E7,"mot":"U","mo":4599.0},{"cn":"Seimex Финанс","ui":"8875608","t":3114.0,"r":3114.0,"q":5.41,"p":8.5E7,"mot":"U","mo":3114.0},{"cn":"Bj Ltd.","ui":"8885245","t":1151.0,"r":1151.0,"q":5.02,"p":1.5E8,"mot":"U","mo":1151.0},{"cn":"","ui":"","t":0.0,"r":0.0,"q":0.0,"p":0.0,"mot":"L","mo":0.0}]},{"d":"25.03.2022","r":8928.0,"q":6.24,"p":7.28984095E7,"s":[{"cn":"Coolen Inc.","ui":"8874634","t":4599.0,"r":4599.0,"q":7.13,"p":4.5E7,"mot":"U","mo":4599.0},{"cn":"Seimex Финанс","ui":"8875608","t":3149.0,"r":3149.0,"q":5.4,"p":8.5E7,"mot":"U","mo":3149.0},{"cn":"Bj Ltd.","ui":"8885245","t":1174.0,"r":1174.0,"q":5.0,"p":1.5E8,"mot":"U","mo":1174.0},{"cn":"","ui":"","t":6.0,"r":6.0,"q":1.0,"p":1.95E7,"mot":"L","mo":6.0}]},{"d":"28.03.2022","r":9070.0,"q":6.18,"p":7.195314223E7,"s":[{"cn":"Coolen Inc.","ui":"8874634","t":4565.0,"r":4553.0,"q":7.13,"p":4.5E7,"mot":"U","mo":4553.0},{"cn":"Bj Ltd.","ui":"8885245","t":1243.0,"r":1243.0,"q":4.95,"p":1.5E8,"mot":"U","mo":1243.0},{"cn":"Seimex Финанс","ui":"8875608","t":3254.0,"r":3254.0,"q":5.36,"p":8.0E7,"mot":"U","mo":3254.0},{"cn":"","ui":"","t":20.0,"r":20.0,"q":1.0,"p":4.8E7,"mot":"L","mo":20.0}]},{"d":"29.03.2022","r":9097.0,"q":6.18,"p":7.227052875E7,"s":[{"cn":"Coolen Inc.","ui":"8874634","t":4553.0,"r":4541.0,"q":7.13,"p":4.5E7,"mot":"U","mo":4541.0},{"cn":"Bj Ltd.","ui":"8885245","t":1266.0,"r":1266.0,"q":4.93,"p":1.5E8,"mot":"U","mo":1266.0},{"cn":"Seimex Финанс","ui":"8875608","t":3290.0,"r":3290.0,"q":5.35,"p":8.0E7,"mot":"U","mo":3290.0},{"cn":"","ui":"","t":0.0,"r":0.0,"q":0.0,"p":0.0,"mot":"L","mo":0.0}]},{"d":"30.03.2022","r":9144.0,"q":6.16,"p":7.253226159E7,"s":[{"cn":"Coolen Inc.","ui":"8874634","t":4541.0,"r":4529.0,"q":7.13,"p":4.5E7,"mot":"U","mo":4529.0},{"cn":"Bj Ltd.","ui":"8885245","t":1289.0,"r":1289.0,"q":4.91,"p":1.5E8,"mot":"U","mo":1289.0},{"cn":"Seimex Финанс","ui":"8875608","t":3326.0,"r":3326.0,"q":5.33,"p":8.0E7,"mot":"U","mo":3326.0},{"cn":"","ui":"","t":0.0,"r":0.0,"q":0.0,"p":0.0,"mot":"L","mo":0.0}]},{"d":"31.03.2022","r":9190.0,"q":6.15,"p":7.278291621E7,"s":[{"cn":"Coolen Inc.","ui":"8874634","t":4529.0,"r":4517.0,"q":7.13,"p":4.5E7,"mot":"U","mo":4517.0},{"cn":"Seimex Финанс","ui":"8875608","t":3362.0,"r":3362.0,"q":5.32,"p":8.0E7,"mot":"U","mo":3362.0},{"cn":"Bj Ltd.","ui":"8885245","t":1311.0,"r":1311.0,"q":4.9,"p":1.5E8,"mot":"U","mo":1311.0},{"cn":"","ui":"","t":0.0,"r":0.0,"q":0.0,"p":0.0,"mot":"L","mo":0.0}]},{"d":"01.04.2022","r":9457.0,"q":6.01,"p":9.8916590885E8,"s":[{"cn":"Coolen Inc.","ui":"8874634","t":4515.0,"r":4503.0,"q":7.13,"p":4.5E7,"mot":"U","mo":4503.0},{"cn":"Seimex Финанс","ui":"8875608","t":3398.0,"r":3398.0,"q":5.31,"p":8.0E7,"mot":"U","mo":3398.0},{"cn":"Bj Ltd.","ui":"8885245","t":1333.0,"r":1333.0,"q":4.88,"p":1.5E8,"mot":"U","mo":1333.0},{"cn":"","ui":"","t":223.0,"r":223.0,"q":1.0,"p":3.892429147982E10,"mot":"L","mo":223.0}]},{"d":"04.04.2022","r":9572.0,"q":5.97,"p":7.1116799E7,"s":[{"cn":"Coolen Inc.","ui":"8874634","t":4479.0,"r":4467.0,"q":7.13,"p":4.5E7,"mot":"U","mo":4467.0},{"cn":"Bj Ltd.","ui":"8885245","t":1399.0,"r":1399.0,"q":4.83,"p":1.5E8,"mot":"U","mo":1399.0},{"cn":"Seimex Финанс","ui":"8875608","t":3475.0,"r":3475.0,"q":5.28,"p":7.5E7,"mot":"U","mo":3475.0},{"cn":"","ui":"","t":231.0,"r":231.0,"q":1.0,"p":4.0E7,"mot":"L","mo":231.0}]},{"d":"05.04.2022","r":9635.0,"q":5.97,"p":7.132537623E7,"s":[{"cn":"Coolen Inc.","ui":"8874634","t":4467.0,"r":4455.0,"q":7.13,"p":4.5E7,"mot":"U","mo":4455.0},{"cn":"Bj Ltd.","ui":"8885245","t":1421.0,"r":1421.0,"q":4.81,"p":1.5E8,"mot":"U","mo":1421.0},{"cn":"Seimex Финанс","ui":"8875608","t":3521.0,"r":3521.0,"q":5.3,"p":7.5E7,"mot":"U","mo":3521.0},{"cn":"","ui":"","t":238.0,"r":238.0,"q":1.0,"p":4.0E7,"mot":"L","mo":238.0}]},{"d":"06.04.2022","r":9698.0,"q":5.96,"p":6.969220458E7,"s":[{"cn":"Coolen Inc.","ui":"8874634","t":4455.0,"r":4443.0,"q":7.13,"p":4.5E7,"mot":"U","mo":4443.0},{"cn":"Bj Ltd.","ui":"8885245","t":1443.0,"r":1443.0,"q":4.79,"p":1.5E8,"mot":"U","mo":1443.0},{"cn":"Seimex Финанс","ui":"8875608","t":3567.0,"r":3567.0,"q":5.31,"p":7.0E7,"mot":"U","mo":3567.0},{"cn":"","ui":"","t":245.0,"r":245.0,"q":1.0,"p":4.0E7,"mot":"L","mo":245.0}]},{"d":"07.04.2022","r":9761.0,"q":5.95,"p":6.988372093E7,"s":[{"cn":"Coolen Inc.","ui":"8874634","t":4443.0,"r":4431.0,"q":7.13,"p":4.5E7,"mot":"U","mo":4431.0},{"cn":"Bj Ltd.","ui":"8885245","t":1465.0,"r":1465.0,"q":4.78,"p":1.5E8,"mot":"U","mo":1465.0},{"cn":"Seimex Финанс","ui":"8875608","t":3613.0,"r":3613.0,"q":5.32,"p":7.0E7,"mot":"U","mo":3613.0},{"cn":"","ui":"","t":252.0,"r":252.0,"q":1.0,"p":4.0E7,"mot":"L","mo":252.0}]},{"d":"08.04.2022","r":10234.0,"q":5.94,"p":6.877174125E7,"s":[{"cn":"Coolen Inc.","ui":"8874634","t":4541.0,"r":4529.0,"q":7.1,"p":4.5E7,"mot":"U","mo":4529.0},{"cn":"Bj Ltd.","ui":"8885245","t":1487.0,"r":1487.0,"q":4.76,"p":1.5E8,"mot":"U","mo":1487.0},{"cn":"Seimex Финанс","ui":"8875608","t":3658.0,"r":3658.0,"q":5.33,"p":7.0E7,"mot":"U","mo":3658.0},{"cn":"","ui":"","t":560.0,"r":560.0,"q":3.69,"p":3.73125E7,"mot":"L","mo":560.0}]},{"d":"11.04.2022","r":10664.0,"q":5.92,"p":6.874062266E7,"s":[{"cn":"Coolen Inc.","ui":"8874634","t":4741.0,"r":4729.0,"q":7.04,"p":4.5E7,"mot":"U","mo":4729.0},{"cn":"Seimex Финанс","ui":"8875608","t":3793.0,"r":3793.0,"q":5.37,"p":7.0E7,"mot":"U","mo":3793.0},{"cn":"Bj Ltd.","ui":"8885245","t":1551.0,"r":1551.0,"q":4.71,"p":1.5E8,"mot":"U","mo":1551.0},{"cn":"","ui":"","t":601.0,"r":591.0,"q":3.73,"p":3.736886633E7,"mot":"L","mo":591.0}]},{"d":"12.04.2022","r":10857.0,"q":5.92,"p":6.857419177E7,"s":[{"cn":"Coolen Inc.","ui":"8874634","t":4841.0,"r":4829.0,"q":7.03,"p":4.5E7,"mot":"U","mo":4829.0},{"cn":"Seimex Финанс","ui":"8875608","t":3838.0,"r":3838.0,"q":5.38,"p":7.0E7,"mot":"U","mo":3838.0},{"cn":"Bj Ltd.","ui":"8885245","t":1572.0,"r":1572.0,"q":4.69,"p":1.5E8,"mot":"U","mo":1572.0},{"cn":"","ui":"","t":628.0,"r":618.0,"q":3.65,"p":3.680420712E7,"mot":"L","mo":618.0}]},{"d":"13.04.2022","r":10918.0,"q":5.91,"p":6.872778897E7,"s":[{"cn":"Coolen Inc.","ui":"8874634","t":4829.0,"r":4817.0,"q":7.03,"p":4.5E7,"mot":"U","mo":4817.0},{"cn":"Bj Ltd.","ui":"8885245","t":1593.0,"r":1593.0,"q":4.68,"p":1.5E8,"mot":"U","mo":1593.0},{"cn":"Seimex Финанс","ui":"8875608","t":3883.0,"r":3883.0,"q":5.39,"p":7.0E7,"mot":"U","mo":3883.0},{"cn":"","ui":"","t":635.0,"r":625.0,"q":3.65,"p":3.6552E7,"mot":"L","mo":625.0}]},{"d":"14.04.2022","r":10958.0,"q":5.91,"p":6.900346779E7,"s":[{"cn":"Coolen Inc.","ui":"8874634","t":4817.0,"r":4805.0,"q":7.03,"p":4.5E7,"mot":"U","mo":4805.0},{"cn":"Seimex Финанс","ui":"8875608","t":3927.0,"r":3927.0,"q":5.4,"p":7.0E7,"mot":"U","mo":3927.0},{"cn":"Bj Ltd.","ui":"8885245","t":1614.0,"r":1614.0,"q":4.66,"p":1.5E8,"mot":"U","mo":1614.0},{"cn":"","ui":"","t":622.0,"r":612.0,"q":3.73,"p":3.745915033E7,"mot":"L","mo":612.0}]},{"d":"15.04.2022","r":11040.0,"q":5.9,"p":6.187336957E7,"s":[{"cn":"Coolen Inc.","ui":"8874634","t":4805.0,"r":4793.0,"q":7.03,"p":4.5E7,"mot":"U","mo":4793.0},{"cn":"Bj Ltd.","ui":"8885245","t":1635.0,"r":1635.0,"q":4.65,"p":1.5E8,"mot":"U","mo":1635.0},{"cn":"Seimex Финанс","ui":"8875608","t":3971.0,"r":3971.0,"q":5.41,"p":5.0E7,"mot":"U","mo":3971.0},{"cn":"","ui":"","t":651.0,"r":641.0,"q":3.66,"p":3.681279251E7,"mot":"L","mo":641.0}]},{"d":"18.04.2022","r":10826.0,"q":5.84,"p":6.097358212E7,"s":[{"cn":"Coolen Inc.","ui":"8874634","t":4369.0,"r":4357.0,"q":7.03,"p":4.5E7,"mot":"U","mo":4357.0},{"cn":"Bj Ltd.","ui":"8885245","t":1697.0,"r":1697.0,"q":4.6,"p":1.5E8,"mot":"U","mo":1697.0},{"cn":"Seimex Финанс","ui":"8875608","t":4115.0,"r":4115.0,"q":5.44,"p":4.5E7,"mot":"U","mo":4115.0},{"cn":"","ui":"","t":668.0,"r":657.0,"q":3.65,"p":3.700152207E7,"mot":"L","mo":657.0}]},{"d":"19.04.2022","r":10999.0,"q":5.84,"p":6.092372034E7,"s":[{"cn":"Coolen Inc.","ui":"8874634","t":4469.0,"r":4457.0,"q":7.01,"p":4.5E7,"mot":"U","mo":4457.0},{"cn":"Seimex Финанс","ui":"8875608","t":4173.0,"r":4173.0,"q":5.45,"p":4.5E7,"mot":"U","mo":4173.0},{"cn":"Bj Ltd.","ui":"8885245","t":1717.0,"r":1717.0,"q":4.59,"p":1.5E8,"mot":"U","mo":1717.0},{"cn":"","ui":"","t":663.0,"r":652.0,"q":3.59,"p":3.711656442E7,"mot":"L","mo":652.0}]},{"d":"20.04.2022","r":11157.0,"q":5.84,"p":6.089674644E7,"s":[{"cn":"Coolen Inc.","ui":"8874634","t":4569.0,"r":4559.0,"q":7.0,"p":4.5E7,"mot":"U","mo":4559.0},{"cn":"Bj Ltd.","ui":"8885245","t":1737.0,"r":1737.0,"q":4.57,"p":1.5E8,"mot":"U","mo":1737.0},{"cn":"Seimex Финанс","ui":"8875608","t":4211.0,"r":4211.0,"q":5.46,"p":4.5E7,"mot":"U","mo":4211.0},{"cn":"","ui":"","t":661.0,"r":650.0,"q":3.56,"p":3.726923077E7,"mot":"L","mo":650.0}]},{"d":"21.04.2022","r":11224.0,"q":5.85,"p":6.111234854E7,"s":[{"cn":"Coolen Inc.","ui":"8874634","t":4669.0,"r":4659.0,"q":7.0,"p":4.5E7,"mot":"U","mo":4659.0},{"cn":"Seimex Финанс","ui":"8875608","t":4269.0,"r":4269.0,"q":5.48,"p":4.5E7,"mot":"U","mo":4269.0},{"cn":"Bj Ltd.","ui":"8885245","t":1757.0,"r":1757.0,"q":4.56,"p":1.5E8,"mot":"U","mo":1757.0},{"cn":"","ui":"","t":549.0,"r":539.0,"q":2.98,"p":3.824675325E7,"mot":"L","mo":539.0}]},{"d":"22.04.2022","r":11401.0,"q":5.86,"p":6.104859223E7,"s":[{"cn":"Coolen Inc.","ui":"8874634","t":4769.0,"r":4757.0,"q":7.0,"p":4.5E7,"mot":"U","mo":4757.0},{"cn":"Bj Ltd.","ui":"8885245","t":1777.0,"r":1777.0,"q":4.55,"p":1.5E8,"mot":"U","mo":1777.0},{"cn":"Seimex Финанс","ui":"8875608","t":4327.0,"r":4327.0,"q":5.5,"p":4.5E7,"mot":"U","mo":4327.0},{"cn":"","ui":"","t":550.0,"r":540.0,"q":2.93,"p":3.830555556E7,"mot":"L","mo":540.0}]},{"d":"25.04.2022","r":12066.0,"q":5.87,"p":6.692008122E7,"s":[{"cn":"Coolen Inc.","ui":"8874634","t":5099.0,"r":5097.0,"q":7.01,"p":4.5E7,"mot":"U","mo":5097.0},{"cn":"Bj Ltd.","ui":"8885245","t":1837.0,"r":1837.0,"q":4.5,"p":1.5E8,"mot":"U","mo":1837.0},{"cn":"Seimex Финанс","ui":"8875608","t":4506.0,"r":4506.0,"q":5.54,"p":6.2E7,"mot":"U","mo":4506.0},{"cn":"","ui":"","t":626.0,"r":626.0,"q":2.94,"p":3.701389776E7,"mot":"L","mo":626.0}]},{"d":"26.04.2022","r":12183.0,"q":5.89,"p":6.596798818E7,"s":[{"cn":"Coolen Inc.","ui":"8874634","t":5209.0,"r":5207.0,"q":7.01,"p":4.5E7,"mot":"U","mo":5207.0},{"cn":"Seimex Финанс","ui":"8875608","t":4577.0,"r":4577.0,"q":5.56,"p":5.9E7,"mot":"U","mo":4577.0},{"cn":"Bj Ltd.","ui":"8885245","t":1856.0,"r":1856.0,"q":4.49,"p":1.5E8,"mot":"U","mo":1856.0},{"cn":"","ui":"","t":543.0,"r":543.0,"q":2.68,"p":3.854511971E7,"mot":"L","mo":543.0}]},{"d":"27.04.2022","r":12392.0,"q":5.89,"p":6.585111362E7,"s":[{"cn":"Coolen Inc.","ui":"8874634","t":5319.0,"r":5317.0,"q":7.01,"p":4.5E7,"mot":"U","mo":5317.0},{"cn":"Seimex Финанс","ui":"8875608","t":4648.0,"r":4648.0,"q":5.57,"p":5.9E7,"mot":"U","mo":4648.0},{"cn":"Bj Ltd.","ui":"8885245","t":1875.0,"r":1875.0,"q":4.48,"p":1.5E8,"mot":"U","mo":1875.0},{"cn":"","ui":"","t":552.0,"r":552.0,"q":2.68,"p":3.855072464E7,"mot":"L","mo":552.0}]},{"d":"28.04.2022","r":12136.0,"q":6.05,"p":6.672308009E7,"s":[{"cn":"Coolen Inc.","ui":"8874634","t":5429.0,"r":5427.0,"q":7.01,"p":4.5E7,"mot":"U","mo":5427.0},{"cn":"Bj Ltd.","ui":"8885245","t":1894.0,"r":1894.0,"q":4.46,"p":1.5E8,"mot":"U","mo":1894.0},{"cn":"Seimex Финанс","ui":"8875608","t":4719.0,"r":4719.0,"q":5.59,"p":5.9E7,"mot":"U","mo":4719.0},{"cn":"","ui":"","t":96.0,"r":96.0,"q":5.64,"p":3.1409375E7,"mot":"L","mo":96.0}]},{"d":"29.04.2022","r":12339.0,"q":6.06,"p":6.660674285E7,"s":[{"cn":"Coolen Inc.","ui":"8874634","t":5538.0,"r":5536.0,"q":7.01,"p":4.5E7,"mot":"U","mo":5536.0},{"cn":"Bj Ltd.","ui":"8885245","t":1913.0,"r":1913.0,"q":4.45,"p":1.5E8,"mot":"U","mo":1913.0},{"cn":"Seimex Финанс","ui":"8875608","t":4790.0,"r":4790.0,"q":5.6,"p":5.9E7,"mot":"U","mo":4790.0},{"cn":"","ui":"","t":100.0,"r":100.0,"q":5.74,"p":3.1806E7,"mot":"L","mo":100.0}]},{"d":"02.05.2022","r":12961.0,"q":6.06,"p":6.615373042E7,"s":[{"cn":"Coolen Inc.","ui":"8874634","t":5843.0,"r":5841.0,"q":7.02,"p":4.5E7,"mot":"U","mo":5841.0},{"cn":"Bj Ltd.","ui":"8885245","t":1970.0,"r":1970.0,"q":4.41,"p":1.5E8,"mot":"U","mo":1970.0},{"cn":"Seimex Финанс","ui":"8875608","t":4997.0,"r":4997.0,"q":5.63,"p":5.9E7,"mot":"U","mo":4997.0},{"cn":"","ui":"","t":153.0,"r":153.0,"q":4.64,"p":2.778104575E7,"mot":"L","mo":153.0}]},{"d":"03.05.2022","r":13047.0,"q":6.06,"p":6.080905955E7,"s":[{"cn":"Coolen Inc.","ui":"8874634","t":5841.0,"r":5839.0,"q":7.02,"p":4.5E7,"mot":"U","mo":5839.0},{"cn":"Seimex Финанс","ui":"8875608","t":5066.0,"r":5066.0,"q":5.64,"p":4.5E7,"mot":"U","mo":5066.0},{"cn":"Bj Ltd.","ui":"8885245","t":1988.0,"r":1988.0,"q":4.4,"p":1.5E8,"mot":"U","mo":1988.0},{"cn":"","ui":"","t":154.0,"r":154.0,"q":4.8,"p":2.89012987E7,"mot":"L","mo":154.0}]},{"d":"04.05.2022","r":13258.0,"q":6.07,"p":6.067740987E7,"s":[{"cn":"Coolen Inc.","ui":"8874634","t":5951.0,"r":5949.0,"q":7.03,"p":4.5E7,"mot":"U","mo":5949.0},{"cn":"Seimex Финанс","ui":"8875608","t":5135.0,"r":5135.0,"q":5.65,"p":4.5E7,"mot":"U","mo":5135.0},{"cn":"Bj Ltd.","ui":"8885245","t":2006.0,"r":2006.0,"q":4.39,"p":1.5E8,"mot":"U","mo":2006.0},{"cn":"","ui":"","t":168.0,"r":168.0,"q":4.66,"p":2.845892857E7,"mot":"L","mo":168.0}]},{"d":"05.05.2022","r":13353.0,"q":6.08,"p":6.081175766E7,"s":[{"cn":"Coolen Inc.","ui":"8874634","t":6061.0,"r":6059.0,"q":7.04,"p":4.5E7,"mot":"U","mo":6059.0},{"cn":"Bj Ltd.","ui":"8885245","t":2024.0,"r":2024.0,"q":4.38,"p":1.5E8,"mot":"U","mo":2024.0},{"cn":"Seimex Финанс","ui":"8875608","t":5204.0,"r":5204.0,"q":5.66,"p":4.5E7,"mot":"U","mo":5204.0},{"cn":"","ui":"","t":66.0,"r":66.0,"q":2.57,"p":2.400606061E7,"mot":"L","mo":66.0}]},{"d":"06.05.2022","r":13594.0,"q":6.08,"p":6.060723113E7,"s":[{"cn":"Coolen Inc.","ui":"8874634","t":6171.0,"r":6169.0,"q":7.05,"p":4.5E7,"mot":"U","mo":6169.0},{"cn":"Seimex Финанс","ui":"8875608","t":5287.0,"r":5287.0,"q":5.67,"p":4.5E7,"mot":"U","mo":5287.0},{"cn":"Bj Ltd.","ui":"8885245","t":2042.0,"r":2042.0,"q":4.37,"p":1.5E8,"mot":"U","mo":2042.0},{"cn":"","ui":"","t":96.0,"r":96.0,"q":2.38,"p":2.161145833E7,"mot":"L","mo":96.0}]},{"d":"09.05.2022","r":14257.0,"q":6.13,"p":5.988038157E7,"s":[{"cn":"Coolen Inc.","ui":"8874634","t":6509.0,"r":6507.0,"q":7.13,"p":4.5E7,"mot":"U","mo":6507.0},{"cn":"Bj Ltd.","ui":"8885245","t":2096.0,"r":2096.0,"q":4.33,"p":1.5E8,"mot":"U","mo":2096.0},{"cn":"Seimex Финанс","ui":"8875608","t":5536.0,"r":5536.0,"q":5.71,"p":4.4E7,"mot":"U","mo":5536.0},{"cn":"","ui":"","t":118.0,"r":118.0,"q":2.97,"p":2.470847458E7,"mot":"L","mo":118.0}]},{"d":"10.05.2022","r":14208.0,"q":6.16,"p":6.008930884E7,"s":[{"cn":"Coolen Inc.","ui":"8874634","t":6623.0,"r":6621.0,"q":7.15,"p":4.5E7,"mot":"U","mo":6621.0},{"cn":"Seimex Финанс","ui":"8875608","t":5357.0,"r":5357.0,"q":5.73,"p":4.4E7,"mot":"U","mo":5357.0},{"cn":"Bj Ltd.","ui":"8885245","t":2113.0,"r":2113.0,"q":4.32,"p":1.5E8,"mot":"U","mo":2113.0},{"cn":"","ui":"","t":117.0,"r":117.0,"q":3.35,"p":2.688803419E7,"mot":"L","mo":117.0}]},{"d":"11.05.2022","r":14327.0,"q":6.2,"p":6.019419976E7,"s":[{"cn":"Coolen Inc.","ui":"8874634","t":6737.0,"r":6735.0,"q":7.18,"p":4.5E7,"mot":"U","mo":6735.0},{"cn":"Bj Ltd.","ui":"8885245","t":2130.0,"r":2130.0,"q":4.31,"p":1.5E8,"mot":"U","mo":2130.0},{"cn":"Seimex Финанс","ui":"8875608","t":5440.0,"r":5440.0,"q":5.74,"p":4.4E7,"mot":"U","mo":5440.0},{"cn":"","ui":"","t":22.0,"r":22.0,"q":4.85,"p":2.124090909E7,"mot":"L","mo":22.0}]},{"d":"12.05.2022","r":14430.0,"q":6.2,"p":6.019851698E7,"s":[{"cn":"Coolen Inc.","ui":"8874634","t":6735.0,"r":6733.0,"q":7.18,"p":4.5E7,"mot":"U","mo":6733.0},{"cn":"Seimex Финанс","ui":"8875608","t":5523.0,"r":5523.0,"q":5.75,"p":4.4E7,"mot":"U","mo":5523.0},{"cn":"Bj Ltd.","ui":"8885245","t":2147.0,"r":2147.0,"q":4.3,"p":1.5E8,"mot":"U","mo":2147.0},{"cn":"","ui":"","t":27.0,"r":27.0,"q":5.31,"p":2.287407407E7,"mot":"L","mo":27.0}]},{"d":"13.05.2022","r":14535.0,"q":6.2,"p":6.01969453E7,"s":[{"cn":"Coolen Inc.","ui":"8874634","t":6733.0,"r":6731.0,"q":7.18,"p":4.5E7,"mot":"U","mo":6731.0},{"cn":"Bj Ltd.","ui":"8885245","t":2164.0,"r":2164.0,"q":4.29,"p":1.5E8,"mot":"U","mo":2164.0},{"cn":"Seimex Финанс","ui":"8875608","t":5606.0,"r":5606.0,"q":5.76,"p":4.4E7,"mot":"U","mo":5606.0},{"cn":"","ui":"","t":34.0,"r":34.0,"q":5.05,"p":2.363529412E7,"mot":"L","mo":34.0}]},{"d":"16.05.2022","r":14781.0,"q":6.18,"p":6.021403153E7,"s":[{"cn":"Coolen Inc.","ui":"8874634","t":6727.0,"r":6725.0,"q":7.18,"p":4.5E7,"mot":"U","mo":6725.0},{"cn":"Bj Ltd.","ui":"8885245","t":2214.0,"r":2214.0,"q":4.26,"p":1.5E8,"mot":"U","mo":2214.0},{"cn":"Seimex Финанс","ui":"8875608","t":5768.0,"r":5768.0,"q":5.78,"p":4.4E7,"mot":"U","mo":5768.0},{"cn":"","ui":"","t":74.0,"r":74.0,"q":4.63,"p":2.035945946E7,"mot":"L","mo":74.0}]},{"d":"17.05.2022","r":14881.0,"q":6.18,"p":6.02192057E7,"s":[{"cn":"Coolen Inc.","ui":"8874634","t":6725.0,"r":6723.0,"q":7.18,"p":4.5E7,"mot":"U","mo":6723.0},{"cn":"Bj Ltd.","ui":"8885245","t":2230.0,"r":2230.0,"q":4.25,"p":1.5E8,"mot":"U","mo":2230.0},{"cn":"Seimex Финанс","ui":"8875608","t":5851.0,"r":5851.0,"q":5.79,"p":4.4E7,"mot":"U","mo":5851.0},{"cn":"","ui":"","t":77.0,"r":77.0,"q":4.76,"p":2.133766234E7,"mot":"L","mo":77.0}]},{"d":"18.05.2022","r":15005.0,"q":6.17,"p":6.01446851E7,"s":[{"cn":"Coolen Inc.","ui":"8874634","t":6723.0,"r":6721.0,"q":7.18,"p":4.5E7,"mot":"U","mo":6721.0},{"cn":"Seimex Финанс","ui":"8875608","t":5934.0,"r":5934.0,"q":5.8,"p":4.4E7,"mot":"U","mo":5934.0},{"cn":"Bj Ltd.","ui":"8885245","t":2246.0,"r":2246.0,"q":4.24,"p":1.5E8,"mot":"U","mo":2246.0},{"cn":"","ui":"","t":104.0,"r":104.0,"q":4.3,"p":1.951923077E7,"mot":"L","mo":104.0}]},{"d":"19.05.2022","r":15115.0,"q":6.17,"p":5.852490903E7,"s":[{"cn":"Coolen Inc.","ui":"8874634","t":6721.0,"r":6719.0,"q":7.18,"p":4.5E7,"mot":"U","mo":6719.0},{"cn":"Seimex Финанс","ui":"8875608","t":6017.0,"r":6017.0,"q":5.81,"p":4.0E7,"mot":"U","mo":6017.0},{"cn":"Bj Ltd.","ui":"8885245","t":2262.0,"r":2262.0,"q":4.23,"p":1.5E8,"mot":"U","mo":2262.0},{"cn":"","ui":"","t":117.0,"r":117.0,"q":4.3,"p":1.939316239E7,"mot":"L","mo":117.0}]},{"d":"20.05.2022","r":15634.0,"q":6.05,"p":5.842164513E7,"s":[{"cn":"Coolen Inc.","ui":"8874634","t":6719.0,"r":6717.0,"q":7.18,"p":4.5E7,"mot":"U","mo":6717.0},{"cn":"Seimex Финанс","ui":"8875608","t":6100.0,"r":6100.0,"q":5.82,"p":4.0E7,"mot":"U","mo":6100.0},{"cn":"Bj Ltd.","ui":"8885245","t":2278.0,"r":2278.0,"q":4.22,"p":1.5E8,"mot":"U","mo":2278.0},{"cn":"","ui":"","t":539.0,"r":539.0,"q":2.21,"p":4.712244898E7,"mot":"L","mo":539.0}]},{"d":"23.05.2022","r":15495.0,"q":6.19,"p":5.90613101E7,"s":[{"cn":"Coolen Inc.","ui":"8874634","t":6713.0,"r":6711.0,"q":7.18,"p":4.5E7,"mot":"U","mo":6711.0},{"cn":"Bj Ltd.","ui":"8885245","t":2325.0,"r":2325.0,"q":4.19,"p":1.5E8,"mot":"U","mo":2325.0},{"cn":"Seimex Финанс","ui":"8875608","t":6349.0,"r":6349.0,"q":5.84,"p":4.0E7,"mot":"U","mo":6349.0},{"cn":"","ui":"","t":110.0,"r":110.0,"q":8.0,"p":9.5E7,"mot":"L","mo":110.0}]},{"d":"24.05.2022","r":15522.0,"q":6.18,"p":5.916666667E7,"s":[{"cn":"Coolen Inc.","ui":"8874634","t":6711.0,"r":6709.0,"q":7.18,"p":4.5E7,"mot":"U","mo":6709.0},{"cn":"Seimex Финанс","ui":"8875608","t":6432.0,"r":6432.0,"q":5.85,"p":4.0E7,"mot":"U","mo":6432.0},{"cn":"Bj Ltd.","ui":"8885245","t":2340.0,"r":2340.0,"q":4.18,"p":1.5E8,"mot":"U","mo":2340.0},{"cn":"","ui":"","t":41.0,"r":41.0,"q":8.07,"p":2.0E8,"mot":"L","mo":41.0}]},{"d":"25.05.2022","r":15628.0,"q":6.18,"p":5.914864346E7,"s":[{"cn":"Coolen Inc.","ui":"8874634","t":6709.0,"r":6707.0,"q":7.18,"p":4.5E7,"mot":"U","mo":6707.0},{"cn":"Bj Ltd.","ui":"8885245","t":2355.0,"r":2355.0,"q":4.17,"p":1.5E8,"mot":"U","mo":2355.0},{"cn":"Seimex Финанс","ui":"8875608","t":6514.0,"r":6514.0,"q":5.85,"p":4.0E7,"mot":"U","mo":6514.0},{"cn":"","ui":"","t":52.0,"r":52.0,"q":8.23,"p":1.6826923077E8,"mot":"L","mo":52.0}]},{"d":"26.05.2022","r":15735.0,"q":6.17,"p":5.871013664E7,"s":[{"cn":"Coolen Inc.","ui":"8874634","t":6707.0,"r":6705.0,"q":7.18,"p":4.5E7,"mot":"U","mo":6705.0},{"cn":"Seimex Финанс","ui":"8875608","t":6596.0,"r":6596.0,"q":5.85,"p":3.9E7,"mot":"U","mo":6596.0},{"cn":"Bj Ltd.","ui":"8885245","t":2370.0,"r":2370.0,"q":4.16,"p":1.5E8,"mot":"U","mo":2370.0},{"cn":"","ui":"","t":64.0,"r":64.0,"q":8.35,"p":1.45859375E8,"mot":"L","mo":64.0}]},{"d":"27.05.2022","r":16180.0,"q":6.19,"p":1.24396347342E9,"s":[{"cn":"Coolen Inc.","ui":"8874634","t":6705.0,"r":6703.0,"q":7.18,"p":4.5E7,"mot":"U","mo":6703.0},{"cn":"Seimex Финанс","ui":"8875608","t":6616.0,"r":6616.0,"q":5.85,"p":3.9E7,"mot":"U","mo":6616.0},{"cn":"Bj Ltd.","ui":"8885245","t":2385.0,"r":2385.0,"q":4.15,"p":1.5E8,"mot":"U","mo":2385.0},{"cn":"","ui":"","t":476.0,"r":476.0,"q":7.25,"p":4.035697478992E10,"mot":"L","mo":476.0}]},{"d":"30.05.2022","r":15975.0,"q":6.15,"p":5.885959311E7,"s":[{"cn":"Coolen Inc.","ui":"8874634","t":6699.0,"r":6697.0,"q":7.18,"p":4.5E7,"mot":"U","mo":6697.0},{"cn":"Seimex Финанс","ui":"8875608","t":6803.0,"r":6803.0,"q":5.85,"p":3.9E7,"mot":"U","mo":6803.0},{"cn":"Bj Ltd.","ui":"8885245","t":2428.0,"r":2428.0,"q":4.13,"p":1.5E8,"mot":"U","mo":2428.0},{"cn":"","ui":"","t":47.0,"r":47.0,"q":8.07,"p":2.0E8,"mot":"L","mo":47.0}]},{"d":"31.05.2022","r":16081.0,"q":6.15,"p":5.883527144E7,"s":[{"cn":"Coolen Inc.","ui":"8874634","t":6697.0,"r":6695.0,"q":7.18,"p":4.5E7,"mot":"U","mo":6695.0},{"cn":"Seimex Финанс","ui":"8875608","t":6885.0,"r":6885.0,"q":5.84,"p":3.9E7,"mot":"U","mo":6885.0},{"cn":"Bj Ltd.","ui":"8885245","t":2442.0,"r":2442.0,"q":4.12,"p":1.5E8,"mot":"U","mo":2442.0},{"cn":"","ui":"","t":59.0,"r":59.0,"q":8.23,"p":1.7016949153E8,"mot":"L","mo":59.0}]},{"d":"01.06.2022","r":16588.0,"q":6.16,"p":5.83564625E7,"s":[{"cn":"Coolen Inc.","ui":"8874634","t":6695.0,"r":6693.0,"q":7.18,"p":4.5E7,"mot":"U","mo":6693.0},{"cn":"Bj Ltd.","ui":"8885245","t":2456.0,"r":2456.0,"q":4.11,"p":1.5E8,"mot":"U","mo":2456.0},{"cn":"Seimex Финанс","ui":"8875608","t":6968.0,"r":6968.0,"q":5.84,"p":3.9E7,"mot":"U","mo":6968.0},{"cn":"","ui":"","t":471.0,"r":471.0,"q":7.23,"p":5.664543524E7,"mot":"L","mo":471.0}]},{"d":"02.06.2022","r":16263.0,"q":6.14,"p":5.88240792E7,"s":[{"cn":"Coolen Inc.","ui":"8874634","t":6693.0,"r":6691.0,"q":7.18,"p":4.5E7,"mot":"U","mo":6691.0},{"cn":"Bj Ltd.","ui":"8885245","t":2470.0,"r":2470.0,"q":4.1,"p":1.5E8,"mot":"U","mo":2470.0},{"cn":"Seimex Финанс","ui":"8875608","t":7019.0,"r":7019.0,"q":5.84,"p":3.9E7,"mot":"U","mo":7019.0},{"cn":"","ui":"","t":83.0,"r":83.0,"q":8.42,"p":1.3638554217E8,"mot":"L","mo":83.0}]},{"d":"03.06.2022","r":16390.0,"q":6.13,"p":5.876406345E7,"s":[{"cn":"Coolen Inc.","ui":"8874634","t":6691.0,"r":6689.0,"q":7.18,"p":4.5E7,"mot":"U","mo":6689.0},{"cn":"Bj Ltd.","ui":"8885245","t":2484.0,"r":2484.0,"q":4.09,"p":1.5E8,"mot":"U","mo":2484.0},{"cn":"Seimex Финанс","ui":"8875608","t":7102.0,"r":7102.0,"q":5.84,"p":3.9E7,"mot":"U","mo":7102.0},{"cn":"","ui":"","t":115.0,"r":115.0,"q":7.17,"p":1.092173913E8,"mot":"L","mo":115.0}]},{"d":"06.06.2022","r":16846.0,"q":6.15,"p":5.855324706E7,"s":[{"cn":"Coolen Inc.","ui":"8874634","t":6685.0,"r":6683.0,"q":7.18,"p":4.5E7,"mot":"U","mo":6683.0},{"cn":"Bj Ltd.","ui":"8885245","t":2524.0,"r":2524.0,"q":4.07,"p":1.5E8,"mot":"U","mo":2524.0},{"cn":"Seimex Финанс","ui":"8875608","t":7147.0,"r":7147.0,"q":5.83,"p":3.9E7,"mot":"U","mo":7147.0},{"cn":"","ui":"","t":492.0,"r":492.0,"q":7.44,"p":5.756097561E7,"mot":"L","mo":492.0}]},{"d":"07.06.2022","r":16569.0,"q":6.13,"p":5.895509687E7,"s":[{"cn":"Coolen Inc.","ui":"8874634","t":6683.0,"r":6681.0,"q":7.18,"p":4.5E7,"mot":"U","mo":6681.0},{"cn":"Bj Ltd.","ui":"8885245","t":2537.0,"r":2537.0,"q":4.06,"p":1.5E8,"mot":"U","mo":2537.0},{"cn":"Seimex Финанс","ui":"8875608","t":7208.0,"r":7208.0,"q":5.83,"p":3.9E7,"mot":"U","mo":7208.0},{"cn":"","ui":"","t":143.0,"r":143.0,"q":8.61,"p":1.0153846154E8,"mot":"L","mo":143.0}]},{"d":"08.06.2022","r":16675.0,"q":6.12,"p":5.892437781E7,"s":[{"cn":"Coolen Inc.","ui":"8874634","t":6681.0,"r":6679.0,"q":7.18,"p":4.5E7,"mot":"U","mo":6679.0},{"cn":"Seimex Финанс","ui":"8875608","t":7291.0,"r":7291.0,"q":5.83,"p":3.9E7,"mot":"U","mo":7291.0},{"cn":"Bj Ltd.","ui":"8885245","t":2550.0,"r":2550.0,"q":4.05,"p":1.5E8,"mot":"U","mo":2550.0},{"cn":"","ui":"","t":155.0,"r":155.0,"q":8.63,"p":9.780645161E7,"mot":"L","mo":155.0}]},{"d":"09.06.2022","r":16779.0,"q":6.12,"p":5.889641814E7,"s":[{"cn":"Coolen Inc.","ui":"8874634","t":6679.0,"r":6677.0,"q":7.18,"p":4.5E7,"mot":"U","mo":6677.0},{"cn":"Bj Ltd.","ui":"8885245","t":2563.0,"r":2563.0,"q":4.05,"p":1.5E8,"mot":"U","mo":2563.0},{"cn":"Seimex Финанс","ui":"8875608","t":7372.0,"r":7372.0,"q":5.82,"p":3.9E7,"mot":"U","mo":7372.0},{"cn":"","ui":"","t":167.0,"r":167.0,"q":8.64,"p":9.461077844E7,"mot":"L","mo":167.0}]},{"d":"10.06.2022","r":16883.0,"q":6.12,"p":5.842735296E7,"s":[{"cn":"Coolen Inc.","ui":"8874634","t":6677.0,"r":6675.0,"q":7.18,"p":4.5E7,"mot":"U","mo":6675.0},{"cn":"Bj Ltd.","ui":"8885245","t":2576.0,"r":2576.0,"q":4.04,"p":1.5E8,"mot":"U","mo":2576.0},{"cn":"Seimex Финанс","ui":"8875608","t":7453.0,"r":7453.0,"q":5.82,"p":3.8E7,"mot":"U","mo":7453.0},{"cn":"","ui":"","t":179.0,"r":179.0,"q":8.66,"p":9.184357542E7,"mot":"L","mo":179.0}]},{"d":"13.06.2022","r":17216.0,"q":6.1,"p":5.82960618E7,"s":[{"cn":"Coolen Inc.","ui":"8874634","t":6671.0,"r":6669.0,"q":7.18,"p":4.5E7,"mot":"U","mo":6669.0},{"cn":"Seimex Финанс","ui":"8875608","t":7700.0,"r":7700.0,"q":5.81,"p":3.8E7,"mot":"U","mo":7700.0},{"cn":"Bj Ltd.","ui":"8885245","t":2612.0,"r":2612.0,"q":4.02,"p":1.5E8,"mot":"U","mo":2612.0},{"cn":"","ui":"","t":235.0,"r":235.0,"q":8.03,"p":8.136170213E7,"mot":"L","mo":235.0}]},{"d":"14.06.2022","r":17397.0,"q":6.1,"p":5.835631431E7,"s":[{"cn":"Coolen Inc.","ui":"8874634","t":6669.0,"r":6667.0,"q":7.18,"p":4.5E7,"mot":"U","mo":6667.0},{"cn":"Seimex Финанс","ui":"8875608","t":7683.0,"r":7683.0,"q":5.81,"p":3.8E7,"mot":"U","mo":7683.0},{"cn":"Bj Ltd.","ui":"8885245","t":2624.0,"r":2624.0,"q":4.01,"p":1.5E8,"mot":"U","mo":2624.0},{"cn":"","ui":"","t":423.0,"r":423.0,"q":7.18,"p":7.010827423E7,"mot":"L","mo":423.0}]},{"d":"16.06.2022","r":17283.0,"q":6.08,"p":5.720510328E7,"s":[{"cn":"Coolen Inc.","ui":"8874634","t":6665.0,"r":6663.0,"q":7.18,"p":4.5E7,"mot":"U","mo":6663.0},{"cn":"Seimex Финанс","ui":"8875608","t":7747.0,"r":7747.0,"q":5.81,"p":3.5E7,"mot":"U","mo":7747.0},{"cn":"Bj Ltd.","ui":"8885245","t":2648.0,"r":2648.0,"q":4.0,"p":1.5E8,"mot":"U","mo":2648.0},{"cn":"","ui":"","t":225.0,"r":225.0,"q":7.33,"p":9.109244444E7,"mot":"L","mo":225.0}]},{"d":"17.06.2022","r":17215.0,"q":6.06,"p":5.725501017E7,"s":[{"cn":"Coolen Inc.","ui":"8874634","t":6663.0,"r":6661.0,"q":7.18,"p":4.5E7,"mot":"U","mo":6661.0},{"cn":"Seimex Финанс","ui":"8875608","t":7830.0,"r":7830.0,"q":5.8,"p":3.5E7,"mot":"U","mo":7830.0},{"cn":"Bj Ltd.","ui":"8885245","t":2659.0,"r":2659.0,"q":3.99,"p":1.5E8,"mot":"U","mo":2659.0},{"cn":"","ui":"","t":65.0,"r":65.0,"q":8.07,"p":2.0E8,"mot":"L","mo":65.0}]},{"d":"20.06.2022","r":17458.0,"q":6.05,"p":5.718719212E7,"s":[{"cn":"Coolen Inc.","ui":"8874634","t":6657.0,"r":6655.0,"q":7.18,"p":4.5E7,"mot":"U","mo":6655.0},{"cn":"Seimex Финанс","ui":"8875608","t":8037.0,"r":8037.0,"q":5.8,"p":3.5E7,"mot":"U","mo":8037.0},{"cn":"Bj Ltd.","ui":"8885245","t":2692.0,"r":2692.0,"q":3.97,"p":1.5E8,"mot":"U","mo":2692.0},{"cn":"","ui":"","t":74.0,"r":74.0,"q":8.14,"p":1.8654054054E8,"mot":"L","mo":74.0}]},{"d":"21.06.2022","r":17583.0,"q":6.04,"p":5.711670363E7,"s":[{"cn":"Coolen Inc.","ui":"8874634","t":6655.0,"r":6653.0,"q":7.18,"p":4.5E7,"mot":"U","mo":6653.0},{"cn":"Bj Ltd.","ui":"8885245","t":2703.0,"r":2703.0,"q":3.96,"p":1.5E8,"mot":"U","mo":2703.0},{"cn":"Seimex Финанс","ui":"8875608","t":8120.0,"r":8120.0,"q":5.8,"p":3.5E7,"mot":"U","mo":8120.0},{"cn":"","ui":"","t":107.0,"r":107.0,"q":6.45,"p":1.425046729E8,"mot":"L","mo":107.0}]},{"d":"22.06.2022","r":17324.0,"q":6.05,"p":5.322061879E7,"s":[{"cn":"Coolen Inc.","ui":"8874634","t":6653.0,"r":6651.0,"q":7.18,"p":3.5E7,"mot":"U","mo":6651.0},{"cn":"Seimex Финанс","ui":"8875608","t":7871.0,"r":7871.0,"q":5.79,"p":3.4E7,"mot":"U","mo":7871.0},{"cn":"Bj Ltd.","ui":"8885245","t":2714.0,"r":2714.0,"q":3.96,"p":1.5E8,"mot":"U","mo":2714.0},{"cn":"","ui":"","t":88.0,"r":88.0,"q":8.18,"p":1.6471590909E8,"mot":"L","mo":88.0}]},{"d":"23.06.2022","r":17423.0,"q":6.05,"p":5.319181542E7,"s":[{"cn":"Coolen Inc.","ui":"8874634","t":6651.0,"r":6649.0,"q":7.18,"p":3.5E7,"mot":"U","mo":6649.0},{"cn":"Seimex Финанс","ui":"8875608","t":7954.0,"r":7954.0,"q":5.79,"p":3.4E7,"mot":"U","mo":7954.0},{"cn":"Bj Ltd.","ui":"8885245","t":2725.0,"r":2725.0,"q":3.95,"p":1.5E8,"mot":"U","mo":2725.0},{"cn":"","ui":"","t":95.0,"r":95.0,"q":8.14,"p":1.5642105263E8,"mot":"L","mo":95.0}]},{"d":"24.06.2022","r":17521.0,"q":6.04,"p":5.315781063E7,"s":[{"cn":"Coolen Inc.","ui":"8874634","t":6649.0,"r":6647.0,"q":7.18,"p":3.5E7,"mot":"U","mo":6647.0},{"cn":"Seimex Финанс","ui":"8875608","t":8037.0,"r":8037.0,"q":5.79,"p":3.4E7,"mot":"U","mo":8037.0},{"cn":"Bj Ltd.","ui":"8885245","t":2735.0,"r":2735.0,"q":3.94,"p":1.5E8,"mot":"U","mo":2735.0},{"cn":"","ui":"","t":102.0,"r":102.0,"q":8.08,"p":1.4926470588E8,"mot":"L","mo":102.0}]},{"d":"27.06.2022","r":17954.0,"q":6.03,"p":5.304537986E7,"s":[{"cn":"Coolen Inc.","ui":"8874634","t":6643.0,"r":6641.0,"q":7.18,"p":3.5E7,"mot":"U","mo":6641.0},{"cn":"Bj Ltd.","ui":"8885245","t":2765.0,"r":2765.0,"q":3.92,"p":1.5E8,"mot":"U","mo":2765.0},{"cn":"Seimex Финанс","ui":"8875608","t":8286.0,"r":8286.0,"q":5.79,"p":3.4E7,"mot":"U","mo":8286.0},{"cn":"","ui":"","t":262.0,"r":262.0,"q":6.73,"p":8.957156489E7,"mot":"L","mo":262.0}]},{"d":"28.06.2022","r":18046.0,"q":6.03,"p":5.258346725E7,"s":[{"cn":"Coolen Inc.","ui":"8874634","t":6641.0,"r":6639.0,"q":7.18,"p":3.5E7,"mot":"U","mo":6639.0},{"cn":"Seimex Финанс","ui":"8875608","t":8369.0,"r":8369.0,"q":5.79,"p":3.3E7,"mot":"U","mo":8369.0},{"cn":"Bj Ltd.","ui":"8885245","t":2775.0,"r":2775.0,"q":3.92,"p":1.5E8,"mot":"U","mo":2775.0},{"cn":"","ui":"","t":263.0,"r":263.0,"q":6.73,"p":9.174619772E7,"mot":"L","mo":263.0}]},{"d":"29.06.2022","r":17951.0,"q":6.02,"p":5.260770988E7,"s":[{"cn":"Coolen Inc.","ui":"8874634","t":6639.0,"r":6637.0,"q":7.18,"p":3.5E7,"mot":"U","mo":6637.0},{"cn":"Bj Ltd.","ui":"8885245","t":2785.0,"r":2785.0,"q":3.91,"p":1.5E8,"mot":"U","mo":2785.0},{"cn":"Seimex Финанс","ui":"8875608","t":8452.0,"r":8452.0,"q":5.78,"p":3.3E7,"mot":"U","mo":8452.0},{"cn":"","ui":"","t":77.0,"r":77.0,"q":8.06,"p":2.0E8,"mot":"L","mo":77.0}]},{"d":"30.06.2022","r":18201.0,"q":6.02,"p":5.254078622E7,"s":[{"cn":"Coolen Inc.","ui":"8874634","t":6638.0,"r":6637.0,"q":7.18,"p":3.5E7,"mot":"U","mo":6637.0},{"cn":"Bj Ltd.","ui":"8885245","t":2795.0,"r":2795.0,"q":3.91,"p":1.5E8,"mot":"U","mo":2795.0},{"cn":"Seimex Финанс","ui":"8875608","t":8504.0,"r":8504.0,"q":5.78,"p":3.3E7,"mot":"U","mo":8504.0},{"cn":"","ui":"","t":265.0,"r":265.0,"q":6.74,"p":9.101075472E7,"mot":"L","mo":265.0}]},{"d":"01.07.2022","r":18293.0,"q":6.01,"p":5.250858252E7,"s":[{"cn":"Coolen Inc.","ui":"8874634","t":6637.0,"r":6636.0,"q":7.18,"p":3.5E7,"mot":"U","mo":6636.0},{"cn":"Bj Ltd.","ui":"8885245","t":2804.0,"r":2804.0,"q":3.9,"p":1.5E8,"mot":"U","mo":2804.0},{"cn":"Seimex Финанс","ui":"8875608","t":8587.0,"r":8587.0,"q":5.78,"p":3.3E7,"mot":"U","mo":8587.0},{"cn":"","ui":"","t":266.0,"r":266.0,"q":6.75,"p":9.138533835E7,"mot":"L","mo":266.0}]},{"d":"04.07.2022","r":18082.0,"q":6.01,"p":5.176277514E7,"s":[{"cn":"Coolen Inc.","ui":"8874634","t":6634.0,"r":6633.0,"q":7.18,"p":3.5E7,"mot":"U","mo":6633.0},{"cn":"Seimex Финанс","ui":"8875608","t":8149.0,"r":7749.0,"q":5.78,"p":3.0E7,"mot":"U","mo":7749.0},{"cn":"Bj Ltd.","ui":"8885245","t":2831.0,"r":2831.0,"q":3.88,"p":1.5E8,"mot":"U","mo":2831.0},{"cn":"","ui":"","t":869.0,"r":869.0,"q":6.08,"p":5.373935558E7,"mot":"L","mo":869.0}]},{"d":"05.07.2022","r":17787.0,"q":6.01,"p":5.181761961E7,"s":[{"cn":"Coolen Inc.","ui":"8874634","t":6633.0,"r":6632.0,"q":7.18,"p":3.5E7,"mot":"U","mo":6632.0},{"cn":"Seimex Финанс","ui":"8875608","t":8232.0,"r":8232.0,"q":5.78,"p":3.0E7,"mot":"U","mo":8232.0},{"cn":"Bj Ltd.","ui":"8885245","t":2840.0,"r":2840.0,"q":3.88,"p":1.5E8,"mot":"U","mo":2840.0},{"cn":"","ui":"","t":83.0,"r":83.0,"q":8.05,"p":2.0E8,"mot":"L","mo":83.0}]},{"d":"06.07.2022","r":17869.0,"q":6.0,"p":5.178717332E7,"s":[{"cn":"Coolen Inc.","ui":"8874634","t":6632.0,"r":6631.0,"q":7.18,"p":3.5E7,"mot":"U","mo":6631.0},{"cn":"Bj Ltd.","ui":"8885245","t":2849.0,"r":2849.0,"q":3.87,"p":1.5E8,"mot":"U","mo":2849.0},{"cn":"Seimex Финанс","ui":"8875608","t":8305.0,"r":8305.0,"q":5.77,"p":3.0E7,"mot":"U","mo":8305.0},{"cn":"","ui":"","t":84.0,"r":84.0,"q":8.05,"p":2.0E8,"mot":"L","mo":84.0}]},{"d":"07.07.2022","r":17956.0,"q":6.0,"p":5.175094676E7,"s":[{"cn":"Coolen Inc.","ui":"8874634","t":6631.0,"r":6630.0,"q":7.18,"p":3.5E7,"mot":"U","mo":6630.0},{"cn":"Seimex Финанс","ui":"8875608","t":8383.0,"r":8383.0,"q":5.77,"p":3.0E7,"mot":"U","mo":8383.0},{"cn":"Bj Ltd.","ui":"8885245","t":2858.0,"r":2858.0,"q":3.87,"p":1.5E8,"mot":"U","mo":2858.0},{"cn":"","ui":"","t":85.0,"r":85.0,"q":8.05,"p":2.0E8,"mot":"L","mo":85.0}]},{"d":"08.07.2022","r":18047.0,"q":6.0,"p":5.171025655E7,"s":[{"cn":"Coolen Inc.","ui":"8874634","t":6630.0,"r":6629.0,"q":7.18,"p":3.5E7,"mot":"U","mo":6629.0},{"cn":"Seimex Финанс","ui":"8875608","t":8465.0,"r":8465.0,"q":5.77,"p":3.0E7,"mot":"U","mo":8465.0},{"cn":"Bj Ltd.","ui":"8885245","t":2867.0,"r":2867.0,"q":3.86,"p":1.5E8,"mot":"U","mo":2867.0},{"cn":"","ui":"","t":86.0,"r":86.0,"q":8.05,"p":2.0E8,"mot":"L","mo":86.0}]},{"d":"11.07.2022","r":18106.0,"q":5.99,"p":5.182591406E7,"s":[{"cn":"Coolen Inc.","ui":"8874634","t":6627.0,"r":6626.0,"q":7.18,"p":3.5E7,"mot":"U","mo":6626.0},{"cn":"Seimex Финанс","ui":"8875608","t":8500.0,"r":8500.0,"q":5.76,"p":3.0E7,"mot":"U","mo":8500.0},{"cn":"Bj Ltd.","ui":"8885245","t":2891.0,"r":2891.0,"q":3.85,"p":1.5E8,"mot":"U","mo":2891.0},{"cn":"","ui":"","t":89.0,"r":89.0,"q":8.05,"p":2.0E8,"mot":"L","mo":89.0}]},{"d":"12.07.2022","r":18982.0,"q":5.98,"p":5.108938468E7,"s":[{"cn":"Coolen Inc.","ui":"8874634","t":6626.0,"r":6625.0,"q":7.18,"p":3.5E7,"mot":"U","mo":6625.0},{"cn":"Seimex Финанс","ui":"8875608","t":8581.0,"r":8581.0,"q":5.76,"p":3.0E7,"mot":"U","mo":8581.0},{"cn":"Bj Ltd.","ui":"8885245","t":2899.0,"r":2899.0,"q":3.84,"p":1.5E8,"mot":"U","mo":2899.0},{"cn":"","ui":"","t":877.0,"r":877.0,"q":6.1,"p":5.202246294E7,"mot":"L","mo":877.0}]},{"d":"13.07.2022","r":18196.0,"q":5.98,"p":5.184161354E7,"s":[{"cn":"Coolen Inc.","ui":"8874634","t":6625.0,"r":6624.0,"q":7.18,"p":3.5E7,"mot":"U","mo":6624.0},{"cn":"Seimex Финанс","ui":"8875608","t":8574.0,"r":8574.0,"q":5.76,"p":3.0E7,"mot":"U","mo":8574.0},{"cn":"Bj Ltd.","ui":"8885245","t":2907.0,"r":2907.0,"q":3.84,"p":1.5E8,"mot":"U","mo":2907.0},{"cn":"","ui":"","t":91.0,"r":91.0,"q":8.05,"p":2.0E8,"mot":"L","mo":91.0}]},{"d":"14.07.2022","r":18284.0,"q":5.98,"p":5.179802013E7,"s":[{"cn":"Coolen Inc.","ui":"8874634","t":6624.0,"r":6623.0,"q":7.18,"p":3.5E7,"mot":"U","mo":6623.0},{"cn":"Seimex Финанс","ui":"8875608","t":8654.0,"r":8654.0,"q":5.76,"p":3.0E7,"mot":"U","mo":8654.0},{"cn":"Bj Ltd.","ui":"8885245","t":2915.0,"r":2915.0,"q":3.83,"p":1.5E8,"mot":"U","mo":2915.0},{"cn":"","ui":"","t":92.0,"r":92.0,"q":8.05,"p":2.0E8,"mot":"L","mo":92.0}]},{"d":"15.07.2022","r":18144.0,"q":5.96,"p":5.197696208E7,"s":[{"cn":"Coolen Inc.","ui":"8874634","t":6437.0,"r":6436.0,"q":7.18,"p":3.5E7,"mot":"U","mo":6436.0},{"cn":"Seimex Финанс","ui":"8875608","t":8692.0,"r":8692.0,"q":5.75,"p":3.0E7,"mot":"U","mo":8692.0},{"cn":"Bj Ltd.","ui":"8885245","t":2923.0,"r":2923.0,"q":3.83,"p":1.5E8,"mot":"U","mo":2923.0},{"cn":"","ui":"","t":93.0,"r":93.0,"q":8.05,"p":2.0E8,"mot":"L","mo":93.0}]},{"d":"18.07.2022","r":21633.0,"q":7.0,"p":5.261305806E7,"s":[{"cn":"Coolen Inc.","ui":"8874634","t":6292.0,"r":6291.0,"q":7.18,"p":3.5E7,"mot":"U","mo":6291.0},{"cn":"Coren LLC","ui":"9055473","t":2582.0,"r":2582.0,"q":14.84,"p":6.25E7,"mot":"U","mo":2582.0},{"cn":"Seimex Финанс","ui":"8875608","t":8931.0,"r":8931.0,"q":5.75,"p":3.0E7,"mot":"U","mo":8931.0},{"cn":"Bj Ltd.","ui":"8885245","t":2946.0,"r":2946.0,"q":3.81,"p":1.5E8,"mot":"U","mo":2946.0},{"cn":"","ui":"","t":883.0,"r":883.0,"q":6.11,"p":5.298786523E7,"mot":"L","mo":883.0}]},{"d":"19.07.2022","r":21482.0,"q":6.99,"p":4.946468183E7,"s":[{"cn":"Coolen Inc.","ui":"8874634","t":6053.0,"r":6052.0,"q":7.18,"p":3.5E7,"mot":"U","mo":6052.0},{"cn":"TRIGOR","ui":"8987748","t":3369.0,"r":3369.0,"q":12.74,"p":3.5055E7,"mot":"U","mo":3369.0},{"cn":"Seimex Финанс","ui":"8875608","t":9011.0,"r":9011.0,"q":5.75,"p":3.0E7,"mot":"U","mo":9011.0},{"cn":"Bj Ltd.","ui":"8885245","t":2953.0,"r":2953.0,"q":3.81,"p":1.5E8,"mot":"U","mo":2953.0},{"cn":"","ui":"","t":97.0,"r":97.0,"q":8.04,"p":2.0E8,"mot":"L","mo":97.0}]},{"d":"20.07.2022","r":21281.0,"q":6.91,"p":4.672383817E7,"s":[{"cn":"Coolen Inc.","ui":"8874634","t":6052.0,"r":6051.0,"q":7.18,"p":3.5E7,"mot":"U","mo":6051.0},{"cn":"TRIGOR","ui":"8987748","t":3081.0,"r":3081.0,"q":12.74,"p":1.5E7,"mot":"U","mo":3081.0},{"cn":"Seimex Финанс","ui":"8875608","t":9091.0,"r":9091.0,"q":5.75,"p":3.0E7,"mot":"U","mo":9091.0},{"cn":"Bj Ltd.","ui":"8885245","t":2960.0,"r":2960.0,"q":3.8,"p":1.5E8,"mot":"U","mo":2960.0},{"cn":"","ui":"","t":98.0,"r":98.0,"q":8.04,"p":2.0E8,"mot":"L","mo":98.0}]},{"d":"21.07.2022","r":18582.0,"q":5.84,"p":5.185286837E7,"s":[{"cn":"Coolen Inc.","ui":"8874634","t":6051.0,"r":6050.0,"q":7.18,"p":3.5E7,"mot":"U","mo":6050.0},{"cn":"Bj Ltd.","ui":"8885245","t":2967.0,"r":2967.0,"q":3.8,"p":1.5E8,"mot":"U","mo":2967.0},{"cn":"Seimex Финанс","ui":"8875608","t":9171.0,"r":9171.0,"q":5.75,"p":3.0E7,"mot":"U","mo":9171.0},{"cn":"","ui":"","t":394.0,"r":394.0,"q":2.77,"p":8.020304569E7,"mot":"L","mo":394.0}]},{"d":"22.07.2022","r":21454.0,"q":6.89,"p":4.621725552E7,"s":[{"cn":"Coolen Inc.","ui":"8874634","t":6050.0,"r":6049.0,"q":7.18,"p":3.5E7,"mot":"U","mo":6049.0},{"cn":"TRIGOR","ui":"8987748","t":3080.0,"r":3080.0,"q":12.74,"p":1.5E7,"mot":"U","mo":3080.0},{"cn":"Seimex Финанс","ui":"8875608","t":9251.0,"r":9251.0,"q":5.74,"p":3.0E7,"mot":"U","mo":9251.0},{"cn":"Bj Ltd.","ui":"8885245","t":2974.0,"r":2974.0,"q":3.8,"p":1.5E8,"mot":"U","mo":2974.0},{"cn":"","ui":"","t":100.0,"r":100.0,"q":8.04,"p":1.0E8,"mot":"L","mo":100.0}]},{"d":"25.07.2022","r":21613.0,"q":6.82,"p":4.587868413E7,"s":[{"cn":"Coolen Inc.","ui":"8874634","t":6047.0,"r":6046.0,"q":7.18,"p":3.5E7,"mot":"U","mo":6046.0},{"cn":"basiltchak Финанс","ui":"7671188","t":3011.0,"r":2954.0,"q":12.62,"p":2.15E7,"mot":"U","mo":2954.0},{"cn":"Bj Ltd.","ui":"8885245","t":2995.0,"r":2995.0,"q":3.78,"p":1.5E8,"mot":"U","mo":2995.0},{"cn":"Seimex Финанс","ui":"8875608","t":9515.0,"r":9515.0,"q":5.74,"p":2.7E7,"mot":"U","mo":9515.0},{"cn":"","ui":"","t":103.0,"r":103.0,"q":8.04,"p":1.0E8,"mot":"L","mo":103.0}]},{"d":"26.07.2022","r":22161.0,"q":6.8,"p":4.424813862E7,"s":[{"cn":"Coolen Inc.","ui":"8874634","t":6046.0,"r":6045.0,"q":7.18,"p":3.5E7,"mot":"U","mo":6045.0},{"cn":"basiltchak Финанс","ui":"7671188","t":2969.0,"r":2912.0,"q":12.58,"p":2.15E7,"mot":"U","mo":2912.0},{"cn":"Seimex Финанс","ui":"8875608","t":9598.0,"r":9598.0,"q":5.74,"p":2.5E7,"mot":"U","mo":9598.0},{"cn":"Bj Ltd.","ui":"8885245","t":3002.0,"r":3002.0,"q":3.78,"p":1.5E8,"mot":"U","mo":3002.0},{"cn":"","ui":"","t":604.0,"r":604.0,"q":6.97,"p":2.67384106E7,"mot":"L","mo":604.0}]},{"d":"27.07.2022","r":21308.0,"q":6.67,"p":4.635498404E7,"s":[{"cn":"Coolen Inc.","ui":"8874634","t":6045.0,"r":6044.0,"q":7.18,"p":3.5E7,"mot":"U","mo":6044.0},{"cn":"basiltchak Финанс","ui":"7671188","t":2527.0,"r":2470.0,"q":12.53,"p":2.15E7,"mot":"U","mo":2470.0},{"cn":"Bj Ltd.","ui":"8885245","t":3008.0,"r":3008.0,"q":3.77,"p":1.5E8,"mot":"U","mo":3008.0},{"cn":"Seimex Финанс","ui":"8875608","t":9681.0,"r":9681.0,"q":5.74,"p":2.7E7,"mot":"U","mo":9681.0},{"cn":"","ui":"","t":105.0,"r":105.0,"q":8.04,"p":1.0E8,"mot":"L","mo":105.0}]},{"d":"28.07.2022","r":21355.0,"q":6.65,"p":4.636080543E7,"s":[{"cn":"Coolen Inc.","ui":"8874634","t":6044.0,"r":6043.0,"q":7.18,"p":3.5E7,"mot":"U","mo":6043.0},{"cn":"basiltchak Финанс","ui":"7671188","t":2485.0,"r":2428.0,"q":12.48,"p":2.15E7,"mot":"U","mo":2428.0},{"cn":"Seimex Финанс","ui":"8875608","t":9764.0,"r":9764.0,"q":5.74,"p":2.7E7,"mot":"U","mo":9764.0},{"cn":"Bj Ltd.","ui":"8885245","t":3014.0,"r":3014.0,"q":3.77,"p":1.5E8,"mot":"U","mo":3014.0},{"cn":"","ui":"","t":106.0,"r":106.0,"q":8.04,"p":1.0E8,"mot":"L","mo":106.0}]},{"d":"29.07.2022","r":21402.0,"q":6.63,"p":4.636660125E7,"s":[{"cn":"Coolen Inc.","ui":"8874634","t":6043.0,"r":6042.0,"q":7.18,"p":3.5E7,"mot":"U","mo":6042.0},{"cn":"basiltchak Финанс","ui":"7671188","t":2443.0,"r":2386.0,"q":12.43,"p":2.15E7,"mot":"U","mo":2386.0},{"cn":"Seimex Финанс","ui":"8875608","t":9847.0,"r":9847.0,"q":5.74,"p":2.7E7,"mot":"U","mo":9847.0},{"cn":"Bj Ltd.","ui":"8885245","t":3020.0,"r":3020.0,"q":3.77,"p":1.5E8,"mot":"U","mo":3020.0},{"cn":"","ui":"","t":107.0,"r":107.0,"q":8.04,"p":1.0E8,"mot":"L","mo":107.0}]},{"d":"01.08.2022","r":21411.0,"q":6.55,"p":4.54138994E7,"s":[{"cn":"Coolen Inc.","ui":"8874634","t":6040.0,"r":6039.0,"q":7.18,"p":3.5E7,"mot":"U","mo":6039.0},{"cn":"basiltchak Финанс","ui":"7671188","t":2301.0,"r":2244.0,"q":12.3,"p":2.15E7,"mot":"U","mo":2244.0},{"cn":"Bj Ltd.","ui":"8885245","t":3036.0,"r":3036.0,"q":3.76,"p":1.5E8,"mot":"U","mo":3036.0},{"cn":"Seimex Финанс","ui":"8875608","t":10092.0,"r":10092.0,"q":5.74,"p":2.55E7,"mot":"U","mo":10092.0},{"cn":"","ui":"","t":0.0,"r":0.0,"q":0.0,"p":0.0,"mot":"L","mo":0.0}]},{"d":"02.08.2022","r":21446.0,"q":6.54,"p":4.541893593E7,"s":[{"cn":"Coolen Inc.","ui":"8874634","t":6039.0,"r":6038.0,"q":7.18,"p":3.5E7,"mot":"U","mo":6038.0},{"cn":"basiltchak Финанс","ui":"7671188","t":2253.0,"r":2196.0,"q":12.26,"p":2.15E7,"mot":"U","mo":2196.0},{"cn":"Seimex Финанс","ui":"8875608","t":10171.0,"r":10171.0,"q":5.75,"p":2.55E7,"mot":"U","mo":10171.0},{"cn":"Bj Ltd.","ui":"8885245","t":3041.0,"r":3041.0,"q":3.75,"p":1.5E8,"mot":"U","mo":3041.0},{"cn":"","ui":"","t":0.0,"r":0.0,"q":0.0,"p":0.0,"mot":"L","mo":0.0}]},{"d":"03.08.2022","r":21468.0,"q":6.51,"p":4.519971586E7,"s":[{"cn":"Coolen Inc.","ui":"8874634","t":6038.0,"r":6037.0,"q":7.18,"p":3.5E7,"mot":"U","mo":6037.0},{"cn":"basiltchak Финанс","ui":"7671188","t":2192.0,"r":2135.0,"q":12.22,"p":2.15E7,"mot":"U","mo":2135.0},{"cn":"Seimex Финанс","ui":"8875608","t":10250.0,"r":10250.0,"q":5.75,"p":2.5E7,"mot":"U","mo":10250.0},{"cn":"Bj Ltd.","ui":"8885245","t":3046.0,"r":3046.0,"q":3.75,"p":1.5E8,"mot":"U","mo":3046.0},{"cn":"","ui":"","t":0.0,"r":0.0,"q":0.0,"p":0.0,"mot":"L","mo":0.0}]},{"d":"04.08.2022","r":21502.0,"q":6.49,"p":4.520419031E7,"s":[{"cn":"Coolen Inc.","ui":"8874634","t":6037.0,"r":6036.0,"q":7.18,"p":3.5E7,"mot":"U","mo":6036.0},{"cn":"basiltchak Финанс","ui":"7671188","t":2144.0,"r":2087.0,"q":12.18,"p":2.15E7,"mot":"U","mo":2087.0},{"cn":"Bj Ltd.","ui":"8885245","t":3051.0,"r":3051.0,"q":3.75,"p":1.5E8,"mot":"U","mo":3051.0},{"cn":"Seimex Финанс","ui":"8875608","t":10328.0,"r":10328.0,"q":5.75,"p":2.5E7,"mot":"U","mo":10328.0},{"cn":"","ui":"","t":0.0,"r":0.0,"q":0.0,"p":0.0,"mot":"L","mo":0.0}]},{"d":"05.08.2022","r":21840.0,"q":6.39,"p":4.496577381E7,"s":[{"cn":"Coolen Inc.","ui":"8874634","t":6036.0,"r":6035.0,"q":7.18,"p":3.5E7,"mot":"U","mo":6035.0},{"cn":"basiltchak Финанс","ui":"7671188","t":2096.0,"r":2039.0,"q":12.14,"p":2.15E7,"mot":"U","mo":2039.0},{"cn":"Seimex Финанс","ui":"8875608","t":10406.0,"r":10406.0,"q":5.75,"p":2.5E7,"mot":"U","mo":10406.0},{"cn":"Bj Ltd.","ui":"8885245","t":3056.0,"r":3056.0,"q":3.74,"p":1.5E8,"mot":"U","mo":3056.0},{"cn":"","ui":"","t":304.0,"r":304.0,"q":1.0,"p":2.775986842E7,"mot":"L","mo":304.0}]},{"d":"08.08.2022","r":11007.0,"q":7.05,"p":6.475024984E7,"s":[{"cn":"Coolen Inc.","ui":"8874634","t":6033.0,"r":6032.0,"q":7.18,"p":3.5E7,"mot":"U","mo":6032.0},{"cn":"basiltchak Финанс","ui":"7671188","t":1961.0,"r":1904.0,"q":11.99,"p":2.15E7,"mot":"U","mo":1904.0},{"cn":"Bj Ltd.","ui":"8885245","t":3071.0,"r":3071.0,"q":3.73,"p":1.5E8,"mot":"U","mo":3071.0},{"cn":"","ui":"","t":0.0,"r":0.0,"q":0.0,"p":0.0,"mot":"L","mo":0.0}]},{"d":"09.08.2022","r":10976.0,"q":7.01,"p":6.491326531E7,"s":[{"cn":"Coolen Inc.","ui":"8874634","t":6032.0,"r":6031.0,"q":7.18,"p":3.5E7,"mot":"U","mo":6031.0},{"cn":"basiltchak Финанс","ui":"7671188","t":1919.0,"r":1862.0,"q":11.93,"p":2.15E7,"mot":"U","mo":1862.0},{"cn":"Bj Ltd.","ui":"8885245","t":3075.0,"r":3075.0,"q":3.73,"p":1.5E8,"mot":"U","mo":3075.0},{"cn":"","ui":"","t":8.0,"r":8.0,"q":1.0,"p":1.5E7,"mot":"L","mo":8.0}]},{"d":"10.08.2022","r":11124.0,"q":6.89,"p":6.439410284E7,"s":[{"cn":"Coolen Inc.","ui":"8874634","t":6031.0,"r":6030.0,"q":7.18,"p":3.5E7,"mot":"U","mo":6030.0},{"cn":"basiltchak Финанс","ui":"7671188","t":1877.0,"r":1820.0,"q":11.88,"p":2.15E7,"mot":"U","mo":1820.0},{"cn":"Bj Ltd.","ui":"8885245","t":3079.0,"r":3079.0,"q":3.73,"p":1.5E8,"mot":"U","mo":3079.0},{"cn":"","ui":"","t":195.0,"r":195.0,"q":1.0,"p":2.2E7,"mot":"L","mo":195.0}]},{"d":"11.08.2022","r":10890.0,"q":6.96,"p":6.535280073E7,"s":[{"cn":"Coolen Inc.","ui":"8874634","t":6030.0,"r":6029.0,"q":7.18,"p":3.5E7,"mot":"U","mo":6029.0},{"cn":"basiltchak Финанс","ui":"7671188","t":1835.0,"r":1778.0,"q":11.82,"p":2.15E7,"mot":"U","mo":1778.0},{"cn":"Bj Ltd.","ui":"8885245","t":3083.0,"r":3083.0,"q":3.72,"p":1.5E8,"mot":"U","mo":3083.0},{"cn":"","ui":"","t":0.0,"r":0.0,"q":0.0,"p":0.0,"mot":"L","mo":0.0}]},{"d":"12.08.2022","r":10828.0,"q":6.92,"p":6.564804211E7,"s":[{"cn":"Coolen Inc.","ui":"8874634","t":6029.0,"r":6028.0,"q":7.18,"p":3.5E7,"mot":"U","mo":6028.0},{"cn":"basiltchak Финанс","ui":"7671188","t":1767.0,"r":1710.0,"q":11.76,"p":2.15E7,"mot":"U","mo":1710.0},{"cn":"Bj Ltd.","ui":"8885245","t":3087.0,"r":3087.0,"q":3.72,"p":1.5E8,"mot":"U","mo":3087.0},{"cn":"","ui":"","t":3.0,"r":3.0,"q":1.0,"p":1.4E7,"mot":"L","mo":3.0}]},{"d":"15.08.2022","r":10164.0,"q":6.56,"p":6.868211334E7,"s":[{"cn":"Coolen Inc.","ui":"8874634","t":6026.0,"r":6025.0,"q":7.18,"p":3.5E7,"mot":"U","mo":6025.0},{"cn":"basiltchak Финанс","ui":"7671188","t":1097.0,"r":1040.0,"q":11.5,"p":2.15E7,"mot":"U","mo":1040.0},{"cn":"Bj Ltd.","ui":"8885245","t":3099.0,"r":3099.0,"q":3.71,"p":1.5E8,"mot":"U","mo":3099.0},{"cn":"","ui":"","t":0.0,"r":0.0,"q":0.0,"p":0.0,"mot":"L","mo":0.0}]},{"d":"16.08.2022","r":10124.0,"q":6.53,"p":6.891796721E7,"s":[{"cn":"Coolen Inc.","ui":"8874634","t":6025.0,"r":6024.0,"q":7.18,"p":3.5E7,"mot":"U","mo":6024.0},{"cn":"basiltchak Финанс","ui":"7671188","t":1054.0,"r":997.0,"q":11.41,"p":2.15E7,"mot":"U","mo":997.0},{"cn":"Bj Ltd.","ui":"8885245","t":3103.0,"r":3103.0,"q":3.71,"p":1.5E8,"mot":"U","mo":3103.0},{"cn":"","ui":"","t":0.0,"r":0.0,"q":0.0,"p":0.0,"mot":"L","mo":0.0}]},{"d":"17.08.2022","r":10126.0,"q":6.52,"p":6.899095892E7,"s":[{"cn":"Coolen Inc.","ui":"8874634","t":6024.0,"r":6023.0,"q":7.18,"p":3.5E7,"mot":"U","mo":6023.0},{"cn":"basiltchak Финанс","ui":"7671188","t":1012.0,"r":955.0,"q":11.31,"p":2.15E7,"mot":"U","mo":955.0},{"cn":"Bj Ltd.","ui":"8885245","t":3107.0,"r":3107.0,"q":3.71,"p":1.5E8,"mot":"U","mo":3107.0},{"cn":"","ui":"","t":41.0,"r":41.0,"q":11.24,"p":2.963292683E7,"mot":"L","mo":41.0}]},{"d":"18.08.2022","r":10044.0,"q":6.47,"p":6.939531063E7,"s":[{"cn":"Coolen Inc.","ui":"8874634","t":6023.0,"r":6022.0,"q":7.18,"p":3.5E7,"mot":"U","mo":6022.0},{"cn":"basiltchak Финанс","ui":"7671188","t":968.0,"r":911.0,"q":11.22,"p":2.15E7,"mot":"U","mo":911.0},{"cn":"Bj Ltd.","ui":"8885245","t":3111.0,"r":3111.0,"q":3.7,"p":1.5E8,"mot":"U","mo":3111.0},{"cn":"","ui":"","t":0.0,"r":0.0,"q":0.0,"p":0.0,"mot":"L","mo":0.0}]},{"d":"19.08.2022","r":9903.0,"q":6.39,"p":7.012778956E7,"s":[{"cn":"Coolen Inc.","ui":"8874634","t":6022.0,"r":6021.0,"q":7.18,"p":3.5E7,"mot":"U","mo":6021.0},{"cn":"basiltchak Финанс","ui":"7671188","t":824.0,"r":767.0,"q":11.13,"p":2.15E7,"mot":"U","mo":767.0},{"cn":"Bj Ltd.","ui":"8885245","t":3115.0,"r":3115.0,"q":3.7,"p":1.5E8,"mot":"U","mo":3115.0},{"cn":"","ui":"","t":0.0,"r":0.0,"q":0.0,"p":0.0,"mot":"L","mo":0.0}]},{"d":"22.08.2022","r":20420.0,"q":6.01,"p":4.697987267E7,"s":[{"cn":"Coolen Inc.","ui":"8874634","t":6019.0,"r":6018.0,"q":7.18,"p":3.5E7,"mot":"U","mo":6018.0},{"cn":"Bj Ltd.","ui":"8885245","t":3127.0,"r":3127.0,"q":3.69,"p":1.5E8,"mot":"U","mo":3127.0},{"cn":"Seimex Финанс","ui":"8875608","t":10639.0,"r":10639.0,"q":5.74,"p":2.5E7,"mot":"U","mo":10639.0},{"cn":"","ui":"","t":693.0,"r":636.0,"q":10.79,"p":2.15E7,"mot":"L","mo":636.0}]},{"d":"23.08.2022","r":10736.0,"q":6.24,"p":6.686596498E7,"s":[{"cn":"Coolen Inc.","ui":"8874634","t":6018.0,"r":6017.0,"q":7.18,"p":3.5E7,"mot":"U","mo":6017.0},{"cn":"basiltchak Финанс","ui":"7671188","t":649.0,"r":592.0,"q":10.67,"p":2.15E7,"mot":"U","mo":592.0},{"cn":"Seimex Финанс","ui":"8879609","t":996.0,"r":996.0,"q":5.93,"p":2.5E7,"mot":"U","mo":996.0},{"cn":"Bj Ltd.","ui":"8885245","t":3131.0,"r":3131.0,"q":3.69,"p":1.5E8,"mot":"U","mo":3131.0},{"cn":"","ui":"","t":0.0,"r":0.0,"q":0.0,"p":0.0,"mot":"L","mo":0.0}]},{"d":"24.08.2022","r":21067.0,"q":5.98,"p":4.636597522E7,"s":[{"cn":"Coolen Inc.","ui":"8874634","t":6017.0,"r":6016.0,"q":7.18,"p":3.5E7,"mot":"U","mo":6016.0},{"cn":"Seimex Финанс","ui":"8879609","t":1079.0,"r":1079.0,"q":5.93,"p":2.5E7,"mot":"U","mo":1079.0},{"cn":"Bj Ltd.","ui":"8885245","t":3135.0,"r":3135.0,"q":3.68,"p":1.5E8,"mot":"U","mo":3135.0},{"cn":"Seimex Финанс","ui":"8875608","t":10289.0,"r":10289.0,"q":5.74,"p":2.5E7,"mot":"U","mo":10289.0},{"cn":"","ui":"","t":605.0,"r":548.0,"q":10.54,"p":2.15E7,"mot":"L","mo":548.0}]},{"d":"25.08.2022","r":20047.0,"q":5.97,"p":4.748520976E7,"s":[{"cn":"Coolen Inc.","ui":"8874634","t":6016.0,"r":6015.0,"q":7.18,"p":3.5E7,"mot":"U","mo":6015.0},{"cn":"Bj Ltd.","ui":"8885245","t":3139.0,"r":3139.0,"q":3.68,"p":1.5E8,"mot":"U","mo":3139.0},{"cn":"Seimex Финанс","ui":"8875608","t":10389.0,"r":10389.0,"q":5.75,"p":2.5E7,"mot":"U","mo":10389.0},{"cn":"","ui":"","t":561.0,"r":504.0,"q":10.4,"p":2.15E7,"mot":"L","mo":504.0}]},{"d":"26.08.2022","r":20107.0,"q":5.96,"p":4.745004227E7,"s":[{"cn":"Coolen Inc.","ui":"8874634","t":6015.0,"r":6014.0,"q":7.18,"p":3.5E7,"mot":"U","mo":6014.0},{"cn":"Seimex Финанс","ui":"8875608","t":10489.0,"r":10489.0,"q":5.75,"p":2.5E7,"mot":"U","mo":10489.0},{"cn":"Bj Ltd.","ui":"8885245","t":3143.0,"r":3143.0,"q":3.68,"p":1.5E8,"mot":"U","mo":3143.0},{"cn":"","ui":"","t":518.0,"r":461.0,"q":10.27,"p":2.15032538E7,"mot":"L","mo":461.0}]},{"d":"29.08.2022","r":20279.0,"q":5.91,"p":4.733667834E7,"s":[{"cn":"Coolen Inc.","ui":"8874634","t":6012.0,"r":6011.0,"q":7.18,"p":3.5E7,"mot":"U","mo":6011.0},{"cn":"Bj Ltd.","ui":"8885245","t":3152.0,"r":3152.0,"q":3.67,"p":1.5E8,"mot":"U","mo":3152.0},{"cn":"Seimex Финанс","ui":"8875608","t":10789.0,"r":10789.0,"q":5.75,"p":2.5E7,"mot":"U","mo":10789.0},{"cn":"","ui":"","t":384.0,"r":327.0,"q":9.73,"p":2.15E7,"mot":"L","mo":327.0}]},{"d":"30.08.2022","r":20338.0,"q":5.9,"p":4.729722687E7,"s":[{"cn":"Coolen Inc.","ui":"8874634","t":6011.0,"r":6010.0,"q":7.18,"p":3.5E7,"mot":"U","mo":6010.0},{"cn":"Seimex Финанс","ui":"8875608","t":10889.0,"r":10889.0,"q":5.75,"p":2.5E7,"mot":"U","mo":10889.0},{"cn":"Bj Ltd.","ui":"8885245","t":3155.0,"r":3155.0,"q":3.67,"p":1.5E8,"mot":"U","mo":3155.0},{"cn":"","ui":"","t":341.0,"r":284.0,"q":9.51,"p":2.15E7,"mot":"L","mo":284.0}]},{"d":"31.08.2022","r":20366.0,"q":5.89,"p":4.729701463E7,"s":[{"cn":"Coolen Inc.","ui":"8874634","t":6010.0,"r":6009.0,"q":7.18,"p":3.5E7,"mot":"U","mo":6009.0},{"cn":"Seimex Финанс","ui":"8875608","t":10989.0,"r":10989.0,"q":5.76,"p":2.5E7,"mot":"U","mo":10989.0},{"cn":"Bj Ltd.","ui":"8885245","t":3158.0,"r":3158.0,"q":3.67,"p":1.5E8,"mot":"U","mo":3158.0},{"cn":"","ui":"","t":267.0,"r":210.0,"q":9.24,"p":2.148095238E7,"mot":"L","mo":210.0}]},{"d":"01.09.2022","r":20425.0,"q":5.88,"p":4.725804162E7,"s":[{"cn":"Coolen Inc.","ui":"8874634","t":6009.0,"r":6008.0,"q":7.18,"p":3.5E7,"mot":"U","mo":6008.0},{"cn":"Seimex Финанс","ui":"8875608","t":11089.0,"r":11089.0,"q":5.76,"p":2.5E7,"mot":"U","mo":11089.0},{"cn":"Bj Ltd.","ui":"8885245","t":3161.0,"r":3161.0,"q":3.66,"p":1.5E8,"mot":"U","mo":3161.0},{"cn":"","ui":"","t":224.0,"r":167.0,"q":8.98,"p":2.15E7,"mot":"L","mo":167.0}]},{"d":"02.09.2022","r":20485.0,"q":5.87,"p":4.721784232E7,"s":[{"cn":"Coolen Inc.","ui":"8874634","t":6008.0,"r":6007.0,"q":7.18,"p":3.5E7,"mot":"U","mo":6007.0},{"cn":"Seimex Финанс","ui":"8875608","t":11189.0,"r":11189.0,"q":5.76,"p":2.5E7,"mot":"U","mo":11189.0},{"cn":"Bj Ltd.","ui":"8885245","t":3164.0,"r":3164.0,"q":3.66,"p":1.5E8,"mot":"U","mo":3164.0},{"cn":"","ui":"","t":182.0,"r":125.0,"q":8.58,"p":2.15E7,"mot":"L","mo":125.0}]},{"d":"05.09.2022","r":20671.0,"q":5.85,"p":4.709085192E7,"s":[{"cn":"Coolen Inc.","ui":"8874634","t":6005.0,"r":6004.0,"q":7.18,"p":3.5E7,"mot":"U","mo":6004.0},{"cn":"Bj Ltd.","ui":"8885245","t":3173.0,"r":3173.0,"q":3.66,"p":1.5E8,"mot":"U","mo":3173.0},{"cn":"Seimex Финанс","ui":"8875608","t":11489.0,"r":11489.0,"q":5.76,"p":2.5E7,"mot":"U","mo":11489.0},{"cn":"","ui":"","t":5.0,"r":5.0,"q":5.24,"p":2.0E7,"mot":"L","mo":5.0}]},{"d":"06.09.2022","r":20768.0,"q":5.85,"p":4.700645223E7,"s":[{"cn":"Coolen Inc.","ui":"8874634","t":6004.0,"r":6003.0,"q":7.18,"p":3.5E7,"mot":"U","mo":6003.0},{"cn":"Seimex Финанс","ui":"8875608","t":11589.0,"r":11589.0,"q":5.76,"p":2.5E7,"mot":"U","mo":11589.0},{"cn":"Bj Ltd.","ui":"8885245","t":3176.0,"r":3176.0,"q":3.65,"p":1.5E8,"mot":"U","mo":3176.0},{"cn":"","ui":"","t":0.0,"r":0.0,"q":0.0,"p":0.0,"mot":"L","mo":0.0}]},{"d":"07.09.2022","r":20870.0,"q":5.85,"p":4.691638716E7,"s":[{"cn":"Coolen Inc.","ui":"8874634","t":6003.0,"r":6002.0,"q":7.18,"p":3.5E7,"mot":"U","mo":6002.0},{"cn":"Bj Ltd.","ui":"8885245","t":3179.0,"r":3179.0,"q":3.65,"p":1.5E8,"mot":"U","mo":3179.0},{"cn":"Seimex Финанс","ui":"8875608","t":11689.0,"r":11689.0,"q":5.76,"p":2.5E7,"mot":"U","mo":11689.0},{"cn":"","ui":"","t":0.0,"r":0.0,"q":0.0,"p":0.0,"mot":"L","mo":0.0}]},{"d":"08.09.2022","r":20972.0,"q":5.85,"p":4.682719817E7,"s":[{"cn":"Coolen Inc.","ui":"8874634","t":6002.0,"r":6001.0,"q":7.18,"p":3.5E7,"mot":"U","mo":6001.0},{"cn":"Bj Ltd.","ui":"8885245","t":3182.0,"r":3182.0,"q":3.65,"p":1.5E8,"mot":"U","mo":3182.0},{"cn":"Seimex Финанс","ui":"8875608","t":11789.0,"r":11789.0,"q":5.76,"p":2.5E7,"mot":"U","mo":11789.0},{"cn":"","ui":"","t":0.0,"r":0.0,"q":0.0,"p":0.0,"mot":"L","mo":0.0}]},{"d":"09.09.2022","r":21074.0,"q":5.85,"p":4.673887254E7,"s":[{"cn":"Coolen Inc.","ui":"8874634","t":6001.0,"r":6000.0,"q":7.18,"p":3.5E7,"mot":"U","mo":6000.0},{"cn":"Bj Ltd.","ui":"8885245","t":3185.0,"r":3185.0,"q":3.65,"p":1.5E8,"mot":"U","mo":3185.0},{"cn":"Seimex Финанс","ui":"8875608","t":11889.0,"r":11889.0,"q":5.76,"p":2.5E7,"mot":"U","mo":11889.0},{"cn":"","ui":"","t":0.0,"r":0.0,"q":0.0,"p":0.0,"mot":"L","mo":0.0}]},{"d":"12.09.2022","r":21370.0,"q":5.84,"p":4.648900328E7,"s":[{"cn":"Coolen Inc.","ui":"8874634","t":5998.0,"r":5997.0,"q":7.18,"p":3.5E7,"mot":"U","mo":5997.0},{"cn":"Bj Ltd.","ui":"8885245","t":3194.0,"r":3194.0,"q":3.64,"p":1.5E8,"mot":"U","mo":3194.0},{"cn":"Seimex Финанс","ui":"8875608","t":12179.0,"r":12179.0,"q":5.76,"p":2.5E7,"mot":"U","mo":12179.0},{"cn":"","ui":"","t":0.0,"r":0.0,"q":0.0,"p":0.0,"mot":"L","mo":0.0}]},{"d":"13.09.2022","r":21472.0,"q":5.84,"p":4.640392139E7,"s":[{"cn":"Coolen Inc.","ui":"8874634","t":5997.0,"r":5996.0,"q":7.18,"p":3.5E7,"mot":"U","mo":5996.0},{"cn":"Seimex Финанс","ui":"8875608","t":12279.0,"r":12279.0,"q":5.76,"p":2.5E7,"mot":"U","mo":12279.0},{"cn":"Bj Ltd.","ui":"8885245","t":3197.0,"r":3197.0,"q":3.64,"p":1.5E8,"mot":"U","mo":3197.0},{"cn":"","ui":"","t":0.0,"r":0.0,"q":0.0,"p":0.0,"mot":"L","mo":0.0}]},{"d":"14.09.2022","r":21733.0,"q":5.86,"p":4.627253485E7,"s":[{"cn":"Coolen Inc.","ui":"8874634","t":5996.0,"r":5995.0,"q":7.18,"p":3.5E7,"mot":"U","mo":5995.0},{"cn":"Bj Ltd.","ui":"8885245","t":3200.0,"r":3200.0,"q":3.63,"p":1.5E8,"mot":"U","mo":3200.0},{"cn":"Seimex Финанс","ui":"8875608","t":12379.0,"r":12379.0,"q":5.76,"p":2.5E7,"mot":"U","mo":12379.0},{"cn":"","ui":"","t":159.0,"r":159.0,"q":8.95,"p":3.988050314E7,"mot":"L","mo":159.0}]},{"d":"15.09.2022","r":21831.0,"q":5.86,"p":4.61918831E7,"s":[{"cn":"Coolen Inc.","ui":"8874634","t":5995.0,"r":5994.0,"q":7.18,"p":3.5E7,"mot":"U","mo":5994.0},{"cn":"Bj Ltd.","ui":"8885245","t":3203.0,"r":3203.0,"q":3.63,"p":1.5E8,"mot":"U","mo":3203.0},{"cn":"Seimex Финанс","ui":"8875608","t":12479.0,"r":12479.0,"q":5.76,"p":2.5E7,"mot":"U","mo":12479.0},{"cn":"","ui":"","t":155.0,"r":155.0,"q":8.93,"p":4.0E7,"mot":"L","mo":155.0}]},{"d":"16.09.2022","r":21782.0,"q":5.84,"p":4.614865485E7,"s":[{"cn":"Coolen Inc.","ui":"8874634","t":5994.0,"r":5993.0,"q":7.18,"p":3.5E7,"mot":"U","mo":5993.0},{"cn":"Seimex Финанс","ui":"8875608","t":12579.0,"r":12579.0,"q":5.76,"p":2.5E7,"mot":"U","mo":12579.0},{"cn":"Bj Ltd.","ui":"8885245","t":3206.0,"r":3206.0,"q":3.63,"p":1.5E8,"mot":"U","mo":3206.0},{"cn":"","ui":"","t":4.0,"r":4.0,"q":5.24,"p":2.0E7,"mot":"L","mo":4.0}]},{"d":"19.09.2022","r":22000.0,"q":5.83,"p":4.598409091E7,"s":[{"cn":"Coolen Inc.","ui":"8874634","t":5991.0,"r":5990.0,"q":7.18,"p":3.5E7,"mot":"U","mo":5990.0},{"cn":"Seimex Финанс","ui":"8875608","t":12796.0,"r":12796.0,"q":5.76,"p":2.5E7,"mot":"U","mo":12796.0},{"cn":"Bj Ltd.","ui":"8885245","t":3214.0,"r":3214.0,"q":3.62,"p":1.5E8,"mot":"U","mo":3214.0},{"cn":"","ui":"","t":0.0,"r":0.0,"q":0.0,"p":0.0,"mot":"L","mo":0.0}]},{"d":"20.09.2022","r":22049.0,"q":5.83,"p":4.594834233E7,"s":[{"cn":"Coolen Inc.","ui":"8874634","t":5990.0,"r":5989.0,"q":7.18,"p":3.5E7,"mot":"U","mo":5989.0},{"cn":"Seimex Финанс","ui":"8875608","t":12844.0,"r":12844.0,"q":5.76,"p":2.5E7,"mot":"U","mo":12844.0},{"cn":"Bj Ltd.","ui":"8885245","t":3216.0,"r":3216.0,"q":3.62,"p":1.5E8,"mot":"U","mo":3216.0},{"cn":"","ui":"","t":0.0,"r":0.0,"q":0.0,"p":0.0,"mot":"L","mo":0.0}]},{"d":"21.09.2022","r":22150.0,"q":5.83,"p":4.586365688E7,"s":[{"cn":"Coolen Inc.","ui":"8874634","t":5989.0,"r":5988.0,"q":7.18,"p":3.5E7,"mot":"U","mo":5988.0},{"cn":"Bj Ltd.","ui":"8885245","t":3218.0,"r":3218.0,"q":3.62,"p":1.5E8,"mot":"U","mo":3218.0},{"cn":"Seimex Финанс","ui":"8875608","t":12944.0,"r":12944.0,"q":5.76,"p":2.5E7,"mot":"U","mo":12944.0},{"cn":"","ui":"","t":0.0,"r":0.0,"q":0.0,"p":0.0,"mot":"L","mo":0.0}]},{"d":"22.09.2022","r":22244.0,"q":5.83,"p":4.578627945E7,"s":[{"cn":"Coolen Inc.","ui":"8874634","t":5988.0,"r":5987.0,"q":7.18,"p":3.5E7,"mot":"U","mo":5987.0},{"cn":"Bj Ltd.","ui":"8885245","t":3220.0,"r":3220.0,"q":3.62,"p":1.5E8,"mot":"U","mo":3220.0},{"cn":"Seimex Финанс","ui":"8875608","t":13037.0,"r":13037.0,"q":5.76,"p":2.5E7,"mot":"U","mo":13037.0},{"cn":"","ui":"","t":0.0,"r":0.0,"q":0.0,"p":0.0,"mot":"L","mo":0.0}]},{"d":"23.09.2022","r":22337.0,"q":5.83,"p":4.571048037E7,"s":[{"cn":"Coolen Inc.","ui":"8874634","t":5987.0,"r":5986.0,"q":7.18,"p":3.5E7,"mot":"U","mo":5986.0},{"cn":"Seimex Финанс","ui":"8875608","t":13129.0,"r":13129.0,"q":5.76,"p":2.5E7,"mot":"U","mo":13129.0},{"cn":"Bj Ltd.","ui":"8885245","t":3222.0,"r":3222.0,"q":3.62,"p":1.5E8,"mot":"U","mo":3222.0},{"cn":"","ui":"","t":0.0,"r":0.0,"q":0.0,"p":0.0,"mot":"L","mo":0.0}]},{"d":"26.09.2022","r":9211.0,"q":5.93,"p":7.530181305E7,"s":[{"cn":"Coolen Inc.","ui":"8874634","t":5984.0,"r":5983.0,"q":7.18,"p":3.5E7,"mot":"U","mo":5983.0},{"cn":"Bj Ltd.","ui":"8885245","t":3228.0,"r":3228.0,"q":3.61,"p":1.5E8,"mot":"U","mo":3228.0},{"cn":"","ui":"","t":0.0,"r":0.0,"q":0.0,"p":0.0,"mot":"L","mo":0.0}]},{"d":"27.09.2022","r":9215.0,"q":5.93,"p":7.530276723E7,"s":[{"cn":"Coolen Inc.","ui":"8874634","t":5983.0,"r":5982.0,"q":7.18,"p":3.5E7,"mot":"U","mo":5982.0},{"cn":"Bj Ltd.","ui":"8885245","t":3230.0,"r":3230.0,"q":3.61,"p":1.5E8,"mot":"U","mo":3230.0},{"cn":"","ui":"","t":3.0,"r":3.0,"q":1.0,"p":1.5E7,"mot":"L","mo":3.0}]},{"d":"28.09.2022","r":9219.0,"q":5.92,"p":7.530372058E7,"s":[{"cn":"Coolen Inc.","ui":"8874634","t":5982.0,"r":5981.0,"q":7.18,"p":3.5E7,"mot":"U","mo":5981.0},{"cn":"Bj Ltd.","ui":"8885245","t":3232.0,"r":3232.0,"q":3.61,"p":1.5E8,"mot":"U","mo":3232.0},{"cn":"","ui":"","t":6.0,"r":6.0,"q":1.0,"p":1.5E7,"mot":"L","mo":6.0}]},{"d":"29.09.2022","r":9219.0,"q":5.92,"p":7.533083849E7,"s":[{"cn":"Coolen Inc.","ui":"8874634","t":5981.0,"r":5980.0,"q":7.18,"p":3.5E7,"mot":"U","mo":5980.0},{"cn":"Bj Ltd.","ui":"8885245","t":3234.0,"r":3234.0,"q":3.61,"p":1.5E8,"mot":"U","mo":3234.0},{"cn":"","ui":"","t":5.0,"r":5.0,"q":1.0,"p":1.5E7,"mot":"L","mo":5.0}]},{"d":"30.09.2022","r":22656.0,"q":5.85,"p":5.48505023E7,"s":[{"cn":"Coolen Inc.","ui":"8874634","t":5980.0,"r":5979.0,"q":7.18,"p":3.5E7,"mot":"U","mo":5979.0},{"cn":"Seimex Финанс","ui":"8875608","t":13121.0,"r":13121.0,"q":5.76,"p":2.5E7,"mot":"U","mo":13121.0},{"cn":"Bj Ltd.","ui":"8885245","t":3236.0,"r":3236.0,"q":3.6,"p":1.5E8,"mot":"U","mo":3236.0},{"cn":"","ui":"","t":950.0,"r":320.0,"q":7.18,"p":6.875093125E8,"mot":"L","mo":320.0}]}]