[{"pi":"423626","pc":"Детские товары","ss":21000,"td":"Центр города","dc":1,"n":383.31,"vc":"55416","sl":"Элитный","sv":"3330","p":20000.0,"q":8.09,"b":0.0726726726726727,"ms":4.56,"wi":62.72,"ei":7.0,"as":1148.0,"mi":"E","mv":72993,"sc":3,"lpe":92.8,"lpr":7491.02,"lq":1.0,"d":2007074},{"pi":"423626","pc":"Детские товары","ss":50000,"td":"Центр города","dc":2,"n":471.47,"vc":"153473","sl":"Очень высокий","sv":"1000","p":12000.0,"q":10.27,"b":0.0,"ms":1.37,"wi":62.72,"ei":7.0,"as":1148.0,"mi":"E","mv":72993,"sc":3,"lpe":92.8,"lpr":7491.02,"lq":1.0,"d":2007074},{"pi":"423626","pc":"Детские товары","ss":107000,"td":"Центр города","dc":2,"n":424.46,"vc":"188137","sl":"Элитный","sv":"923","p":10000.0,"q":15.89,"b":0.0,"ms":1.26,"wi":62.72,"ei":7.0,"as":1148.0,"mi":"E","mv":72993,"sc":3,"lpe":92.8,"lpr":7491.02,"lq":1.0,"d":2007074},{"pi":"423626","pc":"Детские товары","ss":10000,"td":"Фешенебельный район","dc":1,"n":418.87,"vc":"5616","sl":"Элитный","sv":"70","p":26000.0,"q":10.01,"b":0.622285714285714,"ms":0.14,"wi":55.87,"ei":7.0,"as":994.0,"mi":"E","mv":50434,"sc":1,"lpe":99.86,"lpr":5625.84,"lq":1.0,"d":1386711},{"pi":"423626","pc":"Детские товары","ss":50000,"td":"Центр города","dc":2,"n":520.28,"vc":"202618","sl":"Высокий","sv":"100","p":12000.0,"q":10.27,"b":0.0,"ms":0.24,"wi":56.61,"ei":7.0,"as":1036.07,"mi":"E","mv":42538,"sc":1,"lpe":99.76,"lpr":6057.34,"lq":1.0,"d":1285176},{"pi":"423626","pc":"Детские товары","ss":50000,"td":"Центр города","dc":1,"n":442.76,"vc":"122334","sl":"Элитный","sv":"689","p":25000.0,"q":14.83,"b":0.0,"ms":0.89,"wi":47.6,"ei":7.77,"as":378.0,"mi":"E","mv":77292,"sc":2,"lpe":99.11,"lpr":5271.68,"lq":1.0,"d":2176390},{"pi":"423626","pc":"Детские товары","ss":10000,"td":"Фешенебельный район","dc":1,"n":415.08,"vc":"4262","sl":"Элитный","sv":"1","p":26000.0,"q":4.74,"b":2.03,"ms":0.0,"wi":47.6,"ei":7.77,"as":378.0,"mi":"E","mv":77292,"sc":2,"lpe":99.11,"lpr":5271.68,"lq":1.0,"d":2176390},{"pi":"423626","pc":"Детские товары","ss":100000,"td":"Фешенебельный район","dc":1,"n":486.8,"vc":"35093","sl":"Элитный","sv":"15","p":26000.0,"q":5.02,"b":3.59,"ms":0.08,"wi":48.91,"ei":7.0,"as":913.33,"mi":"E","mv":19426,"sc":1,"lpe":99.92,"lpr":5449.06,"lq":1.0,"d":792900},{"pi":"423626","pc":"Детские товары","ss":100000,"td":"Фешенебельный район","dc":1,"n":482.43,"vc":"34370","sl":"Элитный","sv":"150","p":26000.0,"q":7.83,"b":2.39333333333333,"ms":0.81,"wi":47.76,"ei":7.0,"as":1078.25,"mi":"E","mv":18572,"sc":1,"lpe":99.19,"lpr":6073.67,"lq":1.0,"d":842600},{"pi":"423626","pc":"Детские товары","ss":900,"td":"Центр города","dc":1,"n":237.83,"vc":"1004","sl":"Очень высокий","sv":"245","p":3200.0,"q":1.0,"b":0.0,"ms":6.76,"wi":33.78,"ei":6.3,"as":470.0,"mi":"E","mv":3622,"sc":1,"lpe":93.24,"lpr":3299.19,"lq":1.0,"d":99366},{"pi":"423626","pc":"Детские товары","ss":800,"td":"Центр города","dc":1,"n":239.25,"vc":"956","sl":"Элитный","sv":"247","p":2100.0,"q":1.0,"b":0.0,"ms":7.19,"wi":25.77,"ei":6.2,"as":442.23,"mi":"E","mv":3437,"sc":1,"lpe":92.81,"lpr":2171.67,"lq":1.0,"d":102460},{"pi":"423626","pc":"Детские товары","ss":800,"td":"Центр города","dc":1,"n":220.11,"vc":"968","sl":"Элитный","sv":"330","p":2300.0,"q":1.0,"b":0.9,"ms":6.31,"wi":26.88,"ei":6.4,"as":470.16,"mi":"E","mv":5232,"sc":1,"lpe":93.69,"lpr":2259.54,"lq":1.0,"d":143654},{"pi":"423626","pc":"Детские товары","ss":900,"td":"Центр города","dc":1,"n":218.37,"vc":"1041","sl":"Элитный","sv":"350","p":2400.0,"q":1.0,"b":0.9,"ms":6.54,"wi":27.95,"ei":6.5,"as":474.81,"mi":"E","mv":5354,"sc":1,"lpe":93.46,"lpr":2442.5,"lq":1.0,"d":150000},{"pi":"423626","pc":"Детские товары","ss":80000,"td":"Центр города","dc":1,"n":522.42,"vc":"266251","sl":"Элитный","sv":"969","p":18000.0,"q":17.0,"b":0.0,"ms":6.39,"wi":49.39,"ei":7.0,"as":1230.33,"mi":"E","mv":15153,"sc":3,"lpe":93.26,"lpr":3880.37,"lq":1.0,"d":781464},{"pi":"423626","pc":"Детские товары","ss":20000,"td":"Центр города","dc":2,"n":487.85,"vc":"59202","sl":"Очень высокий","sv":"50","p":14700.0,"q":13.92,"b":0.28,"ms":0.33,"wi":49.39,"ei":7.0,"as":1230.33,"mi":"E","mv":15153,"sc":3,"lpe":93.26,"lpr":3880.37,"lq":1.0,"d":781464},{"pi":"423626","pc":"Детские товары","ss":10000,"td":"Фешенебельный район","dc":1,"n":345.5,"vc":"1780","sl":"Элитный","sv":"3","p":15000.0,"q":4.17,"b":2.91,"ms":0.02,"wi":49.39,"ei":7.0,"as":1230.33,"mi":"E","mv":15153,"sc":3,"lpe":93.26,"lpr":3880.37,"lq":1.0,"d":781464},{"pi":"423626","pc":"Детские товары","ss":10000,"td":"Фешенебельный район","dc":1,"n":413.8,"vc":"5550","sl":"Элитный","sv":"1","p":26000.0,"q":4.26,"b":1.82,"ms":0.0,"wi":54.41,"ei":7.0,"as":1000.0,"mi":"E","mv":54309,"sc":1,"lpe":100.0,"lpr":5469.74,"lq":1.0,"d":1493247},{"pi":"423626","pc":"Детские товары","ss":50000,"td":"Центр города","dc":1,"n":476.03,"vc":"162687","sl":"Элитный","sv":"2000","p":16000.0,"q":10.27,"b":2.94,"ms":2.63,"wi":58.91,"ei":7.0,"as":1299.6,"mi":"E","mv":76036,"sc":6,"lpe":94.93,"lpr":7805.76,"lq":1.0,"d":2111474},{"pi":"423626","pc":"Детские товары","ss":100000,"td":"Центр города","dc":1,"n":299.51,"vc":"54433","sl":"Элитный","sv":"858","p":36000.42,"q":14.02,"b":4.04,"ms":1.13,"wi":58.91,"ei":7.0,"as":1299.6,"mi":"E","mv":76036,"sc":6,"lpe":94.93,"lpr":7805.76,"lq":1.0,"d":2111474},{"pi":"423626","pc":"Детские товары","ss":25000,"td":"Центр города","dc":1,"n":390.32,"vc":"67800","sl":"Элитный","sv":"500","p":15000.0,"q":16.04,"b":1.78,"ms":0.66,"wi":58.91,"ei":7.0,"as":1299.6,"mi":"E","mv":76036,"sc":6,"lpe":94.93,"lpr":7805.76,"lq":1.0,"d":2111474},{"pi":"423626","pc":"Детские товары","ss":10000,"td":"Центр города","dc":2,"n":284.47,"vc":"10701","sl":"Элитный","sv":"200","p":13000.0,"q":13.92,"b":0.28,"ms":0.26,"wi":58.91,"ei":7.0,"as":1299.6,"mi":"E","mv":76036,"sc":6,"lpe":94.93,"lpr":7805.76,"lq":1.0,"d":2111474},{"pi":"423626","pc":"Детские товары","ss":10000,"td":"Фешенебельный район","dc":1,"n":390.32,"vc":"5268","sl":"Элитный","sv":"150","p":26000.0,"q":7.83,"b":1.94,"ms":0.2,"wi":58.91,"ei":7.0,"as":1299.6,"mi":"E","mv":76036,"sc":6,"lpe":94.93,"lpr":7805.76,"lq":1.0,"d":2111474},{"pi":"423626","pc":"Детские товары","ss":5000,"td":"Центр города","dc":4,"n":390.19,"vc":"14475","sl":"Низкий","sv":"150","p":9500.0,"q":8.1,"b":0.0,"ms":0.2,"wi":58.91,"ei":7.0,"as":1299.6,"mi":"E","mv":76036,"sc":6,"lpe":94.93,"lpr":7805.76,"lq":1.0,"d":2111474},{"pi":"423626","pc":"Детские товары","ss":100000,"td":"Центр города","dc":1,"n":398.68,"vc":"236312","sl":"Элитный","sv":"6000","p":35000.0,"q":10.27,"b":1.94,"ms":2.39,"wi":79.78,"ei":9.46,"as":2502.0,"mi":"E","mv":251042,"sc":11,"lpe":93.5,"lpr":11162.98,"lq":1.0,"d":9185246},{"pi":"423626","pc":"Детские товары","ss":15000,"td":"Центр города","dc":1,"n":296.04,"vc":"25149","sl":"Элитный","sv":"3000","p":17000.0,"q":8.1,"b":0.0,"ms":1.2,"wi":79.78,"ei":9.46,"as":2502.0,"mi":"E","mv":251042,"sc":11,"lpe":93.5,"lpr":11162.98,"lq":1.0,"d":9185246},{"pi":"423626","pc":"Детские товары","ss":40000,"td":"Центр города","dc":2,"n":245.35,"vc":"45830","sl":"Элитный","sv":"2300","p":29000.0,"q":15.23,"b":0.0,"ms":0.92,"wi":79.78,"ei":9.46,"as":2502.0,"mi":"E","mv":251042,"sc":11,"lpe":93.5,"lpr":11162.98,"lq":1.0,"d":9185246},{"pi":"423626","pc":"Детские товары","ss":10000,"td":"Фешенебельный район","dc":1,"n":296.61,"vc":"4407","sl":"Элитный","sv":"1156","p":26000.0,"q":6.29,"b":1.74128027681661,"ms":0.46,"wi":79.78,"ei":9.46,"as":2502.0,"mi":"E","mv":251042,"sc":11,"lpe":93.5,"lpr":11162.98,"lq":1.0,"d":9185246},{"pi":"423626","pc":"Детские товары","ss":100000,"td":"Центр города","dc":1,"n":298.12,"vc":"89851","sl":"Элитный","sv":"996","p":47200.0,"q":15.56,"b":0.69,"ms":0.4,"wi":79.78,"ei":9.46,"as":2502.0,"mi":"E","mv":251042,"sc":11,"lpe":93.5,"lpr":11162.98,"lq":1.0,"d":9185246},{"pi":"423626","pc":"Детские товары","ss":100000,"td":"Центр города","dc":1,"n":346.36,"vc":"214320","sl":"Элитный","sv":"738","p":22000.0,"q":15.27,"b":1.2,"ms":0.29,"wi":79.78,"ei":9.46,"as":2502.0,"mi":"E","mv":251042,"sc":11,"lpe":93.5,"lpr":11162.98,"lq":1.0,"d":9185246},{"pi":"423626","pc":"Детские товары","ss":10000,"td":"Спальный район","dc":1,"n":354.23,"vc":"22492","sl":"Элитный","sv":"696","p":15000.0,"q":12.3,"b":0.0,"ms":0.28,"wi":79.78,"ei":9.46,"as":2502.0,"mi":"E","mv":251042,"sc":11,"lpe":93.5,"lpr":11162.98,"lq":1.0,"d":9185246},{"pi":"423626","pc":"Детские товары","ss":20000,"td":"Центр города","dc":2,"n":321.43,"vc":"37009","sl":"Очень высокий","sv":"500","p":23000.0,"q":13.92,"b":0.23,"ms":0.2,"wi":79.78,"ei":9.46,"as":2502.0,"mi":"E","mv":251042,"sc":11,"lpe":93.5,"lpr":11162.98,"lq":1.0,"d":9185246},{"pi":"423626","pc":"Детские товары","ss":30000,"td":"Центр города","dc":2,"n":321.33,"vc":"48512","sl":"Элитный","sv":"500","p":35000.0,"q":15.16,"b":0.54,"ms":0.2,"wi":79.78,"ei":9.46,"as":2502.0,"mi":"E","mv":251042,"sc":11,"lpe":93.5,"lpr":11162.98,"lq":1.0,"d":9185246},{"pi":"423626","pc":"Детские товары","ss":150000,"td":"Спальный район","dc":3,"n":414.25,"vc":"288424","sl":"Очень высокий","sv":"400","p":26000.0,"q":10.15,"b":0.11,"ms":0.16,"wi":79.78,"ei":9.46,"as":2502.0,"mi":"E","mv":251042,"sc":11,"lpe":93.5,"lpr":11162.98,"lq":1.0,"d":9185246},{"pi":"423626","pc":"Детские товары","ss":1000,"td":"Центр города","dc":1,"n":193.23,"vc":"1086","sl":"Очень высокий","sv":"350","p":3500.0,"q":1.0,"b":0.9,"ms":4.57,"wi":35.0,"ei":6.8,"as":480.2,"mi":"E","mv":7658,"sc":1,"lpe":95.43,"lpr":3388.77,"lq":1.0,"d":214852},{"pi":"423626","pc":"Детские товары","ss":100000,"td":"Фешенебельный район","dc":1,"n":500.72,"vc":"37494","sl":"Элитный","sv":"1","p":26000.0,"q":4.37,"b":3.59,"ms":0.0,"wi":42.55,"ei":6.0,"as":928.15,"mi":"E","mv":23772,"sc":1,"lpe":100.0,"lpr":4652.05,"lq":1.0,"d":653500},{"pi":"423626","pc":"Детские товары","ss":900,"td":"Центр города","dc":1,"n":193.78,"vc":"1731","sl":"Очень высокий","sv":"400","p":5000.0,"q":1.0,"b":0.9,"ms":1.19,"wi":46.65,"ei":6.8,"as":509.6,"mi":"E","mv":33474,"sc":1,"lpe":98.81,"lpr":5458.3,"lq":1.0,"d":949800},{"pi":"423626","pc":"Детские товары","ss":10000,"td":"Фешенебельный район","dc":1,"n":406.62,"vc":"4196","sl":"Элитный","sv":"2","p":26000.0,"q":5.93,"b":2.33,"ms":0.0,"wi":47.49,"ei":5.0,"as":354.0,"mi":"E","mv":88435,"sc":1,"lpe":100.0,"lpr":5066.85,"lq":1.0,"d":2488066},{"pi":"423626","pc":"Детские товары","ss":100000,"td":"Центр города","dc":3,"n":471.91,"vc":"217300","sl":"Низкий","sv":"177","p":13000.0,"q":3.95,"b":0.0,"ms":0.5,"wi":49.72,"ei":7.0,"as":374.0,"mi":"E","mv":35165,"sc":1,"lpe":99.5,"lpr":5209.4,"lq":1.0,"d":966800},{"pi":"423626","pc":"Детские товары","ss":10000,"td":"Фешенебельный район","dc":1,"n":434.98,"vc":"4418","sl":"Элитный","sv":"2","p":25000.0,"q":6.06,"b":3.97,"ms":0.0,"wi":63.08,"ei":7.98,"as":479.0,"mi":"E","mv":57614,"sc":1,"lpe":100.0,"lpr":7293.98,"lq":1.0,"d":1584151},{"pi":"423626","pc":"Детские товары","ss":10000,"td":"Фешенебельный район","dc":1,"n":462.44,"vc":"4755","sl":"Элитный","sv":"1","p":18000.0,"q":6.06,"b":3.97,"ms":0.0,"wi":53.01,"ei":5.0,"as":324.0,"mi":"E","mv":39789,"sc":1,"lpe":100.0,"lpr":5140.8,"lq":1.0,"d":1093944},{"pi":"423626","pc":"Детские товары","ss":10000,"td":"Фешенебельный район","dc":1,"n":374.07,"vc":"3910","sl":"Элитный","sv":"1","p":12800.0,"q":6.06,"b":1.85,"ms":0.0,"wi":38.04,"ei":8.74,"as":423.0,"mi":"E","mv":146068,"sc":1,"lpe":100.0,"lpr":3361.24,"lq":1.0,"d":4045672},{"pi":"423626","pc":"Детские товары","ss":1000,"td":"Центр города","dc":3,"n":474.65,"vc":"5146","sl":"Низкий","sv":"50","p":6000.0,"q":8.1,"b":0.0,"ms":0.22,"wi":46.15,"ei":7.0,"as":995.0,"mi":"E","mv":22767,"sc":1,"lpe":99.78,"lpr":4763.6,"lq":1.0,"d":625846},{"pi":"423626","pc":"Детские товары","ss":800,"td":"Центр города","dc":1,"n":170.6,"vc":"970","sl":"Очень высокий","sv":"223","p":3300.0,"q":1.0,"b":0.0,"ms":1.95,"wi":33.68,"ei":6.7,"as":470.4,"mi":"E","mv":11449,"sc":1,"lpe":98.05,"lpr":3307.28,"lq":1.0,"d":314620},{"pi":"423626","pc":"Детские товары","ss":800,"td":"Центр города","dc":1,"n":146.82,"vc":"1046","sl":"Очень высокий","sv":"257","p":5000.0,"q":1.0,"b":0.0,"ms":1.29,"wi":47.7,"ei":6.9,"as":499.8,"mi":"E","mv":19985,"sc":1,"lpe":98.71,"lpr":5413.93,"lq":1.0,"d":564000},{"pi":"423626","pc":"Детские товары","ss":1000,"td":"Центр города","dc":1,"n":243.7,"vc":"1066","sl":"Элитный","sv":"420","p":3300.0,"q":1.0,"b":0.9,"ms":12.72,"wi":33.22,"ei":6.1,"as":450.8,"mi":"E","mv":3303,"sc":1,"lpe":87.28,"lpr":3104.49,"lq":1.01,"d":90601},{"pi":"423626","pc":"Детские товары","ss":10000,"td":"Фешенебельный район","dc":1,"n":492.62,"vc":"5163","sl":"Элитный","sv":"1","p":18000.0,"q":4.16,"b":3.04,"ms":0.0,"wi":45.57,"ei":7.0,"as":796.1,"mi":"E","mv":26611,"sc":1,"lpe":100.0,"lpr":3855.87,"lq":1.0,"d":731582},{"pi":"423626","pc":"Детские товары","ss":25000,"td":"Центр города","dc":1,"n":509.95,"vc":"99720","sl":"Очень высокий","sv":"500","p":17500.0,"q":8.0,"b":0.0,"ms":3.58,"wi":61.17,"ei":7.54,"as":1230.25,"mi":"E","mv":13973,"sc":3,"lpe":96.21,"lpr":7535.39,"lq":1.0,"d":384017},{"pi":"423626","pc":"Детские товары","ss":20000,"td":"Спальный район","dc":2,"n":392.75,"vc":"16172","sl":"Элитный","sv":"20","p":13600.0,"q":13.92,"b":1.54,"ms":0.14,"wi":61.17,"ei":7.54,"as":1230.25,"mi":"E","mv":13973,"sc":3,"lpe":96.21,"lpr":7535.39,"lq":1.0,"d":384017},{"pi":"423626","pc":"Детские товары","ss":10000,"td":"Фешенебельный район","dc":1,"n":539.86,"vc":"5844","sl":"Элитный","sv":"10","p":26000.0,"q":6.06,"b":4.27,"ms":0.07,"wi":61.17,"ei":7.54,"as":1230.25,"mi":"E","mv":13973,"sc":3,"lpe":96.21,"lpr":7535.39,"lq":1.0,"d":384017},{"pi":"423626","pc":"Детские товары","ss":100000,"td":"Центр города","dc":2,"n":485.38,"vc":"308629","sl":"Очень высокий","sv":"405","p":11000.0,"q":10.27,"b":0.0,"ms":0.63,"wi":65.52,"ei":7.0,"as":1059.0,"mi":"E","mv":64684,"sc":3,"lpe":98.91,"lpr":7799.03,"lq":1.0,"d":1819400},{"pi":"423626","pc":"Детские товары","ss":100000,"td":"Фешенебельный район","dc":1,"n":428.06,"vc":"26679","sl":"Элитный","sv":"250","p":26000.0,"q":6.06,"b":3.04,"ms":0.39,"wi":65.52,"ei":7.0,"as":1059.0,"mi":"E","mv":64684,"sc":3,"lpe":98.91,"lpr":7799.03,"lq":1.0,"d":1819400},{"pi":"423626","pc":"Детские товары","ss":4000,"td":"Пригород","dc":3,"n":296.07,"vc":"2524","sl":"Элитный","sv":"50","p":15000.0,"q":10.15,"b":0.33,"ms":0.08,"wi":65.52,"ei":7.0,"as":1059.0,"mi":"E","mv":64684,"sc":3,"lpe":98.91,"lpr":7799.03,"lq":1.0,"d":1819400},{"pi":"423626","pc":"Детские товары","ss":10000,"td":"Фешенебельный район","dc":1,"n":482.28,"vc":"5019","sl":"Элитный","sv":"2","p":26000.0,"q":5.59,"b":3.14,"ms":0.01,"wi":47.83,"ei":6.0,"as":448.87,"mi":"E","mv":30534,"sc":1,"lpe":99.99,"lpr":5054.39,"lq":1.0,"d":839450},{"pi":"423626","pc":"Детские товары","ss":10000,"td":"Фешенебельный район","dc":1,"n":509.41,"vc":"4909","sl":"Элитный","sv":"1","p":25000.0,"q":6.06,"b":3.14,"ms":0.01,"wi":48.71,"ei":6.0,"as":450.0,"mi":"E","mv":16154,"sc":1,"lpe":99.99,"lpr":4791.78,"lq":1.0,"d":444000}]