[{"pi":"423628","pc":"Детские товары","ss":100000,"td":"Фешенебельный район","dc":1,"n":687.75,"vc":"308756","sl":"Элитный","sv":"35627","p":2565.0,"q":49.75,"b":3.97,"ms":16.49,"wi":30.29,"ei":4.47,"as":218.02,"mi":"E","mv":216114,"sc":1,"lpe":83.51,"lpr":549.8,"lq":1.01,"d":1584364},{"pi":"423628","pc":"Детские товары","ss":100000,"td":"Центр города","dc":1,"n":464.33,"vc":"408629","sl":"Элитный","sv":"7800","p":3300.0,"q":43.7,"b":3.0,"ms":0.89,"wi":43.34,"ei":6.78,"as":349.0,"mi":"E","mv":881187,"sc":1,"lpe":99.11,"lpr":1538.89,"lq":1.0,"d":7234440},{"pi":"423628","pc":"Детские товары","ss":100000,"td":"Фешенебельный район","dc":10,"n":426.23,"vc":"34432","sl":"Элитный","sv":"50","p":1200.0,"q":19.95,"b":0.0,"ms":0.03,"wi":36.38,"ei":6.43,"as":342.95,"mi":"E","mv":156928,"sc":1,"lpe":99.97,"lpr":551.01,"lq":1.0,"d":1297765},{"pi":"423628","pc":"Детские товары","ss":300000,"td":"Фешенебельный район","dc":1,"n":658.5,"vc":"908684","sl":"Элитный","sv":"120000","p":1591.0,"q":33.57,"b":0.0,"ms":14.52,"wi":24.52,"ei":5.02,"as":119.09,"mi":"E","mv":826634,"sc":1,"lpe":85.48,"lpr":534.73,"lq":1.0,"d":7434170},{"pi":"423628","pc":"Детские товары","ss":30000,"td":"Центр города","dc":1,"n":413.76,"vc":"62504","sl":"Элитный","sv":"4603","p":1800.0,"q":37.68,"b":0.0,"ms":2.96,"wi":19.05,"ei":5.34,"as":341.56,"mi":"E","mv":155375,"sc":1,"lpe":97.04,"lpr":545.18,"lq":1.0,"d":2069626},{"pi":"423628","pc":"Детские товары","ss":10000,"td":"Центр города","dc":1,"n":425.53,"vc":"26799","sl":"Элитный","sv":"507","p":2000.0,"q":37.64,"b":0.0,"ms":0.55,"wi":16.28,"ei":5.63,"as":227.31,"mi":"E","mv":92511,"sc":1,"lpe":99.45,"lpr":550.01,"lq":1.0,"d":1476711},{"pi":"423628","pc":"Детские товары","ss":10000,"td":"Центр города","dc":1,"n":414.59,"vc":"27884","sl":"Элитный","sv":"146","p":2200.0,"q":37.57,"b":0.0,"ms":0.44,"wi":11.53,"ei":6.04,"as":284.36,"mi":"E","mv":33118,"sc":1,"lpe":99.56,"lpr":547.25,"lq":1.0,"d":2083800},{"pi":"423628","pc":"Детские товары","ss":100000,"td":"Фешенебельный район","dc":2,"n":361.36,"vc":"19531","sl":"Элитный","sv":"984","p":4500.0,"q":39.65,"b":0.0,"ms":1.8,"wi":8.65,"ei":2.99,"as":101.57,"mi":"E","mv":54599,"sc":2,"lpe":96.72,"lpr":1029.54,"lq":1.0,"d":5694053},{"pi":"423628","pc":"Детские товары","ss":101000,"td":"Центр города","dc":1,"n":428.33,"vc":"249978","sl":"Элитный","sv":"805","p":4500.0,"q":20.01,"b":0.0,"ms":1.47,"wi":8.65,"ei":2.99,"as":101.57,"mi":"E","mv":54599,"sc":2,"lpe":96.72,"lpr":1029.54,"lq":1.0,"d":5694053},{"pi":"423628","pc":"Детские товары","ss":20000,"td":"Центр города","dc":1,"n":459.82,"vc":"67876","sl":"Очень высокий","sv":"65","p":8000.0,"q":27.56,"b":1.92,"ms":0.35,"wi":45.33,"ei":7.25,"as":769.5,"mi":"E","mv":18468,"sc":1,"lpe":99.65,"lpr":2713.1,"lq":1.0,"d":688452},{"pi":"423628","pc":"Детские товары","ss":100000,"td":"Центр города","dc":1,"n":295.44,"vc":"58776","sl":"Элитный","sv":"2216","p":6400.0,"q":24.4,"b":0.0,"ms":2.98,"wi":53.24,"ei":7.46,"as":830.0,"mi":"E","mv":74439,"sc":1,"lpe":97.02,"lpr":2605.33,"lq":1.0,"d":923206},{"pi":"423628","pc":"Детские товары","ss":10000,"td":"Центр города","dc":10,"n":53.24,"vc":"1229","sl":"Элитный","sv":"3","p":1000.0,"q":21.59,"b":0.0,"ms":0.03,"wi":3.47,"ei":13.8,"as":28.9,"mi":"E","mv":9195,"sc":1,"lpe":99.97,"lpr":551.46,"lq":1.0,"d":8451907},{"pi":"423628","pc":"Детские товары","ss":100000,"td":"Фешенебельный район","dc":1,"n":683.98,"vc":"256638","sl":"Элитный","sv":"8161","p":3913.0,"q":33.57,"b":0.0,"ms":7.47,"wi":40.83,"ei":9.69,"as":1126.51,"mi":"E","mv":109203,"sc":2,"lpe":92.44,"lpr":1311.81,"lq":1.02,"d":1239628},{"pi":"423628","pc":"Детские товары","ss":100000,"td":"Центр города","dc":10,"n":439.05,"vc":"243506","sl":"Низкий","sv":"100","p":1400.0,"q":19.95,"b":0.0,"ms":0.09,"wi":40.83,"ei":9.69,"as":1126.51,"mi":"E","mv":109203,"sc":2,"lpe":92.44,"lpr":1311.81,"lq":1.02,"d":1239628},{"pi":"423628","pc":"Детские товары","ss":100000,"td":"Центр города","dc":1,"n":474.37,"vc":"428403","sl":"Элитный","sv":"7800","p":3200.0,"q":43.7,"b":3.09,"ms":0.91,"wi":28.97,"ei":6.53,"as":314.5,"mi":"E","mv":854567,"sc":1,"lpe":99.09,"lpr":1320.41,"lq":1.0,"d":6283054},{"pi":"423628","pc":"Детские товары","ss":10000,"td":"Центр города","dc":10,"n":60.6,"vc":"1938","sl":"Очень высокий","sv":"4","p":900.0,"q":21.79,"b":0.0,"ms":0.0,"wi":27.47,"ei":6.52,"as":195.06,"mi":"E","mv":213701,"sc":1,"lpe":100.0,"lpr":1088.77,"lq":1.0,"d":2027308},{"pi":"423628","pc":"Детские товары","ss":1000,"td":"Центр города","dc":10,"n":117.36,"vc":"617","sl":"Низкий","sv":"3","p":2900.0,"q":21.92,"b":0.0,"ms":0.0,"wi":27.12,"ei":9.63,"as":608.12,"mi":"E","mv":64621,"sc":1,"lpe":100.0,"lpr":804.17,"lq":1.0,"d":987916},{"pi":"423628","pc":"Детские товары","ss":100000,"td":"Центр города","dc":1,"n":434.75,"vc":"205680","sl":"Элитный","sv":"5000","p":1900.0,"q":12.56,"b":0.0,"ms":1.8,"wi":35.81,"ei":6.77,"as":248.13,"mi":"E","mv":278361,"sc":1,"lpe":98.2,"lpr":997.06,"lq":1.0,"d":2293511},{"pi":"423628","pc":"Детские товары","ss":100000,"td":"Фешенебельный район","dc":1,"n":617.64,"vc":"178041","sl":"Элитный","sv":"33601","p":1713.0,"q":49.51,"b":3.74,"ms":14.57,"wi":36.64,"ei":11.26,"as":482.57,"mi":"E","mv":230571,"sc":2,"lpe":83.26,"lpr":547.05,"lq":1.01,"d":2255977},{"pi":"423628","pc":"Детские товары","ss":100000,"td":"Центр города","dc":1,"n":440.16,"vc":"215417","sl":"Элитный","sv":"5000","p":1700.0,"q":38.76,"b":2.61,"ms":2.17,"wi":36.64,"ei":11.26,"as":482.57,"mi":"E","mv":230571,"sc":2,"lpe":83.26,"lpr":547.05,"lq":1.01,"d":2255977},{"pi":"423628","pc":"Детские товары","ss":10000,"td":"Центр города","dc":10,"n":114.93,"vc":"1131","sl":"Элитный","sv":"10","p":2500.0,"q":19.95,"b":0.0,"ms":0.13,"wi":23.28,"ei":13.22,"as":2097.79,"mi":"E","mv":7759,"sc":1,"lpe":99.87,"lpr":2098.67,"lq":1.0,"d":332434},{"pi":"423628","pc":"Детские товары","ss":1000,"td":"Центр города","dc":1,"n":292.87,"vc":"2128","sl":"Очень высокий","sv":"7000","p":925.0,"q":12.56,"b":0.0,"ms":5.73,"wi":22.96,"ei":14.81,"as":273.81,"mi":"E","mv":122122,"sc":1,"lpe":94.27,"lpr":838.38,"lq":1.0,"d":2553554},{"pi":"423628","pc":"Детские товары","ss":600,"td":"Центр города","dc":1,"n":96.85,"vc":"624","sl":"Элитный","sv":"1","p":2700.0,"q":30.53,"b":0.0,"ms":0.0,"wi":20.32,"ei":4.43,"as":250.73,"mi":"E","mv":49421,"sc":1,"lpe":100.0,"lpr":579.56,"lq":1.0,"d":600363},{"pi":"423628","pc":"Детские товары","ss":1000,"td":"Центр города","dc":10,"n":85.37,"vc":"588","sl":"Нормальный","sv":"10","p":2700.0,"q":21.79,"b":0.0,"ms":0.01,"wi":26.12,"ei":5.63,"as":163.58,"mi":"E","mv":80596,"sc":1,"lpe":99.99,"lpr":1009.98,"lq":1.0,"d":948479},{"pi":"423628","pc":"Детские товары","ss":100000,"td":"Центр города","dc":1,"n":239.79,"vc":"20925","sl":"Элитный","sv":"1233","p":1800.0,"q":19.96,"b":0.0,"ms":1.41,"wi":21.09,"ei":7.3,"as":398.16,"mi":"E","mv":87322,"sc":1,"lpe":98.59,"lpr":897.64,"lq":1.0,"d":820224},{"pi":"423628","pc":"Детские товары","ss":130000,"td":"Центр города","dc":10,"n":418.96,"vc":"125772","sl":"Высокий","sv":"1200","p":1100.0,"q":19.95,"b":0.0,"ms":7.37,"wi":24.3,"ei":9.11,"as":651.15,"mi":"E","mv":16284,"sc":1,"lpe":92.63,"lpr":960.4,"lq":1.0,"d":151798},{"pi":"423628","pc":"Детские товары","ss":100000,"td":"Фешенебельный район","dc":1,"n":686.99,"vc":"272033","sl":"Элитный","sv":"15000","p":4120.0,"q":33.57,"b":0.0,"ms":13.78,"wi":42.09,"ei":11.41,"as":1006.65,"mi":"E","mv":108882,"sc":1,"lpe":86.22,"lpr":1242.58,"lq":1.07,"d":1126726},{"pi":"423628","pc":"Детские товары","ss":100000,"td":"Фешенебельный район","dc":1,"n":684.09,"vc":"205948","sl":"Элитный","sv":"12464","p":1692.0,"q":49.39,"b":3.31,"ms":16.89,"wi":22.05,"ei":8.06,"as":455.88,"mi":"E","mv":73810,"sc":1,"lpe":83.11,"lpr":538.78,"lq":1.05,"d":1147914},{"pi":"423628","pc":"Детские товары","ss":10000,"td":"Центр города","dc":1,"n":430.36,"vc":"23386","sl":"Элитный","sv":"20000","p":900.0,"q":12.56,"b":0.0,"ms":18.19,"wi":28.21,"ei":6.32,"as":381.06,"mi":"E","mv":109972,"sc":1,"lpe":81.81,"lpr":538.93,"lq":1.05,"d":903431},{"pi":"423628","pc":"Детские товары","ss":10000,"td":"Фешенебельный район","dc":1,"n":591.72,"vc":"19071","sl":"Элитный","sv":"58706","p":1922.0,"q":49.62,"b":3.41,"ms":12.23,"wi":32.56,"ei":9.23,"as":456.15,"mi":"E","mv":480136,"sc":2,"lpe":86.52,"lpr":537.65,"lq":1.04,"d":3767586},{"pi":"423628","pc":"Детские товары","ss":10000,"td":"Центр города","dc":2,"n":378.23,"vc":"26217","sl":"Очень высокий","sv":"6000","p":509.0,"q":12.56,"b":0.0,"ms":1.25,"wi":32.56,"ei":9.23,"as":456.15,"mi":"E","mv":480136,"sc":2,"lpe":86.52,"lpr":537.65,"lq":1.04,"d":3767586},{"pi":"423628","pc":"Детские товары","ss":100000,"td":"Центр города","dc":1,"n":356.59,"vc":"93551","sl":"Элитный","sv":"2000","p":2500.0,"q":42.23,"b":0.0,"ms":0.85,"wi":29.82,"ei":6.96,"as":304.48,"mi":"E","mv":235338,"sc":1,"lpe":99.15,"lpr":1080.58,"lq":1.0,"d":2067604},{"pi":"423628","pc":"Детские товары","ss":10000,"td":"Центр города","dc":4,"n":347.91,"vc":"11060","sl":"Очень высокий","sv":"500","p":2000.0,"q":19.74,"b":0.0,"ms":0.76,"wi":52.44,"ei":11.56,"as":1499.2,"mi":"E","mv":65529,"sc":1,"lpe":99.24,"lpr":2534.4,"lq":1.0,"d":607176},{"pi":"423628","pc":"Детские товары","ss":100000,"td":"Центр города","dc":1,"n":427.32,"vc":"344300","sl":"Элитный","sv":"7800","p":1250.0,"q":43.7,"b":2.69,"ms":0.53,"wi":22.82,"ei":5.29,"as":396.9,"mi":"E","mv":1482421,"sc":1,"lpe":99.47,"lpr":548.65,"lq":1.0,"d":12257756},{"pi":"423628","pc":"Детские товары","ss":110000,"td":"Центр города","dc":1,"n":52.38,"vc":"3487","sl":"Элитный","sv":"1616","p":500.0,"q":11.01,"b":0.34,"ms":2.17,"wi":20.81,"ei":10.68,"as":257.29,"mi":"E","mv":74494,"sc":1,"lpe":97.83,"lpr":549.85,"lq":1.0,"d":1241436},{"pi":"423628","pc":"Детские товары","ss":100000,"td":"Фешенебельный район","dc":10,"n":255.31,"vc":"8853","sl":"Элитный","sv":"400","p":1000.0,"q":19.95,"b":0.0,"ms":0.12,"wi":32.5,"ei":8.75,"as":394.01,"mi":"E","mv":330624,"sc":1,"lpe":99.88,"lpr":943.03,"lq":1.0,"d":2812406},{"pi":"423628","pc":"Детские товары","ss":3500,"td":"Центр города","dc":1,"n":417.19,"vc":"17700","sl":"Высокий","sv":"7","p":7554.0,"q":27.5,"b":2.14,"ms":0.0,"wi":49.54,"ei":10.29,"as":760.4,"mi":"E","mv":174394,"sc":1,"lpe":100.0,"lpr":2641.49,"lq":1.0,"d":1419772},{"pi":"423628","pc":"Детские товары","ss":11000,"td":"Фешенебельный район","dc":10,"n":469.19,"vc":"1186","sl":"Элитный","sv":"1","p":2601.75,"q":21.79,"b":0.0,"ms":0.09,"wi":8.54,"ei":5.89,"as":289.07,"mi":"E","mv":1063,"sc":1,"lpe":99.91,"lpr":551.78,"lq":1.0,"d":65873},{"pi":"423628","pc":"Детские товары","ss":200000,"td":"Центр города","dc":1,"n":440.05,"vc":"628922","sl":"Элитный","sv":"7800","p":3250.0,"q":43.7,"b":2.89,"ms":0.66,"wi":37.85,"ei":8.73,"as":677.93,"mi":"E","mv":1179124,"sc":2,"lpe":99.32,"lpr":1529.51,"lq":1.0,"d":8646844},{"pi":"423628","pc":"Детские товары","ss":22200,"td":"Центр города","dc":10,"n":230.33,"vc":"18567","sl":"Высокий","sv":"251","p":4197.33,"q":11.61,"b":0.0,"ms":0.02,"wi":37.85,"ei":8.73,"as":677.93,"mi":"E","mv":1179124,"sc":2,"lpe":99.32,"lpr":1529.51,"lq":1.0,"d":8646844},{"pi":"423628","pc":"Детские товары","ss":10000,"td":"Центр города","dc":10,"n":125.65,"vc":"3201","sl":"Низкий","sv":"5","p":1300.0,"q":21.79,"b":0.0,"ms":0.0,"wi":16.74,"ei":5.63,"as":170.47,"mi":"E","mv":266444,"sc":1,"lpe":100.0,"lpr":546.41,"lq":1.0,"d":1951465},{"pi":"423628","pc":"Детские товары","ss":1000,"td":"Фешенебельный район","dc":1,"n":254.77,"vc":"238","sl":"Элитный","sv":"84","p":2000.0,"q":17.42,"b":2.98,"ms":0.07,"wi":30.39,"ei":6.8,"as":316.62,"mi":"E","mv":112484,"sc":1,"lpe":99.93,"lpr":770.3,"lq":1.0,"d":1133980},{"pi":"423628","pc":"Детские товары","ss":100000,"td":"Центр города","dc":1,"n":349.03,"vc":"193536","sl":"Элитный","sv":"59180","p":3450.0,"q":39.7,"b":0.0,"ms":7.3,"wi":33.86,"ei":10.15,"as":292.02,"mi":"E","mv":810287,"sc":2,"lpe":91.73,"lpr":965.59,"lq":1.0,"d":6376122},{"pi":"423628","pc":"Детские товары","ss":200000,"td":"Центр города","dc":1,"n":471.37,"vc":"783025","sl":"Элитный","sv":"7800","p":3050.0,"q":43.7,"b":3.08,"ms":0.96,"wi":33.86,"ei":10.15,"as":292.02,"mi":"E","mv":810287,"sc":2,"lpe":91.73,"lpr":965.59,"lq":1.0,"d":6376122},{"pi":"423628","pc":"Детские товары","ss":300000,"td":"Фешенебельный район","dc":9,"n":316.52,"vc":"30244","sl":"Элитный","sv":"266","p":4000.0,"q":30.36,"b":0.0,"ms":0.05,"wi":54.32,"ei":11.9,"as":1548.35,"mi":"E","mv":560428,"sc":1,"lpe":99.95,"lpr":2957.26,"lq":1.0,"d":5522842},{"pi":"423628","pc":"Детские товары","ss":10000,"td":"Фешенебельный район","dc":1,"n":645.87,"vc":"22276","sl":"Элитный","sv":"15000","p":2282.0,"q":49.75,"b":3.86,"ms":5.88,"wi":27.38,"ei":6.29,"as":385.9,"mi":"E","mv":255005,"sc":2,"lpe":92.16,"lpr":551.49,"lq":1.0,"d":1869976},{"pi":"423628","pc":"Детские товары","ss":10000,"td":"Центр города","dc":1,"n":396.56,"vc":"23496","sl":"Элитный","sv":"5000","p":1500.0,"q":12.56,"b":0.0,"ms":1.96,"wi":27.38,"ei":6.29,"as":385.9,"mi":"E","mv":255005,"sc":2,"lpe":92.16,"lpr":551.49,"lq":1.0,"d":1869976},{"pi":"423628","pc":"Детские товары","ss":300000,"td":"Центр города","dc":1,"n":585.18,"vc":"2115065","sl":"Очень высокий","sv":"18242","p":4000.0,"q":55.09,"b":0.0,"ms":6.71,"wi":59.33,"ei":9.62,"as":1210.0,"mi":"E","mv":271725,"sc":2,"lpe":87.01,"lpr":1846.95,"lq":1.93,"d":2753006},{"pi":"423628","pc":"Детские товары","ss":300000,"td":"Фешенебельный район","dc":1,"n":671.76,"vc":"729056","sl":"Элитный","sv":"17054","p":4833.0,"q":21.83,"b":0.0,"ms":6.28,"wi":59.33,"ei":9.62,"as":1210.0,"mi":"E","mv":271725,"sc":2,"lpe":87.01,"lpr":1846.95,"lq":1.93,"d":2753006},{"pi":"423628","pc":"Детские товары","ss":200000,"td":"Центр города","dc":1,"n":393.83,"vc":"441003","sl":"Элитный","sv":"7800","p":2750.0,"q":43.7,"b":2.68,"ms":0.46,"wi":33.04,"ei":6.88,"as":461.89,"mi":"E","mv":1690236,"sc":1,"lpe":99.54,"lpr":1335.7,"lq":1.0,"d":12391712},{"pi":"423628","pc":"Детские товары","ss":100000,"td":"Центр города","dc":10,"n":466.38,"vc":"276468","sl":"Низкий","sv":"100","p":1250.0,"q":19.95,"b":0.0,"ms":0.11,"wi":31.95,"ei":6.2,"as":370.0,"mi":"E","mv":93092,"sc":1,"lpe":99.89,"lpr":896.18,"lq":1.0,"d":703091},{"pi":"423628","pc":"Детские товары","ss":111000,"td":"Фешенебельный район","dc":1,"n":453.69,"vc":"27483","sl":"Элитный","sv":"563","p":400.0,"q":17.73,"b":0.35,"ms":1.21,"wi":14.34,"ei":3.6,"as":108.57,"mi":"E","mv":46382,"sc":1,"lpe":98.79,"lpr":546.63,"lq":1.0,"d":852188},{"pi":"423628","pc":"Детские товары","ss":100000,"td":"Фешенебельный район","dc":1,"n":684.1,"vc":"387339","sl":"Элитный","sv":"37622","p":2572.0,"q":49.66,"b":3.63,"ms":8.74,"wi":30.38,"ei":5.96,"as":358.17,"mi":"E","mv":430350,"sc":1,"lpe":91.26,"lpr":541.37,"lq":1.02,"d":3347758},{"pi":"423628","pc":"Детские товары","ss":300000,"td":"Фешенебельный район","dc":1,"n":671.92,"vc":"1318739","sl":"Элитный","sv":"12082","p":14000.0,"q":49.37,"b":4.24,"ms":0.59,"wi":53.02,"ei":6.8,"as":488.79,"mi":"E","mv":2032522,"sc":3,"lpe":99.02,"lpr":2630.22,"lq":1.0,"d":14905102},{"pi":"423628","pc":"Детские товары","ss":100000,"td":"Центр города","dc":1,"n":413.89,"vc":"324034","sl":"Элитный","sv":"7800","p":4000.0,"q":43.7,"b":2.58,"ms":0.38,"wi":53.02,"ei":6.8,"as":488.79,"mi":"E","mv":2032522,"sc":3,"lpe":99.02,"lpr":2630.22,"lq":1.0,"d":14905102},{"pi":"423628","pc":"Детские товары","ss":100000,"td":"Центр города","dc":1,"n":152.14,"vc":"26153","sl":"Элитный","sv":"70","p":12000.0,"q":25.53,"b":0.0,"ms":0.0,"wi":53.02,"ei":6.8,"as":488.79,"mi":"E","mv":2032522,"sc":3,"lpe":99.02,"lpr":2630.22,"lq":1.0,"d":14905102},{"pi":"423628","pc":"Детские товары","ss":10100,"td":"Центр города","dc":6,"n":74.56,"vc":"2228","sl":"Элитный","sv":"23","p":1527.0,"q":2.83,"b":0.0,"ms":0.01,"wi":35.76,"ei":7.33,"as":277.72,"mi":"E","mv":271178,"sc":1,"lpe":99.99,"lpr":1227.01,"lq":1.0,"d":1988574},{"pi":"423628","pc":"Детские товары","ss":1000,"td":"Центр города","dc":1,"n":275.72,"vc":"1994","sl":"Очень высокий","sv":"366","p":3500.0,"q":19.95,"b":0.0,"ms":1.21,"wi":36.79,"ei":5.82,"as":480.0,"mi":"E","mv":30261,"sc":1,"lpe":98.79,"lpr":1433.53,"lq":1.0,"d":322196},{"pi":"423628","pc":"Детские товары","ss":100000,"td":"Центр города","dc":10,"n":466.08,"vc":"276082","sl":"Низкий","sv":"10","p":1270.0,"q":19.95,"b":0.0,"ms":0.01,"wi":29.28,"ei":6.74,"as":380.0,"mi":"E","mv":95503,"sc":1,"lpe":99.99,"lpr":861.03,"lq":1.0,"d":744426},{"pi":"423628","pc":"Детские товары","ss":30000,"td":"Спальный район","dc":1,"n":431.44,"vc":"46281","sl":"Элитный","sv":"500","p":11000.0,"q":25.36,"b":0.0,"ms":0.84,"wi":57.59,"ei":9.91,"as":1400.0,"mi":"E","mv":59872,"sc":1,"lpe":99.16,"lpr":4860.4,"lq":1.0,"d":1306224},{"pi":"423628","pc":"Детские товары","ss":1000,"td":"Центр города","dc":1,"n":147.05,"vc":"730","sl":"Элитный","sv":"40","p":3733.22,"q":20.79,"b":0.0,"ms":0.56,"wi":31.73,"ei":6.43,"as":492.27,"mi":"E","mv":7161,"sc":1,"lpe":99.44,"lpr":1403.76,"lq":1.0,"d":145874},{"pi":"423628","pc":"Детские товары","ss":100000,"td":"Фешенебельный район","dc":1,"n":673.52,"vc":"223246","sl":"Элитный","sv":"15243","p":2624.0,"q":49.75,"b":4.34,"ms":12.12,"wi":52.27,"ei":6.17,"as":538.8,"mi":"E","mv":125800,"sc":1,"lpe":87.88,"lpr":547.83,"lq":1.04,"d":927421},{"pi":"423628","pc":"Детские товары","ss":100000,"td":"Фешенебельный район","dc":1,"n":661.51,"vc":"278227","sl":"Элитный","sv":"32473","p":2515.0,"q":49.52,"b":3.69,"ms":12.45,"wi":21.39,"ei":8.99,"as":227.42,"mi":"E","mv":260929,"sc":1,"lpe":87.55,"lpr":549.64,"lq":1.0,"d":2557429},{"pi":"423628","pc":"Детские товары","ss":16000,"td":"Центр города","dc":10,"n":154.42,"vc":"7857","sl":"Очень высокий","sv":"2","p":3692.23,"q":17.8,"b":0.0,"ms":0.0,"wi":27.63,"ei":5.96,"as":119.21,"mi":"E","mv":781355,"sc":1,"lpe":100.0,"lpr":929.32,"lq":1.0,"d":6921520},{"pi":"423628","pc":"Детские товары","ss":100000,"td":"Центр города","dc":10,"n":482.49,"vc":"298288","sl":"Низкий","sv":"50","p":1050.0,"q":19.95,"b":0.0,"ms":0.07,"wi":32.47,"ei":6.41,"as":544.52,"mi":"E","mv":70027,"sc":1,"lpe":99.93,"lpr":1265.42,"lq":1.0,"d":561077}]