[{"pi":"303308","pc":"Товары для дома","ss":100000,"td":"Центр города","dc":2,"n":513.71,"vc":"363898","sl":"Очень высокий","sv":"1000","p":1400.0,"q":102.09,"b":0.0,"ms":4.88,"wi":23.48,"ei":8.4,"as":185.05,"mi":"E","mv":20494,"sc":1,"lpe":95.12,"lpr":1187.01,"lq":1.0,"d":419938},{"pi":"303308","pc":"Товары для дома","ss":10000,"td":"Центр города","dc":2,"n":185.67,"vc":"4858","sl":"Элитный","sv":"5000","p":3999.0,"q":34.34,"b":0.0,"ms":1.15,"wi":66.51,"ei":8.76,"as":347.78,"mi":"E","mv":434979,"sc":1,"lpe":98.85,"lpr":3846.17,"lq":1.0,"d":1784134},{"pi":"303308","pc":"Товары для дома","ss":1800,"td":"Центр города","dc":6,"n":313.06,"vc":"4869","sl":"Низкий","sv":"356","p":4190.0,"q":1.5,"b":0.0,"ms":1.34,"wi":88.65,"ei":9.17,"as":926.04,"mi":"E","mv":26572,"sc":1,"lpe":98.66,"lpr":5301.64,"lq":1.0,"d":802320},{"pi":"303308","pc":"Товары для дома","ss":1500,"td":"Центр города","dc":6,"n":371.1,"vc":"5733","sl":"Очень низкий","sv":"407","p":7100.0,"q":2.06,"b":0.0,"ms":3.28,"wi":61.68,"ei":8.89,"as":806.78,"mi":"E","mv":12403,"sc":1,"lpe":96.72,"lpr":7249.43,"lq":1.0,"d":659952},{"pi":"303308","pc":"Товары для дома","ss":100000,"td":"Фешенебельный район","dc":1,"n":0.0,"vc":"666","sl":"Элитный","sv":"922","p":11145.12,"q":27.24,"b":0.0,"ms":1.09,"wi":41.17,"ei":8.83,"as":225.06,"mi":"E","mv":84862,"sc":1,"lpe":98.91,"lpr":2696.73,"lq":1.0,"d":1925822},{"pi":"303308","pc":"Товары для дома","ss":100000,"td":"Центр города","dc":1,"n":617.65,"vc":"632818","sl":"Высокий","sv":"88","p":15000.0,"q":86.25,"b":4.99,"ms":0.89,"wi":52.67,"ei":9.57,"as":1379.15,"mi":"E","mv":9899,"sc":1,"lpe":99.11,"lpr":1323.62,"lq":1.0,"d":373884},{"pi":"303308","pc":"Товары для дома","ss":10000,"td":"Центр города","dc":2,"n":311.12,"vc":"5535","sl":"Элитный","sv":"4000","p":1399.0,"q":34.34,"b":0.0,"ms":20.45,"wi":24.79,"ei":5.22,"as":302.26,"mi":"E","mv":19562,"sc":1,"lpe":79.55,"lpr":567.49,"lq":1.06,"d":182800},{"pi":"303308","pc":"Товары для дома","ss":10000,"td":"Центр города","dc":2,"n":289.61,"vc":"5364","sl":"Элитный","sv":"3000","p":1499.0,"q":34.34,"b":0.0,"ms":17.02,"wi":43.59,"ei":7.31,"as":476.27,"mi":"E","mv":17626,"sc":1,"lpe":82.98,"lpr":1375.3,"lq":1.47,"d":263256},{"pi":"303308","pc":"Товары для дома","ss":10000,"td":"Центр города","dc":2,"n":250.37,"vc":"5088","sl":"Элитный","sv":"4000","p":4999.0,"q":34.34,"b":0.0,"ms":31.6,"wi":60.54,"ei":6.77,"as":450.24,"mi":"E","mv":12657,"sc":1,"lpe":68.4,"lpr":2164.14,"lq":2.31,"d":518786},{"pi":"303308","pc":"Товары для дома","ss":100000,"td":"Центр города","dc":1,"n":426.48,"vc":"507448","sl":"Очень высокий","sv":"130615","p":9000.0,"q":115.65,"b":0.0,"ms":27.99,"wi":89.7,"ei":7.81,"as":615.72,"mi":"E","mv":466649,"sc":2,"lpe":70.61,"lpr":2575.79,"lq":2.93,"d":11929900},{"pi":"303308","pc":"Товары для дома","ss":100000,"td":"Центр города","dc":1,"n":0.0,"vc":"5602","sl":"Элитный","sv":"6535","p":4121.08,"q":27.48,"b":0.0,"ms":1.4,"wi":89.7,"ei":7.81,"as":615.72,"mi":"E","mv":466649,"sc":2,"lpe":70.61,"lpr":2575.79,"lq":2.93,"d":11929900},{"pi":"303308","pc":"Товары для дома","ss":10000,"td":"Центр города","dc":2,"n":249.21,"vc":"5081","sl":"Элитный","sv":"5000","p":999.0,"q":34.34,"b":0.0,"ms":9.71,"wi":48.51,"ei":15.71,"as":380.15,"mi":"E","mv":51511,"sc":1,"lpe":90.29,"lpr":756.49,"lq":1.0,"d":545196},{"pi":"303308","pc":"Товары для дома","ss":20000,"td":"Центр города","dc":2,"n":219.22,"vc":"7291","sl":"Элитный","sv":"4276","p":6899.0,"q":34.08,"b":0.0,"ms":5.41,"wi":56.24,"ei":7.07,"as":380.48,"mi":"E","mv":79106,"sc":1,"lpe":94.59,"lpr":1400.25,"lq":1.0,"d":917721},{"pi":"303308","pc":"Товары для дома","ss":10000,"td":"Центр города","dc":1,"n":445.51,"vc":"26809","sl":"Элитный","sv":"118","p":16400.0,"q":33.93,"b":0.0,"ms":1.7,"wi":17.71,"ei":7.81,"as":93.95,"mi":"E","mv":6944,"sc":1,"lpe":98.3,"lpr":1878.75,"lq":1.0,"d":969146},{"pi":"303308","pc":"Товары для дома","ss":200000,"td":"Центр города","dc":6,"n":406.25,"vc":"490870","sl":"Нормальный","sv":"51108","p":35000.0,"q":27.39,"b":0.0,"ms":39.86,"wi":166.72,"ei":9.88,"as":2625.25,"mi":"E","mv":128218,"sc":1,"lpe":60.14,"lpr":12058.68,"lq":9.5,"d":11635600},{"pi":"303308","pc":"Товары для дома","ss":100000,"td":"Центр города","dc":1,"n":430.72,"vc":"513780","sl":"Очень высокий","sv":"365251","p":800.0,"q":115.27,"b":0.0,"ms":30.0,"wi":48.27,"ei":9.23,"as":380.0,"mi":"D","mv":1217504,"sc":2,"lpe":45.36,"lpr":621.32,"lq":1.08,"d":11000140},{"pi":"303308","pc":"Товары для дома","ss":140000,"td":"Фешенебельный район","dc":2,"n":505.99,"vc":"217478","sl":"Элитный","sv":"300000","p":700.0,"q":102.09,"b":0.0,"ms":24.64,"wi":48.27,"ei":9.23,"as":380.0,"mi":"D","mv":1217504,"sc":2,"lpe":45.36,"lpr":621.32,"lq":1.08,"d":11000140},{"pi":"303308","pc":"Товары для дома","ss":100000,"td":"Центр города","dc":1,"n":0.0,"vc":"3436","sl":"Элитный","sv":"8991","p":1654.0,"q":27.13,"b":0.0,"ms":11.28,"wi":60.31,"ei":7.67,"as":446.7,"mi":"E","mv":79724,"sc":1,"lpe":88.72,"lpr":8069.68,"lq":4.56,"d":2952988},{"pi":"303308","pc":"Товары для дома","ss":100000,"td":"Центр города","dc":1,"n":543.29,"vc":"424517","sl":"Элитный","sv":"454","p":100000.0,"q":108.33,"b":0.0,"ms":1.9,"wi":131.02,"ei":10.25,"as":2441.4,"mi":"E","mv":23950,"sc":1,"lpe":98.1,"lpr":11304.32,"lq":1.0,"d":921618},{"pi":"303308","pc":"Товары для дома","ss":1700,"td":"Центр города","dc":5,"n":58.2,"vc":"2086","sl":"Нормальный","sv":"209","p":3970.0,"q":1.39,"b":0.0,"ms":0.1,"wi":57.37,"ei":10.06,"as":176.05,"mi":"E","mv":199692,"sc":1,"lpe":99.9,"lpr":4056.28,"lq":1.0,"d":4433298},{"pi":"303308","pc":"Товары для дома","ss":1500,"td":"Центр города","dc":6,"n":111.35,"vc":"2596","sl":"Низкий","sv":"844","p":6450.0,"q":16.13,"b":0.0,"ms":0.4,"wi":65.33,"ei":8.99,"as":361.0,"mi":"E","mv":210456,"sc":1,"lpe":99.6,"lpr":6546.07,"lq":1.0,"d":5583100},{"pi":"303308","pc":"Товары для дома","ss":300000,"td":"Фешенебельный район","dc":9,"n":497.37,"vc":"140384","sl":"Элитный","sv":"220","p":41688.7,"q":67.35,"b":0.0,"ms":0.27,"wi":171.48,"ei":10.04,"as":2283.46,"mi":"E","mv":82982,"sc":2,"lpe":99.66,"lpr":7868.31,"lq":1.0,"d":2986744},{"pi":"303308","pc":"Товары для дома","ss":1500,"td":"Центр города","dc":6,"n":80.53,"vc":"1738","sl":"Нормальный","sv":"64","p":7900.0,"q":1.5,"b":0.0,"ms":0.08,"wi":171.48,"ei":10.04,"as":2283.46,"mi":"E","mv":82982,"sc":2,"lpe":99.66,"lpr":7868.31,"lq":1.0,"d":2986744},{"pi":"303308","pc":"Товары для дома","ss":1600,"td":"Центр города","dc":6,"n":50.19,"vc":"1318","sl":"Высокий","sv":"210","p":12430.0,"q":5.38,"b":0.0,"ms":0.37,"wi":125.88,"ei":10.29,"as":1744.48,"mi":"E","mv":56050,"sc":2,"lpe":99.6,"lpr":12533.99,"lq":1.0,"d":2094907},{"pi":"303308","pc":"Товары для дома","ss":300000,"td":"Фешенебельный район","dc":10,"n":536.81,"vc":"181132","sl":"Очень высокий","sv":"17","p":101931.09,"q":67.34,"b":0.0,"ms":0.03,"wi":125.88,"ei":10.29,"as":1744.48,"mi":"E","mv":56050,"sc":2,"lpe":99.6,"lpr":12533.99,"lq":1.0,"d":2094907},{"pi":"303308","pc":"Товары для дома","ss":1500,"td":"Центр города","dc":6,"n":101.59,"vc":"1662","sl":"Нормальный","sv":"91","p":31600.0,"q":2.23,"b":0.0,"ms":0.18,"wi":172.43,"ei":9.83,"as":2165.58,"mi":"E","mv":51904,"sc":1,"lpe":99.82,"lpr":31695.42,"lq":1.0,"d":1838430},{"pi":"303308","pc":"Товары для дома","ss":1400,"td":"Центр города","dc":6,"n":125.63,"vc":"1780","sl":"Нормальный","sv":"77","p":30280.0,"q":1.94,"b":0.0,"ms":0.17,"wi":179.63,"ei":10.34,"as":2350.25,"mi":"E","mv":46375,"sc":1,"lpe":99.83,"lpr":31286.49,"lq":1.0,"d":1641016},{"pi":"303308","pc":"Товары для дома","ss":1500,"td":"Центр города","dc":6,"n":136.0,"vc":"2000","sl":"Нормальный","sv":"148","p":4280.0,"q":1.5,"b":0.0,"ms":0.95,"wi":30.44,"ei":9.91,"as":236.21,"mi":"E","mv":15645,"sc":1,"lpe":99.05,"lpr":4283.74,"lq":1.0,"d":721000},{"pi":"303308","pc":"Товары для дома","ss":1400,"td":"Центр города","dc":6,"n":294.68,"vc":"3684","sl":"Низкий","sv":"114","p":5370.0,"q":1.5,"b":0.0,"ms":0.51,"wi":41.15,"ei":10.19,"as":294.5,"mi":"E","mv":22401,"sc":1,"lpe":99.49,"lpr":5383.05,"lq":1.0,"d":765700},{"pi":"303308","pc":"Товары для дома","ss":1500,"td":"Центр города","dc":6,"n":186.32,"vc":"2390","sl":"Низкий","sv":"108","p":5350.0,"q":1.38,"b":0.0,"ms":0.36,"wi":38.12,"ei":9.89,"as":297.83,"mi":"E","mv":30241,"sc":1,"lpe":99.64,"lpr":5352.43,"lq":1.0,"d":1236300},{"pi":"303308","pc":"Товары для дома","ss":10000,"td":"Фешенебельный район","dc":1,"n":655.78,"vc":"26280","sl":"Элитный","sv":"5000","p":6400.0,"q":102.09,"b":0.0,"ms":15.03,"wi":62.3,"ei":8.39,"as":427.4,"mi":"E","mv":33277,"sc":1,"lpe":84.97,"lpr":1835.87,"lq":2.12,"d":763752},{"pi":"303308","pc":"Товары для дома","ss":100000,"td":"Центр города","dc":1,"n":471.94,"vc":"198677","sl":"Элитный","sv":"1700","p":2500.0,"q":33.93,"b":0.65,"ms":4.75,"wi":59.42,"ei":8.65,"as":472.08,"mi":"E","mv":35827,"sc":1,"lpe":95.25,"lpr":4697.31,"lq":1.0,"d":747777},{"pi":"303308","pc":"Товары для дома","ss":10000,"td":"Фешенебельный район","dc":1,"n":649.67,"vc":"15190","sl":"Элитный","sv":"4000","p":1900.0,"q":102.09,"b":0.0,"ms":7.52,"wi":74.7,"ei":8.57,"as":440.17,"mi":"E","mv":53190,"sc":1,"lpe":92.48,"lpr":1879.33,"lq":1.0,"d":577936},{"pi":"303308","pc":"Товары для дома","ss":100000,"td":"Центр города","dc":1,"n":0.0,"vc":"3502","sl":"Элитный","sv":"1000","p":4279.6,"q":29.67,"b":0.0,"ms":0.86,"wi":69.95,"ei":8.74,"as":537.58,"mi":"E","mv":116712,"sc":1,"lpe":99.14,"lpr":1923.16,"lq":1.0,"d":978886},{"pi":"303308","pc":"Товары для дома","ss":10000,"td":"Фешенебельный район","dc":1,"n":621.63,"vc":"14883","sl":"Элитный","sv":"5000","p":1800.0,"q":102.09,"b":0.0,"ms":3.4,"wi":81.87,"ei":13.22,"as":341.21,"mi":"E","mv":146951,"sc":2,"lpe":96.5,"lpr":994.64,"lq":1.0,"d":986148},{"pi":"303308","pc":"Товары для дома","ss":1000,"td":"Центр города","dc":1,"n":108.06,"vc":"764","sl":"Элитный","sv":"140","p":1820.0,"q":33.93,"b":0.0,"ms":0.1,"wi":81.87,"ei":13.22,"as":341.21,"mi":"E","mv":146951,"sc":2,"lpe":96.5,"lpr":994.64,"lq":1.0,"d":986148},{"pi":"303308","pc":"Товары для дома","ss":100000,"td":"Центр города","dc":1,"n":0.0,"vc":"2557","sl":"Элитный","sv":"5000","p":4489.4,"q":25.4,"b":0.0,"ms":3.5,"wi":62.59,"ei":7.65,"as":519.76,"mi":"E","mv":142954,"sc":2,"lpe":95.45,"lpr":1806.26,"lq":1.0,"d":1269608},{"pi":"303308","pc":"Товары для дома","ss":100000,"td":"Центр города","dc":1,"n":434.64,"vc":"167050","sl":"Элитный","sv":"1500","p":821.0,"q":33.93,"b":0.65,"ms":1.05,"wi":62.59,"ei":7.65,"as":519.76,"mi":"E","mv":142954,"sc":2,"lpe":95.45,"lpr":1806.26,"lq":1.0,"d":1269608},{"pi":"303308","pc":"Товары для дома","ss":10000,"td":"Центр города","dc":2,"n":332.3,"vc":"5766","sl":"Элитный","sv":"4000","p":1099.0,"q":34.34,"b":0.0,"ms":36.19,"wi":34.18,"ei":9.16,"as":412.47,"mi":"E","mv":11053,"sc":1,"lpe":63.81,"lpr":883.74,"lq":1.11,"d":131326},{"pi":"303308","pc":"Товары для дома","ss":100000,"td":"Фешенебельный район","dc":1,"n":0.0,"vc":"448","sl":"Элитный","sv":"3133","p":2000.0,"q":27.13,"b":0.0,"ms":4.0,"wi":24.79,"ei":9.26,"as":119.81,"mi":"E","mv":78381,"sc":1,"lpe":96.0,"lpr":1797.78,"lq":1.0,"d":1974278},{"pi":"303308","pc":"Товары для дома","ss":140000,"td":"Фешенебельный район","dc":3,"n":680.06,"vc":"406940","sl":"Очень высокий","sv":"10000","p":635.0,"q":102.09,"b":0.0,"ms":17.72,"wi":15.13,"ei":7.39,"as":79.72,"mi":"E","mv":56436,"sc":1,"lpe":82.28,"lpr":771.5,"lq":1.04,"d":1459242},{"pi":"303308","pc":"Товары для дома","ss":100000,"td":"Центр города","dc":1,"n":428.98,"vc":"250130","sl":"Элитный","sv":"20000","p":5000.0,"q":99.26,"b":3.27,"ms":3.84,"wi":51.27,"ei":6.64,"as":370.86,"mi":"E","mv":521307,"sc":2,"lpe":96.08,"lpr":1877.29,"lq":1.0,"d":4700000},{"pi":"303308","pc":"Товары для дома","ss":300000,"td":"Фешенебельный район","dc":9,"n":477.82,"vc":"136343","sl":"Элитный","sv":"420","p":10315.46,"q":67.34,"b":0.0,"ms":0.08,"wi":51.27,"ei":6.64,"as":370.86,"mi":"E","mv":521307,"sc":2,"lpe":96.08,"lpr":1877.29,"lq":1.0,"d":4700000},{"pi":"303308","pc":"Товары для дома","ss":100000,"td":"Центр города","dc":2,"n":350.69,"vc":"161688","sl":"Элитный","sv":"65301","p":7226.48,"q":32.38,"b":0.0,"ms":74.04,"wi":187.03,"ei":10.4,"as":1951.81,"mi":"D","mv":88199,"sc":1,"lpe":25.96,"lpr":2359.63,"lq":14.98,"d":3644912},{"pi":"303308","pc":"Товары для дома","ss":100000,"td":"Фешенебельный район","dc":2,"n":683.06,"vc":"316064","sl":"Очень высокий","sv":"10000","p":1600.0,"q":102.09,"b":0.0,"ms":46.54,"wi":63.23,"ei":7.28,"as":458.84,"mi":"E","mv":21487,"sc":2,"lpe":50.25,"lpr":2895.71,"lq":3.09,"d":605030},{"pi":"303308","pc":"Товары для дома","ss":10000,"td":"Центр города","dc":1,"n":346.11,"vc":"10900","sl":"Элитный","sv":"690","p":1800.0,"q":33.93,"b":0.0,"ms":3.21,"wi":63.23,"ei":7.28,"as":458.84,"mi":"E","mv":21487,"sc":2,"lpe":50.25,"lpr":2895.71,"lq":3.09,"d":605030},{"pi":"303308","pc":"Товары для дома","ss":100000,"td":"Центр города","dc":1,"n":439.62,"vc":"275948","sl":"Очень высокий","sv":"17000","p":4000.0,"q":105.96,"b":1.11764705882353,"ms":9.53,"wi":24.25,"ei":10.6,"as":108.15,"mi":"E","mv":178334,"sc":1,"lpe":90.47,"lpr":754.38,"lq":1.0,"d":4645810},{"pi":"303308","pc":"Товары для дома","ss":100000,"td":"Фешенебельный район","dc":1,"n":487.17,"vc":"121446","sl":"Элитный","sv":"20000","p":6000.0,"q":102.09,"b":0.0,"ms":4.68,"wi":77.84,"ei":9.4,"as":711.83,"mi":"E","mv":427534,"sc":1,"lpe":95.32,"lpr":5361.46,"lq":1.0,"d":8555500},{"pi":"303308","pc":"Товары для дома","ss":100000,"td":"Центр города","dc":1,"n":418.95,"vc":"503574","sl":"Очень высокий","sv":"252155","p":1700.0,"q":115.27,"b":0.53,"ms":30.0,"wi":35.98,"ei":8.28,"as":251.65,"mi":"E","mv":840519,"sc":2,"lpe":69.85,"lpr":800.12,"lq":1.0,"d":14352508},{"pi":"303308","pc":"Товары для дома","ss":100000,"td":"Центр города","dc":1,"n":87.17,"vc":"13819","sl":"Элитный","sv":"1300","p":357.0,"q":33.93,"b":0.0,"ms":0.15,"wi":35.98,"ei":8.28,"as":251.65,"mi":"E","mv":840519,"sc":2,"lpe":69.85,"lpr":800.12,"lq":1.0,"d":14352508},{"pi":"303308","pc":"Товары для дома","ss":100000,"td":"Фешенебельный район","dc":2,"n":680.12,"vc":"201009","sl":"Элитный","sv":"2000","p":2700.0,"q":102.09,"b":0.0,"ms":20.94,"wi":53.32,"ei":5.83,"as":456.83,"mi":"E","mv":9552,"sc":1,"lpe":79.06,"lpr":1618.79,"lq":1.74,"d":180000},{"pi":"303308","pc":"Товары для дома","ss":1500,"td":"Центр города","dc":6,"n":125.92,"vc":"1569","sl":"Нормальный","sv":"109","p":17200.0,"q":2.82,"b":0.0,"ms":0.51,"wi":151.97,"ei":10.65,"as":2047.83,"mi":"E","mv":21434,"sc":1,"lpe":99.49,"lpr":17501.95,"lq":1.0,"d":1034298},{"pi":"303308","pc":"Товары для дома","ss":1500,"td":"Центр города","dc":6,"n":126.0,"vc":"1530","sl":"Нормальный","sv":"193","p":11600.0,"q":5.42,"b":0.0,"ms":1.6,"wi":121.0,"ei":10.2,"as":2182.56,"mi":"E","mv":12093,"sc":1,"lpe":98.4,"lpr":11638.52,"lq":1.0,"d":961541},{"pi":"303308","pc":"Товары для дома","ss":1600,"td":"Центр города","dc":6,"n":146.4,"vc":"1962","sl":"Нормальный","sv":"89","p":42170.0,"q":2.11,"b":0.0,"ms":0.27,"wi":245.02,"ei":10.09,"as":2433.57,"mi":"E","mv":32798,"sc":1,"lpe":99.73,"lpr":42256.56,"lq":1.0,"d":1262376},{"pi":"303308","pc":"Товары для дома","ss":10000,"td":"Центр города","dc":1,"n":90.35,"vc":"3015","sl":"Элитный","sv":"360","p":6240.0,"q":33.93,"b":0.0,"ms":0.26,"wi":29.93,"ei":6.58,"as":133.91,"mi":"E","mv":135950,"sc":1,"lpe":99.74,"lpr":2432.32,"lq":1.0,"d":3420282}]