[{"pi":"423861","pc":"Бакалея","ss":500,"td":"Фешенебельный район","dc":1,"n":47.74,"vc":"82","sl":"Элитный","sv":"100","p":1800.0,"q":19.42,"b":0.0,"ms":0.02,"wi":23.65,"ei":5.0,"as":139.18,"mi":"E","mv":511619,"sc":1,"lpe":99.98,"lpr":610.72,"lq":1.0,"d":2500000},{"pi":"423861","pc":"Бакалея","ss":100000,"td":"Фешенебельный район","dc":1,"n":687.75,"vc":"308756","sl":"Элитный","sv":"130922","p":2700.0,"q":25.55,"b":3.97,"ms":22.72,"wi":30.29,"ei":4.47,"as":218.02,"mi":"E","mv":576296,"sc":1,"lpe":77.28,"lpr":544.71,"lq":2.75,"d":1584364},{"pi":"423861","pc":"Бакалея","ss":110000,"td":"Окраина","dc":4,"n":180.84,"vc":"15975","sl":"Элитный","sv":"10000","p":1350.0,"q":19.44,"b":0.0,"ms":1.51,"wi":28.26,"ei":4.9,"as":220.29,"mi":"E","mv":664387,"sc":2,"lpe":98.49,"lpr":647.31,"lq":1.0,"d":1918594},{"pi":"423861","pc":"Бакалея","ss":5000,"td":"Центр города","dc":2,"n":38.89,"vc":"1271","sl":"Элитный","sv":"2","p":2169.0,"q":7.29,"b":0.0,"ms":0.0,"wi":28.26,"ei":4.9,"as":220.29,"mi":"E","mv":664387,"sc":2,"lpe":98.49,"lpr":647.31,"lq":1.0,"d":1918594},{"pi":"423861","pc":"Бакалея","ss":300000,"td":"Фешенебельный район","dc":1,"n":676.48,"vc":"1069771","sl":"Элитный","sv":"192602","p":2657.0,"q":27.31,"b":0.0,"ms":7.97,"wi":43.34,"ei":6.78,"as":349.0,"mi":"E","mv":2417371,"sc":1,"lpe":92.03,"lpr":542.71,"lq":1.0,"d":7234440},{"pi":"423861","pc":"Бакалея","ss":100000,"td":"Фешенебельный район","dc":1,"n":644.32,"vc":"349323","sl":"Элитный","sv":"160000","p":2252.0,"q":25.65,"b":3.16,"ms":14.01,"wi":24.52,"ei":5.02,"as":119.09,"mi":"E","mv":1142087,"sc":2,"lpe":85.99,"lpr":476.43,"lq":1.98,"d":7434170},{"pi":"423861","pc":"Бакалея","ss":20000,"td":"Центр города","dc":2,"n":33.06,"vc":"3416","sl":"Элитный","sv":"1","p":700.0,"q":8.13,"b":0.0,"ms":0.0,"wi":24.52,"ei":5.02,"as":119.09,"mi":"E","mv":1142087,"sc":2,"lpe":85.99,"lpr":476.43,"lq":1.98,"d":7434170},{"pi":"423861","pc":"Бакалея","ss":300000,"td":"Фешенебельный район","dc":1,"n":673.83,"vc":"923338","sl":"Элитный","sv":"150189","p":2503.0,"q":25.48,"b":3.16,"ms":15.89,"wi":20.05,"ei":2.21,"as":72.07,"mi":"E","mv":945303,"sc":1,"lpe":84.11,"lpr":474.34,"lq":1.6,"d":5107770},{"pi":"423861","pc":"Бакалея","ss":50000,"td":"Центр города","dc":2,"n":121.17,"vc":"8058","sl":"Очень высокий","sv":"1","p":700.0,"q":8.13,"b":0.0,"ms":0.0,"wi":6.48,"ei":2.33,"as":38.73,"mi":"E","mv":93481,"sc":1,"lpe":100.0,"lpr":487.03,"lq":1.0,"d":4132191},{"pi":"423861","pc":"Бакалея","ss":50000,"td":"Центр города","dc":2,"n":120.76,"vc":"8075","sl":"Низкий","sv":"1","p":700.0,"q":8.13,"b":0.0,"ms":0.0,"wi":14.51,"ei":2.4,"as":68.36,"mi":"E","mv":226907,"sc":1,"lpe":100.0,"lpr":694.31,"lq":1.0,"d":3279454},{"pi":"423861","pc":"Бакалея","ss":100000,"td":"Фешенебельный район","dc":1,"n":675.31,"vc":"280802","sl":"Элитный","sv":"62811","p":2129.0,"q":26.67,"b":3.93,"ms":12.11,"wi":39.06,"ei":10.43,"as":440.02,"mi":"E","mv":518693,"sc":1,"lpe":87.89,"lpr":539.11,"lq":2.33,"d":1774664},{"pi":"423861","pc":"Бакалея","ss":30000,"td":"Центр города","dc":1,"n":413.76,"vc":"62504","sl":"Элитный","sv":"11128","p":2090.0,"q":21.26,"b":0.0,"ms":6.45,"wi":19.05,"ei":5.34,"as":341.56,"mi":"E","mv":172427,"sc":1,"lpe":93.55,"lpr":571.47,"lq":1.0,"d":2069626},{"pi":"423861","pc":"Бакалея","ss":100000,"td":"Фешенебельный район","dc":1,"n":663.1,"vc":"449150","sl":"Элитный","sv":"140427","p":2333.0,"q":25.51,"b":2.91,"ms":16.79,"wi":15.51,"ei":1.9,"as":47.89,"mi":"E","mv":836223,"sc":2,"lpe":83.09,"lpr":467.33,"lq":2.16,"d":9100000},{"pi":"423861","pc":"Бакалея","ss":100000,"td":"Центр города","dc":2,"n":62.47,"vc":"9290","sl":"Элитный","sv":"1000","p":700.0,"q":8.13,"b":0.01,"ms":0.12,"wi":15.51,"ei":1.9,"as":47.89,"mi":"E","mv":836223,"sc":2,"lpe":83.09,"lpr":467.33,"lq":2.16,"d":9100000},{"pi":"423861","pc":"Бакалея","ss":300000,"td":"Фешенебельный район","dc":1,"n":674.08,"vc":"1255192","sl":"Элитный","sv":"319068","p":2432.0,"q":25.48,"b":2.91,"ms":15.62,"wi":21.09,"ei":5.96,"as":107.95,"mi":"E","mv":2042352,"sc":3,"lpe":84.28,"lpr":475.77,"lq":1.8,"d":12197086},{"pi":"423861","pc":"Бакалея","ss":11000,"td":"Центр города","dc":10,"n":189.31,"vc":"15435","sl":"Низкий","sv":"1853","p":775.0,"q":7.02,"b":0.0,"ms":0.09,"wi":21.09,"ei":5.96,"as":107.95,"mi":"E","mv":2042352,"sc":3,"lpe":84.28,"lpr":475.77,"lq":1.8,"d":12197086},{"pi":"423861","pc":"Бакалея","ss":100000,"td":"Центр города","dc":2,"n":95.85,"vc":"14189","sl":"Элитный","sv":"54","p":1499.0,"q":8.13,"b":0.01,"ms":0.0,"wi":21.09,"ei":5.96,"as":107.95,"mi":"E","mv":2042352,"sc":3,"lpe":84.28,"lpr":475.77,"lq":1.8,"d":12197086},{"pi":"423861","pc":"Бакалея","ss":300000,"td":"Фешенебельный район","dc":1,"n":677.13,"vc":"1124754","sl":"Элитный","sv":"195179","p":2429.0,"q":25.54,"b":2.91,"ms":12.75,"wi":20.1,"ei":4.5,"as":67.72,"mi":"E","mv":1530702,"sc":2,"lpe":87.25,"lpr":466.29,"lq":2.18,"d":8200000},{"pi":"423861","pc":"Бакалея","ss":100000,"td":"Центр города","dc":2,"n":109.35,"vc":"14060","sl":"Элитный","sv":"1","p":1699.0,"q":7.23,"b":0.01,"ms":0.0,"wi":20.1,"ei":4.5,"as":67.72,"mi":"E","mv":1530702,"sc":2,"lpe":87.25,"lpr":466.29,"lq":2.18,"d":8200000},{"pi":"423861","pc":"Бакалея","ss":10000,"td":"Фешенебельный район","dc":1,"n":407.1,"vc":"2789","sl":"Элитный","sv":"100","p":1500.0,"q":19.42,"b":0.0,"ms":0.05,"wi":15.12,"ei":7.61,"as":383.89,"mi":"E","mv":204984,"sc":1,"lpe":99.95,"lpr":551.4,"lq":1.0,"d":1038449},{"pi":"423861","pc":"Бакалея","ss":100000,"td":"Фешенебельный район","dc":1,"n":681.32,"vc":"447775","sl":"Элитный","sv":"43278","p":2576.0,"q":26.67,"b":2.91,"ms":9.7,"wi":9.57,"ei":6.38,"as":116.09,"mi":"E","mv":446074,"sc":1,"lpe":90.3,"lpr":469.68,"lq":2.12,"d":13557246},{"pi":"423861","pc":"Бакалея","ss":100000,"td":"Центр города","dc":1,"n":319.84,"vc":"64830","sl":"Элитный","sv":"10000","p":1250.0,"q":12.37,"b":0.0,"ms":4.82,"wi":14.16,"ei":1.9,"as":54.74,"mi":"E","mv":207623,"sc":2,"lpe":95.18,"lpr":476.69,"lq":1.0,"d":1990000},{"pi":"423861","pc":"Бакалея","ss":45000,"td":"Центр города","dc":2,"n":17.65,"vc":"2604","sl":"Очень высокий","sv":"3","p":1700.0,"q":7.91,"b":0.01,"ms":0.0,"wi":14.16,"ei":1.9,"as":54.74,"mi":"E","mv":207623,"sc":2,"lpe":95.18,"lpr":476.69,"lq":1.0,"d":1990000},{"pi":"423861","pc":"Бакалея","ss":100000,"td":"Фешенебельный район","dc":1,"n":674.05,"vc":"433905","sl":"Элитный","sv":"250000","p":833.5,"q":27.02,"b":2.91,"ms":13.14,"wi":14.81,"ei":3.9,"as":52.79,"mi":"E","mv":1903069,"sc":1,"lpe":86.86,"lpr":171.59,"lq":1.02,"d":6104000},{"pi":"423861","pc":"Бакалея","ss":10000,"td":"Центр города","dc":1,"n":417.52,"vc":"25258","sl":"Элитный","sv":"5000","p":1200.0,"q":21.26,"b":0.0,"ms":4.33,"wi":16.28,"ei":5.63,"as":227.31,"mi":"E","mv":115344,"sc":2,"lpe":95.41,"lpr":628.34,"lq":1.0,"d":1476711},{"pi":"423861","pc":"Бакалея","ss":10000,"td":"Спальный район","dc":2,"n":305.82,"vc":"12440","sl":"Элитный","sv":"300","p":992.33,"q":19.44,"b":0.0,"ms":0.26,"wi":16.28,"ei":5.63,"as":227.31,"mi":"E","mv":115344,"sc":2,"lpe":95.41,"lpr":628.34,"lq":1.0,"d":1476711},{"pi":"423861","pc":"Бакалея","ss":100000,"td":"Фешенебельный район","dc":1,"n":667.68,"vc":"388515","sl":"Элитный","sv":"46783","p":2530.0,"q":25.65,"b":2.91,"ms":10.76,"wi":13.64,"ei":2.9,"as":59.09,"mi":"E","mv":434624,"sc":2,"lpe":88.63,"lpr":469.24,"lq":2.4,"d":5303006},{"pi":"423861","pc":"Бакалея","ss":180000,"td":"Центр города","dc":8,"n":66.12,"vc":"10335","sl":"Элитный","sv":"2644","p":686.0,"q":19.46,"b":0.0,"ms":0.61,"wi":13.64,"ei":2.9,"as":59.09,"mi":"E","mv":434624,"sc":2,"lpe":88.63,"lpr":469.24,"lq":2.4,"d":5303006},{"pi":"423861","pc":"Бакалея","ss":100000,"td":"Фешенебельный район","dc":1,"n":683.68,"vc":"365191","sl":"Элитный","sv":"111198","p":1909.0,"q":26.61,"b":3.78,"ms":14.09,"wi":52.02,"ei":10.51,"as":1190.88,"mi":"E","mv":789208,"sc":2,"lpe":85.78,"lpr":545.37,"lq":2.74,"d":2862944},{"pi":"423861","pc":"Бакалея","ss":100000,"td":"Фешенебельный район","dc":4,"n":378.14,"vc":"19346","sl":"Элитный","sv":"1000","p":1000.0,"q":12.8,"b":0.0,"ms":0.13,"wi":52.02,"ei":10.51,"as":1190.88,"mi":"E","mv":789208,"sc":2,"lpe":85.78,"lpr":545.37,"lq":2.74,"d":2862944},{"pi":"423861","pc":"Бакалея","ss":10000,"td":"Центр города","dc":1,"n":414.59,"vc":"27884","sl":"Элитный","sv":"3323","p":1500.0,"q":21.26,"b":0.0,"ms":1.83,"wi":11.53,"ei":6.04,"as":284.36,"mi":"E","mv":181735,"sc":1,"lpe":98.17,"lpr":398.89,"lq":1.0,"d":2083800},{"pi":"423861","pc":"Бакалея","ss":200000,"td":"Фешенебельный район","dc":1,"n":676.29,"vc":"655995","sl":"Элитный","sv":"50000","p":2258.0,"q":27.32,"b":3.84,"ms":14.85,"wi":20.94,"ei":5.2,"as":170.97,"mi":"E","mv":336667,"sc":3,"lpe":83.64,"lpr":430.03,"lq":1.2,"d":1973368},{"pi":"423861","pc":"Бакалея","ss":100000,"td":"Центр города","dc":2,"n":265.06,"vc":"38169","sl":"Элитный","sv":"3000","p":200.0,"q":19.47,"b":0.0,"ms":0.89,"wi":20.94,"ei":5.2,"as":170.97,"mi":"E","mv":336667,"sc":3,"lpe":83.64,"lpr":430.03,"lq":1.2,"d":1973368},{"pi":"423861","pc":"Бакалея","ss":150000,"td":"Центр города","dc":1,"n":373.48,"vc":"223356","sl":"Элитный","sv":"2094","p":2000.0,"q":22.65,"b":0.0,"ms":0.62,"wi":20.94,"ei":5.2,"as":170.97,"mi":"E","mv":336667,"sc":3,"lpe":83.64,"lpr":430.03,"lq":1.2,"d":1973368},{"pi":"423861","pc":"Бакалея","ss":100000,"td":"Фешенебельный район","dc":1,"n":680.58,"vc":"270854","sl":"Элитный","sv":"39091","p":1995.0,"q":27.02,"b":3.78,"ms":8.1,"wi":42.23,"ei":6.83,"as":907.19,"mi":"E","mv":482600,"sc":1,"lpe":91.9,"lpr":537.25,"lq":2.52,"d":1327128},{"pi":"423861","pc":"Бакалея","ss":300000,"td":"Фешенебельный район","dc":1,"n":685.3,"vc":"668138","sl":"Элитный","sv":"40000","p":1306.0,"q":27.2,"b":3.4,"ms":11.9,"wi":14.09,"ei":5.25,"as":82.95,"mi":"E","mv":336030,"sc":1,"lpe":88.1,"lpr":291.15,"lq":1.37,"d":1794428},{"pi":"423861","pc":"Бакалея","ss":100000,"td":"Фешенебельный район","dc":1,"n":683.27,"vc":"288798","sl":"Элитный","sv":"114937","p":1894.0,"q":25.45,"b":3.78,"ms":22.43,"wi":50.29,"ei":7.12,"as":1196.86,"mi":"E","mv":512372,"sc":1,"lpe":77.57,"lpr":540.28,"lq":2.25,"d":1480452},{"pi":"423861","pc":"Бакалея","ss":200000,"td":"Центр города","dc":7,"n":424.5,"vc":"256354","sl":"Нормальный","sv":"2000","p":1000.0,"q":5.46,"b":0.0,"ms":1.7,"wi":12.82,"ei":4.06,"as":70.77,"mi":"E","mv":117851,"sc":1,"lpe":98.3,"lpr":437.46,"lq":1.0,"d":1145303},{"pi":"423861","pc":"Бакалея","ss":100000,"td":"Фешенебельный район","dc":3,"n":300.62,"vc":"10891","sl":"Элитный","sv":"400","p":1100.0,"q":19.47,"b":0.0,"ms":0.34,"wi":8.65,"ei":2.99,"as":101.57,"mi":"E","mv":116031,"sc":2,"lpe":99.64,"lpr":867.84,"lq":1.0,"d":5694053},{"pi":"423861","pc":"Бакалея","ss":1000,"td":"Центр города","dc":2,"n":17.85,"vc":"791","sl":"Очень низкий","sv":"16","p":900.0,"q":8.13,"b":0.0,"ms":0.01,"wi":8.65,"ei":2.99,"as":101.57,"mi":"E","mv":116031,"sc":2,"lpe":99.64,"lpr":867.84,"lq":1.0,"d":5694053},{"pi":"423861","pc":"Бакалея","ss":100000,"td":"Фешенебельный район","dc":1,"n":682.97,"vc":"473110","sl":"Очень высокий","sv":"40013","p":2614.0,"q":25.65,"b":3.1,"ms":14.14,"wi":8.26,"ei":1.9,"as":64.62,"mi":"E","mv":283006,"sc":2,"lpe":85.86,"lpr":477.89,"lq":2.08,"d":8024926},{"pi":"423861","pc":"Бакалея","ss":1000,"td":"Центр города","dc":2,"n":3.71,"vc":"803","sl":"Нормальный","sv":"1","p":700.0,"q":8.13,"b":0.0,"ms":0.0,"wi":8.26,"ei":1.9,"as":64.62,"mi":"E","mv":283006,"sc":2,"lpe":85.86,"lpr":477.89,"lq":2.08,"d":8024926},{"pi":"423861","pc":"Бакалея","ss":60000,"td":"Центр города","dc":2,"n":414.73,"vc":"81612","sl":"Элитный","sv":"10000","p":3500.0,"q":13.78,"b":0.0,"ms":7.73,"wi":53.24,"ei":7.46,"as":830.0,"mi":"E","mv":129284,"sc":3,"lpe":82.13,"lpr":1965.8,"lq":1.77,"d":923206},{"pi":"423861","pc":"Бакалея","ss":20000,"td":"Центр города","dc":1,"n":455.73,"vc":"48530","sl":"Элитный","sv":"10000","p":4000.0,"q":12.37,"b":0.0,"ms":7.73,"wi":53.24,"ei":7.46,"as":830.0,"mi":"E","mv":129284,"sc":3,"lpe":82.13,"lpr":1965.8,"lq":1.77,"d":923206},{"pi":"423861","pc":"Бакалея","ss":13000,"td":"Центр города","dc":1,"n":447.11,"vc":"48777","sl":"Очень высокий","sv":"3100","p":3757.85,"q":8.49,"b":0.0,"ms":2.4,"wi":53.24,"ei":7.46,"as":830.0,"mi":"E","mv":129284,"sc":3,"lpe":82.13,"lpr":1965.8,"lq":1.77,"d":923206},{"pi":"423861","pc":"Бакалея","ss":1000,"td":"Центр города","dc":1,"n":337.76,"vc":"6192","sl":"Нормальный","sv":"2000","p":1500.0,"q":23.9,"b":0.0,"ms":1.51,"wi":23.24,"ei":7.25,"as":430.69,"mi":"E","mv":132156,"sc":1,"lpe":98.49,"lpr":1189.58,"lq":1.0,"d":3025420},{"pi":"423861","pc":"Бакалея","ss":50000,"td":"Центр города","dc":2,"n":480.37,"vc":"129748","sl":"Очень высокий","sv":"848","p":3500.0,"q":13.76,"b":0.0,"ms":1.5,"wi":47.12,"ei":6.6,"as":760.0,"mi":"E","mv":56671,"sc":1,"lpe":98.5,"lpr":1259.8,"lq":1.0,"d":311080},{"pi":"423861","pc":"Бакалея","ss":10000,"td":"Центр города","dc":1,"n":463.61,"vc":"20305","sl":"Элитный","sv":"1622","p":2200.0,"q":8.24,"b":0.0,"ms":3.8,"wi":46.88,"ei":6.2,"as":769.5,"mi":"E","mv":42670,"sc":2,"lpe":95.6,"lpr":983.79,"lq":1.0,"d":298856},{"pi":"423861","pc":"Бакалея","ss":70000,"td":"Центр города","dc":2,"n":511.8,"vc":"228694","sl":"Очень высокий","sv":"255","p":3000.0,"q":13.74,"b":0.0,"ms":0.6,"wi":46.88,"ei":6.2,"as":769.5,"mi":"E","mv":42670,"sc":2,"lpe":95.6,"lpr":983.79,"lq":1.0,"d":298856},{"pi":"423861","pc":"Бакалея","ss":200000,"td":"Фешенебельный район","dc":1,"n":682.14,"vc":"544800","sl":"Элитный","sv":"54127","p":1390.0,"q":26.98,"b":4.3,"ms":16.34,"wi":32.37,"ei":14.28,"as":748.41,"mi":"E","mv":331310,"sc":1,"lpe":83.66,"lpr":474.71,"lq":2.17,"d":1218946},{"pi":"423861","pc":"Бакалея","ss":100000,"td":"Фешенебельный район","dc":1,"n":688.46,"vc":"300844","sl":"Элитный","sv":"20000","p":2431.0,"q":25.65,"b":4.04,"ms":13.72,"wi":13.69,"ei":4.76,"as":94.98,"mi":"E","mv":145808,"sc":2,"lpe":86.21,"lpr":436.05,"lq":1.45,"d":1442930},{"pi":"423861","pc":"Бакалея","ss":100000,"td":"Центр города","dc":1,"n":489.85,"vc":"297074","sl":"Элитный","sv":"100","p":1200.0,"q":19.42,"b":0.0,"ms":0.07,"wi":13.69,"ei":4.76,"as":94.98,"mi":"E","mv":145808,"sc":2,"lpe":86.21,"lpr":436.05,"lq":1.45,"d":1442930},{"pi":"423861","pc":"Бакалея","ss":10000,"td":"Центр города","dc":8,"n":341.43,"vc":"14839","sl":"Нормальный","sv":"3457","p":645.0,"q":19.44,"b":0.0,"ms":8.1,"wi":5.92,"ei":5.38,"as":50.73,"mi":"E","mv":42657,"sc":2,"lpe":91.66,"lpr":449.99,"lq":1.1,"d":2958023},{"pi":"423861","pc":"Бакалея","ss":1000,"td":"Спальный район","dc":1,"n":216.42,"vc":"1253","sl":"Элитный","sv":"100","p":850.0,"q":19.42,"b":0.0,"ms":0.23,"wi":5.92,"ei":5.38,"as":50.73,"mi":"E","mv":42657,"sc":2,"lpe":91.66,"lpr":449.99,"lq":1.1,"d":2958023},{"pi":"423861","pc":"Бакалея","ss":100000,"td":"Центр города","dc":10,"n":325.89,"vc":"51215","sl":"Очень высокий","sv":"500","p":2000.0,"q":8.02,"b":0.0,"ms":0.23,"wi":37.48,"ei":9.39,"as":1355.78,"mi":"E","mv":214857,"sc":1,"lpe":99.77,"lpr":1118.92,"lq":1.0,"d":859400},{"pi":"423861","pc":"Бакалея","ss":100000,"td":"Фешенебельный район","dc":1,"n":683.98,"vc":"256638","sl":"Элитный","sv":"45000","p":1771.0,"q":25.65,"b":4.26,"ms":14.68,"wi":40.83,"ei":9.69,"as":1126.51,"mi":"E","mv":306525,"sc":2,"lpe":85.32,"lpr":549.24,"lq":1.93,"d":1239628},{"pi":"423861","pc":"Бакалея","ss":100000,"td":"Центр города","dc":10,"n":439.05,"vc":"243506","sl":"Низкий","sv":"2","p":2000.0,"q":11.28,"b":0.0,"ms":0.0,"wi":40.83,"ei":9.69,"as":1126.51,"mi":"E","mv":306525,"sc":2,"lpe":85.32,"lpr":549.24,"lq":1.93,"d":1239628},{"pi":"423861","pc":"Бакалея","ss":123900,"td":"Спальный район","dc":2,"n":354.86,"vc":"116770","sl":"Элитный","sv":"113838","p":85.0,"q":8.92,"b":2.56,"ms":27.46,"wi":16.35,"ei":7.5,"as":163.44,"mi":"E","mv":414551,"sc":1,"lpe":72.54,"lpr":459.86,"lq":2.39,"d":1866603},{"pi":"423861","pc":"Бакалея","ss":1000,"td":"Центр города","dc":2,"n":331.32,"vc":"1851","sl":"Высокий","sv":"4000","p":1230.0,"q":23.9,"b":0.0,"ms":27.5,"wi":38.21,"ei":5.87,"as":470.0,"mi":"E","mv":14543,"sc":2,"lpe":69.33,"lpr":925.84,"lq":2.99,"d":106426},{"pi":"423861","pc":"Бакалея","ss":1000,"td":"Центр города","dc":2,"n":142.38,"vc":"425","sl":"Элитный","sv":"461","p":1300.0,"q":5.96,"b":0.0,"ms":3.17,"wi":38.21,"ei":5.87,"as":470.0,"mi":"E","mv":14543,"sc":2,"lpe":69.33,"lpr":925.84,"lq":2.99,"d":106426},{"pi":"423861","pc":"Бакалея","ss":100000,"td":"Фешенебельный район","dc":1,"n":685.35,"vc":"255912","sl":"Элитный","sv":"22000","p":2889.0,"q":26.67,"b":3.98,"ms":14.04,"wi":24.5,"ei":7.1,"as":348.25,"mi":"E","mv":156744,"sc":2,"lpe":85.9,"lpr":545.93,"lq":2.5,"d":989886},{"pi":"423861","pc":"Бакалея","ss":10000,"td":"Спальный район","dc":2,"n":137.94,"vc":"2083","sl":"Элитный","sv":"100","p":818.07,"q":19.42,"b":0.0,"ms":0.06,"wi":24.5,"ei":7.1,"as":348.25,"mi":"E","mv":156744,"sc":2,"lpe":85.9,"lpr":545.93,"lq":2.5,"d":989886},{"pi":"423861","pc":"Бакалея","ss":100000,"td":"Фешенебельный район","dc":1,"n":700.08,"vc":"179915","sl":"Элитный","sv":"6200","p":1344.0,"q":25.54,"b":3.84,"ms":14.8,"wi":55.17,"ei":6.62,"as":770.0,"mi":"E","mv":41892,"sc":1,"lpe":85.2,"lpr":468.89,"lq":1.65,"d":339038},{"pi":"423861","pc":"Бакалея","ss":100000,"td":"Фешенебельный район","dc":1,"n":654.18,"vc":"440086","sl":"Элитный","sv":"170213","p":2377.0,"q":25.65,"b":2.97,"ms":8.97,"wi":20.04,"ei":6.23,"as":189.21,"mi":"E","mv":1897329,"sc":1,"lpe":91.03,"lpr":475.92,"lq":1.97,"d":10970686},{"pi":"423861","pc":"Бакалея","ss":1000,"td":"Центр города","dc":2,"n":150.59,"vc":"443","sl":"Элитный","sv":"501","p":900.0,"q":5.96,"b":0.0,"ms":6.26,"wi":31.59,"ei":6.27,"as":451.25,"mi":"E","mv":8007,"sc":2,"lpe":93.51,"lpr":941.27,"lq":1.0,"d":105000},{"pi":"423861","pc":"Бакалея","ss":1000,"td":"Окраина","dc":4,"n":94.81,"vc":"194","sl":"Элитный","sv":"19","p":1045.0,"q":1.0,"b":0.0,"ms":0.24,"wi":31.59,"ei":6.27,"as":451.25,"mi":"E","mv":8007,"sc":2,"lpe":93.51,"lpr":941.27,"lq":1.0,"d":105000},{"pi":"423861","pc":"Бакалея","ss":100000,"td":"Фешенебельный район","dc":1,"n":676.03,"vc":"344839","sl":"Элитный","sv":"43003","p":2488.0,"q":26.63,"b":2.97,"ms":16.19,"wi":15.88,"ei":3.02,"as":142.94,"mi":"E","mv":265688,"sc":1,"lpe":83.81,"lpr":477.08,"lq":2.53,"d":2998248},{"pi":"423861","pc":"Бакалея","ss":1000,"td":"Центр города","dc":2,"n":134.43,"vc":"464","sl":"Элитный","sv":"501","p":1100.0,"q":5.96,"b":0.0,"ms":4.64,"wi":32.37,"ei":6.19,"as":432.97,"mi":"E","mv":10800,"sc":2,"lpe":94.44,"lpr":1554.49,"lq":1.0,"d":155016},{"pi":"423861","pc":"Бакалея","ss":1000,"td":"Окраина","dc":1,"n":378.09,"vc":"1099","sl":"Элитный","sv":"100","p":1300.0,"q":19.42,"b":0.0,"ms":0.93,"wi":32.37,"ei":6.19,"as":432.97,"mi":"E","mv":10800,"sc":2,"lpe":94.44,"lpr":1554.49,"lq":1.0,"d":155016},{"pi":"423861","pc":"Бакалея","ss":1000,"td":"Фешенебельный район","dc":1,"n":388.44,"vc":"432","sl":"Элитный","sv":"100","p":1640.0,"q":19.42,"b":0.0,"ms":1.01,"wi":30.17,"ei":5.96,"as":437.26,"mi":"E","mv":9936,"sc":2,"lpe":98.83,"lpr":1656.27,"lq":1.0,"d":150000},{"pi":"423861","pc":"Бакалея","ss":1000,"td":"Центр города","dc":2,"n":135.78,"vc":"462","sl":"Элитный","sv":"16","p":1000.0,"q":6.1,"b":0.0,"ms":0.16,"wi":30.17,"ei":5.96,"as":437.26,"mi":"E","mv":9936,"sc":2,"lpe":98.83,"lpr":1656.27,"lq":1.0,"d":150000},{"pi":"423861","pc":"Бакалея","ss":12500,"td":"Центр города","dc":9,"n":240.0,"vc":"7734","sl":"Нормальный","sv":"1313","p":1130.54,"q":7.29,"b":0.00522467631378522,"ms":3.5,"wi":6.97,"ei":6.38,"as":150.91,"mi":"E","mv":37500,"sc":1,"lpe":96.5,"lpr":602.96,"lq":1.0,"d":2436678},{"pi":"423861","pc":"Бакалея","ss":100000,"td":"Фешенебельный район","dc":1,"n":690.75,"vc":"210594","sl":"Элитный","sv":"21000","p":1715.0,"q":25.65,"b":3.84,"ms":14.04,"wi":25.5,"ei":6.21,"as":154.35,"mi":"E","mv":149586,"sc":2,"lpe":85.96,"lpr":399.33,"lq":1.41,"d":489001},{"pi":"423861","pc":"Бакалея","ss":1000,"td":"Центр города","dc":2,"n":52.42,"vc":"437","sl":"Нормальный","sv":"1","p":700.0,"q":8.13,"b":0.0,"ms":0.0,"wi":25.5,"ei":6.21,"as":154.35,"mi":"E","mv":149586,"sc":2,"lpe":85.96,"lpr":399.33,"lq":1.41,"d":489001},{"pi":"423861","pc":"Бакалея","ss":1000,"td":"Фешенебельный район","dc":1,"n":276.02,"vc":"264","sl":"Элитный","sv":"5219","p":1250.0,"q":7.57,"b":0.0,"ms":17.77,"wi":39.88,"ei":5.93,"as":490.0,"mi":"E","mv":29366,"sc":2,"lpe":76.32,"lpr":1202.11,"lq":2.42,"d":226600},{"pi":"423861","pc":"Бакалея","ss":1000,"td":"Центр города","dc":2,"n":146.84,"vc":"568","sl":"Элитный","sv":"1735","p":1200.0,"q":6.19,"b":0.0,"ms":5.91,"wi":39.88,"ei":5.93,"as":490.0,"mi":"E","mv":29366,"sc":2,"lpe":76.32,"lpr":1202.11,"lq":2.42,"d":226600},{"pi":"423861","pc":"Бакалея","ss":300000,"td":"Фешенебельный район","dc":1,"n":646.4,"vc":"801450","sl":"Элитный","sv":"373542","p":2150.0,"q":26.76,"b":1.86,"ms":16.22,"wi":24.59,"ei":8.05,"as":240.41,"mi":"E","mv":2302990,"sc":3,"lpe":83.45,"lpr":469.61,"lq":2.31,"d":7239150},{"pi":"423861","pc":"Бакалея","ss":100000,"td":"Центр города","dc":2,"n":170.12,"vc":"24145","sl":"Элитный","sv":"5086","p":1000.0,"q":18.5,"b":0.0,"ms":0.22,"wi":24.59,"ei":8.05,"as":240.41,"mi":"E","mv":2302990,"sc":3,"lpe":83.45,"lpr":469.61,"lq":2.31,"d":7239150},{"pi":"423861","pc":"Бакалея","ss":21000,"td":"Центр города","dc":2,"n":252.13,"vc":"20132","sl":"Элитный","sv":"2479","p":1350.0,"q":24.28,"b":0.0,"ms":0.11,"wi":24.59,"ei":8.05,"as":240.41,"mi":"E","mv":2302990,"sc":3,"lpe":83.45,"lpr":469.61,"lq":2.31,"d":7239150},{"pi":"423861","pc":"Бакалея","ss":100000,"td":"Центр города","dc":1,"n":471.3,"vc":"230182","sl":"Элитный","sv":"7868","p":1750.0,"q":22.65,"b":0.0,"ms":26.74,"wi":10.14,"ei":3.91,"as":173.07,"mi":"E","mv":29422,"sc":1,"lpe":73.26,"lpr":389.26,"lq":1.95,"d":459445},{"pi":"423861","pc":"Бакалея","ss":1000,"td":"Центр города","dc":1,"n":451.66,"vc":"5285","sl":"Нормальный","sv":"5000","p":3500.0,"q":12.37,"b":0.0,"ms":2.89,"wi":52.06,"ei":6.11,"as":520.0,"mi":"E","mv":173106,"sc":4,"lpe":96.74,"lpr":1673.39,"lq":1.0,"d":978294},{"pi":"423861","pc":"Бакалея","ss":1000,"td":"Центр города","dc":2,"n":113.09,"vc":"783","sl":"Элитный","sv":"501","p":1900.0,"q":5.96,"b":0.0,"ms":0.29,"wi":52.06,"ei":6.11,"as":520.0,"mi":"E","mv":173106,"sc":4,"lpe":96.74,"lpr":1673.39,"lq":1.0,"d":978294},{"pi":"423861","pc":"Бакалея","ss":1000,"td":"Спальный район","dc":9,"n":266.59,"vc":"2094","sl":"Очень низкий","sv":"141","p":1782.58,"q":8.97,"b":0.0,"ms":0.08,"wi":52.06,"ei":6.11,"as":520.0,"mi":"E","mv":173106,"sc":4,"lpe":96.74,"lpr":1673.39,"lq":1.0,"d":978294},{"pi":"423861","pc":"Бакалея","ss":1000,"td":"Центр города","dc":2,"n":26.72,"vc":"481","sl":"Элитный","sv":"9","p":1820.0,"q":7.26,"b":0.0,"ms":0.01,"wi":52.06,"ei":6.11,"as":520.0,"mi":"E","mv":173106,"sc":4,"lpe":96.74,"lpr":1673.39,"lq":1.0,"d":978294},{"pi":"423861","pc":"Бакалея","ss":100000,"td":"Фешенебельный район","dc":1,"n":680.66,"vc":"228125","sl":"Элитный","sv":"51727","p":2641.0,"q":26.6,"b":4.05,"ms":17.54,"wi":30.38,"ei":6.25,"as":302.75,"mi":"E","mv":294875,"sc":1,"lpe":82.46,"lpr":540.2,"lq":2.53,"d":810756},{"pi":"423861","pc":"Бакалея","ss":10000,"td":"Центр города","dc":1,"n":519.39,"vc":"25599","sl":"Элитный","sv":"1000","p":1010.0,"q":24.25,"b":0.0,"ms":1.99,"wi":23.92,"ei":6.45,"as":405.03,"mi":"E","mv":50261,"sc":1,"lpe":98.01,"lpr":510.2,"lq":1.0,"d":436593},{"pi":"423861","pc":"Бакалея","ss":100000,"td":"Фешенебельный район","dc":1,"n":661.26,"vc":"261092","sl":"Элитный","sv":"92690","p":1934.0,"q":25.55,"b":4.05,"ms":18.8,"wi":37.07,"ei":11.18,"as":369.8,"mi":"E","mv":493064,"sc":3,"lpe":80.88,"lpr":545.64,"lq":2.84,"d":2031724},{"pi":"423861","pc":"Бакалея","ss":10000,"td":"Центр города","dc":1,"n":280.99,"vc":"10289","sl":"Элитный","sv":"909","p":1100.0,"q":7.22,"b":0.0,"ms":0.18,"wi":37.07,"ei":11.18,"as":369.8,"mi":"E","mv":493064,"sc":3,"lpe":80.88,"lpr":545.64,"lq":2.84,"d":2031724},{"pi":"423861","pc":"Бакалея","ss":100000,"td":"Центр города","dc":2,"n":91.06,"vc":"7236","sl":"Высокий","sv":"681","p":600.0,"q":17.61,"b":0.0,"ms":0.14,"wi":37.07,"ei":11.18,"as":369.8,"mi":"E","mv":493064,"sc":3,"lpe":80.88,"lpr":545.64,"lq":2.84,"d":2031724},{"pi":"423861","pc":"Бакалея","ss":300000,"td":"Фешенебельный район","dc":1,"n":671.15,"vc":"967495","sl":"Элитный","sv":"362075","p":2319.0,"q":26.53,"b":3.09,"ms":15.93,"wi":28.97,"ei":6.53,"as":314.5,"mi":"E","mv":2273068,"sc":1,"lpe":84.07,"lpr":472.42,"lq":1.88,"d":6283054},{"pi":"423861","pc":"Бакалея","ss":300000,"td":"Фешенебельный район","dc":1,"n":692.38,"vc":"768102","sl":"Элитный","sv":"105186","p":2448.0,"q":25.5,"b":4.25,"ms":18.16,"wi":27.47,"ei":6.52,"as":195.06,"mi":"E","mv":579169,"sc":2,"lpe":81.15,"lpr":481.21,"lq":2.53,"d":2027308},{"pi":"423861","pc":"Бакалея","ss":110000,"td":"Спальный район","dc":2,"n":407.72,"vc":"118454","sl":"Элитный","sv":"4000","p":1070.0,"q":19.47,"b":0.0,"ms":0.69,"wi":27.47,"ei":6.52,"as":195.06,"mi":"E","mv":579169,"sc":2,"lpe":81.15,"lpr":481.21,"lq":2.53,"d":2027308},{"pi":"423861","pc":"Бакалея","ss":1000,"td":"Центр города","dc":1,"n":158.42,"vc":"728","sl":"Элитный","sv":"32","p":3600.0,"q":14.13,"b":0.0,"ms":0.06,"wi":23.1,"ei":7.49,"as":359.82,"mi":"E","mv":50107,"sc":1,"lpe":99.94,"lpr":889.09,"lq":1.0,"d":629950},{"pi":"423861","pc":"Бакалея","ss":1000,"td":"Фешенебельный район","dc":1,"n":639.44,"vc":"1757","sl":"Очень высокий","sv":"17447","p":1762.0,"q":25.5,"b":3.42,"ms":10.75,"wi":27.12,"ei":9.63,"as":608.12,"mi":"E","mv":162255,"sc":1,"lpe":89.25,"lpr":465.94,"lq":1.0,"d":987916},{"pi":"423861","pc":"Бакалея","ss":100000,"td":"Центр города","dc":2,"n":152.85,"vc":"14706","sl":"Элитный","sv":"1845","p":1300.0,"q":18.56,"b":0.0,"ms":0.22,"wi":31.84,"ei":9.4,"as":361.4,"mi":"E","mv":846431,"sc":1,"lpe":99.78,"lpr":781.72,"lq":1.0,"d":2821670},{"pi":"423861","pc":"Бакалея","ss":100000,"td":"Центр города","dc":2,"n":491.14,"vc":"213222","sl":"Элитный","sv":"3000","p":1080.0,"q":19.47,"b":0.0,"ms":1.55,"wi":14.94,"ei":2.0,"as":76.2,"mi":"E","mv":193099,"sc":1,"lpe":98.45,"lpr":481.17,"lq":1.0,"d":698295},{"pi":"423861","pc":"Бакалея","ss":1000,"td":"Фешенебельный район","dc":1,"n":561.08,"vc":"832","sl":"Элитный","sv":"944","p":2362.0,"q":27.32,"b":0.0,"ms":2.96,"wi":20.68,"ei":5.51,"as":368.03,"mi":"E","mv":31843,"sc":1,"lpe":97.04,"lpr":537.03,"lq":1.0,"d":345976},{"pi":"423861","pc":"Бакалея","ss":100000,"td":"Центр города","dc":4,"n":498.34,"vc":"130940","sl":"Очень высокий","sv":"7000","p":132.0,"q":19.47,"b":5.9,"ms":27.94,"wi":10.66,"ei":3.15,"as":195.94,"mi":"E","mv":25054,"sc":1,"lpe":72.06,"lpr":215.06,"lq":1.28,"d":248613},{"pi":"423861","pc":"Бакалея","ss":100000,"td":"Фешенебельный район","dc":1,"n":692.62,"vc":"237165","sl":"Элитный","sv":"22664","p":2244.0,"q":26.67,"b":3.2,"ms":12.43,"wi":24.16,"ei":6.21,"as":246.63,"mi":"E","mv":182273,"sc":1,"lpe":87.57,"lpr":409.29,"lq":1.41,"d":853230},{"pi":"423861","pc":"Бакалея","ss":100000,"td":"Центр города","dc":1,"n":266.71,"vc":"61316","sl":"Элитный","sv":"42188","p":1999.0,"q":21.91,"b":0.0,"ms":5.98,"wi":35.81,"ei":6.77,"as":248.13,"mi":"E","mv":705181,"sc":3,"lpe":93.0,"lpr":546.98,"lq":1.0,"d":2293511},{"pi":"423861","pc":"Бакалея","ss":140000,"td":"Фешенебельный район","dc":5,"n":168.5,"vc":"2875","sl":"Элитный","sv":"6116","p":1990.0,"q":22.21,"b":0.0621141268803139,"ms":0.87,"wi":35.81,"ei":6.77,"as":248.13,"mi":"E","mv":705181,"sc":3,"lpe":93.0,"lpr":546.98,"lq":1.0,"d":2293511},{"pi":"423861","pc":"Бакалея","ss":10000,"td":"Фешенебельный район","dc":1,"n":220.3,"vc":"1028","sl":"Элитный","sv":"1065","p":1000.0,"q":7.08,"b":1.89,"ms":0.15,"wi":35.81,"ei":6.77,"as":248.13,"mi":"E","mv":705181,"sc":3,"lpe":93.0,"lpr":546.98,"lq":1.0,"d":2293511},{"pi":"423861","pc":"Бакалея","ss":200000,"td":"Центр города","dc":3,"n":429.41,"vc":"226678","sl":"Элитный","sv":"24722","p":1500.0,"q":22.65,"b":0.0,"ms":100.0,"wi":52.05,"ei":7.7,"as":940.5,"mi":"AA","mv":24722,"sc":1,"lpe":0.0,"lpr":797.28,"lq":1.87,"d":201796},{"pi":"423861","pc":"Бакалея","ss":300000,"td":"Фешенебельный район","dc":1,"n":670.19,"vc":"669804","sl":"Элитный","sv":"108239","p":1567.0,"q":25.5,"b":3.74,"ms":18.28,"wi":36.64,"ei":11.26,"as":482.57,"mi":"E","mv":592220,"sc":2,"lpe":78.56,"lpr":431.15,"lq":2.23,"d":2255977},{"pi":"423861","pc":"Бакалея","ss":100000,"td":"Центр города","dc":1,"n":440.75,"vc":"216640","sl":"Элитный","sv":"18759","p":1400.0,"q":21.26,"b":0.21,"ms":3.17,"wi":36.64,"ei":11.26,"as":482.57,"mi":"E","mv":592220,"sc":2,"lpe":78.56,"lpr":431.15,"lq":2.23,"d":2255977},{"pi":"423861","pc":"Бакалея","ss":200000,"td":"Центр города","dc":2,"n":451.06,"vc":"304602","sl":"Элитный","sv":"41631","p":1700.0,"q":22.65,"b":0.0,"ms":100.0,"wi":57.76,"ei":8.26,"as":1050.0,"mi":"AAA","mv":41631,"sc":1,"lpe":0.0,"lpr":888.49,"lq":1.82,"d":246597},{"pi":"423861","pc":"Бакалея","ss":100000,"td":"Фешенебельный район","dc":1,"n":683.46,"vc":"121297","sl":"Элитный","sv":"5748","p":1485.0,"q":27.0,"b":4.25,"ms":15.18,"wi":23.28,"ei":13.22,"as":2097.79,"mi":"E","mv":37864,"sc":1,"lpe":84.82,"lpr":480.59,"lq":1.3,"d":332434},{"pi":"423861","pc":"Бакалея","ss":100000,"td":"Спальный район","dc":2,"n":528.22,"vc":"185949","sl":"Нормальный","sv":"6000","p":390.0,"q":19.47,"b":0.0,"ms":24.78,"wi":12.24,"ei":2.85,"as":168.11,"mi":"E","mv":24215,"sc":1,"lpe":75.22,"lpr":488.95,"lq":2.67,"d":439034},{"pi":"423861","pc":"Бакалея","ss":100000,"td":"Фешенебельный район","dc":2,"n":416.3,"vc":"22908","sl":"Элитный","sv":"45000","p":825.0,"q":19.47,"b":2.69,"ms":13.05,"wi":21.15,"ei":11.48,"as":272.99,"mi":"E","mv":344924,"sc":3,"lpe":78.13,"lpr":426.3,"lq":2.36,"d":2580177},{"pi":"423861","pc":"Бакалея","ss":20000,"td":"Центр города","dc":1,"n":417.36,"vc":"43515","sl":"Элитный","sv":"30000","p":600.0,"q":13.78,"b":0.0,"ms":8.7,"wi":21.15,"ei":11.48,"as":272.99,"mi":"E","mv":344924,"sc":3,"lpe":78.13,"lpr":426.3,"lq":2.36,"d":2580177},{"pi":"423861","pc":"Бакалея","ss":100000,"td":"Фешенебельный район","dc":1,"n":687.4,"vc":"310536","sl":"Элитный","sv":"431","p":1545.0,"q":27.32,"b":0.0,"ms":0.12,"wi":21.15,"ei":11.48,"as":272.99,"mi":"E","mv":344924,"sc":3,"lpe":78.13,"lpr":426.3,"lq":2.36,"d":2580177},{"pi":"423861","pc":"Бакалея","ss":1000,"td":"Центр города","dc":3,"n":146.02,"vc":"421","sl":"Элитный","sv":"151","p":1300.0,"q":5.97,"b":0.0,"ms":1.13,"wi":39.84,"ei":5.25,"as":460.0,"mi":"E","mv":13337,"sc":1,"lpe":98.87,"lpr":1455.16,"lq":1.0,"d":97536},{"pi":"423861","pc":"Бакалея","ss":100000,"td":"Центр города","dc":3,"n":569.42,"vc":"274971","sl":"Низкий","sv":"2500","p":500.0,"q":19.44,"b":0.0,"ms":9.4,"wi":15.62,"ei":3.39,"as":246.78,"mi":"E","mv":26588,"sc":1,"lpe":90.6,"lpr":529.72,"lq":1.0,"d":288634},{"pi":"423861","pc":"Бакалея","ss":1000,"td":"Центр города","dc":1,"n":283.78,"vc":"3032","sl":"Высокий","sv":"2691","p":1500.0,"q":8.04,"b":0.0,"ms":1.0,"wi":22.96,"ei":14.81,"as":273.81,"mi":"E","mv":270306,"sc":3,"lpe":98.25,"lpr":671.56,"lq":1.0,"d":2553554},{"pi":"423861","pc":"Бакалея","ss":1000,"td":"Центр города","dc":1,"n":207.48,"vc":"1315","sl":"Элитный","sv":"2000","p":1500.0,"q":12.37,"b":0.0,"ms":0.74,"wi":22.96,"ei":14.81,"as":273.81,"mi":"E","mv":270306,"sc":3,"lpe":98.25,"lpr":671.56,"lq":1.0,"d":2553554},{"pi":"423861","pc":"Бакалея","ss":1000,"td":"Фешенебельный район","dc":2,"n":152.7,"vc":"145","sl":"Элитный","sv":"32","p":1300.0,"q":18.52,"b":0.0,"ms":0.01,"wi":22.96,"ei":14.81,"as":273.81,"mi":"E","mv":270306,"sc":3,"lpe":98.25,"lpr":671.56,"lq":1.0,"d":2553554},{"pi":"423861","pc":"Бакалея","ss":1000,"td":"Пригород","dc":9,"n":288.64,"vc":"444","sl":"Нормальный","sv":"902","p":864.14,"q":9.59,"b":0.0,"ms":4.77,"wi":18.23,"ei":8.0,"as":402.81,"mi":"E","mv":18910,"sc":2,"lpe":93.11,"lpr":942.72,"lq":1.0,"d":351040},{"pi":"423861","pc":"Бакалея","ss":1000,"td":"Центр города","dc":1,"n":421.34,"vc":"2347","sl":"Очень высокий","sv":"400","p":2000.01,"q":10.95,"b":0.0,"ms":2.12,"wi":18.23,"ei":8.0,"as":402.81,"mi":"E","mv":18910,"sc":2,"lpe":93.11,"lpr":942.72,"lq":1.0,"d":351040},{"pi":"423861","pc":"Бакалея","ss":100000,"td":"Фешенебельный район","dc":1,"n":684.5,"vc":"188459","sl":"Элитный","sv":"11887","p":2623.0,"q":25.54,"b":4.65,"ms":12.11,"wi":20.32,"ei":4.43,"as":250.73,"mi":"E","mv":98129,"sc":2,"lpe":80.75,"lpr":469.37,"lq":2.35,"d":600363},{"pi":"423861","pc":"Бакалея","ss":10000,"td":"Центр города","dc":1,"n":393.68,"vc":"13668","sl":"Элитный","sv":"7000","p":1250.0,"q":12.37,"b":0.0,"ms":7.13,"wi":20.32,"ei":4.43,"as":250.73,"mi":"E","mv":98129,"sc":2,"lpe":80.75,"lpr":469.37,"lq":2.35,"d":600363},{"pi":"423861","pc":"Бакалея","ss":100000,"td":"Фешенебельный район","dc":1,"n":689.6,"vc":"233141","sl":"Элитный","sv":"18992","p":2646.0,"q":26.67,"b":4.65,"ms":8.69,"wi":26.12,"ei":5.63,"as":163.58,"mi":"E","mv":218523,"sc":1,"lpe":91.31,"lpr":476.21,"lq":2.09,"d":948479},{"pi":"423861","pc":"Бакалея","ss":200000,"td":"Центр города","dc":4,"n":556.46,"vc":"1319986","sl":"Очень низкий","sv":"100","p":4250.0,"q":19.42,"b":0.0,"ms":0.05,"wi":21.09,"ei":7.3,"as":398.16,"mi":"E","mv":212569,"sc":1,"lpe":99.95,"lpr":792.6,"lq":1.0,"d":820224},{"pi":"423861","pc":"Бакалея","ss":10000,"td":"Фешенебельный район","dc":1,"n":695.63,"vc":"13181","sl":"Элитный","sv":"6685","p":2183.0,"q":26.65,"b":4.18,"ms":15.39,"wi":24.3,"ei":9.11,"as":651.15,"mi":"E","mv":43433,"sc":2,"lpe":84.6,"lpr":469.88,"lq":2.34,"d":151798},{"pi":"423861","pc":"Бакалея","ss":130000,"td":"Центр города","dc":10,"n":418.96,"vc":"125772","sl":"Высокий","sv":"4","p":2000.0,"q":11.06,"b":0.0,"ms":0.01,"wi":24.3,"ei":9.11,"as":651.15,"mi":"E","mv":43433,"sc":2,"lpe":84.6,"lpr":469.88,"lq":2.34,"d":151798},{"pi":"423861","pc":"Бакалея","ss":20000,"td":"Окраина","dc":1,"n":119.51,"vc":"3126","sl":"Элитный","sv":"66","p":1351.42,"q":9.44,"b":0.0,"ms":0.23,"wi":5.29,"ei":5.0,"as":143.31,"mi":"E","mv":29176,"sc":1,"lpe":99.77,"lpr":502.29,"lq":1.0,"d":2912821},{"pi":"423861","pc":"Бакалея","ss":500,"td":"Центр города","dc":5,"n":182.33,"vc":"829","sl":"Низкий","sv":"100","p":1900.0,"q":19.42,"b":0.0,"ms":0.04,"wi":42.09,"ei":11.41,"as":1006.65,"mi":"E","mv":239666,"sc":1,"lpe":99.96,"lpr":1120.68,"lq":1.0,"d":1126726},{"pi":"423861","pc":"Бакалея","ss":100000,"td":"Фешенебельный район","dc":1,"n":684.09,"vc":"205948","sl":"Элитный","sv":"23070","p":1725.0,"q":25.65,"b":4.71,"ms":12.31,"wi":22.05,"ei":8.06,"as":455.88,"mi":"E","mv":187348,"sc":2,"lpe":75.81,"lpr":484.64,"lq":2.72,"d":1147914},{"pi":"423861","pc":"Бакалея","ss":100000,"td":"Спальный район","dc":6,"n":368.78,"vc":"49655","sl":"Элитный","sv":"22257","p":1200.0,"q":19.46,"b":3.57,"ms":11.88,"wi":22.05,"ei":8.06,"as":455.88,"mi":"E","mv":187348,"sc":2,"lpe":75.81,"lpr":484.64,"lq":2.72,"d":1147914},{"pi":"423861","pc":"Бакалея","ss":10000,"td":"Фешенебельный район","dc":1,"n":688.57,"vc":"23681","sl":"Элитный","sv":"25500","p":2171.0,"q":25.54,"b":1.06,"ms":14.52,"wi":28.21,"ei":6.32,"as":381.06,"mi":"E","mv":175579,"sc":1,"lpe":85.48,"lpr":482.46,"lq":2.36,"d":903431},{"pi":"423861","pc":"Бакалея","ss":100000,"td":"Центр города","dc":1,"n":538.12,"vc":"308509","sl":"Элитный","sv":"100","p":1400.0,"q":19.42,"b":0.0,"ms":1.22,"wi":6.1,"ei":3.95,"as":95.96,"mi":"E","mv":8191,"sc":1,"lpe":98.78,"lpr":658.49,"lq":1.0,"d":658825},{"pi":"423861","pc":"Бакалея","ss":10000,"td":"Фешенебельный район","dc":1,"n":630.01,"vc":"25314","sl":"Элитный","sv":"150000","p":1913.0,"q":26.67,"b":3.41,"ms":11.62,"wi":32.56,"ei":9.23,"as":456.15,"mi":"E","mv":1291394,"sc":2,"lpe":88.38,"lpr":475.95,"lq":2.14,"d":3767586},{"pi":"423861","pc":"Бакалея","ss":10000,"td":"Центр города","dc":2,"n":229.8,"vc":"10768","sl":"Элитный","sv":"100","p":1199.12,"q":19.42,"b":0.0,"ms":0.01,"wi":32.56,"ei":9.23,"as":456.15,"mi":"E","mv":1291394,"sc":2,"lpe":88.38,"lpr":475.95,"lq":2.14,"d":3767586},{"pi":"423861","pc":"Бакалея","ss":100000,"td":"Фешенебельный район","dc":1,"n":686.45,"vc":"230770","sl":"Элитный","sv":"34796","p":2182.0,"q":25.54,"b":4.52,"ms":13.39,"wi":20.41,"ei":3.9,"as":162.9,"mi":"E","mv":259941,"sc":1,"lpe":86.61,"lpr":406.2,"lq":1.46,"d":714816},{"pi":"423861","pc":"Бакалея","ss":111000,"td":"Фешенебельный район","dc":2,"n":189.28,"vc":"3872","sl":"Элитный","sv":"3000","p":1650.0,"q":23.9,"b":0.0,"ms":1.24,"wi":23.17,"ei":4.83,"as":185.71,"mi":"E","mv":241464,"sc":1,"lpe":98.76,"lpr":706.79,"lq":1.0,"d":1367840},{"pi":"423861","pc":"Бакалея","ss":100000,"td":"Фешенебельный район","dc":1,"n":684.99,"vc":"384534","sl":"Элитный","sv":"138932","p":825.5,"q":25.63,"b":3.16,"ms":14.56,"wi":10.98,"ei":3.5,"as":159.25,"mi":"E","mv":954521,"sc":1,"lpe":85.44,"lpr":169.5,"lq":1.05,"d":5132798},{"pi":"423861","pc":"Бакалея","ss":3000,"td":"Пригород","dc":2,"n":0.08,"vc":"331","sl":"Высокий","sv":"78","p":422.0,"q":1.0,"b":0.0,"ms":0.05,"wi":18.97,"ei":2.1,"as":51.11,"mi":"E","mv":157020,"sc":1,"lpe":99.95,"lpr":638.97,"lq":1.0,"d":2081834},{"pi":"423861","pc":"Бакалея","ss":5000,"td":"Центр города","dc":2,"n":201.35,"vc":"1602","sl":"Очень высокий","sv":"1","p":700.0,"q":8.13,"b":0.0,"ms":0.01,"wi":8.9,"ei":2.63,"as":155.74,"mi":"E","mv":8323,"sc":1,"lpe":99.99,"lpr":551.84,"lq":1.0,"d":402868},{"pi":"423861","pc":"Бакалея","ss":100000,"td":"Фешенебельный район","dc":1,"n":688.36,"vc":"222002","sl":"Элитный","sv":"26500","p":2125.0,"q":25.65,"b":4.64,"ms":14.77,"wi":52.44,"ei":11.56,"as":1499.2,"mi":"E","mv":179471,"sc":2,"lpe":83.84,"lpr":538.54,"lq":2.57,"d":607176},{"pi":"423861","pc":"Бакалея","ss":10000,"td":"Центр города","dc":4,"n":347.91,"vc":"11060","sl":"Очень высокий","sv":"2500","p":500.0,"q":13.68,"b":0.0,"ms":1.39,"wi":52.44,"ei":11.56,"as":1499.2,"mi":"E","mv":179471,"sc":2,"lpe":83.84,"lpr":538.54,"lq":2.57,"d":607176},{"pi":"423861","pc":"Бакалея","ss":120000,"td":"Центр города","dc":10,"n":681.59,"vc":"527964","sl":"Низкий","sv":"5000","p":362.0,"q":13.68,"b":0.0,"ms":11.0,"wi":22.93,"ei":10.24,"as":1034.81,"mi":"E","mv":45463,"sc":1,"lpe":89.0,"lpr":505.03,"lq":2.76,"d":191772},{"pi":"423861","pc":"Бакалея","ss":300000,"td":"Фешенебельный район","dc":1,"n":682.8,"vc":"819373","sl":"Элитный","sv":"120000","p":1939.0,"q":26.67,"b":2.34,"ms":13.75,"wi":41.0,"ei":10.98,"as":1160.85,"mi":"E","mv":872643,"sc":2,"lpe":85.1,"lpr":546.64,"lq":2.73,"d":2838504},{"pi":"423861","pc":"Бакалея","ss":100000,"td":"Центр города","dc":3,"n":361.95,"vc":"110045","sl":"Элитный","sv":"10000","p":1100.0,"q":19.44,"b":0.0,"ms":1.15,"wi":41.0,"ei":10.98,"as":1160.85,"mi":"E","mv":872643,"sc":2,"lpe":85.1,"lpr":546.64,"lq":2.73,"d":2838504},{"pi":"423861","pc":"Бакалея","ss":100000,"td":"Фешенебельный район","dc":1,"n":693.25,"vc":"138549","sl":"Элитный","sv":"8277","p":2141.0,"q":25.31,"b":0.0,"ms":26.98,"wi":24.81,"ei":4.86,"as":241.5,"mi":"E","mv":30682,"sc":1,"lpe":73.02,"lpr":477.83,"lq":1.36,"d":155562},{"pi":"423861","pc":"Бакалея","ss":300000,"td":"Фешенебельный район","dc":1,"n":682.76,"vc":"853970","sl":"Элитный","sv":"150000","p":1810.0,"q":27.02,"b":3.51,"ms":14.36,"wi":33.51,"ei":8.27,"as":568.82,"mi":"E","mv":1044245,"sc":1,"lpe":85.64,"lpr":486.46,"lq":2.28,"d":3198452},{"pi":"423861","pc":"Бакалея","ss":100000,"td":"Фешенебельный район","dc":4,"n":449.1,"vc":"25512","sl":"Элитный","sv":"7000","p":1030.0,"q":19.47,"b":0.0,"ms":9.55,"wi":12.86,"ei":4.76,"as":108.8,"mi":"E","mv":73270,"sc":1,"lpe":90.45,"lpr":475.31,"lq":1.0,"d":1296696},{"pi":"423861","pc":"Бакалея","ss":100000,"td":"Фешенебельный район","dc":1,"n":664.22,"vc":"398958","sl":"Элитный","sv":"200000","p":1248.0,"q":26.67,"b":2.97,"ms":8.76,"wi":24.65,"ei":5.1,"as":370.0,"mi":"E","mv":2284037,"sc":2,"lpe":91.2,"lpr":377.88,"lq":1.0,"d":6290840},{"pi":"423861","pc":"Бакалея","ss":100000,"td":"Центр города","dc":1,"n":230.71,"vc":"41161","sl":"Элитный","sv":"1000","p":900.0,"q":18.46,"b":0.0,"ms":0.04,"wi":24.65,"ei":5.1,"as":370.0,"mi":"E","mv":2284037,"sc":2,"lpe":91.2,"lpr":377.88,"lq":1.0,"d":6290840},{"pi":"423861","pc":"Бакалея","ss":300000,"td":"Фешенебельный район","dc":1,"n":679.85,"vc":"1328963","sl":"Элитный","sv":"423329","p":1461.0,"q":25.48,"b":2.97,"ms":19.63,"wi":22.82,"ei":5.29,"as":396.9,"mi":"E","mv":2156813,"sc":2,"lpe":80.37,"lpr":475.31,"lq":2.3,"d":12257756},{"pi":"423861","pc":"Бакалея","ss":10000,"td":"Спальный район","dc":4,"n":56.04,"vc":"4113","sl":"Элитный","sv":"100","p":718.81,"q":19.42,"b":0.0,"ms":0.0,"wi":22.82,"ei":5.29,"as":396.9,"mi":"E","mv":2156813,"sc":2,"lpe":80.37,"lpr":475.31,"lq":2.3,"d":12257756},{"pi":"423861","pc":"Бакалея","ss":2000,"td":"Центр города","dc":1,"n":322.79,"vc":"3291","sl":"Элитный","sv":"100","p":650.0,"q":19.42,"b":0.0,"ms":0.28,"wi":16.44,"ei":6.38,"as":303.12,"mi":"E","mv":35885,"sc":1,"lpe":99.72,"lpr":535.66,"lq":1.0,"d":319728},{"pi":"423861","pc":"Бакалея","ss":100000,"td":"Фешенебельный район","dc":1,"n":684.0,"vc":"368609","sl":"Элитный","sv":"66914","p":845.4,"q":25.65,"b":2.97,"ms":7.25,"wi":19.08,"ei":5.45,"as":314.3,"mi":"E","mv":923468,"sc":1,"lpe":92.75,"lpr":196.17,"lq":1.0,"d":2913722},{"pi":"423861","pc":"Бакалея","ss":100000,"td":"Фешенебельный район","dc":1,"n":691.99,"vc":"234342","sl":"Элитный","sv":"30000","p":1516.0,"q":27.02,"b":4.28,"ms":14.86,"wi":25.95,"ei":7.02,"as":404.87,"mi":"E","mv":201868,"sc":1,"lpe":85.14,"lpr":338.36,"lq":1.28,"d":641370},{"pi":"423861","pc":"Бакалея","ss":100000,"td":"Фешенебельный район","dc":1,"n":676.74,"vc":"440004","sl":"Элитный","sv":"160000","p":2326.0,"q":25.65,"b":3.08,"ms":14.41,"wi":21.01,"ei":4.1,"as":60.01,"mi":"E","mv":1110415,"sc":2,"lpe":85.59,"lpr":477.36,"lq":2.16,"d":5900000},{"pi":"423861","pc":"Бакалея","ss":20000,"td":"Центр города","dc":2,"n":37.14,"vc":"3255","sl":"Элитный","sv":"1","p":700.0,"q":8.13,"b":0.0,"ms":0.0,"wi":21.01,"ei":4.1,"as":60.01,"mi":"E","mv":1110415,"sc":2,"lpe":85.59,"lpr":477.36,"lq":2.16,"d":5900000},{"pi":"423861","pc":"Бакалея","ss":100000,"td":"Фешенебельный район","dc":1,"n":670.91,"vc":"292100","sl":"Элитный","sv":"67172","p":2427.0,"q":25.53,"b":3.08,"ms":17.63,"wi":22.21,"ei":4.31,"as":61.89,"mi":"E","mv":380939,"sc":1,"lpe":82.37,"lpr":474.13,"lq":2.14,"d":2148066},{"pi":"423861","pc":"Бакалея","ss":1000,"td":"Центр города","dc":1,"n":315.16,"vc":"1245","sl":"Элитный","sv":"8223","p":1200.0,"q":7.54,"b":0.0,"ms":17.24,"wi":43.74,"ei":10.04,"as":1360.0,"mi":"E","mv":47688,"sc":1,"lpe":82.76,"lpr":665.72,"lq":1.0,"d":234090},{"pi":"423861","pc":"Бакалея","ss":1000,"td":"Фешенебельный район","dc":1,"n":195.28,"vc":"66","sl":"Элитный","sv":"468","p":1000.0,"q":12.78,"b":0.0,"ms":3.2,"wi":37.51,"ei":9.62,"as":1479.61,"mi":"E","mv":14640,"sc":2,"lpe":94.02,"lpr":500.41,"lq":1.0,"d":255028},{"pi":"423861","pc":"Бакалея","ss":1000,"td":"Центр города","dc":1,"n":608.04,"vc":"6747","sl":"Нормальный","sv":"407","p":1550.0,"q":24.28,"b":0.0,"ms":2.78,"wi":37.51,"ei":9.62,"as":1479.61,"mi":"E","mv":14640,"sc":2,"lpe":94.02,"lpr":500.41,"lq":1.0,"d":255028},{"pi":"423861","pc":"Бакалея","ss":300000,"td":"Фешенебельный район","dc":1,"n":675.86,"vc":"1283491","sl":"Элитный","sv":"150764","p":2451.0,"q":27.02,"b":2.91,"ms":6.97,"wi":20.14,"ei":5.38,"as":88.25,"mi":"E","mv":2161584,"sc":1,"lpe":93.03,"lpr":471.9,"lq":1.69,"d":12381354},{"pi":"423861","pc":"Бакалея","ss":100000,"td":"Фешенебельный район","dc":1,"n":689.42,"vc":"280898","sl":"Элитный","sv":"69088","p":2249.0,"q":25.58,"b":4.28,"ms":16.45,"wi":29.56,"ei":5.84,"as":351.52,"mi":"E","mv":420091,"sc":1,"lpe":83.55,"lpr":550.47,"lq":2.12,"d":1155227},{"pi":"423861","pc":"Бакалея","ss":500,"td":"Спальный район","dc":1,"n":284.42,"vc":"611","sl":"Элитный","sv":"100","p":808.0,"q":19.42,"b":0.0,"ms":0.2,"wi":18.11,"ei":5.36,"as":274.3,"mi":"E","mv":49980,"sc":1,"lpe":99.8,"lpr":533.46,"lq":1.0,"d":384717},{"pi":"423861","pc":"Бакалея","ss":100000,"td":"Фешенебельный район","dc":1,"n":675.04,"vc":"264121","sl":"Элитный","sv":"40954","p":2584.0,"q":25.64,"b":4.28,"ms":15.01,"wi":22.38,"ei":8.56,"as":364.75,"mi":"E","mv":272884,"sc":1,"lpe":84.99,"lpr":541.3,"lq":2.46,"d":1658627},{"pi":"423861","pc":"Бакалея","ss":100000,"td":"Фешенебельный район","dc":10,"n":255.31,"vc":"8853","sl":"Элитный","sv":"500","p":2000.0,"q":8.02,"b":0.0,"ms":0.09,"wi":32.5,"ei":8.75,"as":394.01,"mi":"E","mv":534340,"sc":1,"lpe":99.91,"lpr":1065.55,"lq":1.0,"d":2812406},{"pi":"423861","pc":"Бакалея","ss":1000,"td":"Центр города","dc":2,"n":64.63,"vc":"382","sl":"Низкий","sv":"1","p":700.0,"q":8.13,"b":0.0,"ms":0.0,"wi":9.34,"ei":3.55,"as":151.24,"mi":"E","mv":25721,"sc":1,"lpe":100.0,"lpr":558.77,"lq":1.0,"d":1122560},{"pi":"423861","pc":"Бакалея","ss":110000,"td":"Фешенебельный район","dc":1,"n":595.83,"vc":"82785","sl":"Элитный","sv":"3517","p":3000.0,"q":22.65,"b":0.0,"ms":3.44,"wi":32.14,"ei":8.54,"as":796.22,"mi":"E","mv":102226,"sc":1,"lpe":96.56,"lpr":922.68,"lq":1.0,"d":788262},{"pi":"423861","pc":"Бакалея","ss":100000,"td":"Фешенебельный район","dc":1,"n":679.31,"vc":"273959","sl":"Элитный","sv":"76045","p":1374.0,"q":25.59,"b":0.0,"ms":17.06,"wi":49.54,"ei":10.29,"as":760.4,"mi":"E","mv":445662,"sc":3,"lpe":82.51,"lpr":513.67,"lq":2.96,"d":1419772},{"pi":"423861","pc":"Бакалея","ss":100000,"td":"Фешенебельный район","dc":1,"n":381.06,"vc":"15567","sl":"Элитный","sv":"1328","p":1500.0,"q":24.21,"b":0.0,"ms":0.3,"wi":49.54,"ei":10.29,"as":760.4,"mi":"E","mv":445662,"sc":3,"lpe":82.51,"lpr":513.67,"lq":2.96,"d":1419772},{"pi":"423861","pc":"Бакалея","ss":10000,"td":"Центр города","dc":1,"n":323.82,"vc":"12459","sl":"Элитный","sv":"554","p":1030.0,"q":7.67,"b":0.0,"ms":0.12,"wi":49.54,"ei":10.29,"as":760.4,"mi":"E","mv":445662,"sc":3,"lpe":82.51,"lpr":513.67,"lq":2.96,"d":1419772},{"pi":"423861","pc":"Бакалея","ss":2000,"td":"Центр города","dc":2,"n":313.8,"vc":"7067","sl":"Нормальный","sv":"43","p":1500.0,"q":6.87,"b":0.0,"ms":0.01,"wi":15.65,"ei":2.0,"as":55.04,"mi":"E","mv":509007,"sc":1,"lpe":99.99,"lpr":588.86,"lq":1.0,"d":6080000},{"pi":"423861","pc":"Бакалея","ss":50000,"td":"Центр города","dc":2,"n":126.42,"vc":"8644","sl":"Низкий","sv":"1","p":700.0,"q":8.13,"b":0.0,"ms":0.0,"wi":10.15,"ei":1.02,"as":41.11,"mi":"E","mv":90210,"sc":1,"lpe":100.0,"lpr":484.92,"lq":1.0,"d":3450000},{"pi":"423861","pc":"Бакалея","ss":300000,"td":"Фешенебельный район","dc":1,"n":583.9,"vc":"528243","sl":"Элитный","sv":"625730","p":2191.0,"q":25.57,"b":2.91,"ms":18.57,"wi":25.77,"ei":5.34,"as":121.56,"mi":"E","mv":3369589,"sc":1,"lpe":81.43,"lpr":475.86,"lq":2.47,"d":12237176},{"pi":"423861","pc":"Бакалея","ss":100000,"td":"Фешенебельный район","dc":1,"n":640.66,"vc":"269794","sl":"Элитный","sv":"200000","p":1628.0,"q":27.02,"b":2.91,"ms":14.78,"wi":20.86,"ei":2.5,"as":66.86,"mi":"E","mv":1353314,"sc":3,"lpe":84.56,"lpr":344.14,"lq":1.28,"d":3929484},{"pi":"423861","pc":"Бакалея","ss":11000,"td":"Центр города","dc":6,"n":236.52,"vc":"9852","sl":"Очень высокий","sv":"9000","p":186.0,"q":13.68,"b":0.0,"ms":0.67,"wi":20.86,"ei":2.5,"as":66.86,"mi":"E","mv":1353314,"sc":3,"lpe":84.56,"lpr":344.14,"lq":1.28,"d":3929484},{"pi":"423861","pc":"Бакалея","ss":20000,"td":"Центр города","dc":2,"n":74.79,"vc":"3817","sl":"Очень высокий","sv":"1","p":700.0,"q":8.13,"b":0.0,"ms":0.0,"wi":20.86,"ei":2.5,"as":66.86,"mi":"E","mv":1353314,"sc":3,"lpe":84.56,"lpr":344.14,"lq":1.28,"d":3929484},{"pi":"423861","pc":"Бакалея","ss":100000,"td":"Фешенебельный район","dc":1,"n":677.68,"vc":"426292","sl":"Элитный","sv":"35037","p":2581.0,"q":25.65,"b":2.91,"ms":7.64,"wi":14.03,"ei":2.8,"as":59.54,"mi":"E","mv":458776,"sc":2,"lpe":92.36,"lpr":470.74,"lq":2.41,"d":5251144},{"pi":"423861","pc":"Бакалея","ss":20000,"td":"Центр города","dc":2,"n":65.58,"vc":"3924","sl":"Элитный","sv":"1","p":700.0,"q":8.13,"b":0.0,"ms":0.0,"wi":14.03,"ei":2.8,"as":59.54,"mi":"E","mv":458776,"sc":2,"lpe":92.36,"lpr":470.74,"lq":2.41,"d":5251144},{"pi":"423861","pc":"Бакалея","ss":100000,"td":"Фешенебельный район","dc":1,"n":682.99,"vc":"222917","sl":"Элитный","sv":"30950","p":1624.0,"q":27.02,"b":4.52,"ms":14.18,"wi":31.55,"ei":10.41,"as":515.82,"mi":"E","mv":218280,"sc":1,"lpe":85.82,"lpr":379.25,"lq":1.32,"d":887464},{"pi":"423861","pc":"Бакалея","ss":300000,"td":"Фешенебельный район","dc":1,"n":653.59,"vc":"1058319","sl":"Элитный","sv":"275446","p":2182.0,"q":26.29,"b":3.04,"ms":12.72,"wi":23.07,"ei":9.0,"as":148.67,"mi":"E","mv":2166253,"sc":5,"lpe":84.29,"lpr":432.04,"lq":2.31,"d":13151602},{"pi":"423861","pc":"Бакалея","ss":110000,"td":"Центр города","dc":2,"n":359.45,"vc":"197616","sl":"Элитный","sv":"55547","p":1600.0,"q":22.57,"b":0.0,"ms":2.56,"wi":23.07,"ei":9.0,"as":148.67,"mi":"E","mv":2166253,"sc":5,"lpe":84.29,"lpr":432.04,"lq":2.31,"d":13151602},{"pi":"423861","pc":"Бакалея","ss":100000,"td":"Центр города","dc":8,"n":325.97,"vc":"133165","sl":"Высокий","sv":"5000","p":600.0,"q":13.68,"b":0.0,"ms":0.23,"wi":23.07,"ei":9.0,"as":148.67,"mi":"E","mv":2166253,"sc":5,"lpe":84.29,"lpr":432.04,"lq":2.31,"d":13151602},{"pi":"423861","pc":"Бакалея","ss":200000,"td":"Центр города","dc":7,"n":263.57,"vc":"116127","sl":"Элитный","sv":"4163","p":900.0,"q":5.52,"b":0.0,"ms":0.19,"wi":23.07,"ei":9.0,"as":148.67,"mi":"E","mv":2166253,"sc":5,"lpe":84.29,"lpr":432.04,"lq":2.31,"d":13151602},{"pi":"423861","pc":"Бакалея","ss":200000,"td":"Центр города","dc":3,"n":281.37,"vc":"139745","sl":"Элитный","sv":"200","p":1600.0,"q":12.8,"b":0.89,"ms":0.01,"wi":23.07,"ei":9.0,"as":148.67,"mi":"E","mv":2166253,"sc":5,"lpe":84.29,"lpr":432.04,"lq":2.31,"d":13151602},{"pi":"423861","pc":"Бакалея","ss":100000,"td":"Фешенебельный район","dc":1,"n":668.07,"vc":"394866","sl":"Элитный","sv":"155631","p":2125.0,"q":25.48,"b":3.04,"ms":15.45,"wi":20.18,"ei":6.66,"as":92.32,"mi":"E","mv":1007558,"sc":1,"lpe":84.55,"lpr":433.11,"lq":1.81,"d":5598351},{"pi":"423861","pc":"Бакалея","ss":300000,"td":"Фешенебельный район","dc":1,"n":690.55,"vc":"518989","sl":"Элитный","sv":"20000","p":848.7,"q":27.32,"b":3.04,"ms":14.69,"wi":12.37,"ei":5.73,"as":82.93,"mi":"E","mv":136148,"sc":1,"lpe":85.31,"lpr":272.51,"lq":1.11,"d":840301},{"pi":"423861","pc":"Бакалея","ss":100000,"td":"Фешенебельный район","dc":1,"n":688.31,"vc":"240206","sl":"Элитный","sv":"36000","p":2679.0,"q":25.65,"b":3.28,"ms":14.48,"wi":27.73,"ei":5.96,"as":313.5,"mi":"E","mv":248535,"sc":1,"lpe":85.52,"lpr":548.94,"lq":2.57,"d":761636},{"pi":"423861","pc":"Бакалея","ss":11000,"td":"Фешенебельный район","dc":10,"n":469.19,"vc":"1186","sl":"Элитный","sv":"100","p":1446.55,"q":8.02,"b":0.0,"ms":12.39,"wi":8.54,"ei":5.89,"as":289.07,"mi":"E","mv":807,"sc":1,"lpe":87.61,"lpr":1133.2,"lq":1.51,"d":65873},{"pi":"423861","pc":"Бакалея","ss":100000,"td":"Фешенебельный район","dc":1,"n":692.3,"vc":"221186","sl":"Элитный","sv":"16000","p":3035.0,"q":26.67,"b":3.28,"ms":13.56,"wi":19.0,"ei":6.87,"as":241.28,"mi":"E","mv":117978,"sc":1,"lpe":86.44,"lpr":545.11,"lq":1.2,"d":2046610},{"pi":"423861","pc":"Бакалея","ss":100000,"td":"Фешенебельный район","dc":1,"n":664.16,"vc":"281174","sl":"Элитный","sv":"29219","p":2580.0,"q":27.02,"b":3.84,"ms":7.68,"wi":19.88,"ei":6.02,"as":127.25,"mi":"E","mv":380681,"sc":4,"lpe":88.99,"lpr":468.2,"lq":2.01,"d":2750721},{"pi":"423861","pc":"Бакалея","ss":100000,"td":"Фешенебельный район","dc":10,"n":53.25,"vc":"1185","sl":"Элитный","sv":"7686","p":900.0,"q":12.15,"b":0.0,"ms":2.02,"wi":19.88,"ei":6.02,"as":127.25,"mi":"E","mv":380681,"sc":4,"lpe":88.99,"lpr":468.2,"lq":2.01,"d":2750721},{"pi":"423861","pc":"Бакалея","ss":100000,"td":"Центр города","dc":1,"n":353.45,"vc":"94479","sl":"Элитный","sv":"5000","p":1700.0,"q":24.25,"b":0.0,"ms":1.31,"wi":19.88,"ei":6.02,"as":127.25,"mi":"E","mv":380681,"sc":4,"lpe":88.99,"lpr":468.2,"lq":2.01,"d":2750721},{"pi":"423861","pc":"Бакалея","ss":1000,"td":"Центр города","dc":2,"n":14.29,"vc":"607","sl":"Элитный","sv":"1","p":700.0,"q":8.13,"b":0.0,"ms":0.0,"wi":19.88,"ei":6.02,"as":127.25,"mi":"E","mv":380681,"sc":4,"lpe":88.99,"lpr":468.2,"lq":2.01,"d":2750721},{"pi":"423861","pc":"Бакалея","ss":300000,"td":"Фешенебельный район","dc":1,"n":661.37,"vc":"984856","sl":"Элитный","sv":"420501","p":2142.0,"q":25.65,"b":3.45,"ms":13.37,"wi":37.85,"ei":8.73,"as":677.93,"mi":"E","mv":3144316,"sc":3,"lpe":86.63,"lpr":539.98,"lq":2.47,"d":8646844},{"pi":"423861","pc":"Бакалея","ss":100000,"td":"Фешенебельный район","dc":9,"n":153.9,"vc":"3297","sl":"Элитный","sv":"29","p":1800.0,"q":19.27,"b":0.0,"ms":0.0,"wi":37.85,"ei":8.73,"as":677.93,"mi":"E","mv":3144316,"sc":3,"lpe":86.63,"lpr":539.98,"lq":2.47,"d":8646844},{"pi":"423861","pc":"Бакалея","ss":22200,"td":"Центр города","dc":10,"n":230.33,"vc":"18567","sl":"Высокий","sv":"6","p":1986.59,"q":11.4,"b":0.0733333333333333,"ms":0.0,"wi":37.85,"ei":8.73,"as":677.93,"mi":"E","mv":3144316,"sc":3,"lpe":86.63,"lpr":539.98,"lq":2.47,"d":8646844},{"pi":"423861","pc":"Бакалея","ss":1000,"td":"Центр города","dc":2,"n":218.61,"vc":"691","sl":"Элитный","sv":"51","p":800.0,"q":6.01,"b":0.0,"ms":0.42,"wi":27.74,"ei":5.82,"as":432.12,"mi":"E","mv":12066,"sc":1,"lpe":99.58,"lpr":1181.06,"lq":1.0,"d":125000},{"pi":"423861","pc":"Бакалея","ss":100000,"td":"Фешенебельный район","dc":1,"n":679.25,"vc":"304587","sl":"Элитный","sv":"50000","p":2483.0,"q":25.65,"b":3.84,"ms":14.12,"wi":16.74,"ei":5.63,"as":170.47,"mi":"E","mv":354025,"sc":3,"lpe":83.46,"lpr":479.61,"lq":2.2,"d":1951465},{"pi":"423861","pc":"Бакалея","ss":100000,"td":"Центр города","dc":2,"n":152.84,"vc":"12862","sl":"Элитный","sv":"5000","p":700.0,"q":8.13,"b":0.0,"ms":1.41,"wi":16.74,"ei":5.63,"as":170.47,"mi":"E","mv":354025,"sc":3,"lpe":83.46,"lpr":479.61,"lq":2.2,"d":1951465},{"pi":"423861","pc":"Бакалея","ss":100000,"td":"Фешенебельный район","dc":10,"n":13.14,"vc":"504","sl":"Элитный","sv":"3570","p":320.0,"q":12.27,"b":0.0,"ms":1.01,"wi":16.74,"ei":5.63,"as":170.47,"mi":"E","mv":354025,"sc":3,"lpe":83.46,"lpr":479.61,"lq":2.2,"d":1951465},{"pi":"423861","pc":"Бакалея","ss":100000,"td":"Фешенебельный район","dc":1,"n":680.68,"vc":"350016","sl":"Низкий","sv":"102602","p":1912.0,"q":25.49,"b":3.84,"ms":18.37,"wi":28.0,"ei":6.18,"as":147.24,"mi":"E","mv":558418,"sc":2,"lpe":81.63,"lpr":473.21,"lq":1.98,"d":2872874},{"pi":"423861","pc":"Бакалея","ss":1000,"td":"Центр города","dc":2,"n":16.9,"vc":"654","sl":"Высокий","sv":"1","p":700.0,"q":8.13,"b":0.0,"ms":0.0,"wi":28.0,"ei":6.18,"as":147.24,"mi":"E","mv":558418,"sc":2,"lpe":81.63,"lpr":473.21,"lq":1.98,"d":2872874},{"pi":"423861","pc":"Бакалея","ss":100000,"td":"Фешенебельный район","dc":1,"n":673.99,"vc":"278881","sl":"Элитный","sv":"112992","p":2411.0,"q":26.49,"b":3.45,"ms":17.97,"wi":33.06,"ei":5.72,"as":380.0,"mi":"E","mv":628783,"sc":2,"lpe":82.03,"lpr":543.51,"lq":2.22,"d":1729130},{"pi":"423861","pc":"Бакалея","ss":13000,"td":"Центр города","dc":1,"n":185.71,"vc":"5525","sl":"Элитный","sv":"9","p":2000.0,"q":18.7,"b":0.0,"ms":0.0,"wi":33.06,"ei":5.72,"as":380.0,"mi":"E","mv":628783,"sc":2,"lpe":82.03,"lpr":543.51,"lq":2.22,"d":1729130},{"pi":"423861","pc":"Бакалея","ss":2200,"td":"Спальный район","dc":7,"n":214.33,"vc":"1318","sl":"Низкий","sv":"135","p":978.55,"q":10.01,"b":0.0,"ms":0.91,"wi":7.16,"ei":2.08,"as":72.09,"mi":"E","mv":14849,"sc":2,"lpe":99.08,"lpr":487.39,"lq":1.0,"d":712206},{"pi":"423861","pc":"Бакалея","ss":1000,"td":"Центр города","dc":2,"n":38.36,"vc":"423","sl":"Элитный","sv":"1","p":700.0,"q":8.13,"b":0.0,"ms":0.01,"wi":7.16,"ei":2.08,"as":72.09,"mi":"E","mv":14849,"sc":2,"lpe":99.08,"lpr":487.39,"lq":1.0,"d":712206},{"pi":"423861","pc":"Бакалея","ss":1000,"td":"Центр города","dc":2,"n":27.42,"vc":"462","sl":"Очень высокий","sv":"1","p":700.0,"q":8.13,"b":0.0,"ms":0.01,"wi":6.14,"ei":2.77,"as":84.0,"mi":"E","mv":9675,"sc":1,"lpe":99.99,"lpr":554.23,"lq":1.0,"d":1053597},{"pi":"423861","pc":"Бакалея","ss":100000,"td":"Фешенебельный район","dc":1,"n":685.3,"vc":"278704","sl":"Элитный","sv":"70131","p":2079.0,"q":27.0,"b":3.55,"ms":19.39,"wi":53.52,"ei":10.43,"as":1156.77,"mi":"E","mv":361653,"sc":1,"lpe":80.61,"lpr":542.54,"lq":2.19,"d":1264874},{"pi":"423861","pc":"Бакалея","ss":100000,"td":"Фешенебельный район","dc":1,"n":687.98,"vc":"324351","sl":"Элитный","sv":"83313","p":2019.0,"q":25.54,"b":3.55,"ms":17.34,"wi":42.78,"ei":9.65,"as":844.82,"mi":"E","mv":480415,"sc":3,"lpe":80.75,"lpr":544.82,"lq":2.98,"d":1812514},{"pi":"423861","pc":"Бакалея","ss":10000,"td":"Центр города","dc":3,"n":433.81,"vc":"30611","sl":"Нормальный","sv":"6000","p":355.0,"q":13.68,"b":0.0,"ms":1.25,"wi":42.78,"ei":9.65,"as":844.82,"mi":"E","mv":480415,"sc":3,"lpe":80.75,"lpr":544.82,"lq":2.98,"d":1812514},{"pi":"423861","pc":"Бакалея","ss":100000,"td":"Центр города","dc":2,"n":158.73,"vc":"13328","sl":"Элитный","sv":"3187","p":1200.0,"q":18.77,"b":0.0,"ms":0.66,"wi":42.78,"ei":9.65,"as":844.82,"mi":"E","mv":480415,"sc":3,"lpe":80.75,"lpr":544.82,"lq":2.98,"d":1812514},{"pi":"423861","pc":"Бакалея","ss":100000,"td":"Фешенебельный район","dc":1,"n":631.93,"vc":"194599","sl":"Элитный","sv":"80000","p":2032.0,"q":27.02,"b":3.03,"ms":14.81,"wi":53.29,"ei":11.63,"as":1039.25,"mi":"E","mv":540049,"sc":2,"lpe":84.08,"lpr":549.21,"lq":2.81,"d":1964160},{"pi":"423861","pc":"Бакалея","ss":14100,"td":"Фешенебельный район","dc":7,"n":458.65,"vc":"7386","sl":"Очень высокий","sv":"6000","p":465.0,"q":13.68,"b":0.0,"ms":1.11,"wi":53.29,"ei":11.63,"as":1039.25,"mi":"E","mv":540049,"sc":2,"lpe":84.08,"lpr":549.21,"lq":2.81,"d":1964160},{"pi":"423861","pc":"Бакалея","ss":100000,"td":"Фешенебельный район","dc":1,"n":687.85,"vc":"288610","sl":"Элитный","sv":"24918","p":2556.0,"q":25.54,"b":3.28,"ms":11.41,"wi":28.94,"ei":6.76,"as":297.68,"mi":"E","mv":218447,"sc":1,"lpe":88.59,"lpr":537.17,"lq":2.57,"d":1302926},{"pi":"423861","pc":"Бакалея","ss":300000,"td":"Фешенебельный район","dc":1,"n":681.07,"vc":"1069702","sl":"Элитный","sv":"361448","p":2716.0,"q":25.52,"b":3.08,"ms":16.06,"wi":33.86,"ei":10.15,"as":292.02,"mi":"E","mv":2251201,"sc":6,"lpe":83.15,"lpr":538.01,"lq":2.82,"d":6376122},{"pi":"423861","pc":"Бакалея","ss":100000,"td":"Центр города","dc":1,"n":254.8,"vc":"78202","sl":"Элитный","sv":"17457","p":2000.0,"q":19.33,"b":0.0,"ms":0.78,"wi":33.86,"ei":10.15,"as":292.02,"mi":"E","mv":2251201,"sc":6,"lpe":83.15,"lpr":538.01,"lq":2.82,"d":6376122},{"pi":"423861","pc":"Бакалея","ss":11200,"td":"Окраина","dc":9,"n":273.12,"vc":"13962","sl":"Нормальный","sv":"173","p":1285.57,"q":7.97,"b":0.0,"ms":0.01,"wi":33.86,"ei":10.15,"as":292.02,"mi":"E","mv":2251201,"sc":6,"lpe":83.15,"lpr":538.01,"lq":2.82,"d":6376122},{"pi":"423861","pc":"Бакалея","ss":100000,"td":"Центр города","dc":1,"n":359.22,"vc":"213453","sl":"Элитный","sv":"100","p":2250.0,"q":19.42,"b":0.0,"ms":0.0,"wi":33.86,"ei":10.15,"as":292.02,"mi":"E","mv":2251201,"sc":6,"lpe":83.15,"lpr":538.01,"lq":2.82,"d":6376122},{"pi":"423861","pc":"Бакалея","ss":100000,"td":"Центр города","dc":1,"n":109.12,"vc":"12846","sl":"Элитный","sv":"32","p":1300.0,"q":7.04,"b":0.0,"ms":0.0,"wi":33.86,"ei":10.15,"as":292.02,"mi":"E","mv":2251201,"sc":6,"lpe":83.15,"lpr":538.01,"lq":2.82,"d":6376122},{"pi":"423861","pc":"Бакалея","ss":100000,"td":"Центр города","dc":2,"n":163.25,"vc":"21619","sl":"Элитный","sv":"13","p":2000.0,"q":18.6,"b":0.0,"ms":0.0,"wi":33.86,"ei":10.15,"as":292.02,"mi":"E","mv":2251201,"sc":6,"lpe":83.15,"lpr":538.01,"lq":2.82,"d":6376122},{"pi":"423861","pc":"Бакалея","ss":100000,"td":"Фешенебельный район","dc":1,"n":644.62,"vc":"315712","sl":"Элитный","sv":"150000","p":1804.0,"q":27.02,"b":3.55,"ms":8.68,"wi":54.32,"ei":11.9,"as":1548.35,"mi":"E","mv":1727464,"sc":5,"lpe":88.28,"lpr":551.28,"lq":2.32,"d":5522842},{"pi":"423861","pc":"Бакалея","ss":90000,"td":"Центр города","dc":2,"n":270.43,"vc":"80606","sl":"Элитный","sv":"40000","p":623.0,"q":8.92,"b":0.0,"ms":2.32,"wi":54.32,"ei":11.9,"as":1548.35,"mi":"E","mv":1727464,"sc":5,"lpe":88.28,"lpr":551.28,"lq":2.32,"d":5522842},{"pi":"423861","pc":"Бакалея","ss":10000,"td":"Центр города","dc":3,"n":339.8,"vc":"22558","sl":"Высокий","sv":"12000","p":650.0,"q":13.68,"b":0.0,"ms":0.69,"wi":54.32,"ei":11.9,"as":1548.35,"mi":"E","mv":1727464,"sc":5,"lpe":88.28,"lpr":551.28,"lq":2.32,"d":5522842},{"pi":"423861","pc":"Бакалея","ss":100000,"td":"Центр города","dc":2,"n":154.5,"vc":"18899","sl":"Элитный","sv":"509","p":1100.0,"q":18.54,"b":0.0,"ms":0.03,"wi":54.32,"ei":11.9,"as":1548.35,"mi":"E","mv":1727464,"sc":5,"lpe":88.28,"lpr":551.28,"lq":2.32,"d":5522842},{"pi":"423861","pc":"Бакалея","ss":100000,"td":"Фешенебельный район","dc":1,"n":299.51,"vc":"11432","sl":"Элитный","sv":"4","p":2500.0,"q":22.39,"b":0.0,"ms":0.0,"wi":54.32,"ei":11.9,"as":1548.35,"mi":"E","mv":1727464,"sc":5,"lpe":88.28,"lpr":551.28,"lq":2.32,"d":5522842},{"pi":"423861","pc":"Бакалея","ss":1000,"td":"Центр города","dc":2,"n":81.18,"vc":"406","sl":"Нормальный","sv":"1","p":700.0,"q":8.13,"b":0.0,"ms":0.0,"wi":15.4,"ei":2.94,"as":70.0,"mi":"E","mv":25314,"sc":1,"lpe":100.0,"lpr":483.86,"lq":1.0,"d":249260},{"pi":"423861","pc":"Бакалея","ss":300000,"td":"Фешенебельный район","dc":1,"n":644.42,"vc":"900019","sl":"Элитный","sv":"400000","p":1609.0,"q":26.67,"b":3.03,"ms":13.17,"wi":51.68,"ei":9.19,"as":1176.8,"mi":"E","mv":3036911,"sc":6,"lpe":84.84,"lpr":545.73,"lq":2.78,"d":10648221},{"pi":"423861","pc":"Бакалея","ss":100000,"td":"Центр города","dc":2,"n":155.45,"vc":"36000","sl":"Элитный","sv":"40000","p":710.0,"q":8.92,"b":0.0,"ms":1.32,"wi":51.68,"ei":9.19,"as":1176.8,"mi":"E","mv":3036911,"sc":6,"lpe":84.84,"lpr":545.73,"lq":2.78,"d":10648221},{"pi":"423861","pc":"Бакалея","ss":300000,"td":"Фешенебельный район","dc":4,"n":294.71,"vc":"30008","sl":"Элитный","sv":"10000","p":1100.0,"q":12.8,"b":0.0,"ms":0.33,"wi":51.68,"ei":9.19,"as":1176.8,"mi":"E","mv":3036911,"sc":6,"lpe":84.84,"lpr":545.73,"lq":2.78,"d":10648221},{"pi":"423861","pc":"Бакалея","ss":16200,"td":"Фешенебельный район","dc":7,"n":383.36,"vc":"8253","sl":"Очень высокий","sv":"10000","p":605.0,"q":13.68,"b":0.0,"ms":0.33,"wi":51.68,"ei":9.19,"as":1176.8,"mi":"E","mv":3036911,"sc":6,"lpe":84.84,"lpr":545.73,"lq":2.78,"d":10648221},{"pi":"423861","pc":"Бакалея","ss":100000,"td":"Спальный район","dc":3,"n":294.71,"vc":"68677","sl":"Элитный","sv":"316","p":1500.0,"q":12.61,"b":0.0,"ms":0.01,"wi":51.68,"ei":9.19,"as":1176.8,"mi":"E","mv":3036911,"sc":6,"lpe":84.84,"lpr":545.73,"lq":2.78,"d":10648221},{"pi":"423861","pc":"Бакалея","ss":300000,"td":"Центр города","dc":1,"n":284.67,"vc":"269004","sl":"Элитный","sv":"9","p":1500.0,"q":5.57,"b":0.0,"ms":0.0,"wi":51.68,"ei":9.19,"as":1176.8,"mi":"E","mv":3036911,"sc":6,"lpe":84.84,"lpr":545.73,"lq":2.78,"d":10648221},{"pi":"423861","pc":"Бакалея","ss":10000,"td":"Фешенебельный район","dc":1,"n":645.87,"vc":"22276","sl":"Элитный","sv":"85000","p":1969.0,"q":26.67,"b":4.12,"ms":13.84,"wi":27.38,"ei":6.29,"as":385.9,"mi":"E","mv":614058,"sc":3,"lpe":85.33,"lpr":473.45,"lq":2.53,"d":1869976},{"pi":"423861","pc":"Бакалея","ss":10000,"td":"Фешенебельный район","dc":1,"n":347.28,"vc":"3672","sl":"Элитный","sv":"5000","p":1200.0,"q":24.25,"b":0.0,"ms":0.81,"wi":27.38,"ei":6.29,"as":385.9,"mi":"E","mv":614058,"sc":3,"lpe":85.33,"lpr":473.45,"lq":2.53,"d":1869976},{"pi":"423861","pc":"Бакалея","ss":2100,"td":"Центр города","dc":6,"n":52.42,"vc":"1442","sl":"Высокий","sv":"100","p":990.0,"q":19.42,"b":0.0,"ms":0.02,"wi":27.38,"ei":6.29,"as":385.9,"mi":"E","mv":614058,"sc":3,"lpe":85.33,"lpr":473.45,"lq":2.53,"d":1869976},{"pi":"423861","pc":"Бакалея","ss":300000,"td":"Фешенебельный район","dc":1,"n":671.76,"vc":"729056","sl":"Элитный","sv":"31578","p":2204.0,"q":25.29,"b":3.61,"ms":5.74,"wi":59.33,"ei":9.62,"as":1210.0,"mi":"E","mv":550436,"sc":1,"lpe":94.26,"lpr":707.44,"lq":4.48,"d":2753006},{"pi":"423861","pc":"Бакалея","ss":500,"td":"Спальный район","dc":7,"n":276.55,"vc":"567","sl":"Низкий","sv":"140","p":1052.55,"q":9.23,"b":0.0,"ms":2.61,"wi":9.73,"ei":5.27,"as":234.44,"mi":"E","mv":5371,"sc":1,"lpe":97.39,"lpr":548.89,"lq":1.0,"d":282499},{"pi":"423861","pc":"Бакалея","ss":100000,"td":"Фешенебельный район","dc":1,"n":688.65,"vc":"238831","sl":"Элитный","sv":"5771","p":2987.0,"q":27.02,"b":3.45,"ms":2.14,"wi":31.97,"ei":7.27,"as":404.16,"mi":"E","mv":270127,"sc":2,"lpe":97.86,"lpr":551.05,"lq":1.0,"d":749932},{"pi":"423861","pc":"Бакалея","ss":2500,"td":"Спальный район","dc":3,"n":97.49,"vc":"746","sl":"Элитный","sv":"1","p":1390.0,"q":6.38,"b":0.0,"ms":0.0,"wi":31.97,"ei":7.27,"as":404.16,"mi":"E","mv":270127,"sc":2,"lpe":97.86,"lpr":551.05,"lq":1.0,"d":749932},{"pi":"423861","pc":"Бакалея","ss":300000,"td":"Фешенебельный район","dc":1,"n":666.2,"vc":"1170099","sl":"Элитный","sv":"392391","p":2391.0,"q":26.16,"b":3.28,"ms":8.71,"wi":33.04,"ei":6.88,"as":461.89,"mi":"E","mv":4507288,"sc":4,"lpe":90.63,"lpr":533.87,"lq":2.57,"d":12391712},{"pi":"423861","pc":"Бакалея","ss":100000,"td":"Центр города","dc":1,"n":454.49,"vc":"448820","sl":"Высокий","sv":"20000","p":900.0,"q":15.43,"b":0.0,"ms":0.44,"wi":33.04,"ei":6.88,"as":461.89,"mi":"E","mv":4507288,"sc":4,"lpe":90.63,"lpr":533.87,"lq":2.57,"d":12391712},{"pi":"423861","pc":"Бакалея","ss":100000,"td":"Спальный район","dc":1,"n":348.86,"vc":"121903","sl":"Элитный","sv":"10000","p":1735.0,"q":19.44,"b":0.0,"ms":0.22,"wi":33.04,"ei":6.88,"as":461.89,"mi":"E","mv":4507288,"sc":4,"lpe":90.63,"lpr":533.87,"lq":2.57,"d":12391712},{"pi":"423861","pc":"Бакалея","ss":10000,"td":"Центр города","dc":1,"n":204.9,"vc":"11037","sl":"Элитный","sv":"17","p":2000.0,"q":10.78,"b":0.0,"ms":0.0,"wi":33.04,"ei":6.88,"as":461.89,"mi":"E","mv":4507288,"sc":4,"lpe":90.63,"lpr":533.87,"lq":2.57,"d":12391712},{"pi":"423861","pc":"Бакалея","ss":10000,"td":"Фешенебельный район","dc":1,"n":622.93,"vc":"6684","sl":"Элитный","sv":"600","p":750.0,"q":12.8,"b":0.0,"ms":21.22,"wi":5.97,"ei":5.0,"as":178.68,"mi":"E","mv":2828,"sc":1,"lpe":78.78,"lpr":437.76,"lq":2.33,"d":269845},{"pi":"423861","pc":"Бакалея","ss":100000,"td":"Фешенебельный район","dc":1,"n":679.83,"vc":"261153","sl":"Элитный","sv":"61000","p":2572.0,"q":25.54,"b":3.45,"ms":14.72,"wi":28.16,"ei":6.67,"as":312.56,"mi":"E","mv":414368,"sc":1,"lpe":85.28,"lpr":550.96,"lq":2.23,"d":1220860},{"pi":"423861","pc":"Бакалея","ss":10000,"td":"Центр города","dc":1,"n":447.36,"vc":"19289","sl":"Элитный","sv":"467","p":4120.0,"q":5.98,"b":0.0,"ms":2.3,"wi":57.88,"ei":9.1,"as":1045.0,"mi":"E","mv":20277,"sc":1,"lpe":97.7,"lpr":2025.28,"lq":1.0,"d":363817},{"pi":"423861","pc":"Бакалея","ss":100000,"td":"Центр города","dc":2,"n":416.22,"vc":"146214","sl":"Элитный","sv":"35000","p":1125.0,"q":19.47,"b":2.67,"ms":11.12,"wi":18.89,"ei":6.47,"as":194.33,"mi":"E","mv":314727,"sc":1,"lpe":88.88,"lpr":437.1,"lq":1.42,"d":1439148},{"pi":"423861","pc":"Бакалея","ss":11000,"td":"Центр города","dc":2,"n":170.87,"vc":"6170","sl":"Высокий","sv":"100","p":510.0,"q":19.42,"b":0.0,"ms":0.08,"wi":16.11,"ei":4.43,"as":81.68,"mi":"E","mv":125962,"sc":1,"lpe":99.92,"lpr":506.51,"lq":1.0,"d":1316214},{"pi":"423861","pc":"Бакалея","ss":10000,"td":"Центр города","dc":1,"n":418.59,"vc":"11265","sl":"Элитный","sv":"2100","p":1600.0,"q":8.66,"b":0.0,"ms":7.17,"wi":24.76,"ei":5.75,"as":303.24,"mi":"E","mv":29275,"sc":2,"lpe":92.17,"lpr":560.8,"lq":1.0,"d":143730},{"pi":"423861","pc":"Бакалея","ss":15000,"td":"Фешенебельный район","dc":1,"n":174.54,"vc":"343","sl":"Элитный","sv":"192","p":1400.0,"q":11.55,"b":0.0,"ms":0.66,"wi":24.76,"ei":5.75,"as":303.24,"mi":"E","mv":29275,"sc":2,"lpe":92.17,"lpr":560.8,"lq":1.0,"d":143730},{"pi":"423861","pc":"Бакалея","ss":100000,"td":"Фешенебельный район","dc":1,"n":688.61,"vc":"167328","sl":"Элитный","sv":"16392","p":1125.0,"q":26.39,"b":3.77,"ms":18.02,"wi":33.24,"ei":7.68,"as":346.5,"mi":"E","mv":90948,"sc":2,"lpe":73.71,"lpr":269.39,"lq":1.58,"d":268812},{"pi":"423861","pc":"Бакалея","ss":100000,"td":"Центр города","dc":6,"n":389.28,"vc":"62724","sl":"Элитный","sv":"7518","p":890.0,"q":18.88,"b":3.8,"ms":8.27,"wi":33.24,"ei":7.68,"as":346.5,"mi":"E","mv":90948,"sc":2,"lpe":73.71,"lpr":269.39,"lq":1.58,"d":268812},{"pi":"423861","pc":"Бакалея","ss":100000,"td":"Центр города","dc":6,"n":326.96,"vc":"48234","sl":"Элитный","sv":"62540","p":388.0,"q":19.39,"b":3.8,"ms":22.27,"wi":31.95,"ei":6.2,"as":370.0,"mi":"E","mv":280799,"sc":1,"lpe":77.73,"lpr":132.13,"lq":1.01,"d":703091},{"pi":"423861","pc":"Бакалея","ss":100000,"td":"Фешенебельный район","dc":1,"n":692.21,"vc":"239006","sl":"Элитный","sv":"25818","p":2526.0,"q":25.55,"b":3.99,"ms":17.33,"wi":18.92,"ei":6.08,"as":162.84,"mi":"E","mv":148937,"sc":1,"lpe":82.67,"lpr":467.93,"lq":1.93,"d":674390},{"pi":"423861","pc":"Бакалея","ss":30000,"td":"Центр города","dc":2,"n":482.45,"vc":"78166","sl":"Очень высокий","sv":"7000","p":1330.0,"q":12.37,"b":0.0,"ms":9.58,"wi":14.34,"ei":3.6,"as":108.57,"mi":"E","mv":73057,"sc":1,"lpe":90.42,"lpr":474.7,"lq":1.0,"d":852188},{"pi":"423861","pc":"Бакалея","ss":10000,"td":"Фешенебельный район","dc":1,"n":668.41,"vc":"16342","sl":"Элитный","sv":"15000","p":2040.0,"q":25.54,"b":4.12,"ms":11.63,"wi":20.53,"ei":4.41,"as":229.32,"mi":"E","mv":128945,"sc":1,"lpe":88.37,"lpr":434.54,"lq":1.24,"d":551045},{"pi":"423861","pc":"Бакалея","ss":100000,"td":"Фешенебельный район","dc":1,"n":677.47,"vc":"302214","sl":"Элитный","sv":"44168","p":2608.0,"q":25.65,"b":3.98,"ms":11.27,"wi":25.53,"ei":7.54,"as":465.74,"mi":"E","mv":392079,"sc":1,"lpe":88.73,"lpr":540.51,"lq":2.35,"d":1976646},{"pi":"423861","pc":"Бакалея","ss":100000,"td":"Фешенебельный район","dc":1,"n":682.75,"vc":"304264","sl":"Элитный","sv":"42000","p":2301.0,"q":25.65,"b":3.98,"ms":14.86,"wi":26.47,"ei":11.46,"as":520.77,"mi":"E","mv":282613,"sc":1,"lpe":85.14,"lpr":549.44,"lq":2.06,"d":1743484},{"pi":"423861","pc":"Бакалея","ss":100000,"td":"Фешенебельный район","dc":1,"n":661.34,"vc":"311202","sl":"Элитный","sv":"99794","p":2748.0,"q":25.65,"b":3.08,"ms":8.79,"wi":30.38,"ei":5.96,"as":358.17,"mi":"E","mv":1135462,"sc":1,"lpe":91.21,"lpr":540.27,"lq":2.02,"d":3347758},{"pi":"423861","pc":"Бакалея","ss":300000,"td":"Фешенебельный район","dc":1,"n":632.41,"vc":"902108","sl":"Элитный","sv":"750000","p":2487.0,"q":25.77,"b":3.08,"ms":12.44,"wi":53.02,"ei":6.8,"as":488.79,"mi":"E","mv":6026600,"sc":4,"lpe":80.17,"lpr":544.14,"lq":2.62,"d":14905102},{"pi":"423861","pc":"Бакалея","ss":300000,"td":"Фешенебельный район","dc":1,"n":672.47,"vc":"1325710","sl":"Элитный","sv":"444459","p":2250.0,"q":22.99,"b":4.37,"ms":7.37,"wi":53.02,"ei":6.8,"as":488.79,"mi":"E","mv":6026600,"sc":4,"lpe":80.17,"lpr":544.14,"lq":2.62,"d":14905102},{"pi":"423861","pc":"Бакалея","ss":120000,"td":"Центр города","dc":1,"n":385.16,"vc":"426152","sl":"Элитный","sv":"685","p":2700.0,"q":17.21,"b":0.0,"ms":0.01,"wi":53.02,"ei":6.8,"as":488.79,"mi":"E","mv":6026600,"sc":4,"lpe":80.17,"lpr":544.14,"lq":2.62,"d":14905102},{"pi":"423861","pc":"Бакалея","ss":200000,"td":"Спальный район","dc":4,"n":274.57,"vc":"102024","sl":"Элитный","sv":"10","p":1900.0,"q":12.8,"b":0.83,"ms":0.0,"wi":53.02,"ei":6.8,"as":488.79,"mi":"E","mv":6026600,"sc":4,"lpe":80.17,"lpr":544.14,"lq":2.62,"d":14905102},{"pi":"423861","pc":"Бакалея","ss":100000,"td":"Фешенебельный район","dc":1,"n":700.0,"vc":"164459","sl":"Элитный","sv":"10000","p":1649.0,"q":25.65,"b":0.0,"ms":14.6,"wi":18.94,"ei":3.57,"as":339.32,"mi":"E","mv":68495,"sc":1,"lpe":85.4,"lpr":308.22,"lq":1.24,"d":375107},{"pi":"423861","pc":"Бакалея","ss":100000,"td":"Фешенебельный район","dc":1,"n":680.23,"vc":"310983","sl":"Элитный","sv":"94589","p":2743.0,"q":25.54,"b":3.08,"ms":13.08,"wi":35.76,"ei":7.33,"as":277.72,"mi":"E","mv":723127,"sc":3,"lpe":85.39,"lpr":548.75,"lq":2.81,"d":1988574},{"pi":"423861","pc":"Бакалея","ss":100000,"td":"Центр города","dc":1,"n":278.04,"vc":"43361","sl":"Элитный","sv":"10940","p":1900.0,"q":19.44,"b":0.0,"ms":1.51,"wi":35.76,"ei":7.33,"as":277.72,"mi":"E","mv":723127,"sc":3,"lpe":85.39,"lpr":548.75,"lq":2.81,"d":1988574},{"pi":"423861","pc":"Бакалея","ss":10000,"td":"Фешенебельный район","dc":3,"n":8.02,"vc":"203","sl":"Элитный","sv":"100","p":900.0,"q":19.42,"b":0.0,"ms":0.01,"wi":35.76,"ei":7.33,"as":277.72,"mi":"E","mv":723127,"sc":3,"lpe":85.39,"lpr":548.75,"lq":2.81,"d":1988574},{"pi":"423861","pc":"Бакалея","ss":100000,"td":"Фешенебельный район","dc":1,"n":679.42,"vc":"310398","sl":"Элитный","sv":"62643","p":2701.0,"q":25.54,"b":3.08,"ms":8.52,"wi":30.34,"ei":5.44,"as":331.01,"mi":"E","mv":735387,"sc":1,"lpe":91.48,"lpr":537.14,"lq":2.33,"d":2022290},{"pi":"423861","pc":"Бакалея","ss":1000,"td":"Центр города","dc":1,"n":489.16,"vc":"3445","sl":"Высокий","sv":"1000","p":2250.0,"q":12.37,"b":0.0,"ms":4.71,"wi":41.09,"ei":6.66,"as":556.5,"mi":"E","mv":21239,"sc":3,"lpe":92.23,"lpr":1498.09,"lq":1.0,"d":157411},{"pi":"423861","pc":"Бакалея","ss":1000,"td":"Центр города","dc":10,"n":361.6,"vc":"2517","sl":"Очень низкий","sv":"500","p":1400.0,"q":10.39,"b":0.0,"ms":2.35,"wi":41.09,"ei":6.66,"as":556.5,"mi":"E","mv":21239,"sc":3,"lpe":92.23,"lpr":1498.09,"lq":1.0,"d":157411},{"pi":"423861","pc":"Бакалея","ss":1000,"td":"Центр города","dc":2,"n":197.04,"vc":"664","sl":"Элитный","sv":"151","p":1500.0,"q":5.97,"b":0.0,"ms":0.71,"wi":41.09,"ei":6.66,"as":556.5,"mi":"E","mv":21239,"sc":3,"lpe":92.23,"lpr":1498.09,"lq":1.0,"d":157411},{"pi":"423861","pc":"Бакалея","ss":1000,"td":"Спальный район","dc":2,"n":531.64,"vc":"6327","sl":"Очень низкий","sv":"7077","p":1300.0,"q":23.97,"b":0.0,"ms":12.71,"wi":36.79,"ei":5.82,"as":480.0,"mi":"E","mv":55674,"sc":2,"lpe":87.02,"lpr":782.61,"lq":4.54,"d":322196},{"pi":"423861","pc":"Бакалея","ss":1000,"td":"Центр города","dc":2,"n":162.87,"vc":"703","sl":"Элитный","sv":"151","p":1500.0,"q":14.89,"b":0.0,"ms":0.27,"wi":36.79,"ei":5.82,"as":480.0,"mi":"E","mv":55674,"sc":2,"lpe":87.02,"lpr":782.61,"lq":4.54,"d":322196},{"pi":"423861","pc":"Бакалея","ss":1000,"td":"Центр города","dc":2,"n":339.09,"vc":"3426","sl":"Нормальный","sv":"2400","p":1700.0,"q":5.46,"b":0.0,"ms":2.33,"wi":47.6,"ei":6.53,"as":535.5,"mi":"E","mv":102792,"sc":2,"lpe":97.42,"lpr":1645.08,"lq":1.0,"d":545501},{"pi":"423861","pc":"Бакалея","ss":1000,"td":"Центр города","dc":2,"n":141.73,"vc":"750","sl":"Элитный","sv":"251","p":1500.0,"q":5.97,"b":0.0,"ms":0.24,"wi":47.6,"ei":6.53,"as":535.5,"mi":"E","mv":102792,"sc":2,"lpe":97.42,"lpr":1645.08,"lq":1.0,"d":545501},{"pi":"423861","pc":"Бакалея","ss":100000,"td":"Фешенебельный район","dc":1,"n":338.44,"vc":"7435","sl":"Элитный","sv":"100","p":9300.0,"q":19.42,"b":0.0,"ms":0.12,"wi":66.9,"ei":9.5,"as":1140.0,"mi":"E","mv":84506,"sc":2,"lpe":99.87,"lpr":3121.02,"lq":1.0,"d":554576},{"pi":"423861","pc":"Бакалея","ss":300,"td":"Центр города","dc":8,"n":0.09,"vc":"198","sl":"Низкий","sv":"8","p":3142.33,"q":19.42,"b":0.0,"ms":0.01,"wi":66.9,"ei":9.5,"as":1140.0,"mi":"E","mv":84506,"sc":2,"lpe":99.87,"lpr":3121.02,"lq":1.0,"d":554576},{"pi":"423861","pc":"Бакалея","ss":10000,"td":"Центр города","dc":1,"n":413.38,"vc":"20157","sl":"Элитный","sv":"5119","p":5150.0,"q":8.04,"b":0.0,"ms":5.32,"wi":75.65,"ei":9.62,"as":1187.5,"mi":"E","mv":96182,"sc":2,"lpe":94.67,"lpr":2663.7,"lq":1.0,"d":845966},{"pi":"423861","pc":"Бакалея","ss":300,"td":"Центр города","dc":8,"n":0.06,"vc":"229","sl":"Низкий","sv":"8","p":2804.51,"q":19.42,"b":0.0,"ms":0.01,"wi":75.65,"ei":9.62,"as":1187.5,"mi":"E","mv":96182,"sc":2,"lpe":94.67,"lpr":2663.7,"lq":1.0,"d":845966},{"pi":"423861","pc":"Бакалея","ss":300000,"td":"Фешенебельный район","dc":1,"n":685.42,"vc":"640377","sl":"Элитный","sv":"29000","p":3023.0,"q":25.48,"b":4.1,"ms":12.92,"wi":57.59,"ei":9.91,"as":1400.0,"mi":"E","mv":224434,"sc":1,"lpe":87.08,"lpr":968.42,"lq":1.56,"d":1306224},{"pi":"423861","pc":"Бакалея","ss":10000,"td":"Фешенебельный район","dc":1,"n":691.64,"vc":"14355","sl":"Элитный","sv":"8447","p":2339.0,"q":26.67,"b":3.37,"ms":13.33,"wi":23.93,"ei":7.04,"as":583.35,"mi":"E","mv":63388,"sc":1,"lpe":86.67,"lpr":479.72,"lq":2.1,"d":362147},{"pi":"423861","pc":"Бакалея","ss":140000,"td":"Центр города","dc":2,"n":458.36,"vc":"171266","sl":"Очень высокий","sv":"10035","p":500.0,"q":19.28,"b":0.0,"ms":26.15,"wi":21.99,"ei":7.44,"as":577.37,"mi":"E","mv":38374,"sc":1,"lpe":73.85,"lpr":123.27,"lq":1.02,"d":158229},{"pi":"423861","pc":"Бакалея","ss":5000,"td":"Центр города","dc":1,"n":428.26,"vc":"8102","sl":"Элитный","sv":"4000","p":1250.0,"q":12.37,"b":0.0,"ms":10.17,"wi":19.62,"ei":7.02,"as":516.11,"mi":"E","mv":39313,"sc":2,"lpe":89.57,"lpr":470.07,"lq":1.69,"d":420690},{"pi":"423861","pc":"Бакалея","ss":2500,"td":"Центр города","dc":8,"n":143.11,"vc":"825","sl":"Очень высокий","sv":"100","p":980.0,"q":19.42,"b":0.0,"ms":0.25,"wi":19.62,"ei":7.02,"as":516.11,"mi":"E","mv":39313,"sc":2,"lpe":89.57,"lpr":470.07,"lq":1.69,"d":420690},{"pi":"423861","pc":"Бакалея","ss":1000,"td":"Центр города","dc":4,"n":323.02,"vc":"1830","sl":"Нормальный","sv":"270","p":2350.0,"q":7.57,"b":0.0,"ms":2.6,"wi":32.38,"ei":6.45,"as":502.74,"mi":"E","mv":10393,"sc":2,"lpe":96.91,"lpr":1262.2,"lq":1.0,"d":117760},{"pi":"423861","pc":"Бакалея","ss":1000,"td":"Центр города","dc":2,"n":214.52,"vc":"662","sl":"Элитный","sv":"51","p":1500.0,"q":6.01,"b":0.0,"ms":0.49,"wi":32.38,"ei":6.45,"as":502.74,"mi":"E","mv":10393,"sc":2,"lpe":96.91,"lpr":1262.2,"lq":1.0,"d":117760},{"pi":"423861","pc":"Бакалея","ss":1000,"td":"Центр города","dc":2,"n":203.49,"vc":"658","sl":"Очень высокий","sv":"201","p":1500.0,"q":5.97,"b":0.0,"ms":1.09,"wi":39.51,"ei":5.45,"as":500.0,"mi":"E","mv":18368,"sc":1,"lpe":98.91,"lpr":1465.42,"lq":1.0,"d":138536},{"pi":"423861","pc":"Бакалея","ss":1000,"td":"Центр города","dc":1,"n":350.47,"vc":"1439","sl":"Элитный","sv":"818","p":2000.0,"q":22.65,"b":0.0,"ms":7.97,"wi":27.75,"ei":5.63,"as":423.34,"mi":"E","mv":10264,"sc":2,"lpe":90.56,"lpr":875.32,"lq":1.11,"d":121500},{"pi":"423861","pc":"Бакалея","ss":1000,"td":"Центр города","dc":2,"n":212.85,"vc":"663","sl":"Элитный","sv":"151","p":900.0,"q":5.97,"b":0.0,"ms":1.47,"wi":27.75,"ei":5.63,"as":423.34,"mi":"E","mv":10264,"sc":2,"lpe":90.56,"lpr":875.32,"lq":1.11,"d":121500},{"pi":"423861","pc":"Бакалея","ss":8100,"td":"Центр города","dc":9,"n":36.87,"vc":"1610","sl":"Элитный","sv":"1971","p":1127.65,"q":11.68,"b":0.0,"ms":15.84,"wi":7.6,"ei":4.59,"as":109.28,"mi":"E","mv":12445,"sc":1,"lpe":84.16,"lpr":669.77,"lq":1.2,"d":889608},{"pi":"423861","pc":"Бакалея","ss":1000,"td":"Центр города","dc":2,"n":203.38,"vc":"670","sl":"Элитный","sv":"101","p":1500.0,"q":5.98,"b":0.0,"ms":0.78,"wi":31.73,"ei":6.43,"as":492.27,"mi":"E","mv":12870,"sc":1,"lpe":99.22,"lpr":1252.02,"lq":1.0,"d":145874},{"pi":"423861","pc":"Бакалея","ss":1000,"td":"Центр города","dc":1,"n":159.96,"vc":"768","sl":"Элитный","sv":"1543","p":2000.0,"q":22.82,"b":0.0,"ms":6.32,"wi":37.73,"ei":5.54,"as":480.0,"mi":"E","mv":24415,"sc":3,"lpe":92.86,"lpr":996.76,"lq":1.0,"d":136206},{"pi":"423861","pc":"Бакалея","ss":1000,"td":"Центр города","dc":2,"n":204.36,"vc":"657","sl":"Элитный","sv":"101","p":600.0,"q":5.98,"b":0.0,"ms":0.41,"wi":37.73,"ei":5.54,"as":480.0,"mi":"E","mv":24415,"sc":3,"lpe":92.86,"lpr":996.76,"lq":1.0,"d":136206},{"pi":"423861","pc":"Бакалея","ss":800,"td":"Спальный район","dc":2,"n":142.18,"vc":"310","sl":"Очень высокий","sv":"100","p":1140.0,"q":19.42,"b":0.0,"ms":0.41,"wi":37.73,"ei":5.54,"as":480.0,"mi":"E","mv":24415,"sc":3,"lpe":92.86,"lpr":996.76,"lq":1.0,"d":136206},{"pi":"423861","pc":"Бакалея","ss":100000,"td":"Фешенебельный район","dc":1,"n":687.77,"vc":"256021","sl":"Элитный","sv":"40000","p":1717.0,"q":26.67,"b":3.37,"ms":13.58,"wi":52.27,"ei":6.17,"as":538.8,"mi":"E","mv":294635,"sc":3,"lpe":78.16,"lpr":333.68,"lq":2.13,"d":927421},{"pi":"423861","pc":"Бакалея","ss":130000,"td":"Центр города","dc":5,"n":447.84,"vc":"319842","sl":"Низкий","sv":"17376","p":1210.0,"q":24.01,"b":0.0,"ms":5.9,"wi":52.27,"ei":6.17,"as":538.8,"mi":"E","mv":294635,"sc":3,"lpe":78.16,"lpr":333.68,"lq":2.13,"d":927421},{"pi":"423861","pc":"Бакалея","ss":100000,"td":"Фешенебельный район","dc":1,"n":407.15,"vc":"17235","sl":"Элитный","sv":"6969","p":1500.0,"q":24.26,"b":0.0,"ms":2.37,"wi":52.27,"ei":6.17,"as":538.8,"mi":"E","mv":294635,"sc":3,"lpe":78.16,"lpr":333.68,"lq":2.13,"d":927421},{"pi":"423861","pc":"Бакалея","ss":100000,"td":"Фешенебельный район","dc":1,"n":693.27,"vc":"377598","sl":"Элитный","sv":"79022","p":2429.0,"q":26.53,"b":3.99,"ms":19.28,"wi":21.39,"ei":8.99,"as":227.42,"mi":"E","mv":409902,"sc":2,"lpe":80.7,"lpr":472.75,"lq":2.23,"d":2557429},{"pi":"423861","pc":"Бакалея","ss":10000,"td":"Спальный район","dc":2,"n":172.54,"vc":"3679","sl":"Элитный","sv":"100","p":851.63,"q":19.42,"b":0.0,"ms":0.02,"wi":21.39,"ei":8.99,"as":227.42,"mi":"E","mv":409902,"sc":2,"lpe":80.7,"lpr":472.75,"lq":2.23,"d":2557429},{"pi":"423861","pc":"Бакалея","ss":1000,"td":"Спальный район","dc":2,"n":173.3,"vc":"328","sl":"Элитный","sv":"51","p":1500.0,"q":6.01,"b":0.0,"ms":0.64,"wi":29.98,"ei":5.7,"as":438.9,"mi":"E","mv":7939,"sc":1,"lpe":99.36,"lpr":1014.44,"lq":1.0,"d":70301},{"pi":"423861","pc":"Бакалея","ss":1000,"td":"Центр города","dc":2,"n":244.48,"vc":"677","sl":"Очень высокий","sv":"51","p":1500.0,"q":6.01,"b":0.0,"ms":0.62,"wi":31.65,"ei":5.58,"as":448.88,"mi":"E","mv":8162,"sc":2,"lpe":99.35,"lpr":1068.19,"lq":1.0,"d":77500},{"pi":"423861","pc":"Бакалея","ss":100,"td":"Центр города","dc":2,"n":197.06,"vc":"62","sl":"Низкий","sv":"2","p":955.0,"q":19.42,"b":0.0,"ms":0.02,"wi":31.65,"ei":5.58,"as":448.88,"mi":"E","mv":8162,"sc":2,"lpe":99.35,"lpr":1068.19,"lq":1.0,"d":77500},{"pi":"423861","pc":"Бакалея","ss":100000,"td":"Центр города","dc":1,"n":585.7,"vc":"398775","sl":"Элитный","sv":"100","p":1475.0,"q":19.42,"b":0.0,"ms":1.31,"wi":6.73,"ei":4.35,"as":136.09,"mi":"E","mv":7650,"sc":1,"lpe":98.69,"lpr":479.19,"lq":1.0,"d":417114},{"pi":"423861","pc":"Бакалея","ss":1000,"td":"Центр города","dc":2,"n":231.19,"vc":"683","sl":"Элитный","sv":"51","p":800.0,"q":6.01,"b":0.0,"ms":0.5,"wi":31.15,"ei":5.71,"as":458.85,"mi":"E","mv":10247,"sc":1,"lpe":99.5,"lpr":1089.31,"lq":1.0,"d":98800},{"pi":"423861","pc":"Бакалея","ss":300000,"td":"Фешенебельный район","dc":1,"n":672.38,"vc":"1012713","sl":"Элитный","sv":"295061","p":2344.0,"q":25.61,"b":3.08,"ms":15.74,"wi":27.63,"ei":5.96,"as":119.21,"mi":"E","mv":1874320,"sc":1,"lpe":84.26,"lpr":468.38,"lq":2.12,"d":6921520},{"pi":"423861","pc":"Бакалея","ss":1000,"td":"Центр города","dc":2,"n":228.67,"vc":"685","sl":"Элитный","sv":"51","p":800.0,"q":6.01,"b":0.0,"ms":0.51,"wi":27.7,"ei":5.76,"as":435.91,"mi":"E","mv":9903,"sc":1,"lpe":99.49,"lpr":1147.63,"lq":1.0,"d":103516},{"pi":"423861","pc":"Бакалея","ss":100000,"td":"Фешенебельный район","dc":1,"n":682.56,"vc":"524405","sl":"Очень высокий","sv":"108339","p":2451.0,"q":25.54,"b":3.08,"ms":18.21,"wi":14.21,"ei":4.63,"as":63.92,"mi":"E","mv":594841,"sc":1,"lpe":81.79,"lpr":478.17,"lq":1.55,"d":9330769},{"pi":"423861","pc":"Бакалея","ss":100000,"td":"Фешенебельный район","dc":1,"n":684.52,"vc":"171601","sl":"Элитный","sv":"20227","p":2494.0,"q":26.99,"b":3.37,"ms":17.72,"wi":40.27,"ei":6.77,"as":518.59,"mi":"E","mv":114131,"sc":1,"lpe":82.28,"lpr":473.74,"lq":2.05,"d":323254},{"pi":"423861","pc":"Бакалея","ss":100000,"td":"Фешенебельный район","dc":1,"n":685.05,"vc":"512111","sl":"Очень высокий","sv":"100000","p":830.6,"q":26.67,"b":3.08,"ms":4.0,"wi":15.23,"ei":2.0,"as":51.08,"mi":"E","mv":2502136,"sc":1,"lpe":96.0,"lpr":184.57,"lq":1.0,"d":7243000},{"pi":"423861","pc":"Бакалея","ss":5000,"td":"Центр города","dc":2,"n":160.51,"vc":"3047","sl":"Элитный","sv":"1","p":700.0,"q":8.13,"b":0.0,"ms":0.0,"wi":14.15,"ei":4.51,"as":59.09,"mi":"E","mv":212667,"sc":1,"lpe":100.0,"lpr":503.6,"lq":1.0,"d":2172800},{"pi":"423861","pc":"Бакалея","ss":100000,"td":"Центр города","dc":2,"n":477.18,"vc":"295726","sl":"Нормальный","sv":"100","p":1340.0,"q":19.42,"b":0.0,"ms":0.06,"wi":41.6,"ei":7.73,"as":661.87,"mi":"E","mv":154693,"sc":1,"lpe":99.94,"lpr":1344.11,"lq":1.0,"d":633388},{"pi":"423861","pc":"Бакалея","ss":100000,"td":"Центр города","dc":2,"n":53.22,"vc":"8249","sl":"Элитный","sv":"1","p":1699.0,"q":8.13,"b":0.0,"ms":0.0,"wi":20.91,"ei":3.8,"as":57.25,"mi":"E","mv":1407299,"sc":1,"lpe":100.0,"lpr":665.82,"lq":1.0,"d":8353384},{"pi":"423861","pc":"Бакалея","ss":100000,"td":"Фешенебельный район","dc":1,"n":684.87,"vc":"208830","sl":"Элитный","sv":"24666","p":2145.0,"q":27.0,"b":3.37,"ms":13.21,"wi":32.47,"ei":6.41,"as":544.52,"mi":"E","mv":186723,"sc":2,"lpe":85.02,"lpr":465.51,"lq":2.5,"d":561077},{"pi":"423861","pc":"Бакалея","ss":110000,"td":"Спальный район","dc":2,"n":244.14,"vc":"24028","sl":"Элитный","sv":"3301","p":1300.0,"q":14.2,"b":0.0,"ms":1.77,"wi":32.47,"ei":6.41,"as":544.52,"mi":"E","mv":186723,"sc":2,"lpe":85.02,"lpr":465.51,"lq":2.5,"d":561077},{"pi":"423861","pc":"Бакалея","ss":100000,"td":"Фешенебельный район","dc":1,"n":686.03,"vc":"397270","sl":"Элитный","sv":"42000","p":2545.0,"q":25.65,"b":3.08,"ms":14.71,"wi":15.34,"ei":2.8,"as":49.28,"mi":"E","mv":285608,"sc":2,"lpe":85.29,"lpr":479.92,"lq":2.06,"d":3413800},{"pi":"423861","pc":"Бакалея","ss":10000,"td":"Фешенебельный район","dc":2,"n":32.01,"vc":"294","sl":"Элитный","sv":"2","p":800.0,"q":19.42,"b":0.0,"ms":0.0,"wi":15.34,"ei":2.8,"as":49.28,"mi":"E","mv":285608,"sc":2,"lpe":85.29,"lpr":479.92,"lq":2.06,"d":3413800}]