[{"pi":"335175","pc":"Продукты питания","ss":10000,"td":"Центр города","dc":2,"n":280.13,"vc":"5323","sl":"Элитный","sv":"4000","p":349.0,"q":20.17,"b":0.0,"ms":8.01,"wi":21.86,"ei":7.84,"as":163.23,"mi":"E","mv":49962,"sc":1,"lpe":91.99,"lpr":350.65,"lq":1.0,"d":338687},{"pi":"335175","pc":"Продукты питания","ss":100000,"td":"Фешенебельный район","dc":6,"n":437.02,"vc":"21954","sl":"Элитный","sv":"1500","p":94.3,"q":15.19,"b":0.0,"ms":4.56,"wi":15.92,"ei":4.88,"as":100.66,"mi":"E","mv":32907,"sc":1,"lpe":95.44,"lpr":609.11,"lq":1.0,"d":814990},{"pi":"335175","pc":"Продукты питания","ss":10000,"td":"Центр города","dc":2,"n":239.88,"vc":"5014","sl":"Элитный","sv":"3000","p":999.0,"q":20.17,"b":0.0,"ms":1.84,"wi":38.33,"ei":9.07,"as":212.54,"mi":"E","mv":162710,"sc":1,"lpe":98.16,"lpr":525.86,"lq":1.0,"d":620800},{"pi":"335175","pc":"Продукты питания","ss":20000,"td":"Центр города","dc":2,"n":185.19,"vc":"7007","sl":"Элитный","sv":"5000","p":1899.0,"q":20.18,"b":0.0,"ms":1.03,"wi":66.51,"ei":8.76,"as":347.78,"mi":"E","mv":486590,"sc":1,"lpe":98.97,"lpr":784.32,"lq":1.0,"d":1784134},{"pi":"335175","pc":"Продукты питания","ss":10000,"td":"Центр города","dc":2,"n":325.71,"vc":"5678","sl":"Элитный","sv":"2000","p":1149.0,"q":20.18,"b":0.0,"ms":8.04,"wi":29.41,"ei":8.73,"as":368.21,"mi":"E","mv":24887,"sc":1,"lpe":91.96,"lpr":608.71,"lq":1.0,"d":177578},{"pi":"335175","pc":"Продукты питания","ss":10000,"td":"Центр города","dc":2,"n":268.9,"vc":"5206","sl":"Элитный","sv":"4000","p":2599.0,"q":20.18,"b":0.0,"ms":7.21,"wi":62.27,"ei":13.35,"as":674.99,"mi":"E","mv":55509,"sc":1,"lpe":92.79,"lpr":1121.64,"lq":1.0,"d":374441},{"pi":"335175","pc":"Продукты питания","ss":10000,"td":"Центр города","dc":2,"n":302.36,"vc":"5473","sl":"Элитный","sv":"2000","p":1499.0,"q":20.18,"b":0.0,"ms":3.75,"wi":46.49,"ei":9.42,"as":383.85,"mi":"E","mv":53328,"sc":1,"lpe":96.25,"lpr":726.0,"lq":1.0,"d":223434},{"pi":"335175","pc":"Продукты питания","ss":10000,"td":"Центр города","dc":2,"n":310.49,"vc":"5529","sl":"Элитный","sv":"2000","p":1329.0,"q":20.18,"b":0.0,"ms":5.12,"wi":32.64,"ei":8.61,"as":475.98,"mi":"E","mv":39049,"sc":1,"lpe":94.88,"lpr":509.93,"lq":1.0,"d":352871},{"pi":"335175","pc":"Продукты питания","ss":10000,"td":"Центр города","dc":2,"n":309.59,"vc":"5520","sl":"Элитный","sv":"4000","p":399.0,"q":20.18,"b":0.0,"ms":8.46,"wi":32.45,"ei":9.19,"as":353.09,"mi":"E","mv":47255,"sc":1,"lpe":91.54,"lpr":444.7,"lq":1.0,"d":258999},{"pi":"335175","pc":"Продукты питания","ss":300000,"td":"Центр города","dc":7,"n":368.57,"vc":"375303","sl":"Очень высокий","sv":"200000","p":500.0,"q":43.82,"b":0.0,"ms":9.73,"wi":50.66,"ei":10.64,"as":327.0,"mi":"E","mv":2055660,"sc":1,"lpe":90.27,"lpr":589.16,"lq":1.0,"d":7537390},{"pi":"335175","pc":"Продукты питания","ss":10000,"td":"Центр города","dc":2,"n":174.84,"vc":"4844","sl":"Элитный","sv":"4000","p":1289.0,"q":20.17,"b":0.0,"ms":0.74,"wi":39.13,"ei":9.11,"as":204.86,"mi":"E","mv":543234,"sc":1,"lpe":99.26,"lpr":506.92,"lq":1.0,"d":2224560},{"pi":"335175","pc":"Продукты питания","ss":100000,"td":"Центр города","dc":3,"n":91.62,"vc":"3623","sl":"Элитный","sv":"3681","p":80.0,"q":1.0,"b":0.0,"ms":42.33,"wi":13.51,"ei":7.84,"as":345.28,"mi":"E","mv":8696,"sc":1,"lpe":57.67,"lpr":87.71,"lq":1.12,"d":277187},{"pi":"335175","pc":"Продукты питания","ss":100000,"td":"Фешенебельный район","dc":1,"n":620.81,"vc":"217377","sl":"Элитный","sv":"5000","p":450.0,"q":48.81,"b":0.0,"ms":1.62,"wi":34.47,"ei":11.19,"as":156.87,"mi":"E","mv":308331,"sc":2,"lpe":98.05,"lpr":388.6,"lq":1.0,"d":1148164},{"pi":"335175","pc":"Продукты питания","ss":100000,"td":"Фешенебельный район","dc":7,"n":354.35,"vc":"11178","sl":"Элитный","sv":"1000","p":113.33,"q":15.19,"b":0.0,"ms":0.32,"wi":34.47,"ei":11.19,"as":156.87,"mi":"E","mv":308331,"sc":2,"lpe":98.05,"lpr":388.6,"lq":1.0,"d":1148164},{"pi":"335175","pc":"Продукты питания","ss":1000,"td":"Центр города","dc":1,"n":316.91,"vc":"3495","sl":"Высокий","sv":"1000","p":280.0,"q":48.81,"b":0.0,"ms":0.5,"wi":48.01,"ei":12.8,"as":278.36,"mi":"E","mv":200131,"sc":1,"lpe":99.5,"lpr":688.12,"lq":1.0,"d":825880},{"pi":"335175","pc":"Продукты питания","ss":100000,"td":"Спальный район","dc":2,"n":393.91,"vc":"146976","sl":"Элитный","sv":"29560","p":900.0,"q":15.92,"b":0.0,"ms":11.0,"wi":41.17,"ei":8.83,"as":225.06,"mi":"E","mv":268825,"sc":1,"lpe":89.0,"lpr":289.07,"lq":1.03,"d":1925822},{"pi":"335175","pc":"Продукты питания","ss":100000,"td":"Центр города","dc":6,"n":0.0,"vc":"3405","sl":"Элитный","sv":"500","p":150.0,"q":15.19,"b":0.0,"ms":1.52,"wi":133.52,"ei":10.32,"as":1582.16,"mi":"E","mv":32938,"sc":1,"lpe":98.48,"lpr":4286.08,"lq":1.0,"d":903081},{"pi":"335175","pc":"Продукты питания","ss":100000,"td":"Фешенебельный район","dc":1,"n":0.0,"vc":"333","sl":"Элитный","sv":"562","p":9030.86,"q":15.25,"b":0.0,"ms":0.3,"wi":119.42,"ei":10.05,"as":1379.85,"mi":"E","mv":188950,"sc":1,"lpe":99.7,"lpr":3403.62,"lq":1.0,"d":847456},{"pi":"335175","pc":"Продукты питания","ss":10000,"td":"Центр города","dc":2,"n":353.77,"vc":"10476","sl":"Элитный","sv":"1599","p":1200.0,"q":43.82,"b":0.0,"ms":17.23,"wi":36.86,"ei":7.25,"as":403.14,"mi":"E","mv":9280,"sc":1,"lpe":82.77,"lpr":291.64,"lq":1.0,"d":459396},{"pi":"335175","pc":"Продукты питания","ss":10000,"td":"Центр города","dc":2,"n":311.12,"vc":"5535","sl":"Элитный","sv":"4000","p":579.0,"q":20.18,"b":0.0,"ms":8.49,"wi":24.79,"ei":5.22,"as":302.26,"mi":"E","mv":47126,"sc":1,"lpe":91.51,"lpr":466.99,"lq":1.0,"d":182800},{"pi":"335175","pc":"Продукты питания","ss":10000,"td":"Центр города","dc":2,"n":308.67,"vc":"5512","sl":"Элитный","sv":"2000","p":429.0,"q":20.18,"b":0.0,"ms":3.5,"wi":32.98,"ei":4.6,"as":270.25,"mi":"E","mv":57077,"sc":1,"lpe":96.5,"lpr":312.3,"lq":1.0,"d":190258},{"pi":"335175","pc":"Продукты питания","ss":10000,"td":"Центр города","dc":2,"n":364.63,"vc":"6180","sl":"Высокий","sv":"2000","p":399.0,"q":20.18,"b":0.0,"ms":19.88,"wi":15.77,"ei":5.63,"as":304.95,"mi":"E","mv":10060,"sc":1,"lpe":80.12,"lpr":260.7,"lq":1.05,"d":95245},{"pi":"335175","pc":"Продукты питания","ss":10000,"td":"Центр города","dc":2,"n":289.61,"vc":"5364","sl":"Элитный","sv":"5000","p":939.0,"q":20.18,"b":0.0,"ms":8.25,"wi":43.59,"ei":7.31,"as":476.27,"mi":"E","mv":60634,"sc":1,"lpe":91.75,"lpr":747.88,"lq":1.0,"d":263256},{"pi":"335175","pc":"Продукты питания","ss":300000,"td":"Фешенебельный район","dc":4,"n":474.38,"vc":"152404","sl":"Элитный","sv":"3633","p":1523.36,"q":47.95,"b":0.0,"ms":0.4,"wi":62.0,"ei":7.93,"as":546.66,"mi":"E","mv":908600,"sc":1,"lpe":99.6,"lpr":890.49,"lq":1.0,"d":7101416},{"pi":"335175","pc":"Продукты питания","ss":10000,"td":"Центр города","dc":2,"n":250.37,"vc":"5088","sl":"Элитный","sv":"3000","p":1899.0,"q":20.18,"b":0.0,"ms":2.53,"wi":60.54,"ei":6.77,"as":450.24,"mi":"E","mv":118631,"sc":1,"lpe":97.47,"lpr":1112.07,"lq":1.0,"d":518786},{"pi":"335175","pc":"Продукты питания","ss":100000,"td":"Спальный район","dc":1,"n":256.89,"vc":"74517","sl":"Элитный","sv":"99298","p":2282.99,"q":15.11,"b":0.0,"ms":5.59,"wi":89.7,"ei":7.81,"as":615.72,"mi":"E","mv":1777757,"sc":2,"lpe":90.34,"lpr":1180.02,"lq":2.42,"d":11929900},{"pi":"335175","pc":"Продукты питания","ss":100000,"td":"Центр города","dc":2,"n":403.53,"vc":"406958","sl":"Очень высокий","sv":"72416","p":2415.11,"q":15.34,"b":0.0,"ms":4.07,"wi":89.7,"ei":7.81,"as":615.72,"mi":"E","mv":1777757,"sc":2,"lpe":90.34,"lpr":1180.02,"lq":2.42,"d":11929900},{"pi":"335175","pc":"Продукты питания","ss":10000,"td":"Центр города","dc":2,"n":249.21,"vc":"5081","sl":"Элитный","sv":"5000","p":1649.0,"q":20.18,"b":0.0,"ms":3.78,"wi":48.51,"ei":15.71,"as":380.15,"mi":"E","mv":132199,"sc":1,"lpe":96.22,"lpr":717.0,"lq":1.0,"d":545196},{"pi":"335175","pc":"Продукты питания","ss":10000,"td":"Центр города","dc":2,"n":219.38,"vc":"4940","sl":"Элитный","sv":"4000","p":1999.0,"q":20.18,"b":0.0,"ms":1.72,"wi":56.24,"ei":7.07,"as":380.48,"mi":"E","mv":233054,"sc":1,"lpe":98.28,"lpr":939.96,"lq":1.0,"d":917721},{"pi":"335175","pc":"Продукты питания","ss":10000,"td":"Центр города","dc":2,"n":255.1,"vc":"5116","sl":"Элитный","sv":"5000","p":1699.0,"q":20.18,"b":0.0,"ms":4.05,"wi":53.32,"ei":6.45,"as":372.85,"mi":"E","mv":123498,"sc":1,"lpe":95.95,"lpr":757.44,"lq":1.0,"d":476878},{"pi":"335175","pc":"Продукты питания","ss":100000,"td":"Центр города","dc":1,"n":0.0,"vc":"3762","sl":"Элитный","sv":"2454","p":878.51,"q":19.29,"b":0.0,"ms":1.31,"wi":25.6,"ei":7.49,"as":134.1,"mi":"E","mv":187984,"sc":1,"lpe":98.69,"lpr":910.86,"lq":1.0,"d":3825606},{"pi":"335175","pc":"Продукты питания","ss":100000,"td":"Центр города","dc":3,"n":318.24,"vc":"49626","sl":"Очень высокий","sv":"5000","p":350.0,"q":1.0,"b":0.73,"ms":14.36,"wi":17.71,"ei":7.81,"as":93.95,"mi":"E","mv":34822,"sc":2,"lpe":78.17,"lpr":503.34,"lq":1.47,"d":969146},{"pi":"335175","pc":"Продукты питания","ss":100000,"td":"Центр города","dc":1,"n":453.6,"vc":"182376","sl":"Элитный","sv":"2600","p":888.0,"q":15.0,"b":0.0,"ms":7.47,"wi":17.71,"ei":7.81,"as":93.95,"mi":"E","mv":34822,"sc":2,"lpe":78.17,"lpr":503.34,"lq":1.47,"d":969146},{"pi":"335175","pc":"Продукты питания","ss":1000,"td":"Центр города","dc":1,"n":298.6,"vc":"3500","sl":"Высокий","sv":"5000","p":1270.0,"q":48.81,"b":0.0,"ms":1.77,"wi":61.96,"ei":12.15,"as":320.53,"mi":"E","mv":282182,"sc":1,"lpe":98.23,"lpr":792.07,"lq":1.0,"d":1114046},{"pi":"335175","pc":"Продукты питания","ss":200000,"td":"Центр города","dc":6,"n":406.25,"vc":"490870","sl":"Нормальный","sv":"79824","p":444.0,"q":15.2,"b":0.0,"ms":7.61,"wi":166.72,"ei":9.88,"as":2625.25,"mi":"E","mv":1048461,"sc":2,"lpe":89.32,"lpr":3511.15,"lq":6.86,"d":11635600},{"pi":"335175","pc":"Продукты питания","ss":110000,"td":"Спальный район","dc":1,"n":0.0,"vc":"4314","sl":"Элитный","sv":"32190","p":5000.0,"q":15.34,"b":0.0,"ms":3.07,"wi":166.72,"ei":9.88,"as":2625.25,"mi":"E","mv":1048461,"sc":2,"lpe":89.32,"lpr":3511.15,"lq":6.86,"d":11635600},{"pi":"335175","pc":"Продукты питания","ss":100000,"td":"Центр города","dc":3,"n":345.49,"vc":"55496","sl":"Элитный","sv":"3500","p":100.0,"q":1.0,"b":0.73,"ms":45.85,"wi":8.45,"ei":12.78,"as":77.05,"mi":"E","mv":7633,"sc":1,"lpe":54.15,"lpr":506.72,"lq":1.0,"d":782043},{"pi":"335175","pc":"Продукты питания","ss":100000,"td":"Центр города","dc":3,"n":174.93,"vc":"8833","sl":"Элитный","sv":"5198","p":90.0,"q":1.0,"b":0.73,"ms":47.67,"wi":6.96,"ei":8.15,"as":67.72,"mi":"E","mv":10905,"sc":1,"lpe":52.33,"lpr":79.75,"lq":1.02,"d":358494},{"pi":"335175","pc":"Продукты питания","ss":10000,"td":"Центр города","dc":1,"n":357.32,"vc":"31335","sl":"Очень высокий","sv":"16000","p":372.86,"q":15.19,"b":0.0,"ms":3.45,"wi":62.14,"ei":7.68,"as":426.52,"mi":"E","mv":463647,"sc":2,"lpe":95.26,"lpr":1019.12,"lq":1.0,"d":3062821},{"pi":"335175","pc":"Продукты питания","ss":10000,"td":"Центр города","dc":2,"n":160.23,"vc":"4863","sl":"Элитный","sv":"6000","p":2799.0,"q":20.18,"b":0.0,"ms":1.29,"wi":62.14,"ei":7.68,"as":426.52,"mi":"E","mv":463647,"sc":2,"lpe":95.26,"lpr":1019.12,"lq":1.0,"d":3062821},{"pi":"335175","pc":"Продукты питания","ss":100000,"td":"Центр города","dc":1,"n":485.13,"vc":"866979","sl":"Высокий","sv":"143597","p":800.0,"q":48.81,"b":0.0,"ms":4.79,"wi":48.27,"ei":9.23,"as":380.0,"mi":"E","mv":3000047,"sc":2,"lpe":94.17,"lpr":661.7,"lq":1.0,"d":11000140},{"pi":"335175","pc":"Продукты питания","ss":100000,"td":"Центр города","dc":1,"n":0.0,"vc":"8168","sl":"Элитный","sv":"31432","p":1271.43,"q":15.44,"b":0.0,"ms":1.05,"wi":48.27,"ei":9.23,"as":380.0,"mi":"E","mv":3000047,"sc":2,"lpe":94.17,"lpr":661.7,"lq":1.0,"d":11000140},{"pi":"335175","pc":"Продукты питания","ss":100000,"td":"Центр города","dc":5,"n":376.6,"vc":"143051","sl":"Очень высокий","sv":"5000","p":580.57,"q":15.19,"b":0.0,"ms":2.55,"wi":30.1,"ei":7.72,"as":150.11,"mi":"E","mv":195727,"sc":1,"lpe":97.45,"lpr":1071.39,"lq":1.0,"d":4015276},{"pi":"335175","pc":"Продукты питания","ss":100000,"td":"Центр города","dc":7,"n":306.33,"vc":"50911","sl":"Элитный","sv":"1000","p":171.34,"q":15.19,"b":0.0,"ms":4.02,"wi":7.82,"ei":3.43,"as":51.91,"mi":"E","mv":24872,"sc":1,"lpe":95.98,"lpr":339.07,"lq":1.0,"d":1446250},{"pi":"335175","pc":"Продукты питания","ss":100000,"td":"Центр города","dc":6,"n":359.32,"vc":"57165","sl":"Элитный","sv":"2763","p":273.25,"q":15.32,"b":0.0,"ms":27.7,"wi":7.09,"ei":3.1,"as":58.19,"mi":"E","mv":9975,"sc":1,"lpe":72.3,"lpr":74.99,"lq":1.93,"d":469546},{"pi":"335175","pc":"Продукты питания","ss":100000,"td":"Центр города","dc":5,"n":241.82,"vc":"35151","sl":"Элитный","sv":"100000","p":600.0,"q":43.82,"b":0.0,"ms":12.94,"wi":60.31,"ei":7.67,"as":446.7,"mi":"E","mv":772670,"sc":2,"lpe":84.5,"lpr":314.05,"lq":1.15,"d":2952988},{"pi":"335175","pc":"Продукты питания","ss":100000,"td":"Фешенебельный район","dc":1,"n":348.18,"vc":"21993","sl":"Элитный","sv":"19777","p":1052.69,"q":15.29,"b":0.0,"ms":2.56,"wi":60.31,"ei":7.67,"as":446.7,"mi":"E","mv":772670,"sc":2,"lpe":84.5,"lpr":314.05,"lq":1.15,"d":2952988},{"pi":"335175","pc":"Продукты питания","ss":10000,"td":"Центр города","dc":2,"n":245.06,"vc":"5084","sl":"Элитный","sv":"4000","p":599.0,"q":20.18,"b":0.0,"ms":3.09,"wi":39.18,"ei":7.04,"as":341.21,"mi":"E","mv":129584,"sc":1,"lpe":96.91,"lpr":376.37,"lq":1.0,"d":579186},{"pi":"335175","pc":"Продукты питания","ss":10000,"td":"Центр города","dc":2,"n":265.13,"vc":"5175","sl":"Элитный","sv":"4000","p":349.0,"q":20.18,"b":0.0,"ms":5.46,"wi":25.39,"ei":7.39,"as":309.33,"mi":"E","mv":73322,"sc":1,"lpe":94.54,"lpr":201.6,"lq":1.0,"d":398700},{"pi":"335175","pc":"Продукты питания","ss":100000,"td":"Центр города","dc":1,"n":323.71,"vc":"129416","sl":"Элитный","sv":"7578","p":9271.26,"q":15.7,"b":0.0,"ms":7.07,"wi":43.74,"ei":9.29,"as":248.71,"mi":"E","mv":107125,"sc":1,"lpe":92.93,"lpr":2276.84,"lq":1.0,"d":4048917},{"pi":"335175","pc":"Продукты питания","ss":100000,"td":"Центр города","dc":3,"n":45.49,"vc":"2839","sl":"Элитный","sv":"5133","p":240.0,"q":1.0,"b":0.0,"ms":36.53,"wi":16.85,"ei":9.12,"as":102.2,"mi":"E","mv":14050,"sc":1,"lpe":63.47,"lpr":384.84,"lq":1.0,"d":490468},{"pi":"335175","pc":"Продукты питания","ss":100000,"td":"Центр города","dc":2,"n":483.21,"vc":"458890","sl":"Высокий","sv":"20000","p":1100.0,"q":48.81,"b":0.0,"ms":4.26,"wi":67.13,"ei":8.56,"as":483.67,"mi":"E","mv":470007,"sc":2,"lpe":95.53,"lpr":676.61,"lq":1.0,"d":1883126},{"pi":"335175","pc":"Продукты питания","ss":10000,"td":"Центр города","dc":1,"n":277.78,"vc":"9785","sl":"Элитный","sv":"990","p":1580.0,"q":15.0,"b":0.0,"ms":0.21,"wi":67.13,"ei":8.56,"as":483.67,"mi":"E","mv":470007,"sc":2,"lpe":95.53,"lpr":676.61,"lq":1.0,"d":1883126},{"pi":"335175","pc":"Продукты питания","ss":10000,"td":"Центр города","dc":1,"n":350.59,"vc":"22623","sl":"Элитный","sv":"158555","p":712.86,"q":9.39,"b":0.0,"ms":18.44,"wi":57.37,"ei":10.06,"as":176.05,"mi":"E","mv":859658,"sc":1,"lpe":81.56,"lpr":407.75,"lq":1.34,"d":4433298},{"pi":"335175","pc":"Продукты питания","ss":7000,"td":"Центр города","dc":1,"n":335.88,"vc":"17434","sl":"Элитный","sv":"136210","p":1238.88,"q":9.39,"b":0.0,"ms":13.56,"wi":65.33,"ei":8.99,"as":361.0,"mi":"E","mv":1004439,"sc":1,"lpe":86.44,"lpr":857.46,"lq":2.26,"d":5583100},{"pi":"335175","pc":"Продукты питания","ss":100000,"td":"Спальный район","dc":4,"n":497.4,"vc":"309062","sl":"Высокий","sv":"7110","p":400.59,"q":15.19,"b":0.0,"ms":1.9,"wi":171.48,"ei":10.04,"as":2283.46,"mi":"E","mv":374740,"sc":2,"lpe":97.93,"lpr":2837.65,"lq":1.0,"d":2986744},{"pi":"335175","pc":"Продукты питания","ss":300000,"td":"Фешенебельный район","dc":9,"n":497.37,"vc":"140384","sl":"Элитный","sv":"633","p":9604.84,"q":48.02,"b":0.0,"ms":0.17,"wi":171.48,"ei":10.04,"as":2283.46,"mi":"E","mv":374740,"sc":2,"lpe":97.93,"lpr":2837.65,"lq":1.0,"d":2986744},{"pi":"335175","pc":"Продукты питания","ss":300000,"td":"Фешенебельный район","dc":10,"n":536.81,"vc":"181132","sl":"Очень высокий","sv":"398","p":8656.14,"q":46.64,"b":0.0,"ms":0.12,"wi":125.88,"ei":10.29,"as":1744.48,"mi":"E","mv":338935,"sc":1,"lpe":99.88,"lpr":2140.98,"lq":1.0,"d":2094907},{"pi":"335175","pc":"Продукты питания","ss":10000,"td":"Центр города","dc":2,"n":414.87,"vc":"11959","sl":"Высокий","sv":"3000","p":850.0,"q":43.82,"b":0.0,"ms":11.56,"wi":29.91,"ei":6.71,"as":368.36,"mi":"E","mv":25962,"sc":1,"lpe":88.44,"lpr":514.71,"lq":1.42,"d":209430},{"pi":"335175","pc":"Продукты питания","ss":100000,"td":"Центр города","dc":7,"n":374.13,"vc":"153202","sl":"Высокий","sv":"5327","p":8000.0,"q":17.65,"b":0.0,"ms":2.17,"wi":179.63,"ei":10.34,"as":2350.25,"mi":"E","mv":245791,"sc":1,"lpe":97.83,"lpr":2264.59,"lq":1.0,"d":1641016},{"pi":"335175","pc":"Продукты питания","ss":20000,"td":"Центр города","dc":1,"n":474.18,"vc":"51589","sl":"Элитный","sv":"7067","p":676.39,"q":9.4,"b":0.0,"ms":10.35,"wi":30.44,"ei":9.91,"as":236.21,"mi":"E","mv":68269,"sc":1,"lpe":89.65,"lpr":227.87,"lq":1.01,"d":721000},{"pi":"335175","pc":"Продукты питания","ss":20000,"td":"Центр города","dc":1,"n":469.9,"vc":"50913","sl":"Элитный","sv":"12600","p":1010.85,"q":9.4,"b":0.0,"ms":12.62,"wi":41.15,"ei":10.19,"as":294.5,"mi":"E","mv":99834,"sc":1,"lpe":87.38,"lpr":361.51,"lq":1.39,"d":765700},{"pi":"335175","pc":"Продукты питания","ss":10000,"td":"Центр города","dc":1,"n":436.17,"vc":"27246","sl":"Элитный","sv":"13926","p":852.47,"q":9.12,"b":0.0,"ms":14.95,"wi":38.12,"ei":9.89,"as":297.83,"mi":"E","mv":93167,"sc":1,"lpe":85.05,"lpr":313.57,"lq":1.0,"d":1236300},{"pi":"335175","pc":"Продукты питания","ss":100000,"td":"Центр города","dc":3,"n":333.4,"vc":"49437","sl":"Элитный","sv":"13000","p":1020.0,"q":43.82,"b":3.35,"ms":9.95,"wi":66.62,"ei":7.95,"as":493.05,"mi":"E","mv":130710,"sc":1,"lpe":90.05,"lpr":1058.48,"lq":1.01,"d":632057},{"pi":"335175","pc":"Продукты питания","ss":200000,"td":"Центр города","dc":2,"n":679.77,"vc":"3925830","sl":"Низкий","sv":"12000","p":1000.0,"q":48.81,"b":0.0,"ms":5.88,"wi":59.42,"ei":8.65,"as":472.08,"mi":"E","mv":203948,"sc":2,"lpe":93.14,"lpr":678.49,"lq":1.0,"d":747777},{"pi":"335175","pc":"Продукты питания","ss":100000,"td":"Центр города","dc":1,"n":471.94,"vc":"198677","sl":"Элитный","sv":"2000","p":208.0,"q":15.0,"b":0.0,"ms":0.98,"wi":59.42,"ei":8.65,"as":472.08,"mi":"E","mv":203948,"sc":2,"lpe":93.14,"lpr":678.49,"lq":1.0,"d":747777},{"pi":"335175","pc":"Продукты питания","ss":100000,"td":"Центр города","dc":1,"n":0.0,"vc":"3502","sl":"Элитный","sv":"4996","p":1179.39,"q":15.23,"b":0.0,"ms":1.87,"wi":69.95,"ei":8.74,"as":537.58,"mi":"E","mv":267022,"sc":1,"lpe":98.13,"lpr":757.33,"lq":1.0,"d":978886},{"pi":"335175","pc":"Продукты питания","ss":100000,"td":"Центр города","dc":1,"n":452.3,"vc":"181219","sl":"Элитный","sv":"1700","p":1740.0,"q":15.0,"b":0.0,"ms":0.66,"wi":81.87,"ei":13.22,"as":341.21,"mi":"E","mv":256355,"sc":1,"lpe":99.34,"lpr":892.75,"lq":1.0,"d":986148},{"pi":"335175","pc":"Продукты питания","ss":100000,"td":"Центр города","dc":1,"n":0.0,"vc":"2557","sl":"Элитный","sv":"5000","p":1641.14,"q":15.19,"b":0.0,"ms":1.46,"wi":62.59,"ei":7.65,"as":519.76,"mi":"E","mv":343275,"sc":2,"lpe":98.16,"lpr":772.06,"lq":1.0,"d":1269608},{"pi":"335175","pc":"Продукты питания","ss":100000,"td":"Центр города","dc":1,"n":434.64,"vc":"167050","sl":"Элитный","sv":"1300","p":1310.0,"q":15.0,"b":0.0,"ms":0.38,"wi":62.59,"ei":7.65,"as":519.76,"mi":"E","mv":343275,"sc":2,"lpe":98.16,"lpr":772.06,"lq":1.0,"d":1269608},{"pi":"335175","pc":"Продукты питания","ss":100000,"td":"Фешенебельный район","dc":3,"n":678.76,"vc":"341415","sl":"Высокий","sv":"4000","p":550.0,"q":48.81,"b":0.0,"ms":1.73,"wi":22.68,"ei":5.79,"as":111.4,"mi":"E","mv":231478,"sc":1,"lpe":98.27,"lpr":276.31,"lq":1.0,"d":848720},{"pi":"335175","pc":"Продукты питания","ss":100000,"td":"Фешенебельный район","dc":3,"n":498.87,"vc":"53306","sl":"Элитный","sv":"1120","p":161.73,"q":15.19,"b":0.0,"ms":2.73,"wi":38.53,"ei":11.77,"as":195.48,"mi":"E","mv":40993,"sc":1,"lpe":97.27,"lpr":1337.03,"lq":1.0,"d":589980},{"pi":"335175","pc":"Продукты питания","ss":100000,"td":"Центр города","dc":2,"n":308.67,"vc":"44850","sl":"Элитный","sv":"10000","p":1210.0,"q":43.82,"b":0.0,"ms":17.97,"wi":119.43,"ei":9.61,"as":1300.02,"mi":"E","mv":55633,"sc":2,"lpe":82.02,"lpr":3178.17,"lq":9.79,"d":944174},{"pi":"335175","pc":"Продукты питания","ss":100000,"td":"Центр города","dc":6,"n":543.11,"vc":"427378","sl":"Низкий","sv":"2","p":584.61,"q":15.19,"b":0.0,"ms":0.0,"wi":119.43,"ei":9.61,"as":1300.02,"mi":"E","mv":55633,"sc":2,"lpe":82.02,"lpr":3178.17,"lq":9.79,"d":944174},{"pi":"335175","pc":"Продукты питания","ss":10000,"td":"Центр города","dc":2,"n":332.3,"vc":"5766","sl":"Элитный","sv":"4000","p":699.0,"q":20.18,"b":0.0,"ms":11.17,"wi":34.18,"ei":9.16,"as":412.47,"mi":"E","mv":35825,"sc":1,"lpe":88.83,"lpr":617.62,"lq":1.73,"d":131326},{"pi":"335175","pc":"Продукты питания","ss":100000,"td":"Центр города","dc":1,"n":0.0,"vc":"2985","sl":"Элитный","sv":"6000","p":336.94,"q":15.19,"b":0.0,"ms":1.87,"wi":24.79,"ei":9.26,"as":119.81,"mi":"E","mv":320703,"sc":2,"lpe":97.72,"lpr":336.96,"lq":1.0,"d":1974278},{"pi":"335175","pc":"Продукты питания","ss":10000,"td":"Центр города","dc":1,"n":404.06,"vc":"25312","sl":"Элитный","sv":"1320","p":793.0,"q":15.0,"b":0.0,"ms":0.41,"wi":24.79,"ei":9.26,"as":119.81,"mi":"E","mv":320703,"sc":2,"lpe":97.72,"lpr":336.96,"lq":1.0,"d":1974278},{"pi":"335175","pc":"Продукты питания","ss":20000,"td":"Центр города","dc":1,"n":474.26,"vc":"51692","sl":"Элитный","sv":"5831","p":4232.0,"q":9.39,"b":0.0,"ms":6.73,"wi":166.17,"ei":10.12,"as":2341.42,"mi":"E","mv":86634,"sc":1,"lpe":93.27,"lpr":3444.58,"lq":1.0,"d":723722},{"pi":"335175","pc":"Продукты питания","ss":100000,"td":"Центр города","dc":4,"n":338.13,"vc":"104416","sl":"Элитный","sv":"10000","p":1100.0,"q":43.82,"b":0.0,"ms":0.94,"wi":51.27,"ei":6.64,"as":370.86,"mi":"E","mv":1062556,"sc":2,"lpe":98.94,"lpr":710.58,"lq":1.0,"d":4700000},{"pi":"335175","pc":"Продукты питания","ss":300000,"td":"Фешенебельный район","dc":9,"n":477.82,"vc":"136343","sl":"Элитный","sv":"1251","p":2488.55,"q":46.68,"b":0.0,"ms":0.12,"wi":51.27,"ei":6.64,"as":370.86,"mi":"E","mv":1062556,"sc":2,"lpe":98.94,"lpr":710.58,"lq":1.0,"d":4700000},{"pi":"335175","pc":"Продукты питания","ss":110000,"td":"Фешенебельный район","dc":1,"n":0.0,"vc":"332","sl":"Элитный","sv":"144","p":2721.93,"q":15.28,"b":0.0,"ms":0.16,"wi":41.99,"ei":6.4,"as":310.88,"mi":"E","mv":88815,"sc":1,"lpe":99.84,"lpr":764.15,"lq":1.0,"d":761700},{"pi":"335175","pc":"Продукты питания","ss":100000,"td":"Фешенебельный район","dc":2,"n":683.06,"vc":"316064","sl":"Очень высокий","sv":"5500","p":1100.0,"q":48.81,"b":0.0,"ms":3.33,"wi":63.23,"ei":7.28,"as":458.84,"mi":"E","mv":165017,"sc":2,"lpe":95.21,"lpr":734.14,"lq":1.0,"d":605030},{"pi":"335175","pc":"Продукты питания","ss":100000,"td":"Центр города","dc":1,"n":487.14,"vc":"213514","sl":"Элитный","sv":"2400","p":248.0,"q":15.0,"b":0.0,"ms":1.45,"wi":63.23,"ei":7.28,"as":458.84,"mi":"E","mv":165017,"sc":2,"lpe":95.21,"lpr":734.14,"lq":1.0,"d":605030},{"pi":"335175","pc":"Продукты питания","ss":9000,"td":"Центр города","dc":1,"n":437.74,"vc":"25339","sl":"Элитный","sv":"14226","p":1188.0,"q":9.4,"b":0.0,"ms":10.65,"wi":39.52,"ei":9.92,"as":332.5,"mi":"E","mv":133523,"sc":1,"lpe":89.35,"lpr":455.31,"lq":1.42,"d":1214800},{"pi":"335175","pc":"Продукты питания","ss":8000,"td":"Центр города","dc":1,"n":393.66,"vc":"21184","sl":"Элитный","sv":"34886","p":1144.0,"q":9.39,"b":0.0,"ms":13.47,"wi":50.78,"ei":10.72,"as":342.0,"mi":"E","mv":258961,"sc":1,"lpe":86.53,"lpr":487.86,"lq":1.68,"d":2313300},{"pi":"335175","pc":"Продукты питания","ss":1000,"td":"Центр города","dc":1,"n":158.37,"vc":"417","sl":"Элитный","sv":"321","p":4012.0,"q":7.15,"b":0.0,"ms":2.6,"wi":86.09,"ei":9.78,"as":1413.77,"mi":"E","mv":12330,"sc":1,"lpe":97.4,"lpr":1765.96,"lq":1.0,"d":77832},{"pi":"335175","pc":"Продукты питания","ss":1000,"td":"Центр города","dc":1,"n":236.14,"vc":"426","sl":"Элитный","sv":"508","p":525.0,"q":9.39,"b":0.0,"ms":11.99,"wi":33.47,"ei":8.88,"as":995.77,"mi":"E","mv":4236,"sc":1,"lpe":88.01,"lpr":206.48,"lq":1.0,"d":23688},{"pi":"335175","pc":"Продукты питания","ss":1000,"td":"Центр города","dc":1,"n":203.98,"vc":"369","sl":"Элитный","sv":"189","p":626.0,"q":7.52,"b":0.0,"ms":12.39,"wi":16.95,"ei":8.97,"as":962.94,"mi":"E","mv":1525,"sc":1,"lpe":87.61,"lpr":257.78,"lq":1.03,"d":37245},{"pi":"335175","pc":"Продукты питания","ss":1000,"td":"Центр города","dc":1,"n":455.34,"vc":"1403","sl":"Элитный","sv":"581","p":1607.0,"q":9.39,"b":0.0,"ms":10.33,"wi":50.23,"ei":10.08,"as":1824.71,"mi":"E","mv":5626,"sc":1,"lpe":89.67,"lpr":599.74,"lq":1.79,"d":233758},{"pi":"335175","pc":"Продукты питания","ss":100000,"td":"Спальный район","dc":6,"n":595.68,"vc":"534369","sl":"Низкий","sv":"3185","p":74.0,"q":15.47,"b":0.0,"ms":7.07,"wi":182.17,"ei":9.94,"as":1758.03,"mi":"E","mv":45077,"sc":1,"lpe":92.93,"lpr":7414.66,"lq":1.0,"d":959467},{"pi":"335175","pc":"Продукты питания","ss":200000,"td":"Центр города","dc":2,"n":402.71,"vc":"424860","sl":"Элитный","sv":"142751","p":2506.82,"q":17.56,"b":0.0,"ms":6.54,"wi":77.84,"ei":9.4,"as":711.83,"mi":"E","mv":2183896,"sc":1,"lpe":93.46,"lpr":777.14,"lq":1.0,"d":8555500},{"pi":"335175","pc":"Продукты питания","ss":100000,"td":"Фешенебельный район","dc":1,"n":398.21,"vc":"28354","sl":"Элитный","sv":"55550","p":192.07,"q":15.19,"b":0.0,"ms":20.1,"wi":51.84,"ei":8.95,"as":408.41,"mi":"E","mv":276322,"sc":1,"lpe":79.9,"lpr":243.78,"lq":4.38,"d":1543768},{"pi":"335175","pc":"Продукты питания","ss":100000,"td":"Центр города","dc":5,"n":320.78,"vc":"88787","sl":"Элитный","sv":"10000","p":654.77,"q":15.19,"b":0.0,"ms":4.54,"wi":174.28,"ei":10.49,"as":2111.62,"mi":"E","mv":220295,"sc":1,"lpe":95.46,"lpr":7040.18,"lq":1.0,"d":4762572},{"pi":"335175","pc":"Продукты питания","ss":10000,"td":"Центр города","dc":1,"n":341.35,"vc":"10303","sl":"Элитный","sv":"550","p":2540.0,"q":15.0,"b":0.0,"ms":0.35,"wi":46.07,"ei":7.56,"as":306.73,"mi":"E","mv":155362,"sc":1,"lpe":99.65,"lpr":758.06,"lq":1.0,"d":569631},{"pi":"335175","pc":"Продукты питания","ss":110000,"td":"Центр города","dc":1,"n":423.62,"vc":"570250","sl":"Очень высокий","sv":"300891","p":700.0,"q":56.32,"b":0.0,"ms":30.0,"wi":35.98,"ei":8.28,"as":251.65,"mi":"E","mv":1002972,"sc":3,"lpe":63.53,"lpr":357.08,"lq":1.52,"d":14352508},{"pi":"335175","pc":"Продукты питания","ss":100000,"td":"Спальный район","dc":1,"n":163.2,"vc":"21528","sl":"Элитный","sv":"62345","p":1100.0,"q":43.82,"b":2.6,"ms":6.22,"wi":35.98,"ei":8.28,"as":251.65,"mi":"E","mv":1002972,"sc":3,"lpe":63.53,"lpr":357.08,"lq":1.52,"d":14352508},{"pi":"335175","pc":"Продукты питания","ss":100000,"td":"Центр города","dc":1,"n":278.39,"vc":"86890","sl":"Элитный","sv":"2500","p":179.0,"q":15.0,"b":0.0,"ms":0.25,"wi":35.98,"ei":8.28,"as":251.65,"mi":"E","mv":1002972,"sc":3,"lpe":63.53,"lpr":357.08,"lq":1.52,"d":14352508},{"pi":"335175","pc":"Продукты питания","ss":100000,"td":"Центр города","dc":5,"n":0.0,"vc":"3570","sl":"Элитный","sv":"1491","p":3753.56,"q":15.44,"b":0.0,"ms":1.0,"wi":151.97,"ei":10.65,"as":2047.83,"mi":"E","mv":148995,"sc":1,"lpe":99.0,"lpr":1356.15,"lq":1.0,"d":1034298},{"pi":"335175","pc":"Продукты питания","ss":10000,"td":"Центр города","dc":1,"n":144.91,"vc":"3120","sl":"Элитный","sv":"260","p":1880.0,"q":15.0,"b":0.0,"ms":0.12,"wi":47.39,"ei":4.88,"as":232.49,"mi":"E","mv":215519,"sc":1,"lpe":99.88,"lpr":575.03,"lq":1.0,"d":1190767},{"pi":"335175","pc":"Продукты питания","ss":100000,"td":"Центр города","dc":1,"n":343.59,"vc":"111984","sl":"Элитный","sv":"1700","p":758.0,"q":15.0,"b":0.0,"ms":0.15,"wi":39.97,"ei":9.19,"as":127.29,"mi":"E","mv":1169768,"sc":1,"lpe":99.85,"lpr":428.76,"lq":1.0,"d":4940408},{"pi":"335175","pc":"Продукты питания","ss":100000,"td":"Центр города","dc":1,"n":367.69,"vc":"124142","sl":"Элитный","sv":"2200","p":384.0,"q":15.0,"b":0.0,"ms":0.78,"wi":29.93,"ei":6.58,"as":133.91,"mi":"E","mv":280922,"sc":1,"lpe":99.22,"lpr":705.31,"lq":1.0,"d":3420282},{"pi":"335175","pc":"Продукты питания","ss":20000,"td":"Центр города","dc":2,"n":195.43,"vc":"6849","sl":"Элитный","sv":"4000","p":499.0,"q":20.18,"b":0.0,"ms":1.21,"wi":94.35,"ei":19.67,"as":208.3,"mi":"E","mv":330037,"sc":1,"lpe":98.79,"lpr":1226.35,"lq":1.0,"d":1322290},{"pi":"335175","pc":"Продукты питания","ss":10000,"td":"Центр города","dc":1,"n":443.13,"vc":"27748","sl":"Элитный","sv":"20827","p":591.0,"q":9.39,"b":0.0,"ms":13.67,"wi":33.21,"ei":10.36,"as":243.68,"mi":"E","mv":152350,"sc":1,"lpe":86.33,"lpr":222.2,"lq":1.04,"d":1124408},{"pi":"335175","pc":"Продукты питания","ss":20000,"td":"Центр города","dc":1,"n":474.17,"vc":"51686","sl":"Элитный","sv":"8590","p":873.0,"q":9.4,"b":0.0,"ms":14.2,"wi":34.24,"ei":10.1,"as":260.64,"mi":"E","mv":60484,"sc":1,"lpe":85.8,"lpr":304.54,"lq":1.76,"d":724982},{"pi":"335175","pc":"Продукты питания","ss":100000,"td":"Фешенебельный район","dc":1,"n":557.64,"vc":"150590","sl":"Элитный","sv":"20000","p":1280.0,"q":48.81,"b":0.0,"ms":3.28,"wi":95.82,"ei":8.0,"as":376.09,"mi":"E","mv":609046,"sc":1,"lpe":96.72,"lpr":929.46,"lq":1.0,"d":2281564},{"pi":"335175","pc":"Продукты питания","ss":10000,"td":"Центр города","dc":2,"n":272.36,"vc":"5216","sl":"Элитный","sv":"5000","p":1299.0,"q":20.18,"b":0.0,"ms":5.24,"wi":69.66,"ei":6.22,"as":447.98,"mi":"E","mv":95463,"sc":2,"lpe":94.73,"lpr":965.5,"lq":1.0,"d":350000},{"pi":"335175","pc":"Продукты питания","ss":1100,"td":"Центр города","dc":1,"n":265.27,"vc":"1364","sl":"Очень высокий","sv":"28","p":4000.0,"q":15.26,"b":0.0,"ms":0.03,"wi":69.66,"ei":6.22,"as":447.98,"mi":"E","mv":95463,"sc":2,"lpe":94.73,"lpr":965.5,"lq":1.0,"d":350000},{"pi":"335175","pc":"Продукты питания","ss":10000,"td":"Центр города","dc":2,"n":241.64,"vc":"5019","sl":"Элитный","sv":"5000","p":1099.0,"q":20.18,"b":0.0,"ms":3.06,"wi":80.34,"ei":6.51,"as":470.38,"mi":"E","mv":163645,"sc":2,"lpe":93.98,"lpr":583.93,"lq":1.0,"d":600000},{"pi":"335175","pc":"Продукты питания","ss":100000,"td":"Центр города","dc":6,"n":221.83,"vc":"16604","sl":"Элитный","sv":"4857","p":1550.0,"q":15.32,"b":0.0,"ms":2.97,"wi":80.34,"ei":6.51,"as":470.38,"mi":"E","mv":163645,"sc":2,"lpe":93.98,"lpr":583.93,"lq":1.0,"d":600000}]