[{"pi":"373199","pc":"Товары для дома","ss":200000,"td":"Центр города","dc":1,"n":460.21,"vc":"728735","sl":"Элитный","sv":"35","p":150000.0,"q":25.95,"b":3.0,"ms":0.06,"wi":43.34,"ei":6.78,"as":349.0,"mi":"E","mv":60196,"sc":2,"lpe":99.93,"lpr":30354.35,"lq":1.0,"d":7234440},{"pi":"373199","pc":"Товары для дома","ss":200000,"td":"Спальный район","dc":3,"n":377.55,"vc":"231268","sl":"Элитный","sv":"10","p":110000.0,"q":18.24,"b":0.23,"ms":0.02,"wi":43.34,"ei":6.78,"as":349.0,"mi":"E","mv":60196,"sc":2,"lpe":99.93,"lpr":30354.35,"lq":1.0,"d":7234440},{"pi":"373199","pc":"Товары для дома","ss":100000,"td":"Фешенебельный район","dc":10,"n":426.23,"vc":"34432","sl":"Элитный","sv":"50","p":22000.0,"q":20.52,"b":0.0,"ms":0.62,"wi":36.38,"ei":6.43,"as":342.95,"mi":"E","mv":8054,"sc":1,"lpe":99.38,"lpr":12118.19,"lq":1.0,"d":1297765},{"pi":"373199","pc":"Товары для дома","ss":200000,"td":"Центр города","dc":1,"n":437.97,"vc":"583760","sl":"Элитный","sv":"35","p":30000.0,"q":25.95,"b":2.98,"ms":0.07,"wi":24.52,"ei":5.02,"as":119.09,"mi":"E","mv":47814,"sc":1,"lpe":99.93,"lpr":12053.74,"lq":1.0,"d":7434170},{"pi":"373199","pc":"Товары для дома","ss":100000,"td":"Спальный район","dc":2,"n":421.89,"vc":"112566","sl":"Элитный","sv":"569","p":100000.0,"q":15.48,"b":0.0,"ms":5.14,"wi":42.23,"ei":6.83,"as":907.19,"mi":"E","mv":11065,"sc":2,"lpe":93.95,"lpr":23216.62,"lq":1.0,"d":1327128},{"pi":"373199","pc":"Товары для дома","ss":50000,"td":"Фешенебельный район","dc":3,"n":430.41,"vc":"13829","sl":"Элитный","sv":"100","p":100000.0,"q":12.78,"b":0.0,"ms":0.9,"wi":42.23,"ei":6.83,"as":907.19,"mi":"E","mv":11065,"sc":2,"lpe":93.95,"lpr":23216.62,"lq":1.0,"d":1327128},{"pi":"373199","pc":"Товары для дома","ss":110000,"td":"Центр города","dc":1,"n":280.99,"vc":"47940","sl":"Элитный","sv":"10","p":15000.0,"q":22.73,"b":0.0,"ms":0.09,"wi":37.07,"ei":11.18,"as":369.8,"mi":"E","mv":11096,"sc":1,"lpe":99.91,"lpr":26058.73,"lq":1.0,"d":2031724},{"pi":"373199","pc":"Товары для дома","ss":100000,"td":"Фешенебельный район","dc":2,"n":421.53,"vc":"57992","sl":"Элитный","sv":"100","p":160000.0,"q":18.24,"b":0.0,"ms":0.18,"wi":28.97,"ei":6.53,"as":314.5,"mi":"E","mv":56221,"sc":3,"lpe":99.75,"lpr":25628.71,"lq":1.0,"d":6283054},{"pi":"373199","pc":"Товары для дома","ss":200000,"td":"Центр города","dc":1,"n":472.44,"vc":"787791","sl":"Элитный","sv":"35","p":70000.0,"q":25.95,"b":3.09,"ms":0.06,"wi":28.97,"ei":6.53,"as":314.5,"mi":"E","mv":56221,"sc":3,"lpe":99.75,"lpr":25628.71,"lq":1.0,"d":6283054},{"pi":"373199","pc":"Товары для дома","ss":100000,"td":"Центр города","dc":1,"n":565.62,"vc":"1030141","sl":"Высокий","sv":"5","p":160000.0,"q":36.29,"b":1.16,"ms":0.01,"wi":28.97,"ei":6.53,"as":314.5,"mi":"E","mv":56221,"sc":3,"lpe":99.75,"lpr":25628.71,"lq":1.0,"d":6283054},{"pi":"373199","pc":"Товары для дома","ss":100000,"td":"Спальный район","dc":2,"n":520.98,"vc":"380082","sl":"Очень высокий","sv":"1","p":90000.0,"q":36.93,"b":0.0,"ms":0.01,"wi":31.84,"ei":9.4,"as":361.4,"mi":"E","mv":15625,"sc":1,"lpe":99.99,"lpr":25693.79,"lq":1.0,"d":2821670},{"pi":"373199","pc":"Товары для дома","ss":100000,"td":"Центр города","dc":1,"n":440.75,"vc":"216640","sl":"Элитный","sv":"50","p":200000.0,"q":24.07,"b":0.0,"ms":0.4,"wi":36.64,"ei":11.26,"as":482.57,"mi":"E","mv":12438,"sc":1,"lpe":99.6,"lpr":41345.88,"lq":1.0,"d":2255977},{"pi":"373199","pc":"Товары для дома","ss":100000,"td":"Центр города","dc":1,"n":427.32,"vc":"344300","sl":"Элитный","sv":"35","p":65000.0,"q":25.95,"b":2.69,"ms":0.05,"wi":22.82,"ei":5.29,"as":396.9,"mi":"E","mv":76189,"sc":1,"lpe":99.95,"lpr":13786.3,"lq":1.0,"d":12257756},{"pi":"373199","pc":"Товары для дома","ss":100000,"td":"Фешенебельный район","dc":10,"n":255.31,"vc":"8853","sl":"Элитный","sv":"420","p":20500.0,"q":20.52,"b":0.0,"ms":2.45,"wi":32.5,"ei":8.75,"as":394.01,"mi":"E","mv":17155,"sc":1,"lpe":97.55,"lpr":19603.31,"lq":1.0,"d":2812406},{"pi":"373199","pc":"Товары для дома","ss":100000,"td":"Центр города","dc":2,"n":497.58,"vc":"249474","sl":"Очень высокий","sv":"145","p":95000.0,"q":14.77,"b":0.0,"ms":4.07,"wi":25.28,"ei":7.31,"as":359.2,"mi":"E","mv":3567,"sc":1,"lpe":95.93,"lpr":11890.27,"lq":1.0,"d":708432},{"pi":"373199","pc":"Товары для дома","ss":200000,"td":"Центр города","dc":1,"n":449.14,"vc":"691256","sl":"Элитный","sv":"35","p":100000.0,"q":25.95,"b":2.89,"ms":0.06,"wi":37.85,"ei":8.73,"as":677.93,"mi":"E","mv":63257,"sc":1,"lpe":99.94,"lpr":29758.03,"lq":1.0,"d":8646844},{"pi":"373199","pc":"Товары для дома","ss":200000,"td":"Центр города","dc":1,"n":469.59,"vc":"768650","sl":"Элитный","sv":"35","p":75000.0,"q":25.95,"b":3.08,"ms":0.07,"wi":33.86,"ei":10.15,"as":292.02,"mi":"E","mv":48031,"sc":1,"lpe":99.93,"lpr":32293.73,"lq":1.0,"d":6376122},{"pi":"373199","pc":"Товары для дома","ss":100000,"td":"Центр города","dc":1,"n":484.75,"vc":"452443","sl":"Очень высокий","sv":"30","p":180000.0,"q":36.29,"b":3.17,"ms":0.1,"wi":54.32,"ei":11.9,"as":1548.35,"mi":"E","mv":28676,"sc":1,"lpe":99.9,"lpr":77521.03,"lq":1.0,"d":5522842},{"pi":"373199","pc":"Товары для дома","ss":200000,"td":"Центр города","dc":1,"n":433.55,"vc":"632202","sl":"Элитный","sv":"35","p":85000.0,"q":25.95,"b":2.77,"ms":0.05,"wi":51.68,"ei":9.19,"as":1176.8,"mi":"E","mv":64793,"sc":1,"lpe":99.95,"lpr":59399.08,"lq":1.0,"d":10648221},{"pi":"373199","pc":"Товары для дома","ss":10000,"td":"Фешенебельный район","dc":1,"n":347.28,"vc":"3672","sl":"Элитный","sv":"13","p":88000.0,"q":13.31,"b":0.0,"ms":0.09,"wi":27.38,"ei":6.29,"as":385.9,"mi":"E","mv":14677,"sc":1,"lpe":99.91,"lpr":16967.26,"lq":1.0,"d":1869976},{"pi":"373199","pc":"Товары для дома","ss":200000,"td":"Центр города","dc":1,"n":420.59,"vc":"582570","sl":"Элитный","sv":"35","p":75000.0,"q":25.95,"b":2.68,"ms":0.03,"wi":33.04,"ei":6.88,"as":461.89,"mi":"E","mv":103525,"sc":1,"lpe":99.97,"lpr":27958.99,"lq":1.0,"d":12391712},{"pi":"373199","pc":"Товары для дома","ss":10000,"td":"Центр города","dc":9,"n":75.75,"vc":"1999","sl":"Низкий","sv":"1","p":6000.0,"q":1.07,"b":0.0,"ms":0.01,"wi":18.89,"ei":6.47,"as":194.33,"mi":"E","mv":7808,"sc":1,"lpe":99.99,"lpr":14307.97,"lq":1.0,"d":1439148},{"pi":"373199","pc":"Товары для дома","ss":100000,"td":"Центр города","dc":2,"n":544.3,"vc":"673270","sl":"Нормальный","sv":"296","p":120000.0,"q":40.06,"b":0.190641891891892,"ms":1.05,"wi":30.38,"ei":5.96,"as":358.17,"mi":"E","mv":28225,"sc":1,"lpe":98.95,"lpr":13725.4,"lq":1.0,"d":3347758},{"pi":"373199","pc":"Товары для дома","ss":300000,"td":"Фешенебельный район","dc":1,"n":672.47,"vc":"1325710","sl":"Элитный","sv":"4507","p":250000.0,"q":28.56,"b":0.12,"ms":3.73,"wi":53.02,"ei":6.8,"as":488.79,"mi":"E","mv":120850,"sc":4,"lpe":96.22,"lpr":36736.89,"lq":1.0,"d":14905102},{"pi":"373199","pc":"Товары для дома","ss":100000,"td":"Центр города","dc":1,"n":413.89,"vc":"324034","sl":"Элитный","sv":"35","p":100000.0,"q":25.95,"b":2.58,"ms":0.03,"wi":53.02,"ei":6.8,"as":488.79,"mi":"E","mv":120850,"sc":4,"lpe":96.22,"lpr":36736.89,"lq":1.0,"d":14905102},{"pi":"373199","pc":"Товары для дома","ss":100000,"td":"Центр города","dc":2,"n":490.72,"vc":"678329","sl":"Нормальный","sv":"20","p":190000.0,"q":40.38,"b":1.71,"ms":0.02,"wi":53.02,"ei":6.8,"as":488.79,"mi":"E","mv":120850,"sc":4,"lpe":96.22,"lpr":36736.89,"lq":1.0,"d":14905102},{"pi":"373199","pc":"Товары для дома","ss":100000,"td":"Центр города","dc":2,"n":449.48,"vc":"456238","sl":"Высокий","sv":"1","p":150000.0,"q":36.93,"b":1.71,"ms":0.0,"wi":53.02,"ei":6.8,"as":488.79,"mi":"E","mv":120850,"sc":4,"lpe":96.22,"lpr":36736.89,"lq":1.0,"d":14905102},{"pi":"373199","pc":"Товары для дома","ss":100000,"td":"Центр города","dc":10,"n":482.49,"vc":"298288","sl":"Низкий","sv":"1004","p":20000.0,"q":20.36,"b":0.0,"ms":22.31,"wi":32.47,"ei":6.41,"as":544.52,"mi":"E","mv":4501,"sc":1,"lpe":77.69,"lpr":9821.04,"lq":2.06,"d":561077}]