[{"d":"09.04.2018","r":1.0,"q":4.54,"p":3.0E9,"s":[{"cn":"Производник","ui":"7490643","t":1.0,"r":1.0,"q":4.54,"p":3.0E9,"mot":"U","mo":1.0},{"cn":"","ui":"","t":0.0,"r":0.0,"q":0.0,"p":0.0,"mot":"L","mo":0.0}]},{"d":"21.05.2018","r":5.0,"q":4.43,"p":3.0E9,"s":[{"cn":"Производник","ui":"7490643","t":5.0,"r":5.0,"q":4.43,"p":3.0E9,"mot":"U","mo":5.0},{"cn":"","ui":"","t":0.0,"r":0.0,"q":0.0,"p":0.0,"mot":"L","mo":0.0}]},{"d":"30.07.2018","r":3.0,"q":7.9,"p":2.25E8,"s":[{"cn":"Bioinvest","ui":"7581531","t":3.0,"r":3.0,"q":7.9,"p":2.25E8,"mot":"U","mo":3.0},{"cn":"","ui":"","t":0.0,"r":0.0,"q":0.0,"p":0.0,"mot":"L","mo":0.0}]},{"d":"06.08.2018","r":4.0,"q":4.43,"p":1.4E9,"s":[{"cn":"Производник","ui":"7490643","t":4.0,"r":4.0,"q":4.43,"p":1.4E9,"mot":"U","mo":4.0},{"cn":"","ui":"","t":0.0,"r":0.0,"q":0.0,"p":0.0,"mot":"L","mo":0.0}]},{"d":"07.08.2018","r":4.0,"q":4.43,"p":5.0E8,"s":[{"cn":"Производник","ui":"7490643","t":4.0,"r":4.0,"q":4.43,"p":5.0E8,"mot":"U","mo":4.0},{"cn":"","ui":"","t":0.0,"r":0.0,"q":0.0,"p":0.0,"mot":"L","mo":0.0}]},{"d":"14.08.2018","r":2.0,"q":4.43,"p":5.0E8,"s":[{"cn":"Производник","ui":"7490643","t":3.0,"r":2.0,"q":4.43,"p":5.0E8,"mot":"U","mo":2.0},{"cn":"","ui":"","t":0.0,"r":0.0,"q":0.0,"p":0.0,"mot":"L","mo":0.0}]},{"d":"28.03.2019","r":1.0,"q":4.43,"p":5.0E8,"s":[{"cn":"Производник","ui":"7490643","t":2.0,"r":1.0,"q":4.43,"p":5.0E8,"mot":"U","mo":1.0},{"cn":"","ui":"","t":0.0,"r":0.0,"q":0.0,"p":0.0,"mot":"L","mo":0.0}]},{"d":"03.01.2020","r":306.0,"q":16.97,"p":4.0E8,"s":[{"cn":"Norfolk","ui":"7196970","t":306.0,"r":306.0,"q":16.97,"p":4.0E8,"mot":"U","mo":306.0},{"cn":"","ui":"","t":0.0,"r":0.0,"q":0.0,"p":0.0,"mot":"L","mo":0.0}]},{"d":"20.01.2020","r":302.0,"q":16.97,"p":4.0E8,"s":[{"cn":"Norfolk","ui":"7196970","t":304.0,"r":302.0,"q":16.97,"p":4.0E8,"mot":"U","mo":302.0},{"cn":"","ui":"","t":0.0,"r":0.0,"q":0.0,"p":0.0,"mot":"L","mo":0.0}]},{"d":"21.01.2020","r":302.0,"q":16.97,"p":4.0E8,"s":[{"cn":"Norfolk","ui":"7196970","t":303.0,"r":302.0,"q":16.97,"p":4.0E8,"mot":"U","mo":302.0},{"cn":"","ui":"","t":0.0,"r":0.0,"q":0.0,"p":0.0,"mot":"L","mo":0.0}]},{"d":"22.01.2020","r":301.0,"q":16.97,"p":4.0E8,"s":[{"cn":"Norfolk","ui":"7196970","t":302.0,"r":301.0,"q":16.97,"p":4.0E8,"mot":"U","mo":301.0},{"cn":"","ui":"","t":0.0,"r":0.0,"q":0.0,"p":0.0,"mot":"L","mo":0.0}]},{"d":"23.01.2020","r":294.0,"q":16.97,"p":4.0E8,"s":[{"cn":"Norfolk","ui":"7196970","t":298.0,"r":294.0,"q":16.97,"p":4.0E8,"mot":"U","mo":294.0},{"cn":"","ui":"","t":0.0,"r":0.0,"q":0.0,"p":0.0,"mot":"L","mo":0.0}]},{"d":"24.01.2020","r":290.0,"q":16.97,"p":4.0E8,"s":[{"cn":"Norfolk","ui":"7196970","t":294.0,"r":290.0,"q":16.97,"p":4.0E8,"mot":"U","mo":290.0},{"cn":"","ui":"","t":0.0,"r":0.0,"q":0.0,"p":0.0,"mot":"L","mo":0.0}]},{"d":"27.01.2020","r":278.0,"q":16.97,"p":4.0E8,"s":[{"cn":"Norfolk","ui":"7196970","t":282.0,"r":278.0,"q":16.97,"p":4.0E8,"mot":"U","mo":278.0},{"cn":"","ui":"","t":0.0,"r":0.0,"q":0.0,"p":0.0,"mot":"L","mo":0.0}]},{"d":"28.01.2020","r":274.0,"q":16.97,"p":4.0E8,"s":[{"cn":"Norfolk","ui":"7196970","t":278.0,"r":274.0,"q":16.97,"p":4.0E8,"mot":"U","mo":274.0},{"cn":"","ui":"","t":0.0,"r":0.0,"q":0.0,"p":0.0,"mot":"L","mo":0.0}]},{"d":"29.01.2020","r":270.0,"q":16.97,"p":4.0E8,"s":[{"cn":"Norfolk","ui":"7196970","t":274.0,"r":270.0,"q":16.97,"p":4.0E8,"mot":"U","mo":270.0},{"cn":"","ui":"","t":0.0,"r":0.0,"q":0.0,"p":0.0,"mot":"L","mo":0.0}]},{"d":"30.01.2020","r":270.0,"q":16.97,"p":4.0E8,"s":[{"cn":"Norfolk","ui":"7196970","t":272.0,"r":270.0,"q":16.97,"p":4.0E8,"mot":"U","mo":270.0},{"cn":"","ui":"","t":0.0,"r":0.0,"q":0.0,"p":0.0,"mot":"L","mo":0.0}]},{"d":"31.01.2020","r":268.0,"q":16.97,"p":4.0E8,"s":[{"cn":"Norfolk","ui":"7196970","t":270.0,"r":268.0,"q":16.97,"p":4.0E8,"mot":"U","mo":268.0},{"cn":"","ui":"","t":0.0,"r":0.0,"q":0.0,"p":0.0,"mot":"L","mo":0.0}]},{"d":"03.02.2020","r":262.0,"q":16.97,"p":4.0E8,"s":[{"cn":"Norfolk","ui":"7196970","t":264.0,"r":262.0,"q":16.97,"p":4.0E8,"mot":"U","mo":262.0},{"cn":"","ui":"","t":0.0,"r":0.0,"q":0.0,"p":0.0,"mot":"L","mo":0.0}]},{"d":"04.02.2020","r":260.0,"q":16.97,"p":4.0E8,"s":[{"cn":"Norfolk","ui":"7196970","t":262.0,"r":260.0,"q":16.97,"p":4.0E8,"mot":"U","mo":260.0},{"cn":"","ui":"","t":0.0,"r":0.0,"q":0.0,"p":0.0,"mot":"L","mo":0.0}]},{"d":"05.02.2020","r":258.0,"q":16.97,"p":4.0E8,"s":[{"cn":"Norfolk","ui":"7196970","t":260.0,"r":258.0,"q":16.97,"p":4.0E8,"mot":"U","mo":258.0},{"cn":"","ui":"","t":0.0,"r":0.0,"q":0.0,"p":0.0,"mot":"L","mo":0.0}]},{"d":"06.02.2020","r":256.0,"q":16.97,"p":4.0E8,"s":[{"cn":"Norfolk","ui":"7196970","t":258.0,"r":256.0,"q":16.97,"p":4.0E8,"mot":"U","mo":256.0},{"cn":"","ui":"","t":0.0,"r":0.0,"q":0.0,"p":0.0,"mot":"L","mo":0.0}]},{"d":"07.02.2020","r":254.0,"q":16.97,"p":4.0E8,"s":[{"cn":"Norfolk","ui":"7196970","t":256.0,"r":254.0,"q":16.97,"p":4.0E8,"mot":"U","mo":254.0},{"cn":"","ui":"","t":0.0,"r":0.0,"q":0.0,"p":0.0,"mot":"L","mo":0.0}]},{"d":"10.02.2020","r":248.0,"q":16.97,"p":4.0E8,"s":[{"cn":"Norfolk","ui":"7196970","t":250.0,"r":248.0,"q":16.97,"p":4.0E8,"mot":"U","mo":248.0},{"cn":"","ui":"","t":0.0,"r":0.0,"q":0.0,"p":0.0,"mot":"L","mo":0.0}]},{"d":"11.02.2020","r":246.0,"q":16.97,"p":4.0E8,"s":[{"cn":"Norfolk","ui":"7196970","t":248.0,"r":246.0,"q":16.97,"p":4.0E8,"mot":"U","mo":246.0},{"cn":"","ui":"","t":0.0,"r":0.0,"q":0.0,"p":0.0,"mot":"L","mo":0.0}]},{"d":"12.02.2020","r":244.0,"q":16.97,"p":4.0E8,"s":[{"cn":"Norfolk","ui":"7196970","t":246.0,"r":244.0,"q":16.97,"p":4.0E8,"mot":"U","mo":244.0},{"cn":"","ui":"","t":0.0,"r":0.0,"q":0.0,"p":0.0,"mot":"L","mo":0.0}]},{"d":"13.02.2020","r":242.0,"q":16.97,"p":4.0E8,"s":[{"cn":"Norfolk","ui":"7196970","t":244.0,"r":242.0,"q":16.97,"p":4.0E8,"mot":"U","mo":242.0},{"cn":"","ui":"","t":0.0,"r":0.0,"q":0.0,"p":0.0,"mot":"L","mo":0.0}]},{"d":"14.02.2020","r":240.0,"q":16.97,"p":4.0E8,"s":[{"cn":"Norfolk","ui":"7196970","t":242.0,"r":240.0,"q":16.97,"p":4.0E8,"mot":"U","mo":240.0},{"cn":"","ui":"","t":0.0,"r":0.0,"q":0.0,"p":0.0,"mot":"L","mo":0.0}]},{"d":"17.02.2020","r":234.0,"q":16.97,"p":4.0E8,"s":[{"cn":"Norfolk","ui":"7196970","t":236.0,"r":234.0,"q":16.97,"p":4.0E8,"mot":"U","mo":234.0},{"cn":"","ui":"","t":0.0,"r":0.0,"q":0.0,"p":0.0,"mot":"L","mo":0.0}]},{"d":"18.02.2020","r":232.0,"q":16.97,"p":4.0E8,"s":[{"cn":"Norfolk","ui":"7196970","t":234.0,"r":232.0,"q":16.97,"p":4.0E8,"mot":"U","mo":232.0},{"cn":"","ui":"","t":0.0,"r":0.0,"q":0.0,"p":0.0,"mot":"L","mo":0.0}]},{"d":"19.02.2020","r":230.0,"q":16.97,"p":4.0E8,"s":[{"cn":"Norfolk","ui":"7196970","t":232.0,"r":230.0,"q":16.97,"p":4.0E8,"mot":"U","mo":230.0},{"cn":"","ui":"","t":0.0,"r":0.0,"q":0.0,"p":0.0,"mot":"L","mo":0.0}]},{"d":"20.02.2020","r":228.0,"q":16.97,"p":4.0E8,"s":[{"cn":"Norfolk","ui":"7196970","t":230.0,"r":228.0,"q":16.97,"p":4.0E8,"mot":"U","mo":228.0},{"cn":"","ui":"","t":0.0,"r":0.0,"q":0.0,"p":0.0,"mot":"L","mo":0.0}]},{"d":"21.02.2020","r":226.0,"q":16.97,"p":4.0E8,"s":[{"cn":"Norfolk","ui":"7196970","t":228.0,"r":226.0,"q":16.97,"p":4.0E8,"mot":"U","mo":226.0},{"cn":"","ui":"","t":0.0,"r":0.0,"q":0.0,"p":0.0,"mot":"L","mo":0.0}]},{"d":"24.02.2020","r":220.0,"q":16.97,"p":4.0E8,"s":[{"cn":"Norfolk","ui":"7196970","t":222.0,"r":220.0,"q":16.97,"p":4.0E8,"mot":"U","mo":220.0},{"cn":"","ui":"","t":0.0,"r":0.0,"q":0.0,"p":0.0,"mot":"L","mo":0.0}]},{"d":"25.02.2020","r":218.0,"q":16.97,"p":4.0E8,"s":[{"cn":"Norfolk","ui":"7196970","t":220.0,"r":218.0,"q":16.97,"p":4.0E8,"mot":"U","mo":218.0},{"cn":"","ui":"","t":0.0,"r":0.0,"q":0.0,"p":0.0,"mot":"L","mo":0.0}]},{"d":"26.02.2020","r":216.0,"q":16.97,"p":4.0E8,"s":[{"cn":"Norfolk","ui":"7196970","t":218.0,"r":216.0,"q":16.97,"p":4.0E8,"mot":"U","mo":216.0},{"cn":"","ui":"","t":0.0,"r":0.0,"q":0.0,"p":0.0,"mot":"L","mo":0.0}]},{"d":"27.02.2020","r":214.0,"q":16.97,"p":4.0E8,"s":[{"cn":"Norfolk","ui":"7196970","t":216.0,"r":214.0,"q":16.97,"p":4.0E8,"mot":"U","mo":214.0},{"cn":"","ui":"","t":0.0,"r":0.0,"q":0.0,"p":0.0,"mot":"L","mo":0.0}]},{"d":"28.02.2020","r":212.0,"q":16.97,"p":4.0E8,"s":[{"cn":"Norfolk","ui":"7196970","t":214.0,"r":212.0,"q":16.97,"p":4.0E8,"mot":"U","mo":212.0},{"cn":"","ui":"","t":0.0,"r":0.0,"q":0.0,"p":0.0,"mot":"L","mo":0.0}]},{"d":"02.03.2020","r":190.0,"q":16.97,"p":4.0E8,"s":[{"cn":"Norfolk","ui":"7196970","t":200.0,"r":190.0,"q":16.97,"p":4.0E8,"mot":"U","mo":190.0},{"cn":"","ui":"","t":0.0,"r":0.0,"q":0.0,"p":0.0,"mot":"L","mo":0.0}]},{"d":"03.03.2020","r":180.0,"q":16.97,"p":4.0E8,"s":[{"cn":"Norfolk","ui":"7196970","t":190.0,"r":180.0,"q":16.97,"p":4.0E8,"mot":"U","mo":180.0},{"cn":"","ui":"","t":0.0,"r":0.0,"q":0.0,"p":0.0,"mot":"L","mo":0.0}]},{"d":"04.03.2020","r":170.0,"q":16.97,"p":4.0E8,"s":[{"cn":"Norfolk","ui":"7196970","t":180.0,"r":170.0,"q":16.97,"p":4.0E8,"mot":"U","mo":170.0},{"cn":"","ui":"","t":0.0,"r":0.0,"q":0.0,"p":0.0,"mot":"L","mo":0.0}]},{"d":"05.03.2020","r":160.0,"q":16.97,"p":4.0E8,"s":[{"cn":"Norfolk","ui":"7196970","t":170.0,"r":160.0,"q":16.97,"p":4.0E8,"mot":"U","mo":160.0},{"cn":"","ui":"","t":0.0,"r":0.0,"q":0.0,"p":0.0,"mot":"L","mo":0.0}]},{"d":"06.03.2020","r":160.0,"q":16.97,"p":4.0E8,"s":[{"cn":"Norfolk","ui":"7196970","t":165.0,"r":160.0,"q":16.97,"p":4.0E8,"mot":"U","mo":160.0},{"cn":"","ui":"","t":0.0,"r":0.0,"q":0.0,"p":0.0,"mot":"L","mo":0.0}]},{"d":"09.03.2020","r":154.0,"q":16.97,"p":4.0E8,"s":[{"cn":"Norfolk","ui":"7196970","t":156.0,"r":154.0,"q":16.97,"p":4.0E8,"mot":"U","mo":154.0},{"cn":"","ui":"","t":0.0,"r":0.0,"q":0.0,"p":0.0,"mot":"L","mo":0.0}]},{"d":"10.03.2020","r":152.0,"q":16.97,"p":4.0E8,"s":[{"cn":"Norfolk","ui":"7196970","t":154.0,"r":152.0,"q":16.97,"p":4.0E8,"mot":"U","mo":152.0},{"cn":"","ui":"","t":0.0,"r":0.0,"q":0.0,"p":0.0,"mot":"L","mo":0.0}]},{"d":"11.03.2020","r":150.0,"q":16.97,"p":4.0E8,"s":[{"cn":"Norfolk","ui":"7196970","t":152.0,"r":150.0,"q":16.97,"p":4.0E8,"mot":"U","mo":150.0},{"cn":"","ui":"","t":0.0,"r":0.0,"q":0.0,"p":0.0,"mot":"L","mo":0.0}]},{"d":"12.03.2020","r":148.0,"q":16.97,"p":4.0E8,"s":[{"cn":"Norfolk","ui":"7196970","t":150.0,"r":148.0,"q":16.97,"p":4.0E8,"mot":"U","mo":148.0},{"cn":"","ui":"","t":0.0,"r":0.0,"q":0.0,"p":0.0,"mot":"L","mo":0.0}]},{"d":"13.03.2020","r":146.0,"q":16.97,"p":4.0E8,"s":[{"cn":"Norfolk","ui":"7196970","t":148.0,"r":146.0,"q":16.97,"p":4.0E8,"mot":"U","mo":146.0},{"cn":"","ui":"","t":0.0,"r":0.0,"q":0.0,"p":0.0,"mot":"L","mo":0.0}]},{"d":"16.03.2020","r":140.0,"q":16.97,"p":4.0E8,"s":[{"cn":"Norfolk","ui":"7196970","t":142.0,"r":140.0,"q":16.97,"p":4.0E8,"mot":"U","mo":140.0},{"cn":"","ui":"","t":0.0,"r":0.0,"q":0.0,"p":0.0,"mot":"L","mo":0.0}]},{"d":"17.03.2020","r":138.0,"q":16.97,"p":4.0E8,"s":[{"cn":"Norfolk","ui":"7196970","t":140.0,"r":138.0,"q":16.97,"p":4.0E8,"mot":"U","mo":138.0},{"cn":"","ui":"","t":0.0,"r":0.0,"q":0.0,"p":0.0,"mot":"L","mo":0.0}]},{"d":"18.03.2020","r":136.0,"q":16.97,"p":4.0E8,"s":[{"cn":"Norfolk","ui":"7196970","t":138.0,"r":136.0,"q":16.97,"p":4.0E8,"mot":"U","mo":136.0},{"cn":"","ui":"","t":0.0,"r":0.0,"q":0.0,"p":0.0,"mot":"L","mo":0.0}]},{"d":"19.03.2020","r":134.0,"q":16.97,"p":4.0E8,"s":[{"cn":"Norfolk","ui":"7196970","t":136.0,"r":134.0,"q":16.97,"p":4.0E8,"mot":"U","mo":134.0},{"cn":"","ui":"","t":0.0,"r":0.0,"q":0.0,"p":0.0,"mot":"L","mo":0.0}]},{"d":"20.03.2020","r":132.0,"q":16.97,"p":4.0E8,"s":[{"cn":"Norfolk","ui":"7196970","t":134.0,"r":132.0,"q":16.97,"p":4.0E8,"mot":"U","mo":132.0},{"cn":"","ui":"","t":0.0,"r":0.0,"q":0.0,"p":0.0,"mot":"L","mo":0.0}]},{"d":"23.03.2020","r":126.0,"q":16.97,"p":4.0E8,"s":[{"cn":"Norfolk","ui":"7196970","t":128.0,"r":126.0,"q":16.97,"p":4.0E8,"mot":"U","mo":126.0},{"cn":"","ui":"","t":0.0,"r":0.0,"q":0.0,"p":0.0,"mot":"L","mo":0.0}]},{"d":"24.03.2020","r":124.0,"q":16.97,"p":4.0E8,"s":[{"cn":"Norfolk","ui":"7196970","t":126.0,"r":124.0,"q":16.97,"p":4.0E8,"mot":"U","mo":124.0},{"cn":"","ui":"","t":0.0,"r":0.0,"q":0.0,"p":0.0,"mot":"L","mo":0.0}]},{"d":"25.03.2020","r":122.0,"q":16.97,"p":4.0E8,"s":[{"cn":"Norfolk","ui":"7196970","t":124.0,"r":122.0,"q":16.97,"p":4.0E8,"mot":"U","mo":122.0},{"cn":"","ui":"","t":0.0,"r":0.0,"q":0.0,"p":0.0,"mot":"L","mo":0.0}]},{"d":"26.03.2020","r":120.0,"q":16.97,"p":4.0E8,"s":[{"cn":"Norfolk","ui":"7196970","t":122.0,"r":120.0,"q":16.97,"p":4.0E8,"mot":"U","mo":120.0},{"cn":"","ui":"","t":0.0,"r":0.0,"q":0.0,"p":0.0,"mot":"L","mo":0.0}]},{"d":"30.03.2020","r":112.0,"q":16.97,"p":4.0E8,"s":[{"cn":"Norfolk","ui":"7196970","t":114.0,"r":112.0,"q":16.97,"p":4.0E8,"mot":"U","mo":112.0},{"cn":"","ui":"","t":0.0,"r":0.0,"q":0.0,"p":0.0,"mot":"L","mo":0.0}]},{"d":"31.03.2020","r":110.0,"q":16.97,"p":4.0E8,"s":[{"cn":"Norfolk","ui":"7196970","t":112.0,"r":110.0,"q":16.97,"p":4.0E8,"mot":"U","mo":110.0},{"cn":"","ui":"","t":0.0,"r":0.0,"q":0.0,"p":0.0,"mot":"L","mo":0.0}]},{"d":"01.04.2020","r":108.0,"q":16.97,"p":4.0E8,"s":[{"cn":"Norfolk","ui":"7196970","t":110.0,"r":108.0,"q":16.97,"p":4.0E8,"mot":"U","mo":108.0},{"cn":"","ui":"","t":0.0,"r":0.0,"q":0.0,"p":0.0,"mot":"L","mo":0.0}]},{"d":"02.04.2020","r":106.0,"q":16.97,"p":4.0E8,"s":[{"cn":"Norfolk","ui":"7196970","t":108.0,"r":106.0,"q":16.97,"p":4.0E8,"mot":"U","mo":106.0},{"cn":"","ui":"","t":0.0,"r":0.0,"q":0.0,"p":0.0,"mot":"L","mo":0.0}]},{"d":"03.04.2020","r":104.0,"q":16.97,"p":4.0E8,"s":[{"cn":"Norfolk","ui":"7196970","t":106.0,"r":104.0,"q":16.97,"p":4.0E8,"mot":"U","mo":104.0},{"cn":"","ui":"","t":0.0,"r":0.0,"q":0.0,"p":0.0,"mot":"L","mo":0.0}]},{"d":"06.04.2020","r":98.0,"q":16.97,"p":4.0E8,"s":[{"cn":"Norfolk","ui":"7196970","t":100.0,"r":98.0,"q":16.97,"p":4.0E8,"mot":"U","mo":98.0},{"cn":"","ui":"","t":0.0,"r":0.0,"q":0.0,"p":0.0,"mot":"L","mo":0.0}]},{"d":"07.04.2020","r":95.0,"q":16.97,"p":4.0E8,"s":[{"cn":"Norfolk","ui":"7196970","t":97.0,"r":95.0,"q":16.97,"p":4.0E8,"mot":"U","mo":95.0},{"cn":"","ui":"","t":0.0,"r":0.0,"q":0.0,"p":0.0,"mot":"L","mo":0.0}]},{"d":"08.04.2020","r":93.0,"q":16.97,"p":4.0E8,"s":[{"cn":"Norfolk","ui":"7196970","t":95.0,"r":93.0,"q":16.97,"p":4.0E8,"mot":"U","mo":93.0},{"cn":"","ui":"","t":0.0,"r":0.0,"q":0.0,"p":0.0,"mot":"L","mo":0.0}]},{"d":"09.04.2020","r":87.0,"q":16.97,"p":4.0E8,"s":[{"cn":"Norfolk","ui":"7196970","t":91.0,"r":87.0,"q":16.97,"p":4.0E8,"mot":"U","mo":87.0},{"cn":"","ui":"","t":0.0,"r":0.0,"q":0.0,"p":0.0,"mot":"L","mo":0.0}]},{"d":"10.04.2020","r":71.0,"q":16.97,"p":4.0E8,"s":[{"cn":"Norfolk","ui":"7196970","t":81.0,"r":71.0,"q":16.97,"p":4.0E8,"mot":"U","mo":71.0},{"cn":"","ui":"","t":0.0,"r":0.0,"q":0.0,"p":0.0,"mot":"L","mo":0.0}]},{"d":"13.04.2020","r":57.0,"q":16.97,"p":4.0E8,"s":[{"cn":"Norfolk","ui":"7196970","t":59.0,"r":57.0,"q":16.97,"p":4.0E8,"mot":"U","mo":57.0},{"cn":"","ui":"","t":0.0,"r":0.0,"q":0.0,"p":0.0,"mot":"L","mo":0.0}]},{"d":"14.04.2020","r":55.0,"q":16.97,"p":4.0E8,"s":[{"cn":"Norfolk","ui":"7196970","t":57.0,"r":55.0,"q":16.97,"p":4.0E8,"mot":"U","mo":55.0},{"cn":"","ui":"","t":0.0,"r":0.0,"q":0.0,"p":0.0,"mot":"L","mo":0.0}]},{"d":"15.04.2020","r":53.0,"q":16.97,"p":4.0E8,"s":[{"cn":"Norfolk","ui":"7196970","t":55.0,"r":53.0,"q":16.97,"p":4.0E8,"mot":"U","mo":53.0},{"cn":"","ui":"","t":0.0,"r":0.0,"q":0.0,"p":0.0,"mot":"L","mo":0.0}]},{"d":"16.04.2020","r":51.0,"q":16.97,"p":4.0E8,"s":[{"cn":"Norfolk","ui":"7196970","t":53.0,"r":51.0,"q":16.97,"p":4.0E8,"mot":"U","mo":51.0},{"cn":"","ui":"","t":0.0,"r":0.0,"q":0.0,"p":0.0,"mot":"L","mo":0.0}]},{"d":"17.04.2020","r":49.0,"q":16.97,"p":4.0E8,"s":[{"cn":"Norfolk","ui":"7196970","t":51.0,"r":49.0,"q":16.97,"p":4.0E8,"mot":"U","mo":49.0},{"cn":"","ui":"","t":0.0,"r":0.0,"q":0.0,"p":0.0,"mot":"L","mo":0.0}]},{"d":"20.04.2020","r":43.0,"q":16.97,"p":4.0E8,"s":[{"cn":"Norfolk","ui":"7196970","t":45.0,"r":43.0,"q":16.97,"p":4.0E8,"mot":"U","mo":43.0},{"cn":"","ui":"","t":0.0,"r":0.0,"q":0.0,"p":0.0,"mot":"L","mo":0.0}]},{"d":"21.04.2020","r":41.0,"q":16.97,"p":4.0E8,"s":[{"cn":"Norfolk","ui":"7196970","t":43.0,"r":41.0,"q":16.97,"p":4.0E8,"mot":"U","mo":41.0},{"cn":"","ui":"","t":0.0,"r":0.0,"q":0.0,"p":0.0,"mot":"L","mo":0.0}]},{"d":"22.04.2020","r":39.0,"q":16.97,"p":4.0E8,"s":[{"cn":"Norfolk","ui":"7196970","t":41.0,"r":39.0,"q":16.97,"p":4.0E8,"mot":"U","mo":39.0},{"cn":"","ui":"","t":0.0,"r":0.0,"q":0.0,"p":0.0,"mot":"L","mo":0.0}]},{"d":"23.04.2020","r":37.0,"q":16.97,"p":4.0E8,"s":[{"cn":"Norfolk","ui":"7196970","t":39.0,"r":37.0,"q":16.97,"p":4.0E8,"mot":"U","mo":37.0},{"cn":"","ui":"","t":0.0,"r":0.0,"q":0.0,"p":0.0,"mot":"L","mo":0.0}]},{"d":"24.04.2020","r":35.0,"q":16.97,"p":4.0E8,"s":[{"cn":"Norfolk","ui":"7196970","t":37.0,"r":35.0,"q":16.97,"p":4.0E8,"mot":"U","mo":35.0},{"cn":"","ui":"","t":0.0,"r":0.0,"q":0.0,"p":0.0,"mot":"L","mo":0.0}]},{"d":"27.04.2020","r":29.0,"q":16.97,"p":4.0E8,"s":[{"cn":"Norfolk","ui":"7196970","t":31.0,"r":29.0,"q":16.97,"p":4.0E8,"mot":"U","mo":29.0},{"cn":"","ui":"","t":0.0,"r":0.0,"q":0.0,"p":0.0,"mot":"L","mo":0.0}]},{"d":"28.04.2020","r":27.0,"q":16.97,"p":4.0E8,"s":[{"cn":"Norfolk","ui":"7196970","t":29.0,"r":27.0,"q":16.97,"p":4.0E8,"mot":"U","mo":27.0},{"cn":"","ui":"","t":0.0,"r":0.0,"q":0.0,"p":0.0,"mot":"L","mo":0.0}]},{"d":"29.04.2020","r":25.0,"q":16.97,"p":4.0E8,"s":[{"cn":"Norfolk","ui":"7196970","t":27.0,"r":25.0,"q":16.97,"p":4.0E8,"mot":"U","mo":25.0},{"cn":"","ui":"","t":0.0,"r":0.0,"q":0.0,"p":0.0,"mot":"L","mo":0.0}]},{"d":"30.04.2020","r":23.0,"q":16.97,"p":4.0E8,"s":[{"cn":"Norfolk","ui":"7196970","t":25.0,"r":23.0,"q":16.97,"p":4.0E8,"mot":"U","mo":23.0},{"cn":"","ui":"","t":0.0,"r":0.0,"q":0.0,"p":0.0,"mot":"L","mo":0.0}]},{"d":"01.05.2020","r":21.0,"q":16.97,"p":4.0E8,"s":[{"cn":"Norfolk","ui":"7196970","t":23.0,"r":21.0,"q":16.97,"p":4.0E8,"mot":"U","mo":21.0},{"cn":"","ui":"","t":0.0,"r":0.0,"q":0.0,"p":0.0,"mot":"L","mo":0.0}]},{"d":"04.05.2020","r":15.0,"q":16.97,"p":4.0E8,"s":[{"cn":"Norfolk","ui":"7196970","t":17.0,"r":15.0,"q":16.97,"p":4.0E8,"mot":"U","mo":15.0},{"cn":"","ui":"","t":0.0,"r":0.0,"q":0.0,"p":0.0,"mot":"L","mo":0.0}]},{"d":"05.05.2020","r":13.0,"q":16.97,"p":4.0E8,"s":[{"cn":"Norfolk","ui":"7196970","t":15.0,"r":13.0,"q":16.97,"p":4.0E8,"mot":"U","mo":13.0},{"cn":"","ui":"","t":0.0,"r":0.0,"q":0.0,"p":0.0,"mot":"L","mo":0.0}]},{"d":"06.05.2020","r":11.0,"q":16.97,"p":4.0E8,"s":[{"cn":"Norfolk","ui":"7196970","t":13.0,"r":11.0,"q":16.97,"p":4.0E8,"mot":"U","mo":11.0},{"cn":"","ui":"","t":0.0,"r":0.0,"q":0.0,"p":0.0,"mot":"L","mo":0.0}]},{"d":"07.05.2020","r":9.0,"q":16.97,"p":4.0E8,"s":[{"cn":"Norfolk","ui":"7196970","t":11.0,"r":9.0,"q":16.97,"p":4.0E8,"mot":"U","mo":9.0},{"cn":"","ui":"","t":0.0,"r":0.0,"q":0.0,"p":0.0,"mot":"L","mo":0.0}]},{"d":"08.05.2020","r":7.0,"q":16.97,"p":4.0E8,"s":[{"cn":"Norfolk","ui":"7196970","t":9.0,"r":7.0,"q":16.97,"p":4.0E8,"mot":"U","mo":7.0},{"cn":"","ui":"","t":0.0,"r":0.0,"q":0.0,"p":0.0,"mot":"L","mo":0.0}]},{"d":"11.05.2020","r":1.0,"q":16.97,"p":4.0E8,"s":[{"cn":"Norfolk","ui":"7196970","t":3.0,"r":1.0,"q":16.97,"p":4.0E8,"mot":"U","mo":1.0},{"cn":"","ui":"","t":0.0,"r":0.0,"q":0.0,"p":0.0,"mot":"L","mo":0.0}]},{"d":"07.01.2021","r":41.0,"q":27.57,"p":2.4E10,"s":[{"cn":"Svetliy Ltd.","ui":"9479073","t":41.0,"r":41.0,"q":27.57,"p":2.4E10,"mot":"U","mo":41.0},{"cn":"","ui":"","t":0.0,"r":0.0,"q":0.0,"p":0.0,"mot":"L","mo":0.0}]},{"d":"29.07.2022","r":71.0,"q":15.3,"p":1.5E8,"s":[{"cn":"Королев Финанс","ui":"7562438","t":71.0,"r":71.0,"q":15.3,"p":1.5E8,"mot":"U","mo":71.0},{"cn":"","ui":"","t":0.0,"r":0.0,"q":0.0,"p":0.0,"mot":"L","mo":0.0}]},{"d":"05.08.2022","r":67.0,"q":15.3,"p":1.5E8,"s":[{"cn":"Королев Финанс","ui":"7562438","t":69.0,"r":67.0,"q":15.3,"p":1.5E8,"mot":"U","mo":67.0},{"cn":"","ui":"","t":0.0,"r":0.0,"q":0.0,"p":0.0,"mot":"L","mo":0.0}]},{"d":"08.08.2022","r":61.0,"q":15.3,"p":1.5E8,"s":[{"cn":"Королев Финанс","ui":"7562438","t":63.0,"r":61.0,"q":15.3,"p":1.5E8,"mot":"U","mo":61.0},{"cn":"","ui":"","t":0.0,"r":0.0,"q":0.0,"p":0.0,"mot":"L","mo":0.0}]},{"d":"09.08.2022","r":59.0,"q":15.3,"p":1.5E8,"s":[{"cn":"Королев Финанс","ui":"7562438","t":61.0,"r":59.0,"q":15.3,"p":1.5E8,"mot":"U","mo":59.0},{"cn":"","ui":"","t":0.0,"r":0.0,"q":0.0,"p":0.0,"mot":"L","mo":0.0}]},{"d":"10.08.2022","r":57.0,"q":15.3,"p":1.5E8,"s":[{"cn":"Королев Финанс","ui":"7562438","t":59.0,"r":57.0,"q":15.3,"p":1.5E8,"mot":"U","mo":57.0},{"cn":"","ui":"","t":0.0,"r":0.0,"q":0.0,"p":0.0,"mot":"L","mo":0.0}]},{"d":"11.08.2022","r":55.0,"q":15.3,"p":1.5E8,"s":[{"cn":"Королев Финанс","ui":"7562438","t":57.0,"r":55.0,"q":15.3,"p":1.5E8,"mot":"U","mo":55.0},{"cn":"","ui":"","t":0.0,"r":0.0,"q":0.0,"p":0.0,"mot":"L","mo":0.0}]},{"d":"12.08.2022","r":53.0,"q":15.3,"p":1.5E8,"s":[{"cn":"Королев Финанс","ui":"7562438","t":55.0,"r":53.0,"q":15.3,"p":1.5E8,"mot":"U","mo":53.0},{"cn":"","ui":"","t":0.0,"r":0.0,"q":0.0,"p":0.0,"mot":"L","mo":0.0}]},{"d":"15.08.2022","r":47.0,"q":15.3,"p":1.5E8,"s":[{"cn":"Королев Финанс","ui":"7562438","t":49.0,"r":47.0,"q":15.3,"p":1.5E8,"mot":"U","mo":47.0},{"cn":"","ui":"","t":0.0,"r":0.0,"q":0.0,"p":0.0,"mot":"L","mo":0.0}]},{"d":"16.08.2022","r":45.0,"q":15.3,"p":1.5E8,"s":[{"cn":"Королев Финанс","ui":"7562438","t":47.0,"r":45.0,"q":15.3,"p":1.5E8,"mot":"U","mo":45.0},{"cn":"","ui":"","t":0.0,"r":0.0,"q":0.0,"p":0.0,"mot":"L","mo":0.0}]},{"d":"17.08.2022","r":43.0,"q":15.3,"p":1.5E8,"s":[{"cn":"Королев Финанс","ui":"7562438","t":45.0,"r":43.0,"q":15.3,"p":1.5E8,"mot":"U","mo":43.0},{"cn":"","ui":"","t":0.0,"r":0.0,"q":0.0,"p":0.0,"mot":"L","mo":0.0}]},{"d":"18.08.2022","r":41.0,"q":15.3,"p":1.5E8,"s":[{"cn":"Королев Финанс","ui":"7562438","t":43.0,"r":41.0,"q":15.3,"p":1.5E8,"mot":"U","mo":41.0},{"cn":"","ui":"","t":0.0,"r":0.0,"q":0.0,"p":0.0,"mot":"L","mo":0.0}]},{"d":"19.08.2022","r":39.0,"q":15.3,"p":1.5E8,"s":[{"cn":"Королев Финанс","ui":"7562438","t":41.0,"r":39.0,"q":15.3,"p":1.5E8,"mot":"U","mo":39.0},{"cn":"","ui":"","t":0.0,"r":0.0,"q":0.0,"p":0.0,"mot":"L","mo":0.0}]},{"d":"22.08.2022","r":33.0,"q":15.3,"p":1.5E8,"s":[{"cn":"Королев Финанс","ui":"7562438","t":35.0,"r":33.0,"q":15.3,"p":1.5E8,"mot":"U","mo":33.0},{"cn":"","ui":"","t":0.0,"r":0.0,"q":0.0,"p":0.0,"mot":"L","mo":0.0}]},{"d":"23.08.2022","r":31.0,"q":15.3,"p":1.5E8,"s":[{"cn":"Королев Финанс","ui":"7562438","t":33.0,"r":31.0,"q":15.3,"p":1.5E8,"mot":"U","mo":31.0},{"cn":"","ui":"","t":0.0,"r":0.0,"q":0.0,"p":0.0,"mot":"L","mo":0.0}]},{"d":"24.08.2022","r":29.0,"q":15.3,"p":1.5E8,"s":[{"cn":"Королев Финанс","ui":"7562438","t":31.0,"r":29.0,"q":15.3,"p":1.5E8,"mot":"U","mo":29.0},{"cn":"","ui":"","t":0.0,"r":0.0,"q":0.0,"p":0.0,"mot":"L","mo":0.0}]},{"d":"25.08.2022","r":27.0,"q":15.3,"p":1.5E8,"s":[{"cn":"Королев Финанс","ui":"7562438","t":29.0,"r":27.0,"q":15.3,"p":1.5E8,"mot":"U","mo":27.0},{"cn":"","ui":"","t":0.0,"r":0.0,"q":0.0,"p":0.0,"mot":"L","mo":0.0}]},{"d":"26.08.2022","r":25.0,"q":15.3,"p":1.5E8,"s":[{"cn":"Королев Финанс","ui":"7562438","t":27.0,"r":25.0,"q":15.3,"p":1.5E8,"mot":"U","mo":25.0},{"cn":"","ui":"","t":0.0,"r":0.0,"q":0.0,"p":0.0,"mot":"L","mo":0.0}]},{"d":"29.08.2022","r":19.0,"q":15.3,"p":1.5E8,"s":[{"cn":"Королев Финанс","ui":"7562438","t":21.0,"r":19.0,"q":15.3,"p":1.5E8,"mot":"U","mo":19.0},{"cn":"","ui":"","t":0.0,"r":0.0,"q":0.0,"p":0.0,"mot":"L","mo":0.0}]},{"d":"30.08.2022","r":17.0,"q":15.3,"p":1.5E8,"s":[{"cn":"Королев Финанс","ui":"7562438","t":19.0,"r":17.0,"q":15.3,"p":1.5E8,"mot":"U","mo":17.0},{"cn":"","ui":"","t":0.0,"r":0.0,"q":0.0,"p":0.0,"mot":"L","mo":0.0}]},{"d":"31.08.2022","r":15.0,"q":15.3,"p":1.5E8,"s":[{"cn":"Королев Финанс","ui":"7562438","t":17.0,"r":15.0,"q":15.3,"p":1.5E8,"mot":"U","mo":15.0},{"cn":"","ui":"","t":0.0,"r":0.0,"q":0.0,"p":0.0,"mot":"L","mo":0.0}]},{"d":"01.09.2022","r":13.0,"q":15.3,"p":1.5E8,"s":[{"cn":"Королев Финанс","ui":"7562438","t":15.0,"r":13.0,"q":15.3,"p":1.5E8,"mot":"U","mo":13.0},{"cn":"","ui":"","t":0.0,"r":0.0,"q":0.0,"p":0.0,"mot":"L","mo":0.0}]},{"d":"02.09.2022","r":11.0,"q":15.3,"p":1.5E8,"s":[{"cn":"Королев Финанс","ui":"7562438","t":13.0,"r":11.0,"q":15.3,"p":1.5E8,"mot":"U","mo":11.0},{"cn":"","ui":"","t":0.0,"r":0.0,"q":0.0,"p":0.0,"mot":"L","mo":0.0}]},{"d":"05.09.2022","r":5.0,"q":15.3,"p":1.5E8,"s":[{"cn":"Королев Финанс","ui":"7562438","t":7.0,"r":5.0,"q":15.3,"p":1.5E8,"mot":"U","mo":5.0},{"cn":"","ui":"","t":0.0,"r":0.0,"q":0.0,"p":0.0,"mot":"L","mo":0.0}]},{"d":"06.09.2022","r":3.0,"q":15.3,"p":1.5E8,"s":[{"cn":"Королев Финанс","ui":"7562438","t":5.0,"r":3.0,"q":15.3,"p":1.5E8,"mot":"U","mo":3.0},{"cn":"","ui":"","t":0.0,"r":0.0,"q":0.0,"p":0.0,"mot":"L","mo":0.0}]},{"d":"07.09.2022","r":1.0,"q":15.3,"p":1.5E8,"s":[{"cn":"Королев Финанс","ui":"7562438","t":3.0,"r":1.0,"q":15.3,"p":1.5E8,"mot":"U","mo":1.0},{"cn":"","ui":"","t":0.0,"r":0.0,"q":0.0,"p":0.0,"mot":"L","mo":0.0}]}]