[{"d":"04.04.2022","r":615990.0,"q":1.14,"p":9792.07,"s":[{"cn":"1","ui":"6949874","t":600000.0,"r":600000.0,"q":1.14,"p":10000.0,"mot":"U","mo":600000.0},{"cn":"","ui":"","t":15990.0,"r":15990.0,"q":1.05,"p":1990.0,"mot":"L","mo":15990.0}]},{"d":"05.04.2022","r":1253990.0,"q":1.47,"p":9846.76,"s":[{"cn":"1","ui":"6949874","t":1230000.0,"r":1230000.0,"q":1.48,"p":10000.0,"mot":"U","mo":1230000.0},{"cn":"","ui":"","t":23990.0,"r":23990.0,"q":1.05,"p":1990.0,"mot":"L","mo":23990.0}]},{"d":"07.04.2022","r":1891980.0,"q":1.57,"p":1016.73,"s":[{"cn":"1","ui":"6949874","t":1860000.0,"r":1860000.0,"q":1.58,"p":1000.0,"mot":"U","mo":1860000.0},{"cn":"","ui":"","t":31980.0,"r":31980.0,"q":1.05,"p":1990.0,"mot":"L","mo":31980.0}]},{"d":"08.04.2022","r":77770.0,"q":1.09,"p":1054.43,"s":[{"cn":"ООО \"Максимус\"","ui":"9352709","t":40000.0,"r":40000.0,"q":1.17,"p":1990.0,"mot":"U","mo":40000.0},{"cn":"Гусак Трейд","ui":"9350512","t":35770.0,"r":35770.0,"q":1.0,"p":56.0,"mot":"U","mo":35770.0},{"cn":"","ui":"","t":2000.0,"r":2000.0,"q":1.0,"p":200.0,"mot":"L","mo":2000.0}]},{"d":"11.04.2022","r":73126.0,"q":1.31,"p":199.11,"s":[{"cn":"ООО \"Максимус\"","ui":"9352709","t":65136.0,"r":65136.0,"q":1.35,"p":199.0,"mot":"U","mo":65136.0},{"cn":"Dimsan Invest","ui":"9355270","t":7990.0,"r":7990.0,"q":1.0,"p":200.0,"mot":"U","mo":7990.0},{"cn":"","ui":"","t":0.0,"r":0.0,"q":0.0,"p":0.0,"mot":"L","mo":0.0}]},{"d":"12.04.2022","r":83516.0,"q":1.34,"p":199.12,"s":[{"cn":"ООО \"Максимус\"","ui":"9352709","t":73536.0,"r":73536.0,"q":1.39,"p":199.0,"mot":"U","mo":73536.0},{"cn":"Dimsan Invest","ui":"9355270","t":9980.0,"r":9980.0,"q":1.0,"p":200.0,"mot":"U","mo":9980.0},{"cn":"","ui":"","t":0.0,"r":0.0,"q":0.0,"p":0.0,"mot":"L","mo":0.0}]},{"d":"13.04.2022","r":11970.0,"q":1.0,"p":200.0,"s":[{"cn":"Dimsan Invest","ui":"9355270","t":11970.0,"r":11970.0,"q":1.0,"p":200.0,"mot":"U","mo":11970.0},{"cn":"","ui":"","t":0.0,"r":0.0,"q":0.0,"p":0.0,"mot":"L","mo":0.0}]},{"d":"14.04.2022","r":16200.0,"q":1.0,"p":225.69,"s":[{"cn":"СтройБизнес","ui":"9363916","t":2250.0,"r":2250.0,"q":1.0,"p":385.0,"mot":"U","mo":2250.0},{"cn":"Dimsan Invest","ui":"9355270","t":13950.0,"r":13950.0,"q":1.0,"p":200.0,"mot":"U","mo":13950.0},{"cn":"","ui":"","t":0.0,"r":0.0,"q":0.0,"p":0.0,"mot":"L","mo":0.0}]},{"d":"15.04.2022","r":2516169.0,"q":1.63,"p":991.72,"s":[{"cn":"1","ui":"6949874","t":2489999.0,"r":2489999.0,"q":1.64,"p":1000.0,"mot":"U","mo":2489999.0},{"cn":"","ui":"","t":26170.0,"r":26170.0,"q":1.0,"p":204.01,"mot":"L","mo":26170.0}]},{"d":"18.04.2022","r":56060.0,"q":1.0,"p":193.9,"s":[{"cn":"СтройБизнес","ui":"9363916","t":34210.0,"r":34210.0,"q":1.0,"p":190.0,"mot":"U","mo":34210.0},{"cn":"Dimsan Invest","ui":"9355270","t":21850.0,"r":21850.0,"q":1.0,"p":200.0,"mot":"U","mo":21850.0},{"cn":"","ui":"","t":0.0,"r":0.0,"q":0.0,"p":0.0,"mot":"L","mo":0.0}]},{"d":"19.04.2022","r":132943.0,"q":1.18,"p":129.46,"s":[{"cn":"Гусак Трейд","ui":"9350512","t":78623.0,"r":66523.0,"q":1.35,"p":60.0,"mot":"U","mo":66523.0},{"cn":"СтройБизнес","ui":"9363916","t":42200.0,"r":42200.0,"q":1.0,"p":199.0,"mot":"U","mo":42200.0},{"cn":"Dimsan Invest","ui":"9355270","t":23820.0,"r":23720.0,"q":1.0,"p":200.0,"mot":"U","mo":23720.0},{"cn":"","ui":"","t":5000.0,"r":500.0,"q":1.57,"p":155.0,"mot":"L","mo":500.0}]},{"d":"20.04.2022","r":310714.0,"q":1.24,"p":118.32,"s":[{"cn":"ООО \"Максимус\"","ui":"9352709","t":96898.0,"r":21898.0,"q":2.15,"p":199.0,"mot":"U","mo":21898.0},{"cn":"Пушкин А. Ltd.","ui":"9362640","t":79380.0,"r":79380.0,"q":1.0,"p":130.0,"mot":"U","mo":79380.0},{"cn":"Гусак Трейд","ui":"9350512","t":145126.0,"r":133026.0,"q":1.35,"p":60.0,"mot":"U","mo":133026.0},{"cn":"СтройБизнес","ui":"9363916","t":50190.0,"r":50190.0,"q":1.0,"p":177.0,"mot":"U","mo":50190.0},{"cn":"Dimsan Invest","ui":"9355270","t":25820.0,"r":25720.0,"q":1.05,"p":200.0,"mot":"U","mo":25720.0},{"cn":"","ui":"","t":10000.0,"r":500.0,"q":1.57,"p":155.0,"mot":"L","mo":500.0}]},{"d":"21.04.2022","r":417209.0,"q":1.33,"p":115.04,"s":[{"cn":"ООО \"Максимус\"","ui":"9352709","t":119040.0,"r":44040.0,"q":2.51,"p":199.0,"mot":"U","mo":44040.0},{"cn":"Пушкин А. Ltd.","ui":"9362640","t":87250.0,"r":87250.0,"q":1.0,"p":130.0,"mot":"U","mo":87250.0},{"cn":"Гусак Трейд","ui":"9350512","t":211619.0,"r":199519.0,"q":1.35,"p":60.0,"mot":"U","mo":199519.0},{"cn":"СтройБизнес","ui":"9363916","t":58180.0,"r":58180.0,"q":1.0,"p":177.0,"mot":"U","mo":58180.0},{"cn":"Dimsan Invest","ui":"9355270","t":27820.0,"r":27720.0,"q":1.09,"p":200.0,"mot":"U","mo":27720.0},{"cn":"","ui":"","t":15000.0,"r":500.0,"q":1.57,"p":155.0,"mot":"L","mo":500.0}]},{"d":"22.04.2022","r":528265.0,"q":1.39,"p":113.97,"s":[{"cn":"ООО \"Максимус\"","ui":"9352709","t":145783.0,"r":70783.0,"q":2.56,"p":199.0,"mot":"U","mo":70783.0},{"cn":"Пушкин А. Ltd.","ui":"9362640","t":95110.0,"r":95110.0,"q":1.0,"p":130.0,"mot":"U","mo":95110.0},{"cn":"Гусак Трейд","ui":"9350512","t":278092.0,"r":265992.0,"q":1.35,"p":60.0,"mot":"U","mo":265992.0},{"cn":"СтройБизнес","ui":"9363916","t":66160.0,"r":66160.0,"q":1.0,"p":178.0,"mot":"U","mo":66160.0},{"cn":"Dimsan Invest","ui":"9355270","t":29820.0,"r":29720.0,"q":1.12,"p":200.0,"mot":"U","mo":29720.0},{"cn":"","ui":"","t":20000.0,"r":500.0,"q":1.57,"p":155.0,"mot":"L","mo":500.0}]},{"d":"25.04.2022","r":1282053.0,"q":1.55,"p":139.93,"s":[{"cn":"ООО \"Максимус\"","ui":"9352709","t":225226.0,"r":150226.0,"q":2.58,"p":199.0,"mot":"U","mo":150226.0},{"cn":"Пушкин А. Ltd.","ui":"9362640","t":119349.0,"r":119349.0,"q":1.04,"p":130.0,"mot":"U","mo":119349.0},{"cn":"Гусак Трейд","ui":"9350512","t":477424.0,"r":465324.0,"q":1.35,"p":60.0,"mot":"U","mo":465324.0},{"cn":"KOBRING Ltd.","ui":"7935794","t":419997.0,"r":419997.0,"q":1.65,"p":200.0,"mot":"U","mo":419997.0},{"cn":"СтройБизнес","ui":"9363916","t":90948.0,"r":90948.0,"q":1.15,"p":179.0,"mot":"U","mo":90948.0},{"cn":"","ui":"","t":70809.0,"r":36209.0,"q":1.21,"p":159.93,"mot":"L","mo":36209.0}]},{"d":"26.04.2022","r":1647050.0,"q":1.75,"p":133.05,"s":[{"cn":"ООО \"Максимус\"","ui":"9352709","t":252096.0,"r":177096.0,"q":2.58,"p":199.0,"mot":"U","mo":177096.0},{"cn":"Пушкин А. Ltd.","ui":"9362640","t":127728.0,"r":127728.0,"q":1.07,"p":130.0,"mot":"U","mo":127728.0},{"cn":"Проект \"Морской бой\"","ui":"9358577","t":231061.0,"r":230961.0,"q":2.92,"p":100.0,"mot":"U","mo":230961.0},{"cn":"Гусак Трейд","ui":"9350512","t":543838.0,"r":531738.0,"q":1.35,"p":60.0,"mot":"U","mo":531738.0},{"cn":"KOBRING Ltd.","ui":"7935794","t":442002.0,"r":442002.0,"q":1.67,"p":200.0,"mot":"U","mo":442002.0},{"cn":"СтройБизнес","ui":"9363916","t":99327.0,"r":99327.0,"q":1.19,"p":179.0,"mot":"U","mo":99327.0},{"cn":"","ui":"","t":77798.0,"r":38198.0,"q":1.22,"p":159.93,"mot":"L","mo":38198.0}]},{"d":"27.04.2022","r":1549968.0,"q":1.58,"p":137.2,"s":[{"cn":"ООО \"Максимус\"","ui":"9352709","t":278839.0,"r":203839.0,"q":2.59,"p":199.0,"mot":"U","mo":203839.0},{"cn":"Пушкин А. Ltd.","ui":"9362640","t":136096.0,"r":136096.0,"q":1.1,"p":130.0,"mot":"U","mo":136096.0},{"cn":"Гусак Трейд","ui":"9350512","t":610233.0,"r":598133.0,"q":1.35,"p":60.0,"mot":"U","mo":598133.0},{"cn":"СтройБизнес","ui":"9363916","t":107706.0,"r":107706.0,"q":1.22,"p":179.0,"mot":"U","mo":107706.0},{"cn":"KOBRING Ltd.","ui":"7935794","t":464007.0,"r":464007.0,"q":1.69,"p":200.0,"mot":"U","mo":464007.0},{"cn":"","ui":"","t":84787.0,"r":40187.0,"q":1.24,"p":159.94,"mot":"L","mo":40187.0}]},{"d":"28.04.2022","r":1927810.0,"q":1.81,"p":133.18,"s":[{"cn":"1","ui":"6949874","t":243100.0,"r":243100.0,"q":3.26,"p":100.0,"mot":"U","mo":243100.0},{"cn":"ООО \"Максимус\"","ui":"9352709","t":305455.0,"r":230455.0,"q":2.59,"p":199.0,"mot":"U","mo":230455.0},{"cn":"Пушкин А. Ltd.","ui":"9362640","t":144454.0,"r":144454.0,"q":1.13,"p":150.0,"mot":"U","mo":144454.0},{"cn":"Гусак Трейд","ui":"9350512","t":676618.0,"r":664518.0,"q":1.35,"p":60.0,"mot":"U","mo":664518.0},{"cn":"KOBRING Ltd.","ui":"7935794","t":486012.0,"r":486012.0,"q":1.71,"p":200.0,"mot":"U","mo":486012.0},{"cn":"СтройБизнес","ui":"9363916","t":116085.0,"r":116085.0,"q":1.24,"p":179.0,"mot":"U","mo":116085.0},{"cn":"","ui":"","t":92786.0,"r":43186.0,"q":1.3,"p":163.25,"mot":"L","mo":43186.0}]},{"d":"29.04.2022","r":2307545.0,"q":1.97,"p":129.35,"s":[{"cn":"1","ui":"6949874","t":486200.0,"r":486200.0,"q":3.26,"p":100.0,"mot":"U","mo":486200.0},{"cn":"ООО \"Максимус\"","ui":"9352709","t":334000.0,"r":259000.0,"q":2.71,"p":199.0,"mot":"U","mo":259000.0},{"cn":"Пушкин А. Ltd.","ui":"9362640","t":152791.0,"r":152791.0,"q":1.16,"p":150.0,"mot":"U","mo":152791.0},{"cn":"Гусак Трейд","ui":"9350512","t":742983.0,"r":730883.0,"q":1.35,"p":60.0,"mot":"U","mo":730883.0},{"cn":"СтройБизнес","ui":"9363916","t":124464.0,"r":124464.0,"q":1.27,"p":179.0,"mot":"U","mo":124464.0},{"cn":"KOBRING Ltd.","ui":"7935794","t":508006.0,"r":508006.0,"q":1.72,"p":200.0,"mot":"U","mo":508006.0},{"cn":"","ui":"","t":100801.0,"r":46201.0,"q":1.36,"p":166.18,"mot":"L","mo":46201.0}]},{"d":"02.05.2022","r":2310120.0,"q":1.69,"p":135.4,"s":[{"cn":"ООО \"Максимус\"","ui":"9352709","t":429078.0,"r":354078.0,"q":2.88,"p":199.0,"mot":"U","mo":354078.0},{"cn":"Пушкин А. Ltd.","ui":"9362640","t":177738.0,"r":177738.0,"q":1.21,"p":150.0,"mot":"U","mo":177738.0},{"cn":"Гусак Трейд","ui":"9350512","t":941579.0,"r":929529.0,"q":1.35,"p":60.0,"mot":"U","mo":929529.0},{"cn":"KOBRING Ltd.","ui":"7935794","t":573988.0,"r":573988.0,"q":1.76,"p":200.0,"mot":"U","mo":573988.0},{"cn":"СтройБизнес","ui":"9363916","t":149601.0,"r":149601.0,"q":1.34,"p":179.0,"mot":"U","mo":149601.0},{"cn":"","ui":"","t":125236.0,"r":125186.0,"q":1.56,"p":146.26,"mot":"L","mo":125186.0}]},{"d":"03.05.2022","r":2456166.0,"q":1.71,"p":135.19,"s":[{"cn":"ООО \"Максимус\"","ui":"9352709","t":461042.0,"r":386042.0,"q":2.91,"p":199.0,"mot":"U","mo":386042.0},{"cn":"Пушкин А. Ltd.","ui":"9362640","t":186558.0,"r":186558.0,"q":1.25,"p":150.0,"mot":"U","mo":186558.0},{"cn":"Гусак Трейд","ui":"9350512","t":1007549.0,"r":995499.0,"q":1.35,"p":60.0,"mot":"U","mo":995499.0},{"cn":"KOBRING Ltd.","ui":"7935794","t":596290.0,"r":596290.0,"q":1.79,"p":200.0,"mot":"U","mo":596290.0},{"cn":"СтройБизнес","ui":"9363916","t":158398.0,"r":158398.0,"q":1.38,"p":181.0,"mot":"U","mo":158398.0},{"cn":"","ui":"","t":133429.0,"r":133379.0,"q":1.59,"p":146.92,"mot":"L","mo":133379.0}]},{"d":"04.05.2022","r":3575150.0,"q":2.14,"p":125.42,"s":[{"cn":"1","ui":"6949874","t":972400.0,"r":972400.0,"q":3.26,"p":100.0,"mot":"U","mo":972400.0},{"cn":"ООО \"Максимус\"","ui":"9352709","t":492872.0,"r":417872.0,"q":2.92,"p":199.0,"mot":"U","mo":417872.0},{"cn":"Пушкин А. Ltd.","ui":"9362640","t":195366.0,"r":195366.0,"q":1.29,"p":150.0,"mot":"U","mo":195366.0},{"cn":"Гусак Трейд","ui":"9350512","t":1073389.0,"r":1061339.0,"q":1.35,"p":60.0,"mot":"U","mo":1061339.0},{"cn":"KOBRING Ltd.","ui":"7935794","t":619373.0,"r":619373.0,"q":1.81,"p":200.0,"mot":"U","mo":619373.0},{"cn":"","ui":"","t":308850.0,"r":308800.0,"q":1.51,"p":165.65,"mot":"L","mo":308800.0}]},{"d":"05.05.2022","r":3721495.0,"q":2.13,"p":110.35,"s":[{"cn":"1","ui":"6949874","t":972400.0,"r":897400.0,"q":3.26,"p":100.0,"mot":"U","mo":897400.0},{"cn":"ООО \"Максимус\"","ui":"9352709","t":524569.0,"r":524568.0,"q":2.94,"p":199.0,"mot":"U","mo":524568.0},{"cn":"Пушкин А. Ltd.","ui":"9362640","t":204163.0,"r":204163.0,"q":1.32,"p":150.0,"mot":"U","mo":204163.0},{"cn":"Гусак Трейд","ui":"9350512","t":1139097.0,"r":1127047.0,"q":1.35,"p":60.0,"mot":"U","mo":1127047.0},{"cn":"KOBRING Ltd.","ui":"7935794","t":642456.0,"r":642456.0,"q":1.84,"p":100.0,"mot":"U","mo":642456.0},{"cn":"","ui":"","t":325911.0,"r":325861.0,"q":1.54,"p":165.87,"mot":"L","mo":325861.0}]},{"d":"06.05.2022","r":3225431.0,"q":1.92,"p":114.91,"s":[{"cn":"1","ui":"6949874","t":255255.0,"r":180155.0,"q":3.67,"p":100.0,"mot":"U","mo":180155.0},{"cn":"ООО \"Максимус\"","ui":"9352709","t":631119.0,"r":631118.0,"q":2.95,"p":199.0,"mot":"U","mo":631118.0},{"cn":"Пушкин А. Ltd.","ui":"9362640","t":212949.0,"r":212949.0,"q":1.35,"p":150.0,"mot":"U","mo":212949.0},{"cn":"Гусак Трейд","ui":"9350512","t":1204643.0,"r":1192642.0,"q":1.35,"p":60.0,"mot":"U","mo":1192642.0},{"cn":"KOBRING Ltd.","ui":"7935794","t":665527.0,"r":665527.0,"q":1.86,"p":100.0,"mot":"U","mo":665527.0},{"cn":"СтройБизнес","ui":"9363916","t":184858.0,"r":184858.0,"q":1.48,"p":181.0,"mot":"U","mo":184858.0},{"cn":"","ui":"","t":158183.0,"r":158182.0,"q":1.69,"p":148.63,"mot":"L","mo":158182.0}]},{"d":"09.05.2022","r":4436298.0,"q":2.23,"p":95.87,"s":[{"cn":"1","ui":"6949874","t":795720.0,"r":720620.0,"q":3.67,"p":100.0,"mot":"U","mo":720620.0},{"cn":"ООО \"Максимус\"","ui":"9352709","t":958844.0,"r":958843.0,"q":3.05,"p":99.0,"mot":"U","mo":958843.0},{"cn":"Пушкин А. Ltd.","ui":"9362640","t":239219.0,"r":239219.0,"q":1.43,"p":150.0,"mot":"U","mo":239219.0},{"cn":"Гусак Трейд","ui":"9350512","t":1400621.0,"r":1388620.0,"q":1.35,"p":60.0,"mot":"U","mo":1388620.0},{"cn":"KOBRING Ltd.","ui":"7935794","t":737046.0,"r":737046.0,"q":1.96,"p":100.0,"mot":"U","mo":737046.0},{"cn":"","ui":"","t":391951.0,"r":391950.0,"q":1.68,"p":166.87,"mot":"L","mo":391950.0}]},{"d":"10.05.2022","r":4833422.0,"q":2.3,"p":95.85,"s":[{"cn":"1","ui":"6949874","t":975875.0,"r":900775.0,"q":3.67,"p":100.0,"mot":"U","mo":900775.0},{"cn":"ООО \"Максимус\"","ui":"9352709","t":1060655.0,"r":1060654.0,"q":3.08,"p":99.0,"mot":"U","mo":1060654.0},{"cn":"Пушкин А. Ltd.","ui":"9362640","t":247950.0,"r":247950.0,"q":1.45,"p":150.0,"mot":"U","mo":247950.0},{"cn":"Гусак Трейд","ui":"9350512","t":1465667.0,"r":1453666.0,"q":1.35,"p":60.0,"mot":"U","mo":1453666.0},{"cn":"KOBRING Ltd.","ui":"7935794","t":761258.0,"r":761258.0,"q":1.99,"p":100.0,"mot":"U","mo":761258.0},{"cn":"","ui":"","t":409120.0,"r":409119.0,"q":1.71,"p":165.39,"mot":"L","mo":409119.0}]},{"d":"11.05.2022","r":5027175.0,"q":2.28,"p":98.84,"s":[{"cn":"1","ui":"6949874","t":900775.0,"r":825675.0,"q":3.67,"p":100.0,"mot":"U","mo":825675.0},{"cn":"ООО \"Максимус\"","ui":"9352709","t":1161801.0,"r":1161800.0,"q":3.1,"p":99.0,"mot":"U","mo":1161800.0},{"cn":"Пушкин А. Ltd.","ui":"9362640","t":256670.0,"r":256670.0,"q":1.47,"p":150.0,"mot":"U","mo":256670.0},{"cn":"Гусак Трейд","ui":"9350512","t":1530535.0,"r":1518534.0,"q":1.34,"p":60.0,"mot":"U","mo":1518534.0},{"cn":"KOBRING Ltd.","ui":"7935794","t":785458.0,"r":785458.0,"q":2.01,"p":100.0,"mot":"U","mo":785458.0},{"cn":"","ui":"","t":479039.0,"r":479038.0,"q":1.77,"p":190.23,"mot":"L","mo":479038.0}]},{"d":"12.05.2022","r":5176624.0,"q":2.28,"p":96.33,"s":[{"cn":"1","ui":"6949874","t":825675.0,"r":750575.0,"q":3.67,"p":100.0,"mot":"U","mo":750575.0},{"cn":"ООО \"Максимус\"","ui":"9352709","t":1262806.0,"r":1262805.0,"q":3.13,"p":99.0,"mot":"U","mo":1262805.0},{"cn":"Пушкин А. Ltd.","ui":"9362640","t":265262.0,"r":265262.0,"q":1.48,"p":150.0,"mot":"U","mo":265262.0},{"cn":"Гусак Трейд","ui":"9350512","t":1595298.0,"r":1583297.0,"q":1.34,"p":60.0,"mot":"U","mo":1583297.0},{"cn":"KOBRING Ltd.","ui":"7935794","t":809658.0,"r":809658.0,"q":2.04,"p":100.0,"mot":"U","mo":809658.0},{"cn":"","ui":"","t":505028.0,"r":505027.0,"q":1.8,"p":164.0,"mot":"L","mo":505027.0}]},{"d":"13.05.2022","r":5224879.0,"q":2.25,"p":96.27,"s":[{"cn":"1","ui":"6949874","t":750575.0,"r":675075.0,"q":3.67,"p":100.0,"mot":"U","mo":675075.0},{"cn":"ООО \"Максимус\"","ui":"9352709","t":1262805.0,"r":1262704.0,"q":3.13,"p":99.0,"mot":"U","mo":1262704.0},{"cn":"Пушкин А. Ltd.","ui":"9362640","t":273949.0,"r":273949.0,"q":1.5,"p":150.0,"mot":"U","mo":273949.0},{"cn":"Гусак Трейд","ui":"9350512","t":1659876.0,"r":1647875.0,"q":1.34,"p":60.0,"mot":"U","mo":1647875.0},{"cn":"KOBRING Ltd.","ui":"7935794","t":833846.0,"r":833846.0,"q":2.06,"p":100.0,"mot":"U","mo":833846.0},{"cn":"","ui":"","t":533531.0,"r":531430.0,"q":1.83,"p":163.98,"mot":"L","mo":531430.0}]},{"d":"16.05.2022","r":5317171.0,"q":2.17,"p":91.28,"s":[{"cn":"1","ui":"6949874","t":524075.0,"r":448575.0,"q":3.67,"p":100.0,"mot":"U","mo":448575.0},{"cn":"ООО \"Максимус\"","ui":"9352709","t":1262502.0,"r":1262401.0,"q":3.13,"p":79.0,"mot":"U","mo":1262401.0},{"cn":"Пушкин А. Ltd.","ui":"9362640","t":300253.0,"r":300253.0,"q":1.55,"p":150.0,"mot":"U","mo":300253.0},{"cn":"Гусак Трейд","ui":"9350512","t":1806229.0,"r":1794228.0,"q":1.32,"p":60.0,"mot":"U","mo":1794228.0},{"cn":"KOBRING Ltd.","ui":"7935794","t":904609.0,"r":904609.0,"q":2.12,"p":100.0,"mot":"U","mo":904609.0},{"cn":"","ui":"","t":609206.0,"r":607105.0,"q":1.92,"p":160.77,"mot":"L","mo":607105.0}]},{"d":"17.05.2022","r":5328952.0,"q":2.13,"p":90.58,"s":[{"cn":"1","ui":"6949874","t":448575.0,"r":373375.0,"q":3.67,"p":100.0,"mot":"U","mo":373375.0},{"cn":"ООО \"Максимус\"","ui":"9352709","t":1262401.0,"r":1262300.0,"q":3.13,"p":79.0,"mot":"U","mo":1262300.0},{"cn":"Пушкин А. Ltd.","ui":"9362640","t":309050.0,"r":309050.0,"q":1.56,"p":150.0,"mot":"U","mo":309050.0},{"cn":"Гусак Трейд","ui":"9350512","t":1854470.0,"r":1842469.0,"q":1.31,"p":60.0,"mot":"U","mo":1842469.0},{"cn":"KOBRING Ltd.","ui":"7935794","t":927829.0,"r":927829.0,"q":2.13,"p":100.0,"mot":"U","mo":927829.0},{"cn":"СтройБизнес","ui":"9363916","t":274358.0,"r":272258.0,"q":1.72,"p":176.0,"mot":"U","mo":272258.0},{"cn":"","ui":"","t":360672.0,"r":341671.0,"q":1.94,"p":140.63,"mot":"L","mo":341671.0}]},{"d":"18.05.2022","r":5616206.0,"q":2.19,"p":89.26,"s":[{"cn":"1","ui":"6949874","t":641393.0,"r":566283.0,"q":3.83,"p":100.0,"mot":"U","mo":566283.0},{"cn":"ООО \"Максимус\"","ui":"9352709","t":1262300.0,"r":1262289.0,"q":3.13,"p":79.0,"mot":"U","mo":1262289.0},{"cn":"Пушкин А. Ltd.","ui":"9362640","t":317836.0,"r":317836.0,"q":1.58,"p":150.0,"mot":"U","mo":317836.0},{"cn":"Гусак Трейд","ui":"9350512","t":1902308.0,"r":1890307.0,"q":1.31,"p":60.0,"mot":"U","mo":1890307.0},{"cn":"KOBRING Ltd.","ui":"7935794","t":950989.0,"r":950989.0,"q":2.15,"p":90.0,"mot":"U","mo":950989.0},{"cn":"","ui":"","t":641583.0,"r":628502.0,"q":1.86,"p":156.38,"mot":"L","mo":628502.0}]},{"d":"19.05.2022","r":5632530.0,"q":2.28,"p":85.39,"s":[{"cn":"1","ui":"6949874","t":834301.0,"r":759191.0,"q":3.9,"p":100.0,"mot":"U","mo":759191.0},{"cn":"ООО \"Максимус\"","ui":"9352709","t":1262289.0,"r":1262278.0,"q":3.13,"p":79.0,"mot":"U","mo":1262278.0},{"cn":"Пушкин А. Ltd.","ui":"9362640","t":326594.0,"r":326594.0,"q":1.59,"p":150.0,"mot":"U","mo":326594.0},{"cn":"Гусак Трейд","ui":"9350512","t":1949732.0,"r":1937731.0,"q":1.3,"p":60.0,"mot":"U","mo":1937731.0},{"cn":"KOBRING Ltd.","ui":"7935794","t":976514.0,"r":976514.0,"q":2.18,"p":90.0,"mot":"U","mo":976514.0},{"cn":"","ui":"","t":371203.0,"r":370222.0,"q":1.99,"p":140.9,"mot":"L","mo":370222.0}]},{"d":"20.05.2022","r":6208377.0,"q":2.3,"p":90.03,"s":[{"cn":"1","ui":"6949874","t":1027209.0,"r":952099.0,"q":3.94,"p":100.0,"mot":"U","mo":952099.0},{"cn":"ООО \"Максимус\"","ui":"9352709","t":1262278.0,"r":1262267.0,"q":3.13,"p":79.0,"mot":"U","mo":1262267.0},{"cn":"Пушкин А. Ltd.","ui":"9362640","t":335347.0,"r":335347.0,"q":1.6,"p":150.0,"mot":"U","mo":335347.0},{"cn":"Гусак Трейд","ui":"9350512","t":1996872.0,"r":1984871.0,"q":1.29,"p":60.0,"mot":"U","mo":1984871.0},{"cn":"KOBRING Ltd.","ui":"7935794","t":1002039.0,"r":1002039.0,"q":2.2,"p":90.0,"mot":"U","mo":1002039.0},{"cn":"","ui":"","t":673835.0,"r":671754.0,"q":1.89,"p":155.46,"mot":"L","mo":671754.0}]},{"d":"23.05.2022","r":7163678.0,"q":2.43,"p":90.9,"s":[{"cn":"1","ui":"6949874","t":1595933.0,"r":1520623.0,"q":3.99,"p":100.0,"mot":"U","mo":1520623.0},{"cn":"ООО \"Максимус\"","ui":"9352709","t":1262245.0,"r":1262234.0,"q":3.13,"p":79.0,"mot":"U","mo":1262234.0},{"cn":"Пушкин А. Ltd.","ui":"9362640","t":361540.0,"r":361540.0,"q":1.63,"p":150.0,"mot":"U","mo":361540.0},{"cn":"Гусак Трейд","ui":"9350512","t":2136325.0,"r":2124324.0,"q":1.28,"p":60.0,"mot":"U","mo":2124324.0},{"cn":"KOBRING Ltd.","ui":"7935794","t":1078588.0,"r":1078588.0,"q":2.28,"p":90.0,"mot":"U","mo":1078588.0},{"cn":"","ui":"","t":818450.0,"r":816369.0,"q":2.0,"p":147.8,"mot":"L","mo":816369.0}]},{"d":"24.05.2022","r":7512602.0,"q":2.47,"p":90.75,"s":[{"cn":"1","ui":"6949874","t":1788641.0,"r":1713531.0,"q":4.0,"p":100.0,"mot":"U","mo":1713531.0},{"cn":"ООО \"Максимус\"","ui":"9352709","t":1262234.0,"r":1262223.0,"q":3.13,"p":79.0,"mot":"U","mo":1262223.0},{"cn":"Гусак Трейд","ui":"9350512","t":2182187.0,"r":2170186.0,"q":1.27,"p":60.0,"mot":"U","mo":2170186.0},{"cn":"KOBRING Ltd.","ui":"7935794","t":1104088.0,"r":1104088.0,"q":2.3,"p":90.0,"mot":"U","mo":1104088.0},{"cn":"","ui":"","t":1263623.0,"r":1262574.0,"q":1.94,"p":143.48,"mot":"L","mo":1262574.0}]},{"d":"25.05.2022","r":7591597.0,"q":2.45,"p":89.76,"s":[{"cn":"1","ui":"6949874","t":1712541.0,"r":1636441.0,"q":4.0,"p":100.0,"mot":"U","mo":1636441.0},{"cn":"ООО \"Максимус\"","ui":"9352709","t":1262223.0,"r":1262212.0,"q":3.13,"p":74.0,"mot":"U","mo":1262212.0},{"cn":"Гусак Трейд","ui":"9350512","t":2227615.0,"r":2215614.0,"q":1.27,"p":60.0,"mot":"U","mo":2215614.0},{"cn":"KOBRING Ltd.","ui":"7935794","t":1129588.0,"r":1129588.0,"q":2.32,"p":90.0,"mot":"U","mo":1129588.0},{"cn":"","ui":"","t":1349881.0,"r":1347742.0,"q":1.99,"p":140.8,"mot":"L","mo":1347742.0}]},{"d":"26.05.2022","r":7659818.0,"q":2.43,"p":89.64,"s":[{"cn":"1","ui":"6949874","t":1636441.0,"r":1549340.0,"q":4.0,"p":100.0,"mot":"U","mo":1549340.0},{"cn":"ООО \"Максимус\"","ui":"9352709","t":1262212.0,"r":1262206.0,"q":3.13,"p":74.0,"mot":"U","mo":1262206.0},{"cn":"Пушкин А. Ltd.","ui":"9362640","t":387612.0,"r":387612.0,"q":1.66,"p":150.0,"mot":"U","mo":387612.0},{"cn":"Гусак Трейд","ui":"9350512","t":2272753.0,"r":2260752.0,"q":1.26,"p":60.0,"mot":"U","mo":2260752.0},{"cn":"KOBRING Ltd.","ui":"7935794","t":1155088.0,"r":1155088.0,"q":2.34,"p":90.0,"mot":"U","mo":1155088.0},{"cn":"","ui":"","t":1047069.0,"r":1044820.0,"q":2.17,"p":134.52,"mot":"L","mo":1044820.0}]},{"d":"27.05.2022","r":7690271.0,"q":2.41,"p":89.04,"s":[{"cn":"1","ui":"6949874","t":1549340.0,"r":1473240.0,"q":4.0,"p":100.0,"mot":"U","mo":1473240.0},{"cn":"ООО \"Максимус\"","ui":"9352709","t":1262206.0,"r":1262200.0,"q":3.13,"p":74.0,"mot":"U","mo":1262200.0},{"cn":"Пушкин А. Ltd.","ui":"9362640","t":396277.0,"r":396277.0,"q":1.67,"p":150.0,"mot":"U","mo":396277.0},{"cn":"Гусак Трейд","ui":"9350512","t":2317450.0,"r":2305449.0,"q":1.26,"p":60.0,"mot":"U","mo":2305449.0},{"cn":"KOBRING Ltd.","ui":"7935794","t":1180575.0,"r":1180575.0,"q":2.36,"p":90.0,"mot":"U","mo":1180575.0},{"cn":"","ui":"","t":1074779.0,"r":1072530.0,"q":2.18,"p":130.5,"mot":"L","mo":1072530.0}]},{"d":"30.05.2022","r":7447874.0,"q":2.34,"p":88.03,"s":[{"cn":"1","ui":"6949874","t":1309785.0,"r":1220190.0,"q":4.0,"p":100.0,"mot":"U","mo":1220190.0},{"cn":"ООО \"Максимус\"","ui":"9352709","t":1262193.0,"r":1262192.0,"q":3.13,"p":69.0,"mot":"U","mo":1262192.0},{"cn":"Пушкин А. Ltd.","ui":"9362640","t":422195.0,"r":422195.0,"q":1.69,"p":150.0,"mot":"U","mo":422195.0},{"cn":"Гусак Трейд","ui":"9350512","t":2449458.0,"r":2437457.0,"q":1.24,"p":60.0,"mot":"U","mo":2437457.0},{"cn":"KOBRING Ltd.","ui":"7935794","t":1257010.0,"r":1257010.0,"q":2.41,"p":90.0,"mot":"U","mo":1257010.0},{"cn":"","ui":"","t":849831.0,"r":848830.0,"q":2.2,"p":145.87,"mot":"L","mo":848830.0}]},{"d":"31.05.2022","r":7465787.0,"q":2.32,"p":88.02,"s":[{"cn":"1","ui":"6949874","t":1220190.0,"r":1130595.0,"q":4.0,"p":100.0,"mot":"U","mo":1130595.0},{"cn":"ООО \"Максимус\"","ui":"9352709","t":1262192.0,"r":1262191.0,"q":3.13,"p":69.0,"mot":"U","mo":1262191.0},{"cn":"Пушкин А. Ltd.","ui":"9362640","t":430805.0,"r":430805.0,"q":1.7,"p":150.0,"mot":"U","mo":430805.0},{"cn":"Гусак Трейд","ui":"9350512","t":2492661.0,"r":2480660.0,"q":1.24,"p":60.0,"mot":"U","mo":2480660.0},{"cn":"СтройБизнес","ui":"9363916","t":376576.0,"r":376576.0,"q":1.99,"p":160.0,"mot":"U","mo":376576.0},{"cn":"KOBRING Ltd.","ui":"7935794","t":1282484.0,"r":1282484.0,"q":2.43,"p":90.0,"mot":"U","mo":1282484.0},{"cn":"","ui":"","t":503477.0,"r":502476.0,"q":2.41,"p":135.02,"mot":"L","mo":502476.0}]},{"d":"01.06.2022","r":7775008.0,"q":2.33,"p":87.62,"s":[{"cn":"1","ui":"6949874","t":1130595.0,"r":1041000.0,"q":4.0,"p":100.0,"mot":"U","mo":1041000.0},{"cn":"ООО \"Максимус\"","ui":"9352709","t":1262191.0,"r":1262190.0,"q":3.13,"p":69.0,"mot":"U","mo":1262190.0},{"cn":"Пушкин А. Ltd.","ui":"9362640","t":439404.0,"r":439404.0,"q":1.71,"p":150.0,"mot":"U","mo":439404.0},{"cn":"Гусак Трейд","ui":"9350512","t":2535554.0,"r":2523553.0,"q":1.24,"p":60.0,"mot":"U","mo":2523553.0},{"cn":"KOBRING Ltd.","ui":"7935794","t":1307893.0,"r":1307893.0,"q":2.45,"p":90.0,"mot":"U","mo":1307893.0},{"cn":"","ui":"","t":1201969.0,"r":1200968.0,"q":2.43,"p":129.11,"mot":"L","mo":1200968.0}]},{"d":"02.06.2022","r":8074514.0,"q":2.38,"p":86.05,"s":[{"cn":"1","ui":"6949874","t":1322419.0,"r":1232824.0,"q":4.09,"p":100.0,"mot":"U","mo":1232824.0},{"cn":"ООО \"Максимус\"","ui":"9352709","t":1262190.0,"r":1262189.0,"q":3.13,"p":69.0,"mot":"U","mo":1262189.0},{"cn":"Пушкин А. Ltd.","ui":"9362640","t":449128.0,"r":449128.0,"q":1.73,"p":150.0,"mot":"U","mo":449128.0},{"cn":"Гусак Трейд","ui":"9350512","t":2577993.0,"r":2565992.0,"q":1.23,"p":60.0,"mot":"U","mo":2565992.0},{"cn":"KOBRING Ltd.","ui":"7935794","t":1333243.0,"r":1333243.0,"q":2.46,"p":90.0,"mot":"U","mo":1333243.0},{"cn":"","ui":"","t":1232139.0,"r":1231138.0,"q":2.45,"p":116.25,"mot":"L","mo":1231138.0}]},{"d":"03.06.2022","r":8496156.0,"q":2.44,"p":85.63,"s":[{"cn":"1","ui":"6949874","t":1514243.0,"r":1424648.0,"q":4.15,"p":100.0,"mot":"U","mo":1424648.0},{"cn":"ООО \"Максимус\"","ui":"9352709","t":1262189.0,"r":1262188.0,"q":3.13,"p":69.0,"mot":"U","mo":1262188.0},{"cn":"Пушкин А. Ltd.","ui":"9362640","t":458839.0,"r":458839.0,"q":1.75,"p":150.0,"mot":"U","mo":458839.0},{"cn":"Гусак Трейд","ui":"9350512","t":2620119.0,"r":2608118.0,"q":1.23,"p":60.0,"mot":"U","mo":2608118.0},{"cn":"KOBRING Ltd.","ui":"7935794","t":1358768.0,"r":1358768.0,"q":2.47,"p":90.0,"mot":"U","mo":1358768.0},{"cn":"","ui":"","t":1384596.0,"r":1383595.0,"q":2.55,"p":108.66,"mot":"L","mo":1383595.0}]},{"d":"06.06.2022","r":9731208.0,"q":2.59,"p":85.14,"s":[{"cn":"1","ui":"6949874","t":2091715.0,"r":2003120.0,"q":4.26,"p":100.0,"mot":"U","mo":2003120.0},{"cn":"ООО \"Максимус\"","ui":"9352709","t":1262186.0,"r":1262185.0,"q":3.13,"p":67.0,"mot":"U","mo":1262185.0},{"cn":"Пушкин А. Ltd.","ui":"9362640","t":487900.0,"r":487900.0,"q":1.82,"p":150.0,"mot":"U","mo":487900.0},{"cn":"Гусак Трейд","ui":"9350512","t":2744461.0,"r":2732460.0,"q":1.22,"p":60.0,"mot":"U","mo":2732460.0},{"cn":"Sirvar","ui":"9404143","t":502148.0,"r":501348.0,"q":3.24,"p":19.19,"mot":"U","mo":501348.0},{"cn":"KOBRING Ltd.","ui":"7935794","t":1435330.0,"r":1435330.0,"q":2.52,"p":90.0,"mot":"U","mo":1435330.0},{"cn":"","ui":"","t":1308866.0,"r":1308865.0,"q":2.45,"p":128.13,"mot":"L","mo":1308865.0}]},{"d":"07.06.2022","r":1.2472483E7,"q":2.85,"p":81.24,"s":[{"cn":"1","ui":"6949874","t":2283783.0,"r":2194432.0,"q":4.28,"p":100.0,"mot":"U","mo":2194432.0},{"cn":"ООО \"Максимус\"","ui":"9352709","t":3886428.0,"r":3886427.0,"q":3.53,"p":65.0,"mot":"U","mo":3886427.0},{"cn":"Гусак Трейд","ui":"9350512","t":2785177.0,"r":2773176.0,"q":1.22,"p":60.0,"mot":"U","mo":2773176.0},{"cn":"KOBRING Ltd.","ui":"7935794","t":1460842.0,"r":1460842.0,"q":2.53,"p":90.0,"mot":"U","mo":1460842.0},{"cn":"","ui":"","t":2158407.0,"r":2157606.0,"q":2.47,"p":112.78,"mot":"L","mo":2157606.0}]},{"d":"08.06.2022","r":1.2785009E7,"q":2.87,"p":81.64,"s":[{"cn":"1","ui":"6949874","t":2475075.0,"r":2385685.0,"q":4.29,"p":100.0,"mot":"U","mo":2385685.0},{"cn":"ООО \"Максимус\"","ui":"9352709","t":3886427.0,"r":3886426.0,"q":3.53,"p":65.0,"mot":"U","mo":3886426.0},{"cn":"Гусак Трейд","ui":"9350512","t":2825571.0,"r":2813570.0,"q":1.21,"p":60.0,"mot":"U","mo":2813570.0},{"cn":"KOBRING Ltd.","ui":"7935794","t":1487617.0,"r":1487617.0,"q":2.55,"p":90.0,"mot":"U","mo":1487617.0},{"cn":"","ui":"","t":2213595.0,"r":2211711.0,"q":2.49,"p":112.98,"mot":"L","mo":2211711.0}]},{"d":"09.06.2022","r":1.3127209E7,"q":2.89,"p":82.0,"s":[{"cn":"1","ui":"6949874","t":2667104.0,"r":2578614.0,"q":4.31,"p":100.0,"mot":"U","mo":2578614.0},{"cn":"ООО \"Максимус\"","ui":"9352709","t":3886426.0,"r":3886425.0,"q":3.53,"p":65.0,"mot":"U","mo":3886425.0},{"cn":"Гусак Трейд","ui":"9350512","t":2891385.0,"r":2879384.0,"q":1.22,"p":60.0,"mot":"U","mo":2879384.0},{"cn":"KOBRING Ltd.","ui":"7935794","t":1514392.0,"r":1514392.0,"q":2.57,"p":90.0,"mot":"U","mo":1514392.0},{"cn":"","ui":"","t":2270195.0,"r":2268394.0,"q":2.5,"p":113.24,"mot":"L","mo":2268394.0}]},{"d":"10.06.2022","r":3.2321336E7,"q":2.4,"p":45.61,"s":[{"cn":"1","ui":"6949874","t":2860033.0,"r":2771543.0,"q":4.32,"p":100.0,"mot":"U","mo":2771543.0},{"cn":"ООО \"Максимус\"","ui":"9352709","t":3886425.0,"r":3886424.0,"q":3.53,"p":65.0,"mot":"U","mo":3886424.0},{"cn":"Гусак Трейд","ui":"9350512","t":2957189.0,"r":2945188.0,"q":1.22,"p":60.0,"mot":"U","mo":2945188.0},{"cn":"Флора и Фауна","ui":"9417706","t":1.8728004E7,"r":1.8728004E7,"q":2.04,"p":19.0,"mot":"U","mo":1.8728004E7},{"cn":"","ui":"","t":3992278.0,"r":3990177.0,"q":2.55,"p":103.18,"mot":"L","mo":3990177.0}]},{"d":"13.06.2022","r":1.3560285E7,"q":2.86,"p":82.31,"s":[{"cn":"1","ui":"6949874","t":2594563.0,"r":2506073.0,"q":4.32,"p":100.0,"mot":"U","mo":2506073.0},{"cn":"ООО \"Максимус\"","ui":"9352709","t":3886422.0,"r":3886421.0,"q":3.53,"p":65.0,"mot":"U","mo":3886421.0},{"cn":"Гусак Трейд","ui":"9350512","t":3154502.0,"r":3154489.0,"q":1.23,"p":60.0,"mot":"U","mo":3154489.0},{"cn":"KOBRING Ltd.","ui":"7935794","t":1621437.0,"r":1621437.0,"q":2.63,"p":90.0,"mot":"U","mo":1621437.0},{"cn":"","ui":"","t":2635066.0,"r":2391865.0,"q":2.54,"p":116.14,"mot":"L","mo":2391865.0}]},{"d":"14.06.2022","r":3.2815298E7,"q":2.38,"p":45.63,"s":[{"cn":"1","ui":"6949874","t":2506073.0,"r":2417583.0,"q":4.32,"p":100.0,"mot":"U","mo":2417583.0},{"cn":"ООО \"Максимус\"","ui":"9352709","t":3886421.0,"r":3886420.0,"q":3.53,"p":65.0,"mot":"U","mo":3886420.0},{"cn":"Гусак Трейд","ui":"9350512","t":3232225.0,"r":3232212.0,"q":1.23,"p":60.0,"mot":"U","mo":3232212.0},{"cn":"KOBRING Ltd.","ui":"7935794","t":1648185.0,"r":1648185.0,"q":2.65,"p":90.0,"mot":"U","mo":1648185.0},{"cn":"Флора и Фауна","ui":"9417706","t":1.8948018E7,"r":1.8948018E7,"q":2.04,"p":19.0,"mot":"U","mo":1.8948018E7},{"cn":"","ui":"","t":2926081.0,"r":2682880.0,"q":2.59,"p":112.1,"mot":"L","mo":2682880.0}]},{"d":"16.06.2022","r":3.288764E7,"q":2.37,"p":40.1,"s":[{"cn":"1","ui":"6949874","t":2329093.0,"r":2240603.0,"q":4.32,"p":100.0,"mot":"U","mo":2240603.0},{"cn":"ООО \"Максимус\"","ui":"9352709","t":3886419.0,"r":3886418.0,"q":3.53,"p":65.0,"mot":"U","mo":3886418.0},{"cn":"Гусак Трейд","ui":"9350512","t":3388765.0,"r":3388752.0,"q":1.24,"p":60.0,"mot":"U","mo":3388752.0},{"cn":"KOBRING Ltd.","ui":"7935794","t":1701605.0,"r":1701605.0,"q":2.68,"p":90.0,"mot":"U","mo":1701605.0},{"cn":"Флора и Фауна","ui":"9417706","t":1.9174108E7,"r":1.9174108E7,"q":2.05,"p":10.0,"mot":"U","mo":1.9174108E7},{"cn":"","ui":"","t":2739755.0,"r":2496154.0,"q":2.58,"p":117.76,"mot":"L","mo":2496154.0}]},{"d":"17.06.2022","r":3.3256439E7,"q":2.37,"p":39.97,"s":[{"cn":"1","ui":"6949874","t":2240641.0,"r":2152189.0,"q":4.32,"p":100.0,"mot":"U","mo":2152189.0},{"cn":"ООО \"Максимус\"","ui":"9352709","t":3886418.0,"r":3886417.0,"q":3.53,"p":65.0,"mot":"U","mo":3886417.0},{"cn":"Гусак Трейд","ui":"9350512","t":3467582.0,"r":3467569.0,"q":1.24,"p":60.0,"mot":"U","mo":3467569.0},{"cn":"KOBRING Ltd.","ui":"7935794","t":1728204.0,"r":1728204.0,"q":2.69,"p":90.0,"mot":"U","mo":1728204.0},{"cn":"Флора и Фауна","ui":"9417706","t":1.9416625E7,"r":1.9416625E7,"q":2.06,"p":10.0,"mot":"U","mo":1.9416625E7},{"cn":"","ui":"","t":2849736.0,"r":2605435.0,"q":2.6,"p":116.52,"mot":"L","mo":2605435.0}]},{"d":"20.06.2022","r":3.4081713E7,"q":2.37,"p":39.33,"s":[{"cn":"1","ui":"6949874","t":2127943.0,"r":2036956.0,"q":4.35,"p":100.0,"mot":"U","mo":2036956.0},{"cn":"ООО \"Максимус\"","ui":"9352709","t":3886415.0,"r":3886414.0,"q":3.53,"p":65.0,"mot":"U","mo":3886414.0},{"cn":"Гусак Трейд","ui":"9350512","t":3629614.0,"r":3629601.0,"q":1.25,"p":60.0,"mot":"U","mo":3629601.0},{"cn":"KOBRING Ltd.","ui":"7935794","t":1807501.0,"r":1807501.0,"q":2.73,"p":90.0,"mot":"U","mo":1807501.0},{"cn":"Флора и Фауна","ui":"9417706","t":2.0144031E7,"r":2.0144031E7,"q":2.09,"p":10.0,"mot":"U","mo":2.0144031E7},{"cn":"","ui":"","t":2820911.0,"r":2577210.0,"q":2.58,"p":117.33,"mot":"L","mo":2577210.0}]},{"d":"21.06.2022","r":3.459961E7,"q":2.39,"p":39.38,"s":[{"cn":"1","ui":"6949874","t":2332446.0,"r":2241459.0,"q":4.41,"p":100.0,"mot":"U","mo":2241459.0},{"cn":"ООО \"Максимус\"","ui":"9352709","t":3886414.0,"r":3886413.0,"q":3.53,"p":65.0,"mot":"U","mo":3886413.0},{"cn":"Гусак Трейд","ui":"9350512","t":3629601.0,"r":3629588.0,"q":1.25,"p":60.0,"mot":"U","mo":3629588.0},{"cn":"KOBRING Ltd.","ui":"7935794","t":1833772.0,"r":1833772.0,"q":2.74,"p":85.0,"mot":"U","mo":1833772.0},{"cn":"Флора и Фауна","ui":"9417706","t":2.0386451E7,"r":2.0386451E7,"q":2.1,"p":10.0,"mot":"U","mo":2.0386451E7},{"cn":"","ui":"","t":2865628.0,"r":2621927.0,"q":2.59,"p":117.53,"mot":"L","mo":2621927.0}]},{"d":"22.06.2022","r":1.4367266E7,"q":2.84,"p":82.11,"s":[{"cn":"1","ui":"6949874","t":2536407.0,"r":2444878.0,"q":4.45,"p":100.0,"mot":"U","mo":2444878.0},{"cn":"ООО \"Максимус\"","ui":"9352709","t":3886413.0,"r":3886412.0,"q":3.53,"p":65.0,"mot":"U","mo":3886412.0},{"cn":"Гусак Трейд","ui":"9350512","t":3629588.0,"r":3629575.0,"q":1.25,"p":60.0,"mot":"U","mo":3629575.0},{"cn":"KOBRING Ltd.","ui":"7935794","t":1860573.0,"r":1860573.0,"q":2.75,"p":85.0,"mot":"U","mo":1860573.0},{"cn":"","ui":"","t":2790529.0,"r":2545828.0,"q":2.58,"p":120.48,"mot":"L","mo":2545828.0}]},{"d":"23.06.2022","r":3.5261634E7,"q":2.43,"p":40.1,"s":[{"cn":"1","ui":"6949874","t":2740368.0,"r":2649082.0,"q":4.48,"p":100.0,"mot":"U","mo":2649082.0},{"cn":"ООО \"Максимус\"","ui":"9352709","t":3886412.0,"r":3886411.0,"q":3.53,"p":65.0,"mot":"U","mo":3886411.0},{"cn":"Гусак Трейд","ui":"9350512","t":3629575.0,"r":3629562.0,"q":1.25,"p":60.0,"mot":"U","mo":3629562.0},{"cn":"KOBRING Ltd.","ui":"7935794","t":1887374.0,"r":1887374.0,"q":2.76,"p":85.0,"mot":"U","mo":1887374.0},{"cn":"Флора и Фауна","ui":"9417706","t":2.0628847E7,"r":2.0628847E7,"q":2.11,"p":10.0,"mot":"U","mo":2.0628847E7},{"cn":"","ui":"","t":2825059.0,"r":2580358.0,"q":2.59,"p":120.88,"mot":"L","mo":2580358.0}]},{"d":"24.06.2022","r":3.5521451E7,"q":2.44,"p":40.59,"s":[{"cn":"1","ui":"6949874","t":2944572.0,"r":2852521.0,"q":4.51,"p":100.0,"mot":"U","mo":2852521.0},{"cn":"ООО \"Максимус\"","ui":"9352709","t":3886411.0,"r":3886410.0,"q":3.53,"p":65.0,"mot":"U","mo":3886410.0},{"cn":"Гусак Трейд","ui":"9350512","t":3629562.0,"r":3629549.0,"q":1.25,"p":60.0,"mot":"U","mo":3629549.0},{"cn":"KOBRING Ltd.","ui":"7935794","t":1914175.0,"r":1914175.0,"q":2.77,"p":85.0,"mot":"U","mo":1914175.0},{"cn":"Флора и Фауна","ui":"9417706","t":2.0628847E7,"r":2.0623847E7,"q":2.11,"p":10.0,"mot":"U","mo":2.0623847E7},{"cn":"","ui":"","t":2859750.0,"r":2614949.0,"q":2.59,"p":121.27,"mot":"L","mo":2614949.0}]},{"d":"27.06.2022","r":3.6515347E7,"q":2.51,"p":39.48,"s":[{"cn":"1","ui":"6949874","t":3556919.0,"r":3465633.0,"q":4.58,"p":100.0,"mot":"U","mo":3465633.0},{"cn":"ООО \"Максимус\"","ui":"9352709","t":3886408.0,"r":3886407.0,"q":3.53,"p":65.0,"mot":"U","mo":3886407.0},{"cn":"Гусак Трейд","ui":"9350512","t":3629523.0,"r":3629510.0,"q":1.25,"p":60.0,"mot":"U","mo":3629510.0},{"cn":"KOBRING Ltd.","ui":"7935794","t":1994526.0,"r":1994526.0,"q":2.81,"p":85.0,"mot":"U","mo":1994526.0},{"cn":"Флора и Фауна","ui":"9417706","t":2.1377241E7,"r":2.1372241E7,"q":2.15,"p":10.0,"mot":"U","mo":2.1372241E7},{"cn":"","ui":"","t":2412841.0,"r":2167030.0,"q":2.69,"p":111.42,"mot":"L","mo":2167030.0}]},{"d":"28.06.2022","r":3.7608166E7,"q":2.52,"p":41.37,"s":[{"cn":"1","ui":"6949874","t":3761123.0,"r":3669837.0,"q":4.59,"p":100.0,"mot":"U","mo":3669837.0},{"cn":"ООО \"Максимус\"","ui":"9352709","t":3886407.0,"r":3886406.0,"q":3.53,"p":65.0,"mot":"U","mo":3886406.0},{"cn":"Гусак Трейд","ui":"9350512","t":3629510.0,"r":3629497.0,"q":1.25,"p":60.0,"mot":"U","mo":3629497.0},{"cn":"KOBRING Ltd.","ui":"7935794","t":2021301.0,"r":2021301.0,"q":2.82,"p":85.0,"mot":"U","mo":2021301.0},{"cn":"Флора и Фауна","ui":"9417706","t":2.1626654E7,"r":2.1624354E7,"q":2.16,"p":10.0,"mot":"U","mo":2.1624354E7},{"cn":"","ui":"","t":3022582.0,"r":2776771.0,"q":2.62,"p":119.01,"mot":"L","mo":2776771.0}]},{"d":"29.06.2022","r":3.8111816E7,"q":2.54,"p":41.55,"s":[{"cn":"1","ui":"6949874","t":3965327.0,"r":3874041.0,"q":4.6,"p":100.0,"mot":"U","mo":3874041.0},{"cn":"ООО \"Максимус\"","ui":"9352709","t":3886406.0,"r":3886405.0,"q":3.53,"p":65.0,"mot":"U","mo":3886405.0},{"cn":"Гусак Трейд","ui":"9350512","t":3629497.0,"r":3629484.0,"q":1.25,"p":60.0,"mot":"U","mo":3629484.0},{"cn":"KOBRING Ltd.","ui":"7935794","t":2048076.0,"r":2048076.0,"q":2.83,"p":85.0,"mot":"U","mo":2048076.0},{"cn":"Флора и Фауна","ui":"9417706","t":2.1878742E7,"r":2.1876442E7,"q":2.17,"p":10.0,"mot":"U","mo":2.1876442E7},{"cn":"","ui":"","t":3054179.0,"r":2797368.0,"q":2.63,"p":118.95,"mot":"L","mo":2797368.0}]},{"d":"30.06.2022","r":3.8580653E7,"q":2.56,"p":41.71,"s":[{"cn":"1","ui":"6949874","t":4169531.0,"r":4078245.0,"q":4.62,"p":100.0,"mot":"U","mo":4078245.0},{"cn":"ООО \"Максимус\"","ui":"9352709","t":3886405.0,"r":3886404.0,"q":3.53,"p":65.0,"mot":"U","mo":3886404.0},{"cn":"Гусак Трейд","ui":"9350512","t":3629484.0,"r":3629471.0,"q":1.25,"p":60.0,"mot":"U","mo":3629471.0},{"cn":"KOBRING Ltd.","ui":"7935794","t":2076175.0,"r":2076175.0,"q":2.84,"p":85.0,"mot":"U","mo":2076175.0},{"cn":"Флора и Фауна","ui":"9417706","t":2.2130804E7,"r":2.2128504E7,"q":2.18,"p":10.0,"mot":"U","mo":2.2128504E7},{"cn":"","ui":"","t":2797565.0,"r":2781854.0,"q":2.64,"p":119.72,"mot":"L","mo":2781854.0}]},{"d":"01.07.2022","r":3.9268305E7,"q":2.58,"p":42.15,"s":[{"cn":"1","ui":"6949874","t":4373735.0,"r":4282449.0,"q":4.63,"p":100.0,"mot":"U","mo":4282449.0},{"cn":"ООО \"Максимус\"","ui":"9352709","t":3886404.0,"r":3886403.0,"q":3.53,"p":65.0,"mot":"U","mo":3886403.0},{"cn":"Гусак Трейд","ui":"9350512","t":3629471.0,"r":3629458.0,"q":1.25,"p":60.0,"mot":"U","mo":3629458.0},{"cn":"KOBRING Ltd.","ui":"7935794","t":2104274.0,"r":2104274.0,"q":2.86,"p":85.0,"mot":"U","mo":2104274.0},{"cn":"Флора и Фауна","ui":"9417706","t":2.2382841E7,"r":2.2380541E7,"q":2.19,"p":10.0,"mot":"U","mo":2.2380541E7},{"cn":"","ui":"","t":3241991.0,"r":2985180.0,"q":2.7,"p":118.52,"mot":"L","mo":2985180.0}]},{"d":"04.07.2022","r":3.9287805E7,"q":2.59,"p":39.56,"s":[{"cn":"1","ui":"6949874","t":4395367.0,"r":4303081.0,"q":4.64,"p":100.0,"mot":"U","mo":4303081.0},{"cn":"ООО \"Максимус\"","ui":"9352709","t":3886401.0,"r":3886400.0,"q":3.53,"p":65.0,"mot":"U","mo":3886400.0},{"cn":"Гусак Трейд","ui":"9350512","t":3629432.0,"r":3629419.0,"q":1.25,"p":60.0,"mot":"U","mo":3629419.0},{"cn":"KOBRING Ltd.","ui":"7935794","t":2188529.0,"r":2188529.0,"q":2.9,"p":85.0,"mot":"U","mo":2188529.0},{"cn":"Флора и Фауна","ui":"9417706","t":2.3138798E7,"r":2.3136498E7,"q":2.23,"p":10.0,"mot":"U","mo":2.3136498E7},{"cn":"","ui":"","t":2392089.0,"r":2143878.0,"q":2.68,"p":110.15,"mot":"L","mo":2143878.0}]},{"d":"05.07.2022","r":3.9520019E7,"q":2.59,"p":39.35,"s":[{"cn":"1","ui":"6949874","t":4303081.0,"r":4210795.0,"q":4.64,"p":100.0,"mot":"U","mo":4210795.0},{"cn":"ООО \"Максимус\"","ui":"9352709","t":3886400.0,"r":3886399.0,"q":3.53,"p":65.0,"mot":"U","mo":3886399.0},{"cn":"Гусак Трейд","ui":"9350512","t":3629419.0,"r":3629406.0,"q":1.25,"p":60.0,"mot":"U","mo":3629406.0},{"cn":"KOBRING Ltd.","ui":"7935794","t":2216526.0,"r":2216526.0,"q":2.91,"p":85.0,"mot":"U","mo":2216526.0},{"cn":"Флора и Фауна","ui":"9417706","t":2.3390733E7,"r":2.3388433E7,"q":2.24,"p":10.0,"mot":"U","mo":2.3388433E7},{"cn":"","ui":"","t":2436671.0,"r":2188460.0,"q":2.7,"p":110.3,"mot":"L","mo":2188460.0}]},{"d":"06.07.2022","r":3.9750771E7,"q":2.6,"p":39.14,"s":[{"cn":"1","ui":"6949874","t":4210795.0,"r":4118509.0,"q":4.64,"p":100.0,"mot":"U","mo":4118509.0},{"cn":"ООО \"Максимус\"","ui":"9352709","t":3886399.0,"r":3886398.0,"q":3.53,"p":65.0,"mot":"U","mo":3886398.0},{"cn":"Гусак Трейд","ui":"9350512","t":3629406.0,"r":3629393.0,"q":1.25,"p":60.0,"mot":"U","mo":3629393.0},{"cn":"KOBRING Ltd.","ui":"7935794","t":2242870.0,"r":2242870.0,"q":2.92,"p":85.0,"mot":"U","mo":2242870.0},{"cn":"Флора и Фауна","ui":"9417706","t":2.3642642E7,"r":2.3640342E7,"q":2.25,"p":10.0,"mot":"U","mo":2.3640342E7},{"cn":"","ui":"","t":2481510.0,"r":2233259.0,"q":2.72,"p":110.43,"mot":"L","mo":2233259.0}]},{"d":"07.07.2022","r":3.9981687E7,"q":2.6,"p":38.94,"s":[{"cn":"1","ui":"6949874","t":4118509.0,"r":4026223.0,"q":4.64,"p":100.0,"mot":"U","mo":4026223.0},{"cn":"ООО \"Максимус\"","ui":"9352709","t":3886398.0,"r":3886397.0,"q":3.53,"p":65.0,"mot":"U","mo":3886397.0},{"cn":"Гусак Трейд","ui":"9350512","t":3629393.0,"r":3629380.0,"q":1.25,"p":60.0,"mot":"U","mo":3629380.0},{"cn":"KOBRING Ltd.","ui":"7935794","t":2269118.0,"r":2269118.0,"q":2.93,"p":85.0,"mot":"U","mo":2269118.0},{"cn":"Флора и Фауна","ui":"9417706","t":2.3894526E7,"r":2.3892226E7,"q":2.26,"p":10.0,"mot":"U","mo":2.3892226E7},{"cn":"","ui":"","t":2526594.0,"r":2278343.0,"q":2.75,"p":110.57,"mot":"L","mo":2278343.0}]},{"d":"08.07.2022","r":4.025077E7,"q":2.6,"p":38.76,"s":[{"cn":"1","ui":"6949874","t":4026223.0,"r":3933937.0,"q":4.64,"p":100.0,"mot":"U","mo":3933937.0},{"cn":"ООО \"Максимус\"","ui":"9352709","t":3886397.0,"r":3886396.0,"q":3.53,"p":65.0,"mot":"U","mo":3886396.0},{"cn":"Гусак Трейд","ui":"9350512","t":3629380.0,"r":3629367.0,"q":1.25,"p":60.0,"mot":"U","mo":3629367.0},{"cn":"KOBRING Ltd.","ui":"7935794","t":2295283.0,"r":2295283.0,"q":2.94,"p":85.0,"mot":"U","mo":2295283.0},{"cn":"Флора и Фауна","ui":"9417706","t":2.4146384E7,"r":2.4144084E7,"q":2.27,"p":10.0,"mot":"U","mo":2.4144084E7},{"cn":"","ui":"","t":2609954.0,"r":2361703.0,"q":2.77,"p":110.05,"mot":"L","mo":2361703.0}]},{"d":"11.07.2022","r":1.6034629E7,"q":3.07,"p":81.83,"s":[{"cn":"1","ui":"6949874","t":3750877.0,"r":3659347.0,"q":4.64,"p":100.0,"mot":"U","mo":3659347.0},{"cn":"ООО \"Максимус\"","ui":"9352709","t":3886394.0,"r":3886393.0,"q":3.53,"p":65.0,"mot":"U","mo":3886393.0},{"cn":"Пушкин А. Ltd.","ui":"9362640","t":847616.0,"r":847616.0,"q":2.44,"p":150.0,"mot":"U","mo":847616.0},{"cn":"Гусак Трейд","ui":"9350512","t":3629341.0,"r":3629328.0,"q":1.25,"p":60.0,"mot":"U","mo":3629328.0},{"cn":"KOBRING Ltd.","ui":"7935794","t":2373284.0,"r":2373284.0,"q":2.96,"p":85.0,"mot":"U","mo":2373284.0},{"cn":"","ui":"","t":1882412.0,"r":1638661.0,"q":3.03,"p":89.69,"mot":"L","mo":1638661.0}]},{"d":"12.07.2022","r":1.6321807E7,"q":3.11,"p":82.15,"s":[{"cn":"1","ui":"6949874","t":3964118.0,"r":3872588.0,"q":4.67,"p":100.0,"mot":"U","mo":3872588.0},{"cn":"ООО \"Максимус\"","ui":"9352709","t":3886393.0,"r":3886392.0,"q":3.53,"p":65.0,"mot":"U","mo":3886392.0},{"cn":"Пушкин А. Ltd.","ui":"9362640","t":858309.0,"r":858309.0,"q":2.46,"p":150.0,"mot":"U","mo":858309.0},{"cn":"Гусак Трейд","ui":"9350512","t":3629328.0,"r":3629315.0,"q":1.25,"p":60.0,"mot":"U","mo":3629315.0},{"cn":"KOBRING Ltd.","ui":"7935794","t":2399122.0,"r":2399122.0,"q":2.97,"p":85.0,"mot":"U","mo":2399122.0},{"cn":"","ui":"","t":1920077.0,"r":1676081.0,"q":3.05,"p":89.79,"mot":"L","mo":1676081.0}]},{"d":"13.07.2022","r":1.5877603E7,"q":3.09,"p":83.81,"s":[{"cn":"1","ui":"6949874","t":3872588.0,"r":3781198.0,"q":4.67,"p":100.0,"mot":"U","mo":3781198.0},{"cn":"ООО \"Максимус\"","ui":"9352709","t":3886392.0,"r":3886391.0,"q":3.53,"p":65.0,"mot":"U","mo":3886391.0},{"cn":"Пушкин А. Ltd.","ui":"9362640","t":868976.0,"r":868976.0,"q":2.47,"p":150.0,"mot":"U","mo":868976.0},{"cn":"Гусак Трейд","ui":"9350512","t":3629315.0,"r":3629302.0,"q":1.25,"p":60.0,"mot":"U","mo":3629302.0},{"cn":"KOBRING Ltd.","ui":"7935794","t":2424877.0,"r":2424877.0,"q":2.97,"p":85.0,"mot":"U","mo":2424877.0},{"cn":"","ui":"","t":1530750.0,"r":1286859.0,"q":3.0,"p":113.29,"mot":"L","mo":1286859.0}]},{"d":"14.07.2022","r":4.0781507E7,"q":2.61,"p":38.67,"s":[{"cn":"1","ui":"6949874","t":3781198.0,"r":3689808.0,"q":4.67,"p":100.0,"mot":"U","mo":3689808.0},{"cn":"ООО \"Максимус\"","ui":"9352709","t":3886391.0,"r":3886390.0,"q":3.53,"p":65.0,"mot":"U","mo":3886390.0},{"cn":"Гусак Трейд","ui":"9350512","t":3629302.0,"r":3629289.0,"q":1.25,"p":60.0,"mot":"U","mo":3629289.0},{"cn":"KOBRING Ltd.","ui":"7935794","t":2450565.0,"r":2450565.0,"q":2.98,"p":85.0,"mot":"U","mo":2450565.0},{"cn":"Флора и Фауна","ui":"9417706","t":2.4931816E7,"r":2.4931816E7,"q":2.31,"p":10.0,"mot":"U","mo":2.4931816E7},{"cn":"","ui":"","t":2447530.0,"r":2193639.0,"q":2.8,"p":127.73,"mot":"L","mo":2193639.0}]},{"d":"15.07.2022","r":4.1591089E7,"q":2.61,"p":40.09,"s":[{"cn":"1","ui":"6949874","t":3689808.0,"r":3598418.0,"q":4.67,"p":100.0,"mot":"U","mo":3598418.0},{"cn":"ООО \"Максимус\"","ui":"9352709","t":3886390.0,"r":3886389.0,"q":3.53,"p":65.0,"mot":"U","mo":3886389.0},{"cn":"Гусак Трейд","ui":"9350512","t":3629289.0,"r":3629276.0,"q":1.25,"p":60.0,"mot":"U","mo":3629276.0},{"cn":"KOBRING Ltd.","ui":"7935794","t":2476157.0,"r":2476157.0,"q":2.99,"p":85.0,"mot":"U","mo":2476157.0},{"cn":"Флора и Фауна","ui":"9417706","t":2.5199835E7,"r":2.5199835E7,"q":2.32,"p":10.0,"mot":"U","mo":2.5199835E7},{"cn":"","ui":"","t":3054905.0,"r":2801014.0,"q":2.72,"p":133.71,"mot":"L","mo":2801014.0}]},{"d":"18.07.2022","r":4.1656727E7,"q":2.61,"p":37.53,"s":[{"cn":"1","ui":"6949874","t":3415638.0,"r":3285751.0,"q":4.67,"p":100.0,"mot":"U","mo":3285751.0},{"cn":"ООО \"Максимус\"","ui":"9352709","t":3886387.0,"r":3886386.0,"q":3.53,"p":65.0,"mot":"U","mo":3886386.0},{"cn":"Гусак Трейд","ui":"9350512","t":3629250.0,"r":3629237.0,"q":1.25,"p":60.0,"mot":"U","mo":3629237.0},{"cn":"KOBRING Ltd.","ui":"7935794","t":2552471.0,"r":2552471.0,"q":3.0,"p":85.0,"mot":"U","mo":2552471.0},{"cn":"Флора и Фауна","ui":"9417706","t":2.600373E7,"r":2.600373E7,"q":2.36,"p":10.0,"mot":"U","mo":2.600373E7},{"cn":"","ui":"","t":2301303.0,"r":2299152.0,"q":2.7,"p":125.08,"mot":"L","mo":2299152.0}]},{"d":"19.07.2022","r":4.1769019E7,"q":2.61,"p":37.14,"s":[{"cn":"1","ui":"6949874","t":3285751.0,"r":3095864.0,"q":4.67,"p":100.0,"mot":"U","mo":3095864.0},{"cn":"ООО \"Максимус\"","ui":"9352709","t":3886386.0,"r":3886385.0,"q":3.53,"p":65.0,"mot":"U","mo":3886385.0},{"cn":"Гусак Трейд","ui":"9350512","t":3629237.0,"r":3629224.0,"q":1.25,"p":60.0,"mot":"U","mo":3629224.0},{"cn":"KOBRING Ltd.","ui":"7935794","t":2577748.0,"r":2577748.0,"q":3.01,"p":85.0,"mot":"U","mo":2577748.0},{"cn":"Флора и Фауна","ui":"9417706","t":2.6271641E7,"r":2.6271641E7,"q":2.37,"p":10.0,"mot":"U","mo":2.6271641E7},{"cn":"","ui":"","t":2562048.0,"r":2308157.0,"q":2.71,"p":125.46,"mot":"L","mo":2308157.0}]},{"d":"20.07.2022","r":4.1920357E7,"q":2.61,"p":36.78,"s":[{"cn":"1","ui":"6949874","t":3095864.0,"r":2905977.0,"q":4.67,"p":100.0,"mot":"U","mo":2905977.0},{"cn":"ООО \"Максимус\"","ui":"9352709","t":3886385.0,"r":3886384.0,"q":3.53,"p":65.0,"mot":"U","mo":3886384.0},{"cn":"Гусак Трейд","ui":"9350512","t":3629224.0,"r":3629211.0,"q":1.25,"p":60.0,"mot":"U","mo":3629211.0},{"cn":"KOBRING Ltd.","ui":"7935794","t":2602945.0,"r":2602945.0,"q":3.02,"p":85.0,"mot":"U","mo":2602945.0},{"cn":"Флора и Фауна","ui":"9417706","t":2.6539526E7,"r":2.6539526E7,"q":2.38,"p":10.0,"mot":"U","mo":2.6539526E7},{"cn":"","ui":"","t":2610205.0,"r":2356314.0,"q":2.73,"p":124.91,"mot":"L","mo":2356314.0}]},{"d":"21.07.2022","r":4.185325E7,"q":2.61,"p":36.29,"s":[{"cn":"1","ui":"6949874","t":2905977.0,"r":2716090.0,"q":4.67,"p":100.0,"mot":"U","mo":2716090.0},{"cn":"ООО \"Максимус\"","ui":"9352709","t":3886384.0,"r":3886383.0,"q":3.53,"p":65.0,"mot":"U","mo":3886383.0},{"cn":"Гусак Трейд","ui":"9350512","t":3629211.0,"r":3629198.0,"q":1.25,"p":60.0,"mot":"U","mo":3629198.0},{"cn":"KOBRING Ltd.","ui":"7935794","t":2628057.0,"r":2628057.0,"q":3.02,"p":85.0,"mot":"U","mo":2628057.0},{"cn":"Флора и Фауна","ui":"9417706","t":2.6820777E7,"r":2.6820777E7,"q":2.4,"p":10.0,"mot":"U","mo":2.6820777E7},{"cn":"","ui":"","t":2426676.0,"r":2172745.0,"q":2.68,"p":131.22,"mot":"L","mo":2172745.0}]},{"d":"22.07.2022","r":4.2024279E7,"q":2.6,"p":35.96,"s":[{"cn":"1","ui":"6949874","t":2716090.0,"r":2526203.0,"q":4.67,"p":100.0,"mot":"U","mo":2526203.0},{"cn":"ООО \"Максимус\"","ui":"9352709","t":3886383.0,"r":3886382.0,"q":3.53,"p":65.0,"mot":"U","mo":3886382.0},{"cn":"Гусак Трейд","ui":"9350512","t":3629198.0,"r":3629185.0,"q":1.25,"p":60.0,"mot":"U","mo":3629185.0},{"cn":"KOBRING Ltd.","ui":"7935794","t":2653072.0,"r":2653072.0,"q":3.03,"p":85.0,"mot":"U","mo":2653072.0},{"cn":"Флора и Фауна","ui":"9417706","t":2.7102E7,"r":2.7102E7,"q":2.41,"p":10.0,"mot":"U","mo":2.7102E7},{"cn":"","ui":"","t":2481528.0,"r":2227437.0,"q":2.7,"p":130.98,"mot":"L","mo":2227437.0}]},{"d":"25.07.2022","r":4.2378856E7,"q":2.61,"p":34.93,"s":[{"cn":"ООО \"Максимус\"","ui":"9352709","t":3886380.0,"r":3886379.0,"q":3.53,"p":65.0,"mot":"U","mo":3886379.0},{"cn":"Флора и Фауна","ui":"9417706","t":2.7945498E7,"r":2.7945498E7,"q":2.46,"p":10.0,"mot":"U","mo":2.7945498E7},{"cn":"Гусак Трейд","ui":"9350512","t":3629159.0,"r":3629146.0,"q":1.25,"p":60.0,"mot":"U","mo":3629146.0},{"cn":"KOBRING Ltd.","ui":"7935794","t":2727696.0,"r":2727696.0,"q":3.04,"p":85.0,"mot":"U","mo":2727696.0},{"cn":"","ui":"","t":4634115.0,"r":4190137.0,"q":3.64,"p":119.0,"mot":"L","mo":4190137.0}]},{"d":"26.07.2022","r":4.278376E7,"q":2.61,"p":34.8,"s":[{"cn":"ООО \"Максимус\"","ui":"9352709","t":3886379.0,"r":3886378.0,"q":3.53,"p":65.0,"mot":"U","mo":3886378.0},{"cn":"Гусак Трейд","ui":"9350512","t":3629146.0,"r":3629133.0,"q":1.25,"p":60.0,"mot":"U","mo":3629133.0},{"cn":"KOBRING Ltd.","ui":"7935794","t":2752408.0,"r":2752408.0,"q":3.04,"p":85.0,"mot":"U","mo":2752408.0},{"cn":"Флора и Фауна","ui":"9417706","t":2.8226608E7,"r":2.8226608E7,"q":2.47,"p":10.0,"mot":"U","mo":2.8226608E7},{"cn":"","ui":"","t":4733211.0,"r":4289233.0,"q":3.55,"p":117.12,"mot":"L","mo":4289233.0}]},{"d":"27.07.2022","r":4.2697665E7,"q":2.6,"p":34.36,"s":[{"cn":"ООО \"Максимус\"","ui":"9352709","t":3886378.0,"r":3886377.0,"q":3.53,"p":65.0,"mot":"U","mo":3886377.0},{"cn":"Флора и Фауна","ui":"9417706","t":2.850769E7,"r":2.850769E7,"q":2.48,"p":10.0,"mot":"U","mo":2.850769E7},{"cn":"Гусак Трейд","ui":"9350512","t":3629133.0,"r":3629120.0,"q":1.25,"p":60.0,"mot":"U","mo":3629120.0},{"cn":"KOBRING Ltd.","ui":"7935794","t":2777039.0,"r":2777039.0,"q":3.05,"p":86.0,"mot":"U","mo":2777039.0},{"cn":"","ui":"","t":4341517.0,"r":3897439.0,"q":3.54,"p":121.28,"mot":"L","mo":3897439.0}]},{"d":"28.07.2022","r":4.290489E7,"q":2.61,"p":34.08,"s":[{"cn":"ООО \"Максимус\"","ui":"9352709","t":3886377.0,"r":3886376.0,"q":3.53,"p":65.0,"mot":"U","mo":3886376.0},{"cn":"Гусак Трейд","ui":"9350512","t":3629120.0,"r":3629107.0,"q":1.25,"p":60.0,"mot":"U","mo":3629107.0},{"cn":"KOBRING Ltd.","ui":"7935794","t":2803567.0,"r":2803567.0,"q":3.05,"p":86.0,"mot":"U","mo":2803567.0},{"cn":"Флора и Фауна","ui":"9417706","t":2.8788744E7,"r":2.8788744E7,"q":2.5,"p":10.0,"mot":"U","mo":2.8788744E7},{"cn":"","ui":"","t":4241174.0,"r":3797096.0,"q":3.47,"p":121.87,"mot":"L","mo":3797096.0}]},{"d":"29.07.2022","r":4.3320653E7,"q":2.61,"p":33.92,"s":[{"cn":"ООО \"Максимус\"","ui":"9352709","t":3886376.0,"r":3886375.0,"q":3.53,"p":65.0,"mot":"U","mo":3886375.0},{"cn":"Гусак Трейд","ui":"9350512","t":3629107.0,"r":3629094.0,"q":1.25,"p":60.0,"mot":"U","mo":3629094.0},{"cn":"KOBRING Ltd.","ui":"7935794","t":2831709.0,"r":2831709.0,"q":3.06,"p":86.0,"mot":"U","mo":2831709.0},{"cn":"Флора и Фауна","ui":"9417706","t":2.906977E7,"r":2.906977E7,"q":2.51,"p":10.0,"mot":"U","mo":2.906977E7},{"cn":"","ui":"","t":4347783.0,"r":3903705.0,"q":3.39,"p":119.07,"mot":"L","mo":3903705.0}]},{"d":"01.08.2022","r":4.3496923E7,"q":2.61,"p":32.79,"s":[{"cn":"ООО \"Максимус\"","ui":"9352709","t":3886373.0,"r":3886372.0,"q":3.53,"p":65.0,"mot":"U","mo":3886372.0},{"cn":"Флора и Фауна","ui":"9417706","t":2.9912677E7,"r":2.9912677E7,"q":2.55,"p":10.0,"mot":"U","mo":2.9912677E7},{"cn":"Гусак Трейд","ui":"9350512","t":3629068.0,"r":3629055.0,"q":1.25,"p":60.0,"mot":"U","mo":3629055.0},{"cn":"KOBRING Ltd.","ui":"7935794","t":2916105.0,"r":2916105.0,"q":3.09,"p":86.0,"mot":"U","mo":2916105.0},{"cn":"","ui":"","t":3596956.0,"r":3152714.0,"q":3.21,"p":128.82,"mot":"L","mo":3152714.0}]},{"d":"02.08.2022","r":4.3735362E7,"q":2.61,"p":32.54,"s":[{"cn":"ООО \"Максимус\"","ui":"9352709","t":3886372.0,"r":3886371.0,"q":3.53,"p":65.0,"mot":"U","mo":3886371.0},{"cn":"Флора и Фауна","ui":"9417706","t":3.019359E7,"r":3.019359E7,"q":2.56,"p":10.0,"mot":"U","mo":3.019359E7},{"cn":"Гусак Трейд","ui":"9350512","t":3709290.0,"r":3709277.0,"q":1.25,"p":60.0,"mot":"U","mo":3709277.0},{"cn":"KOBRING Ltd.","ui":"7935794","t":2944218.0,"r":2944218.0,"q":3.09,"p":86.0,"mot":"U","mo":2944218.0},{"cn":"","ui":"","t":3446044.0,"r":3001906.0,"q":3.13,"p":130.8,"mot":"L","mo":3001906.0}]},{"d":"03.08.2022","r":4.3720756E7,"q":2.6,"p":32.41,"s":[{"cn":"ООО \"Максимус\"","ui":"9352709","t":3886371.0,"r":3886370.0,"q":3.53,"p":65.0,"mot":"U","mo":3886370.0},{"cn":"Флора и Фауна","ui":"9417706","t":3.0221689E7,"r":3.0221689E7,"q":2.56,"p":10.0,"mot":"U","mo":3.0221689E7},{"cn":"Гусак Трейд","ui":"9350512","t":3790160.0,"r":3790147.0,"q":1.25,"p":60.0,"mot":"U","mo":3790147.0},{"cn":"KOBRING Ltd.","ui":"7935794","t":2972331.0,"r":2972331.0,"q":3.1,"p":86.0,"mot":"U","mo":2972331.0},{"cn":"","ui":"","t":3294357.0,"r":2850219.0,"q":3.03,"p":133.01,"mot":"L","mo":2850219.0}]},{"d":"04.08.2022","r":4.3705681E7,"q":2.59,"p":32.28,"s":[{"cn":"ООО \"Максимус\"","ui":"9352709","t":3886370.0,"r":3886369.0,"q":3.53,"p":65.0,"mot":"U","mo":3886369.0},{"cn":"Флора и Фауна","ui":"9417706","t":3.0249774E7,"r":3.0249774E7,"q":2.56,"p":10.0,"mot":"U","mo":3.0249774E7},{"cn":"Гусак Трейд","ui":"9350512","t":3871501.0,"r":3871488.0,"q":1.26,"p":60.0,"mot":"U","mo":3871488.0},{"cn":"KOBRING Ltd.","ui":"7935794","t":3000444.0,"r":3000444.0,"q":3.11,"p":86.0,"mot":"U","mo":3000444.0},{"cn":"","ui":"","t":3140544.0,"r":2697606.0,"q":2.93,"p":135.46,"mot":"L","mo":2697606.0}]},{"d":"05.08.2022","r":4.3826228E7,"q":2.59,"p":32.36,"s":[{"cn":"ООО \"Максимус\"","ui":"9352709","t":3886369.0,"r":3886368.0,"q":3.53,"p":65.0,"mot":"U","mo":3886368.0},{"cn":"Флора и Фауна","ui":"9417706","t":3.0277859E7,"r":3.0277859E7,"q":2.56,"p":10.0,"mot":"U","mo":3.0277859E7},{"cn":"Гусак Трейд","ui":"9350512","t":3952832.0,"r":3952819.0,"q":1.26,"p":60.0,"mot":"U","mo":3952819.0},{"cn":"KOBRING Ltd.","ui":"7935794","t":3028543.0,"r":3028543.0,"q":3.12,"p":86.0,"mot":"U","mo":3028543.0},{"cn":"","ui":"","t":2683390.0,"r":2680639.0,"q":2.91,"p":136.29,"mot":"L","mo":2680639.0}]},{"d":"08.08.2022","r":4.3858164E7,"q":2.58,"p":32.13,"s":[{"cn":"ООО \"Максимус\"","ui":"9352709","t":3885166.0,"r":3884765.0,"q":3.53,"p":65.0,"mot":"U","mo":3884765.0},{"cn":"Флора и Фауна","ui":"9417706","t":3.0362114E7,"r":3.0362114E7,"q":2.57,"p":10.0,"mot":"U","mo":3.0362114E7},{"cn":"Гусак Трейд","ui":"9350512","t":4197150.0,"r":4197136.0,"q":1.27,"p":60.0,"mot":"U","mo":4197136.0},{"cn":"KOBRING Ltd.","ui":"7935794","t":3112812.0,"r":3112812.0,"q":3.14,"p":86.0,"mot":"U","mo":3112812.0},{"cn":"","ui":"","t":2304088.0,"r":2301337.0,"q":2.82,"p":144.89,"mot":"L","mo":2301337.0}]},{"d":"09.08.2022","r":4.4030685E7,"q":2.58,"p":32.29,"s":[{"cn":"ООО \"Максимус\"","ui":"9352709","t":3884765.0,"r":3884364.0,"q":3.53,"p":65.0,"mot":"U","mo":3884364.0},{"cn":"Флора и Фауна","ui":"9417706","t":3.0390185E7,"r":3.0390185E7,"q":2.57,"p":10.0,"mot":"U","mo":3.0390185E7},{"cn":"Гусак Трейд","ui":"9350512","t":4279223.0,"r":4279209.0,"q":1.27,"p":60.0,"mot":"U","mo":4279209.0},{"cn":"KOBRING Ltd.","ui":"7935794","t":3140897.0,"r":3140897.0,"q":3.14,"p":86.0,"mot":"U","mo":3140897.0},{"cn":"","ui":"","t":2338781.0,"r":2336030.0,"q":2.83,"p":144.91,"mot":"L","mo":2336030.0}]},{"d":"10.08.2022","r":4.4203378E7,"q":2.58,"p":32.45,"s":[{"cn":"ООО \"Максимус\"","ui":"9352709","t":3884364.0,"r":3883963.0,"q":3.53,"p":65.0,"mot":"U","mo":3883963.0},{"cn":"Флора и Фауна","ui":"9417706","t":3.0418256E7,"r":3.0418256E7,"q":2.57,"p":10.0,"mot":"U","mo":3.0418256E7},{"cn":"Гусак Трейд","ui":"9350512","t":4361615.0,"r":4361601.0,"q":1.28,"p":60.0,"mot":"U","mo":4361601.0},{"cn":"KOBRING Ltd.","ui":"7935794","t":3168894.0,"r":3168894.0,"q":3.15,"p":86.0,"mot":"U","mo":3168894.0},{"cn":"","ui":"","t":2373415.0,"r":2370664.0,"q":2.85,"p":144.94,"mot":"L","mo":2370664.0}]},{"d":"11.08.2022","r":4.437963E7,"q":2.58,"p":32.61,"s":[{"cn":"ООО \"Максимус\"","ui":"9352709","t":3883963.0,"r":3883562.0,"q":3.53,"p":65.0,"mot":"U","mo":3883562.0},{"cn":"Флора и Фауна","ui":"9417706","t":3.0446327E7,"r":3.0446327E7,"q":2.57,"p":10.0,"mot":"U","mo":3.0446327E7},{"cn":"Гусак Трейд","ui":"9350512","t":4447708.0,"r":4447694.0,"q":1.29,"p":60.0,"mot":"U","mo":4447694.0},{"cn":"KOBRING Ltd.","ui":"7935794","t":3196805.0,"r":3196805.0,"q":3.16,"p":86.0,"mot":"U","mo":3196805.0},{"cn":"","ui":"","t":2407993.0,"r":2405242.0,"q":2.86,"p":144.96,"mot":"L","mo":2405242.0}]},{"d":"12.08.2022","r":4.4644993E7,"q":2.58,"p":32.85,"s":[{"cn":"ООО \"Максимус\"","ui":"9352709","t":3883562.0,"r":3883161.0,"q":3.53,"p":65.0,"mot":"U","mo":3883161.0},{"cn":"Флора и Фауна","ui":"9417706","t":3.0474398E7,"r":3.0474398E7,"q":2.57,"p":10.0,"mot":"U","mo":3.0474398E7},{"cn":"Гусак Трейд","ui":"9350512","t":4533790.0,"r":4533776.0,"q":1.3,"p":60.0,"mot":"U","mo":4533776.0},{"cn":"KOBRING Ltd.","ui":"7935794","t":3224617.0,"r":3224617.0,"q":3.16,"p":86.0,"mot":"U","mo":3224617.0},{"cn":"","ui":"","t":2531792.0,"r":2529041.0,"q":2.88,"p":142.34,"mot":"L","mo":2529041.0}]},{"d":"15.08.2022","r":4.5183158E7,"q":2.59,"p":33.33,"s":[{"cn":"ООО \"Максимус\"","ui":"9352709","t":3882359.0,"r":3881958.0,"q":3.53,"p":65.0,"mot":"U","mo":3881958.0},{"cn":"Флора и Фауна","ui":"9417706","t":3.0558583E7,"r":3.0558583E7,"q":2.58,"p":10.0,"mot":"U","mo":3.0558583E7},{"cn":"Гусак Трейд","ui":"9350512","t":4792143.0,"r":4792130.0,"q":1.34,"p":60.0,"mot":"U","mo":4792130.0},{"cn":"KOBRING Ltd.","ui":"7935794","t":3307475.0,"r":3307475.0,"q":3.18,"p":86.0,"mot":"U","mo":3307475.0},{"cn":"","ui":"","t":2645763.0,"r":2643012.0,"q":2.92,"p":142.21,"mot":"L","mo":2643012.0}]},{"d":"16.08.2022","r":4.5369718E7,"q":2.6,"p":33.49,"s":[{"cn":"ООО \"Максимус\"","ui":"9352709","t":3881958.0,"r":3881557.0,"q":3.53,"p":65.0,"mot":"U","mo":3881557.0},{"cn":"Флора и Фауна","ui":"9417706","t":3.0586549E7,"r":3.0586549E7,"q":2.58,"p":10.0,"mot":"U","mo":3.0586549E7},{"cn":"Гусак Трейд","ui":"9350512","t":4878675.0,"r":4878662.0,"q":1.35,"p":60.0,"mot":"U","mo":4878662.0},{"cn":"KOBRING Ltd.","ui":"7935794","t":3334916.0,"r":3334916.0,"q":3.19,"p":86.0,"mot":"U","mo":3334916.0},{"cn":"","ui":"","t":2690785.0,"r":2688034.0,"q":2.94,"p":141.98,"mot":"L","mo":2688034.0}]},{"d":"17.08.2022","r":4.5556425E7,"q":2.59,"p":33.65,"s":[{"cn":"ООО \"Максимус\"","ui":"9352709","t":3881557.0,"r":3881156.0,"q":3.53,"p":65.0,"mot":"U","mo":3881156.0},{"cn":"Флора и Фауна","ui":"9417706","t":3.0614606E7,"r":3.0614606E7,"q":2.58,"p":10.0,"mot":"U","mo":3.0614606E7},{"cn":"Гусак Трейд","ui":"9350512","t":4965462.0,"r":4965449.0,"q":1.36,"p":60.0,"mot":"U","mo":4965449.0},{"cn":"KOBRING Ltd.","ui":"7935794","t":3362258.0,"r":3362258.0,"q":3.19,"p":86.0,"mot":"U","mo":3362258.0},{"cn":"","ui":"","t":2735707.0,"r":2732956.0,"q":2.95,"p":141.75,"mot":"L","mo":2732956.0}]},{"d":"18.08.2022","r":4.5743718E7,"q":2.6,"p":33.81,"s":[{"cn":"ООО \"Максимус\"","ui":"9352709","t":3881156.0,"r":3880755.0,"q":3.53,"p":65.0,"mot":"U","mo":3880755.0},{"cn":"Флора и Фауна","ui":"9417706","t":3.0642663E7,"r":3.0642663E7,"q":2.58,"p":10.0,"mot":"U","mo":3.0642663E7},{"cn":"Гусак Трейд","ui":"9350512","t":5052419.0,"r":5052406.0,"q":1.37,"p":60.0,"mot":"U","mo":5052406.0},{"cn":"KOBRING Ltd.","ui":"7935794","t":3389516.0,"r":3389516.0,"q":3.2,"p":86.0,"mot":"U","mo":3389516.0},{"cn":"","ui":"","t":2781129.0,"r":2778378.0,"q":2.96,"p":141.53,"mot":"L","mo":2778378.0}]},{"d":"19.08.2022","r":4.6299041E7,"q":2.6,"p":34.16,"s":[{"cn":"ООО \"Максимус\"","ui":"9352709","t":3880755.0,"r":3880254.0,"q":3.53,"p":65.0,"mot":"U","mo":3880254.0},{"cn":"Флора и Фауна","ui":"9417706","t":3.0670706E7,"r":3.0670706E7,"q":2.58,"p":10.0,"mot":"U","mo":3.0670706E7},{"cn":"Гусак Трейд","ui":"9350512","t":5139265.0,"r":5139252.0,"q":1.38,"p":60.0,"mot":"U","mo":5139252.0},{"cn":"KOBRING Ltd.","ui":"7935794","t":3416690.0,"r":3416690.0,"q":3.2,"p":86.0,"mot":"U","mo":3416690.0},{"cn":"","ui":"","t":3194790.0,"r":3192139.0,"q":3.01,"p":131.73,"mot":"L","mo":3192139.0}]},{"d":"22.08.2022","r":4.673477E7,"q":2.61,"p":34.9,"s":[{"cn":"ООО \"Максимус\"","ui":"9352709","t":3879352.0,"r":3878851.0,"q":3.53,"p":65.0,"mot":"U","mo":3878851.0},{"cn":"Флора и Фауна","ui":"9417706","t":3.0754835E7,"r":3.0754835E7,"q":2.58,"p":10.0,"mot":"U","mo":3.0754835E7},{"cn":"Гусак Трейд","ui":"9350512","t":5391465.0,"r":5391452.0,"q":1.41,"p":60.0,"mot":"U","mo":5391452.0},{"cn":"KOBRING Ltd.","ui":"7935794","t":3500108.0,"r":3500108.0,"q":3.22,"p":86.0,"mot":"U","mo":3500108.0},{"cn":"","ui":"","t":3463275.0,"r":3209524.0,"q":3.1,"p":139.2,"mot":"L","mo":3209524.0}]},{"d":"23.08.2022","r":4.692926E7,"q":2.62,"p":35.07,"s":[{"cn":"ООО \"Максимус\"","ui":"9352709","t":3878851.0,"r":3878350.0,"q":3.53,"p":65.0,"mot":"U","mo":3878350.0},{"cn":"Флора и Фауна","ui":"9417706","t":3.0782878E7,"r":3.0782878E7,"q":2.59,"p":10.0,"mot":"U","mo":3.0782878E7},{"cn":"Гусак Трейд","ui":"9350512","t":5475389.0,"r":5475376.0,"q":1.42,"p":60.0,"mot":"U","mo":5475376.0},{"cn":"KOBRING Ltd.","ui":"7935794","t":3528126.0,"r":3528126.0,"q":3.23,"p":86.0,"mot":"U","mo":3528126.0},{"cn":"","ui":"","t":3518511.0,"r":3264530.0,"q":3.12,"p":139.04,"mot":"L","mo":3264530.0}]},{"d":"24.08.2022","r":4.7123518E7,"q":2.62,"p":35.24,"s":[{"cn":"ООО \"Максимус\"","ui":"9352709","t":3878350.0,"r":3878349.0,"q":3.53,"p":65.0,"mot":"U","mo":3878349.0},{"cn":"Флора и Фауна","ui":"9417706","t":3.0810907E7,"r":3.0810907E7,"q":2.59,"p":10.0,"mot":"U","mo":3.0810907E7},{"cn":"Гусак Трейд","ui":"9350512","t":5559313.0,"r":5559300.0,"q":1.43,"p":60.0,"mot":"U","mo":5559300.0},{"cn":"KOBRING Ltd.","ui":"7935794","t":3556047.0,"r":3556047.0,"q":3.23,"p":86.0,"mot":"U","mo":3556047.0},{"cn":"","ui":"","t":3573426.0,"r":3318915.0,"q":3.14,"p":138.89,"mot":"L","mo":3318915.0}]},{"d":"25.08.2022","r":4.7318724E7,"q":2.62,"p":35.4,"s":[{"cn":"ООО \"Максимус\"","ui":"9352709","t":3878349.0,"r":3878348.0,"q":3.53,"p":65.0,"mot":"U","mo":3878348.0},{"cn":"Флора и Фауна","ui":"9417706","t":3.0840337E7,"r":3.0840337E7,"q":2.59,"p":10.0,"mot":"U","mo":3.0840337E7},{"cn":"Гусак Трейд","ui":"9350512","t":5643237.0,"r":5643224.0,"q":1.44,"p":60.0,"mot":"U","mo":5643224.0},{"cn":"KOBRING Ltd.","ui":"7935794","t":3583858.0,"r":3583858.0,"q":3.24,"p":86.0,"mot":"U","mo":3583858.0},{"cn":"","ui":"","t":3627468.0,"r":3372957.0,"q":3.16,"p":138.74,"mot":"L","mo":3372957.0}]},{"d":"26.08.2022","r":4.7510554E7,"q":2.62,"p":35.57,"s":[{"cn":"ООО \"Максимус\"","ui":"9352709","t":3878348.0,"r":3878347.0,"q":3.53,"p":65.0,"mot":"U","mo":3878347.0},{"cn":"Флора и Фауна","ui":"9417706","t":3.0869767E7,"r":3.0869767E7,"q":2.59,"p":10.0,"mot":"U","mo":3.0869767E7},{"cn":"Гусак Трейд","ui":"9350512","t":5724691.0,"r":5724678.0,"q":1.44,"p":60.0,"mot":"U","mo":5724678.0},{"cn":"KOBRING Ltd.","ui":"7935794","t":3611572.0,"r":3611572.0,"q":3.24,"p":86.0,"mot":"U","mo":3611572.0},{"cn":"","ui":"","t":3680701.0,"r":3426190.0,"q":3.17,"p":138.61,"mot":"L","mo":3426190.0}]},{"d":"29.08.2022","r":4.8087992E7,"q":2.62,"p":36.04,"s":[{"cn":"ООО \"Максимус\"","ui":"9352709","t":3878345.0,"r":3878344.0,"q":3.53,"p":65.0,"mot":"U","mo":3878344.0},{"cn":"Флора и Фауна","ui":"9417706","t":3.0958043E7,"r":3.0958043E7,"q":2.59,"p":10.0,"mot":"U","mo":3.0958043E7},{"cn":"Гусак Трейд","ui":"9350512","t":5978933.0,"r":5978920.0,"q":1.46,"p":60.0,"mot":"U","mo":5978920.0},{"cn":"KOBRING Ltd.","ui":"7935794","t":3689309.0,"r":3689309.0,"q":3.26,"p":86.0,"mot":"U","mo":3689309.0},{"cn":"","ui":"","t":3837887.0,"r":3583376.0,"q":3.22,"p":138.22,"mot":"L","mo":3583376.0}]},{"d":"30.08.2022","r":4.8279129E7,"q":2.63,"p":36.19,"s":[{"cn":"ООО \"Максимус\"","ui":"9352709","t":3878344.0,"r":3878343.0,"q":3.53,"p":65.0,"mot":"U","mo":3878343.0},{"cn":"Флора и Фауна","ui":"9417706","t":3.0987459E7,"r":3.0987459E7,"q":2.6,"p":10.0,"mot":"U","mo":3.0987459E7},{"cn":"Гусак Трейд","ui":"9350512","t":6062857.0,"r":6062844.0,"q":1.47,"p":60.0,"mot":"U","mo":6062844.0},{"cn":"KOBRING Ltd.","ui":"7935794","t":3715053.0,"r":3715053.0,"q":3.26,"p":86.0,"mot":"U","mo":3715053.0},{"cn":"","ui":"","t":3889941.0,"r":3635430.0,"q":3.23,"p":138.1,"mot":"L","mo":3635430.0}]},{"d":"31.08.2022","r":4.8042372E7,"q":2.62,"p":35.78,"s":[{"cn":"ООО \"Максимус\"","ui":"9352709","t":3878343.0,"r":3878342.0,"q":3.53,"p":65.0,"mot":"U","mo":3878342.0},{"cn":"Флора и Фауна","ui":"9417706","t":3.1016875E7,"r":3.1015375E7,"q":2.6,"p":10.0,"mot":"U","mo":3.1015375E7},{"cn":"Гусак Трейд","ui":"9350512","t":6146781.0,"r":6146768.0,"q":1.48,"p":60.0,"mot":"U","mo":6146768.0},{"cn":"KOBRING Ltd.","ui":"7935794","t":3742624.0,"r":3742624.0,"q":3.27,"p":86.0,"mot":"U","mo":3742624.0},{"cn":"","ui":"","t":3513774.0,"r":3259263.0,"q":3.19,"p":142.99,"mot":"L","mo":3259263.0}]},{"d":"01.09.2022","r":4.8214393E7,"q":2.62,"p":35.92,"s":[{"cn":"ООО \"Максимус\"","ui":"9352709","t":3878342.0,"r":3878341.0,"q":3.53,"p":65.0,"mot":"U","mo":3878341.0},{"cn":"Флора и Фауна","ui":"9417706","t":3.1044791E7,"r":3.1043291E7,"q":2.6,"p":10.0,"mot":"U","mo":3.1043291E7},{"cn":"Гусак Трейд","ui":"9350512","t":6230705.0,"r":6230692.0,"q":1.48,"p":60.0,"mot":"U","mo":6230692.0},{"cn":"KOBRING Ltd.","ui":"7935794","t":3770181.0,"r":3754668.0,"q":3.27,"p":86.0,"mot":"U","mo":3754668.0},{"cn":"","ui":"","t":3560812.0,"r":3307401.0,"q":3.21,"p":142.85,"mot":"L","mo":3307401.0}]},{"d":"02.09.2022","r":4.8386796E7,"q":2.63,"p":36.05,"s":[{"cn":"ООО \"Максимус\"","ui":"9352709","t":3878341.0,"r":3878340.0,"q":3.53,"p":65.0,"mot":"U","mo":3878340.0},{"cn":"Флора и Фауна","ui":"9417706","t":3.1072707E7,"r":3.1071207E7,"q":2.6,"p":10.0,"mot":"U","mo":3.1071207E7},{"cn":"Гусак Трейд","ui":"9350512","t":6314629.0,"r":6314616.0,"q":1.49,"p":60.0,"mot":"U","mo":6314616.0},{"cn":"KOBRING Ltd.","ui":"7935794","t":3782225.0,"r":3766712.0,"q":3.28,"p":86.0,"mot":"U","mo":3766712.0},{"cn":"","ui":"","t":3609332.0,"r":3355921.0,"q":3.22,"p":142.71,"mot":"L","mo":3355921.0}]},{"d":"05.09.2022","r":4.8903391E7,"q":2.63,"p":36.46,"s":[{"cn":"ООО \"Максимус\"","ui":"9352709","t":3878338.0,"r":3878337.0,"q":3.53,"p":65.0,"mot":"U","mo":3878337.0},{"cn":"Флора и Фауна","ui":"9417706","t":3.115641E7,"r":3.115491E7,"q":2.6,"p":10.0,"mot":"U","mo":3.115491E7},{"cn":"Гусак Трейд","ui":"9350512","t":6566401.0,"r":6566388.0,"q":1.51,"p":60.0,"mot":"U","mo":6566388.0},{"cn":"KOBRING Ltd.","ui":"7935794","t":3818329.0,"r":3802816.0,"q":3.29,"p":86.0,"mot":"U","mo":3802816.0},{"cn":"","ui":"","t":3755741.0,"r":3500940.0,"q":3.26,"p":142.31,"mot":"L","mo":3500940.0}]},{"d":"06.09.2022","r":4.9075588E7,"q":2.64,"p":36.59,"s":[{"cn":"ООО \"Максимус\"","ui":"9352709","t":3878337.0,"r":3878336.0,"q":3.53,"p":65.0,"mot":"U","mo":3878336.0},{"cn":"Флора и Фауна","ui":"9417706","t":3.1184311E7,"r":3.1182811E7,"q":2.61,"p":10.0,"mot":"U","mo":3.1182811E7},{"cn":"Гусак Трейд","ui":"9350512","t":6650325.0,"r":6650312.0,"q":1.52,"p":60.0,"mot":"U","mo":6650312.0},{"cn":"KOBRING Ltd.","ui":"7935794","t":3830509.0,"r":3814996.0,"q":3.3,"p":86.0,"mot":"U","mo":3814996.0},{"cn":"","ui":"","t":3803934.0,"r":3549133.0,"q":3.28,"p":142.19,"mot":"L","mo":3549133.0}]},{"d":"07.09.2022","r":5.0486742E7,"q":2.67,"p":37.48,"s":[{"cn":"ООО \"Максимус\"","ui":"9352709","t":3878336.0,"r":3878335.0,"q":3.53,"p":65.0,"mot":"U","mo":3878335.0},{"cn":"Флора и Фауна","ui":"9417706","t":3.1212212E7,"r":3.1210712E7,"q":2.61,"p":10.0,"mot":"U","mo":3.1210712E7},{"cn":"Гусак Трейд","ui":"9350512","t":6734249.0,"r":6734236.0,"q":1.52,"p":60.0,"mot":"U","mo":6734236.0},{"cn":"KOBRING Ltd.","ui":"7935794","t":3842689.0,"r":3827176.0,"q":3.3,"p":86.0,"mot":"U","mo":3827176.0},{"cn":"","ui":"","t":5091084.0,"r":4836283.0,"q":3.49,"p":123.03,"mot":"L","mo":4836283.0}]},{"d":"08.09.2022","r":5.082385E7,"q":2.68,"p":37.76,"s":[{"cn":"ООО \"Максимус\"","ui":"9352709","t":3878335.0,"r":3878334.0,"q":3.53,"p":65.0,"mot":"U","mo":3878334.0},{"cn":"Флора и Фауна","ui":"9417706","t":3.1240098E7,"r":3.1238598E7,"q":2.61,"p":10.0,"mot":"U","mo":3.1238598E7},{"cn":"Гусак Трейд","ui":"9350512","t":6818173.0,"r":6818160.0,"q":1.53,"p":60.0,"mot":"U","mo":6818160.0},{"cn":"KOBRING Ltd.","ui":"7935794","t":3854869.0,"r":3839356.0,"q":3.31,"p":86.0,"mot":"U","mo":3839356.0},{"cn":"","ui":"","t":5302103.0,"r":5049402.0,"q":3.5,"p":121.86,"mot":"L","mo":5049402.0}]},{"d":"09.09.2022","r":5.1037167E7,"q":2.68,"p":37.88,"s":[{"cn":"ООО \"Максимус\"","ui":"9352709","t":3878334.0,"r":3878333.0,"q":3.53,"p":65.0,"mot":"U","mo":3878333.0},{"cn":"Флора и Фауна","ui":"9417706","t":3.1267984E7,"r":3.1266484E7,"q":2.61,"p":10.0,"mot":"U","mo":3.1266484E7},{"cn":"Гусак Трейд","ui":"9350512","t":6902097.0,"r":6902084.0,"q":1.54,"p":60.0,"mot":"U","mo":6902084.0},{"cn":"KOBRING Ltd.","ui":"7935794","t":3867035.0,"r":3851522.0,"q":3.31,"p":86.0,"mot":"U","mo":3851522.0},{"cn":"","ui":"","t":5391445.0,"r":5138744.0,"q":3.51,"p":121.29,"mot":"L","mo":5138744.0}]},{"d":"12.09.2022","r":5.1709256E7,"q":2.69,"p":38.32,"s":[{"cn":"ООО \"Максимус\"","ui":"9352709","t":3878331.0,"r":3878330.0,"q":3.53,"p":65.0,"mot":"U","mo":3878330.0},{"cn":"Флора и Фауна","ui":"9417706","t":3.1351332E7,"r":3.1349832E7,"q":2.61,"p":10.0,"mot":"U","mo":3.1349832E7},{"cn":"Гусак Трейд","ui":"9350512","t":7153869.0,"r":7153856.0,"q":1.55,"p":60.0,"mot":"U","mo":7153856.0},{"cn":"KOBRING Ltd.","ui":"7935794","t":3903507.0,"r":3887994.0,"q":3.33,"p":86.0,"mot":"U","mo":3887994.0},{"cn":"","ui":"","t":5691945.0,"r":5439244.0,"q":3.56,"p":119.97,"mot":"L","mo":5439244.0}]},{"d":"13.09.2022","r":5.1963334E7,"q":2.7,"p":38.48,"s":[{"cn":"ООО \"Максимус\"","ui":"9352709","t":3878330.0,"r":3878329.0,"q":3.53,"p":65.0,"mot":"U","mo":3878329.0},{"cn":"Флора и Фауна","ui":"9417706","t":3.1379203E7,"r":3.1377703E7,"q":2.62,"p":10.0,"mot":"U","mo":3.1377703E7},{"cn":"Гусак Трейд","ui":"9350512","t":7237793.0,"r":7237780.0,"q":1.56,"p":60.0,"mot":"U","mo":7237780.0},{"cn":"KOBRING Ltd.","ui":"7935794","t":3915660.0,"r":3912558.0,"q":3.33,"p":86.0,"mot":"U","mo":3912558.0},{"cn":"","ui":"","t":5809665.0,"r":5556964.0,"q":3.57,"p":119.31,"mot":"L","mo":5556964.0}]},{"d":"14.09.2022","r":5.2219902E7,"q":2.7,"p":38.98,"s":[{"cn":"ООО \"Максимус\"","ui":"9352709","t":3878329.0,"r":3878328.0,"q":3.53,"p":65.0,"mot":"U","mo":3878328.0},{"cn":"Флора и Фауна","ui":"9417706","t":3.1407074E7,"r":3.1405574E7,"q":2.62,"p":10.0,"mot":"U","mo":3.1405574E7},{"cn":"Гусак Трейд","ui":"9350512","t":7321717.0,"r":7321704.0,"q":1.57,"p":60.0,"mot":"U","mo":7321704.0},{"cn":"KOBRING Ltd.","ui":"7935794","t":3940210.0,"r":3937108.0,"q":3.34,"p":86.0,"mot":"U","mo":3937108.0},{"cn":"","ui":"","t":5929889.0,"r":5677188.0,"q":3.58,"p":121.76,"mot":"L","mo":5677188.0}]},{"d":"15.09.2022","r":5.2116582E7,"q":2.7,"p":38.99,"s":[{"cn":"ООО \"Максимус\"","ui":"9352709","t":3878328.0,"r":3878327.0,"q":3.53,"p":65.0,"mot":"U","mo":3878327.0},{"cn":"Флора и Фауна","ui":"9417706","t":3.1434945E7,"r":3.1433445E7,"q":2.62,"p":10.0,"mot":"U","mo":3.1433445E7},{"cn":"Гусак Трейд","ui":"9350512","t":7405641.0,"r":7405628.0,"q":1.57,"p":60.0,"mot":"U","mo":7405628.0},{"cn":"KOBRING Ltd.","ui":"7935794","t":3964760.0,"r":3961658.0,"q":3.34,"p":86.0,"mot":"U","mo":3961658.0},{"cn":"","ui":"","t":5690225.0,"r":5437524.0,"q":3.6,"p":125.12,"mot":"L","mo":5437524.0}]},{"d":"16.09.2022","r":5.1527588E7,"q":2.67,"p":38.18,"s":[{"cn":"ООО \"Максимус\"","ui":"9352709","t":3878327.0,"r":3878326.0,"q":3.53,"p":65.0,"mot":"U","mo":3878326.0},{"cn":"Пушкин А. Ltd.","ui":"9362640","t":2614119.0,"r":2614119.0,"q":3.56,"p":150.0,"mot":"U","mo":2614119.0},{"cn":"Флора и Фауна","ui":"9417706","t":3.1462816E7,"r":3.1461316E7,"q":2.62,"p":10.0,"mot":"U","mo":3.1461316E7},{"cn":"Гусак Трейд","ui":"9350512","t":7489565.0,"r":7489552.0,"q":1.58,"p":60.0,"mot":"U","mo":7489552.0},{"cn":"KOBRING Ltd.","ui":"7935794","t":3989296.0,"r":3986194.0,"q":3.35,"p":86.0,"mot":"U","mo":3986194.0},{"cn":"","ui":"","t":3025143.0,"r":2098081.0,"q":3.37,"p":103.11,"mot":"L","mo":2098081.0}]},{"d":"19.09.2022","r":6.5173052E7,"q":3.08,"p":44.14,"s":[{"cn":"ООО \"Максимус\"","ui":"9352709","t":1.6395223E7,"r":1.6395122E7,"q":4.4,"p":65.0,"mot":"U","mo":1.6395122E7},{"cn":"Флора и Фауна","ui":"9417706","t":3.1547868E7,"r":3.1546368E7,"q":2.63,"p":10.0,"mot":"U","mo":3.1546368E7},{"cn":"Гусак Трейд","ui":"9350512","t":7741337.0,"r":7741324.0,"q":1.59,"p":60.0,"mot":"U","mo":7741324.0},{"cn":"KOBRING Ltd.","ui":"7935794","t":4062794.0,"r":4059692.0,"q":3.36,"p":86.0,"mot":"U","mo":4059692.0},{"cn":"","ui":"","t":5446885.0,"r":5430546.0,"q":3.66,"p":125.64,"mot":"L","mo":5430546.0}]},{"d":"20.09.2022","r":6.5492528E7,"q":3.09,"p":44.26,"s":[{"cn":"ООО \"Максимус\"","ui":"9352709","t":1.652115E7,"r":1.6521049E7,"q":4.41,"p":65.0,"mot":"U","mo":1.6521049E7},{"cn":"Флора и Фауна","ui":"9417706","t":3.1577192E7,"r":3.1575692E7,"q":2.63,"p":10.0,"mot":"U","mo":3.1575692E7},{"cn":"Гусак Трейд","ui":"9350512","t":7825261.0,"r":7825248.0,"q":1.6,"p":60.0,"mot":"U","mo":7825248.0},{"cn":"KOBRING Ltd.","ui":"7935794","t":4087142.0,"r":4084040.0,"q":3.36,"p":86.0,"mot":"U","mo":4084040.0},{"cn":"","ui":"","t":5504385.0,"r":5486499.0,"q":3.66,"p":125.5,"mot":"L","mo":5486499.0}]},{"d":"21.09.2022","r":6.581356E7,"q":3.09,"p":44.38,"s":[{"cn":"ООО \"Максимус\"","ui":"9352709","t":1.6648103E7,"r":1.6648002E7,"q":4.41,"p":65.0,"mot":"U","mo":1.6648002E7},{"cn":"Флора и Фауна","ui":"9417706","t":3.1606516E7,"r":3.1605016E7,"q":2.63,"p":10.0,"mot":"U","mo":3.1605016E7},{"cn":"Гусак Трейд","ui":"9350512","t":7909185.0,"r":7909172.0,"q":1.6,"p":60.0,"mot":"U","mo":7909172.0},{"cn":"KOBRING Ltd.","ui":"7935794","t":4111380.0,"r":4108278.0,"q":3.37,"p":86.0,"mot":"U","mo":4108278.0},{"cn":"","ui":"","t":5563726.0,"r":5543092.0,"q":3.67,"p":125.37,"mot":"L","mo":5543092.0}]},{"d":"22.09.2022","r":6.6141533E7,"q":3.1,"p":44.5,"s":[{"cn":"ООО \"Максимус\"","ui":"9352709","t":1.6782223E7,"r":1.6782122E7,"q":4.42,"p":65.0,"mot":"U","mo":1.6782122E7},{"cn":"Флора и Фауна","ui":"9417706","t":3.163584E7,"r":3.163434E7,"q":2.63,"p":10.0,"mot":"U","mo":3.163434E7},{"cn":"Гусак Трейд","ui":"9350512","t":7993109.0,"r":7993096.0,"q":1.61,"p":60.0,"mot":"U","mo":7993096.0},{"cn":"KOBRING Ltd.","ui":"7935794","t":4135522.0,"r":4132420.0,"q":3.37,"p":86.0,"mot":"U","mo":4132420.0},{"cn":"","ui":"","t":5620736.0,"r":5599555.0,"q":3.67,"p":125.26,"mot":"L","mo":5599555.0}]},{"d":"23.09.2022","r":6.6469601E7,"q":3.1,"p":44.62,"s":[{"cn":"ООО \"Максимус\"","ui":"9352709","t":1.6916172E7,"r":1.6916071E7,"q":4.43,"p":65.0,"mot":"U","mo":1.6916071E7},{"cn":"Флора и Фауна","ui":"9417706","t":3.1665149E7,"r":3.1663649E7,"q":2.63,"p":10.0,"mot":"U","mo":3.1663649E7},{"cn":"Гусак Трейд","ui":"9350512","t":8077033.0,"r":8077020.0,"q":1.61,"p":60.0,"mot":"U","mo":8077020.0},{"cn":"KOBRING Ltd.","ui":"7935794","t":4159568.0,"r":4156466.0,"q":3.38,"p":86.0,"mot":"U","mo":4156466.0},{"cn":"","ui":"","t":5678123.0,"r":5656395.0,"q":3.68,"p":125.15,"mot":"L","mo":5656395.0}]},{"d":"26.09.2022","r":6.7450987E7,"q":3.12,"p":44.98,"s":[{"cn":"ООО \"Максимус\"","ui":"9352709","t":1.7316925E7,"r":1.7316824E7,"q":4.45,"p":65.0,"mot":"U","mo":1.7316824E7},{"cn":"Флора и Фауна","ui":"9417706","t":3.1752348E7,"r":3.1750848E7,"q":2.64,"p":10.0,"mot":"U","mo":3.1750848E7},{"cn":"Гусак Трейд","ui":"9350512","t":8328805.0,"r":8328792.0,"q":1.62,"p":60.0,"mot":"U","mo":8328792.0},{"cn":"KOBRING Ltd.","ui":"7935794","t":4231152.0,"r":4228050.0,"q":3.39,"p":86.0,"mot":"U","mo":4228050.0},{"cn":"","ui":"","t":5849829.0,"r":5826473.0,"q":3.69,"p":124.82,"mot":"L","mo":5826473.0}]},{"d":"27.09.2022","r":6.8201664E7,"q":3.12,"p":45.43,"s":[{"cn":"ООО \"Максимус\"","ui":"9352709","t":1.7450156E7,"r":1.7450055E7,"q":4.45,"p":65.0,"mot":"U","mo":1.7450055E7},{"cn":"Флора и Фауна","ui":"9417706","t":3.1781149E7,"r":3.1779649E7,"q":2.64,"p":10.0,"mot":"U","mo":3.1779649E7},{"cn":"Гусак Трейд","ui":"9350512","t":8412729.0,"r":8412716.0,"q":1.63,"p":60.0,"mot":"U","mo":8412716.0},{"cn":"KOBRING Ltd.","ui":"7935794","t":4254825.0,"r":4251723.0,"q":3.39,"p":86.0,"mot":"U","mo":4251723.0},{"cn":"","ui":"","t":6331424.0,"r":6307521.0,"q":3.69,"p":123.05,"mot":"L","mo":6307521.0}]},{"d":"28.09.2022","r":1.54220864E8,"q":2.54,"p":22.75,"s":[{"cn":"ООО \"Максимус\"","ui":"9352709","t":1.7584276E7,"r":1.7584175E7,"q":4.46,"p":65.0,"mot":"U","mo":1.7584175E7},{"cn":"Флора и Фауна","ui":"9417706","t":3.1809822E7,"r":3.1808322E7,"q":2.64,"p":10.0,"mot":"U","mo":3.1808322E7},{"cn":"Гусак Трейд","ui":"9350512","t":8496653.0,"r":8496640.0,"q":1.63,"p":60.0,"mot":"U","mo":8496640.0},{"cn":"АО \"Академия Бизнеса\"","ui":"9391193","t":8.6116857E7,"r":8.6116857E7,"q":2.07,"p":5.0,"mot":"U","mo":8.6116857E7},{"cn":"","ui":"","t":1.0242422E7,"r":1.021487E7,"q":3.57,"p":108.45,"mot":"L","mo":1.021487E7}]},{"d":"29.09.2022","r":1.55084372E8,"q":2.54,"p":22.79,"s":[{"cn":"ООО \"Максимус\"","ui":"9352709","t":1.7718225E7,"r":1.7718124E7,"q":4.46,"p":65.0,"mot":"U","mo":1.7718124E7},{"cn":"Флора и Фауна","ui":"9417706","t":3.1838359E7,"r":3.1836859E7,"q":2.64,"p":10.0,"mot":"U","mo":3.1836859E7},{"cn":"Гусак Трейд","ui":"9350512","t":8580577.0,"r":8580564.0,"q":1.63,"p":60.0,"mot":"U","mo":8580564.0},{"cn":"АО \"Академия Бизнеса\"","ui":"9391193","t":8.6654036E7,"r":8.6654036E7,"q":2.07,"p":5.0,"mot":"U","mo":8.6654036E7},{"cn":"","ui":"","t":1.0322888E7,"r":1.0294789E7,"q":3.57,"p":108.43,"mot":"L","mo":1.0294789E7}]},{"d":"30.09.2022","r":1.58366734E8,"q":2.55,"p":23.64,"s":[{"cn":"ООО \"Максимус\"","ui":"9352709","t":1.7851986E7,"r":1.7851885E7,"q":4.47,"p":65.0,"mot":"U","mo":1.7851885E7},{"cn":"Гусак Трейд","ui":"9350512","t":8664501.0,"r":8664488.0,"q":1.64,"p":60.0,"mot":"U","mo":8664488.0},{"cn":"Флора и Фауна","ui":"9417706","t":3.1866784E7,"r":3.1865284E7,"q":2.64,"p":10.0,"mot":"U","mo":3.1865284E7},{"cn":"АО \"Академия Бизнеса\"","ui":"9391193","t":8.7191215E7,"r":8.7191215E7,"q":2.07,"p":5.0,"mot":"U","mo":8.7191215E7},{"cn":"","ui":"","t":1.2822508E7,"r":1.2793862E7,"q":3.49,"p":102.27,"mot":"L","mo":1.2793862E7}]}]