[{"pi":"422898","pc":"Товары для дома","ss":10000,"td":"Центр города","dc":1,"n":421.29,"vc":"28918","sl":"Очень высокий","sv":"600","p":23000.0,"q":10.03,"b":1.19,"ms":0.74,"wi":62.72,"ei":7.0,"as":1148.0,"mi":"E","mv":80690,"sc":1,"lpe":99.26,"lpr":9158.74,"lq":1.0,"d":2007074},{"pi":"422898","pc":"Товары для дома","ss":10000,"td":"Спальный район","dc":2,"n":458.88,"vc":"20586","sl":"Очень высокий","sv":"300","p":25000.0,"q":10.03,"b":0.27,"ms":2.46,"wi":49.39,"ei":7.0,"as":1230.33,"mi":"E","mv":12198,"sc":1,"lpe":97.54,"lpr":10359.32,"lq":1.0,"d":781464},{"pi":"422898","pc":"Товары для дома","ss":100000,"td":"Центр города","dc":1,"n":408.83,"vc":"233606","sl":"Очень высокий","sv":"686","p":81650.0,"q":14.37,"b":4.05,"ms":0.95,"wi":58.91,"ei":7.0,"as":1299.6,"mi":"E","mv":72574,"sc":4,"lpe":97.73,"lpr":10364.04,"lq":1.0,"d":2111474},{"pi":"422898","pc":"Товары для дома","ss":30000,"td":"Центр города","dc":2,"n":390.32,"vc":"77572","sl":"Очень высокий","sv":"500","p":42500.0,"q":15.03,"b":1.79,"ms":0.69,"wi":58.91,"ei":7.0,"as":1299.6,"mi":"E","mv":72574,"sc":4,"lpe":97.73,"lpr":10364.04,"lq":1.0,"d":2111474},{"pi":"422898","pc":"Товары для дома","ss":10000,"td":"Центр города","dc":1,"n":417.81,"vc":"28687","sl":"Элитный","sv":"400","p":25000.0,"q":10.03,"b":0.27,"ms":0.55,"wi":58.91,"ei":7.0,"as":1299.6,"mi":"E","mv":72574,"sc":4,"lpe":97.73,"lpr":10364.04,"lq":1.0,"d":2111474},{"pi":"422898","pc":"Товары для дома","ss":121000,"td":"Центр города","dc":4,"n":394.32,"vc":"236850","sl":"Очень высокий","sv":"58","p":64000.0,"q":11.54,"b":0.0,"ms":0.08,"wi":58.91,"ei":7.0,"as":1299.6,"mi":"E","mv":72574,"sc":4,"lpe":97.73,"lpr":10364.04,"lq":1.0,"d":2111474},{"pi":"422898","pc":"Товары для дома","ss":10000,"td":"Спальный район","dc":2,"n":203.36,"vc":"7370","sl":"Элитный","sv":"1200","p":42000.0,"q":10.03,"b":0.22,"ms":0.73,"wi":79.78,"ei":9.46,"as":2502.0,"mi":"E","mv":164740,"sc":8,"lpe":97.62,"lpr":19925.96,"lq":1.0,"d":9185246},{"pi":"422898","pc":"Товары для дома","ss":60000,"td":"Центр города","dc":1,"n":369.41,"vc":"181348","sl":"Элитный","sv":"620","p":40000.0,"q":13.68,"b":0.0,"ms":0.38,"wi":79.78,"ei":9.46,"as":2502.0,"mi":"E","mv":164740,"sc":8,"lpe":97.62,"lpr":19925.96,"lq":1.0,"d":9185246},{"pi":"422898","pc":"Товары для дома","ss":90000,"td":"Пригород","dc":4,"n":441.69,"vc":"130711","sl":"Очень высокий","sv":"600","p":41000.0,"q":12.67,"b":0.4,"ms":0.36,"wi":79.78,"ei":9.46,"as":2502.0,"mi":"E","mv":164740,"sc":8,"lpe":97.62,"lpr":19925.96,"lq":1.0,"d":9185246},{"pi":"422898","pc":"Товары для дома","ss":100000,"td":"Центр города","dc":1,"n":345.8,"vc":"213171","sl":"Элитный","sv":"590","p":60000.0,"q":15.9,"b":1.2,"ms":0.36,"wi":79.78,"ei":9.46,"as":2502.0,"mi":"E","mv":164740,"sc":8,"lpe":97.62,"lpr":19925.96,"lq":1.0,"d":9185246},{"pi":"422898","pc":"Товары для дома","ss":30000,"td":"Центр города","dc":2,"n":321.33,"vc":"48512","sl":"Элитный","sv":"500","p":55000.0,"q":15.02,"b":0.54,"ms":0.3,"wi":79.78,"ei":9.46,"as":2502.0,"mi":"E","mv":164740,"sc":8,"lpe":97.62,"lpr":19925.96,"lq":1.0,"d":9185246},{"pi":"422898","pc":"Товары для дома","ss":110000,"td":"Центр города","dc":2,"n":323.83,"vc":"123280","sl":"Элитный","sv":"200","p":110000.0,"q":11.61,"b":0.0,"ms":0.12,"wi":79.78,"ei":9.46,"as":2502.0,"mi":"E","mv":164740,"sc":8,"lpe":97.62,"lpr":19925.96,"lq":1.0,"d":9185246},{"pi":"422898","pc":"Товары для дома","ss":130000,"td":"Центр города","dc":1,"n":189.14,"vc":"36669","sl":"Элитный","sv":"113","p":97000.0,"q":11.61,"b":0.0,"ms":0.07,"wi":79.78,"ei":9.46,"as":2502.0,"mi":"E","mv":164740,"sc":8,"lpe":97.62,"lpr":19925.96,"lq":1.0,"d":9185246},{"pi":"422898","pc":"Товары для дома","ss":12000,"td":"Спальный район","dc":1,"n":81.51,"vc":"3243","sl":"Элитный","sv":"100","p":60000.0,"q":9.34,"b":0.0,"ms":0.06,"wi":79.78,"ei":9.46,"as":2502.0,"mi":"E","mv":164740,"sc":8,"lpe":97.62,"lpr":19925.96,"lq":1.0,"d":9185246},{"pi":"422898","pc":"Товары для дома","ss":10000,"td":"Центр города","dc":1,"n":392.38,"vc":"13090","sl":"Элитный","sv":"300","p":25000.0,"q":10.03,"b":0.0,"ms":2.16,"wi":61.17,"ei":7.54,"as":1230.25,"mi":"E","mv":13869,"sc":1,"lpe":97.84,"lpr":9820.01,"lq":1.0,"d":384017}]