[{"pi":"423274","pc":"Электроника","ss":10000,"td":"Центр города","dc":2,"n":178.0,"vc":"2658","sl":"Элитный","sv":"300","p":2249.0,"q":26.3,"b":0.0,"ms":1.22,"wi":62.27,"ei":13.35,"as":674.99,"mi":"E","mv":24569,"sc":1,"lpe":98.78,"lpr":2294.09,"lq":1.0,"d":374441},{"pi":"423274","pc":"Электроника","ss":100000,"td":"Центр города","dc":2,"n":675.35,"vc":"2159600","sl":"Низкий","sv":"5753","p":3955.0,"q":52.79,"b":0.0,"ms":5.57,"wi":88.65,"ei":9.17,"as":926.04,"mi":"E","mv":103314,"sc":1,"lpe":94.43,"lpr":770.39,"lq":1.0,"d":802320},{"pi":"423274","pc":"Электроника","ss":10000,"td":"Центр города","dc":2,"n":205.75,"vc":"2678","sl":"Элитный","sv":"300","p":1599.0,"q":26.3,"b":0.0,"ms":1.51,"wi":46.49,"ei":9.42,"as":383.85,"mi":"E","mv":19868,"sc":1,"lpe":98.49,"lpr":1588.71,"lq":1.0,"d":223434},{"pi":"423274","pc":"Электроника","ss":100000,"td":"Фешенебельный район","dc":1,"n":0.0,"vc":"666","sl":"Элитный","sv":"1500","p":2500.0,"q":26.02,"b":0.0,"ms":0.5,"wi":41.17,"ei":8.83,"as":225.06,"mi":"E","mv":300219,"sc":1,"lpe":99.5,"lpr":783.2,"lq":1.0,"d":1925822},{"pi":"423274","pc":"Электроника","ss":100000,"td":"Центр города","dc":2,"n":0.0,"vc":"2220","sl":"Элитный","sv":"5000","p":639.95,"q":26.02,"b":0.0,"ms":8.48,"wi":119.42,"ei":10.05,"as":1379.85,"mi":"E","mv":58969,"sc":1,"lpe":91.52,"lpr":2826.96,"lq":1.0,"d":847456},{"pi":"423274","pc":"Электроника","ss":10000,"td":"Центр города","dc":1,"n":227.03,"vc":"8065","sl":"Элитный","sv":"500","p":1210.0,"q":52.79,"b":0.0,"ms":0.09,"wi":57.16,"ei":8.91,"as":372.4,"mi":"E","mv":547229,"sc":1,"lpe":99.91,"lpr":806.67,"lq":1.0,"d":3168000},{"pi":"423274","pc":"Электроника","ss":10000,"td":"Центр города","dc":2,"n":213.33,"vc":"2685","sl":"Элитный","sv":"300","p":1399.0,"q":26.3,"b":0.0,"ms":1.76,"wi":24.79,"ei":5.22,"as":302.26,"mi":"E","mv":17000,"sc":1,"lpe":98.24,"lpr":1022.79,"lq":1.0,"d":182800},{"pi":"423274","pc":"Электроника","ss":20000,"td":"Фешенебельный район","dc":1,"n":305.65,"vc":"2078","sl":"Элитный","sv":"29","p":1389.78,"q":56.63,"b":0.0,"ms":0.03,"wi":43.91,"ei":15.76,"as":113.87,"mi":"E","mv":93680,"sc":1,"lpe":99.97,"lpr":802.04,"lq":1.0,"d":795727},{"pi":"423274","pc":"Электроника","ss":100000,"td":"Центр города","dc":1,"n":0.0,"vc":"4456","sl":"Элитный","sv":"5000","p":2362.49,"q":26.02,"b":0.0,"ms":2.45,"wi":49.97,"ei":9.09,"as":306.0,"mi":"E","mv":204167,"sc":1,"lpe":97.55,"lpr":1031.99,"lq":1.0,"d":1948554},{"pi":"423274","pc":"Электроника","ss":10000,"td":"Центр города","dc":2,"n":195.2,"vc":"2668","sl":"Элитный","sv":"400","p":2599.0,"q":26.3,"b":0.0,"ms":2.25,"wi":43.59,"ei":7.31,"as":476.27,"mi":"E","mv":17756,"sc":1,"lpe":97.75,"lpr":2202.18,"lq":1.0,"d":263256},{"pi":"423274","pc":"Электроника","ss":10000,"td":"Фешенебельный район","dc":1,"n":98.45,"vc":"620","sl":"Элитный","sv":"7","p":2500.0,"q":56.78,"b":0.0,"ms":0.0,"wi":62.0,"ei":7.93,"as":546.66,"mi":"E","mv":498616,"sc":1,"lpe":100.0,"lpr":1314.7,"lq":1.0,"d":7101416},{"pi":"423274","pc":"Электроника","ss":10000,"td":"Центр города","dc":2,"n":163.1,"vc":"2668","sl":"Элитный","sv":"300","p":1799.0,"q":26.3,"b":0.0,"ms":0.62,"wi":60.54,"ei":6.77,"as":450.24,"mi":"E","mv":48735,"sc":1,"lpe":99.38,"lpr":1595.63,"lq":1.0,"d":518786},{"pi":"423274","pc":"Электроника","ss":300000,"td":"Спальный район","dc":2,"n":670.04,"vc":"5989874","sl":"Низкий","sv":"111660","p":2747.0,"q":53.36,"b":0.0,"ms":7.48,"wi":89.7,"ei":7.81,"as":615.72,"mi":"E","mv":1492256,"sc":2,"lpe":92.21,"lpr":1029.87,"lq":1.0,"d":11929900},{"pi":"423274","pc":"Электроника","ss":100000,"td":"Спальный район","dc":2,"n":0.0,"vc":"6302","sl":"Элитный","sv":"4562","p":2146.0,"q":26.05,"b":0.0,"ms":0.31,"wi":89.7,"ei":7.81,"as":615.72,"mi":"E","mv":1492256,"sc":2,"lpe":92.21,"lpr":1029.87,"lq":1.0,"d":11929900},{"pi":"423274","pc":"Электроника","ss":10000,"td":"Центр города","dc":2,"n":162.16,"vc":"2669","sl":"Элитный","sv":"300","p":1799.0,"q":26.3,"b":0.0,"ms":0.58,"wi":48.51,"ei":15.71,"as":380.15,"mi":"E","mv":51856,"sc":1,"lpe":99.42,"lpr":1511.07,"lq":1.0,"d":545196},{"pi":"423274","pc":"Электроника","ss":10000,"td":"Центр города","dc":2,"n":219.38,"vc":"4940","sl":"Элитный","sv":"400","p":1899.0,"q":26.3,"b":0.0,"ms":0.45,"wi":56.24,"ei":7.07,"as":380.48,"mi":"E","mv":89418,"sc":1,"lpe":99.55,"lpr":1537.88,"lq":1.0,"d":917721},{"pi":"423274","pc":"Электроника","ss":10000,"td":"Центр города","dc":2,"n":166.89,"vc":"2664","sl":"Элитный","sv":"400","p":2099.0,"q":26.3,"b":0.0,"ms":0.93,"wi":53.32,"ei":6.45,"as":372.85,"mi":"E","mv":42783,"sc":1,"lpe":99.07,"lpr":1638.04,"lq":1.0,"d":476878},{"pi":"423274","pc":"Электроника","ss":1000,"td":"Центр города","dc":1,"n":89.73,"vc":"685","sl":"Элитный","sv":"120","p":1530.0,"q":20.96,"b":0.0,"ms":0.25,"wi":17.71,"ei":7.81,"as":93.95,"mi":"E","mv":47198,"sc":1,"lpe":99.75,"lpr":762.49,"lq":1.0,"d":969146},{"pi":"423274","pc":"Электроника","ss":100000,"td":"Центр города","dc":1,"n":478.52,"vc":"553145","sl":"Очень высокий","sv":"10000","p":15000.0,"q":56.43,"b":3.43484,"ms":0.49,"wi":166.72,"ei":9.88,"as":2625.25,"mi":"E","mv":2053954,"sc":1,"lpe":99.51,"lpr":3656.69,"lq":1.0,"d":11635600},{"pi":"423274","pc":"Электроника","ss":200000,"td":"Фешенебельный район","dc":2,"n":522.35,"vc":"362424","sl":"Элитный","sv":"60000","p":1000.0,"q":69.85,"b":0.0,"ms":3.0,"wi":48.27,"ei":9.23,"as":380.0,"mi":"E","mv":2000034,"sc":1,"lpe":97.0,"lpr":829.7,"lq":1.0,"d":11000140},{"pi":"423274","pc":"Электроника","ss":100000,"td":"Центр города","dc":2,"n":251.76,"vc":"64599","sl":"Элитный","sv":"500","p":1757.44,"q":26.02,"b":0.0,"ms":0.14,"wi":30.1,"ei":7.72,"as":150.11,"mi":"E","mv":361158,"sc":1,"lpe":99.86,"lpr":768.56,"lq":1.0,"d":4015276},{"pi":"423274","pc":"Электроника","ss":100000,"td":"Фешенебельный район","dc":1,"n":0.0,"vc":"515","sl":"Элитный","sv":"4175","p":2200.0,"q":20.48,"b":0.0,"ms":0.78,"wi":60.31,"ei":7.67,"as":446.7,"mi":"E","mv":537002,"sc":1,"lpe":99.22,"lpr":957.32,"lq":1.0,"d":2952988},{"pi":"423274","pc":"Электроника","ss":110000,"td":"Фешенебельный район","dc":1,"n":299.31,"vc":"6429","sl":"Элитный","sv":"2","p":5000.0,"q":56.6,"b":0.0,"ms":0.0,"wi":35.62,"ei":11.99,"as":261.73,"mi":"E","mv":50800,"sc":1,"lpe":100.0,"lpr":948.49,"lq":1.0,"d":886846},{"pi":"423274","pc":"Электроника","ss":10000,"td":"Центр города","dc":2,"n":610.72,"vc":"75733","sl":"Низкий","sv":"5670","p":2930.0,"q":54.18,"b":0.0,"ms":8.26,"wi":59.67,"ei":7.81,"as":544.37,"mi":"E","mv":68684,"sc":2,"lpe":91.74,"lpr":752.52,"lq":1.0,"d":573980},{"pi":"423274","pc":"Электроника","ss":10000,"td":"Фешенебельный район","dc":1,"n":222.23,"vc":"642","sl":"Элитный","sv":"1","p":2000.0,"q":56.6,"b":0.0,"ms":0.0,"wi":59.67,"ei":7.81,"as":544.37,"mi":"E","mv":68684,"sc":2,"lpe":91.74,"lpr":752.52,"lq":1.0,"d":573980},{"pi":"423274","pc":"Электроника","ss":100000,"td":"Фешенебельный район","dc":2,"n":547.02,"vc":"91301","sl":"Элитный","sv":"8415","p":1936.09,"q":52.79,"b":0.0,"ms":10.0,"wi":29.53,"ei":6.49,"as":242.55,"mi":"E","mv":84156,"sc":1,"lpe":90.0,"lpr":748.43,"lq":1.56,"d":2329386},{"pi":"423274","pc":"Электроника","ss":300000,"td":"Фешенебельный район","dc":9,"n":497.37,"vc":"140384","sl":"Элитный","sv":"965","p":6393.33,"q":40.51,"b":0.0,"ms":0.19,"wi":171.48,"ei":10.04,"as":2283.46,"mi":"E","mv":512493,"sc":1,"lpe":99.81,"lpr":2014.89,"lq":1.0,"d":2986744},{"pi":"423274","pc":"Электроника","ss":300000,"td":"Фешенебельный район","dc":10,"n":536.81,"vc":"181132","sl":"Очень высокий","sv":"113","p":10183.7,"q":40.63,"b":0.0,"ms":0.03,"wi":125.88,"ei":10.29,"as":1744.48,"mi":"E","mv":369807,"sc":1,"lpe":99.97,"lpr":2050.58,"lq":1.0,"d":2094907},{"pi":"423274","pc":"Электроника","ss":10000,"td":"Фешенебельный район","dc":1,"n":273.28,"vc":"1274","sl":"Элитный","sv":"21","p":1000.0,"q":56.63,"b":0.0,"ms":0.04,"wi":15.36,"ei":8.17,"as":100.19,"mi":"E","mv":56810,"sc":1,"lpe":99.96,"lpr":762.55,"lq":1.0,"d":1382690},{"pi":"423274","pc":"Электроника","ss":10000,"td":"Центр города","dc":1,"n":324.97,"vc":"10039","sl":"Элитный","sv":"500","p":2380.0,"q":20.96,"b":0.0,"ms":0.37,"wi":59.42,"ei":8.65,"as":472.08,"mi":"E","mv":135968,"sc":1,"lpe":99.63,"lpr":1019.67,"lq":1.0,"d":747777},{"pi":"423274","pc":"Электроника","ss":100000,"td":"Центр города","dc":1,"n":480.15,"vc":"206543","sl":"Нормальный","sv":"100","p":4999.0,"q":26.3,"b":0.0,"ms":0.08,"wi":84.39,"ei":9.0,"as":559.14,"mi":"E","mv":121229,"sc":1,"lpe":99.92,"lpr":1148.94,"lq":1.0,"d":666717},{"pi":"423274","pc":"Электроника","ss":100000,"td":"Центр города","dc":1,"n":434.64,"vc":"167050","sl":"Элитный","sv":"1240","p":4580.0,"q":20.96,"b":0.0,"ms":5.27,"wi":62.59,"ei":7.65,"as":519.76,"mi":"E","mv":23536,"sc":1,"lpe":94.73,"lpr":8702.82,"lq":1.0,"d":1269608},{"pi":"423274","pc":"Электроника","ss":10000,"td":"Центр города","dc":2,"n":231.15,"vc":"2729","sl":"Элитный","sv":"400","p":1699.0,"q":26.3,"b":0.0,"ms":3.1,"wi":34.18,"ei":9.16,"as":412.47,"mi":"E","mv":12922,"sc":1,"lpe":96.9,"lpr":1566.22,"lq":1.0,"d":131326},{"pi":"423274","pc":"Электроника","ss":10000,"td":"Фешенебельный район","dc":1,"n":339.75,"vc":"2912","sl":"Элитный","sv":"17","p":2000.0,"q":56.86,"b":0.0,"ms":0.0,"wi":47.73,"ei":6.08,"as":289.96,"mi":"E","mv":590736,"sc":1,"lpe":100.0,"lpr":789.75,"lq":1.0,"d":3600000},{"pi":"423274","pc":"Электроника","ss":100000,"td":"Центр города","dc":2,"n":646.64,"vc":"1053691","sl":"Низкий","sv":"2045","p":8008.0,"q":52.79,"b":0.0,"ms":1.6,"wi":166.17,"ei":10.12,"as":2341.42,"mi":"E","mv":127769,"sc":1,"lpe":98.4,"lpr":1785.91,"lq":1.0,"d":723722},{"pi":"423274","pc":"Электроника","ss":100000,"td":"Центр города","dc":1,"n":487.14,"vc":"213514","sl":"Элитный","sv":"990","p":1850.0,"q":20.96,"b":0.0,"ms":3.01,"wi":63.23,"ei":7.28,"as":458.84,"mi":"E","mv":32851,"sc":1,"lpe":96.99,"lpr":2987.5,"lq":1.0,"d":605030},{"pi":"423274","pc":"Электроника","ss":1000,"td":"Центр города","dc":1,"n":602.25,"vc":"5093","sl":"Нормальный","sv":"17","p":4140.93,"q":56.6,"b":0.0,"ms":0.12,"wi":86.09,"ei":9.78,"as":1413.77,"mi":"E","mv":14159,"sc":1,"lpe":99.88,"lpr":2248.55,"lq":1.0,"d":77832},{"pi":"423274","pc":"Электроника","ss":100000,"td":"Центр города","dc":1,"n":506.43,"vc":"664161","sl":"Очень высокий","sv":"10000","p":3000.0,"q":56.43,"b":2.935296,"ms":0.78,"wi":27.62,"ei":6.85,"as":110.71,"mi":"E","mv":1282200,"sc":1,"lpe":99.22,"lpr":767.35,"lq":1.0,"d":9113688},{"pi":"423274","pc":"Электроника","ss":100000,"td":"Центр города","dc":2,"n":645.77,"vc":"1257406","sl":"Низкий","sv":"7000","p":4049.0,"q":52.79,"b":0.0,"ms":8.56,"wi":116.79,"ei":9.79,"as":1808.05,"mi":"E","mv":81810,"sc":1,"lpe":91.44,"lpr":800.41,"lq":1.0,"d":1228032},{"pi":"423274","pc":"Электроника","ss":300000,"td":"Центр города","dc":2,"n":645.77,"vc":"3209848","sl":"Нормальный","sv":"3874","p":1577.0,"q":52.79,"b":0.0,"ms":1.28,"wi":124.59,"ei":9.54,"as":1713.73,"mi":"E","mv":303207,"sc":1,"lpe":98.72,"lpr":852.72,"lq":1.0,"d":1717617},{"pi":"423274","pc":"Электроника","ss":100000,"td":"Центр города","dc":1,"n":513.9,"vc":"568579","sl":"Очень высокий","sv":"8000","p":15000.0,"q":56.43,"b":3.684465,"ms":0.98,"wi":174.28,"ei":10.49,"as":2111.62,"mi":"E","mv":816122,"sc":1,"lpe":99.02,"lpr":3983.28,"lq":1.0,"d":4762572},{"pi":"423274","pc":"Электроника","ss":100000,"td":"Спальный район","dc":3,"n":0.0,"vc":"1800","sl":"Элитный","sv":"50","p":1531.97,"q":26.02,"b":0.0,"ms":0.16,"wi":37.78,"ei":6.43,"as":312.69,"mi":"E","mv":31034,"sc":1,"lpe":99.84,"lpr":785.85,"lq":1.0,"d":332406},{"pi":"423274","pc":"Электроника","ss":100000,"td":"Центр города","dc":2,"n":544.68,"vc":"1124657","sl":"Низкий","sv":"4226","p":4461.0,"q":55.97,"b":0.0,"ms":0.4,"wi":35.98,"ei":8.28,"as":251.65,"mi":"E","mv":1066027,"sc":2,"lpe":99.58,"lpr":1335.26,"lq":1.0,"d":14352508},{"pi":"423274","pc":"Электроника","ss":100000,"td":"Центр города","dc":1,"n":83.13,"vc":"13292","sl":"Элитный","sv":"200","p":4740.0,"q":20.96,"b":0.0,"ms":0.02,"wi":35.98,"ei":8.28,"as":251.65,"mi":"E","mv":1066027,"sc":2,"lpe":99.58,"lpr":1335.26,"lq":1.0,"d":14352508},{"pi":"423274","pc":"Электроника","ss":100000,"td":"Центр города","dc":2,"n":670.67,"vc":"1739372","sl":"Низкий","sv":"15857","p":2934.0,"q":52.99,"b":0.0,"ms":17.7,"wi":16.93,"ei":3.9,"as":101.05,"mi":"E","mv":89585,"sc":1,"lpe":82.3,"lpr":608.12,"lq":1.0,"d":1565731},{"pi":"423274","pc":"Электроника","ss":10000,"td":"Центр города","dc":1,"n":71.78,"vc":"2628","sl":"Элитный","sv":"290","p":1590.0,"q":20.96,"b":0.0,"ms":0.1,"wi":29.93,"ei":6.58,"as":133.91,"mi":"E","mv":299593,"sc":1,"lpe":99.9,"lpr":769.76,"lq":1.0,"d":3420282}]