[{"pi":"423367","pc":"Электроника","ss":100000,"td":"Фешенебельный район","dc":1,"n":427.92,"vc":"43944","sl":"Элитный","sv":"2000","p":60000.0,"q":29.71,"b":3.7,"ms":5.81,"wi":58.63,"ei":8.06,"as":1539.04,"mi":"E","mv":34421,"sc":2,"lpe":94.1,"lpr":28583.93,"lq":1.0,"d":2386252},{"pi":"423367","pc":"Электроника","ss":1500,"td":"Центр города","dc":1,"n":101.12,"vc":"1210","sl":"Элитный","sv":"32","p":50000.0,"q":12.87,"b":0.88,"ms":0.09,"wi":58.63,"ei":8.06,"as":1539.04,"mi":"E","mv":34421,"sc":2,"lpe":94.1,"lpr":28583.93,"lq":1.0,"d":2386252},{"pi":"423367","pc":"Электроника","ss":100000,"td":"Фешенебельный район","dc":2,"n":588.17,"vc":"93654","sl":"Элитный","sv":"100","p":17870.0,"q":32.09,"b":0.0,"ms":0.68,"wi":25.98,"ei":6.2,"as":294.77,"mi":"E","mv":14710,"sc":1,"lpe":99.32,"lpr":2333.51,"lq":1.0,"d":808618},{"pi":"423367","pc":"Электроника","ss":22000,"td":"Центр города","dc":10,"n":39.98,"vc":"2361","sl":"Элитный","sv":"8","p":38999.0,"q":13.46,"b":0.0,"ms":0.12,"wi":48.78,"ei":6.9,"as":731.03,"mi":"E","mv":6590,"sc":1,"lpe":99.88,"lpr":11929.2,"lq":1.0,"d":621204},{"pi":"423367","pc":"Электроника","ss":33000,"td":"Центр города","dc":10,"n":33.24,"vc":"2094","sl":"Элитный","sv":"5","p":39867.0,"q":13.21,"b":0.0,"ms":0.16,"wi":54.11,"ei":6.6,"as":722.0,"mi":"E","mv":3032,"sc":1,"lpe":99.84,"lpr":11805.47,"lq":1.0,"d":323400},{"pi":"423367","pc":"Электроника","ss":20000,"td":"Центр города","dc":10,"n":49.29,"vc":"1923","sl":"Элитный","sv":"1","p":45768.0,"q":12.9,"b":0.0,"ms":0.03,"wi":58.25,"ei":6.2,"as":731.03,"mi":"E","mv":2922,"sc":1,"lpe":99.97,"lpr":11952.24,"lq":1.0,"d":311600},{"pi":"423367","pc":"Электроника","ss":100000,"td":"Фешенебельный район","dc":1,"n":410.8,"vc":"25078","sl":"Элитный","sv":"1000","p":50000.0,"q":29.71,"b":3.68,"ms":2.25,"wi":43.4,"ei":9.2,"as":395.48,"mi":"E","mv":44366,"sc":2,"lpe":97.07,"lpr":14113.22,"lq":1.0,"d":2720107},{"pi":"423367","pc":"Электроника","ss":100000,"td":"Фешенебельный район","dc":6,"n":529.15,"vc":"117381","sl":"Очень высокий","sv":"299","p":69900.0,"q":15.41,"b":2.12,"ms":0.67,"wi":43.4,"ei":9.2,"as":395.48,"mi":"E","mv":44366,"sc":2,"lpe":97.07,"lpr":14113.22,"lq":1.0,"d":2720107},{"pi":"423367","pc":"Электроника","ss":100000,"td":"Центр города","dc":10,"n":394.02,"vc":"67867","sl":"Очень высокий","sv":"100","p":30000.0,"q":13.04,"b":1.96,"ms":1.79,"wi":44.09,"ei":8.6,"as":566.73,"mi":"E","mv":5595,"sc":1,"lpe":98.21,"lpr":14144.34,"lq":1.0,"d":461655},{"pi":"423367","pc":"Электроника","ss":25000,"td":"Центр города","dc":10,"n":51.87,"vc":"1970","sl":"Элитный","sv":"10","p":38799.0,"q":13.45,"b":0.0,"ms":0.43,"wi":59.28,"ei":6.62,"as":770.0,"mi":"E","mv":2313,"sc":1,"lpe":99.57,"lpr":11964.36,"lq":1.0,"d":389214},{"pi":"423367","pc":"Электроника","ss":100000,"td":"Фешенебельный район","dc":6,"n":689.99,"vc":"154809","sl":"Нормальный","sv":"149","p":66000.0,"q":15.41,"b":2.12,"ms":3.93,"wi":41.98,"ei":5.78,"as":781.08,"mi":"E","mv":3793,"sc":2,"lpe":93.44,"lpr":11868.99,"lq":1.0,"d":595383},{"pi":"423367","pc":"Электроника","ss":100000,"td":"Центр города","dc":10,"n":418.01,"vc":"75496","sl":"Нормальный","sv":"100","p":30000.0,"q":13.04,"b":1.96,"ms":2.64,"wi":41.98,"ei":5.78,"as":781.08,"mi":"E","mv":3793,"sc":2,"lpe":93.44,"lpr":11868.99,"lq":1.0,"d":595383},{"pi":"423367","pc":"Электроника","ss":1000,"td":"Центр города","dc":1,"n":440.38,"vc":"2576","sl":"Очень высокий","sv":"3","p":35000.0,"q":12.21,"b":1.53,"ms":0.12,"wi":41.0,"ei":6.27,"as":505.0,"mi":"E","mv":2403,"sc":1,"lpe":99.88,"lpr":7619.62,"lq":1.0,"d":150500},{"pi":"423367","pc":"Электроника","ss":1000,"td":"Центр города","dc":1,"n":440.61,"vc":"2576","sl":"Очень высокий","sv":"21","p":30000.0,"q":12.26,"b":1.53,"ms":0.88,"wi":41.89,"ei":6.37,"as":510.0,"mi":"E","mv":2395,"sc":1,"lpe":99.12,"lpr":7750.69,"lq":1.0,"d":150000},{"pi":"423367","pc":"Электроника","ss":100000,"td":"Центр города","dc":10,"n":425.8,"vc":"78236","sl":"Нормальный","sv":"100","p":30000.0,"q":13.04,"b":1.96,"ms":2.73,"wi":33.97,"ei":5.99,"as":686.84,"mi":"E","mv":3665,"sc":2,"lpe":96.67,"lpr":8558.82,"lq":1.0,"d":304853},{"pi":"423367","pc":"Электроника","ss":100000,"td":"Фешенебельный район","dc":7,"n":693.57,"vc":"154071","sl":"Высокий","sv":"22","p":49900.0,"q":15.41,"b":2.12,"ms":0.6,"wi":33.97,"ei":5.99,"as":686.84,"mi":"E","mv":3665,"sc":2,"lpe":96.67,"lpr":8558.82,"lq":1.0,"d":304853},{"pi":"423367","pc":"Электроника","ss":100000,"td":"Центр города","dc":10,"n":392.1,"vc":"67335","sl":"Очень высокий","sv":"100","p":30000.0,"q":13.04,"b":1.96,"ms":1.68,"wi":36.0,"ei":7.37,"as":499.89,"mi":"E","mv":5951,"sc":1,"lpe":98.32,"lpr":8734.63,"lq":1.0,"d":406442},{"pi":"423367","pc":"Электроника","ss":100000,"td":"Фешенебельный район","dc":6,"n":430.72,"vc":"68748","sl":"Элитный","sv":"330","p":69900.0,"q":15.41,"b":1.08,"ms":0.24,"wi":51.41,"ei":10.21,"as":485.24,"mi":"E","mv":137731,"sc":4,"lpe":99.44,"lpr":14966.36,"lq":1.0,"d":7937297},{"pi":"423367","pc":"Электроника","ss":100000,"td":"Фешенебельный район","dc":7,"n":419.12,"vc":"61492","sl":"Элитный","sv":"299","p":69900.0,"q":15.41,"b":1.08,"ms":0.22,"wi":51.41,"ei":10.21,"as":485.24,"mi":"E","mv":137731,"sc":4,"lpe":99.44,"lpr":14966.36,"lq":1.0,"d":7937297},{"pi":"423367","pc":"Электроника","ss":100000,"td":"Центр города","dc":6,"n":425.07,"vc":"289386","sl":"Нормальный","sv":"135","p":66000.0,"q":15.41,"b":1.08,"ms":0.1,"wi":51.41,"ei":10.21,"as":485.24,"mi":"E","mv":137731,"sc":4,"lpe":99.44,"lpr":14966.36,"lq":1.0,"d":7937297},{"pi":"423367","pc":"Электроника","ss":212000,"td":"Фешенебельный район","dc":2,"n":80.79,"vc":"3358","sl":"Элитный","sv":"2","p":80000.0,"q":11.65,"b":1.08,"ms":0.0,"wi":51.41,"ei":10.21,"as":485.24,"mi":"E","mv":137731,"sc":4,"lpe":99.44,"lpr":14966.36,"lq":1.0,"d":7937297},{"pi":"423367","pc":"Электроника","ss":100000,"td":"Фешенебельный район","dc":6,"n":520.73,"vc":"115035","sl":"Очень высокий","sv":"33","p":59900.0,"q":15.41,"b":1.07,"ms":0.07,"wi":43.31,"ei":10.36,"as":626.48,"mi":"E","mv":44430,"sc":1,"lpe":99.93,"lpr":10914.96,"lq":1.0,"d":2913576},{"pi":"423367","pc":"Электроника","ss":1000,"td":"Центр города","dc":1,"n":417.27,"vc":"2502","sl":"Очень высокий","sv":"9","p":39000.0,"q":12.26,"b":1.53,"ms":0.23,"wi":55.2,"ei":6.35,"as":490.0,"mi":"E","mv":3832,"sc":1,"lpe":99.77,"lpr":9310.74,"lq":1.0,"d":200961},{"pi":"423367","pc":"Электроника","ss":10000,"td":"Фешенебельный район","dc":1,"n":536.88,"vc":"5031","sl":"Элитный","sv":"400","p":25000.0,"q":29.71,"b":4.18,"ms":8.44,"wi":64.71,"ei":6.05,"as":576.91,"mi":"E","mv":4738,"sc":1,"lpe":91.56,"lpr":8258.64,"lq":1.0,"d":459137},{"pi":"423367","pc":"Электроника","ss":1000,"td":"Центр города","dc":1,"n":383.55,"vc":"2520","sl":"Очень высокий","sv":"10","p":25000.0,"q":13.04,"b":1.56,"ms":0.14,"wi":26.96,"ei":5.07,"as":319.85,"mi":"E","mv":6929,"sc":1,"lpe":99.86,"lpr":4972.54,"lq":1.0,"d":708233},{"pi":"423367","pc":"Электроника","ss":1000,"td":"Фешенебельный район","dc":1,"n":482.34,"vc":"1164","sl":"Элитный","sv":"800","p":16000.0,"q":29.71,"b":4.69,"ms":7.09,"wi":42.65,"ei":7.51,"as":296.6,"mi":"E","mv":11289,"sc":2,"lpe":92.48,"lpr":4917.05,"lq":1.0,"d":854206},{"pi":"423367","pc":"Электроника","ss":1000,"td":"Фешенебельный район","dc":1,"n":457.1,"vc":"1010","sl":"Элитный","sv":"49","p":13748.0,"q":15.66,"b":4.32,"ms":0.43,"wi":42.65,"ei":7.51,"as":296.6,"mi":"E","mv":11289,"sc":2,"lpe":92.48,"lpr":4917.05,"lq":1.0,"d":854206},{"pi":"423367","pc":"Электроника","ss":100000,"td":"Фешенебельный район","dc":4,"n":615.1,"vc":"119520","sl":"Очень высокий","sv":"199","p":66600.0,"q":15.41,"b":2.19,"ms":1.55,"wi":39.2,"ei":7.73,"as":341.7,"mi":"E","mv":12836,"sc":3,"lpe":96.91,"lpr":9672.2,"lq":1.0,"d":996840},{"pi":"423367","pc":"Электроника","ss":3000,"td":"Центр города","dc":1,"n":331.5,"vc":"7412","sl":"Очень высокий","sv":"134","p":49000.0,"q":15.4,"b":2.19,"ms":1.04,"wi":39.2,"ei":7.73,"as":341.7,"mi":"E","mv":12836,"sc":3,"lpe":96.91,"lpr":9672.2,"lq":1.0,"d":996840},{"pi":"423367","pc":"Электроника","ss":100000,"td":"Фешенебельный район","dc":7,"n":632.78,"vc":"141676","sl":"Высокий","sv":"63","p":66000.0,"q":15.4,"b":2.19,"ms":0.49,"wi":39.2,"ei":7.73,"as":341.7,"mi":"E","mv":12836,"sc":3,"lpe":96.91,"lpr":9672.2,"lq":1.0,"d":996840},{"pi":"423367","pc":"Электроника","ss":100000,"td":"Фешенебельный район","dc":5,"n":637.62,"vc":"137337","sl":"Очень высокий","sv":"906","p":66000.0,"q":15.4,"b":2.19,"ms":9.06,"wi":52.91,"ei":9.63,"as":496.97,"mi":"E","mv":10000,"sc":1,"lpe":90.94,"lpr":12516.84,"lq":1.0,"d":819904},{"pi":"423367","pc":"Электроника","ss":100000,"td":"Фешенебельный район","dc":1,"n":441.95,"vc":"43340","sl":"Элитный","sv":"1000","p":45000.0,"q":29.71,"b":3.98,"ms":3.52,"wi":49.96,"ei":7.81,"as":400.0,"mi":"E","mv":28374,"sc":1,"lpe":96.48,"lpr":14078.81,"lq":1.0,"d":1560098},{"pi":"423367","pc":"Электроника","ss":1000,"td":"Центр города","dc":1,"n":467.98,"vc":"2617","sl":"Очень высокий","sv":"1","p":45000.0,"q":12.2,"b":1.53,"ms":0.06,"wi":54.25,"ei":5.98,"as":460.0,"mi":"E","mv":1807,"sc":1,"lpe":99.94,"lpr":9492.25,"lq":1.0,"d":104429},{"pi":"423367","pc":"Электроника","ss":1000,"td":"Фешенебельный район","dc":1,"n":484.21,"vc":"778","sl":"Элитный","sv":"284","p":40000.0,"q":29.03,"b":4.71,"ms":2.69,"wi":47.92,"ei":6.7,"as":411.38,"mi":"E","mv":10541,"sc":2,"lpe":97.21,"lpr":7827.3,"lq":1.0,"d":1145586},{"pi":"423367","pc":"Электроника","ss":1000,"td":"Центр города","dc":1,"n":354.37,"vc":"2493","sl":"Очень высокий","sv":"10","p":22000.0,"q":13.04,"b":1.51,"ms":0.09,"wi":47.92,"ei":6.7,"as":411.38,"mi":"E","mv":10541,"sc":2,"lpe":97.21,"lpr":7827.3,"lq":1.0,"d":1145586},{"pi":"423367","pc":"Электроника","ss":100000,"td":"Фешенебельный район","dc":1,"n":469.19,"vc":"28015","sl":"Элитный","sv":"1000","p":20000.0,"q":29.71,"b":4.56,"ms":7.96,"wi":46.42,"ei":7.3,"as":627.02,"mi":"E","mv":12567,"sc":2,"lpe":91.96,"lpr":4293.22,"lq":1.0,"d":802170},{"pi":"423367","pc":"Электроника","ss":100000,"td":"Фешенебельный район","dc":10,"n":340.93,"vc":"8161","sl":"Элитный","sv":"10","p":20000.0,"q":12.99,"b":1.76,"ms":0.08,"wi":46.42,"ei":7.3,"as":627.02,"mi":"E","mv":12567,"sc":2,"lpe":91.96,"lpr":4293.22,"lq":1.0,"d":802170},{"pi":"423367","pc":"Электроника","ss":100000,"td":"Центр города","dc":10,"n":387.8,"vc":"66546","sl":"Очень высокий","sv":"10","p":25000.0,"q":12.99,"b":1.76,"ms":0.17,"wi":31.84,"ei":7.85,"as":603.38,"mi":"E","mv":6052,"sc":1,"lpe":99.83,"lpr":5969.13,"lq":1.0,"d":416978},{"pi":"423367","pc":"Электроника","ss":100000,"td":"Фешенебельный район","dc":10,"n":438.22,"vc":"12603","sl":"Элитный","sv":"10","p":30000.0,"q":12.99,"b":1.76,"ms":0.39,"wi":43.58,"ei":8.27,"as":775.21,"mi":"E","mv":2535,"sc":1,"lpe":99.61,"lpr":11817.89,"lq":1.0,"d":203598},{"pi":"423367","pc":"Электроника","ss":100000,"td":"Центр города","dc":6,"n":584.96,"vc":"620141","sl":"Низкий","sv":"169","p":63300.0,"q":15.4,"b":1.99,"ms":1.23,"wi":56.89,"ei":9.91,"as":1255.43,"mi":"E","mv":13701,"sc":1,"lpe":98.77,"lpr":14647.57,"lq":1.0,"d":866377},{"pi":"423367","pc":"Электроника","ss":100000,"td":"Фешенебельный район","dc":1,"n":499.31,"vc":"32362","sl":"Элитный","sv":"758","p":45000.0,"q":29.47,"b":4.41,"ms":5.13,"wi":52.44,"ei":7.07,"as":916.68,"mi":"E","mv":14762,"sc":1,"lpe":94.87,"lpr":8351.25,"lq":1.0,"d":810776},{"pi":"423367","pc":"Электроника","ss":100000,"td":"Фешенебельный район","dc":9,"n":695.69,"vc":"145140","sl":"Нормальный","sv":"92","p":59900.0,"q":15.4,"b":2.12,"ms":3.35,"wi":45.3,"ei":5.78,"as":429.76,"mi":"E","mv":2746,"sc":2,"lpe":95.45,"lpr":9361.84,"lq":1.0,"d":147418},{"pi":"423367","pc":"Электроника","ss":100000,"td":"Фешенебельный район","dc":8,"n":694.88,"vc":"144022","sl":"Высокий","sv":"33","p":59900.0,"q":15.41,"b":2.12,"ms":1.2,"wi":45.3,"ei":5.78,"as":429.76,"mi":"E","mv":2746,"sc":2,"lpe":95.45,"lpr":9361.84,"lq":1.0,"d":147418},{"pi":"423367","pc":"Электроника","ss":10000,"td":"Центр города","dc":1,"n":458.64,"vc":"51225","sl":"Очень высокий","sv":"1789","p":32140.0,"q":32.09,"b":0.0,"ms":2.4,"wi":49.0,"ei":9.22,"as":582.17,"mi":"E","mv":74518,"sc":2,"lpe":97.6,"lpr":8837.63,"lq":1.0,"d":4670247},{"pi":"423367","pc":"Электроника","ss":10000,"td":"Центр города","dc":1,"n":338.55,"vc":"21076","sl":"Элитный","sv":"1","p":50000.0,"q":18.22,"b":2.08,"ms":0.0,"wi":49.0,"ei":9.22,"as":582.17,"mi":"E","mv":74518,"sc":2,"lpe":97.6,"lpr":8837.63,"lq":1.0,"d":4670247},{"pi":"423367","pc":"Электроника","ss":100000,"td":"Центр города","dc":10,"n":417.97,"vc":"75810","sl":"Низкий","sv":"200","p":30000.0,"q":13.04,"b":1.97,"ms":4.68,"wi":35.6,"ei":4.5,"as":498.36,"mi":"E","mv":4271,"sc":1,"lpe":95.32,"lpr":8165.09,"lq":1.0,"d":295646},{"pi":"423367","pc":"Электроника","ss":100000,"td":"Фешенебельный район","dc":10,"n":419.29,"vc":"11439","sl":"Очень высокий","sv":"105","p":30000.0,"q":12.87,"b":1.97,"ms":2.56,"wi":35.06,"ei":4.73,"as":569.04,"mi":"E","mv":4096,"sc":1,"lpe":97.44,"lpr":5902.51,"lq":1.0,"d":432432},{"pi":"423367","pc":"Электроника","ss":100000,"td":"Центр города","dc":1,"n":705.14,"vc":"1614236","sl":"Нормальный","sv":"783","p":32577.28,"q":16.09,"b":0.0,"ms":9.86,"wi":56.96,"ei":9.3,"as":1427.81,"mi":"E","mv":7938,"sc":2,"lpe":89.14,"lpr":9226.88,"lq":3.06,"d":571745},{"pi":"423367","pc":"Электроника","ss":10000,"td":"Спальный район","dc":1,"n":250.74,"vc":"3041","sl":"Элитный","sv":"79","p":25000.0,"q":12.87,"b":1.56,"ms":1.0,"wi":56.96,"ei":9.3,"as":1427.81,"mi":"E","mv":7938,"sc":2,"lpe":89.14,"lpr":9226.88,"lq":3.06,"d":571745},{"pi":"423367","pc":"Электроника","ss":100000,"td":"Фешенебельный район","dc":1,"n":643.42,"vc":"241282","sl":"Элитный","sv":"3000","p":42680.0,"q":32.09,"b":0.4,"ms":6.42,"wi":48.22,"ei":8.14,"as":550.51,"mi":"E","mv":46740,"sc":1,"lpe":93.58,"lpr":8379.07,"lq":1.0,"d":2647357},{"pi":"423367","pc":"Электроника","ss":100000,"td":"Фешенебельный район","dc":10,"n":424.83,"vc":"11774","sl":"Элитный","sv":"10","p":30000.0,"q":12.99,"b":1.76,"ms":0.31,"wi":31.66,"ei":6.14,"as":589.01,"mi":"E","mv":3236,"sc":1,"lpe":99.69,"lpr":6159.76,"lq":1.0,"d":231572},{"pi":"423367","pc":"Электроника","ss":100000,"td":"Центр города","dc":10,"n":453.74,"vc":"89641","sl":"Низкий","sv":"10","p":15000.0,"q":13.04,"b":1.76,"ms":0.42,"wi":29.33,"ei":5.65,"as":482.15,"mi":"E","mv":2368,"sc":1,"lpe":99.58,"lpr":5930.71,"lq":1.0,"d":205748},{"pi":"423367","pc":"Электроника","ss":100000,"td":"Центр города","dc":10,"n":495.84,"vc":"109118","sl":"Низкий","sv":"61","p":22000.0,"q":12.91,"b":1.97,"ms":5.0,"wi":25.74,"ei":5.81,"as":645.13,"mi":"E","mv":1219,"sc":1,"lpe":95.0,"lpr":4284.27,"lq":1.0,"d":103071},{"pi":"423367","pc":"Электроника","ss":100000,"td":"Фешенебельный район","dc":1,"n":418.78,"vc":"27410","sl":"Элитный","sv":"2528","p":28000.0,"q":29.57,"b":3.64,"ms":5.29,"wi":50.26,"ei":6.95,"as":515.94,"mi":"E","mv":47776,"sc":1,"lpe":94.71,"lpr":8575.14,"lq":1.0,"d":2536304},{"pi":"423367","pc":"Электроника","ss":100000,"td":"Центр города","dc":10,"n":555.03,"vc":"298368","sl":"Низкий","sv":"384","p":30000.0,"q":12.55,"b":1.97,"ms":8.98,"wi":42.93,"ei":6.8,"as":569.12,"mi":"E","mv":4278,"sc":1,"lpe":91.02,"lpr":6450.38,"lq":1.0,"d":493446},{"pi":"423367","pc":"Электроника","ss":100000,"td":"Центр города","dc":2,"n":461.45,"vc":"611008","sl":"Высокий","sv":"5","p":30000.0,"q":12.69,"b":0.0,"ms":0.0,"wi":42.0,"ei":7.38,"as":569.58,"mi":"E","mv":112273,"sc":1,"lpe":100.0,"lpr":7948.93,"lq":1.0,"d":7759910},{"pi":"423367","pc":"Электроника","ss":1000,"td":"Фешенебельный район","dc":2,"n":68.26,"vc":"231","sl":"Элитный","sv":"1","p":53000.0,"q":14.71,"b":0.0,"ms":0.0,"wi":45.82,"ei":8.65,"as":615.72,"mi":"E","mv":175540,"sc":1,"lpe":100.0,"lpr":20718.37,"lq":1.0,"d":13814734},{"pi":"423367","pc":"Электроника","ss":100000,"td":"Центр города","dc":1,"n":450.35,"vc":"169853","sl":"Элитный","sv":"500","p":50000.0,"q":29.71,"b":4.38,"ms":3.07,"wi":46.17,"ei":6.95,"as":452.93,"mi":"E","mv":16292,"sc":1,"lpe":96.93,"lpr":13965.26,"lq":1.0,"d":1133084},{"pi":"423367","pc":"Электроника","ss":100000,"td":"Фешенебельный район","dc":10,"n":367.7,"vc":"9114","sl":"Элитный","sv":"400","p":35000.0,"q":13.04,"b":1.97,"ms":4.46,"wi":44.49,"ei":6.0,"as":520.55,"mi":"E","mv":8961,"sc":1,"lpe":95.54,"lpr":12869.9,"lq":1.0,"d":636296},{"pi":"423367","pc":"Электроника","ss":100000,"td":"Центр города","dc":10,"n":614.25,"vc":"386750","sl":"Низкий","sv":"100","p":50000.0,"q":13.04,"b":1.41,"ms":4.52,"wi":52.18,"ei":6.76,"as":1256.54,"mi":"E","mv":2211,"sc":1,"lpe":95.48,"lpr":40253.95,"lq":1.0,"d":3053989},{"pi":"423367","pc":"Электроника","ss":1000,"td":"Фешенебельный район","dc":1,"n":602.18,"vc":"912","sl":"Элитный","sv":"99","p":30000.0,"q":13.04,"b":2.1,"ms":4.45,"wi":67.38,"ei":9.06,"as":1685.29,"mi":"E","mv":2224,"sc":1,"lpe":95.55,"lpr":16768.96,"lq":1.0,"d":129256},{"pi":"423367","pc":"Электроника","ss":1000,"td":"Фешенебельный район","dc":1,"n":547.95,"vc":"421","sl":"Элитный","sv":"1","p":20000.0,"q":13.04,"b":2.1,"ms":0.15,"wi":30.87,"ei":8.3,"as":910.0,"mi":"E","mv":679,"sc":1,"lpe":99.85,"lpr":5333.71,"lq":1.0,"d":136152},{"pi":"423367","pc":"Электроника","ss":100000,"td":"Фешенебельный район","dc":10,"n":424.4,"vc":"11770","sl":"Элитный","sv":"100","p":30000.0,"q":13.04,"b":1.41,"ms":3.1,"wi":38.34,"ei":6.13,"as":1028.6,"mi":"E","mv":3231,"sc":1,"lpe":96.9,"lpr":12028.9,"lq":1.0,"d":605360},{"pi":"423367","pc":"Электроника","ss":100000,"td":"Фешенебельный район","dc":1,"n":393.45,"vc":"19828","sl":"Элитный","sv":"1000","p":25000.0,"q":29.71,"b":3.81,"ms":2.81,"wi":41.94,"ei":6.52,"as":288.14,"mi":"E","mv":35616,"sc":1,"lpe":97.19,"lpr":10271.77,"lq":1.0,"d":2083537},{"pi":"423367","pc":"Электроника","ss":100000,"td":"Фешенебельный район","dc":10,"n":402.94,"vc":"10657","sl":"Элитный","sv":"100","p":35000.0,"q":13.04,"b":1.41,"ms":2.02,"wi":42.01,"ei":5.96,"as":840.23,"mi":"E","mv":4952,"sc":1,"lpe":97.98,"lpr":11711.7,"lq":1.0,"d":374855},{"pi":"423367","pc":"Электроника","ss":100000,"td":"Центр города","dc":10,"n":291.79,"vc":"44817","sl":"Элитный","sv":"1000","p":45000.0,"q":13.04,"b":1.41,"ms":4.55,"wi":58.06,"ei":9.31,"as":842.54,"mi":"E","mv":21979,"sc":1,"lpe":95.45,"lpr":26791.32,"lq":1.0,"d":2290569},{"pi":"423367","pc":"Электроника","ss":100000,"td":"Центр города","dc":6,"n":398.3,"vc":"69644","sl":"Очень высокий","sv":"70","p":40000.0,"q":12.9,"b":1.46,"ms":1.92,"wi":126.3,"ei":8.15,"as":586.4,"mi":"E","mv":3639,"sc":1,"lpe":98.08,"lpr":12457.61,"lq":1.0,"d":282934},{"pi":"423367","pc":"Электроника","ss":10000,"td":"Центр города","dc":10,"n":707.28,"vc":"22351","sl":"Низкий","sv":"10","p":250000.0,"q":13.02,"b":4.35,"ms":8.0,"wi":86.62,"ei":11.59,"as":6064.68,"mi":"E","mv":125,"sc":1,"lpe":92.0,"lpr":76668.83,"lq":1.0,"d":65057},{"pi":"423367","pc":"Электроника","ss":100000,"td":"Фешенебельный район","dc":10,"n":483.02,"vc":"31376","sl":"Элитный","sv":"3","p":30000.0,"q":13.04,"b":1.66,"ms":0.03,"wi":36.34,"ei":9.04,"as":527.45,"mi":"E","mv":9848,"sc":1,"lpe":99.97,"lpr":6229.94,"lq":1.0,"d":759496},{"pi":"423367","pc":"Электроника","ss":100000,"td":"Центр города","dc":1,"n":411.12,"vc":"364764","sl":"Элитный","sv":"5000","p":50000.0,"q":29.71,"b":3.72,"ms":3.74,"wi":50.69,"ei":6.73,"as":559.13,"mi":"E","mv":133588,"sc":1,"lpe":96.26,"lpr":14284.92,"lq":1.0,"d":7083090},{"pi":"423367","pc":"Электроника","ss":1000,"td":"Фешенебельный район","dc":1,"n":462.08,"vc":"765","sl":"Элитный","sv":"500","p":22000.0,"q":29.71,"b":4.49,"ms":3.47,"wi":40.31,"ei":7.5,"as":560.75,"mi":"E","mv":14414,"sc":2,"lpe":96.46,"lpr":8953.65,"lq":1.0,"d":1824510},{"pi":"423367","pc":"Электроника","ss":1000,"td":"Центр города","dc":1,"n":334.35,"vc":"2482","sl":"Очень высокий","sv":"10","p":26000.0,"q":13.04,"b":1.52,"ms":0.07,"wi":40.31,"ei":7.5,"as":560.75,"mi":"E","mv":14414,"sc":2,"lpe":96.46,"lpr":8953.65,"lq":1.0,"d":1824510},{"pi":"423367","pc":"Электроника","ss":500,"td":"Фешенебельный район","dc":1,"n":45.13,"vc":"81","sl":"Элитный","sv":"1","p":49000.0,"q":14.96,"b":0.0,"ms":0.01,"wi":58.07,"ei":7.31,"as":1434.5,"mi":"E","mv":15646,"sc":1,"lpe":99.99,"lpr":10407.96,"lq":1.0,"d":939107},{"pi":"423367","pc":"Электроника","ss":100000,"td":"Фешенебельный район","dc":5,"n":564.11,"vc":"102435","sl":"Очень высокий","sv":"133","p":63300.0,"q":15.41,"b":1.71,"ms":0.41,"wi":39.35,"ei":9.4,"as":334.63,"mi":"E","mv":32435,"sc":2,"lpe":99.56,"lpr":10471.05,"lq":1.0,"d":2510311},{"pi":"423367","pc":"Электроника","ss":100000,"td":"Фешенебельный район","dc":10,"n":275.73,"vc":"6400","sl":"Элитный","sv":"10","p":30000.0,"q":13.04,"b":1.33,"ms":0.03,"wi":39.35,"ei":9.4,"as":334.63,"mi":"E","mv":32435,"sc":2,"lpe":99.56,"lpr":10471.05,"lq":1.0,"d":2510311},{"pi":"423367","pc":"Электроника","ss":100000,"td":"Фешенебельный район","dc":5,"n":590.77,"vc":"106616","sl":"Очень высокий","sv":"266","p":66600.0,"q":15.41,"b":1.71,"ms":1.64,"wi":42.4,"ei":7.94,"as":312.84,"mi":"E","mv":16190,"sc":1,"lpe":98.36,"lpr":11100.88,"lq":1.0,"d":1090586},{"pi":"423367","pc":"Электроника","ss":100000,"td":"Центр города","dc":5,"n":590.02,"vc":"674201","sl":"Низкий","sv":"174","p":63300.0,"q":15.4,"b":1.71,"ms":1.24,"wi":44.11,"ei":8.36,"as":342.3,"mi":"E","mv":14025,"sc":1,"lpe":98.76,"lpr":11594.94,"lq":1.0,"d":1081774},{"pi":"423367","pc":"Электроника","ss":100000,"td":"Центр города","dc":1,"n":473.62,"vc":"172995","sl":"Элитный","sv":"2722","p":21330.0,"q":32.09,"b":3.41,"ms":10.24,"wi":52.25,"ei":7.93,"as":1157.31,"mi":"E","mv":26592,"sc":2,"lpe":79.61,"lpr":5583.4,"lq":1.74,"d":1631714},{"pi":"423367","pc":"Электроника","ss":100000,"td":"Центр города","dc":1,"n":517.53,"vc":"263874","sl":"Элитный","sv":"2700","p":21870.0,"q":32.09,"b":3.41,"ms":10.15,"wi":52.25,"ei":7.93,"as":1157.31,"mi":"E","mv":26592,"sc":2,"lpe":79.61,"lpr":5583.4,"lq":1.74,"d":1631714},{"pi":"423367","pc":"Электроника","ss":100000,"td":"Центр города","dc":1,"n":426.16,"vc":"180074","sl":"Элитный","sv":"2000","p":70000.0,"q":29.71,"b":3.68,"ms":4.31,"wi":53.75,"ei":9.53,"as":1662.81,"mi":"E","mv":46375,"sc":1,"lpe":95.69,"lpr":24506.1,"lq":1.0,"d":2620393},{"pi":"423367","pc":"Электроника","ss":100000,"td":"Центр города","dc":1,"n":452.71,"vc":"409834","sl":"Элитный","sv":"4136","p":47650.0,"q":32.09,"b":3.41,"ms":2.58,"wi":61.12,"ei":10.04,"as":1836.76,"mi":"E","mv":160157,"sc":4,"lpe":91.72,"lpr":13727.17,"lq":1.06,"d":10036968},{"pi":"423367","pc":"Электроника","ss":100000,"td":"Центр города","dc":1,"n":460.16,"vc":"440237","sl":"Элитный","sv":"4114","p":47990.0,"q":32.09,"b":3.41,"ms":2.57,"wi":61.12,"ei":10.04,"as":1836.76,"mi":"E","mv":160157,"sc":4,"lpe":91.72,"lpr":13727.17,"lq":1.06,"d":10036968},{"pi":"423367","pc":"Электроника","ss":100000,"td":"Фешенебельный район","dc":1,"n":411.94,"vc":"62306","sl":"Элитный","sv":"3000","p":40000.0,"q":29.71,"b":2.97,"ms":1.87,"wi":61.12,"ei":10.04,"as":1836.76,"mi":"E","mv":160157,"sc":4,"lpe":91.72,"lpr":13727.17,"lq":1.06,"d":10036968},{"pi":"423367","pc":"Электроника","ss":300000,"td":"Центр города","dc":1,"n":600.43,"vc":"5776708","sl":"Нормальный","sv":"2006","p":45555.0,"q":16.28,"b":0.0,"ms":1.25,"wi":61.12,"ei":10.04,"as":1836.76,"mi":"E","mv":160157,"sc":4,"lpe":91.72,"lpr":13727.17,"lq":1.06,"d":10036968},{"pi":"423367","pc":"Электроника","ss":100000,"td":"Центр города","dc":3,"n":560.54,"vc":"1088240","sl":"Низкий","sv":"3","p":100000.0,"q":14.52,"b":0.0,"ms":0.01,"wi":82.59,"ei":9.35,"as":1210.0,"mi":"E","mv":49767,"sc":1,"lpe":99.99,"lpr":20556.46,"lq":1.0,"d":2652810},{"pi":"423367","pc":"Электроника","ss":100000,"td":"Центр города","dc":1,"n":471.43,"vc":"461785","sl":"Очень высокий","sv":"7000","p":44610.0,"q":32.08,"b":0.0,"ms":5.55,"wi":44.39,"ei":7.01,"as":718.34,"mi":"E","mv":126013,"sc":2,"lpe":92.62,"lpr":13662.12,"lq":1.0,"d":8441997},{"pi":"423367","pc":"Электроника","ss":100000,"td":"Фешенебельный район","dc":1,"n":434.0,"vc":"72498","sl":"Элитный","sv":"2305","p":55000.0,"q":29.44,"b":2.88,"ms":1.83,"wi":44.39,"ei":7.01,"as":718.34,"mi":"E","mv":126013,"sc":2,"lpe":92.62,"lpr":13662.12,"lq":1.0,"d":8441997},{"pi":"423367","pc":"Электроника","ss":100000,"td":"Фешенебельный район","dc":8,"n":490.79,"vc":"84728","sl":"Очень высокий","sv":"1499","p":66600.0,"q":15.41,"b":1.71,"ms":3.55,"wi":45.27,"ei":7.99,"as":473.94,"mi":"E","mv":42166,"sc":2,"lpe":96.42,"lpr":17252.28,"lq":1.0,"d":2768566},{"pi":"423367","pc":"Электроника","ss":100000,"td":"Центр города","dc":2,"n":590.09,"vc":"978363","sl":"Нормальный","sv":"10","p":100000.0,"q":13.96,"b":0.0,"ms":0.02,"wi":45.27,"ei":7.99,"as":473.94,"mi":"E","mv":42166,"sc":2,"lpe":96.42,"lpr":17252.28,"lq":1.0,"d":2768566},{"pi":"423367","pc":"Электроника","ss":100000,"td":"Фешенебельный район","dc":1,"n":458.38,"vc":"26869","sl":"Элитный","sv":"1000","p":18000.0,"q":29.71,"b":4.46,"ms":8.46,"wi":69.06,"ei":7.8,"as":520.63,"mi":"E","mv":11825,"sc":1,"lpe":91.54,"lpr":5110.36,"lq":1.0,"d":807231},{"pi":"423367","pc":"Электроника","ss":100000,"td":"Фешенебельный район","dc":10,"n":498.25,"vc":"33570","sl":"Очень высокий","sv":"100","p":20000.0,"q":13.04,"b":1.0,"ms":1.0,"wi":32.75,"ei":6.5,"as":299.77,"mi":"E","mv":9989,"sc":1,"lpe":99.0,"lpr":8695.3,"lq":1.0,"d":684835},{"pi":"423367","pc":"Электроника","ss":100000,"td":"Фешенебельный район","dc":10,"n":365.16,"vc":"9004","sl":"Элитный","sv":"100","p":35000.0,"q":13.04,"b":1.0,"ms":1.0,"wi":27.99,"ei":7.0,"as":315.92,"mi":"E","mv":10028,"sc":1,"lpe":99.0,"lpr":7594.09,"lq":1.0,"d":663580},{"pi":"423367","pc":"Электроника","ss":100000,"td":"Фешенебельный район","dc":10,"n":234.64,"vc":"5494","sl":"Элитный","sv":"151","p":40000.0,"q":12.78,"b":1.0,"ms":0.2,"wi":36.51,"ei":11.81,"as":423.34,"mi":"E","mv":74047,"sc":1,"lpe":99.8,"lpr":9370.24,"lq":1.0,"d":4332128},{"pi":"423367","pc":"Электроника","ss":100000,"td":"Центр города","dc":1,"n":436.24,"vc":"202872","sl":"Элитный","sv":"1000","p":60000.0,"q":29.71,"b":4.18,"ms":2.68,"wi":56.35,"ei":7.93,"as":544.55,"mi":"E","mv":37370,"sc":1,"lpe":97.32,"lpr":21143.77,"lq":1.0,"d":2116572},{"pi":"423367","pc":"Электроника","ss":100000,"td":"Центр города","dc":1,"n":464.43,"vc":"200620","sl":"Элитный","sv":"1200","p":50000.0,"q":29.71,"b":4.18,"ms":6.98,"wi":56.86,"ei":4.0,"as":372.8,"mi":"E","mv":17190,"sc":1,"lpe":93.02,"lpr":20211.97,"lq":1.0,"d":945000},{"pi":"423367","pc":"Электроника","ss":10000,"td":"Фешенебельный район","dc":1,"n":336.82,"vc":"6864","sl":"Элитный","sv":"75","p":45000.0,"q":15.4,"b":0.0,"ms":0.04,"wi":31.78,"ei":10.87,"as":249.98,"mi":"E","mv":208805,"sc":1,"lpe":99.96,"lpr":8573.71,"lq":1.0,"d":13934474},{"pi":"423367","pc":"Электроника","ss":100000,"td":"Центр города","dc":1,"n":469.34,"vc":"282594","sl":"Элитный","sv":"500","p":34200.0,"q":32.09,"b":0.0,"ms":1.54,"wi":38.6,"ei":13.88,"as":516.05,"mi":"E","mv":32516,"sc":1,"lpe":98.46,"lpr":7598.76,"lq":1.0,"d":2197796},{"pi":"423367","pc":"Электроника","ss":100000,"td":"Центр города","dc":1,"n":491.93,"vc":"317311","sl":"Элитный","sv":"1000","p":30900.0,"q":32.09,"b":0.0,"ms":4.8,"wi":38.02,"ei":10.94,"as":518.2,"mi":"E","mv":20834,"sc":1,"lpe":95.2,"lpr":7746.65,"lq":1.0,"d":1858919},{"pi":"423367","pc":"Электроника","ss":100000,"td":"Центр города","dc":6,"n":484.53,"vc":"102241","sl":"Нормальный","sv":"1","p":40000.0,"q":13.04,"b":1.09,"ms":0.08,"wi":31.13,"ei":3.23,"as":1295.98,"mi":"E","mv":1333,"sc":1,"lpe":99.92,"lpr":18304.04,"lq":1.0,"d":541411},{"pi":"423367","pc":"Электроника","ss":10000,"td":"Центр города","dc":7,"n":359.19,"vc":"24527","sl":"Низкий","sv":"1","p":46600.0,"q":13.06,"b":1.21,"ms":0.0,"wi":37.12,"ei":8.72,"as":437.31,"mi":"E","mv":75236,"sc":1,"lpe":100.0,"lpr":9099.52,"lq":1.0,"d":4656807},{"pi":"423367","pc":"Электроника","ss":100000,"td":"Центр города","dc":1,"n":476.68,"vc":"193422","sl":"Элитный","sv":"1000","p":40000.0,"q":29.71,"b":4.64,"ms":10.18,"wi":46.81,"ei":6.6,"as":569.37,"mi":"E","mv":9821,"sc":1,"lpe":89.82,"lpr":8525.49,"lq":2.82,"d":608062},{"pi":"423367","pc":"Электроника","ss":1000,"td":"Фешенебельный район","dc":1,"n":484.7,"vc":"1178","sl":"Элитный","sv":"500","p":20000.0,"q":29.71,"b":4.74,"ms":2.15,"wi":133.49,"ei":10.37,"as":577.09,"mi":"E","mv":23227,"sc":1,"lpe":97.85,"lpr":6838.74,"lq":1.0,"d":1180995},{"pi":"423367","pc":"Электроника","ss":1000,"td":"Фешенебельный район","dc":1,"n":494.92,"vc":"791","sl":"Элитный","sv":"500","p":42000.0,"q":29.71,"b":4.74,"ms":7.81,"wi":119.48,"ei":10.56,"as":647.33,"mi":"E","mv":6404,"sc":1,"lpe":92.19,"lpr":15953.88,"lq":1.0,"d":749064},{"pi":"423367","pc":"Электроника","ss":1000,"td":"Фешенебельный район","dc":1,"n":450.11,"vc":"765","sl":"Элитный","sv":"1200","p":35000.0,"q":29.71,"b":4.74,"ms":7.67,"wi":258.41,"ei":9.91,"as":720.18,"mi":"E","mv":15647,"sc":3,"lpe":91.59,"lpr":13132.48,"lq":1.0,"d":1127008},{"pi":"423367","pc":"Электроника","ss":1000,"td":"Центр города","dc":1,"n":322.7,"vc":"2488","sl":"Очень высокий","sv":"100","p":35000.0,"q":13.04,"b":1.46,"ms":0.64,"wi":258.41,"ei":9.91,"as":720.18,"mi":"E","mv":15647,"sc":3,"lpe":91.59,"lpr":13132.48,"lq":1.0,"d":1127008},{"pi":"423367","pc":"Электроника","ss":1000,"td":"Фешенебельный район","dc":3,"n":611.27,"vc":"2848","sl":"Низкий","sv":"16","p":63300.0,"q":15.4,"b":2.02,"ms":0.1,"wi":258.41,"ei":9.91,"as":720.18,"mi":"E","mv":15647,"sc":3,"lpe":91.59,"lpr":13132.48,"lq":1.0,"d":1127008},{"pi":"423367","pc":"Электроника","ss":1000,"td":"Фешенебельный район","dc":1,"n":529.35,"vc":"815","sl":"Элитный","sv":"163","p":40000.0,"q":29.03,"b":4.74,"ms":3.94,"wi":84.23,"ei":8.99,"as":617.98,"mi":"E","mv":4132,"sc":1,"lpe":96.06,"lpr":8045.65,"lq":1.0,"d":511712},{"pi":"423367","pc":"Электроника","ss":100000,"td":"Фешенебельный район","dc":7,"n":678.8,"vc":"162702","sl":"Высокий","sv":"294","p":63300.0,"q":15.4,"b":2.55,"ms":4.97,"wi":50.53,"ei":5.07,"as":376.02,"mi":"E","mv":5916,"sc":1,"lpe":95.03,"lpr":10610.66,"lq":1.0,"d":324904}]