[{"pi":"422212","pc":"Электроника","ss":10000,"td":"Центр города","dc":1,"n":416.46,"vc":"13724","sl":"Очень высокий","sv":"100","p":8800.0,"q":13.4,"b":1.34,"ms":0.42,"wi":60.1,"ei":6.0,"as":396.0,"mi":"E","mv":23591,"sc":1,"lpe":99.58,"lpr":3143.58,"lq":1.0,"d":264316},{"pi":"422212","pc":"Электроника","ss":10000,"td":"Спальный район","dc":2,"n":421.29,"vc":"21689","sl":"Очень высокий","sv":"10","p":8200.0,"q":13.4,"b":0.0,"ms":0.01,"wi":62.72,"ei":7.0,"as":1148.0,"mi":"E","mv":182469,"sc":1,"lpe":99.99,"lpr":3532.11,"lq":1.0,"d":2007074},{"pi":"422212","pc":"Электроника","ss":10000,"td":"Центр города","dc":2,"n":424.1,"vc":"25260","sl":"Очень высокий","sv":"5","p":8000.0,"q":13.4,"b":0.0,"ms":0.0,"wi":56.61,"ei":7.0,"as":1036.07,"mi":"E","mv":100179,"sc":1,"lpe":100.0,"lpr":3370.7,"lq":1.0,"d":1285176},{"pi":"422212","pc":"Электроника","ss":20000,"td":"Окраина","dc":6,"n":345.93,"vc":"11404","sl":"Очень высокий","sv":"20","p":9200.0,"q":13.4,"b":0.43,"ms":0.06,"wi":49.39,"ei":7.0,"as":1230.33,"mi":"E","mv":31294,"sc":1,"lpe":99.94,"lpr":4005.12,"lq":1.0,"d":781464},{"pi":"422212","pc":"Электроника","ss":23200,"td":"Центр города","dc":1,"n":399.48,"vc":"69153","sl":"Элитный","sv":"1572","p":13000.0,"q":12.93,"b":3.86,"ms":0.91,"wi":58.91,"ei":7.0,"as":1299.6,"mi":"E","mv":173494,"sc":4,"lpe":97.67,"lpr":3947.71,"lq":1.0,"d":2111474},{"pi":"422212","pc":"Электроника","ss":100000,"td":"Фешенебельный район","dc":2,"n":596.47,"vc":"141929","sl":"Элитный","sv":"1410","p":25000.0,"q":12.16,"b":0.0,"ms":0.81,"wi":58.91,"ei":7.0,"as":1299.6,"mi":"E","mv":173494,"sc":4,"lpe":97.67,"lpr":3947.71,"lq":1.0,"d":2111474},{"pi":"422212","pc":"Электроника","ss":20000,"td":"Центр города","dc":2,"n":390.32,"vc":"57602","sl":"Очень высокий","sv":"1000","p":11000.0,"q":15.98,"b":1.77,"ms":0.58,"wi":58.91,"ei":7.0,"as":1299.6,"mi":"E","mv":173494,"sc":4,"lpe":97.67,"lpr":3947.71,"lq":1.0,"d":2111474},{"pi":"422212","pc":"Электроника","ss":10000,"td":"Центр города","dc":2,"n":284.47,"vc":"10701","sl":"Элитный","sv":"60","p":9300.0,"q":13.4,"b":0.43,"ms":0.03,"wi":58.91,"ei":7.0,"as":1299.6,"mi":"E","mv":173494,"sc":4,"lpe":97.67,"lpr":3947.71,"lq":1.0,"d":2111474},{"pi":"422212","pc":"Электроника","ss":50000,"td":"Центр города","dc":1,"n":343.34,"vc":"125547","sl":"Элитный","sv":"3912","p":35000.0,"q":11.59,"b":2.89,"ms":0.93,"wi":79.78,"ei":9.46,"as":2502.0,"mi":"E","mv":422757,"sc":12,"lpe":95.24,"lpr":6281.47,"lq":1.0,"d":9185246},{"pi":"422212","pc":"Электроника","ss":30000,"td":"Центр города","dc":1,"n":294.4,"vc":"58060","sl":"Элитный","sv":"3038","p":13773.87,"q":6.67,"b":1.65,"ms":0.72,"wi":79.78,"ei":9.46,"as":2502.0,"mi":"E","mv":422757,"sc":12,"lpe":95.24,"lpr":6281.47,"lq":1.0,"d":9185246},{"pi":"422212","pc":"Электроника","ss":100000,"td":"Центр города","dc":1,"n":348.7,"vc":"146142","sl":"Элитный","sv":"2322","p":30000.0,"q":17.34,"b":1.89,"ms":0.55,"wi":79.78,"ei":9.46,"as":2502.0,"mi":"E","mv":422757,"sc":12,"lpe":95.24,"lpr":6281.47,"lq":1.0,"d":9185246},{"pi":"422212","pc":"Электроника","ss":100000,"td":"Центр города","dc":1,"n":299.1,"vc":"90701","sl":"Элитный","sv":"1846","p":20600.0,"q":15.74,"b":0.69,"ms":0.44,"wi":79.78,"ei":9.46,"as":2502.0,"mi":"E","mv":422757,"sc":12,"lpe":95.24,"lpr":6281.47,"lq":1.0,"d":9185246},{"pi":"422212","pc":"Электроника","ss":40000,"td":"Центр города","dc":2,"n":245.35,"vc":"45830","sl":"Элитный","sv":"1773","p":29000.0,"q":15.41,"b":0.0,"ms":0.42,"wi":79.78,"ei":9.46,"as":2502.0,"mi":"E","mv":422757,"sc":12,"lpe":95.24,"lpr":6281.47,"lq":1.0,"d":9185246},{"pi":"422212","pc":"Электроника","ss":100000,"td":"Центр города","dc":1,"n":294.94,"vc":"130719","sl":"Элитный","sv":"1551","p":30000.0,"q":16.46,"b":1.2,"ms":0.37,"wi":79.78,"ei":9.46,"as":2502.0,"mi":"E","mv":422757,"sc":12,"lpe":95.24,"lpr":6281.47,"lq":1.0,"d":9185246},{"pi":"422212","pc":"Электроника","ss":30000,"td":"Центр города","dc":1,"n":312.87,"vc":"67785","sl":"Элитный","sv":"1551","p":21000.0,"q":17.23,"b":1.42,"ms":0.37,"wi":79.78,"ei":9.46,"as":2502.0,"mi":"E","mv":422757,"sc":12,"lpe":95.24,"lpr":6281.47,"lq":1.0,"d":9185246},{"pi":"422212","pc":"Электроника","ss":100000,"td":"Спальный район","dc":1,"n":296.52,"vc":"66364","sl":"Элитный","sv":"1326","p":35099.0,"q":15.2,"b":1.86,"ms":0.31,"wi":79.78,"ei":9.46,"as":2502.0,"mi":"E","mv":422757,"sc":12,"lpe":95.24,"lpr":6281.47,"lq":1.0,"d":9185246},{"pi":"422212","pc":"Электроника","ss":190000,"td":"Спальный район","dc":3,"n":433.66,"vc":"430903","sl":"Очень высокий","sv":"1000","p":26000.0,"q":14.31,"b":0.13,"ms":0.24,"wi":79.78,"ei":9.46,"as":2502.0,"mi":"E","mv":422757,"sc":12,"lpe":95.24,"lpr":6281.47,"lq":1.0,"d":9185246},{"pi":"422212","pc":"Электроника","ss":30000,"td":"Центр города","dc":2,"n":321.18,"vc":"48451","sl":"Элитный","sv":"1000","p":25000.0,"q":15.48,"b":0.56,"ms":0.24,"wi":79.78,"ei":9.46,"as":2502.0,"mi":"E","mv":422757,"sc":12,"lpe":95.24,"lpr":6281.47,"lq":1.0,"d":9185246},{"pi":"422212","pc":"Электроника","ss":10000,"td":"Центр города","dc":1,"n":408.3,"vc":"13425","sl":"Элитный","sv":"10","p":6800.0,"q":13.4,"b":1.34,"ms":0.04,"wi":47.04,"ei":5.0,"as":323.0,"mi":"E","mv":26269,"sc":1,"lpe":99.96,"lpr":2196.75,"lq":1.0,"d":294868},{"pi":"422212","pc":"Электроника","ss":10000,"td":"Центр города","dc":1,"n":290.94,"vc":"10152","sl":"Элитный","sv":"100","p":8800.0,"q":13.4,"b":1.34,"ms":0.07,"wi":63.08,"ei":7.98,"as":479.0,"mi":"E","mv":144022,"sc":1,"lpe":99.93,"lpr":3106.44,"lq":1.0,"d":1584151},{"pi":"422212","pc":"Электроника","ss":20000,"td":"Центр города","dc":2,"n":392.37,"vc":"21496","sl":"Элитный","sv":"30","p":8900.0,"q":13.4,"b":1.58,"ms":0.11,"wi":61.17,"ei":7.54,"as":1230.25,"mi":"E","mv":27531,"sc":1,"lpe":99.89,"lpr":4101.8,"lq":1.0,"d":384017},{"pi":"422212","pc":"Электроника","ss":10000,"td":"Центр города","dc":1,"n":400.34,"vc":"23931","sl":"Элитный","sv":"3479","p":14500.0,"q":13.74,"b":0.0,"ms":2.1,"wi":65.52,"ei":7.0,"as":1059.0,"mi":"E","mv":165409,"sc":2,"lpe":97.89,"lpr":3342.81,"lq":1.0,"d":1819400},{"pi":"422212","pc":"Электроника","ss":10000,"td":"Спальный район","dc":2,"n":428.06,"vc":"22032","sl":"Очень высокий","sv":"5","p":8200.0,"q":13.4,"b":0.0,"ms":0.0,"wi":65.52,"ei":7.0,"as":1059.0,"mi":"E","mv":165409,"sc":2,"lpe":97.89,"lpr":3342.81,"lq":1.0,"d":1819400}]