[{"pi":"422549","pc":"Автомобильные товары","ss":21000,"td":"Центр города","dc":1,"n":216.56,"vc":"7846","sl":"Элитный","sv":"969","p":1800.0,"q":1.25,"b":2.08,"ms":2.05,"wi":37.95,"ei":7.19,"as":1002.4,"mi":"E","mv":47291,"sc":1,"lpe":97.95,"lpr":2030.15,"lq":1.0,"d":1111176},{"pi":"422549","pc":"Автомобильные товары","ss":23000,"td":"Центр города","dc":1,"n":393.73,"vc":"64416","sl":"Элитный","sv":"235","p":8000.0,"q":4.15,"b":0.0,"ms":0.13,"wi":62.72,"ei":7.0,"as":1148.0,"mi":"E","mv":182469,"sc":1,"lpe":99.87,"lpr":3107.91,"lq":1.0,"d":2007074},{"pi":"422549","pc":"Автомобильные товары","ss":80000,"td":"Центр города","dc":1,"n":472.18,"vc":"304798","sl":"Очень высокий","sv":"30","p":6500.0,"q":3.71,"b":0.0,"ms":0.02,"wi":55.87,"ei":7.0,"as":994.0,"mi":"E","mv":126073,"sc":1,"lpe":99.98,"lpr":2133.87,"lq":1.0,"d":1386711},{"pi":"422549","pc":"Автомобильные товары","ss":50000,"td":"Центр города","dc":1,"n":294.95,"vc":"81674","sl":"Элитный","sv":"18789","p":9000.0,"q":4.73,"b":0.0649528979722178,"ms":3.27,"wi":79.78,"ei":9.46,"as":2502.0,"mi":"E","mv":574600,"sc":16,"lpe":92.91,"lpr":5056.14,"lq":1.0,"d":9185246},{"pi":"422549","pc":"Автомобильные товары","ss":100000,"td":"Спальный район","dc":1,"n":326.27,"vc":"88338","sl":"Элитный","sv":"6284","p":13000.0,"q":12.55,"b":0.0,"ms":1.09,"wi":79.78,"ei":9.46,"as":2502.0,"mi":"E","mv":574600,"sc":16,"lpe":92.91,"lpr":5056.14,"lq":1.0,"d":9185246},{"pi":"422549","pc":"Автомобильные товары","ss":10000,"td":"Центр города","dc":1,"n":291.65,"vc":"28318","sl":"Элитный","sv":"4000","p":8000.0,"q":4.17,"b":0.0,"ms":0.7,"wi":79.78,"ei":9.46,"as":2502.0,"mi":"E","mv":574600,"sc":16,"lpe":92.91,"lpr":5056.14,"lq":1.0,"d":9185246},{"pi":"422549","pc":"Автомобильные товары","ss":10000,"td":"Фешенебельный район","dc":1,"n":276.42,"vc":"2530","sl":"Элитный","sv":"2400","p":6800.0,"q":8.4,"b":0.52,"ms":0.42,"wi":79.78,"ei":9.46,"as":2502.0,"mi":"E","mv":574600,"sc":16,"lpe":92.91,"lpr":5056.14,"lq":1.0,"d":9185246},{"pi":"422549","pc":"Автомобильные товары","ss":10000,"td":"Фешенебельный район","dc":1,"n":320.58,"vc":"3507","sl":"Элитный","sv":"2144","p":7500.0,"q":4.17,"b":0.0,"ms":0.37,"wi":79.78,"ei":9.46,"as":2502.0,"mi":"E","mv":574600,"sc":16,"lpe":92.91,"lpr":5056.14,"lq":1.0,"d":9185246},{"pi":"422549","pc":"Автомобильные товары","ss":60000,"td":"Центр города","dc":1,"n":356.8,"vc":"161740","sl":"Элитный","sv":"2000","p":15000.0,"q":13.96,"b":1.38567,"ms":0.35,"wi":79.78,"ei":9.46,"as":2502.0,"mi":"E","mv":574600,"sc":16,"lpe":92.91,"lpr":5056.14,"lq":1.0,"d":9185246},{"pi":"422549","pc":"Автомобильные товары","ss":50000,"td":"Центр города","dc":1,"n":344.98,"vc":"127389","sl":"Элитный","sv":"1970","p":15000.0,"q":14.43,"b":0.0,"ms":0.34,"wi":79.78,"ei":9.46,"as":2502.0,"mi":"E","mv":574600,"sc":16,"lpe":92.91,"lpr":5056.14,"lq":1.0,"d":9185246},{"pi":"422549","pc":"Автомобильные товары","ss":20000,"td":"Центр города","dc":1,"n":356.77,"vc":"49110","sl":"Элитный","sv":"1093","p":16000.0,"q":13.01,"b":0.27,"ms":0.19,"wi":79.78,"ei":9.46,"as":2502.0,"mi":"E","mv":574600,"sc":16,"lpe":92.91,"lpr":5056.14,"lq":1.0,"d":9185246},{"pi":"422549","pc":"Автомобильные товары","ss":30000,"td":"Центр города","dc":2,"n":321.18,"vc":"48451","sl":"Элитный","sv":"1000","p":15000.0,"q":13.93,"b":0.54,"ms":0.17,"wi":79.78,"ei":9.46,"as":2502.0,"mi":"E","mv":574600,"sc":16,"lpe":92.91,"lpr":5056.14,"lq":1.0,"d":9185246},{"pi":"422549","pc":"Автомобильные товары","ss":20000,"td":"Фешенебельный район","dc":1,"n":296.58,"vc":"6825","sl":"Элитный","sv":"500","p":13500.0,"q":14.49,"b":1.02,"ms":0.09,"wi":79.78,"ei":9.46,"as":2502.0,"mi":"E","mv":574600,"sc":16,"lpe":92.91,"lpr":5056.14,"lq":1.0,"d":9185246},{"pi":"422549","pc":"Автомобильные товары","ss":11000,"td":"Фешенебельный район","dc":1,"n":474.62,"vc":"4608","sl":"Элитный","sv":"719","p":5000.0,"q":7.12,"b":0.47009735744089,"ms":1.27,"wi":46.15,"ei":7.0,"as":995.0,"mi":"E","mv":56502,"sc":1,"lpe":98.73,"lpr":2008.37,"lq":1.0,"d":625846},{"pi":"422549","pc":"Автомобильные товары","ss":11000,"td":"Центр города","dc":1,"n":219.2,"vc":"11308","sl":"Элитный","sv":"44","p":1990.0,"q":2.16,"b":0.0,"ms":0.01,"wi":31.91,"ei":5.73,"as":592.8,"mi":"E","mv":728263,"sc":1,"lpe":99.99,"lpr":1001.99,"lq":1.0,"d":8433466}]