[{"pi":"422546","pc":"Продукты питания","ss":100000,"td":"Центр города","dc":1,"n":673.29,"vc":"1332703","sl":"Нормальный","sv":"12839","p":2960.0,"q":13.64,"b":3.12962691798427,"ms":12.83,"wi":156.39,"ei":6.41,"as":2315.25,"mi":"E","mv":100093,"sc":4,"lpe":80.48,"lpr":940.33,"lq":4.35,"d":680780},{"pi":"422546","pc":"Продукты питания","ss":40000,"td":"Окраина","dc":1,"n":453.33,"vc":"67036","sl":"Элитный","sv":"3505","p":2500.0,"q":14.64,"b":0.0,"ms":3.5,"wi":156.39,"ei":6.41,"as":2315.25,"mi":"E","mv":100093,"sc":4,"lpe":80.48,"lpr":940.33,"lq":4.35,"d":680780},{"pi":"422546","pc":"Продукты питания","ss":10000,"td":"Фешенебельный район","dc":7,"n":479.44,"vc":"6850","sl":"Очень высокий","sv":"3091","p":2200.0,"q":13.28,"b":4.0,"ms":3.09,"wi":156.39,"ei":6.41,"as":2315.25,"mi":"E","mv":100093,"sc":4,"lpe":80.48,"lpr":940.33,"lq":4.35,"d":680780},{"pi":"422546","pc":"Продукты питания","ss":1500,"td":"Центр города","dc":2,"n":21.66,"vc":"487","sl":"Элитный","sv":"100","p":1000.0,"q":3.97,"b":0.0,"ms":0.1,"wi":156.39,"ei":6.41,"as":2315.25,"mi":"E","mv":100093,"sc":4,"lpe":80.48,"lpr":940.33,"lq":4.35,"d":680780},{"pi":"422546","pc":"Продукты питания","ss":100000,"td":"Центр города","dc":2,"n":504.7,"vc":"626733","sl":"Низкий","sv":"45619","p":1350.0,"q":14.63,"b":0.0,"ms":8.99,"wi":131.96,"ei":6.72,"as":1776.47,"mi":"E","mv":507164,"sc":3,"lpe":81.11,"lpr":428.42,"lq":2.16,"d":2542506},{"pi":"422546","pc":"Продукты питания","ss":100000,"td":"Центр города","dc":1,"n":673.29,"vc":"3170400","sl":"Низкий","sv":"43208","p":1620.0,"q":11.96,"b":1.36242131086836,"ms":8.52,"wi":131.96,"ei":6.72,"as":1776.47,"mi":"E","mv":507164,"sc":3,"lpe":81.11,"lpr":428.42,"lq":2.16,"d":2542506},{"pi":"422546","pc":"Продукты питания","ss":100000,"td":"Фешенебельный район","dc":2,"n":594.86,"vc":"223700","sl":"Элитный","sv":"7000","p":2300.0,"q":28.71,"b":3.26,"ms":1.38,"wi":131.96,"ei":6.72,"as":1776.47,"mi":"E","mv":507164,"sc":3,"lpe":81.11,"lpr":428.42,"lq":2.16,"d":2542506},{"pi":"422546","pc":"Продукты питания","ss":100000,"td":"Центр города","dc":2,"n":440.67,"vc":"192274","sl":"Элитный","sv":"60000","p":2800.26,"q":14.54,"b":0.0,"ms":25.76,"wi":109.74,"ei":6.39,"as":1332.06,"mi":"E","mv":232950,"sc":1,"lpe":74.24,"lpr":2274.1,"lq":1.0,"d":1607580},{"pi":"422546","pc":"Продукты питания","ss":100000,"td":"Центр города","dc":2,"n":459.26,"vc":"223865","sl":"Элитный","sv":"27000","p":4000.0,"q":28.71,"b":3.26,"ms":14.59,"wi":115.61,"ei":6.91,"as":1461.51,"mi":"E","mv":185014,"sc":1,"lpe":85.41,"lpr":1023.03,"lq":2.81,"d":1489874},{"pi":"422546","pc":"Продукты питания","ss":1000,"td":"Центр города","dc":1,"n":151.62,"vc":"1217","sl":"Элитный","sv":"3500","p":920.0,"q":3.97,"b":0.0,"ms":3.44,"wi":41.63,"ei":7.13,"as":358.52,"mi":"E","mv":101873,"sc":1,"lpe":96.56,"lpr":1017.32,"lq":1.0,"d":1853316},{"pi":"422546","pc":"Продукты питания","ss":100000,"td":"Центр города","dc":2,"n":167.93,"vc":"22018","sl":"Элитный","sv":"16326","p":2600.0,"q":13.88,"b":3.18,"ms":5.35,"wi":31.13,"ei":3.43,"as":151.97,"mi":"E","mv":305279,"sc":2,"lpe":94.65,"lpr":1024.35,"lq":1.0,"d":5908898},{"pi":"422546","pc":"Продукты питания","ss":200,"td":"Спальный район","dc":1,"n":0.0,"vc":"268","sl":"Очень высокий","sv":"5","p":1607.6,"q":11.86,"b":0.0,"ms":0.0,"wi":31.13,"ei":3.43,"as":151.97,"mi":"E","mv":305279,"sc":2,"lpe":94.65,"lpr":1024.35,"lq":1.0,"d":5908898},{"pi":"422546","pc":"Продукты питания","ss":100000,"td":"Центр города","dc":2,"n":347.83,"vc":"209092","sl":"Элитный","sv":"120648","p":1899.0,"q":20.05,"b":3.62,"ms":19.71,"wi":27.86,"ei":3.43,"as":42.92,"mi":"E","mv":612010,"sc":1,"lpe":80.29,"lpr":464.11,"lq":1.53,"d":9216794},{"pi":"422546","pc":"Продукты питания","ss":15000,"td":"Фешенебельный район","dc":1,"n":542.09,"vc":"15372","sl":"Элитный","sv":"10001","p":1800.0,"q":11.76,"b":0.0,"ms":18.45,"wi":80.59,"ei":6.9,"as":850.5,"mi":"E","mv":54205,"sc":1,"lpe":81.55,"lpr":784.05,"lq":1.83,"d":688452},{"pi":"422546","pc":"Продукты питания","ss":31000,"td":"Центр города","dc":1,"n":445.39,"vc":"95804","sl":"Элитный","sv":"30000","p":1000.0,"q":12.47,"b":4.71,"ms":19.66,"wi":86.72,"ei":7.1,"as":871.5,"mi":"E","mv":152628,"sc":2,"lpe":69.59,"lpr":369.83,"lq":2.8,"d":957768},{"pi":"422546","pc":"Продукты питания","ss":160000,"td":"Окраина","dc":2,"n":539.93,"vc":"592750","sl":"Нормальный","sv":"16419","p":1000.0,"q":12.81,"b":1.42122114623302,"ms":10.76,"wi":86.72,"ei":7.1,"as":871.5,"mi":"E","mv":152628,"sc":2,"lpe":69.59,"lpr":369.83,"lq":2.8,"d":957768},{"pi":"422546","pc":"Продукты питания","ss":100000,"td":"Центр города","dc":1,"n":557.35,"vc":"357942","sl":"Элитный","sv":"2853","p":4000.0,"q":14.96,"b":4.3,"ms":3.98,"wi":93.4,"ei":9.12,"as":1117.2,"mi":"E","mv":71726,"sc":1,"lpe":96.02,"lpr":1072.28,"lq":1.0,"d":384781},{"pi":"422546","pc":"Продукты питания","ss":100000,"td":"Фешенебельный район","dc":2,"n":594.19,"vc":"223978","sl":"Элитный","sv":"60000","p":3500.0,"q":28.71,"b":2.87,"ms":6.98,"wi":81.91,"ei":8.82,"as":546.4,"mi":"E","mv":859516,"sc":2,"lpe":93.02,"lpr":856.95,"lq":1.0,"d":2598727},{"pi":"422546","pc":"Продукты питания","ss":20100,"td":"Центр города","dc":7,"n":77.42,"vc":"3380","sl":"Очень высокий","sv":"11","p":899.99,"q":2.53,"b":0.0,"ms":0.0,"wi":81.91,"ei":8.82,"as":546.4,"mi":"E","mv":859516,"sc":2,"lpe":93.02,"lpr":856.95,"lq":1.0,"d":2598727},{"pi":"422546","pc":"Продукты питания","ss":100000,"td":"Фешенебельный район","dc":2,"n":680.19,"vc":"223938","sl":"Элитный","sv":"12000","p":3900.0,"q":28.71,"b":2.87,"ms":15.6,"wi":80.04,"ei":6.62,"as":576.1,"mi":"E","mv":76911,"sc":1,"lpe":84.4,"lpr":844.47,"lq":2.29,"d":254993},{"pi":"422546","pc":"Продукты питания","ss":100000,"td":"Фешенебельный район","dc":2,"n":671.29,"vc":"223602","sl":"Элитный","sv":"15000","p":3400.0,"q":28.71,"b":2.87,"ms":14.71,"wi":128.02,"ei":8.82,"as":625.38,"mi":"E","mv":101978,"sc":1,"lpe":85.29,"lpr":854.64,"lq":2.43,"d":311011},{"pi":"422546","pc":"Продукты питания","ss":700,"td":"Спальный район","dc":1,"n":30.94,"vc":"485","sl":"Элитный","sv":"800","p":830.0,"q":3.97,"b":0.0,"ms":0.32,"wi":44.53,"ei":12.04,"as":405.27,"mi":"E","mv":249383,"sc":1,"lpe":99.68,"lpr":901.74,"lq":1.0,"d":3315370},{"pi":"422546","pc":"Продукты питания","ss":22000,"td":"Центр города","dc":2,"n":289.02,"vc":"13843","sl":"Элитный","sv":"95000","p":439.63,"q":13.79,"b":2.79,"ms":49.54,"wi":109.29,"ei":6.7,"as":1597.06,"mi":"E","mv":191782,"sc":2,"lpe":50.46,"lpr":285.34,"lq":1.03,"d":976806},{"pi":"422546","pc":"Продукты питания","ss":1000,"td":"Фешенебельный район","dc":3,"n":309.48,"vc":"532","sl":"Очень высокий","sv":"1","p":1400.0,"q":11.57,"b":0.0,"ms":0.0,"wi":109.29,"ei":6.7,"as":1597.06,"mi":"E","mv":191782,"sc":2,"lpe":50.46,"lpr":285.34,"lq":1.03,"d":976806},{"pi":"422546","pc":"Продукты питания","ss":100000,"td":"Центр города","dc":2,"n":335.39,"vc":"86020","sl":"Очень высокий","sv":"80050","p":1500.0,"q":15.88,"b":0.0,"ms":19.06,"wi":57.01,"ei":11.71,"as":410.0,"mi":"E","mv":419933,"sc":4,"lpe":76.65,"lpr":485.94,"lq":1.84,"d":2912574},{"pi":"422546","pc":"Продукты питания","ss":11000,"td":"Центр города","dc":1,"n":114.99,"vc":"3576","sl":"Элитный","sv":"11401","p":1400.0,"q":14.51,"b":0.0,"ms":2.71,"wi":57.01,"ei":11.71,"as":410.0,"mi":"E","mv":419933,"sc":4,"lpe":76.65,"lpr":485.94,"lq":1.84,"d":2912574},{"pi":"422546","pc":"Продукты питания","ss":3500,"td":"Центр города","dc":1,"n":244.35,"vc":"7335","sl":"Элитный","sv":"5934","p":1300.0,"q":9.18,"b":0.0,"ms":1.41,"wi":57.01,"ei":11.71,"as":410.0,"mi":"E","mv":419933,"sc":4,"lpe":76.65,"lpr":485.94,"lq":1.84,"d":2912574},{"pi":"422546","pc":"Продукты питания","ss":24500,"td":"Центр города","dc":2,"n":296.28,"vc":"34598","sl":"Очень высокий","sv":"686","p":2000.0,"q":15.32,"b":0.0,"ms":0.16,"wi":57.01,"ei":11.71,"as":410.0,"mi":"E","mv":419933,"sc":4,"lpe":76.65,"lpr":485.94,"lq":1.84,"d":2912574},{"pi":"422546","pc":"Продукты питания","ss":1000,"td":"Спальный район","dc":2,"n":319.94,"vc":"896","sl":"Низкий","sv":"720","p":1025.0,"q":5.87,"b":0.43625,"ms":3.32,"wi":77.49,"ei":6.62,"as":518.18,"mi":"E","mv":21673,"sc":1,"lpe":96.68,"lpr":1072.86,"lq":1.0,"d":116700},{"pi":"422546","pc":"Продукты питания","ss":100000,"td":"Фешенебельный район","dc":2,"n":683.02,"vc":"224008","sl":"Элитный","sv":"10000","p":4900.0,"q":28.71,"b":2.87,"ms":14.42,"wi":96.34,"ei":7.3,"as":643.27,"mi":"E","mv":69364,"sc":1,"lpe":85.58,"lpr":857.95,"lq":2.54,"d":286767},{"pi":"422546","pc":"Продукты питания","ss":100,"td":"Спальный район","dc":1,"n":38.58,"vc":"35","sl":"Высокий","sv":"249","p":1500.0,"q":11.77,"b":0.0,"ms":1.58,"wi":51.98,"ei":6.5,"as":535.5,"mi":"E","mv":15736,"sc":1,"lpe":98.42,"lpr":1102.45,"lq":1.0,"d":154500},{"pi":"422546","pc":"Продукты питания","ss":100000,"td":"Фешенебельный район","dc":2,"n":685.14,"vc":"224418","sl":"Элитный","sv":"6000","p":2600.0,"q":28.71,"b":2.87,"ms":13.1,"wi":89.53,"ei":6.95,"as":721.1,"mi":"E","mv":45795,"sc":1,"lpe":86.9,"lpr":674.58,"lq":1.67,"d":214816},{"pi":"422546","pc":"Продукты питания","ss":1000,"td":"Фешенебельный район","dc":1,"n":468.19,"vc":"1305","sl":"Элитный","sv":"12900","p":2250.0,"q":12.56,"b":0.58843023255814,"ms":6.55,"wi":89.51,"ei":7.06,"as":573.3,"mi":"E","mv":196980,"sc":7,"lpe":89.54,"lpr":1448.06,"lq":1.0,"d":978294},{"pi":"422546","pc":"Продукты питания","ss":1000,"td":"Спальный район","dc":1,"n":306.42,"vc":"1748","sl":"Очень высокий","sv":"6280","p":3300.0,"q":11.05,"b":0.0,"ms":3.19,"wi":89.51,"ei":7.06,"as":573.3,"mi":"E","mv":196980,"sc":7,"lpe":89.54,"lpr":1448.06,"lq":1.0,"d":978294},{"pi":"422546","pc":"Продукты питания","ss":400,"td":"Фешенебельный район","dc":2,"n":419.46,"vc":"508","sl":"Нормальный","sv":"500","p":1450.0,"q":11.78,"b":0.0,"ms":0.25,"wi":89.51,"ei":7.06,"as":573.3,"mi":"E","mv":196980,"sc":7,"lpe":89.54,"lpr":1448.06,"lq":1.0,"d":978294},{"pi":"422546","pc":"Продукты питания","ss":1000,"td":"Фешенебельный район","dc":2,"n":198.16,"vc":"190","sl":"Элитный","sv":"466","p":2000.0,"q":13.37,"b":3.49,"ms":0.24,"wi":89.51,"ei":7.06,"as":573.3,"mi":"E","mv":196980,"sc":7,"lpe":89.54,"lpr":1448.06,"lq":1.0,"d":978294},{"pi":"422546","pc":"Продукты питания","ss":100,"td":"Центр города","dc":1,"n":110.14,"vc":"113","sl":"Низкий","sv":"350","p":2350.0,"q":15.35,"b":2.62248571428571,"ms":0.18,"wi":89.51,"ei":7.06,"as":573.3,"mi":"E","mv":196980,"sc":7,"lpe":89.54,"lpr":1448.06,"lq":1.0,"d":978294},{"pi":"422546","pc":"Продукты питания","ss":1000,"td":"Центр города","dc":2,"n":83.51,"vc":"663","sl":"Элитный","sv":"50","p":1100.0,"q":3.97,"b":0.0,"ms":0.03,"wi":89.51,"ei":7.06,"as":573.3,"mi":"E","mv":196980,"sc":7,"lpe":89.54,"lpr":1448.06,"lq":1.0,"d":978294},{"pi":"422546","pc":"Продукты питания","ss":400,"td":"Спальный район","dc":1,"n":66.21,"vc":"436","sl":"Высокий","sv":"50","p":1443.0,"q":15.39,"b":2.6524,"ms":0.03,"wi":89.51,"ei":7.06,"as":573.3,"mi":"E","mv":196980,"sc":7,"lpe":89.54,"lpr":1448.06,"lq":1.0,"d":978294},{"pi":"422546","pc":"Продукты питания","ss":40000,"td":"Центр города","dc":1,"n":409.72,"vc":"108654","sl":"Элитный","sv":"110000","p":1000.0,"q":17.61,"b":3.97,"ms":20.24,"wi":51.89,"ei":9.72,"as":380.0,"mi":"E","mv":543367,"sc":1,"lpe":79.76,"lpr":324.29,"lq":1.0,"d":1850212},{"pi":"422546","pc":"Продукты питания","ss":1000,"td":"Спальный район","dc":1,"n":240.83,"vc":"1030","sl":"Высокий","sv":"3269","p":2400.0,"q":11.71,"b":0.0,"ms":9.76,"wi":34.51,"ei":4.47,"as":246.75,"mi":"E","mv":33497,"sc":1,"lpe":90.24,"lpr":979.41,"lq":1.25,"d":621746},{"pi":"422546","pc":"Продукты питания","ss":100000,"td":"Фешенебельный район","dc":2,"n":514.88,"vc":"139200","sl":"Элитный","sv":"130000","p":2100.0,"q":14.84,"b":0.71,"ms":10.18,"wi":89.14,"ei":7.05,"as":1247.63,"mi":"E","mv":1276455,"sc":2,"lpe":89.03,"lpr":662.11,"lq":1.6,"d":5900984},{"pi":"422546","pc":"Продукты питания","ss":50000,"td":"Центр города","dc":3,"n":321.07,"vc":"58818","sl":"Элитный","sv":"10000","p":1380.0,"q":11.76,"b":0.0,"ms":0.78,"wi":89.14,"ei":7.05,"as":1247.63,"mi":"E","mv":1276455,"sc":2,"lpe":89.03,"lpr":662.11,"lq":1.6,"d":5900984},{"pi":"422546","pc":"Продукты питания","ss":100000,"td":"Центр города","dc":1,"n":565.56,"vc":"470402","sl":"Очень высокий","sv":"23296","p":3000.0,"q":14.84,"b":4.3,"ms":100.0,"wi":90.52,"ei":7.2,"as":937.65,"mi":"AA","mv":23296,"sc":1,"lpe":0.0,"lpr":933.91,"lq":1.65,"d":210430},{"pi":"422546","pc":"Продукты питания","ss":21000,"td":"Фешенебельный район","dc":6,"n":439.29,"vc":"10400","sl":"Элитный","sv":"55019","p":2200.0,"q":13.32,"b":0.0,"ms":26.12,"wi":54.96,"ei":10.13,"as":422.1,"mi":"E","mv":210641,"sc":1,"lpe":73.88,"lpr":682.44,"lq":1.94,"d":1050481},{"pi":"422546","pc":"Продукты питания","ss":10000,"td":"Фешенебельный район","dc":10,"n":406.23,"vc":"4785","sl":"Низкий","sv":"7009","p":1100.0,"q":5.38,"b":0.0,"ms":10.24,"wi":38.84,"ei":6.46,"as":550.2,"mi":"E","mv":68454,"sc":2,"lpe":88.07,"lpr":1023.73,"lq":1.21,"d":1548177},{"pi":"422546","pc":"Продукты питания","ss":1000,"td":"Фешенебельный район","dc":10,"n":165.33,"vc":"250","sl":"Очень высокий","sv":"1156","p":1000.0,"q":4.64,"b":0.0,"ms":1.69,"wi":38.84,"ei":6.46,"as":550.2,"mi":"E","mv":68454,"sc":2,"lpe":88.07,"lpr":1023.73,"lq":1.21,"d":1548177},{"pi":"422546","pc":"Продукты питания","ss":100000,"td":"Фешенебельный район","dc":8,"n":397.06,"vc":"23898","sl":"Очень низкий","sv":"15000","p":1300.0,"q":9.17,"b":0.0,"ms":59.19,"wi":19.23,"ei":4.49,"as":270.88,"mi":"D","mv":25343,"sc":1,"lpe":40.81,"lpr":697.62,"lq":1.27,"d":1469374},{"pi":"422546","pc":"Продукты питания","ss":10000,"td":"Фешенебельный район","dc":9,"n":404.72,"vc":"3477","sl":"Очень низкий","sv":"1022","p":1000.0,"q":1.54,"b":0.0,"ms":0.59,"wi":45.03,"ei":10.64,"as":673.75,"mi":"E","mv":172504,"sc":1,"lpe":99.41,"lpr":1032.48,"lq":1.0,"d":2541514},{"pi":"422546","pc":"Продукты питания","ss":100000,"td":"Фешенебельный район","dc":2,"n":691.87,"vc":"224672","sl":"Элитный","sv":"10000","p":4800.0,"q":28.71,"b":2.87,"ms":16.38,"wi":101.72,"ei":7.3,"as":549.44,"mi":"E","mv":61039,"sc":1,"lpe":83.62,"lpr":843.28,"lq":2.47,"d":185081},{"pi":"422546","pc":"Продукты питания","ss":10000,"td":"Спальный район","dc":3,"n":301.43,"vc":"11165","sl":"Очень высокий","sv":"5000","p":1320.0,"q":3.97,"b":1.17,"ms":0.8,"wi":59.25,"ei":8.02,"as":811.4,"mi":"E","mv":624641,"sc":8,"lpe":97.02,"lpr":1253.97,"lq":1.0,"d":4968783},{"pi":"422546","pc":"Продукты питания","ss":9000,"td":"Центр города","dc":9,"n":102.01,"vc":"4869","sl":"Нормальный","sv":"4200","p":2500.0,"q":16.52,"b":0.0,"ms":0.67,"wi":59.25,"ei":8.02,"as":811.4,"mi":"E","mv":624641,"sc":8,"lpe":97.02,"lpr":1253.97,"lq":1.0,"d":4968783},{"pi":"422546","pc":"Продукты питания","ss":10000,"td":"Центр города","dc":1,"n":350.21,"vc":"21354","sl":"Элитный","sv":"3000","p":1300.0,"q":3.97,"b":1.17,"ms":0.48,"wi":59.25,"ei":8.02,"as":811.4,"mi":"E","mv":624641,"sc":8,"lpe":97.02,"lpr":1253.97,"lq":1.0,"d":4968783},{"pi":"422546","pc":"Продукты питания","ss":9400,"td":"Фешенебельный район","dc":10,"n":344.39,"vc":"4418","sl":"Низкий","sv":"2193","p":1200.0,"q":1.45,"b":0.11,"ms":0.35,"wi":59.25,"ei":8.02,"as":811.4,"mi":"E","mv":624641,"sc":8,"lpe":97.02,"lpr":1253.97,"lq":1.0,"d":4968783},{"pi":"422546","pc":"Продукты питания","ss":6300,"td":"Центр города","dc":6,"n":162.51,"vc":"9356","sl":"Очень низкий","sv":"1600","p":4035.0,"q":13.02,"b":0.0,"ms":0.26,"wi":59.25,"ei":8.02,"as":811.4,"mi":"E","mv":624641,"sc":8,"lpe":97.02,"lpr":1253.97,"lq":1.0,"d":4968783},{"pi":"422546","pc":"Продукты питания","ss":7000,"td":"Центр города","dc":6,"n":226.61,"vc":"10514","sl":"Очень низкий","sv":"1524","p":4050.0,"q":11.76,"b":0.0,"ms":0.24,"wi":59.25,"ei":8.02,"as":811.4,"mi":"E","mv":624641,"sc":8,"lpe":97.02,"lpr":1253.97,"lq":1.0,"d":4968783},{"pi":"422546","pc":"Продукты питания","ss":10000,"td":"Центр города","dc":8,"n":93.27,"vc":"3193","sl":"Высокий","sv":"1000","p":1600.0,"q":16.52,"b":0.0,"ms":0.16,"wi":59.25,"ei":8.02,"as":811.4,"mi":"E","mv":624641,"sc":8,"lpe":97.02,"lpr":1253.97,"lq":1.0,"d":4968783},{"pi":"422546","pc":"Продукты питания","ss":2000,"td":"Спальный район","dc":1,"n":185.15,"vc":"2041","sl":"Элитный","sv":"100","p":1300.0,"q":3.97,"b":1.17,"ms":0.02,"wi":59.25,"ei":8.02,"as":811.4,"mi":"E","mv":624641,"sc":8,"lpe":97.02,"lpr":1253.97,"lq":1.0,"d":4968783},{"pi":"422546","pc":"Продукты питания","ss":100000,"td":"Фешенебельный район","dc":2,"n":684.81,"vc":"224247","sl":"Элитный","sv":"10000","p":3000.0,"q":28.71,"b":4.21,"ms":11.68,"wi":65.31,"ei":5.25,"as":522.9,"mi":"E","mv":85627,"sc":1,"lpe":88.32,"lpr":558.78,"lq":1.25,"d":216300},{"pi":"422546","pc":"Продукты питания","ss":100000,"td":"Фешенебельный район","dc":2,"n":687.98,"vc":"224553","sl":"Элитный","sv":"10000","p":2700.0,"q":28.71,"b":4.21,"ms":12.47,"wi":67.14,"ei":5.25,"as":404.25,"mi":"E","mv":80211,"sc":1,"lpe":87.53,"lpr":528.25,"lq":1.04,"d":199038},{"pi":"422546","pc":"Продукты питания","ss":100000,"td":"Фешенебельный район","dc":2,"n":605.14,"vc":"223972","sl":"Элитный","sv":"10000","p":3800.0,"q":28.71,"b":4.13,"ms":3.19,"wi":77.34,"ei":6.53,"as":961.05,"mi":"E","mv":313963,"sc":1,"lpe":96.81,"lpr":1030.81,"lq":1.0,"d":1923606},{"pi":"422546","pc":"Продукты питания","ss":100000,"td":"Центр города","dc":1,"n":515.53,"vc":"766070","sl":"Очень низкий","sv":"456322","p":2000.0,"q":13.97,"b":0.0,"ms":65.81,"wi":107.69,"ei":6.45,"as":681.19,"mi":"D","mv":693400,"sc":1,"lpe":34.19,"lpr":664.39,"lq":1.91,"d":3351144},{"pi":"422546","pc":"Продукты питания","ss":20000,"td":"Центр города","dc":1,"n":368.34,"vc":"55658","sl":"Элитный","sv":"50000","p":1700.0,"q":16.99,"b":0.0,"ms":11.94,"wi":66.64,"ei":6.73,"as":726.6,"mi":"E","mv":418932,"sc":1,"lpe":88.06,"lpr":853.11,"lq":1.62,"d":3164786},{"pi":"422546","pc":"Продукты питания","ss":500,"td":"Центр города","dc":1,"n":36.43,"vc":"295","sl":"Элитный","sv":"55","p":3500.0,"q":11.86,"b":0.0,"ms":0.08,"wi":191.47,"ei":9.72,"as":2008.97,"mi":"E","mv":69100,"sc":1,"lpe":99.92,"lpr":4523.59,"lq":1.0,"d":501060},{"pi":"422546","pc":"Продукты питания","ss":100000,"td":"Центр города","dc":2,"n":493.97,"vc":"529502","sl":"Низкий","sv":"74064","p":1700.0,"q":15.91,"b":0.0,"ms":19.12,"wi":127.75,"ei":7.06,"as":1642.86,"mi":"E","mv":387419,"sc":5,"lpe":68.41,"lpr":557.02,"lq":2.46,"d":2109186},{"pi":"422546","pc":"Продукты питания","ss":100000,"td":"Центр города","dc":1,"n":502.73,"vc":"576022","sl":"Нормальный","sv":"47613","p":1700.0,"q":11.55,"b":0.0,"ms":12.29,"wi":127.75,"ei":7.06,"as":1642.86,"mi":"E","mv":387419,"sc":5,"lpe":68.41,"lpr":557.02,"lq":2.46,"d":2109186},{"pi":"422546","pc":"Продукты питания","ss":21000,"td":"Центр города","dc":2,"n":221.53,"vc":"15330","sl":"Элитный","sv":"600","p":1672.67,"q":11.78,"b":0.0,"ms":0.15,"wi":127.75,"ei":7.06,"as":1642.86,"mi":"E","mv":387419,"sc":5,"lpe":68.41,"lpr":557.02,"lq":2.46,"d":2109186},{"pi":"422546","pc":"Продукты питания","ss":50000,"td":"Центр города","dc":2,"n":362.81,"vc":"59461","sl":"Элитный","sv":"110","p":2250.0,"q":11.05,"b":0.0,"ms":0.03,"wi":127.75,"ei":7.06,"as":1642.86,"mi":"E","mv":387419,"sc":5,"lpe":68.41,"lpr":557.02,"lq":2.46,"d":2109186},{"pi":"422546","pc":"Продукты питания","ss":300000,"td":"Фешенебельный район","dc":2,"n":556.1,"vc":"218542","sl":"Элитный","sv":"4","p":4100.0,"q":16.87,"b":0.71,"ms":0.0,"wi":127.75,"ei":7.06,"as":1642.86,"mi":"E","mv":387419,"sc":5,"lpe":68.41,"lpr":557.02,"lq":2.46,"d":2109186},{"pi":"422546","pc":"Продукты питания","ss":100000,"td":"Центр города","dc":2,"n":405.59,"vc":"235534","sl":"Очень высокий","sv":"50000","p":1550.0,"q":14.98,"b":0.84,"ms":5.57,"wi":40.67,"ei":5.73,"as":513.32,"mi":"E","mv":897686,"sc":1,"lpe":94.43,"lpr":1028.24,"lq":1.0,"d":7527186},{"pi":"422546","pc":"Продукты питания","ss":10000,"td":"Фешенебельный район","dc":10,"n":615.35,"vc":"12933","sl":"Нормальный","sv":"1646","p":2600.0,"q":12.56,"b":0.0,"ms":13.54,"wi":22.26,"ei":6.08,"as":509.37,"mi":"E","mv":12157,"sc":3,"lpe":80.6,"lpr":730.38,"lq":2.12,"d":944097},{"pi":"422546","pc":"Продукты питания","ss":6000,"td":"Центр города","dc":2,"n":97.67,"vc":"1488","sl":"Элитный","sv":"700","p":1085.0,"q":9.55,"b":1.70182857142857,"ms":5.76,"wi":22.26,"ei":6.08,"as":509.37,"mi":"E","mv":12157,"sc":3,"lpe":80.6,"lpr":730.38,"lq":2.12,"d":944097},{"pi":"422546","pc":"Продукты питания","ss":500,"td":"Центр города","dc":2,"n":59.24,"vc":"255","sl":"Нормальный","sv":"13","p":1040.0,"q":1.87,"b":0.09,"ms":0.11,"wi":22.26,"ei":6.08,"as":509.37,"mi":"E","mv":12157,"sc":3,"lpe":80.6,"lpr":730.38,"lq":2.12,"d":944097},{"pi":"422546","pc":"Продукты питания","ss":100000,"td":"Фешенебельный район","dc":1,"n":629.88,"vc":"223839","sl":"Элитный","sv":"20000","p":3400.0,"q":28.71,"b":4.21,"ms":6.33,"wi":73.83,"ei":6.3,"as":571.53,"mi":"E","mv":315972,"sc":2,"lpe":90.51,"lpr":849.58,"lq":1.0,"d":973156},{"pi":"422546","pc":"Продукты питания","ss":25000,"td":"Центр города","dc":1,"n":329.75,"vc":"31437","sl":"Очень высокий","sv":"10000","p":2000.0,"q":11.76,"b":0.0,"ms":3.16,"wi":73.83,"ei":6.3,"as":571.53,"mi":"E","mv":315972,"sc":2,"lpe":90.51,"lpr":849.58,"lq":1.0,"d":973156},{"pi":"422546","pc":"Продукты питания","ss":2000,"td":"Фешенебельный район","dc":1,"n":551.77,"vc":"1417","sl":"Элитный","sv":"3103","p":1199.99,"q":4.36,"b":1.25528843055108,"ms":23.58,"wi":19.47,"ei":5.91,"as":526.89,"mi":"E","mv":13159,"sc":3,"lpe":74.44,"lpr":647.38,"lq":1.76,"d":1222279},{"pi":"422546","pc":"Продукты питания","ss":10000,"td":"Окраина","dc":2,"n":46.65,"vc":"746","sl":"Элитный","sv":"160","p":1940.0,"q":12.41,"b":1.20625,"ms":1.22,"wi":19.47,"ei":5.91,"as":526.89,"mi":"E","mv":13159,"sc":3,"lpe":74.44,"lpr":647.38,"lq":1.76,"d":1222279},{"pi":"422546","pc":"Продукты питания","ss":600,"td":"Спальный район","dc":1,"n":239.23,"vc":"783","sl":"Очень высокий","sv":"100","p":1056.22,"q":3.97,"b":1.17,"ms":0.76,"wi":19.47,"ei":5.91,"as":526.89,"mi":"E","mv":13159,"sc":3,"lpe":74.44,"lpr":647.38,"lq":1.76,"d":1222279},{"pi":"422546","pc":"Продукты питания","ss":15000,"td":"Фешенебельный район","dc":1,"n":533.55,"vc":"12429","sl":"Элитный","sv":"10000","p":2000.0,"q":11.76,"b":0.0,"ms":6.86,"wi":81.36,"ei":6.0,"as":546.98,"mi":"E","mv":145702,"sc":1,"lpe":93.14,"lpr":914.13,"lq":1.0,"d":453298},{"pi":"422546","pc":"Продукты питания","ss":40000,"td":"Центр города","dc":1,"n":321.51,"vc":"81304","sl":"Очень высокий","sv":"130000","p":1800.0,"q":12.47,"b":3.35,"ms":20.63,"wi":51.76,"ei":4.41,"as":655.66,"mi":"E","mv":630040,"sc":2,"lpe":79.37,"lpr":790.5,"lq":1.89,"d":7172110},{"pi":"422546","pc":"Продукты питания","ss":500,"td":"Фешенебельный район","dc":2,"n":148.17,"vc":"199","sl":"Элитный","sv":"6","p":1500.0,"q":3.89,"b":0.0,"ms":0.0,"wi":51.76,"ei":4.41,"as":655.66,"mi":"E","mv":630040,"sc":2,"lpe":79.37,"lpr":790.5,"lq":1.89,"d":7172110},{"pi":"422546","pc":"Продукты питания","ss":100000,"td":"Центр города","dc":1,"n":336.29,"vc":"74847","sl":"Элитный","sv":"33784","p":2000.0,"q":14.26,"b":0.0,"ms":100.0,"wi":37.97,"ei":14.14,"as":304.91,"mi":"A","mv":33784,"sc":1,"lpe":0.0,"lpr":1121.78,"lq":4.17,"d":699729},{"pi":"422546","pc":"Продукты питания","ss":100000,"td":"Центр города","dc":1,"n":444.57,"vc":"248361","sl":"Элитный","sv":"29124","p":1299.0,"q":20.01,"b":5.36981561598682,"ms":61.17,"wi":36.7,"ei":10.61,"as":397.23,"mi":"D","mv":47613,"sc":1,"lpe":38.83,"lpr":265.09,"lq":6.36,"d":948726},{"pi":"422546","pc":"Продукты питания","ss":200000,"td":"Центр города","dc":1,"n":416.66,"vc":"370881","sl":"Элитный","sv":"10000","p":4300.0,"q":11.76,"b":0.0,"ms":1.31,"wi":60.25,"ei":9.36,"as":614.31,"mi":"E","mv":761614,"sc":3,"lpe":98.65,"lpr":1032.58,"lq":1.0,"d":3832748},{"pi":"422546","pc":"Продукты питания","ss":2500,"td":"Центр города","dc":1,"n":198.8,"vc":"3343","sl":"Очень высокий","sv":"201","p":2000.0,"q":16.5,"b":0.0,"ms":0.03,"wi":60.25,"ei":9.36,"as":614.31,"mi":"E","mv":761614,"sc":3,"lpe":98.65,"lpr":1032.58,"lq":1.0,"d":3832748},{"pi":"422546","pc":"Продукты питания","ss":500,"td":"Спальный район","dc":2,"n":112.55,"vc":"667","sl":"Высокий","sv":"50","p":1750.0,"q":16.52,"b":0.0,"ms":0.01,"wi":60.25,"ei":9.36,"as":614.31,"mi":"E","mv":761614,"sc":3,"lpe":98.65,"lpr":1032.58,"lq":1.0,"d":3832748},{"pi":"422546","pc":"Продукты питания","ss":100000,"td":"Спальный район","dc":2,"n":242.36,"vc":"16984","sl":"Элитный","sv":"3616","p":480.0,"q":7.66,"b":0.0,"ms":36.54,"wi":25.31,"ei":8.57,"as":437.3,"mi":"E","mv":9895,"sc":1,"lpe":63.46,"lpr":201.8,"lq":1.03,"d":866793},{"pi":"422546","pc":"Продукты питания","ss":13000,"td":"Центр города","dc":1,"n":283.82,"vc":"35448","sl":"Очень высокий","sv":"270000","p":1900.0,"q":17.61,"b":2.97,"ms":13.48,"wi":39.97,"ei":5.34,"as":208.05,"mi":"E","mv":2002444,"sc":6,"lpe":76.1,"lpr":705.4,"lq":1.83,"d":12982716},{"pi":"422546","pc":"Продукты питания","ss":100000,"td":"Центр города","dc":2,"n":371.0,"vc":"204396","sl":"Высокий","sv":"100000","p":1450.0,"q":14.98,"b":0.93,"ms":4.99,"wi":39.97,"ei":5.34,"as":208.05,"mi":"E","mv":2002444,"sc":6,"lpe":76.1,"lpr":705.4,"lq":1.83,"d":12982716},{"pi":"422546","pc":"Продукты питания","ss":100000,"td":"Центр города","dc":7,"n":285.44,"vc":"134666","sl":"Высокий","sv":"60000","p":1500.0,"q":15.07,"b":4.78,"ms":3.0,"wi":39.97,"ei":5.34,"as":208.05,"mi":"E","mv":2002444,"sc":6,"lpe":76.1,"lpr":705.4,"lq":1.83,"d":12982716},{"pi":"422546","pc":"Продукты питания","ss":60000,"td":"Центр города","dc":1,"n":478.84,"vc":"552480","sl":"Низкий","sv":"36454","p":600.0,"q":1.44,"b":0.0,"ms":1.82,"wi":39.97,"ei":5.34,"as":208.05,"mi":"E","mv":2002444,"sc":6,"lpe":76.1,"lpr":705.4,"lq":1.83,"d":12982716},{"pi":"422546","pc":"Продукты питания","ss":11100,"td":"Центр города","dc":2,"n":253.07,"vc":"17032","sl":"Очень высокий","sv":"12081","p":1600.0,"q":6.77,"b":0.0,"ms":0.6,"wi":39.97,"ei":5.34,"as":208.05,"mi":"E","mv":2002444,"sc":6,"lpe":76.1,"lpr":705.4,"lq":1.83,"d":12982716},{"pi":"422546","pc":"Продукты питания","ss":2400,"td":"Центр города","dc":3,"n":1.17,"vc":"2180","sl":"Очень высокий","sv":"100","p":800.0,"q":3.97,"b":0.0,"ms":0.0,"wi":39.97,"ei":5.34,"as":208.05,"mi":"E","mv":2002444,"sc":6,"lpe":76.1,"lpr":705.4,"lq":1.83,"d":12982716},{"pi":"422546","pc":"Продукты питания","ss":1000,"td":"Центр города","dc":10,"n":602.82,"vc":"9141","sl":"Очень низкий","sv":"692","p":1000.0,"q":1.88,"b":0.0,"ms":4.91,"wi":47.25,"ei":6.62,"as":504.0,"mi":"E","mv":14087,"sc":2,"lpe":95.02,"lpr":1033.49,"lq":1.0,"d":128750},{"pi":"422546","pc":"Продукты питания","ss":100,"td":"Спальный район","dc":2,"n":108.58,"vc":"41","sl":"Нормальный","sv":"10","p":990.0,"q":15.58,"b":3.528,"ms":0.07,"wi":47.25,"ei":6.62,"as":504.0,"mi":"E","mv":14087,"sc":2,"lpe":95.02,"lpr":1033.49,"lq":1.0,"d":128750},{"pi":"422546","pc":"Продукты питания","ss":140000,"td":"Центр города","dc":2,"n":452.23,"vc":"248681","sl":"Высокий","sv":"12924","p":2300.0,"q":12.0,"b":0.0,"ms":12.41,"wi":100.56,"ei":8.23,"as":1206.09,"mi":"E","mv":104131,"sc":2,"lpe":77.99,"lpr":802.97,"lq":2.43,"d":1395634},{"pi":"422546","pc":"Продукты питания","ss":100000,"td":"Фешенебельный район","dc":2,"n":582.11,"vc":"145466","sl":"Элитный","sv":"10000","p":1500.0,"q":11.76,"b":0.0,"ms":9.6,"wi":100.56,"ei":8.23,"as":1206.09,"mi":"E","mv":104131,"sc":2,"lpe":77.99,"lpr":802.97,"lq":2.43,"d":1395634},{"pi":"422546","pc":"Продукты питания","ss":100000,"td":"Центр города","dc":2,"n":450.66,"vc":"223822","sl":"Элитный","sv":"30000","p":3300.0,"q":28.71,"b":4.58,"ms":6.51,"wi":78.65,"ei":6.43,"as":351.11,"mi":"E","mv":460784,"sc":2,"lpe":92.55,"lpr":824.58,"lq":1.0,"d":1885836},{"pi":"422546","pc":"Продукты питания","ss":10000,"td":"Спальный район","dc":1,"n":34.29,"vc":"1820","sl":"Элитный","sv":"4339","p":2000.0,"q":11.72,"b":0.0,"ms":0.94,"wi":78.65,"ei":6.43,"as":351.11,"mi":"E","mv":460784,"sc":2,"lpe":92.55,"lpr":824.58,"lq":1.0,"d":1885836},{"pi":"422546","pc":"Продукты питания","ss":1400,"td":"Центр города","dc":1,"n":198.9,"vc":"1461","sl":"Элитный","sv":"100","p":900.0,"q":3.97,"b":0.0,"ms":0.04,"wi":71.14,"ei":6.0,"as":357.48,"mi":"E","mv":254682,"sc":1,"lpe":99.96,"lpr":916.2,"lq":1.0,"d":894855},{"pi":"422546","pc":"Продукты питания","ss":100000,"td":"Центр города","dc":2,"n":406.77,"vc":"211450","sl":"Элитный","sv":"60746","p":1599.0,"q":20.05,"b":3.93,"ms":25.34,"wi":98.78,"ei":7.86,"as":1444.66,"mi":"E","mv":239692,"sc":1,"lpe":74.66,"lpr":386.92,"lq":3.43,"d":1680666},{"pi":"422546","pc":"Продукты питания","ss":100000,"td":"Центр города","dc":4,"n":152.37,"vc":"14218","sl":"Элитный","sv":"166311","p":741.14,"q":13.79,"b":3.52,"ms":26.86,"wi":116.13,"ei":7.17,"as":2122.22,"mi":"E","mv":619287,"sc":3,"lpe":58.43,"lpr":567.85,"lq":1.45,"d":2596850},{"pi":"422546","pc":"Продукты питания","ss":25000,"td":"Фешенебельный район","dc":7,"n":377.85,"vc":"9870","sl":"Элитный","sv":"71151","p":1700.0,"q":13.34,"b":4.0,"ms":11.49,"wi":116.13,"ei":7.17,"as":2122.22,"mi":"E","mv":619287,"sc":3,"lpe":58.43,"lpr":567.85,"lq":1.45,"d":2596850},{"pi":"422546","pc":"Продукты питания","ss":100000,"td":"Центр города","dc":2,"n":439.09,"vc":"223982","sl":"Элитный","sv":"20000","p":2300.0,"q":28.71,"b":3.92,"ms":3.23,"wi":116.13,"ei":7.17,"as":2122.22,"mi":"E","mv":619287,"sc":3,"lpe":58.43,"lpr":567.85,"lq":1.45,"d":2596850},{"pi":"422546","pc":"Продукты питания","ss":200000,"td":"Центр города","dc":2,"n":516.38,"vc":"2176320","sl":"Нормальный","sv":"505708","p":1550.0,"q":13.39,"b":2.39889042688666,"ms":33.35,"wi":102.86,"ei":10.85,"as":2744.68,"mi":"E","mv":1516587,"sc":5,"lpe":55.18,"lpr":617.07,"lq":1.92,"d":9744630},{"pi":"422546","pc":"Продукты питания","ss":300000,"td":"Фешенебельный район","dc":1,"n":407.21,"vc":"133924","sl":"Элитный","sv":"110000","p":1750.0,"q":14.84,"b":1.34,"ms":7.25,"wi":102.86,"ei":10.85,"as":2744.68,"mi":"E","mv":1516587,"sc":5,"lpe":55.18,"lpr":617.07,"lq":1.92,"d":9744630},{"pi":"422546","pc":"Продукты питания","ss":100000,"td":"Центр города","dc":1,"n":310.52,"vc":"103344","sl":"Элитный","sv":"50000","p":1500.0,"q":14.98,"b":1.34,"ms":3.3,"wi":102.86,"ei":10.85,"as":2744.68,"mi":"E","mv":1516587,"sc":5,"lpe":55.18,"lpr":617.07,"lq":1.92,"d":9744630},{"pi":"422546","pc":"Продукты питания","ss":10000,"td":"Окраина","dc":3,"n":215.29,"vc":"6574","sl":"Элитный","sv":"8000","p":975.0,"q":11.58,"b":0.0,"ms":0.53,"wi":102.86,"ei":10.85,"as":2744.68,"mi":"E","mv":1516587,"sc":5,"lpe":55.18,"lpr":617.07,"lq":1.92,"d":9744630},{"pi":"422546","pc":"Продукты питания","ss":20000,"td":"Центр города","dc":1,"n":150.18,"vc":"14386","sl":"Элитный","sv":"6003","p":1399.99,"q":15.91,"b":2.8535732133933,"ms":0.4,"wi":102.86,"ei":10.85,"as":2744.68,"mi":"E","mv":1516587,"sc":5,"lpe":55.18,"lpr":617.07,"lq":1.92,"d":9744630},{"pi":"422546","pc":"Продукты питания","ss":40000,"td":"Центр города","dc":1,"n":498.68,"vc":"150760","sl":"Очень высокий","sv":"129679","p":1700.0,"q":14.47,"b":4.27,"ms":99.25,"wi":73.18,"ei":7.0,"as":362.16,"mi":"A","mv":130654,"sc":2,"lpe":0.0,"lpr":515.44,"lq":1.78,"d":664549},{"pi":"422546","pc":"Продукты питания","ss":30000,"td":"Центр города","dc":3,"n":365.51,"vc":"25744","sl":"Высокий","sv":"975","p":850.0,"q":4.05,"b":0.0,"ms":0.75,"wi":73.18,"ei":7.0,"as":362.16,"mi":"A","mv":130654,"sc":2,"lpe":0.0,"lpr":515.44,"lq":1.78,"d":664549},{"pi":"422546","pc":"Продукты питания","ss":10000,"td":"Центр города","dc":1,"n":442.91,"vc":"38493","sl":"Очень высокий","sv":"10000","p":2000.0,"q":11.76,"b":0.0,"ms":1.81,"wi":66.45,"ei":6.04,"as":318.0,"mi":"E","mv":552080,"sc":1,"lpe":98.19,"lpr":1057.5,"lq":1.0,"d":2877864},{"pi":"422546","pc":"Продукты питания","ss":20000,"td":"Центр города","dc":1,"n":434.46,"vc":"67935","sl":"Очень высокий","sv":"23775","p":1500.0,"q":12.47,"b":4.24,"ms":8.0,"wi":78.09,"ei":6.42,"as":548.1,"mi":"E","mv":297129,"sc":1,"lpe":92.0,"lpr":903.72,"lq":1.0,"d":1232684},{"pi":"422546","pc":"Продукты питания","ss":22000,"td":"Центр города","dc":1,"n":380.32,"vc":"63138","sl":"Элитный","sv":"30000","p":2000.0,"q":17.61,"b":3.96,"ms":5.67,"wi":99.69,"ei":9.31,"as":1270.5,"mi":"E","mv":529295,"sc":2,"lpe":94.1,"lpr":806.42,"lq":1.0,"d":2836484},{"pi":"422546","pc":"Продукты питания","ss":100000,"td":"Центр города","dc":1,"n":436.78,"vc":"225926","sl":"Элитный","sv":"1235","p":3000.0,"q":14.8,"b":2.7,"ms":0.23,"wi":99.69,"ei":9.31,"as":1270.5,"mi":"E","mv":529295,"sc":2,"lpe":94.1,"lpr":806.42,"lq":1.0,"d":2836484},{"pi":"422546","pc":"Продукты питания","ss":11000,"td":"Фешенебельный район","dc":5,"n":519.39,"vc":"8205","sl":"Очень высокий","sv":"2422","p":3000.0,"q":13.27,"b":4.96,"ms":9.14,"wi":96.46,"ei":8.56,"as":1155.0,"mi":"E","mv":26495,"sc":1,"lpe":90.86,"lpr":1026.04,"lq":1.0,"d":392430},{"pi":"422546","pc":"Продукты питания","ss":10000,"td":"Фешенебельный район","dc":2,"n":441.51,"vc":"5898","sl":"Элитный","sv":"6700","p":5000.0,"q":14.96,"b":0.0,"ms":17.92,"wi":51.22,"ei":6.76,"as":427.68,"mi":"E","mv":37384,"sc":1,"lpe":82.08,"lpr":1221.0,"lq":1.85,"d":988934},{"pi":"422546","pc":"Продукты питания","ss":20000,"td":"Центр города","dc":1,"n":371.56,"vc":"55858","sl":"Очень высокий","sv":"110000","p":2500.0,"q":17.61,"b":4.27,"ms":10.96,"wi":93.34,"ei":5.0,"as":474.39,"mi":"E","mv":1003609,"sc":1,"lpe":89.04,"lpr":860.57,"lq":1.96,"d":2970884},{"pi":"422546","pc":"Продукты питания","ss":200,"td":"Спальный район","dc":2,"n":101.66,"vc":"341","sl":"Нормальный","sv":"150","p":1200.0,"q":3.97,"b":0.0,"ms":0.4,"wi":17.18,"ei":17.09,"as":56.27,"mi":"E","mv":37950,"sc":1,"lpe":99.6,"lpr":1423.9,"lq":1.0,"d":3998532},{"pi":"422546","pc":"Продукты питания","ss":100000,"td":"Центр города","dc":3,"n":378.52,"vc":"120585","sl":"Элитный","sv":"40306","p":2499.0,"q":19.94,"b":4.96,"ms":20.47,"wi":64.2,"ei":7.41,"as":406.66,"mi":"E","mv":196855,"sc":1,"lpe":79.53,"lpr":640.49,"lq":1.75,"d":733921},{"pi":"422546","pc":"Продукты питания","ss":10000,"td":"Фешенебельный район","dc":6,"n":445.04,"vc":"6304","sl":"Очень высокий","sv":"14766","p":2500.0,"q":13.28,"b":4.60906338886631,"ms":21.03,"wi":41.34,"ei":6.24,"as":393.64,"mi":"E","mv":70206,"sc":1,"lpe":78.97,"lpr":680.66,"lq":1.96,"d":1110660},{"pi":"422546","pc":"Продукты питания","ss":100000,"td":"Центр города","dc":1,"n":112.87,"vc":"8938","sl":"Элитный","sv":"7318","p":1450.0,"q":10.91,"b":0.0,"ms":19.94,"wi":25.63,"ei":7.43,"as":348.1,"mi":"E","mv":36692,"sc":1,"lpe":80.06,"lpr":790.1,"lq":1.96,"d":2040764},{"pi":"422546","pc":"Продукты питания","ss":600,"td":"Центр города","dc":1,"n":137.26,"vc":"691","sl":"Низкий","sv":"200","p":2500.0,"q":11.81,"b":0.0,"ms":0.97,"wi":21.72,"ei":12.43,"as":247.46,"mi":"E","mv":20724,"sc":1,"lpe":99.03,"lpr":868.68,"lq":1.0,"d":1377175},{"pi":"422546","pc":"Продукты питания","ss":1000,"td":"Фешенебельный район","dc":2,"n":515.86,"vc":"1221","sl":"Очень высокий","sv":"5000","p":1000.0,"q":3.97,"b":0.0,"ms":7.13,"wi":69.48,"ei":7.76,"as":583.44,"mi":"E","mv":70148,"sc":1,"lpe":92.87,"lpr":1033.48,"lq":1.0,"d":375360},{"pi":"422546","pc":"Продукты питания","ss":1000,"td":"Спальный район","dc":1,"n":246.33,"vc":"1574","sl":"Элитный","sv":"24803","p":1540.0,"q":13.97,"b":1.28657581744144,"ms":21.2,"wi":88.26,"ei":7.25,"as":562.28,"mi":"E","mv":116968,"sc":4,"lpe":68.74,"lpr":703.32,"lq":1.47,"d":598348},{"pi":"422546","pc":"Продукты питания","ss":1000,"td":"Спальный район","dc":1,"n":215.15,"vc":"879","sl":"Очень высокий","sv":"5044","p":1100.0,"q":5.54,"b":0.362712133227597,"ms":4.31,"wi":88.26,"ei":7.25,"as":562.28,"mi":"E","mv":116968,"sc":4,"lpe":68.74,"lpr":703.32,"lq":1.47,"d":598348},{"pi":"422546","pc":"Продукты питания","ss":1000,"td":"Фешенебельный район","dc":2,"n":479.43,"vc":"1172","sl":"Очень высокий","sv":"3814","p":850.0,"q":4.08,"b":0.0,"ms":3.26,"wi":88.26,"ei":7.25,"as":562.28,"mi":"E","mv":116968,"sc":4,"lpe":68.74,"lpr":703.32,"lq":1.47,"d":598348},{"pi":"422546","pc":"Продукты питания","ss":1000,"td":"Центр города","dc":2,"n":151.0,"vc":"817","sl":"Очень высокий","sv":"2900","p":1100.0,"q":15.32,"b":2.7225,"ms":2.48,"wi":88.26,"ei":7.25,"as":562.28,"mi":"E","mv":116968,"sc":4,"lpe":68.74,"lpr":703.32,"lq":1.47,"d":598348},{"pi":"422546","pc":"Продукты питания","ss":45000,"td":"Фешенебельный район","dc":2,"n":488.59,"vc":"23690","sl":"Элитный","sv":"10001","p":1690.0,"q":11.76,"b":0.0,"ms":19.19,"wi":89.42,"ei":9.5,"as":1197.0,"mi":"E","mv":52128,"sc":1,"lpe":80.81,"lpr":847.76,"lq":2.98,"d":573484},{"pi":"422546","pc":"Продукты питания","ss":100000,"td":"Фешенебельный район","dc":1,"n":553.65,"vc":"103497","sl":"Элитный","sv":"20235","p":3000.0,"q":14.83,"b":3.17,"ms":16.67,"wi":98.88,"ei":9.31,"as":1312.5,"mi":"E","mv":121374,"sc":1,"lpe":83.33,"lpr":931.35,"lq":2.54,"d":871981},{"pi":"422546","pc":"Продукты питания","ss":21000,"td":"Центр города","dc":1,"n":431.15,"vc":"70854","sl":"Очень высокий","sv":"20000","p":2200.0,"q":17.61,"b":4.47,"ms":8.6,"wi":96.92,"ei":9.6,"as":1470.0,"mi":"E","mv":232471,"sc":3,"lpe":85.44,"lpr":779.77,"lq":2.43,"d":1347944},{"pi":"422546","pc":"Продукты питания","ss":200000,"td":"Центр города","dc":2,"n":613.63,"vc":"2995416","sl":"Очень низкий","sv":"11458","p":2200.0,"q":11.57,"b":0.0,"ms":4.93,"wi":96.92,"ei":9.6,"as":1470.0,"mi":"E","mv":232471,"sc":3,"lpe":85.44,"lpr":779.77,"lq":2.43,"d":1347944},{"pi":"422546","pc":"Продукты питания","ss":12000,"td":"Спальный район","dc":1,"n":291.94,"vc":"12177","sl":"Очень высокий","sv":"2399","p":1800.0,"q":11.72,"b":0.0,"ms":1.03,"wi":96.92,"ei":9.6,"as":1470.0,"mi":"E","mv":232471,"sc":3,"lpe":85.44,"lpr":779.77,"lq":2.43,"d":1347944},{"pi":"422546","pc":"Продукты питания","ss":1000,"td":"Спальный район","dc":1,"n":443.05,"vc":"2672","sl":"Очень высокий","sv":"7900","p":990.0,"q":8.14,"b":0.999398734177215,"ms":60.31,"wi":55.02,"ei":6.51,"as":504.0,"mi":"D","mv":13099,"sc":2,"lpe":38.93,"lpr":732.04,"lq":1.48,"d":114330},{"pi":"422546","pc":"Продукты питания","ss":600,"td":"Центр города","dc":3,"n":122.82,"vc":"302","sl":"Очень высокий","sv":"100","p":950.0,"q":15.35,"b":2.7225,"ms":0.76,"wi":55.02,"ei":6.51,"as":504.0,"mi":"D","mv":13099,"sc":2,"lpe":38.93,"lpr":732.04,"lq":1.48,"d":114330},{"pi":"422546","pc":"Продукты питания","ss":1000,"td":"Спальный район","dc":6,"n":442.48,"vc":"2913","sl":"Очень низкий","sv":"188","p":3000.0,"q":14.64,"b":0.0,"ms":0.66,"wi":72.69,"ei":6.62,"as":475.0,"mi":"E","mv":28272,"sc":2,"lpe":98.8,"lpr":1058.73,"lq":1.0,"d":147806},{"pi":"422546","pc":"Продукты питания","ss":500,"td":"Центр города","dc":9,"n":418.93,"vc":"1378","sl":"Очень низкий","sv":"150","p":1100.0,"q":14.98,"b":1.77,"ms":0.53,"wi":72.69,"ei":6.62,"as":475.0,"mi":"E","mv":28272,"sc":2,"lpe":98.8,"lpr":1058.73,"lq":1.0,"d":147806},{"pi":"422546","pc":"Продукты питания","ss":1000,"td":"Фешенебельный район","dc":1,"n":264.57,"vc":"213","sl":"Элитный","sv":"837","p":3500.0,"q":15.32,"b":2.72358422939068,"ms":2.86,"wi":64.84,"ei":6.72,"as":456.0,"mi":"E","mv":29242,"sc":1,"lpe":97.14,"lpr":1019.69,"lq":1.0,"d":145230},{"pi":"422546","pc":"Продукты питания","ss":1100,"td":"Фешенебельный район","dc":1,"n":377.89,"vc":"439","sl":"Элитный","sv":"20","p":900.0,"q":3.97,"b":0.0,"ms":0.06,"wi":45.48,"ei":7.34,"as":367.54,"mi":"E","mv":30780,"sc":1,"lpe":99.94,"lpr":908.64,"lq":1.0,"d":793016},{"pi":"422546","pc":"Продукты питания","ss":1000,"td":"Центр города","dc":1,"n":642.29,"vc":"6363","sl":"Нормальный","sv":"4900","p":1100.0,"q":10.69,"b":1.9575,"ms":54.98,"wi":47.9,"ei":6.51,"as":503.58,"mi":"D","mv":8912,"sc":3,"lpe":0.0,"lpr":837.46,"lq":1.7,"d":80987},{"pi":"422546","pc":"Продукты питания","ss":700,"td":"Фешенебельный район","dc":1,"n":642.29,"vc":"701","sl":"Очень высокий","sv":"3252","p":1100.0,"q":3.97,"b":0.0,"ms":36.49,"wi":47.9,"ei":6.51,"as":503.58,"mi":"D","mv":8912,"sc":3,"lpe":0.0,"lpr":837.46,"lq":1.7,"d":80987},{"pi":"422546","pc":"Продукты питания","ss":1000,"td":"Спальный район","dc":1,"n":357.05,"vc":"1434","sl":"Элитный","sv":"300","p":1100.0,"q":15.35,"b":3.3075,"ms":3.37,"wi":47.9,"ei":6.51,"as":503.58,"mi":"D","mv":8912,"sc":3,"lpe":0.0,"lpr":837.46,"lq":1.7,"d":80987},{"pi":"422546","pc":"Продукты питания","ss":1000,"td":"Спальный район","dc":2,"n":326.12,"vc":"894","sl":"Очень низкий","sv":"3971","p":1100.0,"q":12.78,"b":0.989501385041551,"ms":32.36,"wi":50.7,"ei":6.73,"as":507.15,"mi":"E","mv":12273,"sc":3,"lpe":52.33,"lpr":751.15,"lq":1.88,"d":104817},{"pi":"422546","pc":"Продукты питания","ss":1000,"td":"Центр города","dc":1,"n":353.1,"vc":"1387","sl":"Низкий","sv":"1879","p":1700.0,"q":13.08,"b":1.27441724321448,"ms":15.31,"wi":50.7,"ei":6.73,"as":507.15,"mi":"E","mv":12273,"sc":3,"lpe":52.33,"lpr":751.15,"lq":1.88,"d":104817},{"pi":"422546","pc":"Продукты питания","ss":1000,"td":"Фешенебельный район","dc":1,"n":319.94,"vc":"173","sl":"Нормальный","sv":"1","p":1500.0,"q":16.51,"b":4.41,"ms":0.01,"wi":50.7,"ei":6.73,"as":507.15,"mi":"E","mv":12273,"sc":3,"lpe":52.33,"lpr":751.15,"lq":1.88,"d":104817},{"pi":"422546","pc":"Продукты питания","ss":200000,"td":"Центр города","dc":2,"n":558.06,"vc":"2449456","sl":"Низкий","sv":"80000","p":1000.0,"q":11.37,"b":0.0,"ms":15.5,"wi":48.46,"ei":12.08,"as":459.52,"mi":"E","mv":515964,"sc":2,"lpe":84.48,"lpr":975.72,"lq":1.74,"d":3957256},{"pi":"422546","pc":"Продукты питания","ss":1000,"td":"Фешенебельный район","dc":9,"n":64.15,"vc":"145","sl":"Элитный","sv":"100","p":1200.0,"q":3.97,"b":0.0,"ms":0.02,"wi":48.46,"ei":12.08,"as":459.52,"mi":"E","mv":515964,"sc":2,"lpe":84.48,"lpr":975.72,"lq":1.74,"d":3957256},{"pi":"422546","pc":"Продукты питания","ss":1000,"td":"Спальный район","dc":1,"n":373.72,"vc":"1176","sl":"Низкий","sv":"1000","p":1159.0,"q":15.33,"b":3.3075,"ms":8.43,"wi":49.7,"ei":6.62,"as":507.15,"mi":"E","mv":11859,"sc":1,"lpe":91.57,"lpr":1025.87,"lq":1.0,"d":106621}]