[{"pi":"3965","pc":"Товары для дома","ss":111000,"td":"Центр города","dc":1,"n":412.38,"vc":"211400","sl":"Очень высокий","sv":"174","p":70000.0,"q":14.58,"b":0.0,"ms":1.1,"wi":79.69,"ei":7.96,"as":460.44,"mi":"E","mv":15869,"sc":1,"lpe":98.9,"lpr":18058.34,"lq":1.0,"d":1126758},{"pi":"3965","pc":"Товары для дома","ss":600,"td":"Центр города","dc":2,"n":88.51,"vc":"358","sl":"Низкий","sv":"5","p":21095.0,"q":7.37,"b":0.0,"ms":0.05,"wi":62.66,"ei":4.86,"as":190.49,"mi":"E","mv":11105,"sc":2,"lpe":99.95,"lpr":8831.44,"lq":1.0,"d":461850},{"pi":"3965","pc":"Товары для дома","ss":1500,"td":"Центр города","dc":2,"n":81.07,"vc":"528","sl":"Очень высокий","sv":"1","p":8268.0,"q":10.69,"b":0.0,"ms":0.01,"wi":62.66,"ei":4.86,"as":190.49,"mi":"E","mv":11105,"sc":2,"lpe":99.95,"lpr":8831.44,"lq":1.0,"d":461850},{"pi":"3965","pc":"Товары для дома","ss":100000,"td":"Окраина","dc":1,"n":531.3,"vc":"512001","sl":"Очень высокий","sv":"1358","p":47000.0,"q":38.87,"b":0.0,"ms":5.15,"wi":57.18,"ei":9.78,"as":414.59,"mi":"E","mv":26372,"sc":1,"lpe":94.85,"lpr":13276.63,"lq":1.0,"d":2957344},{"pi":"3965","pc":"Товары для дома","ss":100000,"td":"Центр города","dc":1,"n":115.1,"vc":"9299","sl":"Элитный","sv":"8","p":13001.0,"q":35.02,"b":0.84,"ms":0.02,"wi":64.63,"ei":11.74,"as":541.52,"mi":"E","mv":43159,"sc":1,"lpe":99.98,"lpr":13179.52,"lq":1.0,"d":2194890},{"pi":"3965","pc":"Товары для дома","ss":200000,"td":"Пригород","dc":2,"n":342.82,"vc":"36750","sl":"Элитный","sv":"120","p":60000.0,"q":14.66,"b":0.0,"ms":0.6,"wi":108.89,"ei":6.9,"as":793.8,"mi":"E","mv":19872,"sc":1,"lpe":99.4,"lpr":18720.0,"lq":1.0,"d":638590},{"pi":"3965","pc":"Товары для дома","ss":1000,"td":"Центр города","dc":2,"n":104.39,"vc":"734","sl":"Элитный","sv":"100","p":10000.0,"q":37.74,"b":1.01,"ms":1.33,"wi":148.38,"ei":9.3,"as":1256.62,"mi":"E","mv":7527,"sc":1,"lpe":98.67,"lpr":28742.52,"lq":1.0,"d":932960},{"pi":"3965","pc":"Товары для дома","ss":100000,"td":"Центр города","dc":1,"n":451.66,"vc":"271023","sl":"Очень высокий","sv":"3000","p":30000.0,"q":19.68,"b":0.0,"ms":10.44,"wi":138.85,"ei":7.1,"as":871.5,"mi":"E","mv":28726,"sc":1,"lpe":89.56,"lpr":25993.71,"lq":1.33,"d":995186},{"pi":"3965","pc":"Товары для дома","ss":500,"td":"Центр города","dc":1,"n":192.24,"vc":"286","sl":"Элитный","sv":"263","p":31200.0,"q":19.92,"b":0.0,"ms":41.09,"wi":209.21,"ei":9.6,"as":1461.1,"mi":"E","mv":640,"sc":1,"lpe":58.91,"lpr":21412.0,"lq":2.55,"d":52683},{"pi":"3965","pc":"Товары для дома","ss":100000,"td":"Фешенебельный район","dc":1,"n":628.33,"vc":"246514","sl":"Элитный","sv":"2","p":100000.0,"q":16.61,"b":0.0,"ms":0.0,"wi":59.47,"ei":10.9,"as":441.22,"mi":"E","mv":42723,"sc":2,"lpe":99.99,"lpr":17115.78,"lq":1.0,"d":4261006},{"pi":"3965","pc":"Товары для дома","ss":500,"td":"Фешенебельный район","dc":8,"n":22.1,"vc":"87","sl":"Очень высокий","sv":"2","p":41000.0,"q":6.63,"b":0.0,"ms":0.0,"wi":59.47,"ei":10.9,"as":441.22,"mi":"E","mv":42723,"sc":2,"lpe":99.99,"lpr":17115.78,"lq":1.0,"d":4261006},{"pi":"3965","pc":"Товары для дома","ss":100000,"td":"Центр города","dc":1,"n":120.12,"vc":"10632","sl":"Очень высокий","sv":"527","p":10001.0,"q":35.57,"b":0.87,"ms":6.16,"wi":127.84,"ei":9.72,"as":447.17,"mi":"E","mv":8558,"sc":1,"lpe":93.84,"lpr":7910.87,"lq":1.0,"d":3094398},{"pi":"3965","pc":"Товары для дома","ss":10000,"td":"Центр города","dc":1,"n":569.41,"vc":"50090","sl":"Очень высокий","sv":"789","p":21000.0,"q":27.27,"b":2.23,"ms":16.2,"wi":59.5,"ei":10.64,"as":307.4,"mi":"E","mv":4871,"sc":1,"lpe":83.8,"lpr":4794.31,"lq":1.01,"d":581719},{"pi":"3965","pc":"Товары для дома","ss":200000,"td":"Пригород","dc":2,"n":321.35,"vc":"34154","sl":"Элитный","sv":"810","p":60000.0,"q":14.66,"b":0.0,"ms":8.31,"wi":172.95,"ei":8.79,"as":713.61,"mi":"E","mv":9743,"sc":1,"lpe":91.69,"lpr":21901.08,"lq":1.0,"d":980541},{"pi":"3965","pc":"Товары для дома","ss":300000,"td":"Фешенебельный район","dc":3,"n":298.31,"vc":"34895","sl":"Элитный","sv":"26620","p":140000.0,"q":16.36,"b":0.187551840721262,"ms":18.88,"wi":130.83,"ei":9.99,"as":1301.44,"mi":"E","mv":140988,"sc":2,"lpe":80.94,"lpr":55659.45,"lq":1.22,"d":14649834},{"pi":"3965","pc":"Товары для дома","ss":2000,"td":"Центр города","dc":1,"n":166.38,"vc":"3892","sl":"Элитный","sv":"250","p":55000.0,"q":12.4,"b":0.0,"ms":0.18,"wi":130.83,"ei":9.99,"as":1301.44,"mi":"E","mv":140988,"sc":2,"lpe":80.94,"lpr":55659.45,"lq":1.22,"d":14649834},{"pi":"3965","pc":"Товары для дома","ss":700,"td":"Центр города","dc":1,"n":107.81,"vc":"512","sl":"Элитный","sv":"1","p":25000.0,"q":20.03,"b":0.0,"ms":0.01,"wi":56.04,"ei":4.2,"as":229.73,"mi":"E","mv":18295,"sc":2,"lpe":99.99,"lpr":4512.64,"lq":1.0,"d":644489},{"pi":"3965","pc":"Товары для дома","ss":1500,"td":"Центр города","dc":2,"n":39.02,"vc":"492","sl":"Очень высокий","sv":"1","p":4512.0,"q":10.69,"b":0.0,"ms":0.01,"wi":56.04,"ei":4.2,"as":229.73,"mi":"E","mv":18295,"sc":2,"lpe":99.99,"lpr":4512.64,"lq":1.0,"d":644489},{"pi":"3965","pc":"Товары для дома","ss":1000,"td":"Центр города","dc":3,"n":64.39,"vc":"353","sl":"Элитный","sv":"5","p":62133.0,"q":9.48,"b":0.0,"ms":0.07,"wi":162.72,"ei":7.14,"as":518.83,"mi":"E","mv":7022,"sc":1,"lpe":99.93,"lpr":18451.78,"lq":1.0,"d":219018},{"pi":"3965","pc":"Товары для дома","ss":1000,"td":"Центр города","dc":1,"n":98.81,"vc":"767","sl":"Элитный","sv":"10","p":12002.0,"q":37.74,"b":0.9,"ms":0.03,"wi":125.62,"ei":10.15,"as":963.22,"mi":"E","mv":37642,"sc":1,"lpe":99.97,"lpr":14553.32,"lq":1.0,"d":1161098},{"pi":"3965","pc":"Товары для дома","ss":100000,"td":"Центр города","dc":1,"n":375.69,"vc":"186141","sl":"Элитный","sv":"1200","p":95000.0,"q":33.13,"b":0.0,"ms":2.1,"wi":83.74,"ei":7.13,"as":439.98,"mi":"E","mv":57242,"sc":3,"lpe":97.59,"lpr":27428.16,"lq":1.0,"d":2742310},{"pi":"3965","pc":"Товары для дома","ss":100000,"td":"Центр города","dc":1,"n":371.24,"vc":"178342","sl":"Элитный","sv":"151","p":120000.0,"q":29.41,"b":0.00370860927152318,"ms":0.26,"wi":83.74,"ei":7.13,"as":439.98,"mi":"E","mv":57242,"sc":3,"lpe":97.59,"lpr":27428.16,"lq":1.0,"d":2742310},{"pi":"3965","pc":"Товары для дома","ss":100000,"td":"Центр города","dc":1,"n":412.11,"vc":"176120","sl":"Элитный","sv":"31","p":89999.99,"q":31.27,"b":0.0496774193548387,"ms":0.05,"wi":83.74,"ei":7.13,"as":439.98,"mi":"E","mv":57242,"sc":3,"lpe":97.59,"lpr":27428.16,"lq":1.0,"d":2742310},{"pi":"3965","pc":"Товары для дома","ss":100000,"td":"Фешенебельный район","dc":1,"n":603.68,"vc":"130977","sl":"Элитный","sv":"1000","p":61000.0,"q":38.85,"b":4.69,"ms":2.23,"wi":113.04,"ei":8.54,"as":476.48,"mi":"E","mv":44799,"sc":1,"lpe":97.77,"lpr":15776.04,"lq":1.0,"d":1376961},{"pi":"3965","pc":"Товары для дома","ss":100000,"td":"Центр города","dc":1,"n":155.15,"vc":"8603","sl":"Элитный","sv":"692","p":6000.0,"q":29.75,"b":0.21,"ms":10.01,"wi":41.94,"ei":4.01,"as":428.85,"mi":"E","mv":6915,"sc":1,"lpe":89.99,"lpr":2024.64,"lq":1.0,"d":572524},{"pi":"3965","pc":"Товары для дома","ss":100000,"td":"Фешенебельный район","dc":1,"n":660.31,"vc":"400601","sl":"Нормальный","sv":"178","p":100000.0,"q":30.05,"b":0.22,"ms":0.09,"wi":133.84,"ei":10.12,"as":1138.38,"mi":"E","mv":205795,"sc":3,"lpe":99.9,"lpr":20301.19,"lq":1.0,"d":7087010},{"pi":"3965","pc":"Товары для дома","ss":200000,"td":"Центр города","dc":2,"n":426.33,"vc":"508588","sl":"Нормальный","sv":"20","p":106580.0,"q":30.41,"b":0.0,"ms":0.01,"wi":133.84,"ei":10.12,"as":1138.38,"mi":"E","mv":205795,"sc":3,"lpe":99.9,"lpr":20301.19,"lq":1.0,"d":7087010},{"pi":"3965","pc":"Товары для дома","ss":100000,"td":"Центр города","dc":1,"n":643.13,"vc":"2264143","sl":"Низкий","sv":"12","p":131000.0,"q":23.01,"b":4.11,"ms":0.01,"wi":133.84,"ei":10.12,"as":1138.38,"mi":"E","mv":205795,"sc":3,"lpe":99.9,"lpr":20301.19,"lq":1.0,"d":7087010},{"pi":"3965","pc":"Товары для дома","ss":100000,"td":"Центр города","dc":1,"n":497.29,"vc":"371305","sl":"Элитный","sv":"274","p":93000.0,"q":26.14,"b":4.01,"ms":0.25,"wi":150.46,"ei":9.22,"as":844.62,"mi":"E","mv":109602,"sc":1,"lpe":99.75,"lpr":16243.9,"lq":1.0,"d":2224798},{"pi":"3965","pc":"Товары для дома","ss":200000,"td":"Центр города","dc":2,"n":472.72,"vc":"575664","sl":"Нормальный","sv":"2126","p":102300.0,"q":15.85,"b":0.0,"ms":2.0,"wi":272.68,"ei":8.68,"as":904.39,"mi":"E","mv":106449,"sc":2,"lpe":97.97,"lpr":32153.65,"lq":1.0,"d":2542664},{"pi":"3965","pc":"Товары для дома","ss":100000,"td":"Центр города","dc":3,"n":373.74,"vc":"177908","sl":"Низкий","sv":"31","p":137000.0,"q":40.06,"b":0.0,"ms":0.03,"wi":272.68,"ei":8.68,"as":904.39,"mi":"E","mv":106449,"sc":2,"lpe":97.97,"lpr":32153.65,"lq":1.0,"d":2542664},{"pi":"3965","pc":"Товары для дома","ss":100000,"td":"Центр города","dc":1,"n":434.99,"vc":"167369","sl":"Элитный","sv":"2579","p":10000.0,"q":20.08,"b":0.64,"ms":8.28,"wi":33.53,"ei":9.72,"as":745.56,"mi":"E","mv":31138,"sc":1,"lpe":91.72,"lpr":4363.29,"lq":1.0,"d":1726422},{"pi":"3965","pc":"Товары для дома","ss":200000,"td":"Центр города","dc":1,"n":622.21,"vc":"2162192","sl":"Очень низкий","sv":"500","p":92000.0,"q":31.2,"b":0.05,"ms":0.98,"wi":158.19,"ei":10.48,"as":1309.04,"mi":"E","mv":50793,"sc":2,"lpe":99.01,"lpr":34344.29,"lq":1.0,"d":1310736},{"pi":"3965","pc":"Товары для дома","ss":10000,"td":"Центр города","dc":5,"n":324.4,"vc":"12168","sl":"Высокий","sv":"2","p":164756.0,"q":40.06,"b":0.0,"ms":0.0,"wi":158.19,"ei":10.48,"as":1309.04,"mi":"E","mv":50793,"sc":2,"lpe":99.01,"lpr":34344.29,"lq":1.0,"d":1310736},{"pi":"3965","pc":"Товары для дома","ss":100000,"td":"Фешенебельный район","dc":1,"n":681.16,"vc":"262407","sl":"Элитный","sv":"1025","p":100000.0,"q":30.05,"b":0.22,"ms":1.63,"wi":151.36,"ei":8.51,"as":542.28,"mi":"E","mv":62911,"sc":2,"lpe":98.34,"lpr":17174.45,"lq":1.0,"d":1193148},{"pi":"3965","pc":"Товары для дома","ss":40000,"td":"Центр города","dc":1,"n":476.29,"vc":"110598","sl":"Элитный","sv":"20","p":60000.0,"q":7.38,"b":0.0,"ms":0.03,"wi":151.36,"ei":8.51,"as":542.28,"mi":"E","mv":62911,"sc":2,"lpe":98.34,"lpr":17174.45,"lq":1.0,"d":1193148},{"pi":"3965","pc":"Товары для дома","ss":100000,"td":"Фешенебельный район","dc":1,"n":598.19,"vc":"169481","sl":"Элитный","sv":"5000","p":35000.0,"q":26.49,"b":0.0,"ms":4.28,"wi":120.36,"ei":11.52,"as":869.1,"mi":"E","mv":116833,"sc":4,"lpe":94.24,"lpr":16090.03,"lq":1.0,"d":3343500},{"pi":"3965","pc":"Товары для дома","ss":100000,"td":"Фешенебельный район","dc":1,"n":643.67,"vc":"393675","sl":"Элитный","sv":"1500","p":51000.0,"q":38.85,"b":5.03,"ms":1.28,"wi":120.36,"ei":11.52,"as":869.1,"mi":"E","mv":116833,"sc":4,"lpe":94.24,"lpr":16090.03,"lq":1.0,"d":3343500},{"pi":"3965","pc":"Товары для дома","ss":100000,"td":"Центр города","dc":1,"n":386.44,"vc":"147482","sl":"Элитный","sv":"146","p":59000.0,"q":16.61,"b":0.28,"ms":0.12,"wi":120.36,"ei":11.52,"as":869.1,"mi":"E","mv":116833,"sc":4,"lpe":94.24,"lpr":16090.03,"lq":1.0,"d":3343500},{"pi":"3965","pc":"Товары для дома","ss":100000,"td":"Центр города","dc":1,"n":382.95,"vc":"142614","sl":"Элитный","sv":"87","p":61000.0,"q":16.61,"b":0.28,"ms":0.07,"wi":120.36,"ei":11.52,"as":869.1,"mi":"E","mv":116833,"sc":4,"lpe":94.24,"lpr":16090.03,"lq":1.0,"d":3343500},{"pi":"3965","pc":"Товары для дома","ss":100000,"td":"Центр города","dc":1,"n":544.29,"vc":"558579","sl":"Очень высокий","sv":"1513","p":80000.0,"q":26.91,"b":1.04,"ms":8.42,"wi":105.18,"ei":8.22,"as":465.04,"mi":"E","mv":17965,"sc":2,"lpe":91.57,"lpr":22175.76,"lq":1.0,"d":1964024},{"pi":"3965","pc":"Товары для дома","ss":100000,"td":"Центр города","dc":1,"n":444.03,"vc":"212998","sl":"Очень высокий","sv":"1","p":99999.99,"q":25.77,"b":0.13,"ms":0.01,"wi":105.18,"ei":8.22,"as":465.04,"mi":"E","mv":17965,"sc":2,"lpe":91.57,"lpr":22175.76,"lq":1.0,"d":1964024},{"pi":"3965","pc":"Товары для дома","ss":100000,"td":"Фешенебельный район","dc":1,"n":693.67,"vc":"228362","sl":"Элитный","sv":"565","p":100000.0,"q":30.05,"b":0.22,"ms":1.82,"wi":183.03,"ei":6.32,"as":398.5,"mi":"E","mv":31022,"sc":2,"lpe":98.18,"lpr":17170.79,"lq":1.0,"d":568886},{"pi":"3965","pc":"Товары для дома","ss":100000,"td":"Центр города","dc":1,"n":724.83,"vc":"1991098","sl":"Очень низкий","sv":"1","p":55000.0,"q":9.38,"b":0.0,"ms":0.0,"wi":183.03,"ei":6.32,"as":398.5,"mi":"E","mv":31022,"sc":2,"lpe":98.18,"lpr":17170.79,"lq":1.0,"d":568886},{"pi":"3965","pc":"Товары для дома","ss":100000,"td":"Фешенебельный район","dc":1,"n":692.7,"vc":"230456","sl":"Элитный","sv":"1356","p":80000.0,"q":30.05,"b":0.22,"ms":4.15,"wi":154.33,"ei":6.46,"as":432.7,"mi":"E","mv":32700,"sc":1,"lpe":95.85,"lpr":14130.41,"lq":1.0,"d":599680},{"pi":"3965","pc":"Товары для дома","ss":100000,"td":"Фешенебельный район","dc":2,"n":684.76,"vc":"228800","sl":"Очень высокий","sv":"100","p":49000.0,"q":32.15,"b":2.25,"ms":2.46,"wi":109.14,"ei":5.4,"as":490.3,"mi":"E","mv":4069,"sc":1,"lpe":97.54,"lpr":18818.83,"lq":1.0,"d":243658},{"pi":"3965","pc":"Товары для дома","ss":10000,"td":"Спальный район","dc":1,"n":140.28,"vc":"4611","sl":"Элитный","sv":"1089","p":30002.0,"q":32.53,"b":0.65,"ms":0.98,"wi":97.4,"ei":7.67,"as":500.44,"mi":"E","mv":111153,"sc":3,"lpe":98.63,"lpr":31729.6,"lq":1.0,"d":9120796},{"pi":"3965","pc":"Товары для дома","ss":100000,"td":"Центр города","dc":1,"n":622.93,"vc":"2036442","sl":"Низкий","sv":"435","p":115000.0,"q":23.8,"b":4.06,"ms":0.39,"wi":97.4,"ei":7.67,"as":500.44,"mi":"E","mv":111153,"sc":3,"lpe":98.63,"lpr":31729.6,"lq":1.0,"d":9120796},{"pi":"3965","pc":"Товары для дома","ss":500,"td":"Спальный район","dc":4,"n":184.09,"vc":"1305","sl":"Очень низкий","sv":"1","p":39000.0,"q":9.26,"b":0.0,"ms":0.0,"wi":97.4,"ei":7.67,"as":500.44,"mi":"E","mv":111153,"sc":3,"lpe":98.63,"lpr":31729.6,"lq":1.0,"d":9120796},{"pi":"3965","pc":"Товары для дома","ss":100000,"td":"Спальный район","dc":1,"n":434.06,"vc":"122007","sl":"Элитный","sv":"3643","p":127400.0,"q":33.13,"b":0.0,"ms":14.4,"wi":128.49,"ei":11.47,"as":1034.0,"mi":"E","mv":25294,"sc":1,"lpe":85.6,"lpr":40100.09,"lq":1.35,"d":1195907},{"pi":"3965","pc":"Товары для дома","ss":200000,"td":"Фешенебельный район","dc":3,"n":555.6,"vc":"192232","sl":"Элитный","sv":"2976","p":35000.0,"q":21.68,"b":0.0,"ms":7.98,"wi":173.49,"ei":6.56,"as":364.0,"mi":"E","mv":37300,"sc":1,"lpe":92.02,"lpr":6935.28,"lq":1.0,"d":668814},{"pi":"3965","pc":"Товары для дома","ss":100000,"td":"Фешенебельный район","dc":2,"n":630.85,"vc":"310866","sl":"Очень высокий","sv":"16","p":100000.0,"q":30.05,"b":0.0,"ms":0.02,"wi":113.51,"ei":8.53,"as":638.15,"mi":"E","mv":105198,"sc":1,"lpe":99.98,"lpr":20726.25,"lq":1.0,"d":7713964},{"pi":"3965","pc":"Товары для дома","ss":120000,"td":"Центр города","dc":7,"n":424.31,"vc":"391288","sl":"Низкий","sv":"686","p":40000.0,"q":29.31,"b":0.0,"ms":0.34,"wi":93.19,"ei":7.44,"as":591.34,"mi":"E","mv":201204,"sc":3,"lpe":99.64,"lpr":12395.75,"lq":1.0,"d":12407402},{"pi":"3965","pc":"Товары для дома","ss":100000,"td":"Фешенебельный район","dc":1,"n":624.9,"vc":"346710","sl":"Элитный","sv":"35","p":70000.0,"q":30.05,"b":0.0,"ms":0.02,"wi":93.19,"ei":7.44,"as":591.34,"mi":"E","mv":201204,"sc":3,"lpe":99.64,"lpr":12395.75,"lq":1.0,"d":12407402},{"pi":"3965","pc":"Товары для дома","ss":100000,"td":"Центр города","dc":2,"n":94.88,"vc":"14142","sl":"Элитный","sv":"1","p":63000.0,"q":29.31,"b":0.0,"ms":0.0,"wi":93.19,"ei":7.44,"as":591.34,"mi":"E","mv":201204,"sc":3,"lpe":99.64,"lpr":12395.75,"lq":1.0,"d":12407402},{"pi":"3965","pc":"Товары для дома","ss":10000,"td":"Центр города","dc":1,"n":63.37,"vc":"2508","sl":"Элитный","sv":"2231","p":45000.0,"q":19.92,"b":0.54,"ms":14.56,"wi":90.5,"ei":7.31,"as":646.78,"mi":"E","mv":15323,"sc":1,"lpe":85.44,"lpr":31242.71,"lq":3.4,"d":3572910},{"pi":"3965","pc":"Товары для дома","ss":100000,"td":"Окраина","dc":6,"n":181.19,"vc":"13528","sl":"Элитный","sv":"1643","p":80000.0,"q":14.58,"b":0.0,"ms":37.8,"wi":111.51,"ei":21.28,"as":1468.66,"mi":"D","mv":4346,"sc":4,"lpe":49.26,"lpr":42692.11,"lq":2.74,"d":1378830},{"pi":"3965","pc":"Товары для дома","ss":100000,"td":"Спальный район","dc":1,"n":474.4,"vc":"189017","sl":"Элитный","sv":"522","p":128800.0,"q":33.13,"b":0.0,"ms":12.01,"wi":111.51,"ei":21.28,"as":1468.66,"mi":"D","mv":4346,"sc":4,"lpe":49.26,"lpr":42692.11,"lq":2.74,"d":1378830},{"pi":"3965","pc":"Товары для дома","ss":10000,"td":"Центр города","dc":1,"n":417.55,"vc":"24665","sl":"Нормальный","sv":"39","p":84065.6708,"q":14.7,"b":0.0,"ms":0.9,"wi":111.51,"ei":21.28,"as":1468.66,"mi":"D","mv":4346,"sc":4,"lpe":49.26,"lpr":42692.11,"lq":2.74,"d":1378830},{"pi":"3965","pc":"Товары для дома","ss":500,"td":"Центр города","dc":5,"n":65.21,"vc":"487","sl":"Нормальный","sv":"1","p":50000.0,"q":9.26,"b":0.0,"ms":0.02,"wi":111.51,"ei":21.28,"as":1468.66,"mi":"D","mv":4346,"sc":4,"lpe":49.26,"lpr":42692.11,"lq":2.74,"d":1378830},{"pi":"3965","pc":"Товары для дома","ss":100000,"td":"Фешенебельный район","dc":1,"n":580.25,"vc":"123769","sl":"Элитный","sv":"1000","p":45000.0,"q":38.85,"b":0.0,"ms":7.21,"wi":61.24,"ei":15.08,"as":781.94,"mi":"E","mv":13865,"sc":2,"lpe":92.39,"lpr":23674.61,"lq":1.0,"d":2743369},{"pi":"3965","pc":"Товары для дома","ss":251000,"td":"Центр города","dc":10,"n":375.51,"vc":"240776","sl":"Нормальный","sv":"55","p":78999.0,"q":15.96,"b":0.0,"ms":0.4,"wi":61.24,"ei":15.08,"as":781.94,"mi":"E","mv":13865,"sc":2,"lpe":92.39,"lpr":23674.61,"lq":1.0,"d":2743369},{"pi":"3965","pc":"Товары для дома","ss":100000,"td":"Фешенебельный район","dc":1,"n":683.0,"vc":"428104","sl":"Элитный","sv":"924","p":108847.0,"q":33.13,"b":0.0,"ms":5.26,"wi":137.8,"ei":10.61,"as":621.19,"mi":"E","mv":17578,"sc":1,"lpe":94.74,"lpr":32078.27,"lq":1.0,"d":1442170},{"pi":"3965","pc":"Товары для дома","ss":300000,"td":"Центр города","dc":1,"n":451.48,"vc":"464493","sl":"Очень высокий","sv":"57533","p":15559.68,"q":19.39,"b":0.0,"ms":98.29,"wi":103.47,"ei":10.86,"as":552.15,"mi":"A","mv":58533,"sc":2,"lpe":0.0,"lpr":12593.76,"lq":1.08,"d":1422751},{"pi":"3965","pc":"Товары для дома","ss":100000,"td":"Центр города","dc":5,"n":425.62,"vc":"239097","sl":"Очень низкий","sv":"1000","p":16000.0,"q":19.68,"b":0.0,"ms":1.71,"wi":103.47,"ei":10.86,"as":552.15,"mi":"A","mv":58533,"sc":2,"lpe":0.0,"lpr":12593.76,"lq":1.08,"d":1422751},{"pi":"3965","pc":"Товары для дома","ss":300000,"td":"Центр города","dc":2,"n":352.37,"vc":"178462","sl":"Очень высокий","sv":"2337","p":115000.0,"q":33.13,"b":0.0,"ms":9.09,"wi":165.4,"ei":7.13,"as":2149.24,"mi":"E","mv":25705,"sc":2,"lpe":89.55,"lpr":41903.85,"lq":1.54,"d":1406244},{"pi":"3965","pc":"Товары для дома","ss":100000,"td":"Центр города","dc":1,"n":419.43,"vc":"224361","sl":"Элитный","sv":"349","p":145000.0,"q":29.32,"b":0.0,"ms":1.36,"wi":165.4,"ei":7.13,"as":2149.24,"mi":"E","mv":25705,"sc":2,"lpe":89.55,"lpr":41903.85,"lq":1.54,"d":1406244},{"pi":"3965","pc":"Товары для дома","ss":1000,"td":"Центр города","dc":1,"n":201.96,"vc":"1085","sl":"Элитный","sv":"200","p":10000.0,"q":16.03,"b":0.0,"ms":0.59,"wi":84.7,"ei":9.76,"as":655.05,"mi":"E","mv":34017,"sc":1,"lpe":99.41,"lpr":11704.65,"lq":1.0,"d":1001578},{"pi":"3965","pc":"Товары для дома","ss":100000,"td":"Центр города","dc":1,"n":131.18,"vc":"5120","sl":"Элитный","sv":"915","p":13001.0,"q":37.52,"b":0.89,"ms":6.39,"wi":110.31,"ei":6.71,"as":548.24,"mi":"E","mv":14330,"sc":2,"lpe":93.55,"lpr":6911.32,"lq":1.0,"d":414752},{"pi":"3965","pc":"Товары для дома","ss":100000,"td":"Фешенебельный район","dc":1,"n":676.17,"vc":"144959","sl":"Элитный","sv":"10","p":50000.0,"q":29.11,"b":0.22,"ms":0.07,"wi":110.31,"ei":6.71,"as":548.24,"mi":"E","mv":14330,"sc":2,"lpe":93.55,"lpr":6911.32,"lq":1.0,"d":414752},{"pi":"3965","pc":"Товары для дома","ss":10000,"td":"Спальный район","dc":2,"n":41.91,"vc":"628","sl":"Элитный","sv":"465","p":38578.38,"q":15.96,"b":0.08,"ms":8.39,"wi":119.01,"ei":6.86,"as":563.33,"mi":"E","mv":5543,"sc":1,"lpe":91.61,"lpr":21397.46,"lq":1.0,"d":255191},{"pi":"3965","pc":"Товары для дома","ss":100000,"td":"Фешенебельный район","dc":1,"n":667.11,"vc":"154607","sl":"Элитный","sv":"8","p":130000.0,"q":29.55,"b":0.22,"ms":0.04,"wi":132.83,"ei":7.91,"as":562.12,"mi":"E","mv":19442,"sc":1,"lpe":99.96,"lpr":19329.88,"lq":1.0,"d":459675},{"pi":"3965","pc":"Товары для дома","ss":200000,"td":"Пригород","dc":2,"n":360.13,"vc":"40483","sl":"Элитный","sv":"1230","p":65000.0,"q":17.87,"b":0.0,"ms":9.74,"wi":154.13,"ei":11.52,"as":2054.36,"mi":"E","mv":12631,"sc":2,"lpe":90.02,"lpr":26023.47,"lq":3.04,"d":503226},{"pi":"3965","pc":"Товары для дома","ss":800,"td":"Спальный район","dc":3,"n":80.19,"vc":"349","sl":"Нормальный","sv":"30","p":35895.0,"q":7.38,"b":0.0,"ms":0.24,"wi":154.13,"ei":11.52,"as":2054.36,"mi":"E","mv":12631,"sc":2,"lpe":90.02,"lpr":26023.47,"lq":3.04,"d":503226},{"pi":"3965","pc":"Товары для дома","ss":1000,"td":"Центр города","dc":1,"n":264.45,"vc":"996","sl":"Элитный","sv":"100","p":2000.0,"q":16.03,"b":0.0,"ms":0.31,"wi":7.74,"ei":10.38,"as":165.51,"mi":"E","mv":32324,"sc":1,"lpe":99.69,"lpr":2664.92,"lq":1.0,"d":16185095},{"pi":"3965","pc":"Товары для дома","ss":100000,"td":"Фешенебельный район","dc":1,"n":683.87,"vc":"147803","sl":"Элитный","sv":"119","p":150000.0,"q":29.89,"b":0.22,"ms":2.55,"wi":132.5,"ei":6.93,"as":721.65,"mi":"E","mv":4663,"sc":1,"lpe":97.45,"lpr":28953.66,"lq":1.0,"d":217361},{"pi":"3965","pc":"Товары для дома","ss":1500,"td":"Центр города","dc":2,"n":236.47,"vc":"481","sl":"Очень высокий","sv":"1","p":4475.0,"q":10.69,"b":0.0,"ms":0.32,"wi":28.55,"ei":4.9,"as":189.0,"mi":"E","mv":310,"sc":1,"lpe":99.68,"lpr":2542.72,"lq":1.0,"d":46618},{"pi":"3965","pc":"Товары для дома","ss":100000,"td":"Центр города","dc":1,"n":528.22,"vc":"260373","sl":"Элитный","sv":"1163","p":7500.0,"q":20.17,"b":0.64,"ms":8.0,"wi":40.1,"ei":10.84,"as":684.26,"mi":"E","mv":14535,"sc":1,"lpe":92.0,"lpr":2466.11,"lq":1.0,"d":461568},{"pi":"3965","pc":"Товары для дома","ss":100000,"td":"Фешенебельный район","dc":1,"n":660.0,"vc":"164550","sl":"Элитный","sv":"14","p":100000.0,"q":30.05,"b":0.22,"ms":0.04,"wi":311.9,"ei":6.0,"as":534.76,"mi":"E","mv":36620,"sc":1,"lpe":99.96,"lpr":14737.1,"lq":1.0,"d":605523},{"pi":"3965","pc":"Товары для дома","ss":100000,"td":"Фешенебельный район","dc":1,"n":159.3,"vc":"2608","sl":"Элитный","sv":"2100","p":30002.0,"q":30.05,"b":0.89,"ms":1.31,"wi":107.91,"ei":9.57,"as":960.1,"mi":"E","mv":160787,"sc":3,"lpe":98.21,"lpr":23500.43,"lq":1.0,"d":3814070},{"pi":"3965","pc":"Товары для дома","ss":100000,"td":"Фешенебельный район","dc":2,"n":399.47,"vc":"39387","sl":"Элитный","sv":"500","p":106100.0,"q":33.13,"b":0.0,"ms":0.31,"wi":107.91,"ei":9.57,"as":960.1,"mi":"E","mv":160787,"sc":3,"lpe":98.21,"lpr":23500.43,"lq":1.0,"d":3814070},{"pi":"3965","pc":"Товары для дома","ss":200000,"td":"Центр города","dc":2,"n":456.88,"vc":"562621","sl":"Высокий","sv":"283","p":115080.0,"q":17.7,"b":0.166678445229682,"ms":0.18,"wi":107.91,"ei":9.57,"as":960.1,"mi":"E","mv":160787,"sc":3,"lpe":98.21,"lpr":23500.43,"lq":1.0,"d":3814070},{"pi":"3965","pc":"Товары для дома","ss":100000,"td":"Фешенебельный район","dc":1,"n":649.3,"vc":"185538","sl":"Элитный","sv":"16","p":150000.0,"q":30.05,"b":0.22,"ms":0.03,"wi":132.74,"ei":8.33,"as":566.9,"mi":"E","mv":54654,"sc":1,"lpe":99.97,"lpr":19471.31,"lq":1.0,"d":1063396},{"pi":"3965","pc":"Товары для дома","ss":100000,"td":"Центр города","dc":3,"n":26.25,"vc":"3945","sl":"Элитный","sv":"1125","p":35060.1,"q":15.98,"b":0.0,"ms":15.69,"wi":57.51,"ei":14.58,"as":886.97,"mi":"E","mv":7168,"sc":2,"lpe":84.29,"lpr":21277.96,"lq":2.52,"d":2266323},{"pi":"3965","pc":"Товары для дома","ss":100,"td":"Спальный район","dc":3,"n":246.36,"vc":"175","sl":"Очень низкий","sv":"1","p":26000.0,"q":9.26,"b":0.0,"ms":0.01,"wi":57.51,"ei":14.58,"as":886.97,"mi":"E","mv":7168,"sc":2,"lpe":84.29,"lpr":21277.96,"lq":2.52,"d":2266323},{"pi":"3965","pc":"Товары для дома","ss":1000,"td":"Фешенебельный район","dc":1,"n":576.86,"vc":"1872","sl":"Очень высокий","sv":"324","p":80000.0,"q":21.66,"b":0.0,"ms":4.23,"wi":158.14,"ei":15.07,"as":1172.43,"mi":"E","mv":7657,"sc":6,"lpe":93.8,"lpr":32782.07,"lq":1.0,"d":1517207},{"pi":"3965","pc":"Товары для дома","ss":1000,"td":"Спальный район","dc":1,"n":286.3,"vc":"1819","sl":"Очень высокий","sv":"100","p":67000.0,"q":12.4,"b":0.0,"ms":1.31,"wi":158.14,"ei":15.07,"as":1172.43,"mi":"E","mv":7657,"sc":6,"lpe":93.8,"lpr":32782.07,"lq":1.0,"d":1517207},{"pi":"3965","pc":"Товары для дома","ss":1000,"td":"Центр города","dc":1,"n":145.95,"vc":"1099","sl":"Элитный","sv":"18","p":96372.9,"q":17.17,"b":0.0,"ms":0.24,"wi":158.14,"ei":15.07,"as":1172.43,"mi":"E","mv":7657,"sc":6,"lpe":93.8,"lpr":32782.07,"lq":1.0,"d":1517207},{"pi":"3965","pc":"Товары для дома","ss":1000,"td":"Центр города","dc":1,"n":210.08,"vc":"1578","sl":"Элитный","sv":"15","p":96372.9,"q":17.15,"b":0.0,"ms":0.2,"wi":158.14,"ei":15.07,"as":1172.43,"mi":"E","mv":7657,"sc":6,"lpe":93.8,"lpr":32782.07,"lq":1.0,"d":1517207},{"pi":"3965","pc":"Товары для дома","ss":1000,"td":"Окраина","dc":1,"n":487.03,"vc":"4513","sl":"Нормальный","sv":"10","p":90000.0,"q":38.85,"b":0.0,"ms":0.13,"wi":158.14,"ei":15.07,"as":1172.43,"mi":"E","mv":7657,"sc":6,"lpe":93.8,"lpr":32782.07,"lq":1.0,"d":1517207},{"pi":"3965","pc":"Товары для дома","ss":1000,"td":"Спальный район","dc":4,"n":75.7,"vc":"555","sl":"Очень высокий","sv":"8","p":136000.0,"q":40.06,"b":0.0,"ms":0.1,"wi":158.14,"ei":15.07,"as":1172.43,"mi":"E","mv":7657,"sc":6,"lpe":93.8,"lpr":32782.07,"lq":1.0,"d":1517207},{"pi":"3965","pc":"Товары для дома","ss":100000,"td":"Фешенебельный район","dc":1,"n":615.21,"vc":"105172","sl":"Элитный","sv":"100","p":41000.0,"q":32.15,"b":0.79,"ms":0.41,"wi":122.33,"ei":7.13,"as":346.1,"mi":"E","mv":24683,"sc":1,"lpe":99.59,"lpr":12985.74,"lq":1.0,"d":732700},{"pi":"3965","pc":"Товары для дома","ss":500,"td":"Окраина","dc":3,"n":21.52,"vc":"217","sl":"Низкий","sv":"30","p":9945.0,"q":7.38,"b":0.0,"ms":0.16,"wi":87.11,"ei":6.21,"as":580.52,"mi":"E","mv":19168,"sc":3,"lpe":99.8,"lpr":9556.3,"lq":1.0,"d":1119460},{"pi":"3965","pc":"Товары для дома","ss":600,"td":"Окраина","dc":2,"n":19.45,"vc":"233","sl":"Низкий","sv":"7","p":16249.0,"q":7.37,"b":0.0,"ms":0.04,"wi":87.11,"ei":6.21,"as":580.52,"mi":"E","mv":19168,"sc":3,"lpe":99.8,"lpr":9556.3,"lq":1.0,"d":1119460},{"pi":"3965","pc":"Товары для дома","ss":1500,"td":"Центр города","dc":2,"n":19.59,"vc":"573","sl":"Элитный","sv":"1","p":9556.0,"q":10.69,"b":0.0,"ms":0.01,"wi":87.11,"ei":6.21,"as":580.52,"mi":"E","mv":19168,"sc":3,"lpe":99.8,"lpr":9556.3,"lq":1.0,"d":1119460},{"pi":"3965","pc":"Товары для дома","ss":200000,"td":"Пригород","dc":3,"n":359.65,"vc":"41081","sl":"Элитный","sv":"1670","p":50000.0,"q":15.7,"b":0.0,"ms":7.91,"wi":184.23,"ei":9.21,"as":493.25,"mi":"E","mv":21101,"sc":3,"lpe":91.71,"lpr":19536.76,"lq":1.0,"d":532426},{"pi":"3965","pc":"Товары для дома","ss":30000,"td":"Центр города","dc":1,"n":586.85,"vc":"165882","sl":"Высокий","sv":"50","p":60000.0,"q":7.38,"b":0.0,"ms":0.24,"wi":184.23,"ei":9.21,"as":493.25,"mi":"E","mv":21101,"sc":3,"lpe":91.71,"lpr":19536.76,"lq":1.0,"d":532426},{"pi":"3965","pc":"Товары для дома","ss":100000,"td":"Центр города","dc":1,"n":484.97,"vc":"199953","sl":"Элитный","sv":"30","p":78999.99,"q":30.41,"b":0.0,"ms":0.14,"wi":184.23,"ei":9.21,"as":493.25,"mi":"E","mv":21101,"sc":3,"lpe":91.71,"lpr":19536.76,"lq":1.0,"d":532426},{"pi":"3965","pc":"Товары для дома","ss":100000,"td":"Фешенебельный район","dc":1,"n":568.53,"vc":"180201","sl":"Очень высокий","sv":"4000","p":110000.0,"q":38.85,"b":4.27,"ms":7.55,"wi":227.93,"ei":9.85,"as":6341.25,"mi":"E","mv":52989,"sc":2,"lpe":85.32,"lpr":98584.37,"lq":1.95,"d":8998080},{"pi":"3965","pc":"Товары для дома","ss":100000,"td":"Спальный район","dc":1,"n":442.94,"vc":"269311","sl":"Элитный","sv":"3781","p":288700.0,"q":33.13,"b":0.0,"ms":7.14,"wi":227.93,"ei":9.85,"as":6341.25,"mi":"E","mv":52989,"sc":2,"lpe":85.32,"lpr":98584.37,"lq":1.95,"d":8998080},{"pi":"3965","pc":"Товары для дома","ss":100,"td":"Спальный район","dc":2,"n":5.58,"vc":"60","sl":"Очень низкий","sv":"2","p":64000.0,"q":9.26,"b":0.0,"ms":0.27,"wi":23.6,"ei":7.55,"as":604.8,"mi":"E","mv":728,"sc":1,"lpe":99.73,"lpr":39939.08,"lq":1.0,"d":2005504},{"pi":"3965","pc":"Товары для дома","ss":100,"td":"Спальный район","dc":2,"n":7.35,"vc":"44","sl":"Очень низкий","sv":"1","p":32000.0,"q":9.26,"b":0.0,"ms":0.15,"wi":11.51,"ei":5.83,"as":235.61,"mi":"E","mv":679,"sc":1,"lpe":99.85,"lpr":17175.82,"lq":1.0,"d":1608218},{"pi":"3965","pc":"Товары для дома","ss":500,"td":"Спальный район","dc":5,"n":323.92,"vc":"1019","sl":"Очень низкий","sv":"9","p":68400.0,"q":9.26,"b":0.0,"ms":3.63,"wi":27.89,"ei":8.02,"as":552.68,"mi":"E","mv":248,"sc":2,"lpe":93.95,"lpr":65530.13,"lq":1.0,"d":1061363},{"pi":"3965","pc":"Товары для дома","ss":500,"td":"Центр города","dc":3,"n":331.26,"vc":"1412","sl":"Очень низкий","sv":"6","p":67100.0,"q":9.26,"b":0.0,"ms":2.42,"wi":27.89,"ei":8.02,"as":552.68,"mi":"E","mv":248,"sc":2,"lpe":93.95,"lpr":65530.13,"lq":1.0,"d":1061363},{"pi":"3965","pc":"Товары для дома","ss":10000,"td":"Центр города","dc":1,"n":679.91,"vc":"231937","sl":"Низкий","sv":"400","p":125000.0,"q":23.8,"b":4.63,"ms":2.66,"wi":107.3,"ei":8.94,"as":307.26,"mi":"E","mv":15044,"sc":2,"lpe":97.32,"lpr":28296.31,"lq":1.0,"d":3467021},{"pi":"3965","pc":"Товары для дома","ss":10000,"td":"Центр города","dc":4,"n":270.03,"vc":"11192","sl":"Очень высокий","sv":"3","p":185785.95,"q":40.06,"b":0.0,"ms":0.02,"wi":107.3,"ei":8.94,"as":307.26,"mi":"E","mv":15044,"sc":2,"lpe":97.32,"lpr":28296.31,"lq":1.0,"d":3467021},{"pi":"3965","pc":"Товары для дома","ss":100000,"td":"Центр города","dc":2,"n":336.42,"vc":"131037","sl":"Элитный","sv":"5000","p":40000.0,"q":19.68,"b":0.0,"ms":5.85,"wi":194.23,"ei":10.4,"as":1210.0,"mi":"E","mv":85410,"sc":2,"lpe":92.29,"lpr":38869.4,"lq":1.0,"d":2958984},{"pi":"3965","pc":"Товары для дома","ss":100000,"td":"Центр города","dc":1,"n":432.95,"vc":"331509","sl":"Элитный","sv":"1581","p":49000.0,"q":7.38,"b":0.0,"ms":1.85,"wi":194.23,"ei":10.4,"as":1210.0,"mi":"E","mv":85410,"sc":2,"lpe":92.29,"lpr":38869.4,"lq":1.0,"d":2958984},{"pi":"3965","pc":"Товары для дома","ss":100000,"td":"Центр города","dc":2,"n":498.04,"vc":"299055","sl":"Очень высокий","sv":"8000","p":30000.0,"q":19.68,"b":0.0,"ms":70.63,"wi":139.56,"ei":8.89,"as":1100.0,"mi":"D","mv":11327,"sc":1,"lpe":29.37,"lpr":18954.52,"lq":1.5,"d":412971},{"pi":"3965","pc":"Товары для дома","ss":100000,"td":"Фешенебельный район","dc":1,"n":469.75,"vc":"19864","sl":"Элитный","sv":"453","p":99999.99,"q":25.77,"b":0.0,"ms":8.15,"wi":183.37,"ei":10.63,"as":554.86,"mi":"E","mv":5561,"sc":1,"lpe":91.85,"lpr":33533.99,"lq":1.0,"d":350454},{"pi":"3965","pc":"Товары для дома","ss":100000,"td":"Центр города","dc":1,"n":97.01,"vc":"4523","sl":"Элитный","sv":"68","p":4501.0,"q":29.67,"b":0.95,"ms":1.04,"wi":59.36,"ei":5.49,"as":712.14,"mi":"E","mv":6566,"sc":2,"lpe":98.95,"lpr":4540.43,"lq":1.0,"d":582826},{"pi":"3965","pc":"Товары для дома","ss":110000,"td":"Фешенебельный район","dc":1,"n":603.49,"vc":"97561","sl":"Очень высокий","sv":"1","p":47000.0,"q":18.72,"b":0.0,"ms":0.02,"wi":59.36,"ei":5.49,"as":712.14,"mi":"E","mv":6566,"sc":2,"lpe":98.95,"lpr":4540.43,"lq":1.0,"d":582826},{"pi":"3965","pc":"Товары для дома","ss":100000,"td":"Центр города","dc":1,"n":567.02,"vc":"575233","sl":"Очень высокий","sv":"759","p":20000.0,"q":32.43,"b":0.0,"ms":3.14,"wi":48.3,"ei":5.57,"as":617.74,"mi":"E","mv":24204,"sc":1,"lpe":96.86,"lpr":3635.94,"lq":1.0,"d":1143980},{"pi":"3965","pc":"Товары для дома","ss":121000,"td":"Центр города","dc":3,"n":376.29,"vc":"65512","sl":"Элитный","sv":"248","p":110000.0,"q":17.2,"b":3.35,"ms":8.05,"wi":186.74,"ei":10.96,"as":566.43,"mi":"E","mv":3079,"sc":1,"lpe":91.95,"lpr":30441.93,"lq":1.0,"d":409497},{"pi":"3965","pc":"Товары для дома","ss":100000,"td":"Фешенебельный район","dc":1,"n":485.65,"vc":"19309","sl":"Элитный","sv":"23","p":149999.99,"q":31.31,"b":0.0,"ms":10.45,"wi":73.96,"ei":8.27,"as":1215.94,"mi":"E","mv":220,"sc":2,"lpe":89.09,"lpr":27047.71,"lq":2.25,"d":148490},{"pi":"3965","pc":"Товары для дома","ss":10000,"td":"Центр города","dc":6,"n":300.52,"vc":"4758","sl":"Высокий","sv":"1","p":128000.0,"q":14.83,"b":0.0,"ms":0.45,"wi":73.96,"ei":8.27,"as":1215.94,"mi":"E","mv":220,"sc":2,"lpe":89.09,"lpr":27047.71,"lq":2.25,"d":148490},{"pi":"3965","pc":"Товары для дома","ss":1000,"td":"Центр города","dc":1,"n":117.6,"vc":"461","sl":"Элитный","sv":"74","p":3501.0,"q":37.74,"b":0.62,"ms":1.17,"wi":68.28,"ei":5.44,"as":602.19,"mi":"E","mv":6336,"sc":1,"lpe":98.83,"lpr":3936.13,"lq":1.0,"d":348775},{"pi":"3965","pc":"Товары для дома","ss":1000,"td":"Центр города","dc":1,"n":169.42,"vc":"1395","sl":"Элитный","sv":"80","p":50425.98,"q":15.96,"b":0.15,"ms":0.09,"wi":125.2,"ei":8.1,"as":460.75,"mi":"E","mv":90875,"sc":3,"lpe":99.9,"lpr":11252.48,"lq":1.0,"d":2610586},{"pi":"3965","pc":"Товары для дома","ss":1000,"td":"Фешенебельный район","dc":1,"n":604.31,"vc":"2430","sl":"Очень высокий","sv":"7","p":60000.0,"q":16.1,"b":0.0128571428571429,"ms":0.01,"wi":125.2,"ei":8.1,"as":460.75,"mi":"E","mv":90875,"sc":3,"lpe":99.9,"lpr":11252.48,"lq":1.0,"d":2610586},{"pi":"3965","pc":"Товары для дома","ss":1000,"td":"Центр города","dc":1,"n":84.05,"vc":"862","sl":"Элитный","sv":"6","p":30001.0,"q":29.67,"b":0.62,"ms":0.01,"wi":125.2,"ei":8.1,"as":460.75,"mi":"E","mv":90875,"sc":3,"lpe":99.9,"lpr":11252.48,"lq":1.0,"d":2610586},{"pi":"3965","pc":"Товары для дома","ss":1000,"td":"Фешенебельный район","dc":1,"n":190.89,"vc":"188","sl":"Элитный","sv":"4","p":70705.0,"q":20.56,"b":0.0,"ms":0.04,"wi":141.05,"ei":6.7,"as":518.62,"mi":"E","mv":10596,"sc":1,"lpe":99.96,"lpr":15780.37,"lq":1.0,"d":331084},{"pi":"3965","pc":"Товары для дома","ss":100000,"td":"Фешенебельный район","dc":1,"n":522.04,"vc":"22845","sl":"Элитный","sv":"10","p":99999.99,"q":30.47,"b":0.14,"ms":1.49,"wi":79.57,"ei":10.12,"as":1162.01,"mi":"E","mv":670,"sc":1,"lpe":98.51,"lpr":35744.26,"lq":1.0,"d":186723},{"pi":"3965","pc":"Товары для дома","ss":100000,"td":"Спальный район","dc":9,"n":737.39,"vc":"2055582","sl":"Очень низкий","sv":"1","p":88444.49,"q":33.13,"b":0.0,"ms":0.05,"wi":13.28,"ei":9.0,"as":231.12,"mi":"E","mv":2117,"sc":1,"lpe":99.95,"lpr":13543.12,"lq":1.0,"d":2769076},{"pi":"3965","pc":"Товары для дома","ss":1500,"td":"Центр города","dc":2,"n":155.55,"vc":"462","sl":"Элитный","sv":"1","p":5435.0,"q":10.69,"b":0.0,"ms":0.19,"wi":33.62,"ei":5.36,"as":231.0,"mi":"E","mv":532,"sc":1,"lpe":99.81,"lpr":5411.09,"lq":1.0,"d":63232},{"pi":"3965","pc":"Товары для дома","ss":1500,"td":"Центр города","dc":2,"n":124.0,"vc":"475","sl":"Элитный","sv":"1","p":5195.0,"q":10.69,"b":0.0,"ms":0.1,"wi":34.56,"ei":5.25,"as":220.5,"mi":"E","mv":1026,"sc":1,"lpe":99.9,"lpr":5172.12,"lq":1.0,"d":124768},{"pi":"3965","pc":"Товары для дома","ss":100000,"td":"Центр города","dc":4,"n":457.36,"vc":"176240","sl":"Высокий","sv":"10","p":89800.0,"q":25.72,"b":0.864,"ms":0.2,"wi":56.46,"ei":13.36,"as":696.49,"mi":"E","mv":5118,"sc":1,"lpe":99.8,"lpr":19016.54,"lq":1.0,"d":1634035},{"pi":"3965","pc":"Товары для дома","ss":800,"td":"Центр города","dc":3,"n":175.81,"vc":"408","sl":"Нормальный","sv":"60","p":10498.0,"q":7.38,"b":0.0,"ms":2.43,"wi":84.48,"ei":6.0,"as":441.0,"mi":"E","mv":2474,"sc":2,"lpe":95.96,"lpr":9476.64,"lq":1.0,"d":77500},{"pi":"3965","pc":"Товары для дома","ss":600,"td":"Центр города","dc":2,"n":171.32,"vc":"340","sl":"Низкий","sv":"40","p":9995.0,"q":7.38,"b":0.0,"ms":1.62,"wi":84.48,"ei":6.0,"as":441.0,"mi":"E","mv":2474,"sc":2,"lpe":95.96,"lpr":9476.64,"lq":1.0,"d":77500},{"pi":"3965","pc":"Товары для дома","ss":700,"td":"Центр города","dc":3,"n":165.43,"vc":"388","sl":"Нормальный","sv":"45","p":9995.0,"q":7.38,"b":0.0,"ms":1.48,"wi":75.38,"ei":6.0,"as":441.78,"mi":"E","mv":3048,"sc":2,"lpe":97.38,"lpr":9684.88,"lq":1.0,"d":96904},{"pi":"3965","pc":"Товары для дома","ss":500,"td":"Центр города","dc":2,"n":165.16,"vc":"322","sl":"Низкий","sv":"35","p":9995.0,"q":7.38,"b":0.0,"ms":1.15,"wi":75.38,"ei":6.0,"as":441.78,"mi":"E","mv":3048,"sc":2,"lpe":97.38,"lpr":9684.88,"lq":1.0,"d":96904},{"pi":"3965","pc":"Товары для дома","ss":200000,"td":"Спальный район","dc":9,"n":708.63,"vc":"5246761","sl":"Очень низкий","sv":"593","p":109739.36,"q":29.6,"b":0.0,"ms":5.25,"wi":67.87,"ei":13.63,"as":294.09,"mi":"E","mv":11301,"sc":4,"lpe":91.4,"lpr":33270.76,"lq":1.0,"d":3707406},{"pi":"3965","pc":"Товары для дома","ss":100000,"td":"Спальный район","dc":1,"n":708.63,"vc":"2388852","sl":"Низкий","sv":"327","p":122712.43,"q":33.13,"b":0.0,"ms":2.89,"wi":67.87,"ei":13.63,"as":294.09,"mi":"E","mv":11301,"sc":4,"lpe":91.4,"lpr":33270.76,"lq":1.0,"d":3707406},{"pi":"3965","pc":"Товары для дома","ss":110000,"td":"Центр города","dc":1,"n":360.82,"vc":"120881","sl":"Элитный","sv":"50","p":75000.0,"q":30.41,"b":0.0,"ms":0.44,"wi":67.87,"ei":13.63,"as":294.09,"mi":"E","mv":11301,"sc":4,"lpe":91.4,"lpr":33270.76,"lq":1.0,"d":3707406},{"pi":"3965","pc":"Товары для дома","ss":10000,"td":"Спальный район","dc":5,"n":96.36,"vc":"2286","sl":"Элитный","sv":"2","p":80700.5,"q":31.2,"b":0.0,"ms":0.02,"wi":67.87,"ei":13.63,"as":294.09,"mi":"E","mv":11301,"sc":4,"lpe":91.4,"lpr":33270.76,"lq":1.0,"d":3707406},{"pi":"3965","pc":"Товары для дома","ss":10000,"td":"Центр города","dc":1,"n":135.93,"vc":"2520","sl":"Элитный","sv":"500","p":4101.0,"q":29.67,"b":1.31,"ms":2.35,"wi":50.91,"ei":7.23,"as":383.45,"mi":"E","mv":21239,"sc":1,"lpe":97.65,"lpr":5460.36,"lq":1.0,"d":853087},{"pi":"3965","pc":"Товары для дома","ss":1500,"td":"Центр города","dc":2,"n":172.55,"vc":"464","sl":"Элитный","sv":"1","p":5192.0,"q":10.69,"b":0.0,"ms":0.14,"wi":33.69,"ei":5.4,"as":210.0,"mi":"E","mv":724,"sc":1,"lpe":99.86,"lpr":2950.3,"lq":1.0,"d":59893},{"pi":"3965","pc":"Товары для дома","ss":1500,"td":"Центр города","dc":2,"n":270.16,"vc":"482","sl":"Элитный","sv":"1","p":4713.0,"q":10.69,"b":0.0,"ms":0.57,"wi":28.05,"ei":4.9,"as":190.0,"mi":"E","mv":174,"sc":1,"lpe":99.43,"lpr":2677.86,"lq":1.0,"d":12057},{"pi":"3965","pc":"Товары для дома","ss":1500,"td":"Центр города","dc":2,"n":195.0,"vc":"467","sl":"Элитный","sv":"1","p":5192.0,"q":10.69,"b":0.0,"ms":0.2,"wi":33.77,"ei":5.2,"as":210.0,"mi":"E","mv":506,"sc":1,"lpe":99.8,"lpr":2950.3,"lq":1.0,"d":32100},{"pi":"3965","pc":"Товары для дома","ss":100000,"td":"Центр города","dc":1,"n":395.95,"vc":"210477","sl":"Элитный","sv":"4000","p":62000.0,"q":30.42,"b":3.74,"ms":5.13,"wi":130.81,"ei":7.37,"as":688.02,"mi":"E","mv":78039,"sc":1,"lpe":94.87,"lpr":29685.23,"lq":1.0,"d":2232911},{"pi":"3965","pc":"Товары для дома","ss":200000,"td":"Фешенебельный район","dc":1,"n":689.06,"vc":"785076","sl":"Элитный","sv":"1209","p":101900.0,"q":7.69,"b":0.0,"ms":17.24,"wi":132.63,"ei":9.47,"as":1003.71,"mi":"E","mv":7013,"sc":2,"lpe":78.47,"lpr":35944.24,"lq":3.94,"d":729058},{"pi":"3965","pc":"Товары для дома","ss":100000,"td":"Центр города","dc":1,"n":439.62,"vc":"144316","sl":"Элитный","sv":"301","p":99999.99,"q":31.18,"b":0.0961794019933555,"ms":4.29,"wi":132.63,"ei":9.47,"as":1003.71,"mi":"E","mv":7013,"sc":2,"lpe":78.47,"lpr":35944.24,"lq":3.94,"d":729058},{"pi":"3965","pc":"Товары для дома","ss":200000,"td":"Центр города","dc":3,"n":275.58,"vc":"65827","sl":"Элитный","sv":"4175","p":50000.0,"q":16.38,"b":0.0,"ms":8.44,"wi":93.52,"ei":7.83,"as":577.18,"mi":"E","mv":49448,"sc":1,"lpe":91.56,"lpr":17452.5,"lq":1.0,"d":1817806},{"pi":"3965","pc":"Товары для дома","ss":100000,"td":"Центр города","dc":1,"n":432.35,"vc":"102727","sl":"Элитный","sv":"129","p":149999.99,"q":31.17,"b":0.0954263565891473,"ms":8.08,"wi":150.83,"ei":5.95,"as":891.38,"mi":"E","mv":1596,"sc":1,"lpe":91.92,"lpr":40455.16,"lq":1.0,"d":377751},{"pi":"3965","pc":"Товары для дома","ss":100000,"td":"Центр города","dc":1,"n":355.95,"vc":"173688","sl":"Элитный","sv":"5000","p":60000.0,"q":30.42,"b":3.44,"ms":3.89,"wi":121.15,"ei":7.63,"as":614.74,"mi":"E","mv":128532,"sc":2,"lpe":96.09,"lpr":20834.09,"lq":1.0,"d":3870867},{"pi":"3965","pc":"Товары для дома","ss":100000,"td":"Центр города","dc":1,"n":679.51,"vc":"2599496","sl":"Низкий","sv":"24","p":125000.0,"q":22.98,"b":3.66,"ms":0.02,"wi":121.15,"ei":7.63,"as":614.74,"mi":"E","mv":128532,"sc":2,"lpe":96.09,"lpr":20834.09,"lq":1.0,"d":3870867},{"pi":"3965","pc":"Товары для дома","ss":100000,"td":"Центр города","dc":1,"n":189.3,"vc":"13596","sl":"Элитный","sv":"1000","p":10001.0,"q":37.74,"b":1.0,"ms":4.67,"wi":178.23,"ei":9.59,"as":748.02,"mi":"E","mv":21393,"sc":2,"lpe":95.24,"lpr":15072.11,"lq":1.0,"d":1011667},{"pi":"3965","pc":"Товары для дома","ss":1000,"td":"Центр города","dc":2,"n":106.83,"vc":"714","sl":"Элитный","sv":"19","p":10001.0,"q":29.85,"b":1.0,"ms":0.09,"wi":178.23,"ei":9.59,"as":748.02,"mi":"E","mv":21393,"sc":2,"lpe":95.24,"lpr":15072.11,"lq":1.0,"d":1011667},{"pi":"3965","pc":"Товары для дома","ss":10000,"td":"Центр города","dc":1,"n":25.02,"vc":"713","sl":"Элитный","sv":"555","p":20000.0,"q":15.98,"b":0.18,"ms":8.42,"wi":70.76,"ei":6.07,"as":517.04,"mi":"E","mv":6594,"sc":1,"lpe":91.58,"lpr":8370.27,"lq":1.0,"d":276107},{"pi":"3965","pc":"Товары для дома","ss":1500,"td":"Центр города","dc":2,"n":197.02,"vc":"467","sl":"Элитный","sv":"1","p":4953.0,"q":10.69,"b":0.0,"ms":0.19,"wi":32.41,"ei":4.7,"as":200.0,"mi":"E","mv":516,"sc":1,"lpe":99.81,"lpr":2814.14,"lq":1.0,"d":45458},{"pi":"3965","pc":"Товары для дома","ss":1500,"td":"Центр города","dc":2,"n":129.95,"vc":"473","sl":"Элитный","sv":"1","p":6151.0,"q":10.69,"b":0.0,"ms":0.12,"wi":37.54,"ei":5.8,"as":250.0,"mi":"E","mv":839,"sc":1,"lpe":99.88,"lpr":5968.14,"lq":1.0,"d":100206},{"pi":"3965","pc":"Товары для дома","ss":1500,"td":"Центр города","dc":2,"n":180.84,"vc":"465","sl":"Элитный","sv":"1","p":6710.0,"q":10.69,"b":0.0,"ms":0.26,"wi":36.48,"ei":5.57,"as":252.0,"mi":"E","mv":379,"sc":1,"lpe":99.74,"lpr":5081.19,"lq":1.0,"d":40274},{"pi":"3965","pc":"Товары для дома","ss":300000,"td":"Центр города","dc":3,"n":505.41,"vc":"1103213","sl":"Высокий","sv":"143","p":65000.0,"q":6.56,"b":0.0,"ms":0.43,"wi":69.18,"ei":9.32,"as":403.09,"mi":"E","mv":33068,"sc":1,"lpe":99.57,"lpr":19431.42,"lq":1.0,"d":3832440},{"pi":"3965","pc":"Товары для дома","ss":600,"td":"Центр города","dc":3,"n":40.32,"vc":"365","sl":"Низкий","sv":"18","p":28895.0,"q":7.38,"b":0.0,"ms":0.49,"wi":84.96,"ei":8.47,"as":440.98,"mi":"E","mv":3639,"sc":3,"lpe":99.07,"lpr":26393.69,"lq":1.0,"d":1822098},{"pi":"3965","pc":"Товары для дома","ss":500,"td":"Спальный район","dc":2,"n":37.67,"vc":"248","sl":"Низкий","sv":"15","p":28095.0,"q":7.38,"b":0.0,"ms":0.41,"wi":84.96,"ei":8.47,"as":440.98,"mi":"E","mv":3639,"sc":3,"lpe":99.07,"lpr":26393.69,"lq":1.0,"d":1822098},{"pi":"3965","pc":"Товары для дома","ss":1500,"td":"Центр города","dc":2,"n":31.29,"vc":"516","sl":"Элитный","sv":"1","p":24552.0,"q":10.69,"b":0.0,"ms":0.03,"wi":84.96,"ei":8.47,"as":440.98,"mi":"E","mv":3639,"sc":3,"lpe":99.07,"lpr":26393.69,"lq":1.0,"d":1822098},{"pi":"3965","pc":"Товары для дома","ss":100000,"td":"Центр города","dc":1,"n":598.43,"vc":"416547","sl":"Элитный","sv":"174","p":99000.0,"q":32.15,"b":2.13,"ms":8.3,"wi":139.01,"ei":10.5,"as":492.44,"mi":"E","mv":2096,"sc":1,"lpe":91.7,"lpr":21442.32,"lq":1.0,"d":319728},{"pi":"3965","pc":"Товары для дома","ss":100000,"td":"Центр города","dc":1,"n":290.81,"vc":"136008","sl":"Элитный","sv":"20000","p":90000.0,"q":30.42,"b":2.8,"ms":7.32,"wi":271.56,"ei":9.5,"as":3077.85,"mi":"E","mv":273239,"sc":2,"lpe":89.54,"lpr":59053.3,"lq":1.0,"d":11522928},{"pi":"3965","pc":"Товары для дома","ss":100000,"td":"Центр города","dc":4,"n":290.42,"vc":"135496","sl":"Очень низкий","sv":"8572","p":60000.0,"q":19.55,"b":0.0,"ms":3.14,"wi":271.56,"ei":9.5,"as":3077.85,"mi":"E","mv":273239,"sc":2,"lpe":89.54,"lpr":59053.3,"lq":1.0,"d":11522928},{"pi":"3965","pc":"Товары для дома","ss":100000,"td":"Центр города","dc":1,"n":569.78,"vc":"479348","sl":"Очень высокий","sv":"2000","p":30000.0,"q":19.68,"b":0.0,"ms":32.93,"wi":97.02,"ei":7.2,"as":927.12,"mi":"E","mv":6074,"sc":1,"lpe":67.07,"lpr":15229.79,"lq":1.43,"d":267364},{"pi":"3965","pc":"Товары для дома","ss":40000,"td":"Центр города","dc":1,"n":523.77,"vc":"99099","sl":"Элитный","sv":"100","p":60000.0,"q":7.38,"b":0.0,"ms":1.29,"wi":218.45,"ei":9.14,"as":1155.0,"mi":"E","mv":7769,"sc":1,"lpe":98.71,"lpr":27999.67,"lq":1.0,"d":310955},{"pi":"3965","pc":"Товары для дома","ss":20000,"td":"Центр города","dc":3,"n":527.35,"vc":"56863","sl":"Нормальный","sv":"40","p":32000.0,"q":12.4,"b":0.0,"ms":0.88,"wi":97.28,"ei":4.99,"as":1157.42,"mi":"E","mv":4528,"sc":1,"lpe":99.12,"lpr":20886.88,"lq":1.0,"d":302682},{"pi":"3965","pc":"Товары для дома","ss":1000,"td":"Фешенебельный район","dc":1,"n":506.42,"vc":"912","sl":"Элитный","sv":"900","p":28570.0,"q":20.51,"b":0.0,"ms":19.18,"wi":109.05,"ei":10.93,"as":895.15,"mi":"E","mv":4693,"sc":4,"lpe":64.63,"lpr":16408.88,"lq":3.05,"d":822507},{"pi":"3965","pc":"Товары для дома","ss":1000,"td":"Фешенебельный район","dc":1,"n":605.56,"vc":"2394","sl":"Очень высокий","sv":"680","p":77000.0,"q":27.27,"b":1.12,"ms":14.49,"wi":109.05,"ei":10.93,"as":895.15,"mi":"E","mv":4693,"sc":4,"lpe":64.63,"lpr":16408.88,"lq":3.05,"d":822507},{"pi":"3965","pc":"Товары для дома","ss":1000,"td":"Центр города","dc":1,"n":342.48,"vc":"2414","sl":"Очень высокий","sv":"77","p":60000.0,"q":12.37,"b":0.0,"ms":1.64,"wi":109.05,"ei":10.93,"as":895.15,"mi":"E","mv":4693,"sc":4,"lpe":64.63,"lpr":16408.88,"lq":3.05,"d":822507},{"pi":"3965","pc":"Товары для дома","ss":1000,"td":"Центр города","dc":1,"n":239.33,"vc":"2024","sl":"Очень высокий","sv":"3","p":110000.0,"q":30.86,"b":0.686666666666667,"ms":0.06,"wi":109.05,"ei":10.93,"as":895.15,"mi":"E","mv":4693,"sc":4,"lpe":64.63,"lpr":16408.88,"lq":3.05,"d":822507},{"pi":"3965","pc":"Товары для дома","ss":1000,"td":"Спальный район","dc":1,"n":21.82,"vc":"182","sl":"Элитный","sv":"3","p":14000.0,"q":36.21,"b":1.03,"ms":0.05,"wi":55.55,"ei":7.93,"as":747.15,"mi":"E","mv":6552,"sc":1,"lpe":99.95,"lpr":6426.2,"lq":1.0,"d":312327},{"pi":"3965","pc":"Товары для дома","ss":1000,"td":"Центр города","dc":1,"n":626.05,"vc":"5942","sl":"Нормальный","sv":"38","p":7200.0,"q":19.81,"b":0.0,"ms":0.88,"wi":43.93,"ei":7.81,"as":823.2,"mi":"E","mv":4329,"sc":2,"lpe":99.03,"lpr":4900.12,"lq":1.0,"d":171629},{"pi":"3965","pc":"Товары для дома","ss":1000,"td":"Фешенебельный район","dc":1,"n":145.17,"vc":"59","sl":"Элитный","sv":"4","p":9501.0,"q":37.49,"b":1.03,"ms":0.09,"wi":43.93,"ei":7.81,"as":823.2,"mi":"E","mv":4329,"sc":2,"lpe":99.03,"lpr":4900.12,"lq":1.0,"d":171629},{"pi":"3965","pc":"Товары для дома","ss":100100,"td":"Фешенебельный район","dc":1,"n":438.04,"vc":"21687","sl":"Элитный","sv":"30","p":109000.0,"q":18.05,"b":0.0,"ms":0.52,"wi":30.62,"ei":9.68,"as":181.79,"mi":"E","mv":5776,"sc":1,"lpe":99.48,"lpr":29604.37,"lq":1.0,"d":3715638},{"pi":"3965","pc":"Товары для дома","ss":100000,"td":"Центр города","dc":1,"n":438.79,"vc":"247248","sl":"Элитный","sv":"721","p":150000.0,"q":29.34,"b":0.0,"ms":7.01,"wi":98.75,"ei":9.64,"as":1895.76,"mi":"E","mv":10291,"sc":1,"lpe":92.99,"lpr":37087.89,"lq":2.09,"d":1090374},{"pi":"3965","pc":"Товары для дома","ss":100000,"td":"Фешенебельный район","dc":1,"n":468.3,"vc":"17852","sl":"Элитный","sv":"20","p":99999.99,"q":31.2,"b":0.0,"ms":1.04,"wi":116.14,"ei":9.91,"as":1489.31,"mi":"E","mv":1921,"sc":1,"lpe":98.96,"lpr":46635.03,"lq":1.0,"d":191132},{"pi":"3965","pc":"Товары для дома","ss":100000,"td":"Спальный район","dc":9,"n":698.81,"vc":"2796040","sl":"Очень низкий","sv":"1303","p":83639.3,"q":28.56,"b":0.00234842670759785,"ms":3.98,"wi":64.66,"ei":6.67,"as":632.01,"mi":"E","mv":32732,"sc":2,"lpe":94.49,"lpr":26893.84,"lq":1.0,"d":6381298},{"pi":"3965","pc":"Товары для дома","ss":100000,"td":"Центр города","dc":3,"n":25.22,"vc":"5735","sl":"Элитный","sv":"500","p":15000.0,"q":15.96,"b":0.0,"ms":1.53,"wi":64.66,"ei":6.67,"as":632.01,"mi":"E","mv":32732,"sc":2,"lpe":94.49,"lpr":26893.84,"lq":1.0,"d":6381298},{"pi":"3965","pc":"Товары для дома","ss":1500,"td":"Центр города","dc":2,"n":115.77,"vc":"477","sl":"Элитный","sv":"1","p":3766.0,"q":10.69,"b":0.0,"ms":0.06,"wi":24.61,"ei":4.9,"as":203.98,"mi":"E","mv":1646,"sc":1,"lpe":99.94,"lpr":3766.11,"lq":1.0,"d":158488},{"pi":"3965","pc":"Товары для дома","ss":100000,"td":"Фешенебельный район","dc":1,"n":313.68,"vc":"9360","sl":"Элитный","sv":"23","p":129000.0,"q":30.29,"b":0.0,"ms":0.33,"wi":52.92,"ei":7.44,"as":365.51,"mi":"E","mv":7064,"sc":2,"lpe":99.63,"lpr":29786.13,"lq":1.0,"d":2113478},{"pi":"3965","pc":"Товары для дома","ss":100000,"td":"Центр города","dc":9,"n":717.66,"vc":"3035472","sl":"Очень низкий","sv":"3","p":57694.4,"q":7.38,"b":0.0,"ms":0.04,"wi":52.92,"ei":7.44,"as":365.51,"mi":"E","mv":7064,"sc":2,"lpe":99.63,"lpr":29786.13,"lq":1.0,"d":2113478},{"pi":"3965","pc":"Товары для дома","ss":100000,"td":"Спальный район","dc":2,"n":42.79,"vc":"4114","sl":"Элитный","sv":"1500","p":35050.0,"q":15.96,"b":0.08,"ms":10.63,"wi":62.73,"ei":6.99,"as":617.44,"mi":"E","mv":14111,"sc":2,"lpe":89.36,"lpr":25235.77,"lq":1.13,"d":3467257},{"pi":"3965","pc":"Товары для дома","ss":100000,"td":"Спальный район","dc":9,"n":709.72,"vc":"2508128","sl":"Очень низкий","sv":"1","p":92862.54,"q":33.13,"b":0.0,"ms":0.01,"wi":62.73,"ei":6.99,"as":617.44,"mi":"E","mv":14111,"sc":2,"lpe":89.36,"lpr":25235.77,"lq":1.13,"d":3467257},{"pi":"3965","pc":"Товары для дома","ss":10000,"td":"Спальный район","dc":2,"n":203.87,"vc":"2208","sl":"Элитный","sv":"34","p":15002.0,"q":32.87,"b":1.08,"ms":0.36,"wi":98.02,"ei":8.76,"as":1157.46,"mi":"E","mv":9402,"sc":1,"lpe":99.64,"lpr":8635.15,"lq":1.0,"d":290320},{"pi":"3965","pc":"Товары для дома","ss":100000,"td":"Центр города","dc":6,"n":467.05,"vc":"230747","sl":"Нормальный","sv":"1000","p":20000.0,"q":23.48,"b":0.0,"ms":2.72,"wi":84.09,"ei":6.95,"as":558.71,"mi":"E","mv":36724,"sc":1,"lpe":97.28,"lpr":16103.68,"lq":1.0,"d":1311608},{"pi":"3965","pc":"Товары для дома","ss":1000,"td":"Фешенебельный район","dc":1,"n":691.03,"vc":"1647","sl":"Очень высокий","sv":"492","p":15000.0,"q":26.49,"b":0.0,"ms":7.47,"wi":267.91,"ei":10.37,"as":2442.36,"mi":"E","mv":6586,"sc":2,"lpe":92.15,"lpr":19732.11,"lq":1.0,"d":167072},{"pi":"3965","pc":"Товары для дома","ss":1000,"td":"Центр города","dc":1,"n":119.4,"vc":"437","sl":"Элитный","sv":"25","p":25002.0,"q":37.74,"b":0.87,"ms":0.38,"wi":267.91,"ei":10.37,"as":2442.36,"mi":"E","mv":6586,"sc":2,"lpe":92.15,"lpr":19732.11,"lq":1.0,"d":167072},{"pi":"3965","pc":"Товары для дома","ss":1000,"td":"Центр города","dc":1,"n":142.71,"vc":"327","sl":"Элитный","sv":"4","p":25001.0,"q":37.44,"b":0.87,"ms":0.37,"wi":83.11,"ei":14.69,"as":1630.14,"mi":"E","mv":1094,"sc":1,"lpe":99.63,"lpr":20580.86,"lq":1.0,"d":439425},{"pi":"3965","pc":"Товары для дома","ss":124100,"td":"Центр города","dc":10,"n":498.5,"vc":"267602","sl":"Низкий","sv":"50","p":69999.0,"q":15.96,"b":0.0,"ms":0.93,"wi":114.36,"ei":10.52,"as":845.59,"mi":"E","mv":5359,"sc":1,"lpe":99.07,"lpr":27569.88,"lq":1.0,"d":538177},{"pi":"3965","pc":"Товары для дома","ss":200000,"td":"Фешенебельный район","dc":1,"n":533.79,"vc":"227139","sl":"Элитный","sv":"22","p":75000.0,"q":26.14,"b":1.91,"ms":0.02,"wi":109.51,"ei":11.99,"as":1325.2,"mi":"E","mv":116688,"sc":1,"lpe":99.98,"lpr":25130.12,"lq":1.0,"d":6561214},{"pi":"3965","pc":"Товары для дома","ss":100000,"td":"Центр города","dc":1,"n":603.63,"vc":"2223894","sl":"Низкий","sv":"1876","p":115000.0,"q":23.8,"b":3.56,"ms":1.86,"wi":147.51,"ei":10.87,"as":331.13,"mi":"E","mv":100772,"sc":8,"lpe":96.95,"lpr":37321.25,"lq":1.0,"d":23026019},{"pi":"3965","pc":"Товары для дома","ss":200000,"td":"Центр города","dc":1,"n":498.43,"vc":"1546326","sl":"Очень высокий","sv":"1000","p":115000.0,"q":32.16,"b":0.0,"ms":0.99,"wi":147.51,"ei":10.87,"as":331.13,"mi":"E","mv":100772,"sc":8,"lpe":96.95,"lpr":37321.25,"lq":1.0,"d":23026019},{"pi":"3965","pc":"Товары для дома","ss":500,"td":"Центр города","dc":2,"n":6.02,"vc":"915","sl":"Нормальный","sv":"120","p":32995.0,"q":7.37,"b":0.0,"ms":0.12,"wi":147.51,"ei":10.87,"as":331.13,"mi":"E","mv":100772,"sc":8,"lpe":96.95,"lpr":37321.25,"lq":1.0,"d":23026019},{"pi":"3965","pc":"Товары для дома","ss":100000,"td":"Центр города","dc":4,"n":282.89,"vc":"101787","sl":"Очень высокий","sv":"32","p":137750.0,"q":40.06,"b":0.0,"ms":0.03,"wi":147.51,"ei":10.87,"as":331.13,"mi":"E","mv":100772,"sc":8,"lpe":96.95,"lpr":37321.25,"lq":1.0,"d":23026019},{"pi":"3965","pc":"Товары для дома","ss":600,"td":"Центр города","dc":2,"n":2.71,"vc":"975","sl":"Нормальный","sv":"25","p":38495.0,"q":7.38,"b":0.0,"ms":0.02,"wi":147.51,"ei":10.87,"as":331.13,"mi":"E","mv":100772,"sc":8,"lpe":96.95,"lpr":37321.25,"lq":1.0,"d":23026019},{"pi":"3965","pc":"Товары для дома","ss":100000,"td":"Центр города","dc":2,"n":262.01,"vc":"124911","sl":"Нормальный","sv":"14","p":135000.0,"q":40.06,"b":0.0,"ms":0.01,"wi":147.51,"ei":10.87,"as":331.13,"mi":"E","mv":100772,"sc":8,"lpe":96.95,"lpr":37321.25,"lq":1.0,"d":23026019},{"pi":"3965","pc":"Товары для дома","ss":20000,"td":"Центр города","dc":5,"n":282.85,"vc":"35639","sl":"Высокий","sv":"2","p":145546.35,"q":40.06,"b":0.0,"ms":0.0,"wi":147.51,"ei":10.87,"as":331.13,"mi":"E","mv":100772,"sc":8,"lpe":96.95,"lpr":37321.25,"lq":1.0,"d":23026019},{"pi":"3965","pc":"Товары для дома","ss":2000,"td":"Центр города","dc":2,"n":2.21,"vc":"1584","sl":"Элитный","sv":"1","p":38044.0,"q":10.69,"b":0.0,"ms":0.0,"wi":147.51,"ei":10.87,"as":331.13,"mi":"E","mv":100772,"sc":8,"lpe":96.95,"lpr":37321.25,"lq":1.0,"d":23026019},{"pi":"3965","pc":"Товары для дома","ss":600,"td":"Центр города","dc":2,"n":33.1,"vc":"384","sl":"Нормальный","sv":"25","p":9695.0,"q":7.38,"b":0.0,"ms":0.1,"wi":53.68,"ei":8.23,"as":438.42,"mi":"E","mv":24828,"sc":2,"lpe":99.9,"lpr":5885.38,"lq":1.0,"d":1040089},{"pi":"3965","pc":"Товары для дома","ss":1500,"td":"Центр города","dc":2,"n":25.2,"vc":"544","sl":"Элитный","sv":"1","p":5885.0,"q":10.69,"b":0.0,"ms":0.0,"wi":53.68,"ei":8.23,"as":438.42,"mi":"E","mv":24828,"sc":2,"lpe":99.9,"lpr":5885.38,"lq":1.0,"d":1040089},{"pi":"3965","pc":"Товары для дома","ss":1500,"td":"Центр города","dc":2,"n":33.61,"vc":"553","sl":"Элитный","sv":"1","p":5419.0,"q":10.69,"b":0.0,"ms":0.01,"wi":29.97,"ei":9.66,"as":426.16,"mi":"E","mv":6877,"sc":1,"lpe":99.99,"lpr":5419.77,"lq":1.0,"d":1008169},{"pi":"3965","pc":"Товары для дома","ss":500,"td":"Центр города","dc":2,"n":20.74,"vc":"415","sl":"Низкий","sv":"20","p":9298.0,"q":7.38,"b":0.0,"ms":0.23,"wi":30.35,"ei":9.68,"as":425.63,"mi":"E","mv":8637,"sc":2,"lpe":99.76,"lpr":8257.87,"lq":1.0,"d":1839130},{"pi":"3965","pc":"Товары для дома","ss":1500,"td":"Центр города","dc":2,"n":15.6,"vc":"644","sl":"Элитный","sv":"1","p":8260.0,"q":10.69,"b":0.0,"ms":0.01,"wi":30.35,"ei":9.68,"as":425.63,"mi":"E","mv":8637,"sc":2,"lpe":99.76,"lpr":8257.87,"lq":1.0,"d":1839130},{"pi":"3965","pc":"Товары для дома","ss":1000,"td":"Центр города","dc":2,"n":7.2,"vc":"710","sl":"Элитный","sv":"1","p":7743.0,"q":10.69,"b":0.0,"ms":0.0,"wi":22.9,"ei":9.72,"as":843.33,"mi":"E","mv":24505,"sc":1,"lpe":100.0,"lpr":7743.54,"lq":1.0,"d":4999116},{"pi":"3965","pc":"Товары для дома","ss":100000,"td":"Фешенебельный район","dc":1,"n":557.71,"vc":"165508","sl":"Элитный","sv":"10000","p":50000.0,"q":26.49,"b":0.0,"ms":3.62,"wi":394.9,"ei":8.22,"as":694.55,"mi":"E","mv":276613,"sc":3,"lpe":91.77,"lpr":27689.21,"lq":1.0,"d":9501607},{"pi":"3965","pc":"Товары для дома","ss":300000,"td":"Спальный район","dc":1,"n":307.79,"vc":"166267","sl":"Элитный","sv":"7771","p":75000.0,"q":16.4,"b":1.59,"ms":2.81,"wi":394.9,"ei":8.22,"as":694.55,"mi":"E","mv":276613,"sc":3,"lpe":91.77,"lpr":27689.21,"lq":1.0,"d":9501607},{"pi":"3965","pc":"Товары для дома","ss":300000,"td":"Центр города","dc":2,"n":650.14,"vc":"9137222","sl":"Очень низкий","sv":"5000","p":88000.0,"q":41.21,"b":4.52,"ms":1.81,"wi":394.9,"ei":8.22,"as":694.55,"mi":"E","mv":276613,"sc":3,"lpe":91.77,"lpr":27689.21,"lq":1.0,"d":9501607},{"pi":"3965","pc":"Товары для дома","ss":10000,"td":"Центр города","dc":1,"n":491.68,"vc":"38631","sl":"Очень высокий","sv":"1","p":80000.0,"q":30.41,"b":0.0,"ms":0.01,"wi":95.67,"ei":9.58,"as":540.28,"mi":"E","mv":8320,"sc":1,"lpe":99.99,"lpr":10472.14,"lq":1.0,"d":459090},{"pi":"3965","pc":"Товары для дома","ss":500,"td":"Центр города","dc":2,"n":89.78,"vc":"274","sl":"Низкий","sv":"7","p":21489.0,"q":7.37,"b":0.0,"ms":0.2,"wi":51.45,"ei":5.91,"as":449.32,"mi":"E","mv":3428,"sc":2,"lpe":99.77,"lpr":9230.89,"lq":1.0,"d":244886},{"pi":"3965","pc":"Товары для дома","ss":1500,"td":"Центр города","dc":2,"n":81.19,"vc":"440","sl":"Очень высокий","sv":"1","p":9231.0,"q":10.69,"b":0.0,"ms":0.03,"wi":51.45,"ei":5.91,"as":449.32,"mi":"E","mv":3428,"sc":2,"lpe":99.77,"lpr":9230.89,"lq":1.0,"d":244886},{"pi":"3965","pc":"Товары для дома","ss":100000,"td":"Фешенебельный район","dc":1,"n":555.85,"vc":"91227","sl":"Элитный","sv":"50","p":47000.0,"q":38.85,"b":4.43,"ms":0.2,"wi":76.8,"ei":9.96,"as":602.66,"mi":"E","mv":25593,"sc":1,"lpe":99.8,"lpr":18949.06,"lq":1.0,"d":2032553},{"pi":"3965","pc":"Товары для дома","ss":20000,"td":"Фешенебельный район","dc":1,"n":659.49,"vc":"25280","sl":"Элитный","sv":"3","p":45000.0,"q":6.81,"b":0.0,"ms":0.03,"wi":101.65,"ei":7.46,"as":421.89,"mi":"E","mv":9256,"sc":1,"lpe":99.97,"lpr":9808.08,"lq":1.0,"d":306220},{"pi":"3965","pc":"Товары для дома","ss":100000,"td":"Окраина","dc":3,"n":24.94,"vc":"2190","sl":"Элитный","sv":"6","p":29421.36,"q":16.3,"b":0.08,"ms":0.02,"wi":50.26,"ei":8.15,"as":364.7,"mi":"E","mv":28214,"sc":1,"lpe":99.98,"lpr":8508.05,"lq":1.0,"d":2054061},{"pi":"3965","pc":"Товары для дома","ss":10000,"td":"Центр города","dc":1,"n":157.43,"vc":"2360","sl":"Элитный","sv":"193","p":5100.0,"q":37.72,"b":0.72,"ms":7.57,"wi":15.62,"ei":9.04,"as":360.04,"mi":"E","mv":2549,"sc":1,"lpe":92.43,"lpr":1887.42,"lq":1.0,"d":721874},{"pi":"3965","pc":"Товары для дома","ss":100000,"td":"Центр города","dc":2,"n":173.89,"vc":"15347","sl":"Элитный","sv":"884","p":7001.0,"q":32.79,"b":0.73,"ms":7.36,"wi":26.0,"ei":9.8,"as":693.66,"mi":"E","mv":12004,"sc":1,"lpe":92.64,"lpr":2374.17,"lq":1.0,"d":2128297},{"pi":"3965","pc":"Товары для дома","ss":10000,"td":"Спальный район","dc":1,"n":467.71,"vc":"31797","sl":"Очень высокий","sv":"1133","p":12000.0,"q":21.69,"b":0.12,"ms":10.59,"wi":19.06,"ei":12.16,"as":215.31,"mi":"E","mv":10703,"sc":1,"lpe":89.41,"lpr":3283.84,"lq":1.03,"d":5155099},{"pi":"3965","pc":"Товары для дома","ss":100,"td":"Спальный район","dc":1,"n":0.0,"vc":"84","sl":"Очень низкий","sv":"3","p":40000.0,"q":9.26,"b":0.0,"ms":0.04,"wi":57.54,"ei":13.1,"as":741.67,"mi":"E","mv":7859,"sc":1,"lpe":99.96,"lpr":48138.66,"lq":1.0,"d":3045477},{"pi":"3965","pc":"Товары для дома","ss":10000,"td":"Спальный район","dc":1,"n":461.52,"vc":"20713","sl":"Элитный","sv":"500","p":4500.0,"q":21.74,"b":0.12,"ms":2.91,"wi":19.29,"ei":9.39,"as":319.81,"mi":"E","mv":17189,"sc":1,"lpe":97.09,"lpr":1714.97,"lq":1.0,"d":1740559},{"pi":"3965","pc":"Товары для дома","ss":100,"td":"Центр города","dc":2,"n":200.96,"vc":"146","sl":"Очень низкий","sv":"4","p":21300.0,"q":9.26,"b":0.0,"ms":0.46,"wi":23.55,"ei":9.78,"as":317.86,"mi":"E","mv":865,"sc":1,"lpe":99.54,"lpr":32963.26,"lq":1.0,"d":1431240},{"pi":"3965","pc":"Товары для дома","ss":20500,"td":"Центр города","dc":1,"n":334.16,"vc":"16818","sl":"Высокий","sv":"66","p":100000.0,"q":33.13,"b":0.0,"ms":1.32,"wi":177.95,"ei":13.76,"as":1000.64,"mi":"E","mv":4989,"sc":1,"lpe":98.68,"lpr":24188.73,"lq":1.0,"d":687610},{"pi":"3965","pc":"Товары для дома","ss":100000,"td":"Спальный район","dc":1,"n":115.75,"vc":"4308","sl":"Элитный","sv":"550","p":4501.0,"q":29.92,"b":0.08,"ms":9.09,"wi":30.32,"ei":7.93,"as":250.54,"mi":"E","mv":6049,"sc":1,"lpe":90.91,"lpr":1821.95,"lq":1.0,"d":744783},{"pi":"3965","pc":"Товары для дома","ss":100000,"td":"Центр города","dc":1,"n":127.36,"vc":"7444","sl":"Элитный","sv":"100","p":4000.0,"q":37.74,"b":0.95,"ms":0.21,"wi":106.38,"ei":5.22,"as":918.66,"mi":"E","mv":48444,"sc":1,"lpe":99.79,"lpr":6172.24,"lq":1.0,"d":817888},{"pi":"3965","pc":"Товары для дома","ss":100000,"td":"Спальный район","dc":1,"n":564.49,"vc":"325734","sl":"Элитный","sv":"39","p":88900.0,"q":31.2,"b":0.0,"ms":0.27,"wi":101.47,"ei":8.12,"as":442.08,"mi":"E","mv":14271,"sc":1,"lpe":99.73,"lpr":17854.42,"lq":1.0,"d":549458},{"pi":"3965","pc":"Товары для дома","ss":30000,"td":"Центр города","dc":1,"n":413.93,"vc":"45762","sl":"Элитный","sv":"55","p":60000.0,"q":7.56,"b":0.0,"ms":0.21,"wi":190.14,"ei":10.4,"as":1225.0,"mi":"E","mv":26237,"sc":1,"lpe":99.79,"lpr":28826.84,"lq":1.0,"d":968944},{"pi":"3965","pc":"Товары для дома","ss":300000,"td":"Фешенебельный район","dc":1,"n":685.42,"vc":"960442","sl":"Элитный","sv":"6516","p":31180.0,"q":7.69,"b":0.0,"ms":17.77,"wi":127.34,"ei":10.71,"as":1372.0,"mi":"E","mv":36660,"sc":3,"lpe":82.22,"lpr":10509.44,"lq":2.58,"d":1305678},{"pi":"3965","pc":"Товары для дома","ss":30000,"td":"Центр города","dc":1,"n":504.23,"vc":"113584","sl":"Высокий","sv":"1","p":50000.0,"q":9.81,"b":0.0,"ms":0.0,"wi":127.34,"ei":10.71,"as":1372.0,"mi":"E","mv":36660,"sc":3,"lpe":82.22,"lpr":10509.44,"lq":2.58,"d":1305678},{"pi":"3965","pc":"Товары для дома","ss":20000,"td":"Центр города","dc":3,"n":294.85,"vc":"15112","sl":"Элитный","sv":"1","p":47800.0,"q":12.34,"b":0.0,"ms":0.0,"wi":127.34,"ei":10.71,"as":1372.0,"mi":"E","mv":36660,"sc":3,"lpe":82.22,"lpr":10509.44,"lq":2.58,"d":1305678},{"pi":"3965","pc":"Товары для дома","ss":100000,"td":"Фешенебельный район","dc":1,"n":440.64,"vc":"15418","sl":"Элитный","sv":"701","p":29999.99,"q":10.34,"b":0.0,"ms":7.9,"wi":89.13,"ei":8.54,"as":1187.62,"mi":"E","mv":8868,"sc":1,"lpe":92.1,"lpr":9562.78,"lq":1.0,"d":445695},{"pi":"3965","pc":"Товары для дома","ss":1000,"td":"Фешенебельный район","dc":1,"n":604.01,"vc":"1503","sl":"Элитный","sv":"100","p":65000.0,"q":26.14,"b":3.2,"ms":0.37,"wi":123.96,"ei":6.52,"as":593.48,"mi":"E","mv":26736,"sc":1,"lpe":99.63,"lpr":11277.36,"lq":1.0,"d":522937},{"pi":"3965","pc":"Товары для дома","ss":100000,"td":"Фешенебельный район","dc":1,"n":603.65,"vc":"130425","sl":"Элитный","sv":"3189","p":130000.0,"q":32.33,"b":0.0,"ms":6.49,"wi":176.86,"ei":9.63,"as":1429.05,"mi":"E","mv":49159,"sc":2,"lpe":92.49,"lpr":29194.86,"lq":1.0,"d":1361714},{"pi":"3965","pc":"Товары для дома","ss":100000,"td":"Фешенебельный район","dc":1,"n":341.0,"vc":"10437","sl":"Элитный","sv":"501","p":99999.99,"q":31.17,"b":0.0505189620758483,"ms":1.02,"wi":176.86,"ei":9.63,"as":1429.05,"mi":"E","mv":49159,"sc":2,"lpe":92.49,"lpr":29194.86,"lq":1.0,"d":1361714},{"pi":"3965","pc":"Товары для дома","ss":1000,"td":"Фешенебельный район","dc":1,"n":660.23,"vc":"2029","sl":"Очень высокий","sv":"500","p":60000.0,"q":38.85,"b":5.17,"ms":4.55,"wi":126.96,"ei":6.65,"as":617.8,"mi":"E","mv":10990,"sc":2,"lpe":91.95,"lpr":11355.49,"lq":1.0,"d":498236},{"pi":"3965","pc":"Товары для дома","ss":1000,"td":"Фешенебельный район","dc":1,"n":643.22,"vc":"2764","sl":"Очень высокий","sv":"385","p":66000.0,"q":32.15,"b":2.25,"ms":3.5,"wi":126.96,"ei":6.65,"as":617.8,"mi":"E","mv":10990,"sc":2,"lpe":91.95,"lpr":11355.49,"lq":1.0,"d":498236},{"pi":"3965","pc":"Товары для дома","ss":1000,"td":"Фешенебельный район","dc":1,"n":484.02,"vc":"952","sl":"Элитный","sv":"160","p":99000.0,"q":26.14,"b":3.2,"ms":0.4,"wi":136.64,"ei":8.24,"as":623.56,"mi":"E","mv":40387,"sc":2,"lpe":99.36,"lpr":15700.33,"lq":1.0,"d":1164293},{"pi":"3965","pc":"Товары для дома","ss":1000,"td":"Фешенебельный район","dc":1,"n":558.73,"vc":"1451","sl":"Элитный","sv":"100","p":102000.0,"q":26.14,"b":3.2,"ms":0.25,"wi":136.64,"ei":8.24,"as":623.56,"mi":"E","mv":40387,"sc":2,"lpe":99.36,"lpr":15700.33,"lq":1.0,"d":1164293},{"pi":"3965","pc":"Товары для дома","ss":1000,"td":"Центр города","dc":1,"n":23.04,"vc":"261","sl":"Элитный","sv":"1044","p":16200.0,"q":15.97,"b":0.09,"ms":8.83,"wi":101.28,"ei":4.87,"as":355.62,"mi":"E","mv":11821,"sc":2,"lpe":89.48,"lpr":5387.18,"lq":1.0,"d":1172689},{"pi":"3965","pc":"Товары для дома","ss":1000,"td":"Центр города","dc":1,"n":149.59,"vc":"532","sl":"Элитный","sv":"200","p":12002.0,"q":29.67,"b":1.4,"ms":1.69,"wi":101.28,"ei":4.87,"as":355.62,"mi":"E","mv":11821,"sc":2,"lpe":89.48,"lpr":5387.18,"lq":1.0,"d":1172689},{"pi":"3965","pc":"Товары для дома","ss":10000,"td":"Фешенебельный район","dc":1,"n":642.88,"vc":"22756","sl":"Элитный","sv":"1239","p":27030.0,"q":7.69,"b":0.0,"ms":10.36,"wi":75.41,"ei":8.49,"as":847.45,"mi":"E","mv":11959,"sc":1,"lpe":89.64,"lpr":7603.12,"lq":1.41,"d":1283055},{"pi":"3965","pc":"Товары для дома","ss":10000,"td":"Центр города","dc":1,"n":94.15,"vc":"2000","sl":"Элитный","sv":"400","p":3002.0,"q":33.71,"b":0.62,"ms":2.29,"wi":105.2,"ei":9.66,"as":533.5,"mi":"E","mv":17478,"sc":1,"lpe":97.71,"lpr":13751.05,"lq":1.0,"d":1217629},{"pi":"3965","pc":"Товары для дома","ss":100000,"td":"Центр города","dc":1,"n":444.54,"vc":"363669","sl":"Элитный","sv":"500","p":15000.0,"q":21.73,"b":0.0,"ms":0.33,"wi":33.84,"ei":9.93,"as":317.4,"mi":"E","mv":150621,"sc":1,"lpe":99.67,"lpr":10433.34,"lq":1.0,"d":13078752},{"pi":"3965","pc":"Товары для дома","ss":200000,"td":"Пригород","dc":3,"n":372.59,"vc":"43286","sl":"Элитный","sv":"1452","p":60000.0,"q":16.34,"b":0.0,"ms":8.28,"wi":228.1,"ei":8.47,"as":853.23,"mi":"E","mv":17527,"sc":1,"lpe":91.72,"lpr":21990.06,"lq":1.0,"d":420720},{"pi":"3965","pc":"Товары для дома","ss":100000,"td":"Спальный район","dc":1,"n":475.14,"vc":"174668","sl":"Элитный","sv":"3062","p":134200.0,"q":33.13,"b":0.0,"ms":12.0,"wi":199.46,"ei":9.29,"as":1878.18,"mi":"E","mv":25518,"sc":1,"lpe":88.0,"lpr":44662.59,"lq":1.27,"d":1078310},{"pi":"3965","pc":"Товары для дома","ss":200000,"td":"Фешенебельный район","dc":3,"n":433.54,"vc":"45346","sl":"Элитный","sv":"3380","p":75000.0,"q":17.02,"b":0.0,"ms":11.4,"wi":205.51,"ei":9.37,"as":1972.09,"mi":"E","mv":29638,"sc":1,"lpe":88.6,"lpr":25959.1,"lq":2.67,"d":1293976}]