[{"d":"27.08.2018","r":167.0,"q":4.94,"p":288622.75,"s":[{"cn":"Aurum corp.","ui":"7838396","t":129.0,"r":129.0,"q":5.07,"p":300000.0,"mot":"U","mo":129.0},{"cn":"АО «Monkk»","ui":"7840491","t":38.0,"r":38.0,"q":4.51,"p":250000.0,"mot":"U","mo":38.0},{"cn":"","ui":"","t":0.0,"r":0.0,"q":0.0,"p":0.0,"mot":"L","mo":0.0}]},{"d":"28.08.2018","r":550.0,"q":5.06,"p":263527.27,"s":[{"cn":"Aurum corp.","ui":"7838396","t":444.0,"r":444.0,"q":5.08,"p":250000.0,"mot":"U","mo":444.0},{"cn":"АО «Monkk»","ui":"7840491","t":75.0,"r":75.0,"q":4.62,"p":250000.0,"mot":"U","mo":75.0},{"cn":"Nitro Technology","ui":"7844115","t":31.0,"r":31.0,"q":5.88,"p":490000.0,"mot":"U","mo":31.0},{"cn":"","ui":"","t":0.0,"r":0.0,"q":0.0,"p":0.0,"mot":"L","mo":0.0}]},{"d":"29.08.2018","r":757.0,"q":4.8,"p":257780.71,"s":[{"cn":"Aurum corp.","ui":"7838396","t":292.0,"r":292.0,"q":5.23,"p":250000.0,"mot":"U","mo":292.0},{"cn":"АО «Monkk»","ui":"7840491","t":113.0,"r":113.0,"q":4.64,"p":250000.0,"mot":"U","mo":113.0},{"cn":"Umbrella Corp.","ui":"7831952","t":271.0,"r":271.0,"q":4.07,"p":200000.0,"mot":"U","mo":271.0},{"cn":"Nitro Technology","ui":"7844115","t":81.0,"r":81.0,"q":5.87,"p":490000.0,"mot":"U","mo":81.0},{"cn":"","ui":"","t":0.0,"r":0.0,"q":0.0,"p":0.0,"mot":"L","mo":0.0}]},{"d":"30.08.2018","r":721.0,"q":5.36,"p":303592.23,"s":[{"cn":"Aurum corp.","ui":"7838396","t":409.0,"r":409.0,"q":5.42,"p":250000.0,"mot":"U","mo":409.0},{"cn":"АО «Monkk»","ui":"7840491","t":151.0,"r":151.0,"q":4.66,"p":250000.0,"mot":"U","mo":151.0},{"cn":"Nitro Technology","ui":"7844115","t":161.0,"r":161.0,"q":5.86,"p":490000.0,"mot":"U","mo":161.0},{"cn":"","ui":"","t":0.0,"r":0.0,"q":0.0,"p":0.0,"mot":"L","mo":0.0}]},{"d":"31.08.2018","r":1712.0,"q":4.7,"p":253382.01,"s":[{"cn":"Aurum corp.","ui":"7838396","t":241.0,"r":241.0,"q":5.68,"p":250000.0,"mot":"U","mo":241.0},{"cn":"АО «Monkk»","ui":"7840491","t":189.0,"r":189.0,"q":4.67,"p":250000.0,"mot":"U","mo":189.0},{"cn":"Umbrella Corp.","ui":"7831952","t":1041.0,"r":1041.0,"q":4.21,"p":200000.0,"mot":"U","mo":1041.0},{"cn":"Nitro Technology","ui":"7844115","t":241.0,"r":241.0,"q":5.89,"p":490000.0,"mot":"U","mo":241.0},{"cn":"","ui":"","t":0.0,"r":0.0,"q":0.0,"p":0.0,"mot":"L","mo":0.0}]},{"d":"03.09.2018","r":2027.0,"q":5.42,"p":205347.8,"s":[{"cn":"pinuscz s.r.o","ui":"7843230","t":1293.0,"r":1293.0,"q":5.42,"p":100000.0,"mot":"U","mo":1293.0},{"cn":"АО «Monkk»","ui":"7840491","t":303.0,"r":303.0,"q":4.69,"p":250000.0,"mot":"U","mo":303.0},{"cn":"Nitro Technology","ui":"7844115","t":431.0,"r":431.0,"q":5.95,"p":490000.0,"mot":"U","mo":431.0},{"cn":"","ui":"","t":0.0,"r":0.0,"q":0.0,"p":0.0,"mot":"L","mo":0.0}]},{"d":"04.09.2018","r":2358.0,"q":5.43,"p":206208.65,"s":[{"cn":"pinuscz s.r.o","ui":"7843230","t":1506.0,"r":1506.0,"q":5.42,"p":100000.0,"mot":"U","mo":1506.0},{"cn":"АО «Monkk»","ui":"7840491","t":341.0,"r":341.0,"q":4.69,"p":250000.0,"mot":"U","mo":341.0},{"cn":"Nitro Technology","ui":"7844115","t":511.0,"r":511.0,"q":5.96,"p":490000.0,"mot":"U","mo":511.0},{"cn":"","ui":"","t":0.0,"r":0.0,"q":0.0,"p":0.0,"mot":"L","mo":0.0}]},{"d":"05.09.2018","r":2457.0,"q":5.48,"p":216947.5,"s":[{"cn":"pinuscz s.r.o","ui":"7843230","t":1487.0,"r":1487.0,"q":5.48,"p":100000.0,"mot":"U","mo":1487.0},{"cn":"АО «Monkk»","ui":"7840491","t":379.0,"r":379.0,"q":4.7,"p":250000.0,"mot":"U","mo":379.0},{"cn":"Nitro Technology","ui":"7844115","t":591.0,"r":591.0,"q":5.97,"p":490000.0,"mot":"U","mo":591.0},{"cn":"","ui":"","t":0.0,"r":0.0,"q":0.0,"p":0.0,"mot":"L","mo":0.0}]},{"d":"06.09.2018","r":2122.0,"q":5.53,"p":217808.67,"s":[{"cn":"pinuscz s.r.o","ui":"7843230","t":1075.0,"r":1075.0,"q":5.55,"p":100000.0,"mot":"U","mo":1075.0},{"cn":"АО «Monkk»","ui":"7840491","t":377.0,"r":377.0,"q":4.7,"p":70000.0,"mot":"U","mo":377.0},{"cn":"Nitro Technology","ui":"7844115","t":670.0,"r":670.0,"q":5.98,"p":490000.0,"mot":"U","mo":670.0},{"cn":"","ui":"","t":0.0,"r":0.0,"q":0.0,"p":0.0,"mot":"L","mo":0.0}]},{"d":"07.09.2018","r":2381.0,"q":5.6,"p":99025.62,"s":[{"cn":"pinuscz s.r.o","ui":"7843230","t":1305.0,"r":1305.0,"q":5.61,"p":100000.0,"mot":"U","mo":1305.0},{"cn":"АО «Monkk»","ui":"7840491","t":327.0,"r":327.0,"q":4.7,"p":70000.0,"mot":"U","mo":327.0},{"cn":"Nitro Technology","ui":"7844115","t":749.0,"r":749.0,"q":5.98,"p":110000.0,"mot":"U","mo":749.0},{"cn":"","ui":"","t":0.0,"r":0.0,"q":0.0,"p":0.0,"mot":"L","mo":0.0}]},{"d":"10.09.2018","r":3067.0,"q":5.63,"p":88917.51,"s":[{"cn":"Fsun inc.","ui":"7837310","t":637.0,"r":637.0,"q":5.39,"p":80000.0,"mot":"U","mo":637.0},{"cn":"pinuscz s.r.o","ui":"7843230","t":1095.0,"r":1095.0,"q":5.8,"p":100000.0,"mot":"U","mo":1095.0},{"cn":"АО «Monkk»","ui":"7840491","t":395.0,"r":395.0,"q":4.71,"p":70000.0,"mot":"U","mo":395.0},{"cn":"Nitro Technology","ui":"7844115","t":940.0,"r":940.0,"q":5.99,"p":90000.0,"mot":"U","mo":940.0},{"cn":"","ui":"","t":0.0,"r":0.0,"q":0.0,"p":0.0,"mot":"L","mo":0.0}]},{"d":"12.09.2018","r":4306.0,"q":5.58,"p":90564.33,"s":[{"cn":"АО «Monkk»","ui":"7832805","t":322.0,"r":322.0,"q":4.79,"p":50000.0,"mot":"U","mo":322.0},{"cn":"Fsun inc.","ui":"7837310","t":699.0,"r":699.0,"q":5.51,"p":80000.0,"mot":"U","mo":699.0},{"cn":"Yellow Rose","ui":"7834429","t":675.0,"r":675.0,"q":4.79,"p":100000.0,"mot":"U","mo":675.0},{"cn":"pinuscz s.r.o","ui":"7843230","t":1555.0,"r":1555.0,"q":5.84,"p":100000.0,"mot":"U","mo":1555.0},{"cn":"Nitro Technology","ui":"7844115","t":1055.0,"r":1055.0,"q":6.0,"p":90000.0,"mot":"U","mo":1055.0},{"cn":"","ui":"","t":0.0,"r":0.0,"q":0.0,"p":0.0,"mot":"L","mo":0.0}]},{"d":"13.09.2018","r":3919.0,"q":5.75,"p":89420.77,"s":[{"cn":"АО «Monkk»","ui":"7832805","t":321.0,"r":321.0,"q":4.79,"p":50000.0,"mot":"U","mo":321.0},{"cn":"Fsun inc.","ui":"7837310","t":728.0,"r":728.0,"q":5.57,"p":80000.0,"mot":"U","mo":728.0},{"cn":"pinuscz s.r.o","ui":"7843230","t":1785.0,"r":1785.0,"q":5.85,"p":100000.0,"mot":"U","mo":1785.0},{"cn":"Nitro Technology","ui":"7844115","t":1085.0,"r":1085.0,"q":6.0,"p":90000.0,"mot":"U","mo":1085.0},{"cn":"","ui":"","t":0.0,"r":0.0,"q":0.0,"p":0.0,"mot":"L","mo":0.0}]},{"d":"14.09.2018","r":1173.0,"q":4.99,"p":85311.17,"s":[{"cn":"АО «Monkk»","ui":"7832805","t":306.0,"r":306.0,"q":4.79,"p":50000.0,"mot":"U","mo":306.0},{"cn":"Yellow Rose","ui":"7834429","t":674.0,"r":674.0,"q":4.79,"p":100000.0,"mot":"U","mo":674.0},{"cn":"Nitro Technology","ui":"7844115","t":193.0,"r":193.0,"q":6.02,"p":90000.0,"mot":"U","mo":193.0},{"cn":"","ui":"","t":0.0,"r":0.0,"q":0.0,"p":0.0,"mot":"L","mo":0.0}]},{"d":"17.09.2018","r":2345.0,"q":5.88,"p":72814.5,"s":[{"cn":"pinuscz s.r.o","ui":"7844952","t":2015.0,"r":2015.0,"q":5.86,"p":70000.0,"mot":"U","mo":2015.0},{"cn":"Nitro Technology","ui":"7844115","t":330.0,"r":330.0,"q":6.03,"p":90000.0,"mot":"U","mo":330.0},{"cn":"","ui":"","t":0.0,"r":0.0,"q":0.0,"p":0.0,"mot":"L","mo":0.0}]},{"d":"18.09.2018","r":3089.0,"q":5.66,"p":54621.24,"s":[{"cn":"Yellow Rose","ui":"7834429","t":673.0,"r":673.0,"q":4.79,"p":45000.0,"mot":"U","mo":673.0},{"cn":"pinuscz s.r.o","ui":"7844952","t":1965.0,"r":1965.0,"q":5.86,"p":50000.0,"mot":"U","mo":1965.0},{"cn":"Nitro Technology","ui":"7844115","t":411.0,"r":411.0,"q":6.03,"p":90000.0,"mot":"U","mo":411.0},{"cn":"","ui":"","t":40.0,"r":40.0,"q":6.93,"p":80000.0,"mot":"L","mo":40.0}]},{"d":"19.09.2018","r":3298.0,"q":5.74,"p":54669.5,"s":[{"cn":"Yellow Rose","ui":"7834429","t":672.0,"r":672.0,"q":4.79,"p":45000.0,"mot":"U","mo":672.0},{"cn":"pinuscz s.r.o","ui":"7844952","t":2157.0,"r":2157.0,"q":5.97,"p":50000.0,"mot":"U","mo":2157.0},{"cn":"Nitro Technology","ui":"7844115","t":469.0,"r":469.0,"q":6.03,"p":90000.0,"mot":"U","mo":469.0},{"cn":"","ui":"","t":0.0,"r":0.0,"q":0.0,"p":0.0,"mot":"L","mo":0.0}]},{"d":"20.09.2018","r":3024.0,"q":5.72,"p":51473.21,"s":[{"cn":"Yellow Rose","ui":"7834429","t":671.0,"r":671.0,"q":4.79,"p":45000.0,"mot":"U","mo":671.0},{"cn":"pinuscz s.r.o","ui":"7844952","t":2154.0,"r":2154.0,"q":5.97,"p":50000.0,"mot":"U","mo":2154.0},{"cn":"Nitro Technology","ui":"7844115","t":184.0,"r":184.0,"q":6.04,"p":90000.0,"mot":"U","mo":184.0},{"cn":"","ui":"","t":15.0,"r":15.0,"q":6.93,"p":80000.0,"mot":"L","mo":15.0}]},{"d":"21.09.2018","r":2684.0,"q":5.89,"p":53755.59,"s":[{"cn":"АО «Monkk»","ui":"7832805","t":279.0,"r":279.0,"q":5.14,"p":50000.0,"mot":"U","mo":279.0},{"cn":"pinuscz s.r.o","ui":"7844952","t":2153.0,"r":2153.0,"q":5.97,"p":50000.0,"mot":"U","mo":2153.0},{"cn":"Nitro Technology","ui":"7844115","t":252.0,"r":252.0,"q":6.04,"p":90000.0,"mot":"U","mo":252.0},{"cn":"","ui":"","t":0.0,"r":0.0,"q":0.0,"p":0.0,"mot":"L","mo":0.0}]},{"d":"24.09.2018","r":2228.0,"q":6.03,"p":62553.86,"s":[{"cn":"АО «Monkk»","ui":"7832805","t":309.0,"r":309.0,"q":5.54,"p":50000.0,"mot":"U","mo":309.0},{"cn":"Fsun inc.","ui":"7837310","t":112.0,"r":112.0,"q":7.84,"p":80000.0,"mot":"U","mo":112.0},{"cn":"Yellow Rose","ui":"7834429","t":694.0,"r":694.0,"q":7.05,"p":75000.0,"mot":"U","mo":694.0},{"cn":"Yellow Rose","ui":"7832877","t":621.0,"r":621.0,"q":4.79,"p":30000.0,"mot":"U","mo":621.0},{"cn":"Nitro Technology","ui":"7844115","t":492.0,"r":492.0,"q":6.04,"p":90000.0,"mot":"U","mo":492.0},{"cn":"","ui":"","t":0.0,"r":0.0,"q":0.0,"p":0.0,"mot":"L","mo":0.0}]},{"d":"25.09.2018","r":3295.0,"q":5.78,"p":53478.0,"s":[{"cn":"Yellow Rose","ui":"7832877","t":571.0,"r":571.0,"q":4.79,"p":30000.0,"mot":"U","mo":571.0},{"cn":"pinuscz s.r.o","ui":"7844952","t":2152.0,"r":2152.0,"q":5.97,"p":50000.0,"mot":"U","mo":2152.0},{"cn":"Nitro Technology","ui":"7844115","t":572.0,"r":572.0,"q":6.04,"p":90000.0,"mot":"U","mo":572.0},{"cn":"","ui":"","t":0.0,"r":0.0,"q":0.0,"p":0.0,"mot":"L","mo":0.0}]},{"d":"26.09.2018","r":1697.0,"q":5.01,"p":52769.59,"s":[{"cn":"LoMaX","ui":"7837144","t":298.0,"r":298.0,"q":4.52,"p":50000.0,"mot":"U","mo":298.0},{"cn":"Yellow Rose","ui":"7832877","t":567.0,"r":567.0,"q":4.79,"p":30000.0,"mot":"U","mo":567.0},{"cn":"baysik LTD","ui":"7854125","t":431.0,"r":431.0,"q":4.67,"p":50000.0,"mot":"U","mo":431.0},{"cn":"Nitro Technology","ui":"7844115","t":401.0,"r":401.0,"q":6.04,"p":90000.0,"mot":"U","mo":401.0},{"cn":"","ui":"","t":0.0,"r":0.0,"q":0.0,"p":0.0,"mot":"L","mo":0.0}]},{"d":"28.09.2018","r":4567.0,"q":5.59,"p":61452.59,"s":[{"cn":"АО «Monkk»","ui":"7832805","t":347.0,"r":347.0,"q":5.71,"p":50000.0,"mot":"U","mo":347.0},{"cn":"LoMaX","ui":"7837144","t":317.0,"r":317.0,"q":4.61,"p":50000.0,"mot":"U","mo":317.0},{"cn":"Yellow Rose","ui":"7832877","t":556.0,"r":556.0,"q":4.79,"p":30000.0,"mot":"U","mo":556.0},{"cn":"baysik LTD","ui":"7854125","t":662.0,"r":662.0,"q":4.68,"p":50000.0,"mot":"U","mo":662.0},{"cn":"pinuscz s.r.o","ui":"7844952","t":1966.0,"r":1966.0,"q":5.97,"p":50000.0,"mot":"U","mo":1966.0},{"cn":"Nitro Technology","ui":"7844115","t":481.0,"r":481.0,"q":6.03,"p":90000.0,"mot":"U","mo":481.0},{"cn":"","ui":"","t":238.0,"r":238.0,"q":7.07,"p":235647.06,"mot":"L","mo":238.0}]},{"d":"01.02.2019","r":17055.0,"q":8.22,"p":51524.22,"s":[{"cn":"Nitro Technology","ui":"7848661","t":2647.0,"r":2647.0,"q":6.46,"p":5000.0,"mot":"U","mo":2647.0},{"cn":"baysik LTD","ui":"7865478","t":12125.0,"r":12125.0,"q":7.51,"p":7500.0,"mot":"U","mo":12125.0},{"cn":"Stepanov","ui":"7831617","t":1532.0,"r":1532.0,"q":15.03,"p":500000.0,"mot":"U","mo":1532.0},{"cn":"","ui":"","t":751.0,"r":751.0,"q":12.01,"p":11415.45,"mot":"L","mo":751.0}]},{"d":"04.02.2019","r":35500.0,"q":11.03,"p":73877.21,"s":[{"cn":"Nitro Technology","ui":"7848661","t":2201.0,"r":2201.0,"q":6.46,"p":5000.0,"mot":"U","mo":2201.0},{"cn":"baysik LTD","ui":"7865478","t":15286.0,"r":15286.0,"q":8.09,"p":7500.0,"mot":"U","mo":15286.0},{"cn":"Umbrella Corp.","ui":"7855608","t":13614.0,"r":13614.0,"q":13.89,"p":50000.0,"mot":"U","mo":13614.0},{"cn":"Stepanov","ui":"7831617","t":3600.0,"r":3600.0,"q":15.21,"p":500000.0,"mot":"U","mo":3600.0},{"cn":"","ui":"","t":799.0,"r":799.0,"q":12.27,"p":20389.24,"mot":"L","mo":799.0}]},{"d":"05.02.2019","r":24309.0,"q":14.0,"p":124532.93,"s":[{"cn":"Шубин Инвест","ui":"7908973","t":5835.0,"r":5835.0,"q":13.56,"p":50000.0,"mot":"L","mo":5835.0},{"cn":"Umbrella Corp.","ui":"7855608","t":13521.0,"r":13521.0,"q":13.89,"p":50000.0,"mot":"U","mo":13521.0},{"cn":"Stepanov","ui":"7831617","t":4074.0,"r":4074.0,"q":15.35,"p":500000.0,"mot":"U","mo":4074.0},{"cn":"","ui":"","t":879.0,"r":879.0,"q":12.47,"p":25564.28,"mot":"L","mo":879.0}]},{"d":"06.02.2019","r":6511.0,"q":13.42,"p":4933.8,"s":[{"cn":"Multy_Vitamin Трейд","ui":"7903978","t":739.0,"r":739.0,"q":12.14,"p":9000.0,"mot":"U","mo":739.0},{"cn":"Шубин Инвест","ui":"7908973","t":5573.0,"r":5573.0,"q":13.56,"p":1000.0,"mot":"L","mo":5573.0},{"cn":"","ui":"","t":199.0,"r":199.0,"q":14.21,"p":100000.0,"mot":"L","mo":199.0}]},{"d":"07.02.2019","r":19470.0,"q":13.74,"p":36080.95,"s":[{"cn":"Шубин Инвест","ui":"7908973","t":5065.0,"r":5065.0,"q":13.56,"p":1000.0,"mot":"L","mo":5065.0},{"cn":"Umbrella Corp.","ui":"7855608","t":13480.0,"r":13480.0,"q":13.89,"p":50000.0,"mot":"U","mo":13480.0},{"cn":"","ui":"","t":925.0,"r":925.0,"q":12.5,"p":25330.81,"mot":"L","mo":925.0}]},{"d":"08.02.2019","r":55655.0,"q":8.89,"p":29708.3,"s":[{"cn":"baysik LTD","ui":"7865478","t":15285.0,"r":15285.0,"q":8.09,"p":7500.0,"mot":"U","mo":15285.0},{"cn":"Umbrella Corp.","ui":"7855608","t":13440.0,"r":13440.0,"q":13.89,"p":50000.0,"mot":"U","mo":13440.0},{"cn":"Shark\u0026Co","ui":"7832486","t":15738.0,"r":15738.0,"q":5.4,"p":29000.0,"mot":"U","mo":15738.0},{"cn":"","ui":"","t":11192.0,"r":11192.0,"q":8.9,"p":36666.9,"mot":"L","mo":11192.0}]}]