[{"d":"17.10.2016","r":150.0,"q":1.0,"p":165.9,"s":[{"ui":"7885123","t":150.0,"r":150.0,"q":1.0,"p":165.9,"mot":"U","mo":150.0},{"cn":"","ui":"","t":0.0,"r":0.0,"q":0.0,"p":0.0,"mot":"L","mo":0.0}]},{"d":"21.10.2016","r":90.0,"q":1.0,"p":142.0,"s":[{"ui":"7895927","t":90.0,"r":90.0,"q":1.0,"p":142.0,"mot":"U","mo":90.0},{"cn":"","ui":"","t":0.0,"r":0.0,"q":0.0,"p":0.0,"mot":"L","mo":0.0}]},{"d":"23.10.2016","r":1200.0,"q":1.0,"p":120.0,"s":[{"ui":"7899107","t":1400.0,"r":1200.0,"q":1.0,"p":120.0,"mot":"U","mo":1200.0},{"cn":"","ui":"","t":0.0,"r":0.0,"q":0.0,"p":0.0,"mot":"L","mo":0.0}]},{"d":"24.10.2016","r":0.0,"q":0.0,"p":0.0,"s":[{"cn":"","ui":"","t":0.0,"r":0.0,"q":0.0,"p":0.0,"mot":"L","mo":0.0}]},{"d":"01.05.2017","r":1000.0,"q":1.0,"p":84.12,"s":[{"cn":"Calvo Figorelli Invest","ui":"8142121","t":1000.0,"r":1000.0,"q":1.0,"p":84.12,"mot":"U","mo":1000.0},{"cn":"","ui":"","t":0.0,"r":0.0,"q":0.0,"p":0.0,"mot":"L","mo":0.0}]},{"d":"02.05.2017","r":0.0,"q":0.0,"p":0.0,"s":[{"cn":"","ui":"","t":0.0,"r":0.0,"q":0.0,"p":0.0,"mot":"L","mo":0.0}]},{"d":"21.02.2019","r":2000.0,"q":1.0,"p":114.31,"s":[{"cn":"Lommel Inc.","ui":"8858642","t":2000.0,"r":2000.0,"q":1.0,"p":114.31,"mot":"U","mo":2000.0},{"cn":"","ui":"","t":0.0,"r":0.0,"q":0.0,"p":0.0,"mot":"L","mo":0.0}]},{"d":"25.02.2019","r":126.0,"q":1.0,"p":114.12,"s":[{"cn":"Clothing Ltd.","ui":"8862048","t":126.0,"r":126.0,"q":1.0,"p":114.12,"mot":"U","mo":126.0},{"cn":"","ui":"","t":0.0,"r":0.0,"q":0.0,"p":0.0,"mot":"L","mo":0.0}]},{"d":"28.10.2019","r":34.0,"q":1.0,"p":65.0,"s":[{"cn":"Lxn194127W. Ltd","ui":"9186122","t":34.0,"r":34.0,"q":1.0,"p":65.0,"mot":"U","mo":34.0},{"cn":"","ui":"","t":0.0,"r":0.0,"q":0.0,"p":0.0,"mot":"L","mo":0.0}]},{"d":"29.10.2019","r":58.0,"q":1.0,"p":65.0,"s":[{"cn":"Lxn194127W. Ltd","ui":"9186122","t":58.0,"r":58.0,"q":1.0,"p":65.0,"mot":"U","mo":58.0},{"cn":"","ui":"","t":0.0,"r":0.0,"q":0.0,"p":0.0,"mot":"L","mo":0.0}]},{"d":"27.12.2019","r":50.0,"q":1.0,"p":120.0,"s":[{"cn":"Mutahaaydin Limited","ui":"9282451","t":50.0,"r":50.0,"q":1.0,"p":120.0,"mot":"U","mo":50.0},{"cn":"","ui":"","t":0.0,"r":0.0,"q":0.0,"p":0.0,"mot":"L","mo":0.0}]},{"d":"03.01.2020","r":90.0,"q":1.0,"p":100.0,"s":[{"cn":"beyzanurballi.1 Limited","ui":"9293058","t":90.0,"r":90.0,"q":1.0,"p":100.0,"mot":"U","mo":90.0},{"cn":"","ui":"","t":0.0,"r":0.0,"q":0.0,"p":0.0,"mot":"L","mo":0.0}]},{"d":"22.04.2020","r":1.0,"q":1.0,"p":10.0,"s":[{"cn":"alanahp Limited","ui":"9457916","t":1.0,"r":1.0,"q":1.0,"p":10.0,"mot":"L","mo":1.0},{"cn":"","ui":"","t":0.0,"r":0.0,"q":0.0,"p":0.0,"mot":"L","mo":0.0}]},{"d":"31.07.2020","r":10000.0,"q":1.0,"p":49.0,"s":[{"cn":"Fly","ui":"9603348","t":10000.0,"r":10000.0,"q":1.0,"p":49.0,"mot":"U","mo":10000.0},{"cn":"","ui":"","t":0.0,"r":0.0,"q":0.0,"p":0.0,"mot":"L","mo":0.0}]},{"d":"12.04.2021","r":1000.0,"q":1.0,"p":80.0,"s":[{"cn":"Kulikov1 Ltd.","ui":"10017921","t":1000.0,"r":1000.0,"q":1.0,"p":80.0,"mot":"U","mo":1000.0},{"cn":"","ui":"","t":0.0,"r":0.0,"q":0.0,"p":0.0,"mot":"L","mo":0.0}]},{"d":"23.04.2021","r":0.0,"q":0.0,"p":0.0,"s":[{"cn":"","ui":"","t":0.0,"r":0.0,"q":0.0,"p":0.0,"mot":"L","mo":0.0}]}]