[{"pi":"335174","pc":"Продукты питания","ss":100000,"td":"Центр города","dc":1,"n":673.29,"vc":"1332703","sl":"Нормальный","sv":"10000","p":1176.0,"q":4.72,"b":0.0,"ms":6.98,"wi":156.39,"ei":6.41,"as":2315.25,"mi":"E","mv":143166,"sc":2,"lpe":92.88,"lpr":2705.36,"lq":1.0,"d":680780},{"pi":"335174","pc":"Продукты питания","ss":10000,"td":"Центр города","dc":3,"n":0.0,"vc":"878","sl":"Элитный","sv":"200","p":2500.0,"q":5.52,"b":0.0,"ms":0.14,"wi":156.39,"ei":6.41,"as":2315.25,"mi":"E","mv":143166,"sc":2,"lpe":92.88,"lpr":2705.36,"lq":1.0,"d":680780},{"pi":"335174","pc":"Продукты питания","ss":100000,"td":"Фешенебельный район","dc":2,"n":594.86,"vc":"223700","sl":"Элитный","sv":"50000","p":3700.0,"q":5.68,"b":1.326,"ms":6.88,"wi":131.96,"ei":6.72,"as":1776.47,"mi":"E","mv":727227,"sc":1,"lpe":93.12,"lpr":1755.26,"lq":1.0,"d":2542506},{"pi":"335174","pc":"Продукты питания","ss":100000,"td":"Центр города","dc":2,"n":459.26,"vc":"223865","sl":"Элитный","sv":"10000","p":2100.0,"q":4.72,"b":0.0,"ms":2.15,"wi":115.61,"ei":6.91,"as":1461.51,"mi":"E","mv":465329,"sc":1,"lpe":97.85,"lpr":1200.81,"lq":1.0,"d":1489874},{"pi":"335174","pc":"Продукты питания","ss":100000,"td":"Центр города","dc":2,"n":167.93,"vc":"22018","sl":"Элитный","sv":"785","p":1600.0,"q":4.55,"b":0.0,"ms":0.27,"wi":31.13,"ei":3.43,"as":151.97,"mi":"E","mv":290974,"sc":1,"lpe":99.73,"lpr":1001.76,"lq":1.0,"d":5908898},{"pi":"335174","pc":"Продукты питания","ss":80000,"td":"Центр города","dc":1,"n":158.44,"vc":"20002","sl":"Элитный","sv":"10000","p":1200.0,"q":4.72,"b":0.0,"ms":2.41,"wi":27.86,"ei":3.43,"as":42.92,"mi":"E","mv":415740,"sc":2,"lpe":95.87,"lpr":999.5,"lq":1.0,"d":9216794},{"pi":"335174","pc":"Продукты питания","ss":2000,"td":"Центр города","dc":1,"n":36.64,"vc":"1435","sl":"Элитный","sv":"7157","p":670.0,"q":2.04,"b":0.0,"ms":1.72,"wi":27.86,"ei":3.43,"as":42.92,"mi":"E","mv":415740,"sc":2,"lpe":95.87,"lpr":999.5,"lq":1.0,"d":9216794},{"pi":"335174","pc":"Продукты питания","ss":15000,"td":"Фешенебельный район","dc":1,"n":542.09,"vc":"15372","sl":"Элитный","sv":"10000","p":1500.0,"q":4.72,"b":0.0,"ms":21.51,"wi":80.59,"ei":6.9,"as":850.5,"mi":"E","mv":46497,"sc":1,"lpe":78.49,"lpr":970.75,"lq":1.13,"d":688452},{"pi":"335174","pc":"Продукты питания","ss":160000,"td":"Окраина","dc":2,"n":539.93,"vc":"592750","sl":"Нормальный","sv":"7971","p":3000.0,"q":6.46,"b":4.53,"ms":3.84,"wi":86.72,"ei":7.1,"as":871.5,"mi":"E","mv":207717,"sc":1,"lpe":96.16,"lpr":1398.22,"lq":1.0,"d":957768},{"pi":"335174","pc":"Продукты питания","ss":100000,"td":"Центр города","dc":1,"n":557.35,"vc":"357942","sl":"Элитный","sv":"2278","p":4000.0,"q":5.45,"b":4.3,"ms":2.69,"wi":93.4,"ei":9.12,"as":1117.2,"mi":"E","mv":84729,"sc":1,"lpe":97.31,"lpr":1707.26,"lq":1.0,"d":384781},{"pi":"335174","pc":"Продукты питания","ss":100000,"td":"Фешенебельный район","dc":2,"n":594.19,"vc":"223978","sl":"Элитный","sv":"40000","p":2400.0,"q":6.46,"b":3.03,"ms":4.85,"wi":81.91,"ei":8.82,"as":546.4,"mi":"E","mv":825549,"sc":1,"lpe":95.15,"lpr":1031.22,"lq":1.0,"d":2598727},{"pi":"335174","pc":"Продукты питания","ss":100000,"td":"Фешенебельный район","dc":2,"n":680.19,"vc":"223938","sl":"Элитный","sv":"8000","p":2700.0,"q":6.46,"b":3.03,"ms":14.45,"wi":80.04,"ei":6.62,"as":576.1,"mi":"E","mv":55361,"sc":1,"lpe":85.55,"lpr":1005.56,"lq":1.1,"d":254993},{"pi":"335174","pc":"Продукты питания","ss":100000,"td":"Фешенебельный район","dc":2,"n":671.29,"vc":"223602","sl":"Элитный","sv":"14000","p":2500.0,"q":6.46,"b":3.03,"ms":14.78,"wi":128.02,"ei":8.82,"as":625.38,"mi":"E","mv":94723,"sc":1,"lpe":85.22,"lpr":1009.89,"lq":1.16,"d":311011},{"pi":"335174","pc":"Продукты питания","ss":1000,"td":"Центр города","dc":1,"n":123.87,"vc":"1474","sl":"Элитный","sv":"300","p":1200.0,"q":4.72,"b":0.0,"ms":1.18,"wi":21.21,"ei":4.62,"as":206.96,"mi":"E","mv":25327,"sc":2,"lpe":98.33,"lpr":1027.61,"lq":1.0,"d":1571900},{"pi":"335174","pc":"Продукты питания","ss":20000,"td":"Окраина","dc":10,"n":251.19,"vc":"10233","sl":"Очень низкий","sv":"124","p":2000.0,"q":4.52,"b":0.0,"ms":0.49,"wi":21.21,"ei":4.62,"as":206.96,"mi":"E","mv":25327,"sc":2,"lpe":98.33,"lpr":1027.61,"lq":1.0,"d":1571900},{"pi":"335174","pc":"Продукты питания","ss":26500,"td":"Фешенебельный район","dc":2,"n":634.52,"vc":"61020","sl":"Нормальный","sv":"10000","p":1550.0,"q":4.72,"b":0.0,"ms":5.18,"wi":109.29,"ei":6.7,"as":1597.06,"mi":"E","mv":193118,"sc":2,"lpe":94.66,"lpr":1159.07,"lq":1.0,"d":976806},{"pi":"335174","pc":"Продукты питания","ss":1000,"td":"Фешенебельный район","dc":3,"n":309.48,"vc":"532","sl":"Очень высокий","sv":"309","p":2000.0,"q":4.65,"b":0.0,"ms":0.16,"wi":109.29,"ei":6.7,"as":1597.06,"mi":"E","mv":193118,"sc":2,"lpe":94.66,"lpr":1159.07,"lq":1.0,"d":976806},{"pi":"335174","pc":"Продукты питания","ss":3500,"td":"Центр города","dc":1,"n":244.35,"vc":"7335","sl":"Элитный","sv":"22353","p":1300.0,"q":4.22,"b":0.0,"ms":5.67,"wi":57.01,"ei":11.71,"as":410.0,"mi":"E","mv":394273,"sc":5,"lpe":87.84,"lpr":1027.9,"lq":1.03,"d":2912574},{"pi":"335174","pc":"Продукты питания","ss":100000,"td":"Центр города","dc":2,"n":335.39,"vc":"86020","sl":"Очень высокий","sv":"15000","p":1500.0,"q":4.64,"b":0.097104,"ms":3.8,"wi":57.01,"ei":11.71,"as":410.0,"mi":"E","mv":394273,"sc":5,"lpe":87.84,"lpr":1027.9,"lq":1.03,"d":2912574},{"pi":"335174","pc":"Продукты питания","ss":11000,"td":"Центр города","dc":1,"n":114.99,"vc":"3576","sl":"Элитный","sv":"10000","p":1550.0,"q":4.72,"b":0.0,"ms":2.54,"wi":57.01,"ei":11.71,"as":410.0,"mi":"E","mv":394273,"sc":5,"lpe":87.84,"lpr":1027.9,"lq":1.03,"d":2912574},{"pi":"335174","pc":"Продукты питания","ss":1000,"td":"Центр города","dc":1,"n":101.72,"vc":"1076","sl":"Низкий","sv":"600","p":1150.0,"q":4.72,"b":0.0,"ms":0.15,"wi":57.01,"ei":11.71,"as":410.0,"mi":"E","mv":394273,"sc":5,"lpe":87.84,"lpr":1027.9,"lq":1.03,"d":2912574},{"pi":"335174","pc":"Продукты питания","ss":300,"td":"Спальный район","dc":1,"n":37.16,"vc":"317","sl":"Очень высокий","sv":"10","p":949.99,"q":1.0,"b":0.0,"ms":0.0,"wi":57.01,"ei":11.71,"as":410.0,"mi":"E","mv":394273,"sc":5,"lpe":87.84,"lpr":1027.9,"lq":1.03,"d":2912574},{"pi":"335174","pc":"Продукты питания","ss":1000,"td":"Спальный район","dc":2,"n":319.94,"vc":"896","sl":"Низкий","sv":"450","p":1100.0,"q":3.48,"b":0.0,"ms":1.97,"wi":77.49,"ei":6.62,"as":518.18,"mi":"E","mv":22890,"sc":1,"lpe":98.03,"lpr":1028.18,"lq":1.0,"d":116700},{"pi":"335174","pc":"Продукты питания","ss":100000,"td":"Фешенебельный район","dc":2,"n":683.02,"vc":"224008","sl":"Элитный","sv":"10000","p":2650.0,"q":6.46,"b":3.03,"ms":14.49,"wi":96.34,"ei":7.3,"as":643.27,"mi":"E","mv":68990,"sc":1,"lpe":85.51,"lpr":1021.36,"lq":1.22,"d":286767},{"pi":"335174","pc":"Продукты питания","ss":100,"td":"Спальный район","dc":1,"n":38.58,"vc":"35","sl":"Высокий","sv":"24","p":1500.0,"q":4.71,"b":0.0,"ms":0.13,"wi":51.98,"ei":6.5,"as":535.5,"mi":"E","mv":18820,"sc":1,"lpe":99.87,"lpr":1032.23,"lq":1.0,"d":154500},{"pi":"335174","pc":"Продукты питания","ss":100000,"td":"Фешенебельный район","dc":2,"n":685.14,"vc":"224418","sl":"Элитный","sv":"7000","p":2700.0,"q":6.46,"b":3.03,"ms":14.13,"wi":89.53,"ei":6.95,"as":721.1,"mi":"E","mv":49540,"sc":1,"lpe":85.87,"lpr":1024.93,"lq":1.07,"d":214816},{"pi":"335174","pc":"Продукты питания","ss":1000,"td":"Центр города","dc":1,"n":132.8,"vc":"1314","sl":"Элитный","sv":"400","p":1784.52,"q":4.72,"b":0.0,"ms":0.16,"wi":89.51,"ei":7.06,"as":573.3,"mi":"E","mv":243158,"sc":1,"lpe":99.84,"lpr":1063.66,"lq":1.0,"d":978294},{"pi":"335174","pc":"Продукты питания","ss":110000,"td":"Окраина","dc":1,"n":393.95,"vc":"83462","sl":"Элитный","sv":"16171","p":1500.0,"q":5.13,"b":0.0,"ms":2.56,"wi":51.89,"ei":9.72,"as":380.0,"mi":"E","mv":631731,"sc":1,"lpe":97.44,"lpr":806.38,"lq":1.0,"d":1850212},{"pi":"335174","pc":"Продукты питания","ss":1000,"td":"Спальный район","dc":1,"n":240.83,"vc":"1030","sl":"Высокий","sv":"123","p":2000.0,"q":4.72,"b":0.0,"ms":0.39,"wi":34.51,"ei":4.47,"as":246.75,"mi":"E","mv":31709,"sc":1,"lpe":99.61,"lpr":1033.95,"lq":1.0,"d":621746},{"pi":"335174","pc":"Продукты питания","ss":100000,"td":"Центр города","dc":2,"n":525.65,"vc":"686174","sl":"Низкий","sv":"50000","p":1050.0,"q":5.55,"b":0.71,"ms":2.95,"wi":89.14,"ei":7.05,"as":1247.63,"mi":"E","mv":1697284,"sc":2,"lpe":94.82,"lpr":1035.08,"lq":1.0,"d":5900984},{"pi":"335174","pc":"Продукты питания","ss":100000,"td":"Фешенебельный район","dc":2,"n":514.88,"vc":"139200","sl":"Элитный","sv":"38000","p":1600.0,"q":2.96,"b":0.552631578947368,"ms":2.24,"wi":89.14,"ei":7.05,"as":1247.63,"mi":"E","mv":1697284,"sc":2,"lpe":94.82,"lpr":1035.08,"lq":1.0,"d":5900984},{"pi":"335174","pc":"Продукты питания","ss":100000,"td":"Центр города","dc":1,"n":432.08,"vc":"151178","sl":"Очень высокий","sv":"50000","p":740.0,"q":5.52,"b":1.52,"ms":16.54,"wi":62.28,"ei":8.99,"as":967.35,"mi":"E","mv":302363,"sc":2,"lpe":75.39,"lpr":435.91,"lq":1.02,"d":1023950},{"pi":"335174","pc":"Продукты питания","ss":100000,"td":"Фешенебельный район","dc":1,"n":420.76,"vc":"20337","sl":"Элитный","sv":"24422","p":790.0,"q":5.04,"b":1.52,"ms":8.08,"wi":62.28,"ei":8.99,"as":967.35,"mi":"E","mv":302363,"sc":2,"lpe":75.39,"lpr":435.91,"lq":1.02,"d":1023950},{"pi":"335174","pc":"Продукты питания","ss":100000,"td":"Фешенебельный район","dc":2,"n":488.84,"vc":"27305","sl":"Элитный","sv":"3000","p":550.0,"q":5.52,"b":1.52,"ms":3.0,"wi":51.5,"ei":7.4,"as":852.42,"mi":"E","mv":100043,"sc":1,"lpe":97.0,"lpr":895.75,"lq":1.0,"d":366048},{"pi":"335174","pc":"Продукты питания","ss":100000,"td":"Фешенебельный район","dc":2,"n":540.52,"vc":"34549","sl":"Элитный","sv":"5000","p":500.0,"q":5.52,"b":1.52,"ms":7.4,"wi":74.03,"ei":6.9,"as":1107.15,"mi":"E","mv":67584,"sc":1,"lpe":92.6,"lpr":560.19,"lq":1.0,"d":173342},{"pi":"335174","pc":"Продукты питания","ss":10000,"td":"Фешенебельный район","dc":10,"n":406.23,"vc":"4785","sl":"Низкий","sv":"1227","p":1300.0,"q":4.72,"b":0.0,"ms":1.85,"wi":38.84,"ei":6.46,"as":550.2,"mi":"E","mv":66291,"sc":2,"lpe":97.58,"lpr":1035.71,"lq":1.0,"d":1548177},{"pi":"335174","pc":"Продукты питания","ss":1000,"td":"Фешенебельный район","dc":10,"n":165.33,"vc":"250","sl":"Очень высокий","sv":"377","p":1200.0,"q":4.68,"b":0.0,"ms":0.57,"wi":38.84,"ei":6.46,"as":550.2,"mi":"E","mv":66291,"sc":2,"lpe":97.58,"lpr":1035.71,"lq":1.0,"d":1548177},{"pi":"335174","pc":"Продукты питания","ss":100000,"td":"Фешенебельный район","dc":8,"n":397.06,"vc":"23898","sl":"Очень низкий","sv":"11459","p":1200.0,"q":4.72,"b":0.0,"ms":51.28,"wi":19.23,"ei":4.49,"as":270.88,"mi":"D","mv":22348,"sc":1,"lpe":48.72,"lpr":955.81,"lq":1.04,"d":1469374},{"pi":"335174","pc":"Продукты питания","ss":100000,"td":"Фешенебельный район","dc":2,"n":691.87,"vc":"224672","sl":"Элитный","sv":"7000","p":2700.0,"q":6.46,"b":3.03,"ms":13.09,"wi":101.72,"ei":7.3,"as":549.44,"mi":"E","mv":53486,"sc":1,"lpe":86.91,"lpr":1021.16,"lq":1.1,"d":185081},{"pi":"335174","pc":"Продукты питания","ss":10000,"td":"Центр города","dc":1,"n":345.98,"vc":"20696","sl":"Элитный","sv":"50000","p":1200.0,"q":5.52,"b":0.0,"ms":5.73,"wi":59.25,"ei":8.02,"as":811.4,"mi":"E","mv":871948,"sc":6,"lpe":94.03,"lpr":970.07,"lq":1.0,"d":4968783},{"pi":"335174","pc":"Продукты питания","ss":9400,"td":"Фешенебельный район","dc":10,"n":344.39,"vc":"4418","sl":"Низкий","sv":"641","p":1600.0,"q":4.68,"b":0.0,"ms":0.07,"wi":59.25,"ei":8.02,"as":811.4,"mi":"E","mv":871948,"sc":6,"lpe":94.03,"lpr":970.07,"lq":1.0,"d":4968783},{"pi":"335174","pc":"Продукты питания","ss":10000,"td":"Центр города","dc":10,"n":162.23,"vc":"5318","sl":"Низкий","sv":"600","p":1000.0,"q":4.72,"b":0.0,"ms":0.07,"wi":59.25,"ei":8.02,"as":811.4,"mi":"E","mv":871948,"sc":6,"lpe":94.03,"lpr":970.07,"lq":1.0,"d":4968783},{"pi":"335174","pc":"Продукты питания","ss":9000,"td":"Центр города","dc":9,"n":102.01,"vc":"4869","sl":"Нормальный","sv":"467","p":1800.0,"q":4.71,"b":0.0,"ms":0.05,"wi":59.25,"ei":8.02,"as":811.4,"mi":"E","mv":871948,"sc":6,"lpe":94.03,"lpr":970.07,"lq":1.0,"d":4968783},{"pi":"335174","pc":"Продукты питания","ss":6300,"td":"Центр города","dc":6,"n":162.51,"vc":"9356","sl":"Очень низкий","sv":"368","p":1880.0,"q":4.7,"b":0.0,"ms":0.04,"wi":59.25,"ei":8.02,"as":811.4,"mi":"E","mv":871948,"sc":6,"lpe":94.03,"lpr":970.07,"lq":1.0,"d":4968783},{"pi":"335174","pc":"Продукты питания","ss":7300,"td":"Центр города","dc":10,"n":350.08,"vc":"25965","sl":"Очень низкий","sv":"4","p":1400.0,"q":4.72,"b":0.0,"ms":0.0,"wi":59.25,"ei":8.02,"as":811.4,"mi":"E","mv":871948,"sc":6,"lpe":94.03,"lpr":970.07,"lq":1.0,"d":4968783},{"pi":"335174","pc":"Продукты питания","ss":100000,"td":"Фешенебельный район","dc":2,"n":684.81,"vc":"224247","sl":"Элитный","sv":"10000","p":1500.0,"q":6.46,"b":4.21,"ms":13.13,"wi":65.31,"ei":5.25,"as":522.9,"mi":"E","mv":76136,"sc":1,"lpe":86.87,"lpr":605.54,"lq":1.0,"d":216300},{"pi":"335174","pc":"Продукты питания","ss":100000,"td":"Фешенебельный район","dc":2,"n":687.98,"vc":"224553","sl":"Элитный","sv":"8000","p":1500.0,"q":6.46,"b":4.21,"ms":11.7,"wi":67.14,"ei":5.25,"as":404.25,"mi":"E","mv":68350,"sc":1,"lpe":88.3,"lpr":620.94,"lq":1.08,"d":199038},{"pi":"335174","pc":"Продукты питания","ss":100000,"td":"Фешенебельный район","dc":2,"n":605.14,"vc":"223972","sl":"Элитный","sv":"30000","p":2500.0,"q":6.46,"b":4.09,"ms":10.9,"wi":77.34,"ei":6.53,"as":961.05,"mi":"E","mv":275271,"sc":1,"lpe":89.1,"lpr":1011.41,"lq":1.07,"d":1923606},{"pi":"335174","pc":"Продукты питания","ss":100000,"td":"Фешенебельный район","dc":2,"n":518.61,"vc":"31229","sl":"Элитный","sv":"5000","p":510.0,"q":5.52,"b":1.52,"ms":7.91,"wi":55.05,"ei":6.69,"as":836.95,"mi":"E","mv":63191,"sc":1,"lpe":92.09,"lpr":462.54,"lq":1.0,"d":237098},{"pi":"335174","pc":"Продукты питания","ss":100000,"td":"Центр города","dc":2,"n":493.97,"vc":"529502","sl":"Низкий","sv":"37342","p":3000.0,"q":4.6,"b":0.0,"ms":5.89,"wi":127.75,"ei":7.06,"as":1642.86,"mi":"E","mv":633794,"sc":3,"lpe":92.37,"lpr":1649.43,"lq":1.0,"d":2109186},{"pi":"335174","pc":"Продукты питания","ss":100000,"td":"Центр города","dc":1,"n":502.73,"vc":"576022","sl":"Нормальный","sv":"10000","p":2200.0,"q":4.72,"b":0.0,"ms":1.58,"wi":127.75,"ei":7.06,"as":1642.86,"mi":"E","mv":633794,"sc":3,"lpe":92.37,"lpr":1649.43,"lq":1.0,"d":2109186},{"pi":"335174","pc":"Продукты питания","ss":21000,"td":"Центр города","dc":2,"n":221.53,"vc":"15330","sl":"Элитный","sv":"1000","p":301.86,"q":4.72,"b":0.0,"ms":0.16,"wi":127.75,"ei":7.06,"as":1642.86,"mi":"E","mv":633794,"sc":3,"lpe":92.37,"lpr":1649.43,"lq":1.0,"d":2109186},{"pi":"335174","pc":"Продукты питания","ss":100000,"td":"Центр города","dc":2,"n":405.59,"vc":"235534","sl":"Очень высокий","sv":"53552","p":1000.0,"q":5.55,"b":0.86,"ms":2.02,"wi":40.67,"ei":5.73,"as":513.32,"mi":"E","mv":2645383,"sc":3,"lpe":97.14,"lpr":503.69,"lq":1.0,"d":7527186},{"pi":"335174","pc":"Продукты питания","ss":100000,"td":"Спальный район","dc":2,"n":398.39,"vc":"164838","sl":"Очень высокий","sv":"22210","p":1000.0,"q":4.94,"b":0.86,"ms":0.84,"wi":40.67,"ei":5.73,"as":513.32,"mi":"E","mv":2645383,"sc":3,"lpe":97.14,"lpr":503.69,"lq":1.0,"d":7527186},{"pi":"335174","pc":"Продукты питания","ss":600,"td":"Спальный район","dc":2,"n":109.72,"vc":"915","sl":"Высокий","sv":"4","p":250.0,"q":2.06,"b":0.69,"ms":0.0,"wi":40.67,"ei":5.73,"as":513.32,"mi":"E","mv":2645383,"sc":3,"lpe":97.14,"lpr":503.69,"lq":1.0,"d":7527186},{"pi":"335174","pc":"Продукты питания","ss":11000,"td":"Центр города","dc":4,"n":375.72,"vc":"18594","sl":"Нормальный","sv":"50","p":1300.0,"q":4.72,"b":0.0,"ms":0.04,"wi":103.61,"ei":7.21,"as":1060.24,"mi":"E","mv":120009,"sc":1,"lpe":99.96,"lpr":1035.71,"lq":1.0,"d":387200},{"pi":"335174","pc":"Продукты питания","ss":100000,"td":"Фешенебельный район","dc":1,"n":629.88,"vc":"223839","sl":"Элитный","sv":"20000","p":2500.0,"q":6.46,"b":4.21,"ms":6.63,"wi":73.83,"ei":6.3,"as":571.53,"mi":"E","mv":301433,"sc":2,"lpe":90.05,"lpr":1010.4,"lq":1.0,"d":973156},{"pi":"335174","pc":"Продукты питания","ss":25000,"td":"Центр города","dc":1,"n":329.75,"vc":"31437","sl":"Очень высокий","sv":"10000","p":1600.0,"q":4.72,"b":0.0,"ms":3.32,"wi":73.83,"ei":6.3,"as":571.53,"mi":"E","mv":301433,"sc":2,"lpe":90.05,"lpr":1010.4,"lq":1.0,"d":973156},{"pi":"335174","pc":"Продукты питания","ss":10000,"td":"Спальный район","dc":6,"n":111.82,"vc":"1510","sl":"Элитный","sv":"2000","p":779.55,"q":2.49,"b":0.85,"ms":17.95,"wi":19.47,"ei":5.91,"as":526.89,"mi":"E","mv":11144,"sc":3,"lpe":73.7,"lpr":675.28,"lq":1.02,"d":1222279},{"pi":"335174","pc":"Продукты питания","ss":2000,"td":"Фешенебельный район","dc":1,"n":551.77,"vc":"1417","sl":"Элитный","sv":"628","p":1299.0,"q":4.72,"b":0.0,"ms":5.64,"wi":19.47,"ei":5.91,"as":526.89,"mi":"E","mv":11144,"sc":3,"lpe":73.7,"lpr":675.28,"lq":1.02,"d":1222279},{"pi":"335174","pc":"Продукты питания","ss":600,"td":"Спальный район","dc":1,"n":239.23,"vc":"783","sl":"Очень высокий","sv":"303","p":973.6,"q":2.51,"b":0.841584158415842,"ms":2.72,"wi":19.47,"ei":5.91,"as":526.89,"mi":"E","mv":11144,"sc":3,"lpe":73.7,"lpr":675.28,"lq":1.02,"d":1222279},{"pi":"335174","pc":"Продукты питания","ss":15000,"td":"Фешенебельный район","dc":1,"n":533.55,"vc":"12429","sl":"Элитный","sv":"10000","p":1600.0,"q":4.72,"b":0.0,"ms":7.31,"wi":81.36,"ei":6.0,"as":546.98,"mi":"E","mv":136807,"sc":1,"lpe":92.69,"lpr":1028.35,"lq":1.0,"d":453298},{"pi":"335174","pc":"Продукты питания","ss":100000,"td":"Центр города","dc":2,"n":352.27,"vc":"111381","sl":"Элитный","sv":"30000","p":620.0,"q":5.55,"b":1.36,"ms":2.52,"wi":60.25,"ei":9.36,"as":614.31,"mi":"E","mv":1191021,"sc":1,"lpe":97.48,"lpr":1121.27,"lq":1.0,"d":3832748},{"pi":"335174","pc":"Продукты питания","ss":100000,"td":"Центр города","dc":7,"n":285.44,"vc":"134666","sl":"Высокий","sv":"100000","p":650.0,"q":6.02,"b":4.78,"ms":2.25,"wi":39.97,"ei":5.34,"as":208.05,"mi":"E","mv":4449992,"sc":3,"lpe":97.08,"lpr":1008.99,"lq":1.0,"d":12982716},{"pi":"335174","pc":"Продукты питания","ss":100000,"td":"Центр города","dc":2,"n":371.0,"vc":"204396","sl":"Высокий","sv":"20000","p":1500.0,"q":5.52,"b":0.93,"ms":0.45,"wi":39.97,"ei":5.34,"as":208.05,"mi":"E","mv":4449992,"sc":3,"lpe":97.08,"lpr":1008.99,"lq":1.0,"d":12982716},{"pi":"335174","pc":"Продукты питания","ss":60000,"td":"Центр города","dc":1,"n":478.84,"vc":"552480","sl":"Низкий","sv":"10000","p":1500.0,"q":4.72,"b":0.0,"ms":0.22,"wi":39.97,"ei":5.34,"as":208.05,"mi":"E","mv":4449992,"sc":3,"lpe":97.08,"lpr":1008.99,"lq":1.0,"d":12982716},{"pi":"335174","pc":"Продукты питания","ss":10000,"td":"Окраина","dc":2,"n":68.65,"vc":"1017","sl":"Элитный","sv":"2","p":510.0,"q":2.49,"b":0.74,"ms":0.02,"wi":20.62,"ei":4.87,"as":231.05,"mi":"E","mv":12863,"sc":1,"lpe":99.98,"lpr":1028.19,"lq":1.0,"d":1043796},{"pi":"335174","pc":"Продукты питания","ss":1000,"td":"Центр города","dc":10,"n":602.82,"vc":"9141","sl":"Очень низкий","sv":"292","p":1200.0,"q":2.72,"b":0.0,"ms":2.16,"wi":47.25,"ei":6.62,"as":504.0,"mi":"E","mv":13549,"sc":1,"lpe":97.84,"lpr":1025.28,"lq":1.0,"d":128750},{"pi":"335174","pc":"Продукты питания","ss":100000,"td":"Фешенебельный район","dc":2,"n":582.11,"vc":"145466","sl":"Элитный","sv":"10000","p":1500.0,"q":4.72,"b":0.0,"ms":3.14,"wi":100.56,"ei":8.23,"as":1206.09,"mi":"E","mv":318905,"sc":1,"lpe":96.86,"lpr":1031.31,"lq":1.0,"d":1395634},{"pi":"335174","pc":"Продукты питания","ss":100000,"td":"Центр города","dc":2,"n":450.66,"vc":"223822","sl":"Элитный","sv":"30000","p":2200.0,"q":6.46,"b":4.57,"ms":7.01,"wi":78.65,"ei":6.43,"as":351.11,"mi":"E","mv":427723,"sc":2,"lpe":91.79,"lpr":1026.19,"lq":1.0,"d":1885836},{"pi":"335174","pc":"Продукты питания","ss":10000,"td":"Спальный район","dc":1,"n":34.29,"vc":"1820","sl":"Элитный","sv":"5104","p":1500.0,"q":4.71,"b":0.0,"ms":1.19,"wi":78.65,"ei":6.43,"as":351.11,"mi":"E","mv":427723,"sc":2,"lpe":91.79,"lpr":1026.19,"lq":1.0,"d":1885836},{"pi":"335174","pc":"Продукты питания","ss":110000,"td":"Спальный район","dc":1,"n":445.65,"vc":"132253","sl":"Нормальный","sv":"50000","p":1000.0,"q":5.55,"b":0.0,"ms":22.81,"wi":71.14,"ei":6.0,"as":357.48,"mi":"E","mv":219159,"sc":1,"lpe":77.19,"lpr":1032.81,"lq":1.21,"d":894855},{"pi":"335174","pc":"Продукты питания","ss":100000,"td":"Центр города","dc":2,"n":439.09,"vc":"223982","sl":"Элитный","sv":"40000","p":3550.0,"q":6.02,"b":2.91,"ms":5.21,"wi":116.13,"ei":7.17,"as":2122.22,"mi":"E","mv":767818,"sc":4,"lpe":91.91,"lpr":1618.3,"lq":1.0,"d":2596850},{"pi":"335174","pc":"Продукты питания","ss":100000,"td":"Центр города","dc":2,"n":375.36,"vc":"182028","sl":"Элитный","sv":"12105","p":3288.0,"q":4.7,"b":0.0,"ms":1.58,"wi":116.13,"ei":7.17,"as":2122.22,"mi":"E","mv":767818,"sc":4,"lpe":91.91,"lpr":1618.3,"lq":1.0,"d":2596850},{"pi":"335174","pc":"Продукты питания","ss":100000,"td":"Центр города","dc":4,"n":152.37,"vc":"14218","sl":"Элитный","sv":"10000","p":1592.5,"q":4.72,"b":0.0,"ms":1.3,"wi":116.13,"ei":7.17,"as":2122.22,"mi":"E","mv":767818,"sc":4,"lpe":91.91,"lpr":1618.3,"lq":1.0,"d":2596850},{"pi":"335174","pc":"Продукты питания","ss":20000,"td":"Фешенебельный район","dc":6,"n":152.96,"vc":"926","sl":"Элитный","sv":"2","p":1500.0,"q":4.49,"b":0.0,"ms":0.0,"wi":116.13,"ei":7.17,"as":2122.22,"mi":"E","mv":767818,"sc":4,"lpe":91.91,"lpr":1618.3,"lq":1.0,"d":2596850},{"pi":"335174","pc":"Продукты питания","ss":300000,"td":"Фешенебельный район","dc":1,"n":407.21,"vc":"133924","sl":"Элитный","sv":"10000","p":1750.0,"q":4.72,"b":0.0,"ms":0.3,"wi":102.86,"ei":10.85,"as":2744.68,"mi":"E","mv":3340098,"sc":9,"lpe":98.62,"lpr":1455.68,"lq":1.0,"d":9744630},{"pi":"335174","pc":"Продукты питания","ss":100000,"td":"Центр города","dc":1,"n":411.84,"vc":"273789","sl":"Элитный","sv":"10000","p":1500.0,"q":4.72,"b":0.0,"ms":0.3,"wi":102.86,"ei":10.85,"as":2744.68,"mi":"E","mv":3340098,"sc":9,"lpe":98.62,"lpr":1455.68,"lq":1.0,"d":9744630},{"pi":"335174","pc":"Продукты питания","ss":200000,"td":"Центр города","dc":2,"n":516.38,"vc":"2176320","sl":"Нормальный","sv":"10000","p":2400.0,"q":4.72,"b":0.0,"ms":0.3,"wi":102.86,"ei":10.85,"as":2744.68,"mi":"E","mv":3340098,"sc":9,"lpe":98.62,"lpr":1455.68,"lq":1.0,"d":9744630},{"pi":"335174","pc":"Продукты питания","ss":100000,"td":"Центр города","dc":1,"n":310.52,"vc":"103344","sl":"Элитный","sv":"10000","p":1200.0,"q":5.55,"b":1.34,"ms":0.3,"wi":102.86,"ei":10.85,"as":2744.68,"mi":"E","mv":3340098,"sc":9,"lpe":98.62,"lpr":1455.68,"lq":1.0,"d":9744630},{"pi":"335174","pc":"Продукты питания","ss":10000,"td":"Окраина","dc":3,"n":215.29,"vc":"6574","sl":"Элитный","sv":"3000","p":1500.0,"q":4.72,"b":0.0,"ms":0.09,"wi":102.86,"ei":10.85,"as":2744.68,"mi":"E","mv":3340098,"sc":9,"lpe":98.62,"lpr":1455.68,"lq":1.0,"d":9744630},{"pi":"335174","pc":"Продукты питания","ss":100000,"td":"Центр города","dc":1,"n":131.46,"vc":"18473","sl":"Элитный","sv":"1804","p":1800.0,"q":4.15,"b":1.0,"ms":0.05,"wi":102.86,"ei":10.85,"as":2744.68,"mi":"E","mv":3340098,"sc":9,"lpe":98.62,"lpr":1455.68,"lq":1.0,"d":9744630},{"pi":"335174","pc":"Продукты питания","ss":100000,"td":"Фешенебельный район","dc":1,"n":313.54,"vc":"15959","sl":"Элитный","sv":"1000","p":1500.0,"q":4.48,"b":1.64666,"ms":0.03,"wi":102.86,"ei":10.85,"as":2744.68,"mi":"E","mv":3340098,"sc":9,"lpe":98.62,"lpr":1455.68,"lq":1.0,"d":9744630},{"pi":"335174","pc":"Продукты питания","ss":20000,"td":"Центр города","dc":1,"n":150.18,"vc":"14386","sl":"Элитный","sv":"224","p":2499.99,"q":4.53,"b":0.0,"ms":0.01,"wi":102.86,"ei":10.85,"as":2744.68,"mi":"E","mv":3340098,"sc":9,"lpe":98.62,"lpr":1455.68,"lq":1.0,"d":9744630},{"pi":"335174","pc":"Продукты питания","ss":100,"td":"Центр города","dc":1,"n":14.55,"vc":"183","sl":"Низкий","sv":"57","p":1200.0,"q":4.7,"b":0.0,"ms":0.0,"wi":102.86,"ei":10.85,"as":2744.68,"mi":"E","mv":3340098,"sc":9,"lpe":98.62,"lpr":1455.68,"lq":1.0,"d":9744630},{"pi":"335174","pc":"Продукты питания","ss":100000,"td":"Центр города","dc":3,"n":442.33,"vc":"152205","sl":"Низкий","sv":"500","p":1800.0,"q":4.72,"b":0.0,"ms":0.52,"wi":53.49,"ei":5.0,"as":331.83,"mi":"E","mv":96454,"sc":1,"lpe":99.48,"lpr":1031.41,"lq":1.0,"d":787757},{"pi":"335174","pc":"Продукты питания","ss":100000,"td":"Центр города","dc":2,"n":357.94,"vc":"55373","sl":"Очень высокий","sv":"2995","p":1000.07,"q":3.3,"b":1.14,"ms":2.51,"wi":101.15,"ei":4.2,"as":358.64,"mi":"E","mv":119442,"sc":1,"lpe":97.49,"lpr":1250.23,"lq":1.0,"d":445356},{"pi":"335174","pc":"Продукты питания","ss":10000,"td":"Центр города","dc":1,"n":442.91,"vc":"38493","sl":"Очень высокий","sv":"10076","p":2000.0,"q":4.7,"b":0.0,"ms":1.6,"wi":66.45,"ei":6.04,"as":318.0,"mi":"E","mv":629865,"sc":2,"lpe":98.24,"lpr":1026.84,"lq":1.0,"d":2877864},{"pi":"335174","pc":"Продукты питания","ss":1000,"td":"Центр города","dc":1,"n":4.03,"vc":"618","sl":"Элитный","sv":"1000","p":1350.0,"q":4.72,"b":0.0,"ms":0.16,"wi":66.45,"ei":6.04,"as":318.0,"mi":"E","mv":629865,"sc":2,"lpe":98.24,"lpr":1026.84,"lq":1.0,"d":2877864},{"pi":"335174","pc":"Продукты питания","ss":100000,"td":"Центр города","dc":1,"n":107.12,"vc":"5002","sl":"Элитный","sv":"2","p":660.0,"q":3.3,"b":0.74,"ms":0.0,"wi":102.66,"ei":5.0,"as":366.29,"mi":"E","mv":128721,"sc":1,"lpe":100.0,"lpr":1198.23,"lq":1.0,"d":454964},{"pi":"335174","pc":"Продукты питания","ss":100000,"td":"Центр города","dc":1,"n":436.78,"vc":"225926","sl":"Элитный","sv":"79657","p":2000.0,"q":5.3,"b":2.7,"ms":12.9,"wi":99.69,"ei":9.31,"as":1270.5,"mi":"E","mv":617604,"sc":2,"lpe":85.48,"lpr":1148.19,"lq":1.38,"d":2836484},{"pi":"335174","pc":"Продукты питания","ss":200000,"td":"Центр города","dc":1,"n":527.43,"vc":"1056702","sl":"Очень высокий","sv":"10000","p":1250.0,"q":4.72,"b":0.0,"ms":1.62,"wi":99.69,"ei":9.31,"as":1270.5,"mi":"E","mv":617604,"sc":2,"lpe":85.48,"lpr":1148.19,"lq":1.38,"d":2836484},{"pi":"335174","pc":"Продукты питания","ss":10000,"td":"Фешенебельный район","dc":2,"n":441.51,"vc":"5898","sl":"Элитный","sv":"3458","p":2000.0,"q":4.89,"b":0.243076923076923,"ms":4.99,"wi":51.22,"ei":6.76,"as":427.68,"mi":"E","mv":69278,"sc":1,"lpe":95.01,"lpr":1032.1,"lq":1.0,"d":988934},{"pi":"335174","pc":"Продукты питания","ss":10000,"td":"Спальный район","dc":1,"n":15.86,"vc":"1862","sl":"Очень высокий","sv":"8542","p":1500.0,"q":4.69,"b":0.0,"ms":0.94,"wi":93.34,"ei":5.0,"as":474.39,"mi":"E","mv":904759,"sc":1,"lpe":99.06,"lpr":1105.71,"lq":1.0,"d":2970884},{"pi":"335174","pc":"Продукты питания","ss":200,"td":"Спальный район","dc":1,"n":102.65,"vc":"342","sl":"Нормальный","sv":"150","p":1500.0,"q":4.72,"b":0.0,"ms":0.28,"wi":17.18,"ei":17.09,"as":56.27,"mi":"E","mv":52960,"sc":1,"lpe":99.72,"lpr":1026.89,"lq":1.0,"d":3998532},{"pi":"335174","pc":"Продукты питания","ss":400,"td":"Фешенебельный район","dc":2,"n":82.72,"vc":"46","sl":"Элитный","sv":"3","p":1239.0,"q":4.47,"b":0.0,"ms":0.02,"wi":41.55,"ei":5.79,"as":304.75,"mi":"E","mv":18095,"sc":1,"lpe":99.98,"lpr":1028.8,"lq":1.0,"d":384194},{"pi":"335174","pc":"Продукты питания","ss":100000,"td":"Центр города","dc":1,"n":112.87,"vc":"8938","sl":"Элитный","sv":"1020","p":1500.05,"q":4.51,"b":0.0,"ms":3.7,"wi":25.63,"ei":7.43,"as":348.1,"mi":"E","mv":27551,"sc":1,"lpe":96.3,"lpr":1039.39,"lq":1.0,"d":2040764},{"pi":"335174","pc":"Продукты питания","ss":2200,"td":"Центр города","dc":3,"n":21.22,"vc":"1514","sl":"Очень низкий","sv":"549","p":930.0,"q":1.0,"b":0.0,"ms":0.3,"wi":39.2,"ei":15.63,"as":384.32,"mi":"E","mv":180708,"sc":1,"lpe":99.7,"lpr":1124.58,"lq":1.0,"d":4545297},{"pi":"335174","pc":"Продукты питания","ss":1000,"td":"Спальный район","dc":1,"n":246.33,"vc":"1574","sl":"Элитный","sv":"25964","p":1100.0,"q":3.6,"b":0.0,"ms":17.54,"wi":88.26,"ei":7.25,"as":562.28,"mi":"E","mv":148011,"sc":1,"lpe":82.46,"lpr":1035.23,"lq":1.0,"d":598348},{"pi":"335174","pc":"Продукты питания","ss":45000,"td":"Фешенебельный район","dc":2,"n":488.59,"vc":"23690","sl":"Элитный","sv":"15960","p":1850.0,"q":4.68,"b":0.0,"ms":40.34,"wi":89.42,"ei":9.5,"as":1197.0,"mi":"E","mv":39561,"sc":1,"lpe":59.66,"lpr":1284.86,"lq":1.61,"d":573484},{"pi":"335174","pc":"Продукты питания","ss":100000,"td":"Фешенебельный район","dc":1,"n":553.65,"vc":"103497","sl":"Элитный","sv":"8155","p":3800.0,"q":4.59,"b":0.0,"ms":9.73,"wi":98.88,"ei":9.31,"as":1312.5,"mi":"E","mv":83833,"sc":1,"lpe":90.27,"lpr":2187.89,"lq":1.97,"d":871981},{"pi":"335174","pc":"Продукты питания","ss":21000,"td":"Центр города","dc":1,"n":431.15,"vc":"70854","sl":"Очень высокий","sv":"578","p":8000.0,"q":12.34,"b":0.0,"ms":0.4,"wi":96.92,"ei":9.6,"as":1470.0,"mi":"E","mv":143241,"sc":1,"lpe":99.6,"lpr":2859.03,"lq":1.0,"d":1347944},{"pi":"335174","pc":"Продукты питания","ss":1000,"td":"Спальный район","dc":6,"n":442.48,"vc":"2913","sl":"Очень низкий","sv":"26","p":2000.0,"q":4.46,"b":0.0,"ms":0.09,"wi":72.69,"ei":6.62,"as":475.0,"mi":"E","mv":29532,"sc":1,"lpe":99.91,"lpr":1034.79,"lq":1.0,"d":147806},{"pi":"335174","pc":"Продукты питания","ss":1000,"td":"Центр города","dc":1,"n":12.85,"vc":"367","sl":"Элитный","sv":"1000","p":1300.0,"q":4.72,"b":0.0,"ms":1.63,"wi":46.37,"ei":4.26,"as":435.93,"mi":"E","mv":61208,"sc":1,"lpe":98.37,"lpr":1026.67,"lq":1.0,"d":565094},{"pi":"335174","pc":"Продукты питания","ss":1000,"td":"Фешенебельный район","dc":9,"n":64.15,"vc":"145","sl":"Элитный","sv":"20","p":1300.0,"q":4.72,"b":0.0,"ms":0.0,"wi":48.46,"ei":12.08,"as":459.52,"mi":"E","mv":478707,"sc":1,"lpe":100.0,"lpr":1000.79,"lq":1.0,"d":3957256}]