[{"pi":"380008","pc":"Ювелирные изделия","ss":100000,"td":"Фешенебельный район","dc":3,"n":608.45,"vc":"150613","sl":"Очень высокий","sv":"6","p":223900.0,"q":46.77,"b":0.0,"ms":0.04,"wi":40.63,"ei":8.35,"as":401.48,"mi":"E","mv":15116,"sc":2,"lpe":99.95,"lpr":19826.05,"lq":1.0,"d":1800290},{"pi":"380008","pc":"Ювелирные изделия","ss":100000,"td":"Центр города","dc":1,"n":620.39,"vc":"1689327","sl":"Нормальный","sv":"2","p":222222.0,"q":19.42,"b":0.0,"ms":0.01,"wi":40.63,"ei":8.35,"as":401.48,"mi":"E","mv":15116,"sc":2,"lpe":99.95,"lpr":19826.05,"lq":1.0,"d":1800290},{"pi":"380008","pc":"Ювелирные изделия","ss":100000,"td":"Фешенебельный район","dc":2,"n":660.94,"vc":"219290","sl":"Элитный","sv":"6","p":228700.0,"q":46.77,"b":0.0,"ms":0.08,"wi":29.25,"ei":8.45,"as":439.9,"mi":"E","mv":7909,"sc":2,"lpe":99.86,"lpr":15211.87,"lq":1.0,"d":1245074},{"pi":"380008","pc":"Ювелирные изделия","ss":600,"td":"Центр города","dc":1,"n":127.06,"vc":"712","sl":"Элитный","sv":"5","p":65000.0,"q":12.74,"b":1.18,"ms":0.06,"wi":29.25,"ei":8.45,"as":439.9,"mi":"E","mv":7909,"sc":2,"lpe":99.86,"lpr":15211.87,"lq":1.0,"d":1245074},{"pi":"380008","pc":"Ювелирные изделия","ss":100000,"td":"Центр города","dc":1,"n":668.51,"vc":"1703964","sl":"Нормальный","sv":"1","p":202222.0,"q":19.43,"b":0.0,"ms":0.04,"wi":32.85,"ei":7.99,"as":238.95,"mi":"E","mv":2513,"sc":1,"lpe":99.96,"lpr":17720.79,"lq":1.0,"d":597007},{"pi":"380008","pc":"Ювелирные изделия","ss":1000,"td":"Центр города","dc":1,"n":105.83,"vc":"992","sl":"Элитный","sv":"75","p":105000.0,"q":12.74,"b":1.18,"ms":0.82,"wi":47.36,"ei":13.7,"as":485.13,"mi":"E","mv":9160,"sc":2,"lpe":99.12,"lpr":38313.04,"lq":1.0,"d":2201522},{"pi":"380008","pc":"Ювелирные изделия","ss":100000,"td":"Фешенебельный район","dc":3,"n":557.48,"vc":"98329","sl":"Элитный","sv":"6","p":390800.0,"q":46.77,"b":0.0,"ms":0.07,"wi":47.36,"ei":13.7,"as":485.13,"mi":"E","mv":9160,"sc":2,"lpe":99.12,"lpr":38313.04,"lq":1.0,"d":2201522},{"pi":"380008","pc":"Ювелирные изделия","ss":100000,"td":"Фешенебельный район","dc":2,"n":592.96,"vc":"114921","sl":"Элитный","sv":"5","p":220700.0,"q":46.77,"b":0.0,"ms":0.06,"wi":30.11,"ei":6.04,"as":324.9,"mi":"E","mv":8336,"sc":1,"lpe":99.94,"lpr":14290.68,"lq":1.0,"d":1272208},{"pi":"380008","pc":"Ювелирные изделия","ss":100000,"td":"Фешенебельный район","dc":1,"n":685.4,"vc":"369744","sl":"Элитный","sv":"204","p":89998.76,"q":19.87,"b":3.18,"ms":6.04,"wi":28.38,"ei":8.39,"as":514.45,"mi":"E","mv":3376,"sc":2,"lpe":93.78,"lpr":6707.32,"lq":1.0,"d":942861},{"pi":"380008","pc":"Ювелирные изделия","ss":100000,"td":"Фешенебельный район","dc":2,"n":650.1,"vc":"175556","sl":"Элитный","sv":"6","p":100400.0,"q":46.77,"b":0.0,"ms":0.18,"wi":28.38,"ei":8.39,"as":514.45,"mi":"E","mv":3376,"sc":2,"lpe":93.78,"lpr":6707.32,"lq":1.0,"d":942861},{"pi":"380008","pc":"Ювелирные изделия","ss":100000,"td":"Центр города","dc":2,"n":634.38,"vc":"642520","sl":"Нормальный","sv":"50","p":15000.0,"q":22.26,"b":2.84,"ms":6.3,"wi":27.02,"ei":5.07,"as":121.61,"mi":"E","mv":794,"sc":1,"lpe":93.7,"lpr":9830.3,"lq":1.0,"d":2278380},{"pi":"380008","pc":"Ювелирные изделия","ss":100000,"td":"Центр города","dc":1,"n":447.97,"vc":"236819","sl":"Элитный","sv":"195","p":240000.0,"q":26.39,"b":3.7,"ms":1.36,"wi":58.63,"ei":8.06,"as":1539.04,"mi":"E","mv":14332,"sc":2,"lpe":97.53,"lpr":71002.03,"lq":1.0,"d":2386252},{"pi":"380008","pc":"Ювелирные изделия","ss":100000,"td":"Пригород","dc":2,"n":613.07,"vc":"463412","sl":"Высокий","sv":"159","p":211111.0,"q":19.37,"b":0.48,"ms":1.11,"wi":58.63,"ei":8.06,"as":1539.04,"mi":"E","mv":14332,"sc":2,"lpe":97.53,"lpr":71002.03,"lq":1.0,"d":2386252},{"pi":"380008","pc":"Ювелирные изделия","ss":100000,"td":"Фешенебельный район","dc":2,"n":585.52,"vc":"89505","sl":"Элитный","sv":"6","p":321800.0,"q":46.77,"b":0.0,"ms":0.11,"wi":33.94,"ei":7.0,"as":614.01,"mi":"E","mv":5622,"sc":1,"lpe":99.89,"lpr":22184.54,"lq":1.0,"d":764196},{"pi":"380008","pc":"Ювелирные изделия","ss":1000,"td":"Центр города","dc":1,"n":224.14,"vc":"1371","sl":"Элитный","sv":"42","p":40000.0,"q":12.74,"b":1.18,"ms":0.85,"wi":25.98,"ei":6.2,"as":294.77,"mi":"E","mv":4947,"sc":1,"lpe":99.15,"lpr":6884.72,"lq":1.0,"d":808618},{"pi":"380008","pc":"Ювелирные изделия","ss":100000,"td":"Центр города","dc":1,"n":684.53,"vc":"2484800","sl":"Низкий","sv":"3","p":100000.0,"q":22.64,"b":3.18,"ms":0.05,"wi":22.23,"ei":8.63,"as":633.68,"mi":"E","mv":5988,"sc":2,"lpe":99.92,"lpr":7043.16,"lq":1.0,"d":1557480},{"pi":"380008","pc":"Ювелирные изделия","ss":100000,"td":"Фешенебельный район","dc":1,"n":684.53,"vc":"372720","sl":"Элитный","sv":"2","p":120000.0,"q":22.49,"b":3.18,"ms":0.03,"wi":22.23,"ei":8.63,"as":633.68,"mi":"E","mv":5988,"sc":2,"lpe":99.92,"lpr":7043.16,"lq":1.0,"d":1557480},{"pi":"380008","pc":"Ювелирные изделия","ss":300000,"td":"Фешенебельный район","dc":1,"n":710.74,"vc":"876406","sl":"Элитный","sv":"56","p":202222.0,"q":19.44,"b":0.0,"ms":2.21,"wi":25.21,"ei":7.04,"as":421.66,"mi":"E","mv":2536,"sc":1,"lpe":97.79,"lpr":14360.59,"lq":1.0,"d":501504},{"pi":"380008","pc":"Ювелирные изделия","ss":100000,"td":"Фешенебельный район","dc":2,"n":597.44,"vc":"150898","sl":"Элитный","sv":"6","p":407000.0,"q":46.77,"b":0.0,"ms":0.03,"wi":43.4,"ei":9.2,"as":395.48,"mi":"E","mv":19248,"sc":1,"lpe":99.97,"lpr":32010.23,"lq":1.0,"d":2720107},{"pi":"380008","pc":"Ювелирные изделия","ss":100000,"td":"Фешенебельный район","dc":2,"n":616.88,"vc":"86780","sl":"Элитный","sv":"6","p":526900.0,"q":46.77,"b":0.0,"ms":0.29,"wi":44.09,"ei":8.6,"as":566.73,"mi":"E","mv":2040,"sc":1,"lpe":99.71,"lpr":37463.55,"lq":1.0,"d":461655},{"pi":"380008","pc":"Ювелирные изделия","ss":2000,"td":"Фешенебельный район","dc":2,"n":232.26,"vc":"303","sl":"Элитный","sv":"1","p":47750.0,"q":12.74,"b":1.18,"ms":0.02,"wi":26.16,"ei":6.06,"as":311.6,"mi":"E","mv":4431,"sc":1,"lpe":99.98,"lpr":6936.66,"lq":1.0,"d":711318},{"pi":"380008","pc":"Ювелирные изделия","ss":300000,"td":"Центр города","dc":7,"n":715.37,"vc":"1239645","sl":"Низкий","sv":"38","p":16973.32,"q":24.39,"b":0.0,"ms":3.97,"wi":10.19,"ei":6.75,"as":168.29,"mi":"E","mv":957,"sc":1,"lpe":96.03,"lpr":3059.24,"lq":1.0,"d":787415},{"pi":"380008","pc":"Ювелирные изделия","ss":100000,"td":"Центр города","dc":10,"n":425.8,"vc":"78236","sl":"Нормальный","sv":"98","p":65000.0,"q":7.13,"b":1.96,"ms":7.42,"wi":33.97,"ei":5.99,"as":686.84,"mi":"E","mv":1320,"sc":1,"lpe":92.58,"lpr":14970.52,"lq":1.0,"d":304853},{"pi":"380008","pc":"Ювелирные изделия","ss":100000,"td":"Фешенебельный район","dc":3,"n":578.02,"vc":"118161","sl":"Элитный","sv":"5","p":432400.0,"q":46.77,"b":0.13,"ms":0.04,"wi":43.56,"ei":8.35,"as":430.1,"mi":"E","mv":12305,"sc":1,"lpe":99.96,"lpr":27258.86,"lq":1.0,"d":2076356},{"pi":"380008","pc":"Ювелирные изделия","ss":100000,"td":"Центр города","dc":10,"n":392.1,"vc":"67335","sl":"Очень высокий","sv":"100","p":60000.0,"q":7.16,"b":1.96,"ms":4.63,"wi":36.0,"ei":7.37,"as":499.89,"mi":"E","mv":2158,"sc":1,"lpe":95.37,"lpr":23015.69,"lq":1.0,"d":406442},{"pi":"380008","pc":"Ювелирные изделия","ss":100000,"td":"Центр города","dc":1,"n":595.81,"vc":"1494549","sl":"Нормальный","sv":"274","p":147506.85,"q":24.43,"b":0.0,"ms":0.44,"wi":51.41,"ei":10.21,"as":485.24,"mi":"E","mv":62384,"sc":3,"lpe":99.55,"lpr":32335.49,"lq":1.0,"d":7937297},{"pi":"380008","pc":"Ювелирные изделия","ss":100000,"td":"Фешенебельный район","dc":3,"n":489.99,"vc":"81038","sl":"Элитный","sv":"6","p":339500.0,"q":46.77,"b":0.0,"ms":0.01,"wi":51.41,"ei":10.21,"as":485.24,"mi":"E","mv":62384,"sc":3,"lpe":99.55,"lpr":32335.49,"lq":1.0,"d":7937297},{"pi":"380008","pc":"Ювелирные изделия","ss":100000,"td":"Фешенебельный район","dc":3,"n":112.65,"vc":"2152","sl":"Элитный","sv":"2","p":135500.0,"q":10.5,"b":0.98,"ms":0.0,"wi":51.41,"ei":10.21,"as":485.24,"mi":"E","mv":62384,"sc":3,"lpe":99.55,"lpr":32335.49,"lq":1.0,"d":7937297},{"pi":"380008","pc":"Ювелирные изделия","ss":100000,"td":"Центр города","dc":1,"n":571.85,"vc":"1253685","sl":"Нормальный","sv":"29","p":200000.0,"q":19.45,"b":0.0,"ms":0.17,"wi":43.31,"ei":10.36,"as":626.48,"mi":"E","mv":17343,"sc":3,"lpe":99.66,"lpr":27335.66,"lq":1.0,"d":2913576},{"pi":"380008","pc":"Ювелирные изделия","ss":100000,"td":"Фешенебельный район","dc":1,"n":583.49,"vc":"210330","sl":"Элитный","sv":"24","p":222222.0,"q":19.43,"b":0.0,"ms":0.14,"wi":43.31,"ei":10.36,"as":626.48,"mi":"E","mv":17343,"sc":3,"lpe":99.66,"lpr":27335.66,"lq":1.0,"d":2913576},{"pi":"380008","pc":"Ювелирные изделия","ss":100000,"td":"Фешенебельный район","dc":3,"n":547.51,"vc":"99210","sl":"Элитный","sv":"6","p":292700.0,"q":46.77,"b":0.0,"ms":0.03,"wi":43.31,"ei":10.36,"as":626.48,"mi":"E","mv":17343,"sc":3,"lpe":99.66,"lpr":27335.66,"lq":1.0,"d":2913576},{"pi":"380008","pc":"Ювелирные изделия","ss":100000,"td":"Фешенебельный район","dc":2,"n":640.58,"vc":"127014","sl":"Элитный","sv":"6","p":412900.0,"q":46.77,"b":0.0,"ms":0.14,"wi":46.81,"ei":5.3,"as":327.63,"mi":"E","mv":4176,"sc":1,"lpe":99.86,"lpr":28268.41,"lq":1.0,"d":457641},{"pi":"380008","pc":"Ювелирные изделия","ss":100000,"td":"Фешенебельный район","dc":2,"n":659.38,"vc":"130482","sl":"Элитный","sv":"6","p":412900.0,"q":46.77,"b":0.11,"ms":0.22,"wi":38.9,"ei":5.08,"as":323.88,"mi":"E","mv":2689,"sc":1,"lpe":99.78,"lpr":28392.91,"lq":1.0,"d":294868},{"pi":"380008","pc":"Ювелирные изделия","ss":100000,"td":"Фешенебельный район","dc":2,"n":623.74,"vc":"117037","sl":"Элитный","sv":"6","p":384600.0,"q":46.77,"b":0.0,"ms":0.11,"wi":40.49,"ei":5.9,"as":383.71,"mi":"E","mv":5239,"sc":1,"lpe":99.89,"lpr":27984.01,"lq":1.0,"d":575400},{"pi":"380008","pc":"Ювелирные изделия","ss":100000,"td":"Фешенебельный район","dc":2,"n":635.37,"vc":"118162","sl":"Элитный","sv":"5","p":425900.0,"q":46.77,"b":0.0,"ms":0.12,"wi":40.52,"ei":6.02,"as":346.71,"mi":"E","mv":4099,"sc":1,"lpe":99.88,"lpr":27864.81,"lq":1.0,"d":429614},{"pi":"380008","pc":"Ювелирные изделия","ss":100000,"td":"Центр города","dc":1,"n":663.91,"vc":"1800702","sl":"Нормальный","sv":"160","p":100000.0,"q":21.96,"b":0.0,"ms":9.57,"wi":44.27,"ei":6.43,"as":852.09,"mi":"E","mv":1672,"sc":2,"lpe":89.83,"lpr":11946.04,"lq":1.19,"d":653500},{"pi":"380008","pc":"Ювелирные изделия","ss":10000,"td":"Центр города","dc":3,"n":378.64,"vc":"14244","sl":"Очень высокий","sv":"10","p":78000.0,"q":16.24,"b":0.0,"ms":0.6,"wi":44.27,"ei":6.43,"as":852.09,"mi":"E","mv":1672,"sc":2,"lpe":89.83,"lpr":11946.04,"lq":1.19,"d":653500},{"pi":"380008","pc":"Ювелирные изделия","ss":100000,"td":"Фешенебельный район","dc":3,"n":681.35,"vc":"156327","sl":"Очень высокий","sv":"6","p":412400.0,"q":46.77,"b":0.0,"ms":0.24,"wi":45.74,"ei":4.79,"as":375.45,"mi":"E","mv":2500,"sc":1,"lpe":99.76,"lpr":28272.77,"lq":1.0,"d":270251},{"pi":"380008","pc":"Ювелирные изделия","ss":100000,"td":"Фешенебельный район","dc":3,"n":623.74,"vc":"117949","sl":"Элитный","sv":"6","p":426200.0,"q":46.77,"b":0.11,"ms":0.11,"wi":50.78,"ei":4.68,"as":308.59,"mi":"E","mv":5240,"sc":1,"lpe":99.89,"lpr":28941.88,"lq":1.0,"d":591389},{"pi":"380008","pc":"Ювелирные изделия","ss":100000,"td":"Фешенебельный район","dc":3,"n":491.11,"vc":"39204","sl":"Элитный","sv":"6","p":288000.0,"q":46.77,"b":0.0,"ms":0.07,"wi":43.38,"ei":6.7,"as":374.03,"mi":"E","mv":8798,"sc":1,"lpe":99.93,"lpr":27567.58,"lq":1.0,"d":966800},{"pi":"380008","pc":"Ювелирные изделия","ss":100000,"td":"Фешенебельный район","dc":2,"n":653.39,"vc":"140341","sl":"Элитный","sv":"5","p":593400.0,"q":46.77,"b":0.0,"ms":0.13,"wi":56.44,"ei":6.85,"as":380.03,"mi":"E","mv":3899,"sc":1,"lpe":99.87,"lpr":39348.4,"lq":1.0,"d":428016},{"pi":"380008","pc":"Ювелирные изделия","ss":100000,"td":"Фешенебельный район","dc":2,"n":628.15,"vc":"175872","sl":"Элитный","sv":"6","p":496500.0,"q":46.77,"b":0.11,"ms":0.04,"wi":61.14,"ei":8.95,"as":503.46,"mi":"E","mv":14726,"sc":1,"lpe":99.96,"lpr":40635.86,"lq":1.0,"d":1890013},{"pi":"380008","pc":"Ювелирные изделия","ss":500,"td":"Фешенебельный район","dc":1,"n":404.41,"vc":"117","sl":"Элитный","sv":"25","p":17888.0,"q":12.74,"b":3.89,"ms":26.04,"wi":23.17,"ei":8.33,"as":763.85,"mi":"E","mv":96,"sc":1,"lpe":73.96,"lpr":18688.86,"lq":1.23,"d":62655},{"pi":"380008","pc":"Ювелирные изделия","ss":1000,"td":"Центр города","dc":2,"n":383.55,"vc":"2520","sl":"Нормальный","sv":"43","p":45000.0,"q":7.58,"b":1.56,"ms":1.72,"wi":26.96,"ei":5.07,"as":319.85,"mi":"E","mv":2494,"sc":1,"lpe":98.28,"lpr":14061.61,"lq":1.0,"d":708233},{"pi":"380008","pc":"Ювелирные изделия","ss":100000,"td":"Фешенебельный район","dc":3,"n":592.54,"vc":"108567","sl":"Элитный","sv":"5","p":366700.0,"q":46.77,"b":0.0,"ms":0.05,"wi":41.77,"ei":5.17,"as":324.21,"mi":"E","mv":9782,"sc":1,"lpe":99.95,"lpr":29041.25,"lq":1.0,"d":1093944},{"pi":"380008","pc":"Ювелирные изделия","ss":1000,"td":"Центр города","dc":2,"n":462.98,"vc":"4641","sl":"Низкий","sv":"6","p":143900.0,"q":46.77,"b":0.0,"ms":0.14,"wi":42.65,"ei":7.51,"as":296.6,"mi":"E","mv":4279,"sc":2,"lpe":99.84,"lpr":23157.79,"lq":1.0,"d":854206},{"pi":"380008","pc":"Ювелирные изделия","ss":1000,"td":"Центр города","dc":1,"n":109.62,"vc":"633","sl":"Элитный","sv":"1","p":63500.0,"q":6.96,"b":1.2,"ms":0.02,"wi":42.65,"ei":7.51,"as":296.6,"mi":"E","mv":4279,"sc":2,"lpe":99.84,"lpr":23157.79,"lq":1.0,"d":854206},{"pi":"380008","pc":"Ювелирные изделия","ss":100000,"td":"Фешенебельный район","dc":3,"n":602.77,"vc":"106165","sl":"Элитный","sv":"5","p":444800.0,"q":46.77,"b":0.0,"ms":0.11,"wi":39.2,"ei":7.73,"as":341.7,"mi":"E","mv":4557,"sc":1,"lpe":99.89,"lpr":29462.79,"lq":1.0,"d":996840},{"pi":"380008","pc":"Ювелирные изделия","ss":100000,"td":"Центр города","dc":1,"n":699.31,"vc":"2485552","sl":"Низкий","sv":"448","p":76436.14,"q":21.79,"b":6.48,"ms":9.94,"wi":52.91,"ei":9.63,"as":496.97,"mi":"E","mv":4509,"sc":1,"lpe":90.06,"lpr":9266.86,"lq":1.0,"d":819904},{"pi":"380008","pc":"Ювелирные изделия","ss":1000,"td":"Центр города","dc":1,"n":354.37,"vc":"2493","sl":"Очень высокий","sv":"100","p":75000.0,"q":7.94,"b":1.49,"ms":2.61,"wi":47.92,"ei":6.7,"as":411.38,"mi":"E","mv":3838,"sc":1,"lpe":97.39,"lpr":29133.93,"lq":1.0,"d":1145586},{"pi":"380008","pc":"Ювелирные изделия","ss":100000,"td":"Фешенебельный район","dc":10,"n":340.93,"vc":"8161","sl":"Элитный","sv":"100","p":100000.0,"q":7.94,"b":1.76,"ms":1.91,"wi":46.42,"ei":7.3,"as":627.02,"mi":"E","mv":5244,"sc":2,"lpe":98.02,"lpr":24319.85,"lq":1.0,"d":802170},{"pi":"380008","pc":"Ювелирные изделия","ss":100000,"td":"Фешенебельный район","dc":2,"n":612.0,"vc":"110596","sl":"Элитный","sv":"4","p":378000.0,"q":46.77,"b":0.0,"ms":0.08,"wi":46.42,"ei":7.3,"as":627.02,"mi":"E","mv":5244,"sc":2,"lpe":98.02,"lpr":24319.85,"lq":1.0,"d":802170},{"pi":"380008","pc":"Ювелирные изделия","ss":100000,"td":"Центр города","dc":10,"n":387.8,"vc":"66546","sl":"Очень высокий","sv":"100","p":30000.0,"q":7.94,"b":1.76,"ms":10.2,"wi":31.84,"ei":7.85,"as":603.38,"mi":"E","mv":980,"sc":1,"lpe":89.8,"lpr":27232.42,"lq":2.83,"d":416978},{"pi":"380008","pc":"Ювелирные изделия","ss":100000,"td":"Фешенебельный район","dc":10,"n":438.22,"vc":"12603","sl":"Элитный","sv":"135","p":100000.0,"q":7.9,"b":1.76,"ms":21.88,"wi":43.58,"ei":8.27,"as":775.21,"mi":"E","mv":617,"sc":1,"lpe":78.12,"lpr":19565.42,"lq":2.04,"d":203598},{"pi":"380008","pc":"Ювелирные изделия","ss":1000,"td":"Центр города","dc":1,"n":367.44,"vc":"2499","sl":"Очень высокий","sv":"156","p":80000.0,"q":7.15,"b":0.69,"ms":6.38,"wi":94.63,"ei":8.46,"as":478.49,"mi":"E","mv":2447,"sc":1,"lpe":93.62,"lpr":35321.38,"lq":1.0,"d":446958},{"pi":"380008","pc":"Ювелирные изделия","ss":100000,"td":"Фешенебельный район","dc":3,"n":601.43,"vc":"119934","sl":"Элитный","sv":"6","p":298200.0,"q":46.77,"b":3.81,"ms":0.06,"wi":38.47,"ei":2.5,"as":242.99,"mi":"E","mv":10362,"sc":1,"lpe":99.94,"lpr":17962.35,"lq":1.0,"d":1138941},{"pi":"380008","pc":"Ювелирные изделия","ss":100000,"td":"Фешенебельный район","dc":3,"n":622.49,"vc":"153814","sl":"Очень высокий","sv":"6","p":302200.0,"q":46.77,"b":0.0,"ms":0.06,"wi":38.84,"ei":2.5,"as":233.96,"mi":"E","mv":10658,"sc":1,"lpe":99.94,"lpr":19884.45,"lq":1.0,"d":1300000},{"pi":"380008","pc":"Ювелирные изделия","ss":100000,"td":"Фешенебельный район","dc":3,"n":626.25,"vc":"208867","sl":"Очень высокий","sv":"6","p":208100.0,"q":46.77,"b":0.0,"ms":0.02,"wi":39.72,"ei":5.0,"as":366.35,"mi":"E","mv":25552,"sc":1,"lpe":99.98,"lpr":17930.34,"lq":1.0,"d":2809780},{"pi":"380008","pc":"Ювелирные изделия","ss":10000,"td":"Фешенебельный район","dc":1,"n":687.83,"vc":"62780","sl":"Высокий","sv":"308","p":170000.0,"q":24.43,"b":0.0,"ms":1.25,"wi":49.0,"ei":9.22,"as":582.17,"mi":"E","mv":24658,"sc":3,"lpe":98.64,"lpr":26587.86,"lq":1.0,"d":4670247},{"pi":"380008","pc":"Ювелирные изделия","ss":10000,"td":"Центр города","dc":1,"n":620.97,"vc":"170165","sl":"Низкий","sv":"27","p":200000.0,"q":22.6,"b":0.0,"ms":0.11,"wi":49.0,"ei":9.22,"as":582.17,"mi":"E","mv":24658,"sc":3,"lpe":98.64,"lpr":26587.86,"lq":1.0,"d":4670247},{"pi":"380008","pc":"Ювелирные изделия","ss":10000,"td":"Окраина","dc":1,"n":628.93,"vc":"108294","sl":"Нормальный","sv":"1","p":150000.0,"q":22.24,"b":0.0,"ms":0.0,"wi":49.0,"ei":9.22,"as":582.17,"mi":"E","mv":24658,"sc":3,"lpe":98.64,"lpr":26587.86,"lq":1.0,"d":4670247},{"pi":"380008","pc":"Ювелирные изделия","ss":100000,"td":"Фешенебельный район","dc":3,"n":619.54,"vc":"157933","sl":"Очень высокий","sv":"7","p":231200.0,"q":46.77,"b":0.09,"ms":0.05,"wi":38.96,"ei":3.2,"as":270.74,"mi":"E","mv":13829,"sc":1,"lpe":99.95,"lpr":18435.41,"lq":1.0,"d":1520224},{"pi":"380008","pc":"Ювелирные изделия","ss":100000,"td":"Центр города","dc":10,"n":417.97,"vc":"75810","sl":"Низкий","sv":"55","p":90000.0,"q":7.11,"b":1.98,"ms":3.56,"wi":35.6,"ei":4.5,"as":498.36,"mi":"E","mv":1546,"sc":1,"lpe":96.44,"lpr":19152.89,"lq":1.0,"d":295646},{"pi":"380008","pc":"Ювелирные изделия","ss":100000,"td":"Фешенебельный район","dc":10,"n":419.29,"vc":"11439","sl":"Очень высокий","sv":"40","p":80000.0,"q":7.15,"b":1.98,"ms":2.6,"wi":35.06,"ei":4.73,"as":569.04,"mi":"E","mv":1537,"sc":1,"lpe":97.4,"lpr":15262.55,"lq":1.0,"d":432432},{"pi":"380008","pc":"Ювелирные изделия","ss":300000,"td":"Центр города","dc":5,"n":714.54,"vc":"2323818","sl":"Низкий","sv":"93","p":166054.47,"q":20.55,"b":0.0,"ms":4.11,"wi":40.58,"ei":7.44,"as":383.85,"mi":"E","mv":2263,"sc":2,"lpe":95.67,"lpr":22873.98,"lq":1.0,"d":514782},{"pi":"380008","pc":"Ювелирные изделия","ss":100000,"td":"Фешенебельный район","dc":1,"n":499.65,"vc":"32379","sl":"Элитный","sv":"5","p":50000.0,"q":26.39,"b":3.45,"ms":0.22,"wi":40.58,"ei":7.44,"as":383.85,"mi":"E","mv":2263,"sc":2,"lpe":95.67,"lpr":22873.98,"lq":1.0,"d":514782},{"pi":"380008","pc":"Ювелирные изделия","ss":200000,"td":"Фешенебельный район","dc":1,"n":713.43,"vc":"704216","sl":"Элитный","sv":"84","p":62539.53,"q":24.27,"b":0.0,"ms":8.3,"wi":27.55,"ei":8.64,"as":656.92,"mi":"E","mv":1012,"sc":1,"lpe":91.7,"lpr":4663.7,"lq":1.0,"d":601185},{"pi":"380008","pc":"Ювелирные изделия","ss":100000,"td":"Центр города","dc":1,"n":714.48,"vc":"1614236","sl":"Нормальный","sv":"508","p":111111.0,"q":20.73,"b":0.0,"ms":13.92,"wi":56.96,"ei":9.3,"as":1427.81,"mi":"E","mv":3650,"sc":2,"lpe":86.03,"lpr":18541.32,"lq":1.91,"d":571745},{"pi":"380008","pc":"Ювелирные изделия","ss":100000,"td":"Центр города","dc":3,"n":270.1,"vc":"17077","sl":"Элитный","sv":"2","p":121000.0,"q":21.18,"b":1.75,"ms":0.05,"wi":56.96,"ei":9.3,"as":1427.81,"mi":"E","mv":3650,"sc":2,"lpe":86.03,"lpr":18541.32,"lq":1.91,"d":571745},{"pi":"380008","pc":"Ювелирные изделия","ss":100000,"td":"Фешенебельный район","dc":3,"n":555.57,"vc":"103664","sl":"Элитный","sv":"6","p":366900.0,"q":46.77,"b":3.81,"ms":0.03,"wi":48.22,"ei":8.14,"as":550.51,"mi":"E","mv":23374,"sc":1,"lpe":99.97,"lpr":28262.63,"lq":1.0,"d":2647357},{"pi":"380008","pc":"Ювелирные изделия","ss":100000,"td":"Фешенебельный район","dc":10,"n":424.83,"vc":"11774","sl":"Элитный","sv":"100","p":85000.0,"q":7.94,"b":1.76,"ms":17.27,"wi":31.66,"ei":6.14,"as":589.01,"mi":"E","mv":579,"sc":1,"lpe":82.73,"lpr":21692.66,"lq":2.15,"d":231572},{"pi":"380008","pc":"Ювелирные изделия","ss":100000,"td":"Центр города","dc":10,"n":453.74,"vc":"89641","sl":"Низкий","sv":"100","p":60000.0,"q":7.94,"b":1.76,"ms":25.32,"wi":29.33,"ei":5.65,"as":482.15,"mi":"E","mv":395,"sc":1,"lpe":74.68,"lpr":20988.41,"lq":2.19,"d":205748},{"pi":"380008","pc":"Ювелирные изделия","ss":300000,"td":"Фешенебельный район","dc":1,"n":686.04,"vc":"1109916","sl":"Элитный","sv":"1121","p":198765.0,"q":23.09,"b":0.0,"ms":6.66,"wi":73.44,"ei":10.13,"as":1418.97,"mi":"E","mv":16844,"sc":3,"lpe":91.37,"lpr":37465.99,"lq":3.67,"d":1940426},{"pi":"380008","pc":"Ювелирные изделия","ss":300000,"td":"Центр города","dc":1,"n":683.92,"vc":"7249647","sl":"Нормальный","sv":"331","p":198888.0,"q":23.83,"b":0.0,"ms":1.97,"wi":73.44,"ei":10.13,"as":1418.97,"mi":"E","mv":16844,"sc":3,"lpe":91.37,"lpr":37465.99,"lq":3.67,"d":1940426},{"pi":"380008","pc":"Ювелирные изделия","ss":100000,"td":"Центр города","dc":2,"n":175.35,"vc":"16015","sl":"Элитный","sv":"1","p":215500.0,"q":18.82,"b":1.24,"ms":0.01,"wi":73.44,"ei":10.13,"as":1418.97,"mi":"E","mv":16844,"sc":3,"lpe":91.37,"lpr":37465.99,"lq":3.67,"d":1940426},{"pi":"380008","pc":"Ювелирные изделия","ss":100000,"td":"Центр города","dc":10,"n":495.84,"vc":"109118","sl":"Низкий","sv":"40","p":55000.0,"q":7.23,"b":1.98,"ms":20.83,"wi":25.74,"ei":5.81,"as":645.13,"mi":"E","mv":192,"sc":1,"lpe":79.17,"lpr":10380.11,"lq":1.0,"d":103071},{"pi":"380008","pc":"Ювелирные изделия","ss":100000,"td":"Центр города","dc":10,"n":555.03,"vc":"298368","sl":"Низкий","sv":"100","p":65000.0,"q":7.14,"b":1.98,"ms":4.86,"wi":42.93,"ei":6.8,"as":569.12,"mi":"E","mv":2056,"sc":1,"lpe":95.14,"lpr":29897.24,"lq":1.0,"d":493446},{"pi":"380008","pc":"Ювелирные изделия","ss":100000,"td":"Фешенебельный район","dc":2,"n":633.82,"vc":"107797","sl":"Элитный","sv":"6","p":331700.0,"q":46.77,"b":0.0,"ms":0.16,"wi":46.38,"ei":5.3,"as":431.96,"mi":"E","mv":3793,"sc":1,"lpe":99.84,"lpr":23622.66,"lq":1.0,"d":715026},{"pi":"380008","pc":"Ювелирные изделия","ss":100000,"td":"Центр города","dc":1,"n":487.84,"vc":"642461","sl":"Очень высокий","sv":"10","p":100000.0,"q":25.82,"b":3.27,"ms":0.01,"wi":45.82,"ei":8.65,"as":615.72,"mi":"E","mv":74416,"sc":1,"lpe":99.99,"lpr":23390.86,"lq":1.0,"d":13814734},{"pi":"380008","pc":"Ювелирные изделия","ss":100000,"td":"Фешенебельный район","dc":2,"n":588.77,"vc":"71303","sl":"Элитный","sv":"6","p":116500.0,"q":46.77,"b":0.11,"ms":0.22,"wi":46.39,"ei":7.53,"as":889.8,"mi":"E","mv":2747,"sc":1,"lpe":99.78,"lpr":36010.94,"lq":1.0,"d":740963},{"pi":"380008","pc":"Ювелирные изделия","ss":100000,"td":"Фешенебельный район","dc":3,"n":590.23,"vc":"97788","sl":"Элитный","sv":"1","p":412300.0,"q":46.77,"b":0.0,"ms":0.01,"wi":46.17,"ei":6.95,"as":452.93,"mi":"E","mv":7743,"sc":1,"lpe":99.99,"lpr":27985.01,"lq":1.0,"d":1133084},{"pi":"380008","pc":"Ювелирные изделия","ss":100000,"td":"Фешенебельный район","dc":10,"n":367.7,"vc":"9114","sl":"Элитный","sv":"100","p":100000.0,"q":7.14,"b":1.98,"ms":2.29,"wi":44.49,"ei":6.0,"as":520.55,"mi":"E","mv":4360,"sc":2,"lpe":97.57,"lpr":25729.49,"lq":1.0,"d":636296},{"pi":"380008","pc":"Ювелирные изделия","ss":100000,"td":"Фешенебельный район","dc":2,"n":623.73,"vc":"106876","sl":"Элитный","sv":"6","p":372900.0,"q":46.77,"b":0.0,"ms":0.14,"wi":44.49,"ei":6.0,"as":520.55,"mi":"E","mv":4360,"sc":2,"lpe":97.57,"lpr":25729.49,"lq":1.0,"d":636296},{"pi":"380008","pc":"Ювелирные изделия","ss":10000,"td":"Фешенебельный район","dc":1,"n":84.19,"vc":"258","sl":"Элитный","sv":"35","p":47500.0,"q":12.74,"b":1.38,"ms":0.74,"wi":33.17,"ei":6.1,"as":333.09,"mi":"E","mv":4740,"sc":1,"lpe":99.26,"lpr":15317.11,"lq":1.0,"d":784551},{"pi":"380008","pc":"Ювелирные изделия","ss":100000,"td":"Центр города","dc":10,"n":614.25,"vc":"386750","sl":"Низкий","sv":"80","p":60000.0,"q":7.31,"b":1.41,"ms":1.33,"wi":52.18,"ei":6.76,"as":1256.54,"mi":"E","mv":5995,"sc":1,"lpe":98.67,"lpr":17111.44,"lq":1.0,"d":3053989},{"pi":"380008","pc":"Ювелирные изделия","ss":100000,"td":"Центр города","dc":3,"n":414.64,"vc":"95963","sl":"Элитный","sv":"10","p":86000.0,"q":16.24,"b":0.0,"ms":0.25,"wi":44.17,"ei":5.0,"as":337.91,"mi":"E","mv":4046,"sc":2,"lpe":99.6,"lpr":28166.71,"lq":1.0,"d":451228},{"pi":"380008","pc":"Ювелирные изделия","ss":100000,"td":"Фешенебельный район","dc":3,"n":631.7,"vc":"116049","sl":"Элитный","sv":"6","p":383900.0,"q":46.77,"b":0.0,"ms":0.15,"wi":44.17,"ei":5.0,"as":337.91,"mi":"E","mv":4046,"sc":2,"lpe":99.6,"lpr":28166.71,"lq":1.0,"d":451228},{"pi":"380008","pc":"Ювелирные изделия","ss":100000,"td":"Фешенебельный район","dc":3,"n":653.48,"vc":"109947","sl":"Элитный","sv":"6","p":559100.0,"q":46.77,"b":0.0,"ms":0.3,"wi":50.69,"ei":6.38,"as":396.58,"mi":"E","mv":2013,"sc":1,"lpe":99.7,"lpr":40023.86,"lq":1.0,"d":212610},{"pi":"380008","pc":"Ювелирные изделия","ss":1000,"td":"Фешенебельный район","dc":2,"n":452.81,"vc":"393","sl":"Элитный","sv":"60","p":100000.0,"q":7.81,"b":2.1,"ms":8.09,"wi":67.38,"ei":9.06,"as":1685.29,"mi":"E","mv":742,"sc":1,"lpe":91.91,"lpr":32156.79,"lq":1.0,"d":129256},{"pi":"380008","pc":"Ювелирные изделия","ss":1000,"td":"Фешенебельный район","dc":2,"n":547.95,"vc":"421","sl":"Элитный","sv":"10","p":50000.0,"q":7.81,"b":2.1,"ms":4.81,"wi":30.87,"ei":8.3,"as":910.0,"mi":"E","mv":208,"sc":1,"lpe":95.19,"lpr":17752.44,"lq":1.0,"d":136152},{"pi":"380008","pc":"Ювелирные изделия","ss":100000,"td":"Фешенебельный район","dc":10,"n":424.4,"vc":"11770","sl":"Элитный","sv":"74","p":100000.0,"q":7.31,"b":1.41,"ms":6.66,"wi":38.34,"ei":6.13,"as":1028.6,"mi":"E","mv":1111,"sc":1,"lpe":93.34,"lpr":19561.24,"lq":1.0,"d":605360},{"pi":"380008","pc":"Ювелирные изделия","ss":100000,"td":"Центр города","dc":4,"n":663.33,"vc":"941001","sl":"Низкий","sv":"69","p":111111.11,"q":19.58,"b":0.0,"ms":4.59,"wi":24.95,"ei":14.44,"as":648.34,"mi":"E","mv":1503,"sc":1,"lpe":95.41,"lpr":13442.11,"lq":1.0,"d":824554},{"pi":"380008","pc":"Ювелирные изделия","ss":100000,"td":"Фешенебельный район","dc":3,"n":656.42,"vc":"227778","sl":"Очень высокий","sv":"6","p":234200.0,"q":46.77,"b":0.0,"ms":0.07,"wi":34.92,"ei":8.76,"as":403.15,"mi":"E","mv":8702,"sc":1,"lpe":99.93,"lpr":17297.06,"lq":1.0,"d":1571414},{"pi":"380008","pc":"Ювелирные изделия","ss":100000,"td":"Фешенебельный район","dc":2,"n":612.49,"vc":"162932","sl":"Элитный","sv":"6","p":235900.0,"q":46.77,"b":0.0,"ms":0.03,"wi":41.94,"ei":6.52,"as":288.14,"mi":"E","mv":17812,"sc":1,"lpe":99.97,"lpr":20191.65,"lq":1.0,"d":2083537},{"pi":"380008","pc":"Ювелирные изделия","ss":100000,"td":"Центр города","dc":1,"n":22.04,"vc":"7980","sl":"Элитный","sv":"1","p":170000.0,"q":19.7,"b":0.0,"ms":0.01,"wi":15.26,"ei":5.07,"as":248.05,"mi":"E","mv":15828,"sc":1,"lpe":99.99,"lpr":14990.76,"lq":1.0,"d":8979806},{"pi":"380008","pc":"Ювелирные изделия","ss":100000,"td":"Фешенебельный район","dc":10,"n":402.94,"vc":"10657","sl":"Элитный","sv":"100","p":60000.0,"q":7.31,"b":1.41,"ms":6.35,"wi":42.01,"ei":5.96,"as":840.23,"mi":"E","mv":1574,"sc":1,"lpe":93.65,"lpr":36209.04,"lq":1.0,"d":374855},{"pi":"380008","pc":"Ювелирные изделия","ss":100000,"td":"Центр города","dc":10,"n":291.79,"vc":"44817","sl":"Элитный","sv":"200","p":85000.0,"q":7.31,"b":1.41,"ms":2.6,"wi":58.06,"ei":9.31,"as":842.54,"mi":"E","mv":7691,"sc":2,"lpe":97.27,"lpr":74263.56,"lq":1.0,"d":2290569},{"pi":"380008","pc":"Ювелирные изделия","ss":100000,"td":"Центр города","dc":2,"n":349.94,"vc":"78396","sl":"Элитный","sv":"10","p":70491.41,"q":16.24,"b":0.0,"ms":0.13,"wi":58.06,"ei":9.31,"as":842.54,"mi":"E","mv":7691,"sc":2,"lpe":97.27,"lpr":74263.56,"lq":1.0,"d":2290569},{"pi":"380008","pc":"Ювелирные изделия","ss":10000,"td":"Центр города","dc":1,"n":618.55,"vc":"24932","sl":"Элитный","sv":"12","p":130950.1,"q":23.95,"b":0.0,"ms":9.92,"wi":86.62,"ei":11.59,"as":6064.68,"mi":"E","mv":121,"sc":4,"lpe":73.55,"lpr":26589.93,"lq":2.72,"d":65057},{"pi":"380008","pc":"Ювелирные изделия","ss":10000,"td":"Центр города","dc":2,"n":526.86,"vc":"8436","sl":"Элитный","sv":"10","p":155100.0,"q":46.77,"b":6.49,"ms":8.26,"wi":86.62,"ei":11.59,"as":6064.68,"mi":"E","mv":121,"sc":4,"lpe":73.55,"lpr":26589.93,"lq":2.72,"d":65057},{"pi":"380008","pc":"Ювелирные изделия","ss":10000,"td":"Центр города","dc":10,"n":707.28,"vc":"22351","sl":"Низкий","sv":"5","p":55000.0,"q":7.16,"b":4.35,"ms":4.13,"wi":86.62,"ei":11.59,"as":6064.68,"mi":"E","mv":121,"sc":4,"lpe":73.55,"lpr":26589.93,"lq":2.72,"d":65057},{"pi":"380008","pc":"Ювелирные изделия","ss":10000,"td":"Центр города","dc":2,"n":543.44,"vc":"9537","sl":"Очень высокий","sv":"5","p":100000.0,"q":16.23,"b":0.0,"ms":4.13,"wi":86.62,"ei":11.59,"as":6064.68,"mi":"E","mv":121,"sc":4,"lpe":73.55,"lpr":26589.93,"lq":2.72,"d":65057},{"pi":"380008","pc":"Ювелирные изделия","ss":100000,"td":"Пригород","dc":2,"n":490.92,"vc":"130452","sl":"Элитный","sv":"41","p":68000.0,"q":18.54,"b":0.0,"ms":1.8,"wi":33.4,"ei":6.19,"as":361.0,"mi":"E","mv":2280,"sc":1,"lpe":98.2,"lpr":23410.91,"lq":1.0,"d":574316},{"pi":"380008","pc":"Ювелирные изделия","ss":100000,"td":"Спальный район","dc":2,"n":706.28,"vc":"2047398","sl":"Низкий","sv":"246","p":98000.0,"q":18.89,"b":0.0,"ms":4.97,"wi":38.46,"ei":6.15,"as":330.0,"mi":"E","mv":4952,"sc":1,"lpe":95.03,"lpr":17845.2,"lq":1.0,"d":687211},{"pi":"380008","pc":"Ювелирные изделия","ss":100000,"td":"Фешенебельный район","dc":1,"n":430.92,"vc":"44128","sl":"Элитный","sv":"400","p":160000.0,"q":26.39,"b":2.99,"ms":0.66,"wi":50.69,"ei":6.73,"as":559.13,"mi":"E","mv":60422,"sc":1,"lpe":99.34,"lpr":31427.67,"lq":1.0,"d":7083090},{"pi":"380008","pc":"Ювелирные изделия","ss":100000,"td":"Центр города","dc":2,"n":688.3,"vc":"2596446","sl":"Очень низкий","sv":"406","p":72000.0,"q":18.83,"b":0.0,"ms":4.79,"wi":38.47,"ei":6.49,"as":428.32,"mi":"E","mv":8480,"sc":2,"lpe":95.14,"lpr":13412.42,"lq":1.0,"d":951458},{"pi":"380008","pc":"Ювелирные изделия","ss":100000,"td":"Фешенебельный район","dc":3,"n":622.71,"vc":"138193","sl":"Элитный","sv":"6","p":57590.0,"q":46.77,"b":0.0,"ms":0.07,"wi":38.47,"ei":6.49,"as":428.32,"mi":"E","mv":8480,"sc":2,"lpe":95.14,"lpr":13412.42,"lq":1.0,"d":951458},{"pi":"380008","pc":"Ювелирные изделия","ss":100000,"td":"Фешенебельный район","dc":3,"n":598.18,"vc":"133158","sl":"Элитный","sv":"6","p":357700.0,"q":46.77,"b":0.0,"ms":0.05,"wi":41.47,"ei":7.16,"as":361.0,"mi":"E","mv":11112,"sc":1,"lpe":99.95,"lpr":24911.41,"lq":1.0,"d":1678834},{"pi":"380008","pc":"Ювелирные изделия","ss":100000,"td":"Фешенебельный район","dc":3,"n":606.7,"vc":"102432","sl":"Элитный","sv":"6","p":310900.0,"q":46.77,"b":0.0,"ms":0.12,"wi":48.58,"ei":7.88,"as":404.82,"mi":"E","mv":4805,"sc":1,"lpe":99.88,"lpr":21933.94,"lq":1.0,"d":627892},{"pi":"380008","pc":"Ювелирные изделия","ss":1000,"td":"Центр города","dc":1,"n":334.35,"vc":"2482","sl":"Очень высокий","sv":"150","p":70000.0,"q":7.94,"b":1.51,"ms":2.68,"wi":40.31,"ei":7.5,"as":560.75,"mi":"E","mv":5601,"sc":2,"lpe":97.21,"lpr":23002.84,"lq":1.0,"d":1824510},{"pi":"380008","pc":"Ювелирные изделия","ss":1000,"td":"Центр города","dc":2,"n":462.08,"vc":"5100","sl":"Низкий","sv":"6","p":141400.0,"q":46.77,"b":0.0,"ms":0.11,"wi":40.31,"ei":7.5,"as":560.75,"mi":"E","mv":5601,"sc":2,"lpe":97.21,"lpr":23002.84,"lq":1.0,"d":1824510},{"pi":"380008","pc":"Ювелирные изделия","ss":100000,"td":"Центр города","dc":1,"n":674.32,"vc":"1387990","sl":"Нормальный","sv":"646","p":102222.0,"q":18.75,"b":0.0,"ms":10.14,"wi":43.28,"ei":9.12,"as":1094.55,"mi":"E","mv":6372,"sc":3,"lpe":88.21,"lpr":18775.1,"lq":2.05,"d":981378},{"pi":"380008","pc":"Ювелирные изделия","ss":1000,"td":"Центр города","dc":1,"n":134.98,"vc":"853","sl":"Элитный","sv":"86","p":55000.0,"q":15.55,"b":1.0,"ms":1.35,"wi":43.28,"ei":9.12,"as":1094.55,"mi":"E","mv":6372,"sc":3,"lpe":88.21,"lpr":18775.1,"lq":2.05,"d":981378},{"pi":"380008","pc":"Ювелирные изделия","ss":300000,"td":"Центр города","dc":1,"n":699.13,"vc":"4560378","sl":"Нормальный","sv":"19","p":153782.23,"q":23.5,"b":0.0,"ms":0.3,"wi":43.28,"ei":9.12,"as":1094.55,"mi":"E","mv":6372,"sc":3,"lpe":88.21,"lpr":18775.1,"lq":2.05,"d":981378},{"pi":"380008","pc":"Ювелирные изделия","ss":100000,"td":"Фешенебельный район","dc":2,"n":550.89,"vc":"145392","sl":"Элитный","sv":"6","p":289000.0,"q":46.77,"b":0.0,"ms":0.02,"wi":32.17,"ei":9.21,"as":253.15,"mi":"E","mv":34265,"sc":1,"lpe":99.98,"lpr":22643.03,"lq":1.0,"d":7913550},{"pi":"380008","pc":"Ювелирные изделия","ss":100000,"td":"Фешенебельный район","dc":3,"n":606.16,"vc":"153482","sl":"Очень высокий","sv":"6","p":330300.0,"q":46.77,"b":0.0,"ms":0.04,"wi":39.35,"ei":9.4,"as":334.63,"mi":"E","mv":14174,"sc":1,"lpe":99.96,"lpr":23516.9,"lq":1.0,"d":2510311},{"pi":"380008","pc":"Ювелирные изделия","ss":100000,"td":"Фешенебельный район","dc":2,"n":588.41,"vc":"104228","sl":"Элитный","sv":"6","p":397000.0,"q":46.77,"b":0.0,"ms":0.09,"wi":42.4,"ei":7.94,"as":312.84,"mi":"E","mv":6643,"sc":1,"lpe":99.91,"lpr":27119.47,"lq":1.0,"d":1090586},{"pi":"380008","pc":"Ювелирные изделия","ss":100000,"td":"Фешенебельный район","dc":2,"n":608.3,"vc":"120569","sl":"Элитный","sv":"6","p":408600.0,"q":46.77,"b":0.0,"ms":0.11,"wi":44.11,"ei":8.36,"as":342.3,"mi":"E","mv":5440,"sc":1,"lpe":99.89,"lpr":29273.39,"lq":1.0,"d":1081774},{"pi":"380008","pc":"Ювелирные изделия","ss":100000,"td":"Фешенебельный район","dc":2,"n":610.43,"vc":"127161","sl":"Элитный","sv":"6","p":276700.0,"q":46.77,"b":0.0,"ms":0.07,"wi":36.54,"ei":10.27,"as":282.79,"mi":"E","mv":8128,"sc":1,"lpe":99.93,"lpr":20726.47,"lq":1.0,"d":1075307},{"pi":"380008","pc":"Ювелирные изделия","ss":100000,"td":"Фешенебельный район","dc":2,"n":584.07,"vc":"166736","sl":"Элитный","sv":"6","p":144300.0,"q":46.77,"b":0.0,"ms":0.03,"wi":20.78,"ei":8.56,"as":105.56,"mi":"E","mv":21011,"sc":1,"lpe":99.97,"lpr":9488.27,"lq":1.0,"d":4703711},{"pi":"380008","pc":"Ювелирные изделия","ss":100000,"td":"Центр города","dc":1,"n":683.7,"vc":"3213799","sl":"Низкий","sv":"1319","p":165000.0,"q":20.05,"b":3.78,"ms":5.66,"wi":53.75,"ei":9.53,"as":1662.81,"mi":"E","mv":23289,"sc":3,"lpe":94.1,"lpr":29532.14,"lq":1.0,"d":2620393},{"pi":"380008","pc":"Ювелирные изделия","ss":1000,"td":"Центр города","dc":1,"n":100.76,"vc":"983","sl":"Элитный","sv":"36","p":90000.0,"q":12.73,"b":1.01,"ms":0.15,"wi":53.75,"ei":9.53,"as":1662.81,"mi":"E","mv":23289,"sc":3,"lpe":94.1,"lpr":29532.14,"lq":1.0,"d":2620393},{"pi":"380008","pc":"Ювелирные изделия","ss":10000,"td":"Центр города","dc":3,"n":301.16,"vc":"12292","sl":"Очень высокий","sv":"20","p":90000.0,"q":16.24,"b":0.0,"ms":0.09,"wi":53.75,"ei":9.53,"as":1662.81,"mi":"E","mv":23289,"sc":3,"lpe":94.1,"lpr":29532.14,"lq":1.0,"d":2620393},{"pi":"380008","pc":"Ювелирные изделия","ss":100000,"td":"Фешенебельный район","dc":1,"n":672.78,"vc":"765248","sl":"Очень высокий","sv":"2500","p":190000.0,"q":18.74,"b":2.89,"ms":8.89,"wi":61.12,"ei":10.04,"as":1836.76,"mi":"E","mv":28123,"sc":2,"lpe":91.08,"lpr":95714.04,"lq":1.0,"d":10036968},{"pi":"380008","pc":"Ювелирные изделия","ss":100000,"td":"Центр города","dc":1,"n":452.71,"vc":"409834","sl":"Элитный","sv":"8","p":845800.0,"q":46.77,"b":3.41,"ms":0.03,"wi":61.12,"ei":10.04,"as":1836.76,"mi":"E","mv":28123,"sc":2,"lpe":91.08,"lpr":95714.04,"lq":1.0,"d":10036968},{"pi":"380008","pc":"Ювелирные изделия","ss":100000,"td":"Центр города","dc":1,"n":629.72,"vc":"818944","sl":"Очень высокий","sv":"631","p":69999.0,"q":17.9,"b":0.0,"ms":13.08,"wi":34.47,"ei":8.13,"as":261.61,"mi":"E","mv":4824,"sc":2,"lpe":86.86,"lpr":8406.8,"lq":1.14,"d":869225},{"pi":"380008","pc":"Ювелирные изделия","ss":100000,"td":"Фешенебельный район","dc":3,"n":625.29,"vc":"117716","sl":"Элитный","sv":"3","p":135400.0,"q":46.77,"b":0.0,"ms":0.06,"wi":34.47,"ei":8.13,"as":261.61,"mi":"E","mv":4824,"sc":2,"lpe":86.86,"lpr":8406.8,"lq":1.14,"d":869225},{"pi":"380008","pc":"Ювелирные изделия","ss":10000,"td":"Центр города","dc":3,"n":295.88,"vc":"15329","sl":"Очень высокий","sv":"140","p":100000.0,"q":16.23,"b":0.0,"ms":0.88,"wi":58.08,"ei":17.43,"as":630.16,"mi":"E","mv":15886,"sc":2,"lpe":99.08,"lpr":63551.54,"lq":1.0,"d":6569718},{"pi":"380008","pc":"Ювелирные изделия","ss":10000,"td":"Фешенебельный район","dc":1,"n":22.1,"vc":"304","sl":"Элитный","sv":"6","p":285000.0,"q":19.75,"b":0.14,"ms":0.04,"wi":58.08,"ei":17.43,"as":630.16,"mi":"E","mv":15886,"sc":2,"lpe":99.08,"lpr":63551.54,"lq":1.0,"d":6569718},{"pi":"380008","pc":"Ювелирные изделия","ss":100000,"td":"Фешенебельный район","dc":2,"n":577.95,"vc":"96371","sl":"Элитный","sv":"6","p":488400.0,"q":46.77,"b":0.0,"ms":0.11,"wi":38.97,"ei":9.11,"as":428.8,"mi":"E","mv":5714,"sc":1,"lpe":99.89,"lpr":33453.1,"lq":1.0,"d":1161922},{"pi":"380008","pc":"Ювелирные изделия","ss":100000,"td":"Фешенебельный район","dc":2,"n":683.03,"vc":"170296","sl":"Элитный","sv":"6","p":306200.0,"q":46.77,"b":0.0,"ms":0.2,"wi":40.92,"ei":4.8,"as":286.98,"mi":"E","mv":3005,"sc":1,"lpe":99.8,"lpr":28639.29,"lq":1.0,"d":329560},{"pi":"380008","pc":"Ювелирные изделия","ss":100000,"td":"Фешенебельный район","dc":3,"n":647.8,"vc":"186210","sl":"Очень высокий","sv":"6","p":361300.0,"q":46.77,"b":0.0,"ms":0.08,"wi":38.33,"ei":5.7,"as":270.0,"mi":"E","mv":7384,"sc":1,"lpe":99.92,"lpr":25045.39,"lq":1.0,"d":1808978},{"pi":"380008","pc":"Ювелирные изделия","ss":100000,"td":"Фешенебельный район","dc":4,"n":588.93,"vc":"133481","sl":"Очень высокий","sv":"4","p":63860.0,"q":46.77,"b":0.18,"ms":0.07,"wi":19.08,"ei":9.49,"as":404.04,"mi":"E","mv":5409,"sc":1,"lpe":99.93,"lpr":20698.12,"lq":1.0,"d":4338959},{"pi":"380008","pc":"Ювелирные изделия","ss":100000,"td":"Фешенебельный район","dc":2,"n":618.97,"vc":"69214","sl":"Элитный","sv":"25","p":120300.0,"q":46.77,"b":1.56,"ms":2.94,"wi":51.14,"ei":7.34,"as":547.31,"mi":"E","mv":849,"sc":1,"lpe":97.06,"lpr":20155.91,"lq":1.0,"d":146247},{"pi":"380008","pc":"Ювелирные изделия","ss":100000,"td":"Фешенебельный район","dc":2,"n":477.34,"vc":"57805","sl":"Элитный","sv":"5","p":198900.0,"q":46.77,"b":0.0,"ms":0.02,"wi":30.28,"ei":8.35,"as":291.41,"mi":"E","mv":28133,"sc":1,"lpe":99.98,"lpr":14880.34,"lq":1.0,"d":4279664},{"pi":"380008","pc":"Ювелирные изделия","ss":100000,"td":"Фешенебельный район","dc":2,"n":603.75,"vc":"167367","sl":"Элитный","sv":"6","p":419800.0,"q":46.77,"b":0.0,"ms":0.03,"wi":45.27,"ei":7.99,"as":473.94,"mi":"E","mv":20892,"sc":1,"lpe":99.97,"lpr":34091.67,"lq":1.0,"d":2768566},{"pi":"380008","pc":"Ювелирные изделия","ss":10000,"td":"Центр города","dc":2,"n":566.29,"vc":"55597","sl":"Нормальный","sv":"2","p":228888.0,"q":17.77,"b":0.14,"ms":0.11,"wi":23.18,"ei":13.58,"as":566.85,"mi":"E","mv":1896,"sc":1,"lpe":99.89,"lpr":23167.45,"lq":1.0,"d":2076982},{"pi":"380008","pc":"Ювелирные изделия","ss":10000,"td":"Центр города","dc":1,"n":710.07,"vc":"131571","sl":"Нормальный","sv":"16","p":90192.37,"q":20.73,"b":0.14,"ms":1.14,"wi":25.76,"ei":7.03,"as":338.54,"mi":"E","mv":1401,"sc":1,"lpe":98.86,"lpr":14915.87,"lq":1.0,"d":579071},{"pi":"380008","pc":"Ювелирные изделия","ss":100000,"td":"Фешенебельный район","dc":3,"n":622.49,"vc":"110857","sl":"Элитный","sv":"6","p":267900.0,"q":46.77,"b":0.0,"ms":0.14,"wi":32.75,"ei":6.5,"as":299.77,"mi":"E","mv":4279,"sc":1,"lpe":99.86,"lpr":20088.15,"lq":1.0,"d":684835},{"pi":"380008","pc":"Ювелирные изделия","ss":100000,"td":"Фешенебельный район","dc":2,"n":608.79,"vc":"200620","sl":"Элитный","sv":"4","p":67740.0,"q":46.77,"b":0.0,"ms":0.01,"wi":36.51,"ei":11.81,"as":423.34,"mi":"E","mv":30761,"sc":1,"lpe":99.99,"lpr":21608.13,"lq":1.0,"d":4332128},{"pi":"380008","pc":"Ювелирные изделия","ss":100000,"td":"Фешенебельный район","dc":2,"n":557.53,"vc":"97679","sl":"Элитный","sv":"6","p":477100.0,"q":46.77,"b":0.0,"ms":0.03,"wi":56.35,"ei":7.93,"as":544.55,"mi":"E","mv":17392,"sc":1,"lpe":99.97,"lpr":45310.15,"lq":1.0,"d":2116572},{"pi":"380008","pc":"Ювелирные изделия","ss":100000,"td":"Фешенебельный район","dc":2,"n":623.74,"vc":"139231","sl":"Элитный","sv":"6","p":544400.0,"q":46.77,"b":0.0,"ms":0.07,"wi":56.86,"ei":4.0,"as":372.8,"mi":"E","mv":8410,"sc":1,"lpe":99.93,"lpr":40770.95,"lq":1.0,"d":945000},{"pi":"380008","pc":"Ювелирные изделия","ss":100000,"td":"Фешенебельный район","dc":2,"n":622.07,"vc":"166450","sl":"Элитный","sv":"6","p":127600.0,"q":46.77,"b":0.0,"ms":0.04,"wi":24.42,"ei":3.77,"as":178.59,"mi":"E","mv":14245,"sc":1,"lpe":99.96,"lpr":8260.19,"lq":1.0,"d":1648000},{"pi":"380008","pc":"Ювелирные изделия","ss":100000,"td":"Фешенебельный район","dc":1,"n":646.82,"vc":"668721","sl":"Очень высокий","sv":"16","p":222222.0,"q":20.14,"b":0.0,"ms":0.02,"wi":31.78,"ei":10.87,"as":249.98,"mi":"E","mv":95009,"sc":2,"lpe":99.98,"lpr":18321.85,"lq":1.0,"d":13934474},{"pi":"380008","pc":"Ювелирные изделия","ss":100000,"td":"Фешенебельный район","dc":3,"n":501.67,"vc":"110409","sl":"Элитный","sv":"6","p":230900.0,"q":46.77,"b":0.0,"ms":0.01,"wi":31.78,"ei":10.87,"as":249.98,"mi":"E","mv":95009,"sc":2,"lpe":99.98,"lpr":18321.85,"lq":1.0,"d":13934474},{"pi":"380008","pc":"Ювелирные изделия","ss":100000,"td":"Фешенебельный район","dc":2,"n":623.7,"vc":"187022","sl":"Элитный","sv":"6","p":274000.0,"q":46.77,"b":0.0,"ms":0.07,"wi":38.6,"ei":13.88,"as":516.05,"mi":"E","mv":8342,"sc":1,"lpe":99.93,"lpr":25710.6,"lq":1.0,"d":2197796},{"pi":"380008","pc":"Ювелирные изделия","ss":10000,"td":"Центр города","dc":3,"n":398.22,"vc":"14665","sl":"Очень высокий","sv":"30","p":100000.0,"q":16.24,"b":0.0,"ms":1.66,"wi":44.89,"ei":7.37,"as":945.65,"mi":"E","mv":1811,"sc":1,"lpe":98.34,"lpr":67477.46,"lq":1.0,"d":663960},{"pi":"380008","pc":"Ювелирные изделия","ss":100000,"td":"Фешенебельный район","dc":3,"n":512.73,"vc":"47790","sl":"Элитный","sv":"6","p":204100.0,"q":46.77,"b":0.0,"ms":0.07,"wi":31.74,"ei":3.13,"as":231.35,"mi":"E","mv":8554,"sc":1,"lpe":99.93,"lpr":15485.23,"lq":1.0,"d":940000},{"pi":"380008","pc":"Ювелирные изделия","ss":100000,"td":"Фешенебельный район","dc":2,"n":559.51,"vc":"131201","sl":"Элитный","sv":"6","p":224000.0,"q":46.77,"b":0.11,"ms":0.02,"wi":37.12,"ei":8.72,"as":437.31,"mi":"E","mv":35198,"sc":1,"lpe":99.98,"lpr":19057.97,"lq":1.0,"d":4656807},{"pi":"380008","pc":"Ювелирные изделия","ss":100000,"td":"Фешенебельный район","dc":2,"n":636.15,"vc":"134452","sl":"Элитный","sv":"6","p":634300.0,"q":46.77,"b":0.0,"ms":0.12,"wi":46.81,"ei":6.6,"as":569.37,"mi":"E","mv":4902,"sc":1,"lpe":99.88,"lpr":45476.43,"lq":1.0,"d":608062},{"pi":"380008","pc":"Ювелирные изделия","ss":1000,"td":"Центр города","dc":1,"n":353.42,"vc":"2496","sl":"Очень высокий","sv":"100","p":120000.0,"q":7.31,"b":1.45,"ms":3.78,"wi":133.49,"ei":10.37,"as":577.09,"mi":"E","mv":2647,"sc":1,"lpe":96.22,"lpr":58192.89,"lq":1.0,"d":1180995},{"pi":"380008","pc":"Ювелирные изделия","ss":1000,"td":"Фешенебельный район","dc":2,"n":362.53,"vc":"375","sl":"Элитный","sv":"100","p":100000.0,"q":7.31,"b":1.45,"ms":4.22,"wi":119.48,"ei":10.56,"as":647.33,"mi":"E","mv":2369,"sc":1,"lpe":95.78,"lpr":55914.77,"lq":1.0,"d":749064},{"pi":"380008","pc":"Ювелирные изделия","ss":1000,"td":"Центр города","dc":1,"n":322.7,"vc":"2488","sl":"Очень высокий","sv":"416","p":70000.0,"q":7.31,"b":1.45,"ms":8.93,"wi":258.41,"ei":9.91,"as":720.18,"mi":"E","mv":4657,"sc":2,"lpe":90.85,"lpr":97444.08,"lq":5.47,"d":1127008},{"pi":"380008","pc":"Ювелирные изделия","ss":1000,"td":"Фешенебельный район","dc":1,"n":465.82,"vc":"836","sl":"Элитный","sv":"10","p":571300.0,"q":46.77,"b":0.0,"ms":0.21,"wi":258.41,"ei":9.91,"as":720.18,"mi":"E","mv":4657,"sc":2,"lpe":90.85,"lpr":97444.08,"lq":5.47,"d":1127008},{"pi":"380008","pc":"Ювелирные изделия","ss":1000,"td":"Центр города","dc":1,"n":393.43,"vc":"2524","sl":"Очень высокий","sv":"100","p":120000.0,"q":7.31,"b":1.45,"ms":6.56,"wi":84.23,"ei":8.99,"as":617.98,"mi":"E","mv":1525,"sc":1,"lpe":93.44,"lpr":52713.62,"lq":1.0,"d":511712},{"pi":"380008","pc":"Ювелирные изделия","ss":1000,"td":"Центр города","dc":2,"n":463.8,"vc":"2625","sl":"Нормальный","sv":"20","p":70000.0,"q":7.31,"b":1.45,"ms":6.71,"wi":68.12,"ei":5.88,"as":625.47,"mi":"E","mv":298,"sc":1,"lpe":93.29,"lpr":54550.78,"lq":1.0,"d":259802},{"pi":"380008","pc":"Ювелирные изделия","ss":100000,"td":"Фешенебельный район","dc":2,"n":632.54,"vc":"108910","sl":"Элитный","sv":"6","p":404100.0,"q":46.77,"b":0.0,"ms":0.18,"wi":56.43,"ei":4.02,"as":298.46,"mi":"E","mv":3352,"sc":1,"lpe":99.82,"lpr":27749.55,"lq":1.0,"d":367846},{"pi":"380008","pc":"Ювелирные изделия","ss":100000,"td":"Фешенебельный район","dc":2,"n":642.3,"vc":"181759","sl":"Элитный","sv":"4","p":560600.0,"q":46.77,"b":0.0,"ms":0.03,"wi":47.36,"ei":3.86,"as":371.56,"mi":"E","mv":11473,"sc":1,"lpe":99.97,"lpr":38955.0,"lq":1.0,"d":1215470},{"pi":"380008","pc":"Ювелирные изделия","ss":100000,"td":"Фешенебельный район","dc":2,"n":616.88,"vc":"93480","sl":"Элитный","sv":"6","p":413600.0,"q":46.77,"b":0.0,"ms":0.2,"wi":51.88,"ei":6.0,"as":482.97,"mi":"E","mv":3049,"sc":1,"lpe":99.8,"lpr":30057.82,"lq":1.0,"d":365570},{"pi":"380008","pc":"Ювелирные изделия","ss":100000,"td":"Фешенебельный район","dc":2,"n":651.19,"vc":"124763","sl":"Элитный","sv":"6","p":426100.0,"q":46.77,"b":0.0,"ms":0.21,"wi":50.53,"ei":5.07,"as":376.02,"mi":"E","mv":2898,"sc":1,"lpe":99.79,"lpr":28115.83,"lq":1.0,"d":324904},{"pi":"380008","pc":"Ювелирные изделия","ss":100000,"td":"Центр города","dc":3,"n":372.83,"vc":"62614","sl":"Элитный","sv":"13","p":60000.0,"q":7.24,"b":1.45,"ms":0.62,"wi":23.84,"ei":8.12,"as":317.18,"mi":"E","mv":2113,"sc":1,"lpe":99.38,"lpr":8066.26,"lq":1.0,"d":420251}]