[{"pi":"422055","pc":"Продукты питания","ss":10000,"td":"Центр города","dc":1,"n":289.13,"vc":"7770","sl":"Элитный","sv":"450","p":1900.0,"q":6.41,"b":0.92,"ms":2.06,"wi":15.12,"ei":7.61,"as":383.89,"mi":"E","mv":21810,"sc":1,"lpe":97.94,"lpr":1034.81,"lq":1.0,"d":1038449},{"pi":"422055","pc":"Продукты питания","ss":123900,"td":"Спальный район","dc":2,"n":354.86,"vc":"116770","sl":"Элитный","sv":"32287","p":740.0,"q":14.09,"b":1.52,"ms":25.69,"wi":16.35,"ei":7.5,"as":163.44,"mi":"E","mv":125659,"sc":1,"lpe":74.31,"lpr":298.03,"lq":1.09,"d":1866603},{"pi":"422055","pc":"Продукты питания","ss":100000,"td":"Фешенебельный район","dc":1,"n":700.08,"vc":"179915","sl":"Элитный","sv":"1095","p":3215.0,"q":14.86,"b":0.0,"ms":4.6,"wi":55.17,"ei":6.62,"as":770.0,"mi":"E","mv":23816,"sc":1,"lpe":95.4,"lpr":1150.16,"lq":1.0,"d":339038},{"pi":"422055","pc":"Продукты питания","ss":100000,"td":"Центр города","dc":1,"n":519.78,"vc":"805729","sl":"Очень высокий","sv":"10000","p":2200.0,"q":34.48,"b":0.0,"ms":0.72,"wi":20.04,"ei":6.23,"as":189.21,"mi":"E","mv":1383236,"sc":1,"lpe":99.28,"lpr":554.84,"lq":1.0,"d":10970686},{"pi":"422055","pc":"Продукты питания","ss":100000,"td":"Центр города","dc":2,"n":170.12,"vc":"24145","sl":"Элитный","sv":"1640","p":1500.0,"q":16.0,"b":0.0,"ms":0.13,"wi":24.59,"ei":8.05,"as":240.41,"mi":"E","mv":1223001,"sc":1,"lpe":99.87,"lpr":632.76,"lq":1.0,"d":7239150},{"pi":"422055","pc":"Продукты питания","ss":10000,"td":"Центр города","dc":1,"n":214.05,"vc":"3435","sl":"Элитный","sv":"6195","p":600.0,"q":12.39,"b":0.56,"ms":20.93,"wi":10.14,"ei":3.91,"as":173.07,"mi":"E","mv":29592,"sc":1,"lpe":79.07,"lpr":240.79,"lq":1.05,"d":459445},{"pi":"422055","pc":"Продукты питания","ss":100000,"td":"Центр города","dc":1,"n":152.85,"vc":"14706","sl":"Элитный","sv":"4253","p":2000.0,"q":14.54,"b":0.0,"ms":1.24,"wi":31.84,"ei":9.4,"as":361.4,"mi":"E","mv":343762,"sc":1,"lpe":98.76,"lpr":1020.38,"lq":1.0,"d":2821670},{"pi":"422055","pc":"Продукты питания","ss":200000,"td":"Центр города","dc":1,"n":350.25,"vc":"232912","sl":"Элитный","sv":"2000","p":2900.0,"q":22.08,"b":0.0,"ms":0.54,"wi":35.81,"ei":6.77,"as":248.13,"mi":"E","mv":371947,"sc":1,"lpe":99.46,"lpr":751.4,"lq":1.0,"d":2293511},{"pi":"422055","pc":"Продукты питания","ss":100000,"td":"Центр города","dc":2,"n":272.39,"vc":"38275","sl":"Элитный","sv":"68","p":3600.0,"q":8.08,"b":0.0,"ms":0.12,"wi":21.15,"ei":11.48,"as":272.99,"mi":"E","mv":56048,"sc":1,"lpe":99.88,"lpr":1740.06,"lq":1.0,"d":2580177},{"pi":"422055","pc":"Продукты питания","ss":1000,"td":"Фешенебельный район","dc":2,"n":152.7,"vc":"145","sl":"Элитный","sv":"8","p":3500.0,"q":15.07,"b":0.0,"ms":0.01,"wi":22.96,"ei":14.81,"as":273.81,"mi":"E","mv":74918,"sc":1,"lpe":99.99,"lpr":1348.96,"lq":1.0,"d":2553554},{"pi":"422055","pc":"Продукты питания","ss":500,"td":"Центр города","dc":1,"n":402.77,"vc":"2158","sl":"Нормальный","sv":"1701","p":1100.0,"q":11.54,"b":0.6,"ms":1.62,"wi":26.12,"ei":5.63,"as":163.58,"mi":"E","mv":105100,"sc":1,"lpe":98.38,"lpr":788.39,"lq":1.0,"d":948479},{"pi":"422055","pc":"Продукты питания","ss":100000,"td":"Центр города","dc":7,"n":89.86,"vc":"3628","sl":"Элитный","sv":"1","p":1000.0,"q":4.92,"b":0.0,"ms":0.0,"wi":21.94,"ei":8.02,"as":540.24,"mi":"E","mv":24633,"sc":1,"lpe":100.0,"lpr":804.15,"lq":1.0,"d":323335},{"pi":"422055","pc":"Продукты питания","ss":100000,"td":"Центр города","dc":6,"n":100.17,"vc":"3143","sl":"Элитный","sv":"1","p":800.0,"q":4.92,"b":0.0,"ms":0.01,"wi":24.3,"ei":9.11,"as":651.15,"mi":"E","mv":18268,"sc":1,"lpe":99.99,"lpr":909.0,"lq":1.0,"d":151798},{"pi":"422055","pc":"Продукты питания","ss":10000,"td":"Фешенебельный район","dc":1,"n":297.01,"vc":"1139","sl":"Элитный","sv":"50","p":3100.0,"q":6.51,"b":0.0,"ms":0.06,"wi":52.44,"ei":11.56,"as":1499.2,"mi":"E","mv":83210,"sc":1,"lpe":99.94,"lpr":2212.49,"lq":1.0,"d":607176},{"pi":"422055","pc":"Продукты питания","ss":100000,"td":"Окраина","dc":3,"n":96.06,"vc":"2067","sl":"Элитный","sv":"1","p":550.0,"q":4.92,"b":0.0,"ms":0.0,"wi":23.76,"ei":8.4,"as":742.38,"mi":"E","mv":25466,"sc":1,"lpe":100.0,"lpr":548.78,"lq":1.0,"d":212400},{"pi":"422055","pc":"Продукты питания","ss":300000,"td":"Фешенебельный район","dc":1,"n":683.83,"vc":"827513","sl":"Элитный","sv":"46624","p":4256.0,"q":14.86,"b":0.00101407000686342,"ms":13.29,"wi":41.0,"ei":10.98,"as":1160.85,"mi":"E","mv":350805,"sc":1,"lpe":86.71,"lpr":1431.54,"lq":1.24,"d":2838504},{"pi":"422055","pc":"Продукты питания","ss":100500,"td":"Центр города","dc":1,"n":362.42,"vc":"173553","sl":"Элитный","sv":"19000","p":2000.0,"q":13.9,"b":1.23,"ms":5.48,"wi":33.51,"ei":8.27,"as":568.82,"mi":"E","mv":347025,"sc":1,"lpe":94.52,"lpr":1130.96,"lq":1.0,"d":3198452},{"pi":"422055","pc":"Продукты питания","ss":100000,"td":"Центр города","dc":1,"n":227.73,"vc":"50520","sl":"Элитный","sv":"339","p":1500.0,"q":16.05,"b":0.0,"ms":0.03,"wi":22.82,"ei":5.29,"as":396.9,"mi":"E","mv":1323072,"sc":1,"lpe":99.97,"lpr":604.64,"lq":1.0,"d":12257756},{"pi":"422055","pc":"Продукты питания","ss":150000,"td":"Фешенебельный район","dc":1,"n":676.64,"vc":"404710","sl":"Элитный","sv":"6113","p":3689.0,"q":30.13,"b":4.13,"ms":12.1,"wi":53.52,"ei":10.43,"as":1156.77,"mi":"E","mv":50520,"sc":2,"lpe":86.98,"lpr":962.6,"lq":1.3,"d":1264874},{"pi":"422055","pc":"Продукты питания","ss":100000,"td":"Центр города","dc":3,"n":366.3,"vc":"86473","sl":"Элитный","sv":"466","p":2810.0,"q":12.16,"b":0.58,"ms":0.92,"wi":53.52,"ei":10.43,"as":1156.77,"mi":"E","mv":50520,"sc":2,"lpe":86.98,"lpr":962.6,"lq":1.3,"d":1264874},{"pi":"422055","pc":"Продукты питания","ss":10000,"td":"Фешенебельный район","dc":2,"n":239.9,"vc":"1126","sl":"Элитный","sv":"12","p":3700.0,"q":6.7,"b":0.54,"ms":0.01,"wi":53.29,"ei":11.63,"as":1039.25,"mi":"E","mv":199596,"sc":1,"lpe":99.99,"lpr":1901.61,"lq":1.0,"d":1964160},{"pi":"422055","pc":"Продукты питания","ss":100000,"td":"Центр города","dc":2,"n":163.25,"vc":"21619","sl":"Элитный","sv":"40","p":3500.0,"q":17.01,"b":0.0,"ms":0.0,"wi":33.86,"ei":10.15,"as":292.02,"mi":"E","mv":997819,"sc":2,"lpe":100.0,"lpr":1135.56,"lq":1.0,"d":6376122},{"pi":"422055","pc":"Продукты питания","ss":1000,"td":"Центр города","dc":1,"n":67.95,"vc":"1171","sl":"Элитный","sv":"2","p":2000.0,"q":8.61,"b":0.0,"ms":0.0,"wi":33.86,"ei":10.15,"as":292.02,"mi":"E","mv":997819,"sc":2,"lpe":100.0,"lpr":1135.56,"lq":1.0,"d":6376122},{"pi":"422055","pc":"Продукты питания","ss":90000,"td":"Центр города","dc":2,"n":270.43,"vc":"80606","sl":"Элитный","sv":"40000","p":3209.0,"q":13.9,"b":0.23,"ms":7.99,"wi":54.32,"ei":11.9,"as":1548.35,"mi":"E","mv":500334,"sc":2,"lpe":91.95,"lpr":3193.07,"lq":1.0,"d":5522842},{"pi":"422055","pc":"Продукты питания","ss":100000,"td":"Центр города","dc":2,"n":154.5,"vc":"18899","sl":"Элитный","sv":"294","p":6000.0,"q":16.42,"b":0.0,"ms":0.06,"wi":54.32,"ei":11.9,"as":1548.35,"mi":"E","mv":500334,"sc":2,"lpe":91.95,"lpr":3193.07,"lq":1.0,"d":5522842},{"pi":"422055","pc":"Продукты питания","ss":100000,"td":"Центр города","dc":2,"n":155.45,"vc":"36000","sl":"Элитный","sv":"14000","p":2939.0,"q":13.9,"b":0.0,"ms":1.4,"wi":51.68,"ei":9.19,"as":1176.8,"mi":"E","mv":1001747,"sc":3,"lpe":98.56,"lpr":3007.64,"lq":1.0,"d":10648221},{"pi":"422055","pc":"Продукты питания","ss":100000,"td":"Центр города","dc":1,"n":223.91,"vc":"46355","sl":"Элитный","sv":"234","p":4000.0,"q":1.09,"b":0.0,"ms":0.02,"wi":51.68,"ei":9.19,"as":1176.8,"mi":"E","mv":1001747,"sc":3,"lpe":98.56,"lpr":3007.64,"lq":1.0,"d":10648221},{"pi":"422055","pc":"Продукты питания","ss":100000,"td":"Фешенебельный район","dc":2,"n":173.62,"vc":"4287","sl":"Элитный","sv":"183","p":3300.0,"q":7.71,"b":0.54,"ms":0.02,"wi":51.68,"ei":9.19,"as":1176.8,"mi":"E","mv":1001747,"sc":3,"lpe":98.56,"lpr":3007.64,"lq":1.0,"d":10648221},{"pi":"422055","pc":"Продукты питания","ss":300000,"td":"Фешенебельный район","dc":1,"n":687.94,"vc":"656093","sl":"Элитный","sv":"20349","p":2540.0,"q":29.85,"b":0.0,"ms":14.81,"wi":57.59,"ei":9.91,"as":1400.0,"mi":"E","mv":137446,"sc":1,"lpe":85.19,"lpr":973.38,"lq":1.03,"d":1306224},{"pi":"422055","pc":"Продукты питания","ss":200000,"td":"Фешенебельный район","dc":1,"n":511.0,"vc":"53048","sl":"Элитный","sv":"1000","p":2500.0,"q":22.08,"b":0.0,"ms":3.26,"wi":23.93,"ei":7.04,"as":583.35,"mi":"E","mv":30713,"sc":1,"lpe":96.74,"lpr":669.5,"lq":1.0,"d":362147},{"pi":"422055","pc":"Продукты питания","ss":10000,"td":"Центр города","dc":1,"n":466.17,"vc":"27936","sl":"Очень низкий","sv":"3646","p":385.38,"q":11.42,"b":0.0,"ms":23.69,"wi":7.6,"ei":4.59,"as":109.28,"mi":"E","mv":15392,"sc":1,"lpe":76.31,"lpr":141.69,"lq":1.0,"d":889608}]