[{"pi":"1524","pc":"Ювелирные изделия","ss":100000,"td":"Фешенебельный район","dc":1,"n":632.68,"vc":"318264","sl":"Элитный","sv":"6000","p":12000.0,"q":88.97,"b":5.04,"ms":24.32,"wi":43.25,"ei":8.96,"as":259.04,"mi":"E","mv":24672,"sc":1,"lpe":75.68,"lpr":4008.67,"lq":28.67,"d":2463436},{"pi":"1524","pc":"Ювелирные изделия","ss":100000,"td":"Фешенебельный район","dc":1,"n":676.53,"vc":"242122","sl":"Элитный","sv":"300","p":10000.0,"q":88.97,"b":5.04,"ms":13.0,"wi":25.6,"ei":7.71,"as":188.14,"mi":"E","mv":2307,"sc":1,"lpe":87.0,"lpr":3902.02,"lq":40.24,"d":350010},{"pi":"1524","pc":"Ювелирные изделия","ss":10000,"td":"Фешенебельный район","dc":1,"n":674.7,"vc":"25114","sl":"Элитный","sv":"435","p":12000.0,"q":84.65,"b":5.04,"ms":14.3,"wi":28.13,"ei":8.57,"as":218.31,"mi":"E","mv":3042,"sc":1,"lpe":85.7,"lpr":1572.8,"lq":16.06,"d":449800},{"pi":"1524","pc":"Ювелирные изделия","ss":100000,"td":"Фешенебельный район","dc":1,"n":690.06,"vc":"268928","sl":"Элитный","sv":"1484","p":2000.0,"q":88.12,"b":5.04,"ms":43.53,"wi":21.86,"ei":7.84,"as":163.23,"mi":"E","mv":3409,"sc":1,"lpe":56.47,"lpr":199.46,"lq":52.63,"d":338687},{"pi":"1524","pc":"Ювелирные изделия","ss":100000,"td":"Фешенебельный район","dc":1,"n":460.78,"vc":"53738","sl":"Элитный","sv":"685","p":13000.0,"q":115.29,"b":3.92,"ms":1.51,"wi":25.84,"ei":9.8,"as":151.71,"mi":"E","mv":45257,"sc":1,"lpe":98.49,"lpr":3376.09,"lq":1.0,"d":2005002},{"pi":"1524","pc":"Ювелирные изделия","ss":100000,"td":"Фешенебельный район","dc":1,"n":682.51,"vc":"317259","sl":"Элитный","sv":"4223","p":3000.0,"q":88.97,"b":5.04,"ms":46.64,"wi":38.33,"ei":9.07,"as":212.54,"mi":"E","mv":9055,"sc":1,"lpe":53.36,"lpr":329.18,"lq":16.63,"d":620800},{"pi":"1524","pc":"Ювелирные изделия","ss":10000,"td":"Фешенебельный район","dc":1,"n":680.9,"vc":"25668","sl":"Элитный","sv":"200","p":7000.0,"q":88.97,"b":5.04,"ms":6.72,"wi":23.48,"ei":8.4,"as":185.05,"mi":"E","mv":2977,"sc":1,"lpe":93.28,"lpr":4527.0,"lq":1.0,"d":419938},{"pi":"1524","pc":"Ювелирные изделия","ss":100000,"td":"Фешенебельный район","dc":1,"n":680.26,"vc":"449205","sl":"Элитный","sv":"5985","p":9500.0,"q":88.23,"b":0.0,"ms":20.15,"wi":66.51,"ei":8.76,"as":347.78,"mi":"E","mv":29698,"sc":1,"lpe":79.85,"lpr":1429.12,"lq":13.97,"d":1784134},{"pi":"1524","pc":"Ювелирные изделия","ss":100000,"td":"Фешенебельный район","dc":1,"n":686.05,"vc":"197043","sl":"Элитный","sv":"500","p":7500.0,"q":88.97,"b":0.0,"ms":24.05,"wi":29.41,"ei":8.73,"as":368.21,"mi":"E","mv":2079,"sc":1,"lpe":75.95,"lpr":2286.25,"lq":24.03,"d":177578},{"pi":"1524","pc":"Ювелирные изделия","ss":10000,"td":"Центр города","dc":2,"n":268.9,"vc":"5206","sl":"Элитный","sv":"150","p":24999.0,"q":45.71,"b":0.0,"ms":5.16,"wi":62.27,"ei":13.35,"as":674.99,"mi":"E","mv":2906,"sc":1,"lpe":94.84,"lpr":19050.62,"lq":1.0,"d":374441},{"pi":"1524","pc":"Ювелирные изделия","ss":1800,"td":"Центр города","dc":6,"n":313.06,"vc":"4869","sl":"Низкий","sv":"100","p":22300.0,"q":5.0,"b":0.0,"ms":1.57,"wi":88.65,"ei":9.17,"as":926.04,"mi":"E","mv":6373,"sc":1,"lpe":98.43,"lpr":22307.53,"lq":1.0,"d":802320},{"pi":"1524","pc":"Ювелирные изделия","ss":1600,"td":"Центр города","dc":7,"n":156.86,"vc":"2898","sl":"Низкий","sv":"57","p":33900.0,"q":3.0,"b":0.0,"ms":1.22,"wi":112.2,"ei":10.46,"as":1478.26,"mi":"E","mv":4661,"sc":2,"lpe":98.13,"lpr":33925.05,"lq":1.0,"d":1132390},{"pi":"1524","pc":"Ювелирные изделия","ss":300,"td":"Фешенебельный район","dc":3,"n":148.79,"vc":"116","sl":"Очень высокий","sv":"30","p":33900.0,"q":5.0,"b":0.0,"ms":0.64,"wi":112.2,"ei":10.46,"as":1478.26,"mi":"E","mv":4661,"sc":2,"lpe":98.13,"lpr":33925.05,"lq":1.0,"d":1132390},{"pi":"1524","pc":"Ювелирные изделия","ss":100000,"td":"Фешенебельный район","dc":1,"n":680.31,"vc":"335439","sl":"Элитный","sv":"10000","p":1000.0,"q":88.97,"b":0.0,"ms":35.48,"wi":35.22,"ei":11.24,"as":300.08,"mi":"E","mv":28187,"sc":1,"lpe":64.52,"lpr":555.33,"lq":5.77,"d":773410},{"pi":"1524","pc":"Ювелирные изделия","ss":100000,"td":"Фешенебельный район","dc":1,"n":664.92,"vc":"273394","sl":"Элитный","sv":"7000","p":300.0,"q":88.97,"b":0.0,"ms":29.24,"wi":29.71,"ei":10.26,"as":285.0,"mi":"E","mv":23938,"sc":1,"lpe":70.76,"lpr":325.33,"lq":3.46,"d":658046},{"pi":"1524","pc":"Ювелирные изделия","ss":10000,"td":"Фешенебельный район","dc":1,"n":667.89,"vc":"18382","sl":"Элитный","sv":"1000","p":2300.0,"q":88.97,"b":0.0,"ms":38.94,"wi":46.49,"ei":9.42,"as":383.85,"mi":"E","mv":2568,"sc":1,"lpe":61.06,"lpr":8263.32,"lq":62.78,"d":223434},{"pi":"1524","pc":"Ювелирные изделия","ss":10000,"td":"Фешенебельный район","dc":1,"n":679.77,"vc":"19094","sl":"Элитный","sv":"1000","p":3000.0,"q":88.97,"b":0.0,"ms":42.61,"wi":32.64,"ei":8.61,"as":475.98,"mi":"E","mv":2347,"sc":1,"lpe":57.39,"lpr":3805.6,"lq":38.25,"d":352871},{"pi":"1524","pc":"Ювелирные изделия","ss":10000,"td":"Фешенебельный район","dc":1,"n":686.32,"vc":"20144","sl":"Элитный","sv":"1500","p":1700.0,"q":88.97,"b":0.0,"ms":49.64,"wi":32.45,"ei":9.19,"as":353.09,"mi":"E","mv":3022,"sc":1,"lpe":50.36,"lpr":2934.69,"lq":30.39,"d":258999},{"pi":"1524","pc":"Ювелирные изделия","ss":100000,"td":"Фешенебельный район","dc":1,"n":575.76,"vc":"272328","sl":"Элитный","sv":"60978","p":3500.0,"q":88.25,"b":5.04,"ms":45.61,"wi":50.66,"ei":10.64,"as":327.0,"mi":"E","mv":133706,"sc":1,"lpe":54.39,"lpr":681.77,"lq":36.2,"d":7537390},{"pi":"1524","pc":"Ювелирные изделия","ss":100000,"td":"Фешенебельный район","dc":1,"n":640.62,"vc":"331492","sl":"Элитный","sv":"5000","p":9000.0,"q":88.97,"b":5.04,"ms":16.87,"wi":39.13,"ei":9.11,"as":204.86,"mi":"E","mv":29634,"sc":1,"lpe":83.13,"lpr":2999.12,"lq":25.95,"d":2224560},{"pi":"1524","pc":"Ювелирные изделия","ss":1500,"td":"Центр города","dc":6,"n":371.1,"vc":"5733","sl":"Очень низкий","sv":"115","p":18300.0,"q":5.0,"b":0.0,"ms":3.24,"wi":61.68,"ei":8.89,"as":806.78,"mi":"E","mv":3551,"sc":1,"lpe":96.76,"lpr":18423.21,"lq":1.0,"d":659952},{"pi":"1524","pc":"Ювелирные изделия","ss":1000,"td":"Фешенебельный район","dc":1,"n":447.6,"vc":"757","sl":"Элитный","sv":"100","p":45000.0,"q":113.42,"b":4.35,"ms":0.85,"wi":87.77,"ei":6.8,"as":520.0,"mi":"E","mv":11772,"sc":1,"lpe":99.15,"lpr":13339.64,"lq":1.0,"d":916747},{"pi":"1524","pc":"Ювелирные изделия","ss":1000,"td":"Фешенебельный район","dc":1,"n":609.96,"vc":"2736","sl":"Очень высокий","sv":"600","p":10000.0,"q":88.97,"b":0.0,"ms":3.75,"wi":48.01,"ei":12.8,"as":278.36,"mi":"E","mv":16000,"sc":1,"lpe":96.25,"lpr":2916.86,"lq":1.0,"d":825880},{"pi":"1524","pc":"Ювелирные изделия","ss":100000,"td":"Фешенебельный район","dc":2,"n":581.14,"vc":"177898","sl":"Элитный","sv":"5000","p":7000.0,"q":88.97,"b":4.08,"ms":16.85,"wi":41.17,"ei":8.83,"as":225.06,"mi":"E","mv":29671,"sc":1,"lpe":83.15,"lpr":5550.87,"lq":16.85,"d":1925822},{"pi":"1524","pc":"Ювелирные изделия","ss":100000,"td":"Фешенебельный район","dc":1,"n":652.91,"vc":"272126","sl":"Элитный","sv":"6500","p":4000.0,"q":88.97,"b":0.0,"ms":48.89,"wi":133.52,"ei":10.32,"as":1582.16,"mi":"E","mv":13294,"sc":1,"lpe":51.11,"lpr":3108.66,"lq":49.94,"d":903081},{"pi":"1524","pc":"Ювелирные изделия","ss":100000,"td":"Фешенебельный район","dc":1,"n":679.9,"vc":"344976","sl":"Элитный","sv":"2000","p":2500.0,"q":88.97,"b":0.0,"ms":16.16,"wi":119.42,"ei":10.05,"as":1379.85,"mi":"E","mv":12378,"sc":1,"lpe":83.84,"lpr":5164.69,"lq":35.56,"d":847456},{"pi":"1524","pc":"Ювелирные изделия","ss":10000,"td":"Фешенебельный район","dc":1,"n":675.51,"vc":"31314","sl":"Очень высокий","sv":"2000","p":2500.0,"q":88.97,"b":0.0,"ms":42.4,"wi":34.83,"ei":10.34,"as":268.79,"mi":"E","mv":4717,"sc":1,"lpe":57.6,"lpr":6574.83,"lq":62.35,"d":830592},{"pi":"1524","pc":"Ювелирные изделия","ss":10000,"td":"Фешенебельный район","dc":1,"n":630.47,"vc":"23904","sl":"Элитный","sv":"20000","p":4500.0,"q":88.97,"b":0.0,"ms":51.82,"wi":57.16,"ei":8.91,"as":372.4,"mi":"D","mv":38595,"sc":1,"lpe":48.18,"lpr":4027.46,"lq":36.79,"d":3168000},{"pi":"1524","pc":"Ювелирные изделия","ss":100000,"td":"Фешенебельный район","dc":1,"n":687.68,"vc":"144887","sl":"Элитный","sv":"932","p":4000.0,"q":88.42,"b":0.0,"ms":34.72,"wi":24.79,"ei":5.22,"as":302.26,"mi":"E","mv":2684,"sc":2,"lpe":63.41,"lpr":473.51,"lq":32.93,"d":182800},{"pi":"1524","pc":"Ювелирные изделия","ss":10000,"td":"Центр города","dc":2,"n":311.12,"vc":"5535","sl":"Элитный","sv":"50","p":1969.0,"q":45.71,"b":0.0,"ms":1.86,"wi":24.79,"ei":5.22,"as":302.26,"mi":"E","mv":2684,"sc":2,"lpe":63.41,"lpr":473.51,"lq":32.93,"d":182800},{"pi":"1524","pc":"Ювелирные изделия","ss":10000,"td":"Фешенебельный район","dc":1,"n":659.26,"vc":"19381","sl":"Элитный","sv":"5000","p":2000.0,"q":88.97,"b":4.08,"ms":34.77,"wi":31.1,"ei":8.84,"as":209.0,"mi":"E","mv":14380,"sc":1,"lpe":65.23,"lpr":2444.2,"lq":16.81,"d":946841},{"pi":"1524","pc":"Ювелирные изделия","ss":10000,"td":"Центр города","dc":2,"n":289.61,"vc":"5364","sl":"Элитный","sv":"50","p":25999.0,"q":45.71,"b":0.0,"ms":1.95,"wi":43.59,"ei":7.31,"as":476.27,"mi":"E","mv":2568,"sc":1,"lpe":98.05,"lpr":15089.64,"lq":1.0,"d":263256},{"pi":"1524","pc":"Ювелирные изделия","ss":100000,"td":"Фешенебельный район","dc":1,"n":618.46,"vc":"402122","sl":"Элитный","sv":"11023","p":11000.0,"q":88.91,"b":0.0,"ms":15.42,"wi":62.0,"ei":7.93,"as":546.66,"mi":"E","mv":71490,"sc":1,"lpe":84.58,"lpr":3530.79,"lq":11.4,"d":7101416},{"pi":"1524","pc":"Ювелирные изделия","ss":100000,"td":"Центр города","dc":2,"n":345.96,"vc":"52059","sl":"Элитный","sv":"2000","p":10000.0,"q":60.28,"b":2.8,"ms":31.56,"wi":60.54,"ei":6.77,"as":450.24,"mi":"E","mv":6337,"sc":1,"lpe":68.44,"lpr":4428.99,"lq":38.96,"d":518786},{"pi":"1524","pc":"Ювелирные изделия","ss":100000,"td":"Фешенебельный район","dc":1,"n":557.0,"vc":"267015","sl":"Элитный","sv":"60000","p":11000.0,"q":88.97,"b":0.0,"ms":43.86,"wi":89.7,"ei":7.81,"as":615.72,"mi":"E","mv":136811,"sc":1,"lpe":56.14,"lpr":7826.56,"lq":13.04,"d":11929900},{"pi":"1524","pc":"Ювелирные изделия","ss":10000,"td":"Центр города","dc":2,"n":249.21,"vc":"5081","sl":"Элитный","sv":"50","p":12999.0,"q":45.71,"b":0.0,"ms":0.86,"wi":48.51,"ei":15.71,"as":380.15,"mi":"E","mv":5796,"sc":1,"lpe":99.14,"lpr":13562.27,"lq":1.0,"d":545196},{"pi":"1524","pc":"Ювелирные изделия","ss":100000,"td":"Центр города","dc":2,"n":310.18,"vc":"45056","sl":"Элитный","sv":"4000","p":11000.0,"q":60.28,"b":2.8,"ms":35.3,"wi":56.24,"ei":7.07,"as":380.48,"mi":"E","mv":11332,"sc":2,"lpe":64.32,"lpr":4387.45,"lq":33.24,"d":917721},{"pi":"1524","pc":"Ювелирные изделия","ss":10000,"td":"Центр города","dc":2,"n":219.38,"vc":"4940","sl":"Элитный","sv":"43","p":21999.0,"q":45.71,"b":0.0,"ms":0.38,"wi":56.24,"ei":7.07,"as":380.48,"mi":"E","mv":11332,"sc":2,"lpe":64.32,"lpr":4387.45,"lq":33.24,"d":917721},{"pi":"1524","pc":"Ювелирные изделия","ss":10000,"td":"Центр города","dc":2,"n":255.1,"vc":"5116","sl":"Элитный","sv":"50","p":20999.0,"q":45.71,"b":0.0,"ms":0.81,"wi":53.32,"ei":6.45,"as":372.85,"mi":"E","mv":6172,"sc":1,"lpe":99.19,"lpr":11348.5,"lq":1.0,"d":476878},{"pi":"1524","pc":"Ювелирные изделия","ss":100000,"td":"Фешенебельный район","dc":1,"n":678.9,"vc":"521024","sl":"Очень высокий","sv":"3245","p":10000.0,"q":88.8,"b":0.0,"ms":12.65,"wi":51.31,"ei":5.72,"as":403.15,"mi":"E","mv":25643,"sc":1,"lpe":87.35,"lpr":1354.92,"lq":13.64,"d":2828856},{"pi":"1524","pc":"Ювелирные изделия","ss":100000,"td":"Центр города","dc":1,"n":453.73,"vc":"219943","sl":"Очень высокий","sv":"625","p":130000.0,"q":105.61,"b":4.13,"ms":4.81,"wi":184.96,"ei":10.06,"as":1520.68,"mi":"E","mv":12983,"sc":1,"lpe":95.19,"lpr":20762.22,"lq":1.0,"d":1648846},{"pi":"1524","pc":"Ювелирные изделия","ss":100000,"td":"Фешенебельный район","dc":1,"n":679.18,"vc":"302415","sl":"Элитный","sv":"7334","p":700.0,"q":88.97,"b":4.0,"ms":34.59,"wi":37.15,"ei":12.5,"as":308.74,"mi":"E","mv":21205,"sc":1,"lpe":65.41,"lpr":746.97,"lq":17.17,"d":593300},{"pi":"1524","pc":"Ювелирные изделия","ss":100000,"td":"Фешенебельный район","dc":1,"n":681.96,"vc":"339174","sl":"Элитный","sv":"4000","p":3000.0,"q":88.97,"b":4.0,"ms":39.53,"wi":45.2,"ei":10.88,"as":313.5,"mi":"E","mv":10118,"sc":1,"lpe":60.47,"lpr":4596.43,"lq":16.68,"d":762894},{"pi":"1524","pc":"Ювелирные изделия","ss":100000,"td":"Фешенебельный район","dc":1,"n":669.88,"vc":"269604","sl":"Элитный","sv":"9600","p":300.0,"q":88.23,"b":4.0,"ms":50.74,"wi":24.92,"ei":10.9,"as":231.49,"mi":"D","mv":18919,"sc":1,"lpe":49.26,"lpr":43.77,"lq":50.01,"d":551726},{"pi":"1524","pc":"Ювелирные изделия","ss":10000,"td":"Центр города","dc":1,"n":316.17,"vc":"10301","sl":"Элитный","sv":"375","p":12500.0,"q":40.12,"b":0.0,"ms":3.12,"wi":17.71,"ei":7.81,"as":93.95,"mi":"E","mv":12007,"sc":1,"lpe":96.88,"lpr":2134.41,"lq":1.0,"d":969146},{"pi":"1524","pc":"Ювелирные изделия","ss":1000,"td":"Фешенебельный район","dc":1,"n":423.09,"vc":"1059","sl":"Элитный","sv":"1000","p":22500.0,"q":88.97,"b":0.0,"ms":4.53,"wi":61.96,"ei":12.15,"as":320.53,"mi":"E","mv":22051,"sc":1,"lpe":95.47,"lpr":6031.54,"lq":1.0,"d":1114046},{"pi":"1524","pc":"Ювелирные изделия","ss":100000,"td":"Фешенебельный район","dc":1,"n":603.62,"vc":"372964","sl":"Элитный","sv":"20000","p":5500.0,"q":88.97,"b":0.0,"ms":24.64,"wi":29.73,"ei":5.12,"as":183.24,"mi":"E","mv":81164,"sc":1,"lpe":75.36,"lpr":2394.05,"lq":17.27,"d":8609120},{"pi":"1524","pc":"Ювелирные изделия","ss":100000,"td":"Фешенебельный район","dc":1,"n":629.08,"vc":"293154","sl":"Элитный","sv":"15000","p":3000.0,"q":88.97,"b":0.0,"ms":19.76,"wi":154.18,"ei":9.34,"as":2208.0,"mi":"E","mv":75913,"sc":1,"lpe":80.24,"lpr":3237.23,"lq":33.76,"d":2149998},{"pi":"1524","pc":"Ювелирные изделия","ss":100000,"td":"Фешенебельный район","dc":1,"n":656.48,"vc":"359682","sl":"Элитный","sv":"5000","p":10000.0,"q":88.97,"b":4.0,"ms":27.13,"wi":40.58,"ei":15.09,"as":98.24,"mi":"E","mv":18432,"sc":1,"lpe":72.87,"lpr":3774.8,"lq":28.11,"d":2452439},{"pi":"1524","pc":"Ювелирные изделия","ss":100,"td":"Окраина","dc":10,"n":68.69,"vc":"141","sl":"Очень низкий","sv":"1","p":500.0,"q":7.08,"b":0.0,"ms":0.0,"wi":15.97,"ei":4.53,"as":106.12,"mi":"E","mv":109964,"sc":1,"lpe":100.0,"lpr":837.91,"lq":1.0,"d":3754938},{"pi":"1524","pc":"Ювелирные изделия","ss":100000,"td":"Фешенебельный район","dc":1,"n":539.49,"vc":"223677","sl":"Элитный","sv":"10000","p":40000.0,"q":88.97,"b":0.0,"ms":10.59,"wi":166.72,"ei":9.88,"as":2625.25,"mi":"E","mv":94440,"sc":2,"lpe":87.99,"lpr":33350.15,"lq":30.3,"d":11635600},{"pi":"1524","pc":"Ювелирные изделия","ss":130000,"td":"Центр города","dc":10,"n":230.08,"vc":"89642","sl":"Очень высокий","sv":"1340","p":45000.87,"q":40.14,"b":0.0,"ms":1.42,"wi":166.72,"ei":9.88,"as":2625.25,"mi":"E","mv":94440,"sc":2,"lpe":87.99,"lpr":33350.15,"lq":30.3,"d":11635600},{"pi":"1524","pc":"Ювелирные изделия","ss":10000,"td":"Фешенебельный район","dc":1,"n":668.77,"vc":"47038","sl":"Очень высокий","sv":"6286","p":11000.0,"q":88.37,"b":0.0,"ms":22.6,"wi":62.14,"ei":7.68,"as":426.52,"mi":"E","mv":27811,"sc":1,"lpe":77.4,"lpr":2954.38,"lq":17.61,"d":3062821},{"pi":"1524","pc":"Ювелирные изделия","ss":100000,"td":"Фешенебельный район","dc":1,"n":485.13,"vc":"130047","sl":"Элитный","sv":"199000","p":2000.0,"q":88.97,"b":4.0,"ms":93.18,"wi":48.27,"ei":9.23,"as":380.0,"mi":"D","mv":213566,"sc":1,"lpe":0.0,"lpr":719.18,"lq":27.57,"d":11000140},{"pi":"1524","pc":"Ювелирные изделия","ss":100000,"td":"Фешенебельный район","dc":1,"n":658.45,"vc":"434480","sl":"Элитный","sv":"25000","p":7000.0,"q":88.97,"b":5.88,"ms":42.13,"wi":60.31,"ei":7.67,"as":446.7,"mi":"E","mv":59338,"sc":1,"lpe":57.87,"lpr":3228.17,"lq":33.75,"d":2952988},{"pi":"1524","pc":"Ювелирные изделия","ss":100000,"td":"Центр города","dc":5,"n":225.11,"vc":"33428","sl":"Элитный","sv":"9000","p":5000.0,"q":60.28,"b":3.36,"ms":13.44,"wi":43.74,"ei":9.29,"as":248.71,"mi":"E","mv":66958,"sc":1,"lpe":86.56,"lpr":3306.66,"lq":34.43,"d":4048917},{"pi":"1524","pc":"Ювелирные изделия","ss":10000,"td":"Центр города","dc":1,"n":449.88,"vc":"40264","sl":"Очень высокий","sv":"50","p":25000.0,"q":113.42,"b":4.37,"ms":0.43,"wi":35.62,"ei":11.99,"as":261.73,"mi":"E","mv":11601,"sc":1,"lpe":99.57,"lpr":4221.03,"lq":1.0,"d":886846},{"pi":"1524","pc":"Ювелирные изделия","ss":100000,"td":"Фешенебельный район","dc":1,"n":681.41,"vc":"412246","sl":"Элитный","sv":"3405","p":17000.0,"q":88.14,"b":0.0,"ms":20.78,"wi":109.66,"ei":9.0,"as":663.67,"mi":"E","mv":16386,"sc":1,"lpe":79.22,"lpr":3038.4,"lq":16.66,"d":1352330},{"pi":"1524","pc":"Ювелирные изделия","ss":100000,"td":"Центр города","dc":5,"n":267.38,"vc":"38398","sl":"Элитный","sv":"2100","p":12000.0,"q":60.28,"b":3.51,"ms":11.18,"wi":67.13,"ei":8.56,"as":483.67,"mi":"E","mv":18791,"sc":1,"lpe":88.82,"lpr":11668.23,"lq":32.61,"d":1883126},{"pi":"1524","pc":"Ювелирные изделия","ss":10000,"td":"Центр города","dc":2,"n":339.77,"vc":"10211","sl":"Элитный","sv":"1000","p":7000.0,"q":60.28,"b":3.51,"ms":16.1,"wi":59.67,"ei":7.81,"as":544.37,"mi":"E","mv":6213,"sc":1,"lpe":83.9,"lpr":9172.27,"lq":32.95,"d":573980},{"pi":"1524","pc":"Ювелирные изделия","ss":100000,"td":"Центр города","dc":1,"n":482.01,"vc":"408083","sl":"Очень высокий","sv":"3512","p":42000.0,"q":112.37,"b":4.25,"ms":6.13,"wi":57.37,"ei":10.06,"as":176.05,"mi":"E","mv":57257,"sc":1,"lpe":93.87,"lpr":5502.85,"lq":1.0,"d":4433298},{"pi":"1524","pc":"Ювелирные изделия","ss":100000,"td":"Центр города","dc":1,"n":429.68,"vc":"267466","sl":"Очень высокий","sv":"3000","p":50000.0,"q":113.42,"b":4.25,"ms":4.15,"wi":65.33,"ei":8.99,"as":361.0,"mi":"E","mv":72343,"sc":1,"lpe":95.85,"lpr":9139.25,"lq":1.0,"d":5583100},{"pi":"1524","pc":"Ювелирные изделия","ss":10000,"td":"Центр города","dc":2,"n":334.65,"vc":"10117","sl":"Элитный","sv":"510","p":5000.0,"q":60.28,"b":3.51,"ms":9.14,"wi":38.17,"ei":6.88,"as":313.1,"mi":"E","mv":5577,"sc":1,"lpe":90.86,"lpr":6214.53,"lq":1.0,"d":622911},{"pi":"1524","pc":"Ювелирные изделия","ss":10000,"td":"Фешенебельный район","dc":1,"n":650.96,"vc":"18120","sl":"Элитный","sv":"1152","p":3000.0,"q":87.99,"b":5.09,"ms":45.3,"wi":29.66,"ei":7.86,"as":403.0,"mi":"E","mv":2543,"sc":1,"lpe":54.7,"lpr":370.72,"lq":31.69,"d":520217},{"pi":"1524","pc":"Ювелирные изделия","ss":300000,"td":"Фешенебельный район","dc":9,"n":497.37,"vc":"140384","sl":"Элитный","sv":"114","p":29979.29,"q":57.16,"b":0.0,"ms":0.16,"wi":171.48,"ei":10.04,"as":2283.46,"mi":"E","mv":71223,"sc":1,"lpe":99.84,"lpr":7254.43,"lq":1.0,"d":2986744},{"pi":"1524","pc":"Ювелирные изделия","ss":300000,"td":"Фешенебельный район","dc":10,"n":536.81,"vc":"181132","sl":"Очень высокий","sv":"97","p":45028.51,"q":56.73,"b":0.0,"ms":0.33,"wi":125.88,"ei":10.29,"as":1744.48,"mi":"E","mv":29577,"sc":1,"lpe":99.67,"lpr":8518.08,"lq":1.0,"d":2094907},{"pi":"1524","pc":"Ювелирные изделия","ss":100000,"td":"Фешенебельный район","dc":2,"n":659.63,"vc":"227902","sl":"Очень высокий","sv":"200","p":3200.0,"q":88.97,"b":0.0,"ms":15.08,"wi":8.09,"ei":8.18,"as":81.65,"mi":"E","mv":1326,"sc":1,"lpe":84.92,"lpr":783.63,"lq":8.17,"d":452392},{"pi":"1524","pc":"Ювелирные изделия","ss":10000,"td":"Фешенебельный район","dc":1,"n":680.48,"vc":"19185","sl":"Элитный","sv":"500","p":4000.0,"q":88.97,"b":5.09,"ms":18.93,"wi":29.91,"ei":6.71,"as":368.36,"mi":"E","mv":2642,"sc":1,"lpe":81.07,"lpr":2044.09,"lq":20.7,"d":209430},{"pi":"1524","pc":"Ювелирные изделия","ss":10000,"td":"Центр города","dc":2,"n":441.22,"vc":"12717","sl":"Элитный","sv":"300","p":4400.0,"q":60.28,"b":3.51,"ms":19.48,"wi":30.74,"ei":6.23,"as":371.23,"mi":"E","mv":1540,"sc":1,"lpe":80.52,"lpr":4912.02,"lq":33.51,"d":125991},{"pi":"1524","pc":"Ювелирные изделия","ss":100000,"td":"Фешенебельный район","dc":1,"n":669.94,"vc":"302541","sl":"Элитный","sv":"4036","p":4000.0,"q":86.86,"b":4.34,"ms":20.64,"wi":41.15,"ei":10.19,"as":294.5,"mi":"E","mv":19557,"sc":1,"lpe":79.36,"lpr":491.05,"lq":8.95,"d":765700},{"pi":"1524","pc":"Ювелирные изделия","ss":100,"td":"Фешенебельный район","dc":1,"n":162.4,"vc":"22","sl":"Очень высокий","sv":"8","p":7500.0,"q":3.0,"b":0.0,"ms":0.07,"wi":38.12,"ei":9.89,"as":297.83,"mi":"E","mv":11476,"sc":1,"lpe":99.93,"lpr":7433.84,"lq":1.0,"d":1236300},{"pi":"1524","pc":"Ювелирные изделия","ss":100000,"td":"Фешенебельный район","dc":1,"n":655.78,"vc":"263800","sl":"Элитный","sv":"1500","p":5000.0,"q":88.97,"b":0.0,"ms":5.61,"wi":62.3,"ei":8.39,"as":427.4,"mi":"E","mv":26725,"sc":1,"lpe":94.39,"lpr":4671.37,"lq":1.0,"d":763752},{"pi":"1524","pc":"Ювелирные изделия","ss":100000,"td":"Фешенебельный район","dc":1,"n":664.96,"vc":"269679","sl":"Элитный","sv":"1000","p":10000.0,"q":88.97,"b":0.0,"ms":10.56,"wi":66.62,"ei":7.95,"as":493.05,"mi":"E","mv":9466,"sc":1,"lpe":89.44,"lpr":11331.54,"lq":62.5,"d":632057},{"pi":"1524","pc":"Ювелирные изделия","ss":10000,"td":"Центр города","dc":1,"n":470.62,"vc":"29480","sl":"Очень высокий","sv":"250","p":89900.0,"q":40.12,"b":0.0,"ms":2.78,"wi":59.42,"ei":8.65,"as":472.08,"mi":"E","mv":9007,"sc":1,"lpe":97.22,"lpr":13483.39,"lq":1.0,"d":747777},{"pi":"1524","pc":"Ювелирные изделия","ss":100000,"td":"Фешенебельный район","dc":2,"n":676.56,"vc":"183100","sl":"Элитный","sv":"500","p":2000.0,"q":88.97,"b":0.0,"ms":26.12,"wi":38.42,"ei":8.23,"as":427.39,"mi":"E","mv":1914,"sc":1,"lpe":73.88,"lpr":2326.0,"lq":24.11,"d":168951},{"pi":"1524","pc":"Ювелирные изделия","ss":100000,"td":"Центр города","dc":4,"n":330.03,"vc":"48765","sl":"Элитный","sv":"100","p":13000.0,"q":60.28,"b":4.57,"ms":1.03,"wi":84.39,"ei":9.0,"as":559.14,"mi":"E","mv":9711,"sc":1,"lpe":98.97,"lpr":13218.96,"lq":1.0,"d":666717},{"pi":"1524","pc":"Ювелирные изделия","ss":10000,"td":"Центр города","dc":3,"n":306.17,"vc":"9600","sl":"Элитный","sv":"4100","p":4000.0,"q":60.28,"b":4.57,"ms":11.51,"wi":69.95,"ei":8.74,"as":537.58,"mi":"E","mv":35606,"sc":1,"lpe":88.49,"lpr":4317.98,"lq":31.61,"d":978886},{"pi":"1524","pc":"Ювелирные изделия","ss":10000,"td":"Центр города","dc":1,"n":213.66,"vc":"4856","sl":"Элитный","sv":"390","p":17400.0,"q":40.12,"b":0.0,"ms":1.42,"wi":81.87,"ei":13.22,"as":341.21,"mi":"E","mv":27455,"sc":2,"lpe":98.22,"lpr":8068.21,"lq":1.0,"d":986148},{"pi":"1524","pc":"Ювелирные изделия","ss":100000,"td":"Центр города","dc":3,"n":305.84,"vc":"44318","sl":"Элитный","sv":"100","p":8000.0,"q":60.28,"b":4.57,"ms":0.36,"wi":81.87,"ei":13.22,"as":341.21,"mi":"E","mv":27455,"sc":2,"lpe":98.22,"lpr":8068.21,"lq":1.0,"d":986148},{"pi":"1524","pc":"Ювелирные изделия","ss":100000,"td":"Фешенебельный район","dc":1,"n":673.95,"vc":"441674","sl":"Элитный","sv":"30000","p":7000.0,"q":88.97,"b":0.0,"ms":43.07,"wi":87.03,"ei":9.63,"as":463.94,"mi":"E","mv":69649,"sc":1,"lpe":56.93,"lpr":2745.82,"lq":16.8,"d":2021694},{"pi":"1524","pc":"Ювелирные изделия","ss":100000,"td":"Центр города","dc":1,"n":434.64,"vc":"167050","sl":"Элитный","sv":"2400","p":10320.0,"q":40.13,"b":1.19,"ms":5.26,"wi":62.59,"ei":7.65,"as":519.76,"mi":"E","mv":45631,"sc":1,"lpe":94.74,"lpr":4730.31,"lq":1.0,"d":1269608},{"pi":"1524","pc":"Ювелирные изделия","ss":100000,"td":"Фешенебельный район","dc":1,"n":650.26,"vc":"244208","sl":"Элитный","sv":"7200","p":4500.0,"q":88.97,"b":0.0,"ms":49.77,"wi":57.75,"ei":13.23,"as":229.8,"mi":"E","mv":14467,"sc":1,"lpe":50.23,"lpr":3092.19,"lq":32.33,"d":1249711},{"pi":"1524","pc":"Ювелирные изделия","ss":1000,"td":"Фешенебельный район","dc":1,"n":484.6,"vc":"1226","sl":"Элитный","sv":"1000","p":2000.0,"q":88.97,"b":0.0,"ms":6.84,"wi":54.47,"ei":12.32,"as":330.1,"mi":"E","mv":14610,"sc":1,"lpe":93.16,"lpr":5389.88,"lq":1.0,"d":627060},{"pi":"1524","pc":"Ювелирные изделия","ss":10000,"td":"Фешенебельный район","dc":1,"n":323.43,"vc":"1370","sl":"Элитный","sv":"17","p":10000.0,"q":34.28,"b":2.11,"ms":0.12,"wi":38.53,"ei":11.77,"as":195.48,"mi":"E","mv":14311,"sc":1,"lpe":99.88,"lpr":4477.16,"lq":1.0,"d":589980},{"pi":"1524","pc":"Ювелирные изделия","ss":100000,"td":"Центр города","dc":1,"n":490.42,"vc":"257756","sl":"Элитный","sv":"400","p":30000.0,"q":116.34,"b":0.0,"ms":4.24,"wi":85.73,"ei":9.58,"as":1016.36,"mi":"E","mv":9444,"sc":1,"lpe":95.76,"lpr":10170.4,"lq":1.0,"d":1011575},{"pi":"1524","pc":"Ювелирные изделия","ss":100000,"td":"Фешенебельный район","dc":1,"n":691.0,"vc":"133244","sl":"Элитный","sv":"1100","p":3000.0,"q":88.97,"b":0.0,"ms":38.64,"wi":34.18,"ei":9.16,"as":412.47,"mi":"E","mv":2847,"sc":2,"lpe":59.61,"lpr":3066.39,"lq":16.26,"d":131326},{"pi":"1524","pc":"Ювелирные изделия","ss":10000,"td":"Центр города","dc":2,"n":332.3,"vc":"5766","sl":"Элитный","sv":"50","p":2199.0,"q":45.71,"b":0.0,"ms":1.76,"wi":34.18,"ei":9.16,"as":412.47,"mi":"E","mv":2847,"sc":2,"lpe":59.61,"lpr":3066.39,"lq":16.26,"d":131326},{"pi":"1524","pc":"Ювелирные изделия","ss":100000,"td":"Фешенебельный район","dc":1,"n":620.55,"vc":"323470","sl":"Элитный","sv":"11000","p":4000.0,"q":88.97,"b":0.0,"ms":24.95,"wi":47.73,"ei":6.08,"as":289.96,"mi":"E","mv":44097,"sc":1,"lpe":75.05,"lpr":4084.57,"lq":35.02,"d":3600000},{"pi":"1524","pc":"Ювелирные изделия","ss":10000,"td":"Фешенебельный район","dc":1,"n":639.16,"vc":"30752","sl":"Очень высокий","sv":"12500","p":4500.0,"q":88.97,"b":0.0,"ms":21.82,"wi":41.13,"ei":3.97,"as":235.11,"mi":"E","mv":57279,"sc":1,"lpe":78.18,"lpr":1136.24,"lq":11.98,"d":1700000},{"pi":"1524","pc":"Ювелирные изделия","ss":10000,"td":"Фешенебельный район","dc":1,"n":620.15,"vc":"25328","sl":"Элитный","sv":"3000","p":900.0,"q":88.97,"b":0.0,"ms":22.86,"wi":15.13,"ei":7.39,"as":79.72,"mi":"E","mv":13126,"sc":1,"lpe":77.14,"lpr":1946.84,"lq":20.36,"d":1459242},{"pi":"1524","pc":"Ювелирные изделия","ss":300000,"td":"Фешенебельный район","dc":9,"n":477.82,"vc":"136343","sl":"Элитный","sv":"28","p":36361.98,"q":56.66,"b":0.0,"ms":0.05,"wi":51.27,"ei":6.64,"as":370.86,"mi":"E","mv":60654,"sc":1,"lpe":99.95,"lpr":5910.04,"lq":1.0,"d":4700000},{"pi":"1524","pc":"Ювелирные изделия","ss":100000,"td":"Фешенебельный район","dc":1,"n":627.76,"vc":"348178","sl":"Элитный","sv":"5012","p":50000.0,"q":88.06,"b":0.0,"ms":17.56,"wi":187.03,"ei":10.4,"as":1951.81,"mi":"E","mv":28548,"sc":1,"lpe":82.44,"lpr":10115.42,"lq":17.04,"d":3644912},{"pi":"1524","pc":"Ювелирные изделия","ss":100000,"td":"Фешенебельный район","dc":1,"n":665.59,"vc":"480534","sl":"Очень высокий","sv":"7000","p":11000.0,"q":88.97,"b":0.0,"ms":20.46,"wi":67.25,"ei":7.32,"as":515.94,"mi":"E","mv":34218,"sc":1,"lpe":79.54,"lpr":11616.36,"lq":17.03,"d":3236177},{"pi":"1524","pc":"Ювелирные изделия","ss":100000,"td":"Центр города","dc":1,"n":487.14,"vc":"213514","sl":"Элитный","sv":"1300","p":14300.0,"q":40.13,"b":0.0,"ms":13.99,"wi":63.23,"ei":7.28,"as":458.84,"mi":"E","mv":9291,"sc":2,"lpe":85.25,"lpr":5430.68,"lq":12.01,"d":605030},{"pi":"1524","pc":"Ювелирные изделия","ss":10000,"td":"Центр города","dc":1,"n":0.0,"vc":"1264","sl":"Элитный","sv":"70","p":25958.03,"q":40.14,"b":0.0,"ms":0.75,"wi":63.23,"ei":7.28,"as":458.84,"mi":"E","mv":9291,"sc":2,"lpe":85.25,"lpr":5430.68,"lq":12.01,"d":605030},{"pi":"1524","pc":"Ювелирные изделия","ss":100000,"td":"Центр города","dc":4,"n":380.48,"vc":"60301","sl":"Элитный","sv":"1100","p":14000.0,"q":60.28,"b":4.57,"ms":10.75,"wi":89.13,"ei":9.82,"as":631.89,"mi":"E","mv":10232,"sc":1,"lpe":89.25,"lpr":8497.1,"lq":31.79,"d":305851},{"pi":"1524","pc":"Ювелирные изделия","ss":10000,"td":"Центр города","dc":1,"n":455.57,"vc":"58742","sl":"Высокий","sv":"385","p":32000.0,"q":116.75,"b":3.72,"ms":1.33,"wi":50.78,"ei":10.72,"as":342.0,"mi":"E","mv":28928,"sc":1,"lpe":98.67,"lpr":8500.0,"lq":1.0,"d":2313300},{"pi":"1524","pc":"Ювелирные изделия","ss":100000,"td":"Фешенебельный район","dc":1,"n":627.85,"vc":"455568","sl":"Очень высокий","sv":"20000","p":7000.0,"q":88.97,"b":5.09,"ms":23.16,"wi":67.81,"ei":5.0,"as":684.87,"mi":"E","mv":86366,"sc":1,"lpe":76.84,"lpr":1957.98,"lq":20.36,"d":7837160},{"pi":"1524","pc":"Ювелирные изделия","ss":10000,"td":"Центр города","dc":1,"n":335.54,"vc":"10132","sl":"Элитный","sv":"1000","p":10000.0,"q":60.28,"b":3.24,"ms":20.4,"wi":53.05,"ei":7.94,"as":430.69,"mi":"E","mv":4901,"sc":1,"lpe":79.6,"lpr":2502.26,"lq":25.94,"d":613916},{"pi":"1524","pc":"Ювелирные изделия","ss":100000,"td":"Фешенебельный район","dc":1,"n":678.7,"vc":"356157","sl":"Элитный","sv":"4961","p":12000.0,"q":88.09,"b":0.0,"ms":47.5,"wi":182.17,"ei":9.94,"as":1758.03,"mi":"E","mv":10445,"sc":1,"lpe":52.5,"lpr":1714.6,"lq":33.79,"d":959467},{"pi":"1524","pc":"Ювелирные изделия","ss":100000,"td":"Центр города","dc":1,"n":502.3,"vc":"638298","sl":"Очень высокий","sv":"3000","p":10000.0,"q":113.42,"b":4.15,"ms":1.64,"wi":27.62,"ei":6.85,"as":110.71,"mi":"E","mv":183240,"sc":1,"lpe":98.36,"lpr":2910.35,"lq":1.0,"d":9113688},{"pi":"1524","pc":"Ювелирные изделия","ss":100000,"td":"Фешенебельный район","dc":1,"n":484.99,"vc":"64034","sl":"Элитный","sv":"6500","p":8000.0,"q":113.42,"b":4.15,"ms":5.89,"wi":24.25,"ei":10.6,"as":108.15,"mi":"E","mv":110436,"sc":1,"lpe":94.11,"lpr":2653.19,"lq":1.0,"d":4645810},{"pi":"1524","pc":"Ювелирные изделия","ss":100000,"td":"Фешенебельный район","dc":1,"n":503.34,"vc":"141880","sl":"Элитный","sv":"65000","p":4000.0,"q":88.97,"b":4.82,"ms":40.4,"wi":77.84,"ei":9.4,"as":711.83,"mi":"E","mv":160907,"sc":1,"lpe":59.6,"lpr":6063.81,"lq":50.3,"d":8555500},{"pi":"1524","pc":"Ювелирные изделия","ss":100000,"td":"Фешенебельный район","dc":1,"n":664.67,"vc":"375216","sl":"Элитный","sv":"26052","p":2000.0,"q":88.6,"b":4.82,"ms":54.06,"wi":81.08,"ei":10.28,"as":520.63,"mi":"D","mv":48190,"sc":1,"lpe":45.94,"lpr":473.43,"lq":25.55,"d":1637234},{"pi":"1524","pc":"Ювелирные изделия","ss":100000,"td":"Фешенебельный район","dc":1,"n":684.41,"vc":"288628","sl":"Элитный","sv":"2486","p":4000.0,"q":88.41,"b":5.04,"ms":41.84,"wi":41.2,"ei":8.39,"as":244.7,"mi":"E","mv":5942,"sc":1,"lpe":58.16,"lpr":410.22,"lq":20.0,"d":449754},{"pi":"1524","pc":"Ювелирные изделия","ss":100000,"td":"Фешенебельный район","dc":1,"n":647.14,"vc":"191103","sl":"Элитный","sv":"17521","p":2000.0,"q":88.67,"b":0.0,"ms":41.69,"wi":116.79,"ei":9.79,"as":1808.05,"mi":"E","mv":42027,"sc":1,"lpe":58.31,"lpr":338.29,"lq":30.76,"d":1228032},{"pi":"1524","pc":"Ювелирные изделия","ss":100000,"td":"Фешенебельный район","dc":1,"n":677.96,"vc":"433599","sl":"Элитный","sv":"8131","p":7000.0,"q":88.18,"b":0.0,"ms":55.83,"wi":124.59,"ei":9.54,"as":1713.73,"mi":"D","mv":14565,"sc":1,"lpe":44.17,"lpr":899.83,"lq":19.44,"d":1717617},{"pi":"1524","pc":"Ювелирные изделия","ss":100000,"td":"Фешенебельный район","dc":1,"n":684.12,"vc":"443182","sl":"Элитный","sv":"30000","p":500.0,"q":88.97,"b":5.88,"ms":49.51,"wi":51.84,"ei":8.95,"as":408.41,"mi":"E","mv":60590,"sc":1,"lpe":50.49,"lpr":584.41,"lq":7.28,"d":1543768},{"pi":"1524","pc":"Ювелирные изделия","ss":100000,"td":"Фешенебельный район","dc":1,"n":527.88,"vc":"146342","sl":"Элитный","sv":"37926","p":9000.0,"q":88.97,"b":0.0,"ms":51.87,"wi":174.28,"ei":10.49,"as":2111.62,"mi":"D","mv":73113,"sc":1,"lpe":48.13,"lpr":1619.19,"lq":39.82,"d":4762572},{"pi":"1524","pc":"Ювелирные изделия","ss":10000,"td":"Фешенебельный район","dc":1,"n":668.18,"vc":"26096","sl":"Элитный","sv":"2000","p":4000.0,"q":88.97,"b":0.0,"ms":11.24,"wi":51.63,"ei":9.78,"as":374.74,"mi":"E","mv":17798,"sc":1,"lpe":88.76,"lpr":3853.22,"lq":40.03,"d":575941},{"pi":"1524","pc":"Ювелирные изделия","ss":100000,"td":"Центр города","dc":1,"n":423.55,"vc":"526330","sl":"Очень высокий","sv":"17017","p":7500.0,"q":121.22,"b":0.0,"ms":8.61,"wi":35.98,"ei":8.28,"as":251.65,"mi":"E","mv":197530,"sc":2,"lpe":90.63,"lpr":6623.13,"lq":1.0,"d":14352508},{"pi":"1524","pc":"Ювелирные изделия","ss":100000,"td":"Центр города","dc":1,"n":170.72,"vc":"30858","sl":"Элитный","sv":"1500","p":6780.0,"q":40.13,"b":0.0,"ms":0.76,"wi":35.98,"ei":8.28,"as":251.65,"mi":"E","mv":197530,"sc":2,"lpe":90.63,"lpr":6623.13,"lq":1.0,"d":14352508},{"pi":"1524","pc":"Ювелирные изделия","ss":1500,"td":"Центр города","dc":6,"n":125.92,"vc":"1569","sl":"Нормальный","sv":"70","p":21100.0,"q":40.13,"b":0.0,"ms":0.8,"wi":151.97,"ei":10.65,"as":2047.83,"mi":"E","mv":8706,"sc":1,"lpe":99.2,"lpr":21143.84,"lq":1.0,"d":1034298},{"pi":"1524","pc":"Ювелирные изделия","ss":1500,"td":"Центр города","dc":6,"n":126.0,"vc":"1530","sl":"Нормальный","sv":"71","p":12300.0,"q":40.12,"b":0.0,"ms":1.0,"wi":121.0,"ei":10.2,"as":2182.56,"mi":"E","mv":7133,"sc":1,"lpe":99.0,"lpr":12321.76,"lq":1.0,"d":961541},{"pi":"1524","pc":"Ювелирные изделия","ss":100000,"td":"Фешенебельный район","dc":2,"n":540.78,"vc":"111867","sl":"Элитный","sv":"4000","p":5000.0,"q":88.97,"b":0.0,"ms":3.83,"wi":39.97,"ei":9.19,"as":127.29,"mi":"E","mv":104321,"sc":2,"lpe":96.01,"lpr":2471.49,"lq":1.0,"d":4940408},{"pi":"1524","pc":"Ювелирные изделия","ss":1000,"td":"Центр города","dc":1,"n":44.35,"vc":"937","sl":"Элитный","sv":"160","p":7610.0,"q":40.12,"b":0.0,"ms":0.15,"wi":39.97,"ei":9.19,"as":127.29,"mi":"E","mv":104321,"sc":2,"lpe":96.01,"lpr":2471.49,"lq":1.0,"d":4940408},{"pi":"1524","pc":"Ювелирные изделия","ss":100000,"td":"Центр города","dc":1,"n":366.16,"vc":"122321","sl":"Элитный","sv":"370","p":9610.0,"q":40.12,"b":0.0,"ms":1.58,"wi":29.93,"ei":6.58,"as":133.91,"mi":"E","mv":23468,"sc":1,"lpe":98.42,"lpr":8690.78,"lq":1.0,"d":3420282},{"pi":"1524","pc":"Ювелирные изделия","ss":100000,"td":"Фешенебельный район","dc":1,"n":671.91,"vc":"373288","sl":"Элитный","sv":"6529","p":12000.0,"q":88.98,"b":0.0,"ms":24.2,"wi":94.35,"ei":19.67,"as":208.3,"mi":"E","mv":26976,"sc":1,"lpe":75.8,"lpr":1817.84,"lq":16.96,"d":1322290},{"pi":"1524","pc":"Ювелирные изделия","ss":100000,"td":"Фешенебельный район","dc":1,"n":645.78,"vc":"274348","sl":"Элитный","sv":"12000","p":1800.0,"q":88.97,"b":4.87,"ms":49.83,"wi":33.21,"ei":10.36,"as":243.68,"mi":"E","mv":24081,"sc":1,"lpe":50.17,"lpr":1019.77,"lq":10.59,"d":1124408},{"pi":"1524","pc":"Ювелирные изделия","ss":100000,"td":"Центр города","dc":2,"n":519.56,"vc":"374322","sl":"Очень высокий","sv":"2700","p":6000.0,"q":88.97,"b":4.41,"ms":47.66,"wi":57.36,"ei":6.87,"as":248.17,"mi":"E","mv":5665,"sc":1,"lpe":52.34,"lpr":4376.22,"lq":45.46,"d":387702},{"pi":"1524","pc":"Ювелирные изделия","ss":100000,"td":"Центр города","dc":1,"n":517.04,"vc":"452936","sl":"Очень высокий","sv":"1500","p":35000.0,"q":113.42,"b":4.38,"ms":2.17,"wi":95.82,"ei":8.0,"as":376.09,"mi":"E","mv":69085,"sc":1,"lpe":97.83,"lpr":8322.01,"lq":1.0,"d":2281564}]