[{"pi":"1496","pc":"Продукты питания","ss":600,"td":"Окраина","dc":1,"n":34.76,"vc":"272","sl":"Элитный","sv":"413","p":33.055,"q":1.05,"b":0.0,"ms":0.02,"wi":0.17,"ei":4.28,"as":154.36,"mi":"E","mv":1922755,"sc":2,"lpe":99.98,"lpr":29.8,"lq":1.0,"d":1380228},{"pi":"1496","pc":"Продукты питания","ss":500,"td":"Окраина","dc":1,"n":145.09,"vc":"441","sl":"Высокий","sv":"40","p":30.0,"q":3.13,"b":0.0,"ms":0.0,"wi":0.17,"ei":4.28,"as":154.36,"mi":"E","mv":1922755,"sc":2,"lpe":99.98,"lpr":29.8,"lq":1.0,"d":1380228},{"pi":"1496","pc":"Продукты питания","ss":600,"td":"Центр города","dc":1,"n":41.78,"vc":"482","sl":"Очень высокий","sv":"1186","p":40.29,"q":2.46,"b":0.33,"ms":0.05,"wi":0.26,"ei":4.27,"as":217.12,"mi":"E","mv":2581472,"sc":2,"lpe":99.95,"lpr":40.18,"lq":1.0,"d":1481414},{"pi":"1496","pc":"Продукты питания","ss":600,"td":"Центр города","dc":2,"n":99.16,"vc":"653","sl":"Очень низкий","sv":"100","p":40.29,"q":2.46,"b":0.33,"ms":0.0,"wi":0.26,"ei":4.27,"as":217.12,"mi":"E","mv":2581472,"sc":2,"lpe":99.95,"lpr":40.18,"lq":1.0,"d":1481414},{"pi":"1496","pc":"Продукты питания","ss":600,"td":"Окраина","dc":2,"n":133.94,"vc":"352","sl":"Элитный","sv":"1200","p":76.16,"q":1.0,"b":0.0,"ms":0.18,"wi":1.56,"ei":8.7,"as":1500.0,"mi":"E","mv":653185,"sc":4,"lpe":99.37,"lpr":273.37,"lq":1.0,"d":646400},{"pi":"1496","pc":"Продукты питания","ss":600,"td":"Фешенебельный район","dc":2,"n":133.94,"vc":"88","sl":"Элитный","sv":"1000","p":90.6,"q":10.0,"b":0.0,"ms":0.15,"wi":1.56,"ei":8.7,"as":1500.0,"mi":"E","mv":653185,"sc":4,"lpe":99.37,"lpr":273.37,"lq":1.0,"d":646400},{"pi":"1496","pc":"Продукты питания","ss":600,"td":"Спальный район","dc":2,"n":133.94,"vc":"440","sl":"Очень высокий","sv":"1000","p":76.16,"q":1.0,"b":0.0,"ms":0.15,"wi":1.56,"ei":8.7,"as":1500.0,"mi":"E","mv":653185,"sc":4,"lpe":99.37,"lpr":273.37,"lq":1.0,"d":646400},{"pi":"1496","pc":"Продукты питания","ss":600,"td":"Пригород","dc":2,"n":133.94,"vc":"235","sl":"Элитный","sv":"900","p":76.16,"q":1.0,"b":0.0,"ms":0.14,"wi":1.56,"ei":8.7,"as":1500.0,"mi":"E","mv":653185,"sc":4,"lpe":99.37,"lpr":273.37,"lq":1.0,"d":646400},{"pi":"1496","pc":"Продукты питания","ss":600,"td":"Окраина","dc":2,"n":32.01,"vc":"393","sl":"Элитный","sv":"14000","p":45.72,"q":5.0,"b":0.0,"ms":0.19,"wi":0.54,"ei":5.95,"as":458.23,"mi":"E","mv":7510484,"sc":5,"lpe":99.55,"lpr":86.48,"lq":1.0,"d":4109214},{"pi":"1496","pc":"Продукты питания","ss":400,"td":"Пригород","dc":2,"n":32.52,"vc":"217","sl":"Элитный","sv":"9000","p":45.72,"q":5.0,"b":0.0,"ms":0.12,"wi":0.54,"ei":5.95,"as":458.23,"mi":"E","mv":7510484,"sc":5,"lpe":99.55,"lpr":86.48,"lq":1.0,"d":4109214},{"pi":"1496","pc":"Продукты питания","ss":1000,"td":"Центр города","dc":2,"n":81.51,"vc":"1083","sl":"Очень высокий","sv":"8000","p":45.72,"q":5.0,"b":0.0,"ms":0.11,"wi":0.54,"ei":5.95,"as":458.23,"mi":"E","mv":7510484,"sc":5,"lpe":99.55,"lpr":86.48,"lq":1.0,"d":4109214},{"pi":"1496","pc":"Продукты питания","ss":200,"td":"Фешенебельный район","dc":2,"n":82.55,"vc":"68","sl":"Элитный","sv":"2000","p":82.75,"q":10.0,"b":0.0,"ms":0.03,"wi":0.54,"ei":5.95,"as":458.23,"mi":"E","mv":7510484,"sc":5,"lpe":99.55,"lpr":86.48,"lq":1.0,"d":4109214},{"pi":"1496","pc":"Продукты питания","ss":800,"td":"Спальный район","dc":2,"n":82.55,"vc":"736","sl":"Низкий","sv":"1000","p":45.72,"q":5.0,"b":0.0,"ms":0.01,"wi":0.54,"ei":5.95,"as":458.23,"mi":"E","mv":7510484,"sc":5,"lpe":99.55,"lpr":86.48,"lq":1.0,"d":4109214},{"pi":"1496","pc":"Продукты питания","ss":1700,"td":"Центр города","dc":3,"n":53.54,"vc":"595","sl":"Элитный","sv":"2000","p":60.0,"q":5.0,"b":0.0,"ms":0.1,"wi":0.34,"ei":6.06,"as":330.02,"mi":"E","mv":2018869,"sc":1,"lpe":99.9,"lpr":59.87,"lq":1.0,"d":1293401}]