[{"d":"10.07.2016","r":2000.0,"q":1.0,"p":35.0,"s":[{"ui":"7664845","t":65365.0,"r":63878.0,"q":1.0,"p":35.0,"mot":"L","mo":2000.0},{"cn":"","ui":"","t":0.0,"r":0.0,"q":0.0,"p":0.0,"mot":"L","mo":0.0}]},{"d":"22.07.2016","r":190.0,"q":1.0,"p":1500.0,"s":[{"ui":"7692602","t":240.0,"r":190.0,"q":1.0,"p":1500.0,"mot":"U","mo":190.0},{"cn":"","ui":"","t":0.0,"r":0.0,"q":0.0,"p":0.0,"mot":"L","mo":0.0}]},{"d":"25.07.2016","r":7968.0,"q":4.42,"p":600.0,"s":[{"ui":"7700707","t":8150.0,"r":7968.0,"q":4.42,"p":600.0,"mot":"U","mo":7968.0},{"cn":"","ui":"","t":0.0,"r":0.0,"q":0.0,"p":0.0,"mot":"L","mo":0.0}]},{"d":"29.07.2016","r":115052.0,"q":1.0,"p":1.0,"s":[{"ui":"7708330","t":120552.0,"r":115052.0,"q":1.0,"p":1.0,"mot":"U","mo":115052.0},{"cn":"","ui":"","t":0.0,"r":0.0,"q":0.0,"p":0.0,"mot":"L","mo":0.0}]},{"d":"06.08.2016","r":15948.0,"q":1.0,"p":63.0,"s":[{"ui":"7727719","t":15948.0,"r":15948.0,"q":1.0,"p":63.0,"mot":"U","mo":15948.0},{"cn":"","ui":"","t":0.0,"r":0.0,"q":0.0,"p":0.0,"mot":"L","mo":0.0}]},{"d":"07.08.2016","r":24023.0,"q":1.09,"p":63.0,"s":[{"ui":"7727719","t":24658.0,"r":24023.0,"q":1.09,"p":63.0,"mot":"U","mo":24023.0},{"cn":"","ui":"","t":0.0,"r":0.0,"q":0.0,"p":0.0,"mot":"L","mo":0.0}]},{"d":"20.08.2016","r":2009.0,"q":1.0,"p":120.0,"s":[{"ui":"7756893","t":2019.0,"r":2009.0,"q":1.0,"p":120.0,"mot":"U","mo":2009.0},{"cn":"","ui":"","t":0.0,"r":0.0,"q":0.0,"p":0.0,"mot":"L","mo":0.0}]},{"d":"21.08.2016","r":1769.0,"q":1.0,"p":120.0,"s":[{"ui":"7756893","t":1779.0,"r":1769.0,"q":1.0,"p":120.0,"mot":"U","mo":1769.0},{"cn":"","ui":"","t":0.0,"r":0.0,"q":0.0,"p":0.0,"mot":"L","mo":0.0}]},{"d":"22.08.2016","r":1629.0,"q":1.0,"p":120.0,"s":[{"ui":"7756893","t":1629.0,"r":1629.0,"q":1.0,"p":120.0,"mot":"U","mo":1629.0},{"cn":"","ui":"","t":0.0,"r":0.0,"q":0.0,"p":0.0,"mot":"L","mo":0.0}]},{"d":"26.08.2016","r":6378.0,"q":1.57,"p":49.0,"s":[{"ui":"7767765","t":8090.0,"r":6378.0,"q":1.57,"p":49.0,"mot":"U","mo":6378.0},{"cn":"","ui":"","t":0.0,"r":0.0,"q":0.0,"p":0.0,"mot":"L","mo":0.0}]},{"d":"27.08.2016","r":9008.0,"q":2.02,"p":49.0,"s":[{"ui":"7767765","t":9195.0,"r":9008.0,"q":2.02,"p":49.0,"mot":"U","mo":9008.0},{"cn":"","ui":"","t":0.0,"r":0.0,"q":0.0,"p":0.0,"mot":"L","mo":0.0}]},{"d":"07.09.2016","r":74600.0,"q":1.57,"p":50.0,"s":[{"ui":"7790744","t":89107.0,"r":74600.0,"q":1.57,"p":50.0,"mot":"U","mo":74600.0},{"cn":"","ui":"","t":0.0,"r":0.0,"q":0.0,"p":0.0,"mot":"L","mo":0.0}]},{"d":"09.09.2016","r":58309.0,"q":1.75,"p":40.0,"s":[{"ui":"7797293","t":64095.0,"r":58309.0,"q":1.75,"p":40.0,"mot":"U","mo":58309.0},{"cn":"","ui":"","t":0.0,"r":0.0,"q":0.0,"p":0.0,"mot":"L","mo":0.0}]},{"d":"10.09.2016","r":21757.0,"q":2.03,"p":40.0,"s":[{"ui":"7797293","t":41822.0,"r":21757.0,"q":2.03,"p":40.0,"mot":"U","mo":21757.0},{"cn":"","ui":"","t":0.0,"r":0.0,"q":0.0,"p":0.0,"mot":"L","mo":0.0}]},{"d":"17.10.2016","r":150.0,"q":1.0,"p":98.9,"s":[{"ui":"7885123","t":150.0,"r":150.0,"q":1.0,"p":98.9,"mot":"U","mo":150.0},{"cn":"","ui":"","t":0.0,"r":0.0,"q":0.0,"p":0.0,"mot":"L","mo":0.0}]},{"d":"21.10.2016","r":90.0,"q":1.0,"p":91.5,"s":[{"ui":"7895927","t":90.0,"r":90.0,"q":1.0,"p":91.5,"mot":"U","mo":90.0},{"cn":"","ui":"","t":0.0,"r":0.0,"q":0.0,"p":0.0,"mot":"L","mo":0.0}]},{"d":"22.10.2016","r":54.0,"q":1.0,"p":73.53,"s":[{"ui":"7899107","t":1728.0,"r":54.0,"q":1.0,"p":73.53,"mot":"U","mo":54.0},{"cn":"","ui":"","t":0.0,"r":0.0,"q":0.0,"p":0.0,"mot":"L","mo":0.0}]},{"d":"06.11.2016","r":62332.0,"q":4.89,"p":1200.0,"s":[{"ui":"7921942","t":65132.0,"r":62332.0,"q":4.89,"p":1200.0,"mot":"U","mo":62332.0},{"cn":"","ui":"","t":0.0,"r":0.0,"q":0.0,"p":0.0,"mot":"L","mo":0.0}]},{"d":"10.11.2016","r":200218.0,"q":1.0,"p":45.0,"s":[{"ui":"7928087","t":200218.0,"r":200218.0,"q":1.0,"p":45.0,"mot":"U","mo":200218.0},{"cn":"","ui":"","t":0.0,"r":0.0,"q":0.0,"p":0.0,"mot":"L","mo":0.0}]},{"d":"12.11.2016","r":139577.0,"q":1.3,"p":45.0,"s":[{"ui":"7931739","t":139709.0,"r":139577.0,"q":1.3,"p":45.0,"mot":"U","mo":139577.0},{"cn":"","ui":"","t":0.0,"r":0.0,"q":0.0,"p":0.0,"mot":"L","mo":0.0}]},{"d":"15.11.2016","r":5000.0,"q":1.0,"p":100.0,"s":[{"ui":"7935821","t":47600.0,"r":46380.0,"q":1.0,"p":100.0,"mot":"L","mo":5000.0},{"cn":"","ui":"","t":0.0,"r":0.0,"q":0.0,"p":0.0,"mot":"L","mo":0.0}]},{"d":"16.11.2016","r":5000.0,"q":1.0,"p":100.0,"s":[{"ui":"7935821","t":165357.0,"r":165357.0,"q":1.0,"p":100.0,"mot":"L","mo":5000.0},{"cn":"","ui":"","t":0.0,"r":0.0,"q":0.0,"p":0.0,"mot":"L","mo":0.0}]},{"d":"19.11.2016","r":4068.0,"q":1.0,"p":45.0,"s":[{"ui":"7941284","t":4256.0,"r":4068.0,"q":1.0,"p":45.0,"mot":"U","mo":4068.0},{"cn":"","ui":"","t":0.0,"r":0.0,"q":0.0,"p":0.0,"mot":"L","mo":0.0}]},{"d":"20.11.2016","r":45469.0,"q":1.75,"p":65.0,"s":[{"ui":"7941284","t":45469.0,"r":45469.0,"q":1.75,"p":65.0,"mot":"U","mo":45469.0},{"cn":"","ui":"","t":0.0,"r":0.0,"q":0.0,"p":0.0,"mot":"L","mo":0.0}]},{"d":"21.11.2016","r":96508.0,"q":1.91,"p":54.96,"s":[{"ui":"7941284","t":92838.0,"r":92838.0,"q":1.9,"p":55.0,"mot":"U","mo":92838.0},{"cn":"","ui":"","t":4360.0,"r":3670.0,"q":2.04,"p":54.0,"mot":"L","mo":3670.0}]},{"d":"01.12.2016","r":1943.0,"q":1.0,"p":750.0,"s":[{"ui":"7955566","t":1943.0,"r":1943.0,"q":1.0,"p":750.0,"mot":"U","mo":1943.0},{"cn":"","ui":"","t":0.0,"r":0.0,"q":0.0,"p":0.0,"mot":"L","mo":0.0}]},{"d":"04.12.2016","r":15200.0,"q":1.16,"p":35.0,"s":[{"ui":"7959563","t":15200.0,"r":15200.0,"q":1.16,"p":35.0,"mot":"U","mo":15200.0},{"cn":"","ui":"","t":0.0,"r":0.0,"q":0.0,"p":0.0,"mot":"L","mo":0.0}]},{"d":"08.12.2016","r":125247.0,"q":1.56,"p":34.0,"s":[{"ui":"7963473","t":131729.0,"r":125247.0,"q":1.56,"p":34.0,"mot":"U","mo":125247.0},{"cn":"","ui":"","t":0.0,"r":0.0,"q":0.0,"p":0.0,"mot":"L","mo":0.0}]},{"d":"15.12.2016","r":19883.0,"q":1.0,"p":32.0,"s":[{"ui":"7971661","t":32212.0,"r":19883.0,"q":1.0,"p":32.0,"mot":"U","mo":19883.0},{"cn":"","ui":"","t":0.0,"r":0.0,"q":0.0,"p":0.0,"mot":"L","mo":0.0}]},{"d":"18.12.2016","r":34684.0,"q":1.0,"p":37.0,"s":[{"ui":"7978930","t":34684.0,"r":34684.0,"q":1.0,"p":37.0,"mot":"U","mo":34684.0},{"cn":"","ui":"","t":0.0,"r":0.0,"q":0.0,"p":0.0,"mot":"L","mo":0.0}]},{"d":"20.12.2016","r":4943.0,"q":1.0,"p":35.0,"s":[{"ui":"7979839","t":5474.0,"r":4943.0,"q":1.0,"p":35.0,"mot":"U","mo":4943.0},{"cn":"","ui":"","t":0.0,"r":0.0,"q":0.0,"p":0.0,"mot":"L","mo":0.0}]},{"d":"26.12.2016","r":94700.0,"q":1.0,"p":37.0,"s":[{"ui":"7988455","t":94700.0,"r":94700.0,"q":1.0,"p":37.0,"mot":"U","mo":94700.0},{"cn":"","ui":"","t":0.0,"r":0.0,"q":0.0,"p":0.0,"mot":"L","mo":0.0}]},{"d":"10.02.2017","r":11215.0,"q":1.0,"p":32.0,"s":[{"ui":"8045072","t":14995.0,"r":11215.0,"q":1.0,"p":32.0,"mot":"U","mo":11215.0},{"cn":"","ui":"","t":0.0,"r":0.0,"q":0.0,"p":0.0,"mot":"L","mo":0.0}]},{"d":"11.02.2017","r":140049.0,"q":1.0,"p":32.0,"s":[{"ui":"8045072","t":145925.0,"r":140049.0,"q":1.0,"p":32.0,"mot":"U","mo":140049.0},{"cn":"","ui":"","t":0.0,"r":0.0,"q":0.0,"p":0.0,"mot":"L","mo":0.0}]},{"d":"13.02.2017","r":51900.0,"q":1.57,"p":35.0,"s":[{"ui":"8048612","t":53700.0,"r":51900.0,"q":1.57,"p":35.0,"mot":"U","mo":51900.0},{"cn":"","ui":"","t":0.0,"r":0.0,"q":0.0,"p":0.0,"mot":"L","mo":0.0}]},{"d":"17.02.2017","r":12000.0,"q":1.0,"p":300.0,"s":[{"ui":"8054287","t":47895.0,"r":47895.0,"q":1.0,"p":300.0,"mot":"L","mo":12000.0},{"cn":"","ui":"","t":0.0,"r":0.0,"q":0.0,"p":0.0,"mot":"L","mo":0.0}]},{"d":"21.02.2017","r":620.0,"q":1.53,"p":65.0,"s":[{"ui":"8059814","t":620.0,"r":620.0,"q":1.53,"p":65.0,"mot":"U","mo":620.0},{"cn":"","ui":"","t":0.0,"r":0.0,"q":0.0,"p":0.0,"mot":"L","mo":0.0}]},{"d":"22.02.2017","r":1770.0,"q":1.74,"p":65.0,"s":[{"ui":"8059814","t":1770.0,"r":1770.0,"q":1.74,"p":65.0,"mot":"U","mo":1770.0},{"cn":"","ui":"","t":0.0,"r":0.0,"q":0.0,"p":0.0,"mot":"L","mo":0.0}]},{"d":"23.02.2017","r":7943.0,"q":1.0,"p":350.0,"s":[{"ui":"8061017","t":7943.0,"r":7943.0,"q":1.0,"p":350.0,"mot":"L","mo":7943.0},{"cn":"","ui":"","t":0.0,"r":0.0,"q":0.0,"p":0.0,"mot":"L","mo":0.0}]},{"d":"24.02.2017","r":0.0,"q":0.0,"p":0.0,"s":[{"cn":"","ui":"","t":0.0,"r":0.0,"q":0.0,"p":0.0,"mot":"L","mo":0.0}]},{"d":"11.03.2017","r":27990.0,"q":1.57,"p":35.0,"s":[{"cn":"relicton Финанс","ui":"8083979","t":33842.0,"r":27990.0,"q":1.57,"p":35.0,"mot":"U","mo":27990.0},{"cn":"","ui":"","t":0.0,"r":0.0,"q":0.0,"p":0.0,"mot":"L","mo":0.0}]},{"d":"13.03.2017","r":65196.0,"q":1.0,"p":30.0,"s":[{"cn":"Элит","ui":"8087049","t":65196.0,"r":65196.0,"q":1.0,"p":30.0,"mot":"U","mo":65196.0},{"cn":"","ui":"","t":0.0,"r":0.0,"q":0.0,"p":0.0,"mot":"L","mo":0.0}]},{"d":"20.03.2017","r":14000.0,"q":3.23,"p":400.0,"s":[{"cn":"goodlife.com","ui":"8094114","t":28538.0,"r":14672.0,"q":3.23,"p":400.0,"mot":"L","mo":14000.0},{"cn":"","ui":"","t":0.0,"r":0.0,"q":0.0,"p":0.0,"mot":"L","mo":0.0}]},{"d":"25.03.2017","r":12350.0,"q":4.07,"p":80.0,"s":[{"cn":"MOTO TIM","ui":"8101550","t":12972.0,"r":12350.0,"q":4.07,"p":80.0,"mot":"U","mo":12350.0},{"cn":"","ui":"","t":0.0,"r":0.0,"q":0.0,"p":0.0,"mot":"L","mo":0.0}]},{"d":"26.03.2017","r":25205.0,"q":3.96,"p":80.0,"s":[{"cn":"MOTO TIM","ui":"8101550","t":25205.0,"r":25205.0,"q":3.96,"p":80.0,"mot":"U","mo":25205.0},{"cn":"","ui":"","t":0.0,"r":0.0,"q":0.0,"p":0.0,"mot":"L","mo":0.0}]},{"d":"28.03.2017","r":27547.0,"q":2.45,"p":170.0,"s":[{"cn":"Фаворит","ui":"8103275","t":27547.0,"r":27547.0,"q":2.45,"p":170.0,"mot":"U","mo":27547.0},{"cn":"","ui":"","t":0.0,"r":0.0,"q":0.0,"p":0.0,"mot":"L","mo":0.0}]},{"d":"29.03.2017","r":5816.0,"q":4.35,"p":200.0,"s":[{"cn":"MOTO","ui":"8104775","t":5816.0,"r":5816.0,"q":4.35,"p":200.0,"mot":"L","mo":5816.0},{"cn":"","ui":"","t":0.0,"r":0.0,"q":0.0,"p":0.0,"mot":"L","mo":0.0}]},{"d":"05.04.2017","r":6741.0,"q":2.41,"p":80.0,"s":[{"cn":"Yamkovenko Инвест","ui":"8112519","t":7131.0,"r":6741.0,"q":2.41,"p":80.0,"mot":"U","mo":6741.0},{"cn":"","ui":"","t":0.0,"r":0.0,"q":0.0,"p":0.0,"mot":"L","mo":0.0}]},{"d":"06.04.2017","r":10587.0,"q":3.56,"p":80.0,"s":[{"cn":"Yamkovenko Инвест","ui":"8112519","t":11663.0,"r":10587.0,"q":3.56,"p":80.0,"mot":"U","mo":10587.0},{"cn":"","ui":"","t":0.0,"r":0.0,"q":0.0,"p":0.0,"mot":"L","mo":0.0}]},{"d":"01.05.2017","r":500.0,"q":1.0,"p":61.72,"s":[{"cn":"Calvo Figorelli Invest","ui":"8142121","t":500.0,"r":500.0,"q":1.0,"p":61.72,"mot":"U","mo":500.0},{"cn":"","ui":"","t":0.0,"r":0.0,"q":0.0,"p":0.0,"mot":"L","mo":0.0}]},{"d":"16.06.2017","r":260822.0,"q":1.0,"p":100.0,"s":[{"cn":"Obeyyob Limited","ui":"8192450","t":263742.0,"r":260822.0,"q":1.0,"p":100.0,"mot":"U","mo":260822.0},{"cn":"","ui":"","t":0.0,"r":0.0,"q":0.0,"p":0.0,"mot":"L","mo":0.0}]},{"d":"22.06.2017","r":7123.0,"q":1.75,"p":94.87,"s":[{"cn":"virgin","ui":"8200816","t":2300.0,"r":2300.0,"q":1.0,"p":90.0,"mot":"U","mo":2300.0},{"cn":"опаа","ui":"8200905","t":16789.0,"r":16789.0,"q":3.67,"p":65.0,"mot":"L","mo":2000.0},{"cn":"power","ui":"8200691","t":2823.0,"r":2823.0,"q":1.0,"p":120.0,"mot":"U","mo":2823.0},{"cn":"","ui":"","t":0.0,"r":0.0,"q":0.0,"p":0.0,"mot":"L","mo":0.0}]},{"d":"23.06.2017","r":22040.0,"q":3.05,"p":65.14,"s":[{"cn":"ООО Ышанышлы","ui":"8202513","t":26368.0,"r":26035.0,"q":3.04,"p":60.0,"mot":"L","mo":1200.0},{"cn":"УСПЕХ","ui":"8202571","t":6953.0,"r":6953.0,"q":2.85,"p":43.0,"mot":"L","mo":2000.0},{"cn":"Балынефть Finance","ui":"8202399","t":18011.0,"r":17893.0,"q":3.0,"p":60.0,"mot":"L","mo":17893.0},{"cn":"","ui":"","t":1377.0,"r":947.0,"q":4.35,"p":215.62,"mot":"L","mo":947.0}]},{"d":"24.06.2017","r":8919.0,"q":2.35,"p":86.36,"s":[{"cn":"ООО Ышанышлы","ui":"8202513","t":25109.0,"r":24984.0,"q":3.41,"p":60.0,"mot":"L","mo":5000.0},{"cn":"power","ui":"8200691","t":3919.0,"r":3919.0,"q":1.0,"p":120.0,"mot":"U","mo":3919.0},{"cn":"","ui":"","t":0.0,"r":0.0,"q":0.0,"p":0.0,"mot":"L","mo":0.0}]},{"d":"25.06.2017","r":14888.0,"q":3.7,"p":99.85,"s":[{"cn":"ООО Ышанышлы","ui":"8202513","t":25109.0,"r":25109.0,"q":3.41,"p":60.0,"mot":"L","mo":5000.0},{"cn":"NurMotoGroup","ui":"8202470","t":9888.0,"r":9888.0,"q":3.84,"p":120.0,"mot":"U","mo":9888.0},{"cn":"","ui":"","t":0.0,"r":0.0,"q":0.0,"p":0.0,"mot":"L","mo":0.0}]},{"d":"10.07.2017","r":90886.0,"q":1.0,"p":50.0,"s":[{"cn":"И так сойдет!","ui":"8221513","t":92086.0,"r":90886.0,"q":1.0,"p":50.0,"mot":"U","mo":90886.0},{"cn":"","ui":"","t":0.0,"r":0.0,"q":0.0,"p":0.0,"mot":"L","mo":0.0}]},{"d":"11.07.2017","r":370.0,"q":1.0,"p":120.0,"s":[{"cn":"EE inc.","ui":"8222203","t":3010.0,"r":3010.0,"q":1.0,"p":120.0,"mot":"L","mo":370.0},{"cn":"","ui":"","t":0.0,"r":0.0,"q":0.0,"p":0.0,"mot":"L","mo":0.0}]},{"d":"24.07.2017","r":123847.0,"q":3.18,"p":67.0,"s":[{"cn":"Juvenarius Limited","ui":"8234884","t":135621.0,"r":123847.0,"q":3.18,"p":67.0,"mot":"U","mo":123847.0},{"cn":"","ui":"","t":0.0,"r":0.0,"q":0.0,"p":0.0,"mot":"L","mo":0.0}]},{"d":"25.07.2017","r":229187.0,"q":1.0,"p":59.0,"s":[{"cn":"Raz Inc.","ui":"8236662","t":232378.0,"r":229187.0,"q":1.0,"p":59.0,"mot":"U","mo":229187.0},{"cn":"","ui":"","t":0.0,"r":0.0,"q":0.0,"p":0.0,"mot":"L","mo":0.0}]},{"d":"27.08.2017","r":9538.0,"q":1.0,"p":52.0,"s":[{"cn":"Dmit_med Финанс","ui":"8274321","t":9538.0,"r":9538.0,"q":1.0,"p":52.0,"mot":"U","mo":9538.0},{"cn":"","ui":"","t":0.0,"r":0.0,"q":0.0,"p":0.0,"mot":"L","mo":0.0}]},{"d":"01.09.2017","r":19845.0,"q":2.4,"p":51.0,"s":[{"cn":"LAT","ui":"8279116","t":22043.0,"r":19845.0,"q":2.4,"p":51.0,"mot":"U","mo":19845.0},{"cn":"","ui":"","t":0.0,"r":0.0,"q":0.0,"p":0.0,"mot":"L","mo":0.0}]},{"d":"02.09.2017","r":133429.0,"q":2.45,"p":71.0,"s":[{"cn":"LAT","ui":"8281044","t":133429.0,"r":133429.0,"q":2.45,"p":71.0,"mot":"U","mo":133429.0},{"cn":"","ui":"","t":0.0,"r":0.0,"q":0.0,"p":0.0,"mot":"L","mo":0.0}]},{"d":"25.09.2017","r":4685.0,"q":1.0,"p":80.0,"s":[{"cn":"A","ui":"8309194","t":5300.0,"r":4685.0,"q":1.0,"p":80.0,"mot":"U","mo":4685.0},{"cn":"","ui":"","t":0.0,"r":0.0,"q":0.0,"p":0.0,"mot":"L","mo":0.0}]},{"d":"27.09.2017","r":25184.0,"q":1.0,"p":51.0,"s":[{"cn":"Rodriguez jaimes Finance","ui":"8310877","t":25490.0,"r":25184.0,"q":1.0,"p":51.0,"mot":"U","mo":25184.0},{"cn":"","ui":"","t":0.0,"r":0.0,"q":0.0,"p":0.0,"mot":"L","mo":0.0}]},{"d":"28.09.2017","r":23513.0,"q":1.0,"p":51.5,"s":[{"cn":"Rodriguez jaimes Finance","ui":"8310877","t":25196.0,"r":23513.0,"q":1.0,"p":51.5,"mot":"U","mo":23513.0},{"cn":"","ui":"","t":0.0,"r":0.0,"q":0.0,"p":0.0,"mot":"L","mo":0.0}]},{"d":"27.10.2017","r":10000.0,"q":1.47,"p":250.0,"s":[{"cn":"LordDagon Инвест","ui":"8345145","t":142110.0,"r":141304.0,"q":1.47,"p":250.0,"mot":"L","mo":10000.0},{"cn":"","ui":"","t":0.0,"r":0.0,"q":0.0,"p":0.0,"mot":"L","mo":0.0}]},{"d":"07.11.2017","r":50.0,"q":1.0,"p":150.0,"s":[{"cn":"kampfchief Limited","ui":"8255666","t":200.0,"r":200.0,"q":1.0,"p":150.0,"mot":"L","mo":50.0},{"cn":"","ui":"","t":0.0,"r":0.0,"q":0.0,"p":0.0,"mot":"L","mo":0.0}]},{"d":"28.11.2017","r":212971.0,"q":1.0,"p":54.68,"s":[{"cn":"Fetch Management Group","ui":"8379026","t":63470.0,"r":58270.0,"q":1.0,"p":78.0,"mot":"U","mo":58270.0},{"cn":"inst Инвест","ui":"8379605","t":130716.0,"r":130716.0,"q":1.0,"p":40.0,"mot":"U","mo":130716.0},{"cn":"Fetch Management Group","ui":"8379998","t":23985.0,"r":23985.0,"q":1.0,"p":78.0,"mot":"U","mo":23985.0},{"cn":"","ui":"","t":0.0,"r":0.0,"q":0.0,"p":0.0,"mot":"L","mo":0.0}]},{"d":"29.11.2017","r":361527.0,"q":1.46,"p":40.0,"s":[{"cn":"inst Инвест","ui":"8379605","t":365806.0,"r":361527.0,"q":1.46,"p":40.0,"mot":"U","mo":361527.0},{"cn":"","ui":"","t":0.0,"r":0.0,"q":0.0,"p":0.0,"mot":"L","mo":0.0}]},{"d":"07.12.2017","r":85650.0,"q":4.84,"p":300.0,"s":[{"cn":"ОЛОЛО","ui":"8387282","t":120025.0,"r":85650.0,"q":4.84,"p":300.0,"mot":"U","mo":85650.0},{"cn":"","ui":"","t":0.0,"r":0.0,"q":0.0,"p":0.0,"mot":"L","mo":0.0}]},{"d":"20.12.2017","r":4717.0,"q":2.45,"p":70.0,"s":[{"cn":"Flowerada Инвест","ui":"8402250","t":5161.0,"r":4717.0,"q":2.45,"p":70.0,"mot":"U","mo":4717.0},{"cn":"","ui":"","t":0.0,"r":0.0,"q":0.0,"p":0.0,"mot":"L","mo":0.0}]},{"d":"27.12.2017","r":245.0,"q":1.0,"p":49.0,"s":[{"cn":"DfCompany","ui":"8411589","t":245.0,"r":245.0,"q":1.0,"p":49.0,"mot":"U","mo":245.0},{"cn":"","ui":"","t":0.0,"r":0.0,"q":0.0,"p":0.0,"mot":"L","mo":0.0}]},{"d":"24.01.2018","r":11100.0,"q":1.57,"p":49.0,"s":[{"cn":"gleb9930 Инвест","ui":"8439079","t":11100.0,"r":11100.0,"q":1.57,"p":49.0,"mot":"U","mo":11100.0},{"cn":"","ui":"","t":0.0,"r":0.0,"q":0.0,"p":0.0,"mot":"L","mo":0.0}]},{"d":"25.01.2018","r":103539.0,"q":1.85,"p":49.0,"s":[{"cn":"gleb9930 Инвест","ui":"8439079","t":109591.0,"r":103539.0,"q":1.85,"p":49.0,"mot":"U","mo":103539.0},{"cn":"","ui":"","t":0.0,"r":0.0,"q":0.0,"p":0.0,"mot":"L","mo":0.0}]},{"d":"02.02.2018","r":4207.0,"q":1.0,"p":150.0,"s":[{"cn":"Andiwach_1 Инвест","ui":"8447942","t":4357.0,"r":4207.0,"q":1.0,"p":150.0,"mot":"U","mo":4207.0},{"cn":"","ui":"","t":0.0,"r":0.0,"q":0.0,"p":0.0,"mot":"L","mo":0.0}]},{"d":"14.02.2018","r":5126.0,"q":1.0,"p":25.0,"s":[{"cn":"Добрый Фил Корп","ui":"8459715","t":14463.0,"r":5126.0,"q":1.0,"p":25.0,"mot":"U","mo":5126.0},{"cn":"","ui":"","t":0.0,"r":0.0,"q":0.0,"p":0.0,"mot":"L","mo":0.0}]},{"d":"23.02.2018","r":9985.0,"q":1.0,"p":83.0,"s":[{"cn":"MaxCapital","ui":"8470200","t":9985.0,"r":9985.0,"q":1.0,"p":83.0,"mot":"U","mo":9985.0},{"cn":"","ui":"","t":0.0,"r":0.0,"q":0.0,"p":0.0,"mot":"L","mo":0.0}]},{"d":"09.04.2018","r":200.0,"q":1.0,"p":85.0,"s":[{"cn":"D inc. N ltd. C unltd.","ui":"8516356","t":3332.0,"r":3024.0,"q":1.0,"p":85.0,"mot":"L","mo":200.0},{"cn":"","ui":"","t":0.0,"r":0.0,"q":0.0,"p":0.0,"mot":"L","mo":0.0}]},{"d":"10.04.2018","r":200.0,"q":1.0,"p":85.0,"s":[{"cn":"D inc. N ltd. C unltd.","ui":"8516356","t":2278.0,"r":1970.0,"q":1.0,"p":85.0,"mot":"L","mo":200.0},{"cn":"","ui":"","t":0.0,"r":0.0,"q":0.0,"p":0.0,"mot":"L","mo":0.0}]},{"d":"11.04.2018","r":400.0,"q":1.0,"p":85.5,"s":[{"cn":"D inc. N ltd. C unltd.","ui":"8516356","t":888.0,"r":580.0,"q":1.0,"p":85.5,"mot":"L","mo":400.0},{"cn":"","ui":"","t":0.0,"r":0.0,"q":0.0,"p":0.0,"mot":"L","mo":0.0}]},{"d":"06.06.2018","r":10100.0,"q":1.0,"p":65.0,"s":[{"cn":"Ротор_","ui":"8570290","t":12080.0,"r":10100.0,"q":1.0,"p":65.0,"mot":"U","mo":10100.0},{"cn":"","ui":"","t":0.0,"r":0.0,"q":0.0,"p":0.0,"mot":"L","mo":0.0}]},{"d":"07.06.2018","r":668.0,"q":1.0,"p":64.0,"s":[{"cn":"RamGamer Limited","ui":"8572694","t":774.0,"r":668.0,"q":1.0,"p":64.0,"mot":"U","mo":668.0},{"cn":"","ui":"","t":0.0,"r":0.0,"q":0.0,"p":0.0,"mot":"L","mo":0.0}]},{"d":"14.06.2018","r":13380.0,"q":1.0,"p":120.0,"s":[{"cn":"Inevstors Group","ui":"8581549","t":14420.0,"r":13380.0,"q":1.0,"p":120.0,"mot":"U","mo":13380.0},{"cn":"","ui":"","t":0.0,"r":0.0,"q":0.0,"p":0.0,"mot":"L","mo":0.0}]},{"d":"17.08.2018","r":14362.0,"q":1.57,"p":100.0,"s":[{"cn":"TAOrus Limited","ui":"8644446","t":20199.0,"r":14362.0,"q":1.57,"p":100.0,"mot":"U","mo":14362.0},{"cn":"","ui":"","t":0.0,"r":0.0,"q":0.0,"p":0.0,"mot":"L","mo":0.0}]},{"d":"10.09.2018","r":10588.0,"q":1.0,"p":40.0,"s":[{"cn":"PEM Limited","ui":"8674278","t":11993.0,"r":10588.0,"q":1.0,"p":40.0,"mot":"U","mo":10588.0},{"cn":"","ui":"","t":0.0,"r":0.0,"q":0.0,"p":0.0,"mot":"L","mo":0.0}]},{"d":"12.09.2018","r":95836.0,"q":1.48,"p":156.85,"s":[{"cn":"PEM Limited","ui":"8676037","t":65632.0,"r":65632.0,"q":1.5,"p":160.0,"mot":"U","mo":65632.0},{"cn":"PEM Limited","ui":"8675980","t":31794.0,"r":30204.0,"q":1.44,"p":150.0,"mot":"U","mo":30204.0},{"cn":"","ui":"","t":0.0,"r":0.0,"q":0.0,"p":0.0,"mot":"L","mo":0.0}]},{"d":"13.09.2018","r":0.0,"q":0.0,"p":0.0,"s":[{"cn":"","ui":"","t":0.0,"r":0.0,"q":0.0,"p":0.0,"mot":"L","mo":0.0}]},{"d":"01.02.2019","r":4568.0,"q":1.0,"p":200.0,"s":[{"cn":"Meme\u0027s touch Inc.","ui":"8833596","t":4568.0,"r":4568.0,"q":1.0,"p":200.0,"mot":"L","mo":4568.0},{"cn":"","ui":"","t":0.0,"r":0.0,"q":0.0,"p":0.0,"mot":"L","mo":0.0}]},{"d":"18.02.2019","r":14856.0,"q":2.46,"p":30.0,"s":[{"cn":"Makos Invest","ui":"8855754","t":17572.0,"r":14856.0,"q":2.46,"p":30.0,"mot":"U","mo":14856.0},{"cn":"","ui":"","t":0.0,"r":0.0,"q":0.0,"p":0.0,"mot":"L","mo":0.0}]},{"d":"19.02.2019","r":24090.0,"q":2.45,"p":30.0,"s":[{"cn":"Makos Invest","ui":"8855754","t":28612.0,"r":24090.0,"q":2.45,"p":30.0,"mot":"U","mo":24090.0},{"cn":"","ui":"","t":0.0,"r":0.0,"q":0.0,"p":0.0,"mot":"L","mo":0.0}]},{"d":"21.02.2019","r":1000.0,"q":1.0,"p":73.35,"s":[{"cn":"Lommel Inc.","ui":"8858642","t":1000.0,"r":1000.0,"q":1.0,"p":73.35,"mot":"U","mo":1000.0},{"cn":"","ui":"","t":0.0,"r":0.0,"q":0.0,"p":0.0,"mot":"L","mo":0.0}]},{"d":"25.02.2019","r":102.0,"q":1.0,"p":73.07,"s":[{"cn":"Clothing Ltd.","ui":"8862048","t":102.0,"r":102.0,"q":1.0,"p":73.07,"mot":"U","mo":102.0},{"cn":"","ui":"","t":0.0,"r":0.0,"q":0.0,"p":0.0,"mot":"L","mo":0.0}]},{"d":"28.02.2019","r":30200.0,"q":1.0,"p":113.21,"s":[{"cn":"Линяка ТМ","ui":"8865649","t":231440.0,"r":229240.0,"q":1.0,"p":49.0,"mot":"L","mo":11000.0},{"cn":"Double Dragon","ui":"8866357","t":19200.0,"r":19200.0,"q":1.0,"p":150.0,"mot":"U","mo":19200.0},{"cn":"","ui":"","t":0.0,"r":0.0,"q":0.0,"p":0.0,"mot":"L","mo":0.0}]},{"d":"12.04.2019","r":300693.0,"q":3.13,"p":150.0,"s":[{"cn":"ВМР","ui":"8919125","t":311533.0,"r":300693.0,"q":3.13,"p":150.0,"mot":"U","mo":300693.0},{"cn":"","ui":"","t":0.0,"r":0.0,"q":0.0,"p":0.0,"mot":"L","mo":0.0}]},{"d":"07.08.2019","r":60359.0,"q":1.0,"p":45.0,"s":[{"cn":"T-Company","ui":"9044524","t":65433.0,"r":60359.0,"q":1.0,"p":45.0,"mot":"U","mo":60359.0},{"cn":"","ui":"","t":0.0,"r":0.0,"q":0.0,"p":0.0,"mot":"L","mo":0.0}]},{"d":"09.08.2019","r":131669.0,"q":2.68,"p":78.84,"s":[{"cn":"Hard Industry Corporation","ui":"9048599","t":26688.0,"r":26688.0,"q":1.0,"p":99.99,"mot":"U","mo":26688.0},{"cn":"Bodhi","ui":"9048845","t":107188.0,"r":100388.0,"q":3.2,"p":75.0,"mot":"U","mo":100388.0},{"cn":"","ui":"","t":4829.0,"r":4593.0,"q":1.0,"p":40.0,"mot":"L","mo":4593.0}]},{"d":"12.08.2019","r":89156.0,"q":1.0,"p":58.95,"s":[{"cn":"Carreras Finance","ui":"9051671","t":18834.0,"r":18735.0,"q":1.0,"p":55.0,"mot":"U","mo":18735.0},{"cn":"OBL","ui":"9051727","t":71016.0,"r":70421.0,"q":1.0,"p":60.0,"mot":"U","mo":70421.0},{"cn":"","ui":"","t":0.0,"r":0.0,"q":0.0,"p":0.0,"mot":"L","mo":0.0}]},{"d":"13.08.2019","r":118540.0,"q":1.0,"p":60.0,"s":[{"cn":"OBL","ui":"9051727","t":91586.0,"r":90991.0,"q":1.0,"p":60.0,"mot":"U","mo":90991.0},{"cn":"YK","ui":"9053448","t":28500.0,"r":27549.0,"q":1.0,"p":60.0,"mot":"U","mo":27549.0},{"cn":"","ui":"","t":0.0,"r":0.0,"q":0.0,"p":0.0,"mot":"L","mo":0.0}]},{"d":"14.08.2019","r":63650.0,"q":1.0,"p":60.0,"s":[{"cn":"YK","ui":"9053448","t":64601.0,"r":63650.0,"q":1.0,"p":60.0,"mot":"U","mo":63650.0},{"cn":"","ui":"","t":0.0,"r":0.0,"q":0.0,"p":0.0,"mot":"L","mo":0.0}]},{"d":"23.08.2019","r":24735.0,"q":1.0,"p":65.0,"s":[{"cn":"Flarrow Inc.","ui":"9068399","t":26120.0,"r":24735.0,"q":1.0,"p":65.0,"mot":"U","mo":24735.0},{"cn":"","ui":"","t":0.0,"r":0.0,"q":0.0,"p":0.0,"mot":"L","mo":0.0}]},{"d":"28.08.2019","r":10280.0,"q":2.46,"p":100.0,"s":[{"cn":"SalemSaberhagen Инвест","ui":"9073543","t":11278.0,"r":10280.0,"q":2.46,"p":100.0,"mot":"U","mo":10280.0},{"cn":"","ui":"","t":0.0,"r":0.0,"q":0.0,"p":0.0,"mot":"L","mo":0.0}]},{"d":"29.08.2019","r":24478.0,"q":2.45,"p":100.0,"s":[{"cn":"SalemSaberhagen Инвест","ui":"9073543","t":26585.0,"r":24478.0,"q":2.45,"p":100.0,"mot":"U","mo":24478.0},{"cn":"","ui":"","t":0.0,"r":0.0,"q":0.0,"p":0.0,"mot":"L","mo":0.0}]},{"d":"30.08.2019","r":35371.0,"q":2.37,"p":100.0,"s":[{"cn":"SalemSaberhagen Инвест","ui":"9073543","t":37678.0,"r":35371.0,"q":2.37,"p":100.0,"mot":"U","mo":35371.0},{"cn":"","ui":"","t":0.0,"r":0.0,"q":0.0,"p":0.0,"mot":"L","mo":0.0}]},{"d":"04.09.2019","r":109412.0,"q":1.0,"p":20.0,"s":[{"cn":"LIEO_IMAN Limited","ui":"9082148","t":115372.0,"r":109412.0,"q":1.0,"p":20.0,"mot":"U","mo":109412.0},{"cn":"","ui":"","t":0.0,"r":0.0,"q":0.0,"p":0.0,"mot":"L","mo":0.0}]},{"d":"09.09.2019","r":94618.0,"q":1.0,"p":68.11,"s":[{"cn":"AaronCapital Limited","ui":"9090542","t":69549.0,"r":69549.0,"q":1.0,"p":75.0,"mot":"U","mo":69549.0},{"cn":"Crustybowl Limited","ui":"9089595","t":25113.0,"r":25069.0,"q":1.0,"p":49.0,"mot":"U","mo":25069.0},{"cn":"","ui":"","t":0.0,"r":0.0,"q":0.0,"p":0.0,"mot":"L","mo":0.0}]},{"d":"10.09.2019","r":37216.0,"q":1.0,"p":49.0,"s":[{"cn":"Crustybowl Limited","ui":"9089595","t":37280.0,"r":37216.0,"q":1.0,"p":49.0,"mot":"U","mo":37216.0},{"cn":"","ui":"","t":0.0,"r":0.0,"q":0.0,"p":0.0,"mot":"L","mo":0.0}]},{"d":"19.09.2019","r":81019.0,"q":1.53,"p":20.0,"s":[{"cn":"relicton Инвест","ui":"9103286","t":82279.0,"r":81019.0,"q":1.53,"p":20.0,"mot":"U","mo":81019.0},{"cn":"","ui":"","t":0.0,"r":0.0,"q":0.0,"p":0.0,"mot":"L","mo":0.0}]},{"d":"20.09.2019","r":5000.0,"q":8.49,"p":0.0,"s":[{"cn":"Кельн Финанс","ui":"9105055","t":86699.0,"r":76308.0,"q":8.49,"p":0.001,"mot":"L","mo":5000.0},{"cn":"","ui":"","t":0.0,"r":0.0,"q":0.0,"p":0.0,"mot":"L","mo":0.0}]},{"d":"01.10.2019","r":45832.0,"q":1.0,"p":100.0,"s":[{"cn":"Holding 2_Product Center","ui":"9120548","t":46232.0,"r":46132.0,"q":1.0,"p":100.0,"mot":"L","mo":45832.0},{"cn":"","ui":"","t":0.0,"r":0.0,"q":0.0,"p":0.0,"mot":"L","mo":0.0}]},{"d":"02.10.2019","r":45832.0,"q":1.0,"p":100.0,"s":[{"cn":"Holding 2_Product Center","ui":"9120548","t":60971.0,"r":60515.0,"q":1.0,"p":100.0,"mot":"L","mo":45832.0},{"cn":"","ui":"","t":0.0,"r":0.0,"q":0.0,"p":0.0,"mot":"L","mo":0.0}]},{"d":"03.10.2019","r":3194.0,"q":2.04,"p":90.0,"s":[{"cn":"Galambos Limited","ui":"9126370","t":22579.0,"r":3194.0,"q":2.04,"p":90.0,"mot":"U","mo":3194.0},{"cn":"","ui":"","t":0.0,"r":0.0,"q":0.0,"p":0.0,"mot":"L","mo":0.0}]},{"d":"04.10.2019","r":16633.0,"q":1.0,"p":80.0,"s":[{"cn":"Googgle","ui":"9128407","t":35848.0,"r":16633.0,"q":1.0,"p":80.0,"mot":"U","mo":16633.0},{"cn":"","ui":"","t":0.0,"r":0.0,"q":0.0,"p":0.0,"mot":"L","mo":0.0}]},{"d":"10.10.2019","r":5377.0,"q":1.0,"p":90.0,"s":[{"cn":"ABC ","ui":"9141895","t":5377.0,"r":5377.0,"q":1.0,"p":90.0,"mot":"L","mo":5377.0},{"cn":"","ui":"","t":0.0,"r":0.0,"q":0.0,"p":0.0,"mot":"L","mo":0.0}]},{"d":"23.10.2019","r":5.0,"q":1.0,"p":300.0,"s":[{"cn":"192046T Enterprises","ui":"9170564","t":35.0,"r":5.0,"q":1.0,"p":300.0,"mot":"U","mo":5.0},{"cn":"","ui":"","t":0.0,"r":0.0,"q":0.0,"p":0.0,"mot":"L","mo":0.0}]},{"d":"25.10.2019","r":11729.0,"q":1.0,"p":50.49,"s":[{"cn":"191885T Unlimited","ui":"9172539","t":13324.0,"r":9807.0,"q":1.0,"p":45.0,"mot":"U","mo":9807.0},{"cn":"Marc your fast","ui":"9171900","t":1922.0,"r":1922.0,"q":1.0,"p":78.5,"mot":"U","mo":1922.0},{"cn":"","ui":"","t":0.0,"r":0.0,"q":0.0,"p":0.0,"mot":"L","mo":0.0}]},{"d":"02.12.2019","r":7899.0,"q":1.1,"p":198.31,"s":[{"cn":"Holding3_airday","ui":"9243421","t":3999.0,"r":2899.0,"q":1.0,"p":342.0,"mot":"L","mo":2899.0},{"cn":"Holding1 Ambrella","ui":"9241386","t":173061.0,"r":172015.0,"q":1.16,"p":115.0,"mot":"L","mo":5000.0},{"cn":"","ui":"","t":0.0,"r":0.0,"q":0.0,"p":0.0,"mot":"L","mo":0.0}]},{"d":"10.12.2019","r":14346.0,"q":1.22,"p":70.0,"s":[{"cn":"ECO trade inc.","ui":"9255552","t":14346.0,"r":14346.0,"q":1.22,"p":70.0,"mot":"U","mo":14346.0},{"cn":"","ui":"","t":0.0,"r":0.0,"q":0.0,"p":0.0,"mot":"L","mo":0.0}]},{"d":"20.12.2019","r":184275.0,"q":2.9,"p":100.0,"s":[{"cn":"yixiang191927p","ui":"9271083","t":192725.0,"r":184275.0,"q":2.9,"p":100.0,"mot":"U","mo":184275.0},{"cn":"","ui":"","t":0.0,"r":0.0,"q":0.0,"p":0.0,"mot":"L","mo":0.0}]},{"d":"27.12.2019","r":500.0,"q":1.0,"p":79.0,"s":[{"cn":"Mutahaaydin Limited","ui":"9282451","t":500.0,"r":500.0,"q":1.0,"p":79.0,"mot":"U","mo":500.0},{"cn":"","ui":"","t":0.0,"r":0.0,"q":0.0,"p":0.0,"mot":"L","mo":0.0}]},{"d":"08.01.2020","r":9528.0,"q":5.91,"p":77.6,"s":[{"cn":"SLN invest","ui":"9301045","t":3565.0,"r":3345.0,"q":1.0,"p":75.0,"mot":"U","mo":3345.0},{"cn":"BiT Ltd.","ui":"9300894","t":7553.0,"r":6183.0,"q":8.56,"p":79.0,"mot":"U","mo":6183.0},{"cn":"","ui":"","t":0.0,"r":0.0,"q":0.0,"p":0.0,"mot":"L","mo":0.0}]},{"d":"09.01.2020","r":4422.0,"q":8.57,"p":79.0,"s":[{"cn":"BiT Ltd.","ui":"9300894","t":10437.0,"r":4422.0,"q":8.57,"p":79.0,"mot":"U","mo":4422.0},{"cn":"","ui":"","t":0.0,"r":0.0,"q":0.0,"p":0.0,"mot":"L","mo":0.0}]},{"d":"02.03.2020","r":5110956.0,"q":1.0,"p":145.95,"s":[{"cn":"Б1117-38.03.02(2)_SKL","ui":"9374558","t":317283.0,"r":317283.0,"q":1.0,"p":175.0,"mot":"U","mo":317283.0},{"cn":"Б1117-38.03.02-(2)_ForRest","ui":"9374196","t":4468475.0,"r":4468475.0,"q":1.0,"p":80.0,"mot":"U","mo":4468475.0},{"cn":"","ui":"","t":337798.0,"r":325198.0,"q":1.0,"p":1023.77,"mot":"L","mo":325198.0}]},{"d":"17.03.2020","r":218981.0,"q":3.2,"p":120.0,"s":[{"cn":"Союз-комаров","ui":"9397777","t":265772.0,"r":218981.0,"q":3.2,"p":120.0,"mot":"U","mo":218981.0},{"cn":"","ui":"","t":0.0,"r":0.0,"q":0.0,"p":0.0,"mot":"L","mo":0.0}]},{"d":"18.03.2020","r":1158715.0,"q":3.19,"p":119.84,"s":[{"cn":"Союз-комаров","ui":"9397777","t":1260137.0,"r":1155715.0,"q":3.2,"p":120.0,"mot":"U","mo":1155715.0},{"cn":"","ui":"","t":15997.0,"r":3000.0,"q":1.0,"p":60.0,"mot":"L","mo":3000.0}]},{"d":"19.03.2020","r":10001.0,"q":2.22,"p":21.0,"s":[{"cn":"Vasquezucci Финанс","ui":"9401510","t":27150.0,"r":27150.0,"q":2.22,"p":21.0,"mot":"L","mo":10000.0},{"cn":"","ui":"","t":1.0,"r":1.0,"q":1.0,"p":60.0,"mot":"L","mo":1.0}]},{"d":"20.03.2020","r":10000.0,"q":6.21,"p":21.0,"s":[{"cn":"Vasquezucci Финанс","ui":"9401510","t":11123.0,"r":11123.0,"q":6.21,"p":21.0,"mot":"L","mo":10000.0},{"cn":"","ui":"","t":0.0,"r":0.0,"q":0.0,"p":0.0,"mot":"L","mo":0.0}]},{"d":"30.03.2020","r":3519.0,"q":1.57,"p":160.0,"s":[{"cn":"Vasquezucci Инвест","ui":"9419863","t":3519.0,"r":3519.0,"q":1.57,"p":160.0,"mot":"U","mo":3519.0},{"cn":"","ui":"","t":0.0,"r":0.0,"q":0.0,"p":0.0,"mot":"L","mo":0.0}]},{"d":"31.03.2020","r":26886.0,"q":3.77,"p":160.0,"s":[{"cn":"Vasquezucci Инвест","ui":"9419863","t":26971.0,"r":26886.0,"q":3.77,"p":160.0,"mot":"U","mo":26886.0},{"cn":"","ui":"","t":0.0,"r":0.0,"q":0.0,"p":0.0,"mot":"L","mo":0.0}]},{"d":"01.04.2020","r":21789.0,"q":5.63,"p":1.0,"s":[{"cn":"Vasquezucci Инвест","ui":"9419863","t":23675.0,"r":21789.0,"q":5.63,"p":1.0,"mot":"U","mo":21789.0},{"cn":"","ui":"","t":0.0,"r":0.0,"q":0.0,"p":0.0,"mot":"L","mo":0.0}]},{"d":"13.04.2020","r":2058.0,"q":4.31,"p":1.0,"s":[{"cn":"Beavis\u0027n\u0027ButtHead","ui":"9440377","t":2608.0,"r":2058.0,"q":4.31,"p":1.0,"mot":"U","mo":2058.0},{"cn":"","ui":"","t":0.0,"r":0.0,"q":0.0,"p":0.0,"mot":"L","mo":0.0}]},{"d":"06.05.2020","r":5263.0,"q":1.79,"p":1.0,"s":[{"cn":"Vasquezucci Финанс","ui":"9478795","t":5263.0,"r":5263.0,"q":1.79,"p":1.0,"mot":"U","mo":5263.0},{"cn":"","ui":"","t":0.0,"r":0.0,"q":0.0,"p":0.0,"mot":"L","mo":0.0}]},{"d":"07.05.2020","r":17659.0,"q":1.17,"p":2521.11,"s":[{"cn":"thechrissears Limited","ui":"9480912","t":17210.0,"r":17123.0,"q":1.0,"p":2600.0,"mot":"U","mo":17123.0},{"cn":"","ui":"","t":736.0,"r":536.0,"q":6.61,"p":1.0,"mot":"L","mo":536.0}]},{"d":"08.05.2020","r":131937.0,"q":1.0,"p":172.0,"s":[{"cn":"thechrissears Limited","ui":"9480912","t":132131.0,"r":131937.0,"q":1.0,"p":172.0,"mot":"U","mo":131937.0},{"cn":"","ui":"","t":0.0,"r":0.0,"q":0.0,"p":0.0,"mot":"L","mo":0.0}]},{"d":"11.05.2020","r":27000.0,"q":1.0,"p":400.0,"s":[{"cn":"LEDD Technologies","ui":"9484760","t":27000.0,"r":27000.0,"q":1.0,"p":400.0,"mot":"U","mo":27000.0},{"cn":"","ui":"","t":0.0,"r":0.0,"q":0.0,"p":0.0,"mot":"L","mo":0.0}]},{"d":"10.08.2020","r":6991.0,"q":1.34,"p":122.0,"s":[{"cn":"Vasquezucci Инвест","ui":"9615445","t":7077.0,"r":6991.0,"q":1.34,"p":122.0,"mot":"U","mo":6991.0},{"cn":"","ui":"","t":0.0,"r":0.0,"q":0.0,"p":0.0,"mot":"L","mo":0.0}]},{"d":"07.10.2020","r":2271.0,"q":1.0,"p":200.0,"s":[{"cn":"Б1117-38.03.01(2)_НАС","ui":"9702572","t":3030.0,"r":3030.0,"q":1.0,"p":200.0,"mot":"L","mo":2271.0},{"cn":"","ui":"","t":0.0,"r":0.0,"q":0.0,"p":0.0,"mot":"L","mo":0.0}]},{"d":"05.11.2020","r":43047.0,"q":1.0,"p":40.0,"s":[{"cn":"KopytinK Ltd.","ui":"9750794","t":43047.0,"r":43047.0,"q":1.0,"p":40.0,"mot":"U","mo":43047.0},{"cn":"","ui":"","t":0.0,"r":0.0,"q":0.0,"p":0.0,"mot":"L","mo":0.0}]},{"d":"11.11.2020","r":778.0,"q":1.0,"p":48.0,"s":[{"cn":"Б1117-38.03.03_V^2+М(2)","ui":"9763261","t":1853.0,"r":778.0,"q":1.0,"p":48.0,"mot":"L","mo":778.0},{"cn":"","ui":"","t":0.0,"r":0.0,"q":0.0,"p":0.0,"mot":"L","mo":0.0}]},{"d":"12.11.2020","r":8090.0,"q":1.0,"p":48.0,"s":[{"cn":"Б1117-38.03.03_V^2+М(2)","ui":"9763261","t":11090.0,"r":8170.0,"q":1.0,"p":48.0,"mot":"L","mo":8090.0},{"cn":"","ui":"","t":0.0,"r":0.0,"q":0.0,"p":0.0,"mot":"L","mo":0.0}]},{"d":"13.11.2020","r":4536.0,"q":1.0,"p":48.0,"s":[{"cn":"Б1117-38.03.03_V^2+М(2)","ui":"9763261","t":8191.0,"r":5094.0,"q":1.0,"p":48.0,"mot":"L","mo":4536.0},{"cn":"","ui":"","t":0.0,"r":0.0,"q":0.0,"p":0.0,"mot":"L","mo":0.0}]},{"d":"18.11.2020","r":324302.0,"q":1.0,"p":50.0,"s":[{"cn":"Сонлце Финанс","ui":"9774899","t":338998.0,"r":324302.0,"q":1.0,"p":50.0,"mot":"U","mo":324302.0},{"cn":"","ui":"","t":0.0,"r":0.0,"q":0.0,"p":0.0,"mot":"L","mo":0.0}]},{"d":"19.11.2020","r":203300.0,"q":1.16,"p":57.0,"s":[{"cn":"Uran","ui":"9777707","t":209400.0,"r":203300.0,"q":1.16,"p":57.0,"mot":"U","mo":203300.0},{"cn":"","ui":"","t":0.0,"r":0.0,"q":0.0,"p":0.0,"mot":"L","mo":0.0}]},{"d":"20.11.2020","r":6550.0,"q":1.0,"p":90.0,"s":[{"cn":"Сонлце Финанс","ui":"9779646","t":29750.0,"r":6550.0,"q":1.0,"p":90.0,"mot":"U","mo":6550.0},{"cn":"","ui":"","t":0.0,"r":0.0,"q":0.0,"p":0.0,"mot":"L","mo":0.0}]},{"d":"08.01.2021","r":17726.0,"q":3.2,"p":52.0,"s":[{"cn":"Jakey Ltd.","ui":"9855191","t":22052.0,"r":17726.0,"q":3.2,"p":52.0,"mot":"U","mo":17726.0},{"cn":"","ui":"","t":0.0,"r":0.0,"q":0.0,"p":0.0,"mot":"L","mo":0.0}]},{"d":"03.02.2021","r":18712.0,"q":2.52,"p":66.0,"s":[{"cn":"Vasquezucci Ltd.","ui":"9894815","t":18712.0,"r":18712.0,"q":2.52,"p":66.0,"mot":"U","mo":18712.0},{"cn":"","ui":"","t":0.0,"r":0.0,"q":0.0,"p":0.0,"mot":"L","mo":0.0}]},{"d":"04.02.2021","r":23353.0,"q":6.14,"p":20.0,"s":[{"cn":"Vasquezucci Ltd.","ui":"9894815","t":23533.0,"r":23353.0,"q":6.14,"p":20.0,"mot":"U","mo":23353.0},{"cn":"","ui":"","t":0.0,"r":0.0,"q":0.0,"p":0.0,"mot":"L","mo":0.0}]},{"d":"09.03.2021","r":50.0,"q":8.93,"p":11.0,"s":[{"cn":"Vasquezucci Ltd.","ui":"9950634","t":690.0,"r":470.0,"q":8.93,"p":11.0,"mot":"L","mo":50.0},{"cn":"","ui":"","t":0.0,"r":0.0,"q":0.0,"p":0.0,"mot":"L","mo":0.0}]},{"d":"23.03.2021","r":200.0,"q":2.11,"p":11.0,"s":[{"cn":"Vasquezucci Ltd.","ui":"9981187","t":8853.0,"r":8853.0,"q":2.11,"p":11.0,"mot":"L","mo":200.0},{"cn":"","ui":"","t":0.0,"r":0.0,"q":0.0,"p":0.0,"mot":"L","mo":0.0}]},{"d":"24.03.2021","r":1000.0,"q":4.17,"p":11.0,"s":[{"cn":"Vasquezucci Ltd.","ui":"9981187","t":27213.0,"r":27028.0,"q":4.17,"p":11.0,"mot":"L","mo":1000.0},{"cn":"","ui":"","t":0.0,"r":0.0,"q":0.0,"p":0.0,"mot":"L","mo":0.0}]},{"d":"30.03.2021","r":2360.0,"q":1.0,"p":420.0,"s":[{"cn":"XxX-666 Ltd.","ui":"9992753","t":2447.0,"r":2360.0,"q":1.0,"p":420.0,"mot":"U","mo":2360.0},{"cn":"","ui":"","t":0.0,"r":0.0,"q":0.0,"p":0.0,"mot":"L","mo":0.0}]},{"d":"12.04.2021","r":6000.0,"q":7.13,"p":8.0,"s":[{"cn":"Vasquezucci Финанс","ui":"10014927","t":19678.0,"r":19678.0,"q":7.13,"p":8.0,"mot":"L","mo":6000.0},{"cn":"","ui":"","t":0.0,"r":0.0,"q":0.0,"p":0.0,"mot":"L","mo":0.0}]},{"d":"13.04.2021","r":1000.0,"q":7.13,"p":12.0,"s":[{"cn":"Kulikov1 Ltd.","ui":"10017921","t":1000.0,"r":1000.0,"q":7.13,"p":12.0,"mot":"U","mo":1000.0},{"cn":"","ui":"","t":0.0,"r":0.0,"q":0.0,"p":0.0,"mot":"L","mo":0.0}]},{"d":"30.04.2021","r":30.0,"q":9.18,"p":6.0,"s":[{"cn":"Vasquezucci Ltd.","ui":"10048311","t":795.0,"r":735.0,"q":9.18,"p":6.0,"mot":"L","mo":30.0},{"cn":"","ui":"","t":0.0,"r":0.0,"q":0.0,"p":0.0,"mot":"L","mo":0.0}]},{"d":"24.11.2021","r":33005.0,"q":2.55,"p":83.93,"s":[{"cn":"Rocksanna Ltd.","ui":"10379685","t":47000.0,"r":25371.0,"q":1.43,"p":49.0,"mot":"U","mo":25371.0},{"cn":"Vasquezucci Ltd.","ui":"10379257","t":7634.0,"r":7634.0,"q":6.26,"p":200.0,"mot":"U","mo":7634.0},{"cn":"","ui":"","t":0.0,"r":0.0,"q":0.0,"p":0.0,"mot":"L","mo":0.0}]},{"d":"22.12.2021","r":25665.0,"q":1.0,"p":22.0,"s":[{"cn":"1aaaaaa Ltd.","ui":"10425510","t":25665.0,"r":25665.0,"q":1.0,"p":22.0,"mot":"U","mo":25665.0},{"cn":"","ui":"","t":0.0,"r":0.0,"q":0.0,"p":0.0,"mot":"L","mo":0.0}]},{"d":"03.03.2022","r":44680.0,"q":1.16,"p":60.0,"s":[{"cn":"Б1119-38.03.02гму ООО \u0026quot;АДЯ\u0026quot;","ui":"10532150","t":46680.0,"r":44680.0,"q":1.16,"p":60.0,"mot":"U","mo":44680.0},{"cn":"","ui":"","t":0.0,"r":0.0,"q":0.0,"p":0.0,"mot":"L","mo":0.0}]},{"d":"04.03.2022","r":64094.0,"q":1.16,"p":60.0,"s":[{"cn":"Б1119-38.03.02гму ООО \u0026quot;АДЯ\u0026quot;","ui":"10532150","t":64519.0,"r":64094.0,"q":1.16,"p":60.0,"mot":"U","mo":64094.0},{"cn":"","ui":"","t":0.0,"r":0.0,"q":0.0,"p":0.0,"mot":"L","mo":0.0}]},{"d":"17.03.2022","r":1.0,"q":1.16,"p":100000.0,"s":[{"cn":"Leonov.gleb Ltd.","ui":"10554368","t":1.0,"r":1.0,"q":1.16,"p":100000.0,"mot":"U","mo":1.0},{"cn":"","ui":"","t":0.0,"r":0.0,"q":0.0,"p":0.0,"mot":"L","mo":0.0}]},{"d":"22.03.2022","r":2962.0,"q":1.0,"p":250.0,"s":[{"cn":"Inteam","ui":"10563523","t":2962.0,"r":2962.0,"q":1.0,"p":250.0,"mot":"U","mo":2962.0},{"cn":"","ui":"","t":0.0,"r":0.0,"q":0.0,"p":0.0,"mot":"L","mo":0.0}]},{"d":"04.04.2022","r":6937.0,"q":9.24,"p":500.0,"s":[{"cn":"Vasquezucci Ltd.","ui":"10584064","t":6937.0,"r":6937.0,"q":9.24,"p":500.0,"mot":"U","mo":6937.0},{"cn":"","ui":"","t":0.0,"r":0.0,"q":0.0,"p":0.0,"mot":"L","mo":0.0}]},{"d":"06.04.2022","r":100.0,"q":1.0,"p":110.0,"s":[{"cn":"Б1119-38.03.02(3)Шрэксы","ui":"10588174","t":285.0,"r":285.0,"q":1.0,"p":110.0,"mot":"L","mo":100.0},{"cn":"","ui":"","t":0.0,"r":0.0,"q":0.0,"p":0.0,"mot":"L","mo":0.0}]},{"d":"22.04.2022","r":4000.0,"q":1.0,"p":40.0,"s":[{"cn":"AlexandrLtd.","ui":"10613577","t":56939.0,"r":56939.0,"q":1.0,"p":40.0,"mot":"L","mo":4000.0},{"cn":"","ui":"","t":0.0,"r":0.0,"q":0.0,"p":0.0,"mot":"L","mo":0.0}]},{"d":"28.04.2022","r":59220.0,"q":1.0,"p":63.08,"s":[{"cn":"Garik Getting Rich Limited","ui":"10624521","t":39697.0,"r":36466.0,"q":1.0,"p":65.0,"mot":"U","mo":36466.0},{"cn":"Zeka9099 Ltd.","ui":"10625558","t":23352.0,"r":22754.0,"q":1.0,"p":60.0,"mot":"U","mo":22754.0},{"cn":"","ui":"","t":0.0,"r":0.0,"q":0.0,"p":0.0,"mot":"L","mo":0.0}]},{"d":"03.05.2022","r":22981.0,"q":1.0,"p":53.0,"s":[{"cn":"Garik-Bezos Smarter Now Ltd.","ui":"10634938","t":42885.0,"r":22981.0,"q":1.0,"p":53.0,"mot":"U","mo":22981.0},{"cn":"","ui":"","t":0.0,"r":0.0,"q":0.0,"p":0.0,"mot":"L","mo":0.0}]},{"d":"04.05.2022","r":166817.0,"q":1.0,"p":53.0,"s":[{"cn":"Garik-Bezos Smarter Now Ltd.","ui":"10634938","t":189781.0,"r":166817.0,"q":1.0,"p":53.0,"mot":"U","mo":166817.0},{"cn":"","ui":"","t":0.0,"r":0.0,"q":0.0,"p":0.0,"mot":"L","mo":0.0}]},{"d":"09.05.2022","r":203361.0,"q":1.16,"p":80.0,"s":[{"cn":"Мельница","ui":"10647105","t":203361.0,"r":203361.0,"q":1.16,"p":80.0,"mot":"U","mo":203361.0},{"cn":"","ui":"","t":0.0,"r":0.0,"q":0.0,"p":0.0,"mot":"L","mo":0.0}]},{"d":"17.06.2022","r":16157.0,"q":9.56,"p":150.0,"s":[{"cn":"Vasquezucci Ltd.","ui":"10711107","t":16244.0,"r":16157.0,"q":9.56,"p":150.0,"mot":"U","mo":16157.0},{"cn":"","ui":"","t":0.0,"r":0.0,"q":0.0,"p":0.0,"mot":"L","mo":0.0}]},{"d":"24.06.2022","r":4375.0,"q":1.57,"p":90.0,"s":[{"cn":"Erce corp","ui":"10721268","t":4875.0,"r":4375.0,"q":1.57,"p":90.0,"mot":"U","mo":4375.0},{"cn":"","ui":"","t":0.0,"r":0.0,"q":0.0,"p":0.0,"mot":"L","mo":0.0}]},{"d":"08.07.2022","r":90958.0,"q":9.54,"p":100.0,"s":[{"cn":"Pajoro, Ltd","ui":"10744021","t":101285.0,"r":90958.0,"q":9.54,"p":100.0,"mot":"U","mo":90958.0},{"cn":"","ui":"","t":0.0,"r":0.0,"q":0.0,"p":0.0,"mot":"L","mo":0.0}]},{"d":"22.08.2022","r":94.0,"q":1.0,"p":90.0,"s":[{"cn":"Marvin.illu Ltd.","ui":"10807077","t":94.0,"r":94.0,"q":1.0,"p":90.0,"mot":"U","mo":94.0},{"cn":"","ui":"","t":0.0,"r":0.0,"q":0.0,"p":0.0,"mot":"L","mo":0.0}]},{"d":"25.08.2022","r":25015.0,"q":10.65,"p":100.0,"s":[{"cn":"Vasquezucci Ltd.","ui":"10810132","t":28597.0,"r":25015.0,"q":10.65,"p":100.0,"mot":"U","mo":25015.0},{"cn":"","ui":"","t":0.0,"r":0.0,"q":0.0,"p":0.0,"mot":"L","mo":0.0}]},{"d":"23.09.2022","r":152471.0,"q":1.57,"p":30.0,"s":[{"cn":"DiTim","ui":"10852025","t":154672.0,"r":152471.0,"q":1.57,"p":30.0,"mot":"U","mo":152471.0},{"cn":"","ui":"","t":0.0,"r":0.0,"q":0.0,"p":0.0,"mot":"L","mo":0.0}]},{"d":"26.09.2022","r":0.0,"q":0.0,"p":0.0,"s":[{"cn":"","ui":"","t":0.0,"r":0.0,"q":0.0,"p":0.0,"mot":"L","mo":0.0}]}]