[{"pi":"423627","pc":"Детские товары","ss":300000,"td":"Фешенебельный район","dc":1,"n":689.3,"vc":"1115572","sl":"Элитный","sv":"8000","p":4100.01,"q":33.27,"b":4.27,"ms":1.77,"wi":40.63,"ei":8.35,"as":401.48,"mi":"E","mv":451690,"sc":2,"lpe":98.21,"lpr":859.49,"lq":1.0,"d":1800290},{"pi":"423627","pc":"Детские товары","ss":20000,"td":"Фешенебельный район","dc":5,"n":156.25,"vc":"1254","sl":"Элитный","sv":"82","p":3200.0,"q":21.0,"b":0.0,"ms":0.02,"wi":40.63,"ei":8.35,"as":401.48,"mi":"E","mv":451690,"sc":2,"lpe":98.21,"lpr":859.49,"lq":1.0,"d":1800290},{"pi":"423627","pc":"Детские товары","ss":42500,"td":"Центр города","dc":6,"n":197.05,"vc":"15506","sl":"Элитный","sv":"5000","p":2600.0,"q":19.13,"b":0.0,"ms":2.6,"wi":29.25,"ei":8.45,"as":439.9,"mi":"E","mv":192078,"sc":2,"lpe":97.39,"lpr":852.34,"lq":1.0,"d":1245074},{"pi":"423627","pc":"Детские товары","ss":3000,"td":"Фешенебельный район","dc":2,"n":303.27,"vc":"1095","sl":"Элитный","sv":"17","p":4200.0,"q":18.53,"b":0.0,"ms":0.01,"wi":29.25,"ei":8.45,"as":439.9,"mi":"E","mv":192078,"sc":2,"lpe":97.39,"lpr":852.34,"lq":1.0,"d":1245074},{"pi":"423627","pc":"Детские товары","ss":1000,"td":"Фешенебельный район","dc":2,"n":118.28,"vc":"133","sl":"Элитный","sv":"3828","p":999.0,"q":10.95,"b":0.86,"ms":1.9,"wi":30.11,"ei":6.04,"as":324.9,"mi":"E","mv":201075,"sc":2,"lpe":98.1,"lpr":857.18,"lq":1.0,"d":1272208},{"pi":"423627","pc":"Детские товары","ss":100000,"td":"Центр города","dc":1,"n":286.1,"vc":"40072","sl":"Элитный","sv":"2","p":2500.0,"q":5.39,"b":0.0,"ms":0.0,"wi":30.11,"ei":6.04,"as":324.9,"mi":"E","mv":201075,"sc":2,"lpe":98.1,"lpr":857.18,"lq":1.0,"d":1272208},{"pi":"423627","pc":"Детские товары","ss":2100,"td":"Центр города","dc":2,"n":98.13,"vc":"1893","sl":"Элитный","sv":"5000","p":700.0,"q":18.21,"b":0.79,"ms":16.5,"wi":17.29,"ei":7.02,"as":414.39,"mi":"E","mv":30310,"sc":1,"lpe":83.5,"lpr":854.52,"lq":1.14,"d":1836889},{"pi":"423627","pc":"Детские товары","ss":700,"td":"Центр города","dc":3,"n":130.5,"vc":"698","sl":"Высокий","sv":"1000","p":999.0,"q":10.97,"b":1.34,"ms":1.57,"wi":28.38,"ei":8.39,"as":514.45,"mi":"E","mv":63895,"sc":1,"lpe":98.43,"lpr":860.26,"lq":1.0,"d":942861},{"pi":"423627","pc":"Детские товары","ss":10000,"td":"Фешенебельный район","dc":1,"n":400.2,"vc":"5914","sl":"Элитный","sv":"20557","p":2500.0,"q":34.08,"b":3.7,"ms":3.76,"wi":58.63,"ei":8.06,"as":1539.04,"mi":"E","mv":546776,"sc":5,"lpe":88.89,"lpr":1179.06,"lq":2.22,"d":2386252},{"pi":"423627","pc":"Детские товары","ss":100000,"td":"Фешенебельный район","dc":1,"n":621.13,"vc":"187770","sl":"Элитный","sv":"20000","p":3301.0,"q":33.27,"b":4.59,"ms":3.66,"wi":58.63,"ei":8.06,"as":1539.04,"mi":"E","mv":546776,"sc":5,"lpe":88.89,"lpr":1179.06,"lq":2.22,"d":2386252},{"pi":"423627","pc":"Детские товары","ss":300000,"td":"Центр города","dc":1,"n":687.24,"vc":"8047144","sl":"Низкий","sv":"18579","p":3456.78,"q":40.68,"b":0.0,"ms":3.4,"wi":58.63,"ei":8.06,"as":1539.04,"mi":"E","mv":546776,"sc":5,"lpe":88.89,"lpr":1179.06,"lq":2.22,"d":2386252},{"pi":"423627","pc":"Детские товары","ss":10000,"td":"Пригород","dc":1,"n":514.8,"vc":"36810","sl":"Очень высокий","sv":"1111","p":1555.0,"q":15.29,"b":0.44,"ms":0.2,"wi":58.63,"ei":8.06,"as":1539.04,"mi":"E","mv":546776,"sc":5,"lpe":88.89,"lpr":1179.06,"lq":2.22,"d":2386252},{"pi":"423627","pc":"Детские товары","ss":100000,"td":"Центр города","dc":1,"n":402.08,"vc":"152338","sl":"Элитный","sv":"500","p":2080.0,"q":19.17,"b":0.0,"ms":0.09,"wi":58.63,"ei":8.06,"as":1539.04,"mi":"E","mv":546776,"sc":5,"lpe":88.89,"lpr":1179.06,"lq":2.22,"d":2386252},{"pi":"423627","pc":"Детские товары","ss":10000,"td":"Пригород","dc":2,"n":566.25,"vc":"25812","sl":"Очень низкий","sv":"1111","p":1111.0,"q":15.29,"b":0.0,"ms":0.32,"wi":57.45,"ei":7.34,"as":1266.17,"mi":"E","mv":350162,"sc":2,"lpe":99.54,"lpr":1304.63,"lq":1.0,"d":1323732},{"pi":"423627","pc":"Детские товары","ss":100000,"td":"Центр города","dc":5,"n":299.09,"vc":"35952","sl":"Элитный","sv":"488","p":4000.0,"q":15.41,"b":1.32,"ms":0.14,"wi":57.45,"ei":7.34,"as":1266.17,"mi":"E","mv":350162,"sc":2,"lpe":99.54,"lpr":1304.63,"lq":1.0,"d":1323732},{"pi":"423627","pc":"Детские товары","ss":100000,"td":"Центр города","dc":5,"n":407.14,"vc":"72357","sl":"Высокий","sv":"124","p":3000.0,"q":19.3,"b":1.66,"ms":2.89,"wi":10.07,"ei":5.45,"as":184.64,"mi":"E","mv":4288,"sc":1,"lpe":97.11,"lpr":811.6,"lq":1.0,"d":261104},{"pi":"423627","pc":"Детские товары","ss":22000,"td":"Центр города","dc":10,"n":39.98,"vc":"2361","sl":"Элитный","sv":"650","p":3799.0,"q":20.44,"b":0.0,"ms":1.38,"wi":48.78,"ei":6.9,"as":731.03,"mi":"E","mv":47252,"sc":1,"lpe":98.62,"lpr":1775.91,"lq":1.0,"d":621204},{"pi":"423627","pc":"Детские товары","ss":2100,"td":"Центр города","dc":3,"n":127.73,"vc":"1198","sl":"Элитный","sv":"11000","p":1075.0,"q":10.97,"b":1.34,"ms":16.21,"wi":22.23,"ei":8.63,"as":633.68,"mi":"E","mv":67877,"sc":1,"lpe":83.79,"lpr":844.0,"lq":1.52,"d":1557480},{"pi":"423627","pc":"Детские товары","ss":100000,"td":"Фешенебельный район","dc":1,"n":695.85,"vc":"272301","sl":"Элитный","sv":"11263","p":3800.01,"q":33.26,"b":4.35,"ms":6.55,"wi":70.52,"ei":6.92,"as":830.0,"mi":"E","mv":171935,"sc":2,"lpe":93.15,"lpr":1256.16,"lq":1.0,"d":885820},{"pi":"423627","pc":"Детские товары","ss":1200,"td":"Центр города","dc":1,"n":15.16,"vc":"470","sl":"Элитный","sv":"521","p":2400.0,"q":12.53,"b":0.0,"ms":0.3,"wi":70.52,"ei":6.92,"as":830.0,"mi":"E","mv":171935,"sc":2,"lpe":93.15,"lpr":1256.16,"lq":1.0,"d":885820},{"pi":"423627","pc":"Детские товары","ss":33000,"td":"Центр города","dc":10,"n":33.24,"vc":"2094","sl":"Элитный","sv":"62","p":4789.0,"q":21.59,"b":0.0,"ms":0.27,"wi":54.11,"ei":6.6,"as":722.0,"mi":"E","mv":22865,"sc":1,"lpe":99.73,"lpr":1789.89,"lq":1.0,"d":323400},{"pi":"423627","pc":"Детские товары","ss":20000,"td":"Центр города","dc":10,"n":49.29,"vc":"1923","sl":"Элитный","sv":"1420","p":3599.0,"q":20.44,"b":0.0,"ms":6.78,"wi":58.25,"ei":6.2,"as":731.03,"mi":"E","mv":20929,"sc":1,"lpe":93.22,"lpr":1775.27,"lq":1.0,"d":311600},{"pi":"423627","pc":"Детские товары","ss":900,"td":"Центр города","dc":1,"n":38.44,"vc":"492","sl":"Элитный","sv":"300","p":4500.0,"q":20.44,"b":0.0,"ms":0.89,"wi":83.43,"ei":8.91,"as":1020.93,"mi":"E","mv":33788,"sc":1,"lpe":99.11,"lpr":2504.79,"lq":1.0,"d":359901},{"pi":"423627","pc":"Детские товары","ss":100000,"td":"Фешенебельный район","dc":1,"n":611.28,"vc":"258579","sl":"Элитный","sv":"50000","p":2801.0,"q":33.58,"b":3.68,"ms":7.71,"wi":43.4,"ei":9.2,"as":395.48,"mi":"E","mv":648278,"sc":6,"lpe":87.29,"lpr":837.69,"lq":1.62,"d":2720107},{"pi":"423627","pc":"Детские товары","ss":100000,"td":"Центр города","dc":1,"n":438.76,"vc":"218758","sl":"Элитный","sv":"30000","p":2400.0,"q":34.18,"b":2.42,"ms":4.63,"wi":43.4,"ei":9.2,"as":395.48,"mi":"E","mv":648278,"sc":6,"lpe":87.29,"lpr":837.69,"lq":1.62,"d":2720107},{"pi":"423627","pc":"Детские товары","ss":100000,"td":"Центр города","dc":5,"n":388.71,"vc":"135188","sl":"Очень высокий","sv":"2000","p":1600.0,"q":21.03,"b":1.96,"ms":0.31,"wi":43.4,"ei":9.2,"as":395.48,"mi":"E","mv":648278,"sc":6,"lpe":87.29,"lpr":837.69,"lq":1.62,"d":2720107},{"pi":"423627","pc":"Детские товары","ss":100000,"td":"Фешенебельный район","dc":7,"n":529.15,"vc":"117381","sl":"Очень высокий","sv":"299","p":2990.0,"q":12.55,"b":0.0,"ms":0.05,"wi":43.4,"ei":9.2,"as":395.48,"mi":"E","mv":648278,"sc":6,"lpe":87.29,"lpr":837.69,"lq":1.62,"d":2720107},{"pi":"423627","pc":"Детские товары","ss":100000,"td":"Фешенебельный район","dc":5,"n":529.15,"vc":"117381","sl":"Очень высокий","sv":"126","p":3990.0,"q":19.13,"b":0.0,"ms":0.02,"wi":43.4,"ei":9.2,"as":395.48,"mi":"E","mv":648278,"sc":6,"lpe":87.29,"lpr":837.69,"lq":1.62,"d":2720107},{"pi":"423627","pc":"Детские товары","ss":100000,"td":"Центр города","dc":2,"n":176.17,"vc":"17514","sl":"Элитный","sv":"1","p":2700.0,"q":10.18,"b":1.0,"ms":0.0,"wi":43.4,"ei":9.2,"as":395.48,"mi":"E","mv":648278,"sc":6,"lpe":87.29,"lpr":837.69,"lq":1.62,"d":2720107},{"pi":"423627","pc":"Детские товары","ss":100000,"td":"Фешенебельный район","dc":1,"n":657.98,"vc":"196240","sl":"Элитный","sv":"4000","p":4000.0,"q":33.27,"b":4.3,"ms":1.97,"wi":46.54,"ei":10.65,"as":615.72,"mi":"E","mv":202706,"sc":3,"lpe":97.43,"lpr":889.9,"lq":1.0,"d":1212710},{"pi":"423627","pc":"Детские товары","ss":111000,"td":"Центр города","dc":2,"n":467.53,"vc":"229813","sl":"Элитный","sv":"1114","p":3800.0,"q":21.0,"b":0.0,"ms":0.55,"wi":46.54,"ei":10.65,"as":615.72,"mi":"E","mv":202706,"sc":3,"lpe":97.43,"lpr":889.9,"lq":1.0,"d":1212710},{"pi":"423627","pc":"Детские товары","ss":35000,"td":"Центр города","dc":5,"n":168.31,"vc":"10016","sl":"Элитный","sv":"87","p":3500.0,"q":21.02,"b":0.0,"ms":0.04,"wi":46.54,"ei":10.65,"as":615.72,"mi":"E","mv":202706,"sc":3,"lpe":97.43,"lpr":889.9,"lq":1.0,"d":1212710},{"pi":"423627","pc":"Детские товары","ss":100000,"td":"Центр города","dc":4,"n":410.87,"vc":"73160","sl":"Очень высокий","sv":"1000","p":1500.0,"q":21.03,"b":1.96,"ms":1.62,"wi":40.4,"ei":6.39,"as":406.55,"mi":"E","mv":61757,"sc":2,"lpe":98.35,"lpr":853.21,"lq":1.0,"d":421539},{"pi":"423627","pc":"Детские товары","ss":100000,"td":"Центр города","dc":1,"n":260.03,"vc":"17153","sl":"Элитный","sv":"16","p":3100.0,"q":9.5,"b":1.0,"ms":0.03,"wi":40.4,"ei":6.39,"as":406.55,"mi":"E","mv":61757,"sc":2,"lpe":98.35,"lpr":853.21,"lq":1.0,"d":421539},{"pi":"423627","pc":"Детские товары","ss":100000,"td":"Фешенебельный район","dc":7,"n":684.18,"vc":"165757","sl":"Высокий","sv":"2330","p":2660.0,"q":12.55,"b":0.0,"ms":2.53,"wi":44.09,"ei":8.6,"as":566.73,"mi":"E","mv":92244,"sc":4,"lpe":95.59,"lpr":937.19,"lq":1.0,"d":461655},{"pi":"423627","pc":"Детские товары","ss":100000,"td":"Центр города","dc":10,"n":394.02,"vc":"67867","sl":"Очень высокий","sv":"1000","p":1500.0,"q":21.03,"b":1.96,"ms":1.08,"wi":44.09,"ei":8.6,"as":566.73,"mi":"E","mv":92244,"sc":4,"lpe":95.59,"lpr":937.19,"lq":1.0,"d":461655},{"pi":"423627","pc":"Детские товары","ss":100000,"td":"Фешенебельный район","dc":8,"n":685.05,"vc":"167150","sl":"Нормальный","sv":"730","p":4660.0,"q":19.13,"b":0.0,"ms":0.79,"wi":44.09,"ei":8.6,"as":566.73,"mi":"E","mv":92244,"sc":4,"lpe":95.59,"lpr":937.19,"lq":1.0,"d":461655},{"pi":"423627","pc":"Детские товары","ss":100000,"td":"Центр города","dc":1,"n":249.95,"vc":"16984","sl":"Элитный","sv":"6","p":3700.0,"q":10.1,"b":1.0,"ms":0.01,"wi":44.09,"ei":8.6,"as":566.73,"mi":"E","mv":92244,"sc":4,"lpe":95.59,"lpr":937.19,"lq":1.0,"d":461655},{"pi":"423627","pc":"Детские товары","ss":42000,"td":"Центр города","dc":3,"n":189.02,"vc":"12264","sl":"Элитный","sv":"20","p":2800.0,"q":13.62,"b":0.0,"ms":0.01,"wi":55.33,"ei":6.5,"as":1011.7,"mi":"E","mv":237870,"sc":1,"lpe":99.99,"lpr":859.04,"lq":1.0,"d":937349},{"pi":"423627","pc":"Детские товары","ss":1000,"td":"Центр города","dc":1,"n":461.93,"vc":"2606","sl":"Очень высокий","sv":"30","p":2000.0,"q":16.82,"b":1.53,"ms":0.13,"wi":56.54,"ei":6.3,"as":470.0,"mi":"E","mv":23512,"sc":2,"lpe":99.86,"lpr":1006.25,"lq":1.0,"d":110718},{"pi":"423627","pc":"Детские товары","ss":100,"td":"Окраина","dc":8,"n":83.06,"vc":"29","sl":"Очень низкий","sv":"3","p":1000.0,"q":1.0,"b":0.0,"ms":0.01,"wi":56.54,"ei":6.3,"as":470.0,"mi":"E","mv":23512,"sc":2,"lpe":99.86,"lpr":1006.25,"lq":1.0,"d":110718},{"pi":"423627","pc":"Детские товары","ss":100000,"td":"Фешенебельный район","dc":1,"n":673.28,"vc":"225670","sl":"Элитный","sv":"14000","p":3501.0,"q":33.27,"b":4.36,"ms":9.26,"wi":33.26,"ei":7.71,"as":382.99,"mi":"E","mv":151263,"sc":1,"lpe":90.74,"lpr":807.45,"lq":1.0,"d":1070130},{"pi":"423627","pc":"Детские товары","ss":25000,"td":"Центр города","dc":10,"n":51.87,"vc":"1970","sl":"Элитный","sv":"1385","p":3590.0,"q":21.44,"b":0.0,"ms":8.36,"wi":59.28,"ei":6.62,"as":770.0,"mi":"E","mv":16568,"sc":2,"lpe":91.04,"lpr":1655.32,"lq":1.0,"d":389214},{"pi":"423627","pc":"Детские товары","ss":500,"td":"Центр города","dc":1,"n":38.71,"vc":"231","sl":"Элитный","sv":"100","p":3000.0,"q":12.55,"b":0.0,"ms":0.6,"wi":59.28,"ei":6.62,"as":770.0,"mi":"E","mv":16568,"sc":2,"lpe":91.04,"lpr":1655.32,"lq":1.0,"d":389214},{"pi":"423627","pc":"Детские товары","ss":1000,"td":"Центр города","dc":1,"n":465.65,"vc":"2618","sl":"Очень высокий","sv":"30","p":2000.0,"q":16.82,"b":1.53,"ms":0.24,"wi":40.25,"ei":6.2,"as":475.0,"mi":"E","mv":12487,"sc":1,"lpe":99.76,"lpr":1003.45,"lq":1.0,"d":105000},{"pi":"423627","pc":"Детские товары","ss":1200,"td":"Центр города","dc":2,"n":52.74,"vc":"540","sl":"Элитный","sv":"5483","p":1020.0,"q":10.94,"b":0.86,"ms":11.04,"wi":26.16,"ei":6.06,"as":311.6,"mi":"E","mv":49654,"sc":1,"lpe":88.96,"lpr":854.2,"lq":1.56,"d":711318},{"pi":"423627","pc":"Детские товары","ss":100000,"td":"Центр города","dc":10,"n":418.01,"vc":"75496","sl":"Нормальный","sv":"1000","p":2000.0,"q":21.03,"b":1.96,"ms":1.59,"wi":41.98,"ei":5.78,"as":781.08,"mi":"E","mv":63041,"sc":3,"lpe":98.25,"lpr":983.25,"lq":1.0,"d":595383},{"pi":"423627","pc":"Детские товары","ss":100000,"td":"Фешенебельный район","dc":6,"n":689.99,"vc":"154809","sl":"Нормальный","sv":"99","p":3330.0,"q":11.71,"b":0.0,"ms":0.16,"wi":41.98,"ei":5.78,"as":781.08,"mi":"E","mv":63041,"sc":3,"lpe":98.25,"lpr":983.25,"lq":1.0,"d":595383},{"pi":"423627","pc":"Детские товары","ss":100000,"td":"Центр города","dc":2,"n":264.39,"vc":"17235","sl":"Очень высокий","sv":"2","p":3600.0,"q":10.03,"b":1.0,"ms":0.0,"wi":41.98,"ei":5.78,"as":781.08,"mi":"E","mv":63041,"sc":3,"lpe":98.25,"lpr":983.25,"lq":1.0,"d":595383},{"pi":"423627","pc":"Детские товары","ss":1000,"td":"Центр города","dc":1,"n":440.38,"vc":"2576","sl":"Очень высокий","sv":"30","p":2000.0,"q":16.82,"b":1.53,"ms":0.17,"wi":41.0,"ei":6.27,"as":505.0,"mi":"E","mv":17385,"sc":2,"lpe":99.78,"lpr":1066.58,"lq":1.0,"d":150500},{"pi":"423627","pc":"Детские товары","ss":300,"td":"Центр города","dc":8,"n":159.48,"vc":"268","sl":"Низкий","sv":"9","p":1050.0,"q":1.0,"b":0.0,"ms":0.05,"wi":41.0,"ei":6.27,"as":505.0,"mi":"E","mv":17385,"sc":2,"lpe":99.78,"lpr":1066.58,"lq":1.0,"d":150500},{"pi":"423627","pc":"Детские товары","ss":1000,"td":"Центр города","dc":1,"n":440.61,"vc":"2576","sl":"Очень высокий","sv":"80","p":2000.0,"q":16.82,"b":1.53,"ms":0.46,"wi":41.89,"ei":6.37,"as":510.0,"mi":"E","mv":17329,"sc":1,"lpe":99.54,"lpr":1073.3,"lq":1.0,"d":150000},{"pi":"423627","pc":"Детские товары","ss":300000,"td":"Центр города","dc":7,"n":715.37,"vc":"1239645","sl":"Низкий","sv":"2229","p":1509.8,"q":35.49,"b":0.0,"ms":23.49,"wi":10.19,"ei":6.75,"as":168.29,"mi":"E","mv":9491,"sc":1,"lpe":76.51,"lpr":439.3,"lq":1.06,"d":787415},{"pi":"423627","pc":"Детские товары","ss":100000,"td":"Центр города","dc":10,"n":425.8,"vc":"78236","sl":"Нормальный","sv":"5000","p":1500.0,"q":21.03,"b":1.96,"ms":9.81,"wi":33.97,"ei":5.99,"as":686.84,"mi":"E","mv":50980,"sc":3,"lpe":88.8,"lpr":848.31,"lq":1.7,"d":304853},{"pi":"423627","pc":"Детские товары","ss":100000,"td":"Фешенебельный район","dc":7,"n":693.57,"vc":"154071","sl":"Высокий","sv":"699","p":3330.0,"q":19.13,"b":0.0,"ms":1.37,"wi":33.97,"ei":5.99,"as":686.84,"mi":"E","mv":50980,"sc":3,"lpe":88.8,"lpr":848.31,"lq":1.7,"d":304853},{"pi":"423627","pc":"Детские товары","ss":100000,"td":"Центр города","dc":2,"n":269.09,"vc":"17337","sl":"Элитный","sv":"11","p":2650.0,"q":9.41,"b":1.0,"ms":0.02,"wi":33.97,"ei":5.99,"as":686.84,"mi":"E","mv":50980,"sc":3,"lpe":88.8,"lpr":848.31,"lq":1.7,"d":304853},{"pi":"423627","pc":"Детские товары","ss":100000,"td":"Центр города","dc":1,"n":15.43,"vc":"3524","sl":"Элитный","sv":"4720","p":848.01,"q":22.84,"b":0.0,"ms":0.96,"wi":43.56,"ei":8.35,"as":430.1,"mi":"E","mv":490202,"sc":1,"lpe":99.04,"lpr":858.19,"lq":1.0,"d":2076356},{"pi":"423627","pc":"Детские товары","ss":100000,"td":"Центр города","dc":10,"n":392.1,"vc":"67335","sl":"Очень высокий","sv":"5000","p":1500.0,"q":21.03,"b":1.96,"ms":5.98,"wi":36.0,"ei":7.37,"as":499.89,"mi":"E","mv":83639,"sc":4,"lpe":89.95,"lpr":834.16,"lq":1.17,"d":406442},{"pi":"423627","pc":"Детские товары","ss":100000,"td":"Фешенебельный район","dc":6,"n":686.4,"vc":"171144","sl":"Высокий","sv":"2786","p":3660.0,"q":19.13,"b":0.0,"ms":3.33,"wi":36.0,"ei":7.37,"as":499.89,"mi":"E","mv":83639,"sc":4,"lpe":89.95,"lpr":834.16,"lq":1.17,"d":406442},{"pi":"423627","pc":"Детские товары","ss":100000,"td":"Фешенебельный район","dc":7,"n":687.43,"vc":"172835","sl":"Высокий","sv":"599","p":3660.0,"q":19.13,"b":0.0,"ms":0.72,"wi":36.0,"ei":7.37,"as":499.89,"mi":"E","mv":83639,"sc":4,"lpe":89.95,"lpr":834.16,"lq":1.17,"d":406442},{"pi":"423627","pc":"Детские товары","ss":100000,"td":"Центр города","dc":2,"n":248.77,"vc":"16970","sl":"Элитный","sv":"17","p":2750.0,"q":8.98,"b":1.0,"ms":0.02,"wi":36.0,"ei":7.37,"as":499.89,"mi":"E","mv":83639,"sc":4,"lpe":89.95,"lpr":834.16,"lq":1.17,"d":406442},{"pi":"423627","pc":"Детские товары","ss":200000,"td":"Фешенебельный район","dc":1,"n":660.76,"vc":"909741","sl":"Элитный","sv":"90000","p":3000.01,"q":33.27,"b":4.27,"ms":4.43,"wi":51.41,"ei":10.21,"as":485.24,"mi":"E","mv":2032842,"sc":5,"lpe":90.39,"lpr":830.42,"lq":1.0,"d":7937297},{"pi":"423627","pc":"Детские товары","ss":300000,"td":"Центр города","dc":2,"n":487.32,"vc":"1794494","sl":"Высокий","sv":"50000","p":2600.0,"q":32.37,"b":1.82,"ms":2.46,"wi":51.41,"ei":10.21,"as":485.24,"mi":"E","mv":2032842,"sc":5,"lpe":90.39,"lpr":830.42,"lq":1.0,"d":7937297},{"pi":"423627","pc":"Детские товары","ss":10000,"td":"Спальный район","dc":1,"n":405.56,"vc":"46857","sl":"Очень высокий","sv":"40000","p":2100.0,"q":34.18,"b":2.94,"ms":1.97,"wi":51.41,"ei":10.21,"as":485.24,"mi":"E","mv":2032842,"sc":5,"lpe":90.39,"lpr":830.42,"lq":1.0,"d":7937297},{"pi":"423627","pc":"Детские товары","ss":200000,"td":"Центр города","dc":1,"n":18.7,"vc":"7616","sl":"Элитный","sv":"15355","p":1018.13,"q":19.36,"b":0.0,"ms":0.76,"wi":51.41,"ei":10.21,"as":485.24,"mi":"E","mv":2032842,"sc":5,"lpe":90.39,"lpr":830.42,"lq":1.0,"d":7937297},{"pi":"423627","pc":"Детские товары","ss":100000,"td":"Центр города","dc":6,"n":425.07,"vc":"289386","sl":"Нормальный","sv":"61","p":3300.0,"q":18.54,"b":0.0,"ms":0.0,"wi":51.41,"ei":10.21,"as":485.24,"mi":"E","mv":2032842,"sc":5,"lpe":90.39,"lpr":830.42,"lq":1.0,"d":7937297},{"pi":"423627","pc":"Детские товары","ss":100000,"td":"Фешенебельный район","dc":1,"n":662.77,"vc":"157219","sl":"Элитный","sv":"13000","p":3900.01,"q":33.27,"b":4.61,"ms":10.42,"wi":46.81,"ei":5.3,"as":327.63,"mi":"E","mv":124819,"sc":1,"lpe":89.58,"lpr":859.2,"lq":1.7,"d":457641},{"pi":"423627","pc":"Детские товары","ss":100000,"td":"Фешенебельный район","dc":1,"n":692.11,"vc":"178736","sl":"Элитный","sv":"8000","p":4450.0,"q":33.27,"b":4.61,"ms":9.95,"wi":38.9,"ei":5.08,"as":323.88,"mi":"E","mv":80427,"sc":1,"lpe":90.05,"lpr":847.84,"lq":1.0,"d":294868},{"pi":"423627","pc":"Детские товары","ss":100000,"td":"Фешенебельный район","dc":1,"n":682.58,"vc":"206094","sl":"Элитный","sv":"16000","p":3000.01,"q":33.27,"b":4.61,"ms":10.2,"wi":40.49,"ei":5.9,"as":383.71,"mi":"E","mv":156936,"sc":1,"lpe":89.8,"lpr":859.25,"lq":1.68,"d":575400},{"pi":"423627","pc":"Детские товары","ss":1000,"td":"Центр города","dc":3,"n":111.48,"vc":"446","sl":"Элитный","sv":"2500","p":1600.0,"q":11.84,"b":1.31,"ms":5.6,"wi":55.2,"ei":6.35,"as":490.0,"mi":"E","mv":44672,"sc":2,"lpe":94.18,"lpr":1033.96,"lq":1.0,"d":200961},{"pi":"423627","pc":"Детские товары","ss":1000,"td":"Центр города","dc":1,"n":417.27,"vc":"2502","sl":"Очень высокий","sv":"100","p":2000.0,"q":16.82,"b":1.53,"ms":0.22,"wi":55.2,"ei":6.35,"as":490.0,"mi":"E","mv":44672,"sc":2,"lpe":94.18,"lpr":1033.96,"lq":1.0,"d":200961},{"pi":"423627","pc":"Детские товары","ss":100000,"td":"Фешенебельный район","dc":1,"n":655.21,"vc":"143006","sl":"Элитный","sv":"14000","p":3500.0,"q":33.27,"b":4.61,"ms":11.41,"wi":40.52,"ei":6.02,"as":346.71,"mi":"E","mv":122704,"sc":2,"lpe":87.91,"lpr":842.99,"lq":1.7,"d":429614},{"pi":"423627","pc":"Детские товары","ss":1900,"td":"Центр города","dc":1,"n":66.37,"vc":"599","sl":"Элитный","sv":"841","p":2300.0,"q":12.54,"b":0.0,"ms":0.69,"wi":40.52,"ei":6.02,"as":346.71,"mi":"E","mv":122704,"sc":2,"lpe":87.91,"lpr":842.99,"lq":1.7,"d":429614},{"pi":"423627","pc":"Детские товары","ss":100000,"td":"Фешенебельный район","dc":1,"n":686.29,"vc":"223299","sl":"Элитный","sv":"12000","p":3475.01,"q":33.27,"b":4.81,"ms":10.15,"wi":44.27,"ei":6.43,"as":852.09,"mi":"E","mv":118250,"sc":1,"lpe":89.85,"lpr":847.3,"lq":1.62,"d":653500},{"pi":"423627","pc":"Детские товары","ss":1000,"td":"Спальный район","dc":1,"n":122.44,"vc":"939","sl":"Элитный","sv":"10000","p":750.0,"q":18.21,"b":2.29,"ms":4.93,"wi":76.41,"ei":6.74,"as":520.0,"mi":"E","mv":203009,"sc":4,"lpe":89.4,"lpr":1161.81,"lq":1.31,"d":1007644},{"pi":"423627","pc":"Детские товары","ss":1000,"td":"Центр города","dc":1,"n":304.47,"vc":"2329","sl":"Очень высокий","sv":"10000","p":2600.0,"q":32.37,"b":4.28,"ms":4.93,"wi":76.41,"ei":6.74,"as":520.0,"mi":"E","mv":203009,"sc":4,"lpe":89.4,"lpr":1161.81,"lq":1.31,"d":1007644},{"pi":"423627","pc":"Детские товары","ss":1000,"td":"Центр города","dc":3,"n":55.17,"vc":"571","sl":"Очень высокий","sv":"1420","p":2000.0,"q":8.02,"b":1.31,"ms":0.7,"wi":76.41,"ei":6.74,"as":520.0,"mi":"E","mv":203009,"sc":4,"lpe":89.4,"lpr":1161.81,"lq":1.31,"d":1007644},{"pi":"423627","pc":"Детские товары","ss":1000,"td":"Центр города","dc":1,"n":314.92,"vc":"2470","sl":"Очень высокий","sv":"100","p":3000.0,"q":16.82,"b":1.53,"ms":0.05,"wi":76.41,"ei":6.74,"as":520.0,"mi":"E","mv":203009,"sc":4,"lpe":89.4,"lpr":1161.81,"lq":1.31,"d":1007644},{"pi":"423627","pc":"Детские товары","ss":1600,"td":"Центр города","dc":1,"n":95.25,"vc":"813","sl":"Элитный","sv":"1133","p":2100.0,"q":12.52,"b":0.0,"ms":26.43,"wi":11.97,"ei":6.39,"as":253.47,"mi":"E","mv":4286,"sc":1,"lpe":73.57,"lpr":753.44,"lq":1.34,"d":244114},{"pi":"423627","pc":"Детские товары","ss":1800,"td":"Центр города","dc":1,"n":117.22,"vc":"711","sl":"Элитный","sv":"1500","p":2300.0,"q":12.55,"b":0.0,"ms":6.96,"wi":22.29,"ei":6.67,"as":399.41,"mi":"E","mv":21539,"sc":1,"lpe":93.04,"lpr":852.46,"lq":1.0,"d":569331},{"pi":"423627","pc":"Детские товары","ss":2500,"td":"Центр города","dc":1,"n":56.79,"vc":"709","sl":"Элитный","sv":"2185","p":2700.0,"q":12.54,"b":0.0,"ms":1.38,"wi":50.78,"ei":4.68,"as":308.59,"mi":"E","mv":158137,"sc":1,"lpe":98.62,"lpr":1047.3,"lq":1.0,"d":591389},{"pi":"423627","pc":"Детские товары","ss":100000,"td":"Фешенебельный район","dc":1,"n":645.89,"vc":"260486","sl":"Элитный","sv":"25000","p":3295.01,"q":33.27,"b":4.61,"ms":9.48,"wi":43.38,"ei":6.7,"as":374.03,"mi":"E","mv":263681,"sc":1,"lpe":90.52,"lpr":843.93,"lq":1.0,"d":966800},{"pi":"423627","pc":"Детские товары","ss":100000,"td":"Фешенебельный район","dc":1,"n":684.92,"vc":"285050","sl":"Элитный","sv":"12000","p":4001.0,"q":33.27,"b":4.61,"ms":10.41,"wi":56.44,"ei":6.85,"as":380.03,"mi":"E","mv":115289,"sc":2,"lpe":88.79,"lpr":845.99,"lq":1.58,"d":428016},{"pi":"423627","pc":"Детские товары","ss":2900,"td":"Центр города","dc":1,"n":63.87,"vc":"707","sl":"Элитный","sv":"923","p":2300.0,"q":12.54,"b":0.0,"ms":0.8,"wi":56.44,"ei":6.85,"as":380.03,"mi":"E","mv":115289,"sc":2,"lpe":88.79,"lpr":845.99,"lq":1.58,"d":428016},{"pi":"423627","pc":"Детские товары","ss":300000,"td":"Фешенебельный район","dc":1,"n":683.02,"vc":"676444","sl":"Элитный","sv":"20000","p":3551.0,"q":33.27,"b":4.61,"ms":4.64,"wi":61.14,"ei":8.95,"as":503.46,"mi":"E","mv":431102,"sc":3,"lpe":92.75,"lpr":1466.01,"lq":1.0,"d":1890013},{"pi":"423627","pc":"Детские товары","ss":100000,"td":"Фешенебельный район","dc":1,"n":595.65,"vc":"128668","sl":"Элитный","sv":"6000","p":4000.0,"q":24.39,"b":0.0,"ms":1.39,"wi":61.14,"ei":8.95,"as":503.46,"mi":"E","mv":431102,"sc":3,"lpe":92.75,"lpr":1466.01,"lq":1.0,"d":1890013},{"pi":"423627","pc":"Детские товары","ss":2500,"td":"Центр города","dc":1,"n":12.16,"vc":"765","sl":"Элитный","sv":"5245","p":2800.0,"q":12.53,"b":0.0596034318398475,"ms":1.22,"wi":61.14,"ei":8.95,"as":503.46,"mi":"E","mv":431102,"sc":3,"lpe":92.75,"lpr":1466.01,"lq":1.0,"d":1890013},{"pi":"423627","pc":"Детские товары","ss":100000,"td":"Центр города","dc":6,"n":547.37,"vc":"124663","sl":"Очень высокий","sv":"100","p":2000.0,"q":21.02,"b":2.79,"ms":5.73,"wi":23.17,"ei":8.33,"as":763.85,"mi":"E","mv":1745,"sc":2,"lpe":93.87,"lpr":1174.25,"lq":1.0,"d":62655},{"pi":"423627","pc":"Детские товары","ss":10100,"td":"Центр города","dc":9,"n":684.12,"vc":"74598","sl":"Очень низкий","sv":"7","p":3569.55,"q":20.19,"b":0.0,"ms":0.4,"wi":23.17,"ei":8.33,"as":763.85,"mi":"E","mv":1745,"sc":2,"lpe":93.87,"lpr":1174.25,"lq":1.0,"d":62655},{"pi":"423627","pc":"Детские товары","ss":1000,"td":"Центр города","dc":2,"n":383.55,"vc":"2520","sl":"Нормальный","sv":"1000","p":1200.0,"q":22.29,"b":1.56,"ms":1.73,"wi":26.96,"ei":5.07,"as":319.85,"mi":"E","mv":57935,"sc":1,"lpe":98.27,"lpr":851.98,"lq":1.0,"d":708233},{"pi":"423627","pc":"Детские товары","ss":100000,"td":"Фешенебельный район","dc":1,"n":674.24,"vc":"357256","sl":"Элитный","sv":"30000","p":3400.0,"q":33.27,"b":4.61,"ms":10.44,"wi":41.77,"ei":5.17,"as":324.21,"mi":"E","mv":287300,"sc":2,"lpe":89.48,"lpr":842.21,"lq":1.61,"d":1093944},{"pi":"423627","pc":"Детские товары","ss":10000,"td":"Центр города","dc":2,"n":156.37,"vc":"3296","sl":"Элитный","sv":"236","p":1200.0,"q":3.7,"b":0.0,"ms":0.08,"wi":41.77,"ei":5.17,"as":324.21,"mi":"E","mv":287300,"sc":2,"lpe":89.48,"lpr":842.21,"lq":1.61,"d":1093944},{"pi":"423627","pc":"Детские товары","ss":300000,"td":"Фешенебельный район","dc":2,"n":652.49,"vc":"627640","sl":"Элитный","sv":"70000","p":3231.0,"q":33.27,"b":4.41,"ms":9.73,"wi":37.74,"ei":8.34,"as":368.44,"mi":"E","mv":719697,"sc":4,"lpe":89.53,"lpr":845.1,"lq":1.65,"d":3046448},{"pi":"423627","pc":"Детские товары","ss":300000,"td":"Фешенебельный район","dc":2,"n":413.54,"vc":"94746","sl":"Элитный","sv":"3855","p":3600.0,"q":21.42,"b":0.0,"ms":0.54,"wi":37.74,"ei":8.34,"as":368.44,"mi":"E","mv":719697,"sc":4,"lpe":89.53,"lpr":845.1,"lq":1.65,"d":3046448},{"pi":"423627","pc":"Детские товары","ss":21000,"td":"Центр города","dc":4,"n":294.43,"vc":"31356","sl":"Очень высокий","sv":"1500","p":2500.0,"q":19.13,"b":0.0,"ms":0.21,"wi":37.74,"ei":8.34,"as":368.44,"mi":"E","mv":719697,"sc":4,"lpe":89.53,"lpr":845.1,"lq":1.65,"d":3046448},{"pi":"423627","pc":"Детские товары","ss":200200,"td":"Центр города","dc":5,"n":14.72,"vc":"7842","sl":"Очень высокий","sv":"6","p":3100.0,"q":10.35,"b":0.0,"ms":0.0,"wi":37.74,"ei":8.34,"as":368.44,"mi":"E","mv":719697,"sc":4,"lpe":89.53,"lpr":845.1,"lq":1.65,"d":3046448},{"pi":"423627","pc":"Детские товары","ss":100000,"td":"Фешенебельный район","dc":7,"n":636.03,"vc":"135253","sl":"Высокий","sv":"2660","p":3300.0,"q":12.55,"b":0.0,"ms":1.73,"wi":52.91,"ei":9.63,"as":496.97,"mi":"E","mv":153371,"sc":1,"lpe":98.27,"lpr":1138.52,"lq":1.0,"d":819904},{"pi":"423627","pc":"Детские товары","ss":300000,"td":"Фешенебельный район","dc":7,"n":584.28,"vc":"386724","sl":"Очень высокий","sv":"2651","p":3700.0,"q":21.92,"b":0.0,"ms":0.62,"wi":49.96,"ei":7.81,"as":400.0,"mi":"E","mv":425489,"sc":1,"lpe":99.38,"lpr":1031.54,"lq":1.0,"d":1560098},{"pi":"423627","pc":"Детские товары","ss":20000,"td":"Центр города","dc":1,"n":399.29,"vc":"29786","sl":"Элитный","sv":"6953","p":5000.0,"q":12.55,"b":0.0,"ms":17.44,"wi":120.31,"ei":8.27,"as":1100.0,"mi":"E","mv":39868,"sc":1,"lpe":82.56,"lpr":2360.02,"lq":1.09,"d":261300},{"pi":"423627","pc":"Детские товары","ss":100000,"td":"Центр города","dc":9,"n":361.53,"vc":"59321","sl":"Низкий","sv":"100","p":1000.0,"q":22.29,"b":0.96,"ms":1.03,"wi":12.41,"ei":5.85,"as":1069.31,"mi":"E","mv":9666,"sc":1,"lpe":98.97,"lpr":861.88,"lq":1.0,"d":547234},{"pi":"423627","pc":"Детские товары","ss":1000,"td":"Центр города","dc":1,"n":467.98,"vc":"2617","sl":"Очень высокий","sv":"30","p":1800.0,"q":16.82,"b":1.53,"ms":0.14,"wi":54.25,"ei":5.98,"as":460.0,"mi":"E","mv":21943,"sc":1,"lpe":99.86,"lpr":971.83,"lq":1.0,"d":104429},{"pi":"423627","pc":"Детские товары","ss":1000,"td":"Центр города","dc":1,"n":354.37,"vc":"2493","sl":"Очень высокий","sv":"7621","p":1900.0,"q":22.29,"b":1.51,"ms":5.25,"wi":47.92,"ei":6.7,"as":411.38,"mi":"E","mv":145070,"sc":2,"lpe":94.74,"lpr":851.77,"lq":1.0,"d":1145586},{"pi":"423627","pc":"Детские товары","ss":500,"td":"Спальный район","dc":1,"n":51.19,"vc":"246","sl":"Очень высокий","sv":"14","p":1480.0,"q":10.05,"b":0.0,"ms":0.01,"wi":47.92,"ei":6.7,"as":411.38,"mi":"E","mv":145070,"sc":2,"lpe":94.74,"lpr":851.77,"lq":1.0,"d":1145586},{"pi":"423627","pc":"Детские товары","ss":100000,"td":"Центр города","dc":8,"n":413.6,"vc":"74481","sl":"Очень низкий","sv":"100","p":2000.0,"q":22.29,"b":0.96,"ms":2.41,"wi":10.7,"ei":2.85,"as":305.88,"mi":"E","mv":4150,"sc":1,"lpe":97.59,"lpr":837.71,"lq":1.0,"d":291896},{"pi":"423627","pc":"Детские товары","ss":100000,"td":"Центр города","dc":8,"n":247.29,"vc":"38250","sl":"Низкий","sv":"100","p":1200.0,"q":22.29,"b":0.96,"ms":0.18,"wi":7.3,"ei":3.97,"as":155.77,"mi":"E","mv":56210,"sc":1,"lpe":99.82,"lpr":846.3,"lq":1.0,"d":9182999},{"pi":"423627","pc":"Детские товары","ss":100000,"td":"Фешенебельный район","dc":1,"n":634.7,"vc":"115226","sl":"Элитный","sv":"7000","p":3151.0,"q":33.27,"b":3.0,"ms":11.24,"wi":33.25,"ei":5.98,"as":355.0,"mi":"E","mv":62283,"sc":1,"lpe":88.76,"lpr":839.4,"lq":1.54,"d":407200},{"pi":"423627","pc":"Детские товары","ss":100000,"td":"Фешенебельный район","dc":10,"n":340.93,"vc":"8161","sl":"Элитный","sv":"2000","p":1000.0,"q":22.29,"b":1.76,"ms":1.09,"wi":46.42,"ei":7.3,"as":627.02,"mi":"E","mv":183233,"sc":3,"lpe":98.14,"lpr":858.27,"lq":1.0,"d":802170},{"pi":"423627","pc":"Детские товары","ss":10000,"td":"Фешенебельный район","dc":1,"n":467.1,"vc":"6237","sl":"Элитный","sv":"1314","p":3000.0,"q":11.19,"b":0.0,"ms":0.72,"wi":46.42,"ei":7.3,"as":627.02,"mi":"E","mv":183233,"sc":3,"lpe":98.14,"lpr":858.27,"lq":1.0,"d":802170},{"pi":"423627","pc":"Детские товары","ss":100000,"td":"Спальный район","dc":2,"n":317.89,"vc":"32698","sl":"Низкий","sv":"86","p":1200.0,"q":1.0,"b":0.0,"ms":0.05,"wi":46.42,"ei":7.3,"as":627.02,"mi":"E","mv":183233,"sc":3,"lpe":98.14,"lpr":858.27,"lq":1.0,"d":802170},{"pi":"423627","pc":"Детские товары","ss":10000,"td":"Фешенебельный район","dc":1,"n":528.76,"vc":"7670","sl":"Элитный","sv":"1549","p":3000.0,"q":11.19,"b":0.0,"ms":2.78,"wi":31.84,"ei":7.85,"as":603.38,"mi":"E","mv":55687,"sc":2,"lpe":95.42,"lpr":855.67,"lq":1.0,"d":416978},{"pi":"423627","pc":"Детские товары","ss":100000,"td":"Центр города","dc":10,"n":387.8,"vc":"66546","sl":"Очень высокий","sv":"1000","p":1500.0,"q":22.29,"b":1.76,"ms":1.8,"wi":31.84,"ei":7.85,"as":603.38,"mi":"E","mv":55687,"sc":2,"lpe":95.42,"lpr":855.67,"lq":1.0,"d":416978},{"pi":"423627","pc":"Детские товары","ss":500,"td":"Спальный район","dc":1,"n":0.0,"vc":"165","sl":"Элитный","sv":"8","p":950.0,"q":3.36,"b":0.0,"ms":0.03,"wi":20.65,"ei":4.0,"as":158.61,"mi":"E","mv":26329,"sc":2,"lpe":99.96,"lpr":853.07,"lq":1.0,"d":473334},{"pi":"423627","pc":"Детские товары","ss":12800,"td":"Центр города","dc":10,"n":23.11,"vc":"1396","sl":"Элитный","sv":"2","p":3999.0,"q":16.63,"b":0.0,"ms":0.01,"wi":20.65,"ei":4.0,"as":158.61,"mi":"E","mv":26329,"sc":2,"lpe":99.96,"lpr":853.07,"lq":1.0,"d":473334},{"pi":"423627","pc":"Детские товары","ss":11000,"td":"Фешенебельный район","dc":1,"n":574.14,"vc":"9054","sl":"Элитный","sv":"1751","p":3000.0,"q":11.19,"b":0.0,"ms":4.63,"wi":43.58,"ei":8.27,"as":775.21,"mi":"E","mv":37784,"sc":2,"lpe":92.72,"lpr":853.05,"lq":1.0,"d":203598},{"pi":"423627","pc":"Детские товары","ss":100000,"td":"Фешенебельный район","dc":10,"n":438.22,"vc":"12603","sl":"Элитный","sv":"1000","p":950.0,"q":22.29,"b":1.76,"ms":2.65,"wi":43.58,"ei":8.27,"as":775.21,"mi":"E","mv":37784,"sc":2,"lpe":92.72,"lpr":853.05,"lq":1.0,"d":203598},{"pi":"423627","pc":"Детские товары","ss":100000,"td":"Фешенебельный район","dc":1,"n":677.26,"vc":"179110","sl":"Элитный","sv":"14898","p":3251.0,"q":33.27,"b":4.11,"ms":6.62,"wi":52.44,"ei":7.07,"as":916.68,"mi":"E","mv":225209,"sc":1,"lpe":93.38,"lpr":778.44,"lq":1.0,"d":810776},{"pi":"423627","pc":"Детские товары","ss":110000,"td":"Фешенебельный район","dc":1,"n":423.12,"vc":"36732","sl":"Элитный","sv":"2000","p":2500.0,"q":11.19,"b":0.0,"ms":0.57,"wi":38.84,"ei":2.5,"as":233.96,"mi":"E","mv":352559,"sc":1,"lpe":99.43,"lpr":855.38,"lq":1.0,"d":1300000},{"pi":"423627","pc":"Детские товары","ss":103000,"td":"Центр города","dc":2,"n":277.24,"vc":"17656","sl":"Элитный","sv":"1002","p":2700.0,"q":9.2,"b":1.0,"ms":2.41,"wi":45.3,"ei":5.78,"as":429.76,"mi":"E","mv":41629,"sc":4,"lpe":92.25,"lpr":1008.76,"lq":1.0,"d":147418},{"pi":"423627","pc":"Детские товары","ss":100000,"td":"Центр города","dc":4,"n":439.41,"vc":"82314","sl":"Высокий","sv":"1000","p":3000.0,"q":21.03,"b":1.96,"ms":2.4,"wi":45.3,"ei":5.78,"as":429.76,"mi":"E","mv":41629,"sc":4,"lpe":92.25,"lpr":1008.76,"lq":1.0,"d":147418},{"pi":"423627","pc":"Детские товары","ss":100000,"td":"Фешенебельный район","dc":8,"n":694.88,"vc":"144022","sl":"Высокий","sv":"660","p":290.0,"q":11.71,"b":0.0,"ms":1.59,"wi":45.3,"ei":5.78,"as":429.76,"mi":"E","mv":41629,"sc":4,"lpe":92.25,"lpr":1008.76,"lq":1.0,"d":147418},{"pi":"423627","pc":"Детские товары","ss":100000,"td":"Фешенебельный район","dc":9,"n":695.69,"vc":"145140","sl":"Нормальный","sv":"566","p":4990.0,"q":19.13,"b":0.0,"ms":1.36,"wi":45.3,"ei":5.78,"as":429.76,"mi":"E","mv":41629,"sc":4,"lpe":92.25,"lpr":1008.76,"lq":1.0,"d":147418},{"pi":"423627","pc":"Детские товары","ss":100000,"td":"Фешенебельный район","dc":1,"n":378.86,"vc":"29031","sl":"Элитный","sv":"537","p":3000.0,"q":11.19,"b":0.0,"ms":0.07,"wi":39.72,"ei":5.0,"as":366.35,"mi":"E","mv":766312,"sc":1,"lpe":99.93,"lpr":857.2,"lq":1.0,"d":2809780},{"pi":"423627","pc":"Детские товары","ss":100000,"td":"Центр города","dc":10,"n":417.97,"vc":"75810","sl":"Низкий","sv":"2000","p":2000.0,"q":21.03,"b":1.97,"ms":3.49,"wi":35.6,"ei":4.5,"as":498.36,"mi":"E","mv":57335,"sc":1,"lpe":96.51,"lpr":851.24,"lq":1.0,"d":295646},{"pi":"423627","pc":"Детские товары","ss":100000,"td":"Фешенебельный район","dc":10,"n":419.29,"vc":"11439","sl":"Очень высокий","sv":"1000","p":2000.0,"q":21.03,"b":1.97,"ms":1.74,"wi":35.06,"ei":4.73,"as":569.04,"mi":"E","mv":57589,"sc":1,"lpe":98.26,"lpr":860.56,"lq":1.0,"d":432432},{"pi":"423627","pc":"Детские товары","ss":100000,"td":"Фешенебельный район","dc":1,"n":665.07,"vc":"219352","sl":"Элитный","sv":"3000","p":4000.0,"q":24.39,"b":0.0,"ms":1.13,"wi":36.1,"ei":6.12,"as":257.26,"mi":"E","mv":265185,"sc":1,"lpe":98.87,"lpr":824.0,"lq":1.0,"d":1243963},{"pi":"423627","pc":"Детские товары","ss":700,"td":"Центр города","dc":2,"n":27.66,"vc":"471","sl":"Элитный","sv":"318","p":2400.0,"q":11.95,"b":0.0,"ms":0.29,"wi":40.58,"ei":7.44,"as":383.85,"mi":"E","mv":108383,"sc":1,"lpe":99.71,"lpr":858.72,"lq":1.0,"d":514782},{"pi":"423627","pc":"Детские товары","ss":15600,"td":"Центр города","dc":10,"n":71.46,"vc":"1452","sl":"Элитный","sv":"40","p":3399.0,"q":16.63,"b":0.0,"ms":0.53,"wi":21.23,"ei":6.63,"as":441.16,"mi":"E","mv":7479,"sc":1,"lpe":99.47,"lpr":853.62,"lq":1.0,"d":232409},{"pi":"423627","pc":"Детские товары","ss":100000,"td":"Фешенебельный район","dc":1,"n":662.48,"vc":"364854","sl":"Элитный","sv":"10000","p":3761.0,"q":33.27,"b":4.41,"ms":2.2,"wi":36.37,"ei":7.18,"as":336.53,"mi":"E","mv":455426,"sc":2,"lpe":97.8,"lpr":848.41,"lq":1.0,"d":1604920},{"pi":"423627","pc":"Детские товары","ss":100000,"td":"Фешенебельный район","dc":3,"n":201.18,"vc":"2882","sl":"Элитный","sv":"3","p":2105.0,"q":17.43,"b":0.0,"ms":0.0,"wi":36.37,"ei":7.18,"as":336.53,"mi":"E","mv":455426,"sc":2,"lpe":97.8,"lpr":848.41,"lq":1.0,"d":1604920},{"pi":"423627","pc":"Детские товары","ss":300000,"td":"Центр города","dc":3,"n":712.88,"vc":"1436742","sl":"Высокий","sv":"9218","p":1823.99,"q":36.04,"b":0.0,"ms":23.01,"wi":27.55,"ei":8.64,"as":656.92,"mi":"E","mv":40063,"sc":1,"lpe":76.99,"lpr":472.26,"lq":1.11,"d":601185},{"pi":"423627","pc":"Детские товары","ss":100000,"td":"Фешенебельный район","dc":1,"n":598.58,"vc":"122531","sl":"Элитный","sv":"227","p":5000.0,"q":24.36,"b":0.0,"ms":0.08,"wi":33.03,"ei":5.89,"as":226.09,"mi":"E","mv":296626,"sc":1,"lpe":99.92,"lpr":822.65,"lq":1.0,"d":1644795},{"pi":"423627","pc":"Детские товары","ss":2000,"td":"Спальный район","dc":1,"n":172.99,"vc":"782","sl":"Элитный","sv":"575","p":3000.0,"q":12.91,"b":0.91,"ms":0.45,"wi":56.96,"ei":9.3,"as":1427.81,"mi":"E","mv":126527,"sc":2,"lpe":99.11,"lpr":1767.12,"lq":1.0,"d":571745},{"pi":"423627","pc":"Детские товары","ss":24600,"td":"Центр города","dc":10,"n":52.6,"vc":"1970","sl":"Элитный","sv":"550","p":3999.0,"q":20.44,"b":0.0,"ms":0.43,"wi":56.96,"ei":9.3,"as":1427.81,"mi":"E","mv":126527,"sc":2,"lpe":99.11,"lpr":1767.12,"lq":1.0,"d":571745},{"pi":"423627","pc":"Детские товары","ss":39800,"td":"Центр города","dc":10,"n":96.99,"vc":"2412","sl":"Элитный","sv":"3","p":3699.0,"q":16.63,"b":0.0,"ms":0.02,"wi":29.92,"ei":7.3,"as":1040.0,"mi":"E","mv":14029,"sc":1,"lpe":99.98,"lpr":851.58,"lq":1.0,"d":105907},{"pi":"423627","pc":"Детские товары","ss":300000,"td":"Фешенебельный район","dc":1,"n":683.6,"vc":"805785","sl":"Элитный","sv":"75732","p":3500.0,"q":33.27,"b":4.29,"ms":10.8,"wi":48.22,"ei":8.14,"as":550.51,"mi":"E","mv":701025,"sc":4,"lpe":74.63,"lpr":831.31,"lq":1.85,"d":2647357},{"pi":"423627","pc":"Детские товары","ss":10000,"td":"Спальный район","dc":1,"n":455.28,"vc":"30725","sl":"Очень высокий","sv":"55000","p":1900.0,"q":34.18,"b":3.65,"ms":7.85,"wi":48.22,"ei":8.14,"as":550.51,"mi":"E","mv":701025,"sc":4,"lpe":74.63,"lpr":831.31,"lq":1.85,"d":2647357},{"pi":"423627","pc":"Детские товары","ss":100000,"td":"Центр города","dc":2,"n":515.78,"vc":"471391","sl":"Высокий","sv":"45105","p":2500.0,"q":29.29,"b":2.39,"ms":6.43,"wi":48.22,"ei":8.14,"as":550.51,"mi":"E","mv":701025,"sc":4,"lpe":74.63,"lpr":831.31,"lq":1.85,"d":2647357},{"pi":"423627","pc":"Детские товары","ss":100000,"td":"Фешенебельный район","dc":1,"n":384.5,"vc":"30016","sl":"Элитный","sv":"2000","p":2500.0,"q":11.19,"b":0.0,"ms":0.29,"wi":48.22,"ei":8.14,"as":550.51,"mi":"E","mv":701025,"sc":4,"lpe":74.63,"lpr":831.31,"lq":1.85,"d":2647357},{"pi":"423627","pc":"Детские товары","ss":100000,"td":"Фешенебельный район","dc":10,"n":424.83,"vc":"11774","sl":"Элитный","sv":"1000","p":1650.0,"q":22.29,"b":1.76,"ms":3.1,"wi":31.66,"ei":6.14,"as":589.01,"mi":"E","mv":32224,"sc":1,"lpe":96.9,"lpr":851.57,"lq":1.0,"d":231572},{"pi":"423627","pc":"Детские товары","ss":100000,"td":"Центр города","dc":10,"n":453.74,"vc":"89641","sl":"Низкий","sv":"1000","p":1500.0,"q":22.29,"b":1.76,"ms":4.55,"wi":29.33,"ei":5.65,"as":482.15,"mi":"E","mv":21955,"sc":1,"lpe":95.45,"lpr":858.76,"lq":1.0,"d":205748},{"pi":"423627","pc":"Детские товары","ss":100000,"td":"Фешенебельный район","dc":1,"n":680.9,"vc":"310321","sl":"Элитный","sv":"30000","p":3301.0,"q":33.27,"b":4.11,"ms":6.12,"wi":73.44,"ei":10.13,"as":1418.97,"mi":"E","mv":490486,"sc":2,"lpe":93.37,"lpr":2263.19,"lq":1.0,"d":1940426},{"pi":"423627","pc":"Детские товары","ss":100000,"td":"Фешенебельный район","dc":1,"n":574.03,"vc":"111050","sl":"Элитный","sv":"2517","p":7000.0,"q":24.38,"b":0.0,"ms":0.51,"wi":73.44,"ei":10.13,"as":1418.97,"mi":"E","mv":490486,"sc":2,"lpe":93.37,"lpr":2263.19,"lq":1.0,"d":1940426},{"pi":"423627","pc":"Детские товары","ss":100000,"td":"Центр города","dc":10,"n":495.84,"vc":"109118","sl":"Низкий","sv":"1000","p":1800.0,"q":21.03,"b":1.97,"ms":9.02,"wi":25.74,"ei":5.81,"as":645.13,"mi":"E","mv":11086,"sc":2,"lpe":90.38,"lpr":859.01,"lq":1.0,"d":103071},{"pi":"423627","pc":"Детские товары","ss":100000,"td":"Центр города","dc":1,"n":311.76,"vc":"18584","sl":"Элитный","sv":"66","p":3000.0,"q":10.14,"b":1.02,"ms":0.6,"wi":25.74,"ei":5.81,"as":645.13,"mi":"E","mv":11086,"sc":2,"lpe":90.38,"lpr":859.01,"lq":1.0,"d":103071},{"pi":"423627","pc":"Детские товары","ss":100000,"td":"Фешенебельный район","dc":1,"n":446.96,"vc":"35938","sl":"Элитный","sv":"30000","p":2100.0,"q":34.18,"b":3.64,"ms":4.84,"wi":50.26,"ei":6.95,"as":515.94,"mi":"E","mv":620271,"sc":1,"lpe":95.16,"lpr":937.09,"lq":1.0,"d":2536304},{"pi":"423627","pc":"Детские товары","ss":100000,"td":"Центр города","dc":10,"n":555.03,"vc":"298368","sl":"Низкий","sv":"1000","p":2000.0,"q":21.03,"b":1.97,"ms":1.13,"wi":42.93,"ei":6.8,"as":569.12,"mi":"E","mv":88389,"sc":3,"lpe":98.61,"lpr":859.24,"lq":1.0,"d":493446},{"pi":"423627","pc":"Детские товары","ss":1500,"td":"Центр города","dc":2,"n":278.98,"vc":"1563","sl":"Очень высокий","sv":"200","p":2500.0,"q":12.55,"b":0.0,"ms":0.23,"wi":42.93,"ei":6.8,"as":569.12,"mi":"E","mv":88389,"sc":3,"lpe":98.61,"lpr":859.24,"lq":1.0,"d":493446},{"pi":"423627","pc":"Детские товары","ss":100000,"td":"Центр города","dc":1,"n":258.99,"vc":"17318","sl":"Элитный","sv":"25","p":3200.0,"q":10.44,"b":1.02,"ms":0.03,"wi":42.93,"ei":6.8,"as":569.12,"mi":"E","mv":88389,"sc":3,"lpe":98.61,"lpr":859.24,"lq":1.0,"d":493446},{"pi":"423627","pc":"Детские товары","ss":20000,"td":"Центр города","dc":8,"n":296.4,"vc":"14403","sl":"Низкий","sv":"553","p":2600.0,"q":18.69,"b":0.0,"ms":0.48,"wi":46.38,"ei":5.3,"as":431.96,"mi":"E","mv":114823,"sc":2,"lpe":99.43,"lpr":883.32,"lq":1.0,"d":715026},{"pi":"423627","pc":"Детские товары","ss":100000,"td":"Центр города","dc":4,"n":384.37,"vc":"65287","sl":"Низкий","sv":"100","p":2500.0,"q":21.03,"b":1.97,"ms":0.09,"wi":46.38,"ei":5.3,"as":431.96,"mi":"E","mv":114823,"sc":2,"lpe":99.43,"lpr":883.32,"lq":1.0,"d":715026},{"pi":"423627","pc":"Детские товары","ss":200000,"td":"Центр города","dc":1,"n":493.89,"vc":"1297384","sl":"Очень высокий","sv":"38326","p":1900.0,"q":32.0,"b":3.27,"ms":2.03,"wi":45.82,"ei":8.65,"as":615.72,"mi":"E","mv":1889277,"sc":1,"lpe":97.97,"lpr":858.33,"lq":1.0,"d":13814734},{"pi":"423627","pc":"Детские товары","ss":100000,"td":"Центр города","dc":4,"n":380.61,"vc":"64230","sl":"Очень высокий","sv":"1000","p":4000.0,"q":21.03,"b":1.97,"ms":0.89,"wi":46.39,"ei":7.53,"as":889.8,"mi":"E","mv":112385,"sc":1,"lpe":99.11,"lpr":984.24,"lq":1.0,"d":740963},{"pi":"423627","pc":"Детские товары","ss":100000,"td":"Фешенебельный район","dc":1,"n":643.46,"vc":"244724","sl":"Элитный","sv":"30000","p":3171.0,"q":33.27,"b":5.06,"ms":10.54,"wi":46.17,"ei":6.95,"as":452.93,"mi":"E","mv":284550,"sc":2,"lpe":89.11,"lpr":845.22,"lq":1.57,"d":1133084},{"pi":"423627","pc":"Детские товары","ss":100000,"td":"Центр города","dc":4,"n":325.04,"vc":"50904","sl":"Очень высокий","sv":"1000","p":2000.0,"q":21.03,"b":1.97,"ms":0.35,"wi":46.17,"ei":6.95,"as":452.93,"mi":"E","mv":284550,"sc":2,"lpe":89.11,"lpr":845.22,"lq":1.57,"d":1133084},{"pi":"423627","pc":"Детские товары","ss":35000,"td":"Центр города","dc":2,"n":309.98,"vc":"20497","sl":"Элитный","sv":"22","p":2800.0,"q":7.33,"b":0.0,"ms":0.01,"wi":24.39,"ei":5.64,"as":276.93,"mi":"E","mv":157411,"sc":1,"lpe":99.99,"lpr":845.67,"lq":1.0,"d":1100043},{"pi":"423627","pc":"Детские товары","ss":100000,"td":"Фешенебельный район","dc":10,"n":367.7,"vc":"9114","sl":"Элитный","sv":"1000","p":2500.0,"q":21.03,"b":1.97,"ms":0.76,"wi":44.49,"ei":6.0,"as":520.55,"mi":"E","mv":132273,"sc":1,"lpe":99.24,"lpr":1006.49,"lq":1.0,"d":636296},{"pi":"423627","pc":"Детские товары","ss":10000,"td":"Центр города","dc":3,"n":396.73,"vc":"13112","sl":"Очень высокий","sv":"2000","p":2000.0,"q":11.14,"b":1.94,"ms":1.44,"wi":52.18,"ei":6.76,"as":1256.54,"mi":"E","mv":138557,"sc":2,"lpe":97.11,"lpr":855.81,"lq":1.0,"d":3053989},{"pi":"423627","pc":"Детские товары","ss":100000,"td":"Центр города","dc":10,"n":614.25,"vc":"386750","sl":"Низкий","sv":"2000","p":1500.0,"q":21.79,"b":1.41,"ms":1.44,"wi":52.18,"ei":6.76,"as":1256.54,"mi":"E","mv":138557,"sc":2,"lpe":97.11,"lpr":855.81,"lq":1.0,"d":3053989},{"pi":"423627","pc":"Детские товары","ss":100000,"td":"Фешенебельный район","dc":1,"n":598.84,"vc":"256726","sl":"Элитный","sv":"40000","p":3201.0,"q":33.27,"b":4.36,"ms":7.59,"wi":31.0,"ei":9.41,"as":290.44,"mi":"E","mv":527226,"sc":1,"lpe":92.41,"lpr":792.99,"lq":1.0,"d":3377636},{"pi":"423627","pc":"Детские товары","ss":2400,"td":"Центр города","dc":1,"n":90.65,"vc":"604","sl":"Элитный","sv":"5000","p":2700.0,"q":12.55,"b":0.0,"ms":8.31,"wi":50.69,"ei":6.38,"as":396.58,"mi":"E","mv":60152,"sc":1,"lpe":91.69,"lpr":1447.73,"lq":1.0,"d":212610},{"pi":"423627","pc":"Детские товары","ss":1000,"td":"Фешенебельный район","dc":2,"n":547.95,"vc":"421","sl":"Элитный","sv":"1000","p":550.0,"q":21.35,"b":2.1,"ms":19.02,"wi":30.87,"ei":8.3,"as":910.0,"mi":"E","mv":5257,"sc":1,"lpe":80.98,"lpr":858.3,"lq":1.76,"d":136152},{"pi":"423627","pc":"Детские товары","ss":100000,"td":"Фешенебельный район","dc":10,"n":424.4,"vc":"11770","sl":"Элитный","sv":"4000","p":1500.0,"q":21.79,"b":1.41,"ms":8.65,"wi":38.34,"ei":6.13,"as":1028.6,"mi":"E","mv":46266,"sc":1,"lpe":91.35,"lpr":857.15,"lq":1.0,"d":605360},{"pi":"423627","pc":"Детские товары","ss":100000,"td":"Центр города","dc":1,"n":518.75,"vc":"283654","sl":"Элитный","sv":"15000","p":2600.0,"q":32.37,"b":0.0,"ms":15.02,"wi":34.5,"ei":9.48,"as":426.08,"mi":"E","mv":99846,"sc":1,"lpe":84.98,"lpr":840.92,"lq":1.64,"d":945778},{"pi":"423627","pc":"Детские товары","ss":3100,"td":"Центр города","dc":1,"n":14.22,"vc":"908","sl":"Элитный","sv":"1216","p":2000.0,"q":12.54,"b":0.0,"ms":0.23,"wi":41.94,"ei":6.52,"as":288.14,"mi":"E","mv":525579,"sc":1,"lpe":99.77,"lpr":852.57,"lq":1.0,"d":2083537},{"pi":"423627","pc":"Детские товары","ss":200000,"td":"Центр города","dc":7,"n":328.16,"vc":"168847","sl":"Очень высокий","sv":"35000","p":1750.0,"q":18.18,"b":3.37,"ms":9.02,"wi":15.26,"ei":5.07,"as":248.05,"mi":"E","mv":388118,"sc":3,"lpe":90.88,"lpr":826.67,"lq":1.0,"d":8979806},{"pi":"423627","pc":"Детские товары","ss":110000,"td":"Фешенебельный район","dc":2,"n":167.69,"vc":"3413","sl":"Элитный","sv":"381","p":2288.0,"q":15.77,"b":0.0,"ms":0.1,"wi":15.26,"ei":5.07,"as":248.05,"mi":"E","mv":388118,"sc":3,"lpe":90.88,"lpr":826.67,"lq":1.0,"d":8979806},{"pi":"423627","pc":"Детские товары","ss":50000,"td":"Центр города","dc":10,"n":153.05,"vc":"19485","sl":"Очень высокий","sv":"8","p":4000.0,"q":18.33,"b":0.0,"ms":0.0,"wi":15.26,"ei":5.07,"as":248.05,"mi":"E","mv":388118,"sc":3,"lpe":90.88,"lpr":826.67,"lq":1.0,"d":8979806},{"pi":"423627","pc":"Детские товары","ss":100000,"td":"Центр города","dc":4,"n":484.42,"vc":"210753","sl":"Высокий","sv":"3581","p":950.0,"q":18.18,"b":3.37,"ms":18.89,"wi":5.18,"ei":6.43,"as":62.62,"mi":"E","mv":18956,"sc":1,"lpe":81.11,"lpr":232.03,"lq":1.0,"d":4122068},{"pi":"423627","pc":"Детские товары","ss":100000,"td":"Фешенебельный район","dc":10,"n":402.94,"vc":"10657","sl":"Элитный","sv":"4000","p":1500.0,"q":21.79,"b":1.41,"ms":5.61,"wi":42.01,"ei":5.96,"as":840.23,"mi":"E","mv":71354,"sc":2,"lpe":94.39,"lpr":853.05,"lq":1.0,"d":374855},{"pi":"423627","pc":"Детские товары","ss":20000,"td":"Центр города","dc":2,"n":306.89,"vc":"14259","sl":"Элитный","sv":"1","p":2900.0,"q":10.27,"b":0.0,"ms":0.0,"wi":42.01,"ei":5.96,"as":840.23,"mi":"E","mv":71354,"sc":2,"lpe":94.39,"lpr":853.05,"lq":1.0,"d":374855},{"pi":"423627","pc":"Детские товары","ss":100000,"td":"Центр города","dc":10,"n":291.79,"vc":"44817","sl":"Элитный","sv":"10000","p":2000.0,"q":21.79,"b":1.41,"ms":2.92,"wi":58.06,"ei":9.31,"as":842.54,"mi":"E","mv":342008,"sc":3,"lpe":94.64,"lpr":1210.96,"lq":1.0,"d":2290569},{"pi":"423627","pc":"Детские товары","ss":100000,"td":"Центр города","dc":1,"n":312.58,"vc":"54737","sl":"Элитный","sv":"6948","p":2200.0,"q":20.7,"b":3.02,"ms":2.03,"wi":58.06,"ei":9.31,"as":842.54,"mi":"E","mv":342008,"sc":3,"lpe":94.64,"lpr":1210.96,"lq":1.0,"d":2290569},{"pi":"423627","pc":"Детские товары","ss":100000,"td":"Центр города","dc":1,"n":300.16,"vc":"48575","sl":"Элитный","sv":"1397","p":3000.0,"q":19.79,"b":0.0,"ms":0.41,"wi":58.06,"ei":9.31,"as":842.54,"mi":"E","mv":342008,"sc":3,"lpe":94.64,"lpr":1210.96,"lq":1.0,"d":2290569},{"pi":"423627","pc":"Детские товары","ss":100000,"td":"Центр города","dc":6,"n":398.3,"vc":"69644","sl":"Очень высокий","sv":"1000","p":2000.0,"q":19.74,"b":1.46,"ms":1.98,"wi":126.3,"ei":8.15,"as":586.4,"mi":"E","mv":50603,"sc":1,"lpe":98.02,"lpr":939.1,"lq":1.0,"d":282934},{"pi":"423627","pc":"Детские товары","ss":10000,"td":"Центр города","dc":10,"n":707.28,"vc":"22351","sl":"Низкий","sv":"264","p":7500.0,"q":21.48,"b":4.35,"ms":5.22,"wi":86.62,"ei":11.59,"as":6064.68,"mi":"E","mv":5057,"sc":2,"lpe":94.19,"lpr":2994.8,"lq":1.0,"d":65057},{"pi":"423627","pc":"Детские товары","ss":10000,"td":"Центр города","dc":1,"n":663.42,"vc":"22351","sl":"Очень высокий","sv":"30","p":7000.0,"q":7.16,"b":0.0,"ms":0.59,"wi":86.62,"ei":11.59,"as":6064.68,"mi":"E","mv":5057,"sc":2,"lpe":94.19,"lpr":2994.8,"lq":1.0,"d":65057},{"pi":"423627","pc":"Детские товары","ss":200000,"td":"Фешенебельный район","dc":1,"n":649.12,"vc":"774455","sl":"Элитный","sv":"90000","p":2851.0,"q":33.27,"b":4.81,"ms":4.49,"wi":50.69,"ei":6.73,"as":559.13,"mi":"E","mv":2003692,"sc":2,"lpe":93.01,"lpr":1056.82,"lq":1.0,"d":7083090},{"pi":"423627","pc":"Детские товары","ss":100000,"td":"Фешенебельный район","dc":1,"n":411.12,"vc":"36476","sl":"Элитный","sv":"50000","p":1800.0,"q":34.18,"b":2.99,"ms":2.5,"wi":50.69,"ei":6.73,"as":559.13,"mi":"E","mv":2003692,"sc":2,"lpe":93.01,"lpr":1056.82,"lq":1.0,"d":7083090},{"pi":"423627","pc":"Детские товары","ss":1000,"td":"Центр города","dc":3,"n":141.6,"vc":"452","sl":"Элитный","sv":"2000","p":1150.0,"q":10.97,"b":2.22,"ms":12.5,"wi":36.96,"ei":6.62,"as":480.0,"mi":"E","mv":15999,"sc":2,"lpe":86.16,"lpr":855.28,"lq":1.68,"d":160779},{"pi":"423627","pc":"Детские товары","ss":1000,"td":"Центр города","dc":1,"n":321.34,"vc":"1246","sl":"Элитный","sv":"215","p":2400.0,"q":12.21,"b":2.33,"ms":1.34,"wi":36.96,"ei":6.62,"as":480.0,"mi":"E","mv":15999,"sc":2,"lpe":86.16,"lpr":855.28,"lq":1.68,"d":160779},{"pi":"423627","pc":"Детские товары","ss":3500,"td":"Центр города","dc":3,"n":101.6,"vc":"1583","sl":"Элитный","sv":"9500","p":1100.0,"q":10.97,"b":0.75,"ms":2.08,"wi":41.47,"ei":7.16,"as":361.0,"mi":"E","mv":456221,"sc":1,"lpe":97.92,"lpr":855.75,"lq":1.0,"d":1678834},{"pi":"423627","pc":"Детские товары","ss":100000,"td":"Фешенебельный район","dc":1,"n":684.57,"vc":"324884","sl":"Элитный","sv":"16000","p":3701.0,"q":33.27,"b":4.27,"ms":10.52,"wi":48.58,"ei":7.88,"as":404.82,"mi":"E","mv":152155,"sc":1,"lpe":89.48,"lpr":842.06,"lq":1.76,"d":627892},{"pi":"423627","pc":"Детские товары","ss":1000,"td":"Центр города","dc":1,"n":334.35,"vc":"2482","sl":"Очень высокий","sv":"2000","p":1400.0,"q":22.29,"b":1.52,"ms":0.92,"wi":40.31,"ei":7.5,"as":560.75,"mi":"E","mv":217536,"sc":1,"lpe":99.08,"lpr":851.51,"lq":1.0,"d":1824510},{"pi":"423627","pc":"Детские товары","ss":1000,"td":"Центр города","dc":2,"n":458.34,"vc":"2619","sl":"Нормальный","sv":"250","p":1200.0,"q":22.29,"b":1.52,"ms":1.32,"wi":28.32,"ei":4.98,"as":365.77,"mi":"E","mv":18963,"sc":1,"lpe":98.68,"lpr":855.0,"lq":1.0,"d":269313},{"pi":"423627","pc":"Детские товары","ss":300000,"td":"Центр города","dc":1,"n":702.63,"vc":"4560378","sl":"Нормальный","sv":"56145","p":1432.96,"q":37.72,"b":0.0,"ms":23.73,"wi":43.28,"ei":9.12,"as":1094.55,"mi":"E","mv":236626,"sc":1,"lpe":76.27,"lpr":473.81,"lq":1.08,"d":981378},{"pi":"423627","pc":"Детские товары","ss":200000,"td":"Центр города","dc":1,"n":481.98,"vc":"943155","sl":"Элитный","sv":"120000","p":2600.0,"q":32.37,"b":1.84,"ms":10.01,"wi":32.17,"ei":9.21,"as":253.15,"mi":"E","mv":1199134,"sc":1,"lpe":89.99,"lpr":849.53,"lq":1.69,"d":7913550},{"pi":"423627","pc":"Детские товары","ss":100000,"td":"Центр города","dc":1,"n":488.55,"vc":"330244","sl":"Элитный","sv":"49000","p":2400.0,"q":32.37,"b":2.4,"ms":9.76,"wi":39.35,"ei":9.4,"as":334.63,"mi":"E","mv":501860,"sc":3,"lpe":84.36,"lpr":843.45,"lq":1.76,"d":2510311},{"pi":"423627","pc":"Детские товары","ss":100000,"td":"Фешенебельный район","dc":1,"n":670.66,"vc":"428066","sl":"Элитный","sv":"29000","p":3301.0,"q":33.27,"b":4.17,"ms":5.78,"wi":39.35,"ei":9.4,"as":334.63,"mi":"E","mv":501860,"sc":3,"lpe":84.36,"lpr":843.45,"lq":1.76,"d":2510311},{"pi":"423627","pc":"Детские товары","ss":10000,"td":"Фешенебельный район","dc":1,"n":394.42,"vc":"5349","sl":"Элитный","sv":"467","p":3000.0,"q":11.19,"b":0.0,"ms":0.09,"wi":39.35,"ei":9.4,"as":334.63,"mi":"E","mv":501860,"sc":3,"lpe":84.36,"lpr":843.45,"lq":1.76,"d":2510311},{"pi":"423627","pc":"Детские товары","ss":100000,"td":"Фешенебельный район","dc":1,"n":649.86,"vc":"282291","sl":"Элитный","sv":"24000","p":3701.0,"q":33.27,"b":4.17,"ms":9.89,"wi":42.4,"ei":7.94,"as":312.84,"mi":"E","mv":242624,"sc":2,"lpe":85.43,"lpr":834.01,"lq":1.64,"d":1090586},{"pi":"423627","pc":"Детские товары","ss":40000,"td":"Центр города","dc":8,"n":244.58,"vc":"21596","sl":"Очень высокий","sv":"11361","p":1900.0,"q":19.1,"b":0.0,"ms":4.68,"wi":42.4,"ei":7.94,"as":312.84,"mi":"E","mv":242624,"sc":2,"lpe":85.43,"lpr":834.01,"lq":1.64,"d":1090586},{"pi":"423627","pc":"Детские товары","ss":100000,"td":"Фешенебельный район","dc":1,"n":683.14,"vc":"177532","sl":"Элитный","sv":"4000","p":3501.0,"q":33.27,"b":4.36,"ms":6.62,"wi":26.61,"ei":3.62,"as":203.67,"mi":"E","mv":60427,"sc":1,"lpe":93.38,"lpr":771.34,"lq":1.0,"d":408110},{"pi":"423627","pc":"Детские товары","ss":700,"td":"Спальный район","dc":2,"n":9.67,"vc":"444","sl":"Элитный","sv":"651","p":2400.0,"q":11.79,"b":0.0,"ms":0.16,"wi":52.25,"ei":7.93,"as":1157.31,"mi":"E","mv":416334,"sc":1,"lpe":99.84,"lpr":1340.22,"lq":1.0,"d":1631714},{"pi":"423627","pc":"Детские товары","ss":100000,"td":"Фешенебельный район","dc":1,"n":601.84,"vc":"296715","sl":"Элитный","sv":"10000","p":3451.0,"q":33.27,"b":4.36,"ms":3.06,"wi":20.78,"ei":8.56,"as":105.56,"mi":"E","mv":326949,"sc":1,"lpe":96.94,"lpr":840.97,"lq":1.0,"d":4703711},{"pi":"423627","pc":"Детские товары","ss":100000,"td":"Пригород","dc":2,"n":492.17,"vc":"135884","sl":"Элитный","sv":"1111","p":1111.0,"q":15.29,"b":2.47,"ms":0.16,"wi":53.75,"ei":9.53,"as":1662.81,"mi":"E","mv":698490,"sc":1,"lpe":99.84,"lpr":1933.08,"lq":1.0,"d":2620393},{"pi":"423627","pc":"Детские товары","ss":5000,"td":"Спальный район","dc":10,"n":214.46,"vc":"2114","sl":"Нормальный","sv":"357","p":1901.83,"q":18.05,"b":0.0,"ms":2.1,"wi":24.77,"ei":4.98,"as":376.27,"mi":"E","mv":17024,"sc":1,"lpe":97.9,"lpr":859.16,"lq":1.0,"d":458756},{"pi":"423627","pc":"Детские товары","ss":200000,"td":"Центр города","dc":1,"n":435.13,"vc":"629492","sl":"Элитный","sv":"337000","p":1748.0,"q":38.78,"b":3.32,"ms":12.31,"wi":61.12,"ei":10.04,"as":1836.76,"mi":"E","mv":2737363,"sc":4,"lpe":86.04,"lpr":858.5,"lq":1.78,"d":10036968},{"pi":"423627","pc":"Детские товары","ss":300000,"td":"Центр города","dc":1,"n":658.36,"vc":"10080147","sl":"Низкий","sv":"25000","p":1034.56,"q":34.03,"b":6.11,"ms":0.91,"wi":61.12,"ei":10.04,"as":1836.76,"mi":"E","mv":2737363,"sc":4,"lpe":86.04,"lpr":858.5,"lq":1.78,"d":10036968},{"pi":"423627","pc":"Детские товары","ss":100000,"td":"Спальный район","dc":1,"n":424.45,"vc":"351344","sl":"Элитный","sv":"20000","p":1800.0,"q":34.18,"b":2.8,"ms":0.73,"wi":61.12,"ei":10.04,"as":1836.76,"mi":"E","mv":2737363,"sc":4,"lpe":86.04,"lpr":858.5,"lq":1.78,"d":10036968},{"pi":"423627","pc":"Детские товары","ss":3000,"td":"Центр города","dc":9,"n":272.96,"vc":"8310","sl":"Очень низкий","sv":"5","p":2000.0,"q":12.55,"b":0.0,"ms":0.0,"wi":61.12,"ei":10.04,"as":1836.76,"mi":"E","mv":2737363,"sc":4,"lpe":86.04,"lpr":858.5,"lq":1.78,"d":10036968},{"pi":"423627","pc":"Детские товары","ss":100000,"td":"Спальный район","dc":2,"n":514.95,"vc":"173428","sl":"Очень высокий","sv":"473","p":2813.0,"q":4.93,"b":0.0,"ms":0.57,"wi":48.98,"ei":5.69,"as":358.94,"mi":"E","mv":83258,"sc":2,"lpe":99.36,"lpr":1169.54,"lq":1.0,"d":375211},{"pi":"423627","pc":"Детские товары","ss":100000,"td":"Центр города","dc":1,"n":353.19,"vc":"48813","sl":"Элитный","sv":"62","p":4000.0,"q":8.59,"b":0.0,"ms":0.07,"wi":48.98,"ei":5.69,"as":358.94,"mi":"E","mv":83258,"sc":2,"lpe":99.36,"lpr":1169.54,"lq":1.0,"d":375211},{"pi":"423627","pc":"Детские товары","ss":10000,"td":"Центр города","dc":1,"n":455.47,"vc":"49900","sl":"Очень высокий","sv":"60000","p":2200.0,"q":34.18,"b":3.28,"ms":5.15,"wi":58.08,"ei":17.43,"as":630.16,"mi":"E","mv":1165181,"sc":2,"lpe":94.82,"lpr":959.83,"lq":1.0,"d":6569718},{"pi":"423627","pc":"Детские товары","ss":2700,"td":"Фешенебельный район","dc":8,"n":146.78,"vc":"401","sl":"Элитный","sv":"331","p":980.0,"q":1.75,"b":0.0,"ms":0.03,"wi":58.08,"ei":17.43,"as":630.16,"mi":"E","mv":1165181,"sc":2,"lpe":94.82,"lpr":959.83,"lq":1.0,"d":6569718},{"pi":"423627","pc":"Детские товары","ss":100000,"td":"Фешенебельный район","dc":1,"n":666.39,"vc":"338344","sl":"Элитный","sv":"28000","p":3521.0,"q":33.27,"b":4.17,"ms":9.63,"wi":38.97,"ei":9.11,"as":428.8,"mi":"E","mv":290754,"sc":1,"lpe":90.37,"lpr":786.8,"lq":1.0,"d":1161922},{"pi":"423627","pc":"Детские товары","ss":100000,"td":"Центр города","dc":1,"n":418.31,"vc":"184782","sl":"Элитный","sv":"17622","p":3200.0,"q":34.16,"b":3.61,"ms":3.11,"wi":82.59,"ei":9.35,"as":1210.0,"mi":"E","mv":566438,"sc":5,"lpe":94.52,"lpr":1254.91,"lq":1.06,"d":2652810},{"pi":"423627","pc":"Детские товары","ss":300000,"td":"Фешенебельный район","dc":2,"n":687.87,"vc":"1260248","sl":"Очень высокий","sv":"8000","p":3900.01,"q":33.27,"b":3.61,"ms":1.41,"wi":82.59,"ei":9.35,"as":1210.0,"mi":"E","mv":566438,"sc":5,"lpe":94.52,"lpr":1254.91,"lq":1.06,"d":2652810},{"pi":"423627","pc":"Детские товары","ss":2700,"td":"Спальный район","dc":5,"n":15.75,"vc":"1076","sl":"Элитный","sv":"3872","p":1428.0,"q":18.2,"b":0.0,"ms":0.68,"wi":82.59,"ei":9.35,"as":1210.0,"mi":"E","mv":566438,"sc":5,"lpe":94.52,"lpr":1254.91,"lq":1.06,"d":2652810},{"pi":"423627","pc":"Детские товары","ss":35000,"td":"Центр города","dc":6,"n":376.05,"vc":"55626","sl":"Высокий","sv":"1565","p":2800.0,"q":9.93,"b":1.01,"ms":0.28,"wi":82.59,"ei":9.35,"as":1210.0,"mi":"E","mv":566438,"sc":5,"lpe":94.52,"lpr":1254.91,"lq":1.06,"d":2652810},{"pi":"423627","pc":"Детские товары","ss":100000,"td":"Фешенебельный район","dc":1,"n":515.4,"vc":"70503","sl":"Элитный","sv":"3","p":5100.0,"q":27.9,"b":0.0,"ms":0.0,"wi":82.59,"ei":9.35,"as":1210.0,"mi":"E","mv":566438,"sc":5,"lpe":94.52,"lpr":1254.91,"lq":1.06,"d":2652810},{"pi":"423627","pc":"Детские товары","ss":2500,"td":"Центр города","dc":2,"n":257.31,"vc":"2151","sl":"Элитный","sv":"8000","p":1150.0,"q":10.97,"b":0.0,"ms":7.44,"wi":41.5,"ei":5.9,"as":350.0,"mi":"E","mv":107478,"sc":1,"lpe":92.56,"lpr":858.08,"lq":1.0,"d":379617},{"pi":"423627","pc":"Детские товары","ss":600,"td":"Центр города","dc":3,"n":0.39,"vc":"950","sl":"Нормальный","sv":"15","p":2100.0,"q":6.58,"b":0.0,"ms":0.01,"wi":13.23,"ei":1.98,"as":96.91,"mi":"E","mv":265763,"sc":1,"lpe":99.99,"lpr":850.7,"lq":1.0,"d":6023146},{"pi":"423627","pc":"Детские товары","ss":200000,"td":"Центр города","dc":1,"n":515.62,"vc":"1368978","sl":"Очень высокий","sv":"200000","p":2300.0,"q":32.37,"b":4.3,"ms":8.34,"wi":44.39,"ei":7.01,"as":718.34,"mi":"E","mv":2397506,"sc":6,"lpe":90.59,"lpr":835.32,"lq":1.32,"d":8441997},{"pi":"423627","pc":"Детские товары","ss":100000,"td":"Центр города","dc":1,"n":472.57,"vc":"466890","sl":"Очень высокий","sv":"20000","p":2336.0,"q":38.78,"b":0.0,"ms":0.83,"wi":44.39,"ei":7.01,"as":718.34,"mi":"E","mv":2397506,"sc":6,"lpe":90.59,"lpr":835.32,"lq":1.32,"d":8441997},{"pi":"423627","pc":"Детские товары","ss":100000,"td":"Центр города","dc":1,"n":446.74,"vc":"364224","sl":"Элитный","sv":"5572","p":2500.0,"q":33.6,"b":2.88,"ms":0.23,"wi":44.39,"ei":7.01,"as":718.34,"mi":"E","mv":2397506,"sc":6,"lpe":90.59,"lpr":835.32,"lq":1.32,"d":8441997},{"pi":"423627","pc":"Детские товары","ss":100000,"td":"Фешенебельный район","dc":1,"n":453.9,"vc":"58527","sl":"Элитный","sv":"86","p":3100.0,"q":32.96,"b":2.57674418604651,"ms":0.0,"wi":44.39,"ei":7.01,"as":718.34,"mi":"E","mv":2397506,"sc":6,"lpe":90.59,"lpr":835.32,"lq":1.32,"d":8441997},{"pi":"423627","pc":"Детские товары","ss":10000,"td":"Спальный район","dc":2,"n":84.21,"vc":"2964","sl":"Элитный","sv":"13","p":2000.0,"q":9.6,"b":0.0,"ms":0.0,"wi":44.39,"ei":7.01,"as":718.34,"mi":"E","mv":2397506,"sc":6,"lpe":90.59,"lpr":835.32,"lq":1.32,"d":8441997},{"pi":"423627","pc":"Детские товары","ss":100000,"td":"Фешенебельный район","dc":2,"n":531.89,"vc":"123884","sl":"Элитный","sv":"1","p":4000.0,"q":24.38,"b":0.0,"ms":0.0,"wi":44.39,"ei":7.01,"as":718.34,"mi":"E","mv":2397506,"sc":6,"lpe":90.59,"lpr":835.32,"lq":1.32,"d":8441997},{"pi":"423627","pc":"Детские товары","ss":1500,"td":"Центр города","dc":2,"n":118.6,"vc":"1030","sl":"Элитный","sv":"6816","p":1000.0,"q":6.36,"b":0.75,"ms":2.18,"wi":38.33,"ei":5.7,"as":270.0,"mi":"E","mv":312422,"sc":1,"lpe":97.82,"lpr":857.61,"lq":1.0,"d":1808978},{"pi":"423627","pc":"Детские товары","ss":6000,"td":"Спальный район","dc":3,"n":226.07,"vc":"3960","sl":"Элитный","sv":"2946","p":1699.99,"q":8.84,"b":0.0,"ms":1.66,"wi":19.08,"ei":9.49,"as":404.04,"mi":"E","mv":177547,"sc":1,"lpe":98.34,"lpr":860.47,"lq":1.0,"d":4338959},{"pi":"423627","pc":"Детские товары","ss":100000,"td":"Центр города","dc":1,"n":487.79,"vc":"426090","sl":"Элитный","sv":"20000","p":2100.0,"q":32.37,"b":1.48,"ms":3.0,"wi":30.28,"ei":8.35,"as":291.41,"mi":"E","mv":666209,"sc":1,"lpe":97.0,"lpr":839.99,"lq":1.0,"d":4279664},{"pi":"423627","pc":"Детские товары","ss":100000,"td":"Центр города","dc":1,"n":492.8,"vc":"383922","sl":"Элитный","sv":"66000","p":2200.0,"q":32.37,"b":2.4,"ms":10.44,"wi":45.27,"ei":7.99,"as":473.94,"mi":"E","mv":632361,"sc":2,"lpe":86.4,"lpr":857.05,"lq":1.76,"d":2768566},{"pi":"423627","pc":"Детские товары","ss":100000,"td":"Центр города","dc":1,"n":432.05,"vc":"214052","sl":"Элитный","sv":"20000","p":2000.0,"q":34.18,"b":3.62,"ms":3.16,"wi":45.27,"ei":7.99,"as":473.94,"mi":"E","mv":632361,"sc":2,"lpe":86.4,"lpr":857.05,"lq":1.76,"d":2768566},{"pi":"423627","pc":"Детские товары","ss":10000,"td":"Центр города","dc":10,"n":37.22,"vc":"1120","sl":"Элитный","sv":"4","p":3799.0,"q":16.63,"b":0.0,"ms":0.02,"wi":27.33,"ei":11.0,"as":502.06,"mi":"E","mv":17155,"sc":1,"lpe":99.98,"lpr":853.61,"lq":1.0,"d":330176},{"pi":"423627","pc":"Детские товары","ss":3000,"td":"Центр города","dc":9,"n":540.55,"vc":"12050","sl":"Очень низкий","sv":"500","p":1950.0,"q":12.55,"b":0.0,"ms":2.75,"wi":22.47,"ei":5.73,"as":323.34,"mi":"E","mv":18168,"sc":1,"lpe":97.25,"lpr":851.9,"lq":1.0,"d":520014},{"pi":"423627","pc":"Детские товары","ss":100000,"td":"Фешенебельный район","dc":10,"n":498.25,"vc":"33570","sl":"Очень высокий","sv":"1077","p":1500.0,"q":22.29,"b":1.01,"ms":0.74,"wi":32.75,"ei":6.5,"as":299.77,"mi":"E","mv":144749,"sc":1,"lpe":99.26,"lpr":857.77,"lq":1.0,"d":684835},{"pi":"423627","pc":"Детские товары","ss":100000,"td":"Фешенебельный район","dc":10,"n":365.16,"vc":"9004","sl":"Элитный","sv":"2000","p":2000.0,"q":22.29,"b":1.01,"ms":1.55,"wi":27.99,"ei":7.0,"as":315.92,"mi":"E","mv":128919,"sc":1,"lpe":98.45,"lpr":859.31,"lq":1.0,"d":663580},{"pi":"423627","pc":"Детские товары","ss":200000,"td":"Фешенебельный район","dc":1,"n":678.58,"vc":"1293272","sl":"Очень высокий","sv":"110000","p":2990.01,"q":33.27,"b":3.36,"ms":10.09,"wi":36.51,"ei":11.81,"as":423.34,"mi":"E","mv":1090562,"sc":3,"lpe":80.56,"lpr":840.4,"lq":1.82,"d":4332128},{"pi":"423627","pc":"Детские товары","ss":300000,"td":"Центр города","dc":5,"n":502.27,"vc":"1090912","sl":"Нормальный","sv":"100000","p":2500.0,"q":32.37,"b":3.63,"ms":9.17,"wi":36.51,"ei":11.81,"as":423.34,"mi":"E","mv":1090562,"sc":3,"lpe":80.56,"lpr":840.4,"lq":1.82,"d":4332128},{"pi":"423627","pc":"Детские товары","ss":20000,"td":"Центр города","dc":1,"n":343.5,"vc":"49713","sl":"Элитный","sv":"2000","p":2500.0,"q":11.19,"b":0.0,"ms":0.18,"wi":36.51,"ei":11.81,"as":423.34,"mi":"E","mv":1090562,"sc":3,"lpe":80.56,"lpr":840.4,"lq":1.82,"d":4332128},{"pi":"423627","pc":"Детские товары","ss":100000,"td":"Фешенебельный район","dc":1,"n":673.05,"vc":"444980","sl":"Элитный","sv":"50000","p":2851.0,"q":33.27,"b":4.79,"ms":8.97,"wi":56.35,"ei":7.93,"as":544.55,"mi":"E","mv":557368,"sc":2,"lpe":83.85,"lpr":842.27,"lq":1.6,"d":2116572},{"pi":"423627","pc":"Детские товары","ss":100000,"td":"Спальный район","dc":1,"n":408.33,"vc":"116345","sl":"Элитный","sv":"40000","p":2000.0,"q":34.18,"b":3.78,"ms":7.18,"wi":56.35,"ei":7.93,"as":544.55,"mi":"E","mv":557368,"sc":2,"lpe":83.85,"lpr":842.27,"lq":1.6,"d":2116572},{"pi":"423627","pc":"Детские товары","ss":100000,"td":"Фешенебельный район","dc":1,"n":655.41,"vc":"283192","sl":"Элитный","sv":"25000","p":3601.0,"q":33.27,"b":4.79,"ms":9.7,"wi":56.86,"ei":4.0,"as":372.8,"mi":"E","mv":257736,"sc":2,"lpe":90.3,"lpr":836.98,"lq":1.0,"d":945000},{"pi":"423627","pc":"Детские товары","ss":100000,"td":"Центр города","dc":1,"n":360.07,"vc":"73549","sl":"Элитный","sv":"1","p":5000.0,"q":25.61,"b":0.0,"ms":0.0,"wi":56.86,"ei":4.0,"as":372.8,"mi":"E","mv":257736,"sc":2,"lpe":90.3,"lpr":836.98,"lq":1.0,"d":945000},{"pi":"423627","pc":"Детские товары","ss":200000,"td":"Фешенебельный район","dc":1,"n":632.69,"vc":"1240782","sl":"Очень высокий","sv":"175000","p":2800.01,"q":33.27,"b":4.82,"ms":6.21,"wi":31.78,"ei":10.87,"as":249.98,"mi":"E","mv":2819076,"sc":3,"lpe":92.71,"lpr":857.18,"lq":1.0,"d":13934474},{"pi":"423627","pc":"Детские товары","ss":10000,"td":"Центр города","dc":1,"n":355.22,"vc":"34953","sl":"Очень высокий","sv":"30000","p":2200.0,"q":34.18,"b":2.63,"ms":1.06,"wi":31.78,"ei":10.87,"as":249.98,"mi":"E","mv":2819076,"sc":3,"lpe":92.71,"lpr":857.18,"lq":1.0,"d":13934474},{"pi":"423627","pc":"Детские товары","ss":10000,"td":"Пригород","dc":1,"n":332.93,"vc":"11857","sl":"Элитный","sv":"381","p":888.0,"q":15.29,"b":0.92,"ms":0.01,"wi":31.78,"ei":10.87,"as":249.98,"mi":"E","mv":2819076,"sc":3,"lpe":92.71,"lpr":857.18,"lq":1.0,"d":13934474},{"pi":"423627","pc":"Детские товары","ss":30100,"td":"Центр города","dc":5,"n":136.07,"vc":"9348","sl":"Элитный","sv":"235","p":2200.0,"q":10.18,"b":0.0,"ms":0.07,"wi":38.6,"ei":13.88,"as":516.05,"mi":"E","mv":344049,"sc":1,"lpe":99.93,"lpr":851.57,"lq":1.0,"d":2197796},{"pi":"423627","pc":"Детские товары","ss":100000,"td":"Центр города","dc":2,"n":560.75,"vc":"351351","sl":"Очень высокий","sv":"500","p":2000.0,"q":16.11,"b":2.31,"ms":0.28,"wi":44.89,"ei":7.37,"as":945.65,"mi":"E","mv":176247,"sc":1,"lpe":99.72,"lpr":863.6,"lq":1.0,"d":663960},{"pi":"423627","pc":"Детские товары","ss":1000,"td":"Центр города","dc":1,"n":202.44,"vc":"675","sl":"Элитный","sv":"750","p":2600.0,"q":12.55,"b":0.0,"ms":2.48,"wi":56.42,"ei":6.18,"as":530.0,"mi":"E","mv":30214,"sc":1,"lpe":97.52,"lpr":1117.15,"lq":1.0,"d":151606},{"pi":"423627","pc":"Детские товары","ss":1000,"td":"Центр города","dc":1,"n":519.99,"vc":"8079","sl":"Низкий","sv":"6000","p":1900.0,"q":34.18,"b":3.4,"ms":8.42,"wi":52.62,"ei":6.44,"as":480.0,"mi":"E","mv":71282,"sc":4,"lpe":83.71,"lpr":855.17,"lq":1.57,"d":343865},{"pi":"423627","pc":"Детские товары","ss":1000,"td":"Центр города","dc":3,"n":93.65,"vc":"487","sl":"Элитный","sv":"5000","p":1200.0,"q":11.84,"b":1.7,"ms":7.01,"wi":52.62,"ei":6.44,"as":480.0,"mi":"E","mv":71282,"sc":4,"lpe":83.71,"lpr":855.17,"lq":1.57,"d":343865},{"pi":"423627","pc":"Детские товары","ss":1000,"td":"Центр города","dc":1,"n":102.2,"vc":"511","sl":"Элитный","sv":"605","p":1950.0,"q":12.55,"b":0.0,"ms":0.85,"wi":52.62,"ei":6.44,"as":480.0,"mi":"E","mv":71282,"sc":4,"lpe":83.71,"lpr":855.17,"lq":1.57,"d":343865},{"pi":"423627","pc":"Детские товары","ss":100,"td":"Спальный район","dc":3,"n":47.56,"vc":"47","sl":"Низкий","sv":"6","p":635.81,"q":1.0,"b":0.0,"ms":0.01,"wi":52.62,"ei":6.44,"as":480.0,"mi":"E","mv":71282,"sc":4,"lpe":83.71,"lpr":855.17,"lq":1.57,"d":343865},{"pi":"423627","pc":"Детские товары","ss":1000,"td":"Центр города","dc":1,"n":484.74,"vc":"7778","sl":"Низкий","sv":"5000","p":2600.0,"q":34.18,"b":3.4,"ms":4.15,"wi":71.08,"ei":6.31,"as":510.0,"mi":"E","mv":120548,"sc":12,"lpe":90.57,"lpr":1234.37,"lq":1.0,"d":543754},{"pi":"423627","pc":"Детские товары","ss":1000,"td":"Центр города","dc":3,"n":72.33,"vc":"507","sl":"Элитный","sv":"3000","p":1550.0,"q":8.02,"b":1.7,"ms":2.49,"wi":71.08,"ei":6.31,"as":510.0,"mi":"E","mv":120548,"sc":12,"lpe":90.57,"lpr":1234.37,"lq":1.0,"d":543754},{"pi":"423627","pc":"Детские товары","ss":1000,"td":"Центр города","dc":4,"n":212.31,"vc":"1674","sl":"Нормальный","sv":"1184","p":1199.99,"q":8.82,"b":0.0,"ms":0.98,"wi":71.08,"ei":6.31,"as":510.0,"mi":"E","mv":120548,"sc":12,"lpe":90.57,"lpr":1234.37,"lq":1.0,"d":543754},{"pi":"423627","pc":"Детские товары","ss":1000,"td":"Центр города","dc":1,"n":123.05,"vc":"675","sl":"Элитный","sv":"1000","p":2700.0,"q":12.55,"b":0.0,"ms":0.83,"wi":71.08,"ei":6.31,"as":510.0,"mi":"E","mv":120548,"sc":12,"lpe":90.57,"lpr":1234.37,"lq":1.0,"d":543754},{"pi":"423627","pc":"Детские товары","ss":600,"td":"Центр города","dc":3,"n":99.78,"vc":"692","sl":"Высокий","sv":"300","p":1349.99,"q":8.82,"b":0.0,"ms":0.25,"wi":71.08,"ei":6.31,"as":510.0,"mi":"E","mv":120548,"sc":12,"lpe":90.57,"lpr":1234.37,"lq":1.0,"d":543754},{"pi":"423627","pc":"Детские товары","ss":600,"td":"Спальный район","dc":3,"n":9.01,"vc":"321","sl":"Очень высокий","sv":"250","p":1499.99,"q":8.82,"b":0.0,"ms":0.21,"wi":71.08,"ei":6.31,"as":510.0,"mi":"E","mv":120548,"sc":12,"lpe":90.57,"lpr":1234.37,"lq":1.0,"d":543754},{"pi":"423627","pc":"Детские товары","ss":600,"td":"Центр города","dc":3,"n":134.7,"vc":"832","sl":"Нормальный","sv":"238","p":1349.99,"q":8.82,"b":0.0,"ms":0.2,"wi":71.08,"ei":6.31,"as":510.0,"mi":"E","mv":120548,"sc":12,"lpe":90.57,"lpr":1234.37,"lq":1.0,"d":543754},{"pi":"423627","pc":"Детские товары","ss":600,"td":"Центр города","dc":3,"n":137.26,"vc":"843","sl":"Нормальный","sv":"200","p":1349.99,"q":8.82,"b":0.0,"ms":0.17,"wi":71.08,"ei":6.31,"as":510.0,"mi":"E","mv":120548,"sc":12,"lpe":90.57,"lpr":1234.37,"lq":1.0,"d":543754},{"pi":"423627","pc":"Детские товары","ss":400,"td":"Спальный район","dc":1,"n":10.62,"vc":"179","sl":"Элитный","sv":"80","p":2000.0,"q":8.81,"b":0.0,"ms":0.07,"wi":71.08,"ei":6.31,"as":510.0,"mi":"E","mv":120548,"sc":12,"lpe":90.57,"lpr":1234.37,"lq":1.0,"d":543754},{"pi":"423627","pc":"Детские товары","ss":500,"td":"Центр города","dc":3,"n":138.61,"vc":"770","sl":"Нормальный","sv":"58","p":1649.99,"q":8.82,"b":0.0,"ms":0.05,"wi":71.08,"ei":6.31,"as":510.0,"mi":"E","mv":120548,"sc":12,"lpe":90.57,"lpr":1234.37,"lq":1.0,"d":543754},{"pi":"423627","pc":"Детские товары","ss":1600,"td":"Спальный район","dc":2,"n":148.8,"vc":"1281","sl":"Элитный","sv":"6263","p":2693.0,"q":18.2,"b":0.0,"ms":5.43,"wi":80.05,"ei":9.36,"as":1250.0,"mi":"E","mv":115441,"sc":1,"lpe":94.57,"lpr":2327.23,"lq":1.0,"d":815686},{"pi":"423627","pc":"Детские товары","ss":300000,"td":"Фешенебельный район","dc":2,"n":697.09,"vc":"1060797","sl":"Очень высокий","sv":"12796","p":3850.01,"q":33.22,"b":4.32,"ms":4.94,"wi":81.16,"ei":9.65,"as":1343.3,"mi":"E","mv":259193,"sc":2,"lpe":95.01,"lpr":1280.73,"lq":1.0,"d":1258957},{"pi":"423627","pc":"Детские товары","ss":100000,"td":"Центр города","dc":3,"n":581.74,"vc":"1027920","sl":"Низкий","sv":"147","p":4000.0,"q":19.92,"b":0.0,"ms":0.06,"wi":81.16,"ei":9.65,"as":1343.3,"mi":"E","mv":259193,"sc":2,"lpe":95.01,"lpr":1280.73,"lq":1.0,"d":1258957},{"pi":"423627","pc":"Детские товары","ss":10000,"td":"Фешенебельный район","dc":1,"n":572.25,"vc":"8632","sl":"Элитный","sv":"1786","p":3000.0,"q":11.19,"b":0.0,"ms":3.48,"wi":41.19,"ei":6.42,"as":394.63,"mi":"E","mv":51300,"sc":2,"lpe":95.35,"lpr":857.13,"lq":1.0,"d":291777},{"pi":"423627","pc":"Детские товары","ss":20500,"td":"Центр города","dc":1,"n":382.31,"vc":"15647","sl":"Элитный","sv":"600","p":3200.0,"q":19.13,"b":0.0,"ms":1.17,"wi":41.19,"ei":6.42,"as":394.63,"mi":"E","mv":51300,"sc":2,"lpe":95.35,"lpr":857.13,"lq":1.0,"d":291777},{"pi":"423627","pc":"Детские товары","ss":20000,"td":"Фешенебельный район","dc":1,"n":543.64,"vc":"13902","sl":"Элитный","sv":"2000","p":2500.0,"q":11.19,"b":0.0,"ms":5.53,"wi":34.07,"ei":7.96,"as":509.69,"mi":"E","mv":36195,"sc":1,"lpe":94.47,"lpr":852.22,"lq":1.0,"d":587422},{"pi":"423627","pc":"Детские товары","ss":1000,"td":"Центр города","dc":1,"n":143.32,"vc":"434","sl":"Элитный","sv":"1500","p":2100.0,"q":12.55,"b":0.0,"ms":10.85,"wi":38.92,"ei":5.96,"as":480.0,"mi":"E","mv":13822,"sc":1,"lpe":89.15,"lpr":951.34,"lq":1.02,"d":111000},{"pi":"423627","pc":"Детские товары","ss":1000,"td":"Центр города","dc":1,"n":205.53,"vc":"674","sl":"Элитный","sv":"1300","p":2000.0,"q":12.55,"b":0.0,"ms":4.45,"wi":52.6,"ei":6.3,"as":500.0,"mi":"E","mv":29245,"sc":2,"lpe":92.11,"lpr":897.41,"lq":1.0,"d":143500},{"pi":"423627","pc":"Детские товары","ss":400,"td":"Спальный район","dc":1,"n":75.87,"vc":"156","sl":"Элитный","sv":"1008","p":1850.0,"q":12.54,"b":0.0,"ms":3.45,"wi":52.6,"ei":6.3,"as":500.0,"mi":"E","mv":29245,"sc":2,"lpe":92.11,"lpr":897.41,"lq":1.0,"d":143500},{"pi":"423627","pc":"Детские товары","ss":10000,"td":"Центр города","dc":3,"n":129.66,"vc":"2622","sl":"Очень высокий","sv":"300","p":1500.0,"q":19.13,"b":0.0,"ms":0.5,"wi":17.2,"ei":3.06,"as":154.94,"mi":"E","mv":59733,"sc":1,"lpe":99.5,"lpr":851.76,"lq":1.0,"d":1081250},{"pi":"423627","pc":"Детские товары","ss":1000,"td":"Центр города","dc":3,"n":137.87,"vc":"453","sl":"Элитный","sv":"4500","p":1200.0,"q":11.84,"b":1.7,"ms":26.91,"wi":38.59,"ei":6.2,"as":470.0,"mi":"E","mv":16720,"sc":2,"lpe":71.21,"lpr":826.21,"lq":1.63,"d":137772},{"pi":"423627","pc":"Детские товары","ss":1000,"td":"Центр города","dc":1,"n":213.64,"vc":"695","sl":"Элитный","sv":"313","p":2100.0,"q":12.54,"b":0.0,"ms":1.87,"wi":38.59,"ei":6.2,"as":470.0,"mi":"E","mv":16720,"sc":2,"lpe":71.21,"lpr":826.21,"lq":1.63,"d":137772},{"pi":"423627","pc":"Детские товары","ss":100000,"td":"Фешенебельный район","dc":1,"n":657.19,"vc":"466125","sl":"Очень высокий","sv":"45000","p":3200.01,"q":33.27,"b":3.76,"ms":9.47,"wi":29.0,"ei":5.16,"as":419.24,"mi":"E","mv":475111,"sc":1,"lpe":90.53,"lpr":798.41,"lq":1.0,"d":3737436},{"pi":"423627","pc":"Детские товары","ss":1000,"td":"Центр города","dc":1,"n":208.33,"vc":"680","sl":"Элитный","sv":"2000","p":2200.0,"q":12.55,"b":0.0,"ms":6.64,"wi":56.27,"ei":6.4,"as":480.0,"mi":"E","mv":30137,"sc":1,"lpe":93.36,"lpr":1003.78,"lq":1.0,"d":141112},{"pi":"423627","pc":"Детские товары","ss":100000,"td":"Фешенебельный район","dc":1,"n":636.54,"vc":"202428","sl":"Элитный","sv":"10000","p":3800.0,"q":33.27,"b":4.67,"ms":6.75,"wi":46.81,"ei":6.6,"as":569.37,"mi":"E","mv":148153,"sc":2,"lpe":93.22,"lpr":1621.97,"lq":1.0,"d":608062},{"pi":"423627","pc":"Детские товары","ss":100,"td":"Центр города","dc":1,"n":7.44,"vc":"68","sl":"Нормальный","sv":"45","p":3900.0,"q":20.55,"b":0.0,"ms":0.03,"wi":46.81,"ei":6.6,"as":569.37,"mi":"E","mv":148153,"sc":2,"lpe":93.22,"lpr":1621.97,"lq":1.0,"d":608062},{"pi":"423627","pc":"Детские товары","ss":1000,"td":"Фешенебельный район","dc":2,"n":353.42,"vc":"374","sl":"Элитный","sv":"500","p":2200.0,"q":19.74,"b":1.46,"ms":0.45,"wi":133.49,"ei":10.37,"as":577.09,"mi":"E","mv":111248,"sc":3,"lpe":99.53,"lpr":1501.68,"lq":1.0,"d":1180995},{"pi":"423627","pc":"Детские товары","ss":1000,"td":"Центр города","dc":1,"n":147.65,"vc":"782","sl":"Элитный","sv":"25","p":2400.0,"q":4.33,"b":0.95,"ms":0.02,"wi":133.49,"ei":10.37,"as":577.09,"mi":"E","mv":111248,"sc":3,"lpe":99.53,"lpr":1501.68,"lq":1.0,"d":1180995},{"pi":"423627","pc":"Детские товары","ss":1000,"td":"Центр города","dc":1,"n":151.26,"vc":"798","sl":"Элитный","sv":"1","p":2000.0,"q":19.13,"b":0.0,"ms":0.0,"wi":133.49,"ei":10.37,"as":577.09,"mi":"E","mv":111248,"sc":3,"lpe":99.53,"lpr":1501.68,"lq":1.0,"d":1180995},{"pi":"423627","pc":"Детские товары","ss":1000,"td":"Центр города","dc":1,"n":149.85,"vc":"754","sl":"Элитный","sv":"2","p":3800.0,"q":10.0,"b":0.95,"ms":0.0,"wi":119.48,"ei":10.56,"as":647.33,"mi":"E","mv":96073,"sc":1,"lpe":100.0,"lpr":1546.1,"lq":1.0,"d":749064},{"pi":"423627","pc":"Детские товары","ss":1000,"td":"Центр города","dc":1,"n":450.11,"vc":"5103","sl":"Нормальный","sv":"20000","p":3500.0,"q":34.18,"b":4.37,"ms":10.29,"wi":258.41,"ei":9.91,"as":720.18,"mi":"E","mv":194332,"sc":3,"lpe":85.79,"lpr":1418.79,"lq":3.22,"d":1127008},{"pi":"423627","pc":"Детские товары","ss":1000,"td":"Центр города","dc":1,"n":322.7,"vc":"2488","sl":"Очень высокий","sv":"5000","p":2500.0,"q":19.74,"b":1.46,"ms":2.57,"wi":258.41,"ei":9.91,"as":720.18,"mi":"E","mv":194332,"sc":3,"lpe":85.79,"lpr":1418.79,"lq":3.22,"d":1127008},{"pi":"423627","pc":"Детские товары","ss":1000,"td":"Центр города","dc":1,"n":161.54,"vc":"1504","sl":"Элитный","sv":"2616","p":3100.0,"q":11.24,"b":1.11,"ms":1.35,"wi":258.41,"ei":9.91,"as":720.18,"mi":"E","mv":194332,"sc":3,"lpe":85.79,"lpr":1418.79,"lq":3.22,"d":1127008},{"pi":"423627","pc":"Детские товары","ss":1000,"td":"Центр города","dc":3,"n":194.32,"vc":"821","sl":"Очень высокий","sv":"3","p":3600.0,"q":4.57,"b":0.95,"ms":0.01,"wi":84.23,"ei":8.99,"as":617.98,"mi":"E","mv":58775,"sc":1,"lpe":99.99,"lpr":1522.66,"lq":1.0,"d":511712},{"pi":"423627","pc":"Детские товары","ss":1000,"td":"Центр города","dc":2,"n":463.8,"vc":"2625","sl":"Нормальный","sv":"100","p":3000.0,"q":19.74,"b":1.46,"ms":0.49,"wi":68.12,"ei":5.88,"as":625.47,"mi":"E","mv":20482,"sc":2,"lpe":99.51,"lpr":895.01,"lq":1.0,"d":259802},{"pi":"423627","pc":"Детские товары","ss":1000,"td":"Центр города","dc":1,"n":179.12,"vc":"527","sl":"Элитный","sv":"1","p":2600.0,"q":9.54,"b":0.95,"ms":0.0,"wi":68.12,"ei":5.88,"as":625.47,"mi":"E","mv":20482,"sc":2,"lpe":99.51,"lpr":895.01,"lq":1.0,"d":259802},{"pi":"423627","pc":"Детские товары","ss":2000,"td":"Центр города","dc":3,"n":164.03,"vc":"1057","sl":"Элитный","sv":"9910","p":1200.0,"q":10.97,"b":0.87,"ms":9.88,"wi":56.43,"ei":4.02,"as":298.46,"mi":"E","mv":100330,"sc":3,"lpe":87.13,"lpr":979.86,"lq":1.01,"d":367846},{"pi":"423627","pc":"Детские товары","ss":30000,"td":"Фешенебельный район","dc":1,"n":506.91,"vc":"16776","sl":"Элитный","sv":"2000","p":2600.0,"q":11.19,"b":0.0,"ms":1.99,"wi":56.43,"ei":4.02,"as":298.46,"mi":"E","mv":100330,"sc":3,"lpe":87.13,"lpr":979.86,"lq":1.01,"d":367846},{"pi":"423627","pc":"Детские товары","ss":100000,"td":"Фешенебельный район","dc":1,"n":669.25,"vc":"155013","sl":"Очень высокий","sv":"1000","p":4000.0,"q":24.39,"b":0.0,"ms":1.0,"wi":56.43,"ei":4.02,"as":298.46,"mi":"E","mv":100330,"sc":3,"lpe":87.13,"lpr":979.86,"lq":1.01,"d":367846},{"pi":"423627","pc":"Детские товары","ss":100000,"td":"Фешенебельный район","dc":1,"n":650.04,"vc":"293724","sl":"Элитный","sv":"40000","p":3300.0,"q":33.27,"b":4.13,"ms":11.63,"wi":47.36,"ei":3.86,"as":371.56,"mi":"E","mv":343973,"sc":4,"lpe":86.77,"lpr":836.8,"lq":1.62,"d":1215470},{"pi":"423627","pc":"Детские товары","ss":1300,"td":"Центр города","dc":3,"n":31.27,"vc":"595","sl":"Элитный","sv":"3500","p":1300.0,"q":11.84,"b":0.87,"ms":1.02,"wi":47.36,"ei":3.86,"as":371.56,"mi":"E","mv":343973,"sc":4,"lpe":86.77,"lpr":836.8,"lq":1.62,"d":1215470},{"pi":"423627","pc":"Детские товары","ss":20000,"td":"Фешенебельный район","dc":1,"n":424.5,"vc":"9363","sl":"Элитный","sv":"2000","p":2500.0,"q":11.19,"b":0.0,"ms":0.58,"wi":47.36,"ei":3.86,"as":371.56,"mi":"E","mv":343973,"sc":4,"lpe":86.77,"lpr":836.8,"lq":1.62,"d":1215470},{"pi":"423627","pc":"Детские товары","ss":100000,"td":"Центр города","dc":1,"n":344.3,"vc":"69021","sl":"Элитный","sv":"12","p":4200.0,"q":24.46,"b":0.0,"ms":0.0,"wi":47.36,"ei":3.86,"as":371.56,"mi":"E","mv":343973,"sc":4,"lpe":86.77,"lpr":836.8,"lq":1.62,"d":1215470},{"pi":"423627","pc":"Детские товары","ss":1000,"td":"Центр города","dc":2,"n":331.27,"vc":"1079","sl":"Очень высокий","sv":"300","p":1982.56,"q":12.55,"b":0.0,"ms":2.92,"wi":34.76,"ei":5.67,"as":440.0,"mi":"E","mv":10261,"sc":2,"lpe":95.03,"lpr":928.29,"lq":1.0,"d":92613},{"pi":"423627","pc":"Детские товары","ss":1000,"td":"Центр города","dc":1,"n":317.9,"vc":"1001","sl":"Элитный","sv":"210","p":2400.0,"q":12.21,"b":2.33,"ms":2.05,"wi":34.76,"ei":5.67,"as":440.0,"mi":"E","mv":10261,"sc":2,"lpe":95.03,"lpr":928.29,"lq":1.0,"d":92613},{"pi":"423627","pc":"Детские товары","ss":1000,"td":"Центр города","dc":1,"n":273.49,"vc":"797","sl":"Элитный","sv":"250","p":2400.0,"q":12.21,"b":2.33,"ms":2.52,"wi":37.98,"ei":5.66,"as":450.0,"mi":"E","mv":9922,"sc":2,"lpe":97.45,"lpr":936.57,"lq":1.0,"d":98305},{"pi":"423627","pc":"Детские товары","ss":100,"td":"Окраина","dc":6,"n":49.67,"vc":"23","sl":"Низкий","sv":"3","p":980.0,"q":1.0,"b":0.0,"ms":0.03,"wi":37.98,"ei":5.66,"as":450.0,"mi":"E","mv":9922,"sc":2,"lpe":97.45,"lpr":936.57,"lq":1.0,"d":98305},{"pi":"423627","pc":"Детские товары","ss":1000,"td":"Центр города","dc":1,"n":339.07,"vc":"1256","sl":"Элитный","sv":"250","p":2450.0,"q":12.21,"b":2.33,"ms":1.94,"wi":37.14,"ei":6.1,"as":460.0,"mi":"E","mv":12856,"sc":1,"lpe":98.06,"lpr":966.34,"lq":1.0,"d":125850},{"pi":"423627","pc":"Детские товары","ss":1000,"td":"Центр города","dc":1,"n":322.41,"vc":"1150","sl":"Элитный","sv":"283","p":2400.0,"q":12.21,"b":2.33,"ms":2.2,"wi":38.24,"ei":6.0,"as":460.0,"mi":"E","mv":12865,"sc":2,"lpe":97.64,"lpr":860.45,"lq":1.0,"d":125306},{"pi":"423627","pc":"Детские товары","ss":1000,"td":"Центр города","dc":1,"n":438.83,"vc":"2217","sl":"Очень высокий","sv":"20","p":2760.0,"q":21.5,"b":0.0,"ms":0.16,"wi":38.24,"ei":6.0,"as":460.0,"mi":"E","mv":12865,"sc":2,"lpe":97.64,"lpr":860.45,"lq":1.0,"d":125306},{"pi":"423627","pc":"Детские товары","ss":20000,"td":"Фешенебельный район","dc":1,"n":554.03,"vc":"14277","sl":"Элитный","sv":"2000","p":3000.0,"q":11.19,"b":0.0,"ms":3.36,"wi":40.31,"ei":7.0,"as":475.05,"mi":"E","mv":59556,"sc":1,"lpe":96.64,"lpr":856.51,"lq":1.0,"d":377220},{"pi":"423627","pc":"Детские товары","ss":200000,"td":"Центр города","dc":3,"n":497.09,"vc":"410798","sl":"Очень высокий","sv":"15000","p":2300.0,"q":29.29,"b":0.0,"ms":12.05,"wi":40.71,"ei":5.57,"as":395.85,"mi":"E","mv":124436,"sc":1,"lpe":87.95,"lpr":849.05,"lq":1.82,"d":469922},{"pi":"423627","pc":"Детские товары","ss":10000,"td":"Фешенебельный район","dc":1,"n":503.83,"vc":"6932","sl":"Элитный","sv":"909","p":3000.0,"q":11.19,"b":0.0,"ms":3.14,"wi":23.84,"ei":8.12,"as":317.18,"mi":"E","mv":28941,"sc":1,"lpe":96.86,"lpr":830.35,"lq":1.0,"d":420251}]