[{"pi":"422432","pc":"Электроника","ss":10000,"td":"Центр города","dc":1,"n":314.63,"vc":"7794","sl":"Очень высокий","sv":"3","p":25000.0,"q":13.64,"b":1.34,"ms":0.04,"wi":49.22,"ei":5.0,"as":337.0,"mi":"E","mv":7296,"sc":1,"lpe":99.96,"lpr":11813.25,"lq":1.0,"d":451228},{"pi":"422432","pc":"Электроника","ss":10000,"td":"Центр города","dc":1,"n":416.46,"vc":"13724","sl":"Очень высокий","sv":"10","p":45000.0,"q":13.64,"b":1.34,"ms":0.24,"wi":60.1,"ei":6.0,"as":396.0,"mi":"E","mv":4252,"sc":1,"lpe":99.76,"lpr":16913.03,"lq":1.0,"d":264316},{"pi":"422432","pc":"Электроника","ss":10000,"td":"Спальный район","dc":2,"n":421.29,"vc":"21689","sl":"Очень высокий","sv":"40","p":41000.0,"q":13.64,"b":0.0,"ms":0.12,"wi":62.72,"ei":7.0,"as":1148.0,"mi":"E","mv":32424,"sc":1,"lpe":99.88,"lpr":17187.98,"lq":1.0,"d":2007074},{"pi":"422432","pc":"Электроника","ss":10000,"td":"Центр города","dc":2,"n":424.1,"vc":"25260","sl":"Очень высокий","sv":"5","p":38000.0,"q":13.64,"b":0.0,"ms":0.02,"wi":56.61,"ei":7.0,"as":1036.07,"mi":"E","mv":20765,"sc":1,"lpe":99.98,"lpr":15043.32,"lq":1.0,"d":1285176},{"pi":"422432","pc":"Электроника","ss":20000,"td":"Окраина","dc":6,"n":345.93,"vc":"11404","sl":"Очень высокий","sv":"20","p":30000.0,"q":13.64,"b":0.43,"ms":0.19,"wi":49.39,"ei":7.0,"as":1230.33,"mi":"E","mv":10372,"sc":1,"lpe":99.81,"lpr":12420.12,"lq":1.0,"d":781464},{"pi":"422432","pc":"Электроника","ss":23200,"td":"Центр города","dc":1,"n":399.48,"vc":"69153","sl":"Элитный","sv":"390","p":50000.0,"q":13.28,"b":3.86,"ms":1.14,"wi":58.91,"ei":7.0,"as":1299.6,"mi":"E","mv":34110,"sc":4,"lpe":98.03,"lpr":17938.34,"lq":1.0,"d":2111474},{"pi":"422432","pc":"Электроника","ss":100000,"td":"Фешенебельный район","dc":2,"n":596.47,"vc":"141929","sl":"Элитный","sv":"132","p":115000.0,"q":12.26,"b":0.0,"ms":0.39,"wi":58.91,"ei":7.0,"as":1299.6,"mi":"E","mv":34110,"sc":4,"lpe":98.03,"lpr":17938.34,"lq":1.0,"d":2111474},{"pi":"422432","pc":"Электроника","ss":20000,"td":"Центр города","dc":2,"n":390.32,"vc":"57602","sl":"Очень высокий","sv":"100","p":40000.0,"q":15.95,"b":1.77,"ms":0.29,"wi":58.91,"ei":7.0,"as":1299.6,"mi":"E","mv":34110,"sc":4,"lpe":98.03,"lpr":17938.34,"lq":1.0,"d":2111474},{"pi":"422432","pc":"Электроника","ss":10000,"td":"Центр города","dc":2,"n":284.47,"vc":"10701","sl":"Элитный","sv":"50","p":46000.0,"q":13.64,"b":0.43,"ms":0.15,"wi":58.91,"ei":7.0,"as":1299.6,"mi":"E","mv":34110,"sc":4,"lpe":98.03,"lpr":17938.34,"lq":1.0,"d":2111474},{"pi":"422432","pc":"Электроника","ss":50000,"td":"Центр города","dc":1,"n":343.34,"vc":"125547","sl":"Элитный","sv":"712","p":141000.0,"q":11.48,"b":2.9,"ms":0.5,"wi":79.78,"ei":9.46,"as":2502.0,"mi":"E","mv":141682,"sc":12,"lpe":97.8,"lpr":25436.28,"lq":1.0,"d":9185246},{"pi":"422432","pc":"Электроника","ss":30000,"td":"Центр города","dc":1,"n":294.4,"vc":"58060","sl":"Элитный","sv":"440","p":45574.91,"q":4.17,"b":1.65,"ms":0.31,"wi":79.78,"ei":9.46,"as":2502.0,"mi":"E","mv":141682,"sc":12,"lpe":97.8,"lpr":25436.28,"lq":1.0,"d":9185246},{"pi":"422432","pc":"Электроника","ss":100000,"td":"Центр города","dc":1,"n":348.7,"vc":"146142","sl":"Элитный","sv":"430","p":120000.0,"q":17.13,"b":1.89,"ms":0.3,"wi":79.78,"ei":9.46,"as":2502.0,"mi":"E","mv":141682,"sc":12,"lpe":97.8,"lpr":25436.28,"lq":1.0,"d":9185246},{"pi":"422432","pc":"Электроника","ss":100000,"td":"Центр города","dc":1,"n":299.1,"vc":"90701","sl":"Элитный","sv":"295","p":70000.0,"q":15.57,"b":0.69,"ms":0.21,"wi":79.78,"ei":9.46,"as":2502.0,"mi":"E","mv":141682,"sc":12,"lpe":97.8,"lpr":25436.28,"lq":1.0,"d":9185246},{"pi":"422432","pc":"Электроника","ss":30000,"td":"Центр города","dc":1,"n":312.87,"vc":"67785","sl":"Элитный","sv":"250","p":100000.0,"q":16.74,"b":1.42,"ms":0.18,"wi":79.78,"ei":9.46,"as":2502.0,"mi":"E","mv":141682,"sc":12,"lpe":97.8,"lpr":25436.28,"lq":1.0,"d":9185246},{"pi":"422432","pc":"Электроника","ss":30000,"td":"Центр города","dc":2,"n":321.18,"vc":"48451","sl":"Элитный","sv":"236","p":65000.0,"q":15.48,"b":0.58,"ms":0.17,"wi":79.78,"ei":9.46,"as":2502.0,"mi":"E","mv":141682,"sc":12,"lpe":97.8,"lpr":25436.28,"lq":1.0,"d":9185246},{"pi":"422432","pc":"Электроника","ss":100000,"td":"Центр города","dc":1,"n":294.94,"vc":"130719","sl":"Элитный","sv":"236","p":90000.0,"q":15.39,"b":1.2,"ms":0.17,"wi":79.78,"ei":9.46,"as":2502.0,"mi":"E","mv":141682,"sc":12,"lpe":97.8,"lpr":25436.28,"lq":1.0,"d":9185246},{"pi":"422432","pc":"Электроника","ss":190000,"td":"Спальный район","dc":3,"n":433.66,"vc":"430903","sl":"Очень высокий","sv":"200","p":52600.0,"q":9.48,"b":0.13,"ms":0.14,"wi":79.78,"ei":9.46,"as":2502.0,"mi":"E","mv":141682,"sc":12,"lpe":97.8,"lpr":25436.28,"lq":1.0,"d":9185246},{"pi":"422432","pc":"Электроника","ss":10000,"td":"Спальный район","dc":2,"n":203.13,"vc":"7357","sl":"Элитный","sv":"150","p":65000.0,"q":13.64,"b":0.28,"ms":0.11,"wi":79.78,"ei":9.46,"as":2502.0,"mi":"E","mv":141682,"sc":12,"lpe":97.8,"lpr":25436.28,"lq":1.0,"d":9185246},{"pi":"422432","pc":"Электроника","ss":100000,"td":"Спальный район","dc":1,"n":296.52,"vc":"66364","sl":"Элитный","sv":"121","p":150000.0,"q":13.71,"b":1.86,"ms":0.09,"wi":79.78,"ei":9.46,"as":2502.0,"mi":"E","mv":141682,"sc":12,"lpe":97.8,"lpr":25436.28,"lq":1.0,"d":9185246},{"pi":"422432","pc":"Электроника","ss":10000,"td":"Центр города","dc":1,"n":247.93,"vc":"6213","sl":"Элитный","sv":"3","p":28000.0,"q":13.64,"b":1.34,"ms":0.02,"wi":49.72,"ei":7.0,"as":374.0,"mi":"E","mv":15598,"sc":1,"lpe":99.98,"lpr":11921.31,"lq":1.0,"d":966800},{"pi":"422432","pc":"Электроника","ss":20000,"td":"Центр города","dc":1,"n":357.22,"vc":"17499","sl":"Элитный","sv":"3","p":140000.0,"q":11.45,"b":1.48,"ms":0.04,"wi":65.6,"ei":7.0,"as":380.0,"mi":"E","mv":7707,"sc":2,"lpe":99.92,"lpr":16383.43,"lq":1.0,"d":476640},{"pi":"422432","pc":"Электроника","ss":10000,"td":"Центр города","dc":1,"n":309.89,"vc":"7671","sl":"Элитный","sv":"3","p":39000.0,"q":13.64,"b":1.34,"ms":0.04,"wi":65.6,"ei":7.0,"as":380.0,"mi":"E","mv":7707,"sc":2,"lpe":99.92,"lpr":16383.43,"lq":1.0,"d":476640},{"pi":"422432","pc":"Электроника","ss":20000,"td":"Центр города","dc":3,"n":422.95,"vc":"45092","sl":"Высокий","sv":"1","p":140000.0,"q":11.45,"b":1.49,"ms":0.0,"wi":63.08,"ei":7.98,"as":479.0,"mi":"E","mv":25817,"sc":1,"lpe":100.0,"lpr":16693.68,"lq":1.0,"d":1584151},{"pi":"422432","pc":"Электроника","ss":10000,"td":"Центр города","dc":1,"n":237.29,"vc":"5997","sl":"Элитный","sv":"3","p":25000.0,"q":13.64,"b":1.34,"ms":0.02,"wi":53.01,"ei":5.0,"as":324.0,"mi":"E","mv":17677,"sc":1,"lpe":99.98,"lpr":11853.6,"lq":1.0,"d":1093944},{"pi":"422432","pc":"Электроника","ss":20000,"td":"Центр города","dc":2,"n":392.37,"vc":"21496","sl":"Элитный","sv":"50","p":41000.0,"q":13.64,"b":1.58,"ms":0.81,"wi":61.17,"ei":7.54,"as":1230.25,"mi":"E","mv":6210,"sc":1,"lpe":99.19,"lpr":17992.52,"lq":1.0,"d":384017},{"pi":"422432","pc":"Электроника","ss":10000,"td":"Центр города","dc":1,"n":400.34,"vc":"23931","sl":"Элитный","sv":"556","p":65000.0,"q":13.57,"b":0.0,"ms":1.89,"wi":65.52,"ei":7.0,"as":1059.0,"mi":"E","mv":29393,"sc":2,"lpe":98.04,"lpr":17235.45,"lq":1.0,"d":1819400},{"pi":"422432","pc":"Электроника","ss":10000,"td":"Спальный район","dc":2,"n":428.06,"vc":"22032","sl":"Очень высокий","sv":"20","p":39000.0,"q":13.64,"b":0.0,"ms":0.07,"wi":65.52,"ei":7.0,"as":1059.0,"mi":"E","mv":29393,"sc":2,"lpe":98.04,"lpr":17235.45,"lq":1.0,"d":1819400}]