[{"d":"20.08.2018","r":3985.0,"q":1.0,"p":4500.0,"s":[{"cn":"Pali Incorporated","ui":"7841150","t":3985.0,"r":3985.0,"q":1.0,"p":4500.0,"mot":"U","mo":3985.0},{"cn":"","ui":"","t":0.0,"r":0.0,"q":0.0,"p":0.0,"mot":"L","mo":0.0}]},{"d":"21.08.2018","r":5975.0,"q":1.0,"p":4500.0,"s":[{"cn":"Pali Incorporated","ui":"7841150","t":5975.0,"r":5975.0,"q":1.0,"p":4500.0,"mot":"U","mo":5975.0},{"cn":"","ui":"","t":0.0,"r":0.0,"q":0.0,"p":0.0,"mot":"L","mo":0.0}]},{"d":"27.08.2018","r":5975.0,"q":1.0,"p":999.0,"s":[{"cn":"Pali Incorporated","ui":"7841150","t":5975.0,"r":5975.0,"q":1.0,"p":999.0,"mot":"U","mo":5975.0},{"cn":"","ui":"","t":0.0,"r":0.0,"q":0.0,"p":0.0,"mot":"L","mo":0.0}]},{"d":"04.09.2018","r":5965.0,"q":1.0,"p":999.0,"s":[{"cn":"Pali Incorporated","ui":"7841150","t":5975.0,"r":5965.0,"q":1.0,"p":999.0,"mot":"U","mo":5965.0},{"cn":"","ui":"","t":0.0,"r":0.0,"q":0.0,"p":0.0,"mot":"L","mo":0.0}]},{"d":"05.09.2018","r":5955.0,"q":1.0,"p":999.0,"s":[{"cn":"Pali Incorporated","ui":"7841150","t":5965.0,"r":5955.0,"q":1.0,"p":999.0,"mot":"U","mo":5955.0},{"cn":"","ui":"","t":0.0,"r":0.0,"q":0.0,"p":0.0,"mot":"L","mo":0.0}]},{"d":"06.09.2018","r":5865.0,"q":1.0,"p":999.0,"s":[{"cn":"Pali Incorporated","ui":"7841150","t":5915.0,"r":5865.0,"q":1.0,"p":999.0,"mot":"U","mo":5865.0},{"cn":"","ui":"","t":0.0,"r":0.0,"q":0.0,"p":0.0,"mot":"L","mo":0.0}]},{"d":"07.09.2018","r":5815.0,"q":1.0,"p":999.0,"s":[{"cn":"Pali Incorporated","ui":"7841150","t":5865.0,"r":5815.0,"q":1.0,"p":999.0,"mot":"U","mo":5815.0},{"cn":"","ui":"","t":0.0,"r":0.0,"q":0.0,"p":0.0,"mot":"L","mo":0.0}]},{"d":"10.09.2018","r":5665.0,"q":1.0,"p":999.0,"s":[{"cn":"Pali Incorporated","ui":"7841150","t":5715.0,"r":5665.0,"q":1.0,"p":999.0,"mot":"U","mo":5665.0},{"cn":"","ui":"","t":0.0,"r":0.0,"q":0.0,"p":0.0,"mot":"L","mo":0.0}]},{"d":"12.09.2018","r":5525.0,"q":1.0,"p":999.0,"s":[{"cn":"Pali Incorporated","ui":"7841150","t":5615.0,"r":5525.0,"q":1.0,"p":999.0,"mot":"U","mo":5525.0},{"cn":"","ui":"","t":0.0,"r":0.0,"q":0.0,"p":0.0,"mot":"L","mo":0.0}]},{"d":"13.09.2018","r":5435.0,"q":1.0,"p":999.0,"s":[{"cn":"Pali Incorporated","ui":"7841150","t":5525.0,"r":5435.0,"q":1.0,"p":999.0,"mot":"U","mo":5435.0},{"cn":"","ui":"","t":0.0,"r":0.0,"q":0.0,"p":0.0,"mot":"L","mo":0.0}]},{"d":"14.09.2018","r":5345.0,"q":1.0,"p":999.0,"s":[{"cn":"Pali Incorporated","ui":"7841150","t":5435.0,"r":5345.0,"q":1.0,"p":999.0,"mot":"U","mo":5345.0},{"cn":"","ui":"","t":0.0,"r":0.0,"q":0.0,"p":0.0,"mot":"L","mo":0.0}]},{"d":"17.09.2018","r":5015.0,"q":1.0,"p":999.0,"s":[{"cn":"Pali Incorporated","ui":"7841150","t":5135.0,"r":5015.0,"q":1.0,"p":999.0,"mot":"U","mo":5015.0},{"cn":"","ui":"","t":0.0,"r":0.0,"q":0.0,"p":0.0,"mot":"L","mo":0.0}]},{"d":"18.09.2018","r":4895.0,"q":1.0,"p":999.0,"s":[{"cn":"Pali Incorporated","ui":"7841150","t":5015.0,"r":4895.0,"q":1.0,"p":999.0,"mot":"U","mo":4895.0},{"cn":"","ui":"","t":0.0,"r":0.0,"q":0.0,"p":0.0,"mot":"L","mo":0.0}]},{"d":"19.09.2018","r":4775.0,"q":1.0,"p":999.0,"s":[{"cn":"Pali Incorporated","ui":"7841150","t":4895.0,"r":4775.0,"q":1.0,"p":999.0,"mot":"U","mo":4775.0},{"cn":"","ui":"","t":0.0,"r":0.0,"q":0.0,"p":0.0,"mot":"L","mo":0.0}]},{"d":"20.09.2018","r":4615.0,"q":1.0,"p":999.0,"s":[{"cn":"Pali Incorporated","ui":"7841150","t":4775.0,"r":4615.0,"q":1.0,"p":999.0,"mot":"U","mo":4615.0},{"cn":"","ui":"","t":0.0,"r":0.0,"q":0.0,"p":0.0,"mot":"L","mo":0.0}]},{"d":"21.09.2018","r":4455.0,"q":1.0,"p":999.0,"s":[{"cn":"Pali Incorporated","ui":"7841150","t":4615.0,"r":4455.0,"q":1.0,"p":999.0,"mot":"U","mo":4455.0},{"cn":"","ui":"","t":0.0,"r":0.0,"q":0.0,"p":0.0,"mot":"L","mo":0.0}]},{"d":"24.09.2018","r":3975.0,"q":1.0,"p":999.0,"s":[{"cn":"Pali Incorporated","ui":"7841150","t":4135.0,"r":3975.0,"q":1.0,"p":999.0,"mot":"U","mo":3975.0},{"cn":"","ui":"","t":0.0,"r":0.0,"q":0.0,"p":0.0,"mot":"L","mo":0.0}]},{"d":"25.09.2018","r":3815.0,"q":1.0,"p":999.0,"s":[{"cn":"Pali Incorporated","ui":"7841150","t":3975.0,"r":3815.0,"q":1.0,"p":999.0,"mot":"U","mo":3815.0},{"cn":"","ui":"","t":0.0,"r":0.0,"q":0.0,"p":0.0,"mot":"L","mo":0.0}]},{"d":"26.09.2018","r":3655.0,"q":1.0,"p":999.0,"s":[{"cn":"Pali Incorporated","ui":"7841150","t":3815.0,"r":3655.0,"q":1.0,"p":999.0,"mot":"U","mo":3655.0},{"cn":"","ui":"","t":0.0,"r":0.0,"q":0.0,"p":0.0,"mot":"L","mo":0.0}]},{"d":"28.09.2018","r":3495.0,"q":1.0,"p":999.0,"s":[{"cn":"Pali Incorporated","ui":"7841150","t":3655.0,"r":3495.0,"q":1.0,"p":999.0,"mot":"U","mo":3495.0},{"cn":"","ui":"","t":0.0,"r":0.0,"q":0.0,"p":0.0,"mot":"L","mo":0.0}]},{"d":"01.02.2019","r":3734642.0,"q":10.71,"p":811.11,"s":[{"cn":"Stepanov","ui":"7896414","t":1479187.0,"r":1479187.0,"q":11.11,"p":120.0,"mot":"U","mo":1479187.0},{"cn":"Манарх Инвест","ui":"7900061","t":631389.0,"r":629649.0,"q":11.44,"p":160.0,"mot":"U","mo":629649.0},{"cn":"BuNKeR Corp","ui":"7897839","t":218150.0,"r":218150.0,"q":13.11,"p":1500.0,"mot":"U","mo":218150.0},{"cn":"Umbrella Corp.","ui":"7836986","t":991988.0,"r":991813.0,"q":10.73,"p":80.0,"mot":"U","mo":991813.0},{"cn":"Voff Ltd.","ui":"7856941","t":250822.0,"r":250812.0,"q":8.24,"p":250.0,"mot":"U","mo":250812.0},{"cn":"","ui":"","t":165091.0,"r":165031.0,"q":4.79,"p":13825.87,"mot":"L","mo":165031.0}]},{"d":"04.02.2019","r":3695377.0,"q":10.57,"p":776.94,"s":[{"cn":"Stepanov","ui":"7896414","t":1532680.0,"r":1532680.0,"q":11.19,"p":110.0,"mot":"U","mo":1532680.0},{"cn":"Манарх Инвест","ui":"7900061","t":675679.0,"r":673439.0,"q":11.45,"p":160.0,"mot":"U","mo":673439.0},{"cn":"Umbrella Corp.","ui":"7836986","t":991463.0,"r":991288.0,"q":10.73,"p":80.0,"mot":"U","mo":991288.0},{"cn":"Voff Ltd.","ui":"7856941","t":259220.0,"r":259210.0,"q":8.34,"p":250.0,"mot":"U","mo":259210.0},{"cn":"","ui":"","t":238820.0,"r":238760.0,"q":5.82,"p":10263.96,"mot":"L","mo":238760.0}]},{"d":"05.02.2019","r":3667457.0,"q":10.62,"p":780.45,"s":[{"cn":"Stepanov","ui":"7896414","t":1551178.0,"r":1551178.0,"q":11.22,"p":110.0,"mot":"U","mo":1551178.0},{"cn":"Манарх Инвест","ui":"7900061","t":690274.0,"r":688034.0,"q":11.46,"p":160.0,"mot":"U","mo":688034.0},{"cn":"Umbrella Corp.","ui":"7836986","t":991288.0,"r":991113.0,"q":10.73,"p":80.0,"mot":"U","mo":991113.0},{"cn":"Voff Ltd.","ui":"7856941","t":262010.0,"r":262000.0,"q":8.38,"p":250.0,"mot":"U","mo":262000.0},{"cn":"","ui":"","t":175192.0,"r":175132.0,"q":4.82,"p":13913.95,"mot":"L","mo":175132.0}]},{"d":"06.02.2019","r":3924169.0,"q":10.78,"p":796.08,"s":[{"cn":"Stepanov","ui":"7896414","t":1569676.0,"r":1569676.0,"q":11.26,"p":110.0,"mot":"U","mo":1569676.0},{"cn":"Манарх Инвест","ui":"7900061","t":704869.0,"r":702629.0,"q":11.46,"p":160.0,"mot":"U","mo":702629.0},{"cn":"BuNKeR Corp","ui":"7897839","t":218150.0,"r":218150.0,"q":13.11,"p":1000.0,"mot":"U","mo":218150.0},{"cn":"Umbrella Corp.","ui":"7836986","t":991288.0,"r":991288.0,"q":10.73,"p":80.0,"mot":"U","mo":991288.0},{"cn":"Voff Ltd.","ui":"7856941","t":264800.0,"r":264790.0,"q":8.41,"p":250.0,"mot":"U","mo":264790.0},{"cn":"","ui":"","t":177696.0,"r":177636.0,"q":4.82,"p":13934.28,"mot":"L","mo":177636.0}]},{"d":"07.02.2019","r":4306535.0,"q":10.98,"p":815.39,"s":[{"cn":"Stepanov","ui":"7896414","t":1588174.0,"r":1588174.0,"q":11.29,"p":110.0,"mot":"U","mo":1588174.0},{"cn":"Манарх Инвест","ui":"7900061","t":719457.0,"r":717217.0,"q":11.47,"p":160.0,"mot":"U","mo":717217.0},{"cn":"BuNKeR Corp","ui":"7897839","t":562316.0,"r":562316.0,"q":13.12,"p":1000.0,"mot":"U","mo":562316.0},{"cn":"Umbrella Corp.","ui":"7836986","t":991263.0,"r":991124.0,"q":10.73,"p":80.0,"mot":"U","mo":991124.0},{"cn":"Voff Ltd.","ui":"7856941","t":267583.0,"r":267573.0,"q":8.44,"p":250.0,"mot":"U","mo":267573.0},{"cn":"","ui":"","t":180191.0,"r":180131.0,"q":4.82,"p":13953.99,"mot":"L","mo":180131.0}]},{"d":"08.02.2019","r":4646944.0,"q":11.0,"p":851.07,"s":[{"cn":"Stepanov","ui":"7896414","t":1606672.0,"r":1606672.0,"q":11.32,"p":110.0,"mot":"U","mo":1606672.0},{"cn":"BuNKeR Corp","ui":"7897839","t":584194.0,"r":584194.0,"q":13.12,"p":1000.0,"mot":"U","mo":584194.0},{"cn":"Манарх Инвест","ui":"7900061","t":734045.0,"r":731805.0,"q":11.47,"p":160.0,"mot":"U","mo":731805.0},{"cn":"Umbrella Corp.","ui":"7836986","t":990124.0,"r":988701.0,"q":10.73,"p":80.0,"mot":"U","mo":988701.0},{"cn":"Voff Ltd.","ui":"7856941","t":270366.0,"r":270356.0,"q":8.47,"p":250.0,"mot":"U","mo":270356.0},{"cn":"","ui":"","t":481266.0,"r":465216.0,"q":8.53,"p":6298.49,"mot":"L","mo":465216.0}]}]