[{"pi":"359859","pc":"Аптека","ss":100000,"td":"Центр города","dc":5,"n":252.31,"vc":"36490","sl":"Элитный","sv":"35000","p":1000.0,"q":70.81,"b":1.34,"ms":8.95,"wi":43.25,"ei":8.96,"as":259.04,"mi":"E","mv":390929,"sc":1,"lpe":91.05,"lpr":725.75,"lq":1.0,"d":2463436},{"pi":"359859","pc":"Аптека","ss":100000,"td":"Центр города","dc":4,"n":301.71,"vc":"46555","sl":"Элитный","sv":"10000","p":1400.0,"q":70.81,"b":0.0,"ms":11.33,"wi":55.12,"ei":8.36,"as":411.86,"mi":"E","mv":88226,"sc":1,"lpe":88.67,"lpr":1153.86,"lq":2.65,"d":1271530},{"pi":"359859","pc":"Аптека","ss":10000,"td":"Центр города","dc":2,"n":112.38,"vc":"2826","sl":"Элитный","sv":"1000","p":3099.0,"q":29.19,"b":0.0,"ms":0.42,"wi":66.51,"ei":8.76,"as":347.78,"mi":"E","mv":238386,"sc":1,"lpe":99.58,"lpr":1092.4,"lq":1.0,"d":1784134},{"pi":"359859","pc":"Аптека","ss":10000,"td":"Центр города","dc":2,"n":178.0,"vc":"2658","sl":"Элитный","sv":"1000","p":2219.0,"q":29.19,"b":0.0,"ms":2.08,"wi":62.27,"ei":13.35,"as":674.99,"mi":"E","mv":48127,"sc":1,"lpe":97.92,"lpr":1484.95,"lq":1.0,"d":374441},{"pi":"359859","pc":"Аптека","ss":100000,"td":"Центр города","dc":5,"n":282.69,"vc":"40637","sl":"Элитный","sv":"30000","p":900.0,"q":70.81,"b":1.34,"ms":11.35,"wi":36.6,"ei":8.31,"as":211.85,"mi":"E","mv":264363,"sc":1,"lpe":88.65,"lpr":594.16,"lq":1.33,"d":1453950},{"pi":"359859","pc":"Аптека","ss":100000,"td":"Центр города","dc":1,"n":0.0,"vc":"4438","sl":"Элитный","sv":"1230","p":1515.27,"q":22.25,"b":0.0,"ms":0.36,"wi":41.17,"ei":8.83,"as":225.06,"mi":"E","mv":344962,"sc":1,"lpe":99.64,"lpr":631.16,"lq":1.0,"d":1925822},{"pi":"359859","pc":"Аптека","ss":100000,"td":"Центр города","dc":2,"n":270.61,"vc":"38841","sl":"Элитный","sv":"16000","p":1500.0,"q":70.81,"b":3.9,"ms":10.37,"wi":75.92,"ei":7.32,"as":536.04,"mi":"E","mv":154305,"sc":1,"lpe":89.63,"lpr":794.37,"lq":1.93,"d":1780714},{"pi":"359859","pc":"Аптека","ss":10000,"td":"Центр города","dc":2,"n":213.33,"vc":"2685","sl":"Очень высокий","sv":"1000","p":2299.0,"q":29.19,"b":0.0,"ms":3.62,"wi":24.79,"ei":5.22,"as":302.26,"mi":"E","mv":27650,"sc":1,"lpe":96.38,"lpr":781.92,"lq":1.0,"d":182800},{"pi":"359859","pc":"Аптека","ss":10000,"td":"Центр города","dc":2,"n":195.2,"vc":"2668","sl":"Элитный","sv":"1000","p":3099.0,"q":29.19,"b":0.0,"ms":2.46,"wi":43.59,"ei":7.31,"as":476.27,"mi":"E","mv":40644,"sc":1,"lpe":97.54,"lpr":1334.45,"lq":1.0,"d":263256},{"pi":"359859","pc":"Аптека","ss":100000,"td":"Центр города","dc":1,"n":425.26,"vc":"501560","sl":"Очень высокий","sv":"317229","p":2500.0,"q":98.41,"b":0.0,"ms":30.0,"wi":89.7,"ei":7.81,"as":615.72,"mi":"E","mv":1057432,"sc":1,"lpe":70.0,"lpr":1294.15,"lq":2.85,"d":11929900},{"pi":"359859","pc":"Аптека","ss":10000,"td":"Центр города","dc":2,"n":162.16,"vc":"2669","sl":"Элитный","sv":"1000","p":2599.0,"q":29.19,"b":0.0,"ms":1.13,"wi":48.51,"ei":15.71,"as":380.15,"mi":"E","mv":88135,"sc":1,"lpe":98.87,"lpr":1065.13,"lq":1.0,"d":545196},{"pi":"359859","pc":"Аптека","ss":10000,"td":"Центр города","dc":2,"n":138.46,"vc":"2715","sl":"Элитный","sv":"1000","p":2899.0,"q":29.19,"b":0.0,"ms":0.94,"wi":56.24,"ei":7.07,"as":380.48,"mi":"E","mv":106059,"sc":1,"lpe":99.06,"lpr":1242.59,"lq":1.0,"d":917721},{"pi":"359859","pc":"Аптека","ss":10000,"td":"Центр города","dc":2,"n":166.89,"vc":"2664","sl":"Элитный","sv":"1000","p":1999.0,"q":29.19,"b":0.0,"ms":1.24,"wi":53.32,"ei":6.45,"as":372.85,"mi":"E","mv":80512,"sc":1,"lpe":98.76,"lpr":1044.95,"lq":1.0,"d":476878},{"pi":"359859","pc":"Аптека","ss":50000,"td":"Центр города","dc":3,"n":228.93,"vc":"22141","sl":"Элитный","sv":"5000","p":420.0,"q":70.81,"b":0.0,"ms":2.59,"wi":15.97,"ei":4.53,"as":106.12,"mi":"E","mv":193176,"sc":1,"lpe":97.41,"lpr":297.98,"lq":1.0,"d":3754938},{"pi":"359859","pc":"Аптека","ss":100000,"td":"Центр города","dc":1,"n":424.89,"vc":"495412","sl":"Очень высокий","sv":"53523","p":9000.0,"q":98.05,"b":0.0,"ms":9.72,"wi":166.72,"ei":9.88,"as":2625.25,"mi":"E","mv":550742,"sc":2,"lpe":86.63,"lpr":2467.57,"lq":6.02,"d":11635600},{"pi":"359859","pc":"Аптека","ss":100000,"td":"Центр города","dc":4,"n":172.26,"vc":"29100","sl":"Элитный","sv":"20097","p":8000.0,"q":70.58,"b":2.85,"ms":3.65,"wi":166.72,"ei":9.88,"as":2625.25,"mi":"E","mv":550742,"sc":2,"lpe":86.63,"lpr":2467.57,"lq":6.02,"d":11635600},{"pi":"359859","pc":"Аптека","ss":100000,"td":"Центр города","dc":2,"n":238.02,"vc":"33914","sl":"Элитный","sv":"10000","p":4000.0,"q":70.81,"b":0.0,"ms":3.25,"wi":194.76,"ei":9.63,"as":1210.0,"mi":"E","mv":308079,"sc":1,"lpe":96.75,"lpr":2637.95,"lq":1.0,"d":2958984},{"pi":"359859","pc":"Аптека","ss":100000,"td":"Центр города","dc":5,"n":241.82,"vc":"35151","sl":"Элитный","sv":"65000","p":900.0,"q":70.81,"b":0.0,"ms":12.1,"wi":60.31,"ei":7.67,"as":446.7,"mi":"E","mv":537017,"sc":1,"lpe":87.9,"lpr":787.8,"lq":1.75,"d":2952988},{"pi":"359859","pc":"Аптека","ss":100000,"td":"Центр города","dc":5,"n":225.11,"vc":"33428","sl":"Элитный","sv":"50000","p":900.0,"q":70.81,"b":2.24,"ms":7.0,"wi":43.74,"ei":9.29,"as":248.71,"mi":"E","mv":714733,"sc":1,"lpe":93.0,"lpr":697.33,"lq":1.0,"d":4048917},{"pi":"359859","pc":"Аптека","ss":100000,"td":"Центр города","dc":5,"n":267.38,"vc":"38398","sl":"Элитный","sv":"50000","p":1000.0,"q":70.81,"b":2.44,"ms":15.49,"wi":67.13,"ei":8.56,"as":483.67,"mi":"E","mv":322751,"sc":1,"lpe":84.51,"lpr":921.59,"lq":2.06,"d":1883126},{"pi":"359859","pc":"Аптека","ss":100000,"td":"Центр города","dc":3,"n":220.1,"vc":"32885","sl":"Элитный","sv":"80000","p":1000.0,"q":70.81,"b":0.0,"ms":10.09,"wi":57.37,"ei":10.06,"as":176.05,"mi":"E","mv":792752,"sc":1,"lpe":89.91,"lpr":493.8,"lq":1.09,"d":4433298},{"pi":"359859","pc":"Аптека","ss":100000,"td":"Центр города","dc":3,"n":327.26,"vc":"99900","sl":"Элитный","sv":"100000","p":2000.0,"q":70.81,"b":0.0,"ms":10.11,"wi":65.33,"ei":8.99,"as":361.0,"mi":"E","mv":989306,"sc":1,"lpe":89.89,"lpr":1012.0,"lq":2.33,"d":5583100},{"pi":"359859","pc":"Аптека","ss":100000,"td":"Центр города","dc":3,"n":268.77,"vc":"38586","sl":"Элитный","sv":"20000","p":4000.0,"q":70.81,"b":0.0,"ms":11.64,"wi":172.43,"ei":9.83,"as":2165.58,"mi":"E","mv":171750,"sc":1,"lpe":88.36,"lpr":2958.39,"lq":6.85,"d":1838430},{"pi":"359859","pc":"Аптека","ss":100000,"td":"Центр города","dc":3,"n":333.4,"vc":"49437","sl":"Элитный","sv":"10000","p":2000.0,"q":70.81,"b":0.0,"ms":9.19,"wi":66.62,"ei":7.95,"as":493.05,"mi":"E","mv":108831,"sc":1,"lpe":90.81,"lpr":1148.84,"lq":1.0,"d":632057},{"pi":"359859","pc":"Аптека","ss":10000,"td":"Центр города","dc":1,"n":217.92,"vc":"4549","sl":"Элитный","sv":"250","p":5450.0,"q":22.11,"b":0.0,"ms":0.18,"wi":59.42,"ei":8.65,"as":472.08,"mi":"E","mv":136215,"sc":1,"lpe":99.82,"lpr":1322.69,"lq":1.0,"d":747777},{"pi":"359859","pc":"Аптека","ss":100000,"td":"Центр города","dc":4,"n":330.03,"vc":"48765","sl":"Элитный","sv":"10020","p":2000.0,"q":70.81,"b":0.0,"ms":8.27,"wi":84.39,"ei":9.0,"as":559.14,"mi":"E","mv":121229,"sc":1,"lpe":91.73,"lpr":1152.92,"lq":1.0,"d":666717},{"pi":"359859","pc":"Аптека","ss":10000,"td":"Центр города","dc":2,"n":326.78,"vc":"9953","sl":"Элитный","sv":"1000","p":1400.0,"q":70.81,"b":0.0,"ms":1.23,"wi":79.06,"ei":8.46,"as":448.26,"mi":"E","mv":81224,"sc":1,"lpe":98.77,"lpr":1256.01,"lq":1.0,"d":702214},{"pi":"359859","pc":"Аптека","ss":10000,"td":"Центр города","dc":3,"n":306.17,"vc":"9600","sl":"Элитный","sv":"22000","p":1000.0,"q":70.81,"b":0.0,"ms":12.92,"wi":69.95,"ei":8.74,"as":537.58,"mi":"E","mv":170279,"sc":1,"lpe":87.08,"lpr":1017.14,"lq":2.28,"d":978886},{"pi":"359859","pc":"Аптека","ss":100000,"td":"Центр города","dc":3,"n":305.84,"vc":"44318","sl":"Элитный","sv":"1000","p":1100.0,"q":70.81,"b":0.0,"ms":0.59,"wi":81.87,"ei":13.22,"as":341.21,"mi":"E","mv":169028,"sc":1,"lpe":99.41,"lpr":956.52,"lq":1.0,"d":986148},{"pi":"359859","pc":"Аптека","ss":100000,"td":"Центр города","dc":3,"n":268.81,"vc":"39908","sl":"Элитный","sv":"42000","p":1500.0,"q":70.81,"b":0.0,"ms":12.06,"wi":87.03,"ei":9.63,"as":463.94,"mi":"E","mv":348228,"sc":1,"lpe":87.94,"lpr":1300.04,"lq":3.19,"d":2021694},{"pi":"359859","pc":"Аптека","ss":100000,"td":"Центр города","dc":1,"n":434.64,"vc":"167050","sl":"Элитный","sv":"1320","p":1470.0,"q":22.11,"b":0.0,"ms":0.84,"wi":62.59,"ei":7.65,"as":519.76,"mi":"E","mv":156531,"sc":1,"lpe":99.16,"lpr":1456.15,"lq":1.0,"d":1269608},{"pi":"359859","pc":"Аптека","ss":10000,"td":"Центр города","dc":2,"n":231.15,"vc":"2729","sl":"Элитный","sv":"1000","p":2799.0,"q":29.19,"b":0.0,"ms":4.19,"wi":34.18,"ei":9.16,"as":412.47,"mi":"E","mv":23886,"sc":1,"lpe":95.81,"lpr":944.51,"lq":1.0,"d":131326},{"pi":"359859","pc":"Аптека","ss":100000,"td":"Центр города","dc":4,"n":338.13,"vc":"104416","sl":"Элитный","sv":"100000","p":1300.0,"q":70.81,"b":0.0,"ms":12.13,"wi":51.27,"ei":6.64,"as":370.86,"mi":"E","mv":824264,"sc":1,"lpe":87.87,"lpr":1039.26,"lq":2.56,"d":4700000},{"pi":"359859","pc":"Аптека","ss":100000,"td":"Центр города","dc":4,"n":230.59,"vc":"33966","sl":"Элитный","sv":"40000","p":4000.0,"q":70.81,"b":3.16,"ms":13.5,"wi":187.03,"ei":10.4,"as":1951.81,"mi":"E","mv":296224,"sc":1,"lpe":86.5,"lpr":4711.67,"lq":10.71,"d":3644912},{"pi":"359859","pc":"Аптека","ss":10000,"td":"Центр города","dc":1,"n":477.34,"vc":"28769","sl":"Элитный","sv":"93","p":6610.0,"q":22.08,"b":0.0,"ms":0.08,"wi":63.23,"ei":7.28,"as":458.84,"mi":"E","mv":110014,"sc":1,"lpe":99.92,"lpr":1285.62,"lq":1.0,"d":605030},{"pi":"359859","pc":"Аптека","ss":100000,"td":"Центр города","dc":4,"n":380.48,"vc":"60301","sl":"Элитный","sv":"5053","p":2200.0,"q":70.42,"b":0.0,"ms":9.09,"wi":89.13,"ei":9.82,"as":631.89,"mi":"E","mv":55618,"sc":1,"lpe":90.91,"lpr":533.18,"lq":1.0,"d":305851},{"pi":"359859","pc":"Аптека","ss":10000,"td":"Центр города","dc":3,"n":292.74,"vc":"9410","sl":"Элитный","sv":"10000","p":1500.0,"q":70.81,"b":3.45,"ms":10.0,"wi":116.79,"ei":9.79,"as":1808.05,"mi":"E","mv":99974,"sc":1,"lpe":90.0,"lpr":1823.59,"lq":4.15,"d":1228032},{"pi":"359859","pc":"Аптека","ss":100000,"td":"Центр города","dc":3,"n":279.16,"vc":"40112","sl":"Элитный","sv":"25000","p":900.0,"q":70.81,"b":0.0,"ms":10.09,"wi":51.84,"ei":8.95,"as":408.41,"mi":"E","mv":247845,"sc":1,"lpe":89.91,"lpr":764.0,"lq":1.66,"d":1543768},{"pi":"359859","pc":"Аптека","ss":100000,"td":"Центр города","dc":1,"n":424.94,"vc":"533415","sl":"Очень высокий","sv":"622857","p":225.0,"q":98.41,"b":0.0,"ms":30.0,"wi":35.98,"ei":8.28,"as":251.65,"mi":"E","mv":2076191,"sc":2,"lpe":70.0,"lpr":191.1,"lq":1.28,"d":14352508},{"pi":"359859","pc":"Аптека","ss":10000,"td":"Центр города","dc":1,"n":49.16,"vc":"3673","sl":"Элитный","sv":"2","p":1060.0,"q":21.1,"b":0.0,"ms":0.0,"wi":35.98,"ei":8.28,"as":251.65,"mi":"E","mv":2076191,"sc":2,"lpe":70.0,"lpr":191.1,"lq":1.28,"d":14352508},{"pi":"359859","pc":"Аптека","ss":100000,"td":"Центр города","dc":3,"n":214.63,"vc":"32405","sl":"Элитный","sv":"15000","p":600.0,"q":70.81,"b":0.0,"ms":1.93,"wi":39.97,"ei":9.19,"as":127.29,"mi":"E","mv":778061,"sc":1,"lpe":98.07,"lpr":357.49,"lq":1.0,"d":4940408},{"pi":"359859","pc":"Аптека","ss":1000,"td":"Центр города","dc":1,"n":16.94,"vc":"706","sl":"Низкий","sv":"100","p":770.0,"q":22.11,"b":0.0,"ms":0.02,"wi":29.93,"ei":6.58,"as":133.91,"mi":"E","mv":557415,"sc":1,"lpe":99.98,"lpr":371.75,"lq":1.0,"d":3420282}]