[{"pi":"16006","pc":"Продукты питания","ss":100000,"td":"Пригород","dc":1,"n":183.18,"vc":"10948","sl":"Элитный","sv":"4000","p":2255.1,"q":5.42,"b":0.0,"ms":0.55,"wi":43.34,"ei":6.78,"as":349.0,"mi":"E","mv":730675,"sc":1,"lpe":99.45,"lpr":1465.93,"lq":1.0,"d":7234440},{"pi":"16006","pc":"Продукты питания","ss":1600,"td":"Центр города","dc":1,"n":238.6,"vc":"5017","sl":"Очень высокий","sv":"100","p":1060.0,"q":12.1,"b":0.0,"ms":0.01,"wi":21.09,"ei":5.96,"as":107.95,"mi":"E","mv":1046788,"sc":1,"lpe":99.99,"lpr":1139.41,"lq":1.0,"d":12197086},{"pi":"16006","pc":"Продукты питания","ss":600,"td":"Фешенебельный район","dc":2,"n":144.09,"vc":"137","sl":"Элитный","sv":"1","p":889.99,"q":13.63,"b":0.38,"ms":0.0,"wi":20.94,"ei":5.2,"as":170.97,"mi":"E","mv":148729,"sc":1,"lpe":100.0,"lpr":718.69,"lq":1.0,"d":1973368},{"pi":"16006","pc":"Продукты питания","ss":10000,"td":"Центр города","dc":5,"n":412.08,"vc":"24283","sl":"Нормальный","sv":"25","p":2995.0,"q":18.05,"b":0.0,"ms":0.03,"wi":50.29,"ei":7.12,"as":1196.86,"mi":"E","mv":82579,"sc":1,"lpe":99.97,"lpr":2841.68,"lq":1.0,"d":1480452},{"pi":"16006","pc":"Продукты питания","ss":100000,"td":"Фешенебельный район","dc":1,"n":687.3,"vc":"254453","sl":"Элитный","sv":"8584","p":3476.0,"q":27.18,"b":4.34,"ms":11.37,"wi":53.24,"ei":7.46,"as":830.0,"mi":"E","mv":75516,"sc":2,"lpe":87.31,"lpr":1114.56,"lq":1.02,"d":923206},{"pi":"16006","pc":"Продукты питания","ss":7500,"td":"Центр города","dc":2,"n":506.22,"vc":"32855","sl":"Нормальный","sv":"1000","p":2000.0,"q":12.1,"b":0.0,"ms":1.32,"wi":53.24,"ei":7.46,"as":830.0,"mi":"E","mv":75516,"sc":2,"lpe":87.31,"lpr":1114.56,"lq":1.02,"d":923206},{"pi":"16006","pc":"Продукты питания","ss":70000,"td":"Центр города","dc":2,"n":511.8,"vc":"228694","sl":"Очень высокий","sv":"100","p":4000.0,"q":6.76,"b":0.0,"ms":0.98,"wi":46.88,"ei":6.2,"as":769.5,"mi":"E","mv":10186,"sc":1,"lpe":99.02,"lpr":3207.91,"lq":1.0,"d":298856},{"pi":"16006","pc":"Продукты питания","ss":112500,"td":"Центр города","dc":1,"n":265.47,"vc":"26943","sl":"Элитный","sv":"2500","p":600.0,"q":14.96,"b":0.0,"ms":25.75,"wi":3.47,"ei":13.8,"as":28.9,"mi":"E","mv":9707,"sc":1,"lpe":74.25,"lpr":197.79,"lq":1.03,"d":8451907},{"pi":"16006","pc":"Продукты питания","ss":100000,"td":"Фешенебельный район","dc":1,"n":690.5,"vc":"255918","sl":"Элитный","sv":"3345","p":9579.0,"q":27.19,"b":4.39,"ms":13.97,"wi":37.48,"ei":9.39,"as":1355.78,"mi":"E","mv":23949,"sc":1,"lpe":86.03,"lpr":2157.73,"lq":1.79,"d":859400},{"pi":"16006","pc":"Продукты питания","ss":123900,"td":"Спальный район","dc":2,"n":354.86,"vc":"116770","sl":"Элитный","sv":"8584","p":1290.0,"q":9.54,"b":1.52,"ms":12.98,"wi":16.35,"ei":7.5,"as":163.44,"mi":"E","mv":66157,"sc":1,"lpe":87.02,"lpr":491.24,"lq":1.02,"d":1866603},{"pi":"16006","pc":"Продукты питания","ss":100000,"td":"Фешенебельный район","dc":2,"n":111.88,"vc":"1031","sl":"Элитный","sv":"1","p":2075.0,"q":3.41,"b":0.54,"ms":0.0,"wi":24.5,"ei":7.1,"as":348.25,"mi":"E","mv":33754,"sc":1,"lpe":100.0,"lpr":1156.83,"lq":1.0,"d":989886},{"pi":"16006","pc":"Продукты питания","ss":100000,"td":"Центр города","dc":1,"n":519.78,"vc":"805729","sl":"Очень высокий","sv":"341","p":4500.0,"q":31.86,"b":2.75,"ms":0.05,"wi":20.04,"ei":6.23,"as":189.21,"mi":"E","mv":739143,"sc":2,"lpe":99.95,"lpr":794.49,"lq":1.0,"d":10970686},{"pi":"16006","pc":"Продукты питания","ss":10000,"td":"Спальный район","dc":2,"n":56.73,"vc":"2652","sl":"Элитный","sv":"1","p":1255.0,"q":3.41,"b":0.39,"ms":0.0,"wi":20.04,"ei":6.23,"as":189.21,"mi":"E","mv":739143,"sc":2,"lpe":99.95,"lpr":794.49,"lq":1.0,"d":10970686},{"pi":"16006","pc":"Продукты питания","ss":1000,"td":"Центр города","dc":1,"n":396.23,"vc":"2006","sl":"Очень высокий","sv":"18","p":3989.57,"q":12.19,"b":0.0,"ms":0.33,"wi":30.17,"ei":5.96,"as":437.26,"mi":"E","mv":5385,"sc":1,"lpe":99.67,"lpr":1643.95,"lq":1.0,"d":150000},{"pi":"16006","pc":"Продукты питания","ss":10000,"td":"Фешенебельный район","dc":1,"n":122.2,"vc":"285","sl":"Элитный","sv":"57","p":610.08,"q":16.47,"b":1.3459649122807,"ms":0.22,"wi":6.97,"ei":6.38,"as":150.91,"mi":"E","mv":25443,"sc":1,"lpe":99.78,"lpr":545.8,"lq":1.0,"d":2436678},{"pi":"16006","pc":"Продукты питания","ss":200000,"td":"Спальный район","dc":1,"n":424.31,"vc":"376284","sl":"Элитный","sv":"2000","p":4600.0,"q":20.36,"b":0.0,"ms":0.44,"wi":24.59,"ei":8.05,"as":240.41,"mi":"E","mv":454327,"sc":1,"lpe":99.56,"lpr":1499.66,"lq":1.0,"d":7239150},{"pi":"16006","pc":"Продукты питания","ss":10000,"td":"Фешенебельный район","dc":1,"n":125.89,"vc":"268","sl":"Элитный","sv":"53","p":628.28,"q":16.53,"b":1.34415094339623,"ms":0.27,"wi":10.14,"ei":3.91,"as":173.07,"mi":"E","mv":19642,"sc":1,"lpe":99.73,"lpr":550.39,"lq":1.0,"d":459445},{"pi":"16006","pc":"Продукты питания","ss":1500,"td":"Центр города","dc":1,"n":387.79,"vc":"6011","sl":"Высокий","sv":"100","p":880.0,"q":12.1,"b":0.0,"ms":0.05,"wi":27.47,"ei":6.52,"as":195.06,"mi":"E","mv":201680,"sc":1,"lpe":99.95,"lpr":1030.85,"lq":1.0,"d":2027308},{"pi":"16006","pc":"Продукты питания","ss":1000,"td":"Центр города","dc":1,"n":252.13,"vc":"1319","sl":"Элитный","sv":"256","p":750.0,"q":11.99,"b":0.0,"ms":0.27,"wi":27.12,"ei":9.63,"as":608.12,"mi":"E","mv":96547,"sc":1,"lpe":99.73,"lpr":226.51,"lq":1.0,"d":987916},{"pi":"16006","pc":"Продукты питания","ss":100000,"td":"Фешенебельный район","dc":1,"n":682.66,"vc":"120371","sl":"Элитный","sv":"1800","p":1788.0,"q":27.19,"b":4.3,"ms":14.43,"wi":23.28,"ei":13.22,"as":2097.79,"mi":"E","mv":12470,"sc":1,"lpe":85.57,"lpr":548.61,"lq":1.0,"d":332434},{"pi":"16006","pc":"Продукты питания","ss":500,"td":"Центр города","dc":8,"n":162.22,"vc":"375","sl":"Низкий","sv":"1","p":1205.0,"q":4.17,"b":0.0,"ms":0.0,"wi":18.23,"ei":8.0,"as":402.81,"mi":"E","mv":20195,"sc":1,"lpe":100.0,"lpr":548.26,"lq":1.0,"d":351040},{"pi":"16006","pc":"Продукты питания","ss":1000,"td":"Центр города","dc":10,"n":85.37,"vc":"588","sl":"Нормальный","sv":"1","p":3000.0,"q":4.17,"b":0.0,"ms":0.0,"wi":26.12,"ei":5.63,"as":163.58,"mi":"E","mv":50853,"sc":1,"lpe":100.0,"lpr":1478.55,"lq":1.0,"d":948479},{"pi":"16006","pc":"Продукты питания","ss":200000,"td":"Фешенебельный район","dc":3,"n":474.29,"vc":"56145","sl":"Элитный","sv":"100","p":2500.0,"q":16.94,"b":0.0,"ms":0.27,"wi":21.09,"ei":7.3,"as":398.16,"mi":"E","mv":36820,"sc":1,"lpe":99.73,"lpr":1834.87,"lq":1.0,"d":820224},{"pi":"16006","pc":"Продукты питания","ss":100000,"td":"Центр города","dc":7,"n":89.86,"vc":"3628","sl":"Элитный","sv":"1","p":2000.0,"q":4.27,"b":0.0,"ms":0.01,"wi":21.94,"ei":8.02,"as":540.24,"mi":"E","mv":14796,"sc":1,"lpe":99.99,"lpr":1322.62,"lq":1.0,"d":323335},{"pi":"16006","pc":"Продукты питания","ss":100000,"td":"Центр города","dc":6,"n":100.17,"vc":"3143","sl":"Элитный","sv":"2","p":1800.0,"q":4.6,"b":0.0,"ms":0.03,"wi":24.3,"ei":9.11,"as":651.15,"mi":"E","mv":7145,"sc":1,"lpe":99.97,"lpr":2051.29,"lq":1.0,"d":151798},{"pi":"16006","pc":"Продукты питания","ss":100000,"td":"Центр города","dc":7,"n":443.0,"vc":"173620","sl":"Высокий","sv":"15","p":1192.0,"q":16.42,"b":0.0,"ms":0.03,"wi":42.09,"ei":11.41,"as":1006.65,"mi":"E","mv":57943,"sc":1,"lpe":99.97,"lpr":2222.13,"lq":1.0,"d":1126726},{"pi":"16006","pc":"Продукты питания","ss":300000,"td":"Фешенебельный район","dc":1,"n":687.65,"vc":"483614","sl":"Элитный","sv":"2831","p":5165.0,"q":27.18,"b":3.29,"ms":11.99,"wi":22.05,"ei":8.06,"as":455.88,"mi":"E","mv":23606,"sc":1,"lpe":88.01,"lpr":1275.51,"lq":1.05,"d":1147914},{"pi":"16006","pc":"Продукты питания","ss":2400,"td":"Центр города","dc":2,"n":406.56,"vc":"8388","sl":"Нормальный","sv":"1000","p":730.0,"q":12.1,"b":0.0,"ms":1.04,"wi":23.17,"ei":4.83,"as":185.71,"mi":"E","mv":95699,"sc":1,"lpe":98.96,"lpr":858.79,"lq":1.0,"d":1367840},{"pi":"16006","pc":"Продукты питания","ss":120000,"td":"Центр города","dc":10,"n":681.59,"vc":"527964","sl":"Низкий","sv":"2468","p":703.0,"q":16.35,"b":0.0,"ms":19.7,"wi":22.93,"ei":10.24,"as":1034.81,"mi":"E","mv":12529,"sc":1,"lpe":80.3,"lpr":196.81,"lq":1.17,"d":191772},{"pi":"16006","pc":"Продукты питания","ss":100000,"td":"Окраина","dc":3,"n":96.06,"vc":"2067","sl":"Элитный","sv":"1","p":1600.0,"q":4.61,"b":0.0,"ms":0.01,"wi":23.76,"ei":8.4,"as":742.38,"mi":"E","mv":6901,"sc":1,"lpe":99.99,"lpr":1146.13,"lq":1.0,"d":212400},{"pi":"16006","pc":"Продукты питания","ss":100000,"td":"Центр города","dc":3,"n":369.0,"vc":"117770","sl":"Элитный","sv":"2000","p":4500.0,"q":16.94,"b":0.0,"ms":1.0,"wi":41.0,"ei":10.98,"as":1160.85,"mi":"E","mv":200345,"sc":1,"lpe":99.0,"lpr":1704.08,"lq":1.0,"d":2838504},{"pi":"16006","pc":"Продукты питания","ss":100500,"td":"Центр города","dc":1,"n":362.42,"vc":"173553","sl":"Элитный","sv":"34600","p":1500.0,"q":9.54,"b":0.59,"ms":14.43,"wi":33.51,"ei":8.27,"as":568.82,"mi":"E","mv":239848,"sc":1,"lpe":85.57,"lpr":1564.79,"lq":2.14,"d":3198452},{"pi":"16006","pc":"Продукты питания","ss":1000,"td":"Фешенебельный район","dc":1,"n":380.45,"vc":"187","sl":"Элитный","sv":"100","p":4500.0,"q":16.94,"b":0.0,"ms":6.61,"wi":37.51,"ei":9.62,"as":1479.61,"mi":"E","mv":1512,"sc":1,"lpe":93.39,"lpr":2468.64,"lq":1.0,"d":255028},{"pi":"16006","pc":"Продукты питания","ss":10000,"td":"Центр города","dc":4,"n":178.74,"vc":"9093","sl":"Очень высокий","sv":"750","p":424.66,"q":16.42,"b":0.0,"ms":0.07,"wi":20.14,"ei":5.38,"as":88.25,"mi":"E","mv":1045863,"sc":1,"lpe":99.93,"lpr":645.47,"lq":1.0,"d":12381354},{"pi":"16006","pc":"Продукты питания","ss":10000,"td":"Центр города","dc":2,"n":164.51,"vc":"4872","sl":"Элитный","sv":"100","p":2038.0,"q":12.1,"b":0.0,"ms":0.08,"wi":32.5,"ei":8.75,"as":394.01,"mi":"E","mv":126656,"sc":2,"lpe":99.92,"lpr":1795.6,"lq":1.0,"d":2812406},{"pi":"16006","pc":"Продукты питания","ss":10000,"td":"Центр города","dc":1,"n":71.09,"vc":"2442","sl":"Элитный","sv":"1","p":3537.0,"q":3.85,"b":0.45,"ms":0.0,"wi":32.5,"ei":8.75,"as":394.01,"mi":"E","mv":126656,"sc":2,"lpe":99.92,"lpr":1795.6,"lq":1.0,"d":2812406},{"pi":"16006","pc":"Продукты питания","ss":100000,"td":"Центр города","dc":1,"n":417.11,"vc":"146767","sl":"Элитный","sv":"3373","p":5000.0,"q":19.65,"b":0.0,"ms":4.26,"wi":49.54,"ei":10.29,"as":760.4,"mi":"E","mv":79238,"sc":1,"lpe":95.74,"lpr":1743.96,"lq":1.0,"d":1419772},{"pi":"16006","pc":"Продукты питания","ss":1000,"td":"Окраина","dc":6,"n":130.9,"vc":"165","sl":"Элитный","sv":"11","p":700.0,"q":4.42,"b":0.0,"ms":0.51,"wi":23.8,"ei":8.16,"as":836.0,"mi":"E","mv":2153,"sc":1,"lpe":99.49,"lpr":551.01,"lq":1.0,"d":63163},{"pi":"16006","pc":"Продукты питания","ss":200000,"td":"Центр города","dc":3,"n":281.37,"vc":"139745","sl":"Элитный","sv":"100","p":2400.0,"q":16.94,"b":0.0,"ms":0.01,"wi":23.07,"ei":9.0,"as":148.67,"mi":"E","mv":770806,"sc":1,"lpe":99.99,"lpr":1626.76,"lq":1.0,"d":13151602},{"pi":"16006","pc":"Продукты питания","ss":20000,"td":"Спальный район","dc":1,"n":382.06,"vc":"27491","sl":"Элитный","sv":"2","p":2500.0,"q":12.02,"b":0.0,"ms":0.01,"wi":6.05,"ei":5.97,"as":64.31,"mi":"E","mv":31518,"sc":1,"lpe":99.99,"lpr":549.07,"lq":1.0,"d":3268310},{"pi":"16006","pc":"Продукты питания","ss":100000,"td":"Фешенебельный район","dc":10,"n":53.25,"vc":"1185","sl":"Элитный","sv":"446","p":1490.0,"q":5.54,"b":0.22,"ms":0.28,"wi":19.88,"ei":6.02,"as":127.25,"mi":"E","mv":157441,"sc":1,"lpe":99.72,"lpr":706.96,"lq":1.0,"d":2750721},{"pi":"16006","pc":"Продукты питания","ss":100000,"td":"Центр города","dc":1,"n":354.48,"vc":"226882","sl":"Элитный","sv":"659","p":7000.0,"q":12.19,"b":0.0,"ms":0.11,"wi":37.85,"ei":8.73,"as":677.93,"mi":"E","mv":598062,"sc":2,"lpe":99.89,"lpr":1907.28,"lq":1.0,"d":8646844},{"pi":"16006","pc":"Продукты питания","ss":22200,"td":"Центр города","dc":10,"n":230.33,"vc":"18567","sl":"Высокий","sv":"2","p":7356.46,"q":7.63,"b":0.0,"ms":0.0,"wi":37.85,"ei":8.73,"as":677.93,"mi":"E","mv":598062,"sc":2,"lpe":99.89,"lpr":1907.28,"lq":1.0,"d":8646844},{"pi":"16006","pc":"Продукты питания","ss":100000,"td":"Фешенебельный район","dc":10,"n":13.14,"vc":"504","sl":"Элитный","sv":"2198","p":950.0,"q":5.55,"b":0.22,"ms":1.73,"wi":16.74,"ei":5.63,"as":170.47,"mi":"E","mv":126901,"sc":1,"lpe":98.27,"lpr":814.73,"lq":1.0,"d":1951465},{"pi":"16006","pc":"Продукты питания","ss":10000,"td":"Центр города","dc":3,"n":433.81,"vc":"30611","sl":"Нормальный","sv":"1000","p":1100.0,"q":16.42,"b":0.0,"ms":1.14,"wi":42.78,"ei":9.65,"as":844.82,"mi":"E","mv":87569,"sc":1,"lpe":98.86,"lpr":2425.94,"lq":1.0,"d":1812514},{"pi":"16006","pc":"Продукты питания","ss":14100,"td":"Фешенебельный район","dc":7,"n":458.65,"vc":"7386","sl":"Очень высокий","sv":"1000","p":959.0,"q":16.42,"b":1.4,"ms":0.79,"wi":53.29,"ei":11.63,"as":1039.25,"mi":"E","mv":126341,"sc":1,"lpe":99.21,"lpr":2662.94,"lq":1.0,"d":1964160},{"pi":"16006","pc":"Продукты питания","ss":100000,"td":"Центр города","dc":2,"n":163.25,"vc":"21619","sl":"Элитный","sv":"1","p":7000.0,"q":19.36,"b":0.14,"ms":0.0,"wi":33.86,"ei":10.15,"as":292.02,"mi":"E","mv":363968,"sc":1,"lpe":100.0,"lpr":1528.4,"lq":1.0,"d":6376122},{"pi":"16006","pc":"Продукты питания","ss":90000,"td":"Центр города","dc":2,"n":270.43,"vc":"80606","sl":"Элитный","sv":"8000","p":3721.0,"q":9.54,"b":0.0,"ms":2.98,"wi":54.32,"ei":11.9,"as":1548.35,"mi":"E","mv":268386,"sc":4,"lpe":96.6,"lpr":3721.7,"lq":1.0,"d":5522842},{"pi":"16006","pc":"Продукты питания","ss":10000,"td":"Центр города","dc":3,"n":339.8,"vc":"22558","sl":"Высокий","sv":"1000","p":1100.0,"q":16.42,"b":0.0,"ms":0.37,"wi":54.32,"ei":11.9,"as":1548.35,"mi":"E","mv":268386,"sc":4,"lpe":96.6,"lpr":3721.7,"lq":1.0,"d":5522842},{"pi":"16006","pc":"Продукты питания","ss":20000,"td":"Центр города","dc":1,"n":327.91,"vc":"32621","sl":"Элитный","sv":"100","p":13000.0,"q":18.09,"b":0.0,"ms":0.04,"wi":54.32,"ei":11.9,"as":1548.35,"mi":"E","mv":268386,"sc":4,"lpe":96.6,"lpr":3721.7,"lq":1.0,"d":5522842},{"pi":"16006","pc":"Продукты питания","ss":100000,"td":"Центр города","dc":2,"n":154.5,"vc":"18899","sl":"Элитный","sv":"25","p":10000.0,"q":16.53,"b":0.0,"ms":0.01,"wi":54.32,"ei":11.9,"as":1548.35,"mi":"E","mv":268386,"sc":4,"lpe":96.6,"lpr":3721.7,"lq":1.0,"d":5522842},{"pi":"16006","pc":"Продукты питания","ss":100000,"td":"Центр города","dc":2,"n":155.45,"vc":"36000","sl":"Элитный","sv":"10000","p":2639.0,"q":9.54,"b":0.0,"ms":1.75,"wi":51.68,"ei":9.19,"as":1176.8,"mi":"E","mv":571038,"sc":4,"lpe":96.41,"lpr":2602.35,"lq":1.0,"d":10648221},{"pi":"16006","pc":"Продукты питания","ss":100000,"td":"Спальный район","dc":3,"n":294.71,"vc":"68677","sl":"Элитный","sv":"5000","p":6500.0,"q":16.94,"b":0.98,"ms":0.88,"wi":51.68,"ei":9.19,"as":1176.8,"mi":"E","mv":571038,"sc":4,"lpe":96.41,"lpr":2602.35,"lq":1.0,"d":10648221},{"pi":"16006","pc":"Продукты питания","ss":16200,"td":"Фешенебельный район","dc":7,"n":383.36,"vc":"8253","sl":"Очень высокий","sv":"4500","p":2090.0,"q":16.42,"b":1.4,"ms":0.79,"wi":51.68,"ei":9.19,"as":1176.8,"mi":"E","mv":571038,"sc":4,"lpe":96.41,"lpr":2602.35,"lq":1.0,"d":10648221},{"pi":"16006","pc":"Продукты питания","ss":300000,"td":"Фешенебельный район","dc":4,"n":294.71,"vc":"30008","sl":"Элитный","sv":"1000","p":6500.0,"q":16.94,"b":0.98,"ms":0.18,"wi":51.68,"ei":9.19,"as":1176.8,"mi":"E","mv":571038,"sc":4,"lpe":96.41,"lpr":2602.35,"lq":1.0,"d":10648221},{"pi":"16006","pc":"Продукты питания","ss":10000,"td":"Центр города","dc":1,"n":347.28,"vc":"16319","sl":"Элитный","sv":"1000","p":5000.0,"q":23.88,"b":0.0,"ms":0.8,"wi":27.38,"ei":6.29,"as":385.9,"mi":"E","mv":125032,"sc":1,"lpe":99.2,"lpr":1372.66,"lq":1.0,"d":1869976},{"pi":"16006","pc":"Продукты питания","ss":300000,"td":"Фешенебельный район","dc":1,"n":671.76,"vc":"1093584","sl":"Элитный","sv":"43135","p":3553.0,"q":27.16,"b":3.61,"ms":19.21,"wi":59.33,"ei":9.62,"as":1210.0,"mi":"E","mv":224532,"sc":1,"lpe":80.79,"lpr":1161.52,"lq":1.0,"d":2753006},{"pi":"16006","pc":"Продукты питания","ss":10000,"td":"Спальный район","dc":1,"n":323.51,"vc":"3650","sl":"Элитный","sv":"100","p":700.0,"q":22.68,"b":0.0,"ms":7.13,"wi":5.97,"ei":5.0,"as":178.68,"mi":"E","mv":1403,"sc":1,"lpe":92.87,"lpr":678.13,"lq":1.0,"d":269845},{"pi":"16006","pc":"Продукты питания","ss":300000,"td":"Центр города","dc":3,"n":428.51,"vc":"367759","sl":"Элитный","sv":"30","p":1950.0,"q":16.94,"b":0.0,"ms":0.03,"wi":11.29,"ei":4.71,"as":92.39,"mi":"E","mv":86398,"sc":1,"lpe":99.97,"lpr":539.94,"lq":1.0,"d":1818898},{"pi":"16006","pc":"Продукты питания","ss":600,"td":"Центр города","dc":1,"n":203.56,"vc":"1507","sl":"Высокий","sv":"1000","p":1850.0,"q":12.1,"b":0.0,"ms":0.36,"wi":30.38,"ei":5.96,"as":358.17,"mi":"E","mv":276504,"sc":1,"lpe":99.64,"lpr":1515.33,"lq":1.0,"d":3347758},{"pi":"16006","pc":"Продукты питания","ss":100000,"td":"Центр города","dc":2,"n":169.39,"vc":"5514","sl":"Элитный","sv":"56","p":1753.66,"q":3.22,"b":0.0,"ms":0.98,"wi":12.04,"ei":2.15,"as":350.86,"mi":"E","mv":5697,"sc":1,"lpe":99.02,"lpr":1321.15,"lq":1.0,"d":157383},{"pi":"16006","pc":"Продукты питания","ss":200000,"td":"Спальный район","dc":4,"n":274.57,"vc":"102024","sl":"Элитный","sv":"100","p":2100.0,"q":16.94,"b":0.0,"ms":0.0,"wi":53.02,"ei":6.8,"as":488.79,"mi":"E","mv":2450527,"sc":1,"lpe":100.0,"lpr":596.31,"lq":1.0,"d":14905102},{"pi":"16006","pc":"Продукты питания","ss":1000,"td":"Центр города","dc":1,"n":506.73,"vc":"8814","sl":"Низкий","sv":"5000","p":3000.0,"q":12.19,"b":0.0,"ms":11.45,"wi":47.6,"ei":6.53,"as":535.5,"mi":"E","mv":43656,"sc":1,"lpe":88.55,"lpr":1923.09,"lq":2.7,"d":545501},{"pi":"16006","pc":"Продукты питания","ss":300000,"td":"Фешенебельный район","dc":1,"n":687.94,"vc":"656093","sl":"Элитный","sv":"10729","p":3230.0,"q":27.18,"b":4.1,"ms":10.0,"wi":57.59,"ei":9.91,"as":1400.0,"mi":"E","mv":107237,"sc":1,"lpe":90.0,"lpr":1008.6,"lq":1.0,"d":1306224},{"pi":"16006","pc":"Продукты питания","ss":100000,"td":"Спальный район","dc":3,"n":445.24,"vc":"124288","sl":"Очень низкий","sv":"100","p":1900.0,"q":16.94,"b":0.0,"ms":0.05,"wi":52.27,"ei":6.17,"as":538.8,"mi":"E","mv":185056,"sc":2,"lpe":99.89,"lpr":1156.83,"lq":1.0,"d":927421},{"pi":"16006","pc":"Продукты питания","ss":1500,"td":"Центр города","dc":1,"n":441.21,"vc":"6523","sl":"Высокий","sv":"100","p":1000.0,"q":12.1,"b":0.0,"ms":0.05,"wi":52.27,"ei":6.17,"as":538.8,"mi":"E","mv":185056,"sc":2,"lpe":99.89,"lpr":1156.83,"lq":1.0,"d":927421}]