[{"d":"28.12.2021","r":6.0,"q":1.45,"p":1.0E12,"s":[{"cn":"SCM","ui":"10391880","t":6.0,"r":6.0,"q":1.45,"p":1.0E12,"mot":"U","mo":6.0},{"cn":"","ui":"","t":0.0,"r":0.0,"q":0.0,"p":0.0,"mot":"L","mo":0.0}]},{"d":"31.12.2021","r":6.0,"q":1.78,"p":9.95E11,"s":[{"cn":"SCM","ui":"10391880","t":3.0,"r":3.0,"q":1.88,"p":1.0E12,"mot":"U","mo":3.0},{"cn":"Megacorp inc","ui":"10393839","t":3.0,"r":3.0,"q":1.67,"p":9.9E11,"mot":"U","mo":3.0},{"cn":"","ui":"","t":0.0,"r":0.0,"q":0.0,"p":0.0,"mot":"L","mo":0.0}]},{"d":"03.01.2022","r":94.0,"q":1.74,"p":4.7400251202393E11,"s":[{"cn":"SCM","ui":"10391880","t":12.0,"r":12.0,"q":2.02,"p":1.0E12,"mot":"U","mo":12.0},{"cn":"ООО\"Инфокар\"","ui":"10410368","t":59.0,"r":59.0,"q":1.71,"p":3.0E11,"mot":"U","mo":59.0},{"cn":"X-PeRT Corp","ui":"10388999","t":12.0,"r":12.0,"q":1.86,"p":7.26E11,"mot":"U","mo":12.0},{"cn":"","ui":"","t":11.0,"r":11.0,"q":1.44,"p":5.5856692093173E11,"mot":"L","mo":11.0}]},{"d":"04.01.2022","r":27.0,"q":2.01,"p":8.3735082446289E11,"s":[{"cn":"Vitgol Ltd.","ui":"10406920","t":3.0,"r":3.0,"q":1.0,"p":5.7E11,"mot":"U","mo":3.0},{"cn":"SCM","ui":"10391880","t":15.0,"r":15.0,"q":2.11,"p":1.0E12,"mot":"U","mo":15.0},{"cn":"barlat","ui":"10406983","t":6.0,"r":6.0,"q":2.15,"p":7.58078710083E11,"mot":"U","mo":6.0},{"cn":"X-PeRT Corp","ui":"10388999","t":3.0,"r":3.0,"q":2.25,"p":4.5E11,"mot":"U","mo":3.0},{"cn":"","ui":"","t":0.0,"r":0.0,"q":0.0,"p":0.0,"mot":"L","mo":0.0}]},{"d":"05.01.2022","r":69.0,"q":1.8,"p":5.3948048505902E11,"s":[{"cn":"ООО\"Инфокар\"","ui":"10391486","t":32.0,"r":32.0,"q":1.71,"p":3.0E11,"mot":"U","mo":32.0},{"cn":"SCM","ui":"10391880","t":18.0,"r":18.0,"q":2.16,"p":1.0E12,"mot":"U","mo":18.0},{"cn":"X-PeRT Corp","ui":"10388999","t":6.0,"r":6.0,"q":2.42,"p":4.5E11,"mot":"U","mo":6.0},{"cn":"","ui":"","t":13.0,"r":13.0,"q":1.24,"p":5.3262718992866E11,"mot":"L","mo":13.0}]},{"d":"06.01.2022","r":94.0,"q":1.78,"p":4.9787234042553E11,"s":[{"cn":"ООО\"Инфокар\"","ui":"10408859","t":16.0,"r":16.0,"q":1.67,"p":3.0E11,"mot":"U","mo":16.0},{"cn":"SCM","ui":"10391880","t":21.0,"r":21.0,"q":2.2,"p":1.0E12,"mot":"U","mo":21.0},{"cn":"ООО\"Инфокар\"","ui":"10410368","t":38.0,"r":38.0,"q":1.71,"p":3.0E11,"mot":"U","mo":38.0},{"cn":"ДоБрЫнЯ","ui":"10391803","t":7.0,"r":7.0,"q":1.0,"p":5.5E11,"mot":"U","mo":7.0},{"cn":"","ui":"","t":12.0,"r":12.0,"q":1.84,"p":4.7916666666667E11,"mot":"L","mo":12.0}]},{"d":"07.01.2022","r":337.0,"q":1.82,"p":3.8790121184198E11,"s":[{"cn":"ООО\"Инфокар\"","ui":"10408859","t":32.0,"r":32.0,"q":1.67,"p":3.0E11,"mot":"U","mo":32.0},{"cn":"ООО\"Инфокар\"","ui":"10391486","t":97.0,"r":97.0,"q":1.71,"p":3.0E11,"mot":"U","mo":97.0},{"cn":"SCM","ui":"10391880","t":24.0,"r":24.0,"q":2.23,"p":1.0E12,"mot":"U","mo":24.0},{"cn":"ООО\"Инфокар\"","ui":"10410368","t":76.0,"r":76.0,"q":1.71,"p":3.0E11,"mot":"U","mo":76.0},{"cn":"Салта","ui":"10387359","t":33.0,"r":33.0,"q":2.67,"p":3.0E11,"mot":"U","mo":33.0},{"cn":"","ui":"","t":75.0,"r":75.0,"q":1.65,"p":4.7096944520996E11,"mot":"L","mo":75.0}]},{"d":"10.01.2022","r":764.0,"q":2.18,"p":2.3010471204188E11,"s":[{"cn":"ООО\"Инфокар\"","ui":"10408859","t":45.0,"r":45.0,"q":2.21,"p":1.8E11,"mot":"U","mo":45.0},{"cn":"ООО\"Инфокар\"","ui":"10391486","t":311.0,"r":311.0,"q":2.22,"p":1.8E11,"mot":"U","mo":311.0},{"cn":"ООО\"Инфокар\"","ui":"10406653","t":58.0,"r":58.0,"q":2.22,"p":1.8E11,"mot":"U","mo":58.0},{"cn":"ЗАО \"Ужаленные Скорпионом \"","ui":"10395494","t":63.0,"r":63.0,"q":2.15,"p":3.0E11,"mot":"U","mo":63.0},{"cn":"ООО\"Инфокар\"","ui":"10410368","t":156.0,"r":156.0,"q":2.3,"p":1.8E11,"mot":"U","mo":156.0},{"cn":"ДоБрЫнЯ","ui":"10391803","t":40.0,"r":40.0,"q":1.45,"p":1.9E11,"mot":"U","mo":40.0},{"cn":"","ui":"","t":91.0,"r":91.0,"q":2.17,"p":5.1318681318681E11,"mot":"L","mo":91.0}]},{"d":"11.01.2022","r":275.0,"q":2.41,"p":3.5189090909091E11,"s":[{"cn":"Skyline7 Ltd.","ui":"10408947","t":29.0,"r":29.0,"q":2.73,"p":2.5E11,"mot":"U","mo":29.0},{"cn":"SCM","ui":"10391880","t":36.0,"r":36.0,"q":2.43,"p":1.0E12,"mot":"U","mo":36.0},{"cn":"Салта","ui":"10432734","t":30.0,"r":30.0,"q":2.79,"p":2.0E11,"mot":"U","mo":30.0},{"cn":"Салта","ui":"10432733","t":30.0,"r":30.0,"q":2.79,"p":2.0E11,"mot":"U","mo":30.0},{"cn":"Салта","ui":"10432730","t":30.0,"r":30.0,"q":2.79,"p":2.0E11,"mot":"U","mo":30.0},{"cn":"ЗАО \"Ужаленные Скорпионом \"","ui":"10395494","t":96.0,"r":96.0,"q":2.15,"p":3.0E11,"mot":"U","mo":96.0},{"cn":"GVC","ui":"10391847","t":18.0,"r":18.0,"q":1.45,"p":3.0E11,"mot":"U","mo":18.0},{"cn":"","ui":"","t":6.0,"r":6.0,"q":1.95,"p":2.2E11,"mot":"L","mo":6.0}]},{"d":"12.01.2022","r":86.0,"q":1.96,"p":5.9338953488372E11,"s":[{"cn":"SCM","ui":"10391880","t":39.0,"r":39.0,"q":2.47,"p":1.0E12,"mot":"U","mo":39.0},{"cn":"TVL Unlimited","ui":"10394026","t":6.0,"r":6.0,"q":1.03,"p":7.0E11,"mot":"U","mo":6.0},{"cn":"ТрейдИнвестС  CO","ui":"10423111","t":6.0,"r":6.0,"q":2.18,"p":1.7E11,"mot":"U","mo":6.0},{"cn":"Vitgol Ltd.","ui":"10406920","t":6.0,"r":6.0,"q":1.71,"p":1.8E11,"mot":"U","mo":6.0},{"cn":"GVC","ui":"10391847","t":22.0,"r":22.0,"q":1.44,"p":2.0E11,"mot":"U","mo":22.0},{"cn":"","ui":"","t":7.0,"r":7.0,"q":1.57,"p":1.9021428571429E11,"mot":"L","mo":7.0}]},{"d":"13.01.2022","r":143.0,"q":2.44,"p":4.4755244755245E11,"s":[{"cn":"SCM","ui":"10391880","t":42.0,"r":42.0,"q":2.51,"p":1.0E12,"mot":"U","mo":42.0},{"cn":"Салта","ui":"10406479","t":27.0,"r":27.0,"q":2.91,"p":2.0E11,"mot":"U","mo":27.0},{"cn":"GVC","ui":"10391847","t":29.0,"r":29.0,"q":1.44,"p":2.0E11,"mot":"U","mo":29.0},{"cn":"Салта","ui":"10432729","t":36.0,"r":36.0,"q":2.79,"p":2.0E11,"mot":"U","mo":36.0},{"cn":"","ui":"","t":9.0,"r":9.0,"q":2.52,"p":4.0E11,"mot":"L","mo":9.0}]},{"d":"17.01.2022","r":847.0,"q":2.71,"p":2.4277769585684E11,"s":[{"cn":"SCM","ui":"10391880","t":54.0,"r":54.0,"q":2.68,"p":1.0E12,"mot":"U","mo":54.0},{"cn":"ООО\"Инфокар\"","ui":"10406653","t":112.0,"r":112.0,"q":2.44,"p":1.85E11,"mot":"U","mo":112.0},{"cn":"ООО\"Инфокар\"","ui":"10410368","t":266.0,"r":266.0,"q":2.49,"p":1.75E11,"mot":"U","mo":266.0},{"cn":"ООО\"Инфокар\"","ui":"10410369","t":77.0,"r":77.0,"q":2.55,"p":1.8E11,"mot":"U","mo":77.0},{"cn":"Салта","ui":"10438966","t":74.0,"r":74.0,"q":3.64,"p":2.0E11,"mot":"U","mo":74.0},{"cn":"ЗАО \"Ужаленные Скорпионом \"","ui":"10395494","t":66.0,"r":66.0,"q":2.15,"p":2.0E11,"mot":"U","mo":66.0},{"cn":"Салта","ui":"10387359","t":129.0,"r":129.0,"q":3.38,"p":2.0E11,"mot":"U","mo":129.0},{"cn":"","ui":"","t":69.0,"r":69.0,"q":2.45,"p":2.4206823754706E11,"mot":"L","mo":69.0}]},{"d":"18.01.2022","r":98.0,"q":2.78,"p":6.6505102040816E11,"s":[{"cn":"SCM","ui":"10391880","t":57.0,"r":57.0,"q":2.72,"p":1.0E12,"mot":"U","mo":57.0},{"cn":"Салта","ui":"10406479","t":40.0,"r":40.0,"q":2.91,"p":2.0E11,"mot":"U","mo":40.0},{"cn":"","ui":"","t":1.0,"r":1.0,"q":1.0,"p":1.75E11,"mot":"L","mo":1.0}]},{"d":"19.01.2022","r":710.0,"q":3.04,"p":2.6179436623364E11,"s":[{"cn":"ООО\"Инфокар\"","ui":"10391486","t":118.0,"r":118.0,"q":2.66,"p":1.75E11,"mot":"U","mo":118.0},{"cn":"SCM","ui":"10391880","t":60.0,"r":60.0,"q":2.75,"p":1.0E12,"mot":"U","mo":60.0},{"cn":"Салта","ui":"10406479","t":72.0,"r":72.0,"q":3.12,"p":2.0E11,"mot":"U","mo":72.0},{"cn":"ООО\"Инфокар\"","ui":"10410368","t":68.0,"r":68.0,"q":2.67,"p":1.75E11,"mot":"U","mo":68.0},{"cn":"ООО\"Инфокар\"","ui":"10410369","t":62.0,"r":62.0,"q":2.6,"p":1.8E11,"mot":"U","mo":62.0},{"cn":"Салта","ui":"10438966","t":69.0,"r":69.0,"q":4.7,"p":2.0E11,"mot":"U","mo":69.0},{"cn":"Салта","ui":"10387359","t":136.0,"r":136.0,"q":3.91,"p":2.0E11,"mot":"U","mo":136.0},{"cn":"","ui":"","t":125.0,"r":125.0,"q":2.06,"p":2.1411200020708E11,"mot":"L","mo":125.0}]},{"d":"21.01.2022","r":1816.0,"q":3.27,"p":2.1683149779736E11,"s":[{"cn":"ООО\"Инфокар\"","ui":"10408859","t":93.0,"r":93.0,"q":2.72,"p":1.7E11,"mot":"U","mo":93.0},{"cn":"ООО\"Инфокар\"","ui":"10391486","t":354.0,"r":354.0,"q":2.66,"p":1.7E11,"mot":"U","mo":354.0},{"cn":"ООО\"Инфокар\"","ui":"10410368","t":204.0,"r":204.0,"q":2.67,"p":1.7E11,"mot":"U","mo":204.0},{"cn":"ООО\"Инфокар\"","ui":"10410369","t":186.0,"r":186.0,"q":2.6,"p":1.7E11,"mot":"U","mo":186.0},{"cn":"Салта","ui":"10438966","t":223.0,"r":223.0,"q":5.32,"p":2.0E11,"mot":"U","mo":223.0},{"cn":"Салта","ui":"10387359","t":408.0,"r":408.0,"q":3.91,"p":2.0E11,"mot":"U","mo":408.0},{"cn":"","ui":"","t":348.0,"r":348.0,"q":2.66,"p":3.5998850574713E11,"mot":"L","mo":348.0}]},{"d":"18.02.2022","r":4751.0,"q":4.68,"p":4.594940854555E10,"s":[{"cn":"Skyline7 Ltd.","ui":"10408947","t":260.0,"r":260.0,"q":3.66,"p":5.0E10,"mot":"U","mo":260.0},{"cn":"X-PeRT Corp","ui":"9960042","t":744.0,"r":744.0,"q":3.43,"p":5.45E10,"mot":"U","mo":744.0},{"cn":"VIRTA Ltd.","ui":"10302127","t":1556.0,"r":1556.0,"q":5.68,"p":3.0E10,"mot":"U","mo":1556.0},{"cn":"Салта","ui":"10387359","t":1230.0,"r":1230.0,"q":4.96,"p":5.0E10,"mot":"U","mo":1230.0},{"cn":"","ui":"","t":961.0,"r":961.0,"q":3.93,"p":5.887371488026E10,"mot":"L","mo":961.0}]},{"d":"21.02.2022","r":3644.0,"q":3.77,"p":4.346658812137E10,"s":[{"cn":"X-PeRT Corp","ui":"9960042","t":559.0,"r":559.0,"q":3.53,"p":5.2274E10,"mot":"U","mo":559.0},{"cn":"Titov-anatolij Ltd.","ui":"8168069","t":433.0,"r":433.0,"q":3.31,"p":2.9E10,"mot":"U","mo":433.0},{"cn":"SCM","ui":"10478451","t":185.0,"r":185.0,"q":3.78,"p":1.0E11,"mot":"U","mo":185.0},{"cn":"Skyline7 Ltd.","ui":"10408947","t":320.0,"r":320.0,"q":3.66,"p":5.0E10,"mot":"U","mo":320.0},{"cn":"ООО\"Инфокар\"","ui":"10410368","t":444.0,"r":444.0,"q":3.67,"p":3.1E10,"mot":"U","mo":444.0},{"cn":"ООО\"Инфокар\"","ui":"10410369","t":564.0,"r":564.0,"q":3.48,"p":3.0E10,"mot":"U","mo":564.0},{"cn":"","ui":"","t":1139.0,"r":1139.0,"q":4.28,"p":4.515371476231E10,"mot":"L","mo":1139.0}]},{"d":"22.02.2022","r":4066.0,"q":4.03,"p":3.815805562621E10,"s":[{"cn":"Skyline7 Ltd.","ui":"10408947","t":340.0,"r":340.0,"q":3.65,"p":5.0E10,"mot":"U","mo":340.0},{"cn":"ООО\"Инфокар\"","ui":"10391486","t":243.0,"r":243.0,"q":3.83,"p":2.7E10,"mot":"U","mo":243.0},{"cn":"ООО\"Инфокар\"","ui":"10410368","t":561.0,"r":561.0,"q":3.73,"p":2.9E10,"mot":"U","mo":561.0},{"cn":"Tritrade Инвест","ui":"10391844","t":211.0,"r":211.0,"q":3.86,"p":3.2000000835E10,"mot":"U","mo":211.0},{"cn":"ООО\"Инфокар\"","ui":"10410369","t":722.0,"r":722.0,"q":3.53,"p":2.9E10,"mot":"U","mo":722.0},{"cn":"Titov-anatolij Ltd.","ui":"8168069","t":587.0,"r":587.0,"q":3.35,"p":2.9E10,"mot":"U","mo":587.0},{"cn":"Салта","ui":"10438966","t":235.0,"r":235.0,"q":8.45,"p":5.0E10,"mot":"U","mo":235.0},{"cn":"Салта","ui":"10387359","t":305.0,"r":305.0,"q":5.44,"p":5.0E10,"mot":"U","mo":305.0},{"cn":"","ui":"","t":862.0,"r":862.0,"q":3.63,"p":5.058892575406E10,"mot":"L","mo":862.0}]},{"d":"23.02.2022","r":4536.0,"q":4.16,"p":3.871615348775E10,"s":[{"cn":"Skyline7 Ltd.","ui":"10408947","t":359.0,"r":359.0,"q":3.65,"p":5.0E10,"mot":"U","mo":359.0},{"cn":"X-PeRT Corp","ui":"9960042","t":369.0,"r":369.0,"q":3.61,"p":5.0E10,"mot":"U","mo":369.0},{"cn":"ООО\"Инфокар\"","ui":"10253173","t":561.0,"r":561.0,"q":3.73,"p":2.6E10,"mot":"U","mo":561.0},{"cn":"ООО\"Инфокар\"","ui":"10541048","t":429.0,"r":429.0,"q":3.74,"p":2.4E10,"mot":"U","mo":429.0},{"cn":"Tritrade Инвест","ui":"10391844","t":264.0,"r":264.0,"q":3.87,"p":3.2000000835E10,"mot":"U","mo":264.0},{"cn":"ООО\"Инфокар\"","ui":"10410369","t":880.0,"r":880.0,"q":3.57,"p":2.6E10,"mot":"U","mo":880.0},{"cn":"Салта","ui":"10438966","t":316.0,"r":316.0,"q":8.01,"p":5.0E10,"mot":"U","mo":316.0},{"cn":"Салта","ui":"10387359","t":455.0,"r":455.0,"q":5.52,"p":5.0E10,"mot":"U","mo":455.0},{"cn":"","ui":"","t":903.0,"r":903.0,"q":3.69,"p":4.923197342193E10,"mot":"L","mo":903.0}]},{"d":"24.02.2022","r":3684.0,"q":4.41,"p":4.703605489853E10,"s":[{"cn":"Skyline7 Ltd.","ui":"10408947","t":378.0,"r":378.0,"q":3.65,"p":5.0E10,"mot":"U","mo":378.0},{"cn":"X-PeRT Corp","ui":"9960042","t":355.0,"r":355.0,"q":3.68,"p":4.944E10,"mot":"U","mo":355.0},{"cn":"Tritrade Инвест","ui":"10391844","t":316.0,"r":316.0,"q":3.87,"p":3.2000000835E10,"mot":"U","mo":316.0},{"cn":"ООО\"Инфокар\"","ui":"10410369","t":1038.0,"r":1038.0,"q":3.59,"p":2.6E10,"mot":"U","mo":1038.0},{"cn":"Салта","ui":"10438966","t":398.0,"r":398.0,"q":7.75,"p":5.0E10,"mot":"U","mo":398.0},{"cn":"SCM","ui":"10478451","t":197.0,"r":197.0,"q":3.84,"p":1.0E11,"mot":"U","mo":197.0},{"cn":"Салта","ui":"10387359","t":605.0,"r":605.0,"q":5.57,"p":5.0E10,"mot":"U","mo":605.0},{"cn":"","ui":"","t":397.0,"r":397.0,"q":3.53,"p":7.526354151721E10,"mot":"L","mo":397.0}]},{"d":"25.02.2022","r":3999.0,"q":4.69,"p":4.483644649566E10,"s":[{"cn":"Skyline7 Ltd.","ui":"10408947","t":397.0,"r":397.0,"q":3.65,"p":5.0E10,"mot":"U","mo":397.0},{"cn":"X-PeRT Corp","ui":"9960042","t":381.0,"r":381.0,"q":3.76,"p":4.833E10,"mot":"U","mo":381.0},{"cn":"Tritrade Инвест","ui":"10391844","t":369.0,"r":369.0,"q":3.86,"p":3.2000000835E10,"mot":"U","mo":369.0},{"cn":"ООО\"Инфокар\"","ui":"10410369","t":798.0,"r":798.0,"q":3.61,"p":2.6E10,"mot":"U","mo":798.0},{"cn":"Салта","ui":"10438966","t":488.0,"r":488.0,"q":9.03,"p":5.0E10,"mot":"U","mo":488.0},{"cn":"SCM","ui":"10478451","t":201.0,"r":201.0,"q":3.86,"p":1.0E11,"mot":"U","mo":201.0},{"cn":"Салта","ui":"10387359","t":762.0,"r":762.0,"q":5.59,"p":5.0E10,"mot":"U","mo":762.0},{"cn":"","ui":"","t":603.0,"r":603.0,"q":3.53,"p":4.292076157218E10,"mot":"L","mo":603.0}]},{"d":"28.02.2022","r":5765.0,"q":5.92,"p":5.582900701285E10,"s":[{"cn":"Skyline7 Ltd.","ui":"10408947","t":454.0,"r":454.0,"q":3.64,"p":5.0E10,"mot":"U","mo":454.0},{"cn":"VIRTA Ltd.","ui":"10302127","t":2446.0,"r":2446.0,"q":6.22,"p":6.0E10,"mot":"U","mo":2446.0},{"cn":"Салта","ui":"10438966","t":707.0,"r":707.0,"q":9.92,"p":5.0E10,"mot":"U","mo":707.0},{"cn":"Салта","ui":"10387359","t":1233.0,"r":1233.0,"q":5.63,"p":5.0E10,"mot":"U","mo":1233.0},{"cn":"","ui":"","t":925.0,"r":925.0,"q":3.6,"p":5.988564911252E10,"mot":"L","mo":925.0}]},{"d":"01.03.2022","r":6885.0,"q":5.98,"p":5.387216442388E10,"s":[{"cn":"Skyline7 Ltd.","ui":"10408947","t":473.0,"r":473.0,"q":3.63,"p":5.0E10,"mot":"U","mo":473.0},{"cn":"VIRTA Ltd.","ui":"10302127","t":3008.0,"r":3008.0,"q":6.28,"p":6.0E10,"mot":"U","mo":3008.0},{"cn":"Салта","ui":"10438966","t":797.0,"r":797.0,"q":10.19,"p":5.0E10,"mot":"U","mo":797.0},{"cn":"Салта","ui":"10387359","t":1390.0,"r":1390.0,"q":5.64,"p":5.0E10,"mot":"U","mo":1390.0},{"cn":"","ui":"","t":1217.0,"r":1217.0,"q":3.75,"p":4.718968944817E10,"mot":"L","mo":1217.0}]},{"d":"02.03.2022","r":6462.0,"q":6.06,"p":5.380075061582E10,"s":[{"cn":"Skyline7 Ltd.","ui":"10408947","t":492.0,"r":492.0,"q":3.63,"p":5.0E10,"mot":"U","mo":492.0},{"cn":"VIRTA Ltd.","ui":"10302127","t":3569.0,"r":3569.0,"q":6.32,"p":6.0E10,"mot":"U","mo":3569.0},{"cn":"Titov-anatolij Ltd.","ui":"8168069","t":414.0,"r":414.0,"q":3.43,"p":2.7E10,"mot":"U","mo":414.0},{"cn":"Салта","ui":"10438966","t":887.0,"r":887.0,"q":10.4,"p":5.0E10,"mot":"U","mo":887.0},{"cn":"","ui":"","t":1100.0,"r":1100.0,"q":3.77,"p":4.853859134496E10,"mot":"L","mo":1100.0}]},{"d":"03.03.2022","r":6241.0,"q":5.49,"p":5.654630412915E10,"s":[{"cn":"Skyline7 Ltd.","ui":"10408947","t":511.0,"r":511.0,"q":3.63,"p":5.0E10,"mot":"U","mo":511.0},{"cn":"VIRTA Ltd.","ui":"10302127","t":4130.0,"r":4130.0,"q":6.35,"p":6.0E10,"mot":"U","mo":4130.0},{"cn":"L_IKEA_LTD","ui":"10387226","t":315.0,"r":315.0,"q":4.33,"p":7.0E10,"mot":"U","mo":315.0},{"cn":"","ui":"","t":1285.0,"r":1285.0,"q":3.74,"p":4.475134947082E10,"mot":"L","mo":1285.0}]},{"d":"04.03.2022","r":6969.0,"q":5.55,"p":5.517521446332E10,"s":[{"cn":"VIRTA Ltd.","ui":"10302127","t":4691.0,"r":4691.0,"q":6.38,"p":6.0E10,"mot":"U","mo":4691.0},{"cn":"Skyline7 Ltd.","ui":"10408947","t":522.0,"r":522.0,"q":3.62,"p":5.0E10,"mot":"U","mo":522.0},{"cn":"","ui":"","t":1756.0,"r":1756.0,"q":3.91,"p":4.382464099938E10,"mot":"L","mo":1756.0}]},{"d":"07.03.2022","r":9258.0,"q":5.55,"p":4.662567510046E10,"s":[{"cn":"Skyline7 Ltd.","ui":"10408947","t":528.0,"r":528.0,"q":3.62,"p":5.0E10,"mot":"U","mo":528.0},{"cn":"VIRTA Ltd.","ui":"10302127","t":5904.0,"r":5904.0,"q":6.45,"p":5.0E10,"mot":"U","mo":5904.0},{"cn":"ООО\"Инфокар\"","ui":"10410368","t":519.0,"r":519.0,"q":3.96,"p":2.55E10,"mot":"U","mo":519.0},{"cn":"ООО\"Инфокар\"","ui":"10410369","t":677.0,"r":677.0,"q":3.78,"p":2.6E10,"mot":"U","mo":677.0},{"cn":"","ui":"","t":1633.0,"r":1630.0,"q":4.18,"p":4.86036810307E10,"mot":"L","mo":1630.0}]},{"d":"08.03.2022","r":9749.0,"q":5.62,"p":4.693009540287E10,"s":[{"cn":"Skyline7 Ltd.","ui":"10408947","t":530.0,"r":530.0,"q":3.62,"p":5.0E10,"mot":"U","mo":530.0},{"cn":"VIRTA Ltd.","ui":"10302127","t":6486.0,"r":6486.0,"q":6.49,"p":5.0E10,"mot":"U","mo":6486.0},{"cn":"ООО\"Инфокар\"","ui":"10410368","t":551.0,"r":551.0,"q":3.98,"p":2.55E10,"mot":"U","mo":551.0},{"cn":"ООО\"Инфокар\"","ui":"10410369","t":850.0,"r":850.0,"q":3.8,"p":2.6E10,"mot":"U","mo":850.0},{"cn":"","ui":"","t":1337.0,"r":1332.0,"q":4.04,"p":5.29812312932E10,"mot":"L","mo":1332.0}]},{"d":"09.03.2022","r":9612.0,"q":5.8,"p":4.87901581446E10,"s":[{"cn":"Skyline7 Ltd.","ui":"10408947","t":532.0,"r":532.0,"q":3.62,"p":5.0E10,"mot":"U","mo":532.0},{"cn":"VIRTA Ltd.","ui":"10302127","t":7068.0,"r":7068.0,"q":6.53,"p":5.0E10,"mot":"U","mo":7068.0},{"cn":"ООО\"Инфокар\"","ui":"10410369","t":952.0,"r":952.0,"q":3.82,"p":2.6E10,"mot":"U","mo":952.0},{"cn":"","ui":"","t":1067.0,"r":1060.0,"q":3.85,"p":6.058396234517E10,"mot":"L","mo":1060.0}]},{"d":"10.03.2022","r":9252.0,"q":6.08,"p":5.136748382084E10,"s":[{"cn":"Skyline7 Ltd.","ui":"10408947","t":534.0,"r":534.0,"q":3.62,"p":5.0E10,"mot":"U","mo":534.0},{"cn":"VIRTA Ltd.","ui":"10302127","t":7650.0,"r":7650.0,"q":6.57,"p":5.0E10,"mot":"U","mo":7650.0},{"cn":"","ui":"","t":1077.0,"r":1068.0,"q":3.82,"p":6.1846404785E10,"mot":"L","mo":1068.0}]},{"d":"11.03.2022","r":11542.0,"q":6.28,"p":5.011311577103E10,"s":[{"cn":"VIRTA Ltd.","ui":"10302127","t":8232.0,"r":8232.0,"q":6.6,"p":5.0E10,"mot":"U","mo":8232.0},{"cn":"Салта","ui":"10438966","t":867.0,"r":867.0,"q":10.4,"p":5.0E10,"mot":"U","mo":867.0},{"cn":"","ui":"","t":2454.0,"r":2443.0,"q":3.75,"p":5.05344176133E10,"mot":"L","mo":2443.0}]},{"d":"14.03.2022","r":11530.0,"q":6.19,"p":4.641252335605E10,"s":[{"cn":"VIRTA Ltd.","ui":"10302127","t":9576.0,"r":9576.0,"q":6.69,"p":4.5E10,"mot":"U","mo":9576.0},{"cn":"","ui":"","t":1971.0,"r":1954.0,"q":3.75,"p":5.333489984406E10,"mot":"L","mo":1954.0}]},{"d":"15.03.2022","r":12333.0,"q":6.18,"p":4.604052004737E10,"s":[{"cn":"VIRTA Ltd.","ui":"10302127","t":10157.0,"r":10157.0,"q":6.71,"p":4.5E10,"mot":"U","mo":10157.0},{"cn":"","ui":"","t":2200.0,"r":2176.0,"q":3.73,"p":5.089739602214E10,"mot":"L","mo":2176.0}]},{"d":"16.03.2022","r":12803.0,"q":6.23,"p":4.632703272748E10,"s":[{"cn":"VIRTA Ltd.","ui":"10302127","t":10738.0,"r":10738.0,"q":6.72,"p":4.5E10,"mot":"U","mo":10738.0},{"cn":"Titov-anatolij Ltd.","ui":"8168069","t":670.0,"r":670.0,"q":3.42,"p":2.5E10,"mot":"U","mo":670.0},{"cn":"","ui":"","t":1426.0,"r":1395.0,"q":3.84,"p":6.678494624364E10,"mot":"L","mo":1395.0}]},{"d":"17.03.2022","r":13060.0,"q":6.36,"p":4.69020107377E10,"s":[{"cn":"VIRTA Ltd.","ui":"10302127","t":11319.0,"r":11319.0,"q":6.74,"p":4.5E10,"mot":"U","mo":11319.0},{"cn":"","ui":"","t":1779.0,"r":1741.0,"q":3.85,"p":5.926781173715E10,"mot":"L","mo":1741.0}]},{"d":"18.03.2022","r":13964.0,"q":6.68,"p":4.585351940685E10,"s":[{"cn":"VIRTA Ltd.","ui":"10302127","t":11899.0,"r":11899.0,"q":6.75,"p":4.5E10,"mot":"U","mo":11899.0},{"cn":"Салта","ui":"10438966","t":811.0,"r":811.0,"q":10.4,"p":5.0E10,"mot":"U","mo":811.0},{"cn":"","ui":"","t":1299.0,"r":1254.0,"q":3.63,"p":5.127076953532E10,"mot":"L","mo":1254.0}]},{"d":"21.03.2022","r":14559.0,"q":6.57,"p":4.605775808938E10,"s":[{"cn":"VIRTA Ltd.","ui":"10302127","t":13637.0,"r":13637.0,"q":6.78,"p":4.5E10,"mot":"U","mo":13637.0},{"cn":"","ui":"","t":1031.0,"r":922.0,"q":3.51,"p":6.170271152193E10,"mot":"L","mo":922.0}]},{"d":"22.03.2022","r":15191.0,"q":6.58,"p":4.599518219046E10,"s":[{"cn":"VIRTA Ltd.","ui":"10302127","t":14216.0,"r":14216.0,"q":6.79,"p":4.5E10,"mot":"U","mo":14216.0},{"cn":"","ui":"","t":1094.0,"r":975.0,"q":3.54,"p":6.050544887726E10,"mot":"L","mo":975.0}]},{"d":"23.03.2022","r":15811.0,"q":6.6,"p":4.597236101627E10,"s":[{"cn":"VIRTA Ltd.","ui":"10302127","t":14794.0,"r":14794.0,"q":6.8,"p":4.5E10,"mot":"U","mo":14794.0},{"cn":"","ui":"","t":1119.0,"r":1017.0,"q":3.64,"p":6.011701084388E10,"mot":"L","mo":1017.0}]},{"d":"24.03.2022","r":16331.0,"q":6.63,"p":4.468151866757E10,"s":[{"cn":"VIRTA Ltd.","ui":"10302127","t":15322.0,"r":15322.0,"q":6.81,"p":4.5E10,"mot":"U","mo":15322.0},{"cn":"","ui":"","t":1121.0,"r":1009.0,"q":3.85,"p":3.984527389504E10,"mot":"L","mo":1009.0}]},{"d":"25.03.2022","r":17342.0,"q":6.85,"p":4.512405955852E10,"s":[{"cn":"VIRTA Ltd.","ui":"10302127","t":15758.0,"r":15758.0,"q":6.84,"p":4.5E10,"mot":"U","mo":15758.0},{"cn":"","ui":"","t":1693.0,"r":1584.0,"q":6.9,"p":4.635823286856E10,"mot":"L","mo":1584.0}]},{"d":"28.03.2022","r":9756.0,"q":6.89,"p":3.276194137361E10,"s":[{"cn":"Skyline7 Ltd.","ui":"10408947","t":570.0,"r":570.0,"q":3.6,"p":5.0E10,"mot":"U","mo":570.0},{"cn":"VIRTA Ltd.","ui":"10302127","t":8116.0,"r":8116.0,"q":6.92,"p":3.0E10,"mot":"U","mo":8116.0},{"cn":"Салта","ui":"10438966","t":720.0,"r":720.0,"q":10.41,"p":5.0E10,"mot":"U","mo":720.0},{"cn":"","ui":"","t":401.0,"r":350.0,"q":4.2,"p":3.327285725972E10,"mot":"L","mo":350.0}]},{"d":"29.03.2022","r":7596.0,"q":6.63,"p":3.686346780245E10,"s":[{"cn":"Skyline7 Ltd.","ui":"10408947","t":572.0,"r":572.0,"q":3.6,"p":5.0E10,"mot":"U","mo":572.0},{"cn":"VIRTA Ltd.","ui":"10302127","t":5117.0,"r":5117.0,"q":6.96,"p":3.0E10,"mot":"U","mo":5117.0},{"cn":"Салта","ui":"10438966","t":722.0,"r":722.0,"q":10.43,"p":5.0E10,"mot":"U","mo":722.0},{"cn":"L_IKEA_LTD","ui":"10387226","t":614.0,"r":614.0,"q":4.31,"p":7.0E10,"mot":"U","mo":614.0},{"cn":"","ui":"","t":653.0,"r":571.0,"q":4.36,"p":3.296830372576E10,"mot":"L","mo":571.0}]},{"d":"30.03.2022","r":7324.0,"q":6.93,"p":3.41108902605E10,"s":[{"cn":"Skyline7 Ltd.","ui":"10408947","t":574.0,"r":574.0,"q":3.6,"p":5.0E10,"mot":"U","mo":574.0},{"cn":"VIRTA Ltd.","ui":"10302127","t":5553.0,"r":5553.0,"q":7.01,"p":3.0E10,"mot":"U","mo":5553.0},{"cn":"Салта","ui":"10438966","t":724.0,"r":724.0,"q":10.44,"p":5.0E10,"mot":"U","mo":724.0},{"cn":"","ui":"","t":559.0,"r":473.0,"q":4.71,"p":3.876989485815E10,"mot":"L","mo":473.0}]},{"d":"31.03.2022","r":7881.0,"q":6.93,"p":3.36421546114E10,"s":[{"cn":"Skyline7 Ltd.","ui":"10408947","t":576.0,"r":576.0,"q":3.6,"p":5.0E10,"mot":"U","mo":576.0},{"cn":"VIRTA Ltd.","ui":"10302127","t":5989.0,"r":5989.0,"q":7.06,"p":3.0E10,"mot":"U","mo":5989.0},{"cn":"Салта","ui":"10438966","t":716.0,"r":716.0,"q":10.46,"p":5.0E10,"mot":"U","mo":716.0},{"cn":"","ui":"","t":690.0,"r":600.0,"q":4.58,"p":3.477303415401E10,"mot":"L","mo":600.0}]},{"d":"01.04.2022","r":8075.0,"q":6.9,"p":3.314381219628E10,"s":[{"cn":"Skyline7 Ltd.","ui":"10408947","t":578.0,"r":578.0,"q":3.6,"p":5.0E10,"mot":"U","mo":578.0},{"cn":"VIRTA Ltd.","ui":"10302127","t":6425.0,"r":6425.0,"q":7.11,"p":3.0E10,"mot":"U","mo":6425.0},{"cn":"Салта","ui":"10438966","t":518.0,"r":518.0,"q":10.47,"p":5.0E10,"mot":"U","mo":518.0},{"cn":"","ui":"","t":660.0,"r":554.0,"q":4.6,"p":3.625682939517E10,"mot":"L","mo":554.0}]},{"d":"04.04.2022","r":9062.0,"q":7.11,"p":3.298271374626E10,"s":[{"cn":"Skyline7 Ltd.","ui":"10408947","t":584.0,"r":584.0,"q":3.59,"p":5.0E10,"mot":"U","mo":584.0},{"cn":"Салта","ui":"10438966","t":504.0,"r":504.0,"q":10.53,"p":5.0E10,"mot":"U","mo":504.0},{"cn":"VIRTA Ltd.","ui":"10302127","t":7733.0,"r":7733.0,"q":7.22,"p":3.0E10,"mot":"U","mo":7733.0},{"cn":"","ui":"","t":241.0,"r":241.0,"q":4.86,"p":5.186453099014E10,"mot":"L","mo":241.0}]},{"d":"05.04.2022","r":9303.0,"q":7.12,"p":3.293361714855E10,"s":[{"cn":"Skyline7 Ltd.","ui":"10408947","t":586.0,"r":586.0,"q":3.59,"p":5.0E10,"mot":"U","mo":586.0},{"cn":"Салта","ui":"10438966","t":506.0,"r":506.0,"q":10.56,"p":5.0E10,"mot":"U","mo":506.0},{"cn":"VIRTA Ltd.","ui":"10302127","t":8010.0,"r":8010.0,"q":7.21,"p":3.0E10,"mot":"U","mo":8010.0},{"cn":"","ui":"","t":201.0,"r":201.0,"q":5.14,"p":5.712159369634E10,"mot":"L","mo":201.0}]},{"d":"06.04.2022","r":9608.0,"q":7.13,"p":3.287559339992E10,"s":[{"cn":"Skyline7 Ltd.","ui":"10408947","t":588.0,"r":588.0,"q":3.59,"p":5.0E10,"mot":"U","mo":588.0},{"cn":"VIRTA Ltd.","ui":"10302127","t":8246.0,"r":8246.0,"q":7.25,"p":3.0E10,"mot":"U","mo":8246.0},{"cn":"Салта","ui":"10438966","t":508.0,"r":508.0,"q":10.58,"p":5.0E10,"mot":"U","mo":508.0},{"cn":"","ui":"","t":299.0,"r":266.0,"q":4.76,"p":5.146128340779E10,"mot":"L","mo":266.0}]},{"d":"07.04.2022","r":7840.0,"q":7.16,"p":3.331090561224E10,"s":[{"cn":"Skyline7 Ltd.","ui":"10408947","t":590.0,"r":590.0,"q":3.59,"p":5.0E10,"mot":"U","mo":590.0},{"cn":"Салта","ui":"10438966","t":510.0,"r":510.0,"q":10.6,"p":5.0E10,"mot":"U","mo":510.0},{"cn":"VIRTA Ltd.","ui":"10302127","t":6592.0,"r":6592.0,"q":7.28,"p":3.0E10,"mot":"U","mo":6592.0},{"cn":"","ui":"","t":185.0,"r":148.0,"q":4.32,"p":5.673986486458E10,"mot":"L","mo":148.0}]},{"d":"08.04.2022","r":8269.0,"q":7.18,"p":3.328302108918E10,"s":[{"cn":"Skyline7 Ltd.","ui":"10408947","t":592.0,"r":592.0,"q":3.59,"p":5.0E10,"mot":"U","mo":592.0},{"cn":"VIRTA Ltd.","ui":"10302127","t":6987.0,"r":6987.0,"q":7.32,"p":3.0E10,"mot":"U","mo":6987.0},{"cn":"Салта","ui":"10438966","t":512.0,"r":512.0,"q":10.62,"p":5.0E10,"mot":"U","mo":512.0},{"cn":"","ui":"","t":221.0,"r":178.0,"q":3.64,"p":5.846798531722E10,"mot":"L","mo":178.0}]},{"d":"11.04.2022","r":1352.0,"q":6.39,"p":5.09241863979E10,"s":[{"cn":"Skyline7 Ltd.","ui":"10408947","t":598.0,"r":598.0,"q":3.58,"p":5.0E10,"mot":"U","mo":598.0},{"cn":"БелОпт","ui":"10420754","t":128.0,"r":128.0,"q":4.74,"p":3.0E10,"mot":"U","mo":128.0},{"cn":"Салта","ui":"10438966","t":498.0,"r":498.0,"q":10.68,"p":5.0E10,"mot":"U","mo":498.0},{"cn":"","ui":"","t":153.0,"r":128.0,"q":4.44,"p":7.976171882786E10,"mot":"L","mo":128.0}]},{"d":"12.04.2022","r":2593.0,"q":5.52,"p":5.332934825008E10,"s":[{"cn":"Skyline7 Ltd.","ui":"10408947","t":600.0,"r":600.0,"q":3.58,"p":5.0E10,"mot":"U","mo":600.0},{"cn":"БелОпт","ui":"10420754","t":160.0,"r":160.0,"q":4.75,"p":3.0E10,"mot":"U","mo":160.0},{"cn":"Салта","ui":"10438966","t":500.0,"r":500.0,"q":10.7,"p":5.0E10,"mot":"U","mo":500.0},{"cn":"L_IKEA_LTD","ui":"10387226","t":614.0,"r":614.0,"q":4.31,"p":5.0E10,"mot":"U","mo":614.0},{"cn":"Rombac","ui":"10414702","t":511.0,"r":511.0,"q":4.82,"p":7.0E10,"mot":"U","mo":511.0},{"cn":"","ui":"","t":270.0,"r":208.0,"q":4.54,"p":5.775480775225E10,"mot":"L","mo":208.0}]},{"d":"13.04.2022","r":196.0,"q":3.82,"p":7.886326530582E10,"s":[{"cn":"Atron Invest","ui":"10543928","t":24.0,"r":24.0,"q":7.78,"p":3.0E10,"mot":"U","mo":24.0},{"cn":"ТрейдИнвестС  CO","ui":"10423111","t":12.0,"r":12.0,"q":5.66,"p":2.9E10,"mot":"U","mo":12.0},{"cn":"Агара","ui":"10429235","t":11.0,"r":11.0,"q":4.25,"p":3.1E10,"mot":"U","mo":11.0},{"cn":"pavel32024 и сыновья","ui":"10390771","t":10.0,"r":10.0,"q":2.92,"p":2.85E10,"mot":"U","mo":10.0},{"cn":"DuS","ui":"10471180","t":15.0,"r":15.0,"q":3.17,"p":3.5E10,"mot":"U","mo":15.0},{"cn":"ЗАО «Копилка»","ui":"10420531","t":60.0,"r":60.0,"q":3.06,"p":1.47999999999E11,"mot":"U","mo":60.0},{"cn":"Megacorp inc","ui":"10393839","t":49.0,"r":49.0,"q":2.95,"p":8.0E10,"mot":"U","mo":49.0},{"cn":"","ui":"","t":101.0,"r":15.0,"q":2.86,"p":2.921333333333E10,"mot":"L","mo":15.0}]},{"d":"14.04.2022","r":326.0,"q":3.65,"p":1.0513650306729E11,"s":[{"cn":"Megacorp inc","ui":"10393839","t":49.0,"r":46.0,"q":2.95,"p":8.0E10,"mot":"U","mo":46.0},{"cn":"ЗАО «Копилка»","ui":"10420531","t":63.0,"r":63.0,"q":3.05,"p":1.47999999999E11,"mot":"U","mo":63.0},{"cn":"SCM","ui":"10478451","t":209.0,"r":209.0,"q":3.89,"p":1.0E11,"mot":"U","mo":209.0},{"cn":"","ui":"","t":82.0,"r":8.0,"q":6.14,"p":4.63125E10,"mot":"L","mo":8.0}]},{"d":"15.04.2022","r":298.0,"q":3.78,"p":1.0629026845615E11,"s":[{"cn":"ЗАО «Копилка»","ui":"10420531","t":66.0,"r":66.0,"q":3.05,"p":1.47999999999E11,"mot":"U","mo":66.0},{"cn":"SCM","ui":"10478451","t":209.0,"r":208.0,"q":3.89,"p":1.0E11,"mot":"U","mo":208.0},{"cn":"","ui":"","t":110.0,"r":24.0,"q":4.88,"p":4.610416666667E10,"mot":"L","mo":24.0}]},{"d":"18.04.2022","r":105.0,"q":3.53,"p":1.2478001318029E11,"s":[{"cn":"ТрейдИнвестС  CO","ui":"10423111","t":12.0,"r":12.0,"q":5.67,"p":7.0E10,"mot":"U","mo":12.0},{"cn":"ХимСтройБытЭкономСервиз","ui":"10393254","t":11.0,"r":11.0,"q":4.32,"p":7.999013840054E10,"mot":"L","mo":9.0},{"cn":"ЗАО «Копилка»","ui":"10420531","t":75.0,"r":75.0,"q":3.05,"p":1.47999999999E11,"mot":"U","mo":75.0},{"cn":"","ui":"","t":74.0,"r":9.0,"q":3.87,"p":4.911001537784E10,"mot":"L","mo":9.0}]},{"d":"19.04.2022","r":171.0,"q":3.99,"p":9.892638155279E10,"s":[{"cn":"Mamatovbaxtiyor Ltd.","ui":"10543285","t":22.0,"r":22.0,"q":5.3,"p":5.0E10,"mot":"U","mo":22.0},{"cn":"ТрейдИнвестС  CO","ui":"10423111","t":24.0,"r":24.0,"q":5.68,"p":7.0E10,"mot":"U","mo":24.0},{"cn":"Lenin и сыновья","ui":"10449049","t":20.0,"r":20.0,"q":3.28,"p":6.0E10,"mot":"U","mo":20.0},{"cn":"ХимСтройБытЭкономСервиз","ui":"10393254","t":12.0,"r":12.0,"q":4.32,"p":5.999013840054E10,"mot":"L","mo":9.0},{"cn":"ЗАО «Копилка»","ui":"10420531","t":78.0,"r":78.0,"q":3.05,"p":1.47999999999E11,"mot":"U","mo":78.0},{"cn":"Slobodin Corp.","ui":"10393728","t":11.0,"r":11.0,"q":4.42,"p":3.9E10,"mot":"U","mo":11.0},{"cn":"","ui":"","t":141.0,"r":7.0,"q":5.57,"p":6.05E10,"mot":"L","mo":7.0}]},{"d":"20.04.2022","r":183.0,"q":3.97,"p":9.955142757118E10,"s":[{"cn":"ТрейдИнвестС  CO","ui":"10423111","t":36.0,"r":36.0,"q":5.7,"p":7.0E10,"mot":"U","mo":36.0},{"cn":"Lenin и сыновья","ui":"10449049","t":40.0,"r":40.0,"q":3.15,"p":6.0E10,"mot":"U","mo":40.0},{"cn":"ЗАО «Копилка»","ui":"10420531","t":79.0,"r":79.0,"q":3.05,"p":1.47999999999E11,"mot":"U","mo":79.0},{"cn":"","ui":"","t":199.0,"r":28.0,"q":5.5,"p":5.735397305732E10,"mot":"L","mo":28.0}]},{"d":"21.04.2022","r":250.0,"q":4.41,"p":8.682364498209E10,"s":[{"cn":"Mamatovbaxtiyor Ltd.","ui":"10543285","t":22.0,"r":22.0,"q":5.34,"p":5.0E10,"mot":"U","mo":22.0},{"cn":"ТрейдИнвестС  CO","ui":"10423111","t":48.0,"r":48.0,"q":5.71,"p":7.0E10,"mot":"U","mo":48.0},{"cn":"Lenin и сыновья","ui":"10449049","t":40.0,"r":40.0,"q":3.15,"p":5.0E10,"mot":"U","mo":40.0},{"cn":"ЗАО «Копилка»","ui":"10420531","t":82.0,"r":82.0,"q":3.04,"p":1.47999999999E11,"mot":"U","mo":82.0},{"cn":"TVL Unlimited","ui":"10410369","t":32.0,"r":32.0,"q":5.69,"p":5.0E10,"mot":"U","mo":32.0},{"cn":"","ui":"","t":229.0,"r":26.0,"q":5.9,"p":5.807350944634E10,"mot":"L","mo":26.0}]},{"d":"22.04.2022","r":316.0,"q":4.54,"p":8.556459254911E10,"s":[{"cn":"Mamatovbaxtiyor Ltd.","ui":"10543285","t":41.0,"r":41.0,"q":5.28,"p":5.0E10,"mot":"U","mo":41.0},{"cn":"ТрейдИнвестС  CO","ui":"10423111","t":60.0,"r":60.0,"q":5.73,"p":7.0E10,"mot":"U","mo":60.0},{"cn":"ЗАО «Копилка»","ui":"10420531","t":85.0,"r":85.0,"q":3.04,"p":1.47999999999E11,"mot":"U","mo":85.0},{"cn":"Megacorp inc","ui":"10393839","t":47.0,"r":47.0,"q":2.95,"p":8.0E10,"mot":"U","mo":47.0},{"cn":"TVL Unlimited","ui":"10410369","t":53.0,"r":53.0,"q":5.7,"p":5.0E10,"mot":"U","mo":53.0},{"cn":"","ui":"","t":356.0,"r":30.0,"q":5.84,"p":5.994704152016E10,"mot":"L","mo":30.0}]},{"d":"25.04.2022","r":217.0,"q":4.53,"p":9.801341587793E10,"s":[{"cn":"ТрейдИнвестС  CO","ui":"10423111","t":35.0,"r":35.0,"q":5.86,"p":6.0E10,"mot":"U","mo":35.0},{"cn":"БелОпт","ui":"10420754","t":30.0,"r":30.0,"q":5.2,"p":5.0E10,"mot":"U","mo":30.0},{"cn":"Салта","ui":"10438966","t":14.0,"r":14.0,"q":12.68,"p":7.0E10,"mot":"U","mo":14.0},{"cn":"ЗАО «Копилка»","ui":"10420531","t":94.0,"r":94.0,"q":3.04,"p":1.47999999999E11,"mot":"U","mo":94.0},{"cn":"Proffy Corp","ui":"10604758","t":19.0,"r":19.0,"q":3.06,"p":5.4E10,"mot":"U","mo":19.0},{"cn":"","ui":"","t":39.0,"r":25.0,"q":4.02,"p":7.003644982419E10,"mot":"L","mo":25.0}]},{"d":"26.04.2022","r":204.0,"q":3.9,"p":9.909270218386E10,"s":[{"cn":"ТрейдИнвестС  CO","ui":"10423111","t":47.0,"r":47.0,"q":5.91,"p":6.0E10,"mot":"U","mo":47.0},{"cn":"ЗАО «Копилка»","ui":"10420531","t":97.0,"r":97.0,"q":3.04,"p":1.47999999999E11,"mot":"U","mo":97.0},{"cn":"Proffy Corp","ui":"10604758","t":28.0,"r":28.0,"q":3.06,"p":5.0E10,"mot":"U","mo":28.0},{"cn":"","ui":"","t":68.0,"r":32.0,"q":4.31,"p":5.121597642515E10,"mot":"L","mo":32.0}]},{"d":"27.04.2022","r":523.0,"q":4.62,"p":6.830766968548E10,"s":[{"cn":"ТрейдИнвестС  CO","ui":"10423111","t":49.0,"r":49.0,"q":5.96,"p":6.0E10,"mot":"U","mo":49.0},{"cn":"X-PeRT Corp","ui":"9960042","t":78.0,"r":78.0,"q":3.86,"p":4.99E10,"mot":"U","mo":78.0},{"cn":"БелОпт","ui":"10420754","t":33.0,"r":33.0,"q":5.17,"p":5.0E10,"mot":"U","mo":33.0},{"cn":"ООО\"Инфокар\"","ui":"10654023","t":120.0,"r":120.0,"q":5.75,"p":4.4E10,"mot":"U","mo":120.0},{"cn":"ЗАО «Копилка»","ui":"10420531","t":100.0,"r":100.0,"q":3.03,"p":1.47999999999E11,"mot":"U","mo":100.0},{"cn":"Proffy Corp","ui":"10604758","t":46.0,"r":46.0,"q":3.06,"p":5.0E10,"mot":"U","mo":46.0},{"cn":"X-PeRT Corp","ui":"10388999","t":32.0,"r":32.0,"q":6.8,"p":4.99E10,"mot":"U","mo":32.0},{"cn":"","ui":"","t":134.0,"r":65.0,"q":4.64,"p":5.024478839392E10,"mot":"L","mo":65.0}]},{"d":"28.04.2022","r":311.0,"q":4.54,"p":8.535958955854E10,"s":[{"cn":"ТрейдИнвестС  CO","ui":"10423111","t":61.0,"r":61.0,"q":5.99,"p":6.0E10,"mot":"U","mo":61.0},{"cn":"БелОпт","ui":"10420754","t":33.0,"r":33.0,"q":5.15,"p":5.0E10,"mot":"U","mo":33.0},{"cn":"ЗАО «Копилка»","ui":"10420531","t":103.0,"r":103.0,"q":3.03,"p":1.47999999999E11,"mot":"U","mo":103.0},{"cn":"Slobodin Corp.","ui":"10393728","t":18.0,"r":18.0,"q":5.08,"p":4.85E10,"mot":"U","mo":18.0},{"cn":"TVL Unlimited","ui":"10410369","t":48.0,"r":48.0,"q":5.69,"p":5.0E10,"mot":"U","mo":48.0},{"cn":"","ui":"","t":131.0,"r":48.0,"q":4.14,"p":5.666317401686E10,"mot":"L","mo":48.0}]},{"d":"29.04.2022","r":425.0,"q":4.6,"p":7.631019377107E10,"s":[{"cn":"ТрейдИнвестС  CO","ui":"10423111","t":73.0,"r":73.0,"q":6.02,"p":6.0E10,"mot":"U","mo":73.0},{"cn":"Slobodin Corp.","ui":"10393728","t":24.0,"r":24.0,"q":5.08,"p":4.85E10,"mot":"U","mo":24.0},{"cn":"TVL Unlimited","ui":"10410369","t":72.0,"r":72.0,"q":5.7,"p":5.0E10,"mot":"U","mo":72.0},{"cn":"БелОпт","ui":"10420754","t":66.0,"r":66.0,"q":5.14,"p":5.0E10,"mot":"U","mo":66.0},{"cn":"ЗАО «Копилка»","ui":"10420531","t":106.0,"r":106.0,"q":3.03,"p":1.47999999999E11,"mot":"U","mo":106.0},{"cn":"Proffy Corp","ui":"10604758","t":22.0,"r":22.0,"q":3.06,"p":5.0E10,"mot":"U","mo":22.0},{"cn":"","ui":"","t":178.0,"r":62.0,"q":4.1,"p":5.161019923886E10,"mot":"L","mo":62.0}]},{"d":"02.05.2022","r":471.0,"q":4.8,"p":7.356244425794E10,"s":[{"cn":"ТрейдИнвестС  CO","ui":"10423111","t":109.0,"r":109.0,"q":6.11,"p":4.9E10,"mot":"U","mo":109.0},{"cn":"БелОпт","ui":"10420754","t":34.0,"r":34.0,"q":5.26,"p":5.0E10,"mot":"U","mo":34.0},{"cn":"ЗАО «Копилка»","ui":"10420531","t":115.0,"r":115.0,"q":3.03,"p":1.47999999999E11,"mot":"U","mo":115.0},{"cn":"Proffy Corp","ui":"10604758","t":36.0,"r":36.0,"q":3.06,"p":5.0E10,"mot":"U","mo":36.0},{"cn":"Slobodin Corp.","ui":"10393728","t":42.0,"r":42.0,"q":5.12,"p":4.85E10,"mot":"U","mo":42.0},{"cn":"TVL Unlimited","ui":"10410369","t":118.0,"r":118.0,"q":5.7,"p":5.0E10,"mot":"U","mo":118.0},{"cn":"","ui":"","t":206.0,"r":17.0,"q":3.99,"p":4.999477915323E10,"mot":"L","mo":17.0}]},{"d":"03.05.2022","r":543.0,"q":5.14,"p":4.962635588509E10,"s":[{"cn":"X-PeRT Corp","ui":"9960042","t":98.0,"r":98.0,"q":4.23,"p":4.99E10,"mot":"U","mo":98.0},{"cn":"ТрейдИнвестС  CO","ui":"10423111","t":121.0,"r":121.0,"q":6.13,"p":4.9E10,"mot":"U","mo":121.0},{"cn":"БелОпт","ui":"10420754","t":68.0,"r":68.0,"q":5.26,"p":5.0E10,"mot":"U","mo":68.0},{"cn":"Proffy Corp","ui":"10604758","t":54.0,"r":54.0,"q":3.06,"p":5.0E10,"mot":"U","mo":54.0},{"cn":"Slobodin Corp.","ui":"10393728","t":48.0,"r":48.0,"q":5.12,"p":4.85E10,"mot":"U","mo":48.0},{"cn":"TVL Unlimited","ui":"10410369","t":142.0,"r":142.0,"q":5.7,"p":5.0E10,"mot":"U","mo":142.0},{"cn":"","ui":"","t":234.0,"r":12.0,"q":4.94,"p":4.99926038004E10,"mot":"L","mo":12.0}]},{"d":"04.05.2022","r":666.0,"q":4.9,"p":6.748474964916E10,"s":[{"cn":"ТрейдИнвестС  CO","ui":"10423111","t":118.0,"r":118.0,"q":6.14,"p":4.9E10,"mot":"U","mo":118.0},{"cn":"БелОпт","ui":"10420754","t":102.0,"r":102.0,"q":5.26,"p":5.0E10,"mot":"U","mo":102.0},{"cn":"ЗАО «Копилка»","ui":"10420531","t":118.0,"r":118.0,"q":3.02,"p":1.47999999999E11,"mot":"U","mo":118.0},{"cn":"Proffy Corp","ui":"10604758","t":72.0,"r":72.0,"q":3.06,"p":5.0E10,"mot":"U","mo":72.0},{"cn":"Slobodin Corp.","ui":"10393728","t":54.0,"r":54.0,"q":5.13,"p":4.85E10,"mot":"U","mo":54.0},{"cn":"TVL Unlimited","ui":"10410369","t":166.0,"r":166.0,"q":5.7,"p":5.0E10,"mot":"U","mo":166.0},{"cn":"","ui":"","t":270.0,"r":36.0,"q":5.62,"p":5.777342406831E10,"mot":"L","mo":36.0}]},{"d":"05.05.2022","r":743.0,"q":4.74,"p":7.229063115184E10,"s":[{"cn":"X-PeRT Corp","ui":"9960042","t":73.0,"r":73.0,"q":4.34,"p":4.99E10,"mot":"U","mo":73.0},{"cn":"ТрейдИнвестС  CO","ui":"10423111","t":100.0,"r":100.0,"q":6.14,"p":4.8E10,"mot":"U","mo":100.0},{"cn":"Slobodin Corp.","ui":"10393728","t":60.0,"r":60.0,"q":5.13,"p":4.85E10,"mot":"U","mo":60.0},{"cn":"TVL Unlimited","ui":"10410369","t":190.0,"r":190.0,"q":5.71,"p":5.0E10,"mot":"U","mo":190.0},{"cn":"ЗАО «Копилка»","ui":"10420531","t":121.0,"r":121.0,"q":3.02,"p":1.47999999999E11,"mot":"U","mo":121.0},{"cn":"Proffy Corp","ui":"10604758","t":90.0,"r":90.0,"q":3.06,"p":5.0E10,"mot":"U","mo":90.0},{"cn":"","ui":"","t":342.0,"r":109.0,"q":5.11,"p":9.588292610952E10,"mot":"L","mo":109.0}]},{"d":"06.05.2022","r":414.0,"q":3.98,"p":1.2758704015771E11,"s":[{"cn":"ЗАО «Копилка»","ui":"10420531","t":124.0,"r":124.0,"q":3.02,"p":1.47999999999E11,"mot":"U","mo":124.0},{"cn":"Slobodin Corp.","ui":"10393728","t":66.0,"r":66.0,"q":5.14,"p":4.65E10,"mot":"U","mo":66.0},{"cn":"SCM","ui":"10478451","t":208.0,"r":208.0,"q":3.89,"p":1.0E11,"mot":"U","mo":208.0},{"cn":"","ui":"","t":143.0,"r":16.0,"q":7.76,"p":6.6250216408849E11,"mot":"L","mo":16.0}]},{"d":"09.05.2022","r":216.0,"q":4.49,"p":2.1847941862855E11,"s":[{"cn":"ТрейдИнвестС  CO","ui":"10423111","t":36.0,"r":36.0,"q":6.2,"p":5.0E10,"mot":"U","mo":36.0},{"cn":"ЗАО «Копилка»","ui":"10420531","t":127.0,"r":127.0,"q":3.02,"p":1.47999999999E11,"mot":"U","mo":127.0},{"cn":"ООО \u0026quot;Марс Финанс\u0026quot;","ui":"10549539","t":25.0,"r":25.0,"q":9.27,"p":1.0E12,"mot":"U","mo":25.0},{"cn":"","ui":"","t":168.0,"r":28.0,"q":4.69,"p":5.69840865676E10,"mot":"L","mo":28.0}]},{"d":"10.05.2022","r":299.0,"q":4.85,"p":1.8868802067921E11,"s":[{"cn":"ТрейдИнвестС  CO","ui":"10423111","t":48.0,"r":48.0,"q":6.22,"p":5.0E10,"mot":"U","mo":48.0},{"cn":"ЗАО «Копилка»","ui":"10420531","t":130.0,"r":130.0,"q":3.02,"p":1.47999999999E11,"mot":"U","mo":130.0},{"cn":"ХимСтройБытЭкономСервиз","ui":"8931460","t":18.0,"r":18.0,"q":4.66,"p":5.999013840054E10,"mot":"U","mo":18.0},{"cn":"TVL Unlimited","ui":"10410369","t":24.0,"r":24.0,"q":5.8,"p":5.0E10,"mot":"U","mo":24.0},{"cn":"ООО \u0026quot;Марс Финанс\u0026quot;","ui":"10549539","t":30.0,"r":30.0,"q":9.29,"p":1.0E12,"mot":"U","mo":30.0},{"cn":"","ui":"","t":193.0,"r":49.0,"q":5.25,"p":5.09774631021E10,"mot":"L","mo":49.0}]},{"d":"11.05.2022","r":165.0,"q":3.47,"p":1.3099049071922E11,"s":[{"cn":"ЗАО «Копилка»","ui":"10420531","t":133.0,"r":133.0,"q":3.02,"p":1.47999999999E11,"mot":"U","mo":133.0},{"cn":"Slobodin Corp.","ui":"10393728","t":21.0,"r":21.0,"q":5.66,"p":4.95E10,"mot":"U","mo":21.0},{"cn":"","ui":"","t":11.0,"r":11.0,"q":4.77,"p":8.09028153458E10,"mot":"L","mo":11.0}]},{"d":"12.05.2022","r":186.0,"q":3.75,"p":1.257204301068E11,"s":[{"cn":"ТрейдИнвестС  CO","ui":"10423111","t":12.0,"r":12.0,"q":6.32,"p":7.5E10,"mot":"U","mo":12.0},{"cn":"ЗАО «Копилка»","ui":"10420531","t":136.0,"r":136.0,"q":3.02,"p":1.47999999999E11,"mot":"U","mo":136.0},{"cn":"Slobodin Corp.","ui":"10393728","t":28.0,"r":28.0,"q":5.66,"p":4.95E10,"mot":"U","mo":28.0},{"cn":"","ui":"","t":12.0,"r":10.0,"q":5.17,"p":9.7E10,"mot":"L","mo":10.0}]},{"d":"13.05.2022","r":919.0,"q":5.06,"p":7.096450571844E10,"s":[{"cn":"X-PeRT Corp","ui":"9960042","t":588.0,"r":588.0,"q":5.56,"p":5.19E10,"mot":"U","mo":588.0},{"cn":"ЗАО «Копилка»","ui":"10420531","t":139.0,"r":139.0,"q":3.02,"p":1.47999999999E11,"mot":"U","mo":139.0},{"cn":"VCNN","ui":"10445630","t":66.0,"r":66.0,"q":3.82,"p":1.0E11,"mot":"U","mo":66.0},{"cn":"","ui":"","t":131.0,"r":126.0,"q":5.66,"p":5.973952980462E10,"mot":"L","mo":126.0}]},{"d":"16.05.2022","r":204.0,"q":3.74,"p":1.2082352941104E11,"s":[{"cn":"ЗАО «Копилка»","ui":"10420531","t":148.0,"r":148.0,"q":3.02,"p":1.47999999999E11,"mot":"U","mo":148.0},{"cn":"Slobodin Corp.","ui":"10393728","t":56.0,"r":56.0,"q":5.66,"p":4.9E10,"mot":"U","mo":56.0},{"cn":"","ui":"","t":0.0,"r":0.0,"q":0.0,"p":0.0,"mot":"L","mo":0.0}]},{"d":"17.05.2022","r":559.0,"q":5.05,"p":7.882428118616E10,"s":[{"cn":"ООО\"Инфокар\"","ui":"10408859","t":155.0,"r":155.0,"q":6.32,"p":5.5E10,"mot":"U","mo":155.0},{"cn":"БелОпт","ui":"10420754","t":34.0,"r":34.0,"q":5.31,"p":5.5E10,"mot":"U","mo":34.0},{"cn":"ЗАО «Копилка»","ui":"10420531","t":151.0,"r":151.0,"q":3.02,"p":1.47999999999E11,"mot":"U","mo":151.0},{"cn":"Zametnyi. Ltd.","ui":"10698697","t":34.0,"r":34.0,"q":4.2,"p":1.5E10,"mot":"U","mo":34.0},{"cn":"ООО\"Инфокар\"","ui":"10658370","t":129.0,"r":125.0,"q":6.27,"p":5.5E10,"mot":"U","mo":125.0},{"cn":"","ui":"","t":60.0,"r":60.0,"q":4.68,"p":6.557955305354E10,"mot":"L","mo":60.0}]},{"d":"18.05.2022","r":876.0,"q":5.45,"p":7.306446058616E10,"s":[{"cn":"БелОпт","ui":"10420754","t":58.0,"r":58.0,"q":5.3,"p":5.5E10,"mot":"U","mo":58.0},{"cn":"ООО\"Инфокар\"","ui":"10654023","t":223.0,"r":223.0,"q":6.19,"p":5.5E10,"mot":"U","mo":223.0},{"cn":"ЗАО «Копилка»","ui":"10420531","t":154.0,"r":154.0,"q":3.01,"p":1.47999999999E11,"mot":"U","mo":154.0},{"cn":"ХимСтройБытЭкономСервиз","ui":"8931460","t":46.0,"r":46.0,"q":4.8,"p":6.999013840054E10,"mot":"U","mo":46.0},{"cn":"ООО\"Инфокар\"","ui":"10658370","t":323.0,"r":323.0,"q":6.24,"p":5.5E10,"mot":"U","mo":323.0},{"cn":"","ui":"","t":75.0,"r":72.0,"q":5.4,"p":6.629057093339E10,"mot":"L","mo":72.0}]},{"d":"19.05.2022","r":1335.0,"q":5.55,"p":6.793869056351E10,"s":[{"cn":"ООО\"Инфокар\"","ui":"10408859","t":113.0,"r":113.0,"q":6.32,"p":5.5E10,"mot":"U","mo":113.0},{"cn":"ХимСтройБытЭкономСервиз","ui":"8931460","t":70.0,"r":70.0,"q":4.98,"p":6.999013840054E10,"mot":"U","mo":70.0},{"cn":"БелОпт","ui":"10420754","t":92.0,"r":92.0,"q":5.29,"p":5.5E10,"mot":"U","mo":92.0},{"cn":"ООО\"Инфокар\"","ui":"10654023","t":107.0,"r":107.0,"q":6.23,"p":5.5E10,"mot":"U","mo":107.0},{"cn":"ЗАО «Копилка»","ui":"10420531","t":157.0,"r":157.0,"q":3.01,"p":1.47999999999E11,"mot":"U","mo":157.0},{"cn":"ООО\"Инфокар\"","ui":"10658370","t":521.0,"r":521.0,"q":6.25,"p":5.5E10,"mot":"U","mo":521.0},{"cn":"","ui":"","t":289.0,"r":275.0,"q":5.34,"p":6.090124441603E10,"mot":"L","mo":275.0}]},{"d":"20.05.2022","r":1235.0,"q":5.8,"p":7.096294439765E10,"s":[{"cn":"ООО\"Инфокар\"","ui":"10654023","t":67.0,"r":67.0,"q":6.5,"p":5.5E10,"mot":"U","mo":67.0},{"cn":"ЗАО «Копилка»","ui":"10420531","t":160.0,"r":160.0,"q":3.01,"p":1.47999999999E11,"mot":"U","mo":160.0},{"cn":"ХимСтройБытЭкономСервиз","ui":"8931460","t":94.0,"r":94.0,"q":5.16,"p":6.999013840054E10,"mot":"U","mo":94.0},{"cn":"ООО\"Инфокар\"","ui":"10658370","t":729.0,"r":729.0,"q":6.36,"p":5.5E10,"mot":"U","mo":729.0},{"cn":"","ui":"","t":199.0,"r":185.0,"q":6.1,"p":7.351439633304E10,"mot":"L","mo":185.0}]},{"d":"23.05.2022","r":755.0,"q":5.72,"p":8.245298013223E10,"s":[{"cn":"ООО\"Инфокар\"","ui":"10654023","t":128.0,"r":128.0,"q":6.66,"p":5.5E10,"mot":"U","mo":128.0},{"cn":"ЗАО «Копилка»","ui":"10420531","t":169.0,"r":169.0,"q":3.01,"p":1.47999999999E11,"mot":"U","mo":169.0},{"cn":"Slobodin Corp.","ui":"10393728","t":42.0,"r":42.0,"q":5.65,"p":5.0E10,"mot":"U","mo":42.0},{"cn":"SCM","ui":"10478451","t":115.0,"r":115.0,"q":6.55,"p":1.0E11,"mot":"U","mo":115.0},{"cn":"ООО\"Инфокар\"","ui":"10658370","t":234.0,"r":234.0,"q":6.51,"p":5.5E10,"mot":"U","mo":234.0},{"cn":"","ui":"","t":81.0,"r":67.0,"q":6.58,"p":5.567164179104E10,"mot":"L","mo":67.0}]},{"d":"24.05.2022","r":645.0,"q":5.36,"p":9.003112094493E10,"s":[{"cn":"ООО\"Инфокар\"","ui":"10408859","t":38.0,"r":38.0,"q":6.72,"p":5.5E10,"mot":"U","mo":38.0},{"cn":"ЗАО «Копилка»","ui":"10420531","t":172.0,"r":172.0,"q":3.01,"p":1.47999999999E11,"mot":"U","mo":172.0},{"cn":"Slobodin Corp.","ui":"10393728","t":49.0,"r":49.0,"q":5.65,"p":5.0E10,"mot":"U","mo":49.0},{"cn":"ХимСтройБытЭкономСервиз","ui":"8931460","t":94.0,"r":94.0,"q":5.16,"p":5.999013840054E10,"mot":"U","mo":94.0},{"cn":"SCM","ui":"10478451","t":136.0,"r":136.0,"q":6.55,"p":1.0E11,"mot":"U","mo":136.0},{"cn":"X-PeRT Corp","ui":"10388999","t":64.0,"r":64.0,"q":8.06,"p":5.8E10,"mot":"U","mo":64.0},{"cn":"","ui":"","t":124.0,"r":92.0,"q":5.63,"p":5.56847826087E10,"mot":"L","mo":92.0}]},{"d":"25.05.2022","r":966.0,"q":5.94,"p":7.93337485609E10,"s":[{"cn":"ООО\"Инфокар\"","ui":"10408859","t":116.0,"r":116.0,"q":6.72,"p":5.5E10,"mot":"U","mo":116.0},{"cn":"БелОпт","ui":"10420754","t":56.0,"r":56.0,"q":5.19,"p":5.5E10,"mot":"U","mo":56.0},{"cn":"ООО\"Инфокар\"","ui":"10654023","t":247.0,"r":247.0,"q":6.66,"p":5.5E10,"mot":"U","mo":247.0},{"cn":"ЗАО «Копилка»","ui":"10420531","t":175.0,"r":175.0,"q":3.01,"p":1.47999999999E11,"mot":"U","mo":175.0},{"cn":"Slobodin Corp.","ui":"10393728","t":56.0,"r":56.0,"q":5.66,"p":5.0E10,"mot":"U","mo":56.0},{"cn":"SCM","ui":"10478451","t":157.0,"r":157.0,"q":6.56,"p":1.0E11,"mot":"U","mo":157.0},{"cn":"X-PeRT Corp","ui":"10388999","t":96.0,"r":96.0,"q":8.09,"p":5.8E10,"mot":"U","mo":96.0},{"cn":"","ui":"","t":101.0,"r":63.0,"q":5.89,"p":5.751430333333E10,"mot":"L","mo":63.0}]},{"d":"26.05.2022","r":1685.0,"q":6.1,"p":6.943327728179E10,"s":[{"cn":"ООО\"Инфокар\"","ui":"10408859","t":194.0,"r":194.0,"q":6.72,"p":5.5E10,"mot":"U","mo":194.0},{"cn":"X-PeRT Corp","ui":"9960042","t":115.0,"r":115.0,"q":5.1,"p":5.19E10,"mot":"U","mo":115.0},{"cn":"БелОпт","ui":"10420754","t":89.0,"r":89.0,"q":5.18,"p":5.5E10,"mot":"U","mo":89.0},{"cn":"ООО\"Инфокар\"","ui":"10654023","t":481.0,"r":481.0,"q":6.66,"p":5.5E10,"mot":"U","mo":481.0},{"cn":"ЗАО «Копилка»","ui":"10420531","t":178.0,"r":178.0,"q":3.01,"p":1.47999999999E11,"mot":"U","mo":178.0},{"cn":"SCM","ui":"10478451","t":178.0,"r":178.0,"q":6.56,"p":1.0E11,"mot":"U","mo":178.0},{"cn":"ООО\"Инфокар\"","ui":"10658370","t":203.0,"r":203.0,"q":6.67,"p":5.5E10,"mot":"U","mo":203.0},{"cn":"X-PeRT Corp","ui":"10388999","t":128.0,"r":128.0,"q":8.12,"p":5.8E10,"mot":"U","mo":128.0},{"cn":"","ui":"","t":163.0,"r":119.0,"q":5.31,"p":5.271909428571E10,"mot":"L","mo":119.0}]},{"d":"27.05.2022","r":2089.0,"q":6.28,"p":6.774774357639E10,"s":[{"cn":"ООО\"Инфокар\"","ui":"10408859","t":312.0,"r":312.0,"q":6.66,"p":5.5E10,"mot":"U","mo":312.0},{"cn":"ООО\"Инфокар\"","ui":"10654023","t":708.0,"r":708.0,"q":6.62,"p":5.5E10,"mot":"U","mo":708.0},{"cn":"ЗАО «Копилка»","ui":"10420531","t":181.0,"r":181.0,"q":3.01,"p":1.47999999999E11,"mot":"U","mo":181.0},{"cn":"ХимСтройБытЭкономСервиз","ui":"8931460","t":118.0,"r":118.0,"q":5.3,"p":5.999013840054E10,"mot":"U","mo":118.0},{"cn":"SCM","ui":"10478451","t":199.0,"r":199.0,"q":6.56,"p":1.0E11,"mot":"U","mo":199.0},{"cn":"ООО\"Инфокар\"","ui":"10658370","t":236.0,"r":236.0,"q":6.67,"p":5.5E10,"mot":"U","mo":236.0},{"cn":"X-PeRT Corp","ui":"10388999","t":160.0,"r":160.0,"q":8.13,"p":5.8E10,"mot":"U","mo":160.0},{"cn":"","ui":"","t":201.0,"r":175.0,"q":5.74,"p":5.3704E10,"mot":"L","mo":175.0}]},{"d":"30.05.2022","r":501.0,"q":5.17,"p":1.1469438223732E11,"s":[{"cn":"ТрейдИнвестС  CO","ui":"10423111","t":26.0,"r":26.0,"q":6.52,"p":5.45E10,"mot":"U","mo":26.0},{"cn":"ЗАО «Копилка»","ui":"10420531","t":190.0,"r":190.0,"q":3.01,"p":1.47999999999E11,"mot":"U","mo":190.0},{"cn":"SCM","ui":"10478451","t":261.0,"r":261.0,"q":6.54,"p":1.0E11,"mot":"U","mo":261.0},{"cn":"","ui":"","t":83.0,"r":24.0,"q":5.86,"p":7.60368958786E10,"mot":"L","mo":24.0}]},{"d":"31.05.2022","r":1207.0,"q":5.98,"p":8.046335625682E10,"s":[{"cn":"ООО\"Инфокар\"","ui":"10408859","t":197.0,"r":197.0,"q":6.66,"p":5.5E10,"mot":"U","mo":197.0},{"cn":"ООО\"Инфокар\"","ui":"10654023","t":481.0,"r":481.0,"q":6.62,"p":5.5E10,"mot":"U","mo":481.0},{"cn":"ЗАО «Копилка»","ui":"10420531","t":193.0,"r":193.0,"q":3.01,"p":1.47999999999E11,"mot":"U","mo":193.0},{"cn":"SCM","ui":"10478451","t":282.0,"r":282.0,"q":6.54,"p":1.0E11,"mot":"U","mo":282.0},{"cn":"","ui":"","t":92.0,"r":54.0,"q":5.56,"p":5.676427781801E10,"mot":"L","mo":54.0}]},{"d":"01.06.2022","r":21769.0,"q":5.2,"p":9.800369009538E10,"s":[{"cn":"VCNN","ui":"10445630","t":20092.0,"r":20092.0,"q":5.13,"p":1.0E11,"mot":"U","mo":20092.0},{"cn":"","ui":"","t":1718.0,"r":1677.0,"q":6.08,"p":7.408606421364E10,"mot":"L","mo":1677.0}]},{"d":"02.06.2022","r":22335.0,"q":5.23,"p":5.202231895709E10,"s":[{"cn":"VCNN","ui":"10445630","t":20092.0,"r":20092.0,"q":5.13,"p":5.0E10,"mot":"U","mo":20092.0},{"cn":"","ui":"","t":2287.0,"r":2243.0,"q":6.08,"p":7.013753629362E10,"mot":"L","mo":2243.0}]},{"d":"03.06.2022","r":18086.0,"q":5.31,"p":5.28148182346E10,"s":[{"cn":"VCNN","ui":"10445630","t":14807.0,"r":14807.0,"q":5.13,"p":5.0E10,"mot":"U","mo":14807.0},{"cn":"","ui":"","t":3344.0,"r":3279.0,"q":6.14,"p":6.552570984779E10,"mot":"L","mo":3279.0}]},{"d":"06.06.2022","r":18111.0,"q":5.35,"p":5.185429773791E10,"s":[{"cn":"ООО\"Инфокар\"","ui":"10408859","t":1253.0,"r":1253.0,"q":6.18,"p":5.5E10,"mot":"U","mo":1253.0},{"cn":"VCNN","ui":"10445630","t":14432.0,"r":14432.0,"q":5.13,"p":5.0E10,"mot":"U","mo":14432.0},{"cn":"","ui":"","t":2482.0,"r":2426.0,"q":6.22,"p":6.126058793539E10,"mot":"L","mo":2426.0}]},{"d":"07.06.2022","r":3393.0,"q":6.39,"p":6.073990157904E10,"s":[{"cn":"ООО\"Инфокар\"","ui":"10408859","t":1432.0,"r":1432.0,"q":6.17,"p":5.5E10,"mot":"U","mo":1432.0},{"cn":"ООО\"Инфокар\"","ui":"10654023","t":822.0,"r":822.0,"q":6.54,"p":5.5E10,"mot":"U","mo":822.0},{"cn":"SCM","ui":"10478451","t":429.0,"r":429.0,"q":6.58,"p":1.0E11,"mot":"U","mo":429.0},{"cn":"X-PeRT Corp","ui":"10388999","t":224.0,"r":224.0,"q":8.08,"p":5.5E10,"mot":"U","mo":224.0},{"cn":"","ui":"","t":545.0,"r":486.0,"q":5.84,"p":5.535079435734E10,"mot":"L","mo":486.0}]},{"d":"08.06.2022","r":4964.0,"q":6.22,"p":5.880132461088E10,"s":[{"cn":"ООО\"Инфокар\"","ui":"10408859","t":1611.0,"r":1611.0,"q":6.16,"p":5.5E10,"mot":"U","mo":1611.0},{"cn":"X-PeRT Corp","ui":"9960042","t":906.0,"r":906.0,"q":5.35,"p":5.3E10,"mot":"U","mo":906.0},{"cn":"ООО\"Инфокар\"","ui":"10654023","t":832.0,"r":832.0,"q":6.54,"p":5.5E10,"mot":"U","mo":832.0},{"cn":"SCM","ui":"10478451","t":450.0,"r":450.0,"q":6.58,"p":1.0E11,"mot":"U","mo":450.0},{"cn":"ООО\"Инфокар\"","ui":"10658370","t":443.0,"r":443.0,"q":6.64,"p":5.5E10,"mot":"U","mo":443.0},{"cn":"X-PeRT Corp","ui":"10388999","t":256.0,"r":256.0,"q":8.05,"p":5.5E10,"mot":"U","mo":256.0},{"cn":"","ui":"","t":528.0,"r":466.0,"q":5.76,"p":5.592655658454E10,"mot":"L","mo":466.0}]},{"d":"09.06.2022","r":15963.0,"q":5.39,"p":5.162209401887E10,"s":[{"cn":"ООО\"Инфокар\"","ui":"10408859","t":1642.0,"r":1642.0,"q":6.15,"p":4.5E10,"mot":"U","mo":1642.0},{"cn":"X-PeRT Corp","ui":"9960042","t":1023.0,"r":1023.0,"q":5.41,"p":5.3E10,"mot":"U","mo":1023.0},{"cn":"VCNN","ui":"10445630","t":11412.0,"r":11412.0,"q":5.13,"p":5.0E10,"mot":"U","mo":11412.0},{"cn":"ООО\"Инфокар\"","ui":"10654023","t":842.0,"r":842.0,"q":6.54,"p":5.5E10,"mot":"U","mo":842.0},{"cn":"","ui":"","t":1128.0,"r":1044.0,"q":6.05,"p":7.569395289579E10,"mot":"L","mo":1044.0}]},{"d":"10.06.2022","r":11629.0,"q":5.45,"p":5.261796162927E10,"s":[{"cn":"VCNN","ui":"10445630","t":8995.0,"r":8995.0,"q":5.13,"p":5.0E10,"mot":"U","mo":8995.0},{"cn":"ООО\"Инфокар\"","ui":"10654023","t":852.0,"r":852.0,"q":6.53,"p":5.0E10,"mot":"U","mo":852.0},{"cn":"","ui":"","t":1850.0,"r":1782.0,"q":6.54,"p":6.70843298467E10,"mot":"L","mo":1782.0}]},{"d":"13.06.2022","r":9389.0,"q":5.44,"p":5.286527874632E10,"s":[{"cn":"VCNN","ui":"10445630","t":6835.0,"r":6835.0,"q":5.13,"p":5.0E10,"mot":"U","mo":6835.0},{"cn":"ООО\"Инфокар\"","ui":"10654023","t":745.0,"r":745.0,"q":6.52,"p":4.5E10,"mot":"U","mo":745.0},{"cn":"SCM","ui":"10478451","t":559.0,"r":559.0,"q":6.66,"p":1.0E11,"mot":"U","mo":559.0},{"cn":"","ui":"","t":1320.0,"r":1250.0,"q":5.93,"p":5.214168171934E10,"mot":"L","mo":1250.0}]},{"d":"14.06.2022","r":1784.0,"q":6.21,"p":6.945590285178E10,"s":[{"cn":"X-PeRT Corp","ui":"9960042","t":173.0,"r":173.0,"q":6.12,"p":5.1E10,"mot":"U","mo":173.0},{"cn":"TVL Unlimited","ui":"10410369","t":312.0,"r":312.0,"q":6.29,"p":5.0E10,"mot":"U","mo":312.0},{"cn":"Proffy Corp","ui":"10604758","t":170.0,"r":170.0,"q":3.89,"p":5.1E10,"mot":"U","mo":170.0},{"cn":"SCM","ui":"10478451","t":581.0,"r":581.0,"q":6.67,"p":1.0E11,"mot":"U","mo":581.0},{"cn":"X-PeRT Corp","ui":"10388999","t":248.0,"r":248.0,"q":8.04,"p":5.4E10,"mot":"U","mo":248.0},{"cn":"","ui":"","t":393.0,"r":300.0,"q":5.12,"p":6.441443562524E10,"mot":"L","mo":300.0}]},{"d":"16.06.2022","r":707.0,"q":6.42,"p":1.0099717114562E11,"s":[{"cn":"ЗАО «Копилка»","ui":"10420531","t":47.0,"r":47.0,"q":3.03,"p":1.47999999999E11,"mot":"U","mo":47.0},{"cn":"SCM","ui":"10478451","t":625.0,"r":625.0,"q":6.71,"p":1.0E11,"mot":"U","mo":625.0},{"cn":"","ui":"","t":35.0,"r":35.0,"q":5.74,"p":5.568571428571E10,"mot":"L","mo":35.0}]},{"d":"17.06.2022","r":1283.0,"q":5.82,"p":8.002338269677E10,"s":[{"cn":"Салта","ui":"10406479","t":470.0,"r":470.0,"q":5.08,"p":5.1E10,"mot":"U","mo":470.0},{"cn":"SCM","ui":"10478451","t":647.0,"r":647.0,"q":6.72,"p":1.0E11,"mot":"U","mo":647.0},{"cn":"","ui":"","t":187.0,"r":166.0,"q":4.38,"p":8.433734939729E10,"mot":"L","mo":166.0}]},{"d":"20.06.2022","r":857.0,"q":6.52,"p":9.905834305711E10,"s":[{"cn":"ЗАО «Копилка»","ui":"10420531","t":59.0,"r":59.0,"q":3.03,"p":1.47999999999E11,"mot":"U","mo":59.0},{"cn":"Slobodin Corp.","ui":"10393728","t":56.0,"r":56.0,"q":6.35,"p":5.6E10,"mot":"U","mo":56.0},{"cn":"SCM","ui":"10478451","t":713.0,"r":713.0,"q":6.77,"p":1.0E11,"mot":"U","mo":713.0},{"cn":"","ui":"","t":29.0,"r":29.0,"q":7.73,"p":5.948275862069E10,"mot":"L","mo":29.0}]},{"d":"21.06.2022","r":1003.0,"q":6.34,"p":9.441126326856E10,"s":[{"cn":"ХимСтройБытЭкономСервиз","ui":"10393786","t":51.0,"r":51.0,"q":5.79,"p":5.699013840054E10,"mot":"U","mo":51.0},{"cn":"ЗАО «Копилка»","ui":"10420531","t":62.0,"r":62.0,"q":3.03,"p":1.47999999999E11,"mot":"U","mo":62.0},{"cn":"Slobodin Corp.","ui":"10393728","t":64.0,"r":64.0,"q":6.34,"p":5.6E10,"mot":"U","mo":64.0},{"cn":"SCM","ui":"10478451","t":735.0,"r":735.0,"q":6.78,"p":1.0E11,"mot":"U","mo":735.0},{"cn":"","ui":"","t":152.0,"r":91.0,"q":5.32,"p":6.074725274725E10,"mot":"L","mo":91.0}]},{"d":"22.06.2022","r":1069.0,"q":6.66,"p":9.330121608974E10,"s":[{"cn":"ЗАО «Копилка»","ui":"10420531","t":65.0,"r":65.0,"q":3.03,"p":1.47999999999E11,"mot":"U","mo":65.0},{"cn":" Аrt Global Co. ","ui":"10784494","t":179.0,"r":179.0,"q":7.92,"p":6.5E10,"mot":"U","mo":179.0},{"cn":"Slobodin Corp.","ui":"10393728","t":72.0,"r":72.0,"q":6.33,"p":5.4E10,"mot":"U","mo":72.0},{"cn":"SCM","ui":"10478451","t":737.0,"r":737.0,"q":6.8,"p":1.0E11,"mot":"U","mo":737.0},{"cn":"","ui":"","t":16.0,"r":16.0,"q":2.55,"p":5.6E10,"mot":"L","mo":16.0}]},{"d":"23.06.2022","r":1347.0,"q":6.46,"p":8.630940845074E10,"s":[{"cn":"Еда N 1","ui":"10038922","t":120.0,"r":120.0,"q":2.83,"p":6.0E10,"mot":"U","mo":120.0},{"cn":"ЗАО «Копилка»","ui":"10420531","t":68.0,"r":68.0,"q":3.03,"p":1.47999999999E11,"mot":"U","mo":68.0},{"cn":" Аrt Global Co. ","ui":"10784494","t":295.0,"r":295.0,"q":7.88,"p":6.4E10,"mot":"U","mo":295.0},{"cn":"Slobodin Corp.","ui":"10393728","t":80.0,"r":80.0,"q":6.33,"p":5.4E10,"mot":"U","mo":80.0},{"cn":"SCM","ui":"10478451","t":717.0,"r":717.0,"q":6.81,"p":1.0E11,"mot":"U","mo":717.0},{"cn":"","ui":"","t":67.0,"r":67.0,"q":6.5,"p":6.111601765989E10,"mot":"L","mo":67.0}]},{"d":"24.06.2022","r":861.0,"q":7.09,"p":6.935835814908E10,"s":[{"cn":" Аrt Global Co. ","ui":"10784494","t":552.0,"r":552.0,"q":7.95,"p":6.4E10,"mot":"U","mo":552.0},{"cn":"Megacorp inc","ui":"10393839","t":50.0,"r":50.0,"q":6.31,"p":6.5E10,"mot":"U","mo":50.0},{"cn":"ЗАО «Копилка»","ui":"10420531","t":71.0,"r":71.0,"q":3.03,"p":1.47999999999E11,"mot":"U","mo":71.0},{"cn":"Slobodin Corp.","ui":"10393728","t":88.0,"r":88.0,"q":6.32,"p":5.4E10,"mot":"U","mo":88.0},{"cn":"ХимСтройБытЭкономСервиз","ui":"8931460","t":46.0,"r":46.0,"q":6.15,"p":5.899013840054E10,"mot":"U","mo":46.0},{"cn":"","ui":"","t":76.0,"r":54.0,"q":6.43,"p":5.862962962963E10,"mot":"L","mo":54.0}]},{"d":"27.06.2022","r":1435.0,"q":7.84,"p":5.957789072001E10,"s":[{"cn":" Аrt Global Co. ","ui":"10784494","t":1250.0,"r":1250.0,"q":8.03,"p":6.0E10,"mot":"U","mo":1250.0},{"cn":"Slobodin Corp.","ui":"10393728","t":94.0,"r":94.0,"q":6.31,"p":5.4E10,"mot":"U","mo":94.0},{"cn":"","ui":"","t":91.0,"r":91.0,"q":6.76,"p":5.954146355178E10,"mot":"L","mo":91.0}]},{"d":"28.06.2022","r":317.0,"q":5.34,"p":8.131861198712E10,"s":[{"cn":"ЗАО «Копилка»","ui":"10420531","t":83.0,"r":83.0,"q":3.03,"p":1.47999999999E11,"mot":"U","mo":83.0},{"cn":"Megacorp inc","ui":"10393839","t":118.0,"r":118.0,"q":6.31,"p":6.0E10,"mot":"U","mo":118.0},{"cn":"Slobodin Corp.","ui":"10393728","t":102.0,"r":102.0,"q":6.3,"p":5.4E10,"mot":"U","mo":102.0},{"cn":"","ui":"","t":14.0,"r":14.0,"q":3.94,"p":6.471428571429E10,"mot":"L","mo":14.0}]},{"d":"29.06.2022","r":356.0,"q":7.01,"p":6.048525492072E10,"s":[{"cn":" Аrt Global Co. ","ui":"10784494","t":190.0,"r":190.0,"q":8.0,"p":6.5E10,"mot":"U","mo":190.0},{"cn":"Slobodin Corp.","ui":"10393728","t":110.0,"r":110.0,"q":6.3,"p":5.4E10,"mot":"U","mo":110.0},{"cn":"","ui":"","t":79.0,"r":56.0,"q":5.05,"p":5.79062634246E10,"mot":"L","mo":56.0}]},{"d":"30.06.2022","r":765.0,"q":7.24,"p":6.111511560936E10,"s":[{"cn":"Megacorp inc","ui":"10393839","t":118.0,"r":118.0,"q":6.31,"p":5.6E10,"mot":"U","mo":118.0},{"cn":" Аrt Global Co. ","ui":"10784494","t":430.0,"r":430.0,"q":8.0,"p":6.5E10,"mot":"U","mo":430.0},{"cn":"Slobodin Corp.","ui":"10393728","t":118.0,"r":118.0,"q":6.3,"p":5.4E10,"mot":"U","mo":118.0},{"cn":"","ui":"","t":99.0,"r":99.0,"q":6.15,"p":5.881882263801E10,"mot":"L","mo":99.0}]},{"d":"01.07.2022","r":1137.0,"q":6.9,"p":5.954263511922E10,"s":[{"cn":" Аrt Global Co. ","ui":"10784494","t":609.0,"r":609.0,"q":8.01,"p":6.5E10,"mot":"U","mo":609.0},{"cn":"Megacorp inc","ui":"10393839","t":118.0,"r":118.0,"q":6.31,"p":5.5E10,"mot":"U","mo":118.0},{"cn":"Slobodin Corp.","ui":"10393728","t":126.0,"r":126.0,"q":6.3,"p":5.4E10,"mot":"U","mo":126.0},{"cn":"Еда N 1","ui":"10370728","t":120.0,"r":120.0,"q":3.61,"p":6.0E10,"mot":"U","mo":120.0},{"cn":"","ui":"","t":164.0,"r":164.0,"q":6.05,"p":4.646936664969E10,"mot":"L","mo":164.0}]},{"d":"04.07.2022","r":5098.0,"q":6.32,"p":2.126010910098E10,"s":[{"cn":" Аrt Global Co. ","ui":"10784494","t":1200.0,"r":1200.0,"q":8.02,"p":6.4E10,"mot":"U","mo":1200.0},{"cn":"Propellerr Int.","ui":"10667319","t":3389.0,"r":3389.0,"q":5.84,"p":4.0E8,"mot":"U","mo":3389.0},{"cn":"","ui":"","t":533.0,"r":509.0,"q":5.53,"p":5.938789036694E10,"mot":"L","mo":509.0}]},{"d":"05.07.2022","r":11502.0,"q":6.08,"p":6.16805938145E10,"s":[{"cn":"Bruiser Ltd.","ui":"10637064","t":7304.0,"r":7304.0,"q":5.81,"p":6.5E10,"mot":"U","mo":7304.0},{"cn":" Аrt Global Co. ","ui":"10784494","t":1380.0,"r":1380.0,"q":8.02,"p":6.0E10,"mot":"U","mo":1380.0},{"cn":"Arigat Ltd.","ui":"10814211","t":1777.0,"r":1777.0,"q":5.84,"p":5.2E10,"mot":"U","mo":1777.0},{"cn":"","ui":"","t":1041.0,"r":1041.0,"q":5.78,"p":5.714331417322E10,"mot":"L","mo":1041.0}]},{"d":"06.07.2022","r":4213.0,"q":5.91,"p":5.348541870288E10,"s":[{"cn":"Bruiser Ltd.","ui":"10637064","t":2304.0,"r":2304.0,"q":5.81,"p":5.25E10,"mot":"U","mo":2304.0},{"cn":"X-PeRT Corp","ui":"9960042","t":341.0,"r":341.0,"q":6.06,"p":5.5E10,"mot":"U","mo":341.0},{"cn":"ООО\"Инфокар\"","ui":"10654023","t":355.0,"r":355.0,"q":6.55,"p":5.2E10,"mot":"U","mo":355.0},{"cn":"Еда N 1","ui":"10370728","t":369.0,"r":369.0,"q":5.62,"p":6.0E10,"mot":"U","mo":369.0},{"cn":"ООО\"Инфокар\"","ui":"10658370","t":286.0,"r":286.0,"q":6.21,"p":5.2E10,"mot":"U","mo":286.0},{"cn":"","ui":"","t":558.0,"r":558.0,"q":5.84,"p":5.402700536778E10,"mot":"L","mo":558.0}]},{"d":"07.07.2022","r":3181.0,"q":6.18,"p":5.413569107968E10,"s":[{"cn":"X-PeRT Corp","ui":"9960042","t":716.0,"r":716.0,"q":5.99,"p":5.5E10,"mot":"U","mo":716.0},{"cn":"ООО\"Инфокар\"","ui":"10654023","t":710.0,"r":710.0,"q":6.55,"p":5.2E10,"mot":"U","mo":710.0},{"cn":"Еда N 1","ui":"10370728","t":405.0,"r":405.0,"q":5.82,"p":6.0E10,"mot":"U","mo":405.0},{"cn":"ООО\"Инфокар\"","ui":"10658370","t":572.0,"r":572.0,"q":6.21,"p":5.2E10,"mot":"U","mo":572.0},{"cn":"","ui":"","t":967.0,"r":778.0,"q":6.19,"p":5.380672663813E10,"mot":"L","mo":778.0}]},{"d":"08.07.2022","r":1879.0,"q":6.53,"p":5.574167929623E10,"s":[{"cn":"Megacorp inc","ui":"10393839","t":118.0,"r":118.0,"q":6.31,"p":5.4E10,"mot":"U","mo":118.0},{"cn":"Pablo\u0027s","ui":"10553401","t":427.0,"r":426.0,"q":6.84,"p":5.3E10,"mot":"U","mo":426.0},{"cn":"Еда N 1","ui":"10370728","t":531.0,"r":531.0,"q":6.32,"p":6.0E10,"mot":"U","mo":531.0},{"cn":"Pablo\u0027s","ui":"10498884","t":282.0,"r":282.0,"q":6.81,"p":5.3E10,"mot":"U","mo":282.0},{"cn":"Pablo\u0027s","ui":"10476321","t":305.0,"r":305.0,"q":6.84,"p":5.3E10,"mot":"U","mo":305.0},{"cn":"","ui":"","t":374.0,"r":217.0,"q":5.76,"p":5.906735206277E10,"mot":"L","mo":217.0}]},{"d":"11.07.2022","r":257.0,"q":4.83,"p":8.745136186737E10,"s":[{"cn":"X-PeRT Corp","ui":"9960042","t":171.0,"r":171.0,"q":5.73,"p":5.7E10,"mot":"U","mo":171.0},{"cn":"ЗАО «Копилка»","ui":"10420531","t":86.0,"r":86.0,"q":3.03,"p":1.47999999999E11,"mot":"U","mo":86.0},{"cn":"","ui":"","t":0.0,"r":0.0,"q":0.0,"p":0.0,"mot":"L","mo":0.0}]},{"d":"12.07.2022","r":197.0,"q":5.1,"p":1.0774619289295E11,"s":[{"cn":"ЗАО «Копилка»","ui":"10420531","t":89.0,"r":89.0,"q":3.03,"p":1.47999999999E11,"mot":"U","mo":89.0},{"cn":"GVC","ui":"10391847","t":16.0,"r":16.0,"q":1.09,"p":1.58E11,"mot":"U","mo":16.0},{"cn":"Еда N 1","ui":"10370728","t":88.0,"r":88.0,"q":7.91,"p":6.0E10,"mot":"U","mo":88.0},{"cn":"","ui":"","t":4.0,"r":4.0,"q":5.38,"p":6.15E10,"mot":"L","mo":4.0}]},{"d":"13.07.2022","r":1185.0,"q":6.62,"p":6.494959762289E10,"s":[{"cn":"ЗАО «Копилка»","ui":"10420531","t":92.0,"r":92.0,"q":3.03,"p":1.47999999999E11,"mot":"U","mo":92.0},{"cn":" Аrt Global Co. ","ui":"10784494","t":742.0,"r":741.0,"q":6.85,"p":5.7E10,"mot":"U","mo":741.0},{"cn":"Еда N 1","ui":"10370728","t":214.0,"r":214.0,"q":7.99,"p":6.0E10,"mot":"U","mo":214.0},{"cn":"","ui":"","t":140.0,"r":138.0,"q":5.62,"p":5.9944008574E10,"mot":"L","mo":138.0}]},{"d":"14.07.2022","r":12.0,"q":5.94,"p":5.5E10,"s":[{"cn":"Slobodin Corp.","ui":"10393728","t":12.0,"r":12.0,"q":5.94,"p":5.5E10,"mot":"U","mo":12.0},{"cn":"","ui":"","t":0.0,"r":0.0,"q":0.0,"p":0.0,"mot":"L","mo":0.0}]},{"d":"15.07.2022","r":798.0,"q":6.54,"p":6.463555536734E10,"s":[{"cn":"X-PeRT Corp","ui":"9960042","t":87.0,"r":87.0,"q":5.75,"p":5.7E10,"mot":"U","mo":87.0},{"cn":"ООО\"Инфокар\"","ui":"10654023","t":372.0,"r":372.0,"q":6.95,"p":5.2E10,"mot":"U","mo":372.0},{"cn":"ЗАО «Копилка»","ui":"10420531","t":77.0,"r":77.0,"q":3.03,"p":1.47999999999E11,"mot":"U","mo":77.0},{"cn":"Еда N 1","ui":"10370728","t":126.0,"r":126.0,"q":8.2,"p":6.0E10,"mot":"U","mo":126.0},{"cn":"","ui":"","t":138.0,"r":136.0,"q":6.36,"p":6.117774399421E10,"mot":"L","mo":136.0}]},{"d":"18.07.2022","r":1710.0,"q":8.5,"p":7.979200722382E10,"s":[{"cn":"Bruiser Ltd.","ui":"10637064","t":639.0,"r":639.0,"q":5.72,"p":5.95E10,"mot":"U","mo":639.0},{"cn":"Еда N 1","ui":"10370728","t":563.0,"r":563.0,"q":8.15,"p":6.0E10,"mot":"U","mo":563.0},{"cn":"Signal","ui":"10814162","t":2392.0,"r":2392.0,"q":20.47,"p":1.7E11,"mot":"L","mo":250.0},{"cn":"","ui":"","t":269.0,"r":258.0,"q":4.54,"p":8.582880756872E10,"mot":"L","mo":258.0}]},{"d":"19.07.2022","r":1571.0,"q":6.82,"p":6.409792457421E10,"s":[{"cn":"Bruiser Ltd.","ui":"10637064","t":310.0,"r":310.0,"q":5.65,"p":5.95E10,"mot":"U","mo":310.0},{"cn":"ЗАО «Копилка»","ui":"10420531","t":83.0,"r":83.0,"q":3.02,"p":1.47999999999E11,"mot":"U","mo":83.0},{"cn":"Еда N 1","ui":"10370728","t":966.0,"r":966.0,"q":7.88,"p":6.0E10,"mot":"U","mo":966.0},{"cn":"","ui":"","t":226.0,"r":212.0,"q":5.16,"p":5.664546936874E10,"mot":"L","mo":212.0}]},{"d":"20.07.2022","r":2408.0,"q":6.79,"p":6.251266933182E10,"s":[{"cn":"Bruiser Ltd.","ui":"10637064","t":511.0,"r":511.0,"q":5.6,"p":5.95E10,"mot":"U","mo":511.0},{"cn":"Еда N 1","ui":"10370728","t":1407.0,"r":1407.0,"q":7.88,"p":6.0E10,"mot":"U","mo":1407.0},{"cn":"","ui":"","t":507.0,"r":490.0,"q":4.91,"p":7.286940357352E10,"mot":"L","mo":490.0}]},{"d":"21.07.2022","r":531.0,"q":10.82,"p":1.0841949804129E11,"s":[{"cn":"Arigat Ltd.","ui":"10799766","t":66.0,"r":66.0,"q":5.28,"p":5.7E10,"mot":"U","mo":66.0},{"cn":"ЗАО «Копилка»","ui":"10420531","t":89.0,"r":89.0,"q":3.01,"p":1.47999999999E11,"mot":"U","mo":89.0},{"cn":"Megacorp inc","ui":"10393839","t":100.0,"r":100.0,"q":5.75,"p":5.4E10,"mot":"U","mo":100.0},{"cn":"Signal","ui":"10814162","t":2392.0,"r":2392.0,"q":20.47,"p":1.5E11,"mot":"L","mo":200.0},{"cn":"","ui":"","t":105.0,"r":76.0,"q":6.07,"p":6.890465078965E10,"mot":"L","mo":76.0}]},{"d":"22.07.2022","r":1297.0,"q":7.13,"p":6.650411681271E10,"s":[{"cn":"Bruiser Ltd.","ui":"10637064","t":133.0,"r":133.0,"q":5.48,"p":5.95E10,"mot":"U","mo":133.0},{"cn":" Аrt Global Co. ","ui":"10856093","t":386.0,"r":386.0,"q":8.15,"p":6.0E10,"mot":"U","mo":386.0},{"cn":"Megacorp inc","ui":"10393839","t":107.0,"r":107.0,"q":5.75,"p":5.4E10,"mot":"U","mo":107.0},{"cn":"ЗАО «Копилка»","ui":"10420531","t":92.0,"r":92.0,"q":3.02,"p":1.47999999999E11,"mot":"U","mo":92.0},{"cn":"Еда N 1","ui":"10370728","t":474.0,"r":474.0,"q":8.19,"p":6.0E10,"mot":"U","mo":474.0},{"cn":"","ui":"","t":128.0,"r":105.0,"q":5.72,"p":6.998418577308E10,"mot":"L","mo":105.0}]},{"d":"25.07.2022","r":4559.0,"q":7.46,"p":6.222996603607E10,"s":[{"cn":"Bruiser Ltd.","ui":"10637064","t":392.0,"r":392.0,"q":5.42,"p":5.95E10,"mot":"U","mo":392.0},{"cn":"X-PeRT Corp","ui":"9960042","t":276.0,"r":276.0,"q":6.99,"p":5.9E10,"mot":"U","mo":276.0},{"cn":" Аrt Global Co. ","ui":"10856093","t":2267.0,"r":2267.0,"q":7.91,"p":6.0E10,"mot":"U","mo":2267.0},{"cn":"Еда N 1","ui":"10370728","t":1062.0,"r":1062.0,"q":8.55,"p":6.0E10,"mot":"U","mo":1062.0},{"cn":"","ui":"","t":605.0,"r":562.0,"q":5.24,"p":7.892956433883E10,"mot":"L","mo":562.0}]},{"d":"26.07.2022","r":2390.0,"q":7.72,"p":6.532863784282E10,"s":[{"cn":"Bruiser Ltd.","ui":"10637064","t":152.0,"r":152.0,"q":5.4,"p":5.95E10,"mot":"U","mo":152.0},{"cn":" Аrt Global Co. ","ui":"10856093","t":656.0,"r":656.0,"q":7.91,"p":6.0E10,"mot":"U","mo":656.0},{"cn":"Еда N 1","ui":"10370728","t":1263.0,"r":1263.0,"q":8.62,"p":6.0E10,"mot":"U","mo":1263.0},{"cn":"","ui":"","t":366.0,"r":319.0,"q":4.85,"p":1.001612678506E11,"mot":"L","mo":319.0}]},{"d":"27.07.2022","r":3005.0,"q":7.61,"p":6.294173426611E10,"s":[{"cn":"Siberian bear","ui":"10697279","t":518.0,"r":518.0,"q":5.58,"p":5.1E10,"mot":"U","mo":518.0},{"cn":"Еда N 1","ui":"10370728","t":2060.0,"r":2060.0,"q":8.61,"p":6.0E10,"mot":"U","mo":2060.0},{"cn":"","ui":"","t":481.0,"r":427.0,"q":5.28,"p":9.162040156828E10,"mot":"L","mo":427.0}]},{"d":"28.07.2022","r":6882.0,"q":6.9,"p":6.141496124986E10,"s":[{"cn":"Pablo\u0027s","ui":"10553401","t":2424.0,"r":2424.0,"q":6.97,"p":5.9E10,"mot":"U","mo":2424.0},{"cn":"Pablo\u0027s","ui":"10498884","t":1543.0,"r":1543.0,"q":7.26,"p":6.0E10,"mot":"U","mo":1543.0},{"cn":"Pablo\u0027s","ui":"10476321","t":2674.0,"r":2674.0,"q":6.88,"p":5.9E10,"mot":"U","mo":2674.0},{"cn":"","ui":"","t":302.0,"r":241.0,"q":4.21,"p":1.2155918390665E11,"mot":"L","mo":241.0}]},{"d":"29.07.2022","r":4093.0,"q":7.07,"p":6.339190357088E10,"s":[{"cn":"Pablo\u0027s","ui":"10553401","t":2567.0,"r":2567.0,"q":6.99,"p":5.9E10,"mot":"U","mo":2567.0},{"cn":"X-PeRT Corp","ui":"10388999","t":502.0,"r":502.0,"q":9.16,"p":6.1E10,"mot":"U","mo":502.0},{"cn":"","ui":"","t":1127.0,"r":1024.0,"q":6.24,"p":7.557427862854E10,"mot":"L","mo":1024.0}]},{"d":"01.08.2022","r":3128.0,"q":6.88,"p":6.515362040832E10,"s":[{"cn":" Аrt Global Co. ","ui":"10856093","t":252.0,"r":252.0,"q":8.98,"p":6.0E10,"mot":"U","mo":252.0},{"cn":"Pablo\u0027s","ui":"10553401","t":1947.0,"r":1947.0,"q":7.06,"p":5.9E10,"mot":"U","mo":1947.0},{"cn":"Pablo\u0027s","ui":"10498884","t":236.0,"r":236.0,"q":6.21,"p":6.0E10,"mot":"U","mo":236.0},{"cn":"Pablo\u0027s","ui":"10476321","t":160.0,"r":160.0,"q":6.95,"p":5.9E10,"mot":"U","mo":160.0},{"cn":"","ui":"","t":622.0,"r":533.0,"q":5.48,"p":9.419798243382E10,"mot":"L","mo":533.0}]},{"d":"02.08.2022","r":5836.0,"q":7.76,"p":6.282611735218E10,"s":[{"cn":" Аrt Global Co. ","ui":"10856093","t":1796.0,"r":1796.0,"q":8.98,"p":6.0E10,"mot":"U","mo":1796.0},{"cn":"Pablo\u0027s","ui":"10553401","t":2090.0,"r":2090.0,"q":7.09,"p":5.9E10,"mot":"U","mo":2090.0},{"cn":"Pablo\u0027s","ui":"10498884","t":560.0,"r":560.0,"q":10.27,"p":6.0E10,"mot":"U","mo":560.0},{"cn":"Pablo\u0027s","ui":"10476321","t":320.0,"r":320.0,"q":6.95,"p":5.9E10,"mot":"U","mo":320.0},{"cn":"","ui":"","t":1184.0,"r":1070.0,"q":5.96,"p":7.766656155822E10,"mot":"L","mo":1070.0}]},{"d":"03.08.2022","r":8880.0,"q":8.06,"p":6.193766784875E10,"s":[{"cn":" Аrt Global Co. ","ui":"10856093","t":3290.0,"r":3290.0,"q":8.97,"p":6.0E10,"mot":"U","mo":3290.0},{"cn":"Pablo\u0027s","ui":"10553401","t":2233.0,"r":2233.0,"q":7.1,"p":5.9E10,"mot":"U","mo":2233.0},{"cn":"Pablo\u0027s","ui":"10498884","t":884.0,"r":884.0,"q":11.48,"p":6.0E10,"mot":"U","mo":884.0},{"cn":"Pablo\u0027s","ui":"10476321","t":480.0,"r":480.0,"q":6.95,"p":5.9E10,"mot":"U","mo":480.0},{"cn":"","ui":"","t":2137.0,"r":1993.0,"q":6.36,"p":6.999472679223E10,"mot":"L","mo":1993.0}]},{"d":"04.08.2022","r":10169.0,"q":8.02,"p":6.182714329104E10,"s":[{"cn":" Аrt Global Co. ","ui":"10856093","t":4734.0,"r":4734.0,"q":8.97,"p":6.0E10,"mot":"U","mo":4734.0},{"cn":"Еда N 1","ui":"10370728","t":1060.0,"r":1060.0,"q":8.42,"p":6.0E10,"mot":"U","mo":1060.0},{"cn":"Pablo\u0027s","ui":"10553401","t":2376.0,"r":2376.0,"q":7.12,"p":5.9E10,"mot":"U","mo":2376.0},{"cn":"Pablo\u0027s","ui":"10476321","t":640.0,"r":640.0,"q":6.94,"p":5.9E10,"mot":"U","mo":640.0},{"cn":"","ui":"","t":1524.0,"r":1359.0,"q":6.5,"p":7.589125837127E10,"mot":"L","mo":1359.0}]},{"d":"05.08.2022","r":7636.0,"q":7.72,"p":6.295974983711E10,"s":[{"cn":"Pablo\u0027s","ui":"10846901","t":540.0,"r":540.0,"q":7.47,"p":6.0E10,"mot":"U","mo":540.0},{"cn":"Еда N 1","ui":"10370728","t":1159.0,"r":1159.0,"q":8.42,"p":6.0E10,"mot":"U","mo":1159.0},{"cn":"Pablo\u0027s","ui":"10553401","t":2519.0,"r":2519.0,"q":7.13,"p":5.9E10,"mot":"U","mo":2519.0},{"cn":"Pablo\u0027s","ui":"10498884","t":1022.0,"r":1022.0,"q":11.76,"p":6.3E10,"mot":"U","mo":1022.0},{"cn":"Pablo\u0027s","ui":"10476321","t":710.0,"r":710.0,"q":6.94,"p":5.9E10,"mot":"U","mo":710.0},{"cn":"","ui":"","t":1867.0,"r":1686.0,"q":6.1,"p":7.350157162288E10,"mot":"L","mo":1686.0}]},{"d":"08.08.2022","r":6978.0,"q":8.14,"p":6.418064491044E10,"s":[{"cn":"Bruiser Ltd.","ui":"10637064","t":359.0,"r":359.0,"q":5.25,"p":5.95E10,"mot":"U","mo":359.0},{"cn":"X-PeRT Corp","ui":"9960042","t":955.0,"r":955.0,"q":6.11,"p":5.9E10,"mot":"U","mo":955.0},{"cn":"Pablo\u0027s","ui":"10846901","t":1127.0,"r":1127.0,"q":7.47,"p":6.0E10,"mot":"U","mo":1127.0},{"cn":"Pablo\u0027s","ui":"10498884","t":1668.0,"r":1668.0,"q":12.48,"p":6.3E10,"mot":"U","mo":1668.0},{"cn":"Pablo\u0027s","ui":"10476321","t":1190.0,"r":1190.0,"q":7.12,"p":5.9E10,"mot":"U","mo":1190.0},{"cn":"","ui":"","t":1787.0,"r":1679.0,"q":6.79,"p":7.577905907388E10,"mot":"L","mo":1679.0}]},{"d":"09.08.2022","r":14627.0,"q":8.44,"p":6.207337422675E10,"s":[{"cn":"X-PeRT Corp","ui":"9960042","t":1647.0,"r":1647.0,"q":6.04,"p":5.9E10,"mot":"U","mo":1647.0},{"cn":" Аrt Global Co. ","ui":"10856093","t":5977.0,"r":5977.0,"q":8.97,"p":6.0E10,"mot":"U","mo":5977.0},{"cn":"Pablo\u0027s","ui":"10846901","t":1400.0,"r":1400.0,"q":7.43,"p":6.0E10,"mot":"U","mo":1400.0},{"cn":"Pablo\u0027s","ui":"10498884","t":1991.0,"r":1991.0,"q":12.66,"p":6.3E10,"mot":"U","mo":1991.0},{"cn":"Pablo\u0027s","ui":"10476321","t":1349.0,"r":1349.0,"q":7.15,"p":5.9E10,"mot":"U","mo":1349.0},{"cn":"","ui":"","t":2378.0,"r":2263.0,"q":6.48,"p":7.208583509265E10,"mot":"L","mo":2263.0}]},{"d":"10.08.2022","r":17875.0,"q":8.44,"p":6.060498648639E10,"s":[{"cn":"X-PeRT Corp","ui":"9960042","t":2185.0,"r":2185.0,"q":5.98,"p":5.8E10,"mot":"U","mo":2185.0},{"cn":" Аrt Global Co. ","ui":"10856093","t":7670.0,"r":7670.0,"q":8.96,"p":6.0E10,"mot":"U","mo":7670.0},{"cn":"Pablo\u0027s","ui":"10846901","t":1673.0,"r":1673.0,"q":7.4,"p":6.0E10,"mot":"U","mo":1673.0},{"cn":"Pablo\u0027s","ui":"10498884","t":2314.0,"r":2314.0,"q":12.79,"p":6.3E10,"mot":"U","mo":2314.0},{"cn":"Pablo\u0027s","ui":"10476321","t":1507.0,"r":1507.0,"q":7.17,"p":5.9E10,"mot":"U","mo":1507.0},{"cn":"","ui":"","t":2648.0,"r":2526.0,"q":6.47,"p":6.385951442767E10,"mot":"L","mo":2526.0}]},{"d":"11.08.2022","r":22827.0,"q":8.42,"p":6.05015268355E10,"s":[{"cn":"X-PeRT Corp","ui":"9960042","t":2850.0,"r":2850.0,"q":6.03,"p":5.8E10,"mot":"U","mo":2850.0},{"cn":"Pablo\u0027s","ui":"10846901","t":1946.0,"r":1946.0,"q":7.41,"p":6.0E10,"mot":"U","mo":1946.0},{"cn":"Pablo\u0027s","ui":"10498884","t":2637.0,"r":2637.0,"q":12.88,"p":6.3E10,"mot":"U","mo":2637.0},{"cn":" Аrt Global Co. ","ui":"10856093","t":9343.0,"r":9343.0,"q":8.92,"p":6.0E10,"mot":"U","mo":9343.0},{"cn":"Еда N 1","ui":"10370728","t":1385.0,"r":1385.0,"q":8.41,"p":6.0E10,"mot":"U","mo":1385.0},{"cn":"Pablo\u0027s","ui":"10476321","t":1664.0,"r":1664.0,"q":7.19,"p":5.9E10,"mot":"U","mo":1664.0},{"cn":"","ui":"","t":3191.0,"r":3002.0,"q":6.56,"p":6.363136344901E10,"mot":"L","mo":3002.0}]},{"d":"12.08.2022","r":26810.0,"q":8.37,"p":6.032490252E10,"s":[{"cn":"X-PeRT Corp","ui":"9960042","t":3500.0,"r":3500.0,"q":6.07,"p":5.8E10,"mot":"U","mo":3500.0},{"cn":"Pablo\u0027s","ui":"10846901","t":2219.0,"r":2219.0,"q":7.41,"p":6.0E10,"mot":"U","mo":2219.0},{"cn":"Pablo\u0027s","ui":"10498884","t":2960.0,"r":2960.0,"q":12.95,"p":6.3E10,"mot":"U","mo":2960.0},{"cn":" Аrt Global Co. ","ui":"10856093","t":11128.0,"r":11128.0,"q":8.93,"p":6.0E10,"mot":"U","mo":11128.0},{"cn":"Еда N 1","ui":"10370728","t":1491.0,"r":1491.0,"q":8.02,"p":6.0E10,"mot":"U","mo":1491.0},{"cn":"Pablo\u0027s","ui":"10476321","t":1820.0,"r":1820.0,"q":7.2,"p":5.9E10,"mot":"U","mo":1820.0},{"cn":"","ui":"","t":3831.0,"r":3692.0,"q":6.5,"p":6.234307599165E10,"mot":"L","mo":3692.0}]},{"d":"15.08.2022","r":24381.0,"q":7.93,"p":5.882357228989E10,"s":[{"cn":"Bruiser Ltd.","ui":"10637064","t":1581.0,"r":1581.0,"q":5.2,"p":5.95E10,"mot":"U","mo":1581.0},{"cn":"X-PeRT Corp","ui":"9960042","t":5315.0,"r":5315.0,"q":6.02,"p":5.8E10,"mot":"U","mo":5315.0},{"cn":" Аrt Global Co. ","ui":"10856093","t":14626.0,"r":14626.0,"q":8.9,"p":5.75E10,"mot":"U","mo":14626.0},{"cn":"Еда N 1","ui":"10370728","t":1830.0,"r":1830.0,"q":8.11,"p":6.0E10,"mot":"U","mo":1830.0},{"cn":"","ui":"","t":1134.0,"r":1029.0,"q":7.77,"p":7.875900485893E10,"mot":"L","mo":1029.0}]},{"d":"16.08.2022","r":21399.0,"q":8.43,"p":5.892725732043E10,"s":[{"cn":"Bruiser Ltd.","ui":"10637064","t":1751.0,"r":1751.0,"q":5.19,"p":5.95E10,"mot":"U","mo":1751.0},{"cn":" Аrt Global Co. ","ui":"10856093","t":16380.0,"r":16380.0,"q":8.89,"p":5.75E10,"mot":"U","mo":16380.0},{"cn":"Еда N 1","ui":"10370728","t":1943.0,"r":1943.0,"q":8.14,"p":6.0E10,"mot":"U","mo":1943.0},{"cn":"","ui":"","t":1491.0,"r":1325.0,"q":7.38,"p":7.424141841494E10,"mot":"L","mo":1325.0}]},{"d":"17.08.2022","r":29300.0,"q":7.98,"p":5.861754132106E10,"s":[{"cn":"X-PeRT Corp","ui":"9960042","t":5195.0,"r":5195.0,"q":6.02,"p":5.8E10,"mot":"U","mo":5195.0},{"cn":"Bruiser Ltd.","ui":"10637064","t":1920.0,"r":1920.0,"q":5.19,"p":5.95E10,"mot":"U","mo":1920.0},{"cn":" Аrt Global Co. ","ui":"10856093","t":18125.0,"r":18125.0,"q":8.89,"p":5.75E10,"mot":"U","mo":18125.0},{"cn":"Еда N 1","ui":"10370728","t":2056.0,"r":2056.0,"q":8.17,"p":6.0E10,"mot":"U","mo":2056.0},{"cn":"","ui":"","t":2124.0,"r":2004.0,"q":7.28,"p":6.80621061412E10,"mot":"L","mo":2004.0}]},{"d":"18.08.2022","r":26557.0,"q":8.39,"p":5.869957114884E10,"s":[{"cn":"Bruiser Ltd.","ui":"10637064","t":2088.0,"r":2088.0,"q":5.18,"p":5.95E10,"mot":"U","mo":2088.0},{"cn":" Аrt Global Co. ","ui":"10856093","t":19863.0,"r":19863.0,"q":8.88,"p":5.75E10,"mot":"U","mo":19863.0},{"cn":"Еда N 1","ui":"10370728","t":2169.0,"r":2169.0,"q":8.2,"p":6.0E10,"mot":"U","mo":2169.0},{"cn":"","ui":"","t":2553.0,"r":2437.0,"q":7.28,"p":6.66335703733E10,"mot":"L","mo":2437.0}]},{"d":"19.08.2022","r":34888.0,"q":8.01,"p":5.849159464571E10,"s":[{"cn":"X-PeRT Corp","ui":"9960042","t":5224.0,"r":5224.0,"q":6.0,"p":5.8E10,"mot":"U","mo":5224.0},{"cn":"Bruiser Ltd.","ui":"10637064","t":2255.0,"r":2255.0,"q":5.17,"p":5.95E10,"mot":"U","mo":2255.0},{"cn":" Аrt Global Co. ","ui":"10856093","t":21521.0,"r":21521.0,"q":8.88,"p":5.75E10,"mot":"U","mo":21521.0},{"cn":"Еда N 1","ui":"10370728","t":2282.0,"r":2282.0,"q":8.22,"p":6.0E10,"mot":"U","mo":2282.0},{"cn":"","ui":"","t":3773.0,"r":3606.0,"q":7.35,"p":6.353653743752E10,"mot":"L","mo":3606.0}]},{"d":"22.08.2022","r":37671.0,"q":8.19,"p":5.823466257863E10,"s":[{"cn":"X-PeRT Corp","ui":"9960042","t":5505.0,"r":5505.0,"q":6.04,"p":5.7E10,"mot":"U","mo":5505.0},{"cn":" Аrt Global Co. ","ui":"10856093","t":25186.0,"r":25186.0,"q":8.82,"p":5.75E10,"mot":"U","mo":25186.0},{"cn":"Еда N 1","ui":"10370728","t":2621.0,"r":2621.0,"q":8.28,"p":6.0E10,"mot":"U","mo":2621.0},{"cn":"","ui":"","t":4502.0,"r":4359.0,"q":7.21,"p":6.297728240414E10,"mot":"L","mo":4359.0}]},{"d":"23.08.2022","r":39485.0,"q":8.15,"p":5.72957331189E10,"s":[{"cn":"X-PeRT Corp","ui":"9960042","t":5232.0,"r":5232.0,"q":6.04,"p":5.1E10,"mot":"U","mo":5232.0},{"cn":" Аrt Global Co. ","ui":"10856093","t":26211.0,"r":26211.0,"q":8.77,"p":5.75E10,"mot":"U","mo":26211.0},{"cn":"Еда N 1","ui":"10370728","t":2734.0,"r":2734.0,"q":8.3,"p":6.0E10,"mot":"U","mo":2734.0},{"cn":"","ui":"","t":5372.0,"r":5308.0,"q":7.12,"p":6.109975926896E10,"mot":"L","mo":5308.0}]},{"d":"24.08.2022","r":39009.0,"q":8.21,"p":5.717519535491E10,"s":[{"cn":"X-PeRT Corp","ui":"9960042","t":3395.0,"r":3395.0,"q":6.04,"p":5.1E10,"mot":"U","mo":3395.0},{"cn":" Аrt Global Co. ","ui":"10856093","t":27137.0,"r":27137.0,"q":8.72,"p":5.75E10,"mot":"U","mo":27137.0},{"cn":"Еда N 1","ui":"10370728","t":2847.0,"r":2847.0,"q":8.32,"p":6.0E10,"mot":"U","mo":2847.0},{"cn":"","ui":"","t":5683.0,"r":5630.0,"q":7.03,"p":5.790491928945E10,"mot":"L","mo":5630.0}]},{"d":"25.08.2022","r":33831.0,"q":8.33,"p":5.736922617717E10,"s":[{"cn":"X-PeRT Corp","ui":"9960042","t":3350.0,"r":3350.0,"q":6.04,"p":5.1E10,"mot":"U","mo":3350.0},{"cn":" Аrt Global Co. ","ui":"10856093","t":28063.0,"r":28063.0,"q":8.68,"p":5.75E10,"mot":"U","mo":28063.0},{"cn":"","ui":"","t":2430.0,"r":2418.0,"q":7.5,"p":6.467567857726E10,"mot":"L","mo":2418.0}]},{"d":"26.08.2022","r":32508.0,"q":8.49,"p":5.788777553217E10,"s":[{"cn":" Аrt Global Co. ","ui":"10856093","t":28989.0,"r":28989.0,"q":8.64,"p":5.75E10,"mot":"U","mo":28989.0},{"cn":"","ui":"","t":3692.0,"r":3519.0,"q":7.22,"p":6.10822128445E10,"mot":"L","mo":3519.0}]},{"d":"29.08.2022","r":37789.0,"q":8.38,"p":5.764633982375E10,"s":[{"cn":" Аrt Global Co. ","ui":"10856093","t":33293.0,"r":33293.0,"q":8.56,"p":5.75E10,"mot":"U","mo":33293.0},{"cn":"","ui":"","t":4594.0,"r":4496.0,"q":7.02,"p":5.87299901245E10,"mot":"L","mo":4496.0}]},{"d":"30.08.2022","r":36022.0,"q":8.45,"p":5.794259329853E10,"s":[{"cn":" Аrt Global Co. ","ui":"10856093","t":33742.0,"r":33742.0,"q":8.54,"p":5.75E10,"mot":"U","mo":33742.0},{"cn":"","ui":"","t":2304.0,"r":2280.0,"q":7.14,"p":6.44925858771E10,"mot":"L","mo":2280.0}]},{"d":"31.08.2022","r":37353.0,"q":8.4,"p":5.795473043664E10,"s":[{"cn":" Аrt Global Co. ","ui":"10856093","t":35429.0,"r":35429.0,"q":8.53,"p":5.75E10,"mot":"U","mo":35429.0},{"cn":"","ui":"","t":1956.0,"r":1924.0,"q":6.09,"p":6.632824636163E10,"mot":"L","mo":1924.0}]},{"d":"01.09.2022","r":39769.0,"q":8.36,"p":5.784391350549E10,"s":[{"cn":" Аrt Global Co. ","ui":"10856093","t":37116.0,"r":37116.0,"q":8.51,"p":5.75E10,"mot":"U","mo":37116.0},{"cn":"","ui":"","t":2724.0,"r":2653.0,"q":6.31,"p":6.265533215219E10,"mot":"L","mo":2653.0}]},{"d":"02.09.2022","r":42607.0,"q":8.3,"p":5.774327985124E10,"s":[{"cn":" Аrt Global Co. ","ui":"10856093","t":38803.0,"r":38803.0,"q":8.5,"p":5.75E10,"mot":"U","mo":38803.0},{"cn":"","ui":"","t":3888.0,"r":3804.0,"q":6.3,"p":6.022487503207E10,"mot":"L","mo":3804.0}]},{"d":"05.09.2022","r":44378.0,"q":8.32,"p":5.775271343825E10,"s":[{"cn":" Аrt Global Co. ","ui":"10856093","t":41628.0,"r":41628.0,"q":8.43,"p":5.75E10,"mot":"U","mo":41628.0},{"cn":"","ui":"","t":2785.0,"r":2750.0,"q":6.72,"p":6.15781516228E10,"mot":"L","mo":2750.0}]},{"d":"06.09.2022","r":45155.0,"q":8.28,"p":5.788745323747E10,"s":[{"cn":" Аrt Global Co. ","ui":"10856093","t":42574.0,"r":42574.0,"q":8.41,"p":5.75E10,"mot":"U","mo":42574.0},{"cn":"","ui":"","t":2619.0,"r":2581.0,"q":6.16,"p":6.427855518714E10,"mot":"L","mo":2581.0}]},{"d":"07.09.2022","r":46339.0,"q":8.27,"p":5.787082971824E10,"s":[{"cn":" Аrt Global Co. ","ui":"10856093","t":43514.0,"r":43514.0,"q":8.39,"p":5.75E10,"mot":"U","mo":43514.0},{"cn":"","ui":"","t":2867.0,"r":2825.0,"q":6.4,"p":6.358278878347E10,"mot":"L","mo":2825.0}]},{"d":"08.09.2022","r":47522.0,"q":8.24,"p":5.786702386824E10,"s":[{"cn":" Аrt Global Co. ","ui":"10856093","t":44450.0,"r":44450.0,"q":8.37,"p":5.75E10,"mot":"U","mo":44450.0},{"cn":"","ui":"","t":3128.0,"r":3072.0,"q":6.43,"p":6.317763940963E10,"mot":"L","mo":3072.0}]},{"d":"09.09.2022","r":51938.0,"q":8.22,"p":5.793297574453E10,"s":[{"cn":" Аrt Global Co. ","ui":"10856093","t":45381.0,"r":45381.0,"q":8.35,"p":5.75E10,"mot":"U","mo":45381.0},{"cn":"Еда N 1","ui":"10370728","t":2889.0,"r":2889.0,"q":8.32,"p":6.0E10,"mot":"U","mo":2889.0},{"cn":"","ui":"","t":3732.0,"r":3668.0,"q":6.49,"p":6.16617759595E10,"mot":"L","mo":3668.0}]},{"d":"12.09.2022","r":53823.0,"q":8.54,"p":5.772961389492E10,"s":[{"cn":" Аrt Global Co. ","ui":"10856093","t":48768.0,"r":48768.0,"q":8.33,"p":5.75E10,"mot":"U","mo":48768.0},{"cn":"Pablo\u0027s","ui":"10498884","t":3094.0,"r":3094.0,"q":13.28,"p":5.5E10,"mot":"U","mo":3094.0},{"cn":"","ui":"","t":2017.0,"r":1961.0,"q":6.19,"p":6.774656229798E10,"mot":"L","mo":1961.0}]},{"d":"13.09.2022","r":52503.0,"q":8.23,"p":5.783297962206E10,"s":[{"cn":" Аrt Global Co. ","ui":"10856093","t":49885.0,"r":49885.0,"q":8.33,"p":5.75E10,"mot":"U","mo":49885.0},{"cn":"","ui":"","t":2672.0,"r":2618.0,"q":6.26,"p":6.417778040369E10,"mot":"L","mo":2618.0}]},{"d":"14.09.2022","r":57588.0,"q":8.47,"p":5.76136093209E10,"s":[{"cn":"Pablo\u0027s","ui":"10498884","t":3074.0,"r":3074.0,"q":13.28,"p":5.5E10,"mot":"U","mo":3074.0},{"cn":" Аrt Global Co. ","ui":"10856093","t":51064.0,"r":51064.0,"q":8.33,"p":5.75E10,"mot":"U","mo":51064.0},{"cn":"","ui":"","t":3485.0,"r":3450.0,"q":6.27,"p":6.162392277453E10,"mot":"L","mo":3450.0}]},{"d":"15.09.2022","r":85866.0,"q":7.94,"p":5.519389474556E10,"s":[{"cn":" Аrt Global Co. ","ui":"10856093","t":52387.0,"r":52387.0,"q":8.34,"p":5.75E10,"mot":"U","mo":52387.0},{"cn":"Pablo\u0027s","ui":"10846901","t":11484.0,"r":11484.0,"q":7.44,"p":5.0E10,"mot":"U","mo":11484.0},{"cn":"Pablo\u0027s","ui":"10553401","t":5388.0,"r":5388.0,"q":7.35,"p":4.9E10,"mot":"U","mo":5388.0},{"cn":"Pablo\u0027s","ui":"10476321","t":7254.0,"r":7254.0,"q":7.36,"p":4.9E10,"mot":"U","mo":7254.0},{"cn":"","ui":"","t":9382.0,"r":9353.0,"q":7.08,"p":5.702645848625E10,"mot":"L","mo":9353.0}]},{"d":"16.09.2022","r":58018.0,"q":8.2,"p":5.768842290299E10,"s":[{"cn":" Аrt Global Co. ","ui":"10856093","t":53710.0,"r":53710.0,"q":8.35,"p":5.75E10,"mot":"U","mo":53710.0},{"cn":"","ui":"","t":4376.0,"r":4308.0,"q":6.33,"p":6.003758588341E10,"mot":"L","mo":4308.0}]},{"d":"19.09.2022","r":66029.0,"q":8.2,"p":5.712074591069E10,"s":[{"cn":" Аrt Global Co. ","ui":"10856093","t":57678.0,"r":57678.0,"q":8.38,"p":5.75E10,"mot":"U","mo":57678.0},{"cn":"","ui":"","t":8429.0,"r":8351.0,"q":6.92,"p":5.450134495716E10,"mot":"L","mo":8351.0}]},{"d":"20.09.2022","r":68740.0,"q":8.19,"p":5.701309202992E10,"s":[{"cn":" Аrt Global Co. ","ui":"10856093","t":59000.0,"r":59000.0,"q":8.38,"p":5.75E10,"mot":"U","mo":59000.0},{"cn":"","ui":"","t":9896.0,"r":9740.0,"q":7.04,"p":5.406364950071E10,"mot":"L","mo":9740.0}]},{"d":"21.09.2022","r":69817.0,"q":8.18,"p":5.709124798454E10,"s":[{"cn":" Аrt Global Co. ","ui":"10856093","t":60330.0,"r":60330.0,"q":8.39,"p":5.75E10,"mot":"U","mo":60330.0},{"cn":"","ui":"","t":9663.0,"r":9487.0,"q":6.82,"p":5.449190055198E10,"mot":"L","mo":9487.0}]},{"d":"22.09.2022","r":74148.0,"q":8.18,"p":5.679899581382E10,"s":[{"cn":" Аrt Global Co. ","ui":"10856093","t":61660.0,"r":61660.0,"q":8.4,"p":5.75E10,"mot":"U","mo":61660.0},{"cn":"","ui":"","t":12530.0,"r":12488.0,"q":7.09,"p":5.333775957744E10,"mot":"L","mo":12488.0}]},{"d":"23.09.2022","r":77914.0,"q":8.15,"p":5.669571315829E10,"s":[{"cn":" Аrt Global Co. ","ui":"10856093","t":62990.0,"r":62990.0,"q":8.41,"p":5.75E10,"mot":"U","mo":62990.0},{"cn":"","ui":"","t":14971.0,"r":14924.0,"q":7.05,"p":5.330104496215E10,"mot":"L","mo":14924.0}]},{"d":"26.09.2022","r":85174.0,"q":8.17,"p":5.653024203545E10,"s":[{"cn":" Аrt Global Co. ","ui":"10856093","t":66978.0,"r":66978.0,"q":8.42,"p":5.75E10,"mot":"U","mo":66978.0},{"cn":"","ui":"","t":18257.0,"r":18196.0,"q":7.27,"p":5.296064163155E10,"mot":"L","mo":18196.0}]},{"d":"27.09.2022","r":88751.0,"q":8.15,"p":5.639687308939E10,"s":[{"cn":" Аrt Global Co. ","ui":"10856093","t":68300.0,"r":68300.0,"q":8.43,"p":5.75E10,"mot":"U","mo":68300.0},{"cn":"","ui":"","t":20517.0,"r":20451.0,"q":7.2,"p":5.271277118756E10,"mot":"L","mo":20451.0}]},{"d":"28.09.2022","r":88418.0,"q":8.18,"p":5.660008251087E10,"s":[{"cn":" Аrt Global Co. ","ui":"10856093","t":69615.0,"r":69615.0,"q":8.43,"p":5.75E10,"mot":"U","mo":69615.0},{"cn":"","ui":"","t":18939.0,"r":18803.0,"q":7.25,"p":5.326828673328E10,"mot":"L","mo":18803.0}]},{"d":"29.09.2022","r":91317.0,"q":8.19,"p":5.651260145626E10,"s":[{"cn":" Аrt Global Co. ","ui":"10856093","t":70921.0,"r":70921.0,"q":8.44,"p":5.75E10,"mot":"U","mo":70921.0},{"cn":"","ui":"","t":20472.0,"r":20396.0,"q":7.32,"p":5.307921784574E10,"mot":"L","mo":20396.0}]},{"d":"30.09.2022","r":99548.0,"q":8.13,"p":5.657260050443E10,"s":[{"cn":" Аrt Global Co. ","ui":"10856093","t":72218.0,"r":72218.0,"q":8.44,"p":5.75E10,"mot":"U","mo":72218.0},{"cn":"","ui":"","t":27647.0,"r":27330.0,"q":7.31,"p":5.412199908581E10,"mot":"L","mo":27330.0}]}]