[{"d":"07.10.2020","r":3.0,"q":1.0,"p":2000.0,"s":[{"cn":"Б1117-38.03.01 (4) 24/7","ui":"9702935","t":8.0,"r":3.0,"q":1.0,"p":2000.0,"mot":"U","mo":3.0},{"cn":"","ui":"","t":0.0,"r":0.0,"q":0.0,"p":0.0,"mot":"L","mo":0.0}]},{"d":"05.11.2020","r":4213.0,"q":1.86,"p":6506.0,"s":[{"cn":"KopytinK Ltd.","ui":"9750485","t":4213.0,"r":4213.0,"q":1.86,"p":6506.0,"mot":"U","mo":4213.0},{"cn":"","ui":"","t":0.0,"r":0.0,"q":0.0,"p":0.0,"mot":"L","mo":0.0}]},{"d":"11.11.2020","r":237.0,"q":1.0,"p":2110.0,"s":[{"cn":"Б1117-38.03.03_Ocean","ui":"9763251","t":255.0,"r":237.0,"q":1.0,"p":2110.0,"mot":"U","mo":237.0},{"cn":"","ui":"","t":0.0,"r":0.0,"q":0.0,"p":0.0,"mot":"L","mo":0.0}]},{"d":"12.11.2020","r":1885.0,"q":1.08,"p":2961.81,"s":[{"cn":"Б1117-38.03.05_So corporation","ui":"9765800","t":2377.0,"r":954.0,"q":1.16,"p":4000.0,"mot":"U","mo":954.0},{"cn":"Б1117-38.03.03_СИМКИ","ui":"9765798","t":270.0,"r":140.0,"q":1.0,"p":700.0,"mot":"L","mo":140.0},{"cn":"Б1117-38.03.03_Ocean","ui":"9763251","t":936.0,"r":791.0,"q":1.0,"p":2110.0,"mot":"U","mo":791.0},{"cn":"","ui":"","t":0.0,"r":0.0,"q":0.0,"p":0.0,"mot":"L","mo":0.0}]},{"d":"13.11.2020","r":2068.0,"q":1.0,"p":2110.0,"s":[{"cn":"Б1117-38.03.03_Ocean","ui":"9763251","t":2128.0,"r":2068.0,"q":1.0,"p":2110.0,"mot":"U","mo":2068.0},{"cn":"","ui":"","t":0.0,"r":0.0,"q":0.0,"p":0.0,"mot":"L","mo":0.0}]},{"d":"16.11.2020","r":3527.0,"q":1.0,"p":20000.0,"s":[{"cn":"LuLi Ltd.","ui":"9772819","t":3127.0,"r":3127.0,"q":1.0,"p":20000.0,"mot":"U","mo":3127.0},{"cn":"Вампир","ui":"9773470","t":400.0,"r":400.0,"q":1.0,"p":20000.0,"mot":"L","mo":400.0},{"cn":"","ui":"","t":0.0,"r":0.0,"q":0.0,"p":0.0,"mot":"L","mo":0.0}]},{"d":"18.11.2020","r":10099.0,"q":1.02,"p":3776.41,"s":[{"cn":"Plus","ui":"9775975","t":8722.0,"r":8692.0,"q":1.0,"p":4000.0,"mot":"U","mo":8692.0},{"cn":"666","ui":"9776331","t":4018.0,"r":515.0,"q":1.16,"p":2000.0,"mot":"L","mo":515.0},{"cn":"888","ui":"9775251","t":1200.0,"r":800.0,"q":1.16,"p":2580.0,"mot":"U","mo":800.0},{"cn":"","ui":"","t":692.0,"r":92.0,"q":1.0,"p":3000.0,"mot":"L","mo":92.0}]},{"d":"19.11.2020","r":458.0,"q":1.1,"p":2475.98,"s":[{"cn":"666","ui":"9779432","t":3150.0,"r":300.0,"q":1.16,"p":2200.0,"mot":"L","mo":300.0},{"cn":"надежда","ui":"9776829","t":161.0,"r":158.0,"q":1.0,"p":3000.0,"mot":"U","mo":158.0},{"cn":"","ui":"","t":0.0,"r":0.0,"q":0.0,"p":0.0,"mot":"L","mo":0.0}]},{"d":"20.11.2020","r":80.0,"q":1.0,"p":3000.0,"s":[{"cn":"надежда","ui":"9776829","t":83.0,"r":80.0,"q":1.0,"p":3000.0,"mot":"U","mo":80.0},{"cn":"","ui":"","t":0.0,"r":0.0,"q":0.0,"p":0.0,"mot":"L","mo":0.0}]},{"d":"24.11.2020","r":2978.0,"q":1.52,"p":5491.0,"s":[{"cn":"Ale2002pedraza Ltd.","ui":"9784809","t":3688.0,"r":2978.0,"q":1.52,"p":5491.0,"mot":"U","mo":2978.0},{"cn":"","ui":"","t":0.0,"r":0.0,"q":0.0,"p":0.0,"mot":"L","mo":0.0}]},{"d":"08.01.2021","r":2.369551E7,"q":15.1,"p":3552.26,"s":[{"cn":"uniquai","ui":"4752650","t":1562918.0,"r":1325340.0,"q":15.31,"p":2000.0,"mot":"U","mo":1325340.0},{"cn":"region55 Трейд","ui":"9081299","t":1222758.0,"r":1192433.0,"q":21.71,"p":7000.0,"mot":"U","mo":1192433.0},{"cn":"0A0 \"COK Corporation\" Trade ","ui":"6078763","t":1.12316E7,"r":1.10378E7,"q":18.38,"p":4000.0,"mot":"U","mo":1.10378E7},{"cn":"Trade Inc.","ui":"6065077","t":3153947.0,"r":3153944.0,"q":13.28,"p":6000.0,"mot":"U","mo":3153944.0},{"cn":"","ui":"","t":2.80907E7,"r":6985993.0,"q":9.56,"p":1445.76,"mot":"L","mo":6985993.0}]},{"d":"11.01.2021","r":70.0,"q":1.16,"p":134285.71,"s":[{"cn":"ZPhe Ltd.","ui":"9857672","t":16468.0,"r":16263.0,"q":1.16,"p":170000.0,"mot":"L","mo":20.0},{"cn":"Y1 Ltd.","ui":"9860333","t":5278.0,"r":5278.0,"q":1.16,"p":120000.0,"mot":"L","mo":50.0},{"cn":"","ui":"","t":0.0,"r":0.0,"q":0.0,"p":0.0,"mot":"L","mo":0.0}]},{"d":"08.02.2021","r":273318.0,"q":1.0,"p":4500.0,"s":[{"cn":"Facta Non Verba","ui":"9902931","t":275318.0,"r":273318.0,"q":1.0,"p":4500.0,"mot":"U","mo":273318.0},{"cn":"","ui":"","t":0.0,"r":0.0,"q":0.0,"p":0.0,"mot":"L","mo":0.0}]},{"d":"11.02.2021","r":5469.0,"q":1.0,"p":3000.0,"s":[{"cn":"Walker Ltd.","ui":"9908665","t":5969.0,"r":5469.0,"q":1.0,"p":3000.0,"mot":"U","mo":5469.0},{"cn":"","ui":"","t":0.0,"r":0.0,"q":0.0,"p":0.0,"mot":"L","mo":0.0}]},{"d":"15.02.2021","r":1689.0,"q":1.0,"p":75000.0,"s":[{"cn":"Phoundaburger Ltd.","ui":"9914162","t":1723.0,"r":1689.0,"q":1.0,"p":75000.0,"mot":"U","mo":1689.0},{"cn":"","ui":"","t":0.0,"r":0.0,"q":0.0,"p":0.0,"mot":"L","mo":0.0}]},{"d":"05.03.2021","r":989.0,"q":1.0,"p":19672.41,"s":[{"cn":"IBM_Б1119-38.03.02(2)","ui":"9942864","t":1140.0,"r":640.0,"q":1.0,"p":22800.0,"mot":"U","mo":640.0},{"cn":"IBM_Б1119-38.03.02(2)","ui":"9942355","t":909.0,"r":349.0,"q":1.0,"p":13937.0,"mot":"U","mo":349.0},{"cn":"","ui":"","t":0.0,"r":0.0,"q":0.0,"p":0.0,"mot":"L","mo":0.0}]},{"d":"09.03.2021","r":15027.0,"q":1.08,"p":9870.9,"s":[{"cn":"Opes","ui":"9953008","t":16827.0,"r":14827.0,"q":1.0,"p":10000.0,"mot":"U","mo":14827.0},{"cn":"","ui":"","t":4262.0,"r":200.0,"q":7.04,"p":300.0,"mot":"L","mo":200.0}]},{"d":"19.03.2021","r":1377.0,"q":1.01,"p":700.0,"s":[{"cn":"Компания Активной Молодежи","ui":"9967509","t":1450.0,"r":1377.0,"q":1.01,"p":700.0,"mot":"U","mo":1377.0},{"cn":"","ui":"","t":0.0,"r":0.0,"q":0.0,"p":0.0,"mot":"L","mo":0.0}]},{"d":"22.03.2021","r":1296.0,"q":1.0,"p":5999.0,"s":[{"cn":"Ravewix214 Ltd.","ui":"9976836","t":1396.0,"r":1296.0,"q":1.0,"p":5999.0,"mot":"U","mo":1296.0},{"cn":"","ui":"","t":0.0,"r":0.0,"q":0.0,"p":0.0,"mot":"L","mo":0.0}]},{"d":"23.03.2021","r":400.0,"q":1.0,"p":2825.0,"s":[{"cn":"Wildac89_1 Ltd.","ui":"9979481","t":3911.0,"r":3911.0,"q":1.0,"p":550.0,"mot":"L","mo":200.0},{"cn":"IpinOci Ltd.","ui":"9976926","t":900.0,"r":900.0,"q":1.0,"p":5100.0,"mot":"L","mo":200.0},{"cn":"","ui":"","t":0.0,"r":0.0,"q":0.0,"p":0.0,"mot":"L","mo":0.0}]},{"d":"02.04.2021","r":160.0,"q":1.0,"p":2000.0,"s":[{"cn":"Б1119-38.03.01_Престиж","ui":"9997834","t":160.0,"r":160.0,"q":1.0,"p":2000.0,"mot":"U","mo":160.0},{"cn":"","ui":"","t":0.0,"r":0.0,"q":0.0,"p":0.0,"mot":"L","mo":0.0}]},{"d":"23.04.2021","r":200.0,"q":1.05,"p":70.0,"s":[{"cn":"DomNote Ltd.","ui":"10036701","t":200.0,"r":200.0,"q":1.05,"p":70.0,"mot":"L","mo":200.0},{"cn":"","ui":"","t":0.0,"r":0.0,"q":0.0,"p":0.0,"mot":"L","mo":0.0}]},{"d":"14.05.2021","r":78.0,"q":1.0,"p":81.9,"s":[{"cn":"Б1118-38.03.01(1)_RichBeach","ui":"10069484","t":540.0,"r":540.0,"q":1.0,"p":60.0,"mot":"L","mo":50.0},{"cn":"Б1118-38.03.01(2)_Чипчилинка","ui":"10069375","t":88.0,"r":28.0,"q":1.0,"p":121.0,"mot":"U","mo":28.0},{"cn":"","ui":"","t":0.0,"r":0.0,"q":0.0,"p":0.0,"mot":"L","mo":0.0}]},{"d":"02.11.2021","r":20.0,"q":1.0,"p":98.0,"s":[{"cn":"1209405-tambotanka Ltd.","ui":"10342144","t":74.0,"r":74.0,"q":1.0,"p":98.0,"mot":"L","mo":20.0},{"cn":"","ui":"","t":0.0,"r":0.0,"q":0.0,"p":0.0,"mot":"L","mo":0.0}]},{"d":"18.01.2022","r":11166.0,"q":1.0,"p":700.0,"s":[{"cn":"Aurora Inc.","ui":"10462334","t":11166.0,"r":11166.0,"q":1.0,"p":700.0,"mot":"U","mo":11166.0},{"cn":"","ui":"","t":0.0,"r":0.0,"q":0.0,"p":0.0,"mot":"L","mo":0.0}]},{"d":"04.03.2022","r":200.0,"q":1.0,"p":2000.0,"s":[{"cn":"LC Foodie, SLC","ui":"10535288","t":200.0,"r":200.0,"q":1.0,"p":2000.0,"mot":"U","mo":200.0},{"cn":"","ui":"","t":0.0,"r":0.0,"q":0.0,"p":0.0,"mot":"L","mo":0.0}]},{"d":"21.03.2022","r":2000.0,"q":1.0,"p":180.0,"s":[{"cn":"Б1119-38.03.01(1)-Симуляция ","ui":"10561685","t":3999.0,"r":3999.0,"q":1.0,"p":180.0,"mot":"L","mo":2000.0},{"cn":"","ui":"","t":0.0,"r":0.0,"q":0.0,"p":0.0,"mot":"L","mo":0.0}]},{"d":"22.03.2022","r":1930.0,"q":1.0,"p":180.0,"s":[{"cn":"Б1119-38.03.01(1)-Симуляция ","ui":"10561685","t":2112.0,"r":1930.0,"q":1.0,"p":180.0,"mot":"L","mo":1930.0},{"cn":"","ui":"","t":0.0,"r":0.0,"q":0.0,"p":0.0,"mot":"L","mo":0.0}]},{"d":"24.03.2022","r":210.0,"q":1.0,"p":650.0,"s":[{"cn":"Bcklciao Ltd.","ui":"10565798","t":210.0,"r":210.0,"q":1.0,"p":650.0,"mot":"U","mo":210.0},{"cn":"","ui":"","t":0.0,"r":0.0,"q":0.0,"p":0.0,"mot":"L","mo":0.0}]},{"d":"30.03.2022","r":842.0,"q":1.0,"p":360.0,"s":[{"cn":"Olestr09 Ltd.","ui":"10575689","t":856.0,"r":842.0,"q":1.0,"p":360.0,"mot":"U","mo":842.0},{"cn":"","ui":"","t":0.0,"r":0.0,"q":0.0,"p":0.0,"mot":"L","mo":0.0}]},{"d":"31.03.2022","r":691.0,"q":1.0,"p":370.0,"s":[{"cn":"Olestr09 Ltd.","ui":"10575689","t":695.0,"r":691.0,"q":1.0,"p":370.0,"mot":"U","mo":691.0},{"cn":"","ui":"","t":0.0,"r":0.0,"q":0.0,"p":0.0,"mot":"L","mo":0.0}]},{"d":"06.04.2022","r":800.0,"q":1.0,"p":315.0,"s":[{"cn":"Б1119-38.03.02(2) Toyota club","ui":"10588308","t":800.0,"r":800.0,"q":1.0,"p":315.0,"mot":"L","mo":800.0},{"cn":"","ui":"","t":0.0,"r":0.0,"q":0.0,"p":0.0,"mot":"L","mo":0.0}]},{"d":"07.04.2022","r":5425.0,"q":1.0,"p":315.0,"s":[{"cn":"Б1119-38.03.02(2) Toyota club","ui":"10588308","t":5425.0,"r":5425.0,"q":1.0,"p":315.0,"mot":"L","mo":5425.0},{"cn":"","ui":"","t":0.0,"r":0.0,"q":0.0,"p":0.0,"mot":"L","mo":0.0}]},{"d":"12.04.2022","r":5505.0,"q":1.16,"p":754.35,"s":[{"cn":"EMON Ltd.","ui":"10597865","t":374.0,"r":374.0,"q":1.16,"p":1500.0,"mot":"U","mo":374.0},{"cn":"EMON Ltd.","ui":"10596273","t":5156.0,"r":5131.0,"q":1.16,"p":700.0,"mot":"U","mo":5131.0},{"cn":"","ui":"","t":0.0,"r":0.0,"q":0.0,"p":0.0,"mot":"L","mo":0.0}]},{"d":"26.04.2022","r":1502.0,"q":1.16,"p":1615.45,"s":[{"cn":"Martinsermaniii Ltd.","ui":"10621932","t":1198.0,"r":1198.0,"q":1.16,"p":2000.0,"mot":"U","mo":1198.0},{"cn":"Garik Getting Rich Limited","ui":"10621937","t":400.0,"r":304.0,"q":1.16,"p":100.0,"mot":"U","mo":304.0},{"cn":"","ui":"","t":0.0,"r":0.0,"q":0.0,"p":0.0,"mot":"L","mo":0.0}]},{"d":"28.04.2022","r":2355.0,"q":1.16,"p":170.0,"s":[{"cn":"Garik Getting Rich Limited","ui":"10624442","t":3166.0,"r":2355.0,"q":1.16,"p":170.0,"mot":"U","mo":2355.0},{"cn":"","ui":"","t":0.0,"r":0.0,"q":0.0,"p":0.0,"mot":"L","mo":0.0}]},{"d":"02.05.2022","r":2274.0,"q":1.0,"p":130.0,"s":[{"cn":"Usolya1111 Ltd.","ui":"10632166","t":3140.0,"r":2886.0,"q":1.0,"p":130.0,"mot":"L","mo":2274.0},{"cn":"","ui":"","t":0.0,"r":0.0,"q":0.0,"p":0.0,"mot":"L","mo":0.0}]},{"d":"05.05.2022","r":714.0,"q":1.0,"p":540.0,"s":[{"cn":"MartinsE Ltd.","ui":"10634843","t":759.0,"r":714.0,"q":1.0,"p":540.0,"mot":"U","mo":714.0},{"cn":"","ui":"","t":0.0,"r":0.0,"q":0.0,"p":0.0,"mot":"L","mo":0.0}]},{"d":"09.05.2022","r":84.0,"q":1.0,"p":1600.0,"s":[{"cn":"Б1120-38.03.02_Вафли","ui":"10644567","t":84.0,"r":84.0,"q":1.0,"p":1600.0,"mot":"U","mo":84.0},{"cn":"","ui":"","t":0.0,"r":0.0,"q":0.0,"p":0.0,"mot":"L","mo":0.0}]},{"d":"24.05.2022","r":925.0,"q":1.15,"p":544.19,"s":[{"cn":"Б1120_43.03.02ТУР_V\u0026amp;M","ui":"10672504","t":1005.0,"r":895.0,"q":1.15,"p":500.0,"mot":"U","mo":895.0},{"cn":"","ui":"","t":320.0,"r":30.0,"q":1.13,"p":1862.64,"mot":"L","mo":30.0}]},{"d":"27.05.2022","r":37745.0,"q":1.16,"p":1610.24,"s":[{"cn":"Б1120-38.03.02_Звёзды","ui":"10673172","t":33945.0,"r":33945.0,"q":1.16,"p":1700.0,"mot":"L","mo":33945.0},{"cn":"Б1120_43.03.02ТУР_V\u0026amp;M","ui":"10672504","t":2825.0,"r":2800.0,"q":1.16,"p":530.0,"mot":"U","mo":2800.0},{"cn":"","ui":"","t":18852.0,"r":1000.0,"q":1.16,"p":1587.92,"mot":"L","mo":1000.0}]},{"d":"03.06.2022","r":4084.0,"q":1.0,"p":200.0,"s":[{"cn":"Shivico-VT Ltd.","ui":"10690014","t":4294.0,"r":4084.0,"q":1.0,"p":200.0,"mot":"U","mo":4084.0},{"cn":"","ui":"","t":0.0,"r":0.0,"q":0.0,"p":0.0,"mot":"L","mo":0.0}]},{"d":"22.06.2022","r":797.0,"q":1.0,"p":400.0,"s":[{"cn":"Erce corp","ui":"10721277","t":798.0,"r":797.0,"q":1.0,"p":400.0,"mot":"U","mo":797.0},{"cn":"","ui":"","t":0.0,"r":0.0,"q":0.0,"p":0.0,"mot":"L","mo":0.0}]},{"d":"23.06.2022","r":1761.0,"q":1.0,"p":400.0,"s":[{"cn":"Erce corp","ui":"10721277","t":1762.0,"r":1761.0,"q":1.0,"p":400.0,"mot":"U","mo":1761.0},{"cn":"","ui":"","t":0.0,"r":0.0,"q":0.0,"p":0.0,"mot":"L","mo":0.0}]},{"d":"24.06.2022","r":62.0,"q":1.0,"p":350.0,"s":[{"cn":"Erce corp","ui":"10721277","t":88.0,"r":62.0,"q":1.0,"p":350.0,"mot":"U","mo":62.0},{"cn":"","ui":"","t":0.0,"r":0.0,"q":0.0,"p":0.0,"mot":"L","mo":0.0}]},{"d":"04.07.2022","r":50.0,"q":1.0,"p":500.0,"s":[{"cn":"Nabeeh Ltd.","ui":"10739826","t":777.0,"r":727.0,"q":1.0,"p":500.0,"mot":"L","mo":50.0},{"cn":"","ui":"","t":0.0,"r":0.0,"q":0.0,"p":0.0,"mot":"L","mo":0.0}]},{"d":"05.07.2022","r":50.0,"q":1.0,"p":500.0,"s":[{"cn":"Nabeeh Ltd.","ui":"10739826","t":1010.0,"r":960.0,"q":1.0,"p":500.0,"mot":"L","mo":50.0},{"cn":"","ui":"","t":0.0,"r":0.0,"q":0.0,"p":0.0,"mot":"L","mo":0.0}]},{"d":"18.07.2022","r":5298.0,"q":1.0,"p":250.0,"s":[{"cn":"Hekaitymystory Ltd.","ui":"10758825","t":5935.0,"r":5298.0,"q":1.0,"p":250.0,"mot":"U","mo":5298.0},{"cn":"","ui":"","t":0.0,"r":0.0,"q":0.0,"p":0.0,"mot":"L","mo":0.0}]},{"d":"22.08.2022","r":645.0,"q":1.0,"p":350.0,"s":[{"cn":"Abdieff7 Ltd.","ui":"10808475","t":1245.0,"r":645.0,"q":1.0,"p":350.0,"mot":"U","mo":645.0},{"cn":"","ui":"","t":0.0,"r":0.0,"q":0.0,"p":0.0,"mot":"L","mo":0.0}]},{"d":"02.09.2022","r":2769.0,"q":1.0,"p":222.5,"s":[{"cn":"escriv finance","ui":"10825007","t":2769.0,"r":2769.0,"q":1.0,"p":222.5,"mot":"U","mo":2769.0},{"cn":"","ui":"","t":0.0,"r":0.0,"q":0.0,"p":0.0,"mot":"L","mo":0.0}]}]