[{"d":"29.04.2019","r":300.0,"q":1.0,"p":800.0,"s":[{"cn":"Ackermann Industries International","ui":"3205358","t":300.0,"r":300.0,"q":1.0,"p":800.0,"mot":"U","mo":300.0},{"cn":"","ui":"","t":0.0,"r":0.0,"q":0.0,"p":0.0,"mot":"L","mo":0.0}]},{"d":"30.04.2019","r":600.0,"q":1.0,"p":800.0,"s":[{"cn":"Ackermann Industries International","ui":"3205358","t":600.0,"r":600.0,"q":1.0,"p":800.0,"mot":"U","mo":600.0},{"cn":"","ui":"","t":0.0,"r":0.0,"q":0.0,"p":0.0,"mot":"L","mo":0.0}]},{"d":"01.05.2019","r":900.0,"q":1.0,"p":800.0,"s":[{"cn":"Ackermann Industries International","ui":"3205358","t":900.0,"r":900.0,"q":1.0,"p":800.0,"mot":"U","mo":900.0},{"cn":"","ui":"","t":0.0,"r":0.0,"q":0.0,"p":0.0,"mot":"L","mo":0.0}]},{"d":"02.05.2019","r":1200.0,"q":1.0,"p":800.0,"s":[{"cn":"Ackermann Industries International","ui":"3205358","t":1200.0,"r":1200.0,"q":1.0,"p":800.0,"mot":"U","mo":1200.0},{"cn":"","ui":"","t":0.0,"r":0.0,"q":0.0,"p":0.0,"mot":"L","mo":0.0}]},{"d":"07.05.2019","r":2100.0,"q":1.12,"p":800.0,"s":[{"cn":"Ackermann Industries International","ui":"3205358","t":2100.0,"r":2100.0,"q":1.12,"p":800.0,"mot":"U","mo":2100.0},{"cn":"","ui":"","t":0.0,"r":0.0,"q":0.0,"p":0.0,"mot":"L","mo":0.0}]},{"d":"08.05.2019","r":2400.0,"q":1.25,"p":800.0,"s":[{"cn":"Ackermann Industries International","ui":"3205358","t":2400.0,"r":2400.0,"q":1.25,"p":800.0,"mot":"U","mo":2400.0},{"cn":"","ui":"","t":0.0,"r":0.0,"q":0.0,"p":0.0,"mot":"L","mo":0.0}]},{"d":"09.05.2019","r":2700.0,"q":1.37,"p":800.0,"s":[{"cn":"Ackermann Industries International","ui":"3205358","t":2700.0,"r":2700.0,"q":1.37,"p":800.0,"mot":"U","mo":2700.0},{"cn":"","ui":"","t":0.0,"r":0.0,"q":0.0,"p":0.0,"mot":"L","mo":0.0}]},{"d":"10.05.2019","r":3000.0,"q":1.47,"p":800.0,"s":[{"cn":"Ackermann Industries International","ui":"3205358","t":3000.0,"r":3000.0,"q":1.47,"p":800.0,"mot":"U","mo":3000.0},{"cn":"","ui":"","t":0.0,"r":0.0,"q":0.0,"p":0.0,"mot":"L","mo":0.0}]},{"d":"13.05.2019","r":3900.0,"q":1.69,"p":800.0,"s":[{"cn":"Ackermann Industries International","ui":"3205358","t":3900.0,"r":3900.0,"q":1.69,"p":800.0,"mot":"U","mo":3900.0},{"cn":"","ui":"","t":0.0,"r":0.0,"q":0.0,"p":0.0,"mot":"L","mo":0.0}]},{"d":"14.05.2019","r":4200.0,"q":1.74,"p":800.0,"s":[{"cn":"Ackermann Industries International","ui":"3205358","t":4200.0,"r":4200.0,"q":1.74,"p":800.0,"mot":"U","mo":4200.0},{"cn":"","ui":"","t":0.0,"r":0.0,"q":0.0,"p":0.0,"mot":"L","mo":0.0}]},{"d":"15.05.2019","r":4500.0,"q":1.79,"p":800.0,"s":[{"cn":"Ackermann Industries International","ui":"3205358","t":4500.0,"r":4500.0,"q":1.79,"p":800.0,"mot":"U","mo":4500.0},{"cn":"","ui":"","t":0.0,"r":0.0,"q":0.0,"p":0.0,"mot":"L","mo":0.0}]},{"d":"16.05.2019","r":4700.0,"q":1.83,"p":800.0,"s":[{"cn":"Ackermann Industries International","ui":"3205358","t":4800.0,"r":4700.0,"q":1.83,"p":800.0,"mot":"U","mo":4700.0},{"cn":"","ui":"","t":0.0,"r":0.0,"q":0.0,"p":0.0,"mot":"L","mo":0.0}]},{"d":"17.05.2019","r":4900.0,"q":1.86,"p":800.0,"s":[{"cn":"Ackermann Industries International","ui":"3205358","t":5000.0,"r":4900.0,"q":1.86,"p":800.0,"mot":"U","mo":4900.0},{"cn":"","ui":"","t":0.0,"r":0.0,"q":0.0,"p":0.0,"mot":"L","mo":0.0}]},{"d":"20.05.2019","r":5800.0,"q":1.95,"p":800.0,"s":[{"cn":"Ackermann Industries International","ui":"3205358","t":5800.0,"r":5800.0,"q":1.95,"p":800.0,"mot":"U","mo":5800.0},{"cn":"","ui":"","t":0.0,"r":0.0,"q":0.0,"p":0.0,"mot":"L","mo":0.0}]},{"d":"21.05.2019","r":6100.0,"q":1.98,"p":800.0,"s":[{"cn":"Ackermann Industries International","ui":"3205358","t":6100.0,"r":6100.0,"q":1.98,"p":800.0,"mot":"U","mo":6100.0},{"cn":"","ui":"","t":0.0,"r":0.0,"q":0.0,"p":0.0,"mot":"L","mo":0.0}]},{"d":"22.05.2019","r":6400.0,"q":2.02,"p":800.0,"s":[{"cn":"Ackermann Industries International","ui":"3205358","t":6400.0,"r":6400.0,"q":2.02,"p":800.0,"mot":"U","mo":6400.0},{"cn":"","ui":"","t":0.0,"r":0.0,"q":0.0,"p":0.0,"mot":"L","mo":0.0}]},{"d":"23.05.2019","r":6700.0,"q":2.05,"p":800.0,"s":[{"cn":"Ackermann Industries International","ui":"3205358","t":6700.0,"r":6700.0,"q":2.05,"p":800.0,"mot":"U","mo":6700.0},{"cn":"","ui":"","t":0.0,"r":0.0,"q":0.0,"p":0.0,"mot":"L","mo":0.0}]},{"d":"24.05.2019","r":7000.0,"q":2.09,"p":800.0,"s":[{"cn":"Ackermann Industries International","ui":"3205358","t":7000.0,"r":7000.0,"q":2.09,"p":800.0,"mot":"U","mo":7000.0},{"cn":"","ui":"","t":0.0,"r":0.0,"q":0.0,"p":0.0,"mot":"L","mo":0.0}]},{"d":"27.05.2019","r":7900.0,"q":2.2,"p":800.0,"s":[{"cn":"Ackermann Industries International","ui":"3205358","t":7900.0,"r":7900.0,"q":2.2,"p":800.0,"mot":"U","mo":7900.0},{"cn":"","ui":"","t":0.0,"r":0.0,"q":0.0,"p":0.0,"mot":"L","mo":0.0}]},{"d":"28.05.2019","r":8200.0,"q":2.24,"p":800.0,"s":[{"cn":"Ackermann Industries International","ui":"3205358","t":8200.0,"r":8200.0,"q":2.24,"p":800.0,"mot":"U","mo":8200.0},{"cn":"","ui":"","t":0.0,"r":0.0,"q":0.0,"p":0.0,"mot":"L","mo":0.0}]},{"d":"29.05.2019","r":8500.0,"q":2.28,"p":800.0,"s":[{"cn":"Ackermann Industries International","ui":"3205358","t":8500.0,"r":8500.0,"q":2.28,"p":800.0,"mot":"U","mo":8500.0},{"cn":"","ui":"","t":0.0,"r":0.0,"q":0.0,"p":0.0,"mot":"L","mo":0.0}]},{"d":"30.05.2019","r":8800.0,"q":2.31,"p":800.0,"s":[{"cn":"Ackermann Industries International","ui":"3205358","t":8800.0,"r":8800.0,"q":2.31,"p":800.0,"mot":"U","mo":8800.0},{"cn":"","ui":"","t":0.0,"r":0.0,"q":0.0,"p":0.0,"mot":"L","mo":0.0}]},{"d":"31.05.2019","r":9100.0,"q":2.35,"p":800.0,"s":[{"cn":"Ackermann Industries International","ui":"3205358","t":9100.0,"r":9100.0,"q":2.35,"p":800.0,"mot":"U","mo":9100.0},{"cn":"","ui":"","t":0.0,"r":0.0,"q":0.0,"p":0.0,"mot":"L","mo":0.0}]},{"d":"04.06.2019","r":10000.0,"q":2.47,"p":800.0,"s":[{"cn":"Ackermann Industries International","ui":"3205358","t":10000.0,"r":10000.0,"q":2.47,"p":800.0,"mot":"U","mo":10000.0},{"cn":"","ui":"","t":0.0,"r":0.0,"q":0.0,"p":0.0,"mot":"L","mo":0.0}]},{"d":"05.06.2019","r":10300.0,"q":2.51,"p":800.0,"s":[{"cn":"Ackermann Industries International","ui":"3205358","t":10300.0,"r":10300.0,"q":2.51,"p":800.0,"mot":"U","mo":10300.0},{"cn":"","ui":"","t":0.0,"r":0.0,"q":0.0,"p":0.0,"mot":"L","mo":0.0}]},{"d":"06.06.2019","r":10600.0,"q":2.55,"p":800.0,"s":[{"cn":"Ackermann Industries International","ui":"3205358","t":10600.0,"r":10600.0,"q":2.55,"p":800.0,"mot":"U","mo":10600.0},{"cn":"","ui":"","t":0.0,"r":0.0,"q":0.0,"p":0.0,"mot":"L","mo":0.0}]},{"d":"07.06.2019","r":10900.0,"q":2.6,"p":800.0,"s":[{"cn":"Ackermann Industries International","ui":"3205358","t":10900.0,"r":10900.0,"q":2.6,"p":800.0,"mot":"U","mo":10900.0},{"cn":"","ui":"","t":0.0,"r":0.0,"q":0.0,"p":0.0,"mot":"L","mo":0.0}]},{"d":"10.06.2019","r":11800.0,"q":2.72,"p":800.0,"s":[{"cn":"Ackermann Industries International","ui":"3205358","t":11800.0,"r":11800.0,"q":2.72,"p":800.0,"mot":"U","mo":11800.0},{"cn":"","ui":"","t":0.0,"r":0.0,"q":0.0,"p":0.0,"mot":"L","mo":0.0}]},{"d":"11.06.2019","r":12100.0,"q":2.76,"p":800.0,"s":[{"cn":"Ackermann Industries International","ui":"3205358","t":12100.0,"r":12100.0,"q":2.76,"p":800.0,"mot":"U","mo":12100.0},{"cn":"","ui":"","t":0.0,"r":0.0,"q":0.0,"p":0.0,"mot":"L","mo":0.0}]},{"d":"12.06.2019","r":12400.0,"q":2.8,"p":800.0,"s":[{"cn":"Ackermann Industries International","ui":"3205358","t":12400.0,"r":12400.0,"q":2.8,"p":800.0,"mot":"U","mo":12400.0},{"cn":"","ui":"","t":0.0,"r":0.0,"q":0.0,"p":0.0,"mot":"L","mo":0.0}]},{"d":"13.06.2019","r":12700.0,"q":2.85,"p":800.0,"s":[{"cn":"Ackermann Industries International","ui":"3205358","t":12700.0,"r":12700.0,"q":2.85,"p":800.0,"mot":"U","mo":12700.0},{"cn":"","ui":"","t":0.0,"r":0.0,"q":0.0,"p":0.0,"mot":"L","mo":0.0}]},{"d":"14.06.2019","r":13000.0,"q":2.89,"p":800.0,"s":[{"cn":"Ackermann Industries International","ui":"3205358","t":13000.0,"r":13000.0,"q":2.89,"p":800.0,"mot":"U","mo":13000.0},{"cn":"","ui":"","t":0.0,"r":0.0,"q":0.0,"p":0.0,"mot":"L","mo":0.0}]},{"d":"17.06.2019","r":13900.0,"q":3.03,"p":800.0,"s":[{"cn":"Ackermann Industries International","ui":"3205358","t":13900.0,"r":13900.0,"q":3.03,"p":800.0,"mot":"U","mo":13900.0},{"cn":"","ui":"","t":0.0,"r":0.0,"q":0.0,"p":0.0,"mot":"L","mo":0.0}]},{"d":"18.06.2019","r":14200.0,"q":3.07,"p":800.0,"s":[{"cn":"Ackermann Industries International","ui":"3205358","t":14200.0,"r":14200.0,"q":3.07,"p":800.0,"mot":"U","mo":14200.0},{"cn":"","ui":"","t":0.0,"r":0.0,"q":0.0,"p":0.0,"mot":"L","mo":0.0}]},{"d":"19.06.2019","r":14500.0,"q":3.12,"p":800.0,"s":[{"cn":"Ackermann Industries International","ui":"3205358","t":14500.0,"r":14500.0,"q":3.12,"p":800.0,"mot":"U","mo":14500.0},{"cn":"","ui":"","t":0.0,"r":0.0,"q":0.0,"p":0.0,"mot":"L","mo":0.0}]},{"d":"20.06.2019","r":14800.0,"q":3.16,"p":800.0,"s":[{"cn":"Ackermann Industries International","ui":"3205358","t":14800.0,"r":14800.0,"q":3.16,"p":800.0,"mot":"U","mo":14800.0},{"cn":"","ui":"","t":0.0,"r":0.0,"q":0.0,"p":0.0,"mot":"L","mo":0.0}]},{"d":"21.06.2019","r":15100.0,"q":3.21,"p":800.0,"s":[{"cn":"Ackermann Industries International","ui":"3205358","t":15100.0,"r":15100.0,"q":3.21,"p":800.0,"mot":"U","mo":15100.0},{"cn":"","ui":"","t":0.0,"r":0.0,"q":0.0,"p":0.0,"mot":"L","mo":0.0}]},{"d":"24.06.2019","r":259100.0,"q":10.0,"p":1456.28,"s":[{"cn":"SSA","ui":"4470949","t":243100.0,"r":243100.0,"q":10.44,"p":1500.0,"mot":"U","mo":243100.0},{"cn":"Ackermann Industries International","ui":"3205358","t":16000.0,"r":16000.0,"q":3.34,"p":792.0,"mot":"U","mo":16000.0},{"cn":"","ui":"","t":0.0,"r":0.0,"q":0.0,"p":0.0,"mot":"L","mo":0.0}]},{"d":"26.06.2019","r":502800.0,"q":10.21,"p":1476.63,"s":[{"cn":"SSA","ui":"4470949","t":486200.0,"r":486200.0,"q":10.44,"p":1500.0,"mot":"U","mo":486200.0},{"cn":"","ui":"","t":16600.0,"r":16600.0,"q":3.43,"p":792.0,"mot":"L","mo":16600.0}]},{"d":"27.06.2019","r":624650.0,"q":10.25,"p":1480.84,"s":[{"cn":"SSA","ui":"4470949","t":607750.0,"r":607750.0,"q":10.44,"p":1500.0,"mot":"U","mo":607750.0},{"cn":"","ui":"","t":16900.0,"r":16900.0,"q":3.47,"p":792.0,"mot":"L","mo":16900.0}]},{"d":"28.06.2019","r":746500.0,"q":10.74,"p":1483.69,"s":[{"cn":"SSA","ui":"4470949","t":729300.0,"r":729300.0,"q":10.91,"p":1500.0,"mot":"U","mo":729300.0},{"cn":"","ui":"","t":17200.0,"r":17200.0,"q":3.52,"p":792.0,"mot":"L","mo":17200.0}]},{"d":"01.07.2019","r":18100.0,"q":3.65,"p":792.0,"s":[{"cn":"Ackermann Industries International","ui":"3205358","t":18100.0,"r":18100.0,"q":3.65,"p":792.0,"mot":"U","mo":18100.0},{"cn":"","ui":"","t":0.0,"r":0.0,"q":0.0,"p":0.0,"mot":"L","mo":0.0}]},{"d":"02.07.2019","r":18400.0,"q":3.7,"p":792.0,"s":[{"cn":"Ackermann Industries International","ui":"3205358","t":18400.0,"r":18400.0,"q":3.7,"p":792.0,"mot":"U","mo":18400.0},{"cn":"","ui":"","t":0.0,"r":0.0,"q":0.0,"p":0.0,"mot":"L","mo":0.0}]},{"d":"03.07.2019","r":1003256.0,"q":11.37,"p":1486.8,"s":[{"cn":"SSA","ui":"4470949","t":984556.0,"r":984556.0,"q":11.51,"p":1500.0,"mot":"U","mo":984556.0},{"cn":"","ui":"","t":18700.0,"r":18700.0,"q":3.75,"p":792.0,"mot":"L","mo":18700.0}]},{"d":"04.07.2019","r":1131184.0,"q":11.58,"p":1488.11,"s":[{"cn":"SSA","ui":"4470949","t":1112184.0,"r":1112184.0,"q":11.71,"p":1500.0,"mot":"U","mo":1112184.0},{"cn":"","ui":"","t":19000.0,"r":19000.0,"q":3.79,"p":792.0,"mot":"L","mo":19000.0}]},{"d":"05.07.2019","r":1259112.0,"q":11.74,"p":1489.15,"s":[{"cn":"SSA","ui":"4470949","t":1239812.0,"r":1239812.0,"q":11.86,"p":1500.0,"mot":"U","mo":1239812.0},{"cn":"","ui":"","t":19300.0,"r":19300.0,"q":3.84,"p":792.0,"mot":"L","mo":19300.0}]},{"d":"08.07.2019","r":1642896.0,"q":12.08,"p":1491.29,"s":[{"cn":"SSA","ui":"4470949","t":1622696.0,"r":1622696.0,"q":12.18,"p":1500.0,"mot":"U","mo":1622696.0},{"cn":"","ui":"","t":20200.0,"r":20200.0,"q":3.97,"p":792.0,"mot":"L","mo":20200.0}]},{"d":"09.07.2019","r":1770824.0,"q":12.15,"p":1491.8,"s":[{"cn":"SSA","ui":"4470949","t":1750324.0,"r":1750324.0,"q":12.25,"p":1500.0,"mot":"U","mo":1750324.0},{"cn":"","ui":"","t":20500.0,"r":20500.0,"q":4.02,"p":792.0,"mot":"L","mo":20500.0}]},{"d":"10.07.2019","r":1898752.0,"q":12.23,"p":1492.24,"s":[{"cn":"SSA","ui":"4470949","t":1877952.0,"r":1877952.0,"q":12.32,"p":1500.0,"mot":"U","mo":1877952.0},{"cn":"","ui":"","t":20800.0,"r":20800.0,"q":4.06,"p":792.0,"mot":"L","mo":20800.0}]},{"d":"11.07.2019","r":2026680.0,"q":12.29,"p":1492.63,"s":[{"cn":"SSA","ui":"4470949","t":2005580.0,"r":2005580.0,"q":12.38,"p":1500.0,"mot":"U","mo":2005580.0},{"cn":"","ui":"","t":21100.0,"r":21100.0,"q":4.11,"p":792.0,"mot":"L","mo":21100.0}]},{"d":"12.07.2019","r":2154608.0,"q":12.35,"p":1492.97,"s":[{"cn":"SSA","ui":"4470949","t":2133208.0,"r":2133208.0,"q":12.43,"p":1500.0,"mot":"U","mo":2133208.0},{"cn":"","ui":"","t":21400.0,"r":21400.0,"q":4.15,"p":792.0,"mot":"L","mo":21400.0}]},{"d":"15.07.2019","r":2538392.0,"q":12.48,"p":1493.78,"s":[{"cn":"SSA","ui":"4470949","t":2516092.0,"r":2516092.0,"q":12.55,"p":1500.0,"mot":"U","mo":2516092.0},{"cn":"","ui":"","t":22300.0,"r":22300.0,"q":4.28,"p":792.0,"mot":"L","mo":22300.0}]},{"d":"16.07.2019","r":2666320.0,"q":12.52,"p":1494.0,"s":[{"cn":"SSA","ui":"4470949","t":2643720.0,"r":2643720.0,"q":12.59,"p":1500.0,"mot":"U","mo":2643720.0},{"cn":"","ui":"","t":22600.0,"r":22600.0,"q":4.33,"p":792.0,"mot":"L","mo":22600.0}]},{"d":"17.07.2019","r":2794248.0,"q":12.55,"p":1494.2,"s":[{"cn":"SSA","ui":"4470949","t":2771348.0,"r":2771348.0,"q":12.62,"p":1500.0,"mot":"U","mo":2771348.0},{"cn":"","ui":"","t":22900.0,"r":22900.0,"q":4.37,"p":792.0,"mot":"L","mo":22900.0}]},{"d":"19.07.2019","r":3056487.0,"q":12.85,"p":1494.56,"s":[{"cn":"SSA","ui":"4470949","t":3032987.0,"r":3032987.0,"q":12.92,"p":1500.0,"mot":"U","mo":3032987.0},{"cn":"","ui":"","t":23500.0,"r":23500.0,"q":4.46,"p":792.0,"mot":"L","mo":23500.0}]},{"d":"22.07.2019","r":3459414.0,"q":13.24,"p":1495.01,"s":[{"cn":"SSA","ui":"4470949","t":3435014.0,"r":3435014.0,"q":13.3,"p":1500.0,"mot":"U","mo":3435014.0},{"cn":"","ui":"","t":24400.0,"r":24400.0,"q":4.6,"p":792.0,"mot":"L","mo":24400.0}]},{"d":"24.07.2019","r":3593723.0,"q":13.35,"p":1495.13,"s":[{"cn":"SSA","ui":"4470949","t":3569023.0,"r":3569023.0,"q":13.41,"p":1500.0,"mot":"U","mo":3569023.0},{"cn":"","ui":"","t":24700.0,"r":24700.0,"q":4.64,"p":792.0,"mot":"L","mo":24700.0}]},{"d":"25.07.2019","r":3862341.0,"q":13.54,"p":1495.36,"s":[{"cn":"SSA","ui":"4470949","t":3837041.0,"r":3837041.0,"q":13.6,"p":1500.0,"mot":"U","mo":3837041.0},{"cn":"","ui":"","t":25300.0,"r":25300.0,"q":4.73,"p":792.0,"mot":"L","mo":25300.0}]},{"d":"26.07.2019","r":3996650.0,"q":13.63,"p":1495.47,"s":[{"cn":"SSA","ui":"4470949","t":3971050.0,"r":3971050.0,"q":13.69,"p":1500.0,"mot":"U","mo":3971050.0},{"cn":"","ui":"","t":25600.0,"r":25600.0,"q":4.77,"p":792.0,"mot":"L","mo":25600.0}]},{"d":"29.07.2019","r":4399577.0,"q":13.87,"p":1495.74,"s":[{"cn":"SSA","ui":"4470949","t":4373077.0,"r":4373077.0,"q":13.92,"p":1500.0,"mot":"U","mo":4373077.0},{"cn":"","ui":"","t":26500.0,"r":26500.0,"q":4.91,"p":792.0,"mot":"L","mo":26500.0}]},{"d":"30.07.2019","r":4533886.0,"q":13.94,"p":1495.81,"s":[{"cn":"SSA","ui":"4470949","t":4507086.0,"r":4507086.0,"q":13.99,"p":1500.0,"mot":"U","mo":4507086.0},{"cn":"","ui":"","t":26800.0,"r":26800.0,"q":4.95,"p":792.0,"mot":"L","mo":26800.0}]},{"d":"31.07.2019","r":4668195.0,"q":14.0,"p":1495.89,"s":[{"cn":"SSA","ui":"4470949","t":4641095.0,"r":4641095.0,"q":14.05,"p":1500.0,"mot":"U","mo":4641095.0},{"cn":"","ui":"","t":27100.0,"r":27100.0,"q":4.99,"p":792.0,"mot":"L","mo":27100.0}]},{"d":"01.08.2019","r":4802504.0,"q":14.06,"p":1495.96,"s":[{"cn":"SSA","ui":"4470949","t":4775104.0,"r":4775104.0,"q":14.11,"p":1500.0,"mot":"U","mo":4775104.0},{"cn":"","ui":"","t":27400.0,"r":27400.0,"q":5.04,"p":792.0,"mot":"L","mo":27400.0}]},{"d":"02.08.2019","r":4936813.0,"q":14.12,"p":1496.03,"s":[{"cn":"SSA","ui":"4470949","t":4909113.0,"r":4909113.0,"q":14.17,"p":1500.0,"mot":"U","mo":4909113.0},{"cn":"","ui":"","t":27700.0,"r":27700.0,"q":5.08,"p":792.0,"mot":"L","mo":27700.0}]},{"d":"05.08.2019","r":5339740.0,"q":14.26,"p":1496.21,"s":[{"cn":"SSA","ui":"4470949","t":5311140.0,"r":5311140.0,"q":14.31,"p":1500.0,"mot":"U","mo":5311140.0},{"cn":"","ui":"","t":28600.0,"r":28600.0,"q":5.21,"p":792.0,"mot":"L","mo":28600.0}]},{"d":"06.08.2019","r":5474049.0,"q":14.3,"p":1496.23,"s":[{"cn":"SSA","ui":"4470949","t":5445149.0,"r":5445149.0,"q":14.35,"p":1500.0,"mot":"U","mo":5445149.0},{"cn":"","ui":"","t":28900.0,"r":28900.0,"q":5.25,"p":785.0,"mot":"L","mo":28900.0}]},{"d":"07.08.2019","r":5608358.0,"q":14.34,"p":1496.28,"s":[{"cn":"SSA","ui":"4470949","t":5579158.0,"r":5579158.0,"q":14.39,"p":1500.0,"mot":"U","mo":5579158.0},{"cn":"","ui":"","t":29200.0,"r":29200.0,"q":5.29,"p":785.0,"mot":"L","mo":29200.0}]},{"d":"08.08.2019","r":5742667.0,"q":14.38,"p":1496.33,"s":[{"cn":"SSA","ui":"4470949","t":5713167.0,"r":5713167.0,"q":14.43,"p":1500.0,"mot":"U","mo":5713167.0},{"cn":"","ui":"","t":29500.0,"r":29500.0,"q":5.33,"p":785.0,"mot":"L","mo":29500.0}]},{"d":"09.08.2019","r":5876976.0,"q":14.42,"p":1496.37,"s":[{"cn":"SSA","ui":"4470949","t":5847176.0,"r":5847176.0,"q":14.47,"p":1500.0,"mot":"U","mo":5847176.0},{"cn":"","ui":"","t":29800.0,"r":29800.0,"q":5.37,"p":785.0,"mot":"L","mo":29800.0}]},{"d":"12.08.2019","r":6279903.0,"q":14.53,"p":1496.5,"s":[{"cn":"SSA","ui":"4470949","t":6249203.0,"r":6249203.0,"q":14.57,"p":1500.0,"mot":"U","mo":6249203.0},{"cn":"","ui":"","t":30700.0,"r":30700.0,"q":5.49,"p":785.0,"mot":"L","mo":30700.0}]},{"d":"13.08.2019","r":6412213.0,"q":14.62,"p":1496.77,"s":[{"cn":"SSA","ui":"4470949","t":6383213.0,"r":6383213.0,"q":14.66,"p":1500.0,"mot":"U","mo":6383213.0},{"cn":"","ui":"","t":30000.0,"r":29000.0,"q":5.54,"p":785.0,"mot":"L","mo":29000.0}]},{"d":"14.08.2019","r":6552223.0,"q":14.72,"p":1496.91,"s":[{"cn":"SSA","ui":"4470949","t":6523923.0,"r":6523923.0,"q":14.76,"p":1500.0,"mot":"U","mo":6523923.0},{"cn":"","ui":"","t":29300.0,"r":28300.0,"q":5.58,"p":785.0,"mot":"L","mo":28300.0}]},{"d":"19.08.2019","r":7257263.0,"q":15.15,"p":1497.07,"s":[{"cn":"SSA","ui":"4470949","t":7227473.0,"r":7227473.0,"q":15.19,"p":1500.0,"mot":"U","mo":7227473.0},{"cn":"","ui":"","t":29790.0,"r":29790.0,"q":5.8,"p":785.0,"mot":"L","mo":29790.0}]},{"d":"20.08.2019","r":7398273.0,"q":15.23,"p":1497.09,"s":[{"cn":"SSA","ui":"4470949","t":7368183.0,"r":7368183.0,"q":15.27,"p":1500.0,"mot":"U","mo":7368183.0},{"cn":"","ui":"","t":30090.0,"r":30090.0,"q":5.84,"p":785.0,"mot":"L","mo":30090.0}]},{"d":"21.08.2019","r":7539283.0,"q":15.31,"p":1497.12,"s":[{"cn":"SSA","ui":"4470949","t":7508893.0,"r":7508893.0,"q":15.35,"p":1500.0,"mot":"U","mo":7508893.0},{"cn":"","ui":"","t":30390.0,"r":30390.0,"q":5.88,"p":785.0,"mot":"L","mo":30390.0}]},{"d":"22.08.2019","r":7680293.0,"q":15.38,"p":1497.14,"s":[{"cn":"SSA","ui":"4470949","t":7649603.0,"r":7649603.0,"q":15.42,"p":1500.0,"mot":"U","mo":7649603.0},{"cn":"","ui":"","t":30690.0,"r":30690.0,"q":5.93,"p":785.0,"mot":"L","mo":30690.0}]},{"d":"23.08.2019","r":7821303.0,"q":15.45,"p":1497.17,"s":[{"cn":"SSA","ui":"4470949","t":7790313.0,"r":7790313.0,"q":15.49,"p":1500.0,"mot":"U","mo":7790313.0},{"cn":"","ui":"","t":30990.0,"r":30990.0,"q":5.97,"p":785.0,"mot":"L","mo":30990.0}]},{"d":"26.08.2019","r":8244333.0,"q":15.64,"p":1497.23,"s":[{"cn":"SSA","ui":"4470949","t":8212443.0,"r":8212443.0,"q":15.68,"p":1500.0,"mot":"U","mo":8212443.0},{"cn":"","ui":"","t":31890.0,"r":31890.0,"q":6.1,"p":785.0,"mot":"L","mo":31890.0}]},{"d":"27.08.2019","r":8385343.0,"q":15.7,"p":1497.26,"s":[{"cn":"SSA","ui":"4470949","t":8353153.0,"r":8353153.0,"q":15.74,"p":1500.0,"mot":"U","mo":8353153.0},{"cn":"","ui":"","t":32190.0,"r":32190.0,"q":6.14,"p":785.0,"mot":"L","mo":32190.0}]},{"d":"28.08.2019","r":8526353.0,"q":15.76,"p":1497.28,"s":[{"cn":"SSA","ui":"4470949","t":8493863.0,"r":8493863.0,"q":15.8,"p":1500.0,"mot":"U","mo":8493863.0},{"cn":"","ui":"","t":32490.0,"r":32490.0,"q":6.18,"p":785.0,"mot":"L","mo":32490.0}]},{"d":"29.08.2019","r":8667363.0,"q":15.81,"p":1497.3,"s":[{"cn":"SSA","ui":"4470949","t":8634573.0,"r":8634573.0,"q":15.85,"p":1500.0,"mot":"U","mo":8634573.0},{"cn":"","ui":"","t":32790.0,"r":32790.0,"q":6.23,"p":785.0,"mot":"L","mo":32790.0}]},{"d":"30.08.2019","r":8808373.0,"q":15.87,"p":1497.31,"s":[{"cn":"SSA","ui":"4470949","t":8775283.0,"r":8775283.0,"q":15.91,"p":1500.0,"mot":"U","mo":8775283.0},{"cn":"","ui":"","t":33090.0,"r":33090.0,"q":6.27,"p":785.0,"mot":"L","mo":33090.0}]},{"d":"02.09.2019","r":9231403.0,"q":16.02,"p":1497.37,"s":[{"cn":"SSA","ui":"4470949","t":9197413.0,"r":9197413.0,"q":16.06,"p":1500.0,"mot":"U","mo":9197413.0},{"cn":"","ui":"","t":33990.0,"r":33990.0,"q":6.39,"p":785.0,"mot":"L","mo":33990.0}]},{"d":"03.09.2019","r":9372413.0,"q":16.07,"p":1497.38,"s":[{"cn":"SSA","ui":"4470949","t":9338123.0,"r":9338123.0,"q":16.11,"p":1500.0,"mot":"U","mo":9338123.0},{"cn":"","ui":"","t":34290.0,"r":34290.0,"q":6.44,"p":785.0,"mot":"L","mo":34290.0}]},{"d":"04.09.2019","r":9513423.0,"q":16.12,"p":1497.4,"s":[{"cn":"SSA","ui":"4470949","t":9478833.0,"r":9478833.0,"q":16.16,"p":1500.0,"mot":"U","mo":9478833.0},{"cn":"","ui":"","t":34590.0,"r":34590.0,"q":6.48,"p":785.0,"mot":"L","mo":34590.0}]},{"d":"05.09.2019","r":9654433.0,"q":16.17,"p":1497.42,"s":[{"cn":"SSA","ui":"4470949","t":9619543.0,"r":9619543.0,"q":16.2,"p":1500.0,"mot":"U","mo":9619543.0},{"cn":"","ui":"","t":34890.0,"r":34890.0,"q":6.52,"p":785.0,"mot":"L","mo":34890.0}]},{"d":"06.09.2019","r":9795443.0,"q":16.21,"p":1497.43,"s":[{"cn":"SSA","ui":"4470949","t":9760253.0,"r":9760253.0,"q":16.24,"p":1500.0,"mot":"U","mo":9760253.0},{"cn":"","ui":"","t":35190.0,"r":35190.0,"q":6.56,"p":785.0,"mot":"L","mo":35190.0}]},{"d":"09.09.2019","r":1.0218473E7,"q":16.34,"p":1497.47,"s":[{"cn":"SSA","ui":"4470949","t":1.0182383E7,"r":1.0182383E7,"q":16.37,"p":1500.0,"mot":"U","mo":1.0182383E7},{"cn":"","ui":"","t":36090.0,"r":36090.0,"q":6.68,"p":785.0,"mot":"L","mo":36090.0}]},{"d":"10.09.2019","r":1.0359483E7,"q":16.38,"p":1497.49,"s":[{"cn":"SSA","ui":"4470949","t":1.0323093E7,"r":1.0323093E7,"q":16.41,"p":1500.0,"mot":"U","mo":1.0323093E7},{"cn":"","ui":"","t":36390.0,"r":36390.0,"q":6.72,"p":785.0,"mot":"L","mo":36390.0}]},{"d":"11.09.2019","r":1.0500493E7,"q":16.41,"p":1497.5,"s":[{"cn":"SSA","ui":"4470949","t":1.0463803E7,"r":1.0463803E7,"q":16.44,"p":1500.0,"mot":"U","mo":1.0463803E7},{"cn":"","ui":"","t":36690.0,"r":36690.0,"q":6.76,"p":785.0,"mot":"L","mo":36690.0}]},{"d":"12.09.2019","r":1.0641503E7,"q":16.45,"p":1497.51,"s":[{"cn":"SSA","ui":"4470949","t":1.0604513E7,"r":1.0604513E7,"q":16.48,"p":1500.0,"mot":"U","mo":1.0604513E7},{"cn":"","ui":"","t":36990.0,"r":36990.0,"q":6.8,"p":785.0,"mot":"L","mo":36990.0}]},{"d":"13.09.2019","r":1.0782513E7,"q":16.49,"p":1497.53,"s":[{"cn":"SSA","ui":"4470949","t":1.0745223E7,"r":1.0745223E7,"q":16.52,"p":1500.0,"mot":"U","mo":1.0745223E7},{"cn":"","ui":"","t":37290.0,"r":37290.0,"q":6.84,"p":785.0,"mot":"L","mo":37290.0}]},{"d":"16.09.2019","r":1.1205543E7,"q":16.59,"p":1497.56,"s":[{"cn":"SSA","ui":"4470949","t":1.1167353E7,"r":1.1167353E7,"q":16.62,"p":1500.0,"mot":"U","mo":1.1167353E7},{"cn":"","ui":"","t":38190.0,"r":38190.0,"q":6.96,"p":785.0,"mot":"L","mo":38190.0}]},{"d":"17.09.2019","r":1.1346553E7,"q":16.62,"p":1497.57,"s":[{"cn":"SSA","ui":"4470949","t":1.1308063E7,"r":1.1308063E7,"q":16.65,"p":1500.0,"mot":"U","mo":1.1308063E7},{"cn":"","ui":"","t":38490.0,"r":38490.0,"q":7.0,"p":785.0,"mot":"L","mo":38490.0}]},{"d":"18.09.2019","r":1.1487563E7,"q":16.65,"p":1497.59,"s":[{"cn":"SSA","ui":"4470949","t":1.1448773E7,"r":1.1448773E7,"q":16.68,"p":1500.0,"mot":"U","mo":1.1448773E7},{"cn":"","ui":"","t":38790.0,"r":38790.0,"q":7.04,"p":785.0,"mot":"L","mo":38790.0}]},{"d":"19.09.2019","r":1.1628573E7,"q":16.69,"p":1497.6,"s":[{"cn":"SSA","ui":"4470949","t":1.1589483E7,"r":1.1589483E7,"q":16.72,"p":1500.0,"mot":"U","mo":1.1589483E7},{"cn":"","ui":"","t":39090.0,"r":39090.0,"q":7.08,"p":785.0,"mot":"L","mo":39090.0}]},{"d":"20.09.2019","r":1.1769583E7,"q":16.75,"p":1497.61,"s":[{"cn":"SSA","ui":"4470949","t":1.1730193E7,"r":1.1730193E7,"q":16.78,"p":1500.0,"mot":"U","mo":1.1730193E7},{"cn":"","ui":"","t":39390.0,"r":39390.0,"q":7.12,"p":785.0,"mot":"L","mo":39390.0}]},{"d":"23.09.2019","r":1.2213703E7,"q":16.96,"p":1497.64,"s":[{"cn":"SSA","ui":"4470949","t":1.2173428E7,"r":1.2173428E7,"q":16.99,"p":1500.0,"mot":"U","mo":1.2173428E7},{"cn":"","ui":"","t":40290.0,"r":40275.0,"q":7.24,"p":785.0,"mot":"L","mo":40275.0}]},{"d":"24.09.2019","r":1.2361648E7,"q":17.02,"p":1497.66,"s":[{"cn":"SSA","ui":"4470949","t":1.2321173E7,"r":1.2321173E7,"q":17.05,"p":1500.0,"mot":"U","mo":1.2321173E7},{"cn":"","ui":"","t":40590.0,"r":40475.0,"q":7.28,"p":785.29,"mot":"L","mo":40475.0}]},{"d":"25.09.2019","r":1.2509593E7,"q":17.09,"p":1497.68,"s":[{"cn":"SSA","ui":"4470949","t":1.2468918E7,"r":1.2468918E7,"q":17.12,"p":1500.0,"mot":"U","mo":1.2468918E7},{"cn":"","ui":"","t":40790.0,"r":40675.0,"q":7.32,"p":785.57,"mot":"L","mo":40675.0}]},{"d":"26.09.2019","r":1.2657538E7,"q":17.15,"p":1497.69,"s":[{"cn":"SSA","ui":"4470949","t":1.2616663E7,"r":1.2616663E7,"q":17.18,"p":1500.0,"mot":"U","mo":1.2616663E7},{"cn":"","ui":"","t":40990.0,"r":40875.0,"q":7.35,"p":785.85,"mot":"L","mo":40875.0}]},{"d":"27.09.2019","r":1.2805483E7,"q":17.21,"p":1497.71,"s":[{"cn":"SSA","ui":"4470949","t":1.2764408E7,"r":1.2764408E7,"q":17.24,"p":1500.0,"mot":"U","mo":1.2764408E7},{"cn":"","ui":"","t":41190.0,"r":41075.0,"q":7.39,"p":786.12,"mot":"L","mo":41075.0}]},{"d":"30.09.2019","r":1.3249258E7,"q":17.38,"p":1497.75,"s":[{"cn":"SSA","ui":"4470949","t":1.3207643E7,"r":1.3207643E7,"q":17.41,"p":1500.0,"mot":"U","mo":1.3207643E7},{"cn":"","ui":"","t":41715.0,"r":41615.0,"q":7.5,"p":785.0,"mot":"L","mo":41615.0}]},{"d":"01.10.2019","r":1.3397203E7,"q":17.44,"p":1497.77,"s":[{"cn":"SSA","ui":"4470949","t":1.3355388E7,"r":1.3355388E7,"q":17.47,"p":1500.0,"mot":"U","mo":1.3355388E7},{"cn":"","ui":"","t":41915.0,"r":41815.0,"q":7.54,"p":785.0,"mot":"L","mo":41815.0}]},{"d":"02.10.2019","r":1.3545148E7,"q":17.49,"p":1497.78,"s":[{"cn":"SSA","ui":"4470949","t":1.3503133E7,"r":1.3503133E7,"q":17.52,"p":1500.0,"mot":"U","mo":1.3503133E7},{"cn":"","ui":"","t":42115.0,"r":42015.0,"q":7.58,"p":785.0,"mot":"L","mo":42015.0}]},{"d":"03.10.2019","r":1.3693093E7,"q":17.55,"p":1497.77,"s":[{"cn":"SSA","ui":"4470949","t":1.3650878E7,"r":1.3650878E7,"q":17.58,"p":1500.0,"mot":"U","mo":1.3650878E7},{"cn":"","ui":"","t":42315.0,"r":42215.0,"q":7.62,"p":778.0,"mot":"L","mo":42215.0}]},{"d":"04.10.2019","r":1.3841038E7,"q":17.6,"p":1497.79,"s":[{"cn":"SSA","ui":"4470949","t":1.3798623E7,"r":1.3798623E7,"q":17.63,"p":1500.0,"mot":"U","mo":1.3798623E7},{"cn":"","ui":"","t":42515.0,"r":42415.0,"q":7.65,"p":778.0,"mot":"L","mo":42415.0}]},{"d":"07.10.2019","r":1.4284573E7,"q":17.74,"p":1497.84,"s":[{"cn":"SSA","ui":"4470949","t":1.4241858E7,"r":1.4241858E7,"q":17.77,"p":1500.0,"mot":"U","mo":1.4241858E7},{"cn":"","ui":"","t":42915.0,"r":42715.0,"q":7.76,"p":778.0,"mot":"L","mo":42715.0}]},{"d":"08.10.2019","r":1.4432418E7,"q":17.79,"p":1497.86,"s":[{"cn":"SSA","ui":"4470949","t":1.4389603E7,"r":1.4389603E7,"q":17.82,"p":1500.0,"mot":"U","mo":1.4389603E7},{"cn":"","ui":"","t":43015.0,"r":42815.0,"q":7.8,"p":778.0,"mot":"L","mo":42815.0}]},{"d":"09.10.2019","r":1.4580263E7,"q":17.83,"p":1497.87,"s":[{"cn":"SSA","ui":"4470949","t":1.4537348E7,"r":1.4537348E7,"q":17.86,"p":1500.0,"mot":"U","mo":1.4537348E7},{"cn":"","ui":"","t":43115.0,"r":42915.0,"q":7.84,"p":778.0,"mot":"L","mo":42915.0}]},{"d":"10.10.2019","r":1.4727962E7,"q":17.88,"p":1497.9,"s":[{"cn":"SSA","ui":"4470949","t":1.4685093E7,"r":1.4685093E7,"q":17.91,"p":1500.0,"mot":"U","mo":1.4685093E7},{"cn":"","ui":"","t":43207.0,"r":42869.0,"q":7.87,"p":778.0,"mot":"L","mo":42869.0}]},{"d":"11.10.2019","r":1.4875805E7,"q":17.92,"p":1497.91,"s":[{"cn":"SSA","ui":"4470949","t":1.4832838E7,"r":1.4832838E7,"q":17.95,"p":1500.0,"mot":"U","mo":1.4832838E7},{"cn":"","ui":"","t":43237.0,"r":42967.0,"q":7.91,"p":778.0,"mot":"L","mo":42967.0}]},{"d":"14.10.2019","r":1.5318829E7,"q":18.05,"p":1497.98,"s":[{"cn":"SSA","ui":"4470949","t":1.5275903E7,"r":1.5275873E7,"q":18.08,"p":1500.0,"mot":"U","mo":1.5275873E7},{"cn":"","ui":"","t":43231.0,"r":42956.0,"q":8.02,"p":778.0,"mot":"L","mo":42956.0}]},{"d":"15.10.2019","r":1.5466593E7,"q":18.09,"p":1497.99,"s":[{"cn":"SSA","ui":"4470949","t":1.5423612E7,"r":1.5423612E7,"q":18.12,"p":1500.0,"mot":"U","mo":1.5423612E7},{"cn":"","ui":"","t":43256.0,"r":42981.0,"q":8.05,"p":778.0,"mot":"L","mo":42981.0}]},{"d":"16.10.2019","r":1.5614118E7,"q":18.13,"p":1498.02,"s":[{"cn":"SSA","ui":"4470949","t":1.5571357E7,"r":1.5571357E7,"q":18.16,"p":1500.0,"mot":"U","mo":1.5571357E7},{"cn":"","ui":"","t":43096.0,"r":42761.0,"q":8.09,"p":778.0,"mot":"L","mo":42761.0}]},{"d":"17.10.2019","r":1.5761712E7,"q":18.17,"p":1498.05,"s":[{"cn":"SSA","ui":"4470949","t":1.5719102E7,"r":1.5719102E7,"q":18.2,"p":1500.0,"mot":"U","mo":1.5719102E7},{"cn":"","ui":"","t":43048.0,"r":42610.0,"q":8.12,"p":778.0,"mot":"L","mo":42610.0}]},{"d":"18.10.2019","r":1.5908906E7,"q":18.21,"p":1498.09,"s":[{"cn":"SSA","ui":"4470949","t":1.5866847E7,"r":1.5866847E7,"q":18.24,"p":1500.0,"mot":"U","mo":1.5866847E7},{"cn":"","ui":"","t":42640.0,"r":42059.0,"q":8.16,"p":778.0,"mot":"L","mo":42059.0}]},{"d":"21.10.2019","r":1.6350684E7,"q":18.33,"p":1198.99,"s":[{"cn":"SSA","ui":"4470949","t":1.6310082E7,"r":1.6310082E7,"q":18.36,"p":1200.0,"mot":"U","mo":1.6310082E7},{"cn":"","ui":"","t":41345.0,"r":40602.0,"q":8.25,"p":793.24,"mot":"L","mo":40602.0}]},{"d":"22.10.2019","r":1.6498397E7,"q":18.4,"p":1199.01,"s":[{"cn":"SSA","ui":"4470949","t":1.6457827E7,"r":1.6457827E7,"q":18.42,"p":1200.0,"mot":"U","mo":1.6457827E7},{"cn":"","ui":"","t":41208.0,"r":40570.0,"q":8.29,"p":798.23,"mot":"L","mo":40570.0}]},{"d":"23.10.2019","r":1.6653759E7,"q":18.47,"p":1198.97,"s":[{"cn":"SSA","ui":"4470949","t":1.6612959E7,"r":1.6612959E7,"q":18.49,"p":1200.0,"mot":"U","mo":1.6612959E7},{"cn":"","ui":"","t":41001.0,"r":40800.0,"q":8.41,"p":778.0,"mot":"L","mo":40800.0}]},{"d":"24.10.2019","r":1.6809092E7,"q":18.54,"p":1198.97,"s":[{"cn":"SSA","ui":"4470949","t":1.6768091E7,"r":1.6768091E7,"q":18.56,"p":1200.0,"mot":"U","mo":1.6768091E7},{"cn":"","ui":"","t":41201.0,"r":41001.0,"q":8.46,"p":778.0,"mot":"L","mo":41001.0}]},{"d":"25.10.2019","r":1.6964424E7,"q":18.6,"p":1198.98,"s":[{"cn":"SSA","ui":"4470949","t":1.6923223E7,"r":1.6923223E7,"q":18.62,"p":1200.0,"mot":"U","mo":1.6923223E7},{"cn":"","ui":"","t":41401.0,"r":41201.0,"q":8.5,"p":778.0,"mot":"L","mo":41201.0}]},{"d":"28.10.2019","r":1.743042E7,"q":18.79,"p":1198.99,"s":[{"cn":"SSA","ui":"4470949","t":1.7388619E7,"r":1.7388619E7,"q":18.81,"p":1200.0,"mot":"U","mo":1.7388619E7},{"cn":"","ui":"","t":42001.0,"r":41801.0,"q":8.65,"p":778.0,"mot":"L","mo":41801.0}]},{"d":"29.10.2019","r":1.7585752E7,"q":18.85,"p":1198.99,"s":[{"cn":"SSA","ui":"4470949","t":1.7543751E7,"r":1.7543751E7,"q":18.87,"p":1200.0,"mot":"U","mo":1.7543751E7},{"cn":"","ui":"","t":42201.0,"r":42001.0,"q":8.69,"p":778.0,"mot":"L","mo":42001.0}]},{"d":"30.10.2019","r":1.7741084E7,"q":18.91,"p":1199.0,"s":[{"cn":"SSA","ui":"4470949","t":1.7698883E7,"r":1.7698883E7,"q":18.93,"p":1200.0,"mot":"U","mo":1.7698883E7},{"cn":"","ui":"","t":42401.0,"r":42201.0,"q":8.74,"p":778.0,"mot":"L","mo":42201.0}]},{"d":"31.10.2019","r":1.7896416E7,"q":18.97,"p":1199.0,"s":[{"cn":"SSA","ui":"4470949","t":1.7854015E7,"r":1.7854015E7,"q":18.99,"p":1200.0,"mot":"U","mo":1.7854015E7},{"cn":"","ui":"","t":42601.0,"r":42401.0,"q":8.79,"p":778.0,"mot":"L","mo":42401.0}]},{"d":"01.11.2019","r":1.8051748E7,"q":19.03,"p":1199.0,"s":[{"cn":"SSA","ui":"4470949","t":1.8009147E7,"r":1.8009147E7,"q":19.05,"p":1200.0,"mot":"U","mo":1.8009147E7},{"cn":"","ui":"","t":42801.0,"r":42601.0,"q":8.83,"p":778.0,"mot":"L","mo":42601.0}]},{"d":"04.11.2019","r":1.8517744E7,"q":19.2,"p":1199.02,"s":[{"cn":"SSA","ui":"4470949","t":1.8474543E7,"r":1.8474543E7,"q":19.22,"p":1200.0,"mot":"U","mo":1.8474543E7},{"cn":"","ui":"","t":43401.0,"r":43201.0,"q":8.97,"p":778.0,"mot":"L","mo":43201.0}]},{"d":"05.11.2019","r":1.8673076E7,"q":19.25,"p":1199.02,"s":[{"cn":"SSA","ui":"4470949","t":1.8629675E7,"r":1.8629675E7,"q":19.27,"p":1200.0,"mot":"U","mo":1.8629675E7},{"cn":"","ui":"","t":43601.0,"r":43401.0,"q":9.01,"p":778.0,"mot":"L","mo":43401.0}]},{"d":"07.11.2019","r":43801.0,"q":9.1,"p":778.0,"s":[{"cn":"Ackermann Industries International","ui":"3205358","t":44001.0,"r":43801.0,"q":9.1,"p":778.0,"mot":"U","mo":43801.0},{"cn":"","ui":"","t":0.0,"r":0.0,"q":0.0,"p":0.0,"mot":"L","mo":0.0}]},{"d":"08.11.2019","r":44001.0,"q":9.15,"p":778.0,"s":[{"cn":"Ackermann Industries International","ui":"3205358","t":44201.0,"r":44001.0,"q":9.15,"p":778.0,"mot":"U","mo":44001.0},{"cn":"","ui":"","t":0.0,"r":0.0,"q":0.0,"p":0.0,"mot":"L","mo":0.0}]},{"d":"11.11.2019","r":44601.0,"q":9.27,"p":778.0,"s":[{"cn":"Ackermann Industries International","ui":"3205358","t":44801.0,"r":44601.0,"q":9.27,"p":778.0,"mot":"U","mo":44601.0},{"cn":"","ui":"","t":0.0,"r":0.0,"q":0.0,"p":0.0,"mot":"L","mo":0.0}]},{"d":"12.11.2019","r":44801.0,"q":9.32,"p":778.0,"s":[{"cn":"Ackermann Industries International","ui":"3205358","t":45001.0,"r":44801.0,"q":9.32,"p":778.0,"mot":"U","mo":44801.0},{"cn":"","ui":"","t":0.0,"r":0.0,"q":0.0,"p":0.0,"mot":"L","mo":0.0}]},{"d":"13.11.2019","r":1.8829808E7,"q":19.3,"p":1198.99,"s":[{"cn":"SSA","ui":"4470949","t":1.8784807E7,"r":1.8784807E7,"q":19.32,"p":1200.0,"mot":"U","mo":1.8784807E7},{"cn":"","ui":"","t":45201.0,"r":45001.0,"q":9.36,"p":778.0,"mot":"L","mo":45001.0}]},{"d":"15.11.2019","r":1.898533E7,"q":19.36,"p":1198.99,"s":[{"cn":"SSA","ui":"4470949","t":1.8939939E7,"r":1.8939939E7,"q":19.38,"p":1200.0,"mot":"U","mo":1.8939939E7},{"cn":"","ui":"","t":45596.0,"r":45391.0,"q":9.44,"p":778.0,"mot":"L","mo":45391.0}]},{"d":"18.11.2019","r":1.9451331E7,"q":19.51,"p":1199.0,"s":[{"cn":"SSA","ui":"4470949","t":1.9405335E7,"r":1.9405335E7,"q":19.53,"p":1200.0,"mot":"U","mo":1.9405335E7},{"cn":"","ui":"","t":46196.0,"r":45996.0,"q":9.56,"p":778.0,"mot":"L","mo":45996.0}]},{"d":"19.11.2019","r":1.9606663E7,"q":19.56,"p":1199.01,"s":[{"cn":"SSA","ui":"4470949","t":1.9560467E7,"r":1.9560467E7,"q":19.58,"p":1200.0,"mot":"U","mo":1.9560467E7},{"cn":"","ui":"","t":46396.0,"r":46196.0,"q":9.6,"p":778.0,"mot":"L","mo":46196.0}]},{"d":"20.11.2019","r":1.9761995E7,"q":19.61,"p":1199.01,"s":[{"cn":"SSA","ui":"4470949","t":1.9715599E7,"r":1.9715599E7,"q":19.63,"p":1200.0,"mot":"U","mo":1.9715599E7},{"cn":"","ui":"","t":46596.0,"r":46396.0,"q":9.64,"p":778.0,"mot":"L","mo":46396.0}]},{"d":"21.11.2019","r":1.9917327E7,"q":19.65,"p":1199.01,"s":[{"cn":"SSA","ui":"4470949","t":1.9870731E7,"r":1.9870731E7,"q":19.67,"p":1200.0,"mot":"U","mo":1.9870731E7},{"cn":"","ui":"","t":46796.0,"r":46596.0,"q":9.68,"p":778.0,"mot":"L","mo":46596.0}]},{"d":"22.11.2019","r":2.0072659E7,"q":19.7,"p":1199.02,"s":[{"cn":"SSA","ui":"4470949","t":2.0025863E7,"r":2.0025863E7,"q":19.72,"p":1200.0,"mot":"U","mo":2.0025863E7},{"cn":"","ui":"","t":46996.0,"r":46796.0,"q":9.72,"p":778.0,"mot":"L","mo":46796.0}]},{"d":"25.11.2019","r":2.0538635E7,"q":19.84,"p":1199.01,"s":[{"cn":"SSA","ui":"4470949","t":2.0491259E7,"r":2.0491259E7,"q":19.86,"p":1200.0,"mot":"U","mo":2.0491259E7},{"cn":"","ui":"","t":47581.0,"r":47376.0,"q":9.83,"p":771.0,"mot":"L","mo":47376.0}]},{"d":"26.11.2019","r":2.0693962E7,"q":19.88,"p":1199.01,"s":[{"cn":"SSA","ui":"4470949","t":2.0646391E7,"r":2.0646391E7,"q":19.9,"p":1200.0,"mot":"U","mo":2.0646391E7},{"cn":"","ui":"","t":47776.0,"r":47571.0,"q":9.87,"p":771.0,"mot":"L","mo":47571.0}]},{"d":"27.11.2019","r":2.0849289E7,"q":19.92,"p":1199.02,"s":[{"cn":"SSA","ui":"4470949","t":2.0801523E7,"r":2.0801523E7,"q":19.94,"p":1200.0,"mot":"U","mo":2.0801523E7},{"cn":"","ui":"","t":47971.0,"r":47766.0,"q":9.91,"p":771.0,"mot":"L","mo":47766.0}]},{"d":"28.11.2019","r":2.1004616E7,"q":19.97,"p":1199.02,"s":[{"cn":"SSA","ui":"4470949","t":2.0956655E7,"r":2.0956655E7,"q":19.99,"p":1200.0,"mot":"U","mo":2.0956655E7},{"cn":"","ui":"","t":48166.0,"r":47961.0,"q":9.94,"p":771.0,"mot":"L","mo":47961.0}]},{"d":"29.11.2019","r":2.1159943E7,"q":20.01,"p":1199.02,"s":[{"cn":"SSA","ui":"4470949","t":2.1111787E7,"r":2.1111787E7,"q":20.03,"p":1200.0,"mot":"U","mo":2.1111787E7},{"cn":"","ui":"","t":48361.0,"r":48156.0,"q":9.98,"p":771.0,"mot":"L","mo":48156.0}]},{"d":"02.12.2019","r":2.1625924E7,"q":20.13,"p":1199.03,"s":[{"cn":"SSA","ui":"4470949","t":2.1577183E7,"r":2.1577183E7,"q":20.15,"p":1200.0,"mot":"U","mo":2.1577183E7},{"cn":"","ui":"","t":48946.0,"r":48741.0,"q":10.09,"p":771.0,"mot":"L","mo":48741.0}]},{"d":"03.12.2019","r":2.1781251E7,"q":20.17,"p":1199.04,"s":[{"cn":"SSA","ui":"4470949","t":2.1732315E7,"r":2.1732315E7,"q":20.19,"p":1200.0,"mot":"U","mo":2.1732315E7},{"cn":"","ui":"","t":49141.0,"r":48936.0,"q":10.12,"p":771.0,"mot":"L","mo":48936.0}]},{"d":"04.12.2019","r":2.1936578E7,"q":20.21,"p":1199.04,"s":[{"cn":"SSA","ui":"4470949","t":2.1887447E7,"r":2.1887447E7,"q":20.23,"p":1200.0,"mot":"U","mo":2.1887447E7},{"cn":"","ui":"","t":49336.0,"r":49131.0,"q":10.16,"p":771.0,"mot":"L","mo":49131.0}]},{"d":"05.12.2019","r":2.2091905E7,"q":20.24,"p":1199.04,"s":[{"cn":"SSA","ui":"4470949","t":2.2042579E7,"r":2.2042579E7,"q":20.26,"p":1200.0,"mot":"U","mo":2.2042579E7},{"cn":"","ui":"","t":49531.0,"r":49326.0,"q":10.19,"p":771.0,"mot":"L","mo":49326.0}]},{"d":"06.12.2019","r":2.2247232E7,"q":20.28,"p":1199.05,"s":[{"cn":"SSA","ui":"4470949","t":2.2197711E7,"r":2.2197711E7,"q":20.3,"p":1200.0,"mot":"U","mo":2.2197711E7},{"cn":"","ui":"","t":49726.0,"r":49521.0,"q":10.23,"p":771.0,"mot":"L","mo":49521.0}]},{"d":"09.12.2019","r":2.2713213E7,"q":20.39,"p":1199.05,"s":[{"cn":"SSA","ui":"4470949","t":2.2663107E7,"r":2.2663107E7,"q":20.41,"p":1200.0,"mot":"U","mo":2.2663107E7},{"cn":"","ui":"","t":50311.0,"r":50106.0,"q":10.33,"p":771.0,"mot":"L","mo":50106.0}]},{"d":"10.12.2019","r":2.286854E7,"q":20.43,"p":1199.06,"s":[{"cn":"SSA","ui":"4470949","t":2.2818239E7,"r":2.2818239E7,"q":20.45,"p":1200.0,"mot":"U","mo":2.2818239E7},{"cn":"","ui":"","t":50506.0,"r":50301.0,"q":10.36,"p":771.0,"mot":"L","mo":50301.0}]},{"d":"11.12.2019","r":2.302387E7,"q":20.48,"p":1199.06,"s":[{"cn":"SSA","ui":"4470949","t":2.2973374E7,"r":2.2973374E7,"q":20.5,"p":1200.0,"mot":"U","mo":2.2973374E7},{"cn":"","ui":"","t":50701.0,"r":50496.0,"q":10.4,"p":771.0,"mot":"L","mo":50496.0}]},{"d":"12.12.2019","r":2.3186954E7,"q":20.55,"p":1199.06,"s":[{"cn":"SSA","ui":"4470949","t":2.3136263E7,"r":2.3136263E7,"q":20.57,"p":1200.0,"mot":"U","mo":2.3136263E7},{"cn":"","ui":"","t":50896.0,"r":50691.0,"q":10.43,"p":771.0,"mot":"L","mo":50691.0}]},{"d":"13.12.2019","r":2.3350038E7,"q":20.6,"p":1199.07,"s":[{"cn":"SSA","ui":"4470949","t":2.3299152E7,"r":2.3299152E7,"q":20.62,"p":1200.0,"mot":"U","mo":2.3299152E7},{"cn":"","ui":"","t":51091.0,"r":50886.0,"q":10.46,"p":771.0,"mot":"L","mo":50886.0}]},{"d":"16.12.2019","r":2.38393E7,"q":20.78,"p":1199.07,"s":[{"cn":"SSA","ui":"4470949","t":2.3787819E7,"r":2.3787819E7,"q":20.8,"p":1200.0,"mot":"U","mo":2.3787819E7},{"cn":"","ui":"","t":51681.0,"r":51481.0,"q":10.56,"p":771.0,"mot":"L","mo":51481.0}]},{"d":"17.12.2019","r":2.4002389E7,"q":20.84,"p":1199.08,"s":[{"cn":"SSA","ui":"4470949","t":2.3950708E7,"r":2.3950708E7,"q":20.86,"p":1200.0,"mot":"U","mo":2.3950708E7},{"cn":"","ui":"","t":51881.0,"r":51681.0,"q":10.59,"p":771.0,"mot":"L","mo":51681.0}]},{"d":"18.12.2019","r":2.4165478E7,"q":20.89,"p":1199.08,"s":[{"cn":"SSA","ui":"4470949","t":2.4113597E7,"r":2.4113597E7,"q":20.91,"p":1200.0,"mot":"U","mo":2.4113597E7},{"cn":"","ui":"","t":52081.0,"r":51881.0,"q":10.62,"p":771.0,"mot":"L","mo":51881.0}]},{"d":"19.12.2019","r":2.4328567E7,"q":20.95,"p":1199.08,"s":[{"cn":"SSA","ui":"4470949","t":2.4276486E7,"r":2.4276486E7,"q":20.97,"p":1200.0,"mot":"U","mo":2.4276486E7},{"cn":"","ui":"","t":52281.0,"r":52081.0,"q":10.66,"p":771.0,"mot":"L","mo":52081.0}]},{"d":"20.12.2019","r":2.4491656E7,"q":21.0,"p":1199.08,"s":[{"cn":"SSA","ui":"4470949","t":2.4439375E7,"r":2.4439375E7,"q":21.02,"p":1200.0,"mot":"U","mo":2.4439375E7},{"cn":"","ui":"","t":52481.0,"r":52281.0,"q":10.69,"p":771.0,"mot":"L","mo":52281.0}]},{"d":"23.12.2019","r":2.4980923E7,"q":21.16,"p":1199.09,"s":[{"cn":"SSA","ui":"4470949","t":2.4928042E7,"r":2.4928042E7,"q":21.18,"p":1200.0,"mot":"U","mo":2.4928042E7},{"cn":"","ui":"","t":53081.0,"r":52881.0,"q":10.78,"p":771.0,"mot":"L","mo":52881.0}]},{"d":"24.12.2019","r":2.5144012E7,"q":21.21,"p":1199.09,"s":[{"cn":"SSA","ui":"4470949","t":2.5090931E7,"r":2.5090931E7,"q":21.23,"p":1200.0,"mot":"U","mo":2.5090931E7},{"cn":"","ui":"","t":53281.0,"r":53081.0,"q":10.81,"p":771.0,"mot":"L","mo":53081.0}]},{"d":"25.12.2019","r":2.5307101E7,"q":21.26,"p":1199.1,"s":[{"cn":"SSA","ui":"4470949","t":2.525382E7,"r":2.525382E7,"q":21.28,"p":1200.0,"mot":"U","mo":2.525382E7},{"cn":"","ui":"","t":53481.0,"r":53281.0,"q":10.84,"p":771.0,"mot":"L","mo":53281.0}]},{"d":"26.12.2019","r":2.547019E7,"q":21.31,"p":1199.1,"s":[{"cn":"SSA","ui":"4470949","t":2.5416709E7,"r":2.5416709E7,"q":21.33,"p":1200.0,"mot":"U","mo":2.5416709E7},{"cn":"","ui":"","t":53681.0,"r":53481.0,"q":10.87,"p":771.0,"mot":"L","mo":53481.0}]},{"d":"27.12.2019","r":2.5633279E7,"q":21.36,"p":1199.1,"s":[{"cn":"SSA","ui":"4470949","t":2.5579598E7,"r":2.5579598E7,"q":21.38,"p":1200.0,"mot":"U","mo":2.5579598E7},{"cn":"","ui":"","t":53881.0,"r":53681.0,"q":10.9,"p":771.0,"mot":"L","mo":53681.0}]},{"d":"30.12.2019","r":2.6122546E7,"q":21.51,"p":1199.11,"s":[{"cn":"SSA","ui":"4470949","t":2.6068265E7,"r":2.6068265E7,"q":21.53,"p":1200.0,"mot":"U","mo":2.6068265E7},{"cn":"","ui":"","t":54481.0,"r":54281.0,"q":10.99,"p":771.0,"mot":"L","mo":54281.0}]},{"d":"31.12.2019","r":2.6285635E7,"q":21.55,"p":1199.11,"s":[{"cn":"SSA","ui":"4470949","t":2.6231154E7,"r":2.6231154E7,"q":21.57,"p":1200.0,"mot":"U","mo":2.6231154E7},{"cn":"","ui":"","t":54681.0,"r":54481.0,"q":11.02,"p":771.0,"mot":"L","mo":54481.0}]},{"d":"01.01.2020","r":2.6448724E7,"q":21.6,"p":1199.11,"s":[{"cn":"SSA","ui":"4470949","t":2.6394043E7,"r":2.6394043E7,"q":21.62,"p":1200.0,"mot":"U","mo":2.6394043E7},{"cn":"","ui":"","t":54881.0,"r":54681.0,"q":11.05,"p":771.0,"mot":"L","mo":54681.0}]},{"d":"02.01.2020","r":2.6556932E7,"q":21.66,"p":1200.0,"s":[{"cn":"SSA","ui":"4470949","t":2.6556932E7,"r":2.6556932E7,"q":21.66,"p":1200.0,"mot":"U","mo":2.6556932E7},{"cn":"","ui":"","t":0.0,"r":0.0,"q":0.0,"p":0.0,"mot":"L","mo":0.0}]},{"d":"03.01.2020","r":2.6719821E7,"q":21.71,"p":1200.0,"s":[{"cn":"SSA","ui":"4470949","t":2.6719821E7,"r":2.6719821E7,"q":21.71,"p":1200.0,"mot":"U","mo":2.6719821E7},{"cn":"","ui":"","t":0.0,"r":0.0,"q":0.0,"p":0.0,"mot":"L","mo":0.0}]},{"d":"06.01.2020","r":2.7208488E7,"q":21.84,"p":1200.0,"s":[{"cn":"SSA","ui":"4470949","t":2.7208488E7,"r":2.7208488E7,"q":21.84,"p":1200.0,"mot":"U","mo":2.7208488E7},{"cn":"","ui":"","t":0.0,"r":0.0,"q":0.0,"p":0.0,"mot":"L","mo":0.0}]},{"d":"07.01.2020","r":2.7371377E7,"q":21.88,"p":1200.0,"s":[{"cn":"SSA","ui":"4470949","t":2.7371377E7,"r":2.7371377E7,"q":21.88,"p":1200.0,"mot":"U","mo":2.7371377E7},{"cn":"","ui":"","t":0.0,"r":0.0,"q":0.0,"p":0.0,"mot":"L","mo":0.0}]},{"d":"08.01.2020","r":2.7534266E7,"q":21.93,"p":1200.0,"s":[{"cn":"SSA","ui":"4470949","t":2.7534266E7,"r":2.7534266E7,"q":21.93,"p":1200.0,"mot":"U","mo":2.7534266E7},{"cn":"","ui":"","t":0.0,"r":0.0,"q":0.0,"p":0.0,"mot":"L","mo":0.0}]},{"d":"09.01.2020","r":2.7697155E7,"q":21.97,"p":1200.0,"s":[{"cn":"SSA","ui":"4470949","t":2.7697155E7,"r":2.7697155E7,"q":21.97,"p":1200.0,"mot":"U","mo":2.7697155E7},{"cn":"","ui":"","t":0.0,"r":0.0,"q":0.0,"p":0.0,"mot":"L","mo":0.0}]},{"d":"10.01.2020","r":2.7860044E7,"q":22.01,"p":1200.0,"s":[{"cn":"SSA","ui":"4470949","t":2.7860044E7,"r":2.7860044E7,"q":22.01,"p":1200.0,"mot":"U","mo":2.7860044E7},{"cn":"","ui":"","t":0.0,"r":0.0,"q":0.0,"p":0.0,"mot":"L","mo":0.0}]},{"d":"13.01.2020","r":2.8348711E7,"q":22.13,"p":1200.0,"s":[{"cn":"SSA","ui":"4470949","t":2.8348711E7,"r":2.8348711E7,"q":22.13,"p":1200.0,"mot":"U","mo":2.8348711E7},{"cn":"","ui":"","t":0.0,"r":0.0,"q":0.0,"p":0.0,"mot":"L","mo":0.0}]},{"d":"14.01.2020","r":2.85116E7,"q":22.17,"p":1200.0,"s":[{"cn":"SSA","ui":"4470949","t":2.85116E7,"r":2.85116E7,"q":22.17,"p":1200.0,"mot":"U","mo":2.85116E7},{"cn":"","ui":"","t":0.0,"r":0.0,"q":0.0,"p":0.0,"mot":"L","mo":0.0}]},{"d":"15.01.2020","r":2.8674489E7,"q":22.21,"p":1200.0,"s":[{"cn":"SSA","ui":"4470949","t":2.8674489E7,"r":2.8674489E7,"q":22.21,"p":1200.0,"mot":"U","mo":2.8674489E7},{"cn":"","ui":"","t":0.0,"r":0.0,"q":0.0,"p":0.0,"mot":"L","mo":0.0}]},{"d":"16.01.2020","r":2.8837378E7,"q":22.25,"p":1200.0,"s":[{"cn":"SSA","ui":"4470949","t":2.8837378E7,"r":2.8837378E7,"q":22.25,"p":1200.0,"mot":"U","mo":2.8837378E7},{"cn":"","ui":"","t":0.0,"r":0.0,"q":0.0,"p":0.0,"mot":"L","mo":0.0}]},{"d":"17.01.2020","r":2.9000267E7,"q":22.29,"p":1200.0,"s":[{"cn":"SSA","ui":"4470949","t":2.9000267E7,"r":2.9000267E7,"q":22.29,"p":1200.0,"mot":"U","mo":2.9000267E7},{"cn":"","ui":"","t":0.0,"r":0.0,"q":0.0,"p":0.0,"mot":"L","mo":0.0}]},{"d":"20.01.2020","r":2.9488934E7,"q":22.4,"p":1200.0,"s":[{"cn":"SSA","ui":"4470949","t":2.9488934E7,"r":2.9488934E7,"q":22.4,"p":1200.0,"mot":"U","mo":2.9488934E7},{"cn":"","ui":"","t":0.0,"r":0.0,"q":0.0,"p":0.0,"mot":"L","mo":0.0}]},{"d":"21.01.2020","r":2.9651823E7,"q":22.44,"p":1200.0,"s":[{"cn":"SSA","ui":"4470949","t":2.9651823E7,"r":2.9651823E7,"q":22.44,"p":1200.0,"mot":"U","mo":2.9651823E7},{"cn":"","ui":"","t":0.0,"r":0.0,"q":0.0,"p":0.0,"mot":"L","mo":0.0}]},{"d":"22.01.2020","r":2.9814712E7,"q":22.47,"p":1200.0,"s":[{"cn":"SSA","ui":"4470949","t":2.9814712E7,"r":2.9814712E7,"q":22.47,"p":1200.0,"mot":"U","mo":2.9814712E7},{"cn":"","ui":"","t":0.0,"r":0.0,"q":0.0,"p":0.0,"mot":"L","mo":0.0}]},{"d":"23.01.2020","r":2.9977601E7,"q":22.51,"p":1200.0,"s":[{"cn":"SSA","ui":"4470949","t":2.9977601E7,"r":2.9977601E7,"q":22.51,"p":1200.0,"mot":"U","mo":2.9977601E7},{"cn":"","ui":"","t":0.0,"r":0.0,"q":0.0,"p":0.0,"mot":"L","mo":0.0}]},{"d":"24.01.2020","r":3.014049E7,"q":22.55,"p":1200.0,"s":[{"cn":"SSA","ui":"4470949","t":3.014049E7,"r":3.014049E7,"q":22.55,"p":1200.0,"mot":"U","mo":3.014049E7},{"cn":"","ui":"","t":0.0,"r":0.0,"q":0.0,"p":0.0,"mot":"L","mo":0.0}]},{"d":"27.01.2020","r":3.0629157E7,"q":22.65,"p":1200.0,"s":[{"cn":"SSA","ui":"4470949","t":3.0629157E7,"r":3.0629157E7,"q":22.65,"p":1200.0,"mot":"U","mo":3.0629157E7},{"cn":"","ui":"","t":0.0,"r":0.0,"q":0.0,"p":0.0,"mot":"L","mo":0.0}]},{"d":"28.01.2020","r":3.0792046E7,"q":22.68,"p":1200.0,"s":[{"cn":"SSA","ui":"4470949","t":3.0792046E7,"r":3.0792046E7,"q":22.68,"p":1200.0,"mot":"U","mo":3.0792046E7},{"cn":"","ui":"","t":0.0,"r":0.0,"q":0.0,"p":0.0,"mot":"L","mo":0.0}]},{"d":"29.01.2020","r":3.0954935E7,"q":22.72,"p":1200.0,"s":[{"cn":"SSA","ui":"4470949","t":3.0954935E7,"r":3.0954935E7,"q":22.72,"p":1200.0,"mot":"U","mo":3.0954935E7},{"cn":"","ui":"","t":0.0,"r":0.0,"q":0.0,"p":0.0,"mot":"L","mo":0.0}]},{"d":"30.01.2020","r":3.1117824E7,"q":22.75,"p":1200.0,"s":[{"cn":"SSA","ui":"4470949","t":3.1117824E7,"r":3.1117824E7,"q":22.75,"p":1200.0,"mot":"U","mo":3.1117824E7},{"cn":"","ui":"","t":0.0,"r":0.0,"q":0.0,"p":0.0,"mot":"L","mo":0.0}]},{"d":"31.01.2020","r":3.1280713E7,"q":22.78,"p":1200.0,"s":[{"cn":"SSA","ui":"4470949","t":3.1280713E7,"r":3.1280713E7,"q":22.78,"p":1200.0,"mot":"U","mo":3.1280713E7},{"cn":"","ui":"","t":0.0,"r":0.0,"q":0.0,"p":0.0,"mot":"L","mo":0.0}]},{"d":"03.02.2020","r":3.176938E7,"q":22.87,"p":1200.0,"s":[{"cn":"SSA","ui":"4470949","t":3.176938E7,"r":3.176938E7,"q":22.87,"p":1200.0,"mot":"U","mo":3.176938E7},{"cn":"","ui":"","t":0.0,"r":0.0,"q":0.0,"p":0.0,"mot":"L","mo":0.0}]},{"d":"04.02.2020","r":3.1932269E7,"q":22.9,"p":1200.0,"s":[{"cn":"SSA","ui":"4470949","t":3.1932269E7,"r":3.1932269E7,"q":22.9,"p":1200.0,"mot":"U","mo":3.1932269E7},{"cn":"","ui":"","t":0.0,"r":0.0,"q":0.0,"p":0.0,"mot":"L","mo":0.0}]},{"d":"05.02.2020","r":3.2095158E7,"q":22.93,"p":1200.0,"s":[{"cn":"SSA","ui":"4470949","t":3.2095158E7,"r":3.2095158E7,"q":22.93,"p":1200.0,"mot":"U","mo":3.2095158E7},{"cn":"","ui":"","t":0.0,"r":0.0,"q":0.0,"p":0.0,"mot":"L","mo":0.0}]},{"d":"06.02.2020","r":3.2258047E7,"q":22.97,"p":1200.0,"s":[{"cn":"SSA","ui":"4470949","t":3.2258047E7,"r":3.2258047E7,"q":22.97,"p":1200.0,"mot":"U","mo":3.2258047E7},{"cn":"","ui":"","t":0.0,"r":0.0,"q":0.0,"p":0.0,"mot":"L","mo":0.0}]},{"d":"07.02.2020","r":3.2420936E7,"q":23.0,"p":1200.0,"s":[{"cn":"SSA","ui":"4470949","t":3.2420936E7,"r":3.2420936E7,"q":23.0,"p":1200.0,"mot":"U","mo":3.2420936E7},{"cn":"","ui":"","t":0.0,"r":0.0,"q":0.0,"p":0.0,"mot":"L","mo":0.0}]},{"d":"10.02.2020","r":3.2917748E7,"q":23.12,"p":1200.0,"s":[{"cn":"SSA","ui":"4470949","t":3.2917748E7,"r":3.2917748E7,"q":23.12,"p":1200.0,"mot":"U","mo":3.2917748E7},{"cn":"","ui":"","t":0.0,"r":0.0,"q":0.0,"p":0.0,"mot":"L","mo":0.0}]},{"d":"11.02.2020","r":3.3088781E7,"q":23.17,"p":1200.0,"s":[{"cn":"SSA","ui":"4470949","t":3.3088781E7,"r":3.3088781E7,"q":23.17,"p":1200.0,"mot":"U","mo":3.3088781E7},{"cn":"","ui":"","t":0.0,"r":0.0,"q":0.0,"p":0.0,"mot":"L","mo":0.0}]},{"d":"12.02.2020","r":3.3259814E7,"q":23.22,"p":1200.0,"s":[{"cn":"SSA","ui":"4470949","t":3.3259814E7,"r":3.3259814E7,"q":23.22,"p":1200.0,"mot":"U","mo":3.3259814E7},{"cn":"","ui":"","t":0.0,"r":0.0,"q":0.0,"p":0.0,"mot":"L","mo":0.0}]},{"d":"13.02.2020","r":3.3430847E7,"q":23.27,"p":1200.0,"s":[{"cn":"SSA","ui":"4470949","t":3.3430847E7,"r":3.3430847E7,"q":23.27,"p":1200.0,"mot":"U","mo":3.3430847E7},{"cn":"","ui":"","t":0.0,"r":0.0,"q":0.0,"p":0.0,"mot":"L","mo":0.0}]},{"d":"14.02.2020","r":3.360188E7,"q":23.32,"p":1200.0,"s":[{"cn":"SSA","ui":"4470949","t":3.360188E7,"r":3.360188E7,"q":23.32,"p":1200.0,"mot":"U","mo":3.360188E7},{"cn":"","ui":"","t":0.0,"r":0.0,"q":0.0,"p":0.0,"mot":"L","mo":0.0}]},{"d":"17.02.2020","r":3.4114979E7,"q":23.46,"p":1200.0,"s":[{"cn":"SSA","ui":"4470949","t":3.4114979E7,"r":3.4114979E7,"q":23.46,"p":1200.0,"mot":"U","mo":3.4114979E7},{"cn":"","ui":"","t":0.0,"r":0.0,"q":0.0,"p":0.0,"mot":"L","mo":0.0}]},{"d":"30.03.2020","r":100.0,"q":1.0,"p":350.0,"s":[{"cn":"Б1119-38.03.02(3)_АнчоусИндастриз","ui":"4797527","t":436.0,"r":132.0,"q":1.0,"p":350.0,"mot":"L","mo":100.0},{"cn":"","ui":"","t":0.0,"r":0.0,"q":0.0,"p":0.0,"mot":"L","mo":0.0}]},{"d":"10.04.2020","r":76622.0,"q":1.0,"p":365.0,"s":[{"cn":"LEMANSITO CORPORATION","ui":"4798664","t":76622.0,"r":76622.0,"q":1.0,"p":365.0,"mot":"U","mo":76622.0},{"cn":"","ui":"","t":0.0,"r":0.0,"q":0.0,"p":0.0,"mot":"L","mo":0.0}]},{"d":"13.04.2020","r":96285.0,"q":1.12,"p":365.0,"s":[{"cn":"LEMANSITO CORPORATION","ui":"4798664","t":96305.0,"r":96285.0,"q":1.12,"p":365.0,"mot":"U","mo":96285.0},{"cn":"","ui":"","t":0.0,"r":0.0,"q":0.0,"p":0.0,"mot":"L","mo":0.0}]},{"d":"15.04.2020","r":29051.0,"q":1.03,"p":365.0,"s":[{"cn":"LEMANSITO CORPORATION","ui":"4798664","t":49051.0,"r":29051.0,"q":1.03,"p":365.0,"mot":"U","mo":29051.0},{"cn":"","ui":"","t":0.0,"r":0.0,"q":0.0,"p":0.0,"mot":"L","mo":0.0}]},{"d":"16.04.2020","r":34987.0,"q":1.02,"p":365.0,"s":[{"cn":"LEMANSITO CORPORATION","ui":"4798664","t":54987.0,"r":34987.0,"q":1.02,"p":365.0,"mot":"U","mo":34987.0},{"cn":"","ui":"","t":0.0,"r":0.0,"q":0.0,"p":0.0,"mot":"L","mo":0.0}]},{"d":"22.04.2020","r":30377.0,"q":1.0,"p":365.0,"s":[{"cn":"LEMANSITO CORPORATION","ui":"4798664","t":30690.0,"r":30377.0,"q":1.0,"p":365.0,"mot":"U","mo":30377.0},{"cn":"","ui":"","t":0.0,"r":0.0,"q":0.0,"p":0.0,"mot":"L","mo":0.0}]},{"d":"23.04.2020","r":44294.0,"q":1.0,"p":365.0,"s":[{"cn":"LEMANSITO CORPORATION","ui":"4798664","t":44800.0,"r":44294.0,"q":1.0,"p":365.0,"mot":"U","mo":44294.0},{"cn":"","ui":"","t":0.0,"r":0.0,"q":0.0,"p":0.0,"mot":"L","mo":0.0}]},{"d":"27.04.2020","r":59238.0,"q":1.0,"p":365.0,"s":[{"cn":"LEMANSITO CORPORATION","ui":"4798664","t":62398.0,"r":59238.0,"q":1.0,"p":365.0,"mot":"U","mo":59238.0},{"cn":"","ui":"","t":0.0,"r":0.0,"q":0.0,"p":0.0,"mot":"L","mo":0.0}]},{"d":"28.04.2020","r":30146.0,"q":1.0,"p":365.0,"s":[{"cn":"LEMANSITO CORPORATION","ui":"4798664","t":34386.0,"r":30146.0,"q":1.0,"p":365.0,"mot":"U","mo":30146.0},{"cn":"","ui":"","t":0.0,"r":0.0,"q":0.0,"p":0.0,"mot":"L","mo":0.0}]},{"d":"29.04.2020","r":50322.0,"q":1.0,"p":365.0,"s":[{"cn":"LEMANSITO CORPORATION","ui":"4798664","t":54577.0,"r":50322.0,"q":1.0,"p":365.0,"mot":"U","mo":50322.0},{"cn":"","ui":"","t":0.0,"r":0.0,"q":0.0,"p":0.0,"mot":"L","mo":0.0}]},{"d":"30.04.2020","r":38482.0,"q":1.0,"p":365.0,"s":[{"cn":"LEMANSITO CORPORATION","ui":"4798664","t":46558.0,"r":38482.0,"q":1.0,"p":365.0,"mot":"U","mo":38482.0},{"cn":"","ui":"","t":0.0,"r":0.0,"q":0.0,"p":0.0,"mot":"L","mo":0.0}]},{"d":"04.05.2020","r":1541.0,"q":1.0,"p":130.0,"s":[{"cn":"Б1118-38.03.01вшэ(1)_Newsky","ui":"4843309","t":2850.0,"r":1541.0,"q":1.0,"p":130.0,"mot":"L","mo":1541.0},{"cn":"","ui":"","t":0.0,"r":0.0,"q":0.0,"p":0.0,"mot":"L","mo":0.0}]},{"d":"07.05.2020","r":8999.0,"q":1.0,"p":317.22,"s":[{"cn":"Б1118-38.03.01вшэ(1)_Newsky","ui":"4843309","t":3996.0,"r":2991.0,"q":1.0,"p":150.0,"mot":"L","mo":2000.0},{"cn":"LEMANSITO CORPORATION","ui":"4798664","t":86339.0,"r":6999.0,"q":1.0,"p":365.0,"mot":"U","mo":6999.0},{"cn":"","ui":"","t":0.0,"r":0.0,"q":0.0,"p":0.0,"mot":"L","mo":0.0}]},{"d":"08.05.2020","r":300.0,"q":4.17,"p":190.0,"s":[{"cn":"team314_KosmoS","ui":"4848097","t":3000.0,"r":1550.0,"q":4.17,"p":190.0,"mot":"L","mo":300.0},{"cn":"","ui":"","t":0.0,"r":0.0,"q":0.0,"p":0.0,"mot":"L","mo":0.0}]},{"d":"13.05.2020","r":7570.0,"q":1.13,"p":151.59,"s":[{"cn":"Б1118-38.03.01-вшэ(2)_KJMcorporation","ui":"4851488","t":10000.0,"r":7270.0,"q":1.0,"p":150.0,"mot":"U","mo":7270.0},{"cn":"","ui":"","t":3285.0,"r":300.0,"q":4.17,"p":190.0,"mot":"L","mo":300.0}]},{"d":"14.05.2020","r":8840.0,"q":1.11,"p":151.36,"s":[{"cn":"Б1118-38.03.01-вшэ(2)_KJMcorporation","ui":"4851488","t":10620.0,"r":8540.0,"q":1.0,"p":150.0,"mot":"U","mo":8540.0},{"cn":"","ui":"","t":3780.0,"r":300.0,"q":4.17,"p":190.0,"mot":"L","mo":300.0}]},{"d":"15.05.2020","r":148996.0,"q":1.0,"p":426.45,"s":[{"cn":"Б1118-38.03.01-вшэ(2)_KJMcorporation","ui":"4851488","t":16640.0,"r":11435.0,"q":1.0,"p":150.0,"mot":"U","mo":11435.0},{"cn":"LEMANSITO CORPORATION","ui":"4798664","t":153261.0,"r":137261.0,"q":1.0,"p":450.0,"mot":"U","mo":137261.0},{"cn":"","ui":"","t":4265.0,"r":300.0,"q":3.42,"p":190.0,"mot":"L","mo":300.0}]},{"d":"18.05.2020","r":241366.0,"q":1.04,"p":410.3,"s":[{"cn":"Б1118-38.03.01вшэ(1)Hydra","ui":"4854022","t":40000.0,"r":39600.0,"q":1.16,"p":210.0,"mot":"U","mo":39600.0},{"cn":"LEMANSITO CORPORATION","ui":"4798664","t":246466.0,"r":201466.0,"q":1.01,"p":450.0,"mot":"U","mo":201466.0},{"cn":"","ui":"","t":21870.0,"r":300.0,"q":3.24,"p":190.0,"mot":"L","mo":300.0}]},{"d":"19.05.2020","r":225423.0,"q":1.05,"p":350.0,"s":[{"cn":"LEMANSITO CORPORATION","ui":"4798664","t":274473.0,"r":225423.0,"q":1.05,"p":350.0,"mot":"U","mo":225423.0},{"cn":"","ui":"","t":0.0,"r":0.0,"q":0.0,"p":0.0,"mot":"L","mo":0.0}]},{"d":"20.05.2020","r":245736.0,"q":1.08,"p":350.0,"s":[{"cn":"LEMANSITO CORPORATION","ui":"4798664","t":296636.0,"r":245736.0,"q":1.08,"p":350.0,"mot":"U","mo":245736.0},{"cn":"","ui":"","t":0.0,"r":0.0,"q":0.0,"p":0.0,"mot":"L","mo":0.0}]},{"d":"21.05.2020","r":238682.0,"q":1.09,"p":350.0,"s":[{"cn":"LEMANSITO CORPORATION","ui":"4798664","t":292257.0,"r":238682.0,"q":1.09,"p":350.0,"mot":"U","mo":238682.0},{"cn":"","ui":"","t":0.0,"r":0.0,"q":0.0,"p":0.0,"mot":"L","mo":0.0}]},{"d":"02.06.2020","r":30971.0,"q":1.16,"p":350.0,"s":[{"cn":"LEMANSITO CORPORATION","ui":"4798664","t":48421.0,"r":30971.0,"q":1.16,"p":350.0,"mot":"U","mo":30971.0},{"cn":"","ui":"","t":0.0,"r":0.0,"q":0.0,"p":0.0,"mot":"L","mo":0.0}]},{"d":"03.06.2020","r":46603.0,"q":1.16,"p":350.0,"s":[{"cn":"LEMANSITO CORPORATION","ui":"4798664","t":63603.0,"r":46603.0,"q":1.16,"p":350.0,"mot":"U","mo":46603.0},{"cn":"","ui":"","t":0.0,"r":0.0,"q":0.0,"p":0.0,"mot":"L","mo":0.0}]},{"d":"05.06.2020","r":78943.0,"q":1.16,"p":350.0,"s":[{"cn":"LEMANSITO CORPORATION","ui":"4798664","t":95943.0,"r":78943.0,"q":1.16,"p":350.0,"mot":"U","mo":78943.0},{"cn":"","ui":"","t":0.0,"r":0.0,"q":0.0,"p":0.0,"mot":"L","mo":0.0}]},{"d":"08.06.2020","r":46250.0,"q":1.16,"p":350.0,"s":[{"cn":"LEMANSITO CORPORATION","ui":"4798664","t":88250.0,"r":46250.0,"q":1.16,"p":350.0,"mot":"U","mo":46250.0},{"cn":"","ui":"","t":0.0,"r":0.0,"q":0.0,"p":0.0,"mot":"L","mo":0.0}]},{"d":"09.06.2020","r":4250.0,"q":1.16,"p":350.0,"s":[{"cn":"LEMANSITO CORPORATION","ui":"4798664","t":46250.0,"r":4250.0,"q":1.16,"p":350.0,"mot":"U","mo":4250.0},{"cn":"","ui":"","t":0.0,"r":0.0,"q":0.0,"p":0.0,"mot":"L","mo":0.0}]},{"d":"07.01.2021","r":6.8826025E7,"q":14.35,"p":1873.92,"s":[{"cn":"IvanM1980 и компания","ui":"8671211","t":6.1913022E7,"r":6.1913022E7,"q":14.77,"p":2000.0,"mot":"U","mo":6.1913022E7},{"cn":"","ui":"","t":1.5266144E7,"r":6913003.0,"q":10.56,"p":744.74,"mot":"L","mo":6913003.0}]},{"d":"09.03.2021","r":40000.0,"q":2.12,"p":95.0,"s":[{"cn":"Альянс","ui":"5098401","t":40000.0,"r":40000.0,"q":2.12,"p":95.0,"mot":"U","mo":40000.0},{"cn":"","ui":"","t":0.0,"r":0.0,"q":0.0,"p":0.0,"mot":"L","mo":0.0}]},{"d":"10.03.2021","r":26235.0,"q":2.3,"p":95.0,"s":[{"cn":"Альянс","ui":"5098401","t":86235.0,"r":26235.0,"q":2.3,"p":95.0,"mot":"U","mo":26235.0},{"cn":"","ui":"","t":0.0,"r":0.0,"q":0.0,"p":0.0,"mot":"L","mo":0.0}]},{"d":"11.03.2021","r":2995.0,"q":2.41,"p":95.0,"s":[{"cn":"Альянс","ui":"5098401","t":72995.0,"r":2995.0,"q":2.41,"p":95.0,"mot":"U","mo":2995.0},{"cn":"","ui":"","t":0.0,"r":0.0,"q":0.0,"p":0.0,"mot":"L","mo":0.0}]},{"d":"19.03.2021","r":29679.0,"q":3.2,"p":150.0,"s":[{"cn":"Альянс","ui":"5098401","t":75734.0,"r":29679.0,"q":3.2,"p":150.0,"mot":"U","mo":29679.0},{"cn":"","ui":"","t":0.0,"r":0.0,"q":0.0,"p":0.0,"mot":"L","mo":0.0}]},{"d":"22.03.2021","r":58231.0,"q":3.58,"p":200.0,"s":[{"cn":"Альянс","ui":"5103491","t":98231.0,"r":58231.0,"q":3.58,"p":200.0,"mot":"U","mo":58231.0},{"cn":"","ui":"","t":0.0,"r":0.0,"q":0.0,"p":0.0,"mot":"L","mo":0.0}]},{"d":"23.03.2021","r":116314.0,"q":3.58,"p":200.0,"s":[{"cn":"Альянс","ui":"5103491","t":156314.0,"r":116314.0,"q":3.58,"p":200.0,"mot":"U","mo":116314.0},{"cn":"","ui":"","t":0.0,"r":0.0,"q":0.0,"p":0.0,"mot":"L","mo":0.0}]},{"d":"24.03.2021","r":74249.0,"q":3.58,"p":200.0,"s":[{"cn":"Альянс","ui":"5103491","t":214249.0,"r":74249.0,"q":3.58,"p":200.0,"mot":"U","mo":74249.0},{"cn":"","ui":"","t":0.0,"r":0.0,"q":0.0,"p":0.0,"mot":"L","mo":0.0}]},{"d":"02.05.2022","r":10000.0,"q":1.0,"p":80.0,"s":[{"cn":"Au1498189_16704 Ltd.","ui":"5364774","t":20000.0,"r":20000.0,"q":1.0,"p":80.0,"mot":"L","mo":10000.0},{"cn":"","ui":"","t":0.0,"r":0.0,"q":0.0,"p":0.0,"mot":"L","mo":0.0}]},{"d":"03.05.2022","r":10000.0,"q":1.0,"p":80.0,"s":[{"cn":"Au1498189_16704 Ltd.","ui":"5364774","t":30000.0,"r":30000.0,"q":1.0,"p":80.0,"mot":"L","mo":10000.0},{"cn":"","ui":"","t":0.0,"r":0.0,"q":0.0,"p":0.0,"mot":"L","mo":0.0}]},{"d":"04.05.2022","r":10000.0,"q":1.0,"p":80.0,"s":[{"cn":"Au1498189_16704 Ltd.","ui":"5364774","t":40000.0,"r":40000.0,"q":1.0,"p":80.0,"mot":"L","mo":10000.0},{"cn":"","ui":"","t":0.0,"r":0.0,"q":0.0,"p":0.0,"mot":"L","mo":0.0}]},{"d":"05.05.2022","r":10000.0,"q":1.0,"p":80.0,"s":[{"cn":"Au1498189_16704 Ltd.","ui":"5364774","t":50000.0,"r":50000.0,"q":1.0,"p":80.0,"mot":"L","mo":10000.0},{"cn":"","ui":"","t":0.0,"r":0.0,"q":0.0,"p":0.0,"mot":"L","mo":0.0}]},{"d":"16.05.2022","r":1000.0,"q":1.0,"p":133.0,"s":[{"cn":"MarinaTat`yanaAleksandr","ui":"5370778","t":3035.0,"r":2615.0,"q":1.0,"p":133.0,"mot":"L","mo":1000.0},{"cn":"","ui":"","t":0.0,"r":0.0,"q":0.0,"p":0.0,"mot":"L","mo":0.0}]},{"d":"17.05.2022","r":1000.0,"q":1.35,"p":133.0,"s":[{"cn":"MarinaTat`yanaAleksandr","ui":"5370778","t":6815.0,"r":6615.0,"q":1.35,"p":133.0,"mot":"L","mo":1000.0},{"cn":"","ui":"","t":0.0,"r":0.0,"q":0.0,"p":0.0,"mot":"L","mo":0.0}]},{"d":"18.05.2022","r":1000.0,"q":1.43,"p":133.0,"s":[{"cn":"MarinaTat`yanaAleksandr","ui":"5370778","t":10815.0,"r":10615.0,"q":1.43,"p":133.0,"mot":"L","mo":1000.0},{"cn":"","ui":"","t":0.0,"r":0.0,"q":0.0,"p":0.0,"mot":"L","mo":0.0}]},{"d":"19.05.2022","r":1000.0,"q":1.47,"p":106.0,"s":[{"cn":"MarinaTat`yanaAleksandr","ui":"5370778","t":14265.0,"r":13515.0,"q":1.47,"p":106.0,"mot":"L","mo":1000.0},{"cn":"","ui":"","t":0.0,"r":0.0,"q":0.0,"p":0.0,"mot":"L","mo":0.0}]},{"d":"20.05.2022","r":1000.0,"q":1.5,"p":106.0,"s":[{"cn":"MarinaTat`yanaAleksandr","ui":"5370778","t":17725.0,"r":16585.0,"q":1.5,"p":106.0,"mot":"L","mo":1000.0},{"cn":"","ui":"","t":0.0,"r":0.0,"q":0.0,"p":0.0,"mot":"L","mo":0.0}]},{"d":"23.05.2022","r":1000.0,"q":1.75,"p":106.0,"s":[{"cn":"MarinaTat`yanaAleksandr","ui":"5370778","t":27535.0,"r":26395.0,"q":1.75,"p":106.0,"mot":"L","mo":1000.0},{"cn":"","ui":"","t":0.0,"r":0.0,"q":0.0,"p":0.0,"mot":"L","mo":0.0}]},{"d":"24.05.2022","r":1000.0,"q":1.79,"p":106.0,"s":[{"cn":"MarinaTat`yanaAleksandr","ui":"5370778","t":30805.0,"r":29160.0,"q":1.79,"p":106.0,"mot":"L","mo":1000.0},{"cn":"","ui":"","t":0.0,"r":0.0,"q":0.0,"p":0.0,"mot":"L","mo":0.0}]},{"d":"25.05.2022","r":25000.0,"q":1.82,"p":106.0,"s":[{"cn":"MarinaTat`yanaAleksandr","ui":"5370778","t":33260.0,"r":30115.0,"q":1.82,"p":106.0,"mot":"L","mo":25000.0},{"cn":"","ui":"","t":0.0,"r":0.0,"q":0.0,"p":0.0,"mot":"L","mo":0.0}]},{"d":"26.05.2022","r":12663.0,"q":1.84,"p":106.0,"s":[{"cn":"MarinaTat`yanaAleksandr","ui":"5379346","t":1000.0,"r":1000.0,"q":1.82,"p":106.0,"mot":"U","mo":1000.0},{"cn":"MarinaTat`yanaAleksandr","ui":"5370778","t":33863.0,"r":11663.0,"q":1.84,"p":106.0,"mot":"L","mo":11663.0},{"cn":"","ui":"","t":0.0,"r":0.0,"q":0.0,"p":0.0,"mot":"L","mo":0.0}]},{"d":"27.05.2022","r":34211.0,"q":1.86,"p":106.0,"s":[{"cn":"MarinaTat`yanaAleksandr","ui":"5379346","t":21000.0,"r":21000.0,"q":1.84,"p":106.0,"mot":"U","mo":21000.0},{"cn":"MarinaTat`yanaAleksandr","ui":"5370778","t":15411.0,"r":13211.0,"q":1.89,"p":106.0,"mot":"L","mo":13211.0},{"cn":"","ui":"","t":0.0,"r":0.0,"q":0.0,"p":0.0,"mot":"L","mo":0.0}]},{"d":"11.08.2022","r":888689.0,"q":38.28,"p":2222.0,"s":[{"cn":"All4You","ui":"5092154","t":888689.0,"r":888689.0,"q":38.28,"p":2222.0,"mot":"U","mo":888689.0},{"cn":"","ui":"","t":0.0,"r":0.0,"q":0.0,"p":0.0,"mot":"L","mo":0.0}]},{"d":"18.08.2022","r":900896.0,"q":38.25,"p":2222.0,"s":[{"cn":"All4You","ui":"5092154","t":900896.0,"r":900896.0,"q":38.25,"p":2222.0,"mot":"U","mo":900896.0},{"cn":"","ui":"","t":0.0,"r":0.0,"q":0.0,"p":0.0,"mot":"L","mo":0.0}]}]