[{"d":"11.04.2022","r":63860.0,"q":1.01,"p":100.0,"s":[{"cn":"ЛюБлЮ сВоЮ жИзНь","ui":"8978133","t":63860.0,"r":63860.0,"q":1.01,"p":100.0,"mot":"U","mo":63860.0},{"cn":"","ui":"","t":0.0,"r":0.0,"q":0.0,"p":0.0,"mot":"L","mo":0.0}]},{"d":"14.04.2022","r":60660.0,"q":1.01,"p":100.0,"s":[{"cn":"ЛюБлЮ сВоЮ жИзНь","ui":"8978133","t":63860.0,"r":60660.0,"q":1.01,"p":100.0,"mot":"U","mo":60660.0},{"cn":"","ui":"","t":0.0,"r":0.0,"q":0.0,"p":0.0,"mot":"L","mo":0.0}]},{"d":"15.04.2022","r":124513.0,"q":1.31,"p":100.0,"s":[{"cn":"SMART Technologies","ui":"8981584","t":67053.0,"r":67053.0,"q":1.57,"p":100.0,"mot":"U","mo":67053.0},{"cn":"ЛюБлЮ сВоЮ жИзНь","ui":"8978133","t":60660.0,"r":57460.0,"q":1.01,"p":100.0,"mot":"U","mo":57460.0},{"cn":"","ui":"","t":0.0,"r":0.0,"q":0.0,"p":0.0,"mot":"L","mo":0.0}]},{"d":"18.04.2022","r":283622.0,"q":1.25,"p":100.0,"s":[{"cn":"SMART Technologies","ui":"8981584","t":141102.0,"r":125102.0,"q":1.57,"p":100.0,"mot":"U","mo":125102.0},{"cn":"ABC","ui":"8978132","t":158520.0,"r":158520.0,"q":1.0,"p":100.0,"mot":"U","mo":158520.0},{"cn":"","ui":"","t":0.0,"r":0.0,"q":0.0,"p":0.0,"mot":"L","mo":0.0}]},{"d":"19.04.2022","r":316576.0,"q":1.26,"p":100.0,"s":[{"cn":"SMART Technologies","ui":"8981584","t":158366.0,"r":142356.0,"q":1.57,"p":100.0,"mot":"U","mo":142356.0},{"cn":"ABC","ui":"8978132","t":174220.0,"r":174220.0,"q":1.0,"p":100.0,"mot":"U","mo":174220.0},{"cn":"","ui":"","t":0.0,"r":0.0,"q":0.0,"p":0.0,"mot":"L","mo":0.0}]},{"d":"20.04.2022","r":349427.0,"q":1.26,"p":100.0,"s":[{"cn":"SMART Technologies","ui":"8981584","t":175557.0,"r":159547.0,"q":1.57,"p":100.0,"mot":"U","mo":159547.0},{"cn":"ABC","ui":"8978132","t":189880.0,"r":189880.0,"q":1.0,"p":100.0,"mot":"U","mo":189880.0},{"cn":"","ui":"","t":0.0,"r":0.0,"q":0.0,"p":0.0,"mot":"L","mo":0.0}]},{"d":"21.04.2022","r":382216.0,"q":1.26,"p":100.0,"s":[{"cn":"SMART Technologies","ui":"8981584","t":192706.0,"r":176696.0,"q":1.57,"p":100.0,"mot":"U","mo":176696.0},{"cn":"ABC","ui":"8978132","t":205520.0,"r":205520.0,"q":1.0,"p":100.0,"mot":"U","mo":205520.0},{"cn":"","ui":"","t":0.0,"r":0.0,"q":0.0,"p":0.0,"mot":"L","mo":0.0}]},{"d":"22.04.2022","r":221120.0,"q":1.0,"p":100.0,"s":[{"cn":"ABC","ui":"8978132","t":221120.0,"r":221120.0,"q":1.0,"p":100.0,"mot":"U","mo":221120.0},{"cn":"","ui":"","t":0.0,"r":0.0,"q":0.0,"p":0.0,"mot":"L","mo":0.0}]},{"d":"09.05.2022","r":237510.0,"q":1.57,"p":100.0,"s":[{"cn":"Magistratus Ltd.","ui":"8995426","t":237510.0,"r":237510.0,"q":1.57,"p":100.0,"mot":"U","mo":237510.0},{"cn":"","ui":"","t":0.0,"r":0.0,"q":0.0,"p":0.0,"mot":"L","mo":0.0}]},{"d":"10.05.2022","r":4000.0,"q":1.0,"p":100.0,"s":[{"cn":"YDaKota Инвест","ui":"9001118","t":4000.0,"r":4000.0,"q":1.0,"p":100.0,"mot":"U","mo":4000.0},{"cn":"","ui":"","t":0.0,"r":0.0,"q":0.0,"p":0.0,"mot":"L","mo":0.0}]},{"d":"16.05.2022","r":2220203.0,"q":1.57,"p":200.0,"s":[{"cn":"fumity group","ui":"9002669","t":2220203.0,"r":2220203.0,"q":1.57,"p":200.0,"mot":"U","mo":2220203.0},{"cn":"","ui":"","t":0.0,"r":0.0,"q":0.0,"p":0.0,"mot":"L","mo":0.0}]},{"d":"17.05.2022","r":3059951.0,"q":1.57,"p":200.0,"s":[{"cn":"fumity group","ui":"9002669","t":3059951.0,"r":3059951.0,"q":1.57,"p":200.0,"mot":"U","mo":3059951.0},{"cn":"","ui":"","t":0.0,"r":0.0,"q":0.0,"p":0.0,"mot":"L","mo":0.0}]},{"d":"18.05.2022","r":3899615.0,"q":1.57,"p":200.0,"s":[{"cn":"fumity group","ui":"9002669","t":3899615.0,"r":3899615.0,"q":1.57,"p":200.0,"mot":"U","mo":3899615.0},{"cn":"","ui":"","t":0.0,"r":0.0,"q":0.0,"p":0.0,"mot":"L","mo":0.0}]},{"d":"19.05.2022","r":4739195.0,"q":1.57,"p":200.0,"s":[{"cn":"fumity group","ui":"9002669","t":4739195.0,"r":4739195.0,"q":1.57,"p":200.0,"mot":"U","mo":4739195.0},{"cn":"","ui":"","t":0.0,"r":0.0,"q":0.0,"p":0.0,"mot":"L","mo":0.0}]},{"d":"20.05.2022","r":5578691.0,"q":1.57,"p":200.0,"s":[{"cn":"fumity group","ui":"9002669","t":5578691.0,"r":5578691.0,"q":1.57,"p":200.0,"mot":"U","mo":5578691.0},{"cn":"","ui":"","t":0.0,"r":0.0,"q":0.0,"p":0.0,"mot":"L","mo":0.0}]},{"d":"23.05.2022","r":8067671.0,"q":1.56,"p":200.0,"s":[{"cn":"fumity group","ui":"9002669","t":8070571.0,"r":8067671.0,"q":1.56,"p":200.0,"mot":"U","mo":8067671.0},{"cn":"","ui":"","t":0.0,"r":0.0,"q":0.0,"p":0.0,"mot":"L","mo":0.0}]},{"d":"24.05.2022","r":8894831.0,"q":1.55,"p":200.0,"s":[{"cn":"fumity group","ui":"9002669","t":8897731.0,"r":8894831.0,"q":1.55,"p":200.0,"mot":"U","mo":8894831.0},{"cn":"","ui":"","t":0.0,"r":0.0,"q":0.0,"p":0.0,"mot":"L","mo":0.0}]},{"d":"25.05.2022","r":9731007.0,"q":1.55,"p":200.0,"s":[{"cn":"fumity group","ui":"9002669","t":9733907.0,"r":9731007.0,"q":1.55,"p":200.0,"mot":"U","mo":9731007.0},{"cn":"","ui":"","t":0.0,"r":0.0,"q":0.0,"p":0.0,"mot":"L","mo":0.0}]},{"d":"26.05.2022","r":1.0566938E7,"q":1.55,"p":200.0,"s":[{"cn":"fumity group","ui":"9002669","t":1.0569918E7,"r":1.0566938E7,"q":1.55,"p":200.0,"mot":"U","mo":1.0566938E7},{"cn":"","ui":"","t":0.0,"r":0.0,"q":0.0,"p":0.0,"mot":"L","mo":0.0}]},{"d":"27.05.2022","r":1.1402866E7,"q":1.56,"p":200.0,"s":[{"cn":"fumity group","ui":"9002669","t":1.1405846E7,"r":1.1402866E7,"q":1.56,"p":200.0,"mot":"U","mo":1.1402866E7},{"cn":"","ui":"","t":0.0,"r":0.0,"q":0.0,"p":0.0,"mot":"L","mo":0.0}]},{"d":"30.05.2022","r":1.3917726E7,"q":1.56,"p":199.96,"s":[{"cn":"fumity group","ui":"9002669","t":1.3914006E7,"r":1.3911906E7,"q":1.56,"p":200.0,"mot":"U","mo":1.3911906E7},{"cn":"","ui":"","t":5820.0,"r":5820.0,"q":1.0,"p":100.0,"mot":"L","mo":5820.0}]},{"d":"31.05.2022","r":1.4750245E7,"q":1.56,"p":199.95,"s":[{"cn":"fumity group","ui":"9002669","t":1.4747541E7,"r":1.4742505E7,"q":1.56,"p":200.0,"mot":"U","mo":1.4742505E7},{"cn":"","ui":"","t":7740.0,"r":7740.0,"q":1.0,"p":100.0,"mot":"L","mo":7740.0}]},{"d":"01.06.2022","r":1.5585617E7,"q":1.56,"p":199.94,"s":[{"cn":"fumity group","ui":"9002669","t":1.5580993E7,"r":1.5575957E7,"q":1.56,"p":200.0,"mot":"U","mo":1.5575957E7},{"cn":"","ui":"","t":9660.0,"r":9660.0,"q":1.0,"p":100.0,"mot":"L","mo":9660.0}]},{"d":"02.06.2022","r":1.6640098E7,"q":1.57,"p":198.61,"s":[{"cn":"fumity group","ui":"9002669","t":1.6414361E7,"r":1.6409325E7,"q":1.56,"p":200.0,"mot":"U","mo":1.6409325E7},{"cn":"","ui":"","t":511579.0,"r":230773.0,"q":1.99,"p":100.0,"mot":"L","mo":230773.0}]},{"d":"03.06.2022","r":1.7060803E7,"q":1.58,"p":196.15,"s":[{"cn":"fumity group","ui":"9002669","t":1.6409325E7,"r":1.6404289E7,"q":1.56,"p":200.0,"mot":"U","mo":1.6404289E7},{"cn":"","ui":"","t":937320.0,"r":656514.0,"q":2.02,"p":100.0,"mot":"L","mo":656514.0}]},{"d":"06.06.2022","r":1.8315324E7,"q":1.61,"p":189.47,"s":[{"cn":"Magistratus Ltd.","ui":"8995426","t":2189340.0,"r":1908534.0,"q":2.04,"p":100.0,"mot":"U","mo":1908534.0},{"cn":"fumity group","ui":"9002669","t":1.6393017E7,"r":1.6387581E7,"q":1.56,"p":200.0,"mot":"U","mo":1.6387581E7},{"cn":"","ui":"","t":19209.0,"r":19209.0,"q":1.0,"p":100.0,"mot":"L","mo":19209.0}]},{"d":"07.06.2022","r":1.8731638E7,"q":1.62,"p":187.46,"s":[{"cn":"Magistratus Ltd.","ui":"8995426","t":2609194.0,"r":2328388.0,"q":2.04,"p":100.0,"mot":"U","mo":2328388.0},{"cn":"fumity group","ui":"9002669","t":1.6387581E7,"r":1.6382145E7,"q":1.56,"p":200.0,"mot":"U","mo":1.6382145E7},{"cn":"","ui":"","t":21105.0,"r":21105.0,"q":1.0,"p":100.0,"mot":"L","mo":21105.0}]},{"d":"08.06.2022","r":1.9340761E7,"q":1.63,"p":184.67,"s":[{"cn":"Magistratus Ltd.","ui":"8995426","t":3028078.0,"r":2941078.0,"q":2.04,"p":100.0,"mot":"U","mo":2941078.0},{"cn":"fumity group","ui":"9002669","t":1.6382145E7,"r":1.6376709E7,"q":1.56,"p":200.0,"mot":"U","mo":1.6376709E7},{"cn":"","ui":"","t":22974.0,"r":22974.0,"q":1.0,"p":100.0,"mot":"L","mo":22974.0}]},{"d":"09.06.2022","r":1.9948889E7,"q":1.64,"p":182.07,"s":[{"cn":"Magistratus Ltd.","ui":"8995426","t":3639776.0,"r":3552776.0,"q":2.04,"p":100.0,"mot":"U","mo":3552776.0},{"cn":"fumity group","ui":"9002669","t":1.6376709E7,"r":1.6371273E7,"q":1.56,"p":200.0,"mot":"U","mo":1.6371273E7},{"cn":"","ui":"","t":24840.0,"r":24840.0,"q":1.0,"p":100.0,"mot":"L","mo":24840.0}]},{"d":"10.06.2022","r":2.0556024E7,"q":1.66,"p":139.81,"s":[{"cn":"Magistratus Ltd.","ui":"8995426","t":4250482.0,"r":4163482.0,"q":2.04,"p":100.0,"mot":"U","mo":4163482.0},{"cn":"fumity group","ui":"9002669","t":1.6371273E7,"r":1.6365837E7,"q":1.56,"p":150.0,"mot":"U","mo":1.6365837E7},{"cn":"","ui":"","t":26705.0,"r":26705.0,"q":1.0,"p":100.0,"mot":"L","mo":26705.0}]},{"d":"13.06.2022","r":2.2461691E7,"q":1.72,"p":149.93,"s":[{"cn":"Magistratus Ltd.","ui":"8995426","t":6166936.0,"r":6079936.0,"q":2.14,"p":150.0,"mot":"U","mo":6079936.0},{"cn":"fumity group","ui":"9002669","t":1.6354965E7,"r":1.6349529E7,"q":1.56,"p":150.0,"mot":"U","mo":1.6349529E7},{"cn":"","ui":"","t":32226.0,"r":32226.0,"q":1.0,"p":100.0,"mot":"L","mo":32226.0}]},{"d":"14.06.2022","r":2.3110054E7,"q":1.74,"p":149.93,"s":[{"cn":"Magistratus Ltd.","ui":"8995426","t":6818755.0,"r":6731755.0,"q":2.18,"p":150.0,"mot":"U","mo":6731755.0},{"cn":"fumity group","ui":"9002669","t":1.6349529E7,"r":1.6344093E7,"q":1.56,"p":150.0,"mot":"U","mo":1.6344093E7},{"cn":"","ui":"","t":34206.0,"r":34206.0,"q":1.0,"p":100.0,"mot":"L","mo":34206.0}]},{"d":"16.06.2022","r":2.4407779E7,"q":1.78,"p":116.46,"s":[{"cn":"Magistratus Ltd.","ui":"8995426","t":8123412.0,"r":8036412.0,"q":2.23,"p":150.0,"mot":"U","mo":8036412.0},{"cn":"fumity group","ui":"9002669","t":1.6338657E7,"r":1.6333221E7,"q":1.56,"p":100.0,"mot":"U","mo":1.6333221E7},{"cn":"","ui":"","t":38146.0,"r":38146.0,"q":1.0,"p":100.0,"mot":"L","mo":38146.0}]},{"d":"17.06.2022","r":2.5057164E7,"q":1.8,"p":117.34,"s":[{"cn":"Magistratus Ltd.","ui":"8995426","t":8776273.0,"r":8689273.0,"q":2.25,"p":150.0,"mot":"U","mo":8689273.0},{"cn":"fumity group","ui":"9002669","t":1.6333221E7,"r":1.6327785E7,"q":1.56,"p":100.0,"mot":"U","mo":1.6327785E7},{"cn":"","ui":"","t":40106.0,"r":40106.0,"q":1.0,"p":100.0,"mot":"L","mo":40106.0}]},{"d":"20.06.2022","r":2.7005296E7,"q":1.85,"p":119.71,"s":[{"cn":"Magistratus Ltd.","ui":"8995426","t":1.0734833E7,"r":1.0647833E7,"q":2.29,"p":150.0,"mot":"U","mo":1.0647833E7},{"cn":"fumity group","ui":"9002669","t":1.6316913E7,"r":1.6311477E7,"q":1.56,"p":100.0,"mot":"U","mo":1.6311477E7},{"cn":"","ui":"","t":45986.0,"r":45986.0,"q":1.0,"p":100.0,"mot":"L","mo":45986.0}]},{"d":"21.06.2022","r":2.7653716E7,"q":1.86,"p":120.43,"s":[{"cn":"Magistratus Ltd.","ui":"8995426","t":1.1386652E7,"r":1.1299652E7,"q":2.3,"p":150.0,"mot":"U","mo":1.1299652E7},{"cn":"fumity group","ui":"9002669","t":1.6311477E7,"r":1.6306041E7,"q":1.56,"p":100.0,"mot":"U","mo":1.6306041E7},{"cn":"","ui":"","t":48023.0,"r":48023.0,"q":1.02,"p":100.0,"mot":"L","mo":48023.0}]},{"d":"22.06.2022","r":2.8301094E7,"q":1.88,"p":121.11,"s":[{"cn":"Magistratus Ltd.","ui":"8995426","t":1.2037429E7,"r":1.1950429E7,"q":2.31,"p":150.0,"mot":"U","mo":1.1950429E7},{"cn":"fumity group","ui":"9002669","t":1.6306041E7,"r":1.6300605E7,"q":1.56,"p":100.0,"mot":"U","mo":1.6300605E7},{"cn":"","ui":"","t":50060.0,"r":50060.0,"q":1.05,"p":100.0,"mot":"L","mo":50060.0}]},{"d":"23.06.2022","r":2.894743E7,"q":1.89,"p":121.76,"s":[{"cn":"Magistratus Ltd.","ui":"8995426","t":1.2687164E7,"r":1.2600164E7,"q":2.32,"p":150.0,"mot":"U","mo":1.2600164E7},{"cn":"fumity group","ui":"9002669","t":1.6300605E7,"r":1.6295169E7,"q":1.56,"p":100.0,"mot":"U","mo":1.6295169E7},{"cn":"","ui":"","t":52097.0,"r":52097.0,"q":1.07,"p":100.0,"mot":"L","mo":52097.0}]},{"d":"24.06.2022","r":2.9597911E7,"q":1.9,"p":122.39,"s":[{"cn":"Magistratus Ltd.","ui":"8995426","t":1.3341044E7,"r":1.3254044E7,"q":2.33,"p":150.0,"mot":"U","mo":1.3254044E7},{"cn":"fumity group","ui":"9002669","t":1.6295169E7,"r":1.6289733E7,"q":1.56,"p":100.0,"mot":"U","mo":1.6289733E7},{"cn":"","ui":"","t":54134.0,"r":54134.0,"q":1.09,"p":100.0,"mot":"L","mo":54134.0}]},{"d":"27.06.2022","r":3.1621329E7,"q":1.96,"p":114.47,"s":[{"cn":"Magistratus Ltd.","ui":"8995426","t":1.5374682E7,"r":1.5287682E7,"q":2.39,"p":130.0,"mot":"U","mo":1.5287682E7},{"cn":"fumity group","ui":"9002669","t":1.6278861E7,"r":1.6273425E7,"q":1.56,"p":100.0,"mot":"U","mo":1.6273425E7},{"cn":"","ui":"","t":60222.0,"r":60222.0,"q":1.13,"p":80.0,"mot":"L","mo":60222.0}]},{"d":"28.06.2022","r":3.2306665E7,"q":1.98,"p":114.8,"s":[{"cn":"Magistratus Ltd.","ui":"8995426","t":1.6063442E7,"r":1.5976442E7,"q":2.41,"p":130.0,"mot":"U","mo":1.5976442E7},{"cn":"fumity group","ui":"9002669","t":1.6273425E7,"r":1.6267989E7,"q":1.56,"p":100.0,"mot":"U","mo":1.6267989E7},{"cn":"","ui":"","t":62234.0,"r":62234.0,"q":1.15,"p":80.0,"mot":"L","mo":62234.0}]},{"d":"29.06.2022","r":3.2990905E7,"q":2.0,"p":115.11,"s":[{"cn":"Magistratus Ltd.","ui":"8995426","t":1.6751108E7,"r":1.6664108E7,"q":2.43,"p":130.0,"mot":"U","mo":1.6664108E7},{"cn":"fumity group","ui":"9002669","t":1.6267989E7,"r":1.6262553E7,"q":1.56,"p":100.0,"mot":"U","mo":1.6262553E7},{"cn":"","ui":"","t":64244.0,"r":64244.0,"q":1.16,"p":80.0,"mot":"L","mo":64244.0}]},{"d":"30.06.2022","r":3.3679919E7,"q":2.02,"p":115.42,"s":[{"cn":"Magistratus Ltd.","ui":"8995426","t":1.743768E7,"r":1.735068E7,"q":2.45,"p":130.0,"mot":"U","mo":1.735068E7},{"cn":"fumity group","ui":"9002669","t":1.6265488E7,"r":1.6262987E7,"q":1.56,"p":100.0,"mot":"U","mo":1.6262987E7},{"cn":"","ui":"","t":66252.0,"r":66252.0,"q":1.17,"p":80.0,"mot":"L","mo":66252.0}]},{"d":"01.07.2022","r":3.4370347E7,"q":2.04,"p":68.87,"s":[{"cn":"Magistratus Ltd.","ui":"8995426","t":1.8128603E7,"r":1.8041603E7,"q":2.47,"p":130.0,"mot":"U","mo":1.8041603E7},{"cn":"fumity group","ui":"9002669","t":1.6262987E7,"r":1.6260486E7,"q":1.56,"p":1.0,"mot":"U","mo":1.6260486E7},{"cn":"","ui":"","t":68258.0,"r":68258.0,"q":1.18,"p":80.0,"mot":"L","mo":68258.0}]},{"d":"04.07.2022","r":3.8650818E7,"q":2.12,"p":97.09,"s":[{"cn":"Magistratus Ltd.","ui":"8995426","t":2.0455883E7,"r":2.0455883E7,"q":2.51,"p":130.0,"mot":"U","mo":2.0455883E7},{"cn":"fumity group","ui":"9002669","t":1.8120734E7,"r":1.8120734E7,"q":1.69,"p":60.0,"mot":"U","mo":1.8120734E7},{"cn":"","ui":"","t":74201.0,"r":74201.0,"q":1.21,"p":80.0,"mot":"L","mo":74201.0}]},{"d":"05.07.2022","r":2.1305633E7,"q":2.52,"p":129.82,"s":[{"cn":"Magistratus Ltd.","ui":"8995426","t":2.1229455E7,"r":2.1229455E7,"q":2.52,"p":130.0,"mot":"U","mo":2.1229455E7},{"cn":"","ui":"","t":76178.0,"r":76178.0,"q":1.22,"p":80.0,"mot":"L","mo":76178.0}]},{"d":"06.07.2022","r":2.2080086E7,"q":2.53,"p":129.82,"s":[{"cn":"Magistratus Ltd.","ui":"8995426","t":2.2001933E7,"r":2.2001933E7,"q":2.53,"p":130.0,"mot":"U","mo":2.2001933E7},{"cn":"","ui":"","t":78153.0,"r":78153.0,"q":1.23,"p":80.0,"mot":"L","mo":78153.0}]},{"d":"07.07.2022","r":2.2853467E7,"q":2.54,"p":129.82,"s":[{"cn":"Magistratus Ltd.","ui":"8995426","t":2.2773341E7,"r":2.2773341E7,"q":2.54,"p":130.0,"mot":"U","mo":2.2773341E7},{"cn":"","ui":"","t":80126.0,"r":80126.0,"q":1.23,"p":80.0,"mot":"L","mo":80126.0}]},{"d":"08.07.2022","r":2.3625881E7,"q":2.55,"p":129.83,"s":[{"cn":"Magistratus Ltd.","ui":"8995426","t":2.3543655E7,"r":2.3543655E7,"q":2.55,"p":130.0,"mot":"U","mo":2.3543655E7},{"cn":"","ui":"","t":82226.0,"r":82226.0,"q":1.24,"p":80.0,"mot":"L","mo":82226.0}]},{"d":"11.07.2022","r":2.5936666E7,"q":2.58,"p":129.83,"s":[{"cn":"Magistratus Ltd.","ui":"8995426","t":2.5848035E7,"r":2.5848035E7,"q":2.58,"p":130.0,"mot":"U","mo":2.5848035E7},{"cn":"","ui":"","t":88631.0,"r":88631.0,"q":1.28,"p":80.0,"mot":"L","mo":88631.0}]},{"d":"12.07.2022","r":2.6755691E7,"q":2.6,"p":129.83,"s":[{"cn":"Magistratus Ltd.","ui":"8995426","t":2.6664855E7,"r":2.6664855E7,"q":2.6,"p":130.0,"mot":"U","mo":2.6664855E7},{"cn":"","ui":"","t":90836.0,"r":90836.0,"q":1.3,"p":80.0,"mot":"L","mo":90836.0}]},{"d":"13.07.2022","r":2.7573593E7,"q":2.62,"p":129.83,"s":[{"cn":"Magistratus Ltd.","ui":"8995426","t":2.7480552E7,"r":2.7480552E7,"q":2.62,"p":130.0,"mot":"U","mo":2.7480552E7},{"cn":"","ui":"","t":93041.0,"r":93041.0,"q":1.31,"p":80.0,"mot":"L","mo":93041.0}]},{"d":"14.07.2022","r":2.8390346E7,"q":2.63,"p":129.83,"s":[{"cn":"Magistratus Ltd.","ui":"8995426","t":2.82951E7,"r":2.82951E7,"q":2.63,"p":130.0,"mot":"U","mo":2.82951E7},{"cn":"","ui":"","t":95246.0,"r":95246.0,"q":1.33,"p":80.0,"mot":"L","mo":95246.0}]},{"d":"15.07.2022","r":2.9205927E7,"q":2.65,"p":129.83,"s":[{"cn":"Magistratus Ltd.","ui":"8995426","t":2.9108499E7,"r":2.9108499E7,"q":2.65,"p":130.0,"mot":"U","mo":2.9108499E7},{"cn":"","ui":"","t":97428.0,"r":97428.0,"q":1.35,"p":80.0,"mot":"L","mo":97428.0}]},{"d":"18.07.2022","r":3.1645805E7,"q":2.69,"p":129.84,"s":[{"cn":"Magistratus Ltd.","ui":"8995426","t":3.1541831E7,"r":3.1541831E7,"q":2.69,"p":130.0,"mot":"U","mo":3.1541831E7},{"cn":"","ui":"","t":103974.0,"r":103974.0,"q":1.39,"p":80.0,"mot":"L","mo":103974.0}]},{"d":"19.07.2022","r":3.2456817E7,"q":2.7,"p":129.84,"s":[{"cn":"Magistratus Ltd.","ui":"8995426","t":3.2350661E7,"r":3.2350661E7,"q":2.7,"p":130.0,"mot":"U","mo":3.2350661E7},{"cn":"","ui":"","t":106156.0,"r":106156.0,"q":1.4,"p":80.0,"mot":"L","mo":106156.0}]},{"d":"20.07.2022","r":3.3266681E7,"q":2.72,"p":129.84,"s":[{"cn":"Magistratus Ltd.","ui":"8995426","t":3.3158343E7,"r":3.3158343E7,"q":2.72,"p":130.0,"mot":"U","mo":3.3158343E7},{"cn":"","ui":"","t":108338.0,"r":108338.0,"q":1.42,"p":80.0,"mot":"L","mo":108338.0}]},{"d":"21.07.2022","r":3.4075374E7,"q":2.73,"p":129.84,"s":[{"cn":"Magistratus Ltd.","ui":"8995426","t":3.3964876E7,"r":3.3964876E7,"q":2.73,"p":130.0,"mot":"U","mo":3.3964876E7},{"cn":"","ui":"","t":110498.0,"r":110498.0,"q":1.43,"p":80.0,"mot":"L","mo":110498.0}]},{"d":"22.07.2022","r":3.4882918E7,"q":2.74,"p":129.84,"s":[{"cn":"Magistratus Ltd.","ui":"8995426","t":3.477026E7,"r":3.477026E7,"q":2.74,"p":130.0,"mot":"U","mo":3.477026E7},{"cn":"","ui":"","t":112658.0,"r":112658.0,"q":1.44,"p":80.0,"mot":"L","mo":112658.0}]},{"d":"25.07.2022","r":3.729581E7,"q":2.77,"p":129.84,"s":[{"cn":"Magistratus Ltd.","ui":"8995426","t":3.7176677E7,"r":3.7176677E7,"q":2.77,"p":130.0,"mot":"U","mo":3.7176677E7},{"cn":"","ui":"","t":119133.0,"r":119133.0,"q":1.47,"p":80.0,"mot":"L","mo":119133.0}]},{"d":"26.07.2022","r":3.8094515E7,"q":2.78,"p":129.84,"s":[{"cn":"Magistratus Ltd.","ui":"8995426","t":3.797323E7,"r":3.797323E7,"q":2.78,"p":130.0,"mot":"U","mo":3.797323E7},{"cn":"","ui":"","t":121285.0,"r":121285.0,"q":1.48,"p":80.0,"mot":"L","mo":121285.0}]},{"d":"27.07.2022","r":3.8913473E7,"q":2.79,"p":129.84,"s":[{"cn":"Magistratus Ltd.","ui":"8995426","t":3.879005E7,"r":3.879005E7,"q":2.79,"p":130.0,"mot":"U","mo":3.879005E7},{"cn":"","ui":"","t":123423.0,"r":123423.0,"q":1.49,"p":80.0,"mot":"L","mo":123423.0}]},{"d":"28.07.2022","r":3.9731308E7,"q":2.8,"p":129.84,"s":[{"cn":"Magistratus Ltd.","ui":"8995426","t":3.9605747E7,"r":3.9605747E7,"q":2.8,"p":130.0,"mot":"U","mo":3.9605747E7},{"cn":"","ui":"","t":125561.0,"r":125561.0,"q":1.5,"p":80.0,"mot":"L","mo":125561.0}]},{"d":"29.07.2022","r":4.0591107E7,"q":2.81,"p":129.84,"s":[{"cn":"Magistratus Ltd.","ui":"8995426","t":4.0463408E7,"r":4.0463408E7,"q":2.81,"p":130.0,"mot":"U","mo":4.0463408E7},{"cn":"","ui":"","t":127699.0,"r":127699.0,"q":1.51,"p":80.0,"mot":"L","mo":127699.0}]},{"d":"01.08.2022","r":4.3163278E7,"q":2.86,"p":129.84,"s":[{"cn":"Magistratus Ltd.","ui":"8995426","t":4.3029233E7,"r":4.3029233E7,"q":2.86,"p":130.0,"mot":"U","mo":4.3029233E7},{"cn":"","ui":"","t":134045.0,"r":134045.0,"q":1.53,"p":80.0,"mot":"L","mo":134045.0}]},{"d":"02.08.2022","r":4.4018223E7,"q":2.87,"p":129.85,"s":[{"cn":"Magistratus Ltd.","ui":"8995426","t":4.3882096E7,"r":4.3882096E7,"q":2.87,"p":130.0,"mot":"U","mo":4.3882096E7},{"cn":"","ui":"","t":136127.0,"r":136127.0,"q":1.54,"p":80.0,"mot":"L","mo":136127.0}]},{"d":"03.08.2022","r":4.487206E7,"q":2.88,"p":129.85,"s":[{"cn":"Magistratus Ltd.","ui":"8995426","t":4.4733753E7,"r":4.4733753E7,"q":2.88,"p":130.0,"mot":"U","mo":4.4733753E7},{"cn":"","ui":"","t":138307.0,"r":138307.0,"q":1.55,"p":80.0,"mot":"L","mo":138307.0}]},{"d":"04.08.2022","r":4.5724718E7,"q":2.89,"p":129.85,"s":[{"cn":"Magistratus Ltd.","ui":"8995426","t":4.5584231E7,"r":4.5584231E7,"q":2.89,"p":130.0,"mot":"U","mo":4.5584231E7},{"cn":"","ui":"","t":140487.0,"r":140487.0,"q":1.55,"p":80.0,"mot":"L","mo":140487.0}]},{"d":"05.08.2022","r":4.6576169E7,"q":2.91,"p":129.85,"s":[{"cn":"Magistratus Ltd.","ui":"8995426","t":4.6433503E7,"r":4.6433503E7,"q":2.91,"p":130.0,"mot":"U","mo":4.6433503E7},{"cn":"","ui":"","t":142666.0,"r":142666.0,"q":1.56,"p":80.0,"mot":"L","mo":142666.0}]},{"d":"08.08.2022","r":4.9123279E7,"q":2.94,"p":129.85,"s":[{"cn":"Magistratus Ltd.","ui":"8995426","t":4.8974082E7,"r":4.8974082E7,"q":2.94,"p":130.0,"mot":"U","mo":4.8974082E7},{"cn":"","ui":"","t":149197.0,"r":149197.0,"q":1.58,"p":80.0,"mot":"L","mo":149197.0}]},{"d":"09.08.2022","r":4.9969912E7,"q":2.95,"p":129.85,"s":[{"cn":"Magistratus Ltd.","ui":"8995426","t":4.9818556E7,"r":4.9818556E7,"q":2.95,"p":130.0,"mot":"U","mo":4.9818556E7},{"cn":"","ui":"","t":151356.0,"r":151356.0,"q":1.59,"p":80.0,"mot":"L","mo":151356.0}]},{"d":"10.08.2022","r":5.0815336E7,"q":2.96,"p":129.85,"s":[{"cn":"Magistratus Ltd.","ui":"8995426","t":5.0661824E7,"r":5.0661824E7,"q":2.96,"p":130.0,"mot":"U","mo":5.0661824E7},{"cn":"","ui":"","t":153512.0,"r":153512.0,"q":1.59,"p":80.0,"mot":"L","mo":153512.0}]},{"d":"11.08.2022","r":5.165958E7,"q":2.97,"p":129.85,"s":[{"cn":"Magistratus Ltd.","ui":"8995426","t":5.1503886E7,"r":5.1503886E7,"q":2.97,"p":130.0,"mot":"U","mo":5.1503886E7},{"cn":"","ui":"","t":155694.0,"r":155694.0,"q":1.6,"p":80.0,"mot":"L","mo":155694.0}]},{"d":"12.08.2022","r":5.2502618E7,"q":2.98,"p":129.85,"s":[{"cn":"Magistratus Ltd.","ui":"8995426","t":5.2344742E7,"r":5.2344742E7,"q":2.98,"p":130.0,"mot":"U","mo":5.2344742E7},{"cn":"","ui":"","t":157876.0,"r":157876.0,"q":1.6,"p":80.0,"mot":"L","mo":157876.0}]},{"d":"15.08.2022","r":5.5024505E7,"q":3.0,"p":129.85,"s":[{"cn":"Magistratus Ltd.","ui":"8995426","t":5.4860127E7,"r":5.4860127E7,"q":3.0,"p":130.0,"mot":"U","mo":5.4860127E7},{"cn":"","ui":"","t":164378.0,"r":164378.0,"q":1.62,"p":80.0,"mot":"L","mo":164378.0}]},{"d":"16.08.2022","r":5.5862723E7,"q":3.01,"p":129.85,"s":[{"cn":"Magistratus Ltd.","ui":"8995426","t":5.5696185E7,"r":5.5696185E7,"q":3.01,"p":130.0,"mot":"U","mo":5.5696185E7},{"cn":"","ui":"","t":166538.0,"r":166538.0,"q":1.63,"p":80.0,"mot":"L","mo":166538.0}]},{"d":"17.08.2022","r":5.6696867E7,"q":3.02,"p":129.85,"s":[{"cn":"Magistratus Ltd.","ui":"8995426","t":5.6528169E7,"r":5.6528169E7,"q":3.02,"p":130.0,"mot":"U","mo":5.6528169E7},{"cn":"","ui":"","t":168698.0,"r":168698.0,"q":1.63,"p":80.0,"mot":"L","mo":168698.0}]},{"d":"18.08.2022","r":5.7528007E7,"q":3.03,"p":129.85,"s":[{"cn":"Magistratus Ltd.","ui":"8995426","t":5.7357149E7,"r":5.7357149E7,"q":3.03,"p":130.0,"mot":"U","mo":5.7357149E7},{"cn":"","ui":"","t":170858.0,"r":170858.0,"q":1.64,"p":80.0,"mot":"L","mo":170858.0}]},{"d":"19.08.2022","r":5.8355728E7,"q":3.03,"p":129.85,"s":[{"cn":"Magistratus Ltd.","ui":"8995426","t":5.818271E7,"r":5.818271E7,"q":3.03,"p":130.0,"mot":"U","mo":5.818271E7},{"cn":"","ui":"","t":173018.0,"r":173018.0,"q":1.64,"p":80.0,"mot":"L","mo":173018.0}]},{"d":"22.08.2022","r":6.0817888E7,"q":3.05,"p":129.85,"s":[{"cn":"Magistratus Ltd.","ui":"8995426","t":6.0638384E7,"r":6.0638384E7,"q":3.05,"p":130.0,"mot":"U","mo":6.0638384E7},{"cn":"","ui":"","t":179504.0,"r":179504.0,"q":1.66,"p":80.0,"mot":"L","mo":179504.0}]},{"d":"23.08.2022","r":6.1631983E7,"q":3.06,"p":129.85,"s":[{"cn":"Magistratus Ltd.","ui":"8995426","t":6.1450271E7,"r":6.1450271E7,"q":3.06,"p":130.0,"mot":"U","mo":6.1450271E7},{"cn":"","ui":"","t":181712.0,"r":181712.0,"q":1.67,"p":80.0,"mot":"L","mo":181712.0}]},{"d":"24.08.2022","r":6.2442703E7,"q":3.06,"p":129.85,"s":[{"cn":"Magistratus Ltd.","ui":"8995426","t":6.2258791E7,"r":6.2258791E7,"q":3.06,"p":130.0,"mot":"U","mo":6.2258791E7},{"cn":"","ui":"","t":183912.0,"r":183912.0,"q":1.68,"p":80.0,"mot":"L","mo":183912.0}]},{"d":"25.08.2022","r":6.3250009E7,"q":3.07,"p":129.85,"s":[{"cn":"Magistratus Ltd.","ui":"8995426","t":6.3063927E7,"r":6.3063927E7,"q":3.07,"p":130.0,"mot":"U","mo":6.3063927E7},{"cn":"","ui":"","t":186082.0,"r":186082.0,"q":1.69,"p":80.0,"mot":"L","mo":186082.0}]},{"d":"26.08.2022","r":6.3466588E7,"q":3.07,"p":129.85,"s":[{"cn":"Magistratus Ltd.","ui":"8995426","t":6.3278342E7,"r":6.3278342E7,"q":3.07,"p":130.0,"mot":"U","mo":6.3278342E7},{"cn":"","ui":"","t":188246.0,"r":188246.0,"q":1.69,"p":80.0,"mot":"L","mo":188246.0}]},{"d":"29.08.2022","r":6.4116281E7,"q":3.07,"p":129.85,"s":[{"cn":"Magistratus Ltd.","ui":"8995426","t":6.3921587E7,"r":6.3921587E7,"q":3.07,"p":130.0,"mot":"U","mo":6.3921587E7},{"cn":"","ui":"","t":194694.0,"r":194694.0,"q":1.72,"p":80.0,"mot":"L","mo":194694.0}]},{"d":"30.08.2022","r":6.4332831E7,"q":3.08,"p":129.85,"s":[{"cn":"Magistratus Ltd.","ui":"8995426","t":6.4136002E7,"r":6.4136002E7,"q":3.08,"p":130.0,"mot":"U","mo":6.4136002E7},{"cn":"","ui":"","t":196829.0,"r":196829.0,"q":1.72,"p":80.0,"mot":"L","mo":196829.0}]},{"d":"31.08.2022","r":6.4549561E7,"q":3.08,"p":99.94,"s":[{"cn":"Magistratus Ltd.","ui":"8995426","t":6.4350417E7,"r":6.4350417E7,"q":3.08,"p":100.0,"mot":"U","mo":6.4350417E7},{"cn":"","ui":"","t":199144.0,"r":199144.0,"q":1.73,"p":80.0,"mot":"L","mo":199144.0}]},{"d":"01.09.2022","r":6.4766291E7,"q":3.08,"p":99.94,"s":[{"cn":"Magistratus Ltd.","ui":"8995426","t":6.4564832E7,"r":6.4564832E7,"q":3.08,"p":100.0,"mot":"U","mo":6.4564832E7},{"cn":"","ui":"","t":201459.0,"r":201459.0,"q":1.74,"p":80.0,"mot":"L","mo":201459.0}]},{"d":"02.09.2022","r":6.4983021E7,"q":3.08,"p":99.94,"s":[{"cn":"Magistratus Ltd.","ui":"8995426","t":6.4779247E7,"r":6.4779247E7,"q":3.08,"p":100.0,"mot":"U","mo":6.4779247E7},{"cn":"","ui":"","t":203774.0,"r":203774.0,"q":1.75,"p":80.0,"mot":"L","mo":203774.0}]},{"d":"05.09.2022","r":6.5633211E7,"q":3.09,"p":99.94,"s":[{"cn":"Magistratus Ltd.","ui":"8995426","t":6.5422492E7,"r":6.5422492E7,"q":3.09,"p":100.0,"mot":"U","mo":6.5422492E7},{"cn":"","ui":"","t":210719.0,"r":210719.0,"q":1.77,"p":80.0,"mot":"L","mo":210719.0}]},{"d":"06.09.2022","r":6.5849918E7,"q":3.09,"p":99.94,"s":[{"cn":"Magistratus Ltd.","ui":"8995426","t":6.5636907E7,"r":6.5636907E7,"q":3.09,"p":100.0,"mot":"U","mo":6.5636907E7},{"cn":"","ui":"","t":213011.0,"r":213011.0,"q":1.78,"p":80.0,"mot":"L","mo":213011.0}]},{"d":"07.09.2022","r":6.6066625E7,"q":3.09,"p":99.93,"s":[{"cn":"Magistratus Ltd.","ui":"8995426","t":6.5851322E7,"r":6.5851322E7,"q":3.09,"p":100.0,"mot":"U","mo":6.5851322E7},{"cn":"","ui":"","t":215303.0,"r":215303.0,"q":1.78,"p":80.0,"mot":"L","mo":215303.0}]},{"d":"08.09.2022","r":6.6283332E7,"q":3.09,"p":99.93,"s":[{"cn":"Magistratus Ltd.","ui":"8995426","t":6.6065737E7,"r":6.6065737E7,"q":3.09,"p":100.0,"mot":"U","mo":6.6065737E7},{"cn":"","ui":"","t":217595.0,"r":217595.0,"q":1.79,"p":80.0,"mot":"L","mo":217595.0}]},{"d":"09.09.2022","r":6.6500039E7,"q":3.09,"p":99.93,"s":[{"cn":"Magistratus Ltd.","ui":"8995426","t":6.6280152E7,"r":6.6280152E7,"q":3.09,"p":100.0,"mot":"U","mo":6.6280152E7},{"cn":"","ui":"","t":219887.0,"r":219887.0,"q":1.8,"p":80.0,"mot":"L","mo":219887.0}]},{"d":"12.09.2022","r":6.7150131E7,"q":3.1,"p":99.93,"s":[{"cn":"Magistratus Ltd.","ui":"8995426","t":6.6923397E7,"r":6.6923397E7,"q":3.1,"p":100.0,"mot":"U","mo":6.6923397E7},{"cn":"","ui":"","t":226734.0,"r":226734.0,"q":1.82,"p":80.0,"mot":"L","mo":226734.0}]},{"d":"13.09.2022","r":6.7366805E7,"q":3.1,"p":99.93,"s":[{"cn":"Magistratus Ltd.","ui":"8995426","t":6.7137812E7,"r":6.7137812E7,"q":3.1,"p":100.0,"mot":"U","mo":6.7137812E7},{"cn":"","ui":"","t":228993.0,"r":228993.0,"q":1.83,"p":80.0,"mot":"L","mo":228993.0}]},{"d":"14.09.2022","r":6.7352227E7,"q":3.1,"p":100.0,"s":[{"cn":"Magistratus Ltd.","ui":"8995426","t":6.7352227E7,"r":6.7352227E7,"q":3.1,"p":100.0,"mot":"U","mo":6.7352227E7},{"cn":"","ui":"","t":0.0,"r":0.0,"q":0.0,"p":0.0,"mot":"L","mo":0.0}]},{"d":"15.09.2022","r":6.7566642E7,"q":3.1,"p":100.0,"s":[{"cn":"Magistratus Ltd.","ui":"8995426","t":6.7566642E7,"r":6.7566642E7,"q":3.1,"p":100.0,"mot":"U","mo":6.7566642E7},{"cn":"","ui":"","t":0.0,"r":0.0,"q":0.0,"p":0.0,"mot":"L","mo":0.0}]},{"d":"16.09.2022","r":6.7781057E7,"q":3.1,"p":100.0,"s":[{"cn":"Magistratus Ltd.","ui":"8995426","t":6.7781057E7,"r":6.7781057E7,"q":3.1,"p":100.0,"mot":"U","mo":6.7781057E7},{"cn":"","ui":"","t":0.0,"r":0.0,"q":0.0,"p":0.0,"mot":"L","mo":0.0}]},{"d":"19.09.2022","r":3.8445744E7,"q":3.11,"p":100.0,"s":[{"cn":"Magistratus Ltd.","ui":"8995426","t":4.8445744E7,"r":3.8445744E7,"q":3.11,"p":100.0,"mot":"U","mo":3.8445744E7},{"cn":"","ui":"","t":0.0,"r":0.0,"q":0.0,"p":0.0,"mot":"L","mo":0.0}]},{"d":"20.09.2022","r":2.867088E7,"q":3.11,"p":100.0,"s":[{"cn":"Magistratus Ltd.","ui":"8995426","t":3.867088E7,"r":2.867088E7,"q":3.11,"p":100.0,"mot":"U","mo":2.867088E7},{"cn":"","ui":"","t":0.0,"r":0.0,"q":0.0,"p":0.0,"mot":"L","mo":0.0}]},{"d":"21.09.2022","r":1.8896016E7,"q":3.12,"p":100.0,"s":[{"cn":"Magistratus Ltd.","ui":"8995426","t":2.8896016E7,"r":1.8896016E7,"q":3.12,"p":100.0,"mot":"U","mo":1.8896016E7},{"cn":"","ui":"","t":0.0,"r":0.0,"q":0.0,"p":0.0,"mot":"L","mo":0.0}]},{"d":"22.09.2022","r":9121152.0,"q":3.13,"p":100.0,"s":[{"cn":"Magistratus Ltd.","ui":"8995426","t":1.9121152E7,"r":9121152.0,"q":3.13,"p":100.0,"mot":"U","mo":9121152.0},{"cn":"","ui":"","t":0.0,"r":0.0,"q":0.0,"p":0.0,"mot":"L","mo":0.0}]},{"d":"27.09.2022","r":450272.0,"q":3.86,"p":100.0,"s":[{"cn":"Magistratus Ltd.","ui":"8995426","t":450272.0,"r":450272.0,"q":3.86,"p":100.0,"mot":"U","mo":450272.0},{"cn":"","ui":"","t":0.0,"r":0.0,"q":0.0,"p":0.0,"mot":"L","mo":0.0}]},{"d":"28.09.2022","r":675408.0,"q":3.86,"p":100.0,"s":[{"cn":"Magistratus Ltd.","ui":"8995426","t":675408.0,"r":675408.0,"q":3.86,"p":100.0,"mot":"U","mo":675408.0},{"cn":"","ui":"","t":0.0,"r":0.0,"q":0.0,"p":0.0,"mot":"L","mo":0.0}]},{"d":"29.09.2022","r":900544.0,"q":3.86,"p":100.0,"s":[{"cn":"Magistratus Ltd.","ui":"8995426","t":900544.0,"r":900544.0,"q":3.86,"p":100.0,"mot":"U","mo":900544.0},{"cn":"","ui":"","t":0.0,"r":0.0,"q":0.0,"p":0.0,"mot":"L","mo":0.0}]},{"d":"30.09.2022","r":7.1153028E7,"q":3.13,"p":104.84,"s":[{"cn":"Magistratus Ltd.","ui":"8463000","t":6.979656E7,"r":6.979656E7,"q":3.12,"p":105.0,"mot":"U","mo":6.979656E7},{"cn":"","ui":"","t":1356468.0,"r":1356468.0,"q":3.51,"p":96.59,"mot":"L","mo":1356468.0}]}]