[{"pi":"423812","pc":"Бакалея","ss":500,"td":"Фешенебельный район","dc":3,"n":429.75,"vc":"более 100","sl":"Очень высокий","sv":"менее 50","p":650.0,"q":13.0,"b":2.5,"wi":14.38,"ei":5.4,"as":335.0,"mi":"E","mv":147865,"sc":15,"lpe":96.35,"lpr":237.32,"lq":1.0},{"pi":"423812","pc":"Бакалея","ss":500,"td":"Фешенебельный район","dc":3,"n":429.75,"vc":"более 100","sl":"Очень высокий","sv":"менее 50","p":650.0,"q":13.0,"b":2.5,"wi":14.38,"ei":5.4,"as":335.0,"mi":"E","mv":147865,"sc":15,"lpe":96.35,"lpr":237.32,"lq":1.0},{"pi":"423812","pc":"Бакалея","ss":500,"td":"Фешенебельный район","dc":4,"n":509.38,"vc":"более 200","sl":"Высокий","sv":"около 1 000","p":250.0,"q":13.0,"b":2.5,"wi":14.38,"ei":5.4,"as":335.0,"mi":"E","mv":147865,"sc":15,"lpe":96.35,"lpr":237.32,"lq":1.0},{"pi":"423812","pc":"Бакалея","ss":500,"td":"Фешенебельный район","dc":3,"n":204.3,"vc":"около 50","sl":"Элитный","sv":"более 1 000","p":250.0,"q":13.0,"b":2.5,"wi":14.38,"ei":5.4,"as":335.0,"mi":"E","mv":147865,"sc":15,"lpe":96.35,"lpr":237.32,"lq":1.0},{"pi":"423812","pc":"Бакалея","ss":500,"td":"Фешенебельный район","dc":4,"n":509.38,"vc":"более 200","sl":"Высокий","sv":"около 1 000","p":250.0,"q":13.0,"b":2.5,"wi":14.38,"ei":5.4,"as":335.0,"mi":"E","mv":147865,"sc":15,"lpe":96.35,"lpr":237.32,"lq":1.0},{"pi":"423812","pc":"Бакалея","ss":500,"td":"Фешенебельный район","dc":3,"n":538.43,"vc":"более 200","sl":"Очень высокий","sv":"около 500","p":400.0,"q":13.0,"b":2.5,"wi":14.38,"ei":5.4,"as":335.0,"mi":"E","mv":147865,"sc":15,"lpe":96.35,"lpr":237.32,"lq":1.0},{"pi":"423812","pc":"Бакалея","ss":500,"td":"Фешенебельный район","dc":3,"n":0.0,"vc":"менее 50","sl":"Элитный","sv":"около 500","p":333.0,"q":13.0,"b":2.5,"wi":14.38,"ei":5.4,"as":335.0,"mi":"E","mv":147865,"sc":15,"lpe":96.35,"lpr":237.32,"lq":1.0},{"pi":"423812","pc":"Бакалея","ss":500,"td":"Фешенебельный район","dc":3,"n":525.69,"vc":"более 100","sl":"Очень высокий","sv":"около 500","p":433.41,"q":13.0,"b":2.5,"wi":14.38,"ei":5.4,"as":335.0,"mi":"E","mv":147865,"sc":15,"lpe":96.35,"lpr":237.32,"lq":1.0},{"pi":"423812","pc":"Бакалея","ss":500,"td":"Фешенебельный район","dc":3,"n":358.51,"vc":"около 100","sl":"Высокий","sv":"около 500","p":300.0,"q":13.0,"b":2.5,"wi":14.38,"ei":5.4,"as":335.0,"mi":"E","mv":147865,"sc":15,"lpe":96.35,"lpr":237.32,"lq":1.0},{"pi":"423812","pc":"Бакалея","ss":500,"td":"Фешенебельный район","dc":1,"n":422.96,"vc":"более 100","sl":"Элитный","sv":"более 100","p":550.0,"q":13.0,"b":2.5,"wi":14.38,"ei":5.4,"as":335.0,"mi":"E","mv":147865,"sc":15,"lpe":96.35,"lpr":237.32,"lq":1.0},{"pi":"423812","pc":"Бакалея","ss":500,"td":"Фешенебельный район","dc":3,"n":665.47,"vc":"около 500","sl":"Нормальный","sv":"около 50","p":550.0,"q":13.0,"b":2.5,"wi":14.38,"ei":5.4,"as":335.0,"mi":"E","mv":147865,"sc":15,"lpe":96.35,"lpr":237.32,"lq":1.0},{"pi":"423812","pc":"Бакалея","ss":500,"td":"Фешенебельный район","dc":3,"n":531.59,"vc":"более 200","sl":"Очень высокий","sv":"менее 50","p":580.0,"q":13.0,"b":2.5,"wi":14.38,"ei":5.4,"as":335.0,"mi":"E","mv":147865,"sc":15,"lpe":96.35,"lpr":237.32,"lq":1.0},{"pi":"423812","pc":"Бакалея","ss":500,"td":"Центр города","dc":4,"n":611.68,"vc":"более 2 000","sl":"Очень низкий","sv":"менее 50","p":600.0,"q":13.0,"b":2.5,"wi":14.38,"ei":5.4,"as":335.0,"mi":"E","mv":147865,"sc":15,"lpe":96.35,"lpr":237.32,"lq":1.0},{"pi":"423812","pc":"Бакалея","ss":500,"td":"Центр города","dc":4,"n":611.68,"vc":"более 2 000","sl":"Очень низкий","sv":"менее 50","p":600.0,"q":13.0,"b":2.5,"wi":14.38,"ei":5.4,"as":335.0,"mi":"E","mv":147865,"sc":15,"lpe":96.35,"lpr":237.32,"lq":1.0},{"pi":"423812","pc":"Бакалея","ss":500,"td":"Фешенебельный район","dc":3,"n":429.75,"vc":"более 100","sl":"Очень высокий","sv":"менее 50","p":650.0,"q":13.0,"b":2.5,"wi":14.38,"ei":5.4,"as":335.0,"mi":"E","mv":147865,"sc":15,"lpe":96.35,"lpr":237.32,"lq":1.0},{"pi":"423812","pc":"Бакалея","ss":500,"td":"Фешенебельный район","dc":3,"n":429.75,"vc":"более 100","sl":"Очень высокий","sv":"менее 50","p":650.0,"q":13.0,"b":2.5,"wi":14.38,"ei":5.4,"as":335.0,"mi":"E","mv":147865,"sc":15,"lpe":96.35,"lpr":237.32,"lq":1.0},{"pi":"423812","pc":"Бакалея","ss":500,"td":"Фешенебельный район","dc":3,"n":204.3,"vc":"около 50","sl":"Элитный","sv":"более 1 000","p":250.0,"q":13.0,"b":2.5,"wi":14.38,"ei":5.4,"as":335.0,"mi":"E","mv":147865,"sc":15,"lpe":96.35,"lpr":237.32,"lq":1.0},{"pi":"423812","pc":"Бакалея","ss":500,"td":"Фешенебельный район","dc":3,"n":0.0,"vc":"менее 50","sl":"Элитный","sv":"около 500","p":333.0,"q":13.0,"b":2.5,"wi":14.38,"ei":5.4,"as":335.0,"mi":"E","mv":147865,"sc":15,"lpe":96.35,"lpr":237.32,"lq":1.0},{"pi":"423812","pc":"Бакалея","ss":500,"td":"Фешенебельный район","dc":3,"n":525.69,"vc":"более 100","sl":"Очень высокий","sv":"около 500","p":433.41,"q":13.0,"b":2.5,"wi":14.38,"ei":5.4,"as":335.0,"mi":"E","mv":147865,"sc":15,"lpe":96.35,"lpr":237.32,"lq":1.0},{"pi":"423812","pc":"Бакалея","ss":500,"td":"Фешенебельный район","dc":3,"n":531.59,"vc":"более 200","sl":"Очень высокий","sv":"менее 50","p":580.0,"q":13.0,"b":2.5,"wi":14.38,"ei":5.4,"as":335.0,"mi":"E","mv":147865,"sc":15,"lpe":96.35,"lpr":237.32,"lq":1.0},{"pi":"423812","pc":"Бакалея","ss":500,"td":"Фешенебельный район","dc":3,"n":538.43,"vc":"более 200","sl":"Очень высокий","sv":"около 500","p":400.0,"q":13.0,"b":2.5,"wi":14.38,"ei":5.4,"as":335.0,"mi":"E","mv":147865,"sc":15,"lpe":96.35,"lpr":237.32,"lq":1.0},{"pi":"423812","pc":"Бакалея","ss":500,"td":"Фешенебельный район","dc":3,"n":429.75,"vc":"более 100","sl":"Очень высокий","sv":"менее 50","p":650.0,"q":13.0,"b":2.5,"wi":14.38,"ei":5.4,"as":335.0,"mi":"E","mv":147865,"sc":15,"lpe":96.35,"lpr":237.32,"lq":1.0},{"pi":"423812","pc":"Бакалея","ss":500,"td":"Фешенебельный район","dc":3,"n":543.79,"vc":"более 200","sl":"Высокий","sv":"менее 50","p":600.0,"q":13.0,"b":2.5,"wi":14.38,"ei":5.4,"as":335.0,"mi":"E","mv":147865,"sc":15,"lpe":96.35,"lpr":237.32,"lq":1.0},{"pi":"423812","pc":"Бакалея","ss":500,"td":"Фешенебельный район","dc":3,"n":429.75,"vc":"более 100","sl":"Очень высокий","sv":"менее 50","p":650.0,"q":13.0,"b":2.5,"wi":14.38,"ei":5.4,"as":335.0,"mi":"E","mv":147865,"sc":15,"lpe":96.35,"lpr":237.32,"lq":1.0},{"pi":"423812","pc":"Бакалея","ss":500,"td":"Фешенебельный район","dc":3,"n":204.3,"vc":"около 50","sl":"Элитный","sv":"более 1 000","p":250.0,"q":13.0,"b":2.5,"wi":14.38,"ei":5.4,"as":335.0,"mi":"E","mv":147865,"sc":15,"lpe":96.35,"lpr":237.32,"lq":1.0},{"pi":"423812","pc":"Бакалея","ss":500,"td":"Фешенебельный район","dc":3,"n":429.75,"vc":"более 100","sl":"Очень высокий","sv":"менее 50","p":650.0,"q":13.0,"b":2.5,"wi":14.38,"ei":5.4,"as":335.0,"mi":"E","mv":147865,"sc":15,"lpe":96.35,"lpr":237.32,"lq":1.0},{"pi":"423812","pc":"Бакалея","ss":500,"td":"Фешенебельный район","dc":4,"n":509.38,"vc":"более 200","sl":"Высокий","sv":"около 1 000","p":250.0,"q":13.0,"b":2.5,"wi":14.38,"ei":5.4,"as":335.0,"mi":"E","mv":147865,"sc":15,"lpe":96.35,"lpr":237.32,"lq":1.0},{"pi":"423812","pc":"Бакалея","ss":500,"td":"Фешенебельный район","dc":3,"n":665.47,"vc":"около 500","sl":"Нормальный","sv":"около 50","p":550.0,"q":13.0,"b":2.5,"wi":14.38,"ei":5.4,"as":335.0,"mi":"E","mv":147865,"sc":15,"lpe":96.35,"lpr":237.32,"lq":1.0},{"pi":"423812","pc":"Бакалея","ss":500,"td":"Фешенебельный район","dc":3,"n":27.23,"vc":"менее 50","sl":"Элитный","sv":"менее 50","p":435.03,"q":13.0,"b":2.5,"wi":14.38,"ei":5.4,"as":335.0,"mi":"E","mv":147865,"sc":15,"lpe":96.35,"lpr":237.32,"lq":1.0},{"pi":"423812","pc":"Бакалея","ss":500,"td":"Фешенебельный район","dc":3,"n":429.75,"vc":"более 100","sl":"Очень высокий","sv":"менее 50","p":650.0,"q":13.0,"b":2.5,"wi":14.38,"ei":5.4,"as":335.0,"mi":"E","mv":147865,"sc":15,"lpe":96.35,"lpr":237.32,"lq":1.0},{"pi":"423812","pc":"Бакалея","ss":500,"td":"Фешенебельный район","dc":3,"n":429.75,"vc":"более 100","sl":"Очень высокий","sv":"менее 50","p":650.0,"q":13.0,"b":2.5,"wi":14.38,"ei":5.4,"as":335.0,"mi":"E","mv":147865,"sc":15,"lpe":96.35,"lpr":237.32,"lq":1.0},{"pi":"423812","pc":"Бакалея","ss":500,"td":"Центр города","dc":4,"n":611.68,"vc":"более 2 000","sl":"Очень низкий","sv":"менее 50","p":600.0,"q":13.0,"b":2.5,"wi":14.38,"ei":5.4,"as":335.0,"mi":"E","mv":147865,"sc":15,"lpe":96.35,"lpr":237.32,"lq":1.0},{"pi":"423812","pc":"Бакалея","ss":500,"td":"Фешенебельный район","dc":3,"n":429.75,"vc":"более 100","sl":"Очень высокий","sv":"менее 50","p":650.0,"q":13.0,"b":2.5,"wi":14.38,"ei":5.4,"as":335.0,"mi":"E","mv":147865,"sc":15,"lpe":96.35,"lpr":237.32,"lq":1.0},{"pi":"423812","pc":"Бакалея","ss":500,"td":"Фешенебельный район","dc":3,"n":429.75,"vc":"более 100","sl":"Очень высокий","sv":"менее 50","p":650.0,"q":13.0,"b":2.5,"wi":14.38,"ei":5.4,"as":335.0,"mi":"E","mv":147865,"sc":15,"lpe":96.35,"lpr":237.32,"lq":1.0},{"pi":"423812","pc":"Бакалея","ss":500,"td":"Фешенебельный район","dc":3,"n":429.75,"vc":"более 100","sl":"Очень высокий","sv":"менее 50","p":650.0,"q":13.0,"b":2.5,"wi":14.38,"ei":5.4,"as":335.0,"mi":"E","mv":147865,"sc":15,"lpe":96.35,"lpr":237.32,"lq":1.0},{"pi":"423812","pc":"Бакалея","ss":500,"td":"Фешенебельный район","dc":3,"n":429.75,"vc":"более 100","sl":"Очень высокий","sv":"менее 50","p":650.0,"q":13.0,"b":2.5,"wi":14.38,"ei":5.4,"as":335.0,"mi":"E","mv":147865,"sc":15,"lpe":96.35,"lpr":237.32,"lq":1.0},{"pi":"423812","pc":"Бакалея","ss":500,"td":"Фешенебельный район","dc":3,"n":429.75,"vc":"более 100","sl":"Очень высокий","sv":"менее 50","p":650.0,"q":13.0,"b":2.5,"wi":14.38,"ei":5.4,"as":335.0,"mi":"E","mv":147865,"sc":15,"lpe":96.35,"lpr":237.32,"lq":1.0},{"pi":"423812","pc":"Бакалея","ss":500,"td":"Фешенебельный район","dc":4,"n":509.38,"vc":"более 200","sl":"Высокий","sv":"около 1 000","p":250.0,"q":13.0,"b":2.5,"wi":14.38,"ei":5.4,"as":335.0,"mi":"E","mv":147865,"sc":15,"lpe":96.35,"lpr":237.32,"lq":1.0},{"pi":"423812","pc":"Бакалея","ss":500,"td":"Фешенебельный район","dc":3,"n":429.75,"vc":"более 100","sl":"Очень высокий","sv":"менее 50","p":650.0,"q":13.0,"b":2.5,"wi":14.38,"ei":5.4,"as":335.0,"mi":"E","mv":147865,"sc":15,"lpe":96.35,"lpr":237.32,"lq":1.0}]