[{"pi":"423116","pc":"Бакалея","ss":300000,"td":"Фешенебельный район","dc":1,"n":674.08,"vc":"1255192","sl":"Элитный","sv":"13677","p":49170.0,"q":40.53,"b":0.0,"ms":7.85,"wi":21.09,"ei":5.96,"as":107.95,"mi":"E","mv":174204,"sc":1,"lpe":92.15,"lpr":4908.36,"lq":1.0,"d":12197086},{"pi":"423116","pc":"Бакалея","ss":20000,"td":"Центр города","dc":1,"n":455.73,"vc":"48530","sl":"Элитный","sv":"1000","p":35000.0,"q":26.41,"b":2.98,"ms":7.6,"wi":53.24,"ei":7.46,"as":830.0,"mi":"E","mv":13158,"sc":1,"lpe":92.4,"lpr":7368.32,"lq":1.0,"d":923206},{"pi":"423116","pc":"Бакалея","ss":40000,"td":"Центр города","dc":1,"n":442.28,"vc":"77123","sl":"Элитный","sv":"400","p":50000.0,"q":26.41,"b":0.0,"ms":4.19,"wi":32.37,"ei":14.28,"as":748.41,"mi":"E","mv":9555,"sc":1,"lpe":95.81,"lpr":11078.29,"lq":1.0,"d":1218946},{"pi":"423116","pc":"Бакалея","ss":1000,"td":"Центр города","dc":1,"n":451.66,"vc":"5285","sl":"Нормальный","sv":"100","p":40000.0,"q":26.41,"b":0.0,"ms":0.74,"wi":52.06,"ei":6.11,"as":520.0,"mi":"E","mv":13431,"sc":1,"lpe":99.26,"lpr":12070.9,"lq":1.0,"d":978294},{"pi":"423116","pc":"Бакалея","ss":40000,"td":"Центр города","dc":1,"n":400.92,"vc":"69355","sl":"Элитный","sv":"200","p":50000.0,"q":26.41,"b":0.0,"ms":1.07,"wi":37.07,"ei":11.18,"as":369.8,"mi":"E","mv":18633,"sc":1,"lpe":98.93,"lpr":11435.02,"lq":1.0,"d":2031724},{"pi":"423116","pc":"Бакалея","ss":300000,"td":"Фешенебельный район","dc":1,"n":671.15,"vc":"967495","sl":"Элитный","sv":"10848","p":25560.0,"q":40.53,"b":3.09,"ms":11.77,"wi":28.97,"ei":6.53,"as":314.5,"mi":"E","mv":92137,"sc":2,"lpe":88.15,"lpr":2247.51,"lq":1.09,"d":6283054},{"pi":"423116","pc":"Бакалея","ss":100000,"td":"Центр города","dc":1,"n":474.37,"vc":"428403","sl":"Элитный","sv":"71","p":30000.0,"q":37.0,"b":3.09,"ms":0.08,"wi":28.97,"ei":6.53,"as":314.5,"mi":"E","mv":92137,"sc":2,"lpe":88.15,"lpr":2247.51,"lq":1.09,"d":6283054},{"pi":"423116","pc":"Бакалея","ss":100000,"td":"Фешенебельный район","dc":1,"n":683.46,"vc":"121297","sl":"Элитный","sv":"190","p":36470.0,"q":40.53,"b":4.3,"ms":12.09,"wi":23.28,"ei":13.22,"as":2097.79,"mi":"E","mv":1572,"sc":1,"lpe":87.91,"lpr":4809.52,"lq":1.61,"d":332434},{"pi":"423116","pc":"Бакалея","ss":1000,"td":"Центр города","dc":1,"n":207.48,"vc":"1315","sl":"Элитный","sv":"500","p":25000.0,"q":26.41,"b":2.83,"ms":4.02,"wi":22.96,"ei":14.81,"as":273.81,"mi":"E","mv":12446,"sc":1,"lpe":95.98,"lpr":8038.45,"lq":1.0,"d":2553554},{"pi":"423116","pc":"Бакалея","ss":100000,"td":"Фешенебельный район","dc":1,"n":684.09,"vc":"205948","sl":"Элитный","sv":"1132","p":28880.0,"q":40.53,"b":3.57,"ms":7.95,"wi":22.05,"ei":8.06,"as":455.88,"mi":"E","mv":14237,"sc":1,"lpe":92.05,"lpr":3622.95,"lq":1.0,"d":1147914},{"pi":"423116","pc":"Бакалея","ss":100000,"td":"Фешенебельный район","dc":1,"n":688.36,"vc":"222002","sl":"Элитный","sv":"1015","p":45150.0,"q":40.52,"b":3.25,"ms":13.93,"wi":52.44,"ei":11.56,"as":1499.2,"mi":"E","mv":7284,"sc":1,"lpe":86.07,"lpr":4941.85,"lq":2.5,"d":607176},{"pi":"423116","pc":"Бакалея","ss":300000,"td":"Фешенебельный район","dc":1,"n":682.8,"vc":"819373","sl":"Элитный","sv":"4338","p":109700.0,"q":40.53,"b":3.58,"ms":11.91,"wi":41.0,"ei":10.98,"as":1160.85,"mi":"E","mv":36412,"sc":1,"lpe":88.09,"lpr":13215.96,"lq":1.19,"d":2838504},{"pi":"423116","pc":"Бакалея","ss":300000,"td":"Фешенебельный район","dc":1,"n":682.76,"vc":"853970","sl":"Элитный","sv":"5000","p":52450.0,"q":40.53,"b":3.51,"ms":11.64,"wi":33.51,"ei":8.27,"as":568.82,"mi":"E","mv":42959,"sc":1,"lpe":88.36,"lpr":6018.45,"lq":1.83,"d":3198452},{"pi":"423116","pc":"Бакалея","ss":10000,"td":"Центр города","dc":1,"n":321.86,"vc":"6313","sl":"Элитный","sv":"126","p":50000.0,"q":21.73,"b":3.52,"ms":4.87,"wi":30.61,"ei":9.87,"as":618.95,"mi":"E","mv":2588,"sc":1,"lpe":95.13,"lpr":10057.05,"lq":1.0,"d":765755},{"pi":"423116","pc":"Бакалея","ss":100000,"td":"Фешенебельный район","dc":1,"n":689.42,"vc":"280898","sl":"Элитный","sv":"1747","p":28300.0,"q":40.53,"b":2.86,"ms":9.98,"wi":29.56,"ei":5.84,"as":351.52,"mi":"E","mv":17512,"sc":1,"lpe":90.02,"lpr":2804.91,"lq":1.02,"d":1155227},{"pi":"423116","pc":"Бакалея","ss":110000,"td":"Фешенебельный район","dc":1,"n":595.83,"vc":"82785","sl":"Элитный","sv":"10","p":115000.0,"q":25.76,"b":0.0,"ms":0.25,"wi":32.14,"ei":8.54,"as":796.22,"mi":"E","mv":3966,"sc":1,"lpe":99.75,"lpr":13183.42,"lq":1.0,"d":788262},{"pi":"423116","pc":"Бакалея","ss":100000,"td":"Фешенебельный район","dc":1,"n":679.31,"vc":"273959","sl":"Элитный","sv":"2103","p":109800.0,"q":40.52,"b":2.73,"ms":11.73,"wi":49.54,"ei":10.29,"as":760.4,"mi":"E","mv":17923,"sc":2,"lpe":87.65,"lpr":16469.56,"lq":3.59,"d":1419772},{"pi":"423116","pc":"Бакалея","ss":100000,"td":"Фешенебельный район","dc":1,"n":381.06,"vc":"15567","sl":"Элитный","sv":"110","p":86000.0,"q":31.65,"b":0.0,"ms":0.61,"wi":49.54,"ei":10.29,"as":760.4,"mi":"E","mv":17923,"sc":2,"lpe":87.65,"lpr":16469.56,"lq":3.59,"d":1419772},{"pi":"423116","pc":"Бакалея","ss":10000,"td":"Фешенебельный район","dc":1,"n":279.43,"vc":"2161","sl":"Элитный","sv":"94","p":42000.0,"q":21.73,"b":3.02,"ms":0.16,"wi":20.18,"ei":6.66,"as":92.32,"mi":"E","mv":60454,"sc":1,"lpe":99.84,"lpr":5390.84,"lq":1.0,"d":5598351},{"pi":"423116","pc":"Бакалея","ss":100000,"td":"Фешенебельный район","dc":1,"n":688.31,"vc":"240206","sl":"Элитный","sv":"1191","p":12860.0,"q":40.53,"b":3.0,"ms":10.31,"wi":27.73,"ei":5.96,"as":313.5,"mi":"E","mv":11549,"sc":1,"lpe":89.69,"lpr":1050.06,"lq":1.0,"d":761636},{"pi":"423116","pc":"Бакалея","ss":100000,"td":"Центр города","dc":1,"n":353.45,"vc":"94479","sl":"Элитный","sv":"6","p":60000.0,"q":24.56,"b":0.0,"ms":0.02,"wi":19.88,"ei":6.02,"as":127.25,"mi":"E","mv":30133,"sc":1,"lpe":99.98,"lpr":4638.12,"lq":1.0,"d":2750721},{"pi":"423116","pc":"Бакалея","ss":300000,"td":"Фешенебельный район","dc":1,"n":661.37,"vc":"984856","sl":"Элитный","sv":"10000","p":67870.0,"q":40.53,"b":2.89,"ms":7.74,"wi":37.85,"ei":8.73,"as":677.93,"mi":"E","mv":129183,"sc":1,"lpe":92.26,"lpr":7377.6,"lq":1.0,"d":8646844},{"pi":"423116","pc":"Бакалея","ss":10000,"td":"Центр города","dc":1,"n":425.22,"vc":"25329","sl":"Элитный","sv":"200","p":50000.0,"q":26.41,"b":0.0,"ms":1.35,"wi":53.52,"ei":10.43,"as":1156.77,"mi":"E","mv":14824,"sc":1,"lpe":98.65,"lpr":11667.9,"lq":1.0,"d":1264874},{"pi":"423116","pc":"Бакалея","ss":100000,"td":"Фешенебельный район","dc":1,"n":644.62,"vc":"315712","sl":"Элитный","sv":"7146","p":125700.0,"q":40.53,"b":3.17,"ms":12.55,"wi":54.32,"ei":11.9,"as":1548.35,"mi":"E","mv":56922,"sc":3,"lpe":87.19,"lpr":18560.66,"lq":4.01,"d":5522842},{"pi":"423116","pc":"Бакалея","ss":100000,"td":"Фешенебельный район","dc":1,"n":299.51,"vc":"11432","sl":"Элитный","sv":"133","p":110000.0,"q":31.98,"b":0.0,"ms":0.23,"wi":54.32,"ei":11.9,"as":1548.35,"mi":"E","mv":56922,"sc":3,"lpe":87.19,"lpr":18560.66,"lq":4.01,"d":5522842},{"pi":"423116","pc":"Бакалея","ss":10000,"td":"Фешенебельный район","dc":1,"n":183.7,"vc":"1067","sl":"Элитный","sv":"13","p":90000.0,"q":21.73,"b":2.01,"ms":0.02,"wi":54.32,"ei":11.9,"as":1548.35,"mi":"E","mv":56922,"sc":3,"lpe":87.19,"lpr":18560.66,"lq":4.01,"d":5522842},{"pi":"423116","pc":"Бакалея","ss":10000,"td":"Фешенебельный район","dc":1,"n":645.87,"vc":"22276","sl":"Элитный","sv":"3500","p":25130.0,"q":40.53,"b":2.79,"ms":14.4,"wi":27.38,"ei":6.29,"as":385.9,"mi":"E","mv":24313,"sc":1,"lpe":85.6,"lpr":3093.3,"lq":1.15,"d":1869976},{"pi":"423116","pc":"Бакалея","ss":300000,"td":"Фешенебельный район","dc":1,"n":666.2,"vc":"1170099","sl":"Элитный","sv":"14850","p":63900.0,"q":40.53,"b":3.0,"ms":7.9,"wi":33.04,"ei":6.88,"as":461.89,"mi":"E","mv":187889,"sc":2,"lpe":91.67,"lpr":6330.56,"lq":2.1,"d":12391712},{"pi":"423116","pc":"Бакалея","ss":100000,"td":"Центр города","dc":1,"n":426.61,"vc":"343270","sl":"Элитный","sv":"807","p":60000.0,"q":37.1,"b":2.29,"ms":0.43,"wi":33.04,"ei":6.88,"as":461.89,"mi":"E","mv":187889,"sc":2,"lpe":91.67,"lpr":6330.56,"lq":2.1,"d":12391712},{"pi":"423116","pc":"Бакалея","ss":10000,"td":"Фешенебельный район","dc":1,"n":668.41,"vc":"16342","sl":"Элитный","sv":"700","p":25130.0,"q":40.53,"b":2.79,"ms":9.91,"wi":20.53,"ei":4.41,"as":229.32,"mi":"E","mv":7066,"sc":1,"lpe":90.09,"lpr":2544.11,"lq":1.0,"d":551045},{"pi":"423116","pc":"Бакалея","ss":100000,"td":"Фешенебельный район","dc":1,"n":677.47,"vc":"302214","sl":"Элитный","sv":"2492","p":10760.0,"q":40.53,"b":2.58,"ms":9.79,"wi":25.53,"ei":7.54,"as":465.74,"mi":"E","mv":25457,"sc":1,"lpe":90.21,"lpr":1003.93,"lq":1.0,"d":1976646},{"pi":"423116","pc":"Бакалея","ss":100000,"td":"Фешенебельный район","dc":1,"n":682.75,"vc":"304264","sl":"Элитный","sv":"1823","p":34460.0,"q":40.53,"b":2.58,"ms":10.11,"wi":26.47,"ei":11.46,"as":520.77,"mi":"E","mv":18033,"sc":1,"lpe":89.89,"lpr":3529.41,"lq":1.16,"d":1743484},{"pi":"423116","pc":"Бакалея","ss":10000,"td":"Центр города","dc":1,"n":426.43,"vc":"25846","sl":"Элитный","sv":"207","p":50000.0,"q":26.41,"b":2.48,"ms":1.59,"wi":57.59,"ei":9.91,"as":1400.0,"mi":"E","mv":12996,"sc":1,"lpe":98.41,"lpr":20756.54,"lq":1.0,"d":1306224},{"pi":"423116","pc":"Бакалея","ss":100000,"td":"Фешенебельный район","dc":1,"n":407.15,"vc":"17235","sl":"Элитный","sv":"189","p":100000.0,"q":31.65,"b":4.48,"ms":1.56,"wi":52.27,"ei":6.17,"as":538.8,"mi":"E","mv":12138,"sc":1,"lpe":98.44,"lpr":16768.64,"lq":1.0,"d":927421},{"pi":"423116","pc":"Бакалея","ss":300000,"td":"Фешенебельный район","dc":1,"n":672.38,"vc":"1012713","sl":"Элитный","sv":"11813","p":16450.0,"q":40.52,"b":3.03,"ms":15.11,"wi":27.63,"ei":5.96,"as":119.21,"mi":"E","mv":78185,"sc":1,"lpe":84.89,"lpr":1459.62,"lq":1.0,"d":6921520}]