[{"pi":"423118","pc":"Электроника","ss":200000,"td":"Фешенебельный район","dc":1,"n":681.2,"vc":"1087628","sl":"Очень высокий","sv":"8294","p":30000.0,"q":40.23,"b":0.0,"ms":8.31,"wi":103.48,"ei":8.05,"as":496.63,"mi":"E","mv":99781,"sc":1,"lpe":91.69,"lpr":6040.1,"lq":1.0,"d":2372220},{"pi":"423118","pc":"Электроника","ss":100000,"td":"Фешенебельный район","dc":1,"n":444.56,"vc":"34622","sl":"Элитный","sv":"24","p":100000.0,"q":31.91,"b":0.0,"ms":0.07,"wi":121.36,"ei":7.32,"as":669.82,"mi":"E","mv":32670,"sc":1,"lpe":99.93,"lpr":17866.14,"lq":1.0,"d":764406},{"pi":"423118","pc":"Электроника","ss":100000,"td":"Фешенебельный район","dc":1,"n":675.29,"vc":"408484","sl":"Элитный","sv":"1192","p":30000.0,"q":33.65,"b":5.2,"ms":3.64,"wi":59.6,"ei":4.79,"as":1214.84,"mi":"E","mv":32749,"sc":1,"lpe":96.36,"lpr":4766.4,"lq":1.0,"d":1558800},{"pi":"423118","pc":"Электроника","ss":300000,"td":"Фешенебельный район","dc":10,"n":595.46,"vc":"372256","sl":"Высокий","sv":"110","p":34660.0,"q":34.19,"b":0.0,"ms":0.07,"wi":107.17,"ei":9.22,"as":460.05,"mi":"E","mv":146970,"sc":2,"lpe":99.91,"lpr":7631.74,"lq":1.0,"d":4552020},{"pi":"423118","pc":"Электроника","ss":100000,"td":"Фешенебельный район","dc":9,"n":395.93,"vc":"24070","sl":"Элитный","sv":"21","p":40000.0,"q":25.13,"b":3.73,"ms":0.01,"wi":107.17,"ei":9.22,"as":460.05,"mi":"E","mv":146970,"sc":2,"lpe":99.91,"lpr":7631.74,"lq":1.0,"d":4552020},{"pi":"423118","pc":"Электроника","ss":300000,"td":"Центр города","dc":10,"n":656.71,"vc":"3738301","sl":"Очень низкий","sv":"1","p":25835.9,"q":29.34,"b":2.5,"ms":0.0,"wi":55.16,"ei":10.02,"as":436.87,"mi":"E","mv":80256,"sc":1,"lpe":100.0,"lpr":3722.25,"lq":1.0,"d":3375876},{"pi":"423118","pc":"Электроника","ss":1000,"td":"Центр города","dc":1,"n":427.88,"vc":"8170","sl":"Низкий","sv":"29","p":100163.75,"q":31.93,"b":0.0,"ms":0.04,"wi":195.73,"ei":13.21,"as":1026.42,"mi":"E","mv":69400,"sc":1,"lpe":99.96,"lpr":18301.53,"lq":1.0,"d":1564346},{"pi":"423118","pc":"Электроника","ss":10000,"td":"Центр города","dc":1,"n":296.16,"vc":"4228","sl":"Очень высокий","sv":"1","p":40000.0,"q":20.6,"b":0.0,"ms":0.05,"wi":162.57,"ei":6.07,"as":821.17,"mi":"E","mv":1978,"sc":1,"lpe":99.95,"lpr":33287.53,"lq":1.0,"d":185784},{"pi":"423118","pc":"Электроника","ss":100000,"td":"Центр города","dc":3,"n":645.67,"vc":"1500186","sl":"Низкий","sv":"54","p":35000.0,"q":20.0,"b":0.0,"ms":0.25,"wi":80.76,"ei":7.25,"as":793.8,"mi":"E","mv":21847,"sc":1,"lpe":99.75,"lpr":7773.95,"lq":1.0,"d":791638},{"pi":"423118","pc":"Электроника","ss":100000,"td":"Фешенебельный район","dc":1,"n":679.6,"vc":"436124","sl":"Элитный","sv":"957","p":34000.0,"q":33.64,"b":5.2,"ms":5.15,"wi":85.43,"ei":10.29,"as":1083.81,"mi":"E","mv":18586,"sc":1,"lpe":94.85,"lpr":8900.58,"lq":1.0,"d":2348273},{"pi":"423118","pc":"Электроника","ss":300000,"td":"Центр города","dc":10,"n":698.1,"vc":"5106014","sl":"Очень низкий","sv":"2","p":94594.69,"q":29.99,"b":2.68,"ms":0.01,"wi":71.91,"ei":10.37,"as":570.37,"mi":"E","mv":36590,"sc":1,"lpe":99.99,"lpr":14096.41,"lq":1.0,"d":3807204},{"pi":"423118","pc":"Электроника","ss":300000,"td":"Фешенебельный район","dc":10,"n":532.12,"vc":"179455","sl":"Очень высокий","sv":"26128","p":4837.0,"q":34.6,"b":0.0,"ms":31.06,"wi":19.52,"ei":6.18,"as":387.78,"mi":"E","mv":84133,"sc":1,"lpe":68.94,"lpr":992.7,"lq":1.03,"d":4887702},{"pi":"423118","pc":"Электроника","ss":300000,"td":"Фешенебельный район","dc":10,"n":532.12,"vc":"213294","sl":"Очень высокий","sv":"246","p":48660.0,"q":34.7,"b":0.0214634146341463,"ms":0.21,"wi":59.03,"ei":13.56,"as":636.12,"mi":"E","mv":114662,"sc":1,"lpe":99.79,"lpr":10765.93,"lq":1.0,"d":4304247},{"pi":"423118","pc":"Электроника","ss":1000,"td":"Центр города","dc":2,"n":597.67,"vc":"5779","sl":"Низкий","sv":"1","p":35000.0,"q":17.79,"b":0.0,"ms":0.01,"wi":103.17,"ei":6.3,"as":544.08,"mi":"E","mv":7118,"sc":1,"lpe":99.99,"lpr":7349.09,"lq":1.0,"d":120200},{"pi":"423118","pc":"Электроника","ss":100000,"td":"Фешенебельный район","dc":1,"n":551.24,"vc":"66234","sl":"Высокий","sv":"32","p":35000.0,"q":16.87,"b":1.0825,"ms":0.07,"wi":145.07,"ei":8.96,"as":626.97,"mi":"E","mv":46256,"sc":1,"lpe":99.93,"lpr":5985.13,"lq":1.0,"d":828934},{"pi":"423118","pc":"Электроника","ss":300000,"td":"Центр города","dc":1,"n":502.48,"vc":"1928623","sl":"Очень высокий","sv":"186672","p":31000.0,"q":42.6,"b":3.24,"ms":19.08,"wi":83.34,"ei":13.03,"as":696.67,"mi":"E","mv":978534,"sc":7,"lpe":79.92,"lpr":7848.64,"lq":3.35,"d":20489316},{"pi":"423118","pc":"Электроника","ss":300000,"td":"Центр города","dc":1,"n":648.07,"vc":"11721792","sl":"Очень низкий","sv":"7500","p":37000.0,"q":37.44,"b":4.45,"ms":0.77,"wi":83.34,"ei":13.03,"as":696.67,"mi":"E","mv":978534,"sc":7,"lpe":79.92,"lpr":7848.64,"lq":3.35,"d":20489316},{"pi":"423118","pc":"Электроника","ss":100000,"td":"Центр города","dc":1,"n":435.44,"vc":"445598","sl":"Элитный","sv":"2000","p":40000.0,"q":20.0,"b":0.0,"ms":0.2,"wi":83.34,"ei":13.03,"as":696.67,"mi":"E","mv":978534,"sc":7,"lpe":79.92,"lpr":7848.64,"lq":3.35,"d":20489316},{"pi":"423118","pc":"Электроника","ss":100000,"td":"Центр города","dc":1,"n":538.5,"vc":"1800522","sl":"Нормальный","sv":"188","p":37376.1,"q":44.12,"b":5.25,"ms":0.02,"wi":83.34,"ei":13.03,"as":696.67,"mi":"E","mv":978534,"sc":7,"lpe":79.92,"lpr":7848.64,"lq":3.35,"d":20489316},{"pi":"423118","pc":"Электроника","ss":300000,"td":"Центр города","dc":1,"n":424.37,"vc":"1365728","sl":"Элитный","sv":"78","p":65113.1,"q":39.19,"b":2.63,"ms":0.01,"wi":83.34,"ei":13.03,"as":696.67,"mi":"E","mv":978534,"sc":7,"lpe":79.92,"lpr":7848.64,"lq":3.35,"d":20489316},{"pi":"423118","pc":"Электроника","ss":300000,"td":"Центр города","dc":1,"n":424.37,"vc":"1365728","sl":"Элитный","sv":"78","p":65113.1,"q":39.18,"b":2.63,"ms":0.01,"wi":83.34,"ei":13.03,"as":696.67,"mi":"E","mv":978534,"sc":7,"lpe":79.92,"lpr":7848.64,"lq":3.35,"d":20489316},{"pi":"423118","pc":"Электроника","ss":100000,"td":"Центр города","dc":1,"n":352.67,"vc":"201050","sl":"Элитный","sv":"1","p":69233.02,"q":34.43,"b":0.0,"ms":0.0,"wi":83.34,"ei":13.03,"as":696.67,"mi":"E","mv":978534,"sc":7,"lpe":79.92,"lpr":7848.64,"lq":3.35,"d":20489316},{"pi":"423118","pc":"Электроника","ss":300000,"td":"Фешенебельный район","dc":1,"n":699.18,"vc":"1669022","sl":"Очень низкий","sv":"7000","p":40000.0,"q":40.1,"b":4.45,"ms":3.98,"wi":103.05,"ei":7.17,"as":920.55,"mi":"E","mv":176065,"sc":2,"lpe":95.8,"lpr":19671.29,"lq":1.0,"d":4339386},{"pi":"423118","pc":"Электроника","ss":100000,"td":"Центр города","dc":1,"n":360.93,"vc":"189650","sl":"Элитный","sv":"389","p":89233.02,"q":31.43,"b":0.00254498714652956,"ms":0.22,"wi":103.05,"ei":7.17,"as":920.55,"mi":"E","mv":176065,"sc":2,"lpe":95.8,"lpr":19671.29,"lq":1.0,"d":4339386},{"pi":"423118","pc":"Электроника","ss":1000,"td":"Спальный район","dc":1,"n":302.83,"vc":"1748","sl":"Очень высокий","sv":"31","p":40000.0,"q":25.14,"b":0.0,"ms":0.05,"wi":162.11,"ei":6.8,"as":607.03,"mi":"E","mv":61347,"sc":2,"lpe":99.95,"lpr":11113.33,"lq":1.0,"d":1036620},{"pi":"423118","pc":"Электроника","ss":1000,"td":"Центр города","dc":1,"n":322.4,"vc":"2602","sl":"Очень высокий","sv":"1","p":49000.0,"q":19.18,"b":0.0,"ms":0.0,"wi":162.11,"ei":6.8,"as":607.03,"mi":"E","mv":61347,"sc":2,"lpe":99.95,"lpr":11113.33,"lq":1.0,"d":1036620},{"pi":"423118","pc":"Электроника","ss":500,"td":"Фешенебельный район","dc":1,"n":674.56,"vc":"1986","sl":"Нормальный","sv":"377","p":45000.0,"q":33.64,"b":5.2,"ms":1.77,"wi":168.18,"ei":6.1,"as":1689.91,"mi":"E","mv":21273,"sc":2,"lpe":96.46,"lpr":8350.08,"lq":1.0,"d":693286},{"pi":"423118","pc":"Электроника","ss":500,"td":"Фешенебельный район","dc":1,"n":674.56,"vc":"1986","sl":"Нормальный","sv":"377","p":45000.0,"q":33.64,"b":5.2,"ms":1.77,"wi":168.18,"ei":6.1,"as":1689.91,"mi":"E","mv":21273,"sc":2,"lpe":96.46,"lpr":8350.08,"lq":1.0,"d":693286},{"pi":"423118","pc":"Электроника","ss":1000,"td":"Фешенебельный район","dc":1,"n":178.47,"vc":"187","sl":"Элитный","sv":"32","p":28000.0,"q":24.64,"b":1.71,"ms":0.05,"wi":118.42,"ei":12.71,"as":884.15,"mi":"E","mv":61288,"sc":2,"lpe":99.9,"lpr":8760.77,"lq":1.0,"d":2080793},{"pi":"423118","pc":"Электроника","ss":1000,"td":"Фешенебельный район","dc":1,"n":177.25,"vc":"185","sl":"Элитный","sv":"31","p":28000.0,"q":24.64,"b":1.71,"ms":0.05,"wi":118.42,"ei":12.71,"as":884.15,"mi":"E","mv":61288,"sc":2,"lpe":99.9,"lpr":8760.77,"lq":1.0,"d":2080793},{"pi":"423118","pc":"Электроника","ss":100000,"td":"Фешенебельный район","dc":4,"n":459.15,"vc":"30143","sl":"Элитный","sv":"5","p":22900.0,"q":25.15,"b":0.25,"ms":0.01,"wi":51.16,"ei":5.78,"as":421.95,"mi":"E","mv":38522,"sc":1,"lpe":99.99,"lpr":3640.97,"lq":1.0,"d":1584298},{"pi":"423118","pc":"Электроника","ss":200000,"td":"Центр города","dc":2,"n":636.21,"vc":"4547892","sl":"Низкий","sv":"4","p":40000.99,"q":25.3,"b":3.74,"ms":0.0,"wi":94.91,"ei":10.67,"as":625.76,"mi":"E","mv":126772,"sc":1,"lpe":100.0,"lpr":6676.62,"lq":1.0,"d":2271510},{"pi":"423118","pc":"Электроника","ss":100000,"td":"Центр города","dc":3,"n":436.5,"vc":"148878","sl":"Очень высокий","sv":"60","p":12000.0,"q":19.32,"b":0.0,"ms":0.1,"wi":49.31,"ei":4.52,"as":222.36,"mi":"E","mv":62028,"sc":1,"lpe":99.9,"lpr":2025.07,"lq":1.0,"d":1487366},{"pi":"423118","pc":"Электроника","ss":300000,"td":"Фешенебельный район","dc":1,"n":665.48,"vc":"1709694","sl":"Высокий","sv":"15288","p":29000.0,"q":38.4,"b":5.3,"ms":2.7,"wi":580.59,"ei":9.87,"as":2948.05,"mi":"E","mv":566223,"sc":5,"lpe":97.23,"lpr":18107.5,"lq":1.0,"d":11725516},{"pi":"423118","pc":"Электроника","ss":300000,"td":"Центр города","dc":1,"n":594.22,"vc":"5746592","sl":"Нормальный","sv":"188","p":60000.0,"q":44.12,"b":4.41,"ms":0.03,"wi":580.59,"ei":9.87,"as":2948.05,"mi":"E","mv":566223,"sc":5,"lpe":97.23,"lpr":18107.5,"lq":1.0,"d":11725516},{"pi":"423118","pc":"Электроника","ss":31000,"td":"Центр города","dc":1,"n":307.92,"vc":"48260","sl":"Элитный","sv":"164","p":62000.0,"q":37.49,"b":1.86,"ms":0.03,"wi":580.59,"ei":9.87,"as":2948.05,"mi":"E","mv":566223,"sc":5,"lpe":97.23,"lpr":18107.5,"lq":1.0,"d":11725516},{"pi":"423118","pc":"Электроника","ss":7600,"td":"Центр города","dc":1,"n":388.13,"vc":"34672","sl":"Очень высокий","sv":"49","p":54500.0,"q":20.6,"b":0.0,"ms":0.01,"wi":580.59,"ei":9.87,"as":2948.05,"mi":"E","mv":566223,"sc":5,"lpe":97.23,"lpr":18107.5,"lq":1.0,"d":11725516},{"pi":"423118","pc":"Электроника","ss":300000,"td":"Фешенебельный район","dc":10,"n":597.86,"vc":"595098","sl":"Нормальный","sv":"13","p":69950.0,"q":31.67,"b":0.0338461538461538,"ms":0.0,"wi":580.59,"ei":9.87,"as":2948.05,"mi":"E","mv":566223,"sc":5,"lpe":97.23,"lpr":18107.5,"lq":1.0,"d":11725516},{"pi":"423118","pc":"Электроника","ss":300000,"td":"Центр города","dc":10,"n":636.13,"vc":"3069321","sl":"Очень низкий","sv":"506","p":161484.27,"q":29.81,"b":1.58181818181818,"ms":0.84,"wi":109.36,"ei":11.62,"as":506.87,"mi":"E","mv":60048,"sc":2,"lpe":98.48,"lpr":35375.61,"lq":1.0,"d":3104116},{"pi":"423118","pc":"Электроника","ss":100000,"td":"Центр города","dc":1,"n":379.66,"vc":"172227","sl":"Элитный","sv":"408","p":170233.02,"q":31.37,"b":0.131911764705882,"ms":0.68,"wi":109.36,"ei":11.62,"as":506.87,"mi":"E","mv":60048,"sc":2,"lpe":98.48,"lpr":35375.61,"lq":1.0,"d":3104116},{"pi":"423118","pc":"Электроника","ss":100000,"td":"Центр города","dc":1,"n":662.7,"vc":"3161510","sl":"Низкий","sv":"188","p":45000.0,"q":44.12,"b":4.41,"ms":0.08,"wi":116.49,"ei":14.1,"as":931.58,"mi":"E","mv":237270,"sc":2,"lpe":99.91,"lpr":10058.53,"lq":1.0,"d":3374474},{"pi":"423118","pc":"Электроника","ss":200000,"td":"Фешенебельный район","dc":2,"n":669.89,"vc":"1112400","sl":"Высокий","sv":"17","p":80000.0,"q":40.45,"b":0.0,"ms":0.01,"wi":116.49,"ei":14.1,"as":931.58,"mi":"E","mv":237270,"sc":2,"lpe":99.91,"lpr":10058.53,"lq":1.0,"d":3374474},{"pi":"423118","pc":"Электроника","ss":300000,"td":"Фешенебельный район","dc":1,"n":685.55,"vc":"1136673","sl":"Элитный","sv":"9994","p":39000.0,"q":39.97,"b":5.3,"ms":16.87,"wi":220.26,"ei":20.81,"as":3401.1,"mi":"E","mv":59258,"sc":3,"lpe":67.95,"lpr":11547.95,"lq":3.86,"d":2105680},{"pi":"423118","pc":"Электроника","ss":300000,"td":"Центр города","dc":1,"n":703.91,"vc":"9040065","sl":"Низкий","sv":"9000","p":31000.0,"q":37.5,"b":5.3,"ms":15.19,"wi":220.26,"ei":20.81,"as":3401.1,"mi":"E","mv":59258,"sc":3,"lpe":67.95,"lpr":11547.95,"lq":3.86,"d":2105680},{"pi":"423118","pc":"Электроника","ss":100000,"td":"Окраина","dc":9,"n":427.1,"vc":"111284","sl":"Высокий","sv":"1","p":55000.0,"q":25.11,"b":4.02,"ms":0.0,"wi":220.26,"ei":20.81,"as":3401.1,"mi":"E","mv":59258,"sc":3,"lpe":67.95,"lpr":11547.95,"lq":3.86,"d":2105680},{"pi":"423118","pc":"Электроника","ss":300000,"td":"Фешенебельный район","dc":1,"n":561.37,"vc":"214122","sl":"Элитный","sv":"417","p":13621.79,"q":28.8,"b":0.392709832134293,"ms":3.31,"wi":28.5,"ei":5.42,"as":768.75,"mi":"E","mv":12601,"sc":1,"lpe":96.69,"lpr":2006.89,"lq":1.0,"d":1282438},{"pi":"423118","pc":"Электроника","ss":100000,"td":"Центр города","dc":1,"n":409.09,"vc":"195975","sl":"Элитный","sv":"654","p":100450.62,"q":31.32,"b":0.00353211009174312,"ms":0.94,"wi":82.99,"ei":8.31,"as":418.1,"mi":"E","mv":69530,"sc":1,"lpe":99.06,"lpr":17718.05,"lq":1.0,"d":1449358},{"pi":"423118","pc":"Электроника","ss":100000,"td":"Центр города","dc":4,"n":433.22,"vc":"283278","sl":"Высокий","sv":"2","p":35000.0,"q":17.24,"b":0.75,"ms":0.0,"wi":89.79,"ei":8.51,"as":577.42,"mi":"E","mv":117483,"sc":1,"lpe":100.0,"lpr":5342.85,"lq":1.0,"d":1874100},{"pi":"423118","pc":"Электроника","ss":100000,"td":"Фешенебельный район","dc":1,"n":685.42,"vc":"298159","sl":"Элитный","sv":"100","p":100000.0,"q":33.63,"b":0.36,"ms":0.49,"wi":135.43,"ei":15.38,"as":2467.59,"mi":"E","mv":20427,"sc":3,"lpe":99.49,"lpr":27530.01,"lq":1.0,"d":1529050},{"pi":"423118","pc":"Электроника","ss":100000,"td":"Центр города","dc":1,"n":692.11,"vc":"3179942","sl":"Низкий","sv":"3","p":147468.15,"q":38.31,"b":4.41,"ms":0.01,"wi":135.43,"ei":15.38,"as":2467.59,"mi":"E","mv":20427,"sc":3,"lpe":99.49,"lpr":27530.01,"lq":1.0,"d":1529050},{"pi":"423118","pc":"Электроника","ss":100000,"td":"Центр города","dc":3,"n":453.44,"vc":"213613","sl":"Очень высокий","sv":"1","p":125000.0,"q":19.33,"b":0.0,"ms":0.0,"wi":135.43,"ei":15.38,"as":2467.59,"mi":"E","mv":20427,"sc":3,"lpe":99.49,"lpr":27530.01,"lq":1.0,"d":1529050},{"pi":"423118","pc":"Электроника","ss":300000,"td":"Фешенебельный район","dc":10,"n":597.86,"vc":"238321","sl":"Очень высокий","sv":"44","p":68880.0,"q":34.65,"b":0.0,"ms":0.08,"wi":107.88,"ei":9.2,"as":625.98,"mi":"E","mv":56570,"sc":2,"lpe":99.91,"lpr":15045.02,"lq":1.0,"d":1112915},{"pi":"423118","pc":"Электроника","ss":100000,"td":"Центр города","dc":1,"n":585.34,"vc":"620411","sl":"Очень высокий","sv":"5","p":81442.5,"q":34.28,"b":0.0,"ms":0.01,"wi":107.88,"ei":9.2,"as":625.98,"mi":"E","mv":56570,"sc":2,"lpe":99.91,"lpr":15045.02,"lq":1.0,"d":1112915},{"pi":"423118","pc":"Электроника","ss":110000,"td":"Центр города","dc":2,"n":652.16,"vc":"915856","sl":"Нормальный","sv":"625","p":60000.0,"q":20.82,"b":0.035712,"ms":1.58,"wi":160.47,"ei":7.92,"as":581.26,"mi":"E","mv":39564,"sc":2,"lpe":98.33,"lpr":16930.19,"lq":1.0,"d":694541},{"pi":"423118","pc":"Электроника","ss":300000,"td":"Фешенебельный район","dc":10,"n":597.86,"vc":"166862","sl":"Очень высокий","sv":"34","p":75260.0,"q":34.67,"b":0.0,"ms":0.09,"wi":160.47,"ei":7.92,"as":581.26,"mi":"E","mv":39564,"sc":2,"lpe":98.33,"lpr":16930.19,"lq":1.0,"d":694541},{"pi":"423118","pc":"Электроника","ss":300000,"td":"Фешенебельный район","dc":10,"n":597.86,"vc":"185029","sl":"Очень высокий","sv":"2","p":41620.0,"q":36.09,"b":0.0,"ms":0.01,"wi":174.54,"ei":8.79,"as":941.04,"mi":"E","mv":13903,"sc":1,"lpe":99.99,"lpr":9091.55,"lq":1.0,"d":416444},{"pi":"423118","pc":"Электроника","ss":200000,"td":"Центр города","dc":2,"n":597.87,"vc":"1612115","sl":"Нормальный","sv":"1000","p":40000.0,"q":27.07,"b":0.0,"ms":1.37,"wi":115.69,"ei":10.0,"as":1006.41,"mi":"E","mv":72824,"sc":3,"lpe":97.93,"lpr":10299.57,"lq":1.0,"d":1206568},{"pi":"423118","pc":"Электроника","ss":300000,"td":"Фешенебельный район","dc":10,"n":597.86,"vc":"265460","sl":"Очень высокий","sv":"316","p":44630.0,"q":34.11,"b":0.0,"ms":0.43,"wi":115.69,"ei":10.0,"as":1006.41,"mi":"E","mv":72824,"sc":3,"lpe":97.93,"lpr":10299.57,"lq":1.0,"d":1206568},{"pi":"423118","pc":"Электроника","ss":100000,"td":"Центр города","dc":1,"n":695.39,"vc":"2986422","sl":"Низкий","sv":"188","p":45000.0,"q":44.12,"b":4.41,"ms":0.26,"wi":115.69,"ei":10.0,"as":1006.41,"mi":"E","mv":72824,"sc":3,"lpe":97.93,"lpr":10299.57,"lq":1.0,"d":1206568},{"pi":"423118","pc":"Электроника","ss":200000,"td":"Фешенебельный район","dc":1,"n":614.9,"vc":"873987","sl":"Элитный","sv":"15685","p":70000.0,"q":39.65,"b":0.0,"ms":3.91,"wi":80.69,"ei":5.73,"as":687.91,"mi":"E","mv":401489,"sc":3,"lpe":92.9,"lpr":16980.91,"lq":1.0,"d":8888088},{"pi":"423118","pc":"Электроника","ss":300000,"td":"Центр города","dc":2,"n":474.07,"vc":"1087061","sl":"Очень высокий","sv":"12795","p":55000.0,"q":14.88,"b":0.0,"ms":3.19,"wi":80.69,"ei":5.73,"as":687.91,"mi":"E","mv":401489,"sc":3,"lpe":92.9,"lpr":16980.91,"lq":1.0,"d":8888088},{"pi":"423118","pc":"Электроника","ss":100000,"td":"Центр города","dc":4,"n":353.81,"vc":"150521","sl":"Высокий","sv":"19","p":80000.0,"q":26.35,"b":0.0,"ms":0.0,"wi":80.69,"ei":5.73,"as":687.91,"mi":"E","mv":401489,"sc":3,"lpe":92.9,"lpr":16980.91,"lq":1.0,"d":8888088},{"pi":"423118","pc":"Электроника","ss":100000,"td":"Центр города","dc":1,"n":424.05,"vc":"204768","sl":"Элитный","sv":"291","p":100305.56,"q":31.32,"b":0.0034020618556701,"ms":0.6,"wi":128.25,"ei":6.64,"as":771.02,"mi":"E","mv":48284,"sc":1,"lpe":99.4,"lpr":20425.88,"lq":1.0,"d":1038550},{"pi":"423118","pc":"Электроника","ss":300000,"td":"Фешенебельный район","dc":10,"n":597.86,"vc":"309672","sl":"Высокий","sv":"1","p":75330.0,"q":34.11,"b":0.0,"ms":0.0,"wi":136.28,"ei":11.08,"as":1588.49,"mi":"E","mv":103950,"sc":1,"lpe":100.0,"lpr":16548.85,"lq":1.0,"d":1822464},{"pi":"423118","pc":"Электроника","ss":100000,"td":"Центр города","dc":1,"n":593.84,"vc":"2693697","sl":"Низкий","sv":"8","p":27301.82,"q":44.13,"b":4.72,"ms":0.0,"wi":70.74,"ei":5.83,"as":540.88,"mi":"E","mv":787222,"sc":1,"lpe":100.0,"lpr":4434.59,"lq":1.0,"d":14160214},{"pi":"423118","pc":"Электроника","ss":100000,"td":"Центр города","dc":4,"n":345.07,"vc":"70228","sl":"Элитный","sv":"2800","p":33000.0,"q":19.18,"b":0.0,"ms":4.44,"wi":92.2,"ei":8.33,"as":1105.16,"mi":"E","mv":63054,"sc":3,"lpe":92.1,"lpr":16055.23,"lq":1.0,"d":1433235},{"pi":"423118","pc":"Электроника","ss":200000,"td":"Спальный район","dc":4,"n":677.46,"vc":"2827512","sl":"Очень низкий","sv":"2000","p":19929.39,"q":20.91,"b":3.22,"ms":3.17,"wi":92.2,"ei":8.33,"as":1105.16,"mi":"E","mv":63054,"sc":3,"lpe":92.1,"lpr":16055.23,"lq":1.0,"d":1433235},{"pi":"423118","pc":"Электроника","ss":300000,"td":"Фешенебельный район","dc":10,"n":532.12,"vc":"144556","sl":"Элитный","sv":"184","p":61650.0,"q":34.72,"b":0.0,"ms":0.29,"wi":92.2,"ei":8.33,"as":1105.16,"mi":"E","mv":63054,"sc":3,"lpe":92.1,"lpr":16055.23,"lq":1.0,"d":1433235},{"pi":"423118","pc":"Электроника","ss":100000,"td":"Центр города","dc":1,"n":426.48,"vc":"205490","sl":"Элитный","sv":"25","p":56000.0,"q":20.87,"b":0.0,"ms":0.02,"wi":127.62,"ei":5.1,"as":1687.62,"mi":"E","mv":143144,"sc":2,"lpe":99.98,"lpr":13110.48,"lq":1.0,"d":2870887},{"pi":"423118","pc":"Электроника","ss":300000,"td":"Фешенебельный район","dc":10,"n":532.12,"vc":"193351","sl":"Очень высокий","sv":"4","p":60120.0,"q":36.09,"b":0.0,"ms":0.0,"wi":127.62,"ei":5.1,"as":1687.62,"mi":"E","mv":143144,"sc":2,"lpe":99.98,"lpr":13110.48,"lq":1.0,"d":2870887},{"pi":"423118","pc":"Электроника","ss":100000,"td":"Центр города","dc":1,"n":467.65,"vc":"248542","sl":"Элитный","sv":"5000","p":27000.0,"q":42.43,"b":3.97,"ms":5.39,"wi":202.73,"ei":8.63,"as":2063.52,"mi":"E","mv":92754,"sc":1,"lpe":94.61,"lpr":23529.6,"lq":1.0,"d":1595320},{"pi":"423118","pc":"Электроника","ss":100000,"td":"Центр города","dc":3,"n":589.83,"vc":"432372","sl":"Нормальный","sv":"500","p":26424.73,"q":20.91,"b":3.22,"ms":2.91,"wi":133.16,"ei":5.87,"as":324.89,"mi":"E","mv":17170,"sc":1,"lpe":97.09,"lpr":13722.17,"lq":1.0,"d":424399},{"pi":"423118","pc":"Электроника","ss":100000,"td":"Центр города","dc":1,"n":531.1,"vc":"376431","sl":"Элитный","sv":"6","p":77378.08,"q":11.43,"b":0.0,"ms":0.07,"wi":126.05,"ei":7.84,"as":2943.58,"mi":"E","mv":9194,"sc":2,"lpe":99.9,"lpr":17251.08,"lq":1.0,"d":286946},{"pi":"423118","pc":"Электроника","ss":300000,"td":"Фешенебельный район","dc":10,"n":587.89,"vc":"147571","sl":"Элитный","sv":"3","p":79090.0,"q":30.68,"b":0.0,"ms":0.03,"wi":126.05,"ei":7.84,"as":2943.58,"mi":"E","mv":9194,"sc":2,"lpe":99.9,"lpr":17251.08,"lq":1.0,"d":286946},{"pi":"423118","pc":"Электроника","ss":300000,"td":"Фешенебельный район","dc":10,"n":587.89,"vc":"194093","sl":"Очень высокий","sv":"24","p":71460.0,"q":36.32,"b":0.0,"ms":0.09,"wi":111.24,"ei":18.94,"as":1450.98,"mi":"E","mv":26377,"sc":1,"lpe":99.91,"lpr":15636.16,"lq":1.0,"d":627790},{"pi":"423118","pc":"Электроника","ss":500,"td":"Спальный район","dc":2,"n":715.35,"vc":"1940","sl":"Низкий","sv":"51","p":37463.19,"q":20.6,"b":0.0,"ms":14.78,"wi":116.82,"ei":8.62,"as":5345.82,"mi":"E","mv":345,"sc":1,"lpe":85.22,"lpr":31951.61,"lq":9.81,"d":183093},{"pi":"423118","pc":"Электроника","ss":300000,"td":"Фешенебельный район","dc":10,"n":587.89,"vc":"195136","sl":"Очень высокий","sv":"17","p":68020.0,"q":36.32,"b":0.0,"ms":0.06,"wi":90.08,"ei":18.73,"as":3035.93,"mi":"E","mv":27493,"sc":2,"lpe":99.93,"lpr":14839.13,"lq":1.0,"d":637476},{"pi":"423118","pc":"Электроника","ss":100000,"td":"Центр города","dc":1,"n":474.23,"vc":"288102","sl":"Элитный","sv":"2","p":77378.08,"q":11.41,"b":0.0,"ms":0.01,"wi":90.08,"ei":18.73,"as":3035.93,"mi":"E","mv":27493,"sc":2,"lpe":99.93,"lpr":14839.13,"lq":1.0,"d":637476},{"pi":"423118","pc":"Электроника","ss":300000,"td":"Фешенебельный район","dc":10,"n":587.89,"vc":"141027","sl":"Элитный","sv":"2","p":39300.0,"q":36.11,"b":0.0,"ms":0.01,"wi":77.81,"ei":7.28,"as":1340.08,"mi":"E","mv":14116,"sc":1,"lpe":99.99,"lpr":8590.04,"lq":1.0,"d":280864},{"pi":"423118","pc":"Электроника","ss":300000,"td":"Фешенебельный район","dc":10,"n":587.89,"vc":"165403","sl":"Очень высокий","sv":"6","p":53520.0,"q":36.32,"b":0.0,"ms":0.04,"wi":116.54,"ei":6.48,"as":1264.52,"mi":"E","mv":16330,"sc":1,"lpe":99.96,"lpr":12303.71,"lq":1.0,"d":397507},{"pi":"423118","pc":"Электроника","ss":300000,"td":"Фешенебельный район","dc":10,"n":587.89,"vc":"194659","sl":"Очень высокий","sv":"3","p":54340.0,"q":36.32,"b":0.0,"ms":0.01,"wi":98.55,"ei":9.79,"as":786.97,"mi":"E","mv":33473,"sc":1,"lpe":99.99,"lpr":12392.15,"lq":1.0,"d":1332680},{"pi":"423118","pc":"Электроника","ss":300000,"td":"Фешенебельный район","dc":10,"n":587.89,"vc":"186800","sl":"Очень высокий","sv":"2","p":47110.0,"q":36.32,"b":0.0,"ms":0.01,"wi":72.23,"ei":7.11,"as":814.01,"mi":"E","mv":35066,"sc":1,"lpe":99.99,"lpr":10206.86,"lq":1.0,"d":621765},{"pi":"423118","pc":"Электроника","ss":200000,"td":"Фешенебельный район","dc":1,"n":607.02,"vc":"697864","sl":"Элитный","sv":"5000","p":40000.0,"q":39.46,"b":0.0,"ms":1.66,"wi":74.27,"ei":14.22,"as":1277.56,"mi":"E","mv":300345,"sc":4,"lpe":97.95,"lpr":12301.06,"lq":1.0,"d":5772544},{"pi":"423118","pc":"Электроника","ss":300000,"td":"Фешенебельный район","dc":1,"n":693.41,"vc":"1744764","sl":"Очень высокий","sv":"1000","p":20000.0,"q":40.1,"b":5.51,"ms":0.33,"wi":74.27,"ei":14.22,"as":1277.56,"mi":"E","mv":300345,"sc":4,"lpe":97.95,"lpr":12301.06,"lq":1.0,"d":5772544},{"pi":"423118","pc":"Электроника","ss":100000,"td":"Фешенебельный район","dc":1,"n":649.16,"vc":"502430","sl":"Очень высокий","sv":"150","p":40000.0,"q":39.46,"b":0.0,"ms":0.05,"wi":74.27,"ei":14.22,"as":1277.56,"mi":"E","mv":300345,"sc":4,"lpe":97.95,"lpr":12301.06,"lq":1.0,"d":5772544},{"pi":"423118","pc":"Электроника","ss":100000,"td":"Центр города","dc":1,"n":330.33,"vc":"156141","sl":"Элитный","sv":"16","p":80378.08,"q":31.41,"b":0.0,"ms":0.01,"wi":74.27,"ei":14.22,"as":1277.56,"mi":"E","mv":300345,"sc":4,"lpe":97.95,"lpr":12301.06,"lq":1.0,"d":5772544},{"pi":"423118","pc":"Электроника","ss":300000,"td":"Фешенебельный район","dc":10,"n":587.89,"vc":"299192","sl":"Очень высокий","sv":"1","p":67240.0,"q":36.32,"b":0.0,"ms":0.0,"wi":164.16,"ei":12.48,"as":1555.04,"mi":"E","mv":95124,"sc":1,"lpe":100.0,"lpr":14641.92,"lq":1.0,"d":2161680},{"pi":"423118","pc":"Электроника","ss":1000,"td":"Фешенебельный район","dc":1,"n":176.69,"vc":"200","sl":"Элитный","sv":"63","p":30000.0,"q":24.64,"b":1.38,"ms":0.06,"wi":108.39,"ei":12.16,"as":1105.02,"mi":"E","mv":98660,"sc":1,"lpe":99.94,"lpr":14160.35,"lq":1.0,"d":8102379},{"pi":"423118","pc":"Электроника","ss":300000,"td":"Центр города","dc":1,"n":693.4,"vc":"11633133","sl":"Очень низкий","sv":"28739","p":20000.0,"q":37.34,"b":6.13,"ms":8.49,"wi":90.06,"ei":7.72,"as":698.25,"mi":"E","mv":338350,"sc":2,"lpe":91.5,"lpr":13666.12,"lq":1.0,"d":5775520},{"pi":"423118","pc":"Электроника","ss":300000,"td":"Центр города","dc":1,"n":524.84,"vc":"2302524","sl":"Высокий","sv":"15","p":60000.0,"q":20.89,"b":0.0,"ms":0.0,"wi":90.06,"ei":7.72,"as":698.25,"mi":"E","mv":338350,"sc":2,"lpe":91.5,"lpr":13666.12,"lq":1.0,"d":5775520},{"pi":"423118","pc":"Электроника","ss":100000,"td":"Центр города","dc":1,"n":435.14,"vc":"115287","sl":"Элитный","sv":"997","p":107687.5,"q":31.37,"b":0.00297893681043129,"ms":3.58,"wi":158.05,"ei":13.57,"as":1605.29,"mi":"E","mv":27863,"sc":1,"lpe":96.42,"lpr":35686.12,"lq":1.0,"d":835644},{"pi":"423118","pc":"Электроника","ss":300000,"td":"Фешенебельный район","dc":10,"n":592.62,"vc":"230833","sl":"Очень высокий","sv":"1","p":5288.0,"q":36.09,"b":0.0,"ms":0.0,"wi":100.84,"ei":7.56,"as":520.44,"mi":"E","mv":29375,"sc":1,"lpe":100.0,"lpr":1152.92,"lq":1.0,"d":1531863},{"pi":"423118","pc":"Электроника","ss":300000,"td":"Фешенебельный район","dc":10,"n":592.62,"vc":"196608","sl":"Очень высокий","sv":"1","p":4938.0,"q":36.1,"b":0.0,"ms":0.0,"wi":78.82,"ei":6.02,"as":450.75,"mi":"E","mv":20292,"sc":1,"lpe":100.0,"lpr":1076.57,"lq":1.0,"d":1270594},{"pi":"423118","pc":"Электроника","ss":300000,"td":"Фешенебельный район","dc":1,"n":689.87,"vc":"1282612","sl":"Элитный","sv":"14972","p":30000.0,"q":34.26,"b":4.09,"ms":8.53,"wi":115.13,"ei":10.09,"as":1162.2,"mi":"E","mv":175479,"sc":1,"lpe":91.47,"lpr":6707.34,"lq":1.0,"d":2640684},{"pi":"423118","pc":"Электроника","ss":100000,"td":"Центр города","dc":1,"n":702.48,"vc":"2481901","sl":"Низкий","sv":"91","p":25000.0,"q":44.12,"b":0.0,"ms":0.18,"wi":59.3,"ei":7.41,"as":379.0,"mi":"E","mv":49413,"sc":1,"lpe":99.82,"lpr":4530.19,"lq":1.0,"d":801977},{"pi":"423118","pc":"Электроника","ss":100000,"td":"Фешенебельный район","dc":4,"n":522.62,"vc":"50488","sl":"Очень высокий","sv":"1","p":45000.0,"q":20.82,"b":0.0,"ms":0.01,"wi":66.12,"ei":8.59,"as":471.29,"mi":"E","mv":15834,"sc":1,"lpe":99.99,"lpr":5544.91,"lq":1.0,"d":320600},{"pi":"423118","pc":"Электроника","ss":100000,"td":"Центр города","dc":1,"n":650.48,"vc":"510809","sl":"Очень высокий","sv":"69","p":77378.08,"q":34.13,"b":0.0,"ms":1.08,"wi":176.24,"ei":12.3,"as":2429.23,"mi":"E","mv":6388,"sc":2,"lpe":98.87,"lpr":19817.91,"lq":1.0,"d":139490},{"pi":"423118","pc":"Электроника","ss":300000,"td":"Фешенебельный район","dc":10,"n":600.07,"vc":"109024","sl":"Элитный","sv":"3","p":87340.0,"q":36.11,"b":0.0,"ms":0.05,"wi":176.24,"ei":12.3,"as":2429.23,"mi":"E","mv":6388,"sc":2,"lpe":98.87,"lpr":19817.91,"lq":1.0,"d":139490},{"pi":"423118","pc":"Электроника","ss":1000,"td":"Фешенебельный район","dc":10,"n":5.17,"vc":"76","sl":"Элитный","sv":"4","p":33000.0,"q":19.98,"b":0.0,"ms":0.01,"wi":139.29,"ei":7.61,"as":522.65,"mi":"E","mv":35853,"sc":1,"lpe":99.99,"lpr":9499.26,"lq":1.0,"d":511160},{"pi":"423118","pc":"Электроника","ss":300000,"td":"Фешенебельный район","dc":10,"n":595.46,"vc":"360505","sl":"Высокий","sv":"3","p":51750.0,"q":35.79,"b":0.0,"ms":0.0,"wi":88.48,"ei":13.01,"as":783.92,"mi":"E","mv":79822,"sc":2,"lpe":99.99,"lpr":11273.4,"lq":1.0,"d":2991227},{"pi":"423118","pc":"Электроника","ss":15600,"td":"Фешенебельный район","dc":10,"n":362.18,"vc":"4369","sl":"Высокий","sv":"2","p":41000.0,"q":25.17,"b":0.26,"ms":0.0,"wi":88.48,"ei":13.01,"as":783.92,"mi":"E","mv":79822,"sc":2,"lpe":99.99,"lpr":11273.4,"lq":1.0,"d":2991227},{"pi":"423118","pc":"Электроника","ss":100000,"td":"Центр города","dc":9,"n":406.96,"vc":"169197","sl":"Нормальный","sv":"88","p":50000.0,"q":25.16,"b":3.84,"ms":0.05,"wi":87.99,"ei":8.33,"as":720.62,"mi":"E","mv":164630,"sc":1,"lpe":99.95,"lpr":12439.73,"lq":1.0,"d":3557051},{"pi":"423118","pc":"Электроника","ss":300000,"td":"Центр города","dc":1,"n":633.88,"vc":"6595870","sl":"Нормальный","sv":"25823","p":30042.68,"q":44.12,"b":4.75,"ms":8.04,"wi":106.09,"ei":9.92,"as":695.71,"mi":"E","mv":321010,"sc":2,"lpe":91.64,"lpr":7869.1,"lq":1.0,"d":5851042},{"pi":"423118","pc":"Электроника","ss":40000,"td":"Спальный район","dc":1,"n":507.5,"vc":"189637","sl":"Нормальный","sv":"1000","p":20000.0,"q":21.5,"b":0.0,"ms":0.31,"wi":106.09,"ei":9.92,"as":695.71,"mi":"E","mv":321010,"sc":2,"lpe":91.64,"lpr":7869.1,"lq":1.0,"d":5851042},{"pi":"423118","pc":"Электроника","ss":100000,"td":"Центр города","dc":1,"n":611.58,"vc":"2593484","sl":"Низкий","sv":"5622","p":60000.0,"q":44.12,"b":4.75,"ms":1.03,"wi":230.26,"ei":11.11,"as":807.34,"mi":"E","mv":545511,"sc":3,"lpe":98.33,"lpr":18395.99,"lq":1.0,"d":7803456},{"pi":"423118","pc":"Электроника","ss":300000,"td":"Центр города","dc":1,"n":475.41,"vc":"1590888","sl":"Элитный","sv":"3000","p":31382.3,"q":39.01,"b":0.0,"ms":0.55,"wi":230.26,"ei":11.11,"as":807.34,"mi":"E","mv":545511,"sc":3,"lpe":98.33,"lpr":18395.99,"lq":1.0,"d":7803456},{"pi":"423118","pc":"Электроника","ss":300000,"td":"Центр города","dc":1,"n":475.41,"vc":"1590888","sl":"Элитный","sv":"505","p":18573.03,"q":39.01,"b":0.0,"ms":0.09,"wi":230.26,"ei":11.11,"as":807.34,"mi":"E","mv":545511,"sc":3,"lpe":98.33,"lpr":18395.99,"lq":1.0,"d":7803456},{"pi":"423118","pc":"Электроника","ss":300000,"td":"Фешенебельный район","dc":10,"n":588.36,"vc":"133328","sl":"Элитный","sv":"14","p":66560.0,"q":34.72,"b":0.0,"ms":0.15,"wi":134.53,"ei":9.12,"as":987.72,"mi":"E","mv":9434,"sc":1,"lpe":99.85,"lpr":15364.24,"lq":1.0,"d":244572},{"pi":"423118","pc":"Электроника","ss":300000,"td":"Фешенебельный район","dc":10,"n":476.41,"vc":"116679","sl":"Нормальный","sv":"4","p":56710.0,"q":27.7,"b":0.0625,"ms":0.0,"wi":185.66,"ei":10.64,"as":511.0,"mi":"E","mv":134291,"sc":2,"lpe":99.99,"lpr":12809.98,"lq":1.0,"d":4054442},{"pi":"423118","pc":"Электроника","ss":300000,"td":"Фешенебельный район","dc":10,"n":476.41,"vc":"116679","sl":"Нормальный","sv":"3","p":58190.0,"q":30.63,"b":0.0,"ms":0.0,"wi":185.66,"ei":10.64,"as":511.0,"mi":"E","mv":134291,"sc":2,"lpe":99.99,"lpr":12809.98,"lq":1.0,"d":4054442},{"pi":"423118","pc":"Электроника","ss":100000,"td":"Центр города","dc":1,"n":699.67,"vc":"2941761","sl":"Низкий","sv":"188","p":53590.2,"q":44.12,"b":4.75,"ms":0.59,"wi":98.93,"ei":8.05,"as":519.6,"mi":"E","mv":31684,"sc":1,"lpe":99.41,"lpr":26238.81,"lq":1.0,"d":3303982},{"pi":"423118","pc":"Электроника","ss":100000,"td":"Центр города","dc":1,"n":693.48,"vc":"3518888","sl":"Низкий","sv":"188","p":14940.09,"q":44.12,"b":4.75,"ms":0.31,"wi":105.68,"ei":11.41,"as":572.31,"mi":"E","mv":61363,"sc":1,"lpe":99.69,"lpr":15180.91,"lq":1.0,"d":1966686},{"pi":"423118","pc":"Электроника","ss":10000,"td":"Спальный район","dc":2,"n":190.09,"vc":"3677","sl":"Элитный","sv":"20","p":18700.85,"q":20.91,"b":2.92,"ms":0.03,"wi":74.97,"ei":7.21,"as":243.02,"mi":"E","mv":71523,"sc":1,"lpe":99.97,"lpr":8240.78,"lq":1.0,"d":2195110},{"pi":"423118","pc":"Электроника","ss":100000,"td":"Фешенебельный район","dc":1,"n":522.19,"vc":"50188","sl":"Элитный","sv":"359","p":43000.0,"q":21.44,"b":0.0,"ms":3.38,"wi":64.41,"ei":7.13,"as":735.66,"mi":"E","mv":10614,"sc":1,"lpe":96.62,"lpr":7855.05,"lq":1.0,"d":657693},{"pi":"423118","pc":"Электроника","ss":1000,"td":"Фешенебельный район","dc":2,"n":545.15,"vc":"861","sl":"Очень высокий","sv":"233","p":44550.0,"q":21.24,"b":0.0,"ms":8.71,"wi":186.13,"ei":9.96,"as":930.03,"mi":"E","mv":2676,"sc":1,"lpe":91.29,"lpr":43565.88,"lq":1.0,"d":551810},{"pi":"423118","pc":"Электроника","ss":10000,"td":"Центр города","dc":1,"n":395.41,"vc":"21633","sl":"Очень высокий","sv":"10","p":37000.0,"q":19.18,"b":0.0,"ms":0.01,"wi":67.74,"ei":11.25,"as":565.7,"mi":"E","mv":73418,"sc":1,"lpe":99.99,"lpr":11641.86,"lq":1.0,"d":2564793},{"pi":"423118","pc":"Электроника","ss":300000,"td":"Фешенебельный район","dc":10,"n":532.12,"vc":"133397","sl":"Элитный","sv":"3","p":59650.0,"q":34.72,"b":0.0,"ms":0.0,"wi":161.88,"ei":8.99,"as":1122.59,"mi":"E","mv":62846,"sc":1,"lpe":100.0,"lpr":13566.75,"lq":1.0,"d":1111265},{"pi":"423118","pc":"Электроника","ss":300000,"td":"Фешенебельный район","dc":10,"n":532.12,"vc":"93399","sl":"Элитный","sv":"3","p":76440.0,"q":34.71,"b":0.0,"ms":0.03,"wi":125.85,"ei":6.71,"as":897.25,"mi":"E","mv":10013,"sc":1,"lpe":99.97,"lpr":17386.17,"lq":1.0,"d":535396},{"pi":"423118","pc":"Электроника","ss":100000,"td":"Центр города","dc":1,"n":495.85,"vc":"332928","sl":"Элитный","sv":"1","p":100797.83,"q":34.33,"b":0.0,"ms":0.01,"wi":112.45,"ei":9.29,"as":2033.03,"mi":"E","mv":11604,"sc":1,"lpe":99.99,"lpr":19787.6,"lq":1.0,"d":532011},{"pi":"423118","pc":"Электроника","ss":100000,"td":"Фешенебельный район","dc":1,"n":675.97,"vc":"397868","sl":"Элитный","sv":"3000","p":40000.0,"q":33.65,"b":5.55,"ms":5.12,"wi":121.62,"ei":4.65,"as":1672.59,"mi":"E","mv":58621,"sc":1,"lpe":94.88,"lpr":12469.62,"lq":1.0,"d":1418840},{"pi":"423118","pc":"Электроника","ss":200000,"td":"Фешенебельный район","dc":1,"n":621.05,"vc":"585096","sl":"Элитный","sv":"24000","p":30000.0,"q":39.46,"b":0.0,"ms":9.36,"wi":70.9,"ei":6.2,"as":767.71,"mi":"E","mv":256324,"sc":2,"lpe":90.63,"lpr":9492.76,"lq":1.0,"d":7321662},{"pi":"423118","pc":"Электроника","ss":1000,"td":"Центр города","dc":1,"n":61.81,"vc":"1187","sl":"Очень высокий","sv":"10","p":33000.0,"q":25.15,"b":0.23,"ms":0.0,"wi":70.9,"ei":6.2,"as":767.71,"mi":"E","mv":256324,"sc":2,"lpe":90.63,"lpr":9492.76,"lq":1.0,"d":7321662},{"pi":"423118","pc":"Электроника","ss":200000,"td":"Фешенебельный район","dc":1,"n":675.42,"vc":"639327","sl":"Элитный","sv":"107","p":30000.0,"q":40.12,"b":0.0,"ms":0.1,"wi":38.43,"ei":4.43,"as":328.69,"mi":"E","mv":103793,"sc":1,"lpe":99.9,"lpr":2982.22,"lq":1.0,"d":1877797},{"pi":"423118","pc":"Электроника","ss":100000,"td":"Центр города","dc":1,"n":692.26,"vc":"1526511","sl":"Нормальный","sv":"5000","p":15000.0,"q":37.8,"b":4.52,"ms":13.5,"wi":223.33,"ei":14.29,"as":2786.11,"mi":"E","mv":37049,"sc":1,"lpe":86.5,"lpr":11561.83,"lq":4.59,"d":761160},{"pi":"423118","pc":"Электроника","ss":300000,"td":"Фешенебельный район","dc":10,"n":593.48,"vc":"176891","sl":"Очень высокий","sv":"2","p":64340.0,"q":34.69,"b":0.0,"ms":0.02,"wi":168.71,"ei":11.17,"as":932.26,"mi":"E","mv":8859,"sc":1,"lpe":99.98,"lpr":14110.12,"lq":1.0,"d":2693898},{"pi":"423118","pc":"Электроника","ss":125100,"td":"Центр города","dc":6,"n":315.85,"vc":"156608","sl":"Очень высокий","sv":"2346","p":38500.0,"q":18.18,"b":0.0,"ms":1.2,"wi":88.59,"ei":8.74,"as":1050.67,"mi":"E","mv":195395,"sc":3,"lpe":98.79,"lpr":15141.82,"lq":1.0,"d":5472896},{"pi":"423118","pc":"Электроника","ss":300000,"td":"Фешенебельный район","dc":10,"n":597.86,"vc":"455794","sl":"Нормальный","sv":"10","p":67380.0,"q":34.69,"b":0.0,"ms":0.01,"wi":88.59,"ei":8.74,"as":1050.67,"mi":"E","mv":195395,"sc":3,"lpe":98.79,"lpr":15141.82,"lq":1.0,"d":5472896},{"pi":"423118","pc":"Электроника","ss":100000,"td":"Фешенебельный район","dc":1,"n":157.09,"vc":"2897","sl":"Элитный","sv":"1","p":42000.0,"q":24.64,"b":0.63,"ms":0.0,"wi":88.59,"ei":8.74,"as":1050.67,"mi":"E","mv":195395,"sc":3,"lpe":98.79,"lpr":15141.82,"lq":1.0,"d":5472896},{"pi":"423118","pc":"Электроника","ss":100000,"td":"Фешенебельный район","dc":3,"n":302.72,"vc":"8754","sl":"Элитный","sv":"4","p":70000.0,"q":20.75,"b":0.0,"ms":0.02,"wi":81.11,"ei":8.42,"as":859.16,"mi":"E","mv":21959,"sc":1,"lpe":99.98,"lpr":12177.66,"lq":1.0,"d":831060},{"pi":"423118","pc":"Электроника","ss":100000,"td":"Спальный район","dc":5,"n":341.1,"vc":"118620","sl":"Нормальный","sv":"300","p":12076.91,"q":20.91,"b":1.64,"ms":0.04,"wi":50.52,"ei":5.61,"as":221.72,"mi":"E","mv":835728,"sc":1,"lpe":99.96,"lpr":5151.72,"lq":1.0,"d":21190331},{"pi":"423118","pc":"Электроника","ss":100000,"td":"Центр города","dc":1,"n":536.53,"vc":"1044063","sl":"Высокий","sv":"128603","p":16000.0,"q":37.79,"b":4.3,"ms":18.63,"wi":97.02,"ei":6.7,"as":1496.04,"mi":"E","mv":690309,"sc":4,"lpe":79.72,"lpr":6005.17,"lq":2.46,"d":14518620},{"pi":"423118","pc":"Электроника","ss":300000,"td":"Фешенебельный район","dc":1,"n":675.17,"vc":"2022142","sl":"Нормальный","sv":"10000","p":20000.0,"q":40.1,"b":4.34,"ms":1.45,"wi":97.02,"ei":6.7,"as":1496.04,"mi":"E","mv":690309,"sc":4,"lpe":79.72,"lpr":6005.17,"lq":2.46,"d":14518620},{"pi":"423118","pc":"Электроника","ss":100000,"td":"Центр города","dc":1,"n":564.2,"vc":"2043495","sl":"Нормальный","sv":"1386","p":25000.0,"q":44.12,"b":4.33,"ms":0.2,"wi":97.02,"ei":6.7,"as":1496.04,"mi":"E","mv":690309,"sc":4,"lpe":79.72,"lpr":6005.17,"lq":2.46,"d":14518620},{"pi":"423118","pc":"Электроника","ss":100000,"td":"Спальный район","dc":1,"n":215.17,"vc":"35629","sl":"Низкий","sv":"7","p":20000.0,"q":21.21,"b":0.0,"ms":0.0,"wi":97.02,"ei":6.7,"as":1496.04,"mi":"E","mv":690309,"sc":4,"lpe":79.72,"lpr":6005.17,"lq":2.46,"d":14518620},{"pi":"423118","pc":"Электроника","ss":100000,"td":"Спальный район","dc":2,"n":306.21,"vc":"46769","sl":"Низкий","sv":"240","p":20000.0,"q":19.04,"b":0.0,"ms":0.16,"wi":125.84,"ei":6.73,"as":962.65,"mi":"E","mv":147199,"sc":3,"lpe":99.71,"lpr":9105.76,"lq":1.0,"d":2589900},{"pi":"423118","pc":"Электроника","ss":100000,"td":"Центр города","dc":1,"n":687.78,"vc":"3667930","sl":"Низкий","sv":"188","p":30890.85,"q":44.12,"b":4.33,"ms":0.13,"wi":125.84,"ei":6.73,"as":962.65,"mi":"E","mv":147199,"sc":3,"lpe":99.71,"lpr":9105.76,"lq":1.0,"d":2589900},{"pi":"423118","pc":"Электроника","ss":300000,"td":"Фешенебельный район","dc":10,"n":603.36,"vc":"369816","sl":"Высокий","sv":"1","p":41760.0,"q":36.09,"b":0.0,"ms":0.0,"wi":125.84,"ei":6.73,"as":962.65,"mi":"E","mv":147199,"sc":3,"lpe":99.71,"lpr":9105.76,"lq":1.0,"d":2589900},{"pi":"423118","pc":"Электроника","ss":1000,"td":"Фешенебельный район","dc":1,"n":495.23,"vc":"1276","sl":"Элитный","sv":"25","p":100233.02,"q":31.56,"b":0.0,"ms":0.07,"wi":171.59,"ei":7.28,"as":666.01,"mi":"E","mv":34126,"sc":1,"lpe":99.93,"lpr":13846.93,"lq":1.0,"d":594460},{"pi":"423118","pc":"Электроника","ss":11000,"td":"Центр города","dc":1,"n":430.77,"vc":"19728","sl":"Элитный","sv":"157","p":70000.0,"q":20.59,"b":0.0,"ms":6.02,"wi":369.57,"ei":13.98,"as":6417.65,"mi":"E","mv":2607,"sc":1,"lpe":93.98,"lpr":23035.67,"lq":1.0,"d":258267},{"pi":"423118","pc":"Электроника","ss":300000,"td":"Центр города","dc":1,"n":682.75,"vc":"1204014","sl":"Элитный","sv":"1065","p":44957.98,"q":37.02,"b":4.78,"ms":1.95,"wi":221.05,"ei":16.5,"as":6964.41,"mi":"E","mv":54546,"sc":3,"lpe":94.26,"lpr":11135.21,"lq":1.0,"d":895960},{"pi":"423118","pc":"Электроника","ss":300000,"td":"Центр города","dc":1,"n":682.75,"vc":"1204014","sl":"Элитный","sv":"1065","p":44957.98,"q":37.02,"b":4.78,"ms":1.95,"wi":221.05,"ei":16.5,"as":6964.41,"mi":"E","mv":54546,"sc":3,"lpe":94.26,"lpr":11135.21,"lq":1.0,"d":895960},{"pi":"423118","pc":"Электроника","ss":300000,"td":"Центр города","dc":1,"n":720.19,"vc":"1204014","sl":"Элитный","sv":"1000","p":40000.0,"q":40.1,"b":5.49,"ms":1.83,"wi":221.05,"ei":16.5,"as":6964.41,"mi":"E","mv":54546,"sc":3,"lpe":94.26,"lpr":11135.21,"lq":1.0,"d":895960},{"pi":"423118","pc":"Электроника","ss":300000,"td":"Центр города","dc":1,"n":682.66,"vc":"1044083","sl":"Элитный","sv":"1624","p":44957.98,"q":39.25,"b":4.78,"ms":3.15,"wi":132.48,"ei":15.79,"as":6501.0,"mi":"E","mv":51534,"sc":3,"lpe":93.34,"lpr":11567.59,"lq":1.0,"d":810712},{"pi":"423118","pc":"Электроника","ss":300000,"td":"Центр города","dc":1,"n":682.66,"vc":"1044083","sl":"Элитный","sv":"1621","p":44957.98,"q":37.45,"b":4.78,"ms":3.15,"wi":132.48,"ei":15.79,"as":6501.0,"mi":"E","mv":51534,"sc":3,"lpe":93.34,"lpr":11567.59,"lq":1.0,"d":810712},{"pi":"423118","pc":"Электроника","ss":100000,"td":"Центр города","dc":1,"n":698.73,"vc":"704167","sl":"Очень высокий","sv":"188","p":17000.0,"q":44.12,"b":6.86,"ms":0.36,"wi":132.48,"ei":15.79,"as":6501.0,"mi":"E","mv":51534,"sc":3,"lpe":93.34,"lpr":11567.59,"lq":1.0,"d":810712},{"pi":"423118","pc":"Электроника","ss":100000,"td":"Фешенебельный район","dc":1,"n":681.82,"vc":"366921","sl":"Элитный","sv":"4365","p":30000.0,"q":33.64,"b":5.85,"ms":7.61,"wi":112.44,"ei":5.68,"as":532.11,"mi":"E","mv":57358,"sc":1,"lpe":92.39,"lpr":5535.15,"lq":1.0,"d":1839952},{"pi":"423118","pc":"Электроника","ss":100000,"td":"Центр города","dc":8,"n":509.29,"vc":"353853","sl":"Низкий","sv":"8","p":54000.0,"q":25.14,"b":4.62,"ms":0.05,"wi":79.53,"ei":11.74,"as":1530.97,"mi":"E","mv":17474,"sc":1,"lpe":99.95,"lpr":10197.24,"lq":1.0,"d":437787},{"pi":"423118","pc":"Электроника","ss":100000,"td":"Центр города","dc":1,"n":510.53,"vc":"343851","sl":"Элитный","sv":"495","p":68932.25,"q":24.87,"b":2.97838383838384,"ms":0.83,"wi":109.91,"ei":9.26,"as":1343.18,"mi":"E","mv":59968,"sc":3,"lpe":98.58,"lpr":13800.14,"lq":1.0,"d":1964175},{"pi":"423118","pc":"Электроника","ss":300000,"td":"Фешенебельный район","dc":10,"n":592.62,"vc":"257868","sl":"Очень высокий","sv":"267","p":61350.0,"q":34.08,"b":0.0,"ms":0.45,"wi":109.91,"ei":9.26,"as":1343.18,"mi":"E","mv":59968,"sc":3,"lpe":98.58,"lpr":13800.14,"lq":1.0,"d":1964175},{"pi":"423118","pc":"Электроника","ss":100000,"td":"Центр города","dc":8,"n":463.33,"vc":"218414","sl":"Нормальный","sv":"88","p":50000.0,"q":25.16,"b":4.62,"ms":0.15,"wi":109.91,"ei":9.26,"as":1343.18,"mi":"E","mv":59968,"sc":3,"lpe":98.58,"lpr":13800.14,"lq":1.0,"d":1964175},{"pi":"423118","pc":"Электроника","ss":300000,"td":"Фешенебельный район","dc":10,"n":597.85,"vc":"150201","sl":"Элитный","sv":"3","p":47620.0,"q":31.03,"b":0.0,"ms":0.03,"wi":86.73,"ei":12.31,"as":1047.78,"mi":"E","mv":10672,"sc":1,"lpe":99.97,"lpr":10609.14,"lq":1.0,"d":229544},{"pi":"423118","pc":"Электроника","ss":21000,"td":"Центр города","dc":3,"n":443.23,"vc":"43538","sl":"Очень высокий","sv":"9","p":50000.0,"q":20.54,"b":0.0,"ms":0.02,"wi":119.31,"ei":9.63,"as":1200.99,"mi":"E","mv":53371,"sc":1,"lpe":99.98,"lpr":11307.56,"lq":1.0,"d":808908},{"pi":"423118","pc":"Электроника","ss":300000,"td":"Фешенебельный район","dc":10,"n":532.12,"vc":"91103","sl":"Элитный","sv":"2","p":95590.0,"q":34.72,"b":0.0,"ms":0.01,"wi":164.12,"ei":12.55,"as":1054.96,"mi":"E","mv":19427,"sc":1,"lpe":99.99,"lpr":20654.57,"lq":1.0,"d":394468},{"pi":"423118","pc":"Электроника","ss":100000,"td":"Фешенебельный район","dc":1,"n":735.2,"vc":"387990","sl":"Элитный","sv":"1502","p":32500.0,"q":35.7,"b":5.2,"ms":8.55,"wi":178.73,"ei":14.12,"as":2218.08,"mi":"E","mv":17569,"sc":3,"lpe":90.99,"lpr":9313.41,"lq":1.0,"d":464502},{"pi":"423118","pc":"Электроника","ss":100000,"td":"Центр города","dc":1,"n":611.15,"vc":"523145","sl":"Очень высокий","sv":"80","p":36652.77,"q":31.45,"b":0.0,"ms":0.46,"wi":178.73,"ei":14.12,"as":2218.08,"mi":"E","mv":17569,"sc":3,"lpe":90.99,"lpr":9313.41,"lq":1.0,"d":464502},{"pi":"423118","pc":"Электроника","ss":300000,"td":"Фешенебельный район","dc":10,"n":532.12,"vc":"83363","sl":"Элитный","sv":"1","p":41850.0,"q":34.72,"b":0.0,"ms":0.01,"wi":178.73,"ei":14.12,"as":2218.08,"mi":"E","mv":17569,"sc":3,"lpe":90.99,"lpr":9313.41,"lq":1.0,"d":464502},{"pi":"423118","pc":"Электроника","ss":100000,"td":"Центр города","dc":1,"n":712.56,"vc":"2381209","sl":"Низкий","sv":"188","p":10555.06,"q":44.12,"b":4.89,"ms":0.83,"wi":116.89,"ei":14.45,"as":1413.5,"mi":"E","mv":22591,"sc":1,"lpe":99.17,"lpr":14388.19,"lq":1.0,"d":747820},{"pi":"423118","pc":"Электроника","ss":10000,"td":"Окраина","dc":10,"n":325.18,"vc":"5818","sl":"Высокий","sv":"4","p":51310.0,"q":28.04,"b":0.0,"ms":0.01,"wi":129.31,"ei":5.46,"as":742.84,"mi":"E","mv":27255,"sc":2,"lpe":99.97,"lpr":11785.12,"lq":1.0,"d":673916},{"pi":"423118","pc":"Электроника","ss":10000,"td":"Окраина","dc":10,"n":325.18,"vc":"5818","sl":"Высокий","sv":"4","p":51310.0,"q":28.04,"b":0.0,"ms":0.01,"wi":129.31,"ei":5.46,"as":742.84,"mi":"E","mv":27255,"sc":2,"lpe":99.97,"lpr":11785.12,"lq":1.0,"d":673916},{"pi":"423118","pc":"Электроника","ss":1000,"td":"Центр города","dc":1,"n":554.96,"vc":"7991","sl":"Низкий","sv":"2000","p":19000.0,"q":42.43,"b":4.2,"ms":8.9,"wi":172.75,"ei":11.09,"as":1070.48,"mi":"E","mv":22464,"sc":1,"lpe":91.1,"lpr":10925.49,"lq":1.0,"d":811966},{"pi":"423118","pc":"Электроника","ss":100000,"td":"Центр города","dc":1,"n":661.83,"vc":"479425","sl":"Очень высокий","sv":"15000","p":27500.0,"q":37.8,"b":4.64,"ms":13.33,"wi":135.18,"ei":13.62,"as":2593.17,"mi":"E","mv":112560,"sc":6,"lpe":76.92,"lpr":17397.52,"lq":6.17,"d":2062908},{"pi":"423118","pc":"Электроника","ss":300000,"td":"Центр города","dc":1,"n":646.91,"vc":"1414278","sl":"Элитный","sv":"5000","p":34506.68,"q":39.01,"b":0.0,"ms":4.44,"wi":135.18,"ei":13.62,"as":2593.17,"mi":"E","mv":112560,"sc":6,"lpe":76.92,"lpr":17397.52,"lq":6.17,"d":2062908},{"pi":"423118","pc":"Электроника","ss":300000,"td":"Центр города","dc":1,"n":646.91,"vc":"1414278","sl":"Элитный","sv":"4696","p":34506.68,"q":39.01,"b":0.0,"ms":4.17,"wi":135.18,"ei":13.62,"as":2593.17,"mi":"E","mv":112560,"sc":6,"lpe":76.92,"lpr":17397.52,"lq":6.17,"d":2062908},{"pi":"423118","pc":"Электроника","ss":300000,"td":"Центр города","dc":1,"n":694.68,"vc":"2238202","sl":"Нормальный","sv":"1000","p":33300.0,"q":40.1,"b":6.87,"ms":0.89,"wi":135.18,"ei":13.62,"as":2593.17,"mi":"E","mv":112560,"sc":6,"lpe":76.92,"lpr":17397.52,"lq":6.17,"d":2062908},{"pi":"423118","pc":"Электроника","ss":300000,"td":"Центр города","dc":1,"n":685.86,"vc":"2056218","sl":"Очень высокий","sv":"188","p":31155.09,"q":44.12,"b":4.89,"ms":0.17,"wi":135.18,"ei":13.62,"as":2593.17,"mi":"E","mv":112560,"sc":6,"lpe":76.92,"lpr":17397.52,"lq":6.17,"d":2062908},{"pi":"423118","pc":"Электроника","ss":100000,"td":"Спальный район","dc":1,"n":251.88,"vc":"6980","sl":"Элитный","sv":"90","p":40000.0,"q":18.08,"b":0.0,"ms":0.08,"wi":135.18,"ei":13.62,"as":2593.17,"mi":"E","mv":112560,"sc":6,"lpe":76.92,"lpr":17397.52,"lq":6.17,"d":2062908},{"pi":"423118","pc":"Электроника","ss":1000,"td":"Центр города","dc":1,"n":414.39,"vc":"4952","sl":"Нормальный","sv":"4173","p":25000.0,"q":42.38,"b":4.2,"ms":5.19,"wi":159.99,"ei":12.65,"as":1320.97,"mi":"E","mv":80434,"sc":6,"lpe":91.57,"lpr":9409.1,"lq":1.0,"d":2852881},{"pi":"423118","pc":"Электроника","ss":1000,"td":"Центр города","dc":1,"n":480.59,"vc":"7192","sl":"Нормальный","sv":"2339","p":24000.0,"q":42.36,"b":4.2,"ms":2.91,"wi":159.99,"ei":12.65,"as":1320.97,"mi":"E","mv":80434,"sc":6,"lpe":91.57,"lpr":9409.1,"lq":1.0,"d":2852881},{"pi":"423118","pc":"Электроника","ss":1000,"td":"Фешенебельный район","dc":10,"n":444.79,"vc":"882","sl":"Низкий","sv":"130","p":30480.0,"q":27.74,"b":0.00184615384615385,"ms":0.16,"wi":159.99,"ei":12.65,"as":1320.97,"mi":"E","mv":80434,"sc":6,"lpe":91.57,"lpr":9409.1,"lq":1.0,"d":2852881},{"pi":"423118","pc":"Электроника","ss":1000,"td":"Фешенебельный район","dc":10,"n":444.79,"vc":"882","sl":"Низкий","sv":"127","p":30490.0,"q":27.67,"b":0.00188976377952756,"ms":0.16,"wi":159.99,"ei":12.65,"as":1320.97,"mi":"E","mv":80434,"sc":6,"lpe":91.57,"lpr":9409.1,"lq":1.0,"d":2852881},{"pi":"423118","pc":"Электроника","ss":1000,"td":"Спальный район","dc":1,"n":397.02,"vc":"3367","sl":"Высокий","sv":"11","p":50000.0,"q":20.28,"b":0.0436363636363636,"ms":0.01,"wi":159.99,"ei":12.65,"as":1320.97,"mi":"E","mv":80434,"sc":6,"lpe":91.57,"lpr":9409.1,"lq":1.0,"d":2852881},{"pi":"423118","pc":"Электроника","ss":1000,"td":"Фешенебельный район","dc":1,"n":141.36,"vc":"159","sl":"Элитный","sv":"2","p":20000.0,"q":24.64,"b":1.35,"ms":0.0,"wi":159.99,"ei":12.65,"as":1320.97,"mi":"E","mv":80434,"sc":6,"lpe":91.57,"lpr":9409.1,"lq":1.0,"d":2852881},{"pi":"423118","pc":"Электроника","ss":100000,"td":"Центр города","dc":1,"n":478.71,"vc":"206428","sl":"Элитный","sv":"800","p":27500.0,"q":27.06,"b":0.0,"ms":2.35,"wi":70.21,"ei":9.94,"as":547.05,"mi":"E","mv":33972,"sc":1,"lpe":97.65,"lpr":11193.05,"lq":1.0,"d":1032194},{"pi":"423118","pc":"Электроника","ss":300000,"td":"Фешенебельный район","dc":3,"n":655.55,"vc":"1109152","sl":"Высокий","sv":"5050","p":48500.0,"q":25.92,"b":0.0228712871287129,"ms":2.11,"wi":101.86,"ei":13.47,"as":558.63,"mi":"E","mv":239550,"sc":2,"lpe":97.86,"lpr":25644.58,"lq":1.0,"d":6041156},{"pi":"423118","pc":"Электроника","ss":100000,"td":"Центр города","dc":9,"n":376.05,"vc":"147786","sl":"Нормальный","sv":"88","p":60000.0,"q":25.16,"b":2.31,"ms":0.04,"wi":101.86,"ei":13.47,"as":558.63,"mi":"E","mv":239550,"sc":2,"lpe":97.86,"lpr":25644.58,"lq":1.0,"d":6041156},{"pi":"423118","pc":"Электроника","ss":10000,"td":"Спальный район","dc":1,"n":524.38,"vc":"24038","sl":"Элитный","sv":"1390","p":24270.44,"q":20.91,"b":3.18,"ms":3.54,"wi":240.92,"ei":12.05,"as":1389.82,"mi":"E","mv":39279,"sc":4,"lpe":94.15,"lpr":45551.58,"lq":1.0,"d":712064},{"pi":"423118","pc":"Электроника","ss":10000,"td":"Фешенебельный район","dc":1,"n":32.4,"vc":"127","sl":"Элитный","sv":"703","p":50000.0,"q":22.06,"b":1.28,"ms":1.79,"wi":240.92,"ei":12.05,"as":1389.82,"mi":"E","mv":39279,"sc":4,"lpe":94.15,"lpr":45551.58,"lq":1.0,"d":712064},{"pi":"423118","pc":"Электроника","ss":100000,"td":"Фешенебельный район","dc":1,"n":623.43,"vc":"70978","sl":"Элитный","sv":"201","p":120000.0,"q":28.84,"b":0.183582089552239,"ms":0.51,"wi":240.92,"ei":12.05,"as":1389.82,"mi":"E","mv":39279,"sc":4,"lpe":94.15,"lpr":45551.58,"lq":1.0,"d":712064},{"pi":"423118","pc":"Электроника","ss":10000,"td":"Фешенебельный район","dc":10,"n":435.6,"vc":"2493","sl":"Элитный","sv":"2","p":168700.0,"q":34.72,"b":0.0,"ms":0.01,"wi":240.92,"ei":12.05,"as":1389.82,"mi":"E","mv":39279,"sc":4,"lpe":94.15,"lpr":45551.58,"lq":1.0,"d":712064},{"pi":"423118","pc":"Электроника","ss":100000,"td":"Центр города","dc":1,"n":672.1,"vc":"1684470","sl":"Нормальный","sv":"2252","p":45000.99,"q":25.72,"b":4.9,"ms":8.83,"wi":248.79,"ei":12.33,"as":1612.55,"mi":"E","mv":25496,"sc":1,"lpe":91.17,"lpr":13533.6,"lq":1.0,"d":796617},{"pi":"423118","pc":"Электроника","ss":300000,"td":"Центр города","dc":1,"n":605.31,"vc":"1616556","sl":"Элитный","sv":"6000","p":34755.62,"q":39.01,"b":0.0,"ms":8.63,"wi":191.32,"ei":9.29,"as":1077.6,"mi":"E","mv":69558,"sc":5,"lpe":71.14,"lpr":36176.27,"lq":8.7,"d":1706344},{"pi":"423118","pc":"Электроника","ss":300000,"td":"Центр города","dc":1,"n":605.31,"vc":"1616556","sl":"Элитный","sv":"6000","p":34755.62,"q":39.01,"b":0.0,"ms":8.63,"wi":191.32,"ei":9.29,"as":1077.6,"mi":"E","mv":69558,"sc":5,"lpe":71.14,"lpr":36176.27,"lq":8.7,"d":1706344},{"pi":"423118","pc":"Электроника","ss":100000,"td":"Центр города","dc":1,"n":633.57,"vc":"622877","sl":"Очень высокий","sv":"4800","p":40000.0,"q":20.55,"b":0.0,"ms":6.9,"wi":191.32,"ei":9.29,"as":1077.6,"mi":"E","mv":69558,"sc":5,"lpe":71.14,"lpr":36176.27,"lq":8.7,"d":1706344},{"pi":"423118","pc":"Электроника","ss":100000,"td":"Спальный район","dc":3,"n":565.02,"vc":"241643","sl":"Нормальный","sv":"3000","p":28999.99,"q":20.91,"b":3.18,"ms":4.31,"wi":191.32,"ei":9.29,"as":1077.6,"mi":"E","mv":69558,"sc":5,"lpe":71.14,"lpr":36176.27,"lq":8.7,"d":1706344},{"pi":"423118","pc":"Электроника","ss":10000,"td":"Фешенебельный район","dc":1,"n":267.59,"vc":"847","sl":"Элитный","sv":"276","p":40000.0,"q":21.15,"b":0.0,"ms":0.4,"wi":191.32,"ei":9.29,"as":1077.6,"mi":"E","mv":69558,"sc":5,"lpe":71.14,"lpr":36176.27,"lq":8.7,"d":1706344},{"pi":"423118","pc":"Электроника","ss":300000,"td":"Центр города","dc":1,"n":628.37,"vc":"1306285","sl":"Элитный","sv":"6000","p":34506.98,"q":39.01,"b":0.0,"ms":8.32,"wi":104.96,"ei":13.94,"as":1334.79,"mi":"E","mv":72126,"sc":2,"lpe":83.36,"lpr":15288.77,"lq":3.92,"d":1344400},{"pi":"423118","pc":"Электроника","ss":300000,"td":"Центр города","dc":1,"n":628.37,"vc":"1306285","sl":"Элитный","sv":"6000","p":34506.98,"q":39.01,"b":0.0,"ms":8.32,"wi":104.96,"ei":13.94,"as":1334.79,"mi":"E","mv":72126,"sc":2,"lpe":83.36,"lpr":15288.77,"lq":3.92,"d":1344400}]