[{"pi":"370074","pc":"Товары для дома","ss":110000,"td":"Центр города","dc":2,"n":170.24,"vc":"26350","sl":"Элитный","sv":"61","p":112000.0,"q":16.32,"b":0.0,"ms":0.82,"wi":23.65,"ei":5.0,"as":139.18,"mi":"E","mv":7408,"sc":1,"lpe":99.18,"lpr":21356.86,"lq":1.0,"d":2500000},{"pi":"370074","pc":"Товары для дома","ss":10000,"td":"Центр города","dc":1,"n":419.36,"vc":"26243","sl":"Элитный","sv":"495","p":90000.0,"q":26.76,"b":4.07,"ms":5.23,"wi":30.29,"ei":4.47,"as":218.02,"mi":"E","mv":9466,"sc":1,"lpe":94.77,"lpr":15919.87,"lq":1.0,"d":1584364},{"pi":"370074","pc":"Товары для дома","ss":100000,"td":"Фешенебельный район","dc":1,"n":690.82,"vc":"292278","sl":"Элитный","sv":"260","p":62240.0,"q":33.15,"b":3.96,"ms":12.82,"wi":36.38,"ei":6.43,"as":342.95,"mi":"E","mv":2028,"sc":2,"lpe":86.88,"lpr":7123.74,"lq":1.06,"d":1297765},{"pi":"370074","pc":"Товары для дома","ss":100000,"td":"Центр города","dc":1,"n":487.34,"vc":"275388","sl":"Элитный","sv":"6","p":57500.0,"q":29.0,"b":0.0,"ms":0.3,"wi":36.38,"ei":6.43,"as":342.95,"mi":"E","mv":2028,"sc":2,"lpe":86.88,"lpr":7123.74,"lq":1.06,"d":1297765},{"pi":"370074","pc":"Товары для дома","ss":100000,"td":"Центр города","dc":4,"n":190.15,"vc":"25910","sl":"Высокий","sv":"33","p":5660.0,"q":13.26,"b":0.0,"ms":0.1,"wi":20.05,"ei":2.21,"as":72.07,"mi":"E","mv":33648,"sc":1,"lpe":99.9,"lpr":9224.84,"lq":1.0,"d":5107770},{"pi":"370074","pc":"Товары для дома","ss":100000,"td":"Центр города","dc":1,"n":406.94,"vc":"266066","sl":"Элитный","sv":"140","p":26000.0,"q":29.12,"b":0.0,"ms":2.49,"wi":6.48,"ei":2.33,"as":38.73,"mi":"E","mv":5623,"sc":1,"lpe":97.51,"lpr":3709.18,"lq":1.0,"d":4132191},{"pi":"370074","pc":"Товары для дома","ss":100000,"td":"Фешенебельный район","dc":1,"n":670.46,"vc":"268013","sl":"Элитный","sv":"662","p":72670.0,"q":33.15,"b":3.96,"ms":14.33,"wi":39.06,"ei":10.43,"as":440.02,"mi":"E","mv":4621,"sc":1,"lpe":85.67,"lpr":11808.48,"lq":1.94,"d":1774664},{"pi":"370074","pc":"Товары для дома","ss":30000,"td":"Центр города","dc":1,"n":413.76,"vc":"62504","sl":"Элитный","sv":"10","p":80000.0,"q":29.13,"b":0.0,"ms":0.17,"wi":19.05,"ei":5.34,"as":341.56,"mi":"E","mv":6058,"sc":1,"lpe":99.83,"lpr":11874.88,"lq":1.0,"d":2069626},{"pi":"370074","pc":"Товары для дома","ss":100000,"td":"Окраина","dc":3,"n":286.74,"vc":"48166","sl":"Высокий","sv":"12","p":6570.0,"q":13.26,"b":0.35,"ms":0.04,"wi":15.51,"ei":1.9,"as":47.89,"mi":"E","mv":28115,"sc":1,"lpe":99.96,"lpr":8992.97,"lq":1.0,"d":9100000},{"pi":"370074","pc":"Товары для дома","ss":100000,"td":"Центр города","dc":1,"n":565.37,"vc":"1944314","sl":"Нормальный","sv":"1730","p":130000.0,"q":32.18,"b":4.11,"ms":3.48,"wi":21.09,"ei":5.96,"as":107.95,"mi":"E","mv":49722,"sc":2,"lpe":96.3,"lpr":23091.85,"lq":1.0,"d":12197086},{"pi":"370074","pc":"Товары для дома","ss":100000,"td":"Центр города","dc":5,"n":266.35,"vc":"73110","sl":"Элитный","sv":"110","p":10450.0,"q":13.26,"b":0.35,"ms":0.22,"wi":21.09,"ei":5.96,"as":107.95,"mi":"E","mv":49722,"sc":2,"lpe":96.3,"lpr":23091.85,"lq":1.0,"d":12197086},{"pi":"370074","pc":"Товары для дома","ss":40000,"td":"Фешенебельный район","dc":5,"n":197.46,"vc":"4364","sl":"Элитный","sv":"2","p":79999.0,"q":21.73,"b":0.0,"ms":0.01,"wi":20.1,"ei":4.5,"as":67.72,"mi":"E","mv":37838,"sc":1,"lpe":99.99,"lpr":12357.73,"lq":1.0,"d":8200000},{"pi":"370074","pc":"Товары для дома","ss":10000,"td":"Центр города","dc":1,"n":425.53,"vc":"26799","sl":"Элитный","sv":"1","p":80000.0,"q":28.98,"b":0.0,"ms":0.02,"wi":16.28,"ei":5.63,"as":227.31,"mi":"E","mv":4575,"sc":1,"lpe":99.98,"lpr":11028.02,"lq":1.0,"d":1476711},{"pi":"370074","pc":"Товары для дома","ss":100000,"td":"Центр города","dc":1,"n":423.35,"vc":"166704","sl":"Элитный","sv":"40","p":18000.0,"q":29.12,"b":0.0,"ms":1.86,"wi":7.53,"ei":2.81,"as":86.47,"mi":"E","mv":2156,"sc":1,"lpe":98.14,"lpr":4815.72,"lq":1.0,"d":1721230},{"pi":"370074","pc":"Товары для дома","ss":100000,"td":"Центр города","dc":1,"n":637.52,"vc":"2342896","sl":"Низкий","sv":"637","p":140000.0,"q":30.67,"b":4.14,"ms":10.02,"wi":52.02,"ei":10.51,"as":1190.88,"mi":"E","mv":6357,"sc":2,"lpe":83.2,"lpr":29079.8,"lq":5.03,"d":2862944},{"pi":"370074","pc":"Товары для дома","ss":100000,"td":"Центр города","dc":1,"n":468.85,"vc":"308549","sl":"Элитный","sv":"431","p":120000.0,"q":13.93,"b":1.38,"ms":6.78,"wi":52.02,"ei":10.51,"as":1190.88,"mi":"E","mv":6357,"sc":2,"lpe":83.2,"lpr":29079.8,"lq":5.03,"d":2862944},{"pi":"370074","pc":"Товары для дома","ss":100000,"td":"Фешенебельный район","dc":1,"n":680.58,"vc":"270854","sl":"Элитный","sv":"594","p":87120.0,"q":32.62,"b":4.06,"ms":18.05,"wi":42.23,"ei":6.83,"as":907.19,"mi":"E","mv":3290,"sc":2,"lpe":76.08,"lpr":15038.69,"lq":2.66,"d":1327128},{"pi":"370074","pc":"Товары для дома","ss":100000,"td":"Спальный район","dc":2,"n":421.89,"vc":"112566","sl":"Элитный","sv":"193","p":64000.0,"q":19.69,"b":4.09,"ms":5.87,"wi":42.23,"ei":6.83,"as":907.19,"mi":"E","mv":3290,"sc":2,"lpe":76.08,"lpr":15038.69,"lq":2.66,"d":1327128},{"pi":"370074","pc":"Товары для дома","ss":100000,"td":"Центр города","dc":3,"n":363.74,"vc":"89132","sl":"Элитный","sv":"75","p":34900.0,"q":13.96,"b":0.0,"ms":1.57,"wi":14.09,"ei":5.25,"as":82.95,"mi":"E","mv":4791,"sc":1,"lpe":98.43,"lpr":7518.69,"lq":1.0,"d":1794428},{"pi":"370074","pc":"Товары для дома","ss":100000,"td":"Фешенебельный район","dc":2,"n":684.22,"vc":"291451","sl":"Очень высокий","sv":"444","p":157600.0,"q":33.15,"b":4.06,"ms":16.01,"wi":50.29,"ei":7.12,"as":1196.86,"mi":"E","mv":2773,"sc":1,"lpe":83.99,"lpr":27915.36,"lq":4.66,"d":1480452},{"pi":"370074","pc":"Товары для дома","ss":100000,"td":"Спальный район","dc":1,"n":485.6,"vc":"483732","sl":"Очень высокий","sv":"65","p":62000.0,"q":29.12,"b":1.27,"ms":1.92,"wi":8.65,"ei":2.99,"as":101.57,"mi":"E","mv":3394,"sc":1,"lpe":98.08,"lpr":14421.23,"lq":1.0,"d":5694053},{"pi":"370074","pc":"Товары для дома","ss":100000,"td":"Центр города","dc":3,"n":425.12,"vc":"125661","sl":"Элитный","sv":"30","p":108000.0,"q":13.96,"b":0.0,"ms":4.42,"wi":16.64,"ei":5.01,"as":221.83,"mi":"E","mv":678,"sc":1,"lpe":95.58,"lpr":25215.35,"lq":1.0,"d":731104},{"pi":"370074","pc":"Товары для дома","ss":100000,"td":"Фешенебельный район","dc":1,"n":420.21,"vc":"17605","sl":"Элитный","sv":"22","p":140000.0,"q":32.44,"b":4.72,"ms":0.99,"wi":45.33,"ei":7.25,"as":769.5,"mi":"E","mv":2215,"sc":1,"lpe":99.01,"lpr":30421.21,"lq":1.0,"d":688452},{"pi":"370074","pc":"Товары для дома","ss":100000,"td":"Фешенебельный район","dc":1,"n":426.38,"vc":"20702","sl":"Элитный","sv":"170","p":150000.0,"q":32.44,"b":4.72,"ms":5.32,"wi":53.24,"ei":7.46,"as":830.0,"mi":"E","mv":3195,"sc":1,"lpe":94.68,"lpr":37208.22,"lq":1.0,"d":923206},{"pi":"370074","pc":"Товары для дома","ss":100000,"td":"Фешенебельный район","dc":1,"n":425.97,"vc":"14092","sl":"Элитный","sv":"21","p":100000.0,"q":30.61,"b":4.72,"ms":1.95,"wi":47.12,"ei":6.6,"as":760.0,"mi":"E","mv":1076,"sc":1,"lpe":98.05,"lpr":21503.65,"lq":1.0,"d":311080},{"pi":"370074","pc":"Товары для дома","ss":10000,"td":"Центр города","dc":1,"n":515.0,"vc":"29694","sl":"Очень высокий","sv":"20","p":100000.0,"q":29.12,"b":0.0,"ms":1.92,"wi":46.88,"ei":6.2,"as":769.5,"mi":"E","mv":1040,"sc":2,"lpe":97.98,"lpr":24204.23,"lq":1.0,"d":298856},{"pi":"370074","pc":"Товары для дома","ss":100000,"td":"Фешенебельный район","dc":1,"n":425.54,"vc":"13838","sl":"Элитный","sv":"1","p":140000.0,"q":31.44,"b":4.72,"ms":0.1,"wi":46.88,"ei":6.2,"as":769.5,"mi":"E","mv":1040,"sc":2,"lpe":97.98,"lpr":24204.23,"lq":1.0,"d":298856},{"pi":"370074","pc":"Товары для дома","ss":100000,"td":"Фешенебельный район","dc":1,"n":428.61,"vc":"23070","sl":"Элитный","sv":"23","p":192706.26,"q":15.95,"b":0.0,"ms":2.94,"wi":53.48,"ei":9.13,"as":1120.0,"mi":"E","mv":781,"sc":1,"lpe":97.06,"lpr":48938.68,"lq":1.0,"d":371510},{"pi":"370074","pc":"Товары для дома","ss":20000,"td":"Центр города","dc":1,"n":334.21,"vc":"18788","sl":"Элитный","sv":"100","p":125000.0,"q":25.31,"b":0.0,"ms":5.64,"wi":32.37,"ei":14.28,"as":748.41,"mi":"E","mv":1773,"sc":1,"lpe":94.36,"lpr":49578.6,"lq":1.0,"d":1218946},{"pi":"370074","pc":"Товары для дома","ss":100000,"td":"Фешенебельный район","dc":1,"n":562.23,"vc":"134062","sl":"Элитный","sv":"192","p":46000.0,"q":29.13,"b":0.0,"ms":6.5,"wi":13.69,"ei":4.76,"as":94.98,"mi":"E","mv":2952,"sc":1,"lpe":93.5,"lpr":5798.49,"lq":1.0,"d":1442930},{"pi":"370074","pc":"Товары для дома","ss":300000,"td":"Фешенебельный район","dc":1,"n":683.72,"vc":"580966","sl":"Элитный","sv":"127","p":213100.0,"q":33.15,"b":4.26,"ms":10.61,"wi":40.83,"ei":9.69,"as":1126.51,"mi":"E","mv":1197,"sc":1,"lpe":89.39,"lpr":35188.58,"lq":4.48,"d":1239628},{"pi":"370074","pc":"Товары для дома","ss":100000,"td":"Центр города","dc":1,"n":415.49,"vc":"191981","sl":"Элитный","sv":"435","p":36000.0,"q":29.12,"b":0.0,"ms":5.62,"wi":15.38,"ei":3.06,"as":158.53,"mi":"E","mv":7740,"sc":1,"lpe":94.38,"lpr":10737.8,"lq":1.0,"d":3197424},{"pi":"370074","pc":"Товары для дома","ss":90000,"td":"Спальный район","dc":2,"n":441.48,"vc":"168237","sl":"Элитный","sv":"110","p":137003.0,"q":11.86,"b":0.0,"ms":7.45,"wi":24.5,"ei":7.1,"as":348.25,"mi":"E","mv":1476,"sc":2,"lpe":92.41,"lpr":30052.4,"lq":1.0,"d":989886},{"pi":"370074","pc":"Товары для дома","ss":100000,"td":"Фешенебельный район","dc":2,"n":20.66,"vc":"429","sl":"Элитный","sv":"2","p":99999.0,"q":7.84,"b":0.0,"ms":0.14,"wi":24.5,"ei":7.1,"as":348.25,"mi":"E","mv":1476,"sc":2,"lpe":92.41,"lpr":30052.4,"lq":1.0,"d":989886},{"pi":"370074","pc":"Товары для дома","ss":100000,"td":"Фешенебельный район","dc":1,"n":421.62,"vc":"12365","sl":"Элитный","sv":"11","p":150000.0,"q":31.44,"b":4.72,"ms":1.4,"wi":55.17,"ei":6.62,"as":770.0,"mi":"E","mv":785,"sc":1,"lpe":98.6,"lpr":31311.52,"lq":1.0,"d":339038},{"pi":"370074","pc":"Товары для дома","ss":100000,"td":"Фешенебельный район","dc":1,"n":662.98,"vc":"478953","sl":"Очень высокий","sv":"114","p":119200.0,"q":33.15,"b":1.63,"ms":0.34,"wi":20.04,"ei":6.23,"as":189.21,"mi":"E","mv":33185,"sc":1,"lpe":99.66,"lpr":12493.58,"lq":1.0,"d":10970686},{"pi":"370074","pc":"Товары для дома","ss":100000,"td":"Фешенебельный район","dc":1,"n":649.44,"vc":"153043","sl":"Элитный","sv":"68","p":71360.0,"q":33.15,"b":4.0,"ms":10.27,"wi":14.81,"ei":6.08,"as":257.21,"mi":"E","mv":662,"sc":1,"lpe":89.73,"lpr":7488.63,"lq":1.28,"d":815233},{"pi":"370074","pc":"Товары для дома","ss":100000,"td":"Центр города","dc":2,"n":546.76,"vc":"372280","sl":"Очень высокий","sv":"1","p":45000.0,"q":42.18,"b":0.0,"ms":0.22,"wi":16.01,"ei":5.57,"as":220.74,"mi":"E","mv":449,"sc":1,"lpe":99.78,"lpr":34198.04,"lq":1.0,"d":575806},{"pi":"370074","pc":"Товары для дома","ss":1000,"td":"Центр города","dc":1,"n":580.03,"vc":"5654","sl":"Нормальный","sv":"20","p":80000.0,"q":25.31,"b":2.16,"ms":6.19,"wi":30.17,"ei":5.96,"as":437.26,"mi":"E","mv":323,"sc":1,"lpe":93.81,"lpr":20241.7,"lq":1.0,"d":150000},{"pi":"370074","pc":"Товары для дома","ss":200000,"td":"Центр города","dc":2,"n":396.68,"vc":"376347","sl":"Элитный","sv":"2077","p":75000.0,"q":34.57,"b":0.0,"ms":7.88,"wi":24.59,"ei":8.05,"as":240.41,"mi":"E","mv":26359,"sc":1,"lpe":92.12,"lpr":14214.17,"lq":1.0,"d":7239150},{"pi":"370074","pc":"Товары для дома","ss":70000,"td":"Центр города","dc":1,"n":396.97,"vc":"69261","sl":"Элитный","sv":"60","p":115000.0,"q":25.31,"b":0.0,"ms":7.56,"wi":23.9,"ei":8.05,"as":1028.85,"mi":"E","mv":794,"sc":1,"lpe":92.44,"lpr":55818.48,"lq":1.0,"d":767901},{"pi":"370074","pc":"Товары для дома","ss":1000,"td":"Спальный район","dc":2,"n":444.46,"vc":"3806","sl":"Низкий","sv":"50","p":100000.0,"q":25.31,"b":2.16,"ms":1.65,"wi":52.06,"ei":6.11,"as":520.0,"mi":"E","mv":3036,"sc":1,"lpe":98.35,"lpr":52437.92,"lq":1.0,"d":978294},{"pi":"370074","pc":"Товары для дома","ss":100000,"td":"Центр города","dc":1,"n":565.62,"vc":"1030141","sl":"Высокий","sv":"1250","p":42000.0,"q":42.18,"b":0.0,"ms":3.44,"wi":28.97,"ei":6.53,"as":314.5,"mi":"E","mv":36308,"sc":2,"lpe":96.28,"lpr":29464.0,"lq":1.0,"d":6283054},{"pi":"370074","pc":"Товары для дома","ss":200000,"td":"Центр города","dc":1,"n":472.44,"vc":"787791","sl":"Элитный","sv":"100","p":85000.0,"q":20.14,"b":3.09,"ms":0.28,"wi":28.97,"ei":6.53,"as":314.5,"mi":"E","mv":36308,"sc":2,"lpe":96.28,"lpr":29464.0,"lq":1.0,"d":6283054},{"pi":"370074","pc":"Товары для дома","ss":100000,"td":"Фешенебельный район","dc":1,"n":682.76,"vc":"308576","sl":"Элитный","sv":"854","p":60520.0,"q":32.62,"b":2.91,"ms":15.67,"wi":27.47,"ei":6.52,"as":195.06,"mi":"E","mv":5451,"sc":1,"lpe":84.33,"lpr":7716.16,"lq":1.06,"d":2027308},{"pi":"370074","pc":"Товары для дома","ss":100000,"td":"Центр города","dc":1,"n":440.75,"vc":"216640","sl":"Элитный","sv":"240","p":320000.0,"q":29.27,"b":0.18,"ms":4.2,"wi":36.64,"ei":11.26,"as":482.57,"mi":"E","mv":5708,"sc":1,"lpe":95.8,"lpr":63841.29,"lq":1.0,"d":2255977},{"pi":"370074","pc":"Товары для дома","ss":100000,"td":"Фешенебельный район","dc":1,"n":454.94,"vc":"25872","sl":"Элитный","sv":"5","p":303942.79,"q":16.34,"b":0.0,"ms":0.81,"wi":64.98,"ei":8.46,"as":1045.0,"mi":"E","mv":618,"sc":1,"lpe":99.19,"lpr":66942.98,"lq":1.0,"d":250038},{"pi":"370074","pc":"Товары для дома","ss":100000,"td":"Фешенебельный район","dc":1,"n":682.66,"vc":"120371","sl":"Элитный","sv":"74","p":32170.0,"q":33.15,"b":2.91,"ms":12.11,"wi":23.28,"ei":13.22,"as":2097.79,"mi":"E","mv":611,"sc":1,"lpe":87.89,"lpr":6466.7,"lq":1.03,"d":332434},{"pi":"370074","pc":"Товары для дома","ss":100000,"td":"Фешенебельный район","dc":1,"n":683.13,"vc":"298051","sl":"Элитный","sv":"642","p":25290.0,"q":33.15,"b":0.0,"ms":11.94,"wi":21.15,"ei":11.48,"as":272.99,"mi":"E","mv":5378,"sc":1,"lpe":88.06,"lpr":5411.94,"lq":1.0,"d":2580177},{"pi":"370074","pc":"Товары для дома","ss":1000,"td":"Фешенебельный район","dc":1,"n":559.55,"vc":"1436","sl":"Элитный","sv":"150","p":21310.0,"q":33.15,"b":2.98,"ms":1.71,"wi":22.96,"ei":14.81,"as":273.81,"mi":"E","mv":8752,"sc":1,"lpe":98.29,"lpr":3522.37,"lq":1.0,"d":2553554},{"pi":"370074","pc":"Товары для дома","ss":100000,"td":"Фешенебельный район","dc":1,"n":679.0,"vc":"178752","sl":"Элитный","sv":"116","p":38080.0,"q":32.62,"b":3.48,"ms":8.71,"wi":20.32,"ei":4.43,"as":250.73,"mi":"E","mv":1332,"sc":1,"lpe":91.29,"lpr":4163.25,"lq":1.0,"d":600363},{"pi":"370074","pc":"Товары для дома","ss":10000,"td":"Фешенебельный район","dc":7,"n":262.46,"vc":"770","sl":"Элитный","sv":"9","p":100894.95,"q":14.99,"b":0.0,"ms":1.47,"wi":16.2,"ei":3.8,"as":142.54,"mi":"E","mv":614,"sc":1,"lpe":98.53,"lpr":20939.67,"lq":1.0,"d":412500},{"pi":"370074","pc":"Товары для дома","ss":100000,"td":"Центр города","dc":1,"n":353.21,"vc":"45655","sl":"Элитный","sv":"37","p":90000.0,"q":27.51,"b":0.0,"ms":5.46,"wi":21.94,"ei":8.02,"as":540.24,"mi":"E","mv":678,"sc":1,"lpe":94.54,"lpr":14146.18,"lq":1.0,"d":323335},{"pi":"370074","pc":"Товары для дома","ss":10000,"td":"Центр города","dc":3,"n":319.9,"vc":"9827","sl":"Очень высокий","sv":"50","p":5876.0,"q":13.26,"b":0.0,"ms":2.65,"wi":8.05,"ei":5.06,"as":208.45,"mi":"E","mv":1890,"sc":1,"lpe":97.35,"lpr":11539.44,"lq":1.0,"d":2672131},{"pi":"370074","pc":"Товары для дома","ss":100000,"td":"Фешенебельный район","dc":2,"n":599.04,"vc":"115750","sl":"Элитный","sv":"135","p":200800.0,"q":26.88,"b":0.57,"ms":10.39,"wi":43.53,"ei":10.13,"as":1182.11,"mi":"E","mv":1299,"sc":1,"lpe":89.61,"lpr":32731.22,"lq":3.96,"d":1098710},{"pi":"370074","pc":"Товары для дома","ss":100000,"td":"Центр города","dc":4,"n":485.95,"vc":"204273","sl":"Нормальный","sv":"40","p":28120.0,"q":13.26,"b":0.48,"ms":3.4,"wi":22.05,"ei":8.06,"as":455.88,"mi":"E","mv":1178,"sc":2,"lpe":95.59,"lpr":64438.88,"lq":1.0,"d":1147914},{"pi":"370074","pc":"Товары для дома","ss":100000,"td":"Центр города","dc":3,"n":516.38,"vc":"273720","sl":"Очень высокий","sv":"12","p":50000.0,"q":42.18,"b":0.0,"ms":1.02,"wi":22.05,"ei":8.06,"as":455.88,"mi":"E","mv":1178,"sc":2,"lpe":95.59,"lpr":64438.88,"lq":1.0,"d":1147914},{"pi":"370074","pc":"Товары для дома","ss":10000,"td":"Центр города","dc":2,"n":374.89,"vc":"15517","sl":"Очень высокий","sv":"100","p":110000.0,"q":25.31,"b":0.0,"ms":5.48,"wi":28.21,"ei":6.32,"as":381.06,"mi":"E","mv":1826,"sc":1,"lpe":94.52,"lpr":32583.29,"lq":1.0,"d":903431},{"pi":"370074","pc":"Товары для дома","ss":100000,"td":"Центр города","dc":1,"n":539.6,"vc":"359324","sl":"Элитный","sv":"60","p":13000.0,"q":29.12,"b":0.0,"ms":7.82,"wi":7.3,"ei":2.49,"as":82.57,"mi":"E","mv":767,"sc":1,"lpe":92.18,"lpr":5760.77,"lq":1.0,"d":633388},{"pi":"370074","pc":"Товары для дома","ss":10000,"td":"Фешенебельный район","dc":1,"n":591.72,"vc":"19071","sl":"Элитный","sv":"976","p":94480.0,"q":33.15,"b":3.41,"ms":10.44,"wi":32.56,"ei":9.23,"as":456.15,"mi":"E","mv":9349,"sc":2,"lpe":89.55,"lpr":14600.77,"lq":1.34,"d":3767586},{"pi":"370074","pc":"Товары для дома","ss":10000,"td":"Фешенебельный район","dc":4,"n":117.81,"vc":"573","sl":"Элитный","sv":"1","p":50000.0,"q":21.09,"b":0.3,"ms":0.01,"wi":32.56,"ei":9.23,"as":456.15,"mi":"E","mv":9349,"sc":2,"lpe":89.55,"lpr":14600.77,"lq":1.34,"d":3767586},{"pi":"370074","pc":"Товары для дома","ss":10000,"td":"Центр города","dc":1,"n":372.27,"vc":"14021","sl":"Элитный","sv":"100","p":80000.0,"q":25.31,"b":0.0,"ms":4.82,"wi":20.41,"ei":3.9,"as":162.9,"mi":"E","mv":2073,"sc":1,"lpe":95.18,"lpr":23149.32,"lq":1.0,"d":714816},{"pi":"370074","pc":"Товары для дома","ss":100000,"td":"Центр города","dc":1,"n":602.83,"vc":"864093","sl":"Высокий","sv":"10","p":35000.0,"q":42.18,"b":0.0,"ms":0.39,"wi":23.17,"ei":4.83,"as":185.71,"mi":"E","mv":2568,"sc":1,"lpe":99.61,"lpr":37592.41,"lq":1.0,"d":1367840},{"pi":"370074","pc":"Товары для дома","ss":100000,"td":"Центр города","dc":2,"n":427.85,"vc":"216269","sl":"Элитный","sv":"5","p":38000.0,"q":42.18,"b":0.0,"ms":0.08,"wi":10.98,"ei":3.5,"as":159.25,"mi":"E","mv":6606,"sc":1,"lpe":99.92,"lpr":12891.45,"lq":1.0,"d":5132798},{"pi":"370074","pc":"Товары для дома","ss":100000,"td":"Центр города","dc":1,"n":669.52,"vc":"1234745","sl":"Высокий","sv":"208","p":120000.0,"q":30.67,"b":0.0,"ms":11.59,"wi":52.44,"ei":11.56,"as":1499.2,"mi":"E","mv":1794,"sc":3,"lpe":77.37,"lpr":22930.11,"lq":4.1,"d":607176},{"pi":"370074","pc":"Товары для дома","ss":20000,"td":"Центр города","dc":1,"n":477.34,"vc":"49825","sl":"Элитный","sv":"100","p":115000.0,"q":25.31,"b":2.23,"ms":5.57,"wi":52.44,"ei":11.56,"as":1499.2,"mi":"E","mv":1794,"sc":3,"lpe":77.37,"lpr":22930.11,"lq":4.1,"d":607176},{"pi":"370074","pc":"Товары для дома","ss":100000,"td":"Фешенебельный район","dc":1,"n":414.47,"vc":"15944","sl":"Элитный","sv":"98","p":130000.0,"q":32.44,"b":4.59,"ms":5.46,"wi":52.44,"ei":11.56,"as":1499.2,"mi":"E","mv":1794,"sc":3,"lpe":77.37,"lpr":22930.11,"lq":4.1,"d":607176},{"pi":"370074","pc":"Товары для дома","ss":100000,"td":"Центр города","dc":1,"n":634.83,"vc":"2276418","sl":"Низкий","sv":"919","p":160000.0,"q":30.67,"b":4.75,"ms":13.09,"wi":41.0,"ei":10.98,"as":1160.85,"mi":"E","mv":7023,"sc":1,"lpe":86.91,"lpr":32752.93,"lq":4.43,"d":2838504},{"pi":"370074","pc":"Товары для дома","ss":1000,"td":"Фешенебельный район","dc":1,"n":538.55,"vc":"987","sl":"Элитный","sv":"28","p":160000.0,"q":27.5,"b":0.0,"ms":8.09,"wi":43.74,"ei":10.04,"as":1360.0,"mi":"E","mv":346,"sc":1,"lpe":91.91,"lpr":41688.34,"lq":1.0,"d":234090},{"pi":"370074","pc":"Товары для дома","ss":100000,"td":"Центр города","dc":1,"n":509.53,"vc":"183480","sl":"Элитный","sv":"20","p":220000.0,"q":27.48,"b":0.0,"ms":4.83,"wi":30.61,"ei":9.87,"as":618.95,"mi":"E","mv":414,"sc":1,"lpe":95.17,"lpr":41063.62,"lq":1.0,"d":765755},{"pi":"370074","pc":"Товары для дома","ss":100000,"td":"Фешенебельный район","dc":1,"n":649.46,"vc":"206531","sl":"Элитный","sv":"164","p":167200.0,"q":33.12,"b":0.47,"ms":7.54,"wi":22.38,"ei":8.56,"as":364.75,"mi":"E","mv":2174,"sc":1,"lpe":92.46,"lpr":21403.39,"lq":1.11,"d":1658627},{"pi":"370074","pc":"Товары для дома","ss":100000,"td":"Центр города","dc":1,"n":371.37,"vc":"180141","sl":"Элитный","sv":"600","p":71000.0,"q":29.12,"b":0.0,"ms":7.74,"wi":32.5,"ei":8.75,"as":394.01,"mi":"E","mv":7750,"sc":1,"lpe":92.26,"lpr":33759.2,"lq":1.0,"d":2812406},{"pi":"370074","pc":"Товары для дома","ss":100000,"td":"Центр города","dc":1,"n":474.55,"vc":"155969","sl":"Элитный","sv":"46","p":185000.0,"q":27.51,"b":0.0,"ms":6.07,"wi":32.14,"ei":8.54,"as":796.22,"mi":"E","mv":758,"sc":1,"lpe":93.93,"lpr":40179.9,"lq":1.0,"d":788262},{"pi":"370074","pc":"Товары для дома","ss":100000,"td":"Фешенебельный район","dc":1,"n":661.66,"vc":"231193","sl":"Элитный","sv":"534","p":163400.0,"q":33.15,"b":2.73,"ms":13.21,"wi":49.54,"ei":10.29,"as":760.4,"mi":"E","mv":4042,"sc":1,"lpe":86.79,"lpr":35774.42,"lq":5.64,"d":1419772},{"pi":"370074","pc":"Товары для дома","ss":100000,"td":"Центр города","dc":1,"n":293.92,"vc":"143114","sl":"Элитный","sv":"2600","p":48750.0,"q":29.12,"b":0.0,"ms":3.58,"wi":25.77,"ei":5.34,"as":121.56,"mi":"E","mv":72609,"sc":1,"lpe":96.42,"lpr":16812.24,"lq":1.0,"d":12237176},{"pi":"370074","pc":"Товары для дома","ss":100000,"td":"Центр города","dc":2,"n":245.2,"vc":"61247","sl":"Элитный","sv":"60","p":57800.0,"q":13.96,"b":0.56,"ms":0.11,"wi":23.07,"ei":9.0,"as":148.67,"mi":"E","mv":52513,"sc":1,"lpe":99.89,"lpr":27831.94,"lq":1.0,"d":13151602},{"pi":"370074","pc":"Товары для дома","ss":100000,"td":"Центр города","dc":4,"n":182.78,"vc":"24761","sl":"Элитный","sv":"45","p":7500.0,"q":13.26,"b":0.0,"ms":0.17,"wi":20.18,"ei":6.66,"as":92.32,"mi":"E","mv":26678,"sc":1,"lpe":99.83,"lpr":13121.68,"lq":1.0,"d":5598351},{"pi":"370074","pc":"Товары для дома","ss":100000,"td":"Фешенебельный район","dc":1,"n":422.78,"vc":"12629","sl":"Элитный","sv":"17","p":100000.0,"q":32.44,"b":4.1,"ms":2.07,"wi":27.26,"ei":6.2,"as":361.0,"mi":"E","mv":821,"sc":1,"lpe":97.93,"lpr":19755.68,"lq":1.0,"d":248300},{"pi":"370074","pc":"Товары для дома","ss":100000,"td":"Центр города","dc":2,"n":497.58,"vc":"249474","sl":"Очень высокий","sv":"12","p":50000.0,"q":13.83,"b":4.51,"ms":1.03,"wi":25.28,"ei":7.31,"as":359.2,"mi":"E","mv":1165,"sc":1,"lpe":98.97,"lpr":7099.25,"lq":1.0,"d":708432},{"pi":"370074","pc":"Товары для дома","ss":100000,"td":"Фешенебельный район","dc":1,"n":688.31,"vc":"240206","sl":"Элитный","sv":"370","p":71360.0,"q":33.15,"b":3.37,"ms":13.64,"wi":27.73,"ei":5.96,"as":313.5,"mi":"E","mv":2712,"sc":1,"lpe":86.36,"lpr":9700.48,"lq":1.7,"d":761636},{"pi":"370074","pc":"Товары для дома","ss":100000,"td":"Фешенебельный район","dc":1,"n":686.71,"vc":"209610","sl":"Элитный","sv":"90","p":77660.0,"q":33.15,"b":3.37,"ms":13.35,"wi":19.0,"ei":6.87,"as":241.28,"mi":"E","mv":674,"sc":1,"lpe":86.65,"lpr":8217.82,"lq":1.02,"d":2046610},{"pi":"370074","pc":"Товары для дома","ss":300000,"td":"Центр города","dc":1,"n":497.84,"vc":"1363866","sl":"Элитный","sv":"1561","p":130000.0,"q":32.18,"b":3.77,"ms":5.67,"wi":37.85,"ei":8.73,"as":677.93,"mi":"E","mv":27527,"sc":3,"lpe":92.75,"lpr":22071.83,"lq":1.0,"d":8646844},{"pi":"370074","pc":"Товары для дома","ss":100000,"td":"Центр города","dc":1,"n":419.34,"vc":"282223","sl":"Элитный","sv":"335","p":130000.0,"q":32.44,"b":4.08,"ms":1.22,"wi":37.85,"ei":8.73,"as":677.93,"mi":"E","mv":27527,"sc":3,"lpe":92.75,"lpr":22071.83,"lq":1.0,"d":8646844},{"pi":"370074","pc":"Товары для дома","ss":200000,"td":"Центр города","dc":1,"n":449.14,"vc":"691256","sl":"Элитный","sv":"100","p":125000.0,"q":20.14,"b":2.89,"ms":0.36,"wi":37.85,"ei":8.73,"as":677.93,"mi":"E","mv":27527,"sc":3,"lpe":92.75,"lpr":22071.83,"lq":1.0,"d":8646844},{"pi":"370074","pc":"Товары для дома","ss":100000,"td":"Фешенебельный район","dc":1,"n":592.75,"vc":"171452","sl":"Элитный","sv":"217","p":120000.0,"q":32.18,"b":0.0,"ms":4.94,"wi":33.21,"ei":7.99,"as":472.22,"mi":"E","mv":4393,"sc":1,"lpe":95.06,"lpr":17171.49,"lq":1.0,"d":1259936},{"pi":"370074","pc":"Товары для дома","ss":20000,"td":"Центр города","dc":2,"n":406.71,"vc":"40829","sl":"Очень высокий","sv":"300","p":110000.0,"q":25.31,"b":1.69,"ms":6.38,"wi":33.06,"ei":5.72,"as":380.0,"mi":"E","mv":4705,"sc":1,"lpe":93.62,"lpr":36971.64,"lq":1.0,"d":1729130},{"pi":"370074","pc":"Товары для дома","ss":30000,"td":"Центр города","dc":2,"n":421.67,"vc":"56218","sl":"Очень высокий","sv":"100","p":100000.0,"q":25.31,"b":2.51,"ms":6.08,"wi":53.52,"ei":10.43,"as":1156.77,"mi":"E","mv":1645,"sc":1,"lpe":93.92,"lpr":35742.19,"lq":1.0,"d":1264874},{"pi":"370074","pc":"Товары для дома","ss":100000,"td":"Центр города","dc":1,"n":682.78,"vc":"3085320","sl":"Низкий","sv":"340","p":140000.0,"q":30.59,"b":4.14,"ms":12.79,"wi":42.78,"ei":9.65,"as":844.82,"mi":"E","mv":2659,"sc":1,"lpe":87.21,"lpr":25645.24,"lq":3.54,"d":1812514},{"pi":"370074","pc":"Товары для дома","ss":100000,"td":"Фешенебельный район","dc":1,"n":650.01,"vc":"231551","sl":"Элитный","sv":"320","p":141800.0,"q":33.15,"b":0.74,"ms":9.74,"wi":53.29,"ei":11.63,"as":1039.25,"mi":"E","mv":3284,"sc":2,"lpe":84.56,"lpr":22816.24,"lq":4.21,"d":1964160},{"pi":"370074","pc":"Товары для дома","ss":100000,"td":"Центр города","dc":1,"n":592.67,"vc":"1334208","sl":"Нормальный","sv":"187","p":130000.0,"q":30.67,"b":2.02,"ms":5.69,"wi":53.29,"ei":11.63,"as":1039.25,"mi":"E","mv":3284,"sc":2,"lpe":84.56,"lpr":22816.24,"lq":4.21,"d":1964160},{"pi":"370074","pc":"Товары для дома","ss":48000,"td":"Центр города","dc":6,"n":429.78,"vc":"88155","sl":"Нормальный","sv":"176","p":79000.0,"q":21.29,"b":0.0,"ms":4.45,"wi":28.94,"ei":6.76,"as":297.68,"mi":"E","mv":3957,"sc":2,"lpe":92.52,"lpr":19525.72,"lq":1.0,"d":1302926},{"pi":"370074","pc":"Товары для дома","ss":100000,"td":"Фешенебельный район","dc":1,"n":684.39,"vc":"279150","sl":"Элитный","sv":"120","p":155800.0,"q":32.62,"b":3.37,"ms":3.03,"wi":28.94,"ei":6.76,"as":297.68,"mi":"E","mv":3957,"sc":2,"lpe":92.52,"lpr":19525.72,"lq":1.0,"d":1302926},{"pi":"370074","pc":"Товары для дома","ss":200000,"td":"Центр города","dc":1,"n":588.27,"vc":"2642331","sl":"Высокий","sv":"1357","p":130000.0,"q":37.18,"b":4.14,"ms":6.52,"wi":33.86,"ei":10.15,"as":292.02,"mi":"E","mv":20812,"sc":3,"lpe":92.04,"lpr":18702.76,"lq":1.0,"d":6376122},{"pi":"370074","pc":"Товары для дома","ss":20000,"td":"Центр города","dc":1,"n":326.31,"vc":"33867","sl":"Элитный","sv":"200","p":110000.0,"q":25.31,"b":1.92,"ms":0.96,"wi":33.86,"ei":10.15,"as":292.02,"mi":"E","mv":20812,"sc":3,"lpe":92.04,"lpr":18702.76,"lq":1.0,"d":6376122},{"pi":"370074","pc":"Товары для дома","ss":200000,"td":"Центр города","dc":1,"n":469.59,"vc":"768650","sl":"Элитный","sv":"100","p":125000.0,"q":20.14,"b":3.08,"ms":0.48,"wi":33.86,"ei":10.15,"as":292.02,"mi":"E","mv":20812,"sc":3,"lpe":92.04,"lpr":18702.76,"lq":1.0,"d":6376122},{"pi":"370074","pc":"Товары для дома","ss":100000,"td":"Фешенебельный район","dc":1,"n":608.42,"vc":"222910","sl":"Элитный","sv":"1072","p":200600.0,"q":33.15,"b":2.0,"ms":11.69,"wi":54.32,"ei":11.9,"as":1548.35,"mi":"E","mv":9168,"sc":3,"lpe":76.39,"lpr":39886.78,"lq":7.11,"d":5522842},{"pi":"370074","pc":"Товары для дома","ss":100000,"td":"Центр города","dc":1,"n":484.75,"vc":"452443","sl":"Очень высокий","sv":"600","p":60000.0,"q":42.18,"b":3.17,"ms":6.54,"wi":54.32,"ei":11.9,"as":1548.35,"mi":"E","mv":9168,"sc":3,"lpe":76.39,"lpr":39886.78,"lq":7.11,"d":5522842},{"pi":"370074","pc":"Товары для дома","ss":100000,"td":"Центр города","dc":1,"n":598.38,"vc":"2023965","sl":"Нормальный","sv":"493","p":200000.0,"q":30.67,"b":4.14,"ms":5.38,"wi":54.32,"ei":11.9,"as":1548.35,"mi":"E","mv":9168,"sc":3,"lpe":76.39,"lpr":39886.78,"lq":7.11,"d":5522842},{"pi":"370074","pc":"Товары для дома","ss":200000,"td":"Центр города","dc":1,"n":566.04,"vc":"3763674","sl":"Нормальный","sv":"1437","p":170000.0,"q":30.67,"b":4.0,"ms":6.55,"wi":51.68,"ei":9.19,"as":1176.8,"mi":"E","mv":21926,"sc":2,"lpe":91.8,"lpr":42433.5,"lq":5.11,"d":10648221},{"pi":"370074","pc":"Товары для дома","ss":100000,"td":"Фешенебельный район","dc":1,"n":555.95,"vc":"254020","sl":"Элитный","sv":"362","p":180000.0,"q":30.65,"b":4.0,"ms":1.65,"wi":51.68,"ei":9.19,"as":1176.8,"mi":"E","mv":21926,"sc":2,"lpe":91.8,"lpr":42433.5,"lq":5.11,"d":10648221},{"pi":"370074","pc":"Товары для дома","ss":110000,"td":"Спальный район","dc":1,"n":240.72,"vc":"27036","sl":"Элитный","sv":"348","p":190000.0,"q":15.2,"b":0.0,"ms":3.67,"wi":59.33,"ei":9.62,"as":1210.0,"mi":"E","mv":9481,"sc":1,"lpe":96.33,"lpr":74618.16,"lq":1.0,"d":2753006},{"pi":"370074","pc":"Товары для дома","ss":100000,"td":"Фешенебельный район","dc":1,"n":688.83,"vc":"239256","sl":"Элитный","sv":"169","p":83020.0,"q":33.15,"b":4.3,"ms":6.15,"wi":31.97,"ei":7.27,"as":404.16,"mi":"E","mv":2747,"sc":1,"lpe":93.85,"lpr":9940.41,"lq":1.0,"d":749932},{"pi":"370074","pc":"Товары для дома","ss":300000,"td":"Фешенебельный район","dc":1,"n":661.45,"vc":"1117878","sl":"Элитный","sv":"5145","p":97970.0,"q":32.62,"b":3.37,"ms":12.1,"wi":33.04,"ei":6.88,"as":461.89,"mi":"E","mv":42538,"sc":2,"lpe":87.46,"lpr":13909.33,"lq":2.4,"d":12391712},{"pi":"370074","pc":"Товары для дома","ss":100000,"td":"Фешенебельный район","dc":1,"n":422.46,"vc":"49477","sl":"Элитный","sv":"190","p":100000.0,"q":32.44,"b":4.14,"ms":0.45,"wi":33.04,"ei":6.88,"as":461.89,"mi":"E","mv":42538,"sc":2,"lpe":87.46,"lpr":13909.33,"lq":2.4,"d":12391712},{"pi":"370074","pc":"Товары для дома","ss":100000,"td":"Фешенебельный район","dc":1,"n":679.83,"vc":"261153","sl":"Элитный","sv":"535","p":57680.0,"q":33.15,"b":4.3,"ms":14.01,"wi":28.16,"ei":6.67,"as":312.56,"mi":"E","mv":3819,"sc":1,"lpe":85.99,"lpr":7491.25,"lq":1.05,"d":1220860},{"pi":"370074","pc":"Товары для дома","ss":100000,"td":"Фешенебельный район","dc":1,"n":685.84,"vc":"284076","sl":"Элитный","sv":"356","p":23770.0,"q":32.62,"b":2.78,"ms":13.48,"wi":16.11,"ei":4.43,"as":81.68,"mi":"E","mv":2641,"sc":1,"lpe":86.52,"lpr":3636.6,"lq":1.02,"d":1316214},{"pi":"370074","pc":"Товары для дома","ss":20000,"td":"Центр города","dc":2,"n":451.14,"vc":"29824","sl":"Элитный","sv":"10","p":80000.0,"q":25.31,"b":0.0,"ms":1.32,"wi":33.53,"ei":6.73,"as":310.0,"mi":"E","mv":758,"sc":1,"lpe":98.68,"lpr":35783.96,"lq":1.0,"d":263984},{"pi":"370074","pc":"Товары для дома","ss":10000,"td":"Центр города","dc":1,"n":557.14,"vc":"57392","sl":"Высокий","sv":"35","p":28000.0,"q":29.12,"b":0.0,"ms":8.91,"wi":13.35,"ei":6.07,"as":253.35,"mi":"E","mv":393,"sc":1,"lpe":91.09,"lpr":16788.32,"lq":1.0,"d":278462},{"pi":"370074","pc":"Товары для дома","ss":100000,"td":"Фешенебельный район","dc":1,"n":677.47,"vc":"302214","sl":"Элитный","sv":"330","p":122500.0,"q":33.15,"b":4.0,"ms":16.21,"wi":25.53,"ei":7.54,"as":465.74,"mi":"E","mv":2036,"sc":1,"lpe":83.79,"lpr":15332.03,"lq":1.27,"d":1976646},{"pi":"370074","pc":"Товары для дома","ss":100000,"td":"Фешенебельный район","dc":1,"n":659.95,"vc":"244384","sl":"Элитный","sv":"331","p":83640.0,"q":33.15,"b":4.0,"ms":14.96,"wi":26.47,"ei":11.46,"as":520.77,"mi":"E","mv":2213,"sc":2,"lpe":84.91,"lpr":12120.53,"lq":1.89,"d":1743484},{"pi":"370074","pc":"Товары для дома","ss":100000,"td":"Центр города","dc":4,"n":128.47,"vc":"9828","sl":"Элитный","sv":"3","p":50000.0,"q":21.51,"b":0.0,"ms":0.14,"wi":26.47,"ei":11.46,"as":520.77,"mi":"E","mv":2213,"sc":2,"lpe":84.91,"lpr":12120.53,"lq":1.89,"d":1743484},{"pi":"370074","pc":"Товары для дома","ss":100000,"td":"Центр города","dc":4,"n":342.98,"vc":"50995","sl":"Элитный","sv":"20","p":2715.0,"q":13.26,"b":0.0,"ms":2.79,"wi":7.01,"ei":3.65,"as":49.25,"mi":"E","mv":718,"sc":1,"lpe":97.21,"lpr":5334.0,"lq":1.0,"d":860319},{"pi":"370074","pc":"Товары для дома","ss":100000,"td":"Центр города","dc":2,"n":544.3,"vc":"673270","sl":"Нормальный","sv":"1500","p":42000.0,"q":42.18,"b":2.81,"ms":9.43,"wi":30.38,"ei":5.96,"as":358.17,"mi":"E","mv":15907,"sc":1,"lpe":90.57,"lpr":24487.34,"lq":1.81,"d":3347758},{"pi":"370074","pc":"Товары для дома","ss":300000,"td":"Фешенебельный район","dc":1,"n":672.47,"vc":"1325710","sl":"Элитный","sv":"5701","p":150000.0,"q":31.66,"b":4.37,"ms":8.2,"wi":53.02,"ei":6.8,"as":488.79,"mi":"E","mv":69524,"sc":6,"lpe":78.53,"lpr":18826.55,"lq":3.05,"d":14905102},{"pi":"370074","pc":"Товары для дома","ss":100000,"td":"Центр города","dc":2,"n":490.72,"vc":"678329","sl":"Нормальный","sv":"5122","p":55000.0,"q":42.18,"b":2.81,"ms":7.37,"wi":53.02,"ei":6.8,"as":488.79,"mi":"E","mv":69524,"sc":6,"lpe":78.53,"lpr":18826.55,"lq":3.05,"d":14905102},{"pi":"370074","pc":"Товары для дома","ss":300000,"td":"Центр города","dc":1,"n":559.56,"vc":"4479548","sl":"Высокий","sv":"3787","p":120000.0,"q":34.48,"b":4.14,"ms":5.45,"wi":53.02,"ei":6.8,"as":488.79,"mi":"E","mv":69524,"sc":6,"lpe":78.53,"lpr":18826.55,"lq":3.05,"d":14905102},{"pi":"370074","pc":"Товары для дома","ss":100000,"td":"Центр города","dc":4,"n":470.91,"vc":"560637","sl":"Низкий","sv":"209","p":90000.0,"q":22.22,"b":0.93,"ms":0.3,"wi":53.02,"ei":6.8,"as":488.79,"mi":"E","mv":69524,"sc":6,"lpe":78.53,"lpr":18826.55,"lq":3.05,"d":14905102},{"pi":"370074","pc":"Товары для дома","ss":100000,"td":"Центр города","dc":1,"n":413.89,"vc":"324034","sl":"Элитный","sv":"100","p":72500.0,"q":20.14,"b":2.58,"ms":0.14,"wi":53.02,"ei":6.8,"as":488.79,"mi":"E","mv":69524,"sc":6,"lpe":78.53,"lpr":18826.55,"lq":3.05,"d":14905102},{"pi":"370074","pc":"Товары для дома","ss":10000,"td":"Спальный район","dc":2,"n":184.58,"vc":"7598","sl":"Элитный","sv":"9","p":80525.32,"q":12.58,"b":0.12,"ms":0.01,"wi":53.02,"ei":6.8,"as":488.79,"mi":"E","mv":69524,"sc":6,"lpe":78.53,"lpr":18826.55,"lq":3.05,"d":14905102},{"pi":"370074","pc":"Товары для дома","ss":100000,"td":"Фешенебельный район","dc":1,"n":682.1,"vc":"316625","sl":"Элитный","sv":"368","p":160000.0,"q":34.65,"b":4.14,"ms":3.49,"wi":35.76,"ei":7.33,"as":277.72,"mi":"E","mv":10533,"sc":1,"lpe":96.51,"lpr":18176.18,"lq":1.0,"d":1988574},{"pi":"370074","pc":"Товары для дома","ss":100000,"td":"Фешенебельный район","dc":1,"n":671.15,"vc":"171181","sl":"Элитный","sv":"346","p":29110.0,"q":32.62,"b":3.42,"ms":14.23,"wi":24.05,"ei":3.52,"as":299.04,"mi":"E","mv":2431,"sc":1,"lpe":85.77,"lpr":3425.35,"lq":1.12,"d":843735},{"pi":"370074","pc":"Товары для дома","ss":100000,"td":"Фешенебельный район","dc":1,"n":679.93,"vc":"467877","sl":"Очень высокий","sv":"632","p":140000.0,"q":33.86,"b":4.14,"ms":5.78,"wi":30.34,"ei":5.44,"as":331.01,"mi":"E","mv":10940,"sc":2,"lpe":94.04,"lpr":16891.79,"lq":1.0,"d":2022290},{"pi":"370074","pc":"Товары для дома","ss":10000,"td":"Центр города","dc":2,"n":248.09,"vc":"8054","sl":"Элитный","sv":"20","p":16500.0,"q":13.26,"b":0.31,"ms":0.18,"wi":30.34,"ei":5.44,"as":331.01,"mi":"E","mv":10940,"sc":2,"lpe":94.04,"lpr":16891.79,"lq":1.0,"d":2022290},{"pi":"370074","pc":"Товары для дома","ss":100000,"td":"Фешенебельный район","dc":1,"n":687.46,"vc":"243643","sl":"Элитный","sv":"190","p":111100.0,"q":33.15,"b":3.07,"ms":12.97,"wi":42.51,"ei":10.41,"as":1149.11,"mi":"E","mv":1465,"sc":2,"lpe":86.08,"lpr":16698.92,"lq":2.51,"d":811736},{"pi":"370074","pc":"Товары для дома","ss":100000,"td":"Центр города","dc":1,"n":231.36,"vc":"20229","sl":"Элитный","sv":"14","p":76000.0,"q":22.77,"b":0.0,"ms":0.96,"wi":42.51,"ei":10.41,"as":1149.11,"mi":"E","mv":1465,"sc":2,"lpe":86.08,"lpr":16698.92,"lq":2.51,"d":811736},{"pi":"370074","pc":"Товары для дома","ss":1000,"td":"Центр города","dc":1,"n":469.95,"vc":"3091","sl":"Высокий","sv":"25","p":95000.0,"q":25.31,"b":0.0,"ms":5.39,"wi":41.09,"ei":6.66,"as":556.5,"mi":"E","mv":464,"sc":1,"lpe":94.61,"lpr":36729.88,"lq":1.0,"d":157411},{"pi":"370074","pc":"Товары для дома","ss":1000,"td":"Центр города","dc":1,"n":522.9,"vc":"5354","sl":"Нормальный","sv":"76","p":95000.0,"q":25.31,"b":2.34,"ms":7.0,"wi":36.79,"ei":5.82,"as":480.0,"mi":"E","mv":1086,"sc":1,"lpe":93.0,"lpr":27901.12,"lq":1.0,"d":322196},{"pi":"370074","pc":"Товары для дома","ss":1000,"td":"Центр города","dc":1,"n":398.82,"vc":"3198","sl":"Высокий","sv":"150","p":100000.0,"q":25.31,"b":2.34,"ms":7.88,"wi":47.6,"ei":6.53,"as":535.5,"mi":"E","mv":1904,"sc":1,"lpe":92.12,"lpr":38054.49,"lq":1.0,"d":545501},{"pi":"370074","pc":"Товары для дома","ss":100000,"td":"Фешенебельный район","dc":1,"n":424.81,"vc":"17061","sl":"Элитный","sv":"61","p":130000.0,"q":32.44,"b":4.32,"ms":3.17,"wi":66.9,"ei":9.5,"as":1140.0,"mi":"E","mv":1924,"sc":1,"lpe":96.83,"lpr":29512.01,"lq":1.0,"d":554576},{"pi":"370074","pc":"Товары для дома","ss":100000,"td":"Фешенебельный район","dc":1,"n":425.74,"vc":"19956","sl":"Элитный","sv":"190","p":140000.0,"q":32.44,"b":4.32,"ms":6.5,"wi":75.65,"ei":9.62,"as":1187.5,"mi":"E","mv":2922,"sc":1,"lpe":93.5,"lpr":34852.27,"lq":1.0,"d":845966},{"pi":"370074","pc":"Товары для дома","ss":100000,"td":"Фешенебельный район","dc":1,"n":422.96,"vc":"22621","sl":"Элитный","sv":"268","p":140000.0,"q":32.44,"b":4.32,"ms":7.22,"wi":57.59,"ei":9.91,"as":1400.0,"mi":"E","mv":3714,"sc":1,"lpe":92.78,"lpr":35648.37,"lq":1.0,"d":1306224},{"pi":"370074","pc":"Товары для дома","ss":100000,"td":"Центр города","dc":1,"n":457.35,"vc":"326370","sl":"Элитный","sv":"53","p":29500.0,"q":29.13,"b":0.0,"ms":3.43,"wi":7.25,"ei":3.3,"as":106.56,"mi":"E","mv":1544,"sc":1,"lpe":96.57,"lpr":3957.32,"lq":1.0,"d":1447342},{"pi":"370074","pc":"Товары для дома","ss":100000,"td":"Центр города","dc":1,"n":502.11,"vc":"387681","sl":"Элитный","sv":"135","p":14000.0,"q":29.12,"b":0.0,"ms":9.36,"wi":6.31,"ei":4.8,"as":84.76,"mi":"E","mv":1442,"sc":1,"lpe":90.64,"lpr":2995.26,"lq":1.0,"d":1172271},{"pi":"370074","pc":"Товары для дома","ss":100000,"td":"Спальный район","dc":1,"n":540.78,"vc":"276341","sl":"Элитный","sv":"10","p":20000.0,"q":29.12,"b":0.0,"ms":1.61,"wi":8.13,"ei":4.32,"as":100.82,"mi":"E","mv":623,"sc":2,"lpe":97.75,"lpr":5895.74,"lq":1.0,"d":748777},{"pi":"370074","pc":"Товары для дома","ss":100000,"td":"Фешенебельный район","dc":1,"n":145.85,"vc":"1239","sl":"Элитный","sv":"4","p":25000.0,"q":12.81,"b":1.42,"ms":0.64,"wi":8.13,"ei":4.32,"as":100.82,"mi":"E","mv":623,"sc":2,"lpe":97.75,"lpr":5895.74,"lq":1.0,"d":748777},{"pi":"370074","pc":"Товары для дома","ss":11000,"td":"Спальный район","dc":1,"n":139.6,"vc":"2160","sl":"Элитный","sv":"15","p":160000.0,"q":12.46,"b":1.54,"ms":0.46,"wi":52.27,"ei":6.17,"as":538.8,"mi":"E","mv":3278,"sc":1,"lpe":99.54,"lpr":58811.0,"lq":1.0,"d":927421},{"pi":"370074","pc":"Товары для дома","ss":30000,"td":"Центр города","dc":1,"n":324.57,"vc":"45148","sl":"Элитный","sv":"200","p":80000.0,"q":25.31,"b":0.0,"ms":0.48,"wi":27.63,"ei":5.96,"as":119.21,"mi":"E","mv":41389,"sc":1,"lpe":99.52,"lpr":18558.25,"lq":1.0,"d":6921520},{"pi":"370074","pc":"Товары для дома","ss":100100,"td":"Центр города","dc":1,"n":532.95,"vc":"399914","sl":"Элитный","sv":"25","p":71000.0,"q":29.12,"b":0.0,"ms":2.1,"wi":40.27,"ei":6.77,"as":518.59,"mi":"E","mv":1189,"sc":1,"lpe":97.9,"lpr":39102.22,"lq":1.0,"d":323254},{"pi":"370074","pc":"Товары для дома","ss":100100,"td":"Центр города","dc":1,"n":557.56,"vc":"451586","sl":"Очень высокий","sv":"122","p":44000.0,"q":29.12,"b":0.0,"ms":16.58,"wi":25.03,"ei":7.83,"as":549.87,"mi":"E","mv":736,"sc":1,"lpe":83.42,"lpr":6274.15,"lq":1.13,"d":273642},{"pi":"370074","pc":"Товары для дома","ss":110000,"td":"Центр города","dc":7,"n":274.79,"vc":"30018","sl":"Очень высокий","sv":"116","p":145000.0,"q":14.56,"b":0.0,"ms":6.46,"wi":41.6,"ei":7.73,"as":661.87,"mi":"E","mv":1797,"sc":2,"lpe":93.32,"lpr":44382.83,"lq":1.0,"d":633388},{"pi":"370074","pc":"Товары для дома","ss":11000,"td":"Спальный район","dc":1,"n":147.06,"vc":"1998","sl":"Элитный","sv":"4","p":150000.0,"q":11.99,"b":0.0,"ms":0.22,"wi":41.6,"ei":7.73,"as":661.87,"mi":"E","mv":1797,"sc":2,"lpe":93.32,"lpr":44382.83,"lq":1.0,"d":633388},{"pi":"370074","pc":"Товары для дома","ss":10000,"td":"Центр города","dc":1,"n":358.86,"vc":"11665","sl":"Элитный","sv":"170","p":110000.0,"q":25.31,"b":2.26,"ms":6.94,"wi":32.47,"ei":6.41,"as":544.52,"mi":"E","mv":2450,"sc":1,"lpe":93.06,"lpr":21859.38,"lq":1.0,"d":561077}]