[{"pi":"422546","pc":"Продукты питания","ss":10000,"td":"Спальный район","dc":1,"n":447.01,"vc":"23049","sl":"Элитный","sv":"100","p":2550.0,"q":8.31,"b":1.3,"ms":0.03,"wi":55.87,"ei":7.0,"as":994.0,"mi":"E","mv":330069,"sc":1,"lpe":99.97,"lpr":1075.53,"lq":1.0,"d":1386711},{"pi":"422546","pc":"Продукты питания","ss":40000,"td":"Центр города","dc":3,"n":452.36,"vc":"92259","sl":"Очень высокий","sv":"1758","p":2750.0,"q":8.31,"b":1.3,"ms":0.63,"wi":56.61,"ei":7.0,"as":1036.07,"mi":"E","mv":280664,"sc":1,"lpe":99.37,"lpr":1138.65,"lq":1.0,"d":1285176},{"pi":"422546","pc":"Продукты питания","ss":60000,"td":"Центр города","dc":1,"n":512.17,"vc":"191349","sl":"Очень высокий","sv":"8000","p":2700.0,"q":11.61,"b":3.27,"ms":2.68,"wi":47.76,"ei":7.0,"as":1078.25,"mi":"E","mv":298367,"sc":2,"lpe":97.15,"lpr":827.74,"lq":1.0,"d":842600},{"pi":"422546","pc":"Продукты питания","ss":60000,"td":"Центр города","dc":1,"n":567.1,"vc":"314966","sl":"Очень высокий","sv":"498","p":3500.0,"q":10.83,"b":3.08614457831325,"ms":0.17,"wi":47.76,"ei":7.0,"as":1078.25,"mi":"E","mv":298367,"sc":2,"lpe":97.15,"lpr":827.74,"lq":1.0,"d":842600},{"pi":"422546","pc":"Продукты питания","ss":20000,"td":"Окраина","dc":6,"n":345.93,"vc":"11404","sl":"Очень высокий","sv":"800","p":3050.0,"q":8.31,"b":0.31,"ms":0.66,"wi":49.39,"ei":7.0,"as":1230.33,"mi":"E","mv":121015,"sc":1,"lpe":99.34,"lpr":1411.69,"lq":1.0,"d":781464},{"pi":"422546","pc":"Продукты питания","ss":20000,"td":"Пригород","dc":3,"n":305.2,"vc":"6883","sl":"Элитный","sv":"200","p":2450.0,"q":8.31,"b":0.53,"ms":0.06,"wi":54.41,"ei":7.0,"as":1000.0,"mi":"E","mv":358873,"sc":1,"lpe":99.94,"lpr":1091.89,"lq":1.0,"d":1493247},{"pi":"422546","pc":"Продукты питания","ss":90000,"td":"Пригород","dc":4,"n":441.69,"vc":"130711","sl":"Очень высокий","sv":"50000","p":3200.0,"q":9.69,"b":0.06,"ms":1.53,"wi":79.78,"ei":9.46,"as":2502.0,"mi":"E","mv":3276271,"sc":8,"lpe":97.71,"lpr":1557.68,"lq":1.0,"d":9185246},{"pi":"422546","pc":"Продукты питания","ss":30000,"td":"Центр города","dc":2,"n":321.34,"vc":"48516","sl":"Элитный","sv":"10000","p":4000.0,"q":10.26,"b":0.54,"ms":0.31,"wi":79.78,"ei":9.46,"as":2502.0,"mi":"E","mv":3276271,"sc":8,"lpe":97.71,"lpr":1557.68,"lq":1.0,"d":9185246},{"pi":"422546","pc":"Продукты питания","ss":100000,"td":"Центр города","dc":1,"n":346.38,"vc":"214370","sl":"Элитный","sv":"5909","p":4000.0,"q":10.81,"b":0.59,"ms":0.18,"wi":79.78,"ei":9.46,"as":2502.0,"mi":"E","mv":3276271,"sc":8,"lpe":97.71,"lpr":1557.68,"lq":1.0,"d":9185246},{"pi":"422546","pc":"Продукты питания","ss":100000,"td":"Центр города","dc":1,"n":297.06,"vc":"88941","sl":"Элитный","sv":"5084","p":4800.0,"q":10.66,"b":0.668945712037766,"ms":0.16,"wi":79.78,"ei":9.46,"as":2502.0,"mi":"E","mv":3276271,"sc":8,"lpe":97.71,"lpr":1557.68,"lq":1.0,"d":9185246},{"pi":"422546","pc":"Продукты питания","ss":110000,"td":"Фешенебельный район","dc":1,"n":433.94,"vc":"80890","sl":"Элитный","sv":"2032","p":2077.59,"q":8.5,"b":2.95,"ms":0.06,"wi":79.78,"ei":9.46,"as":2502.0,"mi":"E","mv":3276271,"sc":8,"lpe":97.71,"lpr":1557.68,"lq":1.0,"d":9185246},{"pi":"422546","pc":"Продукты питания","ss":100000,"td":"Центр города","dc":1,"n":339.34,"vc":"133556","sl":"Элитный","sv":"1382","p":5000.0,"q":7.88,"b":2.71,"ms":0.04,"wi":79.78,"ei":9.46,"as":2502.0,"mi":"E","mv":3276271,"sc":8,"lpe":97.71,"lpr":1557.68,"lq":1.0,"d":9185246},{"pi":"422546","pc":"Продукты питания","ss":25000,"td":"Центр города","dc":1,"n":205.67,"vc":"24897","sl":"Элитный","sv":"604","p":5000.0,"q":9.89,"b":1.04,"ms":0.02,"wi":79.78,"ei":9.46,"as":2502.0,"mi":"E","mv":3276271,"sc":8,"lpe":97.71,"lpr":1557.68,"lq":1.0,"d":9185246},{"pi":"422546","pc":"Продукты питания","ss":25000,"td":"Спальный район","dc":1,"n":476.87,"vc":"173158","sl":"Высокий","sv":"100","p":2000.0,"q":6.2,"b":0.0,"ms":0.0,"wi":79.78,"ei":9.46,"as":2502.0,"mi":"E","mv":3276271,"sc":8,"lpe":97.71,"lpr":1557.68,"lq":1.0,"d":9185246}]