[{"pi":"351577","pc":"Ювелирные изделия","ss":100000,"td":"Центр города","dc":1,"n":546.69,"vc":"591734","sl":"Очень высокий","sv":"430","p":900000.0,"q":12.11,"b":5.03,"ms":63.61,"wi":156.39,"ei":6.41,"as":2315.25,"mi":"AAA","mv":676,"sc":2,"lpe":0.0,"lpr":206162.87,"lq":8.76,"d":680780},{"pi":"351577","pc":"Ювелирные изделия","ss":140000,"td":"Центр города","dc":2,"n":576.69,"vc":"739714","sl":"Высокий","sv":"246","p":225000.0,"q":7.15,"b":0.438536585365854,"ms":36.39,"wi":156.39,"ei":6.41,"as":2315.25,"mi":"AAA","mv":676,"sc":2,"lpe":0.0,"lpr":206162.87,"lq":8.76,"d":680780},{"pi":"351577","pc":"Ювелирные изделия","ss":200000,"td":"Центр города","dc":2,"n":396.62,"vc":"391180","sl":"Элитный","sv":"2840","p":790000.0,"q":5.59,"b":0.545334507042254,"ms":80.48,"wi":131.96,"ei":6.72,"as":1776.47,"mi":"D","mv":3529,"sc":1,"lpe":19.52,"lpr":221080.23,"lq":2.07,"d":2542506},{"pi":"351577","pc":"Ювелирные изделия","ss":100000,"td":"Фешенебельный район","dc":2,"n":490.15,"vc":"57581","sl":"Элитный","sv":"322","p":770000.0,"q":8.81,"b":1.8,"ms":9.7,"wi":45.61,"ei":8.95,"as":326.91,"mi":"E","mv":3318,"sc":1,"lpe":90.3,"lpr":110026.93,"lq":1.0,"d":2976414},{"pi":"351577","pc":"Ювелирные изделия","ss":130000,"td":"Центр города","dc":2,"n":387.51,"vc":"213291","sl":"Элитный","sv":"1000","p":900000.0,"q":5.83,"b":0.43338,"ms":58.07,"wi":109.74,"ei":6.39,"as":1332.06,"mi":"D","mv":1722,"sc":2,"lpe":18.7,"lpr":1295901.45,"lq":6.42,"d":1607580},{"pi":"351577","pc":"Ювелирные изделия","ss":100000,"td":"Центр города","dc":2,"n":440.67,"vc":"192274","sl":"Элитный","sv":"400","p":1300000.0,"q":10.36,"b":0.0,"ms":23.23,"wi":109.74,"ei":6.39,"as":1332.06,"mi":"D","mv":1722,"sc":2,"lpe":18.7,"lpr":1295901.45,"lq":6.42,"d":1607580},{"pi":"351577","pc":"Ювелирные изделия","ss":100000,"td":"Фешенебельный район","dc":1,"n":610.9,"vc":"144319","sl":"Элитный","sv":"196","p":3104654.94,"q":15.65,"b":0.99,"ms":8.46,"wi":115.61,"ei":6.91,"as":1461.51,"mi":"E","mv":2318,"sc":1,"lpe":91.54,"lpr":229523.96,"lq":2.38,"d":1489874},{"pi":"351577","pc":"Ювелирные изделия","ss":100000,"td":"Фешенебельный район","dc":2,"n":332.06,"vc":"24010","sl":"Элитный","sv":"1100","p":590000.0,"q":17.99,"b":4.28,"ms":22.05,"wi":31.13,"ei":3.43,"as":151.97,"mi":"E","mv":4989,"sc":1,"lpe":77.95,"lpr":234984.71,"lq":2.66,"d":5908898},{"pi":"351577","pc":"Ювелирные изделия","ss":100000,"td":"Фешенебельный район","dc":2,"n":462.49,"vc":"94467","sl":"Элитный","sv":"1000","p":450000.0,"q":17.99,"b":4.25,"ms":10.41,"wi":27.86,"ei":3.43,"as":42.92,"mi":"E","mv":9609,"sc":1,"lpe":89.59,"lpr":185405.34,"lq":1.57,"d":9216794},{"pi":"351577","pc":"Ювелирные изделия","ss":10000,"td":"Фешенебельный район","dc":1,"n":539.95,"vc":"12078","sl":"Элитный","sv":"150","p":3000000.0,"q":12.45,"b":5.17,"ms":16.82,"wi":86.72,"ei":7.1,"as":871.5,"mi":"E","mv":892,"sc":1,"lpe":83.18,"lpr":1263019.53,"lq":5.64,"d":957768},{"pi":"351577","pc":"Ювелирные изделия","ss":100000,"td":"Центр города","dc":1,"n":510.38,"vc":"341786","sl":"Элитный","sv":"100","p":1500000.0,"q":12.35,"b":0.0,"ms":28.82,"wi":93.4,"ei":9.12,"as":1117.2,"mi":"E","mv":347,"sc":1,"lpe":71.18,"lpr":1100201.32,"lq":1.11,"d":384781},{"pi":"351577","pc":"Ювелирные изделия","ss":100000,"td":"Центр города","dc":3,"n":307.75,"vc":"95046","sl":"Элитный","sv":"700","p":428888.0,"q":12.49,"b":4.86,"ms":17.47,"wi":81.91,"ei":8.82,"as":546.4,"mi":"E","mv":4006,"sc":2,"lpe":76.04,"lpr":112974.66,"lq":7.91,"d":2598727},{"pi":"351577","pc":"Ювелирные изделия","ss":100000,"td":"Фешенебельный район","dc":1,"n":581.91,"vc":"132686","sl":"Элитный","sv":"260","p":719999.0,"q":15.4,"b":4.25,"ms":6.49,"wi":81.91,"ei":8.82,"as":546.4,"mi":"E","mv":4006,"sc":2,"lpe":76.04,"lpr":112974.66,"lq":7.91,"d":2598727},{"pi":"351577","pc":"Ювелирные изделия","ss":20000,"td":"Центр города","dc":1,"n":490.66,"vc":"60484","sl":"Элитный","sv":"250","p":1300000.0,"q":5.86,"b":0.7,"ms":91.58,"wi":80.04,"ei":6.62,"as":576.1,"mi":"D","mv":273,"sc":1,"lpe":0.0,"lpr":1058216.08,"lq":1.17,"d":254993},{"pi":"351577","pc":"Ювелирные изделия","ss":20000,"td":"Центр города","dc":1,"n":389.8,"vc":"19561","sl":"Высокий","sv":"84","p":300000.0,"q":1.87,"b":0.0,"ms":18.75,"wi":128.02,"ei":8.82,"as":625.38,"mi":"E","mv":448,"sc":2,"lpe":74.78,"lpr":375410.71,"lq":2.37,"d":311011},{"pi":"351577","pc":"Ювелирные изделия","ss":60000,"td":"Фешенебельный район","dc":1,"n":364.15,"vc":"5287","sl":"Элитный","sv":"29","p":1100000.0,"q":5.94,"b":2.51,"ms":6.47,"wi":128.02,"ei":8.82,"as":625.38,"mi":"E","mv":448,"sc":2,"lpe":74.78,"lpr":375410.71,"lq":2.37,"d":311011},{"pi":"351577","pc":"Ювелирные изделия","ss":100000,"td":"Центр города","dc":2,"n":399.41,"vc":"166576","sl":"Элитный","sv":"144","p":1099999.0,"q":16.98,"b":4.43,"ms":10.33,"wi":44.53,"ei":12.04,"as":405.27,"mi":"E","mv":1394,"sc":2,"lpe":87.52,"lpr":128089.67,"lq":1.3,"d":3315370},{"pi":"351577","pc":"Ювелирные изделия","ss":100000,"td":"Фешенебельный район","dc":2,"n":483.35,"vc":"56011","sl":"Очень высокий","sv":"30","p":1500000.0,"q":8.81,"b":1.67,"ms":2.15,"wi":44.53,"ei":12.04,"as":405.27,"mi":"E","mv":1394,"sc":2,"lpe":87.52,"lpr":128089.67,"lq":1.3,"d":3315370},{"pi":"351577","pc":"Ювелирные изделия","ss":100000,"td":"Центр города","dc":2,"n":419.31,"vc":"181583","sl":"Элитный","sv":"390","p":1399999.0,"q":16.98,"b":4.43,"ms":42.86,"wi":38.91,"ei":11.6,"as":316.91,"mi":"E","mv":910,"sc":2,"lpe":54.73,"lpr":554793.83,"lq":6.56,"d":2455208},{"pi":"351577","pc":"Ювелирные изделия","ss":100000,"td":"Фешенебельный район","dc":2,"n":516.65,"vc":"69448","sl":"Элитный","sv":"22","p":1500000.0,"q":8.81,"b":1.67,"ms":2.42,"wi":38.91,"ei":11.6,"as":316.91,"mi":"E","mv":910,"sc":2,"lpe":54.73,"lpr":554793.83,"lq":6.56,"d":2455208},{"pi":"351577","pc":"Ювелирные изделия","ss":20000,"td":"Окраина","dc":10,"n":251.19,"vc":"10233","sl":"Очень низкий","sv":"4","p":200000.0,"q":2.76,"b":0.0,"ms":2.45,"wi":21.21,"ei":4.62,"as":206.96,"mi":"E","mv":163,"sc":1,"lpe":97.55,"lpr":724877.93,"lq":1.0,"d":1571900},{"pi":"351577","pc":"Ювелирные изделия","ss":10000,"td":"Фешенебельный район","dc":1,"n":425.33,"vc":"5100","sl":"Элитный","sv":"341","p":1200000.0,"q":5.41,"b":1.02475073313783,"ms":59.3,"wi":108.65,"ei":7.35,"as":1291.6,"mi":"D","mv":575,"sc":2,"lpe":36.87,"lpr":1369245.44,"lq":3.98,"d":1033752},{"pi":"351577","pc":"Ювелирные изделия","ss":900,"td":"Фешенебельный район","dc":1,"n":341.37,"vc":"389","sl":"Элитный","sv":"22","p":1300100.0,"q":12.5,"b":0.64,"ms":3.83,"wi":108.65,"ei":7.35,"as":1291.6,"mi":"D","mv":575,"sc":2,"lpe":36.87,"lpr":1369245.44,"lq":3.98,"d":1033752},{"pi":"351577","pc":"Ювелирные изделия","ss":10000,"td":"Фешенебельный район","dc":1,"n":435.09,"vc":"5600","sl":"Элитный","sv":"535","p":960000.0,"q":5.62,"b":1.11229906542056,"ms":37.33,"wi":109.29,"ei":6.7,"as":1597.06,"mi":"E","mv":1433,"sc":2,"lpe":62.46,"lpr":952085.79,"lq":2.04,"d":976806},{"pi":"351577","pc":"Ювелирные изделия","ss":500,"td":"Фешенебельный район","dc":3,"n":248.63,"vc":"167","sl":"Элитный","sv":"3","p":500000.0,"q":7.83,"b":0.0,"ms":0.21,"wi":109.29,"ei":6.7,"as":1597.06,"mi":"E","mv":1433,"sc":2,"lpe":62.46,"lpr":952085.79,"lq":2.04,"d":976806},{"pi":"351577","pc":"Ювелирные изделия","ss":100000,"td":"Центр города","dc":1,"n":413.83,"vc":"274310","sl":"Элитный","sv":"1040","p":2500000.0,"q":19.52,"b":5.45,"ms":38.85,"wi":57.01,"ei":11.71,"as":410.0,"mi":"E","mv":2677,"sc":1,"lpe":61.15,"lpr":369362.26,"lq":9.12,"d":2912574},{"pi":"351577","pc":"Ювелирные изделия","ss":10000,"td":"Фешенебельный район","dc":2,"n":482.69,"vc":"5223","sl":"Элитный","sv":"115","p":1000000.0,"q":5.78,"b":0.590086956521739,"ms":100.0,"wi":43.38,"ei":10.73,"as":651.69,"mi":"C","mv":115,"sc":1,"lpe":0.0,"lpr":503178.5,"lq":1.67,"d":391536},{"pi":"351577","pc":"Ювелирные изделия","ss":100000,"td":"Центр города","dc":1,"n":557.45,"vc":"446457","sl":"Высокий","sv":"401","p":565000.0,"q":3.15,"b":0.0,"ms":88.33,"wi":96.34,"ei":7.3,"as":643.27,"mi":"D","mv":454,"sc":2,"lpe":11.01,"lpr":698436.35,"lq":2.29,"d":286767},{"pi":"351577","pc":"Ювелирные изделия","ss":22000,"td":"Фешенебельный район","dc":3,"n":512.5,"vc":"11397","sl":"Очень высокий","sv":"3","p":350000.0,"q":2.76,"b":0.0,"ms":0.66,"wi":96.34,"ei":7.3,"as":643.27,"mi":"D","mv":454,"sc":2,"lpe":11.01,"lpr":698436.35,"lq":2.29,"d":286767},{"pi":"351577","pc":"Ювелирные изделия","ss":900,"td":"Фешенебельный район","dc":2,"n":404.89,"vc":"306","sl":"Элитный","sv":"43","p":700000.0,"q":8.61,"b":3.49,"ms":46.24,"wi":56.47,"ei":7.19,"as":613.83,"mi":"E","mv":93,"sc":1,"lpe":53.76,"lpr":706856.4,"lq":4.93,"d":169390},{"pi":"351577","pc":"Ювелирные изделия","ss":100000,"td":"Фешенебельный район","dc":2,"n":459.61,"vc":"37116","sl":"Элитный","sv":"221","p":490000.0,"q":8.15,"b":0.0,"ms":99.55,"wi":44.01,"ei":9.67,"as":466.68,"mi":"D","mv":222,"sc":1,"lpe":0.0,"lpr":556109.0,"lq":2.31,"d":616831},{"pi":"351577","pc":"Ювелирные изделия","ss":20000,"td":"Центр города","dc":1,"n":473.05,"vc":"50194","sl":"Элитный","sv":"190","p":1200000.0,"q":5.87,"b":0.798,"ms":92.68,"wi":89.53,"ei":6.95,"as":721.1,"mi":"D","mv":205,"sc":2,"lpe":0.0,"lpr":1114854.52,"lq":2.08,"d":214816},{"pi":"351577","pc":"Ювелирные изделия","ss":10000,"td":"Центр города","dc":1,"n":414.86,"vc":"18920","sl":"Высокий","sv":"10","p":465000.0,"q":1.74,"b":0.0,"ms":4.88,"wi":89.53,"ei":6.95,"as":721.1,"mi":"D","mv":205,"sc":2,"lpe":0.0,"lpr":1114854.52,"lq":2.08,"d":214816},{"pi":"351577","pc":"Ювелирные изделия","ss":100000,"td":"Фешенебельный район","dc":2,"n":647.84,"vc":"124387","sl":"Высокий","sv":"77","p":999999.99,"q":14.92,"b":4.25,"ms":14.08,"wi":76.2,"ei":6.91,"as":607.06,"mi":"E","mv":547,"sc":2,"lpe":85.56,"lpr":91997.65,"lq":1.03,"d":353178},{"pi":"351577","pc":"Ювелирные изделия","ss":100000,"td":"Фешенебельный район","dc":2,"n":609.83,"vc":"86304","sl":"Элитный","sv":"2","p":1500000.0,"q":8.81,"b":1.5,"ms":0.37,"wi":76.2,"ei":6.91,"as":607.06,"mi":"E","mv":547,"sc":2,"lpe":85.56,"lpr":91997.65,"lq":1.03,"d":353178},{"pi":"351577","pc":"Ювелирные изделия","ss":1000,"td":"Фешенебельный район","dc":2,"n":300.15,"vc":"303","sl":"Элитный","sv":"19","p":500000.0,"q":5.59,"b":2.86105263157895,"ms":8.33,"wi":72.22,"ei":7.14,"as":514.5,"mi":"E","mv":228,"sc":2,"lpe":91.23,"lpr":614302.65,"lq":1.17,"d":226600},{"pi":"351577","pc":"Ювелирные изделия","ss":1000,"td":"Фешенебельный район","dc":2,"n":300.23,"vc":"303","sl":"Элитный","sv":"1","p":500000.0,"q":6.47,"b":3.02,"ms":0.44,"wi":72.22,"ei":7.14,"as":514.5,"mi":"E","mv":228,"sc":2,"lpe":91.23,"lpr":614302.65,"lq":1.17,"d":226600},{"pi":"351577","pc":"Ювелирные изделия","ss":100000,"td":"Фешенебельный район","dc":2,"n":449.98,"vc":"36735","sl":"Элитный","sv":"300","p":2000000.0,"q":5.85,"b":1.176,"ms":92.59,"wi":73.8,"ei":7.67,"as":1128.17,"mi":"D","mv":324,"sc":1,"lpe":0.0,"lpr":1742980.62,"lq":1.43,"d":940429},{"pi":"351577","pc":"Ювелирные изделия","ss":1000,"td":"Фешенебельный район","dc":1,"n":165.18,"vc":"158","sl":"Элитный","sv":"1","p":1000000.0,"q":6.04,"b":1.16,"ms":0.09,"wi":89.51,"ei":7.06,"as":573.3,"mi":"E","mv":1082,"sc":1,"lpe":99.91,"lpr":1357379.87,"lq":1.0,"d":978294},{"pi":"351577","pc":"Ювелирные изделия","ss":10000,"td":"Фешенебельный район","dc":1,"n":469.3,"vc":"3776","sl":"Элитный","sv":"210","p":760000.0,"q":5.85,"b":0.294,"ms":93.33,"wi":67.08,"ei":7.11,"as":463.53,"mi":"D","mv":225,"sc":1,"lpe":0.0,"lpr":432587.76,"lq":1.71,"d":179268},{"pi":"351577","pc":"Ювелирные изделия","ss":100000,"td":"Центр города","dc":1,"n":529.21,"vc":"473184","sl":"Очень высокий","sv":"250","p":855555.55,"q":14.92,"b":5.92,"ms":7.78,"wi":51.89,"ei":9.72,"as":380.0,"mi":"E","mv":3215,"sc":1,"lpe":92.22,"lpr":219395.72,"lq":1.0,"d":1850212},{"pi":"351577","pc":"Ювелирные изделия","ss":210000,"td":"Центр города","dc":2,"n":406.54,"vc":"606996","sl":"Очень высокий","sv":"1701","p":600000.0,"q":5.83,"b":0.125714285714286,"ms":39.99,"wi":89.14,"ei":7.05,"as":1247.63,"mi":"D","mv":4254,"sc":3,"lpe":24.75,"lpr":608214.14,"lq":5.38,"d":5900984},{"pi":"351577","pc":"Ювелирные изделия","ss":100000,"td":"Центр города","dc":2,"n":236.82,"vc":"42688","sl":"Элитный","sv":"1272","p":1600000.0,"q":8.52,"b":2.4,"ms":29.9,"wi":89.14,"ei":7.05,"as":1247.63,"mi":"D","mv":4254,"sc":3,"lpe":24.75,"lpr":608214.14,"lq":5.38,"d":5900984},{"pi":"351577","pc":"Ювелирные изделия","ss":100000,"td":"Фешенебельный район","dc":1,"n":675.59,"vc":"652820","sl":"Очень высокий","sv":"228","p":9000000.0,"q":18.09,"b":2.09,"ms":5.36,"wi":89.14,"ei":7.05,"as":1247.63,"mi":"D","mv":4254,"sc":3,"lpe":24.75,"lpr":608214.14,"lq":5.38,"d":5900984},{"pi":"351577","pc":"Ювелирные изделия","ss":100000,"td":"Фешенебельный район","dc":2,"n":627.27,"vc":"138465","sl":"Элитный","sv":"100","p":2000000.0,"q":12.35,"b":0.0,"ms":48.78,"wi":109.38,"ei":8.5,"as":1102.5,"mi":"E","mv":205,"sc":1,"lpe":51.22,"lpr":1170840.44,"lq":1.13,"d":265020},{"pi":"351577","pc":"Ювелирные изделия","ss":100000,"td":"Фешенебельный район","dc":3,"n":425.54,"vc":"26295","sl":"Элитный","sv":"341","p":650000.0,"q":8.13,"b":0.0,"ms":99.71,"wi":55.9,"ei":7.11,"as":492.05,"mi":"C","mv":342,"sc":1,"lpe":0.0,"lpr":795118.84,"lq":2.32,"d":587440},{"pi":"351577","pc":"Ювелирные изделия","ss":100000,"td":"Центр города","dc":2,"n":487.1,"vc":"258898","sl":"Очень высокий","sv":"108","p":599999.99,"q":15.26,"b":4.54,"ms":5.8,"wi":54.96,"ei":10.13,"as":422.1,"mi":"E","mv":1863,"sc":1,"lpe":94.2,"lpr":372355.85,"lq":1.0,"d":1050481},{"pi":"351577","pc":"Ювелирные изделия","ss":100000,"td":"Центр города","dc":1,"n":504.28,"vc":"454002","sl":"Очень высокий","sv":"255","p":1300000.0,"q":19.52,"b":4.66,"ms":19.78,"wi":62.28,"ei":8.99,"as":967.35,"mi":"E","mv":1289,"sc":2,"lpe":71.84,"lpr":333225.66,"lq":3.16,"d":1023950},{"pi":"351577","pc":"Ювелирные изделия","ss":10000,"td":"Фешенебельный район","dc":2,"n":411.18,"vc":"4770","sl":"Элитный","sv":"108","p":425000.0,"q":4.15,"b":0.407407407407407,"ms":8.38,"wi":62.28,"ei":8.99,"as":967.35,"mi":"E","mv":1289,"sc":2,"lpe":71.84,"lpr":333225.66,"lq":3.16,"d":1023950},{"pi":"351577","pc":"Ювелирные изделия","ss":30000,"td":"Центр города","dc":1,"n":404.35,"vc":"36375","sl":"Элитный","sv":"150","p":235000.0,"q":5.81,"b":0.544,"ms":81.97,"wi":74.03,"ei":6.9,"as":1107.15,"mi":"AA","mv":183,"sc":2,"lpe":0.0,"lpr":70050.19,"lq":2.18,"d":173342},{"pi":"351577","pc":"Ювелирные изделия","ss":100000,"td":"Фешенебельный район","dc":3,"n":468.68,"vc":"25971","sl":"Элитный","sv":"33","p":270000.0,"q":8.16,"b":0.0,"ms":18.03,"wi":74.03,"ei":6.9,"as":1107.15,"mi":"AA","mv":183,"sc":2,"lpe":0.0,"lpr":70050.19,"lq":2.18,"d":173342},{"pi":"351577","pc":"Ювелирные изделия","ss":100000,"td":"Фешенебельный район","dc":8,"n":397.06,"vc":"23898","sl":"Очень низкий","sv":"4","p":250000.0,"q":3.56,"b":0.0,"ms":1.57,"wi":19.23,"ei":4.49,"as":270.88,"mi":"E","mv":255,"sc":1,"lpe":98.43,"lpr":303761.47,"lq":1.0,"d":1469374},{"pi":"351577","pc":"Ювелирные изделия","ss":20000,"td":"Центр города","dc":1,"n":409.66,"vc":"49377","sl":"Элитный","sv":"594","p":780000.0,"q":5.21,"b":1.5683164983165,"ms":49.21,"wi":88.01,"ei":6.7,"as":1123.0,"mi":"E","mv":1207,"sc":2,"lpe":50.7,"lpr":193594.02,"lq":1.76,"d":873551},{"pi":"351577","pc":"Ювелирные изделия","ss":100000,"td":"Фешенебельный район","dc":1,"n":620.89,"vc":"131788","sl":"Элитный","sv":"1","p":5000000.0,"q":15.69,"b":6.79,"ms":0.08,"wi":88.01,"ei":6.7,"as":1123.0,"mi":"E","mv":1207,"sc":2,"lpe":50.7,"lpr":193594.02,"lq":1.76,"d":873551},{"pi":"351577","pc":"Ювелирные изделия","ss":140000,"td":"Центр города","dc":2,"n":383.73,"vc":"180070","sl":"Элитный","sv":"1150","p":1200000.0,"q":5.83,"b":1.76285217391304,"ms":96.72,"wi":88.74,"ei":6.0,"as":1057.94,"mi":"D","mv":1189,"sc":1,"lpe":0.0,"lpr":1098140.03,"lq":2.06,"d":930610},{"pi":"351577","pc":"Ювелирные изделия","ss":10000,"td":"Центр города","dc":1,"n":420.86,"vc":"26116","sl":"Элитный","sv":"500","p":430000.0,"q":10.0,"b":2.04,"ms":18.64,"wi":45.03,"ei":10.64,"as":673.75,"mi":"E","mv":2682,"sc":1,"lpe":81.36,"lpr":90196.7,"lq":1.17,"d":2541514},{"pi":"351577","pc":"Ювелирные изделия","ss":20000,"td":"Центр города","dc":1,"n":436.77,"vc":"35229","sl":"Элитный","sv":"250","p":1700000.0,"q":5.86,"b":0.7,"ms":91.91,"wi":101.72,"ei":7.3,"as":549.44,"mi":"D","mv":272,"sc":1,"lpe":0.0,"lpr":1013597.95,"lq":1.58,"d":185081},{"pi":"351577","pc":"Ювелирные изделия","ss":10000,"td":"Центр города","dc":1,"n":425.54,"vc":"55912","sl":"Высокий","sv":"1050","p":500000.0,"q":19.52,"b":5.26,"ms":19.85,"wi":59.25,"ei":8.02,"as":811.4,"mi":"E","mv":5289,"sc":7,"lpe":66.61,"lpr":264929.7,"lq":2.88,"d":4968783},{"pi":"351577","pc":"Ювелирные изделия","ss":10000,"td":"Центр города","dc":1,"n":254.24,"vc":"15752","sl":"Элитный","sv":"601","p":300000.0,"q":8.37,"b":0.0,"ms":11.36,"wi":59.25,"ei":8.02,"as":811.4,"mi":"E","mv":5289,"sc":7,"lpe":66.61,"lpr":264929.7,"lq":2.88,"d":4968783},{"pi":"351577","pc":"Ювелирные изделия","ss":9800,"td":"Фешенебельный район","dc":7,"n":273.44,"vc":"2690","sl":"Элитный","sv":"49","p":316000.0,"q":7.83,"b":0.0,"ms":0.93,"wi":59.25,"ei":8.02,"as":811.4,"mi":"E","mv":5289,"sc":7,"lpe":66.61,"lpr":264929.7,"lq":2.88,"d":4968783},{"pi":"351577","pc":"Ювелирные изделия","ss":10000,"td":"Центр города","dc":2,"n":360.61,"vc":"34592","sl":"Нормальный","sv":"46","p":170000.0,"q":2.88,"b":0.0,"ms":0.87,"wi":59.25,"ei":8.02,"as":811.4,"mi":"E","mv":5289,"sc":7,"lpe":66.61,"lpr":264929.7,"lq":2.88,"d":4968783},{"pi":"351577","pc":"Ювелирные изделия","ss":9000,"td":"Центр города","dc":9,"n":102.01,"vc":"4869","sl":"Нормальный","sv":"10","p":296000.0,"q":10.09,"b":0.0,"ms":0.19,"wi":59.25,"ei":8.02,"as":811.4,"mi":"E","mv":5289,"sc":7,"lpe":66.61,"lpr":264929.7,"lq":2.88,"d":4968783},{"pi":"351577","pc":"Ювелирные изделия","ss":10000,"td":"Спальный район","dc":7,"n":74.52,"vc":"3128","sl":"Элитный","sv":"6","p":120000.0,"q":5.96,"b":0.115,"ms":0.11,"wi":59.25,"ei":8.02,"as":811.4,"mi":"E","mv":5289,"sc":7,"lpe":66.61,"lpr":264929.7,"lq":2.88,"d":4968783},{"pi":"351577","pc":"Ювелирные изделия","ss":700,"td":"Центр города","dc":1,"n":131.17,"vc":"1164","sl":"Очень высокий","sv":"4","p":6700.0,"q":4.29,"b":1.24,"ms":0.08,"wi":59.25,"ei":8.02,"as":811.4,"mi":"E","mv":5289,"sc":7,"lpe":66.61,"lpr":264929.7,"lq":2.88,"d":4968783},{"pi":"351577","pc":"Ювелирные изделия","ss":30000,"td":"Центр города","dc":1,"n":438.1,"vc":"52158","sl":"Элитный","sv":"246","p":1300000.0,"q":5.86,"b":1.07674796747967,"ms":99.19,"wi":65.31,"ei":5.25,"as":522.9,"mi":"D","mv":248,"sc":1,"lpe":0.0,"lpr":662780.99,"lq":1.94,"d":216300},{"pi":"351577","pc":"Ювелирные изделия","ss":60000,"td":"Центр города","dc":1,"n":147.18,"vc":"9314","sl":"Элитный","sv":"1","p":400000.0,"q":5.78,"b":1.51,"ms":0.08,"wi":77.34,"ei":6.53,"as":961.05,"mi":"E","mv":1285,"sc":1,"lpe":99.92,"lpr":1222758.06,"lq":1.0,"d":1923606},{"pi":"351577","pc":"Ювелирные изделия","ss":100000,"td":"Фешенебельный район","dc":1,"n":668.51,"vc":"500271","sl":"Очень высокий","sv":"247","p":1.55E7,"q":18.26,"b":1.95,"ms":6.98,"wi":107.69,"ei":6.45,"as":681.19,"mi":"E","mv":3538,"sc":2,"lpe":92.51,"lpr":836296.01,"lq":2.01,"d":3351144},{"pi":"351577","pc":"Ювелирные изделия","ss":100000,"td":"Центр города","dc":1,"n":240.84,"vc":"36397","sl":"Элитный","sv":"18","p":9000000.0,"q":10.04,"b":0.44,"ms":0.51,"wi":107.69,"ei":6.45,"as":681.19,"mi":"E","mv":3538,"sc":2,"lpe":92.51,"lpr":836296.01,"lq":2.01,"d":3351144},{"pi":"351577","pc":"Ювелирные изделия","ss":100000,"td":"Фешенебельный район","dc":2,"n":386.21,"vc":"32480","sl":"Очень высокий","sv":"674","p":1500000.0,"q":12.85,"b":0.0259347181008902,"ms":29.7,"wi":66.64,"ei":6.73,"as":726.6,"mi":"E","mv":2269,"sc":1,"lpe":70.3,"lpr":1103832.23,"lq":1.0,"d":3164786},{"pi":"351577","pc":"Ювелирные изделия","ss":200000,"td":"Центр города","dc":2,"n":462.86,"vc":"294231","sl":"Элитный","sv":"693","p":1950000.0,"q":5.56,"b":1.44822510822511,"ms":100.0,"wi":191.47,"ei":9.72,"as":2008.97,"mi":"AA","mv":693,"sc":1,"lpe":0.0,"lpr":1965236.16,"lq":1.85,"d":501060},{"pi":"351577","pc":"Ювелирные изделия","ss":130000,"td":"Центр города","dc":2,"n":376.46,"vc":"81920","sl":"Элитный","sv":"90","p":1600000.0,"q":5.92,"b":1.554,"ms":90.91,"wi":82.76,"ei":8.95,"as":1393.7,"mi":"D","mv":99,"sc":1,"lpe":0.0,"lpr":1302226.46,"lq":1.14,"d":272012},{"pi":"351577","pc":"Ювелирные изделия","ss":100000,"td":"Фешенебельный район","dc":3,"n":495.28,"vc":"37430","sl":"Элитный","sv":"107","p":800000.0,"q":8.13,"b":0.0,"ms":100.0,"wi":55.05,"ei":6.69,"as":836.95,"mi":"A","mv":107,"sc":1,"lpe":0.0,"lpr":1008523.49,"lq":2.06,"d":237098},{"pi":"351577","pc":"Ювелирные изделия","ss":100000,"td":"Центр города","dc":2,"n":467.21,"vc":"409371","sl":"Очень высокий","sv":"2374","p":1500000.0,"q":10.39,"b":1.59,"ms":71.57,"wi":127.75,"ei":7.06,"as":1642.86,"mi":"D","mv":3317,"sc":1,"lpe":28.43,"lpr":371982.93,"lq":5.46,"d":2109186},{"pi":"351577","pc":"Ювелирные изделия","ss":52200,"td":"Центр города","dc":3,"n":103.57,"vc":"9461","sl":"Очень высокий","sv":"169","p":621513.0,"q":8.39,"b":0.0,"ms":2.73,"wi":40.67,"ei":5.73,"as":513.32,"mi":"E","mv":6194,"sc":3,"lpe":94.61,"lpr":606595.19,"lq":1.0,"d":7527186},{"pi":"351577","pc":"Ювелирные изделия","ss":100000,"td":"Центр города","dc":1,"n":461.83,"vc":"404507","sl":"Высокий","sv":"150","p":899999.0,"q":14.92,"b":5.1,"ms":2.42,"wi":40.67,"ei":5.73,"as":513.32,"mi":"E","mv":6194,"sc":3,"lpe":94.61,"lpr":606595.19,"lq":1.0,"d":7527186},{"pi":"351577","pc":"Ювелирные изделия","ss":10000,"td":"Центр города","dc":2,"n":115.76,"vc":"4795","sl":"Очень высокий","sv":"15","p":520000.0,"q":8.4,"b":0.0,"ms":0.24,"wi":40.67,"ei":5.73,"as":513.32,"mi":"E","mv":6194,"sc":3,"lpe":94.61,"lpr":606595.19,"lq":1.0,"d":7527186},{"pi":"351577","pc":"Ювелирные изделия","ss":2000,"td":"Фешенебельный район","dc":7,"n":522.82,"vc":"1660","sl":"Нормальный","sv":"4","p":250000.0,"q":7.48,"b":0.0,"ms":0.8,"wi":37.29,"ei":6.64,"as":291.84,"mi":"E","mv":503,"sc":1,"lpe":99.2,"lpr":326032.53,"lq":1.0,"d":561444},{"pi":"351577","pc":"Ювелирные изделия","ss":100000,"td":"Фешенебельный район","dc":1,"n":626.4,"vc":"104921","sl":"Элитный","sv":"166","p":700000.0,"q":15.74,"b":6.61,"ms":21.73,"wi":80.42,"ei":5.0,"as":541.41,"mi":"E","mv":764,"sc":1,"lpe":78.27,"lpr":65255.94,"lq":8.55,"d":457963},{"pi":"351577","pc":"Ювелирные изделия","ss":20000,"td":"Центр города","dc":1,"n":461.33,"vc":"56164","sl":"Элитный","sv":"289","p":165000.0,"q":3.12,"b":0.388996539792388,"ms":53.72,"wi":103.61,"ei":7.21,"as":1060.24,"mi":"AAA","mv":538,"sc":3,"lpe":0.0,"lpr":86120.39,"lq":3.81,"d":387200},{"pi":"351577","pc":"Ювелирные изделия","ss":100000,"td":"Центр города","dc":2,"n":508.74,"vc":"224791","sl":"Низкий","sv":"166","p":140828.2,"q":8.52,"b":3.05,"ms":30.86,"wi":103.61,"ei":7.21,"as":1060.24,"mi":"AAA","mv":538,"sc":3,"lpe":0.0,"lpr":86120.39,"lq":3.81,"d":387200},{"pi":"351577","pc":"Ювелирные изделия","ss":100000,"td":"Центр города","dc":2,"n":489.35,"vc":"186555","sl":"Элитный","sv":"83","p":500000.0,"q":8.09,"b":1.86975903614458,"ms":15.43,"wi":103.61,"ei":7.21,"as":1060.24,"mi":"AAA","mv":538,"sc":3,"lpe":0.0,"lpr":86120.39,"lq":3.81,"d":387200},{"pi":"351577","pc":"Ювелирные изделия","ss":10000,"td":"Фешенебельный район","dc":4,"n":550.5,"vc":"5337","sl":"Элитный","sv":"70","p":170000.0,"q":6.36,"b":0.0,"ms":45.16,"wi":22.26,"ei":6.08,"as":509.37,"mi":"E","mv":155,"sc":2,"lpe":54.19,"lpr":61974.99,"lq":1.59,"d":944097},{"pi":"351577","pc":"Ювелирные изделия","ss":10000,"td":"Фешенебельный район","dc":10,"n":615.35,"vc":"12933","sl":"Нормальный","sv":"1","p":200000.0,"q":3.13,"b":0.0,"ms":0.65,"wi":22.26,"ei":6.08,"as":509.37,"mi":"E","mv":155,"sc":2,"lpe":54.19,"lpr":61974.99,"lq":1.59,"d":944097},{"pi":"351577","pc":"Ювелирные изделия","ss":20000,"td":"Центр города","dc":1,"n":435.85,"vc":"48400","sl":"Элитный","sv":"600","p":1500000.0,"q":5.84,"b":1.078,"ms":82.42,"wi":81.36,"ei":6.0,"as":546.98,"mi":"D","mv":728,"sc":1,"lpe":17.58,"lpr":660269.16,"lq":2.99,"d":453298},{"pi":"351577","pc":"Ювелирные изделия","ss":30000,"td":"Центр города","dc":1,"n":327.45,"vc":"34444","sl":"Элитный","sv":"909","p":520000.0,"q":5.83,"b":0.475027502750275,"ms":100.0,"wi":54.58,"ei":6.32,"as":613.74,"mi":"C","mv":909,"sc":1,"lpe":0.0,"lpr":518154.18,"lq":2.31,"d":936174},{"pi":"351577","pc":"Ювелирные изделия","ss":1000,"td":"Центр города","dc":1,"n":590.51,"vc":"8577","sl":"Низкий","sv":"100","p":850000.0,"q":19.52,"b":6.38,"ms":43.48,"wi":100.73,"ei":10.74,"as":1420.16,"mi":"E","mv":230,"sc":1,"lpe":56.52,"lpr":667066.6,"lq":8.22,"d":130817},{"pi":"351577","pc":"Ювелирные изделия","ss":1000,"td":"Центр города","dc":1,"n":684.1,"vc":"9636","sl":"Низкий","sv":"25","p":1350000.0,"q":19.49,"b":6.38,"ms":42.37,"wi":67.84,"ei":8.33,"as":1042.93,"mi":"E","mv":59,"sc":1,"lpe":57.63,"lpr":198531.4,"lq":3.21,"d":40416},{"pi":"351577","pc":"Ювелирные изделия","ss":5300,"td":"Центр города","dc":2,"n":539.68,"vc":"27170","sl":"Нормальный","sv":"13","p":265000.0,"q":3.97,"b":0.0,"ms":9.22,"wi":32.19,"ei":4.64,"as":192.02,"mi":"E","mv":141,"sc":1,"lpe":90.78,"lpr":271341.7,"lq":1.0,"d":189728},{"pi":"351577","pc":"Ювелирные изделия","ss":220000,"td":"Центр города","dc":2,"n":398.69,"vc":"622662","sl":"Очень высокий","sv":"5747","p":900000.0,"q":5.75,"b":0.00683487036714808,"ms":95.72,"wi":51.76,"ei":4.41,"as":655.66,"mi":"A","mv":6004,"sc":3,"lpe":0.0,"lpr":608695.37,"lq":1.8,"d":7172110},{"pi":"351577","pc":"Ювелирные изделия","ss":100000,"td":"Фешенебельный район","dc":2,"n":549.49,"vc":"138594","sl":"Нормальный","sv":"191","p":1850000.0,"q":14.15,"b":4.18,"ms":3.18,"wi":51.76,"ei":4.41,"as":655.66,"mi":"A","mv":6004,"sc":3,"lpe":0.0,"lpr":608695.37,"lq":1.8,"d":7172110},{"pi":"351577","pc":"Ювелирные изделия","ss":13000,"td":"Центр города","dc":2,"n":279.84,"vc":"18626","sl":"Элитный","sv":"66","p":380000.0,"q":1.0,"b":0.0,"ms":1.1,"wi":51.76,"ei":4.41,"as":655.66,"mi":"A","mv":6004,"sc":3,"lpe":0.0,"lpr":608695.37,"lq":1.8,"d":7172110},{"pi":"351577","pc":"Ювелирные изделия","ss":50000,"td":"Фешенебельный район","dc":2,"n":528.3,"vc":"47840","sl":"Элитный","sv":"244","p":699999.99,"q":14.92,"b":4.09,"ms":5.36,"wi":60.25,"ei":9.36,"as":614.31,"mi":"E","mv":4549,"sc":2,"lpe":94.61,"lpr":619407.83,"lq":1.0,"d":3832748},{"pi":"351577","pc":"Ювелирные изделия","ss":110000,"td":"Фешенебельный район","dc":1,"n":155.21,"vc":"2644","sl":"Элитный","sv":"1","p":570000.0,"q":7.08,"b":1.35,"ms":0.02,"wi":60.25,"ei":9.36,"as":614.31,"mi":"E","mv":4549,"sc":2,"lpe":94.61,"lpr":619407.83,"lq":1.0,"d":3832748},{"pi":"351577","pc":"Ювелирные изделия","ss":140000,"td":"Центр города","dc":2,"n":408.37,"vc":"139002","sl":"Элитный","sv":"150","p":850000.0,"q":5.86,"b":0.427,"ms":84.75,"wi":39.55,"ei":4.38,"as":267.33,"mi":"D","mv":177,"sc":1,"lpe":15.25,"lpr":721206.78,"lq":2.77,"d":219870},{"pi":"351577","pc":"Ювелирные изделия","ss":100000,"td":"Центр города","dc":1,"n":422.67,"vc":"503895","sl":"Очень высокий","sv":"1200","p":555000.0,"q":19.52,"b":4.14,"ms":5.93,"wi":39.97,"ei":5.34,"as":208.05,"mi":"E","mv":20243,"sc":4,"lpe":89.17,"lpr":214318.78,"lq":2.06,"d":12982716},{"pi":"351577","pc":"Ювелирные изделия","ss":100000,"td":"Центр города","dc":7,"n":285.44,"vc":"134666","sl":"Высокий","sv":"657","p":150000.0,"q":10.9,"b":4.78,"ms":3.25,"wi":39.97,"ei":5.34,"as":208.05,"mi":"E","mv":20243,"sc":4,"lpe":89.17,"lpr":214318.78,"lq":2.06,"d":12982716},{"pi":"351577","pc":"Ювелирные изделия","ss":10000,"td":"Центр города","dc":1,"n":285.1,"vc":"20302","sl":"Очень высокий","sv":"333","p":486242.98,"q":6.38,"b":0.0,"ms":1.65,"wi":39.97,"ei":5.34,"as":208.05,"mi":"E","mv":20243,"sc":4,"lpe":89.17,"lpr":214318.78,"lq":2.06,"d":12982716},{"pi":"351577","pc":"Ювелирные изделия","ss":100000,"td":"Фешенебельный район","dc":3,"n":228.17,"vc":"7765","sl":"Элитный","sv":"3","p":906775.74,"q":9.33,"b":1.17,"ms":0.01,"wi":39.97,"ei":5.34,"as":208.05,"mi":"E","mv":20243,"sc":4,"lpe":89.17,"lpr":214318.78,"lq":2.06,"d":12982716},{"pi":"351577","pc":"Ювелирные изделия","ss":100000,"td":"Фешенебельный район","dc":2,"n":663.79,"vc":"177981","sl":"Элитный","sv":"100","p":2000000.0,"q":12.35,"b":0.0,"ms":74.63,"wi":91.67,"ei":8.6,"as":997.5,"mi":"D","mv":134,"sc":1,"lpe":25.37,"lpr":885554.9,"lq":1.11,"d":199100},{"pi":"351577","pc":"Ювелирные изделия","ss":50000,"td":"Центр города","dc":1,"n":488.81,"vc":"211888","sl":"Очень высокий","sv":"1808","p":61771.41,"q":3.57,"b":0.808429203539823,"ms":85.69,"wi":113.29,"ei":8.52,"as":2226.16,"mi":"AA","mv":2110,"sc":2,"lpe":0.0,"lpr":76115.36,"lq":3.29,"d":1235082},{"pi":"351577","pc":"Ювелирные изделия","ss":100000,"td":"Фешенебельный район","dc":1,"n":487.26,"vc":"57736","sl":"Элитный","sv":"300","p":450000.0,"q":10.4,"b":1.94,"ms":14.22,"wi":113.29,"ei":8.52,"as":2226.16,"mi":"AA","mv":2110,"sc":2,"lpe":0.0,"lpr":76115.36,"lq":3.29,"d":1235082},{"pi":"351577","pc":"Ювелирные изделия","ss":100000,"td":"Фешенебельный район","dc":1,"n":564.05,"vc":"122274","sl":"Элитный","sv":"632","p":470000.0,"q":10.08,"b":1.94,"ms":36.05,"wi":100.56,"ei":8.23,"as":1206.09,"mi":"E","mv":1753,"sc":1,"lpe":63.95,"lpr":67710.06,"lq":5.31,"d":1395634},{"pi":"351577","pc":"Ювелирные изделия","ss":100000,"td":"Центр города","dc":2,"n":456.88,"vc":"356432","sl":"Очень высокий","sv":"618","p":500000.0,"q":10.31,"b":3.87,"ms":21.08,"wi":78.65,"ei":6.43,"as":351.11,"mi":"E","mv":2932,"sc":2,"lpe":68.69,"lpr":71015.93,"lq":2.76,"d":1885836},{"pi":"351577","pc":"Ювелирные изделия","ss":100000,"td":"Центр города","dc":1,"n":398.95,"vc":"204192","sl":"Очень высокий","sv":"300","p":500000.0,"q":8.65,"b":4.79,"ms":10.23,"wi":78.65,"ei":6.43,"as":351.11,"mi":"E","mv":2932,"sc":2,"lpe":68.69,"lpr":71015.93,"lq":2.76,"d":1885836},{"pi":"351577","pc":"Ювелирные изделия","ss":100000,"td":"Фешенебельный район","dc":2,"n":513.66,"vc":"88644","sl":"Элитный","sv":"1154","p":480000.0,"q":10.37,"b":2.79,"ms":42.07,"wi":98.78,"ei":7.86,"as":1444.66,"mi":"D","mv":2743,"sc":2,"lpe":46.74,"lpr":88403.93,"lq":5.35,"d":1680666},{"pi":"351577","pc":"Ювелирные изделия","ss":100000,"td":"Центр города","dc":1,"n":451.06,"vc":"323702","sl":"Элитный","sv":"307","p":250000.0,"q":3.29,"b":0.339381107491857,"ms":11.19,"wi":98.78,"ei":7.86,"as":1444.66,"mi":"D","mv":2743,"sc":2,"lpe":46.74,"lpr":88403.93,"lq":5.35,"d":1680666},{"pi":"351577","pc":"Ювелирные изделия","ss":150000,"td":"Центр города","dc":1,"n":474.66,"vc":"681082","sl":"Очень высокий","sv":"700","p":600000.0,"q":12.45,"b":4.08,"ms":18.19,"wi":116.13,"ei":7.17,"as":2122.22,"mi":"E","mv":3848,"sc":4,"lpe":63.15,"lpr":200825.76,"lq":3.35,"d":2596850},{"pi":"351577","pc":"Ювелирные изделия","ss":100000,"td":"Фешенебельный район","dc":1,"n":413.09,"vc":"26166","sl":"Элитный","sv":"500","p":500000.0,"q":7.91,"b":0.36,"ms":12.99,"wi":116.13,"ei":7.17,"as":2122.22,"mi":"E","mv":3848,"sc":4,"lpe":63.15,"lpr":200825.76,"lq":3.35,"d":2596850},{"pi":"351577","pc":"Ювелирные изделия","ss":143200,"td":"Центр города","dc":1,"n":171.82,"vc":"31440","sl":"Элитный","sv":"202","p":500000.0,"q":11.16,"b":3.85,"ms":5.25,"wi":116.13,"ei":7.17,"as":2122.22,"mi":"E","mv":3848,"sc":4,"lpe":63.15,"lpr":200825.76,"lq":3.35,"d":2596850},{"pi":"351577","pc":"Ювелирные изделия","ss":100000,"td":"Центр города","dc":1,"n":168.55,"vc":"16612","sl":"Элитный","sv":"16","p":650000.0,"q":6.37,"b":1.64,"ms":0.42,"wi":116.13,"ei":7.17,"as":2122.22,"mi":"E","mv":3848,"sc":4,"lpe":63.15,"lpr":200825.76,"lq":3.35,"d":2596850},{"pi":"351577","pc":"Ювелирные изделия","ss":100000,"td":"Центр города","dc":1,"n":294.21,"vc":"132519","sl":"Элитный","sv":"4664","p":268888.0,"q":7.75,"b":1.66228559176672,"ms":26.9,"wi":102.86,"ei":10.85,"as":2744.68,"mi":"D","mv":17339,"sc":7,"lpe":46.75,"lpr":150456.45,"lq":7.09,"d":9744630},{"pi":"351577","pc":"Ювелирные изделия","ss":200000,"td":"Фешенебельный район","dc":1,"n":652.4,"vc":"1344106","sl":"Очень высокий","sv":"2724","p":1450000.0,"q":18.73,"b":6.38,"ms":15.71,"wi":102.86,"ei":10.85,"as":2744.68,"mi":"D","mv":17339,"sc":7,"lpe":46.75,"lpr":150456.45,"lq":7.09,"d":9744630},{"pi":"351577","pc":"Ювелирные изделия","ss":100000,"td":"Центр города","dc":1,"n":414.19,"vc":"420084","sl":"Элитный","sv":"1775","p":350000.0,"q":10.12,"b":1.33605633802817,"ms":10.24,"wi":102.86,"ei":10.85,"as":2744.68,"mi":"D","mv":17339,"sc":7,"lpe":46.75,"lpr":150456.45,"lq":7.09,"d":9744630},{"pi":"351577","pc":"Ювелирные изделия","ss":70000,"td":"Центр города","dc":1,"n":282.19,"vc":"92936","sl":"Элитный","sv":"40","p":350000.0,"q":8.49,"b":2.81,"ms":0.23,"wi":102.86,"ei":10.85,"as":2744.68,"mi":"D","mv":17339,"sc":7,"lpe":46.75,"lpr":150456.45,"lq":7.09,"d":9744630},{"pi":"351577","pc":"Ювелирные изделия","ss":100000,"td":"Центр города","dc":1,"n":291.23,"vc":"85848","sl":"Элитный","sv":"21","p":650000.0,"q":5.77,"b":1.64,"ms":0.12,"wi":102.86,"ei":10.85,"as":2744.68,"mi":"D","mv":17339,"sc":7,"lpe":46.75,"lpr":150456.45,"lq":7.09,"d":9744630},{"pi":"351577","pc":"Ювелирные изделия","ss":100000,"td":"Пригород","dc":1,"n":523.74,"vc":"321209","sl":"Очень высокий","sv":"6","p":990000.0,"q":14.23,"b":4.45,"ms":0.03,"wi":102.86,"ei":10.85,"as":2744.68,"mi":"D","mv":17339,"sc":7,"lpe":46.75,"lpr":150456.45,"lq":7.09,"d":9744630},{"pi":"351577","pc":"Ювелирные изделия","ss":100000,"td":"Центр города","dc":1,"n":241.57,"vc":"53256","sl":"Элитный","sv":"3","p":720000.0,"q":6.63,"b":1.44,"ms":0.02,"wi":102.86,"ei":10.85,"as":2744.68,"mi":"D","mv":17339,"sc":7,"lpe":46.75,"lpr":150456.45,"lq":7.09,"d":9744630},{"pi":"351577","pc":"Ювелирные изделия","ss":100000,"td":"Фешенебельный район","dc":2,"n":590.61,"vc":"82226","sl":"Элитный","sv":"53","p":1800000.0,"q":8.81,"b":1.37,"ms":9.45,"wi":73.18,"ei":7.0,"as":362.16,"mi":"E","mv":561,"sc":1,"lpe":90.55,"lpr":345984.81,"lq":1.0,"d":664549},{"pi":"351577","pc":"Ювелирные изделия","ss":10000,"td":"Центр города","dc":1,"n":430.98,"vc":"52862","sl":"Очень высокий","sv":"740","p":1850000.0,"q":19.52,"b":4.67,"ms":19.81,"wi":66.45,"ei":6.04,"as":318.0,"mi":"E","mv":3735,"sc":2,"lpe":73.07,"lpr":460187.54,"lq":5.52,"d":2877864},{"pi":"351577","pc":"Ювелирные изделия","ss":10000,"td":"Центр города","dc":3,"n":370.64,"vc":"22556","sl":"Высокий","sv":"266","p":550000.0,"q":7.91,"b":3.59,"ms":7.12,"wi":66.45,"ei":6.04,"as":318.0,"mi":"E","mv":3735,"sc":2,"lpe":73.07,"lpr":460187.54,"lq":5.52,"d":2877864},{"pi":"351577","pc":"Ювелирные изделия","ss":300000,"td":"Центр города","dc":2,"n":465.36,"vc":"757143","sl":"Элитный","sv":"340","p":2500000.0,"q":19.52,"b":4.76,"ms":19.87,"wi":78.09,"ei":6.42,"as":548.1,"mi":"E","mv":1711,"sc":1,"lpe":80.13,"lpr":514632.73,"lq":6.23,"d":1232684},{"pi":"351577","pc":"Ювелирные изделия","ss":100000,"td":"Фешенебельный район","dc":2,"n":507.59,"vc":"66954","sl":"Элитный","sv":"857","p":650000.0,"q":10.92,"b":0.21318553092182,"ms":32.29,"wi":99.69,"ei":9.31,"as":1270.5,"mi":"D","mv":2654,"sc":3,"lpe":40.62,"lpr":231604.94,"lq":6.22,"d":2836484},{"pi":"351577","pc":"Ювелирные изделия","ss":100000,"td":"Фешенебельный район","dc":1,"n":478.95,"vc":"76251","sl":"Элитный","sv":"472","p":1100000.0,"q":9.77,"b":1.3,"ms":17.78,"wi":99.69,"ei":9.31,"as":1270.5,"mi":"D","mv":2654,"sc":3,"lpe":40.62,"lpr":231604.94,"lq":6.22,"d":2836484},{"pi":"351577","pc":"Ювелирные изделия","ss":150000,"td":"Центр города","dc":1,"n":481.02,"vc":"748914","sl":"Нормальный","sv":"247","p":1500000.0,"q":12.47,"b":4.56,"ms":9.31,"wi":99.69,"ei":9.31,"as":1270.5,"mi":"D","mv":2654,"sc":3,"lpe":40.62,"lpr":231604.94,"lq":6.22,"d":2836484},{"pi":"351577","pc":"Ювелирные изделия","ss":100000,"td":"Фешенебельный район","dc":3,"n":406.74,"vc":"24172","sl":"Элитный","sv":"338","p":1000000.0,"q":8.14,"b":0.0,"ms":100.0,"wi":62.61,"ei":6.29,"as":373.31,"mi":"C","mv":338,"sc":1,"lpe":0.0,"lpr":1166908.51,"lq":4.71,"d":774042},{"pi":"351577","pc":"Ювелирные изделия","ss":100000,"td":"Фешенебельный район","dc":1,"n":426.84,"vc":"46953","sl":"Элитный","sv":"890","p":800000.0,"q":19.52,"b":4.76,"ms":19.96,"wi":93.34,"ei":5.0,"as":474.39,"mi":"E","mv":4458,"sc":1,"lpe":80.04,"lpr":361567.45,"lq":2.93,"d":2970884},{"pi":"351577","pc":"Ювелирные изделия","ss":99500,"td":"Фешенебельный район","dc":3,"n":324.63,"vc":"18088","sl":"Элитный","sv":"502","p":380000.0,"q":8.14,"b":0.0,"ms":54.57,"wi":17.18,"ei":17.09,"as":56.27,"mi":"D","mv":920,"sc":1,"lpe":45.43,"lpr":272861.78,"lq":1.99,"d":3998532},{"pi":"351577","pc":"Ювелирные изделия","ss":100000,"td":"Фешенебельный район","dc":2,"n":642.17,"vc":"148848","sl":"Элитный","sv":"200","p":1800000.0,"q":12.35,"b":0.0,"ms":82.3,"wi":72.48,"ei":6.2,"as":316.9,"mi":"D","mv":243,"sc":1,"lpe":17.7,"lpr":1361951.42,"lq":1.0,"d":216434},{"pi":"351577","pc":"Ювелирные изделия","ss":100000,"td":"Фешенебельный район","dc":1,"n":492.21,"vc":"53968","sl":"Элитный","sv":"456","p":470000.0,"q":17.9,"b":6.73,"ms":38.19,"wi":64.2,"ei":7.41,"as":406.66,"mi":"E","mv":1194,"sc":1,"lpe":61.81,"lpr":49192.0,"lq":8.43,"d":733921},{"pi":"351577","pc":"Ювелирные изделия","ss":10000,"td":"Фешенебельный район","dc":6,"n":445.04,"vc":"6304","sl":"Очень высокий","sv":"10","p":200000.0,"q":8.4,"b":0.0,"ms":2.92,"wi":41.34,"ei":6.24,"as":393.64,"mi":"E","mv":342,"sc":1,"lpe":97.08,"lpr":756285.87,"lq":1.0,"d":1110660},{"pi":"351577","pc":"Ювелирные изделия","ss":10000,"td":"Фешенебельный район","dc":1,"n":482.46,"vc":"7238","sl":"Элитный","sv":"312","p":900000.0,"q":5.05,"b":0.0278846153846154,"ms":67.53,"wi":68.68,"ei":7.55,"as":553.24,"mi":"D","mv":462,"sc":1,"lpe":32.47,"lpr":894497.87,"lq":2.13,"d":810299},{"pi":"351577","pc":"Ювелирные изделия","ss":10000,"td":"Фешенебельный район","dc":3,"n":488.09,"vc":"6074","sl":"Элитный","sv":"241","p":900000.0,"q":8.14,"b":0.0141078838174274,"ms":98.37,"wi":70.04,"ei":5.87,"as":653.67,"mi":"D","mv":245,"sc":1,"lpe":0.0,"lpr":894165.42,"lq":1.88,"d":401934},{"pi":"351577","pc":"Ювелирные изделия","ss":30000,"td":"Фешенебельный район","dc":2,"n":527.31,"vc":"15812","sl":"Элитный","sv":"150","p":2000000.0,"q":5.86,"b":1.218,"ms":89.29,"wi":72.57,"ei":6.1,"as":319.0,"mi":"D","mv":168,"sc":1,"lpe":10.71,"lpr":1111830.5,"lq":1.71,"d":190480},{"pi":"351577","pc":"Ювелирные изделия","ss":100000,"td":"Фешенебельный район","dc":3,"n":362.51,"vc":"22179","sl":"Элитный","sv":"131","p":800000.0,"q":8.09,"b":0.0,"ms":94.93,"wi":25.63,"ei":7.43,"as":348.1,"mi":"AA","mv":138,"sc":2,"lpe":0.0,"lpr":805050.34,"lq":4.76,"d":2040764},{"pi":"351577","pc":"Ювелирные изделия","ss":500,"td":"Фешенебельный район","dc":2,"n":295.03,"vc":"274","sl":"Элитный","sv":"7","p":780000.0,"q":11.71,"b":0.0,"ms":5.07,"wi":25.63,"ei":7.43,"as":348.1,"mi":"AA","mv":138,"sc":2,"lpe":0.0,"lpr":805050.34,"lq":4.76,"d":2040764},{"pi":"351577","pc":"Ювелирные изделия","ss":100000,"td":"Центр города","dc":2,"n":502.66,"vc":"459657","sl":"Высокий","sv":"224","p":999999.0,"q":15.23,"b":6.45,"ms":14.77,"wi":39.2,"ei":15.63,"as":384.32,"mi":"E","mv":1517,"sc":1,"lpe":85.23,"lpr":79754.15,"lq":2.52,"d":4545297},{"pi":"351577","pc":"Ювелирные изделия","ss":100000,"td":"Фешенебельный район","dc":2,"n":546.66,"vc":"88620","sl":"Элитный","sv":"813","p":320000.0,"q":10.36,"b":2.79,"ms":60.67,"wi":75.57,"ei":8.11,"as":1269.9,"mi":"A","mv":1340,"sc":2,"lpe":0.0,"lpr":57353.03,"lq":5.12,"d":678178},{"pi":"351577","pc":"Ювелирные изделия","ss":200000,"td":"Центр города","dc":1,"n":463.19,"vc":"492366","sl":"Элитный","sv":"527","p":170000.0,"q":3.41,"b":0.355351043643264,"ms":39.33,"wi":75.57,"ei":8.11,"as":1269.9,"mi":"A","mv":1340,"sc":2,"lpe":0.0,"lpr":57353.03,"lq":5.12,"d":678178},{"pi":"351577","pc":"Ювелирные изделия","ss":1000,"td":"Фешенебельный район","dc":2,"n":493.24,"vc":"541","sl":"Элитный","sv":"5","p":1400000.0,"q":6.88,"b":0.0,"ms":3.36,"wi":74.19,"ei":6.6,"as":584.33,"mi":"E","mv":149,"sc":1,"lpe":96.64,"lpr":856720.13,"lq":4.02,"d":168154},{"pi":"351577","pc":"Ювелирные изделия","ss":1000,"td":"Фешенебельный район","dc":1,"n":673.24,"vc":"2328","sl":"Очень высокий","sv":"50","p":2200000.0,"q":13.74,"b":6.8,"ms":10.82,"wi":88.26,"ei":7.25,"as":562.28,"mi":"E","mv":462,"sc":5,"lpe":85.28,"lpr":1220994.2,"lq":9.7,"d":598348},{"pi":"351577","pc":"Ювелирные изделия","ss":1000,"td":"Центр города","dc":1,"n":304.76,"vc":"1944","sl":"Очень высокий","sv":"11","p":300000.0,"q":6.38,"b":0.0,"ms":2.38,"wi":88.26,"ei":7.25,"as":562.28,"mi":"E","mv":462,"sc":5,"lpe":85.28,"lpr":1220994.2,"lq":9.7,"d":598348},{"pi":"351577","pc":"Ювелирные изделия","ss":1000,"td":"Фешенебельный район","dc":1,"n":436.13,"vc":"611","sl":"Элитный","sv":"3","p":900000.0,"q":6.14,"b":3.17,"ms":0.65,"wi":88.26,"ei":7.25,"as":562.28,"mi":"E","mv":462,"sc":5,"lpe":85.28,"lpr":1220994.2,"lq":9.7,"d":598348},{"pi":"351577","pc":"Ювелирные изделия","ss":500,"td":"Фешенебельный район","dc":1,"n":283.36,"vc":"168","sl":"Элитный","sv":"3","p":1128297.97,"q":9.15,"b":0.0,"ms":0.65,"wi":88.26,"ei":7.25,"as":562.28,"mi":"E","mv":462,"sc":5,"lpe":85.28,"lpr":1220994.2,"lq":9.7,"d":598348},{"pi":"351577","pc":"Ювелирные изделия","ss":600,"td":"Фешенебельный район","dc":2,"n":487.06,"vc":"553","sl":"Высокий","sv":"1","p":1352000.0,"q":11.15,"b":0.0,"ms":0.22,"wi":88.26,"ei":7.25,"as":562.28,"mi":"E","mv":462,"sc":5,"lpe":85.28,"lpr":1220994.2,"lq":9.7,"d":598348},{"pi":"351577","pc":"Ювелирные изделия","ss":10000,"td":"Фешенебельный район","dc":2,"n":517.71,"vc":"5542","sl":"Элитный","sv":"89","p":800000.0,"q":5.77,"b":0.606067415730337,"ms":97.8,"wi":46.4,"ei":7.74,"as":407.2,"mi":"A","mv":91,"sc":1,"lpe":0.0,"lpr":313922.78,"lq":1.8,"d":165474},{"pi":"351577","pc":"Ювелирные изделия","ss":100000,"td":"Центр города","dc":2,"n":571.49,"vc":"471570","sl":"Высокий","sv":"4","p":1999999.0,"q":16.25,"b":5.98,"ms":0.92,"wi":89.42,"ei":9.5,"as":1197.0,"mi":"E","mv":435,"sc":1,"lpe":99.08,"lpr":209124.48,"lq":4.58,"d":573484},{"pi":"351577","pc":"Ювелирные изделия","ss":100000,"td":"Центр города","dc":2,"n":564.66,"vc":"511352","sl":"Высокий","sv":"109","p":1999999.0,"q":15.67,"b":5.98,"ms":13.37,"wi":98.88,"ei":9.31,"as":1312.5,"mi":"E","mv":815,"sc":1,"lpe":86.63,"lpr":232131.77,"lq":4.26,"d":871981},{"pi":"351577","pc":"Ювелирные изделия","ss":100000,"td":"Фешенебельный район","dc":2,"n":517.97,"vc":"85530","sl":"Элитный","sv":"177","p":1500000.0,"q":9.5,"b":3.16,"ms":14.07,"wi":96.92,"ei":9.6,"as":1470.0,"mi":"E","mv":1258,"sc":2,"lpe":77.19,"lpr":234887.07,"lq":4.46,"d":1347944},{"pi":"351577","pc":"Ювелирные изделия","ss":100000,"td":"Центр города","dc":2,"n":520.22,"vc":"388450","sl":"Очень высокий","sv":"110","p":1999999.0,"q":14.94,"b":5.98,"ms":8.74,"wi":96.92,"ei":9.6,"as":1470.0,"mi":"E","mv":1258,"sc":2,"lpe":77.19,"lpr":234887.07,"lq":4.46,"d":1347944},{"pi":"351577","pc":"Ювелирные изделия","ss":700,"td":"Центр города","dc":4,"n":113.08,"vc":"339","sl":"Нормальный","sv":"1","p":748490.0,"q":2.76,"b":0.0,"ms":0.78,"wi":72.69,"ei":6.62,"as":475.0,"mi":"E","mv":128,"sc":1,"lpe":99.22,"lpr":1066978.38,"lq":1.0,"d":147806},{"pi":"351577","pc":"Ювелирные изделия","ss":900,"td":"Фешенебельный район","dc":1,"n":386.26,"vc":"262","sl":"Элитный","sv":"8","p":700000.0,"q":4.87,"b":0.0,"ms":6.84,"wi":64.84,"ei":6.72,"as":456.0,"mi":"E","mv":117,"sc":2,"lpe":92.31,"lpr":786016.29,"lq":1.0,"d":145230},{"pi":"351577","pc":"Ювелирные изделия","ss":1000,"td":"Фешенебельный район","dc":3,"n":158.31,"vc":"117","sl":"Элитный","sv":"1","p":720000.0,"q":2.76,"b":0.0,"ms":0.85,"wi":64.84,"ei":6.72,"as":456.0,"mi":"E","mv":117,"sc":2,"lpe":92.31,"lpr":786016.29,"lq":1.0,"d":145230},{"pi":"351577","pc":"Ювелирные изделия","ss":30000,"td":"Центр города","dc":2,"n":410.4,"vc":"57870","sl":"Очень высокий","sv":"200","p":850000.0,"q":5.87,"b":0.0,"ms":90.5,"wi":46.37,"ei":4.26,"as":435.93,"mi":"D","mv":221,"sc":1,"lpe":0.0,"lpr":666063.97,"lq":1.24,"d":565094},{"pi":"351577","pc":"Ювелирные изделия","ss":20000,"td":"Центр города","dc":1,"n":454.85,"vc":"58263","sl":"Элитный","sv":"150","p":1000000.0,"q":5.86,"b":0.0,"ms":90.91,"wi":53.14,"ei":4.89,"as":399.11,"mi":"D","mv":165,"sc":1,"lpe":0.0,"lpr":770007.61,"lq":1.1,"d":498557},{"pi":"351577","pc":"Ювелирные изделия","ss":20000,"td":"Центр города","dc":1,"n":409.75,"vc":"50402","sl":"Элитный","sv":"225","p":1200000.0,"q":5.84,"b":0.0210666666666667,"ms":91.84,"wi":50.42,"ei":7.85,"as":496.57,"mi":"D","mv":245,"sc":1,"lpe":0.0,"lpr":988109.37,"lq":1.24,"d":924530},{"pi":"351577","pc":"Ювелирные изделия","ss":20000,"td":"Центр города","dc":1,"n":367.57,"vc":"59814","sl":"Элитный","sv":"700","p":550000.0,"q":5.83,"b":0.231,"ms":17.05,"wi":48.46,"ei":12.08,"as":459.52,"mi":"E","mv":4105,"sc":1,"lpe":82.95,"lpr":488685.15,"lq":2.51,"d":3957256},{"pi":"351577","pc":"Ювелирные изделия","ss":400,"td":"Фешенебельный район","dc":1,"n":464.03,"vc":"195","sl":"Элитный","sv":"15","p":700000.0,"q":5.22,"b":0.0,"ms":22.39,"wi":49.7,"ei":6.62,"as":507.15,"mi":"E","mv":67,"sc":1,"lpe":77.61,"lpr":715042.15,"lq":1.83,"d":106621}]