[{"d":"11.05.2022","r":100.0,"q":2.06,"p":500000.0,"s":[{"cn":"JK empire","ui":"6993399","t":10000.0,"r":10000.0,"q":2.06,"p":500000.0,"mot":"L","mo":100.0},{"cn":"","ui":"","t":0.0,"r":0.0,"q":0.0,"p":0.0,"mot":"L","mo":0.0}]},{"d":"12.05.2022","r":100.0,"q":2.15,"p":500000.0,"s":[{"cn":"JK empire","ui":"6993399","t":20000.0,"r":20000.0,"q":2.15,"p":500000.0,"mot":"L","mo":100.0},{"cn":"","ui":"","t":0.0,"r":0.0,"q":0.0,"p":0.0,"mot":"L","mo":0.0}]},{"d":"13.05.2022","r":100.0,"q":2.29,"p":500000.0,"s":[{"cn":"JK empire","ui":"6993399","t":78527.0,"r":78527.0,"q":2.29,"p":500000.0,"mot":"L","mo":100.0},{"cn":"","ui":"","t":0.0,"r":0.0,"q":0.0,"p":0.0,"mot":"L","mo":0.0}]},{"d":"16.05.2022","r":100.0,"q":2.41,"p":500000.0,"s":[{"cn":"JK empire","ui":"6993399","t":137379.0,"r":137379.0,"q":2.41,"p":500000.0,"mot":"L","mo":100.0},{"cn":"","ui":"","t":0.0,"r":0.0,"q":0.0,"p":0.0,"mot":"L","mo":0.0}]},{"d":"17.05.2022","r":100.0,"q":2.41,"p":500000.0,"s":[{"cn":"JK empire","ui":"6993399","t":137380.0,"r":137380.0,"q":2.41,"p":500000.0,"mot":"L","mo":100.0},{"cn":"","ui":"","t":0.0,"r":0.0,"q":0.0,"p":0.0,"mot":"L","mo":0.0}]},{"d":"18.05.2022","r":1000.0,"q":2.41,"p":350000.0,"s":[{"cn":"JK empire","ui":"6993399","t":137381.0,"r":137381.0,"q":2.41,"p":350000.0,"mot":"L","mo":1000.0},{"cn":"","ui":"","t":0.0,"r":0.0,"q":0.0,"p":0.0,"mot":"L","mo":0.0}]},{"d":"19.05.2022","r":22941.0,"q":1.06,"p":273380.09,"s":[{"cn":"Mufatorr Ltd.","ui":"6747258","t":21941.0,"r":21941.0,"q":1.0,"p":269888.0,"mot":"U","mo":21941.0},{"cn":"","ui":"","t":137382.0,"r":1000.0,"q":2.41,"p":350000.0,"mot":"L","mo":1000.0}]},{"d":"20.05.2022","r":32527.0,"q":1.04,"p":272350.94,"s":[{"cn":"Mufatorr Ltd.","ui":"6747258","t":31527.0,"r":31527.0,"q":1.0,"p":269888.0,"mot":"U","mo":31527.0},{"cn":"","ui":"","t":137383.0,"r":1000.0,"q":2.41,"p":350000.0,"mot":"L","mo":1000.0}]},{"d":"23.05.2022","r":61285.0,"q":1.02,"p":269873.51,"s":[{"cn":"Mufatorr Ltd.","ui":"6747258","t":60285.0,"r":60285.0,"q":1.0,"p":269888.0,"mot":"U","mo":60285.0},{"cn":"","ui":"","t":137386.0,"r":1000.0,"q":2.41,"p":269000.0,"mot":"L","mo":1000.0}]},{"d":"24.05.2022","r":70871.0,"q":1.02,"p":269875.47,"s":[{"cn":"Mufatorr Ltd.","ui":"6747258","t":69871.0,"r":69871.0,"q":1.0,"p":269888.0,"mot":"U","mo":69871.0},{"cn":"","ui":"","t":137387.0,"r":1000.0,"q":2.41,"p":269000.0,"mot":"L","mo":1000.0}]},{"d":"25.05.2022","r":72936.0,"q":1.02,"p":268929.79,"s":[{"cn":"Mufatorr Ltd.","ui":"6747258","t":71936.0,"r":71936.0,"q":1.0,"p":269888.0,"mot":"U","mo":71936.0},{"cn":"","ui":"","t":137388.0,"r":1000.0,"q":2.41,"p":200000.0,"mot":"L","mo":1000.0}]},{"d":"26.05.2022","r":1000.0,"q":2.41,"p":200000.0,"s":[{"cn":"JK empire","ui":"6993399","t":137389.0,"r":137389.0,"q":2.41,"p":200000.0,"mot":"L","mo":1000.0},{"cn":"","ui":"","t":0.0,"r":0.0,"q":0.0,"p":0.0,"mot":"L","mo":0.0}]},{"d":"27.05.2022","r":77936.0,"q":1.08,"p":152734.31,"s":[{"cn":"Mufatorr Ltd.","ui":"6747258","t":71936.0,"r":71936.0,"q":1.0,"p":148792.0,"mot":"U","mo":71936.0},{"cn":"Yarkiy Ltd.","ui":"5698822","t":5000.0,"r":5000.0,"q":1.93,"p":200000.0,"mot":"U","mo":5000.0},{"cn":"","ui":"","t":137390.0,"r":1000.0,"q":2.41,"p":200000.0,"mot":"L","mo":1000.0}]},{"d":"30.05.2022","r":124383.0,"q":2.41,"p":195000.0,"s":[{"cn":"JK empire","ui":"6993399","t":134388.0,"r":124383.0,"q":2.41,"p":195000.0,"mot":"U","mo":124383.0},{"cn":"","ui":"","t":0.0,"r":0.0,"q":0.0,"p":0.0,"mot":"L","mo":0.0}]},{"d":"31.05.2022","r":114379.0,"q":2.41,"p":195000.0,"s":[{"cn":"JK empire","ui":"6993399","t":124384.0,"r":114379.0,"q":2.41,"p":195000.0,"mot":"U","mo":114379.0},{"cn":"","ui":"","t":0.0,"r":0.0,"q":0.0,"p":0.0,"mot":"L","mo":0.0}]},{"d":"01.06.2022","r":234303.0,"q":1.75,"p":173320.58,"s":[{"cn":"Mufatorr Ltd.","ui":"6747258","t":119928.0,"r":109928.0,"q":1.0,"p":148792.0,"mot":"U","mo":109928.0},{"cn":"JK empire","ui":"6993399","t":124380.0,"r":124375.0,"q":2.41,"p":195000.0,"mot":"U","mo":124375.0},{"cn":"","ui":"","t":0.0,"r":0.0,"q":0.0,"p":0.0,"mot":"L","mo":0.0}]},{"d":"02.06.2022","r":254021.0,"q":1.69,"p":171415.86,"s":[{"cn":"Mufatorr Ltd.","ui":"6747258","t":149650.0,"r":129650.0,"q":1.0,"p":148792.0,"mot":"U","mo":129650.0},{"cn":"JK empire","ui":"6993399","t":124376.0,"r":124371.0,"q":2.41,"p":195000.0,"mot":"U","mo":124371.0},{"cn":"","ui":"","t":0.0,"r":0.0,"q":0.0,"p":0.0,"mot":"L","mo":0.0}]},{"d":"03.06.2022","r":251531.0,"q":1.7,"p":171639.09,"s":[{"cn":"Mufatorr Ltd.","ui":"6747258","t":147164.0,"r":127164.0,"q":1.0,"p":148792.0,"mot":"U","mo":127164.0},{"cn":"JK empire","ui":"6993399","t":124372.0,"r":124367.0,"q":2.41,"p":195000.0,"mot":"U","mo":124367.0},{"cn":"","ui":"","t":0.0,"r":0.0,"q":0.0,"p":0.0,"mot":"L","mo":0.0}]},{"d":"06.06.2022","r":124355.0,"q":2.41,"p":195000.0,"s":[{"cn":"JK empire","ui":"6993399","t":124360.0,"r":124355.0,"q":2.41,"p":195000.0,"mot":"U","mo":124355.0},{"cn":"","ui":"","t":0.0,"r":0.0,"q":0.0,"p":0.0,"mot":"L","mo":0.0}]},{"d":"07.06.2022","r":300798.0,"q":3.28,"p":195000.0,"s":[{"cn":"JK empire","ui":"6993399","t":325798.0,"r":300798.0,"q":3.28,"p":195000.0,"mot":"U","mo":300798.0},{"cn":"","ui":"","t":0.0,"r":0.0,"q":0.0,"p":0.0,"mot":"L","mo":0.0}]},{"d":"08.06.2022","r":274798.0,"q":3.28,"p":195000.0,"s":[{"cn":"JK empire","ui":"6993399","t":300798.0,"r":274798.0,"q":3.28,"p":195000.0,"mot":"U","mo":274798.0},{"cn":"","ui":"","t":0.0,"r":0.0,"q":0.0,"p":0.0,"mot":"L","mo":0.0}]},{"d":"09.06.2022","r":275998.0,"q":3.32,"p":195000.0,"s":[{"cn":"JK empire","ui":"6993399","t":301998.0,"r":275998.0,"q":3.32,"p":195000.0,"mot":"U","mo":275998.0},{"cn":"","ui":"","t":0.0,"r":0.0,"q":0.0,"p":0.0,"mot":"L","mo":0.0}]},{"d":"10.06.2022","r":249998.0,"q":3.32,"p":195000.0,"s":[{"cn":"JK empire","ui":"6993399","t":275998.0,"r":249998.0,"q":3.32,"p":195000.0,"mot":"U","mo":249998.0},{"cn":"","ui":"","t":0.0,"r":0.0,"q":0.0,"p":0.0,"mot":"L","mo":0.0}]},{"d":"13.06.2022","r":170184.0,"q":3.32,"p":195000.0,"s":[{"cn":"JK empire","ui":"6993399","t":197091.0,"r":170184.0,"q":3.32,"p":195000.0,"mot":"U","mo":170184.0},{"cn":"","ui":"","t":0.0,"r":0.0,"q":0.0,"p":0.0,"mot":"L","mo":0.0}]},{"d":"14.06.2022","r":143277.0,"q":3.32,"p":195000.0,"s":[{"cn":"JK empire","ui":"6993399","t":170184.0,"r":143277.0,"q":3.32,"p":195000.0,"mot":"U","mo":143277.0},{"cn":"","ui":"","t":0.0,"r":0.0,"q":0.0,"p":0.0,"mot":"L","mo":0.0}]},{"d":"16.06.2022","r":211965.0,"q":4.93,"p":313476.68,"s":[{"cn":"JK empire","ui":"7018296","t":122502.0,"r":122502.0,"q":6.1,"p":400000.0,"mot":"U","mo":122502.0},{"cn":"JK empire","ui":"6993399","t":116370.0,"r":89463.0,"q":3.32,"p":195000.0,"mot":"U","mo":89463.0},{"cn":"","ui":"","t":0.0,"r":0.0,"q":0.0,"p":0.0,"mot":"L","mo":0.0}]},{"d":"17.06.2022","r":64556.0,"q":3.32,"p":195000.0,"s":[{"cn":"JK empire","ui":"6993399","t":90463.0,"r":64556.0,"q":3.32,"p":195000.0,"mot":"U","mo":64556.0},{"cn":"","ui":"","t":0.0,"r":0.0,"q":0.0,"p":0.0,"mot":"L","mo":0.0}]},{"d":"23.06.2022","r":7779.0,"q":4.09,"p":220000.0,"s":[{"cn":"Glukes Ltd.","ui":"7057593","t":7779.0,"r":7779.0,"q":4.09,"p":220000.0,"mot":"U","mo":7779.0},{"cn":"","ui":"","t":0.0,"r":0.0,"q":0.0,"p":0.0,"mot":"L","mo":0.0}]},{"d":"24.06.2022","r":199513.0,"q":5.94,"p":385963.62,"s":[{"cn":"Glukes Ltd.","ui":"7057593","t":15558.0,"r":15558.0,"q":4.1,"p":220000.0,"mot":"U","mo":15558.0},{"cn":"JK empire","ui":"7018296","t":183955.0,"r":183955.0,"q":6.1,"p":400000.0,"mot":"U","mo":183955.0},{"cn":"","ui":"","t":0.0,"r":0.0,"q":0.0,"p":0.0,"mot":"L","mo":0.0}]},{"d":"27.06.2022","r":38816.0,"q":4.14,"p":220000.0,"s":[{"cn":"Glukes Ltd.","ui":"7057593","t":38821.0,"r":38816.0,"q":4.14,"p":220000.0,"mot":"U","mo":38816.0},{"cn":"","ui":"","t":0.0,"r":0.0,"q":0.0,"p":0.0,"mot":"L","mo":0.0}]},{"d":"28.06.2022","r":38885.0,"q":4.14,"p":220000.0,"s":[{"cn":"Glukes Ltd.","ui":"7057593","t":38890.0,"r":38885.0,"q":4.14,"p":220000.0,"mot":"U","mo":38885.0},{"cn":"","ui":"","t":0.0,"r":0.0,"q":0.0,"p":0.0,"mot":"L","mo":0.0}]},{"d":"29.06.2022","r":38418.0,"q":4.14,"p":220000.0,"s":[{"cn":"Glukes Ltd.","ui":"7057593","t":38654.0,"r":38418.0,"q":4.14,"p":220000.0,"mot":"U","mo":38418.0},{"cn":"","ui":"","t":0.0,"r":0.0,"q":0.0,"p":0.0,"mot":"L","mo":0.0}]},{"d":"30.06.2022","r":222126.0,"q":5.76,"p":286252.49,"s":[{"cn":"Glukes Ltd.","ui":"7057593","t":38418.0,"r":38171.0,"q":4.14,"p":220000.0,"mot":"U","mo":38171.0},{"cn":"JK empire","ui":"7018296","t":183955.0,"r":183955.0,"q":6.1,"p":300000.0,"mot":"U","mo":183955.0},{"cn":"","ui":"","t":0.0,"r":0.0,"q":0.0,"p":0.0,"mot":"L","mo":0.0}]},{"d":"01.07.2022","r":37922.0,"q":4.14,"p":220000.0,"s":[{"cn":"Glukes Ltd.","ui":"7057593","t":38170.0,"r":37922.0,"q":4.14,"p":220000.0,"mot":"U","mo":37922.0},{"cn":"","ui":"","t":0.0,"r":0.0,"q":0.0,"p":0.0,"mot":"L","mo":0.0}]},{"d":"04.07.2022","r":37178.0,"q":4.14,"p":220000.0,"s":[{"cn":"Glukes Ltd.","ui":"7057593","t":37426.0,"r":37178.0,"q":4.14,"p":220000.0,"mot":"U","mo":37178.0},{"cn":"","ui":"","t":0.0,"r":0.0,"q":0.0,"p":0.0,"mot":"L","mo":0.0}]},{"d":"05.07.2022","r":36930.0,"q":4.14,"p":220000.0,"s":[{"cn":"Glukes Ltd.","ui":"7057593","t":37178.0,"r":36930.0,"q":4.14,"p":220000.0,"mot":"U","mo":36930.0},{"cn":"","ui":"","t":0.0,"r":0.0,"q":0.0,"p":0.0,"mot":"L","mo":0.0}]},{"d":"06.07.2022","r":36682.0,"q":4.14,"p":220000.0,"s":[{"cn":"Glukes Ltd.","ui":"7057593","t":36930.0,"r":36682.0,"q":4.14,"p":220000.0,"mot":"U","mo":36682.0},{"cn":"","ui":"","t":0.0,"r":0.0,"q":0.0,"p":0.0,"mot":"L","mo":0.0}]},{"d":"07.07.2022","r":36434.0,"q":4.14,"p":220000.0,"s":[{"cn":"Glukes Ltd.","ui":"7057593","t":36682.0,"r":36434.0,"q":4.14,"p":220000.0,"mot":"U","mo":36434.0},{"cn":"","ui":"","t":0.0,"r":0.0,"q":0.0,"p":0.0,"mot":"L","mo":0.0}]},{"d":"08.07.2022","r":36063.0,"q":4.14,"p":220000.0,"s":[{"cn":"Glukes Ltd.","ui":"7057593","t":36433.0,"r":36063.0,"q":4.14,"p":220000.0,"mot":"U","mo":36063.0},{"cn":"","ui":"","t":0.0,"r":0.0,"q":0.0,"p":0.0,"mot":"L","mo":0.0}]},{"d":"11.07.2022","r":37587.0,"q":4.19,"p":220000.0,"s":[{"cn":"Glukes Ltd.","ui":"7057593","t":38079.0,"r":37587.0,"q":4.19,"p":220000.0,"mot":"U","mo":37587.0},{"cn":"","ui":"","t":0.0,"r":0.0,"q":0.0,"p":0.0,"mot":"L","mo":0.0}]},{"d":"12.07.2022","r":37859.0,"q":4.2,"p":220000.0,"s":[{"cn":"Glukes Ltd.","ui":"7057593","t":38351.0,"r":37859.0,"q":4.2,"p":220000.0,"mot":"U","mo":37859.0},{"cn":"","ui":"","t":0.0,"r":0.0,"q":0.0,"p":0.0,"mot":"L","mo":0.0}]},{"d":"13.07.2022","r":38111.0,"q":4.21,"p":220000.0,"s":[{"cn":"Glukes Ltd.","ui":"7057593","t":38603.0,"r":38111.0,"q":4.21,"p":220000.0,"mot":"U","mo":38111.0},{"cn":"","ui":"","t":0.0,"r":0.0,"q":0.0,"p":0.0,"mot":"L","mo":0.0}]},{"d":"14.07.2022","r":38301.0,"q":4.22,"p":220000.0,"s":[{"cn":"Glukes Ltd.","ui":"7057593","t":38814.0,"r":38301.0,"q":4.22,"p":220000.0,"mot":"U","mo":38301.0},{"cn":"","ui":"","t":0.0,"r":0.0,"q":0.0,"p":0.0,"mot":"L","mo":0.0}]},{"d":"15.07.2022","r":222446.0,"q":5.78,"p":286156.82,"s":[{"cn":"Glukes Ltd.","ui":"7057593","t":39005.0,"r":38492.0,"q":4.23,"p":220000.0,"mot":"U","mo":38492.0},{"cn":"JK empire","ui":"7018296","t":183954.0,"r":183954.0,"q":6.1,"p":300000.0,"mot":"U","mo":183954.0},{"cn":"","ui":"","t":0.0,"r":0.0,"q":0.0,"p":0.0,"mot":"L","mo":0.0}]},{"d":"18.07.2022","r":638969.0,"q":6.8,"p":295455.68,"s":[{"cn":"Glukes Ltd.","ui":"7057593","t":37309.0,"r":36296.0,"q":4.26,"p":220000.0,"mot":"U","mo":36296.0},{"cn":"JK empire","ui":"7018296","t":602673.0,"r":602673.0,"q":6.95,"p":300000.0,"mot":"U","mo":602673.0},{"cn":"","ui":"","t":0.0,"r":0.0,"q":0.0,"p":0.0,"mot":"L","mo":0.0}]},{"d":"19.07.2022","r":661254.0,"q":6.84,"p":295670.89,"s":[{"cn":"Glukes Ltd.","ui":"7057593","t":36296.0,"r":35783.0,"q":4.26,"p":220000.0,"mot":"U","mo":35783.0},{"cn":"JK empire","ui":"7018296","t":625471.0,"r":625471.0,"q":6.99,"p":300000.0,"mot":"U","mo":625471.0},{"cn":"","ui":"","t":0.0,"r":0.0,"q":0.0,"p":0.0,"mot":"L","mo":0.0}]},{"d":"20.07.2022","r":682526.0,"q":6.89,"p":295983.16,"s":[{"cn":"Glukes Ltd.","ui":"7057593","t":35283.0,"r":34270.0,"q":4.26,"p":220000.0,"mot":"U","mo":34270.0},{"cn":"JK empire","ui":"7018296","t":648256.0,"r":648256.0,"q":7.03,"p":300000.0,"mot":"U","mo":648256.0},{"cn":"","ui":"","t":0.0,"r":0.0,"q":0.0,"p":0.0,"mot":"L","mo":0.0}]},{"d":"21.07.2022","r":704198.0,"q":6.94,"p":296233.22,"s":[{"cn":"JK empire","ui":"7018296","t":671041.0,"r":671041.0,"q":7.07,"p":300000.0,"mot":"U","mo":671041.0},{"cn":"","ui":"","t":34270.0,"r":33157.0,"q":4.26,"p":220000.0,"mot":"L","mo":33157.0}]},{"d":"22.07.2022","r":726329.0,"q":6.98,"p":296418.59,"s":[{"cn":"JK empire","ui":"7018296","t":693813.0,"r":693813.0,"q":7.11,"p":300000.0,"mot":"U","mo":693813.0},{"cn":"","ui":"","t":33157.0,"r":32516.0,"q":4.26,"p":220000.0,"mot":"L","mo":32516.0}]},{"d":"25.07.2022","r":1894637.0,"q":4.13,"p":223776.51,"s":[{"cn":"Mufatorr Ltd.","ui":"6747258","t":880422.0,"r":880417.0,"q":1.67,"p":148792.0,"mot":"U","mo":880417.0},{"cn":"Grey Group","ui":"7118421","t":222966.0,"r":221966.0,"q":3.29,"p":260000.0,"mot":"U","mo":221966.0},{"cn":"JK empire","ui":"7018296","t":762115.0,"r":762115.0,"q":7.21,"p":300000.0,"mot":"U","mo":762115.0},{"cn":"","ui":"","t":31007.0,"r":30139.0,"q":4.26,"p":220000.0,"mot":"L","mo":30139.0}]},{"d":"26.07.2022","r":1955324.0,"q":4.21,"p":223119.63,"s":[{"cn":"Mufatorr Ltd.","ui":"6747258","t":920247.0,"r":920242.0,"q":1.85,"p":148792.0,"mot":"U","mo":920242.0},{"cn":"Grey Group","ui":"7118421","t":221966.0,"r":220966.0,"q":3.29,"p":260000.0,"mot":"U","mo":220966.0},{"cn":"JK empire","ui":"7018296","t":784873.0,"r":784873.0,"q":7.24,"p":300000.0,"mot":"U","mo":784873.0},{"cn":"","ui":"","t":30139.0,"r":29243.0,"q":4.26,"p":220000.0,"mot":"L","mo":29243.0}]},{"d":"27.07.2022","r":1209369.0,"q":2.3,"p":170779.08,"s":[{"cn":"Mufatorr Ltd.","ui":"6747258","t":960072.0,"r":960067.0,"q":2.02,"p":148792.0,"mot":"U","mo":960067.0},{"cn":"Grey Group","ui":"7118421","t":221955.0,"r":220955.0,"q":3.29,"p":260000.0,"mot":"U","mo":220955.0},{"cn":"","ui":"","t":29243.0,"r":28347.0,"q":4.26,"p":220000.0,"mot":"L","mo":28347.0}]},{"d":"28.07.2022","r":1248670.0,"q":2.41,"p":170056.82,"s":[{"cn":"Mufatorr Ltd.","ui":"6747258","t":999897.0,"r":999892.0,"q":2.17,"p":148792.0,"mot":"U","mo":999892.0},{"cn":"Grey Group","ui":"7118421","t":221944.0,"r":220944.0,"q":3.29,"p":260000.0,"mot":"U","mo":220944.0},{"cn":"","ui":"","t":28347.0,"r":27834.0,"q":4.26,"p":220000.0,"mot":"L","mo":27834.0}]},{"d":"29.07.2022","r":2094453.0,"q":4.35,"p":219694.08,"s":[{"cn":"Mufatorr Ltd.","ui":"6747258","t":1039722.0,"r":1039717.0,"q":2.31,"p":148792.0,"mot":"U","mo":1039717.0},{"cn":"Grey Group","ui":"7118421","t":220944.0,"r":219944.0,"q":3.29,"p":260000.0,"mot":"U","mo":219944.0},{"cn":"JK empire","ui":"7018296","t":807471.0,"r":807471.0,"q":7.27,"p":300000.0,"mot":"U","mo":807471.0},{"cn":"","ui":"","t":27834.0,"r":27321.0,"q":4.26,"p":220000.0,"mot":"L","mo":27321.0}]},{"d":"01.08.2022","r":2234178.0,"q":4.49,"p":216705.77,"s":[{"cn":"Mufatorr Ltd.","ui":"6747258","t":1159197.0,"r":1159192.0,"q":2.68,"p":148792.0,"mot":"U","mo":1159192.0},{"cn":"Grey Group","ui":"7118421","t":217944.0,"r":216944.0,"q":3.29,"p":260000.0,"mot":"U","mo":216944.0},{"cn":"JK empire","ui":"7018296","t":831326.0,"r":831326.0,"q":7.32,"p":300000.0,"mot":"U","mo":831326.0},{"cn":"","ui":"","t":27251.0,"r":26716.0,"q":4.33,"p":220000.0,"mot":"L","mo":26716.0}]},{"d":"02.08.2022","r":2297323.0,"q":4.56,"p":216375.19,"s":[{"cn":"Mufatorr Ltd.","ui":"6747258","t":1199022.0,"r":1199017.0,"q":2.79,"p":148792.0,"mot":"U","mo":1199017.0},{"cn":"Grey Group","ui":"7118421","t":216944.0,"r":215944.0,"q":3.29,"p":260000.0,"mot":"U","mo":215944.0},{"cn":"JK empire","ui":"7018296","t":855181.0,"r":855181.0,"q":7.37,"p":300000.0,"mot":"U","mo":855181.0},{"cn":"","ui":"","t":27716.0,"r":27181.0,"q":4.4,"p":220000.0,"mot":"L","mo":27181.0}]},{"d":"03.08.2022","r":2360468.0,"q":4.63,"p":216062.3,"s":[{"cn":"Mufatorr Ltd.","ui":"6747258","t":1238847.0,"r":1238842.0,"q":2.89,"p":148792.0,"mot":"U","mo":1238842.0},{"cn":"Grey Group","ui":"7118421","t":215944.0,"r":214944.0,"q":3.29,"p":260000.0,"mot":"U","mo":214944.0},{"cn":"JK empire","ui":"7018296","t":879036.0,"r":879036.0,"q":7.42,"p":300000.0,"mot":"U","mo":879036.0},{"cn":"","ui":"","t":28181.0,"r":27646.0,"q":4.46,"p":220000.0,"mot":"L","mo":27646.0}]},{"d":"04.08.2022","r":2393924.0,"q":4.68,"p":216595.36,"s":[{"cn":"Mufatorr Ltd.","ui":"6747258","t":1248998.0,"r":1248993.0,"q":2.91,"p":148792.0,"mot":"U","mo":1248993.0},{"cn":"Grey Group","ui":"7118421","t":214944.0,"r":213944.0,"q":3.29,"p":260000.0,"mot":"U","mo":213944.0},{"cn":"JK empire","ui":"7018296","t":902876.0,"r":902876.0,"q":7.46,"p":300000.0,"mot":"U","mo":902876.0},{"cn":"","ui":"","t":28646.0,"r":28111.0,"q":4.52,"p":220000.0,"mot":"L","mo":28111.0}]},{"d":"05.08.2022","r":2417224.0,"q":4.72,"p":217400.78,"s":[{"cn":"Mufatorr Ltd.","ui":"6747258","t":1248993.0,"r":1248988.0,"q":2.91,"p":148792.0,"mot":"U","mo":1248988.0},{"cn":"Grey Group","ui":"7118421","t":213944.0,"r":212944.0,"q":3.29,"p":260000.0,"mot":"U","mo":212944.0},{"cn":"JK empire","ui":"7018296","t":926716.0,"r":926716.0,"q":7.5,"p":300000.0,"mot":"U","mo":926716.0},{"cn":"","ui":"","t":29111.0,"r":28576.0,"q":4.58,"p":220000.0,"mot":"L","mo":28576.0}]},{"d":"08.08.2022","r":3126356.0,"q":3.91,"p":166390.73,"s":[{"cn":"Mufatorr Ltd.","ui":"6747258","t":1248978.0,"r":1248973.0,"q":2.91,"p":148792.0,"mot":"U","mo":1248973.0},{"cn":"Grey Group","ui":"7118421","t":210944.0,"r":209944.0,"q":3.29,"p":260000.0,"mot":"U","mo":209944.0},{"cn":"JK empire","ui":"6993399","t":876716.0,"r":851716.0,"q":7.5,"p":195000.0,"mot":"U","mo":851716.0},{"cn":"MyFrame ltd.","ui":"7037973","t":714610.0,"r":714610.0,"q":1.0,"p":120000.0,"mot":"U","mo":714610.0},{"cn":"","ui":"","t":101648.0,"r":101113.0,"q":7.83,"p":276287.12,"mot":"L","mo":101113.0}]},{"d":"09.08.2022","r":3352829.0,"q":3.85,"p":170390.55,"s":[{"cn":"Mufatorr Ltd.","ui":"6747258","t":1248973.0,"r":1248968.0,"q":2.91,"p":148792.0,"mot":"U","mo":1248968.0},{"cn":"Grey Group","ui":"7118421","t":364673.0,"r":363673.0,"q":3.54,"p":260000.0,"mot":"U","mo":363673.0},{"cn":"JK empire","ui":"6993399","t":851716.0,"r":826716.0,"q":7.5,"p":195000.0,"mot":"U","mo":826716.0},{"cn":"MyFrame ltd.","ui":"7037973","t":788430.0,"r":788430.0,"q":1.0,"p":120000.0,"mot":"U","mo":788430.0},{"cn":"","ui":"","t":125577.0,"r":125042.0,"q":8.08,"p":280527.5,"mot":"L","mo":125042.0}]},{"d":"10.08.2022","r":3424854.0,"q":3.8,"p":170009.76,"s":[{"cn":"Mufatorr Ltd.","ui":"6747258","t":1248968.0,"r":1248963.0,"q":2.91,"p":148792.0,"mot":"U","mo":1248963.0},{"cn":"Grey Group","ui":"7118421","t":363673.0,"r":362673.0,"q":3.54,"p":260000.0,"mot":"U","mo":362673.0},{"cn":"JK empire","ui":"6993399","t":826716.0,"r":801716.0,"q":7.5,"p":195000.0,"mot":"U","mo":801716.0},{"cn":"MyFrame ltd.","ui":"7037973","t":862140.0,"r":862140.0,"q":1.0,"p":120000.0,"mot":"U","mo":862140.0},{"cn":"","ui":"","t":149897.0,"r":149362.0,"q":8.25,"p":283449.07,"mot":"L","mo":149362.0}]},{"d":"11.08.2022","r":2561029.0,"q":4.76,"p":187785.8,"s":[{"cn":"Mufatorr Ltd.","ui":"6747258","t":1248963.0,"r":1248958.0,"q":2.91,"p":148792.0,"mot":"U","mo":1248958.0},{"cn":"Grey Group","ui":"7118421","t":362673.0,"r":361673.0,"q":3.54,"p":260000.0,"mot":"U","mo":361673.0},{"cn":"JK empire","ui":"7018296","t":142316.0,"r":142316.0,"q":9.16,"p":300000.0,"mot":"U","mo":142316.0},{"cn":"JK empire","ui":"6993399","t":801716.0,"r":776716.0,"q":7.5,"p":195000.0,"mot":"U","mo":776716.0},{"cn":"","ui":"","t":31901.0,"r":31366.0,"q":4.89,"p":220000.0,"mot":"L","mo":31366.0}]},{"d":"12.08.2022","r":2559344.0,"q":4.78,"p":188738.96,"s":[{"cn":"Mufatorr Ltd.","ui":"6747258","t":1248958.0,"r":1248953.0,"q":2.91,"p":148792.0,"mot":"U","mo":1248953.0},{"cn":"Grey Group","ui":"7118421","t":361673.0,"r":360673.0,"q":3.54,"p":260000.0,"mot":"U","mo":360673.0},{"cn":"JK empire","ui":"7018296","t":166171.0,"r":166171.0,"q":9.17,"p":300000.0,"mot":"U","mo":166171.0},{"cn":"JK empire","ui":"6993399","t":776716.0,"r":751716.0,"q":7.5,"p":195000.0,"mot":"U","mo":751716.0},{"cn":"","ui":"","t":32366.0,"r":31831.0,"q":4.93,"p":220000.0,"mot":"L","mo":31831.0}]},{"d":"15.08.2022","r":2545393.0,"q":4.78,"p":190479.62,"s":[{"cn":"Mufatorr Ltd.","ui":"6747258","t":1310203.0,"r":1310198.0,"q":3.05,"p":148792.0,"mot":"U","mo":1310198.0},{"cn":"Grey Group","ui":"7118421","t":358673.0,"r":357673.0,"q":3.54,"p":260000.0,"mot":"U","mo":357673.0},{"cn":"JK empire","ui":"7018296","t":237677.0,"r":237677.0,"q":9.25,"p":300000.0,"mot":"U","mo":237677.0},{"cn":"JK empire","ui":"6993399","t":666619.0,"r":606619.0,"q":7.5,"p":195000.0,"mot":"U","mo":606619.0},{"cn":"","ui":"","t":33761.0,"r":33226.0,"q":5.05,"p":220000.0,"mot":"L","mo":33226.0}]},{"d":"16.08.2022","r":2539212.0,"q":4.78,"p":190875.53,"s":[{"cn":"Mufatorr Ltd.","ui":"6747258","t":1340828.0,"r":1340823.0,"q":3.11,"p":148792.0,"mot":"U","mo":1340823.0},{"cn":"Grey Group","ui":"7118421","t":357673.0,"r":356673.0,"q":3.54,"p":260000.0,"mot":"U","mo":356673.0},{"cn":"JK empire","ui":"7018296","t":261503.0,"r":261503.0,"q":9.27,"p":300000.0,"mot":"U","mo":261503.0},{"cn":"JK empire","ui":"6993399","t":606522.0,"r":546522.0,"q":7.5,"p":195000.0,"mot":"U","mo":546522.0},{"cn":"","ui":"","t":34226.0,"r":33691.0,"q":5.09,"p":220000.0,"mot":"L","mo":33691.0}]},{"d":"17.08.2022","r":2533128.0,"q":4.77,"p":191273.51,"s":[{"cn":"Mufatorr Ltd.","ui":"6747258","t":1371453.0,"r":1371448.0,"q":3.17,"p":148792.0,"mot":"U","mo":1371448.0},{"cn":"Grey Group","ui":"7118421","t":356673.0,"r":355673.0,"q":3.54,"p":260000.0,"mot":"U","mo":355673.0},{"cn":"JK empire","ui":"7018296","t":285329.0,"r":285329.0,"q":9.29,"p":300000.0,"mot":"U","mo":285329.0},{"cn":"JK empire","ui":"6993399","t":546522.0,"r":486522.0,"q":7.5,"p":195000.0,"mot":"U","mo":486522.0},{"cn":"","ui":"","t":34691.0,"r":34156.0,"q":5.13,"p":220000.0,"mot":"L","mo":34156.0}]},{"d":"18.08.2022","r":2527030.0,"q":4.77,"p":191672.81,"s":[{"cn":"Mufatorr Ltd.","ui":"6747258","t":1402078.0,"r":1402073.0,"q":3.24,"p":148792.0,"mot":"U","mo":1402073.0},{"cn":"Grey Group","ui":"7118421","t":355673.0,"r":354673.0,"q":3.54,"p":260000.0,"mot":"U","mo":354673.0},{"cn":"JK empire","ui":"7018296","t":309141.0,"r":309141.0,"q":9.31,"p":300000.0,"mot":"U","mo":309141.0},{"cn":"JK empire","ui":"6993399","t":486522.0,"r":426522.0,"q":7.5,"p":195000.0,"mot":"U","mo":426522.0},{"cn":"","ui":"","t":35156.0,"r":34621.0,"q":5.16,"p":220000.0,"mot":"L","mo":34621.0}]},{"d":"19.08.2022","r":3948302.0,"q":3.44,"p":169962.6,"s":[{"cn":"Mufatorr Ltd.","ui":"6747258","t":1432703.0,"r":1432698.0,"q":3.31,"p":148792.0,"mot":"U","mo":1432698.0},{"cn":"MyFrame ltd.","ui":"7129560","t":1407370.0,"r":1407370.0,"q":1.0,"p":130000.0,"mot":"U","mo":1407370.0},{"cn":"Grey Group","ui":"7118421","t":354673.0,"r":353673.0,"q":3.54,"p":260000.0,"mot":"U","mo":353673.0},{"cn":"JK empire","ui":"7018296","t":332953.0,"r":332953.0,"q":9.32,"p":300000.0,"mot":"U","mo":332953.0},{"cn":"JK empire","ui":"6993399","t":426522.0,"r":386522.0,"q":7.5,"p":195000.0,"mot":"U","mo":386522.0},{"cn":"","ui":"","t":35621.0,"r":35086.0,"q":5.19,"p":220000.0,"mot":"L","mo":35086.0}]},{"d":"22.08.2022","r":4086239.0,"q":3.37,"p":160503.91,"s":[{"cn":"Mufatorr Ltd.","ui":"6747258","t":1524573.0,"r":1524568.0,"q":3.49,"p":125000.0,"mot":"U","mo":1524568.0},{"cn":"MyFrame ltd.","ui":"7129560","t":1544122.0,"r":1544122.0,"q":1.0,"p":130000.0,"mot":"U","mo":1544122.0},{"cn":"Grey Group","ui":"7118421","t":351473.0,"r":350273.0,"q":3.54,"p":260000.0,"mot":"U","mo":350273.0},{"cn":"JK empire","ui":"7018296","t":404273.0,"r":404273.0,"q":9.36,"p":300000.0,"mot":"U","mo":404273.0},{"cn":"JK empire","ui":"6993399","t":276522.0,"r":226522.0,"q":7.5,"p":195000.0,"mot":"U","mo":226522.0},{"cn":"","ui":"","t":37016.0,"r":36481.0,"q":5.29,"p":220000.0,"mot":"L","mo":36481.0}]},{"d":"23.08.2022","r":4157223.0,"q":3.34,"p":156233.37,"s":[{"cn":"Mufatorr Ltd.","ui":"6747258","t":1555198.0,"r":1555193.0,"q":3.55,"p":125000.0,"mot":"U","mo":1555193.0},{"cn":"MyFrame ltd.","ui":"7129560","t":1611432.0,"r":1611432.0,"q":1.0,"p":120000.0,"mot":"U","mo":1611432.0},{"cn":"Grey Group","ui":"7118421","t":350273.0,"r":349073.0,"q":3.54,"p":260000.0,"mot":"U","mo":349073.0},{"cn":"JK empire","ui":"7018296","t":428057.0,"r":428057.0,"q":9.37,"p":300000.0,"mot":"U","mo":428057.0},{"cn":"","ui":"","t":264003.0,"r":213468.0,"q":7.12,"p":199326.88,"mot":"L","mo":213468.0}]},{"d":"24.08.2022","r":4228097.0,"q":3.31,"p":155759.1,"s":[{"cn":"Mufatorr Ltd.","ui":"6747258","t":1585823.0,"r":1585818.0,"q":3.6,"p":125000.0,"mot":"U","mo":1585818.0},{"cn":"MyFrame ltd.","ui":"7129560","t":1678632.0,"r":1678632.0,"q":1.0,"p":120000.0,"mot":"U","mo":1678632.0},{"cn":"Grey Group","ui":"7118421","t":349073.0,"r":347873.0,"q":3.54,"p":260000.0,"mot":"U","mo":347873.0},{"cn":"JK empire","ui":"7018296","t":451841.0,"r":451841.0,"q":9.39,"p":300000.0,"mot":"U","mo":451841.0},{"cn":"","ui":"","t":214468.0,"r":163933.0,"q":7.01,"p":200705.23,"mot":"L","mo":163933.0}]},{"d":"25.08.2022","r":4260024.0,"q":3.22,"p":147820.27,"s":[{"cn":"Mufatorr Ltd.","ui":"6747258","t":1616448.0,"r":1616443.0,"q":3.65,"p":125000.0,"mot":"U","mo":1616443.0},{"cn":"MyFrame ltd.","ui":"7129560","t":1745722.0,"r":1745722.0,"q":1.0,"p":120000.0,"mot":"U","mo":1745722.0},{"cn":"Grey Group","ui":"7118421","t":347873.0,"r":346673.0,"q":3.54,"p":260000.0,"mot":"U","mo":346673.0},{"cn":"JK empire","ui":"6993399","t":376522.0,"r":326522.0,"q":8.75,"p":195000.0,"mot":"U","mo":326522.0},{"cn":"","ui":"","t":265199.0,"r":224664.0,"q":8.8,"p":286512.84,"mot":"L","mo":224664.0}]},{"d":"26.08.2022","r":4179906.0,"q":2.94,"p":137261.63,"s":[{"cn":"Mufatorr Ltd.","ui":"6747258","t":1647073.0,"r":1647068.0,"q":3.7,"p":119000.0,"mot":"U","mo":1647068.0},{"cn":"MyFrame ltd.","ui":"7129560","t":1812702.0,"r":1812702.0,"q":1.0,"p":118000.0,"mot":"U","mo":1812702.0},{"cn":"Grey Group","ui":"7118421","t":346673.0,"r":345473.0,"q":3.54,"p":260000.0,"mot":"U","mo":345473.0},{"cn":"JK empire","ui":"6993399","t":376422.0,"r":336322.0,"q":8.83,"p":195000.0,"mot":"U","mo":336322.0},{"cn":"","ui":"","t":38876.0,"r":38341.0,"q":5.39,"p":220000.0,"mot":"L","mo":38341.0}]},{"d":"29.08.2022","r":4300649.0,"q":3.04,"p":137101.16,"s":[{"cn":"Mufatorr Ltd.","ui":"6747258","t":1718958.0,"r":1708958.0,"q":3.83,"p":119000.0,"mot":"U","mo":1708958.0},{"cn":"MyFrame ltd.","ui":"7129560","t":1853735.0,"r":1848535.0,"q":1.0,"p":118000.0,"mot":"U","mo":1848535.0},{"cn":"Grey Group","ui":"7118421","t":343073.0,"r":341873.0,"q":3.54,"p":260000.0,"mot":"U","mo":341873.0},{"cn":"JK empire","ui":"6993399","t":383132.0,"r":361537.0,"q":9.02,"p":195000.0,"mot":"U","mo":361537.0},{"cn":"","ui":"","t":40276.0,"r":39746.0,"q":5.46,"p":220000.0,"mot":"L","mo":39746.0}]},{"d":"30.08.2022","r":4317754.0,"q":3.08,"p":137039.0,"s":[{"cn":"Mufatorr Ltd.","ui":"6747258","t":1739588.0,"r":1729588.0,"q":3.88,"p":119000.0,"mot":"U","mo":1729588.0},{"cn":"MyFrame ltd.","ui":"7129560","t":1848535.0,"r":1843335.0,"q":1.0,"p":118000.0,"mot":"U","mo":1843335.0},{"cn":"Grey Group","ui":"7118421","t":341873.0,"r":340673.0,"q":3.54,"p":260000.0,"mot":"U","mo":340673.0},{"cn":"JK empire","ui":"6993399","t":386537.0,"r":364942.0,"q":9.07,"p":195000.0,"mot":"U","mo":364942.0},{"cn":"","ui":"","t":39746.0,"r":39216.0,"q":5.46,"p":220000.0,"mot":"L","mo":39216.0}]},{"d":"31.08.2022","r":4401425.0,"q":3.08,"p":136690.33,"s":[{"cn":"Mufatorr Ltd.","ui":"6747258","t":1760218.0,"r":1750218.0,"q":3.92,"p":119000.0,"mot":"U","mo":1750218.0},{"cn":"MyFrame ltd.","ui":"7129560","t":1909901.0,"r":1904701.0,"q":1.0,"p":118000.0,"mot":"U","mo":1904701.0},{"cn":"Grey Group","ui":"7118421","t":340673.0,"r":339473.0,"q":3.54,"p":260000.0,"mot":"U","mo":339473.0},{"cn":"JK empire","ui":"6993399","t":389942.0,"r":368347.0,"q":9.13,"p":195000.0,"mot":"U","mo":368347.0},{"cn":"","ui":"","t":39216.0,"r":38686.0,"q":5.46,"p":220000.0,"mot":"L","mo":38686.0}]},{"d":"01.09.2022","r":4485415.0,"q":3.07,"p":136353.31,"s":[{"cn":"Mufatorr Ltd.","ui":"6747258","t":1780848.0,"r":1770639.0,"q":3.95,"p":119000.0,"mot":"U","mo":1770639.0},{"cn":"MyFrame ltd.","ui":"7129560","t":1971595.0,"r":1966595.0,"q":1.0,"p":118000.0,"mot":"U","mo":1966595.0},{"cn":"Grey Group","ui":"7118421","t":339473.0,"r":338273.0,"q":3.54,"p":260000.0,"mot":"U","mo":338273.0},{"cn":"JK empire","ui":"6993399","t":393347.0,"r":371752.0,"q":9.18,"p":195000.0,"mot":"U","mo":371752.0},{"cn":"","ui":"","t":38686.0,"r":38156.0,"q":5.46,"p":220000.0,"mot":"L","mo":38156.0}]},{"d":"02.09.2022","r":4578899.0,"q":3.07,"p":136022.86,"s":[{"cn":"Mufatorr Ltd.","ui":"6747258","t":1801639.0,"r":1791430.0,"q":4.0,"p":119000.0,"mot":"U","mo":1791430.0},{"cn":"MyFrame ltd.","ui":"7129560","t":2041598.0,"r":2036598.0,"q":1.0,"p":118000.0,"mot":"U","mo":2036598.0},{"cn":"Grey Group","ui":"7118421","t":339288.0,"r":338088.0,"q":3.54,"p":260000.0,"mot":"U","mo":338088.0},{"cn":"JK empire","ui":"6993399","t":396752.0,"r":375157.0,"q":9.23,"p":195000.0,"mot":"U","mo":375157.0},{"cn":"","ui":"","t":38156.0,"r":37626.0,"q":5.46,"p":220000.0,"mot":"L","mo":37626.0}]},{"d":"05.09.2022","r":4857594.0,"q":3.07,"p":135089.58,"s":[{"cn":"Mufatorr Ltd.","ui":"6747258","t":1864012.0,"r":1853803.0,"q":4.14,"p":119000.0,"mot":"U","mo":1853803.0},{"cn":"MyFrame ltd.","ui":"7129560","t":2250685.0,"r":2245685.0,"q":1.0,"p":118000.0,"mot":"U","mo":2245685.0},{"cn":"Grey Group","ui":"7118421","t":337898.0,"r":336698.0,"q":3.54,"p":260000.0,"mot":"U","mo":336698.0},{"cn":"JK empire","ui":"6993399","t":406967.0,"r":385372.0,"q":9.38,"p":195000.0,"mot":"U","mo":385372.0},{"cn":"","ui":"","t":36566.0,"r":36036.0,"q":5.46,"p":220000.0,"mot":"L","mo":36036.0}]},{"d":"06.09.2022","r":4949438.0,"q":3.07,"p":134784.28,"s":[{"cn":"Mufatorr Ltd.","ui":"6747258","t":1884803.0,"r":1874594.0,"q":4.18,"p":119000.0,"mot":"U","mo":1874594.0},{"cn":"MyFrame ltd.","ui":"7129560","t":2320063.0,"r":2315063.0,"q":1.0,"p":118000.0,"mot":"U","mo":2315063.0},{"cn":"Grey Group","ui":"7118421","t":336698.0,"r":335498.0,"q":3.54,"p":260000.0,"mot":"U","mo":335498.0},{"cn":"JK empire","ui":"6993399","t":410372.0,"r":388777.0,"q":9.43,"p":195000.0,"mot":"U","mo":388777.0},{"cn":"","ui":"","t":36036.0,"r":35506.0,"q":5.46,"p":220000.0,"mot":"L","mo":35506.0}]},{"d":"07.09.2022","r":5041131.0,"q":3.07,"p":134114.24,"s":[{"cn":"Mufatorr Ltd.","ui":"6747258","t":1905594.0,"r":1895385.0,"q":4.23,"p":117999.0,"mot":"U","mo":1895385.0},{"cn":"MyFrame ltd.","ui":"7129560","t":2389290.0,"r":2384290.0,"q":1.0,"p":118000.0,"mot":"U","mo":2384290.0},{"cn":"Grey Group","ui":"7118421","t":335498.0,"r":334298.0,"q":3.54,"p":260000.0,"mot":"U","mo":334298.0},{"cn":"JK empire","ui":"6993399","t":413777.0,"r":392182.0,"q":9.47,"p":195000.0,"mot":"U","mo":392182.0},{"cn":"","ui":"","t":35506.0,"r":34976.0,"q":5.46,"p":220000.0,"mot":"L","mo":34976.0}]},{"d":"08.09.2022","r":5172276.0,"q":3.11,"p":134032.86,"s":[{"cn":"Mufatorr Ltd.","ui":"6747258","t":1934519.0,"r":1934305.0,"q":4.28,"p":117999.0,"mot":"U","mo":1934305.0},{"cn":"MyFrame ltd.","ui":"7129560","t":2458350.0,"r":2453350.0,"q":1.0,"p":118000.0,"mot":"U","mo":2453350.0},{"cn":"Grey Group","ui":"7118421","t":334298.0,"r":333098.0,"q":3.54,"p":260000.0,"mot":"U","mo":333098.0},{"cn":"JK empire","ui":"6993399","t":417182.0,"r":417077.0,"q":9.51,"p":195000.0,"mot":"U","mo":417077.0},{"cn":"","ui":"","t":34976.0,"r":34446.0,"q":5.46,"p":220000.0,"mot":"L","mo":34446.0}]},{"d":"09.09.2022","r":5296274.0,"q":3.13,"p":133977.07,"s":[{"cn":"Mufatorr Ltd.","ui":"6747258","t":1966467.0,"r":1966253.0,"q":4.32,"p":117999.0,"mot":"U","mo":1966253.0},{"cn":"MyFrame ltd.","ui":"7129560","t":2527234.0,"r":2522234.0,"q":1.0,"p":118000.0,"mot":"U","mo":2522234.0},{"cn":"Grey Group","ui":"7118421","t":333098.0,"r":331898.0,"q":3.54,"p":260000.0,"mot":"U","mo":331898.0},{"cn":"JK empire","ui":"6993399","t":442077.0,"r":441972.0,"q":9.56,"p":195000.0,"mot":"U","mo":441972.0},{"cn":"","ui":"","t":34446.0,"r":33917.0,"q":5.46,"p":220000.0,"mot":"L","mo":33917.0}]},{"d":"12.09.2022","r":5667190.0,"q":3.21,"p":133827.33,"s":[{"cn":"Mufatorr Ltd.","ui":"6747258","t":2062300.0,"r":2062075.0,"q":4.42,"p":117999.0,"mot":"U","mo":2062075.0},{"cn":"MyFrame ltd.","ui":"7129560","t":2732830.0,"r":2727830.0,"q":1.0,"p":118000.0,"mot":"U","mo":2727830.0},{"cn":"Grey Group","ui":"7118421","t":329498.0,"r":328298.0,"q":3.54,"p":260000.0,"mot":"U","mo":328298.0},{"cn":"JK empire","ui":"6993399","t":516762.0,"r":516657.0,"q":9.67,"p":195000.0,"mot":"U","mo":516657.0},{"cn":"","ui":"","t":32859.0,"r":32330.0,"q":5.46,"p":220000.0,"mot":"L","mo":32330.0}]},{"d":"13.09.2022","r":5727042.0,"q":3.26,"p":133957.46,"s":[{"cn":"Mufatorr Ltd.","ui":"6747258","t":2094237.0,"r":2093890.0,"q":4.46,"p":117999.0,"mot":"U","mo":2093890.0},{"cn":"MyFrame ltd.","ui":"7129560","t":2737701.0,"r":2732701.0,"q":1.0,"p":118000.0,"mot":"U","mo":2732701.0},{"cn":"Grey Group","ui":"7118421","t":328298.0,"r":327098.0,"q":3.54,"p":260000.0,"mot":"U","mo":327098.0},{"cn":"JK empire","ui":"6993399","t":541657.0,"r":541552.0,"q":9.7,"p":195000.0,"mot":"U","mo":541552.0},{"cn":"","ui":"","t":32330.0,"r":31801.0,"q":5.46,"p":220000.0,"mot":"L","mo":31801.0}]},{"d":"14.09.2022","r":5777023.0,"q":3.31,"p":134112.37,"s":[{"cn":"Mufatorr Ltd.","ui":"6747258","t":2126052.0,"r":2125705.0,"q":4.49,"p":117999.0,"mot":"U","mo":2125705.0},{"cn":"MyFrame ltd.","ui":"7129560","t":2732701.0,"r":2727701.0,"q":1.0,"p":118000.0,"mot":"U","mo":2727701.0},{"cn":"Grey Group","ui":"7118421","t":327098.0,"r":325898.0,"q":3.54,"p":260000.0,"mot":"U","mo":325898.0},{"cn":"JK empire","ui":"6993399","t":566552.0,"r":566447.0,"q":9.73,"p":195000.0,"mot":"U","mo":566447.0},{"cn":"","ui":"","t":31801.0,"r":31272.0,"q":5.46,"p":220000.0,"mot":"L","mo":31272.0}]},{"d":"15.09.2022","r":5827004.0,"q":3.36,"p":134264.63,"s":[{"cn":"Mufatorr Ltd.","ui":"6747258","t":2157867.0,"r":2157520.0,"q":4.52,"p":117999.0,"mot":"U","mo":2157520.0},{"cn":"MyFrame ltd.","ui":"7129560","t":2727701.0,"r":2722701.0,"q":1.0,"p":118000.0,"mot":"U","mo":2722701.0},{"cn":"Grey Group","ui":"7118421","t":325898.0,"r":324698.0,"q":3.54,"p":260000.0,"mot":"U","mo":324698.0},{"cn":"JK empire","ui":"6993399","t":591447.0,"r":591342.0,"q":9.76,"p":195000.0,"mot":"U","mo":591342.0},{"cn":"","ui":"","t":31272.0,"r":30743.0,"q":5.46,"p":220000.0,"mot":"L","mo":30743.0}]},{"d":"16.09.2022","r":5878985.0,"q":3.41,"p":134443.42,"s":[{"cn":"Mufatorr Ltd.","ui":"6747258","t":2189682.0,"r":2189335.0,"q":4.55,"p":117999.0,"mot":"U","mo":2189335.0},{"cn":"MyFrame ltd.","ui":"7129560","t":2722701.0,"r":2717701.0,"q":1.0,"p":118000.0,"mot":"U","mo":2717701.0},{"cn":"Grey Group","ui":"7118421","t":324698.0,"r":323498.0,"q":3.54,"p":260000.0,"mot":"U","mo":323498.0},{"cn":"JK empire","ui":"6993399","t":616342.0,"r":616237.0,"q":9.79,"p":195000.0,"mot":"U","mo":616237.0},{"cn":"","ui":"","t":32743.0,"r":32214.0,"q":5.53,"p":220000.0,"mot":"L","mo":32214.0}]},{"d":"19.09.2022","r":5960678.0,"q":3.47,"p":134213.41,"s":[{"cn":"Mufatorr Ltd.","ui":"6747258","t":2285127.0,"r":2284780.0,"q":4.64,"p":117999.0,"mot":"U","mo":2284780.0},{"cn":"MyFrame ltd.","ui":"7129560","t":2707701.0,"r":2702701.0,"q":1.0,"p":118000.0,"mot":"U","mo":2702701.0},{"cn":"Grey Group","ui":"7118421","t":321098.0,"r":319898.0,"q":3.54,"p":260000.0,"mot":"U","mo":319898.0},{"cn":"JK empire","ui":"6993399","t":616777.0,"r":616672.0,"q":9.79,"p":195000.0,"mot":"U","mo":616672.0},{"cn":"","ui":"","t":37156.0,"r":36627.0,"q":5.71,"p":220000.0,"mot":"L","mo":36627.0}]},{"d":"20.09.2022","r":5988031.0,"q":3.49,"p":134137.81,"s":[{"cn":"Mufatorr Ltd.","ui":"6747258","t":2316942.0,"r":2316717.0,"q":4.66,"p":117999.0,"mot":"U","mo":2316717.0},{"cn":"MyFrame ltd.","ui":"7129560","t":2702701.0,"r":2697701.0,"q":1.0,"p":118000.0,"mot":"U","mo":2697701.0},{"cn":"Grey Group","ui":"7118421","t":319898.0,"r":318698.0,"q":3.54,"p":260000.0,"mot":"U","mo":318698.0},{"cn":"JK empire","ui":"6993399","t":616922.0,"r":616817.0,"q":9.79,"p":195000.0,"mot":"U","mo":616817.0},{"cn":"","ui":"","t":38627.0,"r":38098.0,"q":5.76,"p":220000.0,"mot":"L","mo":38098.0}]},{"d":"21.09.2022","r":6087429.0,"q":3.48,"p":133872.79,"s":[{"cn":"Mufatorr Ltd.","ui":"6747258","t":2348879.0,"r":2348654.0,"q":4.69,"p":117999.0,"mot":"U","mo":2348654.0},{"cn":"MyFrame ltd.","ui":"7129560","t":2769746.0,"r":2764746.0,"q":1.0,"p":118000.0,"mot":"U","mo":2764746.0},{"cn":"Grey Group","ui":"7118421","t":318698.0,"r":317498.0,"q":3.54,"p":260000.0,"mot":"U","mo":317498.0},{"cn":"JK empire","ui":"6993399","t":617067.0,"r":616962.0,"q":9.79,"p":195000.0,"mot":"U","mo":616962.0},{"cn":"","ui":"","t":40098.0,"r":39569.0,"q":5.81,"p":220000.0,"mot":"L","mo":39569.0}]},{"d":"22.09.2022","r":6186688.0,"q":3.47,"p":133616.64,"s":[{"cn":"Mufatorr Ltd.","ui":"6747258","t":2380816.0,"r":2380591.0,"q":4.72,"p":117999.0,"mot":"U","mo":2380591.0},{"cn":"MyFrame ltd.","ui":"7129560","t":2836652.0,"r":2831652.0,"q":1.0,"p":118000.0,"mot":"U","mo":2831652.0},{"cn":"Grey Group","ui":"7118421","t":317498.0,"r":316298.0,"q":3.54,"p":260000.0,"mot":"U","mo":316298.0},{"cn":"JK empire","ui":"6993399","t":617212.0,"r":617107.0,"q":9.79,"p":195000.0,"mot":"U","mo":617107.0},{"cn":"","ui":"","t":41569.0,"r":41040.0,"q":5.85,"p":220000.0,"mot":"L","mo":41040.0}]},{"d":"23.09.2022","r":6318236.0,"q":3.47,"p":133197.68,"s":[{"cn":"Mufatorr Ltd.","ui":"6747258","t":2412753.0,"r":2412528.0,"q":4.74,"p":117999.0,"mot":"U","mo":2412528.0},{"cn":"MyFrame ltd.","ui":"7129560","t":2903429.0,"r":2898429.0,"q":1.0,"p":118000.0,"mot":"U","mo":2898429.0},{"cn":"JK empire","ui":"6993399","t":617357.0,"r":617252.0,"q":9.79,"p":195000.0,"mot":"U","mo":617252.0},{"cn":"","ui":"","t":391884.0,"r":390027.0,"q":3.94,"p":242341.43,"mot":"L","mo":390027.0}]},{"d":"26.09.2022","r":6637371.0,"q":3.46,"p":132409.8,"s":[{"cn":"Mufatorr Ltd.","ui":"6747258","t":2511588.0,"r":2511363.0,"q":4.83,"p":117999.0,"mot":"U","mo":2511363.0},{"cn":"MyFrame ltd.","ui":"7129560","t":3102944.0,"r":3097944.0,"q":1.0,"p":118000.0,"mot":"U","mo":3097944.0},{"cn":"JK empire","ui":"6993399","t":617792.0,"r":617687.0,"q":9.79,"p":195000.0,"mot":"U","mo":617687.0},{"cn":"","ui":"","t":412234.0,"r":410377.0,"q":4.08,"p":235169.76,"mot":"L","mo":410377.0}]},{"d":"27.09.2022","r":6747439.0,"q":3.46,"p":132146.51,"s":[{"cn":"Mufatorr Ltd.","ui":"6747258","t":2544941.0,"r":2544716.0,"q":4.86,"p":117999.0,"mot":"U","mo":2544716.0},{"cn":"MyFrame ltd.","ui":"7129560","t":3169174.0,"r":3164174.0,"q":1.0,"p":118000.0,"mot":"U","mo":3164174.0},{"cn":"JK empire","ui":"6993399","t":617937.0,"r":617832.0,"q":9.79,"p":195000.0,"mot":"U","mo":617832.0},{"cn":"","ui":"","t":422574.0,"r":420717.0,"q":4.13,"p":231810.88,"mot":"L","mo":420717.0}]},{"d":"28.09.2022","r":6785305.0,"q":3.43,"p":132230.74,"s":[{"cn":"Mufatorr Ltd.","ui":"6747258","t":2578314.0,"r":2578089.0,"q":4.89,"p":117999.0,"mot":"U","mo":2578089.0},{"cn":"MyFrame ltd.","ui":"7129560","t":3235275.0,"r":3230275.0,"q":1.0,"p":118000.0,"mot":"U","mo":3230275.0},{"cn":"JK empire","ui":"6993399","t":618082.0,"r":617977.0,"q":9.8,"p":195000.0,"mot":"U","mo":617977.0},{"cn":"","ui":"","t":360693.0,"r":358964.0,"q":3.89,"p":254443.34,"mot":"L","mo":358964.0}]},{"d":"29.09.2022","r":6957270.0,"q":3.45,"p":131690.81,"s":[{"cn":"Mufatorr Ltd.","ui":"6747258","t":2611687.0,"r":2611462.0,"q":4.92,"p":117999.0,"mot":"U","mo":2611462.0},{"cn":"MyFrame ltd.","ui":"7129560","t":3301230.0,"r":3296230.0,"q":1.0,"p":118000.0,"mot":"U","mo":3296230.0},{"cn":"JK empire","ui":"6993399","t":618227.0,"r":618122.0,"q":9.8,"p":195000.0,"mot":"U","mo":618122.0},{"cn":"","ui":"","t":433185.0,"r":431456.0,"q":4.2,"p":228458.34,"mot":"L","mo":431456.0}]},{"d":"30.09.2022","r":7062154.0,"q":3.44,"p":131544.94,"s":[{"cn":"Mufatorr Ltd.","ui":"6747258","t":2645452.0,"r":2645447.0,"q":4.94,"p":117999.0,"mot":"U","mo":2645447.0},{"cn":"MyFrame ltd.","ui":"7129560","t":3367018.0,"r":3362018.0,"q":1.0,"p":118000.0,"mot":"U","mo":3362018.0},{"cn":"JK empire","ui":"6993399","t":618372.0,"r":618267.0,"q":9.8,"p":195000.0,"mot":"U","mo":618267.0},{"cn":"","ui":"","t":438301.0,"r":436422.0,"q":4.18,"p":228105.69,"mot":"L","mo":436422.0}]}]