[{"d":"26.08.2019","r":2553.0,"q":11.05,"p":45000.0,"s":[{"cn":"COSANT","ui":"5678745","t":2553.0,"r":2553.0,"q":11.05,"p":45000.0,"mot":"U","mo":2553.0},{"cn":"","ui":"","t":0.0,"r":0.0,"q":0.0,"p":0.0,"mot":"L","mo":0.0}]},{"d":"27.08.2019","r":2904.0,"q":11.05,"p":45000.0,"s":[{"cn":"COSANT","ui":"5678745","t":2904.0,"r":2904.0,"q":11.05,"p":45000.0,"mot":"U","mo":2904.0},{"cn":"","ui":"","t":0.0,"r":0.0,"q":0.0,"p":0.0,"mot":"L","mo":0.0}]},{"d":"30.08.2019","r":2904.0,"q":11.05,"p":35000.0,"s":[{"cn":"COSANT","ui":"5678745","t":2904.0,"r":2904.0,"q":11.05,"p":35000.0,"mot":"U","mo":2904.0},{"cn":"","ui":"","t":0.0,"r":0.0,"q":0.0,"p":0.0,"mot":"L","mo":0.0}]},{"d":"02.09.2019","r":2900.0,"q":11.05,"p":35000.0,"s":[{"cn":"COSANT","ui":"5678745","t":2901.0,"r":2900.0,"q":11.05,"p":35000.0,"mot":"U","mo":2900.0},{"cn":"","ui":"","t":0.0,"r":0.0,"q":0.0,"p":0.0,"mot":"L","mo":0.0}]},{"d":"03.09.2019","r":2899.0,"q":11.05,"p":35000.0,"s":[{"cn":"COSANT","ui":"5678745","t":2900.0,"r":2899.0,"q":11.05,"p":35000.0,"mot":"U","mo":2899.0},{"cn":"","ui":"","t":0.0,"r":0.0,"q":0.0,"p":0.0,"mot":"L","mo":0.0}]},{"d":"04.09.2019","r":2898.0,"q":11.05,"p":35000.0,"s":[{"cn":"COSANT","ui":"5678745","t":2899.0,"r":2898.0,"q":11.05,"p":35000.0,"mot":"U","mo":2898.0},{"cn":"","ui":"","t":0.0,"r":0.0,"q":0.0,"p":0.0,"mot":"L","mo":0.0}]},{"d":"05.09.2019","r":2897.0,"q":11.05,"p":35000.0,"s":[{"cn":"COSANT","ui":"5678745","t":2898.0,"r":2897.0,"q":11.05,"p":35000.0,"mot":"U","mo":2897.0},{"cn":"","ui":"","t":0.0,"r":0.0,"q":0.0,"p":0.0,"mot":"L","mo":0.0}]},{"d":"06.09.2019","r":2886.0,"q":11.05,"p":35000.0,"s":[{"cn":"COSANT","ui":"5678745","t":2892.0,"r":2886.0,"q":11.05,"p":35000.0,"mot":"U","mo":2886.0},{"cn":"","ui":"","t":0.0,"r":0.0,"q":0.0,"p":0.0,"mot":"L","mo":0.0}]},{"d":"09.09.2019","r":2871.0,"q":11.05,"p":35000.0,"s":[{"cn":"COSANT","ui":"5678745","t":2878.0,"r":2871.0,"q":11.05,"p":35000.0,"mot":"U","mo":2871.0},{"cn":"","ui":"","t":0.0,"r":0.0,"q":0.0,"p":0.0,"mot":"L","mo":0.0}]},{"d":"10.09.2019","r":2866.0,"q":11.05,"p":35000.0,"s":[{"cn":"COSANT","ui":"5678745","t":2872.0,"r":2866.0,"q":11.05,"p":35000.0,"mot":"U","mo":2866.0},{"cn":"","ui":"","t":0.0,"r":0.0,"q":0.0,"p":0.0,"mot":"L","mo":0.0}]},{"d":"11.09.2019","r":2850.0,"q":11.05,"p":35000.0,"s":[{"cn":"COSANT","ui":"5678745","t":2871.0,"r":2850.0,"q":11.05,"p":35000.0,"mot":"U","mo":2850.0},{"cn":"","ui":"","t":0.0,"r":0.0,"q":0.0,"p":0.0,"mot":"L","mo":0.0}]},{"d":"12.09.2019","r":2848.0,"q":11.05,"p":35000.0,"s":[{"cn":"COSANT","ui":"5678745","t":2870.0,"r":2848.0,"q":11.05,"p":35000.0,"mot":"U","mo":2848.0},{"cn":"","ui":"","t":0.0,"r":0.0,"q":0.0,"p":0.0,"mot":"L","mo":0.0}]},{"d":"13.09.2019","r":2827.0,"q":11.05,"p":35000.0,"s":[{"cn":"COSANT","ui":"5678745","t":2848.0,"r":2827.0,"q":11.05,"p":35000.0,"mot":"U","mo":2827.0},{"cn":"","ui":"","t":0.0,"r":0.0,"q":0.0,"p":0.0,"mot":"L","mo":0.0}]},{"d":"16.09.2019","r":1804.0,"q":11.05,"p":35000.0,"s":[{"cn":"COSANT","ui":"5678745","t":2305.0,"r":1804.0,"q":11.05,"p":35000.0,"mot":"U","mo":1804.0},{"cn":"","ui":"","t":0.0,"r":0.0,"q":0.0,"p":0.0,"mot":"L","mo":0.0}]},{"d":"17.09.2019","r":1303.0,"q":11.05,"p":35000.0,"s":[{"cn":"COSANT","ui":"5678745","t":1804.0,"r":1303.0,"q":11.05,"p":35000.0,"mot":"U","mo":1303.0},{"cn":"","ui":"","t":0.0,"r":0.0,"q":0.0,"p":0.0,"mot":"L","mo":0.0}]},{"d":"18.09.2019","r":802.0,"q":11.05,"p":35000.0,"s":[{"cn":"COSANT","ui":"5678745","t":1303.0,"r":802.0,"q":11.05,"p":35000.0,"mot":"U","mo":802.0},{"cn":"","ui":"","t":0.0,"r":0.0,"q":0.0,"p":0.0,"mot":"L","mo":0.0}]},{"d":"19.09.2019","r":291.0,"q":11.05,"p":35000.0,"s":[{"cn":"COSANT","ui":"5678745","t":802.0,"r":291.0,"q":11.05,"p":35000.0,"mot":"U","mo":291.0},{"cn":"","ui":"","t":0.0,"r":0.0,"q":0.0,"p":0.0,"mot":"L","mo":0.0}]},{"d":"01.10.2019","r":235.0,"q":19.18,"p":300000.0,"s":[{"cn":"Amory23","ui":"5742485","t":235.0,"r":235.0,"q":19.18,"p":300000.0,"mot":"U","mo":235.0},{"cn":"","ui":"","t":0.0,"r":0.0,"q":0.0,"p":0.0,"mot":"L","mo":0.0}]},{"d":"02.10.2019","r":470.0,"q":19.18,"p":300000.0,"s":[{"cn":"Amory23","ui":"5742485","t":470.0,"r":470.0,"q":19.18,"p":300000.0,"mot":"U","mo":470.0},{"cn":"","ui":"","t":0.0,"r":0.0,"q":0.0,"p":0.0,"mot":"L","mo":0.0}]},{"d":"03.10.2019","r":705.0,"q":19.18,"p":300000.0,"s":[{"cn":"Amory23","ui":"5742485","t":705.0,"r":705.0,"q":19.18,"p":300000.0,"mot":"U","mo":705.0},{"cn":"","ui":"","t":0.0,"r":0.0,"q":0.0,"p":0.0,"mot":"L","mo":0.0}]},{"d":"10.10.2019","r":705.0,"q":19.18,"p":355000.0,"s":[{"cn":"Amory23","ui":"5505513","t":705.0,"r":705.0,"q":19.18,"p":355000.0,"mot":"U","mo":705.0},{"cn":"","ui":"","t":0.0,"r":0.0,"q":0.0,"p":0.0,"mot":"L","mo":0.0}]},{"d":"24.02.2020","r":701.0,"q":19.18,"p":355000.0,"s":[{"cn":"Amory23","ui":"5505513","t":702.0,"r":701.0,"q":19.18,"p":355000.0,"mot":"U","mo":701.0},{"cn":"","ui":"","t":0.0,"r":0.0,"q":0.0,"p":0.0,"mot":"L","mo":0.0}]},{"d":"25.02.2020","r":700.0,"q":19.18,"p":355000.0,"s":[{"cn":"Amory23","ui":"5505513","t":701.0,"r":700.0,"q":19.18,"p":355000.0,"mot":"U","mo":700.0},{"cn":"","ui":"","t":0.0,"r":0.0,"q":0.0,"p":0.0,"mot":"L","mo":0.0}]},{"d":"26.02.2020","r":699.0,"q":19.18,"p":355000.0,"s":[{"cn":"Amory23","ui":"5505513","t":700.0,"r":699.0,"q":19.18,"p":355000.0,"mot":"U","mo":699.0},{"cn":"","ui":"","t":0.0,"r":0.0,"q":0.0,"p":0.0,"mot":"L","mo":0.0}]},{"d":"27.02.2020","r":694.0,"q":19.18,"p":355000.0,"s":[{"cn":"Amory23","ui":"5505513","t":697.0,"r":694.0,"q":19.18,"p":355000.0,"mot":"U","mo":694.0},{"cn":"","ui":"","t":0.0,"r":0.0,"q":0.0,"p":0.0,"mot":"L","mo":0.0}]},{"d":"28.02.2020","r":685.0,"q":19.18,"p":355000.0,"s":[{"cn":"Amory23","ui":"5505513","t":691.0,"r":685.0,"q":19.18,"p":355000.0,"mot":"U","mo":685.0},{"cn":"","ui":"","t":0.0,"r":0.0,"q":0.0,"p":0.0,"mot":"L","mo":0.0}]},{"d":"02.03.2020","r":667.0,"q":19.18,"p":355000.0,"s":[{"cn":"Amory23","ui":"5505513","t":673.0,"r":667.0,"q":19.18,"p":355000.0,"mot":"U","mo":667.0},{"cn":"","ui":"","t":0.0,"r":0.0,"q":0.0,"p":0.0,"mot":"L","mo":0.0}]},{"d":"03.03.2020","r":661.0,"q":19.18,"p":355000.0,"s":[{"cn":"Amory23","ui":"5505513","t":667.0,"r":661.0,"q":19.18,"p":355000.0,"mot":"U","mo":661.0},{"cn":"","ui":"","t":0.0,"r":0.0,"q":0.0,"p":0.0,"mot":"L","mo":0.0}]},{"d":"04.03.2020","r":655.0,"q":19.18,"p":355000.0,"s":[{"cn":"Amory23","ui":"5505513","t":661.0,"r":655.0,"q":19.18,"p":355000.0,"mot":"U","mo":655.0},{"cn":"","ui":"","t":0.0,"r":0.0,"q":0.0,"p":0.0,"mot":"L","mo":0.0}]},{"d":"05.03.2020","r":649.0,"q":19.18,"p":355000.0,"s":[{"cn":"Amory23","ui":"5505513","t":655.0,"r":649.0,"q":19.18,"p":355000.0,"mot":"U","mo":649.0},{"cn":"","ui":"","t":0.0,"r":0.0,"q":0.0,"p":0.0,"mot":"L","mo":0.0}]},{"d":"06.03.2020","r":643.0,"q":19.18,"p":355000.0,"s":[{"cn":"Amory23","ui":"5505513","t":649.0,"r":643.0,"q":19.18,"p":355000.0,"mot":"U","mo":643.0},{"cn":"","ui":"","t":0.0,"r":0.0,"q":0.0,"p":0.0,"mot":"L","mo":0.0}]},{"d":"09.03.2020","r":625.0,"q":19.18,"p":355000.0,"s":[{"cn":"Amory23","ui":"5505513","t":631.0,"r":625.0,"q":19.18,"p":355000.0,"mot":"U","mo":625.0},{"cn":"","ui":"","t":0.0,"r":0.0,"q":0.0,"p":0.0,"mot":"L","mo":0.0}]},{"d":"10.03.2020","r":609.0,"q":19.18,"p":355000.0,"s":[{"cn":"Amory23","ui":"5505513","t":620.0,"r":609.0,"q":19.18,"p":355000.0,"mot":"U","mo":609.0},{"cn":"","ui":"","t":0.0,"r":0.0,"q":0.0,"p":0.0,"mot":"L","mo":0.0}]},{"d":"11.03.2020","r":598.0,"q":19.18,"p":355000.0,"s":[{"cn":"Amory23","ui":"5505513","t":609.0,"r":598.0,"q":19.18,"p":355000.0,"mot":"U","mo":598.0},{"cn":"","ui":"","t":0.0,"r":0.0,"q":0.0,"p":0.0,"mot":"L","mo":0.0}]},{"d":"12.03.2020","r":587.0,"q":19.18,"p":355000.0,"s":[{"cn":"Amory23","ui":"5505513","t":598.0,"r":587.0,"q":19.18,"p":355000.0,"mot":"U","mo":587.0},{"cn":"","ui":"","t":0.0,"r":0.0,"q":0.0,"p":0.0,"mot":"L","mo":0.0}]},{"d":"13.03.2020","r":576.0,"q":19.18,"p":355000.0,"s":[{"cn":"Amory23","ui":"5505513","t":587.0,"r":576.0,"q":19.18,"p":355000.0,"mot":"U","mo":576.0},{"cn":"","ui":"","t":0.0,"r":0.0,"q":0.0,"p":0.0,"mot":"L","mo":0.0}]},{"d":"16.03.2020","r":543.0,"q":19.18,"p":355000.0,"s":[{"cn":"Amory23","ui":"5505513","t":554.0,"r":543.0,"q":19.18,"p":355000.0,"mot":"U","mo":543.0},{"cn":"","ui":"","t":0.0,"r":0.0,"q":0.0,"p":0.0,"mot":"L","mo":0.0}]},{"d":"17.03.2020","r":532.0,"q":19.18,"p":355000.0,"s":[{"cn":"Amory23","ui":"5505513","t":543.0,"r":532.0,"q":19.18,"p":355000.0,"mot":"U","mo":532.0},{"cn":"","ui":"","t":0.0,"r":0.0,"q":0.0,"p":0.0,"mot":"L","mo":0.0}]},{"d":"18.03.2020","r":521.0,"q":19.18,"p":355000.0,"s":[{"cn":"Amory23","ui":"5505513","t":532.0,"r":521.0,"q":19.18,"p":355000.0,"mot":"U","mo":521.0},{"cn":"","ui":"","t":0.0,"r":0.0,"q":0.0,"p":0.0,"mot":"L","mo":0.0}]},{"d":"19.03.2020","r":510.0,"q":19.18,"p":355000.0,"s":[{"cn":"Amory23","ui":"5505513","t":521.0,"r":510.0,"q":19.18,"p":355000.0,"mot":"U","mo":510.0},{"cn":"","ui":"","t":0.0,"r":0.0,"q":0.0,"p":0.0,"mot":"L","mo":0.0}]},{"d":"20.03.2020","r":499.0,"q":19.18,"p":355000.0,"s":[{"cn":"Amory23","ui":"5505513","t":510.0,"r":499.0,"q":19.18,"p":355000.0,"mot":"U","mo":499.0},{"cn":"","ui":"","t":0.0,"r":0.0,"q":0.0,"p":0.0,"mot":"L","mo":0.0}]},{"d":"23.03.2020","r":466.0,"q":19.18,"p":355000.0,"s":[{"cn":"Amory23","ui":"5505513","t":477.0,"r":466.0,"q":19.18,"p":355000.0,"mot":"U","mo":466.0},{"cn":"","ui":"","t":0.0,"r":0.0,"q":0.0,"p":0.0,"mot":"L","mo":0.0}]},{"d":"24.03.2020","r":455.0,"q":19.18,"p":355000.0,"s":[{"cn":"Amory23","ui":"5505513","t":466.0,"r":455.0,"q":19.18,"p":355000.0,"mot":"U","mo":455.0},{"cn":"","ui":"","t":0.0,"r":0.0,"q":0.0,"p":0.0,"mot":"L","mo":0.0}]},{"d":"25.03.2020","r":444.0,"q":19.18,"p":355000.0,"s":[{"cn":"Amory23","ui":"5505513","t":455.0,"r":444.0,"q":19.18,"p":355000.0,"mot":"U","mo":444.0},{"cn":"","ui":"","t":0.0,"r":0.0,"q":0.0,"p":0.0,"mot":"L","mo":0.0}]},{"d":"26.03.2020","r":433.0,"q":19.18,"p":355000.0,"s":[{"cn":"Amory23","ui":"5505513","t":444.0,"r":433.0,"q":19.18,"p":355000.0,"mot":"U","mo":433.0},{"cn":"","ui":"","t":0.0,"r":0.0,"q":0.0,"p":0.0,"mot":"L","mo":0.0}]},{"d":"30.03.2020","r":389.0,"q":19.18,"p":355000.0,"s":[{"cn":"Amory23","ui":"5505513","t":400.0,"r":389.0,"q":19.18,"p":355000.0,"mot":"U","mo":389.0},{"cn":"","ui":"","t":0.0,"r":0.0,"q":0.0,"p":0.0,"mot":"L","mo":0.0}]},{"d":"31.03.2020","r":378.0,"q":19.18,"p":355000.0,"s":[{"cn":"Amory23","ui":"5505513","t":389.0,"r":378.0,"q":19.18,"p":355000.0,"mot":"U","mo":378.0},{"cn":"","ui":"","t":0.0,"r":0.0,"q":0.0,"p":0.0,"mot":"L","mo":0.0}]},{"d":"01.04.2020","r":367.0,"q":19.18,"p":355000.0,"s":[{"cn":"Amory23","ui":"5505513","t":378.0,"r":367.0,"q":19.18,"p":355000.0,"mot":"U","mo":367.0},{"cn":"","ui":"","t":0.0,"r":0.0,"q":0.0,"p":0.0,"mot":"L","mo":0.0}]},{"d":"02.04.2020","r":356.0,"q":19.18,"p":355000.0,"s":[{"cn":"Amory23","ui":"5505513","t":367.0,"r":356.0,"q":19.18,"p":355000.0,"mot":"U","mo":356.0},{"cn":"","ui":"","t":0.0,"r":0.0,"q":0.0,"p":0.0,"mot":"L","mo":0.0}]},{"d":"03.04.2020","r":345.0,"q":19.18,"p":355000.0,"s":[{"cn":"Amory23","ui":"5505513","t":356.0,"r":345.0,"q":19.18,"p":355000.0,"mot":"U","mo":345.0},{"cn":"","ui":"","t":0.0,"r":0.0,"q":0.0,"p":0.0,"mot":"L","mo":0.0}]},{"d":"06.04.2020","r":312.0,"q":19.18,"p":355000.0,"s":[{"cn":"Amory23","ui":"5505513","t":323.0,"r":312.0,"q":19.18,"p":355000.0,"mot":"U","mo":312.0},{"cn":"","ui":"","t":0.0,"r":0.0,"q":0.0,"p":0.0,"mot":"L","mo":0.0}]},{"d":"07.04.2020","r":301.0,"q":19.18,"p":355000.0,"s":[{"cn":"Amory23","ui":"5505513","t":312.0,"r":301.0,"q":19.18,"p":355000.0,"mot":"U","mo":301.0},{"cn":"","ui":"","t":0.0,"r":0.0,"q":0.0,"p":0.0,"mot":"L","mo":0.0}]},{"d":"08.04.2020","r":290.0,"q":19.18,"p":355000.0,"s":[{"cn":"Amory23","ui":"5505513","t":301.0,"r":290.0,"q":19.18,"p":355000.0,"mot":"U","mo":290.0},{"cn":"","ui":"","t":0.0,"r":0.0,"q":0.0,"p":0.0,"mot":"L","mo":0.0}]},{"d":"09.04.2020","r":279.0,"q":19.18,"p":355000.0,"s":[{"cn":"Amory23","ui":"5505513","t":290.0,"r":279.0,"q":19.18,"p":355000.0,"mot":"U","mo":279.0},{"cn":"","ui":"","t":0.0,"r":0.0,"q":0.0,"p":0.0,"mot":"L","mo":0.0}]},{"d":"10.04.2020","r":268.0,"q":19.18,"p":355000.0,"s":[{"cn":"Amory23","ui":"5505513","t":279.0,"r":268.0,"q":19.18,"p":355000.0,"mot":"U","mo":268.0},{"cn":"","ui":"","t":0.0,"r":0.0,"q":0.0,"p":0.0,"mot":"L","mo":0.0}]},{"d":"13.04.2020","r":235.0,"q":19.18,"p":355000.0,"s":[{"cn":"Amory23","ui":"5505513","t":246.0,"r":235.0,"q":19.18,"p":355000.0,"mot":"U","mo":235.0},{"cn":"","ui":"","t":0.0,"r":0.0,"q":0.0,"p":0.0,"mot":"L","mo":0.0}]},{"d":"14.04.2020","r":224.0,"q":19.18,"p":355000.0,"s":[{"cn":"Amory23","ui":"5505513","t":235.0,"r":224.0,"q":19.18,"p":355000.0,"mot":"U","mo":224.0},{"cn":"","ui":"","t":0.0,"r":0.0,"q":0.0,"p":0.0,"mot":"L","mo":0.0}]},{"d":"15.04.2020","r":213.0,"q":19.18,"p":355000.0,"s":[{"cn":"Amory23","ui":"5505513","t":224.0,"r":213.0,"q":19.18,"p":355000.0,"mot":"U","mo":213.0},{"cn":"","ui":"","t":0.0,"r":0.0,"q":0.0,"p":0.0,"mot":"L","mo":0.0}]},{"d":"16.04.2020","r":202.0,"q":19.18,"p":355000.0,"s":[{"cn":"Amory23","ui":"5505513","t":213.0,"r":202.0,"q":19.18,"p":355000.0,"mot":"U","mo":202.0},{"cn":"","ui":"","t":0.0,"r":0.0,"q":0.0,"p":0.0,"mot":"L","mo":0.0}]},{"d":"17.04.2020","r":191.0,"q":19.18,"p":355000.0,"s":[{"cn":"Amory23","ui":"5505513","t":202.0,"r":191.0,"q":19.18,"p":355000.0,"mot":"U","mo":191.0},{"cn":"","ui":"","t":0.0,"r":0.0,"q":0.0,"p":0.0,"mot":"L","mo":0.0}]},{"d":"20.04.2020","r":210.0,"q":14.68,"p":279476.19,"s":[{"cn":"Boshoff Incorporated","ui":"6034782","t":62.0,"r":52.0,"q":1.0,"p":50000.0,"mot":"U","mo":52.0},{"cn":"Amory23","ui":"5505513","t":169.0,"r":158.0,"q":19.18,"p":355000.0,"mot":"U","mo":158.0},{"cn":"","ui":"","t":0.0,"r":0.0,"q":0.0,"p":0.0,"mot":"L","mo":0.0}]},{"d":"21.04.2020","r":255.0,"q":11.48,"p":321117.65,"s":[{"cn":"Boshoff Incorporated","ui":"6034782","t":116.0,"r":108.0,"q":1.0,"p":275000.0,"mot":"U","mo":108.0},{"cn":"Diesel LLC","ui":"5505513","t":158.0,"r":147.0,"q":19.18,"p":355000.0,"mot":"U","mo":147.0},{"cn":"","ui":"","t":0.0,"r":0.0,"q":0.0,"p":0.0,"mot":"L","mo":0.0}]},{"d":"22.04.2020","r":264.0,"q":10.37,"p":316212.12,"s":[{"cn":"Boshoff Incorporated","ui":"6034782","t":134.0,"r":128.0,"q":1.0,"p":275000.0,"mot":"U","mo":128.0},{"cn":"Diesel LLC","ui":"5505513","t":147.0,"r":136.0,"q":19.18,"p":355000.0,"mot":"U","mo":136.0},{"cn":"","ui":"","t":0.0,"r":0.0,"q":0.0,"p":0.0,"mot":"L","mo":0.0}]},{"d":"23.04.2020","r":274.0,"q":9.29,"p":311496.35,"s":[{"cn":"Boshoff Incorporated","ui":"6034782","t":154.0,"r":149.0,"q":1.0,"p":275000.0,"mot":"U","mo":149.0},{"cn":"Diesel LLC","ui":"5505513","t":136.0,"r":125.0,"q":19.18,"p":355000.0,"mot":"U","mo":125.0},{"cn":"","ui":"","t":0.0,"r":0.0,"q":0.0,"p":0.0,"mot":"L","mo":0.0}]},{"d":"24.04.2020","r":114.0,"q":19.18,"p":355000.0,"s":[{"cn":"Diesel LLC","ui":"5505513","t":125.0,"r":114.0,"q":19.18,"p":355000.0,"mot":"U","mo":114.0},{"cn":"","ui":"","t":0.0,"r":0.0,"q":0.0,"p":0.0,"mot":"L","mo":0.0}]},{"d":"27.04.2020","r":81.0,"q":19.18,"p":355000.0,"s":[{"cn":"Diesel LLC","ui":"5505513","t":92.0,"r":81.0,"q":19.18,"p":355000.0,"mot":"U","mo":81.0},{"cn":"","ui":"","t":0.0,"r":0.0,"q":0.0,"p":0.0,"mot":"L","mo":0.0}]},{"d":"28.04.2020","r":70.0,"q":19.18,"p":355000.0,"s":[{"cn":"Diesel LLC","ui":"5505513","t":81.0,"r":70.0,"q":19.18,"p":355000.0,"mot":"U","mo":70.0},{"cn":"","ui":"","t":0.0,"r":0.0,"q":0.0,"p":0.0,"mot":"L","mo":0.0}]},{"d":"29.04.2020","r":59.0,"q":19.18,"p":355000.0,"s":[{"cn":"Diesel LLC","ui":"5505513","t":70.0,"r":59.0,"q":19.18,"p":355000.0,"mot":"U","mo":59.0},{"cn":"","ui":"","t":0.0,"r":0.0,"q":0.0,"p":0.0,"mot":"L","mo":0.0}]},{"d":"30.04.2020","r":48.0,"q":19.18,"p":355000.0,"s":[{"cn":"Diesel LLC","ui":"5505513","t":59.0,"r":48.0,"q":19.18,"p":355000.0,"mot":"U","mo":48.0},{"cn":"","ui":"","t":0.0,"r":0.0,"q":0.0,"p":0.0,"mot":"L","mo":0.0}]},{"d":"01.05.2020","r":211.0,"q":4.19,"p":289028.44,"s":[{"cn":"Boshoff Incorporated","ui":"6034782","t":174.0,"r":174.0,"q":1.0,"p":275000.0,"mot":"U","mo":174.0},{"cn":"Diesel LLC","ui":"5505513","t":48.0,"r":37.0,"q":19.18,"p":355000.0,"mot":"U","mo":37.0},{"cn":"","ui":"","t":0.0,"r":0.0,"q":0.0,"p":0.0,"mot":"L","mo":0.0}]},{"d":"04.05.2020","r":156.0,"q":1.47,"p":57820.51,"s":[{"cn":"Boshoff Incorporated","ui":"6034782","t":158.0,"r":152.0,"q":1.0,"p":50000.0,"mot":"U","mo":152.0},{"cn":"","ui":"","t":15.0,"r":4.0,"q":19.18,"p":355000.0,"mot":"L","mo":4.0}]},{"d":"05.05.2020","r":150.0,"q":1.0,"p":50000.0,"s":[{"cn":"Boshoff Incorporated","ui":"6034782","t":154.0,"r":150.0,"q":1.0,"p":50000.0,"mot":"U","mo":150.0},{"cn":"","ui":"","t":0.0,"r":0.0,"q":0.0,"p":0.0,"mot":"L","mo":0.0}]},{"d":"06.05.2020","r":146.0,"q":1.0,"p":50000.0,"s":[{"cn":"Boshoff Incorporated","ui":"6034782","t":150.0,"r":146.0,"q":1.0,"p":50000.0,"mot":"U","mo":146.0},{"cn":"","ui":"","t":0.0,"r":0.0,"q":0.0,"p":0.0,"mot":"L","mo":0.0}]},{"d":"07.05.2020","r":142.0,"q":1.0,"p":50000.0,"s":[{"cn":"Boshoff Incorporated","ui":"6034782","t":146.0,"r":142.0,"q":1.0,"p":50000.0,"mot":"U","mo":142.0},{"cn":"","ui":"","t":0.0,"r":0.0,"q":0.0,"p":0.0,"mot":"L","mo":0.0}]},{"d":"08.05.2020","r":146.0,"q":1.0,"p":50000.0,"s":[{"cn":"Boshoff Incorporated","ui":"6034782","t":146.0,"r":146.0,"q":1.0,"p":50000.0,"mot":"U","mo":146.0},{"cn":"","ui":"","t":0.0,"r":0.0,"q":0.0,"p":0.0,"mot":"L","mo":0.0}]},{"d":"11.05.2020","r":146.0,"q":1.0,"p":25000.0,"s":[{"cn":"Boshoff Incorporated","ui":"6034782","t":146.0,"r":146.0,"q":1.0,"p":25000.0,"mot":"U","mo":146.0},{"cn":"","ui":"","t":0.0,"r":0.0,"q":0.0,"p":0.0,"mot":"L","mo":0.0}]},{"d":"13.05.2020","r":146.0,"q":1.0,"p":20000.0,"s":[{"cn":"Boshoff Incorporated","ui":"6034782","t":146.0,"r":146.0,"q":1.0,"p":20000.0,"mot":"U","mo":146.0},{"cn":"","ui":"","t":0.0,"r":0.0,"q":0.0,"p":0.0,"mot":"L","mo":0.0}]},{"d":"16.11.2020","r":2.0,"q":2.83,"p":250000.0,"s":[{"cn":"INC MAC B","ui":"6316227","t":2.0,"r":2.0,"q":2.83,"p":250000.0,"mot":"U","mo":2.0},{"cn":"","ui":"","t":0.0,"r":0.0,"q":0.0,"p":0.0,"mot":"L","mo":0.0}]},{"d":"18.11.2020","r":95.0,"q":2.94,"p":250000.0,"s":[{"cn":"INC MAC B","ui":"6316227","t":95.0,"r":95.0,"q":2.94,"p":250000.0,"mot":"U","mo":95.0},{"cn":"","ui":"","t":0.0,"r":0.0,"q":0.0,"p":0.0,"mot":"L","mo":0.0}]},{"d":"19.11.2020","r":188.0,"q":2.94,"p":250000.0,"s":[{"cn":"INC MAC B","ui":"6316227","t":188.0,"r":188.0,"q":2.94,"p":250000.0,"mot":"U","mo":188.0},{"cn":"","ui":"","t":0.0,"r":0.0,"q":0.0,"p":0.0,"mot":"L","mo":0.0}]},{"d":"20.11.2020","r":281.0,"q":2.94,"p":250000.0,"s":[{"cn":"INC MAC B","ui":"6316227","t":281.0,"r":281.0,"q":2.94,"p":250000.0,"mot":"U","mo":281.0},{"cn":"","ui":"","t":0.0,"r":0.0,"q":0.0,"p":0.0,"mot":"L","mo":0.0}]},{"d":"23.11.2020","r":510.0,"q":2.79,"p":250000.0,"s":[{"cn":"INC MAC B","ui":"6316227","t":510.0,"r":510.0,"q":2.79,"p":250000.0,"mot":"U","mo":510.0},{"cn":"","ui":"","t":0.0,"r":0.0,"q":0.0,"p":0.0,"mot":"L","mo":0.0}]},{"d":"24.11.2020","r":582.0,"q":2.75,"p":250000.0,"s":[{"cn":"INC MAC B","ui":"6316227","t":582.0,"r":582.0,"q":2.75,"p":250000.0,"mot":"U","mo":582.0},{"cn":"","ui":"","t":0.0,"r":0.0,"q":0.0,"p":0.0,"mot":"L","mo":0.0}]},{"d":"25.11.2020","r":664.0,"q":2.75,"p":250000.0,"s":[{"cn":"INC MAC B","ui":"6316227","t":664.0,"r":664.0,"q":2.75,"p":250000.0,"mot":"U","mo":664.0},{"cn":"","ui":"","t":0.0,"r":0.0,"q":0.0,"p":0.0,"mot":"L","mo":0.0}]},{"d":"26.11.2020","r":746.0,"q":2.75,"p":250000.0,"s":[{"cn":"INC MAC B","ui":"6316227","t":746.0,"r":746.0,"q":2.75,"p":250000.0,"mot":"U","mo":746.0},{"cn":"","ui":"","t":0.0,"r":0.0,"q":0.0,"p":0.0,"mot":"L","mo":0.0}]},{"d":"27.11.2020","r":828.0,"q":2.75,"p":250000.0,"s":[{"cn":"INC MAC B","ui":"6316227","t":828.0,"r":828.0,"q":2.75,"p":250000.0,"mot":"U","mo":828.0},{"cn":"","ui":"","t":0.0,"r":0.0,"q":0.0,"p":0.0,"mot":"L","mo":0.0}]},{"d":"30.11.2020","r":1045.0,"q":2.7,"p":250000.0,"s":[{"cn":"INC MAC B","ui":"6316227","t":1045.0,"r":1045.0,"q":2.7,"p":250000.0,"mot":"U","mo":1045.0},{"cn":"","ui":"","t":0.0,"r":0.0,"q":0.0,"p":0.0,"mot":"L","mo":0.0}]},{"d":"07.01.2021","r":3004.0,"q":2.26,"p":265000.0,"s":[{"cn":"INC MAC B","ui":"6316227","t":3004.0,"r":3004.0,"q":2.26,"p":265000.0,"mot":"U","mo":3004.0},{"cn":"","ui":"","t":0.0,"r":0.0,"q":0.0,"p":0.0,"mot":"L","mo":0.0}]},{"d":"08.01.2021","r":3052.0,"q":2.26,"p":265000.0,"s":[{"cn":"INC MAC B","ui":"6316227","t":3052.0,"r":3052.0,"q":2.26,"p":265000.0,"mot":"U","mo":3052.0},{"cn":"","ui":"","t":0.0,"r":0.0,"q":0.0,"p":0.0,"mot":"L","mo":0.0}]},{"d":"11.01.2021","r":3196.0,"q":2.24,"p":265000.0,"s":[{"cn":"INC MAC B","ui":"6316227","t":3196.0,"r":3196.0,"q":2.24,"p":265000.0,"mot":"U","mo":3196.0},{"cn":"","ui":"","t":0.0,"r":0.0,"q":0.0,"p":0.0,"mot":"L","mo":0.0}]},{"d":"14.01.2021","r":82283.0,"q":13.35,"p":250000.0,"s":[{"cn":"GPT engieniering","ui":"5177543","t":82283.0,"r":82283.0,"q":13.35,"p":250000.0,"mot":"U","mo":82283.0},{"cn":"","ui":"","t":0.0,"r":0.0,"q":0.0,"p":0.0,"mot":"L","mo":0.0}]},{"d":"08.03.2021","r":82282.0,"q":13.35,"p":250000.0,"s":[{"cn":"GPT engieniering","ui":"5177543","t":82283.0,"r":82282.0,"q":13.35,"p":250000.0,"mot":"U","mo":82282.0},{"cn":"","ui":"","t":0.0,"r":0.0,"q":0.0,"p":0.0,"mot":"L","mo":0.0}]},{"d":"09.03.2021","r":82282.0,"q":13.35,"p":250000.0,"s":[{"cn":"GPT engieniering","ui":"5177543","t":82282.0,"r":82282.0,"q":13.35,"p":250000.0,"mot":"U","mo":82282.0},{"cn":"","ui":"","t":0.0,"r":0.0,"q":0.0,"p":0.0,"mot":"L","mo":0.0}]},{"d":"05.04.2021","r":85481.0,"q":12.93,"p":250561.53,"s":[{"cn":"GPT engieniering","ui":"5177543","t":82281.0,"r":82281.0,"q":13.35,"p":250000.0,"mot":"U","mo":82281.0},{"cn":"","ui":"","t":3200.0,"r":3200.0,"q":2.24,"p":265000.0,"mot":"L","mo":3200.0}]},{"d":"22.10.2021","r":68201.0,"q":13.35,"p":250000.0,"s":[{"cn":"GPT engieniering","ui":"5177543","t":68306.0,"r":68201.0,"q":13.35,"p":250000.0,"mot":"U","mo":68201.0},{"cn":"","ui":"","t":0.0,"r":0.0,"q":0.0,"p":0.0,"mot":"L","mo":0.0}]},{"d":"25.10.2021","r":67886.0,"q":13.35,"p":250000.0,"s":[{"cn":"GPT engieniering","ui":"5177543","t":67991.0,"r":67886.0,"q":13.35,"p":250000.0,"mot":"U","mo":67886.0},{"cn":"","ui":"","t":0.0,"r":0.0,"q":0.0,"p":0.0,"mot":"L","mo":0.0}]},{"d":"26.10.2021","r":67781.0,"q":13.35,"p":250000.0,"s":[{"cn":"GPT engieniering","ui":"5177543","t":67886.0,"r":67781.0,"q":13.35,"p":250000.0,"mot":"U","mo":67781.0},{"cn":"","ui":"","t":0.0,"r":0.0,"q":0.0,"p":0.0,"mot":"L","mo":0.0}]},{"d":"27.10.2021","r":67676.0,"q":13.35,"p":250000.0,"s":[{"cn":"GPT engieniering","ui":"5177543","t":67781.0,"r":67676.0,"q":13.35,"p":250000.0,"mot":"U","mo":67676.0},{"cn":"","ui":"","t":0.0,"r":0.0,"q":0.0,"p":0.0,"mot":"L","mo":0.0}]},{"d":"28.10.2021","r":67571.0,"q":13.35,"p":250000.0,"s":[{"cn":"GPT engieniering","ui":"5177543","t":67676.0,"r":67571.0,"q":13.35,"p":250000.0,"mot":"U","mo":67571.0},{"cn":"","ui":"","t":0.0,"r":0.0,"q":0.0,"p":0.0,"mot":"L","mo":0.0}]},{"d":"29.10.2021","r":67466.0,"q":13.35,"p":250000.0,"s":[{"cn":"GPT engieniering","ui":"5177543","t":67571.0,"r":67466.0,"q":13.35,"p":250000.0,"mot":"U","mo":67466.0},{"cn":"","ui":"","t":0.0,"r":0.0,"q":0.0,"p":0.0,"mot":"L","mo":0.0}]},{"d":"01.11.2021","r":67151.0,"q":13.35,"p":250000.0,"s":[{"cn":"GPT engieniering","ui":"5177543","t":67256.0,"r":67151.0,"q":13.35,"p":250000.0,"mot":"U","mo":67151.0},{"cn":"","ui":"","t":0.0,"r":0.0,"q":0.0,"p":0.0,"mot":"L","mo":0.0}]},{"d":"02.11.2021","r":67046.0,"q":13.35,"p":250000.0,"s":[{"cn":"GPT engieniering","ui":"5177543","t":67151.0,"r":67046.0,"q":13.35,"p":250000.0,"mot":"U","mo":67046.0},{"cn":"","ui":"","t":0.0,"r":0.0,"q":0.0,"p":0.0,"mot":"L","mo":0.0}]},{"d":"03.11.2021","r":66941.0,"q":13.35,"p":250000.0,"s":[{"cn":"GPT engieniering","ui":"5177543","t":67046.0,"r":66941.0,"q":13.35,"p":250000.0,"mot":"U","mo":66941.0},{"cn":"","ui":"","t":0.0,"r":0.0,"q":0.0,"p":0.0,"mot":"L","mo":0.0}]},{"d":"04.11.2021","r":66836.0,"q":13.35,"p":250000.0,"s":[{"cn":"GPT engieniering","ui":"5177543","t":66941.0,"r":66836.0,"q":13.35,"p":250000.0,"mot":"U","mo":66836.0},{"cn":"","ui":"","t":0.0,"r":0.0,"q":0.0,"p":0.0,"mot":"L","mo":0.0}]},{"d":"05.11.2021","r":66731.0,"q":13.35,"p":250000.0,"s":[{"cn":"GPT engieniering","ui":"5177543","t":66836.0,"r":66731.0,"q":13.35,"p":250000.0,"mot":"U","mo":66731.0},{"cn":"","ui":"","t":0.0,"r":0.0,"q":0.0,"p":0.0,"mot":"L","mo":0.0}]},{"d":"08.11.2021","r":66424.0,"q":13.35,"p":250000.0,"s":[{"cn":"GPT engieniering","ui":"5177543","t":66525.0,"r":66424.0,"q":13.35,"p":250000.0,"mot":"U","mo":66424.0},{"cn":"","ui":"","t":0.0,"r":0.0,"q":0.0,"p":0.0,"mot":"L","mo":0.0}]},{"d":"09.11.2021","r":66323.0,"q":13.35,"p":250000.0,"s":[{"cn":"GPT engieniering","ui":"5177543","t":66424.0,"r":66323.0,"q":13.35,"p":250000.0,"mot":"U","mo":66323.0},{"cn":"","ui":"","t":0.0,"r":0.0,"q":0.0,"p":0.0,"mot":"L","mo":0.0}]},{"d":"10.11.2021","r":66122.0,"q":13.35,"p":250000.0,"s":[{"cn":"GPT engieniering","ui":"5177543","t":66223.0,"r":66122.0,"q":13.35,"p":250000.0,"mot":"U","mo":66122.0},{"cn":"","ui":"","t":0.0,"r":0.0,"q":0.0,"p":0.0,"mot":"L","mo":0.0}]},{"d":"11.11.2021","r":66021.0,"q":13.35,"p":250000.0,"s":[{"cn":"GPT engieniering","ui":"5177543","t":66122.0,"r":66021.0,"q":13.35,"p":250000.0,"mot":"U","mo":66021.0},{"cn":"","ui":"","t":0.0,"r":0.0,"q":0.0,"p":0.0,"mot":"L","mo":0.0}]},{"d":"12.11.2021","r":65920.0,"q":13.35,"p":250000.0,"s":[{"cn":"GPT engieniering","ui":"5177543","t":66021.0,"r":65920.0,"q":13.35,"p":250000.0,"mot":"U","mo":65920.0},{"cn":"","ui":"","t":0.0,"r":0.0,"q":0.0,"p":0.0,"mot":"L","mo":0.0}]},{"d":"15.11.2021","r":65617.0,"q":13.35,"p":250000.0,"s":[{"cn":"GPT engieniering","ui":"5177543","t":65718.0,"r":65617.0,"q":13.35,"p":250000.0,"mot":"U","mo":65617.0},{"cn":"","ui":"","t":0.0,"r":0.0,"q":0.0,"p":0.0,"mot":"L","mo":0.0}]},{"d":"16.11.2021","r":65516.0,"q":13.35,"p":250000.0,"s":[{"cn":"GPT engieniering","ui":"5177543","t":65617.0,"r":65516.0,"q":13.35,"p":250000.0,"mot":"U","mo":65516.0},{"cn":"","ui":"","t":0.0,"r":0.0,"q":0.0,"p":0.0,"mot":"L","mo":0.0}]},{"d":"17.11.2021","r":65415.0,"q":13.35,"p":250000.0,"s":[{"cn":"GPT engieniering","ui":"5177543","t":65516.0,"r":65415.0,"q":13.35,"p":250000.0,"mot":"U","mo":65415.0},{"cn":"","ui":"","t":0.0,"r":0.0,"q":0.0,"p":0.0,"mot":"L","mo":0.0}]},{"d":"18.11.2021","r":65314.0,"q":13.35,"p":250000.0,"s":[{"cn":"GPT engieniering","ui":"5177543","t":65415.0,"r":65314.0,"q":13.35,"p":250000.0,"mot":"U","mo":65314.0},{"cn":"","ui":"","t":0.0,"r":0.0,"q":0.0,"p":0.0,"mot":"L","mo":0.0}]},{"d":"19.11.2021","r":65213.0,"q":13.35,"p":250000.0,"s":[{"cn":"GPT engieniering","ui":"5177543","t":65314.0,"r":65213.0,"q":13.35,"p":250000.0,"mot":"U","mo":65213.0},{"cn":"","ui":"","t":0.0,"r":0.0,"q":0.0,"p":0.0,"mot":"L","mo":0.0}]},{"d":"22.11.2021","r":64911.0,"q":13.35,"p":250000.0,"s":[{"cn":"GPT engieniering","ui":"5177543","t":65012.0,"r":64911.0,"q":13.35,"p":250000.0,"mot":"U","mo":64911.0},{"cn":"","ui":"","t":0.0,"r":0.0,"q":0.0,"p":0.0,"mot":"L","mo":0.0}]},{"d":"23.11.2021","r":64810.0,"q":13.35,"p":250000.0,"s":[{"cn":"GPT engieniering","ui":"5177543","t":64911.0,"r":64810.0,"q":13.35,"p":250000.0,"mot":"U","mo":64810.0},{"cn":"","ui":"","t":0.0,"r":0.0,"q":0.0,"p":0.0,"mot":"L","mo":0.0}]},{"d":"24.11.2021","r":64709.0,"q":13.35,"p":250000.0,"s":[{"cn":"GPT engieniering","ui":"5177543","t":64810.0,"r":64709.0,"q":13.35,"p":250000.0,"mot":"U","mo":64709.0},{"cn":"","ui":"","t":0.0,"r":0.0,"q":0.0,"p":0.0,"mot":"L","mo":0.0}]},{"d":"25.11.2021","r":64608.0,"q":13.35,"p":250000.0,"s":[{"cn":"GPT engieniering","ui":"5177543","t":64709.0,"r":64608.0,"q":13.35,"p":250000.0,"mot":"U","mo":64608.0},{"cn":"","ui":"","t":0.0,"r":0.0,"q":0.0,"p":0.0,"mot":"L","mo":0.0}]},{"d":"26.11.2021","r":64507.0,"q":13.35,"p":250000.0,"s":[{"cn":"GPT engieniering","ui":"5177543","t":64608.0,"r":64507.0,"q":13.35,"p":250000.0,"mot":"U","mo":64507.0},{"cn":"","ui":"","t":0.0,"r":0.0,"q":0.0,"p":0.0,"mot":"L","mo":0.0}]},{"d":"29.11.2021","r":64204.0,"q":13.35,"p":250000.0,"s":[{"cn":"GPT engieniering","ui":"5177543","t":64305.0,"r":64204.0,"q":13.35,"p":250000.0,"mot":"U","mo":64204.0},{"cn":"","ui":"","t":0.0,"r":0.0,"q":0.0,"p":0.0,"mot":"L","mo":0.0}]},{"d":"30.11.2021","r":64104.0,"q":13.35,"p":250000.0,"s":[{"cn":"GPT engieniering","ui":"5177543","t":64204.0,"r":64104.0,"q":13.35,"p":250000.0,"mot":"U","mo":64104.0},{"cn":"","ui":"","t":0.0,"r":0.0,"q":0.0,"p":0.0,"mot":"L","mo":0.0}]},{"d":"01.12.2021","r":64004.0,"q":13.35,"p":250000.0,"s":[{"cn":"GPT engieniering","ui":"5177543","t":64104.0,"r":64004.0,"q":13.35,"p":250000.0,"mot":"U","mo":64004.0},{"cn":"","ui":"","t":0.0,"r":0.0,"q":0.0,"p":0.0,"mot":"L","mo":0.0}]},{"d":"02.12.2021","r":63904.0,"q":13.35,"p":250000.0,"s":[{"cn":"GPT engieniering","ui":"5177543","t":64004.0,"r":63904.0,"q":13.35,"p":250000.0,"mot":"U","mo":63904.0},{"cn":"","ui":"","t":0.0,"r":0.0,"q":0.0,"p":0.0,"mot":"L","mo":0.0}]},{"d":"03.12.2021","r":63804.0,"q":13.35,"p":250000.0,"s":[{"cn":"GPT engieniering","ui":"5177543","t":63904.0,"r":63804.0,"q":13.35,"p":250000.0,"mot":"U","mo":63804.0},{"cn":"","ui":"","t":0.0,"r":0.0,"q":0.0,"p":0.0,"mot":"L","mo":0.0}]},{"d":"06.12.2021","r":63504.0,"q":13.35,"p":250000.0,"s":[{"cn":"GPT engieniering","ui":"5177543","t":63604.0,"r":63504.0,"q":13.35,"p":250000.0,"mot":"U","mo":63504.0},{"cn":"","ui":"","t":0.0,"r":0.0,"q":0.0,"p":0.0,"mot":"L","mo":0.0}]},{"d":"07.12.2021","r":63404.0,"q":13.35,"p":250000.0,"s":[{"cn":"GPT engieniering","ui":"5177543","t":63504.0,"r":63404.0,"q":13.35,"p":250000.0,"mot":"U","mo":63404.0},{"cn":"","ui":"","t":0.0,"r":0.0,"q":0.0,"p":0.0,"mot":"L","mo":0.0}]},{"d":"08.12.2021","r":63304.0,"q":13.35,"p":250000.0,"s":[{"cn":"GPT engieniering","ui":"5177543","t":63404.0,"r":63304.0,"q":13.35,"p":250000.0,"mot":"U","mo":63304.0},{"cn":"","ui":"","t":0.0,"r":0.0,"q":0.0,"p":0.0,"mot":"L","mo":0.0}]},{"d":"09.12.2021","r":63204.0,"q":13.35,"p":250000.0,"s":[{"cn":"GPT engieniering","ui":"5177543","t":63304.0,"r":63204.0,"q":13.35,"p":250000.0,"mot":"U","mo":63204.0},{"cn":"","ui":"","t":0.0,"r":0.0,"q":0.0,"p":0.0,"mot":"L","mo":0.0}]},{"d":"10.12.2021","r":63104.0,"q":13.35,"p":250000.0,"s":[{"cn":"GPT engieniering","ui":"5177543","t":63204.0,"r":63104.0,"q":13.35,"p":250000.0,"mot":"U","mo":63104.0},{"cn":"","ui":"","t":0.0,"r":0.0,"q":0.0,"p":0.0,"mot":"L","mo":0.0}]},{"d":"13.12.2021","r":62804.0,"q":13.35,"p":250000.0,"s":[{"cn":"GPT engieniering","ui":"5177543","t":62904.0,"r":62804.0,"q":13.35,"p":250000.0,"mot":"U","mo":62804.0},{"cn":"","ui":"","t":0.0,"r":0.0,"q":0.0,"p":0.0,"mot":"L","mo":0.0}]},{"d":"14.12.2021","r":63704.0,"q":13.59,"p":249215.12,"s":[{"cn":"GPT engieniering","ui":"5177543","t":62804.0,"r":62704.0,"q":13.35,"p":250000.0,"mot":"U","mo":62704.0},{"cn":"","ui":"","t":552897.0,"r":1000.0,"q":28.77,"p":200000.0,"mot":"L","mo":1000.0}]},{"d":"15.12.2021","r":63604.0,"q":13.59,"p":249213.89,"s":[{"cn":"GPT engieniering","ui":"5177543","t":62704.0,"r":62604.0,"q":13.35,"p":250000.0,"mot":"U","mo":62604.0},{"cn":"","ui":"","t":553897.0,"r":1000.0,"q":28.77,"p":200000.0,"mot":"L","mo":1000.0}]},{"d":"16.12.2021","r":63504.0,"q":13.59,"p":249212.65,"s":[{"cn":"GPT engieniering","ui":"5177543","t":62604.0,"r":62504.0,"q":13.35,"p":250000.0,"mot":"U","mo":62504.0},{"cn":"","ui":"","t":554897.0,"r":1000.0,"q":28.77,"p":200000.0,"mot":"L","mo":1000.0}]},{"d":"17.12.2021","r":63404.0,"q":13.59,"p":249211.41,"s":[{"cn":"GPT engieniering","ui":"5177543","t":62504.0,"r":62404.0,"q":13.35,"p":250000.0,"mot":"U","mo":62404.0},{"cn":"","ui":"","t":555892.0,"r":1000.0,"q":28.77,"p":200000.0,"mot":"L","mo":1000.0}]},{"d":"20.12.2021","r":63104.0,"q":13.59,"p":249207.66,"s":[{"cn":"GPT engieniering","ui":"5177543","t":62204.0,"r":62104.0,"q":13.35,"p":250000.0,"mot":"U","mo":62104.0},{"cn":"","ui":"","t":558885.0,"r":1000.0,"q":28.78,"p":200000.0,"mot":"L","mo":1000.0}]},{"d":"21.12.2021","r":63004.0,"q":13.59,"p":249206.4,"s":[{"cn":"GPT engieniering","ui":"5177543","t":62104.0,"r":62004.0,"q":13.35,"p":250000.0,"mot":"U","mo":62004.0},{"cn":"","ui":"","t":559884.0,"r":1000.0,"q":28.78,"p":200000.0,"mot":"L","mo":1000.0}]},{"d":"22.12.2021","r":62904.0,"q":13.6,"p":249205.14,"s":[{"cn":"GPT engieniering","ui":"5177543","t":62004.0,"r":61904.0,"q":13.35,"p":250000.0,"mot":"U","mo":61904.0},{"cn":"","ui":"","t":560883.0,"r":1000.0,"q":28.78,"p":200000.0,"mot":"L","mo":1000.0}]},{"d":"23.12.2021","r":62804.0,"q":13.6,"p":249203.87,"s":[{"cn":"GPT engieniering","ui":"5177543","t":61904.0,"r":61804.0,"q":13.35,"p":250000.0,"mot":"U","mo":61804.0},{"cn":"","ui":"","t":561882.0,"r":1000.0,"q":28.78,"p":200000.0,"mot":"L","mo":1000.0}]},{"d":"24.12.2021","r":62704.0,"q":13.6,"p":249202.6,"s":[{"cn":"GPT engieniering","ui":"5177543","t":61804.0,"r":61704.0,"q":13.35,"p":250000.0,"mot":"U","mo":61704.0},{"cn":"","ui":"","t":562881.0,"r":1000.0,"q":28.78,"p":200000.0,"mot":"L","mo":1000.0}]},{"d":"27.12.2021","r":62404.0,"q":13.6,"p":249198.77,"s":[{"cn":"GPT engieniering","ui":"5177543","t":61504.0,"r":61404.0,"q":13.35,"p":250000.0,"mot":"U","mo":61404.0},{"cn":"","ui":"","t":565879.0,"r":1000.0,"q":28.79,"p":200000.0,"mot":"L","mo":1000.0}]},{"d":"28.12.2021","r":62304.0,"q":13.6,"p":249197.48,"s":[{"cn":"GPT engieniering","ui":"5177543","t":61404.0,"r":61304.0,"q":13.35,"p":250000.0,"mot":"U","mo":61304.0},{"cn":"","ui":"","t":566879.0,"r":1000.0,"q":28.79,"p":200000.0,"mot":"L","mo":1000.0}]},{"d":"29.12.2021","r":62204.0,"q":13.6,"p":249196.19,"s":[{"cn":"GPT engieniering","ui":"5177543","t":61304.0,"r":61204.0,"q":13.35,"p":250000.0,"mot":"U","mo":61204.0},{"cn":"","ui":"","t":567874.0,"r":1000.0,"q":28.79,"p":200000.0,"mot":"L","mo":1000.0}]},{"d":"30.12.2021","r":62104.0,"q":13.6,"p":249194.9,"s":[{"cn":"GPT engieniering","ui":"5177543","t":61204.0,"r":61104.0,"q":13.35,"p":250000.0,"mot":"U","mo":61104.0},{"cn":"","ui":"","t":568861.0,"r":1000.0,"q":28.79,"p":200000.0,"mot":"L","mo":1000.0}]},{"d":"31.12.2021","r":62004.0,"q":13.6,"p":249193.6,"s":[{"cn":"GPT engieniering","ui":"5177543","t":61104.0,"r":61004.0,"q":13.35,"p":250000.0,"mot":"U","mo":61004.0},{"cn":"","ui":"","t":569861.0,"r":1000.0,"q":28.79,"p":200000.0,"mot":"L","mo":1000.0}]},{"d":"03.01.2022","r":61704.0,"q":13.6,"p":249189.68,"s":[{"cn":"GPT engieniering","ui":"5177543","t":60804.0,"r":60704.0,"q":13.35,"p":250000.0,"mot":"U","mo":60704.0},{"cn":"","ui":"","t":572858.0,"r":1000.0,"q":28.8,"p":200000.0,"mot":"L","mo":1000.0}]},{"d":"04.01.2022","r":61604.0,"q":13.6,"p":249188.36,"s":[{"cn":"GPT engieniering","ui":"5177543","t":60704.0,"r":60604.0,"q":13.35,"p":250000.0,"mot":"U","mo":60604.0},{"cn":"","ui":"","t":573858.0,"r":1000.0,"q":28.8,"p":200000.0,"mot":"L","mo":1000.0}]},{"d":"05.01.2022","r":61504.0,"q":13.6,"p":249187.04,"s":[{"cn":"GPT engieniering","ui":"5177543","t":60604.0,"r":60504.0,"q":13.35,"p":250000.0,"mot":"U","mo":60504.0},{"cn":"","ui":"","t":574858.0,"r":1000.0,"q":28.8,"p":200000.0,"mot":"L","mo":1000.0}]},{"d":"06.01.2022","r":61404.0,"q":13.6,"p":249185.72,"s":[{"cn":"GPT engieniering","ui":"5177543","t":60504.0,"r":60404.0,"q":13.35,"p":250000.0,"mot":"U","mo":60404.0},{"cn":"","ui":"","t":575858.0,"r":1000.0,"q":28.8,"p":200000.0,"mot":"L","mo":1000.0}]},{"d":"07.01.2022","r":61305.0,"q":13.6,"p":249185.63,"s":[{"cn":"GPT engieniering","ui":"5177543","t":60404.0,"r":60304.0,"q":13.35,"p":250000.0,"mot":"U","mo":60304.0},{"cn":"","ui":"","t":576859.0,"r":1001.0,"q":28.78,"p":200124.88,"mot":"L","mo":1001.0}]},{"d":"10.01.2022","r":61004.0,"q":13.6,"p":249180.38,"s":[{"cn":"GPT engieniering","ui":"5177543","t":60104.0,"r":60004.0,"q":13.35,"p":250000.0,"mot":"U","mo":60004.0},{"cn":"","ui":"","t":579858.0,"r":1000.0,"q":28.81,"p":200000.0,"mot":"L","mo":1000.0}]},{"d":"11.01.2022","r":60904.0,"q":13.6,"p":249179.04,"s":[{"cn":"GPT engieniering","ui":"5177543","t":60004.0,"r":59904.0,"q":13.35,"p":250000.0,"mot":"U","mo":59904.0},{"cn":"","ui":"","t":580858.0,"r":1000.0,"q":28.81,"p":200000.0,"mot":"L","mo":1000.0}]},{"d":"12.01.2022","r":60804.0,"q":13.6,"p":249177.69,"s":[{"cn":"GPT engieniering","ui":"5177543","t":59904.0,"r":59804.0,"q":13.35,"p":250000.0,"mot":"U","mo":59804.0},{"cn":"","ui":"","t":581858.0,"r":1000.0,"q":28.81,"p":200000.0,"mot":"L","mo":1000.0}]},{"d":"13.01.2022","r":60704.0,"q":13.6,"p":249176.33,"s":[{"cn":"GPT engieniering","ui":"5177543","t":59804.0,"r":59704.0,"q":13.35,"p":250000.0,"mot":"U","mo":59704.0},{"cn":"","ui":"","t":582858.0,"r":1000.0,"q":28.81,"p":200000.0,"mot":"L","mo":1000.0}]},{"d":"18.01.2022","r":60204.0,"q":13.61,"p":249169.49,"s":[{"cn":"GPT engieniering","ui":"5177543","t":59304.0,"r":59204.0,"q":13.35,"p":250000.0,"mot":"U","mo":59204.0},{"cn":"","ui":"","t":587858.0,"r":1000.0,"q":28.81,"p":200000.0,"mot":"L","mo":1000.0}]},{"d":"19.01.2022","r":60104.0,"q":13.61,"p":249168.11,"s":[{"cn":"GPT engieniering","ui":"5177543","t":59204.0,"r":59104.0,"q":13.35,"p":250000.0,"mot":"U","mo":59104.0},{"cn":"","ui":"","t":588858.0,"r":1000.0,"q":28.81,"p":200000.0,"mot":"L","mo":1000.0}]},{"d":"20.01.2022","r":60004.0,"q":13.61,"p":249166.72,"s":[{"cn":"GPT engieniering","ui":"5177543","t":59104.0,"r":59004.0,"q":13.35,"p":250000.0,"mot":"U","mo":59004.0},{"cn":"","ui":"","t":589858.0,"r":1000.0,"q":28.81,"p":200000.0,"mot":"L","mo":1000.0}]},{"d":"21.01.2022","r":59904.0,"q":13.61,"p":249165.33,"s":[{"cn":"GPT engieniering","ui":"5177543","t":59004.0,"r":58904.0,"q":13.35,"p":250000.0,"mot":"U","mo":58904.0},{"cn":"","ui":"","t":590858.0,"r":1000.0,"q":28.81,"p":200000.0,"mot":"L","mo":1000.0}]},{"d":"17.02.2022","r":1000.0,"q":28.75,"p":200000.0,"s":[{"cn":"vodken","ui":"3259779","t":617858.0,"r":617858.0,"q":28.75,"p":200000.0,"mot":"L","mo":1000.0},{"cn":"","ui":"","t":0.0,"r":0.0,"q":0.0,"p":0.0,"mot":"L","mo":0.0}]},{"d":"18.02.2022","r":1000.0,"q":28.75,"p":200000.0,"s":[{"cn":"vodken","ui":"3259779","t":618858.0,"r":618858.0,"q":28.75,"p":200000.0,"mot":"L","mo":1000.0},{"cn":"","ui":"","t":0.0,"r":0.0,"q":0.0,"p":0.0,"mot":"L","mo":0.0}]},{"d":"21.02.2022","r":1000.0,"q":28.74,"p":200000.0,"s":[{"cn":"vodken","ui":"3259779","t":621858.0,"r":621858.0,"q":28.74,"p":200000.0,"mot":"L","mo":1000.0},{"cn":"","ui":"","t":0.0,"r":0.0,"q":0.0,"p":0.0,"mot":"L","mo":0.0}]},{"d":"22.02.2022","r":1000.0,"q":28.73,"p":200000.0,"s":[{"cn":"vodken","ui":"3259779","t":622858.0,"r":622858.0,"q":28.73,"p":200000.0,"mot":"L","mo":1000.0},{"cn":"","ui":"","t":0.0,"r":0.0,"q":0.0,"p":0.0,"mot":"L","mo":0.0}]},{"d":"23.02.2022","r":1000.0,"q":28.73,"p":200000.0,"s":[{"cn":"vodken","ui":"3259779","t":623858.0,"r":623858.0,"q":28.73,"p":200000.0,"mot":"L","mo":1000.0},{"cn":"","ui":"","t":0.0,"r":0.0,"q":0.0,"p":0.0,"mot":"L","mo":0.0}]},{"d":"24.02.2022","r":1000.0,"q":28.72,"p":200000.0,"s":[{"cn":"vodken","ui":"3259779","t":624858.0,"r":624858.0,"q":28.72,"p":200000.0,"mot":"L","mo":1000.0},{"cn":"","ui":"","t":0.0,"r":0.0,"q":0.0,"p":0.0,"mot":"L","mo":0.0}]},{"d":"25.02.2022","r":1000.0,"q":28.72,"p":200000.0,"s":[{"cn":"vodken","ui":"3259779","t":625858.0,"r":625858.0,"q":28.72,"p":200000.0,"mot":"L","mo":1000.0},{"cn":"","ui":"","t":0.0,"r":0.0,"q":0.0,"p":0.0,"mot":"L","mo":0.0}]},{"d":"28.02.2022","r":1000.0,"q":28.71,"p":200000.0,"s":[{"cn":"Schmatko group","ui":"3259779","t":626458.0,"r":625758.0,"q":28.71,"p":200000.0,"mot":"L","mo":1000.0},{"cn":"","ui":"","t":0.0,"r":0.0,"q":0.0,"p":0.0,"mot":"L","mo":0.0}]},{"d":"01.03.2022","r":1000.0,"q":28.71,"p":200000.0,"s":[{"cn":"Schmatko group","ui":"3259779","t":625758.0,"r":625058.0,"q":28.71,"p":200000.0,"mot":"L","mo":1000.0},{"cn":"","ui":"","t":0.0,"r":0.0,"q":0.0,"p":0.0,"mot":"L","mo":0.0}]},{"d":"02.03.2022","r":1000.0,"q":28.71,"p":200000.0,"s":[{"cn":"Schmatko group","ui":"3259779","t":625058.0,"r":624357.0,"q":28.71,"p":200000.0,"mot":"L","mo":1000.0},{"cn":"","ui":"","t":0.0,"r":0.0,"q":0.0,"p":0.0,"mot":"L","mo":0.0}]},{"d":"03.03.2022","r":1000.0,"q":28.71,"p":200000.0,"s":[{"cn":"Schmatko group","ui":"3259779","t":624357.0,"r":623656.0,"q":28.71,"p":200000.0,"mot":"L","mo":1000.0},{"cn":"","ui":"","t":0.0,"r":0.0,"q":0.0,"p":0.0,"mot":"L","mo":0.0}]},{"d":"04.03.2022","r":1000.0,"q":28.71,"p":200000.0,"s":[{"cn":"Schmatko group","ui":"3259779","t":623656.0,"r":622955.0,"q":28.71,"p":200000.0,"mot":"L","mo":1000.0},{"cn":"","ui":"","t":0.0,"r":0.0,"q":0.0,"p":0.0,"mot":"L","mo":0.0}]},{"d":"07.03.2022","r":1000.0,"q":28.71,"p":239000.0,"s":[{"cn":"Schmatko group","ui":"3259779","t":621553.0,"r":620852.0,"q":28.71,"p":239000.0,"mot":"L","mo":1000.0},{"cn":"","ui":"","t":0.0,"r":0.0,"q":0.0,"p":0.0,"mot":"L","mo":0.0}]},{"d":"08.03.2022","r":1000.0,"q":28.71,"p":259000.0,"s":[{"cn":"Schmatko group","ui":"3259779","t":620852.0,"r":620151.0,"q":28.71,"p":259000.0,"mot":"L","mo":1000.0},{"cn":"","ui":"","t":0.0,"r":0.0,"q":0.0,"p":0.0,"mot":"L","mo":0.0}]},{"d":"09.03.2022","r":1000.0,"q":28.71,"p":279000.0,"s":[{"cn":"Schmatko group","ui":"3259779","t":620151.0,"r":619450.0,"q":28.71,"p":279000.0,"mot":"L","mo":1000.0},{"cn":"","ui":"","t":0.0,"r":0.0,"q":0.0,"p":0.0,"mot":"L","mo":0.0}]},{"d":"10.03.2022","r":1000.0,"q":28.71,"p":299000.0,"s":[{"cn":"Schmatko group","ui":"3259779","t":619450.0,"r":618749.0,"q":28.71,"p":299000.0,"mot":"L","mo":1000.0},{"cn":"","ui":"","t":0.0,"r":0.0,"q":0.0,"p":0.0,"mot":"L","mo":0.0}]},{"d":"11.03.2022","r":1000.0,"q":28.71,"p":319000.0,"s":[{"cn":"Schmatko group","ui":"3259779","t":618749.0,"r":618048.0,"q":28.71,"p":319000.0,"mot":"L","mo":1000.0},{"cn":"","ui":"","t":0.0,"r":0.0,"q":0.0,"p":0.0,"mot":"L","mo":0.0}]},{"d":"14.03.2022","r":1000.0,"q":28.71,"p":409000.0,"s":[{"cn":"Schmatko group","ui":"3259779","t":616646.0,"r":615945.0,"q":28.71,"p":409000.0,"mot":"L","mo":1000.0},{"cn":"","ui":"","t":0.0,"r":0.0,"q":0.0,"p":0.0,"mot":"L","mo":0.0}]},{"d":"15.03.2022","r":1000.0,"q":28.71,"p":409000.0,"s":[{"cn":"Schmatko group","ui":"3259779","t":615945.0,"r":615244.0,"q":28.71,"p":409000.0,"mot":"L","mo":1000.0},{"cn":"","ui":"","t":0.0,"r":0.0,"q":0.0,"p":0.0,"mot":"L","mo":0.0}]},{"d":"16.03.2022","r":57904.0,"q":13.62,"p":252745.92,"s":[{"cn":"GPT engieniering","ui":"5177543","t":57004.0,"r":56904.0,"q":13.35,"p":250000.0,"mot":"U","mo":56904.0},{"cn":"","ui":"","t":615244.0,"r":1000.0,"q":28.71,"p":409000.0,"mot":"L","mo":1000.0}]},{"d":"17.03.2022","r":1000.0,"q":28.71,"p":449000.0,"s":[{"cn":"Schmatko group","ui":"3259779","t":614543.0,"r":613843.0,"q":28.71,"p":449000.0,"mot":"L","mo":1000.0},{"cn":"","ui":"","t":0.0,"r":0.0,"q":0.0,"p":0.0,"mot":"L","mo":0.0}]},{"d":"18.03.2022","r":1000.0,"q":28.71,"p":489000.0,"s":[{"cn":"Schmatko group","ui":"3259779","t":613843.0,"r":613143.0,"q":28.71,"p":489000.0,"mot":"L","mo":1000.0},{"cn":"","ui":"","t":0.0,"r":0.0,"q":0.0,"p":0.0,"mot":"L","mo":0.0}]},{"d":"21.03.2022","r":1000.0,"q":28.71,"p":640089.98,"s":[{"cn":"Monarch","ui":"3259779","t":612443.0,"r":612443.0,"q":28.71,"p":640089.979,"mot":"L","mo":1000.0},{"cn":"","ui":"","t":0.0,"r":0.0,"q":0.0,"p":0.0,"mot":"L","mo":0.0}]},{"d":"22.03.2022","r":1000.0,"q":28.71,"p":704098.97,"s":[{"cn":"Monarch","ui":"3259779","t":612443.0,"r":612443.0,"q":28.71,"p":704098.9669,"mot":"L","mo":1000.0},{"cn":"","ui":"","t":0.0,"r":0.0,"q":0.0,"p":0.0,"mot":"L","mo":0.0}]},{"d":"23.03.2022","r":1000.0,"q":28.71,"p":774508.85,"s":[{"cn":"Monarch","ui":"3259779","t":612443.0,"r":612443.0,"q":28.71,"p":774508.85359,"mot":"L","mo":1000.0},{"cn":"","ui":"","t":0.0,"r":0.0,"q":0.0,"p":0.0,"mot":"L","mo":0.0}]},{"d":"24.03.2022","r":1000.0,"q":28.71,"p":851959.73,"s":[{"cn":"Monarch","ui":"3259779","t":612443.0,"r":612443.0,"q":28.71,"p":851959.728949,"mot":"L","mo":1000.0},{"cn":"","ui":"","t":0.0,"r":0.0,"q":0.0,"p":0.0,"mot":"L","mo":0.0}]},{"d":"25.03.2022","r":58004.0,"q":13.61,"p":261846.69,"s":[{"cn":"GPT engieniering","ui":"5177543","t":57004.0,"r":57004.0,"q":13.35,"p":250000.0,"mot":"U","mo":57004.0},{"cn":"","ui":"","t":612443.0,"r":1000.0,"q":28.71,"p":937155.69,"mot":"L","mo":1000.0}]},{"d":"28.03.2022","r":57000.0,"q":13.35,"p":250000.0,"s":[{"cn":"GPT engieniering","ui":"5177543","t":57002.0,"r":57000.0,"q":13.35,"p":250000.0,"mot":"U","mo":57000.0},{"cn":"","ui":"","t":0.0,"r":0.0,"q":0.0,"p":0.0,"mot":"L","mo":0.0}]},{"d":"29.03.2022","r":57000.0,"q":13.35,"p":250000.0,"s":[{"cn":"GPT engieniering","ui":"5177543","t":57001.0,"r":57000.0,"q":13.35,"p":250000.0,"mot":"U","mo":57000.0},{"cn":"","ui":"","t":0.0,"r":0.0,"q":0.0,"p":0.0,"mot":"L","mo":0.0}]},{"d":"30.03.2022","r":56999.0,"q":13.35,"p":250000.0,"s":[{"cn":"GPT engieniering","ui":"5177543","t":57000.0,"r":56999.0,"q":13.35,"p":250000.0,"mot":"U","mo":56999.0},{"cn":"","ui":"","t":0.0,"r":0.0,"q":0.0,"p":0.0,"mot":"L","mo":0.0}]},{"d":"31.03.2022","r":56998.0,"q":13.35,"p":250000.0,"s":[{"cn":"GPT engieniering","ui":"5177543","t":56999.0,"r":56998.0,"q":13.35,"p":250000.0,"mot":"U","mo":56998.0},{"cn":"","ui":"","t":0.0,"r":0.0,"q":0.0,"p":0.0,"mot":"L","mo":0.0}]},{"d":"01.04.2022","r":56997.0,"q":13.35,"p":250000.0,"s":[{"cn":"GPT engieniering","ui":"5177543","t":56998.0,"r":56997.0,"q":13.35,"p":250000.0,"mot":"U","mo":56997.0},{"cn":"","ui":"","t":0.0,"r":0.0,"q":0.0,"p":0.0,"mot":"L","mo":0.0}]},{"d":"04.04.2022","r":56994.0,"q":13.35,"p":250000.0,"s":[{"cn":"GPT engieniering","ui":"5177543","t":56995.0,"r":56994.0,"q":13.35,"p":250000.0,"mot":"U","mo":56994.0},{"cn":"","ui":"","t":0.0,"r":0.0,"q":0.0,"p":0.0,"mot":"L","mo":0.0}]},{"d":"05.04.2022","r":56993.0,"q":13.35,"p":250000.0,"s":[{"cn":"GPT engieniering","ui":"5177543","t":56994.0,"r":56993.0,"q":13.35,"p":250000.0,"mot":"U","mo":56993.0},{"cn":"","ui":"","t":0.0,"r":0.0,"q":0.0,"p":0.0,"mot":"L","mo":0.0}]},{"d":"06.04.2022","r":56992.0,"q":13.35,"p":250000.0,"s":[{"cn":"GPT engieniering","ui":"5177543","t":56993.0,"r":56992.0,"q":13.35,"p":250000.0,"mot":"U","mo":56992.0},{"cn":"","ui":"","t":0.0,"r":0.0,"q":0.0,"p":0.0,"mot":"L","mo":0.0}]},{"d":"07.04.2022","r":56991.0,"q":13.35,"p":250000.0,"s":[{"cn":"GPT engieniering","ui":"5177543","t":56992.0,"r":56991.0,"q":13.35,"p":250000.0,"mot":"U","mo":56991.0},{"cn":"","ui":"","t":0.0,"r":0.0,"q":0.0,"p":0.0,"mot":"L","mo":0.0}]},{"d":"08.04.2022","r":56990.0,"q":13.35,"p":250000.0,"s":[{"cn":"GPT engieniering","ui":"5177543","t":56991.0,"r":56990.0,"q":13.35,"p":250000.0,"mot":"U","mo":56990.0},{"cn":"","ui":"","t":0.0,"r":0.0,"q":0.0,"p":0.0,"mot":"L","mo":0.0}]},{"d":"11.04.2022","r":56987.0,"q":13.35,"p":250000.0,"s":[{"cn":"GPT engieniering","ui":"5177543","t":56988.0,"r":56987.0,"q":13.35,"p":250000.0,"mot":"U","mo":56987.0},{"cn":"","ui":"","t":0.0,"r":0.0,"q":0.0,"p":0.0,"mot":"L","mo":0.0}]},{"d":"12.04.2022","r":56986.0,"q":13.35,"p":250000.0,"s":[{"cn":"GPT engieniering","ui":"5177543","t":56987.0,"r":56986.0,"q":13.35,"p":250000.0,"mot":"U","mo":56986.0},{"cn":"","ui":"","t":0.0,"r":0.0,"q":0.0,"p":0.0,"mot":"L","mo":0.0}]},{"d":"13.04.2022","r":56985.0,"q":13.35,"p":250000.0,"s":[{"cn":"GPT engieniering","ui":"5177543","t":56986.0,"r":56985.0,"q":13.35,"p":250000.0,"mot":"U","mo":56985.0},{"cn":"","ui":"","t":0.0,"r":0.0,"q":0.0,"p":0.0,"mot":"L","mo":0.0}]},{"d":"14.04.2022","r":56984.0,"q":13.35,"p":250000.0,"s":[{"cn":"GPT engieniering","ui":"5177543","t":56985.0,"r":56984.0,"q":13.35,"p":250000.0,"mot":"U","mo":56984.0},{"cn":"","ui":"","t":0.0,"r":0.0,"q":0.0,"p":0.0,"mot":"L","mo":0.0}]},{"d":"15.04.2022","r":56983.0,"q":13.35,"p":250000.0,"s":[{"cn":"GPT engieniering","ui":"5177543","t":56984.0,"r":56983.0,"q":13.35,"p":250000.0,"mot":"U","mo":56983.0},{"cn":"","ui":"","t":0.0,"r":0.0,"q":0.0,"p":0.0,"mot":"L","mo":0.0}]},{"d":"18.04.2022","r":56980.0,"q":13.35,"p":250000.0,"s":[{"cn":"GPT engieniering","ui":"5177543","t":56981.0,"r":56980.0,"q":13.35,"p":250000.0,"mot":"U","mo":56980.0},{"cn":"","ui":"","t":0.0,"r":0.0,"q":0.0,"p":0.0,"mot":"L","mo":0.0}]},{"d":"19.04.2022","r":56979.0,"q":13.35,"p":250000.0,"s":[{"cn":"GPT engieniering","ui":"5177543","t":56980.0,"r":56979.0,"q":13.35,"p":250000.0,"mot":"U","mo":56979.0},{"cn":"","ui":"","t":0.0,"r":0.0,"q":0.0,"p":0.0,"mot":"L","mo":0.0}]},{"d":"20.04.2022","r":56978.0,"q":13.35,"p":250000.0,"s":[{"cn":"GPT engieniering","ui":"5177543","t":56979.0,"r":56978.0,"q":13.35,"p":250000.0,"mot":"U","mo":56978.0},{"cn":"","ui":"","t":0.0,"r":0.0,"q":0.0,"p":0.0,"mot":"L","mo":0.0}]},{"d":"21.04.2022","r":56977.0,"q":13.35,"p":250000.0,"s":[{"cn":"GPT engieniering","ui":"5177543","t":56978.0,"r":56977.0,"q":13.35,"p":250000.0,"mot":"U","mo":56977.0},{"cn":"","ui":"","t":0.0,"r":0.0,"q":0.0,"p":0.0,"mot":"L","mo":0.0}]},{"d":"22.04.2022","r":56976.0,"q":13.35,"p":250000.0,"s":[{"cn":"GPT engieniering","ui":"5177543","t":56977.0,"r":56976.0,"q":13.35,"p":250000.0,"mot":"U","mo":56976.0},{"cn":"","ui":"","t":0.0,"r":0.0,"q":0.0,"p":0.0,"mot":"L","mo":0.0}]},{"d":"25.04.2022","r":56973.0,"q":13.35,"p":250000.0,"s":[{"cn":"GPT engieniering","ui":"5177543","t":56974.0,"r":56973.0,"q":13.35,"p":250000.0,"mot":"U","mo":56973.0},{"cn":"","ui":"","t":0.0,"r":0.0,"q":0.0,"p":0.0,"mot":"L","mo":0.0}]},{"d":"26.04.2022","r":56972.0,"q":13.35,"p":250000.0,"s":[{"cn":"GPT engieniering","ui":"5177543","t":56973.0,"r":56972.0,"q":13.35,"p":250000.0,"mot":"U","mo":56972.0},{"cn":"","ui":"","t":0.0,"r":0.0,"q":0.0,"p":0.0,"mot":"L","mo":0.0}]},{"d":"27.04.2022","r":56971.0,"q":13.35,"p":250000.0,"s":[{"cn":"GPT engieniering","ui":"5177543","t":56972.0,"r":56971.0,"q":13.35,"p":250000.0,"mot":"U","mo":56971.0},{"cn":"","ui":"","t":0.0,"r":0.0,"q":0.0,"p":0.0,"mot":"L","mo":0.0}]},{"d":"28.04.2022","r":56970.0,"q":13.35,"p":250000.0,"s":[{"cn":"GPT engieniering","ui":"5177543","t":56971.0,"r":56970.0,"q":13.35,"p":250000.0,"mot":"U","mo":56970.0},{"cn":"","ui":"","t":0.0,"r":0.0,"q":0.0,"p":0.0,"mot":"L","mo":0.0}]},{"d":"29.04.2022","r":56969.0,"q":13.35,"p":250000.0,"s":[{"cn":"GPT engieniering","ui":"5177543","t":56970.0,"r":56969.0,"q":13.35,"p":250000.0,"mot":"U","mo":56969.0},{"cn":"","ui":"","t":0.0,"r":0.0,"q":0.0,"p":0.0,"mot":"L","mo":0.0}]},{"d":"02.05.2022","r":56964.0,"q":13.35,"p":250000.0,"s":[{"cn":"GPT engieniering","ui":"5177543","t":56966.0,"r":56964.0,"q":13.35,"p":250000.0,"mot":"U","mo":56964.0},{"cn":"","ui":"","t":0.0,"r":0.0,"q":0.0,"p":0.0,"mot":"L","mo":0.0}]},{"d":"03.05.2022","r":56962.0,"q":13.35,"p":250000.0,"s":[{"cn":"GPT engieniering","ui":"5177543","t":56964.0,"r":56962.0,"q":13.35,"p":250000.0,"mot":"U","mo":56962.0},{"cn":"","ui":"","t":0.0,"r":0.0,"q":0.0,"p":0.0,"mot":"L","mo":0.0}]},{"d":"04.05.2022","r":56960.0,"q":13.35,"p":250000.0,"s":[{"cn":"GPT engieniering","ui":"5177543","t":56962.0,"r":56960.0,"q":13.35,"p":250000.0,"mot":"U","mo":56960.0},{"cn":"","ui":"","t":0.0,"r":0.0,"q":0.0,"p":0.0,"mot":"L","mo":0.0}]},{"d":"05.05.2022","r":56958.0,"q":13.35,"p":250000.0,"s":[{"cn":"GPT engieniering","ui":"5177543","t":56960.0,"r":56958.0,"q":13.35,"p":250000.0,"mot":"U","mo":56958.0},{"cn":"","ui":"","t":0.0,"r":0.0,"q":0.0,"p":0.0,"mot":"L","mo":0.0}]},{"d":"06.05.2022","r":56956.0,"q":13.35,"p":250000.0,"s":[{"cn":"GPT engieniering","ui":"5177543","t":56958.0,"r":56956.0,"q":13.35,"p":250000.0,"mot":"U","mo":56956.0},{"cn":"","ui":"","t":0.0,"r":0.0,"q":0.0,"p":0.0,"mot":"L","mo":0.0}]},{"d":"09.05.2022","r":56948.0,"q":13.35,"p":250000.0,"s":[{"cn":"GPT engieniering","ui":"5177543","t":56950.0,"r":56948.0,"q":13.35,"p":250000.0,"mot":"U","mo":56948.0},{"cn":"","ui":"","t":0.0,"r":0.0,"q":0.0,"p":0.0,"mot":"L","mo":0.0}]},{"d":"10.05.2022","r":56946.0,"q":13.35,"p":250000.0,"s":[{"cn":"GPT engieniering","ui":"5177543","t":56948.0,"r":56946.0,"q":13.35,"p":250000.0,"mot":"U","mo":56946.0},{"cn":"","ui":"","t":0.0,"r":0.0,"q":0.0,"p":0.0,"mot":"L","mo":0.0}]},{"d":"11.05.2022","r":56944.0,"q":13.35,"p":250000.0,"s":[{"cn":"GPT engieniering","ui":"5177543","t":56946.0,"r":56944.0,"q":13.35,"p":250000.0,"mot":"U","mo":56944.0},{"cn":"","ui":"","t":0.0,"r":0.0,"q":0.0,"p":0.0,"mot":"L","mo":0.0}]},{"d":"12.05.2022","r":56942.0,"q":13.35,"p":250000.0,"s":[{"cn":"GPT engieniering","ui":"5177543","t":56944.0,"r":56942.0,"q":13.35,"p":250000.0,"mot":"U","mo":56942.0},{"cn":"","ui":"","t":0.0,"r":0.0,"q":0.0,"p":0.0,"mot":"L","mo":0.0}]},{"d":"13.05.2022","r":56940.0,"q":13.35,"p":250000.0,"s":[{"cn":"GPT engieniering","ui":"5177543","t":56942.0,"r":56940.0,"q":13.35,"p":250000.0,"mot":"U","mo":56940.0},{"cn":"","ui":"","t":0.0,"r":0.0,"q":0.0,"p":0.0,"mot":"L","mo":0.0}]},{"d":"16.05.2022","r":56938.0,"q":13.35,"p":250000.0,"s":[{"cn":"GPT engieniering","ui":"5177543","t":56939.0,"r":56938.0,"q":13.35,"p":250000.0,"mot":"U","mo":56938.0},{"cn":"","ui":"","t":0.0,"r":0.0,"q":0.0,"p":0.0,"mot":"L","mo":0.0}]},{"d":"17.05.2022","r":56937.0,"q":13.35,"p":250000.0,"s":[{"cn":"GPT engieniering","ui":"5177543","t":56938.0,"r":56937.0,"q":13.35,"p":250000.0,"mot":"U","mo":56937.0},{"cn":"","ui":"","t":0.0,"r":0.0,"q":0.0,"p":0.0,"mot":"L","mo":0.0}]},{"d":"18.05.2022","r":56936.0,"q":13.35,"p":250000.0,"s":[{"cn":"GPT engieniering","ui":"5177543","t":56937.0,"r":56936.0,"q":13.35,"p":250000.0,"mot":"U","mo":56936.0},{"cn":"","ui":"","t":0.0,"r":0.0,"q":0.0,"p":0.0,"mot":"L","mo":0.0}]},{"d":"19.05.2022","r":56935.0,"q":13.35,"p":250000.0,"s":[{"cn":"GPT engieniering","ui":"5177543","t":56936.0,"r":56935.0,"q":13.35,"p":250000.0,"mot":"U","mo":56935.0},{"cn":"","ui":"","t":0.0,"r":0.0,"q":0.0,"p":0.0,"mot":"L","mo":0.0}]},{"d":"20.05.2022","r":56934.0,"q":13.35,"p":250000.0,"s":[{"cn":"GPT engieniering","ui":"5177543","t":56935.0,"r":56934.0,"q":13.35,"p":250000.0,"mot":"U","mo":56934.0},{"cn":"","ui":"","t":0.0,"r":0.0,"q":0.0,"p":0.0,"mot":"L","mo":0.0}]},{"d":"23.05.2022","r":56931.0,"q":13.35,"p":250000.0,"s":[{"cn":"GPT engieniering","ui":"5177543","t":56932.0,"r":56931.0,"q":13.35,"p":250000.0,"mot":"U","mo":56931.0},{"cn":"","ui":"","t":0.0,"r":0.0,"q":0.0,"p":0.0,"mot":"L","mo":0.0}]},{"d":"24.05.2022","r":56930.0,"q":13.35,"p":250000.0,"s":[{"cn":"GPT engieniering","ui":"5177543","t":56931.0,"r":56930.0,"q":13.35,"p":250000.0,"mot":"U","mo":56930.0},{"cn":"","ui":"","t":0.0,"r":0.0,"q":0.0,"p":0.0,"mot":"L","mo":0.0}]},{"d":"25.05.2022","r":56929.0,"q":13.35,"p":250000.0,"s":[{"cn":"GPT engieniering","ui":"5177543","t":56930.0,"r":56929.0,"q":13.35,"p":250000.0,"mot":"U","mo":56929.0},{"cn":"","ui":"","t":0.0,"r":0.0,"q":0.0,"p":0.0,"mot":"L","mo":0.0}]},{"d":"26.05.2022","r":56928.0,"q":13.35,"p":250000.0,"s":[{"cn":"GPT engieniering","ui":"5177543","t":56929.0,"r":56928.0,"q":13.35,"p":250000.0,"mot":"U","mo":56928.0},{"cn":"","ui":"","t":0.0,"r":0.0,"q":0.0,"p":0.0,"mot":"L","mo":0.0}]},{"d":"27.05.2022","r":56927.0,"q":13.35,"p":250000.0,"s":[{"cn":"GPT engieniering","ui":"5177543","t":56928.0,"r":56927.0,"q":13.35,"p":250000.0,"mot":"U","mo":56927.0},{"cn":"","ui":"","t":0.0,"r":0.0,"q":0.0,"p":0.0,"mot":"L","mo":0.0}]},{"d":"30.05.2022","r":56924.0,"q":13.35,"p":250000.0,"s":[{"cn":"GPT engieniering","ui":"5177543","t":56925.0,"r":56924.0,"q":13.35,"p":250000.0,"mot":"U","mo":56924.0},{"cn":"","ui":"","t":0.0,"r":0.0,"q":0.0,"p":0.0,"mot":"L","mo":0.0}]},{"d":"31.05.2022","r":56923.0,"q":13.35,"p":250000.0,"s":[{"cn":"GPT engieniering","ui":"5177543","t":56924.0,"r":56923.0,"q":13.35,"p":250000.0,"mot":"U","mo":56923.0},{"cn":"","ui":"","t":0.0,"r":0.0,"q":0.0,"p":0.0,"mot":"L","mo":0.0}]},{"d":"01.06.2022","r":56922.0,"q":13.35,"p":250000.0,"s":[{"cn":"GPT engieniering","ui":"5177543","t":56923.0,"r":56922.0,"q":13.35,"p":250000.0,"mot":"U","mo":56922.0},{"cn":"","ui":"","t":0.0,"r":0.0,"q":0.0,"p":0.0,"mot":"L","mo":0.0}]},{"d":"02.06.2022","r":56921.0,"q":13.35,"p":250000.0,"s":[{"cn":"GPT engieniering","ui":"5177543","t":56922.0,"r":56921.0,"q":13.35,"p":250000.0,"mot":"U","mo":56921.0},{"cn":"","ui":"","t":0.0,"r":0.0,"q":0.0,"p":0.0,"mot":"L","mo":0.0}]},{"d":"03.06.2022","r":56920.0,"q":13.35,"p":250000.0,"s":[{"cn":"GPT engieniering","ui":"5177543","t":56921.0,"r":56920.0,"q":13.35,"p":250000.0,"mot":"U","mo":56920.0},{"cn":"","ui":"","t":0.0,"r":0.0,"q":0.0,"p":0.0,"mot":"L","mo":0.0}]},{"d":"06.06.2022","r":56917.0,"q":13.35,"p":250000.0,"s":[{"cn":"GPT engieniering","ui":"5177543","t":56918.0,"r":56917.0,"q":13.35,"p":250000.0,"mot":"U","mo":56917.0},{"cn":"","ui":"","t":0.0,"r":0.0,"q":0.0,"p":0.0,"mot":"L","mo":0.0}]},{"d":"07.06.2022","r":56915.0,"q":13.35,"p":250000.0,"s":[{"cn":"GPT engieniering","ui":"5177543","t":56917.0,"r":56915.0,"q":13.35,"p":250000.0,"mot":"U","mo":56915.0},{"cn":"","ui":"","t":0.0,"r":0.0,"q":0.0,"p":0.0,"mot":"L","mo":0.0}]},{"d":"08.06.2022","r":56914.0,"q":13.35,"p":250000.0,"s":[{"cn":"GPT engieniering","ui":"5177543","t":56915.0,"r":56914.0,"q":13.35,"p":250000.0,"mot":"U","mo":56914.0},{"cn":"","ui":"","t":0.0,"r":0.0,"q":0.0,"p":0.0,"mot":"L","mo":0.0}]},{"d":"09.06.2022","r":56913.0,"q":13.35,"p":250000.0,"s":[{"cn":"GPT engieniering","ui":"5177543","t":56914.0,"r":56913.0,"q":13.35,"p":250000.0,"mot":"U","mo":56913.0},{"cn":"","ui":"","t":0.0,"r":0.0,"q":0.0,"p":0.0,"mot":"L","mo":0.0}]},{"d":"10.06.2022","r":56912.0,"q":13.35,"p":250000.0,"s":[{"cn":"GPT engieniering","ui":"5177543","t":56913.0,"r":56912.0,"q":13.35,"p":250000.0,"mot":"U","mo":56912.0},{"cn":"","ui":"","t":0.0,"r":0.0,"q":0.0,"p":0.0,"mot":"L","mo":0.0}]},{"d":"13.06.2022","r":56909.0,"q":13.35,"p":250000.0,"s":[{"cn":"GPT engieniering","ui":"5177543","t":56910.0,"r":56909.0,"q":13.35,"p":250000.0,"mot":"U","mo":56909.0},{"cn":"","ui":"","t":0.0,"r":0.0,"q":0.0,"p":0.0,"mot":"L","mo":0.0}]},{"d":"14.06.2022","r":56908.0,"q":13.35,"p":250000.0,"s":[{"cn":"GPT engieniering","ui":"5177543","t":56909.0,"r":56908.0,"q":13.35,"p":250000.0,"mot":"U","mo":56908.0},{"cn":"","ui":"","t":0.0,"r":0.0,"q":0.0,"p":0.0,"mot":"L","mo":0.0}]},{"d":"16.06.2022","r":56906.0,"q":13.35,"p":250000.0,"s":[{"cn":"GPT engieniering","ui":"5177543","t":56907.0,"r":56906.0,"q":13.35,"p":250000.0,"mot":"U","mo":56906.0},{"cn":"","ui":"","t":0.0,"r":0.0,"q":0.0,"p":0.0,"mot":"L","mo":0.0}]},{"d":"17.06.2022","r":56905.0,"q":13.35,"p":250000.0,"s":[{"cn":"GPT engieniering","ui":"5177543","t":56906.0,"r":56905.0,"q":13.35,"p":250000.0,"mot":"U","mo":56905.0},{"cn":"","ui":"","t":0.0,"r":0.0,"q":0.0,"p":0.0,"mot":"L","mo":0.0}]},{"d":"20.06.2022","r":56902.0,"q":13.35,"p":250000.0,"s":[{"cn":"GPT engieniering","ui":"5177543","t":56903.0,"r":56902.0,"q":13.35,"p":250000.0,"mot":"U","mo":56902.0},{"cn":"","ui":"","t":0.0,"r":0.0,"q":0.0,"p":0.0,"mot":"L","mo":0.0}]},{"d":"21.06.2022","r":56901.0,"q":13.35,"p":250000.0,"s":[{"cn":"GPT engieniering","ui":"5177543","t":56902.0,"r":56901.0,"q":13.35,"p":250000.0,"mot":"U","mo":56901.0},{"cn":"","ui":"","t":0.0,"r":0.0,"q":0.0,"p":0.0,"mot":"L","mo":0.0}]},{"d":"22.06.2022","r":56900.0,"q":13.35,"p":250000.0,"s":[{"cn":"GPT engieniering","ui":"5177543","t":56901.0,"r":56900.0,"q":13.35,"p":250000.0,"mot":"U","mo":56900.0},{"cn":"","ui":"","t":0.0,"r":0.0,"q":0.0,"p":0.0,"mot":"L","mo":0.0}]},{"d":"23.06.2022","r":56899.0,"q":13.35,"p":250000.0,"s":[{"cn":"GPT engieniering","ui":"5177543","t":56900.0,"r":56899.0,"q":13.35,"p":250000.0,"mot":"U","mo":56899.0},{"cn":"","ui":"","t":0.0,"r":0.0,"q":0.0,"p":0.0,"mot":"L","mo":0.0}]},{"d":"24.06.2022","r":56898.0,"q":13.35,"p":250000.0,"s":[{"cn":"GPT engieniering","ui":"5177543","t":56899.0,"r":56898.0,"q":13.35,"p":250000.0,"mot":"U","mo":56898.0},{"cn":"","ui":"","t":0.0,"r":0.0,"q":0.0,"p":0.0,"mot":"L","mo":0.0}]},{"d":"27.06.2022","r":56895.0,"q":13.35,"p":250000.0,"s":[{"cn":"GPT engieniering","ui":"5177543","t":56896.0,"r":56895.0,"q":13.35,"p":250000.0,"mot":"U","mo":56895.0},{"cn":"","ui":"","t":0.0,"r":0.0,"q":0.0,"p":0.0,"mot":"L","mo":0.0}]},{"d":"28.06.2022","r":56894.0,"q":13.35,"p":250000.0,"s":[{"cn":"GPT engieniering","ui":"5177543","t":56895.0,"r":56894.0,"q":13.35,"p":250000.0,"mot":"U","mo":56894.0},{"cn":"","ui":"","t":0.0,"r":0.0,"q":0.0,"p":0.0,"mot":"L","mo":0.0}]},{"d":"29.06.2022","r":56893.0,"q":13.35,"p":250000.0,"s":[{"cn":"GPT engieniering","ui":"5177543","t":56894.0,"r":56893.0,"q":13.35,"p":250000.0,"mot":"U","mo":56893.0},{"cn":"","ui":"","t":0.0,"r":0.0,"q":0.0,"p":0.0,"mot":"L","mo":0.0}]},{"d":"30.06.2022","r":56893.0,"q":13.35,"p":250000.0,"s":[{"cn":"GPT engieniering","ui":"5177543","t":56893.0,"r":56892.0,"q":13.35,"p":250000.0,"mot":"U","mo":56892.0},{"cn":"","ui":"","t":1.0,"r":1.0,"q":13.35,"p":250000.0,"mot":"L","mo":1.0}]},{"d":"01.07.2022","r":56892.0,"q":13.35,"p":249999.12,"s":[{"cn":"GPT engieniering","ui":"5177543","t":56892.0,"r":56891.0,"q":13.35,"p":250000.0,"mot":"U","mo":56891.0},{"cn":"","ui":"","t":1.0,"r":1.0,"q":13.35,"p":200000.0,"mot":"L","mo":1.0}]},{"d":"04.07.2022","r":56758.0,"q":13.35,"p":250000.0,"s":[{"cn":"GPT engieniering","ui":"5177543","t":56824.0,"r":56758.0,"q":13.35,"p":250000.0,"mot":"U","mo":56758.0},{"cn":"","ui":"","t":0.0,"r":0.0,"q":0.0,"p":0.0,"mot":"L","mo":0.0}]},{"d":"05.07.2022","r":56692.0,"q":13.35,"p":250000.0,"s":[{"cn":"GPT engieniering","ui":"5177543","t":56758.0,"r":56692.0,"q":13.35,"p":250000.0,"mot":"U","mo":56692.0},{"cn":"","ui":"","t":0.0,"r":0.0,"q":0.0,"p":0.0,"mot":"L","mo":0.0}]},{"d":"06.07.2022","r":56635.0,"q":13.35,"p":250000.0,"s":[{"cn":"GPT engieniering","ui":"5177543","t":56692.0,"r":56635.0,"q":13.35,"p":250000.0,"mot":"U","mo":56635.0},{"cn":"","ui":"","t":0.0,"r":0.0,"q":0.0,"p":0.0,"mot":"L","mo":0.0}]},{"d":"07.07.2022","r":56638.0,"q":13.35,"p":250000.0,"s":[{"cn":"GPT engieniering","ui":"5177543","t":56665.0,"r":56638.0,"q":13.35,"p":250000.0,"mot":"U","mo":56638.0},{"cn":"","ui":"","t":0.0,"r":0.0,"q":0.0,"p":0.0,"mot":"L","mo":0.0}]},{"d":"08.07.2022","r":56658.0,"q":13.35,"p":250000.0,"s":[{"cn":"GPT engieniering","ui":"5177543","t":56659.0,"r":56658.0,"q":13.35,"p":250000.0,"mot":"U","mo":56658.0},{"cn":"","ui":"","t":0.0,"r":0.0,"q":0.0,"p":0.0,"mot":"L","mo":0.0}]},{"d":"11.07.2022","r":56620.0,"q":13.35,"p":250000.0,"s":[{"cn":"GPT engieniering","ui":"5177543","t":56636.0,"r":56620.0,"q":13.35,"p":250000.0,"mot":"U","mo":56620.0},{"cn":"","ui":"","t":0.0,"r":0.0,"q":0.0,"p":0.0,"mot":"L","mo":0.0}]},{"d":"12.07.2022","r":56604.0,"q":13.35,"p":250000.0,"s":[{"cn":"GPT engieniering","ui":"5177543","t":56620.0,"r":56604.0,"q":13.35,"p":250000.0,"mot":"U","mo":56604.0},{"cn":"","ui":"","t":0.0,"r":0.0,"q":0.0,"p":0.0,"mot":"L","mo":0.0}]},{"d":"13.07.2022","r":56598.0,"q":13.35,"p":250000.0,"s":[{"cn":"GPT engieniering","ui":"5177543","t":56604.0,"r":56598.0,"q":13.35,"p":250000.0,"mot":"U","mo":56598.0},{"cn":"","ui":"","t":0.0,"r":0.0,"q":0.0,"p":0.0,"mot":"L","mo":0.0}]},{"d":"14.07.2022","r":56592.0,"q":13.35,"p":250000.0,"s":[{"cn":"GPT engieniering","ui":"5177543","t":56598.0,"r":56592.0,"q":13.35,"p":250000.0,"mot":"U","mo":56592.0},{"cn":"","ui":"","t":0.0,"r":0.0,"q":0.0,"p":0.0,"mot":"L","mo":0.0}]},{"d":"15.07.2022","r":56530.0,"q":13.35,"p":250000.0,"s":[{"cn":"GPT engieniering","ui":"5177543","t":56592.0,"r":56530.0,"q":13.35,"p":250000.0,"mot":"U","mo":56530.0},{"cn":"","ui":"","t":0.0,"r":0.0,"q":0.0,"p":0.0,"mot":"L","mo":0.0}]},{"d":"18.07.2022","r":56419.0,"q":13.35,"p":250000.0,"s":[{"cn":"GPT engieniering","ui":"5177543","t":56421.0,"r":56419.0,"q":13.35,"p":250000.0,"mot":"U","mo":56419.0},{"cn":"","ui":"","t":0.0,"r":0.0,"q":0.0,"p":0.0,"mot":"L","mo":0.0}]},{"d":"19.07.2022","r":56417.0,"q":13.35,"p":250000.0,"s":[{"cn":"GPT engieniering","ui":"5177543","t":56419.0,"r":56417.0,"q":13.35,"p":250000.0,"mot":"U","mo":56417.0},{"cn":"","ui":"","t":0.0,"r":0.0,"q":0.0,"p":0.0,"mot":"L","mo":0.0}]},{"d":"20.07.2022","r":56415.0,"q":13.35,"p":250000.0,"s":[{"cn":"GPT engieniering","ui":"5177543","t":56417.0,"r":56415.0,"q":13.35,"p":250000.0,"mot":"U","mo":56415.0},{"cn":"","ui":"","t":0.0,"r":0.0,"q":0.0,"p":0.0,"mot":"L","mo":0.0}]},{"d":"21.07.2022","r":56413.0,"q":13.35,"p":250000.0,"s":[{"cn":"GPT engieniering","ui":"5177543","t":56415.0,"r":56413.0,"q":13.35,"p":250000.0,"mot":"U","mo":56413.0},{"cn":"","ui":"","t":0.0,"r":0.0,"q":0.0,"p":0.0,"mot":"L","mo":0.0}]},{"d":"22.07.2022","r":56411.0,"q":13.35,"p":250000.0,"s":[{"cn":"GPT engieniering","ui":"5177543","t":56413.0,"r":56411.0,"q":13.35,"p":250000.0,"mot":"U","mo":56411.0},{"cn":"","ui":"","t":0.0,"r":0.0,"q":0.0,"p":0.0,"mot":"L","mo":0.0}]},{"d":"25.07.2022","r":56405.0,"q":13.35,"p":250000.0,"s":[{"cn":"GPT engieniering","ui":"5177543","t":56407.0,"r":56405.0,"q":13.35,"p":250000.0,"mot":"U","mo":56405.0},{"cn":"","ui":"","t":0.0,"r":0.0,"q":0.0,"p":0.0,"mot":"L","mo":0.0}]},{"d":"26.07.2022","r":56403.0,"q":13.35,"p":250000.0,"s":[{"cn":"GPT engieniering","ui":"5177543","t":56405.0,"r":56403.0,"q":13.35,"p":250000.0,"mot":"U","mo":56403.0},{"cn":"","ui":"","t":0.0,"r":0.0,"q":0.0,"p":0.0,"mot":"L","mo":0.0}]},{"d":"27.07.2022","r":56401.0,"q":13.35,"p":250000.0,"s":[{"cn":"GPT engieniering","ui":"5177543","t":56403.0,"r":56401.0,"q":13.35,"p":250000.0,"mot":"U","mo":56401.0},{"cn":"","ui":"","t":0.0,"r":0.0,"q":0.0,"p":0.0,"mot":"L","mo":0.0}]},{"d":"28.07.2022","r":56399.0,"q":13.35,"p":250000.0,"s":[{"cn":"GPT engieniering","ui":"5177543","t":56401.0,"r":56399.0,"q":13.35,"p":250000.0,"mot":"U","mo":56399.0},{"cn":"","ui":"","t":0.0,"r":0.0,"q":0.0,"p":0.0,"mot":"L","mo":0.0}]},{"d":"29.07.2022","r":56397.0,"q":13.35,"p":250000.0,"s":[{"cn":"GPT engieniering","ui":"5177543","t":56399.0,"r":56397.0,"q":13.35,"p":250000.0,"mot":"U","mo":56397.0},{"cn":"","ui":"","t":0.0,"r":0.0,"q":0.0,"p":0.0,"mot":"L","mo":0.0}]},{"d":"01.08.2022","r":56391.0,"q":13.35,"p":250000.0,"s":[{"cn":"GPT engieniering","ui":"5177543","t":56393.0,"r":56391.0,"q":13.35,"p":250000.0,"mot":"U","mo":56391.0},{"cn":"","ui":"","t":0.0,"r":0.0,"q":0.0,"p":0.0,"mot":"L","mo":0.0}]},{"d":"02.08.2022","r":56389.0,"q":13.35,"p":250000.0,"s":[{"cn":"GPT engieniering","ui":"5177543","t":56391.0,"r":56389.0,"q":13.35,"p":250000.0,"mot":"U","mo":56389.0},{"cn":"","ui":"","t":0.0,"r":0.0,"q":0.0,"p":0.0,"mot":"L","mo":0.0}]},{"d":"03.08.2022","r":56387.0,"q":13.35,"p":250000.0,"s":[{"cn":"GPT engieniering","ui":"5177543","t":56389.0,"r":56387.0,"q":13.35,"p":250000.0,"mot":"U","mo":56387.0},{"cn":"","ui":"","t":0.0,"r":0.0,"q":0.0,"p":0.0,"mot":"L","mo":0.0}]},{"d":"04.08.2022","r":56385.0,"q":13.35,"p":250000.0,"s":[{"cn":"GPT engieniering","ui":"5177543","t":56387.0,"r":56385.0,"q":13.35,"p":250000.0,"mot":"U","mo":56385.0},{"cn":"","ui":"","t":0.0,"r":0.0,"q":0.0,"p":0.0,"mot":"L","mo":0.0}]},{"d":"05.08.2022","r":56383.0,"q":13.35,"p":250000.0,"s":[{"cn":"GPT engieniering","ui":"5177543","t":56385.0,"r":56383.0,"q":13.35,"p":250000.0,"mot":"U","mo":56383.0},{"cn":"","ui":"","t":0.0,"r":0.0,"q":0.0,"p":0.0,"mot":"L","mo":0.0}]},{"d":"08.08.2022","r":56376.0,"q":13.35,"p":250000.0,"s":[{"cn":"GPT engieniering","ui":"5177543","t":56380.0,"r":56376.0,"q":13.35,"p":250000.0,"mot":"U","mo":56376.0},{"cn":"","ui":"","t":0.0,"r":0.0,"q":0.0,"p":0.0,"mot":"L","mo":0.0}]},{"d":"09.08.2022","r":56373.0,"q":13.35,"p":250000.0,"s":[{"cn":"GPT engieniering","ui":"5177543","t":56377.0,"r":56373.0,"q":13.35,"p":250000.0,"mot":"U","mo":56373.0},{"cn":"","ui":"","t":0.0,"r":0.0,"q":0.0,"p":0.0,"mot":"L","mo":0.0}]},{"d":"10.08.2022","r":56370.0,"q":13.35,"p":250000.0,"s":[{"cn":"GPT engieniering","ui":"5177543","t":56374.0,"r":56370.0,"q":13.35,"p":250000.0,"mot":"U","mo":56370.0},{"cn":"","ui":"","t":0.0,"r":0.0,"q":0.0,"p":0.0,"mot":"L","mo":0.0}]},{"d":"11.08.2022","r":56367.0,"q":13.35,"p":250000.0,"s":[{"cn":"GPT engieniering","ui":"5177543","t":56371.0,"r":56367.0,"q":13.35,"p":250000.0,"mot":"U","mo":56367.0},{"cn":"","ui":"","t":0.0,"r":0.0,"q":0.0,"p":0.0,"mot":"L","mo":0.0}]},{"d":"12.08.2022","r":56364.0,"q":13.35,"p":250000.0,"s":[{"cn":"GPT engieniering","ui":"5177543","t":56368.0,"r":56364.0,"q":13.35,"p":250000.0,"mot":"U","mo":56364.0},{"cn":"","ui":"","t":0.0,"r":0.0,"q":0.0,"p":0.0,"mot":"L","mo":0.0}]},{"d":"15.08.2022","r":56355.0,"q":13.35,"p":250000.0,"s":[{"cn":"GPT engieniering","ui":"5177543","t":56359.0,"r":56355.0,"q":13.35,"p":250000.0,"mot":"U","mo":56355.0},{"cn":"","ui":"","t":0.0,"r":0.0,"q":0.0,"p":0.0,"mot":"L","mo":0.0}]},{"d":"16.08.2022","r":56352.0,"q":13.35,"p":250000.0,"s":[{"cn":"GPT engieniering","ui":"5177543","t":56356.0,"r":56352.0,"q":13.35,"p":250000.0,"mot":"U","mo":56352.0},{"cn":"","ui":"","t":0.0,"r":0.0,"q":0.0,"p":0.0,"mot":"L","mo":0.0}]},{"d":"17.08.2022","r":56350.0,"q":13.35,"p":250000.0,"s":[{"cn":"GPT engieniering","ui":"5177543","t":56353.0,"r":56350.0,"q":13.35,"p":250000.0,"mot":"U","mo":56350.0},{"cn":"","ui":"","t":0.0,"r":0.0,"q":0.0,"p":0.0,"mot":"L","mo":0.0}]},{"d":"18.08.2022","r":56347.0,"q":13.35,"p":250000.0,"s":[{"cn":"GPT engieniering","ui":"5177543","t":56350.0,"r":56347.0,"q":13.35,"p":250000.0,"mot":"U","mo":56347.0},{"cn":"","ui":"","t":0.0,"r":0.0,"q":0.0,"p":0.0,"mot":"L","mo":0.0}]},{"d":"19.08.2022","r":56344.0,"q":13.35,"p":250000.0,"s":[{"cn":"GPT engieniering","ui":"5177543","t":56347.0,"r":56344.0,"q":13.35,"p":250000.0,"mot":"U","mo":56344.0},{"cn":"","ui":"","t":0.0,"r":0.0,"q":0.0,"p":0.0,"mot":"L","mo":0.0}]},{"d":"22.08.2022","r":56335.0,"q":13.35,"p":250000.0,"s":[{"cn":"GPT engieniering","ui":"5177543","t":56338.0,"r":56335.0,"q":13.35,"p":250000.0,"mot":"U","mo":56335.0},{"cn":"","ui":"","t":0.0,"r":0.0,"q":0.0,"p":0.0,"mot":"L","mo":0.0}]},{"d":"23.08.2022","r":56332.0,"q":13.35,"p":250000.0,"s":[{"cn":"GPT engieniering","ui":"5177543","t":56335.0,"r":56332.0,"q":13.35,"p":250000.0,"mot":"U","mo":56332.0},{"cn":"","ui":"","t":0.0,"r":0.0,"q":0.0,"p":0.0,"mot":"L","mo":0.0}]},{"d":"24.08.2022","r":56396.0,"q":13.36,"p":249928.72,"s":[{"cn":"GPT engieniering","ui":"5177543","t":56332.0,"r":56329.0,"q":13.35,"p":250000.0,"mot":"U","mo":56329.0},{"cn":"","ui":"","t":67.0,"r":67.0,"q":21.79,"p":190000.0,"mot":"L","mo":67.0}]},{"d":"25.08.2022","r":56392.0,"q":13.36,"p":249929.78,"s":[{"cn":"GPT engieniering","ui":"5177543","t":56329.0,"r":56326.0,"q":13.35,"p":250000.0,"mot":"U","mo":56326.0},{"cn":"","ui":"","t":67.0,"r":66.0,"q":21.79,"p":190000.0,"mot":"L","mo":66.0}]},{"d":"26.08.2022","r":56388.0,"q":13.36,"p":249930.84,"s":[{"cn":"GPT engieniering","ui":"5177543","t":56326.0,"r":56323.0,"q":13.35,"p":250000.0,"mot":"U","mo":56323.0},{"cn":"","ui":"","t":66.0,"r":65.0,"q":21.79,"p":190000.0,"mot":"L","mo":65.0}]},{"d":"29.08.2022","r":56314.0,"q":13.35,"p":250000.0,"s":[{"cn":"GPT engieniering","ui":"5177543","t":56317.0,"r":56314.0,"q":13.35,"p":250000.0,"mot":"U","mo":56314.0},{"cn":"","ui":"","t":0.0,"r":0.0,"q":0.0,"p":0.0,"mot":"L","mo":0.0}]},{"d":"30.08.2022","r":56377.0,"q":13.36,"p":249929.76,"s":[{"cn":"GPT engieniering","ui":"5177543","t":56314.0,"r":56311.0,"q":13.35,"p":250000.0,"mot":"U","mo":56311.0},{"cn":"","ui":"","t":66.0,"r":66.0,"q":21.79,"p":190000.0,"mot":"L","mo":66.0}]},{"d":"31.08.2022","r":56372.0,"q":13.36,"p":249931.88,"s":[{"cn":"GPT engieniering","ui":"5177543","t":56311.0,"r":56308.0,"q":13.35,"p":250000.0,"mot":"U","mo":56308.0},{"cn":"","ui":"","t":65.0,"r":64.0,"q":21.79,"p":190000.0,"mot":"L","mo":64.0}]},{"d":"01.09.2022","r":56368.0,"q":13.36,"p":249932.94,"s":[{"cn":"GPT engieniering","ui":"5177543","t":56308.0,"r":56305.0,"q":13.35,"p":250000.0,"mot":"U","mo":56305.0},{"cn":"","ui":"","t":64.0,"r":63.0,"q":21.79,"p":190000.0,"mot":"L","mo":63.0}]},{"d":"02.09.2022","r":56364.0,"q":13.36,"p":249934.0,"s":[{"cn":"GPT engieniering","ui":"5177543","t":56305.0,"r":56302.0,"q":13.35,"p":250000.0,"mot":"U","mo":56302.0},{"cn":"","ui":"","t":63.0,"r":62.0,"q":21.79,"p":190000.0,"mot":"L","mo":62.0}]},{"d":"05.09.2022","r":56352.0,"q":13.36,"p":249937.18,"s":[{"cn":"GPT engieniering","ui":"5177543","t":56296.0,"r":56293.0,"q":13.35,"p":250000.0,"mot":"U","mo":56293.0},{"cn":"","ui":"","t":60.0,"r":59.0,"q":21.79,"p":190000.0,"mot":"L","mo":59.0}]},{"d":"06.09.2022","r":58.0,"q":21.79,"p":190000.0,"s":[{"cn":"Caesar","ui":"7161087","t":59.0,"r":58.0,"q":21.79,"p":190000.0,"mot":"U","mo":58.0},{"cn":"","ui":"","t":0.0,"r":0.0,"q":0.0,"p":0.0,"mot":"L","mo":0.0}]},{"d":"07.09.2022","r":56347.0,"q":13.36,"p":249939.3,"s":[{"cn":"GPT engieniering","ui":"5177543","t":56293.0,"r":56290.0,"q":13.35,"p":250000.0,"mot":"U","mo":56290.0},{"cn":"","ui":"","t":58.0,"r":57.0,"q":21.79,"p":190000.0,"mot":"L","mo":57.0}]},{"d":"08.09.2022","r":56343.0,"q":13.36,"p":249940.37,"s":[{"cn":"GPT engieniering","ui":"5177543","t":56290.0,"r":56287.0,"q":13.35,"p":250000.0,"mot":"U","mo":56287.0},{"cn":"","ui":"","t":57.0,"r":56.0,"q":21.79,"p":190000.0,"mot":"L","mo":56.0}]},{"d":"09.09.2022","r":56339.0,"q":13.36,"p":249941.43,"s":[{"cn":"GPT engieniering","ui":"5177543","t":56287.0,"r":56284.0,"q":13.35,"p":250000.0,"mot":"U","mo":56284.0},{"cn":"","ui":"","t":56.0,"r":55.0,"q":21.79,"p":190000.0,"mot":"L","mo":55.0}]},{"d":"12.09.2022","r":56275.0,"q":13.35,"p":250000.0,"s":[{"cn":"GPT engieniering","ui":"5177543","t":56278.0,"r":56275.0,"q":13.35,"p":250000.0,"mot":"U","mo":56275.0},{"cn":"","ui":"","t":0.0,"r":0.0,"q":0.0,"p":0.0,"mot":"L","mo":0.0}]},{"d":"13.09.2022","r":56272.0,"q":13.35,"p":250000.0,"s":[{"cn":"GPT engieniering","ui":"5177543","t":56275.0,"r":56272.0,"q":13.35,"p":250000.0,"mot":"U","mo":56272.0},{"cn":"","ui":"","t":0.0,"r":0.0,"q":0.0,"p":0.0,"mot":"L","mo":0.0}]},{"d":"14.09.2022","r":56269.0,"q":13.35,"p":250000.0,"s":[{"cn":"GPT engieniering","ui":"5177543","t":56272.0,"r":56269.0,"q":13.35,"p":250000.0,"mot":"U","mo":56269.0},{"cn":"","ui":"","t":0.0,"r":0.0,"q":0.0,"p":0.0,"mot":"L","mo":0.0}]},{"d":"15.09.2022","r":56266.0,"q":13.35,"p":250000.0,"s":[{"cn":"GPT engieniering","ui":"5177543","t":56269.0,"r":56266.0,"q":13.35,"p":250000.0,"mot":"U","mo":56266.0},{"cn":"","ui":"","t":0.0,"r":0.0,"q":0.0,"p":0.0,"mot":"L","mo":0.0}]},{"d":"16.09.2022","r":56263.0,"q":13.35,"p":250000.0,"s":[{"cn":"GPT engieniering","ui":"5177543","t":56266.0,"r":56263.0,"q":13.35,"p":250000.0,"mot":"U","mo":56263.0},{"cn":"","ui":"","t":0.0,"r":0.0,"q":0.0,"p":0.0,"mot":"L","mo":0.0}]},{"d":"19.09.2022","r":56255.0,"q":13.35,"p":249998.67,"s":[{"cn":"GPT engieniering","ui":"5177543","t":56257.0,"r":56254.0,"q":13.35,"p":250000.0,"mot":"U","mo":56254.0},{"cn":"","ui":"","t":1.0,"r":1.0,"q":13.35,"p":175000.0,"mot":"L","mo":1.0}]},{"d":"20.09.2022","r":56251.0,"q":13.35,"p":250000.0,"s":[{"cn":"GPT engieniering","ui":"5177543","t":56254.0,"r":56251.0,"q":13.35,"p":250000.0,"mot":"U","mo":56251.0},{"cn":"","ui":"","t":0.0,"r":0.0,"q":0.0,"p":0.0,"mot":"L","mo":0.0}]},{"d":"21.09.2022","r":56248.0,"q":13.35,"p":250000.0,"s":[{"cn":"GPT engieniering","ui":"5177543","t":56251.0,"r":56248.0,"q":13.35,"p":250000.0,"mot":"U","mo":56248.0},{"cn":"","ui":"","t":0.0,"r":0.0,"q":0.0,"p":0.0,"mot":"L","mo":0.0}]},{"d":"22.09.2022","r":56245.0,"q":13.35,"p":250000.0,"s":[{"cn":"GPT engieniering","ui":"5177543","t":56248.0,"r":56245.0,"q":13.35,"p":250000.0,"mot":"U","mo":56245.0},{"cn":"","ui":"","t":0.0,"r":0.0,"q":0.0,"p":0.0,"mot":"L","mo":0.0}]},{"d":"23.09.2022","r":56242.0,"q":13.35,"p":250000.0,"s":[{"cn":"GPT engieniering","ui":"5177543","t":56245.0,"r":56242.0,"q":13.35,"p":250000.0,"mot":"U","mo":56242.0},{"cn":"","ui":"","t":0.0,"r":0.0,"q":0.0,"p":0.0,"mot":"L","mo":0.0}]},{"d":"26.09.2022","r":56233.0,"q":13.35,"p":250000.0,"s":[{"cn":"GPT engieniering","ui":"5177543","t":56236.0,"r":56233.0,"q":13.35,"p":250000.0,"mot":"U","mo":56233.0},{"cn":"","ui":"","t":0.0,"r":0.0,"q":0.0,"p":0.0,"mot":"L","mo":0.0}]},{"d":"27.09.2022","r":56230.0,"q":13.35,"p":250000.0,"s":[{"cn":"GPT engieniering","ui":"5177543","t":56233.0,"r":56230.0,"q":13.35,"p":250000.0,"mot":"U","mo":56230.0},{"cn":"","ui":"","t":0.0,"r":0.0,"q":0.0,"p":0.0,"mot":"L","mo":0.0}]},{"d":"28.09.2022","r":56227.0,"q":13.35,"p":250000.0,"s":[{"cn":"GPT engieniering","ui":"5177543","t":56230.0,"r":56227.0,"q":13.35,"p":250000.0,"mot":"U","mo":56227.0},{"cn":"","ui":"","t":0.0,"r":0.0,"q":0.0,"p":0.0,"mot":"L","mo":0.0}]},{"d":"29.09.2022","r":56224.0,"q":13.35,"p":250000.0,"s":[{"cn":"GPT engieniering","ui":"5177543","t":56227.0,"r":56224.0,"q":13.35,"p":250000.0,"mot":"U","mo":56224.0},{"cn":"","ui":"","t":0.0,"r":0.0,"q":0.0,"p":0.0,"mot":"L","mo":0.0}]},{"d":"30.09.2022","r":56221.0,"q":13.35,"p":250000.0,"s":[{"cn":"GPT engieniering","ui":"5177543","t":56224.0,"r":56221.0,"q":13.35,"p":250000.0,"mot":"U","mo":56221.0},{"cn":"","ui":"","t":0.0,"r":0.0,"q":0.0,"p":0.0,"mot":"L","mo":0.0}]}]