[{"d":"03.09.2018","r":160.0,"q":2.24,"p":4950.0,"s":[{"cn":"ВВ комп","ui":"7846969","t":180.0,"r":160.0,"q":2.24,"p":4950.0,"mot":"U","mo":160.0},{"cn":"","ui":"","t":0.0,"r":0.0,"q":0.0,"p":0.0,"mot":"L","mo":0.0}]},{"d":"04.09.2018","r":240.0,"q":2.24,"p":4920.0,"s":[{"cn":"ВВ комп","ui":"7846969","t":260.0,"r":240.0,"q":2.24,"p":4920.0,"mot":"U","mo":240.0},{"cn":"","ui":"","t":0.0,"r":0.0,"q":0.0,"p":0.0,"mot":"L","mo":0.0}]},{"d":"05.09.2018","r":320.0,"q":2.24,"p":4920.0,"s":[{"cn":"ВВ комп","ui":"7846969","t":340.0,"r":320.0,"q":2.24,"p":4920.0,"mot":"U","mo":320.0},{"cn":"","ui":"","t":0.0,"r":0.0,"q":0.0,"p":0.0,"mot":"L","mo":0.0}]},{"d":"06.09.2018","r":400.0,"q":2.24,"p":4850.0,"s":[{"cn":"ВВ комп","ui":"7846969","t":420.0,"r":400.0,"q":2.24,"p":4850.0,"mot":"U","mo":400.0},{"cn":"","ui":"","t":0.0,"r":0.0,"q":0.0,"p":0.0,"mot":"L","mo":0.0}]},{"d":"07.09.2018","r":480.0,"q":2.25,"p":4850.0,"s":[{"cn":"ВВ комп","ui":"7846969","t":500.0,"r":480.0,"q":2.25,"p":4850.0,"mot":"U","mo":480.0},{"cn":"","ui":"","t":0.0,"r":0.0,"q":0.0,"p":0.0,"mot":"L","mo":0.0}]},{"d":"10.09.2018","r":630.0,"q":2.26,"p":4850.0,"s":[{"cn":"ВВ комп","ui":"7846969","t":680.0,"r":630.0,"q":2.26,"p":4850.0,"mot":"U","mo":630.0},{"cn":"","ui":"","t":0.0,"r":0.0,"q":0.0,"p":0.0,"mot":"L","mo":0.0}]},{"d":"12.09.2018","r":729.0,"q":2.21,"p":4850.0,"s":[{"cn":"ВВ комп","ui":"7846969","t":779.0,"r":729.0,"q":2.21,"p":4850.0,"mot":"U","mo":729.0},{"cn":"","ui":"","t":0.0,"r":0.0,"q":0.0,"p":0.0,"mot":"L","mo":0.0}]},{"d":"13.09.2018","r":779.0,"q":2.22,"p":4850.0,"s":[{"cn":"ВВ комп","ui":"7846969","t":829.0,"r":779.0,"q":2.22,"p":4850.0,"mot":"U","mo":779.0},{"cn":"","ui":"","t":0.0,"r":0.0,"q":0.0,"p":0.0,"mot":"L","mo":0.0}]},{"d":"14.09.2018","r":829.0,"q":2.24,"p":4850.0,"s":[{"cn":"ВВ комп","ui":"7846969","t":879.0,"r":829.0,"q":2.24,"p":4850.0,"mot":"U","mo":829.0},{"cn":"","ui":"","t":0.0,"r":0.0,"q":0.0,"p":0.0,"mot":"L","mo":0.0}]},{"d":"17.09.2018","r":49.0,"q":2.35,"p":4850.0,"s":[{"cn":"ВВ комп","ui":"7846969","t":100.0,"r":49.0,"q":2.35,"p":4850.0,"mot":"U","mo":49.0},{"cn":"","ui":"","t":0.0,"r":0.0,"q":0.0,"p":0.0,"mot":"L","mo":0.0}]},{"d":"18.09.2018","r":943.0,"q":2.35,"p":4850.0,"s":[{"cn":"ВВ комп","ui":"7846969","t":994.0,"r":943.0,"q":2.35,"p":4850.0,"mot":"U","mo":943.0},{"cn":"","ui":"","t":0.0,"r":0.0,"q":0.0,"p":0.0,"mot":"L","mo":0.0}]},{"d":"19.09.2018","r":1837.0,"q":2.35,"p":4500.0,"s":[{"cn":"ВВ комп","ui":"7846969","t":1888.0,"r":1837.0,"q":2.35,"p":4500.0,"mot":"U","mo":1837.0},{"cn":"","ui":"","t":0.0,"r":0.0,"q":0.0,"p":0.0,"mot":"L","mo":0.0}]},{"d":"20.09.2018","r":2731.0,"q":2.36,"p":4500.0,"s":[{"cn":"ВВ комп","ui":"7846969","t":2782.0,"r":2731.0,"q":2.36,"p":4500.0,"mot":"U","mo":2731.0},{"cn":"","ui":"","t":0.0,"r":0.0,"q":0.0,"p":0.0,"mot":"L","mo":0.0}]},{"d":"21.09.2018","r":3625.0,"q":2.36,"p":4500.0,"s":[{"cn":"ВВ комп","ui":"7846969","t":3676.0,"r":3625.0,"q":2.36,"p":4500.0,"mot":"U","mo":3625.0},{"cn":"","ui":"","t":0.0,"r":0.0,"q":0.0,"p":0.0,"mot":"L","mo":0.0}]},{"d":"24.09.2018","r":6304.0,"q":2.36,"p":4500.0,"s":[{"cn":"ВВ комп","ui":"7846969","t":6355.0,"r":6304.0,"q":2.36,"p":4500.0,"mot":"U","mo":6304.0},{"cn":"","ui":"","t":0.0,"r":0.0,"q":0.0,"p":0.0,"mot":"L","mo":0.0}]},{"d":"25.09.2018","r":7196.0,"q":2.36,"p":4500.0,"s":[{"cn":"ВВ комп","ui":"7846969","t":7247.0,"r":7196.0,"q":2.36,"p":4500.0,"mot":"U","mo":7196.0},{"cn":"","ui":"","t":0.0,"r":0.0,"q":0.0,"p":0.0,"mot":"L","mo":0.0}]},{"d":"01.02.2019","r":668854.0,"q":4.8,"p":2767.31,"s":[{"cn":"ВВ комп","ui":"7846969","t":52657.0,"r":52606.0,"q":1.37,"p":4500.0,"mot":"U","mo":52606.0},{"cn":"Mary Limited Crypt","ui":"7847730","t":611267.0,"r":611267.0,"q":5.07,"p":2600.0,"mot":"U","mo":611267.0},{"cn":"","ui":"","t":7688.0,"r":4981.0,"q":8.15,"p":5000.0,"mot":"L","mo":4981.0}]},{"d":"04.02.2019","r":663892.0,"q":4.8,"p":2772.77,"s":[{"cn":"ВВ комп","ui":"7846969","t":53016.0,"r":52965.0,"q":1.36,"p":4500.0,"mot":"U","mo":52965.0},{"cn":"Mary Limited Crypt","ui":"7847730","t":608167.0,"r":605067.0,"q":5.07,"p":2600.0,"mot":"U","mo":605067.0},{"cn":"","ui":"","t":8567.0,"r":5860.0,"q":8.09,"p":5000.0,"mot":"L","mo":5860.0}]},{"d":"05.02.2019","r":680121.0,"q":4.69,"p":2753.29,"s":[{"cn":"ВВ комп","ui":"7846969","t":53128.0,"r":53077.0,"q":1.36,"p":4500.0,"mot":"U","mo":53077.0},{"cn":"Mary Limited Crypt","ui":"7847730","t":605067.0,"r":601967.0,"q":5.07,"p":2600.0,"mot":"U","mo":601967.0},{"cn":"","ui":"","t":27784.0,"r":25077.0,"q":2.74,"p":2736.09,"mot":"L","mo":25077.0}]},{"d":"06.02.2019","r":676423.0,"q":4.7,"p":2756.37,"s":[{"cn":"ВВ комп","ui":"7846969","t":53237.0,"r":53186.0,"q":1.36,"p":4500.0,"mot":"U","mo":53186.0},{"cn":"Mary Limited Crypt","ui":"7847730","t":601967.0,"r":598867.0,"q":5.07,"p":2600.0,"mot":"U","mo":598867.0},{"cn":"","ui":"","t":28077.0,"r":24370.0,"q":2.87,"p":2793.52,"mot":"L","mo":24370.0}]},{"d":"07.02.2019","r":670722.0,"q":4.71,"p":2761.73,"s":[{"cn":"ВВ комп","ui":"7846969","t":53343.0,"r":53292.0,"q":1.36,"p":4500.0,"mot":"U","mo":53292.0},{"cn":"Mary Limited Crypt","ui":"7847730","t":598867.0,"r":595767.0,"q":5.07,"p":2600.0,"mot":"U","mo":595767.0},{"cn":"","ui":"","t":26370.0,"r":21663.0,"q":3.19,"p":2933.25,"mot":"L","mo":21663.0}]},{"d":"08.02.2019","r":663018.0,"q":4.74,"p":2768.58,"s":[{"cn":"ВВ комп","ui":"7846969","t":53446.0,"r":53395.0,"q":1.36,"p":4500.0,"mot":"U","mo":53395.0},{"cn":"Mary Limited Crypt","ui":"7847730","t":595267.0,"r":591667.0,"q":5.07,"p":2600.0,"mot":"U","mo":591667.0},{"cn":"","ui":"","t":22663.0,"r":17956.0,"q":3.75,"p":3174.87,"mot":"L","mo":17956.0}]}]