[{"pi":"373200","pc":"Электроника","ss":140000,"td":"Центр города","dc":2,"n":576.69,"vc":"739714","sl":"Высокий","sv":"4000","p":90000.0,"q":14.48,"b":4.47,"ms":90.7,"wi":156.39,"ei":6.41,"as":2315.25,"mi":"D","mv":4410,"sc":2,"lpe":0.0,"lpr":51071.01,"lq":1.4,"d":680780},{"pi":"373200","pc":"Электроника","ss":100000,"td":"Фешенебельный район","dc":1,"n":675.63,"vc":"306670","sl":"Элитный","sv":"49","p":454000.0,"q":27.23,"b":5.82,"ms":1.11,"wi":156.39,"ei":6.41,"as":2315.25,"mi":"D","mv":4410,"sc":2,"lpe":0.0,"lpr":51071.01,"lq":1.4,"d":680780},{"pi":"373200","pc":"Электроника","ss":200000,"td":"Центр города","dc":2,"n":396.62,"vc":"391180","sl":"Элитный","sv":"3000","p":200000.0,"q":15.13,"b":3.88,"ms":29.92,"wi":131.96,"ei":6.72,"as":1776.47,"mi":"E","mv":10027,"sc":1,"lpe":70.08,"lpr":104971.1,"lq":1.69,"d":2542506},{"pi":"373200","pc":"Электроника","ss":130000,"td":"Центр города","dc":2,"n":387.51,"vc":"213291","sl":"Элитный","sv":"3000","p":70000.0,"q":14.48,"b":3.88,"ms":24.79,"wi":109.74,"ei":6.39,"as":1332.06,"mi":"E","mv":12103,"sc":1,"lpe":75.21,"lpr":47337.33,"lq":1.13,"d":1607580},{"pi":"373200","pc":"Электроника","ss":10000,"td":"Центр города","dc":1,"n":190.31,"vc":"4044","sl":"Элитный","sv":"250","p":35000.0,"q":3.05,"b":0.0,"ms":4.02,"wi":86.72,"ei":7.1,"as":871.5,"mi":"E","mv":6219,"sc":1,"lpe":95.98,"lpr":38039.31,"lq":1.0,"d":957768},{"pi":"373200","pc":"Электроника","ss":100000,"td":"Центр города","dc":1,"n":386.84,"vc":"203337","sl":"Элитный","sv":"650","p":142000.0,"q":24.05,"b":3.75,"ms":3.22,"wi":81.91,"ei":8.82,"as":546.4,"mi":"E","mv":20188,"sc":1,"lpe":96.78,"lpr":43436.74,"lq":1.0,"d":2598727},{"pi":"373200","pc":"Электроника","ss":15200,"td":"Спальный район","dc":3,"n":241.88,"vc":"12538","sl":"Элитный","sv":"479","p":30000.0,"q":3.05,"b":0.0,"ms":3.36,"wi":57.01,"ei":11.71,"as":410.0,"mi":"E","mv":14257,"sc":1,"lpe":96.64,"lpr":24220.03,"lq":1.0,"d":2912574},{"pi":"373200","pc":"Электроника","ss":1000,"td":"Фешенебельный район","dc":2,"n":398.82,"vc":"353","sl":"Элитный","sv":"8","p":33333.0,"q":3.05,"b":0.0,"ms":0.53,"wi":72.22,"ei":7.14,"as":514.5,"mi":"E","mv":1514,"sc":1,"lpe":99.47,"lpr":25200.82,"lq":1.0,"d":226600},{"pi":"373200","pc":"Электроника","ss":1000,"td":"Центр города","dc":1,"n":201.48,"vc":"1935","sl":"Очень высокий","sv":"202","p":30000.0,"q":3.82,"b":0.0,"ms":3.17,"wi":89.51,"ei":7.06,"as":573.3,"mi":"E","mv":6373,"sc":2,"lpe":94.46,"lpr":39244.02,"lq":1.0,"d":978294},{"pi":"373200","pc":"Электроника","ss":1000,"td":"Фешенебельный район","dc":1,"n":516.32,"vc":"1712","sl":"Очень высокий","sv":"151","p":110000.0,"q":24.04,"b":4.4,"ms":2.37,"wi":89.51,"ei":7.06,"as":573.3,"mi":"E","mv":6373,"sc":2,"lpe":94.46,"lpr":39244.02,"lq":1.0,"d":978294},{"pi":"373200","pc":"Электроника","ss":100000,"td":"Фешенебельный район","dc":2,"n":514.88,"vc":"139200","sl":"Элитный","sv":"3000","p":280000.0,"q":15.13,"b":0.73,"ms":28.12,"wi":89.14,"ei":7.05,"as":1247.63,"mi":"E","mv":10667,"sc":3,"lpe":70.73,"lpr":69813.63,"lq":5.41,"d":5900984},{"pi":"373200","pc":"Электроника","ss":10000,"td":"Центр города","dc":1,"n":61.37,"vc":"2945","sl":"Элитный","sv":"107","p":80000.0,"q":3.29,"b":0.58,"ms":1.0,"wi":89.14,"ei":7.05,"as":1247.63,"mi":"E","mv":10667,"sc":3,"lpe":70.73,"lpr":69813.63,"lq":5.41,"d":5900984},{"pi":"373200","pc":"Электроника","ss":100000,"td":"Центр города","dc":2,"n":236.82,"vc":"42688","sl":"Элитный","sv":"15","p":130000.0,"q":3.05,"b":0.0,"ms":0.14,"wi":89.14,"ei":7.05,"as":1247.63,"mi":"E","mv":10667,"sc":3,"lpe":70.73,"lpr":69813.63,"lq":5.41,"d":5900984},{"pi":"373200","pc":"Электроника","ss":100000,"td":"Фешенебельный район","dc":1,"n":504.62,"vc":"68328","sl":"Элитный","sv":"350","p":115000.0,"q":24.05,"b":4.38,"ms":5.69,"wi":62.28,"ei":8.99,"as":967.35,"mi":"E","mv":6146,"sc":1,"lpe":94.31,"lpr":18073.09,"lq":1.0,"d":1023950},{"pi":"373200","pc":"Электроника","ss":1000,"td":"Фешенебельный район","dc":10,"n":165.33,"vc":"250","sl":"Очень высокий","sv":"9","p":30000.0,"q":7.46,"b":0.0,"ms":0.23,"wi":38.84,"ei":6.46,"as":550.2,"mi":"E","mv":3943,"sc":1,"lpe":99.77,"lpr":14311.91,"lq":1.0,"d":1548177},{"pi":"373200","pc":"Электроника","ss":10000,"td":"Центр города","dc":3,"n":449.74,"vc":"32334","sl":"Нормальный","sv":"134","p":24722.76,"q":8.68,"b":2.16,"ms":1.29,"wi":45.03,"ei":10.64,"as":673.75,"mi":"E","mv":10410,"sc":1,"lpe":98.71,"lpr":15011.15,"lq":1.0,"d":2541514},{"pi":"373200","pc":"Электроника","ss":10000,"td":"Центр города","dc":1,"n":361.01,"vc":"34694","sl":"Очень высокий","sv":"800","p":241000.0,"q":24.05,"b":3.49,"ms":10.57,"wi":59.25,"ei":8.02,"as":811.4,"mi":"E","mv":7567,"sc":6,"lpe":79.13,"lpr":37917.62,"lq":3.71,"d":4968783},{"pi":"373200","pc":"Электроника","ss":9800,"td":"Фешенебельный район","dc":7,"n":273.44,"vc":"2690","sl":"Элитный","sv":"481","p":65000.0,"q":14.58,"b":0.0,"ms":6.36,"wi":59.25,"ei":8.02,"as":811.4,"mi":"E","mv":7567,"sc":6,"lpe":79.13,"lpr":37917.62,"lq":3.71,"d":4968783},{"pi":"373200","pc":"Электроника","ss":10000,"td":"Центр города","dc":1,"n":179.25,"vc":"6031","sl":"Элитный","sv":"179","p":56000.0,"q":2.89,"b":1.45201117318436,"ms":2.37,"wi":59.25,"ei":8.02,"as":811.4,"mi":"E","mv":7567,"sc":6,"lpe":79.13,"lpr":37917.62,"lq":3.71,"d":4968783},{"pi":"373200","pc":"Электроника","ss":10000,"td":"Центр города","dc":3,"n":386.89,"vc":"28009","sl":"Нормальный","sv":"98","p":51390.36,"q":8.68,"b":2.16,"ms":1.3,"wi":59.25,"ei":8.02,"as":811.4,"mi":"E","mv":7567,"sc":6,"lpe":79.13,"lpr":37917.62,"lq":3.71,"d":4968783},{"pi":"373200","pc":"Электроника","ss":9000,"td":"Центр города","dc":9,"n":102.01,"vc":"4869","sl":"Нормальный","sv":"20","p":60000.0,"q":15.13,"b":0.0,"ms":0.26,"wi":59.25,"ei":8.02,"as":811.4,"mi":"E","mv":7567,"sc":6,"lpe":79.13,"lpr":37917.62,"lq":3.71,"d":4968783},{"pi":"373200","pc":"Электроника","ss":10000,"td":"Центр города","dc":4,"n":73.64,"vc":"2762","sl":"Очень высокий","sv":"1","p":48999.99,"q":2.85,"b":0.76,"ms":0.01,"wi":59.25,"ei":8.02,"as":811.4,"mi":"E","mv":7567,"sc":6,"lpe":79.13,"lpr":37917.62,"lq":3.71,"d":4968783},{"pi":"373200","pc":"Электроника","ss":1200,"td":"Центр города","dc":1,"n":299.32,"vc":"1981","sl":"Элитный","sv":"324","p":64000.0,"q":3.05,"b":0.0,"ms":9.19,"wi":191.47,"ei":9.72,"as":2008.97,"mi":"E","mv":3526,"sc":1,"lpe":90.81,"lpr":77930.3,"lq":1.0,"d":501060},{"pi":"373200","pc":"Электроника","ss":1500,"td":"Центр города","dc":1,"n":307.26,"vc":"3932","sl":"Очень высокий","sv":"1500","p":79000.0,"q":15.13,"b":3.99,"ms":10.04,"wi":127.75,"ei":7.06,"as":1642.86,"mi":"E","mv":14942,"sc":2,"lpe":88.62,"lpr":67396.13,"lq":1.18,"d":2109186},{"pi":"373200","pc":"Электроника","ss":100000,"td":"Фешенебельный район","dc":1,"n":64.6,"vc":"853","sl":"Элитный","sv":"200","p":111000.0,"q":9.36,"b":2.3,"ms":1.34,"wi":127.75,"ei":7.06,"as":1642.86,"mi":"E","mv":14942,"sc":2,"lpe":88.62,"lpr":67396.13,"lq":1.18,"d":2109186},{"pi":"373200","pc":"Электроника","ss":100000,"td":"Центр города","dc":2,"n":405.59,"vc":"235534","sl":"Нормальный","sv":"6788","p":35000.0,"q":17.97,"b":0.84,"ms":17.93,"wi":40.67,"ei":5.73,"as":513.32,"mi":"E","mv":37849,"sc":1,"lpe":82.07,"lpr":11142.29,"lq":1.05,"d":7527186},{"pi":"373200","pc":"Электроника","ss":10000,"td":"Центр города","dc":3,"n":586.47,"vc":"46429","sl":"Низкий","sv":"13","p":20394.91,"q":8.68,"b":2.16,"ms":1.23,"wi":22.26,"ei":6.08,"as":509.37,"mi":"E","mv":1061,"sc":1,"lpe":98.77,"lpr":12383.37,"lq":1.0,"d":944097},{"pi":"373200","pc":"Электроника","ss":10000,"td":"Центр города","dc":3,"n":593.16,"vc":"47187","sl":"Низкий","sv":"10","p":19593.64,"q":8.68,"b":2.16,"ms":1.3,"wi":19.47,"ei":5.91,"as":526.89,"mi":"E","mv":770,"sc":1,"lpe":98.7,"lpr":12084.43,"lq":1.0,"d":1222279},{"pi":"373200","pc":"Электроника","ss":800,"td":"Фешенебельный район","dc":1,"n":662.66,"vc":"1060","sl":"Элитный","sv":"52","p":59000.0,"q":3.05,"b":0.0,"ms":4.81,"wi":100.73,"ei":10.74,"as":1420.16,"mi":"E","mv":1080,"sc":1,"lpe":95.19,"lpr":31741.68,"lq":1.0,"d":130817},{"pi":"373200","pc":"Электроника","ss":100000,"td":"Фешенебельный район","dc":1,"n":385.33,"vc":"42884","sl":"Элитный","sv":"850","p":110000.0,"q":24.05,"b":3.1,"ms":2.59,"wi":51.76,"ei":4.41,"as":655.66,"mi":"E","mv":32880,"sc":1,"lpe":97.41,"lpr":20505.71,"lq":1.0,"d":7172110},{"pi":"373200","pc":"Электроника","ss":100000,"td":"Центр города","dc":7,"n":285.44,"vc":"134666","sl":"Высокий","sv":"2000","p":22000.0,"q":17.01,"b":4.78,"ms":1.81,"wi":39.97,"ei":5.34,"as":208.05,"mi":"E","mv":110525,"sc":1,"lpe":98.19,"lpr":12636.22,"lq":1.0,"d":12982716},{"pi":"373200","pc":"Электроника","ss":200000,"td":"Центр города","dc":2,"n":386.33,"vc":"170184","sl":"Элитный","sv":"2000","p":80000.0,"q":14.48,"b":1.77,"ms":50.58,"wi":113.29,"ei":8.52,"as":2226.16,"mi":"D","mv":3954,"sc":1,"lpe":49.42,"lpr":65071.22,"lq":1.09,"d":1235082},{"pi":"373200","pc":"Электроника","ss":120000,"td":"Центр города","dc":1,"n":480.88,"vc":"431664","sl":"Элитный","sv":"1000","p":60000.0,"q":14.48,"b":1.77,"ms":14.03,"wi":100.56,"ei":8.23,"as":1206.09,"mi":"E","mv":7127,"sc":1,"lpe":85.97,"lpr":33376.51,"lq":1.21,"d":1395634},{"pi":"373200","pc":"Электроника","ss":200000,"td":"Фешенебельный район","dc":2,"n":502.8,"vc":"159526","sl":"Элитный","sv":"300","p":180000.0,"q":24.05,"b":4.0,"ms":2.06,"wi":78.65,"ei":6.43,"as":351.11,"mi":"E","mv":14585,"sc":1,"lpe":97.94,"lpr":27790.66,"lq":1.0,"d":1885836},{"pi":"373200","pc":"Электроника","ss":150000,"td":"Центр города","dc":2,"n":381.11,"vc":"228009","sl":"Элитный","sv":"3000","p":75000.0,"q":14.48,"b":2.2,"ms":22.53,"wi":98.78,"ei":7.86,"as":1444.66,"mi":"E","mv":13315,"sc":1,"lpe":77.47,"lpr":40101.45,"lq":1.36,"d":1680666},{"pi":"373200","pc":"Электроника","ss":97000,"td":"Центр города","dc":4,"n":310.29,"vc":"95300","sl":"Элитный","sv":"2552","p":40000.0,"q":7.28,"b":0.0,"ms":24.58,"wi":116.13,"ei":7.17,"as":2122.22,"mi":"E","mv":10382,"sc":2,"lpe":72.53,"lpr":130393.27,"lq":1.52,"d":2596850},{"pi":"373200","pc":"Электроника","ss":100000,"td":"Фешенебельный район","dc":1,"n":64.83,"vc":"919","sl":"Элитный","sv":"300","p":111000.0,"q":9.36,"b":1.185,"ms":2.89,"wi":116.13,"ei":7.17,"as":2122.22,"mi":"E","mv":10382,"sc":2,"lpe":72.53,"lpr":130393.27,"lq":1.52,"d":2596850},{"pi":"373200","pc":"Электроника","ss":300000,"td":"Центр города","dc":1,"n":580.98,"vc":"4742444","sl":"Нормальный","sv":"5965","p":112700.0,"q":26.96,"b":3.68,"ms":9.85,"wi":102.86,"ei":10.85,"as":2744.68,"mi":"E","mv":60530,"sc":4,"lpe":81.47,"lpr":17718.68,"lq":1.63,"d":9744630},{"pi":"373200","pc":"Электроника","ss":300000,"td":"Центр города","dc":2,"n":302.59,"vc":"211328","sl":"Элитный","sv":"4500","p":70000.0,"q":15.13,"b":3.4,"ms":7.43,"wi":102.86,"ei":10.85,"as":2744.68,"mi":"E","mv":60530,"sc":4,"lpe":81.47,"lpr":17718.68,"lq":1.63,"d":9744630},{"pi":"373200","pc":"Электроника","ss":100000,"td":"Фешенебельный район","dc":1,"n":372.16,"vc":"42062","sl":"Элитный","sv":"733","p":115000.0,"q":24.05,"b":3.34,"ms":1.21,"wi":102.86,"ei":10.85,"as":2744.68,"mi":"E","mv":60530,"sc":4,"lpe":81.47,"lpr":17718.68,"lq":1.63,"d":9744630},{"pi":"373200","pc":"Электроника","ss":20000,"td":"Центр города","dc":1,"n":150.18,"vc":"14386","sl":"Элитный","sv":"16","p":64999.99,"q":6.97,"b":1.1075,"ms":0.03,"wi":102.86,"ei":10.85,"as":2744.68,"mi":"E","mv":60530,"sc":4,"lpe":81.47,"lpr":17718.68,"lq":1.63,"d":9744630},{"pi":"373200","pc":"Электроника","ss":100000,"td":"Фешенебельный район","dc":2,"n":533.97,"vc":"96682","sl":"Элитный","sv":"352","p":170000.0,"q":24.03,"b":4.0,"ms":3.75,"wi":78.09,"ei":6.42,"as":548.1,"mi":"E","mv":9394,"sc":1,"lpe":96.25,"lpr":21033.43,"lq":1.0,"d":1232684},{"pi":"373200","pc":"Электроника","ss":100000,"td":"Фешенебельный район","dc":2,"n":599.07,"vc":"127554","sl":"Элитный","sv":"250","p":180000.0,"q":24.05,"b":4.0,"ms":7.75,"wi":102.66,"ei":5.0,"as":366.29,"mi":"E","mv":3226,"sc":1,"lpe":92.25,"lpr":22586.28,"lq":1.0,"d":454964},{"pi":"373200","pc":"Электроника","ss":100000,"td":"Фешенебельный район","dc":1,"n":386.45,"vc":"31330","sl":"Элитный","sv":"1000","p":190000.0,"q":24.05,"b":4.15,"ms":5.41,"wi":99.69,"ei":9.31,"as":1270.5,"mi":"E","mv":18490,"sc":1,"lpe":94.59,"lpr":38642.29,"lq":1.0,"d":2836484},{"pi":"373200","pc":"Электроника","ss":100000,"td":"Фешенебельный район","dc":1,"n":368.53,"vc":"26802","sl":"Элитный","sv":"9058","p":44000.0,"q":10.56,"b":0.0,"ms":40.13,"wi":93.34,"ei":5.0,"as":474.39,"mi":"E","mv":22570,"sc":2,"lpe":59.01,"lpr":25642.31,"lq":2.28,"d":2970884},{"pi":"373200","pc":"Электроника","ss":300000,"td":"Фешенебельный район","dc":2,"n":460.81,"vc":"147918","sl":"Элитный","sv":"193","p":250000.0,"q":23.54,"b":4.0,"ms":0.86,"wi":93.34,"ei":5.0,"as":474.39,"mi":"E","mv":22570,"sc":2,"lpe":59.01,"lpr":25642.31,"lq":2.28,"d":2970884},{"pi":"373200","pc":"Электроника","ss":100000,"td":"Центр города","dc":1,"n":528.33,"vc":"509186","sl":"Очень высокий","sv":"300","p":120000.0,"q":24.05,"b":3.25,"ms":5.11,"wi":64.2,"ei":7.41,"as":406.66,"mi":"E","mv":5870,"sc":1,"lpe":94.89,"lpr":21848.48,"lq":1.0,"d":733921},{"pi":"373200","pc":"Электроника","ss":100000,"td":"Спальный район","dc":2,"n":453.06,"vc":"152740","sl":"Элитный","sv":"8685","p":29800.0,"q":3.05,"b":0.0,"ms":97.23,"wi":96.92,"ei":9.6,"as":1470.0,"mi":"D","mv":8932,"sc":2,"lpe":0.0,"lpr":28815.55,"lq":1.49,"d":1347944},{"pi":"373200","pc":"Электроника","ss":100000,"td":"Центр города","dc":2,"n":502.6,"vc":"327899","sl":"Очень высокий","sv":"26","p":200000.0,"q":17.57,"b":3.17,"ms":0.29,"wi":96.92,"ei":9.6,"as":1470.0,"mi":"D","mv":8932,"sc":2,"lpe":0.0,"lpr":28815.55,"lq":1.49,"d":1347944},{"pi":"373200","pc":"Электроника","ss":900,"td":"Центр города","dc":2,"n":435.76,"vc":"2299","sl":"Нормальный","sv":"9","p":43000.0,"q":3.05,"b":0.0,"ms":0.96,"wi":64.84,"ei":6.72,"as":456.0,"mi":"E","mv":934,"sc":1,"lpe":99.04,"lpr":24620.83,"lq":1.0,"d":145230},{"pi":"373200","pc":"Электроника","ss":1000,"td":"Фешенебельный район","dc":9,"n":64.15,"vc":"145","sl":"Элитный","sv":"4","p":30000.0,"q":3.05,"b":0.0,"ms":0.02,"wi":48.46,"ei":12.08,"as":459.52,"mi":"E","mv":19358,"sc":1,"lpe":99.98,"lpr":20461.27,"lq":1.0,"d":3957256},{"pi":"373200","pc":"Электроника","ss":200,"td":"Фешенебельный район","dc":3,"n":166.18,"vc":"27","sl":"Элитный","sv":"1","p":30999.0,"q":3.05,"b":0.0,"ms":0.15,"wi":49.7,"ei":6.62,"as":507.15,"mi":"E","mv":675,"sc":1,"lpe":99.85,"lpr":15180.12,"lq":1.0,"d":106621}]