[{"d":"23.05.2015","r":10.0,"q":6.69,"p":2.0E8,"s":[{"ui":"5035127","t":10.0,"r":10.0,"q":6.69,"p":2.0E8,"mot":"U","mo":10.0},{"cn":"","ui":"","t":0.0,"r":0.0,"q":0.0,"p":0.0,"mot":"L","mo":0.0}]},{"d":"29.05.2015","r":24.0,"q":26.22,"p":3.0E8,"s":[{"ui":"4868768","t":24.0,"r":24.0,"q":26.22,"p":3.0E8,"mot":"U","mo":24.0},{"cn":"","ui":"","t":0.0,"r":0.0,"q":0.0,"p":0.0,"mot":"L","mo":0.0}]},{"d":"30.05.2015","r":24.0,"q":26.22,"p":2.8E8,"s":[{"ui":"4868768","t":24.0,"r":24.0,"q":26.22,"p":2.8E8,"mot":"U","mo":24.0},{"cn":"","ui":"","t":0.0,"r":0.0,"q":0.0,"p":0.0,"mot":"L","mo":0.0}]},{"d":"06.06.2015","r":25.0,"q":25.47,"p":2.648E8,"s":[{"ui":"4868768","t":24.0,"r":24.0,"q":26.22,"p":2.7E8,"mot":"U","mo":24.0},{"cn":"","ui":"","t":3.0,"r":1.0,"q":7.44,"p":1.4E8,"mot":"L","mo":1.0}]},{"d":"09.06.2015","r":1.0,"q":7.44,"p":1.4E8,"s":[{"ui":"5859420","t":1.0,"r":1.0,"q":7.44,"p":1.4E8,"mot":"U","mo":1.0},{"cn":"","ui":"","t":0.0,"r":0.0,"q":0.0,"p":0.0,"mot":"L","mo":0.0}]},{"d":"11.06.2015","r":24.0,"q":26.22,"p":2.6E8,"s":[{"ui":"4868768","t":24.0,"r":24.0,"q":26.22,"p":2.6E8,"mot":"U","mo":24.0},{"cn":"","ui":"","t":0.0,"r":0.0,"q":0.0,"p":0.0,"mot":"L","mo":0.0}]},{"d":"13.06.2015","r":24.0,"q":26.22,"p":2.5E8,"s":[{"ui":"4868768","t":24.0,"r":24.0,"q":26.22,"p":2.5E8,"mot":"U","mo":24.0},{"cn":"","ui":"","t":0.0,"r":0.0,"q":0.0,"p":0.0,"mot":"L","mo":0.0}]},{"d":"18.06.2015","r":18.0,"q":26.22,"p":2.5E8,"s":[{"ui":"4868768","t":20.0,"r":18.0,"q":26.22,"p":2.5E8,"mot":"U","mo":18.0},{"cn":"","ui":"","t":0.0,"r":0.0,"q":0.0,"p":0.0,"mot":"L","mo":0.0}]},{"d":"21.06.2015","r":14.0,"q":26.22,"p":2.5E8,"s":[{"ui":"4868768","t":16.0,"r":14.0,"q":26.22,"p":2.5E8,"mot":"U","mo":14.0},{"cn":"","ui":"","t":0.0,"r":0.0,"q":0.0,"p":0.0,"mot":"L","mo":0.0}]},{"d":"23.06.2015","r":8.0,"q":26.22,"p":2.5E8,"s":[{"ui":"4868768","t":10.0,"r":8.0,"q":26.22,"p":2.5E8,"mot":"U","mo":8.0},{"cn":"","ui":"","t":0.0,"r":0.0,"q":0.0,"p":0.0,"mot":"L","mo":0.0}]},{"d":"27.06.2015","r":8.0,"q":20.4,"p":1.8625E8,"s":[{"ui":"4868768","t":2.0,"r":2.0,"q":26.22,"p":2.5E8,"mot":"U","mo":2.0},{"ui":"5436083","t":3.0,"r":3.0,"q":20.02,"p":2.3E8,"mot":"U","mo":3.0},{"ui":"5032063","t":3.0,"r":3.0,"q":16.9,"p":1.0E8,"mot":"U","mo":3.0},{"cn":"","ui":"","t":0.0,"r":0.0,"q":0.0,"p":0.0,"mot":"L","mo":0.0}]},{"d":"03.07.2015","r":12.0,"q":16.82,"p":1.0E8,"s":[{"ui":"5032063","t":12.0,"r":12.0,"q":16.82,"p":1.0E8,"mot":"U","mo":12.0},{"cn":"","ui":"","t":0.0,"r":0.0,"q":0.0,"p":0.0,"mot":"L","mo":0.0}]},{"d":"04.07.2015","r":18.0,"q":15.55,"p":1.1777777778E8,"s":[{"ui":"5859420","t":1.0,"r":1.0,"q":7.44,"p":1.2E8,"mot":"U","mo":1.0},{"ui":"5426747","t":8.0,"r":8.0,"q":9.96,"p":2.5E8,"mot":"L","mo":2.0},{"ui":"5032063","t":15.0,"r":15.0,"q":16.84,"p":1.0E8,"mot":"U","mo":15.0},{"cn":"","ui":"","t":0.0,"r":0.0,"q":0.0,"p":0.0,"mot":"L","mo":0.0}]},{"d":"04.08.2015","r":6.0,"q":8.68,"p":1.21E8,"s":[{"ui":"5859420","t":7.0,"r":6.0,"q":8.68,"p":1.21E8,"mot":"U","mo":6.0},{"cn":"","ui":"","t":0.0,"r":0.0,"q":0.0,"p":0.0,"mot":"L","mo":0.0}]},{"d":"05.08.2015","r":5.0,"q":8.68,"p":1.21E8,"s":[{"ui":"5859420","t":6.0,"r":5.0,"q":8.68,"p":1.21E8,"mot":"U","mo":5.0},{"cn":"","ui":"","t":0.0,"r":0.0,"q":0.0,"p":0.0,"mot":"L","mo":0.0}]},{"d":"06.08.2015","r":5.0,"q":8.73,"p":1.21E8,"s":[{"ui":"5859420","t":6.0,"r":5.0,"q":8.73,"p":1.21E8,"mot":"U","mo":5.0},{"cn":"","ui":"","t":0.0,"r":0.0,"q":0.0,"p":0.0,"mot":"L","mo":0.0}]},{"d":"07.08.2015","r":4.0,"q":8.73,"p":1.21E8,"s":[{"ui":"5859420","t":5.0,"r":4.0,"q":8.73,"p":1.21E8,"mot":"U","mo":4.0},{"cn":"","ui":"","t":0.0,"r":0.0,"q":0.0,"p":0.0,"mot":"L","mo":0.0}]},{"d":"09.08.2015","r":3.0,"q":8.79,"p":1.21E8,"s":[{"ui":"5859420","t":4.0,"r":3.0,"q":8.79,"p":1.21E8,"mot":"U","mo":3.0},{"cn":"","ui":"","t":0.0,"r":0.0,"q":0.0,"p":0.0,"mot":"L","mo":0.0}]},{"d":"10.08.2015","r":2.0,"q":8.79,"p":1.21E8,"s":[{"ui":"5859420","t":3.0,"r":2.0,"q":8.79,"p":1.21E8,"mot":"U","mo":2.0},{"cn":"","ui":"","t":0.0,"r":0.0,"q":0.0,"p":0.0,"mot":"L","mo":0.0}]},{"d":"11.08.2015","r":6.0,"q":9.31,"p":1.21E8,"s":[{"ui":"5859420","t":7.0,"r":6.0,"q":9.31,"p":1.21E8,"mot":"U","mo":6.0},{"cn":"","ui":"","t":0.0,"r":0.0,"q":0.0,"p":0.0,"mot":"L","mo":0.0}]},{"d":"13.08.2015","r":9.0,"q":9.44,"p":1.26E8,"s":[{"ui":"5859420","t":10.0,"r":9.0,"q":9.44,"p":1.26E8,"mot":"U","mo":9.0},{"cn":"","ui":"","t":0.0,"r":0.0,"q":0.0,"p":0.0,"mot":"L","mo":0.0}]},{"d":"14.08.2015","r":8.0,"q":9.44,"p":1.26E8,"s":[{"ui":"5859420","t":9.0,"r":8.0,"q":9.44,"p":1.26E8,"mot":"U","mo":8.0},{"cn":"","ui":"","t":0.0,"r":0.0,"q":0.0,"p":0.0,"mot":"L","mo":0.0}]},{"d":"18.09.2015","r":1.0,"q":12.34,"p":2.0E7,"s":[{"ui":"5032063","t":1.0,"r":1.0,"q":12.34,"p":2.0E7,"mot":"U","mo":1.0},{"cn":"","ui":"","t":0.0,"r":0.0,"q":0.0,"p":0.0,"mot":"L","mo":0.0}]},{"d":"10.10.2015","r":1.0,"q":9.62,"p":1.26E8,"s":[{"ui":"5859420","t":1.0,"r":1.0,"q":9.62,"p":1.26E8,"mot":"U","mo":1.0},{"cn":"","ui":"","t":0.0,"r":0.0,"q":0.0,"p":0.0,"mot":"L","mo":0.0}]},{"d":"12.10.2015","r":2.0,"q":9.54,"p":1.26E8,"s":[{"ui":"5859420","t":2.0,"r":2.0,"q":9.54,"p":1.26E8,"mot":"U","mo":2.0},{"cn":"","ui":"","t":0.0,"r":0.0,"q":0.0,"p":0.0,"mot":"L","mo":0.0}]},{"d":"13.10.2015","r":3.0,"q":9.5,"p":1.26E8,"s":[{"ui":"5859420","t":3.0,"r":3.0,"q":9.5,"p":1.26E8,"mot":"U","mo":3.0},{"cn":"","ui":"","t":0.0,"r":0.0,"q":0.0,"p":0.0,"mot":"L","mo":0.0}]},{"d":"14.10.2015","r":4.0,"q":9.53,"p":1.26E8,"s":[{"ui":"5859420","t":4.0,"r":4.0,"q":9.53,"p":1.26E8,"mot":"U","mo":4.0},{"cn":"","ui":"","t":0.0,"r":0.0,"q":0.0,"p":0.0,"mot":"L","mo":0.0}]},{"d":"16.10.2015","r":5.0,"q":9.59,"p":1.26E8,"s":[{"ui":"5859420","t":5.0,"r":5.0,"q":9.59,"p":1.26E8,"mot":"U","mo":5.0},{"cn":"","ui":"","t":0.0,"r":0.0,"q":0.0,"p":0.0,"mot":"L","mo":0.0}]},{"d":"17.10.2015","r":6.0,"q":9.57,"p":1.26E8,"s":[{"ui":"5859420","t":6.0,"r":6.0,"q":9.57,"p":1.26E8,"mot":"U","mo":6.0},{"cn":"","ui":"","t":0.0,"r":0.0,"q":0.0,"p":0.0,"mot":"L","mo":0.0}]},{"d":"19.10.2015","r":4.0,"q":9.57,"p":1.26E8,"s":[{"ui":"5859420","t":5.0,"r":4.0,"q":9.57,"p":1.26E8,"mot":"U","mo":4.0},{"cn":"","ui":"","t":0.0,"r":0.0,"q":0.0,"p":0.0,"mot":"L","mo":0.0}]},{"d":"20.10.2015","r":3.0,"q":9.57,"p":1.26E8,"s":[{"ui":"5859420","t":4.0,"r":3.0,"q":9.57,"p":1.26E8,"mot":"U","mo":3.0},{"cn":"","ui":"","t":0.0,"r":0.0,"q":0.0,"p":0.0,"mot":"L","mo":0.0}]},{"d":"21.10.2015","r":18.0,"q":9.52,"p":3.0022222222E8,"s":[{"ui":"5859420","t":4.0,"r":4.0,"q":9.57,"p":1.26E8,"mot":"U","mo":4.0},{"ui":"2726906","t":14.0,"r":14.0,"q":9.5,"p":3.5E8,"mot":"U","mo":14.0},{"cn":"","ui":"","t":0.0,"r":0.0,"q":0.0,"p":0.0,"mot":"L","mo":0.0}]},{"d":"29.10.2015","r":3.0,"q":9.5,"p":3.5E8,"s":[{"ui":"2726906","t":3.0,"r":3.0,"q":9.5,"p":3.5E8,"mot":"U","mo":3.0},{"cn":"","ui":"","t":0.0,"r":0.0,"q":0.0,"p":0.0,"mot":"L","mo":0.0}]},{"d":"30.10.2015","r":6.0,"q":9.94,"p":3.5E8,"s":[{"ui":"2726906","t":6.0,"r":6.0,"q":9.94,"p":3.5E8,"mot":"U","mo":6.0},{"cn":"","ui":"","t":0.0,"r":0.0,"q":0.0,"p":0.0,"mot":"L","mo":0.0}]},{"d":"14.11.2015","r":4.0,"q":9.29,"p":3.5E8,"s":[{"ui":"2726906","t":4.0,"r":4.0,"q":9.29,"p":3.5E8,"mot":"U","mo":4.0},{"cn":"","ui":"","t":0.0,"r":0.0,"q":0.0,"p":0.0,"mot":"L","mo":0.0}]},{"d":"15.11.2015","r":1.0,"q":10.27,"p":3.8E8,"s":[{"ui":"5035320","t":1.0,"r":1.0,"q":10.27,"p":3.8E8,"mot":"U","mo":1.0},{"cn":"","ui":"","t":0.0,"r":0.0,"q":0.0,"p":0.0,"mot":"L","mo":0.0}]},{"d":"16.11.2015","r":6.0,"q":12.54,"p":3.8E8,"s":[{"ui":"5035320","t":6.0,"r":6.0,"q":12.54,"p":3.8E8,"mot":"U","mo":6.0},{"cn":"","ui":"","t":0.0,"r":0.0,"q":0.0,"p":0.0,"mot":"L","mo":0.0}]},{"d":"17.11.2015","r":6.0,"q":12.54,"p":4.0E8,"s":[{"ui":"5035320","t":6.0,"r":6.0,"q":12.54,"p":4.0E8,"mot":"U","mo":6.0},{"cn":"","ui":"","t":0.0,"r":0.0,"q":0.0,"p":0.0,"mot":"L","mo":0.0}]},{"d":"14.12.2015","r":1.0,"q":19.29,"p":2.5E7,"s":[{"ui":"5079989","t":1.0,"r":1.0,"q":19.29,"p":2.5E7,"mot":"U","mo":1.0},{"cn":"","ui":"","t":0.0,"r":0.0,"q":0.0,"p":0.0,"mot":"L","mo":0.0}]},{"d":"12.01.2016","r":8.0,"q":34.72,"p":4.0E8,"s":[{"ui":"5963049","t":8.0,"r":8.0,"q":34.72,"p":4.0E8,"mot":"U","mo":8.0},{"cn":"","ui":"","t":0.0,"r":0.0,"q":0.0,"p":0.0,"mot":"L","mo":0.0}]},{"d":"13.01.2016","r":10.0,"q":34.72,"p":4.0E8,"s":[{"ui":"5963049","t":10.0,"r":10.0,"q":34.72,"p":4.0E8,"mot":"U","mo":10.0},{"cn":"","ui":"","t":0.0,"r":0.0,"q":0.0,"p":0.0,"mot":"L","mo":0.0}]},{"d":"14.01.2016","r":12.0,"q":34.71,"p":4.0E8,"s":[{"ui":"5963049","t":12.0,"r":12.0,"q":34.71,"p":4.0E8,"mot":"U","mo":12.0},{"cn":"","ui":"","t":0.0,"r":0.0,"q":0.0,"p":0.0,"mot":"L","mo":0.0}]},{"d":"15.01.2016","r":26.0,"q":24.71,"p":4.0E8,"s":[{"ui":"5963049","t":14.0,"r":14.0,"q":34.71,"p":4.0E8,"mot":"U","mo":14.0},{"ui":"6160413","t":12.0,"r":12.0,"q":13.05,"p":4.0E8,"mot":"U","mo":12.0},{"cn":"","ui":"","t":0.0,"r":0.0,"q":0.0,"p":0.0,"mot":"L","mo":0.0}]},{"d":"16.01.2016","r":16.0,"q":34.7,"p":4.0E8,"s":[{"ui":"5963049","t":16.0,"r":16.0,"q":34.7,"p":4.0E8,"mot":"U","mo":16.0},{"cn":"","ui":"","t":0.0,"r":0.0,"q":0.0,"p":0.0,"mot":"L","mo":0.0}]},{"d":"20.01.2016","r":20.0,"q":34.68,"p":3.0E8,"s":[{"ui":"5963049","t":22.0,"r":20.0,"q":34.68,"p":3.0E8,"mot":"U","mo":20.0},{"cn":"","ui":"","t":0.0,"r":0.0,"q":0.0,"p":0.0,"mot":"L","mo":0.0}]},{"d":"22.01.2016","r":26.0,"q":34.67,"p":3.0E8,"s":[{"ui":"5963049","t":26.0,"r":26.0,"q":34.67,"p":3.0E8,"mot":"U","mo":26.0},{"cn":"","ui":"","t":0.0,"r":0.0,"q":0.0,"p":0.0,"mot":"L","mo":0.0}]},{"d":"23.01.2016","r":28.0,"q":34.67,"p":3.0E8,"s":[{"ui":"5963049","t":28.0,"r":28.0,"q":34.67,"p":3.0E8,"mot":"U","mo":28.0},{"cn":"","ui":"","t":0.0,"r":0.0,"q":0.0,"p":0.0,"mot":"L","mo":0.0}]},{"d":"24.01.2016","r":30.0,"q":34.67,"p":3.0E8,"s":[{"ui":"5963049","t":30.0,"r":30.0,"q":34.67,"p":3.0E8,"mot":"U","mo":30.0},{"cn":"","ui":"","t":0.0,"r":0.0,"q":0.0,"p":0.0,"mot":"L","mo":0.0}]},{"d":"25.01.2016","r":32.0,"q":34.67,"p":3.0E8,"s":[{"ui":"5963049","t":32.0,"r":32.0,"q":34.67,"p":3.0E8,"mot":"U","mo":32.0},{"cn":"","ui":"","t":0.0,"r":0.0,"q":0.0,"p":0.0,"mot":"L","mo":0.0}]},{"d":"26.01.2016","r":34.0,"q":34.66,"p":3.0E8,"s":[{"ui":"5963049","t":34.0,"r":34.0,"q":34.66,"p":3.0E8,"mot":"U","mo":34.0},{"cn":"","ui":"","t":0.0,"r":0.0,"q":0.0,"p":0.0,"mot":"L","mo":0.0}]},{"d":"27.01.2016","r":36.0,"q":34.66,"p":3.0E8,"s":[{"ui":"5963049","t":36.0,"r":36.0,"q":34.66,"p":3.0E8,"mot":"U","mo":36.0},{"cn":"","ui":"","t":0.0,"r":0.0,"q":0.0,"p":0.0,"mot":"L","mo":0.0}]},{"d":"28.01.2016","r":38.0,"q":34.66,"p":3.0E8,"s":[{"ui":"5963049","t":38.0,"r":38.0,"q":34.66,"p":3.0E8,"mot":"U","mo":38.0},{"cn":"","ui":"","t":0.0,"r":0.0,"q":0.0,"p":0.0,"mot":"L","mo":0.0}]},{"d":"29.01.2016","r":40.0,"q":34.66,"p":3.0E8,"s":[{"ui":"5963049","t":40.0,"r":40.0,"q":34.66,"p":3.0E8,"mot":"U","mo":40.0},{"cn":"","ui":"","t":0.0,"r":0.0,"q":0.0,"p":0.0,"mot":"L","mo":0.0}]},{"d":"30.01.2016","r":42.0,"q":34.66,"p":3.0E8,"s":[{"ui":"5963049","t":42.0,"r":42.0,"q":34.66,"p":3.0E8,"mot":"U","mo":42.0},{"cn":"","ui":"","t":0.0,"r":0.0,"q":0.0,"p":0.0,"mot":"L","mo":0.0}]},{"d":"31.01.2016","r":44.0,"q":34.65,"p":3.0E8,"s":[{"ui":"5963049","t":44.0,"r":44.0,"q":34.65,"p":3.0E8,"mot":"U","mo":44.0},{"cn":"","ui":"","t":0.0,"r":0.0,"q":0.0,"p":0.0,"mot":"L","mo":0.0}]},{"d":"01.02.2016","r":46.0,"q":34.65,"p":3.0E8,"s":[{"ui":"5963049","t":46.0,"r":46.0,"q":34.65,"p":3.0E8,"mot":"U","mo":46.0},{"cn":"","ui":"","t":0.0,"r":0.0,"q":0.0,"p":0.0,"mot":"L","mo":0.0}]},{"d":"02.02.2016","r":48.0,"q":34.64,"p":3.0E8,"s":[{"ui":"5963049","t":48.0,"r":48.0,"q":34.64,"p":3.0E8,"mot":"U","mo":48.0},{"cn":"","ui":"","t":0.0,"r":0.0,"q":0.0,"p":0.0,"mot":"L","mo":0.0}]},{"d":"03.02.2016","r":50.0,"q":34.62,"p":3.0E8,"s":[{"ui":"5963049","t":50.0,"r":50.0,"q":34.62,"p":3.0E8,"mot":"U","mo":50.0},{"cn":"","ui":"","t":0.0,"r":0.0,"q":0.0,"p":0.0,"mot":"L","mo":0.0}]},{"d":"04.02.2016","r":52.0,"q":34.61,"p":3.0E8,"s":[{"ui":"5963049","t":52.0,"r":52.0,"q":34.61,"p":3.0E8,"mot":"U","mo":52.0},{"cn":"","ui":"","t":0.0,"r":0.0,"q":0.0,"p":0.0,"mot":"L","mo":0.0}]},{"d":"05.02.2016","r":54.0,"q":34.59,"p":3.0E8,"s":[{"ui":"5963049","t":54.0,"r":54.0,"q":34.59,"p":3.0E8,"mot":"U","mo":54.0},{"cn":"","ui":"","t":0.0,"r":0.0,"q":0.0,"p":0.0,"mot":"L","mo":0.0}]},{"d":"06.02.2016","r":56.0,"q":34.57,"p":3.0E8,"s":[{"ui":"5963049","t":56.0,"r":56.0,"q":34.57,"p":3.0E8,"mot":"U","mo":56.0},{"cn":"","ui":"","t":0.0,"r":0.0,"q":0.0,"p":0.0,"mot":"L","mo":0.0}]},{"d":"07.02.2016","r":58.0,"q":34.55,"p":3.0E8,"s":[{"ui":"5963049","t":58.0,"r":58.0,"q":34.55,"p":3.0E8,"mot":"U","mo":58.0},{"cn":"","ui":"","t":0.0,"r":0.0,"q":0.0,"p":0.0,"mot":"L","mo":0.0}]},{"d":"08.02.2016","r":60.0,"q":34.52,"p":3.0E8,"s":[{"ui":"5963049","t":60.0,"r":60.0,"q":34.52,"p":3.0E8,"mot":"U","mo":60.0},{"cn":"","ui":"","t":0.0,"r":0.0,"q":0.0,"p":0.0,"mot":"L","mo":0.0}]},{"d":"09.02.2016","r":62.0,"q":34.5,"p":3.0E8,"s":[{"ui":"5963049","t":62.0,"r":62.0,"q":34.5,"p":3.0E8,"mot":"U","mo":62.0},{"cn":"","ui":"","t":0.0,"r":0.0,"q":0.0,"p":0.0,"mot":"L","mo":0.0}]},{"d":"10.02.2016","r":64.0,"q":34.47,"p":3.0E8,"s":[{"ui":"5963049","t":64.0,"r":64.0,"q":34.47,"p":3.0E8,"mot":"U","mo":64.0},{"cn":"","ui":"","t":0.0,"r":0.0,"q":0.0,"p":0.0,"mot":"L","mo":0.0}]},{"d":"11.02.2016","r":66.0,"q":34.44,"p":3.0E8,"s":[{"ui":"5963049","t":66.0,"r":66.0,"q":34.44,"p":3.0E8,"mot":"U","mo":66.0},{"cn":"","ui":"","t":0.0,"r":0.0,"q":0.0,"p":0.0,"mot":"L","mo":0.0}]},{"d":"12.02.2016","r":68.0,"q":34.41,"p":3.0E8,"s":[{"ui":"5963049","t":68.0,"r":68.0,"q":34.41,"p":3.0E8,"mot":"U","mo":68.0},{"cn":"","ui":"","t":0.0,"r":0.0,"q":0.0,"p":0.0,"mot":"L","mo":0.0}]},{"d":"14.02.2016","r":70.0,"q":34.38,"p":3.0E8,"s":[{"ui":"5963049","t":70.0,"r":70.0,"q":34.38,"p":3.0E8,"mot":"U","mo":70.0},{"cn":"","ui":"","t":0.0,"r":0.0,"q":0.0,"p":0.0,"mot":"L","mo":0.0}]},{"d":"15.02.2016","r":72.0,"q":34.35,"p":3.0E8,"s":[{"ui":"5963049","t":72.0,"r":72.0,"q":34.35,"p":3.0E8,"mot":"U","mo":72.0},{"cn":"","ui":"","t":0.0,"r":0.0,"q":0.0,"p":0.0,"mot":"L","mo":0.0}]},{"d":"16.02.2016","r":74.0,"q":34.32,"p":3.0E8,"s":[{"ui":"5963049","t":74.0,"r":74.0,"q":34.32,"p":3.0E8,"mot":"U","mo":74.0},{"cn":"","ui":"","t":0.0,"r":0.0,"q":0.0,"p":0.0,"mot":"L","mo":0.0}]},{"d":"17.02.2016","r":76.0,"q":34.29,"p":3.0E8,"s":[{"ui":"5963049","t":76.0,"r":76.0,"q":34.29,"p":3.0E8,"mot":"U","mo":76.0},{"cn":"","ui":"","t":0.0,"r":0.0,"q":0.0,"p":0.0,"mot":"L","mo":0.0}]},{"d":"18.02.2016","r":78.0,"q":34.26,"p":3.0E8,"s":[{"ui":"5963049","t":78.0,"r":78.0,"q":34.26,"p":3.0E8,"mot":"U","mo":78.0},{"cn":"","ui":"","t":0.0,"r":0.0,"q":0.0,"p":0.0,"mot":"L","mo":0.0}]},{"d":"19.02.2016","r":80.0,"q":34.22,"p":3.0E8,"s":[{"ui":"5963049","t":80.0,"r":80.0,"q":34.22,"p":3.0E8,"mot":"U","mo":80.0},{"cn":"","ui":"","t":0.0,"r":0.0,"q":0.0,"p":0.0,"mot":"L","mo":0.0}]},{"d":"20.02.2016","r":82.0,"q":34.19,"p":3.0E8,"s":[{"ui":"5963049","t":82.0,"r":82.0,"q":34.19,"p":3.0E8,"mot":"U","mo":82.0},{"cn":"","ui":"","t":0.0,"r":0.0,"q":0.0,"p":0.0,"mot":"L","mo":0.0}]},{"d":"21.02.2016","r":84.0,"q":34.15,"p":3.0E8,"s":[{"ui":"5963049","t":84.0,"r":84.0,"q":34.15,"p":3.0E8,"mot":"U","mo":84.0},{"cn":"","ui":"","t":0.0,"r":0.0,"q":0.0,"p":0.0,"mot":"L","mo":0.0}]},{"d":"22.02.2016","r":86.0,"q":34.12,"p":3.0E8,"s":[{"ui":"5963049","t":86.0,"r":86.0,"q":34.12,"p":3.0E8,"mot":"U","mo":86.0},{"cn":"","ui":"","t":0.0,"r":0.0,"q":0.0,"p":0.0,"mot":"L","mo":0.0}]},{"d":"23.02.2016","r":88.0,"q":34.08,"p":3.0E8,"s":[{"ui":"5963049","t":88.0,"r":88.0,"q":34.08,"p":3.0E8,"mot":"U","mo":88.0},{"cn":"","ui":"","t":0.0,"r":0.0,"q":0.0,"p":0.0,"mot":"L","mo":0.0}]},{"d":"24.02.2016","r":90.0,"q":34.05,"p":3.0E8,"s":[{"ui":"5963049","t":90.0,"r":90.0,"q":34.05,"p":3.0E8,"mot":"U","mo":90.0},{"cn":"","ui":"","t":0.0,"r":0.0,"q":0.0,"p":0.0,"mot":"L","mo":0.0}]},{"d":"25.02.2016","r":92.0,"q":34.02,"p":3.0E8,"s":[{"ui":"5963049","t":92.0,"r":92.0,"q":34.02,"p":3.0E8,"mot":"U","mo":92.0},{"cn":"","ui":"","t":0.0,"r":0.0,"q":0.0,"p":0.0,"mot":"L","mo":0.0}]},{"d":"26.02.2016","r":94.0,"q":33.99,"p":3.0E8,"s":[{"ui":"5963049","t":94.0,"r":94.0,"q":33.99,"p":3.0E8,"mot":"U","mo":94.0},{"cn":"","ui":"","t":0.0,"r":0.0,"q":0.0,"p":0.0,"mot":"L","mo":0.0}]},{"d":"27.02.2016","r":96.0,"q":33.97,"p":3.0E8,"s":[{"ui":"5963049","t":96.0,"r":96.0,"q":33.97,"p":3.0E8,"mot":"U","mo":96.0},{"cn":"","ui":"","t":0.0,"r":0.0,"q":0.0,"p":0.0,"mot":"L","mo":0.0}]},{"d":"28.02.2016","r":98.0,"q":33.95,"p":3.0E8,"s":[{"ui":"5963049","t":98.0,"r":98.0,"q":33.95,"p":3.0E8,"mot":"U","mo":98.0},{"cn":"","ui":"","t":0.0,"r":0.0,"q":0.0,"p":0.0,"mot":"L","mo":0.0}]},{"d":"29.02.2016","r":100.0,"q":33.93,"p":3.0E8,"s":[{"ui":"5963049","t":100.0,"r":100.0,"q":33.93,"p":3.0E8,"mot":"U","mo":100.0},{"cn":"","ui":"","t":0.0,"r":0.0,"q":0.0,"p":0.0,"mot":"L","mo":0.0}]},{"d":"01.03.2016","r":102.0,"q":33.91,"p":3.0E8,"s":[{"ui":"5963049","t":102.0,"r":102.0,"q":33.91,"p":3.0E8,"mot":"U","mo":102.0},{"cn":"","ui":"","t":0.0,"r":0.0,"q":0.0,"p":0.0,"mot":"L","mo":0.0}]},{"d":"02.03.2016","r":104.0,"q":33.89,"p":3.0E8,"s":[{"ui":"5963049","t":104.0,"r":104.0,"q":33.89,"p":3.0E8,"mot":"U","mo":104.0},{"cn":"","ui":"","t":0.0,"r":0.0,"q":0.0,"p":0.0,"mot":"L","mo":0.0}]},{"d":"03.03.2016","r":106.0,"q":33.88,"p":3.0E8,"s":[{"ui":"5963049","t":106.0,"r":106.0,"q":33.88,"p":3.0E8,"mot":"U","mo":106.0},{"cn":"","ui":"","t":0.0,"r":0.0,"q":0.0,"p":0.0,"mot":"L","mo":0.0}]},{"d":"04.03.2016","r":108.0,"q":33.87,"p":3.0E8,"s":[{"ui":"5963049","t":108.0,"r":108.0,"q":33.87,"p":3.0E8,"mot":"U","mo":108.0},{"cn":"","ui":"","t":0.0,"r":0.0,"q":0.0,"p":0.0,"mot":"L","mo":0.0}]},{"d":"05.03.2016","r":110.0,"q":33.85,"p":3.0E8,"s":[{"ui":"5963049","t":110.0,"r":110.0,"q":33.85,"p":3.0E8,"mot":"U","mo":110.0},{"cn":"","ui":"","t":0.0,"r":0.0,"q":0.0,"p":0.0,"mot":"L","mo":0.0}]},{"d":"06.03.2016","r":112.0,"q":33.84,"p":3.0E8,"s":[{"ui":"5963049","t":112.0,"r":112.0,"q":33.84,"p":3.0E8,"mot":"U","mo":112.0},{"cn":"","ui":"","t":0.0,"r":0.0,"q":0.0,"p":0.0,"mot":"L","mo":0.0}]},{"d":"07.03.2016","r":114.0,"q":33.83,"p":3.0E8,"s":[{"ui":"5963049","t":114.0,"r":114.0,"q":33.83,"p":3.0E8,"mot":"U","mo":114.0},{"cn":"","ui":"","t":0.0,"r":0.0,"q":0.0,"p":0.0,"mot":"L","mo":0.0}]},{"d":"08.03.2016","r":116.0,"q":33.83,"p":3.0E8,"s":[{"ui":"5963049","t":116.0,"r":116.0,"q":33.83,"p":3.0E8,"mot":"U","mo":116.0},{"cn":"","ui":"","t":0.0,"r":0.0,"q":0.0,"p":0.0,"mot":"L","mo":0.0}]},{"d":"09.03.2016","r":118.0,"q":33.82,"p":3.0E8,"s":[{"ui":"5963049","t":118.0,"r":118.0,"q":33.82,"p":3.0E8,"mot":"U","mo":118.0},{"cn":"","ui":"","t":0.0,"r":0.0,"q":0.0,"p":0.0,"mot":"L","mo":0.0}]},{"d":"10.03.2016","r":120.0,"q":33.81,"p":3.0E8,"s":[{"ui":"5963049","t":120.0,"r":120.0,"q":33.81,"p":3.0E8,"mot":"U","mo":120.0},{"cn":"","ui":"","t":0.0,"r":0.0,"q":0.0,"p":0.0,"mot":"L","mo":0.0}]},{"d":"12.03.2016","r":124.0,"q":33.81,"p":3.0E8,"s":[{"ui":"5963049","t":124.0,"r":124.0,"q":33.81,"p":3.0E8,"mot":"U","mo":124.0},{"cn":"","ui":"","t":0.0,"r":0.0,"q":0.0,"p":0.0,"mot":"L","mo":0.0}]},{"d":"13.03.2016","r":126.0,"q":33.8,"p":3.0E8,"s":[{"ui":"5963049","t":126.0,"r":126.0,"q":33.8,"p":3.0E8,"mot":"U","mo":126.0},{"cn":"","ui":"","t":0.0,"r":0.0,"q":0.0,"p":0.0,"mot":"L","mo":0.0}]},{"d":"14.03.2016","r":128.0,"q":33.8,"p":3.0E8,"s":[{"ui":"5963049","t":128.0,"r":128.0,"q":33.8,"p":3.0E8,"mot":"U","mo":128.0},{"cn":"","ui":"","t":0.0,"r":0.0,"q":0.0,"p":0.0,"mot":"L","mo":0.0}]},{"d":"16.03.2016","r":132.0,"q":33.8,"p":3.0E8,"s":[{"ui":"5963049","t":132.0,"r":132.0,"q":33.8,"p":3.0E8,"mot":"U","mo":132.0},{"cn":"","ui":"","t":0.0,"r":0.0,"q":0.0,"p":0.0,"mot":"L","mo":0.0}]},{"d":"17.03.2016","r":129.0,"q":33.8,"p":3.0E8,"s":[{"ui":"5963049","t":134.0,"r":129.0,"q":33.8,"p":3.0E8,"mot":"U","mo":129.0},{"cn":"","ui":"","t":0.0,"r":0.0,"q":0.0,"p":0.0,"mot":"L","mo":0.0}]},{"d":"20.03.2016","r":134.0,"q":33.8,"p":3.0E8,"s":[{"ui":"5963049","t":134.0,"r":134.0,"q":33.8,"p":3.0E8,"mot":"U","mo":134.0},{"cn":"","ui":"","t":0.0,"r":0.0,"q":0.0,"p":0.0,"mot":"L","mo":0.0}]},{"d":"23.03.2016","r":140.0,"q":33.8,"p":3.0E8,"s":[{"ui":"5963049","t":140.0,"r":140.0,"q":33.8,"p":3.0E8,"mot":"U","mo":140.0},{"cn":"","ui":"","t":0.0,"r":0.0,"q":0.0,"p":0.0,"mot":"L","mo":0.0}]},{"d":"24.03.2016","r":142.0,"q":33.8,"p":3.0E8,"s":[{"ui":"5963049","t":142.0,"r":142.0,"q":33.8,"p":3.0E8,"mot":"U","mo":142.0},{"cn":"","ui":"","t":0.0,"r":0.0,"q":0.0,"p":0.0,"mot":"L","mo":0.0}]},{"d":"25.03.2016","r":144.0,"q":33.79,"p":3.0E8,"s":[{"ui":"5963049","t":144.0,"r":144.0,"q":33.79,"p":3.0E8,"mot":"U","mo":144.0},{"cn":"","ui":"","t":0.0,"r":0.0,"q":0.0,"p":0.0,"mot":"L","mo":0.0}]},{"d":"26.03.2016","r":146.0,"q":33.79,"p":3.0E8,"s":[{"ui":"5963049","t":146.0,"r":146.0,"q":33.79,"p":3.0E8,"mot":"U","mo":146.0},{"cn":"","ui":"","t":0.0,"r":0.0,"q":0.0,"p":0.0,"mot":"L","mo":0.0}]},{"d":"27.03.2016","r":144.0,"q":33.79,"p":3.0E8,"s":[{"ui":"5963049","t":146.0,"r":144.0,"q":33.79,"p":3.0E8,"mot":"U","mo":144.0},{"cn":"","ui":"","t":0.0,"r":0.0,"q":0.0,"p":0.0,"mot":"L","mo":0.0}]},{"d":"28.03.2016","r":12.0,"q":13.05,"p":3.5E8,"s":[{"ui":"6160413","t":12.0,"r":12.0,"q":13.05,"p":3.5E8,"mot":"U","mo":12.0},{"cn":"","ui":"","t":0.0,"r":0.0,"q":0.0,"p":0.0,"mot":"L","mo":0.0}]},{"d":"30.03.2016","r":8.0,"q":13.05,"p":3.5E8,"s":[{"ui":"6160413","t":10.0,"r":8.0,"q":13.05,"p":3.5E8,"mot":"U","mo":8.0},{"cn":"","ui":"","t":0.0,"r":0.0,"q":0.0,"p":0.0,"mot":"L","mo":0.0}]},{"d":"31.03.2016","r":10.0,"q":21.25,"p":3.3E8,"s":[{"ui":"5963049","t":4.0,"r":4.0,"q":33.56,"p":3.0E8,"mot":"U","mo":4.0},{"ui":"6160413","t":8.0,"r":6.0,"q":13.05,"p":3.5E8,"mot":"U","mo":6.0},{"cn":"","ui":"","t":0.0,"r":0.0,"q":0.0,"p":0.0,"mot":"L","mo":0.0}]},{"d":"01.04.2016","r":10.0,"q":25.35,"p":3.2E8,"s":[{"ui":"5963049","t":6.0,"r":6.0,"q":33.55,"p":3.0E8,"mot":"U","mo":6.0},{"ui":"6160413","t":6.0,"r":4.0,"q":13.05,"p":3.5E8,"mot":"U","mo":4.0},{"cn":"","ui":"","t":0.0,"r":0.0,"q":0.0,"p":0.0,"mot":"L","mo":0.0}]},{"d":"02.04.2016","r":10.0,"q":29.43,"p":3.1E8,"s":[{"ui":"5963049","t":8.0,"r":8.0,"q":33.53,"p":3.0E8,"mot":"U","mo":8.0},{"ui":"6160413","t":4.0,"r":2.0,"q":13.05,"p":3.5E8,"mot":"U","mo":2.0},{"cn":"","ui":"","t":0.0,"r":0.0,"q":0.0,"p":0.0,"mot":"L","mo":0.0}]},{"d":"03.04.2016","r":10.0,"q":33.51,"p":3.0E8,"s":[{"ui":"5963049","t":10.0,"r":10.0,"q":33.51,"p":3.0E8,"mot":"U","mo":10.0},{"cn":"","ui":"","t":0.0,"r":0.0,"q":0.0,"p":0.0,"mot":"L","mo":0.0}]},{"d":"04.04.2016","r":23.0,"q":33.62,"p":2.7608695652E8,"s":[{"ui":"6330640","t":11.0,"r":11.0,"q":33.75,"p":2.5E8,"mot":"U","mo":11.0},{"ui":"5963049","t":12.0,"r":12.0,"q":33.51,"p":3.0E8,"mot":"U","mo":12.0},{"cn":"","ui":"","t":0.0,"r":0.0,"q":0.0,"p":0.0,"mot":"L","mo":0.0}]},{"d":"05.04.2016","r":14.0,"q":33.5,"p":3.0E8,"s":[{"ui":"5963049","t":14.0,"r":14.0,"q":33.5,"p":3.0E8,"mot":"U","mo":14.0},{"cn":"","ui":"","t":0.0,"r":0.0,"q":0.0,"p":0.0,"mot":"L","mo":0.0}]},{"d":"06.04.2016","r":16.0,"q":33.5,"p":3.0E8,"s":[{"ui":"5963049","t":16.0,"r":16.0,"q":33.5,"p":3.0E8,"mot":"U","mo":16.0},{"cn":"","ui":"","t":0.0,"r":0.0,"q":0.0,"p":0.0,"mot":"L","mo":0.0}]},{"d":"07.04.2016","r":18.0,"q":33.5,"p":3.0E8,"s":[{"ui":"5963049","t":18.0,"r":18.0,"q":33.5,"p":3.0E8,"mot":"U","mo":18.0},{"cn":"","ui":"","t":0.0,"r":0.0,"q":0.0,"p":0.0,"mot":"L","mo":0.0}]},{"d":"08.04.2016","r":20.0,"q":33.5,"p":3.0E8,"s":[{"ui":"5963049","t":20.0,"r":20.0,"q":33.5,"p":3.0E8,"mot":"U","mo":20.0},{"cn":"","ui":"","t":0.0,"r":0.0,"q":0.0,"p":0.0,"mot":"L","mo":0.0}]},{"d":"11.04.2016","r":26.0,"q":33.51,"p":3.0E8,"s":[{"ui":"5963049","t":26.0,"r":26.0,"q":33.51,"p":3.0E8,"mot":"U","mo":26.0},{"cn":"","ui":"","t":0.0,"r":0.0,"q":0.0,"p":0.0,"mot":"L","mo":0.0}]},{"d":"12.04.2016","r":28.0,"q":33.52,"p":3.0E8,"s":[{"ui":"5963049","t":28.0,"r":28.0,"q":33.52,"p":3.0E8,"mot":"U","mo":28.0},{"cn":"","ui":"","t":0.0,"r":0.0,"q":0.0,"p":0.0,"mot":"L","mo":0.0}]},{"d":"13.04.2016","r":30.0,"q":33.52,"p":3.0E8,"s":[{"ui":"5963049","t":30.0,"r":30.0,"q":33.52,"p":3.0E8,"mot":"U","mo":30.0},{"cn":"","ui":"","t":0.0,"r":0.0,"q":0.0,"p":0.0,"mot":"L","mo":0.0}]},{"d":"14.04.2016","r":32.0,"q":33.53,"p":3.0E8,"s":[{"ui":"5963049","t":32.0,"r":32.0,"q":33.53,"p":3.0E8,"mot":"U","mo":32.0},{"cn":"","ui":"","t":0.0,"r":0.0,"q":0.0,"p":0.0,"mot":"L","mo":0.0}]},{"d":"15.04.2016","r":34.0,"q":33.53,"p":3.0E8,"s":[{"ui":"5963049","t":34.0,"r":34.0,"q":33.53,"p":3.0E8,"mot":"U","mo":34.0},{"cn":"","ui":"","t":0.0,"r":0.0,"q":0.0,"p":0.0,"mot":"L","mo":0.0}]},{"d":"16.04.2016","r":36.0,"q":33.54,"p":3.0E8,"s":[{"ui":"5963049","t":36.0,"r":36.0,"q":33.54,"p":3.0E8,"mot":"U","mo":36.0},{"cn":"","ui":"","t":0.0,"r":0.0,"q":0.0,"p":0.0,"mot":"L","mo":0.0}]},{"d":"17.04.2016","r":38.0,"q":33.54,"p":3.0E8,"s":[{"ui":"5963049","t":38.0,"r":38.0,"q":33.54,"p":3.0E8,"mot":"U","mo":38.0},{"cn":"","ui":"","t":0.0,"r":0.0,"q":0.0,"p":0.0,"mot":"L","mo":0.0}]},{"d":"18.04.2016","r":38.0,"q":33.54,"p":3.0E8,"s":[{"ui":"5963049","t":39.0,"r":38.0,"q":33.54,"p":3.0E8,"mot":"U","mo":38.0},{"cn":"","ui":"","t":0.0,"r":0.0,"q":0.0,"p":0.0,"mot":"L","mo":0.0}]},{"d":"19.04.2016","r":39.0,"q":33.55,"p":3.0E8,"s":[{"ui":"5963049","t":40.0,"r":39.0,"q":33.55,"p":3.0E8,"mot":"U","mo":39.0},{"cn":"","ui":"","t":0.0,"r":0.0,"q":0.0,"p":0.0,"mot":"L","mo":0.0}]},{"d":"20.04.2016","r":40.0,"q":33.55,"p":3.0E8,"s":[{"ui":"5963049","t":41.0,"r":40.0,"q":33.55,"p":3.0E8,"mot":"U","mo":40.0},{"cn":"","ui":"","t":0.0,"r":0.0,"q":0.0,"p":0.0,"mot":"L","mo":0.0}]},{"d":"21.04.2016","r":41.0,"q":33.56,"p":3.0E8,"s":[{"ui":"5963049","t":42.0,"r":41.0,"q":33.56,"p":3.0E8,"mot":"U","mo":41.0},{"cn":"","ui":"","t":0.0,"r":0.0,"q":0.0,"p":0.0,"mot":"L","mo":0.0}]},{"d":"22.04.2016","r":42.0,"q":33.56,"p":3.0E8,"s":[{"ui":"5963049","t":43.0,"r":42.0,"q":33.56,"p":3.0E8,"mot":"U","mo":42.0},{"cn":"","ui":"","t":0.0,"r":0.0,"q":0.0,"p":0.0,"mot":"L","mo":0.0}]},{"d":"23.04.2016","r":43.0,"q":33.56,"p":3.0E8,"s":[{"ui":"5963049","t":44.0,"r":43.0,"q":33.56,"p":3.0E8,"mot":"U","mo":43.0},{"cn":"","ui":"","t":0.0,"r":0.0,"q":0.0,"p":0.0,"mot":"L","mo":0.0}]},{"d":"24.04.2016","r":44.0,"q":33.57,"p":3.0E8,"s":[{"ui":"5963049","t":45.0,"r":44.0,"q":33.57,"p":3.0E8,"mot":"U","mo":44.0},{"cn":"","ui":"","t":0.0,"r":0.0,"q":0.0,"p":0.0,"mot":"L","mo":0.0}]},{"d":"25.04.2016","r":45.0,"q":33.57,"p":3.0E8,"s":[{"ui":"5963049","t":46.0,"r":45.0,"q":33.57,"p":3.0E8,"mot":"U","mo":45.0},{"cn":"","ui":"","t":0.0,"r":0.0,"q":0.0,"p":0.0,"mot":"L","mo":0.0}]},{"d":"26.04.2016","r":46.0,"q":33.58,"p":3.0E8,"s":[{"ui":"5963049","t":47.0,"r":46.0,"q":33.58,"p":3.0E8,"mot":"U","mo":46.0},{"cn":"","ui":"","t":0.0,"r":0.0,"q":0.0,"p":0.0,"mot":"L","mo":0.0}]},{"d":"27.04.2016","r":47.0,"q":33.58,"p":3.0E8,"s":[{"ui":"5963049","t":48.0,"r":47.0,"q":33.58,"p":3.0E8,"mot":"U","mo":47.0},{"cn":"","ui":"","t":0.0,"r":0.0,"q":0.0,"p":0.0,"mot":"L","mo":0.0}]},{"d":"28.04.2016","r":48.0,"q":33.58,"p":3.0E8,"s":[{"ui":"5963049","t":49.0,"r":48.0,"q":33.58,"p":3.0E8,"mot":"U","mo":48.0},{"cn":"","ui":"","t":0.0,"r":0.0,"q":0.0,"p":0.0,"mot":"L","mo":0.0}]},{"d":"29.04.2016","r":49.0,"q":33.59,"p":3.0E8,"s":[{"ui":"5963049","t":50.0,"r":49.0,"q":33.59,"p":3.0E8,"mot":"U","mo":49.0},{"cn":"","ui":"","t":0.0,"r":0.0,"q":0.0,"p":0.0,"mot":"L","mo":0.0}]},{"d":"30.04.2016","r":50.0,"q":33.59,"p":3.0E8,"s":[{"ui":"5963049","t":51.0,"r":50.0,"q":33.59,"p":3.0E8,"mot":"U","mo":50.0},{"cn":"","ui":"","t":0.0,"r":0.0,"q":0.0,"p":0.0,"mot":"L","mo":0.0}]},{"d":"01.05.2016","r":51.0,"q":33.59,"p":3.0E8,"s":[{"ui":"5963049","t":52.0,"r":51.0,"q":33.59,"p":3.0E8,"mot":"U","mo":51.0},{"cn":"","ui":"","t":0.0,"r":0.0,"q":0.0,"p":0.0,"mot":"L","mo":0.0}]},{"d":"04.05.2016","r":54.0,"q":33.6,"p":3.0E8,"s":[{"ui":"5963049","t":55.0,"r":54.0,"q":33.6,"p":3.0E8,"mot":"U","mo":54.0},{"cn":"","ui":"","t":0.0,"r":0.0,"q":0.0,"p":0.0,"mot":"L","mo":0.0}]},{"d":"05.05.2016","r":55.0,"q":33.61,"p":3.0E8,"s":[{"ui":"5963049","t":56.0,"r":55.0,"q":33.61,"p":3.0E8,"mot":"U","mo":55.0},{"cn":"","ui":"","t":0.0,"r":0.0,"q":0.0,"p":0.0,"mot":"L","mo":0.0}]},{"d":"07.05.2016","r":53.0,"q":33.61,"p":3.0E8,"s":[{"ui":"5963049","t":54.0,"r":53.0,"q":33.61,"p":3.0E8,"mot":"U","mo":53.0},{"cn":"","ui":"","t":0.0,"r":0.0,"q":0.0,"p":0.0,"mot":"L","mo":0.0}]},{"d":"08.05.2016","r":52.0,"q":33.61,"p":3.0E8,"s":[{"ui":"5963049","t":53.0,"r":52.0,"q":33.61,"p":3.0E8,"mot":"U","mo":52.0},{"cn":"","ui":"","t":0.0,"r":0.0,"q":0.0,"p":0.0,"mot":"L","mo":0.0}]},{"d":"11.05.2016","r":49.0,"q":33.61,"p":3.0E8,"s":[{"ui":"5963049","t":50.0,"r":49.0,"q":33.61,"p":3.0E8,"mot":"U","mo":49.0},{"cn":"","ui":"","t":0.0,"r":0.0,"q":0.0,"p":0.0,"mot":"L","mo":0.0}]},{"d":"12.05.2016","r":48.0,"q":33.61,"p":3.0E8,"s":[{"ui":"5963049","t":49.0,"r":48.0,"q":33.61,"p":3.0E8,"mot":"U","mo":48.0},{"cn":"","ui":"","t":0.0,"r":0.0,"q":0.0,"p":0.0,"mot":"L","mo":0.0}]},{"d":"14.05.2016","r":59.0,"q":29.93,"p":2.9955932203E8,"s":[{"ui":"5031931","t":13.0,"r":13.0,"q":16.9,"p":2.98E8,"mot":"U","mo":13.0},{"ui":"5963049","t":47.0,"r":46.0,"q":33.61,"p":3.0E8,"mot":"U","mo":46.0},{"cn":"","ui":"","t":0.0,"r":0.0,"q":0.0,"p":0.0,"mot":"L","mo":0.0}]},{"d":"15.05.2016","r":45.0,"q":33.61,"p":3.0E8,"s":[{"ui":"5963049","t":46.0,"r":45.0,"q":33.61,"p":3.0E8,"mot":"U","mo":45.0},{"cn":"","ui":"","t":0.0,"r":0.0,"q":0.0,"p":0.0,"mot":"L","mo":0.0}]},{"d":"18.05.2016","r":42.0,"q":33.61,"p":3.0E8,"s":[{"ui":"5963049","t":43.0,"r":42.0,"q":33.61,"p":3.0E8,"mot":"U","mo":42.0},{"cn":"","ui":"","t":0.0,"r":0.0,"q":0.0,"p":0.0,"mot":"L","mo":0.0}]},{"d":"19.05.2016","r":54.0,"q":29.59,"p":2.6388888889E8,"s":[{"ui":"5031931","t":13.0,"r":13.0,"q":16.9,"p":1.5E8,"mot":"U","mo":13.0},{"ui":"5963049","t":42.0,"r":41.0,"q":33.61,"p":3.0E8,"mot":"U","mo":41.0},{"cn":"","ui":"","t":0.0,"r":0.0,"q":0.0,"p":0.0,"mot":"L","mo":0.0}]},{"d":"21.05.2016","r":39.0,"q":33.61,"p":3.0E8,"s":[{"ui":"5963049","t":40.0,"r":39.0,"q":33.61,"p":3.0E8,"mot":"U","mo":39.0},{"cn":"","ui":"","t":0.0,"r":0.0,"q":0.0,"p":0.0,"mot":"L","mo":0.0}]},{"d":"22.05.2016","r":51.0,"q":29.35,"p":2.5156862745E8,"s":[{"ui":"5031931","t":13.0,"r":13.0,"q":16.9,"p":1.1E8,"mot":"U","mo":13.0},{"ui":"5963049","t":39.0,"r":38.0,"q":33.61,"p":3.0E8,"mot":"U","mo":38.0},{"cn":"","ui":"","t":0.0,"r":0.0,"q":0.0,"p":0.0,"mot":"L","mo":0.0}]},{"d":"25.05.2016","r":60.0,"q":23.14,"p":2.0333333333E8,"s":[{"ui":"5153534","t":25.0,"r":25.0,"q":8.48,"p":6.8E7,"mot":"U","mo":25.0},{"ui":"5963049","t":36.0,"r":35.0,"q":33.61,"p":3.0E8,"mot":"U","mo":35.0},{"cn":"","ui":"","t":0.0,"r":0.0,"q":0.0,"p":0.0,"mot":"L","mo":0.0}]},{"d":"26.05.2016","r":45.0,"q":33.64,"p":2.7555555556E8,"s":[{"ui":"6330640","t":11.0,"r":11.0,"q":33.75,"p":2.0E8,"mot":"U","mo":11.0},{"ui":"5963049","t":35.0,"r":34.0,"q":33.61,"p":3.0E8,"mot":"U","mo":34.0},{"cn":"","ui":"","t":0.0,"r":0.0,"q":0.0,"p":0.0,"mot":"L","mo":0.0}]},{"d":"28.05.2016","r":6.0,"q":9.29,"p":3.5E8,"s":[{"ui":"2726906","t":6.0,"r":6.0,"q":9.29,"p":3.5E8,"mot":"U","mo":6.0},{"cn":"","ui":"","t":0.0,"r":0.0,"q":0.0,"p":0.0,"mot":"L","mo":0.0}]},{"d":"29.06.2016","r":4.0,"q":9.29,"p":3.5E8,"s":[{"ui":"2726906","t":5.0,"r":4.0,"q":9.29,"p":3.5E8,"mot":"U","mo":4.0},{"cn":"","ui":"","t":0.0,"r":0.0,"q":0.0,"p":0.0,"mot":"L","mo":0.0}]},{"d":"07.08.2016","r":135.0,"q":32.11,"p":3.5E8,"s":[{"ui":"5324842","t":135.0,"r":135.0,"q":32.11,"p":3.5E8,"mot":"U","mo":135.0},{"cn":"","ui":"","t":0.0,"r":0.0,"q":0.0,"p":0.0,"mot":"L","mo":0.0}]},{"d":"09.08.2016","r":131.0,"q":32.11,"p":3.5E8,"s":[{"ui":"5324842","t":133.0,"r":131.0,"q":32.11,"p":3.5E8,"mot":"U","mo":131.0},{"cn":"","ui":"","t":0.0,"r":0.0,"q":0.0,"p":0.0,"mot":"L","mo":0.0}]},{"d":"10.08.2016","r":129.0,"q":32.11,"p":3.5E8,"s":[{"ui":"5324842","t":131.0,"r":129.0,"q":32.11,"p":3.5E8,"mot":"U","mo":129.0},{"cn":"","ui":"","t":0.0,"r":0.0,"q":0.0,"p":0.0,"mot":"L","mo":0.0}]},{"d":"11.08.2016","r":129.0,"q":32.11,"p":3.5E8,"s":[{"ui":"5324842","t":130.0,"r":129.0,"q":32.11,"p":3.5E8,"mot":"U","mo":129.0},{"cn":"","ui":"","t":0.0,"r":0.0,"q":0.0,"p":0.0,"mot":"L","mo":0.0}]},{"d":"12.08.2016","r":128.0,"q":32.11,"p":3.5E8,"s":[{"ui":"5324842","t":129.0,"r":128.0,"q":32.11,"p":3.5E8,"mot":"U","mo":128.0},{"cn":"","ui":"","t":0.0,"r":0.0,"q":0.0,"p":0.0,"mot":"L","mo":0.0}]},{"d":"13.08.2016","r":127.0,"q":32.11,"p":3.5E8,"s":[{"ui":"5324842","t":128.0,"r":127.0,"q":32.11,"p":3.5E8,"mot":"U","mo":127.0},{"cn":"","ui":"","t":0.0,"r":0.0,"q":0.0,"p":0.0,"mot":"L","mo":0.0}]},{"d":"14.08.2016","r":126.0,"q":32.11,"p":3.5E8,"s":[{"ui":"5324842","t":127.0,"r":126.0,"q":32.11,"p":3.5E8,"mot":"U","mo":126.0},{"cn":"","ui":"","t":0.0,"r":0.0,"q":0.0,"p":0.0,"mot":"L","mo":0.0}]},{"d":"15.08.2016","r":125.0,"q":32.11,"p":3.5E8,"s":[{"ui":"5324842","t":126.0,"r":125.0,"q":32.11,"p":3.5E8,"mot":"U","mo":125.0},{"cn":"","ui":"","t":0.0,"r":0.0,"q":0.0,"p":0.0,"mot":"L","mo":0.0}]},{"d":"16.08.2016","r":124.0,"q":32.11,"p":3.5E8,"s":[{"ui":"5324842","t":125.0,"r":124.0,"q":32.11,"p":3.5E8,"mot":"U","mo":124.0},{"cn":"","ui":"","t":0.0,"r":0.0,"q":0.0,"p":0.0,"mot":"L","mo":0.0}]},{"d":"17.08.2016","r":123.0,"q":32.11,"p":3.5E8,"s":[{"ui":"5324842","t":124.0,"r":123.0,"q":32.11,"p":3.5E8,"mot":"U","mo":123.0},{"cn":"","ui":"","t":0.0,"r":0.0,"q":0.0,"p":0.0,"mot":"L","mo":0.0}]},{"d":"18.08.2016","r":122.0,"q":32.11,"p":3.5E8,"s":[{"ui":"5324842","t":123.0,"r":122.0,"q":32.11,"p":3.5E8,"mot":"U","mo":122.0},{"cn":"","ui":"","t":0.0,"r":0.0,"q":0.0,"p":0.0,"mot":"L","mo":0.0}]},{"d":"19.08.2016","r":121.0,"q":32.11,"p":3.5E8,"s":[{"ui":"5324842","t":122.0,"r":121.0,"q":32.11,"p":3.5E8,"mot":"U","mo":121.0},{"cn":"","ui":"","t":0.0,"r":0.0,"q":0.0,"p":0.0,"mot":"L","mo":0.0}]},{"d":"20.08.2016","r":120.0,"q":32.11,"p":3.5E8,"s":[{"ui":"5324842","t":121.0,"r":120.0,"q":32.11,"p":3.5E8,"mot":"U","mo":120.0},{"cn":"","ui":"","t":0.0,"r":0.0,"q":0.0,"p":0.0,"mot":"L","mo":0.0}]},{"d":"21.08.2016","r":119.0,"q":32.11,"p":3.5E8,"s":[{"ui":"5324842","t":120.0,"r":119.0,"q":32.11,"p":3.5E8,"mot":"U","mo":119.0},{"cn":"","ui":"","t":0.0,"r":0.0,"q":0.0,"p":0.0,"mot":"L","mo":0.0}]},{"d":"22.08.2016","r":118.0,"q":32.11,"p":3.5E8,"s":[{"ui":"5324842","t":119.0,"r":118.0,"q":32.11,"p":3.5E8,"mot":"U","mo":118.0},{"cn":"","ui":"","t":0.0,"r":0.0,"q":0.0,"p":0.0,"mot":"L","mo":0.0}]},{"d":"23.08.2016","r":117.0,"q":32.11,"p":3.5E8,"s":[{"ui":"5324842","t":118.0,"r":117.0,"q":32.11,"p":3.5E8,"mot":"U","mo":117.0},{"cn":"","ui":"","t":0.0,"r":0.0,"q":0.0,"p":0.0,"mot":"L","mo":0.0}]},{"d":"24.08.2016","r":116.0,"q":32.11,"p":3.5E8,"s":[{"ui":"5324842","t":117.0,"r":116.0,"q":32.11,"p":3.5E8,"mot":"U","mo":116.0},{"cn":"","ui":"","t":0.0,"r":0.0,"q":0.0,"p":0.0,"mot":"L","mo":0.0}]},{"d":"25.08.2016","r":115.0,"q":32.11,"p":3.5E8,"s":[{"ui":"5324842","t":116.0,"r":115.0,"q":32.11,"p":3.5E8,"mot":"U","mo":115.0},{"cn":"","ui":"","t":0.0,"r":0.0,"q":0.0,"p":0.0,"mot":"L","mo":0.0}]},{"d":"26.08.2016","r":114.0,"q":32.11,"p":3.5E8,"s":[{"ui":"5324842","t":115.0,"r":114.0,"q":32.11,"p":3.5E8,"mot":"U","mo":114.0},{"cn":"","ui":"","t":0.0,"r":0.0,"q":0.0,"p":0.0,"mot":"L","mo":0.0}]},{"d":"27.08.2016","r":113.0,"q":32.11,"p":3.5E8,"s":[{"ui":"5324842","t":114.0,"r":113.0,"q":32.11,"p":3.5E8,"mot":"U","mo":113.0},{"cn":"","ui":"","t":0.0,"r":0.0,"q":0.0,"p":0.0,"mot":"L","mo":0.0}]},{"d":"28.08.2016","r":112.0,"q":32.11,"p":3.5E8,"s":[{"ui":"5324842","t":113.0,"r":112.0,"q":32.11,"p":3.5E8,"mot":"U","mo":112.0},{"cn":"","ui":"","t":0.0,"r":0.0,"q":0.0,"p":0.0,"mot":"L","mo":0.0}]},{"d":"29.08.2016","r":111.0,"q":32.11,"p":3.5E8,"s":[{"ui":"5324842","t":112.0,"r":111.0,"q":32.11,"p":3.5E8,"mot":"U","mo":111.0},{"cn":"","ui":"","t":0.0,"r":0.0,"q":0.0,"p":0.0,"mot":"L","mo":0.0}]},{"d":"30.08.2016","r":110.0,"q":32.11,"p":3.5E8,"s":[{"ui":"5324842","t":111.0,"r":110.0,"q":32.11,"p":3.5E8,"mot":"U","mo":110.0},{"cn":"","ui":"","t":0.0,"r":0.0,"q":0.0,"p":0.0,"mot":"L","mo":0.0}]},{"d":"31.08.2016","r":109.0,"q":32.11,"p":3.5E8,"s":[{"ui":"5324842","t":110.0,"r":109.0,"q":32.11,"p":3.5E8,"mot":"U","mo":109.0},{"cn":"","ui":"","t":0.0,"r":0.0,"q":0.0,"p":0.0,"mot":"L","mo":0.0}]},{"d":"01.09.2016","r":108.0,"q":32.11,"p":3.5E8,"s":[{"ui":"5324842","t":109.0,"r":108.0,"q":32.11,"p":3.5E8,"mot":"U","mo":108.0},{"cn":"","ui":"","t":0.0,"r":0.0,"q":0.0,"p":0.0,"mot":"L","mo":0.0}]},{"d":"02.09.2016","r":107.0,"q":32.11,"p":3.5E8,"s":[{"ui":"5324842","t":108.0,"r":107.0,"q":32.11,"p":3.5E8,"mot":"U","mo":107.0},{"cn":"","ui":"","t":0.0,"r":0.0,"q":0.0,"p":0.0,"mot":"L","mo":0.0}]},{"d":"03.09.2016","r":106.0,"q":32.11,"p":3.5E8,"s":[{"ui":"5324842","t":107.0,"r":106.0,"q":32.11,"p":3.5E8,"mot":"U","mo":106.0},{"cn":"","ui":"","t":0.0,"r":0.0,"q":0.0,"p":0.0,"mot":"L","mo":0.0}]},{"d":"04.09.2016","r":105.0,"q":32.11,"p":3.5E8,"s":[{"ui":"5324842","t":106.0,"r":105.0,"q":32.11,"p":3.5E8,"mot":"U","mo":105.0},{"cn":"","ui":"","t":0.0,"r":0.0,"q":0.0,"p":0.0,"mot":"L","mo":0.0}]},{"d":"05.09.2016","r":104.0,"q":32.11,"p":3.5E8,"s":[{"ui":"5324842","t":105.0,"r":104.0,"q":32.11,"p":3.5E8,"mot":"U","mo":104.0},{"cn":"","ui":"","t":0.0,"r":0.0,"q":0.0,"p":0.0,"mot":"L","mo":0.0}]},{"d":"06.09.2016","r":103.0,"q":32.11,"p":3.5E8,"s":[{"ui":"5324842","t":104.0,"r":103.0,"q":32.11,"p":3.5E8,"mot":"U","mo":103.0},{"cn":"","ui":"","t":0.0,"r":0.0,"q":0.0,"p":0.0,"mot":"L","mo":0.0}]},{"d":"07.09.2016","r":102.0,"q":32.11,"p":3.5E8,"s":[{"ui":"5324842","t":103.0,"r":102.0,"q":32.11,"p":3.5E8,"mot":"U","mo":102.0},{"cn":"","ui":"","t":0.0,"r":0.0,"q":0.0,"p":0.0,"mot":"L","mo":0.0}]},{"d":"08.09.2016","r":101.0,"q":32.11,"p":3.5E8,"s":[{"ui":"5324842","t":102.0,"r":101.0,"q":32.11,"p":3.5E8,"mot":"U","mo":101.0},{"cn":"","ui":"","t":0.0,"r":0.0,"q":0.0,"p":0.0,"mot":"L","mo":0.0}]},{"d":"09.09.2016","r":100.0,"q":32.11,"p":3.5E8,"s":[{"ui":"5324842","t":101.0,"r":100.0,"q":32.11,"p":3.5E8,"mot":"U","mo":100.0},{"cn":"","ui":"","t":0.0,"r":0.0,"q":0.0,"p":0.0,"mot":"L","mo":0.0}]},{"d":"10.09.2016","r":99.0,"q":32.11,"p":3.5E8,"s":[{"ui":"5324842","t":100.0,"r":99.0,"q":32.11,"p":3.5E8,"mot":"U","mo":99.0},{"cn":"","ui":"","t":0.0,"r":0.0,"q":0.0,"p":0.0,"mot":"L","mo":0.0}]},{"d":"11.09.2016","r":98.0,"q":32.11,"p":3.5E8,"s":[{"ui":"5324842","t":99.0,"r":98.0,"q":32.11,"p":3.5E8,"mot":"U","mo":98.0},{"cn":"","ui":"","t":0.0,"r":0.0,"q":0.0,"p":0.0,"mot":"L","mo":0.0}]},{"d":"12.09.2016","r":97.0,"q":32.11,"p":3.5E8,"s":[{"ui":"5324842","t":98.0,"r":97.0,"q":32.11,"p":3.5E8,"mot":"U","mo":97.0},{"cn":"","ui":"","t":0.0,"r":0.0,"q":0.0,"p":0.0,"mot":"L","mo":0.0}]},{"d":"13.09.2016","r":96.0,"q":32.11,"p":3.5E8,"s":[{"ui":"5324842","t":97.0,"r":96.0,"q":32.11,"p":3.5E8,"mot":"U","mo":96.0},{"cn":"","ui":"","t":0.0,"r":0.0,"q":0.0,"p":0.0,"mot":"L","mo":0.0}]},{"d":"14.09.2016","r":95.0,"q":32.11,"p":3.5E8,"s":[{"ui":"5324842","t":96.0,"r":95.0,"q":32.11,"p":3.5E8,"mot":"U","mo":95.0},{"cn":"","ui":"","t":0.0,"r":0.0,"q":0.0,"p":0.0,"mot":"L","mo":0.0}]},{"d":"15.09.2016","r":94.0,"q":32.11,"p":3.5E8,"s":[{"ui":"5324842","t":95.0,"r":94.0,"q":32.11,"p":3.5E8,"mot":"U","mo":94.0},{"cn":"","ui":"","t":0.0,"r":0.0,"q":0.0,"p":0.0,"mot":"L","mo":0.0}]},{"d":"16.09.2016","r":93.0,"q":32.11,"p":3.5E8,"s":[{"ui":"5324842","t":94.0,"r":93.0,"q":32.11,"p":3.5E8,"mot":"U","mo":93.0},{"cn":"","ui":"","t":0.0,"r":0.0,"q":0.0,"p":0.0,"mot":"L","mo":0.0}]},{"d":"17.09.2016","r":92.0,"q":32.11,"p":3.5E8,"s":[{"ui":"5324842","t":93.0,"r":92.0,"q":32.11,"p":3.5E8,"mot":"U","mo":92.0},{"cn":"","ui":"","t":0.0,"r":0.0,"q":0.0,"p":0.0,"mot":"L","mo":0.0}]},{"d":"18.09.2016","r":91.0,"q":32.11,"p":3.5E8,"s":[{"ui":"5324842","t":92.0,"r":91.0,"q":32.11,"p":3.5E8,"mot":"U","mo":91.0},{"cn":"","ui":"","t":0.0,"r":0.0,"q":0.0,"p":0.0,"mot":"L","mo":0.0}]},{"d":"19.09.2016","r":90.0,"q":32.11,"p":3.5E8,"s":[{"ui":"5324842","t":91.0,"r":90.0,"q":32.11,"p":3.5E8,"mot":"U","mo":90.0},{"cn":"","ui":"","t":0.0,"r":0.0,"q":0.0,"p":0.0,"mot":"L","mo":0.0}]},{"d":"20.09.2016","r":89.0,"q":32.11,"p":3.5E8,"s":[{"ui":"5324842","t":90.0,"r":89.0,"q":32.11,"p":3.5E8,"mot":"U","mo":89.0},{"cn":"","ui":"","t":0.0,"r":0.0,"q":0.0,"p":0.0,"mot":"L","mo":0.0}]},{"d":"21.09.2016","r":88.0,"q":32.11,"p":3.5E8,"s":[{"ui":"5324842","t":89.0,"r":88.0,"q":32.11,"p":3.5E8,"mot":"U","mo":88.0},{"cn":"","ui":"","t":0.0,"r":0.0,"q":0.0,"p":0.0,"mot":"L","mo":0.0}]},{"d":"23.09.2016","r":86.0,"q":32.11,"p":3.5E8,"s":[{"ui":"5324842","t":87.0,"r":86.0,"q":32.11,"p":3.5E8,"mot":"U","mo":86.0},{"cn":"","ui":"","t":0.0,"r":0.0,"q":0.0,"p":0.0,"mot":"L","mo":0.0}]},{"d":"24.09.2016","r":85.0,"q":32.11,"p":3.5E8,"s":[{"ui":"5324842","t":86.0,"r":85.0,"q":32.11,"p":3.5E8,"mot":"U","mo":85.0},{"cn":"","ui":"","t":0.0,"r":0.0,"q":0.0,"p":0.0,"mot":"L","mo":0.0}]},{"d":"25.09.2016","r":84.0,"q":32.11,"p":3.5E8,"s":[{"ui":"5324842","t":85.0,"r":84.0,"q":32.11,"p":3.5E8,"mot":"U","mo":84.0},{"cn":"","ui":"","t":0.0,"r":0.0,"q":0.0,"p":0.0,"mot":"L","mo":0.0}]},{"d":"26.09.2016","r":83.0,"q":32.11,"p":3.5E8,"s":[{"ui":"5324842","t":84.0,"r":83.0,"q":32.11,"p":3.5E8,"mot":"U","mo":83.0},{"cn":"","ui":"","t":0.0,"r":0.0,"q":0.0,"p":0.0,"mot":"L","mo":0.0}]},{"d":"27.09.2016","r":82.0,"q":32.11,"p":3.5E8,"s":[{"ui":"5324842","t":83.0,"r":82.0,"q":32.11,"p":3.5E8,"mot":"U","mo":82.0},{"cn":"","ui":"","t":0.0,"r":0.0,"q":0.0,"p":0.0,"mot":"L","mo":0.0}]},{"d":"28.09.2016","r":81.0,"q":32.11,"p":3.5E8,"s":[{"ui":"5324842","t":82.0,"r":81.0,"q":32.11,"p":3.5E8,"mot":"U","mo":81.0},{"cn":"","ui":"","t":0.0,"r":0.0,"q":0.0,"p":0.0,"mot":"L","mo":0.0}]},{"d":"29.09.2016","r":80.0,"q":32.11,"p":3.5E8,"s":[{"ui":"5324842","t":81.0,"r":80.0,"q":32.11,"p":3.5E8,"mot":"U","mo":80.0},{"cn":"","ui":"","t":0.0,"r":0.0,"q":0.0,"p":0.0,"mot":"L","mo":0.0}]},{"d":"30.09.2016","r":79.0,"q":32.11,"p":3.5E8,"s":[{"ui":"5324842","t":80.0,"r":79.0,"q":32.11,"p":3.5E8,"mot":"U","mo":79.0},{"cn":"","ui":"","t":0.0,"r":0.0,"q":0.0,"p":0.0,"mot":"L","mo":0.0}]},{"d":"01.10.2016","r":78.0,"q":32.11,"p":3.5E8,"s":[{"ui":"5324842","t":79.0,"r":78.0,"q":32.11,"p":3.5E8,"mot":"U","mo":78.0},{"cn":"","ui":"","t":0.0,"r":0.0,"q":0.0,"p":0.0,"mot":"L","mo":0.0}]},{"d":"02.10.2016","r":77.0,"q":32.11,"p":3.5E8,"s":[{"ui":"5324842","t":78.0,"r":77.0,"q":32.11,"p":3.5E8,"mot":"U","mo":77.0},{"cn":"","ui":"","t":0.0,"r":0.0,"q":0.0,"p":0.0,"mot":"L","mo":0.0}]},{"d":"03.10.2016","r":76.0,"q":32.11,"p":3.5E8,"s":[{"ui":"5324842","t":77.0,"r":76.0,"q":32.11,"p":3.5E8,"mot":"U","mo":76.0},{"cn":"","ui":"","t":0.0,"r":0.0,"q":0.0,"p":0.0,"mot":"L","mo":0.0}]},{"d":"04.10.2016","r":75.0,"q":32.11,"p":3.5E8,"s":[{"ui":"5324842","t":76.0,"r":75.0,"q":32.11,"p":3.5E8,"mot":"U","mo":75.0},{"cn":"","ui":"","t":0.0,"r":0.0,"q":0.0,"p":0.0,"mot":"L","mo":0.0}]},{"d":"05.10.2016","r":74.0,"q":32.11,"p":3.5E8,"s":[{"ui":"5324842","t":75.0,"r":74.0,"q":32.11,"p":3.5E8,"mot":"U","mo":74.0},{"cn":"","ui":"","t":0.0,"r":0.0,"q":0.0,"p":0.0,"mot":"L","mo":0.0}]},{"d":"07.10.2016","r":72.0,"q":32.11,"p":3.5E8,"s":[{"ui":"5324842","t":73.0,"r":72.0,"q":32.11,"p":3.5E8,"mot":"U","mo":72.0},{"cn":"","ui":"","t":0.0,"r":0.0,"q":0.0,"p":0.0,"mot":"L","mo":0.0}]},{"d":"08.10.2016","r":71.0,"q":32.11,"p":3.5E8,"s":[{"ui":"5324842","t":72.0,"r":71.0,"q":32.11,"p":3.5E8,"mot":"U","mo":71.0},{"cn":"","ui":"","t":0.0,"r":0.0,"q":0.0,"p":0.0,"mot":"L","mo":0.0}]},{"d":"09.10.2016","r":70.0,"q":32.11,"p":3.5E8,"s":[{"ui":"5324842","t":71.0,"r":70.0,"q":32.11,"p":3.5E8,"mot":"U","mo":70.0},{"cn":"","ui":"","t":0.0,"r":0.0,"q":0.0,"p":0.0,"mot":"L","mo":0.0}]},{"d":"10.10.2016","r":69.0,"q":32.11,"p":3.5E8,"s":[{"ui":"5324842","t":70.0,"r":69.0,"q":32.11,"p":3.5E8,"mot":"U","mo":69.0},{"cn":"","ui":"","t":0.0,"r":0.0,"q":0.0,"p":0.0,"mot":"L","mo":0.0}]},{"d":"11.10.2016","r":68.0,"q":32.11,"p":3.5E8,"s":[{"ui":"5324842","t":69.0,"r":68.0,"q":32.11,"p":3.5E8,"mot":"U","mo":68.0},{"cn":"","ui":"","t":0.0,"r":0.0,"q":0.0,"p":0.0,"mot":"L","mo":0.0}]},{"d":"12.10.2016","r":67.0,"q":32.11,"p":3.5E8,"s":[{"ui":"5324842","t":68.0,"r":67.0,"q":32.11,"p":3.5E8,"mot":"U","mo":67.0},{"cn":"","ui":"","t":0.0,"r":0.0,"q":0.0,"p":0.0,"mot":"L","mo":0.0}]},{"d":"13.10.2016","r":66.0,"q":32.11,"p":3.5E8,"s":[{"ui":"5324842","t":67.0,"r":66.0,"q":32.11,"p":3.5E8,"mot":"U","mo":66.0},{"cn":"","ui":"","t":0.0,"r":0.0,"q":0.0,"p":0.0,"mot":"L","mo":0.0}]},{"d":"14.10.2016","r":65.0,"q":32.11,"p":3.5E8,"s":[{"ui":"5324842","t":66.0,"r":65.0,"q":32.11,"p":3.5E8,"mot":"U","mo":65.0},{"cn":"","ui":"","t":0.0,"r":0.0,"q":0.0,"p":0.0,"mot":"L","mo":0.0}]},{"d":"15.10.2016","r":64.0,"q":32.11,"p":3.5E8,"s":[{"ui":"5324842","t":65.0,"r":64.0,"q":32.11,"p":3.5E8,"mot":"U","mo":64.0},{"cn":"","ui":"","t":0.0,"r":0.0,"q":0.0,"p":0.0,"mot":"L","mo":0.0}]},{"d":"16.10.2016","r":63.0,"q":32.11,"p":3.5E8,"s":[{"ui":"5324842","t":64.0,"r":63.0,"q":32.11,"p":3.5E8,"mot":"U","mo":63.0},{"cn":"","ui":"","t":0.0,"r":0.0,"q":0.0,"p":0.0,"mot":"L","mo":0.0}]},{"d":"17.10.2016","r":62.0,"q":32.11,"p":3.5E8,"s":[{"ui":"5324842","t":63.0,"r":62.0,"q":32.11,"p":3.5E8,"mot":"U","mo":62.0},{"cn":"","ui":"","t":0.0,"r":0.0,"q":0.0,"p":0.0,"mot":"L","mo":0.0}]},{"d":"18.10.2016","r":61.0,"q":32.11,"p":3.5E8,"s":[{"ui":"5324842","t":62.0,"r":61.0,"q":32.11,"p":3.5E8,"mot":"U","mo":61.0},{"cn":"","ui":"","t":0.0,"r":0.0,"q":0.0,"p":0.0,"mot":"L","mo":0.0}]},{"d":"19.10.2016","r":60.0,"q":32.11,"p":3.5E8,"s":[{"ui":"5324842","t":61.0,"r":60.0,"q":32.11,"p":3.5E8,"mot":"U","mo":60.0},{"cn":"","ui":"","t":0.0,"r":0.0,"q":0.0,"p":0.0,"mot":"L","mo":0.0}]},{"d":"20.10.2016","r":59.0,"q":32.11,"p":3.5E8,"s":[{"ui":"5324842","t":60.0,"r":59.0,"q":32.11,"p":3.5E8,"mot":"U","mo":59.0},{"cn":"","ui":"","t":0.0,"r":0.0,"q":0.0,"p":0.0,"mot":"L","mo":0.0}]},{"d":"21.10.2016","r":58.0,"q":32.11,"p":3.5E8,"s":[{"ui":"5324842","t":59.0,"r":58.0,"q":32.11,"p":3.5E8,"mot":"U","mo":58.0},{"cn":"","ui":"","t":0.0,"r":0.0,"q":0.0,"p":0.0,"mot":"L","mo":0.0}]},{"d":"22.10.2016","r":57.0,"q":32.11,"p":3.5E8,"s":[{"ui":"5324842","t":58.0,"r":57.0,"q":32.11,"p":3.5E8,"mot":"U","mo":57.0},{"cn":"","ui":"","t":0.0,"r":0.0,"q":0.0,"p":0.0,"mot":"L","mo":0.0}]},{"d":"23.10.2016","r":56.0,"q":32.11,"p":3.5E8,"s":[{"ui":"5324842","t":57.0,"r":56.0,"q":32.11,"p":3.5E8,"mot":"U","mo":56.0},{"cn":"","ui":"","t":0.0,"r":0.0,"q":0.0,"p":0.0,"mot":"L","mo":0.0}]},{"d":"24.10.2016","r":55.0,"q":32.11,"p":3.5E8,"s":[{"ui":"5324842","t":56.0,"r":55.0,"q":32.11,"p":3.5E8,"mot":"U","mo":55.0},{"cn":"","ui":"","t":0.0,"r":0.0,"q":0.0,"p":0.0,"mot":"L","mo":0.0}]},{"d":"25.10.2016","r":54.0,"q":32.11,"p":3.5E8,"s":[{"ui":"5324842","t":55.0,"r":54.0,"q":32.11,"p":3.5E8,"mot":"U","mo":54.0},{"cn":"","ui":"","t":0.0,"r":0.0,"q":0.0,"p":0.0,"mot":"L","mo":0.0}]},{"d":"26.10.2016","r":53.0,"q":32.11,"p":3.5E8,"s":[{"ui":"5324842","t":54.0,"r":53.0,"q":32.11,"p":3.5E8,"mot":"U","mo":53.0},{"cn":"","ui":"","t":0.0,"r":0.0,"q":0.0,"p":0.0,"mot":"L","mo":0.0}]},{"d":"27.10.2016","r":52.0,"q":32.11,"p":3.5E8,"s":[{"ui":"5324842","t":53.0,"r":52.0,"q":32.11,"p":3.5E8,"mot":"U","mo":52.0},{"cn":"","ui":"","t":0.0,"r":0.0,"q":0.0,"p":0.0,"mot":"L","mo":0.0}]},{"d":"28.10.2016","r":51.0,"q":32.11,"p":3.5E8,"s":[{"ui":"5324842","t":52.0,"r":51.0,"q":32.11,"p":3.5E8,"mot":"U","mo":51.0},{"cn":"","ui":"","t":0.0,"r":0.0,"q":0.0,"p":0.0,"mot":"L","mo":0.0}]},{"d":"29.10.2016","r":50.0,"q":32.11,"p":3.5E8,"s":[{"ui":"5324842","t":51.0,"r":50.0,"q":32.11,"p":3.5E8,"mot":"U","mo":50.0},{"cn":"","ui":"","t":0.0,"r":0.0,"q":0.0,"p":0.0,"mot":"L","mo":0.0}]},{"d":"30.10.2016","r":49.0,"q":32.11,"p":3.5E8,"s":[{"ui":"5324842","t":50.0,"r":49.0,"q":32.11,"p":3.5E8,"mot":"U","mo":49.0},{"cn":"","ui":"","t":0.0,"r":0.0,"q":0.0,"p":0.0,"mot":"L","mo":0.0}]},{"d":"31.10.2016","r":48.0,"q":32.11,"p":3.5E8,"s":[{"ui":"5324842","t":49.0,"r":48.0,"q":32.11,"p":3.5E8,"mot":"U","mo":48.0},{"cn":"","ui":"","t":0.0,"r":0.0,"q":0.0,"p":0.0,"mot":"L","mo":0.0}]},{"d":"01.11.2016","r":47.0,"q":32.11,"p":3.5E8,"s":[{"ui":"5324842","t":48.0,"r":47.0,"q":32.11,"p":3.5E8,"mot":"U","mo":47.0},{"cn":"","ui":"","t":0.0,"r":0.0,"q":0.0,"p":0.0,"mot":"L","mo":0.0}]},{"d":"02.11.2016","r":44.0,"q":32.11,"p":3.5E8,"s":[{"ui":"5324842","t":46.0,"r":44.0,"q":32.11,"p":3.5E8,"mot":"U","mo":44.0},{"cn":"","ui":"","t":0.0,"r":0.0,"q":0.0,"p":0.0,"mot":"L","mo":0.0}]},{"d":"03.11.2016","r":44.0,"q":32.11,"p":3.5E8,"s":[{"ui":"5324842","t":45.0,"r":44.0,"q":32.11,"p":3.5E8,"mot":"U","mo":44.0},{"cn":"","ui":"","t":0.0,"r":0.0,"q":0.0,"p":0.0,"mot":"L","mo":0.0}]},{"d":"04.11.2016","r":43.0,"q":32.11,"p":3.5E8,"s":[{"ui":"5324842","t":44.0,"r":43.0,"q":32.11,"p":3.5E8,"mot":"U","mo":43.0},{"cn":"","ui":"","t":0.0,"r":0.0,"q":0.0,"p":0.0,"mot":"L","mo":0.0}]},{"d":"05.11.2016","r":42.0,"q":32.11,"p":3.5E8,"s":[{"ui":"5324842","t":43.0,"r":42.0,"q":32.11,"p":3.5E8,"mot":"U","mo":42.0},{"cn":"","ui":"","t":0.0,"r":0.0,"q":0.0,"p":0.0,"mot":"L","mo":0.0}]},{"d":"06.11.2016","r":41.0,"q":32.11,"p":3.5E8,"s":[{"ui":"5324842","t":42.0,"r":41.0,"q":32.11,"p":3.5E8,"mot":"U","mo":41.0},{"cn":"","ui":"","t":0.0,"r":0.0,"q":0.0,"p":0.0,"mot":"L","mo":0.0}]},{"d":"07.11.2016","r":40.0,"q":32.11,"p":3.5E8,"s":[{"ui":"5324842","t":41.0,"r":40.0,"q":32.11,"p":3.5E8,"mot":"U","mo":40.0},{"cn":"","ui":"","t":0.0,"r":0.0,"q":0.0,"p":0.0,"mot":"L","mo":0.0}]},{"d":"08.11.2016","r":39.0,"q":32.11,"p":3.5E8,"s":[{"ui":"5324842","t":40.0,"r":39.0,"q":32.11,"p":3.5E8,"mot":"U","mo":39.0},{"cn":"","ui":"","t":0.0,"r":0.0,"q":0.0,"p":0.0,"mot":"L","mo":0.0}]},{"d":"09.11.2016","r":38.0,"q":32.11,"p":3.5E8,"s":[{"ui":"5324842","t":39.0,"r":38.0,"q":32.11,"p":3.5E8,"mot":"U","mo":38.0},{"cn":"","ui":"","t":0.0,"r":0.0,"q":0.0,"p":0.0,"mot":"L","mo":0.0}]},{"d":"10.11.2016","r":37.0,"q":32.11,"p":3.5E8,"s":[{"ui":"5324842","t":38.0,"r":37.0,"q":32.11,"p":3.5E8,"mot":"U","mo":37.0},{"cn":"","ui":"","t":0.0,"r":0.0,"q":0.0,"p":0.0,"mot":"L","mo":0.0}]},{"d":"11.11.2016","r":36.0,"q":32.11,"p":3.5E8,"s":[{"ui":"5324842","t":37.0,"r":36.0,"q":32.11,"p":3.5E8,"mot":"U","mo":36.0},{"cn":"","ui":"","t":0.0,"r":0.0,"q":0.0,"p":0.0,"mot":"L","mo":0.0}]},{"d":"12.11.2016","r":35.0,"q":32.11,"p":3.5E8,"s":[{"ui":"5324842","t":36.0,"r":35.0,"q":32.11,"p":3.5E8,"mot":"U","mo":35.0},{"cn":"","ui":"","t":0.0,"r":0.0,"q":0.0,"p":0.0,"mot":"L","mo":0.0}]},{"d":"13.11.2016","r":34.0,"q":32.11,"p":3.5E8,"s":[{"ui":"5324842","t":35.0,"r":34.0,"q":32.11,"p":3.5E8,"mot":"U","mo":34.0},{"cn":"","ui":"","t":0.0,"r":0.0,"q":0.0,"p":0.0,"mot":"L","mo":0.0}]},{"d":"14.11.2016","r":33.0,"q":32.11,"p":3.5E8,"s":[{"ui":"5324842","t":34.0,"r":33.0,"q":32.11,"p":3.5E8,"mot":"U","mo":33.0},{"cn":"","ui":"","t":0.0,"r":0.0,"q":0.0,"p":0.0,"mot":"L","mo":0.0}]},{"d":"15.11.2016","r":37.0,"q":29.03,"p":3.5E8,"s":[{"ui":"2726906","t":5.0,"r":5.0,"q":9.29,"p":3.5E8,"mot":"U","mo":5.0},{"ui":"5324842","t":33.0,"r":32.0,"q":32.11,"p":3.5E8,"mot":"U","mo":32.0},{"cn":"","ui":"","t":0.0,"r":0.0,"q":0.0,"p":0.0,"mot":"L","mo":0.0}]},{"d":"16.11.2016","r":34.0,"q":30.1,"p":3.5E8,"s":[{"ui":"2726906","t":4.0,"r":3.0,"q":9.29,"p":3.5E8,"mot":"U","mo":3.0},{"ui":"5324842","t":32.0,"r":31.0,"q":32.11,"p":3.5E8,"mot":"U","mo":31.0},{"cn":"","ui":"","t":0.0,"r":0.0,"q":0.0,"p":0.0,"mot":"L","mo":0.0}]},{"d":"17.11.2016","r":2.0,"q":9.29,"p":3.5E8,"s":[{"ui":"2726906","t":3.0,"r":2.0,"q":9.29,"p":3.5E8,"mot":"U","mo":2.0},{"cn":"","ui":"","t":0.0,"r":0.0,"q":0.0,"p":0.0,"mot":"L","mo":0.0}]},{"d":"18.11.2016","r":1.0,"q":9.29,"p":3.5E8,"s":[{"ui":"2726906","t":2.0,"r":1.0,"q":9.29,"p":3.5E8,"mot":"U","mo":1.0},{"cn":"","ui":"","t":0.0,"r":0.0,"q":0.0,"p":0.0,"mot":"L","mo":0.0}]},{"d":"19.11.2016","r":2.0,"q":9.29,"p":3.5E8,"s":[{"ui":"2726906","t":2.0,"r":2.0,"q":9.29,"p":3.5E8,"mot":"U","mo":2.0},{"cn":"","ui":"","t":0.0,"r":0.0,"q":0.0,"p":0.0,"mot":"L","mo":0.0}]},{"d":"10.01.2017","r":1.0,"q":32.11,"p":3.95004E8,"s":[{"ui":"6158972","t":1.0,"r":1.0,"q":32.11,"p":3.95004E8,"mot":"U","mo":1.0},{"cn":"","ui":"","t":0.0,"r":0.0,"q":0.0,"p":0.0,"mot":"L","mo":0.0}]},{"d":"29.01.2017","r":13.0,"q":4.17,"p":5.0E8,"s":[{"ui":"5798020","t":15.0,"r":13.0,"q":4.17,"p":5.0E8,"mot":"U","mo":13.0},{"cn":"","ui":"","t":0.0,"r":0.0,"q":0.0,"p":0.0,"mot":"L","mo":0.0}]},{"d":"30.01.2017","r":11.0,"q":4.17,"p":5.0E8,"s":[{"ui":"5798020","t":13.0,"r":11.0,"q":4.17,"p":5.0E8,"mot":"U","mo":11.0},{"cn":"","ui":"","t":0.0,"r":0.0,"q":0.0,"p":0.0,"mot":"L","mo":0.0}]},{"d":"31.01.2017","r":10.0,"q":4.17,"p":5.0E8,"s":[{"ui":"5798020","t":11.0,"r":10.0,"q":4.17,"p":5.0E8,"mot":"U","mo":10.0},{"cn":"","ui":"","t":0.0,"r":0.0,"q":0.0,"p":0.0,"mot":"L","mo":0.0}]},{"d":"10.02.2017","r":11.0,"q":4.17,"p":5.0E8,"s":[{"ui":"5798020","t":11.0,"r":11.0,"q":4.17,"p":5.0E8,"mot":"U","mo":11.0},{"cn":"","ui":"","t":0.0,"r":0.0,"q":0.0,"p":0.0,"mot":"L","mo":0.0}]},{"d":"11.02.2017","r":11.0,"q":4.17,"p":3.0E8,"s":[{"ui":"5798020","t":11.0,"r":11.0,"q":4.17,"p":3.0E8,"mot":"U","mo":11.0},{"cn":"","ui":"","t":0.0,"r":0.0,"q":0.0,"p":0.0,"mot":"L","mo":0.0}]},{"d":"26.02.2017","r":4.0,"q":6.65,"p":5.4E8,"s":[{"ui":"6906336","t":4.0,"r":4.0,"q":6.65,"p":5.4E8,"mot":"U","mo":4.0},{"cn":"","ui":"","t":0.0,"r":0.0,"q":0.0,"p":0.0,"mot":"L","mo":0.0}]},{"d":"11.03.2017","r":17.0,"q":15.06,"p":2.08555511E8,"s":[{"cn":"Rfkbgrf и сыновья","ui":"5031931","t":17.0,"r":17.0,"q":15.06,"p":2.08555511E8,"mot":"U","mo":17.0},{"cn":"","ui":"","t":0.0,"r":0.0,"q":0.0,"p":0.0,"mot":"L","mo":0.0}]},{"d":"16.03.2017","r":24.0,"q":32.11,"p":4.0E8,"s":[{"cn":"Prozelite","ui":"5324842","t":24.0,"r":24.0,"q":32.11,"p":4.0E8,"mot":"U","mo":24.0},{"cn":"","ui":"","t":0.0,"r":0.0,"q":0.0,"p":0.0,"mot":"L","mo":0.0}]},{"d":"18.03.2017","r":22.0,"q":32.11,"p":4.0E8,"s":[{"cn":"Prozelite","ui":"5324842","t":23.0,"r":22.0,"q":32.11,"p":4.0E8,"mot":"U","mo":22.0},{"cn":"","ui":"","t":0.0,"r":0.0,"q":0.0,"p":0.0,"mot":"L","mo":0.0}]},{"d":"20.03.2017","r":20.0,"q":32.11,"p":4.0E8,"s":[{"cn":"Prozelite","ui":"5324842","t":21.0,"r":20.0,"q":32.11,"p":4.0E8,"mot":"U","mo":20.0},{"cn":"","ui":"","t":0.0,"r":0.0,"q":0.0,"p":0.0,"mot":"L","mo":0.0}]},{"d":"21.03.2017","r":19.0,"q":32.11,"p":4.0E8,"s":[{"cn":"Prozelite","ui":"5324842","t":20.0,"r":19.0,"q":32.11,"p":4.0E8,"mot":"U","mo":19.0},{"cn":"","ui":"","t":0.0,"r":0.0,"q":0.0,"p":0.0,"mot":"L","mo":0.0}]},{"d":"22.03.2017","r":18.0,"q":32.11,"p":4.0E8,"s":[{"cn":"Prozelite","ui":"5324842","t":19.0,"r":18.0,"q":32.11,"p":4.0E8,"mot":"U","mo":18.0},{"cn":"","ui":"","t":0.0,"r":0.0,"q":0.0,"p":0.0,"mot":"L","mo":0.0}]},{"d":"23.03.2017","r":17.0,"q":32.11,"p":4.0E8,"s":[{"cn":"Prozelite","ui":"5324842","t":18.0,"r":17.0,"q":32.11,"p":4.0E8,"mot":"U","mo":17.0},{"cn":"","ui":"","t":0.0,"r":0.0,"q":0.0,"p":0.0,"mot":"L","mo":0.0}]},{"d":"24.03.2017","r":16.0,"q":32.11,"p":4.0E8,"s":[{"cn":"Prozelite","ui":"5324842","t":17.0,"r":16.0,"q":32.11,"p":4.0E8,"mot":"U","mo":16.0},{"cn":"","ui":"","t":0.0,"r":0.0,"q":0.0,"p":0.0,"mot":"L","mo":0.0}]},{"d":"25.03.2017","r":15.0,"q":32.11,"p":4.0E8,"s":[{"cn":"Prozelite","ui":"5324842","t":16.0,"r":15.0,"q":32.11,"p":4.0E8,"mot":"U","mo":15.0},{"cn":"","ui":"","t":0.0,"r":0.0,"q":0.0,"p":0.0,"mot":"L","mo":0.0}]},{"d":"26.03.2017","r":14.0,"q":32.11,"p":4.0E8,"s":[{"cn":"Prozelite","ui":"5324842","t":15.0,"r":14.0,"q":32.11,"p":4.0E8,"mot":"U","mo":14.0},{"cn":"","ui":"","t":0.0,"r":0.0,"q":0.0,"p":0.0,"mot":"L","mo":0.0}]},{"d":"27.03.2017","r":13.0,"q":32.11,"p":4.0E8,"s":[{"cn":"Prozelite","ui":"5324842","t":14.0,"r":13.0,"q":32.11,"p":4.0E8,"mot":"U","mo":13.0},{"cn":"","ui":"","t":0.0,"r":0.0,"q":0.0,"p":0.0,"mot":"L","mo":0.0}]},{"d":"28.03.2017","r":12.0,"q":32.11,"p":4.0E8,"s":[{"cn":"Prozelite","ui":"5324842","t":13.0,"r":12.0,"q":32.11,"p":4.0E8,"mot":"U","mo":12.0},{"cn":"","ui":"","t":0.0,"r":0.0,"q":0.0,"p":0.0,"mot":"L","mo":0.0}]},{"d":"29.03.2017","r":11.0,"q":32.11,"p":4.0E8,"s":[{"cn":"Prozelite","ui":"5324842","t":12.0,"r":11.0,"q":32.11,"p":4.0E8,"mot":"U","mo":11.0},{"cn":"","ui":"","t":0.0,"r":0.0,"q":0.0,"p":0.0,"mot":"L","mo":0.0}]},{"d":"31.03.2017","r":9.0,"q":32.11,"p":4.0E8,"s":[{"cn":"Prozelite","ui":"5324842","t":10.0,"r":9.0,"q":32.11,"p":4.0E8,"mot":"U","mo":9.0},{"cn":"","ui":"","t":0.0,"r":0.0,"q":0.0,"p":0.0,"mot":"L","mo":0.0}]},{"d":"01.04.2017","r":8.0,"q":32.11,"p":4.0E8,"s":[{"cn":"Prozelite","ui":"5324842","t":9.0,"r":8.0,"q":32.11,"p":4.0E8,"mot":"U","mo":8.0},{"cn":"","ui":"","t":0.0,"r":0.0,"q":0.0,"p":0.0,"mot":"L","mo":0.0}]},{"d":"02.04.2017","r":6.0,"q":32.11,"p":4.0E8,"s":[{"cn":"Prozelite","ui":"5324842","t":8.0,"r":6.0,"q":32.11,"p":4.0E8,"mot":"U","mo":6.0},{"cn":"","ui":"","t":0.0,"r":0.0,"q":0.0,"p":0.0,"mot":"L","mo":0.0}]},{"d":"03.04.2017","r":5.0,"q":32.11,"p":4.0E8,"s":[{"cn":"Prozelite","ui":"5324842","t":6.0,"r":5.0,"q":32.11,"p":4.0E8,"mot":"U","mo":5.0},{"cn":"","ui":"","t":0.0,"r":0.0,"q":0.0,"p":0.0,"mot":"L","mo":0.0}]},{"d":"04.04.2017","r":4.0,"q":32.11,"p":4.0E8,"s":[{"cn":"Prozelite","ui":"5324842","t":5.0,"r":4.0,"q":32.11,"p":4.0E8,"mot":"U","mo":4.0},{"cn":"","ui":"","t":0.0,"r":0.0,"q":0.0,"p":0.0,"mot":"L","mo":0.0}]},{"d":"05.04.2017","r":3.0,"q":32.11,"p":4.0E8,"s":[{"cn":"Prozelite","ui":"5324842","t":4.0,"r":3.0,"q":32.11,"p":4.0E8,"mot":"U","mo":3.0},{"cn":"","ui":"","t":0.0,"r":0.0,"q":0.0,"p":0.0,"mot":"L","mo":0.0}]},{"d":"06.04.2017","r":2.0,"q":32.11,"p":4.0E8,"s":[{"cn":"Prozelite","ui":"5324842","t":3.0,"r":2.0,"q":32.11,"p":4.0E8,"mot":"U","mo":2.0},{"cn":"","ui":"","t":0.0,"r":0.0,"q":0.0,"p":0.0,"mot":"L","mo":0.0}]},{"d":"07.04.2017","r":1.0,"q":32.11,"p":4.0E8,"s":[{"cn":"Prozelite","ui":"5324842","t":2.0,"r":1.0,"q":32.11,"p":4.0E8,"mot":"U","mo":1.0},{"cn":"","ui":"","t":0.0,"r":0.0,"q":0.0,"p":0.0,"mot":"L","mo":0.0}]},{"d":"08.04.2017","r":11.0,"q":4.17,"p":3.0E8,"s":[{"cn":"West Trade","ui":"5798020","t":11.0,"r":11.0,"q":4.17,"p":3.0E8,"mot":"U","mo":11.0},{"cn":"","ui":"","t":0.0,"r":0.0,"q":0.0,"p":0.0,"mot":"L","mo":0.0}]},{"d":"30.05.2017","r":4.0,"q":6.65,"p":5.4E8,"s":[{"cn":"СВЕОЛ","ui":"6906336","t":4.0,"r":4.0,"q":6.65,"p":5.4E8,"mot":"U","mo":4.0},{"cn":"","ui":"","t":0.0,"r":0.0,"q":0.0,"p":0.0,"mot":"L","mo":0.0}]},{"d":"03.06.2017","r":15.0,"q":4.83,"p":1.5E9,"s":[{"cn":"Nomad Group","ui":"5474960","t":15.0,"r":15.0,"q":4.83,"p":1.5E9,"mot":"U","mo":15.0},{"cn":"","ui":"","t":0.0,"r":0.0,"q":0.0,"p":0.0,"mot":"L","mo":0.0}]},{"d":"14.11.2017","r":43.0,"q":25.68,"p":1.0E10,"s":[{"cn":"Scorp\u0026co","ui":"7362112","t":43.0,"r":43.0,"q":25.68,"p":1.0E10,"mot":"U","mo":43.0},{"cn":"","ui":"","t":0.0,"r":0.0,"q":0.0,"p":0.0,"mot":"L","mo":0.0}]},{"d":"15.11.2017","r":58.0,"q":25.64,"p":1.0E10,"s":[{"cn":"Scorp\u0026co","ui":"7362112","t":58.0,"r":58.0,"q":25.64,"p":1.0E10,"mot":"U","mo":58.0},{"cn":"","ui":"","t":0.0,"r":0.0,"q":0.0,"p":0.0,"mot":"L","mo":0.0}]},{"d":"16.11.2017","r":72.0,"q":25.61,"p":1.0E10,"s":[{"cn":"Scorp\u0026co","ui":"7362112","t":72.0,"r":72.0,"q":25.61,"p":1.0E10,"mot":"U","mo":72.0},{"cn":"","ui":"","t":0.0,"r":0.0,"q":0.0,"p":0.0,"mot":"L","mo":0.0}]},{"d":"17.11.2017","r":86.0,"q":25.63,"p":1.0E10,"s":[{"cn":"Scorp\u0026co","ui":"7362112","t":86.0,"r":86.0,"q":25.63,"p":1.0E10,"mot":"U","mo":86.0},{"cn":"","ui":"","t":0.0,"r":0.0,"q":0.0,"p":0.0,"mot":"L","mo":0.0}]},{"d":"26.03.2018","r":6.0,"q":27.97,"p":8.0E9,"s":[{"cn":"Laminatanet","ui":"6811435","t":6.0,"r":6.0,"q":27.97,"p":8.0E9,"mot":"U","mo":6.0},{"cn":"","ui":"","t":0.0,"r":0.0,"q":0.0,"p":0.0,"mot":"L","mo":0.0}]},{"d":"28.05.2018","r":116.0,"q":25.66,"p":1.0E10,"s":[{"cn":"Scorp\u0026co","ui":"7362112","t":116.0,"r":116.0,"q":25.66,"p":1.0E10,"mot":"U","mo":116.0},{"cn":"","ui":"","t":0.0,"r":0.0,"q":0.0,"p":0.0,"mot":"L","mo":0.0}]},{"d":"25.06.2018","r":116.0,"q":25.66,"p":7.0E9,"s":[{"cn":"Scorp\u0026co","ui":"7362112","t":116.0,"r":116.0,"q":25.66,"p":7.0E9,"mot":"U","mo":116.0},{"cn":"","ui":"","t":0.0,"r":0.0,"q":0.0,"p":0.0,"mot":"L","mo":0.0}]},{"d":"09.07.2018","r":1.0,"q":2.46,"p":5.0E9,"s":[{"cn":"Proffy Corp","ui":"7670712","t":1.0,"r":1.0,"q":2.46,"p":5.0E9,"mot":"U","mo":1.0},{"cn":"","ui":"","t":0.0,"r":0.0,"q":0.0,"p":0.0,"mot":"L","mo":0.0}]},{"d":"25.02.2019","r":8.0,"q":4.17,"p":1.0E9,"s":[{"cn":"TO-HOLDING","ui":"6992203","t":8.0,"r":8.0,"q":4.17,"p":1.0E9,"mot":"U","mo":8.0},{"cn":"","ui":"","t":0.0,"r":0.0,"q":0.0,"p":0.0,"mot":"L","mo":0.0}]},{"d":"26.02.2019","r":16.0,"q":4.17,"p":1.0E9,"s":[{"cn":"TO-HOLDING","ui":"6992203","t":16.0,"r":16.0,"q":4.17,"p":1.0E9,"mot":"U","mo":16.0},{"cn":"","ui":"","t":0.0,"r":0.0,"q":0.0,"p":0.0,"mot":"L","mo":0.0}]},{"d":"27.02.2019","r":24.0,"q":4.17,"p":1.0E9,"s":[{"cn":"TO-HOLDING","ui":"6992203","t":24.0,"r":24.0,"q":4.17,"p":1.0E9,"mot":"U","mo":24.0},{"cn":"","ui":"","t":0.0,"r":0.0,"q":0.0,"p":0.0,"mot":"L","mo":0.0}]},{"d":"28.02.2019","r":32.0,"q":4.17,"p":1.0E9,"s":[{"cn":"TO-HOLDING","ui":"6992203","t":32.0,"r":32.0,"q":4.17,"p":1.0E9,"mot":"U","mo":32.0},{"cn":"","ui":"","t":0.0,"r":0.0,"q":0.0,"p":0.0,"mot":"L","mo":0.0}]},{"d":"01.03.2019","r":45.0,"q":6.81,"p":1.77777777778E9,"s":[{"cn":"TO-HOLDING","ui":"6992203","t":40.0,"r":40.0,"q":4.17,"p":1.0E9,"mot":"U","mo":40.0},{"cn":"Laminatanet","ui":"6811435","t":5.0,"r":5.0,"q":27.97,"p":8.0E9,"mot":"U","mo":5.0},{"cn":"","ui":"","t":0.0,"r":0.0,"q":0.0,"p":0.0,"mot":"L","mo":0.0}]},{"d":"11.03.2019","r":10.0,"q":37.9,"p":6.0E9,"s":[{"cn":"Гиперболид","ui":"6695181","t":10.0,"r":10.0,"q":37.9,"p":6.0E9,"mot":"U","mo":10.0},{"cn":"","ui":"","t":0.0,"r":0.0,"q":0.0,"p":0.0,"mot":"L","mo":0.0}]},{"d":"12.03.2019","r":53.0,"q":5.44,"p":1.18867924528E9,"s":[{"cn":"TO-HOLDING","ui":"6992203","t":51.0,"r":51.0,"q":4.17,"p":1.0E9,"mot":"U","mo":51.0},{"cn":"","ui":"","t":2.0,"r":2.0,"q":37.9,"p":6.0E9,"mot":"L","mo":2.0}]},{"d":"13.03.2019","r":63.0,"q":6.31,"p":1.31746031746E9,"s":[{"cn":"TO-HOLDING","ui":"6992203","t":59.0,"r":59.0,"q":4.17,"p":1.0E9,"mot":"U","mo":59.0},{"cn":"Гиперболид","ui":"8359719","t":4.0,"r":4.0,"q":37.9,"p":6.0E9,"mot":"U","mo":4.0},{"cn":"","ui":"","t":0.0,"r":0.0,"q":0.0,"p":0.0,"mot":"L","mo":0.0}]},{"d":"14.03.2019","r":67.0,"q":4.16,"p":1.0E9,"s":[{"cn":"TO-HOLDING","ui":"6992203","t":67.0,"r":67.0,"q":4.16,"p":1.0E9,"mot":"U","mo":67.0},{"cn":"","ui":"","t":0.0,"r":0.0,"q":0.0,"p":0.0,"mot":"L","mo":0.0}]},{"d":"15.03.2019","r":75.0,"q":4.15,"p":1.0E9,"s":[{"cn":"TO-HOLDING","ui":"6992203","t":75.0,"r":75.0,"q":4.15,"p":1.0E9,"mot":"U","mo":75.0},{"cn":"","ui":"","t":0.0,"r":0.0,"q":0.0,"p":0.0,"mot":"L","mo":0.0}]},{"d":"18.03.2019","r":99.0,"q":4.13,"p":1.0E9,"s":[{"cn":"TO-HOLDING","ui":"6992203","t":99.0,"r":99.0,"q":4.13,"p":1.0E9,"mot":"U","mo":99.0},{"cn":"","ui":"","t":0.0,"r":0.0,"q":0.0,"p":0.0,"mot":"L","mo":0.0}]},{"d":"19.03.2019","r":107.0,"q":4.12,"p":1.0E9,"s":[{"cn":"TO-HOLDING","ui":"6992203","t":107.0,"r":107.0,"q":4.12,"p":1.0E9,"mot":"U","mo":107.0},{"cn":"","ui":"","t":0.0,"r":0.0,"q":0.0,"p":0.0,"mot":"L","mo":0.0}]},{"d":"20.03.2019","r":115.0,"q":4.11,"p":1.0E9,"s":[{"cn":"TO-HOLDING","ui":"6992203","t":115.0,"r":115.0,"q":4.11,"p":1.0E9,"mot":"U","mo":115.0},{"cn":"","ui":"","t":0.0,"r":0.0,"q":0.0,"p":0.0,"mot":"L","mo":0.0}]},{"d":"21.03.2019","r":123.0,"q":4.12,"p":1.0E9,"s":[{"cn":"TO-HOLDING","ui":"6992203","t":123.0,"r":123.0,"q":4.12,"p":1.0E9,"mot":"U","mo":123.0},{"cn":"","ui":"","t":0.0,"r":0.0,"q":0.0,"p":0.0,"mot":"L","mo":0.0}]},{"d":"22.03.2019","r":131.0,"q":4.12,"p":1.0E9,"s":[{"cn":"TO-HOLDING","ui":"6992203","t":131.0,"r":131.0,"q":4.12,"p":1.0E9,"mot":"U","mo":131.0},{"cn":"","ui":"","t":0.0,"r":0.0,"q":0.0,"p":0.0,"mot":"L","mo":0.0}]},{"d":"26.03.2019","r":142.0,"q":5.55,"p":1.21126760563E9,"s":[{"cn":"TO-HOLDING","ui":"6992203","t":136.0,"r":136.0,"q":4.12,"p":1.0E9,"mot":"U","mo":136.0},{"cn":"","ui":"","t":6.0,"r":6.0,"q":37.9,"p":6.0E9,"mot":"L","mo":6.0}]},{"d":"01.04.2019","r":5.0,"q":37.9,"p":6.2E9,"s":[{"cn":"Гиперболид","ui":"8359719","t":5.0,"r":5.0,"q":37.9,"p":6.2E9,"mot":"U","mo":5.0},{"cn":"","ui":"","t":0.0,"r":0.0,"q":0.0,"p":0.0,"mot":"L","mo":0.0}]},{"d":"29.04.2019","r":4.0,"q":37.9,"p":6.2E9,"s":[{"cn":"Гиперболид","ui":"8359719","t":4.0,"r":4.0,"q":37.9,"p":6.2E9,"mot":"U","mo":4.0},{"cn":"","ui":"","t":0.0,"r":0.0,"q":0.0,"p":0.0,"mot":"L","mo":0.0}]},{"d":"18.09.2019","r":114.0,"q":25.66,"p":7.0E9,"s":[{"cn":"Scorp\u0026co","ui":"7362112","t":114.0,"r":114.0,"q":25.66,"p":7.0E9,"mot":"U","mo":114.0},{"cn":"","ui":"","t":0.0,"r":0.0,"q":0.0,"p":0.0,"mot":"L","mo":0.0}]},{"d":"31.01.2020","r":113.0,"q":26.18,"p":6.97168141593E9,"s":[{"cn":"Scorp\u0026co","ui":"7362112","t":114.0,"r":105.0,"q":25.66,"p":7.0E9,"mot":"U","mo":105.0},{"cn":"","ui":"","t":8.0,"r":8.0,"q":32.94,"p":6.6E9,"mot":"L","mo":8.0}]},{"d":"03.02.2020","r":4.0,"q":27.97,"p":5.0E9,"s":[{"cn":"Laminatanet","ui":"6811435","t":4.0,"r":4.0,"q":27.97,"p":5.0E9,"mot":"U","mo":4.0},{"cn":"","ui":"","t":0.0,"r":0.0,"q":0.0,"p":0.0,"mot":"L","mo":0.0}]},{"d":"07.02.2020","r":111.0,"q":26.07,"p":6.87207207207E9,"s":[{"cn":"Scorp\u0026co","ui":"7362112","t":104.0,"r":104.0,"q":25.66,"p":7.0E9,"mot":"U","mo":104.0},{"cn":"","ui":"","t":7.0,"r":7.0,"q":32.23,"p":4.97142857143E9,"mot":"L","mo":7.0}]},{"d":"10.02.2020","r":102.0,"q":25.66,"p":7.0E9,"s":[{"cn":"Scorp\u0026co","ui":"7362112","t":102.0,"r":102.0,"q":25.66,"p":7.0E9,"mot":"U","mo":102.0},{"cn":"","ui":"","t":0.0,"r":0.0,"q":0.0,"p":0.0,"mot":"L","mo":0.0}]},{"d":"19.02.2020","r":79.0,"q":25.66,"p":7.0E9,"s":[{"cn":"Scorp\u0026co","ui":"7362112","t":102.0,"r":79.0,"q":25.66,"p":7.0E9,"mot":"U","mo":79.0},{"cn":"","ui":"","t":0.0,"r":0.0,"q":0.0,"p":0.0,"mot":"L","mo":0.0}]},{"d":"09.03.2020","r":6.0,"q":33.92,"p":4.5E9,"s":[{"cn":"Tritrade Инвест","ui":"5179672","t":19.0,"r":6.0,"q":33.92,"p":4.5E9,"mot":"U","mo":6.0},{"cn":"","ui":"","t":0.0,"r":0.0,"q":0.0,"p":0.0,"mot":"L","mo":0.0}]},{"d":"03.06.2020","r":1.0,"q":16.68,"p":5.0E9,"s":[{"cn":"Inplayer Финанс","ui":"7777784","t":1.0,"r":1.0,"q":16.68,"p":5.0E9,"mot":"U","mo":1.0},{"cn":"","ui":"","t":0.0,"r":0.0,"q":0.0,"p":0.0,"mot":"L","mo":0.0}]},{"d":"08.06.2020","r":79.0,"q":25.66,"p":7.0E9,"s":[{"cn":"Scorp\u0026co","ui":"7362112","t":79.0,"r":79.0,"q":25.66,"p":7.0E9,"mot":"U","mo":79.0},{"cn":"","ui":"","t":0.0,"r":0.0,"q":0.0,"p":0.0,"mot":"L","mo":0.0}]},{"d":"19.06.2020","r":73.0,"q":25.66,"p":7.0E9,"s":[{"cn":"Scorp\u0026co","ui":"7362112","t":76.0,"r":73.0,"q":25.66,"p":7.0E9,"mot":"U","mo":73.0},{"cn":"","ui":"","t":0.0,"r":0.0,"q":0.0,"p":0.0,"mot":"L","mo":0.0}]},{"d":"22.06.2020","r":64.0,"q":25.66,"p":7.0E9,"s":[{"cn":"Scorp\u0026co","ui":"7362112","t":67.0,"r":64.0,"q":25.66,"p":7.0E9,"mot":"U","mo":64.0},{"cn":"","ui":"","t":0.0,"r":0.0,"q":0.0,"p":0.0,"mot":"L","mo":0.0}]},{"d":"23.06.2020","r":61.0,"q":25.66,"p":7.0E9,"s":[{"cn":"Scorp\u0026co","ui":"7362112","t":64.0,"r":61.0,"q":25.66,"p":7.0E9,"mot":"U","mo":61.0},{"cn":"","ui":"","t":0.0,"r":0.0,"q":0.0,"p":0.0,"mot":"L","mo":0.0}]},{"d":"24.06.2020","r":58.0,"q":25.66,"p":7.0E9,"s":[{"cn":"Scorp\u0026co","ui":"7362112","t":61.0,"r":58.0,"q":25.66,"p":7.0E9,"mot":"U","mo":58.0},{"cn":"","ui":"","t":0.0,"r":0.0,"q":0.0,"p":0.0,"mot":"L","mo":0.0}]},{"d":"25.08.2020","r":6.0,"q":8.1,"p":5.4E9,"s":[{"cn":"Субочев  Трейд","ui":"9366416","t":6.0,"r":6.0,"q":8.1,"p":5.4E9,"mot":"U","mo":6.0},{"cn":"","ui":"","t":0.0,"r":0.0,"q":0.0,"p":0.0,"mot":"L","mo":0.0}]},{"d":"26.08.2020","r":7.0,"q":31.63,"p":5.41834650771E9,"s":[{"cn":"Inplayer Финанс","ui":"7777784","t":1.0,"r":1.0,"q":16.68,"p":4.5E9,"mot":"U","mo":1.0},{"cn":"Tritrade Инвест","ui":"8952141","t":6.0,"r":6.0,"q":34.12,"p":5.571404259E9,"mot":"U","mo":6.0},{"cn":"","ui":"","t":0.0,"r":0.0,"q":0.0,"p":0.0,"mot":"L","mo":0.0}]},{"d":"23.09.2020","r":58.0,"q":25.66,"p":7.0E9,"s":[{"cn":"Scorp\u0026co","ui":"7362112","t":58.0,"r":58.0,"q":25.66,"p":7.0E9,"mot":"U","mo":58.0},{"cn":"","ui":"","t":0.0,"r":0.0,"q":0.0,"p":0.0,"mot":"L","mo":0.0}]},{"d":"24.09.2020","r":7.0,"q":31.63,"p":1.0E10,"s":[{"cn":"Svetliy Ltd.","ui":"9479073","t":7.0,"r":7.0,"q":31.63,"p":1.0E10,"mot":"U","mo":7.0},{"cn":"","ui":"","t":0.0,"r":0.0,"q":0.0,"p":0.0,"mot":"L","mo":0.0}]},{"d":"25.09.2020","r":15.0,"q":8.1,"p":5.4E9,"s":[{"cn":"Субочев  Трейд","ui":"9366416","t":15.0,"r":15.0,"q":8.1,"p":5.4E9,"mot":"U","mo":15.0},{"cn":"","ui":"","t":0.0,"r":0.0,"q":0.0,"p":0.0,"mot":"L","mo":0.0}]},{"d":"30.09.2020","r":10.0,"q":8.1,"p":5.4E9,"s":[{"cn":"Субочев  Трейд","ui":"9366416","t":15.0,"r":10.0,"q":8.1,"p":5.4E9,"mot":"U","mo":10.0},{"cn":"","ui":"","t":0.0,"r":0.0,"q":0.0,"p":0.0,"mot":"L","mo":0.0}]},{"d":"01.10.2020","r":65.0,"q":26.3,"p":1.0E10,"s":[{"cn":"Svetliy Ltd.","ui":"9479073","t":65.0,"r":65.0,"q":26.3,"p":1.0E10,"mot":"U","mo":65.0},{"cn":"","ui":"","t":0.0,"r":0.0,"q":0.0,"p":0.0,"mot":"L","mo":0.0}]},{"d":"17.11.2020","r":65.0,"q":26.3,"p":8.0E9,"s":[{"cn":"Svetliy Ltd.","ui":"9479073","t":65.0,"r":65.0,"q":26.3,"p":8.0E9,"mot":"U","mo":65.0},{"cn":"","ui":"","t":0.0,"r":0.0,"q":0.0,"p":0.0,"mot":"L","mo":0.0}]},{"d":"07.01.2021","r":10.0,"q":8.1,"p":5.4E9,"s":[{"cn":"Субочев  Трейд","ui":"9366416","t":10.0,"r":10.0,"q":8.1,"p":5.4E9,"mot":"U","mo":10.0},{"cn":"","ui":"","t":0.0,"r":0.0,"q":0.0,"p":0.0,"mot":"L","mo":0.0}]},{"d":"25.01.2021","r":65.0,"q":26.3,"p":7.0E9,"s":[{"cn":"Svetliy Ltd.","ui":"9479073","t":65.0,"r":65.0,"q":26.3,"p":7.0E9,"mot":"U","mo":65.0},{"cn":"","ui":"","t":0.0,"r":0.0,"q":0.0,"p":0.0,"mot":"L","mo":0.0}]},{"d":"11.02.2021","r":10.0,"q":8.1,"p":5.4E9,"s":[{"cn":"TVL Unlimited","ui":"9366416","t":10.0,"r":10.0,"q":8.1,"p":5.4E9,"mot":"U","mo":10.0},{"cn":"","ui":"","t":0.0,"r":0.0,"q":0.0,"p":0.0,"mot":"L","mo":0.0}]},{"d":"16.02.2021","r":65.0,"q":26.3,"p":8.000000001E9,"s":[{"cn":"Svetliy Ltd.","ui":"9479073","t":65.0,"r":65.0,"q":26.3,"p":8.000000001E9,"mot":"U","mo":65.0},{"cn":"","ui":"","t":0.0,"r":0.0,"q":0.0,"p":0.0,"mot":"L","mo":0.0}]},{"d":"05.03.2021","r":5.0,"q":26.3,"p":5.0E9,"s":[{"cn":"Svetliy Ltd.","ui":"9479073","t":65.0,"r":65.0,"q":26.3,"p":5.0E9,"mot":"L","mo":5.0},{"cn":"","ui":"","t":0.0,"r":0.0,"q":0.0,"p":0.0,"mot":"L","mo":0.0}]},{"d":"09.03.2021","r":5.0,"q":26.3,"p":4000000.0,"s":[{"cn":"Svetliy Ltd.","ui":"9479073","t":65.0,"r":65.0,"q":26.3,"p":4000000.0,"mot":"L","mo":5.0},{"cn":"","ui":"","t":0.0,"r":0.0,"q":0.0,"p":0.0,"mot":"L","mo":0.0}]},{"d":"19.03.2021","r":5.0,"q":26.3,"p":3.0E9,"s":[{"cn":"Svetliy Ltd.","ui":"9479073","t":65.0,"r":65.0,"q":26.3,"p":3.0E9,"mot":"L","mo":5.0},{"cn":"","ui":"","t":0.0,"r":0.0,"q":0.0,"p":0.0,"mot":"L","mo":0.0}]},{"d":"23.03.2021","r":5.0,"q":26.3,"p":1.000000001E9,"s":[{"cn":"Svetliy Ltd.","ui":"9479073","t":65.0,"r":65.0,"q":26.3,"p":1.000000001E9,"mot":"L","mo":5.0},{"cn":"","ui":"","t":0.0,"r":0.0,"q":0.0,"p":0.0,"mot":"L","mo":0.0}]},{"d":"29.03.2021","r":19.0,"q":16.47,"p":4.92631578947E9,"s":[{"cn":"TVL Unlimited","ui":"9366416","t":9.0,"r":9.0,"q":8.1,"p":5.4E9,"mot":"U","mo":9.0},{"cn":"TC Corp.","ui":"5031714","t":5.0,"r":5.0,"q":21.72,"p":2.0E9,"mot":"U","mo":5.0},{"cn":"Svetliy Ltd.","ui":"9479073","t":62.0,"r":61.0,"q":26.3,"p":7.0E9,"mot":"L","mo":5.0},{"cn":"","ui":"","t":0.0,"r":0.0,"q":0.0,"p":0.0,"mot":"L","mo":0.0}]},{"d":"30.03.2021","r":5.0,"q":26.3,"p":7.0E9,"s":[{"cn":"Svetliy Ltd.","ui":"9479073","t":61.0,"r":60.0,"q":26.3,"p":7.0E9,"mot":"L","mo":5.0},{"cn":"","ui":"","t":0.0,"r":0.0,"q":0.0,"p":0.0,"mot":"L","mo":0.0}]},{"d":"31.03.2021","r":5.0,"q":26.3,"p":7.0E9,"s":[{"cn":"Svetliy Ltd.","ui":"9479073","t":60.0,"r":59.0,"q":26.3,"p":7.0E9,"mot":"L","mo":5.0},{"cn":"","ui":"","t":0.0,"r":0.0,"q":0.0,"p":0.0,"mot":"L","mo":0.0}]},{"d":"01.04.2021","r":5.0,"q":26.3,"p":7.0E9,"s":[{"cn":"Svetliy Ltd.","ui":"9479073","t":59.0,"r":58.0,"q":26.3,"p":7.0E9,"mot":"L","mo":5.0},{"cn":"","ui":"","t":0.0,"r":0.0,"q":0.0,"p":0.0,"mot":"L","mo":0.0}]},{"d":"02.04.2021","r":5.0,"q":26.3,"p":7.0E9,"s":[{"cn":"Svetliy Ltd.","ui":"9479073","t":58.0,"r":57.0,"q":26.3,"p":7.0E9,"mot":"L","mo":5.0},{"cn":"","ui":"","t":0.0,"r":0.0,"q":0.0,"p":0.0,"mot":"L","mo":0.0}]},{"d":"05.04.2021","r":5.0,"q":26.3,"p":7.0E9,"s":[{"cn":"Svetliy Ltd.","ui":"9479073","t":55.0,"r":54.0,"q":26.3,"p":7.0E9,"mot":"L","mo":5.0},{"cn":"","ui":"","t":0.0,"r":0.0,"q":0.0,"p":0.0,"mot":"L","mo":0.0}]},{"d":"06.04.2021","r":5.0,"q":26.3,"p":7.0E9,"s":[{"cn":"Svetliy Ltd.","ui":"9479073","t":54.0,"r":53.0,"q":26.3,"p":7.0E9,"mot":"L","mo":5.0},{"cn":"","ui":"","t":0.0,"r":0.0,"q":0.0,"p":0.0,"mot":"L","mo":0.0}]},{"d":"07.04.2021","r":5.0,"q":26.3,"p":7.0E9,"s":[{"cn":"Svetliy Ltd.","ui":"9479073","t":53.0,"r":52.0,"q":26.3,"p":7.0E9,"mot":"L","mo":5.0},{"cn":"","ui":"","t":0.0,"r":0.0,"q":0.0,"p":0.0,"mot":"L","mo":0.0}]},{"d":"08.04.2021","r":5.0,"q":26.3,"p":7.0E9,"s":[{"cn":"Svetliy Ltd.","ui":"9479073","t":52.0,"r":51.0,"q":26.3,"p":7.0E9,"mot":"L","mo":5.0},{"cn":"","ui":"","t":0.0,"r":0.0,"q":0.0,"p":0.0,"mot":"L","mo":0.0}]},{"d":"09.04.2021","r":5.0,"q":26.3,"p":7.0E9,"s":[{"cn":"Svetliy Ltd.","ui":"9479073","t":51.0,"r":50.0,"q":26.3,"p":7.0E9,"mot":"L","mo":5.0},{"cn":"","ui":"","t":0.0,"r":0.0,"q":0.0,"p":0.0,"mot":"L","mo":0.0}]},{"d":"12.04.2021","r":5.0,"q":26.3,"p":7.0E9,"s":[{"cn":"Svetliy Ltd.","ui":"9479073","t":48.0,"r":47.0,"q":26.3,"p":7.0E9,"mot":"L","mo":5.0},{"cn":"","ui":"","t":0.0,"r":0.0,"q":0.0,"p":0.0,"mot":"L","mo":0.0}]},{"d":"13.04.2021","r":5.0,"q":26.3,"p":7.0E9,"s":[{"cn":"Svetliy Ltd.","ui":"9479073","t":47.0,"r":47.0,"q":26.3,"p":7.0E9,"mot":"L","mo":5.0},{"cn":"","ui":"","t":0.0,"r":0.0,"q":0.0,"p":0.0,"mot":"L","mo":0.0}]},{"d":"22.10.2021","r":10.0,"q":31.68,"p":7.5E8,"s":[{"cn":"Глобальные инвестиции","ui":"9477666","t":10.0,"r":10.0,"q":31.68,"p":7.5E8,"mot":"U","mo":10.0},{"cn":"","ui":"","t":0.0,"r":0.0,"q":0.0,"p":0.0,"mot":"L","mo":0.0}]},{"d":"25.10.2021","r":13.0,"q":31.69,"p":7.5E8,"s":[{"cn":"Глобальные инвестиции","ui":"9477666","t":13.0,"r":13.0,"q":31.69,"p":7.5E8,"mot":"U","mo":13.0},{"cn":"","ui":"","t":0.0,"r":0.0,"q":0.0,"p":0.0,"mot":"L","mo":0.0}]},{"d":"26.10.2021","r":14.0,"q":31.69,"p":7.5E8,"s":[{"cn":"Глобальные инвестиции","ui":"9477666","t":14.0,"r":14.0,"q":31.69,"p":7.5E8,"mot":"U","mo":14.0},{"cn":"","ui":"","t":0.0,"r":0.0,"q":0.0,"p":0.0,"mot":"L","mo":0.0}]},{"d":"27.10.2021","r":15.0,"q":31.69,"p":7.5E8,"s":[{"cn":"Глобальные инвестиции","ui":"9477666","t":15.0,"r":15.0,"q":31.69,"p":7.5E8,"mot":"U","mo":15.0},{"cn":"","ui":"","t":0.0,"r":0.0,"q":0.0,"p":0.0,"mot":"L","mo":0.0}]},{"d":"28.10.2021","r":16.0,"q":31.69,"p":7.5E8,"s":[{"cn":"Глобальные инвестиции","ui":"9477666","t":16.0,"r":16.0,"q":31.69,"p":7.5E8,"mot":"U","mo":16.0},{"cn":"","ui":"","t":0.0,"r":0.0,"q":0.0,"p":0.0,"mot":"L","mo":0.0}]},{"d":"29.10.2021","r":17.0,"q":31.69,"p":7.5E8,"s":[{"cn":"Глобальные инвестиции","ui":"9477666","t":17.0,"r":17.0,"q":31.69,"p":7.5E8,"mot":"U","mo":17.0},{"cn":"","ui":"","t":0.0,"r":0.0,"q":0.0,"p":0.0,"mot":"L","mo":0.0}]},{"d":"01.11.2021","r":20.0,"q":31.62,"p":7.5E8,"s":[{"cn":"Глобальные инвестиции","ui":"9477666","t":20.0,"r":20.0,"q":31.62,"p":7.5E8,"mot":"U","mo":20.0},{"cn":"","ui":"","t":0.0,"r":0.0,"q":0.0,"p":0.0,"mot":"L","mo":0.0}]},{"d":"02.11.2021","r":21.0,"q":31.62,"p":7.5E8,"s":[{"cn":"Глобальные инвестиции","ui":"9477666","t":21.0,"r":21.0,"q":31.62,"p":7.5E8,"mot":"U","mo":21.0},{"cn":"","ui":"","t":0.0,"r":0.0,"q":0.0,"p":0.0,"mot":"L","mo":0.0}]},{"d":"03.11.2021","r":22.0,"q":31.62,"p":7.5E8,"s":[{"cn":"Глобальные инвестиции","ui":"9477666","t":22.0,"r":22.0,"q":31.62,"p":7.5E8,"mot":"U","mo":22.0},{"cn":"","ui":"","t":0.0,"r":0.0,"q":0.0,"p":0.0,"mot":"L","mo":0.0}]},{"d":"04.11.2021","r":23.0,"q":31.62,"p":7.5E8,"s":[{"cn":"Глобальные инвестиции","ui":"9477666","t":23.0,"r":23.0,"q":31.62,"p":7.5E8,"mot":"U","mo":23.0},{"cn":"","ui":"","t":0.0,"r":0.0,"q":0.0,"p":0.0,"mot":"L","mo":0.0}]},{"d":"05.11.2021","r":24.0,"q":31.63,"p":7.5E8,"s":[{"cn":"Глобальные инвестиции","ui":"9477666","t":24.0,"r":24.0,"q":31.63,"p":7.5E8,"mot":"U","mo":24.0},{"cn":"","ui":"","t":0.0,"r":0.0,"q":0.0,"p":0.0,"mot":"L","mo":0.0}]},{"d":"08.11.2021","r":27.0,"q":31.63,"p":7.5E8,"s":[{"cn":"Глобальные инвестиции","ui":"9477666","t":27.0,"r":27.0,"q":31.63,"p":7.5E8,"mot":"U","mo":27.0},{"cn":"","ui":"","t":0.0,"r":0.0,"q":0.0,"p":0.0,"mot":"L","mo":0.0}]},{"d":"09.11.2021","r":28.0,"q":31.63,"p":7.5E8,"s":[{"cn":"Глобальные инвестиции","ui":"9477666","t":28.0,"r":28.0,"q":31.63,"p":7.5E8,"mot":"U","mo":28.0},{"cn":"","ui":"","t":0.0,"r":0.0,"q":0.0,"p":0.0,"mot":"L","mo":0.0}]},{"d":"10.11.2021","r":29.0,"q":31.63,"p":7.5E8,"s":[{"cn":"Глобальные инвестиции","ui":"9477666","t":29.0,"r":29.0,"q":31.63,"p":7.5E8,"mot":"U","mo":29.0},{"cn":"","ui":"","t":0.0,"r":0.0,"q":0.0,"p":0.0,"mot":"L","mo":0.0}]},{"d":"11.11.2021","r":30.0,"q":31.63,"p":7.5E8,"s":[{"cn":"Глобальные инвестиции","ui":"9477666","t":30.0,"r":30.0,"q":31.63,"p":7.5E8,"mot":"U","mo":30.0},{"cn":"","ui":"","t":0.0,"r":0.0,"q":0.0,"p":0.0,"mot":"L","mo":0.0}]},{"d":"12.11.2021","r":31.0,"q":31.63,"p":7.5E8,"s":[{"cn":"Глобальные инвестиции","ui":"9477666","t":31.0,"r":31.0,"q":31.63,"p":7.5E8,"mot":"U","mo":31.0},{"cn":"","ui":"","t":0.0,"r":0.0,"q":0.0,"p":0.0,"mot":"L","mo":0.0}]},{"d":"15.11.2021","r":34.0,"q":31.63,"p":7.5E8,"s":[{"cn":"Глобальные инвестиции","ui":"9477666","t":34.0,"r":34.0,"q":31.63,"p":7.5E8,"mot":"U","mo":34.0},{"cn":"","ui":"","t":0.0,"r":0.0,"q":0.0,"p":0.0,"mot":"L","mo":0.0}]},{"d":"16.11.2021","r":35.0,"q":31.61,"p":7.5E8,"s":[{"cn":"Глобальные инвестиции","ui":"9477666","t":35.0,"r":35.0,"q":31.61,"p":7.5E8,"mot":"U","mo":35.0},{"cn":"","ui":"","t":0.0,"r":0.0,"q":0.0,"p":0.0,"mot":"L","mo":0.0}]},{"d":"17.11.2021","r":36.0,"q":31.58,"p":7.5E8,"s":[{"cn":"Глобальные инвестиции","ui":"9477666","t":36.0,"r":36.0,"q":31.58,"p":7.5E8,"mot":"U","mo":36.0},{"cn":"","ui":"","t":0.0,"r":0.0,"q":0.0,"p":0.0,"mot":"L","mo":0.0}]},{"d":"18.11.2021","r":42.0,"q":30.93,"p":7.7976190476E8,"s":[{"cn":"Глобальные инвестиции","ui":"9477666","t":37.0,"r":37.0,"q":31.56,"p":7.5E8,"mot":"U","mo":37.0},{"cn":"Svetliy Ltd.","ui":"9479073","t":47.0,"r":47.0,"q":26.3,"p":1.0E9,"mot":"L","mo":5.0},{"cn":"","ui":"","t":0.0,"r":0.0,"q":0.0,"p":0.0,"mot":"L","mo":0.0}]},{"d":"19.11.2021","r":38.0,"q":31.54,"p":7.5E8,"s":[{"cn":"Глобальные инвестиции","ui":"9477666","t":38.0,"r":38.0,"q":31.54,"p":7.5E8,"mot":"U","mo":38.0},{"cn":"","ui":"","t":0.0,"r":0.0,"q":0.0,"p":0.0,"mot":"L","mo":0.0}]},{"d":"22.11.2021","r":41.0,"q":31.47,"p":7.5E8,"s":[{"cn":"Глобальные инвестиции","ui":"9477666","t":41.0,"r":41.0,"q":31.47,"p":7.5E8,"mot":"U","mo":41.0},{"cn":"","ui":"","t":0.0,"r":0.0,"q":0.0,"p":0.0,"mot":"L","mo":0.0}]},{"d":"23.11.2021","r":42.0,"q":31.46,"p":7.5E8,"s":[{"cn":"Глобальные инвестиции","ui":"9477666","t":42.0,"r":42.0,"q":31.46,"p":7.5E8,"mot":"U","mo":42.0},{"cn":"","ui":"","t":0.0,"r":0.0,"q":0.0,"p":0.0,"mot":"L","mo":0.0}]},{"d":"24.11.2021","r":43.0,"q":31.44,"p":7.5E8,"s":[{"cn":"Глобальные инвестиции","ui":"9477666","t":43.0,"r":43.0,"q":31.44,"p":7.5E8,"mot":"U","mo":43.0},{"cn":"","ui":"","t":0.0,"r":0.0,"q":0.0,"p":0.0,"mot":"L","mo":0.0}]},{"d":"25.11.2021","r":44.0,"q":31.42,"p":7.5E8,"s":[{"cn":"Глобальные инвестиции","ui":"9477666","t":44.0,"r":44.0,"q":31.42,"p":7.5E8,"mot":"U","mo":44.0},{"cn":"","ui":"","t":0.0,"r":0.0,"q":0.0,"p":0.0,"mot":"L","mo":0.0}]},{"d":"26.11.2021","r":45.0,"q":31.41,"p":7.5E8,"s":[{"cn":"Глобальные инвестиции","ui":"9477666","t":45.0,"r":45.0,"q":31.41,"p":7.5E8,"mot":"U","mo":45.0},{"cn":"","ui":"","t":0.0,"r":0.0,"q":0.0,"p":0.0,"mot":"L","mo":0.0}]},{"d":"29.11.2021","r":48.0,"q":31.36,"p":7.5E8,"s":[{"cn":"Глобальные инвестиции","ui":"9477666","t":48.0,"r":48.0,"q":31.36,"p":7.5E8,"mot":"U","mo":48.0},{"cn":"","ui":"","t":0.0,"r":0.0,"q":0.0,"p":0.0,"mot":"L","mo":0.0}]},{"d":"30.11.2021","r":49.0,"q":31.37,"p":7.5E8,"s":[{"cn":"Глобальные инвестиции","ui":"9477666","t":49.0,"r":49.0,"q":31.37,"p":7.5E8,"mot":"U","mo":49.0},{"cn":"","ui":"","t":0.0,"r":0.0,"q":0.0,"p":0.0,"mot":"L","mo":0.0}]},{"d":"01.12.2021","r":50.0,"q":31.37,"p":7.5E8,"s":[{"cn":"Глобальные инвестиции","ui":"9477666","t":50.0,"r":50.0,"q":31.37,"p":7.5E8,"mot":"U","mo":50.0},{"cn":"","ui":"","t":0.0,"r":0.0,"q":0.0,"p":0.0,"mot":"L","mo":0.0}]},{"d":"02.12.2021","r":51.0,"q":31.38,"p":7.5E8,"s":[{"cn":"Глобальные инвестиции","ui":"9477666","t":51.0,"r":51.0,"q":31.38,"p":7.5E8,"mot":"U","mo":51.0},{"cn":"","ui":"","t":0.0,"r":0.0,"q":0.0,"p":0.0,"mot":"L","mo":0.0}]},{"d":"03.12.2021","r":52.0,"q":31.38,"p":7.5E8,"s":[{"cn":"Глобальные инвестиции","ui":"9477666","t":52.0,"r":52.0,"q":31.38,"p":7.5E8,"mot":"U","mo":52.0},{"cn":"","ui":"","t":0.0,"r":0.0,"q":0.0,"p":0.0,"mot":"L","mo":0.0}]},{"d":"06.12.2021","r":55.0,"q":31.4,"p":7.5E8,"s":[{"cn":"Глобальные инвестиции","ui":"9477666","t":55.0,"r":55.0,"q":31.4,"p":7.5E8,"mot":"U","mo":55.0},{"cn":"","ui":"","t":0.0,"r":0.0,"q":0.0,"p":0.0,"mot":"L","mo":0.0}]},{"d":"07.12.2021","r":56.0,"q":31.4,"p":7.5E8,"s":[{"cn":"Глобальные инвестиции","ui":"9477666","t":56.0,"r":56.0,"q":31.4,"p":7.5E8,"mot":"U","mo":56.0},{"cn":"","ui":"","t":0.0,"r":0.0,"q":0.0,"p":0.0,"mot":"L","mo":0.0}]},{"d":"08.12.2021","r":57.0,"q":31.4,"p":7.5E8,"s":[{"cn":"Глобальные инвестиции","ui":"9477666","t":57.0,"r":57.0,"q":31.4,"p":7.5E8,"mot":"U","mo":57.0},{"cn":"","ui":"","t":0.0,"r":0.0,"q":0.0,"p":0.0,"mot":"L","mo":0.0}]},{"d":"09.12.2021","r":58.0,"q":31.41,"p":7.5E8,"s":[{"cn":"Глобальные инвестиции","ui":"9477666","t":58.0,"r":58.0,"q":31.41,"p":7.5E8,"mot":"U","mo":58.0},{"cn":"","ui":"","t":0.0,"r":0.0,"q":0.0,"p":0.0,"mot":"L","mo":0.0}]},{"d":"10.12.2021","r":59.0,"q":31.41,"p":7.5E8,"s":[{"cn":"Глобальные инвестиции","ui":"9477666","t":59.0,"r":59.0,"q":31.41,"p":7.5E8,"mot":"U","mo":59.0},{"cn":"","ui":"","t":0.0,"r":0.0,"q":0.0,"p":0.0,"mot":"L","mo":0.0}]},{"d":"13.12.2021","r":62.0,"q":31.38,"p":7.5E8,"s":[{"cn":"Глобальные инвестиции","ui":"9477666","t":62.0,"r":62.0,"q":31.38,"p":7.5E8,"mot":"U","mo":62.0},{"cn":"","ui":"","t":0.0,"r":0.0,"q":0.0,"p":0.0,"mot":"L","mo":0.0}]},{"d":"14.12.2021","r":63.0,"q":31.37,"p":7.5E8,"s":[{"cn":"Глобальные инвестиции","ui":"9477666","t":63.0,"r":63.0,"q":31.37,"p":7.5E8,"mot":"U","mo":63.0},{"cn":"","ui":"","t":0.0,"r":0.0,"q":0.0,"p":0.0,"mot":"L","mo":0.0}]},{"d":"15.12.2021","r":63.0,"q":31.36,"p":7.5E8,"s":[{"cn":"Глобальные инвестиции","ui":"9477666","t":64.0,"r":63.0,"q":31.36,"p":7.5E8,"mot":"U","mo":63.0},{"cn":"","ui":"","t":0.0,"r":0.0,"q":0.0,"p":0.0,"mot":"L","mo":0.0}]},{"d":"16.12.2021","r":63.0,"q":31.35,"p":7.5E8,"s":[{"cn":"Глобальные инвестиции","ui":"9477666","t":64.0,"r":63.0,"q":31.35,"p":7.5E8,"mot":"U","mo":63.0},{"cn":"","ui":"","t":0.0,"r":0.0,"q":0.0,"p":0.0,"mot":"L","mo":0.0}]},{"d":"17.12.2021","r":63.0,"q":31.35,"p":7.5E8,"s":[{"cn":"Глобальные инвестиции","ui":"9477666","t":63.0,"r":63.0,"q":31.35,"p":7.5E8,"mot":"U","mo":63.0},{"cn":"","ui":"","t":0.0,"r":0.0,"q":0.0,"p":0.0,"mot":"L","mo":0.0}]},{"d":"22.12.2021","r":64.0,"q":31.34,"p":7.5E8,"s":[{"cn":"Глобальные инвестиции","ui":"9477666","t":64.0,"r":64.0,"q":31.34,"p":7.5E8,"mot":"U","mo":64.0},{"cn":"","ui":"","t":0.0,"r":0.0,"q":0.0,"p":0.0,"mot":"L","mo":0.0}]},{"d":"23.12.2021","r":65.0,"q":31.33,"p":7.5E8,"s":[{"cn":"Глобальные инвестиции","ui":"9477666","t":65.0,"r":65.0,"q":31.33,"p":7.5E8,"mot":"U","mo":65.0},{"cn":"","ui":"","t":0.0,"r":0.0,"q":0.0,"p":0.0,"mot":"L","mo":0.0}]},{"d":"24.12.2021","r":66.0,"q":31.32,"p":7.5E8,"s":[{"cn":"Глобальные инвестиции","ui":"9477666","t":66.0,"r":66.0,"q":31.32,"p":7.5E8,"mot":"U","mo":66.0},{"cn":"","ui":"","t":0.0,"r":0.0,"q":0.0,"p":0.0,"mot":"L","mo":0.0}]},{"d":"27.12.2021","r":69.0,"q":31.28,"p":7.5E8,"s":[{"cn":"Глобальные инвестиции","ui":"9477666","t":69.0,"r":69.0,"q":31.28,"p":7.5E8,"mot":"U","mo":69.0},{"cn":"","ui":"","t":0.0,"r":0.0,"q":0.0,"p":0.0,"mot":"L","mo":0.0}]},{"d":"28.12.2021","r":70.0,"q":31.27,"p":7.5E8,"s":[{"cn":"Глобальные инвестиции","ui":"9477666","t":70.0,"r":70.0,"q":31.27,"p":7.5E8,"mot":"U","mo":70.0},{"cn":"","ui":"","t":0.0,"r":0.0,"q":0.0,"p":0.0,"mot":"L","mo":0.0}]},{"d":"29.12.2021","r":71.0,"q":31.26,"p":7.5E8,"s":[{"cn":"Глобальные инвестиции","ui":"9477666","t":71.0,"r":71.0,"q":31.26,"p":7.5E8,"mot":"U","mo":71.0},{"cn":"","ui":"","t":0.0,"r":0.0,"q":0.0,"p":0.0,"mot":"L","mo":0.0}]},{"d":"30.12.2021","r":72.0,"q":31.26,"p":7.5E8,"s":[{"cn":"Глобальные инвестиции","ui":"9477666","t":72.0,"r":72.0,"q":31.26,"p":7.5E8,"mot":"U","mo":72.0},{"cn":"","ui":"","t":0.0,"r":0.0,"q":0.0,"p":0.0,"mot":"L","mo":0.0}]},{"d":"31.12.2021","r":73.0,"q":31.25,"p":7.5E8,"s":[{"cn":"Глобальные инвестиции","ui":"9477666","t":73.0,"r":73.0,"q":31.25,"p":7.5E8,"mot":"U","mo":73.0},{"cn":"","ui":"","t":0.0,"r":0.0,"q":0.0,"p":0.0,"mot":"L","mo":0.0}]},{"d":"03.01.2022","r":76.0,"q":31.23,"p":7.5E8,"s":[{"cn":"Глобальные инвестиции","ui":"9477666","t":76.0,"r":76.0,"q":31.23,"p":7.5E8,"mot":"U","mo":76.0},{"cn":"","ui":"","t":0.0,"r":0.0,"q":0.0,"p":0.0,"mot":"L","mo":0.0}]},{"d":"04.01.2022","r":77.0,"q":31.22,"p":7.5E8,"s":[{"cn":"Глобальные инвестиции","ui":"9477666","t":77.0,"r":77.0,"q":31.22,"p":7.5E8,"mot":"U","mo":77.0},{"cn":"","ui":"","t":0.0,"r":0.0,"q":0.0,"p":0.0,"mot":"L","mo":0.0}]},{"d":"05.01.2022","r":78.0,"q":31.21,"p":7.5E8,"s":[{"cn":"Глобальные инвестиции","ui":"9477666","t":78.0,"r":78.0,"q":31.21,"p":7.5E8,"mot":"U","mo":78.0},{"cn":"","ui":"","t":0.0,"r":0.0,"q":0.0,"p":0.0,"mot":"L","mo":0.0}]},{"d":"06.01.2022","r":79.0,"q":31.2,"p":7.5E8,"s":[{"cn":"Глобальные инвестиции","ui":"9477666","t":79.0,"r":79.0,"q":31.2,"p":7.5E8,"mot":"U","mo":79.0},{"cn":"","ui":"","t":0.0,"r":0.0,"q":0.0,"p":0.0,"mot":"L","mo":0.0}]},{"d":"07.01.2022","r":80.0,"q":31.2,"p":7.5E8,"s":[{"cn":"Глобальные инвестиции","ui":"9477666","t":80.0,"r":80.0,"q":31.2,"p":7.5E8,"mot":"U","mo":80.0},{"cn":"","ui":"","t":0.0,"r":0.0,"q":0.0,"p":0.0,"mot":"L","mo":0.0}]},{"d":"10.01.2022","r":83.0,"q":31.18,"p":7.5E8,"s":[{"cn":"Глобальные инвестиции","ui":"9477666","t":83.0,"r":83.0,"q":31.18,"p":7.5E8,"mot":"U","mo":83.0},{"cn":"","ui":"","t":0.0,"r":0.0,"q":0.0,"p":0.0,"mot":"L","mo":0.0}]},{"d":"17.01.2022","r":85.0,"q":31.17,"p":7.5E8,"s":[{"cn":"Глобальные инвестиции","ui":"9477666","t":85.0,"r":85.0,"q":31.17,"p":7.5E8,"mot":"U","mo":85.0},{"cn":"","ui":"","t":0.0,"r":0.0,"q":0.0,"p":0.0,"mot":"L","mo":0.0}]},{"d":"18.01.2022","r":86.0,"q":31.16,"p":7.5E8,"s":[{"cn":"Глобальные инвестиции","ui":"9477666","t":86.0,"r":86.0,"q":31.16,"p":7.5E8,"mot":"U","mo":86.0},{"cn":"","ui":"","t":0.0,"r":0.0,"q":0.0,"p":0.0,"mot":"L","mo":0.0}]},{"d":"19.01.2022","r":87.0,"q":31.16,"p":7.5E8,"s":[{"cn":"Глобальные инвестиции","ui":"9477666","t":87.0,"r":87.0,"q":31.16,"p":7.5E8,"mot":"U","mo":87.0},{"cn":"","ui":"","t":0.0,"r":0.0,"q":0.0,"p":0.0,"mot":"L","mo":0.0}]},{"d":"21.01.2022","r":89.0,"q":31.15,"p":7.5E8,"s":[{"cn":"Глобальные инвестиции","ui":"9477666","t":89.0,"r":89.0,"q":31.15,"p":7.5E8,"mot":"U","mo":89.0},{"cn":"","ui":"","t":0.0,"r":0.0,"q":0.0,"p":0.0,"mot":"L","mo":0.0}]},{"d":"18.02.2022","r":103.0,"q":31.12,"p":7.5E8,"s":[{"cn":"Глобальные инвестиции","ui":"9477666","t":103.0,"r":103.0,"q":31.12,"p":7.5E8,"mot":"U","mo":103.0},{"cn":"","ui":"","t":0.0,"r":0.0,"q":0.0,"p":0.0,"mot":"L","mo":0.0}]},{"d":"21.02.2022","r":101.0,"q":31.12,"p":7.5E8,"s":[{"cn":"Глобальные инвестиции","ui":"9477666","t":102.0,"r":101.0,"q":31.12,"p":7.5E8,"mot":"U","mo":101.0},{"cn":"","ui":"","t":0.0,"r":0.0,"q":0.0,"p":0.0,"mot":"L","mo":0.0}]},{"d":"22.02.2022","r":100.0,"q":31.12,"p":7.5E8,"s":[{"cn":"Глобальные инвестиции","ui":"9477666","t":101.0,"r":100.0,"q":31.12,"p":7.5E8,"mot":"U","mo":100.0},{"cn":"","ui":"","t":0.0,"r":0.0,"q":0.0,"p":0.0,"mot":"L","mo":0.0}]},{"d":"23.02.2022","r":99.0,"q":31.12,"p":7.5E8,"s":[{"cn":"Глобальные инвестиции","ui":"9477666","t":100.0,"r":99.0,"q":31.12,"p":7.5E8,"mot":"U","mo":99.0},{"cn":"","ui":"","t":0.0,"r":0.0,"q":0.0,"p":0.0,"mot":"L","mo":0.0}]},{"d":"24.02.2022","r":98.0,"q":31.12,"p":7.5E8,"s":[{"cn":"Глобальные инвестиции","ui":"9477666","t":99.0,"r":98.0,"q":31.12,"p":7.5E8,"mot":"U","mo":98.0},{"cn":"","ui":"","t":0.0,"r":0.0,"q":0.0,"p":0.0,"mot":"L","mo":0.0}]},{"d":"25.02.2022","r":97.0,"q":31.12,"p":7.5E8,"s":[{"cn":"Глобальные инвестиции","ui":"9477666","t":98.0,"r":97.0,"q":31.12,"p":7.5E8,"mot":"U","mo":97.0},{"cn":"","ui":"","t":0.0,"r":0.0,"q":0.0,"p":0.0,"mot":"L","mo":0.0}]},{"d":"28.02.2022","r":94.0,"q":31.12,"p":7.5E8,"s":[{"cn":"Глобальные инвестиции","ui":"9477666","t":95.0,"r":94.0,"q":31.12,"p":7.5E8,"mot":"U","mo":94.0},{"cn":"","ui":"","t":0.0,"r":0.0,"q":0.0,"p":0.0,"mot":"L","mo":0.0}]},{"d":"01.03.2022","r":93.0,"q":31.12,"p":7.5E8,"s":[{"cn":"Глобальные инвестиции","ui":"9477666","t":94.0,"r":93.0,"q":31.12,"p":7.5E8,"mot":"U","mo":93.0},{"cn":"","ui":"","t":0.0,"r":0.0,"q":0.0,"p":0.0,"mot":"L","mo":0.0}]},{"d":"02.03.2022","r":92.0,"q":31.12,"p":7.5E8,"s":[{"cn":"Глобальные инвестиции","ui":"9477666","t":93.0,"r":92.0,"q":31.12,"p":7.5E8,"mot":"U","mo":92.0},{"cn":"","ui":"","t":0.0,"r":0.0,"q":0.0,"p":0.0,"mot":"L","mo":0.0}]},{"d":"03.03.2022","r":91.0,"q":31.12,"p":7.5E8,"s":[{"cn":"Глобальные инвестиции","ui":"9477666","t":92.0,"r":91.0,"q":31.12,"p":7.5E8,"mot":"U","mo":91.0},{"cn":"","ui":"","t":0.0,"r":0.0,"q":0.0,"p":0.0,"mot":"L","mo":0.0}]},{"d":"04.03.2022","r":90.0,"q":31.12,"p":7.5E8,"s":[{"cn":"Глобальные инвестиции","ui":"9477666","t":91.0,"r":90.0,"q":31.12,"p":7.5E8,"mot":"U","mo":90.0},{"cn":"","ui":"","t":0.0,"r":0.0,"q":0.0,"p":0.0,"mot":"L","mo":0.0}]},{"d":"07.03.2022","r":87.0,"q":31.12,"p":7.5E8,"s":[{"cn":"Глобальные инвестиции","ui":"9477666","t":88.0,"r":87.0,"q":31.12,"p":7.5E8,"mot":"U","mo":87.0},{"cn":"","ui":"","t":0.0,"r":0.0,"q":0.0,"p":0.0,"mot":"L","mo":0.0}]},{"d":"08.03.2022","r":86.0,"q":31.12,"p":7.5E8,"s":[{"cn":"Глобальные инвестиции","ui":"9477666","t":87.0,"r":86.0,"q":31.12,"p":7.5E8,"mot":"U","mo":86.0},{"cn":"","ui":"","t":0.0,"r":0.0,"q":0.0,"p":0.0,"mot":"L","mo":0.0}]},{"d":"09.03.2022","r":85.0,"q":31.12,"p":7.5E8,"s":[{"cn":"Глобальные инвестиции","ui":"9477666","t":86.0,"r":85.0,"q":31.12,"p":7.5E8,"mot":"U","mo":85.0},{"cn":"","ui":"","t":0.0,"r":0.0,"q":0.0,"p":0.0,"mot":"L","mo":0.0}]},{"d":"10.03.2022","r":84.0,"q":31.12,"p":7.5E8,"s":[{"cn":"Глобальные инвестиции","ui":"9477666","t":85.0,"r":84.0,"q":31.12,"p":7.5E8,"mot":"U","mo":84.0},{"cn":"","ui":"","t":0.0,"r":0.0,"q":0.0,"p":0.0,"mot":"L","mo":0.0}]},{"d":"11.03.2022","r":83.0,"q":31.12,"p":7.5E8,"s":[{"cn":"Глобальные инвестиции","ui":"9477666","t":84.0,"r":83.0,"q":31.12,"p":7.5E8,"mot":"U","mo":83.0},{"cn":"","ui":"","t":0.0,"r":0.0,"q":0.0,"p":0.0,"mot":"L","mo":0.0}]},{"d":"14.03.2022","r":80.0,"q":31.12,"p":7.5E8,"s":[{"cn":"Глобальные инвестиции","ui":"9477666","t":81.0,"r":80.0,"q":31.12,"p":7.5E8,"mot":"U","mo":80.0},{"cn":"","ui":"","t":0.0,"r":0.0,"q":0.0,"p":0.0,"mot":"L","mo":0.0}]},{"d":"15.03.2022","r":79.0,"q":31.12,"p":7.5E8,"s":[{"cn":"Глобальные инвестиции","ui":"9477666","t":80.0,"r":79.0,"q":31.12,"p":7.5E8,"mot":"U","mo":79.0},{"cn":"","ui":"","t":0.0,"r":0.0,"q":0.0,"p":0.0,"mot":"L","mo":0.0}]},{"d":"16.03.2022","r":78.0,"q":31.12,"p":7.5E8,"s":[{"cn":"Глобальные инвестиции","ui":"9477666","t":79.0,"r":78.0,"q":31.12,"p":7.5E8,"mot":"U","mo":78.0},{"cn":"","ui":"","t":0.0,"r":0.0,"q":0.0,"p":0.0,"mot":"L","mo":0.0}]},{"d":"17.03.2022","r":77.0,"q":31.12,"p":7.5E8,"s":[{"cn":"Глобальные инвестиции","ui":"9477666","t":78.0,"r":77.0,"q":31.12,"p":7.5E8,"mot":"U","mo":77.0},{"cn":"","ui":"","t":0.0,"r":0.0,"q":0.0,"p":0.0,"mot":"L","mo":0.0}]},{"d":"18.03.2022","r":76.0,"q":31.12,"p":7.5E8,"s":[{"cn":"Глобальные инвестиции","ui":"9477666","t":77.0,"r":76.0,"q":31.12,"p":7.5E8,"mot":"U","mo":76.0},{"cn":"","ui":"","t":0.0,"r":0.0,"q":0.0,"p":0.0,"mot":"L","mo":0.0}]},{"d":"21.03.2022","r":73.0,"q":31.12,"p":7.55E8,"s":[{"cn":"Глобальные инвестиции","ui":"9477666","t":74.0,"r":73.0,"q":31.12,"p":7.55E8,"mot":"U","mo":73.0},{"cn":"","ui":"","t":0.0,"r":0.0,"q":0.0,"p":0.0,"mot":"L","mo":0.0}]},{"d":"22.03.2022","r":72.0,"q":31.12,"p":7.55E8,"s":[{"cn":"Глобальные инвестиции","ui":"9477666","t":73.0,"r":72.0,"q":31.12,"p":7.55E8,"mot":"U","mo":72.0},{"cn":"","ui":"","t":0.0,"r":0.0,"q":0.0,"p":0.0,"mot":"L","mo":0.0}]},{"d":"23.03.2022","r":71.0,"q":31.12,"p":7.6E8,"s":[{"cn":"Глобальные инвестиции","ui":"9477666","t":72.0,"r":71.0,"q":31.12,"p":7.6E8,"mot":"U","mo":71.0},{"cn":"","ui":"","t":0.0,"r":0.0,"q":0.0,"p":0.0,"mot":"L","mo":0.0}]},{"d":"24.03.2022","r":70.0,"q":31.12,"p":7.6E8,"s":[{"cn":"Глобальные инвестиции","ui":"9477666","t":71.0,"r":70.0,"q":31.12,"p":7.6E8,"mot":"U","mo":70.0},{"cn":"","ui":"","t":0.0,"r":0.0,"q":0.0,"p":0.0,"mot":"L","mo":0.0}]},{"d":"25.03.2022","r":69.0,"q":31.12,"p":7.6E8,"s":[{"cn":"Глобальные инвестиции","ui":"9477666","t":70.0,"r":69.0,"q":31.12,"p":7.6E8,"mot":"U","mo":69.0},{"cn":"","ui":"","t":0.0,"r":0.0,"q":0.0,"p":0.0,"mot":"L","mo":0.0}]},{"d":"28.03.2022","r":66.0,"q":31.12,"p":7.6E8,"s":[{"cn":"Глобальные инвестиции","ui":"9477666","t":67.0,"r":66.0,"q":31.12,"p":7.6E8,"mot":"U","mo":66.0},{"cn":"","ui":"","t":0.0,"r":0.0,"q":0.0,"p":0.0,"mot":"L","mo":0.0}]},{"d":"29.03.2022","r":66.0,"q":31.12,"p":7.6E8,"s":[{"cn":"Глобальные инвестиции","ui":"9477666","t":66.0,"r":66.0,"q":31.12,"p":7.6E8,"mot":"U","mo":66.0},{"cn":"","ui":"","t":0.0,"r":0.0,"q":0.0,"p":0.0,"mot":"L","mo":0.0}]},{"d":"27.06.2022","r":28.0,"q":31.12,"p":7.6E8,"s":[{"cn":"Глобальные инвестиции","ui":"9477666","t":28.0,"r":28.0,"q":31.12,"p":7.6E8,"mot":"U","mo":28.0},{"cn":"","ui":"","t":0.0,"r":0.0,"q":0.0,"p":0.0,"mot":"L","mo":0.0}]},{"d":"01.08.2022","r":21.0,"q":31.12,"p":7.6E8,"s":[{"cn":"Глобальные инвестиции","ui":"9477666","t":28.0,"r":21.0,"q":31.12,"p":7.6E8,"mot":"U","mo":21.0},{"cn":"","ui":"","t":0.0,"r":0.0,"q":0.0,"p":0.0,"mot":"L","mo":0.0}]},{"d":"05.08.2022","r":1.0,"q":28.34,"p":7.0E8,"s":[{"cn":"Amtriz Co","ui":"5108955","t":1.0,"r":1.0,"q":28.34,"p":7.0E8,"mot":"U","mo":1.0},{"cn":"","ui":"","t":0.0,"r":0.0,"q":0.0,"p":0.0,"mot":"L","mo":0.0}]},{"d":"09.08.2022","r":1.0,"q":28.34,"p":6.0E8,"s":[{"cn":"Amtriz Co","ui":"5108955","t":1.0,"r":1.0,"q":28.34,"p":6.0E8,"mot":"U","mo":1.0},{"cn":"","ui":"","t":0.0,"r":0.0,"q":0.0,"p":0.0,"mot":"L","mo":0.0}]},{"d":"11.08.2022","r":1.0,"q":28.34,"p":5.0E8,"s":[{"cn":"Amtriz Co","ui":"5108955","t":1.0,"r":1.0,"q":28.34,"p":5.0E8,"mot":"U","mo":1.0},{"cn":"","ui":"","t":0.0,"r":0.0,"q":0.0,"p":0.0,"mot":"L","mo":0.0}]},{"d":"15.08.2022","r":1.0,"q":28.34,"p":4.0E8,"s":[{"cn":"Amtriz Co","ui":"5108955","t":1.0,"r":1.0,"q":28.34,"p":4.0E8,"mot":"U","mo":1.0},{"cn":"","ui":"","t":0.0,"r":0.0,"q":0.0,"p":0.0,"mot":"L","mo":0.0}]},{"d":"16.08.2022","r":1.0,"q":28.34,"p":3.0E8,"s":[{"cn":"Amtriz Co","ui":"5108955","t":1.0,"r":1.0,"q":28.34,"p":3.0E8,"mot":"U","mo":1.0},{"cn":"","ui":"","t":0.0,"r":0.0,"q":0.0,"p":0.0,"mot":"L","mo":0.0}]},{"d":"17.08.2022","r":1.0,"q":28.34,"p":2.0E8,"s":[{"cn":"Amtriz Co","ui":"5108955","t":1.0,"r":1.0,"q":28.34,"p":2.0E8,"mot":"U","mo":1.0},{"cn":"","ui":"","t":0.0,"r":0.0,"q":0.0,"p":0.0,"mot":"L","mo":0.0}]},{"d":"19.08.2022","r":21.0,"q":31.12,"p":7.6E8,"s":[{"cn":"Глобальные инвестиции","ui":"9477666","t":21.0,"r":21.0,"q":31.12,"p":7.6E8,"mot":"U","mo":21.0},{"cn":"","ui":"","t":0.0,"r":0.0,"q":0.0,"p":0.0,"mot":"L","mo":0.0}]},{"d":"23.08.2022","r":20.0,"q":31.12,"p":7.6E8,"s":[{"cn":"Глобальные инвестиции","ui":"9477666","t":21.0,"r":20.0,"q":31.12,"p":7.6E8,"mot":"U","mo":20.0},{"cn":"","ui":"","t":0.0,"r":0.0,"q":0.0,"p":0.0,"mot":"L","mo":0.0}]},{"d":"24.08.2022","r":13.0,"q":31.12,"p":7.6E8,"s":[{"cn":"Глобальные инвестиции","ui":"9477666","t":20.0,"r":13.0,"q":31.12,"p":7.6E8,"mot":"U","mo":13.0},{"cn":"","ui":"","t":0.0,"r":0.0,"q":0.0,"p":0.0,"mot":"L","mo":0.0}]},{"d":"25.08.2022","r":6.0,"q":31.12,"p":7.6E8,"s":[{"cn":"Глобальные инвестиции","ui":"9477666","t":13.0,"r":6.0,"q":31.12,"p":7.6E8,"mot":"U","mo":6.0},{"cn":"","ui":"","t":0.0,"r":0.0,"q":0.0,"p":0.0,"mot":"L","mo":0.0}]},{"d":"30.08.2022","r":59.0,"q":33.81,"p":1.5E7,"s":[{"cn":"Multy_Vitamin Трейд","ui":"5568025","t":59.0,"r":59.0,"q":33.81,"p":1.5E7,"mot":"U","mo":59.0},{"cn":"","ui":"","t":0.0,"r":0.0,"q":0.0,"p":0.0,"mot":"L","mo":0.0}]}]