[{"d":"01.02.2019","r":136993.0,"q":12.78,"p":5000.0,"s":[{"cn":"Манарх Инвест","ui":"7900060","t":136993.0,"r":136993.0,"q":12.78,"p":5000.0,"mot":"U","mo":136993.0},{"cn":"","ui":"","t":0.0,"r":0.0,"q":0.0,"p":0.0,"mot":"L","mo":0.0}]},{"d":"04.02.2019","r":147518.0,"q":12.79,"p":5000.0,"s":[{"cn":"Манарх Инвест","ui":"7900060","t":147518.0,"r":147518.0,"q":12.79,"p":5000.0,"mot":"U","mo":147518.0},{"cn":"","ui":"","t":0.0,"r":0.0,"q":0.0,"p":0.0,"mot":"L","mo":0.0}]},{"d":"05.02.2019","r":151028.0,"q":12.8,"p":5000.0,"s":[{"cn":"Манарх Инвест","ui":"7900060","t":151028.0,"r":151028.0,"q":12.8,"p":5000.0,"mot":"U","mo":151028.0},{"cn":"","ui":"","t":0.0,"r":0.0,"q":0.0,"p":0.0,"mot":"L","mo":0.0}]},{"d":"06.02.2019","r":154538.0,"q":12.8,"p":5000.0,"s":[{"cn":"Манарх Инвест","ui":"7900060","t":154538.0,"r":154538.0,"q":12.8,"p":5000.0,"mot":"U","mo":154538.0},{"cn":"","ui":"","t":0.0,"r":0.0,"q":0.0,"p":0.0,"mot":"L","mo":0.0}]},{"d":"07.02.2019","r":158048.0,"q":12.81,"p":5000.0,"s":[{"cn":"Манарх Инвест","ui":"7900060","t":158048.0,"r":158048.0,"q":12.81,"p":5000.0,"mot":"U","mo":158048.0},{"cn":"","ui":"","t":0.0,"r":0.0,"q":0.0,"p":0.0,"mot":"L","mo":0.0}]},{"d":"08.02.2019","r":161558.0,"q":12.81,"p":5000.0,"s":[{"cn":"Манарх Инвест","ui":"7900060","t":161558.0,"r":161558.0,"q":12.81,"p":5000.0,"mot":"U","mo":161558.0},{"cn":"","ui":"","t":0.0,"r":0.0,"q":0.0,"p":0.0,"mot":"L","mo":0.0}]}]