[{"pi":"422434","pc":"Бакалея","ss":100000,"td":"Центр города","dc":4,"n":301.71,"vc":"46555","sl":"Элитный","sv":"11000","p":400.0,"q":54.33,"b":0.0,"ms":1.27,"wi":55.12,"ei":8.36,"as":411.86,"mi":"E","mv":866961,"sc":1,"lpe":98.73,"lpr":570.93,"lq":1.0,"d":1271530},{"pi":"422434","pc":"Бакалея","ss":10000,"td":"Центр города","dc":2,"n":280.13,"vc":"5323","sl":"Элитный","sv":"500","p":519.0,"q":20.34,"b":0.0,"ms":0.93,"wi":21.86,"ei":7.84,"as":163.23,"mi":"E","mv":53542,"sc":1,"lpe":99.07,"lpr":326.63,"lq":1.0,"d":338687},{"pi":"422434","pc":"Бакалея","ss":10000,"td":"Центр города","dc":2,"n":239.88,"vc":"5014","sl":"Элитный","sv":"500","p":729.0,"q":20.34,"b":0.0,"ms":0.19,"wi":38.33,"ei":9.07,"as":212.54,"mi":"E","mv":258111,"sc":1,"lpe":99.81,"lpr":294.9,"lq":1.0,"d":620800},{"pi":"422434","pc":"Бакалея","ss":20000,"td":"Центр города","dc":2,"n":185.19,"vc":"7007","sl":"Элитный","sv":"500","p":999.0,"q":20.33,"b":0.0,"ms":0.07,"wi":66.51,"ei":8.76,"as":347.78,"mi":"E","mv":695538,"sc":1,"lpe":99.93,"lpr":482.27,"lq":1.0,"d":1784134},{"pi":"422434","pc":"Бакалея","ss":100000,"td":"Центр города","dc":2,"n":314.93,"vc":"45967","sl":"Элитный","sv":"40000","p":500.0,"q":54.33,"b":0.0,"ms":7.69,"wi":65.36,"ei":8.06,"as":531.88,"mi":"E","mv":520252,"sc":1,"lpe":92.31,"lpr":198.15,"lq":1.0,"d":852721},{"pi":"422434","pc":"Бакалея","ss":10000,"td":"Центр города","dc":2,"n":325.71,"vc":"5678","sl":"Элитный","sv":"1000","p":299.0,"q":20.33,"b":0.0,"ms":3.59,"wi":29.41,"ei":8.73,"as":368.21,"mi":"E","mv":27893,"sc":1,"lpe":96.41,"lpr":509.9,"lq":1.0,"d":177578},{"pi":"422434","pc":"Бакалея","ss":10000,"td":"Центр города","dc":2,"n":268.9,"vc":"5206","sl":"Элитный","sv":"300","p":449.0,"q":20.33,"b":0.0,"ms":0.12,"wi":62.27,"ei":13.35,"as":674.99,"mi":"E","mv":247880,"sc":1,"lpe":99.88,"lpr":783.08,"lq":1.0,"d":374441},{"pi":"422434","pc":"Бакалея","ss":10000,"td":"Центр города","dc":2,"n":302.36,"vc":"5473","sl":"Элитный","sv":"2000","p":419.0,"q":20.33,"b":0.0,"ms":1.5,"wi":46.49,"ei":9.42,"as":383.85,"mi":"E","mv":133101,"sc":1,"lpe":98.5,"lpr":531.76,"lq":1.0,"d":223434},{"pi":"422434","pc":"Бакалея","ss":10000,"td":"Центр города","dc":2,"n":310.49,"vc":"5529","sl":"Элитный","sv":"2000","p":299.0,"q":20.33,"b":0.0,"ms":5.71,"wi":32.64,"ei":8.61,"as":475.98,"mi":"E","mv":35009,"sc":1,"lpe":94.29,"lpr":656.04,"lq":1.0,"d":352871},{"pi":"422434","pc":"Бакалея","ss":10000,"td":"Центр города","dc":2,"n":309.59,"vc":"5520","sl":"Элитный","sv":"500","p":639.0,"q":20.33,"b":0.0,"ms":0.77,"wi":32.45,"ei":9.19,"as":353.09,"mi":"E","mv":64772,"sc":1,"lpe":99.23,"lpr":488.96,"lq":1.0,"d":258999},{"pi":"422434","pc":"Бакалея","ss":300000,"td":"Центр города","dc":7,"n":368.57,"vc":"375303","sl":"Очень высокий","sv":"300000","p":300.0,"q":54.33,"b":0.0,"ms":6.04,"wi":50.66,"ei":10.64,"as":327.0,"mi":"E","mv":4965479,"sc":1,"lpe":93.96,"lpr":301.56,"lq":1.0,"d":7537390},{"pi":"422434","pc":"Бакалея","ss":10000,"td":"Центр города","dc":2,"n":174.84,"vc":"4844","sl":"Элитный","sv":"500","p":949.0,"q":20.34,"b":0.0,"ms":0.07,"wi":39.13,"ei":9.11,"as":204.86,"mi":"E","mv":724547,"sc":1,"lpe":99.93,"lpr":301.37,"lq":1.0,"d":2224560},{"pi":"422434","pc":"Бакалея","ss":10000,"td":"Центр города","dc":2,"n":311.12,"vc":"5535","sl":"Элитный","sv":"500","p":619.0,"q":20.33,"b":0.0,"ms":0.37,"wi":24.79,"ei":5.22,"as":302.26,"mi":"E","mv":136593,"sc":1,"lpe":99.63,"lpr":208.57,"lq":1.0,"d":182800},{"pi":"422434","pc":"Бакалея","ss":10000,"td":"Центр города","dc":2,"n":308.67,"vc":"5512","sl":"Элитный","sv":"2000","p":289.0,"q":20.33,"b":0.0,"ms":1.81,"wi":32.98,"ei":4.6,"as":270.25,"mi":"E","mv":110393,"sc":1,"lpe":98.19,"lpr":228.65,"lq":1.0,"d":190258},{"pi":"422434","pc":"Бакалея","ss":10000,"td":"Центр города","dc":2,"n":364.63,"vc":"6180","sl":"Высокий","sv":"2000","p":299.0,"q":20.33,"b":0.0,"ms":21.7,"wi":15.77,"ei":5.63,"as":304.95,"mi":"E","mv":9215,"sc":1,"lpe":78.3,"lpr":422.35,"lq":1.87,"d":95245},{"pi":"422434","pc":"Бакалея","ss":10000,"td":"Центр города","dc":2,"n":289.61,"vc":"5364","sl":"Элитный","sv":"500","p":799.0,"q":20.33,"b":0.0,"ms":0.4,"wi":43.59,"ei":7.31,"as":476.27,"mi":"E","mv":124115,"sc":1,"lpe":99.6,"lpr":660.23,"lq":1.0,"d":263256},{"pi":"422434","pc":"Бакалея","ss":300000,"td":"Фешенебельный район","dc":4,"n":474.38,"vc":"152404","sl":"Элитный","sv":"8147","p":1342.86,"q":48.93,"b":0.0,"ms":0.17,"wi":62.0,"ei":7.93,"as":546.66,"mi":"E","mv":4702695,"sc":1,"lpe":99.83,"lpr":757.64,"lq":1.0,"d":7101416},{"pi":"422434","pc":"Бакалея","ss":10000,"td":"Центр города","dc":2,"n":250.37,"vc":"5088","sl":"Элитный","sv":"2000","p":499.0,"q":20.33,"b":0.0,"ms":0.67,"wi":60.54,"ei":6.77,"as":450.24,"mi":"E","mv":296694,"sc":1,"lpe":99.33,"lpr":624.19,"lq":1.0,"d":518786},{"pi":"422434","pc":"Бакалея","ss":10000,"td":"Центр города","dc":2,"n":249.21,"vc":"5081","sl":"Элитный","sv":"500","p":699.0,"q":20.33,"b":0.0,"ms":0.21,"wi":48.51,"ei":15.71,"as":380.15,"mi":"E","mv":238197,"sc":1,"lpe":99.79,"lpr":526.63,"lq":1.0,"d":545196},{"pi":"422434","pc":"Бакалея","ss":10000,"td":"Центр города","dc":2,"n":219.38,"vc":"4940","sl":"Элитный","sv":"500","p":699.0,"q":20.33,"b":0.09,"ms":0.12,"wi":56.24,"ei":7.07,"as":380.48,"mi":"E","mv":430234,"sc":1,"lpe":99.88,"lpr":527.56,"lq":1.0,"d":917721},{"pi":"422434","pc":"Бакалея","ss":10000,"td":"Центр города","dc":2,"n":255.1,"vc":"5116","sl":"Элитный","sv":"500","p":699.0,"q":20.33,"b":0.0,"ms":0.2,"wi":53.32,"ei":6.45,"as":372.85,"mi":"E","mv":249429,"sc":1,"lpe":99.8,"lpr":517.0,"lq":1.0,"d":476878},{"pi":"422434","pc":"Бакалея","ss":100000,"td":"Центр города","dc":1,"n":453.6,"vc":"182376","sl":"Элитный","sv":"1900","p":106.0,"q":19.73,"b":1.31,"ms":8.57,"wi":17.71,"ei":7.81,"as":93.95,"mi":"E","mv":22178,"sc":1,"lpe":91.43,"lpr":1078.97,"lq":1.0,"d":969146},{"pi":"422434","pc":"Бакалея","ss":100,"td":"Окраина","dc":6,"n":66.23,"vc":"41","sl":"Очень низкий","sv":"7","p":220.0,"q":19.51,"b":0.0,"ms":0.01,"wi":23.61,"ei":6.08,"as":148.48,"mi":"E","mv":117696,"sc":1,"lpe":99.99,"lpr":206.11,"lq":1.0,"d":360370},{"pi":"422434","pc":"Бакалея","ss":100,"td":"Окраина","dc":10,"n":68.69,"vc":"141","sl":"Очень низкий","sv":"114","p":150.0,"q":19.54,"b":0.0,"ms":0.02,"wi":15.97,"ei":4.53,"as":106.12,"mi":"E","mv":741730,"sc":1,"lpe":99.98,"lpr":147.38,"lq":1.0,"d":3754938},{"pi":"422434","pc":"Бакалея","ss":100000,"td":"Фешенебельный район","dc":1,"n":488.68,"vc":"137228","sl":"Элитный","sv":"216074","p":1500.0,"q":65.3,"b":0.0,"ms":5.04,"wi":166.72,"ei":9.88,"as":2625.25,"mi":"E","mv":4291036,"sc":1,"lpe":94.96,"lpr":1093.85,"lq":1.0,"d":11635600},{"pi":"422434","pc":"Бакалея","ss":10000,"td":"Центр города","dc":2,"n":160.23,"vc":"4863","sl":"Элитный","sv":"500","p":1599.0,"q":20.34,"b":0.0,"ms":0.05,"wi":62.14,"ei":7.68,"as":426.52,"mi":"E","mv":1012312,"sc":1,"lpe":99.95,"lpr":591.28,"lq":1.0,"d":3062821},{"pi":"422434","pc":"Бакалея","ss":100000,"td":"Центр города","dc":5,"n":241.82,"vc":"35151","sl":"Элитный","sv":"142000","p":450.0,"q":54.33,"b":0.0,"ms":7.05,"wi":60.31,"ei":7.67,"as":446.7,"mi":"E","mv":2013798,"sc":1,"lpe":92.95,"lpr":287.43,"lq":1.0,"d":2952988},{"pi":"422434","pc":"Бакалея","ss":10000,"td":"Центр города","dc":2,"n":245.06,"vc":"5084","sl":"Элитный","sv":"500","p":599.0,"q":20.34,"b":0.0,"ms":0.16,"wi":39.18,"ei":7.04,"as":341.21,"mi":"E","mv":321988,"sc":1,"lpe":99.84,"lpr":473.07,"lq":1.0,"d":579186},{"pi":"422434","pc":"Бакалея","ss":10000,"td":"Центр города","dc":2,"n":265.13,"vc":"5175","sl":"Элитный","sv":"500","p":529.0,"q":20.34,"b":0.0,"ms":1.16,"wi":25.39,"ei":7.39,"as":309.33,"mi":"E","mv":43201,"sc":1,"lpe":98.84,"lpr":428.85,"lq":1.0,"d":398700},{"pi":"422434","pc":"Бакалея","ss":100000,"td":"Центр города","dc":3,"n":286.76,"vc":"41200","sl":"Элитный","sv":"70000","p":500.0,"q":54.33,"b":0.0,"ms":7.94,"wi":109.66,"ei":9.0,"as":663.67,"mi":"E","mv":881727,"sc":1,"lpe":92.06,"lpr":482.92,"lq":1.0,"d":1352330},{"pi":"422434","pc":"Бакалея","ss":10000,"td":"Центр города","dc":1,"n":198.62,"vc":"5448","sl":"Элитный","sv":"500","p":1320.0,"q":19.73,"b":0.0,"ms":0.04,"wi":67.13,"ei":8.56,"as":483.67,"mi":"E","mv":1166571,"sc":1,"lpe":99.96,"lpr":670.48,"lq":1.0,"d":1883126},{"pi":"422434","pc":"Бакалея","ss":10000,"td":"Центр города","dc":1,"n":383.79,"vc":"11165","sl":"Элитный","sv":"25000","p":300.0,"q":54.33,"b":3.51,"ms":11.41,"wi":29.66,"ei":7.86,"as":403.0,"mi":"E","mv":219143,"sc":1,"lpe":88.59,"lpr":107.86,"lq":1.09,"d":520217},{"pi":"422434","pc":"Бакалея","ss":300000,"td":"Фешенебельный район","dc":9,"n":497.37,"vc":"140384","sl":"Элитный","sv":"17","p":15588.19,"q":49.32,"b":0.0,"ms":0.01,"wi":171.48,"ei":10.04,"as":2283.46,"mi":"E","mv":175275,"sc":1,"lpe":99.99,"lpr":3163.54,"lq":1.0,"d":2986744},{"pi":"422434","pc":"Бакалея","ss":300000,"td":"Фешенебельный район","dc":10,"n":536.81,"vc":"181132","sl":"Очень высокий","sv":"876","p":4517.72,"q":49.51,"b":0.0,"ms":0.09,"wi":125.88,"ei":10.29,"as":1744.48,"mi":"E","mv":1000996,"sc":1,"lpe":99.91,"lpr":1105.48,"lq":1.0,"d":2094907},{"pi":"422434","pc":"Бакалея","ss":100000,"td":"Центр города","dc":3,"n":268.77,"vc":"38586","sl":"Элитный","sv":"5000","p":800.0,"q":54.33,"b":0.0,"ms":0.79,"wi":172.43,"ei":9.83,"as":2165.58,"mi":"E","mv":629636,"sc":1,"lpe":99.21,"lpr":976.13,"lq":1.0,"d":1838430},{"pi":"422434","pc":"Бакалея","ss":100000,"td":"Центр города","dc":1,"n":471.94,"vc":"198677","sl":"Элитный","sv":"1900","p":262.0,"q":19.73,"b":0.0,"ms":5.12,"wi":59.42,"ei":8.65,"as":472.08,"mi":"E","mv":37134,"sc":1,"lpe":94.88,"lpr":3371.04,"lq":1.0,"d":747777},{"pi":"422434","pc":"Бакалея","ss":100000,"td":"Центр города","dc":1,"n":452.3,"vc":"181219","sl":"Элитный","sv":"1700","p":294.0,"q":19.73,"b":0.0,"ms":1.04,"wi":81.87,"ei":13.22,"as":341.21,"mi":"E","mv":163347,"sc":1,"lpe":98.96,"lpr":1484.11,"lq":1.0,"d":986148},{"pi":"422434","pc":"Бакалея","ss":100000,"td":"Центр города","dc":1,"n":434.64,"vc":"167050","sl":"Элитный","sv":"7000","p":327.0,"q":19.73,"b":0.59,"ms":6.98,"wi":62.59,"ei":7.65,"as":519.76,"mi":"E","mv":100271,"sc":1,"lpe":93.02,"lpr":2121.73,"lq":1.0,"d":1269608},{"pi":"422434","pc":"Бакалея","ss":100000,"td":"Фешенебельный район","dc":2,"n":430.76,"vc":"23443","sl":"Элитный","sv":"30000","p":500.0,"q":54.33,"b":0.0,"ms":8.22,"wi":149.8,"ei":10.5,"as":2028.6,"mi":"E","mv":364758,"sc":1,"lpe":91.78,"lpr":292.82,"lq":1.0,"d":1167470},{"pi":"422434","pc":"Бакалея","ss":10000,"td":"Центр города","dc":2,"n":332.3,"vc":"5766","sl":"Элитный","sv":"500","p":699.0,"q":20.33,"b":0.0,"ms":0.65,"wi":34.18,"ei":9.16,"as":412.47,"mi":"E","mv":76383,"sc":1,"lpe":99.35,"lpr":567.83,"lq":1.0,"d":131326},{"pi":"422434","pc":"Бакалея","ss":100000,"td":"Центр города","dc":1,"n":262.49,"vc":"37243","sl":"Элитный","sv":"890","p":490.0,"q":19.73,"b":0.0,"ms":0.18,"wi":24.79,"ei":9.26,"as":119.81,"mi":"E","mv":507964,"sc":1,"lpe":99.82,"lpr":226.94,"lq":1.0,"d":1974278},{"pi":"422434","pc":"Бакалея","ss":100000,"td":"Центр города","dc":4,"n":338.13,"vc":"104416","sl":"Элитный","sv":"342957","p":400.0,"q":54.33,"b":0.0,"ms":10.7,"wi":51.27,"ei":6.64,"as":370.86,"mi":"E","mv":3204554,"sc":1,"lpe":89.3,"lpr":302.22,"lq":1.22,"d":4700000},{"pi":"422434","pc":"Бакалея","ss":100000,"td":"Центр города","dc":1,"n":487.14,"vc":"213514","sl":"Элитный","sv":"2600","p":306.0,"q":19.73,"b":0.0,"ms":7.35,"wi":63.23,"ei":7.28,"as":458.84,"mi":"E","mv":35357,"sc":1,"lpe":92.65,"lpr":2857.37,"lq":1.0,"d":605030},{"pi":"422434","pc":"Бакалея","ss":10000,"td":"Центр города","dc":1,"n":214.17,"vc":"4022","sl":"Элитный","sv":"240","p":1130.0,"q":19.73,"b":0.0,"ms":0.06,"wi":46.07,"ei":7.56,"as":306.73,"mi":"E","mv":388393,"sc":1,"lpe":99.94,"lpr":425.37,"lq":1.0,"d":569631},{"pi":"422434","pc":"Бакалея","ss":100000,"td":"Центр города","dc":1,"n":423.88,"vc":"527991","sl":"Очень высокий","sv":"62547","p":7000.0,"q":60.26,"b":0.0,"ms":30.0,"wi":35.98,"ei":8.28,"as":251.65,"mi":"E","mv":208492,"sc":2,"lpe":68.71,"lpr":3599.56,"lq":4.42,"d":14352508},{"pi":"422434","pc":"Бакалея","ss":100000,"td":"Центр города","dc":1,"n":275.93,"vc":"84860","sl":"Элитный","sv":"2700","p":202.0,"q":19.73,"b":0.04,"ms":1.3,"wi":35.98,"ei":8.28,"as":251.65,"mi":"E","mv":208492,"sc":2,"lpe":68.71,"lpr":3599.56,"lq":4.42,"d":14352508},{"pi":"422434","pc":"Бакалея","ss":100000,"td":"Центр города","dc":2,"n":463.68,"vc":"402736","sl":"Очень высокий","sv":"34718","p":175.0,"q":71.47,"b":1.18,"ms":24.63,"wi":11.57,"ei":3.97,"as":105.73,"mi":"E","mv":140959,"sc":1,"lpe":75.37,"lpr":57.72,"lq":1.01,"d":6381918},{"pi":"422434","pc":"Бакалея","ss":10000,"td":"Центр города","dc":1,"n":273.11,"vc":"13248","sl":"Элитный","sv":"1320","p":481.0,"q":19.73,"b":0.13,"ms":0.13,"wi":39.97,"ei":9.19,"as":127.29,"mi":"E","mv":1002148,"sc":1,"lpe":99.87,"lpr":528.8,"lq":1.0,"d":4940408},{"pi":"422434","pc":"Бакалея","ss":100000,"td":"Центр города","dc":1,"n":367.69,"vc":"124142","sl":"Элитный","sv":"1800","p":150.0,"q":19.73,"b":0.13,"ms":2.02,"wi":29.93,"ei":6.58,"as":133.91,"mi":"E","mv":88894,"sc":1,"lpe":97.98,"lpr":2355.79,"lq":1.0,"d":3420282},{"pi":"422434","pc":"Бакалея","ss":20000,"td":"Центр города","dc":2,"n":195.43,"vc":"6849","sl":"Элитный","sv":"500","p":579.0,"q":20.15,"b":0.0,"ms":0.06,"wi":94.35,"ei":19.67,"as":208.3,"mi":"E","mv":776164,"sc":1,"lpe":99.94,"lpr":556.8,"lq":1.0,"d":1322290},{"pi":"422434","pc":"Бакалея","ss":10000,"td":"Центр города","dc":2,"n":272.36,"vc":"5216","sl":"Элитный","sv":"1000","p":1169.0,"q":20.15,"b":0.0,"ms":0.42,"wi":69.66,"ei":6.22,"as":447.98,"mi":"E","mv":238645,"sc":1,"lpe":99.58,"lpr":621.05,"lq":1.0,"d":350000},{"pi":"422434","pc":"Бакалея","ss":10000,"td":"Центр города","dc":2,"n":241.64,"vc":"5019","sl":"Элитный","sv":"1000","p":1499.0,"q":20.15,"b":0.0,"ms":0.28,"wi":80.34,"ei":6.51,"as":470.38,"mi":"E","mv":359006,"sc":1,"lpe":99.72,"lpr":652.09,"lq":1.0,"d":600000}]