[{"pi":"424205","pc":"Бакалея","ss":30000,"td":"Центр города","dc":1,"n":413.76,"vc":"62504","sl":"Элитный","sv":"333","p":2170.0,"q":17.4,"b":0.0,"ms":0.22,"wi":19.05,"ei":5.34,"as":341.56,"mi":"E","mv":148701,"sc":1,"lpe":99.78,"lpr":550.78,"lq":1.0,"d":2069626},{"pi":"424205","pc":"Бакалея","ss":100000,"td":"Центр города","dc":1,"n":289.51,"vc":"91349","sl":"Элитный","sv":"30000","p":4000.0,"q":14.47,"b":2.36,"ms":4.13,"wi":21.09,"ei":5.96,"as":107.95,"mi":"E","mv":726646,"sc":1,"lpe":95.87,"lpr":1722.14,"lq":1.0,"d":12197086},{"pi":"424205","pc":"Бакалея","ss":10000,"td":"Центр города","dc":1,"n":417.52,"vc":"25258","sl":"Элитный","sv":"1000","p":2000.0,"q":17.4,"b":0.0,"ms":1.1,"wi":16.28,"ei":5.63,"as":227.31,"mi":"E","mv":91183,"sc":1,"lpe":98.9,"lpr":549.51,"lq":1.0,"d":1476711},{"pi":"424205","pc":"Бакалея","ss":13000,"td":"Центр города","dc":1,"n":447.11,"vc":"48777","sl":"Очень высокий","sv":"5","p":9521.25,"q":7.5,"b":0.0,"ms":0.01,"wi":53.24,"ei":7.46,"as":830.0,"mi":"E","mv":65943,"sc":1,"lpe":99.99,"lpr":2909.01,"lq":1.0,"d":923206},{"pi":"424205","pc":"Бакалея","ss":123900,"td":"Спальный район","dc":2,"n":354.86,"vc":"116770","sl":"Элитный","sv":"440","p":1000.0,"q":15.37,"b":0.0,"ms":0.23,"wi":16.35,"ei":7.5,"as":163.44,"mi":"E","mv":194281,"sc":1,"lpe":99.77,"lpr":551.6,"lq":1.0,"d":1866603},{"pi":"424205","pc":"Бакалея","ss":1000,"td":"Центр города","dc":1,"n":316.06,"vc":"3690","sl":"Высокий","sv":"3251","p":1575.0,"q":11.47,"b":1.97,"ms":3.14,"wi":52.06,"ei":6.11,"as":520.0,"mi":"E","mv":103667,"sc":1,"lpe":96.86,"lpr":1562.06,"lq":1.0,"d":978294},{"pi":"424205","pc":"Бакалея","ss":100000,"td":"Центр города","dc":1,"n":440.75,"vc":"216640","sl":"Элитный","sv":"500","p":3500.0,"q":17.4,"b":0.0,"ms":0.23,"wi":36.64,"ei":11.26,"as":482.57,"mi":"E","mv":213284,"sc":1,"lpe":99.77,"lpr":1877.3,"lq":1.0,"d":2255977},{"pi":"424205","pc":"Бакалея","ss":100000,"td":"Центр города","dc":1,"n":426.2,"vc":"125642","sl":"Элитный","sv":"1000","p":3000.0,"q":19.34,"b":0.0,"ms":1.32,"wi":21.09,"ei":7.3,"as":398.16,"mi":"E","mv":76036,"sc":1,"lpe":98.68,"lpr":1001.7,"lq":1.0,"d":820224},{"pi":"424205","pc":"Бакалея","ss":12000,"td":"Центр города","dc":1,"n":294.63,"vc":"16948","sl":"Элитный","sv":"45000","p":500.0,"q":13.54,"b":1.98,"ms":29.35,"wi":22.38,"ei":8.56,"as":364.75,"mi":"E","mv":153324,"sc":1,"lpe":70.65,"lpr":411.89,"lq":1.01,"d":1658627},{"pi":"424205","pc":"Бакалея","ss":110000,"td":"Фешенебельный район","dc":1,"n":595.83,"vc":"82785","sl":"Элитный","sv":"6","p":5500.0,"q":10.53,"b":0.0,"ms":0.02,"wi":32.14,"ei":8.54,"as":796.22,"mi":"E","mv":38948,"sc":1,"lpe":99.98,"lpr":1313.84,"lq":1.0,"d":788262},{"pi":"424205","pc":"Бакалея","ss":200000,"td":"Фешенебельный район","dc":2,"n":604.82,"vc":"278322","sl":"Элитный","sv":"100","p":9000.0,"q":17.33,"b":0.0,"ms":0.07,"wi":49.54,"ei":10.29,"as":760.4,"mi":"E","mv":141749,"sc":1,"lpe":99.93,"lpr":3314.95,"lq":1.0,"d":1419772},{"pi":"424205","pc":"Бакалея","ss":90000,"td":"Центр города","dc":2,"n":270.43,"vc":"80606","sl":"Элитный","sv":"5000","p":3300.0,"q":15.37,"b":0.0,"ms":0.91,"wi":54.32,"ei":11.9,"as":1548.35,"mi":"E","mv":551374,"sc":1,"lpe":99.09,"lpr":3005.05,"lq":1.0,"d":5522842},{"pi":"424205","pc":"Бакалея","ss":100000,"td":"Центр города","dc":2,"n":155.45,"vc":"36000","sl":"Элитный","sv":"3700","p":3000.0,"q":15.37,"b":0.0,"ms":0.36,"wi":51.68,"ei":9.19,"as":1176.8,"mi":"E","mv":1034459,"sc":1,"lpe":99.64,"lpr":2894.64,"lq":1.0,"d":10648221},{"pi":"424205","pc":"Бакалея","ss":50000,"td":"Фешенебельный район","dc":1,"n":434.39,"vc":"27742","sl":"Элитный","sv":"9487","p":4898.75,"q":14.18,"b":3.61,"ms":4.6,"wi":59.33,"ei":9.62,"as":1210.0,"mi":"E","mv":206380,"sc":1,"lpe":95.4,"lpr":3356.9,"lq":1.0,"d":2753006},{"pi":"424205","pc":"Бакалея","ss":30000,"td":"Центр города","dc":6,"n":623.34,"vc":"124322","sl":"Очень низкий","sv":"5917","p":240.0,"q":13.56,"b":3.01,"ms":100.0,"wi":5.97,"ei":5.0,"as":178.68,"mi":"AA","mv":5917,"sc":1,"lpe":0.0,"lpr":110.05,"lq":3.36,"d":269845},{"pi":"424205","pc":"Бакалея","ss":1000,"td":"Центр города","dc":1,"n":354.49,"vc":"3736","sl":"Высокий","sv":"10000","p":1000.0,"q":13.54,"b":3.43,"ms":17.3,"wi":47.6,"ei":6.53,"as":535.5,"mi":"E","mv":57808,"sc":1,"lpe":82.7,"lpr":1264.33,"lq":2.18,"d":545501},{"pi":"424205","pc":"Бакалея","ss":10000,"td":"Центр города","dc":1,"n":426.43,"vc":"25846","sl":"Элитный","sv":"5165","p":10000.0,"q":14.47,"b":2.48,"ms":7.93,"wi":57.59,"ei":9.91,"as":1400.0,"mi":"E","mv":65116,"sc":1,"lpe":92.07,"lpr":3956.43,"lq":1.0,"d":1306224},{"pi":"424205","pc":"Бакалея","ss":1000,"td":"Центр города","dc":1,"n":467.98,"vc":"3960","sl":"Высокий","sv":"100","p":200.0,"q":13.54,"b":1.36,"ms":0.89,"wi":27.7,"ei":5.76,"as":435.91,"mi":"E","mv":11193,"sc":1,"lpe":99.11,"lpr":144.67,"lq":1.0,"d":103516}]