[{"pi":"3870","pc":"Товары для дома","ss":100000,"td":"Центр города","dc":1,"n":673.29,"vc":"1332703","sl":"Нормальный","sv":"5794","p":13100.0,"q":8.21,"b":5.82,"ms":23.39,"wi":156.39,"ei":6.41,"as":2315.25,"mi":"E","mv":24768,"sc":1,"lpe":76.61,"lpr":4591.83,"lq":3.3,"d":680780},{"pi":"3870","pc":"Товары для дома","ss":100000,"td":"Фешенебельный район","dc":2,"n":594.86,"vc":"223700","sl":"Элитный","sv":"10000","p":8000.0,"q":7.05,"b":0.0,"ms":10.74,"wi":131.96,"ei":6.72,"as":1776.47,"mi":"E","mv":93086,"sc":3,"lpe":78.37,"lpr":3895.99,"lq":2.9,"d":2542506},{"pi":"3870","pc":"Товары для дома","ss":100000,"td":"Центр города","dc":2,"n":462.76,"vc":"418714","sl":"Высокий","sv":"7000","p":6500.0,"q":8.56,"b":2.41,"ms":7.52,"wi":131.96,"ei":6.72,"as":1776.47,"mi":"E","mv":93086,"sc":3,"lpe":78.37,"lpr":3895.99,"lq":2.9,"d":2542506},{"pi":"3870","pc":"Товары для дома","ss":100000,"td":"Центр города","dc":2,"n":439.86,"vc":"223975","sl":"Элитный","sv":"3139","p":4500.0,"q":7.05,"b":0.0,"ms":3.37,"wi":131.96,"ei":6.72,"as":1776.47,"mi":"E","mv":93086,"sc":3,"lpe":78.37,"lpr":3895.99,"lq":2.9,"d":2542506},{"pi":"3870","pc":"Товары для дома","ss":1000,"td":"Спальный район","dc":1,"n":194.48,"vc":"1077","sl":"Элитный","sv":"4023","p":5500.0,"q":7.04,"b":0.0,"ms":6.89,"wi":115.61,"ei":6.91,"as":1461.51,"mi":"E","mv":58426,"sc":1,"lpe":93.11,"lpr":8027.7,"lq":1.0,"d":1489874},{"pi":"3870","pc":"Товары для дома","ss":17000,"td":"Центр города","dc":3,"n":311.66,"vc":"26378","sl":"Высокий","sv":"305","p":1400.0,"q":2.05,"b":0.0,"ms":0.15,"wi":31.13,"ei":3.43,"as":151.97,"mi":"E","mv":208385,"sc":1,"lpe":99.85,"lpr":1133.99,"lq":1.0,"d":5908898},{"pi":"3870","pc":"Товары для дома","ss":200000,"td":"Центр города","dc":3,"n":402.61,"vc":"627794","sl":"Высокий","sv":"12000","p":3400.0,"q":8.56,"b":1.2,"ms":4.35,"wi":27.86,"ei":3.43,"as":42.92,"mi":"E","mv":275696,"sc":1,"lpe":95.65,"lpr":1172.06,"lq":1.0,"d":9216794},{"pi":"3870","pc":"Товары для дома","ss":100000,"td":"Центр города","dc":3,"n":457.04,"vc":"266245","sl":"Низкий","sv":"55058","p":1900.0,"q":3.87,"b":3.8,"ms":50.66,"wi":81.91,"ei":8.82,"as":546.4,"mi":"D","mv":108681,"sc":4,"lpe":39.1,"lpr":2341.92,"lq":1.56,"d":2598727},{"pi":"3870","pc":"Товары для дома","ss":100000,"td":"Фешенебельный район","dc":2,"n":594.19,"vc":"223978","sl":"Элитный","sv":"10000","p":2350.0,"q":7.05,"b":0.0,"ms":9.2,"wi":81.91,"ei":8.82,"as":546.4,"mi":"D","mv":108681,"sc":4,"lpe":39.1,"lpr":2341.92,"lq":1.56,"d":2598727},{"pi":"3870","pc":"Товары для дома","ss":100000,"td":"Центр города","dc":1,"n":307.66,"vc":"63309","sl":"Очень высокий","sv":"1102","p":900.0,"q":4.74,"b":1.97,"ms":1.01,"wi":81.91,"ei":8.82,"as":546.4,"mi":"D","mv":108681,"sc":4,"lpe":39.1,"lpr":2341.92,"lq":1.56,"d":2598727},{"pi":"3870","pc":"Товары для дома","ss":100000,"td":"Центр города","dc":1,"n":439.87,"vc":"338596","sl":"Элитный","sv":"30","p":5800.0,"q":8.56,"b":2.3,"ms":0.03,"wi":81.91,"ei":8.82,"as":546.4,"mi":"D","mv":108681,"sc":4,"lpe":39.1,"lpr":2341.92,"lq":1.56,"d":2598727},{"pi":"3870","pc":"Товары для дома","ss":100,"td":"Центр города","dc":4,"n":1.37,"vc":"107","sl":"Очень низкий","sv":"2","p":835.0,"q":1.62,"b":0.0,"ms":0.0,"wi":21.71,"ei":9.2,"as":243.81,"mi":"E","mv":42285,"sc":1,"lpe":100.0,"lpr":835.21,"lq":1.0,"d":2418266},{"pi":"3870","pc":"Товары для дома","ss":8000,"td":"Центр города","dc":7,"n":245.14,"vc":"12354","sl":"Очень низкий","sv":"216","p":1480.0,"q":1.55,"b":0.0,"ms":0.2,"wi":44.53,"ei":12.04,"as":405.27,"mi":"E","mv":105873,"sc":2,"lpe":99.79,"lpr":1472.81,"lq":1.0,"d":3315370},{"pi":"3870","pc":"Товары для дома","ss":100,"td":"Центр города","dc":4,"n":0.88,"vc":"180","sl":"Очень низкий","sv":"3","p":1360.0,"q":1.62,"b":0.0,"ms":0.0,"wi":44.53,"ei":12.04,"as":405.27,"mi":"E","mv":105873,"sc":2,"lpe":99.79,"lpr":1472.81,"lq":1.0,"d":3315370},{"pi":"3870","pc":"Товары для дома","ss":600,"td":"Центр города","dc":1,"n":145.27,"vc":"850","sl":"Очень высокий","sv":"303","p":900.0,"q":1.59,"b":0.0,"ms":1.18,"wi":21.21,"ei":4.62,"as":206.96,"mi":"E","mv":25734,"sc":3,"lpe":98.76,"lpr":828.48,"lq":1.0,"d":1571900},{"pi":"3870","pc":"Товары для дома","ss":20000,"td":"Окраина","dc":10,"n":251.19,"vc":"10233","sl":"Очень низкий","sv":"13","p":1500.0,"q":2.05,"b":0.0,"ms":0.05,"wi":21.21,"ei":4.62,"as":206.96,"mi":"E","mv":25734,"sc":3,"lpe":98.76,"lpr":828.48,"lq":1.0,"d":1571900},{"pi":"3870","pc":"Товары для дома","ss":100,"td":"Центр города","dc":4,"n":2.1,"vc":"92","sl":"Очень низкий","sv":"2","p":820.0,"q":2.05,"b":0.0,"ms":0.01,"wi":21.21,"ei":4.62,"as":206.96,"mi":"E","mv":25734,"sc":3,"lpe":98.76,"lpr":828.48,"lq":1.0,"d":1571900},{"pi":"3870","pc":"Товары для дома","ss":100000,"td":"Центр города","dc":1,"n":496.36,"vc":"405114","sl":"Элитный","sv":"4000","p":5200.0,"q":8.56,"b":3.1,"ms":11.0,"wi":108.65,"ei":7.35,"as":1291.6,"mi":"E","mv":36350,"sc":1,"lpe":89.0,"lpr":1917.27,"lq":1.52,"d":1033752},{"pi":"3870","pc":"Товары для дома","ss":200000,"td":"Центр города","dc":2,"n":559.12,"vc":"1517842","sl":"Нормальный","sv":"2500","p":6400.0,"q":8.56,"b":3.1,"ms":5.21,"wi":109.29,"ei":6.7,"as":1597.06,"mi":"E","mv":48002,"sc":1,"lpe":94.79,"lpr":4080.52,"lq":1.0,"d":976806},{"pi":"3870","pc":"Товары для дома","ss":15200,"td":"Спальный район","dc":3,"n":241.88,"vc":"12538","sl":"Элитный","sv":"4038","p":2500.0,"q":1.56,"b":0.0,"ms":3.94,"wi":57.01,"ei":11.71,"as":410.0,"mi":"E","mv":102564,"sc":1,"lpe":96.06,"lpr":2928.44,"lq":1.0,"d":2912574},{"pi":"3870","pc":"Товары для дома","ss":1000,"td":"Спальный район","dc":7,"n":299.81,"vc":"800","sl":"Очень низкий","sv":"24","p":3000.0,"q":2.05,"b":0.0,"ms":0.53,"wi":77.49,"ei":6.62,"as":518.18,"mi":"E","mv":4529,"sc":1,"lpe":99.47,"lpr":3827.67,"lq":1.0,"d":116700},{"pi":"3870","pc":"Товары для дома","ss":30000,"td":"Фешенебельный район","dc":4,"n":567.39,"vc":"23508","sl":"Очень высокий","sv":"906","p":6600.0,"q":2.63,"b":0.0,"ms":10.22,"wi":96.34,"ei":7.3,"as":643.27,"mi":"E","mv":8865,"sc":1,"lpe":89.78,"lpr":4464.66,"lq":1.62,"d":286767},{"pi":"3870","pc":"Товары для дома","ss":1000,"td":"Центр города","dc":1,"n":258.26,"vc":"1641","sl":"Высокий","sv":"342","p":3000.0,"q":3.22,"b":0.0,"ms":1.15,"wi":73.8,"ei":7.67,"as":1128.17,"mi":"E","mv":29713,"sc":1,"lpe":98.85,"lpr":3020.29,"lq":1.0,"d":940429},{"pi":"3870","pc":"Товары для дома","ss":1000,"td":"Фешенебельный район","dc":1,"n":452.88,"vc":"1197","sl":"Элитный","sv":"3132","p":7600.0,"q":8.31,"b":3.06,"ms":8.29,"wi":89.51,"ei":7.06,"as":573.3,"mi":"E","mv":37770,"sc":2,"lpe":91.71,"lpr":2915.22,"lq":1.0,"d":978294},{"pi":"3870","pc":"Товары для дома","ss":1000,"td":"Центр города","dc":4,"n":157.5,"vc":"1006","sl":"Низкий","sv":"1","p":4000.0,"q":3.06,"b":0.0,"ms":0.0,"wi":89.51,"ei":7.06,"as":573.3,"mi":"E","mv":37770,"sc":2,"lpe":91.71,"lpr":2915.22,"lq":1.0,"d":978294},{"pi":"3870","pc":"Товары для дома","ss":100000,"td":"Фешенебельный район","dc":2,"n":562.79,"vc":"147105","sl":"Элитный","sv":"14000","p":9000.0,"q":7.05,"b":0.0,"ms":9.77,"wi":89.14,"ei":7.05,"as":1247.63,"mi":"E","mv":143337,"sc":3,"lpe":88.91,"lpr":5879.67,"lq":1.11,"d":5900984},{"pi":"3870","pc":"Товары для дома","ss":50000,"td":"Центр города","dc":3,"n":321.07,"vc":"58818","sl":"Элитный","sv":"1800","p":5200.0,"q":3.87,"b":0.0,"ms":1.26,"wi":89.14,"ei":7.05,"as":1247.63,"mi":"E","mv":143337,"sc":3,"lpe":88.91,"lpr":5879.67,"lq":1.11,"d":5900984},{"pi":"3870","pc":"Товары для дома","ss":3000,"td":"Центр города","dc":2,"n":120.22,"vc":"2582","sl":"Элитный","sv":"100","p":7400.0,"q":1.59,"b":0.0,"ms":0.07,"wi":89.14,"ei":7.05,"as":1247.63,"mi":"E","mv":143337,"sc":3,"lpe":88.91,"lpr":5879.67,"lq":1.11,"d":5900984},{"pi":"3870","pc":"Товары для дома","ss":40000,"td":"Центр города","dc":3,"n":451.6,"vc":"125733","sl":"Низкий","sv":"1222","p":8800.0,"q":2.05,"b":0.0,"ms":10.03,"wi":92.28,"ei":6.9,"as":352.04,"mi":"E","mv":12189,"sc":1,"lpe":89.97,"lpr":6367.77,"lq":1.14,"d":995636},{"pi":"3870","pc":"Товары для дома","ss":1000,"td":"Центр города","dc":4,"n":241.68,"vc":"729","sl":"Высокий","sv":"18","p":2930.0,"q":2.77,"b":0.0,"ms":0.44,"wi":64.25,"ei":6.1,"as":493.77,"mi":"E","mv":4104,"sc":1,"lpe":99.56,"lpr":3625.38,"lq":1.0,"d":100815},{"pi":"3870","pc":"Товары для дома","ss":20000,"td":"Центр города","dc":1,"n":410.05,"vc":"22668","sl":"Очень высокий","sv":"52","p":2400.0,"q":4.21,"b":0.0,"ms":1.54,"wi":16.85,"ei":9.28,"as":159.29,"mi":"E","mv":3374,"sc":1,"lpe":98.46,"lpr":782.47,"lq":1.0,"d":425899},{"pi":"3870","pc":"Товары для дома","ss":21000,"td":"Фешенебельный район","dc":6,"n":439.29,"vc":"10400","sl":"Элитный","sv":"3000","p":3000.0,"q":3.87,"b":0.0,"ms":6.47,"wi":54.96,"ei":10.13,"as":422.1,"mi":"E","mv":46367,"sc":1,"lpe":93.53,"lpr":3127.27,"lq":1.0,"d":1050481},{"pi":"3870","pc":"Товары для дома","ss":100000,"td":"Центр города","dc":2,"n":450.57,"vc":"270873","sl":"Очень высокий","sv":"4000","p":4100.0,"q":8.56,"b":3.05,"ms":11.64,"wi":62.28,"ei":8.99,"as":967.35,"mi":"E","mv":34358,"sc":1,"lpe":88.36,"lpr":1452.05,"lq":1.06,"d":1023950},{"pi":"3870","pc":"Товары для дома","ss":1000,"td":"Фешенебельный район","dc":10,"n":165.33,"vc":"250","sl":"Очень высокий","sv":"38","p":500.0,"q":1.56,"b":0.0,"ms":0.06,"wi":38.84,"ei":6.46,"as":550.2,"mi":"E","mv":63490,"sc":1,"lpe":99.94,"lpr":770.1,"lq":1.0,"d":1548177},{"pi":"3870","pc":"Товары для дома","ss":500,"td":"Центр города","dc":7,"n":206.7,"vc":"683","sl":"Низкий","sv":"1","p":505.0,"q":1.56,"b":0.0,"ms":0.01,"wi":25.16,"ei":5.16,"as":517.68,"mi":"E","mv":8978,"sc":1,"lpe":99.99,"lpr":648.52,"lq":1.0,"d":745478},{"pi":"3870","pc":"Товары для дома","ss":100000,"td":"Фешенебельный район","dc":8,"n":397.06,"vc":"23898","sl":"Очень низкий","sv":"487","p":700.0,"q":1.61,"b":0.0,"ms":3.5,"wi":19.23,"ei":4.49,"as":270.88,"mi":"E","mv":13920,"sc":1,"lpe":96.5,"lpr":843.27,"lq":1.0,"d":1469374},{"pi":"3870","pc":"Товары для дома","ss":10000,"td":"Центр города","dc":1,"n":422.4,"vc":"26415","sl":"Элитный","sv":"3000","p":2200.0,"q":6.85,"b":2.18,"ms":7.47,"wi":45.03,"ei":10.64,"as":673.75,"mi":"E","mv":40138,"sc":2,"lpe":92.42,"lpr":1318.18,"lq":1.0,"d":2541514},{"pi":"3870","pc":"Товары для дома","ss":10000,"td":"Фешенебельный район","dc":9,"n":404.72,"vc":"3477","sl":"Очень низкий","sv":"42","p":1300.0,"q":2.05,"b":0.0,"ms":0.1,"wi":45.03,"ei":10.64,"as":673.75,"mi":"E","mv":40138,"sc":2,"lpe":92.42,"lpr":1318.18,"lq":1.0,"d":2541514},{"pi":"3870","pc":"Товары для дома","ss":10000,"td":"Центр города","dc":1,"n":351.46,"vc":"21552","sl":"Очень высокий","sv":"3000","p":5700.0,"q":6.85,"b":2.18,"ms":2.29,"wi":59.25,"ei":8.02,"as":811.4,"mi":"E","mv":130898,"sc":10,"lpe":95.32,"lpr":4164.69,"lq":1.0,"d":4968783},{"pi":"3870","pc":"Товары для дома","ss":10000,"td":"Центр города","dc":1,"n":491.56,"vc":"91107","sl":"Нормальный","sv":"2000","p":4800.0,"q":8.56,"b":3.67,"ms":1.53,"wi":59.25,"ei":8.02,"as":811.4,"mi":"E","mv":130898,"sc":10,"lpe":95.32,"lpr":4164.69,"lq":1.0,"d":4968783},{"pi":"3870","pc":"Товары для дома","ss":9800,"td":"Фешенебельный район","dc":7,"n":273.44,"vc":"2690","sl":"Элитный","sv":"480","p":3900.0,"q":1.54,"b":0.0,"ms":0.37,"wi":59.25,"ei":8.02,"as":811.4,"mi":"E","mv":130898,"sc":10,"lpe":95.32,"lpr":4164.69,"lq":1.0,"d":4968783},{"pi":"3870","pc":"Товары для дома","ss":7000,"td":"Центр города","dc":6,"n":226.61,"vc":"10514","sl":"Очень низкий","sv":"266","p":3402.0,"q":1.54,"b":0.0,"ms":0.2,"wi":59.25,"ei":8.02,"as":811.4,"mi":"E","mv":130898,"sc":10,"lpe":95.32,"lpr":4164.69,"lq":1.0,"d":4968783},{"pi":"3870","pc":"Товары для дома","ss":6300,"td":"Центр города","dc":6,"n":162.51,"vc":"9356","sl":"Очень низкий","sv":"225","p":3560.0,"q":1.54,"b":0.0,"ms":0.17,"wi":59.25,"ei":8.02,"as":811.4,"mi":"E","mv":130898,"sc":10,"lpe":95.32,"lpr":4164.69,"lq":1.0,"d":4968783},{"pi":"3870","pc":"Товары для дома","ss":9400,"td":"Фешенебельный район","dc":10,"n":344.39,"vc":"4418","sl":"Низкий","sv":"92","p":3000.0,"q":1.56,"b":0.0,"ms":0.07,"wi":59.25,"ei":8.02,"as":811.4,"mi":"E","mv":130898,"sc":10,"lpe":95.32,"lpr":4164.69,"lq":1.0,"d":4968783},{"pi":"3870","pc":"Товары для дома","ss":7300,"td":"Центр города","dc":10,"n":350.08,"vc":"25965","sl":"Очень низкий","sv":"50","p":1000.0,"q":1.0,"b":0.0,"ms":0.04,"wi":59.25,"ei":8.02,"as":811.4,"mi":"E","mv":130898,"sc":10,"lpe":95.32,"lpr":4164.69,"lq":1.0,"d":4968783},{"pi":"3870","pc":"Товары для дома","ss":10000,"td":"Центр города","dc":5,"n":69.67,"vc":"2682","sl":"Нормальный","sv":"9","p":1500.0,"q":2.05,"b":0.0,"ms":0.01,"wi":59.25,"ei":8.02,"as":811.4,"mi":"E","mv":130898,"sc":10,"lpe":95.32,"lpr":4164.69,"lq":1.0,"d":4968783},{"pi":"3870","pc":"Товары для дома","ss":500,"td":"Фешенебельный район","dc":10,"n":81.0,"vc":"113","sl":"Очень высокий","sv":"6","p":3670.0,"q":1.0,"b":0.0,"ms":0.0,"wi":59.25,"ei":8.02,"as":811.4,"mi":"E","mv":130898,"sc":10,"lpe":95.32,"lpr":4164.69,"lq":1.0,"d":4968783},{"pi":"3870","pc":"Товары для дома","ss":10000,"td":"Центр города","dc":8,"n":93.27,"vc":"3193","sl":"Высокий","sv":"1","p":3500.0,"q":2.68,"b":0.37,"ms":0.0,"wi":59.25,"ei":8.02,"as":811.4,"mi":"E","mv":130898,"sc":10,"lpe":95.32,"lpr":4164.69,"lq":1.0,"d":4968783},{"pi":"3870","pc":"Товары для дома","ss":100000,"td":"Центр города","dc":2,"n":530.78,"vc":"456160","sl":"Высокий","sv":"100","p":5100.0,"q":8.56,"b":3.5,"ms":0.44,"wi":191.47,"ei":9.72,"as":2008.97,"mi":"E","mv":22525,"sc":1,"lpe":99.56,"lpr":1705.18,"lq":1.0,"d":501060},{"pi":"3870","pc":"Товары для дома","ss":100000,"td":"Фешенебельный район","dc":2,"n":498.65,"vc":"83082","sl":"Элитный","sv":"7700","p":6800.0,"q":8.56,"b":1.71,"ms":9.38,"wi":127.75,"ei":7.06,"as":1642.86,"mi":"E","mv":82126,"sc":2,"lpe":90.53,"lpr":4414.05,"lq":1.0,"d":2109186},{"pi":"3870","pc":"Товары для дома","ss":1000,"td":"Фешенебельный район","dc":1,"n":161.56,"vc":"202","sl":"Элитный","sv":"80","p":6000.0,"q":3.22,"b":0.0,"ms":0.1,"wi":127.75,"ei":7.06,"as":1642.86,"mi":"E","mv":82126,"sc":2,"lpe":90.53,"lpr":4414.05,"lq":1.0,"d":2109186},{"pi":"3870","pc":"Товары для дома","ss":100000,"td":"Центр города","dc":2,"n":394.46,"vc":"317468","sl":"Очень высокий","sv":"35000","p":2400.0,"q":2.68,"b":2.01,"ms":10.82,"wi":40.67,"ei":5.73,"as":513.32,"mi":"E","mv":323405,"sc":2,"lpe":88.83,"lpr":1871.34,"lq":1.04,"d":7527186},{"pi":"3870","pc":"Товары для дома","ss":1000,"td":"Центр города","dc":1,"n":75.69,"vc":"1296","sl":"Элитный","sv":"1130","p":2260.0,"q":5.94,"b":0.67,"ms":0.35,"wi":40.67,"ei":5.73,"as":513.32,"mi":"E","mv":323405,"sc":2,"lpe":88.83,"lpr":1871.34,"lq":1.04,"d":7527186},{"pi":"3870","pc":"Товары для дома","ss":10000,"td":"Центр города","dc":4,"n":512.58,"vc":"39366","sl":"Низкий","sv":"1085","p":2393.0,"q":3.03,"b":0.0,"ms":11.45,"wi":76.21,"ei":6.3,"as":541.77,"mi":"E","mv":9479,"sc":1,"lpe":88.55,"lpr":2372.31,"lq":1.13,"d":234171},{"pi":"3870","pc":"Товары для дома","ss":14500,"td":"Центр города","dc":3,"n":517.23,"vc":"67446","sl":"Очень низкий","sv":"1000","p":4800.0,"q":2.73,"b":0.0,"ms":5.92,"wi":80.42,"ei":5.0,"as":541.41,"mi":"E","mv":16885,"sc":1,"lpe":94.08,"lpr":4967.28,"lq":1.0,"d":457963},{"pi":"3870","pc":"Товары для дома","ss":11000,"td":"Центр города","dc":4,"n":375.72,"vc":"18594","sl":"Нормальный","sv":"1000","p":4118.0,"q":3.99,"b":0.0,"ms":6.24,"wi":103.61,"ei":7.21,"as":1060.24,"mi":"E","mv":16023,"sc":1,"lpe":93.76,"lpr":5082.71,"lq":1.0,"d":387200},{"pi":"3870","pc":"Товары для дома","ss":10000,"td":"Фешенебельный район","dc":4,"n":550.5,"vc":"5337","sl":"Элитный","sv":"1016","p":800.0,"q":1.53,"b":0.0,"ms":7.66,"wi":22.26,"ei":6.08,"as":509.37,"mi":"E","mv":13256,"sc":3,"lpe":91.9,"lpr":761.3,"lq":1.0,"d":944097},{"pi":"3870","pc":"Товары для дома","ss":10000,"td":"Спальный район","dc":5,"n":241.47,"vc":"4072","sl":"Очень высокий","sv":"45","p":785.0,"q":1.53,"b":0.0,"ms":0.34,"wi":22.26,"ei":6.08,"as":509.37,"mi":"E","mv":13256,"sc":3,"lpe":91.9,"lpr":761.3,"lq":1.0,"d":944097},{"pi":"3870","pc":"Товары для дома","ss":10000,"td":"Фешенебельный район","dc":10,"n":615.35,"vc":"12933","sl":"Нормальный","sv":"13","p":1300.0,"q":1.5,"b":0.0,"ms":0.1,"wi":22.26,"ei":6.08,"as":509.37,"mi":"E","mv":13256,"sc":3,"lpe":91.9,"lpr":761.3,"lq":1.0,"d":944097},{"pi":"3870","pc":"Товары для дома","ss":100000,"td":"Центр города","dc":1,"n":509.91,"vc":"470800","sl":"Очень высокий","sv":"3000","p":5350.0,"q":8.56,"b":3.08,"ms":6.98,"wi":73.83,"ei":6.3,"as":571.53,"mi":"E","mv":42973,"sc":2,"lpe":92.13,"lpr":1684.39,"lq":1.0,"d":973156},{"pi":"3870","pc":"Товары для дома","ss":30000,"td":"Фешенебельный район","dc":4,"n":409.42,"vc":"10413","sl":"Низкий","sv":"384","p":1200.0,"q":1.48,"b":0.0,"ms":0.89,"wi":73.83,"ei":6.3,"as":571.53,"mi":"E","mv":42973,"sc":2,"lpe":92.13,"lpr":1684.39,"lq":1.0,"d":973156},{"pi":"3870","pc":"Товары для дома","ss":10000,"td":"Центр города","dc":6,"n":692.16,"vc":"147188","sl":"Очень низкий","sv":"295","p":2000.0,"q":2.69,"b":0.37,"ms":6.55,"wi":19.47,"ei":5.91,"as":526.89,"mi":"E","mv":4504,"sc":3,"lpe":92.81,"lpr":1147.14,"lq":1.0,"d":1222279},{"pi":"3870","pc":"Товары для дома","ss":500,"td":"Спальный район","dc":5,"n":164.63,"vc":"318","sl":"Нормальный","sv":"23","p":850.0,"q":2.83,"b":0.37,"ms":0.51,"wi":19.47,"ei":5.91,"as":526.89,"mi":"E","mv":4504,"sc":3,"lpe":92.81,"lpr":1147.14,"lq":1.0,"d":1222279},{"pi":"3870","pc":"Товары для дома","ss":10000,"td":"Центр города","dc":3,"n":41.28,"vc":"797","sl":"Элитный","sv":"6","p":1630.0,"q":2.68,"b":0.37,"ms":0.13,"wi":19.47,"ei":5.91,"as":526.89,"mi":"E","mv":4504,"sc":3,"lpe":92.81,"lpr":1147.14,"lq":1.0,"d":1222279},{"pi":"3870","pc":"Товары для дома","ss":11000,"td":"Центр города","dc":1,"n":160.54,"vc":"3379","sl":"Элитный","sv":"284","p":2400.0,"q":2.92,"b":2.01,"ms":0.61,"wi":54.58,"ei":6.32,"as":613.74,"mi":"E","mv":46310,"sc":1,"lpe":99.39,"lpr":1696.32,"lq":1.0,"d":936174},{"pi":"3870","pc":"Товары для дома","ss":1000,"td":"Центр города","dc":1,"n":661.77,"vc":"12816","sl":"Низкий","sv":"800","p":5600.0,"q":8.56,"b":4.64,"ms":14.68,"wi":100.73,"ei":10.74,"as":1420.16,"mi":"E","mv":5450,"sc":1,"lpe":85.32,"lpr":2710.05,"lq":2.16,"d":130817},{"pi":"3870","pc":"Товары для дома","ss":1000,"td":"Центр города","dc":3,"n":89.33,"vc":"517","sl":"Элитный","sv":"65","p":950.0,"q":2.68,"b":2.01,"ms":0.4,"wi":40.63,"ei":5.07,"as":449.97,"mi":"E","mv":16154,"sc":1,"lpe":99.6,"lpr":1002.74,"lq":1.0,"d":438714},{"pi":"3870","pc":"Товары для дома","ss":200000,"td":"Центр города","dc":2,"n":409.85,"vc":"645374","sl":"Очень высокий","sv":"3600","p":4450.0,"q":8.56,"b":1.97,"ms":1.17,"wi":51.76,"ei":4.41,"as":655.66,"mi":"E","mv":307309,"sc":1,"lpe":98.83,"lpr":2066.89,"lq":1.0,"d":7172110},{"pi":"3870","pc":"Товары для дома","ss":10000,"td":"Фешенебельный район","dc":5,"n":355.0,"vc":"2420","sl":"Очень высокий","sv":"33","p":980.0,"q":3.77,"b":0.0,"ms":0.16,"wi":42.96,"ei":6.25,"as":568.15,"mi":"E","mv":20607,"sc":1,"lpe":99.84,"lpr":1964.64,"lq":1.0,"d":482641},{"pi":"3870","pc":"Товары для дома","ss":30000,"td":"Центр города","dc":2,"n":163.57,"vc":"9518","sl":"Очень высокий","sv":"306","p":2100.0,"q":1.95,"b":1.55,"ms":0.22,"wi":60.25,"ei":9.36,"as":614.31,"mi":"E","mv":142109,"sc":1,"lpe":99.78,"lpr":4060.51,"lq":1.0,"d":3832748},{"pi":"3870","pc":"Товары для дома","ss":2600,"td":"Центр города","dc":3,"n":361.19,"vc":"3507","sl":"Высокий","sv":"704","p":900.0,"q":1.97,"b":0.204318181818182,"ms":9.59,"wi":39.55,"ei":4.38,"as":267.33,"mi":"E","mv":7343,"sc":1,"lpe":90.41,"lpr":2162.55,"lq":1.0,"d":219870},{"pi":"3870","pc":"Товары для дома","ss":100000,"td":"Центр города","dc":7,"n":285.44,"vc":"134666","sl":"Высокий","sv":"11000","p":1600.0,"q":5.88,"b":0.0,"ms":2.01,"wi":39.97,"ei":5.34,"as":208.05,"mi":"E","mv":548151,"sc":1,"lpe":97.99,"lpr":2229.54,"lq":1.0,"d":12982716},{"pi":"3870","pc":"Товары для дома","ss":1000,"td":"Центр города","dc":10,"n":602.82,"vc":"9141","sl":"Очень низкий","sv":"36","p":1600.0,"q":3.22,"b":0.0,"ms":0.71,"wi":47.25,"ei":6.62,"as":504.0,"mi":"E","mv":5071,"sc":1,"lpe":99.29,"lpr":2100.11,"lq":1.0,"d":128750},{"pi":"3870","pc":"Товары для дома","ss":100000,"td":"Центр города","dc":1,"n":555.91,"vc":"744792","sl":"Очень высокий","sv":"1650","p":5100.0,"q":8.56,"b":2.65,"ms":5.83,"wi":113.29,"ei":8.52,"as":2226.16,"mi":"E","mv":28307,"sc":1,"lpe":94.17,"lpr":6332.12,"lq":1.0,"d":1235082},{"pi":"3870","pc":"Товары для дома","ss":100,"td":"Центр города","dc":7,"n":4.1,"vc":"81","sl":"Очень низкий","sv":"3","p":5700.0,"q":3.22,"b":0.0,"ms":0.01,"wi":100.56,"ei":8.23,"as":1206.09,"mi":"E","mv":39096,"sc":1,"lpe":99.99,"lpr":5995.71,"lq":1.0,"d":1395634},{"pi":"3870","pc":"Товары для дома","ss":100000,"td":"Центр города","dc":2,"n":415.29,"vc":"229502","sl":"Очень высокий","sv":"2000","p":8000.0,"q":8.56,"b":0.82,"ms":2.99,"wi":98.78,"ei":7.86,"as":1444.66,"mi":"E","mv":66966,"sc":1,"lpe":97.01,"lpr":7445.13,"lq":1.0,"d":1680666},{"pi":"3870","pc":"Товары для дома","ss":100000,"td":"Фешенебельный район","dc":1,"n":461.52,"vc":"62526","sl":"Элитный","sv":"5200","p":6400.0,"q":8.56,"b":2.65,"ms":5.51,"wi":116.13,"ei":7.17,"as":2122.22,"mi":"E","mv":94370,"sc":2,"lpe":94.22,"lpr":4810.74,"lq":2.54,"d":2596850},{"pi":"3870","pc":"Товары для дома","ss":100000,"td":"Фешенебельный район","dc":2,"n":550.18,"vc":"97776","sl":"Элитный","sv":"254","p":4900.0,"q":4.83,"b":2.34,"ms":0.27,"wi":116.13,"ei":7.17,"as":2122.22,"mi":"E","mv":94370,"sc":2,"lpe":94.22,"lpr":4810.74,"lq":2.54,"d":2596850},{"pi":"3870","pc":"Товары для дома","ss":300000,"td":"Центр города","dc":2,"n":302.59,"vc":"211328","sl":"Элитный","sv":"30000","p":3500.0,"q":8.2,"b":0.606666666666667,"ms":7.72,"wi":102.86,"ei":10.85,"as":2744.68,"mi":"E","mv":388508,"sc":7,"lpe":76.98,"lpr":3404.06,"lq":2.13,"d":9744630},{"pi":"3870","pc":"Товары для дома","ss":100000,"td":"Фешенебельный район","dc":1,"n":510.43,"vc":"105980","sl":"Элитный","sv":"30000","p":3800.0,"q":4.83,"b":2.79,"ms":7.72,"wi":102.86,"ei":10.85,"as":2744.68,"mi":"E","mv":388508,"sc":7,"lpe":76.98,"lpr":3404.06,"lq":2.13,"d":9744630},{"pi":"3870","pc":"Товары для дома","ss":100000,"td":"Фешенебельный район","dc":2,"n":540.39,"vc":"141369","sl":"Элитный","sv":"20000","p":3600.0,"q":4.83,"b":2.79,"ms":5.15,"wi":102.86,"ei":10.85,"as":2744.68,"mi":"E","mv":388508,"sc":7,"lpe":76.98,"lpr":3404.06,"lq":2.13,"d":9744630},{"pi":"3870","pc":"Товары для дома","ss":200000,"td":"Центр города","dc":1,"n":428.11,"vc":"868731","sl":"Элитный","sv":"5200","p":6850.0,"q":8.56,"b":0.82,"ms":1.34,"wi":102.86,"ei":10.85,"as":2744.68,"mi":"E","mv":388508,"sc":7,"lpe":76.98,"lpr":3404.06,"lq":2.13,"d":9744630},{"pi":"3870","pc":"Товары для дома","ss":100000,"td":"Центр города","dc":1,"n":555.64,"vc":"1636911","sl":"Нормальный","sv":"2534","p":10000.0,"q":9.05,"b":2.84,"ms":0.65,"wi":102.86,"ei":10.85,"as":2744.68,"mi":"E","mv":388508,"sc":7,"lpe":76.98,"lpr":3404.06,"lq":2.13,"d":9744630},{"pi":"3870","pc":"Товары для дома","ss":100000,"td":"Спальный район","dc":1,"n":170.5,"vc":"20168","sl":"Элитный","sv":"1589","p":3500.0,"q":2.8,"b":0.0,"ms":0.41,"wi":102.86,"ei":10.85,"as":2744.68,"mi":"E","mv":388508,"sc":7,"lpe":76.98,"lpr":3404.06,"lq":2.13,"d":9744630},{"pi":"3870","pc":"Товары для дома","ss":30000,"td":"Центр города","dc":2,"n":89.61,"vc":"10646","sl":"Элитный","sv":"95","p":2288.81,"q":4.54,"b":0.0,"ms":0.02,"wi":102.86,"ei":10.85,"as":2744.68,"mi":"E","mv":388508,"sc":7,"lpe":76.98,"lpr":3404.06,"lq":2.13,"d":9744630},{"pi":"3870","pc":"Товары для дома","ss":10000,"td":"Центр города","dc":2,"n":388.89,"vc":"38722","sl":"Высокий","sv":"2400","p":5400.0,"q":8.56,"b":2.45,"ms":2.33,"wi":66.45,"ei":6.04,"as":318.0,"mi":"E","mv":102879,"sc":3,"lpe":97.64,"lpr":4526.17,"lq":1.0,"d":2877864},{"pi":"3870","pc":"Товары для дома","ss":600,"td":"Центр города","dc":9,"n":379.77,"vc":"5436","sl":"Очень низкий","sv":"21","p":2100.0,"q":3.31,"b":0.0,"ms":0.02,"wi":66.45,"ei":6.04,"as":318.0,"mi":"E","mv":102879,"sc":3,"lpe":97.64,"lpr":4526.17,"lq":1.0,"d":2877864},{"pi":"3870","pc":"Товары для дома","ss":10000,"td":"Фешенебельный район","dc":2,"n":225.1,"vc":"1153","sl":"Элитный","sv":"8","p":1500.0,"q":3.82,"b":0.0,"ms":0.01,"wi":66.45,"ei":6.04,"as":318.0,"mi":"E","mv":102879,"sc":3,"lpe":97.64,"lpr":4526.17,"lq":1.0,"d":2877864},{"pi":"3870","pc":"Товары для дома","ss":300000,"td":"Фешенебельный район","dc":2,"n":599.07,"vc":"289612","sl":"Элитный","sv":"1302","p":16000.0,"q":8.24,"b":2.72,"ms":8.07,"wi":102.66,"ei":5.0,"as":366.29,"mi":"E","mv":16135,"sc":1,"lpe":91.93,"lpr":3775.07,"lq":1.0,"d":454964},{"pi":"3870","pc":"Товары для дома","ss":100000,"td":"Фешенебельный район","dc":2,"n":539.96,"vc":"137096","sl":"Элитный","sv":"26000","p":5500.0,"q":7.58,"b":0.575384615384615,"ms":23.4,"wi":99.69,"ei":9.31,"as":1270.5,"mi":"E","mv":111117,"sc":1,"lpe":76.6,"lpr":2956.35,"lq":2.24,"d":2836484},{"pi":"3870","pc":"Товары для дома","ss":300000,"td":"Фешенебельный район","dc":2,"n":460.81,"vc":"147918","sl":"Элитный","sv":"9300","p":16000.0,"q":7.88,"b":2.72,"ms":8.22,"wi":93.34,"ei":5.0,"as":474.39,"mi":"E","mv":113102,"sc":1,"lpe":91.78,"lpr":4872.46,"lq":1.0,"d":2970884},{"pi":"3870","pc":"Товары для дома","ss":1500,"td":"Центр города","dc":5,"n":7.56,"vc":"775","sl":"Нормальный","sv":"27","p":380.0,"q":1.6,"b":0.0,"ms":0.02,"wi":17.18,"ei":17.09,"as":56.27,"mi":"E","mv":109223,"sc":1,"lpe":99.98,"lpr":415.98,"lq":1.0,"d":3998532},{"pi":"3870","pc":"Товары для дома","ss":100000,"td":"Центр города","dc":2,"n":545.81,"vc":"602406","sl":"Высокий","sv":"1901","p":9000.0,"q":8.56,"b":4.6,"ms":6.49,"wi":64.2,"ei":7.41,"as":406.66,"mi":"E","mv":29294,"sc":1,"lpe":93.51,"lpr":5669.07,"lq":1.0,"d":733921},{"pi":"3870","pc":"Товары для дома","ss":1200,"td":"Центр города","dc":9,"n":517.4,"vc":"9674","sl":"Очень низкий","sv":"54","p":2600.0,"q":3.1,"b":0.0,"ms":0.55,"wi":70.04,"ei":5.87,"as":653.67,"mi":"E","mv":9859,"sc":1,"lpe":99.45,"lpr":3732.11,"lq":1.0,"d":401934},{"pi":"3870","pc":"Товары для дома","ss":500,"td":"Центр города","dc":1,"n":10.21,"vc":"510","sl":"Элитный","sv":"350","p":1400.0,"q":2.05,"b":0.0,"ms":0.3,"wi":39.2,"ei":15.63,"as":384.32,"mi":"E","mv":118097,"sc":1,"lpe":99.7,"lpr":1454.91,"lq":1.0,"d":4545297},{"pi":"3870","pc":"Товары для дома","ss":100000,"td":"Фешенебельный район","dc":2,"n":586.67,"vc":"130200","sl":"Элитный","sv":"3000","p":5900.0,"q":8.56,"b":0.82,"ms":10.54,"wi":75.57,"ei":8.11,"as":1269.9,"mi":"E","mv":28456,"sc":1,"lpe":89.46,"lpr":2428.88,"lq":1.76,"d":678178},{"pi":"3870","pc":"Товары для дома","ss":1000,"td":"Фешенебельный район","dc":1,"n":375.11,"vc":"650","sl":"Элитный","sv":"1194","p":5300.0,"q":1.59,"b":0.0,"ms":5.35,"wi":88.26,"ei":7.25,"as":562.28,"mi":"E","mv":22312,"sc":2,"lpe":94.37,"lpr":5776.63,"lq":1.0,"d":598348},{"pi":"3870","pc":"Товары для дома","ss":1000,"td":"Центр города","dc":3,"n":81.46,"vc":"552","sl":"Очень высокий","sv":"63","p":500.0,"q":1.53,"b":0.0,"ms":0.28,"wi":88.26,"ei":7.25,"as":562.28,"mi":"E","mv":22312,"sc":2,"lpe":94.37,"lpr":5776.63,"lq":1.0,"d":598348},{"pi":"3870","pc":"Товары для дома","ss":100000,"td":"Фешенебельный район","dc":1,"n":675.63,"vc":"334424","sl":"Элитный","sv":"3154","p":8900.0,"q":9.42,"b":5.57,"ms":9.33,"wi":98.88,"ei":9.31,"as":1312.5,"mi":"E","mv":33821,"sc":1,"lpe":90.67,"lpr":2368.74,"lq":1.0,"d":871981},{"pi":"3870","pc":"Товары для дома","ss":100000,"td":"Фешенебельный район","dc":2,"n":559.27,"vc":"127236","sl":"Элитный","sv":"6000","p":6000.0,"q":7.05,"b":0.0,"ms":11.35,"wi":96.92,"ei":9.6,"as":1470.0,"mi":"E","mv":52843,"sc":2,"lpe":80.66,"lpr":2949.54,"lq":2.35,"d":1347944},{"pi":"3870","pc":"Товары для дома","ss":12000,"td":"Центр города","dc":1,"n":234.07,"vc":"10488","sl":"Очень высокий","sv":"4222","p":2700.0,"q":3.87,"b":0.0,"ms":7.99,"wi":96.92,"ei":9.6,"as":1470.0,"mi":"E","mv":52843,"sc":2,"lpe":80.66,"lpr":2949.54,"lq":2.35,"d":1347944},{"pi":"3870","pc":"Товары для дома","ss":1000,"td":"Спальный район","dc":4,"n":83.17,"vc":"256","sl":"Элитный","sv":"55","p":2900.0,"q":2.78,"b":0.0,"ms":0.94,"wi":72.69,"ei":6.62,"as":475.0,"mi":"E","mv":5822,"sc":2,"lpe":98.97,"lpr":3564.45,"lq":1.0,"d":147806},{"pi":"3870","pc":"Товары для дома","ss":1000,"td":"Спальный район","dc":4,"n":88.99,"vc":"265","sl":"Элитный","sv":"5","p":2513.0,"q":2.98,"b":0.0,"ms":0.09,"wi":72.69,"ei":6.62,"as":475.0,"mi":"E","mv":5822,"sc":2,"lpe":98.97,"lpr":3564.45,"lq":1.0,"d":147806},{"pi":"3870","pc":"Товары для дома","ss":100,"td":"Фешенебельный район","dc":2,"n":40.81,"vc":"7","sl":"Элитный","sv":"9","p":899.99,"q":1.54,"b":0.0,"ms":0.16,"wi":64.84,"ei":6.72,"as":456.0,"mi":"E","mv":5771,"sc":1,"lpe":99.84,"lpr":3613.37,"lq":1.0,"d":145230},{"pi":"3870","pc":"Товары для дома","ss":1000,"td":"Центр города","dc":2,"n":242.94,"vc":"745","sl":"Элитный","sv":"200","p":1761.0,"q":7.05,"b":0.0,"ms":4.99,"wi":50.7,"ei":6.73,"as":507.15,"mi":"E","mv":4009,"sc":1,"lpe":95.01,"lpr":2092.53,"lq":1.0,"d":104817},{"pi":"3870","pc":"Товары для дома","ss":100000,"td":"Центр города","dc":1,"n":378.35,"vc":"217116","sl":"Элитный","sv":"5500","p":5500.0,"q":8.56,"b":1.44,"ms":3.65,"wi":48.46,"ei":12.08,"as":459.52,"mi":"E","mv":150651,"sc":2,"lpe":96.34,"lpr":2258.07,"lq":1.0,"d":3957256},{"pi":"3870","pc":"Товары для дома","ss":1000,"td":"Фешенебельный район","dc":9,"n":64.15,"vc":"145","sl":"Элитный","sv":"10","p":800.0,"q":1.53,"b":0.0,"ms":0.01,"wi":48.46,"ei":12.08,"as":459.52,"mi":"E","mv":150651,"sc":2,"lpe":96.34,"lpr":2258.07,"lq":1.0,"d":3957256},{"pi":"3870","pc":"Товары для дома","ss":300,"td":"Спальный район","dc":1,"n":282.0,"vc":"320","sl":"Очень высокий","sv":"3","p":1800.0,"q":1.59,"b":0.0,"ms":0.08,"wi":49.7,"ei":6.62,"as":507.15,"mi":"E","mv":3911,"sc":1,"lpe":99.92,"lpr":2262.18,"lq":1.0,"d":106621}]