[{"d":"06.07.2018","r":90.0,"q":1.0,"p":1135.0,"s":[{"cn":"Virtonomica","ui":"7821891","t":2.6970905E7,"r":2.6962159E7,"q":1.0,"p":1135.0,"mot":"L","mo":90.0},{"cn":"","ui":"","t":0.0,"r":0.0,"q":0.0,"p":0.0,"mot":"L","mo":0.0}]},{"d":"09.07.2018","r":90.0,"q":1.0,"p":1135.0,"s":[{"cn":"Virtonomica","ui":"7821891","t":2.6939992E7,"r":2.6926423E7,"q":1.0,"p":1135.0,"mot":"L","mo":90.0},{"cn":"","ui":"","t":0.0,"r":0.0,"q":0.0,"p":0.0,"mot":"L","mo":0.0}]},{"d":"10.07.2018","r":270.0,"q":1.0,"p":1611.67,"s":[{"cn":"pinuscz s.r.o","ui":"7824440","t":90.0,"r":90.0,"q":1.0,"p":1500.0,"mot":"U","mo":90.0},{"cn":"Virtonomica","ui":"7821891","t":2.6926996E7,"r":2.6910215E7,"q":1.0,"p":1135.0,"mot":"L","mo":90.0},{"cn":"pinuscz s.r.o","ui":"7825026","t":90.0,"r":90.0,"q":1.0,"p":2200.0,"mot":"U","mo":90.0},{"cn":"","ui":"","t":0.0,"r":0.0,"q":0.0,"p":0.0,"mot":"L","mo":0.0}]},{"d":"11.07.2018","r":900.0,"q":1.0,"p":1713.5,"s":[{"cn":"pinuscz s.r.o","ui":"7825025","t":180.0,"r":180.0,"q":1.0,"p":1500.0,"mot":"U","mo":180.0},{"cn":"pinuscz s.r.o","ui":"7824440","t":180.0,"r":180.0,"q":1.0,"p":1400.0,"mot":"U","mo":180.0},{"cn":"pinuscz s.r.o","ui":"7824823","t":180.0,"r":180.0,"q":1.0,"p":1900.0,"mot":"U","mo":180.0},{"cn":"Virtonomica","ui":"7821891","t":2.6910715E7,"r":2.6893061E7,"q":1.0,"p":1135.0,"mot":"L","mo":90.0},{"cn":"pinuscz s.r.o","ui":"7825686","t":90.0,"r":90.0,"q":1.0,"p":2000.0,"mot":"U","mo":90.0},{"cn":"pinuscz s.r.o","ui":"7825026","t":180.0,"r":180.0,"q":1.0,"p":2200.0,"mot":"U","mo":180.0},{"cn":"","ui":"","t":0.0,"r":0.0,"q":0.0,"p":0.0,"mot":"L","mo":0.0}]},{"d":"12.07.2018","r":1080.0,"q":1.0,"p":1577.92,"s":[{"cn":"pinuscz s.r.o","ui":"7825025","t":270.0,"r":270.0,"q":1.0,"p":1500.0,"mot":"U","mo":270.0},{"cn":"pinuscz s.r.o","ui":"7824440","t":270.0,"r":270.0,"q":1.0,"p":1400.0,"mot":"U","mo":270.0},{"cn":"pinuscz s.r.o","ui":"7824823","t":270.0,"r":270.0,"q":1.0,"p":1700.0,"mot":"U","mo":270.0},{"cn":"Virtonomica","ui":"7821891","t":2.6892905E7,"r":2.6872784E7,"q":1.0,"p":1135.0,"mot":"L","mo":90.0},{"cn":"pinuscz s.r.o","ui":"7825686","t":180.0,"r":180.0,"q":1.0,"p":2000.0,"mot":"U","mo":180.0},{"cn":"","ui":"","t":0.0,"r":0.0,"q":0.0,"p":0.0,"mot":"L","mo":0.0}]},{"d":"13.07.2018","r":350.0,"q":1.0,"p":1331.86,"s":[{"cn":"pinuscz s.r.o","ui":"7824440","t":310.0,"r":260.0,"q":1.0,"p":1400.0,"mot":"U","mo":260.0},{"cn":"Virtonomica","ui":"7821891","t":2.687231E7,"r":2.6849679E7,"q":1.0,"p":1135.0,"mot":"L","mo":90.0},{"cn":"","ui":"","t":0.0,"r":0.0,"q":0.0,"p":0.0,"mot":"L","mo":0.0}]},{"d":"30.07.2018","r":90.0,"q":1.0,"p":1135.0,"s":[{"cn":"Virtonomica","ui":"7821891","t":2.5487484E7,"r":2.532028E7,"q":1.0,"p":1135.0,"mot":"L","mo":90.0},{"cn":"","ui":"","t":0.0,"r":0.0,"q":0.0,"p":0.0,"mot":"L","mo":0.0}]},{"d":"31.07.2018","r":90.0,"q":1.0,"p":1135.0,"s":[{"cn":"Virtonomica","ui":"7821891","t":2.5312509E7,"r":2.5126882E7,"q":1.0,"p":1135.0,"mot":"L","mo":90.0},{"cn":"","ui":"","t":0.0,"r":0.0,"q":0.0,"p":0.0,"mot":"L","mo":0.0}]},{"d":"01.08.2018","r":90.0,"q":1.0,"p":1135.0,"s":[{"cn":"Virtonomica","ui":"7821891","t":2.5126024E7,"r":2.4948301E7,"q":1.0,"p":1135.0,"mot":"L","mo":90.0},{"cn":"","ui":"","t":0.0,"r":0.0,"q":0.0,"p":0.0,"mot":"L","mo":0.0}]},{"d":"03.08.2018","r":90.0,"q":1.0,"p":1135.0,"s":[{"cn":"Virtonomica","ui":"7821891","t":2.4740367E7,"r":2.45401E7,"q":1.0,"p":1135.0,"mot":"L","mo":90.0},{"cn":"","ui":"","t":0.0,"r":0.0,"q":0.0,"p":0.0,"mot":"L","mo":0.0}]},{"d":"06.08.2018","r":90.0,"q":1.0,"p":1135.0,"s":[{"cn":"Virtonomica","ui":"7821891","t":2.4059836E7,"r":2.3807188E7,"q":1.0,"p":1135.0,"mot":"L","mo":90.0},{"cn":"","ui":"","t":0.0,"r":0.0,"q":0.0,"p":0.0,"mot":"L","mo":0.0}]},{"d":"07.08.2018","r":90.0,"q":1.0,"p":1135.0,"s":[{"cn":"Virtonomica","ui":"7821891","t":2.3802913E7,"r":2.3543125E7,"q":1.0,"p":1135.0,"mot":"L","mo":90.0},{"cn":"","ui":"","t":0.0,"r":0.0,"q":0.0,"p":0.0,"mot":"L","mo":0.0}]},{"d":"08.08.2018","r":90.0,"q":1.0,"p":1135.0,"s":[{"cn":"Virtonomica","ui":"7821891","t":2.354161E7,"r":2.3279208E7,"q":1.0,"p":1135.0,"mot":"L","mo":90.0},{"cn":"","ui":"","t":0.0,"r":0.0,"q":0.0,"p":0.0,"mot":"L","mo":0.0}]},{"d":"09.08.2018","r":5087.0,"q":1.0,"p":4931.62,"s":[{"cn":"Yellow Rose","ui":"7823555","t":9997.0,"r":4997.0,"q":1.0,"p":5000.0,"mot":"U","mo":4997.0},{"cn":"","ui":"","t":2.3275732E7,"r":90.0,"q":1.0,"p":1135.0,"mot":"L","mo":90.0}]},{"d":"10.08.2018","r":388.0,"q":1.0,"p":4103.48,"s":[{"cn":"Virtonomica","ui":"7821891","t":2.3009275E7,"r":2.2742003E7,"q":1.0,"p":1135.0,"mot":"L","mo":90.0},{"cn":"Yellow Rose","ui":"7823555","t":5298.0,"r":298.0,"q":1.0,"p":5000.0,"mot":"U","mo":298.0},{"cn":"","ui":"","t":0.0,"r":0.0,"q":0.0,"p":0.0,"mot":"L","mo":0.0}]},{"d":"13.08.2018","r":90.0,"q":1.0,"p":1135.0,"s":[{"cn":"Virtonomica","ui":"7821891","t":2.2169916E7,"r":2.1875941E7,"q":1.0,"p":1135.0,"mot":"L","mo":90.0},{"cn":"","ui":"","t":0.0,"r":0.0,"q":0.0,"p":0.0,"mot":"L","mo":0.0}]},{"d":"14.08.2018","r":90.0,"q":1.0,"p":1135.0,"s":[{"cn":"Virtonomica","ui":"7821891","t":2.1880816E7,"r":2.1578691E7,"q":1.0,"p":1135.0,"mot":"L","mo":90.0},{"cn":"","ui":"","t":0.0,"r":0.0,"q":0.0,"p":0.0,"mot":"L","mo":0.0}]},{"d":"16.08.2018","r":90.0,"q":1.0,"p":1135.0,"s":[{"cn":"Virtonomica","ui":"7821891","t":2.1280291E7,"r":2.0967555E7,"q":1.0,"p":1135.0,"mot":"L","mo":90.0},{"cn":"","ui":"","t":0.0,"r":0.0,"q":0.0,"p":0.0,"mot":"L","mo":0.0}]},{"d":"17.08.2018","r":90.0,"q":1.0,"p":1135.0,"s":[{"cn":"Virtonomica","ui":"7821891","t":2.0965996E7,"r":2.0642421E7,"q":1.0,"p":1135.0,"mot":"L","mo":90.0},{"cn":"","ui":"","t":0.0,"r":0.0,"q":0.0,"p":0.0,"mot":"L","mo":0.0}]},{"d":"20.08.2018","r":90.0,"q":1.0,"p":1135.0,"s":[{"cn":"Virtonomica","ui":"7821891","t":1.9988998E7,"r":1.9651291E7,"q":1.0,"p":1135.0,"mot":"L","mo":90.0},{"cn":"","ui":"","t":0.0,"r":0.0,"q":0.0,"p":0.0,"mot":"L","mo":0.0}]},{"d":"21.08.2018","r":90.0,"q":1.0,"p":1135.0,"s":[{"cn":"Virtonomica","ui":"7821891","t":1.9654601E7,"r":1.930256E7,"q":1.0,"p":1135.0,"mot":"L","mo":90.0},{"cn":"","ui":"","t":0.0,"r":0.0,"q":0.0,"p":0.0,"mot":"L","mo":0.0}]},{"d":"22.08.2018","r":90.0,"q":1.0,"p":1135.0,"s":[{"cn":"Virtonomica","ui":"7821891","t":1.9309509E7,"r":1.8955599E7,"q":1.0,"p":1135.0,"mot":"L","mo":90.0},{"cn":"","ui":"","t":0.0,"r":0.0,"q":0.0,"p":0.0,"mot":"L","mo":0.0}]},{"d":"23.08.2018","r":22630.0,"q":1.0,"p":4984.63,"s":[{"cn":"BuNKeR Corp","ui":"7836129","t":18360.0,"r":18360.0,"q":1.0,"p":5000.0,"mot":"U","mo":18360.0},{"cn":"Yellow Rose","ui":"7823555","t":9180.0,"r":4180.0,"q":1.0,"p":5000.0,"mot":"U","mo":4180.0},{"cn":"","ui":"","t":1.8963974E7,"r":90.0,"q":1.0,"p":1135.0,"mot":"L","mo":90.0}]},{"d":"24.08.2018","r":35720.0,"q":1.0,"p":2699.95,"s":[{"cn":"BuNKeR Corp","ui":"7836129","t":27270.0,"r":27270.0,"q":1.0,"p":2000.0,"mot":"U","mo":27270.0},{"cn":"Yellow Rose","ui":"7823555","t":13360.0,"r":8360.0,"q":1.0,"p":5000.0,"mot":"U","mo":8360.0},{"cn":"","ui":"","t":1.8618758E7,"r":90.0,"q":1.0,"p":1135.0,"mot":"L","mo":90.0}]},{"d":"27.08.2018","r":20750.0,"q":1.0,"p":4983.24,"s":[{"cn":"Yellow Rose","ui":"7823555","t":25690.0,"r":20660.0,"q":1.0,"p":5000.0,"mot":"U","mo":20660.0},{"cn":"","ui":"","t":1.7547528E7,"r":90.0,"q":1.0,"p":1135.0,"mot":"L","mo":90.0}]},{"d":"28.08.2018","r":4400.0,"q":1.0,"p":4920.94,"s":[{"cn":"Yellow Rose","ui":"7823555","t":29840.0,"r":4310.0,"q":1.0,"p":5000.0,"mot":"U","mo":4310.0},{"cn":"","ui":"","t":1.7179209E7,"r":90.0,"q":1.0,"p":1135.0,"mot":"L","mo":90.0}]},{"d":"29.08.2018","r":15829.0,"q":1.0,"p":1696.79,"s":[{"cn":"BuNKeR Corp","ui":"7836129","t":25739.0,"r":15739.0,"q":1.0,"p":1700.0,"mot":"U","mo":15739.0},{"cn":"","ui":"","t":1.6807678E7,"r":90.0,"q":1.0,"p":1135.0,"mot":"L","mo":90.0}]},{"d":"30.08.2018","r":5919.0,"q":1.0,"p":1691.41,"s":[{"cn":"BuNKeR Corp","ui":"7836129","t":15829.0,"r":5829.0,"q":1.0,"p":1700.0,"mot":"U","mo":5829.0},{"cn":"","ui":"","t":1.6432025E7,"r":90.0,"q":1.0,"p":1135.0,"mot":"L","mo":90.0}]},{"d":"31.08.2018","r":2040.0,"q":1.0,"p":4829.49,"s":[{"cn":"Yellow Rose","ui":"7823555","t":9180.0,"r":1950.0,"q":1.0,"p":5000.0,"mot":"U","mo":1950.0},{"cn":"","ui":"","t":1.6049495E7,"r":90.0,"q":1.0,"p":1135.0,"mot":"L","mo":90.0}]},{"d":"03.09.2018","r":6690.0,"q":1.0,"p":4948.0,"s":[{"cn":"Yellow Rose","ui":"7823555","t":14430.0,"r":6600.0,"q":1.0,"p":5000.0,"mot":"U","mo":6600.0},{"cn":"","ui":"","t":1.489414E7,"r":90.0,"q":1.0,"p":1135.0,"mot":"L","mo":90.0}]},{"d":"04.09.2018","r":8040.0,"q":1.0,"p":4956.74,"s":[{"cn":"Yellow Rose","ui":"7823555","t":15780.0,"r":7950.0,"q":1.0,"p":5000.0,"mot":"U","mo":7950.0},{"cn":"","ui":"","t":1.4505029E7,"r":90.0,"q":1.0,"p":1135.0,"mot":"L","mo":90.0}]},{"d":"05.09.2018","r":90.0,"q":1.0,"p":1135.0,"s":[{"cn":"Virtonomica","ui":"7821891","t":1.4110595E7,"r":1.3715973E7,"q":1.0,"p":1135.0,"mot":"L","mo":90.0},{"cn":"","ui":"","t":0.0,"r":0.0,"q":0.0,"p":0.0,"mot":"L","mo":0.0}]},{"d":"06.09.2018","r":90.0,"q":1.0,"p":1135.0,"s":[{"cn":"Virtonomica","ui":"7821891","t":1.3716173E7,"r":1.3321312E7,"q":1.0,"p":1135.0,"mot":"L","mo":90.0},{"cn":"","ui":"","t":0.0,"r":0.0,"q":0.0,"p":0.0,"mot":"L","mo":0.0}]},{"d":"07.09.2018","r":90.0,"q":1.0,"p":1135.0,"s":[{"cn":"Virtonomica","ui":"7821891","t":1.3320443E7,"r":1.292465E7,"q":1.0,"p":1135.0,"mot":"L","mo":90.0},{"cn":"","ui":"","t":0.0,"r":0.0,"q":0.0,"p":0.0,"mot":"L","mo":0.0}]},{"d":"10.09.2018","r":90.0,"q":1.0,"p":1135.0,"s":[{"cn":"Virtonomica","ui":"7821891","t":1.2084445E7,"r":1.1639761E7,"q":1.0,"p":1135.0,"mot":"L","mo":90.0},{"cn":"","ui":"","t":0.0,"r":0.0,"q":0.0,"p":0.0,"mot":"L","mo":0.0}]},{"d":"12.09.2018","r":120.0,"q":1.0,"p":1176.25,"s":[{"cn":"pinuscz s.r.o","ui":"7822483","t":103.0,"r":30.0,"q":1.0,"p":1300.0,"mot":"U","mo":30.0},{"cn":"Virtonomica","ui":"7821891","t":1.1196076E7,"r":1.0752223E7,"q":1.0,"p":1135.0,"mot":"L","mo":90.0},{"cn":"","ui":"","t":0.0,"r":0.0,"q":0.0,"p":0.0,"mot":"L","mo":0.0}]},{"d":"13.09.2018","r":137.0,"q":1.0,"p":1191.61,"s":[{"cn":"pinuscz s.r.o","ui":"7822483","t":120.0,"r":47.0,"q":1.0,"p":1300.0,"mot":"U","mo":47.0},{"cn":"Virtonomica","ui":"7821891","t":1.0752424E7,"r":1.0308655E7,"q":1.0,"p":1135.0,"mot":"L","mo":90.0},{"cn":"","ui":"","t":0.0,"r":0.0,"q":0.0,"p":0.0,"mot":"L","mo":0.0}]},{"d":"14.09.2018","r":154.0,"q":1.0,"p":1203.57,"s":[{"cn":"pinuscz s.r.o","ui":"7822483","t":137.0,"r":64.0,"q":1.0,"p":1300.0,"mot":"U","mo":64.0},{"cn":"Virtonomica","ui":"7821891","t":1.0308749E7,"r":9865043.0,"q":1.0,"p":1135.0,"mot":"L","mo":90.0},{"cn":"","ui":"","t":0.0,"r":0.0,"q":0.0,"p":0.0,"mot":"L","mo":0.0}]},{"d":"17.09.2018","r":90.0,"q":1.0,"p":1135.0,"s":[{"cn":"Virtonomica","ui":"7821891","t":8990036.0,"r":8550162.0,"q":1.0,"p":1135.0,"mot":"L","mo":90.0},{"cn":"","ui":"","t":0.0,"r":0.0,"q":0.0,"p":0.0,"mot":"L","mo":0.0}]},{"d":"18.09.2018","r":90.0,"q":1.0,"p":1135.0,"s":[{"cn":"Virtonomica","ui":"7821891","t":8550687.0,"r":8111143.0,"q":1.0,"p":1135.0,"mot":"L","mo":90.0},{"cn":"","ui":"","t":0.0,"r":0.0,"q":0.0,"p":0.0,"mot":"L","mo":0.0}]},{"d":"19.09.2018","r":90.0,"q":1.0,"p":1135.0,"s":[{"cn":"Virtonomica","ui":"7821891","t":8111466.0,"r":7671903.0,"q":1.0,"p":1135.0,"mot":"L","mo":90.0},{"cn":"","ui":"","t":0.0,"r":0.0,"q":0.0,"p":0.0,"mot":"L","mo":0.0}]},{"d":"20.09.2018","r":90.0,"q":1.0,"p":1135.0,"s":[{"cn":"Virtonomica","ui":"7821891","t":7672253.0,"r":7232617.0,"q":1.0,"p":1135.0,"mot":"L","mo":90.0},{"cn":"","ui":"","t":0.0,"r":0.0,"q":0.0,"p":0.0,"mot":"L","mo":0.0}]},{"d":"21.09.2018","r":90.0,"q":1.0,"p":1135.0,"s":[{"cn":"Virtonomica","ui":"7821891","t":7232686.0,"r":6792710.0,"q":1.0,"p":1135.0,"mot":"L","mo":90.0},{"cn":"","ui":"","t":0.0,"r":0.0,"q":0.0,"p":0.0,"mot":"L","mo":0.0}]},{"d":"24.09.2018","r":90.0,"q":1.0,"p":1135.0,"s":[{"cn":"Virtonomica","ui":"7821891","t":5913471.0,"r":5472166.0,"q":1.0,"p":1135.0,"mot":"L","mo":90.0},{"cn":"","ui":"","t":0.0,"r":0.0,"q":0.0,"p":0.0,"mot":"L","mo":0.0}]},{"d":"25.09.2018","r":90.0,"q":1.0,"p":1135.0,"s":[{"cn":"Virtonomica","ui":"7821891","t":5472560.0,"r":5031232.0,"q":1.0,"p":1135.0,"mot":"L","mo":90.0},{"cn":"","ui":"","t":0.0,"r":0.0,"q":0.0,"p":0.0,"mot":"L","mo":0.0}]},{"d":"26.09.2018","r":90.0,"q":1.0,"p":1135.0,"s":[{"cn":"Virtonomica","ui":"7821891","t":5031447.0,"r":4590028.0,"q":1.0,"p":1135.0,"mot":"L","mo":90.0},{"cn":"","ui":"","t":0.0,"r":0.0,"q":0.0,"p":0.0,"mot":"L","mo":0.0}]},{"d":"28.09.2018","r":90.0,"q":1.0,"p":1135.0,"s":[{"cn":"Virtonomica","ui":"7821891","t":4590556.0,"r":4149161.0,"q":1.0,"p":1135.0,"mot":"L","mo":90.0},{"cn":"","ui":"","t":0.0,"r":0.0,"q":0.0,"p":0.0,"mot":"L","mo":0.0}]},{"d":"01.02.2019","r":17074.0,"q":3.54,"p":5485.0,"s":[{"cn":"AncepSO Ltd","ui":"7830247","t":9720.0,"r":9720.0,"q":1.0,"p":7500.0,"mot":"U","mo":9720.0},{"cn":"Natali_Bardash Инвест","ui":"7889406","t":7266.0,"r":7264.0,"q":6.96,"p":2842.62,"mot":"U","mo":7264.0},{"cn":"","ui":"","t":9379370.0,"r":90.0,"q":1.0,"p":1135.0,"mot":"L","mo":90.0}]},{"d":"04.02.2019","r":19240.0,"q":3.86,"p":5262.37,"s":[{"cn":"AncepSO Ltd","ui":"7830247","t":9990.0,"r":9990.0,"q":1.0,"p":7500.0,"mot":"U","mo":9990.0},{"cn":"Natali_Bardash Инвест","ui":"7889406","t":9065.0,"r":9060.0,"q":6.99,"p":2844.47,"mot":"U","mo":9060.0},{"cn":"","ui":"","t":8243186.0,"r":190.0,"q":5.39,"p":2906.05,"mot":"L","mo":190.0}]},{"d":"05.02.2019","r":19832.0,"q":3.93,"p":5202.98,"s":[{"cn":"AncepSO Ltd","ui":"7830247","t":10080.0,"r":10080.0,"q":1.0,"p":7500.0,"mot":"U","mo":10080.0},{"cn":"Natali_Bardash Инвест","ui":"7889406","t":9667.0,"r":9662.0,"q":7.01,"p":2844.47,"mot":"U","mo":9662.0},{"cn":"","ui":"","t":7842059.0,"r":90.0,"q":1.0,"p":1135.0,"mot":"L","mo":90.0}]},{"d":"06.02.2019","r":20511.0,"q":4.01,"p":5145.33,"s":[{"cn":"AncepSO Ltd","ui":"7830247","t":10170.0,"r":10170.0,"q":1.0,"p":7500.0,"mot":"U","mo":10170.0},{"cn":"Natali_Bardash Инвест","ui":"7889406","t":10269.0,"r":10251.0,"q":7.03,"p":2844.47,"mot":"U","mo":10251.0},{"cn":"","ui":"","t":7457631.0,"r":90.0,"q":1.0,"p":1135.0,"mot":"L","mo":90.0}]},{"d":"07.02.2019","r":21204.0,"q":4.1,"p":5089.89,"s":[{"cn":"AncepSO Ltd","ui":"7830247","t":10260.0,"r":10260.0,"q":1.0,"p":7500.0,"mot":"U","mo":10260.0},{"cn":"Natali_Bardash Инвест","ui":"7889406","t":10858.0,"r":10854.0,"q":7.05,"p":2844.47,"mot":"U","mo":10854.0},{"cn":"","ui":"","t":7073172.0,"r":90.0,"q":1.0,"p":1135.0,"mot":"L","mo":90.0}]},{"d":"08.02.2019","r":22898.0,"q":4.41,"p":5014.37,"s":[{"cn":"AncepSO Ltd","ui":"7830247","t":10350.0,"r":10350.0,"q":1.0,"p":7500.0,"mot":"U","mo":10350.0},{"cn":"Natali_Bardash Инвест","ui":"7889406","t":11461.0,"r":11458.0,"q":7.08,"p":2844.47,"mot":"U","mo":11458.0},{"cn":"","ui":"","t":6705320.0,"r":1090.0,"q":8.66,"p":4222.16,"mot":"L","mo":1090.0}]}]