[{"d":"24.08.2018","r":1000.0,"q":1.57,"p":700.0,"s":[{"cn":"pinuscz s.r.o","ui":"7826527","t":1000.0,"r":1000.0,"q":1.57,"p":700.0,"mot":"U","mo":1000.0},{"cn":"","ui":"","t":0.0,"r":0.0,"q":0.0,"p":0.0,"mot":"L","mo":0.0}]},{"d":"05.09.2018","r":11025.0,"q":2.04,"p":3000.0,"s":[{"cn":"Манарх Инвест","ui":"7847767","t":11025.0,"r":11025.0,"q":2.04,"p":3000.0,"mot":"U","mo":11025.0},{"cn":"","ui":"","t":0.0,"r":0.0,"q":0.0,"p":0.0,"mot":"L","mo":0.0}]},{"d":"06.09.2018","r":22050.0,"q":2.04,"p":3000.0,"s":[{"cn":"Манарх Инвест","ui":"7847767","t":22050.0,"r":22050.0,"q":2.04,"p":3000.0,"mot":"U","mo":22050.0},{"cn":"","ui":"","t":0.0,"r":0.0,"q":0.0,"p":0.0,"mot":"L","mo":0.0}]},{"d":"07.09.2018","r":33045.0,"q":2.04,"p":2000.0,"s":[{"cn":"Манарх Инвест","ui":"7847767","t":33075.0,"r":33045.0,"q":2.04,"p":2000.0,"mot":"U","mo":33045.0},{"cn":"","ui":"","t":0.0,"r":0.0,"q":0.0,"p":0.0,"mot":"L","mo":0.0}]},{"d":"10.09.2018","r":399078.0,"q":2.04,"p":1073.63,"s":[{"cn":"FGDF","ui":"7850076","t":330688.0,"r":330657.0,"q":2.04,"p":990.0,"mot":"U","mo":330657.0},{"cn":"Манарх Инвест","ui":"7847767","t":66118.0,"r":66117.0,"q":2.04,"p":1500.0,"mot":"U","mo":66117.0},{"cn":"","ui":"","t":2536.0,"r":2304.0,"q":2.02,"p":840.0,"mot":"L","mo":2304.0}]},{"d":"12.09.2018","r":642973.0,"q":2.04,"p":1058.96,"s":[{"cn":"FGDF","ui":"7850076","t":550635.0,"r":550635.0,"q":2.04,"p":990.0,"mot":"U","mo":550635.0},{"cn":"Манарх Инвест","ui":"7847767","t":88167.0,"r":88167.0,"q":2.04,"p":1500.0,"mot":"U","mo":88167.0},{"cn":"","ui":"","t":4452.0,"r":4171.0,"q":2.03,"p":840.0,"mot":"L","mo":4171.0}]},{"d":"13.09.2018","r":763415.0,"q":2.04,"p":987.94,"s":[{"cn":"FGDF","ui":"7850076","t":660333.0,"r":660333.0,"q":2.04,"p":990.0,"mot":"U","mo":660333.0},{"cn":"Манарх Инвест","ui":"7847767","t":99192.0,"r":99192.0,"q":2.04,"p":980.0,"mot":"U","mo":99192.0},{"cn":"","ui":"","t":5171.0,"r":3890.0,"q":2.03,"p":840.0,"mot":"L","mo":3890.0}]},{"d":"14.09.2018","r":884408.0,"q":2.05,"p":988.14,"s":[{"cn":"FGDF","ui":"7850076","t":770031.0,"r":770031.0,"q":2.04,"p":990.0,"mot":"U","mo":770031.0},{"cn":"Манарх Инвест","ui":"7847767","t":110768.0,"r":110768.0,"q":2.09,"p":980.0,"mot":"U","mo":110768.0},{"cn":"","ui":"","t":4890.0,"r":3609.0,"q":2.03,"p":840.0,"mot":"L","mo":3609.0}]},{"d":"17.09.2018","r":1220647.0,"q":2.06,"p":988.82,"s":[{"cn":"FGDF","ui":"7850076","t":1081619.0,"r":1076151.0,"q":2.04,"p":990.0,"mot":"U","mo":1076151.0},{"cn":"Манарх Инвест","ui":"7847767","t":145496.0,"r":144496.0,"q":2.18,"p":980.0,"mot":"U","mo":144496.0},{"cn":"","ui":"","t":0.0,"r":0.0,"q":0.0,"p":0.0,"mot":"L","mo":0.0}]},{"d":"18.09.2018","r":1334802.0,"q":2.06,"p":988.84,"s":[{"cn":"FGDF","ui":"7850076","t":1185298.0,"r":1179830.0,"q":2.04,"p":990.0,"mot":"U","mo":1179830.0},{"cn":"Манарх Инвест","ui":"7847767","t":156072.0,"r":154972.0,"q":2.2,"p":980.0,"mot":"U","mo":154972.0},{"cn":"","ui":"","t":0.0,"r":0.0,"q":0.0,"p":0.0,"mot":"L","mo":0.0}]},{"d":"19.09.2018","r":1445806.0,"q":2.06,"p":988.87,"s":[{"cn":"FGDF","ui":"7850076","t":1288426.0,"r":1282958.0,"q":2.04,"p":990.0,"mot":"U","mo":1282958.0},{"cn":"Манарх Инвест","ui":"7847767","t":165748.0,"r":162848.0,"q":2.22,"p":980.0,"mot":"U","mo":162848.0},{"cn":"","ui":"","t":0.0,"r":0.0,"q":0.0,"p":0.0,"mot":"L","mo":0.0}]},{"d":"20.09.2018","r":1546700.0,"q":2.06,"p":988.96,"s":[{"cn":"FGDF","ui":"7850076","t":1391554.0,"r":1386086.0,"q":2.04,"p":990.0,"mot":"U","mo":1386086.0},{"cn":"Манарх Инвест","ui":"7847767","t":165424.0,"r":160614.0,"q":2.23,"p":980.0,"mot":"U","mo":160614.0},{"cn":"","ui":"","t":0.0,"r":0.0,"q":0.0,"p":0.0,"mot":"L","mo":0.0}]},{"d":"21.09.2018","r":1647190.0,"q":2.06,"p":989.04,"s":[{"cn":"FGDF","ui":"7850076","t":1494681.0,"r":1489212.0,"q":2.04,"p":990.0,"mot":"U","mo":1489212.0},{"cn":"Манарх Инвест","ui":"7847767","t":167489.0,"r":157978.0,"q":2.25,"p":980.0,"mot":"U","mo":157978.0},{"cn":"","ui":"","t":0.0,"r":0.0,"q":0.0,"p":0.0,"mot":"L","mo":0.0}]},{"d":"24.09.2018","r":1966643.0,"q":2.06,"p":989.14,"s":[{"cn":"FGDF","ui":"7850076","t":1802960.0,"r":1797491.0,"q":2.04,"p":990.0,"mot":"U","mo":1797491.0},{"cn":"Манарх Инвест","ui":"7847767","t":177673.0,"r":169152.0,"q":2.29,"p":980.0,"mot":"U","mo":169152.0},{"cn":"","ui":"","t":0.0,"r":0.0,"q":0.0,"p":0.0,"mot":"L","mo":0.0}]},{"d":"25.09.2018","r":2072274.0,"q":2.06,"p":989.17,"s":[{"cn":"FGDF","ui":"7850076","t":1905536.0,"r":1900067.0,"q":2.04,"p":990.0,"mot":"U","mo":1900067.0},{"cn":"Манарх Инвест","ui":"7847767","t":180728.0,"r":172207.0,"q":2.3,"p":980.0,"mot":"U","mo":172207.0},{"cn":"","ui":"","t":0.0,"r":0.0,"q":0.0,"p":0.0,"mot":"L","mo":0.0}]},{"d":"26.09.2018","r":2176617.0,"q":2.06,"p":989.19,"s":[{"cn":"FGDF","ui":"7850076","t":2007183.0,"r":2001337.0,"q":2.04,"p":990.0,"mot":"U","mo":2001337.0},{"cn":"Манарх Инвест","ui":"7847767","t":183792.0,"r":175280.0,"q":2.31,"p":980.0,"mot":"U","mo":175280.0},{"cn":"","ui":"","t":0.0,"r":0.0,"q":0.0,"p":0.0,"mot":"L","mo":0.0}]},{"d":"28.09.2018","r":2280848.0,"q":2.06,"p":988.58,"s":[{"cn":"FGDF","ui":"7850076","t":2108830.0,"r":2102984.0,"q":2.04,"p":990.0,"mot":"U","mo":2102984.0},{"cn":"Манарх Инвест","ui":"7847767","t":185366.0,"r":175364.0,"q":2.32,"p":980.0,"mot":"U","mo":175364.0},{"cn":"","ui":"","t":2500.0,"r":2500.0,"q":1.0,"p":400.0,"mot":"L","mo":2500.0}]},{"d":"01.02.2019","r":2.876297E7,"q":2.75,"p":320.61,"s":[{"cn":"FGDF","ui":"7850076","t":1.4435562E7,"r":1.4431262E7,"q":1.93,"p":350.0,"mot":"U","mo":1.4431262E7},{"cn":"Шубин Инвест","ui":"7853064","t":1.9436671E7,"r":1.9360911E7,"q":2.58,"p":20.0,"mot":"L","mo":5000000.0},{"cn":"Yellow Rose","ui":"7855631","t":8913252.0,"r":8514568.0,"q":4.04,"p":450.0,"mot":"U","mo":8514568.0},{"cn":"","ui":"","t":886602.0,"r":817140.0,"q":4.79,"p":292.82,"mot":"L","mo":817140.0}]},{"d":"04.02.2019","r":2.3600805E7,"q":2.76,"p":284.28,"s":[{"cn":"FGDF","ui":"7850076","t":1.4739426E7,"r":1.4738126E7,"q":1.93,"p":199.0,"mot":"U","mo":1.4738126E7},{"cn":"Yellow Rose","ui":"7855631","t":8124927.0,"r":7726243.0,"q":4.06,"p":450.0,"mot":"U","mo":7726243.0},{"cn":"","ui":"","t":1255888.0,"r":1136436.0,"q":4.72,"p":263.51,"mot":"L","mo":1136436.0}]},{"d":"05.02.2019","r":2.3363122E7,"q":2.73,"p":282.14,"s":[{"cn":"FGDF","ui":"7850076","t":1.4848376E7,"r":1.4846576E7,"q":1.93,"p":199.0,"mot":"U","mo":1.4846576E7},{"cn":"Yellow Rose","ui":"7855631","t":7861455.0,"r":7462771.0,"q":4.07,"p":450.0,"mot":"U","mo":7462771.0},{"cn":"","ui":"","t":1420127.0,"r":1053775.0,"q":4.6,"p":264.62,"mot":"L","mo":1053775.0}]},{"d":"06.02.2019","r":2.3503265E7,"q":2.74,"p":279.05,"s":[{"cn":"FGDF","ui":"7850076","t":1.4956826E7,"r":1.4955026E7,"q":1.93,"p":199.0,"mot":"U","mo":1.4955026E7},{"cn":"Yellow Rose","ui":"7855631","t":7597983.0,"r":7199299.0,"q":4.08,"p":450.0,"mot":"U","mo":7199299.0},{"cn":"","ui":"","t":1534498.0,"r":1348940.0,"q":4.61,"p":254.08,"mot":"L","mo":1348940.0}]},{"d":"07.02.2019","r":2.3518121E7,"q":2.74,"p":276.61,"s":[{"cn":"FGDF","ui":"7850076","t":1.5064724E7,"r":1.5063424E7,"q":1.93,"p":199.0,"mot":"U","mo":1.5063424E7},{"cn":"Yellow Rose","ui":"7855631","t":7334511.0,"r":6935827.0,"q":4.08,"p":450.0,"mot":"U","mo":6935827.0},{"cn":"","ui":"","t":1945602.0,"r":1518870.0,"q":4.58,"p":254.46,"mot":"L","mo":1518870.0}]},{"d":"08.02.2019","r":2.3533339E7,"q":2.73,"p":274.17,"s":[{"cn":"FGDF","ui":"7850076","t":1.5173122E7,"r":1.5171822E7,"q":1.93,"p":199.0,"mot":"U","mo":1.5171822E7},{"cn":"Yellow Rose","ui":"7855631","t":7071039.0,"r":6672355.0,"q":4.09,"p":450.0,"mot":"U","mo":6672355.0},{"cn":"","ui":"","t":2355208.0,"r":1689162.0,"q":4.55,"p":254.84,"mot":"L","mo":1689162.0}]}]