[{"pi":"422704","pc":"Топливо","ss":2000,"td":"","dc":1,"n":7.61,"vc":"70","sl":"","sv":"15","p":4799.0,"q":11.58,"b":0.0,"ms":0.0,"wi":40.63,"ei":8.35,"as":401.48,"mi":"E","mv":617079,"sc":1,"lpe":100.0,"lpr":855.9,"lq":1.0,"d":1800290},{"pi":"422704","pc":"Топливо","ss":100000,"td":"","dc":1,"n":407.78,"vc":"12115","sl":"","sv":"500","p":5200.0,"q":17.93,"b":0.0,"ms":0.77,"wi":30.15,"ei":5.75,"as":372.7,"mi":"E","mv":65211,"sc":2,"lpe":99.2,"lpr":851.74,"lq":1.0,"d":337654},{"pi":"422704","pc":"Топливо","ss":2000,"td":"","dc":1,"n":38.44,"vc":"19","sl":"","sv":"21","p":4668.0,"q":11.54,"b":0.0,"ms":0.03,"wi":30.15,"ei":5.75,"as":372.7,"mi":"E","mv":65211,"sc":2,"lpe":99.2,"lpr":851.74,"lq":1.0,"d":337654},{"pi":"422704","pc":"Топливо","ss":10000,"td":"","dc":1,"n":426.23,"vc":"4552","sl":"","sv":"30000","p":1800.0,"q":18.88,"b":4.14,"ms":6.63,"wi":29.25,"ei":8.45,"as":439.9,"mi":"E","mv":452771,"sc":2,"lpe":87.85,"lpr":512.12,"lq":3.45,"d":1245074},{"pi":"422704","pc":"Топливо","ss":10000,"td":"","dc":1,"n":435.84,"vc":"4805","sl":"","sv":"25000","p":1000.0,"q":11.75,"b":1.12,"ms":5.52,"wi":29.25,"ei":8.45,"as":439.9,"mi":"E","mv":452771,"sc":2,"lpe":87.85,"lpr":512.12,"lq":3.45,"d":1245074},{"pi":"422704","pc":"Топливо","ss":200000,"td":"","dc":1,"n":706.17,"vc":"83222","sl":"","sv":"38359","p":666.0,"q":31.97,"b":4.91,"ms":48.04,"wi":32.44,"ei":6.07,"as":476.41,"mi":"E","mv":79853,"sc":2,"lpe":51.75,"lpr":84.7,"lq":17.73,"d":337654},{"pi":"422704","pc":"Топливо","ss":30000,"td":"","dc":1,"n":0.0,"vc":"184","sl":"","sv":"167","p":386.41,"q":24.09,"b":0.0,"ms":0.21,"wi":32.44,"ei":6.07,"as":476.41,"mi":"E","mv":79853,"sc":2,"lpe":51.75,"lpr":84.7,"lq":17.73,"d":337654},{"pi":"422704","pc":"Топливо","ss":3000,"td":"","dc":1,"n":603.19,"vc":"1928","sl":"","sv":"3333","p":1111.0,"q":16.91,"b":3.86,"ms":0.71,"wi":47.36,"ei":13.7,"as":485.13,"mi":"E","mv":472183,"sc":1,"lpe":99.29,"lpr":1173.14,"lq":1.0,"d":2201522},{"pi":"422704","pc":"Топливо","ss":75000,"td":"","dc":1,"n":573.83,"vc":"44818","sl":"","sv":"55000","p":3200.0,"q":16.02,"b":4.77,"ms":13.49,"wi":30.11,"ei":6.04,"as":324.9,"mi":"E","mv":407831,"sc":4,"lpe":81.94,"lpr":577.6,"lq":3.78,"d":1272208},{"pi":"422704","pc":"Топливо","ss":3000,"td":"","dc":1,"n":118.36,"vc":"115","sl":"","sv":"8667","p":1500.0,"q":13.47,"b":0.45,"ms":2.13,"wi":30.11,"ei":6.04,"as":324.9,"mi":"E","mv":407831,"sc":4,"lpe":81.94,"lpr":577.6,"lq":3.78,"d":1272208},{"pi":"422704","pc":"Топливо","ss":3000,"td":"","dc":1,"n":434.08,"vc":"642","sl":"","sv":"6052","p":1800.0,"q":10.39,"b":0.0,"ms":1.48,"wi":30.11,"ei":6.04,"as":324.9,"mi":"E","mv":407831,"sc":4,"lpe":81.94,"lpr":577.6,"lq":3.78,"d":1272208},{"pi":"422704","pc":"Топливо","ss":1000,"td":"","dc":1,"n":434.34,"vc":"200","sl":"","sv":"3929","p":2000.0,"q":11.73,"b":1.12,"ms":0.96,"wi":30.11,"ei":6.04,"as":324.9,"mi":"E","mv":407831,"sc":4,"lpe":81.94,"lpr":577.6,"lq":3.78,"d":1272208},{"pi":"422704","pc":"Топливо","ss":10000,"td":"","dc":1,"n":400.69,"vc":"4665","sl":"","sv":"15320","p":2500.0,"q":11.73,"b":1.12,"ms":4.04,"wi":30.18,"ei":7.35,"as":395.48,"mi":"E","mv":378934,"sc":1,"lpe":95.96,"lpr":457.19,"lq":1.0,"d":2131716},{"pi":"422704","pc":"Топливо","ss":2000,"td":"","dc":1,"n":17.21,"vc":"11","sl":"","sv":"3","p":4399.0,"q":7.85,"b":0.0,"ms":0.01,"wi":14.0,"ei":3.17,"as":164.37,"mi":"E","mv":44686,"sc":1,"lpe":99.99,"lpr":850.27,"lq":1.0,"d":1525560},{"pi":"422704","pc":"Топливо","ss":60000,"td":"","dc":1,"n":445.08,"vc":"39796","sl":"","sv":"10891","p":6900.0,"q":20.67,"b":2.34,"ms":7.93,"wi":29.53,"ei":7.19,"as":362.05,"mi":"E","mv":137406,"sc":1,"lpe":92.07,"lpr":838.42,"lq":2.69,"d":1698210},{"pi":"422704","pc":"Топливо","ss":10000,"td":"","dc":1,"n":704.36,"vc":"8022","sl":"","sv":"20158","p":1900.0,"q":32.19,"b":5.31,"ms":100.0,"wi":27.02,"ei":5.07,"as":121.61,"mi":"AAA","mv":20158,"sc":1,"lpe":0.0,"lpr":2414.35,"lq":5.94,"d":2278380},{"pi":"422704","pc":"Топливо","ss":31000,"td":"","dc":1,"n":454.65,"vc":"10979","sl":"","sv":"50000","p":4200.0,"q":20.67,"b":4.23,"ms":5.76,"wi":58.63,"ei":8.06,"as":1539.04,"mi":"E","mv":867931,"sc":3,"lpe":89.47,"lpr":840.75,"lq":2.36,"d":2386252},{"pi":"422704","pc":"Топливо","ss":160000,"td":"","dc":1,"n":415.35,"vc":"49800","sl":"","sv":"35855","p":5100.0,"q":16.11,"b":4.23,"ms":4.13,"wi":58.63,"ei":8.06,"as":1539.04,"mi":"E","mv":867931,"sc":3,"lpe":89.47,"lpr":840.75,"lq":2.36,"d":2386252},{"pi":"422704","pc":"Топливо","ss":10000,"td":"","dc":1,"n":471.97,"vc":"3631","sl":"","sv":"5555","p":1111.0,"q":16.91,"b":0.47,"ms":0.64,"wi":58.63,"ei":8.06,"as":1539.04,"mi":"E","mv":867931,"sc":3,"lpe":89.47,"lpr":840.75,"lq":2.36,"d":2386252},{"pi":"422704","pc":"Топливо","ss":100000,"td":"","dc":1,"n":659.75,"vc":"106491","sl":"","sv":"32292","p":3333.0,"q":20.76,"b":0.0,"ms":6.4,"wi":53.5,"ei":9.68,"as":1150.33,"mi":"E","mv":504267,"sc":1,"lpe":93.6,"lpr":1087.0,"lq":1.0,"d":1428314},{"pi":"422704","pc":"Топливо","ss":10000,"td":"","dc":1,"n":472.66,"vc":"3528","sl":"","sv":"5555","p":888.0,"q":16.91,"b":0.47,"ms":1.2,"wi":57.45,"ei":7.34,"as":1266.17,"mi":"E","mv":463579,"sc":2,"lpe":97.72,"lpr":1497.73,"lq":1.0,"d":1323732},{"pi":"422704","pc":"Топливо","ss":10000,"td":"","dc":1,"n":431.56,"vc":"2798","sl":"","sv":"5000","p":2000.0,"q":11.75,"b":1.32,"ms":1.08,"wi":57.45,"ei":7.34,"as":1266.17,"mi":"E","mv":463579,"sc":2,"lpe":97.72,"lpr":1497.73,"lq":1.0,"d":1323732},{"pi":"422704","pc":"Топливо","ss":1000,"td":"","dc":1,"n":225.82,"vc":"198","sl":"","sv":"1000","p":850.0,"q":13.47,"b":2.05,"ms":1.21,"wi":14.79,"ei":6.47,"as":181.29,"mi":"E","mv":82865,"sc":1,"lpe":98.79,"lpr":515.78,"lq":1.0,"d":798566},{"pi":"422704","pc":"Топливо","ss":3000,"td":"","dc":1,"n":471.18,"vc":"1794","sl":"","sv":"4909","p":3000.0,"q":11.73,"b":1.12,"ms":3.12,"wi":26.13,"ei":6.15,"as":282.83,"mi":"E","mv":157503,"sc":1,"lpe":96.88,"lpr":542.05,"lq":1.0,"d":773536},{"pi":"422704","pc":"Топливо","ss":2000,"td":"","dc":1,"n":63.04,"vc":"101","sl":"","sv":"375","p":3599.0,"q":10.94,"b":0.0,"ms":6.43,"wi":10.07,"ei":5.45,"as":184.64,"mi":"E","mv":5828,"sc":1,"lpe":93.57,"lpr":844.79,"lq":1.0,"d":261104},{"pi":"422704","pc":"Топливо","ss":200000,"td":"","dc":1,"n":393.4,"vc":"5058","sl":"","sv":"307","p":5200.0,"q":17.88,"b":0.0,"ms":2.62,"wi":17.0,"ei":3.86,"as":176.4,"mi":"E","mv":11738,"sc":2,"lpe":97.37,"lpr":659.09,"lq":1.0,"d":255784},{"pi":"422704","pc":"Топливо","ss":2000,"td":"","dc":1,"n":63.5,"vc":"5","sl":"","sv":"2","p":2799.0,"q":5.79,"b":0.0,"ms":0.02,"wi":17.0,"ei":3.86,"as":176.4,"mi":"E","mv":11738,"sc":2,"lpe":97.37,"lpr":659.09,"lq":1.0,"d":255784},{"pi":"422704","pc":"Топливо","ss":3000,"td":"","dc":1,"n":40.35,"vc":"164","sl":"","sv":"403","p":4999.0,"q":5.76,"b":0.0,"ms":0.63,"wi":48.78,"ei":6.9,"as":731.03,"mi":"E","mv":64233,"sc":1,"lpe":99.37,"lpr":1586.22,"lq":1.0,"d":621204},{"pi":"422704","pc":"Топливо","ss":20000,"td":"","dc":1,"n":691.88,"vc":"24781","sl":"","sv":"20000","p":2600.0,"q":16.02,"b":6.18,"ms":9.87,"wi":22.23,"ei":8.63,"as":633.68,"mi":"E","mv":202724,"sc":2,"lpe":88.49,"lpr":397.77,"lq":2.4,"d":1557480},{"pi":"422704","pc":"Топливо","ss":10000,"td":"","dc":1,"n":601.12,"vc":"6278","sl":"","sv":"3333","p":1111.0,"q":16.91,"b":4.43,"ms":1.64,"wi":22.23,"ei":8.63,"as":633.68,"mi":"E","mv":202724,"sc":2,"lpe":88.49,"lpr":397.77,"lq":2.4,"d":1557480},{"pi":"422704","pc":"Топливо","ss":100000,"td":"","dc":1,"n":393.46,"vc":"17200","sl":"","sv":"20000","p":5000.0,"q":16.36,"b":0.0,"ms":9.39,"wi":70.52,"ei":6.92,"as":830.0,"mi":"E","mv":212932,"sc":6,"lpe":87.84,"lpr":1684.22,"lq":1.0,"d":885820},{"pi":"422704","pc":"Топливо","ss":4000,"td":"","dc":1,"n":433.11,"vc":"537","sl":"","sv":"2765","p":3300.0,"q":9.87,"b":0.0,"ms":1.3,"wi":70.52,"ei":6.92,"as":830.0,"mi":"E","mv":212932,"sc":6,"lpe":87.84,"lpr":1684.22,"lq":1.0,"d":885820},{"pi":"422704","pc":"Топливо","ss":18000,"td":"","dc":1,"n":433.1,"vc":"2547","sl":"","sv":"1639","p":3500.0,"q":9.87,"b":0.0,"ms":0.77,"wi":70.52,"ei":6.92,"as":830.0,"mi":"E","mv":212932,"sc":6,"lpe":87.84,"lpr":1684.22,"lq":1.0,"d":885820},{"pi":"422704","pc":"Топливо","ss":3000,"td":"","dc":1,"n":304.03,"vc":"260","sl":"","sv":"675","p":9700.0,"q":17.9,"b":0.0,"ms":0.32,"wi":70.52,"ei":6.92,"as":830.0,"mi":"E","mv":212932,"sc":6,"lpe":87.84,"lpr":1684.22,"lq":1.0,"d":885820},{"pi":"422704","pc":"Топливо","ss":13000,"td":"","dc":1,"n":188.16,"vc":"430","sl":"","sv":"501","p":3400.0,"q":9.87,"b":0.0,"ms":0.24,"wi":70.52,"ei":6.92,"as":830.0,"mi":"E","mv":212932,"sc":6,"lpe":87.84,"lpr":1684.22,"lq":1.0,"d":885820},{"pi":"422704","pc":"Топливо","ss":2000,"td":"","dc":1,"n":23.89,"vc":"23","sl":"","sv":"310","p":4489.0,"q":11.26,"b":0.0,"ms":0.15,"wi":70.52,"ei":6.92,"as":830.0,"mi":"E","mv":212932,"sc":6,"lpe":87.84,"lpr":1684.22,"lq":1.0,"d":885820},{"pi":"422704","pc":"Топливо","ss":5000,"td":"","dc":1,"n":357.41,"vc":"1296","sl":"","sv":"1941","p":5000.0,"q":12.06,"b":0.0,"ms":2.02,"wi":25.21,"ei":7.04,"as":421.66,"mi":"E","mv":96087,"sc":1,"lpe":97.98,"lpr":860.68,"lq":1.0,"d":501504},{"pi":"422704","pc":"Топливо","ss":5000,"td":"","dc":1,"n":399.35,"vc":"779","sl":"","sv":"1492","p":3600.0,"q":9.87,"b":0.0,"ms":0.56,"wi":23.11,"ei":7.81,"as":332.8,"mi":"E","mv":265810,"sc":1,"lpe":99.44,"lpr":858.68,"lq":1.0,"d":3405138},{"pi":"422704","pc":"Топливо","ss":3000,"td":"","dc":1,"n":62.28,"vc":"185","sl":"","sv":"5670","p":3999.0,"q":12.76,"b":0.0,"ms":19.2,"wi":54.11,"ei":6.6,"as":722.0,"mi":"E","mv":29528,"sc":1,"lpe":80.8,"lpr":1358.92,"lq":1.54,"d":323400},{"pi":"422704","pc":"Топливо","ss":10000,"td":"","dc":1,"n":519.9,"vc":"6235","sl":"","sv":"3333","p":2222.0,"q":16.91,"b":2.44,"ms":0.55,"wi":22.47,"ei":4.7,"as":281.75,"mi":"E","mv":609122,"sc":1,"lpe":99.45,"lpr":858.46,"lq":1.0,"d":2609700},{"pi":"422704","pc":"Топливо","ss":6000,"td":"","dc":1,"n":508.17,"vc":"5048","sl":"","sv":"2326","p":3000.0,"q":9.87,"b":0.0,"ms":7.75,"wi":58.25,"ei":6.2,"as":731.03,"mi":"E","mv":30017,"sc":2,"lpe":91.47,"lpr":859.49,"lq":2.67,"d":311600},{"pi":"422704","pc":"Топливо","ss":3000,"td":"","dc":1,"n":63.78,"vc":"186","sl":"","sv":"234","p":3999.0,"q":10.2,"b":0.0,"ms":0.78,"wi":58.25,"ei":6.2,"as":731.03,"mi":"E","mv":30017,"sc":2,"lpe":91.47,"lpr":859.49,"lq":2.67,"d":311600},{"pi":"422704","pc":"Топливо","ss":2000,"td":"","dc":1,"n":30.58,"vc":"44","sl":"","sv":"14","p":3999.0,"q":6.72,"b":0.0,"ms":0.08,"wi":14.09,"ei":5.88,"as":162.49,"mi":"E","mv":17638,"sc":1,"lpe":99.92,"lpr":849.03,"lq":1.0,"d":743200},{"pi":"422704","pc":"Топливо","ss":100000,"td":"","dc":1,"n":394.48,"vc":"24563","sl":"","sv":"20000","p":3600.0,"q":16.36,"b":0.0,"ms":2.41,"wi":43.4,"ei":9.2,"as":395.48,"mi":"E","mv":828604,"sc":2,"lpe":96.92,"lpr":1178.98,"lq":1.0,"d":2720107},{"pi":"422704","pc":"Топливо","ss":10000,"td":"","dc":1,"n":388.06,"vc":"2081","sl":"","sv":"5555","p":1111.0,"q":16.91,"b":3.76,"ms":0.67,"wi":43.4,"ei":9.2,"as":395.48,"mi":"E","mv":828604,"sc":2,"lpe":96.92,"lpr":1178.98,"lq":1.0,"d":2720107},{"pi":"422704","pc":"Топливо","ss":2000,"td":"","dc":1,"n":24.91,"vc":"82","sl":"","sv":"58","p":4999.0,"q":11.56,"b":0.0,"ms":0.56,"wi":9.57,"ei":9.2,"as":157.75,"mi":"E","mv":10404,"sc":1,"lpe":99.44,"lpr":851.29,"lq":1.0,"d":1153568},{"pi":"422704","pc":"Топливо","ss":10000,"td":"","dc":1,"n":284.79,"vc":"405","sl":"","sv":"18014","p":3000.0,"q":13.94,"b":2.75,"ms":20.69,"wi":40.4,"ei":6.39,"as":406.55,"mi":"E","mv":87064,"sc":1,"lpe":79.31,"lpr":835.82,"lq":4.58,"d":421539},{"pi":"422704","pc":"Топливо","ss":10000,"td":"","dc":1,"n":270.72,"vc":"646","sl":"","sv":"18716","p":3000.0,"q":15.78,"b":2.75,"ms":17.0,"wi":44.09,"ei":8.6,"as":566.73,"mi":"E","mv":110123,"sc":1,"lpe":83.0,"lpr":845.15,"lq":4.53,"d":461655},{"pi":"422704","pc":"Топливо","ss":10000,"td":"","dc":1,"n":328.94,"vc":"3809","sl":"","sv":"1045","p":3850.0,"q":13.5,"b":1.28,"ms":0.33,"wi":55.33,"ei":6.5,"as":1011.7,"mi":"E","mv":312173,"sc":2,"lpe":99.34,"lpr":847.26,"lq":1.0,"d":937349},{"pi":"422704","pc":"Топливо","ss":2000,"td":"","dc":1,"n":174.11,"vc":"306","sl":"","sv":"1000","p":3200.0,"q":9.87,"b":0.0,"ms":0.32,"wi":55.33,"ei":6.5,"as":1011.7,"mi":"E","mv":312173,"sc":2,"lpe":99.34,"lpr":847.26,"lq":1.0,"d":937349},{"pi":"422704","pc":"Топливо","ss":2000,"td":"","dc":1,"n":14.58,"vc":"78","sl":"","sv":"482","p":4999.0,"q":11.65,"b":0.0,"ms":0.21,"wi":52.65,"ei":7.3,"as":1135.0,"mi":"E","mv":230566,"sc":1,"lpe":99.79,"lpr":1159.36,"lq":1.0,"d":849286},{"pi":"422704","pc":"Топливо","ss":100000,"td":"","dc":1,"n":359.24,"vc":"7636","sl":"","sv":"1759","p":5000.0,"q":17.93,"b":0.0,"ms":3.13,"wi":18.34,"ei":5.87,"as":224.4,"mi":"E","mv":56285,"sc":1,"lpe":96.87,"lpr":789.96,"lq":1.0,"d":1073964},{"pi":"422704","pc":"Топливо","ss":2000,"td":"","dc":1,"n":76.21,"vc":"82","sl":"","sv":"350","p":4899.0,"q":11.63,"b":0.0,"ms":1.13,"wi":56.54,"ei":6.3,"as":470.0,"mi":"E","mv":30948,"sc":1,"lpe":98.87,"lpr":1066.39,"lq":1.0,"d":110718},{"pi":"422704","pc":"Топливо","ss":3000,"td":"","dc":1,"n":75.41,"vc":"198","sl":"","sv":"2037","p":4999.0,"q":12.77,"b":0.0,"ms":9.05,"wi":59.28,"ei":6.62,"as":770.0,"mi":"E","mv":22518,"sc":1,"lpe":90.95,"lpr":1295.65,"lq":1.44,"d":389214},{"pi":"422704","pc":"Топливо","ss":2000,"td":"","dc":1,"n":86.73,"vc":"115","sl":"","sv":"169","p":4699.0,"q":11.58,"b":0.0,"ms":0.78,"wi":40.25,"ei":6.2,"as":475.0,"mi":"E","mv":21543,"sc":1,"lpe":99.22,"lpr":879.89,"lq":1.0,"d":105000},{"pi":"422704","pc":"Топливо","ss":10000,"td":"","dc":1,"n":475.36,"vc":"2900","sl":"","sv":"10000","p":1200.0,"q":11.75,"b":1.12,"ms":15.29,"wi":26.16,"ei":6.06,"as":311.6,"mi":"E","mv":65389,"sc":1,"lpe":84.71,"lpr":851.45,"lq":5.34,"d":711318},{"pi":"422704","pc":"Топливо","ss":2000,"td":"","dc":1,"n":30.55,"vc":"85","sl":"","sv":"204","p":3299.0,"q":7.98,"b":0.0,"ms":0.33,"wi":19.5,"ei":5.84,"as":295.53,"mi":"E","mv":62716,"sc":1,"lpe":99.67,"lpr":857.6,"lq":1.0,"d":1299659},{"pi":"422704","pc":"Топливо","ss":10000,"td":"","dc":1,"n":291.76,"vc":"291","sl":"","sv":"13111","p":3000.0,"q":14.11,"b":2.75,"ms":19.35,"wi":41.98,"ei":5.78,"as":781.08,"mi":"E","mv":67758,"sc":2,"lpe":71.8,"lpr":848.58,"lq":4.86,"d":595383},{"pi":"422704","pc":"Топливо","ss":10000,"td":"","dc":1,"n":565.35,"vc":"1224","sl":"","sv":"6000","p":1500.0,"q":12.7,"b":5.05,"ms":8.86,"wi":41.98,"ei":5.78,"as":781.08,"mi":"E","mv":67758,"sc":2,"lpe":71.8,"lpr":848.58,"lq":4.86,"d":595383},{"pi":"422704","pc":"Топливо","ss":1000,"td":"","dc":1,"n":461.79,"vc":"691","sl":"","sv":"1928","p":3980.0,"q":9.87,"b":0.0,"ms":8.43,"wi":41.0,"ei":6.27,"as":505.0,"mi":"E","mv":22883,"sc":2,"lpe":90.8,"lpr":843.17,"lq":1.04,"d":150500},{"pi":"422704","pc":"Топливо","ss":2000,"td":"","dc":1,"n":70.41,"vc":"105","sl":"","sv":"178","p":3999.0,"q":11.49,"b":0.0,"ms":0.78,"wi":41.0,"ei":6.27,"as":505.0,"mi":"E","mv":22883,"sc":2,"lpe":90.8,"lpr":843.17,"lq":1.04,"d":150500},{"pi":"422704","pc":"Топливо","ss":5000,"td":"","dc":1,"n":369.89,"vc":"1223","sl":"","sv":"6378","p":3100.0,"q":9.87,"b":0.0,"ms":20.84,"wi":41.89,"ei":6.37,"as":510.0,"mi":"E","mv":30606,"sc":2,"lpe":76.46,"lpr":820.09,"lq":3.8,"d":150000},{"pi":"422704","pc":"Топливо","ss":3000,"td":"","dc":1,"n":657.23,"vc":"845","sl":"","sv":"827","p":6000.0,"q":17.16,"b":5.96,"ms":2.7,"wi":41.89,"ei":6.37,"as":510.0,"mi":"E","mv":30606,"sc":2,"lpe":76.46,"lpr":820.09,"lq":3.8,"d":150000},{"pi":"422704","pc":"Топливо","ss":3000,"td":"","dc":1,"n":396.86,"vc":"34","sl":"","sv":"500","p":2500.0,"q":9.87,"b":0.0,"ms":7.89,"wi":10.19,"ei":6.75,"as":168.29,"mi":"E","mv":6338,"sc":1,"lpe":92.11,"lpr":836.82,"lq":1.0,"d":787415},{"pi":"422704","pc":"Топливо","ss":10000,"td":"","dc":1,"n":297.93,"vc":"1123","sl":"","sv":"14428","p":3500.0,"q":13.94,"b":2.75,"ms":25.77,"wi":33.97,"ei":5.99,"as":686.84,"mi":"E","mv":55983,"sc":1,"lpe":74.23,"lpr":766.77,"lq":4.14,"d":304853},{"pi":"422704","pc":"Топливо","ss":200000,"td":"","dc":1,"n":8.24,"vc":"7539","sl":"","sv":"453567","p":1265.24,"q":24.09,"b":0.0,"ms":16.19,"wi":51.41,"ei":10.21,"as":485.24,"mi":"E","mv":2802239,"sc":3,"lpe":82.9,"lpr":1121.12,"lq":1.54,"d":7937297},{"pi":"422704","pc":"Топливо","ss":200000,"td":"","dc":1,"n":506.99,"vc":"159944","sl":"","sv":"20000","p":4100.0,"q":16.36,"b":4.06,"ms":0.71,"wi":51.41,"ei":10.21,"as":485.24,"mi":"E","mv":2802239,"sc":3,"lpe":82.9,"lpr":1121.12,"lq":1.54,"d":7937297},{"pi":"422704","pc":"Топливо","ss":100000,"td":"","dc":1,"n":468.58,"vc":"23854","sl":"","sv":"5555","p":1078.0,"q":16.91,"b":0.42,"ms":0.2,"wi":51.41,"ei":10.21,"as":485.24,"mi":"E","mv":2802239,"sc":3,"lpe":82.9,"lpr":1121.12,"lq":1.54,"d":7937297},{"pi":"422704","pc":"Топливо","ss":200000,"td":"","dc":1,"n":327.13,"vc":"32226","sl":"","sv":"3527","p":7000.0,"q":17.93,"b":0.0,"ms":0.45,"wi":43.31,"ei":10.36,"as":626.48,"mi":"E","mv":781311,"sc":1,"lpe":99.55,"lpr":1050.63,"lq":1.0,"d":2913576},{"pi":"422704","pc":"Топливо","ss":10000,"td":"","dc":1,"n":497.0,"vc":"855","sl":"","sv":"5662","p":4900.0,"q":9.87,"b":0.0,"ms":3.4,"wi":46.81,"ei":5.3,"as":327.63,"mi":"E","mv":166423,"sc":1,"lpe":96.6,"lpr":1174.05,"lq":1.0,"d":457641},{"pi":"422704","pc":"Топливо","ss":3000,"td":"","dc":1,"n":339.23,"vc":"506","sl":"","sv":"6352","p":4400.0,"q":9.87,"b":0.0,"ms":3.73,"wi":40.49,"ei":5.9,"as":383.71,"mi":"E","mv":170432,"sc":1,"lpe":96.27,"lpr":1423.34,"lq":1.0,"d":575400},{"pi":"422704","pc":"Топливо","ss":2000,"td":"","dc":1,"n":50.29,"vc":"94","sl":"","sv":"108","p":5499.0,"q":11.54,"b":0.0,"ms":0.17,"wi":55.2,"ei":6.35,"as":490.0,"mi":"E","mv":61895,"sc":1,"lpe":99.83,"lpr":1006.4,"lq":1.0,"d":200961},{"pi":"422704","pc":"Топливо","ss":10000,"td":"","dc":1,"n":498.73,"vc":"1481","sl":"","sv":"8000","p":4500.0,"q":9.87,"b":0.0,"ms":4.89,"wi":40.52,"ei":6.02,"as":346.71,"mi":"E","mv":163604,"sc":1,"lpe":95.11,"lpr":1126.04,"lq":1.0,"d":429614},{"pi":"422704","pc":"Топливо","ss":10000,"td":"","dc":1,"n":481.39,"vc":"2908","sl":"","sv":"15000","p":2200.0,"q":11.75,"b":2.29,"ms":7.19,"wi":44.27,"ei":6.43,"as":852.09,"mi":"E","mv":208759,"sc":3,"lpe":90.09,"lpr":674.36,"lq":1.02,"d":653500},{"pi":"422704","pc":"Топливо","ss":30000,"td":"","dc":1,"n":527.57,"vc":"12287","sl":"","sv":"5555","p":999.0,"q":16.91,"b":4.68,"ms":2.66,"wi":44.27,"ei":6.43,"as":852.09,"mi":"E","mv":208759,"sc":3,"lpe":90.09,"lpr":674.36,"lq":1.02,"d":653500},{"pi":"422704","pc":"Топливо","ss":3000,"td":"","dc":1,"n":310.75,"vc":"316","sl":"","sv":"127","p":3500.0,"q":9.87,"b":0.0,"ms":0.06,"wi":44.27,"ei":6.43,"as":852.09,"mi":"E","mv":208759,"sc":3,"lpe":90.09,"lpr":674.36,"lq":1.02,"d":653500},{"pi":"422704","pc":"Топливо","ss":5000,"td":"","dc":1,"n":359.2,"vc":"1223","sl":"","sv":"8000","p":3500.0,"q":9.87,"b":0.0,"ms":2.99,"wi":76.41,"ei":6.74,"as":520.0,"mi":"E","mv":267217,"sc":4,"lpe":93.77,"lpr":1534.64,"lq":1.0,"d":1007644},{"pi":"422704","pc":"Топливо","ss":5000,"td":"","dc":1,"n":45.15,"vc":"322","sl":"","sv":"4141","p":4500.0,"q":11.86,"b":0.0,"ms":1.55,"wi":76.41,"ei":6.74,"as":520.0,"mi":"E","mv":267217,"sc":4,"lpe":93.77,"lpr":1534.64,"lq":1.0,"d":1007644},{"pi":"422704","pc":"Топливо","ss":3000,"td":"","dc":1,"n":128.61,"vc":"361","sl":"","sv":"2500","p":4700.0,"q":9.87,"b":0.0,"ms":0.94,"wi":76.41,"ei":6.74,"as":520.0,"mi":"E","mv":267217,"sc":4,"lpe":93.77,"lpr":1534.64,"lq":1.0,"d":1007644},{"pi":"422704","pc":"Топливо","ss":5000,"td":"","dc":1,"n":409.34,"vc":"2881","sl":"","sv":"2000","p":10000.0,"q":21.14,"b":1.09,"ms":0.75,"wi":76.41,"ei":6.74,"as":520.0,"mi":"E","mv":267217,"sc":4,"lpe":93.77,"lpr":1534.64,"lq":1.0,"d":1007644},{"pi":"422704","pc":"Топливо","ss":2000,"td":"","dc":1,"n":49.2,"vc":"94","sl":"","sv":"277","p":3999.0,"q":10.91,"b":0.0,"ms":1.15,"wi":22.29,"ei":6.67,"as":399.41,"mi":"E","mv":24151,"sc":1,"lpe":98.85,"lpr":905.44,"lq":1.0,"d":569331},{"pi":"422704","pc":"Топливо","ss":3000,"td":"","dc":1,"n":518.14,"vc":"284","sl":"","sv":"350","p":3700.0,"q":9.87,"b":0.0,"ms":0.62,"wi":42.72,"ei":10.0,"as":347.24,"mi":"E","mv":56435,"sc":2,"lpe":99.03,"lpr":853.43,"lq":1.0,"d":832568},{"pi":"422704","pc":"Топливо","ss":4000,"td":"","dc":1,"n":398.06,"vc":"150","sl":"","sv":"198","p":2657.58,"q":9.87,"b":0.0,"ms":0.35,"wi":42.72,"ei":10.0,"as":347.24,"mi":"E","mv":56435,"sc":2,"lpe":99.03,"lpr":853.43,"lq":1.0,"d":832568},{"pi":"422704","pc":"Топливо","ss":10000,"td":"","dc":1,"n":540.7,"vc":"1688","sl":"","sv":"3333","p":1444.0,"q":16.91,"b":4.75,"ms":3.27,"wi":45.74,"ei":4.79,"as":375.45,"mi":"E","mv":101871,"sc":1,"lpe":96.73,"lpr":999.43,"lq":1.0,"d":270251},{"pi":"422704","pc":"Топливо","ss":2000,"td":"","dc":1,"n":35.48,"vc":"13","sl":"","sv":"32","p":3999.0,"q":6.16,"b":0.0,"ms":0.02,"wi":50.78,"ei":4.68,"as":308.59,"mi":"E","mv":164726,"sc":1,"lpe":99.98,"lpr":1548.59,"lq":1.0,"d":591389},{"pi":"422704","pc":"Топливо","ss":10000,"td":"","dc":1,"n":300.78,"vc":"1234","sl":"","sv":"4479","p":4800.0,"q":15.53,"b":1.0,"ms":1.29,"wi":43.38,"ei":6.7,"as":374.03,"mi":"E","mv":347316,"sc":1,"lpe":98.71,"lpr":1152.91,"lq":1.0,"d":966800},{"pi":"422704","pc":"Топливо","ss":100000,"td":"","dc":1,"n":520.64,"vc":"19503","sl":"","sv":"2246","p":3656.0,"q":23.85,"b":0.0,"ms":2.9,"wi":64.71,"ei":6.05,"as":576.91,"mi":"E","mv":77326,"sc":3,"lpe":96.84,"lpr":895.76,"lq":1.0,"d":459137},{"pi":"422704","pc":"Топливо","ss":11000,"td":"","dc":1,"n":536.19,"vc":"1485","sl":"","sv":"180","p":5000.0,"q":18.29,"b":0.0,"ms":0.23,"wi":64.71,"ei":6.05,"as":576.91,"mi":"E","mv":77326,"sc":3,"lpe":96.84,"lpr":895.76,"lq":1.0,"d":459137},{"pi":"422704","pc":"Топливо","ss":2000,"td":"","dc":1,"n":34.05,"vc":"18","sl":"","sv":"18","p":4999.0,"q":11.54,"b":0.0,"ms":0.02,"wi":64.71,"ei":6.05,"as":576.91,"mi":"E","mv":77326,"sc":3,"lpe":96.84,"lpr":895.76,"lq":1.0,"d":459137},{"pi":"422704","pc":"Топливо","ss":6000,"td":"","dc":1,"n":417.85,"vc":"1667","sl":"","sv":"70342","p":1500.0,"q":12.48,"b":0.0,"ms":12.2,"wi":61.14,"ei":8.95,"as":503.46,"mi":"E","mv":576591,"sc":3,"lpe":86.74,"lpr":1130.71,"lq":4.18,"d":1890013},{"pi":"422704","pc":"Топливо","ss":1000,"td":"","dc":1,"n":499.47,"vc":"384","sl":"","sv":"5555","p":1444.0,"q":16.91,"b":4.75,"ms":0.96,"wi":61.14,"ei":8.95,"as":503.46,"mi":"E","mv":576591,"sc":3,"lpe":86.74,"lpr":1130.71,"lq":4.18,"d":1890013},{"pi":"422704","pc":"Топливо","ss":4000,"td":"","dc":1,"n":268.04,"vc":"72","sl":"","sv":"583","p":3000.0,"q":9.87,"b":0.0,"ms":0.1,"wi":61.14,"ei":8.95,"as":503.46,"mi":"E","mv":576591,"sc":3,"lpe":86.74,"lpr":1130.71,"lq":4.18,"d":1890013},{"pi":"422704","pc":"Топливо","ss":100000,"td":"","dc":1,"n":0.0,"vc":"118","sl":"","sv":"11529","p":134.39,"q":24.09,"b":0.0,"ms":100.0,"wi":23.17,"ei":8.33,"as":763.85,"mi":"B","mv":11529,"sc":1,"lpe":0.0,"lpr":91.92,"lq":16.84,"d":62655},{"pi":"422704","pc":"Топливо","ss":10000,"td":"","dc":1,"n":299.36,"vc":"817","sl":"","sv":"8000","p":4000.0,"q":9.87,"b":0.0,"ms":2.03,"wi":41.77,"ei":5.17,"as":324.21,"mi":"E","mv":394338,"sc":1,"lpe":97.97,"lpr":1186.85,"lq":1.0,"d":1093944},{"pi":"422704","pc":"Топливо","ss":100000,"td":"","dc":1,"n":457.1,"vc":"21217","sl":"","sv":"37316","p":2150.0,"q":26.24,"b":5.77,"ms":20.99,"wi":42.65,"ei":7.51,"as":296.6,"mi":"E","mv":177740,"sc":2,"lpe":79.0,"lpr":316.34,"lq":2.03,"d":854206},{"pi":"422704","pc":"Топливо","ss":1000,"td":"","dc":1,"n":91.05,"vc":"27","sl":"","sv":"1","p":1300.0,"q":6.19,"b":0.85,"ms":0.0,"wi":42.65,"ei":7.51,"as":296.6,"mi":"E","mv":177740,"sc":2,"lpe":79.0,"lpr":316.34,"lq":2.03,"d":854206},{"pi":"422704","pc":"Топливо","ss":30000,"td":"","dc":1,"n":362.89,"vc":"8463","sl":"","sv":"5555","p":1111.0,"q":16.91,"b":2.2,"ms":0.75,"wi":37.74,"ei":8.34,"as":368.44,"mi":"E","mv":741554,"sc":1,"lpe":99.25,"lpr":1062.83,"lq":1.0,"d":3046448},{"pi":"422704","pc":"Топливо","ss":2000,"td":"","dc":1,"n":100.83,"vc":"165","sl":"","sv":"3639","p":3999.0,"q":12.48,"b":0.0,"ms":19.51,"wi":71.09,"ei":7.03,"as":848.35,"mi":"E","mv":18653,"sc":1,"lpe":80.49,"lpr":1057.58,"lq":1.34,"d":204300},{"pi":"422704","pc":"Топливо","ss":10000,"td":"","dc":1,"n":486.19,"vc":"3192","sl":"","sv":"5000","p":1900.0,"q":11.75,"b":1.45,"ms":1.7,"wi":52.91,"ei":9.63,"as":496.97,"mi":"E","mv":293860,"sc":1,"lpe":98.3,"lpr":940.58,"lq":1.0,"d":819904},{"pi":"422704","pc":"Топливо","ss":2000,"td":"","dc":1,"n":99.31,"vc":"143","sl":"","sv":"2723","p":4999.0,"q":12.39,"b":0.0,"ms":14.88,"wi":74.5,"ei":7.36,"as":893.48,"mi":"E","mv":18294,"sc":1,"lpe":85.12,"lpr":1285.12,"lq":1.3,"d":210400},{"pi":"422704","pc":"Топливо","ss":10000,"td":"","dc":1,"n":530.08,"vc":"1066","sl":"","sv":"129","p":5000.0,"q":9.03,"b":0.14,"ms":0.16,"wi":30.59,"ei":8.1,"as":527.63,"mi":"E","mv":82446,"sc":1,"lpe":99.84,"lpr":858.23,"lq":1.0,"d":424280},{"pi":"422704","pc":"Топливо","ss":2000,"td":"","dc":1,"n":80.33,"vc":"184","sl":"","sv":"5700","p":3599.0,"q":12.63,"b":0.0,"ms":16.1,"wi":87.64,"ei":8.05,"as":970.4,"mi":"E","mv":35409,"sc":1,"lpe":83.9,"lpr":1154.1,"lq":3.33,"d":257300},{"pi":"422704","pc":"Топливо","ss":2000,"td":"","dc":1,"n":71.25,"vc":"176","sl":"","sv":"11743","p":3599.0,"q":12.86,"b":0.0,"ms":24.75,"wi":120.31,"ei":8.27,"as":1100.0,"mi":"E","mv":47453,"sc":1,"lpe":75.25,"lpr":1542.81,"lq":1.83,"d":261300},{"pi":"422704","pc":"Топливо","ss":3000,"td":"","dc":1,"n":496.62,"vc":"1788","sl":"","sv":"6000","p":2200.0,"q":10.39,"b":0.0,"ms":27.38,"wi":12.41,"ei":5.85,"as":1069.31,"mi":"E","mv":21913,"sc":2,"lpe":65.12,"lpr":508.18,"lq":1.73,"d":547234},{"pi":"422704","pc":"Топливо","ss":3000,"td":"","dc":1,"n":174.21,"vc":"307","sl":"","sv":"1644","p":2800.0,"q":15.83,"b":3.71,"ms":7.5,"wi":12.41,"ei":5.85,"as":1069.31,"mi":"E","mv":21913,"sc":2,"lpe":65.12,"lpr":508.18,"lq":1.73,"d":547234},{"pi":"422704","pc":"Топливо","ss":2000,"td":"","dc":1,"n":80.07,"vc":"98","sl":"","sv":"118","p":5499.0,"q":11.5,"b":0.0,"ms":0.42,"wi":54.25,"ei":5.98,"as":460.0,"mi":"E","mv":28052,"sc":1,"lpe":99.58,"lpr":1011.17,"lq":1.0,"d":104429},{"pi":"422704","pc":"Топливо","ss":105000,"td":"","dc":1,"n":314.72,"vc":"2168","sl":"","sv":"124","p":5500.0,"q":17.93,"b":0.0,"ms":0.39,"wi":30.95,"ei":6.21,"as":558.66,"mi":"E","mv":31411,"sc":1,"lpe":99.61,"lpr":726.35,"lq":1.0,"d":364025},{"pi":"422704","pc":"Топливо","ss":30000,"td":"","dc":1,"n":590.34,"vc":"13190","sl":"","sv":"3368","p":1450.0,"q":26.16,"b":5.57,"ms":13.2,"wi":30.42,"ei":6.8,"as":676.87,"mi":"E","mv":25508,"sc":1,"lpe":86.8,"lpr":187.91,"lq":1.87,"d":364314},{"pi":"422704","pc":"Топливо","ss":60000,"td":"","dc":1,"n":417.26,"vc":"7253","sl":"","sv":"15043","p":1400.0,"q":20.67,"b":3.87,"ms":15.51,"wi":7.3,"ei":3.97,"as":155.77,"mi":"E","mv":97019,"sc":2,"lpe":83.35,"lpr":196.44,"lq":1.71,"d":9182999},{"pi":"422704","pc":"Топливо","ss":10000,"td":"","dc":1,"n":506.98,"vc":"1803","sl":"","sv":"1111","p":1111.0,"q":16.91,"b":3.57,"ms":1.15,"wi":7.3,"ei":3.97,"as":155.77,"mi":"E","mv":97019,"sc":2,"lpe":83.35,"lpr":196.44,"lq":1.71,"d":9182999},{"pi":"422704","pc":"Топливо","ss":10000,"td":"","dc":1,"n":503.0,"vc":"2536","sl":"","sv":"10000","p":2000.0,"q":12.7,"b":4.9,"ms":8.63,"wi":33.25,"ei":5.98,"as":355.0,"mi":"E","mv":115934,"sc":1,"lpe":91.37,"lpr":657.8,"lq":2.8,"d":407200},{"pi":"422704","pc":"Топливо","ss":2000,"td":"","dc":1,"n":33.28,"vc":"86","sl":"","sv":"4","p":4599.0,"q":5.96,"b":0.0,"ms":0.01,"wi":23.01,"ei":10.23,"as":400.12,"mi":"E","mv":50795,"sc":1,"lpe":99.99,"lpr":855.58,"lq":1.0,"d":1021590},{"pi":"422704","pc":"Топливо","ss":6000,"td":"","dc":1,"n":462.51,"vc":"1301","sl":"","sv":"20000","p":750.0,"q":12.48,"b":6.17,"ms":9.69,"wi":46.42,"ei":7.3,"as":627.02,"mi":"E","mv":206376,"sc":2,"lpe":82.72,"lpr":840.18,"lq":3.58,"d":802170},{"pi":"422704","pc":"Топливо","ss":10000,"td":"","dc":1,"n":328.68,"vc":"1053","sl":"","sv":"15652","p":3000.0,"q":13.36,"b":2.25,"ms":7.58,"wi":46.42,"ei":7.3,"as":627.02,"mi":"E","mv":206376,"sc":2,"lpe":82.72,"lpr":840.18,"lq":3.58,"d":802170},{"pi":"422704","pc":"Топливо","ss":50000,"td":"","dc":1,"n":442.51,"vc":"7941","sl":"","sv":"27749","p":900.0,"q":26.33,"b":4.1,"ms":30.57,"wi":31.84,"ei":7.85,"as":603.38,"mi":"E","mv":90769,"sc":2,"lpe":67.7,"lpr":192.28,"lq":11.36,"d":416978},{"pi":"422704","pc":"Топливо","ss":10000,"td":"","dc":1,"n":520.38,"vc":"3182","sl":"","sv":"1567","p":1200.0,"q":19.26,"b":2.25,"ms":1.73,"wi":31.84,"ei":7.85,"as":603.38,"mi":"E","mv":90769,"sc":2,"lpe":67.7,"lpr":192.28,"lq":11.36,"d":416978},{"pi":"422704","pc":"Топливо","ss":10000,"td":"","dc":1,"n":520.11,"vc":"6059","sl":"","sv":"5555","p":1444.0,"q":16.91,"b":4.1,"ms":2.89,"wi":56.89,"ei":9.91,"as":1255.43,"mi":"E","mv":192521,"sc":1,"lpe":97.11,"lpr":1694.23,"lq":1.0,"d":866377},{"pi":"422704","pc":"Топливо","ss":2000,"td":"","dc":1,"n":14.99,"vc":"18","sl":"","sv":"117","p":4999.0,"q":11.55,"b":0.0,"ms":0.06,"wi":52.44,"ei":7.07,"as":916.68,"mi":"E","mv":201351,"sc":1,"lpe":99.94,"lpr":1707.94,"lq":1.0,"d":810776},{"pi":"422704","pc":"Топливо","ss":100000,"td":"","dc":1,"n":722.87,"vc":"137248","sl":"","sv":"100000","p":3750.0,"q":32.09,"b":5.64,"ms":81.74,"wi":94.63,"ei":8.46,"as":478.49,"mi":"D","mv":122340,"sc":1,"lpe":18.26,"lpr":1680.36,"lq":6.52,"d":446958},{"pi":"422704","pc":"Топливо","ss":1000,"td":"","dc":1,"n":307.86,"vc":"159","sl":"","sv":"100","p":3200.0,"q":9.87,"b":0.0,"ms":0.06,"wi":32.08,"ei":6.78,"as":377.26,"mi":"E","mv":173492,"sc":1,"lpe":99.94,"lpr":855.86,"lq":1.0,"d":1015892},{"pi":"422704","pc":"Топливо","ss":10000,"td":"","dc":1,"n":514.51,"vc":"6310","sl":"","sv":"2222","p":2222.0,"q":16.91,"b":2.85,"ms":0.47,"wi":38.84,"ei":2.5,"as":233.96,"mi":"E","mv":472736,"sc":1,"lpe":99.53,"lpr":858.1,"lq":1.0,"d":1300000},{"pi":"422704","pc":"Топливо","ss":10000,"td":"","dc":1,"n":310.56,"vc":"1013","sl":"","sv":"7295","p":4000.0,"q":13.24,"b":2.75,"ms":13.54,"wi":45.3,"ei":5.78,"as":429.76,"mi":"E","mv":53863,"sc":1,"lpe":86.46,"lpr":848.68,"lq":4.56,"d":147418},{"pi":"422704","pc":"Топливо","ss":100000,"td":"","dc":1,"n":345.95,"vc":"29616","sl":"","sv":"40000","p":4300.0,"q":10.39,"b":0.41,"ms":3.77,"wi":49.0,"ei":9.22,"as":582.17,"mi":"E","mv":1060907,"sc":2,"lpe":95.92,"lpr":1201.62,"lq":1.0,"d":4670247},{"pi":"422704","pc":"Топливо","ss":10000,"td":"","dc":1,"n":404.44,"vc":"4040","sl":"","sv":"3333","p":1111.0,"q":16.91,"b":3.92,"ms":0.31,"wi":49.0,"ei":9.22,"as":582.17,"mi":"E","mv":1060907,"sc":2,"lpe":95.92,"lpr":1201.62,"lq":1.0,"d":4670247},{"pi":"422704","pc":"Топливо","ss":100000,"td":"","dc":1,"n":419.39,"vc":"5563","sl":"","sv":"608","p":7200.0,"q":16.12,"b":0.0,"ms":1.81,"wi":15.63,"ei":5.89,"as":181.69,"mi":"E","mv":33508,"sc":1,"lpe":98.19,"lpr":859.62,"lq":1.0,"d":1624224},{"pi":"422704","pc":"Топливо","ss":3000,"td":"","dc":1,"n":0.0,"vc":"35","sl":"","sv":"1100","p":1476.73,"q":12.35,"b":4.02,"ms":1.24,"wi":35.6,"ei":4.5,"as":498.36,"mi":"E","mv":88438,"sc":1,"lpe":98.76,"lpr":852.77,"lq":1.0,"d":295646},{"pi":"422704","pc":"Топливо","ss":100000,"td":"","dc":1,"n":566.58,"vc":"23700","sl":"","sv":"3333","p":1178.0,"q":16.91,"b":5.22,"ms":4.05,"wi":35.06,"ei":4.73,"as":569.04,"mi":"E","mv":82305,"sc":2,"lpe":94.74,"lpr":824.02,"lq":1.0,"d":432432},{"pi":"422704","pc":"Топливо","ss":3000,"td":"","dc":1,"n":0.0,"vc":"25","sl":"","sv":"1000","p":1410.02,"q":12.35,"b":4.02,"ms":1.21,"wi":35.06,"ei":4.73,"as":569.04,"mi":"E","mv":82305,"sc":2,"lpe":94.74,"lpr":824.02,"lq":1.0,"d":432432},{"pi":"422704","pc":"Топливо","ss":10000,"td":"","dc":1,"n":307.71,"vc":"3379","sl":"","sv":"14158","p":3000.0,"q":13.47,"b":1.89,"ms":4.15,"wi":36.1,"ei":6.12,"as":257.26,"mi":"E","mv":341395,"sc":1,"lpe":95.85,"lpr":602.37,"lq":1.0,"d":1243963},{"pi":"422704","pc":"Топливо","ss":1000,"td":"","dc":1,"n":402.4,"vc":"380","sl":"","sv":"11165","p":1300.0,"q":12.7,"b":3.9,"ms":9.34,"wi":22.01,"ei":10.38,"as":215.62,"mi":"E","mv":119592,"sc":1,"lpe":90.66,"lpr":838.72,"lq":5.24,"d":1958164},{"pi":"422704","pc":"Топливо","ss":10000,"td":"","dc":1,"n":0.0,"vc":"596","sl":"","sv":"3500","p":3000.0,"q":9.87,"b":0.0,"ms":2.45,"wi":33.6,"ei":3.8,"as":200.0,"mi":"E","mv":143127,"sc":1,"lpe":97.55,"lpr":859.02,"lq":1.0,"d":691937},{"pi":"422704","pc":"Топливо","ss":25000,"td":"","dc":1,"n":595.62,"vc":"1475","sl":"","sv":"254","p":3500.0,"q":10.01,"b":0.14,"ms":2.23,"wi":21.23,"ei":6.63,"as":441.16,"mi":"E","mv":11380,"sc":1,"lpe":97.77,"lpr":789.7,"lq":1.0,"d":232409},{"pi":"422704","pc":"Топливо","ss":100000,"td":"","dc":1,"n":712.84,"vc":"61556","sl":"","sv":"55998","p":2400.0,"q":19.09,"b":0.0,"ms":31.15,"wi":56.96,"ei":9.3,"as":1427.81,"mi":"E","mv":179774,"sc":1,"lpe":68.85,"lpr":461.83,"lq":6.0,"d":571745},{"pi":"422704","pc":"Топливо","ss":3000,"td":"","dc":1,"n":580.97,"vc":"1928","sl":"","sv":"5555","p":1111.0,"q":16.91,"b":5.67,"ms":9.16,"wi":27.31,"ei":5.84,"as":270.3,"mi":"E","mv":60647,"sc":1,"lpe":90.84,"lpr":495.26,"lq":1.0,"d":231947},{"pi":"422704","pc":"Топливо","ss":200000,"td":"","dc":1,"n":738.6,"vc":"27755","sl":"","sv":"4329","p":3456.0,"q":32.57,"b":0.0,"ms":12.75,"wi":29.92,"ei":7.3,"as":1040.0,"mi":"E","mv":33954,"sc":1,"lpe":87.25,"lpr":487.74,"lq":2.58,"d":105907},{"pi":"422704","pc":"Топливо","ss":30000,"td":"","dc":1,"n":479.58,"vc":"8003","sl":"","sv":"12261","p":1250.0,"q":26.42,"b":4.1,"ms":18.3,"wi":31.66,"ei":6.14,"as":589.01,"mi":"E","mv":66989,"sc":2,"lpe":80.11,"lpr":242.43,"lq":1.53,"d":231572},{"pi":"422704","pc":"Топливо","ss":3000,"td":"","dc":1,"n":571.68,"vc":"1619","sl":"","sv":"1063","p":1600.0,"q":11.72,"b":2.68,"ms":1.59,"wi":31.66,"ei":6.14,"as":589.01,"mi":"E","mv":66989,"sc":2,"lpe":80.11,"lpr":242.43,"lq":1.53,"d":231572},{"pi":"422704","pc":"Топливо","ss":30000,"td":"","dc":1,"n":508.57,"vc":"8858","sl":"","sv":"7916","p":1450.0,"q":26.44,"b":4.1,"ms":18.24,"wi":29.33,"ei":5.65,"as":482.15,"mi":"E","mv":43409,"sc":1,"lpe":81.76,"lpr":257.78,"lq":1.58,"d":205748},{"pi":"422704","pc":"Топливо","ss":2000,"td":"","dc":1,"n":174.28,"vc":"143","sl":"","sv":"510","p":10000.0,"q":6.83,"b":0.0,"ms":0.12,"wi":73.44,"ei":10.13,"as":1418.97,"mi":"E","mv":415411,"sc":2,"lpe":99.84,"lpr":4144.6,"lq":1.0,"d":1940426},{"pi":"422704","pc":"Топливо","ss":1000,"td":"","dc":1,"n":17.47,"vc":"13","sl":"","sv":"157","p":4800.0,"q":9.87,"b":0.0,"ms":0.04,"wi":73.44,"ei":10.13,"as":1418.97,"mi":"E","mv":415411,"sc":2,"lpe":99.84,"lpr":4144.6,"lq":1.0,"d":1940426},{"pi":"422704","pc":"Топливо","ss":3000,"td":"","dc":1,"n":482.91,"vc":"1171","sl":"","sv":"5700","p":806.74,"q":12.35,"b":4.02,"ms":22.09,"wi":25.74,"ei":5.81,"as":645.13,"mi":"E","mv":25801,"sc":1,"lpe":77.91,"lpr":479.73,"lq":3.39,"d":103071},{"pi":"422704","pc":"Топливо","ss":1000,"td":"","dc":1,"n":0.0,"vc":"15","sl":"","sv":"1100","p":1481.35,"q":12.35,"b":4.02,"ms":0.83,"wi":42.93,"ei":6.8,"as":569.12,"mi":"E","mv":131940,"sc":1,"lpe":99.17,"lpr":855.44,"lq":1.0,"d":493446},{"pi":"422704","pc":"Топливо","ss":10000,"td":"","dc":1,"n":0.0,"vc":"495","sl":"","sv":"4000","p":2012.2,"q":15.34,"b":0.0,"ms":0.18,"wi":42.0,"ei":7.38,"as":569.58,"mi":"E","mv":2220606,"sc":1,"lpe":99.82,"lpr":1091.81,"lq":1.0,"d":7759910},{"pi":"422704","pc":"Топливо","ss":3000,"td":"","dc":1,"n":517.85,"vc":"1017","sl":"","sv":"5000","p":4250.0,"q":15.78,"b":2.38,"ms":3.63,"wi":46.38,"ei":5.3,"as":431.96,"mi":"E","mv":137868,"sc":2,"lpe":94.71,"lpr":1023.88,"lq":1.0,"d":715026},{"pi":"422704","pc":"Топливо","ss":3000,"td":"","dc":1,"n":0.0,"vc":"60","sl":"","sv":"2300","p":1775.06,"q":12.35,"b":4.02,"ms":1.67,"wi":46.38,"ei":5.3,"as":431.96,"mi":"E","mv":137868,"sc":2,"lpe":94.71,"lpr":1023.88,"lq":1.0,"d":715026},{"pi":"422704","pc":"Топливо","ss":200000,"td":"","dc":1,"n":493.89,"vc":"237916","sl":"","sv":"3000","p":4500.0,"q":16.36,"b":3.12,"ms":0.08,"wi":45.82,"ei":8.65,"as":615.72,"mi":"E","mv":3614520,"sc":2,"lpe":99.86,"lpr":852.97,"lq":1.0,"d":13814734},{"pi":"422704","pc":"Топливо","ss":10000,"td":"","dc":1,"n":0.0,"vc":"536","sl":"","sv":"2000","p":1572.02,"q":15.34,"b":0.0,"ms":0.06,"wi":45.82,"ei":8.65,"as":615.72,"mi":"E","mv":3614520,"sc":2,"lpe":99.86,"lpr":852.97,"lq":1.0,"d":13814734},{"pi":"422704","pc":"Топливо","ss":10000,"td":"","dc":1,"n":582.24,"vc":"4650","sl":"","sv":"5555","p":1111.0,"q":16.91,"b":5.22,"ms":3.87,"wi":46.39,"ei":7.53,"as":889.8,"mi":"E","mv":143606,"sc":3,"lpe":92.0,"lpr":854.44,"lq":1.0,"d":740963},{"pi":"422704","pc":"Топливо","ss":3000,"td":"","dc":1,"n":513.69,"vc":"868","sl":"","sv":"4931","p":5000.0,"q":14.51,"b":2.38,"ms":3.43,"wi":46.39,"ei":7.53,"as":889.8,"mi":"E","mv":143606,"sc":3,"lpe":92.0,"lpr":854.44,"lq":1.0,"d":740963},{"pi":"422704","pc":"Топливо","ss":3000,"td":"","dc":1,"n":0.0,"vc":"53","sl":"","sv":"1000","p":1462.08,"q":12.35,"b":4.02,"ms":0.7,"wi":46.39,"ei":7.53,"as":889.8,"mi":"E","mv":143606,"sc":3,"lpe":92.0,"lpr":854.44,"lq":1.0,"d":740963},{"pi":"422704","pc":"Топливо","ss":7000,"td":"","dc":1,"n":603.82,"vc":"5277","sl":"","sv":"960","p":4850.0,"q":9.87,"b":0.0,"ms":8.51,"wi":16.99,"ei":3.79,"as":237.5,"mi":"E","mv":11286,"sc":1,"lpe":91.49,"lpr":832.88,"lq":3.64,"d":239767},{"pi":"422704","pc":"Топливо","ss":10000,"td":"","dc":1,"n":451.68,"vc":"4679","sl":"","sv":"10000","p":4750.0,"q":15.78,"b":2.38,"ms":2.97,"wi":46.17,"ei":6.95,"as":452.93,"mi":"E","mv":336920,"sc":2,"lpe":96.23,"lpr":1079.67,"lq":1.0,"d":1133084},{"pi":"422704","pc":"Топливо","ss":3000,"td":"","dc":1,"n":0.0,"vc":"110","sl":"","sv":"2700","p":1873.16,"q":12.35,"b":4.02,"ms":0.8,"wi":46.17,"ei":6.95,"as":452.93,"mi":"E","mv":336920,"sc":2,"lpe":96.23,"lpr":1079.67,"lq":1.0,"d":1133084},{"pi":"422704","pc":"Топливо","ss":6000,"td":"","dc":1,"n":615.4,"vc":"1089","sl":"","sv":"2200","p":3250.0,"q":9.87,"b":0.0,"ms":22.71,"wi":17.18,"ei":3.88,"as":224.15,"mi":"E","mv":9686,"sc":1,"lpe":77.29,"lpr":847.88,"lq":4.56,"d":209701},{"pi":"422704","pc":"Топливо","ss":1000,"td":"","dc":1,"n":568.87,"vc":"380","sl":"","sv":"26000","p":1200.0,"q":12.7,"b":5.55,"ms":10.84,"wi":44.49,"ei":6.0,"as":520.55,"mi":"E","mv":239956,"sc":2,"lpe":85.71,"lpr":850.88,"lq":5.23,"d":636296},{"pi":"422704","pc":"Топливо","ss":3000,"td":"","dc":1,"n":0.0,"vc":"59","sl":"","sv":"8300","p":1233.52,"q":12.35,"b":4.02,"ms":3.46,"wi":44.49,"ei":6.0,"as":520.55,"mi":"E","mv":239956,"sc":2,"lpe":85.71,"lpr":850.88,"lq":5.23,"d":636296},{"pi":"422704","pc":"Топливо","ss":3000,"td":"","dc":1,"n":385.03,"vc":"928","sl":"","sv":"10000","p":2850.0,"q":10.39,"b":0.0,"ms":2.17,"wi":26.37,"ei":6.96,"as":315.97,"mi":"E","mv":461009,"sc":2,"lpe":97.4,"lpr":762.25,"lq":1.0,"d":2666467},{"pi":"422704","pc":"Топливо","ss":3000,"td":"","dc":1,"n":0.0,"vc":"113","sl":"","sv":"2000","p":1478.76,"q":15.34,"b":0.0,"ms":0.43,"wi":26.37,"ei":6.96,"as":315.97,"mi":"E","mv":461009,"sc":2,"lpe":97.4,"lpr":762.25,"lq":1.0,"d":2666467},{"pi":"422704","pc":"Топливо","ss":10000,"td":"","dc":1,"n":467.95,"vc":"8345","sl":"","sv":"20000","p":2000.0,"q":11.75,"b":1.39,"ms":7.39,"wi":33.17,"ei":6.1,"as":333.09,"mi":"E","mv":270502,"sc":2,"lpe":90.76,"lpr":542.25,"lq":1.0,"d":784551},{"pi":"422704","pc":"Топливо","ss":10000,"td":"","dc":1,"n":467.55,"vc":"8327","sl":"","sv":"5000","p":2300.0,"q":10.39,"b":0.0,"ms":1.85,"wi":33.17,"ei":6.1,"as":333.09,"mi":"E","mv":270502,"sc":2,"lpe":90.76,"lpr":542.25,"lq":1.0,"d":784551},{"pi":"422704","pc":"Топливо","ss":30000,"td":"","dc":1,"n":603.46,"vc":"8498","sl":"","sv":"56000","p":468.76,"q":12.35,"b":0.0,"ms":17.17,"wi":52.18,"ei":6.76,"as":1256.54,"mi":"E","mv":326166,"sc":1,"lpe":82.83,"lpr":279.05,"lq":1.64,"d":3053989},{"pi":"422704","pc":"Топливо","ss":3000,"td":"","dc":1,"n":176.12,"vc":"136","sl":"","sv":"602","p":3500.0,"q":6.68,"b":0.0,"ms":0.38,"wi":44.17,"ei":5.0,"as":337.91,"mi":"E","mv":160286,"sc":1,"lpe":99.62,"lpr":1217.33,"lq":1.0,"d":451228},{"pi":"422704","pc":"Топливо","ss":40000,"td":"","dc":1,"n":697.88,"vc":"19762","sl":"","sv":"7406","p":1498.47,"q":16.02,"b":7.26,"ms":9.23,"wi":50.69,"ei":6.38,"as":396.58,"mi":"E","mv":80202,"sc":1,"lpe":90.77,"lpr":838.77,"lq":2.75,"d":212610},{"pi":"422704","pc":"Топливо","ss":3000,"td":"","dc":1,"n":437.64,"vc":"1037","sl":"","sv":"3333","p":999.0,"q":16.91,"b":2.91,"ms":1.51,"wi":24.25,"ei":6.9,"as":333.93,"mi":"E","mv":221083,"sc":1,"lpe":98.49,"lpr":858.32,"lq":1.0,"d":1307433},{"pi":"422704","pc":"Топливо","ss":2000,"td":"","dc":1,"n":164.34,"vc":"89","sl":"","sv":"272","p":4999.0,"q":11.31,"b":0.0,"ms":6.2,"wi":30.87,"ei":8.3,"as":910.0,"mi":"E","mv":4384,"sc":1,"lpe":93.8,"lpr":1122.21,"lq":1.0,"d":136152},{"pi":"422704","pc":"Топливо","ss":200000,"td":"","dc":1,"n":585.63,"vc":"257435","sl":"","sv":"267721","p":3333.0,"q":22.72,"b":0.0,"ms":18.99,"wi":37.85,"ei":4.1,"as":564.39,"mi":"E","mv":1409525,"sc":1,"lpe":81.01,"lpr":481.87,"lq":3.2,"d":6760400},{"pi":"422704","pc":"Топливо","ss":1000,"td":"","dc":1,"n":352.05,"vc":"386","sl":"","sv":"10035","p":3000.0,"q":11.73,"b":0.87,"ms":6.7,"wi":34.5,"ei":9.48,"as":426.08,"mi":"E","mv":149716,"sc":1,"lpe":93.3,"lpr":782.65,"lq":1.0,"d":945778},{"pi":"422704","pc":"Топливо","ss":3000,"td":"","dc":1,"n":375.99,"vc":"1398","sl":"","sv":"11000","p":2500.0,"q":16.36,"b":0.0,"ms":9.81,"wi":24.95,"ei":14.44,"as":648.34,"mi":"E","mv":112106,"sc":1,"lpe":90.19,"lpr":593.82,"lq":1.24,"d":824554},{"pi":"422704","pc":"Топливо","ss":10000,"td":"","dc":1,"n":419.44,"vc":"1147","sl":"","sv":"5000","p":1500.0,"q":11.75,"b":1.39,"ms":1.84,"wi":34.92,"ei":8.76,"as":403.15,"mi":"E","mv":271852,"sc":1,"lpe":98.16,"lpr":914.33,"lq":1.0,"d":1571414},{"pi":"422704","pc":"Топливо","ss":125000,"td":"","dc":1,"n":406.56,"vc":"9075","sl":"","sv":"1600","p":4400.0,"q":17.93,"b":0.0,"ms":1.6,"wi":15.19,"ei":5.63,"as":173.79,"mi":"E","mv":100155,"sc":1,"lpe":98.4,"lpr":846.29,"lq":1.0,"d":1174246},{"pi":"422704","pc":"Топливо","ss":3000,"td":"","dc":1,"n":402.74,"vc":"1618","sl":"","sv":"45608","p":2800.0,"q":11.73,"b":0.0,"ms":6.4,"wi":41.94,"ei":6.52,"as":288.14,"mi":"E","mv":712159,"sc":4,"lpe":93.12,"lpr":843.91,"lq":1.0,"d":2083537},{"pi":"422704","pc":"Топливо","ss":10000,"td":"","dc":1,"n":478.64,"vc":"6331","sl":"","sv":"3333","p":1111.0,"q":16.91,"b":2.57,"ms":0.47,"wi":41.94,"ei":6.52,"as":288.14,"mi":"E","mv":712159,"sc":4,"lpe":93.12,"lpr":843.91,"lq":1.0,"d":2083537},{"pi":"422704","pc":"Топливо","ss":1000,"td":"","dc":1,"n":65.02,"vc":"85","sl":"","sv":"34","p":5000.0,"q":14.75,"b":0.0,"ms":0.0,"wi":41.94,"ei":6.52,"as":288.14,"mi":"E","mv":712159,"sc":4,"lpe":93.12,"lpr":843.91,"lq":1.0,"d":2083537},{"pi":"422704","pc":"Топливо","ss":1000,"td":"","dc":1,"n":0.0,"vc":"60","sl":"","sv":"5","p":5000.0,"q":9.98,"b":0.0,"ms":0.0,"wi":41.94,"ei":6.52,"as":288.14,"mi":"E","mv":712159,"sc":4,"lpe":93.12,"lpr":843.91,"lq":1.0,"d":2083537},{"pi":"422704","pc":"Топливо","ss":100000,"td":"","dc":1,"n":712.18,"vc":"27558","sl":"","sv":"3879","p":1034.0,"q":21.99,"b":0.41,"ms":18.6,"wi":5.18,"ei":6.43,"as":62.62,"mi":"E","mv":20856,"sc":2,"lpe":81.31,"lpr":129.39,"lq":7.81,"d":4122068},{"pi":"422704","pc":"Топливо","ss":1000,"td":"","dc":1,"n":345.77,"vc":"28","sl":"","sv":"19","p":500.0,"q":11.72,"b":0.75,"ms":0.09,"wi":5.18,"ei":6.43,"as":62.62,"mi":"E","mv":20856,"sc":2,"lpe":81.31,"lpr":129.39,"lq":7.81,"d":4122068},{"pi":"422704","pc":"Топливо","ss":100000,"td":"","dc":1,"n":22.14,"vc":"1085","sl":"","sv":"7067","p":2999.0,"q":17.98,"b":1.49,"ms":19.53,"wi":12.03,"ei":2.69,"as":232.37,"mi":"E","mv":36194,"sc":1,"lpe":80.47,"lpr":530.94,"lq":3.6,"d":1331893},{"pi":"422704","pc":"Топливо","ss":100000,"td":"","dc":1,"n":523.08,"vc":"38053","sl":"","sv":"9000","p":3500.0,"q":18.18,"b":0.0,"ms":2.11,"wi":58.06,"ei":9.31,"as":842.54,"mi":"E","mv":426370,"sc":2,"lpe":97.11,"lpr":1071.57,"lq":1.0,"d":2290569},{"pi":"422704","pc":"Топливо","ss":10000,"td":"","dc":1,"n":335.06,"vc":"1120","sl":"","sv":"3333","p":2333.0,"q":16.91,"b":1.98,"ms":0.78,"wi":58.06,"ei":9.31,"as":842.54,"mi":"E","mv":426370,"sc":2,"lpe":97.11,"lpr":1071.57,"lq":1.0,"d":2290569},{"pi":"422704","pc":"Топливо","ss":1000,"td":"","dc":1,"n":433.24,"vc":"188","sl":"","sv":"200","p":2500.0,"q":11.75,"b":2.1,"ms":7.03,"wi":23.58,"ei":7.24,"as":754.49,"mi":"E","mv":2846,"sc":1,"lpe":92.97,"lpr":820.25,"lq":1.0,"d":73161},{"pi":"422704","pc":"Топливо","ss":156000,"td":"","dc":1,"n":500.63,"vc":"13059","sl":"","sv":"40749","p":9500.0,"q":17.93,"b":0.0,"ms":70.5,"wi":126.3,"ei":8.15,"as":586.4,"mi":"AAA","mv":57798,"sc":2,"lpe":0.0,"lpr":4100.59,"lq":9.51,"d":282934},{"pi":"422704","pc":"Топливо","ss":10000,"td":"","dc":1,"n":678.32,"vc":"1909","sl":"","sv":"17049","p":7000.0,"q":32.13,"b":5.86,"ms":29.5,"wi":126.3,"ei":8.15,"as":586.4,"mi":"AAA","mv":57798,"sc":2,"lpe":0.0,"lpr":4100.59,"lq":9.51,"d":282934},{"pi":"422704","pc":"Топливо","ss":20000,"td":"","dc":1,"n":668.24,"vc":"7403","sl":"","sv":"2363","p":5555.0,"q":25.92,"b":0.0,"ms":12.57,"wi":86.62,"ei":11.59,"as":6064.68,"mi":"E","mv":18803,"sc":1,"lpe":87.43,"lpr":850.57,"lq":5.11,"d":65057},{"pi":"422704","pc":"Топливо","ss":2000,"td":"","dc":1,"n":170.6,"vc":"34","sl":"","sv":"5","p":4199.0,"q":6.16,"b":0.0,"ms":0.29,"wi":24.98,"ei":8.7,"as":800.0,"mi":"E","mv":1708,"sc":1,"lpe":99.71,"lpr":853.52,"lq":1.0,"d":67586},{"pi":"422704","pc":"Топливо","ss":150000,"td":"","dc":1,"n":339.04,"vc":"15807","sl":"","sv":"1821","p":6400.0,"q":17.65,"b":0.0,"ms":1.64,"wi":34.7,"ei":6.29,"as":350.0,"mi":"E","mv":110869,"sc":1,"lpe":98.36,"lpr":858.24,"lq":1.0,"d":545700},{"pi":"422704","pc":"Топливо","ss":1000,"td":"","dc":1,"n":242.41,"vc":"159","sl":"","sv":"10617","p":1200.0,"q":13.3,"b":0.0,"ms":5.42,"wi":33.4,"ei":6.19,"as":361.0,"mi":"E","mv":195972,"sc":1,"lpe":94.58,"lpr":537.31,"lq":1.0,"d":574316},{"pi":"422704","pc":"Топливо","ss":10000,"td":"","dc":1,"n":488.11,"vc":"9350","sl":"","sv":"9000","p":1800.0,"q":11.75,"b":0.6,"ms":9.4,"wi":21.36,"ei":7.77,"as":324.92,"mi":"E","mv":95702,"sc":1,"lpe":90.6,"lpr":500.7,"lq":1.0,"d":767373},{"pi":"422704","pc":"Топливо","ss":100000,"td":"","dc":1,"n":446.5,"vc":"34179","sl":"","sv":"100000","p":3000.0,"q":18.88,"b":2.99,"ms":3.74,"wi":50.69,"ei":6.73,"as":559.13,"mi":"E","mv":2671587,"sc":3,"lpe":93.94,"lpr":851.36,"lq":1.0,"d":7083090},{"pi":"422704","pc":"Топливо","ss":30000,"td":"","dc":1,"n":113.9,"vc":"3449","sl":"","sv":"52461","p":3750.0,"q":19.0,"b":0.51,"ms":1.96,"wi":50.69,"ei":6.73,"as":559.13,"mi":"E","mv":2671587,"sc":3,"lpe":93.94,"lpr":851.36,"lq":1.0,"d":7083090},{"pi":"422704","pc":"Топливо","ss":10000,"td":"","dc":1,"n":317.35,"vc":"3559","sl":"","sv":"9497","p":3800.0,"q":10.33,"b":0.0,"ms":0.36,"wi":50.69,"ei":6.73,"as":559.13,"mi":"E","mv":2671587,"sc":3,"lpe":93.94,"lpr":851.36,"lq":1.0,"d":7083090},{"pi":"422704","pc":"Топливо","ss":3000,"td":"","dc":1,"n":110.14,"vc":"155","sl":"","sv":"1035","p":2500.0,"q":8.5,"b":0.0,"ms":5.24,"wi":36.96,"ei":6.62,"as":480.0,"mi":"E","mv":19768,"sc":3,"lpe":89.78,"lpr":835.38,"lq":2.33,"d":160779},{"pi":"422704","pc":"Топливо","ss":1000,"td":"","dc":1,"n":480.28,"vc":"492","sl":"","sv":"925","p":4300.0,"q":9.87,"b":2.27,"ms":4.68,"wi":36.96,"ei":6.62,"as":480.0,"mi":"E","mv":19768,"sc":3,"lpe":89.78,"lpr":835.38,"lq":2.33,"d":160779},{"pi":"422704","pc":"Топливо","ss":1000,"td":"","dc":1,"n":167.73,"vc":"94","sl":"","sv":"61","p":4999.99,"q":9.87,"b":2.27,"ms":0.31,"wi":36.96,"ei":6.62,"as":480.0,"mi":"E","mv":19768,"sc":3,"lpe":89.78,"lpr":835.38,"lq":2.33,"d":160779},{"pi":"422704","pc":"Топливо","ss":2000,"td":"","dc":1,"n":103.74,"vc":"167","sl":"","sv":"2742","p":4999.0,"q":12.8,"b":0.0,"ms":16.35,"wi":65.48,"ei":8.16,"as":857.38,"mi":"E","mv":16769,"sc":1,"lpe":83.65,"lpr":1229.8,"lq":1.24,"d":193300},{"pi":"422704","pc":"Топливо","ss":2000,"td":"","dc":1,"n":19.92,"vc":"43","sl":"","sv":"4","p":5999.0,"q":11.54,"b":0.0,"ms":0.0,"wi":48.58,"ei":7.88,"as":404.82,"mi":"E","mv":202870,"sc":1,"lpe":100.0,"lpr":854.03,"lq":1.0,"d":627892},{"pi":"422704","pc":"Топливо","ss":100000,"td":"","dc":1,"n":437.6,"vc":"24998","sl":"","sv":"36705","p":2150.0,"q":26.28,"b":5.69,"ms":14.5,"wi":40.31,"ei":7.5,"as":560.75,"mi":"E","mv":253110,"sc":1,"lpe":85.5,"lpr":310.8,"lq":2.05,"d":1824510},{"pi":"422704","pc":"Топливо","ss":30000,"td":"","dc":1,"n":569.47,"vc":"10033","sl":"","sv":"6405","p":1550.0,"q":25.96,"b":5.69,"ms":20.43,"wi":28.32,"ei":4.98,"as":365.77,"mi":"E","mv":31356,"sc":1,"lpe":79.57,"lpr":211.01,"lq":1.81,"d":269313},{"pi":"422704","pc":"Топливо","ss":30000,"td":"","dc":1,"n":216.18,"vc":"2999","sl":"","sv":"49763","p":3500.0,"q":19.01,"b":3.59,"ms":16.24,"wi":58.07,"ei":7.31,"as":1434.5,"mi":"E","mv":306369,"sc":2,"lpe":81.94,"lpr":851.74,"lq":4.55,"d":939107},{"pi":"422704","pc":"Топливо","ss":10000,"td":"","dc":1,"n":624.4,"vc":"6057","sl":"","sv":"5555","p":999.0,"q":16.91,"b":3.67,"ms":1.81,"wi":58.07,"ei":7.31,"as":1434.5,"mi":"E","mv":306369,"sc":2,"lpe":81.94,"lpr":851.74,"lq":4.55,"d":939107},{"pi":"422704","pc":"Топливо","ss":30000,"td":"","dc":1,"n":520.16,"vc":"3510","sl":"","sv":"30000","p":1500.0,"q":18.88,"b":2.98,"ms":8.73,"wi":43.28,"ei":9.12,"as":1094.55,"mi":"E","mv":343520,"sc":3,"lpe":88.93,"lpr":832.64,"lq":5.06,"d":981378},{"pi":"422704","pc":"Топливо","ss":10000,"td":"","dc":1,"n":317.97,"vc":"518","sl":"","sv":"8000","p":1750.0,"q":19.0,"b":3.59,"ms":2.33,"wi":43.28,"ei":9.12,"as":1094.55,"mi":"E","mv":343520,"sc":3,"lpe":88.93,"lpr":832.64,"lq":5.06,"d":981378},{"pi":"422704","pc":"Топливо","ss":30000,"td":"","dc":1,"n":0.0,"vc":"250","sl":"","sv":"14","p":768.87,"q":24.09,"b":0.0,"ms":0.0,"wi":43.28,"ei":9.12,"as":1094.55,"mi":"E","mv":343520,"sc":3,"lpe":88.93,"lpr":832.64,"lq":5.06,"d":981378},{"pi":"422704","pc":"Топливо","ss":100000,"td":"","dc":1,"n":460.06,"vc":"71101","sl":"","sv":"60000","p":3300.0,"q":16.36,"b":0.0,"ms":2.7,"wi":32.17,"ei":9.21,"as":253.15,"mi":"E","mv":2223991,"sc":2,"lpe":97.05,"lpr":837.99,"lq":1.0,"d":7913550},{"pi":"422704","pc":"Топливо","ss":10000,"td":"","dc":1,"n":480.7,"vc":"6357","sl":"","sv":"5555","p":2222.0,"q":16.91,"b":2.04,"ms":0.25,"wi":32.17,"ei":9.21,"as":253.15,"mi":"E","mv":2223991,"sc":2,"lpe":97.05,"lpr":837.99,"lq":1.0,"d":7913550},{"pi":"422704","pc":"Топливо","ss":10000,"td":"","dc":1,"n":404.47,"vc":"3351","sl":"","sv":"20000","p":3000.0,"q":11.75,"b":1.33,"ms":2.54,"wi":39.35,"ei":9.4,"as":334.63,"mi":"E","mv":788356,"sc":2,"lpe":97.46,"lpr":852.65,"lq":1.0,"d":2510311},{"pi":"422704","pc":"Топливо","ss":1000,"td":"","dc":1,"n":200.7,"vc":"100","sl":"","sv":"61","p":4600.0,"q":11.31,"b":0.0,"ms":0.01,"wi":39.35,"ei":9.4,"as":334.63,"mi":"E","mv":788356,"sc":2,"lpe":97.46,"lpr":852.65,"lq":1.0,"d":2510311},{"pi":"422704","pc":"Топливо","ss":3000,"td":"","dc":1,"n":198.84,"vc":"141","sl":"","sv":"25213","p":2500.0,"q":19.0,"b":2.89,"ms":9.91,"wi":42.4,"ei":7.94,"as":312.84,"mi":"E","mv":254450,"sc":1,"lpe":90.09,"lpr":841.65,"lq":3.81,"d":1090586},{"pi":"422704","pc":"Топливо","ss":10000,"td":"","dc":1,"n":515.01,"vc":"6195","sl":"","sv":"3333","p":2111.0,"q":16.91,"b":2.04,"ms":2.48,"wi":26.61,"ei":3.62,"as":203.67,"mi":"E","mv":134554,"sc":2,"lpe":97.51,"lpr":845.64,"lq":1.0,"d":408110},{"pi":"422704","pc":"Топливо","ss":2000,"td":"","dc":1,"n":60.69,"vc":"100","sl":"","sv":"21","p":3999.0,"q":5.96,"b":0.0,"ms":0.02,"wi":26.61,"ei":3.62,"as":203.67,"mi":"E","mv":134554,"sc":2,"lpe":97.51,"lpr":845.64,"lq":1.0,"d":408110},{"pi":"422704","pc":"Топливо","ss":10000,"td":"","dc":1,"n":484.62,"vc":"2498","sl":"","sv":"5555","p":1111.0,"q":16.91,"b":2.1,"ms":1.22,"wi":52.25,"ei":7.93,"as":1157.31,"mi":"E","mv":454683,"sc":1,"lpe":98.78,"lpr":1847.19,"lq":1.0,"d":1631714},{"pi":"422704","pc":"Топливо","ss":210000,"td":"","dc":1,"n":692.51,"vc":"14310","sl":"","sv":"218486","p":3877.0,"q":25.19,"b":0.0,"ms":23.46,"wi":53.75,"ei":9.53,"as":1662.81,"mi":"E","mv":931415,"sc":3,"lpe":75.84,"lpr":817.82,"lq":5.45,"d":2620393},{"pi":"422704","pc":"Топливо","ss":20000,"td":"","dc":1,"n":508.5,"vc":"12519","sl":"","sv":"5555","p":1111.0,"q":16.91,"b":3.67,"ms":0.6,"wi":53.75,"ei":9.53,"as":1662.81,"mi":"E","mv":931415,"sc":3,"lpe":75.84,"lpr":817.82,"lq":5.45,"d":2620393},{"pi":"422704","pc":"Топливо","ss":10000,"td":"","dc":1,"n":160.27,"vc":"1471","sl":"","sv":"1000","p":2500.0,"q":19.0,"b":3.59,"ms":0.11,"wi":53.75,"ei":9.53,"as":1662.81,"mi":"E","mv":931415,"sc":3,"lpe":75.84,"lpr":817.82,"lq":5.45,"d":2620393},{"pi":"422704","pc":"Топливо","ss":6000,"td":"","dc":1,"n":278.89,"vc":"1486","sl":"","sv":"75000","p":2200.0,"q":11.48,"b":3.6,"ms":2.49,"wi":61.12,"ei":10.04,"as":1836.76,"mi":"E","mv":3017523,"sc":2,"lpe":96.85,"lpr":1697.68,"lq":1.0,"d":10036968},{"pi":"422704","pc":"Топливо","ss":200000,"td":"","dc":1,"n":501.42,"vc":"219077","sl":"","sv":"20000","p":5400.0,"q":16.36,"b":0.0,"ms":0.66,"wi":61.12,"ei":10.04,"as":1836.76,"mi":"E","mv":3017523,"sc":2,"lpe":96.85,"lpr":1697.68,"lq":1.0,"d":10036968},{"pi":"422704","pc":"Топливо","ss":2000,"td":"","dc":1,"n":20.19,"vc":"50","sl":"","sv":"16","p":4999.0,"q":11.48,"b":0.0,"ms":0.01,"wi":28.89,"ei":5.04,"as":260.46,"mi":"E","mv":168622,"sc":1,"lpe":99.99,"lpr":856.09,"lq":1.0,"d":876292},{"pi":"422704","pc":"Топливо","ss":6000,"td":"","dc":1,"n":333.58,"vc":"1908","sl":"","sv":"70000","p":1600.0,"q":11.48,"b":4.11,"ms":6.21,"wi":58.08,"ei":17.43,"as":630.16,"mi":"E","mv":1127137,"sc":4,"lpe":92.62,"lpr":1037.49,"lq":1.0,"d":6569718},{"pi":"422704","pc":"Топливо","ss":10000,"td":"","dc":1,"n":346.92,"vc":"4213","sl":"","sv":"10000","p":3550.0,"q":10.39,"b":0.0,"ms":0.89,"wi":58.08,"ei":17.43,"as":630.16,"mi":"E","mv":1127137,"sc":4,"lpe":92.62,"lpr":1037.49,"lq":1.0,"d":6569718},{"pi":"422704","pc":"Топливо","ss":16000,"td":"","dc":1,"n":426.4,"vc":"9501","sl":"","sv":"3120","p":7000.0,"q":15.58,"b":0.01,"ms":0.28,"wi":58.08,"ei":17.43,"as":630.16,"mi":"E","mv":1127137,"sc":4,"lpe":92.62,"lpr":1037.49,"lq":1.0,"d":6569718},{"pi":"422704","pc":"Топливо","ss":2000,"td":"","dc":1,"n":224.02,"vc":"401","sl":"","sv":"25","p":7000.0,"q":10.49,"b":1.05,"ms":0.0,"wi":58.08,"ei":17.43,"as":630.16,"mi":"E","mv":1127137,"sc":4,"lpe":92.62,"lpr":1037.49,"lq":1.0,"d":6569718},{"pi":"422704","pc":"Топливо","ss":2000,"td":"","dc":1,"n":31.24,"vc":"67","sl":"","sv":"157","p":5999.0,"q":11.54,"b":0.0,"ms":0.13,"wi":40.92,"ei":4.8,"as":286.98,"mi":"E","mv":119849,"sc":1,"lpe":99.87,"lpr":1194.88,"lq":1.0,"d":329560},{"pi":"422704","pc":"Топливо","ss":100000,"td":"","dc":1,"n":500.14,"vc":"77503","sl":"","sv":"40000","p":7000.0,"q":16.36,"b":0.0,"ms":5.47,"wi":82.59,"ei":9.35,"as":1210.0,"mi":"E","mv":731525,"sc":2,"lpe":93.77,"lpr":1087.25,"lq":1.0,"d":2652810},{"pi":"422704","pc":"Топливо","ss":10000,"td":"","dc":1,"n":440.16,"vc":"4686","sl":"","sv":"5555","p":3111.0,"q":16.91,"b":3.4,"ms":0.76,"wi":82.59,"ei":9.35,"as":1210.0,"mi":"E","mv":731525,"sc":2,"lpe":93.77,"lpr":1087.25,"lq":1.0,"d":2652810},{"pi":"422704","pc":"Топливо","ss":2000,"td":"","dc":1,"n":16.86,"vc":"24","sl":"","sv":"6","p":4999.0,"q":11.48,"b":0.0,"ms":0.0,"wi":29.13,"ei":7.5,"as":406.01,"mi":"E","mv":189094,"sc":1,"lpe":100.0,"lpr":920.94,"lq":1.0,"d":1231380},{"pi":"422704","pc":"Топливо","ss":119000,"td":"","dc":1,"n":387.63,"vc":"17022","sl":"","sv":"6521","p":6400.0,"q":17.93,"b":0.0,"ms":8.92,"wi":13.43,"ei":3.5,"as":118.52,"mi":"E","mv":73104,"sc":2,"lpe":91.06,"lpr":855.54,"lq":1.0,"d":3385529},{"pi":"422704","pc":"Топливо","ss":1000,"td":"","dc":1,"n":360.64,"vc":"97","sl":"","sv":"12","p":5000.0,"q":16.47,"b":0.0,"ms":0.02,"wi":13.43,"ei":3.5,"as":118.52,"mi":"E","mv":73104,"sc":2,"lpe":91.06,"lpr":855.54,"lq":1.0,"d":3385529},{"pi":"422704","pc":"Топливо","ss":3000,"td":"","dc":1,"n":0.0,"vc":"119","sl":"","sv":"1487","p":3000.0,"q":9.87,"b":0.0,"ms":1.12,"wi":13.54,"ei":3.38,"as":147.82,"mi":"E","mv":132235,"sc":1,"lpe":98.88,"lpr":860.01,"lq":1.0,"d":4417996},{"pi":"422704","pc":"Топливо","ss":200000,"td":"","dc":1,"n":520.18,"vc":"277715","sl":"","sv":"20000","p":5000.0,"q":16.36,"b":0.0,"ms":0.65,"wi":44.39,"ei":7.01,"as":718.34,"mi":"E","mv":3096295,"sc":2,"lpe":99.25,"lpr":1625.64,"lq":1.0,"d":8441997},{"pi":"422704","pc":"Топливо","ss":10000,"td":"","dc":1,"n":304.67,"vc":"3322","sl":"","sv":"3333","p":999.0,"q":16.91,"b":1.8,"ms":0.11,"wi":44.39,"ei":7.01,"as":718.34,"mi":"E","mv":3096295,"sc":2,"lpe":99.25,"lpr":1625.64,"lq":1.0,"d":8441997},{"pi":"422704","pc":"Топливо","ss":5000,"td":"","dc":1,"n":347.39,"vc":"2043","sl":"","sv":"5000","p":3000.0,"q":10.39,"b":0.0,"ms":1.63,"wi":19.08,"ei":9.49,"as":404.04,"mi":"E","mv":306219,"sc":2,"lpe":98.0,"lpr":859.59,"lq":1.0,"d":4338959},{"pi":"422704","pc":"Топливо","ss":10000,"td":"","dc":1,"n":505.14,"vc":"6349","sl":"","sv":"1111","p":1111.0,"q":16.91,"b":3.86,"ms":0.36,"wi":19.08,"ei":9.49,"as":404.04,"mi":"E","mv":306219,"sc":2,"lpe":98.0,"lpr":859.59,"lq":1.0,"d":4338959},{"pi":"422704","pc":"Топливо","ss":10000,"td":"","dc":1,"n":421.82,"vc":"1568","sl":"","sv":"4000","p":3256.58,"q":9.87,"b":0.0,"ms":1.53,"wi":12.89,"ei":4.55,"as":196.01,"mi":"E","mv":260939,"sc":3,"lpe":97.64,"lpr":845.46,"lq":1.0,"d":9368369},{"pi":"422704","pc":"Топливо","ss":15000,"td":"","dc":1,"n":297.76,"vc":"1188","sl":"","sv":"1170","p":6200.0,"q":20.79,"b":3.16,"ms":0.45,"wi":12.89,"ei":4.55,"as":196.01,"mi":"E","mv":260939,"sc":3,"lpe":97.64,"lpr":845.46,"lq":1.0,"d":9368369},{"pi":"422704","pc":"Топливо","ss":1000,"td":"","dc":1,"n":229.37,"vc":"49","sl":"","sv":"1000","p":1800.0,"q":10.39,"b":0.0,"ms":0.38,"wi":12.89,"ei":4.55,"as":196.01,"mi":"E","mv":260939,"sc":3,"lpe":97.64,"lpr":845.46,"lq":1.0,"d":9368369},{"pi":"422704","pc":"Топливо","ss":3000,"td":"","dc":1,"n":238.46,"vc":"628","sl":"","sv":"5912","p":3346.0,"q":9.87,"b":0.0,"ms":18.81,"wi":68.31,"ei":8.62,"as":992.75,"mi":"E","mv":31428,"sc":2,"lpe":80.29,"lpr":953.98,"lq":2.84,"d":381000},{"pi":"422704","pc":"Топливо","ss":2000,"td":"","dc":1,"n":70.68,"vc":"123","sl":"","sv":"282","p":4999.0,"q":12.74,"b":0.0,"ms":0.9,"wi":68.31,"ei":8.62,"as":992.75,"mi":"E","mv":31428,"sc":2,"lpe":80.29,"lpr":953.98,"lq":2.84,"d":381000},{"pi":"422704","pc":"Топливо","ss":100000,"td":"","dc":1,"n":411.43,"vc":"10150","sl":"","sv":"2778","p":6000.0,"q":13.89,"b":0.0,"ms":7.16,"wi":10.43,"ei":6.79,"as":91.27,"mi":"E","mv":38801,"sc":1,"lpe":92.84,"lpr":853.78,"lq":1.0,"d":2082467},{"pi":"422704","pc":"Топливо","ss":100000,"td":"","dc":1,"n":477.46,"vc":"51021","sl":"","sv":"5555","p":2111.0,"q":16.91,"b":3.87,"ms":0.66,"wi":45.27,"ei":7.99,"as":473.94,"mi":"E","mv":843146,"sc":2,"lpe":99.29,"lpr":1218.68,"lq":1.0,"d":2768566},{"pi":"422704","pc":"Топливо","ss":3000,"td":"","dc":1,"n":267.74,"vc":"387","sl":"","sv":"400","p":4300.0,"q":11.41,"b":0.13,"ms":0.05,"wi":45.27,"ei":7.99,"as":473.94,"mi":"E","mv":843146,"sc":2,"lpe":99.29,"lpr":1218.68,"lq":1.0,"d":2768566},{"pi":"422704","pc":"Топливо","ss":100000,"td":"","dc":1,"n":696.37,"vc":"31274","sl":"","sv":"6179","p":2056.0,"q":22.52,"b":0.0,"ms":27.24,"wi":27.33,"ei":11.0,"as":502.06,"mi":"E","mv":22683,"sc":1,"lpe":72.76,"lpr":537.54,"lq":2.76,"d":330176},{"pi":"422704","pc":"Топливо","ss":100000,"td":"","dc":1,"n":567.18,"vc":"16646","sl":"","sv":"911","p":6000.0,"q":17.93,"b":0.0,"ms":2.02,"wi":23.85,"ei":4.76,"as":296.93,"mi":"E","mv":45178,"sc":1,"lpe":97.98,"lpr":712.38,"lq":1.0,"d":152982},{"pi":"422704","pc":"Топливо","ss":150000,"td":"","dc":1,"n":445.52,"vc":"6092","sl":"","sv":"3158","p":4900.0,"q":17.93,"b":0.0,"ms":6.1,"wi":80.99,"ei":7.76,"as":464.34,"mi":"E","mv":51812,"sc":1,"lpe":93.9,"lpr":851.21,"lq":1.0,"d":206762},{"pi":"422704","pc":"Топливо","ss":8000,"td":"","dc":1,"n":520.11,"vc":"1325","sl":"","sv":"6107","p":6200.0,"q":19.76,"b":4.7,"ms":2.83,"wi":69.06,"ei":7.8,"as":520.63,"mi":"E","mv":215442,"sc":2,"lpe":96.96,"lpr":948.15,"lq":1.0,"d":807231},{"pi":"422704","pc":"Топливо","ss":125000,"td":"","dc":1,"n":358.38,"vc":"8002","sl":"","sv":"437","p":7200.0,"q":17.93,"b":0.0,"ms":0.2,"wi":69.06,"ei":7.8,"as":520.63,"mi":"E","mv":215442,"sc":2,"lpe":96.96,"lpr":948.15,"lq":1.0,"d":807231},{"pi":"422704","pc":"Топливо","ss":2000,"td":"","dc":1,"n":45.58,"vc":"92","sl":"","sv":"25","p":3999.0,"q":6.16,"b":0.0,"ms":0.02,"wi":40.24,"ei":9.91,"as":414.75,"mi":"E","mv":136250,"sc":1,"lpe":99.98,"lpr":865.78,"lq":1.0,"d":1131599},{"pi":"422704","pc":"Топливо","ss":2000,"td":"","dc":1,"n":64.11,"vc":"85","sl":"","sv":"13","p":3999.0,"q":5.76,"b":0.0,"ms":0.05,"wi":22.47,"ei":5.73,"as":323.34,"mi":"E","mv":23642,"sc":1,"lpe":99.95,"lpr":851.12,"lq":1.0,"d":520014},{"pi":"422704","pc":"Топливо","ss":6000,"td":"","dc":1,"n":307.61,"vc":"931","sl":"","sv":"700","p":2499.0,"q":9.87,"b":0.0,"ms":0.42,"wi":32.75,"ei":6.5,"as":299.77,"mi":"E","mv":168021,"sc":1,"lpe":99.58,"lpr":859.35,"lq":1.0,"d":684835},{"pi":"422704","pc":"Топливо","ss":10000,"td":"","dc":1,"n":225.06,"vc":"1060","sl":"","sv":"8000","p":4000.0,"q":9.87,"b":0.0,"ms":0.8,"wi":36.51,"ei":11.81,"as":423.34,"mi":"E","mv":995334,"sc":1,"lpe":99.2,"lpr":1098.76,"lq":1.0,"d":4332128},{"pi":"422704","pc":"Топливо","ss":2000,"td":"","dc":1,"n":389.98,"vc":"374","sl":"","sv":"3000","p":2500.0,"q":9.87,"b":0.0,"ms":0.4,"wi":56.35,"ei":7.93,"as":544.55,"mi":"E","mv":747254,"sc":1,"lpe":99.6,"lpr":1763.94,"lq":1.0,"d":2116572},{"pi":"422704","pc":"Топливо","ss":125000,"td":"","dc":1,"n":339.74,"vc":"23462","sl":"","sv":"2846","p":6000.0,"q":17.92,"b":0.0,"ms":1.11,"wi":24.42,"ei":3.77,"as":178.59,"mi":"E","mv":255930,"sc":1,"lpe":98.89,"lpr":835.54,"lq":1.0,"d":1648000},{"pi":"422704","pc":"Топливо","ss":200000,"td":"","dc":1,"n":644.75,"vc":"301565","sl":"","sv":"99036","p":6567.0,"q":32.12,"b":0.0,"ms":2.67,"wi":31.78,"ei":10.87,"as":249.98,"mi":"E","mv":3711584,"sc":2,"lpe":96.52,"lpr":854.48,"lq":1.0,"d":13934474},{"pi":"422704","pc":"Топливо","ss":3000,"td":"","dc":1,"n":256.78,"vc":"728","sl":"","sv":"30000","p":1000.0,"q":12.48,"b":0.0,"ms":0.81,"wi":31.78,"ei":10.87,"as":249.98,"mi":"E","mv":3711584,"sc":2,"lpe":96.52,"lpr":854.48,"lq":1.0,"d":13934474},{"pi":"422704","pc":"Топливо","ss":1000,"td":"","dc":1,"n":9.58,"vc":"19","sl":"","sv":"75","p":3000.0,"q":9.87,"b":0.0,"ms":0.02,"wi":38.6,"ei":13.88,"as":516.05,"mi":"E","mv":468215,"sc":2,"lpe":99.97,"lpr":1155.84,"lq":1.0,"d":2197796},{"pi":"422704","pc":"Топливо","ss":3000,"td":"","dc":1,"n":348.3,"vc":"348","sl":"","sv":"50","p":2000.0,"q":11.26,"b":0.0,"ms":0.01,"wi":38.6,"ei":13.88,"as":516.05,"mi":"E","mv":468215,"sc":2,"lpe":99.97,"lpr":1155.84,"lq":1.0,"d":2197796},{"pi":"422704","pc":"Топливо","ss":10000,"td":"","dc":1,"n":181.48,"vc":"419","sl":"","sv":"1000","p":1632.54,"q":9.4,"b":0.0,"ms":0.25,"wi":38.02,"ei":10.94,"as":518.2,"mi":"E","mv":397213,"sc":1,"lpe":99.75,"lpr":996.03,"lq":1.0,"d":1858919},{"pi":"422704","pc":"Топливо","ss":10000,"td":"","dc":1,"n":488.52,"vc":"377","sl":"","sv":"385","p":4700.0,"q":14.01,"b":0.0,"ms":1.26,"wi":31.13,"ei":3.23,"as":1295.98,"mi":"E","mv":30438,"sc":1,"lpe":98.74,"lpr":1240.04,"lq":1.0,"d":541411},{"pi":"422704","pc":"Топливо","ss":125000,"td":"","dc":1,"n":117.88,"vc":"1355","sl":"","sv":"26707","p":1900.0,"q":20.69,"b":1.14,"ms":21.28,"wi":8.57,"ei":5.65,"as":234.87,"mi":"E","mv":125517,"sc":2,"lpe":77.25,"lpr":718.08,"lq":2.44,"d":10490211},{"pi":"422704","pc":"Топливо","ss":1000,"td":"","dc":1,"n":351.8,"vc":"37","sl":"","sv":"1843","p":1209.03,"q":13.2,"b":3.96,"ms":1.47,"wi":8.57,"ei":5.65,"as":234.87,"mi":"E","mv":125517,"sc":2,"lpe":77.25,"lpr":718.08,"lq":2.44,"d":10490211},{"pi":"422704","pc":"Топливо","ss":10000,"td":"","dc":1,"n":512.99,"vc":"3244","sl":"","sv":"5555","p":1111.0,"q":16.91,"b":2.1,"ms":2.4,"wi":44.89,"ei":7.37,"as":945.65,"mi":"E","mv":231635,"sc":1,"lpe":97.6,"lpr":845.96,"lq":1.0,"d":663960},{"pi":"422704","pc":"Топливо","ss":1000,"td":"","dc":1,"n":41.75,"vc":"75","sl":"","sv":"102","p":3900.0,"q":6.18,"b":0.0,"ms":0.22,"wi":56.42,"ei":6.18,"as":530.0,"mi":"E","mv":45557,"sc":1,"lpe":99.78,"lpr":967.41,"lq":1.0,"d":151606},{"pi":"422704","pc":"Топливо","ss":4000,"td":"","dc":1,"n":359.52,"vc":"560","sl":"","sv":"6500","p":2850.0,"q":9.87,"b":2.58,"ms":6.93,"wi":52.62,"ei":6.44,"as":480.0,"mi":"E","mv":93827,"sc":2,"lpe":93.04,"lpr":840.94,"lq":1.0,"d":343865},{"pi":"422704","pc":"Топливо","ss":1000,"td":"","dc":1,"n":22.02,"vc":"67","sl":"","sv":"34","p":3900.0,"q":6.18,"b":0.0,"ms":0.04,"wi":52.62,"ei":6.44,"as":480.0,"mi":"E","mv":93827,"sc":2,"lpe":93.04,"lpr":840.94,"lq":1.0,"d":343865},{"pi":"422704","pc":"Топливо","ss":4000,"td":"","dc":1,"n":394.21,"vc":"1158","sl":"","sv":"7225","p":2850.0,"q":9.87,"b":2.58,"ms":5.88,"wi":71.08,"ei":6.31,"as":510.0,"mi":"E","mv":122782,"sc":3,"lpe":90.16,"lpr":843.84,"lq":4.42,"d":543754},{"pi":"422704","pc":"Топливо","ss":4000,"td":"","dc":1,"n":333.14,"vc":"1495","sl":"","sv":"4827","p":3400.0,"q":10.08,"b":1.69,"ms":3.93,"wi":71.08,"ei":6.31,"as":510.0,"mi":"E","mv":122782,"sc":3,"lpe":90.16,"lpr":843.84,"lq":4.42,"d":543754},{"pi":"422704","pc":"Топливо","ss":1000,"td":"","dc":1,"n":11.91,"vc":"64","sl":"","sv":"25","p":2900.0,"q":6.18,"b":0.0,"ms":0.02,"wi":71.08,"ei":6.31,"as":510.0,"mi":"E","mv":122782,"sc":3,"lpe":90.16,"lpr":843.84,"lq":4.42,"d":543754},{"pi":"422704","pc":"Топливо","ss":2000,"td":"","dc":1,"n":48.21,"vc":"124","sl":"","sv":"7832","p":4999.0,"q":12.84,"b":0.0,"ms":12.68,"wi":69.53,"ei":8.99,"as":1083.46,"mi":"E","mv":61768,"sc":2,"lpe":86.19,"lpr":1900.66,"lq":1.39,"d":556722},{"pi":"422704","pc":"Топливо","ss":1000,"td":"","dc":1,"n":159.58,"vc":"139","sl":"","sv":"700","p":8000.0,"q":11.41,"b":0.0,"ms":1.13,"wi":69.53,"ei":8.99,"as":1083.46,"mi":"E","mv":61768,"sc":2,"lpe":86.19,"lpr":1900.66,"lq":1.39,"d":556722},{"pi":"422704","pc":"Топливо","ss":10000,"td":"","dc":1,"n":464.1,"vc":"8166","sl":"","sv":"20000","p":2500.0,"q":11.75,"b":1.45,"ms":7.88,"wi":44.61,"ei":7.28,"as":407.95,"mi":"E","mv":253832,"sc":1,"lpe":92.12,"lpr":839.33,"lq":1.0,"d":825130},{"pi":"422704","pc":"Топливо","ss":1000,"td":"","dc":1,"n":516.9,"vc":"475","sl":"","sv":"2000","p":1800.0,"q":10.39,"b":0.0,"ms":21.54,"wi":14.37,"ei":3.72,"as":175.12,"mi":"E","mv":9287,"sc":1,"lpe":78.46,"lpr":521.61,"lq":2.64,"d":200898},{"pi":"422704","pc":"Топливо","ss":10000,"td":"","dc":1,"n":519.41,"vc":"3940","sl":"","sv":"6583","p":2000.0,"q":13.07,"b":3.96,"ms":15.36,"wi":16.58,"ei":4.38,"as":376.19,"mi":"E","mv":42866,"sc":1,"lpe":84.64,"lpr":328.68,"lq":1.67,"d":490490},{"pi":"422704","pc":"Топливо","ss":2000,"td":"","dc":1,"n":84.11,"vc":"113","sl":"","sv":"80","p":4999.0,"q":11.51,"b":0.0,"ms":0.35,"wi":38.92,"ei":5.96,"as":480.0,"mi":"E","mv":22959,"sc":2,"lpe":99.46,"lpr":856.84,"lq":1.0,"d":111000},{"pi":"422704","pc":"Топливо","ss":1000,"td":"","dc":1,"n":63.0,"vc":"84","sl":"","sv":"45","p":3900.0,"q":6.18,"b":0.0,"ms":0.2,"wi":38.92,"ei":5.96,"as":480.0,"mi":"E","mv":22959,"sc":2,"lpe":99.46,"lpr":856.84,"lq":1.0,"d":111000},{"pi":"422704","pc":"Топливо","ss":100000,"td":"","dc":1,"n":154.19,"vc":"2347","sl":"","sv":"11629","p":5280.0,"q":20.09,"b":3.86,"ms":11.79,"wi":15.12,"ei":3.24,"as":107.04,"mi":"E","mv":98608,"sc":3,"lpe":82.31,"lpr":845.46,"lq":3.7,"d":2019037},{"pi":"422704","pc":"Топливо","ss":125000,"td":"","dc":1,"n":385.67,"vc":"10036","sl":"","sv":"5782","p":5000.0,"q":17.93,"b":0.0,"ms":5.86,"wi":15.12,"ei":3.24,"as":107.04,"mi":"E","mv":98608,"sc":3,"lpe":82.31,"lpr":845.46,"lq":3.7,"d":2019037},{"pi":"422704","pc":"Топливо","ss":1000,"td":"","dc":1,"n":82.9,"vc":"15","sl":"","sv":"33","p":3300.0,"q":9.87,"b":0.0,"ms":0.03,"wi":15.12,"ei":3.24,"as":107.04,"mi":"E","mv":98608,"sc":3,"lpe":82.31,"lpr":845.46,"lq":3.7,"d":2019037},{"pi":"422704","pc":"Топливо","ss":1000,"td":"","dc":1,"n":49.9,"vc":"58","sl":"","sv":"114","p":3900.0,"q":6.18,"b":0.0,"ms":0.29,"wi":52.6,"ei":6.3,"as":500.0,"mi":"E","mv":39758,"sc":3,"lpe":99.62,"lpr":1017.28,"lq":1.0,"d":143500},{"pi":"422704","pc":"Топливо","ss":3000,"td":"","dc":1,"n":101.87,"vc":"169","sl":"","sv":"38","p":5199.0,"q":7.37,"b":0.0,"ms":0.1,"wi":52.6,"ei":6.3,"as":500.0,"mi":"E","mv":39758,"sc":3,"lpe":99.62,"lpr":1017.28,"lq":1.0,"d":143500},{"pi":"422704","pc":"Топливо","ss":1000,"td":"","dc":1,"n":0.0,"vc":"9","sl":"","sv":"1","p":4000.0,"q":10.98,"b":0.0,"ms":0.0,"wi":52.6,"ei":6.3,"as":500.0,"mi":"E","mv":39758,"sc":3,"lpe":99.62,"lpr":1017.28,"lq":1.0,"d":143500},{"pi":"422704","pc":"Топливо","ss":2000,"td":"","dc":1,"n":6.44,"vc":"74","sl":"","sv":"4","p":5999.0,"q":11.61,"b":0.0,"ms":0.0,"wi":16.69,"ei":3.13,"as":115.39,"mi":"E","mv":119111,"sc":1,"lpe":100.0,"lpr":858.33,"lq":1.0,"d":1500458},{"pi":"422704","pc":"Топливо","ss":110000,"td":"","dc":1,"n":545.29,"vc":"6897","sl":"","sv":"48479","p":4800.0,"q":15.4,"b":3.86,"ms":15.73,"wi":31.74,"ei":3.13,"as":231.35,"mi":"E","mv":308135,"sc":1,"lpe":84.27,"lpr":856.89,"lq":2.95,"d":940000},{"pi":"422704","pc":"Топливо","ss":2000,"td":"","dc":1,"n":9.45,"vc":"32","sl":"","sv":"22","p":4999.0,"q":11.54,"b":0.0,"ms":0.01,"wi":17.2,"ei":3.06,"as":154.94,"mi":"E","mv":243995,"sc":1,"lpe":99.99,"lpr":859.68,"lq":1.0,"d":1081250},{"pi":"422704","pc":"Топливо","ss":150000,"td":"","dc":1,"n":408.26,"vc":"6729","sl":"","sv":"816","p":4500.0,"q":17.93,"b":0.0,"ms":1.98,"wi":14.24,"ei":3.8,"as":137.01,"mi":"E","mv":41228,"sc":1,"lpe":98.02,"lpr":584.72,"lq":1.0,"d":1022800},{"pi":"422704","pc":"Топливо","ss":1000,"td":"","dc":1,"n":58.94,"vc":"55","sl":"","sv":"164","p":3900.0,"q":6.18,"b":0.0,"ms":0.93,"wi":38.52,"ei":6.3,"as":495.0,"mi":"E","mv":17552,"sc":1,"lpe":99.07,"lpr":1066.5,"lq":1.0,"d":121500},{"pi":"422704","pc":"Топливо","ss":200000,"td":"","dc":1,"n":416.2,"vc":"5476","sl":"","sv":"1262","p":5500.0,"q":17.93,"b":0.0,"ms":6.31,"wi":13.76,"ei":4.2,"as":149.57,"mi":"E","mv":20006,"sc":1,"lpe":93.69,"lpr":845.91,"lq":1.0,"d":1021000},{"pi":"422704","pc":"Топливо","ss":10000,"td":"","dc":1,"n":348.27,"vc":"3531","sl":"","sv":"5000","p":3600.0,"q":10.39,"b":0.0,"ms":0.37,"wi":37.12,"ei":8.72,"as":437.31,"mi":"E","mv":1346040,"sc":2,"lpe":99.59,"lpr":853.9,"lq":1.0,"d":4656807},{"pi":"422704","pc":"Топливо","ss":1000,"td":"","dc":1,"n":0.0,"vc":"50","sl":"","sv":"550","p":1478.69,"q":12.35,"b":0.0,"ms":0.04,"wi":37.12,"ei":8.72,"as":437.31,"mi":"E","mv":1346040,"sc":2,"lpe":99.59,"lpr":853.9,"lq":1.0,"d":4656807},{"pi":"422704","pc":"Топливо","ss":4000,"td":"","dc":1,"n":147.12,"vc":"324","sl":"","sv":"3080","p":3500.0,"q":9.87,"b":2.58,"ms":10.83,"wi":38.59,"ei":6.2,"as":470.0,"mi":"E","mv":28439,"sc":2,"lpe":88.93,"lpr":859.05,"lq":3.09,"d":137772},{"pi":"422704","pc":"Топливо","ss":1000,"td":"","dc":1,"n":53.7,"vc":"48","sl":"","sv":"69","p":2900.0,"q":6.18,"b":0.0,"ms":0.24,"wi":38.59,"ei":6.2,"as":470.0,"mi":"E","mv":28439,"sc":2,"lpe":88.93,"lpr":859.05,"lq":3.09,"d":137772},{"pi":"422704","pc":"Топливо","ss":4000,"td":"","dc":1,"n":216.88,"vc":"490","sl":"","sv":"3000","p":3000.0,"q":9.87,"b":2.58,"ms":7.96,"wi":56.27,"ei":6.4,"as":480.0,"mi":"E","mv":37686,"sc":3,"lpe":91.94,"lpr":835.21,"lq":1.0,"d":141112},{"pi":"422704","pc":"Топливо","ss":1000,"td":"","dc":1,"n":45.73,"vc":"48","sl":"","sv":"23","p":3900.0,"q":6.18,"b":0.0,"ms":0.06,"wi":56.27,"ei":6.4,"as":480.0,"mi":"E","mv":37686,"sc":3,"lpe":91.94,"lpr":835.21,"lq":1.0,"d":141112},{"pi":"422704","pc":"Топливо","ss":1000,"td":"","dc":1,"n":0.0,"vc":"38","sl":"","sv":"14","p":3200.0,"q":6.19,"b":0.0,"ms":0.04,"wi":56.27,"ei":6.4,"as":480.0,"mi":"E","mv":37686,"sc":3,"lpe":91.94,"lpr":835.21,"lq":1.0,"d":141112},{"pi":"422704","pc":"Топливо","ss":3000,"td":"","dc":1,"n":228.41,"vc":"156","sl":"","sv":"19800","p":3000.0,"q":13.43,"b":1.52,"ms":9.85,"wi":46.81,"ei":6.6,"as":569.37,"mi":"E","mv":201026,"sc":1,"lpe":90.15,"lpr":1210.35,"lq":2.05,"d":608062},{"pi":"422704","pc":"Топливо","ss":10000,"td":"","dc":1,"n":533.07,"vc":"5371","sl":"","sv":"15000","p":1200.0,"q":11.3,"b":0.0,"ms":10.03,"wi":133.49,"ei":10.37,"as":577.09,"mi":"E","mv":149615,"sc":1,"lpe":89.97,"lpr":859.11,"lq":5.11,"d":1180995},{"pi":"422704","pc":"Топливо","ss":25000,"td":"","dc":1,"n":363.33,"vc":"2329","sl":"","sv":"5355","p":5100.0,"q":13.4,"b":0.01,"ms":4.33,"wi":119.48,"ei":10.56,"as":647.33,"mi":"E","mv":123600,"sc":1,"lpe":95.67,"lpr":928.67,"lq":1.0,"d":749064},{"pi":"422704","pc":"Топливо","ss":80000,"td":"","dc":1,"n":363.01,"vc":"3667","sl":"","sv":"5667","p":7750.0,"q":26.74,"b":4.9,"ms":2.35,"wi":258.41,"ei":9.91,"as":720.18,"mi":"E","mv":241210,"sc":2,"lpe":97.24,"lpr":1945.67,"lq":6.15,"d":1127008},{"pi":"422704","pc":"Топливо","ss":30000,"td":"","dc":1,"n":604.48,"vc":"6781","sl":"","sv":"1000","p":4190.0,"q":9.87,"b":0.0,"ms":0.41,"wi":258.41,"ei":9.91,"as":720.18,"mi":"E","mv":241210,"sc":2,"lpe":97.24,"lpr":1945.67,"lq":6.15,"d":1127008},{"pi":"422704","pc":"Топливо","ss":100000,"td":"","dc":1,"n":720.06,"vc":"46607","sl":"","sv":"2302","p":1156.0,"q":22.72,"b":0.0,"ms":6.83,"wi":10.82,"ei":3.38,"as":157.5,"mi":"E","mv":33719,"sc":1,"lpe":93.17,"lpr":127.79,"lq":1.0,"d":364117},{"pi":"422704","pc":"Топливо","ss":12000,"td":"","dc":1,"n":598.33,"vc":"1493","sl":"","sv":"9634","p":3500.0,"q":9.87,"b":0.0,"ms":13.1,"wi":84.23,"ei":8.99,"as":617.98,"mi":"E","mv":73564,"sc":1,"lpe":86.9,"lpr":853.87,"lq":2.14,"d":511712},{"pi":"422704","pc":"Топливо","ss":30000,"td":"","dc":1,"n":669.83,"vc":"3723","sl":"","sv":"7507","p":1690.0,"q":17.0,"b":6.28,"ms":25.38,"wi":68.12,"ei":5.88,"as":625.47,"mi":"E","mv":29578,"sc":2,"lpe":74.49,"lpr":246.69,"lq":3.22,"d":259802},{"pi":"422704","pc":"Топливо","ss":1000,"td":"","dc":1,"n":612.57,"vc":"66","sl":"","sv":"39","p":1500.0,"q":11.72,"b":1.46,"ms":0.13,"wi":68.12,"ei":5.88,"as":625.47,"mi":"E","mv":29578,"sc":2,"lpe":74.49,"lpr":246.69,"lq":3.22,"d":259802},{"pi":"422704","pc":"Топливо","ss":10000,"td":"","dc":1,"n":368.25,"vc":"999","sl":"","sv":"7300","p":1838.49,"q":12.35,"b":3.43,"ms":5.46,"wi":56.43,"ei":4.02,"as":298.46,"mi":"E","mv":133770,"sc":1,"lpe":94.54,"lpr":1042.91,"lq":1.0,"d":367846},{"pi":"422704","pc":"Топливо","ss":1000,"td":"","dc":1,"n":291.09,"vc":"79","sl":"","sv":"2200","p":2690.81,"q":12.35,"b":3.43,"ms":0.48,"wi":47.36,"ei":3.86,"as":371.56,"mi":"E","mv":458629,"sc":2,"lpe":99.52,"lpr":1523.89,"lq":1.0,"d":1215470},{"pi":"422704","pc":"Топливо","ss":1000,"td":"","dc":1,"n":29.52,"vc":"20","sl":"","sv":"3","p":5999.0,"q":6.16,"b":0.0,"ms":0.0,"wi":47.36,"ei":3.86,"as":371.56,"mi":"E","mv":458629,"sc":2,"lpe":99.52,"lpr":1523.89,"lq":1.0,"d":1215470},{"pi":"422704","pc":"Топливо","ss":4000,"td":"","dc":1,"n":385.0,"vc":"825","sl":"","sv":"4064","p":2650.0,"q":9.87,"b":2.27,"ms":27.88,"wi":34.76,"ei":5.67,"as":440.0,"mi":"E","mv":14579,"sc":2,"lpe":69.76,"lpr":823.86,"lq":4.07,"d":92613},{"pi":"422704","pc":"Топливо","ss":2000,"td":"","dc":1,"n":104.91,"vc":"53","sl":"","sv":"345","p":2999.0,"q":11.51,"b":0.0,"ms":2.37,"wi":34.76,"ei":5.67,"as":440.0,"mi":"E","mv":14579,"sc":2,"lpe":69.76,"lpr":823.86,"lq":4.07,"d":92613},{"pi":"422704","pc":"Топливо","ss":2000,"td":"","dc":1,"n":101.66,"vc":"124","sl":"","sv":"128","p":4790.0,"q":11.54,"b":0.0,"ms":0.79,"wi":37.98,"ei":5.66,"as":450.0,"mi":"E","mv":16247,"sc":1,"lpe":99.21,"lpr":858.89,"lq":1.0,"d":98305},{"pi":"422704","pc":"Топливо","ss":2000,"td":"","dc":1,"n":71.16,"vc":"82","sl":"","sv":"80","p":4299.0,"q":10.72,"b":0.0,"ms":1.78,"wi":11.28,"ei":5.5,"as":236.13,"mi":"E","mv":4497,"sc":1,"lpe":98.22,"lpr":850.96,"lq":1.0,"d":205339},{"pi":"422704","pc":"Топливо","ss":4000,"td":"","dc":1,"n":237.92,"vc":"555","sl":"","sv":"1853","p":2540.0,"q":9.86,"b":2.27,"ms":9.54,"wi":37.14,"ei":6.1,"as":460.0,"mi":"E","mv":19414,"sc":2,"lpe":89.56,"lpr":834.71,"lq":3.16,"d":125850},{"pi":"422704","pc":"Топливо","ss":1000,"td":"","dc":1,"n":406.08,"vc":"430","sl":"","sv":"174","p":4099.0,"q":9.72,"b":2.02,"ms":0.9,"wi":37.14,"ei":6.1,"as":460.0,"mi":"E","mv":19414,"sc":2,"lpe":89.56,"lpr":834.71,"lq":3.16,"d":125850},{"pi":"422704","pc":"Топливо","ss":4000,"td":"","dc":1,"n":236.84,"vc":"631","sl":"","sv":"2555","p":2480.0,"q":9.87,"b":2.27,"ms":14.34,"wi":38.24,"ei":6.0,"as":460.0,"mi":"E","mv":17822,"sc":1,"lpe":85.66,"lpr":840.54,"lq":4.17,"d":125306},{"pi":"422704","pc":"Топливо","ss":6000,"td":"","dc":1,"n":315.06,"vc":"484","sl":"","sv":"1235","p":3600.0,"q":9.82,"b":0.0,"ms":1.21,"wi":51.88,"ei":6.0,"as":482.97,"mi":"E","mv":102258,"sc":1,"lpe":98.79,"lpr":1508.0,"lq":1.0,"d":365570},{"pi":"422704","pc":"Топливо","ss":3000,"td":"","dc":1,"n":263.74,"vc":"164","sl":"","sv":"20547","p":1200.0,"q":13.26,"b":1.52,"ms":17.39,"wi":50.53,"ei":5.07,"as":376.02,"mi":"E","mv":118156,"sc":2,"lpe":69.92,"lpr":843.13,"lq":5.32,"d":324904},{"pi":"422704","pc":"Топливо","ss":10000,"td":"","dc":1,"n":522.26,"vc":"2459","sl":"","sv":"15000","p":1300.0,"q":18.88,"b":3.64,"ms":12.7,"wi":50.53,"ei":5.07,"as":376.02,"mi":"E","mv":118156,"sc":2,"lpe":69.92,"lpr":843.13,"lq":5.32,"d":324904},{"pi":"422704","pc":"Топливо","ss":3000,"td":"","dc":1,"n":244.27,"vc":"124","sl":"","sv":"11164","p":2500.0,"q":13.14,"b":1.52,"ms":7.02,"wi":40.71,"ei":5.57,"as":395.85,"mi":"E","mv":159074,"sc":1,"lpe":92.98,"lpr":1098.45,"lq":1.0,"d":469922},{"pi":"422704","pc":"Топливо","ss":100000,"td":"","dc":1,"n":469.93,"vc":"15390","sl":"","sv":"1684","p":5000.0,"q":17.93,"b":0.0,"ms":2.34,"wi":23.84,"ei":8.12,"as":317.18,"mi":"E","mv":72025,"sc":1,"lpe":97.66,"lpr":648.05,"lq":1.0,"d":420251}]