[{"d":"12.05.2022","r":800.0,"q":1.0,"p":4100.0,"s":[{"cn":"Royal H.","ui":"7077095","t":1000.0,"r":800.0,"q":1.0,"p":4100.0,"mot":"U","mo":800.0},{"cn":"","ui":"","t":0.0,"r":0.0,"q":0.0,"p":0.0,"mot":"L","mo":0.0}]},{"d":"17.05.2022","r":7281.0,"q":1.01,"p":275000.0,"s":[{"cn":"SMYRNA Group","ui":"7041400","t":7281.0,"r":7281.0,"q":1.01,"p":275000.0,"mot":"U","mo":7281.0},{"cn":"","ui":"","t":0.0,"r":0.0,"q":0.0,"p":0.0,"mot":"L","mo":0.0}]},{"d":"18.05.2022","r":10200.0,"q":1.02,"p":275000.0,"s":[{"cn":"SMYRNA Group","ui":"7041400","t":10200.0,"r":10200.0,"q":1.02,"p":275000.0,"mot":"U","mo":10200.0},{"cn":"","ui":"","t":0.0,"r":0.0,"q":0.0,"p":0.0,"mot":"L","mo":0.0}]},{"d":"19.05.2022","r":17539.0,"q":1.18,"p":275000.0,"s":[{"cn":"SMYRNA Group","ui":"7041400","t":17539.0,"r":17539.0,"q":1.18,"p":275000.0,"mot":"U","mo":17539.0},{"cn":"","ui":"","t":0.0,"r":0.0,"q":0.0,"p":0.0,"mot":"L","mo":0.0}]},{"d":"20.05.2022","r":25334.0,"q":1.24,"p":270081.16,"s":[{"cn":"SMYRNA Group","ui":"7041400","t":24874.0,"r":24874.0,"q":1.24,"p":275000.0,"mot":"U","mo":24874.0},{"cn":"","ui":"","t":7760.0,"r":460.0,"q":1.0,"p":4100.0,"mot":"L","mo":460.0}]},{"d":"23.05.2022","r":70200.0,"q":1.3,"p":173792.56,"s":[{"cn":"Royal H.","ui":"7077095","t":24047.0,"r":21747.0,"q":1.0,"p":4000.0,"mot":"U","mo":21747.0},{"cn":"SMYRNA Group","ui":"7041400","t":48453.0,"r":48453.0,"q":1.44,"p":250000.0,"mot":"U","mo":48453.0},{"cn":"","ui":"","t":0.0,"r":0.0,"q":0.0,"p":0.0,"mot":"L","mo":0.0}]},{"d":"24.05.2022","r":56294.0,"q":1.47,"p":250000.0,"s":[{"cn":"SMYRNA Group","ui":"7041400","t":56294.0,"r":56294.0,"q":1.47,"p":250000.0,"mot":"U","mo":56294.0},{"cn":"","ui":"","t":0.0,"r":0.0,"q":0.0,"p":0.0,"mot":"L","mo":0.0}]},{"d":"25.05.2022","r":64139.0,"q":1.5,"p":250000.0,"s":[{"cn":"SMYRNA Group","ui":"7041400","t":64139.0,"r":64139.0,"q":1.5,"p":250000.0,"mot":"U","mo":64139.0},{"cn":"","ui":"","t":0.0,"r":0.0,"q":0.0,"p":0.0,"mot":"L","mo":0.0}]},{"d":"26.05.2022","r":68868.0,"q":1.51,"p":250000.0,"s":[{"cn":"SMYRNA Group","ui":"7041400","t":68868.0,"r":68868.0,"q":1.51,"p":250000.0,"mot":"U","mo":68868.0},{"cn":"","ui":"","t":0.0,"r":0.0,"q":0.0,"p":0.0,"mot":"L","mo":0.0}]},{"d":"27.05.2022","r":73372.0,"q":1.56,"p":250000.0,"s":[{"cn":"SMYRNA Group","ui":"7041400","t":73372.0,"r":73372.0,"q":1.56,"p":250000.0,"mot":"U","mo":73372.0},{"cn":"","ui":"","t":0.0,"r":0.0,"q":0.0,"p":0.0,"mot":"L","mo":0.0}]},{"d":"30.05.2022","r":85031.0,"q":1.66,"p":250000.0,"s":[{"cn":"SMYRNA Group","ui":"7041400","t":85031.0,"r":85031.0,"q":1.66,"p":250000.0,"mot":"U","mo":85031.0},{"cn":"","ui":"","t":0.0,"r":0.0,"q":0.0,"p":0.0,"mot":"L","mo":0.0}]},{"d":"31.05.2022","r":89729.0,"q":1.7,"p":250000.0,"s":[{"cn":"SMYRNA Group","ui":"7041400","t":89729.0,"r":89729.0,"q":1.7,"p":250000.0,"mot":"U","mo":89729.0},{"cn":"","ui":"","t":0.0,"r":0.0,"q":0.0,"p":0.0,"mot":"L","mo":0.0}]},{"d":"01.06.2022","r":94427.0,"q":1.74,"p":250000.0,"s":[{"cn":"SMYRNA Group","ui":"7041400","t":94427.0,"r":94427.0,"q":1.74,"p":250000.0,"mot":"U","mo":94427.0},{"cn":"","ui":"","t":0.0,"r":0.0,"q":0.0,"p":0.0,"mot":"L","mo":0.0}]},{"d":"02.06.2022","r":99125.0,"q":1.77,"p":250000.0,"s":[{"cn":"SMYRNA Group","ui":"7041400","t":99125.0,"r":99125.0,"q":1.77,"p":250000.0,"mot":"U","mo":99125.0},{"cn":"","ui":"","t":0.0,"r":0.0,"q":0.0,"p":0.0,"mot":"L","mo":0.0}]},{"d":"03.06.2022","r":104004.0,"q":1.8,"p":250000.0,"s":[{"cn":"SMYRNA Group","ui":"7041400","t":104004.0,"r":104004.0,"q":1.8,"p":250000.0,"mot":"U","mo":104004.0},{"cn":"","ui":"","t":0.0,"r":0.0,"q":0.0,"p":0.0,"mot":"L","mo":0.0}]},{"d":"06.06.2022","r":121181.0,"q":1.97,"p":250000.0,"s":[{"cn":"SMYRNA Group","ui":"7041400","t":121245.0,"r":121181.0,"q":1.97,"p":250000.0,"mot":"U","mo":121181.0},{"cn":"","ui":"","t":0.0,"r":0.0,"q":0.0,"p":0.0,"mot":"L","mo":0.0}]},{"d":"07.06.2022","r":126013.0,"q":2.01,"p":250000.0,"s":[{"cn":"SMYRNA Group","ui":"7041400","t":126062.0,"r":126013.0,"q":2.01,"p":250000.0,"mot":"U","mo":126013.0},{"cn":"","ui":"","t":0.0,"r":0.0,"q":0.0,"p":0.0,"mot":"L","mo":0.0}]},{"d":"08.06.2022","r":134274.0,"q":2.07,"p":250000.0,"s":[{"cn":"SMYRNA Group","ui":"7041400","t":134274.0,"r":134274.0,"q":2.07,"p":250000.0,"mot":"U","mo":134274.0},{"cn":"","ui":"","t":0.0,"r":0.0,"q":0.0,"p":0.0,"mot":"L","mo":0.0}]},{"d":"09.06.2022","r":142535.0,"q":2.13,"p":250000.0,"s":[{"cn":"SMYRNA Group","ui":"7041400","t":142535.0,"r":142535.0,"q":2.13,"p":250000.0,"mot":"U","mo":142535.0},{"cn":"","ui":"","t":0.0,"r":0.0,"q":0.0,"p":0.0,"mot":"L","mo":0.0}]},{"d":"10.06.2022","r":150627.0,"q":2.18,"p":250000.0,"s":[{"cn":"SMYRNA Group","ui":"7041400","t":150637.0,"r":150627.0,"q":2.18,"p":250000.0,"mot":"U","mo":150627.0},{"cn":"","ui":"","t":0.0,"r":0.0,"q":0.0,"p":0.0,"mot":"L","mo":0.0}]},{"d":"13.06.2022","r":171064.0,"q":2.3,"p":250000.0,"s":[{"cn":"SMYRNA Group","ui":"7041400","t":171064.0,"r":171064.0,"q":2.3,"p":250000.0,"mot":"U","mo":171064.0},{"cn":"","ui":"","t":0.0,"r":0.0,"q":0.0,"p":0.0,"mot":"L","mo":0.0}]},{"d":"14.06.2022","r":175306.0,"q":2.33,"p":250000.0,"s":[{"cn":"SMYRNA Group","ui":"7041400","t":175306.0,"r":175306.0,"q":2.33,"p":250000.0,"mot":"U","mo":175306.0},{"cn":"","ui":"","t":0.0,"r":0.0,"q":0.0,"p":0.0,"mot":"L","mo":0.0}]},{"d":"16.06.2022","r":183702.0,"q":2.39,"p":250000.0,"s":[{"cn":"SMYRNA Group","ui":"7041400","t":183702.0,"r":183702.0,"q":2.39,"p":250000.0,"mot":"U","mo":183702.0},{"cn":"","ui":"","t":0.0,"r":0.0,"q":0.0,"p":0.0,"mot":"L","mo":0.0}]},{"d":"17.06.2022","r":173780.0,"q":2.39,"p":250000.0,"s":[{"cn":"SMYRNA Group","ui":"7041400","t":183702.0,"r":173780.0,"q":2.39,"p":250000.0,"mot":"U","mo":173780.0},{"cn":"","ui":"","t":0.0,"r":0.0,"q":0.0,"p":0.0,"mot":"L","mo":0.0}]},{"d":"20.06.2022","r":144014.0,"q":2.39,"p":260000.0,"s":[{"cn":"SMYRNA Group","ui":"7041400","t":153936.0,"r":144014.0,"q":2.39,"p":260000.0,"mot":"U","mo":144014.0},{"cn":"","ui":"","t":0.0,"r":0.0,"q":0.0,"p":0.0,"mot":"L","mo":0.0}]},{"d":"21.06.2022","r":134092.0,"q":2.39,"p":260000.0,"s":[{"cn":"SMYRNA Group","ui":"7041400","t":144014.0,"r":134092.0,"q":2.39,"p":260000.0,"mot":"U","mo":134092.0},{"cn":"","ui":"","t":0.0,"r":0.0,"q":0.0,"p":0.0,"mot":"L","mo":0.0}]},{"d":"22.06.2022","r":119776.0,"q":2.39,"p":260000.0,"s":[{"cn":"SMYRNA Group","ui":"7041400","t":131895.0,"r":119776.0,"q":2.39,"p":260000.0,"mot":"U","mo":119776.0},{"cn":"","ui":"","t":0.0,"r":0.0,"q":0.0,"p":0.0,"mot":"L","mo":0.0}]},{"d":"23.06.2022","r":107657.0,"q":2.39,"p":260000.0,"s":[{"cn":"SMYRNA Group","ui":"7041400","t":119776.0,"r":107657.0,"q":2.39,"p":260000.0,"mot":"U","mo":107657.0},{"cn":"","ui":"","t":0.0,"r":0.0,"q":0.0,"p":0.0,"mot":"L","mo":0.0}]},{"d":"24.06.2022","r":95538.0,"q":2.39,"p":260000.0,"s":[{"cn":"SMYRNA Group","ui":"7041400","t":107657.0,"r":95538.0,"q":2.39,"p":260000.0,"mot":"U","mo":95538.0},{"cn":"","ui":"","t":0.0,"r":0.0,"q":0.0,"p":0.0,"mot":"L","mo":0.0}]},{"d":"27.06.2022","r":85181.0,"q":2.4,"p":183515.81,"s":[{"cn":"Royal H.","ui":"7077095","t":84541.0,"r":40041.0,"q":2.4,"p":5000.0,"mot":"L","mo":25000.0},{"cn":"SMYRNA Group","ui":"7041400","t":71300.0,"r":59181.0,"q":2.39,"p":260000.0,"mot":"U","mo":59181.0},{"cn":"","ui":"","t":46980.0,"r":1000.0,"q":3.13,"p":120000.0,"mot":"L","mo":1000.0}]},{"d":"28.06.2022","r":73062.0,"q":2.38,"p":170829.16,"s":[{"cn":"Royal H.","ui":"7077095","t":104059.0,"r":34559.0,"q":2.32,"p":5000.0,"mot":"L","mo":25000.0},{"cn":"SMYRNA Group","ui":"7041400","t":59181.0,"r":47062.0,"q":2.39,"p":260000.0,"mot":"U","mo":47062.0},{"cn":"","ui":"","t":49165.0,"r":1000.0,"q":3.2,"p":120000.0,"mot":"L","mo":1000.0}]},{"d":"29.06.2022","r":39645.0,"q":2.4,"p":232152.6,"s":[{"cn":"Royal H.","ui":"7077095","t":98202.0,"r":3702.0,"q":2.28,"p":5000.0,"mot":"L","mo":3702.0},{"cn":"SMYRNA Group","ui":"7041400","t":47062.0,"r":34943.0,"q":2.39,"p":260000.0,"mot":"U","mo":34943.0},{"cn":"","ui":"","t":51340.0,"r":1000.0,"q":3.27,"p":100000.0,"mot":"L","mo":1000.0}]},{"d":"30.06.2022","r":23824.0,"q":2.42,"p":253284.08,"s":[{"cn":"SMYRNA Group","ui":"7041400","t":34943.0,"r":22824.0,"q":2.39,"p":260000.0,"mot":"U","mo":22824.0},{"cn":"","ui":"","t":78515.0,"r":1000.0,"q":2.99,"p":100000.0,"mot":"L","mo":1000.0}]},{"d":"01.07.2022","r":11705.0,"q":2.45,"p":246330.63,"s":[{"cn":"TyrellCorp","ui":"7157854","t":80690.0,"r":79680.0,"q":3.04,"p":100000.0,"mot":"L","mo":1000.0},{"cn":"SMYRNA Group","ui":"7041400","t":22824.0,"r":10705.0,"q":2.39,"p":260000.0,"mot":"U","mo":10705.0},{"cn":"","ui":"","t":0.0,"r":0.0,"q":0.0,"p":0.0,"mot":"L","mo":0.0}]},{"d":"04.07.2022","r":1329.0,"q":2.98,"p":68957.86,"s":[{"cn":"Royal H.","ui":"7077095","t":69429.0,"r":329.0,"q":2.36,"p":5000.0,"mot":"L","mo":329.0},{"cn":"TyrellCorp","ui":"7157854","t":87188.0,"r":86178.0,"q":3.18,"p":90000.0,"mot":"L","mo":1000.0},{"cn":"","ui":"","t":0.0,"r":0.0,"q":0.0,"p":0.0,"mot":"L","mo":0.0}]},{"d":"05.07.2022","r":3483.0,"q":2.66,"p":29404.25,"s":[{"cn":"TyrellCorp","ui":"7157854","t":89354.0,"r":88344.0,"q":3.22,"p":90000.0,"mot":"L","mo":1000.0},{"cn":"Royal H.","ui":"7077095","t":71583.0,"r":2483.0,"q":2.43,"p":5000.0,"mot":"L","mo":2483.0},{"cn":"","ui":"","t":0.0,"r":0.0,"q":0.0,"p":0.0,"mot":"L","mo":0.0}]},{"d":"06.07.2022","r":1000.0,"q":3.26,"p":90000.0,"s":[{"cn":"TyrellCorp","ui":"7157854","t":91520.0,"r":90510.0,"q":3.26,"p":90000.0,"mot":"L","mo":1000.0},{"cn":"","ui":"","t":0.0,"r":0.0,"q":0.0,"p":0.0,"mot":"L","mo":0.0}]},{"d":"07.07.2022","r":1000.0,"q":3.29,"p":80000.0,"s":[{"cn":"TyrellCorp","ui":"7157854","t":93686.0,"r":92676.0,"q":3.29,"p":80000.0,"mot":"L","mo":1000.0},{"cn":"","ui":"","t":0.0,"r":0.0,"q":0.0,"p":0.0,"mot":"L","mo":0.0}]},{"d":"08.07.2022","r":1000.0,"q":3.33,"p":70000.0,"s":[{"cn":"TyrellCorp","ui":"7157854","t":95852.0,"r":94842.0,"q":3.33,"p":70000.0,"mot":"L","mo":1000.0},{"cn":"","ui":"","t":0.0,"r":0.0,"q":0.0,"p":0.0,"mot":"L","mo":0.0}]},{"d":"11.07.2022","r":1000.0,"q":3.42,"p":70000.0,"s":[{"cn":"TyrellCorp","ui":"7157854","t":102070.0,"r":101040.0,"q":3.42,"p":70000.0,"mot":"L","mo":1000.0},{"cn":"","ui":"","t":0.0,"r":0.0,"q":0.0,"p":0.0,"mot":"L","mo":0.0}]},{"d":"12.07.2022","r":1000.0,"q":3.45,"p":70000.0,"s":[{"cn":"TyrellCorp","ui":"7157854","t":104208.0,"r":103178.0,"q":3.45,"p":70000.0,"mot":"L","mo":1000.0},{"cn":"","ui":"","t":0.0,"r":0.0,"q":0.0,"p":0.0,"mot":"L","mo":0.0}]},{"d":"13.07.2022","r":1000.0,"q":3.48,"p":70000.0,"s":[{"cn":"TyrellCorp","ui":"7157854","t":106354.0,"r":105344.0,"q":3.48,"p":70000.0,"mot":"L","mo":1000.0},{"cn":"","ui":"","t":0.0,"r":0.0,"q":0.0,"p":0.0,"mot":"L","mo":0.0}]},{"d":"14.07.2022","r":5210.0,"q":3.71,"p":15859.88,"s":[{"cn":"TyrellCorp","ui":"7157854","t":108500.0,"r":107490.0,"q":3.51,"p":70000.0,"mot":"L","mo":1000.0},{"cn":"Oaklye Group","ui":"7180879","t":4410.0,"r":4210.0,"q":3.76,"p":3000.0,"mot":"U","mo":4210.0},{"cn":"","ui":"","t":0.0,"r":0.0,"q":0.0,"p":0.0,"mot":"L","mo":0.0}]},{"d":"15.07.2022","r":1100.0,"q":3.55,"p":63909.09,"s":[{"cn":"TyrellCorp","ui":"7157854","t":110646.0,"r":109636.0,"q":3.53,"p":70000.0,"mot":"L","mo":1000.0},{"cn":"Oaklye Group","ui":"7180879","t":4110.0,"r":100.0,"q":3.76,"p":3000.0,"mot":"L","mo":100.0},{"cn":"","ui":"","t":0.0,"r":0.0,"q":0.0,"p":0.0,"mot":"L","mo":0.0}]},{"d":"18.07.2022","r":2500.0,"q":3.65,"p":48600.0,"s":[{"cn":"TyrellCorp","ui":"7157854","t":117084.0,"r":116074.0,"q":3.61,"p":60000.0,"mot":"L","mo":2000.0},{"cn":"Oaklye Group","ui":"7180879","t":2145.0,"r":1695.0,"q":3.79,"p":3000.0,"mot":"L","mo":500.0},{"cn":"","ui":"","t":0.0,"r":0.0,"q":0.0,"p":0.0,"mot":"L","mo":0.0}]},{"d":"19.07.2022","r":2500.0,"q":3.66,"p":48600.0,"s":[{"cn":"TyrellCorp","ui":"7157854","t":119230.0,"r":118220.0,"q":3.63,"p":60000.0,"mot":"L","mo":2000.0},{"cn":"Oaklye Group","ui":"7180879","t":2136.0,"r":1686.0,"q":3.79,"p":3000.0,"mot":"L","mo":500.0},{"cn":"","ui":"","t":0.0,"r":0.0,"q":0.0,"p":0.0,"mot":"L","mo":0.0}]},{"d":"20.07.2022","r":2500.0,"q":3.68,"p":40600.0,"s":[{"cn":"TyrellCorp","ui":"7157854","t":121376.0,"r":120366.0,"q":3.65,"p":50000.0,"mot":"L","mo":2000.0},{"cn":"Oaklye Group","ui":"7180879","t":2127.0,"r":1177.0,"q":3.79,"p":3000.0,"mot":"L","mo":500.0},{"cn":"","ui":"","t":0.0,"r":0.0,"q":0.0,"p":0.0,"mot":"L","mo":0.0}]},{"d":"21.07.2022","r":2500.0,"q":3.7,"p":40600.0,"s":[{"cn":"TyrellCorp","ui":"7157854","t":123522.0,"r":122512.0,"q":3.67,"p":50000.0,"mot":"L","mo":2000.0},{"cn":"Oaklye Group","ui":"7180879","t":1618.0,"r":668.0,"q":3.8,"p":3000.0,"mot":"L","mo":500.0},{"cn":"","ui":"","t":0.0,"r":0.0,"q":0.0,"p":0.0,"mot":"L","mo":0.0}]},{"d":"22.07.2022","r":2100.0,"q":3.56,"p":48571.43,"s":[{"cn":"TyrellCorp","ui":"7157854","t":125208.0,"r":124198.0,"q":3.69,"p":50000.0,"mot":"L","mo":2000.0},{"cn":"","ui":"","t":72445.0,"r":100.0,"q":1.0,"p":20000.0,"mot":"L","mo":100.0}]},{"d":"25.07.2022","r":2164.0,"q":3.77,"p":46438.08,"s":[{"cn":"TyrellCorp","ui":"7157854","t":129914.0,"r":126904.0,"q":3.76,"p":50000.0,"mot":"L","mo":2000.0},{"cn":"Oaklye Group","ui":"7180879","t":1326.0,"r":164.0,"q":3.87,"p":3000.0,"mot":"L","mo":164.0},{"cn":"","ui":"","t":0.0,"r":0.0,"q":0.0,"p":0.0,"mot":"L","mo":0.0}]},{"d":"26.07.2022","r":2000.0,"q":3.79,"p":50000.0,"s":[{"cn":"TyrellCorp","ui":"7157854","t":130866.0,"r":127856.0,"q":3.79,"p":50000.0,"mot":"L","mo":2000.0},{"cn":"","ui":"","t":0.0,"r":0.0,"q":0.0,"p":0.0,"mot":"L","mo":0.0}]},{"d":"27.07.2022","r":2000.0,"q":3.81,"p":40000.0,"s":[{"cn":"TyrellCorp","ui":"7157854","t":131828.0,"r":128518.0,"q":3.81,"p":40000.0,"mot":"L","mo":2000.0},{"cn":"","ui":"","t":0.0,"r":0.0,"q":0.0,"p":0.0,"mot":"L","mo":0.0}]},{"d":"10.08.2022","r":156.0,"q":5.09,"p":3000.0,"s":[{"cn":"Oaklye Group","ui":"7180879","t":2083.0,"r":156.0,"q":5.09,"p":3000.0,"mot":"U","mo":156.0},{"cn":"","ui":"","t":0.0,"r":0.0,"q":0.0,"p":0.0,"mot":"L","mo":0.0}]},{"d":"11.08.2022","r":1191463.0,"q":2.2,"p":280000.0,"s":[{"cn":"gunyuzu Industries","ui":"7065803","t":1204837.0,"r":1191463.0,"q":2.2,"p":280000.0,"mot":"U","mo":1191463.0},{"cn":"","ui":"","t":0.0,"r":0.0,"q":0.0,"p":0.0,"mot":"L","mo":0.0}]},{"d":"12.08.2022","r":1180742.0,"q":2.21,"p":280000.0,"s":[{"cn":"gunyuzu Industries","ui":"7065803","t":1194116.0,"r":1180742.0,"q":2.21,"p":280000.0,"mot":"U","mo":1180742.0},{"cn":"","ui":"","t":0.0,"r":0.0,"q":0.0,"p":0.0,"mot":"L","mo":0.0}]},{"d":"15.08.2022","r":1148579.0,"q":2.23,"p":280000.0,"s":[{"cn":"gunyuzu Industries","ui":"7065803","t":1161953.0,"r":1148579.0,"q":2.23,"p":280000.0,"mot":"U","mo":1148579.0},{"cn":"","ui":"","t":0.0,"r":0.0,"q":0.0,"p":0.0,"mot":"L","mo":0.0}]},{"d":"16.08.2022","r":2130710.0,"q":2.31,"p":254371.52,"s":[{"cn":"Kalotxo Ltd.","ui":"6381515","t":992852.0,"r":992852.0,"q":2.38,"p":225000.0,"mot":"U","mo":992852.0},{"cn":"gunyuzu Industries","ui":"7065803","t":1151232.0,"r":1137858.0,"q":2.24,"p":280000.0,"mot":"U","mo":1137858.0},{"cn":"","ui":"","t":0.0,"r":0.0,"q":0.0,"p":0.0,"mot":"L","mo":0.0}]},{"d":"17.08.2022","r":2119239.0,"q":2.31,"p":254252.26,"s":[{"cn":"Kalotxo Ltd.","ui":"6381515","t":992852.0,"r":992102.0,"q":2.38,"p":225000.0,"mot":"U","mo":992102.0},{"cn":"gunyuzu Industries","ui":"7065803","t":1140511.0,"r":1127137.0,"q":2.24,"p":280000.0,"mot":"U","mo":1127137.0},{"cn":"","ui":"","t":0.0,"r":0.0,"q":0.0,"p":0.0,"mot":"L","mo":0.0}]},{"d":"18.08.2022","r":2182818.0,"q":2.27,"p":251408.39,"s":[{"cn":"Kalotxo Ltd.","ui":"6381515","t":992102.0,"r":991352.0,"q":2.38,"p":225000.0,"mot":"U","mo":991352.0},{"cn":"gunyuzu Industries","ui":"7065803","t":1129736.0,"r":1116362.0,"q":2.25,"p":280000.0,"mot":"U","mo":1116362.0},{"cn":"","ui":"","t":75104.0,"r":75104.0,"q":1.0,"p":175000.0,"mot":"L","mo":75104.0}]},{"d":"19.08.2022","r":2171097.0,"q":2.27,"p":251282.27,"s":[{"cn":"Kalotxo Ltd.","ui":"6381515","t":991352.0,"r":990602.0,"q":2.38,"p":225000.0,"mot":"U","mo":990602.0},{"cn":"gunyuzu Industries","ui":"7065803","t":1118956.0,"r":1105582.0,"q":2.26,"p":280000.0,"mot":"U","mo":1105582.0},{"cn":"","ui":"","t":75104.0,"r":74913.0,"q":1.0,"p":175000.0,"mot":"L","mo":74913.0}]},{"d":"22.08.2022","r":2061572.0,"q":2.33,"p":253632.08,"s":[{"cn":"Kalotxo Ltd.","ui":"6381515","t":989102.0,"r":988352.0,"q":2.38,"p":225000.0,"mot":"U","mo":988352.0},{"cn":"gunyuzu Industries","ui":"7065803","t":1086594.0,"r":1073220.0,"q":2.28,"p":280000.0,"mot":"U","mo":1073220.0},{"cn":"","ui":"","t":0.0,"r":0.0,"q":0.0,"p":0.0,"mot":"L","mo":0.0}]},{"d":"23.08.2022","r":1062930.0,"q":2.29,"p":279915.33,"s":[{"cn":"gunyuzu Industries","ui":"7065803","t":1075804.0,"r":1062430.0,"q":2.29,"p":280000.0,"mot":"U","mo":1062430.0},{"cn":"","ui":"","t":500.0,"r":500.0,"q":1.0,"p":99999.0,"mot":"L","mo":500.0}]},{"d":"24.08.2022","r":1052546.0,"q":2.3,"p":279828.99,"s":[{"cn":"gunyuzu Industries","ui":"7065803","t":1064920.0,"r":1051546.0,"q":2.3,"p":280000.0,"mot":"U","mo":1051546.0},{"cn":"","ui":"","t":1000.0,"r":1000.0,"q":1.0,"p":99999.0,"mot":"L","mo":1000.0}]},{"d":"25.08.2022","r":1041444.0,"q":2.3,"p":279864.84,"s":[{"cn":"gunyuzu Industries","ui":"7065803","t":1054036.0,"r":1040662.0,"q":2.3,"p":280000.0,"mot":"U","mo":1040662.0},{"cn":"","ui":"","t":1141.0,"r":782.0,"q":1.0,"p":99999.0,"mot":"L","mo":782.0}]},{"d":"26.08.2022","r":1030381.0,"q":2.31,"p":279783.38,"s":[{"cn":"gunyuzu Industries","ui":"7065803","t":1043152.0,"r":1029141.0,"q":2.31,"p":280000.0,"mot":"U","mo":1029141.0},{"cn":"","ui":"","t":1441.0,"r":1240.0,"q":1.0,"p":99999.0,"mot":"L","mo":1240.0}]},{"d":"29.08.2022","r":1129061.0,"q":2.5,"p":349484.06,"s":[{"cn":"gunyuzu Industries","ui":"7065803","t":1008472.0,"r":994461.0,"q":2.33,"p":280000.0,"mot":"U","mo":994461.0},{"cn":"Kalotxo Ltd.","ui":"7157854","t":132490.0,"r":132490.0,"q":3.83,"p":875000.0,"mot":"U","mo":132490.0},{"cn":"","ui":"","t":2320.0,"r":2110.0,"q":1.0,"p":99999.0,"mot":"L","mo":2110.0}]},{"d":"30.08.2022","r":1060214.0,"q":2.24,"p":272173.4,"s":[{"cn":"gunyuzu Industries","ui":"7065803","t":996912.0,"r":982901.0,"q":2.34,"p":280000.0,"mot":"U","mo":982901.0},{"cn":"Kalotxo Ltd.","ui":"7177986","t":74913.0,"r":74913.0,"q":1.0,"p":175000.0,"mot":"U","mo":74913.0},{"cn":"","ui":"","t":2610.0,"r":2400.0,"q":1.0,"p":99999.0,"mot":"L","mo":2400.0}]},{"d":"31.08.2022","r":974031.0,"q":2.34,"p":279502.89,"s":[{"cn":"gunyuzu Industries","ui":"7065803","t":985352.0,"r":971341.0,"q":2.34,"p":280000.0,"mot":"U","mo":971341.0},{"cn":"","ui":"","t":2900.0,"r":2690.0,"q":1.0,"p":99999.0,"mot":"L","mo":2690.0}]},{"d":"01.09.2022","r":1049374.0,"q":2.23,"p":263494.63,"s":[{"cn":"gunyuzu Industries","ui":"7065803","t":973792.0,"r":959781.0,"q":2.35,"p":280000.0,"mot":"U","mo":959781.0},{"cn":"Kalotxo Ltd.","ui":"7177986","t":74913.0,"r":74913.0,"q":1.0,"p":95000.0,"mot":"U","mo":74913.0},{"cn":"","ui":"","t":14890.0,"r":14680.0,"q":1.01,"p":44209.61,"mot":"L","mo":14680.0}]},{"d":"02.09.2022","r":962401.0,"q":2.36,"p":279968.2,"s":[{"cn":"gunyuzu Industries","ui":"7065803","t":962232.0,"r":962231.0,"q":2.36,"p":280000.0,"mot":"U","mo":962231.0},{"cn":"","ui":"","t":3480.0,"r":170.0,"q":1.0,"p":99999.0,"mot":"L","mo":170.0}]},{"d":"05.09.2022","r":1099362.0,"q":2.67,"p":256378.66,"s":[{"cn":"gunyuzu Industries","ui":"7065803","t":969521.0,"r":969520.0,"q":2.38,"p":280000.0,"mot":"U","mo":969520.0},{"cn":"TyrellCorp","ui":"7256496","t":129842.0,"r":129842.0,"q":4.85,"p":80000.0,"mot":"U","mo":129842.0},{"cn":"","ui":"","t":0.0,"r":0.0,"q":0.0,"p":0.0,"mot":"L","mo":0.0}]},{"d":"06.09.2022","r":1102090.0,"q":2.68,"p":255201.83,"s":[{"cn":"gunyuzu Industries","ui":"7065803","t":971949.0,"r":971948.0,"q":2.39,"p":280000.0,"mot":"U","mo":971948.0},{"cn":"TyrellCorp","ui":"7256496","t":130142.0,"r":130142.0,"q":4.84,"p":70000.0,"mot":"U","mo":130142.0},{"cn":"","ui":"","t":0.0,"r":0.0,"q":0.0,"p":0.0,"mot":"L","mo":0.0}]},{"d":"07.09.2022","r":1104827.0,"q":2.68,"p":254025.58,"s":[{"cn":"gunyuzu Industries","ui":"7065803","t":974386.0,"r":974385.0,"q":2.39,"p":280000.0,"mot":"U","mo":974385.0},{"cn":"TyrellCorp","ui":"7256496","t":130442.0,"r":130442.0,"q":4.83,"p":60000.0,"mot":"U","mo":130442.0},{"cn":"","ui":"","t":0.0,"r":0.0,"q":0.0,"p":0.0,"mot":"L","mo":0.0}]},{"d":"08.09.2022","r":1107564.0,"q":2.69,"p":252849.73,"s":[{"cn":"gunyuzu Industries","ui":"7065803","t":976823.0,"r":976822.0,"q":2.4,"p":280000.0,"mot":"U","mo":976822.0},{"cn":"TyrellCorp","ui":"7256496","t":130742.0,"r":130742.0,"q":4.82,"p":50000.0,"mot":"U","mo":130742.0},{"cn":"","ui":"","t":0.0,"r":0.0,"q":0.0,"p":0.0,"mot":"L","mo":0.0}]},{"d":"09.09.2022","r":1122910.0,"q":2.73,"p":250578.74,"s":[{"cn":"gunyuzu Industries","ui":"7065803","t":979270.0,"r":979269.0,"q":2.41,"p":280000.0,"mot":"U","mo":979269.0},{"cn":"TyrellCorp","ui":"7256496","t":143641.0,"r":143641.0,"q":4.93,"p":50000.0,"mot":"U","mo":143641.0},{"cn":"","ui":"","t":0.0,"r":0.0,"q":0.0,"p":0.0,"mot":"L","mo":0.0}]},{"d":"12.09.2022","r":1123275.0,"q":2.74,"p":252015.05,"s":[{"cn":"gunyuzu Industries","ui":"7065803","t":986603.0,"r":986602.0,"q":2.43,"p":280000.0,"mot":"U","mo":986602.0},{"cn":"TyrellCorp","ui":"7256496","t":151673.0,"r":136673.0,"q":4.99,"p":50000.0,"mot":"U","mo":136673.0},{"cn":"","ui":"","t":0.0,"r":0.0,"q":0.0,"p":0.0,"mot":"L","mo":0.0}]},{"d":"13.09.2022","r":1112794.0,"q":2.72,"p":254421.87,"s":[{"cn":"gunyuzu Industries","ui":"7065803","t":989042.0,"r":989041.0,"q":2.43,"p":280000.0,"mot":"U","mo":989041.0},{"cn":"TyrellCorp","ui":"7256496","t":138753.0,"r":123753.0,"q":5.0,"p":50000.0,"mot":"U","mo":123753.0},{"cn":"","ui":"","t":0.0,"r":0.0,"q":0.0,"p":0.0,"mot":"L","mo":0.0}]},{"d":"14.09.2022","r":1102600.0,"q":2.7,"p":256820.61,"s":[{"cn":"gunyuzu Industries","ui":"7065803","t":991481.0,"r":991480.0,"q":2.44,"p":280000.0,"mot":"U","mo":991480.0},{"cn":"TyrellCorp","ui":"7256496","t":126130.0,"r":111120.0,"q":5.02,"p":50000.0,"mot":"U","mo":111120.0},{"cn":"","ui":"","t":0.0,"r":0.0,"q":0.0,"p":0.0,"mot":"L","mo":0.0}]},{"d":"15.09.2022","r":1092460.0,"q":2.68,"p":259253.77,"s":[{"cn":"gunyuzu Industries","ui":"7065803","t":993920.0,"r":993919.0,"q":2.45,"p":280000.0,"mot":"U","mo":993919.0},{"cn":"TyrellCorp","ui":"7256496","t":113551.0,"r":98541.0,"q":5.05,"p":50000.0,"mot":"U","mo":98541.0},{"cn":"","ui":"","t":0.0,"r":0.0,"q":0.0,"p":0.0,"mot":"L","mo":0.0}]},{"d":"16.09.2022","r":1082291.0,"q":2.66,"p":261738.19,"s":[{"cn":"gunyuzu Industries","ui":"7065803","t":996359.0,"r":996358.0,"q":2.45,"p":280000.0,"mot":"U","mo":996358.0},{"cn":"TyrellCorp","ui":"7256496","t":100943.0,"r":85933.0,"q":5.07,"p":50000.0,"mot":"U","mo":85933.0},{"cn":"","ui":"","t":0.0,"r":0.0,"q":0.0,"p":0.0,"mot":"L","mo":0.0}]},{"d":"19.09.2022","r":1055217.0,"q":2.6,"p":268769.15,"s":[{"cn":"gunyuzu Industries","ui":"7065803","t":1003692.0,"r":1003691.0,"q":2.47,"p":280000.0,"mot":"U","mo":1003691.0},{"cn":"","ui":"","t":66536.0,"r":51526.0,"q":5.23,"p":50000.0,"mot":"L","mo":51526.0}]},{"d":"20.09.2022","r":1043976.0,"q":2.58,"p":271662.09,"s":[{"cn":"gunyuzu Industries","ui":"7065803","t":1006131.0,"r":1006130.0,"q":2.48,"p":280000.0,"mot":"U","mo":1006130.0},{"cn":"","ui":"","t":52856.0,"r":37846.0,"q":5.25,"p":50000.0,"mot":"L","mo":37846.0}]},{"d":"21.09.2022","r":1036005.0,"q":2.55,"p":273874.91,"s":[{"cn":"gunyuzu Industries","ui":"7065803","t":1008559.0,"r":1008558.0,"q":2.49,"p":280000.0,"mot":"U","mo":1008558.0},{"cn":"","ui":"","t":42457.0,"r":27447.0,"q":4.78,"p":48804.61,"mot":"L","mo":27447.0}]},{"d":"22.09.2022","r":1026753.0,"q":2.51,"p":276365.21,"s":[{"cn":"gunyuzu Industries","ui":"7065803","t":1010987.0,"r":1010986.0,"q":2.49,"p":280000.0,"mot":"U","mo":1010986.0},{"cn":"","ui":"","t":30777.0,"r":15767.0,"q":3.89,"p":43301.2,"mot":"L","mo":15767.0}]},{"d":"23.09.2022","r":1013411.0,"q":2.5,"p":280000.0,"s":[{"cn":"gunyuzu Industries","ui":"7065803","t":1013412.0,"r":1013411.0,"q":2.5,"p":280000.0,"mot":"U","mo":1013411.0},{"cn":"","ui":"","t":0.0,"r":0.0,"q":0.0,"p":0.0,"mot":"L","mo":0.0}]},{"d":"26.09.2022","r":1020669.0,"q":2.52,"p":280000.0,"s":[{"cn":"gunyuzu Industries","ui":"7065803","t":1020670.0,"r":1020669.0,"q":2.52,"p":280000.0,"mot":"U","mo":1020669.0},{"cn":"","ui":"","t":0.0,"r":0.0,"q":0.0,"p":0.0,"mot":"L","mo":0.0}]},{"d":"27.09.2022","r":1023087.0,"q":2.52,"p":280000.0,"s":[{"cn":"gunyuzu Industries","ui":"7065803","t":1023088.0,"r":1023087.0,"q":2.52,"p":280000.0,"mot":"U","mo":1023087.0},{"cn":"","ui":"","t":0.0,"r":0.0,"q":0.0,"p":0.0,"mot":"L","mo":0.0}]},{"d":"28.09.2022","r":1025536.0,"q":2.53,"p":280000.0,"s":[{"cn":"gunyuzu Industries","ui":"7065803","t":1025537.0,"r":1025536.0,"q":2.53,"p":280000.0,"mot":"U","mo":1025536.0},{"cn":"","ui":"","t":0.0,"r":0.0,"q":0.0,"p":0.0,"mot":"L","mo":0.0}]},{"d":"29.09.2022","r":2016337.0,"q":2.46,"p":253040.54,"s":[{"cn":"Kalotxo Ltd.","ui":"6381515","t":988352.0,"r":988352.0,"q":2.38,"p":225000.0,"mot":"U","mo":988352.0},{"cn":"gunyuzu Industries","ui":"7065803","t":1027986.0,"r":1027985.0,"q":2.53,"p":280000.0,"mot":"U","mo":1027985.0},{"cn":"","ui":"","t":0.0,"r":0.0,"q":0.0,"p":0.0,"mot":"L","mo":0.0}]},{"d":"30.09.2022","r":2150631.0,"q":2.55,"p":252639.2,"s":[{"cn":"Kalotxo Ltd.","ui":"6381515","t":988352.0,"r":987532.0,"q":2.38,"p":225000.0,"mot":"U","mo":987532.0},{"cn":"gunyuzu Industries","ui":"7065803","t":1030454.0,"r":1030453.0,"q":2.54,"p":280000.0,"mot":"U","mo":1030453.0},{"cn":"Kalotxo Ltd.","ui":"7157854","t":132490.0,"r":132490.0,"q":3.83,"p":245000.0,"mot":"U","mo":132490.0},{"cn":"","ui":"","t":156.0,"r":156.0,"q":5.09,"p":975000.0,"mot":"L","mo":156.0}]}]