[{"d":"01.02.2019","r":4000.0,"q":7.25,"p":3000.0,"s":[{"cn":"Mary Limited Crypt","ui":"7847730","t":116561.0,"r":116561.0,"q":7.25,"p":3000.0,"mot":"L","mo":4000.0},{"cn":"","ui":"","t":0.0,"r":0.0,"q":0.0,"p":0.0,"mot":"L","mo":0.0}]},{"d":"04.02.2019","r":4000.0,"q":7.33,"p":3000.0,"s":[{"cn":"Mary Limited Crypt","ui":"7847730","t":143561.0,"r":135561.0,"q":7.33,"p":3000.0,"mot":"L","mo":4000.0},{"cn":"","ui":"","t":0.0,"r":0.0,"q":0.0,"p":0.0,"mot":"L","mo":0.0}]},{"d":"05.02.2019","r":4000.0,"q":7.35,"p":3000.0,"s":[{"cn":"Mary Limited Crypt","ui":"7847730","t":144561.0,"r":136561.0,"q":7.35,"p":3000.0,"mot":"L","mo":4000.0},{"cn":"","ui":"","t":0.0,"r":0.0,"q":0.0,"p":0.0,"mot":"L","mo":0.0}]},{"d":"06.02.2019","r":4000.0,"q":7.38,"p":3000.0,"s":[{"cn":"Mary Limited Crypt","ui":"7847730","t":145561.0,"r":137561.0,"q":7.38,"p":3000.0,"mot":"L","mo":4000.0},{"cn":"","ui":"","t":0.0,"r":0.0,"q":0.0,"p":0.0,"mot":"L","mo":0.0}]},{"d":"07.02.2019","r":4000.0,"q":7.4,"p":3000.0,"s":[{"cn":"Mary Limited Crypt","ui":"7847730","t":146561.0,"r":138561.0,"q":7.4,"p":3000.0,"mot":"L","mo":4000.0},{"cn":"","ui":"","t":0.0,"r":0.0,"q":0.0,"p":0.0,"mot":"L","mo":0.0}]},{"d":"08.02.2019","r":4000.0,"q":7.43,"p":3000.0,"s":[{"cn":"Mary Limited Crypt","ui":"7847730","t":147561.0,"r":139561.0,"q":7.43,"p":3000.0,"mot":"L","mo":4000.0},{"cn":"","ui":"","t":0.0,"r":0.0,"q":0.0,"p":0.0,"mot":"L","mo":0.0}]}]