[{"pi":"335177","pc":"Продукты питания","ss":100000,"td":"Фешенебельный район","dc":2,"n":594.86,"vc":"223700","sl":"Элитный","sv":"9266","p":35900.0,"q":11.68,"b":0.0,"ms":5.08,"wi":131.96,"ei":6.72,"as":1776.47,"mi":"E","mv":182277,"sc":1,"lpe":94.92,"lpr":4635.68,"lq":1.0,"d":2542506},{"pi":"335177","pc":"Продукты питания","ss":40000,"td":"Центр города","dc":1,"n":377.86,"vc":"97376","sl":"Элитный","sv":"1","p":20000.0,"q":12.34,"b":0.0,"ms":0.0,"wi":45.61,"ei":8.95,"as":326.91,"mi":"E","mv":198020,"sc":1,"lpe":100.0,"lpr":1547.07,"lq":1.0,"d":2976414},{"pi":"335177","pc":"Продукты питания","ss":100000,"td":"Центр города","dc":1,"n":250.04,"vc":"54439","sl":"Элитный","sv":"1000","p":700.0,"q":7.2,"b":1.51,"ms":0.3,"wi":27.86,"ei":3.43,"as":42.92,"mi":"E","mv":332618,"sc":1,"lpe":99.7,"lpr":1091.64,"lq":1.0,"d":9216794},{"pi":"335177","pc":"Продукты питания","ss":15000,"td":"Фешенебельный район","dc":1,"n":542.09,"vc":"15372","sl":"Элитный","sv":"837","p":15700.0,"q":11.68,"b":0.0,"ms":3.37,"wi":80.59,"ei":6.9,"as":850.5,"mi":"E","mv":24819,"sc":1,"lpe":96.63,"lpr":2650.95,"lq":1.0,"d":688452},{"pi":"335177","pc":"Продукты питания","ss":31000,"td":"Центр города","dc":1,"n":445.39,"vc":"95804","sl":"Элитный","sv":"1","p":20000.0,"q":12.34,"b":0.0,"ms":0.0,"wi":86.72,"ei":7.1,"as":871.5,"mi":"E","mv":69670,"sc":1,"lpe":100.0,"lpr":3388.01,"lq":1.0,"d":957768},{"pi":"335177","pc":"Продукты питания","ss":100000,"td":"Центр города","dc":1,"n":167.69,"vc":"16480","sl":"Элитный","sv":"742","p":10500.0,"q":6.12,"b":0.0,"ms":0.38,"wi":81.91,"ei":8.82,"as":546.4,"mi":"E","mv":194276,"sc":1,"lpe":99.62,"lpr":4312.1,"lq":1.0,"d":2598727},{"pi":"335177","pc":"Продукты питания","ss":100000,"td":"Центр города","dc":2,"n":335.39,"vc":"86020","sl":"Очень высокий","sv":"49","p":30000.0,"q":10.98,"b":0.0,"ms":0.04,"wi":57.01,"ei":11.71,"as":410.0,"mi":"E","mv":111981,"sc":1,"lpe":99.96,"lpr":3044.63,"lq":1.0,"d":2912574},{"pi":"335177","pc":"Продукты питания","ss":40000,"td":"Центр города","dc":1,"n":409.72,"vc":"108654","sl":"Элитный","sv":"1","p":20000.0,"q":12.34,"b":0.0,"ms":0.0,"wi":51.89,"ei":9.72,"as":380.0,"mi":"E","mv":223252,"sc":1,"lpe":100.0,"lpr":1311.86,"lq":1.0,"d":1850212},{"pi":"335177","pc":"Продукты питания","ss":100000,"td":"Фешенебельный район","dc":2,"n":514.88,"vc":"139200","sl":"Элитный","sv":"20481","p":27000.0,"q":11.68,"b":0.0,"ms":8.57,"wi":89.14,"ei":7.05,"as":1247.63,"mi":"E","mv":239086,"sc":1,"lpe":91.43,"lpr":4111.69,"lq":1.0,"d":5900984},{"pi":"335177","pc":"Продукты питания","ss":7300,"td":"Центр города","dc":10,"n":350.08,"vc":"25965","sl":"Очень низкий","sv":"1","p":11000.0,"q":1.62,"b":0.0,"ms":0.0,"wi":59.25,"ei":8.02,"as":811.4,"mi":"E","mv":252566,"sc":1,"lpe":100.0,"lpr":2467.99,"lq":1.0,"d":4968783},{"pi":"335177","pc":"Продукты питания","ss":20000,"td":"Центр города","dc":1,"n":368.34,"vc":"55658","sl":"Элитный","sv":"1","p":20000.0,"q":12.34,"b":0.0,"ms":0.0,"wi":66.64,"ei":6.73,"as":726.6,"mi":"E","mv":155516,"sc":1,"lpe":100.0,"lpr":2811.95,"lq":1.0,"d":3164786},{"pi":"335177","pc":"Продукты питания","ss":100000,"td":"Центр города","dc":2,"n":493.97,"vc":"529502","sl":"Низкий","sv":"3324","p":40000.0,"q":11.17,"b":0.0,"ms":2.01,"wi":127.75,"ei":7.06,"as":1642.86,"mi":"E","mv":165232,"sc":1,"lpe":97.99,"lpr":6711.56,"lq":1.0,"d":2109186},{"pi":"335177","pc":"Продукты питания","ss":13000,"td":"Центр города","dc":1,"n":316.38,"vc":"37540","sl":"Элитный","sv":"1","p":20000.0,"q":12.34,"b":0.0,"ms":0.0,"wi":40.67,"ei":5.73,"as":513.32,"mi":"E","mv":464689,"sc":1,"lpe":100.0,"lpr":1463.08,"lq":1.0,"d":7527186},{"pi":"335177","pc":"Продукты питания","ss":25000,"td":"Центр города","dc":1,"n":329.75,"vc":"31437","sl":"Очень высокий","sv":"2246","p":18000.0,"q":11.68,"b":0.0,"ms":2.89,"wi":73.83,"ei":6.3,"as":571.53,"mi":"E","mv":77700,"sc":1,"lpe":97.11,"lpr":2983.93,"lq":1.0,"d":973156},{"pi":"335177","pc":"Продукты питания","ss":40000,"td":"Центр города","dc":1,"n":321.51,"vc":"81304","sl":"Очень высокий","sv":"1","p":20000.0,"q":12.34,"b":0.0,"ms":0.0,"wi":51.76,"ei":4.41,"as":655.66,"mi":"E","mv":475073,"sc":1,"lpe":100.0,"lpr":1441.47,"lq":1.0,"d":7172110},{"pi":"335177","pc":"Продукты питания","ss":100000,"td":"Центр города","dc":1,"n":192.89,"vc":"15134","sl":"Элитный","sv":"3924","p":4000.0,"q":7.2,"b":1.37,"ms":6.04,"wi":113.29,"ei":8.52,"as":2226.16,"mi":"E","mv":64936,"sc":1,"lpe":93.96,"lpr":3193.77,"lq":1.0,"d":1235082},{"pi":"335177","pc":"Продукты питания","ss":100000,"td":"Центр города","dc":2,"n":439.09,"vc":"223982","sl":"Элитный","sv":"11000","p":31400.0,"q":11.68,"b":0.0,"ms":5.76,"wi":116.13,"ei":7.17,"as":2122.22,"mi":"E","mv":190861,"sc":1,"lpe":94.24,"lpr":4789.65,"lq":1.0,"d":2596850},{"pi":"335177","pc":"Продукты питания","ss":300000,"td":"Фешенебельный район","dc":1,"n":407.21,"vc":"133924","sl":"Элитный","sv":"28605","p":22000.0,"q":7.22,"b":0.0,"ms":3.33,"wi":102.86,"ei":10.85,"as":2744.68,"mi":"E","mv":859219,"sc":4,"lpe":94.09,"lpr":5005.16,"lq":1.0,"d":9744630},{"pi":"335177","pc":"Продукты питания","ss":100000,"td":"Спальный район","dc":1,"n":291.23,"vc":"64386","sl":"Элитный","sv":"15000","p":5500.0,"q":6.37,"b":1.64,"ms":1.75,"wi":102.86,"ei":10.85,"as":2744.68,"mi":"E","mv":859219,"sc":4,"lpe":94.09,"lpr":5005.16,"lq":1.0,"d":9744630},{"pi":"335177","pc":"Продукты питания","ss":100000,"td":"Центр города","dc":1,"n":474.63,"vc":"751138","sl":"Очень высокий","sv":"7000","p":30000.0,"q":17.51,"b":0.0,"ms":0.81,"wi":102.86,"ei":10.85,"as":2744.68,"mi":"E","mv":859219,"sc":4,"lpe":94.09,"lpr":5005.16,"lq":1.0,"d":9744630},{"pi":"335177","pc":"Продукты питания","ss":100000,"td":"Центр города","dc":1,"n":131.46,"vc":"18473","sl":"Элитный","sv":"154","p":18500.0,"q":6.1,"b":1.64,"ms":0.02,"wi":102.86,"ei":10.85,"as":2744.68,"mi":"E","mv":859219,"sc":4,"lpe":94.09,"lpr":5005.16,"lq":1.0,"d":9744630},{"pi":"335177","pc":"Продукты питания","ss":40000,"td":"Центр города","dc":1,"n":498.68,"vc":"150760","sl":"Очень высокий","sv":"1","p":20000.0,"q":12.34,"b":0.0,"ms":0.0,"wi":73.18,"ei":7.0,"as":362.16,"mi":"E","mv":39976,"sc":1,"lpe":100.0,"lpr":2770.0,"lq":1.0,"d":664549},{"pi":"335177","pc":"Продукты питания","ss":20000,"td":"Центр города","dc":1,"n":434.46,"vc":"67935","sl":"Очень высокий","sv":"1","p":20000.0,"q":12.34,"b":0.0,"ms":0.0,"wi":78.09,"ei":6.42,"as":548.1,"mi":"E","mv":93439,"sc":1,"lpe":100.0,"lpr":2778.26,"lq":1.0,"d":1232684},{"pi":"335177","pc":"Продукты питания","ss":22000,"td":"Центр города","dc":1,"n":380.32,"vc":"63138","sl":"Элитный","sv":"74","p":40000.0,"q":12.34,"b":0.0,"ms":0.04,"wi":99.69,"ei":9.31,"as":1270.5,"mi":"E","mv":207772,"sc":1,"lpe":99.96,"lpr":4921.31,"lq":1.0,"d":2836484},{"pi":"335177","pc":"Продукты питания","ss":10000,"td":"Фешенебельный район","dc":2,"n":441.51,"vc":"5898","sl":"Элитный","sv":"51","p":20000.0,"q":10.55,"b":0.0,"ms":0.17,"wi":51.22,"ei":6.76,"as":427.68,"mi":"E","mv":30045,"sc":1,"lpe":99.83,"lpr":1976.94,"lq":1.0,"d":988934},{"pi":"335177","pc":"Продукты питания","ss":20000,"td":"Центр города","dc":1,"n":371.56,"vc":"55858","sl":"Очень высокий","sv":"1","p":20000.0,"q":12.34,"b":0.0,"ms":0.0,"wi":93.34,"ei":5.0,"as":474.39,"mi":"E","mv":232015,"sc":1,"lpe":100.0,"lpr":4247.98,"lq":1.0,"d":2970884},{"pi":"335177","pc":"Продукты питания","ss":1000,"td":"Спальный район","dc":1,"n":246.33,"vc":"1574","sl":"Элитный","sv":"282","p":15300.0,"q":11.68,"b":0.0,"ms":0.65,"wi":88.26,"ei":7.25,"as":562.28,"mi":"E","mv":43649,"sc":1,"lpe":99.35,"lpr":3247.71,"lq":1.0,"d":598348},{"pi":"335177","pc":"Продукты питания","ss":45000,"td":"Фешенебельный район","dc":2,"n":488.59,"vc":"23690","sl":"Элитный","sv":"1552","p":15500.0,"q":11.68,"b":0.0,"ms":6.18,"wi":89.42,"ei":9.5,"as":1197.0,"mi":"E","mv":25124,"sc":1,"lpe":93.82,"lpr":2959.44,"lq":1.0,"d":573484},{"pi":"335177","pc":"Продукты питания","ss":1000,"td":"Фешенебельный район","dc":9,"n":64.15,"vc":"145","sl":"Элитный","sv":"1","p":17000.0,"q":11.04,"b":0.0,"ms":0.0,"wi":48.46,"ei":12.08,"as":459.52,"mi":"E","mv":202818,"sc":1,"lpe":100.0,"lpr":1841.01,"lq":1.0,"d":3957256}]