[{"d":"23.04.2018","r":3.0,"q":21.39,"p":2.0E7,"s":[{"cn":"Co Ltd.","ui":"4107526","t":3.0,"r":3.0,"q":21.39,"p":2.0E7,"mot":"U","mo":3.0},{"cn":"","ui":"","t":0.0,"r":0.0,"q":0.0,"p":0.0,"mot":"L","mo":0.0}]},{"d":"04.06.2018","r":2.0,"q":14.71,"p":4000000.0,"s":[{"cn":"Ackermann Industries International","ui":"3211568","t":2.0,"r":2.0,"q":14.71,"p":4000000.0,"mot":"U","mo":2.0},{"cn":"","ui":"","t":0.0,"r":0.0,"q":0.0,"p":0.0,"mot":"L","mo":0.0}]},{"d":"06.06.2018","r":3.0,"q":14.71,"p":4000000.0,"s":[{"cn":"Ackermann Industries International","ui":"3211568","t":3.0,"r":3.0,"q":14.71,"p":4000000.0,"mot":"U","mo":3.0},{"cn":"","ui":"","t":0.0,"r":0.0,"q":0.0,"p":0.0,"mot":"L","mo":0.0}]},{"d":"07.06.2018","r":4.0,"q":14.71,"p":4000000.0,"s":[{"cn":"Ackermann Industries International","ui":"3211568","t":4.0,"r":4.0,"q":14.71,"p":4000000.0,"mot":"U","mo":4.0},{"cn":"","ui":"","t":0.0,"r":0.0,"q":0.0,"p":0.0,"mot":"L","mo":0.0}]},{"d":"08.06.2018","r":5.0,"q":14.72,"p":4000000.0,"s":[{"cn":"Ackermann Industries International","ui":"3211568","t":5.0,"r":5.0,"q":14.72,"p":4000000.0,"mot":"U","mo":5.0},{"cn":"","ui":"","t":0.0,"r":0.0,"q":0.0,"p":0.0,"mot":"L","mo":0.0}]},{"d":"11.06.2018","r":8.0,"q":14.73,"p":4000000.0,"s":[{"cn":"Ackermann Industries International","ui":"3211568","t":8.0,"r":8.0,"q":14.73,"p":4000000.0,"mot":"U","mo":8.0},{"cn":"","ui":"","t":0.0,"r":0.0,"q":0.0,"p":0.0,"mot":"L","mo":0.0}]},{"d":"12.06.2018","r":9.0,"q":14.73,"p":4000000.0,"s":[{"cn":"Ackermann Industries International","ui":"3211568","t":9.0,"r":9.0,"q":14.73,"p":4000000.0,"mot":"U","mo":9.0},{"cn":"","ui":"","t":0.0,"r":0.0,"q":0.0,"p":0.0,"mot":"L","mo":0.0}]},{"d":"13.06.2018","r":10.0,"q":14.74,"p":4000000.0,"s":[{"cn":"Ackermann Industries International","ui":"3211568","t":10.0,"r":10.0,"q":14.74,"p":4000000.0,"mot":"U","mo":10.0},{"cn":"","ui":"","t":0.0,"r":0.0,"q":0.0,"p":0.0,"mot":"L","mo":0.0}]},{"d":"14.06.2018","r":11.0,"q":14.74,"p":4000000.0,"s":[{"cn":"Ackermann Industries International","ui":"3211568","t":11.0,"r":11.0,"q":14.74,"p":4000000.0,"mot":"U","mo":11.0},{"cn":"","ui":"","t":0.0,"r":0.0,"q":0.0,"p":0.0,"mot":"L","mo":0.0}]},{"d":"15.06.2018","r":12.0,"q":14.74,"p":4000000.0,"s":[{"cn":"Ackermann Industries International","ui":"3211568","t":12.0,"r":12.0,"q":14.74,"p":4000000.0,"mot":"U","mo":12.0},{"cn":"","ui":"","t":0.0,"r":0.0,"q":0.0,"p":0.0,"mot":"L","mo":0.0}]},{"d":"18.06.2018","r":15.0,"q":14.75,"p":4000000.0,"s":[{"cn":"Ackermann Industries International","ui":"3211568","t":15.0,"r":15.0,"q":14.75,"p":4000000.0,"mot":"U","mo":15.0},{"cn":"","ui":"","t":0.0,"r":0.0,"q":0.0,"p":0.0,"mot":"L","mo":0.0}]},{"d":"19.06.2018","r":16.0,"q":14.76,"p":4000000.0,"s":[{"cn":"Ackermann Industries International","ui":"3211568","t":16.0,"r":16.0,"q":14.76,"p":4000000.0,"mot":"U","mo":16.0},{"cn":"","ui":"","t":0.0,"r":0.0,"q":0.0,"p":0.0,"mot":"L","mo":0.0}]},{"d":"20.06.2018","r":17.0,"q":14.76,"p":4000000.0,"s":[{"cn":"Ackermann Industries International","ui":"3211568","t":17.0,"r":17.0,"q":14.76,"p":4000000.0,"mot":"U","mo":17.0},{"cn":"","ui":"","t":0.0,"r":0.0,"q":0.0,"p":0.0,"mot":"L","mo":0.0}]},{"d":"21.06.2018","r":18.0,"q":14.76,"p":4000000.0,"s":[{"cn":"Ackermann Industries International","ui":"3211568","t":18.0,"r":18.0,"q":14.76,"p":4000000.0,"mot":"U","mo":18.0},{"cn":"","ui":"","t":0.0,"r":0.0,"q":0.0,"p":0.0,"mot":"L","mo":0.0}]},{"d":"22.06.2018","r":19.0,"q":14.77,"p":4000000.0,"s":[{"cn":"Ackermann Industries International","ui":"3211568","t":19.0,"r":19.0,"q":14.77,"p":4000000.0,"mot":"U","mo":19.0},{"cn":"","ui":"","t":0.0,"r":0.0,"q":0.0,"p":0.0,"mot":"L","mo":0.0}]},{"d":"25.06.2018","r":22.0,"q":14.78,"p":4000000.0,"s":[{"cn":"Ackermann Industries International","ui":"3211568","t":22.0,"r":22.0,"q":14.78,"p":4000000.0,"mot":"U","mo":22.0},{"cn":"","ui":"","t":0.0,"r":0.0,"q":0.0,"p":0.0,"mot":"L","mo":0.0}]},{"d":"26.06.2018","r":23.0,"q":14.78,"p":4000000.0,"s":[{"cn":"Ackermann Industries International","ui":"3211568","t":23.0,"r":23.0,"q":14.78,"p":4000000.0,"mot":"U","mo":23.0},{"cn":"","ui":"","t":0.0,"r":0.0,"q":0.0,"p":0.0,"mot":"L","mo":0.0}]},{"d":"27.06.2018","r":24.0,"q":14.79,"p":4000000.0,"s":[{"cn":"Ackermann Industries International","ui":"3211568","t":24.0,"r":24.0,"q":14.79,"p":4000000.0,"mot":"U","mo":24.0},{"cn":"","ui":"","t":0.0,"r":0.0,"q":0.0,"p":0.0,"mot":"L","mo":0.0}]},{"d":"28.06.2018","r":25.0,"q":14.79,"p":4000000.0,"s":[{"cn":"Ackermann Industries International","ui":"3211568","t":25.0,"r":25.0,"q":14.79,"p":4000000.0,"mot":"U","mo":25.0},{"cn":"","ui":"","t":0.0,"r":0.0,"q":0.0,"p":0.0,"mot":"L","mo":0.0}]},{"d":"29.06.2018","r":26.0,"q":14.8,"p":4000000.0,"s":[{"cn":"Ackermann Industries International","ui":"3211568","t":26.0,"r":26.0,"q":14.8,"p":4000000.0,"mot":"U","mo":26.0},{"cn":"","ui":"","t":0.0,"r":0.0,"q":0.0,"p":0.0,"mot":"L","mo":0.0}]},{"d":"02.07.2018","r":29.0,"q":14.81,"p":4000000.0,"s":[{"cn":"Ackermann Industries International","ui":"3211568","t":29.0,"r":29.0,"q":14.81,"p":4000000.0,"mot":"U","mo":29.0},{"cn":"","ui":"","t":0.0,"r":0.0,"q":0.0,"p":0.0,"mot":"L","mo":0.0}]},{"d":"03.07.2018","r":30.0,"q":14.81,"p":4000000.0,"s":[{"cn":"Ackermann Industries International","ui":"3211568","t":30.0,"r":30.0,"q":14.81,"p":4000000.0,"mot":"U","mo":30.0},{"cn":"","ui":"","t":0.0,"r":0.0,"q":0.0,"p":0.0,"mot":"L","mo":0.0}]},{"d":"04.07.2018","r":31.0,"q":14.82,"p":4000000.0,"s":[{"cn":"Ackermann Industries International","ui":"3211568","t":31.0,"r":31.0,"q":14.82,"p":4000000.0,"mot":"U","mo":31.0},{"cn":"","ui":"","t":0.0,"r":0.0,"q":0.0,"p":0.0,"mot":"L","mo":0.0}]},{"d":"06.07.2018","r":33.0,"q":14.83,"p":4000000.0,"s":[{"cn":"Ackermann Industries International","ui":"3211568","t":33.0,"r":33.0,"q":14.83,"p":4000000.0,"mot":"U","mo":33.0},{"cn":"","ui":"","t":0.0,"r":0.0,"q":0.0,"p":0.0,"mot":"L","mo":0.0}]},{"d":"09.07.2018","r":36.0,"q":14.84,"p":4000000.0,"s":[{"cn":"Ackermann Industries International","ui":"3211568","t":36.0,"r":36.0,"q":14.84,"p":4000000.0,"mot":"U","mo":36.0},{"cn":"","ui":"","t":0.0,"r":0.0,"q":0.0,"p":0.0,"mot":"L","mo":0.0}]},{"d":"10.07.2018","r":37.0,"q":14.84,"p":4000000.0,"s":[{"cn":"Ackermann Industries International","ui":"3211568","t":37.0,"r":37.0,"q":14.84,"p":4000000.0,"mot":"U","mo":37.0},{"cn":"","ui":"","t":0.0,"r":0.0,"q":0.0,"p":0.0,"mot":"L","mo":0.0}]},{"d":"11.07.2018","r":38.0,"q":14.85,"p":4000000.0,"s":[{"cn":"Ackermann Industries International","ui":"3211568","t":38.0,"r":38.0,"q":14.85,"p":4000000.0,"mot":"U","mo":38.0},{"cn":"","ui":"","t":0.0,"r":0.0,"q":0.0,"p":0.0,"mot":"L","mo":0.0}]},{"d":"12.07.2018","r":39.0,"q":14.85,"p":4000000.0,"s":[{"cn":"Ackermann Industries International","ui":"3211568","t":39.0,"r":39.0,"q":14.85,"p":4000000.0,"mot":"U","mo":39.0},{"cn":"","ui":"","t":0.0,"r":0.0,"q":0.0,"p":0.0,"mot":"L","mo":0.0}]},{"d":"13.07.2018","r":40.0,"q":14.86,"p":4000000.0,"s":[{"cn":"Ackermann Industries International","ui":"3211568","t":40.0,"r":40.0,"q":14.86,"p":4000000.0,"mot":"U","mo":40.0},{"cn":"","ui":"","t":0.0,"r":0.0,"q":0.0,"p":0.0,"mot":"L","mo":0.0}]},{"d":"30.07.2018","r":57.0,"q":14.93,"p":3960000.0,"s":[{"cn":"Ackermann Industries International","ui":"3211568","t":57.0,"r":57.0,"q":14.93,"p":3960000.0,"mot":"U","mo":57.0},{"cn":"","ui":"","t":0.0,"r":0.0,"q":0.0,"p":0.0,"mot":"L","mo":0.0}]},{"d":"31.07.2018","r":58.0,"q":14.94,"p":3960000.0,"s":[{"cn":"Ackermann Industries International","ui":"3211568","t":58.0,"r":58.0,"q":14.94,"p":3960000.0,"mot":"U","mo":58.0},{"cn":"","ui":"","t":0.0,"r":0.0,"q":0.0,"p":0.0,"mot":"L","mo":0.0}]},{"d":"01.08.2018","r":59.0,"q":14.94,"p":3960000.0,"s":[{"cn":"Ackermann Industries International","ui":"3211568","t":59.0,"r":59.0,"q":14.94,"p":3960000.0,"mot":"U","mo":59.0},{"cn":"","ui":"","t":0.0,"r":0.0,"q":0.0,"p":0.0,"mot":"L","mo":0.0}]},{"d":"03.08.2018","r":61.0,"q":14.95,"p":3960000.0,"s":[{"cn":"Ackermann Industries International","ui":"3211568","t":61.0,"r":61.0,"q":14.95,"p":3960000.0,"mot":"U","mo":61.0},{"cn":"","ui":"","t":0.0,"r":0.0,"q":0.0,"p":0.0,"mot":"L","mo":0.0}]},{"d":"06.08.2018","r":64.0,"q":14.96,"p":3930000.0,"s":[{"cn":"Ackermann Industries International","ui":"3211568","t":64.0,"r":64.0,"q":14.96,"p":3930000.0,"mot":"U","mo":64.0},{"cn":"","ui":"","t":0.0,"r":0.0,"q":0.0,"p":0.0,"mot":"L","mo":0.0}]},{"d":"07.08.2018","r":65.0,"q":14.97,"p":3930000.0,"s":[{"cn":"Ackermann Industries International","ui":"3211568","t":65.0,"r":65.0,"q":14.97,"p":3930000.0,"mot":"U","mo":65.0},{"cn":"","ui":"","t":0.0,"r":0.0,"q":0.0,"p":0.0,"mot":"L","mo":0.0}]},{"d":"08.08.2018","r":66.0,"q":14.97,"p":3930000.0,"s":[{"cn":"Ackermann Industries International","ui":"3211568","t":66.0,"r":66.0,"q":14.97,"p":3930000.0,"mot":"U","mo":66.0},{"cn":"","ui":"","t":0.0,"r":0.0,"q":0.0,"p":0.0,"mot":"L","mo":0.0}]},{"d":"09.08.2018","r":67.0,"q":14.98,"p":3930000.0,"s":[{"cn":"Ackermann Industries International","ui":"3211568","t":67.0,"r":67.0,"q":14.98,"p":3930000.0,"mot":"U","mo":67.0},{"cn":"","ui":"","t":0.0,"r":0.0,"q":0.0,"p":0.0,"mot":"L","mo":0.0}]},{"d":"10.08.2018","r":68.0,"q":14.98,"p":3930000.0,"s":[{"cn":"Ackermann Industries International","ui":"3211568","t":68.0,"r":68.0,"q":14.98,"p":3930000.0,"mot":"U","mo":68.0},{"cn":"","ui":"","t":0.0,"r":0.0,"q":0.0,"p":0.0,"mot":"L","mo":0.0}]},{"d":"13.08.2018","r":71.0,"q":14.99,"p":3930000.0,"s":[{"cn":"Ackermann Industries International","ui":"3211568","t":71.0,"r":71.0,"q":14.99,"p":3930000.0,"mot":"U","mo":71.0},{"cn":"","ui":"","t":0.0,"r":0.0,"q":0.0,"p":0.0,"mot":"L","mo":0.0}]},{"d":"14.08.2018","r":72.0,"q":15.0,"p":3930000.0,"s":[{"cn":"Ackermann Industries International","ui":"3211568","t":72.0,"r":72.0,"q":15.0,"p":3930000.0,"mot":"U","mo":72.0},{"cn":"","ui":"","t":0.0,"r":0.0,"q":0.0,"p":0.0,"mot":"L","mo":0.0}]},{"d":"16.08.2018","r":74.0,"q":15.0,"p":3930000.0,"s":[{"cn":"Ackermann Industries International","ui":"3211568","t":74.0,"r":74.0,"q":15.0,"p":3930000.0,"mot":"U","mo":74.0},{"cn":"","ui":"","t":0.0,"r":0.0,"q":0.0,"p":0.0,"mot":"L","mo":0.0}]},{"d":"17.08.2018","r":75.0,"q":15.01,"p":3930000.0,"s":[{"cn":"Ackermann Industries International","ui":"3211568","t":75.0,"r":75.0,"q":15.01,"p":3930000.0,"mot":"U","mo":75.0},{"cn":"","ui":"","t":0.0,"r":0.0,"q":0.0,"p":0.0,"mot":"L","mo":0.0}]},{"d":"20.08.2018","r":78.0,"q":15.02,"p":3930000.0,"s":[{"cn":"Ackermann Industries International","ui":"3211568","t":78.0,"r":78.0,"q":15.02,"p":3930000.0,"mot":"U","mo":78.0},{"cn":"","ui":"","t":0.0,"r":0.0,"q":0.0,"p":0.0,"mot":"L","mo":0.0}]},{"d":"21.08.2018","r":79.0,"q":15.02,"p":3930000.0,"s":[{"cn":"Ackermann Industries International","ui":"3211568","t":79.0,"r":79.0,"q":15.02,"p":3930000.0,"mot":"U","mo":79.0},{"cn":"","ui":"","t":0.0,"r":0.0,"q":0.0,"p":0.0,"mot":"L","mo":0.0}]},{"d":"22.08.2018","r":80.0,"q":15.03,"p":3930000.0,"s":[{"cn":"Ackermann Industries International","ui":"3211568","t":80.0,"r":80.0,"q":15.03,"p":3930000.0,"mot":"U","mo":80.0},{"cn":"","ui":"","t":0.0,"r":0.0,"q":0.0,"p":0.0,"mot":"L","mo":0.0}]},{"d":"23.08.2018","r":81.0,"q":15.03,"p":3930000.0,"s":[{"cn":"Ackermann Industries International","ui":"3211568","t":81.0,"r":81.0,"q":15.03,"p":3930000.0,"mot":"U","mo":81.0},{"cn":"","ui":"","t":0.0,"r":0.0,"q":0.0,"p":0.0,"mot":"L","mo":0.0}]},{"d":"24.08.2018","r":82.0,"q":15.03,"p":3930000.0,"s":[{"cn":"Ackermann Industries International","ui":"3211568","t":82.0,"r":82.0,"q":15.03,"p":3930000.0,"mot":"U","mo":82.0},{"cn":"","ui":"","t":0.0,"r":0.0,"q":0.0,"p":0.0,"mot":"L","mo":0.0}]},{"d":"27.08.2018","r":85.0,"q":15.04,"p":3930000.0,"s":[{"cn":"Ackermann Industries International","ui":"3211568","t":85.0,"r":85.0,"q":15.04,"p":3930000.0,"mot":"U","mo":85.0},{"cn":"","ui":"","t":0.0,"r":0.0,"q":0.0,"p":0.0,"mot":"L","mo":0.0}]},{"d":"28.08.2018","r":86.0,"q":15.05,"p":3930000.0,"s":[{"cn":"Ackermann Industries International","ui":"3211568","t":86.0,"r":86.0,"q":15.05,"p":3930000.0,"mot":"U","mo":86.0},{"cn":"","ui":"","t":0.0,"r":0.0,"q":0.0,"p":0.0,"mot":"L","mo":0.0}]},{"d":"29.08.2018","r":87.0,"q":15.05,"p":3930000.0,"s":[{"cn":"Ackermann Industries International","ui":"3211568","t":87.0,"r":87.0,"q":15.05,"p":3930000.0,"mot":"U","mo":87.0},{"cn":"","ui":"","t":0.0,"r":0.0,"q":0.0,"p":0.0,"mot":"L","mo":0.0}]},{"d":"30.08.2018","r":88.0,"q":15.05,"p":3930000.0,"s":[{"cn":"Ackermann Industries International","ui":"3211568","t":88.0,"r":88.0,"q":15.05,"p":3930000.0,"mot":"U","mo":88.0},{"cn":"","ui":"","t":0.0,"r":0.0,"q":0.0,"p":0.0,"mot":"L","mo":0.0}]},{"d":"31.08.2018","r":89.0,"q":15.06,"p":3930000.0,"s":[{"cn":"Ackermann Industries International","ui":"3211568","t":89.0,"r":89.0,"q":15.06,"p":3930000.0,"mot":"U","mo":89.0},{"cn":"","ui":"","t":0.0,"r":0.0,"q":0.0,"p":0.0,"mot":"L","mo":0.0}]},{"d":"03.09.2018","r":92.0,"q":15.07,"p":3930000.0,"s":[{"cn":"Ackermann Industries International","ui":"3211568","t":92.0,"r":92.0,"q":15.07,"p":3930000.0,"mot":"U","mo":92.0},{"cn":"","ui":"","t":0.0,"r":0.0,"q":0.0,"p":0.0,"mot":"L","mo":0.0}]},{"d":"04.09.2018","r":93.0,"q":15.07,"p":3930000.0,"s":[{"cn":"Ackermann Industries International","ui":"3211568","t":93.0,"r":93.0,"q":15.07,"p":3930000.0,"mot":"U","mo":93.0},{"cn":"","ui":"","t":0.0,"r":0.0,"q":0.0,"p":0.0,"mot":"L","mo":0.0}]},{"d":"05.09.2018","r":94.0,"q":15.07,"p":3930000.0,"s":[{"cn":"Ackermann Industries International","ui":"3211568","t":94.0,"r":94.0,"q":15.07,"p":3930000.0,"mot":"U","mo":94.0},{"cn":"","ui":"","t":0.0,"r":0.0,"q":0.0,"p":0.0,"mot":"L","mo":0.0}]},{"d":"06.09.2018","r":95.0,"q":15.07,"p":3930000.0,"s":[{"cn":"Ackermann Industries International","ui":"3211568","t":95.0,"r":95.0,"q":15.07,"p":3930000.0,"mot":"U","mo":95.0},{"cn":"","ui":"","t":0.0,"r":0.0,"q":0.0,"p":0.0,"mot":"L","mo":0.0}]},{"d":"07.09.2018","r":96.0,"q":15.08,"p":3930000.0,"s":[{"cn":"Ackermann Industries International","ui":"3211568","t":96.0,"r":96.0,"q":15.08,"p":3930000.0,"mot":"U","mo":96.0},{"cn":"","ui":"","t":0.0,"r":0.0,"q":0.0,"p":0.0,"mot":"L","mo":0.0}]},{"d":"10.09.2018","r":99.0,"q":15.09,"p":3930000.0,"s":[{"cn":"Ackermann Industries International","ui":"3211568","t":99.0,"r":99.0,"q":15.09,"p":3930000.0,"mot":"U","mo":99.0},{"cn":"","ui":"","t":0.0,"r":0.0,"q":0.0,"p":0.0,"mot":"L","mo":0.0}]},{"d":"12.09.2018","r":101.0,"q":15.09,"p":3930000.0,"s":[{"cn":"Ackermann Industries International","ui":"3211568","t":101.0,"r":101.0,"q":15.09,"p":3930000.0,"mot":"U","mo":101.0},{"cn":"","ui":"","t":0.0,"r":0.0,"q":0.0,"p":0.0,"mot":"L","mo":0.0}]},{"d":"13.09.2018","r":102.0,"q":15.09,"p":3930000.0,"s":[{"cn":"Ackermann Industries International","ui":"3211568","t":102.0,"r":102.0,"q":15.09,"p":3930000.0,"mot":"U","mo":102.0},{"cn":"","ui":"","t":0.0,"r":0.0,"q":0.0,"p":0.0,"mot":"L","mo":0.0}]},{"d":"14.09.2018","r":103.0,"q":15.1,"p":3930000.0,"s":[{"cn":"Ackermann Industries International","ui":"3211568","t":103.0,"r":103.0,"q":15.1,"p":3930000.0,"mot":"U","mo":103.0},{"cn":"","ui":"","t":0.0,"r":0.0,"q":0.0,"p":0.0,"mot":"L","mo":0.0}]},{"d":"17.09.2018","r":106.0,"q":15.1,"p":3930000.0,"s":[{"cn":"Ackermann Industries International","ui":"3211568","t":106.0,"r":106.0,"q":15.1,"p":3930000.0,"mot":"U","mo":106.0},{"cn":"","ui":"","t":0.0,"r":0.0,"q":0.0,"p":0.0,"mot":"L","mo":0.0}]},{"d":"18.09.2018","r":107.0,"q":15.11,"p":3930000.0,"s":[{"cn":"Ackermann Industries International","ui":"3211568","t":107.0,"r":107.0,"q":15.11,"p":3930000.0,"mot":"U","mo":107.0},{"cn":"","ui":"","t":0.0,"r":0.0,"q":0.0,"p":0.0,"mot":"L","mo":0.0}]},{"d":"19.09.2018","r":108.0,"q":15.11,"p":3930000.0,"s":[{"cn":"Ackermann Industries International","ui":"3211568","t":108.0,"r":108.0,"q":15.11,"p":3930000.0,"mot":"U","mo":108.0},{"cn":"","ui":"","t":0.0,"r":0.0,"q":0.0,"p":0.0,"mot":"L","mo":0.0}]},{"d":"20.09.2018","r":109.0,"q":15.11,"p":3930000.0,"s":[{"cn":"Ackermann Industries International","ui":"3211568","t":109.0,"r":109.0,"q":15.11,"p":3930000.0,"mot":"U","mo":109.0},{"cn":"","ui":"","t":0.0,"r":0.0,"q":0.0,"p":0.0,"mot":"L","mo":0.0}]},{"d":"21.09.2018","r":110.0,"q":15.12,"p":3930000.0,"s":[{"cn":"Ackermann Industries International","ui":"3211568","t":110.0,"r":110.0,"q":15.12,"p":3930000.0,"mot":"U","mo":110.0},{"cn":"","ui":"","t":0.0,"r":0.0,"q":0.0,"p":0.0,"mot":"L","mo":0.0}]},{"d":"24.09.2018","r":113.0,"q":15.13,"p":3930000.0,"s":[{"cn":"Ackermann Industries International","ui":"3211568","t":113.0,"r":113.0,"q":15.13,"p":3930000.0,"mot":"U","mo":113.0},{"cn":"","ui":"","t":0.0,"r":0.0,"q":0.0,"p":0.0,"mot":"L","mo":0.0}]},{"d":"25.09.2018","r":114.0,"q":15.13,"p":3930000.0,"s":[{"cn":"Ackermann Industries International","ui":"3211568","t":114.0,"r":114.0,"q":15.13,"p":3930000.0,"mot":"U","mo":114.0},{"cn":"","ui":"","t":0.0,"r":0.0,"q":0.0,"p":0.0,"mot":"L","mo":0.0}]},{"d":"26.09.2018","r":115.0,"q":15.14,"p":3930000.0,"s":[{"cn":"Ackermann Industries International","ui":"3211568","t":115.0,"r":115.0,"q":15.14,"p":3930000.0,"mot":"U","mo":115.0},{"cn":"","ui":"","t":0.0,"r":0.0,"q":0.0,"p":0.0,"mot":"L","mo":0.0}]},{"d":"28.09.2018","r":116.0,"q":15.14,"p":3930000.0,"s":[{"cn":"Ackermann Industries International","ui":"3211568","t":116.0,"r":116.0,"q":15.14,"p":3930000.0,"mot":"U","mo":116.0},{"cn":"","ui":"","t":0.0,"r":0.0,"q":0.0,"p":0.0,"mot":"L","mo":0.0}]},{"d":"01.02.2019","r":243.0,"q":16.01,"p":3810000.0,"s":[{"cn":"Ackermann Industries International","ui":"3211568","t":243.0,"r":243.0,"q":16.01,"p":3810000.0,"mot":"U","mo":243.0},{"cn":"","ui":"","t":0.0,"r":0.0,"q":0.0,"p":0.0,"mot":"L","mo":0.0}]},{"d":"04.02.2019","r":246.0,"q":16.03,"p":3810000.0,"s":[{"cn":"Ackermann Industries International","ui":"3211568","t":246.0,"r":246.0,"q":16.03,"p":3810000.0,"mot":"U","mo":246.0},{"cn":"","ui":"","t":0.0,"r":0.0,"q":0.0,"p":0.0,"mot":"L","mo":0.0}]},{"d":"05.02.2019","r":247.0,"q":16.04,"p":3810000.0,"s":[{"cn":"Ackermann Industries International","ui":"3211568","t":247.0,"r":247.0,"q":16.04,"p":3810000.0,"mot":"U","mo":247.0},{"cn":"","ui":"","t":0.0,"r":0.0,"q":0.0,"p":0.0,"mot":"L","mo":0.0}]},{"d":"06.02.2019","r":248.0,"q":16.04,"p":3810000.0,"s":[{"cn":"Ackermann Industries International","ui":"3211568","t":248.0,"r":248.0,"q":16.04,"p":3810000.0,"mot":"U","mo":248.0},{"cn":"","ui":"","t":0.0,"r":0.0,"q":0.0,"p":0.0,"mot":"L","mo":0.0}]},{"d":"07.02.2019","r":249.0,"q":16.05,"p":3810000.0,"s":[{"cn":"Ackermann Industries International","ui":"3211568","t":249.0,"r":249.0,"q":16.05,"p":3810000.0,"mot":"U","mo":249.0},{"cn":"","ui":"","t":0.0,"r":0.0,"q":0.0,"p":0.0,"mot":"L","mo":0.0}]},{"d":"08.02.2019","r":250.0,"q":16.06,"p":3810000.0,"s":[{"cn":"Ackermann Industries International","ui":"3211568","t":250.0,"r":250.0,"q":16.06,"p":3810000.0,"mot":"U","mo":250.0},{"cn":"","ui":"","t":0.0,"r":0.0,"q":0.0,"p":0.0,"mot":"L","mo":0.0}]},{"d":"11.02.2019","r":253.0,"q":16.08,"p":3810000.0,"s":[{"cn":"Ackermann Industries International","ui":"3211568","t":253.0,"r":253.0,"q":16.08,"p":3810000.0,"mot":"U","mo":253.0},{"cn":"","ui":"","t":0.0,"r":0.0,"q":0.0,"p":0.0,"mot":"L","mo":0.0}]},{"d":"12.02.2019","r":254.0,"q":16.09,"p":3810000.0,"s":[{"cn":"Ackermann Industries International","ui":"3211568","t":254.0,"r":254.0,"q":16.09,"p":3810000.0,"mot":"U","mo":254.0},{"cn":"","ui":"","t":0.0,"r":0.0,"q":0.0,"p":0.0,"mot":"L","mo":0.0}]},{"d":"13.02.2019","r":255.0,"q":16.1,"p":3810000.0,"s":[{"cn":"Ackermann Industries International","ui":"3211568","t":255.0,"r":255.0,"q":16.1,"p":3810000.0,"mot":"U","mo":255.0},{"cn":"","ui":"","t":0.0,"r":0.0,"q":0.0,"p":0.0,"mot":"L","mo":0.0}]},{"d":"14.02.2019","r":256.0,"q":16.1,"p":3810000.0,"s":[{"cn":"Ackermann Industries International","ui":"3211568","t":256.0,"r":256.0,"q":16.1,"p":3810000.0,"mot":"U","mo":256.0},{"cn":"","ui":"","t":0.0,"r":0.0,"q":0.0,"p":0.0,"mot":"L","mo":0.0}]},{"d":"15.02.2019","r":257.0,"q":16.11,"p":3810000.0,"s":[{"cn":"Ackermann Industries International","ui":"3211568","t":257.0,"r":257.0,"q":16.11,"p":3810000.0,"mot":"U","mo":257.0},{"cn":"","ui":"","t":0.0,"r":0.0,"q":0.0,"p":0.0,"mot":"L","mo":0.0}]},{"d":"18.02.2019","r":260.0,"q":16.13,"p":3780000.0,"s":[{"cn":"Ackermann Industries International","ui":"3211568","t":260.0,"r":260.0,"q":16.13,"p":3780000.0,"mot":"U","mo":260.0},{"cn":"","ui":"","t":0.0,"r":0.0,"q":0.0,"p":0.0,"mot":"L","mo":0.0}]},{"d":"19.02.2019","r":261.0,"q":16.14,"p":3780000.0,"s":[{"cn":"Ackermann Industries International","ui":"3211568","t":261.0,"r":261.0,"q":16.14,"p":3780000.0,"mot":"U","mo":261.0},{"cn":"","ui":"","t":0.0,"r":0.0,"q":0.0,"p":0.0,"mot":"L","mo":0.0}]},{"d":"20.02.2019","r":262.0,"q":16.15,"p":3780000.0,"s":[{"cn":"Ackermann Industries International","ui":"3211568","t":262.0,"r":262.0,"q":16.15,"p":3780000.0,"mot":"U","mo":262.0},{"cn":"","ui":"","t":0.0,"r":0.0,"q":0.0,"p":0.0,"mot":"L","mo":0.0}]},{"d":"21.02.2019","r":263.0,"q":16.15,"p":3780000.0,"s":[{"cn":"Ackermann Industries International","ui":"3211568","t":263.0,"r":263.0,"q":16.15,"p":3780000.0,"mot":"U","mo":263.0},{"cn":"","ui":"","t":0.0,"r":0.0,"q":0.0,"p":0.0,"mot":"L","mo":0.0}]},{"d":"22.02.2019","r":264.0,"q":16.16,"p":3780000.0,"s":[{"cn":"Ackermann Industries International","ui":"3211568","t":264.0,"r":264.0,"q":16.16,"p":3780000.0,"mot":"U","mo":264.0},{"cn":"","ui":"","t":0.0,"r":0.0,"q":0.0,"p":0.0,"mot":"L","mo":0.0}]},{"d":"25.02.2019","r":267.0,"q":16.18,"p":3780000.0,"s":[{"cn":"Ackermann Industries International","ui":"3211568","t":267.0,"r":267.0,"q":16.18,"p":3780000.0,"mot":"U","mo":267.0},{"cn":"","ui":"","t":0.0,"r":0.0,"q":0.0,"p":0.0,"mot":"L","mo":0.0}]},{"d":"26.02.2019","r":268.0,"q":16.19,"p":3780000.0,"s":[{"cn":"Ackermann Industries International","ui":"3211568","t":268.0,"r":268.0,"q":16.19,"p":3780000.0,"mot":"U","mo":268.0},{"cn":"","ui":"","t":0.0,"r":0.0,"q":0.0,"p":0.0,"mot":"L","mo":0.0}]},{"d":"27.02.2019","r":269.0,"q":16.2,"p":3780000.0,"s":[{"cn":"Ackermann Industries International","ui":"3211568","t":269.0,"r":269.0,"q":16.2,"p":3780000.0,"mot":"U","mo":269.0},{"cn":"","ui":"","t":0.0,"r":0.0,"q":0.0,"p":0.0,"mot":"L","mo":0.0}]},{"d":"28.02.2019","r":270.0,"q":16.21,"p":3780000.0,"s":[{"cn":"Ackermann Industries International","ui":"3211568","t":270.0,"r":270.0,"q":16.21,"p":3780000.0,"mot":"U","mo":270.0},{"cn":"","ui":"","t":0.0,"r":0.0,"q":0.0,"p":0.0,"mot":"L","mo":0.0}]},{"d":"01.03.2019","r":271.0,"q":16.21,"p":3780000.0,"s":[{"cn":"Ackermann Industries International","ui":"3211568","t":271.0,"r":271.0,"q":16.21,"p":3780000.0,"mot":"U","mo":271.0},{"cn":"","ui":"","t":0.0,"r":0.0,"q":0.0,"p":0.0,"mot":"L","mo":0.0}]},{"d":"04.03.2019","r":274.0,"q":16.23,"p":3780000.0,"s":[{"cn":"Ackermann Industries International","ui":"3211568","t":274.0,"r":274.0,"q":16.23,"p":3780000.0,"mot":"U","mo":274.0},{"cn":"","ui":"","t":0.0,"r":0.0,"q":0.0,"p":0.0,"mot":"L","mo":0.0}]},{"d":"08.03.2019","r":278.0,"q":16.26,"p":3780000.0,"s":[{"cn":"Ackermann Industries International","ui":"3211568","t":278.0,"r":278.0,"q":16.26,"p":3780000.0,"mot":"U","mo":278.0},{"cn":"","ui":"","t":0.0,"r":0.0,"q":0.0,"p":0.0,"mot":"L","mo":0.0}]},{"d":"11.03.2019","r":281.0,"q":16.28,"p":3780000.0,"s":[{"cn":"Ackermann Industries International","ui":"3211568","t":281.0,"r":281.0,"q":16.28,"p":3780000.0,"mot":"U","mo":281.0},{"cn":"","ui":"","t":0.0,"r":0.0,"q":0.0,"p":0.0,"mot":"L","mo":0.0}]},{"d":"12.03.2019","r":282.0,"q":16.29,"p":3780000.0,"s":[{"cn":"Ackermann Industries International","ui":"3211568","t":282.0,"r":282.0,"q":16.29,"p":3780000.0,"mot":"U","mo":282.0},{"cn":"","ui":"","t":0.0,"r":0.0,"q":0.0,"p":0.0,"mot":"L","mo":0.0}]},{"d":"13.03.2019","r":283.0,"q":16.3,"p":3780000.0,"s":[{"cn":"Ackermann Industries International","ui":"3211568","t":283.0,"r":283.0,"q":16.3,"p":3780000.0,"mot":"U","mo":283.0},{"cn":"","ui":"","t":0.0,"r":0.0,"q":0.0,"p":0.0,"mot":"L","mo":0.0}]},{"d":"14.03.2019","r":284.0,"q":16.31,"p":3780000.0,"s":[{"cn":"Ackermann Industries International","ui":"3211568","t":284.0,"r":284.0,"q":16.31,"p":3780000.0,"mot":"U","mo":284.0},{"cn":"","ui":"","t":0.0,"r":0.0,"q":0.0,"p":0.0,"mot":"L","mo":0.0}]},{"d":"15.03.2019","r":285.0,"q":16.31,"p":3780000.0,"s":[{"cn":"Ackermann Industries International","ui":"3211568","t":285.0,"r":285.0,"q":16.31,"p":3780000.0,"mot":"U","mo":285.0},{"cn":"","ui":"","t":0.0,"r":0.0,"q":0.0,"p":0.0,"mot":"L","mo":0.0}]},{"d":"18.03.2019","r":288.0,"q":16.33,"p":3780000.0,"s":[{"cn":"Ackermann Industries International","ui":"3211568","t":288.0,"r":288.0,"q":16.33,"p":3780000.0,"mot":"U","mo":288.0},{"cn":"","ui":"","t":0.0,"r":0.0,"q":0.0,"p":0.0,"mot":"L","mo":0.0}]},{"d":"19.03.2019","r":289.0,"q":16.34,"p":3780000.0,"s":[{"cn":"Ackermann Industries International","ui":"3211568","t":289.0,"r":289.0,"q":16.34,"p":3780000.0,"mot":"U","mo":289.0},{"cn":"","ui":"","t":0.0,"r":0.0,"q":0.0,"p":0.0,"mot":"L","mo":0.0}]},{"d":"20.03.2019","r":290.0,"q":16.35,"p":3780000.0,"s":[{"cn":"Ackermann Industries International","ui":"3211568","t":290.0,"r":290.0,"q":16.35,"p":3780000.0,"mot":"U","mo":290.0},{"cn":"","ui":"","t":0.0,"r":0.0,"q":0.0,"p":0.0,"mot":"L","mo":0.0}]},{"d":"21.03.2019","r":291.0,"q":16.35,"p":3780000.0,"s":[{"cn":"Ackermann Industries International","ui":"3211568","t":291.0,"r":291.0,"q":16.35,"p":3780000.0,"mot":"U","mo":291.0},{"cn":"","ui":"","t":0.0,"r":0.0,"q":0.0,"p":0.0,"mot":"L","mo":0.0}]},{"d":"22.03.2019","r":292.0,"q":16.36,"p":3780000.0,"s":[{"cn":"Ackermann Industries International","ui":"3211568","t":292.0,"r":292.0,"q":16.36,"p":3780000.0,"mot":"U","mo":292.0},{"cn":"","ui":"","t":0.0,"r":0.0,"q":0.0,"p":0.0,"mot":"L","mo":0.0}]},{"d":"26.03.2019","r":296.0,"q":16.39,"p":3780000.0,"s":[{"cn":"Ackermann Industries International","ui":"3211568","t":296.0,"r":296.0,"q":16.39,"p":3780000.0,"mot":"U","mo":296.0},{"cn":"","ui":"","t":0.0,"r":0.0,"q":0.0,"p":0.0,"mot":"L","mo":0.0}]},{"d":"27.03.2019","r":297.0,"q":16.4,"p":3780000.0,"s":[{"cn":"Ackermann Industries International","ui":"3211568","t":297.0,"r":297.0,"q":16.4,"p":3780000.0,"mot":"U","mo":297.0},{"cn":"","ui":"","t":0.0,"r":0.0,"q":0.0,"p":0.0,"mot":"L","mo":0.0}]},{"d":"28.03.2019","r":298.0,"q":16.4,"p":3780000.0,"s":[{"cn":"Ackermann Industries International","ui":"3211568","t":298.0,"r":298.0,"q":16.4,"p":3780000.0,"mot":"U","mo":298.0},{"cn":"","ui":"","t":0.0,"r":0.0,"q":0.0,"p":0.0,"mot":"L","mo":0.0}]},{"d":"29.03.2019","r":299.0,"q":16.41,"p":3780000.0,"s":[{"cn":"Ackermann Industries International","ui":"3211568","t":299.0,"r":299.0,"q":16.41,"p":3780000.0,"mot":"U","mo":299.0},{"cn":"","ui":"","t":0.0,"r":0.0,"q":0.0,"p":0.0,"mot":"L","mo":0.0}]},{"d":"01.04.2019","r":301.0,"q":16.42,"p":3780000.0,"s":[{"cn":"Ackermann Industries International","ui":"3211568","t":301.0,"r":301.0,"q":16.42,"p":3780000.0,"mot":"U","mo":301.0},{"cn":"","ui":"","t":0.0,"r":0.0,"q":0.0,"p":0.0,"mot":"L","mo":0.0}]},{"d":"02.04.2019","r":302.0,"q":16.43,"p":3780000.0,"s":[{"cn":"Ackermann Industries International","ui":"3211568","t":302.0,"r":302.0,"q":16.43,"p":3780000.0,"mot":"U","mo":302.0},{"cn":"","ui":"","t":0.0,"r":0.0,"q":0.0,"p":0.0,"mot":"L","mo":0.0}]},{"d":"03.04.2019","r":303.0,"q":16.44,"p":3780000.0,"s":[{"cn":"Ackermann Industries International","ui":"3211568","t":303.0,"r":303.0,"q":16.44,"p":3780000.0,"mot":"U","mo":303.0},{"cn":"","ui":"","t":0.0,"r":0.0,"q":0.0,"p":0.0,"mot":"L","mo":0.0}]},{"d":"04.04.2019","r":304.0,"q":16.44,"p":3780000.0,"s":[{"cn":"Ackermann Industries International","ui":"3211568","t":304.0,"r":304.0,"q":16.44,"p":3780000.0,"mot":"U","mo":304.0},{"cn":"","ui":"","t":0.0,"r":0.0,"q":0.0,"p":0.0,"mot":"L","mo":0.0}]},{"d":"05.04.2019","r":305.0,"q":16.45,"p":3780000.0,"s":[{"cn":"Ackermann Industries International","ui":"3211568","t":305.0,"r":305.0,"q":16.45,"p":3780000.0,"mot":"U","mo":305.0},{"cn":"","ui":"","t":0.0,"r":0.0,"q":0.0,"p":0.0,"mot":"L","mo":0.0}]},{"d":"08.04.2019","r":308.0,"q":16.47,"p":3780000.0,"s":[{"cn":"Ackermann Industries International","ui":"3211568","t":308.0,"r":308.0,"q":16.47,"p":3780000.0,"mot":"U","mo":308.0},{"cn":"","ui":"","t":0.0,"r":0.0,"q":0.0,"p":0.0,"mot":"L","mo":0.0}]},{"d":"09.04.2019","r":309.0,"q":16.48,"p":3780000.0,"s":[{"cn":"Ackermann Industries International","ui":"3211568","t":309.0,"r":309.0,"q":16.48,"p":3780000.0,"mot":"U","mo":309.0},{"cn":"","ui":"","t":0.0,"r":0.0,"q":0.0,"p":0.0,"mot":"L","mo":0.0}]},{"d":"10.04.2019","r":310.0,"q":16.48,"p":3780000.0,"s":[{"cn":"Ackermann Industries International","ui":"3211568","t":310.0,"r":310.0,"q":16.48,"p":3780000.0,"mot":"U","mo":310.0},{"cn":"","ui":"","t":0.0,"r":0.0,"q":0.0,"p":0.0,"mot":"L","mo":0.0}]},{"d":"11.04.2019","r":311.0,"q":16.49,"p":3780000.0,"s":[{"cn":"Ackermann Industries International","ui":"3211568","t":311.0,"r":311.0,"q":16.49,"p":3780000.0,"mot":"U","mo":311.0},{"cn":"","ui":"","t":0.0,"r":0.0,"q":0.0,"p":0.0,"mot":"L","mo":0.0}]},{"d":"12.04.2019","r":312.0,"q":16.5,"p":3780000.0,"s":[{"cn":"Ackermann Industries International","ui":"3211568","t":312.0,"r":312.0,"q":16.5,"p":3780000.0,"mot":"U","mo":312.0},{"cn":"","ui":"","t":0.0,"r":0.0,"q":0.0,"p":0.0,"mot":"L","mo":0.0}]},{"d":"15.04.2019","r":315.0,"q":16.52,"p":3780000.0,"s":[{"cn":"Ackermann Industries International","ui":"3211568","t":315.0,"r":315.0,"q":16.52,"p":3780000.0,"mot":"U","mo":315.0},{"cn":"","ui":"","t":0.0,"r":0.0,"q":0.0,"p":0.0,"mot":"L","mo":0.0}]},{"d":"17.04.2019","r":317.0,"q":16.53,"p":3780000.0,"s":[{"cn":"Ackermann Industries International","ui":"3211568","t":317.0,"r":317.0,"q":16.53,"p":3780000.0,"mot":"U","mo":317.0},{"cn":"","ui":"","t":0.0,"r":0.0,"q":0.0,"p":0.0,"mot":"L","mo":0.0}]},{"d":"18.04.2019","r":318.0,"q":16.54,"p":3780000.0,"s":[{"cn":"Ackermann Industries International","ui":"3211568","t":318.0,"r":318.0,"q":16.54,"p":3780000.0,"mot":"U","mo":318.0},{"cn":"","ui":"","t":0.0,"r":0.0,"q":0.0,"p":0.0,"mot":"L","mo":0.0}]},{"d":"19.04.2019","r":319.0,"q":16.54,"p":3780000.0,"s":[{"cn":"Ackermann Industries International","ui":"3211568","t":319.0,"r":319.0,"q":16.54,"p":3780000.0,"mot":"U","mo":319.0},{"cn":"","ui":"","t":0.0,"r":0.0,"q":0.0,"p":0.0,"mot":"L","mo":0.0}]},{"d":"22.04.2019","r":322.0,"q":16.56,"p":3780000.0,"s":[{"cn":"Ackermann Industries International","ui":"3211568","t":322.0,"r":322.0,"q":16.56,"p":3780000.0,"mot":"U","mo":322.0},{"cn":"","ui":"","t":0.0,"r":0.0,"q":0.0,"p":0.0,"mot":"L","mo":0.0}]},{"d":"23.04.2019","r":323.0,"q":16.57,"p":3780000.0,"s":[{"cn":"Ackermann Industries International","ui":"3211568","t":323.0,"r":323.0,"q":16.57,"p":3780000.0,"mot":"U","mo":323.0},{"cn":"","ui":"","t":0.0,"r":0.0,"q":0.0,"p":0.0,"mot":"L","mo":0.0}]},{"d":"24.04.2019","r":324.0,"q":16.58,"p":3780000.0,"s":[{"cn":"Ackermann Industries International","ui":"3211568","t":324.0,"r":324.0,"q":16.58,"p":3780000.0,"mot":"U","mo":324.0},{"cn":"","ui":"","t":0.0,"r":0.0,"q":0.0,"p":0.0,"mot":"L","mo":0.0}]},{"d":"25.04.2019","r":325.0,"q":16.58,"p":3780000.0,"s":[{"cn":"Ackermann Industries International","ui":"3211568","t":325.0,"r":325.0,"q":16.58,"p":3780000.0,"mot":"U","mo":325.0},{"cn":"","ui":"","t":0.0,"r":0.0,"q":0.0,"p":0.0,"mot":"L","mo":0.0}]},{"d":"26.04.2019","r":326.0,"q":16.59,"p":3780000.0,"s":[{"cn":"Ackermann Industries International","ui":"3211568","t":326.0,"r":326.0,"q":16.59,"p":3780000.0,"mot":"U","mo":326.0},{"cn":"","ui":"","t":0.0,"r":0.0,"q":0.0,"p":0.0,"mot":"L","mo":0.0}]},{"d":"29.04.2019","r":329.0,"q":16.61,"p":3780000.0,"s":[{"cn":"Ackermann Industries International","ui":"3211568","t":329.0,"r":329.0,"q":16.61,"p":3780000.0,"mot":"U","mo":329.0},{"cn":"","ui":"","t":0.0,"r":0.0,"q":0.0,"p":0.0,"mot":"L","mo":0.0}]},{"d":"30.04.2019","r":330.0,"q":16.62,"p":3780000.0,"s":[{"cn":"Ackermann Industries International","ui":"3211568","t":330.0,"r":330.0,"q":16.62,"p":3780000.0,"mot":"U","mo":330.0},{"cn":"","ui":"","t":0.0,"r":0.0,"q":0.0,"p":0.0,"mot":"L","mo":0.0}]},{"d":"01.05.2019","r":331.0,"q":16.63,"p":3780000.0,"s":[{"cn":"Ackermann Industries International","ui":"3211568","t":331.0,"r":331.0,"q":16.63,"p":3780000.0,"mot":"U","mo":331.0},{"cn":"","ui":"","t":0.0,"r":0.0,"q":0.0,"p":0.0,"mot":"L","mo":0.0}]},{"d":"02.05.2019","r":332.0,"q":16.63,"p":3780000.0,"s":[{"cn":"Ackermann Industries International","ui":"3211568","t":332.0,"r":332.0,"q":16.63,"p":3780000.0,"mot":"U","mo":332.0},{"cn":"","ui":"","t":0.0,"r":0.0,"q":0.0,"p":0.0,"mot":"L","mo":0.0}]},{"d":"07.05.2019","r":335.0,"q":16.65,"p":3780000.0,"s":[{"cn":"Ackermann Industries International","ui":"3211568","t":335.0,"r":335.0,"q":16.65,"p":3780000.0,"mot":"U","mo":335.0},{"cn":"","ui":"","t":0.0,"r":0.0,"q":0.0,"p":0.0,"mot":"L","mo":0.0}]},{"d":"08.05.2019","r":336.0,"q":16.66,"p":3780000.0,"s":[{"cn":"Ackermann Industries International","ui":"3211568","t":336.0,"r":336.0,"q":16.66,"p":3780000.0,"mot":"U","mo":336.0},{"cn":"","ui":"","t":0.0,"r":0.0,"q":0.0,"p":0.0,"mot":"L","mo":0.0}]},{"d":"09.05.2019","r":337.0,"q":16.67,"p":3780000.0,"s":[{"cn":"Ackermann Industries International","ui":"3211568","t":337.0,"r":337.0,"q":16.67,"p":3780000.0,"mot":"U","mo":337.0},{"cn":"","ui":"","t":0.0,"r":0.0,"q":0.0,"p":0.0,"mot":"L","mo":0.0}]},{"d":"10.05.2019","r":338.0,"q":16.67,"p":3780000.0,"s":[{"cn":"Ackermann Industries International","ui":"3211568","t":338.0,"r":338.0,"q":16.67,"p":3780000.0,"mot":"U","mo":338.0},{"cn":"","ui":"","t":0.0,"r":0.0,"q":0.0,"p":0.0,"mot":"L","mo":0.0}]},{"d":"13.05.2019","r":341.0,"q":16.69,"p":3780000.0,"s":[{"cn":"Ackermann Industries International","ui":"3211568","t":341.0,"r":341.0,"q":16.69,"p":3780000.0,"mot":"U","mo":341.0},{"cn":"","ui":"","t":0.0,"r":0.0,"q":0.0,"p":0.0,"mot":"L","mo":0.0}]},{"d":"14.05.2019","r":342.0,"q":16.7,"p":3780000.0,"s":[{"cn":"Ackermann Industries International","ui":"3211568","t":342.0,"r":342.0,"q":16.7,"p":3780000.0,"mot":"U","mo":342.0},{"cn":"","ui":"","t":0.0,"r":0.0,"q":0.0,"p":0.0,"mot":"L","mo":0.0}]},{"d":"15.05.2019","r":343.0,"q":16.7,"p":3780000.0,"s":[{"cn":"Ackermann Industries International","ui":"3211568","t":343.0,"r":343.0,"q":16.7,"p":3780000.0,"mot":"U","mo":343.0},{"cn":"","ui":"","t":0.0,"r":0.0,"q":0.0,"p":0.0,"mot":"L","mo":0.0}]},{"d":"16.05.2019","r":344.0,"q":16.71,"p":3780000.0,"s":[{"cn":"Ackermann Industries International","ui":"3211568","t":344.0,"r":344.0,"q":16.71,"p":3780000.0,"mot":"U","mo":344.0},{"cn":"","ui":"","t":0.0,"r":0.0,"q":0.0,"p":0.0,"mot":"L","mo":0.0}]},{"d":"17.05.2019","r":345.0,"q":16.72,"p":3780000.0,"s":[{"cn":"Ackermann Industries International","ui":"3211568","t":345.0,"r":345.0,"q":16.72,"p":3780000.0,"mot":"U","mo":345.0},{"cn":"","ui":"","t":0.0,"r":0.0,"q":0.0,"p":0.0,"mot":"L","mo":0.0}]},{"d":"20.05.2019","r":348.0,"q":16.74,"p":3780000.0,"s":[{"cn":"Ackermann Industries International","ui":"3211568","t":348.0,"r":348.0,"q":16.74,"p":3780000.0,"mot":"U","mo":348.0},{"cn":"","ui":"","t":0.0,"r":0.0,"q":0.0,"p":0.0,"mot":"L","mo":0.0}]},{"d":"21.05.2019","r":349.0,"q":16.74,"p":3780000.0,"s":[{"cn":"Ackermann Industries International","ui":"3211568","t":349.0,"r":349.0,"q":16.74,"p":3780000.0,"mot":"U","mo":349.0},{"cn":"","ui":"","t":0.0,"r":0.0,"q":0.0,"p":0.0,"mot":"L","mo":0.0}]},{"d":"22.05.2019","r":350.0,"q":16.75,"p":3780000.0,"s":[{"cn":"Ackermann Industries International","ui":"3211568","t":350.0,"r":350.0,"q":16.75,"p":3780000.0,"mot":"U","mo":350.0},{"cn":"","ui":"","t":0.0,"r":0.0,"q":0.0,"p":0.0,"mot":"L","mo":0.0}]},{"d":"23.05.2019","r":351.0,"q":16.76,"p":3780000.0,"s":[{"cn":"Ackermann Industries International","ui":"3211568","t":351.0,"r":351.0,"q":16.76,"p":3780000.0,"mot":"U","mo":351.0},{"cn":"","ui":"","t":0.0,"r":0.0,"q":0.0,"p":0.0,"mot":"L","mo":0.0}]},{"d":"24.05.2019","r":352.0,"q":16.76,"p":3780000.0,"s":[{"cn":"Ackermann Industries International","ui":"3211568","t":352.0,"r":352.0,"q":16.76,"p":3780000.0,"mot":"U","mo":352.0},{"cn":"","ui":"","t":0.0,"r":0.0,"q":0.0,"p":0.0,"mot":"L","mo":0.0}]},{"d":"27.05.2019","r":355.0,"q":16.78,"p":3780000.0,"s":[{"cn":"Ackermann Industries International","ui":"3211568","t":355.0,"r":355.0,"q":16.78,"p":3780000.0,"mot":"U","mo":355.0},{"cn":"","ui":"","t":0.0,"r":0.0,"q":0.0,"p":0.0,"mot":"L","mo":0.0}]},{"d":"28.05.2019","r":356.0,"q":16.79,"p":3780000.0,"s":[{"cn":"Ackermann Industries International","ui":"3211568","t":356.0,"r":356.0,"q":16.79,"p":3780000.0,"mot":"U","mo":356.0},{"cn":"","ui":"","t":0.0,"r":0.0,"q":0.0,"p":0.0,"mot":"L","mo":0.0}]},{"d":"29.05.2019","r":357.0,"q":16.8,"p":3780000.0,"s":[{"cn":"Ackermann Industries International","ui":"3211568","t":357.0,"r":357.0,"q":16.8,"p":3780000.0,"mot":"U","mo":357.0},{"cn":"","ui":"","t":0.0,"r":0.0,"q":0.0,"p":0.0,"mot":"L","mo":0.0}]},{"d":"30.05.2019","r":358.0,"q":16.8,"p":3780000.0,"s":[{"cn":"Ackermann Industries International","ui":"3211568","t":358.0,"r":358.0,"q":16.8,"p":3780000.0,"mot":"U","mo":358.0},{"cn":"","ui":"","t":0.0,"r":0.0,"q":0.0,"p":0.0,"mot":"L","mo":0.0}]},{"d":"31.05.2019","r":359.0,"q":16.81,"p":3780000.0,"s":[{"cn":"Ackermann Industries International","ui":"3211568","t":359.0,"r":359.0,"q":16.81,"p":3780000.0,"mot":"U","mo":359.0},{"cn":"","ui":"","t":0.0,"r":0.0,"q":0.0,"p":0.0,"mot":"L","mo":0.0}]},{"d":"04.06.2019","r":362.0,"q":16.83,"p":3780000.0,"s":[{"cn":"Ackermann Industries International","ui":"3211568","t":362.0,"r":362.0,"q":16.83,"p":3780000.0,"mot":"U","mo":362.0},{"cn":"","ui":"","t":0.0,"r":0.0,"q":0.0,"p":0.0,"mot":"L","mo":0.0}]},{"d":"05.06.2019","r":363.0,"q":16.84,"p":3780000.0,"s":[{"cn":"Ackermann Industries International","ui":"3211568","t":363.0,"r":363.0,"q":16.84,"p":3780000.0,"mot":"U","mo":363.0},{"cn":"","ui":"","t":0.0,"r":0.0,"q":0.0,"p":0.0,"mot":"L","mo":0.0}]},{"d":"06.06.2019","r":364.0,"q":16.84,"p":3780000.0,"s":[{"cn":"Ackermann Industries International","ui":"3211568","t":364.0,"r":364.0,"q":16.84,"p":3780000.0,"mot":"U","mo":364.0},{"cn":"","ui":"","t":0.0,"r":0.0,"q":0.0,"p":0.0,"mot":"L","mo":0.0}]},{"d":"07.06.2019","r":365.0,"q":16.85,"p":3780000.0,"s":[{"cn":"Ackermann Industries International","ui":"3211568","t":365.0,"r":365.0,"q":16.85,"p":3780000.0,"mot":"U","mo":365.0},{"cn":"","ui":"","t":0.0,"r":0.0,"q":0.0,"p":0.0,"mot":"L","mo":0.0}]},{"d":"10.06.2019","r":368.0,"q":16.87,"p":3750000.0,"s":[{"cn":"Ackermann Industries International","ui":"3211568","t":368.0,"r":368.0,"q":16.87,"p":3750000.0,"mot":"U","mo":368.0},{"cn":"","ui":"","t":0.0,"r":0.0,"q":0.0,"p":0.0,"mot":"L","mo":0.0}]},{"d":"11.06.2019","r":369.0,"q":16.87,"p":3750000.0,"s":[{"cn":"Ackermann Industries International","ui":"3211568","t":369.0,"r":369.0,"q":16.87,"p":3750000.0,"mot":"U","mo":369.0},{"cn":"","ui":"","t":0.0,"r":0.0,"q":0.0,"p":0.0,"mot":"L","mo":0.0}]},{"d":"12.06.2019","r":370.0,"q":16.88,"p":3750000.0,"s":[{"cn":"Ackermann Industries International","ui":"3211568","t":370.0,"r":370.0,"q":16.88,"p":3750000.0,"mot":"U","mo":370.0},{"cn":"","ui":"","t":0.0,"r":0.0,"q":0.0,"p":0.0,"mot":"L","mo":0.0}]},{"d":"13.06.2019","r":371.0,"q":16.89,"p":3750000.0,"s":[{"cn":"Ackermann Industries International","ui":"3211568","t":371.0,"r":371.0,"q":16.89,"p":3750000.0,"mot":"U","mo":371.0},{"cn":"","ui":"","t":0.0,"r":0.0,"q":0.0,"p":0.0,"mot":"L","mo":0.0}]},{"d":"14.06.2019","r":372.0,"q":16.89,"p":3750000.0,"s":[{"cn":"Ackermann Industries International","ui":"3211568","t":372.0,"r":372.0,"q":16.89,"p":3750000.0,"mot":"U","mo":372.0},{"cn":"","ui":"","t":0.0,"r":0.0,"q":0.0,"p":0.0,"mot":"L","mo":0.0}]},{"d":"17.06.2019","r":374.0,"q":16.9,"p":3750000.0,"s":[{"cn":"Ackermann Industries International","ui":"3211568","t":374.0,"r":374.0,"q":16.9,"p":3750000.0,"mot":"U","mo":374.0},{"cn":"","ui":"","t":0.0,"r":0.0,"q":0.0,"p":0.0,"mot":"L","mo":0.0}]},{"d":"26.06.2019","r":434.0,"q":17.17,"p":3750000.0,"s":[{"cn":"Ackermann Industries International","ui":"3211568","t":434.0,"r":434.0,"q":17.17,"p":3750000.0,"mot":"U","mo":434.0},{"cn":"","ui":"","t":0.0,"r":0.0,"q":0.0,"p":0.0,"mot":"L","mo":0.0}]},{"d":"25.07.2019","r":434.0,"q":17.17,"p":3380000.0,"s":[{"cn":"Ackermann Industries International","ui":"3211568","t":434.0,"r":434.0,"q":17.17,"p":3380000.0,"mot":"U","mo":434.0},{"cn":"","ui":"","t":0.0,"r":0.0,"q":0.0,"p":0.0,"mot":"L","mo":0.0}]},{"d":"16.09.2019","r":434.0,"q":17.17,"p":3350000.0,"s":[{"cn":"Ackermann Industries International","ui":"3211568","t":434.0,"r":434.0,"q":17.17,"p":3350000.0,"mot":"U","mo":434.0},{"cn":"","ui":"","t":0.0,"r":0.0,"q":0.0,"p":0.0,"mot":"L","mo":0.0}]},{"d":"23.09.2019","r":431.0,"q":17.17,"p":3350000.0,"s":[{"cn":"Ackermann Industries International","ui":"3211568","t":434.0,"r":431.0,"q":17.17,"p":3350000.0,"mot":"U","mo":431.0},{"cn":"","ui":"","t":0.0,"r":0.0,"q":0.0,"p":0.0,"mot":"L","mo":0.0}]},{"d":"24.09.2019","r":431.0,"q":17.17,"p":3350000.0,"s":[{"cn":"Ackermann Industries International","ui":"3211568","t":431.0,"r":431.0,"q":17.17,"p":3350000.0,"mot":"U","mo":431.0},{"cn":"","ui":"","t":0.0,"r":0.0,"q":0.0,"p":0.0,"mot":"L","mo":0.0}]},{"d":"25.09.2019","r":430.0,"q":17.17,"p":3350000.0,"s":[{"cn":"Ackermann Industries International","ui":"3211568","t":430.0,"r":430.0,"q":17.17,"p":3350000.0,"mot":"U","mo":430.0},{"cn":"","ui":"","t":0.0,"r":0.0,"q":0.0,"p":0.0,"mot":"L","mo":0.0}]},{"d":"04.11.2019","r":430.0,"q":17.17,"p":3320000.0,"s":[{"cn":"Ackermann Industries International","ui":"3211568","t":430.0,"r":430.0,"q":17.17,"p":3320000.0,"mot":"U","mo":430.0},{"cn":"","ui":"","t":0.0,"r":0.0,"q":0.0,"p":0.0,"mot":"L","mo":0.0}]},{"d":"24.12.2019","r":428.0,"q":17.17,"p":3320000.0,"s":[{"cn":"Ackermann Industries International","ui":"3211568","t":429.0,"r":428.0,"q":17.17,"p":3320000.0,"mot":"U","mo":428.0},{"cn":"","ui":"","t":0.0,"r":0.0,"q":0.0,"p":0.0,"mot":"L","mo":0.0}]},{"d":"25.12.2019","r":427.0,"q":17.17,"p":3320000.0,"s":[{"cn":"Ackermann Industries International","ui":"3211568","t":428.0,"r":427.0,"q":17.17,"p":3320000.0,"mot":"U","mo":427.0},{"cn":"","ui":"","t":0.0,"r":0.0,"q":0.0,"p":0.0,"mot":"L","mo":0.0}]},{"d":"26.12.2019","r":426.0,"q":17.17,"p":3320000.0,"s":[{"cn":"Ackermann Industries International","ui":"3211568","t":427.0,"r":426.0,"q":17.17,"p":3320000.0,"mot":"U","mo":426.0},{"cn":"","ui":"","t":0.0,"r":0.0,"q":0.0,"p":0.0,"mot":"L","mo":0.0}]},{"d":"27.12.2019","r":425.0,"q":17.17,"p":3320000.0,"s":[{"cn":"Ackermann Industries International","ui":"3211568","t":426.0,"r":425.0,"q":17.17,"p":3320000.0,"mot":"U","mo":425.0},{"cn":"","ui":"","t":0.0,"r":0.0,"q":0.0,"p":0.0,"mot":"L","mo":0.0}]},{"d":"30.12.2019","r":422.0,"q":17.17,"p":3320000.0,"s":[{"cn":"Ackermann Industries International","ui":"3211568","t":423.0,"r":422.0,"q":17.17,"p":3320000.0,"mot":"U","mo":422.0},{"cn":"","ui":"","t":0.0,"r":0.0,"q":0.0,"p":0.0,"mot":"L","mo":0.0}]},{"d":"31.12.2019","r":421.0,"q":17.17,"p":3320000.0,"s":[{"cn":"Ackermann Industries International","ui":"3211568","t":422.0,"r":421.0,"q":17.17,"p":3320000.0,"mot":"U","mo":421.0},{"cn":"","ui":"","t":0.0,"r":0.0,"q":0.0,"p":0.0,"mot":"L","mo":0.0}]},{"d":"01.01.2020","r":420.0,"q":17.17,"p":3320000.0,"s":[{"cn":"Ackermann Industries International","ui":"3211568","t":421.0,"r":420.0,"q":17.17,"p":3320000.0,"mot":"U","mo":420.0},{"cn":"","ui":"","t":0.0,"r":0.0,"q":0.0,"p":0.0,"mot":"L","mo":0.0}]},{"d":"07.01.2021","r":344.0,"q":34.38,"p":8.060552326E7,"s":[{"cn":"EV-GEN Ltd.","ui":"8349175","t":115.0,"r":80.0,"q":35.79,"p":8.0E7,"mot":"U","mo":80.0},{"cn":"KAPALWADA","ui":"9177926","t":100.0,"r":100.0,"q":35.57,"p":9.0E7,"mot":"U","mo":100.0},{"cn":"TC Corp.","ui":"9599312","t":23.0,"r":21.0,"q":14.14,"p":4.23E7,"mot":"U","mo":21.0},{"cn":"EV-GEN Ltd.","ui":"8890563","t":143.0,"r":143.0,"q":35.74,"p":8.0E7,"mot":"U","mo":143.0},{"cn":"","ui":"","t":0.0,"r":0.0,"q":0.0,"p":0.0,"mot":"L","mo":0.0}]}]