[{"pi":"370077","pc":"Автомобильные товары","ss":300000,"td":"Фешенебельный район","dc":1,"n":675.63,"vc":"695996","sl":"Элитный","sv":"2319","p":22800.0,"q":24.76,"b":5.82,"ms":14.94,"wi":156.39,"ei":6.41,"as":2315.25,"mi":"E","mv":15521,"sc":2,"lpe":84.09,"lpr":4967.68,"lq":1.76,"d":680780},{"pi":"370077","pc":"Автомобильные товары","ss":100000,"td":"Фешенебельный район","dc":1,"n":651.08,"vc":"242188","sl":"Элитный","sv":"150","p":24000.0,"q":26.27,"b":4.67,"ms":0.97,"wi":156.39,"ei":6.41,"as":2315.25,"mi":"E","mv":15521,"sc":2,"lpe":84.09,"lpr":4967.68,"lq":1.76,"d":680780},{"pi":"370077","pc":"Автомобильные товары","ss":200000,"td":"Фешенебельный район","dc":1,"n":439.87,"vc":"92733","sl":"Элитный","sv":"774","p":21000.0,"q":25.46,"b":2.78,"ms":1.01,"wi":81.91,"ei":8.82,"as":546.4,"mi":"E","mv":76546,"sc":1,"lpe":98.99,"lpr":3146.1,"lq":1.0,"d":2598727},{"pi":"370077","pc":"Автомобильные товары","ss":100000,"td":"Фешенебельный район","dc":1,"n":593.24,"vc":"110376","sl":"Элитный","sv":"121","p":33500.0,"q":26.27,"b":2.78,"ms":1.53,"wi":76.2,"ei":6.91,"as":607.06,"mi":"E","mv":7913,"sc":1,"lpe":98.47,"lpr":4328.76,"lq":1.0,"d":353178},{"pi":"370077","pc":"Автомобильные товары","ss":1000,"td":"Центр города","dc":1,"n":495.9,"vc":"10173","sl":"Низкий","sv":"60","p":16000.0,"q":26.27,"b":4.4,"ms":0.25,"wi":89.51,"ei":7.06,"as":573.3,"mi":"E","mv":23698,"sc":1,"lpe":99.75,"lpr":3962.11,"lq":1.0,"d":978294},{"pi":"370077","pc":"Автомобильные товары","ss":100000,"td":"Фешенебельный район","dc":1,"n":416.92,"vc":"54272","sl":"Элитный","sv":"79","p":59000.0,"q":25.04,"b":3.6,"ms":0.15,"wi":89.14,"ei":7.05,"as":1247.63,"mi":"E","mv":52981,"sc":1,"lpe":99.85,"lpr":7723.19,"lq":1.0,"d":5900984},{"pi":"370077","pc":"Автомобильные товары","ss":100000,"td":"Фешенебельный район","dc":1,"n":676.14,"vc":"207987","sl":"Элитный","sv":"64","p":30000.0,"q":25.59,"b":5.54,"ms":1.64,"wi":47.48,"ei":6.1,"as":334.42,"mi":"E","mv":3909,"sc":2,"lpe":96.9,"lpr":3016.26,"lq":1.0,"d":221587},{"pi":"370077","pc":"Автомобильные товары","ss":10000,"td":"Центр города","dc":1,"n":423.29,"vc":"20349","sl":"Очень высокий","sv":"57","p":20000.0,"q":19.15,"b":2.69,"ms":1.46,"wi":47.48,"ei":6.1,"as":334.42,"mi":"E","mv":3909,"sc":2,"lpe":96.9,"lpr":3016.26,"lq":1.0,"d":221587},{"pi":"370077","pc":"Автомобильные товары","ss":10000,"td":"Центр города","dc":1,"n":413.4,"vc":"17865","sl":"Элитный","sv":"13","p":19000.0,"q":18.54,"b":2.69,"ms":0.26,"wi":55.14,"ei":5.59,"as":450.47,"mi":"E","mv":4976,"sc":1,"lpe":99.74,"lpr":2620.99,"lq":1.0,"d":188017},{"pi":"370077","pc":"Автомобильные товары","ss":10000,"td":"Центр города","dc":1,"n":421.72,"vc":"24189","sl":"Элитный","sv":"36","p":18000.0,"q":18.59,"b":2.69,"ms":0.35,"wi":52.57,"ei":14.97,"as":532.12,"mi":"E","mv":10273,"sc":1,"lpe":99.65,"lpr":2598.61,"lq":1.0,"d":545460},{"pi":"370077","pc":"Автомобильные товары","ss":9000,"td":"Фешенебельный район","dc":1,"n":437.84,"vc":"5422","sl":"Элитный","sv":"50","p":27000.0,"q":19.88,"b":2.69,"ms":0.18,"wi":54.96,"ei":10.13,"as":422.1,"mi":"E","mv":27824,"sc":1,"lpe":99.82,"lpr":4625.99,"lq":1.0,"d":1050481},{"pi":"370077","pc":"Автомобильные товары","ss":100000,"td":"Центр города","dc":1,"n":420.76,"vc":"135579","sl":"Элитный","sv":"627","p":20000.0,"q":16.46,"b":1.52,"ms":3.69,"wi":62.28,"ei":8.99,"as":967.35,"mi":"E","mv":16986,"sc":1,"lpe":96.31,"lpr":4057.46,"lq":1.0,"d":1023950},{"pi":"370077","pc":"Автомобильные товары","ss":100000,"td":"Фешенебельный район","dc":1,"n":431.86,"vc":"21474","sl":"Элитный","sv":"504","p":20000.0,"q":17.01,"b":1.34,"ms":4.47,"wi":59.14,"ei":9.58,"as":525.4,"mi":"E","mv":11283,"sc":1,"lpe":95.53,"lpr":3160.0,"lq":1.0,"d":881782},{"pi":"370077","pc":"Автомобильные товары","ss":10000,"td":"Фешенебельный район","dc":1,"n":431.34,"vc":"3511","sl":"Элитный","sv":"18","p":15000.0,"q":16.81,"b":1.34,"ms":0.09,"wi":53.26,"ei":9.06,"as":469.26,"mi":"E","mv":20267,"sc":1,"lpe":99.91,"lpr":2078.31,"lq":1.0,"d":886926},{"pi":"370077","pc":"Автомобильные товары","ss":10000,"td":"Центр города","dc":1,"n":424.21,"vc":"26770","sl":"Элитный","sv":"200","p":23900.0,"q":19.88,"b":1.42,"ms":0.42,"wi":45.03,"ei":10.64,"as":673.75,"mi":"E","mv":47507,"sc":1,"lpe":99.58,"lpr":3954.83,"lq":1.0,"d":2541514},{"pi":"370077","pc":"Автомобильные товары","ss":9000,"td":"Фешенебельный район","dc":1,"n":381.24,"vc":"5619","sl":"Элитный","sv":"185","p":26200.0,"q":19.88,"b":1.42,"ms":0.13,"wi":59.25,"ei":8.02,"as":811.4,"mi":"E","mv":146403,"sc":1,"lpe":99.87,"lpr":4079.46,"lq":1.0,"d":4968783},{"pi":"370077","pc":"Автомобильные товары","ss":100000,"td":"Фешенебельный район","dc":1,"n":502.88,"vc":"87284","sl":"Элитный","sv":"100","p":42000.0,"q":25.95,"b":3.6,"ms":0.37,"wi":70.44,"ei":6.28,"as":624.19,"mi":"E","mv":26902,"sc":1,"lpe":99.63,"lpr":6680.92,"lq":1.0,"d":2161944},{"pi":"370077","pc":"Автомобильные товары","ss":100000,"td":"Фешенебельный район","dc":1,"n":456.18,"vc":"64942","sl":"Элитный","sv":"1","p":41000.0,"q":25.63,"b":3.6,"ms":0.0,"wi":107.69,"ei":6.45,"as":681.19,"mi":"E","mv":39304,"sc":1,"lpe":100.0,"lpr":5235.31,"lq":1.0,"d":3351144},{"pi":"370077","pc":"Автомобильные товары","ss":100000,"td":"Центр города","dc":2,"n":405.59,"vc":"235534","sl":"Нормальный","sv":"11471","p":9000.0,"q":16.96,"b":0.84,"ms":8.53,"wi":40.67,"ei":5.73,"as":513.32,"mi":"E","mv":134405,"sc":1,"lpe":91.47,"lpr":2671.56,"lq":1.0,"d":7527186},{"pi":"370077","pc":"Автомобильные товары","ss":10000,"td":"Фешенебельный район","dc":3,"n":422.03,"vc":"3096","sl":"Элитный","sv":"82","p":19500.0,"q":18.73,"b":1.42,"ms":3.86,"wi":22.26,"ei":6.08,"as":509.37,"mi":"E","mv":2123,"sc":1,"lpe":96.14,"lpr":3161.69,"lq":1.0,"d":944097},{"pi":"370077","pc":"Автомобильные товары","ss":100000,"td":"Центр города","dc":1,"n":444.3,"vc":"167015","sl":"Высокий","sv":"1000","p":13000.0,"q":17.91,"b":2.92,"ms":4.45,"wi":73.83,"ei":6.3,"as":571.53,"mi":"E","mv":22494,"sc":1,"lpe":95.55,"lpr":6339.4,"lq":1.0,"d":973156},{"pi":"370077","pc":"Автомобильные товары","ss":10000,"td":"Фешенебельный район","dc":3,"n":423.84,"vc":"3034","sl":"Очень высокий","sv":"216","p":17000.0,"q":18.89,"b":1.42,"ms":1.24,"wi":19.47,"ei":5.91,"as":526.89,"mi":"E","mv":17482,"sc":1,"lpe":98.76,"lpr":3248.2,"lq":1.0,"d":1222279},{"pi":"370077","pc":"Автомобильные товары","ss":100000,"td":"Фешенебельный район","dc":1,"n":563.7,"vc":"116870","sl":"Элитный","sv":"50","p":34000.0,"q":26.27,"b":4.96,"ms":0.34,"wi":54.58,"ei":6.32,"as":613.74,"mi":"E","mv":14683,"sc":1,"lpe":99.66,"lpr":4486.9,"lq":1.0,"d":936174},{"pi":"370077","pc":"Автомобильные товары","ss":1000,"td":"Фешенебельный район","dc":1,"n":715.45,"vc":"1735","sl":"Очень высокий","sv":"116","p":44000.0,"q":26.21,"b":6.14,"ms":3.24,"wi":100.73,"ei":10.74,"as":1420.16,"mi":"E","mv":3577,"sc":1,"lpe":96.76,"lpr":8431.77,"lq":1.0,"d":130817},{"pi":"370077","pc":"Автомобильные товары","ss":100000,"td":"Фешенебельный район","dc":1,"n":633.7,"vc":"175714","sl":"Элитный","sv":"10","p":12000.0,"q":26.27,"b":4.96,"ms":0.09,"wi":40.63,"ei":5.07,"as":449.97,"mi":"E","mv":11625,"sc":1,"lpe":99.91,"lpr":1263.46,"lq":1.0,"d":438714},{"pi":"370077","pc":"Автомобильные товары","ss":100000,"td":"Фешенебельный район","dc":1,"n":681.31,"vc":"362922","sl":"Элитный","sv":"50","p":23000.0,"q":25.63,"b":4.88,"ms":0.29,"wi":36.7,"ei":10.61,"as":397.23,"mi":"E","mv":17148,"sc":1,"lpe":99.71,"lpr":2250.59,"lq":1.0,"d":948726},{"pi":"370077","pc":"Автомобильные товары","ss":100000,"td":"Фешенебельный район","dc":1,"n":615.2,"vc":"152073","sl":"Элитный","sv":"50","p":26000.0,"q":25.63,"b":4.88,"ms":0.41,"wi":42.96,"ei":6.25,"as":568.15,"mi":"E","mv":12253,"sc":1,"lpe":99.59,"lpr":3386.63,"lq":1.0,"d":482641},{"pi":"370077","pc":"Автомобильные товары","ss":100000,"td":"Фешенебельный район","dc":1,"n":707.48,"vc":"312111","sl":"Элитный","sv":"50","p":26000.0,"q":25.63,"b":4.88,"ms":0.65,"wi":71.8,"ei":6.85,"as":545.08,"mi":"E","mv":7679,"sc":1,"lpe":99.35,"lpr":3376.65,"lq":1.0,"d":298366},{"pi":"370077","pc":"Автомобильные товары","ss":100000,"td":"Центр города","dc":1,"n":431.02,"vc":"356246","sl":"Элитный","sv":"2000","p":22000.0,"q":24.33,"b":2.51,"ms":2.03,"wi":60.25,"ei":9.36,"as":614.31,"mi":"E","mv":98538,"sc":1,"lpe":97.97,"lpr":5050.4,"lq":1.0,"d":3832748},{"pi":"370077","pc":"Автомобильные товары","ss":100000,"td":"Фешенебельный район","dc":1,"n":676.68,"vc":"208572","sl":"Элитный","sv":"250","p":11000.0,"q":26.27,"b":4.96,"ms":4.29,"wi":39.55,"ei":4.38,"as":267.33,"mi":"E","mv":5830,"sc":1,"lpe":95.71,"lpr":1764.42,"lq":1.0,"d":219870},{"pi":"370077","pc":"Автомобильные товары","ss":100000,"td":"Фешенебельный район","dc":1,"n":690.35,"vc":"189171","sl":"Элитный","sv":"105","p":14000.0,"q":26.27,"b":4.96,"ms":3.59,"wi":46.94,"ei":3.42,"as":255.26,"mi":"E","mv":2926,"sc":1,"lpe":96.41,"lpr":1694.72,"lq":1.0,"d":114267},{"pi":"370077","pc":"Автомобильные товары","ss":100000,"td":"Фешенебельный район","dc":1,"n":588.21,"vc":"371325","sl":"Элитный","sv":"1762","p":10991.0,"q":17.26,"b":4.78,"ms":0.53,"wi":39.97,"ei":5.34,"as":208.05,"mi":"E","mv":333758,"sc":2,"lpe":99.47,"lpr":3314.01,"lq":1.0,"d":12982716},{"pi":"370077","pc":"Автомобильные товары","ss":40000,"td":"Центр города","dc":1,"n":330.65,"vc":"108314","sl":"Элитный","sv":"8","p":25000.0,"q":13.38,"b":2.01,"ms":0.0,"wi":39.97,"ei":5.34,"as":208.05,"mi":"E","mv":333758,"sc":2,"lpe":99.47,"lpr":3314.01,"lq":1.0,"d":12982716},{"pi":"370077","pc":"Автомобильные товары","ss":10000,"td":"Фешенебельный район","dc":1,"n":447.0,"vc":"6020","sl":"Элитный","sv":"793","p":10000.0,"q":17.17,"b":0.0,"ms":4.1,"wi":42.02,"ei":10.62,"as":325.21,"mi":"E","mv":19350,"sc":1,"lpe":95.9,"lpr":2077.3,"lq":1.0,"d":933330},{"pi":"370077","pc":"Автомобильные товары","ss":100000,"td":"Фешенебельный район","dc":1,"n":0.0,"vc":"706","sl":"Элитный","sv":"406","p":9568.0,"q":19.06,"b":4.78,"ms":3.54,"wi":21.73,"ei":4.97,"as":339.62,"mi":"E","mv":11484,"sc":1,"lpe":96.46,"lpr":1930.95,"lq":1.0,"d":2278596},{"pi":"370077","pc":"Автомобильные товары","ss":4100,"td":"Фешенебельный район","dc":1,"n":27.22,"vc":"287","sl":"Элитный","sv":"26","p":25000.0,"q":14.29,"b":0.0,"ms":0.01,"wi":102.86,"ei":10.85,"as":2744.68,"mi":"E","mv":203734,"sc":2,"lpe":99.99,"lpr":13465.41,"lq":1.0,"d":9744630},{"pi":"370077","pc":"Автомобильные товары","ss":100000,"td":"Центр города","dc":1,"n":460.75,"vc":"657327","sl":"Очень высокий","sv":"1","p":69000.0,"q":14.01,"b":0.0,"ms":0.0,"wi":102.86,"ei":10.85,"as":2744.68,"mi":"E","mv":203734,"sc":2,"lpe":99.99,"lpr":13465.41,"lq":1.0,"d":9744630},{"pi":"370077","pc":"Автомобильные товары","ss":300000,"td":"Фешенебельный район","dc":2,"n":599.07,"vc":"289612","sl":"Элитный","sv":"2","p":45000.0,"q":20.91,"b":2.475,"ms":0.02,"wi":102.66,"ei":5.0,"as":366.29,"mi":"E","mv":9659,"sc":1,"lpe":99.98,"lpr":4829.32,"lq":1.0,"d":454964},{"pi":"370077","pc":"Автомобильные товары","ss":100000,"td":"Центр города","dc":1,"n":453.35,"vc":"274328","sl":"Элитный","sv":"1","p":30000.0,"q":14.45,"b":0.0,"ms":0.0,"wi":61.61,"ei":6.72,"as":599.85,"mi":"E","mv":21182,"sc":1,"lpe":100.0,"lpr":4079.4,"lq":1.0,"d":983490},{"pi":"370077","pc":"Автомобильные товары","ss":10000,"td":"Фешенебельный район","dc":1,"n":409.66,"vc":"4224","sl":"Элитный","sv":"803","p":20000.0,"q":17.08,"b":1.43,"ms":6.75,"wi":68.68,"ei":7.55,"as":553.24,"mi":"E","mv":11904,"sc":1,"lpe":93.25,"lpr":3941.78,"lq":1.0,"d":810299},{"pi":"370077","pc":"Автомобильные товары","ss":100000,"td":"Фешенебельный район","dc":1,"n":654.29,"vc":"184980","sl":"Элитный","sv":"50","p":42000.0,"q":25.63,"b":3.34,"ms":0.85,"wi":61.21,"ei":7.94,"as":658.12,"mi":"E","mv":5860,"sc":1,"lpe":99.15,"lpr":5074.58,"lq":1.0,"d":288607},{"pi":"370077","pc":"Автомобильные товары","ss":100000,"td":"Фешенебельный район","dc":1,"n":553.48,"vc":"103274","sl":"Элитный","sv":"50","p":47000.0,"q":25.63,"b":3.34,"ms":0.41,"wi":69.22,"ei":7.22,"as":769.28,"mi":"E","mv":12236,"sc":1,"lpe":99.59,"lpr":5364.77,"lq":1.0,"d":870794},{"pi":"370077","pc":"Автомобильные товары","ss":1000,"td":"Фешенебельный район","dc":1,"n":583.16,"vc":"2102","sl":"Очень высокий","sv":"2","p":14000.0,"q":25.95,"b":3.38,"ms":0.01,"wi":88.26,"ei":7.25,"as":562.28,"mi":"E","mv":14183,"sc":1,"lpe":99.99,"lpr":4609.46,"lq":1.0,"d":598348},{"pi":"370077","pc":"Автомобильные товары","ss":100000,"td":"Центр города","dc":2,"n":502.6,"vc":"327899","sl":"Очень высокий","sv":"2000","p":20000.0,"q":17.91,"b":3.17,"ms":6.01,"wi":96.92,"ei":9.6,"as":1470.0,"mi":"E","mv":33278,"sc":1,"lpe":93.99,"lpr":7511.36,"lq":1.0,"d":1347944},{"pi":"370077","pc":"Автомобильные товары","ss":100000,"td":"Фешенебельный район","dc":1,"n":476.51,"vc":"42736","sl":"Элитный","sv":"500","p":10000.0,"q":17.49,"b":0.0,"ms":4.63,"wi":47.63,"ei":9.47,"as":427.52,"mi":"E","mv":10800,"sc":1,"lpe":95.37,"lpr":1858.17,"lq":1.0,"d":579986},{"pi":"370077","pc":"Автомобильные товары","ss":100000,"td":"Центр города","dc":1,"n":425.56,"vc":"341838","sl":"Элитный","sv":"10","p":43100.0,"q":22.65,"b":3.48,"ms":0.05,"wi":48.46,"ei":12.08,"as":459.52,"mi":"E","mv":18629,"sc":1,"lpe":99.95,"lpr":4931.89,"lq":1.0,"d":3957256}]