[{"d":"21.08.2018","r":325.0,"q":2.03,"p":5000.0,"s":[{"cn":"Yellow Rose","ui":"7834434","t":325.0,"r":325.0,"q":2.03,"p":5000.0,"mot":"U","mo":325.0},{"cn":"","ui":"","t":0.0,"r":0.0,"q":0.0,"p":0.0,"mot":"L","mo":0.0}]},{"d":"05.02.2019","r":50.0,"q":10.81,"p":33000.0,"s":[{"cn":"Mary Limited Crypt","ui":"7852241","t":4000.0,"r":3850.0,"q":10.81,"p":33000.0,"mot":"L","mo":50.0},{"cn":"","ui":"","t":0.0,"r":0.0,"q":0.0,"p":0.0,"mot":"L","mo":0.0}]},{"d":"06.02.2019","r":323.0,"q":7.93,"p":13560.37,"s":[{"cn":"TAOrus","ui":"7890512","t":7239.0,"r":273.0,"q":7.4,"p":10000.0,"mot":"U","mo":273.0},{"cn":"Mary Limited Crypt","ui":"7852241","t":4483.0,"r":4283.0,"q":10.85,"p":33000.0,"mot":"L","mo":50.0},{"cn":"","ui":"","t":0.0,"r":0.0,"q":0.0,"p":0.0,"mot":"L","mo":0.0}]},{"d":"07.02.2019","r":50.0,"q":10.85,"p":33000.0,"s":[{"cn":"Mary Limited Crypt","ui":"7852241","t":4283.0,"r":4133.0,"q":10.85,"p":33000.0,"mot":"L","mo":50.0},{"cn":"","ui":"","t":0.0,"r":0.0,"q":0.0,"p":0.0,"mot":"L","mo":0.0}]},{"d":"08.02.2019","r":50.0,"q":10.85,"p":33000.0,"s":[{"cn":"Mary Limited Crypt","ui":"7852241","t":4133.0,"r":4033.0,"q":10.85,"p":33000.0,"mot":"L","mo":50.0},{"cn":"","ui":"","t":0.0,"r":0.0,"q":0.0,"p":0.0,"mot":"L","mo":0.0}]}]