[{"pi":"3869","pc":"Продукты питания","ss":1000,"td":"Центр города","dc":2,"n":76.06,"vc":"485","sl":"Элитный","sv":"500","p":1050.0,"q":14.62,"b":1.96,"ms":0.41,"wi":49.22,"ei":5.0,"as":337.0,"mi":"E","mv":123070,"sc":1,"lpe":99.59,"lpr":706.39,"lq":1.0,"d":451228},{"pi":"3869","pc":"Продукты питания","ss":10000,"td":"Центр города","dc":2,"n":394.11,"vc":"11634","sl":"Элитный","sv":"4900","p":1100.0,"q":5.37,"b":0.0,"ms":6.8,"wi":60.1,"ei":6.0,"as":396.0,"mi":"E","mv":72095,"sc":4,"lpe":87.93,"lpr":891.24,"lq":1.45,"d":264316},{"pi":"3869","pc":"Продукты питания","ss":10000,"td":"Центр города","dc":1,"n":443.28,"vc":"16736","sl":"Элитный","sv":"3000","p":2000.0,"q":11.27,"b":0.0,"ms":4.16,"wi":60.1,"ei":6.0,"as":396.0,"mi":"E","mv":72095,"sc":4,"lpe":87.93,"lpr":891.24,"lq":1.45,"d":264316},{"pi":"3869","pc":"Продукты питания","ss":1000,"td":"Центр города","dc":2,"n":109.66,"vc":"486","sl":"Элитный","sv":"500","p":1500.0,"q":14.62,"b":1.96,"ms":0.69,"wi":60.1,"ei":6.0,"as":396.0,"mi":"E","mv":72095,"sc":4,"lpe":87.93,"lpr":891.24,"lq":1.45,"d":264316},{"pi":"3869","pc":"Продукты питания","ss":2000,"td":"Центр города","dc":1,"n":261.6,"vc":"1712","sl":"Элитный","sv":"300","p":1000.0,"q":6.93,"b":0.0,"ms":0.42,"wi":60.1,"ei":6.0,"as":396.0,"mi":"E","mv":72095,"sc":4,"lpe":87.93,"lpr":891.24,"lq":1.45,"d":264316},{"pi":"3869","pc":"Продукты питания","ss":21000,"td":"Центр города","dc":1,"n":383.31,"vc":"55416","sl":"Элитный","sv":"72482","p":1000.0,"q":8.64,"b":0.0,"ms":13.24,"wi":62.72,"ei":7.0,"as":1148.0,"mi":"E","mv":547392,"sc":10,"lpe":82.83,"lpr":682.32,"lq":2.25,"d":2007074},{"pi":"3869","pc":"Продукты питания","ss":10000,"td":"Спальный район","dc":2,"n":287.45,"vc":"8061","sl":"Элитный","sv":"5000","p":1400.0,"q":11.27,"b":1.35,"ms":0.91,"wi":62.72,"ei":7.0,"as":1148.0,"mi":"E","mv":547392,"sc":10,"lpe":82.83,"lpr":682.32,"lq":2.25,"d":2007074},{"pi":"3869","pc":"Продукты питания","ss":6000,"td":"Центр города","dc":1,"n":140.71,"vc":"2829","sl":"Элитный","sv":"5000","p":600.0,"q":8.72,"b":0.0,"ms":0.91,"wi":62.72,"ei":7.0,"as":1148.0,"mi":"E","mv":547392,"sc":10,"lpe":82.83,"lpr":682.32,"lq":2.25,"d":2007074},{"pi":"3869","pc":"Продукты питания","ss":5000,"td":"Центр города","dc":1,"n":262.12,"vc":"5931","sl":"Элитный","sv":"5000","p":1100.0,"q":6.7,"b":0.0,"ms":0.91,"wi":62.72,"ei":7.0,"as":1148.0,"mi":"E","mv":547392,"sc":10,"lpe":82.83,"lpr":682.32,"lq":2.25,"d":2007074},{"pi":"3869","pc":"Продукты питания","ss":3000,"td":"Центр города","dc":2,"n":151.38,"vc":"2164","sl":"Элитный","sv":"2500","p":1050.0,"q":14.62,"b":1.52,"ms":0.46,"wi":62.72,"ei":7.0,"as":1148.0,"mi":"E","mv":547392,"sc":10,"lpe":82.83,"lpr":682.32,"lq":2.25,"d":2007074},{"pi":"3869","pc":"Продукты питания","ss":155000,"td":"Фешенебельный район","dc":2,"n":475.24,"vc":"96753","sl":"Элитный","sv":"2422","p":2000.0,"q":12.66,"b":0.0,"ms":0.44,"wi":62.72,"ei":7.0,"as":1148.0,"mi":"E","mv":547392,"sc":10,"lpe":82.83,"lpr":682.32,"lq":2.25,"d":2007074},{"pi":"3869","pc":"Продукты питания","ss":10000,"td":"Центр города","dc":1,"n":398.44,"vc":"24422","sl":"Элитный","sv":"1000","p":1200.0,"q":6.7,"b":0.0,"ms":0.18,"wi":62.72,"ei":7.0,"as":1148.0,"mi":"E","mv":547392,"sc":10,"lpe":82.83,"lpr":682.32,"lq":2.25,"d":2007074},{"pi":"3869","pc":"Продукты питания","ss":1800,"td":"Центр города","dc":1,"n":128.25,"vc":"2192","sl":"Элитный","sv":"300","p":870.0,"q":6.93,"b":0.0,"ms":0.05,"wi":62.72,"ei":7.0,"as":1148.0,"mi":"E","mv":547392,"sc":10,"lpe":82.83,"lpr":682.32,"lq":2.25,"d":2007074},{"pi":"3869","pc":"Продукты питания","ss":1000,"td":"Центр города","dc":1,"n":261.46,"vc":"2326","sl":"Очень высокий","sv":"300","p":1050.0,"q":6.93,"b":0.0,"ms":0.05,"wi":62.72,"ei":7.0,"as":1148.0,"mi":"E","mv":547392,"sc":10,"lpe":82.83,"lpr":682.32,"lq":2.25,"d":2007074},{"pi":"3869","pc":"Продукты питания","ss":500,"td":"Спальный район","dc":1,"n":54.92,"vc":"395","sl":"Элитный","sv":"4","p":420.0,"q":1.98,"b":0.0,"ms":0.0,"wi":62.72,"ei":7.0,"as":1148.0,"mi":"E","mv":547392,"sc":10,"lpe":82.83,"lpr":682.32,"lq":2.25,"d":2007074},{"pi":"3869","pc":"Продукты питания","ss":10000,"td":"Спальный район","dc":1,"n":447.01,"vc":"23049","sl":"Элитный","sv":"4000","p":1300.0,"q":11.27,"b":1.35,"ms":1.06,"wi":55.87,"ei":7.0,"as":994.0,"mi":"E","mv":378202,"sc":5,"lpe":98.12,"lpr":716.65,"lq":1.0,"d":1386711},{"pi":"3869","pc":"Продукты питания","ss":2000,"td":"Центр города","dc":2,"n":187.68,"vc":"1944","sl":"Элитный","sv":"2500","p":550.0,"q":14.62,"b":1.52,"ms":0.66,"wi":55.87,"ei":7.0,"as":994.0,"mi":"E","mv":378202,"sc":5,"lpe":98.12,"lpr":716.65,"lq":1.0,"d":1386711},{"pi":"3869","pc":"Продукты питания","ss":1900,"td":"Центр города","dc":1,"n":132.55,"vc":"2028","sl":"Элитный","sv":"300","p":700.0,"q":6.93,"b":0.0,"ms":0.08,"wi":55.87,"ei":7.0,"as":994.0,"mi":"E","mv":378202,"sc":5,"lpe":98.12,"lpr":716.65,"lq":1.0,"d":1386711},{"pi":"3869","pc":"Продукты питания","ss":1000,"td":"Центр города","dc":1,"n":295.97,"vc":"2482","sl":"Очень высокий","sv":"300","p":850.0,"q":6.93,"b":0.0,"ms":0.08,"wi":55.87,"ei":7.0,"as":994.0,"mi":"E","mv":378202,"sc":5,"lpe":98.12,"lpr":716.65,"lq":1.0,"d":1386711},{"pi":"3869","pc":"Продукты питания","ss":500,"td":"Спальный район","dc":1,"n":63.97,"vc":"364","sl":"Элитный","sv":"9","p":399.0,"q":1.95,"b":0.0,"ms":0.0,"wi":55.87,"ei":7.0,"as":994.0,"mi":"E","mv":378202,"sc":5,"lpe":98.12,"lpr":716.65,"lq":1.0,"d":1386711},{"pi":"3869","pc":"Продукты питания","ss":40000,"td":"Центр города","dc":3,"n":452.36,"vc":"92259","sl":"Очень высокий","sv":"12000","p":1360.0,"q":11.27,"b":1.35,"ms":3.55,"wi":56.61,"ei":7.0,"as":1036.07,"mi":"E","mv":337818,"sc":6,"lpe":95.5,"lpr":738.92,"lq":1.0,"d":1285176},{"pi":"3869","pc":"Продукты питания","ss":2000,"td":"Центр города","dc":2,"n":191.52,"vc":"1938","sl":"Элитный","sv":"2500","p":570.0,"q":14.62,"b":1.52,"ms":0.74,"wi":56.61,"ei":7.0,"as":1036.07,"mi":"E","mv":337818,"sc":6,"lpe":95.5,"lpr":738.92,"lq":1.0,"d":1285176},{"pi":"3869","pc":"Продукты питания","ss":1000,"td":"Центр города","dc":1,"n":300.73,"vc":"2483","sl":"Очень высокий","sv":"300","p":850.0,"q":6.93,"b":0.0,"ms":0.09,"wi":56.61,"ei":7.0,"as":1036.07,"mi":"E","mv":337818,"sc":6,"lpe":95.5,"lpr":738.92,"lq":1.0,"d":1285176},{"pi":"3869","pc":"Продукты питания","ss":2200,"td":"Центр города","dc":1,"n":150.44,"vc":"2368","sl":"Элитный","sv":"300","p":720.0,"q":6.93,"b":0.0,"ms":0.09,"wi":56.61,"ei":7.0,"as":1036.07,"mi":"E","mv":337818,"sc":6,"lpe":95.5,"lpr":738.92,"lq":1.0,"d":1285176},{"pi":"3869","pc":"Продукты питания","ss":6000,"td":"Центр города","dc":1,"n":153.88,"vc":"2653","sl":"Элитный","sv":"101","p":600.0,"q":8.72,"b":0.0,"ms":0.03,"wi":56.61,"ei":7.0,"as":1036.07,"mi":"E","mv":337818,"sc":6,"lpe":95.5,"lpr":738.92,"lq":1.0,"d":1285176},{"pi":"3869","pc":"Продукты питания","ss":500,"td":"Спальный район","dc":1,"n":64.13,"vc":"354","sl":"Элитный","sv":"6","p":399.0,"q":1.98,"b":0.0,"ms":0.0,"wi":56.61,"ei":7.0,"as":1036.07,"mi":"E","mv":337818,"sc":6,"lpe":95.5,"lpr":738.92,"lq":1.0,"d":1285176},{"pi":"3869","pc":"Продукты питания","ss":20000,"td":"Центр города","dc":2,"n":190.53,"vc":"5749","sl":"Элитный","sv":"100","p":900.0,"q":11.27,"b":0.0,"ms":0.65,"wi":16.19,"ei":8.65,"as":559.5,"mi":"E","mv":15463,"sc":1,"lpe":99.35,"lpr":591.81,"lq":1.0,"d":897180},{"pi":"3869","pc":"Продукты питания","ss":10000,"td":"Пригород","dc":3,"n":164.79,"vc":"1785","sl":"Элитный","sv":"2089","p":1300.0,"q":10.42,"b":0.27,"ms":0.35,"wi":47.6,"ei":7.77,"as":378.0,"mi":"E","mv":593572,"sc":2,"lpe":99.56,"lpr":713.47,"lq":1.0,"d":2176390},{"pi":"3869","pc":"Продукты питания","ss":1000,"td":"Центр города","dc":2,"n":25.18,"vc":"631","sl":"Элитный","sv":"500","p":800.0,"q":14.62,"b":2.22,"ms":0.08,"wi":47.6,"ei":7.77,"as":378.0,"mi":"E","mv":593572,"sc":2,"lpe":99.56,"lpr":713.47,"lq":1.0,"d":2176390},{"pi":"3869","pc":"Продукты питания","ss":100000,"td":"Пригород","dc":1,"n":431.25,"vc":"147446","sl":"Элитный","sv":"14998","p":340.0,"q":1.0,"b":0.0,"ms":0.41,"wi":22.52,"ei":5.34,"as":224.4,"mi":"E","mv":3642549,"sc":1,"lpe":99.59,"lpr":355.83,"lq":1.0,"d":13372198},{"pi":"3869","pc":"Продукты питания","ss":1000,"td":"Центр города","dc":2,"n":117.91,"vc":"471","sl":"Элитный","sv":"500","p":600.0,"q":14.62,"b":2.22,"ms":0.88,"wi":33.4,"ei":6.0,"as":384.38,"mi":"E","mv":56696,"sc":2,"lpe":98.59,"lpr":533.79,"lq":1.0,"d":211000},{"pi":"3869","pc":"Продукты питания","ss":1000,"td":"Окраина","dc":1,"n":313.24,"vc":"849","sl":"Элитный","sv":"300","p":830.0,"q":11.27,"b":0.27,"ms":0.53,"wi":33.4,"ei":6.0,"as":384.38,"mi":"E","mv":56696,"sc":2,"lpe":98.59,"lpr":533.79,"lq":1.0,"d":211000},{"pi":"3869","pc":"Продукты питания","ss":1000,"td":"Спальный район","dc":1,"n":298.23,"vc":"1064","sl":"Элитный","sv":"1600","p":1300.0,"q":11.27,"b":0.27,"ms":2.17,"wi":51.02,"ei":8.0,"as":490.0,"mi":"E","mv":73781,"sc":2,"lpe":97.15,"lpr":698.9,"lq":1.0,"d":270500},{"pi":"3869","pc":"Продукты питания","ss":1000,"td":"Центр города","dc":2,"n":98.04,"vc":"459","sl":"Элитный","sv":"500","p":800.0,"q":14.62,"b":2.22,"ms":0.68,"wi":51.02,"ei":8.0,"as":490.0,"mi":"E","mv":73781,"sc":2,"lpe":97.15,"lpr":698.9,"lq":1.0,"d":270500},{"pi":"3869","pc":"Продукты питания","ss":15000,"td":"Центр города","dc":1,"n":308.43,"vc":"13467","sl":"Элитный","sv":"550","p":700.0,"q":6.31,"b":0.0,"ms":1.11,"wi":9.03,"ei":5.37,"as":254.79,"mi":"E","mv":49766,"sc":1,"lpe":98.89,"lpr":256.28,"lq":1.0,"d":1172054},{"pi":"3869","pc":"Продукты питания","ss":10000,"td":"Пригород","dc":2,"n":345.0,"vc":"4754","sl":"Элитный","sv":"4000","p":900.0,"q":11.27,"b":2.4,"ms":1.87,"wi":48.91,"ei":7.0,"as":913.33,"mi":"E","mv":213664,"sc":3,"lpe":96.35,"lpr":597.99,"lq":1.0,"d":792900},{"pi":"3869","pc":"Продукты питания","ss":10000,"td":"Спальный район","dc":1,"n":314.07,"vc":"7090","sl":"Элитный","sv":"3297","p":1200.0,"q":7.81,"b":0.0,"ms":1.54,"wi":48.91,"ei":7.0,"as":913.33,"mi":"E","mv":213664,"sc":3,"lpe":96.35,"lpr":597.99,"lq":1.0,"d":792900},{"pi":"3869","pc":"Продукты питания","ss":1000,"td":"Центр города","dc":2,"n":66.96,"vc":"561","sl":"Элитный","sv":"500","p":530.0,"q":14.62,"b":2.62,"ms":0.23,"wi":48.91,"ei":7.0,"as":913.33,"mi":"E","mv":213664,"sc":3,"lpe":96.35,"lpr":597.99,"lq":1.0,"d":792900},{"pi":"3869","pc":"Продукты питания","ss":300,"td":"Спальный район","dc":1,"n":112.82,"vc":"398","sl":"Очень высокий","sv":"985","p":310.0,"q":2.33,"b":0.0,"ms":0.98,"wi":9.31,"ei":5.89,"as":288.61,"mi":"E","mv":100193,"sc":1,"lpe":99.02,"lpr":340.12,"lq":1.0,"d":2001166},{"pi":"3869","pc":"Продукты питания","ss":60000,"td":"Центр города","dc":1,"n":512.17,"vc":"191349","sl":"Очень высокий","sv":"6000","p":1000.0,"q":18.52,"b":3.24384,"ms":2.61,"wi":47.76,"ei":7.0,"as":1078.25,"mi":"E","mv":229809,"sc":5,"lpe":93.69,"lpr":593.44,"lq":1.0,"d":842600},{"pi":"3869","pc":"Продукты питания","ss":60000,"td":"Центр города","dc":1,"n":567.1,"vc":"314966","sl":"Очень высокий","sv":"6000","p":1500.0,"q":18.52,"b":3.24384,"ms":2.61,"wi":47.76,"ei":7.0,"as":1078.25,"mi":"E","mv":229809,"sc":5,"lpe":93.69,"lpr":593.44,"lq":1.0,"d":842600},{"pi":"3869","pc":"Продукты питания","ss":10000,"td":"Пригород","dc":3,"n":341.12,"vc":"4718","sl":"Элитный","sv":"1000","p":920.0,"q":11.27,"b":2.4,"ms":0.44,"wi":47.76,"ei":7.0,"as":1078.25,"mi":"E","mv":229809,"sc":5,"lpe":93.69,"lpr":593.44,"lq":1.0,"d":842600},{"pi":"3869","pc":"Продукты питания","ss":9000,"td":"Центр города","dc":1,"n":281.35,"vc":"7110","sl":"Элитный","sv":"1000","p":1000.0,"q":8.66,"b":0.0,"ms":0.44,"wi":47.76,"ei":7.0,"as":1078.25,"mi":"E","mv":229809,"sc":5,"lpe":93.69,"lpr":593.44,"lq":1.0,"d":842600},{"pi":"3869","pc":"Продукты питания","ss":1000,"td":"Центр города","dc":2,"n":64.67,"vc":"566","sl":"Элитный","sv":"500","p":600.0,"q":14.62,"b":2.62,"ms":0.22,"wi":47.76,"ei":7.0,"as":1078.25,"mi":"E","mv":229809,"sc":5,"lpe":93.69,"lpr":593.44,"lq":1.0,"d":842600},{"pi":"3869","pc":"Продукты питания","ss":1000,"td":"Центр города","dc":2,"n":152.49,"vc":"439","sl":"Элитный","sv":"500","p":550.0,"q":14.62,"b":1.73,"ms":1.86,"wi":33.78,"ei":6.3,"as":470.0,"mi":"E","mv":26926,"sc":1,"lpe":98.14,"lpr":495.57,"lq":1.0,"d":99366},{"pi":"3869","pc":"Продукты питания","ss":1000,"td":"Центр города","dc":2,"n":160.52,"vc":"465","sl":"Элитный","sv":"500","p":400.0,"q":14.62,"b":1.73,"ms":2.54,"wi":25.77,"ei":6.2,"as":442.23,"mi":"E","mv":19689,"sc":3,"lpe":96.13,"lpr":473.53,"lq":1.0,"d":102460},{"pi":"3869","pc":"Продукты питания","ss":500,"td":"Фешенебельный район","dc":8,"n":345.95,"vc":"125","sl":"Очень высокий","sv":"161","p":350.0,"q":6.77,"b":0.0,"ms":0.82,"wi":25.77,"ei":6.2,"as":442.23,"mi":"E","mv":19689,"sc":3,"lpe":96.13,"lpr":473.53,"lq":1.0,"d":102460},{"pi":"3869","pc":"Продукты питания","ss":1000,"td":"Окраина","dc":1,"n":348.23,"vc":"1204","sl":"Нормальный","sv":"100","p":260.0,"q":7.15,"b":0.0,"ms":0.51,"wi":25.77,"ei":6.2,"as":442.23,"mi":"E","mv":19689,"sc":3,"lpe":96.13,"lpr":473.53,"lq":1.0,"d":102460},{"pi":"3869","pc":"Продукты питания","ss":1000,"td":"Центр города","dc":2,"n":157.26,"vc":"464","sl":"Элитный","sv":"500","p":400.0,"q":14.62,"b":2.49,"ms":2.43,"wi":26.71,"ei":6.3,"as":456.0,"mi":"E","mv":20565,"sc":3,"lpe":95.05,"lpr":488.96,"lq":1.0,"d":107850},{"pi":"3869","pc":"Продукты питания","ss":1000,"td":"Окраина","dc":1,"n":526.56,"vc":"2236","sl":"Очень высокий","sv":"317","p":290.0,"q":7.15,"b":0.0,"ms":1.54,"wi":26.71,"ei":6.3,"as":456.0,"mi":"E","mv":20565,"sc":3,"lpe":95.05,"lpr":488.96,"lq":1.0,"d":107850},{"pi":"3869","pc":"Продукты питания","ss":1000,"td":"Центр города","dc":3,"n":332.78,"vc":"1250","sl":"Высокий","sv":"200","p":790.0,"q":11.27,"b":0.0,"ms":0.97,"wi":26.71,"ei":6.3,"as":456.0,"mi":"E","mv":20565,"sc":3,"lpe":95.05,"lpr":488.96,"lq":1.0,"d":107850},{"pi":"3869","pc":"Продукты питания","ss":1000,"td":"Спальный район","dc":2,"n":320.19,"vc":"1064","sl":"Очень высокий","sv":"600","p":1300.0,"q":11.27,"b":0.27,"ms":1.16,"wi":54.46,"ei":6.0,"as":457.0,"mi":"E","mv":51544,"sc":2,"lpe":97.87,"lpr":702.23,"lq":1.0,"d":189700},{"pi":"3869","pc":"Продукты питания","ss":1000,"td":"Центр города","dc":2,"n":114.36,"vc":"444","sl":"Элитный","sv":"500","p":850.0,"q":14.62,"b":2.22,"ms":0.97,"wi":54.46,"ei":6.0,"as":457.0,"mi":"E","mv":51544,"sc":2,"lpe":97.87,"lpr":702.23,"lq":1.0,"d":189700},{"pi":"3869","pc":"Продукты питания","ss":1000,"td":"Центр города","dc":2,"n":143.32,"vc":"475","sl":"Элитный","sv":"500","p":450.0,"q":14.62,"b":1.73,"ms":1.93,"wi":26.88,"ei":6.4,"as":470.16,"mi":"E","mv":25877,"sc":3,"lpe":98.05,"lpr":495.34,"lq":1.0,"d":143654},{"pi":"3869","pc":"Продукты питания","ss":1000,"td":"Фешенебельный район","dc":1,"n":92.02,"vc":"53","sl":"Элитный","sv":"3","p":279.0,"q":2.06,"b":0.0,"ms":0.01,"wi":26.88,"ei":6.4,"as":470.16,"mi":"E","mv":25877,"sc":3,"lpe":98.05,"lpr":495.34,"lq":1.0,"d":143654},{"pi":"3869","pc":"Продукты питания","ss":1000,"td":"Спальный район","dc":1,"n":85.85,"vc":"257","sl":"Элитный","sv":"1","p":349.0,"q":1.55,"b":0.0,"ms":0.0,"wi":26.88,"ei":6.4,"as":470.16,"mi":"E","mv":25877,"sc":3,"lpe":98.05,"lpr":495.34,"lq":1.0,"d":143654},{"pi":"3869","pc":"Продукты питания","ss":1000,"td":"Центр города","dc":2,"n":141.88,"vc":"478","sl":"Элитный","sv":"500","p":420.0,"q":14.62,"b":1.73,"ms":1.79,"wi":27.95,"ei":6.5,"as":474.81,"mi":"E","mv":27930,"sc":1,"lpe":98.21,"lpr":508.19,"lq":1.0,"d":150000},{"pi":"3869","pc":"Продукты питания","ss":1000,"td":"Центр города","dc":2,"n":141.31,"vc":"437","sl":"Элитный","sv":"500","p":480.0,"q":14.62,"b":0.88,"ms":15.18,"wi":10.44,"ei":4.68,"as":324.4,"mi":"E","mv":3293,"sc":1,"lpe":84.82,"lpr":386.43,"lq":1.34,"d":211816},{"pi":"3869","pc":"Продукты питания","ss":20000,"td":"Окраина","dc":6,"n":345.93,"vc":"11404","sl":"Очень высокий","sv":"2000","p":900.0,"q":11.27,"b":0.43,"ms":0.94,"wi":49.39,"ei":7.0,"as":1230.33,"mi":"E","mv":213135,"sc":2,"lpe":98.83,"lpr":594.04,"lq":1.0,"d":781464},{"pi":"3869","pc":"Продукты питания","ss":1000,"td":"Центр города","dc":2,"n":67.51,"vc":"560","sl":"Элитный","sv":"500","p":600.0,"q":14.62,"b":2.0,"ms":0.23,"wi":49.39,"ei":7.0,"as":1230.33,"mi":"E","mv":213135,"sc":2,"lpe":98.83,"lpr":594.04,"lq":1.0,"d":781464},{"pi":"3869","pc":"Продукты питания","ss":1000,"td":"Центр города","dc":2,"n":63.59,"vc":"568","sl":"Элитный","sv":"500","p":500.0,"q":14.62,"b":2.0,"ms":0.21,"wi":44.14,"ei":7.76,"as":812.25,"mi":"E","mv":237411,"sc":1,"lpe":99.79,"lpr":593.4,"lq":1.0,"d":867598},{"pi":"3869","pc":"Продукты питания","ss":13000,"td":"Центр города","dc":2,"n":315.2,"vc":"14566","sl":"Элитный","sv":"1000","p":600.0,"q":5.37,"b":0.0,"ms":0.22,"wi":32.64,"ei":7.0,"as":262.0,"mi":"E","mv":448689,"sc":2,"lpe":99.67,"lpr":529.73,"lq":1.0,"d":1645160},{"pi":"3869","pc":"Продукты питания","ss":1000,"td":"Центр города","dc":2,"n":33.94,"vc":"601","sl":"Элитный","sv":"500","p":600.0,"q":14.62,"b":1.5,"ms":0.11,"wi":32.64,"ei":7.0,"as":262.0,"mi":"E","mv":448689,"sc":2,"lpe":99.67,"lpr":529.73,"lq":1.0,"d":1645160},{"pi":"3869","pc":"Продукты питания","ss":1000,"td":"Центр города","dc":2,"n":53.27,"vc":"540","sl":"Элитный","sv":"500","p":600.0,"q":14.62,"b":1.5,"ms":0.21,"wi":32.33,"ei":6.0,"as":270.0,"mi":"E","mv":241848,"sc":1,"lpe":99.79,"lpr":538.14,"lq":1.0,"d":886742},{"pi":"3869","pc":"Продукты питания","ss":1000,"td":"Центр города","dc":2,"n":58.06,"vc":"530","sl":"Элитный","sv":"500","p":600.0,"q":14.62,"b":1.5,"ms":0.24,"wi":32.1,"ei":6.0,"as":255.0,"mi":"E","mv":212299,"sc":1,"lpe":99.76,"lpr":523.87,"lq":1.0,"d":778400},{"pi":"3869","pc":"Продукты питания","ss":20000,"td":"Пригород","dc":3,"n":305.2,"vc":"6883","sl":"Элитный","sv":"5000","p":1300.0,"q":11.27,"b":0.61,"ms":1.23,"wi":54.41,"ei":7.0,"as":1000.0,"mi":"E","mv":407258,"sc":3,"lpe":98.08,"lpr":720.68,"lq":1.0,"d":1493247},{"pi":"3869","pc":"Продукты питания","ss":3000,"td":"Центр города","dc":2,"n":140.15,"vc":"1815","sl":"Элитный","sv":"2500","p":1050.0,"q":14.62,"b":0.8,"ms":0.61,"wi":54.41,"ei":7.0,"as":1000.0,"mi":"E","mv":407258,"sc":3,"lpe":98.08,"lpr":720.68,"lq":1.0,"d":1493247},{"pi":"3869","pc":"Продукты питания","ss":1000,"td":"Центр города","dc":1,"n":274.44,"vc":"2256","sl":"Очень высокий","sv":"300","p":900.0,"q":6.93,"b":0.0,"ms":0.07,"wi":54.41,"ei":7.0,"as":1000.0,"mi":"E","mv":407258,"sc":3,"lpe":98.08,"lpr":720.68,"lq":1.0,"d":1493247},{"pi":"3869","pc":"Продукты питания","ss":1000,"td":"Спальный район","dc":1,"n":321.03,"vc":"1060","sl":"Элитный","sv":"1000","p":900.0,"q":11.27,"b":0.27,"ms":1.98,"wi":37.43,"ei":6.0,"as":565.0,"mi":"E","mv":50545,"sc":2,"lpe":97.03,"lpr":591.73,"lq":1.0,"d":185300},{"pi":"3869","pc":"Продукты питания","ss":1000,"td":"Центр города","dc":2,"n":124.01,"vc":"465","sl":"Элитный","sv":"500","p":600.0,"q":14.62,"b":2.22,"ms":0.99,"wi":37.43,"ei":6.0,"as":565.0,"mi":"E","mv":50545,"sc":2,"lpe":97.03,"lpr":591.73,"lq":1.0,"d":185300},{"pi":"3869","pc":"Продукты питания","ss":1000,"td":"Центр города","dc":2,"n":102.28,"vc":"485","sl":"Элитный","sv":"500","p":600.0,"q":14.62,"b":2.22,"ms":0.62,"wi":34.42,"ei":7.0,"as":453.0,"mi":"E","mv":80675,"sc":2,"lpe":99.01,"lpr":540.16,"lq":1.0,"d":295778},{"pi":"3869","pc":"Продукты питания","ss":5000,"td":"Спальный район","dc":3,"n":288.3,"vc":"2721","sl":"Элитный","sv":"300","p":820.0,"q":11.27,"b":0.27,"ms":0.37,"wi":34.42,"ei":7.0,"as":453.0,"mi":"E","mv":80675,"sc":2,"lpe":99.01,"lpr":540.16,"lq":1.0,"d":295778},{"pi":"3869","pc":"Продукты питания","ss":20000,"td":"Пригород","dc":3,"n":284.45,"vc":"6581","sl":"Элитный","sv":"8000","p":1200.0,"q":11.27,"b":0.43,"ms":1.39,"wi":58.91,"ei":7.0,"as":1299.6,"mi":"E","mv":575865,"sc":5,"lpe":97.43,"lpr":808.43,"lq":1.0,"d":2111474},{"pi":"3869","pc":"Продукты питания","ss":6000,"td":"Центр города","dc":1,"n":139.05,"vc":"2846","sl":"Элитный","sv":"5000","p":650.0,"q":8.72,"b":0.0,"ms":0.87,"wi":58.91,"ei":7.0,"as":1299.6,"mi":"E","mv":575865,"sc":5,"lpe":97.43,"lpr":808.43,"lq":1.0,"d":2111474},{"pi":"3869","pc":"Продукты питания","ss":11500,"td":"Центр города","dc":1,"n":262.38,"vc":"9876","sl":"Элитный","sv":"1000","p":1300.0,"q":8.66,"b":0.0,"ms":0.17,"wi":58.91,"ei":7.0,"as":1299.6,"mi":"E","mv":575865,"sc":5,"lpe":97.43,"lpr":808.43,"lq":1.0,"d":2111474},{"pi":"3869","pc":"Продукты питания","ss":1000,"td":"Центр города","dc":2,"n":36.23,"vc":"665","sl":"Элитный","sv":"500","p":700.0,"q":14.62,"b":2.0,"ms":0.09,"wi":58.91,"ei":7.0,"as":1299.6,"mi":"E","mv":575865,"sc":5,"lpe":97.43,"lpr":808.43,"lq":1.0,"d":2111474},{"pi":"3869","pc":"Продукты питания","ss":1900,"td":"Центр города","dc":1,"n":113.66,"vc":"2094","sl":"Элитный","sv":"300","p":640.0,"q":6.93,"b":0.0,"ms":0.05,"wi":58.91,"ei":7.0,"as":1299.6,"mi":"E","mv":575865,"sc":5,"lpe":97.43,"lpr":808.43,"lq":1.0,"d":2111474},{"pi":"3869","pc":"Продукты питания","ss":100000,"td":"Центр города","dc":1,"n":346.38,"vc":"214370","sl":"Элитный","sv":"213276","p":1500.0,"q":8.65,"b":0.00534518651887695,"ms":8.49,"wi":79.78,"ei":9.46,"as":2502.0,"mi":"E","mv":2513003,"sc":18,"lpe":87.15,"lpr":947.04,"lq":1.44,"d":9185246},{"pi":"3869","pc":"Продукты питания","ss":100000,"td":"Центр города","dc":1,"n":403.16,"vc":"246700","sl":"Элитный","sv":"22006","p":1600.0,"q":11.83,"b":0.0,"ms":0.88,"wi":79.78,"ei":9.46,"as":2502.0,"mi":"E","mv":2513003,"sc":18,"lpe":87.15,"lpr":947.04,"lq":1.44,"d":9185246},{"pi":"3869","pc":"Продукты питания","ss":110000,"td":"Фешенебельный район","dc":1,"n":433.94,"vc":"80890","sl":"Элитный","sv":"16842","p":1800.0,"q":10.96,"b":0.0,"ms":0.67,"wi":79.78,"ei":9.46,"as":2502.0,"mi":"E","mv":2513003,"sc":18,"lpe":87.15,"lpr":947.04,"lq":1.44,"d":9185246},{"pi":"3869","pc":"Продукты питания","ss":5000,"td":"Центр города","dc":1,"n":228.43,"vc":"8024","sl":"Элитный","sv":"15050","p":1300.0,"q":6.7,"b":0.0,"ms":0.6,"wi":79.78,"ei":9.46,"as":2502.0,"mi":"E","mv":2513003,"sc":18,"lpe":87.15,"lpr":947.04,"lq":1.44,"d":9185246},{"pi":"3869","pc":"Продукты питания","ss":30000,"td":"Центр города","dc":2,"n":321.34,"vc":"48516","sl":"Элитный","sv":"15000","p":1400.0,"q":14.62,"b":0.8,"ms":0.6,"wi":79.78,"ei":9.46,"as":2502.0,"mi":"E","mv":2513003,"sc":18,"lpe":87.15,"lpr":947.04,"lq":1.44,"d":9185246},{"pi":"3869","pc":"Продукты питания","ss":100000,"td":"Центр города","dc":1,"n":339.34,"vc":"133556","sl":"Элитный","sv":"11348","p":2550.0,"q":16.8,"b":0.0,"ms":0.45,"wi":79.78,"ei":9.46,"as":2502.0,"mi":"E","mv":2513003,"sc":18,"lpe":87.15,"lpr":947.04,"lq":1.44,"d":9185246},{"pi":"3869","pc":"Продукты питания","ss":10000,"td":"Спальный район","dc":2,"n":183.48,"vc":"9543","sl":"Элитный","sv":"11038","p":1770.0,"q":11.23,"b":0.61,"ms":0.44,"wi":79.78,"ei":9.46,"as":2502.0,"mi":"E","mv":2513003,"sc":18,"lpe":87.15,"lpr":947.04,"lq":1.44,"d":9185246},{"pi":"3869","pc":"Продукты питания","ss":6000,"td":"Центр города","dc":1,"n":34.08,"vc":"2290","sl":"Элитный","sv":"5000","p":1500.0,"q":8.72,"b":0.0,"ms":0.2,"wi":79.78,"ei":9.46,"as":2502.0,"mi":"E","mv":2513003,"sc":18,"lpe":87.15,"lpr":947.04,"lq":1.44,"d":9185246},{"pi":"3869","pc":"Продукты питания","ss":30000,"td":"Центр города","dc":1,"n":296.63,"vc":"59158","sl":"Элитный","sv":"5000","p":1800.0,"q":18.45,"b":1.09,"ms":0.2,"wi":79.78,"ei":9.46,"as":2502.0,"mi":"E","mv":2513003,"sc":18,"lpe":87.15,"lpr":947.04,"lq":1.44,"d":9185246},{"pi":"3869","pc":"Продукты питания","ss":25000,"td":"Спальный район","dc":1,"n":476.87,"vc":"173158","sl":"Высокий","sv":"2490","p":1100.0,"q":7.91,"b":0.0,"ms":0.1,"wi":79.78,"ei":9.46,"as":2502.0,"mi":"E","mv":2513003,"sc":18,"lpe":87.15,"lpr":947.04,"lq":1.44,"d":9185246},{"pi":"3869","pc":"Продукты питания","ss":1000,"td":"Центр города","dc":2,"n":72.54,"vc":"490","sl":"Элитный","sv":"500","p":1050.0,"q":14.62,"b":1.96,"ms":0.37,"wi":49.5,"ei":5.0,"as":327.0,"mi":"E","mv":133853,"sc":1,"lpe":99.63,"lpr":703.16,"lq":1.0,"d":491286},{"pi":"3869","pc":"Продукты питания","ss":1000,"td":"Центр города","dc":2,"n":71.21,"vc":"542","sl":"Элитный","sv":"500","p":500.0,"q":14.62,"b":1.5,"ms":0.33,"wi":22.5,"ei":5.0,"as":260.0,"mi":"E","mv":149870,"sc":1,"lpe":99.67,"lpr":412.37,"lq":1.0,"d":670650},{"pi":"3869","pc":"Продукты питания","ss":10000,"td":"Центр города","dc":1,"n":401.56,"vc":"12772","sl":"Очень высокий","sv":"1000","p":1360.0,"q":11.27,"b":0.0,"ms":1.24,"wi":47.04,"ei":5.0,"as":323.0,"mi":"E","mv":80491,"sc":2,"lpe":98.14,"lpr":716.82,"lq":1.0,"d":294868},{"pi":"3869","pc":"Продукты питания","ss":1000,"td":"Центр города","dc":2,"n":94.54,"vc":"464","sl":"Элитный","sv":"500","p":1050.0,"q":14.62,"b":1.96,"ms":0.62,"wi":47.04,"ei":5.0,"as":323.0,"mi":"E","mv":80491,"sc":2,"lpe":98.14,"lpr":716.82,"lq":1.0,"d":294868},{"pi":"3869","pc":"Продукты питания","ss":1000,"td":"Центр города","dc":2,"n":84.76,"vc":"462","sl":"Элитный","sv":"500","p":850.0,"q":14.62,"b":1.5,"ms":0.54,"wi":46.02,"ei":4.0,"as":281.0,"mi":"E","mv":92947,"sc":1,"lpe":99.46,"lpr":711.01,"lq":1.0,"d":340772},{"pi":"3869","pc":"Продукты питания","ss":60000,"td":"Центр города","dc":1,"n":548.89,"vc":"233629","sl":"Элитный","sv":"19144","p":1467.0,"q":7.77,"b":1.06,"ms":12.2,"wi":50.1,"ei":6.0,"as":383.0,"mi":"E","mv":156936,"sc":2,"lpe":87.48,"lpr":583.77,"lq":1.36,"d":575400},{"pi":"3869","pc":"Продукты питания","ss":1000,"td":"Центр города","dc":2,"n":66.17,"vc":"499","sl":"Элитный","sv":"500","p":1000.0,"q":14.62,"b":1.96,"ms":0.32,"wi":50.1,"ei":6.0,"as":383.0,"mi":"E","mv":156936,"sc":2,"lpe":87.48,"lpr":583.77,"lq":1.36,"d":575400},{"pi":"3869","pc":"Продукты питания","ss":10000,"td":"Спальный район","dc":1,"n":383.08,"vc":"9618","sl":"Элитный","sv":"800","p":930.0,"q":11.27,"b":0.0,"ms":0.67,"wi":32.34,"ei":7.0,"as":266.4,"mi":"E","mv":120245,"sc":2,"lpe":98.92,"lpr":524.04,"lq":1.0,"d":440866},{"pi":"3869","pc":"Продукты питания","ss":1000,"td":"Центр города","dc":2,"n":81.26,"vc":"495","sl":"Элитный","sv":"500","p":600.0,"q":14.62,"b":1.5,"ms":0.42,"wi":32.34,"ei":7.0,"as":266.4,"mi":"E","mv":120245,"sc":2,"lpe":98.92,"lpr":524.04,"lq":1.0,"d":440866},{"pi":"3869","pc":"Продукты питания","ss":1000,"td":"Центр города","dc":2,"n":115.91,"vc":"468","sl":"Элитный","sv":"500","p":550.0,"q":14.62,"b":1.73,"ms":0.85,"wi":35.0,"ei":6.8,"as":480.2,"mi":"E","mv":58605,"sc":1,"lpe":99.15,"lpr":499.9,"lq":1.0,"d":214852},{"pi":"3869","pc":"Продукты питания","ss":1000,"td":"Центр города","dc":2,"n":47.98,"vc":"553","sl":"Элитный","sv":"500","p":600.0,"q":14.62,"b":1.5,"ms":0.18,"wi":35.7,"ei":7.54,"as":409.0,"mi":"E","mv":281559,"sc":2,"lpe":99.79,"lpr":536.62,"lq":1.0,"d":1032351},{"pi":"3869","pc":"Продукты питания","ss":2000,"td":"Спальный район","dc":3,"n":223.65,"vc":"1639","sl":"Очень высокий","sv":"100","p":780.0,"q":11.27,"b":0.52,"ms":0.04,"wi":35.7,"ei":7.54,"as":409.0,"mi":"E","mv":281559,"sc":2,"lpe":99.79,"lpr":536.62,"lq":1.0,"d":1032351},{"pi":"3869","pc":"Продукты питания","ss":1000,"td":"Центр города","dc":2,"n":70.48,"vc":"493","sl":"Элитный","sv":"500","p":1050.0,"q":14.62,"b":1.96,"ms":0.35,"wi":53.9,"ei":6.0,"as":346.0,"mi":"E","mv":140929,"sc":2,"lpe":99.43,"lpr":710.73,"lq":1.0,"d":516707},{"pi":"3869","pc":"Продукты питания","ss":2000,"td":"Центр города","dc":1,"n":327.32,"vc":"3240","sl":"Элитный","sv":"300","p":1000.0,"q":6.93,"b":0.0,"ms":0.21,"wi":53.9,"ei":6.0,"as":346.0,"mi":"E","mv":140929,"sc":2,"lpe":99.43,"lpr":710.73,"lq":1.0,"d":516707},{"pi":"3869","pc":"Продукты питания","ss":1000,"td":"Центр города","dc":2,"n":83.08,"vc":"463","sl":"Элитный","sv":"500","p":900.0,"q":14.62,"b":1.5,"ms":0.52,"wi":45.64,"ei":5.0,"as":287.0,"mi":"E","mv":96516,"sc":1,"lpe":99.48,"lpr":701.68,"lq":1.0,"d":353860},{"pi":"3869","pc":"Продукты питания","ss":10000,"td":"Пригород","dc":2,"n":357.56,"vc":"4875","sl":"Элитный","sv":"1000","p":900.0,"q":11.27,"b":2.4,"ms":0.59,"wi":42.55,"ei":6.0,"as":928.15,"mi":"E","mv":169075,"sc":2,"lpe":99.11,"lpr":591.83,"lq":1.0,"d":653500},{"pi":"3869","pc":"Продукты питания","ss":1000,"td":"Центр города","dc":2,"n":81.65,"vc":"570","sl":"Элитный","sv":"500","p":500.0,"q":14.62,"b":2.62,"ms":0.3,"wi":42.55,"ei":6.0,"as":928.15,"mi":"E","mv":169075,"sc":2,"lpe":99.11,"lpr":591.83,"lq":1.0,"d":653500},{"pi":"3869","pc":"Продукты питания","ss":1000,"td":"Центр города","dc":2,"n":65.22,"vc":"552","sl":"Элитный","sv":"500","p":500.0,"q":14.62,"b":1.5,"ms":0.32,"wi":26.64,"ei":7.76,"as":406.0,"mi":"E","mv":155681,"sc":1,"lpe":99.68,"lpr":470.11,"lq":1.0,"d":776374},{"pi":"3869","pc":"Продукты питания","ss":1000,"td":"Центр города","dc":1,"n":139.29,"vc":"899","sl":"Элитный","sv":"8748","p":800.0,"q":5.66,"b":0.0,"ms":3.38,"wi":46.65,"ei":6.8,"as":509.6,"mi":"E","mv":259045,"sc":5,"lpe":95.19,"lpr":561.45,"lq":1.0,"d":949800},{"pi":"3869","pc":"Продукты питания","ss":1000,"td":"Центр города","dc":1,"n":260.47,"vc":"1780","sl":"Очень высокий","sv":"2642","p":680.0,"q":2.43,"b":0.0,"ms":1.02,"wi":46.65,"ei":6.8,"as":509.6,"mi":"E","mv":259045,"sc":5,"lpe":95.19,"lpr":561.45,"lq":1.0,"d":949800},{"pi":"3869","pc":"Продукты питания","ss":1000,"td":"Центр города","dc":2,"n":18.16,"vc":"454","sl":"Элитный","sv":"529","p":950.0,"q":6.36,"b":0.0,"ms":0.2,"wi":46.65,"ei":6.8,"as":509.6,"mi":"E","mv":259045,"sc":5,"lpe":95.19,"lpr":561.45,"lq":1.0,"d":949800},{"pi":"3869","pc":"Продукты питания","ss":1000,"td":"Центр города","dc":2,"n":46.03,"vc":"531","sl":"Элитный","sv":"500","p":800.0,"q":14.62,"b":1.73,"ms":0.19,"wi":46.65,"ei":6.8,"as":509.6,"mi":"E","mv":259045,"sc":5,"lpe":95.19,"lpr":561.45,"lq":1.0,"d":949800},{"pi":"3869","pc":"Продукты питания","ss":1000,"td":"Спальный район","dc":2,"n":62.74,"vc":"438","sl":"Нормальный","sv":"29","p":340.01,"q":1.0,"b":1.01,"ms":0.01,"wi":46.65,"ei":6.8,"as":509.6,"mi":"E","mv":259045,"sc":5,"lpe":95.19,"lpr":561.45,"lq":1.0,"d":949800},{"pi":"3869","pc":"Продукты питания","ss":1000,"td":"Центр города","dc":2,"n":88.5,"vc":"470","sl":"Элитный","sv":"500","p":1030.0,"q":14.62,"b":1.96,"ms":0.54,"wi":51.09,"ei":5.0,"as":375.0,"mi":"E","mv":92154,"sc":1,"lpe":99.46,"lpr":716.29,"lq":1.0,"d":337866},{"pi":"3869","pc":"Продукты питания","ss":1000,"td":"Центр города","dc":2,"n":65.3,"vc":"501","sl":"Элитный","sv":"500","p":1050.0,"q":14.62,"b":1.96,"ms":0.31,"wi":54.84,"ei":5.0,"as":319.18,"mi":"E","mv":160454,"sc":1,"lpe":99.69,"lpr":710.07,"lq":1.0,"d":588300},{"pi":"3869","pc":"Продукты питания","ss":21000,"td":"Центр города","dc":2,"n":340.94,"vc":"28316","sl":"Высокий","sv":"10000","p":800.0,"q":5.37,"b":0.0,"ms":1.47,"wi":47.49,"ei":5.0,"as":354.0,"mi":"E","mv":678572,"sc":2,"lpe":98.45,"lpr":712.42,"lq":1.0,"d":2488066},{"pi":"3869","pc":"Продукты питания","ss":1000,"td":"Центр города","dc":2,"n":20.78,"vc":"645","sl":"Элитный","sv":"500","p":800.0,"q":14.62,"b":1.5,"ms":0.07,"wi":47.49,"ei":5.0,"as":354.0,"mi":"E","mv":678572,"sc":2,"lpe":98.45,"lpr":712.42,"lq":1.0,"d":2488066},{"pi":"3869","pc":"Продукты питания","ss":1000,"td":"Центр города","dc":2,"n":47.32,"vc":"538","sl":"Элитный","sv":"500","p":1100.0,"q":14.62,"b":1.96,"ms":0.19,"wi":49.72,"ei":7.0,"as":374.0,"mi":"E","mv":258694,"sc":3,"lpe":99.69,"lpr":710.99,"lq":1.0,"d":966800},{"pi":"3869","pc":"Продукты питания","ss":2000,"td":"Центр города","dc":1,"n":287.54,"vc":"3161","sl":"Элитный","sv":"300","p":1050.0,"q":6.93,"b":0.0,"ms":0.12,"wi":49.72,"ei":7.0,"as":374.0,"mi":"E","mv":258694,"sc":3,"lpe":99.69,"lpr":710.99,"lq":1.0,"d":966800},{"pi":"3869","pc":"Продукты питания","ss":500,"td":"Спальный район","dc":3,"n":75.09,"vc":"339","sl":"Очень высокий","sv":"14","p":199.0,"q":2.16,"b":0.0,"ms":0.01,"wi":49.72,"ei":7.0,"as":374.0,"mi":"E","mv":258694,"sc":3,"lpe":99.69,"lpr":710.99,"lq":1.0,"d":966800},{"pi":"3869","pc":"Продукты питания","ss":1000,"td":"Центр города","dc":2,"n":83.22,"vc":"515","sl":"Элитный","sv":"500","p":1500.0,"q":14.62,"b":1.96,"ms":0.38,"wi":65.6,"ei":7.0,"as":380.0,"mi":"E","mv":130001,"sc":2,"lpe":99.38,"lpr":1024.89,"lq":1.0,"d":476640},{"pi":"3869","pc":"Продукты питания","ss":2000,"td":"Центр города","dc":1,"n":332.47,"vc":"3251","sl":"Элитный","sv":"300","p":1000.0,"q":6.93,"b":0.0,"ms":0.23,"wi":65.6,"ei":7.0,"as":380.0,"mi":"E","mv":130001,"sc":2,"lpe":99.38,"lpr":1024.89,"lq":1.0,"d":476640},{"pi":"3869","pc":"Продукты питания","ss":20000,"td":"Центр города","dc":1,"n":371.6,"vc":"29893","sl":"Элитный","sv":"22249","p":1200.0,"q":5.37,"b":0.0,"ms":5.15,"wi":63.08,"ei":7.98,"as":479.0,"mi":"E","mv":432228,"sc":5,"lpe":94.48,"lpr":1003.33,"lq":1.0,"d":1584151},{"pi":"3869","pc":"Продукты питания","ss":120000,"td":"Центр города","dc":1,"n":409.23,"vc":"246288","sl":"Элитный","sv":"800","p":1600.0,"q":6.74,"b":0.0,"ms":0.19,"wi":63.08,"ei":7.98,"as":479.0,"mi":"E","mv":432228,"sc":5,"lpe":94.48,"lpr":1003.33,"lq":1.0,"d":1584151},{"pi":"3869","pc":"Продукты питания","ss":1000,"td":"Центр города","dc":2,"n":38.94,"vc":"611","sl":"Элитный","sv":"500","p":1500.0,"q":14.62,"b":1.96,"ms":0.12,"wi":63.08,"ei":7.98,"as":479.0,"mi":"E","mv":432228,"sc":5,"lpe":94.48,"lpr":1003.33,"lq":1.0,"d":1584151},{"pi":"3869","pc":"Продукты питания","ss":2000,"td":"Центр города","dc":1,"n":257.16,"vc":"3118","sl":"Элитный","sv":"300","p":1100.0,"q":6.93,"b":0.0,"ms":0.07,"wi":63.08,"ei":7.98,"as":479.0,"mi":"E","mv":432228,"sc":5,"lpe":94.48,"lpr":1003.33,"lq":1.0,"d":1584151},{"pi":"3869","pc":"Продукты питания","ss":500,"td":"Спальный район","dc":3,"n":65.78,"vc":"385","sl":"Высокий","sv":"11","p":245.0,"q":2.16,"b":0.0,"ms":0.0,"wi":63.08,"ei":7.98,"as":479.0,"mi":"E","mv":432228,"sc":5,"lpe":94.48,"lpr":1003.33,"lq":1.0,"d":1584151},{"pi":"3869","pc":"Продукты питания","ss":1000,"td":"Центр города","dc":2,"n":43.36,"vc":"550","sl":"Элитный","sv":"500","p":1050.0,"q":14.62,"b":1.96,"ms":0.17,"wi":53.01,"ei":5.0,"as":324.0,"mi":"E","mv":297711,"sc":3,"lpe":99.73,"lpr":722.76,"lq":1.0,"d":1093944},{"pi":"3869","pc":"Продукты питания","ss":2000,"td":"Центр города","dc":1,"n":280.15,"vc":"3154","sl":"Элитный","sv":"300","p":950.0,"q":6.93,"b":0.0,"ms":0.1,"wi":53.01,"ei":5.0,"as":324.0,"mi":"E","mv":297711,"sc":3,"lpe":99.73,"lpr":722.76,"lq":1.0,"d":1093944},{"pi":"3869","pc":"Продукты питания","ss":500,"td":"Спальный район","dc":3,"n":73.48,"vc":"352","sl":"Низкий","sv":"11","p":165.0,"q":2.22,"b":0.0,"ms":0.0,"wi":53.01,"ei":5.0,"as":324.0,"mi":"E","mv":297711,"sc":3,"lpe":99.73,"lpr":722.76,"lq":1.0,"d":1093944},{"pi":"3869","pc":"Продукты питания","ss":1000,"td":"Центр города","dc":2,"n":78.59,"vc":"513","sl":"Элитный","sv":"500","p":760.0,"q":14.62,"b":1.08,"ms":0.36,"wi":33.14,"ei":7.0,"as":313.64,"mi":"E","mv":139099,"sc":1,"lpe":99.64,"lpr":565.68,"lq":1.0,"d":510000},{"pi":"3869","pc":"Продукты питания","ss":1000,"td":"Центр города","dc":2,"n":80.0,"vc":"512","sl":"Элитный","sv":"500","p":720.0,"q":14.62,"b":1.08,"ms":0.37,"wi":34.32,"ei":7.0,"as":315.0,"mi":"E","mv":134565,"sc":1,"lpe":99.63,"lpr":565.66,"lq":1.0,"d":493374},{"pi":"3869","pc":"Продукты питания","ss":1000,"td":"Центр города","dc":2,"n":36.36,"vc":"651","sl":"Элитный","sv":"300","p":130.0,"q":14.62,"b":0.73,"ms":0.28,"wi":9.95,"ei":6.11,"as":298.4,"mi":"E","mv":105539,"sc":1,"lpe":99.72,"lpr":200.21,"lq":1.0,"d":1985358},{"pi":"3869","pc":"Продукты питания","ss":1000,"td":"Центр города","dc":2,"n":17.53,"vc":"751","sl":"Элитный","sv":"500","p":770.0,"q":14.62,"b":1.08,"ms":0.05,"wi":38.04,"ei":8.74,"as":423.0,"mi":"E","mv":1103374,"sc":2,"lpe":99.93,"lpr":570.63,"lq":1.0,"d":4045672},{"pi":"3869","pc":"Продукты питания","ss":100000,"td":"Центр города","dc":1,"n":461.36,"vc":"324040","sl":"Элитный","sv":"300","p":1400.0,"q":6.93,"b":0.0,"ms":0.03,"wi":38.04,"ei":8.74,"as":423.0,"mi":"E","mv":1103374,"sc":2,"lpe":99.93,"lpr":570.63,"lq":1.0,"d":4045672},{"pi":"3869","pc":"Продукты питания","ss":1000,"td":"Центр города","dc":2,"n":21.76,"vc":"757","sl":"Элитный","sv":"300","p":160.0,"q":14.62,"b":0.73,"ms":0.06,"wi":21.17,"ei":13.76,"as":546.2,"mi":"E","mv":521318,"sc":1,"lpe":99.94,"lpr":301.35,"lq":1.0,"d":3859930},{"pi":"3869","pc":"Продукты питания","ss":1000,"td":"Центр города","dc":2,"n":53.72,"vc":"590","sl":"Элитный","sv":"300","p":180.0,"q":14.62,"b":0.73,"ms":0.6,"wi":7.9,"ei":13.97,"as":214.3,"mi":"E","mv":49960,"sc":1,"lpe":99.4,"lpr":233.04,"lq":1.0,"d":1706561},{"pi":"3869","pc":"Продукты питания","ss":1000,"td":"Центр города","dc":2,"n":57.95,"vc":"574","sl":"Элитный","sv":"300","p":150.0,"q":14.62,"b":0.73,"ms":0.61,"wi":8.51,"ei":7.44,"as":172.0,"mi":"E","mv":49131,"sc":1,"lpe":99.39,"lpr":204.95,"lq":1.0,"d":1020655},{"pi":"3869","pc":"Продукты питания","ss":1000,"td":"Центр города","dc":2,"n":83.7,"vc":"520","sl":"Элитный","sv":"300","p":150.0,"q":14.62,"b":0.73,"ms":1.48,"wi":10.1,"ei":5.8,"as":303.72,"mi":"E","mv":20235,"sc":1,"lpe":98.52,"lpr":250.01,"lq":1.0,"d":486056},{"pi":"3869","pc":"Продукты питания","ss":20000,"td":"Спальный район","dc":3,"n":360.27,"vc":"14794","sl":"Элитный","sv":"1000","p":920.0,"q":11.27,"b":0.61,"ms":0.59,"wi":46.15,"ei":7.0,"as":995.0,"mi":"E","mv":170694,"sc":3,"lpe":98.77,"lpr":596.6,"lq":1.0,"d":625846},{"pi":"3869","pc":"Продукты питания","ss":1000,"td":"Центр города","dc":1,"n":330.9,"vc":"2288","sl":"Очень высокий","sv":"600","p":850.0,"q":6.94,"b":0.0,"ms":0.35,"wi":46.15,"ei":7.0,"as":995.0,"mi":"E","mv":170694,"sc":3,"lpe":98.77,"lpr":596.6,"lq":1.0,"d":625846},{"pi":"3869","pc":"Продукты питания","ss":2000,"td":"Центр города","dc":2,"n":228.58,"vc":"1891","sl":"Элитный","sv":"500","p":550.0,"q":14.62,"b":0.8,"ms":0.29,"wi":46.15,"ei":7.0,"as":995.0,"mi":"E","mv":170694,"sc":3,"lpe":98.77,"lpr":596.6,"lq":1.0,"d":625846},{"pi":"3869","pc":"Продукты питания","ss":1000,"td":"Центр города","dc":2,"n":135.81,"vc":"471","sl":"Элитный","sv":"500","p":550.0,"q":14.62,"b":1.98,"ms":1.15,"wi":36.32,"ei":6.6,"as":519.4,"mi":"E","mv":43414,"sc":2,"lpe":98.62,"lpr":546.86,"lq":1.0,"d":158500},{"pi":"3869","pc":"Продукты питания","ss":600,"td":"Спальный район","dc":1,"n":103.95,"vc":"230","sl":"Элитный","sv":"100","p":799.0,"q":6.93,"b":0.0,"ms":0.23,"wi":36.32,"ei":6.6,"as":519.4,"mi":"E","mv":43414,"sc":2,"lpe":98.62,"lpr":546.86,"lq":1.0,"d":158500},{"pi":"3869","pc":"Продукты питания","ss":10000,"td":"Спальный район","dc":2,"n":333.32,"vc":"8723","sl":"Элитный","sv":"500","p":900.0,"q":11.27,"b":0.0,"ms":0.33,"wi":31.97,"ei":7.75,"as":352.1,"mi":"E","mv":152313,"sc":1,"lpe":99.67,"lpr":525.64,"lq":1.0,"d":954316},{"pi":"3869","pc":"Продукты питания","ss":1000,"td":"Центр города","dc":2,"n":106.83,"vc":"508","sl":"Элитный","sv":"500","p":500.0,"q":14.62,"b":1.98,"ms":0.58,"wi":33.68,"ei":6.7,"as":470.4,"mi":"E","mv":85814,"sc":2,"lpe":99.07,"lpr":498.82,"lq":1.0,"d":314620},{"pi":"3869","pc":"Продукты питания","ss":1000,"td":"Центр города","dc":1,"n":378.76,"vc":"3534","sl":"Высокий","sv":"300","p":472.0,"q":6.93,"b":0.0,"ms":0.35,"wi":33.68,"ei":6.7,"as":470.4,"mi":"E","mv":85814,"sc":2,"lpe":99.07,"lpr":498.82,"lq":1.0,"d":314620},{"pi":"3869","pc":"Продукты питания","ss":1000,"td":"Центр города","dc":1,"n":305.83,"vc":"1915","sl":"Очень высокий","sv":"2738","p":630.0,"q":2.43,"b":0.0,"ms":1.8,"wi":47.7,"ei":6.9,"as":499.8,"mi":"E","mv":151951,"sc":2,"lpe":97.87,"lpr":554.74,"lq":1.0,"d":564000},{"pi":"3869","pc":"Продукты питания","ss":1000,"td":"Центр города","dc":2,"n":76.54,"vc":"526","sl":"Элитный","sv":"500","p":550.0,"q":14.62,"b":1.98,"ms":0.33,"wi":47.7,"ei":6.9,"as":499.8,"mi":"E","mv":151951,"sc":2,"lpe":97.87,"lpr":554.74,"lq":1.0,"d":564000},{"pi":"3869","pc":"Продукты питания","ss":1000,"td":"Центр города","dc":2,"n":156.96,"vc":"436","sl":"Элитный","sv":"500","p":550.0,"q":14.62,"b":1.73,"ms":2.05,"wi":33.22,"ei":6.1,"as":450.8,"mi":"E","mv":24449,"sc":2,"lpe":96.32,"lpr":484.74,"lq":1.0,"d":90601},{"pi":"3869","pc":"Продукты питания","ss":800,"td":"Центр города","dc":2,"n":191.8,"vc":"470","sl":"Элитный","sv":"400","p":750.0,"q":6.93,"b":0.0,"ms":1.64,"wi":33.22,"ei":6.1,"as":450.8,"mi":"E","mv":24449,"sc":2,"lpe":96.32,"lpr":484.74,"lq":1.0,"d":90601},{"pi":"3869","pc":"Продукты питания","ss":1000,"td":"Центр города","dc":2,"n":89.91,"vc":"496","sl":"Элитный","sv":"500","p":310.0,"q":14.62,"b":0.88,"ms":2.85,"wi":10.62,"ei":6.43,"as":359.86,"mi":"E","mv":17530,"sc":1,"lpe":97.15,"lpr":246.2,"lq":1.0,"d":404606},{"pi":"3869","pc":"Продукты питания","ss":10000,"td":"Спальный район","dc":1,"n":350.1,"vc":"8998","sl":"Элитный","sv":"1000","p":920.0,"q":11.27,"b":1.69,"ms":0.5,"wi":45.57,"ei":7.0,"as":796.1,"mi":"E","mv":199531,"sc":2,"lpe":99.25,"lpr":591.71,"lq":1.0,"d":731582},{"pi":"3869","pc":"Продукты питания","ss":1000,"td":"Центр города","dc":2,"n":70.03,"vc":"555","sl":"Элитный","sv":"500","p":500.0,"q":14.62,"b":2.12,"ms":0.25,"wi":45.57,"ei":7.0,"as":796.1,"mi":"E","mv":199531,"sc":2,"lpe":99.25,"lpr":591.71,"lq":1.0,"d":731582},{"pi":"3869","pc":"Продукты питания","ss":10000,"td":"Спальный район","dc":2,"n":344.13,"vc":"8894","sl":"Элитный","sv":"1000","p":920.0,"q":11.27,"b":1.69,"ms":0.46,"wi":43.84,"ei":6.0,"as":749.98,"mi":"E","mv":218940,"sc":2,"lpe":99.31,"lpr":592.66,"lq":1.0,"d":802750},{"pi":"3869","pc":"Продукты питания","ss":1000,"td":"Центр города","dc":2,"n":66.49,"vc":"562","sl":"Элитный","sv":"500","p":500.0,"q":14.62,"b":2.12,"ms":0.23,"wi":43.84,"ei":6.0,"as":749.98,"mi":"E","mv":218940,"sc":2,"lpe":99.31,"lpr":592.66,"lq":1.0,"d":802750},{"pi":"3869","pc":"Продукты питания","ss":1000,"td":"Центр города","dc":2,"n":160.32,"vc":"474","sl":"Элитный","sv":"500","p":330.0,"q":14.62,"b":1.98,"ms":2.47,"wi":26.96,"ei":6.2,"as":470.4,"mi":"E","mv":20221,"sc":1,"lpe":97.53,"lpr":499.13,"lq":1.0,"d":108492},{"pi":"3869","pc":"Продукты питания","ss":5000,"td":"Спальный район","dc":3,"n":332.82,"vc":"2908","sl":"Элитный","sv":"1000","p":1200.0,"q":11.27,"b":0.27,"ms":2.44,"wi":46.77,"ei":6.0,"as":410.0,"mi":"E","mv":40918,"sc":2,"lpe":96.33,"lpr":695.28,"lq":1.0,"d":150000},{"pi":"3869","pc":"Продукты питания","ss":1000,"td":"Центр города","dc":2,"n":125.37,"vc":"436","sl":"Элитный","sv":"500","p":850.0,"q":14.62,"b":2.22,"ms":1.22,"wi":46.77,"ei":6.0,"as":410.0,"mi":"E","mv":40918,"sc":2,"lpe":96.33,"lpr":695.28,"lq":1.0,"d":150000},{"pi":"3869","pc":"Продукты питания","ss":1000,"td":"Центр города","dc":2,"n":142.28,"vc":"462","sl":"Элитный","sv":"500","p":430.0,"q":14.62,"b":1.98,"ms":1.36,"wi":34.99,"ei":6.3,"as":490.0,"mi":"E","mv":36865,"sc":2,"lpe":98.1,"lpr":518.83,"lq":1.0,"d":135140},{"pi":"3869","pc":"Продукты питания","ss":1000,"td":"Центр города","dc":3,"n":343.09,"vc":"1433","sl":"Высокий","sv":"200","p":880.0,"q":11.27,"b":0.0,"ms":0.54,"wi":34.99,"ei":6.3,"as":490.0,"mi":"E","mv":36865,"sc":2,"lpe":98.1,"lpr":518.83,"lq":1.0,"d":135140},{"pi":"3869","pc":"Продукты питания","ss":1000,"td":"Центр города","dc":2,"n":118.14,"vc":"470","sl":"Элитный","sv":"500","p":600.0,"q":14.62,"b":2.19,"ms":0.87,"wi":36.09,"ei":5.0,"as":498.0,"mi":"E","mv":57281,"sc":2,"lpe":98.25,"lpr":578.8,"lq":1.0,"d":210000},{"pi":"3869","pc":"Продукты питания","ss":1000,"td":"Пригород","dc":3,"n":290.75,"vc":"498","sl":"Элитный","sv":"500","p":930.0,"q":11.27,"b":0.61,"ms":0.87,"wi":36.09,"ei":5.0,"as":498.0,"mi":"E","mv":57281,"sc":2,"lpe":98.25,"lpr":578.8,"lq":1.0,"d":210000},{"pi":"3869","pc":"Продукты питания","ss":1000,"td":"Центр города","dc":2,"n":120.42,"vc":"468","sl":"Элитный","sv":"500","p":600.0,"q":14.62,"b":2.19,"ms":0.92,"wi":33.56,"ei":5.0,"as":385.0,"mi":"E","mv":54554,"sc":2,"lpe":98.35,"lpr":524.8,"lq":1.0,"d":200000},{"pi":"3869","pc":"Продукты питания","ss":1000,"td":"Спальный район","dc":1,"n":318.41,"vc":"1073","sl":"Элитный","sv":"400","p":900.0,"q":11.27,"b":0.61,"ms":0.73,"wi":33.56,"ei":5.0,"as":385.0,"mi":"E","mv":54554,"sc":2,"lpe":98.35,"lpr":524.8,"lq":1.0,"d":200000},{"pi":"3869","pc":"Продукты питания","ss":1000,"td":"Центр города","dc":2,"n":156.19,"vc":"478","sl":"Элитный","sv":"500","p":300.0,"q":14.62,"b":1.98,"ms":2.32,"wi":27.64,"ei":6.3,"as":485.1,"mi":"E","mv":21509,"sc":1,"lpe":97.68,"lpr":509.71,"lq":1.0,"d":118827},{"pi":"3869","pc":"Продукты питания","ss":1000,"td":"Центр города","dc":2,"n":151.98,"vc":"481","sl":"Элитный","sv":"500","p":330.0,"q":14.62,"b":1.98,"ms":2.06,"wi":26.72,"ei":6.2,"as":460.6,"mi":"E","mv":24318,"sc":1,"lpe":97.94,"lpr":493.11,"lq":1.0,"d":129476},{"pi":"3869","pc":"Продукты питания","ss":1000,"td":"Центр города","dc":2,"n":141.68,"vc":"464","sl":"Элитный","sv":"500","p":500.0,"q":14.62,"b":1.98,"ms":1.33,"wi":34.95,"ei":6.4,"as":480.0,"mi":"E","mv":37594,"sc":1,"lpe":98.67,"lpr":508.68,"lq":1.0,"d":137814},{"pi":"3869","pc":"Продукты питания","ss":10000,"td":"Центр города","dc":1,"n":253.3,"vc":"4680","sl":"Элитный","sv":"5000","p":610.0,"q":8.72,"b":0.0,"ms":4.77,"wi":61.17,"ei":7.54,"as":1230.25,"mi":"E","mv":104740,"sc":4,"lpe":92.55,"lpr":706.54,"lq":1.0,"d":384017},{"pi":"3869","pc":"Продукты питания","ss":10000,"td":"Центр города","dc":3,"n":392.37,"vc":"13089","sl":"Очень высокий","sv":"2000","p":1230.0,"q":11.27,"b":2.99,"ms":1.91,"wi":61.17,"ei":7.54,"as":1230.25,"mi":"E","mv":104740,"sc":4,"lpe":92.55,"lpr":706.54,"lq":1.0,"d":384017},{"pi":"3869","pc":"Продукты питания","ss":1000,"td":"Центр города","dc":2,"n":97.59,"vc":"517","sl":"Элитный","sv":"500","p":700.0,"q":14.62,"b":3.23,"ms":0.48,"wi":61.17,"ei":7.54,"as":1230.25,"mi":"E","mv":104740,"sc":4,"lpe":92.55,"lpr":706.54,"lq":1.0,"d":384017},{"pi":"3869","pc":"Продукты питания","ss":1600,"td":"Фешенебельный район","dc":1,"n":509.17,"vc":"1694","sl":"Элитный","sv":"300","p":690.0,"q":6.93,"b":0.0,"ms":0.29,"wi":61.17,"ei":7.54,"as":1230.25,"mi":"E","mv":104740,"sc":4,"lpe":92.55,"lpr":706.54,"lq":1.0,"d":384017},{"pi":"3869","pc":"Продукты питания","ss":10000,"td":"Центр города","dc":2,"n":352.11,"vc":"6460","sl":"Элитный","sv":"500","p":900.0,"q":11.27,"b":2.99,"ms":1.53,"wi":39.43,"ei":7.0,"as":1040.0,"mi":"E","mv":32613,"sc":2,"lpe":96.93,"lpr":337.51,"lq":1.0,"d":137749},{"pi":"3869","pc":"Продукты питания","ss":1000,"td":"Центр города","dc":2,"n":155.3,"vc":"476","sl":"Элитный","sv":"500","p":500.0,"q":14.62,"b":3.23,"ms":1.53,"wi":39.43,"ei":7.0,"as":1040.0,"mi":"E","mv":32613,"sc":2,"lpe":96.93,"lpr":337.51,"lq":1.0,"d":137749},{"pi":"3869","pc":"Продукты питания","ss":300,"td":"Спальный район","dc":1,"n":173.56,"vc":"339","sl":"Очень высокий","sv":"662","p":550.0,"q":2.33,"b":0.0,"ms":1.42,"wi":23.61,"ei":8.41,"as":495.02,"mi":"E","mv":46739,"sc":3,"lpe":97.09,"lpr":547.23,"lq":1.0,"d":553707},{"pi":"3869","pc":"Продукты питания","ss":1000,"td":"Центр города","dc":2,"n":68.22,"vc":"498","sl":"Элитный","sv":"500","p":690.0,"q":14.62,"b":0.88,"ms":1.07,"wi":23.61,"ei":8.41,"as":495.02,"mi":"E","mv":46739,"sc":3,"lpe":97.09,"lpr":547.23,"lq":1.0,"d":553707},{"pi":"3869","pc":"Продукты питания","ss":20000,"td":"Центр города","dc":2,"n":368.01,"vc":"20105","sl":"Элитный","sv":"200","p":750.0,"q":11.27,"b":0.0,"ms":0.43,"wi":23.61,"ei":8.41,"as":495.02,"mi":"E","mv":46739,"sc":3,"lpe":97.09,"lpr":547.23,"lq":1.0,"d":553707},{"pi":"3869","pc":"Продукты питания","ss":1000,"td":"Центр города","dc":2,"n":66.34,"vc":"502","sl":"Элитный","sv":"500","p":640.0,"q":14.62,"b":0.88,"ms":0.91,"wi":22.02,"ei":4.69,"as":413.07,"mi":"E","mv":54661,"sc":1,"lpe":99.09,"lpr":500.28,"lq":1.0,"d":582047},{"pi":"3869","pc":"Продукты питания","ss":10000,"td":"Пригород","dc":3,"n":195.02,"vc":"2097","sl":"Элитный","sv":"5000","p":1700.0,"q":11.27,"b":1.69,"ms":1.01,"wi":65.52,"ei":7.0,"as":1059.0,"mi":"E","mv":496211,"sc":4,"lpe":97.11,"lpr":1025.07,"lq":1.0,"d":1819400},{"pi":"3869","pc":"Продукты питания","ss":5000,"td":"Центр города","dc":2,"n":194.51,"vc":"3611","sl":"Элитный","sv":"5000","p":1200.0,"q":6.7,"b":0.0,"ms":1.01,"wi":65.52,"ei":7.0,"as":1059.0,"mi":"E","mv":496211,"sc":4,"lpe":97.11,"lpr":1025.07,"lq":1.0,"d":1819400},{"pi":"3869","pc":"Продукты питания","ss":100000,"td":"Центр города","dc":1,"n":418.65,"vc":"243706","sl":"Элитный","sv":"3865","p":1250.0,"q":18.45,"b":0.0,"ms":0.78,"wi":65.52,"ei":7.0,"as":1059.0,"mi":"E","mv":496211,"sc":4,"lpe":97.11,"lpr":1025.07,"lq":1.0,"d":1819400},{"pi":"3869","pc":"Продукты питания","ss":1000,"td":"Центр города","dc":2,"n":40.38,"vc":"646","sl":"Элитный","sv":"500","p":600.0,"q":14.62,"b":2.12,"ms":0.1,"wi":65.52,"ei":7.0,"as":1059.0,"mi":"E","mv":496211,"sc":4,"lpe":97.11,"lpr":1025.07,"lq":1.0,"d":1819400},{"pi":"3869","pc":"Продукты питания","ss":1000,"td":"Центр города","dc":2,"n":178.83,"vc":"453","sl":"Элитный","sv":"500","p":400.0,"q":14.62,"b":2.49,"ms":3.47,"wi":24.98,"ei":5.9,"as":431.2,"mi":"E","mv":14424,"sc":2,"lpe":95.84,"lpr":461.87,"lq":1.0,"d":204528},{"pi":"3869","pc":"Продукты питания","ss":1000,"td":"Окраина","dc":1,"n":636.83,"vc":"5392","sl":"Низкий","sv":"100","p":275.0,"q":7.15,"b":0.0,"ms":0.69,"wi":24.98,"ei":5.9,"as":431.2,"mi":"E","mv":14424,"sc":2,"lpe":95.84,"lpr":461.87,"lq":1.0,"d":204528},{"pi":"3869","pc":"Продукты питания","ss":1000,"td":"Центр города","dc":2,"n":180.82,"vc":"451","sl":"Элитный","sv":"500","p":450.0,"q":14.62,"b":2.49,"ms":3.94,"wi":26.28,"ei":6.0,"as":441.0,"mi":"E","mv":12683,"sc":2,"lpe":96.05,"lpr":427.42,"lq":1.0,"d":67640},{"pi":"3869","pc":"Продукты питания","ss":1000,"td":"Окраина","dc":1,"n":375.27,"vc":"1214","sl":"Элитный","sv":"1","p":450.0,"q":7.96,"b":0.0,"ms":0.01,"wi":26.28,"ei":6.0,"as":441.0,"mi":"E","mv":12683,"sc":2,"lpe":96.05,"lpr":427.42,"lq":1.0,"d":67640},{"pi":"3869","pc":"Продукты питания","ss":1000,"td":"Центр города","dc":2,"n":186.69,"vc":"449","sl":"Элитный","sv":"500","p":600.0,"q":14.62,"b":2.19,"ms":4.49,"wi":33.3,"ei":5.0,"as":715.0,"mi":"E","mv":11130,"sc":2,"lpe":93.71,"lpr":508.76,"lq":1.0,"d":60990},{"pi":"3869","pc":"Продукты питания","ss":11000,"td":"Пригород","dc":3,"n":396.5,"vc":"3033","sl":"Элитный","sv":"200","p":830.0,"q":11.27,"b":0.61,"ms":1.8,"wi":33.3,"ei":5.0,"as":715.0,"mi":"E","mv":11130,"sc":2,"lpe":93.71,"lpr":508.76,"lq":1.0,"d":60990},{"pi":"3869","pc":"Продукты питания","ss":1000,"td":"Центр города","dc":2,"n":73.49,"vc":"489","sl":"Элитный","sv":"500","p":330.0,"q":14.62,"b":0.88,"ms":0.63,"wi":20.66,"ei":5.39,"as":398.09,"mi":"E","mv":78900,"sc":1,"lpe":99.37,"lpr":271.3,"lq":1.0,"d":483052},{"pi":"3869","pc":"Продукты питания","ss":1000,"td":"Центр города","dc":2,"n":51.81,"vc":"533","sl":"Элитный","sv":"500","p":700.0,"q":14.62,"b":0.88,"ms":0.71,"wi":23.3,"ei":7.48,"as":472.9,"mi":"E","mv":70153,"sc":2,"lpe":98.65,"lpr":543.68,"lq":1.0,"d":874982},{"pi":"3869","pc":"Продукты питания","ss":300,"td":"Спальный район","dc":1,"n":133.55,"vc":"329","sl":"Очень высокий","sv":"449","p":550.0,"q":5.4,"b":0.0,"ms":0.64,"wi":23.3,"ei":7.48,"as":472.9,"mi":"E","mv":70153,"sc":2,"lpe":98.65,"lpr":543.68,"lq":1.0,"d":874982},{"pi":"3869","pc":"Продукты питания","ss":1000,"td":"Центр города","dc":2,"n":48.89,"vc":"498","sl":"Элитный","sv":"500","p":250.0,"q":14.62,"b":0.9,"ms":0.36,"wi":15.91,"ei":6.64,"as":252.1,"mi":"E","mv":138259,"sc":1,"lpe":99.64,"lpr":235.69,"lq":1.0,"d":752256},{"pi":"3869","pc":"Продукты питания","ss":300,"td":"Спальный район","dc":1,"n":163.08,"vc":"332","sl":"Очень высокий","sv":"616","p":525.0,"q":2.33,"b":0.0,"ms":1.23,"wi":21.82,"ei":8.8,"as":448.97,"mi":"E","mv":50106,"sc":2,"lpe":97.77,"lpr":518.9,"lq":1.0,"d":597386},{"pi":"3869","pc":"Продукты питания","ss":1000,"td":"Центр города","dc":2,"n":65.36,"vc":"504","sl":"Элитный","sv":"500","p":660.0,"q":14.62,"b":0.88,"ms":1.0,"wi":21.82,"ei":8.8,"as":448.97,"mi":"E","mv":50106,"sc":2,"lpe":97.77,"lpr":518.9,"lq":1.0,"d":597386},{"pi":"3869","pc":"Продукты питания","ss":1000,"td":"Центр города","dc":2,"n":163.52,"vc":"463","sl":"Элитный","sv":"500","p":400.0,"q":14.62,"b":2.49,"ms":2.72,"wi":26.51,"ei":6.1,"as":450.8,"mi":"E","mv":18369,"sc":3,"lpe":96.66,"lpr":482.54,"lq":1.0,"d":96400},{"pi":"3869","pc":"Продукты питания","ss":1000,"td":"Окраина","dc":1,"n":472.44,"vc":"2376","sl":"Низкий","sv":"100","p":250.0,"q":7.15,"b":0.0,"ms":0.54,"wi":26.51,"ei":6.1,"as":450.8,"mi":"E","mv":18369,"sc":3,"lpe":96.66,"lpr":482.54,"lq":1.0,"d":96400},{"pi":"3869","pc":"Продукты питания","ss":1000,"td":"Центр города","dc":2,"n":339.07,"vc":"1245","sl":"Очень высокий","sv":"13","p":450.0,"q":6.93,"b":0.0,"ms":0.07,"wi":26.51,"ei":6.1,"as":450.8,"mi":"E","mv":18369,"sc":3,"lpe":96.66,"lpr":482.54,"lq":1.0,"d":96400},{"pi":"3869","pc":"Продукты питания","ss":1000,"td":"Центр города","dc":2,"n":25.39,"vc":"772","sl":"Элитный","sv":"500","p":690.0,"q":14.62,"b":0.88,"ms":0.07,"wi":28.55,"ei":12.08,"as":459.6,"mi":"E","mv":698721,"sc":2,"lpe":99.86,"lpr":536.09,"lq":1.0,"d":3859512},{"pi":"3869","pc":"Продукты питания","ss":10000,"td":"Спальный район","dc":1,"n":252.67,"vc":"7835","sl":"Элитный","sv":"500","p":1100.0,"q":6.63,"b":0.0,"ms":0.07,"wi":28.55,"ei":12.08,"as":459.6,"mi":"E","mv":698721,"sc":2,"lpe":99.86,"lpr":536.09,"lq":1.0,"d":3859512},{"pi":"3869","pc":"Продукты питания","ss":1000,"td":"Центр города","dc":2,"n":165.53,"vc":"460","sl":"Элитный","sv":"500","p":400.0,"q":14.62,"b":2.49,"ms":2.77,"wi":26.48,"ei":6.0,"as":450.8,"mi":"E","mv":18074,"sc":2,"lpe":96.68,"lpr":482.0,"lq":1.0,"d":91741},{"pi":"3869","pc":"Продукты питания","ss":1000,"td":"Окраина","dc":1,"n":513.5,"vc":"2944","sl":"Высокий","sv":"100","p":260.0,"q":7.15,"b":0.0,"ms":0.55,"wi":26.48,"ei":6.0,"as":450.8,"mi":"E","mv":18074,"sc":2,"lpe":96.68,"lpr":482.0,"lq":1.0,"d":91741},{"pi":"3869","pc":"Продукты питания","ss":1000,"td":"Окраина","dc":2,"n":289.5,"vc":"750","sl":"Элитный","sv":"1000","p":1300.0,"q":11.27,"b":0.61,"ms":1.72,"wi":46.83,"ei":6.0,"as":468.0,"mi":"E","mv":58056,"sc":2,"lpe":97.42,"lpr":722.58,"lq":1.0,"d":216600},{"pi":"3869","pc":"Продукты питания","ss":1000,"td":"Центр города","dc":2,"n":108.21,"vc":"450","sl":"Элитный","sv":"500","p":800.0,"q":14.62,"b":2.19,"ms":0.86,"wi":46.83,"ei":6.0,"as":468.0,"mi":"E","mv":58056,"sc":2,"lpe":97.42,"lpr":722.58,"lq":1.0,"d":216600},{"pi":"3869","pc":"Продукты питания","ss":1000,"td":"Центр города","dc":2,"n":84.24,"vc":"473","sl":"Элитный","sv":"500","p":800.0,"q":14.62,"b":2.19,"ms":0.5,"wi":46.98,"ei":5.0,"as":388.33,"mi":"E","mv":100629,"sc":2,"lpe":99.3,"lpr":706.3,"lq":1.0,"d":368944},{"pi":"3869","pc":"Продукты питания","ss":1000,"td":"Окраина","dc":2,"n":258.49,"vc":"758","sl":"Элитный","sv":"200","p":1100.0,"q":11.27,"b":0.61,"ms":0.2,"wi":46.98,"ei":5.0,"as":388.33,"mi":"E","mv":100629,"sc":2,"lpe":99.3,"lpr":706.3,"lq":1.0,"d":368944},{"pi":"3869","pc":"Продукты питания","ss":1000,"td":"Пригород","dc":3,"n":259.1,"vc":"505","sl":"Элитный","sv":"1000","p":1200.0,"q":11.27,"b":0.61,"ms":1.0,"wi":58.37,"ei":7.76,"as":807.0,"mi":"E","mv":99547,"sc":2,"lpe":98.49,"lpr":714.27,"lq":1.0,"d":364972},{"pi":"3869","pc":"Продукты питания","ss":1000,"td":"Центр города","dc":2,"n":84.71,"vc":"473","sl":"Элитный","sv":"500","p":850.0,"q":14.62,"b":2.19,"ms":0.5,"wi":58.37,"ei":7.76,"as":807.0,"mi":"E","mv":99547,"sc":2,"lpe":98.49,"lpr":714.27,"lq":1.0,"d":364972},{"pi":"3869","pc":"Продукты питания","ss":5800,"td":"Центр города","dc":1,"n":482.11,"vc":"21972","sl":"Очень высокий","sv":"81780","p":550.0,"q":8.65,"b":0.010015407190022,"ms":35.72,"wi":47.83,"ei":6.0,"as":448.87,"mi":"E","mv":228949,"sc":3,"lpe":64.06,"lpr":422.7,"lq":1.58,"d":839450},{"pi":"3869","pc":"Продукты питания","ss":1000,"td":"Центр города","dc":2,"n":51.69,"vc":"525","sl":"Элитный","sv":"500","p":800.0,"q":14.62,"b":2.19,"ms":0.22,"wi":47.83,"ei":6.0,"as":448.87,"mi":"E","mv":228949,"sc":3,"lpe":64.06,"lpr":422.7,"lq":1.58,"d":839450},{"pi":"3869","pc":"Продукты питания","ss":1000,"td":"Пригород","dc":3,"n":213.75,"vc":"524","sl":"Элитный","sv":"1","p":1200.0,"q":10.14,"b":0.61,"ms":0.0,"wi":47.83,"ei":6.0,"as":448.87,"mi":"E","mv":228949,"sc":3,"lpe":64.06,"lpr":422.7,"lq":1.58,"d":839450},{"pi":"3869","pc":"Продукты питания","ss":1000,"td":"Окраина","dc":2,"n":248.06,"vc":"763","sl":"Элитный","sv":"500","p":1100.0,"q":11.27,"b":0.61,"ms":0.41,"wi":48.71,"ei":6.0,"as":450.0,"mi":"E","mv":121099,"sc":2,"lpe":99.17,"lpr":703.12,"lq":1.0,"d":444000},{"pi":"3869","pc":"Продукты питания","ss":1000,"td":"Центр города","dc":2,"n":76.31,"vc":"483","sl":"Элитный","sv":"500","p":800.0,"q":14.62,"b":2.19,"ms":0.41,"wi":48.71,"ei":6.0,"as":450.0,"mi":"E","mv":121099,"sc":2,"lpe":99.17,"lpr":703.12,"lq":1.0,"d":444000}]