[{"d":"04.07.2016","r":33769.0,"q":1.0,"p":7.0,"s":[{"ui":"7651680","t":35884.0,"r":33769.0,"q":1.0,"p":7.0,"mot":"U","mo":33769.0},{"cn":"","ui":"","t":0.0,"r":0.0,"q":0.0,"p":0.0,"mot":"L","mo":0.0}]},{"d":"05.07.2016","r":6869.0,"q":1.0,"p":7.0,"s":[{"ui":"7653066","t":6869.0,"r":6869.0,"q":1.0,"p":7.0,"mot":"U","mo":6869.0},{"cn":"","ui":"","t":0.0,"r":0.0,"q":0.0,"p":0.0,"mot":"L","mo":0.0}]},{"d":"10.07.2016","r":10000.0,"q":1.0,"p":2.3,"s":[{"ui":"7666011","t":193416.0,"r":183416.0,"q":1.0,"p":2.3,"mot":"L","mo":10000.0},{"cn":"","ui":"","t":0.0,"r":0.0,"q":0.0,"p":0.0,"mot":"L","mo":0.0}]},{"d":"21.07.2016","r":100.0,"q":1.0,"p":763.72,"s":[{"ui":"7690524","t":38.0,"r":38.0,"q":1.0,"p":2000.0,"mot":"U","mo":38.0},{"ui":"7692600","t":62.0,"r":62.0,"q":1.0,"p":6.0,"mot":"U","mo":62.0},{"cn":"","ui":"","t":0.0,"r":0.0,"q":0.0,"p":0.0,"mot":"L","mo":0.0}]},{"d":"22.07.2016","r":29183.0,"q":1.0,"p":70.0,"s":[{"ui":"7692600","t":29733.0,"r":29183.0,"q":1.0,"p":70.0,"mot":"U","mo":29183.0},{"cn":"","ui":"","t":0.0,"r":0.0,"q":0.0,"p":0.0,"mot":"L","mo":0.0}]},{"d":"26.07.2016","r":23520.0,"q":1.0,"p":2.0,"s":[{"ui":"7703816","t":23520.0,"r":23520.0,"q":1.0,"p":2.0,"mot":"U","mo":23520.0},{"cn":"","ui":"","t":0.0,"r":0.0,"q":0.0,"p":0.0,"mot":"L","mo":0.0}]},{"d":"27.07.2016","r":35689.0,"q":1.0,"p":1.0,"s":[{"ui":"7704293","t":35689.0,"r":35689.0,"q":1.0,"p":1.0,"mot":"U","mo":35689.0},{"cn":"","ui":"","t":0.0,"r":0.0,"q":0.0,"p":0.0,"mot":"L","mo":0.0}]},{"d":"29.07.2016","r":158414.0,"q":1.0,"p":0.1,"s":[{"ui":"7708638","t":170414.0,"r":158414.0,"q":1.0,"p":0.1,"mot":"U","mo":158414.0},{"cn":"","ui":"","t":0.0,"r":0.0,"q":0.0,"p":0.0,"mot":"L","mo":0.0}]},{"d":"01.08.2016","r":2007.0,"q":1.0,"p":37.0,"s":[{"ui":"7717100","t":2007.0,"r":2007.0,"q":1.0,"p":37.0,"mot":"U","mo":2007.0},{"cn":"","ui":"","t":0.0,"r":0.0,"q":0.0,"p":0.0,"mot":"L","mo":0.0}]},{"d":"02.08.2016","r":11842.0,"q":1.0,"p":110.0,"s":[{"ui":"7717100","t":11842.0,"r":11842.0,"q":1.0,"p":110.0,"mot":"U","mo":11842.0},{"cn":"","ui":"","t":0.0,"r":0.0,"q":0.0,"p":0.0,"mot":"L","mo":0.0}]},{"d":"06.08.2016","r":120705.0,"q":1.0,"p":20.0,"s":[{"ui":"7727579","t":120705.0,"r":120705.0,"q":1.0,"p":20.0,"mot":"U","mo":120705.0},{"cn":"","ui":"","t":0.0,"r":0.0,"q":0.0,"p":0.0,"mot":"L","mo":0.0}]},{"d":"07.08.2016","r":1289786.0,"q":1.0,"p":9.41,"s":[{"ui":"7727579","t":1205201.0,"r":1205201.0,"q":1.0,"p":10.0,"mot":"U","mo":1205201.0},{"ui":"7729108","t":84585.0,"r":84585.0,"q":1.0,"p":1.0,"mot":"U","mo":84585.0},{"cn":"","ui":"","t":0.0,"r":0.0,"q":0.0,"p":0.0,"mot":"L","mo":0.0}]},{"d":"08.08.2016","r":2028923.0,"q":1.0,"p":10.0,"s":[{"ui":"7727579","t":2028923.0,"r":2028923.0,"q":1.0,"p":10.0,"mot":"U","mo":2028923.0},{"cn":"","ui":"","t":0.0,"r":0.0,"q":0.0,"p":0.0,"mot":"L","mo":0.0}]},{"d":"11.08.2016","r":10000.0,"q":1.0,"p":14.0,"s":[{"ui":"7735498","t":187446.0,"r":187446.0,"q":1.0,"p":14.0,"mot":"L","mo":10000.0},{"cn":"","ui":"","t":0.0,"r":0.0,"q":0.0,"p":0.0,"mot":"L","mo":0.0}]},{"d":"18.08.2016","r":116997.0,"q":1.0,"p":14.19,"s":[{"ui":"7752393","t":115997.0,"r":115997.0,"q":1.0,"p":10.0,"mot":"U","mo":115997.0},{"cn":"","ui":"","t":15136.0,"r":1000.0,"q":1.0,"p":500.0,"mot":"L","mo":1000.0}]},{"d":"20.08.2016","r":338426.0,"q":1.0,"p":134.43,"s":[{"ui":"7756412","t":301323.0,"r":301323.0,"q":1.0,"p":150.0,"mot":"U","mo":301323.0},{"ui":"7755615","t":37103.0,"r":37103.0,"q":1.0,"p":8.0,"mot":"U","mo":37103.0},{"cn":"","ui":"","t":0.0,"r":0.0,"q":0.0,"p":0.0,"mot":"L","mo":0.0}]},{"d":"22.08.2016","r":12324.0,"q":1.0,"p":4.0,"s":[{"ui":"7759935","t":12324.0,"r":12324.0,"q":1.0,"p":4.0,"mot":"U","mo":12324.0},{"cn":"","ui":"","t":0.0,"r":0.0,"q":0.0,"p":0.0,"mot":"L","mo":0.0}]},{"d":"23.08.2016","r":25453.0,"q":1.0,"p":4.0,"s":[{"ui":"7759935","t":25453.0,"r":25453.0,"q":1.0,"p":4.0,"mot":"U","mo":25453.0},{"cn":"","ui":"","t":0.0,"r":0.0,"q":0.0,"p":0.0,"mot":"L","mo":0.0}]},{"d":"25.08.2016","r":59806.0,"q":1.0,"p":134.12,"s":[{"ui":"7767027","t":59806.0,"r":59806.0,"q":1.0,"p":134.12,"mot":"U","mo":59806.0},{"cn":"","ui":"","t":0.0,"r":0.0,"q":0.0,"p":0.0,"mot":"L","mo":0.0}]},{"d":"26.08.2016","r":89189.0,"q":1.0,"p":117.9,"s":[{"ui":"7769436","t":17000.0,"r":17000.0,"q":1.0,"p":49.0,"mot":"U","mo":17000.0},{"ui":"7767027","t":72189.0,"r":72189.0,"q":1.0,"p":134.12,"mot":"U","mo":72189.0},{"cn":"","ui":"","t":0.0,"r":0.0,"q":0.0,"p":0.0,"mot":"L","mo":0.0}]},{"d":"27.08.2016","r":42000.0,"q":1.0,"p":49.0,"s":[{"ui":"7769436","t":42000.0,"r":42000.0,"q":1.0,"p":49.0,"mot":"U","mo":42000.0},{"cn":"","ui":"","t":0.0,"r":0.0,"q":0.0,"p":0.0,"mot":"L","mo":0.0}]},{"d":"07.09.2016","r":770165.0,"q":1.0,"p":2.0,"s":[{"ui":"7794805","t":802165.0,"r":770165.0,"q":1.0,"p":2.0,"mot":"U","mo":770165.0},{"cn":"","ui":"","t":0.0,"r":0.0,"q":0.0,"p":0.0,"mot":"L","mo":0.0}]},{"d":"09.09.2016","r":286340.0,"q":1.0,"p":3.06,"s":[{"ui":"7798779","t":301340.0,"r":286340.0,"q":1.0,"p":3.06,"mot":"U","mo":286340.0},{"cn":"","ui":"","t":0.0,"r":0.0,"q":0.0,"p":0.0,"mot":"L","mo":0.0}]},{"d":"10.09.2016","r":669609.0,"q":1.0,"p":3.0,"s":[{"ui":"7798779","t":682839.0,"r":669609.0,"q":1.0,"p":3.0,"mot":"U","mo":669609.0},{"cn":"","ui":"","t":0.0,"r":0.0,"q":0.0,"p":0.0,"mot":"L","mo":0.0}]},{"d":"28.09.2016","r":2000.0,"q":1.0,"p":15.0,"s":[{"ui":"7840430","t":11141.0,"r":11141.0,"q":1.0,"p":15.0,"mot":"L","mo":2000.0},{"cn":"","ui":"","t":0.0,"r":0.0,"q":0.0,"p":0.0,"mot":"L","mo":0.0}]},{"d":"29.09.2016","r":2000.0,"q":1.0,"p":15.0,"s":[{"ui":"7840430","t":22551.0,"r":22551.0,"q":1.0,"p":15.0,"mot":"L","mo":2000.0},{"cn":"","ui":"","t":0.0,"r":0.0,"q":0.0,"p":0.0,"mot":"L","mo":0.0}]},{"d":"30.09.2016","r":2000.0,"q":1.0,"p":15.0,"s":[{"ui":"7840430","t":34201.0,"r":34201.0,"q":1.0,"p":15.0,"mot":"L","mo":2000.0},{"cn":"","ui":"","t":0.0,"r":0.0,"q":0.0,"p":0.0,"mot":"L","mo":0.0}]},{"d":"08.10.2016","r":1500.0,"q":1.0,"p":32.58,"s":[{"ui":"7862727","t":18667.0,"r":17667.0,"q":1.0,"p":32.58,"mot":"L","mo":1500.0},{"cn":"","ui":"","t":0.0,"r":0.0,"q":0.0,"p":0.0,"mot":"L","mo":0.0}]},{"d":"10.11.2016","r":451272.0,"q":1.0,"p":1.85,"s":[{"ui":"7928695","t":463272.0,"r":451272.0,"q":1.0,"p":1.85,"mot":"U","mo":451272.0},{"cn":"","ui":"","t":0.0,"r":0.0,"q":0.0,"p":0.0,"mot":"L","mo":0.0}]},{"d":"12.11.2016","r":171225.0,"q":1.62,"p":93.96,"s":[{"ui":"7931498","t":25754.0,"r":11754.0,"q":1.0,"p":12.0,"mot":"U","mo":11754.0},{"ui":"7931307","t":159471.0,"r":159471.0,"q":1.67,"p":100.0,"mot":"U","mo":159471.0},{"cn":"","ui":"","t":0.0,"r":0.0,"q":0.0,"p":0.0,"mot":"L","mo":0.0}]},{"d":"13.11.2016","r":234671.0,"q":1.0,"p":2.0,"s":[{"ui":"7933939","t":234671.0,"r":234671.0,"q":1.0,"p":2.0,"mot":"U","mo":234671.0},{"cn":"","ui":"","t":0.0,"r":0.0,"q":0.0,"p":0.0,"mot":"L","mo":0.0}]},{"d":"15.11.2016","r":50000.0,"q":1.0,"p":10.0,"s":[{"ui":"7936101","t":626897.0,"r":614897.0,"q":1.0,"p":10.0,"mot":"L","mo":50000.0},{"cn":"","ui":"","t":0.0,"r":0.0,"q":0.0,"p":0.0,"mot":"L","mo":0.0}]},{"d":"16.11.2016","r":500000.0,"q":1.0,"p":2.0,"s":[{"ui":"7936101","t":1136351.0,"r":1136351.0,"q":1.0,"p":2.0,"mot":"L","mo":500000.0},{"cn":"","ui":"","t":0.0,"r":0.0,"q":0.0,"p":0.0,"mot":"L","mo":0.0}]},{"d":"18.11.2016","r":200000.0,"q":1.0,"p":3.0,"s":[{"ui":"7939391","t":999541.0,"r":999541.0,"q":1.0,"p":3.0,"mot":"L","mo":200000.0},{"cn":"","ui":"","t":0.0,"r":0.0,"q":0.0,"p":0.0,"mot":"L","mo":0.0}]},{"d":"19.11.2016","r":2500.0,"q":1.0,"p":8.0,"s":[{"ui":"7939436","t":106988.0,"r":105988.0,"q":1.0,"p":8.0,"mot":"L","mo":2500.0},{"cn":"","ui":"","t":0.0,"r":0.0,"q":0.0,"p":0.0,"mot":"L","mo":0.0}]},{"d":"20.11.2016","r":760674.0,"q":1.0,"p":8.5,"s":[{"ui":"7942050","t":763474.0,"r":760674.0,"q":1.0,"p":8.5,"mot":"U","mo":760674.0},{"cn":"","ui":"","t":0.0,"r":0.0,"q":0.0,"p":0.0,"mot":"L","mo":0.0}]},{"d":"21.11.2016","r":2117168.0,"q":1.0,"p":8.5,"s":[{"ui":"7942050","t":2117668.0,"r":2117168.0,"q":1.0,"p":8.5,"mot":"U","mo":2117168.0},{"cn":"","ui":"","t":0.0,"r":0.0,"q":0.0,"p":0.0,"mot":"L","mo":0.0}]},{"d":"23.11.2016","r":9000.0,"q":1.0,"p":50.0,"s":[{"ui":"7947079","t":21348.0,"r":21348.0,"q":1.0,"p":50.0,"mot":"L","mo":9000.0},{"cn":"","ui":"","t":0.0,"r":0.0,"q":0.0,"p":0.0,"mot":"L","mo":0.0}]},{"d":"24.11.2016","r":109000.0,"q":1.0,"p":45.41,"s":[{"ui":"7947079","t":155193.0,"r":155193.0,"q":1.0,"p":50.0,"mot":"L","mo":9000.0},{"ui":"7947950","t":591913.0,"r":591913.0,"q":1.0,"p":45.0,"mot":"L","mo":100000.0},{"cn":"","ui":"","t":0.0,"r":0.0,"q":0.0,"p":0.0,"mot":"L","mo":0.0}]},{"d":"25.11.2016","r":283408.0,"q":1.0,"p":50.0,"s":[{"ui":"7947079","t":283408.0,"r":283408.0,"q":1.0,"p":50.0,"mot":"U","mo":283408.0},{"cn":"","ui":"","t":0.0,"r":0.0,"q":0.0,"p":0.0,"mot":"L","mo":0.0}]},{"d":"01.12.2016","r":16977.0,"q":1.1,"p":150.86,"s":[{"ui":"7955684","t":16248.0,"r":16248.0,"q":1.1,"p":150.0,"mot":"U","mo":16248.0},{"cn":"","ui":"","t":729.0,"r":729.0,"q":1.1,"p":170.0,"mot":"L","mo":729.0}]},{"d":"03.12.2016","r":138040.0,"q":1.0,"p":11.06,"s":[{"ui":"7958418","t":133077.0,"r":133077.0,"q":1.0,"p":7.0,"mot":"U","mo":133077.0},{"cn":"","ui":"","t":4963.0,"r":4963.0,"q":1.0,"p":120.0,"mot":"L","mo":4963.0}]},{"d":"04.12.2016","r":459884.0,"q":1.0,"p":11.71,"s":[{"ui":"7959614","t":447877.0,"r":447877.0,"q":1.0,"p":8.0,"mot":"U","mo":447877.0},{"cn":"","ui":"","t":12007.0,"r":12007.0,"q":1.0,"p":150.0,"mot":"L","mo":12007.0}]},{"d":"05.12.2016","r":50000.0,"q":1.0,"p":2.0,"s":[{"ui":"7960954","t":393693.0,"r":393693.0,"q":1.0,"p":2.0,"mot":"L","mo":50000.0},{"cn":"","ui":"","t":0.0,"r":0.0,"q":0.0,"p":0.0,"mot":"L","mo":0.0}]},{"d":"08.12.2016","r":207912.0,"q":1.0,"p":3.8,"s":[{"ui":"7963917","t":250912.0,"r":207912.0,"q":1.0,"p":3.8,"mot":"U","mo":207912.0},{"cn":"","ui":"","t":0.0,"r":0.0,"q":0.0,"p":0.0,"mot":"L","mo":0.0}]},{"d":"14.12.2016","r":7288.0,"q":1.0,"p":4.0,"s":[{"ui":"7972915","t":8288.0,"r":7288.0,"q":1.0,"p":4.0,"mot":"U","mo":7288.0},{"cn":"","ui":"","t":0.0,"r":0.0,"q":0.0,"p":0.0,"mot":"L","mo":0.0}]},{"d":"15.12.2016","r":634627.0,"q":1.0,"p":139.09,"s":[{"ui":"7974646","t":587187.0,"r":587187.0,"q":1.0,"p":150.0,"mot":"U","mo":587187.0},{"ui":"7972915","t":59440.0,"r":47440.0,"q":1.0,"p":4.0,"mot":"U","mo":47440.0},{"cn":"","ui":"","t":0.0,"r":0.0,"q":0.0,"p":0.0,"mot":"L","mo":0.0}]},{"d":"17.12.2016","r":207262.0,"q":1.0,"p":2.3,"s":[{"ui":"7978187","t":207262.0,"r":207262.0,"q":1.0,"p":2.3,"mot":"U","mo":207262.0},{"cn":"","ui":"","t":0.0,"r":0.0,"q":0.0,"p":0.0,"mot":"L","mo":0.0}]},{"d":"18.12.2016","r":1825872.0,"q":1.0,"p":2.53,"s":[{"ui":"7976958","t":589142.0,"r":589142.0,"q":1.0,"p":3.0,"mot":"U","mo":589142.0},{"ui":"7978187","t":1236730.0,"r":1236730.0,"q":1.0,"p":2.3,"mot":"U","mo":1236730.0},{"cn":"","ui":"","t":0.0,"r":0.0,"q":0.0,"p":0.0,"mot":"L","mo":0.0}]},{"d":"01.02.2017","r":157177.0,"q":1.0,"p":35.0,"s":[{"ui":"8034915","t":157177.0,"r":157177.0,"q":1.0,"p":35.0,"mot":"U","mo":157177.0},{"cn":"","ui":"","t":0.0,"r":0.0,"q":0.0,"p":0.0,"mot":"L","mo":0.0}]},{"d":"02.02.2017","r":156677.0,"q":1.0,"p":35.0,"s":[{"ui":"8034915","t":156677.0,"r":156677.0,"q":1.0,"p":35.0,"mot":"U","mo":156677.0},{"cn":"","ui":"","t":0.0,"r":0.0,"q":0.0,"p":0.0,"mot":"L","mo":0.0}]},{"d":"03.02.2017","r":236.0,"q":1.0,"p":51.0,"s":[{"ui":"8037836","t":236.0,"r":236.0,"q":1.0,"p":51.0,"mot":"L","mo":236.0},{"cn":"","ui":"","t":0.0,"r":0.0,"q":0.0,"p":0.0,"mot":"L","mo":0.0}]},{"d":"10.02.2017","r":139505.0,"q":1.0,"p":2.0,"s":[{"ui":"8045023","t":149505.0,"r":139505.0,"q":1.0,"p":2.0,"mot":"U","mo":139505.0},{"cn":"","ui":"","t":0.0,"r":0.0,"q":0.0,"p":0.0,"mot":"L","mo":0.0}]},{"d":"11.02.2017","r":410465.0,"q":1.0,"p":2.0,"s":[{"ui":"8045023","t":422465.0,"r":410465.0,"q":1.0,"p":2.0,"mot":"U","mo":410465.0},{"cn":"","ui":"","t":0.0,"r":0.0,"q":0.0,"p":0.0,"mot":"L","mo":0.0}]},{"d":"13.02.2017","r":194100.0,"q":1.0,"p":10.0,"s":[{"ui":"8048557","t":200400.0,"r":194100.0,"q":1.0,"p":10.0,"mot":"U","mo":194100.0},{"cn":"","ui":"","t":0.0,"r":0.0,"q":0.0,"p":0.0,"mot":"L","mo":0.0}]},{"d":"17.02.2017","r":50000.0,"q":1.0,"p":175.0,"s":[{"ui":"8054072","t":675686.0,"r":663686.0,"q":1.0,"p":175.0,"mot":"L","mo":50000.0},{"cn":"","ui":"","t":0.0,"r":0.0,"q":0.0,"p":0.0,"mot":"L","mo":0.0}]},{"d":"21.02.2017","r":2295.0,"q":1.0,"p":210.0,"s":[{"ui":"8059873","t":14303.0,"r":14303.0,"q":1.0,"p":210.0,"mot":"L","mo":2295.0},{"cn":"","ui":"","t":0.0,"r":0.0,"q":0.0,"p":0.0,"mot":"L","mo":0.0}]},{"d":"22.02.2017","r":15150.0,"q":1.0,"p":700.0,"s":[{"ui":"8060955","t":15150.0,"r":15150.0,"q":1.0,"p":700.0,"mot":"L","mo":15150.0},{"cn":"","ui":"","t":0.0,"r":0.0,"q":0.0,"p":0.0,"mot":"L","mo":0.0}]},{"d":"26.02.2017","r":3528.0,"q":1.0,"p":18.0,"s":[{"ui":"8067754","t":3528.0,"r":3528.0,"q":1.0,"p":18.0,"mot":"U","mo":3528.0},{"cn":"","ui":"","t":0.0,"r":0.0,"q":0.0,"p":0.0,"mot":"L","mo":0.0}]},{"d":"27.02.2017","r":109375.0,"q":1.0,"p":10.3,"s":[{"ui":"8068666","t":76588.0,"r":76588.0,"q":1.0,"p":7.0,"mot":"L","mo":76588.0},{"ui":"8067754","t":32787.0,"r":32787.0,"q":1.0,"p":18.0,"mot":"U","mo":32787.0},{"cn":"","ui":"","t":0.0,"r":0.0,"q":0.0,"p":0.0,"mot":"L","mo":0.0}]},{"d":"05.03.2017","r":300000.0,"q":1.41,"p":11.0,"s":[{"cn":"baratillo.com","ui":"8076423","t":461143.0,"r":453143.0,"q":1.41,"p":11.0,"mot":"L","mo":300000.0},{"cn":"","ui":"","t":0.0,"r":0.0,"q":0.0,"p":0.0,"mot":"L","mo":0.0}]},{"d":"10.03.2017","r":120000.0,"q":1.0,"p":18.0,"s":[{"cn":"relicton Финанс","ui":"8083973","t":120000.0,"r":120000.0,"q":1.0,"p":18.0,"mot":"U","mo":120000.0},{"cn":"","ui":"","t":0.0,"r":0.0,"q":0.0,"p":0.0,"mot":"L","mo":0.0}]},{"d":"12.03.2017","r":12495.0,"q":1.0,"p":3.13,"s":[{"cn":"Family Valued Co.","ui":"8086411","t":220033.0,"r":220033.0,"q":1.0,"p":3.0,"mot":"L","mo":11995.0},{"cn":"","ui":"","t":2371.0,"r":500.0,"q":1.05,"p":6.35,"mot":"L","mo":500.0}]},{"d":"13.03.2017","r":425877.0,"q":1.0,"p":5.0,"s":[{"cn":"Элит","ui":"8087001","t":425877.0,"r":425877.0,"q":1.0,"p":5.0,"mot":"U","mo":425877.0},{"cn":"","ui":"","t":0.0,"r":0.0,"q":0.0,"p":0.0,"mot":"L","mo":0.0}]},{"d":"15.03.2017","r":200.0,"q":1.0,"p":40.0,"s":[{"cn":"МАО","ui":"8089303","t":3760.0,"r":3760.0,"q":1.0,"p":40.0,"mot":"L","mo":200.0},{"cn":"","ui":"","t":0.0,"r":0.0,"q":0.0,"p":0.0,"mot":"L","mo":0.0}]},{"d":"16.03.2017","r":300.0,"q":1.0,"p":28.0,"s":[{"cn":"МАО","ui":"8089303","t":16784.0,"r":16484.0,"q":1.0,"p":40.0,"mot":"L","mo":200.0},{"cn":"МАО","ui":"8091224","t":200.0,"r":200.0,"q":1.0,"p":4.0,"mot":"L","mo":100.0},{"cn":"","ui":"","t":0.0,"r":0.0,"q":0.0,"p":0.0,"mot":"L","mo":0.0}]},{"d":"20.03.2017","r":87.0,"q":1.0,"p":35000.0,"s":[{"cn":"EBro express","ui":"8094441","t":87.0,"r":87.0,"q":1.0,"p":35000.0,"mot":"U","mo":87.0},{"cn":"","ui":"","t":0.0,"r":0.0,"q":0.0,"p":0.0,"mot":"L","mo":0.0}]},{"d":"24.03.2017","r":93116.0,"q":1.0,"p":868.53,"s":[{"cn":"JDynamiKs","ui":"8100030","t":34466.0,"r":34316.0,"q":1.0,"p":1500.0,"mot":"U","mo":34316.0},{"cn":"Test","ui":"8100622","t":58800.0,"r":58800.0,"q":1.0,"p":500.0,"mot":"U","mo":58800.0},{"cn":"","ui":"","t":0.0,"r":0.0,"q":0.0,"p":0.0,"mot":"L","mo":0.0}]},{"d":"25.03.2017","r":51630.0,"q":1.0,"p":1500.0,"s":[{"cn":"JDynamiKs","ui":"8100030","t":51630.0,"r":51630.0,"q":1.0,"p":1500.0,"mot":"U","mo":51630.0},{"cn":"","ui":"","t":0.0,"r":0.0,"q":0.0,"p":0.0,"mot":"L","mo":0.0}]},{"d":"31.03.2017","r":500.0,"q":1.0,"p":30.0,"s":[{"cn":"Joker Инвест","ui":"8107389","t":35262.0,"r":35262.0,"q":1.0,"p":30.0,"mot":"L","mo":500.0},{"cn":"","ui":"","t":0.0,"r":0.0,"q":0.0,"p":0.0,"mot":"L","mo":0.0}]},{"d":"03.04.2017","r":73260.0,"q":1.0,"p":1.2,"s":[{"cn":"Sujiku","ui":"8111204","t":75260.0,"r":73260.0,"q":1.0,"p":1.2,"mot":"U","mo":73260.0},{"cn":"","ui":"","t":0.0,"r":0.0,"q":0.0,"p":0.0,"mot":"L","mo":0.0}]},{"d":"05.04.2017","r":75260.0,"q":1.0,"p":5.0,"s":[{"cn":"relicton Инвест","ui":"8112701","t":75260.0,"r":75260.0,"q":1.0,"p":5.0,"mot":"U","mo":75260.0},{"cn":"","ui":"","t":0.0,"r":0.0,"q":0.0,"p":0.0,"mot":"L","mo":0.0}]},{"d":"06.04.2017","r":60060.0,"q":1.0,"p":5.0,"s":[{"cn":"relicton Инвест","ui":"8112701","t":60860.0,"r":60060.0,"q":1.0,"p":5.0,"mot":"U","mo":60060.0},{"cn":"","ui":"","t":0.0,"r":0.0,"q":0.0,"p":0.0,"mot":"L","mo":0.0}]},{"d":"10.04.2017","r":207429.0,"q":1.0,"p":15.0,"s":[{"cn":"ydaf Инвест","ui":"8118906","t":207429.0,"r":207429.0,"q":1.0,"p":15.0,"mot":"U","mo":207429.0},{"cn":"","ui":"","t":0.0,"r":0.0,"q":0.0,"p":0.0,"mot":"L","mo":0.0}]},{"d":"13.05.2017","r":4707.0,"q":1.0,"p":999.0,"s":[{"cn":"todbul Инвест","ui":"8155398","t":4707.0,"r":4707.0,"q":1.0,"p":999.0,"mot":"U","mo":4707.0},{"cn":"","ui":"","t":0.0,"r":0.0,"q":0.0,"p":0.0,"mot":"L","mo":0.0}]},{"d":"29.05.2017","r":944.0,"q":1.0,"p":150.0,"s":[{"cn":"farisland","ui":"8173359","t":944.0,"r":944.0,"q":1.0,"p":150.0,"mot":"U","mo":944.0},{"cn":"","ui":"","t":0.0,"r":0.0,"q":0.0,"p":0.0,"mot":"L","mo":0.0}]},{"d":"01.06.2017","r":128000.0,"q":1.0,"p":18.0,"s":[{"cn":"АО \"МежГалактика\"","ui":"8175972","t":128000.0,"r":128000.0,"q":1.0,"p":18.0,"mot":"U","mo":128000.0},{"cn":"","ui":"","t":0.0,"r":0.0,"q":0.0,"p":0.0,"mot":"L","mo":0.0}]},{"d":"04.06.2017","r":117600.0,"q":1.0,"p":20.0,"s":[{"cn":"Материнский капитал","ui":"8179185","t":117600.0,"r":117600.0,"q":1.0,"p":20.0,"mot":"U","mo":117600.0},{"cn":"","ui":"","t":0.0,"r":0.0,"q":0.0,"p":0.0,"mot":"L","mo":0.0}]},{"d":"22.06.2017","r":1627.0,"q":1.0,"p":20.0,"s":[{"cn":"power","ui":"8200692","t":1827.0,"r":1627.0,"q":1.0,"p":20.0,"mot":"U","mo":1627.0},{"cn":"","ui":"","t":0.0,"r":0.0,"q":0.0,"p":0.0,"mot":"L","mo":0.0}]},{"d":"23.06.2017","r":876.0,"q":1.0,"p":20.0,"s":[{"cn":"power","ui":"8200692","t":1276.0,"r":876.0,"q":1.0,"p":20.0,"mot":"U","mo":876.0},{"cn":"","ui":"","t":0.0,"r":0.0,"q":0.0,"p":0.0,"mot":"L","mo":0.0}]},{"d":"24.06.2017","r":3030.0,"q":1.0,"p":20.0,"s":[{"cn":"power","ui":"8200692","t":3030.0,"r":3030.0,"q":1.0,"p":20.0,"mot":"U","mo":3030.0},{"cn":"","ui":"","t":0.0,"r":0.0,"q":0.0,"p":0.0,"mot":"L","mo":0.0}]},{"d":"03.07.2017","r":234702.0,"q":1.0,"p":2.0,"s":[{"cn":"Vargas Enterprise","ui":"8214935","t":234702.0,"r":234702.0,"q":1.0,"p":2.0,"mot":"U","mo":234702.0},{"cn":"","ui":"","t":0.0,"r":0.0,"q":0.0,"p":0.0,"mot":"L","mo":0.0}]},{"d":"04.07.2017","r":1504522.0,"q":1.0,"p":2.0,"s":[{"cn":"Vargas Enterprise","ui":"8214935","t":1514522.0,"r":1504522.0,"q":1.0,"p":2.0,"mot":"U","mo":1504522.0},{"cn":"","ui":"","t":0.0,"r":0.0,"q":0.0,"p":0.0,"mot":"L","mo":0.0}]},{"d":"05.07.2017","r":2188072.0,"q":1.0,"p":2.0,"s":[{"cn":"Vargas Enterprise","ui":"8214935","t":2188072.0,"r":2188072.0,"q":1.0,"p":2.0,"mot":"U","mo":2188072.0},{"cn":"","ui":"","t":0.0,"r":0.0,"q":0.0,"p":0.0,"mot":"L","mo":0.0}]},{"d":"06.07.2017","r":633024.0,"q":1.0,"p":3.49,"s":[{"cn":"HawkTrade Ltd.","ui":"8217424","t":633024.0,"r":633024.0,"q":1.0,"p":3.49,"mot":"U","mo":633024.0},{"cn":"","ui":"","t":0.0,"r":0.0,"q":0.0,"p":0.0,"mot":"L","mo":0.0}]},{"d":"10.07.2017","r":463657.0,"q":1.0,"p":4.0,"s":[{"cn":"И так сойдет!","ui":"8221510","t":475657.0,"r":463657.0,"q":1.0,"p":4.0,"mot":"U","mo":463657.0},{"cn":"","ui":"","t":0.0,"r":0.0,"q":0.0,"p":0.0,"mot":"L","mo":0.0}]},{"d":"11.07.2017","r":15634.0,"q":1.0,"p":10.0,"s":[{"cn":"EE inc.","ui":"8222382","t":15634.0,"r":15634.0,"q":1.0,"p":10.0,"mot":"U","mo":15634.0},{"cn":"","ui":"","t":0.0,"r":0.0,"q":0.0,"p":0.0,"mot":"L","mo":0.0}]},{"d":"13.07.2017","r":184767.0,"q":1.0,"p":1.4,"s":[{"cn":"ООО \"ТОП-ИНВЕСТ\"","ui":"8224910","t":185767.0,"r":184767.0,"q":1.0,"p":1.4,"mot":"U","mo":184767.0},{"cn":"","ui":"","t":0.0,"r":0.0,"q":0.0,"p":0.0,"mot":"L","mo":0.0}]},{"d":"27.08.2017","r":421200.0,"q":1.0,"p":15.0,"s":[{"cn":"Dmit_med Финанс","ui":"8274270","t":421200.0,"r":421200.0,"q":1.0,"p":15.0,"mot":"U","mo":421200.0},{"cn":"","ui":"","t":0.0,"r":0.0,"q":0.0,"p":0.0,"mot":"L","mo":0.0}]},{"d":"29.08.2017","r":871759.0,"q":1.0,"p":10000.0,"s":[{"cn":"вапвапвап","ui":"8276333","t":871759.0,"r":871759.0,"q":1.0,"p":10000.0,"mot":"U","mo":871759.0},{"cn":"","ui":"","t":0.0,"r":0.0,"q":0.0,"p":0.0,"mot":"L","mo":0.0}]},{"d":"21.09.2017","r":259112.0,"q":1.0,"p":2.15,"s":[{"cn":"LAT","ui":"8279643","t":263163.0,"r":259112.0,"q":1.0,"p":2.15,"mot":"U","mo":259112.0},{"cn":"","ui":"","t":0.0,"r":0.0,"q":0.0,"p":0.0,"mot":"L","mo":0.0}]},{"d":"26.09.2017","r":639260.0,"q":1.0,"p":4.67,"s":[{"cn":"A","ui":"8309195","t":164455.0,"r":152455.0,"q":1.0,"p":10.0,"mot":"U","mo":152455.0},{"cn":"Боганетов Финанс","ui":"8309144","t":486805.0,"r":486805.0,"q":1.0,"p":3.0,"mot":"U","mo":486805.0},{"cn":"","ui":"","t":0.0,"r":0.0,"q":0.0,"p":0.0,"mot":"L","mo":0.0}]},{"d":"27.09.2017","r":1015327.0,"q":1.0,"p":2.0,"s":[{"cn":"Rodriguez jaimes Finance","ui":"8310874","t":1016327.0,"r":1015327.0,"q":1.0,"p":2.0,"mot":"U","mo":1015327.0},{"cn":"","ui":"","t":0.0,"r":0.0,"q":0.0,"p":0.0,"mot":"L","mo":0.0}]},{"d":"03.10.2017","r":991327.0,"q":1.0,"p":2.0,"s":[{"cn":"Rodriguez jaimes Finance","ui":"8310874","t":992327.0,"r":991327.0,"q":1.0,"p":2.0,"mot":"U","mo":991327.0},{"cn":"","ui":"","t":0.0,"r":0.0,"q":0.0,"p":0.0,"mot":"L","mo":0.0}]},{"d":"05.10.2017","r":221369.0,"q":1.0,"p":5.64,"s":[{"cn":"БОКС","ui":"8321144","t":221369.0,"r":221369.0,"q":1.0,"p":5.64,"mot":"U","mo":221369.0},{"cn":"","ui":"","t":0.0,"r":0.0,"q":0.0,"p":0.0,"mot":"L","mo":0.0}]},{"d":"09.10.2017","r":390402.0,"q":1.0,"p":10.79,"s":[{"cn":"Dragon Capital","ui":"8323308","t":21303.0,"r":21303.0,"q":1.0,"p":100.0,"mot":"U","mo":21303.0},{"cn":"БОКС","ui":"8321144","t":369099.0,"r":369099.0,"q":1.0,"p":5.64,"mot":"U","mo":369099.0},{"cn":"","ui":"","t":0.0,"r":0.0,"q":0.0,"p":0.0,"mot":"L","mo":0.0}]},{"d":"10.10.2017","r":393693.0,"q":1.0,"p":5.0,"s":[{"cn":"DP Holding","ui":"8326898","t":393693.0,"r":393693.0,"q":1.0,"p":5.0,"mot":"U","mo":393693.0},{"cn":"","ui":"","t":0.0,"r":0.0,"q":0.0,"p":0.0,"mot":"L","mo":0.0}]},{"d":"16.10.2017","r":1606270.0,"q":1.0,"p":3.27,"s":[{"cn":"DP Holding","ui":"8327476","t":393693.0,"r":393693.0,"q":1.0,"p":6.5,"mot":"U","mo":393693.0},{"cn":"Кузнецов Инвест","ui":"8328345","t":1212577.0,"r":1212577.0,"q":1.0,"p":2.22,"mot":"U","mo":1212577.0},{"cn":"","ui":"","t":0.0,"r":0.0,"q":0.0,"p":0.0,"mot":"L","mo":0.0}]},{"d":"23.10.2017","r":772687.0,"q":1.0,"p":50.0,"s":[{"cn":"Осетрова Инвест","ui":"8336213","t":772687.0,"r":772687.0,"q":1.0,"p":50.0,"mot":"U","mo":772687.0},{"cn":"","ui":"","t":0.0,"r":0.0,"q":0.0,"p":0.0,"mot":"L","mo":0.0}]},{"d":"27.10.2017","r":58000.0,"q":1.0,"p":50.0,"s":[{"cn":"LordDagon Инвест","ui":"8345144","t":650920.0,"r":638320.0,"q":1.0,"p":50.0,"mot":"L","mo":58000.0},{"cn":"","ui":"","t":0.0,"r":0.0,"q":0.0,"p":0.0,"mot":"L","mo":0.0}]},{"d":"07.11.2017","r":237087.0,"q":1.0,"p":5.04,"s":[{"cn":"Schrijver Incorporated","ui":"8254788","t":230484.0,"r":229484.0,"q":1.0,"p":5.0,"mot":"U","mo":229484.0},{"cn":"","ui":"","t":7853.0,"r":7603.0,"q":1.1,"p":6.4,"mot":"L","mo":7603.0}]},{"d":"08.11.2017","r":1000.0,"q":1.0,"p":12.0,"s":[{"cn":"DarkOnyx Unlimited","ui":"8350461","t":2314.0,"r":2314.0,"q":1.0,"p":12.0,"mot":"L","mo":1000.0},{"cn":"","ui":"","t":0.0,"r":0.0,"q":0.0,"p":0.0,"mot":"L","mo":0.0}]},{"d":"14.11.2017","r":26906.0,"q":1.0,"p":2.65,"s":[{"cn":"Project 2","ui":"8364361","t":26906.0,"r":26906.0,"q":1.0,"p":2.65,"mot":"U","mo":26906.0},{"cn":"","ui":"","t":0.0,"r":0.0,"q":0.0,"p":0.0,"mot":"L","mo":0.0}]},{"d":"27.11.2017","r":61102.0,"q":1.0,"p":9.0,"s":[{"cn":"Fetch Management Group","ui":"8379024","t":61102.0,"r":61102.0,"q":1.0,"p":9.0,"mot":"U","mo":61102.0},{"cn":"","ui":"","t":0.0,"r":0.0,"q":0.0,"p":0.0,"mot":"L","mo":0.0}]},{"d":"28.11.2017","r":842855.0,"q":1.0,"p":7.46,"s":[{"cn":"Fetch Management Group","ui":"8379024","t":283375.0,"r":266375.0,"q":1.0,"p":9.0,"mot":"U","mo":266375.0},{"cn":"inst Инвест","ui":"8379590","t":354687.0,"r":342687.0,"q":1.0,"p":10.0,"mot":"U","mo":342687.0},{"cn":"inst Инвест","ui":"8379986","t":233793.0,"r":233793.0,"q":1.0,"p":2.0,"mot":"U","mo":233793.0},{"cn":"","ui":"","t":0.0,"r":0.0,"q":0.0,"p":0.0,"mot":"L","mo":0.0}]},{"d":"29.11.2017","r":508452.0,"q":1.0,"p":4.91,"s":[{"cn":"inst Инвест","ui":"8379590","t":218091.0,"r":185091.0,"q":1.0,"p":10.0,"mot":"U","mo":185091.0},{"cn":"inst Инвест","ui":"8379986","t":323361.0,"r":323361.0,"q":1.0,"p":2.0,"mot":"U","mo":323361.0},{"cn":"","ui":"","t":0.0,"r":0.0,"q":0.0,"p":0.0,"mot":"L","mo":0.0}]},{"d":"05.12.2017","r":586001.0,"q":1.0,"p":8.0,"s":[{"cn":"ОЛОЛО","ui":"8387068","t":586001.0,"r":586001.0,"q":1.0,"p":8.0,"mot":"U","mo":586001.0},{"cn":"","ui":"","t":0.0,"r":0.0,"q":0.0,"p":0.0,"mot":"L","mo":0.0}]},{"d":"06.12.2017","r":459391.0,"q":2.42,"p":20.0,"s":[{"cn":"ОЛОЛО","ui":"8387858","t":473391.0,"r":459391.0,"q":2.42,"p":20.0,"mot":"U","mo":459391.0},{"cn":"","ui":"","t":0.0,"r":0.0,"q":0.0,"p":0.0,"mot":"L","mo":0.0}]},{"d":"07.12.2017","r":459003.0,"q":4.09,"p":20.0,"s":[{"cn":"ОЛОЛО","ui":"8388948","t":494003.0,"r":459003.0,"q":4.09,"p":20.0,"mot":"U","mo":459003.0},{"cn":"","ui":"","t":0.0,"r":0.0,"q":0.0,"p":0.0,"mot":"L","mo":0.0}]},{"d":"20.12.2017","r":65847.0,"q":1.0,"p":7.0,"s":[{"cn":"Flowerada Инвест","ui":"8403845","t":66194.0,"r":65847.0,"q":1.0,"p":7.0,"mot":"U","mo":65847.0},{"cn":"","ui":"","t":0.0,"r":0.0,"q":0.0,"p":0.0,"mot":"L","mo":0.0}]},{"d":"22.12.2017","r":19349.0,"q":1.0,"p":10.0,"s":[{"cn":"Markos INC","ui":"8406151","t":19349.0,"r":19349.0,"q":1.0,"p":10.0,"mot":"U","mo":19349.0},{"cn":"","ui":"","t":0.0,"r":0.0,"q":0.0,"p":0.0,"mot":"L","mo":0.0}]},{"d":"27.12.2017","r":5624.0,"q":1.0,"p":30.0,"s":[{"cn":"DfCompany","ui":"8411586","t":4892.0,"r":4842.0,"q":1.0,"p":30.0,"mot":"U","mo":4842.0},{"cn":"GRAPE FRUIT","ui":"8411357","t":10814.0,"r":10764.0,"q":1.0,"p":30.0,"mot":"L","mo":782.0},{"cn":"","ui":"","t":0.0,"r":0.0,"q":0.0,"p":0.0,"mot":"L","mo":0.0}]},{"d":"28.12.2017","r":17724.0,"q":1.0,"p":30.0,"s":[{"cn":"DfCompany","ui":"8411586","t":17774.0,"r":17724.0,"q":1.0,"p":30.0,"mot":"U","mo":17724.0},{"cn":"","ui":"","t":0.0,"r":0.0,"q":0.0,"p":0.0,"mot":"L","mo":0.0}]},{"d":"29.12.2017","r":31591.0,"q":1.0,"p":30.0,"s":[{"cn":"DfCompany","ui":"8411586","t":31641.0,"r":31591.0,"q":1.0,"p":30.0,"mot":"U","mo":31591.0},{"cn":"","ui":"","t":0.0,"r":0.0,"q":0.0,"p":0.0,"mot":"L","mo":0.0}]},{"d":"01.01.2018","r":264000.0,"q":1.0,"p":5.0,"s":[{"cn":"S","ui":"8416512","t":264000.0,"r":264000.0,"q":1.0,"p":5.0,"mot":"U","mo":264000.0},{"cn":"","ui":"","t":0.0,"r":0.0,"q":0.0,"p":0.0,"mot":"L","mo":0.0}]},{"d":"02.01.2018","r":954000.0,"q":1.0,"p":3.0,"s":[{"cn":"S","ui":"8416512","t":954000.0,"r":954000.0,"q":1.0,"p":3.0,"mot":"U","mo":954000.0},{"cn":"","ui":"","t":0.0,"r":0.0,"q":0.0,"p":0.0,"mot":"L","mo":0.0}]},{"d":"12.01.2018","r":387393.0,"q":1.0,"p":10.0,"s":[{"cn":"georgezhukov199 Инвест","ui":"8426268","t":387393.0,"r":387393.0,"q":1.0,"p":10.0,"mot":"U","mo":387393.0},{"cn":"","ui":"","t":0.0,"r":0.0,"q":0.0,"p":0.0,"mot":"L","mo":0.0}]},{"d":"17.01.2018","r":30000.0,"q":1.0,"p":2.0,"s":[{"cn":"gleb9930 Инвест","ui":"8431092","t":367504.0,"r":355504.0,"q":1.0,"p":2.0,"mot":"L","mo":30000.0},{"cn":"","ui":"","t":0.0,"r":0.0,"q":0.0,"p":0.0,"mot":"L","mo":0.0}]},{"d":"30.01.2018","r":802321.0,"q":1.0,"p":9.0,"s":[{"cn":"gleb9930 Инвест","ui":"8444517","t":816212.0,"r":802321.0,"q":1.0,"p":9.0,"mot":"U","mo":802321.0},{"cn":"","ui":"","t":0.0,"r":0.0,"q":0.0,"p":0.0,"mot":"L","mo":0.0}]},{"d":"02.02.2018","r":23935.0,"q":1.0,"p":5.0,"s":[{"cn":"Andiwach_1 Инвест","ui":"8447940","t":24935.0,"r":23935.0,"q":1.0,"p":5.0,"mot":"U","mo":23935.0},{"cn":"","ui":"","t":0.0,"r":0.0,"q":0.0,"p":0.0,"mot":"L","mo":0.0}]},{"d":"13.02.2018","r":107985.0,"q":1.0,"p":2.0,"s":[{"cn":"Добрый Фил Корп","ui":"8459659","t":107985.0,"r":107985.0,"q":1.0,"p":2.0,"mot":"U","mo":107985.0},{"cn":"","ui":"","t":0.0,"r":0.0,"q":0.0,"p":0.0,"mot":"L","mo":0.0}]},{"d":"14.02.2018","r":9170.0,"q":1.0,"p":5.0,"s":[{"cn":"Добрый Фил Корп","ui":"8459659","t":30103.0,"r":9170.0,"q":1.0,"p":5.0,"mot":"U","mo":9170.0},{"cn":"","ui":"","t":0.0,"r":0.0,"q":0.0,"p":0.0,"mot":"L","mo":0.0}]},{"d":"15.02.2018","r":3900.0,"q":1.0,"p":15.0,"s":[{"cn":"ОЛВИПОЛлогистикинвест","ui":"8462539","t":4600.0,"r":3900.0,"q":1.0,"p":15.0,"mot":"U","mo":3900.0},{"cn":"","ui":"","t":0.0,"r":0.0,"q":0.0,"p":0.0,"mot":"L","mo":0.0}]},{"d":"09.03.2018","r":64935.0,"q":1.0,"p":9.0,"s":[{"cn":"Baboool inc.","ui":"8484532","t":64935.0,"r":64935.0,"q":1.0,"p":9.0,"mot":"U","mo":64935.0},{"cn":"","ui":"","t":0.0,"r":0.0,"q":0.0,"p":0.0,"mot":"L","mo":0.0}]},{"d":"21.03.2018","r":12903.0,"q":1.0,"p":883.91,"s":[{"cn":"AIR","ui":"8495513","t":11396.0,"r":11396.0,"q":1.0,"p":1000.0,"mot":"U","mo":11396.0},{"cn":"Промресурс","ui":"8496887","t":1507.0,"r":1507.0,"q":1.0,"p":6.0,"mot":"U","mo":1507.0},{"cn":"","ui":"","t":0.0,"r":0.0,"q":0.0,"p":0.0,"mot":"L","mo":0.0}]},{"d":"29.03.2018","r":26388.0,"q":1.0,"p":18.0,"s":[{"cn":"Кемдел","ui":"8505822","t":26388.0,"r":26388.0,"q":1.0,"p":18.0,"mot":"U","mo":26388.0},{"cn":"","ui":"","t":0.0,"r":0.0,"q":0.0,"p":0.0,"mot":"L","mo":0.0}]},{"d":"30.03.2018","r":10500.0,"q":1.0,"p":10.95,"s":[{"cn":"Omni Consumer Products","ui":"8507742","t":117423.0,"r":117423.0,"q":1.0,"p":10.0,"mot":"L","mo":10000.0},{"cn":"","ui":"","t":196318.0,"r":500.0,"q":1.0,"p":30.0,"mot":"L","mo":500.0}]},{"d":"09.04.2018","r":1000.0,"q":1.0,"p":8.0,"s":[{"cn":"D inc. N ltd. C unltd.","ui":"8516354","t":55187.0,"r":54912.0,"q":1.0,"p":8.0,"mot":"L","mo":1000.0},{"cn":"","ui":"","t":0.0,"r":0.0,"q":0.0,"p":0.0,"mot":"L","mo":0.0}]},{"d":"10.04.2018","r":1000.0,"q":1.0,"p":6.0,"s":[{"cn":"D inc. N ltd. C unltd.","ui":"8516354","t":113813.0,"r":113538.0,"q":1.0,"p":6.0,"mot":"L","mo":1000.0},{"cn":"","ui":"","t":0.0,"r":0.0,"q":0.0,"p":0.0,"mot":"L","mo":0.0}]},{"d":"11.04.2018","r":1000.0,"q":1.0,"p":6.0,"s":[{"cn":"D inc. N ltd. C unltd.","ui":"8516354","t":166516.0,"r":166241.0,"q":1.0,"p":6.0,"mot":"L","mo":1000.0},{"cn":"","ui":"","t":0.0,"r":0.0,"q":0.0,"p":0.0,"mot":"L","mo":0.0}]},{"d":"27.04.2018","r":95071.0,"q":1.0,"p":100.0,"s":[{"cn":"Shevr Инвест","ui":"8530987","t":95071.0,"r":95071.0,"q":1.0,"p":100.0,"mot":"U","mo":95071.0},{"cn":"","ui":"","t":0.0,"r":0.0,"q":0.0,"p":0.0,"mot":"L","mo":0.0}]},{"d":"03.05.2018","r":16700.0,"q":1.15,"p":5.0,"s":[{"cn":"Heku","ui":"8539925","t":27930.0,"r":27930.0,"q":1.15,"p":5.0,"mot":"L","mo":16700.0},{"cn":"","ui":"","t":0.0,"r":0.0,"q":0.0,"p":0.0,"mot":"L","mo":0.0}]},{"d":"04.05.2018","r":64935.0,"q":1.15,"p":19.86,"s":[{"cn":"Heku","ui":"8539925","t":64935.0,"r":64935.0,"q":1.15,"p":19.86,"mot":"L","mo":64935.0},{"cn":"","ui":"","t":0.0,"r":0.0,"q":0.0,"p":0.0,"mot":"L","mo":0.0}]},{"d":"07.06.2018","r":11760.0,"q":1.0,"p":6.0,"s":[{"cn":"RamGamer Limited","ui":"8572915","t":17640.0,"r":11760.0,"q":1.0,"p":6.0,"mot":"U","mo":11760.0},{"cn":"","ui":"","t":0.0,"r":0.0,"q":0.0,"p":0.0,"mot":"L","mo":0.0}]},{"d":"14.06.2018","r":56800.0,"q":1.0,"p":10.0,"s":[{"cn":"Inevstors Group","ui":"8581547","t":62680.0,"r":56800.0,"q":1.0,"p":10.0,"mot":"U","mo":56800.0},{"cn":"","ui":"","t":0.0,"r":0.0,"q":0.0,"p":0.0,"mot":"L","mo":0.0}]},{"d":"04.07.2018","r":836550.0,"q":1.0,"p":11.0,"s":[{"cn":"shop_2 Инвест","ui":"8601810","t":841550.0,"r":836550.0,"q":1.0,"p":11.0,"mot":"U","mo":836550.0},{"cn":"","ui":"","t":0.0,"r":0.0,"q":0.0,"p":0.0,"mot":"L","mo":0.0}]},{"d":"17.08.2018","r":417202.0,"q":1.0,"p":14.0,"s":[{"cn":"TAOrus Limited","ui":"8645618","t":423502.0,"r":417202.0,"q":1.0,"p":14.0,"mot":"U","mo":417202.0},{"cn":"","ui":"","t":0.0,"r":0.0,"q":0.0,"p":0.0,"mot":"L","mo":0.0}]},{"d":"05.09.2018","r":1.3325444E7,"q":1.0,"p":1.0,"s":[{"cn":"Keln Финанс","ui":"8666354","t":2058000.0,"r":2058000.0,"q":1.0,"p":1.0,"mot":"U","mo":2058000.0},{"cn":"Keln Финанс","ui":"8666355","t":2058000.0,"r":2058000.0,"q":1.0,"p":1.0,"mot":"U","mo":2058000.0},{"cn":"Keln Финанс","ui":"8666142","t":3880844.0,"r":3868244.0,"q":1.0,"p":1.0,"mot":"U","mo":3868244.0},{"cn":"Keln Финанс","ui":"8666143","t":2293200.0,"r":2293200.0,"q":1.0,"p":1.0,"mot":"U","mo":2293200.0},{"cn":"Keln Финанс","ui":"8666353","t":2058000.0,"r":2058000.0,"q":1.0,"p":1.0,"mot":"U","mo":2058000.0},{"cn":"Keln Финанс","ui":"8666804","t":810000.0,"r":810000.0,"q":1.0,"p":1.0,"mot":"U","mo":810000.0},{"cn":"","ui":"","t":180000.0,"r":180000.0,"q":1.0,"p":1.0,"mot":"L","mo":180000.0}]},{"d":"07.09.2018","r":28400.0,"q":1.0,"p":1.5,"s":[{"cn":"miha7 Финанс","ui":"8670514","t":28650.0,"r":28400.0,"q":1.0,"p":1.5,"mot":"U","mo":28400.0},{"cn":"","ui":"","t":0.0,"r":0.0,"q":0.0,"p":0.0,"mot":"L","mo":0.0}]},{"d":"10.09.2018","r":917667.0,"q":1.0,"p":1.62,"s":[{"cn":"PEM Limited","ui":"8673953","t":448667.0,"r":347667.0,"q":1.0,"p":1.48,"mot":"U","mo":347667.0},{"cn":"PEM Limited","ui":"8674802","t":570000.0,"r":570000.0,"q":1.0,"p":1.7,"mot":"U","mo":570000.0},{"cn":"","ui":"","t":0.0,"r":0.0,"q":0.0,"p":0.0,"mot":"L","mo":0.0}]},{"d":"12.09.2018","r":1494627.0,"q":1.0,"p":1.64,"s":[{"cn":"PEM Limited","ui":"8673953","t":293399.0,"r":293399.0,"q":1.0,"p":1.8,"mot":"U","mo":293399.0},{"cn":"PEM Limited","ui":"8674802","t":1170000.0,"r":1170000.0,"q":1.0,"p":1.6,"mot":"U","mo":1170000.0},{"cn":"","ui":"","t":37108.0,"r":31228.0,"q":1.0,"p":1.5,"mot":"L","mo":31228.0}]},{"d":"01.02.2019","r":90457.0,"q":1.0,"p":8.0,"s":[{"cn":"Meme\u0027s touch Inc.","ui":"8833594","t":110457.0,"r":90457.0,"q":1.0,"p":8.0,"mot":"L","mo":90457.0},{"cn":"","ui":"","t":0.0,"r":0.0,"q":0.0,"p":0.0,"mot":"L","mo":0.0}]},{"d":"18.02.2019","r":71774.0,"q":1.0,"p":3.0,"s":[{"cn":"Makos Invest","ui":"8855704","t":75274.0,"r":71774.0,"q":1.0,"p":3.0,"mot":"U","mo":71774.0},{"cn":"","ui":"","t":0.0,"r":0.0,"q":0.0,"p":0.0,"mot":"L","mo":0.0}]},{"d":"19.02.2019","r":123524.0,"q":1.0,"p":4.0,"s":[{"cn":"Makos Invest","ui":"8855704","t":127624.0,"r":123524.0,"q":1.0,"p":4.0,"mot":"U","mo":123524.0},{"cn":"","ui":"","t":0.0,"r":0.0,"q":0.0,"p":0.0,"mot":"L","mo":0.0}]},{"d":"27.02.2019","r":25000.0,"q":1.0,"p":3.5,"s":[{"cn":"Линяка ТМ","ui":"8865099","t":243517.0,"r":231442.0,"q":1.0,"p":3.5,"mot":"L","mo":25000.0},{"cn":"","ui":"","t":0.0,"r":0.0,"q":0.0,"p":0.0,"mot":"L","mo":0.0}]},{"d":"28.02.2019","r":27000.0,"q":1.0,"p":3.5,"s":[{"cn":"Линяка ТМ","ui":"8865099","t":392993.0,"r":368993.0,"q":1.0,"p":3.5,"mot":"L","mo":27000.0},{"cn":"","ui":"","t":0.0,"r":0.0,"q":0.0,"p":0.0,"mot":"L","mo":0.0}]},{"d":"01.03.2019","r":1267671.0,"q":1.0,"p":5.0,"s":[{"cn":"Xcom","ui":"8867385","t":1267671.0,"r":1267671.0,"q":1.0,"p":5.0,"mot":"U","mo":1267671.0},{"cn":"","ui":"","t":0.0,"r":0.0,"q":0.0,"p":0.0,"mot":"L","mo":0.0}]},{"d":"18.03.2019","r":393934.0,"q":1.0,"p":1.5,"s":[{"cn":"DIMON-MAMON Инвест","ui":"8889394","t":393934.0,"r":393934.0,"q":1.0,"p":1.5,"mot":"U","mo":393934.0},{"cn":"","ui":"","t":0.0,"r":0.0,"q":0.0,"p":0.0,"mot":"L","mo":0.0}]},{"d":"10.05.2019","r":8500.0,"q":1.0,"p":19.0,"s":[{"cn":"Aspire","ui":"8951455","t":8500.0,"r":8500.0,"q":1.0,"p":19.0,"mot":"U","mo":8500.0},{"cn":"","ui":"","t":0.0,"r":0.0,"q":0.0,"p":0.0,"mot":"L","mo":0.0}]},{"d":"13.06.2019","r":927320.0,"q":1.0,"p":10.0,"s":[{"cn":"YOTA","ui":"8987171","t":927320.0,"r":927320.0,"q":1.0,"p":10.0,"mot":"U","mo":927320.0},{"cn":"","ui":"","t":0.0,"r":0.0,"q":0.0,"p":0.0,"mot":"L","mo":0.0}]},{"d":"14.06.2019","r":1823370.0,"q":1.0,"p":10.0,"s":[{"cn":"YOTA","ui":"8987171","t":1823370.0,"r":1823370.0,"q":1.0,"p":10.0,"mot":"U","mo":1823370.0},{"cn":"","ui":"","t":0.0,"r":0.0,"q":0.0,"p":0.0,"mot":"L","mo":0.0}]},{"d":"06.08.2019","r":70000.0,"q":1.0,"p":2.0,"s":[{"cn":"Green World Ltd.","ui":"9045972","t":70000.0,"r":70000.0,"q":1.0,"p":2.0,"mot":"U","mo":70000.0},{"cn":"","ui":"","t":0.0,"r":0.0,"q":0.0,"p":0.0,"mot":"L","mo":0.0}]},{"d":"07.08.2019","r":390785.0,"q":1.0,"p":3.62,"s":[{"cn":"T-Company","ui":"9046240","t":355625.0,"r":349625.0,"q":1.0,"p":2.75,"mot":"U","mo":349625.0},{"cn":"Hard Industry Corporation","ui":"9047097","t":41160.0,"r":41160.0,"q":1.0,"p":11.0,"mot":"U","mo":41160.0},{"cn":"","ui":"","t":0.0,"r":0.0,"q":0.0,"p":0.0,"mot":"L","mo":0.0}]},{"d":"08.08.2019","r":84425.0,"q":1.0,"p":39.99,"s":[{"cn":"Hard Industry Corporation","ui":"9046083","t":84425.0,"r":84425.0,"q":1.0,"p":39.99,"mot":"U","mo":84425.0},{"cn":"","ui":"","t":0.0,"r":0.0,"q":0.0,"p":0.0,"mot":"L","mo":0.0}]},{"d":"09.08.2019","r":317257.0,"q":1.0,"p":10.66,"s":[{"cn":"Hard Industry Corporation","ui":"9048596","t":230758.0,"r":228756.0,"q":1.0,"p":11.0,"mot":"U","mo":228756.0},{"cn":"Bodhi","ui":"9048781","t":87000.0,"r":68500.0,"q":1.0,"p":3.0,"mot":"U","mo":68500.0},{"cn":"Oil Energy Ltd.","ui":"9049248","t":20001.0,"r":20001.0,"q":1.0,"p":33.0,"mot":"U","mo":20001.0},{"cn":"","ui":"","t":0.0,"r":0.0,"q":0.0,"p":0.0,"mot":"L","mo":0.0}]},{"d":"12.08.2019","r":1699339.0,"q":1.0,"p":2.5,"s":[{"cn":"Carreras Finance","ui":"9051670","t":1709839.0,"r":1699339.0,"q":1.0,"p":2.5,"mot":"U","mo":1699339.0},{"cn":"","ui":"","t":0.0,"r":0.0,"q":0.0,"p":0.0,"mot":"L","mo":0.0}]},{"d":"13.08.2019","r":54318.0,"q":1.0,"p":5.0,"s":[{"cn":"YK","ui":"9054605","t":57198.0,"r":54318.0,"q":1.0,"p":5.0,"mot":"U","mo":54318.0},{"cn":"","ui":"","t":0.0,"r":0.0,"q":0.0,"p":0.0,"mot":"L","mo":0.0}]},{"d":"14.08.2019","r":401561.0,"q":1.0,"p":5.0,"s":[{"cn":"YK","ui":"9054605","t":404441.0,"r":401561.0,"q":1.0,"p":5.0,"mot":"U","mo":401561.0},{"cn":"","ui":"","t":0.0,"r":0.0,"q":0.0,"p":0.0,"mot":"L","mo":0.0}]},{"d":"23.08.2019","r":106000.0,"q":1.0,"p":1.59,"s":[{"cn":"Yeet_Lord Incorporated","ui":"9068578","t":253904.0,"r":252904.0,"q":1.0,"p":1.27,"mot":"L","mo":100000.0},{"cn":"LIEO_IMAN Limited","ui":"9068519","t":60000.0,"r":54000.0,"q":1.0,"p":7.0,"mot":"L","mo":6000.0},{"cn":"","ui":"","t":0.0,"r":0.0,"q":0.0,"p":0.0,"mot":"L","mo":0.0}]},{"d":"27.08.2019","r":9760.0,"q":1.0,"p":3.0,"s":[{"cn":"SalemSaberhagen Инвест","ui":"9073546","t":11760.0,"r":9760.0,"q":1.0,"p":3.0,"mot":"U","mo":9760.0},{"cn":"","ui":"","t":0.0,"r":0.0,"q":0.0,"p":0.0,"mot":"L","mo":0.0}]},{"d":"28.08.2019","r":229645.0,"q":1.0,"p":2.0,"s":[{"cn":"SalemSaberhagen Инвест","ui":"9073546","t":230802.0,"r":229645.0,"q":1.0,"p":2.0,"mot":"U","mo":229645.0},{"cn":"","ui":"","t":0.0,"r":0.0,"q":0.0,"p":0.0,"mot":"L","mo":0.0}]},{"d":"29.08.2019","r":439733.0,"q":1.0,"p":2.0,"s":[{"cn":"SalemSaberhagen Инвест","ui":"9073546","t":442627.0,"r":439733.0,"q":1.0,"p":2.0,"mot":"U","mo":439733.0},{"cn":"","ui":"","t":0.0,"r":0.0,"q":0.0,"p":0.0,"mot":"L","mo":0.0}]},{"d":"30.08.2019","r":658484.0,"q":1.0,"p":2.04,"s":[{"cn":"SalemSaberhagen Инвест","ui":"9073546","t":658318.0,"r":655424.0,"q":1.0,"p":2.0,"mot":"U","mo":655424.0},{"cn":"","ui":"","t":59112.0,"r":3060.0,"q":1.0,"p":11.0,"mot":"L","mo":3060.0}]},{"d":"03.09.2019","r":61224.0,"q":1.0,"p":5.0,"s":[{"cn":"LIEO_IMAN Limited","ui":"9081936","t":61224.0,"r":61224.0,"q":1.0,"p":5.0,"mot":"U","mo":61224.0},{"cn":"","ui":"","t":0.0,"r":0.0,"q":0.0,"p":0.0,"mot":"L","mo":0.0}]},{"d":"04.09.2019","r":842400.0,"q":1.0,"p":0.8,"s":[{"cn":"LIEO_IMAN Limited","ui":"9082342","t":854400.0,"r":842400.0,"q":1.0,"p":0.8,"mot":"U","mo":842400.0},{"cn":"","ui":"","t":0.0,"r":0.0,"q":0.0,"p":0.0,"mot":"L","mo":0.0}]},{"d":"09.09.2019","r":1465256.0,"q":1.0,"p":4.0,"s":[{"cn":"AaronCapital Limited","ui":"9087835","t":1466776.0,"r":1465256.0,"q":1.0,"p":4.0,"mot":"U","mo":1465256.0},{"cn":"","ui":"","t":0.0,"r":0.0,"q":0.0,"p":0.0,"mot":"L","mo":0.0}]},{"d":"10.09.2019","r":590729.0,"q":1.0,"p":2.6,"s":[{"cn":"She Ltd","ui":"9090902","t":590729.0,"r":590729.0,"q":1.0,"p":2.6,"mot":"U","mo":590729.0},{"cn":"","ui":"","t":0.0,"r":0.0,"q":0.0,"p":0.0,"mot":"L","mo":0.0}]},{"d":"18.09.2019","r":179970.0,"q":1.0,"p":5.0,"s":[{"cn":"relicton Инвест","ui":"9103218","t":179970.0,"r":179970.0,"q":1.0,"p":5.0,"mot":"U","mo":179970.0},{"cn":"","ui":"","t":0.0,"r":0.0,"q":0.0,"p":0.0,"mot":"L","mo":0.0}]},{"d":"19.09.2019","r":481818.0,"q":1.0,"p":5.0,"s":[{"cn":"relicton Инвест","ui":"9104850","t":481818.0,"r":481818.0,"q":1.0,"p":5.0,"mot":"U","mo":481818.0},{"cn":"","ui":"","t":0.0,"r":0.0,"q":0.0,"p":0.0,"mot":"L","mo":0.0}]},{"d":"20.09.2019","r":10000.0,"q":6.36,"p":0.0,"s":[{"cn":"Кельн Финанс","ui":"9106579","t":142872.0,"r":142872.0,"q":6.36,"p":0.001,"mot":"L","mo":10000.0},{"cn":"","ui":"","t":0.0,"r":0.0,"q":0.0,"p":0.0,"mot":"L","mo":0.0}]},{"d":"23.09.2019","r":61568.0,"q":1.0,"p":50.0,"s":[{"cn":"Grand Pro Ltd.","ui":"9110226","t":61568.0,"r":61568.0,"q":1.0,"p":50.0,"mot":"U","mo":61568.0},{"cn":"","ui":"","t":0.0,"r":0.0,"q":0.0,"p":0.0,"mot":"L","mo":0.0}]},{"d":"01.10.2019","r":50000.0,"q":1.12,"p":4.0,"s":[{"cn":"Holding 2_Pro Service","ui":"9120545","t":281609.0,"r":281609.0,"q":1.12,"p":4.0,"mot":"L","mo":50000.0},{"cn":"","ui":"","t":0.0,"r":0.0,"q":0.0,"p":0.0,"mot":"L","mo":0.0}]},{"d":"03.10.2019","r":20000.0,"q":1.0,"p":20.0,"s":[{"cn":"Galambos Limited","ui":"9126798","t":240693.0,"r":216293.0,"q":1.0,"p":20.0,"mot":"L","mo":20000.0},{"cn":"","ui":"","t":0.0,"r":0.0,"q":0.0,"p":0.0,"mot":"L","mo":0.0}]},{"d":"04.10.2019","r":27589.0,"q":1.0,"p":5.0,"s":[{"cn":"Googgle","ui":"9128915","t":39589.0,"r":27589.0,"q":1.0,"p":5.0,"mot":"U","mo":27589.0},{"cn":"","ui":"","t":0.0,"r":0.0,"q":0.0,"p":0.0,"mot":"L","mo":0.0}]},{"d":"10.10.2019","r":100000.0,"q":1.0,"p":2.4,"s":[{"cn":"ABC ","ui":"9137366","t":1151537.0,"r":1150937.0,"q":1.0,"p":2.4,"mot":"L","mo":100000.0},{"cn":"","ui":"","t":0.0,"r":0.0,"q":0.0,"p":0.0,"mot":"L","mo":0.0}]},{"d":"21.10.2019","r":182511.0,"q":1.0,"p":5474211.04,"s":[{"cn":"180995B Limited","ui":"9166573","t":117541.0,"r":117541.0,"q":1.0,"p":8500000.0,"mot":"U","mo":117541.0},{"cn":"herp derp","ui":"9164961","t":59970.0,"r":59970.0,"q":1.0,"p":3.85,"mot":"U","mo":59970.0},{"cn":"","ui":"","t":38200.0,"r":5000.0,"q":1.0,"p":1000.0,"mot":"L","mo":5000.0}]},{"d":"22.10.2019","r":735177.0,"q":1.0,"p":3.85,"s":[{"cn":"herp derp","ui":"9164961","t":735177.0,"r":735177.0,"q":1.0,"p":3.85,"mot":"U","mo":735177.0},{"cn":"","ui":"","t":0.0,"r":0.0,"q":0.0,"p":0.0,"mot":"L","mo":0.0}]},{"d":"23.10.2019","r":921875.0,"q":1.0,"p":1.4,"s":[{"cn":"The Food Company","ui":"9171040","t":47040.0,"r":47040.0,"q":1.0,"p":1.5,"mot":"U","mo":47040.0},{"cn":"butthole limited","ui":"9169743","t":882569.0,"r":870544.0,"q":1.0,"p":1.39,"mot":"U","mo":870544.0},{"cn":"","ui":"","t":4321.0,"r":4291.0,"q":1.0,"p":2.1,"mot":"L","mo":4291.0}]},{"d":"25.10.2019","r":29455.0,"q":1.0,"p":2.0,"s":[{"cn":"BFT1905 191453Z Non-profit Organisation","ui":"9180526","t":29455.0,"r":29455.0,"q":1.0,"p":2.0,"mot":"U","mo":29455.0},{"cn":"","ui":"","t":0.0,"r":0.0,"q":0.0,"p":0.0,"mot":"L","mo":0.0}]},{"d":"28.10.2019","r":635484.0,"q":1.0,"p":4.06,"s":[{"cn":"190697G","ui":"9188371","t":238510.0,"r":238510.0,"q":1.0,"p":1.0,"mot":"U","mo":238510.0},{"cn":"190697G","ui":"9186832","t":387813.0,"r":387813.0,"q":1.0,"p":6.0,"mot":"U","mo":387813.0},{"cn":"","ui":"","t":9161.0,"r":9161.0,"q":1.0,"p":1.65,"mot":"L","mo":9161.0}]},{"d":"31.10.2019","r":1062.0,"q":1.0,"p":18.0,"s":[{"cn":"180895E Limited","ui":"9194030","t":1062.0,"r":1062.0,"q":1.0,"p":18.0,"mot":"U","mo":1062.0},{"cn":"","ui":"","t":0.0,"r":0.0,"q":0.0,"p":0.0,"mot":"L","mo":0.0}]},{"d":"01.11.2019","r":4115.0,"q":1.0,"p":4.5,"s":[{"cn":"180895E Limited","ui":"9194030","t":4115.0,"r":4115.0,"q":1.0,"p":4.5,"mot":"U","mo":4115.0},{"cn":"","ui":"","t":0.0,"r":0.0,"q":0.0,"p":0.0,"mot":"L","mo":0.0}]},{"d":"07.11.2019","r":3234.0,"q":1.0,"p":0.86,"s":[{"cn":"Scherb Финанс","ui":"9206754","t":3234.0,"r":3234.0,"q":1.0,"p":0.86,"mot":"U","mo":3234.0},{"cn":"","ui":"","t":0.0,"r":0.0,"q":0.0,"p":0.0,"mot":"L","mo":0.0}]},{"d":"11.11.2019","r":10000.0,"q":1.0,"p":100.0,"s":[{"cn":"Лучшие склады","ui":"9212718","t":115910.0,"r":115910.0,"q":1.0,"p":100.0,"mot":"L","mo":10000.0},{"cn":"","ui":"","t":0.0,"r":0.0,"q":0.0,"p":0.0,"mot":"L","mo":0.0}]},{"d":"12.11.2019","r":10000.0,"q":1.0,"p":100.0,"s":[{"cn":"Лучшие склады","ui":"9212718","t":243213.0,"r":243213.0,"q":1.0,"p":100.0,"mot":"L","mo":10000.0},{"cn":"","ui":"","t":0.0,"r":0.0,"q":0.0,"p":0.0,"mot":"L","mo":0.0}]},{"d":"13.11.2019","r":10000.0,"q":1.0,"p":100.0,"s":[{"cn":"Лучшие склады","ui":"9212718","t":353293.0,"r":353293.0,"q":1.0,"p":100.0,"mot":"L","mo":10000.0},{"cn":"","ui":"","t":0.0,"r":0.0,"q":0.0,"p":0.0,"mot":"L","mo":0.0}]},{"d":"02.12.2019","r":79842.0,"q":1.0,"p":10.0,"s":[{"cn":"Holding 4 Unity","ui":"9246308","t":99842.0,"r":79842.0,"q":1.0,"p":10.0,"mot":"U","mo":79842.0},{"cn":"","ui":"","t":0.0,"r":0.0,"q":0.0,"p":0.0,"mot":"L","mo":0.0}]},{"d":"18.12.2019","r":29163.0,"q":1.0,"p":9.0,"s":[{"cn":"Semac Инвест","ui":"9270289","t":29163.0,"r":29163.0,"q":1.0,"p":9.0,"mot":"U","mo":29163.0},{"cn":"","ui":"","t":0.0,"r":0.0,"q":0.0,"p":0.0,"mot":"L","mo":0.0}]},{"d":"20.12.2019","r":1337374.0,"q":1.02,"p":8.66,"s":[{"cn":"190198D Limited","ui":"9272800","t":583126.0,"r":583126.0,"q":1.0,"p":8.4,"mot":"U","mo":583126.0},{"cn":"yixiang191927p","ui":"9272091","t":209970.0,"r":209970.0,"q":1.0,"p":7.0,"mot":"U","mo":209970.0},{"cn":"190697G","ui":"9272662","t":149520.0,"r":149520.0,"q":1.0,"p":10.0,"mot":"U","mo":149520.0},{"cn":"190198D Limited","ui":"9272718","t":302910.0,"r":302910.0,"q":1.0,"p":8.4,"mot":"U","mo":302910.0},{"cn":"","ui":"","t":91848.0,"r":91848.0,"q":1.32,"p":12.74,"mot":"L","mo":91848.0}]},{"d":"25.12.2019","r":128633.0,"q":1.0,"p":10.0,"s":[{"cn":"Orbit Industries","ui":"9279311","t":128633.0,"r":128633.0,"q":1.0,"p":10.0,"mot":"U","mo":128633.0},{"cn":"","ui":"","t":0.0,"r":0.0,"q":0.0,"p":0.0,"mot":"L","mo":0.0}]},{"d":"03.01.2020","r":23050.0,"q":1.0,"p":1.5,"s":[{"cn":"counteroofcie","ui":"9294032","t":23050.0,"r":23050.0,"q":1.0,"p":1.5,"mot":"U","mo":23050.0},{"cn":"","ui":"","t":0.0,"r":0.0,"q":0.0,"p":0.0,"mot":"L","mo":0.0}]},{"d":"07.01.2020","r":118177.0,"q":1.0,"p":30.0,"s":[{"cn":"SLN invest","ui":"9300960","t":118477.0,"r":118177.0,"q":1.0,"p":30.0,"mot":"U","mo":118177.0},{"cn":"","ui":"","t":0.0,"r":0.0,"q":0.0,"p":0.0,"mot":"L","mo":0.0}]},{"d":"08.01.2020","r":11383.0,"q":6.88,"p":3.75,"s":[{"cn":"BiT Ltd.","ui":"9301183","t":13435.0,"r":10883.0,"q":7.15,"p":3.0,"mot":"U","mo":10883.0},{"cn":"","ui":"","t":203417.0,"r":500.0,"q":1.0,"p":20.0,"mot":"L","mo":500.0}]},{"d":"09.01.2020","r":682813.0,"q":1.33,"p":1.11,"s":[{"cn":"192526R Inc.","ui":"9304155","t":646447.0,"r":646447.0,"q":1.0,"p":1.0,"mot":"U","mo":646447.0},{"cn":"","ui":"","t":44023.0,"r":36366.0,"q":7.17,"p":3.0,"mot":"L","mo":36366.0}]},{"d":"10.01.2020","r":500369.0,"q":1.0,"p":9.23,"s":[{"cn":"ivanes198_1 Инвест","ui":"9307559","t":359400.0,"r":359400.0,"q":1.0,"p":5.0,"mot":"U","mo":359400.0},{"cn":"ivanes198_1 Инвест","ui":"9307655","t":140969.0,"r":140969.0,"q":1.0,"p":20.0,"mot":"U","mo":140969.0},{"cn":"","ui":"","t":0.0,"r":0.0,"q":0.0,"p":0.0,"mot":"L","mo":0.0}]},{"d":"27.01.2020","r":744842.0,"q":1.0,"p":1.6,"s":[{"cn":"iks1 Инвест","ui":"9332091","t":744842.0,"r":744842.0,"q":1.0,"p":1.6,"mot":"U","mo":744842.0},{"cn":"","ui":"","t":0.0,"r":0.0,"q":0.0,"p":0.0,"mot":"L","mo":0.0}]},{"d":"03.02.2020","r":870262.0,"q":1.0,"p":50.0,"s":[{"cn":"Compania Gnzl","ui":"9339694","t":870262.0,"r":870262.0,"q":1.0,"p":50.0,"mot":"U","mo":870262.0},{"cn":"","ui":"","t":0.0,"r":0.0,"q":0.0,"p":0.0,"mot":"L","mo":0.0}]},{"d":"04.02.2020","r":1602378.0,"q":1.0,"p":50.0,"s":[{"cn":"Compania Gnzl","ui":"9339694","t":1602378.0,"r":1602378.0,"q":1.0,"p":50.0,"mot":"U","mo":1602378.0},{"cn":"","ui":"","t":0.0,"r":0.0,"q":0.0,"p":0.0,"mot":"L","mo":0.0}]},{"d":"28.02.2020","r":18000.0,"q":1.0,"p":5.0,"s":[{"cn":"aditeojr Limited","ui":"9370356","t":18000.0,"r":18000.0,"q":1.0,"p":5.0,"mot":"U","mo":18000.0},{"cn":"","ui":"","t":0.0,"r":0.0,"q":0.0,"p":0.0,"mot":"L","mo":0.0}]},{"d":"02.03.2020","r":54180.0,"q":1.0,"p":10.0,"s":[{"cn":"Saif555 Limited","ui":"9376827","t":54180.0,"r":54180.0,"q":1.0,"p":10.0,"mot":"U","mo":54180.0},{"cn":"","ui":"","t":0.0,"r":0.0,"q":0.0,"p":0.0,"mot":"L","mo":0.0}]},{"d":"18.03.2020","r":2000.0,"q":1.0,"p":25.0,"s":[{"cn":"Vasquezucci Финанс","ui":"9401341","t":8848.0,"r":7848.0,"q":1.0,"p":25.0,"mot":"L","mo":2000.0},{"cn":"","ui":"","t":0.0,"r":0.0,"q":0.0,"p":0.0,"mot":"L","mo":0.0}]},{"d":"19.03.2020","r":10000.0,"q":2.31,"p":1.0,"s":[{"cn":"Vasquezucci Финанс","ui":"9401341","t":88035.0,"r":88035.0,"q":2.31,"p":1.0,"mot":"L","mo":10000.0},{"cn":"","ui":"","t":0.0,"r":0.0,"q":0.0,"p":0.0,"mot":"L","mo":0.0}]},{"d":"20.03.2020","r":10000.0,"q":5.72,"p":1.0,"s":[{"cn":"Vasquezucci Финанс","ui":"9401341","t":38756.0,"r":38756.0,"q":5.72,"p":1.0,"mot":"L","mo":10000.0},{"cn":"","ui":"","t":0.0,"r":0.0,"q":0.0,"p":0.0,"mot":"L","mo":0.0}]},{"d":"23.03.2020","r":145000.0,"q":1.0,"p":4.0,"s":[{"cn":"LIEO_IMAN Limited","ui":"9407601","t":150000.0,"r":145000.0,"q":1.0,"p":4.0,"mot":"U","mo":145000.0},{"cn":"","ui":"","t":0.0,"r":0.0,"q":0.0,"p":0.0,"mot":"L","mo":0.0}]},{"d":"30.03.2020","r":2420418.0,"q":1.0,"p":30.0,"s":[{"cn":"kolyumba Финанс","ui":"9418227","t":2420418.0,"r":2420418.0,"q":1.0,"p":30.0,"mot":"U","mo":2420418.0},{"cn":"","ui":"","t":0.0,"r":0.0,"q":0.0,"p":0.0,"mot":"L","mo":0.0}]},{"d":"31.03.2020","r":131474.0,"q":3.76,"p":40.0,"s":[{"cn":"Vasquezucci Инвест","ui":"9419806","t":132974.0,"r":131474.0,"q":3.76,"p":40.0,"mot":"U","mo":131474.0},{"cn":"","ui":"","t":0.0,"r":0.0,"q":0.0,"p":0.0,"mot":"L","mo":0.0}]},{"d":"01.04.2020","r":170976.0,"q":4.76,"p":1.0,"s":[{"cn":"Vasquezucci Инвест","ui":"9419806","t":173976.0,"r":170976.0,"q":4.76,"p":1.0,"mot":"U","mo":170976.0},{"cn":"","ui":"","t":0.0,"r":0.0,"q":0.0,"p":0.0,"mot":"L","mo":0.0}]},{"d":"02.04.2020","r":491713.0,"q":1.0,"p":10.0,"s":[{"cn":"Bigmoney Ltd","ui":"9423007","t":494713.0,"r":491713.0,"q":1.0,"p":10.0,"mot":"U","mo":491713.0},{"cn":"","ui":"","t":0.0,"r":0.0,"q":0.0,"p":0.0,"mot":"L","mo":0.0}]},{"d":"09.04.2020","r":45339.0,"q":1.0,"p":17.0,"s":[{"cn":"Romvlay","ui":"9433346","t":45339.0,"r":45339.0,"q":1.0,"p":17.0,"mot":"U","mo":45339.0},{"cn":"","ui":"","t":0.0,"r":0.0,"q":0.0,"p":0.0,"mot":"L","mo":0.0}]},{"d":"13.04.2020","r":8565.0,"q":2.44,"p":1.0,"s":[{"cn":"Beavis\u0027n\u0027ButtHead","ui":"9440043","t":8565.0,"r":8565.0,"q":2.44,"p":1.0,"mot":"U","mo":8565.0},{"cn":"","ui":"","t":0.0,"r":0.0,"q":0.0,"p":0.0,"mot":"L","mo":0.0}]},{"d":"16.04.2020","r":3000.0,"q":1.0,"p":2.0,"s":[{"cn":"ZZ top LTD.","ui":"9446141","t":3000.0,"r":3000.0,"q":1.0,"p":2.0,"mot":"U","mo":3000.0},{"cn":"","ui":"","t":0.0,"r":0.0,"q":0.0,"p":0.0,"mot":"L","mo":0.0}]},{"d":"23.04.2020","r":281177.0,"q":1.0,"p":25.0,"s":[{"cn":"LeroKimerLenDTD","ui":"9460122","t":293177.0,"r":281177.0,"q":1.0,"p":25.0,"mot":"L","mo":281177.0},{"cn":"","ui":"","t":0.0,"r":0.0,"q":0.0,"p":0.0,"mot":"L","mo":0.0}]},{"d":"06.05.2020","r":12048.0,"q":1.94,"p":1.0,"s":[{"cn":"Vasquezucci Финанс","ui":"9479048","t":12048.0,"r":12048.0,"q":1.94,"p":1.0,"mot":"U","mo":12048.0},{"cn":"","ui":"","t":0.0,"r":0.0,"q":0.0,"p":0.0,"mot":"L","mo":0.0}]},{"d":"08.05.2020","r":904955.0,"q":1.0,"p":16.0,"s":[{"cn":"thechrissears Limited","ui":"9482401","t":910760.0,"r":904955.0,"q":1.0,"p":16.0,"mot":"U","mo":904955.0},{"cn":"","ui":"","t":0.0,"r":0.0,"q":0.0,"p":0.0,"mot":"L","mo":0.0}]},{"d":"11.05.2020","r":5000.0,"q":1.0,"p":20.0,"s":[{"cn":"LEDD Technologies","ui":"9484618","t":127831.0,"r":127831.0,"q":1.0,"p":20.0,"mot":"L","mo":5000.0},{"cn":"","ui":"","t":0.0,"r":0.0,"q":0.0,"p":0.0,"mot":"L","mo":0.0}]},{"d":"12.05.2020","r":11000.0,"q":1.0,"p":1.9,"s":[{"cn":"ALRol Финанс","ui":"9489115","t":309548.0,"r":297548.0,"q":1.0,"p":1.9,"mot":"L","mo":11000.0},{"cn":"","ui":"","t":0.0,"r":0.0,"q":0.0,"p":0.0,"mot":"L","mo":0.0}]},{"d":"13.05.2020","r":70000.0,"q":1.0,"p":10.0,"s":[{"cn":"ALRol Финанс","ui":"9490229","t":78496.0,"r":77996.0,"q":1.0,"p":10.0,"mot":"L","mo":70000.0},{"cn":"","ui":"","t":0.0,"r":0.0,"q":0.0,"p":0.0,"mot":"L","mo":0.0}]},{"d":"26.06.2020","r":119760.0,"q":1.0,"p":10.0,"s":[{"cn":"zallmoxes Limited","ui":"9554900","t":119760.0,"r":119760.0,"q":1.0,"p":10.0,"mot":"U","mo":119760.0},{"cn":"","ui":"","t":0.0,"r":0.0,"q":0.0,"p":0.0,"mot":"L","mo":0.0}]},{"d":"27.07.2020","r":166536.0,"q":1.0,"p":4.0,"s":[{"cn":"Без Рогов и Копыт","ui":"9596884","t":166536.0,"r":166536.0,"q":1.0,"p":4.0,"mot":"U","mo":166536.0},{"cn":"","ui":"","t":0.0,"r":0.0,"q":0.0,"p":0.0,"mot":"L","mo":0.0}]},{"d":"30.07.2020","r":125000.0,"q":1.0,"p":5.0,"s":[{"cn":"nongkai Limited","ui":"9601433","t":867597.0,"r":867597.0,"q":1.0,"p":5.0,"mot":"L","mo":125000.0},{"cn":"","ui":"","t":0.0,"r":0.0,"q":0.0,"p":0.0,"mot":"L","mo":0.0}]},{"d":"31.07.2020","r":125000.0,"q":1.0,"p":5.0,"s":[{"cn":"nongkai Limited","ui":"9601433","t":908121.0,"r":908121.0,"q":1.0,"p":5.0,"mot":"L","mo":125000.0},{"cn":"","ui":"","t":0.0,"r":0.0,"q":0.0,"p":0.0,"mot":"L","mo":0.0}]},{"d":"10.08.2020","r":71320.0,"q":1.0,"p":7.39,"s":[{"cn":"Georgiy_Presvetov Финанс","ui":"9617074","t":70560.0,"r":70060.0,"q":1.0,"p":7.5,"mot":"U","mo":70060.0},{"cn":"","ui":"","t":1260.0,"r":1260.0,"q":1.0,"p":1.0,"mot":"L","mo":1260.0}]},{"d":"07.09.2020","r":20817.0,"q":1.0,"p":10.0,"s":[{"cn":"Festplassen AS","ui":"9656628","t":20882.0,"r":20817.0,"q":1.0,"p":10.0,"mot":"U","mo":20817.0},{"cn":"","ui":"","t":0.0,"r":0.0,"q":0.0,"p":0.0,"mot":"L","mo":0.0}]},{"d":"08.09.2020","r":88141.0,"q":1.0,"p":1.4,"s":[{"cn":"Анненков Финанс","ui":"9658575","t":88141.0,"r":88141.0,"q":1.0,"p":1.4,"mot":"U","mo":88141.0},{"cn":"","ui":"","t":0.0,"r":0.0,"q":0.0,"p":0.0,"mot":"L","mo":0.0}]},{"d":"09.09.2020","r":204785.0,"q":1.0,"p":100000.0,"s":[{"cn":"Анненков Финанс","ui":"9658575","t":204845.0,"r":204785.0,"q":1.0,"p":100000.0,"mot":"U","mo":204785.0},{"cn":"","ui":"","t":0.0,"r":0.0,"q":0.0,"p":0.0,"mot":"L","mo":0.0}]},{"d":"10.09.2020","r":204845.0,"q":1.0,"p":100000.0,"s":[{"cn":"Анненков Финанс","ui":"9658575","t":204845.0,"r":204845.0,"q":1.0,"p":100000.0,"mot":"U","mo":204845.0},{"cn":"","ui":"","t":0.0,"r":0.0,"q":0.0,"p":0.0,"mot":"L","mo":0.0}]},{"d":"23.09.2020","r":30000.0,"q":1.0,"p":1000.0,"s":[{"cn":"Ercent_88 Инвест","ui":"9679838","t":30000.0,"r":30000.0,"q":1.0,"p":1000.0,"mot":"U","mo":30000.0},{"cn":"","ui":"","t":0.0,"r":0.0,"q":0.0,"p":0.0,"mot":"L","mo":0.0}]},{"d":"19.10.2020","r":19800.0,"q":1.0,"p":30.0,"s":[{"cn":"Alphainv S.A.","ui":"9725065","t":19800.0,"r":19800.0,"q":1.0,"p":30.0,"mot":"U","mo":19800.0},{"cn":"","ui":"","t":0.0,"r":0.0,"q":0.0,"p":0.0,"mot":"L","mo":0.0}]},{"d":"05.11.2020","r":146855.0,"q":1.0,"p":5.1,"s":[{"cn":"KopytinK Ltd.","ui":"9750793","t":144005.0,"r":144005.0,"q":1.0,"p":5.0,"mot":"U","mo":144005.0},{"cn":"","ui":"","t":2850.0,"r":2850.0,"q":1.15,"p":10.0,"mot":"L","mo":2850.0}]},{"d":"12.11.2020","r":149989.0,"q":6.62,"p":3.13,"s":[{"cn":"Б1117-38.03.05_Big Chungus","ui":"9766244","t":133054.0,"r":132988.0,"q":7.14,"p":2.0,"mot":"U","mo":132988.0},{"cn":"Б1117-38.03.05_Big Chungus","ui":"9766241","t":29001.0,"r":17001.0,"q":2.54,"p":12.0,"mot":"U","mo":17001.0},{"cn":"","ui":"","t":0.0,"r":0.0,"q":0.0,"p":0.0,"mot":"L","mo":0.0}]},{"d":"16.11.2020","r":336.0,"q":1.15,"p":156.0,"s":[{"cn":"надежда","ui":"9773396","t":336.0,"r":336.0,"q":1.15,"p":156.0,"mot":"U","mo":336.0},{"cn":"","ui":"","t":0.0,"r":0.0,"q":0.0,"p":0.0,"mot":"L","mo":0.0}]},{"d":"19.11.2020","r":55860.0,"q":1.15,"p":5.0,"s":[{"cn":"666","ui":"9779576","t":167356.0,"r":167356.0,"q":1.15,"p":5.0,"mot":"L","mo":55860.0},{"cn":"","ui":"","t":0.0,"r":0.0,"q":0.0,"p":0.0,"mot":"L","mo":0.0}]},{"d":"20.11.2020","r":200000.0,"q":1.15,"p":4.0,"s":[{"cn":"666","ui":"9779576","t":253825.0,"r":241825.0,"q":1.15,"p":4.0,"mot":"L","mo":200000.0},{"cn":"","ui":"","t":0.0,"r":0.0,"q":0.0,"p":0.0,"mot":"L","mo":0.0}]},{"d":"24.11.2020","r":64935.0,"q":1.0,"p":25.0,"s":[{"cn":"Symazbrodni222 Ltd.","ui":"9783177","t":64935.0,"r":64935.0,"q":1.0,"p":25.0,"mot":"U","mo":64935.0},{"cn":"","ui":"","t":0.0,"r":0.0,"q":0.0,"p":0.0,"mot":"L","mo":0.0}]},{"d":"27.11.2020","r":81761.0,"q":1.0,"p":15.0,"s":[{"cn":"Zebra_b1216-38.03.04","ui":"9793979","t":82011.0,"r":81761.0,"q":1.0,"p":15.0,"mot":"L","mo":81761.0},{"cn":"","ui":"","t":0.0,"r":0.0,"q":0.0,"p":0.0,"mot":"L","mo":0.0}]},{"d":"08.01.2021","r":177895.0,"q":1.0,"p":5.5,"s":[{"cn":"Lora2021 Ltd.","ui":"9855039","t":185546.0,"r":177895.0,"q":1.0,"p":5.5,"mot":"U","mo":177895.0},{"cn":"","ui":"","t":0.0,"r":0.0,"q":0.0,"p":0.0,"mot":"L","mo":0.0}]},{"d":"11.01.2021","r":677544.0,"q":1.0,"p":1000.0,"s":[{"cn":"ZPhe Ltd.","ui":"9859792","t":677544.0,"r":677544.0,"q":1.0,"p":1000.0,"mot":"U","mo":677544.0},{"cn":"","ui":"","t":0.0,"r":0.0,"q":0.0,"p":0.0,"mot":"L","mo":0.0}]},{"d":"03.02.2021","r":195548.0,"q":2.58,"p":62.52,"s":[{"cn":"Sk8ter_boi Ltd.","ui":"9893904","t":95071.0,"r":95071.0,"q":1.0,"p":1000.0,"mot":"L","mo":10000.0},{"cn":"Vasquezucci Ltd.","ui":"9894816","t":185548.0,"r":185548.0,"q":2.66,"p":12.0,"mot":"U","mo":185548.0},{"cn":"","ui":"","t":0.0,"r":0.0,"q":0.0,"p":0.0,"mot":"L","mo":0.0}]},{"d":"04.02.2021","r":395743.0,"q":2.95,"p":10.69,"s":[{"cn":"Sk8ter_boi Ltd.","ui":"9896678","t":95071.0,"r":95071.0,"q":1.0,"p":35.0,"mot":"U","mo":95071.0},{"cn":"Vasquezucci Ltd.","ui":"9894816","t":300672.0,"r":300672.0,"q":3.56,"p":3.0,"mot":"U","mo":300672.0},{"cn":"","ui":"","t":0.0,"r":0.0,"q":0.0,"p":0.0,"mot":"L","mo":0.0}]},{"d":"12.02.2021","r":116623.0,"q":1.0,"p":1000.0,"s":[{"cn":"Walker Ltd.","ui":"9910070","t":116673.0,"r":116623.0,"q":1.0,"p":1000.0,"mot":"U","mo":116623.0},{"cn":"","ui":"","t":0.0,"r":0.0,"q":0.0,"p":0.0,"mot":"L","mo":0.0}]},{"d":"02.03.2021","r":76.0,"q":1.0,"p":3.0,"s":[{"cn":"Б1119-38.03.02(2)_Ko$hki","ui":"9941375","t":1176.0,"r":76.0,"q":1.0,"p":3.0,"mot":"L","mo":76.0},{"cn":"","ui":"","t":0.0,"r":0.0,"q":0.0,"p":0.0,"mot":"L","mo":0.0}]},{"d":"05.03.2021","r":21000.0,"q":1.0,"p":3.2,"s":[{"cn":"Б1119-38.03.02(2)_Ko$hki","ui":"9941375","t":45460.0,"r":25460.0,"q":1.0,"p":3.2,"mot":"L","mo":21000.0},{"cn":"","ui":"","t":0.0,"r":0.0,"q":0.0,"p":0.0,"mot":"L","mo":0.0}]},{"d":"08.03.2021","r":3000.0,"q":2.82,"p":1.0,"s":[{"cn":"Vasquezucci Ltd.","ui":"9950635","t":9069.0,"r":9069.0,"q":2.82,"p":1.0,"mot":"L","mo":3000.0},{"cn":"","ui":"","t":0.0,"r":0.0,"q":0.0,"p":0.0,"mot":"L","mo":0.0}]},{"d":"09.03.2021","r":138427.0,"q":1.22,"p":7.85,"s":[{"cn":"Opes","ui":"9953204","t":135427.0,"r":135427.0,"q":1.15,"p":8.0,"mot":"U","mo":135427.0},{"cn":"","ui":"","t":17660.0,"r":3000.0,"q":4.55,"p":1.0,"mot":"L","mo":3000.0}]},{"d":"19.03.2021","r":8250.0,"q":1.0,"p":8.0,"s":[{"cn":"Компания Активной Молодежи","ui":"9967508","t":9150.0,"r":8250.0,"q":1.0,"p":8.0,"mot":"U","mo":8250.0},{"cn":"","ui":"","t":0.0,"r":0.0,"q":0.0,"p":0.0,"mot":"L","mo":0.0}]},{"d":"23.03.2021","r":500.0,"q":1.88,"p":2.0,"s":[{"cn":"Vasquezucci Ltd.","ui":"9980996","t":16908.0,"r":16908.0,"q":1.88,"p":2.0,"mot":"L","mo":500.0},{"cn":"","ui":"","t":0.0,"r":0.0,"q":0.0,"p":0.0,"mot":"L","mo":0.0}]},{"d":"24.03.2021","r":2000.0,"q":4.72,"p":2.0,"s":[{"cn":"Vasquezucci Ltd.","ui":"9980996","t":37361.0,"r":37351.0,"q":4.72,"p":2.0,"mot":"L","mo":2000.0},{"cn":"","ui":"","t":0.0,"r":0.0,"q":0.0,"p":0.0,"mot":"L","mo":0.0}]},{"d":"29.03.2021","r":240842.0,"q":1.0,"p":4.4,"s":[{"cn":"Cavenok Ltd.","ui":"9990623","t":144739.0,"r":144739.0,"q":1.0,"p":4.0,"mot":"U","mo":144739.0},{"cn":"XxX-666 Ltd.","ui":"9992434","t":96103.0,"r":96103.0,"q":1.0,"p":5.0,"mot":"U","mo":96103.0},{"cn":"","ui":"","t":0.0,"r":0.0,"q":0.0,"p":0.0,"mot":"L","mo":0.0}]},{"d":"30.03.2021","r":260594.0,"q":1.0,"p":1.5,"s":[{"cn":"Cavenok Ltd.","ui":"9990623","t":260594.0,"r":260594.0,"q":1.0,"p":1.5,"mot":"U","mo":260594.0},{"cn":"","ui":"","t":0.0,"r":0.0,"q":0.0,"p":0.0,"mot":"L","mo":0.0}]},{"d":"31.03.2021","r":13749.0,"q":1.15,"p":2.5,"s":[{"cn":"Au1456337_15804 Ltd.","ui":"9995544","t":13749.0,"r":13749.0,"q":1.15,"p":2.5,"mot":"U","mo":13749.0},{"cn":"","ui":"","t":0.0,"r":0.0,"q":0.0,"p":0.0,"mot":"L","mo":0.0}]},{"d":"01.04.2021","r":28341.0,"q":1.15,"p":2.5,"s":[{"cn":"Au1456337_15804 Ltd.","ui":"9995544","t":28341.0,"r":28341.0,"q":1.15,"p":2.5,"mot":"U","mo":28341.0},{"cn":"","ui":"","t":0.0,"r":0.0,"q":0.0,"p":0.0,"mot":"L","mo":0.0}]},{"d":"02.04.2021","r":44149.0,"q":1.15,"p":2.5,"s":[{"cn":"Au1456337_15804 Ltd.","ui":"9995544","t":44149.0,"r":44149.0,"q":1.15,"p":2.5,"mot":"U","mo":44149.0},{"cn":"","ui":"","t":0.0,"r":0.0,"q":0.0,"p":0.0,"mot":"L","mo":0.0}]},{"d":"12.04.2021","r":10000.0,"q":7.36,"p":2.0,"s":[{"cn":"Vasquezucci Финанс","ui":"10014928","t":79349.0,"r":79349.0,"q":7.36,"p":2.0,"mot":"L","mo":10000.0},{"cn":"","ui":"","t":0.0,"r":0.0,"q":0.0,"p":0.0,"mot":"L","mo":0.0}]},{"d":"30.04.2021","r":1000.0,"q":2.11,"p":1.0,"s":[{"cn":"Vasquezucci Ltd.","ui":"10048309","t":57986.0,"r":57986.0,"q":2.11,"p":1.0,"mot":"L","mo":1000.0},{"cn":"","ui":"","t":0.0,"r":0.0,"q":0.0,"p":0.0,"mot":"L","mo":0.0}]},{"d":"08.11.2021","r":21769.0,"q":1.0,"p":1.23,"s":[{"cn":"Avain Ltd.","ui":"10349292","t":52361.0,"r":21769.0,"q":1.0,"p":1.23,"mot":"U","mo":21769.0},{"cn":"","ui":"","t":0.0,"r":0.0,"q":0.0,"p":0.0,"mot":"L","mo":0.0}]},{"d":"11.11.2021","r":33600.0,"q":1.0,"p":2.0,"s":[{"cn":"Digoblin Ltd.","ui":"10357328","t":33600.0,"r":33600.0,"q":1.0,"p":2.0,"mot":"U","mo":33600.0},{"cn":"","ui":"","t":0.0,"r":0.0,"q":0.0,"p":0.0,"mot":"L","mo":0.0}]},{"d":"23.11.2021","r":454607.0,"q":1.15,"p":15.0,"s":[{"cn":"Rocksanna Ltd.","ui":"10378893","t":226607.0,"r":226607.0,"q":1.15,"p":16.0,"mot":"U","mo":226607.0},{"cn":"Rocksanna Ltd.","ui":"10378895","t":228000.0,"r":228000.0,"q":1.15,"p":14.0,"mot":"U","mo":228000.0},{"cn":"","ui":"","t":0.0,"r":0.0,"q":0.0,"p":0.0,"mot":"L","mo":0.0}]},{"d":"24.11.2021","r":761919.0,"q":1.36,"p":16.18,"s":[{"cn":"Rocksanna Ltd.","ui":"10377561","t":758142.0,"r":727357.0,"q":1.15,"p":16.0,"mot":"U","mo":727357.0},{"cn":"","ui":"","t":34562.0,"r":34562.0,"q":5.85,"p":20.0,"mot":"L","mo":34562.0}]},{"d":"21.12.2021","r":46416.0,"q":1.0,"p":3.0,"s":[{"cn":"1aaaaaa Ltd.","ui":"10425514","t":49416.0,"r":46416.0,"q":1.0,"p":3.0,"mot":"U","mo":46416.0},{"cn":"","ui":"","t":0.0,"r":0.0,"q":0.0,"p":0.0,"mot":"L","mo":0.0}]},{"d":"22.12.2021","r":219696.0,"q":1.0,"p":3.0,"s":[{"cn":"1aaaaaa Ltd.","ui":"10425514","t":219696.0,"r":219696.0,"q":1.0,"p":3.0,"mot":"U","mo":219696.0},{"cn":"","ui":"","t":0.0,"r":0.0,"q":0.0,"p":0.0,"mot":"L","mo":0.0}]},{"d":"04.01.2022","r":3990.0,"q":1.15,"p":2.0,"s":[{"cn":"Pica Ltd.","ui":"10444120","t":3990.0,"r":3990.0,"q":1.15,"p":2.0,"mot":"U","mo":3990.0},{"cn":"","ui":"","t":0.0,"r":0.0,"q":0.0,"p":0.0,"mot":"L","mo":0.0}]},{"d":"05.01.2022","r":4213.0,"q":1.15,"p":2.0,"s":[{"cn":"Pica Ltd.","ui":"10444120","t":4213.0,"r":4213.0,"q":1.15,"p":2.0,"mot":"U","mo":4213.0},{"cn":"","ui":"","t":0.0,"r":0.0,"q":0.0,"p":0.0,"mot":"L","mo":0.0}]},{"d":"23.02.2022","r":1500.0,"q":1.0,"p":5.0,"s":[{"cn":"Borusdel Ltd.","ui":"10520269","t":1500.0,"r":1500.0,"q":1.0,"p":5.0,"mot":"U","mo":1500.0},{"cn":"","ui":"","t":0.0,"r":0.0,"q":0.0,"p":0.0,"mot":"L","mo":0.0}]},{"d":"24.02.2022","r":646979.0,"q":1.0,"p":60.0,"s":[{"cn":"OMG Dynamic Ltd.","ui":"10520637","t":646979.0,"r":646979.0,"q":1.0,"p":60.0,"mot":"U","mo":646979.0},{"cn":"","ui":"","t":0.0,"r":0.0,"q":0.0,"p":0.0,"mot":"L","mo":0.0}]},{"d":"04.03.2022","r":18000.0,"q":1.0,"p":5.0,"s":[{"cn":"LC Foodie, SLC","ui":"10535381","t":9000.0,"r":9000.0,"q":1.0,"p":5.0,"mot":"U","mo":9000.0},{"cn":"LC Foodie, SLC","ui":"10535380","t":9000.0,"r":9000.0,"q":1.0,"p":5.0,"mot":"U","mo":9000.0},{"cn":"","ui":"","t":0.0,"r":0.0,"q":0.0,"p":0.0,"mot":"L","mo":0.0}]},{"d":"09.03.2022","r":600374.0,"q":1.0,"p":5.0,"s":[{"cn":"Genco Ltd","ui":"10541800","t":431262.0,"r":431262.0,"q":1.0,"p":5.0,"mot":"L","mo":300187.0},{"cn":"Genco Ltd","ui":"10541802","t":437321.0,"r":437321.0,"q":1.0,"p":5.0,"mot":"L","mo":300187.0},{"cn":"","ui":"","t":0.0,"r":0.0,"q":0.0,"p":0.0,"mot":"L","mo":0.0}]},{"d":"10.03.2022","r":600374.0,"q":1.0,"p":5.0,"s":[{"cn":"Genco Ltd","ui":"10541800","t":587837.0,"r":587837.0,"q":1.0,"p":5.0,"mot":"L","mo":300187.0},{"cn":"Genco Ltd","ui":"10541802","t":603975.0,"r":603975.0,"q":1.0,"p":5.0,"mot":"L","mo":300187.0},{"cn":"","ui":"","t":0.0,"r":0.0,"q":0.0,"p":0.0,"mot":"L","mo":0.0}]},{"d":"16.03.2022","r":114726.0,"q":1.0,"p":70.85,"s":[{"cn":"LYRYNYUM COMPANY","ui":"10553675","t":114726.0,"r":114726.0,"q":1.0,"p":70.85,"mot":"U","mo":114726.0},{"cn":"","ui":"","t":0.0,"r":0.0,"q":0.0,"p":0.0,"mot":"L","mo":0.0}]},{"d":"17.03.2022","r":269574.0,"q":1.15,"p":100.0,"s":[{"cn":"Leonov.gleb Ltd.","ui":"10554366","t":269574.0,"r":269574.0,"q":1.15,"p":100.0,"mot":"U","mo":269574.0},{"cn":"","ui":"","t":0.0,"r":0.0,"q":0.0,"p":0.0,"mot":"L","mo":0.0}]},{"d":"21.03.2022","r":127821.0,"q":1.0,"p":9.51,"s":[{"cn":"Б1119-38.03.01(3)_\u0026quot;ООО Фасебук\u0026quot;","ui":"10561598","t":124301.0,"r":124301.0,"q":1.0,"p":9.5,"mot":"U","mo":124301.0},{"cn":"","ui":"","t":7520.0,"r":3520.0,"q":1.0,"p":10.0,"mot":"L","mo":3520.0}]},{"d":"29.03.2022","r":50000.0,"q":1.0,"p":4.1,"s":[{"cn":"Крей Ltd.","ui":"10574300","t":1205371.0,"r":1199371.0,"q":1.0,"p":4.1,"mot":"L","mo":50000.0},{"cn":"","ui":"","t":0.0,"r":0.0,"q":0.0,"p":0.0,"mot":"L","mo":0.0}]},{"d":"31.03.2022","r":59970.0,"q":1.0,"p":5.0,"s":[{"cn":"Olestr09 Ltd.","ui":"10578714","t":59970.0,"r":59970.0,"q":1.0,"p":5.0,"mot":"U","mo":59970.0},{"cn":"","ui":"","t":0.0,"r":0.0,"q":0.0,"p":0.0,"mot":"L","mo":0.0}]},{"d":"04.04.2022","r":15447.0,"q":7.94,"p":50.0,"s":[{"cn":"Vasquezucci Ltd.","ui":"10584065","t":15447.0,"r":15447.0,"q":7.94,"p":50.0,"mot":"U","mo":15447.0},{"cn":"","ui":"","t":0.0,"r":0.0,"q":0.0,"p":0.0,"mot":"L","mo":0.0}]},{"d":"14.04.2022","r":3328.0,"q":1.0,"p":2.0,"s":[{"cn":"EFAF","ui":"10601938","t":3378.0,"r":3328.0,"q":1.0,"p":2.0,"mot":"U","mo":3328.0},{"cn":"","ui":"","t":0.0,"r":0.0,"q":0.0,"p":0.0,"mot":"L","mo":0.0}]},{"d":"19.04.2022","r":8863.0,"q":1.0,"p":1.0,"s":[{"cn":"EFAF","ui":"10601938","t":9143.0,"r":8863.0,"q":1.0,"p":1.0,"mot":"U","mo":8863.0},{"cn":"","ui":"","t":0.0,"r":0.0,"q":0.0,"p":0.0,"mot":"L","mo":0.0}]},{"d":"22.04.2022","r":1000.0,"q":1.0,"p":10.0,"s":[{"cn":"Vladimir.br.ruf Ltd.","ui":"10610793","t":27400.0,"r":27400.0,"q":1.0,"p":10.0,"mot":"L","mo":1000.0},{"cn":"","ui":"","t":0.0,"r":0.0,"q":0.0,"p":0.0,"mot":"L","mo":0.0}]},{"d":"28.04.2022","r":321640.0,"q":1.15,"p":12.0,"s":[{"cn":"Garik Getting Rich Limited","ui":"10624512","t":345640.0,"r":321640.0,"q":1.15,"p":12.0,"mot":"U","mo":321640.0},{"cn":"","ui":"","t":0.0,"r":0.0,"q":0.0,"p":0.0,"mot":"L","mo":0.0}]},{"d":"03.05.2022","r":199870.0,"q":1.04,"p":4.5,"s":[{"cn":"Garik-Bezos Smarter Now Ltd.","ui":"10635290","t":149580.0,"r":149580.0,"q":1.0,"p":5.0,"mot":"U","mo":149580.0},{"cn":"Garik-Bezos Smarter Now Ltd.","ui":"10635196","t":80290.0,"r":50290.0,"q":1.15,"p":3.0,"mot":"U","mo":50290.0},{"cn":"","ui":"","t":0.0,"r":0.0,"q":0.0,"p":0.0,"mot":"L","mo":0.0}]},{"d":"04.05.2022","r":743107.0,"q":1.0,"p":6.35,"s":[{"cn":"Garik-Bezos Smarter Now Ltd.","ui":"10635290","t":735177.0,"r":735177.0,"q":1.0,"p":5.0,"mot":"U","mo":735177.0},{"cn":"","ui":"","t":37930.0,"r":7930.0,"q":1.05,"p":131.83,"mot":"L","mo":7930.0}]},{"d":"09.05.2022","r":532560.0,"q":1.14,"p":3.0,"s":[{"cn":"Мельница","ui":"10647104","t":532560.0,"r":532560.0,"q":1.14,"p":3.0,"mot":"U","mo":532560.0},{"cn":"","ui":"","t":0.0,"r":0.0,"q":0.0,"p":0.0,"mot":"L","mo":0.0}]},{"d":"31.05.2022","r":25000.0,"q":1.0,"p":30.99,"s":[{"cn":"Lex-1 Ltd.","ui":"10686022","t":50274.0,"r":50274.0,"q":1.0,"p":30.99,"mot":"L","mo":25000.0},{"cn":"","ui":"","t":0.0,"r":0.0,"q":0.0,"p":0.0,"mot":"L","mo":0.0}]},{"d":"01.06.2022","r":492480.0,"q":1.0,"p":3.95,"s":[{"cn":"Glmetr Ltd.","ui":"10686096","t":467480.0,"r":467480.0,"q":1.0,"p":2.5,"mot":"L","mo":467480.0},{"cn":"Lex-1 Ltd.","ui":"10686022","t":213437.0,"r":213437.0,"q":1.0,"p":30.99,"mot":"L","mo":25000.0},{"cn":"","ui":"","t":0.0,"r":0.0,"q":0.0,"p":0.0,"mot":"L","mo":0.0}]},{"d":"02.06.2022","r":525000.0,"q":1.0,"p":3.86,"s":[{"cn":"Glmetr Ltd.","ui":"10686096","t":574687.0,"r":574687.0,"q":1.0,"p":2.5,"mot":"L","mo":500000.0},{"cn":"","ui":"","t":399759.0,"r":25000.0,"q":1.0,"p":30.99,"mot":"L","mo":25000.0}]},{"d":"06.06.2022","r":1558159.0,"q":1.15,"p":5.0,"s":[{"cn":"VVSandADS Ltd.","ui":"10695165","t":1558159.0,"r":1558159.0,"q":1.15,"p":5.0,"mot":"L","mo":1558159.0},{"cn":"","ui":"","t":0.0,"r":0.0,"q":0.0,"p":0.0,"mot":"L","mo":0.0}]},{"d":"16.06.2022","r":677666.0,"q":1.0,"p":2.2,"s":[{"cn":"Mnogoraz Ltd.","ui":"10710522","t":677666.0,"r":677666.0,"q":1.0,"p":2.2,"mot":"U","mo":677666.0},{"cn":"","ui":"","t":0.0,"r":0.0,"q":0.0,"p":0.0,"mot":"L","mo":0.0}]},{"d":"17.06.2022","r":17335.0,"q":7.8,"p":20.0,"s":[{"cn":"Vasquezucci Ltd.","ui":"10711108","t":17335.0,"r":17335.0,"q":7.8,"p":20.0,"mot":"U","mo":17335.0},{"cn":"","ui":"","t":0.0,"r":0.0,"q":0.0,"p":0.0,"mot":"L","mo":0.0}]},{"d":"05.07.2022","r":500.0,"q":1.15,"p":10.0,"s":[{"cn":"Shek1215 Ltd.","ui":"10742651","t":704.0,"r":704.0,"q":1.15,"p":10.0,"mot":"L","mo":500.0},{"cn":"","ui":"","t":0.0,"r":0.0,"q":0.0,"p":0.0,"mot":"L","mo":0.0}]},{"d":"07.07.2022","r":31100.0,"q":5.41,"p":50.0,"s":[{"cn":"Pajoro, Ltd","ui":"10744013","t":41310.0,"r":31100.0,"q":5.41,"p":50.0,"mot":"U","mo":31100.0},{"cn":"","ui":"","t":0.0,"r":0.0,"q":0.0,"p":0.0,"mot":"L","mo":0.0}]},{"d":"08.07.2022","r":682558.0,"q":3.93,"p":52.72,"s":[{"cn":"Pajoro, Ltd","ui":"10745558","t":371970.0,"r":371970.0,"q":1.15,"p":55.0,"mot":"U","mo":371970.0},{"cn":"Pajoro, Ltd","ui":"10744013","t":320798.0,"r":310588.0,"q":7.27,"p":50.0,"mot":"U","mo":310588.0},{"cn":"","ui":"","t":0.0,"r":0.0,"q":0.0,"p":0.0,"mot":"L","mo":0.0}]},{"d":"18.07.2022","r":250.0,"q":1.0,"p":2.9,"s":[{"cn":"Sallyms5577 Ltd.","ui":"10760647","t":2100.0,"r":1700.0,"q":1.0,"p":2.9,"mot":"L","mo":250.0},{"cn":"","ui":"","t":0.0,"r":0.0,"q":0.0,"p":0.0,"mot":"L","mo":0.0}]},{"d":"06.09.2022","r":773599.0,"q":1.0,"p":20.2,"s":[{"cn":"Escriv Finance","ui":"10830199","t":773599.0,"r":773599.0,"q":1.0,"p":20.2,"mot":"U","mo":773599.0},{"cn":"","ui":"","t":0.0,"r":0.0,"q":0.0,"p":0.0,"mot":"L","mo":0.0}]}]