[{"d":"30.12.2021","r":1.0,"q":1.73,"p":1.5E7,"s":[{"cn":"South City","ui":"6747476","t":1.0,"r":1.0,"q":1.73,"p":1.5E7,"mot":"U","mo":1.0},{"cn":"","ui":"","t":0.0,"r":0.0,"q":0.0,"p":0.0,"mot":"L","mo":0.0}]},{"d":"31.12.2021","r":8.0,"q":1.28,"p":9583332.75,"s":[{"cn":"A R S","ui":"6745609","t":6.0,"r":6.0,"q":1.01,"p":7777777.0,"mot":"U","mo":6.0},{"cn":"South City","ui":"6747476","t":2.0,"r":2.0,"q":2.1,"p":1.5E7,"mot":"U","mo":2.0},{"cn":"","ui":"","t":0.0,"r":0.0,"q":0.0,"p":0.0,"mot":"L","mo":0.0}]},{"d":"03.01.2022","r":19.0,"q":1.16,"p":6710030.88,"s":[{"cn":"Dumptruck Ltd.","ui":"6749462","t":2.0,"r":2.0,"q":2.46,"p":6000000.0,"mot":"U","mo":2.0},{"cn":"Grey Group","ui":"6749444","t":15.0,"r":15.0,"q":1.01,"p":7000000.0,"mot":"U","mo":15.0},{"cn":"Аркона","ui":"6749720","t":2.0,"r":2.0,"q":1.0,"p":5245293.32,"mot":"U","mo":2.0},{"cn":"","ui":"","t":0.0,"r":0.0,"q":0.0,"p":0.0,"mot":"L","mo":0.0}]},{"d":"04.01.2022","r":21.0,"q":1.08,"p":6223761.81,"s":[{"cn":"Grey Group","ui":"6749444","t":17.0,"r":17.0,"q":1.01,"p":7000000.0,"mot":"U","mo":17.0},{"cn":"A R S","ui":"6745609","t":2.0,"r":2.0,"q":1.01,"p":999999.0,"mot":"U","mo":2.0},{"cn":"","ui":"","t":2.0,"r":2.0,"q":1.74,"p":4849500.0,"mot":"L","mo":2.0}]},{"d":"05.01.2022","r":20.0,"q":1.01,"p":9000000.0,"s":[{"cn":"Grey Group","ui":"6749444","t":20.0,"r":20.0,"q":1.01,"p":9000000.0,"mot":"U","mo":20.0},{"cn":"","ui":"","t":0.0,"r":0.0,"q":0.0,"p":0.0,"mot":"L","mo":0.0}]},{"d":"06.01.2022","r":30.0,"q":1.11,"p":7579933.23,"s":[{"cn":"Hajes Racing","ui":"6755083","t":2.0,"r":2.0,"q":1.01,"p":3699000.0,"mot":"U","mo":2.0},{"cn":"Grey Group","ui":"6749444","t":23.0,"r":23.0,"q":1.01,"p":9000000.0,"mot":"U","mo":23.0},{"cn":"A R S","ui":"6745609","t":3.0,"r":3.0,"q":1.01,"p":999999.0,"mot":"U","mo":3.0},{"cn":"","ui":"","t":2.0,"r":2.0,"q":2.46,"p":5000000.0,"mot":"L","mo":2.0}]},{"d":"07.01.2022","r":34.0,"q":1.18,"p":7905764.71,"s":[{"cn":"Hajes Racing","ui":"6755083","t":4.0,"r":4.0,"q":1.01,"p":3699000.0,"mot":"U","mo":4.0},{"cn":"Dumptruck Ltd.","ui":"6749462","t":2.0,"r":2.0,"q":2.46,"p":5000000.0,"mot":"U","mo":2.0},{"cn":"Grey Group","ui":"6749444","t":26.0,"r":26.0,"q":1.01,"p":9000000.0,"mot":"U","mo":26.0},{"cn":"South City","ui":"6747476","t":2.0,"r":2.0,"q":2.46,"p":5000000.0,"mot":"U","mo":2.0},{"cn":"","ui":"","t":0.0,"r":0.0,"q":0.0,"p":0.0,"mot":"L","mo":0.0}]},{"d":"10.01.2022","r":24.0,"q":3.32,"p":1.0E7,"s":[{"cn":"Renat","ui":"6747671","t":24.0,"r":24.0,"q":3.32,"p":1.0E7,"mot":"U","mo":24.0},{"cn":"","ui":"","t":0.0,"r":0.0,"q":0.0,"p":0.0,"mot":"L","mo":0.0}]},{"d":"11.01.2022","r":41.0,"q":2.26,"p":9162080.28,"s":[{"cn":"Mufatorr Ltd.","ui":"6747258","t":20.0,"r":20.0,"q":1.01,"p":8520000.0,"mot":"U","mo":20.0},{"cn":"Renat","ui":"6747671","t":18.0,"r":18.0,"q":3.51,"p":1.0E7,"mot":"U","mo":18.0},{"cn":"","ui":"","t":3.0,"r":3.0,"q":3.14,"p":8415097.11,"mot":"L","mo":3.0}]},{"d":"12.01.2022","r":55.0,"q":2.53,"p":9190545.45,"s":[{"cn":"Mufatorr Ltd.","ui":"6747258","t":24.0,"r":24.0,"q":1.54,"p":8520000.0,"mot":"U","mo":24.0},{"cn":"Grey Group","ui":"6749444","t":9.0,"r":9.0,"q":2.47,"p":9000000.0,"mot":"U","mo":9.0},{"cn":"Renat","ui":"6747671","t":22.0,"r":22.0,"q":3.63,"p":1.0E7,"mot":"U","mo":22.0},{"cn":"","ui":"","t":0.0,"r":0.0,"q":0.0,"p":0.0,"mot":"L","mo":0.0}]},{"d":"13.01.2022","r":39.0,"q":3.99,"p":6404661.82,"s":[{"cn":"Mufatorr Ltd.","ui":"6747258","t":4.0,"r":4.0,"q":4.21,"p":4545454.0,"mot":"U","mo":4.0},{"cn":"Erofeevs","ui":"6745598","t":21.0,"r":21.0,"q":4.21,"p":5000000.0,"mot":"U","mo":21.0},{"cn":"Hajes Racing","ui":"6755083","t":5.0,"r":5.0,"q":4.21,"p":9999999.0,"mot":"U","mo":5.0},{"cn":"Grey Group","ui":"6749444","t":3.0,"r":3.0,"q":2.48,"p":9000000.0,"mot":"U","mo":3.0},{"cn":"Renat","ui":"6747671","t":4.0,"r":4.0,"q":4.17,"p":1.0E7,"mot":"U","mo":4.0},{"cn":"","ui":"","t":2.0,"r":2.0,"q":2.59,"p":4800000.0,"mot":"L","mo":2.0}]},{"d":"17.01.2022","r":73.0,"q":4.02,"p":6879825.53,"s":[{"cn":"Mufatorr Ltd.","ui":"6747258","t":5.0,"r":5.0,"q":4.25,"p":4545454.0,"mot":"U","mo":5.0},{"cn":"Glukes Ltd.","ui":"5271497","t":5.0,"r":5.0,"q":4.21,"p":9000000.0,"mot":"U","mo":5.0},{"cn":"Hajes Racing","ui":"6755083","t":6.0,"r":6.0,"q":4.21,"p":3999999.0,"mot":"U","mo":6.0},{"cn":"Grey Group","ui":"6749444","t":6.0,"r":6.0,"q":2.48,"p":9000000.0,"mot":"U","mo":6.0},{"cn":"Renat","ui":"6747671","t":20.0,"r":20.0,"q":4.17,"p":1.0E7,"mot":"U","mo":20.0},{"cn":"South City","ui":"6747476","t":28.0,"r":28.0,"q":4.17,"p":5000000.0,"mot":"U","mo":28.0},{"cn":"","ui":"","t":3.0,"r":3.0,"q":3.61,"p":5500000.0,"mot":"L","mo":3.0}]},{"d":"18.01.2022","r":94.0,"q":4.5,"p":6571566.53,"s":[{"cn":"Mufatorr Ltd.","ui":"6747258","t":5.0,"r":5.0,"q":4.25,"p":3545454.0,"mot":"U","mo":5.0},{"cn":"Glukes Ltd.","ui":"5271497","t":6.0,"r":6.0,"q":4.21,"p":9000000.0,"mot":"U","mo":6.0},{"cn":"Hajes Racing","ui":"6755083","t":12.0,"r":12.0,"q":4.21,"p":3999999.0,"mot":"U","mo":12.0},{"cn":"Grey Group","ui":"6749444","t":9.0,"r":9.0,"q":2.48,"p":9000000.0,"mot":"U","mo":9.0},{"cn":"Renat","ui":"6747671","t":24.0,"r":24.0,"q":4.17,"p":1.0E7,"mot":"U","mo":24.0},{"cn":"South City","ui":"6747476","t":28.0,"r":28.0,"q":6.06,"p":5000000.0,"mot":"U","mo":28.0},{"cn":"","ui":"","t":10.0,"r":10.0,"q":3.35,"p":3699999.6,"mot":"L","mo":10.0}]},{"d":"19.01.2022","r":193.0,"q":4.59,"p":5808054.48,"s":[{"cn":"Mufatorr Ltd.","ui":"6747258","t":10.0,"r":10.0,"q":4.25,"p":3545454.0,"mot":"U","mo":10.0},{"cn":"Erofeevs","ui":"6745598","t":44.0,"r":44.0,"q":4.21,"p":5000000.0,"mot":"U","mo":44.0},{"cn":"Hajes Racing","ui":"6755083","t":18.0,"r":18.0,"q":4.12,"p":3999999.0,"mot":"U","mo":18.0},{"cn":"Grey Group","ui":"6749444","t":12.0,"r":12.0,"q":2.48,"p":9000000.0,"mot":"U","mo":12.0},{"cn":"Renat","ui":"6747671","t":28.0,"r":28.0,"q":4.17,"p":1.0E7,"mot":"U","mo":28.0},{"cn":"South City","ui":"6747476","t":57.0,"r":57.0,"q":6.06,"p":5000000.0,"mot":"U","mo":57.0},{"cn":"","ui":"","t":24.0,"r":24.0,"q":3.81,"p":5020833.0,"mot":"L","mo":24.0}]},{"d":"20.01.2022","r":215.0,"q":4.87,"p":6218604.65,"s":[{"cn":"Erofeevs","ui":"6745598","t":66.0,"r":66.0,"q":4.21,"p":5000000.0,"mot":"U","mo":66.0},{"cn":"Grey Group","ui":"6749444","t":15.0,"r":15.0,"q":2.83,"p":9000000.0,"mot":"U","mo":15.0},{"cn":"Renat","ui":"6747671","t":32.0,"r":32.0,"q":4.17,"p":1.0E7,"mot":"U","mo":32.0},{"cn":"South City","ui":"6747476","t":86.0,"r":86.0,"q":6.06,"p":5000000.0,"mot":"U","mo":86.0},{"cn":"","ui":"","t":16.0,"r":16.0,"q":4.49,"p":7625000.0,"mot":"L","mo":16.0}]},{"d":"17.02.2022","r":2530.0,"q":6.32,"p":5059000.89,"s":[{"cn":"Erofeevs","ui":"6745598","t":478.0,"r":456.0,"q":4.21,"p":3000000.0,"mot":"U","mo":456.0},{"cn":"Grey Group","ui":"6749444","t":990.0,"r":990.0,"q":6.49,"p":8000000.0,"mot":"U","mo":990.0},{"cn":"Аркона","ui":"6749720","t":190.0,"r":190.0,"q":4.17,"p":5245293.32,"mot":"U","mo":190.0},{"cn":"South City","ui":"6747476","t":588.0,"r":588.0,"q":8.47,"p":3000000.0,"mot":"U","mo":588.0},{"cn":"","ui":"","t":306.0,"r":306.0,"q":6.11,"p":2453158.59,"mot":"L","mo":306.0}]},{"d":"18.02.2022","r":2678.0,"q":6.39,"p":4801255.11,"s":[{"cn":"Erofeevs","ui":"6745598","t":499.0,"r":477.0,"q":4.21,"p":3000000.0,"mot":"U","mo":477.0},{"cn":"Grey Group","ui":"6749444","t":1034.0,"r":1034.0,"q":6.56,"p":8000000.0,"mot":"U","mo":1034.0},{"cn":"Аркона","ui":"6749720","t":200.0,"r":200.0,"q":4.17,"p":2304512.25,"mot":"U","mo":200.0},{"cn":"South City","ui":"6747476","t":620.0,"r":620.0,"q":8.57,"p":3000000.0,"mot":"U","mo":620.0},{"cn":"","ui":"","t":347.0,"r":347.0,"q":6.25,"p":2403051.11,"mot":"L","mo":347.0}]},{"d":"21.02.2022","r":2986.0,"q":6.56,"p":3635546.62,"s":[{"cn":"Erofeevs","ui":"6745598","t":562.0,"r":540.0,"q":4.21,"p":3000000.0,"mot":"U","mo":540.0},{"cn":"Grey Group","ui":"6749444","t":1167.0,"r":1167.0,"q":6.75,"p":5000000.0,"mot":"U","mo":1167.0},{"cn":"Аркона","ui":"6749720","t":232.0,"r":232.0,"q":4.71,"p":2304512.25,"mot":"U","mo":232.0},{"cn":"South City","ui":"6747476","t":636.0,"r":636.0,"q":8.79,"p":3000000.0,"mot":"U","mo":636.0},{"cn":"","ui":"","t":411.0,"r":411.0,"q":6.71,"p":2331132.27,"mot":"L","mo":411.0}]},{"d":"22.02.2022","r":1844.0,"q":6.51,"p":3045671.66,"s":[{"cn":"Mufatorr Ltd.","ui":"6747258","t":94.0,"r":94.0,"q":7.0,"p":1699999.0,"mot":"U","mo":94.0},{"cn":"Erofeevs","ui":"6745598","t":583.0,"r":561.0,"q":4.21,"p":3000000.0,"mot":"U","mo":561.0},{"cn":"Аркона","ui":"6749720","t":243.0,"r":243.0,"q":4.86,"p":2304512.25,"mot":"U","mo":243.0},{"cn":"South City","ui":"6747476","t":668.0,"r":668.0,"q":8.87,"p":3000000.0,"mot":"U","mo":668.0},{"cn":"","ui":"","t":278.0,"r":278.0,"q":6.73,"p":4350439.44,"mot":"L","mo":278.0}]},{"d":"23.02.2022","r":3060.0,"q":6.69,"p":3803593.45,"s":[{"cn":"Erofeevs","ui":"6745598","t":604.0,"r":582.0,"q":4.21,"p":3000000.0,"mot":"U","mo":582.0},{"cn":"Grey Group","ui":"6749444","t":1174.0,"r":1174.0,"q":6.75,"p":5000000.0,"mot":"U","mo":1174.0},{"cn":"Аркона","ui":"6749720","t":254.0,"r":254.0,"q":5.0,"p":2304512.25,"mot":"U","mo":254.0},{"cn":"South City","ui":"6747476","t":700.0,"r":700.0,"q":8.93,"p":3000000.0,"mot":"U","mo":700.0},{"cn":"","ui":"","t":350.0,"r":350.0,"q":7.34,"p":3821856.69,"mot":"L","mo":350.0}]},{"d":"24.02.2022","r":3224.0,"q":6.71,"p":3776651.85,"s":[{"cn":"Erofeevs","ui":"6745598","t":625.0,"r":603.0,"q":4.21,"p":3000000.0,"mot":"U","mo":603.0},{"cn":"Grey Group","ui":"6749444","t":1220.0,"r":1220.0,"q":6.81,"p":5000000.0,"mot":"U","mo":1220.0},{"cn":"Аркона","ui":"6749720","t":265.0,"r":265.0,"q":5.13,"p":2304512.25,"mot":"U","mo":265.0},{"cn":"South City","ui":"6747476","t":732.0,"r":732.0,"q":8.98,"p":3000000.0,"mot":"U","mo":732.0},{"cn":"","ui":"","t":404.0,"r":404.0,"q":7.04,"p":3614430.27,"mot":"L","mo":404.0}]},{"d":"25.02.2022","r":3277.0,"q":6.75,"p":3637868.56,"s":[{"cn":"Erofeevs","ui":"6745598","t":647.0,"r":625.0,"q":4.21,"p":2000000.0,"mot":"U","mo":625.0},{"cn":"Grey Group","ui":"6749444","t":1266.0,"r":1266.0,"q":6.86,"p":5000000.0,"mot":"U","mo":1266.0},{"cn":"Аркона","ui":"6749720","t":276.0,"r":276.0,"q":5.25,"p":2304512.25,"mot":"U","mo":276.0},{"cn":"South City","ui":"6747476","t":763.0,"r":763.0,"q":9.03,"p":3000000.0,"mot":"U","mo":763.0},{"cn":"","ui":"","t":347.0,"r":347.0,"q":7.13,"p":4081411.8,"mot":"L","mo":347.0}]},{"d":"28.02.2022","r":3407.0,"q":7.06,"p":3647591.19,"s":[{"cn":"Erofeevs","ui":"6745598","t":662.0,"r":600.0,"q":4.21,"p":2000000.0,"mot":"U","mo":600.0},{"cn":"Grey Group","ui":"6749444","t":1404.0,"r":1404.0,"q":6.99,"p":5000000.0,"mot":"U","mo":1404.0},{"cn":"Аркона","ui":"6749720","t":309.0,"r":309.0,"q":5.55,"p":2304512.25,"mot":"U","mo":309.0},{"cn":"South City","ui":"6747476","t":856.0,"r":856.0,"q":9.16,"p":3000000.0,"mot":"U","mo":856.0},{"cn":"","ui":"","t":259.0,"r":238.0,"q":9.13,"p":3896003.76,"mot":"L","mo":238.0}]},{"d":"01.03.2022","r":3423.0,"q":7.04,"p":3746623.69,"s":[{"cn":"Erofeevs","ui":"6745598","t":644.0,"r":582.0,"q":4.21,"p":2000000.0,"mot":"U","mo":582.0},{"cn":"Grey Group","ui":"6749444","t":1450.0,"r":1450.0,"q":7.02,"p":5000000.0,"mot":"U","mo":1450.0},{"cn":"Аркона","ui":"6749720","t":320.0,"r":320.0,"q":5.64,"p":2304512.25,"mot":"U","mo":320.0},{"cn":"South City","ui":"6747476","t":889.0,"r":889.0,"q":9.28,"p":3000000.0,"mot":"U","mo":889.0},{"cn":"","ui":"","t":183.0,"r":182.0,"q":7.75,"p":5528840.52,"mot":"L","mo":182.0}]},{"d":"02.03.2022","r":3472.0,"q":7.1,"p":3686158.57,"s":[{"cn":"Erofeevs","ui":"6745598","t":625.0,"r":563.0,"q":4.21,"p":2000000.0,"mot":"U","mo":563.0},{"cn":"Grey Group","ui":"6749444","t":1496.0,"r":1496.0,"q":7.06,"p":5000000.0,"mot":"U","mo":1496.0},{"cn":"Аркона","ui":"6749720","t":331.0,"r":331.0,"q":5.72,"p":2304512.25,"mot":"U","mo":331.0},{"cn":"South City","ui":"6747476","t":922.0,"r":922.0,"q":9.4,"p":3000000.0,"mot":"U","mo":922.0},{"cn":"","ui":"","t":161.0,"r":160.0,"q":7.32,"p":4147181.25,"mot":"L","mo":160.0}]},{"d":"03.03.2022","r":3362.0,"q":7.42,"p":3800459.01,"s":[{"cn":"Erofeevs","ui":"6745598","t":496.0,"r":434.0,"q":5.12,"p":2000000.0,"mot":"U","mo":434.0},{"cn":"Grey Group","ui":"6749444","t":1542.0,"r":1542.0,"q":7.09,"p":5000000.0,"mot":"U","mo":1542.0},{"cn":"Аркона","ui":"6749720","t":342.0,"r":342.0,"q":5.8,"p":2304512.25,"mot":"U","mo":342.0},{"cn":"South City","ui":"6747476","t":955.0,"r":955.0,"q":9.51,"p":3000000.0,"mot":"U","mo":955.0},{"cn":"","ui":"","t":90.0,"r":89.0,"q":8.27,"p":6134831.37,"mot":"L","mo":89.0}]},{"d":"04.03.2022","r":3275.0,"q":7.69,"p":4669768.8,"s":[{"cn":"Grey Group","ui":"6749444","t":1588.0,"r":1588.0,"q":7.12,"p":5000000.0,"mot":"U","mo":1588.0},{"cn":"Аркона","ui":"6749720","t":353.0,"r":353.0,"q":5.87,"p":2304512.25,"mot":"U","mo":353.0},{"cn":"South City","ui":"6747476","t":988.0,"r":988.0,"q":9.61,"p":3000000.0,"mot":"U","mo":988.0},{"cn":"","ui":"","t":368.0,"r":346.0,"q":6.69,"p":1.033526007E7,"mot":"L","mo":346.0}]},{"d":"07.03.2022","r":2481.0,"q":7.3,"p":4550472.26,"s":[{"cn":"Grey Group","ui":"6749444","t":1726.0,"r":1726.0,"q":7.21,"p":5000000.0,"mot":"U","mo":1726.0},{"cn":"Аркона","ui":"6749720","t":386.0,"r":386.0,"q":6.1,"p":2304512.25,"mot":"U","mo":386.0},{"cn":"","ui":"","t":391.0,"r":369.0,"q":8.97,"p":4797235.66,"mot":"L","mo":369.0}]},{"d":"08.03.2022","r":2532.0,"q":7.29,"p":4581435.97,"s":[{"cn":"Erofeevs","ui":"6745598","t":167.0,"r":145.0,"q":12.68,"p":4000000.0,"mot":"U","mo":145.0},{"cn":"Grey Group","ui":"6749444","t":1772.0,"r":1772.0,"q":7.23,"p":5000000.0,"mot":"U","mo":1772.0},{"cn":"Аркона","ui":"6749720","t":398.0,"r":398.0,"q":6.19,"p":2304512.25,"mot":"U","mo":398.0},{"cn":"","ui":"","t":217.0,"r":217.0,"q":6.21,"p":5728110.6,"mot":"L","mo":217.0}]},{"d":"09.03.2022","r":2677.0,"q":7.48,"p":4544583.48,"s":[{"cn":"Erofeevs","ui":"6745598","t":197.0,"r":175.0,"q":12.68,"p":4000000.0,"mot":"U","mo":175.0},{"cn":"Grey Group","ui":"6749444","t":1817.0,"r":1817.0,"q":7.26,"p":5000000.0,"mot":"U","mo":1817.0},{"cn":"Аркона","ui":"6749720","t":410.0,"r":410.0,"q":6.28,"p":2304512.25,"mot":"U","mo":410.0},{"cn":"","ui":"","t":275.0,"r":275.0,"q":7.39,"p":5221818.01,"mot":"L","mo":275.0}]},{"d":"10.03.2022","r":3710.0,"q":8.2,"p":4167730.07,"s":[{"cn":"Erofeevs","ui":"6745598","t":227.0,"r":205.0,"q":12.68,"p":4000000.0,"mot":"U","mo":205.0},{"cn":"Grey Group","ui":"6749444","t":1862.0,"r":1862.0,"q":7.28,"p":5000000.0,"mot":"U","mo":1862.0},{"cn":"Аркона","ui":"6749720","t":372.0,"r":372.0,"q":6.37,"p":2304512.25,"mot":"U","mo":372.0},{"cn":"South City","ui":"6747476","t":1066.0,"r":1066.0,"q":9.82,"p":3000000.0,"mot":"U","mo":1066.0},{"cn":"","ui":"","t":205.0,"r":205.0,"q":6.95,"p":6229268.29,"mot":"L","mo":205.0}]},{"d":"11.03.2022","r":3159.0,"q":8.08,"p":4303552.6,"s":[{"cn":"Erofeevs","ui":"6745598","t":257.0,"r":235.0,"q":12.68,"p":4000000.0,"mot":"U","mo":235.0},{"cn":"Grey Group","ui":"6749444","t":1907.0,"r":1907.0,"q":7.3,"p":5000000.0,"mot":"U","mo":1907.0},{"cn":"Аркона","ui":"6749720","t":384.0,"r":384.0,"q":6.46,"p":2304512.25,"mot":"U","mo":384.0},{"cn":"South City","ui":"6747476","t":486.0,"r":486.0,"q":9.82,"p":3000000.0,"mot":"U","mo":486.0},{"cn":"","ui":"","t":147.0,"r":147.0,"q":9.35,"p":5285645.92,"mot":"L","mo":147.0}]},{"d":"14.03.2022","r":2395.0,"q":7.48,"p":4470832.23,"s":[{"cn":"Grey Group","ui":"6749444","t":1807.0,"r":1807.0,"q":7.36,"p":5000000.0,"mot":"U","mo":1807.0},{"cn":"Аркона","ui":"6749720","t":419.0,"r":419.0,"q":6.69,"p":2304512.25,"mot":"U","mo":419.0},{"cn":"","ui":"","t":197.0,"r":169.0,"q":10.78,"p":4183742.91,"mot":"L","mo":169.0}]},{"d":"15.03.2022","r":2513.0,"q":7.71,"p":4391753.42,"s":[{"cn":"Grey Group","ui":"6749444","t":1852.0,"r":1852.0,"q":7.38,"p":5000000.0,"mot":"U","mo":1852.0},{"cn":"Аркона","ui":"6749720","t":431.0,"r":431.0,"q":6.76,"p":2304512.25,"mot":"U","mo":431.0},{"cn":"","ui":"","t":252.0,"r":230.0,"q":12.12,"p":3405354.63,"mot":"L","mo":230.0}]},{"d":"16.03.2022","r":2653.0,"q":7.87,"p":4364658.69,"s":[{"cn":"Grey Group","ui":"6749444","t":1900.0,"r":1900.0,"q":7.4,"p":5000000.0,"mot":"U","mo":1900.0},{"cn":"Аркона","ui":"6749720","t":443.0,"r":443.0,"q":6.83,"p":2304512.25,"mot":"U","mo":443.0},{"cn":"","ui":"","t":332.0,"r":310.0,"q":12.2,"p":3414647.02,"mot":"L","mo":310.0}]},{"d":"17.03.2022","r":2788.0,"q":8.01,"p":4341769.38,"s":[{"cn":"Erofeevs","ui":"6745598","t":175.0,"r":153.0,"q":12.68,"p":4000000.0,"mot":"U","mo":153.0},{"cn":"Grey Group","ui":"6749444","t":1948.0,"r":1948.0,"q":7.42,"p":5000000.0,"mot":"U","mo":1948.0},{"cn":"Аркона","ui":"6749720","t":455.0,"r":455.0,"q":6.9,"p":2304512.25,"mot":"U","mo":455.0},{"cn":"South City","ui":"6747476","t":165.0,"r":165.0,"q":12.55,"p":3000000.0,"mot":"U","mo":165.0},{"cn":"","ui":"","t":75.0,"r":67.0,"q":10.93,"p":3123879.93,"mot":"L","mo":67.0}]},{"d":"18.03.2022","r":2928.0,"q":8.14,"p":4317522.94,"s":[{"cn":"Erofeevs","ui":"6745598","t":206.0,"r":184.0,"q":12.68,"p":4000000.0,"mot":"U","mo":184.0},{"cn":"Grey Group","ui":"6749444","t":1996.0,"r":1996.0,"q":7.44,"p":5000000.0,"mot":"U","mo":1996.0},{"cn":"Аркона","ui":"6749720","t":467.0,"r":467.0,"q":6.96,"p":2304512.25,"mot":"U","mo":467.0},{"cn":"South City","ui":"6747476","t":198.0,"r":198.0,"q":12.54,"p":3000000.0,"mot":"U","mo":198.0},{"cn":"","ui":"","t":93.0,"r":83.0,"q":10.92,"p":3078312.58,"mot":"L","mo":83.0}]},{"d":"21.03.2022","r":2649.0,"q":8.44,"p":4689278.96,"s":[{"cn":"Erofeevs","ui":"6745598","t":161.0,"r":139.0,"q":12.68,"p":4000000.0,"mot":"U","mo":139.0},{"cn":"Grey Group","ui":"6749444","t":2140.0,"r":2140.0,"q":7.49,"p":5000000.0,"mot":"U","mo":2140.0},{"cn":"South City","ui":"6747476","t":300.0,"r":300.0,"q":12.54,"p":3000000.0,"mot":"U","mo":300.0},{"cn":"","ui":"","t":70.0,"r":70.0,"q":11.66,"p":3798570.74,"mot":"L","mo":70.0}]},{"d":"22.03.2022","r":2776.0,"q":8.54,"p":4656203.15,"s":[{"cn":"Erofeevs","ui":"6745598","t":192.0,"r":170.0,"q":12.64,"p":4000000.0,"mot":"U","mo":170.0},{"cn":"Grey Group","ui":"6749444","t":2188.0,"r":2188.0,"q":7.5,"p":5000000.0,"mot":"U","mo":2188.0},{"cn":"South City","ui":"6747476","t":332.0,"r":332.0,"q":12.54,"p":3000000.0,"mot":"U","mo":332.0},{"cn":"","ui":"","t":95.0,"r":86.0,"q":11.37,"p":3600231.91,"mot":"L","mo":86.0}]},{"d":"23.03.2022","r":2905.0,"q":8.64,"p":4626352.31,"s":[{"cn":"Erofeevs","ui":"6745598","t":223.0,"r":201.0,"q":12.62,"p":4000000.0,"mot":"U","mo":201.0},{"cn":"Grey Group","ui":"6749444","t":2236.0,"r":2236.0,"q":7.52,"p":5000000.0,"mot":"U","mo":2236.0},{"cn":"South City","ui":"6747476","t":366.0,"r":366.0,"q":12.54,"p":3000000.0,"mot":"U","mo":366.0},{"cn":"","ui":"","t":111.0,"r":102.0,"q":11.48,"p":3505426.2,"mot":"L","mo":102.0}]},{"d":"24.03.2022","r":3154.0,"q":8.64,"p":4648880.03,"s":[{"cn":"Erofeevs","ui":"6745598","t":253.0,"r":231.0,"q":12.61,"p":4000000.0,"mot":"U","mo":231.0},{"cn":"Grey Group","ui":"6749444","t":2284.0,"r":2284.0,"q":7.53,"p":5000000.0,"mot":"U","mo":2284.0},{"cn":"South City","ui":"6747476","t":400.0,"r":400.0,"q":12.54,"p":3000000.0,"mot":"U","mo":400.0},{"cn":"","ui":"","t":239.0,"r":239.0,"q":8.83,"p":4680199.21,"mot":"L","mo":239.0}]},{"d":"25.03.2022","r":2566.0,"q":7.54,"p":5062353.86,"s":[{"cn":"Grey Group","ui":"6749444","t":2332.0,"r":2332.0,"q":7.55,"p":5000000.0,"mot":"U","mo":2332.0},{"cn":"","ui":"","t":234.0,"r":234.0,"q":7.42,"p":5683760.68,"mot":"L","mo":234.0}]},{"d":"28.03.2022","r":4069.0,"q":9.16,"p":5037891.85,"s":[{"cn":"GlipGlip Ltd.","ui":"6914387","t":787.0,"r":787.0,"q":11.91,"p":5000000.0,"mot":"U","mo":787.0},{"cn":"Erofeevs","ui":"5607891","t":506.0,"r":506.0,"q":12.65,"p":5000000.0,"mot":"U","mo":506.0},{"cn":"Grey Group","ui":"6749444","t":2476.0,"r":2476.0,"q":7.63,"p":5000000.0,"mot":"U","mo":2476.0},{"cn":"","ui":"","t":326.0,"r":300.0,"q":8.63,"p":5513939.74,"mot":"L","mo":300.0}]},{"d":"29.03.2022","r":4244.0,"q":9.28,"p":4997172.46,"s":[{"cn":"GlipGlip Ltd.","ui":"6914387","t":848.0,"r":848.0,"q":11.98,"p":5000000.0,"mot":"U","mo":848.0},{"cn":"Erofeevs","ui":"5607891","t":528.0,"r":528.0,"q":12.65,"p":5000000.0,"mot":"U","mo":528.0},{"cn":"Grey Group","ui":"6749444","t":2526.0,"r":2526.0,"q":7.68,"p":5000000.0,"mot":"U","mo":2526.0},{"cn":"","ui":"","t":364.0,"r":342.0,"q":9.15,"p":4964912.03,"mot":"L","mo":342.0}]},{"d":"30.03.2022","r":4325.0,"q":9.38,"p":5017613.86,"s":[{"cn":"GlipGlip Ltd.","ui":"6914387","t":908.0,"r":908.0,"q":12.06,"p":5000000.0,"mot":"U","mo":908.0},{"cn":"Erofeevs","ui":"5607891","t":550.0,"r":550.0,"q":12.65,"p":5000000.0,"mot":"U","mo":550.0},{"cn":"Grey Group","ui":"6749444","t":2576.0,"r":2576.0,"q":7.73,"p":5000000.0,"mot":"U","mo":2576.0},{"cn":"","ui":"","t":314.0,"r":291.0,"q":9.41,"p":5261786.72,"mot":"L","mo":291.0}]},{"d":"31.03.2022","r":4354.0,"q":9.56,"p":4975103.34,"s":[{"cn":"GlipGlip Ltd.","ui":"6914387","t":968.0,"r":968.0,"q":12.12,"p":5000000.0,"mot":"U","mo":968.0},{"cn":"Erofeevs","ui":"5607891","t":572.0,"r":572.0,"q":12.64,"p":5000000.0,"mot":"U","mo":572.0},{"cn":"Grey Group","ui":"6749444","t":2626.0,"r":2626.0,"q":7.78,"p":5000000.0,"mot":"U","mo":2626.0},{"cn":"","ui":"","t":213.0,"r":188.0,"q":11.81,"p":4423403.86,"mot":"L","mo":188.0}]},{"d":"01.04.2022","r":4519.0,"q":9.65,"p":4960522.22,"s":[{"cn":"GlipGlip Ltd.","ui":"6914387","t":1029.0,"r":1029.0,"q":12.17,"p":5000000.0,"mot":"U","mo":1029.0},{"cn":"Erofeevs","ui":"5607891","t":594.0,"r":594.0,"q":12.64,"p":5000000.0,"mot":"U","mo":594.0},{"cn":"Grey Group","ui":"6749444","t":2675.0,"r":2675.0,"q":7.83,"p":5000000.0,"mot":"U","mo":2675.0},{"cn":"","ui":"","t":248.0,"r":221.0,"q":11.9,"p":4192759.8,"mot":"L","mo":221.0}]},{"d":"04.04.2022","r":4975.0,"q":9.87,"p":4944357.77,"s":[{"cn":"GlipGlip Ltd.","ui":"6914387","t":1211.0,"r":1211.0,"q":12.31,"p":5000000.0,"mot":"U","mo":1211.0},{"cn":"Erofeevs","ui":"5607891","t":660.0,"r":660.0,"q":12.63,"p":5000000.0,"mot":"U","mo":660.0},{"cn":"Grey Group","ui":"6749444","t":2824.0,"r":2824.0,"q":7.97,"p":5000000.0,"mot":"U","mo":2824.0},{"cn":"","ui":"","t":313.0,"r":280.0,"q":12.01,"p":4011356.74,"mot":"L","mo":280.0}]},{"d":"05.04.2022","r":4490.0,"q":9.5,"p":4952824.03,"s":[{"cn":"GlipGlip Ltd.","ui":"6914387","t":1272.0,"r":1272.0,"q":12.34,"p":5000000.0,"mot":"U","mo":1272.0},{"cn":"Grey Group","ui":"6749444","t":2874.0,"r":2874.0,"q":8.01,"p":5000000.0,"mot":"U","mo":2874.0},{"cn":"","ui":"","t":379.0,"r":344.0,"q":11.41,"p":4384243.83,"mot":"L","mo":344.0}]},{"d":"06.04.2022","r":4554.0,"q":9.54,"p":4971449.28,"s":[{"cn":"Erofeevs","ui":"6745598","t":246.0,"r":246.0,"q":12.55,"p":4000000.0,"mot":"U","mo":246.0},{"cn":"GlipGlip Ltd.","ui":"6914387","t":1332.0,"r":1332.0,"q":12.37,"p":5000000.0,"mot":"U","mo":1332.0},{"cn":"Grey Group","ui":"6749444","t":2924.0,"r":2924.0,"q":8.05,"p":5000000.0,"mot":"U","mo":2924.0},{"cn":"","ui":"","t":66.0,"r":52.0,"q":6.5,"p":7230384.62,"mot":"L","mo":52.0}]},{"d":"07.04.2022","r":4715.0,"q":9.62,"p":4914273.57,"s":[{"cn":"GlipGlip Ltd.","ui":"6914387","t":1380.0,"r":1380.0,"q":12.43,"p":5000000.0,"mot":"U","mo":1380.0},{"cn":"Grey Group","ui":"6749444","t":2974.0,"r":2974.0,"q":8.09,"p":5000000.0,"mot":"U","mo":2974.0},{"cn":"","ui":"","t":377.0,"r":361.0,"q":11.52,"p":3880332.05,"mot":"L","mo":361.0}]},{"d":"08.04.2022","r":4867.0,"q":9.66,"p":4935196.19,"s":[{"cn":"GlipGlip Ltd.","ui":"6914387","t":1430.0,"r":1430.0,"q":12.47,"p":5000000.0,"mot":"U","mo":1430.0},{"cn":"Grey Group","ui":"6749444","t":3024.0,"r":3024.0,"q":8.13,"p":5000000.0,"mot":"U","mo":3024.0},{"cn":"","ui":"","t":429.0,"r":413.0,"q":11.09,"p":4236319.25,"mot":"L","mo":413.0}]},{"d":"11.04.2022","r":5319.0,"q":9.96,"p":4892949.77,"s":[{"cn":"Erofeevs","ui":"6745598","t":368.0,"r":368.0,"q":12.55,"p":4000000.0,"mot":"U","mo":368.0},{"cn":"GlipGlip Ltd.","ui":"6914387","t":1581.0,"r":1581.0,"q":12.59,"p":5000000.0,"mot":"U","mo":1581.0},{"cn":"Grey Group","ui":"6749444","t":3174.0,"r":3174.0,"q":8.23,"p":5000000.0,"mot":"U","mo":3174.0},{"cn":"","ui":"","t":218.0,"r":196.0,"q":11.76,"p":3972448.18,"mot":"L","mo":196.0}]},{"d":"12.04.2022","r":5473.0,"q":9.97,"p":4837136.78,"s":[{"cn":"Erofeevs","ui":"6745598","t":391.0,"r":391.0,"q":12.55,"p":3000000.0,"mot":"U","mo":391.0},{"cn":"GlipGlip Ltd.","ui":"6914387","t":1625.0,"r":1625.0,"q":12.62,"p":5000000.0,"mot":"U","mo":1625.0},{"cn":"Grey Group","ui":"6749444","t":3224.0,"r":3224.0,"q":8.26,"p":5000000.0,"mot":"U","mo":3224.0},{"cn":"","ui":"","t":237.0,"r":233.0,"q":10.75,"p":4530685.03,"mot":"L","mo":233.0}]},{"d":"13.04.2022","r":5627.0,"q":10.07,"p":4796445.68,"s":[{"cn":"Erofeevs","ui":"6745598","t":444.0,"r":444.0,"q":12.55,"p":3000000.0,"mot":"U","mo":444.0},{"cn":"GlipGlip Ltd.","ui":"6914387","t":1687.0,"r":1687.0,"q":12.63,"p":5000000.0,"mot":"U","mo":1687.0},{"cn":"Grey Group","ui":"6749444","t":3274.0,"r":3274.0,"q":8.3,"p":5000000.0,"mot":"U","mo":3274.0},{"cn":"","ui":"","t":228.0,"r":222.0,"q":11.82,"p":3840539.74,"mot":"L","mo":222.0}]},{"d":"14.04.2022","r":5944.0,"q":10.03,"p":4842294.35,"s":[{"cn":"Erofeevs","ui":"6745598","t":497.0,"r":497.0,"q":12.55,"p":3000000.0,"mot":"U","mo":497.0},{"cn":"GlipGlip Ltd.","ui":"6914387","t":1748.0,"r":1748.0,"q":12.65,"p":5000000.0,"mot":"U","mo":1748.0},{"cn":"Grey Group","ui":"6749444","t":3324.0,"r":3324.0,"q":8.33,"p":5000000.0,"mot":"U","mo":3324.0},{"cn":"","ui":"","t":379.0,"r":375.0,"q":9.6,"p":5150926.97,"mot":"L","mo":375.0}]},{"d":"15.04.2022","r":6115.0,"q":10.09,"p":4830024.52,"s":[{"cn":"Erofeevs","ui":"6745598","t":540.0,"r":540.0,"q":12.55,"p":3000000.0,"mot":"U","mo":540.0},{"cn":"GlipGlip Ltd.","ui":"6914387","t":1811.0,"r":1811.0,"q":12.66,"p":5000000.0,"mot":"U","mo":1811.0},{"cn":"Grey Group","ui":"6749444","t":3374.0,"r":3374.0,"q":8.36,"p":5000000.0,"mot":"U","mo":3374.0},{"cn":"","ui":"","t":396.0,"r":390.0,"q":9.78,"p":5104102.37,"mot":"L","mo":390.0}]},{"d":"18.04.2022","r":6660.0,"q":10.32,"p":4750103.31,"s":[{"cn":"Erofeevs","ui":"6745598","t":667.0,"r":667.0,"q":12.55,"p":3000000.0,"mot":"U","mo":667.0},{"cn":"GlipGlip Ltd.","ui":"6914387","t":1938.0,"r":1938.0,"q":12.69,"p":5000000.0,"mot":"U","mo":1938.0},{"cn":"Grey Group","ui":"6749444","t":3515.0,"r":3515.0,"q":8.44,"p":5000000.0,"mot":"U","mo":3515.0},{"cn":"","ui":"","t":552.0,"r":540.0,"q":11.28,"p":4388311.19,"mot":"L","mo":540.0}]},{"d":"19.04.2022","r":6775.0,"q":10.36,"p":4784164.35,"s":[{"cn":"Erofeevs","ui":"6745598","t":620.0,"r":620.0,"q":12.55,"p":3000000.0,"mot":"U","mo":620.0},{"cn":"GlipGlip Ltd.","ui":"6914387","t":1940.0,"r":1940.0,"q":12.69,"p":5000000.0,"mot":"U","mo":1940.0},{"cn":"Grey Group","ui":"6749444","t":3561.0,"r":3561.0,"q":8.46,"p":5000000.0,"mot":"U","mo":3561.0},{"cn":"","ui":"","t":658.0,"r":654.0,"q":11.7,"p":4660112.3,"mot":"L","mo":654.0}]},{"d":"20.04.2022","r":6880.0,"q":10.39,"p":4722787.4,"s":[{"cn":"Erofeevs","ui":"6745598","t":673.0,"r":673.0,"q":12.55,"p":3000000.0,"mot":"U","mo":673.0},{"cn":"GlipGlip Ltd.","ui":"6914387","t":1942.0,"r":1942.0,"q":12.69,"p":5000000.0,"mot":"U","mo":1942.0},{"cn":"Grey Group","ui":"6749444","t":3607.0,"r":3607.0,"q":8.49,"p":5000000.0,"mot":"U","mo":3607.0},{"cn":"","ui":"","t":675.0,"r":658.0,"q":11.86,"p":4147077.93,"mot":"L","mo":658.0}]},{"d":"21.04.2022","r":6335.0,"q":10.21,"p":4888580.13,"s":[{"cn":"GlipGlip Ltd.","ui":"6914387","t":1944.0,"r":1944.0,"q":12.69,"p":5000000.0,"mot":"U","mo":1944.0},{"cn":"Grey Group","ui":"6749444","t":3654.0,"r":3654.0,"q":8.51,"p":5000000.0,"mot":"U","mo":3654.0},{"cn":"","ui":"","t":756.0,"r":737.0,"q":12.07,"p":4042272.93,"mot":"L","mo":737.0}]},{"d":"22.04.2022","r":7835.0,"q":10.63,"p":4650175.88,"s":[{"cn":"Erofeevs","ui":"5607891","t":682.0,"r":682.0,"q":12.63,"p":5000000.0,"mot":"U","mo":682.0},{"cn":"Grey Group","ui":"6749444","t":3700.0,"r":3700.0,"q":8.54,"p":5000000.0,"mot":"U","mo":3700.0},{"cn":"Erofeevs","ui":"6745598","t":668.0,"r":668.0,"q":12.55,"p":2000000.0,"mot":"U","mo":668.0},{"cn":"GlipGlip Ltd.","ui":"6914387","t":1948.0,"r":1948.0,"q":12.69,"p":5000000.0,"mot":"U","mo":1948.0},{"cn":"","ui":"","t":847.0,"r":837.0,"q":11.94,"p":4119627.27,"mot":"L","mo":837.0}]},{"d":"25.04.2022","r":7449.0,"q":9.99,"p":5084521.51,"s":[{"cn":"GlipGlip Ltd.","ui":"6914387","t":1956.0,"r":1956.0,"q":12.69,"p":5000000.0,"mot":"U","mo":1956.0},{"cn":"Flat line","ui":"6891637","t":896.0,"r":896.0,"q":7.68,"p":7000000.0,"mot":"U","mo":896.0},{"cn":"Grey Group","ui":"6749444","t":3838.0,"r":3838.0,"q":8.6,"p":5000000.0,"mot":"U","mo":3838.0},{"cn":"","ui":"","t":759.0,"r":759.0,"q":12.76,"p":3468512.17,"mot":"L","mo":759.0}]},{"d":"26.04.2022","r":7561.0,"q":10.03,"p":5055735.96,"s":[{"cn":"GlipGlip Ltd.","ui":"6914387","t":1958.0,"r":1958.0,"q":12.69,"p":5000000.0,"mot":"U","mo":1958.0},{"cn":"Flat line","ui":"6891637","t":919.0,"r":919.0,"q":7.67,"p":7000000.0,"mot":"U","mo":919.0},{"cn":"Grey Group","ui":"6749444","t":3885.0,"r":3885.0,"q":8.62,"p":5000000.0,"mot":"U","mo":3885.0},{"cn":"","ui":"","t":812.0,"r":799.0,"q":13.12,"p":3227058.35,"mot":"L","mo":799.0}]},{"d":"27.04.2022","r":7309.0,"q":9.84,"p":5152252.63,"s":[{"cn":"GlipGlip Ltd.","ui":"6914387","t":1960.0,"r":1960.0,"q":12.69,"p":5000000.0,"mot":"U","mo":1960.0},{"cn":"Flat line","ui":"6891637","t":942.0,"r":942.0,"q":7.67,"p":7000000.0,"mot":"U","mo":942.0},{"cn":"Grey Group","ui":"6749444","t":3931.0,"r":3931.0,"q":8.64,"p":5000000.0,"mot":"U","mo":3931.0},{"cn":"","ui":"","t":480.0,"r":476.0,"q":12.29,"p":3379862.4,"mot":"L","mo":476.0}]},{"d":"28.04.2022","r":5446.0,"q":8.82,"p":5201995.85,"s":[{"cn":"Mufatorr Ltd.","ui":"6747258","t":327.0,"r":327.0,"q":12.83,"p":3799999.0,"mot":"U","mo":327.0},{"cn":"Flat line","ui":"6891637","t":965.0,"r":965.0,"q":7.66,"p":7000000.0,"mot":"U","mo":965.0},{"cn":"Grey Group","ui":"6749444","t":3977.0,"r":3977.0,"q":8.66,"p":5000000.0,"mot":"U","mo":3977.0},{"cn":"","ui":"","t":183.0,"r":177.0,"q":11.27,"p":2528077.47,"mot":"L","mo":177.0}]},{"d":"29.04.2022","r":8254.0,"q":10.13,"p":4869683.08,"s":[{"cn":"Grey Group","ui":"6749444","t":4023.0,"r":4023.0,"q":8.68,"p":5000000.0,"mot":"U","mo":4023.0},{"cn":"Erofeevs","ui":"6745598","t":657.0,"r":657.0,"q":12.55,"p":2000000.0,"mot":"U","mo":657.0},{"cn":"GlipGlip Ltd.","ui":"6914387","t":1962.0,"r":1962.0,"q":12.69,"p":5000000.0,"mot":"U","mo":1962.0},{"cn":"Flat line","ui":"6891637","t":988.0,"r":988.0,"q":7.66,"p":7000000.0,"mot":"U","mo":988.0},{"cn":"","ui":"","t":643.0,"r":624.0,"q":12.86,"p":3268211.83,"mot":"L","mo":624.0}]},{"d":"02.05.2022","r":6928.0,"q":10.37,"p":4840094.74,"s":[{"cn":"Mufatorr Ltd.","ui":"6747258","t":367.0,"r":367.0,"q":12.93,"p":3799999.0,"mot":"U","mo":367.0},{"cn":"GlipGlip Ltd.","ui":"6914387","t":1968.0,"r":1968.0,"q":12.7,"p":5000000.0,"mot":"U","mo":1968.0},{"cn":"Grey Group","ui":"6749444","t":4162.0,"r":4162.0,"q":8.74,"p":5000000.0,"mot":"U","mo":4162.0},{"cn":"South City","ui":"6747476","t":362.0,"r":362.0,"q":14.18,"p":3000000.0,"mot":"U","mo":362.0},{"cn":"","ui":"","t":80.0,"r":69.0,"q":9.07,"p":5819952.89,"mot":"L","mo":69.0}]},{"d":"03.05.2022","r":6632.0,"q":10.2,"p":4914595.34,"s":[{"cn":"Mufatorr Ltd.","ui":"6747258","t":377.0,"r":377.0,"q":12.95,"p":3799999.0,"mot":"U","mo":377.0},{"cn":"GlipGlip Ltd.","ui":"6914387","t":1970.0,"r":1970.0,"q":12.7,"p":5000000.0,"mot":"U","mo":1970.0},{"cn":"Grey Group","ui":"6749444","t":4212.0,"r":4212.0,"q":8.76,"p":5000000.0,"mot":"U","mo":4212.0},{"cn":"","ui":"","t":84.0,"r":73.0,"q":12.04,"p":3438310.17,"mot":"L","mo":73.0}]},{"d":"04.05.2022","r":7030.0,"q":10.39,"p":4819291.06,"s":[{"cn":"Mufatorr Ltd.","ui":"6747258","t":387.0,"r":387.0,"q":12.97,"p":3799999.0,"mot":"U","mo":387.0},{"cn":"GlipGlip Ltd.","ui":"6914387","t":1972.0,"r":1972.0,"q":12.7,"p":5000000.0,"mot":"U","mo":1972.0},{"cn":"Grey Group","ui":"6749444","t":4262.0,"r":4262.0,"q":8.78,"p":5000000.0,"mot":"U","mo":4262.0},{"cn":"","ui":"","t":422.0,"r":409.0,"q":13.65,"p":3029380.28,"mot":"L","mo":409.0}]},{"d":"05.05.2022","r":7242.0,"q":10.41,"p":4790874.21,"s":[{"cn":"Grey Group","ui":"6749444","t":4312.0,"r":4312.0,"q":8.8,"p":5000000.0,"mot":"U","mo":4312.0},{"cn":"Mufatorr Ltd.","ui":"6747258","t":397.0,"r":397.0,"q":12.99,"p":3799999.0,"mot":"U","mo":397.0},{"cn":"GlipGlip Ltd.","ui":"6914387","t":1974.0,"r":1974.0,"q":12.7,"p":5000000.0,"mot":"U","mo":1974.0},{"cn":"","ui":"","t":571.0,"r":559.0,"q":12.95,"p":3142954.22,"mot":"L","mo":559.0}]},{"d":"06.05.2022","r":7362.0,"q":10.47,"p":4742859.4,"s":[{"cn":"GlipGlip Ltd.","ui":"6914387","t":1976.0,"r":1976.0,"q":12.7,"p":5000000.0,"mot":"U","mo":1976.0},{"cn":"Grey Group","ui":"6749444","t":4362.0,"r":4362.0,"q":8.81,"p":5000000.0,"mot":"U","mo":4362.0},{"cn":"South City","ui":"6747476","t":380.0,"r":380.0,"q":14.01,"p":3000000.0,"mot":"U","mo":380.0},{"cn":"","ui":"","t":655.0,"r":644.0,"q":12.81,"p":3240575.97,"mot":"L","mo":644.0}]},{"d":"09.05.2022","r":7352.0,"q":10.37,"p":2886607.19,"s":[{"cn":"GlipGlip Ltd.","ui":"6914387","t":1982.0,"r":1982.0,"q":12.7,"p":5000000.0,"mot":"U","mo":1982.0},{"cn":"Grey Group","ui":"6749444","t":4512.0,"r":4512.0,"q":8.87,"p":2000000.0,"mot":"U","mo":4512.0},{"cn":"","ui":"","t":869.0,"r":858.0,"q":12.85,"p":2667058.33,"mot":"L","mo":858.0}]},{"d":"10.05.2022","r":5370.0,"q":9.36,"p":2280673.28,"s":[{"cn":"Grey Group","ui":"6749444","t":4562.0,"r":4562.0,"q":8.88,"p":2000000.0,"mot":"U","mo":4562.0},{"cn":"South City","ui":"6747476","t":304.0,"r":304.0,"q":14.09,"p":3000000.0,"mot":"U","mo":304.0},{"cn":"","ui":"","t":504.0,"r":504.0,"q":10.89,"p":4387332.42,"mot":"L","mo":504.0}]},{"d":"11.05.2022","r":5496.0,"q":9.43,"p":2289097.53,"s":[{"cn":"Grey Group","ui":"6749444","t":4612.0,"r":4612.0,"q":8.9,"p":2000000.0,"mot":"U","mo":4612.0},{"cn":"South City","ui":"6747476","t":341.0,"r":341.0,"q":14.23,"p":3000000.0,"mot":"U","mo":341.0},{"cn":"","ui":"","t":543.0,"r":543.0,"q":10.95,"p":4298121.6,"mot":"L","mo":543.0}]},{"d":"12.05.2022","r":3225.0,"q":9.94,"p":2519238.61,"s":[{"cn":"Grey Group","ui":"6749444","t":2275.0,"r":2275.0,"q":8.93,"p":2000000.0,"mot":"U","mo":2275.0},{"cn":"Renat","ui":"6747671","t":223.0,"r":223.0,"q":9.38,"p":6000000.0,"mot":"U","mo":223.0},{"cn":"South City","ui":"6747476","t":378.0,"r":378.0,"q":14.34,"p":3000000.0,"mot":"U","mo":378.0},{"cn":"","ui":"","t":349.0,"r":349.0,"q":12.07,"p":3159153.37,"mot":"L","mo":349.0}]},{"d":"13.05.2022","r":3361.0,"q":10.03,"p":2520621.55,"s":[{"cn":"Grey Group","ui":"6749444","t":2324.0,"r":2324.0,"q":8.96,"p":2000000.0,"mot":"U","mo":2324.0},{"cn":"Renat","ui":"6747671","t":230.0,"r":230.0,"q":9.53,"p":6000000.0,"mot":"U","mo":230.0},{"cn":"South City","ui":"6747476","t":415.0,"r":415.0,"q":14.43,"p":3000000.0,"mot":"U","mo":415.0},{"cn":"","ui":"","t":401.0,"r":392.0,"q":11.97,"p":3058186.28,"mot":"L","mo":392.0}]},{"d":"16.05.2022","r":4024.0,"q":10.39,"p":2500559.77,"s":[{"cn":"Erofeevs","ui":"6745598","t":300.0,"r":300.0,"q":11.89,"p":2000000.0,"mot":"U","mo":300.0},{"cn":"Grey Group","ui":"6749444","t":2471.0,"r":2471.0,"q":9.05,"p":2000000.0,"mot":"U","mo":2471.0},{"cn":"Renat","ui":"6747671","t":251.0,"r":251.0,"q":9.93,"p":6000000.0,"mot":"U","mo":251.0},{"cn":"South City","ui":"6747476","t":526.0,"r":526.0,"q":14.63,"p":3000000.0,"mot":"U","mo":526.0},{"cn":"","ui":"","t":485.0,"r":476.0,"q":11.93,"p":3017337.19,"mot":"L","mo":476.0}]},{"d":"17.05.2022","r":4090.0,"q":10.43,"p":2515681.42,"s":[{"cn":"Erofeevs","ui":"6745598","t":275.0,"r":275.0,"q":11.89,"p":2000000.0,"mot":"U","mo":275.0},{"cn":"Grey Group","ui":"6749444","t":2510.0,"r":2510.0,"q":9.07,"p":2000000.0,"mot":"U","mo":2510.0},{"cn":"Аркона","ui":"6749720","t":211.0,"r":211.0,"q":11.73,"p":2019607.12,"mot":"U","mo":211.0},{"cn":"Renat","ui":"6747671","t":258.0,"r":258.0,"q":10.05,"p":6000000.0,"mot":"U","mo":258.0},{"cn":"South City","ui":"6747476","t":563.0,"r":563.0,"q":14.68,"p":3000000.0,"mot":"U","mo":563.0},{"cn":"","ui":"","t":273.0,"r":273.0,"q":12.11,"p":3868131.49,"mot":"L","mo":273.0}]},{"d":"18.05.2022","r":4380.0,"q":10.66,"p":2699242.26,"s":[{"cn":"Grey Group","ui":"6749444","t":2459.0,"r":2459.0,"q":9.1,"p":2000000.0,"mot":"U","mo":2459.0},{"cn":"Renat","ui":"6747671","t":265.0,"r":265.0,"q":10.17,"p":6000000.0,"mot":"U","mo":265.0},{"cn":"Аркона","ui":"6749720","t":225.0,"r":225.0,"q":11.75,"p":2019607.12,"mot":"U","mo":225.0},{"cn":"South City","ui":"6747476","t":600.0,"r":600.0,"q":14.72,"p":3000000.0,"mot":"U","mo":600.0},{"cn":"Mufatorr Ltd.","ui":"6747258","t":387.0,"r":387.0,"q":13.05,"p":3799999.0,"mot":"U","mo":387.0},{"cn":"","ui":"","t":454.0,"r":444.0,"q":11.49,"p":3580337.59,"mot":"L","mo":444.0}]},{"d":"19.05.2022","r":3952.0,"q":10.49,"p":2577855.77,"s":[{"cn":"Grey Group","ui":"6749444","t":2502.0,"r":2502.0,"q":9.12,"p":2000000.0,"mot":"U","mo":2502.0},{"cn":"Аркона","ui":"6749720","t":239.0,"r":239.0,"q":11.77,"p":2019607.12,"mot":"U","mo":239.0},{"cn":"Renat","ui":"6747671","t":272.0,"r":272.0,"q":10.27,"p":6000000.0,"mot":"U","mo":272.0},{"cn":"South City","ui":"6747476","t":637.0,"r":637.0,"q":14.76,"p":3000000.0,"mot":"U","mo":637.0},{"cn":"","ui":"","t":302.0,"r":302.0,"q":12.01,"p":3834436.7,"mot":"L","mo":302.0}]},{"d":"20.05.2022","r":4194.0,"q":10.59,"p":2563986.76,"s":[{"cn":"Grey Group","ui":"6749444","t":2551.0,"r":2551.0,"q":9.15,"p":2000000.0,"mot":"U","mo":2551.0},{"cn":"Аркона","ui":"6749720","t":253.0,"r":253.0,"q":11.79,"p":2019607.12,"mot":"U","mo":253.0},{"cn":"Renat","ui":"6747671","t":279.0,"r":279.0,"q":10.38,"p":6000000.0,"mot":"U","mo":279.0},{"cn":"South City","ui":"6747476","t":674.0,"r":674.0,"q":14.79,"p":3000000.0,"mot":"U","mo":674.0},{"cn":"","ui":"","t":446.0,"r":437.0,"q":11.96,"p":3305262.88,"mot":"L","mo":437.0}]},{"d":"23.05.2022","r":3888.0,"q":10.78,"p":2711621.39,"s":[{"cn":"Grey Group","ui":"6749444","t":2217.0,"r":2217.0,"q":9.22,"p":2000000.0,"mot":"U","mo":2217.0},{"cn":"Аркона","ui":"6749720","t":295.0,"r":295.0,"q":11.83,"p":2019607.12,"mot":"U","mo":295.0},{"cn":"Renat","ui":"6747671","t":300.0,"r":300.0,"q":10.65,"p":6000000.0,"mot":"U","mo":300.0},{"cn":"South City","ui":"6747476","t":737.0,"r":737.0,"q":14.87,"p":3000000.0,"mot":"U","mo":737.0},{"cn":"","ui":"","t":339.0,"r":339.0,"q":11.25,"p":4430678.05,"mot":"L","mo":339.0}]},{"d":"24.05.2022","r":4105.0,"q":10.85,"p":2691698.01,"s":[{"cn":"Grey Group","ui":"6749444","t":2266.0,"r":2265.0,"q":9.25,"p":2000000.0,"mot":"U","mo":2265.0},{"cn":"Аркона","ui":"6749720","t":309.0,"r":309.0,"q":11.84,"p":2019607.12,"mot":"U","mo":309.0},{"cn":"Renat","ui":"6747671","t":307.0,"r":307.0,"q":10.74,"p":6000000.0,"mot":"U","mo":307.0},{"cn":"South City","ui":"6747476","t":770.0,"r":770.0,"q":14.89,"p":3000000.0,"mot":"U","mo":770.0},{"cn":"","ui":"","t":454.0,"r":454.0,"q":11.39,"p":3840003.8,"mot":"L","mo":454.0}]},{"d":"25.05.2022","r":4181.0,"q":10.86,"p":2693443.11,"s":[{"cn":"Grey Group","ui":"6749444","t":2314.0,"r":2314.0,"q":9.27,"p":2000000.0,"mot":"U","mo":2314.0},{"cn":"Аркона","ui":"6749720","t":323.0,"r":323.0,"q":11.85,"p":2019607.12,"mot":"U","mo":323.0},{"cn":"Renat","ui":"6747671","t":314.0,"r":314.0,"q":10.82,"p":6000000.0,"mot":"U","mo":314.0},{"cn":"South City","ui":"6747476","t":773.0,"r":773.0,"q":14.92,"p":3000000.0,"mot":"U","mo":773.0},{"cn":"","ui":"","t":457.0,"r":457.0,"q":11.36,"p":3890487.0,"mot":"L","mo":457.0}]},{"d":"26.05.2022","r":4201.0,"q":10.88,"p":2670223.15,"s":[{"cn":"Grey Group","ui":"6749444","t":2363.0,"r":2363.0,"q":9.29,"p":2000000.0,"mot":"U","mo":2363.0},{"cn":"Renat","ui":"6747671","t":321.0,"r":321.0,"q":10.9,"p":6000000.0,"mot":"U","mo":321.0},{"cn":"Аркона","ui":"6749720","t":337.0,"r":337.0,"q":11.86,"p":2019607.12,"mot":"U","mo":337.0},{"cn":"South City","ui":"6747476","t":810.0,"r":810.0,"q":14.94,"p":3000000.0,"mot":"U","mo":810.0},{"cn":"","ui":"","t":370.0,"r":370.0,"q":11.2,"p":3932432.01,"mot":"L","mo":370.0}]},{"d":"27.05.2022","r":3995.0,"q":10.89,"p":2447342.84,"s":[{"cn":"Grey Group","ui":"6749444","t":2411.0,"r":2411.0,"q":9.31,"p":2000000.0,"mot":"U","mo":2411.0},{"cn":"Аркона","ui":"6749720","t":351.0,"r":351.0,"q":11.86,"p":2019607.12,"mot":"U","mo":351.0},{"cn":"South City","ui":"6747476","t":839.0,"r":839.0,"q":14.96,"p":3000000.0,"mot":"U","mo":839.0},{"cn":"","ui":"","t":394.0,"r":394.0,"q":11.05,"p":4388965.86,"mot":"L","mo":394.0}]},{"d":"30.05.2022","r":3898.0,"q":10.87,"p":2362161.47,"s":[{"cn":"Grey Group","ui":"6749444","t":2443.0,"r":2443.0,"q":9.37,"p":2000000.0,"mot":"U","mo":2443.0},{"cn":"Аркона","ui":"6749720","t":393.0,"r":393.0,"q":11.88,"p":2019607.12,"mot":"U","mo":393.0},{"cn":"South City","ui":"6747476","t":765.0,"r":765.0,"q":15.01,"p":3000000.0,"mot":"U","mo":765.0},{"cn":"","ui":"","t":297.0,"r":297.0,"q":11.26,"p":4151514.54,"mot":"L","mo":297.0}]},{"d":"31.05.2022","r":4013.0,"q":10.88,"p":2383608.51,"s":[{"cn":"Grey Group","ui":"6749444","t":2491.0,"r":2491.0,"q":9.39,"p":2000000.0,"mot":"U","mo":2491.0},{"cn":"Аркона","ui":"6749720","t":407.0,"r":407.0,"q":11.89,"p":2019607.12,"mot":"U","mo":407.0},{"cn":"South City","ui":"6747476","t":784.0,"r":784.0,"q":15.03,"p":3000000.0,"mot":"U","mo":784.0},{"cn":"","ui":"","t":341.0,"r":331.0,"q":11.03,"p":4258129.43,"mot":"L","mo":331.0}]},{"d":"01.06.2022","r":4078.0,"q":10.9,"p":2365977.05,"s":[{"cn":"Grey Group","ui":"6749444","t":2539.0,"r":2539.0,"q":9.41,"p":2000000.0,"mot":"U","mo":2539.0},{"cn":"Аркона","ui":"6749720","t":421.0,"r":421.0,"q":11.89,"p":2019607.12,"mot":"U","mo":421.0},{"cn":"South City","ui":"6747476","t":787.0,"r":787.0,"q":15.08,"p":3000000.0,"mot":"U","mo":787.0},{"cn":"","ui":"","t":331.0,"r":331.0,"q":11.15,"p":4106343.82,"mot":"L","mo":331.0}]},{"d":"02.06.2022","r":4101.0,"q":10.96,"p":2339830.43,"s":[{"cn":"Grey Group","ui":"6749444","t":2587.0,"r":2587.0,"q":9.43,"p":2000000.0,"mot":"U","mo":2587.0},{"cn":"Аркона","ui":"6749720","t":355.0,"r":355.0,"q":11.9,"p":1806323.37,"mot":"U","mo":355.0},{"cn":"South City","ui":"6747476","t":826.0,"r":826.0,"q":15.12,"p":3000000.0,"mot":"U","mo":826.0},{"cn":"","ui":"","t":333.0,"r":333.0,"q":11.55,"p":3911110.51,"mot":"L","mo":333.0}]},{"d":"03.06.2022","r":4198.0,"q":11.0,"p":2347071.62,"s":[{"cn":"Grey Group","ui":"6749444","t":2635.0,"r":2635.0,"q":9.45,"p":2000000.0,"mot":"U","mo":2635.0},{"cn":"Аркона","ui":"6749720","t":349.0,"r":349.0,"q":11.9,"p":1806323.37,"mot":"U","mo":349.0},{"cn":"South City","ui":"6747476","t":865.0,"r":865.0,"q":15.15,"p":3000000.0,"mot":"U","mo":865.0},{"cn":"","ui":"","t":349.0,"r":349.0,"q":11.51,"p":3889970.76,"mot":"L","mo":349.0}]},{"d":"06.06.2022","r":4924.0,"q":11.11,"p":2529408.1,"s":[{"cn":"Erofeevs","ui":"5607891","t":682.0,"r":682.0,"q":12.63,"p":4000000.0,"mot":"U","mo":682.0},{"cn":"Grey Group","ui":"6749444","t":2779.0,"r":2779.0,"q":9.49,"p":2000000.0,"mot":"U","mo":2779.0},{"cn":"Аркона","ui":"6749720","t":333.0,"r":333.0,"q":11.9,"p":1806323.37,"mot":"U","mo":333.0},{"cn":"South City","ui":"6747476","t":766.0,"r":766.0,"q":15.25,"p":3000000.0,"mot":"U","mo":766.0},{"cn":"","ui":"","t":364.0,"r":364.0,"q":11.2,"p":3487087.3,"mot":"L","mo":364.0}]},{"d":"07.06.2022","r":4148.0,"q":10.87,"p":2235638.76,"s":[{"cn":"Grey Group","ui":"6749444","t":2760.0,"r":2760.0,"q":9.51,"p":2000000.0,"mot":"U","mo":2760.0},{"cn":"Аркона","ui":"6749720","t":321.0,"r":321.0,"q":11.9,"p":1806323.37,"mot":"U","mo":321.0},{"cn":"Hajes Racing","ui":"6831847","t":226.0,"r":226.0,"q":10.32,"p":2999999.0,"mot":"U","mo":226.0},{"cn":"South City","ui":"6747476","t":805.0,"r":805.0,"q":15.29,"p":3000000.0,"mot":"U","mo":805.0},{"cn":"","ui":"","t":36.0,"r":36.0,"q":10.56,"p":2238888.89,"mot":"L","mo":36.0}]},{"d":"08.06.2022","r":1087.0,"q":14.21,"p":2999999.79,"s":[{"cn":"South City","ui":"6747476","t":844.0,"r":844.0,"q":15.31,"p":3000000.0,"mot":"U","mo":844.0},{"cn":"Hajes Racing","ui":"6831847","t":231.0,"r":231.0,"q":10.26,"p":2999999.0,"mot":"U","mo":231.0},{"cn":"","ui":"","t":12.0,"r":12.0,"q":12.53,"p":3000000.0,"mot":"L","mo":12.0}]},{"d":"09.06.2022","r":5755.0,"q":10.09,"p":4732996.4,"s":[{"cn":"GlipGlip Ltd.","ui":"6914387","t":1984.0,"r":1984.0,"q":12.7,"p":5000000.0,"mot":"U","mo":1984.0},{"cn":"Flat line","ui":"6891637","t":992.0,"r":992.0,"q":7.66,"p":7000000.0,"mot":"U","mo":992.0},{"cn":"Erofeevs","ui":"5715310","t":1430.0,"r":1430.0,"q":4.64,"p":4600000.0,"mot":"U","mo":1430.0},{"cn":"South City","ui":"6747476","t":883.0,"r":883.0,"q":15.34,"p":3000000.0,"mot":"U","mo":883.0},{"cn":"","ui":"","t":476.0,"r":466.0,"q":10.98,"p":2462219.51,"mot":"L","mo":466.0}]},{"d":"10.06.2022","r":630.0,"q":12.1,"p":2634474.6,"s":[{"cn":"Аркона","ui":"6749720","t":177.0,"r":177.0,"q":11.9,"p":1806323.37,"mot":"U","mo":177.0},{"cn":"Hajes Racing","ui":"6831847","t":241.0,"r":241.0,"q":10.15,"p":2999999.0,"mot":"U","mo":241.0},{"cn":"South City","ui":"6747476","t":166.0,"r":166.0,"q":15.47,"p":3000000.0,"mot":"U","mo":166.0},{"cn":"","ui":"","t":46.0,"r":46.0,"q":10.96,"p":2586956.52,"mot":"L","mo":46.0}]},{"d":"13.06.2022","r":597.0,"q":12.77,"p":2955108.45,"s":[{"cn":"WoWaWood","ui":"6755306","t":36.0,"r":36.0,"q":10.03,"p":1700000.0,"mot":"U","mo":36.0},{"cn":"Hajes Racing","ui":"6831847","t":256.0,"r":256.0,"q":9.98,"p":2999999.0,"mot":"U","mo":256.0},{"cn":"South City","ui":"6747476","t":283.0,"r":283.0,"q":15.61,"p":3000000.0,"mot":"U","mo":283.0},{"cn":"","ui":"","t":22.0,"r":22.0,"q":13.07,"p":3909090.91,"mot":"L","mo":22.0}]},{"d":"14.06.2022","r":1089.0,"q":12.09,"p":3715740.97,"s":[{"cn":"Renat","ui":"6747671","t":328.0,"r":328.0,"q":10.97,"p":6000000.0,"mot":"U","mo":328.0},{"cn":"Аркона","ui":"6749720","t":149.0,"r":149.0,"q":11.9,"p":1806323.37,"mot":"U","mo":149.0},{"cn":"Hajes Racing","ui":"6831847","t":261.0,"r":261.0,"q":9.93,"p":2999999.0,"mot":"U","mo":261.0},{"cn":"South City","ui":"6747476","t":288.0,"r":288.0,"q":15.63,"p":3000000.0,"mot":"U","mo":288.0},{"cn":"","ui":"","t":63.0,"r":63.0,"q":11.22,"p":2576190.48,"mot":"L","mo":63.0}]},{"d":"16.06.2022","r":950.0,"q":12.28,"p":4074841.82,"s":[{"cn":"Renat","ui":"6747671","t":346.0,"r":346.0,"q":11.2,"p":6000000.0,"mot":"U","mo":346.0},{"cn":"South City","ui":"6747476","t":311.0,"r":311.0,"q":15.66,"p":3000000.0,"mot":"U","mo":311.0},{"cn":"Hajes Racing","ui":"6831847","t":271.0,"r":271.0,"q":9.83,"p":2999999.0,"mot":"U","mo":271.0},{"cn":"","ui":"","t":22.0,"r":22.0,"q":11.87,"p":2231818.18,"mot":"L","mo":22.0}]},{"d":"17.06.2022","r":1234.0,"q":12.38,"p":3786940.84,"s":[{"cn":"Территория жизни","ui":"6852701","t":84.0,"r":84.0,"q":12.69,"p":4000000.0,"mot":"U","mo":84.0},{"cn":"Аркона","ui":"6749720","t":140.0,"r":140.0,"q":11.9,"p":1806323.37,"mot":"U","mo":140.0},{"cn":"Renat","ui":"6747671","t":357.0,"r":357.0,"q":11.33,"p":6000000.0,"mot":"U","mo":357.0},{"cn":"South City","ui":"6747476","t":350.0,"r":350.0,"q":15.67,"p":3000000.0,"mot":"U","mo":350.0},{"cn":"Hajes Racing","ui":"6831847","t":276.0,"r":276.0,"q":9.79,"p":2999999.0,"mot":"U","mo":276.0},{"cn":"","ui":"","t":27.0,"r":27.0,"q":11.83,"p":2377777.78,"mot":"L","mo":27.0}]},{"d":"20.06.2022","r":1066.0,"q":12.48,"p":4096716.42,"s":[{"cn":"Renat","ui":"6747671","t":390.0,"r":390.0,"q":11.67,"p":6000000.0,"mot":"U","mo":390.0},{"cn":"South City","ui":"6747476","t":355.0,"r":355.0,"q":15.71,"p":3000000.0,"mot":"U","mo":355.0},{"cn":"Hajes Racing","ui":"6831847","t":291.0,"r":291.0,"q":9.65,"p":2999999.0,"mot":"U","mo":291.0},{"cn":"","ui":"","t":30.0,"r":30.0,"q":12.35,"p":2970000.0,"mot":"L","mo":30.0}]},{"d":"21.06.2022","r":1252.0,"q":12.53,"p":3840093.01,"s":[{"cn":"Аркона","ui":"6749720","t":126.0,"r":126.0,"q":11.9,"p":1806323.37,"mot":"U","mo":126.0},{"cn":"Renat","ui":"6747671","t":401.0,"r":401.0,"q":11.77,"p":6000000.0,"mot":"U","mo":401.0},{"cn":"South City","ui":"6747476","t":394.0,"r":394.0,"q":15.73,"p":3000000.0,"mot":"U","mo":394.0},{"cn":"Hajes Racing","ui":"6831847","t":296.0,"r":296.0,"q":9.61,"p":2999999.0,"mot":"U","mo":296.0},{"cn":"","ui":"","t":35.0,"r":35.0,"q":12.23,"p":2977142.86,"mot":"L","mo":35.0}]},{"d":"22.06.2022","r":1266.0,"q":12.66,"p":3897511.72,"s":[{"cn":"Аркона","ui":"6749720","t":87.0,"r":87.0,"q":11.9,"p":1806323.37,"mot":"U","mo":87.0},{"cn":"Renat","ui":"6747671","t":411.0,"r":411.0,"q":11.86,"p":6000000.0,"mot":"U","mo":411.0},{"cn":"South City","ui":"6747476","t":433.0,"r":433.0,"q":15.75,"p":3000000.0,"mot":"U","mo":433.0},{"cn":"Hajes Racing","ui":"6831847","t":301.0,"r":301.0,"q":9.56,"p":2999999.0,"mot":"U","mo":301.0},{"cn":"","ui":"","t":34.0,"r":34.0,"q":12.5,"p":3208823.53,"mot":"L","mo":34.0}]},{"d":"23.06.2022","r":4046.0,"q":10.55,"p":2617256.65,"s":[{"cn":"Grey Group","ui":"6749444","t":2778.0,"r":2778.0,"q":9.52,"p":2000000.0,"mot":"U","mo":2778.0},{"cn":"Renat","ui":"6747671","t":421.0,"r":421.0,"q":11.94,"p":6000000.0,"mot":"U","mo":421.0},{"cn":"Hajes Racing","ui":"6831847","t":306.0,"r":306.0,"q":9.52,"p":2999999.0,"mot":"U","mo":306.0},{"cn":"South City","ui":"6747476","t":472.0,"r":472.0,"q":15.77,"p":3000000.0,"mot":"U","mo":472.0},{"cn":"","ui":"","t":79.0,"r":69.0,"q":12.46,"p":2513343.93,"mot":"L","mo":69.0}]},{"d":"24.06.2022","r":2014.0,"q":12.81,"p":4025148.8,"s":[{"cn":"Erofeevs","ui":"5607891","t":741.0,"r":741.0,"q":12.57,"p":4000000.0,"mot":"U","mo":741.0},{"cn":"Renat","ui":"6747671","t":432.0,"r":432.0,"q":12.03,"p":6000000.0,"mot":"U","mo":432.0},{"cn":"Hajes Racing","ui":"6831847","t":311.0,"r":311.0,"q":9.48,"p":2999999.0,"mot":"U","mo":311.0},{"cn":"South City","ui":"6747476","t":511.0,"r":511.0,"q":15.79,"p":3000000.0,"mot":"U","mo":511.0},{"cn":"","ui":"","t":29.0,"r":19.0,"q":13.98,"p":4455263.16,"mot":"L","mo":19.0}]},{"d":"27.06.2022","r":1823.0,"q":13.16,"p":3752769.77,"s":[{"cn":"Mufatorr Ltd.","ui":"6747258","t":387.0,"r":387.0,"q":13.05,"p":2799999.0,"mot":"U","mo":387.0},{"cn":"Renat","ui":"6747671","t":465.0,"r":465.0,"q":12.27,"p":6000000.0,"mot":"U","mo":465.0},{"cn":"South City","ui":"6747476","t":628.0,"r":628.0,"q":15.85,"p":3000000.0,"mot":"U","mo":628.0},{"cn":"Hajes Racing","ui":"6831847","t":326.0,"r":326.0,"q":9.36,"p":2999999.0,"mot":"U","mo":326.0},{"cn":"","ui":"","t":17.0,"r":17.0,"q":13.81,"p":6217647.06,"mot":"L","mo":17.0}]},{"d":"28.06.2022","r":1485.0,"q":13.24,"p":3998922.34,"s":[{"cn":"Renat","ui":"6747671","t":476.0,"r":476.0,"q":12.34,"p":6000000.0,"mot":"U","mo":476.0},{"cn":"South City","ui":"6747476","t":656.0,"r":656.0,"q":15.86,"p":3000000.0,"mot":"U","mo":656.0},{"cn":"Hajes Racing","ui":"6831847","t":331.0,"r":331.0,"q":9.32,"p":2999999.0,"mot":"U","mo":331.0},{"cn":"","ui":"","t":22.0,"r":22.0,"q":13.28,"p":5518181.82,"mot":"L","mo":22.0}]},{"d":"29.06.2022","r":1330.0,"q":12.64,"p":4236422.21,"s":[{"cn":"Renat","ui":"6747671","t":486.0,"r":486.0,"q":12.4,"p":6000000.0,"mot":"U","mo":486.0},{"cn":"Hajes Racing","ui":"6831847","t":335.0,"r":335.0,"q":9.29,"p":2999999.0,"mot":"U","mo":335.0},{"cn":"South City","ui":"6747476","t":450.0,"r":450.0,"q":15.87,"p":3000000.0,"mot":"U","mo":450.0},{"cn":"","ui":"","t":69.0,"r":59.0,"q":9.09,"p":6160031.69,"mot":"L","mo":59.0}]},{"d":"30.06.2022","r":4067.0,"q":10.64,"p":2713031.64,"s":[{"cn":"Grey Group","ui":"6749444","t":2718.0,"r":2718.0,"q":9.52,"p":2000000.0,"mot":"U","mo":2718.0},{"cn":"Renat","ui":"6747671","t":496.0,"r":496.0,"q":12.46,"p":6000000.0,"mot":"U","mo":496.0},{"cn":"Hajes Racing","ui":"6831847","t":339.0,"r":339.0,"q":9.26,"p":2999999.0,"mot":"U","mo":339.0},{"cn":"South City","ui":"6747476","t":488.0,"r":488.0,"q":15.87,"p":3000000.0,"mot":"U","mo":488.0},{"cn":"","ui":"","t":26.0,"r":26.0,"q":12.97,"p":5419230.77,"mot":"L","mo":26.0}]},{"d":"01.07.2022","r":4577.0,"q":10.88,"p":2729937.77,"s":[{"cn":"Mufatorr Ltd.","ui":"6747258","t":386.0,"r":386.0,"q":13.05,"p":2799999.0,"mot":"U","mo":386.0},{"cn":"Grey Group","ui":"6749444","t":2768.0,"r":2768.0,"q":9.53,"p":2000000.0,"mot":"U","mo":2768.0},{"cn":"Renat","ui":"6747671","t":507.0,"r":507.0,"q":12.52,"p":6000000.0,"mot":"U","mo":507.0},{"cn":"Hajes Racing","ui":"6831847","t":343.0,"r":343.0,"q":9.23,"p":2999999.0,"mot":"U","mo":343.0},{"cn":"South City","ui":"6747476","t":525.0,"r":525.0,"q":15.88,"p":3000000.0,"mot":"U","mo":525.0},{"cn":"","ui":"","t":48.0,"r":48.0,"q":11.04,"p":4835956.38,"mot":"L","mo":48.0}]},{"d":"04.07.2022","r":3984.0,"q":11.0,"p":2817542.58,"s":[{"cn":"Grey Group","ui":"6749444","t":2418.0,"r":2418.0,"q":9.56,"p":2000000.0,"mot":"U","mo":2418.0},{"cn":"Renat","ui":"6747671","t":540.0,"r":540.0,"q":12.7,"p":6000000.0,"mot":"U","mo":540.0},{"cn":"South City","ui":"6747476","t":636.0,"r":636.0,"q":15.9,"p":3000000.0,"mot":"U","mo":636.0},{"cn":"Hajes Racing","ui":"6831847","t":355.0,"r":355.0,"q":9.14,"p":2999999.0,"mot":"U","mo":355.0},{"cn":"","ui":"","t":45.0,"r":35.0,"q":13.99,"p":5031142.86,"mot":"L","mo":35.0}]},{"d":"05.07.2022","r":5200.0,"q":11.41,"p":2954349.86,"s":[{"cn":"Mufatorr Ltd.","ui":"6747258","t":359.0,"r":359.0,"q":13.05,"p":2799999.0,"mot":"U","mo":359.0},{"cn":"Erofeevs","ui":"5607891","t":741.0,"r":741.0,"q":12.57,"p":3800000.0,"mot":"U","mo":741.0},{"cn":"Grey Group","ui":"6749444","t":2468.0,"r":2468.0,"q":9.57,"p":2000000.0,"mot":"U","mo":2468.0},{"cn":"Renat","ui":"6747671","t":551.0,"r":551.0,"q":12.75,"p":6000000.0,"mot":"U","mo":551.0},{"cn":"Hajes Racing","ui":"6831847","t":359.0,"r":359.0,"q":9.12,"p":2999999.0,"mot":"U","mo":359.0},{"cn":"South City","ui":"6747476","t":674.0,"r":674.0,"q":15.92,"p":3000000.0,"mot":"U","mo":674.0},{"cn":"","ui":"","t":58.0,"r":48.0,"q":13.82,"p":4179583.33,"mot":"L","mo":48.0}]},{"d":"06.07.2022","r":1297.0,"q":9.58,"p":2000000.0,"s":[{"cn":"Grey Group","ui":"6749444","t":1297.0,"r":1297.0,"q":9.58,"p":2000000.0,"mot":"U","mo":1297.0},{"cn":"","ui":"","t":0.0,"r":0.0,"q":0.0,"p":0.0,"mot":"L","mo":0.0}]},{"d":"07.07.2022","r":1248.0,"q":9.78,"p":2056514.42,"s":[{"cn":"Grey Group","ui":"6749444","t":1188.0,"r":1188.0,"q":9.49,"p":2000000.0,"mot":"U","mo":1188.0},{"cn":"","ui":"","t":70.0,"r":60.0,"q":15.56,"p":3175500.0,"mot":"L","mo":60.0}]},{"d":"08.07.2022","r":1310.0,"q":9.9,"p":2095648.85,"s":[{"cn":"Grey Group","ui":"6749444","t":1238.0,"r":1238.0,"q":9.58,"p":2000000.0,"mot":"U","mo":1238.0},{"cn":"","ui":"","t":72.0,"r":72.0,"q":15.32,"p":3740277.78,"mot":"L","mo":72.0}]},{"d":"11.07.2022","r":223.0,"q":16.47,"p":3756053.81,"s":[{"cn":"Renat","ui":"6747671","t":58.0,"r":58.0,"q":15.81,"p":6000000.0,"mot":"U","mo":58.0},{"cn":"South City","ui":"6747476","t":160.0,"r":160.0,"q":16.88,"p":3000000.0,"mot":"U","mo":160.0},{"cn":"","ui":"","t":5.0,"r":5.0,"q":10.84,"p":1920000.0,"mot":"L","mo":5.0}]},{"d":"12.07.2022","r":1630.0,"q":10.9,"p":2293987.73,"s":[{"cn":"Grey Group","ui":"6749444","t":1275.0,"r":1275.0,"q":9.63,"p":2000000.0,"mot":"U","mo":1275.0},{"cn":"South City","ui":"6747476","t":200.0,"r":200.0,"q":16.97,"p":3000000.0,"mot":"U","mo":200.0},{"cn":"","ui":"","t":155.0,"r":155.0,"q":13.48,"p":3801290.32,"mot":"L","mo":155.0}]},{"d":"13.07.2022","r":1346.0,"q":10.01,"p":2240713.22,"s":[{"cn":"Grey Group","ui":"6749444","t":1265.0,"r":1265.0,"q":9.63,"p":2000000.0,"mot":"U","mo":1265.0},{"cn":"Renat","ui":"6747671","t":81.0,"r":81.0,"q":15.96,"p":6000000.0,"mot":"U","mo":81.0},{"cn":"","ui":"","t":0.0,"r":0.0,"q":0.0,"p":0.0,"mot":"L","mo":0.0}]},{"d":"14.07.2022","r":1367.0,"q":10.35,"p":2298463.79,"s":[{"cn":"Grey Group","ui":"6749444","t":1234.0,"r":1234.0,"q":9.7,"p":2000000.0,"mot":"U","mo":1234.0},{"cn":"Renat","ui":"6747671","t":92.0,"r":92.0,"q":16.01,"p":6000000.0,"mot":"U","mo":92.0},{"cn":"","ui":"","t":41.0,"r":41.0,"q":17.29,"p":2975609.76,"mot":"L","mo":41.0}]},{"d":"15.07.2022","r":977.0,"q":9.85,"p":2054861.82,"s":[{"cn":"Grey Group","ui":"6749444","t":962.0,"r":962.0,"q":9.78,"p":2000000.0,"mot":"U","mo":962.0},{"cn":"","ui":"","t":15.0,"r":15.0,"q":14.38,"p":5573333.33,"mot":"L","mo":15.0}]},{"d":"18.07.2022","r":1150.0,"q":10.85,"p":2104695.65,"s":[{"cn":"Grey Group","ui":"6749444","t":1007.0,"r":1007.0,"q":10.03,"p":2000000.0,"mot":"U","mo":1007.0},{"cn":"South City","ui":"6747476","t":122.0,"r":122.0,"q":17.55,"p":3000000.0,"mot":"U","mo":122.0},{"cn":"","ui":"","t":21.0,"r":21.0,"q":11.12,"p":1923809.52,"mot":"L","mo":21.0}]},{"d":"19.07.2022","r":1620.0,"q":10.7,"p":2370370.15,"s":[{"cn":"Grey Group","ui":"6749444","t":1057.0,"r":1057.0,"q":10.1,"p":2000000.0,"mot":"U","mo":1057.0},{"cn":"Hajes Racing","ui":"6831847","t":361.0,"r":361.0,"q":9.1,"p":2999999.0,"mot":"U","mo":361.0},{"cn":"South City","ui":"6747476","t":163.0,"r":163.0,"q":17.57,"p":3000000.0,"mot":"U","mo":163.0},{"cn":"","ui":"","t":39.0,"r":39.0,"q":12.9,"p":3948717.95,"mot":"L","mo":39.0}]},{"d":"20.07.2022","r":1787.0,"q":11.08,"p":2511807.29,"s":[{"cn":"Grey Group","ui":"6749444","t":1107.0,"r":1107.0,"q":10.16,"p":2000000.0,"mot":"U","mo":1107.0},{"cn":"South City","ui":"6747476","t":204.0,"r":204.0,"q":17.58,"p":3000000.0,"mot":"U","mo":204.0},{"cn":"Hajes Racing","ui":"6831847","t":365.0,"r":365.0,"q":9.07,"p":2999999.0,"mot":"U","mo":365.0},{"cn":"","ui":"","t":111.0,"r":111.0,"q":14.9,"p":5113513.51,"mot":"L","mo":111.0}]},{"d":"21.07.2022","r":1899.0,"q":11.25,"p":2531437.4,"s":[{"cn":"Grey Group","ui":"6749444","t":1157.0,"r":1157.0,"q":10.22,"p":2000000.0,"mot":"U","mo":1157.0},{"cn":"Hajes Racing","ui":"6831847","t":369.0,"r":369.0,"q":9.04,"p":2999999.0,"mot":"U","mo":369.0},{"cn":"South City","ui":"6747476","t":245.0,"r":245.0,"q":17.58,"p":3000000.0,"mot":"U","mo":245.0},{"cn":"","ui":"","t":128.0,"r":128.0,"q":14.89,"p":5087500.0,"mot":"L","mo":128.0}]},{"d":"22.07.2022","r":2029.0,"q":11.14,"p":2370527.17,"s":[{"cn":"Партнер Инвест","ui":"7118316","t":104.0,"r":104.0,"q":9.95,"p":2000000.0,"mot":"U","mo":104.0},{"cn":"Grey Group","ui":"6749444","t":1209.0,"r":1209.0,"q":10.31,"p":2000000.0,"mot":"U","mo":1209.0},{"cn":"South City","ui":"6747476","t":286.0,"r":286.0,"q":17.58,"p":3000000.0,"mot":"U","mo":286.0},{"cn":"Hajes Racing","ui":"6831847","t":373.0,"r":373.0,"q":9.0,"p":2999999.0,"mot":"U","mo":373.0},{"cn":"","ui":"","t":57.0,"r":57.0,"q":12.61,"p":3628070.18,"mot":"L","mo":57.0}]},{"d":"25.07.2022","r":19.0,"q":16.4,"p":8000000.0,"s":[{"cn":"Cepheid","ui":"6749487","t":19.0,"r":19.0,"q":16.4,"p":8000000.0,"mot":"U","mo":19.0},{"cn":"","ui":"","t":0.0,"r":0.0,"q":0.0,"p":0.0,"mot":"L","mo":0.0}]},{"d":"26.07.2022","r":120.0,"q":14.55,"p":3354999.97,"s":[{"cn":"Grey Group","ui":"6749444","t":52.0,"r":52.0,"q":12.43,"p":2000000.0,"mot":"U","mo":52.0},{"cn":"South City","ui":"6747476","t":40.0,"r":40.0,"q":17.49,"p":3000000.0,"mot":"U","mo":40.0},{"cn":"Cepheid","ui":"6749487","t":20.0,"r":20.0,"q":16.38,"p":8000000.0,"mot":"U","mo":20.0},{"cn":"","ui":"","t":8.0,"r":8.0,"q":9.1,"p":2324999.63,"mot":"L","mo":8.0}]},{"d":"27.07.2022","r":359.0,"q":15.22,"p":4182451.24,"s":[{"cn":"Grey Group","ui":"6749444","t":104.0,"r":104.0,"q":12.43,"p":2000000.0,"mot":"U","mo":104.0},{"cn":"Renat","ui":"6747671","t":143.0,"r":143.0,"q":16.35,"p":6000000.0,"mot":"U","mo":143.0},{"cn":"South City","ui":"6747476","t":80.0,"r":80.0,"q":17.52,"p":3000000.0,"mot":"U","mo":80.0},{"cn":"Cepheid","ui":"6749487","t":21.0,"r":21.0,"q":16.37,"p":8000000.0,"mot":"U","mo":21.0},{"cn":"","ui":"","t":11.0,"r":11.0,"q":8.03,"p":2499999.45,"mot":"L","mo":11.0}]},{"d":"28.07.2022","r":472.0,"q":15.3,"p":3856144.05,"s":[{"cn":"Grey Group","ui":"6749444","t":158.0,"r":158.0,"q":13.24,"p":2000000.0,"mot":"U","mo":158.0},{"cn":"Renat","ui":"6747671","t":154.0,"r":154.0,"q":16.35,"p":6000000.0,"mot":"U","mo":154.0},{"cn":"South City","ui":"6747476","t":120.0,"r":120.0,"q":17.52,"p":3000000.0,"mot":"U","mo":120.0},{"cn":"","ui":"","t":40.0,"r":40.0,"q":12.7,"p":5502499.78,"mot":"L","mo":40.0}]},{"d":"29.07.2022","r":195.0,"q":16.65,"p":3589743.53,"s":[{"cn":"South City","ui":"6747476","t":160.0,"r":160.0,"q":17.51,"p":3000000.0,"mot":"U","mo":160.0},{"cn":"Hajes Racing","ui":"6831847","t":12.0,"r":12.0,"q":5.84,"p":2999999.0,"mot":"U","mo":12.0},{"cn":"Cepheid","ui":"6749487","t":23.0,"r":23.0,"q":16.33,"p":8000000.0,"mot":"U","mo":23.0},{"cn":"","ui":"","t":0.0,"r":0.0,"q":0.0,"p":0.0,"mot":"L","mo":0.0}]},{"d":"01.08.2022","r":427.0,"q":15.7,"p":4419672.12,"s":[{"cn":"Grey Group","ui":"6749444","t":107.0,"r":107.0,"q":14.08,"p":2000000.0,"mot":"U","mo":107.0},{"cn":"Renat","ui":"6747671","t":198.0,"r":198.0,"q":16.35,"p":6000000.0,"mot":"U","mo":198.0},{"cn":"South City","ui":"6747476","t":80.0,"r":80.0,"q":17.4,"p":3000000.0,"mot":"U","mo":80.0},{"cn":"Cepheid","ui":"6749487","t":26.0,"r":26.0,"q":16.31,"p":8000000.0,"mot":"U","mo":26.0},{"cn":"","ui":"","t":16.0,"r":16.0,"q":9.04,"p":2324999.63,"mot":"L","mo":16.0}]},{"d":"02.08.2022","r":541.0,"q":15.59,"p":4080961.17,"s":[{"cn":"Grey Group","ui":"6749444","t":161.0,"r":161.0,"q":14.15,"p":2000000.0,"mot":"U","mo":161.0},{"cn":"Renat","ui":"6747671","t":209.0,"r":209.0,"q":16.35,"p":6000000.0,"mot":"U","mo":209.0},{"cn":"South City","ui":"6747476","t":120.0,"r":120.0,"q":17.37,"p":3000000.0,"mot":"U","mo":120.0},{"cn":"","ui":"","t":51.0,"r":51.0,"q":12.88,"p":5329411.59,"mot":"L","mo":51.0}]},{"d":"03.08.2022","r":603.0,"q":15.61,"p":3742951.89,"s":[{"cn":"Grey Group","ui":"6749444","t":208.0,"r":208.0,"q":14.14,"p":2000000.0,"mot":"U","mo":208.0},{"cn":"Renat","ui":"6747671","t":220.0,"r":220.0,"q":16.35,"p":6000000.0,"mot":"U","mo":220.0},{"cn":"South City","ui":"6747476","t":159.0,"r":159.0,"q":17.35,"p":3000000.0,"mot":"U","mo":159.0},{"cn":"","ui":"","t":16.0,"r":16.0,"q":7.38,"p":2749999.25,"mot":"L","mo":16.0}]},{"d":"04.08.2022","r":349.0,"q":15.42,"p":4795415.43,"s":[{"cn":"Grey Group","ui":"6749444","t":53.0,"r":53.0,"q":13.98,"p":2000000.0,"mot":"U","mo":53.0},{"cn":"Renat","ui":"6747671","t":231.0,"r":231.0,"q":16.35,"p":6000000.0,"mot":"U","mo":231.0},{"cn":"South City","ui":"6747476","t":39.0,"r":39.0,"q":17.22,"p":3000000.0,"mot":"U","mo":39.0},{"cn":"","ui":"","t":26.0,"r":26.0,"q":7.38,"p":2484614.81,"mot":"L","mo":26.0}]},{"d":"05.08.2022","r":451.0,"q":15.42,"p":4356984.44,"s":[{"cn":"Grey Group","ui":"6749444","t":106.0,"r":106.0,"q":13.93,"p":2000000.0,"mot":"U","mo":106.0},{"cn":"Renat","ui":"6747671","t":242.0,"r":242.0,"q":16.35,"p":6000000.0,"mot":"U","mo":242.0},{"cn":"South City","ui":"6747476","t":78.0,"r":78.0,"q":17.2,"p":3000000.0,"mot":"U","mo":78.0},{"cn":"","ui":"","t":25.0,"r":25.0,"q":7.1,"p":2679999.28,"mot":"L","mo":25.0}]},{"d":"08.08.2022","r":586.0,"q":15.38,"p":5439713.31,"s":[{"cn":"Mufatorr Ltd.","ui":"7140107","t":328.0,"r":328.0,"q":14.61,"p":4999000.0,"mot":"U","mo":328.0},{"cn":"Renat","ui":"6747671","t":258.0,"r":258.0,"q":16.35,"p":6000000.0,"mot":"U","mo":258.0},{"cn":"","ui":"","t":0.0,"r":0.0,"q":0.0,"p":0.0,"mot":"L","mo":0.0}]},{"d":"09.08.2022","r":829.0,"q":15.65,"p":5408419.78,"s":[{"cn":"Mufatorr Ltd.","ui":"7140107","t":420.0,"r":420.0,"q":14.58,"p":4999000.0,"mot":"U","mo":420.0},{"cn":"Renat","ui":"6747671","t":269.0,"r":269.0,"q":16.35,"p":6000000.0,"mot":"U","mo":269.0},{"cn":"Met Company Ltd.","ui":"6917877","t":140.0,"r":140.0,"q":17.52,"p":5500000.0,"mot":"U","mo":140.0},{"cn":"","ui":"","t":0.0,"r":0.0,"q":0.0,"p":0.0,"mot":"L","mo":0.0}]},{"d":"10.08.2022","r":905.0,"q":15.55,"p":5376909.39,"s":[{"cn":"Mufatorr Ltd.","ui":"7140107","t":497.0,"r":497.0,"q":14.64,"p":4999000.0,"mot":"U","mo":497.0},{"cn":"Renat","ui":"6747671","t":280.0,"r":280.0,"q":16.35,"p":6000000.0,"mot":"U","mo":280.0},{"cn":"Met Company Ltd.","ui":"6917877","t":124.0,"r":124.0,"q":17.52,"p":5500000.0,"mot":"U","mo":124.0},{"cn":"","ui":"","t":4.0,"r":4.0,"q":10.57,"p":4900000.0,"mot":"L","mo":4.0}]},{"d":"11.08.2022","r":960.0,"q":14.92,"p":5268862.5,"s":[{"cn":"Mufatorr Ltd.","ui":"7140107","t":592.0,"r":592.0,"q":14.7,"p":4999000.0,"mot":"U","mo":592.0},{"cn":"Grey Group","ui":"6749444","t":53.0,"r":53.0,"q":14.31,"p":3500000.0,"mot":"U","mo":53.0},{"cn":"Renat","ui":"6747671","t":291.0,"r":291.0,"q":16.35,"p":6000000.0,"mot":"U","mo":291.0},{"cn":"","ui":"","t":24.0,"r":24.0,"q":4.19,"p":6966666.67,"mot":"L","mo":24.0}]},{"d":"12.08.2022","r":1421.0,"q":9.45,"p":6539405.05,"s":[{"cn":"Аркона","ui":"6749721","t":500.0,"r":500.0,"q":4.45,"p":7103067.15,"mot":"U","mo":500.0},{"cn":"Flat line","ui":"6891637","t":406.0,"r":406.0,"q":7.66,"p":7000000.0,"mot":"U","mo":406.0},{"cn":"Renat","ui":"6747671","t":302.0,"r":302.0,"q":16.35,"p":6000000.0,"mot":"U","mo":302.0},{"cn":"Met Company Ltd.","ui":"6917877","t":93.0,"r":93.0,"q":17.52,"p":5500000.0,"mot":"U","mo":93.0},{"cn":"","ui":"","t":120.0,"r":120.0,"q":12.67,"p":4795508.33,"mot":"L","mo":120.0}]},{"d":"15.08.2022","r":73.0,"q":13.98,"p":4280808.22,"s":[{"cn":"WoWaWood","ui":"6755306","t":4.0,"r":4.0,"q":10.61,"p":6000000.0,"mot":"U","mo":4.0},{"cn":"Black Ice","ui":"7043710","t":4.0,"r":4.0,"q":8.65,"p":8000000.0,"mot":"U","mo":4.0},{"cn":"Grey Group","ui":"6749444","t":53.0,"r":53.0,"q":14.17,"p":3500000.0,"mot":"U","mo":53.0},{"cn":"Renat","ui":"6747671","t":11.0,"r":11.0,"q":16.35,"p":6000000.0,"mot":"U","mo":11.0},{"cn":"","ui":"","t":1.0,"r":1.0,"q":12.51,"p":4999000.0,"mot":"L","mo":1.0}]},{"d":"16.08.2022","r":92.0,"q":13.83,"p":4739108.7,"s":[{"cn":"WoWaWood","ui":"6755306","t":8.0,"r":8.0,"q":10.63,"p":6000000.0,"mot":"U","mo":8.0},{"cn":"Black Ice","ui":"7043710","t":6.0,"r":6.0,"q":8.83,"p":8000000.0,"mot":"U","mo":6.0},{"cn":"Grey Group","ui":"6749444","t":52.0,"r":52.0,"q":13.78,"p":3500000.0,"mot":"U","mo":52.0},{"cn":"Renat","ui":"6747671","t":22.0,"r":22.0,"q":16.35,"p":6000000.0,"mot":"U","mo":22.0},{"cn":"","ui":"","t":4.0,"r":4.0,"q":14.5,"p":6499500.0,"mot":"L","mo":4.0}]},{"d":"17.08.2022","r":111.0,"q":13.94,"p":4999972.97,"s":[{"cn":"WoWaWood","ui":"6755306","t":12.0,"r":12.0,"q":10.64,"p":6000000.0,"mot":"U","mo":12.0},{"cn":"Black Ice","ui":"7043710","t":8.0,"r":8.0,"q":8.92,"p":8000000.0,"mot":"U","mo":8.0},{"cn":"Grey Group","ui":"6749444","t":52.0,"r":52.0,"q":13.89,"p":3500000.0,"mot":"U","mo":52.0},{"cn":"Renat","ui":"6747671","t":33.0,"r":33.0,"q":16.35,"p":6000000.0,"mot":"U","mo":33.0},{"cn":"","ui":"","t":6.0,"r":6.0,"q":14.5,"p":6499500.0,"mot":"L","mo":6.0}]},{"d":"18.08.2022","r":74.0,"q":13.91,"p":5999513.51,"s":[{"cn":"Mufatorr Ltd.","ui":"7140107","t":4.0,"r":4.0,"q":12.51,"p":4999000.0,"mot":"U","mo":4.0},{"cn":"WoWaWood","ui":"6755306","t":16.0,"r":16.0,"q":10.64,"p":4998000.0,"mot":"U","mo":16.0},{"cn":"Black Ice","ui":"7043710","t":10.0,"r":10.0,"q":8.97,"p":8000000.0,"mot":"U","mo":10.0},{"cn":"Renat","ui":"6747671","t":44.0,"r":44.0,"q":16.35,"p":6000000.0,"mot":"U","mo":44.0},{"cn":"","ui":"","t":0.0,"r":0.0,"q":0.0,"p":0.0,"mot":"L","mo":0.0}]},{"d":"19.08.2022","r":140.0,"q":13.8,"p":5071107.14,"s":[{"cn":"WoWaWood","ui":"6755306","t":20.0,"r":20.0,"q":10.65,"p":4998000.0,"mot":"U","mo":20.0},{"cn":"Black Ice","ui":"7043710","t":9.0,"r":9.0,"q":9.02,"p":8000000.0,"mot":"U","mo":9.0},{"cn":"Grey Group","ui":"6749444","t":50.0,"r":50.0,"q":13.18,"p":3500000.0,"mot":"U","mo":50.0},{"cn":"Renat","ui":"6747671","t":55.0,"r":55.0,"q":16.35,"p":6000000.0,"mot":"U","mo":55.0},{"cn":"","ui":"","t":6.0,"r":6.0,"q":13.17,"p":5499166.67,"mot":"L","mo":6.0}]},{"d":"22.08.2022","r":200.0,"q":14.18,"p":5167460.0,"s":[{"cn":"WoWaWood","ui":"6755306","t":32.0,"r":32.0,"q":10.67,"p":4000000.0,"mot":"U","mo":32.0},{"cn":"Black Ice","ui":"7043710","t":15.0,"r":15.0,"q":9.09,"p":8000000.0,"mot":"U","mo":15.0},{"cn":"Grey Group","ui":"6749444","t":53.0,"r":53.0,"q":14.22,"p":3500000.0,"mot":"U","mo":53.0},{"cn":"Renat","ui":"6747671","t":88.0,"r":88.0,"q":16.35,"p":6000000.0,"mot":"U","mo":88.0},{"cn":"","ui":"","t":12.0,"r":12.0,"q":13.85,"p":5999333.33,"mot":"L","mo":12.0}]},{"d":"23.08.2022","r":237.0,"q":14.73,"p":5018949.37,"s":[{"cn":"Black Ice","ui":"7043710","t":17.0,"r":17.0,"q":9.1,"p":8000000.0,"mot":"U","mo":17.0},{"cn":"Grey Group","ui":"6749444","t":107.0,"r":107.0,"q":14.22,"p":3500000.0,"mot":"U","mo":107.0},{"cn":"Renat","ui":"6747671","t":99.0,"r":99.0,"q":16.35,"p":6000000.0,"mot":"U","mo":99.0},{"cn":"","ui":"","t":14.0,"r":14.0,"q":13.96,"p":6070785.71,"mot":"L","mo":14.0}]},{"d":"24.08.2022","r":199.0,"q":14.89,"p":5522562.81,"s":[{"cn":"Mufatorr Ltd.","ui":"7140107","t":10.0,"r":10.0,"q":12.57,"p":4999000.0,"mot":"U","mo":10.0},{"cn":"Black Ice","ui":"7043710","t":19.0,"r":19.0,"q":9.11,"p":8000000.0,"mot":"U","mo":19.0},{"cn":"Grey Group","ui":"6749444","t":54.0,"r":54.0,"q":14.22,"p":3500000.0,"mot":"U","mo":54.0},{"cn":"Renat","ui":"6747671","t":110.0,"r":110.0,"q":16.35,"p":6000000.0,"mot":"U","mo":110.0},{"cn":"","ui":"","t":6.0,"r":6.0,"q":16.48,"p":8000000.0,"mot":"L","mo":6.0}]},{"d":"25.08.2022","r":304.0,"q":14.29,"p":5022990.13,"s":[{"cn":"WoWaWood","ui":"6755306","t":36.0,"r":36.0,"q":10.68,"p":4000000.0,"mot":"U","mo":36.0},{"cn":"Black Ice","ui":"7043710","t":21.0,"r":21.0,"q":9.12,"p":8000000.0,"mot":"U","mo":21.0},{"cn":"Grey Group","ui":"6749444","t":108.0,"r":108.0,"q":14.22,"p":3500000.0,"mot":"U","mo":108.0},{"cn":"Renat","ui":"6747671","t":121.0,"r":121.0,"q":16.35,"p":6000000.0,"mot":"U","mo":121.0},{"cn":"","ui":"","t":18.0,"r":18.0,"q":14.1,"p":6166055.56,"mot":"L","mo":18.0}]},{"d":"26.08.2022","r":152.0,"q":16.06,"p":6026236.84,"s":[{"cn":"Mufatorr Ltd.","ui":"7140107","t":12.0,"r":12.0,"q":12.59,"p":4999000.0,"mot":"U","mo":12.0},{"cn":"Renat","ui":"6747671","t":132.0,"r":132.0,"q":16.35,"p":6000000.0,"mot":"U","mo":132.0},{"cn":"Cepheid","ui":"6749487","t":8.0,"r":8.0,"q":16.48,"p":8000000.0,"mot":"U","mo":8.0},{"cn":"","ui":"","t":0.0,"r":0.0,"q":0.0,"p":0.0,"mot":"L","mo":0.0}]},{"d":"29.08.2022","r":303.0,"q":15.89,"p":5653046.2,"s":[{"cn":"Mufatorr Ltd.","ui":"7140107","t":127.0,"r":127.0,"q":15.25,"p":4999000.0,"mot":"U","mo":127.0},{"cn":"Renat","ui":"6747671","t":165.0,"r":165.0,"q":16.35,"p":6000000.0,"mot":"U","mo":165.0},{"cn":"","ui":"","t":11.0,"r":11.0,"q":16.48,"p":8000000.0,"mot":"L","mo":11.0}]},{"d":"30.08.2022","r":376.0,"q":15.81,"p":5556957.45,"s":[{"cn":"Mufatorr Ltd.","ui":"7140107","t":184.0,"r":184.0,"q":15.35,"p":4999000.0,"mot":"U","mo":184.0},{"cn":"Renat","ui":"6747671","t":176.0,"r":176.0,"q":16.35,"p":6000000.0,"mot":"U","mo":176.0},{"cn":"","ui":"","t":16.0,"r":16.0,"q":15.05,"p":7100000.0,"mot":"L","mo":16.0}]},{"d":"31.08.2022","r":435.0,"q":15.78,"p":5509795.4,"s":[{"cn":"Mufatorr Ltd.","ui":"7140107","t":239.0,"r":239.0,"q":15.3,"p":4999000.0,"mot":"U","mo":239.0},{"cn":"Renat","ui":"6747671","t":183.0,"r":183.0,"q":16.35,"p":6000000.0,"mot":"U","mo":183.0},{"cn":"","ui":"","t":13.0,"r":13.0,"q":16.48,"p":8000000.0,"mot":"L","mo":13.0}]},{"d":"01.09.2022","r":314.0,"q":15.24,"p":5132802.55,"s":[{"cn":"Mufatorr Ltd.","ui":"7140107","t":300.0,"r":300.0,"q":15.18,"p":4999000.0,"mot":"U","mo":300.0},{"cn":"","ui":"","t":14.0,"r":14.0,"q":16.48,"p":8000000.0,"mot":"L","mo":14.0}]},{"d":"02.09.2022","r":320.0,"q":15.21,"p":5139671.88,"s":[{"cn":"Mufatorr Ltd.","ui":"7140107","t":305.0,"r":305.0,"q":15.14,"p":4999000.0,"mot":"U","mo":305.0},{"cn":"","ui":"","t":15.0,"r":15.0,"q":16.55,"p":8000000.0,"mot":"L","mo":15.0}]},{"d":"05.09.2022","r":430.0,"q":11.96,"p":6590697.67,"s":[{"cn":"Flat line","ui":"6891637","t":218.0,"r":218.0,"q":7.66,"p":7000000.0,"mot":"U","mo":218.0},{"cn":"Renat","ui":"6747671","t":194.0,"r":194.0,"q":16.35,"p":6000000.0,"mot":"U","mo":194.0},{"cn":"","ui":"","t":18.0,"r":18.0,"q":16.7,"p":8000000.0,"mot":"L","mo":18.0}]},{"d":"06.09.2022","r":19.0,"q":16.74,"p":8000000.0,"s":[{"cn":"Cepheid","ui":"6749487","t":19.0,"r":19.0,"q":16.74,"p":8000000.0,"mot":"U","mo":19.0},{"cn":"","ui":"","t":0.0,"r":0.0,"q":0.0,"p":0.0,"mot":"L","mo":0.0}]},{"d":"07.09.2022","r":110.0,"q":15.3,"p":6263063.64,"s":[{"cn":"Mufatorr Ltd.","ui":"7140107","t":67.0,"r":63.0,"q":17.39,"p":4999000.0,"mot":"U","mo":63.0},{"cn":"Black Ice","ui":"7043710","t":23.0,"r":23.0,"q":9.12,"p":8000000.0,"mot":"U","mo":23.0},{"cn":"Cepheid","ui":"6749487","t":20.0,"r":20.0,"q":16.77,"p":8000000.0,"mot":"U","mo":20.0},{"cn":"","ui":"","t":4.0,"r":4.0,"q":10.58,"p":7500000.0,"mot":"L","mo":4.0}]},{"d":"08.09.2022","r":140.0,"q":15.61,"p":6112249.99,"s":[{"cn":"Mufatorr Ltd.","ui":"7140107","t":89.0,"r":85.0,"q":17.61,"p":4999000.0,"mot":"U","mo":85.0},{"cn":"WoWaWood","ui":"6755306","t":8.0,"r":8.0,"q":10.62,"p":7500000.0,"mot":"U","mo":8.0},{"cn":"Black Ice","ui":"7043710","t":25.0,"r":25.0,"q":9.21,"p":8000000.0,"mot":"U","mo":25.0},{"cn":"Cepheid","ui":"6749487","t":21.0,"r":21.0,"q":16.8,"p":8000000.0,"mot":"U","mo":21.0},{"cn":"","ui":"","t":1.0,"r":1.0,"q":21.03,"p":2799999.0,"mot":"L","mo":1.0}]},{"d":"09.09.2022","r":376.0,"q":16.61,"p":7707861.7,"s":[{"cn":"Mufatorr Ltd.","ui":"7140107","t":148.0,"r":144.0,"q":17.7,"p":4999000.0,"mot":"U","mo":144.0},{"cn":"Black Ice","ui":"7043710","t":28.0,"r":28.0,"q":9.31,"p":8000000.0,"mot":"U","mo":28.0},{"cn":"Met Company Ltd.","ui":"6917877","t":175.0,"r":175.0,"q":16.93,"p":1.0E7,"mot":"U","mo":175.0},{"cn":"Cepheid","ui":"6749487","t":22.0,"r":22.0,"q":16.83,"p":8000000.0,"mot":"U","mo":22.0},{"cn":"","ui":"","t":77.0,"r":7.0,"q":14.66,"p":4042856.86,"mot":"L","mo":7.0}]},{"d":"12.09.2022","r":882.0,"q":17.85,"p":6605436.5,"s":[{"cn":"Mufatorr Ltd.","ui":"7140107","t":409.0,"r":405.0,"q":18.48,"p":3999000.0,"mot":"U","mo":405.0},{"cn":"Met Company Ltd.","ui":"6917877","t":460.0,"r":460.0,"q":17.39,"p":9000000.0,"mot":"U","mo":460.0},{"cn":"","ui":"","t":95.0,"r":17.0,"q":15.45,"p":3905882.06,"mot":"L","mo":17.0}]},{"d":"13.09.2022","r":1028.0,"q":17.86,"p":6639620.62,"s":[{"cn":"Mufatorr Ltd.","ui":"7140107","t":474.0,"r":470.0,"q":18.44,"p":3999000.0,"mot":"U","mo":470.0},{"cn":"Met Company Ltd.","ui":"6917877","t":544.0,"r":544.0,"q":17.46,"p":9000000.0,"mot":"U","mo":544.0},{"cn":"","ui":"","t":96.0,"r":14.0,"q":14.23,"p":3571428.43,"mot":"L","mo":14.0}]},{"d":"14.09.2022","r":1270.0,"q":17.84,"p":6258476.38,"s":[{"cn":"Mufatorr Ltd.","ui":"7140107","t":539.0,"r":535.0,"q":18.4,"p":3999000.0,"mot":"U","mo":535.0},{"cn":"Met Company Ltd.","ui":"6917877","t":717.0,"r":717.0,"q":17.51,"p":8000000.0,"mot":"U","mo":717.0},{"cn":"","ui":"","t":104.0,"r":18.0,"q":14.09,"p":4044444.28,"mot":"L","mo":18.0}]},{"d":"15.09.2022","r":1414.0,"q":17.88,"p":6270579.91,"s":[{"cn":"Mufatorr Ltd.","ui":"7140107","t":604.0,"r":600.0,"q":18.37,"p":3999000.0,"mot":"U","mo":600.0},{"cn":"Met Company Ltd.","ui":"6917877","t":801.0,"r":801.0,"q":17.54,"p":8000000.0,"mot":"U","mo":801.0},{"cn":"","ui":"","t":75.0,"r":13.0,"q":16.55,"p":4553845.85,"mot":"L","mo":13.0}]},{"d":"16.09.2022","r":1663.0,"q":17.83,"p":6348607.93,"s":[{"cn":"Mufatorr Ltd.","ui":"7140107","t":669.0,"r":665.0,"q":18.34,"p":3999000.0,"mot":"U","mo":665.0},{"cn":"Met Company Ltd.","ui":"6917877","t":974.0,"r":974.0,"q":17.56,"p":8000000.0,"mot":"U","mo":974.0},{"cn":"","ui":"","t":114.0,"r":24.0,"q":14.45,"p":4433333.13,"mot":"L","mo":24.0}]},{"d":"19.09.2022","r":1984.0,"q":17.81,"p":3955077.12,"s":[{"cn":"Mufatorr Ltd.","ui":"7140107","t":731.0,"r":727.0,"q":18.34,"p":3999000.0,"mot":"U","mo":727.0},{"cn":"Met Company Ltd.","ui":"6917877","t":1233.0,"r":1233.0,"q":17.6,"p":3900000.0,"mot":"U","mo":1233.0},{"cn":"","ui":"","t":86.0,"r":24.0,"q":12.44,"p":5454166.67,"mot":"L","mo":24.0}]},{"d":"20.09.2022","r":2133.0,"q":17.81,"p":3772202.53,"s":[{"cn":"Mufatorr Ltd.","ui":"7140107","t":796.0,"r":792.0,"q":18.33,"p":3999000.0,"mot":"U","mo":792.0},{"cn":"Met Company Ltd.","ui":"6917877","t":1316.0,"r":1316.0,"q":17.6,"p":3600000.0,"mot":"U","mo":1316.0},{"cn":"","ui":"","t":91.0,"r":25.0,"q":12.38,"p":5652000.0,"mot":"L","mo":25.0}]},{"d":"21.09.2022","r":102.0,"q":16.16,"p":4420931.37,"s":[{"cn":"Mufatorr Ltd.","ui":"7140107","t":69.0,"r":65.0,"q":18.3,"p":3999000.0,"mot":"U","mo":65.0},{"cn":"WoWaWood","ui":"6755306","t":16.0,"r":16.0,"q":10.55,"p":3700000.0,"mot":"U","mo":16.0},{"cn":"Инвест","ui":"7168447","t":9.0,"r":9.0,"q":7.93,"p":6000000.0,"mot":"U","mo":9.0},{"cn":"Cepheid","ui":"6749487","t":8.0,"r":8.0,"q":17.44,"p":8000000.0,"mot":"U","mo":8.0},{"cn":"","ui":"","t":66.0,"r":4.0,"q":19.77,"p":3450000.0,"mot":"L","mo":4.0}]},{"d":"22.09.2022","r":162.0,"q":17.19,"p":4315253.09,"s":[{"cn":"Mufatorr Ltd.","ui":"7140107","t":133.0,"r":129.0,"q":18.34,"p":3999000.0,"mot":"U","mo":129.0},{"cn":"WoWaWood","ui":"6755306","t":10.0,"r":10.0,"q":10.55,"p":3700000.0,"mot":"U","mo":10.0},{"cn":"Инвест","ui":"7168447","t":10.0,"r":10.0,"q":7.93,"p":6000000.0,"mot":"U","mo":10.0},{"cn":"Cepheid","ui":"6749487","t":9.0,"r":9.0,"q":17.44,"p":8000000.0,"mot":"U","mo":9.0},{"cn":"","ui":"","t":4.0,"r":4.0,"q":19.31,"p":3550000.0,"mot":"L","mo":4.0}]},{"d":"23.09.2022","r":220.0,"q":17.79,"p":4270031.82,"s":[{"cn":"Mufatorr Ltd.","ui":"7140107","t":197.0,"r":193.0,"q":18.35,"p":3999000.0,"mot":"U","mo":193.0},{"cn":"","ui":"","t":27.0,"r":27.0,"q":13.82,"p":6207407.41,"mot":"L","mo":27.0}]},{"d":"26.09.2022","r":162.0,"q":16.77,"p":4435753.09,"s":[{"cn":"Mufatorr Ltd.","ui":"7140107","t":112.0,"r":108.0,"q":18.38,"p":3999000.0,"mot":"U","mo":108.0},{"cn":"WoWaWood","ui":"6755306","t":12.0,"r":12.0,"q":10.53,"p":3700000.0,"mot":"U","mo":12.0},{"cn":"Инвест","ui":"7168447","t":14.0,"r":14.0,"q":7.93,"p":6000000.0,"mot":"U","mo":14.0},{"cn":"Cepheid","ui":"6749487","t":13.0,"r":13.0,"q":17.4,"p":8000000.0,"mot":"U","mo":13.0},{"cn":"","ui":"","t":77.0,"r":15.0,"q":17.89,"p":3620000.0,"mot":"L","mo":15.0}]},{"d":"27.09.2022","r":220.0,"q":17.69,"p":4201036.36,"s":[{"cn":"Mufatorr Ltd.","ui":"7140107","t":176.0,"r":172.0,"q":18.37,"p":3999000.0,"mot":"U","mo":172.0},{"cn":"WoWaWood","ui":"6755306","t":16.0,"r":16.0,"q":10.53,"p":3700000.0,"mot":"U","mo":16.0},{"cn":"Cepheid","ui":"6749487","t":14.0,"r":14.0,"q":17.39,"p":8000000.0,"mot":"U","mo":14.0},{"cn":"","ui":"","t":80.0,"r":18.0,"q":17.8,"p":3622222.22,"mot":"L","mo":18.0}]},{"d":"28.09.2022","r":15.0,"q":17.37,"p":8000000.0,"s":[{"cn":"Cepheid","ui":"6749487","t":15.0,"r":15.0,"q":17.37,"p":8000000.0,"mot":"U","mo":15.0},{"cn":"","ui":"","t":0.0,"r":0.0,"q":0.0,"p":0.0,"mot":"L","mo":0.0}]},{"d":"29.09.2022","r":31.0,"q":12.8,"p":7032258.06,"s":[{"cn":"Инвест","ui":"7168447","t":15.0,"r":15.0,"q":7.93,"p":6000000.0,"mot":"U","mo":15.0},{"cn":"Cepheid","ui":"6749487","t":16.0,"r":16.0,"q":17.36,"p":8000000.0,"mot":"U","mo":16.0},{"cn":"","ui":"","t":0.0,"r":0.0,"q":0.0,"p":0.0,"mot":"L","mo":0.0}]},{"d":"30.09.2022","r":207.0,"q":2.89,"p":1.353121676E7,"s":[{"cn":"RM LOW Q\u0027s","ui":"6912783","t":20.0,"r":20.0,"q":1.0,"p":1.0E7,"mot":"U","mo":20.0},{"cn":"мухин а. в. Ltd.","ui":"6914664","t":26.0,"r":26.0,"q":3.88,"p":8390841.15,"mot":"U","mo":26.0},{"cn":" R. Ltd.","ui":"6908970","t":20.0,"r":20.0,"q":1.0,"p":5.0E7,"mot":"U","mo":20.0},{"cn":"Gogood Inc.","ui":"6914660","t":20.0,"r":20.0,"q":1.0,"p":1.0E7,"mot":"U","mo":20.0},{"cn":"Andriy8145 Ltd.","ui":"6907214","t":20.0,"r":20.0,"q":1.0,"p":1.1E7,"mot":"U","mo":20.0},{"cn":"Geniticer Incorporated","ui":"6907255","t":20.0,"r":20.0,"q":1.0,"p":1.0E7,"mot":"U","mo":20.0},{"cn":"ura.25 Инвест","ui":"6907475","t":20.0,"r":20.0,"q":1.0,"p":1.0E7,"mot":"U","mo":20.0},{"cn":"MajDiesel Ltd.","ui":"6916356","t":20.0,"r":20.0,"q":1.0,"p":1.0E7,"mot":"U","mo":20.0},{"cn":"kiilliiik","ui":"6916401","t":20.0,"r":20.0,"q":1.0,"p":1.0E7,"mot":"U","mo":20.0},{"cn":"Cepheid","ui":"6749487","t":17.0,"r":17.0,"q":17.34,"p":8000000.0,"mot":"U","mo":17.0},{"cn":"","ui":"","t":4.0,"r":4.0,"q":10.51,"p":6700000.0,"mot":"L","mo":4.0}]}]