[{"d":"01.02.2019","r":100.0,"q":9.71,"p":10000.0,"s":[{"cn":"Yellow Rose","ui":"7864675","t":17671.0,"r":17671.0,"q":9.71,"p":10000.0,"mot":"L","mo":100.0},{"cn":"","ui":"","t":0.0,"r":0.0,"q":0.0,"p":0.0,"mot":"L","mo":0.0}]},{"d":"04.02.2019","r":100.0,"q":9.71,"p":10000.0,"s":[{"cn":"Yellow Rose","ui":"7864675","t":18859.0,"r":18859.0,"q":9.71,"p":10000.0,"mot":"L","mo":100.0},{"cn":"","ui":"","t":0.0,"r":0.0,"q":0.0,"p":0.0,"mot":"L","mo":0.0}]},{"d":"05.02.2019","r":100.0,"q":9.7,"p":10000.0,"s":[{"cn":"Yellow Rose","ui":"7864675","t":19253.0,"r":19253.0,"q":9.7,"p":10000.0,"mot":"L","mo":100.0},{"cn":"","ui":"","t":0.0,"r":0.0,"q":0.0,"p":0.0,"mot":"L","mo":0.0}]},{"d":"06.02.2019","r":100.0,"q":9.7,"p":10000.0,"s":[{"cn":"Yellow Rose","ui":"7864675","t":19646.0,"r":19646.0,"q":9.7,"p":10000.0,"mot":"L","mo":100.0},{"cn":"","ui":"","t":0.0,"r":0.0,"q":0.0,"p":0.0,"mot":"L","mo":0.0}]},{"d":"07.02.2019","r":100.0,"q":9.69,"p":10000.0,"s":[{"cn":"Yellow Rose","ui":"7864675","t":20038.0,"r":20038.0,"q":9.69,"p":10000.0,"mot":"L","mo":100.0},{"cn":"","ui":"","t":0.0,"r":0.0,"q":0.0,"p":0.0,"mot":"L","mo":0.0}]},{"d":"08.02.2019","r":100.0,"q":9.69,"p":10000.0,"s":[{"cn":"Yellow Rose","ui":"7864675","t":20429.0,"r":20429.0,"q":9.69,"p":10000.0,"mot":"L","mo":100.0},{"cn":"","ui":"","t":0.0,"r":0.0,"q":0.0,"p":0.0,"mot":"L","mo":0.0}]}]