[{"pi":"423387","pc":"Продукты питания","ss":10000,"td":"Центр города","dc":1,"n":443.28,"vc":"16736","sl":"Элитный","sv":"2000","p":2500.0,"q":9.33,"b":0.0,"ms":3.21,"wi":60.1,"ei":6.0,"as":396.0,"mi":"E","mv":62388,"sc":1,"lpe":96.79,"lpr":1175.92,"lq":1.0,"d":264316},{"pi":"423387","pc":"Продукты питания","ss":100000,"td":"Центр города","dc":1,"n":411.92,"vc":"236418","sl":"Элитный","sv":"1000","p":1900.0,"q":10.99,"b":0.0,"ms":0.21,"wi":62.72,"ei":7.0,"as":1148.0,"mi":"E","mv":467461,"sc":3,"lpe":99.76,"lpr":1474.04,"lq":1.0,"d":2007074},{"pi":"423387","pc":"Продукты питания","ss":10000,"td":"Спальный район","dc":2,"n":287.45,"vc":"8061","sl":"Элитный","sv":"100","p":3000.0,"q":9.33,"b":1.19,"ms":0.02,"wi":62.72,"ei":7.0,"as":1148.0,"mi":"E","mv":467461,"sc":3,"lpe":99.76,"lpr":1474.04,"lq":1.0,"d":2007074},{"pi":"423387","pc":"Продукты питания","ss":21000,"td":"Центр города","dc":1,"n":383.31,"vc":"55416","sl":"Элитный","sv":"31","p":5800.0,"q":7.7,"b":0.0,"ms":0.01,"wi":62.72,"ei":7.0,"as":1148.0,"mi":"E","mv":467461,"sc":3,"lpe":99.76,"lpr":1474.04,"lq":1.0,"d":2007074},{"pi":"423387","pc":"Продукты питания","ss":10000,"td":"Спальный район","dc":1,"n":447.01,"vc":"23049","sl":"Элитный","sv":"50","p":2500.0,"q":9.33,"b":1.19,"ms":0.02,"wi":55.87,"ei":7.0,"as":994.0,"mi":"E","mv":280370,"sc":1,"lpe":99.98,"lpr":1280.71,"lq":1.0,"d":1386711},{"pi":"423387","pc":"Продукты питания","ss":40000,"td":"Центр города","dc":3,"n":452.36,"vc":"92259","sl":"Очень высокий","sv":"400","p":2800.0,"q":9.33,"b":1.19,"ms":0.17,"wi":56.61,"ei":7.0,"as":1036.07,"mi":"E","mv":234015,"sc":1,"lpe":99.83,"lpr":1375.58,"lq":1.0,"d":1285176},{"pi":"423387","pc":"Продукты питания","ss":10000,"td":"Пригород","dc":2,"n":345.0,"vc":"4754","sl":"Элитный","sv":"300","p":2500.0,"q":9.33,"b":2.37,"ms":0.29,"wi":48.91,"ei":7.0,"as":913.33,"mi":"E","mv":103782,"sc":1,"lpe":99.71,"lpr":1275.86,"lq":1.0,"d":792900},{"pi":"423387","pc":"Продукты питания","ss":60000,"td":"Центр города","dc":1,"n":512.17,"vc":"191349","sl":"Очень высокий","sv":"5000","p":2800.0,"q":11.55,"b":3.27,"ms":2.4,"wi":47.76,"ei":7.0,"as":1078.25,"mi":"E","mv":208457,"sc":3,"lpe":97.12,"lpr":949.26,"lq":1.0,"d":842600},{"pi":"423387","pc":"Продукты питания","ss":60000,"td":"Центр города","dc":1,"n":567.1,"vc":"314966","sl":"Очень высокий","sv":"959","p":4000.0,"q":10.63,"b":2.83695516162669,"ms":0.46,"wi":47.76,"ei":7.0,"as":1078.25,"mi":"E","mv":208457,"sc":3,"lpe":97.12,"lpr":949.26,"lq":1.0,"d":842600},{"pi":"423387","pc":"Продукты питания","ss":10000,"td":"Пригород","dc":3,"n":341.12,"vc":"4718","sl":"Элитный","sv":"46","p":2900.0,"q":9.22,"b":2.37,"ms":0.02,"wi":47.76,"ei":7.0,"as":1078.25,"mi":"E","mv":208457,"sc":3,"lpe":97.12,"lpr":949.26,"lq":1.0,"d":842600},{"pi":"423387","pc":"Продукты питания","ss":20000,"td":"Окраина","dc":6,"n":345.93,"vc":"11404","sl":"Очень высокий","sv":"300","p":3500.0,"q":9.33,"b":1.77,"ms":0.38,"wi":49.39,"ei":7.0,"as":1230.33,"mi":"E","mv":79811,"sc":1,"lpe":99.62,"lpr":1641.47,"lq":1.0,"d":781464},{"pi":"423387","pc":"Продукты питания","ss":20000,"td":"Пригород","dc":3,"n":305.2,"vc":"6883","sl":"Элитный","sv":"500","p":2550.0,"q":9.33,"b":0.47,"ms":0.16,"wi":54.41,"ei":7.0,"as":1000.0,"mi":"E","mv":310033,"sc":1,"lpe":99.84,"lpr":1267.56,"lq":1.0,"d":1493247},{"pi":"423387","pc":"Продукты питания","ss":100000,"td":"Центр города","dc":1,"n":408.5,"vc":"232866","sl":"Элитный","sv":"1000","p":3000.0,"q":10.99,"b":0.0,"ms":0.2,"wi":58.91,"ei":7.0,"as":1299.6,"mi":"E","mv":495059,"sc":3,"lpe":99.6,"lpr":1608.31,"lq":1.0,"d":2111474},{"pi":"423387","pc":"Продукты питания","ss":20000,"td":"Пригород","dc":3,"n":284.45,"vc":"6581","sl":"Элитный","sv":"800","p":3400.0,"q":9.33,"b":1.77,"ms":0.16,"wi":58.91,"ei":7.0,"as":1299.6,"mi":"E","mv":495059,"sc":3,"lpe":99.6,"lpr":1608.31,"lq":1.0,"d":2111474},{"pi":"423387","pc":"Продукты питания","ss":120000,"td":"Спальный район","dc":1,"n":128.19,"vc":"8627","sl":"Элитный","sv":"186","p":4800.8,"q":8.65,"b":0.0,"ms":0.04,"wi":58.91,"ei":7.0,"as":1299.6,"mi":"E","mv":495059,"sc":3,"lpe":99.6,"lpr":1608.31,"lq":1.0,"d":2111474},{"pi":"423387","pc":"Продукты питания","ss":100000,"td":"Центр города","dc":1,"n":297.06,"vc":"88941","sl":"Элитный","sv":"7606","p":8900.0,"q":8.72,"b":0.597415198527478,"ms":0.36,"wi":79.78,"ei":9.46,"as":2502.0,"mi":"E","mv":2129476,"sc":8,"lpe":98.6,"lpr":3154.18,"lq":1.0,"d":9185246},{"pi":"423387","pc":"Продукты питания","ss":100000,"td":"Центр города","dc":1,"n":346.38,"vc":"214370","sl":"Элитный","sv":"6000","p":6000.0,"q":10.71,"b":0.59,"ms":0.28,"wi":79.78,"ei":9.46,"as":2502.0,"mi":"E","mv":2129476,"sc":8,"lpe":98.6,"lpr":3154.18,"lq":1.0,"d":9185246},{"pi":"423387","pc":"Продукты питания","ss":30000,"td":"Центр города","dc":2,"n":321.34,"vc":"48516","sl":"Элитный","sv":"5000","p":6000.0,"q":10.5,"b":0.54,"ms":0.23,"wi":79.78,"ei":9.46,"as":2502.0,"mi":"E","mv":2129476,"sc":8,"lpe":98.6,"lpr":3154.18,"lq":1.0,"d":9185246},{"pi":"423387","pc":"Продукты питания","ss":10000,"td":"Спальный район","dc":2,"n":183.48,"vc":"9543","sl":"Элитный","sv":"4000","p":6300.0,"q":9.33,"b":0.47,"ms":0.19,"wi":79.78,"ei":9.46,"as":2502.0,"mi":"E","mv":2129476,"sc":8,"lpe":98.6,"lpr":3154.18,"lq":1.0,"d":9185246},{"pi":"423387","pc":"Продукты питания","ss":90000,"td":"Пригород","dc":4,"n":441.69,"vc":"130711","sl":"Очень высокий","sv":"3000","p":6000.0,"q":8.48,"b":0.06,"ms":0.14,"wi":79.78,"ei":9.46,"as":2502.0,"mi":"E","mv":2129476,"sc":8,"lpe":98.6,"lpr":3154.18,"lq":1.0,"d":9185246},{"pi":"423387","pc":"Продукты питания","ss":8000,"td":"Центр города","dc":1,"n":268.05,"vc":"13879","sl":"Элитный","sv":"2130","p":6514.8,"q":8.34,"b":0.0,"ms":0.1,"wi":79.78,"ei":9.46,"as":2502.0,"mi":"E","mv":2129476,"sc":8,"lpe":98.6,"lpr":3154.18,"lq":1.0,"d":9185246},{"pi":"423387","pc":"Продукты питания","ss":30000,"td":"Центр города","dc":1,"n":296.63,"vc":"59158","sl":"Элитный","sv":"2000","p":5000.0,"q":10.99,"b":0.46,"ms":0.09,"wi":79.78,"ei":9.46,"as":2502.0,"mi":"E","mv":2129476,"sc":8,"lpe":98.6,"lpr":3154.18,"lq":1.0,"d":9185246},{"pi":"423387","pc":"Продукты питания","ss":25000,"td":"Спальный район","dc":1,"n":476.87,"vc":"173158","sl":"Высокий","sv":"100","p":5000.0,"q":6.38,"b":0.0,"ms":0.0,"wi":79.78,"ei":9.46,"as":2502.0,"mi":"E","mv":2129476,"sc":8,"lpe":98.6,"lpr":3154.18,"lq":1.0,"d":9185246},{"pi":"423387","pc":"Продукты питания","ss":10000,"td":"Пригород","dc":2,"n":357.56,"vc":"4875","sl":"Элитный","sv":"50","p":2400.0,"q":9.33,"b":2.37,"ms":0.1,"wi":42.55,"ei":6.0,"as":928.15,"mi":"E","mv":48561,"sc":1,"lpe":99.9,"lpr":1231.68,"lq":1.0,"d":653500},{"pi":"423387","pc":"Продукты питания","ss":100000,"td":"Центр города","dc":1,"n":478.12,"vc":"321135","sl":"Элитный","sv":"12711","p":2200.0,"q":7.35,"b":0.0,"ms":2.16,"wi":47.49,"ei":5.0,"as":354.0,"mi":"E","mv":588824,"sc":1,"lpe":97.84,"lpr":758.61,"lq":1.0,"d":2488066},{"pi":"423387","pc":"Продукты питания","ss":20000,"td":"Спальный район","dc":3,"n":360.27,"vc":"14794","sl":"Элитный","sv":"50","p":2500.0,"q":9.33,"b":0.47,"ms":0.06,"wi":46.15,"ei":7.0,"as":995.0,"mi":"E","mv":85492,"sc":1,"lpe":99.94,"lpr":1229.49,"lq":1.0,"d":625846},{"pi":"423387","pc":"Продукты питания","ss":10000,"td":"Спальный район","dc":1,"n":350.1,"vc":"8998","sl":"Элитный","sv":"50","p":2000.0,"q":9.33,"b":1.69,"ms":0.04,"wi":45.57,"ei":7.0,"as":796.1,"mi":"E","mv":120479,"sc":1,"lpe":99.96,"lpr":1006.71,"lq":1.0,"d":731582},{"pi":"423387","pc":"Продукты питания","ss":10000,"td":"Спальный район","dc":2,"n":344.13,"vc":"8894","sl":"Элитный","sv":"50","p":2000.0,"q":9.33,"b":1.69,"ms":0.04,"wi":43.84,"ei":6.0,"as":749.98,"mi":"E","mv":134161,"sc":1,"lpe":99.96,"lpr":973.1,"lq":1.0,"d":802750},{"pi":"423387","pc":"Продукты питания","ss":10000,"td":"Центр города","dc":3,"n":392.37,"vc":"13089","sl":"Очень высокий","sv":"300","p":3500.0,"q":9.33,"b":2.99,"ms":0.35,"wi":61.17,"ei":7.54,"as":1230.25,"mi":"E","mv":86030,"sc":1,"lpe":99.65,"lpr":1632.57,"lq":1.0,"d":384017},{"pi":"423387","pc":"Продукты питания","ss":10000,"td":"Центр города","dc":2,"n":352.11,"vc":"6460","sl":"Элитный","sv":"50","p":2750.0,"q":9.33,"b":2.99,"ms":0.58,"wi":39.43,"ei":7.0,"as":1040.0,"mi":"E","mv":8614,"sc":1,"lpe":99.42,"lpr":1280.07,"lq":1.0,"d":137749},{"pi":"423387","pc":"Продукты питания","ss":100000,"td":"Центр города","dc":1,"n":418.65,"vc":"243706","sl":"Элитный","sv":"2500","p":1700.0,"q":10.99,"b":0.0,"ms":0.58,"wi":65.52,"ei":7.0,"as":1059.0,"mi":"E","mv":429043,"sc":2,"lpe":99.39,"lpr":1357.26,"lq":1.0,"d":1819400},{"pi":"423387","pc":"Продукты питания","ss":10000,"td":"Пригород","dc":3,"n":195.02,"vc":"2097","sl":"Элитный","sv":"100","p":2700.0,"q":9.33,"b":1.69,"ms":0.02,"wi":65.52,"ei":7.0,"as":1059.0,"mi":"E","mv":429043,"sc":2,"lpe":99.39,"lpr":1357.26,"lq":1.0,"d":1819400}]