[{"pi":"370077","pc":"Автомобильные товары","ss":300000,"td":"Фешенебельный район","dc":10,"n":532.12,"vc":"180676","sl":"Очень высокий","sv":"37","p":113700.0,"q":35.17,"b":0.82054054054054,"ms":0.12,"wi":105.98,"ei":4.33,"as":1393.82,"mi":"E","mv":30915,"sc":2,"lpe":99.87,"lpr":25027.89,"lq":1.0,"d":2365228},{"pi":"370077","pc":"Автомобильные товары","ss":100000,"td":"Фешенебельный район","dc":1,"n":627.66,"vc":"298984","sl":"Элитный","sv":"2","p":125000.0,"q":29.68,"b":4.17,"ms":0.01,"wi":105.98,"ei":4.33,"as":1393.82,"mi":"E","mv":30915,"sc":2,"lpe":99.87,"lpr":25027.89,"lq":1.0,"d":2365228},{"pi":"370077","pc":"Автомобильные товары","ss":100000,"td":"Фешенебельный район","dc":1,"n":586.2,"vc":"90103","sl":"Элитный","sv":"1","p":30500.0,"q":27.76,"b":0.3,"ms":0.0,"wi":121.36,"ei":7.32,"as":669.82,"mi":"E","mv":20249,"sc":1,"lpe":100.0,"lpr":15722.11,"lq":1.0,"d":764406},{"pi":"370077","pc":"Автомобильные товары","ss":300000,"td":"Фешенебельный район","dc":10,"n":532.12,"vc":"187398","sl":"Очень высокий","sv":"2","p":344800.0,"q":36.91,"b":1.155,"ms":0.0,"wi":142.59,"ei":5.45,"as":1126.91,"mi":"E","mv":50219,"sc":1,"lpe":100.0,"lpr":76426.58,"lq":1.0,"d":2625432},{"pi":"370077","pc":"Автомобильные товары","ss":300000,"td":"Фешенебельный район","dc":10,"n":532.12,"vc":"151157","sl":"Элитный","sv":"2","p":61380.0,"q":32.62,"b":0.33,"ms":0.01,"wi":157.61,"ei":4.91,"as":674.19,"mi":"E","mv":31695,"sc":1,"lpe":99.99,"lpr":13683.88,"lq":1.0,"d":1420796},{"pi":"370077","pc":"Автомобильные товары","ss":100000,"td":"Фешенебельный район","dc":1,"n":615.06,"vc":"228909","sl":"Элитный","sv":"1","p":75000.0,"q":29.55,"b":5.07,"ms":0.0,"wi":59.6,"ei":4.79,"as":1214.84,"mi":"E","mv":23238,"sc":1,"lpe":100.0,"lpr":8879.6,"lq":1.0,"d":1558800},{"pi":"370077","pc":"Автомобильные товары","ss":30000,"td":"Центр города","dc":1,"n":408.08,"vc":"59986","sl":"Элитный","sv":"789","p":41000.0,"q":22.35,"b":2.25596958174905,"ms":4.5,"wi":108.35,"ei":5.96,"as":777.06,"mi":"E","mv":17531,"sc":1,"lpe":95.5,"lpr":11264.41,"lq":1.0,"d":662024},{"pi":"370077","pc":"Автомобильные товары","ss":10000,"td":"Центр города","dc":2,"n":300.04,"vc":"11711","sl":"Элитный","sv":"142","p":15000.0,"q":11.0,"b":0.0,"ms":0.22,"wi":55.16,"ei":10.02,"as":436.87,"mi":"E","mv":63724,"sc":2,"lpe":99.77,"lpr":4842.52,"lq":1.0,"d":3375876},{"pi":"370077","pc":"Автомобильные товары","ss":1000,"td":"Центр города","dc":2,"n":276.07,"vc":"2507","sl":"Нормальный","sv":"5","p":15000.0,"q":11.0,"b":0.0,"ms":0.01,"wi":55.16,"ei":10.02,"as":436.87,"mi":"E","mv":63724,"sc":2,"lpe":99.77,"lpr":4842.52,"lq":1.0,"d":3375876},{"pi":"370077","pc":"Автомобильные товары","ss":1000,"td":"Фешенебельный район","dc":1,"n":454.29,"vc":"948","sl":"Элитный","sv":"110","p":25000.0,"q":26.68,"b":0.59,"ms":0.32,"wi":195.73,"ei":13.21,"as":1026.42,"mi":"E","mv":34773,"sc":1,"lpe":99.68,"lpr":34797.57,"lq":1.0,"d":1564346},{"pi":"370077","pc":"Автомобильные товары","ss":100000,"td":"Фешенебельный район","dc":1,"n":664.8,"vc":"334700","sl":"Элитный","sv":"1","p":50000.0,"q":8.81,"b":0.0,"ms":0.0,"wi":56.88,"ei":5.07,"as":732.44,"mi":"E","mv":20837,"sc":1,"lpe":100.0,"lpr":8238.72,"lq":1.0,"d":1510567},{"pi":"370077","pc":"Автомобильные товары","ss":100000,"td":"Фешенебельный район","dc":1,"n":609.77,"vc":"222840","sl":"Элитный","sv":"8","p":100000.0,"q":29.51,"b":5.07,"ms":0.08,"wi":85.43,"ei":10.29,"as":1083.81,"mi":"E","mv":9973,"sc":2,"lpe":99.89,"lpr":21523.06,"lq":1.0,"d":2348273},{"pi":"370077","pc":"Автомобильные товары","ss":300000,"td":"Фешенебельный район","dc":10,"n":532.12,"vc":"159941","sl":"Элитный","sv":"3","p":95860.0,"q":35.48,"b":1.05666666666667,"ms":0.03,"wi":85.43,"ei":10.29,"as":1083.81,"mi":"E","mv":9973,"sc":2,"lpe":99.89,"lpr":21523.06,"lq":1.0,"d":2348273},{"pi":"370077","pc":"Автомобильные товары","ss":1000,"td":"Фешенебельный район","dc":1,"n":687.78,"vc":"2764","sl":"Очень высокий","sv":"1","p":65000.0,"q":27.76,"b":0.3,"ms":0.01,"wi":141.66,"ei":8.35,"as":929.7,"mi":"E","mv":14975,"sc":1,"lpe":99.99,"lpr":27449.46,"lq":1.0,"d":773308},{"pi":"370077","pc":"Автомобильные товары","ss":40000,"td":"Центр города","dc":1,"n":231.1,"vc":"18148","sl":"Элитный","sv":"17","p":95000.0,"q":32.15,"b":0.0,"ms":0.07,"wi":113.68,"ei":7.46,"as":854.07,"mi":"E","mv":25279,"sc":1,"lpe":99.93,"lpr":22879.74,"lq":1.0,"d":926586},{"pi":"370077","pc":"Автомобильные товары","ss":300000,"td":"Фешенебельный район","dc":1,"n":534.0,"vc":"181895","sl":"Элитный","sv":"522","p":15000.0,"q":32.83,"b":0.21,"ms":1.3,"wi":22.65,"ei":9.49,"as":299.45,"mi":"E","mv":40034,"sc":1,"lpe":98.7,"lpr":2049.8,"lq":1.0,"d":3562339},{"pi":"370077","pc":"Автомобильные товары","ss":100000,"td":"Фешенебельный район","dc":1,"n":443.51,"vc":"40054","sl":"Очень высокий","sv":"4","p":150000.0,"q":23.04,"b":0.0,"ms":0.01,"wi":59.03,"ei":13.56,"as":636.12,"mi":"E","mv":39871,"sc":1,"lpe":99.99,"lpr":31453.29,"lq":1.0,"d":4304247},{"pi":"370077","pc":"Автомобильные товары","ss":300000,"td":"Фешенебельный район","dc":10,"n":603.36,"vc":"226604","sl":"Очень высокий","sv":"1","p":121200.0,"q":32.62,"b":0.33,"ms":0.01,"wi":142.5,"ei":9.18,"as":1075.03,"mi":"E","mv":8264,"sc":1,"lpe":99.99,"lpr":26747.58,"lq":1.0,"d":639024},{"pi":"370077","pc":"Автомобильные товары","ss":100000,"td":"Фешенебельный район","dc":1,"n":687.35,"vc":"340482","sl":"Элитный","sv":"150","p":25000.0,"q":8.68,"b":0.0,"ms":0.82,"wi":53.31,"ei":4.12,"as":353.73,"mi":"E","mv":18231,"sc":1,"lpe":99.18,"lpr":5684.91,"lq":1.0,"d":665242},{"pi":"370077","pc":"Автомобильные товары","ss":200000,"td":"Центр города","dc":1,"n":623.78,"vc":"1872044","sl":"Высокий","sv":"1","p":200000.0,"q":23.04,"b":2.81,"ms":0.0,"wi":145.07,"ei":8.96,"as":626.97,"mi":"E","mv":22007,"sc":1,"lpe":100.0,"lpr":25345.33,"lq":1.0,"d":828934},{"pi":"370077","pc":"Автомобильные товары","ss":300000,"td":"Центр города","dc":1,"n":531.73,"vc":"2554577","sl":"Очень высокий","sv":"49230","p":43000.0,"q":42.82,"b":4.15,"ms":10.13,"wi":83.34,"ei":13.03,"as":696.67,"mi":"E","mv":485839,"sc":1,"lpe":89.87,"lpr":34591.78,"lq":2.37,"d":20489316},{"pi":"370077","pc":"Автомобильные товары","ss":1000,"td":"Центр города","dc":9,"n":192.95,"vc":"746","sl":"Нормальный","sv":"3","p":14344.31,"q":2.46,"b":0.0,"ms":0.05,"wi":128.78,"ei":7.88,"as":576.92,"mi":"E","mv":5875,"sc":1,"lpe":99.95,"lpr":16883.98,"lq":1.0,"d":249448},{"pi":"370077","pc":"Автомобильные товары","ss":500,"td":"Центр города","dc":1,"n":553.78,"vc":"4740","sl":"Низкий","sv":"229","p":85500.0,"q":38.08,"b":0.0,"ms":2.99,"wi":168.18,"ei":6.1,"as":1689.91,"mi":"E","mv":7651,"sc":3,"lpe":95.83,"lpr":26003.08,"lq":1.0,"d":693286},{"pi":"370077","pc":"Автомобильные товары","ss":500,"td":"Фешенебельный район","dc":1,"n":674.56,"vc":"1986","sl":"Нормальный","sv":"50","p":150000.0,"q":29.68,"b":5.07,"ms":0.65,"wi":168.18,"ei":6.1,"as":1689.91,"mi":"E","mv":7651,"sc":3,"lpe":95.83,"lpr":26003.08,"lq":1.0,"d":693286},{"pi":"370077","pc":"Автомобильные товары","ss":500,"td":"Фешенебельный район","dc":1,"n":674.56,"vc":"1986","sl":"Нормальный","sv":"40","p":150000.0,"q":29.68,"b":5.07,"ms":0.52,"wi":168.18,"ei":6.1,"as":1689.91,"mi":"E","mv":7651,"sc":3,"lpe":95.83,"lpr":26003.08,"lq":1.0,"d":693286},{"pi":"370077","pc":"Автомобильные товары","ss":1000,"td":"Фешенебельный район","dc":2,"n":379.27,"vc":"568","sl":"Элитный","sv":"1","p":100000.0,"q":11.0,"b":0.0,"ms":0.02,"wi":79.53,"ei":9.87,"as":491.22,"mi":"E","mv":5798,"sc":1,"lpe":99.98,"lpr":17702.57,"lq":1.0,"d":705810},{"pi":"370077","pc":"Автомобильные товары","ss":300000,"td":"Фешенебельный район","dc":10,"n":597.86,"vc":"475543","sl":"Нормальный","sv":"5","p":139400.0,"q":36.05,"b":1.048,"ms":0.01,"wi":104.62,"ei":8.82,"as":1502.49,"mi":"E","mv":39695,"sc":1,"lpe":99.99,"lpr":30125.75,"lq":1.0,"d":6177988},{"pi":"370077","pc":"Автомобильные товары","ss":300000,"td":"Фешенебельный район","dc":10,"n":595.81,"vc":"328519","sl":"Высокий","sv":"28","p":70420.0,"q":40.58,"b":1.94571428571429,"ms":0.06,"wi":94.91,"ei":10.67,"as":625.76,"mi":"E","mv":47503,"sc":2,"lpe":99.9,"lpr":14912.56,"lq":1.0,"d":2271510},{"pi":"370077","pc":"Автомобильные товары","ss":300000,"td":"Фешенебельный район","dc":10,"n":601.48,"vc":"346891","sl":"Высокий","sv":"20","p":71870.0,"q":40.77,"b":1.983,"ms":0.04,"wi":94.91,"ei":10.67,"as":625.76,"mi":"E","mv":47503,"sc":2,"lpe":99.9,"lpr":14912.56,"lq":1.0,"d":2271510},{"pi":"370077","pc":"Автомобильные товары","ss":100000,"td":"Центр города","dc":1,"n":504.39,"vc":"711284","sl":"Очень высокий","sv":"26093","p":90000.0,"q":52.16,"b":5.4,"ms":9.4,"wi":580.59,"ei":9.87,"as":2948.05,"mi":"E","mv":277605,"sc":3,"lpe":80.91,"lpr":36313.31,"lq":2.85,"d":11725516},{"pi":"370077","pc":"Автомобильные товары","ss":100000,"td":"Центр города","dc":1,"n":504.39,"vc":"711284","sl":"Очень высокий","sv":"26093","p":90000.0,"q":52.16,"b":5.4,"ms":9.4,"wi":580.59,"ei":9.87,"as":2948.05,"mi":"E","mv":277605,"sc":3,"lpe":80.91,"lpr":36313.31,"lq":2.85,"d":11725516},{"pi":"370077","pc":"Автомобильные товары","ss":300000,"td":"Фешенебельный район","dc":10,"n":597.86,"vc":"595098","sl":"Нормальный","sv":"822","p":93130.0,"q":32.41,"b":0.339829683698297,"ms":0.3,"wi":580.59,"ei":9.87,"as":2948.05,"mi":"E","mv":277605,"sc":3,"lpe":80.91,"lpr":36313.31,"lq":2.85,"d":11725516},{"pi":"370077","pc":"Автомобильные товары","ss":10000,"td":"Окраина","dc":1,"n":391.63,"vc":"13841","sl":"Элитный","sv":"100","p":33000.0,"q":18.57,"b":4.07,"ms":0.13,"wi":109.36,"ei":11.62,"as":506.87,"mi":"E","mv":76392,"sc":1,"lpe":99.87,"lpr":11153.84,"lq":1.0,"d":3104116},{"pi":"370077","pc":"Автомобильные товары","ss":300000,"td":"Центр города","dc":1,"n":624.75,"vc":"3321983","sl":"Высокий","sv":"70000","p":22000.0,"q":42.82,"b":4.53,"ms":74.8,"wi":116.49,"ei":14.1,"as":931.58,"mi":"D","mv":93580,"sc":2,"lpe":25.15,"lpr":6968.27,"lq":3.54,"d":3374474},{"pi":"370077","pc":"Автомобильные товары","ss":100000,"td":"Центр города","dc":1,"n":498.9,"vc":"436292","sl":"Элитный","sv":"43","p":45000.0,"q":28.7,"b":0.14,"ms":0.05,"wi":116.49,"ei":14.1,"as":931.58,"mi":"D","mv":93580,"sc":2,"lpe":25.15,"lpr":6968.27,"lq":3.54,"d":3374474},{"pi":"370077","pc":"Автомобильные товары","ss":500,"td":"Центр города","dc":1,"n":0.0,"vc":"376","sl":"Элитный","sv":"224","p":2700.0,"q":5.06,"b":0.0,"ms":1.88,"wi":28.5,"ei":5.42,"as":768.75,"mi":"E","mv":11898,"sc":1,"lpe":98.12,"lpr":2249.07,"lq":1.0,"d":1282438},{"pi":"370077","pc":"Автомобильные товары","ss":300000,"td":"Фешенебельный район","dc":10,"n":476.51,"vc":"96384","sl":"Очень низкий","sv":"20","p":108000.0,"q":39.91,"b":1.6645,"ms":0.07,"wi":116.55,"ei":7.39,"as":883.59,"mi":"E","mv":27785,"sc":1,"lpe":99.93,"lpr":23125.37,"lq":1.0,"d":1808562},{"pi":"370077","pc":"Автомобильные товары","ss":20000,"td":"Центр города","dc":5,"n":523.01,"vc":"99223","sl":"Низкий","sv":"20","p":300000.0,"q":12.13,"b":0.0,"ms":0.21,"wi":135.43,"ei":15.38,"as":2467.59,"mi":"E","mv":9304,"sc":2,"lpe":99.76,"lpr":104531.75,"lq":1.0,"d":1529050},{"pi":"370077","pc":"Автомобильные товары","ss":300000,"td":"Фешенебельный район","dc":10,"n":603.36,"vc":"307526","sl":"Высокий","sv":"2","p":475500.0,"q":41.2,"b":0.81,"ms":0.02,"wi":135.43,"ei":15.38,"as":2467.59,"mi":"E","mv":9304,"sc":2,"lpe":99.76,"lpr":104531.75,"lq":1.0,"d":1529050},{"pi":"370077","pc":"Автомобильные товары","ss":100000,"td":"Фешенебельный район","dc":1,"n":692.52,"vc":"260828","sl":"Элитный","sv":"8","p":500000.0,"q":26.39,"b":0.3025,"ms":0.1,"wi":107.88,"ei":9.2,"as":625.98,"mi":"E","mv":8108,"sc":1,"lpe":99.9,"lpr":81940.2,"lq":1.0,"d":1112915},{"pi":"370077","pc":"Автомобильные товары","ss":300000,"td":"Фешенебельный район","dc":10,"n":597.86,"vc":"166862","sl":"Очень высокий","sv":"7","p":381500.0,"q":41.2,"b":0.81,"ms":0.13,"wi":160.47,"ei":7.92,"as":581.26,"mi":"E","mv":5463,"sc":2,"lpe":99.84,"lpr":78398.31,"lq":1.0,"d":694541},{"pi":"370077","pc":"Автомобильные товары","ss":10000,"td":"Центр города","dc":2,"n":232.31,"vc":"4281","sl":"Элитный","sv":"2","p":270000.0,"q":10.54,"b":0.0,"ms":0.04,"wi":160.47,"ei":7.92,"as":581.26,"mi":"E","mv":5463,"sc":2,"lpe":99.84,"lpr":78398.31,"lq":1.0,"d":694541},{"pi":"370077","pc":"Автомобильные товары","ss":300000,"td":"Фешенебельный район","dc":10,"n":597.86,"vc":"185029","sl":"Очень высокий","sv":"1","p":87670.0,"q":32.62,"b":0.33,"ms":0.02,"wi":174.54,"ei":8.79,"as":941.04,"mi":"E","mv":6166,"sc":1,"lpe":99.98,"lpr":19579.58,"lq":1.0,"d":416444},{"pi":"370077","pc":"Автомобильные товары","ss":10000,"td":"Центр города","dc":1,"n":353.01,"vc":"9618","sl":"Элитный","sv":"280","p":24000.0,"q":22.36,"b":2.52303571428571,"ms":10.34,"wi":52.25,"ei":7.08,"as":262.0,"mi":"E","mv":2708,"sc":1,"lpe":89.66,"lpr":4912.69,"lq":1.1,"d":280743},{"pi":"370077","pc":"Автомобильные товары","ss":300000,"td":"Фешенебельный район","dc":10,"n":597.86,"vc":"265460","sl":"Очень высокий","sv":"80","p":59640.0,"q":39.26,"b":0.702,"ms":0.22,"wi":115.69,"ei":10.0,"as":1006.41,"mi":"E","mv":36004,"sc":1,"lpe":99.78,"lpr":12617.03,"lq":1.0,"d":1206568},{"pi":"370077","pc":"Автомобильные товары","ss":100000,"td":"Фешенебельный район","dc":2,"n":258.83,"vc":"9058","sl":"Элитный","sv":"13921","p":9000.0,"q":19.34,"b":2.43,"ms":5.77,"wi":80.69,"ei":5.73,"as":687.91,"mi":"E","mv":241074,"sc":1,"lpe":94.23,"lpr":30645.7,"lq":1.0,"d":8888088},{"pi":"370077","pc":"Автомобильные товары","ss":100000,"td":"Фешенебельный район","dc":1,"n":698.52,"vc":"359049","sl":"Элитный","sv":"4858","p":60000.0,"q":50.52,"b":5.4,"ms":9.83,"wi":136.28,"ei":11.08,"as":1588.49,"mi":"E","mv":49407,"sc":2,"lpe":90.03,"lpr":24531.78,"lq":1.0,"d":1822464},{"pi":"370077","pc":"Автомобильные товары","ss":300000,"td":"Фешенебельный район","dc":10,"n":597.86,"vc":"309672","sl":"Высокий","sv":"69","p":79960.0,"q":40.98,"b":0.798260869565217,"ms":0.14,"wi":136.28,"ei":11.08,"as":1588.49,"mi":"E","mv":49407,"sc":2,"lpe":90.03,"lpr":24531.78,"lq":1.0,"d":1822464},{"pi":"370077","pc":"Автомобильные товары","ss":300000,"td":"Фешенебельный район","dc":10,"n":476.51,"vc":"165519","sl":"Очень низкий","sv":"9","p":58220.0,"q":39.56,"b":0.666666666666667,"ms":0.0,"wi":77.65,"ei":7.55,"as":555.9,"mi":"E","mv":183057,"sc":1,"lpe":100.0,"lpr":12345.82,"lq":1.0,"d":8479464},{"pi":"370077","pc":"Автомобильные товары","ss":300000,"td":"Фешенебельный район","dc":10,"n":476.51,"vc":"198060","sl":"Очень низкий","sv":"56","p":52260.0,"q":40.93,"b":0.736607142857143,"ms":0.02,"wi":70.74,"ei":5.83,"as":540.88,"mi":"E","mv":356312,"sc":1,"lpe":99.98,"lpr":11083.25,"lq":1.0,"d":14160214},{"pi":"370077","pc":"Автомобильные товары","ss":300000,"td":"Фешенебельный район","dc":10,"n":532.12,"vc":"70735","sl":"Элитный","sv":"1","p":287200.0,"q":32.62,"b":0.58,"ms":0.02,"wi":369.26,"ei":13.8,"as":1650.21,"mi":"E","mv":4651,"sc":1,"lpe":99.98,"lpr":64316.17,"lq":1.0,"d":322973},{"pi":"370077","pc":"Автомобильные товары","ss":300000,"td":"Фешенебельный район","dc":10,"n":532.12,"vc":"144556","sl":"Элитный","sv":"31","p":152400.0,"q":32.62,"b":0.59,"ms":0.1,"wi":92.2,"ei":8.33,"as":1105.16,"mi":"E","mv":31415,"sc":1,"lpe":99.9,"lpr":35684.78,"lq":1.0,"d":1433235},{"pi":"370077","pc":"Автомобильные товары","ss":100000,"td":"Фешенебельный район","dc":1,"n":664.49,"vc":"385122","sl":"Элитный","sv":"10","p":35000.0,"q":28.88,"b":4.14,"ms":0.03,"wi":56.22,"ei":4.54,"as":745.47,"mi":"E","mv":39858,"sc":1,"lpe":99.97,"lpr":7016.04,"lq":1.0,"d":1772341},{"pi":"370077","pc":"Автомобильные товары","ss":300000,"td":"Центр города","dc":1,"n":703.98,"vc":"1807329","sl":"Очень высокий","sv":"222","p":91510.7,"q":31.36,"b":1.49,"ms":2.7,"wi":60.01,"ei":4.42,"as":268.98,"mi":"E","mv":8234,"sc":1,"lpe":97.3,"lpr":13705.47,"lq":1.0,"d":1004525},{"pi":"370077","pc":"Автомобильные товары","ss":300000,"td":"Фешенебельный район","dc":10,"n":532.12,"vc":"193351","sl":"Очень высокий","sv":"5","p":164300.0,"q":34.33,"b":0.672,"ms":0.01,"wi":127.62,"ei":5.1,"as":1687.62,"mi":"E","mv":41354,"sc":1,"lpe":99.99,"lpr":36505.13,"lq":1.0,"d":2870887},{"pi":"370077","pc":"Автомобильные товары","ss":300000,"td":"Фешенебельный район","dc":10,"n":599.34,"vc":"258546","sl":"Очень высокий","sv":"1","p":9430.0,"q":32.62,"b":0.59,"ms":0.0,"wi":115.4,"ei":10.97,"as":714.03,"mi":"E","mv":55013,"sc":1,"lpe":100.0,"lpr":2123.45,"lq":1.0,"d":2945378},{"pi":"370077","pc":"Автомобильные товары","ss":300000,"td":"Фешенебельный район","dc":10,"n":532.13,"vc":"157414","sl":"Элитный","sv":"2","p":136100.0,"q":36.9,"b":1.33,"ms":0.0,"wi":202.73,"ei":8.63,"as":2063.52,"mi":"E","mv":43518,"sc":1,"lpe":100.0,"lpr":29378.19,"lq":1.0,"d":1595320},{"pi":"370077","pc":"Автомобильные товары","ss":300000,"td":"Фешенебельный район","dc":10,"n":587.89,"vc":"147571","sl":"Элитный","sv":"2","p":185400.0,"q":32.62,"b":0.33,"ms":0.03,"wi":126.05,"ei":7.84,"as":2943.58,"mi":"E","mv":7839,"sc":2,"lpe":99.96,"lpr":41490.83,"lq":1.0,"d":286946},{"pi":"370077","pc":"Автомобильные товары","ss":30000,"td":"Центр города","dc":1,"n":531.42,"vc":"125926","sl":"Высокий","sv":"1","p":179999.99,"q":32.15,"b":0.0,"ms":0.01,"wi":126.05,"ei":7.84,"as":2943.58,"mi":"E","mv":7839,"sc":2,"lpe":99.96,"lpr":41490.83,"lq":1.0,"d":286946},{"pi":"370077","pc":"Автомобильные товары","ss":200000,"td":"Центр города","dc":10,"n":677.65,"vc":"1253042","sl":"Очень низкий","sv":"3","p":93685.28,"q":31.52,"b":1.49,"ms":0.03,"wi":69.18,"ei":7.39,"as":242.43,"mi":"E","mv":11634,"sc":1,"lpe":99.97,"lpr":11923.91,"lq":1.0,"d":1203044},{"pi":"370077","pc":"Автомобильные товары","ss":100000,"td":"Центр города","dc":1,"n":579.26,"vc":"524509","sl":"Очень высокий","sv":"100","p":60000.0,"q":38.08,"b":0.0,"ms":0.89,"wi":111.24,"ei":18.94,"as":1450.98,"mi":"E","mv":11292,"sc":1,"lpe":99.11,"lpr":34577.03,"lq":1.0,"d":627790},{"pi":"370077","pc":"Автомобильные товары","ss":300000,"td":"Фешенебельный район","dc":10,"n":587.89,"vc":"141027","sl":"Элитный","sv":"2","p":108900.0,"q":32.62,"b":0.33,"ms":0.03,"wi":77.81,"ei":7.28,"as":1340.08,"mi":"E","mv":5868,"sc":1,"lpe":99.97,"lpr":24317.8,"lq":1.0,"d":280864},{"pi":"370077","pc":"Автомобильные товары","ss":100000,"td":"Центр города","dc":1,"n":641.48,"vc":"354742","sl":"Очень высокий","sv":"101","p":90000.0,"q":37.59,"b":0.0,"ms":5.08,"wi":38.26,"ei":3.78,"as":388.59,"mi":"E","mv":1989,"sc":1,"lpe":94.92,"lpr":16024.98,"lq":1.0,"d":1678567},{"pi":"370077","pc":"Автомобильные товары","ss":300000,"td":"Фешенебельный район","dc":10,"n":587.89,"vc":"165403","sl":"Очень высокий","sv":"2","p":119000.0,"q":32.62,"b":0.33,"ms":0.02,"wi":116.54,"ei":6.48,"as":1264.52,"mi":"E","mv":9894,"sc":1,"lpe":99.98,"lpr":26572.39,"lq":1.0,"d":397507},{"pi":"370077","pc":"Автомобильные товары","ss":300000,"td":"Фешенебельный район","dc":10,"n":587.89,"vc":"194659","sl":"Очень высокий","sv":"2","p":48350.0,"q":33.83,"b":1.06,"ms":0.01,"wi":98.55,"ei":9.79,"as":786.97,"mi":"E","mv":38980,"sc":1,"lpe":99.99,"lpr":10069.35,"lq":1.0,"d":1332680},{"pi":"370077","pc":"Автомобильные товары","ss":300000,"td":"Фешенебельный район","dc":10,"n":587.89,"vc":"186800","sl":"Очень высокий","sv":"1","p":96400.0,"q":32.62,"b":0.33,"ms":0.01,"wi":72.23,"ei":7.11,"as":814.01,"mi":"E","mv":16882,"sc":1,"lpe":99.99,"lpr":20838.42,"lq":1.0,"d":621765},{"pi":"370077","pc":"Автомобильные товары","ss":300000,"td":"Фешенебельный район","dc":10,"n":632.34,"vc":"970248","sl":"Низкий","sv":"2","p":49078.83,"q":23.38,"b":1.2,"ms":0.0,"wi":74.27,"ei":14.22,"as":1277.56,"mi":"E","mv":85333,"sc":1,"lpe":100.0,"lpr":6640.1,"lq":1.0,"d":5772544},{"pi":"370077","pc":"Автомобильные товары","ss":100100,"td":"Фешенебельный район","dc":1,"n":421.27,"vc":"39850","sl":"Элитный","sv":"2064","p":90000.0,"q":26.54,"b":0.61,"ms":4.52,"wi":164.16,"ei":12.48,"as":1555.04,"mi":"E","mv":45666,"sc":2,"lpe":95.46,"lpr":36500.44,"lq":1.0,"d":2161680},{"pi":"370077","pc":"Автомобильные товары","ss":300000,"td":"Фешенебельный район","dc":10,"n":587.89,"vc":"299192","sl":"Очень высокий","sv":"8","p":144800.0,"q":33.69,"b":0.55375,"ms":0.02,"wi":164.16,"ei":12.48,"as":1555.04,"mi":"E","mv":45666,"sc":2,"lpe":95.46,"lpr":36500.44,"lq":1.0,"d":2161680},{"pi":"370077","pc":"Автомобильные товары","ss":300000,"td":"Фешенебельный район","dc":10,"n":597.86,"vc":"231422","sl":"Очень высокий","sv":"3","p":114300.0,"q":36.29,"b":0.54,"ms":0.01,"wi":122.88,"ei":10.1,"as":582.75,"mi":"E","mv":41533,"sc":1,"lpe":99.99,"lpr":24388.24,"lq":1.0,"d":1499517},{"pi":"370077","pc":"Автомобильные товары","ss":1000,"td":"Центр города","dc":1,"n":414.81,"vc":"2861","sl":"Очень высокий","sv":"1395","p":3000.0,"q":11.0,"b":0.0,"ms":1.29,"wi":41.21,"ei":11.06,"as":1339.01,"mi":"E","mv":108209,"sc":1,"lpe":98.71,"lpr":1653.13,"lq":1.0,"d":4460295},{"pi":"370077","pc":"Автомобильные товары","ss":300000,"td":"Фешенебельный район","dc":10,"n":532.12,"vc":"110870","sl":"Элитный","sv":"1","p":600500.0,"q":32.61,"b":0.33,"ms":0.02,"wi":157.89,"ei":10.41,"as":563.42,"mi":"E","mv":4263,"sc":1,"lpe":99.98,"lpr":131648.27,"lq":1.0,"d":668154},{"pi":"370077","pc":"Автомобильные товары","ss":300000,"td":"Центр города","dc":1,"n":472.18,"vc":"1388154","sl":"Элитный","sv":"15000","p":90000.0,"q":28.27,"b":2.335476,"ms":9.52,"wi":90.06,"ei":7.72,"as":698.25,"mi":"E","mv":157523,"sc":3,"lpe":90.47,"lpr":24027.18,"lq":1.0,"d":5775520},{"pi":"370077","pc":"Автомобильные товары","ss":300000,"td":"Фешенебельный район","dc":1,"n":581.54,"vc":"595590","sl":"Элитный","sv":"7","p":157608.03,"q":35.41,"b":5.3,"ms":0.0,"wi":90.06,"ei":7.72,"as":698.25,"mi":"E","mv":157523,"sc":3,"lpe":90.47,"lpr":24027.18,"lq":1.0,"d":5775520},{"pi":"370077","pc":"Автомобильные товары","ss":300000,"td":"Фешенебельный район","dc":1,"n":581.54,"vc":"595590","sl":"Элитный","sv":"6","p":157608.03,"q":35.41,"b":5.3,"ms":0.0,"wi":90.06,"ei":7.72,"as":698.25,"mi":"E","mv":157523,"sc":3,"lpe":90.47,"lpr":24027.18,"lq":1.0,"d":5775520},{"pi":"370077","pc":"Автомобильные товары","ss":100000,"td":"Фешенебельный район","dc":1,"n":708.56,"vc":"159796","sl":"Элитный","sv":"1462","p":100000.0,"q":50.64,"b":5.4,"ms":6.9,"wi":158.05,"ei":13.57,"as":1605.29,"mi":"E","mv":21201,"sc":2,"lpe":91.7,"lpr":35604.09,"lq":2.32,"d":835644},{"pi":"370077","pc":"Автомобильные товары","ss":300000,"td":"Фешенебельный район","dc":10,"n":597.86,"vc":"125143","sl":"Элитный","sv":"297","p":107400.0,"q":32.48,"b":0.301111111111111,"ms":1.4,"wi":158.05,"ei":13.57,"as":1605.29,"mi":"E","mv":21201,"sc":2,"lpe":91.7,"lpr":35604.09,"lq":2.32,"d":835644},{"pi":"370077","pc":"Автомобильные товары","ss":300000,"td":"Фешенебельный район","dc":10,"n":592.62,"vc":"230833","sl":"Очень высокий","sv":"1","p":10690.0,"q":32.62,"b":0.66,"ms":0.01,"wi":100.84,"ei":7.56,"as":520.44,"mi":"E","mv":14096,"sc":1,"lpe":99.99,"lpr":2384.03,"lq":1.0,"d":1531863},{"pi":"370077","pc":"Автомобильные товары","ss":300000,"td":"Фешенебельный район","dc":10,"n":592.62,"vc":"196608","sl":"Очень высокий","sv":"1","p":5867.0,"q":32.61,"b":0.66,"ms":0.0,"wi":78.82,"ei":6.02,"as":450.75,"mi":"E","mv":21177,"sc":1,"lpe":100.0,"lpr":1308.07,"lq":1.0,"d":1270594},{"pi":"370077","pc":"Автомобильные товары","ss":10000,"td":"Центр города","dc":1,"n":509.22,"vc":"69708","sl":"Высокий","sv":"15000","p":13000.0,"q":39.65,"b":0.45,"ms":21.09,"wi":89.81,"ei":5.22,"as":274.68,"mi":"E","mv":71113,"sc":1,"lpe":78.91,"lpr":6628.72,"lq":1.63,"d":3867612},{"pi":"370077","pc":"Автомобильные товары","ss":300000,"td":"Центр города","dc":3,"n":602.93,"vc":"2472091","sl":"Нормальный","sv":"11100","p":25000.0,"q":36.54,"b":2.79,"ms":15.34,"wi":115.13,"ei":10.09,"as":1162.2,"mi":"E","mv":72373,"sc":2,"lpe":83.04,"lpr":25193.01,"lq":4.99,"d":2640684},{"pi":"370077","pc":"Автомобильные товары","ss":300000,"td":"Фешенебельный район","dc":1,"n":691.05,"vc":"1297250","sl":"Элитный","sv":"1175","p":125000.0,"q":29.45,"b":3.69562553191489,"ms":1.62,"wi":115.13,"ei":10.09,"as":1162.2,"mi":"E","mv":72373,"sc":2,"lpe":83.04,"lpr":25193.01,"lq":4.99,"d":2640684},{"pi":"370077","pc":"Автомобильные товары","ss":1000,"td":"Центр города","dc":1,"n":367.13,"vc":"3756","sl":"Высокий","sv":"700","p":9400.0,"q":11.0,"b":2.5,"ms":5.86,"wi":41.37,"ei":8.25,"as":570.45,"mi":"E","mv":11945,"sc":1,"lpe":94.14,"lpr":6576.68,"lq":1.0,"d":955327},{"pi":"370077","pc":"Автомобильные товары","ss":300000,"td":"Фешенебельный район","dc":10,"n":533.24,"vc":"65531","sl":"Элитный","sv":"2","p":304100.0,"q":36.9,"b":1.4,"ms":0.1,"wi":308.71,"ei":10.42,"as":5358.23,"mi":"E","mv":2103,"sc":1,"lpe":99.9,"lpr":65182.98,"lq":1.0,"d":126504},{"pi":"370077","pc":"Автомобильные товары","ss":300000,"td":"Фешенебельный район","dc":10,"n":532.12,"vc":"79633","sl":"Элитный","sv":"27","p":356600.0,"q":41.19,"b":2.16,"ms":0.5,"wi":214.1,"ei":9.16,"as":5915.59,"mi":"E","mv":5389,"sc":1,"lpe":99.5,"lpr":76646.28,"lq":1.0,"d":260774},{"pi":"370077","pc":"Автомобильные товары","ss":10000,"td":"Центр города","dc":1,"n":584.92,"vc":"60479","sl":"Высокий","sv":"851","p":10000.0,"q":22.55,"b":0.113689776733255,"ms":9.83,"wi":44.13,"ei":4.76,"as":232.57,"mi":"E","mv":8659,"sc":2,"lpe":87.93,"lpr":2043.98,"lq":1.75,"d":975033},{"pi":"370077","pc":"Автомобильные товары","ss":10000,"td":"Спальный район","dc":1,"n":584.92,"vc":"45359","sl":"Очень высокий","sv":"194","p":10000.0,"q":22.56,"b":0.112113402061856,"ms":2.24,"wi":44.13,"ei":4.76,"as":232.57,"mi":"E","mv":8659,"sc":2,"lpe":87.93,"lpr":2043.98,"lq":1.75,"d":975033},{"pi":"370077","pc":"Автомобильные товары","ss":300000,"td":"Фешенебельный район","dc":10,"n":600.07,"vc":"109024","sl":"Элитный","sv":"1","p":208900.0,"q":32.62,"b":0.33,"ms":0.05,"wi":176.24,"ei":12.3,"as":2429.23,"mi":"E","mv":2031,"sc":1,"lpe":99.95,"lpr":46697.32,"lq":1.0,"d":139490},{"pi":"370077","pc":"Автомобильные товары","ss":1000,"td":"Центр города","dc":1,"n":499.26,"vc":"5507","sl":"Нормальный","sv":"300","p":15000.0,"q":36.54,"b":0.0,"ms":2.14,"wi":139.29,"ei":7.61,"as":522.65,"mi":"E","mv":14009,"sc":1,"lpe":97.86,"lpr":23539.96,"lq":1.0,"d":511160},{"pi":"370077","pc":"Автомобильные товары","ss":1000,"td":"Центр города","dc":1,"n":167.87,"vc":"510","sl":"Элитный","sv":"297","p":18914.92,"q":22.32,"b":0.0,"ms":9.94,"wi":78.52,"ei":7.18,"as":571.77,"mi":"E","mv":2987,"sc":1,"lpe":90.06,"lpr":8892.07,"lq":1.1,"d":134900},{"pi":"370077","pc":"Автомобильные товары","ss":200,"td":"Центр города","dc":3,"n":475.61,"vc":"795","sl":"Очень низкий","sv":"1","p":17000.0,"q":32.15,"b":0.0,"ms":0.03,"wi":100.25,"ei":7.3,"as":583.98,"mi":"E","mv":3610,"sc":1,"lpe":99.97,"lpr":16761.52,"lq":1.0,"d":140874},{"pi":"370077","pc":"Автомобильные товары","ss":300000,"td":"Фешенебельный район","dc":10,"n":532.13,"vc":"104189","sl":"Элитный","sv":"56","p":53190.0,"q":38.28,"b":0.0,"ms":0.42,"wi":80.38,"ei":4.67,"as":588.97,"mi":"E","mv":13451,"sc":2,"lpe":99.51,"lpr":11447.64,"lq":1.0,"d":490636},{"pi":"370077","pc":"Автомобильные товары","ss":100000,"td":"Фешенебельный район","dc":1,"n":688.95,"vc":"310833","sl":"Элитный","sv":"10","p":60000.0,"q":29.68,"b":5.28,"ms":0.07,"wi":80.38,"ei":4.67,"as":588.97,"mi":"E","mv":13451,"sc":2,"lpe":99.51,"lpr":11447.64,"lq":1.0,"d":490636},{"pi":"370077","pc":"Автомобильные товары","ss":300000,"td":"Фешенебельный район","dc":1,"n":675.82,"vc":"528558","sl":"Элитный","sv":"584","p":1448800.14,"q":35.47,"b":5.25,"ms":55.78,"wi":569.01,"ei":12.9,"as":1275.08,"mi":"AAA","mv":1047,"sc":4,"lpe":0.0,"lpr":769883.14,"lq":17.0,"d":1186465},{"pi":"370077","pc":"Автомобильные товары","ss":221100,"td":"Спальный район","dc":4,"n":481.83,"vc":"373982","sl":"Очень высокий","sv":"344","p":800000.0,"q":16.93,"b":5.52,"ms":32.86,"wi":569.01,"ei":12.9,"as":1275.08,"mi":"AAA","mv":1047,"sc":4,"lpe":0.0,"lpr":769883.14,"lq":17.0,"d":1186465},{"pi":"370077","pc":"Автомобильные товары","ss":300000,"td":"Фешенебельный район","dc":1,"n":703.54,"vc":"459964","sl":"Элитный","sv":"101","p":2200000.0,"q":32.11,"b":0.900594059405941,"ms":9.65,"wi":569.01,"ei":12.9,"as":1275.08,"mi":"AAA","mv":1047,"sc":4,"lpe":0.0,"lpr":769883.14,"lq":17.0,"d":1186465},{"pi":"370077","pc":"Автомобильные товары","ss":120000,"td":"Центр города","dc":8,"n":380.25,"vc":"69684","sl":"Нормальный","sv":"18","p":1380000.0,"q":32.59,"b":0.0544444444444444,"ms":1.72,"wi":569.01,"ei":12.9,"as":1275.08,"mi":"AAA","mv":1047,"sc":4,"lpe":0.0,"lpr":769883.14,"lq":17.0,"d":1186465},{"pi":"370077","pc":"Автомобильные товары","ss":12000,"td":"Центр города","dc":1,"n":470.6,"vc":"55140","sl":"Очень высокий","sv":"182","p":69999.99,"q":32.15,"b":0.0,"ms":0.36,"wi":88.48,"ei":13.01,"as":783.92,"mi":"E","mv":50678,"sc":2,"lpe":99.63,"lpr":23273.76,"lq":1.0,"d":2991227},{"pi":"370077","pc":"Автомобильные товары","ss":300000,"td":"Фешенебельный район","dc":10,"n":595.46,"vc":"360505","sl":"Высокий","sv":"4","p":104100.0,"q":34.76,"b":0.9675,"ms":0.01,"wi":88.48,"ei":13.01,"as":783.92,"mi":"E","mv":50678,"sc":2,"lpe":99.63,"lpr":23273.76,"lq":1.0,"d":2991227},{"pi":"370077","pc":"Автомобильные товары","ss":100000,"td":"Фешенебельный район","dc":1,"n":633.88,"vc":"435838","sl":"Элитный","sv":"15","p":63988.2,"q":40.5,"b":5.42,"ms":0.01,"wi":106.09,"ei":9.92,"as":695.71,"mi":"E","mv":132249,"sc":3,"lpe":99.99,"lpr":17897.83,"lq":1.0,"d":5851042},{"pi":"370077","pc":"Автомобильные товары","ss":100000,"td":"Фешенебельный район","dc":1,"n":683.01,"vc":"466012","sl":"Очень высокий","sv":"1","p":35000.0,"q":50.39,"b":1.78,"ms":0.0,"wi":106.09,"ei":9.92,"as":695.71,"mi":"E","mv":132249,"sc":3,"lpe":99.99,"lpr":17897.83,"lq":1.0,"d":5851042},{"pi":"370077","pc":"Автомобильные товары","ss":100000,"td":"Фешенебельный район","dc":1,"n":683.01,"vc":"466012","sl":"Очень высокий","sv":"1","p":45000.0,"q":50.39,"b":1.78,"ms":0.0,"wi":106.09,"ei":9.92,"as":695.71,"mi":"E","mv":132249,"sc":3,"lpe":99.99,"lpr":17897.83,"lq":1.0,"d":5851042},{"pi":"370077","pc":"Автомобильные товары","ss":100000,"td":"Центр города","dc":1,"n":542.14,"vc":"886763","sl":"Высокий","sv":"2101","p":60000.0,"q":52.03,"b":1.78,"ms":0.98,"wi":230.26,"ei":11.11,"as":807.34,"mi":"E","mv":213316,"sc":3,"lpe":98.48,"lpr":18568.55,"lq":1.0,"d":7803456},{"pi":"370077","pc":"Автомобильные товары","ss":300000,"td":"Центр города","dc":1,"n":425.41,"vc":"983968","sl":"Элитный","sv":"1131","p":68263.6,"q":30.82,"b":0.598143236074271,"ms":0.53,"wi":230.26,"ei":11.11,"as":807.34,"mi":"E","mv":213316,"sc":3,"lpe":98.48,"lpr":18568.55,"lq":1.0,"d":7803456},{"pi":"370077","pc":"Автомобильные товары","ss":100000,"td":"Центр города","dc":1,"n":542.14,"vc":"886763","sl":"Высокий","sv":"3","p":95000.0,"q":52.01,"b":1.78,"ms":0.0,"wi":230.26,"ei":11.11,"as":807.34,"mi":"E","mv":213316,"sc":3,"lpe":98.48,"lpr":18568.55,"lq":1.0,"d":7803456},{"pi":"370077","pc":"Автомобильные товары","ss":11000,"td":"Центр города","dc":1,"n":363.79,"vc":"5675","sl":"Элитный","sv":"2","p":300000.0,"q":8.85,"b":0.0,"ms":1.57,"wi":533.39,"ei":8.51,"as":628.43,"mi":"E","mv":127,"sc":1,"lpe":98.43,"lpr":87285.91,"lq":1.0,"d":417832},{"pi":"370077","pc":"Автомобильные товары","ss":300000,"td":"Фешенебельный район","dc":10,"n":587.05,"vc":"324173","sl":"Высокий","sv":"1","p":55610.0,"q":32.62,"b":0.68,"ms":0.0,"wi":67.32,"ei":8.28,"as":624.79,"mi":"E","mv":58275,"sc":1,"lpe":100.0,"lpr":12398.8,"lq":1.0,"d":2781411},{"pi":"370077","pc":"Автомобильные товары","ss":300000,"td":"Фешенебельный район","dc":10,"n":588.36,"vc":"133328","sl":"Элитный","sv":"10","p":176800.0,"q":32.58,"b":0.297,"ms":0.26,"wi":134.53,"ei":9.12,"as":987.72,"mi":"E","mv":3816,"sc":1,"lpe":99.74,"lpr":40050.19,"lq":1.0,"d":244572},{"pi":"370077","pc":"Автомобильные товары","ss":10000,"td":"Центр города","dc":1,"n":166.82,"vc":"3900","sl":"Элитный","sv":"10","p":100000.0,"q":22.38,"b":2.84,"ms":0.27,"wi":36.64,"ei":5.61,"as":405.43,"mi":"E","mv":3708,"sc":1,"lpe":99.73,"lpr":16463.53,"lq":1.0,"d":1060969},{"pi":"370077","pc":"Автомобильные товары","ss":20000,"td":"Центр города","dc":1,"n":92.31,"vc":"6084","sl":"Элитный","sv":"894","p":73000.0,"q":22.37,"b":2.63668903803132,"ms":1.88,"wi":185.66,"ei":10.64,"as":511.0,"mi":"E","mv":47670,"sc":3,"lpe":98.11,"lpr":35054.84,"lq":1.0,"d":4054442},{"pi":"370077","pc":"Автомобильные товары","ss":300000,"td":"Фешенебельный район","dc":10,"n":476.41,"vc":"116679","sl":"Нормальный","sv":"3","p":152100.0,"q":35.48,"b":1.02333333333333,"ms":0.01,"wi":185.66,"ei":10.64,"as":511.0,"mi":"E","mv":47670,"sc":3,"lpe":98.11,"lpr":35054.84,"lq":1.0,"d":4054442},{"pi":"370077","pc":"Автомобильные товары","ss":300000,"td":"Фешенебельный район","dc":10,"n":476.41,"vc":"116679","sl":"Нормальный","sv":"3","p":152100.0,"q":35.48,"b":1.02333333333333,"ms":0.01,"wi":185.66,"ei":10.64,"as":511.0,"mi":"E","mv":47670,"sc":3,"lpe":98.11,"lpr":35054.84,"lq":1.0,"d":4054442},{"pi":"370077","pc":"Автомобильные товары","ss":100000,"td":"Фешенебельный район","dc":1,"n":702.2,"vc":"382639","sl":"Элитный","sv":"1163","p":60000.0,"q":50.68,"b":1.78,"ms":3.54,"wi":105.68,"ei":11.41,"as":572.31,"mi":"E","mv":32899,"sc":1,"lpe":96.46,"lpr":12364.36,"lq":1.0,"d":1966686},{"pi":"370077","pc":"Автомобильные товары","ss":200,"td":"Фешенебельный район","dc":1,"n":263.14,"vc":"128","sl":"Элитный","sv":"20","p":4963.0,"q":25.78,"b":0.0,"ms":0.12,"wi":65.92,"ei":7.4,"as":554.38,"mi":"E","mv":16265,"sc":1,"lpe":99.88,"lpr":4960.62,"lq":1.0,"d":1065235},{"pi":"370077","pc":"Автомобильные товары","ss":100,"td":"Фешенебельный район","dc":1,"n":284.61,"vc":"24","sl":"Очень высокий","sv":"10","p":5200.0,"q":25.78,"b":0.0,"ms":0.35,"wi":35.59,"ei":3.77,"as":250.3,"mi":"E","mv":2845,"sc":1,"lpe":99.65,"lpr":5198.72,"lq":1.0,"d":339268},{"pi":"370077","pc":"Автомобильные товары","ss":100,"td":"Фешенебельный район","dc":1,"n":224.59,"vc":"13","sl":"Элитный","sv":"15","p":8071.0,"q":25.78,"b":0.0,"ms":1.57,"wi":43.28,"ei":5.4,"as":400.39,"mi":"E","mv":955,"sc":1,"lpe":98.43,"lpr":8052.85,"lq":1.0,"d":188717},{"pi":"370077","pc":"Автомобильные товары","ss":100,"td":"Фешенебельный район","dc":1,"n":282.13,"vc":"12","sl":"Элитный","sv":"15","p":7701.0,"q":25.78,"b":0.0,"ms":3.74,"wi":41.23,"ei":5.3,"as":382.92,"mi":"E","mv":401,"sc":1,"lpe":96.26,"lpr":7693.18,"lq":1.0,"d":69100},{"pi":"370077","pc":"Автомобильные товары","ss":100000,"td":"Спальный район","dc":1,"n":574.91,"vc":"354064","sl":"Элитный","sv":"9","p":305000.0,"q":37.07,"b":0.0,"ms":0.73,"wi":140.39,"ei":10.48,"as":3219.88,"mi":"E","mv":1230,"sc":1,"lpe":99.27,"lpr":71571.07,"lq":1.0,"d":523744},{"pi":"370077","pc":"Автомобильные товары","ss":1000,"td":"Центр города","dc":1,"n":108.22,"vc":"397","sl":"Элитный","sv":"200","p":162620.48,"q":22.37,"b":4.1013,"ms":13.67,"wi":121.24,"ei":17.57,"as":1810.68,"mi":"E","mv":1463,"sc":1,"lpe":86.33,"lpr":47062.02,"lq":1.32,"d":745880},{"pi":"370077","pc":"Автомобильные товары","ss":10000,"td":"Центр города","dc":2,"n":317.12,"vc":"12044","sl":"Высокий","sv":"300","p":9000.0,"q":11.0,"b":0.19,"ms":1.14,"wi":71.61,"ei":5.65,"as":345.34,"mi":"E","mv":26203,"sc":1,"lpe":98.86,"lpr":8658.32,"lq":1.0,"d":1510368},{"pi":"370077","pc":"Автомобильные товары","ss":100000,"td":"Центр города","dc":2,"n":431.65,"vc":"93393","sl":"Очень высокий","sv":"1000","p":16000.0,"q":11.0,"b":0.0,"ms":14.31,"wi":64.41,"ei":7.13,"as":735.66,"mi":"E","mv":6989,"sc":1,"lpe":85.69,"lpr":14287.5,"lq":2.9,"d":657693},{"pi":"370077","pc":"Автомобильные товары","ss":100000,"td":"Центр города","dc":1,"n":526.86,"vc":"372208","sl":"Элитный","sv":"93","p":206000.0,"q":22.61,"b":0.0,"ms":0.51,"wi":161.88,"ei":8.99,"as":1122.59,"mi":"E","mv":18086,"sc":1,"lpe":99.49,"lpr":55049.86,"lq":1.0,"d":1111265},{"pi":"370077","pc":"Автомобильные товары","ss":100000,"td":"Фешенебельный район","dc":1,"n":0.0,"vc":"247","sl":"Элитный","sv":"191","p":40000.0,"q":33.53,"b":0.0,"ms":2.47,"wi":125.85,"ei":6.71,"as":897.25,"mi":"E","mv":7720,"sc":2,"lpe":97.49,"lpr":28356.27,"lq":1.0,"d":535396},{"pi":"370077","pc":"Автомобильные товары","ss":300000,"td":"Фешенебельный район","dc":10,"n":532.12,"vc":"93399","sl":"Элитный","sv":"3","p":125700.0,"q":32.62,"b":0.59,"ms":0.04,"wi":125.85,"ei":6.71,"as":897.25,"mi":"E","mv":7720,"sc":2,"lpe":97.49,"lpr":28356.27,"lq":1.0,"d":535396},{"pi":"370077","pc":"Автомобильные товары","ss":300000,"td":"Фешенебельный район","dc":10,"n":603.36,"vc":"212525","sl":"Очень высокий","sv":"1","p":283400.0,"q":32.62,"b":0.33,"ms":0.04,"wi":112.45,"ei":9.29,"as":2033.03,"mi":"E","mv":2437,"sc":2,"lpe":99.92,"lpr":62401.65,"lq":1.0,"d":532011},{"pi":"370077","pc":"Автомобильные товары","ss":100000,"td":"Центр города","dc":8,"n":660.32,"vc":"1079185","sl":"Очень низкий","sv":"1","p":255000.0,"q":15.08,"b":0.0,"ms":0.04,"wi":112.45,"ei":9.29,"as":2033.03,"mi":"E","mv":2437,"sc":2,"lpe":99.92,"lpr":62401.65,"lq":1.0,"d":532011},{"pi":"370077","pc":"Автомобильные товары","ss":30000,"td":"Центр города","dc":1,"n":397.52,"vc":"42546","sl":"Элитный","sv":"1274","p":24000.0,"q":22.36,"b":2.23382260596546,"ms":13.91,"wi":59.52,"ei":8.33,"as":390.03,"mi":"E","mv":9157,"sc":1,"lpe":86.09,"lpr":4319.55,"lq":1.05,"d":592070},{"pi":"370077","pc":"Автомобильные товары","ss":110000,"td":"Фешенебельный район","dc":1,"n":653.31,"vc":"354876","sl":"Элитный","sv":"200","p":125000.0,"q":29.68,"b":4.14,"ms":0.97,"wi":121.62,"ei":4.65,"as":1672.59,"mi":"E","mv":20627,"sc":2,"lpe":99.02,"lpr":36191.87,"lq":1.0,"d":1418840},{"pi":"370077","pc":"Автомобильные товары","ss":300000,"td":"Фешенебельный район","dc":10,"n":596.38,"vc":"280153","sl":"Очень высокий","sv":"3","p":164100.0,"q":35.48,"b":0.9,"ms":0.01,"wi":121.62,"ei":4.65,"as":1672.59,"mi":"E","mv":20627,"sc":2,"lpe":99.02,"lpr":36191.87,"lq":1.0,"d":1418840},{"pi":"370077","pc":"Автомобильные товары","ss":10000,"td":"Фешенебельный район","dc":1,"n":420.06,"vc":"6761","sl":"Элитный","sv":"5179","p":85000.0,"q":18.55,"b":3.49,"ms":6.69,"wi":70.9,"ei":6.2,"as":767.71,"mi":"E","mv":77389,"sc":2,"lpe":92.44,"lpr":30273.54,"lq":1.0,"d":7321662},{"pi":"370077","pc":"Автомобильные товары","ss":10000,"td":"Центр города","dc":2,"n":309.38,"vc":"19882","sl":"Низкий","sv":"672","p":80000.0,"q":18.54,"b":3.49,"ms":0.87,"wi":70.9,"ei":6.2,"as":767.71,"mi":"E","mv":77389,"sc":2,"lpe":92.44,"lpr":30273.54,"lq":1.0,"d":7321662},{"pi":"370077","pc":"Автомобильные товары","ss":100000,"td":"Фешенебельный район","dc":1,"n":707.8,"vc":"265881","sl":"Элитный","sv":"516","p":280000.0,"q":50.61,"b":5.4,"ms":4.71,"wi":223.33,"ei":14.29,"as":2786.11,"mi":"E","mv":10957,"sc":1,"lpe":95.29,"lpr":79635.24,"lq":1.0,"d":761160},{"pi":"370077","pc":"Автомобильные товары","ss":100000,"td":"Фешенебельный район","dc":1,"n":709.97,"vc":"195247","sl":"Элитный","sv":"2050","p":100000.0,"q":37.1,"b":0.0,"ms":79.33,"wi":152.97,"ei":6.45,"as":881.02,"mi":"D","mv":2584,"sc":1,"lpe":20.67,"lpr":48565.57,"lq":5.39,"d":262115},{"pi":"370077","pc":"Автомобильные товары","ss":300000,"td":"Фешенебельный район","dc":10,"n":476.51,"vc":"121746","sl":"Низкий","sv":"3","p":89820.0,"q":36.29,"b":0.36,"ms":0.0,"wi":101.64,"ei":8.07,"as":619.76,"mi":"E","mv":77416,"sc":1,"lpe":100.0,"lpr":18855.77,"lq":1.0,"d":3525358},{"pi":"370077","pc":"Автомобильные товары","ss":100000,"td":"Фешенебельный район","dc":1,"n":647.09,"vc":"255470","sl":"Элитный","sv":"3","p":15000.0,"q":8.81,"b":0.0,"ms":0.01,"wi":41.2,"ei":5.21,"as":418.76,"mi":"E","mv":47255,"sc":1,"lpe":99.99,"lpr":2328.86,"lq":1.0,"d":1573331},{"pi":"370077","pc":"Автомобильные товары","ss":100000,"td":"Центр города","dc":1,"n":350.86,"vc":"109364","sl":"Элитный","sv":"1","p":75000.0,"q":32.15,"b":0.0,"ms":0.0,"wi":112.22,"ei":9.88,"as":716.49,"mi":"E","mv":67960,"sc":1,"lpe":100.0,"lpr":12799.21,"lq":1.0,"d":3780942},{"pi":"370077","pc":"Автомобильные товары","ss":300000,"td":"Фешенебельный район","dc":10,"n":593.48,"vc":"176891","sl":"Очень высокий","sv":"1","p":61090.0,"q":32.62,"b":0.33,"ms":0.01,"wi":168.71,"ei":11.17,"as":932.26,"mi":"E","mv":9856,"sc":1,"lpe":99.99,"lpr":13615.76,"lq":1.0,"d":2693898},{"pi":"370077","pc":"Автомобильные товары","ss":300000,"td":"Фешенебельный район","dc":10,"n":597.86,"vc":"455794","sl":"Нормальный","sv":"7","p":119200.0,"q":33.8,"b":0.298571428571429,"ms":0.01,"wi":88.59,"ei":8.74,"as":1050.67,"mi":"E","mv":104384,"sc":2,"lpe":99.99,"lpr":26227.43,"lq":1.0,"d":5472896},{"pi":"370077","pc":"Автомобильные товары","ss":100000,"td":"Центр города","dc":1,"n":469.59,"vc":"389853","sl":"Очень низкий","sv":"4","p":110000.0,"q":22.15,"b":0.0,"ms":0.0,"wi":88.59,"ei":8.74,"as":1050.67,"mi":"E","mv":104384,"sc":2,"lpe":99.99,"lpr":26227.43,"lq":1.0,"d":5472896},{"pi":"370077","pc":"Автомобильные товары","ss":300000,"td":"Фешенебельный район","dc":10,"n":603.36,"vc":"369816","sl":"Высокий","sv":"2","p":113500.0,"q":36.91,"b":1.96,"ms":0.0,"wi":125.84,"ei":6.73,"as":962.65,"mi":"E","mv":44666,"sc":1,"lpe":100.0,"lpr":25189.41,"lq":1.0,"d":2589900},{"pi":"370077","pc":"Автомобильные товары","ss":200000,"td":"Окраина","dc":1,"n":595.27,"vc":"449674","sl":"Элитный","sv":"221","p":300000.0,"q":30.24,"b":5.81,"ms":5.06,"wi":369.57,"ei":13.98,"as":6417.65,"mi":"E","mv":4364,"sc":3,"lpe":90.24,"lpr":82590.79,"lq":14.18,"d":258267},{"pi":"370077","pc":"Автомобильные товары","ss":200000,"td":"Пригород","dc":1,"n":595.27,"vc":"299783","sl":"Элитный","sv":"136","p":300000.0,"q":30.24,"b":5.81,"ms":3.12,"wi":369.57,"ei":13.98,"as":6417.65,"mi":"E","mv":4364,"sc":3,"lpe":90.24,"lpr":82590.79,"lq":14.18,"d":258267},{"pi":"370077","pc":"Автомобильные товары","ss":200000,"td":"Фешенебельный район","dc":1,"n":595.27,"vc":"112419","sl":"Элитный","sv":"69","p":300000.0,"q":30.24,"b":5.81,"ms":1.58,"wi":369.57,"ei":13.98,"as":6417.65,"mi":"E","mv":4364,"sc":3,"lpe":90.24,"lpr":82590.79,"lq":14.18,"d":258267},{"pi":"370077","pc":"Автомобильные товары","ss":300000,"td":"Фешенебельный район","dc":1,"n":738.89,"vc":"487943","sl":"Элитный","sv":"275","p":414384.69,"q":30.64,"b":0.0,"ms":65.32,"wi":634.78,"ei":14.13,"as":7357.38,"mi":"AAA","mv":421,"sc":5,"lpe":0.0,"lpr":347253.59,"lq":18.6,"d":226832},{"pi":"370077","pc":"Автомобильные товары","ss":300000,"td":"Центр города","dc":1,"n":572.68,"vc":"544010","sl":"Элитный","sv":"85","p":700000.0,"q":30.64,"b":0.0,"ms":20.19,"wi":634.78,"ei":14.13,"as":7357.38,"mi":"AAA","mv":421,"sc":5,"lpe":0.0,"lpr":347253.59,"lq":18.6,"d":226832},{"pi":"370077","pc":"Автомобильные товары","ss":50000,"td":"Фешенебельный район","dc":1,"n":638.4,"vc":"29545","sl":"Элитный","sv":"44","p":350000.0,"q":27.78,"b":0.0122727272727273,"ms":10.45,"wi":634.78,"ei":14.13,"as":7357.38,"mi":"AAA","mv":421,"sc":5,"lpe":0.0,"lpr":347253.59,"lq":18.6,"d":226832},{"pi":"370077","pc":"Автомобильные товары","ss":100000,"td":"Фешенебельный район","dc":1,"n":702.05,"vc":"150925","sl":"Элитный","sv":"15","p":900000.0,"q":34.56,"b":0.224,"ms":3.56,"wi":634.78,"ei":14.13,"as":7357.38,"mi":"AAA","mv":421,"sc":5,"lpe":0.0,"lpr":347253.59,"lq":18.6,"d":226832},{"pi":"370077","pc":"Автомобильные товары","ss":8000,"td":"Фешенебельный район","dc":6,"n":582.95,"vc":"5928","sl":"Очень высокий","sv":"2","p":500000.0,"q":35.9,"b":0.0,"ms":0.48,"wi":634.78,"ei":14.13,"as":7357.38,"mi":"AAA","mv":421,"sc":5,"lpe":0.0,"lpr":347253.59,"lq":18.6,"d":226832},{"pi":"370077","pc":"Автомобильные товары","ss":300000,"td":"Фешенебельный район","dc":10,"n":599.34,"vc":"126839","sl":"Элитный","sv":"1","p":507300.0,"q":41.2,"b":2.02,"ms":0.03,"wi":309.9,"ei":10.27,"as":6498.89,"mi":"E","mv":2892,"sc":1,"lpe":99.97,"lpr":107923.58,"lq":1.0,"d":174530},{"pi":"370077","pc":"Автомобильные товары","ss":300000,"td":"Фешенебельный район","dc":10,"n":532.13,"vc":"98936","sl":"Элитный","sv":"23","p":41890.0,"q":41.2,"b":2.02,"ms":0.12,"wi":29.02,"ei":12.39,"as":595.84,"mi":"E","mv":18540,"sc":1,"lpe":99.88,"lpr":9059.72,"lq":1.0,"d":15840722},{"pi":"370077","pc":"Автомобильные товары","ss":300000,"td":"Фешенебельный район","dc":1,"n":728.79,"vc":"516896","sl":"Элитный","sv":"29","p":350000.0,"q":43.11,"b":1.1,"ms":1.31,"wi":155.28,"ei":13.74,"as":5804.43,"mi":"E","mv":2212,"sc":2,"lpe":97.47,"lpr":79948.82,"lq":1.0,"d":1047830},{"pi":"370077","pc":"Автомобильные товары","ss":300000,"td":"Фешенебельный район","dc":1,"n":728.79,"vc":"516896","sl":"Элитный","sv":"27","p":350000.0,"q":43.11,"b":1.1,"ms":1.22,"wi":155.28,"ei":13.74,"as":5804.43,"mi":"E","mv":2212,"sc":2,"lpe":97.47,"lpr":79948.82,"lq":1.0,"d":1047830},{"pi":"370077","pc":"Автомобильные товары","ss":300000,"td":"Фешенебельный район","dc":10,"n":603.36,"vc":"319094","sl":"Высокий","sv":"58","p":67210.0,"q":32.6,"b":0.308965517241379,"ms":0.18,"wi":98.63,"ei":5.39,"as":509.13,"mi":"E","mv":32398,"sc":1,"lpe":99.82,"lpr":14925.69,"lq":1.0,"d":2219475},{"pi":"370077","pc":"Автомобильные товары","ss":200,"td":"Фешенебельный район","dc":1,"n":303.82,"vc":"128","sl":"Элитный","sv":"25","p":10058.0,"q":25.78,"b":0.0,"ms":0.51,"wi":23.18,"ei":5.99,"as":355.57,"mi":"E","mv":4885,"sc":1,"lpe":99.49,"lpr":8973.52,"lq":1.0,"d":1337489},{"pi":"370077","pc":"Автомобильные товары","ss":100000,"td":"Центр города","dc":1,"n":675.78,"vc":"150878","sl":"Элитный","sv":"503","p":3080.0,"q":15.74,"b":3.5,"ms":47.36,"wi":55.65,"ei":7.42,"as":313.33,"mi":"E","mv":1062,"sc":1,"lpe":52.64,"lpr":601.0,"lq":4.96,"d":59241},{"pi":"370077","pc":"Автомобильные товары","ss":30100,"td":"Центр города","dc":1,"n":342.53,"vc":"44801","sl":"Элитный","sv":"1","p":17703.73,"q":18.26,"b":0.43,"ms":0.0,"wi":42.37,"ei":15.82,"as":573.53,"mi":"E","mv":57175,"sc":1,"lpe":100.0,"lpr":10575.03,"lq":1.0,"d":5702829},{"pi":"370077","pc":"Автомобильные товары","ss":300000,"td":"Фешенебельный район","dc":10,"n":592.62,"vc":"257868","sl":"Очень высокий","sv":"160","p":126700.0,"q":41.2,"b":1.97,"ms":0.42,"wi":109.91,"ei":9.26,"as":1343.18,"mi":"E","mv":37874,"sc":1,"lpe":99.58,"lpr":27271.79,"lq":1.0,"d":1964175},{"pi":"370077","pc":"Автомобильные товары","ss":300000,"td":"Фешенебельный район","dc":10,"n":597.85,"vc":"150201","sl":"Элитный","sv":"2","p":101300.0,"q":32.62,"b":0.33,"ms":0.04,"wi":86.73,"ei":12.31,"as":1047.78,"mi":"E","mv":5289,"sc":1,"lpe":99.96,"lpr":22612.19,"lq":1.0,"d":229544},{"pi":"370077","pc":"Автомобильные товары","ss":300000,"td":"Центр города","dc":3,"n":615.68,"vc":"2152182","sl":"Нормальный","sv":"2653","p":55000.0,"q":36.54,"b":0.0,"ms":7.73,"wi":122.6,"ei":9.62,"as":1344.56,"mi":"E","mv":34327,"sc":1,"lpe":92.27,"lpr":17227.68,"lq":2.83,"d":1252410},{"pi":"370077","pc":"Автомобильные товары","ss":300000,"td":"Фешенебельный район","dc":10,"n":532.12,"vc":"83363","sl":"Элитный","sv":"1","p":473600.0,"q":32.62,"b":0.33,"ms":0.03,"wi":178.73,"ei":14.12,"as":2218.08,"mi":"E","mv":3544,"sc":1,"lpe":99.97,"lpr":106874.44,"lq":1.0,"d":464502},{"pi":"370077","pc":"Автомобильные товары","ss":300000,"td":"Фешенебельный район","dc":10,"n":594.67,"vc":"178088","sl":"Очень высокий","sv":"2","p":178000.0,"q":32.62,"b":0.33,"ms":0.03,"wi":116.89,"ei":14.45,"as":1413.5,"mi":"E","mv":6508,"sc":1,"lpe":99.97,"lpr":39359.99,"lq":1.0,"d":747820},{"pi":"370077","pc":"Автомобильные товары","ss":100,"td":"Фешенебельный район","dc":1,"n":328.47,"vc":"27","sl":"Очень высокий","sv":"15","p":5200.0,"q":25.78,"b":0.0,"ms":0.53,"wi":40.83,"ei":6.74,"as":177.65,"mi":"E","mv":2832,"sc":1,"lpe":99.47,"lpr":4507.21,"lq":1.0,"d":343022},{"pi":"370077","pc":"Автомобильные товары","ss":10000,"td":"Окраина","dc":10,"n":325.18,"vc":"5818","sl":"Высокий","sv":"4","p":63300.0,"q":32.62,"b":0.33,"ms":0.03,"wi":129.31,"ei":5.46,"as":742.84,"mi":"E","mv":14986,"sc":2,"lpe":99.95,"lpr":14901.87,"lq":1.0,"d":673916},{"pi":"370077","pc":"Автомобильные товары","ss":10000,"td":"Окраина","dc":10,"n":325.18,"vc":"5818","sl":"Высокий","sv":"4","p":63300.0,"q":32.62,"b":0.33,"ms":0.03,"wi":129.31,"ei":5.46,"as":742.84,"mi":"E","mv":14986,"sc":2,"lpe":99.95,"lpr":14901.87,"lq":1.0,"d":673916},{"pi":"370077","pc":"Автомобильные товары","ss":300000,"td":"Спальный район","dc":1,"n":690.1,"vc":"1606364","sl":"Элитный","sv":"16","p":180000.0,"q":37.66,"b":0.0,"ms":0.03,"wi":135.18,"ei":13.62,"as":2593.17,"mi":"E","mv":51268,"sc":2,"lpe":99.96,"lpr":37482.26,"lq":1.0,"d":2062908},{"pi":"370077","pc":"Автомобильные товары","ss":300000,"td":"Фешенебельный район","dc":10,"n":532.12,"vc":"46932","sl":"Элитный","sv":"2","p":176800.0,"q":41.19,"b":2.07,"ms":0.0,"wi":135.18,"ei":13.62,"as":2593.17,"mi":"E","mv":51268,"sc":2,"lpe":99.96,"lpr":37482.26,"lq":1.0,"d":2062908},{"pi":"370077","pc":"Автомобильные товары","ss":1000,"td":"Центр города","dc":1,"n":521.01,"vc":"5345","sl":"Нормальный","sv":"125","p":109999.99,"q":32.15,"b":1.19,"ms":2.42,"wi":131.8,"ei":10.46,"as":978.13,"mi":"E","mv":5157,"sc":2,"lpe":97.09,"lpr":23122.86,"lq":1.0,"d":405609},{"pi":"370077","pc":"Автомобильные товары","ss":1000,"td":"Центр города","dc":1,"n":521.01,"vc":"5345","sl":"Нормальный","sv":"25","p":129999.99,"q":32.15,"b":1.19,"ms":0.48,"wi":131.8,"ei":10.46,"as":978.13,"mi":"E","mv":5157,"sc":2,"lpe":97.09,"lpr":23122.86,"lq":1.0,"d":405609},{"pi":"370077","pc":"Автомобильные товары","ss":1000,"td":"Центр города","dc":1,"n":20.05,"vc":"214","sl":"Элитный","sv":"13","p":55000.0,"q":25.15,"b":0.0507692307692308,"ms":0.82,"wi":75.08,"ei":5.31,"as":933.35,"mi":"E","mv":1585,"sc":1,"lpe":99.18,"lpr":16349.12,"lq":1.0,"d":262118},{"pi":"370077","pc":"Автомобильные товары","ss":100000,"td":"Центр города","dc":3,"n":367.44,"vc":"70168","sl":"Высокий","sv":"2000","p":35000.0,"q":11.0,"b":1.15,"ms":16.86,"wi":125.72,"ei":5.43,"as":584.15,"mi":"E","mv":11863,"sc":1,"lpe":83.14,"lpr":20175.13,"lq":3.23,"d":955508},{"pi":"370077","pc":"Автомобильные товары","ss":300000,"td":"Фешенебельный район","dc":10,"n":532.08,"vc":"225743","sl":"Очень высокий","sv":"187","p":72600.0,"q":32.51,"b":0.495989304812834,"ms":0.19,"wi":101.86,"ei":13.47,"as":558.63,"mi":"E","mv":99061,"sc":2,"lpe":99.67,"lpr":16717.68,"lq":1.0,"d":6041156},{"pi":"370077","pc":"Автомобильные товары","ss":10000,"td":"Фешенебельный район","dc":2,"n":421.99,"vc":"5773","sl":"Элитный","sv":"140","p":60000.0,"q":18.56,"b":0.0,"ms":0.14,"wi":101.86,"ei":13.47,"as":558.63,"mi":"E","mv":99061,"sc":2,"lpe":99.67,"lpr":16717.68,"lq":1.0,"d":6041156},{"pi":"370077","pc":"Автомобильные товары","ss":300000,"td":"Фешенебельный район","dc":10,"n":532.12,"vc":"67008","sl":"Элитный","sv":"4","p":410800.0,"q":37.51,"b":1.5525,"ms":0.02,"wi":240.92,"ei":12.05,"as":1389.82,"mi":"E","mv":19574,"sc":1,"lpe":99.98,"lpr":93079.25,"lq":1.0,"d":712064},{"pi":"370077","pc":"Автомобильные товары","ss":10000,"td":"Центр города","dc":1,"n":251.54,"vc":"4811","sl":"Элитный","sv":"87","p":183000.0,"q":28.04,"b":0.0480459770114943,"ms":1.15,"wi":248.79,"ei":12.33,"as":1612.55,"mi":"E","mv":7539,"sc":1,"lpe":98.85,"lpr":87818.88,"lq":1.0,"d":796617},{"pi":"370077","pc":"Автомобильные товары","ss":300000,"td":"Фешенебельный район","dc":10,"n":588.36,"vc":"137356","sl":"Элитный","sv":"2","p":310300.0,"q":36.91,"b":1.2,"ms":0.0,"wi":191.32,"ei":9.29,"as":1077.6,"mi":"E","mv":51197,"sc":1,"lpe":100.0,"lpr":68119.26,"lq":1.0,"d":1706344},{"pi":"370077","pc":"Автомобильные товары","ss":300000,"td":"Фешенебельный район","dc":10,"n":588.36,"vc":"88936","sl":"Элитный","sv":"20","p":53140.0,"q":41.2,"b":2.07,"ms":0.07,"wi":104.96,"ei":13.94,"as":1334.79,"mi":"E","mv":29668,"sc":1,"lpe":99.93,"lpr":11284.59,"lq":1.0,"d":1344400}]