[{"pi":"423925","pc":"Продукты питания","ss":100000,"td":"Центр города","dc":1,"n":296.87,"vc":"49199","sl":"Элитный","sv":"70","p":2400.0,"q":15.75,"b":0.0,"ms":0.02,"wi":39.06,"ei":10.43,"as":440.02,"mi":"E","mv":316871,"sc":1,"lpe":99.98,"lpr":547.45,"lq":1.0,"d":1774664},{"pi":"423925","pc":"Продукты питания","ss":1600,"td":"Центр города","dc":1,"n":238.6,"vc":"5017","sl":"Очень высокий","sv":"1500","p":500.0,"q":7.33,"b":0.0,"ms":0.04,"wi":21.09,"ei":5.96,"as":107.95,"mi":"E","mv":3910217,"sc":1,"lpe":99.96,"lpr":550.09,"lq":1.0,"d":12197086},{"pi":"423925","pc":"Продукты питания","ss":100000,"td":"Спальный район","dc":3,"n":460.26,"vc":"134358","sl":"Элитный","sv":"5466","p":759.75,"q":14.59,"b":0.0,"ms":2.09,"wi":15.12,"ei":7.61,"as":383.89,"mi":"E","mv":262036,"sc":1,"lpe":97.91,"lpr":202.33,"lq":1.0,"d":1038449},{"pi":"423925","pc":"Продукты питания","ss":20000,"td":"Спальный район","dc":2,"n":315.76,"vc":"11472","sl":"Элитный","sv":"20000","p":869.75,"q":14.63,"b":0.0,"ms":21.39,"wi":14.54,"ei":6.9,"as":390.0,"mi":"E","mv":93498,"sc":1,"lpe":78.61,"lpr":361.99,"lq":1.0,"d":1347482},{"pi":"423925","pc":"Продукты питания","ss":7500,"td":"Центр города","dc":2,"n":506.22,"vc":"32855","sl":"Нормальный","sv":"3000","p":2500.0,"q":7.33,"b":0.0,"ms":1.22,"wi":53.24,"ei":7.46,"as":830.0,"mi":"E","mv":245223,"sc":1,"lpe":98.78,"lpr":2573.98,"lq":1.0,"d":923206},{"pi":"423925","pc":"Продукты питания","ss":13500,"td":"Центр города","dc":3,"n":336.44,"vc":"15646","sl":"Очень высокий","sv":"1","p":10397.0,"q":4.98,"b":0.0,"ms":0.0,"wi":53.48,"ei":9.13,"as":1120.0,"mi":"E","mv":51921,"sc":1,"lpe":100.0,"lpr":3328.23,"lq":1.0,"d":371510},{"pi":"423925","pc":"Продукты питания","ss":100000,"td":"Центр города","dc":9,"n":462.08,"vc":"189716","sl":"Нормальный","sv":"15000","p":109.0,"q":11.25,"b":0.0,"ms":6.22,"wi":37.48,"ei":9.39,"as":1355.78,"mi":"E","mv":241228,"sc":1,"lpe":93.78,"lpr":567.74,"lq":1.0,"d":859400},{"pi":"423925","pc":"Продукты питания","ss":100000,"td":"Центр города","dc":1,"n":519.78,"vc":"805729","sl":"Очень высокий","sv":"10000","p":1200.0,"q":23.26,"b":2.75,"ms":0.31,"wi":20.04,"ei":6.23,"as":189.21,"mi":"E","mv":3245413,"sc":1,"lpe":99.69,"lpr":550.32,"lq":1.0,"d":10970686},{"pi":"423925","pc":"Продукты питания","ss":2500,"td":"Центр города","dc":1,"n":578.63,"vc":"11716","sl":"Высокий","sv":"301","p":500.0,"q":7.33,"b":0.0,"ms":0.54,"wi":19.65,"ei":8.15,"as":771.38,"mi":"E","mv":55452,"sc":1,"lpe":99.46,"lpr":550.46,"lq":1.0,"d":176553},{"pi":"423925","pc":"Продукты питания","ss":10000,"td":"Центр города","dc":1,"n":441.57,"vc":"26328","sl":"Элитный","sv":"15000","p":1250.0,"q":14.63,"b":0.0,"ms":22.12,"wi":16.7,"ei":8.34,"as":212.15,"mi":"E","mv":67811,"sc":1,"lpe":77.88,"lpr":541.22,"lq":1.02,"d":999984},{"pi":"423925","pc":"Продукты питания","ss":30000,"td":"Спальный район","dc":2,"n":402.52,"vc":"28311","sl":"Элитный","sv":"15000","p":901.33,"q":14.63,"b":0.0,"ms":5.96,"wi":25.95,"ei":7.02,"as":404.87,"mi":"E","mv":251508,"sc":1,"lpe":94.04,"lpr":520.21,"lq":1.0,"d":641370},{"pi":"423925","pc":"Продукты питания","ss":10000,"td":"Центр города","dc":2,"n":164.51,"vc":"4872","sl":"Элитный","sv":"3000","p":800.0,"q":7.33,"b":0.0,"ms":0.79,"wi":32.5,"ei":8.75,"as":394.01,"mi":"E","mv":379995,"sc":1,"lpe":99.21,"lpr":938.34,"lq":1.0,"d":2812406},{"pi":"423925","pc":"Продукты питания","ss":16200,"td":"Фешенебельный район","dc":7,"n":383.36,"vc":"8253","sl":"Очень высокий","sv":"15000","p":159.0,"q":11.25,"b":0.0,"ms":0.39,"wi":51.68,"ei":9.19,"as":1176.8,"mi":"E","mv":3808122,"sc":1,"lpe":99.61,"lpr":933.68,"lq":1.0,"d":10648221},{"pi":"423925","pc":"Продукты питания","ss":300000,"td":"Фешенебельный район","dc":1,"n":672.47,"vc":"1325710","sl":"Элитный","sv":"9502","p":4000.0,"q":4.98,"b":0.0,"ms":0.14,"wi":53.02,"ei":6.8,"as":488.79,"mi":"E","mv":6775055,"sc":1,"lpe":99.86,"lpr":1280.02,"lq":1.0,"d":14905102}]