[{"pi":"424207","pc":"Автомобильные товары","ss":100000,"td":"Центр города","dc":1,"n":548.77,"vc":"563880","sl":"Очень высокий","sv":"97","p":1.0E7,"q":74.9,"b":3.89,"ms":9.93,"wi":66.51,"ei":8.76,"as":347.78,"mi":"E","mv":977,"sc":2,"lpe":89.05,"lpr":1129042.87,"lq":2.73,"d":1784134},{"pi":"424207","pc":"Автомобильные товары","ss":10000,"td":"Центр города","dc":2,"n":185.67,"vc":"4858","sl":"Элитный","sv":"10","p":2199999.0,"q":26.04,"b":0.0,"ms":1.02,"wi":66.51,"ei":8.76,"as":347.78,"mi":"E","mv":977,"sc":2,"lpe":89.05,"lpr":1129042.87,"lq":2.73,"d":1784134},{"pi":"424207","pc":"Автомобильные товары","ss":10000,"td":"Центр города","dc":2,"n":268.9,"vc":"5206","sl":"Элитный","sv":"10","p":1899999.0,"q":26.04,"b":0.0,"ms":4.85,"wi":62.27,"ei":13.35,"as":674.99,"mi":"E","mv":206,"sc":1,"lpe":95.15,"lpr":1379142.89,"lq":1.0,"d":374441},{"pi":"424207","pc":"Автомобильные товары","ss":100000,"td":"Фешенебельный район","dc":1,"n":517.33,"vc":"155270","sl":"Элитный","sv":"100","p":2000000.0,"q":88.32,"b":0.0,"ms":1.94,"wi":50.66,"ei":10.64,"as":327.0,"mi":"E","mv":5148,"sc":1,"lpe":98.06,"lpr":1058656.31,"lq":1.0,"d":7537390},{"pi":"424207","pc":"Автомобильные товары","ss":200,"td":"Фешенебельный район","dc":3,"n":224.44,"vc":"50","sl":"Элитный","sv":"1","p":3500000.0,"q":21.02,"b":0.0,"ms":0.81,"wi":98.37,"ei":9.51,"as":549.44,"mi":"E","mv":123,"sc":1,"lpe":99.19,"lpr":2775644.28,"lq":1.0,"d":282688},{"pi":"424207","pc":"Автомобильные товары","ss":100000,"td":"Фешенебельный район","dc":1,"n":493.84,"vc":"58950","sl":"Элитный","sv":"12","p":1.0E7,"q":88.17,"b":4.55,"ms":5.22,"wi":133.52,"ei":10.32,"as":1582.16,"mi":"E","mv":230,"sc":1,"lpe":94.78,"lpr":366350.86,"lq":5.31,"d":903081},{"pi":"424207","pc":"Автомобильные товары","ss":10000,"td":"Центр города","dc":2,"n":311.12,"vc":"5535","sl":"Элитный","sv":"10","p":869999.0,"q":26.04,"b":0.0,"ms":7.52,"wi":24.79,"ei":5.22,"as":302.26,"mi":"E","mv":133,"sc":1,"lpe":92.48,"lpr":692681.8,"lq":1.0,"d":182800},{"pi":"424207","pc":"Автомобильные товары","ss":10000,"td":"Центр города","dc":2,"n":289.61,"vc":"5364","sl":"Элитный","sv":"10","p":1399999.0,"q":26.04,"b":0.0,"ms":5.78,"wi":43.59,"ei":7.31,"as":476.27,"mi":"E","mv":173,"sc":1,"lpe":94.22,"lpr":1165229.41,"lq":1.0,"d":263256},{"pi":"424207","pc":"Автомобильные товары","ss":300000,"td":"Фешенебельный район","dc":4,"n":474.38,"vc":"152404","sl":"Элитный","sv":"17","p":1775789.09,"q":69.38,"b":0.0,"ms":0.63,"wi":62.0,"ei":7.93,"as":546.66,"mi":"E","mv":2705,"sc":1,"lpe":99.37,"lpr":1677293.29,"lq":1.0,"d":7101416},{"pi":"424207","pc":"Автомобильные товары","ss":100000,"td":"Центр города","dc":1,"n":426.48,"vc":"507448","sl":"Очень высокий","sv":"1564","p":3500000.0,"q":91.33,"b":0.0,"ms":30.09,"wi":89.7,"ei":7.81,"as":615.72,"mi":"E","mv":5198,"sc":1,"lpe":69.91,"lpr":2283092.46,"lq":2.09,"d":11929900},{"pi":"424207","pc":"Автомобильные товары","ss":10000,"td":"Центр города","dc":2,"n":249.21,"vc":"5081","sl":"Элитный","sv":"10","p":1142999.0,"q":26.04,"b":0.0,"ms":2.79,"wi":48.51,"ei":15.71,"as":380.15,"mi":"E","mv":359,"sc":1,"lpe":97.21,"lpr":1177959.4,"lq":1.0,"d":545196},{"pi":"424207","pc":"Автомобильные товары","ss":10000,"td":"Центр города","dc":2,"n":219.38,"vc":"4940","sl":"Элитный","sv":"10","p":1179999.0,"q":26.04,"b":0.0,"ms":1.58,"wi":56.24,"ei":7.07,"as":380.48,"mi":"E","mv":633,"sc":1,"lpe":98.42,"lpr":1184789.78,"lq":1.0,"d":917721},{"pi":"424207","pc":"Автомобильные товары","ss":10000,"td":"Центр города","dc":2,"n":255.1,"vc":"5116","sl":"Элитный","sv":"10","p":1399999.0,"q":26.04,"b":0.0,"ms":3.09,"wi":53.32,"ei":6.45,"as":372.85,"mi":"E","mv":324,"sc":1,"lpe":96.91,"lpr":1055049.86,"lq":1.0,"d":476878},{"pi":"424207","pc":"Автомобильные товары","ss":100000,"td":"Фешенебельный район","dc":1,"n":504.87,"vc":"160342","sl":"Элитный","sv":"100","p":4500000.0,"q":88.32,"b":0.0,"ms":2.83,"wi":166.72,"ei":9.88,"as":2625.25,"mi":"E","mv":3529,"sc":1,"lpe":97.17,"lpr":8115045.57,"lq":1.0,"d":11635600},{"pi":"424207","pc":"Автомобильные товары","ss":100000,"td":"Центр города","dc":1,"n":538.06,"vc":"607198","sl":"Очень высокий","sv":"129","p":1.5E7,"q":74.9,"b":4.95,"ms":9.98,"wi":194.76,"ei":9.63,"as":1210.0,"mi":"E","mv":1292,"sc":1,"lpe":90.02,"lpr":2476875.42,"lq":1.11,"d":2958984},{"pi":"424207","pc":"Автомобильные товары","ss":100000,"td":"Центр города","dc":1,"n":430.72,"vc":"513780","sl":"Очень высокий","sv":"68","p":1200000.0,"q":91.33,"b":0.0,"ms":0.91,"wi":48.27,"ei":9.23,"as":380.0,"mi":"E","mv":7509,"sc":1,"lpe":99.09,"lpr":1177945.1,"lq":1.0,"d":11000140},{"pi":"424207","pc":"Автомобильные товары","ss":100000,"td":"Фешенебельный район","dc":2,"n":536.88,"vc":"38791","sl":"Элитный","sv":"10","p":5000000.0,"q":88.2,"b":0.0,"ms":5.26,"wi":86.27,"ei":7.92,"as":629.84,"mi":"E","mv":190,"sc":1,"lpe":94.74,"lpr":903884.42,"lq":1.0,"d":266710},{"pi":"424207","pc":"Автомобильные товары","ss":300000,"td":"Фешенебельный район","dc":9,"n":497.37,"vc":"140384","sl":"Элитный","sv":"8","p":1.509757796E7,"q":69.36,"b":0.0,"ms":0.68,"wi":171.48,"ei":10.04,"as":2283.46,"mi":"E","mv":1170,"sc":1,"lpe":99.32,"lpr":6787729.09,"lq":1.0,"d":2986744},{"pi":"424207","pc":"Автомобильные товары","ss":300000,"td":"Фешенебельный район","dc":10,"n":536.81,"vc":"181132","sl":"Очень высокий","sv":"23","p":9006742.8,"q":69.36,"b":0.0,"ms":2.21,"wi":125.88,"ei":10.29,"as":1744.48,"mi":"E","mv":1039,"sc":1,"lpe":97.79,"lpr":3785683.48,"lq":1.0,"d":2094907},{"pi":"424207","pc":"Автомобильные товары","ss":100000,"td":"Фешенебельный район","dc":1,"n":601.73,"vc":"213345","sl":"Элитный","sv":"80","p":4000000.0,"q":88.32,"b":0.0,"ms":8.38,"wi":172.43,"ei":9.83,"as":2165.58,"mi":"E","mv":955,"sc":1,"lpe":91.62,"lpr":2437692.29,"lq":1.0,"d":1838430},{"pi":"424207","pc":"Автомобильные товары","ss":100000,"td":"Центр города","dc":1,"n":434.64,"vc":"167050","sl":"Элитный","sv":"72","p":2940000.0,"q":23.41,"b":0.0,"ms":8.24,"wi":62.59,"ei":7.65,"as":519.76,"mi":"E","mv":874,"sc":1,"lpe":91.76,"lpr":1075397.38,"lq":1.0,"d":1269608},{"pi":"424207","pc":"Автомобильные товары","ss":100000,"td":"Центр города","dc":1,"n":497.77,"vc":"250472","sl":"Элитный","sv":"47","p":7000000.0,"q":74.9,"b":6.0,"ms":9.55,"wi":57.75,"ei":13.23,"as":229.8,"mi":"E","mv":492,"sc":1,"lpe":90.45,"lpr":956391.15,"lq":1.0,"d":1249711},{"pi":"424207","pc":"Автомобильные товары","ss":100000,"td":"Фешенебельный район","dc":1,"n":679.29,"vc":"364852","sl":"Элитный","sv":"26","p":7000000.0,"q":98.25,"b":0.0,"ms":5.83,"wi":101.65,"ei":9.63,"as":1310.12,"mi":"E","mv":446,"sc":1,"lpe":94.17,"lpr":351325.87,"lq":1.16,"d":1011386},{"pi":"424207","pc":"Автомобильные товары","ss":100000,"td":"Фешенебельный район","dc":1,"n":679.18,"vc":"383268","sl":"Элитный","sv":"100","p":5000000.0,"q":88.32,"b":0.0,"ms":13.79,"wi":149.8,"ei":10.5,"as":2028.6,"mi":"E","mv":725,"sc":1,"lpe":86.21,"lpr":879655.87,"lq":2.12,"d":1167470},{"pi":"424207","pc":"Автомобильные товары","ss":10000,"td":"Центр города","dc":2,"n":332.3,"vc":"5766","sl":"Элитный","sv":"10","p":1199999.0,"q":26.04,"b":0.0,"ms":10.2,"wi":34.18,"ei":9.16,"as":412.47,"mi":"E","mv":98,"sc":1,"lpe":89.8,"lpr":1048821.02,"lq":2.14,"d":131326},{"pi":"424207","pc":"Автомобильные товары","ss":100000,"td":"Фешенебельный район","dc":1,"n":569.15,"vc":"144418","sl":"Элитный","sv":"100","p":4000000.0,"q":88.32,"b":0.0,"ms":3.23,"wi":51.27,"ei":6.64,"as":370.86,"mi":"E","mv":3100,"sc":2,"lpe":96.52,"lpr":1096318.4,"lq":1.0,"d":4700000},{"pi":"424207","pc":"Автомобильные товары","ss":300000,"td":"Фешенебельный район","dc":9,"n":477.82,"vc":"136343","sl":"Элитный","sv":"8","p":2895433.2,"q":69.36,"b":0.0,"ms":0.26,"wi":51.27,"ei":6.64,"as":370.86,"mi":"E","mv":3100,"sc":2,"lpe":96.52,"lpr":1096318.4,"lq":1.0,"d":4700000},{"pi":"424207","pc":"Автомобильные товары","ss":100000,"td":"Фешенебельный район","dc":1,"n":627.76,"vc":"348178","sl":"Элитный","sv":"500","p":8000000.0,"q":88.32,"b":0.0,"ms":27.64,"wi":187.03,"ei":10.4,"as":1951.81,"mi":"E","mv":1809,"sc":1,"lpe":72.36,"lpr":2496042.94,"lq":6.16,"d":3644912},{"pi":"424207","pc":"Автомобильные товары","ss":1000,"td":"Центр города","dc":1,"n":338.35,"vc":"2358","sl":"Очень высокий","sv":"30","p":1800000.0,"q":23.34,"b":0.0,"ms":7.13,"wi":63.23,"ei":7.28,"as":458.84,"mi":"E","mv":421,"sc":1,"lpe":92.87,"lpr":1188539.49,"lq":1.0,"d":605030},{"pi":"424207","pc":"Автомобильные товары","ss":300000,"td":"Центр города","dc":2,"n":484.58,"vc":"1794342","sl":"Высокий","sv":"250","p":1.0E7,"q":88.2,"b":5.0,"ms":6.43,"wi":77.84,"ei":9.4,"as":711.83,"mi":"E","mv":3890,"sc":1,"lpe":93.57,"lpr":2197522.24,"lq":1.0,"d":8555500},{"pi":"424207","pc":"Автомобильные товары","ss":100000,"td":"Фешенебельный район","dc":1,"n":447.99,"vc":"47502","sl":"Элитный","sv":"20","p":1.0E7,"q":88.2,"b":4.55,"ms":4.63,"wi":124.59,"ei":9.54,"as":1713.73,"mi":"E","mv":432,"sc":1,"lpe":95.37,"lpr":399381.89,"lq":16.34,"d":1717617},{"pi":"424207","pc":"Автомобильные товары","ss":100000,"td":"Фешенебельный район","dc":2,"n":472.68,"vc":"45952","sl":"Элитный","sv":"250","p":5000000.0,"q":88.2,"b":0.0,"ms":14.45,"wi":116.8,"ei":9.19,"as":733.47,"mi":"E","mv":1730,"sc":1,"lpe":85.55,"lpr":2034794.51,"lq":4.95,"d":2524834},{"pi":"424207","pc":"Автомобильные товары","ss":100000,"td":"Центр города","dc":1,"n":418.95,"vc":"503574","sl":"Очень высокий","sv":"2689","p":700000.0,"q":91.33,"b":0.0,"ms":30.0,"wi":35.98,"ei":8.28,"as":251.65,"mi":"E","mv":8964,"sc":2,"lpe":69.7,"lpr":565271.88,"lq":1.38,"d":14352508},{"pi":"424207","pc":"Автомобильные товары","ss":100000,"td":"Центр города","dc":1,"n":20.63,"vc":"7287","sl":"Элитный","sv":"27","p":1700000.0,"q":23.41,"b":0.0,"ms":0.3,"wi":35.98,"ei":8.28,"as":251.65,"mi":"E","mv":8964,"sc":2,"lpe":69.7,"lpr":565271.88,"lq":1.38,"d":14352508}]