[{"d":"06.11.2017","r":1.0,"q":2.67,"p":2.5E9,"s":[{"cn":"optcn Инвест","ui":"7305762","t":1.0,"r":1.0,"q":2.67,"p":2.5E9,"mot":"U","mo":1.0},{"cn":"","ui":"","t":0.0,"r":0.0,"q":0.0,"p":0.0,"mot":"L","mo":0.0}]},{"d":"09.11.2017","r":8.0,"q":4.31,"p":9.75E8,"s":[{"cn":"XUGOST Финанс","ui":"7171502","t":7.0,"r":7.0,"q":4.54,"p":9.0E8,"mot":"U","mo":7.0},{"cn":"optcn Инвест","ui":"7305762","t":1.0,"r":1.0,"q":2.67,"p":1.5E9,"mot":"U","mo":1.0},{"cn":"","ui":"","t":0.0,"r":0.0,"q":0.0,"p":0.0,"mot":"L","mo":0.0}]},{"d":"10.11.2017","r":8.0,"q":4.54,"p":9.0E8,"s":[{"cn":"XUGOST Финанс","ui":"7171502","t":8.0,"r":8.0,"q":4.54,"p":9.0E8,"mot":"U","mo":8.0},{"cn":"","ui":"","t":0.0,"r":0.0,"q":0.0,"p":0.0,"mot":"L","mo":0.0}]},{"d":"13.11.2017","r":10.0,"q":4.53,"p":9.0E8,"s":[{"cn":"XUGOST Финанс","ui":"7171502","t":10.0,"r":10.0,"q":4.53,"p":9.0E8,"mot":"U","mo":10.0},{"cn":"","ui":"","t":0.0,"r":0.0,"q":0.0,"p":0.0,"mot":"L","mo":0.0}]},{"d":"14.11.2017","r":12.0,"q":4.38,"p":9.9166666667E8,"s":[{"cn":"XUGOST Финанс","ui":"7171502","t":11.0,"r":11.0,"q":4.53,"p":9.0E8,"mot":"U","mo":11.0},{"cn":"optcn Инвест","ui":"7305762","t":1.0,"r":1.0,"q":2.67,"p":2.0E9,"mot":"U","mo":1.0},{"cn":"","ui":"","t":0.0,"r":0.0,"q":0.0,"p":0.0,"mot":"L","mo":0.0}]},{"d":"15.11.2017","r":9.0,"q":4.53,"p":9.0E8,"s":[{"cn":"XUGOST Финанс","ui":"7171502","t":9.0,"r":9.0,"q":4.53,"p":9.0E8,"mot":"U","mo":9.0},{"cn":"","ui":"","t":0.0,"r":0.0,"q":0.0,"p":0.0,"mot":"L","mo":0.0}]},{"d":"16.11.2017","r":10.0,"q":4.52,"p":9.0E8,"s":[{"cn":"XUGOST Финанс","ui":"7171502","t":10.0,"r":10.0,"q":4.52,"p":9.0E8,"mot":"U","mo":10.0},{"cn":"","ui":"","t":0.0,"r":0.0,"q":0.0,"p":0.0,"mot":"L","mo":0.0}]},{"d":"17.11.2017","r":11.0,"q":4.52,"p":9.0E8,"s":[{"cn":"XUGOST Финанс","ui":"7171502","t":11.0,"r":11.0,"q":4.52,"p":9.0E8,"mot":"U","mo":11.0},{"cn":"","ui":"","t":0.0,"r":0.0,"q":0.0,"p":0.0,"mot":"L","mo":0.0}]},{"d":"20.11.2017","r":14.0,"q":4.51,"p":9.0E8,"s":[{"cn":"XUGOST Финанс","ui":"7171502","t":14.0,"r":14.0,"q":4.51,"p":9.0E8,"mot":"U","mo":14.0},{"cn":"","ui":"","t":0.0,"r":0.0,"q":0.0,"p":0.0,"mot":"L","mo":0.0}]},{"d":"21.11.2017","r":15.0,"q":4.51,"p":9.0E8,"s":[{"cn":"XUGOST Финанс","ui":"7171502","t":15.0,"r":15.0,"q":4.51,"p":9.0E8,"mot":"U","mo":15.0},{"cn":"","ui":"","t":0.0,"r":0.0,"q":0.0,"p":0.0,"mot":"L","mo":0.0}]},{"d":"22.11.2017","r":10.0,"q":4.5,"p":9.0E8,"s":[{"cn":"XUGOST Финанс","ui":"7171502","t":10.0,"r":10.0,"q":4.5,"p":9.0E8,"mot":"U","mo":10.0},{"cn":"","ui":"","t":0.0,"r":0.0,"q":0.0,"p":0.0,"mot":"L","mo":0.0}]},{"d":"23.11.2017","r":11.0,"q":4.5,"p":9.0E8,"s":[{"cn":"XUGOST Финанс","ui":"7171502","t":11.0,"r":11.0,"q":4.5,"p":9.0E8,"mot":"U","mo":11.0},{"cn":"","ui":"","t":0.0,"r":0.0,"q":0.0,"p":0.0,"mot":"L","mo":0.0}]},{"d":"24.11.2017","r":12.0,"q":4.5,"p":9.0E8,"s":[{"cn":"XUGOST Финанс","ui":"7171502","t":12.0,"r":12.0,"q":4.5,"p":9.0E8,"mot":"U","mo":12.0},{"cn":"","ui":"","t":0.0,"r":0.0,"q":0.0,"p":0.0,"mot":"L","mo":0.0}]},{"d":"27.11.2017","r":15.0,"q":4.49,"p":9.0E8,"s":[{"cn":"XUGOST Финанс","ui":"7171502","t":15.0,"r":15.0,"q":4.49,"p":9.0E8,"mot":"U","mo":15.0},{"cn":"","ui":"","t":0.0,"r":0.0,"q":0.0,"p":0.0,"mot":"L","mo":0.0}]},{"d":"28.11.2017","r":15.0,"q":4.49,"p":8.0E8,"s":[{"cn":"XUGOST Финанс","ui":"7171502","t":15.0,"r":15.0,"q":4.49,"p":8.0E8,"mot":"U","mo":15.0},{"cn":"","ui":"","t":0.0,"r":0.0,"q":0.0,"p":0.0,"mot":"L","mo":0.0}]},{"d":"29.11.2017","r":2.0,"q":3.07,"p":2.0E9,"s":[{"cn":"optcn Инвест","ui":"7305762","t":2.0,"r":2.0,"q":3.07,"p":2.0E9,"mot":"U","mo":2.0},{"cn":"","ui":"","t":0.0,"r":0.0,"q":0.0,"p":0.0,"mot":"L","mo":0.0}]},{"d":"27.04.2018","r":15.0,"q":6.56,"p":1.9E9,"s":[{"cn":"optcn Инвест","ui":"7305762","t":15.0,"r":15.0,"q":6.56,"p":1.9E9,"mot":"U","mo":15.0},{"cn":"","ui":"","t":0.0,"r":0.0,"q":0.0,"p":0.0,"mot":"L","mo":0.0}]},{"d":"07.08.2018","r":1.0,"q":14.07,"p":2.0E9,"s":[{"cn":"Bioinvest","ui":"7221894","t":1.0,"r":1.0,"q":14.07,"p":2.0E9,"mot":"U","mo":1.0},{"cn":"","ui":"","t":0.0,"r":0.0,"q":0.0,"p":0.0,"mot":"L","mo":0.0}]},{"d":"08.08.2018","r":2.0,"q":1.0,"p":5.0E9,"s":[{"cn":"Олимп Трейд","ui":"7653817","t":2.0,"r":2.0,"q":1.0,"p":5.0E9,"mot":"U","mo":2.0},{"cn":"","ui":"","t":0.0,"r":0.0,"q":0.0,"p":0.0,"mot":"L","mo":0.0}]},{"d":"13.08.2018","r":2.0,"q":1.0,"p":4.9E9,"s":[{"cn":"Олимп Трейд","ui":"7653817","t":2.0,"r":2.0,"q":1.0,"p":4.9E9,"mot":"U","mo":2.0},{"cn":"","ui":"","t":0.0,"r":0.0,"q":0.0,"p":0.0,"mot":"L","mo":0.0}]},{"d":"14.08.2018","r":2.0,"q":1.0,"p":4.8E9,"s":[{"cn":"Олимп Трейд","ui":"7653817","t":2.0,"r":2.0,"q":1.0,"p":4.8E9,"mot":"U","mo":2.0},{"cn":"","ui":"","t":0.0,"r":0.0,"q":0.0,"p":0.0,"mot":"L","mo":0.0}]},{"d":"28.08.2018","r":2.0,"q":1.0,"p":4.7E9,"s":[{"cn":"Олимп Трейд","ui":"7653817","t":2.0,"r":2.0,"q":1.0,"p":4.7E9,"mot":"U","mo":2.0},{"cn":"","ui":"","t":0.0,"r":0.0,"q":0.0,"p":0.0,"mot":"L","mo":0.0}]},{"d":"25.09.2018","r":2.0,"q":1.0,"p":4.0E9,"s":[{"cn":"Олимп Трейд","ui":"7653817","t":2.0,"r":2.0,"q":1.0,"p":4.0E9,"mot":"U","mo":2.0},{"cn":"","ui":"","t":0.0,"r":0.0,"q":0.0,"p":0.0,"mot":"L","mo":0.0}]},{"d":"28.09.2018","r":2.0,"q":1.0,"p":3.8E9,"s":[{"cn":"Олимп Трейд","ui":"7653817","t":2.0,"r":2.0,"q":1.0,"p":3.8E9,"mot":"U","mo":2.0},{"cn":"","ui":"","t":0.0,"r":0.0,"q":0.0,"p":0.0,"mot":"L","mo":0.0}]},{"d":"11.02.2019","r":2.0,"q":1.0,"p":2.9E9,"s":[{"cn":"Олимп Трейд","ui":"7653817","t":2.0,"r":2.0,"q":1.0,"p":2.9E9,"mot":"U","mo":2.0},{"cn":"","ui":"","t":0.0,"r":0.0,"q":0.0,"p":0.0,"mot":"L","mo":0.0}]},{"d":"17.04.2019","r":2.0,"q":1.0,"p":2.5E9,"s":[{"cn":"Олимп Трейд","ui":"7653817","t":2.0,"r":2.0,"q":1.0,"p":2.5E9,"mot":"U","mo":2.0},{"cn":"","ui":"","t":0.0,"r":0.0,"q":0.0,"p":0.0,"mot":"L","mo":0.0}]},{"d":"18.04.2019","r":2.0,"q":1.0,"p":2.3E9,"s":[{"cn":"Олимп Трейд","ui":"7653817","t":2.0,"r":2.0,"q":1.0,"p":2.3E9,"mot":"U","mo":2.0},{"cn":"","ui":"","t":0.0,"r":0.0,"q":0.0,"p":0.0,"mot":"L","mo":0.0}]},{"d":"22.04.2019","r":2.0,"q":1.0,"p":2.0E9,"s":[{"cn":"Олимп Трейд","ui":"7653817","t":2.0,"r":2.0,"q":1.0,"p":2.0E9,"mot":"U","mo":2.0},{"cn":"","ui":"","t":0.0,"r":0.0,"q":0.0,"p":0.0,"mot":"L","mo":0.0}]},{"d":"22.05.2019","r":2.0,"q":14.94,"p":8.0E9,"s":[{"cn":"Bioinvest","ui":"7221894","t":10.0,"r":10.0,"q":14.94,"p":8.0E9,"mot":"L","mo":2.0},{"cn":"","ui":"","t":0.0,"r":0.0,"q":0.0,"p":0.0,"mot":"L","mo":0.0}]},{"d":"23.05.2019","r":2.0,"q":14.86,"p":8.0E9,"s":[{"cn":"Bioinvest","ui":"7221894","t":12.0,"r":12.0,"q":14.86,"p":8.0E9,"mot":"L","mo":2.0},{"cn":"","ui":"","t":0.0,"r":0.0,"q":0.0,"p":0.0,"mot":"L","mo":0.0}]},{"d":"30.05.2019","r":2.0,"q":14.86,"p":8.0E9,"s":[{"cn":"Bioinvest","ui":"7221894","t":12.0,"r":10.0,"q":14.86,"p":8.0E9,"mot":"L","mo":2.0},{"cn":"","ui":"","t":0.0,"r":0.0,"q":0.0,"p":0.0,"mot":"L","mo":0.0}]},{"d":"31.05.2019","r":2.0,"q":14.86,"p":8.0E9,"s":[{"cn":"Bioinvest","ui":"7221894","t":10.0,"r":10.0,"q":14.86,"p":8.0E9,"mot":"L","mo":2.0},{"cn":"","ui":"","t":0.0,"r":0.0,"q":0.0,"p":0.0,"mot":"L","mo":0.0}]},{"d":"04.06.2019","r":2.0,"q":14.76,"p":8.0E9,"s":[{"cn":"Bioinvest","ui":"7221894","t":14.0,"r":14.0,"q":14.76,"p":8.0E9,"mot":"L","mo":2.0},{"cn":"","ui":"","t":0.0,"r":0.0,"q":0.0,"p":0.0,"mot":"L","mo":0.0}]},{"d":"07.06.2019","r":2.0,"q":14.76,"p":6.0E9,"s":[{"cn":"Bioinvest","ui":"7221894","t":14.0,"r":14.0,"q":14.76,"p":6.0E9,"mot":"L","mo":2.0},{"cn":"","ui":"","t":0.0,"r":0.0,"q":0.0,"p":0.0,"mot":"L","mo":0.0}]},{"d":"18.06.2019","r":2.0,"q":14.76,"p":4.0E9,"s":[{"cn":"Bioinvest","ui":"7221894","t":14.0,"r":14.0,"q":14.76,"p":4.0E9,"mot":"L","mo":2.0},{"cn":"","ui":"","t":0.0,"r":0.0,"q":0.0,"p":0.0,"mot":"L","mo":0.0}]},{"d":"12.08.2019","r":2.0,"q":14.76,"p":4.0E9,"s":[{"cn":"Bioinvest","ui":"7221894","t":15.0,"r":15.0,"q":14.76,"p":4.0E9,"mot":"L","mo":2.0},{"cn":"","ui":"","t":0.0,"r":0.0,"q":0.0,"p":0.0,"mot":"L","mo":0.0}]},{"d":"14.08.2019","r":2.0,"q":14.76,"p":3.5E9,"s":[{"cn":"Bioinvest","ui":"7221894","t":14.0,"r":14.0,"q":14.76,"p":3.5E9,"mot":"L","mo":2.0},{"cn":"","ui":"","t":0.0,"r":0.0,"q":0.0,"p":0.0,"mot":"L","mo":0.0}]},{"d":"29.08.2019","r":2.0,"q":14.76,"p":4.0E9,"s":[{"cn":"Bioinvest","ui":"7221894","t":13.0,"r":13.0,"q":14.76,"p":4.0E9,"mot":"L","mo":2.0},{"cn":"","ui":"","t":0.0,"r":0.0,"q":0.0,"p":0.0,"mot":"L","mo":0.0}]},{"d":"04.09.2019","r":2.0,"q":14.76,"p":4.0E9,"s":[{"cn":"Bioinvest","ui":"7221894","t":12.0,"r":12.0,"q":14.76,"p":4.0E9,"mot":"L","mo":2.0},{"cn":"","ui":"","t":0.0,"r":0.0,"q":0.0,"p":0.0,"mot":"L","mo":0.0}]},{"d":"18.09.2019","r":11.0,"q":14.76,"p":4.0E9,"s":[{"cn":"Bioinvest","ui":"7221894","t":11.0,"r":11.0,"q":14.76,"p":4.0E9,"mot":"U","mo":11.0},{"cn":"","ui":"","t":0.0,"r":0.0,"q":0.0,"p":0.0,"mot":"L","mo":0.0}]},{"d":"20.09.2019","r":12.0,"q":15.32,"p":2.7E9,"s":[{"cn":"Bioinvest","ui":"7221894","t":12.0,"r":12.0,"q":15.32,"p":2.7E9,"mot":"U","mo":12.0},{"cn":"","ui":"","t":0.0,"r":0.0,"q":0.0,"p":0.0,"mot":"L","mo":0.0}]},{"d":"23.09.2019","r":16.0,"q":17.12,"p":2.7E9,"s":[{"cn":"Bioinvest","ui":"7221894","t":16.0,"r":16.0,"q":17.12,"p":2.7E9,"mot":"U","mo":16.0},{"cn":"","ui":"","t":0.0,"r":0.0,"q":0.0,"p":0.0,"mot":"L","mo":0.0}]},{"d":"27.09.2019","r":2.0,"q":23.65,"p":2.5E9,"s":[{"cn":"Bioinvest","ui":"7221894","t":2.0,"r":2.0,"q":23.65,"p":2.5E9,"mot":"U","mo":2.0},{"cn":"","ui":"","t":0.0,"r":0.0,"q":0.0,"p":0.0,"mot":"L","mo":0.0}]},{"d":"07.10.2019","r":5.0,"q":24.9,"p":2.5E9,"s":[{"cn":"Bioinvest","ui":"7221894","t":5.0,"r":5.0,"q":24.9,"p":2.5E9,"mot":"U","mo":5.0},{"cn":"","ui":"","t":0.0,"r":0.0,"q":0.0,"p":0.0,"mot":"L","mo":0.0}]},{"d":"09.10.2019","r":4.0,"q":24.9,"p":2.5E9,"s":[{"cn":"Bioinvest","ui":"7221894","t":4.0,"r":4.0,"q":24.9,"p":2.5E9,"mot":"U","mo":4.0},{"cn":"","ui":"","t":0.0,"r":0.0,"q":0.0,"p":0.0,"mot":"L","mo":0.0}]},{"d":"14.10.2019","r":1.0,"q":1.77,"p":4.0E9,"s":[{"cn":"sammit","ui":"7905869","t":1.0,"r":1.0,"q":1.77,"p":4.0E9,"mot":"U","mo":1.0},{"cn":"","ui":"","t":0.0,"r":0.0,"q":0.0,"p":0.0,"mot":"L","mo":0.0}]},{"d":"03.02.2020","r":2.0,"q":1.16,"p":9.0E9,"s":[{"cn":"sammit","ui":"7905869","t":2.0,"r":2.0,"q":1.16,"p":9.0E9,"mot":"U","mo":2.0},{"cn":"","ui":"","t":0.0,"r":0.0,"q":0.0,"p":0.0,"mot":"L","mo":0.0}]},{"d":"03.03.2020","r":4.0,"q":2.8,"p":9.0E9,"s":[{"cn":"sammit","ui":"7905869","t":6.0,"r":4.0,"q":2.8,"p":9.0E9,"mot":"U","mo":4.0},{"cn":"","ui":"","t":0.0,"r":0.0,"q":0.0,"p":0.0,"mot":"L","mo":0.0}]},{"d":"04.03.2020","r":4.0,"q":2.8,"p":7.0E9,"s":[{"cn":"sammit","ui":"7905869","t":5.0,"r":4.0,"q":2.8,"p":7.0E9,"mot":"U","mo":4.0},{"cn":"","ui":"","t":0.0,"r":0.0,"q":0.0,"p":0.0,"mot":"L","mo":0.0}]},{"d":"05.03.2020","r":3.0,"q":2.8,"p":7.0E9,"s":[{"cn":"sammit","ui":"7905869","t":4.0,"r":3.0,"q":2.8,"p":7.0E9,"mot":"U","mo":3.0},{"cn":"","ui":"","t":0.0,"r":0.0,"q":0.0,"p":0.0,"mot":"L","mo":0.0}]},{"d":"06.03.2020","r":4.0,"q":2.8,"p":7.0E9,"s":[{"cn":"sammit","ui":"7905869","t":4.0,"r":4.0,"q":2.8,"p":7.0E9,"mot":"U","mo":4.0},{"cn":"","ui":"","t":0.0,"r":0.0,"q":0.0,"p":0.0,"mot":"L","mo":0.0}]},{"d":"07.04.2020","r":1.0,"q":2.8,"p":7.0E9,"s":[{"cn":"sammit","ui":"7905869","t":2.0,"r":1.0,"q":2.8,"p":7.0E9,"mot":"U","mo":1.0},{"cn":"","ui":"","t":0.0,"r":0.0,"q":0.0,"p":0.0,"mot":"L","mo":0.0}]},{"d":"09.04.2020","r":8.0,"q":1.53,"p":7.0E9,"s":[{"cn":"sammit","ui":"7905869","t":9.0,"r":8.0,"q":1.53,"p":7.0E9,"mot":"U","mo":8.0},{"cn":"","ui":"","t":0.0,"r":0.0,"q":0.0,"p":0.0,"mot":"L","mo":0.0}]},{"d":"10.04.2020","r":9.0,"q":1.57,"p":5.0E9,"s":[{"cn":"sammit","ui":"7905869","t":10.0,"r":9.0,"q":1.57,"p":5.0E9,"mot":"U","mo":9.0},{"cn":"","ui":"","t":0.0,"r":0.0,"q":0.0,"p":0.0,"mot":"L","mo":0.0}]},{"d":"13.04.2020","r":9.0,"q":1.57,"p":7.0E9,"s":[{"cn":"sammit","ui":"7905869","t":9.0,"r":9.0,"q":1.57,"p":7.0E9,"mot":"U","mo":9.0},{"cn":"","ui":"","t":0.0,"r":0.0,"q":0.0,"p":0.0,"mot":"L","mo":0.0}]},{"d":"20.04.2020","r":9.0,"q":1.57,"p":6.0E9,"s":[{"cn":"sammit","ui":"7905869","t":9.0,"r":9.0,"q":1.57,"p":6.0E9,"mot":"U","mo":9.0},{"cn":"","ui":"","t":0.0,"r":0.0,"q":0.0,"p":0.0,"mot":"L","mo":0.0}]},{"d":"23.04.2020","r":8.0,"q":1.57,"p":6.0E9,"s":[{"cn":"sammit","ui":"7905869","t":9.0,"r":8.0,"q":1.57,"p":6.0E9,"mot":"U","mo":8.0},{"cn":"","ui":"","t":0.0,"r":0.0,"q":0.0,"p":0.0,"mot":"L","mo":0.0}]},{"d":"24.04.2020","r":8.0,"q":1.57,"p":6.0E9,"s":[{"cn":"sammit","ui":"7905869","t":8.0,"r":8.0,"q":1.57,"p":6.0E9,"mot":"U","mo":8.0},{"cn":"","ui":"","t":0.0,"r":0.0,"q":0.0,"p":0.0,"mot":"L","mo":0.0}]},{"d":"27.04.2020","r":23.0,"q":2.63,"p":5.0E9,"s":[{"cn":"sammit","ui":"7905869","t":23.0,"r":23.0,"q":2.63,"p":5.0E9,"mot":"U","mo":23.0},{"cn":"","ui":"","t":0.0,"r":0.0,"q":0.0,"p":0.0,"mot":"L","mo":0.0}]},{"d":"04.05.2020","r":22.0,"q":2.63,"p":5.0E9,"s":[{"cn":"sammit","ui":"7905869","t":22.0,"r":22.0,"q":2.63,"p":5.0E9,"mot":"U","mo":22.0},{"cn":"","ui":"","t":0.0,"r":0.0,"q":0.0,"p":0.0,"mot":"L","mo":0.0}]},{"d":"07.05.2020","r":22.0,"q":2.63,"p":4.0E9,"s":[{"cn":"sammit","ui":"7905869","t":22.0,"r":22.0,"q":2.63,"p":4.0E9,"mot":"U","mo":22.0},{"cn":"","ui":"","t":0.0,"r":0.0,"q":0.0,"p":0.0,"mot":"L","mo":0.0}]},{"d":"20.05.2020","r":22.0,"q":2.63,"p":3.0E9,"s":[{"cn":"sammit","ui":"7905869","t":22.0,"r":22.0,"q":2.63,"p":3.0E9,"mot":"U","mo":22.0},{"cn":"","ui":"","t":0.0,"r":0.0,"q":0.0,"p":0.0,"mot":"L","mo":0.0}]},{"d":"25.05.2020","r":20.0,"q":2.63,"p":3.0E9,"s":[{"cn":"sammit","ui":"7905869","t":20.0,"r":20.0,"q":2.63,"p":3.0E9,"mot":"U","mo":20.0},{"cn":"","ui":"","t":0.0,"r":0.0,"q":0.0,"p":0.0,"mot":"L","mo":0.0}]},{"d":"29.05.2020","r":19.0,"q":2.63,"p":3.0E9,"s":[{"cn":"sammit","ui":"7905869","t":20.0,"r":19.0,"q":2.63,"p":3.0E9,"mot":"U","mo":19.0},{"cn":"","ui":"","t":0.0,"r":0.0,"q":0.0,"p":0.0,"mot":"L","mo":0.0}]},{"d":"01.07.2020","r":19.0,"q":2.63,"p":1.5E9,"s":[{"cn":"sammit","ui":"7905869","t":20.0,"r":19.0,"q":2.63,"p":1.5E9,"mot":"U","mo":19.0},{"cn":"","ui":"","t":0.0,"r":0.0,"q":0.0,"p":0.0,"mot":"L","mo":0.0}]},{"d":"06.07.2020","r":5.0,"q":2.63,"p":2.0E11,"s":[{"cn":"Pasarika_Simu_bizzznesssss","ui":"8339545","t":23.0,"r":23.0,"q":2.63,"p":2.0E11,"mot":"L","mo":5.0},{"cn":"","ui":"","t":0.0,"r":0.0,"q":0.0,"p":0.0,"mot":"L","mo":0.0}]},{"d":"31.07.2020","r":5.0,"q":2.39,"p":2.0E11,"s":[{"cn":"Pasarika_Simu_bizzznesssss","ui":"8339545","t":27.0,"r":27.0,"q":2.39,"p":2.0E11,"mot":"L","mo":5.0},{"cn":"","ui":"","t":0.0,"r":0.0,"q":0.0,"p":0.0,"mot":"L","mo":0.0}]},{"d":"24.08.2020","r":5.0,"q":2.25,"p":2.0E11,"s":[{"cn":"Pasarika_Simu_bizzznesssss","ui":"8339545","t":30.0,"r":30.0,"q":2.25,"p":2.0E11,"mot":"L","mo":5.0},{"cn":"","ui":"","t":0.0,"r":0.0,"q":0.0,"p":0.0,"mot":"L","mo":0.0}]},{"d":"07.01.2021","r":5.0,"q":2.25,"p":2.0E11,"s":[{"cn":"Pasarika_Simu_bizzznesssss","ui":"8339545","t":29.0,"r":29.0,"q":2.25,"p":2.0E11,"mot":"L","mo":5.0},{"cn":"","ui":"","t":0.0,"r":0.0,"q":0.0,"p":0.0,"mot":"L","mo":0.0}]},{"d":"22.03.2021","r":1.0,"q":2.25,"p":2.0E11,"s":[{"cn":"Pasarika_Simu_bizzznesssss","ui":"8339545","t":29.0,"r":29.0,"q":2.25,"p":2.0E11,"mot":"L","mo":1.0},{"cn":"","ui":"","t":0.0,"r":0.0,"q":0.0,"p":0.0,"mot":"L","mo":0.0}]},{"d":"22.04.2021","r":1.0,"q":2.25,"p":5.0E11,"s":[{"cn":"Pasarika_Simu_bizzznesssss","ui":"8339545","t":27.0,"r":27.0,"q":2.25,"p":5.0E11,"mot":"L","mo":1.0},{"cn":"","ui":"","t":0.0,"r":0.0,"q":0.0,"p":0.0,"mot":"L","mo":0.0}]},{"d":"06.01.2022","r":1.0,"q":2.25,"p":1.0E12,"s":[{"cn":"Pasarika_Simu_bizzznesssss","ui":"8339545","t":27.0,"r":27.0,"q":2.25,"p":1.0E12,"mot":"L","mo":1.0},{"cn":"","ui":"","t":0.0,"r":0.0,"q":0.0,"p":0.0,"mot":"L","mo":0.0}]}]