[{"d":"07.01.2021","r":32871.0,"q":7.23,"p":7002.92,"s":[{"cn":"DJD International Companies","ui":"6324186","t":32881.0,"r":32859.0,"q":7.23,"p":7000.0,"mot":"U","mo":32859.0},{"cn":"","ui":"","t":12.0,"r":12.0,"q":9.82,"p":15000.0,"mot":"L","mo":12.0}]},{"d":"08.01.2021","r":42303.0,"q":7.43,"p":12585.61,"s":[{"cn":"DJD International Companies","ui":"6324186","t":38086.0,"r":38063.0,"q":7.19,"p":7000.0,"mot":"U","mo":38063.0},{"cn":"gunyuzu Industries","ui":"6322813","t":4216.0,"r":4216.0,"q":9.57,"p":63000.0,"mot":"U","mo":4216.0},{"cn":"","ui":"","t":24.0,"r":24.0,"q":9.82,"p":15000.0,"mot":"L","mo":24.0}]},{"d":"11.01.2021","r":59548.0,"q":7.33,"p":12671.26,"s":[{"cn":"DJD International Companies","ui":"6324186","t":53502.0,"r":53466.0,"q":7.08,"p":7000.0,"mot":"U","mo":53466.0},{"cn":"gunyuzu Industries","ui":"6322813","t":6022.0,"r":6022.0,"q":9.55,"p":63000.0,"mot":"U","mo":6022.0},{"cn":"","ui":"","t":60.0,"r":60.0,"q":9.82,"p":15000.0,"mot":"L","mo":60.0}]},{"d":"12.01.2021","r":65213.0,"q":7.3,"p":12697.88,"s":[{"cn":"DJD International Companies","ui":"6324186","t":58572.0,"r":58516.0,"q":7.04,"p":7000.0,"mot":"U","mo":58516.0},{"cn":"gunyuzu Industries","ui":"6322813","t":6625.0,"r":6625.0,"q":9.55,"p":63000.0,"mot":"U","mo":6625.0},{"cn":"","ui":"","t":72.0,"r":72.0,"q":9.82,"p":15000.0,"mot":"L","mo":72.0}]},{"d":"13.01.2021","r":70860.0,"q":7.27,"p":12733.22,"s":[{"cn":"DJD International Companies","ui":"6324186","t":63591.0,"r":63440.0,"q":7.0,"p":7000.0,"mot":"U","mo":63440.0},{"cn":"gunyuzu Industries","ui":"6322813","t":7227.0,"r":7227.0,"q":9.54,"p":63000.0,"mot":"U","mo":7227.0},{"cn":"","ui":"","t":193.0,"r":193.0,"q":9.82,"p":15000.0,"mot":"L","mo":193.0}]},{"d":"14.01.2021","r":68598.0,"q":6.97,"p":7036.62,"s":[{"cn":"DJD International Companies","ui":"6324186","t":68485.0,"r":68284.0,"q":6.96,"p":7000.0,"mot":"U","mo":68284.0},{"cn":"","ui":"","t":314.0,"r":314.0,"q":9.82,"p":15000.0,"mot":"L","mo":314.0}]},{"d":"15.01.2021","r":76264.0,"q":7.23,"p":12420.64,"s":[{"cn":"DJD International Companies","ui":"6324186","t":68715.0,"r":68509.0,"q":6.96,"p":7000.0,"mot":"U","mo":68509.0},{"cn":"gunyuzu Industries","ui":"6322813","t":7320.0,"r":7320.0,"q":9.54,"p":63000.0,"mot":"U","mo":7320.0},{"cn":"","ui":"","t":435.0,"r":435.0,"q":10.55,"p":15000.0,"mot":"L","mo":435.0}]},{"d":"18.01.2021","r":72035.0,"q":7.32,"p":14141.97,"s":[{"cn":"DJD International Companies","ui":"6324186","t":67293.0,"r":62164.0,"q":6.96,"p":7000.0,"mot":"U","mo":62164.0},{"cn":"gunyuzu Industries","ui":"6322813","t":9073.0,"r":9073.0,"q":9.41,"p":63000.0,"mot":"U","mo":9073.0},{"cn":"","ui":"","t":798.0,"r":798.0,"q":11.41,"p":15000.0,"mot":"L","mo":798.0}]},{"d":"19.01.2021","r":67598.0,"q":7.37,"p":15106.39,"s":[{"cn":"DJD International Companies","ui":"6324186","t":62159.0,"r":57025.0,"q":6.96,"p":7000.0,"mot":"U","mo":57025.0},{"cn":"gunyuzu Industries","ui":"6322813","t":9654.0,"r":9654.0,"q":9.37,"p":63000.0,"mot":"U","mo":9654.0},{"cn":"","ui":"","t":919.0,"r":919.0,"q":11.55,"p":15000.0,"mot":"L","mo":919.0}]},{"d":"20.01.2021","r":53161.0,"q":7.51,"p":17938.09,"s":[{"cn":"DJD International Companies","ui":"6324186","t":57025.0,"r":41886.0,"q":6.96,"p":7000.0,"mot":"U","mo":41886.0},{"cn":"gunyuzu Industries","ui":"6322813","t":10235.0,"r":10235.0,"q":9.34,"p":63000.0,"mot":"U","mo":10235.0},{"cn":"","ui":"","t":1040.0,"r":1040.0,"q":11.65,"p":15000.0,"mot":"L","mo":1040.0}]},{"d":"21.01.2021","r":37585.0,"q":7.64,"p":23118.77,"s":[{"cn":"DJD International Companies","ui":"6324186","t":41889.0,"r":26756.0,"q":6.96,"p":7000.0,"mot":"U","mo":26756.0},{"cn":"gunyuzu Industries","ui":"6322813","t":10819.0,"r":10819.0,"q":9.31,"p":63000.0,"mot":"U","mo":10819.0},{"cn":"","ui":"","t":1161.0,"r":10.0,"q":11.74,"p":3000.0,"mot":"L","mo":10.0}]},{"d":"22.01.2021","r":87840.0,"q":4.01,"p":17004.24,"s":[{"cn":"DJD International Companies","ui":"6324186","t":31545.0,"r":16412.0,"q":6.81,"p":7000.0,"mot":"U","mo":16412.0},{"cn":"gunyuzu Industries","ui":"6322813","t":11408.0,"r":11408.0,"q":9.3,"p":63000.0,"mot":"U","mo":11408.0},{"cn":"DJD International Companies","ui":"5356085","t":60000.0,"r":60000.0,"q":2.23,"p":11000.0,"mot":"U","mo":60000.0},{"cn":"","ui":"","t":1262.0,"r":20.0,"q":11.77,"p":3225.0,"mot":"L","mo":20.0}]},{"d":"25.01.2021","r":73157.0,"q":3.5,"p":20372.23,"s":[{"cn":"gunyuzu Industries","ui":"6322813","t":13187.0,"r":13187.0,"q":9.29,"p":63000.0,"mot":"U","mo":13187.0},{"cn":"DJD International Companies","ui":"5356085","t":59970.0,"r":59960.0,"q":2.23,"p":11000.0,"mot":"U","mo":59960.0},{"cn":"","ui":"","t":1488.0,"r":10.0,"q":11.96,"p":3000.0,"mot":"L","mo":10.0}]},{"d":"26.01.2021","r":73742.0,"q":3.55,"p":20717.45,"s":[{"cn":"gunyuzu Industries","ui":"6322813","t":13782.0,"r":13782.0,"q":9.29,"p":63000.0,"mot":"U","mo":13782.0},{"cn":"DJD International Companies","ui":"5356085","t":59960.0,"r":59950.0,"q":2.23,"p":11000.0,"mot":"U","mo":59950.0},{"cn":"","ui":"","t":1550.0,"r":10.0,"q":12.0,"p":3000.0,"mot":"L","mo":10.0}]},{"d":"27.01.2021","r":74366.0,"q":3.6,"p":21046.96,"s":[{"cn":"gunyuzu Industries","ui":"6322813","t":14376.0,"r":14376.0,"q":9.29,"p":63000.0,"mot":"U","mo":14376.0},{"cn":"DJD International Companies","ui":"5356085","t":59950.0,"r":59940.0,"q":2.23,"p":11000.0,"mot":"U","mo":59940.0},{"cn":"","ui":"","t":1592.0,"r":50.0,"q":12.04,"p":3000.0,"mot":"L","mo":50.0}]},{"d":"28.01.2021","r":74950.0,"q":3.65,"p":21380.79,"s":[{"cn":"gunyuzu Industries","ui":"6322813","t":14970.0,"r":14970.0,"q":9.29,"p":63000.0,"mot":"U","mo":14970.0},{"cn":"DJD International Companies","ui":"5356085","t":59940.0,"r":59930.0,"q":2.23,"p":11000.0,"mot":"U","mo":59930.0},{"cn":"","ui":"","t":1646.0,"r":50.0,"q":12.25,"p":3000.0,"mot":"L","mo":50.0}]},{"d":"29.01.2021","r":75570.0,"q":3.69,"p":21697.6,"s":[{"cn":"gunyuzu Industries","ui":"6322813","t":15560.0,"r":15560.0,"q":9.28,"p":63000.0,"mot":"U","mo":15560.0},{"cn":"DJD International Companies","ui":"5356085","t":59930.0,"r":59920.0,"q":2.23,"p":11000.0,"mot":"U","mo":59920.0},{"cn":"","ui":"","t":1600.0,"r":90.0,"q":12.39,"p":3200.0,"mot":"L","mo":90.0}]},{"d":"01.02.2021","r":77288.0,"q":3.82,"p":22659.23,"s":[{"cn":"gunyuzu Industries","ui":"6322813","t":17338.0,"r":17338.0,"q":9.27,"p":63000.0,"mot":"U","mo":17338.0},{"cn":"DJD International Companies","ui":"5356085","t":59900.0,"r":59890.0,"q":2.23,"p":11000.0,"mot":"U","mo":59890.0},{"cn":"","ui":"","t":1097.0,"r":60.0,"q":13.2,"p":3380.0,"mot":"L","mo":60.0}]},{"d":"02.02.2021","r":77855.0,"q":3.86,"p":22967.42,"s":[{"cn":"gunyuzu Industries","ui":"6322813","t":17925.0,"r":17925.0,"q":9.26,"p":63000.0,"mot":"U","mo":17925.0},{"cn":"DJD International Companies","ui":"5356085","t":59890.0,"r":59880.0,"q":2.23,"p":11000.0,"mot":"U","mo":59880.0},{"cn":"","ui":"","t":806.0,"r":50.0,"q":13.58,"p":3465.0,"mot":"L","mo":50.0}]},{"d":"03.02.2021","r":78432.0,"q":3.9,"p":23268.55,"s":[{"cn":"gunyuzu Industries","ui":"6322813","t":18512.0,"r":18512.0,"q":9.26,"p":63000.0,"mot":"U","mo":18512.0},{"cn":"DJD International Companies","ui":"5356085","t":59880.0,"r":59870.0,"q":2.23,"p":11000.0,"mot":"U","mo":59870.0},{"cn":"","ui":"","t":585.0,"r":50.0,"q":13.92,"p":3465.0,"mot":"L","mo":50.0}]},{"d":"04.02.2021","r":78959.0,"q":3.93,"p":23578.02,"s":[{"cn":"gunyuzu Industries","ui":"6322813","t":19099.0,"r":19099.0,"q":9.25,"p":63000.0,"mot":"U","mo":19099.0},{"cn":"DJD International Companies","ui":"5356085","t":59870.0,"r":59860.0,"q":2.23,"p":11000.0,"mot":"U","mo":59860.0},{"cn":"","ui":"","t":0.0,"r":0.0,"q":0.0,"p":0.0,"mot":"L","mo":0.0}]},{"d":"05.02.2021","r":79536.0,"q":3.97,"p":23870.55,"s":[{"cn":"gunyuzu Industries","ui":"6322813","t":19686.0,"r":19686.0,"q":9.24,"p":63000.0,"mot":"U","mo":19686.0},{"cn":"DJD International Companies","ui":"5356085","t":59860.0,"r":59850.0,"q":2.23,"p":11000.0,"mot":"U","mo":59850.0},{"cn":"","ui":"","t":0.0,"r":0.0,"q":0.0,"p":0.0,"mot":"L","mo":0.0}]},{"d":"08.02.2021","r":81316.0,"q":4.11,"p":26596.73,"s":[{"cn":"gunyuzu Industries","ui":"6322813","t":21496.0,"r":21496.0,"q":9.35,"p":70000.0,"mot":"U","mo":21496.0},{"cn":"DJD International Companies","ui":"5356085","t":59830.0,"r":59820.0,"q":2.23,"p":11000.0,"mot":"U","mo":59820.0},{"cn":"","ui":"","t":0.0,"r":0.0,"q":0.0,"p":0.0,"mot":"L","mo":0.0}]},{"d":"09.02.2021","r":81917.0,"q":4.17,"p":26922.37,"s":[{"cn":"gunyuzu Industries","ui":"6322813","t":22107.0,"r":22107.0,"q":9.41,"p":70000.0,"mot":"U","mo":22107.0},{"cn":"DJD International Companies","ui":"5356085","t":59820.0,"r":59810.0,"q":2.23,"p":11000.0,"mot":"U","mo":59810.0},{"cn":"","ui":"","t":0.0,"r":0.0,"q":0.0,"p":0.0,"mot":"L","mo":0.0}]},{"d":"10.02.2021","r":82518.0,"q":4.22,"p":27243.27,"s":[{"cn":"gunyuzu Industries","ui":"6322813","t":22718.0,"r":22718.0,"q":9.46,"p":70000.0,"mot":"U","mo":22718.0},{"cn":"DJD International Companies","ui":"5356085","t":59810.0,"r":59800.0,"q":2.23,"p":11000.0,"mot":"U","mo":59800.0},{"cn":"","ui":"","t":0.0,"r":0.0,"q":0.0,"p":0.0,"mot":"L","mo":0.0}]},{"d":"11.02.2021","r":83117.0,"q":4.27,"p":27558.5,"s":[{"cn":"gunyuzu Industries","ui":"6322813","t":23327.0,"r":23327.0,"q":9.5,"p":70000.0,"mot":"U","mo":23327.0},{"cn":"DJD International Companies","ui":"5356085","t":59800.0,"r":59790.0,"q":2.23,"p":11000.0,"mot":"U","mo":59790.0},{"cn":"","ui":"","t":0.0,"r":0.0,"q":0.0,"p":0.0,"mot":"L","mo":0.0}]},{"d":"12.02.2021","r":83726.0,"q":4.33,"p":27874.26,"s":[{"cn":"gunyuzu Industries","ui":"6322813","t":23946.0,"r":23946.0,"q":9.56,"p":70000.0,"mot":"U","mo":23946.0},{"cn":"DJD International Companies","ui":"5356085","t":59790.0,"r":59780.0,"q":2.23,"p":11000.0,"mot":"U","mo":59780.0},{"cn":"","ui":"","t":0.0,"r":0.0,"q":0.0,"p":0.0,"mot":"L","mo":0.0}]},{"d":"15.02.2021","r":85553.0,"q":4.49,"p":28794.55,"s":[{"cn":"gunyuzu Industries","ui":"6322813","t":25803.0,"r":25803.0,"q":9.71,"p":70000.0,"mot":"U","mo":25803.0},{"cn":"DJD International Companies","ui":"5356085","t":59760.0,"r":59750.0,"q":2.23,"p":11000.0,"mot":"U","mo":59750.0},{"cn":"","ui":"","t":0.0,"r":0.0,"q":0.0,"p":0.0,"mot":"L","mo":0.0}]},{"d":"16.02.2021","r":86161.0,"q":4.54,"p":29092.16,"s":[{"cn":"gunyuzu Industries","ui":"6322813","t":26421.0,"r":26421.0,"q":9.76,"p":70000.0,"mot":"U","mo":26421.0},{"cn":"DJD International Companies","ui":"5356085","t":59750.0,"r":59740.0,"q":2.23,"p":11000.0,"mot":"U","mo":59740.0},{"cn":"","ui":"","t":0.0,"r":0.0,"q":0.0,"p":0.0,"mot":"L","mo":0.0}]},{"d":"17.02.2021","r":86749.0,"q":4.59,"p":29389.85,"s":[{"cn":"gunyuzu Industries","ui":"6322813","t":27039.0,"r":27039.0,"q":9.8,"p":70000.0,"mot":"U","mo":27039.0},{"cn":"DJD International Companies","ui":"5356085","t":59730.0,"r":59710.0,"q":2.23,"p":11000.0,"mot":"U","mo":59710.0},{"cn":"","ui":"","t":0.0,"r":0.0,"q":0.0,"p":0.0,"mot":"L","mo":0.0}]},{"d":"18.02.2021","r":87357.0,"q":4.64,"p":29679.25,"s":[{"cn":"gunyuzu Industries","ui":"6322813","t":27657.0,"r":27657.0,"q":9.84,"p":70000.0,"mot":"U","mo":27657.0},{"cn":"DJD International Companies","ui":"5356085","t":59710.0,"r":59700.0,"q":2.23,"p":11000.0,"mot":"U","mo":59700.0},{"cn":"","ui":"","t":0.0,"r":0.0,"q":0.0,"p":0.0,"mot":"L","mo":0.0}]},{"d":"19.02.2021","r":87964.0,"q":4.69,"p":29964.19,"s":[{"cn":"gunyuzu Industries","ui":"6322813","t":28274.0,"r":28274.0,"q":9.88,"p":70000.0,"mot":"U","mo":28274.0},{"cn":"DJD International Companies","ui":"5356085","t":59700.0,"r":59690.0,"q":2.23,"p":11000.0,"mot":"U","mo":59690.0},{"cn":"","ui":"","t":0.0,"r":0.0,"q":0.0,"p":0.0,"mot":"L","mo":0.0}]},{"d":"22.02.2021","r":89795.0,"q":4.83,"p":30800.27,"s":[{"cn":"gunyuzu Industries","ui":"6322813","t":30135.0,"r":30135.0,"q":9.99,"p":70000.0,"mot":"U","mo":30135.0},{"cn":"DJD International Companies","ui":"5356085","t":59670.0,"r":59660.0,"q":2.23,"p":11000.0,"mot":"U","mo":59660.0},{"cn":"","ui":"","t":0.0,"r":0.0,"q":0.0,"p":0.0,"mot":"L","mo":0.0}]},{"d":"23.02.2021","r":90401.0,"q":4.88,"p":31069.57,"s":[{"cn":"gunyuzu Industries","ui":"6322813","t":30751.0,"r":30751.0,"q":10.02,"p":70000.0,"mot":"U","mo":30751.0},{"cn":"DJD International Companies","ui":"5356085","t":59660.0,"r":59650.0,"q":2.23,"p":11000.0,"mot":"U","mo":59650.0},{"cn":"","ui":"","t":0.0,"r":0.0,"q":0.0,"p":0.0,"mot":"L","mo":0.0}]},{"d":"24.02.2021","r":91007.0,"q":4.93,"p":31335.28,"s":[{"cn":"gunyuzu Industries","ui":"6322813","t":31367.0,"r":31367.0,"q":10.05,"p":70000.0,"mot":"U","mo":31367.0},{"cn":"DJD International Companies","ui":"5356085","t":59650.0,"r":59640.0,"q":2.23,"p":11000.0,"mot":"U","mo":59640.0},{"cn":"","ui":"","t":0.0,"r":0.0,"q":0.0,"p":0.0,"mot":"L","mo":0.0}]},{"d":"01.03.2021","r":93488.0,"q":5.1,"p":32413.12,"s":[{"cn":"gunyuzu Industries","ui":"6322813","t":33932.0,"r":33930.0,"q":10.15,"p":70000.0,"mot":"U","mo":33930.0},{"cn":"DJD International Companies","ui":"5356085","t":59578.0,"r":59558.0,"q":2.23,"p":11000.0,"mot":"U","mo":59558.0},{"cn":"","ui":"","t":0.0,"r":0.0,"q":0.0,"p":0.0,"mot":"L","mo":0.0}]},{"d":"02.03.2021","r":93507.0,"q":5.12,"p":32483.86,"s":[{"cn":"gunyuzu Industries","ui":"6322813","t":34051.0,"r":34049.0,"q":10.16,"p":70000.0,"mot":"U","mo":34049.0},{"cn":"DJD International Companies","ui":"5356085","t":59518.0,"r":59458.0,"q":2.23,"p":11000.0,"mot":"U","mo":59458.0},{"cn":"","ui":"","t":0.0,"r":0.0,"q":0.0,"p":0.0,"mot":"L","mo":0.0}]},{"d":"03.03.2021","r":93606.0,"q":5.12,"p":32536.14,"s":[{"cn":"gunyuzu Industries","ui":"6322813","t":34170.0,"r":34168.0,"q":10.16,"p":70000.0,"mot":"U","mo":34168.0},{"cn":"DJD International Companies","ui":"5356085","t":59458.0,"r":59438.0,"q":2.23,"p":11000.0,"mot":"U","mo":59438.0},{"cn":"","ui":"","t":0.0,"r":0.0,"q":0.0,"p":0.0,"mot":"L","mo":0.0}]},{"d":"04.03.2021","r":93706.0,"q":5.13,"p":32588.71,"s":[{"cn":"gunyuzu Industries","ui":"6322813","t":34290.0,"r":34288.0,"q":10.16,"p":70000.0,"mot":"U","mo":34288.0},{"cn":"DJD International Companies","ui":"5356085","t":59438.0,"r":59418.0,"q":2.23,"p":11000.0,"mot":"U","mo":59418.0},{"cn":"","ui":"","t":0.0,"r":0.0,"q":0.0,"p":0.0,"mot":"L","mo":0.0}]},{"d":"05.03.2021","r":93792.0,"q":5.14,"p":32644.4,"s":[{"cn":"gunyuzu Industries","ui":"6322813","t":34410.0,"r":34408.0,"q":10.17,"p":70000.0,"mot":"U","mo":34408.0},{"cn":"DJD International Companies","ui":"5356085","t":59411.0,"r":59384.0,"q":2.23,"p":11000.0,"mot":"U","mo":59384.0},{"cn":"","ui":"","t":0.0,"r":0.0,"q":0.0,"p":0.0,"mot":"L","mo":0.0}]},{"d":"08.03.2021","r":94082.0,"q":5.17,"p":32807.21,"s":[{"cn":"gunyuzu Industries","ui":"6322813","t":34774.0,"r":34774.0,"q":10.18,"p":70000.0,"mot":"U","mo":34774.0},{"cn":"DJD International Companies","ui":"5356085","t":59345.0,"r":59308.0,"q":2.23,"p":11000.0,"mot":"U","mo":59308.0},{"cn":"","ui":"","t":0.0,"r":0.0,"q":0.0,"p":0.0,"mot":"L","mo":0.0}]},{"d":"09.03.2021","r":94170.0,"q":5.18,"p":32863.9,"s":[{"cn":"gunyuzu Industries","ui":"6322813","t":34897.0,"r":34897.0,"q":10.18,"p":70000.0,"mot":"U","mo":34897.0},{"cn":"DJD International Companies","ui":"5356085","t":59309.0,"r":59273.0,"q":2.23,"p":11000.0,"mot":"U","mo":59273.0},{"cn":"","ui":"","t":0.0,"r":0.0,"q":0.0,"p":0.0,"mot":"L","mo":0.0}]},{"d":"10.03.2021","r":94257.0,"q":5.19,"p":32920.71,"s":[{"cn":"gunyuzu Industries","ui":"6322813","t":35020.0,"r":35020.0,"q":10.19,"p":70000.0,"mot":"U","mo":35020.0},{"cn":"DJD International Companies","ui":"5356085","t":59273.0,"r":59237.0,"q":2.23,"p":11000.0,"mot":"U","mo":59237.0},{"cn":"","ui":"","t":0.0,"r":0.0,"q":0.0,"p":0.0,"mot":"L","mo":0.0}]},{"d":"11.03.2021","r":94344.0,"q":5.2,"p":32976.79,"s":[{"cn":"gunyuzu Industries","ui":"6322813","t":35142.0,"r":35142.0,"q":10.19,"p":70000.0,"mot":"U","mo":35142.0},{"cn":"DJD International Companies","ui":"5356085","t":59237.0,"r":59202.0,"q":2.23,"p":11000.0,"mot":"U","mo":59202.0},{"cn":"","ui":"","t":0.0,"r":0.0,"q":0.0,"p":0.0,"mot":"L","mo":0.0}]},{"d":"19.03.2021","r":95068.0,"q":5.26,"p":33410.17,"s":[{"cn":"gunyuzu Industries","ui":"6322813","t":36110.0,"r":36110.0,"q":10.22,"p":70000.0,"mot":"U","mo":36110.0},{"cn":"DJD International Companies","ui":"5356085","t":58990.0,"r":58958.0,"q":2.23,"p":11000.0,"mot":"U","mo":58958.0},{"cn":"","ui":"","t":0.0,"r":0.0,"q":0.0,"p":0.0,"mot":"L","mo":0.0}]},{"d":"22.03.2021","r":87364.0,"q":5.57,"p":35629.48,"s":[{"cn":"gunyuzu Industries","ui":"6322813","t":36470.0,"r":36470.0,"q":10.22,"p":70000.0,"mot":"U","mo":36470.0},{"cn":"DJD International Companies","ui":"5356085","t":52917.0,"r":50894.0,"q":2.23,"p":11000.0,"mot":"U","mo":50894.0},{"cn":"","ui":"","t":0.0,"r":0.0,"q":0.0,"p":0.0,"mot":"L","mo":0.0}]},{"d":"23.03.2021","r":85457.0,"q":5.66,"p":36261.94,"s":[{"cn":"gunyuzu Industries","ui":"6322813","t":36590.0,"r":36590.0,"q":10.23,"p":70000.0,"mot":"U","mo":36590.0},{"cn":"DJD International Companies","ui":"5356085","t":50892.0,"r":48867.0,"q":2.23,"p":11000.0,"mot":"U","mo":48867.0},{"cn":"","ui":"","t":0.0,"r":0.0,"q":0.0,"p":0.0,"mot":"L","mo":0.0}]},{"d":"24.03.2021","r":83552.0,"q":5.74,"p":36922.66,"s":[{"cn":"gunyuzu Industries","ui":"6322813","t":36710.0,"r":36710.0,"q":10.23,"p":70000.0,"mot":"U","mo":36710.0},{"cn":"DJD International Companies","ui":"5356085","t":48867.0,"r":46842.0,"q":2.23,"p":11000.0,"mot":"U","mo":46842.0},{"cn":"","ui":"","t":0.0,"r":0.0,"q":0.0,"p":0.0,"mot":"L","mo":0.0}]},{"d":"29.03.2021","r":37310.0,"q":10.24,"p":70000.0,"s":[{"cn":"gunyuzu Industries","ui":"6322813","t":37310.0,"r":37310.0,"q":10.24,"p":70000.0,"mot":"U","mo":37310.0},{"cn":"","ui":"","t":0.0,"r":0.0,"q":0.0,"p":0.0,"mot":"L","mo":0.0}]},{"d":"30.03.2021","r":37430.0,"q":10.24,"p":70000.0,"s":[{"cn":"gunyuzu Industries","ui":"6322813","t":37430.0,"r":37430.0,"q":10.24,"p":70000.0,"mot":"U","mo":37430.0},{"cn":"","ui":"","t":0.0,"r":0.0,"q":0.0,"p":0.0,"mot":"L","mo":0.0}]},{"d":"31.03.2021","r":37550.0,"q":10.25,"p":70000.0,"s":[{"cn":"gunyuzu Industries","ui":"6322813","t":37550.0,"r":37550.0,"q":10.25,"p":70000.0,"mot":"U","mo":37550.0},{"cn":"","ui":"","t":0.0,"r":0.0,"q":0.0,"p":0.0,"mot":"L","mo":0.0}]},{"d":"01.04.2021","r":39670.0,"q":9.78,"p":69596.67,"s":[{"cn":"gunyuzu Industries","ui":"6322813","t":37670.0,"r":37670.0,"q":10.25,"p":70000.0,"mot":"U","mo":37670.0},{"cn":"INC MAC B","ui":"6393791","t":2000.0,"r":2000.0,"q":1.0,"p":61999.98,"mot":"U","mo":2000.0},{"cn":"","ui":"","t":0.0,"r":0.0,"q":0.0,"p":0.0,"mot":"L","mo":0.0}]},{"d":"02.04.2021","r":37790.0,"q":10.25,"p":70000.0,"s":[{"cn":"gunyuzu Industries","ui":"6322813","t":37790.0,"r":37790.0,"q":10.25,"p":70000.0,"mot":"U","mo":37790.0},{"cn":"","ui":"","t":0.0,"r":0.0,"q":0.0,"p":0.0,"mot":"L","mo":0.0}]},{"d":"05.04.2021","r":40593.0,"q":10.01,"p":67884.86,"s":[{"cn":"gunyuzu Industries","ui":"6322813","t":38153.0,"r":38153.0,"q":10.26,"p":70000.0,"mot":"U","mo":38153.0},{"cn":"Dr. Roth Industries","ui":"5021948","t":2420.0,"r":2420.0,"q":6.06,"p":35000.0,"mot":"U","mo":2420.0},{"cn":"","ui":"","t":20.0,"r":20.0,"q":2.23,"p":12000.0,"mot":"L","mo":20.0}]},{"d":"06.04.2021","r":38271.0,"q":10.26,"p":70000.0,"s":[{"cn":"gunyuzu Industries","ui":"6322813","t":38271.0,"r":38271.0,"q":10.26,"p":70000.0,"mot":"U","mo":38271.0},{"cn":"","ui":"","t":0.0,"r":0.0,"q":0.0,"p":0.0,"mot":"L","mo":0.0}]},{"d":"07.04.2021","r":40810.0,"q":10.01,"p":67628.03,"s":[{"cn":"gunyuzu Industries","ui":"6322813","t":38390.0,"r":38390.0,"q":10.26,"p":70000.0,"mot":"U","mo":38390.0},{"cn":"Dr. Roth Industries","ui":"5021948","t":2420.0,"r":2420.0,"q":6.06,"p":30000.0,"mot":"U","mo":2420.0},{"cn":"","ui":"","t":0.0,"r":0.0,"q":0.0,"p":0.0,"mot":"L","mo":0.0}]},{"d":"08.04.2021","r":40908.0,"q":10.01,"p":67653.27,"s":[{"cn":"gunyuzu Industries","ui":"6322813","t":38508.0,"r":38508.0,"q":10.26,"p":70000.0,"mot":"U","mo":38508.0},{"cn":"Dr. Roth Industries","ui":"5021948","t":2410.0,"r":2400.0,"q":6.06,"p":30000.0,"mot":"U","mo":2400.0},{"cn":"","ui":"","t":0.0,"r":0.0,"q":0.0,"p":0.0,"mot":"L","mo":0.0}]},{"d":"09.04.2021","r":41025.0,"q":10.01,"p":67660.94,"s":[{"cn":"gunyuzu Industries","ui":"6322813","t":38626.0,"r":38626.0,"q":10.26,"p":70000.0,"mot":"U","mo":38626.0},{"cn":"Dr. Roth Industries","ui":"5021948","t":2400.0,"r":2399.0,"q":6.06,"p":30000.0,"mot":"U","mo":2399.0},{"cn":"","ui":"","t":0.0,"r":0.0,"q":0.0,"p":0.0,"mot":"L","mo":0.0}]},{"d":"12.04.2021","r":41376.0,"q":10.02,"p":67683.68,"s":[{"cn":"gunyuzu Industries","ui":"6322813","t":38980.0,"r":38980.0,"q":10.26,"p":70000.0,"mot":"U","mo":38980.0},{"cn":"Dr. Roth Industries","ui":"5021948","t":2397.0,"r":2396.0,"q":6.06,"p":30000.0,"mot":"U","mo":2396.0},{"cn":"","ui":"","t":0.0,"r":0.0,"q":0.0,"p":0.0,"mot":"L","mo":0.0}]},{"d":"13.04.2021","r":43492.0,"q":9.61,"p":67429.6,"s":[{"cn":"gunyuzu Industries","ui":"6322813","t":39098.0,"r":39098.0,"q":10.27,"p":70000.0,"mot":"U","mo":39098.0},{"cn":"Dr. Roth Industries","ui":"5021948","t":2396.0,"r":2395.0,"q":6.06,"p":30000.0,"mot":"U","mo":2395.0},{"cn":"","ui":"","t":1999.0,"r":1999.0,"q":1.0,"p":61999.98,"mot":"L","mo":1999.0}]},{"d":"14.04.2021","r":43650.0,"q":9.61,"p":67432.3,"s":[{"cn":"gunyuzu Industries","ui":"6322813","t":39216.0,"r":39216.0,"q":10.27,"p":70000.0,"mot":"U","mo":39216.0},{"cn":"Dr. Roth Industries","ui":"5021948","t":2395.0,"r":2394.0,"q":6.06,"p":30000.0,"mot":"U","mo":2394.0},{"cn":"","ui":"","t":2040.0,"r":2040.0,"q":1.0,"p":61999.98,"mot":"L","mo":2040.0}]},{"d":"15.04.2021","r":43807.0,"q":9.6,"p":67434.93,"s":[{"cn":"gunyuzu Industries","ui":"6322813","t":39333.0,"r":39333.0,"q":10.27,"p":70000.0,"mot":"U","mo":39333.0},{"cn":"Dr. Roth Industries","ui":"5021948","t":2394.0,"r":2393.0,"q":6.06,"p":30000.0,"mot":"U","mo":2393.0},{"cn":"","ui":"","t":2081.0,"r":2081.0,"q":1.0,"p":61999.98,"mot":"L","mo":2081.0}]},{"d":"16.04.2021","r":56956.0,"q":7.98,"p":55478.16,"s":[{"cn":"gunyuzu Industries","ui":"6322813","t":39452.0,"r":39452.0,"q":10.27,"p":70000.0,"mot":"U","mo":39452.0},{"cn":"First Contact","ui":"3623631","t":16990.0,"r":12990.0,"q":2.51,"p":15000.0,"mot":"U","mo":12990.0},{"cn":"","ui":"","t":4515.0,"r":4514.0,"q":3.68,"p":45042.97,"mot":"L","mo":4514.0}]},{"d":"19.04.2021","r":42061.0,"q":9.77,"p":69572.24,"s":[{"cn":"gunyuzu Industries","ui":"6322813","t":39812.0,"r":39812.0,"q":10.27,"p":70000.0,"mot":"U","mo":39812.0},{"cn":"INC MAC B","ui":"6393791","t":2249.0,"r":2249.0,"q":1.0,"p":61999.98,"mot":"U","mo":2249.0},{"cn":"","ui":"","t":0.0,"r":0.0,"q":0.0,"p":0.0,"mot":"L","mo":0.0}]},{"d":"20.04.2021","r":42226.0,"q":9.78,"p":69565.39,"s":[{"cn":"gunyuzu Industries","ui":"6322813","t":39932.0,"r":39932.0,"q":10.28,"p":70000.0,"mot":"U","mo":39932.0},{"cn":"INC MAC B","ui":"6393791","t":2294.0,"r":2294.0,"q":1.0,"p":61999.98,"mot":"U","mo":2294.0},{"cn":"","ui":"","t":0.0,"r":0.0,"q":0.0,"p":0.0,"mot":"L","mo":0.0}]},{"d":"21.04.2021","r":87595.0,"q":5.98,"p":41812.16,"s":[{"cn":"gunyuzu Industries","ui":"6322813","t":40052.0,"r":40052.0,"q":10.28,"p":70000.0,"mot":"U","mo":40052.0},{"cn":"First Contact","ui":"3854814","t":42792.0,"r":42792.0,"q":2.23,"p":15000.0,"mot":"U","mo":42792.0},{"cn":"","ui":"","t":4751.0,"r":4751.0,"q":3.55,"p":45677.95,"mot":"L","mo":4751.0}]},{"d":"22.04.2021","r":87730.0,"q":5.99,"p":41870.6,"s":[{"cn":"gunyuzu Industries","ui":"6322813","t":40172.0,"r":40172.0,"q":10.28,"p":70000.0,"mot":"U","mo":40172.0},{"cn":"First Contact","ui":"3854814","t":42788.0,"r":42784.0,"q":2.23,"p":15000.0,"mot":"U","mo":42784.0},{"cn":"","ui":"","t":4775.0,"r":4774.0,"q":3.53,"p":45979.88,"mot":"L","mo":4774.0}]},{"d":"23.04.2021","r":87890.0,"q":5.99,"p":41920.67,"s":[{"cn":"gunyuzu Industries","ui":"6322813","t":40292.0,"r":40292.0,"q":10.28,"p":70000.0,"mot":"U","mo":40292.0},{"cn":"First Contact","ui":"3854814","t":42784.0,"r":42780.0,"q":2.23,"p":15000.0,"mot":"U","mo":42780.0},{"cn":"","ui":"","t":4819.0,"r":4818.0,"q":3.51,"p":46132.83,"mot":"L","mo":4818.0}]},{"d":"26.04.2021","r":43216.0,"q":9.74,"p":69525.36,"s":[{"cn":"gunyuzu Industries","ui":"6322813","t":40652.0,"r":40652.0,"q":10.29,"p":70000.0,"mot":"U","mo":40652.0},{"cn":"INC MAC B","ui":"6393791","t":2564.0,"r":2564.0,"q":1.0,"p":61999.98,"mot":"U","mo":2564.0},{"cn":"","ui":"","t":0.0,"r":0.0,"q":0.0,"p":0.0,"mot":"L","mo":0.0}]},{"d":"27.04.2021","r":43380.0,"q":9.73,"p":69519.04,"s":[{"cn":"gunyuzu Industries","ui":"6322813","t":40772.0,"r":40772.0,"q":10.29,"p":70000.0,"mot":"U","mo":40772.0},{"cn":"INC MAC B","ui":"6393791","t":2608.0,"r":2608.0,"q":1.0,"p":61999.98,"mot":"U","mo":2608.0},{"cn":"","ui":"","t":0.0,"r":0.0,"q":0.0,"p":0.0,"mot":"L","mo":0.0}]},{"d":"28.04.2021","r":43544.0,"q":9.72,"p":69512.77,"s":[{"cn":"gunyuzu Industries","ui":"6322813","t":40892.0,"r":40892.0,"q":10.29,"p":70000.0,"mot":"U","mo":40892.0},{"cn":"INC MAC B","ui":"6393791","t":2652.0,"r":2652.0,"q":1.0,"p":61999.98,"mot":"U","mo":2652.0},{"cn":"","ui":"","t":0.0,"r":0.0,"q":0.0,"p":0.0,"mot":"L","mo":0.0}]},{"d":"29.04.2021","r":43707.0,"q":9.72,"p":69506.71,"s":[{"cn":"gunyuzu Industries","ui":"6322813","t":41012.0,"r":41012.0,"q":10.29,"p":70000.0,"mot":"U","mo":41012.0},{"cn":"INC MAC B","ui":"6393791","t":2695.0,"r":2695.0,"q":1.0,"p":61999.98,"mot":"U","mo":2695.0},{"cn":"","ui":"","t":0.0,"r":0.0,"q":0.0,"p":0.0,"mot":"L","mo":0.0}]},{"d":"30.04.2021","r":43870.0,"q":9.72,"p":69500.71,"s":[{"cn":"gunyuzu Industries","ui":"6322813","t":41132.0,"r":41132.0,"q":10.3,"p":70000.0,"mot":"U","mo":41132.0},{"cn":"INC MAC B","ui":"6393791","t":2738.0,"r":2738.0,"q":1.0,"p":61999.98,"mot":"U","mo":2738.0},{"cn":"","ui":"","t":0.0,"r":0.0,"q":0.0,"p":0.0,"mot":"L","mo":0.0}]},{"d":"03.05.2021","r":47585.0,"q":9.78,"p":69518.33,"s":[{"cn":"gunyuzu Industries","ui":"6322813","t":44720.0,"r":44720.0,"q":10.34,"p":70000.0,"mot":"U","mo":44720.0},{"cn":"INC MAC B","ui":"6393791","t":2865.0,"r":2865.0,"q":1.0,"p":61999.98,"mot":"U","mo":2865.0},{"cn":"","ui":"","t":0.0,"r":0.0,"q":0.0,"p":0.0,"mot":"L","mo":0.0}]},{"d":"04.05.2021","r":65808.0,"q":7.91,"p":55446.97,"s":[{"cn":"gunyuzu Industries","ui":"6322813","t":45911.0,"r":45911.0,"q":10.34,"p":70000.0,"mot":"U","mo":45911.0},{"cn":"First Contact","ui":"3623631","t":16990.0,"r":16990.0,"q":2.51,"p":15000.0,"mot":"U","mo":16990.0},{"cn":"","ui":"","t":2907.0,"r":2907.0,"q":1.0,"p":61999.98,"mot":"L","mo":2907.0}]},{"d":"05.05.2021","r":67244.0,"q":7.94,"p":55678.07,"s":[{"cn":"gunyuzu Industries","ui":"6322813","t":47100.0,"r":47100.0,"q":10.35,"p":70000.0,"mot":"U","mo":47100.0},{"cn":"First Contact","ui":"3623631","t":16988.0,"r":16986.0,"q":2.51,"p":15000.0,"mot":"U","mo":16986.0},{"cn":"","ui":"","t":3158.0,"r":3158.0,"q":1.1,"p":60869.52,"mot":"L","mo":3158.0}]},{"d":"06.05.2021","r":51635.0,"q":9.83,"p":69385.84,"s":[{"cn":"gunyuzu Industries","ui":"6322813","t":48334.0,"r":48334.0,"q":10.42,"p":70000.0,"mot":"U","mo":48334.0},{"cn":"INC MAC B","ui":"6393791","t":2989.0,"r":2989.0,"q":1.0,"p":61999.98,"mot":"U","mo":2989.0},{"cn":"","ui":"","t":312.0,"r":312.0,"q":2.35,"p":45000.0,"mot":"L","mo":312.0}]},{"d":"07.05.2021","r":53004.0,"q":9.88,"p":69320.14,"s":[{"cn":"gunyuzu Industries","ui":"6322813","t":49568.0,"r":49568.0,"q":10.48,"p":70000.0,"mot":"U","mo":49568.0},{"cn":"INC MAC B","ui":"6393791","t":3029.0,"r":3029.0,"q":1.0,"p":61999.98,"mot":"U","mo":3029.0},{"cn":"","ui":"","t":412.0,"r":407.0,"q":2.38,"p":41000.0,"mot":"L","mo":407.0}]},{"d":"10.05.2021","r":56940.0,"q":10.05,"p":69098.82,"s":[{"cn":"gunyuzu Industries","ui":"6322813","t":53272.0,"r":53272.0,"q":10.66,"p":70000.0,"mot":"U","mo":53272.0},{"cn":"INC MAC B","ui":"6393791","t":3148.0,"r":3148.0,"q":1.0,"p":61999.98,"mot":"U","mo":3148.0},{"cn":"","ui":"","t":520.0,"r":520.0,"q":2.39,"p":19751.92,"mot":"L","mo":520.0}]},{"d":"11.05.2021","r":57694.0,"q":10.17,"p":69558.08,"s":[{"cn":"gunyuzu Industries","ui":"6322813","t":54507.0,"r":54507.0,"q":10.71,"p":70000.0,"mot":"U","mo":54507.0},{"cn":"INC MAC B","ui":"6393791","t":3187.0,"r":3187.0,"q":1.0,"p":61999.98,"mot":"U","mo":3187.0},{"cn":"","ui":"","t":0.0,"r":0.0,"q":0.0,"p":0.0,"mot":"L","mo":0.0}]},{"d":"12.05.2021","r":58968.0,"q":10.23,"p":69562.34,"s":[{"cn":"gunyuzu Industries","ui":"6322813","t":55742.0,"r":55742.0,"q":10.76,"p":70000.0,"mot":"U","mo":55742.0},{"cn":"INC MAC B","ui":"6393791","t":3226.0,"r":3226.0,"q":1.0,"p":61999.98,"mot":"U","mo":3226.0},{"cn":"","ui":"","t":0.0,"r":0.0,"q":0.0,"p":0.0,"mot":"L","mo":0.0}]},{"d":"13.05.2021","r":60248.0,"q":10.28,"p":69566.59,"s":[{"cn":"gunyuzu Industries","ui":"6322813","t":56984.0,"r":56984.0,"q":10.81,"p":70000.0,"mot":"U","mo":56984.0},{"cn":"INC MAC B","ui":"6393791","t":3264.0,"r":3264.0,"q":1.0,"p":61999.98,"mot":"U","mo":3264.0},{"cn":"","ui":"","t":0.0,"r":0.0,"q":0.0,"p":0.0,"mot":"L","mo":0.0}]},{"d":"14.05.2021","r":124089.0,"q":6.36,"p":42331.42,"s":[{"cn":"gunyuzu Industries","ui":"6322813","t":58226.0,"r":58226.0,"q":10.86,"p":70000.0,"mot":"U","mo":58226.0},{"cn":"First Contact","ui":"3854814","t":42784.0,"r":42784.0,"q":2.23,"p":15000.0,"mot":"U","mo":42784.0},{"cn":"First Contact","ui":"3623631","t":16986.0,"r":16986.0,"q":2.51,"p":15000.0,"mot":"U","mo":16986.0},{"cn":"","ui":"","t":6093.0,"r":6093.0,"q":3.08,"p":46035.44,"mot":"L","mo":6093.0}]},{"d":"22.10.2021","r":149338.0,"q":13.4,"p":66904.99,"s":[{"cn":"gunyuzu Industries","ui":"6322813","t":140385.0,"r":140285.0,"q":13.9,"p":67000.0,"mot":"U","mo":140285.0},{"cn":"","ui":"","t":9341.0,"r":9053.0,"q":5.72,"p":65432.66,"mot":"L","mo":9053.0}]},{"d":"25.10.2021","r":149187.0,"q":13.39,"p":66856.24,"s":[{"cn":"gunyuzu Industries","ui":"6322813","t":140085.0,"r":139985.0,"q":13.9,"p":67000.0,"mot":"U","mo":139985.0},{"cn":"","ui":"","t":9515.0,"r":9202.0,"q":5.7,"p":64669.3,"mot":"L","mo":9202.0}]},{"d":"26.10.2021","r":149010.0,"q":13.4,"p":66885.72,"s":[{"cn":"gunyuzu Industries","ui":"6322813","t":139985.0,"r":139885.0,"q":13.9,"p":67000.0,"mot":"U","mo":139885.0},{"cn":"","ui":"","t":9419.0,"r":9125.0,"q":5.66,"p":65133.79,"mot":"L","mo":9125.0}]},{"d":"27.10.2021","r":148967.0,"q":13.39,"p":66864.03,"s":[{"cn":"gunyuzu Industries","ui":"6322813","t":139885.0,"r":139785.0,"q":13.9,"p":67000.0,"mot":"U","mo":139785.0},{"cn":"","ui":"","t":9495.0,"r":9182.0,"q":5.66,"p":64794.04,"mot":"L","mo":9182.0}]},{"d":"28.10.2021","r":148873.0,"q":13.39,"p":66853.96,"s":[{"cn":"gunyuzu Industries","ui":"6322813","t":139785.0,"r":139685.0,"q":13.9,"p":67000.0,"mot":"U","mo":139685.0},{"cn":"","ui":"","t":9501.0,"r":9188.0,"q":5.66,"p":64633.75,"mot":"L","mo":9188.0}]},{"d":"29.10.2021","r":148779.0,"q":13.39,"p":66843.88,"s":[{"cn":"gunyuzu Industries","ui":"6322813","t":139685.0,"r":139585.0,"q":13.9,"p":67000.0,"mot":"U","mo":139585.0},{"cn":"","ui":"","t":9507.0,"r":9194.0,"q":5.66,"p":64473.66,"mot":"L","mo":9194.0}]},{"d":"01.11.2021","r":148360.0,"q":13.39,"p":66863.46,"s":[{"cn":"gunyuzu Industries","ui":"6322813","t":139385.0,"r":139285.0,"q":13.9,"p":67000.0,"mot":"U","mo":139285.0},{"cn":"","ui":"","t":9468.0,"r":9075.0,"q":5.63,"p":64767.81,"mot":"L","mo":9075.0}]},{"d":"02.11.2021","r":148251.0,"q":13.39,"p":66859.16,"s":[{"cn":"gunyuzu Industries","ui":"6322813","t":139285.0,"r":139185.0,"q":13.9,"p":67000.0,"mot":"U","mo":139185.0},{"cn":"","ui":"","t":9448.0,"r":9066.0,"q":5.63,"p":64696.87,"mot":"L","mo":9066.0}]},{"d":"03.11.2021","r":147871.0,"q":13.39,"p":66945.15,"s":[{"cn":"gunyuzu Industries","ui":"6322813","t":139185.0,"r":139085.0,"q":13.9,"p":67000.0,"mot":"U","mo":139085.0},{"cn":"","ui":"","t":8806.0,"r":8786.0,"q":5.35,"p":66076.93,"mot":"L","mo":8786.0}]},{"d":"04.11.2021","r":147751.0,"q":13.39,"p":66944.57,"s":[{"cn":"gunyuzu Industries","ui":"6322813","t":139085.0,"r":138985.0,"q":13.9,"p":67000.0,"mot":"U","mo":138985.0},{"cn":"","ui":"","t":8786.0,"r":8766.0,"q":5.33,"p":66065.69,"mot":"L","mo":8766.0}]},{"d":"05.11.2021","r":147631.0,"q":13.39,"p":66943.98,"s":[{"cn":"gunyuzu Industries","ui":"6322813","t":138985.0,"r":138885.0,"q":13.9,"p":67000.0,"mot":"U","mo":138885.0},{"cn":"","ui":"","t":8766.0,"r":8746.0,"q":5.32,"p":66054.41,"mot":"L","mo":8746.0}]},{"d":"08.11.2021","r":2.0,"q":13.46,"p":15000.0,"s":[{"cn":"Hippo69 Ltd.","ui":"6706677","t":140.0,"r":2.0,"q":13.46,"p":15000.0,"mot":"U","mo":2.0},{"cn":"","ui":"","t":0.0,"r":0.0,"q":0.0,"p":0.0,"mot":"L","mo":0.0}]},{"d":"10.11.2021","r":2.0,"q":13.47,"p":15000.0,"s":[{"cn":"Hippo69 Ltd.","ui":"6706677","t":140.0,"r":2.0,"q":13.47,"p":15000.0,"mot":"U","mo":2.0},{"cn":"","ui":"","t":0.0,"r":0.0,"q":0.0,"p":0.0,"mot":"L","mo":0.0}]},{"d":"11.11.2021","r":3.0,"q":13.35,"p":15000.0,"s":[{"cn":"Hippo69 Ltd.","ui":"6706677","t":141.0,"r":3.0,"q":13.35,"p":15000.0,"mot":"U","mo":3.0},{"cn":"","ui":"","t":0.0,"r":0.0,"q":0.0,"p":0.0,"mot":"L","mo":0.0}]},{"d":"12.11.2021","r":4.0,"q":13.35,"p":15000.0,"s":[{"cn":"Hippo69 Ltd.","ui":"6706677","t":142.0,"r":4.0,"q":13.35,"p":15000.0,"mot":"U","mo":4.0},{"cn":"","ui":"","t":0.0,"r":0.0,"q":0.0,"p":0.0,"mot":"L","mo":0.0}]},{"d":"15.11.2021","r":7.0,"q":13.47,"p":15000.0,"s":[{"cn":"Hippo69 Ltd.","ui":"6706677","t":145.0,"r":7.0,"q":13.47,"p":15000.0,"mot":"U","mo":7.0},{"cn":"","ui":"","t":0.0,"r":0.0,"q":0.0,"p":0.0,"mot":"L","mo":0.0}]},{"d":"16.11.2021","r":8.0,"q":13.47,"p":15000.0,"s":[{"cn":"Hippo69 Ltd.","ui":"6706677","t":146.0,"r":8.0,"q":13.47,"p":15000.0,"mot":"U","mo":8.0},{"cn":"","ui":"","t":0.0,"r":0.0,"q":0.0,"p":0.0,"mot":"L","mo":0.0}]},{"d":"17.11.2021","r":1960.0,"q":20.15,"p":80000.0,"s":[{"cn":"Spectre Elite Corp.","ui":"6722328","t":1960.0,"r":1960.0,"q":20.15,"p":80000.0,"mot":"U","mo":1960.0},{"cn":"","ui":"","t":0.0,"r":0.0,"q":0.0,"p":0.0,"mot":"L","mo":0.0}]},{"d":"24.11.2021","r":1760.0,"q":20.15,"p":80000.0,"s":[{"cn":"Spectre Elite Corp.","ui":"6722328","t":1960.0,"r":1760.0,"q":20.15,"p":80000.0,"mot":"U","mo":1760.0},{"cn":"","ui":"","t":0.0,"r":0.0,"q":0.0,"p":0.0,"mot":"L","mo":0.0}]},{"d":"28.12.2021","r":255.0,"q":13.15,"p":15000.0,"s":[{"cn":"Hippo69 Ltd.","ui":"6706677","t":255.0,"r":255.0,"q":13.15,"p":15000.0,"mot":"U","mo":255.0},{"cn":"","ui":"","t":0.0,"r":0.0,"q":0.0,"p":0.0,"mot":"L","mo":0.0}]},{"d":"29.12.2021","r":382.0,"q":13.15,"p":15000.0,"s":[{"cn":"Hippo69 Ltd.","ui":"6706677","t":382.0,"r":382.0,"q":13.15,"p":15000.0,"mot":"U","mo":382.0},{"cn":"","ui":"","t":0.0,"r":0.0,"q":0.0,"p":0.0,"mot":"L","mo":0.0}]},{"d":"30.12.2021","r":509.0,"q":13.14,"p":15000.0,"s":[{"cn":"Hippo69 Ltd.","ui":"6706677","t":509.0,"r":509.0,"q":13.14,"p":15000.0,"mot":"U","mo":509.0},{"cn":"","ui":"","t":0.0,"r":0.0,"q":0.0,"p":0.0,"mot":"L","mo":0.0}]},{"d":"31.12.2021","r":636.0,"q":13.13,"p":15000.0,"s":[{"cn":"Hippo69 Ltd.","ui":"6706677","t":636.0,"r":636.0,"q":13.13,"p":15000.0,"mot":"U","mo":636.0},{"cn":"","ui":"","t":0.0,"r":0.0,"q":0.0,"p":0.0,"mot":"L","mo":0.0}]},{"d":"03.01.2022","r":1013.0,"q":13.11,"p":15000.0,"s":[{"cn":"Hippo69 Ltd.","ui":"6706677","t":1013.0,"r":1013.0,"q":13.11,"p":15000.0,"mot":"U","mo":1013.0},{"cn":"","ui":"","t":0.0,"r":0.0,"q":0.0,"p":0.0,"mot":"L","mo":0.0}]},{"d":"04.01.2022","r":1138.0,"q":13.1,"p":15000.0,"s":[{"cn":"Hippo69 Ltd.","ui":"6706677","t":1138.0,"r":1138.0,"q":13.1,"p":15000.0,"mot":"U","mo":1138.0},{"cn":"","ui":"","t":0.0,"r":0.0,"q":0.0,"p":0.0,"mot":"L","mo":0.0}]},{"d":"05.01.2022","r":1453.0,"q":14.06,"p":26975.22,"s":[{"cn":"Hippo69 Ltd.","ui":"6706677","t":1263.0,"r":1253.0,"q":13.09,"p":15000.0,"mot":"U","mo":1253.0},{"cn":"Churchill40 Trade","ui":"6718443","t":200.0,"r":200.0,"q":20.15,"p":102000.0,"mot":"U","mo":200.0},{"cn":"","ui":"","t":0.0,"r":0.0,"q":0.0,"p":0.0,"mot":"L","mo":0.0}]},{"d":"06.01.2022","r":1367.0,"q":13.08,"p":15000.0,"s":[{"cn":"Hippo69 Ltd.","ui":"6706677","t":1377.0,"r":1367.0,"q":13.08,"p":15000.0,"mot":"U","mo":1367.0},{"cn":"","ui":"","t":0.0,"r":0.0,"q":0.0,"p":0.0,"mot":"L","mo":0.0}]},{"d":"10.01.2022","r":14.0,"q":12.94,"p":15000.0,"s":[{"cn":"Hippo69 Ltd.","ui":"6706677","t":192.0,"r":14.0,"q":12.94,"p":15000.0,"mot":"U","mo":14.0},{"cn":"","ui":"","t":0.0,"r":0.0,"q":0.0,"p":0.0,"mot":"L","mo":0.0}]},{"d":"11.01.2022","r":11952.0,"q":12.76,"p":50000.0,"s":[{"cn":"Access","ui":"6463402","t":11952.0,"r":11952.0,"q":12.76,"p":50000.0,"mot":"U","mo":11952.0},{"cn":"","ui":"","t":0.0,"r":0.0,"q":0.0,"p":0.0,"mot":"L","mo":0.0}]},{"d":"18.01.2022","r":6766.0,"q":1.01,"p":61999.98,"s":[{"cn":"INC MAC B","ui":"6393791","t":6766.0,"r":6766.0,"q":1.01,"p":61999.98,"mot":"U","mo":6766.0},{"cn":"","ui":"","t":0.0,"r":0.0,"q":0.0,"p":0.0,"mot":"L","mo":0.0}]},{"d":"17.03.2022","r":1.0,"q":9.62,"p":15000.0,"s":[{"cn":"Smelz Like a Winner","ui":"3911941","t":1.0,"r":1.0,"q":9.62,"p":15000.0,"mot":"U","mo":1.0},{"cn":"","ui":"","t":0.0,"r":0.0,"q":0.0,"p":0.0,"mot":"L","mo":0.0}]},{"d":"18.03.2022","r":2.0,"q":9.57,"p":15000.0,"s":[{"cn":"Smelz Like a Winner","ui":"3911941","t":2.0,"r":2.0,"q":9.57,"p":15000.0,"mot":"U","mo":2.0},{"cn":"","ui":"","t":0.0,"r":0.0,"q":0.0,"p":0.0,"mot":"L","mo":0.0}]},{"d":"21.03.2022","r":5.0,"q":9.42,"p":15000.0,"s":[{"cn":"Smelz Like a Winner","ui":"3911941","t":5.0,"r":5.0,"q":9.42,"p":15000.0,"mot":"U","mo":5.0},{"cn":"","ui":"","t":0.0,"r":0.0,"q":0.0,"p":0.0,"mot":"L","mo":0.0}]},{"d":"22.03.2022","r":6.0,"q":9.37,"p":15000.0,"s":[{"cn":"Smelz Like a Winner","ui":"3911941","t":6.0,"r":6.0,"q":9.37,"p":15000.0,"mot":"U","mo":6.0},{"cn":"","ui":"","t":0.0,"r":0.0,"q":0.0,"p":0.0,"mot":"L","mo":0.0}]},{"d":"25.03.2022","r":2.0,"q":8.87,"p":15000.0,"s":[{"cn":"Smelz Like a Winner","ui":"3911941","t":2.0,"r":2.0,"q":8.87,"p":15000.0,"mot":"U","mo":2.0},{"cn":"","ui":"","t":0.0,"r":0.0,"q":0.0,"p":0.0,"mot":"L","mo":0.0}]},{"d":"28.03.2022","r":1760.0,"q":20.15,"p":80000.0,"s":[{"cn":"Spectre Elite Corp.","ui":"6722328","t":1760.0,"r":1760.0,"q":20.15,"p":80000.0,"mot":"U","mo":1760.0},{"cn":"","ui":"","t":0.0,"r":0.0,"q":0.0,"p":0.0,"mot":"L","mo":0.0}]},{"d":"30.03.2022","r":1758.0,"q":20.15,"p":80000.0,"s":[{"cn":"Spectre Elite Corp.","ui":"6722328","t":1759.0,"r":1758.0,"q":20.15,"p":80000.0,"mot":"U","mo":1758.0},{"cn":"","ui":"","t":0.0,"r":0.0,"q":0.0,"p":0.0,"mot":"L","mo":0.0}]},{"d":"13.04.2022","r":295.0,"q":12.7,"p":1200.0,"s":[{"cn":"DJD International Companies","ui":"7041327","t":295.0,"r":295.0,"q":12.7,"p":1200.0,"mot":"U","mo":295.0},{"cn":"","ui":"","t":0.0,"r":0.0,"q":0.0,"p":0.0,"mot":"L","mo":0.0}]},{"d":"14.04.2022","r":585.0,"q":12.7,"p":1200.0,"s":[{"cn":"DJD International Companies","ui":"7041327","t":585.0,"r":585.0,"q":12.7,"p":1200.0,"mot":"U","mo":585.0},{"cn":"","ui":"","t":0.0,"r":0.0,"q":0.0,"p":0.0,"mot":"L","mo":0.0}]},{"d":"15.04.2022","r":139655.0,"q":13.89,"p":66590.09,"s":[{"cn":"gunyuzu Industries","ui":"6322813","t":138785.0,"r":138785.0,"q":13.9,"p":67000.0,"mot":"U","mo":138785.0},{"cn":"","ui":"","t":880.0,"r":870.0,"q":12.7,"p":1200.0,"mot":"L","mo":870.0}]},{"d":"18.04.2022","r":138782.0,"q":13.9,"p":67000.0,"s":[{"cn":"gunyuzu Industries","ui":"6322813","t":138783.0,"r":138782.0,"q":13.9,"p":67000.0,"mot":"U","mo":138782.0},{"cn":"","ui":"","t":0.0,"r":0.0,"q":0.0,"p":0.0,"mot":"L","mo":0.0}]},{"d":"19.04.2022","r":138781.0,"q":13.9,"p":67000.0,"s":[{"cn":"gunyuzu Industries","ui":"6322813","t":138782.0,"r":138781.0,"q":13.9,"p":67000.0,"mot":"U","mo":138781.0},{"cn":"","ui":"","t":0.0,"r":0.0,"q":0.0,"p":0.0,"mot":"L","mo":0.0}]},{"d":"20.04.2022","r":138782.0,"q":13.9,"p":67000.0,"s":[{"cn":"gunyuzu Industries","ui":"6322813","t":138782.0,"r":138782.0,"q":13.9,"p":67000.0,"mot":"U","mo":138782.0},{"cn":"","ui":"","t":0.0,"r":0.0,"q":0.0,"p":0.0,"mot":"L","mo":0.0}]},{"d":"17.05.2022","r":138780.0,"q":13.9,"p":67000.0,"s":[{"cn":"gunyuzu Industries","ui":"6322813","t":138782.0,"r":138780.0,"q":13.9,"p":67000.0,"mot":"U","mo":138780.0},{"cn":"","ui":"","t":0.0,"r":0.0,"q":0.0,"p":0.0,"mot":"L","mo":0.0}]},{"d":"18.05.2022","r":138778.0,"q":13.9,"p":67000.0,"s":[{"cn":"gunyuzu Industries","ui":"6322813","t":138780.0,"r":138778.0,"q":13.9,"p":67000.0,"mot":"U","mo":138778.0},{"cn":"","ui":"","t":0.0,"r":0.0,"q":0.0,"p":0.0,"mot":"L","mo":0.0}]},{"d":"19.05.2022","r":138776.0,"q":13.9,"p":67000.0,"s":[{"cn":"gunyuzu Industries","ui":"6322813","t":138778.0,"r":138776.0,"q":13.9,"p":67000.0,"mot":"U","mo":138776.0},{"cn":"","ui":"","t":0.0,"r":0.0,"q":0.0,"p":0.0,"mot":"L","mo":0.0}]},{"d":"20.05.2022","r":138774.0,"q":13.9,"p":67000.0,"s":[{"cn":"gunyuzu Industries","ui":"6322813","t":138776.0,"r":138774.0,"q":13.9,"p":67000.0,"mot":"U","mo":138774.0},{"cn":"","ui":"","t":0.0,"r":0.0,"q":0.0,"p":0.0,"mot":"L","mo":0.0}]},{"d":"23.05.2022","r":138768.0,"q":13.9,"p":67000.0,"s":[{"cn":"gunyuzu Industries","ui":"6322813","t":138770.0,"r":138768.0,"q":13.9,"p":67000.0,"mot":"U","mo":138768.0},{"cn":"","ui":"","t":0.0,"r":0.0,"q":0.0,"p":0.0,"mot":"L","mo":0.0}]},{"d":"24.05.2022","r":138766.0,"q":13.9,"p":67000.0,"s":[{"cn":"gunyuzu Industries","ui":"6322813","t":138768.0,"r":138766.0,"q":13.9,"p":67000.0,"mot":"U","mo":138766.0},{"cn":"","ui":"","t":0.0,"r":0.0,"q":0.0,"p":0.0,"mot":"L","mo":0.0}]},{"d":"25.05.2022","r":138764.0,"q":13.9,"p":67000.0,"s":[{"cn":"gunyuzu Industries","ui":"6322813","t":138766.0,"r":138764.0,"q":13.9,"p":67000.0,"mot":"U","mo":138764.0},{"cn":"","ui":"","t":0.0,"r":0.0,"q":0.0,"p":0.0,"mot":"L","mo":0.0}]},{"d":"26.05.2022","r":139444.0,"q":13.9,"p":66678.18,"s":[{"cn":"gunyuzu Industries","ui":"6322813","t":138764.0,"r":138762.0,"q":13.9,"p":67000.0,"mot":"U","mo":138762.0},{"cn":"","ui":"","t":692.0,"r":682.0,"q":13.86,"p":1200.0,"mot":"L","mo":682.0}]},{"d":"27.05.2022","r":140119.0,"q":13.9,"p":66361.81,"s":[{"cn":"gunyuzu Industries","ui":"6322813","t":138762.0,"r":138760.0,"q":13.9,"p":67000.0,"mot":"U","mo":138760.0},{"cn":"","ui":"","t":1369.0,"r":1359.0,"q":13.83,"p":1200.0,"mot":"L","mo":1359.0}]},{"d":"30.05.2022","r":138754.0,"q":13.9,"p":67000.0,"s":[{"cn":"gunyuzu Industries","ui":"6322813","t":138756.0,"r":138754.0,"q":13.9,"p":67000.0,"mot":"U","mo":138754.0},{"cn":"","ui":"","t":0.0,"r":0.0,"q":0.0,"p":0.0,"mot":"L","mo":0.0}]},{"d":"31.05.2022","r":138752.0,"q":13.9,"p":67000.0,"s":[{"cn":"gunyuzu Industries","ui":"6322813","t":138754.0,"r":138752.0,"q":13.9,"p":67000.0,"mot":"U","mo":138752.0},{"cn":"","ui":"","t":0.0,"r":0.0,"q":0.0,"p":0.0,"mot":"L","mo":0.0}]},{"d":"01.06.2022","r":138750.0,"q":13.9,"p":67000.0,"s":[{"cn":"gunyuzu Industries","ui":"6322813","t":138752.0,"r":138750.0,"q":13.9,"p":67000.0,"mot":"U","mo":138750.0},{"cn":"","ui":"","t":0.0,"r":0.0,"q":0.0,"p":0.0,"mot":"L","mo":0.0}]},{"d":"02.06.2022","r":138749.0,"q":13.9,"p":66999.63,"s":[{"cn":"gunyuzu Industries","ui":"6322813","t":138750.0,"r":138748.0,"q":13.9,"p":67000.0,"mot":"U","mo":138748.0},{"cn":"","ui":"","t":1.0,"r":1.0,"q":3.83,"p":15000.0,"mot":"L","mo":1.0}]},{"d":"03.06.2022","r":138748.0,"q":13.9,"p":66999.25,"s":[{"cn":"gunyuzu Industries","ui":"6322813","t":138748.0,"r":138746.0,"q":13.9,"p":67000.0,"mot":"U","mo":138746.0},{"cn":"","ui":"","t":2.0,"r":2.0,"q":3.77,"p":15000.0,"mot":"L","mo":2.0}]},{"d":"06.06.2022","r":140501.0,"q":13.98,"p":67161.55,"s":[{"cn":"gunyuzu Industries","ui":"6322813","t":138742.0,"r":138740.0,"q":13.9,"p":67000.0,"mot":"U","mo":138740.0},{"cn":"","ui":"","t":1761.0,"r":1761.0,"q":20.12,"p":79889.27,"mot":"L","mo":1761.0}]},{"d":"07.06.2022","r":138738.0,"q":13.9,"p":67000.0,"s":[{"cn":"gunyuzu Industries","ui":"6322813","t":138740.0,"r":138738.0,"q":13.9,"p":67000.0,"mot":"U","mo":138738.0},{"cn":"","ui":"","t":0.0,"r":0.0,"q":0.0,"p":0.0,"mot":"L","mo":0.0}]},{"d":"08.06.2022","r":138740.0,"q":13.9,"p":66998.5,"s":[{"cn":"gunyuzu Industries","ui":"6322813","t":138738.0,"r":138736.0,"q":13.9,"p":67000.0,"mot":"U","mo":138736.0},{"cn":"","ui":"","t":4.0,"r":4.0,"q":3.66,"p":15000.0,"mot":"L","mo":4.0}]},{"d":"09.06.2022","r":138734.0,"q":13.9,"p":67000.0,"s":[{"cn":"gunyuzu Industries","ui":"6322813","t":138736.0,"r":138734.0,"q":13.9,"p":67000.0,"mot":"U","mo":138734.0},{"cn":"","ui":"","t":0.0,"r":0.0,"q":0.0,"p":0.0,"mot":"L","mo":0.0}]},{"d":"10.06.2022","r":138737.0,"q":13.9,"p":66998.13,"s":[{"cn":"gunyuzu Industries","ui":"6322813","t":138734.0,"r":138732.0,"q":13.9,"p":67000.0,"mot":"U","mo":138732.0},{"cn":"","ui":"","t":5.0,"r":5.0,"q":3.61,"p":15000.0,"mot":"L","mo":5.0}]},{"d":"13.06.2022","r":138726.0,"q":13.9,"p":67000.0,"s":[{"cn":"gunyuzu Industries","ui":"6322813","t":138728.0,"r":138726.0,"q":13.9,"p":67000.0,"mot":"U","mo":138726.0},{"cn":"","ui":"","t":0.0,"r":0.0,"q":0.0,"p":0.0,"mot":"L","mo":0.0}]},{"d":"14.06.2022","r":138731.0,"q":13.9,"p":66997.38,"s":[{"cn":"gunyuzu Industries","ui":"6322813","t":138726.0,"r":138724.0,"q":13.9,"p":67000.0,"mot":"U","mo":138724.0},{"cn":"","ui":"","t":7.0,"r":7.0,"q":3.51,"p":15000.0,"mot":"L","mo":7.0}]},{"d":"16.06.2022","r":138728.0,"q":13.9,"p":66997.0,"s":[{"cn":"gunyuzu Industries","ui":"6322813","t":138722.0,"r":138720.0,"q":13.9,"p":67000.0,"mot":"U","mo":138720.0},{"cn":"","ui":"","t":8.0,"r":8.0,"q":3.46,"p":15000.0,"mot":"L","mo":8.0}]},{"d":"17.06.2022","r":138727.0,"q":13.9,"p":66996.63,"s":[{"cn":"gunyuzu Industries","ui":"6322813","t":138720.0,"r":138718.0,"q":13.9,"p":67000.0,"mot":"U","mo":138718.0},{"cn":"","ui":"","t":9.0,"r":9.0,"q":3.41,"p":15000.0,"mot":"L","mo":9.0}]},{"d":"20.06.2022","r":138722.0,"q":13.9,"p":66996.25,"s":[{"cn":"gunyuzu Industries","ui":"6322813","t":138714.0,"r":138712.0,"q":13.9,"p":67000.0,"mot":"U","mo":138712.0},{"cn":"","ui":"","t":10.0,"r":10.0,"q":3.37,"p":15000.0,"mot":"L","mo":10.0}]},{"d":"21.06.2022","r":138710.0,"q":13.9,"p":67000.0,"s":[{"cn":"gunyuzu Industries","ui":"6322813","t":138712.0,"r":138710.0,"q":13.9,"p":67000.0,"mot":"U","mo":138710.0},{"cn":"","ui":"","t":0.0,"r":0.0,"q":0.0,"p":0.0,"mot":"L","mo":0.0}]},{"d":"22.06.2022","r":138719.0,"q":13.9,"p":66995.88,"s":[{"cn":"gunyuzu Industries","ui":"6322813","t":138710.0,"r":138708.0,"q":13.9,"p":67000.0,"mot":"U","mo":138708.0},{"cn":"","ui":"","t":11.0,"r":11.0,"q":3.32,"p":15000.0,"mot":"L","mo":11.0}]},{"d":"23.06.2022","r":138706.0,"q":13.9,"p":67000.0,"s":[{"cn":"gunyuzu Industries","ui":"6322813","t":138708.0,"r":138706.0,"q":13.9,"p":67000.0,"mot":"U","mo":138706.0},{"cn":"","ui":"","t":0.0,"r":0.0,"q":0.0,"p":0.0,"mot":"L","mo":0.0}]},{"d":"24.06.2022","r":138716.0,"q":13.9,"p":66995.5,"s":[{"cn":"gunyuzu Industries","ui":"6322813","t":138706.0,"r":138704.0,"q":13.9,"p":67000.0,"mot":"U","mo":138704.0},{"cn":"","ui":"","t":12.0,"r":12.0,"q":3.27,"p":15000.0,"mot":"L","mo":12.0}]},{"d":"27.06.2022","r":138698.0,"q":13.9,"p":67000.0,"s":[{"cn":"gunyuzu Industries","ui":"6322813","t":138700.0,"r":138698.0,"q":13.9,"p":67000.0,"mot":"U","mo":138698.0},{"cn":"","ui":"","t":0.0,"r":0.0,"q":0.0,"p":0.0,"mot":"L","mo":0.0}]},{"d":"28.06.2022","r":138710.0,"q":13.9,"p":66994.75,"s":[{"cn":"gunyuzu Industries","ui":"6322813","t":138698.0,"r":138696.0,"q":13.9,"p":67000.0,"mot":"U","mo":138696.0},{"cn":"","ui":"","t":14.0,"r":14.0,"q":3.18,"p":15000.0,"mot":"L","mo":14.0}]},{"d":"29.06.2022","r":138694.0,"q":13.9,"p":67000.0,"s":[{"cn":"gunyuzu Industries","ui":"6322813","t":138696.0,"r":138694.0,"q":13.9,"p":67000.0,"mot":"U","mo":138694.0},{"cn":"","ui":"","t":0.0,"r":0.0,"q":0.0,"p":0.0,"mot":"L","mo":0.0}]},{"d":"30.06.2022","r":138707.0,"q":13.9,"p":66994.38,"s":[{"cn":"gunyuzu Industries","ui":"6322813","t":138694.0,"r":138692.0,"q":13.9,"p":67000.0,"mot":"U","mo":138692.0},{"cn":"","ui":"","t":15.0,"r":15.0,"q":3.14,"p":15000.0,"mot":"L","mo":15.0}]},{"d":"01.07.2022","r":138706.0,"q":13.9,"p":66994.0,"s":[{"cn":"gunyuzu Industries","ui":"6322813","t":138692.0,"r":138690.0,"q":13.9,"p":67000.0,"mot":"U","mo":138690.0},{"cn":"","ui":"","t":16.0,"r":16.0,"q":3.09,"p":15000.0,"mot":"L","mo":16.0}]},{"d":"04.07.2022","r":138696.0,"q":13.9,"p":66994.38,"s":[{"cn":"gunyuzu Industries","ui":"6322813","t":138684.0,"r":138681.0,"q":13.9,"p":67000.0,"mot":"U","mo":138681.0},{"cn":"","ui":"","t":17.0,"r":15.0,"q":3.05,"p":15000.0,"mot":"L","mo":15.0}]},{"d":"05.07.2022","r":138692.0,"q":13.9,"p":66994.75,"s":[{"cn":"gunyuzu Industries","ui":"6322813","t":138681.0,"r":138678.0,"q":13.9,"p":67000.0,"mot":"U","mo":138678.0},{"cn":"","ui":"","t":16.0,"r":14.0,"q":3.0,"p":15000.0,"mot":"L","mo":14.0}]},{"d":"06.07.2022","r":138688.0,"q":13.9,"p":66995.13,"s":[{"cn":"gunyuzu Industries","ui":"6322813","t":138678.0,"r":138675.0,"q":13.9,"p":67000.0,"mot":"U","mo":138675.0},{"cn":"","ui":"","t":14.0,"r":13.0,"q":3.0,"p":15000.0,"mot":"L","mo":13.0}]},{"d":"07.07.2022","r":138685.0,"q":13.9,"p":66995.13,"s":[{"cn":"gunyuzu Industries","ui":"6322813","t":138675.0,"r":138672.0,"q":13.9,"p":67000.0,"mot":"U","mo":138672.0},{"cn":"","ui":"","t":14.0,"r":13.0,"q":2.94,"p":15000.0,"mot":"L","mo":13.0}]},{"d":"08.07.2022","r":138680.0,"q":13.9,"p":66996.25,"s":[{"cn":"gunyuzu Industries","ui":"6322813","t":138672.0,"r":138670.0,"q":13.9,"p":67000.0,"mot":"U","mo":138670.0},{"cn":"","ui":"","t":12.0,"r":10.0,"q":2.94,"p":15000.0,"mot":"L","mo":10.0}]},{"d":"11.07.2022","r":138664.0,"q":13.9,"p":67000.0,"s":[{"cn":"gunyuzu Industries","ui":"6322813","t":138666.0,"r":138664.0,"q":13.9,"p":67000.0,"mot":"U","mo":138664.0},{"cn":"","ui":"","t":0.0,"r":0.0,"q":0.0,"p":0.0,"mot":"L","mo":0.0}]},{"d":"12.07.2022","r":138671.0,"q":13.9,"p":66996.63,"s":[{"cn":"gunyuzu Industries","ui":"6322813","t":138664.0,"r":138662.0,"q":13.9,"p":67000.0,"mot":"U","mo":138662.0},{"cn":"","ui":"","t":9.0,"r":9.0,"q":2.77,"p":15000.0,"mot":"L","mo":9.0}]},{"d":"13.07.2022","r":138660.0,"q":13.9,"p":67000.0,"s":[{"cn":"gunyuzu Industries","ui":"6322813","t":138662.0,"r":138660.0,"q":13.9,"p":67000.0,"mot":"U","mo":138660.0},{"cn":"","ui":"","t":0.0,"r":0.0,"q":0.0,"p":0.0,"mot":"L","mo":0.0}]},{"d":"14.07.2022","r":138668.0,"q":13.9,"p":66996.25,"s":[{"cn":"gunyuzu Industries","ui":"6322813","t":138660.0,"r":138658.0,"q":13.9,"p":67000.0,"mot":"U","mo":138658.0},{"cn":"","ui":"","t":10.0,"r":10.0,"q":2.69,"p":15000.0,"mot":"L","mo":10.0}]},{"d":"15.07.2022","r":138667.0,"q":13.9,"p":66995.88,"s":[{"cn":"gunyuzu Industries","ui":"6322813","t":138658.0,"r":138656.0,"q":13.9,"p":67000.0,"mot":"U","mo":138656.0},{"cn":"","ui":"","t":11.0,"r":11.0,"q":2.62,"p":15000.0,"mot":"L","mo":11.0}]},{"d":"18.07.2022","r":138662.0,"q":13.9,"p":66995.5,"s":[{"cn":"gunyuzu Industries","ui":"6322813","t":138652.0,"r":138650.0,"q":13.9,"p":67000.0,"mot":"U","mo":138650.0},{"cn":"","ui":"","t":12.0,"r":12.0,"q":2.56,"p":15000.0,"mot":"L","mo":12.0}]},{"d":"19.07.2022","r":138648.0,"q":13.9,"p":67000.0,"s":[{"cn":"gunyuzu Industries","ui":"6322813","t":138650.0,"r":138648.0,"q":13.9,"p":67000.0,"mot":"U","mo":138648.0},{"cn":"","ui":"","t":0.0,"r":0.0,"q":0.0,"p":0.0,"mot":"L","mo":0.0}]},{"d":"20.07.2022","r":138659.0,"q":13.9,"p":66995.12,"s":[{"cn":"gunyuzu Industries","ui":"6322813","t":138648.0,"r":138646.0,"q":13.9,"p":67000.0,"mot":"U","mo":138646.0},{"cn":"","ui":"","t":13.0,"r":13.0,"q":2.5,"p":15000.0,"mot":"L","mo":13.0}]},{"d":"21.07.2022","r":138644.0,"q":13.9,"p":67000.0,"s":[{"cn":"gunyuzu Industries","ui":"6322813","t":138646.0,"r":138644.0,"q":13.9,"p":67000.0,"mot":"U","mo":138644.0},{"cn":"","ui":"","t":0.0,"r":0.0,"q":0.0,"p":0.0,"mot":"L","mo":0.0}]},{"d":"22.07.2022","r":138856.0,"q":13.91,"p":67029.76,"s":[{"cn":"gunyuzu Industries","ui":"6322813","t":138644.0,"r":138642.0,"q":13.9,"p":67000.0,"mot":"U","mo":138642.0},{"cn":"","ui":"","t":214.0,"r":214.0,"q":18.99,"p":86308.41,"mot":"L","mo":214.0}]},{"d":"25.07.2022","r":138650.0,"q":13.9,"p":66994.75,"s":[{"cn":"gunyuzu Industries","ui":"6322813","t":138638.0,"r":138636.0,"q":13.9,"p":67000.0,"mot":"U","mo":138636.0},{"cn":"","ui":"","t":15.0,"r":14.0,"q":2.34,"p":15000.0,"mot":"L","mo":14.0}]},{"d":"26.07.2022","r":138649.0,"q":13.9,"p":66994.37,"s":[{"cn":"gunyuzu Industries","ui":"6322813","t":138636.0,"r":138634.0,"q":13.9,"p":67000.0,"mot":"U","mo":138634.0},{"cn":"","ui":"","t":15.0,"r":15.0,"q":2.34,"p":15000.0,"mot":"L","mo":15.0}]},{"d":"27.07.2022","r":138632.0,"q":13.9,"p":67000.0,"s":[{"cn":"gunyuzu Industries","ui":"6322813","t":138634.0,"r":138632.0,"q":13.9,"p":67000.0,"mot":"U","mo":138632.0},{"cn":"","ui":"","t":0.0,"r":0.0,"q":0.0,"p":0.0,"mot":"L","mo":0.0}]},{"d":"28.07.2022","r":138646.0,"q":13.9,"p":66994.0,"s":[{"cn":"gunyuzu Industries","ui":"6322813","t":138632.0,"r":138630.0,"q":13.9,"p":67000.0,"mot":"U","mo":138630.0},{"cn":"","ui":"","t":16.0,"r":16.0,"q":2.29,"p":15000.0,"mot":"L","mo":16.0}]},{"d":"29.07.2022","r":138645.0,"q":13.9,"p":66993.62,"s":[{"cn":"gunyuzu Industries","ui":"6322813","t":138630.0,"r":138628.0,"q":13.9,"p":67000.0,"mot":"U","mo":138628.0},{"cn":"","ui":"","t":17.0,"r":17.0,"q":2.24,"p":15000.0,"mot":"L","mo":17.0}]},{"d":"01.08.2022","r":138640.0,"q":13.9,"p":66993.25,"s":[{"cn":"gunyuzu Industries","ui":"6322813","t":138624.0,"r":138622.0,"q":13.9,"p":67000.0,"mot":"U","mo":138622.0},{"cn":"","ui":"","t":18.0,"r":18.0,"q":2.19,"p":15000.0,"mot":"L","mo":18.0}]},{"d":"02.08.2022","r":138620.0,"q":13.9,"p":67000.0,"s":[{"cn":"gunyuzu Industries","ui":"6322813","t":138622.0,"r":138620.0,"q":13.9,"p":67000.0,"mot":"U","mo":138620.0},{"cn":"","ui":"","t":0.0,"r":0.0,"q":0.0,"p":0.0,"mot":"L","mo":0.0}]},{"d":"03.08.2022","r":138637.0,"q":13.9,"p":66992.87,"s":[{"cn":"gunyuzu Industries","ui":"6322813","t":138620.0,"r":138618.0,"q":13.9,"p":67000.0,"mot":"U","mo":138618.0},{"cn":"","ui":"","t":19.0,"r":19.0,"q":2.15,"p":15000.0,"mot":"L","mo":19.0}]},{"d":"04.08.2022","r":20.0,"q":2.11,"p":15000.0,"s":[{"cn":"Smelz Like a Winner","ui":"3911941","t":20.0,"r":20.0,"q":2.11,"p":15000.0,"mot":"U","mo":20.0},{"cn":"","ui":"","t":0.0,"r":0.0,"q":0.0,"p":0.0,"mot":"L","mo":0.0}]},{"d":"08.08.2022","r":22.0,"q":2.03,"p":15000.0,"s":[{"cn":"Smelz Like a Winner","ui":"3911941","t":22.0,"r":22.0,"q":2.03,"p":15000.0,"mot":"U","mo":22.0},{"cn":"","ui":"","t":0.0,"r":0.0,"q":0.0,"p":0.0,"mot":"L","mo":0.0}]},{"d":"09.08.2022","r":17.0,"q":2.03,"p":15000.0,"s":[{"cn":"Smelz Like a Winner","ui":"3911941","t":21.0,"r":17.0,"q":2.03,"p":15000.0,"mot":"U","mo":17.0},{"cn":"","ui":"","t":0.0,"r":0.0,"q":0.0,"p":0.0,"mot":"L","mo":0.0}]},{"d":"10.08.2022","r":678.0,"q":7.92,"p":29690.27,"s":[{"cn":"Korben-07 Ltd.","ui":"7207361","t":664.0,"r":664.0,"q":8.05,"p":30000.0,"mot":"U","mo":664.0},{"cn":"","ui":"","t":18.0,"r":14.0,"q":1.98,"p":15000.0,"mot":"L","mo":14.0}]},{"d":"11.08.2022","r":672.0,"q":7.96,"p":29776.79,"s":[{"cn":"Korben-07 Ltd.","ui":"7207361","t":664.0,"r":662.0,"q":8.05,"p":30000.0,"mot":"U","mo":662.0},{"cn":"","ui":"","t":14.0,"r":10.0,"q":1.98,"p":15000.0,"mot":"L","mo":10.0}]},{"d":"12.08.2022","r":7.0,"q":1.9,"p":15000.0,"s":[{"cn":"Smelz Like a Winner","ui":"3911941","t":11.0,"r":7.0,"q":1.9,"p":15000.0,"mot":"U","mo":7.0},{"cn":"","ui":"","t":0.0,"r":0.0,"q":0.0,"p":0.0,"mot":"L","mo":0.0}]},{"d":"16.08.2022","r":200.0,"q":20.15,"p":89000.0,"s":[{"cn":"Churchill40 Trade","ui":"6718443","t":200.0,"r":200.0,"q":20.15,"p":89000.0,"mot":"U","mo":200.0},{"cn":"","ui":"","t":0.0,"r":0.0,"q":0.0,"p":0.0,"mot":"L","mo":0.0}]},{"d":"17.08.2022","r":1.0,"q":1.01,"p":15000.0,"s":[{"cn":"Smelz Like a Winner","ui":"3911941","t":1.0,"r":1.0,"q":1.01,"p":15000.0,"mot":"U","mo":1.0},{"cn":"","ui":"","t":0.0,"r":0.0,"q":0.0,"p":0.0,"mot":"L","mo":0.0}]},{"d":"18.08.2022","r":200.0,"q":20.15,"p":87000.0,"s":[{"cn":"Churchill40 Trade","ui":"6718443","t":200.0,"r":200.0,"q":20.15,"p":87000.0,"mot":"U","mo":200.0},{"cn":"","ui":"","t":0.0,"r":0.0,"q":0.0,"p":0.0,"mot":"L","mo":0.0}]},{"d":"22.08.2022","r":138618.0,"q":13.9,"p":67000.0,"s":[{"cn":"gunyuzu Industries","ui":"6322813","t":138618.0,"r":138618.0,"q":13.9,"p":67000.0,"mot":"U","mo":138618.0},{"cn":"","ui":"","t":0.0,"r":0.0,"q":0.0,"p":0.0,"mot":"L","mo":0.0}]},{"d":"23.08.2022","r":138623.0,"q":13.9,"p":66998.23,"s":[{"cn":"gunyuzu Industries","ui":"6322813","t":138618.0,"r":138617.0,"q":13.9,"p":67000.0,"mot":"U","mo":138617.0},{"cn":"","ui":"","t":6.0,"r":6.0,"q":7.38,"p":26000.0,"mot":"L","mo":6.0}]},{"d":"24.08.2022","r":138623.0,"q":13.9,"p":66998.23,"s":[{"cn":"gunyuzu Industries","ui":"6322813","t":138617.0,"r":138616.0,"q":13.9,"p":67000.0,"mot":"U","mo":138616.0},{"cn":"","ui":"","t":7.0,"r":7.0,"q":8.32,"p":32000.0,"mot":"L","mo":7.0}]},{"d":"26.08.2022","r":1.0,"q":1.0,"p":15000.0,"s":[{"cn":"Smelz Like a Winner","ui":"3911941","t":1.0,"r":1.0,"q":1.0,"p":15000.0,"mot":"U","mo":1.0},{"cn":"","ui":"","t":0.0,"r":0.0,"q":0.0,"p":0.0,"mot":"L","mo":0.0}]},{"d":"29.08.2022","r":455.0,"q":10.51,"p":28903.62,"s":[{"cn":"Aldos Corp.","ui":"7243569","t":453.0,"r":453.0,"q":10.55,"p":28965.0,"mot":"U","mo":453.0},{"cn":"","ui":"","t":2.0,"r":2.0,"q":1.0,"p":15000.0,"mot":"L","mo":2.0}]},{"d":"30.08.2022","r":706.0,"q":11.27,"p":28965.0,"s":[{"cn":"Aldos Corp.","ui":"7243569","t":706.0,"r":706.0,"q":11.27,"p":28965.0,"mot":"U","mo":706.0},{"cn":"","ui":"","t":0.0,"r":0.0,"q":0.0,"p":0.0,"mot":"L","mo":0.0}]},{"d":"31.08.2022","r":1162.0,"q":13.05,"p":38745.64,"s":[{"cn":"Aldos Corp.","ui":"7243569","t":959.0,"r":959.0,"q":11.61,"p":28965.0,"mot":"U","mo":959.0},{"cn":"Churchill40 Trade","ui":"6718443","t":200.0,"r":200.0,"q":20.15,"p":86000.0,"mot":"U","mo":200.0},{"cn":"","ui":"","t":3.0,"r":3.0,"q":1.0,"p":15000.0,"mot":"L","mo":3.0}]},{"d":"01.09.2022","r":4.0,"q":1.0,"p":15000.0,"s":[{"cn":"Smelz Like a Winner","ui":"3911941","t":4.0,"r":4.0,"q":1.0,"p":15000.0,"mot":"U","mo":4.0},{"cn":"","ui":"","t":0.0,"r":0.0,"q":0.0,"p":0.0,"mot":"L","mo":0.0}]},{"d":"05.09.2022","r":206.0,"q":19.59,"p":82961.17,"s":[{"cn":"Churchill40 Trade","ui":"6718443","t":200.0,"r":200.0,"q":20.15,"p":85000.0,"mot":"U","mo":200.0},{"cn":"","ui":"","t":6.0,"r":6.0,"q":1.0,"p":15000.0,"mot":"L","mo":6.0}]},{"d":"07.09.2022","r":7.0,"q":1.0,"p":15000.0,"s":[{"cn":"Smelz Like a Winner","ui":"3911941","t":7.0,"r":7.0,"q":1.0,"p":15000.0,"mot":"U","mo":7.0},{"cn":"","ui":"","t":0.0,"r":0.0,"q":0.0,"p":0.0,"mot":"L","mo":0.0}]},{"d":"08.09.2022","r":5.0,"q":1.0,"p":15000.0,"s":[{"cn":"Smelz Like a Winner","ui":"3911941","t":7.0,"r":5.0,"q":1.0,"p":15000.0,"mot":"U","mo":5.0},{"cn":"","ui":"","t":0.0,"r":0.0,"q":0.0,"p":0.0,"mot":"L","mo":0.0}]},{"d":"09.09.2022","r":203.0,"q":19.87,"p":82980.3,"s":[{"cn":"Churchill40 Trade","ui":"6718443","t":200.0,"r":200.0,"q":20.15,"p":84000.0,"mot":"U","mo":200.0},{"cn":"","ui":"","t":5.0,"r":3.0,"q":1.0,"p":15000.0,"mot":"L","mo":3.0}]},{"d":"12.09.2022","r":200.0,"q":20.15,"p":82990.0,"s":[{"cn":"Churchill40 Trade","ui":"6718443","t":200.0,"r":200.0,"q":20.15,"p":82990.0,"mot":"U","mo":200.0},{"cn":"","ui":"","t":0.0,"r":0.0,"q":0.0,"p":0.0,"mot":"L","mo":0.0}]},{"d":"15.09.2022","r":200.0,"q":20.15,"p":79990.0,"s":[{"cn":"Churchill40 Trade","ui":"6718443","t":200.0,"r":200.0,"q":20.15,"p":79990.0,"mot":"U","mo":200.0},{"cn":"","ui":"","t":0.0,"r":0.0,"q":0.0,"p":0.0,"mot":"L","mo":0.0}]},{"d":"19.09.2022","r":138616.0,"q":13.9,"p":67000.0,"s":[{"cn":"gunyuzu Industries","ui":"6322813","t":138616.0,"r":138616.0,"q":13.9,"p":67000.0,"mot":"U","mo":138616.0},{"cn":"","ui":"","t":0.0,"r":0.0,"q":0.0,"p":0.0,"mot":"L","mo":0.0}]},{"d":"22.09.2022","r":138614.0,"q":13.9,"p":67000.0,"s":[{"cn":"gunyuzu Industries","ui":"6322813","t":138615.0,"r":138614.0,"q":13.9,"p":67000.0,"mot":"U","mo":138614.0},{"cn":"","ui":"","t":0.0,"r":0.0,"q":0.0,"p":0.0,"mot":"L","mo":0.0}]},{"d":"23.09.2022","r":138613.0,"q":13.9,"p":67000.0,"s":[{"cn":"gunyuzu Industries","ui":"6322813","t":138614.0,"r":138613.0,"q":13.9,"p":67000.0,"mot":"U","mo":138613.0},{"cn":"","ui":"","t":0.0,"r":0.0,"q":0.0,"p":0.0,"mot":"L","mo":0.0}]},{"d":"26.09.2022","r":138610.0,"q":13.9,"p":67000.0,"s":[{"cn":"gunyuzu Industries","ui":"6322813","t":138611.0,"r":138610.0,"q":13.9,"p":67000.0,"mot":"U","mo":138610.0},{"cn":"","ui":"","t":0.0,"r":0.0,"q":0.0,"p":0.0,"mot":"L","mo":0.0}]},{"d":"27.09.2022","r":138609.0,"q":13.9,"p":67000.0,"s":[{"cn":"gunyuzu Industries","ui":"6322813","t":138610.0,"r":138609.0,"q":13.9,"p":67000.0,"mot":"U","mo":138609.0},{"cn":"","ui":"","t":0.0,"r":0.0,"q":0.0,"p":0.0,"mot":"L","mo":0.0}]},{"d":"28.09.2022","r":138608.0,"q":13.9,"p":67000.0,"s":[{"cn":"gunyuzu Industries","ui":"6322813","t":138609.0,"r":138608.0,"q":13.9,"p":67000.0,"mot":"U","mo":138608.0},{"cn":"","ui":"","t":0.0,"r":0.0,"q":0.0,"p":0.0,"mot":"L","mo":0.0}]},{"d":"29.09.2022","r":138607.0,"q":13.9,"p":67000.0,"s":[{"cn":"gunyuzu Industries","ui":"6322813","t":138608.0,"r":138607.0,"q":13.9,"p":67000.0,"mot":"U","mo":138607.0},{"cn":"","ui":"","t":0.0,"r":0.0,"q":0.0,"p":0.0,"mot":"L","mo":0.0}]},{"d":"30.09.2022","r":151970.0,"q":13.8,"p":65375.77,"s":[{"cn":"gunyuzu Industries","ui":"6322813","t":138607.0,"r":138606.0,"q":13.9,"p":67000.0,"mot":"U","mo":138606.0},{"cn":"Access","ui":"6463402","t":11951.0,"r":11951.0,"q":12.76,"p":50000.0,"mot":"U","mo":11951.0},{"cn":"","ui":"","t":1413.0,"r":1413.0,"q":12.97,"p":36095.95,"mot":"L","mo":1413.0}]}]