[{"d":"25.10.2017","r":250.0,"q":1.0,"p":19806.0,"s":[{"cn":"ООО \"Анастасия\"","ui":"7300597","t":250.0,"r":250.0,"q":1.0,"p":19806.0,"mot":"U","mo":250.0},{"cn":"","ui":"","t":0.0,"r":0.0,"q":0.0,"p":0.0,"mot":"L","mo":0.0}]},{"d":"27.10.2017","r":499.0,"q":1.0,"p":19806.0,"s":[{"cn":"ООО \"Анастасия\"","ui":"7300597","t":499.0,"r":499.0,"q":1.0,"p":19806.0,"mot":"U","mo":499.0},{"cn":"","ui":"","t":0.0,"r":0.0,"q":0.0,"p":0.0,"mot":"L","mo":0.0}]},{"d":"23.11.2017","r":499.0,"q":1.0,"p":60000.0,"s":[{"cn":"Yanka_Corporation","ui":"7327458","t":499.0,"r":499.0,"q":1.0,"p":60000.0,"mot":"U","mo":499.0},{"cn":"","ui":"","t":0.0,"r":0.0,"q":0.0,"p":0.0,"mot":"L","mo":0.0}]},{"d":"19.12.2017","r":499.0,"q":1.0,"p":50000.0,"s":[{"cn":"Yanka_Corporation","ui":"7327458","t":499.0,"r":499.0,"q":1.0,"p":50000.0,"mot":"U","mo":499.0},{"cn":"","ui":"","t":0.0,"r":0.0,"q":0.0,"p":0.0,"mot":"L","mo":0.0}]},{"d":"27.12.2017","r":499.0,"q":1.0,"p":25000.0,"s":[{"cn":"Yanka_Corporation","ui":"7327458","t":499.0,"r":499.0,"q":1.0,"p":25000.0,"mot":"U","mo":499.0},{"cn":"","ui":"","t":0.0,"r":0.0,"q":0.0,"p":0.0,"mot":"L","mo":0.0}]},{"d":"01.01.2018","r":498.0,"q":1.0,"p":25000.0,"s":[{"cn":"Yanka_Corporation","ui":"7327458","t":499.0,"r":498.0,"q":1.0,"p":25000.0,"mot":"U","mo":498.0},{"cn":"","ui":"","t":0.0,"r":0.0,"q":0.0,"p":0.0,"mot":"L","mo":0.0}]},{"d":"02.01.2018","r":498.0,"q":1.0,"p":25000.01,"s":[{"cn":"Yanka_Corporation","ui":"7327458","t":498.0,"r":497.0,"q":1.0,"p":25000.0,"mot":"U","mo":497.0},{"cn":"","ui":"","t":1.0,"r":1.0,"q":1.0,"p":25005.0,"mot":"L","mo":1.0}]},{"d":"03.01.2018","r":498.0,"q":1.0,"p":25000.02,"s":[{"cn":"Yanka_Corporation","ui":"7327458","t":497.0,"r":496.0,"q":1.0,"p":25000.0,"mot":"U","mo":496.0},{"cn":"","ui":"","t":2.0,"r":2.0,"q":1.0,"p":25005.0,"mot":"L","mo":2.0}]},{"d":"04.01.2018","r":498.0,"q":1.0,"p":25000.03,"s":[{"cn":"Yanka_Corporation","ui":"7327458","t":496.0,"r":495.0,"q":1.0,"p":25000.0,"mot":"U","mo":495.0},{"cn":"","ui":"","t":3.0,"r":3.0,"q":1.0,"p":25005.0,"mot":"L","mo":3.0}]},{"d":"05.01.2018","r":498.0,"q":1.0,"p":25000.04,"s":[{"cn":"Yanka_Corporation","ui":"7327458","t":495.0,"r":494.0,"q":1.0,"p":25000.0,"mot":"U","mo":494.0},{"cn":"","ui":"","t":4.0,"r":4.0,"q":1.0,"p":25005.0,"mot":"L","mo":4.0}]},{"d":"09.01.2018","r":5.0,"q":1.0,"p":25005.0,"s":[{"cn":"SlaVom","ui":"7423567","t":5.0,"r":5.0,"q":1.0,"p":25005.0,"mot":"U","mo":5.0},{"cn":"","ui":"","t":0.0,"r":0.0,"q":0.0,"p":0.0,"mot":"L","mo":0.0}]},{"d":"15.01.2018","r":5.0,"q":1.0,"p":25001.0,"s":[{"cn":"SlaVom","ui":"7423567","t":5.0,"r":5.0,"q":1.0,"p":25001.0,"mot":"U","mo":5.0},{"cn":"","ui":"","t":0.0,"r":0.0,"q":0.0,"p":0.0,"mot":"L","mo":0.0}]},{"d":"29.01.2018","r":201017.0,"q":4.81,"p":49999.25,"s":[{"cn":"Аленичев Финанс","ui":"7410140","t":201012.0,"r":201012.0,"q":4.81,"p":50000.0,"mot":"U","mo":201012.0},{"cn":"","ui":"","t":5.0,"r":5.0,"q":1.0,"p":20000.0,"mot":"L","mo":5.0}]},{"d":"06.02.2018","r":200996.0,"q":4.81,"p":50000.0,"s":[{"cn":"Аленичев Финанс","ui":"7410140","t":201004.0,"r":200996.0,"q":4.81,"p":50000.0,"mot":"U","mo":200996.0},{"cn":"","ui":"","t":0.0,"r":0.0,"q":0.0,"p":0.0,"mot":"L","mo":0.0}]},{"d":"07.02.2018","r":200988.0,"q":4.81,"p":50000.0,"s":[{"cn":"Аленичев Финанс","ui":"7410140","t":200996.0,"r":200988.0,"q":4.81,"p":50000.0,"mot":"U","mo":200988.0},{"cn":"","ui":"","t":0.0,"r":0.0,"q":0.0,"p":0.0,"mot":"L","mo":0.0}]},{"d":"08.02.2018","r":200980.0,"q":4.81,"p":50000.0,"s":[{"cn":"Аленичев Финанс","ui":"7410140","t":200988.0,"r":200980.0,"q":4.81,"p":50000.0,"mot":"U","mo":200980.0},{"cn":"","ui":"","t":0.0,"r":0.0,"q":0.0,"p":0.0,"mot":"L","mo":0.0}]},{"d":"13.02.2018","r":200988.0,"q":4.81,"p":10000.0,"s":[{"cn":"Аленичев Финанс","ui":"7410140","t":200988.0,"r":200988.0,"q":4.81,"p":10000.0,"mot":"U","mo":200988.0},{"cn":"","ui":"","t":0.0,"r":0.0,"q":0.0,"p":0.0,"mot":"L","mo":0.0}]},{"d":"14.02.2018","r":200988.0,"q":4.81,"p":7500.0,"s":[{"cn":"Аленичев Финанс","ui":"7410140","t":200988.0,"r":200988.0,"q":4.81,"p":7500.0,"mot":"U","mo":200988.0},{"cn":"","ui":"","t":0.0,"r":0.0,"q":0.0,"p":0.0,"mot":"L","mo":0.0}]},{"d":"15.02.2018","r":200988.0,"q":4.81,"p":5000.0,"s":[{"cn":"Аленичев Финанс","ui":"7410140","t":200988.0,"r":200988.0,"q":4.81,"p":5000.0,"mot":"U","mo":200988.0},{"cn":"","ui":"","t":0.0,"r":0.0,"q":0.0,"p":0.0,"mot":"L","mo":0.0}]},{"d":"16.02.2018","r":200988.0,"q":4.81,"p":4000.0,"s":[{"cn":"Аленичев Финанс","ui":"7410140","t":200988.0,"r":200988.0,"q":4.81,"p":4000.0,"mot":"U","mo":200988.0},{"cn":"","ui":"","t":0.0,"r":0.0,"q":0.0,"p":0.0,"mot":"L","mo":0.0}]},{"d":"19.02.2018","r":200988.0,"q":4.81,"p":1900.0,"s":[{"cn":"Аленичев Финанс","ui":"7410140","t":200988.0,"r":200988.0,"q":4.81,"p":1900.0,"mot":"U","mo":200988.0},{"cn":"","ui":"","t":0.0,"r":0.0,"q":0.0,"p":0.0,"mot":"L","mo":0.0}]},{"d":"07.03.2018","r":200988.0,"q":4.81,"p":500.0,"s":[{"cn":"Аленичев Финанс","ui":"7410140","t":200988.0,"r":200988.0,"q":4.81,"p":500.0,"mot":"U","mo":200988.0},{"cn":"","ui":"","t":0.0,"r":0.0,"q":0.0,"p":0.0,"mot":"L","mo":0.0}]},{"d":"13.03.2018","r":200988.0,"q":4.81,"p":250.0,"s":[{"cn":"Аленичев Финанс","ui":"7410140","t":200988.0,"r":200988.0,"q":4.81,"p":250.0,"mot":"U","mo":200988.0},{"cn":"","ui":"","t":0.0,"r":0.0,"q":0.0,"p":0.0,"mot":"L","mo":0.0}]},{"d":"16.03.2018","r":200988.0,"q":4.81,"p":250.0,"s":[{"cn":"Аленичев Финанс","ui":"7525798","t":200988.0,"r":200988.0,"q":4.81,"p":250.0,"mot":"U","mo":200988.0},{"cn":"","ui":"","t":0.0,"r":0.0,"q":0.0,"p":0.0,"mot":"L","mo":0.0}]},{"d":"19.03.2018","r":200988.0,"q":4.81,"p":25.0,"s":[{"cn":"Аленичев Финанс","ui":"7525798","t":200988.0,"r":200988.0,"q":4.81,"p":25.0,"mot":"U","mo":200988.0},{"cn":"","ui":"","t":0.0,"r":0.0,"q":0.0,"p":0.0,"mot":"L","mo":0.0}]},{"d":"23.04.2018","r":200988.0,"q":4.81,"p":10.0,"s":[{"cn":"Аленичев Финанс","ui":"7525798","t":200988.0,"r":200988.0,"q":4.81,"p":10.0,"mot":"U","mo":200988.0},{"cn":"","ui":"","t":0.0,"r":0.0,"q":0.0,"p":0.0,"mot":"L","mo":0.0}]},{"d":"09.05.2018","r":191988.0,"q":4.81,"p":10.0,"s":[{"cn":"Аленичев Финанс","ui":"7525798","t":200988.0,"r":191988.0,"q":4.81,"p":10.0,"mot":"U","mo":191988.0},{"cn":"","ui":"","t":0.0,"r":0.0,"q":0.0,"p":0.0,"mot":"L","mo":0.0}]},{"d":"11.05.2018","r":153988.0,"q":4.81,"p":10.0,"s":[{"cn":"Аленичев Финанс","ui":"7525798","t":172988.0,"r":153988.0,"q":4.81,"p":10.0,"mot":"U","mo":153988.0},{"cn":"","ui":"","t":0.0,"r":0.0,"q":0.0,"p":0.0,"mot":"L","mo":0.0}]},{"d":"14.05.2018","r":115988.0,"q":4.81,"p":30000.0,"s":[{"cn":"American Data Universal","ui":"7212008","t":115988.0,"r":115988.0,"q":4.81,"p":30000.0,"mot":"U","mo":115988.0},{"cn":"","ui":"","t":0.0,"r":0.0,"q":0.0,"p":0.0,"mot":"L","mo":0.0}]},{"d":"16.05.2018","r":115988.0,"q":4.81,"p":20000.0,"s":[{"cn":"American Data Universal","ui":"7212008","t":115988.0,"r":115988.0,"q":4.81,"p":20000.0,"mot":"U","mo":115988.0},{"cn":"","ui":"","t":0.0,"r":0.0,"q":0.0,"p":0.0,"mot":"L","mo":0.0}]},{"d":"18.05.2018","r":115988.0,"q":4.81,"p":10000.0,"s":[{"cn":"American Data Universal","ui":"7212008","t":115988.0,"r":115988.0,"q":4.81,"p":10000.0,"mot":"U","mo":115988.0},{"cn":"","ui":"","t":0.0,"r":0.0,"q":0.0,"p":0.0,"mot":"L","mo":0.0}]},{"d":"21.05.2018","r":115988.0,"q":4.81,"p":5000.0,"s":[{"cn":"American Data Universal","ui":"7212008","t":115988.0,"r":115988.0,"q":4.81,"p":5000.0,"mot":"U","mo":115988.0},{"cn":"","ui":"","t":0.0,"r":0.0,"q":0.0,"p":0.0,"mot":"L","mo":0.0}]},{"d":"25.05.2018","r":115988.0,"q":4.81,"p":2500.0,"s":[{"cn":"American Data Universal","ui":"7212008","t":115988.0,"r":115988.0,"q":4.81,"p":2500.0,"mot":"U","mo":115988.0},{"cn":"","ui":"","t":0.0,"r":0.0,"q":0.0,"p":0.0,"mot":"L","mo":0.0}]},{"d":"28.05.2018","r":110988.0,"q":4.81,"p":2500.0,"s":[{"cn":"American Data Universal","ui":"7212008","t":113488.0,"r":110988.0,"q":4.81,"p":2500.0,"mot":"U","mo":110988.0},{"cn":"","ui":"","t":0.0,"r":0.0,"q":0.0,"p":0.0,"mot":"L","mo":0.0}]},{"d":"29.05.2018","r":108488.0,"q":4.81,"p":2500.0,"s":[{"cn":"American Data Universal","ui":"7212008","t":110988.0,"r":108488.0,"q":4.81,"p":2500.0,"mot":"U","mo":108488.0},{"cn":"","ui":"","t":0.0,"r":0.0,"q":0.0,"p":0.0,"mot":"L","mo":0.0}]},{"d":"30.05.2018","r":105988.0,"q":4.81,"p":2500.0,"s":[{"cn":"American Data Universal","ui":"7212008","t":108488.0,"r":105988.0,"q":4.81,"p":2500.0,"mot":"U","mo":105988.0},{"cn":"","ui":"","t":0.0,"r":0.0,"q":0.0,"p":0.0,"mot":"L","mo":0.0}]},{"d":"31.05.2018","r":103488.0,"q":4.81,"p":2500.0,"s":[{"cn":"American Data Universal","ui":"7212008","t":105988.0,"r":103488.0,"q":4.81,"p":2500.0,"mot":"U","mo":103488.0},{"cn":"","ui":"","t":0.0,"r":0.0,"q":0.0,"p":0.0,"mot":"L","mo":0.0}]},{"d":"01.06.2018","r":100988.0,"q":4.81,"p":2500.0,"s":[{"cn":"American Data Universal","ui":"7212008","t":103488.0,"r":100988.0,"q":4.81,"p":2500.0,"mot":"U","mo":100988.0},{"cn":"","ui":"","t":0.0,"r":0.0,"q":0.0,"p":0.0,"mot":"L","mo":0.0}]},{"d":"04.06.2018","r":93488.0,"q":4.81,"p":2500.0,"s":[{"cn":"American Data Universal","ui":"7212008","t":95988.0,"r":93488.0,"q":4.81,"p":2500.0,"mot":"U","mo":93488.0},{"cn":"","ui":"","t":0.0,"r":0.0,"q":0.0,"p":0.0,"mot":"L","mo":0.0}]},{"d":"06.06.2018","r":88488.0,"q":4.81,"p":2500.0,"s":[{"cn":"American Data Universal","ui":"7212008","t":90988.0,"r":88488.0,"q":4.81,"p":2500.0,"mot":"U","mo":88488.0},{"cn":"","ui":"","t":0.0,"r":0.0,"q":0.0,"p":0.0,"mot":"L","mo":0.0}]},{"d":"07.06.2018","r":85988.0,"q":4.81,"p":2500.0,"s":[{"cn":"American Data Universal","ui":"7212008","t":88488.0,"r":85988.0,"q":4.81,"p":2500.0,"mot":"U","mo":85988.0},{"cn":"","ui":"","t":0.0,"r":0.0,"q":0.0,"p":0.0,"mot":"L","mo":0.0}]},{"d":"08.06.2018","r":83488.0,"q":4.81,"p":2500.0,"s":[{"cn":"American Data Universal","ui":"7212008","t":85988.0,"r":83488.0,"q":4.81,"p":2500.0,"mot":"U","mo":83488.0},{"cn":"","ui":"","t":0.0,"r":0.0,"q":0.0,"p":0.0,"mot":"L","mo":0.0}]},{"d":"11.06.2018","r":75988.0,"q":4.81,"p":2500.0,"s":[{"cn":"American Data Universal","ui":"7212008","t":78488.0,"r":75988.0,"q":4.81,"p":2500.0,"mot":"U","mo":75988.0},{"cn":"","ui":"","t":0.0,"r":0.0,"q":0.0,"p":0.0,"mot":"L","mo":0.0}]},{"d":"12.06.2018","r":73488.0,"q":4.81,"p":2500.0,"s":[{"cn":"American Data Universal","ui":"7212008","t":75988.0,"r":73488.0,"q":4.81,"p":2500.0,"mot":"U","mo":73488.0},{"cn":"","ui":"","t":0.0,"r":0.0,"q":0.0,"p":0.0,"mot":"L","mo":0.0}]},{"d":"28.06.2018","r":5000.0,"q":4.17,"p":4800.0,"s":[{"cn":"frania82 Инвест","ui":"7569678","t":5000.0,"r":5000.0,"q":4.17,"p":4800.0,"mot":"U","mo":5000.0},{"cn":"","ui":"","t":0.0,"r":0.0,"q":0.0,"p":0.0,"mot":"L","mo":0.0}]},{"d":"09.07.2018","r":12500.0,"q":3.82,"p":3900.0,"s":[{"cn":"frania82 Инвест","ui":"7569678","t":12500.0,"r":12500.0,"q":3.82,"p":3900.0,"mot":"U","mo":12500.0},{"cn":"","ui":"","t":0.0,"r":0.0,"q":0.0,"p":0.0,"mot":"L","mo":0.0}]},{"d":"30.07.2018","r":90988.0,"q":4.66,"p":2730.8,"s":[{"cn":"frania82 Инвест","ui":"7569678","t":15000.0,"r":15000.0,"q":3.87,"p":3900.0,"mot":"U","mo":15000.0},{"cn":"American Data Universal","ui":"7212008","t":75988.0,"r":75988.0,"q":4.81,"p":2500.0,"mot":"U","mo":75988.0},{"cn":"","ui":"","t":0.0,"r":0.0,"q":0.0,"p":0.0,"mot":"L","mo":0.0}]},{"d":"13.08.2018","r":15000.0,"q":3.87,"p":2400.0,"s":[{"cn":"frania82 Инвест","ui":"7569678","t":15000.0,"r":15000.0,"q":3.87,"p":2400.0,"mot":"U","mo":15000.0},{"cn":"","ui":"","t":0.0,"r":0.0,"q":0.0,"p":0.0,"mot":"L","mo":0.0}]},{"d":"03.09.2018","r":40494.0,"q":4.76,"p":798.88,"s":[{"cn":"WiidPrize","ui":"7633431","t":40000.0,"r":40000.0,"q":4.81,"p":500.0,"mot":"U","mo":40000.0},{"cn":"","ui":"","t":494.0,"r":494.0,"q":1.0,"p":25000.0,"mot":"L","mo":494.0}]},{"d":"07.09.2018","r":40000.0,"q":4.81,"p":300.0,"s":[{"cn":"WiidPrize","ui":"7633431","t":40000.0,"r":40000.0,"q":4.81,"p":300.0,"mot":"U","mo":40000.0},{"cn":"","ui":"","t":0.0,"r":0.0,"q":0.0,"p":0.0,"mot":"L","mo":0.0}]},{"d":"24.09.2018","r":15000.0,"q":3.87,"p":600.0,"s":[{"cn":"frania82 Инвест","ui":"7569678","t":15000.0,"r":15000.0,"q":3.87,"p":600.0,"mot":"U","mo":15000.0},{"cn":"","ui":"","t":0.0,"r":0.0,"q":0.0,"p":0.0,"mot":"L","mo":0.0}]},{"d":"25.09.2018","r":15000.0,"q":3.87,"p":1000.0,"s":[{"cn":"frania82 Инвест","ui":"7569678","t":15000.0,"r":15000.0,"q":3.87,"p":1000.0,"mot":"U","mo":15000.0},{"cn":"","ui":"","t":0.0,"r":0.0,"q":0.0,"p":0.0,"mot":"L","mo":0.0}]},{"d":"26.09.2018","r":20512.0,"q":3.46,"p":1000.0,"s":[{"cn":"frania82 Инвест","ui":"7569678","t":20512.0,"r":20512.0,"q":3.46,"p":1000.0,"mot":"U","mo":20512.0},{"cn":"","ui":"","t":0.0,"r":0.0,"q":0.0,"p":0.0,"mot":"L","mo":0.0}]},{"d":"28.09.2018","r":140213.0,"q":4.51,"p":1893.18,"s":[{"cn":"WiidPrize","ui":"7633431","t":38200.0,"r":38200.0,"q":4.81,"p":300.0,"mot":"U","mo":38200.0},{"cn":"frania82 Инвест","ui":"7569678","t":26025.0,"r":26025.0,"q":3.22,"p":1000.0,"mot":"U","mo":26025.0},{"cn":"American Data Universal","ui":"7212008","t":75988.0,"r":75988.0,"q":4.81,"p":3000.0,"mot":"U","mo":75988.0},{"cn":"","ui":"","t":0.0,"r":0.0,"q":0.0,"p":0.0,"mot":"L","mo":0.0}]},{"d":"11.02.2019","r":26225.0,"q":3.23,"p":597.71,"s":[{"cn":"frania82 Инвест","ui":"7569678","t":26025.0,"r":26025.0,"q":3.22,"p":600.0,"mot":"U","mo":26025.0},{"cn":"","ui":"","t":200.0,"r":200.0,"q":4.81,"p":300.0,"mot":"L","mo":200.0}]},{"d":"26.04.2019","r":26225.0,"q":3.24,"p":1500.0,"s":[{"cn":"SYs eRR0r","ui":"7980522","t":26225.0,"r":26225.0,"q":3.24,"p":1500.0,"mot":"U","mo":26225.0},{"cn":"","ui":"","t":0.0,"r":0.0,"q":0.0,"p":0.0,"mot":"L","mo":0.0}]},{"d":"29.04.2019","r":1225.0,"q":3.24,"p":1000.0,"s":[{"cn":"SYs eRR0r","ui":"7980522","t":1225.0,"r":1225.0,"q":3.24,"p":1000.0,"mot":"U","mo":1225.0},{"cn":"","ui":"","t":0.0,"r":0.0,"q":0.0,"p":0.0,"mot":"L","mo":0.0}]},{"d":"20.05.2019","r":1225.0,"q":3.24,"p":200.0,"s":[{"cn":"epicLuckyONE","ui":"8028949","t":1225.0,"r":1225.0,"q":3.24,"p":200.0,"mot":"U","mo":1225.0},{"cn":"","ui":"","t":0.0,"r":0.0,"q":0.0,"p":0.0,"mot":"L","mo":0.0}]},{"d":"31.05.2019","r":1225.0,"q":3.24,"p":100.0,"s":[{"cn":"epicLuckyONE","ui":"8028949","t":1225.0,"r":1225.0,"q":3.24,"p":100.0,"mot":"U","mo":1225.0},{"cn":"","ui":"","t":0.0,"r":0.0,"q":0.0,"p":0.0,"mot":"L","mo":0.0}]},{"d":"05.06.2019","r":1225.0,"q":3.24,"p":50.0,"s":[{"cn":"epicLuckyONE","ui":"8028949","t":1225.0,"r":1225.0,"q":3.24,"p":50.0,"mot":"U","mo":1225.0},{"cn":"","ui":"","t":0.0,"r":0.0,"q":0.0,"p":0.0,"mot":"L","mo":0.0}]},{"d":"13.09.2019","r":347.0,"q":1.06,"p":5000.0,"s":[{"cn":"SBL","ui":"8148574","t":347.0,"r":347.0,"q":1.06,"p":5000.0,"mot":"U","mo":347.0},{"cn":"","ui":"","t":0.0,"r":0.0,"q":0.0,"p":0.0,"mot":"L","mo":0.0}]},{"d":"16.09.2019","r":867.0,"q":1.47,"p":5000.0,"s":[{"cn":"SBL","ui":"8148574","t":867.0,"r":867.0,"q":1.47,"p":5000.0,"mot":"U","mo":867.0},{"cn":"","ui":"","t":0.0,"r":0.0,"q":0.0,"p":0.0,"mot":"L","mo":0.0}]},{"d":"17.09.2019","r":1041.0,"q":1.52,"p":5000.0,"s":[{"cn":"SBL","ui":"8148574","t":1041.0,"r":1041.0,"q":1.52,"p":5000.0,"mot":"U","mo":1041.0},{"cn":"","ui":"","t":0.0,"r":0.0,"q":0.0,"p":0.0,"mot":"L","mo":0.0}]},{"d":"18.09.2019","r":1214.0,"q":1.55,"p":5000.0,"s":[{"cn":"SBL","ui":"8148574","t":1214.0,"r":1214.0,"q":1.55,"p":5000.0,"mot":"U","mo":1214.0},{"cn":"","ui":"","t":0.0,"r":0.0,"q":0.0,"p":0.0,"mot":"L","mo":0.0}]},{"d":"19.09.2019","r":1388.0,"q":1.58,"p":5000.0,"s":[{"cn":"SBL","ui":"8148574","t":1388.0,"r":1388.0,"q":1.58,"p":5000.0,"mot":"U","mo":1388.0},{"cn":"","ui":"","t":0.0,"r":0.0,"q":0.0,"p":0.0,"mot":"L","mo":0.0}]},{"d":"20.09.2019","r":1561.0,"q":1.59,"p":5000.0,"s":[{"cn":"SBL","ui":"8148574","t":1561.0,"r":1561.0,"q":1.59,"p":5000.0,"mot":"U","mo":1561.0},{"cn":"","ui":"","t":0.0,"r":0.0,"q":0.0,"p":0.0,"mot":"L","mo":0.0}]},{"d":"06.11.2019","r":1562.0,"q":1.8,"p":295.0,"s":[{"cn":"Real Idanha Ltd.","ui":"8204582","t":1562.0,"r":1562.0,"q":1.8,"p":295.0,"mot":"U","mo":1562.0},{"cn":"","ui":"","t":0.0,"r":0.0,"q":0.0,"p":0.0,"mot":"L","mo":0.0}]},{"d":"07.11.2019","r":2874.0,"q":1.79,"p":295.86,"s":[{"cn":"Real Idanha Ltd.","ui":"8204582","t":2874.0,"r":2874.0,"q":1.79,"p":295.86,"mot":"U","mo":2874.0},{"cn":"","ui":"","t":0.0,"r":0.0,"q":0.0,"p":0.0,"mot":"L","mo":0.0}]},{"d":"08.11.2019","r":4186.0,"q":1.79,"p":287.2,"s":[{"cn":"Real Idanha Ltd.","ui":"8204582","t":4186.0,"r":4186.0,"q":1.79,"p":287.2,"mot":"U","mo":4186.0},{"cn":"","ui":"","t":0.0,"r":0.0,"q":0.0,"p":0.0,"mot":"L","mo":0.0}]},{"d":"15.01.2020","r":1519.0,"q":6.53,"p":400.0,"s":[{"cn":"BardakObama Ltd.","ui":"8276397","t":1519.0,"r":1519.0,"q":6.53,"p":400.0,"mot":"U","mo":1519.0},{"cn":"","ui":"","t":0.0,"r":0.0,"q":0.0,"p":0.0,"mot":"L","mo":0.0}]},{"d":"20.01.2020","r":3910.0,"q":2.46,"p":279.99,"s":[{"cn":"Waelabs1972 Ltd.","ui":"8247197","t":3910.0,"r":3910.0,"q":2.46,"p":279.99,"mot":"U","mo":3910.0},{"cn":"","ui":"","t":0.0,"r":0.0,"q":0.0,"p":0.0,"mot":"L","mo":0.0}]},{"d":"21.01.2020","r":5209.0,"q":2.46,"p":279.99,"s":[{"cn":"Waelabs1972 Ltd.","ui":"8247197","t":5209.0,"r":5209.0,"q":2.46,"p":279.99,"mot":"U","mo":5209.0},{"cn":"","ui":"","t":0.0,"r":0.0,"q":0.0,"p":0.0,"mot":"L","mo":0.0}]},{"d":"27.01.2020","r":41144.0,"q":3.56,"p":600.0,"s":[{"cn":"frania82 Инвест","ui":"7569678","t":41144.0,"r":41144.0,"q":3.56,"p":600.0,"mot":"U","mo":41144.0},{"cn":"","ui":"","t":0.0,"r":0.0,"q":0.0,"p":0.0,"mot":"L","mo":0.0}]},{"d":"28.01.2020","r":41702.0,"q":3.56,"p":600.0,"s":[{"cn":"frania82 Инвест","ui":"7569678","t":41702.0,"r":41702.0,"q":3.56,"p":600.0,"mot":"U","mo":41702.0},{"cn":"","ui":"","t":0.0,"r":0.0,"q":0.0,"p":0.0,"mot":"L","mo":0.0}]},{"d":"29.01.2020","r":49465.0,"q":3.75,"p":400.47,"s":[{"cn":"Totem Ltd.","ui":"8259336","t":7206.0,"r":7206.0,"q":4.89,"p":110.0,"mot":"U","mo":7206.0},{"cn":"frania82 Инвест","ui":"7569678","t":42259.0,"r":42259.0,"q":3.56,"p":450.0,"mot":"U","mo":42259.0},{"cn":"","ui":"","t":0.0,"r":0.0,"q":0.0,"p":0.0,"mot":"L","mo":0.0}]},{"d":"30.01.2020","r":45891.0,"q":3.42,"p":431.79,"s":[{"cn":"frania82 Инвест","ui":"7569678","t":43441.0,"r":43441.0,"q":3.56,"p":450.0,"mot":"U","mo":43441.0},{"cn":"Тренд Мода","ui":"8278504","t":2450.0,"r":2450.0,"q":1.0,"p":109.0,"mot":"U","mo":2450.0},{"cn":"","ui":"","t":0.0,"r":0.0,"q":0.0,"p":0.0,"mot":"L","mo":0.0}]},{"d":"31.01.2020","r":50899.0,"q":3.42,"p":429.04,"s":[{"cn":"Waelabs1972 Ltd.","ui":"8247197","t":6276.0,"r":6276.0,"q":2.46,"p":279.99,"mot":"U","mo":6276.0},{"cn":"frania82 Инвест","ui":"7569678","t":44623.0,"r":44623.0,"q":3.55,"p":450.0,"mot":"U","mo":44623.0},{"cn":"","ui":"","t":0.0,"r":0.0,"q":0.0,"p":0.0,"mot":"L","mo":0.0}]},{"d":"03.02.2020","r":48170.0,"q":3.54,"p":450.0,"s":[{"cn":"frania82 Инвест","ui":"7569678","t":48170.0,"r":48170.0,"q":3.54,"p":450.0,"mot":"U","mo":48170.0},{"cn":"","ui":"","t":0.0,"r":0.0,"q":0.0,"p":0.0,"mot":"L","mo":0.0}]},{"d":"04.02.2020","r":49352.0,"q":3.54,"p":450.0,"s":[{"cn":"frania82 Инвест","ui":"7569678","t":49352.0,"r":49352.0,"q":3.54,"p":450.0,"mot":"U","mo":49352.0},{"cn":"","ui":"","t":0.0,"r":0.0,"q":0.0,"p":0.0,"mot":"L","mo":0.0}]},{"d":"05.02.2020","r":49885.0,"q":3.54,"p":450.0,"s":[{"cn":"frania82 Инвест","ui":"7569678","t":49885.0,"r":49885.0,"q":3.54,"p":450.0,"mot":"U","mo":49885.0},{"cn":"","ui":"","t":0.0,"r":0.0,"q":0.0,"p":0.0,"mot":"L","mo":0.0}]},{"d":"06.02.2020","r":57623.0,"q":3.71,"p":406.36,"s":[{"cn":"Totem Ltd.","ui":"8259336","t":7206.0,"r":7206.0,"q":4.89,"p":101.0,"mot":"U","mo":7206.0},{"cn":"frania82 Инвест","ui":"7569678","t":50417.0,"r":50417.0,"q":3.54,"p":450.0,"mot":"U","mo":50417.0},{"cn":"","ui":"","t":0.0,"r":0.0,"q":0.0,"p":0.0,"mot":"L","mo":0.0}]},{"d":"07.02.2020","r":50949.0,"q":3.53,"p":450.0,"s":[{"cn":"frania82 Инвест","ui":"7569678","t":50949.0,"r":50949.0,"q":3.53,"p":450.0,"mot":"U","mo":50949.0},{"cn":"","ui":"","t":0.0,"r":0.0,"q":0.0,"p":0.0,"mot":"L","mo":0.0}]},{"d":"10.02.2020","r":52546.0,"q":3.52,"p":450.0,"s":[{"cn":"frania82 Инвест","ui":"7569678","t":52546.0,"r":52546.0,"q":3.52,"p":450.0,"mot":"U","mo":52546.0},{"cn":"","ui":"","t":0.0,"r":0.0,"q":0.0,"p":0.0,"mot":"L","mo":0.0}]},{"d":"12.02.2020","r":52828.0,"q":3.52,"p":450.0,"s":[{"cn":"frania82 Инвест","ui":"7569678","t":52828.0,"r":52828.0,"q":3.52,"p":450.0,"mot":"U","mo":52828.0},{"cn":"","ui":"","t":0.0,"r":0.0,"q":0.0,"p":0.0,"mot":"L","mo":0.0}]},{"d":"13.02.2020","r":59386.0,"q":3.41,"p":430.98,"s":[{"cn":"Waelabs1972 Ltd.","ui":"8247197","t":6276.0,"r":6276.0,"q":2.46,"p":270.0,"mot":"U","mo":6276.0},{"cn":"frania82 Инвест","ui":"7569678","t":53110.0,"r":53110.0,"q":3.52,"p":450.0,"mot":"U","mo":53110.0},{"cn":"","ui":"","t":0.0,"r":0.0,"q":0.0,"p":0.0,"mot":"L","mo":0.0}]},{"d":"14.02.2020","r":53393.0,"q":3.52,"p":450.0,"s":[{"cn":"frania82 Инвест","ui":"7569678","t":53393.0,"r":53393.0,"q":3.52,"p":450.0,"mot":"U","mo":53393.0},{"cn":"","ui":"","t":0.0,"r":0.0,"q":0.0,"p":0.0,"mot":"L","mo":0.0}]},{"d":"17.02.2020","r":59239.0,"q":3.3,"p":420.46,"s":[{"cn":"frania82 Инвест","ui":"7569678","t":54239.0,"r":54239.0,"q":3.51,"p":450.0,"mot":"U","mo":54239.0},{"cn":"Три кита","ui":"8308241","t":5000.0,"r":5000.0,"q":1.0,"p":100.0,"mot":"U","mo":5000.0},{"cn":"","ui":"","t":0.0,"r":0.0,"q":0.0,"p":0.0,"mot":"L","mo":0.0}]},{"d":"18.02.2020","r":64778.0,"q":3.25,"p":394.59,"s":[{"cn":"frania82 Инвест","ui":"7569678","t":54522.0,"r":54522.0,"q":3.51,"p":450.0,"mot":"U","mo":54522.0},{"cn":"Три кита","ui":"8308241","t":7500.0,"r":7500.0,"q":1.0,"p":100.0,"mot":"U","mo":7500.0},{"cn":"","ui":"","t":2756.0,"r":2756.0,"q":4.17,"p":100.0,"mot":"L","mo":2756.0}]},{"d":"19.02.2020","r":70303.0,"q":3.21,"p":372.84,"s":[{"cn":"Три кита","ui":"8309272","t":5512.0,"r":5512.0,"q":4.17,"p":100.0,"mot":"U","mo":5512.0},{"cn":"frania82 Инвест","ui":"7569678","t":54804.0,"r":54804.0,"q":3.51,"p":450.0,"mot":"U","mo":54804.0},{"cn":"Три кита","ui":"8308241","t":9987.0,"r":9987.0,"q":1.0,"p":100.0,"mot":"U","mo":9987.0},{"cn":"","ui":"","t":0.0,"r":0.0,"q":0.0,"p":0.0,"mot":"L","mo":0.0}]},{"d":"20.02.2020","r":82090.0,"q":3.11,"p":347.1,"s":[{"cn":"Waelabs1972 Ltd.","ui":"8247197","t":6276.0,"r":6276.0,"q":2.46,"p":260.0,"mot":"U","mo":6276.0},{"cn":"Три кита","ui":"8309272","t":8254.0,"r":8254.0,"q":4.17,"p":100.0,"mot":"U","mo":8254.0},{"cn":"frania82 Инвест","ui":"7569678","t":55086.0,"r":55086.0,"q":3.51,"p":450.0,"mot":"U","mo":55086.0},{"cn":"Три кита","ui":"8308241","t":12474.0,"r":12474.0,"q":1.0,"p":100.0,"mot":"U","mo":12474.0},{"cn":"","ui":"","t":0.0,"r":0.0,"q":0.0,"p":0.0,"mot":"L","mo":0.0}]},{"d":"21.02.2020","r":81325.0,"q":3.14,"p":338.29,"s":[{"cn":"Три кита","ui":"8309272","t":10996.0,"r":10996.0,"q":4.17,"p":100.0,"mot":"U","mo":10996.0},{"cn":"frania82 Инвест","ui":"7569678","t":55368.0,"r":55368.0,"q":3.51,"p":450.0,"mot":"U","mo":55368.0},{"cn":"Три кита","ui":"8308241","t":14961.0,"r":14961.0,"q":1.0,"p":100.0,"mot":"U","mo":14961.0},{"cn":"","ui":"","t":0.0,"r":0.0,"q":0.0,"p":0.0,"mot":"L","mo":0.0}]},{"d":"24.02.2020","r":78597.0,"q":2.79,"p":350.33,"s":[{"cn":"frania82 Инвест","ui":"7569678","t":56215.0,"r":56215.0,"q":3.5,"p":450.0,"mot":"U","mo":56215.0},{"cn":"Три кита","ui":"8308241","t":22382.0,"r":22382.0,"q":1.0,"p":100.0,"mot":"U","mo":22382.0},{"cn":"","ui":"","t":0.0,"r":0.0,"q":0.0,"p":0.0,"mot":"L","mo":0.0}]},{"d":"25.02.2020","r":24996.0,"q":1.33,"p":100.0,"s":[{"cn":"Три кита","ui":"8308241","t":24996.0,"r":24996.0,"q":1.33,"p":100.0,"mot":"U","mo":24996.0},{"cn":"","ui":"","t":0.0,"r":0.0,"q":0.0,"p":0.0,"mot":"L","mo":0.0}]},{"d":"26.02.2020","r":27496.0,"q":1.59,"p":100.0,"s":[{"cn":"Три кита","ui":"8308241","t":27496.0,"r":27496.0,"q":1.59,"p":100.0,"mot":"U","mo":27496.0},{"cn":"","ui":"","t":0.0,"r":0.0,"q":0.0,"p":0.0,"mot":"L","mo":0.0}]},{"d":"27.02.2020","r":29996.0,"q":1.8,"p":100.0,"s":[{"cn":"Три кита","ui":"8308241","t":29996.0,"r":29996.0,"q":1.8,"p":100.0,"mot":"U","mo":29996.0},{"cn":"","ui":"","t":0.0,"r":0.0,"q":0.0,"p":0.0,"mot":"L","mo":0.0}]},{"d":"28.02.2020","r":7206.0,"q":4.89,"p":50.0,"s":[{"cn":"Totem Ltd.","ui":"8259336","t":7206.0,"r":7206.0,"q":4.89,"p":50.0,"mot":"U","mo":7206.0},{"cn":"","ui":"","t":0.0,"r":0.0,"q":0.0,"p":0.0,"mot":"L","mo":0.0}]},{"d":"13.03.2020","r":29996.0,"q":1.8,"p":90.0,"s":[{"cn":"Три кита","ui":"8308241","t":29996.0,"r":29996.0,"q":1.8,"p":90.0,"mot":"U","mo":29996.0},{"cn":"","ui":"","t":0.0,"r":0.0,"q":0.0,"p":0.0,"mot":"L","mo":0.0}]},{"d":"02.04.2020","r":29976.0,"q":1.8,"p":90.0,"s":[{"cn":"Три кита","ui":"8308241","t":29986.0,"r":29976.0,"q":1.8,"p":90.0,"mot":"U","mo":29976.0},{"cn":"","ui":"","t":0.0,"r":0.0,"q":0.0,"p":0.0,"mot":"L","mo":0.0}]},{"d":"03.04.2020","r":29966.0,"q":1.8,"p":90.0,"s":[{"cn":"Три кита","ui":"8308241","t":29976.0,"r":29966.0,"q":1.8,"p":90.0,"mot":"U","mo":29966.0},{"cn":"","ui":"","t":0.0,"r":0.0,"q":0.0,"p":0.0,"mot":"L","mo":0.0}]},{"d":"06.04.2020","r":29936.0,"q":1.8,"p":90.0,"s":[{"cn":"Три кита","ui":"8308241","t":29946.0,"r":29936.0,"q":1.8,"p":90.0,"mot":"U","mo":29936.0},{"cn":"","ui":"","t":0.0,"r":0.0,"q":0.0,"p":0.0,"mot":"L","mo":0.0}]},{"d":"07.04.2020","r":29926.0,"q":1.8,"p":90.0,"s":[{"cn":"Три кита","ui":"8308241","t":29936.0,"r":29926.0,"q":1.8,"p":90.0,"mot":"U","mo":29926.0},{"cn":"","ui":"","t":0.0,"r":0.0,"q":0.0,"p":0.0,"mot":"L","mo":0.0}]},{"d":"08.04.2020","r":29916.0,"q":1.8,"p":90.0,"s":[{"cn":"Три кита","ui":"8308241","t":29926.0,"r":29916.0,"q":1.8,"p":90.0,"mot":"U","mo":29916.0},{"cn":"","ui":"","t":0.0,"r":0.0,"q":0.0,"p":0.0,"mot":"L","mo":0.0}]},{"d":"09.04.2020","r":29906.0,"q":1.8,"p":90.0,"s":[{"cn":"Три кита","ui":"8308241","t":29916.0,"r":29906.0,"q":1.8,"p":90.0,"mot":"U","mo":29906.0},{"cn":"","ui":"","t":0.0,"r":0.0,"q":0.0,"p":0.0,"mot":"L","mo":0.0}]},{"d":"10.04.2020","r":29896.0,"q":1.8,"p":90.0,"s":[{"cn":"Три кита","ui":"8308241","t":29906.0,"r":29896.0,"q":1.8,"p":90.0,"mot":"U","mo":29896.0},{"cn":"","ui":"","t":0.0,"r":0.0,"q":0.0,"p":0.0,"mot":"L","mo":0.0}]},{"d":"04.05.2020","r":44746.0,"q":1.0,"p":3658.69,"s":[{"cn":"Dines Ltd.","ui":"8382774","t":44746.0,"r":44746.0,"q":1.0,"p":3658.69,"mot":"U","mo":44746.0},{"cn":"","ui":"","t":0.0,"r":0.0,"q":0.0,"p":0.0,"mot":"L","mo":0.0}]},{"d":"11.05.2020","r":6276.0,"q":2.46,"p":220.0,"s":[{"cn":"Waelabs1972 Ltd.","ui":"8247197","t":6276.0,"r":6276.0,"q":2.46,"p":220.0,"mot":"U","mo":6276.0},{"cn":"","ui":"","t":0.0,"r":0.0,"q":0.0,"p":0.0,"mot":"L","mo":0.0}]},{"d":"25.05.2020","r":19194.0,"q":4.17,"p":100.0,"s":[{"cn":"Три кита","ui":"8309272","t":19194.0,"r":19194.0,"q":4.17,"p":100.0,"mot":"U","mo":19194.0},{"cn":"","ui":"","t":0.0,"r":0.0,"q":0.0,"p":0.0,"mot":"L","mo":0.0}]},{"d":"27.05.2020","r":19194.0,"q":4.17,"p":80.0,"s":[{"cn":"Три кита","ui":"8309272","t":19194.0,"r":19194.0,"q":4.17,"p":80.0,"mot":"U","mo":19194.0},{"cn":"","ui":"","t":0.0,"r":0.0,"q":0.0,"p":0.0,"mot":"L","mo":0.0}]},{"d":"01.06.2020","r":19194.0,"q":4.17,"p":95.0,"s":[{"cn":"Ukrhimsnab","ui":"8351561","t":19194.0,"r":19194.0,"q":4.17,"p":95.0,"mot":"U","mo":19194.0},{"cn":"","ui":"","t":0.0,"r":0.0,"q":0.0,"p":0.0,"mot":"L","mo":0.0}]},{"d":"09.06.2020","r":26400.0,"q":4.37,"p":91.28,"s":[{"cn":"Totem Ltd.","ui":"8259336","t":7206.0,"r":7206.0,"q":4.89,"p":100.0,"mot":"U","mo":7206.0},{"cn":"Ukrhimsnab","ui":"8351561","t":19194.0,"r":19194.0,"q":4.17,"p":88.0,"mot":"U","mo":19194.0},{"cn":"","ui":"","t":0.0,"r":0.0,"q":0.0,"p":0.0,"mot":"L","mo":0.0}]},{"d":"11.06.2020","r":19194.0,"q":4.17,"p":82.0,"s":[{"cn":"Ukrhimsnab","ui":"8351561","t":19194.0,"r":19194.0,"q":4.17,"p":82.0,"mot":"U","mo":19194.0},{"cn":"","ui":"","t":0.0,"r":0.0,"q":0.0,"p":0.0,"mot":"L","mo":0.0}]},{"d":"12.06.2020","r":56497.0,"q":3.5,"p":450.0,"s":[{"cn":"frania82 Инвест","ui":"7569678","t":56497.0,"r":56497.0,"q":3.5,"p":450.0,"mot":"U","mo":56497.0},{"cn":"","ui":"","t":0.0,"r":0.0,"q":0.0,"p":0.0,"mot":"L","mo":0.0}]},{"d":"15.06.2020","r":89593.0,"q":3.67,"p":450.0,"s":[{"cn":"frania82 Инвест","ui":"7569678","t":89593.0,"r":89593.0,"q":3.67,"p":450.0,"mot":"U","mo":89593.0},{"cn":"","ui":"","t":0.0,"r":0.0,"q":0.0,"p":0.0,"mot":"L","mo":0.0}]},{"d":"16.06.2020","r":97718.0,"q":3.54,"p":439.69,"s":[{"cn":"Real Idanha Ltd.","ui":"8204582","t":6100.0,"r":6100.0,"q":1.79,"p":284.9,"mot":"U","mo":6100.0},{"cn":"frania82 Инвест","ui":"7569678","t":91618.0,"r":91618.0,"q":3.66,"p":450.0,"mot":"U","mo":91618.0},{"cn":"","ui":"","t":0.0,"r":0.0,"q":0.0,"p":0.0,"mot":"L","mo":0.0}]},{"d":"17.06.2020","r":6100.0,"q":1.79,"p":284.9,"s":[{"cn":"Королев Финанс","ui":"8204582","t":6100.0,"r":6100.0,"q":1.79,"p":284.9,"mot":"U","mo":6100.0},{"cn":"","ui":"","t":0.0,"r":0.0,"q":0.0,"p":0.0,"mot":"L","mo":0.0}]},{"d":"22.06.2020","r":19194.0,"q":4.17,"p":79.0,"s":[{"cn":"Ukrhimsnab","ui":"8351561","t":19194.0,"r":19194.0,"q":4.17,"p":79.0,"mot":"U","mo":19194.0},{"cn":"","ui":"","t":0.0,"r":0.0,"q":0.0,"p":0.0,"mot":"L","mo":0.0}]},{"d":"23.06.2020","r":19194.0,"q":4.17,"p":69.0,"s":[{"cn":"Ukrhimsnab","ui":"8351561","t":19194.0,"r":19194.0,"q":4.17,"p":69.0,"mot":"U","mo":19194.0},{"cn":"","ui":"","t":0.0,"r":0.0,"q":0.0,"p":0.0,"mot":"L","mo":0.0}]},{"d":"06.07.2020","r":1519.0,"q":6.53,"p":350.0,"s":[{"cn":"BardakObama Ltd.","ui":"8276397","t":1519.0,"r":1519.0,"q":6.53,"p":350.0,"mot":"U","mo":1519.0},{"cn":"","ui":"","t":0.0,"r":0.0,"q":0.0,"p":0.0,"mot":"L","mo":0.0}]},{"d":"07.07.2020","r":19194.0,"q":4.17,"p":59.0,"s":[{"cn":"Ukrhimsnab","ui":"8351561","t":19194.0,"r":19194.0,"q":4.17,"p":59.0,"mot":"U","mo":19194.0},{"cn":"","ui":"","t":0.0,"r":0.0,"q":0.0,"p":0.0,"mot":"L","mo":0.0}]},{"d":"09.07.2020","r":19194.0,"q":4.17,"p":29.0,"s":[{"cn":"Ukrhimsnab","ui":"8351561","t":19194.0,"r":19194.0,"q":4.17,"p":29.0,"mot":"U","mo":19194.0},{"cn":"","ui":"","t":0.0,"r":0.0,"q":0.0,"p":0.0,"mot":"L","mo":0.0}]},{"d":"13.07.2020","r":104493.0,"q":3.55,"p":450.0,"s":[{"cn":"frania82 Инвест","ui":"7569678","t":104493.0,"r":104493.0,"q":3.55,"p":450.0,"mot":"U","mo":104493.0},{"cn":"","ui":"","t":0.0,"r":0.0,"q":0.0,"p":0.0,"mot":"L","mo":0.0}]},{"d":"16.10.2020","r":26400.0,"q":4.37,"p":86.19,"s":[{"cn":"Axel Capital Ltd","ui":"8259336","t":7206.0,"r":7206.0,"q":4.89,"p":100.0,"mot":"U","mo":7206.0},{"cn":"Ukrhimsnab","ui":"8351561","t":19194.0,"r":19194.0,"q":4.17,"p":81.0,"mot":"U","mo":19194.0},{"cn":"","ui":"","t":0.0,"r":0.0,"q":0.0,"p":0.0,"mot":"L","mo":0.0}]},{"d":"07.01.2021","r":26400.0,"q":4.37,"p":120.0,"s":[{"cn":"Олимп Трейд","ui":"8353649","t":7206.0,"r":7206.0,"q":4.89,"p":120.0,"mot":"U","mo":7206.0},{"cn":"Gusev52 Ltd.","ui":"8362369","t":19194.0,"r":19194.0,"q":4.17,"p":120.0,"mot":"U","mo":19194.0},{"cn":"","ui":"","t":0.0,"r":0.0,"q":0.0,"p":0.0,"mot":"L","mo":0.0}]},{"d":"22.02.2021","r":4900.0,"q":1.0,"p":279.0,"s":[{"cn":"Тренд Мода","ui":"8278504","t":4900.0,"r":4900.0,"q":1.0,"p":279.0,"mot":"U","mo":4900.0},{"cn":"","ui":"","t":0.0,"r":0.0,"q":0.0,"p":0.0,"mot":"L","mo":0.0}]},{"d":"22.10.2021","r":36400.0,"q":4.14,"p":217.91,"s":[{"cn":"Олимп Трейд","ui":"8353649","t":26400.0,"r":26400.0,"q":4.37,"p":130.0,"mot":"U","mo":26400.0},{"cn":"frania82 Инвест","ui":"7569678","t":104493.0,"r":104493.0,"q":3.55,"p":450.0,"mot":"L","mo":10000.0},{"cn":"","ui":"","t":0.0,"r":0.0,"q":0.0,"p":0.0,"mot":"L","mo":0.0}]},{"d":"30.11.2021","r":160789.0,"q":3.35,"p":128.14,"s":[{"cn":"Олимп Трейд","ui":"8353649","t":130893.0,"r":130893.0,"q":3.71,"p":130.0,"mot":"U","mo":130893.0},{"cn":"БАЛКАНАР-СЕРВИС","ui":"8350469","t":29896.0,"r":29896.0,"q":1.8,"p":120.0,"mot":"L","mo":29896.0},{"cn":"","ui":"","t":0.0,"r":0.0,"q":0.0,"p":0.0,"mot":"L","mo":0.0}]},{"d":"10.12.2021","r":166889.0,"q":3.3,"p":131.83,"s":[{"cn":"Олимп Трейд","ui":"8353649","t":160789.0,"r":160789.0,"q":3.36,"p":130.0,"mot":"U","mo":160789.0},{"cn":"","ui":"","t":6100.0,"r":6100.0,"q":1.79,"p":180.0,"mot":"L","mo":6100.0}]},{"d":"27.12.2021","r":166889.0,"q":3.3,"p":130.0,"s":[{"cn":"Олимп Трейд","ui":"8353649","t":166889.0,"r":166889.0,"q":3.3,"p":130.0,"mot":"U","mo":166889.0},{"cn":"","ui":"","t":0.0,"r":0.0,"q":0.0,"p":0.0,"mot":"L","mo":0.0}]},{"d":"06.06.2022","r":3870.0,"q":6.92,"p":3750.0,"s":[{"cn":"Tough Ltd.","ui":"9018019","t":3870.0,"r":3870.0,"q":6.92,"p":3750.0,"mot":"U","mo":3870.0},{"cn":"","ui":"","t":0.0,"r":0.0,"q":0.0,"p":0.0,"mot":"L","mo":0.0}]},{"d":"07.06.2022","r":4823.0,"q":6.94,"p":3750.0,"s":[{"cn":"Tough Ltd.","ui":"9018019","t":4823.0,"r":4823.0,"q":6.94,"p":3750.0,"mot":"U","mo":4823.0},{"cn":"","ui":"","t":0.0,"r":0.0,"q":0.0,"p":0.0,"mot":"L","mo":0.0}]},{"d":"08.06.2022","r":5774.0,"q":6.94,"p":3750.0,"s":[{"cn":"Tough Ltd.","ui":"9018019","t":5774.0,"r":5774.0,"q":6.94,"p":3750.0,"mot":"U","mo":5774.0},{"cn":"","ui":"","t":0.0,"r":0.0,"q":0.0,"p":0.0,"mot":"L","mo":0.0}]},{"d":"09.06.2022","r":6708.0,"q":6.95,"p":3750.0,"s":[{"cn":"Tough Ltd.","ui":"9018019","t":6708.0,"r":6708.0,"q":6.95,"p":3750.0,"mot":"U","mo":6708.0},{"cn":"","ui":"","t":0.0,"r":0.0,"q":0.0,"p":0.0,"mot":"L","mo":0.0}]},{"d":"10.06.2022","r":6918.0,"q":6.96,"p":3750.0,"s":[{"cn":"Tough Ltd.","ui":"9018019","t":6918.0,"r":6918.0,"q":6.96,"p":3750.0,"mot":"U","mo":6918.0},{"cn":"","ui":"","t":0.0,"r":0.0,"q":0.0,"p":0.0,"mot":"L","mo":0.0}]},{"d":"13.06.2022","r":7539.0,"q":6.96,"p":3750.0,"s":[{"cn":"Tough Ltd.","ui":"9018019","t":7539.0,"r":7539.0,"q":6.96,"p":3750.0,"mot":"U","mo":7539.0},{"cn":"","ui":"","t":0.0,"r":0.0,"q":0.0,"p":0.0,"mot":"L","mo":0.0}]},{"d":"14.06.2022","r":7746.0,"q":6.96,"p":3750.0,"s":[{"cn":"Tough Ltd.","ui":"9018019","t":7746.0,"r":7746.0,"q":6.96,"p":3750.0,"mot":"U","mo":7746.0},{"cn":"","ui":"","t":0.0,"r":0.0,"q":0.0,"p":0.0,"mot":"L","mo":0.0}]},{"d":"16.06.2022","r":8160.0,"q":6.97,"p":3750.0,"s":[{"cn":"Tough Ltd.","ui":"9018019","t":8160.0,"r":8160.0,"q":6.97,"p":3750.0,"mot":"U","mo":8160.0},{"cn":"","ui":"","t":0.0,"r":0.0,"q":0.0,"p":0.0,"mot":"L","mo":0.0}]},{"d":"17.06.2022","r":8367.0,"q":6.97,"p":3750.0,"s":[{"cn":"Tough Ltd.","ui":"9018019","t":8367.0,"r":8367.0,"q":6.97,"p":3750.0,"mot":"U","mo":8367.0},{"cn":"","ui":"","t":0.0,"r":0.0,"q":0.0,"p":0.0,"mot":"L","mo":0.0}]},{"d":"20.06.2022","r":8988.0,"q":6.96,"p":3750.0,"s":[{"cn":"Tough Ltd.","ui":"9018019","t":8988.0,"r":8988.0,"q":6.96,"p":3750.0,"mot":"U","mo":8988.0},{"cn":"","ui":"","t":0.0,"r":0.0,"q":0.0,"p":0.0,"mot":"L","mo":0.0}]},{"d":"21.06.2022","r":9195.0,"q":6.96,"p":3750.0,"s":[{"cn":"Tough Ltd.","ui":"9018019","t":9195.0,"r":9195.0,"q":6.96,"p":3750.0,"mot":"U","mo":9195.0},{"cn":"","ui":"","t":0.0,"r":0.0,"q":0.0,"p":0.0,"mot":"L","mo":0.0}]},{"d":"22.06.2022","r":9402.0,"q":6.96,"p":3750.0,"s":[{"cn":"Tough Ltd.","ui":"9018019","t":9402.0,"r":9402.0,"q":6.96,"p":3750.0,"mot":"U","mo":9402.0},{"cn":"","ui":"","t":0.0,"r":0.0,"q":0.0,"p":0.0,"mot":"L","mo":0.0}]},{"d":"23.06.2022","r":9609.0,"q":6.96,"p":3750.0,"s":[{"cn":"Tough Ltd.","ui":"9018019","t":9609.0,"r":9609.0,"q":6.96,"p":3750.0,"mot":"U","mo":9609.0},{"cn":"","ui":"","t":0.0,"r":0.0,"q":0.0,"p":0.0,"mot":"L","mo":0.0}]},{"d":"24.06.2022","r":9816.0,"q":6.95,"p":3750.0,"s":[{"cn":"Tough Ltd.","ui":"9018019","t":9816.0,"r":9816.0,"q":6.95,"p":3750.0,"mot":"U","mo":9816.0},{"cn":"","ui":"","t":0.0,"r":0.0,"q":0.0,"p":0.0,"mot":"L","mo":0.0}]},{"d":"27.06.2022","r":10437.0,"q":6.94,"p":3750.0,"s":[{"cn":"Tough Ltd.","ui":"9018019","t":10437.0,"r":10437.0,"q":6.94,"p":3750.0,"mot":"U","mo":10437.0},{"cn":"","ui":"","t":0.0,"r":0.0,"q":0.0,"p":0.0,"mot":"L","mo":0.0}]},{"d":"28.06.2022","r":10644.0,"q":6.94,"p":3750.0,"s":[{"cn":"Tough Ltd.","ui":"9018019","t":10644.0,"r":10644.0,"q":6.94,"p":3750.0,"mot":"U","mo":10644.0},{"cn":"","ui":"","t":0.0,"r":0.0,"q":0.0,"p":0.0,"mot":"L","mo":0.0}]},{"d":"29.06.2022","r":10851.0,"q":6.93,"p":3750.0,"s":[{"cn":"Tough Ltd.","ui":"9018019","t":10851.0,"r":10851.0,"q":6.93,"p":3750.0,"mot":"U","mo":10851.0},{"cn":"","ui":"","t":0.0,"r":0.0,"q":0.0,"p":0.0,"mot":"L","mo":0.0}]},{"d":"30.06.2022","r":11058.0,"q":6.92,"p":3750.0,"s":[{"cn":"Tough Ltd.","ui":"9018019","t":11058.0,"r":11058.0,"q":6.92,"p":3750.0,"mot":"U","mo":11058.0},{"cn":"","ui":"","t":0.0,"r":0.0,"q":0.0,"p":0.0,"mot":"L","mo":0.0}]},{"d":"01.07.2022","r":11265.0,"q":6.92,"p":3750.0,"s":[{"cn":"Tough Ltd.","ui":"9018019","t":11265.0,"r":11265.0,"q":6.92,"p":3750.0,"mot":"U","mo":11265.0},{"cn":"","ui":"","t":0.0,"r":0.0,"q":0.0,"p":0.0,"mot":"L","mo":0.0}]},{"d":"04.07.2022","r":11886.0,"q":6.89,"p":3750.0,"s":[{"cn":"Tough Ltd.","ui":"9018019","t":11886.0,"r":11886.0,"q":6.89,"p":3750.0,"mot":"U","mo":11886.0},{"cn":"","ui":"","t":0.0,"r":0.0,"q":0.0,"p":0.0,"mot":"L","mo":0.0}]},{"d":"05.07.2022","r":12093.0,"q":6.88,"p":3750.0,"s":[{"cn":"Tough Ltd.","ui":"9018019","t":12093.0,"r":12093.0,"q":6.88,"p":3750.0,"mot":"U","mo":12093.0},{"cn":"","ui":"","t":0.0,"r":0.0,"q":0.0,"p":0.0,"mot":"L","mo":0.0}]},{"d":"06.07.2022","r":12300.0,"q":6.87,"p":3750.0,"s":[{"cn":"Tough Ltd.","ui":"9018019","t":12300.0,"r":12300.0,"q":6.87,"p":3750.0,"mot":"U","mo":12300.0},{"cn":"","ui":"","t":0.0,"r":0.0,"q":0.0,"p":0.0,"mot":"L","mo":0.0}]},{"d":"07.07.2022","r":12507.0,"q":6.86,"p":3750.0,"s":[{"cn":"Tough Ltd.","ui":"9018019","t":12507.0,"r":12507.0,"q":6.86,"p":3750.0,"mot":"U","mo":12507.0},{"cn":"","ui":"","t":0.0,"r":0.0,"q":0.0,"p":0.0,"mot":"L","mo":0.0}]},{"d":"08.07.2022","r":12714.0,"q":6.85,"p":3750.0,"s":[{"cn":"Tough Ltd.","ui":"9018019","t":12714.0,"r":12714.0,"q":6.85,"p":3750.0,"mot":"U","mo":12714.0},{"cn":"","ui":"","t":0.0,"r":0.0,"q":0.0,"p":0.0,"mot":"L","mo":0.0}]},{"d":"11.07.2022","r":13335.0,"q":6.82,"p":3750.0,"s":[{"cn":"Tough Ltd.","ui":"9018019","t":13335.0,"r":13335.0,"q":6.82,"p":3750.0,"mot":"U","mo":13335.0},{"cn":"","ui":"","t":0.0,"r":0.0,"q":0.0,"p":0.0,"mot":"L","mo":0.0}]},{"d":"12.07.2022","r":13542.0,"q":6.81,"p":3750.0,"s":[{"cn":"Tough Ltd.","ui":"9018019","t":13542.0,"r":13542.0,"q":6.81,"p":3750.0,"mot":"U","mo":13542.0},{"cn":"","ui":"","t":0.0,"r":0.0,"q":0.0,"p":0.0,"mot":"L","mo":0.0}]},{"d":"13.07.2022","r":13749.0,"q":6.8,"p":3750.0,"s":[{"cn":"Tough Ltd.","ui":"9018019","t":13749.0,"r":13749.0,"q":6.8,"p":3750.0,"mot":"U","mo":13749.0},{"cn":"","ui":"","t":0.0,"r":0.0,"q":0.0,"p":0.0,"mot":"L","mo":0.0}]},{"d":"14.07.2022","r":13956.0,"q":6.79,"p":3750.0,"s":[{"cn":"Tough Ltd.","ui":"9018019","t":13956.0,"r":13956.0,"q":6.79,"p":3750.0,"mot":"U","mo":13956.0},{"cn":"","ui":"","t":0.0,"r":0.0,"q":0.0,"p":0.0,"mot":"L","mo":0.0}]},{"d":"15.07.2022","r":14163.0,"q":6.78,"p":3750.0,"s":[{"cn":"Tough Ltd.","ui":"9018019","t":14163.0,"r":14163.0,"q":6.78,"p":3750.0,"mot":"U","mo":14163.0},{"cn":"","ui":"","t":0.0,"r":0.0,"q":0.0,"p":0.0,"mot":"L","mo":0.0}]},{"d":"18.07.2022","r":14784.0,"q":6.74,"p":3750.0,"s":[{"cn":"Tough Ltd.","ui":"9018019","t":14784.0,"r":14784.0,"q":6.74,"p":3750.0,"mot":"U","mo":14784.0},{"cn":"","ui":"","t":0.0,"r":0.0,"q":0.0,"p":0.0,"mot":"L","mo":0.0}]},{"d":"19.07.2022","r":14991.0,"q":6.73,"p":3750.0,"s":[{"cn":"Tough Ltd.","ui":"9018019","t":14991.0,"r":14991.0,"q":6.73,"p":3750.0,"mot":"U","mo":14991.0},{"cn":"","ui":"","t":0.0,"r":0.0,"q":0.0,"p":0.0,"mot":"L","mo":0.0}]},{"d":"20.07.2022","r":15198.0,"q":6.71,"p":3750.0,"s":[{"cn":"Tough Ltd.","ui":"9018019","t":15198.0,"r":15198.0,"q":6.71,"p":3750.0,"mot":"U","mo":15198.0},{"cn":"","ui":"","t":0.0,"r":0.0,"q":0.0,"p":0.0,"mot":"L","mo":0.0}]},{"d":"21.07.2022","r":15405.0,"q":6.7,"p":3750.0,"s":[{"cn":"Tough Ltd.","ui":"9018019","t":15405.0,"r":15405.0,"q":6.7,"p":3750.0,"mot":"U","mo":15405.0},{"cn":"","ui":"","t":0.0,"r":0.0,"q":0.0,"p":0.0,"mot":"L","mo":0.0}]},{"d":"22.07.2022","r":15612.0,"q":6.69,"p":3750.0,"s":[{"cn":"Tough Ltd.","ui":"9018019","t":15612.0,"r":15612.0,"q":6.69,"p":3750.0,"mot":"U","mo":15612.0},{"cn":"","ui":"","t":0.0,"r":0.0,"q":0.0,"p":0.0,"mot":"L","mo":0.0}]},{"d":"25.07.2022","r":16233.0,"q":6.65,"p":3750.0,"s":[{"cn":"Tough Ltd.","ui":"9018019","t":16233.0,"r":16233.0,"q":6.65,"p":3750.0,"mot":"U","mo":16233.0},{"cn":"","ui":"","t":0.0,"r":0.0,"q":0.0,"p":0.0,"mot":"L","mo":0.0}]},{"d":"26.07.2022","r":16440.0,"q":6.63,"p":3750.0,"s":[{"cn":"Tough Ltd.","ui":"9018019","t":16440.0,"r":16440.0,"q":6.63,"p":3750.0,"mot":"U","mo":16440.0},{"cn":"","ui":"","t":0.0,"r":0.0,"q":0.0,"p":0.0,"mot":"L","mo":0.0}]},{"d":"27.07.2022","r":16647.0,"q":6.62,"p":3750.0,"s":[{"cn":"Tough Ltd.","ui":"9018019","t":16647.0,"r":16647.0,"q":6.62,"p":3750.0,"mot":"U","mo":16647.0},{"cn":"","ui":"","t":0.0,"r":0.0,"q":0.0,"p":0.0,"mot":"L","mo":0.0}]},{"d":"28.07.2022","r":16854.0,"q":6.61,"p":3750.0,"s":[{"cn":"Tough Ltd.","ui":"9018019","t":16854.0,"r":16854.0,"q":6.61,"p":3750.0,"mot":"U","mo":16854.0},{"cn":"","ui":"","t":0.0,"r":0.0,"q":0.0,"p":0.0,"mot":"L","mo":0.0}]},{"d":"29.07.2022","r":17061.0,"q":6.59,"p":3750.0,"s":[{"cn":"Tough Ltd.","ui":"9018019","t":17061.0,"r":17061.0,"q":6.59,"p":3750.0,"mot":"U","mo":17061.0},{"cn":"","ui":"","t":0.0,"r":0.0,"q":0.0,"p":0.0,"mot":"L","mo":0.0}]},{"d":"01.08.2022","r":17682.0,"q":6.55,"p":3750.0,"s":[{"cn":"Tough Ltd.","ui":"9018019","t":17682.0,"r":17682.0,"q":6.55,"p":3750.0,"mot":"U","mo":17682.0},{"cn":"","ui":"","t":0.0,"r":0.0,"q":0.0,"p":0.0,"mot":"L","mo":0.0}]},{"d":"02.08.2022","r":17889.0,"q":6.53,"p":3750.0,"s":[{"cn":"Tough Ltd.","ui":"9018019","t":17889.0,"r":17889.0,"q":6.53,"p":3750.0,"mot":"U","mo":17889.0},{"cn":"","ui":"","t":0.0,"r":0.0,"q":0.0,"p":0.0,"mot":"L","mo":0.0}]},{"d":"03.08.2022","r":18096.0,"q":6.52,"p":3750.0,"s":[{"cn":"Tough Ltd.","ui":"9018019","t":18096.0,"r":18096.0,"q":6.52,"p":3750.0,"mot":"U","mo":18096.0},{"cn":"","ui":"","t":0.0,"r":0.0,"q":0.0,"p":0.0,"mot":"L","mo":0.0}]},{"d":"04.08.2022","r":18303.0,"q":6.5,"p":3750.0,"s":[{"cn":"Tough Ltd.","ui":"9018019","t":18303.0,"r":18303.0,"q":6.5,"p":3750.0,"mot":"U","mo":18303.0},{"cn":"","ui":"","t":0.0,"r":0.0,"q":0.0,"p":0.0,"mot":"L","mo":0.0}]},{"d":"05.08.2022","r":18510.0,"q":6.49,"p":3750.0,"s":[{"cn":"Tough Ltd.","ui":"9018019","t":18510.0,"r":18510.0,"q":6.49,"p":3750.0,"mot":"U","mo":18510.0},{"cn":"","ui":"","t":0.0,"r":0.0,"q":0.0,"p":0.0,"mot":"L","mo":0.0}]},{"d":"08.08.2022","r":19131.0,"q":6.44,"p":3750.0,"s":[{"cn":"Tough Ltd.","ui":"9018019","t":19131.0,"r":19131.0,"q":6.44,"p":3750.0,"mot":"U","mo":19131.0},{"cn":"","ui":"","t":0.0,"r":0.0,"q":0.0,"p":0.0,"mot":"L","mo":0.0}]},{"d":"09.08.2022","r":19338.0,"q":6.43,"p":3750.0,"s":[{"cn":"Tough Ltd.","ui":"9018019","t":19338.0,"r":19338.0,"q":6.43,"p":3750.0,"mot":"U","mo":19338.0},{"cn":"","ui":"","t":0.0,"r":0.0,"q":0.0,"p":0.0,"mot":"L","mo":0.0}]},{"d":"10.08.2022","r":19545.0,"q":6.41,"p":3750.0,"s":[{"cn":"Tough Ltd.","ui":"9018019","t":19545.0,"r":19545.0,"q":6.41,"p":3750.0,"mot":"U","mo":19545.0},{"cn":"","ui":"","t":0.0,"r":0.0,"q":0.0,"p":0.0,"mot":"L","mo":0.0}]},{"d":"11.08.2022","r":19752.0,"q":6.39,"p":3750.0,"s":[{"cn":"Tough Ltd.","ui":"9018019","t":19752.0,"r":19752.0,"q":6.39,"p":3750.0,"mot":"U","mo":19752.0},{"cn":"","ui":"","t":0.0,"r":0.0,"q":0.0,"p":0.0,"mot":"L","mo":0.0}]},{"d":"12.08.2022","r":19959.0,"q":6.38,"p":3750.0,"s":[{"cn":"Tough Ltd.","ui":"9018019","t":19959.0,"r":19959.0,"q":6.38,"p":3750.0,"mot":"U","mo":19959.0},{"cn":"","ui":"","t":0.0,"r":0.0,"q":0.0,"p":0.0,"mot":"L","mo":0.0}]},{"d":"15.08.2022","r":20580.0,"q":6.33,"p":3750.0,"s":[{"cn":"Tough Ltd.","ui":"9018019","t":20580.0,"r":20580.0,"q":6.33,"p":3750.0,"mot":"U","mo":20580.0},{"cn":"","ui":"","t":0.0,"r":0.0,"q":0.0,"p":0.0,"mot":"L","mo":0.0}]},{"d":"16.08.2022","r":20787.0,"q":6.32,"p":3750.0,"s":[{"cn":"Tough Ltd.","ui":"9018019","t":20787.0,"r":20787.0,"q":6.32,"p":3750.0,"mot":"U","mo":20787.0},{"cn":"","ui":"","t":0.0,"r":0.0,"q":0.0,"p":0.0,"mot":"L","mo":0.0}]},{"d":"17.08.2022","r":20994.0,"q":6.3,"p":3750.0,"s":[{"cn":"Tough Ltd.","ui":"9018019","t":20994.0,"r":20994.0,"q":6.3,"p":3750.0,"mot":"U","mo":20994.0},{"cn":"","ui":"","t":0.0,"r":0.0,"q":0.0,"p":0.0,"mot":"L","mo":0.0}]},{"d":"18.08.2022","r":21201.0,"q":6.29,"p":3750.0,"s":[{"cn":"Tough Ltd.","ui":"9018019","t":21201.0,"r":21201.0,"q":6.29,"p":3750.0,"mot":"U","mo":21201.0},{"cn":"","ui":"","t":0.0,"r":0.0,"q":0.0,"p":0.0,"mot":"L","mo":0.0}]},{"d":"19.08.2022","r":21408.0,"q":6.27,"p":3750.0,"s":[{"cn":"Tough Ltd.","ui":"9018019","t":21408.0,"r":21408.0,"q":6.27,"p":3750.0,"mot":"U","mo":21408.0},{"cn":"","ui":"","t":0.0,"r":0.0,"q":0.0,"p":0.0,"mot":"L","mo":0.0}]},{"d":"22.08.2022","r":22029.0,"q":6.22,"p":3750.0,"s":[{"cn":"Tough Ltd.","ui":"9018019","t":22029.0,"r":22029.0,"q":6.22,"p":3750.0,"mot":"U","mo":22029.0},{"cn":"","ui":"","t":0.0,"r":0.0,"q":0.0,"p":0.0,"mot":"L","mo":0.0}]},{"d":"23.08.2022","r":22236.0,"q":6.2,"p":3750.0,"s":[{"cn":"Tough Ltd.","ui":"9018019","t":22236.0,"r":22236.0,"q":6.2,"p":3750.0,"mot":"U","mo":22236.0},{"cn":"","ui":"","t":0.0,"r":0.0,"q":0.0,"p":0.0,"mot":"L","mo":0.0}]},{"d":"24.08.2022","r":22443.0,"q":6.19,"p":3750.0,"s":[{"cn":"Tough Ltd.","ui":"9018019","t":22443.0,"r":22443.0,"q":6.19,"p":3750.0,"mot":"U","mo":22443.0},{"cn":"","ui":"","t":0.0,"r":0.0,"q":0.0,"p":0.0,"mot":"L","mo":0.0}]},{"d":"25.08.2022","r":22650.0,"q":6.17,"p":3750.0,"s":[{"cn":"Tough Ltd.","ui":"9018019","t":22650.0,"r":22650.0,"q":6.17,"p":3750.0,"mot":"U","mo":22650.0},{"cn":"","ui":"","t":0.0,"r":0.0,"q":0.0,"p":0.0,"mot":"L","mo":0.0}]},{"d":"26.08.2022","r":22857.0,"q":6.15,"p":3750.0,"s":[{"cn":"Tough Ltd.","ui":"9018019","t":22857.0,"r":22857.0,"q":6.15,"p":3750.0,"mot":"U","mo":22857.0},{"cn":"","ui":"","t":0.0,"r":0.0,"q":0.0,"p":0.0,"mot":"L","mo":0.0}]},{"d":"29.08.2022","r":23478.0,"q":6.1,"p":3750.0,"s":[{"cn":"Tough Ltd.","ui":"9018019","t":23478.0,"r":23478.0,"q":6.1,"p":3750.0,"mot":"U","mo":23478.0},{"cn":"","ui":"","t":0.0,"r":0.0,"q":0.0,"p":0.0,"mot":"L","mo":0.0}]},{"d":"30.08.2022","r":23685.0,"q":6.08,"p":3750.0,"s":[{"cn":"Tough Ltd.","ui":"9018019","t":23685.0,"r":23685.0,"q":6.08,"p":3750.0,"mot":"U","mo":23685.0},{"cn":"","ui":"","t":0.0,"r":0.0,"q":0.0,"p":0.0,"mot":"L","mo":0.0}]},{"d":"31.08.2022","r":23892.0,"q":6.06,"p":3750.0,"s":[{"cn":"Tough Ltd.","ui":"9018019","t":23892.0,"r":23892.0,"q":6.06,"p":3750.0,"mot":"U","mo":23892.0},{"cn":"","ui":"","t":0.0,"r":0.0,"q":0.0,"p":0.0,"mot":"L","mo":0.0}]},{"d":"01.09.2022","r":24099.0,"q":6.04,"p":3750.0,"s":[{"cn":"Tough Ltd.","ui":"9018019","t":24099.0,"r":24099.0,"q":6.04,"p":3750.0,"mot":"U","mo":24099.0},{"cn":"","ui":"","t":0.0,"r":0.0,"q":0.0,"p":0.0,"mot":"L","mo":0.0}]},{"d":"02.09.2022","r":24306.0,"q":6.02,"p":3750.0,"s":[{"cn":"Tough Ltd.","ui":"9018019","t":24306.0,"r":24306.0,"q":6.02,"p":3750.0,"mot":"U","mo":24306.0},{"cn":"","ui":"","t":0.0,"r":0.0,"q":0.0,"p":0.0,"mot":"L","mo":0.0}]},{"d":"05.09.2022","r":24927.0,"q":5.97,"p":3750.0,"s":[{"cn":"Tough Ltd.","ui":"9018019","t":24927.0,"r":24927.0,"q":5.97,"p":3750.0,"mot":"U","mo":24927.0},{"cn":"","ui":"","t":0.0,"r":0.0,"q":0.0,"p":0.0,"mot":"L","mo":0.0}]},{"d":"06.09.2022","r":25134.0,"q":5.95,"p":3750.0,"s":[{"cn":"Tough Ltd.","ui":"9018019","t":25134.0,"r":25134.0,"q":5.95,"p":3750.0,"mot":"U","mo":25134.0},{"cn":"","ui":"","t":0.0,"r":0.0,"q":0.0,"p":0.0,"mot":"L","mo":0.0}]},{"d":"07.09.2022","r":25341.0,"q":5.93,"p":3750.0,"s":[{"cn":"Tough Ltd.","ui":"9018019","t":25341.0,"r":25341.0,"q":5.93,"p":3750.0,"mot":"U","mo":25341.0},{"cn":"","ui":"","t":0.0,"r":0.0,"q":0.0,"p":0.0,"mot":"L","mo":0.0}]},{"d":"08.09.2022","r":25548.0,"q":5.91,"p":3750.0,"s":[{"cn":"Tough Ltd.","ui":"9018019","t":25548.0,"r":25548.0,"q":5.91,"p":3750.0,"mot":"U","mo":25548.0},{"cn":"","ui":"","t":0.0,"r":0.0,"q":0.0,"p":0.0,"mot":"L","mo":0.0}]},{"d":"09.09.2022","r":25755.0,"q":5.89,"p":3750.0,"s":[{"cn":"Tough Ltd.","ui":"9018019","t":25755.0,"r":25755.0,"q":5.89,"p":3750.0,"mot":"U","mo":25755.0},{"cn":"","ui":"","t":0.0,"r":0.0,"q":0.0,"p":0.0,"mot":"L","mo":0.0}]},{"d":"12.09.2022","r":26376.0,"q":5.83,"p":3750.0,"s":[{"cn":"Tough Ltd.","ui":"9018019","t":26376.0,"r":26376.0,"q":5.83,"p":3750.0,"mot":"U","mo":26376.0},{"cn":"","ui":"","t":0.0,"r":0.0,"q":0.0,"p":0.0,"mot":"L","mo":0.0}]},{"d":"13.09.2022","r":26583.0,"q":5.81,"p":3750.0,"s":[{"cn":"Tough Ltd.","ui":"9018019","t":26583.0,"r":26583.0,"q":5.81,"p":3750.0,"mot":"U","mo":26583.0},{"cn":"","ui":"","t":0.0,"r":0.0,"q":0.0,"p":0.0,"mot":"L","mo":0.0}]},{"d":"14.09.2022","r":26790.0,"q":5.79,"p":3750.0,"s":[{"cn":"Tough Ltd.","ui":"9018019","t":26790.0,"r":26790.0,"q":5.79,"p":3750.0,"mot":"U","mo":26790.0},{"cn":"","ui":"","t":0.0,"r":0.0,"q":0.0,"p":0.0,"mot":"L","mo":0.0}]},{"d":"15.09.2022","r":26997.0,"q":5.77,"p":3750.0,"s":[{"cn":"Tough Ltd.","ui":"9018019","t":26997.0,"r":26997.0,"q":5.77,"p":3750.0,"mot":"U","mo":26997.0},{"cn":"","ui":"","t":0.0,"r":0.0,"q":0.0,"p":0.0,"mot":"L","mo":0.0}]},{"d":"16.09.2022","r":27204.0,"q":5.75,"p":3750.0,"s":[{"cn":"Tough Ltd.","ui":"9018019","t":27204.0,"r":27204.0,"q":5.75,"p":3750.0,"mot":"U","mo":27204.0},{"cn":"","ui":"","t":0.0,"r":0.0,"q":0.0,"p":0.0,"mot":"L","mo":0.0}]},{"d":"19.09.2022","r":27825.0,"q":5.69,"p":3750.0,"s":[{"cn":"Tough Ltd.","ui":"9018019","t":27825.0,"r":27825.0,"q":5.69,"p":3750.0,"mot":"U","mo":27825.0},{"cn":"","ui":"","t":0.0,"r":0.0,"q":0.0,"p":0.0,"mot":"L","mo":0.0}]},{"d":"20.09.2022","r":28032.0,"q":5.67,"p":3750.0,"s":[{"cn":"Tough Ltd.","ui":"9018019","t":28032.0,"r":28032.0,"q":5.67,"p":3750.0,"mot":"U","mo":28032.0},{"cn":"","ui":"","t":0.0,"r":0.0,"q":0.0,"p":0.0,"mot":"L","mo":0.0}]},{"d":"21.09.2022","r":28239.0,"q":5.65,"p":3750.0,"s":[{"cn":"Tough Ltd.","ui":"9018019","t":28239.0,"r":28239.0,"q":5.65,"p":3750.0,"mot":"U","mo":28239.0},{"cn":"","ui":"","t":0.0,"r":0.0,"q":0.0,"p":0.0,"mot":"L","mo":0.0}]},{"d":"22.09.2022","r":28446.0,"q":5.63,"p":3750.0,"s":[{"cn":"Tough Ltd.","ui":"9018019","t":28446.0,"r":28446.0,"q":5.63,"p":3750.0,"mot":"U","mo":28446.0},{"cn":"","ui":"","t":0.0,"r":0.0,"q":0.0,"p":0.0,"mot":"L","mo":0.0}]},{"d":"23.09.2022","r":28653.0,"q":5.61,"p":3750.0,"s":[{"cn":"Tough Ltd.","ui":"9018019","t":28653.0,"r":28653.0,"q":5.61,"p":3750.0,"mot":"U","mo":28653.0},{"cn":"","ui":"","t":0.0,"r":0.0,"q":0.0,"p":0.0,"mot":"L","mo":0.0}]},{"d":"26.09.2022","r":29269.0,"q":5.55,"p":3750.0,"s":[{"cn":"Tough Ltd.","ui":"9018019","t":29269.0,"r":29269.0,"q":5.55,"p":3750.0,"mot":"U","mo":29269.0},{"cn":"","ui":"","t":0.0,"r":0.0,"q":0.0,"p":0.0,"mot":"L","mo":0.0}]},{"d":"27.09.2022","r":29466.0,"q":5.53,"p":3750.0,"s":[{"cn":"Tough Ltd.","ui":"9018019","t":29466.0,"r":29466.0,"q":5.53,"p":3750.0,"mot":"U","mo":29466.0},{"cn":"","ui":"","t":0.0,"r":0.0,"q":0.0,"p":0.0,"mot":"L","mo":0.0}]},{"d":"28.09.2022","r":29654.0,"q":5.51,"p":3750.0,"s":[{"cn":"Tough Ltd.","ui":"9018019","t":29654.0,"r":29654.0,"q":5.51,"p":3750.0,"mot":"U","mo":29654.0},{"cn":"","ui":"","t":0.0,"r":0.0,"q":0.0,"p":0.0,"mot":"L","mo":0.0}]},{"d":"29.09.2022","r":29838.0,"q":5.49,"p":3750.0,"s":[{"cn":"Tough Ltd.","ui":"9018019","t":29838.0,"r":29838.0,"q":5.49,"p":3750.0,"mot":"U","mo":29838.0},{"cn":"","ui":"","t":0.0,"r":0.0,"q":0.0,"p":0.0,"mot":"L","mo":0.0}]},{"d":"30.09.2022","r":196907.0,"q":3.63,"p":902.22,"s":[{"cn":"Tough Ltd.","ui":"9018019","t":30018.0,"r":30018.0,"q":5.47,"p":3750.0,"mot":"U","mo":30018.0},{"cn":"Олимп Трейд","ui":"8353649","t":166889.0,"r":166889.0,"q":3.3,"p":390.0,"mot":"U","mo":166889.0},{"cn":"","ui":"","t":0.0,"r":0.0,"q":0.0,"p":0.0,"mot":"L","mo":0.0}]}]