[{"pi":"17609","pc":"Продукты питания","ss":1000,"td":"Центр города","dc":2,"n":76.06,"vc":"485","sl":"Элитный","sv":"100","p":870.0,"q":5.01,"b":1.42,"ms":0.04,"wi":49.22,"ei":5.0,"as":337.0,"mi":"E","mv":275779,"sc":1,"lpe":99.96,"lpr":590.87,"lq":1.0,"d":451228},{"pi":"17609","pc":"Продукты питания","ss":10000,"td":"Центр города","dc":1,"n":443.28,"vc":"16736","sl":"Элитный","sv":"496","p":1500.0,"q":4.45,"b":0.0,"ms":0.31,"wi":60.1,"ei":6.0,"as":396.0,"mi":"E","mv":161543,"sc":2,"lpe":99.63,"lpr":604.72,"lq":1.0,"d":264316},{"pi":"17609","pc":"Продукты питания","ss":1000,"td":"Центр города","dc":2,"n":109.66,"vc":"486","sl":"Элитный","sv":"100","p":1250.0,"q":5.01,"b":1.42,"ms":0.06,"wi":60.1,"ei":6.0,"as":396.0,"mi":"E","mv":161543,"sc":2,"lpe":99.63,"lpr":604.72,"lq":1.0,"d":264316},{"pi":"17609","pc":"Продукты питания","ss":155000,"td":"Фешенебельный район","dc":2,"n":475.24,"vc":"96753","sl":"Элитный","sv":"160503","p":1720.0,"q":5.23,"b":0.0,"ms":13.0,"wi":62.72,"ei":7.0,"as":1148.0,"mi":"E","mv":1235054,"sc":6,"lpe":84.18,"lpr":951.81,"lq":1.15,"d":2007074},{"pi":"17609","pc":"Продукты питания","ss":21000,"td":"Центр города","dc":1,"n":383.31,"vc":"55416","sl":"Элитный","sv":"20779","p":2000.0,"q":3.84,"b":3.41,"ms":1.68,"wi":62.72,"ei":7.0,"as":1148.0,"mi":"E","mv":1235054,"sc":6,"lpe":84.18,"lpr":951.81,"lq":1.15,"d":2007074},{"pi":"17609","pc":"Продукты питания","ss":100000,"td":"Центр города","dc":1,"n":411.92,"vc":"236418","sl":"Элитный","sv":"10000","p":1500.0,"q":5.1,"b":0.0,"ms":0.81,"wi":62.72,"ei":7.0,"as":1148.0,"mi":"E","mv":1235054,"sc":6,"lpe":84.18,"lpr":951.81,"lq":1.15,"d":2007074},{"pi":"17609","pc":"Продукты питания","ss":1800,"td":"Центр города","dc":1,"n":128.25,"vc":"2192","sl":"Элитный","sv":"3000","p":1190.0,"q":4.01,"b":0.0,"ms":0.24,"wi":62.72,"ei":7.0,"as":1148.0,"mi":"E","mv":1235054,"sc":6,"lpe":84.18,"lpr":951.81,"lq":1.15,"d":2007074},{"pi":"17609","pc":"Продукты питания","ss":3000,"td":"Центр города","dc":2,"n":151.38,"vc":"2164","sl":"Элитный","sv":"1000","p":1300.0,"q":5.01,"b":0.87,"ms":0.08,"wi":62.72,"ei":7.0,"as":1148.0,"mi":"E","mv":1235054,"sc":6,"lpe":84.18,"lpr":951.81,"lq":1.15,"d":2007074},{"pi":"17609","pc":"Продукты питания","ss":10000,"td":"Спальный район","dc":2,"n":287.45,"vc":"8061","sl":"Элитный","sv":"107","p":2400.0,"q":4.47,"b":1.35,"ms":0.01,"wi":62.72,"ei":7.0,"as":1148.0,"mi":"E","mv":1235054,"sc":6,"lpe":84.18,"lpr":951.81,"lq":1.15,"d":2007074},{"pi":"17609","pc":"Продукты питания","ss":10000,"td":"Центр города","dc":1,"n":393.91,"vc":"27185","sl":"Элитный","sv":"1039","p":1500.0,"q":3.85,"b":2.57,"ms":0.08,"wi":25.92,"ei":9.22,"as":360.5,"mi":"E","mv":1245021,"sc":1,"lpe":99.92,"lpr":590.08,"lq":1.0,"d":3000100},{"pi":"17609","pc":"Продукты питания","ss":10000,"td":"Спальный район","dc":1,"n":447.01,"vc":"23049","sl":"Элитный","sv":"2000","p":2200.0,"q":4.53,"b":1.35,"ms":0.24,"wi":55.87,"ei":7.0,"as":994.0,"mi":"E","mv":824235,"sc":3,"lpe":99.41,"lpr":997.24,"lq":1.0,"d":1386711},{"pi":"17609","pc":"Продукты питания","ss":20000,"td":"Центр города","dc":1,"n":440.39,"vc":"49490","sl":"Элитный","sv":"1838","p":2500.0,"q":3.84,"b":3.41,"ms":0.22,"wi":55.87,"ei":7.0,"as":994.0,"mi":"E","mv":824235,"sc":3,"lpe":99.41,"lpr":997.24,"lq":1.0,"d":1386711},{"pi":"17609","pc":"Продукты питания","ss":1900,"td":"Центр города","dc":1,"n":132.55,"vc":"2028","sl":"Элитный","sv":"1000","p":1010.0,"q":4.01,"b":0.0,"ms":0.12,"wi":55.87,"ei":7.0,"as":994.0,"mi":"E","mv":824235,"sc":3,"lpe":99.41,"lpr":997.24,"lq":1.0,"d":1386711},{"pi":"17609","pc":"Продукты питания","ss":50000,"td":"Центр города","dc":1,"n":431.47,"vc":"92023","sl":"Элитный","sv":"13606","p":2200.0,"q":4.47,"b":0.0,"ms":1.91,"wi":56.61,"ei":7.0,"as":1036.07,"mi":"E","mv":711484,"sc":3,"lpe":97.76,"lpr":1008.28,"lq":1.0,"d":1285176},{"pi":"17609","pc":"Продукты питания","ss":40000,"td":"Центр города","dc":3,"n":452.36,"vc":"92259","sl":"Очень высокий","sv":"1331","p":2500.0,"q":4.51,"b":1.35,"ms":0.19,"wi":56.61,"ei":7.0,"as":1036.07,"mi":"E","mv":711484,"sc":3,"lpe":97.76,"lpr":1008.28,"lq":1.0,"d":1285176},{"pi":"17609","pc":"Продукты питания","ss":2200,"td":"Центр города","dc":1,"n":150.44,"vc":"2368","sl":"Элитный","sv":"1000","p":1120.0,"q":4.01,"b":0.0,"ms":0.14,"wi":56.61,"ei":7.0,"as":1036.07,"mi":"E","mv":711484,"sc":3,"lpe":97.76,"lpr":1008.28,"lq":1.0,"d":1285176},{"pi":"17609","pc":"Продукты питания","ss":100000,"td":"Центр города","dc":1,"n":415.55,"vc":"167899","sl":"Элитный","sv":"23","p":2000.0,"q":3.85,"b":4.34,"ms":0.0,"wi":47.6,"ei":7.77,"as":378.0,"mi":"E","mv":1349742,"sc":1,"lpe":100.0,"lpr":586.74,"lq":1.0,"d":2176390},{"pi":"17609","pc":"Продукты питания","ss":100000,"td":"Центр города","dc":1,"n":410.2,"vc":"301064","sl":"Элитный","sv":"150000","p":883.0,"q":4.17,"b":0.0,"ms":2.14,"wi":22.52,"ei":5.34,"as":224.4,"mi":"E","mv":7021531,"sc":1,"lpe":97.86,"lpr":586.19,"lq":1.0,"d":13372198},{"pi":"17609","pc":"Продукты питания","ss":100000,"td":"Центр города","dc":1,"n":393.58,"vc":"152433","sl":"Элитный","sv":"74","p":2000.0,"q":3.86,"b":2.24,"ms":0.01,"wi":20.66,"ei":13.7,"as":469.4,"mi":"E","mv":1010545,"sc":1,"lpe":99.99,"lpr":596.35,"lq":1.0,"d":3019600},{"pi":"17609","pc":"Продукты питания","ss":100000,"td":"Центр города","dc":1,"n":520.41,"vc":"323199","sl":"Элитный","sv":"109520","p":1100.0,"q":4.47,"b":0.0,"ms":27.35,"wi":48.91,"ei":7.0,"as":913.33,"mi":"E","mv":400370,"sc":1,"lpe":72.65,"lpr":530.12,"lq":1.13,"d":792900},{"pi":"17609","pc":"Продукты питания","ss":10000,"td":"Пригород","dc":3,"n":341.12,"vc":"4718","sl":"Элитный","sv":"827","p":2300.0,"q":4.42,"b":2.4,"ms":0.2,"wi":47.76,"ei":7.0,"as":1078.25,"mi":"E","mv":421294,"sc":2,"lpe":99.78,"lpr":1108.97,"lq":1.0,"d":842600},{"pi":"17609","pc":"Продукты питания","ss":1000,"td":"Центр города","dc":2,"n":64.67,"vc":"566","sl":"Элитный","sv":"100","p":1300.0,"q":5.01,"b":2.18,"ms":0.02,"wi":47.76,"ei":7.0,"as":1078.25,"mi":"E","mv":421294,"sc":2,"lpe":99.78,"lpr":1108.97,"lq":1.0,"d":842600},{"pi":"17609","pc":"Продукты питания","ss":500,"td":"Центр города","dc":2,"n":135.78,"vc":"282","sl":"Элитный","sv":"32","p":1120.74,"q":3.98,"b":0.0,"ms":0.11,"wi":25.77,"ei":6.2,"as":442.23,"mi":"E","mv":28145,"sc":1,"lpe":99.89,"lpr":592.79,"lq":1.0,"d":102460},{"pi":"17609","pc":"Продукты питания","ss":1000,"td":"Спальный район","dc":2,"n":320.19,"vc":"1064","sl":"Очень высокий","sv":"30","p":1200.0,"q":4.53,"b":0.57,"ms":0.03,"wi":54.46,"ei":6.0,"as":457.0,"mi":"E","mv":113643,"sc":1,"lpe":99.97,"lpr":597.03,"lq":1.0,"d":189700},{"pi":"17609","pc":"Продукты питания","ss":1000,"td":"Центр города","dc":2,"n":141.31,"vc":"437","sl":"Элитный","sv":"100","p":780.0,"q":5.01,"b":0.47,"ms":0.8,"wi":10.44,"ei":4.68,"as":324.4,"mi":"E","mv":12425,"sc":1,"lpe":99.2,"lpr":598.63,"lq":1.0,"d":211816},{"pi":"17609","pc":"Продукты питания","ss":16000,"td":"Окраина","dc":1,"n":458.72,"vc":"35426","sl":"Элитный","sv":"69785","p":1300.0,"q":2.98,"b":0.0,"ms":29.8,"wi":49.39,"ei":7.0,"as":1230.33,"mi":"E","mv":234144,"sc":4,"lpe":70.06,"lpr":906.98,"lq":1.12,"d":781464},{"pi":"17609","pc":"Продукты питания","ss":20000,"td":"Окраина","dc":6,"n":345.93,"vc":"11404","sl":"Очень высокий","sv":"125","p":2200.0,"q":4.24,"b":0.4,"ms":0.05,"wi":49.39,"ei":7.0,"as":1230.33,"mi":"E","mv":234144,"sc":4,"lpe":70.06,"lpr":906.98,"lq":1.12,"d":781464},{"pi":"17609","pc":"Продукты питания","ss":1000,"td":"Центр города","dc":2,"n":67.51,"vc":"560","sl":"Элитный","sv":"100","p":1200.0,"q":5.01,"b":1.49,"ms":0.04,"wi":49.39,"ei":7.0,"as":1230.33,"mi":"E","mv":234144,"sc":4,"lpe":70.06,"lpr":906.98,"lq":1.12,"d":781464},{"pi":"17609","pc":"Продукты питания","ss":15000,"td":"Центр города","dc":1,"n":372.44,"vc":"28779","sl":"Элитный","sv":"91","p":2750.0,"q":5.01,"b":2.29,"ms":0.04,"wi":49.39,"ei":7.0,"as":1230.33,"mi":"E","mv":234144,"sc":4,"lpe":70.06,"lpr":906.98,"lq":1.12,"d":781464},{"pi":"17609","pc":"Продукты питания","ss":40000,"td":"Центр города","dc":1,"n":512.94,"vc":"135899","sl":"Элитный","sv":"100000","p":1100.0,"q":4.47,"b":4.77,"ms":22.2,"wi":44.14,"ei":7.76,"as":812.25,"mi":"E","mv":450400,"sc":2,"lpe":77.72,"lpr":575.07,"lq":1.02,"d":867598},{"pi":"17609","pc":"Продукты питания","ss":15000,"td":"Окраина","dc":1,"n":327.73,"vc":"12669","sl":"Элитный","sv":"340","p":1200.0,"q":2.85,"b":0.0,"ms":0.08,"wi":44.14,"ei":7.76,"as":812.25,"mi":"E","mv":450400,"sc":2,"lpe":77.72,"lpr":575.07,"lq":1.02,"d":867598},{"pi":"17609","pc":"Продукты питания","ss":1000,"td":"Центр города","dc":2,"n":33.94,"vc":"601","sl":"Элитный","sv":"100","p":700.0,"q":5.01,"b":1.22,"ms":0.01,"wi":32.64,"ei":7.0,"as":262.0,"mi":"E","mv":1005480,"sc":1,"lpe":99.99,"lpr":598.73,"lq":1.0,"d":1645160},{"pi":"17609","pc":"Продукты питания","ss":1000,"td":"Центр города","dc":2,"n":53.27,"vc":"540","sl":"Элитный","sv":"100","p":700.0,"q":5.01,"b":1.22,"ms":0.02,"wi":32.33,"ei":6.0,"as":270.0,"mi":"E","mv":541954,"sc":1,"lpe":99.98,"lpr":584.5,"lq":1.0,"d":886742},{"pi":"17609","pc":"Продукты питания","ss":1000,"td":"Центр города","dc":1,"n":334.26,"vc":"2517","sl":"Очень высокий","sv":"7516","p":880.0,"q":4.52,"b":0.0,"ms":1.3,"wi":32.1,"ei":6.0,"as":255.0,"mi":"E","mv":576845,"sc":2,"lpe":98.68,"lpr":578.98,"lq":1.0,"d":778400},{"pi":"17609","pc":"Продукты питания","ss":1000,"td":"Центр города","dc":2,"n":58.06,"vc":"530","sl":"Элитный","sv":"100","p":700.0,"q":5.01,"b":1.22,"ms":0.02,"wi":32.1,"ei":6.0,"as":255.0,"mi":"E","mv":576845,"sc":2,"lpe":98.68,"lpr":578.98,"lq":1.0,"d":778400},{"pi":"17609","pc":"Продукты питания","ss":15000,"td":"Окраина","dc":1,"n":411.04,"vc":"29211","sl":"Элитный","sv":"71841","p":1300.0,"q":2.98,"b":0.0,"ms":9.86,"wi":54.41,"ei":7.0,"as":1000.0,"mi":"E","mv":728555,"sc":3,"lpe":89.15,"lpr":932.24,"lq":1.36,"d":1493247},{"pi":"17609","pc":"Продукты питания","ss":3000,"td":"Центр города","dc":2,"n":140.15,"vc":"1815","sl":"Элитный","sv":"7127","p":1500.0,"q":4.84,"b":0.58,"ms":0.98,"wi":54.41,"ei":7.0,"as":1000.0,"mi":"E","mv":728555,"sc":3,"lpe":89.15,"lpr":932.24,"lq":1.36,"d":1493247},{"pi":"17609","pc":"Продукты питания","ss":20000,"td":"Пригород","dc":3,"n":305.2,"vc":"6883","sl":"Элитный","sv":"76","p":2200.0,"q":4.27,"b":0.6,"ms":0.01,"wi":54.41,"ei":7.0,"as":1000.0,"mi":"E","mv":728555,"sc":3,"lpe":89.15,"lpr":932.24,"lq":1.36,"d":1493247},{"pi":"17609","pc":"Продукты питания","ss":171000,"td":"Центр города","dc":3,"n":447.74,"vc":"542462","sl":"Высокий","sv":"985091","p":350.0,"q":4.9,"b":3.78,"ms":75.01,"wi":58.91,"ei":7.0,"as":1299.6,"mi":"D","mv":1313311,"sc":5,"lpe":20.34,"lpr":258.91,"lq":1.03,"d":2111474},{"pi":"17609","pc":"Продукты питания","ss":120000,"td":"Спальный район","dc":1,"n":128.19,"vc":"8627","sl":"Элитный","sv":"40212","p":450.47,"q":4.82,"b":1.53,"ms":3.06,"wi":58.91,"ei":7.0,"as":1299.6,"mi":"D","mv":1313311,"sc":5,"lpe":20.34,"lpr":258.91,"lq":1.03,"d":2111474},{"pi":"17609","pc":"Продукты питания","ss":100000,"td":"Фешенебельный район","dc":2,"n":596.47,"vc":"141929","sl":"Элитный","sv":"14184","p":550.0,"q":3.86,"b":0.0,"ms":1.08,"wi":58.91,"ei":7.0,"as":1299.6,"mi":"D","mv":1313311,"sc":5,"lpe":20.34,"lpr":258.91,"lq":1.03,"d":2111474},{"pi":"17609","pc":"Продукты питания","ss":50000,"td":"Центр города","dc":1,"n":287.25,"vc":"45591","sl":"Высокий","sv":"6649","p":350.0,"q":4.47,"b":0.0,"ms":0.51,"wi":58.91,"ei":7.0,"as":1299.6,"mi":"D","mv":1313311,"sc":5,"lpe":20.34,"lpr":258.91,"lq":1.03,"d":2111474},{"pi":"17609","pc":"Продукты питания","ss":20000,"td":"Центр города","dc":1,"n":379.63,"vc":"52876","sl":"Элитный","sv":"31","p":800.0,"q":3.78,"b":3.98,"ms":0.0,"wi":58.91,"ei":7.0,"as":1299.6,"mi":"D","mv":1313311,"sc":5,"lpe":20.34,"lpr":258.91,"lq":1.03,"d":2111474},{"pi":"17609","pc":"Продукты питания","ss":100000,"td":"Центр города","dc":1,"n":374.13,"vc":"186620","sl":"Элитный","sv":"600000","p":650.0,"q":5.36,"b":3.01,"ms":13.16,"wi":79.78,"ei":9.46,"as":2502.0,"mi":"E","mv":4559873,"sc":15,"lpe":63.51,"lpr":363.46,"lq":1.23,"d":9185246},{"pi":"17609","pc":"Продукты питания","ss":100000,"td":"Центр города","dc":1,"n":403.16,"vc":"246700","sl":"Элитный","sv":"251311","p":700.0,"q":4.17,"b":3.63,"ms":5.51,"wi":79.78,"ei":9.46,"as":2502.0,"mi":"E","mv":4559873,"sc":15,"lpe":63.51,"lpr":363.46,"lq":1.23,"d":9185246},{"pi":"17609","pc":"Продукты питания","ss":100000,"td":"Центр города","dc":1,"n":413.57,"vc":"272687","sl":"Элитный","sv":"203780","p":700.0,"q":4.17,"b":3.63,"ms":4.47,"wi":79.78,"ei":9.46,"as":2502.0,"mi":"E","mv":4559873,"sc":15,"lpe":63.51,"lpr":363.46,"lq":1.23,"d":9185246},{"pi":"17609","pc":"Продукты питания","ss":110000,"td":"Фешенебельный район","dc":1,"n":433.94,"vc":"80890","sl":"Элитный","sv":"200000","p":384.39,"q":4.17,"b":4.25,"ms":4.39,"wi":79.78,"ei":9.46,"as":2502.0,"mi":"E","mv":4559873,"sc":15,"lpe":63.51,"lpr":363.46,"lq":1.23,"d":9185246},{"pi":"17609","pc":"Продукты питания","ss":100000,"td":"Центр города","dc":1,"n":249.16,"vc":"56116","sl":"Элитный","sv":"84802","p":650.0,"q":3.98,"b":1.5,"ms":1.86,"wi":79.78,"ei":9.46,"as":2502.0,"mi":"E","mv":4559873,"sc":15,"lpe":63.51,"lpr":363.46,"lq":1.23,"d":9185246},{"pi":"17609","pc":"Продукты питания","ss":100000,"td":"Центр города","dc":1,"n":249.16,"vc":"56114","sl":"Элитный","sv":"84798","p":650.0,"q":3.98,"b":1.5,"ms":1.86,"wi":79.78,"ei":9.46,"as":2502.0,"mi":"E","mv":4559873,"sc":15,"lpe":63.51,"lpr":363.46,"lq":1.23,"d":9185246},{"pi":"17609","pc":"Продукты питания","ss":100000,"td":"Центр города","dc":1,"n":297.06,"vc":"88941","sl":"Элитный","sv":"67479","p":710.0,"q":4.16,"b":2.66996043213444,"ms":1.48,"wi":79.78,"ei":9.46,"as":2502.0,"mi":"E","mv":4559873,"sc":15,"lpe":63.51,"lpr":363.46,"lq":1.23,"d":9185246},{"pi":"17609","pc":"Продукты питания","ss":40000,"td":"Спальный район","dc":1,"n":312.86,"vc":"41126","sl":"Элитный","sv":"44465","p":306.9,"q":1.63,"b":0.0,"ms":0.98,"wi":79.78,"ei":9.46,"as":2502.0,"mi":"E","mv":4559873,"sc":15,"lpe":63.51,"lpr":363.46,"lq":1.23,"d":9185246},{"pi":"17609","pc":"Продукты питания","ss":30000,"td":"Центр города","dc":2,"n":316.41,"vc":"69831","sl":"Очень высокий","sv":"36275","p":600.0,"q":3.68,"b":0.0,"ms":0.8,"wi":79.78,"ei":9.46,"as":2502.0,"mi":"E","mv":4559873,"sc":15,"lpe":63.51,"lpr":363.46,"lq":1.23,"d":9185246},{"pi":"17609","pc":"Продукты питания","ss":100000,"td":"Центр города","dc":1,"n":346.38,"vc":"214370","sl":"Элитный","sv":"31765","p":700.0,"q":4.47,"b":0.71,"ms":0.7,"wi":79.78,"ei":9.46,"as":2502.0,"mi":"E","mv":4559873,"sc":15,"lpe":63.51,"lpr":363.46,"lq":1.23,"d":9185246},{"pi":"17609","pc":"Продукты питания","ss":1000,"td":"Центр города","dc":2,"n":72.54,"vc":"490","sl":"Элитный","sv":"100","p":870.0,"q":5.01,"b":1.42,"ms":0.03,"wi":49.5,"ei":5.0,"as":327.0,"mi":"E","mv":300262,"sc":1,"lpe":99.97,"lpr":589.59,"lq":1.0,"d":491286},{"pi":"17609","pc":"Продукты питания","ss":1000,"td":"Центр города","dc":2,"n":71.21,"vc":"542","sl":"Элитный","sv":"100","p":700.0,"q":5.01,"b":1.22,"ms":0.02,"wi":22.5,"ei":5.0,"as":260.0,"mi":"E","mv":411539,"sc":1,"lpe":99.98,"lpr":581.47,"lq":1.0,"d":670650},{"pi":"17609","pc":"Продукты питания","ss":10000,"td":"Центр города","dc":1,"n":401.56,"vc":"12772","sl":"Очень высокий","sv":"1000","p":1200.0,"q":4.53,"b":0.0,"ms":0.55,"wi":47.04,"ei":5.0,"as":323.0,"mi":"E","mv":180216,"sc":2,"lpe":99.39,"lpr":592.0,"lq":1.0,"d":294868},{"pi":"17609","pc":"Продукты питания","ss":1000,"td":"Центр города","dc":2,"n":94.54,"vc":"464","sl":"Элитный","sv":"100","p":900.0,"q":5.01,"b":1.42,"ms":0.06,"wi":47.04,"ei":5.0,"as":323.0,"mi":"E","mv":180216,"sc":2,"lpe":99.39,"lpr":592.0,"lq":1.0,"d":294868},{"pi":"17609","pc":"Продукты питания","ss":1000,"td":"Центр города","dc":2,"n":84.76,"vc":"462","sl":"Элитный","sv":"100","p":800.0,"q":5.01,"b":1.22,"ms":0.05,"wi":46.02,"ei":4.0,"as":281.0,"mi":"E","mv":216384,"sc":1,"lpe":99.95,"lpr":580.4,"lq":1.0,"d":340772},{"pi":"17609","pc":"Продукты питания","ss":1000,"td":"Центр города","dc":2,"n":66.17,"vc":"499","sl":"Элитный","sv":"100","p":900.0,"q":5.01,"b":1.42,"ms":0.03,"wi":50.1,"ei":6.0,"as":383.0,"mi":"E","mv":336781,"sc":1,"lpe":99.97,"lpr":615.46,"lq":1.0,"d":575400},{"pi":"17609","pc":"Продукты питания","ss":10000,"td":"Спальный район","dc":1,"n":383.08,"vc":"9618","sl":"Элитный","sv":"6000","p":1000.0,"q":4.53,"b":0.0,"ms":1.13,"wi":32.34,"ei":7.0,"as":266.4,"mi":"E","mv":528994,"sc":2,"lpe":98.85,"lpr":595.85,"lq":1.0,"d":440866},{"pi":"17609","pc":"Продукты питания","ss":1000,"td":"Центр города","dc":2,"n":81.26,"vc":"495","sl":"Элитный","sv":"100","p":700.0,"q":5.01,"b":1.22,"ms":0.02,"wi":32.34,"ei":7.0,"as":266.4,"mi":"E","mv":528994,"sc":2,"lpe":98.85,"lpr":595.85,"lq":1.0,"d":440866},{"pi":"17609","pc":"Продукты питания","ss":2000,"td":"Спальный район","dc":3,"n":223.65,"vc":"1639","sl":"Очень высокий","sv":"2000","p":800.0,"q":4.53,"b":0.45,"ms":0.32,"wi":35.7,"ei":7.54,"as":409.0,"mi":"E","mv":630946,"sc":2,"lpe":99.67,"lpr":592.55,"lq":1.0,"d":1032351},{"pi":"17609","pc":"Продукты питания","ss":1000,"td":"Центр города","dc":2,"n":47.98,"vc":"553","sl":"Элитный","sv":"100","p":700.0,"q":5.01,"b":1.22,"ms":0.02,"wi":35.7,"ei":7.54,"as":409.0,"mi":"E","mv":630946,"sc":2,"lpe":99.67,"lpr":592.55,"lq":1.0,"d":1032351},{"pi":"17609","pc":"Продукты питания","ss":1000,"td":"Центр города","dc":2,"n":70.48,"vc":"493","sl":"Элитный","sv":"100","p":900.0,"q":5.01,"b":1.42,"ms":0.03,"wi":53.9,"ei":6.0,"as":346.0,"mi":"E","mv":317875,"sc":1,"lpe":99.97,"lpr":593.39,"lq":1.0,"d":516707},{"pi":"17609","pc":"Продукты питания","ss":1000,"td":"Центр города","dc":1,"n":284.43,"vc":"1442","sl":"Элитный","sv":"500","p":980.0,"q":4.53,"b":0.45,"ms":0.23,"wi":45.64,"ei":5.0,"as":287.0,"mi":"E","mv":216270,"sc":2,"lpe":99.72,"lpr":593.26,"lq":1.0,"d":353860},{"pi":"17609","pc":"Продукты питания","ss":1000,"td":"Центр города","dc":2,"n":83.08,"vc":"463","sl":"Элитный","sv":"100","p":700.0,"q":5.01,"b":1.22,"ms":0.05,"wi":45.64,"ei":5.0,"as":287.0,"mi":"E","mv":216270,"sc":2,"lpe":99.72,"lpr":593.26,"lq":1.0,"d":353860},{"pi":"17609","pc":"Продукты питания","ss":10000,"td":"Пригород","dc":2,"n":357.56,"vc":"4875","sl":"Элитный","sv":"803","p":2000.0,"q":4.42,"b":2.4,"ms":0.27,"wi":42.55,"ei":6.0,"as":928.15,"mi":"E","mv":298435,"sc":1,"lpe":99.73,"lpr":947.39,"lq":1.0,"d":653500},{"pi":"17609","pc":"Продукты питания","ss":1000,"td":"Окраина","dc":3,"n":218.24,"vc":"784","sl":"Очень высокий","sv":"500","p":800.0,"q":4.53,"b":0.45,"ms":0.12,"wi":26.64,"ei":7.76,"as":406.0,"mi":"E","mv":425832,"sc":2,"lpe":99.86,"lpr":596.23,"lq":1.0,"d":776374},{"pi":"17609","pc":"Продукты питания","ss":1000,"td":"Центр города","dc":2,"n":65.22,"vc":"552","sl":"Элитный","sv":"100","p":700.0,"q":5.01,"b":1.22,"ms":0.02,"wi":26.64,"ei":7.76,"as":406.0,"mi":"E","mv":425832,"sc":2,"lpe":99.86,"lpr":596.23,"lq":1.0,"d":776374},{"pi":"17609","pc":"Продукты питания","ss":1000,"td":"Центр города","dc":2,"n":18.16,"vc":"454","sl":"Элитный","sv":"43","p":1350.0,"q":4.01,"b":0.0,"ms":0.01,"wi":46.65,"ei":6.8,"as":509.6,"mi":"E","mv":673380,"sc":1,"lpe":99.99,"lpr":629.36,"lq":1.0,"d":949800},{"pi":"17609","pc":"Продукты питания","ss":1000,"td":"Центр города","dc":1,"n":199.42,"vc":"1185","sl":"Элитный","sv":"500","p":1200.0,"q":4.53,"b":0.0,"ms":0.19,"wi":19.12,"ei":7.71,"as":373.7,"mi":"E","mv":270029,"sc":1,"lpe":99.81,"lpr":598.44,"lq":1.0,"d":793410},{"pi":"17609","pc":"Продукты питания","ss":1000,"td":"Центр города","dc":2,"n":88.5,"vc":"470","sl":"Элитный","sv":"100","p":900.0,"q":5.01,"b":1.42,"ms":0.05,"wi":51.09,"ei":5.0,"as":375.0,"mi":"E","mv":204563,"sc":1,"lpe":99.95,"lpr":585.16,"lq":1.0,"d":337866},{"pi":"17609","pc":"Продукты питания","ss":1000,"td":"Центр города","dc":2,"n":65.3,"vc":"501","sl":"Элитный","sv":"100","p":870.0,"q":5.01,"b":1.42,"ms":0.03,"wi":54.84,"ei":5.0,"as":319.18,"mi":"E","mv":359645,"sc":1,"lpe":99.97,"lpr":591.22,"lq":1.0,"d":588300},{"pi":"17609","pc":"Продукты питания","ss":100000,"td":"Центр города","dc":1,"n":478.12,"vc":"321135","sl":"Элитный","sv":"108798","p":1200.0,"q":4.12,"b":0.0,"ms":7.19,"wi":47.49,"ei":5.0,"as":354.0,"mi":"E","mv":1513035,"sc":3,"lpe":92.74,"lpr":583.68,"lq":1.0,"d":2488066},{"pi":"17609","pc":"Продукты питания","ss":1000,"td":"Пригород","dc":2,"n":179.77,"vc":"633","sl":"Элитный","sv":"1000","p":920.0,"q":4.53,"b":0.45,"ms":0.07,"wi":47.49,"ei":5.0,"as":354.0,"mi":"E","mv":1513035,"sc":3,"lpe":92.74,"lpr":583.68,"lq":1.0,"d":2488066},{"pi":"17609","pc":"Продукты питания","ss":1000,"td":"Центр города","dc":2,"n":20.78,"vc":"645","sl":"Элитный","sv":"100","p":650.0,"q":5.01,"b":1.22,"ms":0.01,"wi":47.49,"ei":5.0,"as":354.0,"mi":"E","mv":1513035,"sc":3,"lpe":92.74,"lpr":583.68,"lq":1.0,"d":2488066},{"pi":"17609","pc":"Продукты питания","ss":1000,"td":"Центр города","dc":2,"n":47.32,"vc":"538","sl":"Элитный","sv":"100","p":1000.0,"q":5.01,"b":1.42,"ms":0.02,"wi":49.72,"ei":7.0,"as":374.0,"mi":"E","mv":590883,"sc":1,"lpe":99.98,"lpr":597.47,"lq":1.0,"d":966800},{"pi":"17609","pc":"Продукты питания","ss":1000,"td":"Центр города","dc":2,"n":83.22,"vc":"515","sl":"Элитный","sv":"100","p":1250.0,"q":5.01,"b":1.42,"ms":0.03,"wi":65.6,"ei":7.0,"as":380.0,"mi":"E","mv":294486,"sc":1,"lpe":99.97,"lpr":802.39,"lq":1.0,"d":476640},{"pi":"17609","pc":"Продукты питания","ss":120000,"td":"Центр города","dc":1,"n":409.23,"vc":"246288","sl":"Элитный","sv":"50000","p":1450.0,"q":4.01,"b":0.0,"ms":5.16,"wi":63.08,"ei":7.98,"as":479.0,"mi":"E","mv":968192,"sc":3,"lpe":93.14,"lpr":829.22,"lq":1.0,"d":1584151},{"pi":"17609","pc":"Продукты питания","ss":100000,"td":"Центр города","dc":1,"n":338.83,"vc":"71841","sl":"Элитный","sv":"16331","p":2000.0,"q":4.8,"b":3.09,"ms":1.69,"wi":63.08,"ei":7.98,"as":479.0,"mi":"E","mv":968192,"sc":3,"lpe":93.14,"lpr":829.22,"lq":1.0,"d":1584151},{"pi":"17609","pc":"Продукты питания","ss":1000,"td":"Центр города","dc":2,"n":38.94,"vc":"611","sl":"Элитный","sv":"100","p":1500.0,"q":5.01,"b":1.42,"ms":0.01,"wi":63.08,"ei":7.98,"as":479.0,"mi":"E","mv":968192,"sc":3,"lpe":93.14,"lpr":829.22,"lq":1.0,"d":1584151},{"pi":"17609","pc":"Продукты питания","ss":1000,"td":"Центр города","dc":2,"n":43.36,"vc":"550","sl":"Элитный","sv":"100","p":1040.0,"q":5.01,"b":1.42,"ms":0.01,"wi":53.01,"ei":5.0,"as":324.0,"mi":"E","mv":674972,"sc":1,"lpe":99.99,"lpr":594.83,"lq":1.0,"d":1093944},{"pi":"17609","pc":"Продукты питания","ss":1000,"td":"Центр города","dc":2,"n":78.59,"vc":"513","sl":"Элитный","sv":"100","p":870.0,"q":5.01,"b":0.73,"ms":0.03,"wi":33.14,"ei":7.0,"as":313.64,"mi":"E","mv":311699,"sc":1,"lpe":99.97,"lpr":598.16,"lq":1.0,"d":510000},{"pi":"17609","pc":"Продукты питания","ss":1000,"td":"Центр города","dc":2,"n":80.0,"vc":"512","sl":"Элитный","sv":"100","p":870.0,"q":5.01,"b":0.73,"ms":0.03,"wi":34.32,"ei":7.0,"as":315.0,"mi":"E","mv":308209,"sc":1,"lpe":99.97,"lpr":591.57,"lq":1.0,"d":493374},{"pi":"17609","pc":"Продукты питания","ss":100000,"td":"Центр города","dc":1,"n":461.36,"vc":"324040","sl":"Элитный","sv":"88020","p":950.0,"q":3.86,"b":0.0,"ms":3.64,"wi":38.04,"ei":8.74,"as":423.0,"mi":"E","mv":2419315,"sc":3,"lpe":96.36,"lpr":516.39,"lq":1.0,"d":4045672},{"pi":"17609","pc":"Продукты питания","ss":1000,"td":"Центр города","dc":2,"n":17.53,"vc":"751","sl":"Элитный","sv":"100","p":820.0,"q":5.01,"b":0.73,"ms":0.0,"wi":38.04,"ei":8.74,"as":423.0,"mi":"E","mv":2419315,"sc":3,"lpe":96.36,"lpr":516.39,"lq":1.0,"d":4045672},{"pi":"17609","pc":"Продукты питания","ss":22000,"td":"Фешенебельный район","dc":3,"n":347.7,"vc":"8235","sl":"Элитный","sv":"17","p":1500.0,"q":3.85,"b":0.84,"ms":0.0,"wi":38.04,"ei":8.74,"as":423.0,"mi":"E","mv":2419315,"sc":3,"lpe":96.36,"lpr":516.39,"lq":1.0,"d":4045672},{"pi":"17609","pc":"Продукты питания","ss":20000,"td":"Спальный район","dc":3,"n":360.27,"vc":"14794","sl":"Элитный","sv":"539","p":2300.0,"q":4.51,"b":0.6,"ms":0.17,"wi":46.15,"ei":7.0,"as":995.0,"mi":"E","mv":316017,"sc":1,"lpe":99.83,"lpr":982.13,"lq":1.0,"d":625846},{"pi":"17609","pc":"Продукты питания","ss":10000,"td":"Спальный район","dc":2,"n":333.32,"vc":"8723","sl":"Элитный","sv":"3000","p":1100.0,"q":4.53,"b":0.0,"ms":1.24,"wi":31.97,"ei":7.75,"as":352.1,"mi":"E","mv":242660,"sc":1,"lpe":98.76,"lpr":580.28,"lq":1.0,"d":954316},{"pi":"17609","pc":"Продукты питания","ss":1000,"td":"Центр города","dc":1,"n":378.76,"vc":"3534","sl":"Высокий","sv":"3029","p":1027.0,"q":4.01,"b":0.0,"ms":1.93,"wi":33.68,"ei":6.7,"as":470.4,"mi":"E","mv":156863,"sc":1,"lpe":98.07,"lpr":596.28,"lq":1.0,"d":314620},{"pi":"17609","pc":"Продукты питания","ss":1000,"td":"Центр города","dc":1,"n":493.39,"vc":"2908","sl":"Очень высокий","sv":"52","p":1500.0,"q":3.86,"b":2.44,"ms":0.09,"wi":33.22,"ei":6.1,"as":450.8,"mi":"E","mv":59619,"sc":1,"lpe":99.91,"lpr":592.01,"lq":1.0,"d":90601},{"pi":"17609","pc":"Продукты питания","ss":1000,"td":"Центр города","dc":2,"n":89.91,"vc":"496","sl":"Элитный","sv":"100","p":760.0,"q":5.01,"b":0.47,"ms":0.24,"wi":10.62,"ei":6.43,"as":359.86,"mi":"E","mv":41261,"sc":1,"lpe":99.76,"lpr":588.48,"lq":1.0,"d":404606},{"pi":"17609","pc":"Продукты питания","ss":20000,"td":"Центр города","dc":1,"n":449.26,"vc":"50978","sl":"Элитный","sv":"1987","p":1500.0,"q":3.86,"b":2.95,"ms":0.48,"wi":20.15,"ei":6.15,"as":606.67,"mi":"E","mv":414131,"sc":1,"lpe":99.52,"lpr":593.21,"lq":1.0,"d":1581961},{"pi":"17609","pc":"Продукты питания","ss":10000,"td":"Спальный район","dc":1,"n":350.1,"vc":"8998","sl":"Элитный","sv":"1000","p":1800.0,"q":4.53,"b":1.92,"ms":0.25,"wi":45.57,"ei":7.0,"as":796.1,"mi":"E","mv":393015,"sc":1,"lpe":99.75,"lpr":829.6,"lq":1.0,"d":731582},{"pi":"17609","pc":"Продукты питания","ss":10000,"td":"Спальный район","dc":2,"n":344.13,"vc":"8894","sl":"Элитный","sv":"1074","p":1800.0,"q":4.52,"b":1.92,"ms":0.25,"wi":43.84,"ei":6.0,"as":749.98,"mi":"E","mv":423385,"sc":1,"lpe":99.75,"lpr":803.47,"lq":1.0,"d":802750},{"pi":"17609","pc":"Продукты питания","ss":5000,"td":"Спальный район","dc":3,"n":332.82,"vc":"2908","sl":"Элитный","sv":"10","p":1150.0,"q":4.53,"b":0.57,"ms":0.01,"wi":46.77,"ei":6.0,"as":410.0,"mi":"E","mv":91677,"sc":1,"lpe":99.99,"lpr":595.89,"lq":1.0,"d":150000},{"pi":"17609","pc":"Продукты питания","ss":12500,"td":"Центр города","dc":1,"n":395.46,"vc":"23538","sl":"Элитный","sv":"5000","p":2000.0,"q":5.01,"b":3.79,"ms":2.12,"wi":61.17,"ei":7.54,"as":1230.25,"mi":"E","mv":235961,"sc":4,"lpe":95.72,"lpr":996.66,"lq":1.06,"d":384017},{"pi":"17609","pc":"Продукты питания","ss":1600,"td":"Фешенебельный район","dc":1,"n":509.17,"vc":"1694","sl":"Элитный","sv":"5000","p":1200.0,"q":4.01,"b":0.0,"ms":2.12,"wi":61.17,"ei":7.54,"as":1230.25,"mi":"E","mv":235961,"sc":4,"lpe":95.72,"lpr":996.66,"lq":1.06,"d":384017},{"pi":"17609","pc":"Продукты питания","ss":15000,"td":"Окраина","dc":1,"n":374.45,"vc":"13677","sl":"Элитный","sv":"100","p":1300.0,"q":2.98,"b":0.0,"ms":0.04,"wi":61.17,"ei":7.54,"as":1230.25,"mi":"E","mv":235961,"sc":4,"lpe":95.72,"lpr":996.66,"lq":1.06,"d":384017},{"pi":"17609","pc":"Продукты питания","ss":10000,"td":"Центр города","dc":3,"n":392.37,"vc":"13089","sl":"Очень высокий","sv":"7","p":3000.0,"q":4.38,"b":2.99,"ms":0.0,"wi":61.17,"ei":7.54,"as":1230.25,"mi":"E","mv":235961,"sc":4,"lpe":95.72,"lpr":996.66,"lq":1.06,"d":384017},{"pi":"17609","pc":"Продукты питания","ss":17000,"td":"Окраина","dc":1,"n":596.08,"vc":"56662","sl":"Низкий","sv":"2392","p":1300.0,"q":2.98,"b":0.0,"ms":8.02,"wi":39.43,"ei":7.0,"as":1040.0,"mi":"E","mv":29843,"sc":2,"lpe":91.89,"lpr":697.57,"lq":1.0,"d":137749},{"pi":"17609","pc":"Продукты питания","ss":10000,"td":"Центр города","dc":2,"n":352.11,"vc":"6460","sl":"Элитный","sv":"27","p":2000.0,"q":4.4,"b":2.99,"ms":0.09,"wi":39.43,"ei":7.0,"as":1040.0,"mi":"E","mv":29843,"sc":2,"lpe":91.89,"lpr":697.57,"lq":1.0,"d":137749},{"pi":"17609","pc":"Продукты питания","ss":1000,"td":"Центр города","dc":2,"n":68.22,"vc":"498","sl":"Элитный","sv":"100","p":870.0,"q":5.01,"b":0.47,"ms":0.05,"wi":23.61,"ei":8.41,"as":495.02,"mi":"E","mv":188151,"sc":1,"lpe":99.95,"lpr":593.21,"lq":1.0,"d":553707},{"pi":"17609","pc":"Продукты питания","ss":1000,"td":"Центр города","dc":2,"n":66.34,"vc":"502","sl":"Элитный","sv":"100","p":870.0,"q":5.01,"b":0.47,"ms":0.05,"wi":22.02,"ei":4.69,"as":413.07,"mi":"E","mv":198213,"sc":1,"lpe":99.95,"lpr":596.81,"lq":1.0,"d":582047},{"pi":"17609","pc":"Продукты питания","ss":50000,"td":"Центр города","dc":1,"n":405.32,"vc":"82382","sl":"Элитный","sv":"60000","p":1800.0,"q":4.47,"b":0.0,"ms":5.4,"wi":65.52,"ei":7.0,"as":1059.0,"mi":"E","mv":1111969,"sc":4,"lpe":94.53,"lpr":1063.4,"lq":1.0,"d":1819400},{"pi":"17609","pc":"Продукты питания","ss":5000,"td":"Центр города","dc":2,"n":194.51,"vc":"3611","sl":"Элитный","sv":"394","p":2200.0,"q":4.0,"b":0.0,"ms":0.04,"wi":65.52,"ei":7.0,"as":1059.0,"mi":"E","mv":1111969,"sc":4,"lpe":94.53,"lpr":1063.4,"lq":1.0,"d":1819400},{"pi":"17609","pc":"Продукты питания","ss":10000,"td":"Пригород","dc":3,"n":195.02,"vc":"2097","sl":"Элитный","sv":"347","p":2200.0,"q":4.44,"b":1.92,"ms":0.03,"wi":65.52,"ei":7.0,"as":1059.0,"mi":"E","mv":1111969,"sc":4,"lpe":94.53,"lpr":1063.4,"lq":1.0,"d":1819400},{"pi":"17609","pc":"Продукты питания","ss":100000,"td":"Центр города","dc":1,"n":418.65,"vc":"243706","sl":"Элитный","sv":"74","p":1250.0,"q":5.01,"b":0.0,"ms":0.01,"wi":65.52,"ei":7.0,"as":1059.0,"mi":"E","mv":1111969,"sc":4,"lpe":94.53,"lpr":1063.4,"lq":1.0,"d":1819400},{"pi":"17609","pc":"Продукты питания","ss":50000,"td":"Центр города","dc":2,"n":267.16,"vc":"61922","sl":"Элитный","sv":"10849","p":650.0,"q":4.47,"b":0.0,"ms":0.17,"wi":31.91,"ei":5.73,"as":592.8,"mi":"E","mv":6352649,"sc":2,"lpe":99.81,"lpr":592.9,"lq":1.0,"d":8433466},{"pi":"17609","pc":"Продукты питания","ss":100000,"td":"Центр города","dc":1,"n":326.69,"vc":"114784","sl":"Элитный","sv":"980","p":1500.0,"q":3.86,"b":2.28,"ms":0.02,"wi":31.91,"ei":5.73,"as":592.8,"mi":"E","mv":6352649,"sc":2,"lpe":99.81,"lpr":592.9,"lq":1.0,"d":8433466},{"pi":"17609","pc":"Продукты питания","ss":11000,"td":"Пригород","dc":3,"n":396.5,"vc":"3033","sl":"Элитный","sv":"280","p":1500.0,"q":4.42,"b":0.57,"ms":0.94,"wi":33.3,"ei":5.0,"as":715.0,"mi":"E","mv":29698,"sc":1,"lpe":99.06,"lpr":706.25,"lq":1.0,"d":60990},{"pi":"17609","pc":"Продукты питания","ss":1000,"td":"Центр города","dc":2,"n":73.49,"vc":"489","sl":"Элитный","sv":"100","p":870.0,"q":5.01,"b":0.47,"ms":0.06,"wi":20.66,"ei":5.39,"as":398.09,"mi":"E","mv":164326,"sc":1,"lpe":99.94,"lpr":595.09,"lq":1.0,"d":483052},{"pi":"17609","pc":"Продукты питания","ss":1000,"td":"Центр города","dc":2,"n":51.81,"vc":"533","sl":"Элитный","sv":"100","p":870.0,"q":5.01,"b":0.47,"ms":0.03,"wi":23.3,"ei":7.48,"as":472.9,"mi":"E","mv":297509,"sc":1,"lpe":99.97,"lpr":593.66,"lq":1.0,"d":874982},{"pi":"17609","pc":"Продукты питания","ss":1000,"td":"Центр города","dc":2,"n":65.36,"vc":"504","sl":"Элитный","sv":"100","p":870.0,"q":5.01,"b":0.47,"ms":0.05,"wi":21.82,"ei":8.8,"as":448.97,"mi":"E","mv":203940,"sc":1,"lpe":99.95,"lpr":596.12,"lq":1.0,"d":597386},{"pi":"17609","pc":"Продукты питания","ss":1000,"td":"Окраина","dc":1,"n":472.44,"vc":"2376","sl":"Низкий","sv":"100","p":500.0,"q":3.86,"b":0.0,"ms":0.26,"wi":26.51,"ei":6.1,"as":450.8,"mi":"E","mv":37903,"sc":1,"lpe":99.74,"lpr":563.87,"lq":1.0,"d":96400},{"pi":"17609","pc":"Продукты питания","ss":10000,"td":"Спальный район","dc":1,"n":252.67,"vc":"7835","sl":"Элитный","sv":"500","p":1100.0,"q":4.01,"b":0.0,"ms":0.02,"wi":28.55,"ei":12.08,"as":459.6,"mi":"E","mv":2959493,"sc":2,"lpe":99.98,"lpr":595.62,"lq":1.0,"d":3859512},{"pi":"17609","pc":"Продукты питания","ss":1000,"td":"Центр города","dc":2,"n":25.39,"vc":"772","sl":"Элитный","sv":"100","p":850.0,"q":5.01,"b":0.47,"ms":0.0,"wi":28.55,"ei":12.08,"as":459.6,"mi":"E","mv":2959493,"sc":2,"lpe":99.98,"lpr":595.62,"lq":1.0,"d":3859512},{"pi":"17609","pc":"Продукты питания","ss":100000,"td":"Спальный район","dc":1,"n":398.7,"vc":"57326","sl":"Элитный","sv":"55938","p":1100.22,"q":4.82,"b":3.57,"ms":26.2,"wi":58.37,"ei":7.76,"as":807.0,"mi":"E","mv":213531,"sc":2,"lpe":73.8,"lpr":522.88,"lq":1.07,"d":364972},{"pi":"17609","pc":"Продукты питания","ss":1000,"td":"Пригород","dc":3,"n":259.1,"vc":"505","sl":"Элитный","sv":"1","p":1300.0,"q":3.28,"b":0.57,"ms":0.0,"wi":58.37,"ei":7.76,"as":807.0,"mi":"E","mv":213531,"sc":2,"lpe":73.8,"lpr":522.88,"lq":1.07,"d":364972}]