[{"pi":"423367","pc":"Электроника","ss":200000,"td":"Центр города","dc":1,"n":462.13,"vc":"743411","sl":"Элитный","sv":"1000","p":25000.0,"q":15.79,"b":2.931,"ms":0.83,"wi":43.34,"ei":6.78,"as":349.0,"mi":"E","mv":120916,"sc":1,"lpe":99.17,"lpr":10811.15,"lq":1.0,"d":7234440},{"pi":"423367","pc":"Электроника","ss":100000,"td":"Центр города","dc":2,"n":474.09,"vc":"270402","sl":"Очень высокий","sv":"40","p":20000.0,"q":24.27,"b":2.63,"ms":0.15,"wi":39.06,"ei":10.43,"as":440.02,"mi":"E","mv":26614,"sc":1,"lpe":99.85,"lpr":6461.52,"lq":1.0,"d":1774664},{"pi":"423367","pc":"Электроника","ss":30000,"td":"Центр города","dc":1,"n":413.76,"vc":"62504","sl":"Элитный","sv":"1","p":12000.0,"q":20.27,"b":0.0,"ms":0.0,"wi":19.05,"ei":5.34,"as":341.56,"mi":"E","mv":35259,"sc":1,"lpe":100.0,"lpr":1771.15,"lq":1.0,"d":2069626},{"pi":"423367","pc":"Электроника","ss":10000,"td":"Центр города","dc":1,"n":425.53,"vc":"26799","sl":"Элитный","sv":"1","p":7000.0,"q":20.27,"b":0.0,"ms":0.0,"wi":16.28,"ei":5.63,"as":227.31,"mi":"E","mv":25843,"sc":1,"lpe":100.0,"lpr":1644.94,"lq":1.0,"d":1476711},{"pi":"423367","pc":"Электроника","ss":100000,"td":"Фешенебельный район","dc":1,"n":649.28,"vc":"262357","sl":"Элитный","sv":"5935","p":24970.0,"q":32.7,"b":3.71,"ms":15.07,"wi":52.02,"ei":10.51,"as":1190.88,"mi":"E","mv":39386,"sc":1,"lpe":84.93,"lpr":5410.33,"lq":3.42,"d":2862944},{"pi":"423367","pc":"Электроника","ss":100000,"td":"Центр города","dc":1,"n":523.77,"vc":"484132","sl":"Очень высокий","sv":"50","p":35000.0,"q":24.27,"b":3.73,"ms":0.14,"wi":35.81,"ei":6.77,"as":248.13,"mi":"E","mv":36335,"sc":1,"lpe":99.86,"lpr":7322.33,"lq":1.0,"d":2293511},{"pi":"423367","pc":"Электроника","ss":100000,"td":"Центр города","dc":1,"n":388.42,"vc":"130983","sl":"Элитный","sv":"8","p":75000.0,"q":20.24,"b":0.0,"ms":0.03,"wi":36.64,"ei":11.26,"as":482.57,"mi":"E","mv":31341,"sc":1,"lpe":99.97,"lpr":12801.62,"lq":1.0,"d":2255977},{"pi":"423367","pc":"Электроника","ss":100000,"td":"Фешенебельный район","dc":1,"n":676.85,"vc":"198746","sl":"Элитный","sv":"1268","p":31000.0,"q":32.7,"b":4.64,"ms":14.5,"wi":52.44,"ei":11.56,"as":1499.2,"mi":"E","mv":8742,"sc":1,"lpe":85.5,"lpr":5597.22,"lq":3.71,"d":607176},{"pi":"423367","pc":"Электроника","ss":1000,"td":"Фешенебельный район","dc":1,"n":584.42,"vc":"852","sl":"Элитный","sv":"94","p":15590.0,"q":32.7,"b":0.82,"ms":4.17,"wi":43.74,"ei":10.04,"as":1360.0,"mi":"E","mv":2255,"sc":1,"lpe":95.83,"lpr":4004.25,"lq":1.16,"d":234090},{"pi":"423367","pc":"Электроника","ss":100000,"td":"Фешенебельный район","dc":1,"n":640.07,"vc":"187848","sl":"Элитный","sv":"2883","p":22360.0,"q":32.7,"b":2.73,"ms":13.34,"wi":49.54,"ei":10.29,"as":760.4,"mi":"E","mv":21610,"sc":2,"lpe":76.02,"lpr":5550.67,"lq":3.31,"d":1419772},{"pi":"423367","pc":"Электроника","ss":100000,"td":"Спальный район","dc":1,"n":475.84,"vc":"193618","sl":"Элитный","sv":"2300","p":12000.0,"q":21.94,"b":2.04,"ms":10.64,"wi":49.54,"ei":10.29,"as":760.4,"mi":"E","mv":21610,"sc":2,"lpe":76.02,"lpr":5550.67,"lq":3.31,"d":1419772},{"pi":"423367","pc":"Электроника","ss":100000,"td":"Фешенебельный район","dc":10,"n":53.25,"vc":"1185","sl":"Элитный","sv":"75","p":12000.0,"q":10.57,"b":0.0,"ms":0.2,"wi":19.88,"ei":6.02,"as":127.25,"mi":"E","mv":37466,"sc":1,"lpe":99.8,"lpr":3480.03,"lq":1.0,"d":2750721},{"pi":"423367","pc":"Электроника","ss":100000,"td":"Фешенебельный район","dc":1,"n":673.99,"vc":"278881","sl":"Элитный","sv":"4359","p":10610.0,"q":32.7,"b":3.92,"ms":13.86,"wi":33.06,"ei":5.72,"as":380.0,"mi":"E","mv":31448,"sc":1,"lpe":86.14,"lpr":1655.5,"lq":1.01,"d":1729130},{"pi":"423367","pc":"Электроника","ss":60000,"td":"Фешенебельный район","dc":3,"n":417.86,"vc":"23555","sl":"Элитный","sv":"586","p":80000.0,"q":14.93,"b":1.74889078498294,"ms":0.79,"wi":54.32,"ei":11.9,"as":1548.35,"mi":"E","mv":74514,"sc":1,"lpe":99.21,"lpr":20951.94,"lq":1.0,"d":5522842},{"pi":"423367","pc":"Электроника","ss":300000,"td":"Фешенебельный район","dc":1,"n":650.44,"vc":"953655","sl":"Элитный","sv":"18975","p":25960.0,"q":32.7,"b":2.77,"ms":12.41,"wi":51.68,"ei":9.19,"as":1176.8,"mi":"E","mv":152841,"sc":2,"lpe":87.58,"lpr":6536.64,"lq":2.53,"d":10648221},{"pi":"423367","pc":"Электроника","ss":10000,"td":"Фешенебельный район","dc":1,"n":279.05,"vc":"2717","sl":"Элитный","sv":"6","p":27000.0,"q":11.79,"b":0.65,"ms":0.0,"wi":51.68,"ei":9.19,"as":1176.8,"mi":"E","mv":152841,"sc":2,"lpe":87.58,"lpr":6536.64,"lq":2.53,"d":10648221}]