[{"pi":"370079","pc":"Автомобильные товары","ss":100000,"td":"Фешенебельный район","dc":1,"n":688.19,"vc":"199770","sl":"Очень высокий","sv":"14","p":2068099.9,"q":16.64,"b":5.23,"ms":1.61,"wi":49.22,"ei":5.0,"as":337.0,"mi":"E","mv":870,"sc":1,"lpe":98.39,"lpr":186500.76,"lq":1.0,"d":451228},{"pi":"370079","pc":"Автомобильные товары","ss":100000,"td":"Фешенебельный район","dc":1,"n":692.65,"vc":"172918","sl":"Очень высокий","sv":"14","p":2651401.0,"q":16.68,"b":5.23,"ms":2.59,"wi":60.1,"ei":6.0,"as":396.0,"mi":"E","mv":540,"sc":2,"lpe":97.04,"lpr":268986.57,"lq":1.0,"d":264316},{"pi":"370079","pc":"Автомобильные товары","ss":10000,"td":"Спальный район","dc":1,"n":417.48,"vc":"10371","sl":"Элитный","sv":"2","p":1011000.0,"q":11.73,"b":1.47,"ms":0.37,"wi":60.1,"ei":6.0,"as":396.0,"mi":"E","mv":540,"sc":2,"lpe":97.04,"lpr":268986.57,"lq":1.0,"d":264316},{"pi":"370079","pc":"Автомобильные товары","ss":150000,"td":"Фешенебельный район","dc":1,"n":625.46,"vc":"284127","sl":"Элитный","sv":"74","p":2790182.9,"q":16.68,"b":5.73,"ms":2.69,"wi":62.72,"ei":7.0,"as":1148.0,"mi":"E","mv":2751,"sc":1,"lpe":97.31,"lpr":373799.11,"lq":1.0,"d":2007074},{"pi":"370079","pc":"Автомобильные товары","ss":80000,"td":"Центр города","dc":1,"n":472.18,"vc":"304798","sl":"Очень высокий","sv":"53","p":1950000.0,"q":14.38,"b":0.0,"ms":2.27,"wi":55.87,"ei":7.0,"as":994.0,"mi":"E","mv":2339,"sc":2,"lpe":97.61,"lpr":281680.38,"lq":1.0,"d":1386711},{"pi":"370079","pc":"Автомобильные товары","ss":100000,"td":"Фешенебельный район","dc":1,"n":523.39,"vc":"60668","sl":"Элитный","sv":"3","p":3000000.0,"q":13.74,"b":4.61,"ms":0.13,"wi":55.87,"ei":7.0,"as":994.0,"mi":"E","mv":2339,"sc":2,"lpe":97.61,"lpr":281680.38,"lq":1.0,"d":1386711},{"pi":"370079","pc":"Автомобильные товары","ss":150000,"td":"Фешенебельный район","dc":1,"n":676.35,"vc":"405756","sl":"Элитный","sv":"42","p":2931874.7,"q":16.68,"b":5.73,"ms":2.68,"wi":56.61,"ei":7.0,"as":1036.07,"mi":"E","mv":1568,"sc":1,"lpe":97.32,"lpr":423649.49,"lq":1.0,"d":1285176},{"pi":"370079","pc":"Автомобильные товары","ss":100000,"td":"Центр города","dc":1,"n":533.48,"vc":"366471","sl":"Очень высокий","sv":"50","p":1850000.0,"q":14.56,"b":0.0,"ms":4.17,"wi":48.91,"ei":7.0,"as":913.33,"mi":"E","mv":1199,"sc":1,"lpe":95.83,"lpr":315363.55,"lq":1.0,"d":792900},{"pi":"370079","pc":"Автомобильные товары","ss":10000,"td":"Центр города","dc":1,"n":482.43,"vc":"33542","sl":"Очень высокий","sv":"2","p":1368000.0,"q":11.73,"b":1.04,"ms":0.41,"wi":47.76,"ei":7.0,"as":1078.25,"mi":"E","mv":493,"sc":1,"lpe":99.59,"lpr":479618.69,"lq":1.0,"d":842600},{"pi":"370079","pc":"Автомобильные товары","ss":90000,"td":"Центр города","dc":1,"n":470.88,"vc":"283228","sl":"Очень высокий","sv":"27","p":1700000.0,"q":14.36,"b":0.0,"ms":2.07,"wi":44.14,"ei":7.76,"as":812.25,"mi":"E","mv":1302,"sc":1,"lpe":97.93,"lpr":217044.91,"lq":1.0,"d":867598},{"pi":"370079","pc":"Автомобильные товары","ss":120000,"td":"Фешенебельный район","dc":1,"n":667.38,"vc":"304143","sl":"Элитный","sv":"50","p":2905133.1,"q":16.68,"b":4.79,"ms":2.7,"wi":54.41,"ei":7.0,"as":1000.0,"mi":"E","mv":1849,"sc":2,"lpe":97.13,"lpr":397016.17,"lq":1.0,"d":1493247},{"pi":"370079","pc":"Автомобильные товары","ss":100000,"td":"Центр города","dc":1,"n":413.65,"vc":"144496","sl":"Элитный","sv":"3","p":3900000.0,"q":13.54,"b":3.32,"ms":0.16,"wi":54.41,"ei":7.0,"as":1000.0,"mi":"E","mv":1849,"sc":2,"lpe":97.13,"lpr":397016.17,"lq":1.0,"d":1493247},{"pi":"370079","pc":"Автомобильные товары","ss":100000,"td":"Фешенебельный район","dc":1,"n":637.39,"vc":"210351","sl":"Элитный","sv":"74","p":3000000.0,"q":12.81,"b":4.35040540540541,"ms":2.81,"wi":58.91,"ei":7.0,"as":1299.6,"mi":"E","mv":2631,"sc":3,"lpe":94.49,"lpr":362844.36,"lq":1.0,"d":2111474},{"pi":"370079","pc":"Автомобильные товары","ss":150000,"td":"Фешенебельный район","dc":1,"n":625.08,"vc":"288106","sl":"Элитный","sv":"70","p":2815828.1,"q":16.68,"b":6.17,"ms":2.66,"wi":58.91,"ei":7.0,"as":1299.6,"mi":"E","mv":2631,"sc":3,"lpe":94.49,"lpr":362844.36,"lq":1.0,"d":2111474},{"pi":"370079","pc":"Автомобильные товары","ss":10000,"td":"Центр города","dc":2,"n":284.47,"vc":"10701","sl":"Элитный","sv":"1","p":2499000.0,"q":11.69,"b":0.33,"ms":0.04,"wi":58.91,"ei":7.0,"as":1299.6,"mi":"E","mv":2631,"sc":3,"lpe":94.49,"lpr":362844.36,"lq":1.0,"d":2111474},{"pi":"370079","pc":"Автомобильные товары","ss":30000,"td":"Фешенебельный район","dc":1,"n":441.28,"vc":"19894","sl":"Элитный","sv":"536","p":1140162.2,"q":16.62,"b":4.79,"ms":3.83,"wi":79.78,"ei":9.46,"as":2502.0,"mi":"E","mv":13983,"sc":9,"lpe":88.85,"lpr":230770.55,"lq":1.0,"d":9185246},{"pi":"370079","pc":"Автомобильные товары","ss":60000,"td":"Центр города","dc":1,"n":356.8,"vc":"161740","sl":"Элитный","sv":"354","p":1400000.0,"q":16.96,"b":4.32,"ms":2.53,"wi":79.78,"ei":9.46,"as":2502.0,"mi":"E","mv":13983,"sc":9,"lpe":88.85,"lpr":230770.55,"lq":1.0,"d":9185246},{"pi":"370079","pc":"Автомобильные товары","ss":50000,"td":"Центр города","dc":1,"n":344.98,"vc":"127389","sl":"Элитный","sv":"225","p":1400000.0,"q":15.78,"b":3.35,"ms":1.61,"wi":79.78,"ei":9.46,"as":2502.0,"mi":"E","mv":13983,"sc":9,"lpe":88.85,"lpr":230770.55,"lq":1.0,"d":9185246},{"pi":"370079","pc":"Автомобильные товары","ss":50000,"td":"Центр города","dc":1,"n":294.95,"vc":"81674","sl":"Элитный","sv":"183","p":1300000.0,"q":16.75,"b":1.2,"ms":1.31,"wi":79.78,"ei":9.46,"as":2502.0,"mi":"E","mv":13983,"sc":9,"lpe":88.85,"lpr":230770.55,"lq":1.0,"d":9185246},{"pi":"370079","pc":"Автомобильные товары","ss":10000,"td":"Фешенебельный район","dc":1,"n":136.32,"vc":"898","sl":"Элитный","sv":"100","p":600000.0,"q":15.25,"b":1.09,"ms":0.72,"wi":79.78,"ei":9.46,"as":2502.0,"mi":"E","mv":13983,"sc":9,"lpe":88.85,"lpr":230770.55,"lq":1.0,"d":9185246},{"pi":"370079","pc":"Автомобильные товары","ss":30000,"td":"Фешенебельный район","dc":1,"n":447.82,"vc":"31522","sl":"Элитный","sv":"77","p":1500000.0,"q":15.78,"b":3.35,"ms":0.55,"wi":79.78,"ei":9.46,"as":2502.0,"mi":"E","mv":13983,"sc":9,"lpe":88.85,"lpr":230770.55,"lq":1.0,"d":9185246},{"pi":"370079","pc":"Автомобильные товары","ss":143000,"td":"Центр города","dc":1,"n":296.36,"vc":"113438","sl":"Элитный","sv":"43","p":1400000.0,"q":17.45,"b":3.1,"ms":0.31,"wi":79.78,"ei":9.46,"as":2502.0,"mi":"E","mv":13983,"sc":9,"lpe":88.85,"lpr":230770.55,"lq":1.0,"d":9185246},{"pi":"370079","pc":"Автомобильные товары","ss":30000,"td":"Центр города","dc":2,"n":321.18,"vc":"48451","sl":"Элитный","sv":"39","p":1000000.0,"q":15.98,"b":0.51,"ms":0.28,"wi":79.78,"ei":9.46,"as":2502.0,"mi":"E","mv":13983,"sc":9,"lpe":88.85,"lpr":230770.55,"lq":1.0,"d":9185246},{"pi":"370079","pc":"Автомобильные товары","ss":10000,"td":"Окраина","dc":1,"n":355.59,"vc":"27262","sl":"Элитный","sv":"2","p":1600000.0,"q":6.29,"b":2.025,"ms":0.01,"wi":79.78,"ei":9.46,"as":2502.0,"mi":"E","mv":13983,"sc":9,"lpe":88.85,"lpr":230770.55,"lq":1.0,"d":9185246},{"pi":"370079","pc":"Автомобильные товары","ss":100000,"td":"Фешенебельный район","dc":1,"n":687.11,"vc":"203687","sl":"Очень высокий","sv":"28","p":1383913.3,"q":16.68,"b":5.23,"ms":2.79,"wi":49.5,"ei":5.0,"as":327.0,"mi":"E","mv":1005,"sc":1,"lpe":97.21,"lpr":177247.97,"lq":1.0,"d":491286},{"pi":"370079","pc":"Автомобильные товары","ss":90000,"td":"Центр города","dc":1,"n":487.13,"vc":"286272","sl":"Очень высокий","sv":"39","p":1100000.0,"q":14.51,"b":0.0,"ms":3.44,"wi":50.1,"ei":6.0,"as":383.0,"mi":"E","mv":1134,"sc":2,"lpe":93.92,"lpr":143840.86,"lq":1.0,"d":575400},{"pi":"370079","pc":"Автомобильные товары","ss":100000,"td":"Фешенебельный район","dc":1,"n":685.07,"vc":"211091","sl":"Очень высокий","sv":"30","p":1328231.5,"q":16.68,"b":5.23,"ms":2.65,"wi":50.1,"ei":6.0,"as":383.0,"mi":"E","mv":1134,"sc":2,"lpe":93.92,"lpr":143840.86,"lq":1.0,"d":575400},{"pi":"370079","pc":"Автомобильные товары","ss":100000,"td":"Фешенебельный район","dc":1,"n":686.47,"vc":"206036","sl":"Очень высокий","sv":"68","p":1680476.7,"q":16.62,"b":5.23,"ms":6.74,"wi":53.9,"ei":6.0,"as":346.0,"mi":"E","mv":1009,"sc":1,"lpe":93.26,"lpr":188288.7,"lq":1.0,"d":516707},{"pi":"370079","pc":"Автомобильные товары","ss":200000,"td":"Фешенебельный район","dc":1,"n":689.38,"vc":"460617","sl":"Очень высокий","sv":"4","p":3474014.8,"q":16.68,"b":7.82,"ms":2.88,"wi":24.92,"ei":5.99,"as":322.5,"mi":"E","mv":139,"sc":1,"lpe":97.12,"lpr":481469.04,"lq":1.0,"d":501647},{"pi":"370079","pc":"Автомобильные товары","ss":100000,"td":"Фешенебельный район","dc":1,"n":691.84,"vc":"186980","sl":"Очень высокий","sv":"44","p":1678850.0,"q":16.62,"b":5.23,"ms":6.63,"wi":51.09,"ei":5.0,"as":375.0,"mi":"E","mv":664,"sc":1,"lpe":93.37,"lpr":186911.18,"lq":1.0,"d":337866},{"pi":"370079","pc":"Автомобильные товары","ss":100000,"td":"Фешенебельный район","dc":1,"n":675.92,"vc":"231790","sl":"Очень высокий","sv":"138","p":1674061.1,"q":16.62,"b":5.23,"ms":7.22,"wi":49.72,"ei":7.0,"as":374.0,"mi":"E","mv":1911,"sc":1,"lpe":92.78,"lpr":194462.97,"lq":1.0,"d":966800},{"pi":"370079","pc":"Автомобильные товары","ss":100000,"td":"Фешенебельный район","dc":1,"n":685.15,"vc":"197777","sl":"Очень высокий","sv":"29","p":2408731.6,"q":16.67,"b":5.23,"ms":2.87,"wi":65.6,"ei":7.0,"as":380.0,"mi":"E","mv":1009,"sc":1,"lpe":97.13,"lpr":239397.36,"lq":1.0,"d":476640},{"pi":"370079","pc":"Автомобильные товары","ss":100000,"td":"Центр города","dc":1,"n":474.56,"vc":"397460","sl":"Элитный","sv":"172","p":1600000.0,"q":17.23,"b":4.93,"ms":5.81,"wi":63.08,"ei":7.98,"as":479.0,"mi":"E","mv":2958,"sc":4,"lpe":87.05,"lpr":198743.93,"lq":1.02,"d":1584151},{"pi":"370079","pc":"Автомобильные товары","ss":100000,"td":"Фешенебельный район","dc":1,"n":620.41,"vc":"161568","sl":"Очень высокий","sv":"140","p":1700292.6,"q":16.62,"b":5.23,"ms":4.73,"wi":63.08,"ei":7.98,"as":479.0,"mi":"E","mv":2958,"sc":4,"lpe":87.05,"lpr":198743.93,"lq":1.02,"d":1584151},{"pi":"370079","pc":"Автомобильные товары","ss":50000,"td":"Центр города","dc":1,"n":466.95,"vc":"203583","sl":"Очень высокий","sv":"69","p":1400000.0,"q":14.26,"b":0.0,"ms":2.33,"wi":63.08,"ei":7.98,"as":479.0,"mi":"E","mv":2958,"sc":4,"lpe":87.05,"lpr":198743.93,"lq":1.02,"d":1584151},{"pi":"370079","pc":"Автомобильные товары","ss":10000,"td":"Спальный район","dc":1,"n":298.3,"vc":"8040","sl":"Элитный","sv":"2","p":1055000.0,"q":11.73,"b":1.47,"ms":0.07,"wi":63.08,"ei":7.98,"as":479.0,"mi":"E","mv":2958,"sc":4,"lpe":87.05,"lpr":198743.93,"lq":1.02,"d":1584151},{"pi":"370079","pc":"Автомобильные товары","ss":100000,"td":"Центр города","dc":1,"n":503.7,"vc":"308057","sl":"Очень высокий","sv":"62","p":1300000.0,"q":14.5,"b":0.0,"ms":2.88,"wi":53.01,"ei":5.0,"as":324.0,"mi":"E","mv":2154,"sc":1,"lpe":97.12,"lpr":185993.61,"lq":1.0,"d":1093944},{"pi":"370079","pc":"Автомобильные товары","ss":100000,"td":"Фешенебельный район","dc":1,"n":483.52,"vc":"60147","sl":"Элитный","sv":"1","p":2000000.0,"q":13.73,"b":3.59,"ms":0.01,"wi":38.04,"ei":8.74,"as":423.0,"mi":"E","mv":7252,"sc":1,"lpe":99.99,"lpr":175350.04,"lq":1.0,"d":4045672},{"pi":"370079","pc":"Автомобильные товары","ss":90000,"td":"Центр города","dc":1,"n":486.22,"vc":"318880","sl":"Высокий","sv":"36","p":1200000.0,"q":14.36,"b":4.24,"ms":2.87,"wi":43.84,"ei":6.0,"as":749.98,"mi":"E","mv":1254,"sc":1,"lpe":97.13,"lpr":151154.59,"lq":1.0,"d":802750},{"pi":"370079","pc":"Автомобильные товары","ss":300000,"td":"Фешенебельный район","dc":1,"n":690.8,"vc":"439361","sl":"Очень высокий","sv":"13","p":3036648.1,"q":16.68,"b":7.59,"ms":2.74,"wi":61.17,"ei":7.54,"as":1230.25,"mi":"E","mv":474,"sc":2,"lpe":96.2,"lpr":509962.73,"lq":1.0,"d":384017},{"pi":"370079","pc":"Автомобильные товары","ss":20000,"td":"Центр города","dc":2,"n":392.37,"vc":"21496","sl":"Элитный","sv":"5","p":1688000.0,"q":11.73,"b":2.46,"ms":1.05,"wi":61.17,"ei":7.54,"as":1230.25,"mi":"E","mv":474,"sc":2,"lpe":96.2,"lpr":509962.73,"lq":1.0,"d":384017},{"pi":"370079","pc":"Автомобильные товары","ss":50000,"td":"Центр города","dc":1,"n":431.21,"vc":"155535","sl":"Элитный","sv":"82","p":1930000.0,"q":14.51,"b":4.24,"ms":3.13,"wi":65.52,"ei":7.0,"as":1059.0,"mi":"E","mv":2620,"sc":2,"lpe":94.16,"lpr":253434.68,"lq":1.0,"d":1819400},{"pi":"370079","pc":"Автомобильные товары","ss":150000,"td":"Фешенебельный район","dc":1,"n":636.95,"vc":"308201","sl":"Элитный","sv":"71","p":2458357.5,"q":16.68,"b":6.24,"ms":2.71,"wi":65.52,"ei":7.0,"as":1059.0,"mi":"E","mv":2620,"sc":2,"lpe":94.16,"lpr":253434.68,"lq":1.0,"d":1819400}]