[{"d":"06.07.2018","r":30.0,"q":1.0,"p":4669.3,"s":[{"cn":"Virtonomica","ui":"7821891","t":8987659.0,"r":8984408.0,"q":1.0,"p":4669.3,"mot":"L","mo":30.0},{"cn":"","ui":"","t":0.0,"r":0.0,"q":0.0,"p":0.0,"mot":"L","mo":0.0}]},{"d":"09.07.2018","r":30.0,"q":1.0,"p":4669.3,"s":[{"cn":"Virtonomica","ui":"7821891","t":8975302.0,"r":8969994.0,"q":1.0,"p":4669.3,"mot":"L","mo":30.0},{"cn":"","ui":"","t":0.0,"r":0.0,"q":0.0,"p":0.0,"mot":"L","mo":0.0}]},{"d":"10.07.2018","r":60.0,"q":1.0,"p":6784.65,"s":[{"cn":"Virtonomica","ui":"7821891","t":8969706.0,"r":8963288.0,"q":1.0,"p":4669.3,"mot":"L","mo":30.0},{"cn":"pinuscz s.r.o","ui":"7825026","t":30.0,"r":30.0,"q":1.0,"p":8900.0,"mot":"U","mo":30.0},{"cn":"","ui":"","t":0.0,"r":0.0,"q":0.0,"p":0.0,"mot":"L","mo":0.0}]},{"d":"11.07.2018","r":240.0,"q":1.0,"p":7183.66,"s":[{"cn":"pinuscz s.r.o","ui":"7825025","t":60.0,"r":60.0,"q":1.0,"p":7000.0,"mot":"U","mo":60.0},{"cn":"pinuscz s.r.o","ui":"7824823","t":60.0,"r":60.0,"q":1.0,"p":7000.0,"mot":"U","mo":60.0},{"cn":"Virtonomica","ui":"7821891","t":8962829.0,"r":8955501.0,"q":1.0,"p":4669.3,"mot":"L","mo":30.0},{"cn":"pinuscz s.r.o","ui":"7825686","t":30.0,"r":30.0,"q":1.0,"p":7000.0,"mot":"U","mo":30.0},{"cn":"pinuscz s.r.o","ui":"7825026","t":60.0,"r":60.0,"q":1.0,"p":8900.0,"mot":"U","mo":60.0},{"cn":"","ui":"","t":0.0,"r":0.0,"q":0.0,"p":0.0,"mot":"L","mo":0.0}]},{"d":"12.07.2018","r":30.0,"q":1.0,"p":4669.3,"s":[{"cn":"Virtonomica","ui":"7821891","t":8954816.0,"r":8946024.0,"q":1.0,"p":4669.3,"mot":"L","mo":30.0},{"cn":"","ui":"","t":0.0,"r":0.0,"q":0.0,"p":0.0,"mot":"L","mo":0.0}]},{"d":"13.07.2018","r":30.0,"q":1.0,"p":4669.3,"s":[{"cn":"Virtonomica","ui":"7821891","t":8944989.0,"r":8934505.0,"q":1.0,"p":4669.3,"mot":"L","mo":30.0},{"cn":"","ui":"","t":0.0,"r":0.0,"q":0.0,"p":0.0,"mot":"L","mo":0.0}]},{"d":"30.07.2018","r":30.0,"q":1.0,"p":4669.3,"s":[{"cn":"Virtonomica","ui":"7821891","t":8425844.0,"r":8363180.0,"q":1.0,"p":4669.3,"mot":"L","mo":30.0},{"cn":"","ui":"","t":0.0,"r":0.0,"q":0.0,"p":0.0,"mot":"L","mo":0.0}]},{"d":"31.07.2018","r":30.0,"q":1.0,"p":4669.3,"s":[{"cn":"Virtonomica","ui":"7821891","t":8360800.0,"r":8291954.0,"q":1.0,"p":4669.3,"mot":"L","mo":30.0},{"cn":"","ui":"","t":0.0,"r":0.0,"q":0.0,"p":0.0,"mot":"L","mo":0.0}]},{"d":"01.08.2018","r":30.0,"q":1.0,"p":4669.3,"s":[{"cn":"Virtonomica","ui":"7821891","t":8293188.0,"r":8226639.0,"q":1.0,"p":4669.3,"mot":"L","mo":30.0},{"cn":"","ui":"","t":0.0,"r":0.0,"q":0.0,"p":0.0,"mot":"L","mo":0.0}]},{"d":"03.08.2018","r":30.0,"q":1.0,"p":4669.3,"s":[{"cn":"Virtonomica","ui":"7821891","t":8147502.0,"r":8069483.0,"q":1.0,"p":4669.3,"mot":"L","mo":30.0},{"cn":"","ui":"","t":0.0,"r":0.0,"q":0.0,"p":0.0,"mot":"L","mo":0.0}]},{"d":"06.08.2018","r":30.0,"q":1.0,"p":4669.3,"s":[{"cn":"Virtonomica","ui":"7821891","t":7884827.0,"r":7787226.0,"q":1.0,"p":4669.3,"mot":"L","mo":30.0},{"cn":"","ui":"","t":0.0,"r":0.0,"q":0.0,"p":0.0,"mot":"L","mo":0.0}]},{"d":"07.08.2018","r":30.0,"q":1.0,"p":4669.3,"s":[{"cn":"Virtonomica","ui":"7821891","t":7785396.0,"r":7682035.0,"q":1.0,"p":4669.3,"mot":"L","mo":30.0},{"cn":"","ui":"","t":0.0,"r":0.0,"q":0.0,"p":0.0,"mot":"L","mo":0.0}]},{"d":"08.08.2018","r":55.0,"q":1.0,"p":6074.16,"s":[{"cn":"pinuscz s.r.o","ui":"7824823","t":30.0,"r":10.0,"q":1.0,"p":7700.0,"mot":"U","mo":10.0},{"cn":"AncepSO Ltd","ui":"7830247","t":30.0,"r":15.0,"q":1.0,"p":7800.0,"mot":"U","mo":15.0},{"cn":"Virtonomica","ui":"7821891","t":7681579.0,"r":7577372.0,"q":1.0,"p":4669.3,"mot":"L","mo":30.0},{"cn":"","ui":"","t":0.0,"r":0.0,"q":0.0,"p":0.0,"mot":"L","mo":0.0}]},{"d":"09.08.2018","r":30.0,"q":1.0,"p":4669.3,"s":[{"cn":"Virtonomica","ui":"7821891","t":7576261.0,"r":7471380.0,"q":1.0,"p":4669.3,"mot":"L","mo":30.0},{"cn":"","ui":"","t":0.0,"r":0.0,"q":0.0,"p":0.0,"mot":"L","mo":0.0}]},{"d":"10.08.2018","r":30.0,"q":1.0,"p":4669.3,"s":[{"cn":"Virtonomica","ui":"7821891","t":7470705.0,"r":7364814.0,"q":1.0,"p":4669.3,"mot":"L","mo":30.0},{"cn":"","ui":"","t":0.0,"r":0.0,"q":0.0,"p":0.0,"mot":"L","mo":0.0}]},{"d":"13.08.2018","r":30.0,"q":1.0,"p":4669.3,"s":[{"cn":"Virtonomica","ui":"7821891","t":7144119.0,"r":7024091.0,"q":1.0,"p":4669.3,"mot":"L","mo":30.0},{"cn":"","ui":"","t":0.0,"r":0.0,"q":0.0,"p":0.0,"mot":"L","mo":0.0}]},{"d":"14.08.2018","r":1090.0,"q":1.0,"p":37082.64,"s":[{"cn":"Yellow Rose","ui":"7823555","t":3060.0,"r":1060.0,"q":1.0,"p":38000.0,"mot":"U","mo":1060.0},{"cn":"","ui":"","t":7028498.0,"r":30.0,"q":1.0,"p":4669.3,"mot":"L","mo":30.0}]},{"d":"16.08.2018","r":3210.0,"q":1.0,"p":37688.5,"s":[{"cn":"Yellow Rose","ui":"7823555","t":5180.0,"r":3180.0,"q":1.0,"p":38000.0,"mot":"U","mo":3180.0},{"cn":"","ui":"","t":6792304.0,"r":30.0,"q":1.0,"p":4669.3,"mot":"L","mo":30.0}]},{"d":"17.08.2018","r":4270.0,"q":1.0,"p":37765.83,"s":[{"cn":"Yellow Rose","ui":"7823555","t":6240.0,"r":4240.0,"q":1.0,"p":38000.0,"mot":"U","mo":4240.0},{"cn":"","ui":"","t":6670328.0,"r":30.0,"q":1.0,"p":4669.3,"mot":"L","mo":30.0}]},{"d":"20.08.2018","r":7450.0,"q":1.0,"p":37865.78,"s":[{"cn":"Yellow Rose","ui":"7823555","t":9420.0,"r":7420.0,"q":1.0,"p":38000.0,"mot":"U","mo":7420.0},{"cn":"","ui":"","t":6302231.0,"r":30.0,"q":1.0,"p":4669.3,"mot":"L","mo":30.0}]},{"d":"21.08.2018","r":8510.0,"q":1.0,"p":37882.5,"s":[{"cn":"Yellow Rose","ui":"7823555","t":10480.0,"r":8480.0,"q":1.0,"p":38000.0,"mot":"U","mo":8480.0},{"cn":"","ui":"","t":6176907.0,"r":30.0,"q":1.0,"p":4669.3,"mot":"L","mo":30.0}]},{"d":"22.08.2018","r":10570.0,"q":1.0,"p":37905.4,"s":[{"cn":"Yellow Rose","ui":"7823555","t":11540.0,"r":10540.0,"q":1.0,"p":38000.0,"mot":"U","mo":10540.0},{"cn":"","ui":"","t":6050923.0,"r":30.0,"q":1.0,"p":4669.3,"mot":"L","mo":30.0}]},{"d":"23.08.2018","r":27800.0,"q":1.0,"p":33310.79,"s":[{"cn":"BuNKeR Corp","ui":"7836129","t":16170.0,"r":16170.0,"q":1.0,"p":30000.0,"mot":"U","mo":16170.0},{"cn":"Yellow Rose","ui":"7823555","t":13600.0,"r":11600.0,"q":1.0,"p":38000.0,"mot":"U","mo":11600.0},{"cn":"","ui":"","t":5924878.0,"r":30.0,"q":1.0,"p":4669.3,"mot":"L","mo":30.0}]},{"d":"24.08.2018","r":31830.0,"q":1.0,"p":27144.83,"s":[{"cn":"BuNKeR Corp","ui":"7836129","t":19140.0,"r":19140.0,"q":1.0,"p":20000.0,"mot":"U","mo":19140.0},{"cn":"Yellow Rose","ui":"7823555","t":14660.0,"r":12660.0,"q":1.0,"p":38000.0,"mot":"U","mo":12660.0},{"cn":"","ui":"","t":5798851.0,"r":30.0,"q":1.0,"p":4669.3,"mot":"L","mo":30.0}]},{"d":"27.08.2018","r":9370.0,"q":1.0,"p":37893.28,"s":[{"cn":"Yellow Rose","ui":"7823555","t":12840.0,"r":9340.0,"q":1.0,"p":38000.0,"mot":"U","mo":9340.0},{"cn":"","ui":"","t":5365786.0,"r":30.0,"q":1.0,"p":4669.3,"mot":"L","mo":30.0}]},{"d":"28.08.2018","r":30.0,"q":1.0,"p":4669.3,"s":[{"cn":"Virtonomica","ui":"7821891","t":5214975.0,"r":5063819.0,"q":1.0,"p":4669.3,"mot":"L","mo":30.0},{"cn":"","ui":"","t":0.0,"r":0.0,"q":0.0,"p":0.0,"mot":"L","mo":0.0}]},{"d":"29.08.2018","r":5921.0,"q":1.0,"p":17932.46,"s":[{"cn":"BuNKeR Corp","ui":"7836129","t":11891.0,"r":5891.0,"q":1.0,"p":18000.0,"mot":"U","mo":5891.0},{"cn":"","ui":"","t":5063098.0,"r":30.0,"q":1.0,"p":4669.3,"mot":"L","mo":30.0}]},{"d":"30.08.2018","r":4393.0,"q":1.0,"p":17908.96,"s":[{"cn":"BuNKeR Corp","ui":"7836129","t":10363.0,"r":4363.0,"q":1.0,"p":18000.0,"mot":"U","mo":4363.0},{"cn":"","ui":"","t":4909854.0,"r":30.0,"q":1.0,"p":4669.3,"mot":"L","mo":30.0}]},{"d":"31.08.2018","r":30.0,"q":1.0,"p":4669.3,"s":[{"cn":"Virtonomica","ui":"7821891","t":4754330.0,"r":4598315.0,"q":1.0,"p":4669.3,"mot":"L","mo":30.0},{"cn":"","ui":"","t":0.0,"r":0.0,"q":0.0,"p":0.0,"mot":"L","mo":0.0}]},{"d":"03.09.2018","r":30.0,"q":1.0,"p":4669.3,"s":[{"cn":"Virtonomica","ui":"7821891","t":4285102.0,"r":4128411.0,"q":1.0,"p":4669.3,"mot":"L","mo":30.0},{"cn":"","ui":"","t":0.0,"r":0.0,"q":0.0,"p":0.0,"mot":"L","mo":0.0}]},{"d":"04.09.2018","r":30.0,"q":1.0,"p":4669.3,"s":[{"cn":"Virtonomica","ui":"7821891","t":4127550.0,"r":3969836.0,"q":1.0,"p":4669.3,"mot":"L","mo":30.0},{"cn":"","ui":"","t":0.0,"r":0.0,"q":0.0,"p":0.0,"mot":"L","mo":0.0}]},{"d":"05.09.2018","r":30.0,"q":1.0,"p":4669.3,"s":[{"cn":"Virtonomica","ui":"7821891","t":3968215.0,"r":3808747.0,"q":1.0,"p":4669.3,"mot":"L","mo":30.0},{"cn":"","ui":"","t":0.0,"r":0.0,"q":0.0,"p":0.0,"mot":"L","mo":0.0}]},{"d":"06.09.2018","r":30.0,"q":1.0,"p":4669.3,"s":[{"cn":"Virtonomica","ui":"7821891","t":3808866.0,"r":3649302.0,"q":1.0,"p":4669.3,"mot":"L","mo":30.0},{"cn":"","ui":"","t":0.0,"r":0.0,"q":0.0,"p":0.0,"mot":"L","mo":0.0}]},{"d":"07.09.2018","r":30.0,"q":1.0,"p":4669.3,"s":[{"cn":"Virtonomica","ui":"7821891","t":3649094.0,"r":3488741.0,"q":1.0,"p":4669.3,"mot":"L","mo":30.0},{"cn":"","ui":"","t":0.0,"r":0.0,"q":0.0,"p":0.0,"mot":"L","mo":0.0}]},{"d":"10.09.2018","r":30.0,"q":1.0,"p":4669.3,"s":[{"cn":"Virtonomica","ui":"7821891","t":3149424.0,"r":2971492.0,"q":1.0,"p":4669.3,"mot":"L","mo":30.0},{"cn":"","ui":"","t":0.0,"r":0.0,"q":0.0,"p":0.0,"mot":"L","mo":0.0}]},{"d":"12.09.2018","r":30.0,"q":1.0,"p":4669.3,"s":[{"cn":"Virtonomica","ui":"7821891","t":2794106.0,"r":2616544.0,"q":1.0,"p":4669.3,"mot":"L","mo":30.0},{"cn":"","ui":"","t":0.0,"r":0.0,"q":0.0,"p":0.0,"mot":"L","mo":0.0}]},{"d":"13.09.2018","r":30.0,"q":1.0,"p":4669.3,"s":[{"cn":"Virtonomica","ui":"7821891","t":2616640.0,"r":2439110.0,"q":1.0,"p":4669.3,"mot":"L","mo":30.0},{"cn":"","ui":"","t":0.0,"r":0.0,"q":0.0,"p":0.0,"mot":"L","mo":0.0}]},{"d":"14.09.2018","r":30.0,"q":1.0,"p":4669.3,"s":[{"cn":"Virtonomica","ui":"7821891","t":2439152.0,"r":2261664.0,"q":1.0,"p":4669.3,"mot":"L","mo":30.0},{"cn":"","ui":"","t":0.0,"r":0.0,"q":0.0,"p":0.0,"mot":"L","mo":0.0}]},{"d":"17.09.2018","r":30.0,"q":1.0,"p":4669.3,"s":[{"cn":"Virtonomica","ui":"7821891","t":1910800.0,"r":1734575.0,"q":1.0,"p":4669.3,"mot":"L","mo":30.0},{"cn":"","ui":"","t":0.0,"r":0.0,"q":0.0,"p":0.0,"mot":"L","mo":0.0}]},{"d":"18.09.2018","r":30.0,"q":1.0,"p":4669.3,"s":[{"cn":"Virtonomica","ui":"7821891","t":1734748.0,"r":1558672.0,"q":1.0,"p":4669.3,"mot":"L","mo":30.0},{"cn":"","ui":"","t":0.0,"r":0.0,"q":0.0,"p":0.0,"mot":"L","mo":0.0}]},{"d":"19.09.2018","r":30.0,"q":1.0,"p":4669.3,"s":[{"cn":"Virtonomica","ui":"7821891","t":1558809.0,"r":1382723.0,"q":1.0,"p":4669.3,"mot":"L","mo":30.0},{"cn":"","ui":"","t":0.0,"r":0.0,"q":0.0,"p":0.0,"mot":"L","mo":0.0}]},{"d":"20.09.2018","r":30.0,"q":1.0,"p":4669.3,"s":[{"cn":"Virtonomica","ui":"7821891","t":1382838.0,"r":1206647.0,"q":1.0,"p":4669.3,"mot":"L","mo":30.0},{"cn":"","ui":"","t":0.0,"r":0.0,"q":0.0,"p":0.0,"mot":"L","mo":0.0}]},{"d":"21.09.2018","r":30.0,"q":1.0,"p":4669.3,"s":[{"cn":"Virtonomica","ui":"7821891","t":1206725.0,"r":1029538.0,"q":1.0,"p":4669.3,"mot":"L","mo":30.0},{"cn":"","ui":"","t":0.0,"r":0.0,"q":0.0,"p":0.0,"mot":"L","mo":0.0}]},{"d":"24.09.2018","r":30.0,"q":1.0,"p":4669.3,"s":[{"cn":"Virtonomica","ui":"7821891","t":675473.0,"r":498300.0,"q":1.0,"p":4669.3,"mot":"L","mo":30.0},{"cn":"","ui":"","t":0.0,"r":0.0,"q":0.0,"p":0.0,"mot":"L","mo":0.0}]},{"d":"25.09.2018","r":30.0,"q":1.0,"p":4669.3,"s":[{"cn":"Virtonomica","ui":"7821891","t":498462.0,"r":321287.0,"q":1.0,"p":4669.3,"mot":"L","mo":30.0},{"cn":"","ui":"","t":0.0,"r":0.0,"q":0.0,"p":0.0,"mot":"L","mo":0.0}]},{"d":"26.09.2018","r":30.0,"q":1.0,"p":4669.3,"s":[{"cn":"Virtonomica","ui":"7821891","t":321334.0,"r":144034.0,"q":1.0,"p":4669.3,"mot":"L","mo":30.0},{"cn":"","ui":"","t":0.0,"r":0.0,"q":0.0,"p":0.0,"mot":"L","mo":0.0}]},{"d":"01.02.2019","r":1060.0,"q":11.71,"p":141811.4,"s":[{"cn":"Yellow Rose","ui":"7823541","t":6743.0,"r":5743.0,"q":12.35,"p":150000.0,"mot":"L","mo":1000.0},{"cn":"","ui":"","t":3.4116679E7,"r":60.0,"q":1.0,"p":5334.65,"mot":"L","mo":60.0}]},{"d":"04.02.2019","r":1030.0,"q":12.09,"p":145767.07,"s":[{"cn":"Yellow Rose","ui":"7823541","t":7749.0,"r":6749.0,"q":12.42,"p":150000.0,"mot":"L","mo":1000.0},{"cn":"","ui":"","t":3.3661073E7,"r":30.0,"q":1.0,"p":4669.3,"mot":"L","mo":30.0}]},{"d":"05.02.2019","r":1030.0,"q":12.11,"p":145767.07,"s":[{"cn":"Yellow Rose","ui":"7823541","t":8083.0,"r":7083.0,"q":12.44,"p":150000.0,"mot":"L","mo":1000.0},{"cn":"","ui":"","t":3.3509145E7,"r":30.0,"q":1.0,"p":4669.3,"mot":"L","mo":30.0}]},{"d":"06.02.2019","r":1030.0,"q":12.13,"p":145767.07,"s":[{"cn":"Yellow Rose","ui":"7823541","t":8417.0,"r":7417.0,"q":12.46,"p":150000.0,"mot":"L","mo":1000.0},{"cn":"","ui":"","t":3.3357229E7,"r":30.0,"q":1.0,"p":4669.3,"mot":"L","mo":30.0}]},{"d":"07.02.2019","r":1030.0,"q":12.14,"p":145767.07,"s":[{"cn":"Yellow Rose","ui":"7823541","t":8750.0,"r":7750.0,"q":12.47,"p":150000.0,"mot":"L","mo":1000.0},{"cn":"","ui":"","t":3.3205241E7,"r":30.0,"q":1.0,"p":4669.3,"mot":"L","mo":30.0}]},{"d":"08.02.2019","r":1030.0,"q":12.14,"p":145767.07,"s":[{"cn":"Yellow Rose","ui":"7823541","t":9078.0,"r":8078.0,"q":12.47,"p":150000.0,"mot":"L","mo":1000.0},{"cn":"","ui":"","t":3.3053193E7,"r":30.0,"q":1.0,"p":4669.3,"mot":"L","mo":30.0}]}]