[{"d":"31.08.2018","r":50.0,"q":2.23,"p":1850.0,"s":[{"cn":"ВВ комп","ui":"7846732","t":380.0,"r":360.0,"q":2.23,"p":1850.0,"mot":"L","mo":50.0},{"cn":"","ui":"","t":0.0,"r":0.0,"q":0.0,"p":0.0,"mot":"L","mo":0.0}]},{"d":"03.09.2018","r":50.0,"q":2.23,"p":1800.0,"s":[{"cn":"ВВ комп","ui":"7846732","t":720.0,"r":700.0,"q":2.23,"p":1800.0,"mot":"L","mo":50.0},{"cn":"","ui":"","t":0.0,"r":0.0,"q":0.0,"p":0.0,"mot":"L","mo":0.0}]},{"d":"04.09.2018","r":50.0,"q":2.23,"p":1775.0,"s":[{"cn":"ВВ комп","ui":"7846732","t":700.0,"r":689.0,"q":2.23,"p":1775.0,"mot":"L","mo":50.0},{"cn":"","ui":"","t":0.0,"r":0.0,"q":0.0,"p":0.0,"mot":"L","mo":0.0}]},{"d":"05.09.2018","r":50.0,"q":2.23,"p":1775.0,"s":[{"cn":"ВВ комп","ui":"7846732","t":689.0,"r":678.0,"q":2.23,"p":1775.0,"mot":"L","mo":50.0},{"cn":"","ui":"","t":0.0,"r":0.0,"q":0.0,"p":0.0,"mot":"L","mo":0.0}]},{"d":"06.09.2018","r":50.0,"q":2.23,"p":1775.0,"s":[{"cn":"ВВ комп","ui":"7846732","t":678.0,"r":667.0,"q":2.23,"p":1775.0,"mot":"L","mo":50.0},{"cn":"","ui":"","t":0.0,"r":0.0,"q":0.0,"p":0.0,"mot":"L","mo":0.0}]},{"d":"07.09.2018","r":50.0,"q":2.23,"p":1775.0,"s":[{"cn":"ВВ комп","ui":"7846732","t":667.0,"r":606.0,"q":2.23,"p":1775.0,"mot":"L","mo":50.0},{"cn":"","ui":"","t":0.0,"r":0.0,"q":0.0,"p":0.0,"mot":"L","mo":0.0}]},{"d":"10.09.2018","r":50.0,"q":2.23,"p":1775.0,"s":[{"cn":"ВВ комп","ui":"7846732","t":434.0,"r":323.0,"q":2.23,"p":1775.0,"mot":"L","mo":50.0},{"cn":"","ui":"","t":0.0,"r":0.0,"q":0.0,"p":0.0,"mot":"L","mo":0.0}]},{"d":"12.09.2018","r":50.0,"q":2.23,"p":1775.0,"s":[{"cn":"ВВ комп","ui":"7846732","t":314.0,"r":313.0,"q":2.23,"p":1775.0,"mot":"L","mo":50.0},{"cn":"","ui":"","t":0.0,"r":0.0,"q":0.0,"p":0.0,"mot":"L","mo":0.0}]},{"d":"13.09.2018","r":50.0,"q":2.23,"p":1775.0,"s":[{"cn":"ВВ комп","ui":"7846732","t":313.0,"r":262.0,"q":2.23,"p":1775.0,"mot":"L","mo":50.0},{"cn":"","ui":"","t":0.0,"r":0.0,"q":0.0,"p":0.0,"mot":"L","mo":0.0}]},{"d":"14.09.2018","r":50.0,"q":2.23,"p":1775.0,"s":[{"cn":"ВВ комп","ui":"7846732","t":262.0,"r":261.0,"q":2.23,"p":1775.0,"mot":"L","mo":50.0},{"cn":"","ui":"","t":0.0,"r":0.0,"q":0.0,"p":0.0,"mot":"L","mo":0.0}]},{"d":"17.09.2018","r":50.0,"q":2.23,"p":1775.0,"s":[{"cn":"ВВ комп","ui":"7846732","t":259.0,"r":258.0,"q":2.23,"p":1775.0,"mot":"L","mo":50.0},{"cn":"","ui":"","t":0.0,"r":0.0,"q":0.0,"p":0.0,"mot":"L","mo":0.0}]},{"d":"18.09.2018","r":50.0,"q":2.23,"p":1775.0,"s":[{"cn":"ВВ комп","ui":"7846732","t":258.0,"r":257.0,"q":2.23,"p":1775.0,"mot":"L","mo":50.0},{"cn":"","ui":"","t":0.0,"r":0.0,"q":0.0,"p":0.0,"mot":"L","mo":0.0}]},{"d":"19.09.2018","r":50.0,"q":2.23,"p":1775.0,"s":[{"cn":"ВВ комп","ui":"7846732","t":257.0,"r":256.0,"q":2.23,"p":1775.0,"mot":"L","mo":50.0},{"cn":"","ui":"","t":0.0,"r":0.0,"q":0.0,"p":0.0,"mot":"L","mo":0.0}]},{"d":"20.09.2018","r":50.0,"q":2.23,"p":1755.0,"s":[{"cn":"ВВ комп","ui":"7846732","t":256.0,"r":255.0,"q":2.23,"p":1755.0,"mot":"L","mo":50.0},{"cn":"","ui":"","t":0.0,"r":0.0,"q":0.0,"p":0.0,"mot":"L","mo":0.0}]},{"d":"21.09.2018","r":2803.0,"q":3.23,"p":2977.79,"s":[{"cn":"Шубин Инвест","ui":"7838946","t":2753.0,"r":2753.0,"q":3.25,"p":3000.0,"mot":"U","mo":2753.0},{"cn":"","ui":"","t":255.0,"r":50.0,"q":2.23,"p":1755.0,"mot":"L","mo":50.0}]},{"d":"24.09.2018","r":11071.0,"q":3.26,"p":2994.38,"s":[{"cn":"Шубин Инвест","ui":"7838946","t":11021.0,"r":11021.0,"q":3.26,"p":3000.0,"mot":"U","mo":11021.0},{"cn":"","ui":"","t":252.0,"r":50.0,"q":2.23,"p":1755.0,"mot":"L","mo":50.0}]},{"d":"25.09.2018","r":13827.0,"q":3.26,"p":2995.5,"s":[{"cn":"Шубин Инвест","ui":"7838946","t":13777.0,"r":13777.0,"q":3.26,"p":3000.0,"mot":"U","mo":13777.0},{"cn":"","ui":"","t":251.0,"r":50.0,"q":2.23,"p":1755.0,"mot":"L","mo":50.0}]},{"d":"26.09.2018","r":16721.0,"q":3.38,"p":2996.28,"s":[{"cn":"Шубин Инвест","ui":"7838946","t":16671.0,"r":16671.0,"q":3.38,"p":3000.0,"mot":"U","mo":16671.0},{"cn":"","ui":"","t":250.0,"r":50.0,"q":2.23,"p":1755.0,"mot":"L","mo":50.0}]},{"d":"28.09.2018","r":19615.0,"q":3.46,"p":2996.83,"s":[{"cn":"Шубин Инвест","ui":"7838946","t":19565.0,"r":19565.0,"q":3.46,"p":3000.0,"mot":"U","mo":19565.0},{"cn":"","ui":"","t":249.0,"r":50.0,"q":2.23,"p":1755.0,"mot":"L","mo":50.0}]},{"d":"01.02.2019","r":42932.0,"q":4.69,"p":541.42,"s":[{"cn":"ATX Enterprise","ui":"7896006","t":43882.0,"r":42882.0,"q":4.69,"p":540.0,"mot":"U","mo":42882.0},{"cn":"","ui":"","t":118.0,"r":50.0,"q":2.23,"p":1755.0,"mot":"L","mo":50.0}]},{"d":"04.02.2019","r":50.0,"q":2.23,"p":1755.0,"s":[{"cn":"ВВ комп","ui":"7846732","t":115.0,"r":114.0,"q":2.23,"p":1755.0,"mot":"L","mo":50.0},{"cn":"","ui":"","t":0.0,"r":0.0,"q":0.0,"p":0.0,"mot":"L","mo":0.0}]},{"d":"05.02.2019","r":50.0,"q":2.23,"p":1755.0,"s":[{"cn":"ВВ комп","ui":"7846732","t":114.0,"r":113.0,"q":2.23,"p":1755.0,"mot":"L","mo":50.0},{"cn":"","ui":"","t":0.0,"r":0.0,"q":0.0,"p":0.0,"mot":"L","mo":0.0}]},{"d":"06.02.2019","r":11050.0,"q":7.31,"p":704.77,"s":[{"cn":"Mary Limited Crypt","ui":"7847730","t":22000.0,"r":11000.0,"q":7.33,"p":700.0,"mot":"L","mo":11000.0},{"cn":"","ui":"","t":113.0,"r":50.0,"q":2.23,"p":1755.0,"mot":"L","mo":50.0}]},{"d":"07.02.2019","r":50.0,"q":2.23,"p":1755.0,"s":[{"cn":"ВВ комп","ui":"7846732","t":112.0,"r":111.0,"q":2.23,"p":1755.0,"mot":"L","mo":50.0},{"cn":"","ui":"","t":0.0,"r":0.0,"q":0.0,"p":0.0,"mot":"L","mo":0.0}]},{"d":"08.02.2019","r":50050.0,"q":1.0,"p":271.48,"s":[{"cn":"Z","ui":"7911225","t":50000.0,"r":50000.0,"q":1.0,"p":270.0,"mot":"U","mo":50000.0},{"cn":"","ui":"","t":111.0,"r":50.0,"q":2.23,"p":1755.0,"mot":"L","mo":50.0}]}]