[{"d":"30.12.2021","r":25.0,"q":2.07,"p":1.0E12,"s":[{"cn":"1","ui":"9196333","t":25.0,"r":25.0,"q":2.07,"p":1.0E12,"mot":"U","mo":25.0},{"cn":"","ui":"","t":0.0,"r":0.0,"q":0.0,"p":0.0,"mot":"L","mo":0.0}]},{"d":"31.12.2021","r":34.0,"q":2.24,"p":5.0E11,"s":[{"cn":"1","ui":"9196333","t":34.0,"r":34.0,"q":2.24,"p":5.0E11,"mot":"U","mo":34.0},{"cn":"","ui":"","t":0.0,"r":0.0,"q":0.0,"p":0.0,"mot":"L","mo":0.0}]},{"d":"03.01.2022","r":14.0,"q":2.2,"p":8.928571428543E10,"s":[{"cn":"1","ui":"9196333","t":7.0,"r":7.0,"q":2.7,"p":1.0E11,"mot":"U","mo":7.0},{"cn":"WIRUS","ui":"9198929","t":4.0,"r":4.0,"q":1.78,"p":9.9999999999E10,"mot":"U","mo":4.0},{"cn":"Haricane инвест","ui":"9196392","t":3.0,"r":3.0,"q":1.61,"p":5.0E10,"mot":"U","mo":3.0},{"cn":"","ui":"","t":0.0,"r":0.0,"q":0.0,"p":0.0,"mot":"L","mo":0.0}]},{"d":"04.01.2022","r":28.0,"q":2.24,"p":7.621428571407E10,"s":[{"cn":"Vasiliy\u0026Co.","ui":"9196320","t":2.0,"r":2.0,"q":2.27,"p":1.0E10,"mot":"U","mo":2.0},{"cn":"1","ui":"9196333","t":14.0,"r":14.0,"q":2.7,"p":1.0E11,"mot":"U","mo":14.0},{"cn":"WIRUS","ui":"9198929","t":6.0,"r":6.0,"q":1.78,"p":9.9999999999E10,"mot":"U","mo":6.0},{"cn":"Haricane инвест","ui":"9196392","t":6.0,"r":6.0,"q":1.61,"p":1.9E10,"mot":"U","mo":6.0},{"cn":"","ui":"","t":0.0,"r":0.0,"q":0.0,"p":0.0,"mot":"L","mo":0.0}]},{"d":"05.01.2022","r":8.0,"q":1.78,"p":9.9999999999E10,"s":[{"cn":"WIRUS","ui":"9198929","t":8.0,"r":8.0,"q":1.78,"p":9.9999999999E10,"mot":"U","mo":8.0},{"cn":"","ui":"","t":0.0,"r":0.0,"q":0.0,"p":0.0,"mot":"L","mo":0.0}]},{"d":"06.01.2022","r":20.0,"q":1.75,"p":7.09999999995E10,"s":[{"cn":"ЗАО \"Макроклимат\"","ui":"9200142","t":2.0,"r":2.0,"q":2.2,"p":1.5E11,"mot":"U","mo":2.0},{"cn":"WIRUS","ui":"9198929","t":10.0,"r":10.0,"q":1.78,"p":9.9999999999E10,"mot":"U","mo":10.0},{"cn":"Haricane инвест","ui":"9196392","t":8.0,"r":8.0,"q":1.61,"p":1.5E10,"mot":"U","mo":8.0},{"cn":"","ui":"","t":0.0,"r":0.0,"q":0.0,"p":0.0,"mot":"L","mo":0.0}]},{"d":"07.01.2022","r":31.0,"q":2.39,"p":1.0419354838671E11,"s":[{"cn":"1","ui":"9196333","t":11.0,"r":11.0,"q":3.25,"p":1.0E11,"mot":"U","mo":11.0},{"cn":"ЗАО \"Макроклимат\"","ui":"9200142","t":5.0,"r":5.0,"q":2.2,"p":1.2E11,"mot":"U","mo":5.0},{"cn":"WIRUS","ui":"9198929","t":12.0,"r":12.0,"q":1.87,"p":9.9999999999E10,"mot":"U","mo":12.0},{"cn":"SZ2019 LTD","ui":"9197705","t":3.0,"r":3.0,"q":1.66,"p":1.1E11,"mot":"U","mo":3.0},{"cn":"","ui":"","t":0.0,"r":0.0,"q":0.0,"p":0.0,"mot":"L","mo":0.0}]},{"d":"10.01.2022","r":58.0,"q":2.22,"p":6.999999999993E10,"s":[{"cn":"Vasiliy\u0026Co.","ui":"9196320","t":24.0,"r":24.0,"q":2.27,"p":2.5E10,"mot":"U","mo":24.0},{"cn":"1","ui":"9196333","t":7.0,"r":7.0,"q":3.25,"p":1.0E11,"mot":"U","mo":7.0},{"cn":"фывфыв™ Corporation","ui":"9213323","t":10.0,"r":10.0,"q":1.61,"p":8.0E10,"mot":"U","mo":10.0},{"cn":"ЗАО \"Макроклимат\"","ui":"9200142","t":7.0,"r":7.0,"q":2.22,"p":1.2E11,"mot":"U","mo":7.0},{"cn":"WIRUS","ui":"9198929","t":4.0,"r":4.0,"q":2.32,"p":9.9999999999E10,"mot":"U","mo":4.0},{"cn":"Adidas","ui":"9221174","t":6.0,"r":6.0,"q":1.79,"p":1.2E11,"mot":"U","mo":6.0},{"cn":"","ui":"","t":0.0,"r":0.0,"q":0.0,"p":0.0,"mot":"L","mo":0.0}]},{"d":"11.01.2022","r":50.0,"q":2.33,"p":8.68E10,"s":[{"cn":"Vasiliy\u0026Co.","ui":"9196320","t":12.0,"r":12.0,"q":2.27,"p":2.5E10,"mot":"U","mo":12.0},{"cn":"1","ui":"9196333","t":12.0,"r":12.0,"q":3.25,"p":1.0E11,"mot":"U","mo":12.0},{"cn":"ЗАО \"Макроклимат\"","ui":"9200142","t":10.0,"r":10.0,"q":2.23,"p":1.2E11,"mot":"U","mo":10.0},{"cn":"фывфыв™ Corporation","ui":"9213323","t":7.0,"r":7.0,"q":1.68,"p":8.0E10,"mot":"U","mo":7.0},{"cn":"Adidas","ui":"9221174","t":9.0,"r":9.0,"q":1.78,"p":1.2E11,"mot":"U","mo":9.0},{"cn":"","ui":"","t":0.0,"r":0.0,"q":0.0,"p":0.0,"mot":"L","mo":0.0}]},{"d":"12.01.2022","r":60.0,"q":2.4,"p":1.0566666666653E11,"s":[{"cn":"1","ui":"9196333","t":19.0,"r":19.0,"q":3.25,"p":1.0E11,"mot":"U","mo":19.0},{"cn":"фывфыв™ Corporation","ui":"9213323","t":8.0,"r":8.0,"q":1.68,"p":8.0E10,"mot":"U","mo":8.0},{"cn":"ЗАО \"Макроклимат\"","ui":"9200142","t":13.0,"r":13.0,"q":2.23,"p":1.2E11,"mot":"U","mo":13.0},{"cn":"WIRUS","ui":"9198929","t":8.0,"r":8.0,"q":2.32,"p":9.9999999999E10,"mot":"U","mo":8.0},{"cn":"Adidas","ui":"9221174","t":12.0,"r":12.0,"q":1.78,"p":1.2E11,"mot":"U","mo":12.0},{"cn":"","ui":"","t":0.0,"r":0.0,"q":0.0,"p":0.0,"mot":"L","mo":0.0}]},{"d":"17.01.2022","r":136.0,"q":2.2,"p":7.264705882349E10,"s":[{"cn":"Vasiliy\u0026Co.","ui":"9196320","t":24.0,"r":24.0,"q":2.74,"p":3.5E10,"mot":"U","mo":24.0},{"cn":"1","ui":"9196333","t":14.0,"r":14.0,"q":3.76,"p":1.0E11,"mot":"U","mo":14.0},{"cn":"фывфыв™ Corporation","ui":"9213323","t":66.0,"r":66.0,"q":1.69,"p":8.0E10,"mot":"U","mo":66.0},{"cn":"Haricane инвест","ui":"9226751","t":17.0,"r":17.0,"q":2.14,"p":4.0E10,"mot":"U","mo":17.0},{"cn":"Adidas","ui":"9221174","t":9.0,"r":9.0,"q":2.13,"p":1.2E11,"mot":"U","mo":9.0},{"cn":"","ui":"","t":6.0,"r":6.0,"q":2.32,"p":9.9999999999E10,"mot":"L","mo":6.0}]},{"d":"18.01.2022","r":49.0,"q":2.44,"p":8.632653061224E10,"s":[{"cn":"1","ui":"9196333","t":17.0,"r":17.0,"q":3.76,"p":1.0E11,"mot":"U","mo":17.0},{"cn":"ЗАО \"Макроклимат\"","ui":"9200142","t":3.0,"r":3.0,"q":2.24,"p":7.0E10,"mot":"U","mo":3.0},{"cn":"фывфыв™ Corporation","ui":"9213323","t":29.0,"r":29.0,"q":1.69,"p":8.0E10,"mot":"U","mo":29.0},{"cn":"","ui":"","t":0.0,"r":0.0,"q":0.0,"p":0.0,"mot":"L","mo":0.0}]},{"d":"20.01.2022","r":46.0,"q":2.28,"p":1.9869565217391E11,"s":[{"cn":"1","ui":"9196333","t":13.0,"r":13.0,"q":3.76,"p":5.0E11,"mot":"U","mo":13.0},{"cn":"фывфыв™ Corporation","ui":"9213323","t":33.0,"r":33.0,"q":1.7,"p":8.0E10,"mot":"U","mo":33.0},{"cn":"","ui":"","t":0.0,"r":0.0,"q":0.0,"p":0.0,"mot":"L","mo":0.0}]},{"d":"21.01.2022","r":108.0,"q":2.88,"p":1.7712962962961E11,"s":[{"cn":"Haricane инвест","ui":"9243792","t":30.0,"r":30.0,"q":2.14,"p":7.0E10,"mot":"U","mo":30.0},{"cn":"1","ui":"9196333","t":26.0,"r":26.0,"q":4.0,"p":5.0E11,"mot":"U","mo":26.0},{"cn":"фывфыв™ Corporation","ui":"9213323","t":33.0,"r":33.0,"q":3.08,"p":8.0E10,"mot":"U","mo":33.0},{"cn":"Haricane инвест","ui":"9226751","t":17.0,"r":17.0,"q":2.14,"p":7.0E10,"mot":"U","mo":17.0},{"cn":"","ui":"","t":2.0,"r":2.0,"q":2.32,"p":9.9999999999E10,"mot":"L","mo":2.0}]},{"d":"17.02.2022","r":876.0,"q":3.88,"p":8.881506849315E10,"s":[{"cn":"Vasiliy\u0026Co.","ui":"9196320","t":51.0,"r":51.0,"q":3.62,"p":6.5E10,"mot":"U","mo":51.0},{"cn":"1","ui":"9196333","t":266.0,"r":266.0,"q":4.9,"p":1.5E11,"mot":"U","mo":266.0},{"cn":"фывфыв™ Corporation","ui":"9213323","t":137.0,"r":137.0,"q":3.5,"p":8.0E10,"mot":"U","mo":137.0},{"cn":"Haricane инвест","ui":"9226751","t":230.0,"r":230.0,"q":3.4,"p":5.3E10,"mot":"U","mo":230.0},{"cn":"Haricane инвест","ui":"9196392","t":178.0,"r":178.0,"q":3.4,"p":5.45E10,"mot":"U","mo":178.0},{"cn":"","ui":"","t":14.0,"r":14.0,"q":3.29,"p":1.24E11,"mot":"L","mo":14.0}]},{"d":"18.02.2022","r":909.0,"q":4.06,"p":8.825742574257E10,"s":[{"cn":"Vasiliy\u0026Co.","ui":"9196320","t":68.0,"r":68.0,"q":3.61,"p":6.5E10,"mot":"U","mo":68.0},{"cn":"1","ui":"9196333","t":311.0,"r":311.0,"q":4.96,"p":1.5E11,"mot":"U","mo":311.0},{"cn":"фывфыв™ Corporation","ui":"9213323","t":185.0,"r":185.0,"q":3.5,"p":5.0E10,"mot":"U","mo":185.0},{"cn":"Haricane инвест","ui":"9226751","t":81.0,"r":81.0,"q":3.4,"p":5.3E10,"mot":"U","mo":81.0},{"cn":"Haricane инвест","ui":"9196392","t":134.0,"r":134.0,"q":3.4,"p":5.45E10,"mot":"U","mo":134.0},{"cn":"Проект \"Морской бой\"","ui":"9218470","t":49.0,"r":49.0,"q":4.4,"p":5.5E10,"mot":"U","mo":49.0},{"cn":"Проект \"Морской бой\"","ui":"9276255","t":64.0,"r":64.0,"q":3.95,"p":5.5E10,"mot":"U","mo":64.0},{"cn":"","ui":"","t":17.0,"r":17.0,"q":3.31,"p":1.2323529411765E11,"mot":"L","mo":17.0}]},{"d":"21.02.2022","r":1016.0,"q":4.18,"p":9.133858267717E10,"s":[{"cn":"Vasiliy\u0026Co.","ui":"9196320","t":118.0,"r":118.0,"q":3.59,"p":4.5E10,"mot":"U","mo":118.0},{"cn":"1","ui":"9196333","t":446.0,"r":446.0,"q":5.07,"p":1.5E11,"mot":"U","mo":446.0},{"cn":"фывфыв™ Corporation","ui":"9213323","t":265.0,"r":265.0,"q":3.5,"p":4.2E10,"mot":"U","mo":265.0},{"cn":"Haricane инвест","ui":"9226751","t":101.0,"r":101.0,"q":3.4,"p":4.0E10,"mot":"U","mo":101.0},{"cn":"Haricane инвест","ui":"9196392","t":61.0,"r":61.0,"q":3.4,"p":4.0E10,"mot":"U","mo":61.0},{"cn":"","ui":"","t":25.0,"r":25.0,"q":3.23,"p":1.192E11,"mot":"L","mo":25.0}]},{"d":"22.02.2022","r":1307.0,"q":4.13,"p":8.399846977812E10,"s":[{"cn":"Vasiliy\u0026Co.","ui":"9196320","t":134.0,"r":134.0,"q":3.58,"p":4.5E10,"mot":"U","mo":134.0},{"cn":"1","ui":"9196333","t":491.0,"r":491.0,"q":5.09,"p":1.5E11,"mot":"U","mo":491.0},{"cn":"фывфыв™ Corporation","ui":"9213323","t":313.0,"r":313.0,"q":3.5,"p":4.2E10,"mot":"U","mo":313.0},{"cn":"Haricane инвест","ui":"9226751","t":202.0,"r":202.0,"q":3.58,"p":4.0E10,"mot":"U","mo":202.0},{"cn":"Haricane инвест","ui":"9196392","t":146.0,"r":146.0,"q":3.61,"p":4.0E10,"mot":"U","mo":146.0},{"cn":"","ui":"","t":21.0,"r":21.0,"q":3.22,"p":1.447619047619E11,"mot":"L","mo":21.0}]},{"d":"23.02.2022","r":1211.0,"q":4.23,"p":9.190090834021E10,"s":[{"cn":"Vasiliy\u0026Co.","ui":"9196320","t":150.0,"r":150.0,"q":3.57,"p":4.5E10,"mot":"U","mo":150.0},{"cn":"1","ui":"9196333","t":536.0,"r":536.0,"q":5.11,"p":1.5E11,"mot":"U","mo":536.0},{"cn":"фывфыв™ Corporation","ui":"9213323","t":361.0,"r":361.0,"q":3.5,"p":4.2E10,"mot":"U","mo":361.0},{"cn":"Haricane инвест","ui":"9226751","t":142.0,"r":142.0,"q":3.65,"p":4.0E10,"mot":"U","mo":142.0},{"cn":"","ui":"","t":22.0,"r":22.0,"q":3.23,"p":1.5E11,"mot":"L","mo":22.0}]},{"d":"24.02.2022","r":1130.0,"q":4.41,"p":9.97203539823E10,"s":[{"cn":"Vasiliy\u0026Co.","ui":"9196320","t":166.0,"r":166.0,"q":3.56,"p":4.5E10,"mot":"U","mo":166.0},{"cn":"1","ui":"9196333","t":581.0,"r":581.0,"q":5.12,"p":1.5E11,"mot":"U","mo":581.0},{"cn":"Haricane инвест","ui":"9226751","t":249.0,"r":249.0,"q":3.7,"p":4.0E10,"mot":"U","mo":249.0},{"cn":"Haricane инвест","ui":"9196392","t":85.0,"r":85.0,"q":3.76,"p":4.0E10,"mot":"U","mo":85.0},{"cn":"","ui":"","t":49.0,"r":49.0,"q":3.64,"p":9.6E10,"mot":"L","mo":49.0}]},{"d":"25.02.2022","r":1896.0,"q":4.14,"p":7.913402531646E10,"s":[{"cn":"Vasiliy\u0026Co.","ui":"9196320","t":182.0,"r":182.0,"q":3.56,"p":4.5E10,"mot":"U","mo":182.0},{"cn":"1","ui":"9196333","t":626.0,"r":626.0,"q":5.13,"p":1.5E11,"mot":"U","mo":626.0},{"cn":"ЗАО \"Макроклимат\"","ui":"9200142","t":151.0,"r":151.0,"q":3.9,"p":4.0E10,"mot":"U","mo":151.0},{"cn":"фывфыв™ Corporation","ui":"9213323","t":371.0,"r":371.0,"q":3.5,"p":4.2E10,"mot":"U","mo":371.0},{"cn":"Haricane инвест","ui":"9226751","t":356.0,"r":356.0,"q":3.72,"p":4.0E10,"mot":"U","mo":356.0},{"cn":"Haricane инвест","ui":"9196392","t":170.0,"r":170.0,"q":3.76,"p":4.0E10,"mot":"U","mo":170.0},{"cn":"","ui":"","t":40.0,"r":40.0,"q":3.31,"p":1.321528E11,"mot":"L","mo":40.0}]},{"d":"28.02.2022","r":2301.0,"q":4.22,"p":7.65209039548E10,"s":[{"cn":"Vasiliy\u0026Co.","ui":"9196320","t":230.0,"r":230.0,"q":3.53,"p":4.5E10,"mot":"U","mo":230.0},{"cn":"1","ui":"9196333","t":761.0,"r":761.0,"q":5.16,"p":1.5E11,"mot":"U","mo":761.0},{"cn":"ЗАО \"Макроклимат\"","ui":"9200142","t":129.0,"r":129.0,"q":3.86,"p":4.5E10,"mot":"U","mo":129.0},{"cn":"Haricane инвест","ui":"9226751","t":570.0,"r":570.0,"q":3.73,"p":3.5E10,"mot":"U","mo":570.0},{"cn":"Haricane инвест","ui":"9196392","t":425.0,"r":425.0,"q":3.76,"p":3.5E10,"mot":"U","mo":425.0},{"cn":"ООО \"Максимус\"","ui":"9300657","t":154.0,"r":154.0,"q":4.15,"p":3.99E10,"mot":"U","mo":154.0},{"cn":"","ui":"","t":32.0,"r":32.0,"q":3.23,"p":1.5E11,"mot":"L","mo":32.0}]},{"d":"01.03.2022","r":1751.0,"q":4.38,"p":9.170474014849E10,"s":[{"cn":"Vasiliy\u0026Co.","ui":"9196320","t":246.0,"r":246.0,"q":3.52,"p":4.5E10,"mot":"U","mo":246.0},{"cn":"1","ui":"9196333","t":808.0,"r":808.0,"q":5.19,"p":1.5E11,"mot":"U","mo":808.0},{"cn":"Haricane инвест","ui":"9226751","t":153.0,"r":153.0,"q":3.76,"p":3.5E10,"mot":"U","mo":153.0},{"cn":"Haricane инвест","ui":"9196392","t":510.0,"r":510.0,"q":3.77,"p":3.5E10,"mot":"U","mo":510.0},{"cn":"","ui":"","t":34.0,"r":34.0,"q":3.23,"p":1.5E11,"mot":"L","mo":34.0}]},{"d":"02.03.2022","r":1991.0,"q":4.35,"p":8.77800100452E10,"s":[{"cn":"Vasiliy\u0026Co.","ui":"9196320","t":262.0,"r":262.0,"q":3.52,"p":4.5E10,"mot":"U","mo":262.0},{"cn":"1","ui":"9196333","t":855.0,"r":855.0,"q":5.21,"p":1.5E11,"mot":"U","mo":855.0},{"cn":"Haricane инвест","ui":"9226751","t":243.0,"r":243.0,"q":3.81,"p":3.5E10,"mot":"U","mo":243.0},{"cn":"Haricane инвест","ui":"9196392","t":595.0,"r":595.0,"q":3.78,"p":3.5E10,"mot":"U","mo":595.0},{"cn":"","ui":"","t":36.0,"r":36.0,"q":3.23,"p":1.5E11,"mot":"L","mo":36.0}]},{"d":"03.03.2022","r":2426.0,"q":4.31,"p":8.08248557296E10,"s":[{"cn":"Vasiliy\u0026Co.","ui":"9196320","t":278.0,"r":278.0,"q":3.51,"p":4.5E10,"mot":"U","mo":278.0},{"cn":"1","ui":"9196333","t":902.0,"r":902.0,"q":5.24,"p":1.5E11,"mot":"U","mo":902.0},{"cn":"Haricane инвест","ui":"9226751","t":371.0,"r":371.0,"q":3.83,"p":3.5E10,"mot":"U","mo":371.0},{"cn":"Haricane инвест","ui":"9196392","t":680.0,"r":680.0,"q":3.78,"p":3.5E10,"mot":"U","mo":680.0},{"cn":"ООО \"Максимус\"","ui":"9300657","t":154.0,"r":154.0,"q":4.15,"p":3.69E10,"mot":"U","mo":154.0},{"cn":"","ui":"","t":41.0,"r":41.0,"q":3.24,"p":1.415487804878E11,"mot":"L","mo":41.0}]},{"d":"04.03.2022","r":3065.0,"q":4.18,"p":7.393704143556E10,"s":[{"cn":"Vasiliy\u0026Co.","ui":"9196320","t":294.0,"r":294.0,"q":3.5,"p":4.5E10,"mot":"U","mo":294.0},{"cn":"1","ui":"9196333","t":949.0,"r":949.0,"q":5.26,"p":1.5E11,"mot":"U","mo":949.0},{"cn":"фывфыв™ Corporation","ui":"9213323","t":360.0,"r":360.0,"q":3.5,"p":3.8E10,"mot":"U","mo":360.0},{"cn":"ЗАО \"Макроклимат\"","ui":"9200142","t":160.0,"r":160.0,"q":3.86,"p":4.5E10,"mot":"U","mo":160.0},{"cn":"Haricane инвест","ui":"9226751","t":479.0,"r":479.0,"q":3.84,"p":3.5E10,"mot":"U","mo":479.0},{"cn":"Haricane инвест","ui":"9196392","t":765.0,"r":765.0,"q":3.79,"p":3.5E10,"mot":"U","mo":765.0},{"cn":"","ui":"","t":58.0,"r":58.0,"q":3.27,"p":1.1408675862069E11,"mot":"L","mo":58.0}]},{"d":"07.03.2022","r":3584.0,"q":4.25,"p":6.775159821429E10,"s":[{"cn":"1","ui":"9196333","t":1090.0,"r":1090.0,"q":5.32,"p":1.5E11,"mot":"U","mo":1090.0},{"cn":"фывфыв™ Corporation","ui":"9213323","t":409.0,"r":409.0,"q":3.51,"p":3.0E10,"mot":"U","mo":409.0},{"cn":"Haricane инвест","ui":"9226751","t":863.0,"r":863.0,"q":3.85,"p":2.9E10,"mot":"U","mo":863.0},{"cn":"Haricane инвест","ui":"9196392","t":1006.0,"r":1006.0,"q":3.81,"p":2.9E10,"mot":"U","mo":1006.0},{"cn":"","ui":"","t":216.0,"r":216.0,"q":3.9,"p":5.949411111111E10,"mot":"L","mo":216.0}]},{"d":"08.03.2022","r":3752.0,"q":4.24,"p":6.425643923241E10,"s":[{"cn":"1","ui":"9196333","t":1137.0,"r":1137.0,"q":5.33,"p":1.5E11,"mot":"U","mo":1137.0},{"cn":"фывфыв™ Corporation","ui":"9213323","t":458.0,"r":458.0,"q":3.52,"p":2.5E10,"mot":"U","mo":458.0},{"cn":"Haricane инвест","ui":"9226751","t":991.0,"r":991.0,"q":3.86,"p":2.45E10,"mot":"U","mo":991.0},{"cn":"Haricane инвест","ui":"9196392","t":1091.0,"r":1091.0,"q":3.81,"p":2.45E10,"mot":"U","mo":1091.0},{"cn":"","ui":"","t":75.0,"r":75.0,"q":3.28,"p":1.077488E11,"mot":"L","mo":75.0}]},{"d":"09.03.2022","r":4083.0,"q":4.23,"p":6.256568503551E10,"s":[{"cn":"1","ui":"9196333","t":1184.0,"r":1184.0,"q":5.35,"p":1.5E11,"mot":"U","mo":1184.0},{"cn":"фывфыв™ Corporation","ui":"9213323","t":507.0,"r":507.0,"q":3.52,"p":2.5E10,"mot":"U","mo":507.0},{"cn":"Haricane инвест","ui":"9226751","t":1119.0,"r":1119.0,"q":3.86,"p":2.45E10,"mot":"U","mo":1119.0},{"cn":"Haricane инвест","ui":"9196392","t":1176.0,"r":1176.0,"q":3.82,"p":2.45E10,"mot":"U","mo":1176.0},{"cn":"","ui":"","t":97.0,"r":97.0,"q":3.3,"p":9.230094845361E10,"mot":"L","mo":97.0}]},{"d":"10.03.2022","r":4172.0,"q":4.27,"p":6.334008245446E10,"s":[{"cn":"1","ui":"9196333","t":1231.0,"r":1231.0,"q":5.36,"p":1.5E11,"mot":"U","mo":1231.0},{"cn":"Haricane инвест","ui":"9226751","t":1247.0,"r":1247.0,"q":3.86,"p":2.45E10,"mot":"U","mo":1247.0},{"cn":"Haricane инвест","ui":"9196392","t":1261.0,"r":1261.0,"q":3.82,"p":2.45E10,"mot":"U","mo":1261.0},{"cn":"","ui":"","t":433.0,"r":433.0,"q":3.7,"p":4.193723787529E10,"mot":"L","mo":433.0}]},{"d":"11.03.2022","r":4480.0,"q":4.26,"p":6.176386160714E10,"s":[{"cn":"1","ui":"9196333","t":1278.0,"r":1278.0,"q":5.37,"p":1.5E11,"mot":"U","mo":1278.0},{"cn":"фывфыв™ Corporation","ui":"9213323","t":227.0,"r":227.0,"q":3.54,"p":2.5E10,"mot":"U","mo":227.0},{"cn":"Haricane инвест","ui":"9226751","t":1375.0,"r":1375.0,"q":3.86,"p":2.45E10,"mot":"U","mo":1375.0},{"cn":"Haricane инвест","ui":"9196392","t":1346.0,"r":1346.0,"q":3.82,"p":2.45E10,"mot":"U","mo":1346.0},{"cn":"","ui":"","t":254.0,"r":254.0,"q":3.82,"p":4.985275590551E10,"mot":"L","mo":254.0}]},{"d":"14.03.2022","r":3568.0,"q":4.47,"p":7.454495429747E10,"s":[{"cn":"1","ui":"9196333","t":1419.0,"r":1419.0,"q":5.4,"p":1.5E11,"mot":"U","mo":1419.0},{"cn":"фывфыв™ Corporation","ui":"9213323","t":374.0,"r":374.0,"q":3.56,"p":2.5E10,"mot":"U","mo":374.0},{"cn":"Haricane инвест","ui":"9196392","t":1236.0,"r":1236.0,"q":3.86,"p":2.0E10,"mot":"U","mo":1236.0},{"cn":"ООО \"Максимус\"","ui":"9300657","t":254.0,"r":254.0,"q":4.39,"p":1.89E10,"mot":"U","mo":254.0},{"cn":"","ui":"","t":285.0,"r":285.0,"q":3.71,"p":5.002034011711E10,"mot":"L","mo":285.0}]},{"d":"15.03.2022","r":3895.0,"q":4.46,"p":7.15194300157E10,"s":[{"cn":"1","ui":"9196333","t":1466.0,"r":1466.0,"q":5.41,"p":1.5E11,"mot":"U","mo":1466.0},{"cn":"фывфыв™ Corporation","ui":"9213323","t":423.0,"r":423.0,"q":3.56,"p":2.5E10,"mot":"U","mo":423.0},{"cn":"Haricane инвест","ui":"9226751","t":268.0,"r":268.0,"q":4.22,"p":2.0E10,"mot":"U","mo":268.0},{"cn":"Haricane инвест","ui":"9196392","t":1325.0,"r":1325.0,"q":3.88,"p":2.0E10,"mot":"U","mo":1325.0},{"cn":"ООО \"Максимус\"","ui":"9300657","t":254.0,"r":254.0,"q":4.39,"p":1.69E10,"mot":"U","mo":254.0},{"cn":"","ui":"","t":159.0,"r":159.0,"q":3.34,"p":7.509798686269E10,"mot":"L","mo":159.0}]},{"d":"16.03.2022","r":3886.0,"q":4.47,"p":7.218717521589E10,"s":[{"cn":"1","ui":"9196333","t":1513.0,"r":1513.0,"q":5.42,"p":1.5E11,"mot":"U","mo":1513.0},{"cn":"фывфыв™ Corporation","ui":"9213323","t":472.0,"r":472.0,"q":3.56,"p":1.5E10,"mot":"U","mo":472.0},{"cn":"Haricane инвест","ui":"9226751","t":402.0,"r":402.0,"q":4.22,"p":2.0E10,"mot":"U","mo":402.0},{"cn":"Haricane инвест","ui":"9196392","t":1414.0,"r":1414.0,"q":3.9,"p":2.0E10,"mot":"U","mo":1414.0},{"cn":"","ui":"","t":85.0,"r":85.0,"q":3.2,"p":1.1963956339952E11,"mot":"L","mo":85.0}]},{"d":"17.03.2022","r":4212.0,"q":4.46,"p":6.961304507758E10,"s":[{"cn":"1","ui":"9196333","t":1560.0,"r":1560.0,"q":5.43,"p":1.5E11,"mot":"U","mo":1560.0},{"cn":"фывфыв™ Corporation","ui":"9213323","t":521.0,"r":521.0,"q":3.56,"p":1.5E10,"mot":"U","mo":521.0},{"cn":"Haricane инвест","ui":"9226751","t":536.0,"r":536.0,"q":4.22,"p":2.0E10,"mot":"U","mo":536.0},{"cn":"Haricane инвест","ui":"9196392","t":1503.0,"r":1503.0,"q":3.92,"p":2.0E10,"mot":"U","mo":1503.0},{"cn":"","ui":"","t":92.0,"r":92.0,"q":3.2,"p":1.1538202029077E11,"mot":"L","mo":92.0}]},{"d":"18.03.2022","r":5978.0,"q":4.33,"p":5.36986498569E10,"s":[{"cn":"ОАО КОТ","ui":"9198863","t":1175.0,"r":1175.0,"q":3.9,"p":1.1E10,"mot":"U","mo":1175.0},{"cn":"1","ui":"9196333","t":1607.0,"r":1607.0,"q":5.43,"p":1.5E11,"mot":"U","mo":1607.0},{"cn":"фывфыв™ Corporation","ui":"9213323","t":570.0,"r":570.0,"q":3.57,"p":1.2E10,"mot":"U","mo":570.0},{"cn":"Haricane инвест","ui":"9226751","t":670.0,"r":670.0,"q":4.22,"p":2.0E10,"mot":"U","mo":670.0},{"cn":"Haricane инвест","ui":"9196392","t":1592.0,"r":1592.0,"q":3.94,"p":2.0E10,"mot":"U","mo":1592.0},{"cn":"","ui":"","t":364.0,"r":364.0,"q":4.04,"p":4.108661770479E10,"mot":"L","mo":364.0}]},{"d":"21.03.2022","r":7314.0,"q":4.31,"p":4.556826330023E10,"s":[{"cn":"ОАО КОТ","ui":"9198863","t":2434.0,"r":2434.0,"q":4.07,"p":1.1E10,"mot":"U","mo":2434.0},{"cn":"1","ui":"9196333","t":1748.0,"r":1748.0,"q":5.45,"p":1.5E11,"mot":"U","mo":1748.0},{"cn":"фывфыв™ Corporation","ui":"9213323","t":717.0,"r":717.0,"q":3.57,"p":1.2E10,"mot":"U","mo":717.0},{"cn":"Haricane инвест","ui":"9226751","t":446.0,"r":446.0,"q":4.16,"p":1.0E10,"mot":"U","mo":446.0},{"cn":"Haricane инвест","ui":"9196392","t":1837.0,"r":1837.0,"q":3.96,"p":1.0E10,"mot":"U","mo":1837.0},{"cn":"","ui":"","t":132.0,"r":132.0,"q":3.1,"p":9.756271043877E10,"mot":"L","mo":132.0}]},{"d":"22.03.2022","r":5176.0,"q":4.44,"p":6.097914929593E10,"s":[{"cn":"1","ui":"9196333","t":1795.0,"r":1795.0,"q":5.46,"p":1.5E11,"mot":"U","mo":1795.0},{"cn":"фывфыв™ Corporation","ui":"9213323","t":766.0,"r":766.0,"q":3.57,"p":1.2E10,"mot":"U","mo":766.0},{"cn":"Haricane инвест","ui":"9226751","t":580.0,"r":580.0,"q":4.17,"p":1.0E10,"mot":"U","mo":580.0},{"cn":"Haricane инвест","ui":"9196392","t":1926.0,"r":1926.0,"q":3.98,"p":1.0E10,"mot":"U","mo":1926.0},{"cn":"","ui":"","t":109.0,"r":109.0,"q":3.1,"p":1.1124841060284E11,"mot":"L","mo":109.0}]},{"d":"23.03.2022","r":4561.0,"q":4.61,"p":6.899583424688E10,"s":[{"cn":"1","ui":"9196333","t":1844.0,"r":1844.0,"q":5.48,"p":1.5E11,"mot":"U","mo":1844.0},{"cn":"Haricane инвест","ui":"9226751","t":624.0,"r":624.0,"q":4.18,"p":1.0E10,"mot":"U","mo":624.0},{"cn":"Haricane инвест","ui":"9196392","t":2015.0,"r":2015.0,"q":3.99,"p":1.0E10,"mot":"U","mo":2015.0},{"cn":"","ui":"","t":78.0,"r":78.0,"q":3.22,"p":1.5E11,"mot":"L","mo":78.0}]},{"d":"24.03.2022","r":4871.0,"q":4.59,"p":6.679574701981E10,"s":[{"cn":"1","ui":"9196333","t":1893.0,"r":1893.0,"q":5.49,"p":1.5E11,"mot":"U","mo":1893.0},{"cn":"Haricane инвест","ui":"9226751","t":758.0,"r":758.0,"q":4.19,"p":1.0E10,"mot":"U","mo":758.0},{"cn":"Haricane инвест","ui":"9196392","t":2104.0,"r":2104.0,"q":4.0,"p":1.0E10,"mot":"U","mo":2104.0},{"cn":"","ui":"","t":116.0,"r":116.0,"q":3.09,"p":1.102765839095E11,"mot":"L","mo":116.0}]},{"d":"25.03.2022","r":5373.0,"q":4.59,"p":6.302657658664E10,"s":[{"cn":"1","ui":"9196333","t":1942.0,"r":1942.0,"q":5.51,"p":1.5E11,"mot":"U","mo":1942.0},{"cn":"Haricane инвест","ui":"9226751","t":891.0,"r":891.0,"q":4.19,"p":1.0E10,"mot":"U","mo":891.0},{"cn":"Haricane инвест","ui":"9196392","t":2193.0,"r":2193.0,"q":4.01,"p":1.0E10,"mot":"U","mo":2193.0},{"cn":"","ui":"","t":347.0,"r":347.0,"q":4.08,"p":4.755560806916E10,"mot":"L","mo":347.0}]},{"d":"28.03.2022","r":5635.0,"q":4.61,"p":6.408521029281E10,"s":[{"cn":"1","ui":"9196333","t":2089.0,"r":2089.0,"q":5.55,"p":1.5E11,"mot":"U","mo":2089.0},{"cn":"Haricane инвест","ui":"9226751","t":982.0,"r":982.0,"q":4.19,"p":1.0E10,"mot":"U","mo":982.0},{"cn":"Haricane инвест","ui":"9196392","t":2456.0,"r":2456.0,"q":4.03,"p":1.0E10,"mot":"U","mo":2456.0},{"cn":"","ui":"","t":108.0,"r":108.0,"q":3.29,"p":1.2398296296296E11,"mot":"L","mo":108.0}]},{"d":"29.03.2022","r":6705.0,"q":4.48,"p":5.675699746458E10,"s":[{"cn":"1","ui":"9196333","t":2138.0,"r":2138.0,"q":5.56,"p":1.5E11,"mot":"U","mo":2138.0},{"cn":"фывфыв™ Corporation","ui":"9213323","t":798.0,"r":798.0,"q":3.57,"p":1.2E10,"mot":"U","mo":798.0},{"cn":"Haricane инвест","ui":"9226751","t":1114.0,"r":1114.0,"q":4.18,"p":1.0E10,"mot":"U","mo":1114.0},{"cn":"Haricane инвест","ui":"9196392","t":2544.0,"r":2544.0,"q":4.03,"p":1.0E10,"mot":"U","mo":2544.0},{"cn":"","ui":"","t":111.0,"r":111.0,"q":3.29,"p":1.2342043243243E11,"mot":"L","mo":111.0}]},{"d":"30.03.2022","r":106.0,"q":3.53,"p":1.5E11,"s":[{"cn":"1","ui":"9196333","t":14.0,"r":14.0,"q":5.57,"p":1.5E11,"mot":"U","mo":14.0},{"cn":"WIRUS","ui":"9198929","t":92.0,"r":92.0,"q":3.22,"p":1.5E11,"mot":"U","mo":92.0},{"cn":"","ui":"","t":0.0,"r":0.0,"q":0.0,"p":0.0,"mot":"L","mo":0.0}]},{"d":"31.03.2022","r":375.0,"q":4.21,"p":6.861333333333E10,"s":[{"cn":"1","ui":"9196333","t":63.0,"r":63.0,"q":5.95,"p":1.5E11,"mot":"U","mo":63.0},{"cn":"WIRUS","ui":"9198929","t":94.0,"r":94.0,"q":3.22,"p":1.5E11,"mot":"U","mo":94.0},{"cn":"Haricane инвест","ui":"9226751","t":131.0,"r":131.0,"q":4.13,"p":1.0E10,"mot":"U","mo":131.0},{"cn":"Haricane инвест","ui":"9196392","t":87.0,"r":87.0,"q":4.14,"p":1.0E10,"mot":"U","mo":87.0},{"cn":"","ui":"","t":0.0,"r":0.0,"q":0.0,"p":0.0,"mot":"L","mo":0.0}]},{"d":"01.04.2022","r":906.0,"q":4.46,"p":4.501564957904E10,"s":[{"cn":"1","ui":"9196333","t":112.0,"r":112.0,"q":6.0,"p":1.5E11,"mot":"U","mo":112.0},{"cn":"WIRUS","ui":"9198929","t":96.0,"r":96.0,"q":3.22,"p":1.5E11,"mot":"U","mo":96.0},{"cn":"Haricane инвест","ui":"9226751","t":261.0,"r":261.0,"q":4.13,"p":1.0E10,"mot":"U","mo":261.0},{"cn":"Haricane инвест","ui":"9196392","t":174.0,"r":174.0,"q":4.13,"p":1.0E10,"mot":"U","mo":174.0},{"cn":"ООО \"Максимус\"","ui":"9300657","t":239.0,"r":239.0,"q":5.0,"p":1.99E10,"mot":"U","mo":239.0},{"cn":"","ui":"","t":24.0,"r":24.0,"q":2.96,"p":1.99199382755E10,"mot":"L","mo":24.0}]},{"d":"04.04.2022","r":442.0,"q":4.93,"p":1.278257918552E11,"s":[{"cn":"1","ui":"9196333","t":259.0,"r":259.0,"q":6.05,"p":1.5E11,"mot":"U","mo":259.0},{"cn":"WIRUS","ui":"9198929","t":102.0,"r":102.0,"q":3.22,"p":1.5E11,"mot":"U","mo":102.0},{"cn":"Rocksanna Ltd.","ui":"9293938","t":81.0,"r":81.0,"q":3.48,"p":2.9E10,"mot":"U","mo":81.0},{"cn":"","ui":"","t":0.0,"r":0.0,"q":0.0,"p":0.0,"mot":"L","mo":0.0}]},{"d":"05.04.2022","r":412.0,"q":5.33,"p":1.5E11,"s":[{"cn":"1","ui":"9196333","t":308.0,"r":308.0,"q":6.05,"p":1.5E11,"mot":"U","mo":308.0},{"cn":"WIRUS","ui":"9198929","t":104.0,"r":104.0,"q":3.21,"p":1.5E11,"mot":"U","mo":104.0},{"cn":"","ui":"","t":0.0,"r":0.0,"q":0.0,"p":0.0,"mot":"L","mo":0.0}]},{"d":"07.04.2022","r":482.0,"q":5.38,"p":1.4554856219459E11,"s":[{"cn":"1","ui":"9196333","t":357.0,"r":357.0,"q":6.06,"p":1.5E11,"mot":"U","mo":357.0},{"cn":"WIRUS","ui":"9198929","t":106.0,"r":106.0,"q":3.21,"p":1.5E11,"mot":"U","mo":106.0},{"cn":"","ui":"","t":19.0,"r":19.0,"q":4.79,"p":3.707405146273E10,"mot":"L","mo":19.0}]},{"d":"08.04.2022","r":560.0,"q":5.39,"p":1.4048002492069E11,"s":[{"cn":"1","ui":"9196333","t":406.0,"r":406.0,"q":6.06,"p":1.5E11,"mot":"U","mo":406.0},{"cn":"WIRUS","ui":"9198929","t":108.0,"r":108.0,"q":3.21,"p":1.5E11,"mot":"U","mo":108.0},{"cn":"ООО \"Максимус\"","ui":"9300657","t":32.0,"r":32.0,"q":5.16,"p":3.99E10,"mot":"U","mo":32.0},{"cn":"","ui":"","t":14.0,"r":14.0,"q":3.2,"p":2.085813968454E10,"mot":"L","mo":14.0}]},{"d":"11.04.2022","r":760.0,"q":5.54,"p":1.3514723684211E11,"s":[{"cn":"1","ui":"9196333","t":553.0,"r":553.0,"q":6.08,"p":1.5E11,"mot":"U","mo":553.0},{"cn":"WIRUS","ui":"9198929","t":114.0,"r":114.0,"q":3.2,"p":1.5E11,"mot":"U","mo":114.0},{"cn":"ООО \"Максимус\"","ui":"9300657","t":81.0,"r":81.0,"q":5.29,"p":2.99E10,"mot":"U","mo":81.0},{"cn":"","ui":"","t":12.0,"r":12.0,"q":4.43,"p":2.0E10,"mot":"L","mo":12.0}]},{"d":"12.04.2022","r":835.0,"q":5.56,"p":1.3293676646707E11,"s":[{"cn":"1","ui":"9196333","t":602.0,"r":602.0,"q":6.08,"p":1.5E11,"mot":"U","mo":602.0},{"cn":"WIRUS","ui":"9198929","t":116.0,"r":116.0,"q":3.2,"p":1.5E11,"mot":"U","mo":116.0},{"cn":"ООО \"Максимус\"","ui":"9300657","t":98.0,"r":98.0,"q":5.35,"p":2.99E10,"mot":"U","mo":98.0},{"cn":"","ui":"","t":19.0,"r":19.0,"q":4.61,"p":1.957894736842E10,"mot":"L","mo":19.0}]},{"d":"13.04.2022","r":1042.0,"q":5.35,"p":5.412370441459E10,"s":[{"cn":"1","ui":"9196333","t":651.0,"r":651.0,"q":6.09,"p":5.0E10,"mot":"U","mo":651.0},{"cn":"WIRUS","ui":"9198929","t":118.0,"r":118.0,"q":3.2,"p":1.5E11,"mot":"U","mo":118.0},{"cn":"ООО \"Максимус\"","ui":"9300657","t":115.0,"r":115.0,"q":5.45,"p":2.99E10,"mot":"U","mo":115.0},{"cn":"","ui":"","t":158.0,"r":158.0,"q":3.86,"p":1.71417721519E10,"mot":"L","mo":158.0}]},{"d":"14.04.2022","r":952.0,"q":5.65,"p":5.981806722689E10,"s":[{"cn":"1","ui":"9196333","t":700.0,"r":700.0,"q":6.09,"p":5.0E10,"mot":"U","mo":700.0},{"cn":"WIRUS","ui":"9198929","t":120.0,"r":120.0,"q":3.2,"p":1.5E11,"mot":"U","mo":120.0},{"cn":"ООО \"Максимус\"","ui":"9300657","t":132.0,"r":132.0,"q":5.51,"p":2.99E10,"mot":"U","mo":132.0},{"cn":"","ui":"","t":0.0,"r":0.0,"q":0.0,"p":0.0,"mot":"L","mo":0.0}]},{"d":"15.04.2022","r":1059.0,"q":5.59,"p":5.792738432483E10,"s":[{"cn":"1","ui":"9196333","t":749.0,"r":749.0,"q":6.1,"p":5.0E10,"mot":"U","mo":749.0},{"cn":"WIRUS","ui":"9198929","t":122.0,"r":122.0,"q":3.19,"p":1.5E11,"mot":"U","mo":122.0},{"cn":"ООО \"Максимус\"","ui":"9300657","t":149.0,"r":149.0,"q":5.54,"p":2.99E10,"mot":"U","mo":149.0},{"cn":"","ui":"","t":39.0,"r":39.0,"q":3.39,"p":2.923076923077E10,"mot":"L","mo":39.0}]},{"d":"18.04.2022","r":1092.0,"q":4.97,"p":5.950969230769E10,"s":[{"cn":"Vasiliy\u0026Co.","ui":"9196320","t":310.0,"r":310.0,"q":3.49,"p":4.5E10,"mot":"U","mo":310.0},{"cn":"1","ui":"9196333","t":602.0,"r":602.0,"q":6.11,"p":5.0E10,"mot":"U","mo":602.0},{"cn":"WIRUS","ui":"9198929","t":128.0,"r":128.0,"q":3.19,"p":1.5E11,"mot":"U","mo":128.0},{"cn":"","ui":"","t":52.0,"r":52.0,"q":5.04,"p":3.335738461538E10,"mot":"L","mo":52.0}]},{"d":"19.04.2022","r":798.0,"q":5.63,"p":6.586253132832E10,"s":[{"cn":"1","ui":"9196333","t":651.0,"r":651.0,"q":6.12,"p":5.0E10,"mot":"U","mo":651.0},{"cn":"WIRUS","ui":"9198929","t":130.0,"r":130.0,"q":3.19,"p":1.5E11,"mot":"U","mo":130.0},{"cn":"","ui":"","t":17.0,"r":17.0,"q":5.67,"p":2.99E10,"mot":"L","mo":17.0}]},{"d":"20.04.2022","r":184.0,"q":4.14,"p":1.2173913043478E11,"s":[{"cn":"1","ui":"9196333","t":52.0,"r":52.0,"q":6.57,"p":5.0E10,"mot":"U","mo":52.0},{"cn":"WIRUS","ui":"9198929","t":132.0,"r":132.0,"q":3.18,"p":1.5E11,"mot":"U","mo":132.0},{"cn":"","ui":"","t":0.0,"r":0.0,"q":0.0,"p":0.0,"mot":"L","mo":0.0}]},{"d":"21.04.2022","r":352.0,"q":4.42,"p":8.482471590909E10,"s":[{"cn":"1","ui":"9196333","t":104.0,"r":104.0,"q":6.57,"p":5.0E10,"mot":"U","mo":104.0},{"cn":"WIRUS","ui":"9198929","t":134.0,"r":134.0,"q":3.18,"p":1.5E11,"mot":"U","mo":134.0},{"cn":"Adidas","ui":"9221174","t":87.0,"r":87.0,"q":3.59,"p":4.0E10,"mot":"U","mo":87.0},{"cn":"","ui":"","t":27.0,"r":27.0,"q":4.94,"p":3.993703703704E10,"mot":"L","mo":27.0}]},{"d":"22.04.2022","r":292.0,"q":4.99,"p":9.657534246575E10,"s":[{"cn":"1","ui":"9196333","t":156.0,"r":156.0,"q":6.57,"p":5.0E10,"mot":"U","mo":156.0},{"cn":"WIRUS","ui":"9198929","t":136.0,"r":136.0,"q":3.18,"p":1.5E11,"mot":"U","mo":136.0},{"cn":"","ui":"","t":0.0,"r":0.0,"q":0.0,"p":0.0,"mot":"L","mo":0.0}]},{"d":"25.04.2022","r":354.0,"q":4.49,"p":1.113011299435E11,"s":[{"cn":"1","ui":"9196333","t":104.0,"r":104.0,"q":6.59,"p":8.0E10,"mot":"U","mo":104.0},{"cn":"WIRUS","ui":"9198929","t":142.0,"r":142.0,"q":3.17,"p":1.5E11,"mot":"U","mo":142.0},{"cn":"trask","ui":"8688578","t":58.0,"r":58.0,"q":3.52,"p":1.0E11,"mot":"U","mo":58.0},{"cn":"ООО \"Максимус\"","ui":"9300657","t":34.0,"r":34.0,"q":5.6,"p":7.99E10,"mot":"U","mo":34.0},{"cn":"","ui":"","t":16.0,"r":16.0,"q":3.67,"p":7.9E10,"mot":"L","mo":16.0}]},{"d":"26.04.2022","r":371.0,"q":4.97,"p":1.0710215633423E11,"s":[{"cn":"1","ui":"9196333","t":156.0,"r":156.0,"q":6.59,"p":8.0E10,"mot":"U","mo":156.0},{"cn":"ТОО  «Gumerov»","ui":"9007019","t":20.0,"r":20.0,"q":3.65,"p":7.9E10,"mot":"U","mo":20.0},{"cn":"WIRUS","ui":"9198929","t":144.0,"r":144.0,"q":3.17,"p":1.5E11,"mot":"U","mo":144.0},{"cn":"ООО \"Максимус\"","ui":"9300657","t":51.0,"r":51.0,"q":5.6,"p":7.99E10,"mot":"U","mo":51.0},{"cn":"","ui":"","t":0.0,"r":0.0,"q":0.0,"p":0.0,"mot":"L","mo":0.0}]},{"d":"27.04.2022","r":451.0,"q":5.1,"p":1.0200012492369E11,"s":[{"cn":"1","ui":"9196333","t":208.0,"r":208.0,"q":6.59,"p":8.0E10,"mot":"U","mo":208.0},{"cn":"WIRUS","ui":"9198929","t":146.0,"r":146.0,"q":3.17,"p":1.5E11,"mot":"U","mo":146.0},{"cn":"ООО \"Максимус\"","ui":"9300657","t":68.0,"r":68.0,"q":5.6,"p":7.99E10,"mot":"U","mo":68.0},{"cn":"","ui":"","t":29.0,"r":29.0,"q":2.93,"p":6.996056346844E10,"mot":"L","mo":29.0}]},{"d":"28.04.2022","r":519.0,"q":5.29,"p":9.975626204239E10,"s":[{"cn":"1","ui":"9196333","t":260.0,"r":260.0,"q":6.59,"p":8.0E10,"mot":"U","mo":260.0},{"cn":"WIRUS","ui":"9198929","t":148.0,"r":148.0,"q":3.16,"p":1.5E11,"mot":"U","mo":148.0},{"cn":"ООО \"Максимус\"","ui":"9300657","t":85.0,"r":85.0,"q":5.6,"p":7.99E10,"mot":"U","mo":85.0},{"cn":"","ui":"","t":26.0,"r":26.0,"q":3.35,"p":7.623076923077E10,"mot":"L","mo":26.0}]},{"d":"29.04.2022","r":550.0,"q":5.34,"p":9.843963636364E10,"s":[{"cn":"1","ui":"9196333","t":273.0,"r":273.0,"q":6.6,"p":7.9E10,"mot":"U","mo":273.0},{"cn":"WIRUS","ui":"9198929","t":150.0,"r":150.0,"q":3.16,"p":1.5E11,"mot":"U","mo":150.0},{"cn":"ООО \"Максимус\"","ui":"9300657","t":102.0,"r":102.0,"q":5.59,"p":7.99E10,"mot":"U","mo":102.0},{"cn":"","ui":"","t":25.0,"r":25.0,"q":3.66,"p":7.7E10,"mot":"L","mo":25.0}]},{"d":"02.05.2022","r":225.0,"q":4.14,"p":1.3136133333333E11,"s":[{"cn":"1","ui":"9196333","t":52.0,"r":52.0,"q":6.62,"p":8.9E10,"mot":"U","mo":52.0},{"cn":"WIRUS","ui":"9198929","t":156.0,"r":156.0,"q":3.16,"p":1.5E11,"mot":"U","mo":156.0},{"cn":"ООО \"Максимус\"","ui":"9300657","t":17.0,"r":17.0,"q":5.59,"p":8.99E10,"mot":"U","mo":17.0},{"cn":"","ui":"","t":0.0,"r":0.0,"q":0.0,"p":0.0,"mot":"L","mo":0.0}]},{"d":"03.05.2022","r":378.0,"q":4.42,"p":1.1370798030013E11,"s":[{"cn":"1","ui":"9196333","t":104.0,"r":104.0,"q":6.62,"p":8.9E10,"mot":"U","mo":104.0},{"cn":"WIRUS","ui":"9198929","t":158.0,"r":158.0,"q":3.15,"p":1.5E11,"mot":"U","mo":158.0},{"cn":"trask","ui":"8688578","t":53.0,"r":53.0,"q":3.52,"p":1.0E11,"mot":"U","mo":53.0},{"cn":"ООО \"Максимус\"","ui":"9300657","t":34.0,"r":34.0,"q":5.59,"p":8.99E10,"mot":"U","mo":34.0},{"cn":"","ui":"","t":29.0,"r":29.0,"q":3.66,"p":5.755229494657E10,"mot":"L","mo":29.0}]},{"d":"04.05.2022","r":160.0,"q":3.15,"p":1.5E11,"s":[{"cn":"WIRUS","ui":"9198929","t":160.0,"r":160.0,"q":3.15,"p":1.5E11,"mot":"U","mo":160.0},{"cn":"","ui":"","t":0.0,"r":0.0,"q":0.0,"p":0.0,"mot":"L","mo":0.0}]},{"d":"05.05.2022","r":96.0,"q":3.15,"p":1.5E11,"s":[{"cn":"WIRUS","ui":"9198929","t":96.0,"r":96.0,"q":3.15,"p":1.5E11,"mot":"U","mo":96.0},{"cn":"","ui":"","t":0.0,"r":0.0,"q":0.0,"p":0.0,"mot":"L","mo":0.0}]},{"d":"06.05.2022","r":178.0,"q":4.54,"p":1.2693988764045E11,"s":[{"cn":"1","ui":"9196333","t":52.0,"r":52.0,"q":6.63,"p":9.9E10,"mot":"U","mo":52.0},{"cn":"WIRUS","ui":"9198929","t":98.0,"r":98.0,"q":3.14,"p":1.5E11,"mot":"U","mo":98.0},{"cn":"АО «Домаћи производ»","ui":"9258834","t":11.0,"r":11.0,"q":5.59,"p":4.9E10,"mot":"U","mo":11.0},{"cn":"ООО \"Максимус\"","ui":"9300657","t":17.0,"r":17.0,"q":5.58,"p":1.299E11,"mot":"U","mo":17.0},{"cn":"","ui":"","t":0.0,"r":0.0,"q":0.0,"p":0.0,"mot":"L","mo":0.0}]},{"d":"09.05.2022","r":298.0,"q":5.03,"p":1.1659920833942E11,"s":[{"cn":"1","ui":"9196333","t":104.0,"r":104.0,"q":6.64,"p":9.9E10,"mot":"U","mo":104.0},{"cn":"ТОО  «Gumerov»","ui":"9007019","t":19.0,"r":19.0,"q":4.44,"p":9.5E10,"mot":"U","mo":19.0},{"cn":"WIRUS","ui":"9198929","t":104.0,"r":104.0,"q":3.13,"p":1.5E11,"mot":"U","mo":104.0},{"cn":"ООО \"Максимус\"","ui":"9300657","t":69.0,"r":69.0,"q":5.68,"p":9.99E10,"mot":"U","mo":69.0},{"cn":"","ui":"","t":2.0,"r":2.0,"q":3.55,"p":7.623204257311E10,"mot":"L","mo":2.0}]},{"d":"10.05.2022","r":454.0,"q":5.11,"p":1.0965507695288E11,"s":[{"cn":"ТОО  «Gumerov»","ui":"9007019","t":29.0,"r":29.0,"q":4.6,"p":9.5E10,"mot":"U","mo":29.0},{"cn":"1","ui":"9196333","t":156.0,"r":156.0,"q":6.65,"p":9.9E10,"mot":"U","mo":156.0},{"cn":"WIRUS","ui":"9198929","t":106.0,"r":106.0,"q":3.13,"p":1.5E11,"mot":"U","mo":106.0},{"cn":"trask","ui":"8688578","t":50.0,"r":50.0,"q":4.5,"p":1.0E11,"mot":"U","mo":50.0},{"cn":"ООО \"Максимус\"","ui":"9300657","t":87.0,"r":87.0,"q":5.73,"p":9.99E10,"mot":"U","mo":87.0},{"cn":"","ui":"","t":26.0,"r":26.0,"q":3.65,"p":7.665788217725E10,"mot":"L","mo":26.0}]},{"d":"11.05.2022","r":213.0,"q":4.42,"p":1.2530281690141E11,"s":[{"cn":"WIRUS","ui":"9198929","t":108.0,"r":108.0,"q":3.12,"p":1.5E11,"mot":"U","mo":108.0},{"cn":"ООО \"Максимус\"","ui":"9300657","t":105.0,"r":105.0,"q":5.76,"p":9.99E10,"mot":"U","mo":105.0},{"cn":"","ui":"","t":0.0,"r":0.0,"q":0.0,"p":0.0,"mot":"L","mo":0.0}]},{"d":"12.05.2022","r":530.0,"q":4.82,"p":9.753662770032E10,"s":[{"cn":"1","ui":"9196333","t":52.0,"r":52.0,"q":6.66,"p":9.9E10,"mot":"U","mo":52.0},{"cn":"WIRUS","ui":"9198929","t":110.0,"r":110.0,"q":3.12,"p":1.5E11,"mot":"U","mo":110.0},{"cn":"Haricane инвест","ui":"9226751","t":128.0,"r":128.0,"q":4.83,"p":6.0E10,"mot":"U","mo":128.0},{"cn":"trask","ui":"8688578","t":50.0,"r":50.0,"q":4.62,"p":1.0E11,"mot":"U","mo":50.0},{"cn":"ООО \"Максимус\"","ui":"9300657","t":123.0,"r":123.0,"q":5.8,"p":9.99E10,"mot":"U","mo":123.0},{"cn":"","ui":"","t":67.0,"r":67.0,"q":4.48,"p":7.58016818085E10,"mot":"L","mo":67.0}]},{"d":"13.05.2022","r":854.0,"q":4.9,"p":9.046868095156E10,"s":[{"cn":"1","ui":"9196333","t":104.0,"r":104.0,"q":6.66,"p":9.9E10,"mot":"U","mo":104.0},{"cn":"trask","ui":"8688578","t":100.0,"r":100.0,"q":4.62,"p":1.0E11,"mot":"U","mo":100.0},{"cn":"WIRUS","ui":"9198929","t":112.0,"r":112.0,"q":3.12,"p":1.5E11,"mot":"U","mo":112.0},{"cn":"Haricane инвест","ui":"9226751","t":255.0,"r":255.0,"q":4.83,"p":6.0E10,"mot":"U","mo":255.0},{"cn":"ООО \"Максимус\"","ui":"9300657","t":141.0,"r":141.0,"q":5.83,"p":9.99E10,"mot":"U","mo":141.0},{"cn":"","ui":"","t":142.0,"r":142.0,"q":4.44,"p":7.590389811713E10,"mot":"L","mo":142.0}]},{"d":"16.05.2022","r":1294.0,"q":5.2,"p":8.221228748068E10,"s":[{"cn":"1","ui":"9196333","t":243.0,"r":243.0,"q":6.67,"p":9.9E10,"mot":"U","mo":243.0},{"cn":"WIRUS","ui":"9198929","t":118.0,"r":118.0,"q":3.11,"p":1.5E11,"mot":"U","mo":118.0},{"cn":"Haricane инвест","ui":"9226751","t":636.0,"r":636.0,"q":4.77,"p":6.0E10,"mot":"U","mo":636.0},{"cn":"ООО \"Максимус\"","ui":"9300657","t":193.0,"r":193.0,"q":5.88,"p":9.99E10,"mot":"U","mo":193.0},{"cn":"","ui":"","t":104.0,"r":104.0,"q":5.57,"p":6.908653846154E10,"mot":"L","mo":104.0}]},{"d":"17.05.2022","r":1533.0,"q":5.23,"p":8.062159165036E10,"s":[{"cn":"1","ui":"9196333","t":295.0,"r":295.0,"q":6.68,"p":9.9E10,"mot":"U","mo":295.0},{"cn":"WIRUS","ui":"9198929","t":120.0,"r":120.0,"q":3.1,"p":1.5E11,"mot":"U","mo":120.0},{"cn":"Haricane инвест","ui":"9226751","t":761.0,"r":761.0,"q":4.78,"p":6.0E10,"mot":"U","mo":761.0},{"cn":"ООО \"Максимус\"","ui":"9300657","t":211.0,"r":211.0,"q":5.91,"p":9.99E10,"mot":"U","mo":211.0},{"cn":"","ui":"","t":146.0,"r":146.0,"q":5.37,"p":6.608904109589E10,"mot":"L","mo":146.0}]},{"d":"18.05.2022","r":1755.0,"q":5.25,"p":7.209122507123E10,"s":[{"cn":"1","ui":"9196333","t":347.0,"r":347.0,"q":6.68,"p":9.9E10,"mot":"U","mo":347.0},{"cn":"WIRUS","ui":"9198929","t":122.0,"r":122.0,"q":3.1,"p":1.5E11,"mot":"U","mo":122.0},{"cn":"Haricane инвест","ui":"9226751","t":886.0,"r":886.0,"q":4.78,"p":4.5E10,"mot":"U","mo":886.0},{"cn":"ООО \"Максимус\"","ui":"9300657","t":229.0,"r":229.0,"q":5.93,"p":9.99E10,"mot":"U","mo":229.0},{"cn":"","ui":"","t":171.0,"r":171.0,"q":5.37,"p":6.502923976608E10,"mot":"L","mo":171.0}]},{"d":"19.05.2022","r":1949.0,"q":5.3,"p":6.480466906106E10,"s":[{"cn":"1","ui":"9196333","t":401.0,"r":401.0,"q":6.74,"p":9.9E10,"mot":"U","mo":401.0},{"cn":"WIRUS","ui":"9198929","t":124.0,"r":124.0,"q":3.1,"p":1.5E11,"mot":"U","mo":124.0},{"cn":"Haricane инвест","ui":"9226751","t":1010.0,"r":1010.0,"q":4.79,"p":4.5E10,"mot":"U","mo":1010.0},{"cn":"ООО \"Максимус\"","ui":"9300657","t":247.0,"r":247.0,"q":5.95,"p":4.49E10,"mot":"U","mo":247.0},{"cn":"","ui":"","t":167.0,"r":167.0,"q":5.58,"p":6.865269461078E10,"mot":"L","mo":167.0}]},{"d":"20.05.2022","r":1227.0,"q":5.71,"p":7.972004889976E10,"s":[{"cn":"1","ui":"9196333","t":455.0,"r":455.0,"q":6.79,"p":9.9E10,"mot":"U","mo":455.0},{"cn":"АО «Домаћи производ»","ui":"9258834","t":99.0,"r":99.0,"q":6.16,"p":4.5E10,"mot":"U","mo":99.0},{"cn":"ТОО  «Gumerov»","ui":"9007019","t":89.0,"r":89.0,"q":4.94,"p":9.5E10,"mot":"U","mo":89.0},{"cn":"WIRUS","ui":"9198929","t":126.0,"r":126.0,"q":3.09,"p":1.5E11,"mot":"U","mo":126.0},{"cn":"Haricane инвест","ui":"9226751","t":126.0,"r":126.0,"q":4.81,"p":4.5E10,"mot":"U","mo":126.0},{"cn":"ООО \"Максимус\"","ui":"9300657","t":265.0,"r":265.0,"q":5.97,"p":4.49E10,"mot":"U","mo":265.0},{"cn":"","ui":"","t":67.0,"r":67.0,"q":4.28,"p":5.064179104478E10,"mot":"L","mo":67.0}]},{"d":"23.05.2022","r":868.0,"q":5.18,"p":8.765008765786E10,"s":[{"cn":"1","ui":"9196333","t":297.0,"r":297.0,"q":6.9,"p":9.9E10,"mot":"U","mo":297.0},{"cn":"ТОО  «Gumerov»","ui":"9007019","t":119.0,"r":119.0,"q":4.96,"p":4.3E10,"mot":"U","mo":119.0},{"cn":"adler-senter","ui":"9376304","t":96.0,"r":96.0,"q":3.56,"p":7.623204257311E10,"mot":"U","mo":96.0},{"cn":"WIRUS","ui":"9198929","t":132.0,"r":132.0,"q":3.08,"p":1.5E11,"mot":"U","mo":132.0},{"cn":"Haricane инвест","ui":"9226751","t":140.0,"r":140.0,"q":4.83,"p":6.0E10,"mot":"U","mo":140.0},{"cn":"","ui":"","t":84.0,"r":84.0,"q":5.17,"p":7.192857142857E10,"mot":"L","mo":84.0}]},{"d":"24.05.2022","r":134.0,"q":3.08,"p":1.5E11,"s":[{"cn":"WIRUS","ui":"9198929","t":134.0,"r":134.0,"q":3.08,"p":1.5E11,"mot":"U","mo":134.0},{"cn":"","ui":"","t":0.0,"r":0.0,"q":0.0,"p":0.0,"mot":"L","mo":0.0}]},{"d":"25.05.2022","r":201.0,"q":4.31,"p":1.3239303482587E11,"s":[{"cn":"1","ui":"9196333","t":54.0,"r":54.0,"q":7.23,"p":9.9E10,"mot":"U","mo":54.0},{"cn":"WIRUS","ui":"9198929","t":136.0,"r":136.0,"q":3.08,"p":1.5E11,"mot":"U","mo":136.0},{"cn":"","ui":"","t":11.0,"r":11.0,"q":5.14,"p":7.863636363636E10,"mot":"L","mo":11.0}]},{"d":"26.05.2022","r":261.0,"q":4.91,"p":1.2573563218391E11,"s":[{"cn":"1","ui":"9196333","t":108.0,"r":108.0,"q":7.24,"p":9.9E10,"mot":"U","mo":108.0},{"cn":"ТОО  «Gumerov»","ui":"9007019","t":15.0,"r":15.0,"q":5.1,"p":9.5E10,"mot":"U","mo":15.0},{"cn":"WIRUS","ui":"9198929","t":138.0,"r":138.0,"q":3.07,"p":1.5E11,"mot":"U","mo":138.0},{"cn":"","ui":"","t":0.0,"r":0.0,"q":0.0,"p":0.0,"mot":"L","mo":0.0}]},{"d":"27.05.2022","r":490.0,"q":5.17,"p":1.0011559357441E11,"s":[{"cn":"1","ui":"9196333","t":162.0,"r":162.0,"q":7.24,"p":9.9E10,"mot":"U","mo":162.0},{"cn":"WIRUS","ui":"9198929","t":140.0,"r":140.0,"q":3.07,"p":1.5E11,"mot":"U","mo":140.0},{"cn":"Haricane инвест","ui":"9226751","t":96.0,"r":96.0,"q":4.83,"p":6.0E10,"mot":"U","mo":96.0},{"cn":"","ui":"","t":92.0,"r":92.0,"q":5.07,"p":6.80287049072E10,"mot":"L","mo":92.0}]},{"d":"30.05.2022","r":686.0,"q":5.49,"p":9.917017989191E10,"s":[{"cn":"1","ui":"9196333","t":324.0,"r":324.0,"q":7.26,"p":9.9E10,"mot":"U","mo":324.0},{"cn":"adler-senter","ui":"9376304","t":80.0,"r":80.0,"q":3.62,"p":7.623204257311E10,"mot":"U","mo":80.0},{"cn":"WIRUS","ui":"9198929","t":146.0,"r":146.0,"q":3.06,"p":1.5E11,"mot":"U","mo":146.0},{"cn":"Haricane инвест","ui":"9226751","t":93.0,"r":93.0,"q":4.83,"p":6.0E10,"mot":"U","mo":93.0},{"cn":"","ui":"","t":43.0,"r":43.0,"q":5.28,"p":5.526E10,"mot":"L","mo":43.0}]},{"d":"31.05.2022","r":527.0,"q":6.08,"p":1.1326755218216E11,"s":[{"cn":"1","ui":"9196333","t":378.0,"r":378.0,"q":7.27,"p":9.9E10,"mot":"U","mo":378.0},{"cn":"WIRUS","ui":"9198929","t":148.0,"r":148.0,"q":3.06,"p":1.5E11,"mot":"U","mo":148.0},{"cn":"","ui":"","t":1.0,"r":1.0,"q":1.73,"p":7.0E10,"mot":"L","mo":1.0}]},{"d":"01.06.2022","r":741.0,"q":5.94,"p":1.0141676228268E11,"s":[{"cn":"1","ui":"9196333","t":432.0,"r":432.0,"q":7.28,"p":9.9E10,"mot":"U","mo":432.0},{"cn":"WIRUS","ui":"9198929","t":150.0,"r":150.0,"q":3.05,"p":1.5E11,"mot":"U","mo":150.0},{"cn":"Haricane инвест","ui":"9226751","t":93.0,"r":93.0,"q":5.17,"p":6.0E10,"mot":"U","mo":93.0},{"cn":"","ui":"","t":66.0,"r":66.0,"q":4.81,"p":6.517910381003E10,"mot":"L","mo":66.0}]},{"d":"02.06.2022","r":996.0,"q":5.87,"p":9.309251174992E10,"s":[{"cn":"1","ui":"9196333","t":486.0,"r":486.0,"q":7.28,"p":9.9E10,"mot":"U","mo":486.0},{"cn":"WIRUS","ui":"9198929","t":152.0,"r":152.0,"q":3.05,"p":1.5E11,"mot":"U","mo":152.0},{"cn":"Haricane инвест","ui":"9226751","t":186.0,"r":186.0,"q":5.17,"p":6.0E10,"mot":"U","mo":186.0},{"cn":"","ui":"","t":172.0,"r":172.0,"q":5.11,"p":6.189617269142E10,"mot":"L","mo":172.0}]},{"d":"03.06.2022","r":777.0,"q":6.1,"p":1.0723156055906E11,"s":[{"cn":"1","ui":"9196333","t":540.0,"r":540.0,"q":7.28,"p":9.9E10,"mot":"U","mo":540.0},{"cn":"adler-senter","ui":"9376304","t":60.0,"r":60.0,"q":3.63,"p":7.623204257311E10,"mot":"U","mo":60.0},{"cn":"WIRUS","ui":"9198929","t":154.0,"r":154.0,"q":3.05,"p":1.5E11,"mot":"U","mo":154.0},{"cn":"","ui":"","t":23.0,"r":23.0,"q":5.11,"p":9.5E10,"mot":"L","mo":23.0}]},{"d":"06.06.2022","r":862.0,"q":6.5,"p":1.0846635730858E11,"s":[{"cn":"1","ui":"9196333","t":702.0,"r":702.0,"q":7.29,"p":9.9E10,"mot":"U","mo":702.0},{"cn":"WIRUS","ui":"9198929","t":160.0,"r":160.0,"q":3.04,"p":1.5E11,"mot":"U","mo":160.0},{"cn":"","ui":"","t":0.0,"r":0.0,"q":0.0,"p":0.0,"mot":"L","mo":0.0}]},{"d":"07.06.2022","r":1254.0,"q":6.33,"p":1.3265071770335E11,"s":[{"cn":"1","ui":"9196333","t":756.0,"r":756.0,"q":7.29,"p":9.9E10,"mot":"U","mo":756.0},{"cn":"WIRUS","ui":"9198929","t":162.0,"r":162.0,"q":3.03,"p":1.5E11,"mot":"U","mo":162.0},{"cn":"ZAO Pchelka","ui":"9292471","t":336.0,"r":336.0,"q":5.77,"p":2.0E11,"mot":"U","mo":336.0},{"cn":"","ui":"","t":0.0,"r":0.0,"q":0.0,"p":0.0,"mot":"L","mo":0.0}]},{"d":"08.06.2022","r":1728.0,"q":6.12,"p":1.3254929398148E11,"s":[{"cn":"1","ui":"9196333","t":810.0,"r":810.0,"q":7.29,"p":9.9E10,"mot":"U","mo":810.0},{"cn":"WIRUS","ui":"9198929","t":164.0,"r":164.0,"q":3.03,"p":1.5E11,"mot":"U","mo":164.0},{"cn":"Haricane инвест","ui":"9226751","t":138.0,"r":138.0,"q":5.32,"p":8.5E10,"mot":"U","mo":138.0},{"cn":"ZAO Pchelka","ui":"9292471","t":522.0,"r":522.0,"q":5.77,"p":2.0E11,"mot":"U","mo":522.0},{"cn":"","ui":"","t":94.0,"r":94.0,"q":4.5,"p":8.643808510638E10,"mot":"L","mo":94.0}]},{"d":"09.06.2022","r":400.0,"q":5.77,"p":2.0E11,"s":[{"cn":"ZAO Pchelka","ui":"9292471","t":400.0,"r":400.0,"q":5.77,"p":2.0E11,"mot":"U","mo":400.0},{"cn":"","ui":"","t":0.0,"r":0.0,"q":0.0,"p":0.0,"mot":"L","mo":0.0}]},{"d":"10.06.2022","r":881.0,"q":5.73,"p":1.6022817349769E11,"s":[{"cn":"1","ui":"9196333","t":54.0,"r":54.0,"q":7.33,"p":9.9E10,"mot":"U","mo":54.0},{"cn":"Haricane инвест","ui":"9226751","t":147.0,"r":147.0,"q":5.32,"p":8.5E10,"mot":"U","mo":147.0},{"cn":"ZAO Pchelka","ui":"9292471","t":586.0,"r":586.0,"q":5.77,"p":2.0E11,"mot":"U","mo":586.0},{"cn":"","ui":"","t":94.0,"r":94.0,"q":5.2,"p":6.510660480279E10,"mot":"L","mo":94.0}]},{"d":"13.06.2022","r":2115.0,"q":5.7,"p":1.4313701912455E11,"s":[{"cn":"1","ui":"9196333","t":216.0,"r":216.0,"q":7.33,"p":9.9E10,"mot":"U","mo":216.0},{"cn":"ZAO Pchelka","ui":"9444337","t":169.0,"r":169.0,"q":5.85,"p":1.5E11,"mot":"U","mo":169.0},{"cn":"Haricane инвест","ui":"9226751","t":590.0,"r":590.0,"q":5.32,"p":8.5E10,"mot":"U","mo":590.0},{"cn":"ZAO Pchelka","ui":"9292471","t":958.0,"r":958.0,"q":5.78,"p":2.0E11,"mot":"U","mo":958.0},{"cn":"","ui":"","t":182.0,"r":182.0,"q":4.39,"p":7.830107389243E10,"mot":"L","mo":182.0}]},{"d":"14.06.2022","r":2546.0,"q":5.69,"p":1.4029916274252E11,"s":[{"cn":"1","ui":"9196333","t":270.0,"r":270.0,"q":7.34,"p":9.9E10,"mot":"U","mo":270.0},{"cn":"ZAO Pchelka","ui":"9444337","t":190.0,"r":190.0,"q":5.88,"p":1.5E11,"mot":"U","mo":190.0},{"cn":"Haricane инвест","ui":"9226751","t":738.0,"r":738.0,"q":5.32,"p":8.5E10,"mot":"U","mo":738.0},{"cn":"ZAO Pchelka","ui":"9292471","t":1100.0,"r":1100.0,"q":5.78,"p":2.0E11,"mot":"U","mo":1100.0},{"cn":"","ui":"","t":248.0,"r":248.0,"q":4.45,"p":7.758737234862E10,"mot":"L","mo":248.0}]},{"d":"16.06.2022","r":1886.0,"q":5.61,"p":1.0445737758777E11,"s":[{"cn":"1","ui":"9196333","t":378.0,"r":378.0,"q":7.34,"p":9.9E10,"mot":"U","mo":378.0},{"cn":"adler-senter","ui":"9376304","t":144.0,"r":144.0,"q":3.86,"p":7.623204257311E10,"mot":"U","mo":144.0},{"cn":"Haricane инвест","ui":"9226751","t":1032.0,"r":1032.0,"q":5.32,"p":1.2E11,"mot":"U","mo":1032.0},{"cn":"Rocksanna Ltd.","ui":"9293938","t":147.0,"r":147.0,"q":4.88,"p":6.6E10,"mot":"U","mo":147.0},{"cn":"","ui":"","t":185.0,"r":185.0,"q":5.6,"p":8.143351351351E10,"mot":"L","mo":185.0}]},{"d":"17.06.2022","r":2421.0,"q":5.64,"p":1.0903043660659E11,"s":[{"cn":"1","ui":"9196333","t":432.0,"r":432.0,"q":7.34,"p":9.9E10,"mot":"U","mo":432.0},{"cn":"adler-senter","ui":"9376304","t":165.0,"r":165.0,"q":3.89,"p":7.623204257311E10,"mot":"U","mo":165.0},{"cn":"ZAO Pchelka","ui":"9444337","t":245.0,"r":245.0,"q":6.0,"p":1.5E11,"mot":"U","mo":245.0},{"cn":"Haricane инвест","ui":"9226751","t":1179.0,"r":1179.0,"q":5.32,"p":1.2E11,"mot":"U","mo":1179.0},{"cn":"Rocksanna Ltd.","ui":"9293938","t":177.0,"r":177.0,"q":4.88,"p":6.6E10,"mot":"U","mo":177.0},{"cn":"","ui":"","t":223.0,"r":223.0,"q":5.59,"p":8.387623318386E10,"mot":"L","mo":223.0}]},{"d":"20.06.2022","r":2333.0,"q":5.79,"p":1.133647663952E11,"s":[{"cn":"1","ui":"9196333","t":510.0,"r":510.0,"q":7.47,"p":9.9E10,"mot":"U","mo":510.0},{"cn":"Haricane инвест","ui":"9226751","t":1620.0,"r":1620.0,"q":5.32,"p":1.2E11,"mot":"U","mo":1620.0},{"cn":"СтройБизнес","ui":"9385834","t":181.0,"r":181.0,"q":5.68,"p":9.0E10,"mot":"U","mo":181.0},{"cn":"","ui":"","t":22.0,"r":22.0,"q":2.75,"p":1.5E11,"mot":"L","mo":22.0}]},{"d":"21.06.2022","r":2683.0,"q":5.81,"p":1.1092705180768E11,"s":[{"cn":"1","ui":"9196333","t":567.0,"r":567.0,"q":7.5,"p":9.9E10,"mot":"U","mo":567.0},{"cn":"Haricane инвест","ui":"9226751","t":1767.0,"r":1767.0,"q":5.32,"p":1.2E11,"mot":"U","mo":1767.0},{"cn":"СтройБизнес","ui":"9385834","t":207.0,"r":207.0,"q":5.68,"p":9.0E10,"mot":"U","mo":207.0},{"cn":"","ui":"","t":142.0,"r":142.0,"q":5.28,"p":7.615690140845E10,"mot":"L","mo":142.0}]},{"d":"22.06.2022","r":3149.0,"q":5.78,"p":1.0824881098383E11,"s":[{"cn":"1","ui":"9196333","t":624.0,"r":624.0,"q":7.52,"p":9.9E10,"mot":"U","mo":624.0},{"cn":"Haricane инвест","ui":"9226751","t":1914.0,"r":1914.0,"q":5.32,"p":1.2E11,"mot":"U","mo":1914.0},{"cn":"СтройБизнес","ui":"9385834","t":233.0,"r":233.0,"q":5.68,"p":9.0E10,"mot":"U","mo":233.0},{"cn":"","ui":"","t":378.0,"r":378.0,"q":5.29,"p":7.526324282558E10,"mot":"L","mo":378.0}]},{"d":"23.06.2022","r":2348.0,"q":5.33,"p":1.1704855195911E11,"s":[{"cn":"Haricane инвест","ui":"9226751","t":2061.0,"r":2061.0,"q":5.32,"p":1.2E11,"mot":"U","mo":2061.0},{"cn":"СтройБизнес","ui":"9385834","t":259.0,"r":259.0,"q":5.68,"p":9.0E10,"mot":"U","mo":259.0},{"cn":"","ui":"","t":28.0,"r":28.0,"q":2.74,"p":1.5E11,"mot":"L","mo":28.0}]},{"d":"24.06.2022","r":2676.0,"q":5.39,"p":1.1445516193323E11,"s":[{"cn":"Haricane инвест","ui":"9226751","t":2208.0,"r":2208.0,"q":5.32,"p":1.2E11,"mot":"U","mo":2208.0},{"cn":"СтройБизнес","ui":"9385834","t":285.0,"r":285.0,"q":5.68,"p":9.0E10,"mot":"U","mo":285.0},{"cn":"","ui":"","t":183.0,"r":183.0,"q":5.8,"p":8.563941712204E10,"mot":"L","mo":183.0}]},{"d":"27.06.2022","r":3876.0,"q":5.52,"p":8.57141470068E10,"s":[{"cn":"1","ui":"9196333","t":228.0,"r":228.0,"q":7.78,"p":9.9E10,"mot":"U","mo":228.0},{"cn":"Sirvar","ui":"9389955","t":203.0,"r":203.0,"q":5.88,"p":4.444444444444E10,"mot":"U","mo":203.0},{"cn":"Haricane инвест","ui":"9226751","t":2649.0,"r":2649.0,"q":5.32,"p":9.0E10,"mot":"U","mo":2649.0},{"cn":"СтройБизнес","ui":"9385834","t":304.0,"r":304.0,"q":5.68,"p":9.0E10,"mot":"U","mo":304.0},{"cn":"","ui":"","t":492.0,"r":492.0,"q":5.33,"p":7.086140564256E10,"mot":"L","mo":492.0}]},{"d":"28.06.2022","r":5552.0,"q":5.51,"p":1.1801877962359E11,"s":[{"cn":"1","ui":"9196333","t":285.0,"r":285.0,"q":7.78,"p":9.9E10,"mot":"U","mo":285.0},{"cn":"ZAO Pchelka","ui":"9444337","t":304.0,"r":304.0,"q":6.07,"p":1.5E11,"mot":"U","mo":304.0},{"cn":"Haricane инвест","ui":"9226751","t":2796.0,"r":2796.0,"q":5.32,"p":9.0E10,"mot":"U","mo":2796.0},{"cn":"СтройБизнес","ui":"9385834","t":335.0,"r":335.0,"q":5.68,"p":9.0E10,"mot":"U","mo":335.0},{"cn":"ZAO Pchelka","ui":"9292471","t":1300.0,"r":1300.0,"q":5.82,"p":2.0E11,"mot":"U","mo":1300.0},{"cn":"","ui":"","t":532.0,"r":532.0,"q":4.11,"p":7.450237682364E10,"mot":"L","mo":532.0}]},{"d":"29.06.2022","r":40.0,"q":2.73,"p":1.5E11,"s":[{"cn":"WIRUS","ui":"9198929","t":40.0,"r":40.0,"q":2.73,"p":1.5E11,"mot":"U","mo":40.0},{"cn":"","ui":"","t":0.0,"r":0.0,"q":0.0,"p":0.0,"mot":"L","mo":0.0}]},{"d":"30.06.2022","r":160.0,"q":5.5,"p":1.0445625E11,"s":[{"cn":"1","ui":"9196333","t":57.0,"r":57.0,"q":7.79,"p":9.9E10,"mot":"U","mo":57.0},{"cn":"WIRUS","ui":"9198929","t":42.0,"r":42.0,"q":2.72,"p":1.5E11,"mot":"U","mo":42.0},{"cn":"СтройБизнес","ui":"9385834","t":31.0,"r":31.0,"q":5.68,"p":9.0E10,"mot":"U","mo":31.0},{"cn":"Rocksanna Ltd.","ui":"9293938","t":30.0,"r":30.0,"q":4.87,"p":6.6E10,"mot":"U","mo":30.0},{"cn":"","ui":"","t":0.0,"r":0.0,"q":0.0,"p":0.0,"mot":"L","mo":0.0}]},{"d":"01.07.2022","r":792.0,"q":5.66,"p":9.857711223994E10,"s":[{"cn":"1","ui":"9196333","t":114.0,"r":114.0,"q":7.79,"p":9.9E10,"mot":"U","mo":114.0},{"cn":"WIRUS","ui":"9198929","t":44.0,"r":44.0,"q":2.72,"p":1.5E11,"mot":"U","mo":44.0},{"cn":"ZAO Pchelka","ui":"9444337","t":77.0,"r":77.0,"q":6.1,"p":1.5E11,"mot":"U","mo":77.0},{"cn":"Haricane инвест","ui":"9226751","t":294.0,"r":294.0,"q":5.32,"p":9.0E10,"mot":"U","mo":294.0},{"cn":"trask","ui":"8688578","t":50.0,"r":50.0,"q":5.74,"p":1.0E11,"mot":"U","mo":50.0},{"cn":"СтройБизнес","ui":"9385834","t":62.0,"r":62.0,"q":5.71,"p":9.0E10,"mot":"U","mo":62.0},{"cn":"Rocksanna Ltd.","ui":"9293938","t":60.0,"r":60.0,"q":4.87,"p":6.6E10,"mot":"U","mo":60.0},{"cn":"","ui":"","t":91.0,"r":91.0,"q":5.6,"p":8.392387795643E10,"mot":"L","mo":91.0}]},{"d":"04.07.2022","r":1186.0,"q":5.68,"p":1.02107925801E11,"s":[{"cn":"Sirvar","ui":"9389856","t":1112.0,"r":1112.0,"q":5.81,"p":9.999999999999E10,"mot":"U","mo":1112.0},{"cn":"","ui":"","t":74.0,"r":74.0,"q":3.72,"p":1.3378378378378E11,"mot":"L","mo":74.0}]},{"d":"05.07.2022","r":78.0,"q":4.0,"p":1.5E11,"s":[{"cn":"WIRUS","ui":"9198929","t":52.0,"r":52.0,"q":2.71,"p":1.5E11,"mot":"U","mo":52.0},{"cn":"ZAO Pchelka","ui":"9444337","t":26.0,"r":26.0,"q":6.57,"p":1.5E11,"mot":"U","mo":26.0},{"cn":"","ui":"","t":0.0,"r":0.0,"q":0.0,"p":0.0,"mot":"L","mo":0.0}]},{"d":"06.07.2022","r":141.0,"q":4.62,"p":1.5E11,"s":[{"cn":"WIRUS","ui":"9198929","t":54.0,"r":54.0,"q":2.71,"p":1.5E11,"mot":"U","mo":54.0},{"cn":"ZAO Pchelka","ui":"9444337","t":87.0,"r":87.0,"q":5.81,"p":1.5E11,"mot":"U","mo":87.0},{"cn":"","ui":"","t":0.0,"r":0.0,"q":0.0,"p":0.0,"mot":"L","mo":0.0}]},{"d":"07.07.2022","r":689.0,"q":5.57,"p":1.0328639968224E11,"s":[{"cn":"1","ui":"9196333","t":57.0,"r":57.0,"q":7.57,"p":9.9E10,"mot":"U","mo":57.0},{"cn":"Sirvar","ui":"9389955","t":51.0,"r":51.0,"q":5.88,"p":8.888888888899E10,"mot":"U","mo":51.0},{"cn":"Sirvar","ui":"9389856","t":44.0,"r":44.0,"q":5.88,"p":8.888888888899E10,"mot":"U","mo":44.0},{"cn":"ZAO Pchelka","ui":"9444337","t":112.0,"r":112.0,"q":5.97,"p":1.5E11,"mot":"U","mo":112.0},{"cn":"trask","ui":"8688578","t":100.0,"r":100.0,"q":5.82,"p":1.0E11,"mot":"U","mo":100.0},{"cn":"WIRUS","ui":"9198929","t":56.0,"r":56.0,"q":2.71,"p":1.5E11,"mot":"U","mo":56.0},{"cn":"Haricane инвест","ui":"9226751","t":147.0,"r":147.0,"q":5.32,"p":9.0E10,"mot":"U","mo":147.0},{"cn":"","ui":"","t":122.0,"r":122.0,"q":5.43,"p":7.087610603777E10,"mot":"L","mo":122.0}]},{"d":"08.07.2022","r":496.0,"q":5.54,"p":1.8024193548387E11,"s":[{"cn":"WIRUS","ui":"9198929","t":58.0,"r":58.0,"q":2.7,"p":1.5E11,"mot":"U","mo":58.0},{"cn":"ZAO Pchelka","ui":"9444337","t":138.0,"r":138.0,"q":6.12,"p":1.5E11,"mot":"U","mo":138.0},{"cn":"ZAO Pchelka","ui":"9292471","t":300.0,"r":300.0,"q":5.82,"p":2.0E11,"mot":"U","mo":300.0},{"cn":"","ui":"","t":0.0,"r":0.0,"q":0.0,"p":0.0,"mot":"L","mo":0.0}]},{"d":"12.07.2022","r":537.0,"q":6.17,"p":9.587542818736E10,"s":[{"cn":"1","ui":"9196333","t":57.0,"r":57.0,"q":7.82,"p":9.9E10,"mot":"U","mo":57.0},{"cn":"Sirvar","ui":"9389856","t":54.0,"r":54.0,"q":7.09,"p":8.888888888899E10,"mot":"U","mo":54.0},{"cn":"Haricane инвест","ui":"9226751","t":154.0,"r":154.0,"q":5.8,"p":9.0E10,"mot":"U","mo":154.0},{"cn":"СтройБизнес","ui":"9385834","t":31.0,"r":31.0,"q":5.76,"p":9.0E10,"mot":"U","mo":31.0},{"cn":"trask","ui":"8688578","t":170.0,"r":170.0,"q":5.96,"p":1.0E11,"mot":"U","mo":170.0},{"cn":"","ui":"","t":71.0,"r":71.0,"q":5.6,"p":1.0411415403674E11,"mot":"L","mo":71.0}]},{"d":"13.07.2022","r":4.0,"q":2.61,"p":1.5E11,"s":[{"cn":"WIRUS","ui":"9198929","t":4.0,"r":4.0,"q":2.61,"p":1.5E11,"mot":"U","mo":4.0},{"cn":"","ui":"","t":0.0,"r":0.0,"q":0.0,"p":0.0,"mot":"L","mo":0.0}]},{"d":"14.07.2022","r":92.0,"q":5.94,"p":1.4997934782609E11,"s":[{"cn":"WIRUS","ui":"9198929","t":6.0,"r":6.0,"q":2.61,"p":1.5E11,"mot":"U","mo":6.0},{"cn":"ZAO Pchelka","ui":"9444337","t":67.0,"r":67.0,"q":6.01,"p":1.5E11,"mot":"U","mo":67.0},{"cn":"ООО \"Максимус\"","ui":"9300657","t":19.0,"r":19.0,"q":6.74,"p":1.499E11,"mot":"U","mo":19.0},{"cn":"","ui":"","t":0.0,"r":0.0,"q":0.0,"p":0.0,"mot":"L","mo":0.0}]},{"d":"15.07.2022","r":119.0,"q":6.09,"p":1.4996806722689E11,"s":[{"cn":"WIRUS","ui":"9198929","t":8.0,"r":8.0,"q":2.6,"p":1.5E11,"mot":"U","mo":8.0},{"cn":"ZAO Pchelka","ui":"9444337","t":73.0,"r":73.0,"q":6.13,"p":1.5E11,"mot":"U","mo":73.0},{"cn":"ООО \"Максимус\"","ui":"9300657","t":38.0,"r":38.0,"q":6.74,"p":1.499E11,"mot":"U","mo":38.0},{"cn":"","ui":"","t":0.0,"r":0.0,"q":0.0,"p":0.0,"mot":"L","mo":0.0}]},{"d":"18.07.2022","r":57.0,"q":5.72,"p":1.3483684210526E11,"s":[{"cn":"WIRUS","ui":"9198929","t":14.0,"r":14.0,"q":2.6,"p":1.5E11,"mot":"U","mo":14.0},{"cn":"ООО \"Максимус\"","ui":"9300657","t":43.0,"r":43.0,"q":6.74,"p":1.299E11,"mot":"U","mo":43.0},{"cn":"","ui":"","t":0.0,"r":0.0,"q":0.0,"p":0.0,"mot":"L","mo":0.0}]},{"d":"19.07.2022","r":146.0,"q":5.87,"p":1.3684931506849E11,"s":[{"cn":"WIRUS","ui":"9198929","t":16.0,"r":16.0,"q":2.59,"p":1.5E11,"mot":"U","mo":16.0},{"cn":"ZAO Pchelka","ui":"9444337","t":98.0,"r":98.0,"q":6.32,"p":1.5E11,"mot":"U","mo":98.0},{"cn":"СтройБизнес","ui":"9385834","t":32.0,"r":32.0,"q":6.11,"p":9.0E10,"mot":"U","mo":32.0},{"cn":"","ui":"","t":0.0,"r":0.0,"q":0.0,"p":0.0,"mot":"L","mo":0.0}]},{"d":"20.07.2022","r":18.0,"q":2.59,"p":1.5E11,"s":[{"cn":"WIRUS","ui":"9198929","t":18.0,"r":18.0,"q":2.59,"p":1.5E11,"mot":"U","mo":18.0},{"cn":"","ui":"","t":0.0,"r":0.0,"q":0.0,"p":0.0,"mot":"L","mo":0.0}]},{"d":"21.07.2022","r":589.0,"q":6.22,"p":9.955231926609E10,"s":[{"cn":"1","ui":"9196333","t":60.0,"r":60.0,"q":8.24,"p":9.9E10,"mot":"U","mo":60.0},{"cn":"Sirvar","ui":"9389856","t":53.0,"r":53.0,"q":7.2,"p":8.888888888899E10,"mot":"U","mo":53.0},{"cn":"Sirvar","ui":"9389855","t":53.0,"r":53.0,"q":7.2,"p":7.999999999999E10,"mot":"U","mo":53.0},{"cn":"Haricane инвест","ui":"9226751","t":154.0,"r":154.0,"q":5.89,"p":1.05E11,"mot":"U","mo":154.0},{"cn":"trask","ui":"8688578","t":160.0,"r":160.0,"q":6.09,"p":1.0E11,"mot":"U","mo":160.0},{"cn":"Rocksanna Ltd.","ui":"9293938","t":30.0,"r":30.0,"q":4.87,"p":9.0E10,"mot":"U","mo":30.0},{"cn":"","ui":"","t":79.0,"r":79.0,"q":4.78,"p":1.1234436628618E11,"mot":"L","mo":79.0}]},{"d":"22.07.2022","r":22.0,"q":2.58,"p":1.5E11,"s":[{"cn":"WIRUS","ui":"9198929","t":22.0,"r":22.0,"q":2.58,"p":1.5E11,"mot":"U","mo":22.0},{"cn":"","ui":"","t":0.0,"r":0.0,"q":0.0,"p":0.0,"mot":"L","mo":0.0}]},{"d":"25.07.2022","r":67.0,"q":3.97,"p":1.5940298507463E11,"s":[{"cn":"ТОО  «Gumerov»","ui":"9007019","t":9.0,"r":9.0,"q":5.36,"p":1.2E11,"mot":"U","mo":9.0},{"cn":"WIRUS","ui":"9198929","t":28.0,"r":28.0,"q":2.57,"p":1.5E11,"mot":"U","mo":28.0},{"cn":"Rocksanna Ltd.","ui":"9293938","t":30.0,"r":30.0,"q":4.86,"p":1.8E11,"mot":"U","mo":30.0},{"cn":"","ui":"","t":0.0,"r":0.0,"q":0.0,"p":0.0,"mot":"L","mo":0.0}]},{"d":"26.07.2022","r":60.0,"q":4.17,"p":1.35E11,"s":[{"cn":"ТОО  «Gumerov»","ui":"9007019","t":30.0,"r":30.0,"q":5.77,"p":1.2E11,"mot":"U","mo":30.0},{"cn":"WIRUS","ui":"9198929","t":30.0,"r":30.0,"q":2.57,"p":1.5E11,"mot":"U","mo":30.0},{"cn":"","ui":"","t":0.0,"r":0.0,"q":0.0,"p":0.0,"mot":"L","mo":0.0}]},{"d":"27.07.2022","r":55.0,"q":3.54,"p":1.2458794507603E11,"s":[{"cn":"adler-senter","ui":"9376304","t":23.0,"r":23.0,"q":4.88,"p":8.923204257311E10,"mot":"U","mo":23.0},{"cn":"WIRUS","ui":"9198929","t":32.0,"r":32.0,"q":2.57,"p":1.5E11,"mot":"U","mo":32.0},{"cn":"","ui":"","t":0.0,"r":0.0,"q":0.0,"p":0.0,"mot":"L","mo":0.0}]},{"d":"28.07.2022","r":106.0,"q":5.38,"p":1.2620754716981E11,"s":[{"cn":"ТОО  «Gumerov»","ui":"9007019","t":20.0,"r":20.0,"q":6.01,"p":1.2E11,"mot":"U","mo":20.0},{"cn":"WIRUS","ui":"9198929","t":34.0,"r":34.0,"q":2.57,"p":1.5E11,"mot":"U","mo":34.0},{"cn":"СтройБизнес","ui":"9385834","t":32.0,"r":32.0,"q":6.82,"p":9.0E10,"mot":"U","mo":32.0},{"cn":"ООО \"Максимус\"","ui":"9300657","t":20.0,"r":20.0,"q":7.21,"p":1.499E11,"mot":"U","mo":20.0},{"cn":"","ui":"","t":0.0,"r":0.0,"q":0.0,"p":0.0,"mot":"L","mo":0.0}]},{"d":"29.07.2022","r":119.0,"q":5.39,"p":1.3164705882353E11,"s":[{"cn":"ТОО  «Gumerov»","ui":"9007019","t":40.0,"r":40.0,"q":6.01,"p":1.2E11,"mot":"U","mo":40.0},{"cn":"WIRUS","ui":"9198929","t":36.0,"r":36.0,"q":2.56,"p":1.5E11,"mot":"U","mo":36.0},{"cn":"ООО \"Максимус\"","ui":"9300657","t":40.0,"r":40.0,"q":7.22,"p":1.299E11,"mot":"U","mo":40.0},{"cn":"","ui":"","t":35.0,"r":3.0,"q":6.82,"p":9.0E10,"mot":"L","mo":3.0}]},{"d":"01.08.2022","r":82.0,"q":4.85,"p":1.4019512195122E11,"s":[{"cn":"WIRUS","ui":"9198929","t":42.0,"r":42.0,"q":2.56,"p":1.5E11,"mot":"U","mo":42.0},{"cn":"ООО \"Максимус\"","ui":"9300657","t":40.0,"r":40.0,"q":7.26,"p":1.299E11,"mot":"U","mo":40.0},{"cn":"","ui":"","t":0.0,"r":0.0,"q":0.0,"p":0.0,"mot":"L","mo":0.0}]},{"d":"02.08.2022","r":44.0,"q":2.55,"p":1.5E11,"s":[{"cn":"WIRUS","ui":"9198929","t":44.0,"r":44.0,"q":2.55,"p":1.5E11,"mot":"U","mo":44.0},{"cn":"","ui":"","t":0.0,"r":0.0,"q":0.0,"p":0.0,"mot":"L","mo":0.0}]},{"d":"03.08.2022","r":66.0,"q":3.58,"p":1.4090909090909E11,"s":[{"cn":"ТОО  «Gumerov»","ui":"9007019","t":20.0,"r":20.0,"q":5.94,"p":1.2E11,"mot":"U","mo":20.0},{"cn":"WIRUS","ui":"9198929","t":46.0,"r":46.0,"q":2.55,"p":1.5E11,"mot":"U","mo":46.0},{"cn":"","ui":"","t":0.0,"r":0.0,"q":0.0,"p":0.0,"mot":"L","mo":0.0}]},{"d":"04.08.2022","r":95.0,"q":4.41,"p":1.2953684210526E11,"s":[{"cn":"ТОО  «Gumerov»","ui":"9007019","t":39.0,"r":39.0,"q":5.95,"p":1.2E11,"mot":"U","mo":39.0},{"cn":"АО «Домаћи производ»","ui":"9258834","t":19.0,"r":8.0,"q":7.51,"p":6.2E10,"mot":"U","mo":8.0},{"cn":"WIRUS","ui":"9198929","t":47.0,"r":47.0,"q":2.55,"p":1.5E11,"mot":"U","mo":47.0},{"cn":"","ui":"","t":54.0,"r":1.0,"q":7.26,"p":7.999999999999E10,"mot":"L","mo":1.0}]},{"d":"05.08.2022","r":48.0,"q":2.55,"p":1.5E11,"s":[{"cn":"WIRUS","ui":"9198929","t":48.0,"r":48.0,"q":2.55,"p":1.5E11,"mot":"U","mo":48.0},{"cn":"","ui":"","t":0.0,"r":0.0,"q":0.0,"p":0.0,"mot":"L","mo":0.0}]},{"d":"08.08.2022","r":1223.0,"q":6.98,"p":1.9791496320523E11,"s":[{"cn":"ZAO Pchelka","ui":"9292471","t":1172.0,"r":1172.0,"q":7.17,"p":2.0E11,"mot":"U","mo":1172.0},{"cn":"","ui":"","t":51.0,"r":51.0,"q":2.55,"p":1.5E11,"mot":"L","mo":51.0}]},{"d":"09.08.2022","r":1283.0,"q":6.97,"p":1.9797349961029E11,"s":[{"cn":"ZAO Pchelka","ui":"9292471","t":1231.0,"r":1231.0,"q":7.16,"p":2.0E11,"mot":"U","mo":1231.0},{"cn":"","ui":"","t":52.0,"r":52.0,"q":2.54,"p":1.5E11,"mot":"L","mo":52.0}]},{"d":"10.08.2022","r":1384.0,"q":6.95,"p":1.9562997109827E11,"s":[{"cn":"ZAO Pchelka","ui":"9292471","t":1290.0,"r":1290.0,"q":7.16,"p":2.0E11,"mot":"U","mo":1290.0},{"cn":"","ui":"","t":94.0,"r":94.0,"q":4.04,"p":1.3565829787234E11,"mot":"L","mo":94.0}]},{"d":"11.08.2022","r":527.0,"q":6.24,"p":1.0778311195446E11,"s":[{"cn":"ТОО  «Gumerov»","ui":"9007019","t":38.0,"r":38.0,"q":5.86,"p":1.2E11,"mot":"U","mo":38.0},{"cn":"WIRUS","ui":"9198929","t":54.0,"r":54.0,"q":2.54,"p":1.5E11,"mot":"U","mo":54.0},{"cn":"СтройБизнес","ui":"9513995","t":71.0,"r":71.0,"q":6.95,"p":1.0E11,"mot":"U","mo":71.0},{"cn":"СтройБизнес","ui":"9385834","t":71.0,"r":71.0,"q":6.9,"p":1.0E11,"mot":"U","mo":71.0},{"cn":"JURSAN Инвест","ui":"9449393","t":30.0,"r":30.0,"q":5.37,"p":9.899E10,"mot":"U","mo":30.0},{"cn":"СтройБизнес","ui":"9490964","t":71.0,"r":71.0,"q":6.87,"p":1.0E11,"mot":"U","mo":71.0},{"cn":"СтройБизнес","ui":"9363916","t":172.0,"r":172.0,"q":6.88,"p":1.01E11,"mot":"U","mo":172.0},{"cn":"","ui":"","t":20.0,"r":20.0,"q":5.58,"p":1.25E11,"mot":"L","mo":20.0}]},{"d":"12.08.2022","r":2179.0,"q":6.84,"p":1.6369866911427E11,"s":[{"cn":"СтройБизнес","ui":"9363916","t":444.0,"r":444.0,"q":6.91,"p":9.5E10,"mot":"U","mo":444.0},{"cn":"ZAO Pchelka","ui":"9292471","t":1349.0,"r":1349.0,"q":7.15,"p":2.0E11,"mot":"U","mo":1349.0},{"cn":"","ui":"","t":386.0,"r":386.0,"q":5.68,"p":1.1585336787565E11,"mot":"L","mo":386.0}]},{"d":"15.08.2022","r":116.0,"q":4.75,"p":1.75E11,"s":[{"cn":"WIRUS","ui":"9198929","t":58.0,"r":58.0,"q":2.53,"p":1.5E11,"mot":"U","mo":58.0},{"cn":"ZAO Pchelka","ui":"9292471","t":58.0,"r":58.0,"q":6.96,"p":2.0E11,"mot":"U","mo":58.0},{"cn":"","ui":"","t":0.0,"r":0.0,"q":0.0,"p":0.0,"mot":"L","mo":0.0}]},{"d":"16.08.2022","r":324.0,"q":6.13,"p":1.3637372524439E11,"s":[{"cn":"ТОО  «Gumerov»","ui":"9007019","t":18.0,"r":18.0,"q":5.68,"p":1.2E11,"mot":"U","mo":18.0},{"cn":"adler-senter","ui":"9376304","t":23.0,"r":23.0,"q":5.41,"p":8.973204257311E10,"mot":"U","mo":23.0},{"cn":"WIRUS","ui":"9198929","t":59.0,"r":59.0,"q":2.53,"p":1.5E11,"mot":"U","mo":59.0},{"cn":"СтройБизнес","ui":"9385834","t":71.0,"r":71.0,"q":6.98,"p":9.5E10,"mot":"U","mo":71.0},{"cn":"JURSAN Инвест","ui":"9449393","t":35.0,"r":35.0,"q":8.31,"p":1.1599E11,"mot":"U","mo":35.0},{"cn":"ООО \"Максимус\"","ui":"9300657","t":34.0,"r":34.0,"q":7.26,"p":1.399E11,"mot":"U","mo":34.0},{"cn":"ZAO Pchelka","ui":"9292471","t":74.0,"r":74.0,"q":6.95,"p":2.0E11,"mot":"U","mo":74.0},{"cn":"","ui":"","t":50.0,"r":10.0,"q":6.21,"p":7.5E10,"mot":"L","mo":10.0}]},{"d":"17.08.2022","r":560.0,"q":6.46,"p":1.3305638206851E11,"s":[{"cn":"ТОО  «Gumerov»","ui":"9007019","t":36.0,"r":36.0,"q":5.71,"p":1.2E11,"mot":"U","mo":36.0},{"cn":"adler-senter","ui":"9376304","t":46.0,"r":46.0,"q":5.39,"p":8.973204257311E10,"mot":"U","mo":46.0},{"cn":"WIRUS","ui":"9198929","t":60.0,"r":60.0,"q":2.53,"p":1.5E11,"mot":"U","mo":60.0},{"cn":"СтройБизнес","ui":"9385834","t":142.0,"r":142.0,"q":7.01,"p":9.5E10,"mot":"U","mo":142.0},{"cn":"JURSAN Инвест","ui":"9449393","t":70.0,"r":70.0,"q":8.31,"p":1.1599E11,"mot":"U","mo":70.0},{"cn":"ООО \"Максимус\"","ui":"9300657","t":54.0,"r":54.0,"q":7.26,"p":1.399E11,"mot":"U","mo":54.0},{"cn":"ZAO Pchelka","ui":"9292471","t":132.0,"r":132.0,"q":6.94,"p":2.0E11,"mot":"U","mo":132.0},{"cn":"","ui":"","t":60.0,"r":20.0,"q":6.26,"p":7.5E10,"mot":"L","mo":20.0}]},{"d":"18.08.2022","r":936.0,"q":6.64,"p":1.2605321899585E11,"s":[{"cn":"ТОО  «Gumerov»","ui":"9007019","t":54.0,"r":54.0,"q":5.71,"p":1.2E11,"mot":"U","mo":54.0},{"cn":"adler-senter","ui":"9376304","t":70.0,"r":70.0,"q":5.5,"p":8.973204257311E10,"mot":"U","mo":70.0},{"cn":"WIRUS","ui":"9198929","t":61.0,"r":61.0,"q":2.53,"p":1.5E11,"mot":"U","mo":61.0},{"cn":"СтройБизнес","ui":"9385834","t":213.0,"r":213.0,"q":7.03,"p":9.5E10,"mot":"U","mo":213.0},{"cn":"JURSAN Инвест","ui":"9449393","t":103.0,"r":103.0,"q":8.31,"p":1.1599E11,"mot":"U","mo":103.0},{"cn":"ООО \"Максимус\"","ui":"9300657","t":74.0,"r":74.0,"q":7.26,"p":1.399E11,"mot":"U","mo":74.0},{"cn":"СтройБизнес","ui":"9490964","t":142.0,"r":142.0,"q":6.87,"p":9.5E10,"mot":"U","mo":142.0},{"cn":"ZAO Pchelka","ui":"9292471","t":189.0,"r":189.0,"q":6.93,"p":2.0E11,"mot":"U","mo":189.0},{"cn":"","ui":"","t":70.0,"r":30.0,"q":6.3,"p":7.5E10,"mot":"L","mo":30.0}]},{"d":"19.08.2022","r":1382.0,"q":6.75,"p":1.2162739652813E11,"s":[{"cn":"ТОО  «Gumerov»","ui":"9007019","t":72.0,"r":72.0,"q":5.71,"p":1.2E11,"mot":"U","mo":72.0},{"cn":"adler-senter","ui":"9376304","t":94.0,"r":94.0,"q":5.55,"p":8.973204257311E10,"mot":"U","mo":94.0},{"cn":"СтройБизнес","ui":"9513995","t":71.0,"r":71.0,"q":7.06,"p":9.5E10,"mot":"U","mo":71.0},{"cn":"СтройБизнес","ui":"9385834","t":84.0,"r":84.0,"q":7.06,"p":9.5E10,"mot":"U","mo":84.0},{"cn":"JURSAN Инвест","ui":"9449393","t":135.0,"r":135.0,"q":8.31,"p":1.1599E11,"mot":"U","mo":135.0},{"cn":"ООО \"Максимус\"","ui":"9300657","t":94.0,"r":94.0,"q":7.26,"p":1.399E11,"mot":"U","mo":94.0},{"cn":"ZAO Pchelka","ui":"9292471","t":246.0,"r":246.0,"q":6.92,"p":2.0E11,"mot":"U","mo":246.0},{"cn":"СтройБизнес","ui":"9363916","t":484.0,"r":484.0,"q":6.98,"p":9.5E10,"mot":"U","mo":484.0},{"cn":"","ui":"","t":142.0,"r":102.0,"q":4.02,"p":1.2058823529412E11,"mot":"L","mo":102.0}]},{"d":"22.08.2022","r":497.0,"q":6.47,"p":1.9346076458753E11,"s":[{"cn":"WIRUS","ui":"9198929","t":65.0,"r":65.0,"q":2.52,"p":1.5E11,"mot":"U","mo":65.0},{"cn":"ZAO Pchelka","ui":"9292471","t":432.0,"r":432.0,"q":7.06,"p":2.0E11,"mot":"U","mo":432.0},{"cn":"","ui":"","t":0.0,"r":0.0,"q":0.0,"p":0.0,"mot":"L","mo":0.0}]},{"d":"23.08.2022","r":66.0,"q":2.52,"p":1.5E11,"s":[{"cn":"WIRUS","ui":"9198929","t":66.0,"r":66.0,"q":2.52,"p":1.5E11,"mot":"U","mo":66.0},{"cn":"","ui":"","t":0.0,"r":0.0,"q":0.0,"p":0.0,"mot":"L","mo":0.0}]},{"d":"24.08.2022","r":87.0,"q":3.61,"p":1.4767816091954E11,"s":[{"cn":"WIRUS","ui":"9198929","t":67.0,"r":67.0,"q":2.52,"p":1.5E11,"mot":"U","mo":67.0},{"cn":"ООО \"Максимус\"","ui":"9300657","t":20.0,"r":20.0,"q":7.26,"p":1.399E11,"mot":"U","mo":20.0},{"cn":"","ui":"","t":0.0,"r":0.0,"q":0.0,"p":0.0,"mot":"L","mo":0.0}]},{"d":"25.08.2022","r":372.0,"q":6.23,"p":1.138251827957E11,"s":[{"cn":"ТОО  «Gumerov»","ui":"9007019","t":19.0,"r":19.0,"q":5.71,"p":1.2E11,"mot":"U","mo":19.0},{"cn":"WIRUS","ui":"9198929","t":68.0,"r":68.0,"q":2.51,"p":1.5E11,"mot":"U","mo":68.0},{"cn":"СтройБизнес","ui":"9513995","t":71.0,"r":71.0,"q":7.04,"p":9.5E10,"mot":"U","mo":71.0},{"cn":"СтройБизнес","ui":"9385834","t":71.0,"r":71.0,"q":7.05,"p":9.5E10,"mot":"U","mo":71.0},{"cn":"JURSAN Инвест","ui":"9449393","t":32.0,"r":32.0,"q":8.32,"p":1.25999E11,"mot":"U","mo":32.0},{"cn":"ООО \"Максимус\"","ui":"9300657","t":40.0,"r":40.0,"q":7.26,"p":1.399E11,"mot":"U","mo":40.0},{"cn":"СтройБизнес","ui":"9490964","t":71.0,"r":71.0,"q":6.78,"p":9.5E10,"mot":"U","mo":71.0},{"cn":"","ui":"","t":0.0,"r":0.0,"q":0.0,"p":0.0,"mot":"L","mo":0.0}]},{"d":"26.08.2022","r":698.0,"q":6.53,"p":1.082571733836E11,"s":[{"cn":"ТОО  «Gumerov»","ui":"9007019","t":37.0,"r":37.0,"q":5.7,"p":1.2E11,"mot":"U","mo":37.0},{"cn":"WIRUS","ui":"9198929","t":69.0,"r":69.0,"q":2.51,"p":1.5E11,"mot":"U","mo":69.0},{"cn":"СтройБизнес","ui":"9513995","t":142.0,"r":142.0,"q":7.04,"p":9.5E10,"mot":"U","mo":142.0},{"cn":"СтройБизнес","ui":"9385834","t":142.0,"r":142.0,"q":7.05,"p":9.5E10,"mot":"U","mo":142.0},{"cn":"ООО \"Максимус\"","ui":"9300657","t":60.0,"r":60.0,"q":7.26,"p":1.399E11,"mot":"U","mo":60.0},{"cn":"JURSAN Инвест","ui":"9449393","t":62.0,"r":62.0,"q":8.32,"p":1.25999E11,"mot":"U","mo":62.0},{"cn":"СтройБизнес","ui":"9490964","t":142.0,"r":142.0,"q":6.78,"p":9.5E10,"mot":"U","mo":142.0},{"cn":"","ui":"","t":44.0,"r":44.0,"q":5.91,"p":9.312656867624E10,"mot":"L","mo":44.0}]},{"d":"29.08.2022","r":2.0,"q":2.37,"p":1.5E11,"s":[{"cn":"WIRUS","ui":"9198929","t":2.0,"r":2.0,"q":2.37,"p":1.5E11,"mot":"U","mo":2.0},{"cn":"","ui":"","t":0.0,"r":0.0,"q":0.0,"p":0.0,"mot":"L","mo":0.0}]},{"d":"30.08.2022","r":485.0,"q":7.08,"p":2.0E11,"s":[{"cn":"ZAO Pchelka","ui":"9292471","t":485.0,"r":485.0,"q":7.08,"p":2.0E11,"mot":"U","mo":485.0},{"cn":"","ui":"","t":0.0,"r":0.0,"q":0.0,"p":0.0,"mot":"L","mo":0.0}]},{"d":"01.09.2022","r":1.0,"q":2.35,"p":1.5E11,"s":[{"cn":"WIRUS","ui":"9198929","t":1.0,"r":1.0,"q":2.35,"p":1.5E11,"mot":"U","mo":1.0},{"cn":"","ui":"","t":0.0,"r":0.0,"q":0.0,"p":0.0,"mot":"L","mo":0.0}]},{"d":"02.09.2022","r":24.0,"q":6.88,"p":1.0573204257311E11,"s":[{"cn":"adler-senter","ui":"9376304","t":24.0,"r":24.0,"q":6.88,"p":1.0573204257311E11,"mot":"U","mo":24.0},{"cn":"","ui":"","t":0.0,"r":0.0,"q":0.0,"p":0.0,"mot":"L","mo":0.0}]},{"d":"05.09.2022","r":3.0,"q":2.34,"p":1.5E11,"s":[{"cn":"WIRUS","ui":"9198929","t":3.0,"r":3.0,"q":2.34,"p":1.5E11,"mot":"U","mo":3.0},{"cn":"","ui":"","t":0.0,"r":0.0,"q":0.0,"p":0.0,"mot":"L","mo":0.0}]},{"d":"06.09.2022","r":398.0,"q":6.75,"p":1.5931631155779E11,"s":[{"cn":"JURSAN Инвест","ui":"9538789","t":74.0,"r":74.0,"q":5.53,"p":1.45999E11,"mot":"U","mo":74.0},{"cn":"JURSAN Инвест","ui":"9449393","t":34.0,"r":34.0,"q":8.92,"p":1.45999E11,"mot":"U","mo":34.0},{"cn":"ZAO Pchelka","ui":"9542340","t":276.0,"r":276.0,"q":6.87,"p":1.65E11,"mot":"U","mo":276.0},{"cn":"","ui":"","t":14.0,"r":14.0,"q":5.52,"p":1.5E11,"mot":"L","mo":14.0}]},{"d":"07.09.2022","r":498.0,"q":6.91,"p":1.65E11,"s":[{"cn":"ZAO Pchelka","ui":"9542340","t":498.0,"r":498.0,"q":6.91,"p":1.65E11,"mot":"U","mo":498.0},{"cn":"","ui":"","t":0.0,"r":0.0,"q":0.0,"p":0.0,"mot":"L","mo":0.0}]},{"d":"08.09.2022","r":363.0,"q":7.08,"p":2.0E11,"s":[{"cn":"ZAO Pchelka","ui":"9292471","t":363.0,"r":363.0,"q":7.08,"p":2.0E11,"mot":"U","mo":363.0},{"cn":"","ui":"","t":0.0,"r":0.0,"q":0.0,"p":0.0,"mot":"L","mo":0.0}]},{"d":"09.09.2022","r":536.0,"q":7.04,"p":1.8578897761194E11,"s":[{"cn":"JURSAN Инвест","ui":"9538789","t":74.0,"r":74.0,"q":6.08,"p":1.50999E11,"mot":"U","mo":74.0},{"cn":"JURSAN Инвест","ui":"9449393","t":34.0,"r":34.0,"q":8.92,"p":1.50999E11,"mot":"U","mo":34.0},{"cn":"ZAO Pchelka","ui":"9292471","t":362.0,"r":362.0,"q":7.08,"p":2.0E11,"mot":"U","mo":362.0},{"cn":"ZAO Pchelka","ui":"9542340","t":65.0,"r":65.0,"q":7.03,"p":1.65E11,"mot":"U","mo":65.0},{"cn":"","ui":"","t":1.0,"r":1.0,"q":2.31,"p":1.5E11,"mot":"L","mo":1.0}]},{"d":"12.09.2022","r":1239.0,"q":7.32,"p":1.713660766923E11,"s":[{"cn":"ZAO Pchelka","ui":"9542340","t":745.0,"r":745.0,"q":6.93,"p":1.85E11,"mot":"U","mo":745.0},{"cn":"ООО Ремстрой","ui":"9437953","t":430.0,"r":430.0,"q":8.1,"p":1.5E11,"mot":"U","mo":430.0},{"cn":"","ui":"","t":64.0,"r":64.0,"q":6.61,"p":1.5621201596492E11,"mot":"L","mo":64.0}]},{"d":"13.09.2022","r":1894.0,"q":7.2,"p":1.9295770485744E11,"s":[{"cn":"ZAO Pchelka","ui":"9542340","t":1717.0,"r":1717.0,"q":7.24,"p":1.95E11,"mot":"U","mo":1717.0},{"cn":"","ui":"","t":177.0,"r":177.0,"q":6.82,"p":1.7314628813559E11,"mot":"L","mo":177.0}]},{"d":"14.09.2022","r":2513.0,"q":7.2,"p":1.9144061043444E11,"s":[{"cn":"JURSAN Инвест","ui":"9538789","t":147.0,"r":147.0,"q":5.98,"p":1.70999E11,"mot":"U","mo":147.0},{"cn":"ZAO Pchelka","ui":"9542340","t":2002.0,"r":2002.0,"q":7.19,"p":1.95E11,"mot":"U","mo":2002.0},{"cn":"ZAO Pchelka","ui":"9566323","t":150.0,"r":150.0,"q":8.1,"p":1.95E11,"mot":"U","mo":150.0},{"cn":"","ui":"","t":214.0,"r":214.0,"q":7.48,"p":1.6968878982128E11,"mot":"L","mo":214.0}]},{"d":"15.09.2022","r":3016.0,"q":7.16,"p":1.8664078748127E11,"s":[{"cn":"JURSAN Инвест","ui":"9538789","t":221.0,"r":221.0,"q":6.01,"p":1.70999E11,"mot":"U","mo":221.0},{"cn":"ZAO Pchelka","ui":"9542340","t":2239.0,"r":2239.0,"q":7.17,"p":1.95E11,"mot":"U","mo":2239.0},{"cn":"","ui":"","t":556.0,"r":556.0,"q":7.59,"p":1.5919574827969E11,"mot":"L","mo":556.0}]},{"d":"16.09.2022","r":3587.0,"q":7.19,"p":1.8345121493731E11,"s":[{"cn":"JURSAN Инвест","ui":"9538789","t":299.0,"r":299.0,"q":6.13,"p":1.70999E11,"mot":"U","mo":299.0},{"cn":"ZAO Pchelka","ui":"9542340","t":2392.0,"r":2392.0,"q":7.16,"p":1.95E11,"mot":"U","mo":2392.0},{"cn":"ООО Ремстрой","ui":"9437953","t":300.0,"r":300.0,"q":8.1,"p":1.5E11,"mot":"U","mo":300.0},{"cn":"","ui":"","t":596.0,"r":596.0,"q":7.4,"p":1.6018591775188E11,"mot":"L","mo":596.0}]},{"d":"19.09.2022","r":4903.0,"q":7.3,"p":1.7525160575158E11,"s":[{"cn":"ТОО  «Gumerov»","ui":"9007019","t":277.0,"r":277.0,"q":7.09,"p":1.45E11,"mot":"U","mo":277.0},{"cn":"JURSAN Инвест","ui":"9538789","t":533.0,"r":533.0,"q":6.28,"p":1.15999E11,"mot":"U","mo":533.0},{"cn":"ZAO Pchelka","ui":"9542340","t":2989.0,"r":2989.0,"q":7.14,"p":1.95E11,"mot":"U","mo":2989.0},{"cn":"ООО Ремстрой","ui":"9437953","t":728.0,"r":728.0,"q":8.1,"p":1.5E11,"mot":"U","mo":728.0},{"cn":"","ui":"","t":376.0,"r":376.0,"q":8.6,"p":1.7343392553191E11,"mot":"L","mo":376.0}]},{"d":"20.09.2022","r":5861.0,"q":7.25,"p":1.732400133414E11,"s":[{"cn":"ТОО  «Gumerov»","ui":"9007019","t":302.0,"r":302.0,"q":7.08,"p":1.45E11,"mot":"U","mo":302.0},{"cn":"JURSAN Инвест","ui":"9538789","t":611.0,"r":611.0,"q":6.3,"p":1.10999E11,"mot":"U","mo":611.0},{"cn":"ZAO Pchelka","ui":"9542340","t":3373.0,"r":3373.0,"q":7.1,"p":1.95E11,"mot":"U","mo":3373.0},{"cn":"ООО Ремстрой","ui":"9437953","t":859.0,"r":859.0,"q":8.1,"p":1.5E11,"mot":"U","mo":859.0},{"cn":"","ui":"","t":716.0,"r":716.0,"q":7.83,"p":1.6363733127642E11,"mot":"L","mo":716.0}]},{"d":"21.09.2022","r":6738.0,"q":7.22,"p":1.6743700621724E11,"s":[{"cn":"JURSAN Инвест","ui":"9538789","t":689.0,"r":689.0,"q":6.32,"p":1.05999E11,"mot":"U","mo":689.0},{"cn":"ZAO Pchelka","ui":"9542340","t":3683.0,"r":3683.0,"q":7.07,"p":1.95E11,"mot":"U","mo":3683.0},{"cn":"ООО Ремстрой","ui":"9437953","t":989.0,"r":989.0,"q":8.1,"p":1.5E11,"mot":"U","mo":989.0},{"cn":"","ui":"","t":1608.0,"r":1377.0,"q":7.46,"p":1.3698056419156E11,"mot":"L","mo":1377.0}]},{"d":"22.09.2022","r":6446.0,"q":7.41,"p":1.7508451615934E11,"s":[{"cn":"JURSAN Инвест","ui":"9449393","t":352.0,"r":352.0,"q":9.23,"p":1.55999E11,"mot":"U","mo":352.0},{"cn":"ZAO Pchelka","ui":"9542340","t":3760.0,"r":3760.0,"q":7.08,"p":1.95E11,"mot":"U","mo":3760.0},{"cn":"ООО Ремстрой","ui":"9437953","t":1120.0,"r":1120.0,"q":8.1,"p":1.5E11,"mot":"U","mo":1120.0},{"cn":"","ui":"","t":1298.0,"r":1214.0,"q":7.28,"p":1.4207837163351E11,"mot":"L","mo":1214.0}]},{"d":"23.09.2022","r":7152.0,"q":7.38,"p":1.7017139401091E11,"s":[{"cn":"JURSAN Инвест","ui":"9449393","t":388.0,"r":388.0,"q":9.24,"p":1.55999E11,"mot":"U","mo":388.0},{"cn":"ZAO Pchelka","ui":"9542340","t":3824.0,"r":3824.0,"q":7.07,"p":1.95E11,"mot":"U","mo":3824.0},{"cn":"ООО Ремстрой","ui":"9437953","t":1251.0,"r":1251.0,"q":8.1,"p":1.5E11,"mot":"U","mo":1251.0},{"cn":"","ui":"","t":1860.0,"r":1689.0,"q":7.13,"p":1.3215405444997E11,"mot":"L","mo":1689.0}]},{"d":"26.09.2022","r":8386.0,"q":7.35,"p":1.6189459718579E11,"s":[{"cn":"СтройБизнес","ui":"9513995","t":426.0,"r":426.0,"q":7.14,"p":9.5E10,"mot":"U","mo":426.0},{"cn":"СтройБизнес","ui":"9385834","t":426.0,"r":426.0,"q":7.14,"p":9.5E10,"mot":"U","mo":426.0},{"cn":"JURSAN Инвест","ui":"9449393","t":496.0,"r":496.0,"q":9.27,"p":1.55999E11,"mot":"U","mo":496.0},{"cn":"СтройБизнес","ui":"9490964","t":426.0,"r":426.0,"q":6.8,"p":9.5E10,"mot":"U","mo":426.0},{"cn":"ZAO Pchelka","ui":"9542340","t":4020.0,"r":4020.0,"q":7.05,"p":1.95E11,"mot":"U","mo":4020.0},{"cn":"ООО Ремстрой","ui":"9437953","t":1642.0,"r":1642.0,"q":8.11,"p":1.5E11,"mot":"U","mo":1642.0},{"cn":"","ui":"","t":1140.0,"r":950.0,"q":6.76,"p":1.3543430315789E11,"mot":"L","mo":950.0}]},{"d":"27.09.2022","r":8972.0,"q":7.36,"p":1.5963908582256E11,"s":[{"cn":"СтройБизнес","ui":"9513995","t":497.0,"r":497.0,"q":7.13,"p":9.5E10,"mot":"U","mo":497.0},{"cn":"СтройБизнес","ui":"9385834","t":497.0,"r":497.0,"q":7.14,"p":9.5E10,"mot":"U","mo":497.0},{"cn":"JURSAN Инвест","ui":"9449393","t":532.0,"r":532.0,"q":9.27,"p":1.55999E11,"mot":"U","mo":532.0},{"cn":"СтройБизнес","ui":"9490964","t":497.0,"r":497.0,"q":6.8,"p":9.5E10,"mot":"U","mo":497.0},{"cn":"ZAO Pchelka","ui":"9542340","t":4082.0,"r":4082.0,"q":7.05,"p":1.95E11,"mot":"U","mo":4082.0},{"cn":"ООО Ремстрой","ui":"9437953","t":1773.0,"r":1773.0,"q":8.11,"p":1.5E11,"mot":"U","mo":1773.0},{"cn":"","ui":"","t":1327.0,"r":1094.0,"q":6.85,"p":1.3318593235832E11,"mot":"L","mo":1094.0}]},{"d":"28.09.2022","r":9533.0,"q":7.36,"p":1.5511954945977E11,"s":[{"cn":"СтройБизнес","ui":"9513995","t":568.0,"r":568.0,"q":7.13,"p":9.5E10,"mot":"U","mo":568.0},{"cn":"СтройБизнес","ui":"9385834","t":568.0,"r":568.0,"q":7.14,"p":9.5E10,"mot":"U","mo":568.0},{"cn":"JURSAN Инвест","ui":"9449393","t":568.0,"r":568.0,"q":9.28,"p":1.55999E11,"mot":"U","mo":568.0},{"cn":"СтройБизнес","ui":"9490964","t":567.0,"r":567.0,"q":6.79,"p":9.5E10,"mot":"U","mo":567.0},{"cn":"ZAO Pchelka","ui":"9542340","t":4109.0,"r":4109.0,"q":7.05,"p":1.95E11,"mot":"U","mo":4109.0},{"cn":"ООО Ремстрой","ui":"9437953","t":1904.0,"r":1904.0,"q":8.11,"p":1.5E11,"mot":"U","mo":1904.0},{"cn":"","ui":"","t":1482.0,"r":1249.0,"q":6.84,"p":1.1329642353883E11,"mot":"L","mo":1249.0}]},{"d":"29.09.2022","r":9692.0,"q":7.39,"p":1.5326513536938E11,"s":[{"cn":"СтройБизнес","ui":"9513995","t":639.0,"r":639.0,"q":7.13,"p":9.5E10,"mot":"U","mo":639.0},{"cn":"СтройБизнес","ui":"9385834","t":639.0,"r":639.0,"q":7.14,"p":9.5E10,"mot":"U","mo":639.0},{"cn":"JURSAN Инвест","ui":"9538789","t":544.0,"r":544.0,"q":6.48,"p":9.5959E10,"mot":"U","mo":544.0},{"cn":"JURSAN Инвест","ui":"9449393","t":604.0,"r":604.0,"q":9.28,"p":1.55999E11,"mot":"U","mo":604.0},{"cn":"СтройБизнес","ui":"9490964","t":637.0,"r":637.0,"q":6.79,"p":9.5E10,"mot":"U","mo":637.0},{"cn":"ZAO Pchelka","ui":"9542340","t":4136.0,"r":4136.0,"q":7.05,"p":1.95E11,"mot":"U","mo":4136.0},{"cn":"ООО Ремстрой","ui":"9437953","t":2034.0,"r":2034.0,"q":8.11,"p":1.5E11,"mot":"U","mo":2034.0},{"cn":"","ui":"","t":692.0,"r":459.0,"q":7.33,"p":9.907538126362E10,"mot":"L","mo":459.0}]},{"d":"30.09.2022","r":11364.0,"q":7.37,"p":1.5424945908711E11,"s":[{"cn":"СтройБизнес","ui":"9513995","t":710.0,"r":710.0,"q":7.13,"p":9.5E10,"mot":"U","mo":710.0},{"cn":"JURSAN Инвест","ui":"9538789","t":621.0,"r":621.0,"q":6.47,"p":9.3959E10,"mot":"U","mo":621.0},{"cn":"СтройБизнес","ui":"9385834","t":710.0,"r":710.0,"q":7.14,"p":9.5E10,"mot":"U","mo":710.0},{"cn":"JURSAN Инвест","ui":"9449393","t":640.0,"r":640.0,"q":9.29,"p":1.35999E11,"mot":"U","mo":640.0},{"cn":"СтройБизнес","ui":"9490964","t":707.0,"r":707.0,"q":6.79,"p":9.5E10,"mot":"U","mo":707.0},{"cn":"ZAO Pchelka","ui":"9542340","t":4163.0,"r":4163.0,"q":7.05,"p":1.95E11,"mot":"U","mo":4163.0},{"cn":"ООО Ремстрой","ui":"9437953","t":2165.0,"r":2165.0,"q":8.11,"p":1.5E11,"mot":"U","mo":2165.0},{"cn":"","ui":"","t":1884.0,"r":1648.0,"q":7.23,"p":1.6316926824391E11,"mot":"L","mo":1648.0}]}]