[{"d":"01.02.2019","r":38815.0,"q":10.19,"p":12000.0,"s":[{"cn":"Yellow Rose","ui":"7853068","t":38915.0,"r":38815.0,"q":10.19,"p":12000.0,"mot":"U","mo":38815.0},{"cn":"","ui":"","t":0.0,"r":0.0,"q":0.0,"p":0.0,"mot":"L","mo":0.0}]},{"d":"04.02.2019","r":40068.0,"q":10.23,"p":12000.0,"s":[{"cn":"Yellow Rose","ui":"7853068","t":40168.0,"r":40068.0,"q":10.23,"p":12000.0,"mot":"U","mo":40068.0},{"cn":"","ui":"","t":0.0,"r":0.0,"q":0.0,"p":0.0,"mot":"L","mo":0.0}]},{"d":"05.02.2019","r":40482.0,"q":10.24,"p":12000.0,"s":[{"cn":"Yellow Rose","ui":"7853068","t":40582.0,"r":40482.0,"q":10.24,"p":12000.0,"mot":"U","mo":40482.0},{"cn":"","ui":"","t":0.0,"r":0.0,"q":0.0,"p":0.0,"mot":"L","mo":0.0}]},{"d":"06.02.2019","r":40895.0,"q":10.25,"p":12000.0,"s":[{"cn":"Yellow Rose","ui":"7853068","t":40995.0,"r":40895.0,"q":10.25,"p":12000.0,"mot":"U","mo":40895.0},{"cn":"","ui":"","t":0.0,"r":0.0,"q":0.0,"p":0.0,"mot":"L","mo":0.0}]},{"d":"07.02.2019","r":41306.0,"q":10.26,"p":12000.0,"s":[{"cn":"Yellow Rose","ui":"7853068","t":41406.0,"r":41306.0,"q":10.26,"p":12000.0,"mot":"U","mo":41306.0},{"cn":"","ui":"","t":0.0,"r":0.0,"q":0.0,"p":0.0,"mot":"L","mo":0.0}]},{"d":"08.02.2019","r":41715.0,"q":10.26,"p":12000.0,"s":[{"cn":"Yellow Rose","ui":"7853068","t":41815.0,"r":41715.0,"q":10.26,"p":12000.0,"mot":"U","mo":41715.0},{"cn":"","ui":"","t":0.0,"r":0.0,"q":0.0,"p":0.0,"mot":"L","mo":0.0}]}]