[{"pi":"423860","pc":"Продукты питания","ss":300000,"td":"Фешенебельный район","dc":1,"n":683.23,"vc":"787002","sl":"Элитный","sv":"20000","p":1500.0,"q":29.5,"b":3.41,"ms":14.67,"wi":23.65,"ei":5.0,"as":139.18,"mi":"E","mv":136372,"sc":1,"lpe":85.33,"lpr":574.84,"lq":1.0,"d":2500000},{"pi":"423860","pc":"Продукты питания","ss":100000,"td":"Фешенебельный район","dc":1,"n":685.19,"vc":"301233","sl":"Элитный","sv":"15000","p":1500.0,"q":29.5,"b":3.41,"ms":17.35,"wi":30.29,"ei":4.47,"as":218.02,"mi":"E","mv":86472,"sc":1,"lpe":82.65,"lpr":594.51,"lq":1.0,"d":1584364},{"pi":"423860","pc":"Продукты питания","ss":5000,"td":"Центр города","dc":2,"n":38.89,"vc":"1271","sl":"Элитный","sv":"10","p":4099.0,"q":8.02,"b":0.0,"ms":0.01,"wi":28.26,"ei":4.9,"as":220.29,"mi":"E","mv":104691,"sc":1,"lpe":99.99,"lpr":2123.68,"lq":1.0,"d":1918594},{"pi":"423860","pc":"Продукты питания","ss":300000,"td":"Фешенебельный район","dc":1,"n":672.09,"vc":"1025650","sl":"Элитный","sv":"54000","p":2000.0,"q":29.5,"b":3.41,"ms":13.24,"wi":43.34,"ei":6.78,"as":349.0,"mi":"E","mv":407864,"sc":2,"lpe":86.76,"lpr":821.35,"lq":1.0,"d":7234440},{"pi":"423860","pc":"Продукты питания","ss":50000,"td":"Центр города","dc":1,"n":318.8,"vc":"61905","sl":"Элитный","sv":"8","p":4000.0,"q":14.17,"b":1.87,"ms":0.0,"wi":43.34,"ei":6.78,"as":349.0,"mi":"E","mv":407864,"sc":2,"lpe":86.76,"lpr":821.35,"lq":1.0,"d":7234440},{"pi":"423860","pc":"Продукты питания","ss":10000,"td":"Фешенебельный район","dc":1,"n":360.23,"vc":"2336","sl":"Элитный","sv":"2","p":4000.0,"q":7.16,"b":0.0,"ms":0.0,"wi":36.38,"ei":6.43,"as":342.95,"mi":"E","mv":63049,"sc":2,"lpe":100.0,"lpr":1202.18,"lq":1.0,"d":1297765},{"pi":"423860","pc":"Продукты питания","ss":10000,"td":"Центр города","dc":1,"n":182.49,"vc":"6276","sl":"Элитный","sv":"1","p":5043.0,"q":11.03,"b":0.0,"ms":0.0,"wi":36.38,"ei":6.43,"as":342.95,"mi":"E","mv":63049,"sc":2,"lpe":100.0,"lpr":1202.18,"lq":1.0,"d":1297765},{"pi":"423860","pc":"Продукты питания","ss":100000,"td":"Фешенебельный район","dc":1,"n":627.11,"vc":"296046","sl":"Элитный","sv":"48000","p":1500.0,"q":29.5,"b":3.16,"ms":14.05,"wi":24.52,"ei":5.02,"as":119.09,"mi":"E","mv":341742,"sc":1,"lpe":85.95,"lpr":590.87,"lq":1.0,"d":7434170},{"pi":"423860","pc":"Продукты питания","ss":300000,"td":"Фешенебельный район","dc":1,"n":680.76,"vc":"986878","sl":"Элитный","sv":"40000","p":1500.0,"q":29.5,"b":3.16,"ms":14.79,"wi":20.05,"ei":2.21,"as":72.07,"mi":"E","mv":270499,"sc":1,"lpe":85.21,"lpr":566.35,"lq":1.0,"d":5107770},{"pi":"423860","pc":"Продукты питания","ss":300000,"td":"Фешенебельный район","dc":1,"n":647.2,"vc":"608611","sl":"Очень высокий","sv":"6000","p":1591.0,"q":29.01,"b":1.89,"ms":9.58,"wi":6.48,"ei":2.33,"as":38.73,"mi":"E","mv":62621,"sc":1,"lpe":90.42,"lpr":489.0,"lq":1.0,"d":4132191},{"pi":"423860","pc":"Продукты питания","ss":300000,"td":"Фешенебельный район","dc":1,"n":683.85,"vc":"691829","sl":"Элитный","sv":"5797","p":2564.0,"q":26.28,"b":3.93,"ms":7.2,"wi":39.06,"ei":10.43,"as":440.02,"mi":"E","mv":80569,"sc":1,"lpe":92.8,"lpr":616.98,"lq":1.76,"d":1774664},{"pi":"423860","pc":"Продукты питания","ss":41000,"td":"Центр города","dc":2,"n":420.44,"vc":"72646","sl":"Элитный","sv":"2000","p":3500.0,"q":15.36,"b":0.0,"ms":2.71,"wi":23.42,"ei":5.63,"as":324.09,"mi":"E","mv":73844,"sc":1,"lpe":97.29,"lpr":1103.92,"lq":1.0,"d":1353652},{"pi":"423860","pc":"Продукты питания","ss":30000,"td":"Центр города","dc":1,"n":413.76,"vc":"62504","sl":"Элитный","sv":"500","p":1940.0,"q":20.6,"b":0.0,"ms":0.5,"wi":19.05,"ei":5.34,"as":341.56,"mi":"E","mv":100823,"sc":1,"lpe":99.5,"lpr":569.8,"lq":1.0,"d":2069626},{"pi":"423860","pc":"Продукты питания","ss":300000,"td":"Фешенебельный район","dc":1,"n":666.35,"vc":"1051720","sl":"Высокий","sv":"50000","p":1126.0,"q":13.24,"b":0.0,"ms":10.07,"wi":15.51,"ei":1.9,"as":47.89,"mi":"E","mv":496372,"sc":1,"lpe":89.93,"lpr":516.93,"lq":1.06,"d":9100000},{"pi":"423860","pc":"Продукты питания","ss":300000,"td":"Фешенебельный район","dc":1,"n":671.61,"vc":"1225689","sl":"Элитный","sv":"49839","p":2731.0,"q":29.34,"b":2.82,"ms":7.81,"wi":21.09,"ei":5.96,"as":107.95,"mi":"E","mv":638131,"sc":2,"lpe":92.1,"lpr":546.51,"lq":1.0,"d":12197086},{"pi":"423860","pc":"Продукты питания","ss":100000,"td":"Центр города","dc":1,"n":436.09,"vc":"560926","sl":"Очень высокий","sv":"549","p":2000.0,"q":9.88,"b":0.0,"ms":0.09,"wi":21.09,"ei":5.96,"as":107.95,"mi":"E","mv":638131,"sc":2,"lpe":92.1,"lpr":546.51,"lq":1.0,"d":12197086},{"pi":"423860","pc":"Продукты питания","ss":300000,"td":"Фешенебельный район","dc":1,"n":672.87,"vc":"1079688","sl":"Элитный","sv":"66000","p":1500.0,"q":29.5,"b":2.82,"ms":14.97,"wi":20.1,"ei":4.5,"as":67.72,"mi":"E","mv":440845,"sc":1,"lpe":85.03,"lpr":587.75,"lq":1.0,"d":8200000},{"pi":"423860","pc":"Продукты питания","ss":300000,"td":"Фешенебельный район","dc":1,"n":670.95,"vc":"919843","sl":"Элитный","sv":"30000","p":1688.0,"q":26.59,"b":1.73,"ms":8.24,"wi":9.57,"ei":6.38,"as":116.09,"mi":"E","mv":364241,"sc":1,"lpe":91.76,"lpr":444.07,"lq":1.0,"d":13557246},{"pi":"423860","pc":"Продукты питания","ss":300000,"td":"Фешенебельный район","dc":1,"n":657.75,"vc":"842030","sl":"Элитный","sv":"35000","p":1639.0,"q":29.01,"b":1.6,"ms":10.53,"wi":14.81,"ei":3.9,"as":52.79,"mi":"E","mv":332252,"sc":1,"lpe":89.47,"lpr":513.0,"lq":1.02,"d":6104000},{"pi":"423860","pc":"Продукты питания","ss":300000,"td":"Фешенебельный район","dc":1,"n":655.39,"vc":"783562","sl":"Элитный","sv":"25000","p":1591.0,"q":26.59,"b":1.6,"ms":8.64,"wi":13.64,"ei":2.9,"as":59.09,"mi":"E","mv":289263,"sc":1,"lpe":91.36,"lpr":516.7,"lq":1.0,"d":5303006},{"pi":"423860","pc":"Продукты питания","ss":300000,"td":"Фешенебельный район","dc":1,"n":659.55,"vc":"657294","sl":"Элитный","sv":"16500","p":5596.0,"q":29.5,"b":3.78,"ms":14.32,"wi":52.02,"ei":10.51,"as":1190.88,"mi":"E","mv":115245,"sc":3,"lpe":81.26,"lpr":1652.56,"lq":4.57,"d":2862944},{"pi":"423860","pc":"Продукты питания","ss":100000,"td":"Центр города","dc":2,"n":100.37,"vc":"8923","sl":"Элитный","sv":"5000","p":1567.47,"q":7.84,"b":0.0,"ms":4.34,"wi":52.02,"ei":10.51,"as":1190.88,"mi":"E","mv":115245,"sc":3,"lpe":81.26,"lpr":1652.56,"lq":4.57,"d":2862944},{"pi":"423860","pc":"Продукты питания","ss":100000,"td":"Центр города","dc":3,"n":357.87,"vc":"106133","sl":"Элитный","sv":"100","p":4000.0,"q":23.51,"b":0.0,"ms":0.09,"wi":52.02,"ei":10.51,"as":1190.88,"mi":"E","mv":115245,"sc":3,"lpe":81.26,"lpr":1652.56,"lq":4.57,"d":2862944},{"pi":"423860","pc":"Продукты питания","ss":200000,"td":"Фешенебельный район","dc":1,"n":676.29,"vc":"655995","sl":"Элитный","sv":"15000","p":2756.0,"q":29.5,"b":3.84,"ms":14.78,"wi":20.94,"ei":5.2,"as":170.97,"mi":"E","mv":101468,"sc":1,"lpe":85.22,"lpr":573.97,"lq":1.0,"d":1973368},{"pi":"423860","pc":"Продукты питания","ss":100000,"td":"Фешенебельный район","dc":1,"n":680.58,"vc":"270854","sl":"Элитный","sv":"11000","p":2500.0,"q":29.5,"b":3.78,"ms":15.19,"wi":42.23,"ei":6.83,"as":907.19,"mi":"E","mv":72398,"sc":1,"lpe":84.81,"lpr":951.58,"lq":1.32,"d":1327128},{"pi":"423860","pc":"Продукты питания","ss":300000,"td":"Фешенебельный район","dc":1,"n":686.46,"vc":"675652","sl":"Элитный","sv":"10000","p":1791.0,"q":29.5,"b":3.45,"ms":14.46,"wi":14.09,"ei":5.25,"as":82.95,"mi":"E","mv":69154,"sc":1,"lpe":85.54,"lpr":545.92,"lq":1.0,"d":1794428},{"pi":"423860","pc":"Продукты питания","ss":100000,"td":"Фешенебельный район","dc":1,"n":688.55,"vc":"303828","sl":"Элитный","sv":"15000","p":1949.0,"q":26.28,"b":3.78,"ms":16.3,"wi":50.29,"ei":7.12,"as":1196.86,"mi":"E","mv":92003,"sc":1,"lpe":83.7,"lpr":553.88,"lq":2.08,"d":1480452},{"pi":"423860","pc":"Продукты питания","ss":300000,"td":"Фешенебельный район","dc":1,"n":661.65,"vc":"795609","sl":"Элитный","sv":"9600","p":2186.0,"q":29.01,"b":1.91,"ms":14.97,"wi":8.65,"ei":2.99,"as":101.57,"mi":"E","mv":64125,"sc":2,"lpe":81.91,"lpr":748.64,"lq":1.21,"d":5694053},{"pi":"423860","pc":"Продукты питания","ss":10000,"td":"Центр города","dc":4,"n":359.57,"vc":"24610","sl":"Нормальный","sv":"2000","p":150.0,"q":13.53,"b":0.0,"ms":3.12,"wi":8.65,"ei":2.99,"as":101.57,"mi":"E","mv":64125,"sc":2,"lpe":81.91,"lpr":748.64,"lq":1.21,"d":5694053},{"pi":"423860","pc":"Продукты питания","ss":300000,"td":"Фешенебельный район","dc":1,"n":666.25,"vc":"914329","sl":"Высокий","sv":"15000","p":1688.0,"q":29.01,"b":2.04,"ms":9.48,"wi":8.26,"ei":1.9,"as":64.62,"mi":"E","mv":158258,"sc":3,"lpe":87.87,"lpr":535.52,"lq":1.16,"d":8024926},{"pi":"423860","pc":"Продукты питания","ss":10000,"td":"Центр города","dc":2,"n":342.11,"vc":"23781","sl":"Очень высокий","sv":"4000","p":190.0,"q":13.53,"b":0.0,"ms":2.53,"wi":8.26,"ei":1.9,"as":64.62,"mi":"E","mv":158258,"sc":3,"lpe":87.87,"lpr":535.52,"lq":1.16,"d":8024926},{"pi":"423860","pc":"Продукты питания","ss":100000,"td":"Центр города","dc":1,"n":385.83,"vc":"181139","sl":"Элитный","sv":"200","p":2000.0,"q":22.37,"b":0.0,"ms":0.13,"wi":8.26,"ei":1.9,"as":64.62,"mi":"E","mv":158258,"sc":3,"lpe":87.87,"lpr":535.52,"lq":1.16,"d":8024926},{"pi":"423860","pc":"Продукты питания","ss":100000,"td":"Фешенебельный район","dc":2,"n":589.38,"vc":"89558","sl":"Элитный","sv":"1416","p":7082.0,"q":21.93,"b":2.73,"ms":8.61,"wi":45.33,"ei":7.25,"as":769.5,"mi":"E","mv":16444,"sc":2,"lpe":86.22,"lpr":2600.78,"lq":1.48,"d":688452},{"pi":"423860","pc":"Продукты питания","ss":12000,"td":"Центр города","dc":1,"n":410.6,"vc":"31442","sl":"Низкий","sv":"850","p":3000.0,"q":23.51,"b":0.0,"ms":5.17,"wi":45.33,"ei":7.25,"as":769.5,"mi":"E","mv":16444,"sc":2,"lpe":86.22,"lpr":2600.78,"lq":1.48,"d":688452},{"pi":"423860","pc":"Продукты питания","ss":100000,"td":"Фешенебельный район","dc":1,"n":687.3,"vc":"254453","sl":"Элитный","sv":"6900","p":3998.0,"q":29.5,"b":3.16,"ms":14.9,"wi":53.24,"ei":7.46,"as":830.0,"mi":"E","mv":46296,"sc":2,"lpe":85.09,"lpr":1620.66,"lq":1.0,"d":923206},{"pi":"423860","pc":"Продукты питания","ss":1100,"td":"Центр города","dc":1,"n":220.5,"vc":"2226","sl":"Очень высокий","sv":"2","p":4000.0,"q":23.72,"b":0.0,"ms":0.0,"wi":53.24,"ei":7.46,"as":830.0,"mi":"E","mv":46296,"sc":2,"lpe":85.09,"lpr":1620.66,"lq":1.0,"d":923206},{"pi":"423860","pc":"Продукты питания","ss":300000,"td":"Фешенебельный район","dc":1,"n":692.76,"vc":"921991","sl":"Элитный","sv":"24000","p":2238.0,"q":29.5,"b":3.54,"ms":14.98,"wi":23.24,"ei":7.25,"as":430.69,"mi":"E","mv":160225,"sc":1,"lpe":85.02,"lpr":545.67,"lq":1.0,"d":3025420},{"pi":"423860","pc":"Продукты питания","ss":100000,"td":"Фешенебельный район","dc":2,"n":582.41,"vc":"95140","sl":"Элитный","sv":"420","p":4936.0,"q":21.94,"b":2.73,"ms":5.01,"wi":47.12,"ei":6.6,"as":760.0,"mi":"E","mv":8376,"sc":1,"lpe":94.99,"lpr":1637.86,"lq":1.09,"d":311080},{"pi":"423860","pc":"Продукты питания","ss":100000,"td":"Центр города","dc":5,"n":456.49,"vc":"184781","sl":"Высокий","sv":"3300","p":55.0,"q":13.53,"b":0.0,"ms":26.07,"wi":4.69,"ei":7.95,"as":28.7,"mi":"E","mv":12658,"sc":1,"lpe":73.93,"lpr":514.71,"lq":1.92,"d":3118531},{"pi":"423860","pc":"Продукты питания","ss":100000,"td":"Фешенебельный район","dc":2,"n":588.75,"vc":"71735","sl":"Элитный","sv":"694","p":8329.0,"q":21.95,"b":1.58,"ms":6.88,"wi":53.48,"ei":9.13,"as":1120.0,"mi":"E","mv":10085,"sc":2,"lpe":88.99,"lpr":3019.81,"lq":4.76,"d":371510},{"pi":"423860","pc":"Продукты питания","ss":13500,"td":"Центр города","dc":3,"n":336.44,"vc":"15646","sl":"Очень высокий","sv":"416","p":5618.0,"q":10.78,"b":0.0,"ms":4.12,"wi":53.48,"ei":9.13,"as":1120.0,"mi":"E","mv":10085,"sc":2,"lpe":88.99,"lpr":3019.81,"lq":4.76,"d":371510},{"pi":"423860","pc":"Продукты питания","ss":250000,"td":"Фешенебельный район","dc":1,"n":684.55,"vc":"567705","sl":"Элитный","sv":"4725","p":1749.0,"q":26.3,"b":2.95,"ms":14.35,"wi":32.37,"ei":14.28,"as":748.41,"mi":"E","mv":32927,"sc":1,"lpe":85.65,"lpr":613.29,"lq":3.08,"d":1218946},{"pi":"423860","pc":"Продукты питания","ss":100000,"td":"Центр города","dc":4,"n":425.83,"vc":"160512","sl":"Очень низкий","sv":"4000","p":195.0,"q":13.53,"b":0.0,"ms":17.26,"wi":13.69,"ei":4.76,"as":94.98,"mi":"E","mv":23169,"sc":1,"lpe":82.74,"lpr":550.98,"lq":2.51,"d":1442930},{"pi":"423860","pc":"Продукты питания","ss":100000,"td":"Фешенебельный район","dc":1,"n":690.5,"vc":"255918","sl":"Элитный","sv":"7000","p":2017.0,"q":29.5,"b":4.33,"ms":14.13,"wi":37.48,"ei":9.39,"as":1355.78,"mi":"E","mv":49534,"sc":2,"lpe":73.76,"lpr":533.49,"lq":1.78,"d":859400},{"pi":"423860","pc":"Продукты питания","ss":100000,"td":"Центр города","dc":9,"n":462.08,"vc":"189716","sl":"Нормальный","sv":"6000","p":445.0,"q":13.53,"b":0.0,"ms":12.11,"wi":37.48,"ei":9.39,"as":1355.78,"mi":"E","mv":49534,"sc":2,"lpe":73.76,"lpr":533.49,"lq":1.78,"d":859400},{"pi":"423860","pc":"Продукты питания","ss":300000,"td":"Фешенебельный район","dc":1,"n":683.98,"vc":"582418","sl":"Элитный","sv":"7200","p":1500.0,"q":29.5,"b":4.33,"ms":12.73,"wi":40.83,"ei":9.69,"as":1126.51,"mi":"E","mv":56579,"sc":2,"lpe":78.44,"lpr":585.73,"lq":1.87,"d":1239628},{"pi":"423860","pc":"Продукты питания","ss":100000,"td":"Центр города","dc":7,"n":448.86,"vc":"178397","sl":"Высокий","sv":"5000","p":400.0,"q":13.53,"b":0.0,"ms":8.84,"wi":40.83,"ei":9.69,"as":1126.51,"mi":"E","mv":56579,"sc":2,"lpe":78.44,"lpr":585.73,"lq":1.87,"d":1239628},{"pi":"423860","pc":"Продукты питания","ss":100000,"td":"Фешенебельный район","dc":1,"n":688.21,"vc":"326242","sl":"Элитный","sv":"13500","p":1000.0,"q":29.5,"b":3.88,"ms":17.24,"wi":16.35,"ei":7.5,"as":163.44,"mi":"E","mv":78294,"sc":3,"lpe":75.6,"lpr":313.41,"lq":1.0,"d":1866603},{"pi":"423860","pc":"Продукты питания","ss":123900,"td":"Спальный район","dc":2,"n":354.86,"vc":"116770","sl":"Элитный","sv":"5594","p":700.0,"q":7.95,"b":1.52,"ms":7.14,"wi":16.35,"ei":7.5,"as":163.44,"mi":"E","mv":78294,"sc":3,"lpe":75.6,"lpr":313.41,"lq":1.0,"d":1866603},{"pi":"423860","pc":"Продукты питания","ss":2100,"td":"Центр города","dc":1,"n":196.75,"vc":"3486","sl":"Элитный","sv":"6","p":1200.0,"q":23.66,"b":0.0,"ms":0.01,"wi":16.35,"ei":7.5,"as":163.44,"mi":"E","mv":78294,"sc":3,"lpe":75.6,"lpr":313.41,"lq":1.0,"d":1866603},{"pi":"423860","pc":"Продукты питания","ss":100000,"td":"Фешенебельный район","dc":1,"n":421.2,"vc":"30425","sl":"Элитный","sv":"30000","p":600.0,"q":18.73,"b":0.0,"ms":18.11,"wi":15.38,"ei":3.06,"as":158.53,"mi":"E","mv":165693,"sc":1,"lpe":81.89,"lpr":549.41,"lq":2.02,"d":3197424},{"pi":"423860","pc":"Продукты питания","ss":1000,"td":"Центр города","dc":1,"n":291.8,"vc":"1480","sl":"Элитный","sv":"303","p":3660.0,"q":21.41,"b":0.0,"ms":5.37,"wi":38.21,"ei":5.87,"as":470.0,"mi":"E","mv":5641,"sc":3,"lpe":90.37,"lpr":1455.84,"lq":1.0,"d":106426},{"pi":"423860","pc":"Продукты питания","ss":1000,"td":"Центр города","dc":2,"n":142.38,"vc":"425","sl":"Элитный","sv":"224","p":2599.0,"q":8.02,"b":0.0,"ms":3.97,"wi":38.21,"ei":5.87,"as":470.0,"mi":"E","mv":5641,"sc":3,"lpe":90.37,"lpr":1455.84,"lq":1.0,"d":106426},{"pi":"423860","pc":"Продукты питания","ss":1000,"td":"Спальный район","dc":1,"n":606.35,"vc":"4362","sl":"Высокий","sv":"16","p":4000.0,"q":14.34,"b":0.0,"ms":0.28,"wi":38.21,"ei":5.87,"as":470.0,"mi":"E","mv":5641,"sc":3,"lpe":90.37,"lpr":1455.84,"lq":1.0,"d":106426},{"pi":"423860","pc":"Продукты питания","ss":100000,"td":"Фешенебельный район","dc":1,"n":700.08,"vc":"179915","sl":"Элитный","sv":"2351","p":3844.0,"q":28.31,"b":3.17,"ms":20.33,"wi":55.17,"ei":6.62,"as":770.0,"mi":"E","mv":11563,"sc":1,"lpe":79.67,"lpr":1314.85,"lq":1.37,"d":339038},{"pi":"423860","pc":"Продукты питания","ss":300000,"td":"Фешенебельный район","dc":1,"n":650.39,"vc":"963224","sl":"Элитный","sv":"70000","p":1500.0,"q":29.5,"b":2.75,"ms":14.29,"wi":20.04,"ei":6.23,"as":189.21,"mi":"E","mv":490021,"sc":2,"lpe":85.5,"lpr":591.57,"lq":1.0,"d":10970686},{"pi":"423860","pc":"Продукты питания","ss":100000,"td":"Центр города","dc":1,"n":519.78,"vc":"805729","sl":"Очень высокий","sv":"1031","p":2900.0,"q":35.57,"b":2.75,"ms":0.21,"wi":20.04,"ei":6.23,"as":189.21,"mi":"E","mv":490021,"sc":2,"lpe":85.5,"lpr":591.57,"lq":1.0,"d":10970686},{"pi":"423860","pc":"Продукты питания","ss":1000,"td":"Центр города","dc":1,"n":294.34,"vc":"1496","sl":"Элитный","sv":"186","p":3762.0,"q":18.85,"b":0.0,"ms":5.52,"wi":31.59,"ei":6.27,"as":451.25,"mi":"E","mv":3368,"sc":3,"lpe":94.06,"lpr":1478.83,"lq":1.0,"d":105000},{"pi":"423860","pc":"Продукты питания","ss":1000,"td":"Центр города","dc":2,"n":150.59,"vc":"443","sl":"Элитный","sv":"12","p":2999.0,"q":6.88,"b":0.0,"ms":0.36,"wi":31.59,"ei":6.27,"as":451.25,"mi":"E","mv":3368,"sc":3,"lpe":94.06,"lpr":1478.83,"lq":1.0,"d":105000},{"pi":"423860","pc":"Продукты питания","ss":400,"td":"Центр города","dc":6,"n":159.98,"vc":"283","sl":"Нормальный","sv":"2","p":3500.0,"q":23.59,"b":0.0,"ms":0.06,"wi":31.59,"ei":6.27,"as":451.25,"mi":"E","mv":3368,"sc":3,"lpe":94.06,"lpr":1478.83,"lq":1.0,"d":105000},{"pi":"423860","pc":"Продукты питания","ss":1000,"td":"Центр города","dc":1,"n":262.81,"vc":"1434","sl":"Элитный","sv":"247","p":3768.0,"q":21.83,"b":0.0,"ms":5.57,"wi":32.37,"ei":6.19,"as":432.97,"mi":"E","mv":4434,"sc":2,"lpe":93.87,"lpr":1509.42,"lq":1.0,"d":155016},{"pi":"423860","pc":"Продукты питания","ss":1000,"td":"Центр города","dc":2,"n":134.43,"vc":"464","sl":"Элитный","sv":"25","p":2799.0,"q":6.34,"b":0.0,"ms":0.56,"wi":32.37,"ei":6.19,"as":432.97,"mi":"E","mv":4434,"sc":2,"lpe":93.87,"lpr":1509.42,"lq":1.0,"d":155016},{"pi":"423860","pc":"Продукты питания","ss":1000,"td":"Центр города","dc":1,"n":302.22,"vc":"1772","sl":"Очень высокий","sv":"316","p":3551.0,"q":21.33,"b":0.0,"ms":7.01,"wi":30.17,"ei":5.96,"as":437.26,"mi":"E","mv":4509,"sc":2,"lpe":92.86,"lpr":1465.95,"lq":1.0,"d":150000},{"pi":"423860","pc":"Продукты питания","ss":1000,"td":"Центр города","dc":2,"n":135.78,"vc":"462","sl":"Элитный","sv":"6","p":2999.0,"q":6.25,"b":0.0,"ms":0.13,"wi":30.17,"ei":5.96,"as":437.26,"mi":"E","mv":4509,"sc":2,"lpe":92.86,"lpr":1465.95,"lq":1.0,"d":150000},{"pi":"423860","pc":"Продукты питания","ss":50000,"td":"Фешенебельный район","dc":1,"n":492.67,"vc":"16957","sl":"Элитный","sv":"1000","p":2700.0,"q":15.36,"b":0.0,"ms":4.56,"wi":25.5,"ei":6.21,"as":154.35,"mi":"E","mv":21906,"sc":2,"lpe":95.43,"lpr":1204.24,"lq":1.0,"d":489001},{"pi":"423860","pc":"Продукты питания","ss":1000,"td":"Центр города","dc":2,"n":52.42,"vc":"437","sl":"Нормальный","sv":"2","p":2699.0,"q":6.74,"b":0.0,"ms":0.01,"wi":25.5,"ei":6.21,"as":154.35,"mi":"E","mv":21906,"sc":2,"lpe":95.43,"lpr":1204.24,"lq":1.0,"d":489001},{"pi":"423860","pc":"Продукты питания","ss":1000,"td":"Центр города","dc":1,"n":279.61,"vc":"1802","sl":"Очень высокий","sv":"797","p":3778.0,"q":15.68,"b":0.0,"ms":7.07,"wi":39.88,"ei":5.93,"as":490.0,"mi":"E","mv":11274,"sc":2,"lpe":92.07,"lpr":1724.76,"lq":1.29,"d":226600},{"pi":"423860","pc":"Продукты питания","ss":1000,"td":"Центр города","dc":2,"n":146.84,"vc":"568","sl":"Элитный","sv":"97","p":2699.0,"q":6.14,"b":0.0,"ms":0.86,"wi":39.88,"ei":5.93,"as":490.0,"mi":"E","mv":11274,"sc":2,"lpe":92.07,"lpr":1724.76,"lq":1.29,"d":226600},{"pi":"423860","pc":"Продукты питания","ss":200000,"td":"Фешенебельный район","dc":1,"n":690.7,"vc":"507958","sl":"Элитный","sv":"4000","p":3062.0,"q":29.5,"b":3.68,"ms":14.07,"wi":31.59,"ei":7.34,"as":420.89,"mi":"E","mv":28433,"sc":1,"lpe":85.93,"lpr":600.53,"lq":1.0,"d":639857},{"pi":"423860","pc":"Продукты питания","ss":300000,"td":"Фешенебельный район","dc":1,"n":685.69,"vc":"1169109","sl":"Элитный","sv":"57000","p":2987.0,"q":29.5,"b":3.68,"ms":14.87,"wi":24.59,"ei":8.05,"as":240.41,"mi":"E","mv":383400,"sc":2,"lpe":85.13,"lpr":702.46,"lq":1.0,"d":7239150},{"pi":"423860","pc":"Продукты питания","ss":200000,"td":"Спальный район","dc":1,"n":424.31,"vc":"376284","sl":"Элитный","sv":"5","p":3500.0,"q":22.27,"b":0.0,"ms":0.0,"wi":24.59,"ei":8.05,"as":240.41,"mi":"E","mv":383400,"sc":2,"lpe":85.13,"lpr":702.46,"lq":1.0,"d":7239150},{"pi":"423860","pc":"Продукты питания","ss":100000,"td":"Центр города","dc":9,"n":482.14,"vc":"208516","sl":"Нормальный","sv":"9000","p":350.0,"q":13.53,"b":0.0,"ms":23.82,"wi":23.9,"ei":8.05,"as":1028.85,"mi":"E","mv":37790,"sc":1,"lpe":76.18,"lpr":579.79,"lq":2.14,"d":767901},{"pi":"423860","pc":"Продукты питания","ss":100000,"td":"Фешенебельный район","dc":1,"n":684.9,"vc":"179516","sl":"Элитный","sv":"3300","p":1500.0,"q":29.5,"b":3.57,"ms":15.37,"wi":10.14,"ei":3.91,"as":173.07,"mi":"E","mv":21470,"sc":1,"lpe":84.63,"lpr":549.94,"lq":1.0,"d":459445},{"pi":"423860","pc":"Продукты питания","ss":1000,"td":"Центр города","dc":1,"n":235.06,"vc":"2337","sl":"Очень высокий","sv":"3154","p":4000.0,"q":20.62,"b":0.00194039315155358,"ms":6.48,"wi":52.06,"ei":6.11,"as":520.0,"mi":"E","mv":48707,"sc":5,"lpe":92.17,"lpr":2642.11,"lq":1.0,"d":978294},{"pi":"423860","pc":"Продукты питания","ss":200,"td":"Спальный район","dc":1,"n":17.88,"vc":"231","sl":"Очень высокий","sv":"425","p":3500.0,"q":23.51,"b":0.0,"ms":0.87,"wi":52.06,"ei":6.11,"as":520.0,"mi":"E","mv":48707,"sc":5,"lpe":92.17,"lpr":2642.11,"lq":1.0,"d":978294},{"pi":"423860","pc":"Продукты питания","ss":1000,"td":"Центр города","dc":1,"n":161.46,"vc":"1544","sl":"Элитный","sv":"124","p":3500.0,"q":7.32,"b":0.0,"ms":0.25,"wi":52.06,"ei":6.11,"as":520.0,"mi":"E","mv":48707,"sc":5,"lpe":92.17,"lpr":2642.11,"lq":1.0,"d":978294},{"pi":"423860","pc":"Продукты питания","ss":1000,"td":"Центр города","dc":2,"n":113.09,"vc":"783","sl":"Элитный","sv":"100","p":2699.0,"q":8.02,"b":0.0,"ms":0.21,"wi":52.06,"ei":6.11,"as":520.0,"mi":"E","mv":48707,"sc":5,"lpe":92.17,"lpr":2642.11,"lq":1.0,"d":978294},{"pi":"423860","pc":"Продукты питания","ss":1000,"td":"Спальный район","dc":9,"n":266.59,"vc":"2094","sl":"Очень низкий","sv":"10","p":5061.26,"q":10.84,"b":1.071,"ms":0.02,"wi":52.06,"ei":6.11,"as":520.0,"mi":"E","mv":48707,"sc":5,"lpe":92.17,"lpr":2642.11,"lq":1.0,"d":978294},{"pi":"423860","pc":"Продукты питания","ss":100000,"td":"Фешенебельный район","dc":1,"n":596.81,"vc":"101856","sl":"Элитный","sv":"4715","p":3920.0,"q":20.06,"b":4.05,"ms":11.93,"wi":30.38,"ei":6.25,"as":302.75,"mi":"E","mv":39528,"sc":1,"lpe":88.07,"lpr":851.19,"lq":1.0,"d":810756},{"pi":"423860","pc":"Продукты питания","ss":100000,"td":"Фешенебельный район","dc":1,"n":679.12,"vc":"310002","sl":"Элитный","sv":"19220","p":1898.0,"q":29.01,"b":3.81,"ms":19.28,"wi":37.07,"ei":11.18,"as":369.8,"mi":"E","mv":99699,"sc":2,"lpe":70.38,"lpr":535.15,"lq":2.12,"d":2031724},{"pi":"423860","pc":"Продукты питания","ss":100000,"td":"Фешенебельный район","dc":1,"n":572.59,"vc":"111302","sl":"Элитный","sv":"10306","p":1793.0,"q":20.05,"b":4.05,"ms":10.34,"wi":37.07,"ei":11.18,"as":369.8,"mi":"E","mv":99699,"sc":2,"lpe":70.38,"lpr":535.15,"lq":2.12,"d":2031724},{"pi":"423860","pc":"Продукты питания","ss":300000,"td":"Фешенебельный район","dc":1,"n":667.05,"vc":"930122","sl":"Элитный","sv":"49000","p":3376.0,"q":29.01,"b":1.93,"ms":14.69,"wi":28.97,"ei":6.53,"as":314.5,"mi":"E","mv":333484,"sc":3,"lpe":83.02,"lpr":977.35,"lq":2.57,"d":6283054},{"pi":"423860","pc":"Продукты питания","ss":300000,"td":"Центр города","dc":1,"n":372.08,"vc":"546314","sl":"Элитный","sv":"7631","p":4000.0,"q":22.97,"b":0.0,"ms":2.29,"wi":28.97,"ei":6.53,"as":314.5,"mi":"E","mv":333484,"sc":3,"lpe":83.02,"lpr":977.35,"lq":2.57,"d":6283054},{"pi":"423860","pc":"Продукты питания","ss":270000,"td":"Центр города","dc":2,"n":328.54,"vc":"332486","sl":"Элитный","sv":"1","p":3333.0,"q":7.1,"b":0.0,"ms":0.0,"wi":28.97,"ei":6.53,"as":314.5,"mi":"E","mv":333484,"sc":3,"lpe":83.02,"lpr":977.35,"lq":2.57,"d":6283054},{"pi":"423860","pc":"Продукты питания","ss":300000,"td":"Фешенебельный район","dc":1,"n":643.27,"vc":"479133","sl":"Элитный","sv":"12000","p":6365.0,"q":26.59,"b":0.0,"ms":14.05,"wi":27.47,"ei":6.52,"as":195.06,"mi":"E","mv":85427,"sc":2,"lpe":85.95,"lpr":2459.7,"lq":1.2,"d":2027308},{"pi":"423860","pc":"Продукты питания","ss":100000,"td":"Центр города","dc":1,"n":428.58,"vc":"178564","sl":"Элитный","sv":"1","p":5800.0,"q":22.37,"b":0.0,"ms":0.0,"wi":27.47,"ei":6.52,"as":195.06,"mi":"E","mv":85427,"sc":2,"lpe":85.95,"lpr":2459.7,"lq":1.2,"d":2027308},{"pi":"423860","pc":"Продукты питания","ss":1000,"td":"Фешенебельный район","dc":1,"n":639.44,"vc":"1757","sl":"Очень высокий","sv":"2626","p":3007.0,"q":26.29,"b":3.42,"ms":10.48,"wi":27.12,"ei":9.63,"as":608.12,"mi":"E","mv":25060,"sc":1,"lpe":89.52,"lpr":830.97,"lq":1.8,"d":987916},{"pi":"423860","pc":"Продукты питания","ss":100000,"td":"Фешенебельный район","dc":2,"n":592.18,"vc":"150735","sl":"Элитный","sv":"9792","p":3648.0,"q":20.06,"b":3.59,"ms":7.47,"wi":31.84,"ei":9.4,"as":361.4,"mi":"E","mv":131066,"sc":1,"lpe":92.53,"lpr":810.14,"lq":1.47,"d":2821670},{"pi":"423860","pc":"Продукты питания","ss":300000,"td":"Фешенебельный район","dc":1,"n":644.1,"vc":"524253","sl":"Элитный","sv":"13000","p":6365.0,"q":29.01,"b":2.51,"ms":11.95,"wi":35.81,"ei":6.77,"as":248.13,"mi":"E","mv":108832,"sc":2,"lpe":80.24,"lpr":2072.92,"lq":1.15,"d":2293511},{"pi":"423860","pc":"Продукты питания","ss":200000,"td":"Центр города","dc":1,"n":350.25,"vc":"232912","sl":"Элитный","sv":"8500","p":4500.0,"q":23.5,"b":0.0,"ms":7.81,"wi":35.81,"ei":6.77,"as":248.13,"mi":"E","mv":108832,"sc":2,"lpe":80.24,"lpr":2072.92,"lq":1.15,"d":2293511},{"pi":"423860","pc":"Продукты питания","ss":100000,"td":"Фешенебельный район","dc":2,"n":588.99,"vc":"57477","sl":"Элитный","sv":"415","p":7837.0,"q":21.92,"b":1.58,"ms":8.68,"wi":50.25,"ei":7.2,"as":893.0,"mi":"E","mv":4780,"sc":1,"lpe":91.32,"lpr":2721.63,"lq":1.12,"d":195946},{"pi":"423860","pc":"Продукты питания","ss":100000,"td":"Фешенебельный район","dc":2,"n":588.98,"vc":"58064","sl":"Элитный","sv":"348","p":8079.0,"q":21.94,"b":1.58,"ms":7.07,"wi":52.05,"ei":7.7,"as":940.5,"mi":"E","mv":4921,"sc":1,"lpe":92.93,"lpr":2773.67,"lq":1.0,"d":201796},{"pi":"423860","pc":"Продукты питания","ss":300000,"td":"Фешенебельный район","dc":1,"n":681.67,"vc":"747928","sl":"Элитный","sv":"13500","p":3000.0,"q":29.5,"b":3.74,"ms":14.19,"wi":36.64,"ei":11.26,"as":482.57,"mi":"E","mv":95153,"sc":3,"lpe":77.62,"lpr":1071.55,"lq":4.01,"d":2255977},{"pi":"423860","pc":"Продукты питания","ss":100000,"td":"Центр города","dc":1,"n":485.16,"vc":"332036","sl":"Элитный","sv":"6815","p":2700.0,"q":13.05,"b":0.0,"ms":7.16,"wi":36.64,"ei":11.26,"as":482.57,"mi":"E","mv":95153,"sc":3,"lpe":77.62,"lpr":1071.55,"lq":4.01,"d":2255977},{"pi":"423860","pc":"Продукты питания","ss":100000,"td":"Центр города","dc":1,"n":444.33,"vc":"224228","sl":"Элитный","sv":"979","p":3500.0,"q":20.6,"b":0.0,"ms":1.03,"wi":36.64,"ei":11.26,"as":482.57,"mi":"E","mv":95153,"sc":3,"lpe":77.62,"lpr":1071.55,"lq":4.01,"d":2255977},{"pi":"423860","pc":"Продукты питания","ss":100000,"td":"Фешенебельный район","dc":2,"n":588.89,"vc":"62232","sl":"Элитный","sv":"508","p":8322.0,"q":21.91,"b":1.58,"ms":6.88,"wi":57.76,"ei":8.26,"as":1050.0,"mi":"E","mv":7385,"sc":2,"lpe":86.84,"lpr":2990.99,"lq":5.71,"d":246597},{"pi":"423860","pc":"Продукты питания","ss":100000,"td":"Центр города","dc":3,"n":402.03,"vc":"68799","sl":"Элитный","sv":"464","p":4930.48,"q":8.02,"b":0.0,"ms":6.28,"wi":57.76,"ei":8.26,"as":1050.0,"mi":"E","mv":7385,"sc":2,"lpe":86.84,"lpr":2990.99,"lq":5.71,"d":246597},{"pi":"423860","pc":"Продукты питания","ss":60000,"td":"Центр города","dc":1,"n":513.1,"vc":"189207","sl":"Элитный","sv":"15518","p":4000.0,"q":6.9,"b":0.0,"ms":98.57,"wi":64.98,"ei":8.46,"as":1045.0,"mi":"A","mv":15743,"sc":2,"lpe":0.0,"lpr":2407.68,"lq":1.99,"d":250038},{"pi":"423860","pc":"Продукты питания","ss":100000,"td":"Фешенебельный район","dc":2,"n":588.89,"vc":"62531","sl":"Элитный","sv":"225","p":7146.0,"q":21.9,"b":1.58,"ms":1.43,"wi":64.98,"ei":8.46,"as":1045.0,"mi":"A","mv":15743,"sc":2,"lpe":0.0,"lpr":2407.68,"lq":1.99,"d":250038},{"pi":"423860","pc":"Продукты питания","ss":100000,"td":"Фешенебельный район","dc":1,"n":682.66,"vc":"120371","sl":"Элитный","sv":"600","p":3000.0,"q":29.5,"b":3.95,"ms":14.26,"wi":23.28,"ei":13.22,"as":2097.79,"mi":"E","mv":4207,"sc":1,"lpe":85.74,"lpr":1449.15,"lq":3.13,"d":332434},{"pi":"423860","pc":"Продукты питания","ss":200000,"td":"Фешенебельный район","dc":1,"n":684.09,"vc":"660780","sl":"Элитный","sv":"4500","p":2000.0,"q":29.5,"b":4.0,"ms":14.41,"wi":21.15,"ei":11.48,"as":272.99,"mi":"E","mv":31235,"sc":1,"lpe":85.59,"lpr":789.18,"lq":1.44,"d":2580177},{"pi":"423860","pc":"Продукты питания","ss":1000,"td":"Центр города","dc":1,"n":328.76,"vc":"1768","sl":"Очень высокий","sv":"377","p":3561.0,"q":20.76,"b":0.0,"ms":7.19,"wi":39.84,"ei":5.25,"as":460.0,"mi":"E","mv":5246,"sc":2,"lpe":92.36,"lpr":1490.75,"lq":1.0,"d":97536},{"pi":"423860","pc":"Продукты питания","ss":1000,"td":"Центр города","dc":3,"n":146.02,"vc":"421","sl":"Элитный","sv":"24","p":2699.0,"q":6.24,"b":0.0,"ms":0.46,"wi":39.84,"ei":5.25,"as":460.0,"mi":"E","mv":5246,"sc":2,"lpe":92.36,"lpr":1490.75,"lq":1.0,"d":97536},{"pi":"423860","pc":"Продукты питания","ss":1000,"td":"Спальный район","dc":1,"n":293.5,"vc":"1602","sl":"Очень высокий","sv":"1235","p":4000.0,"q":15.12,"b":0.0,"ms":2.4,"wi":22.96,"ei":14.81,"as":273.81,"mi":"E","mv":51538,"sc":3,"lpe":97.4,"lpr":1611.96,"lq":1.0,"d":2553554},{"pi":"423860","pc":"Продукты питания","ss":1000,"td":"Центр города","dc":1,"n":129.15,"vc":"1268","sl":"Элитный","sv":"100","p":4200.0,"q":10.94,"b":0.0,"ms":0.19,"wi":22.96,"ei":14.81,"as":273.81,"mi":"E","mv":51538,"sc":3,"lpe":97.4,"lpr":1611.96,"lq":1.0,"d":2553554},{"pi":"423860","pc":"Продукты питания","ss":1000,"td":"Фешенебельный район","dc":2,"n":152.7,"vc":"145","sl":"Элитный","sv":"4","p":3500.0,"q":21.34,"b":0.0,"ms":0.01,"wi":22.96,"ei":14.81,"as":273.81,"mi":"E","mv":51538,"sc":3,"lpe":97.4,"lpr":1611.96,"lq":1.0,"d":2553554},{"pi":"423860","pc":"Продукты питания","ss":100000,"td":"Фешенебельный район","dc":1,"n":684.5,"vc":"188459","sl":"Элитный","sv":"3000","p":2928.0,"q":29.5,"b":3.48,"ms":14.98,"wi":20.32,"ei":4.43,"as":250.73,"mi":"E","mv":20023,"sc":1,"lpe":85.02,"lpr":573.95,"lq":1.0,"d":600363},{"pi":"423860","pc":"Продукты питания","ss":10000,"td":"Фешенебельный район","dc":1,"n":539.91,"vc":"7122","sl":"Элитный","sv":"2601","p":3202.0,"q":21.95,"b":3.18,"ms":8.31,"wi":26.12,"ei":5.63,"as":163.58,"mi":"E","mv":31306,"sc":2,"lpe":91.68,"lpr":766.95,"lq":1.0,"d":948479},{"pi":"423860","pc":"Продукты питания","ss":10000,"td":"Центр города","dc":1,"n":290.83,"vc":"11288","sl":"Элитный","sv":"3","p":3165.0,"q":10.58,"b":0.0,"ms":0.01,"wi":26.12,"ei":5.63,"as":163.58,"mi":"E","mv":31306,"sc":2,"lpe":91.68,"lpr":766.95,"lq":1.0,"d":948479},{"pi":"423860","pc":"Продукты питания","ss":200000,"td":"Фешенебельный район","dc":3,"n":474.29,"vc":"56145","sl":"Элитный","sv":"3213","p":2000.0,"q":13.57,"b":0.0,"ms":9.01,"wi":21.09,"ei":7.3,"as":398.16,"mi":"E","mv":35660,"sc":3,"lpe":84.88,"lpr":590.05,"lq":2.29,"d":820224},{"pi":"423860","pc":"Продукты питания","ss":100000,"td":"Центр города","dc":1,"n":475.65,"vc":"303212","sl":"Элитный","sv":"1984","p":2333.0,"q":16.56,"b":0.0,"ms":5.56,"wi":21.09,"ei":7.3,"as":398.16,"mi":"E","mv":35660,"sc":3,"lpe":84.88,"lpr":590.05,"lq":2.29,"d":820224},{"pi":"423860","pc":"Продукты питания","ss":200000,"td":"Центр города","dc":4,"n":556.46,"vc":"1319986","sl":"Очень низкий","sv":"195","p":2500.0,"q":15.5,"b":0.0,"ms":0.55,"wi":21.09,"ei":7.3,"as":398.16,"mi":"E","mv":35660,"sc":3,"lpe":84.88,"lpr":590.05,"lq":2.29,"d":820224},{"pi":"423860","pc":"Продукты питания","ss":100000,"td":"Спальный район","dc":2,"n":538.58,"vc":"203542","sl":"Элитный","sv":"645","p":4000.0,"q":6.96,"b":0.0,"ms":6.49,"wi":21.94,"ei":8.02,"as":540.24,"mi":"E","mv":9946,"sc":1,"lpe":93.51,"lpr":1551.63,"lq":1.0,"d":323335},{"pi":"423860","pc":"Продукты питания","ss":3000,"td":"Центр города","dc":1,"n":441.55,"vc":"5592","sl":"Элитный","sv":"500","p":4400.0,"q":15.36,"b":0.0,"ms":7.63,"wi":24.3,"ei":9.11,"as":651.15,"mi":"E","mv":6551,"sc":1,"lpe":92.37,"lpr":2225.24,"lq":1.0,"d":151798},{"pi":"423860","pc":"Продукты питания","ss":100000,"td":"Фешенебельный район","dc":1,"n":687.34,"vc":"270545","sl":"Элитный","sv":"8000","p":2313.0,"q":29.5,"b":3.84,"ms":14.63,"wi":43.53,"ei":10.13,"as":1182.11,"mi":"E","mv":54697,"sc":1,"lpe":85.37,"lpr":621.54,"lq":1.0,"d":1098710},{"pi":"423860","pc":"Продукты питания","ss":300000,"td":"Фешенебельный район","dc":1,"n":687.65,"vc":"483614","sl":"Элитный","sv":"3700","p":2000.0,"q":29.5,"b":5.0,"ms":14.76,"wi":22.05,"ei":8.06,"as":455.88,"mi":"E","mv":25066,"sc":1,"lpe":85.24,"lpr":823.06,"lq":1.21,"d":1147914},{"pi":"423860","pc":"Продукты питания","ss":10000,"td":"Фешенебельный район","dc":1,"n":613.14,"vc":"22345","sl":"Элитный","sv":"25000","p":1500.0,"q":29.5,"b":3.41,"ms":12.16,"wi":32.56,"ei":9.23,"as":456.15,"mi":"E","mv":205535,"sc":1,"lpe":87.84,"lpr":605.03,"lq":1.0,"d":3767586},{"pi":"423860","pc":"Продукты питания","ss":300000,"td":"Фешенебельный район","dc":1,"n":683.71,"vc":"739789","sl":"Элитный","sv":"14000","p":1500.0,"q":29.5,"b":3.78,"ms":12.95,"wi":29.82,"ei":6.96,"as":304.48,"mi":"E","mv":108113,"sc":1,"lpe":87.05,"lpr":577.01,"lq":1.0,"d":2067604},{"pi":"423860","pc":"Продукты питания","ss":300000,"td":"Фешенебельный район","dc":1,"n":660.38,"vc":"688827","sl":"Элитный","sv":"20000","p":1591.0,"q":26.59,"b":2.04,"ms":10.24,"wi":10.98,"ei":3.5,"as":159.25,"mi":"E","mv":195241,"sc":1,"lpe":89.76,"lpr":481.96,"lq":1.08,"d":5132798},{"pi":"423860","pc":"Продукты питания","ss":100000,"td":"Фешенебельный район","dc":1,"n":685.84,"vc":"250972","sl":"Элитный","sv":"6000","p":2434.0,"q":29.5,"b":4.4,"ms":13.7,"wi":37.26,"ei":11.73,"as":670.36,"mi":"E","mv":43783,"sc":1,"lpe":86.3,"lpr":601.01,"lq":1.0,"d":923916},{"pi":"423860","pc":"Продукты питания","ss":100000,"td":"Фешенебельный район","dc":1,"n":688.36,"vc":"222002","sl":"Элитный","sv":"4800","p":3500.0,"q":29.5,"b":4.64,"ms":14.48,"wi":52.44,"ei":11.56,"as":1499.2,"mi":"E","mv":33146,"sc":1,"lpe":85.52,"lpr":1297.48,"lq":2.97,"d":607176},{"pi":"423860","pc":"Продукты питания","ss":120000,"td":"Центр города","dc":10,"n":681.59,"vc":"527964","sl":"Низкий","sv":"6359","p":240.0,"q":12.82,"b":0.0,"ms":40.22,"wi":22.93,"ei":10.24,"as":1034.81,"mi":"E","mv":15812,"sc":1,"lpe":59.78,"lpr":88.4,"lq":1.05,"d":191772},{"pi":"423860","pc":"Продукты питания","ss":300000,"td":"Фешенебельный район","dc":1,"n":683.83,"vc":"827513","sl":"Элитный","sv":"20000","p":4976.0,"q":29.5,"b":3.84,"ms":14.46,"wi":41.0,"ei":10.98,"as":1160.85,"mi":"E","mv":138310,"sc":3,"lpe":82.97,"lpr":1502.21,"lq":3.79,"d":2838504},{"pi":"423860","pc":"Продукты питания","ss":100000,"td":"Центр города","dc":3,"n":369.0,"vc":"117770","sl":"Элитный","sv":"2549","p":3500.0,"q":12.34,"b":0.0,"ms":1.84,"wi":41.0,"ei":10.98,"as":1160.85,"mi":"E","mv":138310,"sc":3,"lpe":82.97,"lpr":1502.21,"lq":3.79,"d":2838504},{"pi":"423860","pc":"Продукты питания","ss":100000,"td":"Центр города","dc":1,"n":388.34,"vc":"141833","sl":"Элитный","sv":"1000","p":4250.0,"q":23.51,"b":0.0,"ms":0.72,"wi":41.0,"ei":10.98,"as":1160.85,"mi":"E","mv":138310,"sc":3,"lpe":82.97,"lpr":1502.21,"lq":3.79,"d":2838504},{"pi":"423860","pc":"Продукты питания","ss":300000,"td":"Фешенебельный район","dc":1,"n":682.76,"vc":"853970","sl":"Элитный","sv":"22000","p":2000.0,"q":29.5,"b":3.51,"ms":14.43,"wi":33.51,"ei":8.27,"as":568.82,"mi":"E","mv":152489,"sc":2,"lpe":84.92,"lpr":659.43,"lq":1.0,"d":3198452},{"pi":"423860","pc":"Продукты питания","ss":100500,"td":"Центр города","dc":1,"n":362.42,"vc":"173553","sl":"Элитный","sv":"1000","p":1500.0,"q":12.16,"b":0.59,"ms":0.66,"wi":33.51,"ei":8.27,"as":568.82,"mi":"E","mv":152489,"sc":2,"lpe":84.92,"lpr":659.43,"lq":1.0,"d":3198452},{"pi":"423860","pc":"Продукты питания","ss":100000,"td":"Фешенебельный район","dc":1,"n":671.08,"vc":"426184","sl":"Элитный","sv":"51000","p":1500.0,"q":29.5,"b":2.85,"ms":14.86,"wi":24.65,"ei":5.1,"as":370.0,"mi":"E","mv":343145,"sc":2,"lpe":85.14,"lpr":577.26,"lq":1.0,"d":6290840},{"pi":"423860","pc":"Продукты питания","ss":60000,"td":"Спальный район","dc":2,"n":342.06,"vc":"61968","sl":"Элитный","sv":"8","p":2000.0,"q":14.2,"b":1.68875,"ms":0.0,"wi":24.65,"ei":5.1,"as":370.0,"mi":"E","mv":343145,"sc":2,"lpe":85.14,"lpr":577.26,"lq":1.0,"d":6290840},{"pi":"423860","pc":"Продукты питания","ss":300000,"td":"Фешенебельный район","dc":1,"n":682.17,"vc":"1358977","sl":"Элитный","sv":"90000","p":1500.0,"q":29.5,"b":2.85,"ms":14.53,"wi":22.82,"ei":5.29,"as":396.9,"mi":"E","mv":619300,"sc":1,"lpe":85.47,"lpr":575.7,"lq":1.0,"d":12257756},{"pi":"423860","pc":"Продукты питания","ss":100000,"td":"Фешенебельный район","dc":1,"n":687.94,"vc":"225381","sl":"Элитный","sv":"4500","p":1500.0,"q":29.5,"b":4.4,"ms":14.91,"wi":25.95,"ei":7.02,"as":404.87,"mi":"E","mv":30186,"sc":2,"lpe":85.08,"lpr":587.17,"lq":1.0,"d":641370},{"pi":"423860","pc":"Продукты питания","ss":50000,"td":"Центр города","dc":1,"n":385.46,"vc":"47938","sl":"Элитный","sv":"5","p":2500.0,"q":14.17,"b":0.0,"ms":0.02,"wi":25.95,"ei":7.02,"as":404.87,"mi":"E","mv":30186,"sc":2,"lpe":85.08,"lpr":587.17,"lq":1.0,"d":641370},{"pi":"423860","pc":"Продукты питания","ss":10000,"td":"Центр города","dc":1,"n":591.27,"vc":"38957","sl":"Очень высокий","sv":"862","p":8510.0,"q":7.25,"b":0.0,"ms":13.92,"wi":52.66,"ei":7.94,"as":1255.34,"mi":"E","mv":6193,"sc":2,"lpe":85.05,"lpr":3770.79,"lq":1.0,"d":1491090},{"pi":"423860","pc":"Продукты питания","ss":110000,"td":"Центр города","dc":1,"n":311.37,"vc":"36870","sl":"Элитный","sv":"64","p":14290.0,"q":19.11,"b":0.0,"ms":1.03,"wi":52.66,"ei":7.94,"as":1255.34,"mi":"E","mv":6193,"sc":2,"lpe":85.05,"lpr":3770.79,"lq":1.0,"d":1491090},{"pi":"423860","pc":"Продукты питания","ss":300000,"td":"Фешенебельный район","dc":1,"n":652.08,"vc":"787889","sl":"Элитный","sv":"45000","p":1500.0,"q":29.5,"b":3.12,"ms":13.98,"wi":21.01,"ei":4.1,"as":60.01,"mi":"E","mv":321827,"sc":1,"lpe":86.02,"lpr":574.35,"lq":1.0,"d":5900000},{"pi":"423860","pc":"Продукты питания","ss":1000,"td":"Центр города","dc":1,"n":584.42,"vc":"5681","sl":"Нормальный","sv":"749","p":3496.0,"q":21.95,"b":2.94,"ms":9.95,"wi":43.74,"ei":10.04,"as":1360.0,"mi":"E","mv":7524,"sc":2,"lpe":89.69,"lpr":1351.1,"lq":2.83,"d":234090},{"pi":"423860","pc":"Продукты питания","ss":1000,"td":"Центр города","dc":1,"n":187.45,"vc":"909","sl":"Элитный","sv":"27","p":3659.0,"q":14.59,"b":0.0,"ms":0.36,"wi":43.74,"ei":10.04,"as":1360.0,"mi":"E","mv":7524,"sc":2,"lpe":89.69,"lpr":1351.1,"lq":2.83,"d":234090},{"pi":"423860","pc":"Продукты питания","ss":1000,"td":"Центр города","dc":1,"n":279.36,"vc":"1058","sl":"Элитный","sv":"2090","p":4339.0,"q":19.11,"b":0.0,"ms":98.08,"wi":37.51,"ei":9.62,"as":1479.61,"mi":"D","mv":2131,"sc":1,"lpe":0.0,"lpr":2574.62,"lq":1.32,"d":255028},{"pi":"423860","pc":"Продукты питания","ss":110000,"td":"Центр города","dc":1,"n":265.78,"vc":"28130","sl":"Элитный","sv":"16","p":11700.0,"q":19.11,"b":0.0,"ms":0.17,"wi":30.61,"ei":9.87,"as":618.95,"mi":"E","mv":9602,"sc":1,"lpe":99.83,"lpr":3003.59,"lq":1.0,"d":765755},{"pi":"423860","pc":"Продукты питания","ss":300000,"td":"Фешенебельный район","dc":1,"n":672.64,"vc":"1244411","sl":"Элитный","sv":"90000","p":1500.0,"q":29.5,"b":3.0,"ms":14.98,"wi":20.14,"ei":5.38,"as":88.25,"mi":"E","mv":600911,"sc":1,"lpe":85.02,"lpr":602.36,"lq":1.0,"d":12381354},{"pi":"423860","pc":"Продукты питания","ss":300000,"td":"Фешенебельный район","dc":1,"n":686.8,"vc":"848698","sl":"Элитный","sv":"8827","p":2840.0,"q":26.59,"b":3.59,"ms":13.24,"wi":32.5,"ei":8.75,"as":394.01,"mi":"E","mv":66679,"sc":1,"lpe":86.76,"lpr":1050.94,"lq":4.18,"d":2812406},{"pi":"423860","pc":"Продукты питания","ss":100000,"td":"Фешенебельный район","dc":1,"n":693.37,"vc":"191823","sl":"Элитный","sv":"2200","p":4781.0,"q":29.5,"b":2.89,"ms":14.49,"wi":32.14,"ei":8.54,"as":796.22,"mi":"E","mv":15188,"sc":2,"lpe":75.32,"lpr":1324.76,"lq":1.24,"d":788262},{"pi":"423860","pc":"Продукты питания","ss":110000,"td":"Центр города","dc":1,"n":221.21,"vc":"21702","sl":"Элитный","sv":"1548","p":3651.0,"q":19.11,"b":0.0,"ms":10.19,"wi":32.14,"ei":8.54,"as":796.22,"mi":"E","mv":15188,"sc":2,"lpe":75.32,"lpr":1324.76,"lq":1.24,"d":788262},{"pi":"423860","pc":"Продукты питания","ss":100000,"td":"Центр города","dc":1,"n":417.11,"vc":"146767","sl":"Элитный","sv":"12859","p":2500.0,"q":18.76,"b":0.0,"ms":15.06,"wi":49.54,"ei":10.29,"as":760.4,"mi":"E","mv":85392,"sc":3,"lpe":73.43,"lpr":1118.06,"lq":4.21,"d":1419772},{"pi":"423860","pc":"Продукты питания","ss":100000,"td":"Фешенебельный район","dc":1,"n":676.32,"vc":"266181","sl":"Элитный","sv":"9824","p":3200.0,"q":26.28,"b":2.91,"ms":11.5,"wi":49.54,"ei":10.29,"as":760.4,"mi":"E","mv":85392,"sc":3,"lpe":73.43,"lpr":1118.06,"lq":4.21,"d":1419772},{"pi":"423860","pc":"Продукты питания","ss":120000,"td":"Центр города","dc":1,"n":110.41,"vc":"12612","sl":"Элитный","sv":"3","p":3651.0,"q":19.11,"b":0.0,"ms":0.0,"wi":49.54,"ei":10.29,"as":760.4,"mi":"E","mv":85392,"sc":3,"lpe":73.43,"lpr":1118.06,"lq":4.21,"d":1419772},{"pi":"423860","pc":"Продукты питания","ss":1000,"td":"Центр города","dc":1,"n":305.27,"vc":"1101","sl":"Элитный","sv":"282","p":4213.0,"q":18.96,"b":0.0,"ms":19.97,"wi":23.8,"ei":8.16,"as":836.0,"mi":"E","mv":1412,"sc":1,"lpe":80.03,"lpr":1592.76,"lq":1.17,"d":63163},{"pi":"423860","pc":"Продукты питания","ss":300000,"td":"Фешенебельный район","dc":1,"n":655.67,"vc":"824237","sl":"Высокий","sv":"30000","p":1639.0,"q":26.28,"b":1.65,"ms":9.13,"wi":15.65,"ei":2.0,"as":55.04,"mi":"E","mv":328471,"sc":1,"lpe":90.87,"lpr":516.23,"lq":1.0,"d":6080000},{"pi":"423860","pc":"Продукты питания","ss":100000,"td":"Фешенебельный район","dc":1,"n":688.15,"vc":"304830","sl":"Элитный","sv":"13500","p":1500.0,"q":29.5,"b":3.0,"ms":15.0,"wi":17.87,"ei":4.0,"as":132.38,"mi":"E","mv":90000,"sc":1,"lpe":85.0,"lpr":604.24,"lq":1.0,"d":2159163},{"pi":"423860","pc":"Продукты питания","ss":300000,"td":"Фешенебельный район","dc":1,"n":611.17,"vc":"686465","sl":"Элитный","sv":"89242","p":2458.0,"q":29.01,"b":3.0,"ms":13.82,"wi":25.77,"ei":5.34,"as":121.56,"mi":"E","mv":645752,"sc":1,"lpe":86.18,"lpr":547.01,"lq":1.35,"d":12237176},{"pi":"423860","pc":"Продукты питания","ss":300000,"td":"Фешенебельный район","dc":1,"n":684.45,"vc":"932827","sl":"Элитный","sv":"30000","p":2779.0,"q":29.5,"b":3.0,"ms":13.98,"wi":20.86,"ei":2.5,"as":66.86,"mi":"E","mv":214664,"sc":2,"lpe":85.74,"lpr":564.16,"lq":1.0,"d":3929484},{"pi":"423860","pc":"Продукты питания","ss":11000,"td":"Центр города","dc":6,"n":236.52,"vc":"9852","sl":"Очень высокий","sv":"617","p":25.0,"q":12.09,"b":0.0,"ms":0.29,"wi":20.86,"ei":2.5,"as":66.86,"mi":"E","mv":214664,"sc":2,"lpe":85.74,"lpr":564.16,"lq":1.0,"d":3929484},{"pi":"423860","pc":"Продукты питания","ss":300000,"td":"Фешенебельный район","dc":1,"n":669.68,"vc":"964299","sl":"Низкий","sv":"17000","p":1688.0,"q":26.59,"b":1.79,"ms":9.86,"wi":8.72,"ei":1.0,"as":39.34,"mi":"E","mv":172381,"sc":1,"lpe":90.14,"lpr":439.13,"lq":1.0,"d":6480000},{"pi":"423860","pc":"Продукты питания","ss":1000,"td":"Центр города","dc":1,"n":337.31,"vc":"1167","sl":"Элитный","sv":"73","p":3497.0,"q":14.6,"b":0.0,"ms":6.25,"wi":21.24,"ei":13.5,"as":875.4,"mi":"E","mv":1168,"sc":2,"lpe":92.12,"lpr":1214.11,"lq":1.0,"d":195479},{"pi":"423860","pc":"Продукты питания","ss":1000,"td":"Центр города","dc":3,"n":316.64,"vc":"1040","sl":"Высокий","sv":"19","p":2599.0,"q":23.51,"b":0.0,"ms":1.63,"wi":21.24,"ei":13.5,"as":875.4,"mi":"E","mv":1168,"sc":2,"lpe":92.12,"lpr":1214.11,"lq":1.0,"d":195479},{"pi":"423860","pc":"Продукты питания","ss":100000,"td":"Фешенебельный район","dc":1,"n":686.5,"vc":"230577","sl":"Элитный","sv":"4900","p":1500.0,"q":29.5,"b":0.0,"ms":14.97,"wi":31.55,"ei":10.41,"as":515.82,"mi":"E","mv":32742,"sc":1,"lpe":85.03,"lpr":592.06,"lq":1.0,"d":887464},{"pi":"423860","pc":"Продукты питания","ss":300000,"td":"Фешенебельный район","dc":1,"n":667.88,"vc":"1214089","sl":"Элитный","sv":"88000","p":1500.0,"q":29.5,"b":3.04,"ms":12.22,"wi":23.07,"ei":9.0,"as":148.67,"mi":"E","mv":720423,"sc":2,"lpe":86.74,"lpr":571.83,"lq":1.0,"d":13151602},{"pi":"423860","pc":"Продукты питания","ss":110000,"td":"Центр города","dc":2,"n":359.45,"vc":"197616","sl":"Элитный","sv":"7514","p":1940.0,"q":15.29,"b":0.0,"ms":1.04,"wi":23.07,"ei":9.0,"as":148.67,"mi":"E","mv":720423,"sc":2,"lpe":86.74,"lpr":571.83,"lq":1.0,"d":13151602},{"pi":"423860","pc":"Продукты питания","ss":300000,"td":"Фешенебельный район","dc":1,"n":686.48,"vc":"1069595","sl":"Элитный","sv":"37000","p":1500.0,"q":29.5,"b":3.04,"ms":14.66,"wi":20.18,"ei":6.66,"as":92.32,"mi":"E","mv":252424,"sc":1,"lpe":85.34,"lpr":559.49,"lq":1.0,"d":5598351},{"pi":"423860","pc":"Продукты питания","ss":11100,"td":"Центр города","dc":1,"n":34.02,"vc":"828","sl":"Элитный","sv":"3","p":3950.0,"q":23.87,"b":0.0,"ms":0.05,"wi":27.26,"ei":6.2,"as":361.0,"mi":"E","mv":5859,"sc":1,"lpe":99.95,"lpr":1359.47,"lq":1.0,"d":248300},{"pi":"423860","pc":"Продукты питания","ss":300000,"td":"Фешенебельный район","dc":1,"n":690.55,"vc":"518989","sl":"Элитный","sv":"4950","p":1500.0,"q":29.5,"b":3.04,"ms":14.92,"wi":12.37,"ei":5.73,"as":82.93,"mi":"E","mv":33174,"sc":1,"lpe":85.08,"lpr":544.42,"lq":1.0,"d":840301},{"pi":"423860","pc":"Продукты питания","ss":40000,"td":"Центр города","dc":1,"n":473.29,"vc":"89793","sl":"Элитный","sv":"1000","p":3000.0,"q":15.36,"b":0.0,"ms":3.13,"wi":25.28,"ei":7.31,"as":359.2,"mi":"E","mv":31950,"sc":2,"lpe":95.64,"lpr":904.81,"lq":1.0,"d":708432},{"pi":"423860","pc":"Продукты питания","ss":100100,"td":"Фешенебельный район","dc":1,"n":413.75,"vc":"16726","sl":"Элитный","sv":"394","p":3000.0,"q":21.56,"b":0.0,"ms":1.23,"wi":25.28,"ei":7.31,"as":359.2,"mi":"E","mv":31950,"sc":2,"lpe":95.64,"lpr":904.81,"lq":1.0,"d":708432},{"pi":"423860","pc":"Продукты питания","ss":100000,"td":"Фешенебельный район","dc":1,"n":684.82,"vc":"232293","sl":"Элитный","sv":"6436","p":2634.0,"q":29.01,"b":3.18,"ms":15.8,"wi":27.73,"ei":5.96,"as":313.5,"mi":"E","mv":40742,"sc":1,"lpe":84.2,"lpr":547.46,"lq":1.55,"d":761636},{"pi":"423860","pc":"Продукты питания","ss":100000,"td":"Фешенебельный район","dc":10,"n":53.25,"vc":"1185","sl":"Элитный","sv":"14","p":3160.0,"q":7.21,"b":0.0,"ms":0.01,"wi":19.88,"ei":6.02,"as":127.25,"mi":"E","mv":110379,"sc":1,"lpe":99.99,"lpr":1146.47,"lq":1.0,"d":2750721},{"pi":"423860","pc":"Продукты питания","ss":300000,"td":"Фешенебельный район","dc":1,"n":683.39,"vc":"1216906","sl":"Элитный","sv":"44548","p":2938.0,"q":26.44,"b":3.52,"ms":9.58,"wi":37.85,"ei":8.73,"as":677.93,"mi":"E","mv":464842,"sc":2,"lpe":90.39,"lpr":735.25,"lq":2.83,"d":8646844},{"pi":"423860","pc":"Продукты питания","ss":100000,"td":"Центр города","dc":1,"n":354.48,"vc":"226882","sl":"Элитный","sv":"102","p":3000.0,"q":20.52,"b":0.0,"ms":0.02,"wi":37.85,"ei":8.73,"as":677.93,"mi":"E","mv":464842,"sc":2,"lpe":90.39,"lpr":735.25,"lq":2.83,"d":8646844},{"pi":"423860","pc":"Продукты питания","ss":1000,"td":"Центр города","dc":2,"n":218.61,"vc":"691","sl":"Элитный","sv":"15","p":2699.0,"q":8.02,"b":0.0,"ms":0.34,"wi":27.74,"ei":5.82,"as":432.12,"mi":"E","mv":4369,"sc":1,"lpe":99.66,"lpr":1629.11,"lq":1.0,"d":125000},{"pi":"423860","pc":"Продукты питания","ss":111100,"td":"Центр города","dc":1,"n":506.62,"vc":"425619","sl":"Высокий","sv":"6515","p":2964.0,"q":23.52,"b":0.0,"ms":6.11,"wi":16.74,"ei":5.63,"as":170.47,"mi":"E","mv":106586,"sc":1,"lpe":93.89,"lpr":770.97,"lq":1.0,"d":1951465},{"pi":"423860","pc":"Продукты питания","ss":100000,"td":"Фешенебельный район","dc":2,"n":588.17,"vc":"55855","sl":"Элитный","sv":"307","p":8329.0,"q":21.92,"b":1.78,"ms":6.45,"wi":56.61,"ei":8.36,"as":902.5,"mi":"E","mv":4758,"sc":1,"lpe":93.55,"lpr":2848.09,"lq":1.0,"d":184680},{"pi":"423860","pc":"Продукты питания","ss":300000,"td":"Фешенебельный район","dc":1,"n":680.68,"vc":"794347","sl":"Элитный","sv":"20000","p":2593.0,"q":29.5,"b":3.59,"ms":14.55,"wi":28.0,"ei":6.18,"as":147.24,"mi":"E","mv":137467,"sc":1,"lpe":85.45,"lpr":593.14,"lq":1.0,"d":2872874},{"pi":"423860","pc":"Продукты питания","ss":100000,"td":"Фешенебельный район","dc":1,"n":688.3,"vc":"286472","sl":"Элитный","sv":"11000","p":1500.0,"q":29.5,"b":3.52,"ms":16.0,"wi":33.21,"ei":7.99,"as":472.22,"mi":"E","mv":68747,"sc":1,"lpe":84.0,"lpr":568.04,"lq":1.0,"d":1259936},{"pi":"423860","pc":"Продукты питания","ss":100000,"td":"Фешенебельный район","dc":1,"n":673.99,"vc":"278881","sl":"Элитный","sv":"21432","p":2312.0,"q":26.69,"b":3.52,"ms":22.72,"wi":33.06,"ei":5.72,"as":380.0,"mi":"E","mv":94325,"sc":1,"lpe":77.28,"lpr":551.61,"lq":1.51,"d":1729130},{"pi":"423860","pc":"Продукты питания","ss":1000,"td":"Фешенебельный район","dc":1,"n":602.21,"vc":"1686","sl":"Очень высокий","sv":"5000","p":2000.0,"q":29.5,"b":3.12,"ms":8.81,"wi":30.39,"ei":6.8,"as":316.62,"mi":"E","mv":56748,"sc":1,"lpe":91.19,"lpr":812.81,"lq":1.0,"d":1133980},{"pi":"423860","pc":"Продукты питания","ss":150000,"td":"Фешенебельный район","dc":1,"n":676.64,"vc":"404710","sl":"Элитный","sv":"7900","p":2000.0,"q":29.5,"b":3.55,"ms":14.54,"wi":53.52,"ei":10.43,"as":1156.77,"mi":"E","mv":54345,"sc":1,"lpe":85.46,"lpr":803.5,"lq":1.0,"d":1264874},{"pi":"423860","pc":"Продукты питания","ss":100000,"td":"Фешенебельный район","dc":1,"n":648.32,"vc":"221501","sl":"Элитный","sv":"10500","p":2500.0,"q":29.5,"b":3.55,"ms":14.7,"wi":42.78,"ei":9.65,"as":844.82,"mi":"E","mv":71436,"sc":2,"lpe":85.2,"lpr":980.62,"lq":1.24,"d":1812514},{"pi":"423860","pc":"Продукты питания","ss":50000,"td":"Центр города","dc":1,"n":400.65,"vc":"78929","sl":"Элитный","sv":"74","p":3500.0,"q":14.17,"b":2.59,"ms":0.1,"wi":42.78,"ei":9.65,"as":844.82,"mi":"E","mv":71436,"sc":2,"lpe":85.2,"lpr":980.62,"lq":1.24,"d":1812514},{"pi":"423860","pc":"Продукты питания","ss":100000,"td":"Фешенебельный район","dc":1,"n":679.85,"vc":"308517","sl":"Элитный","sv":"12387","p":3958.0,"q":26.59,"b":3.19,"ms":15.13,"wi":53.29,"ei":11.63,"as":1039.25,"mi":"E","mv":81876,"sc":2,"lpe":84.04,"lpr":1097.1,"lq":3.92,"d":1964160},{"pi":"423860","pc":"Продукты питания","ss":14100,"td":"Фешенебельный район","dc":7,"n":458.65,"vc":"7386","sl":"Очень высокий","sv":"684","p":70.91,"q":11.87,"b":0.0,"ms":0.84,"wi":53.29,"ei":11.63,"as":1039.25,"mi":"E","mv":81876,"sc":2,"lpe":84.04,"lpr":1097.1,"lq":3.92,"d":1964160},{"pi":"423860","pc":"Продукты питания","ss":100000,"td":"Фешенебельный район","dc":1,"n":684.82,"vc":"280321","sl":"Элитный","sv":"5700","p":2000.0,"q":29.5,"b":3.18,"ms":11.26,"wi":28.94,"ei":6.76,"as":297.68,"mi":"E","mv":50623,"sc":1,"lpe":88.74,"lpr":817.91,"lq":1.0,"d":1302926},{"pi":"423860","pc":"Продукты питания","ss":300000,"td":"Фешенебельный район","dc":1,"n":681.07,"vc":"1069702","sl":"Элитный","sv":"48000","p":2000.0,"q":29.5,"b":3.08,"ms":12.62,"wi":33.86,"ei":10.15,"as":292.02,"mi":"E","mv":380436,"sc":2,"lpe":86.0,"lpr":690.49,"lq":1.0,"d":6376122},{"pi":"423860","pc":"Продукты питания","ss":100000,"td":"Фешенебельный район","dc":1,"n":450.82,"vc":"51501","sl":"Элитный","sv":"5251","p":2500.0,"q":18.76,"b":0.0,"ms":1.38,"wi":33.86,"ei":10.15,"as":292.02,"mi":"E","mv":380436,"sc":2,"lpe":86.0,"lpr":690.49,"lq":1.0,"d":6376122},{"pi":"423860","pc":"Продукты питания","ss":90000,"td":"Центр города","dc":2,"n":270.43,"vc":"80606","sl":"Элитный","sv":"23455","p":2650.0,"q":12.16,"b":0.0,"ms":10.3,"wi":54.32,"ei":11.9,"as":1548.35,"mi":"E","mv":227612,"sc":3,"lpe":78.79,"lpr":1692.41,"lq":7.04,"d":5522842},{"pi":"423860","pc":"Продукты питания","ss":300000,"td":"Фешенебельный район","dc":1,"n":661.65,"vc":"844105","sl":"Элитный","sv":"23321","p":5670.0,"q":26.59,"b":3.55,"ms":10.25,"wi":54.32,"ei":11.9,"as":1548.35,"mi":"E","mv":227612,"sc":3,"lpe":78.79,"lpr":1692.41,"lq":7.04,"d":5522842},{"pi":"423860","pc":"Продукты питания","ss":10000,"td":"Центр города","dc":3,"n":339.8,"vc":"22558","sl":"Высокий","sv":"1500","p":500.0,"q":13.53,"b":0.0,"ms":0.66,"wi":54.32,"ei":11.9,"as":1548.35,"mi":"E","mv":227612,"sc":3,"lpe":78.79,"lpr":1692.41,"lq":7.04,"d":5522842},{"pi":"423860","pc":"Продукты питания","ss":300000,"td":"Фешенебельный район","dc":1,"n":659.11,"vc":"1036513","sl":"Элитный","sv":"65000","p":4500.0,"q":29.5,"b":3.19,"ms":14.49,"wi":51.68,"ei":9.19,"as":1176.8,"mi":"E","mv":448513,"sc":6,"lpe":78.76,"lpr":1909.02,"lq":6.48,"d":10648221},{"pi":"423860","pc":"Продукты питания","ss":300000,"td":"Фешенебельный район","dc":4,"n":294.71,"vc":"30008","sl":"Элитный","sv":"15466","p":2000.0,"q":13.57,"b":0.0,"ms":3.45,"wi":51.68,"ei":9.19,"as":1176.8,"mi":"E","mv":448513,"sc":6,"lpe":78.76,"lpr":1909.02,"lq":6.48,"d":10648221},{"pi":"423860","pc":"Продукты питания","ss":100000,"td":"Центр города","dc":2,"n":155.45,"vc":"36000","sl":"Элитный","sv":"13000","p":2100.0,"q":12.16,"b":0.0,"ms":2.9,"wi":51.68,"ei":9.19,"as":1176.8,"mi":"E","mv":448513,"sc":6,"lpe":78.76,"lpr":1909.02,"lq":6.48,"d":10648221},{"pi":"423860","pc":"Продукты питания","ss":50000,"td":"Спальный район","dc":1,"n":287.85,"vc":"40373","sl":"Элитный","sv":"1425","p":4000.0,"q":14.8,"b":0.0,"ms":0.32,"wi":51.68,"ei":9.19,"as":1176.8,"mi":"E","mv":448513,"sc":6,"lpe":78.76,"lpr":1909.02,"lq":6.48,"d":10648221},{"pi":"423860","pc":"Продукты питания","ss":16200,"td":"Фешенебельный район","dc":7,"n":383.36,"vc":"8253","sl":"Очень высокий","sv":"325","p":81.0,"q":11.91,"b":0.0,"ms":0.07,"wi":51.68,"ei":9.19,"as":1176.8,"mi":"E","mv":448513,"sc":6,"lpe":78.76,"lpr":1909.02,"lq":6.48,"d":10648221},{"pi":"423860","pc":"Продукты питания","ss":100000,"td":"Спальный район","dc":3,"n":294.71,"vc":"68677","sl":"Элитный","sv":"32","p":4600.0,"q":12.34,"b":0.0,"ms":0.01,"wi":51.68,"ei":9.19,"as":1176.8,"mi":"E","mv":448513,"sc":6,"lpe":78.76,"lpr":1909.02,"lq":6.48,"d":10648221},{"pi":"423860","pc":"Продукты питания","ss":10000,"td":"Центр города","dc":1,"n":347.28,"vc":"16319","sl":"Элитный","sv":"5061","p":5500.0,"q":23.73,"b":0.0,"ms":5.48,"wi":27.38,"ei":6.29,"as":385.9,"mi":"E","mv":92421,"sc":1,"lpe":94.52,"lpr":1777.51,"lq":1.0,"d":1869976},{"pi":"423860","pc":"Продукты питания","ss":300000,"td":"Фешенебельный район","dc":1,"n":671.76,"vc":"1093584","sl":"Элитный","sv":"20000","p":4804.0,"q":29.5,"b":3.61,"ms":14.53,"wi":59.33,"ei":9.62,"as":1210.0,"mi":"E","mv":137649,"sc":2,"lpe":85.46,"lpr":1826.88,"lq":3.35,"d":2753006},{"pi":"423860","pc":"Продукты питания","ss":10000,"td":"Центр города","dc":1,"n":86.01,"vc":"2706","sl":"Элитный","sv":"10","p":3500.0,"q":13.75,"b":0.0,"ms":0.01,"wi":59.33,"ei":9.62,"as":1210.0,"mi":"E","mv":137649,"sc":2,"lpe":85.46,"lpr":1826.88,"lq":3.35,"d":2753006},{"pi":"423860","pc":"Продукты питания","ss":100000,"td":"Фешенебельный район","dc":1,"n":688.65,"vc":"238831","sl":"Элитный","sv":"6900","p":1500.0,"q":29.5,"b":3.52,"ms":17.03,"wi":31.97,"ei":7.27,"as":404.16,"mi":"E","mv":40520,"sc":2,"lpe":82.97,"lpr":602.37,"lq":1.0,"d":749932},{"pi":"423860","pc":"Продукты питания","ss":100000,"td":"Центр города","dc":1,"n":393.7,"vc":"93387","sl":"Элитный","sv":"2","p":1658.56,"q":4.53,"b":0.0,"ms":0.0,"wi":31.97,"ei":7.27,"as":404.16,"mi":"E","mv":40520,"sc":2,"lpe":82.97,"lpr":602.37,"lq":1.0,"d":749932},{"pi":"423860","pc":"Продукты питания","ss":300000,"td":"Фешенебельный район","dc":1,"n":661.45,"vc":"1117878","sl":"Элитный","sv":"100000","p":2000.0,"q":29.5,"b":3.18,"ms":14.36,"wi":33.04,"ei":6.88,"as":461.89,"mi":"E","mv":696244,"sc":2,"lpe":85.63,"lpr":803.68,"lq":1.0,"d":12391712},{"pi":"423860","pc":"Продукты питания","ss":10000,"td":"Фешенебельный район","dc":1,"n":221.17,"vc":"1867","sl":"Элитный","sv":"52","p":1900.0,"q":15.33,"b":0.0,"ms":0.01,"wi":33.04,"ei":6.88,"as":461.89,"mi":"E","mv":696244,"sc":2,"lpe":85.63,"lpr":803.68,"lq":1.0,"d":12391712},{"pi":"423860","pc":"Продукты питания","ss":100000,"td":"Фешенебельный район","dc":1,"n":685.84,"vc":"276702","sl":"Элитный","sv":"9000","p":1500.0,"q":29.5,"b":3.52,"ms":14.74,"wi":28.16,"ei":6.67,"as":312.56,"mi":"E","mv":61069,"sc":1,"lpe":85.26,"lpr":601.19,"lq":1.0,"d":1220860},{"pi":"423860","pc":"Продукты питания","ss":100000,"td":"Фешенебельный район","dc":2,"n":587.83,"vc":"70585","sl":"Элитный","sv":"637","p":8853.0,"q":21.92,"b":1.78,"ms":6.94,"wi":57.88,"ei":9.1,"as":1045.0,"mi":"E","mv":9178,"sc":1,"lpe":93.06,"lpr":3126.96,"lq":1.0,"d":363817},{"pi":"423860","pc":"Продукты питания","ss":200000,"td":"Фешенебельный район","dc":1,"n":686.04,"vc":"645072","sl":"Элитный","sv":"3354","p":2419.0,"q":29.01,"b":4.0,"ms":7.97,"wi":18.89,"ei":6.47,"as":194.33,"mi":"E","mv":42060,"sc":1,"lpe":92.03,"lpr":537.83,"lq":1.99,"d":1439148},{"pi":"423860","pc":"Продукты питания","ss":100000,"td":"Фешенебельный район","dc":1,"n":688.08,"vc":"166474","sl":"Элитный","sv":"1468","p":2232.0,"q":26.59,"b":3.77,"ms":10.35,"wi":33.24,"ei":7.68,"as":346.5,"mi":"E","mv":14178,"sc":1,"lpe":89.65,"lpr":536.42,"lq":1.68,"d":268812},{"pi":"423860","pc":"Продукты питания","ss":20000,"td":"Центр города","dc":1,"n":466.35,"vc":"48030","sl":"Элитный","sv":"2000","p":4500.0,"q":15.36,"b":0.0,"ms":5.38,"wi":31.95,"ei":6.2,"as":370.0,"mi":"E","mv":37160,"sc":1,"lpe":94.62,"lpr":2016.63,"lq":1.0,"d":703091},{"pi":"423860","pc":"Продукты питания","ss":10000,"td":"Центр города","dc":1,"n":390.75,"vc":"11334","sl":"Элитный","sv":"500","p":2500.0,"q":15.36,"b":0.0,"ms":4.01,"wi":20.33,"ei":6.79,"as":398.91,"mi":"E","mv":12474,"sc":1,"lpe":95.99,"lpr":1186.28,"lq":1.0,"d":318606},{"pi":"423860","pc":"Продукты питания","ss":10000,"td":"Центр города","dc":1,"n":392.76,"vc":"11377","sl":"Элитный","sv":"1000","p":4000.0,"q":15.36,"b":0.0,"ms":8.95,"wi":33.53,"ei":6.73,"as":310.0,"mi":"E","mv":11172,"sc":1,"lpe":91.05,"lpr":1594.16,"lq":1.0,"d":263984},{"pi":"423860","pc":"Продукты питания","ss":100000,"td":"Фешенебельный район","dc":1,"n":669.24,"vc":"279201","sl":"Элитный","sv":"16000","p":1500.0,"q":29.5,"b":3.87,"ms":14.95,"wi":25.53,"ei":7.54,"as":465.74,"mi":"E","mv":107005,"sc":1,"lpe":85.05,"lpr":595.6,"lq":1.0,"d":1976646},{"pi":"423860","pc":"Продукты питания","ss":100000,"td":"Фешенебельный район","dc":1,"n":682.75,"vc":"304264","sl":"Элитный","sv":"12000","p":1500.0,"q":29.5,"b":3.87,"ms":14.56,"wi":26.47,"ei":11.46,"as":520.77,"mi":"E","mv":82400,"sc":1,"lpe":85.44,"lpr":592.5,"lq":1.0,"d":1743484},{"pi":"423860","pc":"Продукты питания","ss":100000,"td":"Фешенебельный район","dc":1,"n":670.49,"vc":"339821","sl":"Элитный","sv":"25000","p":2000.0,"q":29.5,"b":3.32,"ms":13.4,"wi":30.38,"ei":5.96,"as":358.17,"mi":"E","mv":186534,"sc":1,"lpe":86.6,"lpr":734.98,"lq":1.0,"d":3347758},{"pi":"423860","pc":"Продукты питания","ss":300000,"td":"Фешенебельный район","dc":1,"n":672.47,"vc":"1325710","sl":"Элитный","sv":"178171","p":3500.0,"q":11.1,"b":0.0161393268264757,"ms":18.21,"wi":53.02,"ei":6.8,"as":488.79,"mi":"E","mv":978206,"sc":4,"lpe":67.8,"lpr":1367.37,"lq":4.37,"d":14905102},{"pi":"423860","pc":"Продукты питания","ss":300000,"td":"Фешенебельный район","dc":1,"n":627.05,"vc":"856817","sl":"Элитный","sv":"111798","p":6073.0,"q":26.46,"b":3.32,"ms":11.43,"wi":53.02,"ei":6.8,"as":488.79,"mi":"E","mv":978206,"sc":4,"lpe":67.8,"lpr":1367.37,"lq":4.37,"d":14905102},{"pi":"423860","pc":"Продукты питания","ss":200000,"td":"Спальный район","dc":4,"n":274.57,"vc":"102024","sl":"Элитный","sv":"15000","p":2050.0,"q":13.57,"b":0.0,"ms":1.53,"wi":53.02,"ei":6.8,"as":488.79,"mi":"E","mv":978206,"sc":4,"lpe":67.8,"lpr":1367.37,"lq":4.37,"d":14905102},{"pi":"423860","pc":"Продукты питания","ss":300000,"td":"Спальный район","dc":1,"n":397.38,"vc":"706996","sl":"Элитный","sv":"10000","p":3500.0,"q":22.37,"b":0.0,"ms":1.02,"wi":53.02,"ei":6.8,"as":488.79,"mi":"E","mv":978206,"sc":4,"lpe":67.8,"lpr":1367.37,"lq":4.37,"d":14905102},{"pi":"423860","pc":"Продукты питания","ss":100000,"td":"Фешенебельный район","dc":1,"n":627.41,"vc":"187132","sl":"Элитный","sv":"9196","p":2937.0,"q":26.28,"b":3.32,"ms":8.01,"wi":35.76,"ei":7.33,"as":277.72,"mi":"E","mv":114777,"sc":1,"lpe":91.99,"lpr":604.64,"lq":2.27,"d":1988574},{"pi":"423860","pc":"Продукты питания","ss":21000,"td":"Центр города","dc":1,"n":692.58,"vc":"61131","sl":"Элитный","sv":"2","p":4000.0,"q":7.64,"b":0.0,"ms":0.29,"wi":44.73,"ei":8.87,"as":310.22,"mi":"E","mv":695,"sc":1,"lpe":99.71,"lpr":2288.03,"lq":1.0,"d":1195681},{"pi":"423860","pc":"Продукты питания","ss":1000,"td":"Центр города","dc":1,"n":145.53,"vc":"1086","sl":"Очень высокий","sv":"5","p":3100.0,"q":7.27,"b":0.0,"ms":0.02,"wi":24.05,"ei":3.52,"as":299.04,"mi":"E","mv":28153,"sc":1,"lpe":99.98,"lpr":1643.37,"lq":1.0,"d":843735},{"pi":"423860","pc":"Продукты питания","ss":100000,"td":"Фешенебельный район","dc":1,"n":679.42,"vc":"310398","sl":"Элитный","sv":"16000","p":1500.0,"q":29.5,"b":3.32,"ms":12.93,"wi":30.34,"ei":5.44,"as":331.01,"mi":"E","mv":123717,"sc":2,"lpe":75.24,"lpr":504.1,"lq":1.87,"d":2022290},{"pi":"423860","pc":"Продукты питания","ss":100000,"td":"Фешенебельный район","dc":1,"n":592.18,"vc":"134148","sl":"Элитный","sv":"14632","p":2179.0,"q":20.04,"b":3.81,"ms":11.83,"wi":30.34,"ei":5.44,"as":331.01,"mi":"E","mv":123717,"sc":2,"lpe":75.24,"lpr":504.1,"lq":1.87,"d":2022290},{"pi":"423860","pc":"Продукты питания","ss":100000,"td":"Фешенебельный район","dc":1,"n":687.66,"vc":"244096","sl":"Элитный","sv":"5400","p":1500.0,"q":29.5,"b":3.19,"ms":12.59,"wi":42.51,"ei":10.41,"as":1149.11,"mi":"E","mv":42906,"sc":2,"lpe":84.83,"lpr":597.61,"lq":1.0,"d":811736},{"pi":"423860","pc":"Продукты питания","ss":110000,"td":"Центр города","dc":1,"n":330.89,"vc":"56482","sl":"Элитный","sv":"1109","p":1800.0,"q":22.32,"b":0.0,"ms":2.58,"wi":42.51,"ei":10.41,"as":1149.11,"mi":"E","mv":42906,"sc":2,"lpe":84.83,"lpr":597.61,"lq":1.0,"d":811736},{"pi":"423860","pc":"Продукты питания","ss":100000,"td":"Фешенебельный район","dc":1,"n":681.79,"vc":"287437","sl":"Элитный","sv":"12000","p":2714.0,"q":29.5,"b":3.32,"ms":14.89,"wi":28.87,"ei":5.85,"as":278.13,"mi":"E","mv":80578,"sc":1,"lpe":85.11,"lpr":606.65,"lq":1.0,"d":1521421},{"pi":"423860","pc":"Продукты питания","ss":1000,"td":"Центр города","dc":1,"n":232.58,"vc":"1216","sl":"Элитный","sv":"2249","p":1894.68,"q":6.82,"b":0.0,"ms":27.77,"wi":41.09,"ei":6.66,"as":556.5,"mi":"E","mv":8099,"sc":3,"lpe":67.48,"lpr":1488.98,"lq":1.38,"d":157411},{"pi":"423860","pc":"Продукты питания","ss":1000,"td":"Центр города","dc":1,"n":295.08,"vc":"1730","sl":"Очень высокий","sv":"365","p":3667.0,"q":20.73,"b":0.0,"ms":4.51,"wi":41.09,"ei":6.66,"as":556.5,"mi":"E","mv":8099,"sc":3,"lpe":67.48,"lpr":1488.98,"lq":1.38,"d":157411},{"pi":"423860","pc":"Продукты питания","ss":1000,"td":"Центр города","dc":2,"n":197.04,"vc":"664","sl":"Элитный","sv":"20","p":2699.0,"q":8.02,"b":0.0,"ms":0.25,"wi":41.09,"ei":6.66,"as":556.5,"mi":"E","mv":8099,"sc":3,"lpe":67.48,"lpr":1488.98,"lq":1.38,"d":157411},{"pi":"423860","pc":"Продукты питания","ss":100000,"td":"Фешенебельный район","dc":1,"n":685.9,"vc":"298393","sl":"Элитный","sv":"12180","p":2726.0,"q":27.61,"b":3.32,"ms":15.06,"wi":26.84,"ei":6.38,"as":236.14,"mi":"E","mv":80877,"sc":1,"lpe":84.94,"lpr":548.3,"lq":1.02,"d":1512204},{"pi":"423860","pc":"Продукты питания","ss":1000,"td":"Центр города","dc":2,"n":535.53,"vc":"5749","sl":"Низкий","sv":"773","p":3500.0,"q":15.3,"b":0.0,"ms":4.49,"wi":36.79,"ei":5.82,"as":480.0,"mi":"E","mv":17203,"sc":2,"lpe":95.19,"lpr":1838.77,"lq":1.0,"d":322196},{"pi":"423860","pc":"Продукты питания","ss":1000,"td":"Центр города","dc":2,"n":162.87,"vc":"703","sl":"Элитный","sv":"55","p":2699.0,"q":7.44,"b":0.0,"ms":0.32,"wi":36.79,"ei":5.82,"as":480.0,"mi":"E","mv":17203,"sc":2,"lpe":95.19,"lpr":1838.77,"lq":1.0,"d":322196},{"pi":"423860","pc":"Продукты питания","ss":1000,"td":"Центр города","dc":1,"n":158.24,"vc":"1236","sl":"Элитный","sv":"791","p":3798.0,"q":17.29,"b":0.0,"ms":2.73,"wi":47.6,"ei":6.53,"as":535.5,"mi":"E","mv":28923,"sc":5,"lpe":93.61,"lpr":1838.99,"lq":5.09,"d":545501},{"pi":"423860","pc":"Продукты питания","ss":1000,"td":"Центр города","dc":1,"n":558.1,"vc":"7850","sl":"Низкий","sv":"601","p":4000.0,"q":15.35,"b":0.0,"ms":2.08,"wi":47.6,"ei":6.53,"as":535.5,"mi":"E","mv":28923,"sc":5,"lpe":93.61,"lpr":1838.99,"lq":5.09,"d":545501},{"pi":"423860","pc":"Продукты питания","ss":1000,"td":"Центр города","dc":1,"n":494.51,"vc":"8228","sl":"Низкий","sv":"397","p":3100.0,"q":11.19,"b":0.0,"ms":1.37,"wi":47.6,"ei":6.53,"as":535.5,"mi":"E","mv":28923,"sc":5,"lpe":93.61,"lpr":1838.99,"lq":5.09,"d":545501},{"pi":"423860","pc":"Продукты питания","ss":1000,"td":"Центр города","dc":2,"n":141.73,"vc":"750","sl":"Элитный","sv":"50","p":2699.0,"q":8.02,"b":0.0,"ms":0.17,"wi":47.6,"ei":6.53,"as":535.5,"mi":"E","mv":28923,"sc":5,"lpe":93.61,"lpr":1838.99,"lq":5.09,"d":545501},{"pi":"423860","pc":"Продукты питания","ss":1000,"td":"Центр города","dc":1,"n":37.64,"vc":"417","sl":"Элитный","sv":"8","p":4750.0,"q":14.59,"b":0.0,"ms":0.03,"wi":47.6,"ei":6.53,"as":535.5,"mi":"E","mv":28923,"sc":5,"lpe":93.61,"lpr":1838.99,"lq":5.09,"d":545501},{"pi":"423860","pc":"Продукты питания","ss":300000,"td":"Фешенебельный район","dc":2,"n":686.85,"vc":"721545","sl":"Элитный","sv":"2155","p":3900.0,"q":22.97,"b":0.0,"ms":10.55,"wi":66.9,"ei":9.5,"as":1140.0,"mi":"E","mv":20434,"sc":3,"lpe":87.12,"lpr":1331.37,"lq":2.29,"d":554576},{"pi":"423860","pc":"Продукты питания","ss":100000,"td":"Фешенебельный район","dc":2,"n":627.49,"vc":"119781","sl":"Элитный","sv":"265","p":4118.0,"q":21.2,"b":2.66,"ms":1.3,"wi":66.9,"ei":9.5,"as":1140.0,"mi":"E","mv":20434,"sc":3,"lpe":87.12,"lpr":1331.37,"lq":2.29,"d":554576},{"pi":"423860","pc":"Продукты питания","ss":50000,"td":"Центр города","dc":1,"n":477.21,"vc":"154448","sl":"Элитный","sv":"212","p":3000.0,"q":7.2,"b":0.0,"ms":1.04,"wi":66.9,"ei":9.5,"as":1140.0,"mi":"E","mv":20434,"sc":3,"lpe":87.12,"lpr":1331.37,"lq":2.29,"d":554576},{"pi":"423860","pc":"Продукты питания","ss":100000,"td":"Фешенебельный район","dc":2,"n":601.97,"vc":"108643","sl":"Элитный","sv":"3123","p":4979.0,"q":21.06,"b":2.66,"ms":8.18,"wi":75.65,"ei":9.62,"as":1187.5,"mi":"E","mv":38163,"sc":1,"lpe":91.82,"lpr":1890.72,"lq":1.0,"d":845966},{"pi":"423860","pc":"Продукты питания","ss":300000,"td":"Фешенебельный район","dc":1,"n":687.94,"vc":"656093","sl":"Элитный","sv":"15929","p":3351.0,"q":28.76,"b":4.1,"ms":24.33,"wi":57.59,"ei":9.91,"as":1400.0,"mi":"E","mv":65462,"sc":3,"lpe":65.05,"lpr":1199.86,"lq":5.14,"d":1306224},{"pi":"423860","pc":"Продукты питания","ss":100100,"td":"Центр города","dc":1,"n":265.98,"vc":"50030","sl":"Элитный","sv":"5586","p":2200.0,"q":12.16,"b":0.0,"ms":8.53,"wi":57.59,"ei":9.91,"as":1400.0,"mi":"E","mv":65462,"sc":3,"lpe":65.05,"lpr":1199.86,"lq":5.14,"d":1306224},{"pi":"423860","pc":"Продукты питания","ss":100000,"td":"Фешенебельный район","dc":2,"n":586.17,"vc":"108655","sl":"Элитный","sv":"1364","p":3264.0,"q":21.41,"b":2.66,"ms":2.08,"wi":57.59,"ei":9.91,"as":1400.0,"mi":"E","mv":65462,"sc":3,"lpe":65.05,"lpr":1199.86,"lq":5.14,"d":1306224},{"pi":"423860","pc":"Продукты питания","ss":200000,"td":"Фешенебельный район","dc":1,"n":511.0,"vc":"53048","sl":"Элитный","sv":"514","p":5200.0,"q":23.62,"b":0.0,"ms":4.76,"wi":23.93,"ei":7.04,"as":583.35,"mi":"E","mv":10800,"sc":1,"lpe":95.24,"lpr":1068.94,"lq":1.0,"d":362147},{"pi":"423860","pc":"Продукты питания","ss":140000,"td":"Центр города","dc":2,"n":458.36,"vc":"171266","sl":"Очень высокий","sv":"482","p":2500.0,"q":9.07,"b":0.0,"ms":9.62,"wi":21.99,"ei":7.44,"as":577.37,"mi":"E","mv":5010,"sc":1,"lpe":90.38,"lpr":819.97,"lq":1.66,"d":158229},{"pi":"423860","pc":"Продукты питания","ss":1000,"td":"Центр города","dc":1,"n":314.98,"vc":"1749","sl":"Очень высокий","sv":"278","p":3460.0,"q":20.2,"b":0.0,"ms":7.35,"wi":32.38,"ei":6.45,"as":502.74,"mi":"E","mv":3780,"sc":2,"lpe":92.25,"lpr":1438.66,"lq":1.0,"d":117760},{"pi":"423860","pc":"Продукты питания","ss":1000,"td":"Центр города","dc":2,"n":214.52,"vc":"662","sl":"Элитный","sv":"15","p":2699.0,"q":8.02,"b":0.0,"ms":0.4,"wi":32.38,"ei":6.45,"as":502.74,"mi":"E","mv":3780,"sc":2,"lpe":92.25,"lpr":1438.66,"lq":1.0,"d":117760},{"pi":"423860","pc":"Продукты питания","ss":1000,"td":"Центр города","dc":2,"n":203.49,"vc":"658","sl":"Очень высокий","sv":"60","p":2699.0,"q":8.02,"b":0.0,"ms":0.85,"wi":39.51,"ei":5.45,"as":500.0,"mi":"E","mv":7075,"sc":1,"lpe":99.15,"lpr":1922.97,"lq":1.0,"d":138536},{"pi":"423860","pc":"Продукты питания","ss":1000,"td":"Центр города","dc":1,"n":262.67,"vc":"1316","sl":"Элитный","sv":"220","p":3769.0,"q":21.41,"b":0.0,"ms":5.6,"wi":27.75,"ei":5.63,"as":423.34,"mi":"E","mv":3930,"sc":3,"lpe":94.12,"lpr":1559.48,"lq":1.0,"d":121500},{"pi":"423860","pc":"Продукты питания","ss":1000,"td":"Центр города","dc":2,"n":212.85,"vc":"663","sl":"Элитный","sv":"9","p":2999.0,"q":8.02,"b":0.0,"ms":0.23,"wi":27.75,"ei":5.63,"as":423.34,"mi":"E","mv":3930,"sc":3,"lpe":94.12,"lpr":1559.48,"lq":1.0,"d":121500},{"pi":"423860","pc":"Продукты питания","ss":500,"td":"Центр города","dc":1,"n":58.64,"vc":"201","sl":"Элитный","sv":"2","p":4096.67,"q":12.14,"b":0.0,"ms":0.05,"wi":27.75,"ei":5.63,"as":423.34,"mi":"E","mv":3930,"sc":3,"lpe":94.12,"lpr":1559.48,"lq":1.0,"d":121500},{"pi":"423860","pc":"Продукты питания","ss":1000,"td":"Центр города","dc":1,"n":247.36,"vc":"1287","sl":"Элитный","sv":"291","p":3768.0,"q":18.9,"b":0.0,"ms":6.22,"wi":31.73,"ei":6.43,"as":492.27,"mi":"E","mv":4681,"sc":2,"lpe":93.59,"lpr":1634.13,"lq":1.0,"d":145874},{"pi":"423860","pc":"Продукты питания","ss":1000,"td":"Центр города","dc":2,"n":203.38,"vc":"670","sl":"Элитный","sv":"9","p":2999.0,"q":7.07,"b":0.0,"ms":0.19,"wi":31.73,"ei":6.43,"as":492.27,"mi":"E","mv":4681,"sc":2,"lpe":93.59,"lpr":1634.13,"lq":1.0,"d":145874},{"pi":"423860","pc":"Продукты питания","ss":1000,"td":"Центр города","dc":2,"n":204.36,"vc":"657","sl":"Элитный","sv":"14","p":2699.0,"q":8.02,"b":0.0,"ms":0.19,"wi":37.73,"ei":5.54,"as":480.0,"mi":"E","mv":7231,"sc":2,"lpe":99.74,"lpr":1894.38,"lq":1.0,"d":136206},{"pi":"423860","pc":"Продукты питания","ss":1000,"td":"Центр города","dc":1,"n":159.95,"vc":"768","sl":"Элитный","sv":"5","p":5000.0,"q":12.28,"b":0.0,"ms":0.07,"wi":37.73,"ei":5.54,"as":480.0,"mi":"E","mv":7231,"sc":2,"lpe":99.74,"lpr":1894.38,"lq":1.0,"d":136206},{"pi":"423860","pc":"Продукты питания","ss":100000,"td":"Фешенебельный район","dc":1,"n":673.52,"vc":"223246","sl":"Элитный","sv":"5650","p":2675.0,"q":26.59,"b":3.07,"ms":9.56,"wi":52.27,"ei":6.17,"as":538.8,"mi":"E","mv":59083,"sc":2,"lpe":82.86,"lpr":527.58,"lq":1.97,"d":927421},{"pi":"423860","pc":"Продукты питания","ss":10000,"td":"Центр города","dc":1,"n":472.09,"vc":"32134","sl":"Очень высокий","sv":"4477","p":1975.0,"q":21.94,"b":4.34,"ms":7.58,"wi":52.27,"ei":6.17,"as":538.8,"mi":"E","mv":59083,"sc":2,"lpe":82.86,"lpr":527.58,"lq":1.97,"d":927421},{"pi":"423860","pc":"Продукты питания","ss":100000,"td":"Фешенебельный район","dc":1,"n":684.11,"vc":"345754","sl":"Элитный","sv":"19840","p":2618.0,"q":29.01,"b":3.69,"ms":14.7,"wi":21.39,"ei":8.99,"as":227.42,"mi":"E","mv":134924,"sc":1,"lpe":85.3,"lpr":542.42,"lq":1.0,"d":2557429},{"pi":"423860","pc":"Продукты питания","ss":1000,"td":"Спальный район","dc":2,"n":173.3,"vc":"328","sl":"Элитный","sv":"13","p":2699.0,"q":6.93,"b":0.0,"ms":0.48,"wi":29.98,"ei":5.7,"as":438.9,"mi":"E","mv":2730,"sc":1,"lpe":99.52,"lpr":1430.14,"lq":1.0,"d":70301},{"pi":"423860","pc":"Продукты питания","ss":1000,"td":"Центр города","dc":2,"n":244.48,"vc":"677","sl":"Очень высокий","sv":"15","p":2699.0,"q":8.02,"b":0.0,"ms":0.53,"wi":31.65,"ei":5.58,"as":448.88,"mi":"E","mv":2836,"sc":1,"lpe":99.47,"lpr":1688.59,"lq":1.0,"d":77500},{"pi":"423860","pc":"Продукты питания","ss":1000,"td":"Центр города","dc":1,"n":327.73,"vc":"1767","sl":"Очень высокий","sv":"243","p":3664.0,"q":18.35,"b":0.0,"ms":6.94,"wi":31.15,"ei":5.71,"as":458.85,"mi":"E","mv":3501,"sc":2,"lpe":92.63,"lpr":1490.77,"lq":1.0,"d":98800},{"pi":"423860","pc":"Продукты питания","ss":1000,"td":"Центр города","dc":2,"n":231.19,"vc":"683","sl":"Элитный","sv":"15","p":2599.0,"q":8.02,"b":0.0,"ms":0.43,"wi":31.15,"ei":5.71,"as":458.85,"mi":"E","mv":3501,"sc":2,"lpe":92.63,"lpr":1490.77,"lq":1.0,"d":98800},{"pi":"423860","pc":"Продукты питания","ss":300000,"td":"Фешенебельный район","dc":1,"n":672.38,"vc":"1012713","sl":"Элитный","sv":"51000","p":1500.0,"q":29.5,"b":3.12,"ms":14.67,"wi":27.63,"ei":5.96,"as":119.21,"mi":"E","mv":347706,"sc":1,"lpe":85.33,"lpr":572.79,"lq":1.0,"d":6921520},{"pi":"423860","pc":"Продукты питания","ss":1000,"td":"Центр города","dc":2,"n":348.11,"vc":"2014","sl":"Высокий","sv":"100","p":2800.0,"q":23.51,"b":0.0,"ms":2.73,"wi":27.7,"ei":5.76,"as":435.91,"mi":"E","mv":3666,"sc":2,"lpe":96.86,"lpr":1643.28,"lq":1.0,"d":103516},{"pi":"423860","pc":"Продукты питания","ss":1000,"td":"Центр города","dc":2,"n":228.67,"vc":"685","sl":"Элитный","sv":"15","p":2699.0,"q":8.02,"b":0.0,"ms":0.41,"wi":27.7,"ei":5.76,"as":435.91,"mi":"E","mv":3666,"sc":2,"lpe":96.86,"lpr":1643.28,"lq":1.0,"d":103516},{"pi":"423860","pc":"Продукты питания","ss":300000,"td":"Фешенебельный район","dc":1,"n":667.69,"vc":"1031640","sl":"Элитный","sv":"40000","p":1126.0,"q":6.97,"b":0.0,"ms":9.94,"wi":14.21,"ei":4.63,"as":63.92,"mi":"E","mv":402276,"sc":1,"lpe":90.06,"lpr":549.49,"lq":1.0,"d":9330769},{"pi":"423860","pc":"Продукты питания","ss":300000,"td":"Фешенебельный район","dc":1,"n":663.52,"vc":"944911","sl":"Элитный","sv":"30000","p":1688.0,"q":29.01,"b":1.93,"ms":7.65,"wi":15.23,"ei":2.0,"as":51.08,"mi":"E","mv":391977,"sc":1,"lpe":92.35,"lpr":514.59,"lq":1.0,"d":7243000},{"pi":"423860","pc":"Продукты питания","ss":100000,"td":"Фешенебельный район","dc":1,"n":624.18,"vc":"62774","sl":"Очень высокий","sv":"5","p":1500.0,"q":13.57,"b":0.0,"ms":0.4,"wi":9.05,"ei":4.73,"as":94.76,"mi":"E","mv":1250,"sc":1,"lpe":99.6,"lpr":548.87,"lq":1.0,"d":95880},{"pi":"423860","pc":"Продукты питания","ss":100000,"td":"Фешенебельный район","dc":1,"n":681.3,"vc":"324102","sl":"Элитный","sv":"17500","p":1500.0,"q":29.5,"b":3.12,"ms":14.76,"wi":14.15,"ei":4.51,"as":59.09,"mi":"E","mv":118525,"sc":1,"lpe":85.24,"lpr":539.95,"lq":1.0,"d":2172800},{"pi":"423860","pc":"Продукты питания","ss":20000,"td":"Центр города","dc":1,"n":473.8,"vc":"49152","sl":"Элитный","sv":"2000","p":7000.0,"q":15.36,"b":2.18,"ms":7.14,"wi":41.6,"ei":7.73,"as":661.87,"mi":"E","mv":27992,"sc":1,"lpe":92.86,"lpr":3080.92,"lq":1.0,"d":633388},{"pi":"423860","pc":"Продукты питания","ss":300000,"td":"Фешенебельный район","dc":1,"n":671.84,"vc":"1076018","sl":"Элитный","sv":"67000","p":1600.0,"q":29.5,"b":3.12,"ms":14.7,"wi":20.91,"ei":3.8,"as":57.25,"mi":"E","mv":455648,"sc":1,"lpe":85.3,"lpr":601.1,"lq":1.0,"d":8353384},{"pi":"423860","pc":"Продукты питания","ss":100000,"td":"Фешенебельный район","dc":1,"n":684.87,"vc":"208830","sl":"Элитный","sv":"4200","p":1500.0,"q":29.5,"b":3.07,"ms":12.6,"wi":32.47,"ei":6.41,"as":544.52,"mi":"E","mv":33329,"sc":2,"lpe":80.88,"lpr":579.97,"lq":1.0,"d":561077},{"pi":"423860","pc":"Продукты питания","ss":110000,"td":"Спальный район","dc":2,"n":244.14,"vc":"24028","sl":"Элитный","sv":"2172","p":1500.0,"q":15.54,"b":0.0,"ms":6.52,"wi":32.47,"ei":6.41,"as":544.52,"mi":"E","mv":33329,"sc":2,"lpe":80.88,"lpr":579.97,"lq":1.0,"d":561077}]