[{"pi":"422212","pc":"Электроника","ss":300000,"td":"Центр города","dc":3,"n":512.36,"vc":"824918","sl":"Очень высокий","sv":"8000","p":35000.0,"q":37.75,"b":0.45,"ms":16.97,"wi":111.79,"ei":9.38,"as":485.89,"mi":"E","mv":47140,"sc":1,"lpe":83.03,"lpr":7445.68,"lq":5.15,"d":1379868},{"pi":"422212","pc":"Электроника","ss":100000,"td":"Фешенебельный район","dc":1,"n":599.88,"vc":"198306","sl":"Элитный","sv":"4497","p":53000.0,"q":27.05,"b":5.12,"ms":22.94,"wi":86.76,"ei":10.0,"as":400.1,"mi":"E","mv":19600,"sc":3,"lpe":77.03,"lpr":5974.83,"lq":6.79,"d":1569734},{"pi":"422212","pc":"Электроника","ss":100000,"td":"Центр города","dc":7,"n":406.18,"vc":"136854","sl":"Высокий","sv":"3","p":25200.0,"q":12.37,"b":0.0,"ms":0.02,"wi":86.76,"ei":10.0,"as":400.1,"mi":"E","mv":19600,"sc":3,"lpe":77.03,"lpr":5974.83,"lq":6.79,"d":1569734},{"pi":"422212","pc":"Электроника","ss":10000,"td":"Центр города","dc":4,"n":309.41,"vc":"11600","sl":"Очень высокий","sv":"2","p":48215.7,"q":19.71,"b":0.0,"ms":0.01,"wi":86.76,"ei":10.0,"as":400.1,"mi":"E","mv":19600,"sc":3,"lpe":77.03,"lpr":5974.83,"lq":6.79,"d":1569734},{"pi":"422212","pc":"Электроника","ss":100000,"td":"Центр города","dc":3,"n":448.85,"vc":"167635","sl":"Очень высокий","sv":"10141","p":30000.0,"q":37.75,"b":0.0,"ms":100.0,"wi":76.17,"ei":9.31,"as":476.76,"mi":"A","mv":10141,"sc":1,"lpe":0.0,"lpr":11132.16,"lq":1.8,"d":871633},{"pi":"422212","pc":"Электроника","ss":13500,"td":"Фешенебельный район","dc":1,"n":435.39,"vc":"2001","sl":"Элитный","sv":"23","p":30190.56,"q":32.8,"b":0.4,"ms":11.0,"wi":26.95,"ei":4.07,"as":333.47,"mi":"E","mv":209,"sc":1,"lpe":89.0,"lpr":2658.15,"lq":1.68,"d":104057},{"pi":"422212","pc":"Электроника","ss":100000,"td":"Центр города","dc":1,"n":262.0,"vc":"40262","sl":"Элитный","sv":"3174","p":45000.0,"q":34.93,"b":0.891666666666667,"ms":6.01,"wi":71.26,"ei":9.58,"as":569.21,"mi":"E","mv":52838,"sc":1,"lpe":93.99,"lpr":10119.02,"lq":1.0,"d":2499810},{"pi":"422212","pc":"Электроника","ss":100000,"td":"Центр города","dc":1,"n":425.37,"vc":"308154","sl":"Элитный","sv":"2000","p":12000.0,"q":44.02,"b":0.0,"ms":3.25,"wi":57.18,"ei":9.78,"as":414.59,"mi":"E","mv":61502,"sc":1,"lpe":96.75,"lpr":6172.11,"lq":1.0,"d":2957344},{"pi":"422212","pc":"Электроника","ss":30000,"td":"Центр города","dc":2,"n":230.55,"vc":"8476","sl":"Элитный","sv":"417","p":38000.0,"q":28.32,"b":0.0182014388489209,"ms":16.28,"wi":67.81,"ei":9.19,"as":372.84,"mi":"E","mv":2562,"sc":2,"lpe":79.82,"lpr":5240.83,"lq":3.74,"d":695223},{"pi":"422212","pc":"Электроника","ss":10000,"td":"Фешенебельный район","dc":1,"n":485.91,"vc":"6682","sl":"Элитный","sv":"100","p":14100.0,"q":22.16,"b":0.0,"ms":3.9,"wi":67.81,"ei":9.19,"as":372.84,"mi":"E","mv":2562,"sc":2,"lpe":79.82,"lpr":5240.83,"lq":3.74,"d":695223},{"pi":"422212","pc":"Электроника","ss":100000,"td":"Центр города","dc":1,"n":609.9,"vc":"938058","sl":"Высокий","sv":"850","p":5110.95,"q":44.02,"b":0.0,"ms":7.16,"wi":38.77,"ei":13.45,"as":254.51,"mi":"E","mv":11873,"sc":1,"lpe":92.84,"lpr":3452.62,"lq":1.0,"d":1811306},{"pi":"422212","pc":"Электроника","ss":100000,"td":"Центр города","dc":1,"n":514.55,"vc":"283197","sl":"Элитный","sv":"4000","p":20000.0,"q":36.95,"b":6.71,"ms":21.98,"wi":108.89,"ei":6.9,"as":793.8,"mi":"E","mv":18200,"sc":3,"lpe":72.14,"lpr":9331.17,"lq":1.42,"d":638590},{"pi":"422212","pc":"Электроника","ss":1000,"td":"Центр города","dc":1,"n":51.95,"vc":"478","sl":"Элитный","sv":"674","p":12100.0,"q":16.37,"b":0.0,"ms":3.7,"wi":108.89,"ei":6.9,"as":793.8,"mi":"E","mv":18200,"sc":3,"lpe":72.14,"lpr":9331.17,"lq":1.42,"d":638590},{"pi":"422212","pc":"Электроника","ss":1000,"td":"Центр города","dc":2,"n":52.73,"vc":"480","sl":"Элитный","sv":"396","p":12000.0,"q":7.76,"b":0.0,"ms":2.18,"wi":108.89,"ei":6.9,"as":793.8,"mi":"E","mv":18200,"sc":3,"lpe":72.14,"lpr":9331.17,"lq":1.42,"d":638590},{"pi":"422212","pc":"Электроника","ss":400,"td":"Центр города","dc":1,"n":35.65,"vc":"382","sl":"Элитный","sv":"51","p":30000.0,"q":25.09,"b":0.0,"ms":0.09,"wi":67.3,"ei":14.34,"as":847.07,"mi":"E","mv":58672,"sc":1,"lpe":99.91,"lpr":7015.93,"lq":1.0,"d":1641067},{"pi":"422212","pc":"Электроника","ss":1000,"td":"Фешенебельный район","dc":1,"n":535.94,"vc":"1254","sl":"Элитный","sv":"10","p":45000.0,"q":20.01,"b":0.0,"ms":0.15,"wi":148.38,"ei":9.3,"as":1256.62,"mi":"E","mv":6687,"sc":1,"lpe":99.85,"lpr":33252.95,"lq":1.0,"d":932960},{"pi":"422212","pc":"Электроника","ss":100000,"td":"Центр города","dc":1,"n":476.74,"vc":"229956","sl":"Элитный","sv":"7000","p":30000.0,"q":36.95,"b":6.71,"ms":20.15,"wi":138.85,"ei":7.1,"as":871.5,"mi":"E","mv":34742,"sc":3,"lpe":78.93,"lpr":14320.43,"lq":1.56,"d":995186},{"pi":"422212","pc":"Электроника","ss":6000,"td":"Фешенебельный район","dc":1,"n":487.17,"vc":"3718","sl":"Элитный","sv":"274","p":20000.0,"q":33.15,"b":0.0,"ms":0.79,"wi":138.85,"ei":7.1,"as":871.5,"mi":"E","mv":34742,"sc":3,"lpe":78.93,"lpr":14320.43,"lq":1.56,"d":995186},{"pi":"422212","pc":"Электроника","ss":100000,"td":"Центр города","dc":1,"n":451.66,"vc":"271023","sl":"Элитный","sv":"46","p":18500.0,"q":14.36,"b":0.0,"ms":0.13,"wi":138.85,"ei":7.1,"as":871.5,"mi":"E","mv":34742,"sc":3,"lpe":78.93,"lpr":14320.43,"lq":1.56,"d":995186},{"pi":"422212","pc":"Электроника","ss":100000,"td":"Центр города","dc":1,"n":572.06,"vc":"392034","sl":"Элитный","sv":"2200","p":20000.0,"q":36.95,"b":6.71,"ms":17.54,"wi":126.51,"ei":6.93,"as":840.0,"mi":"E","mv":12541,"sc":1,"lpe":82.46,"lpr":12860.14,"lq":1.09,"d":340778},{"pi":"422212","pc":"Электроника","ss":100000,"td":"Центр города","dc":1,"n":575.26,"vc":"399088","sl":"Элитный","sv":"2400","p":20000.0,"q":36.95,"b":6.71,"ms":20.01,"wi":116.11,"ei":6.51,"as":850.5,"mi":"E","mv":11992,"sc":1,"lpe":79.99,"lpr":13018.99,"lq":1.07,"d":381446},{"pi":"422212","pc":"Электроника","ss":100000,"td":"Центр города","dc":1,"n":432.89,"vc":"206961","sl":"Элитный","sv":"2985","p":9000.69,"q":30.49,"b":3.77,"ms":3.74,"wi":118.08,"ei":8.66,"as":606.26,"mi":"E","mv":79823,"sc":1,"lpe":96.26,"lpr":5567.46,"lq":1.0,"d":2622029},{"pi":"422212","pc":"Электроника","ss":100000,"td":"Центр города","dc":1,"n":428.37,"vc":"240285","sl":"Элитный","sv":"1900","p":22000.01,"q":30.49,"b":3.77,"ms":2.26,"wi":59.47,"ei":10.9,"as":441.22,"mi":"E","mv":84006,"sc":1,"lpe":97.74,"lpr":8930.09,"lq":1.0,"d":4261006},{"pi":"422212","pc":"Электроника","ss":1000,"td":"Центр города","dc":1,"n":442.68,"vc":"2219","sl":"Очень высокий","sv":"31","p":31000.0,"q":24.06,"b":0.0,"ms":0.74,"wi":145.59,"ei":6.3,"as":442.36,"mi":"E","mv":4165,"sc":1,"lpe":99.26,"lpr":13816.39,"lq":1.0,"d":94767},{"pi":"422212","pc":"Электроника","ss":100000,"td":"Центр города","dc":1,"n":599.82,"vc":"457376","sl":"Очень высокий","sv":"1800","p":20000.0,"q":36.95,"b":6.71,"ms":20.14,"wi":110.91,"ei":6.62,"as":808.5,"mi":"E","mv":8938,"sc":1,"lpe":79.86,"lpr":12383.67,"lq":1.1,"d":515405},{"pi":"422212","pc":"Электроника","ss":1000,"td":"Центр города","dc":1,"n":436.21,"vc":"2218","sl":"Очень высокий","sv":"31","p":44000.0,"q":33.36,"b":0.0,"ms":0.78,"wi":106.98,"ei":6.2,"as":447.07,"mi":"E","mv":3973,"sc":1,"lpe":99.22,"lpr":8940.22,"lq":1.0,"d":105000},{"pi":"422212","pc":"Электроника","ss":1000,"td":"Центр города","dc":1,"n":297.75,"vc":"1177","sl":"Элитный","sv":"31","p":23000.0,"q":24.06,"b":0.0,"ms":0.54,"wi":128.5,"ei":6.72,"as":534.71,"mi":"E","mv":5694,"sc":1,"lpe":99.46,"lpr":9752.99,"lq":1.0,"d":159666},{"pi":"422212","pc":"Электроника","ss":600,"td":"Центр города","dc":1,"n":142.65,"vc":"369","sl":"Элитный","sv":"3089","p":7500.0,"q":13.35,"b":1.28273875040466,"ms":53.7,"wi":104.27,"ei":6.5,"as":461.0,"mi":"E","mv":5752,"sc":1,"lpe":46.3,"lpr":6023.96,"lq":2.35,"d":150000},{"pi":"422212","pc":"Электроника","ss":300000,"td":"Фешенебельный район","dc":1,"n":637.19,"vc":"938814","sl":"Элитный","sv":"30000","p":20000.0,"q":36.44,"b":4.15,"ms":3.22,"wi":130.83,"ei":9.99,"as":1301.44,"mi":"E","mv":930628,"sc":1,"lpe":96.78,"lpr":10169.14,"lq":1.0,"d":14649834},{"pi":"422212","pc":"Электроника","ss":1000,"td":"Центр города","dc":1,"n":387.58,"vc":"2181","sl":"Очень высокий","sv":"31","p":18000.0,"q":24.06,"b":0.0,"ms":0.37,"wi":162.72,"ei":7.14,"as":518.83,"mi":"E","mv":8311,"sc":1,"lpe":99.63,"lpr":16005.28,"lq":1.0,"d":219018},{"pi":"422212","pc":"Электроника","ss":1000,"td":"Фешенебельный район","dc":1,"n":96.16,"vc":"156","sl":"Элитный","sv":"430","p":19000.0,"q":26.34,"b":0.0,"ms":1.2,"wi":182.64,"ei":7.14,"as":561.83,"mi":"E","mv":35938,"sc":1,"lpe":98.8,"lpr":24076.41,"lq":1.0,"d":908124},{"pi":"422212","pc":"Электроника","ss":100000,"td":"Фешенебельный район","dc":2,"n":657.85,"vc":"239752","sl":"Очень высокий","sv":"3158","p":11660.0,"q":38.18,"b":3.31,"ms":13.69,"wi":76.94,"ei":17.35,"as":488.25,"mi":"E","mv":23072,"sc":1,"lpe":86.31,"lpr":926.01,"lq":1.17,"d":619679},{"pi":"422212","pc":"Электроника","ss":1000,"td":"Фешенебельный район","dc":1,"n":611.87,"vc":"2326","sl":"Очень высокий","sv":"63","p":45000.0,"q":26.76,"b":0.852222222222222,"ms":0.24,"wi":63.09,"ei":6.79,"as":604.49,"mi":"E","mv":25916,"sc":3,"lpe":99.55,"lpr":5108.39,"lq":1.0,"d":985116},{"pi":"422212","pc":"Электроника","ss":1000,"td":"Фешенебельный район","dc":1,"n":499.86,"vc":"825","sl":"Элитный","sv":"53","p":15000.0,"q":24.57,"b":0.23,"ms":0.2,"wi":63.09,"ei":6.79,"as":604.49,"mi":"E","mv":25916,"sc":3,"lpe":99.55,"lpr":5108.39,"lq":1.0,"d":985116},{"pi":"422212","pc":"Электроника","ss":1000,"td":"Фешенебельный район","dc":1,"n":115.18,"vc":"94","sl":"Элитный","sv":"1","p":25000.0,"q":34.8,"b":0.9,"ms":0.0,"wi":63.09,"ei":6.79,"as":604.49,"mi":"E","mv":25916,"sc":3,"lpe":99.55,"lpr":5108.39,"lq":1.0,"d":985116},{"pi":"422212","pc":"Электроника","ss":1000,"td":"Фешенебельный район","dc":1,"n":568.61,"vc":"2442","sl":"Очень высокий","sv":"2586","p":41230.0,"q":22.47,"b":0.0,"ms":7.07,"wi":125.62,"ei":10.15,"as":963.22,"mi":"E","mv":36565,"sc":3,"lpe":92.68,"lpr":9706.71,"lq":1.0,"d":1161098},{"pi":"422212","pc":"Электроника","ss":1000,"td":"Окраина","dc":1,"n":20.66,"vc":"296","sl":"Элитный","sv":"56","p":42954.18,"q":20.03,"b":0.0,"ms":0.15,"wi":125.62,"ei":10.15,"as":963.22,"mi":"E","mv":36565,"sc":3,"lpe":92.68,"lpr":9706.71,"lq":1.0,"d":1161098},{"pi":"422212","pc":"Электроника","ss":1000,"td":"Фешенебельный район","dc":1,"n":485.74,"vc":"1020","sl":"Элитный","sv":"36","p":39000.0,"q":24.57,"b":0.23,"ms":0.1,"wi":125.62,"ei":10.15,"as":963.22,"mi":"E","mv":36565,"sc":3,"lpe":92.68,"lpr":9706.71,"lq":1.0,"d":1161098},{"pi":"422212","pc":"Электроника","ss":100000,"td":"Центр города","dc":1,"n":438.37,"vc":"169743","sl":"Элитный","sv":"1738","p":24000.0,"q":33.72,"b":0.0,"ms":10.74,"wi":48.03,"ei":4.9,"as":509.74,"mi":"E","mv":16186,"sc":1,"lpe":89.26,"lpr":2764.98,"lq":1.76,"d":1199516},{"pi":"422212","pc":"Электроника","ss":1000,"td":"Фешенебельный район","dc":1,"n":502.88,"vc":"826","sl":"Элитный","sv":"1214","p":18000.0,"q":24.53,"b":0.23,"ms":20.0,"wi":110.7,"ei":8.09,"as":1137.21,"mi":"E","mv":6070,"sc":2,"lpe":72.19,"lpr":6126.49,"lq":4.33,"d":482750},{"pi":"422212","pc":"Электроника","ss":1000,"td":"Фешенебельный район","dc":1,"n":659.99,"vc":"3006","sl":"Высокий","sv":"474","p":45000.0,"q":26.55,"b":0.91,"ms":7.81,"wi":110.7,"ei":8.09,"as":1137.21,"mi":"E","mv":6070,"sc":2,"lpe":72.19,"lpr":6126.49,"lq":4.33,"d":482750},{"pi":"422212","pc":"Электроника","ss":10000,"td":"Спальный район","dc":4,"n":278.69,"vc":"3372","sl":"Нормальный","sv":"20","p":25000.0,"q":11.33,"b":0.006,"ms":2.13,"wi":55.91,"ei":5.64,"as":533.07,"mi":"E","mv":939,"sc":1,"lpe":97.87,"lpr":14712.88,"lq":1.0,"d":225412},{"pi":"422212","pc":"Электроника","ss":100000,"td":"Фешенебельный район","dc":1,"n":701.02,"vc":"171600","sl":"Элитный","sv":"283","p":9162.0,"q":38.17,"b":0.54,"ms":7.5,"wi":33.72,"ei":5.68,"as":355.5,"mi":"E","mv":3771,"sc":1,"lpe":92.5,"lpr":1005.38,"lq":1.02,"d":205001},{"pi":"422212","pc":"Электроника","ss":100000,"td":"Центр города","dc":1,"n":371.24,"vc":"178342","sl":"Элитный","sv":"8001","p":30000.0,"q":24.97,"b":0.0120434945631796,"ms":6.55,"wi":83.74,"ei":7.13,"as":439.98,"mi":"E","mv":122208,"sc":1,"lpe":93.45,"lpr":12989.11,"lq":1.0,"d":2742310},{"pi":"422212","pc":"Электроника","ss":210000,"td":"Центр города","dc":1,"n":566.13,"vc":"1291270","sl":"Очень высокий","sv":"14925","p":15000.0,"q":25.95,"b":2.86,"ms":17.69,"wi":113.04,"ei":8.54,"as":476.48,"mi":"E","mv":84369,"sc":1,"lpe":82.31,"lpr":2325.09,"lq":1.31,"d":1376961},{"pi":"422212","pc":"Электроника","ss":100000,"td":"Центр города","dc":2,"n":351.24,"vc":"56690","sl":"Элитный","sv":"447","p":26966.67,"q":23.38,"b":0.0,"ms":10.25,"wi":41.94,"ei":4.01,"as":428.85,"mi":"E","mv":4361,"sc":1,"lpe":89.75,"lpr":2953.89,"lq":1.6,"d":572524},{"pi":"422212","pc":"Электроника","ss":200000,"td":"Центр города","dc":1,"n":594.33,"vc":"4380618","sl":"Нормальный","sv":"44966","p":19000.0,"q":54.03,"b":4.17,"ms":19.75,"wi":133.84,"ei":10.12,"as":1138.38,"mi":"E","mv":227639,"sc":2,"lpe":78.05,"lpr":3147.14,"lq":2.22,"d":7087010},{"pi":"422212","pc":"Электроника","ss":300000,"td":"Центр города","dc":1,"n":461.54,"vc":"1346266","sl":"Элитный","sv":"5000","p":16277.89,"q":36.09,"b":2.81,"ms":2.2,"wi":133.84,"ei":10.12,"as":1138.38,"mi":"E","mv":227639,"sc":2,"lpe":78.05,"lpr":3147.14,"lq":2.22,"d":7087010},{"pi":"422212","pc":"Электроника","ss":60000,"td":"Центр города","dc":1,"n":604.47,"vc":"931524","sl":"Нормальный","sv":"6842","p":55000.0,"q":27.04,"b":5.34,"ms":10.62,"wi":150.46,"ei":9.22,"as":844.62,"mi":"E","mv":64453,"sc":4,"lpe":80.36,"lpr":8211.96,"lq":5.69,"d":2224798},{"pi":"422212","pc":"Электроника","ss":300000,"td":"Центр города","dc":1,"n":532.35,"vc":"1772220","sl":"Очень высокий","sv":"5000","p":33052.24,"q":36.09,"b":2.81,"ms":7.76,"wi":150.46,"ei":9.22,"as":844.62,"mi":"E","mv":64453,"sc":4,"lpe":80.36,"lpr":8211.96,"lq":5.69,"d":2224798},{"pi":"422212","pc":"Электроника","ss":100000,"td":"Центр города","dc":3,"n":391.18,"vc":"200782","sl":"Низкий","sv":"549","p":45500.0,"q":38.22,"b":0.00460837887067395,"ms":0.85,"wi":150.46,"ei":9.22,"as":844.62,"mi":"E","mv":64453,"sc":4,"lpe":80.36,"lpr":8211.96,"lq":5.69,"d":2224798},{"pi":"422212","pc":"Электроника","ss":11000,"td":"Спальный район","dc":1,"n":383.14,"vc":"27183","sl":"Элитный","sv":"269","p":45000.0,"q":33.15,"b":0.27,"ms":0.42,"wi":150.46,"ei":9.22,"as":844.62,"mi":"E","mv":64453,"sc":4,"lpe":80.36,"lpr":8211.96,"lq":5.69,"d":2224798},{"pi":"422212","pc":"Электроника","ss":300000,"td":"Центр города","dc":1,"n":509.1,"vc":"1485228","sl":"Элитный","sv":"10000","p":22307.12,"q":36.09,"b":2.81,"ms":9.36,"wi":272.68,"ei":8.68,"as":904.39,"mi":"E","mv":106830,"sc":3,"lpe":80.92,"lpr":9297.93,"lq":5.56,"d":2542664},{"pi":"422212","pc":"Электроника","ss":130000,"td":"Центр города","dc":1,"n":591.24,"vc":"1884586","sl":"Нормальный","sv":"9853","p":56000.0,"q":28.5,"b":5.34,"ms":9.22,"wi":272.68,"ei":8.68,"as":904.39,"mi":"E","mv":106830,"sc":3,"lpe":80.92,"lpr":9297.93,"lq":5.56,"d":2542664},{"pi":"422212","pc":"Электроника","ss":100000,"td":"Центр города","dc":1,"n":377.97,"vc":"123532","sl":"Нормальный","sv":"529","p":47440.0,"q":21.93,"b":0.0,"ms":0.5,"wi":272.68,"ei":8.68,"as":904.39,"mi":"E","mv":106830,"sc":3,"lpe":80.92,"lpr":9297.93,"lq":5.56,"d":2542664},{"pi":"422212","pc":"Электроника","ss":100000,"td":"Центр города","dc":1,"n":463.47,"vc":"220091","sl":"Элитный","sv":"5000","p":17500.0,"q":23.76,"b":0.64,"ms":21.04,"wi":33.53,"ei":9.72,"as":745.56,"mi":"E","mv":23768,"sc":2,"lpe":76.86,"lpr":4088.28,"lq":2.43,"d":1726422},{"pi":"422212","pc":"Электроника","ss":100000,"td":"Центр города","dc":1,"n":447.69,"vc":"189107","sl":"Элитный","sv":"500","p":16000.0,"q":22.16,"b":0.0,"ms":2.1,"wi":33.53,"ei":9.72,"as":745.56,"mi":"E","mv":23768,"sc":2,"lpe":76.86,"lpr":4088.28,"lq":2.43,"d":1726422},{"pi":"422212","pc":"Электроника","ss":100000,"td":"Фешенебельный район","dc":9,"n":520.29,"vc":"86604","sl":"Очень высокий","sv":"8988","p":52000.0,"q":27.04,"b":0.0,"ms":24.87,"wi":158.19,"ei":10.48,"as":1309.04,"mi":"E","mv":36140,"sc":3,"lpe":61.21,"lpr":15045.61,"lq":11.54,"d":1310736},{"pi":"422212","pc":"Электроника","ss":300000,"td":"Центр города","dc":1,"n":558.22,"vc":"1888311","sl":"Очень высокий","sv":"5000","p":80000.0,"q":36.09,"b":2.81,"ms":13.84,"wi":158.19,"ei":10.48,"as":1309.04,"mi":"E","mv":36140,"sc":3,"lpe":61.21,"lpr":15045.61,"lq":11.54,"d":1310736},{"pi":"422212","pc":"Электроника","ss":20000,"td":"Центр города","dc":4,"n":460.47,"vc":"56982","sl":"Нормальный","sv":"29","p":80780.0,"q":19.59,"b":0.0,"ms":0.08,"wi":158.19,"ei":10.48,"as":1309.04,"mi":"E","mv":36140,"sc":3,"lpe":61.21,"lpr":15045.61,"lq":11.54,"d":1310736},{"pi":"422212","pc":"Электроника","ss":100000,"td":"Центр города","dc":1,"n":351.2,"vc":"56751","sl":"Элитный","sv":"20","p":12000.0,"q":43.87,"b":0.0,"ms":0.15,"wi":21.88,"ei":9.99,"as":710.32,"mi":"E","mv":13585,"sc":1,"lpe":99.85,"lpr":1457.64,"lq":1.0,"d":1579154},{"pi":"422212","pc":"Электроника","ss":300000,"td":"Фешенебельный район","dc":1,"n":672.48,"vc":"547834","sl":"Элитный","sv":"108","p":23500.0,"q":33.49,"b":4.31,"ms":0.11,"wi":151.36,"ei":8.51,"as":542.28,"mi":"E","mv":95243,"sc":2,"lpe":99.88,"lpr":1764.62,"lq":1.18,"d":1193148},{"pi":"422212","pc":"Электроника","ss":300000,"td":"Центр города","dc":1,"n":579.09,"vc":"2232962","sl":"Очень высокий","sv":"2","p":26885.68,"q":34.64,"b":2.81,"ms":0.0,"wi":151.36,"ei":8.51,"as":542.28,"mi":"E","mv":95243,"sc":2,"lpe":99.88,"lpr":1764.62,"lq":1.18,"d":1193148},{"pi":"422212","pc":"Электроника","ss":10000,"td":"Центр города","dc":2,"n":413.4,"vc":"22829","sl":"Очень высокий","sv":"2174","p":33000.0,"q":23.93,"b":0.0,"ms":14.78,"wi":129.94,"ei":9.88,"as":658.88,"mi":"E","mv":14713,"sc":1,"lpe":85.22,"lpr":28909.55,"lq":1.73,"d":1206606},{"pi":"422212","pc":"Электроника","ss":10000,"td":"Спальный район","dc":9,"n":113.33,"vc":"1104","sl":"Элитный","sv":"9","p":10655.5,"q":16.57,"b":0.0,"ms":0.05,"wi":41.87,"ei":7.57,"as":211.08,"mi":"E","mv":16671,"sc":1,"lpe":99.95,"lpr":2409.22,"lq":1.0,"d":563916},{"pi":"422212","pc":"Электроника","ss":100000,"td":"Центр города","dc":1,"n":405.06,"vc":"176400","sl":"Элитный","sv":"13000","p":33000.0,"q":24.06,"b":0.0,"ms":18.48,"wi":120.36,"ei":11.52,"as":869.1,"mi":"E","mv":70355,"sc":2,"lpe":77.33,"lpr":11674.71,"lq":6.59,"d":3343500},{"pi":"422212","pc":"Электроника","ss":100000,"td":"Фешенебельный район","dc":1,"n":300.61,"vc":"9692","sl":"Элитный","sv":"2948","p":30999.99,"q":22.45,"b":0.0,"ms":4.19,"wi":120.36,"ei":11.52,"as":869.1,"mi":"E","mv":70355,"sc":2,"lpe":77.33,"lpr":11674.71,"lq":6.59,"d":3343500},{"pi":"422212","pc":"Электроника","ss":300000,"td":"Центр города","dc":1,"n":636.06,"vc":"2979117","sl":"Очень высокий","sv":"5000","p":35769.92,"q":36.09,"b":2.81,"ms":25.45,"wi":183.03,"ei":6.32,"as":398.5,"mi":"E","mv":19644,"sc":1,"lpe":74.55,"lpr":13471.92,"lq":7.01,"d":568886},{"pi":"422212","pc":"Электроника","ss":300000,"td":"Центр города","dc":1,"n":631.96,"vc":"2917269","sl":"Очень высокий","sv":"5000","p":12159.04,"q":36.09,"b":2.81,"ms":10.57,"wi":154.33,"ei":6.46,"as":432.7,"mi":"E","mv":47296,"sc":1,"lpe":89.43,"lpr":7591.03,"lq":3.12,"d":599680},{"pi":"422212","pc":"Электроника","ss":200000,"td":"Центр города","dc":1,"n":535.24,"vc":"665127","sl":"Элитный","sv":"5500","p":18000.0,"q":30.49,"b":4.99,"ms":11.7,"wi":196.67,"ei":7.3,"as":448.11,"mi":"E","mv":46990,"sc":2,"lpe":77.65,"lpr":3137.01,"lq":2.08,"d":599114},{"pi":"422212","pc":"Электроника","ss":300000,"td":"Центр города","dc":1,"n":632.03,"vc":"2918364","sl":"Очень высокий","sv":"5000","p":12000.0,"q":36.09,"b":2.81,"ms":10.64,"wi":196.67,"ei":7.3,"as":448.11,"mi":"E","mv":46990,"sc":2,"lpe":77.65,"lpr":3137.01,"lq":2.08,"d":599114},{"pi":"422212","pc":"Электроника","ss":250000,"td":"Центр города","dc":10,"n":555.89,"vc":"988742","sl":"Низкий","sv":"510","p":25000.0,"q":24.98,"b":0.0,"ms":9.42,"wi":109.14,"ei":5.4,"as":490.3,"mi":"E","mv":5413,"sc":1,"lpe":90.58,"lpr":14153.28,"lq":1.0,"d":243658},{"pi":"422212","pc":"Электроника","ss":100000,"td":"Центр города","dc":1,"n":513.86,"vc":"270664","sl":"Элитный","sv":"5000","p":8500.0,"q":30.49,"b":4.99,"ms":11.15,"wi":198.82,"ei":6.75,"as":373.54,"mi":"E","mv":44849,"sc":2,"lpe":86.62,"lpr":6374.9,"lq":3.81,"d":571802},{"pi":"422212","pc":"Электроника","ss":300000,"td":"Центр города","dc":1,"n":635.66,"vc":"2973054","sl":"Очень высокий","sv":"1000","p":16040.81,"q":36.09,"b":2.81,"ms":2.23,"wi":198.82,"ei":6.75,"as":373.54,"mi":"E","mv":44849,"sc":2,"lpe":86.62,"lpr":6374.9,"lq":3.81,"d":571802},{"pi":"422212","pc":"Электроника","ss":211000,"td":"Центр города","dc":1,"n":451.48,"vc":"757413","sl":"Элитный","sv":"65000","p":15000.0,"q":30.35,"b":0.957692307692308,"ms":40.86,"wi":97.4,"ei":7.67,"as":500.44,"mi":"E","mv":159074,"sc":2,"lpe":57.57,"lpr":3756.61,"lq":2.83,"d":9120796},{"pi":"422212","pc":"Электроника","ss":200000,"td":"Центр города","dc":1,"n":659.32,"vc":"6272640","sl":"Низкий","sv":"2500","p":20000.0,"q":23.36,"b":4.06,"ms":1.57,"wi":97.4,"ei":7.67,"as":500.44,"mi":"E","mv":159074,"sc":2,"lpe":57.57,"lpr":3756.61,"lq":2.83,"d":9120796},{"pi":"422212","pc":"Электроника","ss":100000,"td":"Центр города","dc":1,"n":689.75,"vc":"2062655","sl":"Низкий","sv":"600","p":20000.0,"q":23.36,"b":5.86,"ms":1.71,"wi":69.56,"ei":11.28,"as":759.68,"mi":"E","mv":35006,"sc":1,"lpe":98.29,"lpr":5829.61,"lq":1.0,"d":1508936},{"pi":"422212","pc":"Электроника","ss":15800,"td":"Центр города","dc":1,"n":307.96,"vc":"8633","sl":"Элитный","sv":"170","p":17000.0,"q":22.16,"b":0.0,"ms":2.94,"wi":187.21,"ei":8.42,"as":449.89,"mi":"E","mv":5781,"sc":1,"lpe":97.06,"lpr":6051.77,"lq":1.0,"d":327752},{"pi":"422212","pc":"Электроника","ss":300000,"td":"Центр города","dc":1,"n":578.91,"vc":"2231004","sl":"Очень высокий","sv":"5000","p":38772.67,"q":36.09,"b":2.81,"ms":16.74,"wi":128.49,"ei":11.47,"as":1034.0,"mi":"E","mv":29877,"sc":1,"lpe":83.26,"lpr":18782.67,"lq":7.92,"d":1195907},{"pi":"422212","pc":"Электроника","ss":300000,"td":"Центр города","dc":1,"n":623.49,"vc":"2793916","sl":"Очень высокий","sv":"5000","p":19529.56,"q":36.09,"b":2.81,"ms":8.75,"wi":173.49,"ei":6.56,"as":364.0,"mi":"E","mv":57137,"sc":1,"lpe":91.25,"lpr":6711.55,"lq":1.0,"d":668814},{"pi":"422212","pc":"Электроника","ss":300000,"td":"Фешенебельный район","dc":2,"n":335.36,"vc":"41246","sl":"Элитный","sv":"13640","p":40000.0,"q":33.27,"b":0.126923020527859,"ms":6.22,"wi":113.51,"ei":8.53,"as":638.15,"mi":"E","mv":219126,"sc":3,"lpe":93.05,"lpr":11526.22,"lq":1.0,"d":7713964},{"pi":"422212","pc":"Электроника","ss":2000,"td":"Центр города","dc":1,"n":147.19,"vc":"4146","sl":"Очень высокий","sv":"1497","p":11000.0,"q":10.33,"b":0.0,"ms":0.68,"wi":113.51,"ei":8.53,"as":638.15,"mi":"E","mv":219126,"sc":3,"lpe":93.05,"lpr":11526.22,"lq":1.0,"d":7713964},{"pi":"422212","pc":"Электроника","ss":10000,"td":"Пригород","dc":5,"n":100.6,"vc":"2594","sl":"Элитный","sv":"91","p":40500.0,"q":33.3,"b":0.126043956043956,"ms":0.04,"wi":113.51,"ei":8.53,"as":638.15,"mi":"E","mv":219126,"sc":3,"lpe":93.05,"lpr":11526.22,"lq":1.0,"d":7713964},{"pi":"422212","pc":"Электроника","ss":300000,"td":"Центр города","dc":1,"n":603.25,"vc":"4261767","sl":"Высокий","sv":"146261","p":12000.0,"q":32.5,"b":0.0,"ms":72.49,"wi":93.19,"ei":7.44,"as":591.34,"mi":"D","mv":201756,"sc":3,"lpe":26.3,"lpr":4890.41,"lq":3.89,"d":12407402},{"pi":"422212","pc":"Электроника","ss":100000,"td":"Центр города","dc":1,"n":353.06,"vc":"169307","sl":"Элитный","sv":"2400","p":29000.0,"q":28.13,"b":0.0667541666666667,"ms":1.19,"wi":93.19,"ei":7.44,"as":591.34,"mi":"D","mv":201756,"sc":3,"lpe":26.3,"lpr":4890.41,"lq":3.89,"d":12407402},{"pi":"422212","pc":"Электроника","ss":1200,"td":"Центр города","dc":1,"n":212.94,"vc":"3701","sl":"Очень высокий","sv":"32","p":17097.41,"q":11.31,"b":0.0,"ms":0.02,"wi":93.19,"ei":7.44,"as":591.34,"mi":"D","mv":201756,"sc":3,"lpe":26.3,"lpr":4890.41,"lq":3.89,"d":12407402},{"pi":"422212","pc":"Электроника","ss":200000,"td":"Пригород","dc":2,"n":246.77,"vc":"24717","sl":"Элитный","sv":"2001","p":40000.0,"q":33.28,"b":0.127031484257871,"ms":5.13,"wi":90.5,"ei":7.31,"as":646.78,"mi":"E","mv":38971,"sc":1,"lpe":94.87,"lpr":15678.78,"lq":1.0,"d":3572910},{"pi":"422212","pc":"Электроника","ss":100000,"td":"Окраина","dc":6,"n":181.19,"vc":"13528","sl":"Элитный","sv":"3442","p":18000.0,"q":24.0,"b":0.0,"ms":28.37,"wi":111.51,"ei":21.28,"as":1468.66,"mi":"E","mv":12131,"sc":2,"lpe":61.98,"lpr":8853.11,"lq":6.39,"d":1378830},{"pi":"422212","pc":"Электроника","ss":110000,"td":"Фешенебельный район","dc":1,"n":621.76,"vc":"258534","sl":"Элитный","sv":"1170","p":50000.0,"q":26.9,"b":1.03,"ms":9.64,"wi":111.51,"ei":21.28,"as":1468.66,"mi":"E","mv":12131,"sc":2,"lpe":61.98,"lpr":8853.11,"lq":6.39,"d":1378830},{"pi":"422212","pc":"Электроника","ss":100000,"td":"Центр города","dc":3,"n":555.19,"vc":"579402","sl":"Нормальный","sv":"1169","p":37000.0,"q":37.75,"b":0.45,"ms":5.45,"wi":75.18,"ei":8.06,"as":476.48,"mi":"E","mv":21438,"sc":1,"lpe":94.55,"lpr":6790.12,"lq":1.0,"d":1616602},{"pi":"422212","pc":"Электроника","ss":251000,"td":"Центр города","dc":10,"n":375.51,"vc":"240776","sl":"Нормальный","sv":"250","p":39999.0,"q":23.14,"b":0.0,"ms":0.53,"wi":61.24,"ei":15.08,"as":781.94,"mi":"E","mv":47243,"sc":1,"lpe":99.47,"lpr":8256.08,"lq":1.0,"d":2743369},{"pi":"422212","pc":"Электроника","ss":120000,"td":"Центр города","dc":1,"n":639.22,"vc":"2278942","sl":"Нормальный","sv":"4013","p":52000.0,"q":26.54,"b":5.43,"ms":9.49,"wi":137.8,"ei":10.61,"as":621.19,"mi":"E","mv":42292,"sc":1,"lpe":90.51,"lpr":9912.02,"lq":4.85,"d":1442170},{"pi":"422212","pc":"Электроника","ss":10000,"td":"Центр города","dc":3,"n":375.58,"vc":"10822","sl":"Высокий","sv":"1","p":92000.0,"q":14.19,"b":0.0,"ms":0.02,"wi":178.26,"ei":7.96,"as":1488.07,"mi":"E","mv":5535,"sc":1,"lpe":99.98,"lpr":26815.63,"lq":1.0,"d":331256},{"pi":"422212","pc":"Электроника","ss":300000,"td":"Центр города","dc":2,"n":352.37,"vc":"178462","sl":"Очень высокий","sv":"35300","p":34000.0,"q":24.03,"b":0.0,"ms":62.28,"wi":165.4,"ei":7.13,"as":2149.24,"mi":"B","mv":56680,"sc":5,"lpe":0.0,"lpr":12798.06,"lq":2.85,"d":1406244},{"pi":"422212","pc":"Электроника","ss":20000,"td":"Центр города","dc":1,"n":415.42,"vc":"40720","sl":"Элитный","sv":"9152","p":35000.0,"q":24.05,"b":0.0,"ms":16.15,"wi":165.4,"ei":7.13,"as":2149.24,"mi":"B","mv":56680,"sc":5,"lpe":0.0,"lpr":12798.06,"lq":2.85,"d":1406244},{"pi":"422212","pc":"Электроника","ss":100000,"td":"Центр города","dc":1,"n":419.43,"vc":"224361","sl":"Элитный","sv":"7002","p":20000.0,"q":24.97,"b":0.0284804341616681,"ms":12.35,"wi":165.4,"ei":7.13,"as":2149.24,"mi":"B","mv":56680,"sc":5,"lpe":0.0,"lpr":12798.06,"lq":2.85,"d":1406244},{"pi":"422212","pc":"Электроника","ss":34000,"td":"Центр города","dc":2,"n":414.59,"vc":"90788","sl":"Высокий","sv":"4726","p":35000.0,"q":33.32,"b":0.233812949640288,"ms":8.34,"wi":165.4,"ei":7.13,"as":2149.24,"mi":"B","mv":56680,"sc":5,"lpe":0.0,"lpr":12798.06,"lq":2.85,"d":1406244},{"pi":"422212","pc":"Электроника","ss":100000,"td":"Спальный район","dc":1,"n":426.92,"vc":"120556","sl":"Высокий","sv":"500","p":25000.0,"q":24.98,"b":0.0286,"ms":0.88,"wi":165.4,"ei":7.13,"as":2149.24,"mi":"B","mv":56680,"sc":5,"lpe":0.0,"lpr":12798.06,"lq":2.85,"d":1406244},{"pi":"422212","pc":"Электроника","ss":100000,"td":"Центр города","dc":1,"n":533.62,"vc":"254474","sl":"Элитный","sv":"3075","p":17000.69,"q":30.49,"b":4.74,"ms":14.22,"wi":139.43,"ei":9.42,"as":1504.15,"mi":"E","mv":21620,"sc":1,"lpe":85.78,"lpr":5615.04,"lq":2.68,"d":320966},{"pi":"422212","pc":"Электроника","ss":100000,"td":"Центр города","dc":1,"n":575.22,"vc":"366074","sl":"Элитный","sv":"3400","p":8900.61,"q":30.49,"b":4.74,"ms":8.28,"wi":110.31,"ei":6.71,"as":548.24,"mi":"E","mv":41082,"sc":2,"lpe":85.33,"lpr":2268.81,"lq":1.04,"d":414752},{"pi":"422212","pc":"Электроника","ss":300000,"td":"Центр города","dc":1,"n":685.64,"vc":"1318275","sl":"Элитный","sv":"2627","p":5152.54,"q":36.09,"b":6.29,"ms":6.39,"wi":110.31,"ei":6.71,"as":548.24,"mi":"E","mv":41082,"sc":2,"lpe":85.33,"lpr":2268.81,"lq":1.04,"d":414752},{"pi":"422212","pc":"Электроника","ss":100000,"td":"Спальный район","dc":5,"n":390.83,"vc":"46198","sl":"Очень высокий","sv":"20","p":28000.0,"q":11.47,"b":0.0455,"ms":0.31,"wi":119.01,"ei":6.86,"as":563.33,"mi":"E","mv":6374,"sc":1,"lpe":99.69,"lpr":24856.04,"lq":1.0,"d":255191},{"pi":"422212","pc":"Электроника","ss":200000,"td":"Пригород","dc":3,"n":379.91,"vc":"45372","sl":"Элитный","sv":"4947","p":45000.0,"q":33.29,"b":0.0525429553264605,"ms":27.74,"wi":132.83,"ei":7.91,"as":562.12,"mi":"E","mv":17834,"sc":1,"lpe":72.26,"lpr":14117.2,"lq":3.15,"d":459675},{"pi":"422212","pc":"Электроника","ss":100000,"td":"Центр города","dc":1,"n":490.33,"vc":"206410","sl":"Элитный","sv":"3430","p":18500.0,"q":30.49,"b":4.74,"ms":10.81,"wi":154.13,"ei":11.52,"as":2054.36,"mi":"E","mv":31737,"sc":1,"lpe":89.19,"lpr":11593.19,"lq":7.56,"d":503226},{"pi":"422212","pc":"Электроника","ss":100000,"td":"Центр города","dc":1,"n":558.44,"vc":"348172","sl":"Элитный","sv":"1219","p":7250.0,"q":23.76,"b":0.64,"ms":6.62,"wi":40.1,"ei":10.84,"as":684.26,"mi":"E","mv":18423,"sc":1,"lpe":93.38,"lpr":1456.82,"lq":1.0,"d":461568},{"pi":"422212","pc":"Электроника","ss":290000,"td":"Фешенебельный район","dc":1,"n":615.7,"vc":"713256","sl":"Элитный","sv":"32815","p":24100.0,"q":43.54,"b":4.88,"ms":13.58,"wi":107.91,"ei":9.57,"as":960.1,"mi":"E","mv":241662,"sc":3,"lpe":86.32,"lpr":2860.9,"lq":1.86,"d":3814070},{"pi":"422212","pc":"Электроника","ss":200000,"td":"Фешенебельный район","dc":1,"n":639.42,"vc":"563777","sl":"Элитный","sv":"151","p":30000.0,"q":36.49,"b":0.3,"ms":0.06,"wi":107.91,"ei":9.57,"as":960.1,"mi":"E","mv":241662,"sc":3,"lpe":86.32,"lpr":2860.9,"lq":1.86,"d":3814070},{"pi":"422212","pc":"Электроника","ss":120000,"td":"Фешенебельный район","dc":1,"n":563.44,"vc":"228338","sl":"Элитный","sv":"100","p":35000.0,"q":25.52,"b":3.72,"ms":0.04,"wi":107.91,"ei":9.57,"as":960.1,"mi":"E","mv":241662,"sc":3,"lpe":86.32,"lpr":2860.9,"lq":1.86,"d":3814070},{"pi":"422212","pc":"Электроника","ss":30000,"td":"Фешенебельный район","dc":2,"n":383.56,"vc":"8648","sl":"Элитный","sv":"2478","p":60000.0,"q":27.03,"b":3.72,"ms":2.98,"wi":132.74,"ei":8.33,"as":566.9,"mi":"E","mv":83106,"sc":2,"lpe":94.61,"lpr":9072.92,"lq":1.0,"d":1063396},{"pi":"422212","pc":"Электроника","ss":100000,"td":"Центр города","dc":1,"n":495.71,"vc":"282446","sl":"Элитный","sv":"2000","p":23000.01,"q":30.49,"b":4.74,"ms":2.41,"wi":132.74,"ei":8.33,"as":566.9,"mi":"E","mv":83106,"sc":2,"lpe":94.61,"lpr":9072.92,"lq":1.0,"d":1063396},{"pi":"422212","pc":"Электроника","ss":19100,"td":"Фешенебельный район","dc":10,"n":242.92,"vc":"2592","sl":"Элитный","sv":"202","p":30650.0,"q":28.73,"b":0.0,"ms":0.71,"wi":57.51,"ei":14.58,"as":886.97,"mi":"E","mv":28326,"sc":4,"lpe":98.55,"lpr":8858.24,"lq":1.0,"d":2266323},{"pi":"422212","pc":"Электроника","ss":1000,"td":"Фешенебельный район","dc":1,"n":399.16,"vc":"774","sl":"Элитный","sv":"200","p":18523.0,"q":22.16,"b":0.0,"ms":0.71,"wi":57.51,"ei":14.58,"as":886.97,"mi":"E","mv":28326,"sc":4,"lpe":98.55,"lpr":8858.24,"lq":1.0,"d":2266323},{"pi":"422212","pc":"Электроника","ss":2500,"td":"Центр города","dc":3,"n":210.68,"vc":"4400","sl":"Высокий","sv":"5","p":18000.0,"q":20.0,"b":0.0,"ms":0.02,"wi":57.51,"ei":14.58,"as":886.97,"mi":"E","mv":28326,"sc":4,"lpe":98.55,"lpr":8858.24,"lq":1.0,"d":2266323},{"pi":"422212","pc":"Электроника","ss":100000,"td":"Спальный район","dc":9,"n":717.53,"vc":"2280035","sl":"Очень низкий","sv":"3","p":33752.82,"q":34.72,"b":0.0,"ms":0.01,"wi":57.51,"ei":14.58,"as":886.97,"mi":"E","mv":28326,"sc":4,"lpe":98.55,"lpr":8858.24,"lq":1.0,"d":2266323},{"pi":"422212","pc":"Электроника","ss":100000,"td":"Центр города","dc":1,"n":614.82,"vc":"493933","sl":"Очень высокий","sv":"7000","p":8000.0,"q":36.95,"b":5.24,"ms":97.67,"wi":115.33,"ei":9.03,"as":950.0,"mi":"A","mv":7167,"sc":2,"lpe":0.0,"lpr":3522.6,"lq":6.81,"d":295016},{"pi":"422212","pc":"Электроника","ss":8800,"td":"Центр города","dc":1,"n":722.97,"vc":"105792","sl":"Низкий","sv":"167","p":7000.0,"q":32.83,"b":0.031377245508982,"ms":2.33,"wi":115.33,"ei":9.03,"as":950.0,"mi":"A","mv":7167,"sc":2,"lpe":0.0,"lpr":3522.6,"lq":6.81,"d":295016},{"pi":"422212","pc":"Электроника","ss":100000,"td":"Центр города","dc":1,"n":578.23,"vc":"384245","sl":"Элитный","sv":"735","p":10000.0,"q":23.76,"b":0.64,"ms":5.34,"wi":41.04,"ei":9.89,"as":565.23,"mi":"E","mv":13752,"sc":1,"lpe":94.66,"lpr":1509.95,"lq":1.0,"d":443391},{"pi":"422212","pc":"Электроника","ss":1000,"td":"Центр города","dc":1,"n":107.91,"vc":"887","sl":"Элитный","sv":"1506","p":29140.0,"q":18.12,"b":0.328293492695883,"ms":5.43,"wi":158.14,"ei":15.07,"as":1172.43,"mi":"E","mv":27725,"sc":5,"lpe":91.02,"lpr":17156.8,"lq":10.38,"d":1517207},{"pi":"422212","pc":"Электроника","ss":1000,"td":"Спальный район","dc":1,"n":54.98,"vc":"494","sl":"Элитный","sv":"800","p":25000.0,"q":14.8,"b":0.42875,"ms":2.89,"wi":158.14,"ei":15.07,"as":1172.43,"mi":"E","mv":27725,"sc":5,"lpe":91.02,"lpr":17156.8,"lq":10.38,"d":1517207},{"pi":"422212","pc":"Электроника","ss":1000,"td":"Центр города","dc":1,"n":160.76,"vc":"1195","sl":"Элитный","sv":"134","p":27000.0,"q":23.36,"b":0.0,"ms":0.48,"wi":158.14,"ei":15.07,"as":1172.43,"mi":"E","mv":27725,"sc":5,"lpe":91.02,"lpr":17156.8,"lq":10.38,"d":1517207},{"pi":"422212","pc":"Электроника","ss":1000,"td":"Спальный район","dc":4,"n":75.7,"vc":"555","sl":"Очень высокий","sv":"29","p":38800.0,"q":12.94,"b":0.00655172413793103,"ms":0.1,"wi":158.14,"ei":15.07,"as":1172.43,"mi":"E","mv":27725,"sc":5,"lpe":91.02,"lpr":17156.8,"lq":10.38,"d":1517207},{"pi":"422212","pc":"Электроника","ss":1000,"td":"Фешенебельный район","dc":1,"n":467.06,"vc":"1008","sl":"Элитный","sv":"21","p":25000.0,"q":24.57,"b":0.0,"ms":0.08,"wi":158.14,"ei":15.07,"as":1172.43,"mi":"E","mv":27725,"sc":5,"lpe":91.02,"lpr":17156.8,"lq":10.38,"d":1517207},{"pi":"422212","pc":"Электроника","ss":1000,"td":"Фешенебельный район","dc":1,"n":558.78,"vc":"864","sl":"Элитный","sv":"829","p":20000.0,"q":24.54,"b":0.0,"ms":23.19,"wi":64.08,"ei":12.18,"as":391.38,"mi":"E","mv":3575,"sc":3,"lpe":75.02,"lpr":3008.77,"lq":3.08,"d":643918},{"pi":"422212","pc":"Электроника","ss":1000,"td":"Центр города","dc":1,"n":178.77,"vc":"676","sl":"Элитный","sv":"57","p":17000.0,"q":18.49,"b":0.0,"ms":1.59,"wi":64.08,"ei":12.18,"as":391.38,"mi":"E","mv":3575,"sc":3,"lpe":75.02,"lpr":3008.77,"lq":3.08,"d":643918},{"pi":"422212","pc":"Электроника","ss":1000,"td":"Центр города","dc":2,"n":124.29,"vc":"497","sl":"Элитный","sv":"7","p":25000.0,"q":16.56,"b":0.49,"ms":0.2,"wi":64.08,"ei":12.18,"as":391.38,"mi":"E","mv":3575,"sc":3,"lpe":75.02,"lpr":3008.77,"lq":3.08,"d":643918},{"pi":"422212","pc":"Электроника","ss":300000,"td":"Центр города","dc":1,"n":654.98,"vc":"2813742","sl":"Очень высокий","sv":"1000","p":10596.74,"q":36.09,"b":2.81,"ms":2.18,"wi":122.33,"ei":7.13,"as":346.1,"mi":"E","mv":45773,"sc":2,"lpe":97.64,"lpr":6913.28,"lq":1.0,"d":732700},{"pi":"422212","pc":"Электроника","ss":1000,"td":"Фешенебельный район","dc":1,"n":478.85,"vc":"1124","sl":"Элитный","sv":"80","p":25000.0,"q":24.06,"b":0.0,"ms":0.17,"wi":122.33,"ei":7.13,"as":346.1,"mi":"E","mv":45773,"sc":2,"lpe":97.64,"lpr":6913.28,"lq":1.0,"d":732700},{"pi":"422212","pc":"Электроника","ss":100000,"td":"Фешенебельный район","dc":1,"n":694.12,"vc":"290682","sl":"Нормальный","sv":"2772","p":13500.0,"q":28.65,"b":2.73,"ms":8.43,"wi":87.11,"ei":6.21,"as":580.52,"mi":"E","mv":32889,"sc":1,"lpe":91.57,"lpr":3258.89,"lq":1.0,"d":1119460},{"pi":"422212","pc":"Электроника","ss":100000,"td":"Фешенебельный район","dc":1,"n":648.95,"vc":"269374","sl":"Элитный","sv":"2151","p":58020.0,"q":38.17,"b":4.3,"ms":15.79,"wi":129.1,"ei":12.1,"as":601.38,"mi":"E","mv":13623,"sc":1,"lpe":84.21,"lpr":10091.16,"lq":7.07,"d":978170},{"pi":"422212","pc":"Электроника","ss":1000,"td":"Фешенебельный район","dc":1,"n":553.93,"vc":"861","sl":"Элитный","sv":"474","p":25000.0,"q":24.53,"b":0.0,"ms":20.03,"wi":88.55,"ei":16.15,"as":947.56,"mi":"E","mv":2367,"sc":2,"lpe":77.95,"lpr":6984.4,"lq":4.88,"d":404519},{"pi":"422212","pc":"Электроника","ss":1000,"td":"Центр города","dc":1,"n":178.9,"vc":"692","sl":"Элитный","sv":"48","p":28000.0,"q":18.41,"b":0.0,"ms":2.03,"wi":88.55,"ei":16.15,"as":947.56,"mi":"E","mv":2367,"sc":2,"lpe":77.95,"lpr":6984.4,"lq":4.88,"d":404519},{"pi":"422212","pc":"Электроника","ss":300000,"td":"Центр города","dc":1,"n":641.23,"vc":"2795232","sl":"Очень высокий","sv":"5000","p":14884.58,"q":36.09,"b":2.81,"ms":23.57,"wi":184.23,"ei":9.21,"as":493.25,"mi":"E","mv":21213,"sc":1,"lpe":76.43,"lpr":9153.85,"lq":3.8,"d":532426},{"pi":"422212","pc":"Электроника","ss":14000,"td":"Центр города","dc":4,"n":114.25,"vc":"5911","sl":"Элитный","sv":"240","p":79256.98,"q":19.58,"b":0.0,"ms":0.07,"wi":227.93,"ei":9.85,"as":6341.25,"mi":"E","mv":321458,"sc":4,"lpe":99.89,"lpr":23801.13,"lq":1.0,"d":8998080},{"pi":"422212","pc":"Электроника","ss":1000,"td":"Центр города","dc":2,"n":49.95,"vc":"1193","sl":"Очень высокий","sv":"50","p":20000.0,"q":16.05,"b":0.2,"ms":0.02,"wi":227.93,"ei":9.85,"as":6341.25,"mi":"E","mv":321458,"sc":4,"lpe":99.89,"lpr":23801.13,"lq":1.0,"d":8998080},{"pi":"422212","pc":"Электроника","ss":1000,"td":"Центр города","dc":1,"n":49.95,"vc":"1193","sl":"Элитный","sv":"50","p":25000.0,"q":16.05,"b":0.2,"ms":0.02,"wi":227.93,"ei":9.85,"as":6341.25,"mi":"E","mv":321458,"sc":4,"lpe":99.89,"lpr":23801.13,"lq":1.0,"d":8998080},{"pi":"422212","pc":"Электроника","ss":100000,"td":"Фешенебельный район","dc":1,"n":61.86,"vc":"1380","sl":"Элитный","sv":"1","p":19001.0,"q":34.76,"b":0.46,"ms":0.0,"wi":227.93,"ei":9.85,"as":6341.25,"mi":"E","mv":321458,"sc":4,"lpe":99.89,"lpr":23801.13,"lq":1.0,"d":8998080},{"pi":"422212","pc":"Электроника","ss":60000,"td":"Центр города","dc":1,"n":619.99,"vc":"815012","sl":"Низкий","sv":"13","p":33000.0,"q":25.64,"b":0.623076923076923,"ms":0.08,"wi":23.6,"ei":7.55,"as":604.8,"mi":"E","mv":15955,"sc":1,"lpe":99.92,"lpr":2363.7,"lq":1.0,"d":2005504},{"pi":"422212","pc":"Электроника","ss":10000,"td":"Центр города","dc":1,"n":388.49,"vc":"26876","sl":"Высокий","sv":"5000","p":17900.0,"q":19.38,"b":0.89,"ms":6.91,"wi":107.3,"ei":8.94,"as":307.26,"mi":"E","mv":72378,"sc":4,"lpe":91.42,"lpr":4778.1,"lq":1.2,"d":3467021},{"pi":"422212","pc":"Электроника","ss":10000,"td":"Фешенебельный район","dc":1,"n":576.56,"vc":"24302","sl":"Элитный","sv":"1000","p":36000.0,"q":27.05,"b":0.9,"ms":1.38,"wi":107.3,"ei":8.94,"as":307.26,"mi":"E","mv":72378,"sc":4,"lpe":91.42,"lpr":4778.1,"lq":1.2,"d":3467021},{"pi":"422212","pc":"Электроника","ss":10000,"td":"Центр города","dc":1,"n":677.19,"vc":"227327","sl":"Низкий","sv":"200","p":25000.0,"q":23.36,"b":5.08,"ms":0.28,"wi":107.3,"ei":8.94,"as":307.26,"mi":"E","mv":72378,"sc":4,"lpe":91.42,"lpr":4778.1,"lq":1.2,"d":3467021},{"pi":"422212","pc":"Электроника","ss":10000,"td":"Центр города","dc":4,"n":270.03,"vc":"11192","sl":"Очень высокий","sv":"13","p":42990.0,"q":19.66,"b":0.0,"ms":0.02,"wi":107.3,"ei":8.94,"as":307.26,"mi":"E","mv":72378,"sc":4,"lpe":91.42,"lpr":4778.1,"lq":1.2,"d":3467021},{"pi":"422212","pc":"Электроника","ss":100000,"td":"Центр города","dc":1,"n":406.92,"vc":"172077","sl":"Элитный","sv":"70000","p":25000.0,"q":36.95,"b":5.24,"ms":65.79,"wi":194.23,"ei":10.4,"as":1210.0,"mi":"D","mv":106398,"sc":2,"lpe":16.51,"lpr":9406.31,"lq":5.93,"d":2958984},{"pi":"422212","pc":"Электроника","ss":100000,"td":"Фешенебельный район","dc":1,"n":417.5,"vc":"42861","sl":"Элитный","sv":"18836","p":32000.0,"q":27.25,"b":0.0,"ms":17.7,"wi":194.23,"ei":10.4,"as":1210.0,"mi":"D","mv":106398,"sc":2,"lpe":16.51,"lpr":9406.31,"lq":5.93,"d":2958984},{"pi":"422212","pc":"Электроника","ss":100000,"td":"Центр города","dc":1,"n":563.41,"vc":"373793","sl":"Элитный","sv":"6000","p":20000.0,"q":36.95,"b":5.24,"ms":43.18,"wi":139.56,"ei":8.89,"as":1100.0,"mi":"E","mv":13894,"sc":1,"lpe":56.82,"lpr":9063.47,"lq":1.13,"d":412971},{"pi":"422212","pc":"Электроника","ss":50000,"td":"Фешенебельный район","dc":2,"n":623.72,"vc":"44509","sl":"Элитный","sv":"1","p":40000.0,"q":25.39,"b":0.0,"ms":0.03,"wi":37.21,"ei":4.6,"as":252.0,"mi":"E","mv":3732,"sc":1,"lpe":99.97,"lpr":3248.92,"lq":1.0,"d":276556},{"pi":"422212","pc":"Электроника","ss":131000,"td":"Центр города","dc":6,"n":657.13,"vc":"286598","sl":"Очень низкий","sv":"88","p":20000.0,"q":14.28,"b":0.0,"ms":3.02,"wi":58.99,"ei":3.15,"as":157.5,"mi":"E","mv":2911,"sc":1,"lpe":96.98,"lpr":3580.38,"lq":1.0,"d":81886},{"pi":"422212","pc":"Электроника","ss":100000,"td":"Фешенебельный район","dc":1,"n":686.87,"vc":"240340","sl":"Элитный","sv":"1004","p":64300.0,"q":38.17,"b":5.28,"ms":16.14,"wi":183.37,"ei":10.63,"as":554.86,"mi":"E","mv":6219,"sc":1,"lpe":83.86,"lpr":9334.23,"lq":6.17,"d":350454},{"pi":"422212","pc":"Электроника","ss":300000,"td":"Фешенебельный район","dc":1,"n":692.42,"vc":"604385","sl":"Элитный","sv":"11556","p":18888.81,"q":48.54,"b":4.9,"ms":14.21,"wi":145.8,"ei":11.89,"as":656.66,"mi":"E","mv":81320,"sc":2,"lpe":83.78,"lpr":3690.27,"lq":2.57,"d":913676},{"pi":"422212","pc":"Электроника","ss":200000,"td":"Центр города","dc":1,"n":511.14,"vc":"600053","sl":"Элитный","sv":"1632","p":19990.0,"q":29.52,"b":1.18818014705882,"ms":2.01,"wi":145.8,"ei":11.89,"as":656.66,"mi":"E","mv":81320,"sc":2,"lpe":83.78,"lpr":3690.27,"lq":2.57,"d":913676},{"pi":"422212","pc":"Электроника","ss":100000,"td":"Центр города","dc":1,"n":366.79,"vc":"60539","sl":"Элитный","sv":"632","p":20000.0,"q":33.15,"b":0.0,"ms":12.2,"wi":59.36,"ei":5.49,"as":712.14,"mi":"E","mv":5181,"sc":1,"lpe":87.8,"lpr":2069.96,"lq":1.83,"d":582826},{"pi":"422212","pc":"Электроника","ss":10000,"td":"Центр города","dc":1,"n":705.07,"vc":"142879","sl":"Низкий","sv":"500","p":20000.0,"q":23.36,"b":5.08,"ms":4.44,"wi":87.16,"ei":4.63,"as":342.0,"mi":"E","mv":11252,"sc":1,"lpe":95.56,"lpr":11095.3,"lq":1.0,"d":479356},{"pi":"422212","pc":"Электроника","ss":10000,"td":"Центр города","dc":1,"n":714.84,"vc":"133605","sl":"Низкий","sv":"801","p":25000.0,"q":23.8,"b":5.08,"ms":16.83,"wi":102.62,"ei":9.74,"as":577.59,"mi":"E","mv":4759,"sc":2,"lpe":83.08,"lpr":3011.93,"lq":2.01,"d":355596},{"pi":"422212","pc":"Электроника","ss":1000,"td":"Фешенебельный район","dc":1,"n":403.4,"vc":"409","sl":"Элитный","sv":"4","p":20000.0,"q":21.55,"b":0.0,"ms":0.08,"wi":102.62,"ei":9.74,"as":577.59,"mi":"E","mv":4759,"sc":2,"lpe":83.08,"lpr":3011.93,"lq":2.01,"d":355596},{"pi":"422212","pc":"Электроника","ss":1000,"td":"Фешенебельный район","dc":1,"n":634.75,"vc":"1276","sl":"Элитный","sv":"300","p":15000.0,"q":44.02,"b":0.0,"ms":12.07,"wi":68.28,"ei":5.44,"as":602.19,"mi":"E","mv":2486,"sc":1,"lpe":87.93,"lpr":3679.05,"lq":1.66,"d":348775},{"pi":"422212","pc":"Электроника","ss":1000,"td":"Фешенебельный район","dc":2,"n":530.28,"vc":"1221","sl":"Очень высокий","sv":"750","p":23000.0,"q":25.62,"b":0.0,"ms":5.71,"wi":47.02,"ei":8.56,"as":295.7,"mi":"E","mv":13128,"sc":1,"lpe":94.29,"lpr":5116.38,"lq":1.0,"d":1420288},{"pi":"422212","pc":"Электроника","ss":1000,"td":"Центр города","dc":5,"n":297.21,"vc":"2868","sl":"Низкий","sv":"212","p":35759.65,"q":19.62,"b":0.0,"ms":0.27,"wi":125.2,"ei":8.1,"as":460.75,"mi":"E","mv":77776,"sc":2,"lpe":99.6,"lpr":13892.91,"lq":1.0,"d":2610586},{"pi":"422212","pc":"Электроника","ss":1000,"td":"Центр города","dc":1,"n":420.08,"vc":"5734","sl":"Нормальный","sv":"100","p":15600.0,"q":31.75,"b":1.7,"ms":0.13,"wi":125.2,"ei":8.1,"as":460.75,"mi":"E","mv":77776,"sc":2,"lpe":99.6,"lpr":13892.91,"lq":1.0,"d":2610586},{"pi":"422212","pc":"Электроника","ss":500,"td":"Фешенебельный район","dc":1,"n":288.11,"vc":"140","sl":"Элитный","sv":"1032","p":18699.0,"q":22.69,"b":0.0,"ms":7.99,"wi":141.05,"ei":6.7,"as":518.62,"mi":"E","mv":12923,"sc":3,"lpe":88.49,"lpr":7779.61,"lq":4.67,"d":331084},{"pi":"422212","pc":"Электроника","ss":1000,"td":"Центр города","dc":1,"n":242.84,"vc":"1671","sl":"Очень высокий","sv":"386","p":35000.0,"q":26.34,"b":0.0,"ms":2.99,"wi":141.05,"ei":6.7,"as":518.62,"mi":"E","mv":12923,"sc":3,"lpe":88.49,"lpr":7779.61,"lq":4.67,"d":331084},{"pi":"422212","pc":"Электроника","ss":1000,"td":"Фешенебельный район","dc":1,"n":388.12,"vc":"568","sl":"Очень высокий","sv":"69","p":35000.0,"q":13.97,"b":0.296231884057971,"ms":0.53,"wi":141.05,"ei":6.7,"as":518.62,"mi":"E","mv":12923,"sc":3,"lpe":88.49,"lpr":7779.61,"lq":4.67,"d":331084},{"pi":"422212","pc":"Электроника","ss":1000,"td":"Фешенебельный район","dc":1,"n":337.36,"vc":"507","sl":"Элитный","sv":"2157","p":50000.0,"q":33.28,"b":0.0,"ms":10.08,"wi":166.71,"ei":6.9,"as":540.01,"mi":"E","mv":21394,"sc":3,"lpe":89.26,"lpr":14094.7,"lq":1.36,"d":538358},{"pi":"422212","pc":"Электроника","ss":1000,"td":"Центр города","dc":1,"n":116.05,"vc":"969","sl":"Очень высокий","sv":"130","p":50000.0,"q":17.12,"b":0.943384615384615,"ms":0.61,"wi":166.71,"ei":6.9,"as":540.01,"mi":"E","mv":21394,"sc":3,"lpe":89.26,"lpr":14094.7,"lq":1.36,"d":538358},{"pi":"422212","pc":"Электроника","ss":1000,"td":"Фешенебельный район","dc":1,"n":124.35,"vc":"102","sl":"Элитный","sv":"10","p":65000.0,"q":14.41,"b":0.0,"ms":0.05,"wi":166.71,"ei":6.9,"as":540.01,"mi":"E","mv":21394,"sc":3,"lpe":89.26,"lpr":14094.7,"lq":1.36,"d":538358},{"pi":"422212","pc":"Электроника","ss":100000,"td":"Фешенебельный район","dc":1,"n":522.04,"vc":"22845","sl":"Элитный","sv":"273","p":18999.99,"q":23.0,"b":0.0,"ms":9.0,"wi":79.57,"ei":10.12,"as":1162.01,"mi":"E","mv":3033,"sc":1,"lpe":91.0,"lpr":2058.37,"lq":1.0,"d":186723},{"pi":"422212","pc":"Электроника","ss":200000,"td":"Центр города","dc":1,"n":422.43,"vc":"238840","sl":"Элитный","sv":"200","p":16717.57,"q":26.34,"b":0.0,"ms":1.63,"wi":13.28,"ei":9.0,"as":231.12,"mi":"E","mv":12287,"sc":2,"lpe":98.35,"lpr":2498.44,"lq":1.0,"d":2769076},{"pi":"422212","pc":"Электроника","ss":100000,"td":"Спальный район","dc":9,"n":737.39,"vc":"2055582","sl":"Очень низкий","sv":"3","p":30878.71,"q":31.06,"b":0.0,"ms":0.02,"wi":13.28,"ei":9.0,"as":231.12,"mi":"E","mv":12287,"sc":2,"lpe":98.35,"lpr":2498.44,"lq":1.0,"d":2769076},{"pi":"422212","pc":"Электроника","ss":100000,"td":"Центр города","dc":2,"n":328.27,"vc":"51679","sl":"Элитный","sv":"600","p":18000.0,"q":33.15,"b":0.0,"ms":11.9,"wi":27.4,"ei":8.22,"as":420.07,"mi":"E","mv":5040,"sc":1,"lpe":88.1,"lpr":2002.08,"lq":1.23,"d":966821},{"pi":"422212","pc":"Электроника","ss":800,"td":"Центр города","dc":1,"n":298.96,"vc":"985","sl":"Элитный","sv":"31","p":23000.0,"q":26.34,"b":0.0,"ms":0.74,"wi":106.16,"ei":6.84,"as":484.04,"mi":"E","mv":4200,"sc":1,"lpe":99.26,"lpr":9791.32,"lq":1.0,"d":140078},{"pi":"422212","pc":"Электроника","ss":1000,"td":"Центр города","dc":1,"n":423.46,"vc":"2147","sl":"Очень высокий","sv":"100","p":15000.0,"q":20.01,"b":0.0,"ms":2.17,"wi":96.98,"ei":6.3,"as":447.44,"mi":"E","mv":4598,"sc":1,"lpe":97.83,"lpr":7284.72,"lq":1.0,"d":117491},{"pi":"422212","pc":"Электроника","ss":1000,"td":"Центр города","dc":1,"n":342.85,"vc":"2104","sl":"Очень высокий","sv":"600","p":16000.0,"q":14.3,"b":1.01226666666667,"ms":11.53,"wi":95.1,"ei":6.2,"as":451.39,"mi":"E","mv":5202,"sc":1,"lpe":88.47,"lpr":6251.53,"lq":1.34,"d":127696},{"pi":"422212","pc":"Электроника","ss":1000,"td":"Центр города","dc":1,"n":309.5,"vc":"1144","sl":"Элитный","sv":"31","p":15000.0,"q":20.01,"b":0.0,"ms":0.58,"wi":122.1,"ei":6.4,"as":451.77,"mi":"E","mv":5335,"sc":1,"lpe":99.42,"lpr":11506.51,"lq":1.0,"d":122007},{"pi":"422212","pc":"Электроника","ss":1000,"td":"Фешенебельный район","dc":1,"n":251.06,"vc":"154","sl":"Элитный","sv":"51","p":15000.0,"q":11.57,"b":0.0,"ms":1.85,"wi":80.15,"ei":5.9,"as":431.2,"mi":"E","mv":2750,"sc":1,"lpe":98.15,"lpr":4972.48,"lq":1.0,"d":72696},{"pi":"422212","pc":"Электроника","ss":1000,"td":"Центр города","dc":2,"n":362.03,"vc":"1970","sl":"Высокий","sv":"146","p":25000.0,"q":23.68,"b":0.0,"ms":4.98,"wi":84.48,"ei":6.0,"as":441.0,"mi":"E","mv":2933,"sc":1,"lpe":95.02,"lpr":5894.67,"lq":1.0,"d":77500},{"pi":"422212","pc":"Электроника","ss":1000,"td":"Фешенебельный район","dc":1,"n":401.66,"vc":"257","sl":"Элитный","sv":"650","p":16000.0,"q":14.28,"b":0.0,"ms":17.39,"wi":84.03,"ei":6.1,"as":441.78,"mi":"E","mv":3738,"sc":1,"lpe":82.61,"lpr":5670.1,"lq":1.11,"d":87764},{"pi":"422212","pc":"Электроника","ss":1000,"td":"Центр города","dc":2,"n":283.52,"vc":"1368","sl":"Очень высокий","sv":"90","p":21000.0,"q":26.34,"b":0.0,"ms":2.76,"wi":75.38,"ei":6.0,"as":441.78,"mi":"E","mv":3262,"sc":1,"lpe":97.24,"lpr":7802.63,"lq":1.0,"d":96904},{"pi":"422212","pc":"Электроника","ss":100000,"td":"Фешенебельный район","dc":1,"n":657.63,"vc":"292600","sl":"Элитный","sv":"5531","p":35000.0,"q":41.13,"b":1.19,"ms":6.95,"wi":67.87,"ei":13.63,"as":294.09,"mi":"E","mv":79604,"sc":4,"lpe":86.75,"lpr":6947.2,"lq":3.17,"d":3707406},{"pi":"422212","pc":"Электроника","ss":100000,"td":"Спальный район","dc":1,"n":708.63,"vc":"2388852","sl":"Низкий","sv":"3540","p":31808.97,"q":34.71,"b":0.0,"ms":4.45,"wi":67.87,"ei":13.63,"as":294.09,"mi":"E","mv":79604,"sc":4,"lpe":86.75,"lpr":6947.2,"lq":3.17,"d":3707406},{"pi":"422212","pc":"Электроника","ss":200000,"td":"Спальный район","dc":9,"n":708.63,"vc":"5246761","sl":"Очень низкий","sv":"1153","p":31070.1,"q":44.02,"b":0.0,"ms":1.45,"wi":67.87,"ei":13.63,"as":294.09,"mi":"E","mv":79604,"sc":4,"lpe":86.75,"lpr":6947.2,"lq":3.17,"d":3707406},{"pi":"422212","pc":"Электроника","ss":110000,"td":"Центр города","dc":1,"n":600.65,"vc":"1865864","sl":"Нормальный","sv":"324","p":45000.0,"q":25.9,"b":1.84,"ms":0.41,"wi":67.87,"ei":13.63,"as":294.09,"mi":"E","mv":79604,"sc":4,"lpe":86.75,"lpr":6947.2,"lq":3.17,"d":3707406},{"pi":"422212","pc":"Электроника","ss":100000,"td":"Центр города","dc":1,"n":468.61,"vc":"195501","sl":"Элитный","sv":"500","p":17800.0,"q":29.85,"b":0.0,"ms":3.96,"wi":50.91,"ei":7.23,"as":383.45,"mi":"E","mv":12642,"sc":1,"lpe":96.04,"lpr":7964.74,"lq":1.0,"d":853087},{"pi":"422212","pc":"Электроника","ss":100000,"td":"Спальный район","dc":9,"n":730.92,"vc":"2017509","sl":"Очень низкий","sv":"2187","p":35736.9,"q":34.72,"b":0.0,"ms":37.11,"wi":41.49,"ei":8.68,"as":310.6,"mi":"E","mv":5893,"sc":2,"lpe":56.19,"lpr":12396.44,"lq":1.32,"d":1113360},{"pi":"422212","pc":"Электроника","ss":120000,"td":"Центр города","dc":4,"n":302.46,"vc":"49670","sl":"Элитный","sv":"395","p":69000.0,"q":31.27,"b":0.0,"ms":6.7,"wi":41.49,"ei":8.68,"as":310.6,"mi":"E","mv":5893,"sc":2,"lpe":56.19,"lpr":12396.44,"lq":1.32,"d":1113360},{"pi":"422212","pc":"Электроника","ss":100000,"td":"Центр города","dc":1,"n":444.83,"vc":"336756","sl":"Элитный","sv":"10000","p":50000.0,"q":38.02,"b":2.42,"ms":6.14,"wi":130.81,"ei":7.37,"as":688.02,"mi":"E","mv":162952,"sc":1,"lpe":93.86,"lpr":9871.75,"lq":1.0,"d":2232911},{"pi":"422212","pc":"Электроника","ss":100000,"td":"Фешенебельный район","dc":1,"n":106.04,"vc":"99950","sl":"Элитный","sv":"4256","p":53000.0,"q":27.02,"b":4.51,"ms":16.7,"wi":132.63,"ei":9.47,"as":1003.71,"mi":"E","mv":25484,"sc":2,"lpe":80.94,"lpr":10393.53,"lq":7.0,"d":729058},{"pi":"422212","pc":"Электроника","ss":100000,"td":"Фешенебельный район","dc":1,"n":382.87,"vc":"12544","sl":"Элитный","sv":"600","p":39999.99,"q":33.32,"b":0.243,"ms":2.35,"wi":132.63,"ei":9.47,"as":1003.71,"mi":"E","mv":25484,"sc":2,"lpe":80.94,"lpr":10393.53,"lq":7.0,"d":729058},{"pi":"422212","pc":"Электроника","ss":100000,"td":"Центр города","dc":1,"n":685.37,"vc":"2110857","sl":"Низкий","sv":"6340","p":35000.0,"q":23.36,"b":4.62,"ms":11.01,"wi":93.52,"ei":7.83,"as":577.18,"mi":"E","mv":57597,"sc":1,"lpe":88.99,"lpr":14232.5,"lq":7.89,"d":1817806},{"pi":"422212","pc":"Электроника","ss":100000,"td":"Центр города","dc":1,"n":644.45,"vc":"1855574","sl":"Нормальный","sv":"21000","p":30000.0,"q":23.36,"b":4.62,"ms":8.53,"wi":121.15,"ei":7.63,"as":614.74,"mi":"E","mv":246332,"sc":1,"lpe":91.47,"lpr":7205.5,"lq":1.0,"d":3870867},{"pi":"422212","pc":"Электроника","ss":200000,"td":"Пригород","dc":3,"n":262.37,"vc":"26633","sl":"Элитный","sv":"6855","p":20000.0,"q":22.75,"b":0.0,"ms":20.25,"wi":106.19,"ei":8.28,"as":576.82,"mi":"E","mv":33858,"sc":2,"lpe":76.48,"lpr":9393.14,"lq":6.24,"d":2781411},{"pi":"422212","pc":"Электроника","ss":1000,"td":"Центр города","dc":1,"n":189.26,"vc":"1735","sl":"Очень высокий","sv":"1108","p":10000.0,"q":11.2,"b":0.0,"ms":3.27,"wi":106.19,"ei":8.28,"as":576.82,"mi":"E","mv":33858,"sc":2,"lpe":76.48,"lpr":9393.14,"lq":6.24,"d":2781411},{"pi":"422212","pc":"Электроника","ss":10000,"td":"Центр города","dc":6,"n":351.95,"vc":"10061","sl":"Высокий","sv":"20","p":33900.0,"q":14.56,"b":0.0,"ms":0.25,"wi":85.96,"ei":7.29,"as":600.16,"mi":"E","mv":8014,"sc":1,"lpe":99.75,"lpr":24967.01,"lq":1.0,"d":464851},{"pi":"422212","pc":"Электроника","ss":1000,"td":"Центр города","dc":1,"n":325.18,"vc":"2274","sl":"Очень высокий","sv":"60","p":12600.0,"q":22.16,"b":0.0,"ms":1.19,"wi":21.68,"ei":10.0,"as":529.52,"mi":"E","mv":5058,"sc":1,"lpe":98.81,"lpr":8101.75,"lq":1.0,"d":1704080},{"pi":"422212","pc":"Электроника","ss":30000,"td":"Центр города","dc":1,"n":580.83,"vc":"115968","sl":"Очень высокий","sv":"807","p":23000.0,"q":22.36,"b":0.0,"ms":10.88,"wi":70.76,"ei":6.07,"as":517.04,"mi":"E","mv":7414,"sc":1,"lpe":89.12,"lpr":3510.57,"lq":2.3,"d":276107},{"pi":"422212","pc":"Электроника","ss":100000,"td":"Фешенебельный район","dc":1,"n":600.29,"vc":"244114","sl":"Элитный","sv":"1000","p":43000.0,"q":27.05,"b":0.72,"ms":4.62,"wi":65.93,"ei":10.05,"as":720.78,"mi":"E","mv":21642,"sc":2,"lpe":94.82,"lpr":9165.61,"lq":1.0,"d":3656347},{"pi":"422212","pc":"Электроника","ss":2000,"td":"Центр города","dc":3,"n":278.28,"vc":"4339","sl":"Нормальный","sv":"121","p":26890.0,"q":18.2,"b":0.0,"ms":0.56,"wi":65.93,"ei":10.05,"as":720.78,"mi":"E","mv":21642,"sc":2,"lpe":94.82,"lpr":9165.61,"lq":1.0,"d":3656347},{"pi":"422212","pc":"Электроника","ss":100000,"td":"Фешенебельный район","dc":5,"n":591.92,"vc":"251052","sl":"Нормальный","sv":"1416","p":52000.0,"q":27.04,"b":4.67,"ms":6.74,"wi":69.18,"ei":9.32,"as":403.09,"mi":"E","mv":21020,"sc":2,"lpe":91.84,"lpr":6784.66,"lq":1.0,"d":3832440},{"pi":"422212","pc":"Электроника","ss":30000,"td":"Центр города","dc":1,"n":362.44,"vc":"50430","sl":"Элитный","sv":"300","p":26500.0,"q":25.62,"b":1.71,"ms":1.43,"wi":69.18,"ei":9.32,"as":403.09,"mi":"E","mv":21020,"sc":2,"lpe":91.84,"lpr":6784.66,"lq":1.0,"d":3832440},{"pi":"422212","pc":"Электроника","ss":100000,"td":"Центр города","dc":1,"n":560.83,"vc":"367241","sl":"Элитный","sv":"2600","p":25000.0,"q":36.95,"b":7.34,"ms":18.57,"wi":137.58,"ei":9.18,"as":1120.0,"mi":"E","mv":13998,"sc":1,"lpe":81.43,"lpr":11954.8,"lq":2.07,"d":572874},{"pi":"422212","pc":"Электроника","ss":220000,"td":"Центр города","dc":2,"n":291.83,"vc":"59214","sl":"Элитный","sv":"1053","p":20000.0,"q":30.73,"b":1.86,"ms":41.34,"wi":84.96,"ei":8.47,"as":440.98,"mi":"E","mv":2547,"sc":1,"lpe":58.66,"lpr":5531.06,"lq":3.7,"d":1822098},{"pi":"422212","pc":"Электроника","ss":300000,"td":"Центр города","dc":3,"n":689.67,"vc":"136780","sl":"Элитный","sv":"13","p":25000.0,"q":23.08,"b":0.0,"ms":2.28,"wi":25.66,"ei":6.9,"as":293.41,"mi":"E","mv":571,"sc":1,"lpe":97.72,"lpr":2932.85,"lq":1.0,"d":188646},{"pi":"422212","pc":"Электроника","ss":300000,"td":"Центр города","dc":1,"n":665.17,"vc":"2966355","sl":"Очень высокий","sv":"1000","p":11943.11,"q":36.09,"b":2.81,"ms":4.54,"wi":148.54,"ei":7.19,"as":419.73,"mi":"E","mv":22024,"sc":1,"lpe":95.46,"lpr":8598.51,"lq":1.0,"d":565020},{"pi":"422212","pc":"Электроника","ss":1000,"td":"Фешенебельный район","dc":1,"n":623.44,"vc":"920","sl":"Элитный","sv":"386","p":30000.0,"q":24.53,"b":0.0,"ms":20.02,"wi":80.55,"ei":17.57,"as":489.16,"mi":"E","mv":1928,"sc":1,"lpe":79.98,"lpr":7955.21,"lq":4.47,"d":263369},{"pi":"422212","pc":"Электроника","ss":300000,"td":"Центр города","dc":2,"n":487.17,"vc":"1361045","sl":"Очень высокий","sv":"56000","p":79028.66,"q":24.06,"b":0.0,"ms":9.99,"wi":271.56,"ei":9.5,"as":3077.85,"mi":"E","mv":560770,"sc":5,"lpe":77.79,"lpr":50788.01,"lq":1.38,"d":11522928},{"pi":"422212","pc":"Электроника","ss":300000,"td":"Фешенебельный район","dc":1,"n":644.26,"vc":"1385784","sl":"Элитный","sv":"50000","p":142000.0,"q":22.47,"b":0.0,"ms":8.92,"wi":271.56,"ei":9.5,"as":3077.85,"mi":"E","mv":560770,"sc":5,"lpe":77.79,"lpr":50788.01,"lq":1.38,"d":11522928},{"pi":"422212","pc":"Электроника","ss":300000,"td":"Центр города","dc":2,"n":593.48,"vc":"5671184","sl":"Низкий","sv":"12000","p":169000.0,"q":39.74,"b":4.71,"ms":2.14,"wi":271.56,"ei":9.5,"as":3077.85,"mi":"E","mv":560770,"sc":5,"lpe":77.79,"lpr":50788.01,"lq":1.38,"d":11522928},{"pi":"422212","pc":"Электроника","ss":110000,"td":"Центр города","dc":1,"n":516.3,"vc":"1299982","sl":"Высокий","sv":"6500","p":42000.0,"q":28.75,"b":1.65,"ms":1.16,"wi":271.56,"ei":9.5,"as":3077.85,"mi":"E","mv":560770,"sc":5,"lpe":77.79,"lpr":50788.01,"lq":1.38,"d":11522928},{"pi":"422212","pc":"Электроника","ss":2000,"td":"Центр города","dc":2,"n":0.56,"vc":"1294","sl":"Элитный","sv":"30","p":45000.0,"q":24.06,"b":0.0,"ms":0.01,"wi":271.56,"ei":9.5,"as":3077.85,"mi":"E","mv":560770,"sc":5,"lpe":77.79,"lpr":50788.01,"lq":1.38,"d":11522928},{"pi":"422212","pc":"Электроника","ss":100000,"td":"Центр города","dc":1,"n":226.41,"vc":"27054","sl":"Очень высокий","sv":"3739","p":17000.0,"q":19.5,"b":0.63,"ms":7.88,"wi":78.92,"ei":7.43,"as":400.74,"mi":"E","mv":47475,"sc":3,"lpe":84.74,"lpr":3917.03,"lq":2.69,"d":2134448},{"pi":"422212","pc":"Электроника","ss":100000,"td":"Фешенебельный район","dc":1,"n":682.73,"vc":"489834","sl":"Очень высокий","sv":"3445","p":32140.0,"q":38.23,"b":3.77,"ms":7.26,"wi":78.92,"ei":7.43,"as":400.74,"mi":"E","mv":47475,"sc":3,"lpe":84.74,"lpr":3917.03,"lq":2.69,"d":2134448},{"pi":"422212","pc":"Электроника","ss":100000,"td":"Центр города","dc":1,"n":657.01,"vc":"1700036","sl":"Низкий","sv":"60","p":35000.0,"q":24.45,"b":4.46,"ms":0.13,"wi":78.92,"ei":7.43,"as":400.74,"mi":"E","mv":47475,"sc":3,"lpe":84.74,"lpr":3917.03,"lq":2.69,"d":2134448},{"pi":"422212","pc":"Электроника","ss":100000,"td":"Центр города","dc":2,"n":304.72,"vc":"47101","sl":"Элитный","sv":"656","p":18550.0,"q":33.15,"b":0.0,"ms":14.01,"wi":30.25,"ei":7.21,"as":892.71,"mi":"E","mv":4682,"sc":1,"lpe":85.99,"lpr":2349.13,"lq":2.0,"d":1389851},{"pi":"422212","pc":"Электроника","ss":100000,"td":"Центр города","dc":1,"n":616.38,"vc":"500230","sl":"Очень высокий","sv":"1600","p":25000.0,"q":36.95,"b":7.34,"ms":21.14,"wi":97.02,"ei":7.2,"as":927.12,"mi":"E","mv":7567,"sc":1,"lpe":78.86,"lpr":8613.69,"lq":1.1,"d":267364},{"pi":"422212","pc":"Электроника","ss":100000,"td":"Центр города","dc":1,"n":614.16,"vc":"494035","sl":"Очень высокий","sv":"1400","p":15000.0,"q":36.95,"b":7.34,"ms":22.05,"wi":124.16,"ei":7.7,"as":1039.5,"mi":"E","mv":6348,"sc":1,"lpe":77.95,"lpr":10080.46,"lq":1.1,"d":269220},{"pi":"422212","pc":"Электроника","ss":100000,"td":"Центр города","dc":1,"n":591.78,"vc":"437461","sl":"Элитный","sv":"2000","p":20000.0,"q":36.95,"b":7.34,"ms":20.99,"wi":129.79,"ei":8.93,"as":1102.5,"mi":"E","mv":9530,"sc":1,"lpe":79.01,"lpr":5776.95,"lq":1.06,"d":433326},{"pi":"422212","pc":"Электроника","ss":100000,"td":"Центр города","dc":1,"n":586.15,"vc":"416630","sl":"Элитный","sv":"9300","p":25000.0,"q":36.95,"b":7.34,"ms":93.42,"wi":218.45,"ei":9.14,"as":1155.0,"mi":"D","mv":9955,"sc":1,"lpe":0.0,"lpr":11396.14,"lq":6.73,"d":310955},{"pi":"422212","pc":"Электроника","ss":1500,"td":"Фешенебельный район","dc":2,"n":284.12,"vc":"240","sl":"Элитный","sv":"25","p":90000.0,"q":26.34,"b":0.0,"ms":1.74,"wi":74.29,"ei":22.79,"as":7985.96,"mi":"E","mv":1438,"sc":1,"lpe":98.26,"lpr":26160.75,"lq":1.0,"d":99462},{"pi":"422212","pc":"Электроника","ss":1000,"td":"Центр города","dc":3,"n":104.9,"vc":"330","sl":"Элитный","sv":"41","p":65000.0,"q":20.3,"b":0.0,"ms":1.07,"wi":152.54,"ei":6.1,"as":450.8,"mi":"E","mv":3822,"sc":1,"lpe":98.93,"lpr":15050.38,"lq":1.0,"d":94738},{"pi":"422212","pc":"Электроника","ss":200000,"td":"Центр города","dc":1,"n":508.76,"vc":"410164","sl":"Элитный","sv":"11425","p":16098.38,"q":25.14,"b":0.0,"ms":100.0,"wi":48.27,"ei":9.46,"as":249.03,"mi":"B","mv":11425,"sc":1,"lpe":0.0,"lpr":3956.94,"lq":1.97,"d":661640},{"pi":"422212","pc":"Электроника","ss":1000,"td":"Фешенебельный район","dc":1,"n":487.17,"vc":"1228","sl":"Элитный","sv":"207","p":42500.0,"q":24.55,"b":0.68,"ms":1.15,"wi":109.05,"ei":10.93,"as":895.15,"mi":"E","mv":18019,"sc":1,"lpe":98.85,"lpr":11094.34,"lq":1.0,"d":822507},{"pi":"422212","pc":"Электроника","ss":1000,"td":"Фешенебельный район","dc":1,"n":611.64,"vc":"1011","sl":"Элитный","sv":"2208","p":11000.0,"q":24.53,"b":0.68,"ms":20.0,"wi":55.55,"ei":7.93,"as":747.15,"mi":"E","mv":11041,"sc":1,"lpe":80.0,"lpr":2277.52,"lq":1.55,"d":312327},{"pi":"422212","pc":"Электроника","ss":1000,"td":"Фешенебельный район","dc":1,"n":626.05,"vc":"1336","sl":"Элитный","sv":"660","p":15000.0,"q":24.53,"b":0.68,"ms":20.05,"wi":43.93,"ei":7.81,"as":823.2,"mi":"E","mv":3292,"sc":1,"lpe":79.95,"lpr":2907.77,"lq":2.09,"d":171629},{"pi":"422212","pc":"Электроника","ss":100000,"td":"Центр города","dc":3,"n":537.9,"vc":"260094","sl":"Низкий","sv":"563","p":32599.0,"q":19.9,"b":1.01,"ms":22.38,"wi":89.51,"ei":5.66,"as":1251.03,"mi":"E","mv":2516,"sc":1,"lpe":77.62,"lpr":6091.06,"lq":4.26,"d":289693},{"pi":"422212","pc":"Электроника","ss":100000,"td":"Фешенебельный район","dc":2,"n":655.79,"vc":"227404","sl":"Очень высокий","sv":"2548","p":60000.0,"q":36.53,"b":2.82,"ms":11.5,"wi":93.03,"ei":6.75,"as":1135.42,"mi":"E","mv":22157,"sc":1,"lpe":88.5,"lpr":9633.17,"lq":7.45,"d":1839765},{"pi":"422212","pc":"Электроника","ss":100000,"td":"Центр города","dc":1,"n":438.79,"vc":"247248","sl":"Элитный","sv":"4001","p":30000.0,"q":24.97,"b":0.0,"ms":13.65,"wi":98.75,"ei":9.64,"as":1895.76,"mi":"E","mv":29317,"sc":1,"lpe":86.35,"lpr":17476.89,"lq":1.25,"d":1090374},{"pi":"422212","pc":"Электроника","ss":100000,"td":"Центр города","dc":1,"n":505.71,"vc":"222154","sl":"Элитный","sv":"1813","p":17000.0,"q":31.75,"b":1.14,"ms":9.77,"wi":91.51,"ei":9.68,"as":1320.53,"mi":"E","mv":18549,"sc":1,"lpe":90.23,"lpr":2619.72,"lq":1.0,"d":409575},{"pi":"422212","pc":"Электроника","ss":300000,"td":"Фешенебельный район","dc":1,"n":693.89,"vc":"587508","sl":"Элитный","sv":"2501","p":63636.63,"q":47.85,"b":7.27,"ms":12.08,"wi":169.6,"ei":11.76,"as":862.01,"mi":"E","mv":20698,"sc":2,"lpe":87.29,"lpr":10639.95,"lq":26.73,"d":809246},{"pi":"422212","pc":"Электроника","ss":100000,"td":"Центр города","dc":1,"n":659.53,"vc":"1860477","sl":"Нормальный","sv":"129","p":46000.0,"q":26.29,"b":5.43,"ms":0.62,"wi":169.6,"ei":11.76,"as":862.01,"mi":"E","mv":20698,"sc":2,"lpe":87.29,"lpr":10639.95,"lq":26.73,"d":809246},{"pi":"422212","pc":"Электроника","ss":100000,"td":"Спальный район","dc":9,"n":698.81,"vc":"2796040","sl":"Очень низкий","sv":"4720","p":16079.94,"q":30.85,"b":2.02280084745763,"ms":2.93,"wi":64.66,"ei":6.67,"as":632.01,"mi":"E","mv":161263,"sc":4,"lpe":92.43,"lpr":3811.08,"lq":2.52,"d":6381298},{"pi":"422212","pc":"Электроника","ss":140000,"td":"Фешенебельный район","dc":1,"n":428.15,"vc":"82584","sl":"Элитный","sv":"4680","p":16000.0,"q":23.08,"b":4.54,"ms":2.9,"wi":64.66,"ei":6.67,"as":632.01,"mi":"E","mv":161263,"sc":4,"lpe":92.43,"lpr":3811.08,"lq":2.52,"d":6381298},{"pi":"422212","pc":"Электроника","ss":100000,"td":"Центр города","dc":1,"n":679.48,"vc":"3095699","sl":"Низкий","sv":"2303","p":22000.0,"q":24.19,"b":4.46,"ms":1.43,"wi":64.66,"ei":6.67,"as":632.01,"mi":"E","mv":161263,"sc":4,"lpe":92.43,"lpr":3811.08,"lq":2.52,"d":6381298},{"pi":"422212","pc":"Электроника","ss":200000,"td":"Центр города","dc":1,"n":390.72,"vc":"338475","sl":"Высокий","sv":"500","p":17000.0,"q":19.38,"b":0.63,"ms":0.31,"wi":64.66,"ei":6.67,"as":632.01,"mi":"E","mv":161263,"sc":4,"lpe":92.43,"lpr":3811.08,"lq":2.52,"d":6381298},{"pi":"422212","pc":"Электроника","ss":100000,"td":"Центр города","dc":9,"n":717.66,"vc":"3035472","sl":"Очень низкий","sv":"3692","p":22500.06,"q":23.87,"b":4.43,"ms":9.14,"wi":52.92,"ei":7.44,"as":365.51,"mi":"E","mv":40401,"sc":1,"lpe":90.86,"lpr":4280.37,"lq":1.72,"d":2113478},{"pi":"422212","pc":"Электроника","ss":100000,"td":"Спальный район","dc":9,"n":709.72,"vc":"2508128","sl":"Очень низкий","sv":"8245","p":47380.38,"q":24.06,"b":4.43,"ms":27.71,"wi":62.73,"ei":6.99,"as":617.44,"mi":"E","mv":29751,"sc":1,"lpe":72.29,"lpr":11711.33,"lq":1.52,"d":3467257},{"pi":"422212","pc":"Электроника","ss":100000,"td":"Центр города","dc":1,"n":530.51,"vc":"250567","sl":"Элитный","sv":"808","p":21000.0,"q":32.28,"b":1.14,"ms":13.06,"wi":98.02,"ei":8.76,"as":1157.46,"mi":"E","mv":6187,"sc":1,"lpe":86.94,"lpr":2292.47,"lq":1.38,"d":290320},{"pi":"422212","pc":"Электроника","ss":100000,"td":"Спальный район","dc":1,"n":571.69,"vc":"230307","sl":"Элитный","sv":"669","p":25000.0,"q":33.14,"b":1.14,"ms":14.8,"wi":89.43,"ei":8.99,"as":1273.01,"mi":"E","mv":4521,"sc":1,"lpe":85.2,"lpr":3770.5,"lq":2.64,"d":169137},{"pi":"422212","pc":"Электроника","ss":100000,"td":"Фешенебельный район","dc":1,"n":682.76,"vc":"409336","sl":"Элитный","sv":"13910","p":30000.0,"q":36.28,"b":4.82,"ms":6.65,"wi":134.2,"ei":9.8,"as":725.97,"mi":"E","mv":209245,"sc":1,"lpe":93.35,"lpr":12161.07,"lq":4.58,"d":4067094},{"pi":"422212","pc":"Электроника","ss":100000,"td":"Центр города","dc":2,"n":653.11,"vc":"1436502","sl":"Низкий","sv":"316","p":47000.0,"q":26.67,"b":5.43,"ms":1.86,"wi":88.89,"ei":7.78,"as":394.84,"mi":"E","mv":17028,"sc":1,"lpe":98.14,"lpr":4599.05,"lq":1.0,"d":461094},{"pi":"422212","pc":"Электроника","ss":1000,"td":"Центр города","dc":1,"n":262.68,"vc":"1568","sl":"Элитный","sv":"500","p":10000.0,"q":10.33,"b":0.0,"ms":1.91,"wi":177.51,"ei":8.42,"as":480.91,"mi":"E","mv":26205,"sc":1,"lpe":98.09,"lpr":9613.56,"lq":1.0,"d":638691},{"pi":"422212","pc":"Электроника","ss":100000,"td":"Фешенебельный район","dc":1,"n":687.61,"vc":"288592","sl":"Элитный","sv":"1","p":30000.0,"q":36.44,"b":4.74,"ms":0.0,"wi":84.09,"ei":6.95,"as":558.71,"mi":"E","mv":92896,"sc":1,"lpe":100.0,"lpr":6977.49,"lq":1.0,"d":1311608},{"pi":"422212","pc":"Электроника","ss":100000,"td":"Центр города","dc":1,"n":664.1,"vc":"1848131","sl":"Низкий","sv":"9931","p":30000.0,"q":23.36,"b":4.4,"ms":13.27,"wi":96.79,"ei":7.02,"as":524.32,"mi":"E","mv":74818,"sc":2,"lpe":86.72,"lpr":5468.72,"lq":3.85,"d":2230467},{"pi":"422212","pc":"Электроника","ss":10000,"td":"Фешенебельный район","dc":1,"n":139.61,"vc":"560","sl":"Элитный","sv":"4","p":30001.0,"q":34.81,"b":0.93,"ms":0.01,"wi":96.79,"ei":7.02,"as":524.32,"mi":"E","mv":74818,"sc":2,"lpe":86.72,"lpr":5468.72,"lq":3.85,"d":2230467},{"pi":"422212","pc":"Электроника","ss":1000,"td":"Фешенебельный район","dc":1,"n":395.96,"vc":"468","sl":"Элитный","sv":"2001","p":46050.0,"q":33.28,"b":0.0961319340329835,"ms":42.89,"wi":267.91,"ei":10.37,"as":2442.36,"mi":"E","mv":4665,"sc":2,"lpe":57.08,"lpr":28726.26,"lq":4.35,"d":167072},{"pi":"422212","pc":"Электроника","ss":1000,"td":"Центр города","dc":2,"n":294.65,"vc":"1175","sl":"Очень высокий","sv":"1","p":33900.0,"q":14.19,"b":0.0,"ms":0.02,"wi":267.91,"ei":10.37,"as":2442.36,"mi":"E","mv":4665,"sc":2,"lpe":57.08,"lpr":28726.26,"lq":4.35,"d":167072},{"pi":"422212","pc":"Электроника","ss":100000,"td":"Фешенебельный район","dc":1,"n":598.41,"vc":"60741","sl":"Элитный","sv":"589","p":15000.0,"q":23.76,"b":0.0,"ms":9.35,"wi":63.41,"ei":7.46,"as":388.5,"mi":"E","mv":6297,"sc":1,"lpe":90.65,"lpr":2367.21,"lq":1.82,"d":237417},{"pi":"422212","pc":"Электроника","ss":100000,"td":"Фешенебельный район","dc":1,"n":609.28,"vc":"64175","sl":"Элитный","sv":"221","p":16500.0,"q":23.76,"b":0.0,"ms":4.04,"wi":78.35,"ei":7.67,"as":430.5,"mi":"E","mv":5466,"sc":1,"lpe":95.96,"lpr":2498.48,"lq":1.0,"d":224960},{"pi":"422212","pc":"Электроника","ss":124100,"td":"Центр города","dc":10,"n":498.5,"vc":"267602","sl":"Низкий","sv":"2074","p":29999.0,"q":15.99,"b":0.0,"ms":9.84,"wi":114.36,"ei":10.52,"as":845.59,"mi":"E","mv":21070,"sc":1,"lpe":90.16,"lpr":9239.85,"lq":2.24,"d":538177},{"pi":"422212","pc":"Электроника","ss":100000,"td":"Фешенебельный район","dc":1,"n":639.98,"vc":"320694","sl":"Элитный","sv":"11667","p":33000.0,"q":36.44,"b":3.54,"ms":3.96,"wi":109.51,"ei":11.99,"as":1325.2,"mi":"E","mv":294448,"sc":2,"lpe":93.84,"lpr":14054.31,"lq":1.0,"d":6561214},{"pi":"422212","pc":"Электроника","ss":100000,"td":"Центр города","dc":1,"n":505.52,"vc":"586804","sl":"Очень высокий","sv":"6478","p":28000.0,"q":33.0,"b":1.15,"ms":2.2,"wi":109.51,"ei":11.99,"as":1325.2,"mi":"E","mv":294448,"sc":2,"lpe":93.84,"lpr":14054.31,"lq":1.0,"d":6561214},{"pi":"422212","pc":"Электроника","ss":1000,"td":"Фешенебельный район","dc":1,"n":661.34,"vc":"855","sl":"Элитный","sv":"121","p":21450.0,"q":27.73,"b":1.9,"ms":9.8,"wi":60.07,"ei":11.9,"as":886.32,"mi":"E","mv":1235,"sc":2,"lpe":86.32,"lpr":2797.42,"lq":2.07,"d":445742},{"pi":"422212","pc":"Электроника","ss":1000,"td":"Центр города","dc":1,"n":172.75,"vc":"363","sl":"Элитный","sv":"48","p":12800.0,"q":10.95,"b":0.567916666666667,"ms":3.89,"wi":60.07,"ei":11.9,"as":886.32,"mi":"E","mv":1235,"sc":2,"lpe":86.32,"lpr":2797.42,"lq":2.07,"d":445742},{"pi":"422212","pc":"Электроника","ss":1000,"td":"Центр города","dc":2,"n":204.75,"vc":"344","sl":"Элитный","sv":"47","p":19000.0,"q":20.5,"b":0.160425531914894,"ms":26.26,"wi":43.15,"ei":9.89,"as":1436.69,"mi":"E","mv":179,"sc":1,"lpe":73.74,"lpr":4354.72,"lq":3.11,"d":127845},{"pi":"422212","pc":"Электроника","ss":30000,"td":"Центр города","dc":1,"n":283.82,"vc":"15156","sl":"Элитный","sv":"500","p":15000.0,"q":22.16,"b":0.0,"ms":2.45,"wi":113.6,"ei":13.94,"as":679.12,"mi":"E","mv":20394,"sc":1,"lpe":97.55,"lpr":15287.51,"lq":1.0,"d":881677},{"pi":"422212","pc":"Электроника","ss":200000,"td":"Центр города","dc":1,"n":348.36,"vc":"486780","sl":"Элитный","sv":"86280","p":12000.0,"q":30.71,"b":0.67,"ms":14.87,"wi":147.51,"ei":10.87,"as":331.13,"mi":"E","mv":580167,"sc":6,"lpe":75.18,"lpr":3426.86,"lq":2.41,"d":23026019},{"pi":"422212","pc":"Электроника","ss":110000,"td":"Центр города","dc":1,"n":529.65,"vc":"1793196","sl":"Нормальный","sv":"54756","p":13000.0,"q":28.73,"b":2.73,"ms":9.44,"wi":147.51,"ei":10.87,"as":331.13,"mi":"E","mv":580167,"sc":6,"lpe":75.18,"lpr":3426.86,"lq":2.41,"d":23026019},{"pi":"422212","pc":"Электроника","ss":100000,"td":"Центр города","dc":1,"n":603.63,"vc":"2223894","sl":"Низкий","sv":"2000","p":18000.0,"q":23.36,"b":2.77,"ms":0.34,"wi":147.51,"ei":10.87,"as":331.13,"mi":"E","mv":580167,"sc":6,"lpe":75.18,"lpr":3426.86,"lq":2.41,"d":23026019},{"pi":"422212","pc":"Электроника","ss":100000,"td":"Окраина","dc":1,"n":269.04,"vc":"53460","sl":"Элитный","sv":"910","p":15000.0,"q":33.14,"b":0.23,"ms":0.16,"wi":147.51,"ei":10.87,"as":331.13,"mi":"E","mv":580167,"sc":6,"lpe":75.18,"lpr":3426.86,"lq":2.41,"d":23026019},{"pi":"422212","pc":"Электроника","ss":100000,"td":"Центр города","dc":4,"n":282.89,"vc":"101787","sl":"Очень высокий","sv":"41","p":20916.95,"q":18.24,"b":0.323414634146341,"ms":0.01,"wi":147.51,"ei":10.87,"as":331.13,"mi":"E","mv":580167,"sc":6,"lpe":75.18,"lpr":3426.86,"lq":2.41,"d":23026019},{"pi":"422212","pc":"Электроника","ss":10000,"td":"Центр города","dc":4,"n":282.85,"vc":"23199","sl":"Нормальный","sv":"33","p":15894.56,"q":19.51,"b":0.34,"ms":0.01,"wi":147.51,"ei":10.87,"as":331.13,"mi":"E","mv":580167,"sc":6,"lpe":75.18,"lpr":3426.86,"lq":2.41,"d":23026019},{"pi":"422212","pc":"Электроника","ss":100000,"td":"Центр города","dc":1,"n":156.81,"vc":"10160","sl":"Элитный","sv":"540","p":13000.0,"q":17.07,"b":0.0,"ms":5.4,"wi":53.68,"ei":8.23,"as":438.42,"mi":"E","mv":9999,"sc":2,"lpe":94.59,"lpr":5936.43,"lq":1.0,"d":1040089},{"pi":"422212","pc":"Электроника","ss":100000,"td":"Центр города","dc":7,"n":56.14,"vc":"3859","sl":"Элитный","sv":"1","p":33543.73,"q":15.36,"b":0.0,"ms":0.01,"wi":53.68,"ei":8.23,"as":438.42,"mi":"E","mv":9999,"sc":2,"lpe":94.59,"lpr":5936.43,"lq":1.0,"d":1040089},{"pi":"422212","pc":"Электроника","ss":100000,"td":"Центр города","dc":1,"n":689.02,"vc":"2898322","sl":"Низкий","sv":"2299","p":19000.0,"q":24.46,"b":2.77,"ms":10.01,"wi":22.9,"ei":9.72,"as":843.33,"mi":"E","mv":22966,"sc":1,"lpe":89.99,"lpr":2066.11,"lq":1.01,"d":4999116},{"pi":"422212","pc":"Электроника","ss":100000,"td":"Центр города","dc":1,"n":569.4,"vc":"1234692","sl":"Очень низкий","sv":"20000","p":27000.0,"q":22.63,"b":1.04,"ms":3.93,"wi":394.9,"ei":8.22,"as":694.55,"mi":"E","mv":508296,"sc":1,"lpe":96.07,"lpr":16944.54,"lq":1.0,"d":9501607},{"pi":"422212","pc":"Электроника","ss":1000,"td":"Фешенебельный район","dc":1,"n":321.4,"vc":"259","sl":"Элитный","sv":"504","p":25000.0,"q":20.0,"b":0.0,"ms":30.29,"wi":95.67,"ei":9.58,"as":540.28,"mi":"E","mv":1664,"sc":1,"lpe":69.71,"lpr":49076.51,"lq":1.41,"d":459090},{"pi":"422212","pc":"Электроника","ss":30000,"td":"Центр города","dc":1,"n":426.93,"vc":"62830","sl":"Элитный","sv":"2000","p":19000.0,"q":25.62,"b":1.64,"ms":2.71,"wi":237.1,"ei":8.1,"as":544.78,"mi":"E","mv":73694,"sc":1,"lpe":97.29,"lpr":12254.38,"lq":1.0,"d":1532131},{"pi":"422212","pc":"Электроника","ss":100000,"td":"Центр города","dc":1,"n":483.07,"vc":"442948","sl":"Элитный","sv":"10001","p":50000.0,"q":33.28,"b":0.200732926707329,"ms":19.73,"wi":207.16,"ei":8.03,"as":511.29,"mi":"E","mv":50688,"sc":1,"lpe":80.27,"lpr":12657.69,"lq":5.9,"d":1709120},{"pi":"422212","pc":"Электроника","ss":1000,"td":"Фешенебельный район","dc":1,"n":704.21,"vc":"1129","sl":"Элитный","sv":"217","p":15000.0,"q":24.53,"b":0.68,"ms":19.96,"wi":40.45,"ei":6.38,"as":420.87,"mi":"E","mv":1087,"sc":1,"lpe":80.04,"lpr":3176.79,"lq":2.07,"d":76332},{"pi":"422212","pc":"Электроника","ss":140000,"td":"Центр города","dc":1,"n":468.33,"vc":"272648","sl":"Элитный","sv":"2000","p":17000.0,"q":25.62,"b":1.64,"ms":15.48,"wi":144.2,"ei":10.07,"as":537.52,"mi":"E","mv":12920,"sc":2,"lpe":83.87,"lpr":8679.65,"lq":4.77,"d":866686},{"pi":"422212","pc":"Электроника","ss":100000,"td":"Центр города","dc":7,"n":304.25,"vc":"41715","sl":"Элитный","sv":"84","p":39500.0,"q":11.17,"b":0.0,"ms":0.65,"wi":144.2,"ei":10.07,"as":537.52,"mi":"E","mv":12920,"sc":2,"lpe":83.87,"lpr":8679.65,"lq":4.77,"d":866686},{"pi":"422212","pc":"Электроника","ss":200000,"td":"Пригород","dc":2,"n":288.77,"vc":"29506","sl":"Элитный","sv":"6824","p":43000.0,"q":33.28,"b":0.207283118405627,"ms":15.82,"wi":233.18,"ei":10.45,"as":460.64,"mi":"E","mv":43127,"sc":1,"lpe":84.18,"lpr":15171.58,"lq":3.96,"d":1799109},{"pi":"422212","pc":"Электроника","ss":13200,"td":"Центр города","dc":1,"n":386.11,"vc":"26619","sl":"Элитный","sv":"1602","p":20000.0,"q":24.97,"b":0.117553058676654,"ms":8.87,"wi":75.39,"ei":6.9,"as":407.12,"mi":"E","mv":18060,"sc":1,"lpe":91.13,"lpr":5132.62,"lq":1.0,"d":598774},{"pi":"422212","pc":"Электроника","ss":100000,"td":"Центр города","dc":1,"n":559.33,"vc":"481671","sl":"Высокий","sv":"1045","p":25000.0,"q":29.48,"b":0.00307177033492823,"ms":5.85,"wi":65.87,"ei":10.93,"as":472.38,"mi":"E","mv":17873,"sc":1,"lpe":94.15,"lpr":4624.24,"lq":1.0,"d":889688},{"pi":"422212","pc":"Электроника","ss":100000,"td":"Центр города","dc":1,"n":490.56,"vc":"238157","sl":"Очень высокий","sv":"3455","p":23000.0,"q":21.78,"b":0.63,"ms":20.46,"wi":97.69,"ei":6.75,"as":587.06,"mi":"E","mv":16887,"sc":2,"lpe":79.45,"lpr":4314.89,"lq":3.58,"d":752474},{"pi":"422212","pc":"Электроника","ss":1000,"td":"Спальный район","dc":1,"n":34.21,"vc":"344","sl":"Элитный","sv":"15","p":18000.0,"q":24.06,"b":4.43,"ms":0.09,"wi":97.69,"ei":6.75,"as":587.06,"mi":"E","mv":16887,"sc":2,"lpe":79.45,"lpr":4314.89,"lq":3.58,"d":752474},{"pi":"422212","pc":"Электроника","ss":100000,"td":"Центр города","dc":1,"n":502.01,"vc":"254271","sl":"Элитный","sv":"2400","p":5000.0,"q":30.49,"b":3.77,"ms":13.98,"wi":37.73,"ei":7.11,"as":296.55,"mi":"E","mv":17168,"sc":1,"lpe":86.02,"lpr":1102.68,"lq":1.0,"d":662407},{"pi":"422212","pc":"Электроника","ss":1000,"td":"Центр города","dc":1,"n":10.96,"vc":"784","sl":"Элитный","sv":"802","p":40100.0,"q":33.31,"b":0.233416458852868,"ms":4.07,"wi":999.0,"ei":14.81,"as":1155.47,"mi":"E","mv":19698,"sc":2,"lpe":91.87,"lpr":19499.74,"lq":1.0,"d":2542720},{"pi":"422212","pc":"Электроника","ss":6500,"td":"Фешенебельный район","dc":2,"n":312.99,"vc":"1966","sl":"Элитный","sv":"800","p":20000.0,"q":20.0,"b":0.0,"ms":4.06,"wi":999.0,"ei":14.81,"as":1155.47,"mi":"E","mv":19698,"sc":2,"lpe":91.87,"lpr":19499.74,"lq":1.0,"d":2542720},{"pi":"422212","pc":"Электроника","ss":2800,"td":"Центр города","dc":1,"n":144.29,"vc":"1548","sl":"Очень высокий","sv":"180","p":15000.0,"q":22.16,"b":0.0,"ms":7.84,"wi":26.9,"ei":5.25,"as":221.34,"mi":"E","mv":2295,"sc":1,"lpe":92.16,"lpr":7532.44,"lq":1.0,"d":534910},{"pi":"422212","pc":"Электроника","ss":20000,"td":"Фешенебельный район","dc":1,"n":323.11,"vc":"3436","sl":"Нормальный","sv":"69","p":18000.0,"q":22.87,"b":3.32869565217391,"ms":0.2,"wi":19.06,"ei":12.16,"as":215.31,"mi":"E","mv":34108,"sc":1,"lpe":99.8,"lpr":2616.71,"lq":1.0,"d":5155099},{"pi":"422212","pc":"Электроника","ss":100000,"td":"Центр города","dc":1,"n":456.11,"vc":"175671","sl":"Элитный","sv":"1000","p":26000.0,"q":33.14,"b":0.76,"ms":3.4,"wi":106.38,"ei":5.22,"as":918.66,"mi":"E","mv":29405,"sc":1,"lpe":96.6,"lpr":8406.67,"lq":1.0,"d":817888},{"pi":"422212","pc":"Электроника","ss":100000,"td":"Центр города","dc":1,"n":521.42,"vc":"295576","sl":"Элитный","sv":"4000","p":25000.0,"q":36.95,"b":5.99,"ms":18.96,"wi":139.51,"ei":9.98,"as":1185.72,"mi":"E","mv":21092,"sc":1,"lpe":81.04,"lpr":14428.16,"lq":1.99,"d":806349},{"pi":"422212","pc":"Электроника","ss":100000,"td":"Центр города","dc":1,"n":489.9,"vc":"246519","sl":"Элитный","sv":"10000","p":25000.0,"q":36.95,"b":5.99,"ms":30.6,"wi":190.14,"ei":10.4,"as":1225.0,"mi":"E","mv":32685,"sc":2,"lpe":51.04,"lpr":11216.13,"lq":5.66,"d":968944},{"pi":"422212","pc":"Электроника","ss":100000,"td":"Центр города","dc":1,"n":460.11,"vc":"277683","sl":"Элитный","sv":"6001","p":55000.0,"q":33.32,"b":0.0,"ms":18.36,"wi":190.14,"ei":10.4,"as":1225.0,"mi":"E","mv":32685,"sc":2,"lpe":51.04,"lpr":11216.13,"lq":5.66,"d":968944},{"pi":"422212","pc":"Электроника","ss":100000,"td":"Центр города","dc":1,"n":438.21,"vc":"261882","sl":"Элитный","sv":"6957","p":30000.0,"q":33.08,"b":0.0,"ms":13.75,"wi":127.34,"ei":10.71,"as":1372.0,"mi":"E","mv":50599,"sc":3,"lpe":75.58,"lpr":6401.13,"lq":4.99,"d":1305678},{"pi":"422212","pc":"Электроника","ss":100000,"td":"Центр города","dc":1,"n":451.44,"vc":"198269","sl":"Элитный","sv":"5347","p":40000.0,"q":35.96,"b":5.73122124555826,"ms":10.57,"wi":127.34,"ei":10.71,"as":1372.0,"mi":"E","mv":50599,"sc":3,"lpe":75.58,"lpr":6401.13,"lq":4.99,"d":1305678},{"pi":"422212","pc":"Электроника","ss":300000,"td":"Центр города","dc":10,"n":372.0,"vc":"209989","sl":"Очень высокий","sv":"50","p":27000.0,"q":33.34,"b":0.0,"ms":0.1,"wi":127.34,"ei":10.71,"as":1372.0,"mi":"E","mv":50599,"sc":3,"lpe":75.58,"lpr":6401.13,"lq":4.99,"d":1305678},{"pi":"422212","pc":"Электроника","ss":300000,"td":"Центр города","dc":1,"n":689.37,"vc":"1202823","sl":"Элитный","sv":"2000","p":20216.42,"q":36.09,"b":5.8,"ms":39.29,"wi":147.44,"ei":8.59,"as":842.6,"mi":"E","mv":5090,"sc":2,"lpe":60.69,"lpr":20610.73,"lq":11.04,"d":251847},{"pi":"422212","pc":"Электроника","ss":10000,"td":"Спальный район","dc":8,"n":186.49,"vc":"1787","sl":"Элитный","sv":"1","p":39000.0,"q":14.19,"b":0.0,"ms":0.02,"wi":147.44,"ei":8.59,"as":842.6,"mi":"E","mv":5090,"sc":2,"lpe":60.69,"lpr":20610.73,"lq":11.04,"d":251847},{"pi":"422212","pc":"Электроника","ss":300000,"td":"Центр города","dc":1,"n":694.4,"vc":"798078","sl":"Элитный","sv":"2000","p":11359.23,"q":36.09,"b":5.8,"ms":19.74,"wi":127.31,"ei":8.39,"as":998.3,"mi":"E","mv":10132,"sc":1,"lpe":80.26,"lpr":7045.21,"lq":2.63,"d":266022},{"pi":"422212","pc":"Электроника","ss":300000,"td":"Центр города","dc":1,"n":689.65,"vc":"1411137","sl":"Элитный","sv":"1000","p":9970.98,"q":36.09,"b":5.8,"ms":28.02,"wi":89.13,"ei":8.54,"as":1187.62,"mi":"E","mv":3569,"sc":3,"lpe":65.87,"lpr":19295.76,"lq":10.74,"d":445695},{"pi":"422212","pc":"Электроника","ss":10000,"td":"Центр города","dc":1,"n":263.96,"vc":"4469","sl":"Элитный","sv":"200","p":37000.0,"q":15.22,"b":0.0,"ms":5.6,"wi":89.13,"ei":8.54,"as":1187.62,"mi":"E","mv":3569,"sc":3,"lpe":65.87,"lpr":19295.76,"lq":10.74,"d":445695},{"pi":"422212","pc":"Электроника","ss":1000,"td":"Окраина","dc":3,"n":180.76,"vc":"438","sl":"Элитный","sv":"18","p":36500.0,"q":11.36,"b":0.0,"ms":0.5,"wi":89.13,"ei":8.54,"as":1187.62,"mi":"E","mv":3569,"sc":3,"lpe":65.87,"lpr":19295.76,"lq":10.74,"d":445695},{"pi":"422212","pc":"Электроника","ss":1000,"td":"Фешенебельный район","dc":1,"n":333.41,"vc":"327","sl":"Элитный","sv":"1840","p":12807.85,"q":44.02,"b":4.62,"ms":7.5,"wi":123.96,"ei":6.52,"as":593.48,"mi":"E","mv":24518,"sc":4,"lpe":81.38,"lpr":4694.17,"lq":3.29,"d":522937},{"pi":"422212","pc":"Электроника","ss":1000,"td":"Центр города","dc":1,"n":249.23,"vc":"1356","sl":"Элитный","sv":"1525","p":20333.33,"q":32.96,"b":0.0,"ms":6.22,"wi":123.96,"ei":6.52,"as":593.48,"mi":"E","mv":24518,"sc":4,"lpe":81.38,"lpr":4694.17,"lq":3.29,"d":522937},{"pi":"422212","pc":"Электроника","ss":1000,"td":"Фешенебельный район","dc":1,"n":487.58,"vc":"1170","sl":"Элитный","sv":"1000","p":27200.0,"q":33.0,"b":4.15,"ms":4.08,"wi":123.96,"ei":6.52,"as":593.48,"mi":"E","mv":24518,"sc":4,"lpe":81.38,"lpr":4694.17,"lq":3.29,"d":522937},{"pi":"422212","pc":"Электроника","ss":1000,"td":"Фешенебельный район","dc":1,"n":528.6,"vc":"1473","sl":"Элитный","sv":"200","p":24000.0,"q":33.0,"b":4.15,"ms":0.82,"wi":123.96,"ei":6.52,"as":593.48,"mi":"E","mv":24518,"sc":4,"lpe":81.38,"lpr":4694.17,"lq":3.29,"d":522937},{"pi":"422212","pc":"Электроника","ss":100000,"td":"Фешенебельный район","dc":1,"n":662.0,"vc":"342862","sl":"Элитный","sv":"12581","p":30710.0,"q":38.17,"b":4.08,"ms":13.98,"wi":176.86,"ei":9.63,"as":1429.05,"mi":"E","mv":90000,"sc":4,"lpe":83.21,"lpr":3751.95,"lq":2.44,"d":1361714},{"pi":"422212","pc":"Электроника","ss":300000,"td":"Центр города","dc":1,"n":555.35,"vc":"1861738","sl":"Очень высокий","sv":"2000","p":17889.79,"q":36.09,"b":5.8,"ms":2.22,"wi":176.86,"ei":9.63,"as":1429.05,"mi":"E","mv":90000,"sc":4,"lpe":83.21,"lpr":3751.95,"lq":2.44,"d":1361714},{"pi":"422212","pc":"Электроника","ss":100000,"td":"Фешенебельный район","dc":1,"n":671.32,"vc":"250026","sl":"Элитный","sv":"379","p":40000.0,"q":36.46,"b":4.15,"ms":0.42,"wi":176.86,"ei":9.63,"as":1429.05,"mi":"E","mv":90000,"sc":4,"lpe":83.21,"lpr":3751.95,"lq":2.44,"d":1361714},{"pi":"422212","pc":"Электроника","ss":100000,"td":"Центр города","dc":1,"n":274.83,"vc":"36824","sl":"Элитный","sv":"152","p":25000.0,"q":27.2,"b":0.0,"ms":0.17,"wi":176.86,"ei":9.63,"as":1429.05,"mi":"E","mv":90000,"sc":4,"lpe":83.21,"lpr":3751.95,"lq":2.44,"d":1361714},{"pi":"422212","pc":"Электроника","ss":1000,"td":"Фешенебельный район","dc":1,"n":348.84,"vc":"351","sl":"Элитный","sv":"2120","p":5700.0,"q":44.02,"b":4.62,"ms":12.6,"wi":126.96,"ei":6.65,"as":617.8,"mi":"E","mv":16828,"sc":1,"lpe":87.4,"lpr":12806.34,"lq":4.33,"d":498236},{"pi":"422212","pc":"Электроника","ss":1000,"td":"Фешенебельный район","dc":1,"n":38.7,"vc":"77","sl":"Элитный","sv":"1115","p":17300.0,"q":44.02,"b":4.62,"ms":2.52,"wi":136.64,"ei":8.24,"as":623.56,"mi":"E","mv":44277,"sc":1,"lpe":97.48,"lpr":20853.62,"lq":1.0,"d":1164293},{"pi":"422212","pc":"Электроника","ss":30000,"td":"Центр города","dc":1,"n":454.18,"vc":"73371","sl":"Элитный","sv":"9062","p":20000.0,"q":25.62,"b":1.65,"ms":12.17,"wi":77.88,"ei":12.05,"as":600.12,"mi":"E","mv":74461,"sc":2,"lpe":85.82,"lpr":4448.05,"lq":2.31,"d":1379560},{"pi":"422212","pc":"Электроника","ss":100000,"td":"Центр города","dc":1,"n":497.15,"vc":"302417","sl":"Элитный","sv":"1500","p":22000.69,"q":30.49,"b":3.77,"ms":2.01,"wi":77.88,"ei":12.05,"as":600.12,"mi":"E","mv":74461,"sc":2,"lpe":85.82,"lpr":4448.05,"lq":2.31,"d":1379560},{"pi":"422212","pc":"Электроника","ss":10000,"td":"Фешенебельный район","dc":1,"n":642.88,"vc":"22756","sl":"Элитный","sv":"373","p":76160.0,"q":33.3,"b":0.0,"ms":16.53,"wi":75.41,"ei":8.49,"as":847.45,"mi":"E","mv":2257,"sc":2,"lpe":73.37,"lpr":6936.53,"lq":15.19,"d":1283055},{"pi":"422212","pc":"Электроника","ss":10000,"td":"Центр города","dc":1,"n":342.0,"vc":"10927","sl":"Элитный","sv":"228","p":46000.0,"q":24.54,"b":0.0,"ms":10.1,"wi":75.41,"ei":8.49,"as":847.45,"mi":"E","mv":2257,"sc":2,"lpe":73.37,"lpr":6936.53,"lq":15.19,"d":1283055},{"pi":"422212","pc":"Электроника","ss":10000,"td":"Центр города","dc":1,"n":556.69,"vc":"59160","sl":"Высокий","sv":"2000","p":26974.0,"q":31.75,"b":2.47,"ms":14.95,"wi":87.55,"ei":9.99,"as":533.33,"mi":"E","mv":13380,"sc":1,"lpe":85.05,"lpr":9012.51,"lq":3.76,"d":1354893},{"pi":"422212","pc":"Электроника","ss":100000,"td":"Центр города","dc":1,"n":449.06,"vc":"379854","sl":"Элитный","sv":"10000","p":18000.0,"q":35.18,"b":0.0,"ms":7.15,"wi":33.84,"ei":9.93,"as":317.4,"mi":"E","mv":139774,"sc":1,"lpe":92.85,"lpr":7351.16,"lq":3.52,"d":13078752},{"pi":"422212","pc":"Электроника","ss":100000,"td":"Фешенебельный район","dc":1,"n":513.56,"vc":"36359","sl":"Элитный","sv":"4454","p":11000.0,"q":20.51,"b":0.0,"ms":12.46,"wi":228.1,"ei":8.47,"as":853.23,"mi":"E","mv":35755,"sc":2,"lpe":81.95,"lpr":2715.34,"lq":1.61,"d":420720},{"pi":"422212","pc":"Электроника","ss":300000,"td":"Центр города","dc":1,"n":659.68,"vc":"2208774","sl":"Очень высокий","sv":"2000","p":6850.58,"q":36.09,"b":5.8,"ms":5.59,"wi":228.1,"ei":8.47,"as":853.23,"mi":"E","mv":35755,"sc":2,"lpe":81.95,"lpr":2715.34,"lq":1.61,"d":420720},{"pi":"422212","pc":"Электроника","ss":100000,"td":"Центр города","dc":1,"n":542.34,"vc":"268852","sl":"Элитный","sv":"3100","p":7000.69,"q":30.49,"b":5.26,"ms":15.76,"wi":126.07,"ei":9.09,"as":1179.24,"mi":"E","mv":19672,"sc":2,"lpe":74.07,"lpr":6102.46,"lq":3.59,"d":345184},{"pi":"422212","pc":"Электроника","ss":300000,"td":"Центр города","dc":1,"n":687.91,"vc":"1346787","sl":"Элитный","sv":"2000","p":7578.23,"q":36.09,"b":5.8,"ms":10.17,"wi":126.07,"ei":9.09,"as":1179.24,"mi":"E","mv":19672,"sc":2,"lpe":74.07,"lpr":6102.46,"lq":3.59,"d":345184},{"pi":"422212","pc":"Электроника","ss":100000,"td":"Центр города","dc":1,"n":542.05,"vc":"443170","sl":"Элитный","sv":"11319","p":44000.0,"q":19.43,"b":0.85,"ms":16.69,"wi":199.46,"ei":9.29,"as":1878.18,"mi":"E","mv":67834,"sc":4,"lpe":78.84,"lpr":8578.19,"lq":2.35,"d":1078310},{"pi":"422212","pc":"Электроника","ss":300000,"td":"Спальный район","dc":1,"n":586.78,"vc":"1740540","sl":"Очень высокий","sv":"2000","p":52924.77,"q":36.09,"b":5.8,"ms":2.95,"wi":199.46,"ei":9.29,"as":1878.18,"mi":"E","mv":67834,"sc":4,"lpe":78.84,"lpr":8578.19,"lq":2.35,"d":1078310},{"pi":"422212","pc":"Электроника","ss":100000,"td":"Фешенебельный район","dc":1,"n":405.84,"vc":"26913","sl":"Элитный","sv":"948","p":45000.0,"q":33.28,"b":0.037710970464135,"ms":1.4,"wi":199.46,"ei":9.29,"as":1878.18,"mi":"E","mv":67834,"sc":4,"lpe":78.84,"lpr":8578.19,"lq":2.35,"d":1078310},{"pi":"422212","pc":"Электроника","ss":50000,"td":"Фешенебельный район","dc":1,"n":569.85,"vc":"66602","sl":"Элитный","sv":"87","p":70000.0,"q":26.95,"b":4.39,"ms":0.13,"wi":199.46,"ei":9.29,"as":1878.18,"mi":"E","mv":67834,"sc":4,"lpe":78.84,"lpr":8578.19,"lq":2.35,"d":1078310},{"pi":"422212","pc":"Электроника","ss":200000,"td":"Фешенебельный район","dc":3,"n":433.54,"vc":"45346","sl":"Элитный","sv":"19054","p":45000.0,"q":33.32,"b":0.0646467933242364,"ms":25.59,"wi":205.51,"ei":9.37,"as":1972.09,"mi":"E","mv":74466,"sc":2,"lpe":71.73,"lpr":12870.13,"lq":4.05,"d":1293976},{"pi":"422212","pc":"Электроника","ss":300000,"td":"Центр города","dc":1,"n":572.94,"vc":"2165446","sl":"Очень высокий","sv":"2000","p":14309.64,"q":36.09,"b":5.8,"ms":2.69,"wi":205.51,"ei":9.37,"as":1972.09,"mi":"E","mv":74466,"sc":2,"lpe":71.73,"lpr":12870.13,"lq":4.05,"d":1293976},{"pi":"422212","pc":"Электроника","ss":300000,"td":"Центр города","dc":2,"n":507.85,"vc":"806169","sl":"Элитный","sv":"1000","p":20000.0,"q":38.02,"b":3.64,"ms":12.27,"wi":62.47,"ei":10.62,"as":593.08,"mi":"E","mv":8149,"sc":1,"lpe":87.73,"lpr":4665.42,"lq":2.39,"d":729464}]