[{"d":"22.04.2022","r":400.0,"q":1.43,"p":20000.0,"s":[{"cn":"JK empire","ui":"6993402","t":400.0,"r":400.0,"q":1.43,"p":20000.0,"mot":"U","mo":400.0},{"cn":"","ui":"","t":0.0,"r":0.0,"q":0.0,"p":0.0,"mot":"L","mo":0.0}]},{"d":"13.06.2022","r":124.0,"q":5.9,"p":13000.0,"s":[{"cn":"Glukes Ltd.","ui":"7057581","t":637.0,"r":124.0,"q":5.9,"p":13000.0,"mot":"U","mo":124.0},{"cn":"","ui":"","t":0.0,"r":0.0,"q":0.0,"p":0.0,"mot":"L","mo":0.0}]},{"d":"12.07.2022","r":107.0,"q":7.08,"p":15000.0,"s":[{"cn":"Glukes Ltd.","ui":"7057581","t":1338.0,"r":107.0,"q":7.08,"p":15000.0,"mot":"U","mo":107.0},{"cn":"","ui":"","t":0.0,"r":0.0,"q":0.0,"p":0.0,"mot":"L","mo":0.0}]},{"d":"14.07.2022","r":6387.0,"q":5.66,"p":4000.0,"s":[{"cn":"Grey Group","ui":"7101357","t":6387.0,"r":6387.0,"q":5.66,"p":4000.0,"mot":"U","mo":6387.0},{"cn":"","ui":"","t":0.0,"r":0.0,"q":0.0,"p":0.0,"mot":"L","mo":0.0}]},{"d":"15.07.2022","r":2765.0,"q":5.67,"p":4000.0,"s":[{"cn":"Grey Group","ui":"7101357","t":12765.0,"r":2765.0,"q":5.67,"p":4000.0,"mot":"U","mo":2765.0},{"cn":"","ui":"","t":0.0,"r":0.0,"q":0.0,"p":0.0,"mot":"L","mo":0.0}]},{"d":"25.07.2022","r":109.0,"q":8.09,"p":17000.0,"s":[{"cn":"Glukes Ltd.","ui":"7057581","t":2349.0,"r":109.0,"q":8.09,"p":17000.0,"mot":"U","mo":109.0},{"cn":"","ui":"","t":0.0,"r":0.0,"q":0.0,"p":0.0,"mot":"L","mo":0.0}]},{"d":"26.07.2022","r":3295.0,"q":6.21,"p":6678.91,"s":[{"cn":"Grey Group","ui":"7101357","t":12616.0,"r":2616.0,"q":5.71,"p":4000.0,"mot":"U","mo":2616.0},{"cn":"Glukes Ltd.","ui":"7057581","t":2919.0,"r":679.0,"q":8.13,"p":17000.0,"mot":"U","mo":679.0},{"cn":"","ui":"","t":0.0,"r":0.0,"q":0.0,"p":0.0,"mot":"L","mo":0.0}]},{"d":"27.07.2022","r":5983.0,"q":6.14,"p":6272.77,"s":[{"cn":"Grey Group","ui":"7101357","t":16937.0,"r":4937.0,"q":5.72,"p":4000.0,"mot":"U","mo":4937.0},{"cn":"Glukes Ltd.","ui":"7057581","t":3386.0,"r":1046.0,"q":8.13,"p":17000.0,"mot":"U","mo":1046.0},{"cn":"","ui":"","t":0.0,"r":0.0,"q":0.0,"p":0.0,"mot":"L","mo":0.0}]},{"d":"28.07.2022","r":12139.0,"q":5.82,"p":5286.11,"s":[{"cn":"Grey Group","ui":"7101357","t":21249.0,"r":9249.0,"q":5.73,"p":4000.0,"mot":"U","mo":9249.0},{"cn":"Glukes Ltd.","ui":"7057581","t":3849.0,"r":1509.0,"q":8.14,"p":17000.0,"mot":"U","mo":1509.0},{"cn":"Keleborn Corp.","ui":"7021598","t":6456.0,"r":1381.0,"q":3.92,"p":1100.0,"mot":"U","mo":1381.0},{"cn":"","ui":"","t":0.0,"r":0.0,"q":0.0,"p":0.0,"mot":"L","mo":0.0}]},{"d":"29.07.2022","r":5521.0,"q":6.6,"p":8636.3,"s":[{"cn":"Grey Group","ui":"7101357","t":15552.0,"r":3552.0,"q":5.74,"p":4000.0,"mot":"U","mo":3552.0},{"cn":"Glukes Ltd.","ui":"7057581","t":4309.0,"r":1969.0,"q":8.14,"p":17000.0,"mot":"U","mo":1969.0},{"cn":"","ui":"","t":0.0,"r":0.0,"q":0.0,"p":0.0,"mot":"L","mo":0.0}]},{"d":"01.08.2022","r":3324.0,"q":8.15,"p":17000.0,"s":[{"cn":"Glukes Ltd.","ui":"7057581","t":5664.0,"r":3324.0,"q":8.15,"p":17000.0,"mot":"U","mo":3324.0},{"cn":"","ui":"","t":0.0,"r":0.0,"q":0.0,"p":0.0,"mot":"L","mo":0.0}]},{"d":"02.08.2022","r":3569.0,"q":8.15,"p":17000.0,"s":[{"cn":"Glukes Ltd.","ui":"7057581","t":6009.0,"r":3569.0,"q":8.15,"p":17000.0,"mot":"U","mo":3569.0},{"cn":"","ui":"","t":0.0,"r":0.0,"q":0.0,"p":0.0,"mot":"L","mo":0.0}]},{"d":"03.08.2022","r":3848.0,"q":8.16,"p":17000.0,"s":[{"cn":"Glukes Ltd.","ui":"7057581","t":6349.0,"r":3848.0,"q":8.16,"p":17000.0,"mot":"U","mo":3848.0},{"cn":"","ui":"","t":0.0,"r":0.0,"q":0.0,"p":0.0,"mot":"L","mo":0.0}]},{"d":"04.08.2022","r":4350.0,"q":8.16,"p":17000.0,"s":[{"cn":"Glukes Ltd.","ui":"7057581","t":6735.0,"r":4350.0,"q":8.16,"p":17000.0,"mot":"U","mo":4350.0},{"cn":"","ui":"","t":0.0,"r":0.0,"q":0.0,"p":0.0,"mot":"L","mo":0.0}]},{"d":"05.08.2022","r":4719.0,"q":8.16,"p":17000.0,"s":[{"cn":"Glukes Ltd.","ui":"7057581","t":7124.0,"r":4719.0,"q":8.16,"p":17000.0,"mot":"U","mo":4719.0},{"cn":"","ui":"","t":0.0,"r":0.0,"q":0.0,"p":0.0,"mot":"L","mo":0.0}]},{"d":"08.08.2022","r":185.0,"q":8.17,"p":17000.0,"s":[{"cn":"Glukes Ltd.","ui":"7057581","t":5250.0,"r":185.0,"q":8.17,"p":17000.0,"mot":"U","mo":185.0},{"cn":"","ui":"","t":0.0,"r":0.0,"q":0.0,"p":0.0,"mot":"L","mo":0.0}]},{"d":"02.09.2022","r":5721.0,"q":6.58,"p":4000.0,"s":[{"cn":"Grey Group","ui":"7101357","t":37721.0,"r":5721.0,"q":6.58,"p":4000.0,"mot":"U","mo":5721.0},{"cn":"","ui":"","t":0.0,"r":0.0,"q":0.0,"p":0.0,"mot":"L","mo":0.0}]},{"d":"05.09.2022","r":2203.0,"q":3.74,"p":1100.0,"s":[{"cn":"Keleborn Corp.","ui":"7021598","t":7278.0,"r":2203.0,"q":3.74,"p":1100.0,"mot":"U","mo":2203.0},{"cn":"","ui":"","t":0.0,"r":0.0,"q":0.0,"p":0.0,"mot":"L","mo":0.0}]}]