[{"d":"31.07.2018","r":17955.0,"q":1.0,"p":311.68,"s":[{"cn":"Золотая Ворона","ui":"7834436","t":10000.0,"r":10000.0,"q":1.0,"p":500.0,"mot":"U","mo":10000.0},{"cn":"BonssBilly.com","ui":"7826267","t":8000.0,"r":7955.0,"q":1.0,"p":74.95,"mot":"U","mo":7955.0},{"cn":"","ui":"","t":0.0,"r":0.0,"q":0.0,"p":0.0,"mot":"L","mo":0.0}]},{"d":"01.08.2018","r":19998.0,"q":1.0,"p":150.0,"s":[{"cn":"Золотая Ворона","ui":"7834436","t":20000.0,"r":19998.0,"q":1.0,"p":150.0,"mot":"U","mo":19998.0},{"cn":"","ui":"","t":0.0,"r":0.0,"q":0.0,"p":0.0,"mot":"L","mo":0.0}]},{"d":"03.08.2018","r":290712.0,"q":1.0,"p":64.08,"s":[{"cn":"Золотая Ворона","ui":"7834436","t":29674.0,"r":29342.0,"q":1.0,"p":150.0,"mot":"U","mo":29342.0},{"cn":"BonssBilly.com","ui":"7832797","t":24180.0,"r":19680.0,"q":1.0,"p":47.45,"mot":"U","mo":19680.0},{"cn":"GSM","ui":"7833133","t":251890.0,"r":240890.0,"q":1.0,"p":55.0,"mot":"U","mo":240890.0},{"cn":"","ui":"","t":1795.0,"r":800.0,"q":1.0,"p":56.88,"mot":"L","mo":800.0}]},{"d":"06.08.2018","r":308260.0,"q":1.0,"p":54.77,"s":[{"cn":"GSM","ui":"7833133","t":310060.0,"r":303560.0,"q":1.0,"p":55.0,"mot":"U","mo":303560.0},{"cn":"","ui":"","t":24350.0,"r":4700.0,"q":1.0,"p":39.81,"mot":"L","mo":4700.0}]},{"d":"07.08.2018","r":266003.0,"q":1.0,"p":55.0,"s":[{"cn":"GSM","ui":"7833133","t":332960.0,"r":265460.0,"q":1.0,"p":55.0,"mot":"U","mo":265460.0},{"cn":"","ui":"","t":3234.0,"r":543.0,"q":1.0,"p":53.5,"mot":"L","mo":543.0}]},{"d":"08.08.2018","r":221860.0,"q":1.0,"p":55.0,"s":[{"cn":"GSM","ui":"7833133","t":292860.0,"r":221360.0,"q":1.0,"p":55.0,"mot":"U","mo":221360.0},{"cn":"","ui":"","t":3690.0,"r":500.0,"q":1.0,"p":55.0,"mot":"L","mo":500.0}]},{"d":"09.08.2018","r":239029.0,"q":1.0,"p":55.0,"s":[{"cn":"GSM","ui":"7833133","t":318680.0,"r":239029.0,"q":1.0,"p":55.0,"mot":"U","mo":239029.0},{"cn":"","ui":"","t":0.0,"r":0.0,"q":0.0,"p":0.0,"mot":"L","mo":0.0}]},{"d":"10.08.2018","r":259240.0,"q":1.0,"p":55.0,"s":[{"cn":"GSM","ui":"7833133","t":339441.0,"r":258740.0,"q":1.0,"p":55.0,"mot":"U","mo":258740.0},{"cn":"","ui":"","t":4190.0,"r":500.0,"q":1.0,"p":55.0,"mot":"L","mo":500.0}]},{"d":"13.08.2018","r":315461.0,"q":1.0,"p":54.98,"s":[{"cn":"GSM","ui":"7833133","t":393462.0,"r":314561.0,"q":1.0,"p":55.0,"mot":"U","mo":314561.0},{"cn":"","ui":"","t":6790.0,"r":900.0,"q":1.31,"p":48.31,"mot":"L","mo":900.0}]},{"d":"14.08.2018","r":319899.0,"q":1.0,"p":55.01,"s":[{"cn":"GSM","ui":"7833133","t":406181.0,"r":319370.0,"q":1.0,"p":55.0,"mot":"U","mo":319370.0},{"cn":"","ui":"","t":4619.0,"r":529.0,"q":1.14,"p":60.21,"mot":"L","mo":529.0}]},{"d":"16.08.2018","r":306465.0,"q":1.0,"p":55.0,"s":[{"cn":"GSM","ui":"7833133","t":411695.0,"r":306175.0,"q":1.0,"p":55.0,"mot":"U","mo":306175.0},{"cn":"","ui":"","t":2990.0,"r":290.0,"q":1.27,"p":55.0,"mot":"L","mo":290.0}]},{"d":"17.08.2018","r":276885.0,"q":1.0,"p":54.97,"s":[{"cn":"GSM","ui":"7833133","t":401455.0,"r":275885.0,"q":1.0,"p":55.0,"mot":"U","mo":275885.0},{"cn":"","ui":"","t":8390.0,"r":1000.0,"q":1.49,"p":47.48,"mot":"L","mo":1000.0}]},{"d":"20.08.2018","r":291458.0,"q":1.0,"p":54.97,"s":[{"cn":"GSM","ui":"7833133","t":390418.0,"r":290458.0,"q":1.0,"p":55.0,"mot":"U","mo":290458.0},{"cn":"","ui":"","t":13790.0,"r":1000.0,"q":1.53,"p":47.48,"mot":"L","mo":1000.0}]},{"d":"21.08.2018","r":301448.0,"q":1.04,"p":54.98,"s":[{"cn":"GSM","ui":"7833133","t":386058.0,"r":300948.0,"q":1.04,"p":55.0,"mot":"U","mo":300948.0},{"cn":"","ui":"","t":9545.0,"r":500.0,"q":1.58,"p":39.95,"mot":"L","mo":500.0}]},{"d":"22.08.2018","r":299853.0,"q":1.07,"p":61.48,"s":[{"cn":"КИВ-Финанс","ui":"7833314","t":50000.0,"r":30000.0,"q":1.0,"p":120.0,"mot":"U","mo":30000.0},{"cn":"GSM","ui":"7833133","t":384963.0,"r":268853.0,"q":1.08,"p":55.0,"mot":"U","mo":268853.0},{"cn":"","ui":"","t":14490.0,"r":1000.0,"q":1.54,"p":47.48,"mot":"L","mo":1000.0}]},{"d":"23.08.2018","r":500.0,"q":1.58,"p":39.95,"s":[{"cn":"CryptoBubble AG","ui":"7836991","t":9339.0,"r":4588.0,"q":1.58,"p":39.95,"mot":"L","mo":500.0},{"cn":"","ui":"","t":0.0,"r":0.0,"q":0.0,"p":0.0,"mot":"L","mo":0.0}]},{"d":"24.08.2018","r":500.0,"q":1.58,"p":39.95,"s":[{"cn":"CryptoBubble AG","ui":"7836991","t":9588.0,"r":4837.0,"q":1.58,"p":39.95,"mot":"L","mo":500.0},{"cn":"","ui":"","t":0.0,"r":0.0,"q":0.0,"p":0.0,"mot":"L","mo":0.0}]},{"d":"29.08.2018","r":38078.0,"q":1.0,"p":150.0,"s":[{"cn":"КИВ-Финанс","ui":"7833314","t":68078.0,"r":38078.0,"q":1.0,"p":150.0,"mot":"U","mo":38078.0},{"cn":"","ui":"","t":0.0,"r":0.0,"q":0.0,"p":0.0,"mot":"L","mo":0.0}]},{"d":"30.08.2018","r":65384.0,"q":1.15,"p":150.0,"s":[{"cn":"КИВ-Финанс","ui":"7833314","t":106384.0,"r":65384.0,"q":1.15,"p":150.0,"mot":"U","mo":65384.0},{"cn":"","ui":"","t":0.0,"r":0.0,"q":0.0,"p":0.0,"mot":"L","mo":0.0}]},{"d":"31.08.2018","r":15918.0,"q":1.05,"p":160.0,"s":[{"cn":"КИВ-Финанс","ui":"7833314","t":94418.0,"r":15918.0,"q":1.05,"p":160.0,"mot":"U","mo":15918.0},{"cn":"","ui":"","t":0.0,"r":0.0,"q":0.0,"p":0.0,"mot":"L","mo":0.0}]},{"d":"03.09.2018","r":300.0,"q":1.92,"p":49.95,"s":[{"cn":"CryptoBubble AG","ui":"7829983","t":5500.0,"r":300.0,"q":1.92,"p":49.95,"mot":"L","mo":300.0},{"cn":"","ui":"","t":0.0,"r":0.0,"q":0.0,"p":0.0,"mot":"L","mo":0.0}]},{"d":"04.09.2018","r":500.0,"q":1.98,"p":125.0,"s":[{"cn":"ВВ комп","ui":"7847756","t":18770.0,"r":18220.0,"q":1.98,"p":125.0,"mot":"L","mo":500.0},{"cn":"","ui":"","t":0.0,"r":0.0,"q":0.0,"p":0.0,"mot":"L","mo":0.0}]},{"d":"05.09.2018","r":500.0,"q":1.97,"p":125.0,"s":[{"cn":"ВВ комп","ui":"7847756","t":38220.0,"r":35670.0,"q":1.97,"p":125.0,"mot":"L","mo":500.0},{"cn":"","ui":"","t":0.0,"r":0.0,"q":0.0,"p":0.0,"mot":"L","mo":0.0}]},{"d":"06.09.2018","r":1000.0,"q":1.97,"p":125.0,"s":[{"cn":"ВВ комп","ui":"7847756","t":56120.0,"r":52020.0,"q":1.97,"p":125.0,"mot":"L","mo":1000.0},{"cn":"","ui":"","t":0.0,"r":0.0,"q":0.0,"p":0.0,"mot":"L","mo":0.0}]},{"d":"07.09.2018","r":1000.0,"q":1.97,"p":125.0,"s":[{"cn":"ВВ комп","ui":"7847756","t":71100.0,"r":66999.0,"q":1.97,"p":125.0,"mot":"L","mo":1000.0},{"cn":"","ui":"","t":0.0,"r":0.0,"q":0.0,"p":0.0,"mot":"L","mo":0.0}]},{"d":"10.09.2018","r":1000.0,"q":2.0,"p":125.0,"s":[{"cn":"ВВ комп","ui":"7847756","t":118897.0,"r":113196.0,"q":2.0,"p":125.0,"mot":"L","mo":1000.0},{"cn":"","ui":"","t":0.0,"r":0.0,"q":0.0,"p":0.0,"mot":"L","mo":0.0}]},{"d":"12.09.2018","r":2500.0,"q":2.01,"p":125.0,"s":[{"cn":"ВВ комп","ui":"7847756","t":146596.0,"r":135996.0,"q":2.01,"p":125.0,"mot":"L","mo":2500.0},{"cn":"","ui":"","t":0.0,"r":0.0,"q":0.0,"p":0.0,"mot":"L","mo":0.0}]},{"d":"13.09.2018","r":2500.0,"q":2.02,"p":125.0,"s":[{"cn":"ВВ комп","ui":"7847756","t":156996.0,"r":146396.0,"q":2.02,"p":125.0,"mot":"L","mo":2500.0},{"cn":"","ui":"","t":0.0,"r":0.0,"q":0.0,"p":0.0,"mot":"L","mo":0.0}]},{"d":"14.09.2018","r":3500.0,"q":2.17,"p":111.86,"s":[{"cn":"CryptoBubble AG","ui":"7845604","t":10000.0,"r":3000.0,"q":2.56,"p":79.0,"mot":"L","mo":1000.0},{"cn":"ВВ комп","ui":"7847756","t":165811.0,"r":158311.0,"q":2.02,"p":125.0,"mot":"L","mo":2500.0},{"cn":"","ui":"","t":0.0,"r":0.0,"q":0.0,"p":0.0,"mot":"L","mo":0.0}]},{"d":"17.09.2018","r":115712.0,"q":2.18,"p":342.22,"s":[{"cn":"РАО \"Агропром-Инвест\"","ui":"7848000","t":117714.0,"r":111712.0,"q":2.19,"p":350.0,"mot":"U","mo":111712.0},{"cn":"","ui":"","t":206958.0,"r":4000.0,"q":2.02,"p":125.0,"mot":"L","mo":4000.0}]},{"d":"18.09.2018","r":169373.0,"q":2.22,"p":295.87,"s":[{"cn":"РАО \"Агропром-Инвест\"","ui":"7848000","t":201975.0,"r":165373.0,"q":2.22,"p":300.0,"mot":"U","mo":165373.0},{"cn":"","ui":"","t":221273.0,"r":4000.0,"q":2.03,"p":125.0,"mot":"L","mo":4000.0}]},{"d":"19.09.2018","r":42508.0,"q":2.22,"p":253.65,"s":[{"cn":"РАО \"Агропром-Инвест\"","ui":"7848000","t":240108.0,"r":38008.0,"q":2.23,"p":270.0,"mot":"U","mo":38008.0},{"cn":"ВВ комп","ui":"7847756","t":235088.0,"r":227988.0,"q":2.03,"p":125.0,"mot":"L","mo":4000.0},{"cn":"","ui":"","t":10000.0,"r":500.0,"q":2.56,"p":39.95,"mot":"L","mo":500.0}]},{"d":"20.09.2018","r":5000.0,"q":2.03,"p":125.0,"s":[{"cn":"ВВ комп","ui":"7847756","t":247320.0,"r":238720.0,"q":2.03,"p":125.0,"mot":"L","mo":5000.0},{"cn":"","ui":"","t":0.0,"r":0.0,"q":0.0,"p":0.0,"mot":"L","mo":0.0}]},{"d":"21.09.2018","r":5000.0,"q":2.03,"p":125.0,"s":[{"cn":"ВВ комп","ui":"7847756","t":259720.0,"r":251120.0,"q":2.03,"p":125.0,"mot":"L","mo":5000.0},{"cn":"","ui":"","t":0.0,"r":0.0,"q":0.0,"p":0.0,"mot":"L","mo":0.0}]},{"d":"24.09.2018","r":5000.0,"q":2.03,"p":125.0,"s":[{"cn":"ВВ комп","ui":"7847756","t":287750.0,"r":274650.0,"q":2.03,"p":125.0,"mot":"L","mo":5000.0},{"cn":"","ui":"","t":0.0,"r":0.0,"q":0.0,"p":0.0,"mot":"L","mo":0.0}]},{"d":"25.09.2018","r":5000.0,"q":2.03,"p":125.0,"s":[{"cn":"ВВ комп","ui":"7847756","t":294482.0,"r":280382.0,"q":2.03,"p":125.0,"mot":"L","mo":5000.0},{"cn":"","ui":"","t":0.0,"r":0.0,"q":0.0,"p":0.0,"mot":"L","mo":0.0}]},{"d":"26.09.2018","r":5000.0,"q":2.03,"p":125.0,"s":[{"cn":"ВВ комп","ui":"7847756","t":301207.0,"r":287107.0,"q":2.03,"p":125.0,"mot":"L","mo":5000.0},{"cn":"","ui":"","t":0.0,"r":0.0,"q":0.0,"p":0.0,"mot":"L","mo":0.0}]},{"d":"28.09.2018","r":5000.0,"q":2.03,"p":125.0,"s":[{"cn":"ВВ комп","ui":"7847756","t":302840.0,"r":283640.0,"q":2.03,"p":125.0,"mot":"L","mo":5000.0},{"cn":"","ui":"","t":0.0,"r":0.0,"q":0.0,"p":0.0,"mot":"L","mo":0.0}]},{"d":"01.02.2019","r":550.0,"q":1.85,"p":58.14,"s":[{"cn":"TRAJD","ui":"7908236","t":250.0,"r":50.0,"q":1.86,"p":240.0,"mot":"L","mo":50.0},{"cn":"CryptoBubble AG","ui":"7836991","t":25801.0,"r":16363.0,"q":1.85,"p":39.95,"mot":"L","mo":500.0},{"cn":"","ui":"","t":0.0,"r":0.0,"q":0.0,"p":0.0,"mot":"L","mo":0.0}]},{"d":"04.02.2019","r":500.0,"q":1.84,"p":39.95,"s":[{"cn":"CryptoBubble AG","ui":"7836991","t":27727.0,"r":18079.0,"q":1.84,"p":39.95,"mot":"L","mo":500.0},{"cn":"","ui":"","t":0.0,"r":0.0,"q":0.0,"p":0.0,"mot":"L","mo":0.0}]},{"d":"05.02.2019","r":500.0,"q":1.83,"p":39.95,"s":[{"cn":"CryptoBubble AG","ui":"7836991","t":28079.0,"r":17664.0,"q":1.83,"p":39.95,"mot":"L","mo":500.0},{"cn":"","ui":"","t":0.0,"r":0.0,"q":0.0,"p":0.0,"mot":"L","mo":0.0}]},{"d":"06.02.2019","r":600.0,"q":1.83,"p":73.29,"s":[{"cn":"TRAJD","ui":"7908236","t":300.0,"r":100.0,"q":1.83,"p":240.0,"mot":"L","mo":100.0},{"cn":"CryptoBubble AG","ui":"7836991","t":27664.0,"r":16949.0,"q":1.83,"p":39.95,"mot":"L","mo":500.0},{"cn":"","ui":"","t":0.0,"r":0.0,"q":0.0,"p":0.0,"mot":"L","mo":0.0}]},{"d":"07.02.2019","r":500.0,"q":1.82,"p":39.95,"s":[{"cn":"CryptoBubble AG","ui":"7836991","t":26949.0,"r":16019.0,"q":1.82,"p":39.95,"mot":"L","mo":500.0},{"cn":"","ui":"","t":0.0,"r":0.0,"q":0.0,"p":0.0,"mot":"L","mo":0.0}]},{"d":"08.02.2019","r":500.0,"q":1.82,"p":39.95,"s":[{"cn":"CryptoBubble AG","ui":"7836991","t":25519.0,"r":14089.0,"q":1.82,"p":39.95,"mot":"L","mo":500.0},{"cn":"","ui":"","t":0.0,"r":0.0,"q":0.0,"p":0.0,"mot":"L","mo":0.0}]}]