[{"pi":"370081","pc":"Автомобильные товары","ss":300000,"td":"Фешенебельный район","dc":1,"n":675.63,"vc":"695996","sl":"Элитный","sv":"35","p":1.05E7,"q":33.88,"b":6.33,"ms":15.28,"wi":156.39,"ei":6.41,"as":2315.25,"mi":"E","mv":229,"sc":2,"lpe":79.04,"lpr":416786.66,"lq":18.87,"d":680780},{"pi":"370081","pc":"Автомобильные товары","ss":100000,"td":"Фешенебельный район","dc":1,"n":651.08,"vc":"242188","sl":"Элитный","sv":"13","p":9700000.0,"q":30.2,"b":5.46,"ms":5.68,"wi":156.39,"ei":6.41,"as":2315.25,"mi":"E","mv":229,"sc":2,"lpe":79.04,"lpr":416786.66,"lq":18.87,"d":680780},{"pi":"370081","pc":"Автомобильные товары","ss":100000,"td":"Фешенебельный район","dc":1,"n":665.71,"vc":"442110","sl":"Элитный","sv":"116","p":8750000.0,"q":34.16,"b":5.68,"ms":10.7,"wi":131.96,"ei":6.72,"as":1776.47,"mi":"E","mv":1084,"sc":4,"lpe":75.65,"lpr":304379.48,"lq":21.82,"d":2542506},{"pi":"370081","pc":"Автомобильные товары","ss":100000,"td":"Фешенебельный район","dc":1,"n":449.55,"vc":"55318","sl":"Элитный","sv":"83","p":3250000.0,"q":24.68,"b":3.97433734939759,"ms":7.66,"wi":131.96,"ei":6.72,"as":1776.47,"mi":"E","mv":1084,"sc":4,"lpe":75.65,"lpr":304379.48,"lq":21.82,"d":2542506},{"pi":"370081","pc":"Автомобильные товары","ss":100000,"td":"Фешенебельный район","dc":1,"n":550.14,"vc":"145514","sl":"Элитный","sv":"40","p":7000000.0,"q":33.13,"b":6.09,"ms":3.69,"wi":131.96,"ei":6.72,"as":1776.47,"mi":"E","mv":1084,"sc":4,"lpe":75.65,"lpr":304379.48,"lq":21.82,"d":2542506},{"pi":"370081","pc":"Автомобильные товары","ss":100000,"td":"Центр города","dc":2,"n":439.86,"vc":"223975","sl":"Элитный","sv":"25","p":6600000.0,"q":30.55,"b":4.41,"ms":2.31,"wi":131.96,"ei":6.72,"as":1776.47,"mi":"E","mv":1084,"sc":4,"lpe":75.65,"lpr":304379.48,"lq":21.82,"d":2542506},{"pi":"370081","pc":"Автомобильные товары","ss":100000,"td":"Фешенебельный район","dc":1,"n":675.6,"vc":"513804","sl":"Очень высокий","sv":"48","p":8250000.0,"q":22.54,"b":4.12,"ms":6.8,"wi":45.61,"ei":8.95,"as":326.91,"mi":"E","mv":706,"sc":2,"lpe":92.78,"lpr":223904.26,"lq":9.52,"d":2976414},{"pi":"370081","pc":"Автомобильные товары","ss":22000,"td":"Центр города","dc":1,"n":376.73,"vc":"62372","sl":"Элитный","sv":"3","p":8000000.0,"q":26.06,"b":0.79,"ms":0.42,"wi":45.61,"ei":8.95,"as":326.91,"mi":"E","mv":706,"sc":2,"lpe":92.78,"lpr":223904.26,"lq":9.52,"d":2976414},{"pi":"370081","pc":"Автомобильные товары","ss":100000,"td":"Фешенебельный район","dc":1,"n":675.63,"vc":"414267","sl":"Элитный","sv":"113","p":6500000.0,"q":34.03,"b":5.68,"ms":12.06,"wi":109.74,"ei":6.39,"as":1332.06,"mi":"E","mv":937,"sc":2,"lpe":87.73,"lpr":207630.42,"lq":20.58,"d":1607580},{"pi":"370081","pc":"Автомобильные товары","ss":100000,"td":"Центр города","dc":1,"n":335.39,"vc":"104799","sl":"Элитный","sv":"2","p":5000000.0,"q":27.69,"b":3.26,"ms":0.21,"wi":109.74,"ei":6.39,"as":1332.06,"mi":"E","mv":937,"sc":2,"lpe":87.73,"lpr":207630.42,"lq":20.58,"d":1607580},{"pi":"370081","pc":"Автомобильные товары","ss":100000,"td":"Фешенебельный район","dc":1,"n":675.63,"vc":"426460","sl":"Элитный","sv":"27","p":5500000.0,"q":22.44,"b":4.12,"ms":12.11,"wi":36.63,"ei":5.7,"as":279.33,"mi":"E","mv":223,"sc":1,"lpe":87.89,"lpr":144741.56,"lq":10.77,"d":1746502},{"pi":"370081","pc":"Автомобильные товары","ss":100000,"td":"Фешенебельный район","dc":1,"n":675.63,"vc":"403388","sl":"Элитный","sv":"67","p":8500000.0,"q":34.21,"b":5.68,"ms":9.9,"wi":115.61,"ei":6.91,"as":1461.51,"mi":"E","mv":677,"sc":2,"lpe":85.67,"lpr":261905.31,"lq":21.93,"d":1489874},{"pi":"370081","pc":"Автомобильные товары","ss":100000,"td":"Центр города","dc":2,"n":459.26,"vc":"223865","sl":"Элитный","sv":"30","p":5700000.0,"q":30.55,"b":4.41,"ms":4.43,"wi":115.61,"ei":6.91,"as":1461.51,"mi":"E","mv":677,"sc":2,"lpe":85.67,"lpr":261905.31,"lq":21.93,"d":1489874},{"pi":"370081","pc":"Автомобильные товары","ss":100000,"td":"Фешенебельный район","dc":1,"n":372.02,"vc":"15665","sl":"Элитный","sv":"141","p":5000000.0,"q":19.73,"b":2.91212765957447,"ms":66.2,"wi":41.63,"ei":7.13,"as":358.52,"mi":"D","mv":213,"sc":1,"lpe":33.8,"lpr":1036489.57,"lq":1.0,"d":1853316},{"pi":"370081","pc":"Автомобильные товары","ss":100000,"td":"Фешенебельный район","dc":1,"n":324.26,"vc":"22276","sl":"Элитный","sv":"64","p":5000000.0,"q":23.83,"b":4.59375,"ms":5.53,"wi":31.13,"ei":3.43,"as":151.97,"mi":"E","mv":1157,"sc":1,"lpe":94.47,"lpr":208195.72,"lq":2.96,"d":5908898},{"pi":"370081","pc":"Автомобильные товары","ss":100000,"td":"Центр города","dc":2,"n":475.85,"vc":"477392","sl":"Высокий","sv":"451","p":2100000.0,"q":26.5,"b":5.88,"ms":25.96,"wi":27.86,"ei":3.43,"as":42.92,"mi":"E","mv":1737,"sc":2,"lpe":70.35,"lpr":118597.0,"lq":3.27,"d":9216794},{"pi":"370081","pc":"Автомобильные товары","ss":200000,"td":"Центр города","dc":3,"n":402.61,"vc":"627794","sl":"Высокий","sv":"64","p":3100000.0,"q":30.3,"b":3.73,"ms":3.68,"wi":27.86,"ei":3.43,"as":42.92,"mi":"E","mv":1737,"sc":2,"lpe":70.35,"lpr":118597.0,"lq":3.27,"d":9216794},{"pi":"370081","pc":"Автомобильные товары","ss":100000,"td":"Фешенебельный район","dc":1,"n":588.34,"vc":"88665","sl":"Элитный","sv":"27","p":7000000.0,"q":30.19,"b":5.18,"ms":11.3,"wi":80.59,"ei":6.9,"as":850.5,"mi":"E","mv":239,"sc":1,"lpe":88.7,"lpr":317681.76,"lq":1.59,"d":688452},{"pi":"370081","pc":"Автомобильные товары","ss":100000,"td":"Центр города","dc":1,"n":456.76,"vc":"280846","sl":"Элитный","sv":"329","p":2500000.0,"q":22.59,"b":2.25237082066869,"ms":95.36,"wi":86.72,"ei":7.1,"as":871.5,"mi":"A","mv":345,"sc":2,"lpe":0.0,"lpr":262129.36,"lq":13.63,"d":957768},{"pi":"370081","pc":"Автомобильные товары","ss":100000,"td":"Фешенебельный район","dc":1,"n":543.5,"vc":"64672","sl":"Элитный","sv":"14","p":5300000.0,"q":30.35,"b":5.18,"ms":4.06,"wi":86.72,"ei":7.1,"as":871.5,"mi":"A","mv":345,"sc":2,"lpe":0.0,"lpr":262129.36,"lq":13.63,"d":957768},{"pi":"370081","pc":"Автомобильные товары","ss":100000,"td":"Фешенебельный район","dc":1,"n":626.53,"vc":"147004","sl":"Элитный","sv":"6","p":5000000.0,"q":19.14,"b":6.3,"ms":5.77,"wi":76.79,"ei":6.2,"as":807.98,"mi":"E","mv":104,"sc":1,"lpe":94.23,"lpr":200438.67,"lq":8.99,"d":320948},{"pi":"370081","pc":"Автомобильные товары","ss":100000,"td":"Фешенебельный район","dc":1,"n":647.47,"vc":"191574","sl":"Элитный","sv":"10","p":4000000.0,"q":28.82,"b":6.32,"ms":7.14,"wi":93.4,"ei":9.12,"as":1117.2,"mi":"E","mv":140,"sc":2,"lpe":85.71,"lpr":157871.94,"lq":14.08,"d":384781},{"pi":"370081","pc":"Автомобильные товары","ss":100000,"td":"Фешенебельный район","dc":1,"n":675.63,"vc":"251157","sl":"Элитный","sv":"10","p":4400000.0,"q":33.62,"b":9.66,"ms":7.14,"wi":93.4,"ei":9.12,"as":1117.2,"mi":"E","mv":140,"sc":2,"lpe":85.71,"lpr":157871.94,"lq":14.08,"d":384781},{"pi":"370081","pc":"Автомобильные товары","ss":100000,"td":"Фешенебельный район","dc":1,"n":662.76,"vc":"433080","sl":"Элитный","sv":"119","p":6750000.0,"q":34.2,"b":4.65,"ms":10.83,"wi":81.91,"ei":8.82,"as":546.4,"mi":"E","mv":1099,"sc":3,"lpe":84.35,"lpr":221585.79,"lq":20.87,"d":2598727},{"pi":"370081","pc":"Автомобильные товары","ss":100000,"td":"Фешенебельный район","dc":2,"n":594.19,"vc":"223978","sl":"Элитный","sv":"35","p":5600000.0,"q":30.55,"b":4.08,"ms":3.18,"wi":81.91,"ei":8.82,"as":546.4,"mi":"E","mv":1099,"sc":3,"lpe":84.35,"lpr":221585.79,"lq":20.87,"d":2598727},{"pi":"370081","pc":"Автомобильные товары","ss":200000,"td":"Фешенебельный район","dc":1,"n":439.87,"vc":"92733","sl":"Элитный","sv":"18","p":5900000.0,"q":30.2,"b":4.07,"ms":1.64,"wi":81.91,"ei":8.82,"as":546.4,"mi":"E","mv":1099,"sc":3,"lpe":84.35,"lpr":221585.79,"lq":20.87,"d":2598727},{"pi":"370081","pc":"Автомобильные товары","ss":100000,"td":"Фешенебельный район","dc":2,"n":680.19,"vc":"223938","sl":"Элитный","sv":"13","p":4900000.0,"q":30.52,"b":4.08,"ms":13.0,"wi":80.04,"ei":6.62,"as":576.1,"mi":"E","mv":100,"sc":1,"lpe":87.0,"lpr":134226.17,"lq":16.29,"d":254993},{"pi":"370081","pc":"Автомобильные товары","ss":100000,"td":"Фешенебельный район","dc":2,"n":671.29,"vc":"223602","sl":"Элитный","sv":"18","p":7600000.0,"q":30.53,"b":4.08,"ms":14.88,"wi":128.02,"ei":8.82,"as":625.38,"mi":"E","mv":121,"sc":1,"lpe":85.12,"lpr":215710.57,"lq":15.6,"d":311011},{"pi":"370081","pc":"Автомобильные товары","ss":100000,"td":"Фешенебельный район","dc":1,"n":665.48,"vc":"433498","sl":"Элитный","sv":"20","p":5500000.0,"q":13.72,"b":1.8415,"ms":14.81,"wi":21.71,"ei":9.2,"as":243.81,"mi":"E","mv":135,"sc":1,"lpe":85.19,"lpr":200392.81,"lq":7.2,"d":2418266},{"pi":"370081","pc":"Автомобильные товары","ss":100000,"td":"Фешенебельный район","dc":1,"n":512.58,"vc":"74183","sl":"Элитный","sv":"50","p":1900000.0,"q":30.2,"b":3.46,"ms":10.33,"wi":44.53,"ei":12.04,"as":405.27,"mi":"E","mv":484,"sc":2,"lpe":84.92,"lpr":149401.86,"lq":11.85,"d":3315370},{"pi":"370081","pc":"Автомобильные товары","ss":100000,"td":"Фешенебельный район","dc":1,"n":649.69,"vc":"415910","sl":"Элитный","sv":"23","p":5500000.0,"q":22.55,"b":4.02,"ms":4.75,"wi":44.53,"ei":12.04,"as":405.27,"mi":"E","mv":484,"sc":2,"lpe":84.92,"lpr":149401.86,"lq":11.85,"d":3315370},{"pi":"370081","pc":"Автомобильные товары","ss":100000,"td":"Фешенебельный район","dc":1,"n":665.0,"vc":"433780","sl":"Элитный","sv":"27","p":5261046.0,"q":22.5,"b":4.02,"ms":6.78,"wi":38.91,"ei":11.6,"as":316.91,"mi":"E","mv":398,"sc":1,"lpe":93.22,"lpr":138223.11,"lq":10.89,"d":2455208},{"pi":"370081","pc":"Автомобильные товары","ss":1700,"td":"Фешенебельный район","dc":1,"n":354.0,"vc":"1142","sl":"Элитный","sv":"80","p":5300000.0,"q":14.28,"b":1.6095,"ms":80.81,"wi":21.21,"ei":4.62,"as":206.96,"mi":"D","mv":99,"sc":1,"lpe":19.19,"lpr":855411.93,"lq":2.62,"d":1571900},{"pi":"370081","pc":"Автомобильные товары","ss":100000,"td":"Фешенебельный район","dc":1,"n":675.63,"vc":"340653","sl":"Элитный","sv":"42","p":5500000.0,"q":22.41,"b":4.29,"ms":6.35,"wi":108.65,"ei":7.35,"as":1291.6,"mi":"E","mv":661,"sc":1,"lpe":93.65,"lpr":167430.74,"lq":9.54,"d":1033752},{"pi":"370081","pc":"Автомобильные товары","ss":100000,"td":"Фешенебельный район","dc":1,"n":623.54,"vc":"140585","sl":"Элитный","sv":"21","p":8000000.0,"q":20.63,"b":3.25285714285714,"ms":6.31,"wi":109.29,"ei":6.7,"as":1597.06,"mi":"E","mv":333,"sc":1,"lpe":93.69,"lpr":264172.58,"lq":5.41,"d":976806},{"pi":"370081","pc":"Автомобильные товары","ss":100000,"td":"Фешенебельный район","dc":1,"n":662.65,"vc":"450196","sl":"Элитный","sv":"58","p":6750000.0,"q":21.33,"b":3.74724137931034,"ms":7.84,"wi":57.01,"ei":11.71,"as":410.0,"mi":"E","mv":740,"sc":2,"lpe":85.41,"lpr":208301.4,"lq":6.67,"d":2912574},{"pi":"370081","pc":"Автомобильные товары","ss":100000,"td":"Фешенебельный район","dc":1,"n":468.31,"vc":"46317","sl":"Элитный","sv":"50","p":3900000.0,"q":30.2,"b":3.46,"ms":6.76,"wi":57.01,"ei":11.71,"as":410.0,"mi":"E","mv":740,"sc":2,"lpe":85.41,"lpr":208301.4,"lq":6.67,"d":2912574},{"pi":"370081","pc":"Автомобильные товары","ss":10000,"td":"Фешенебельный район","dc":2,"n":482.69,"vc":"5223","sl":"Элитный","sv":"16","p":4200000.0,"q":24.78,"b":5.81875,"ms":20.0,"wi":43.38,"ei":10.73,"as":651.69,"mi":"E","mv":80,"sc":2,"lpe":68.75,"lpr":174358.41,"lq":7.53,"d":391536},{"pi":"370081","pc":"Автомобильные товары","ss":10000,"td":"Фешенебельный район","dc":1,"n":521.16,"vc":"6942","sl":"Элитный","sv":"9","p":5000000.0,"q":18.4,"b":1.41888888888889,"ms":11.25,"wi":43.38,"ei":10.73,"as":651.69,"mi":"E","mv":80,"sc":2,"lpe":68.75,"lpr":174358.41,"lq":7.53,"d":391536},{"pi":"370081","pc":"Автомобильные товары","ss":1000,"td":"Фешенебельный район","dc":1,"n":629.04,"vc":"1024","sl":"Элитный","sv":"47","p":6000000.0,"q":21.49,"b":3.97148936170213,"ms":97.92,"wi":77.49,"ei":6.62,"as":518.18,"mi":"C","mv":48,"sc":2,"lpe":0.0,"lpr":1329454.55,"lq":5.48,"d":116700},{"pi":"370081","pc":"Автомобильные товары","ss":1000,"td":"Фешенебельный район","dc":1,"n":486.7,"vc":"459","sl":"Элитный","sv":"1","p":5766666.67,"q":19.9,"b":4.06,"ms":2.08,"wi":77.49,"ei":6.62,"as":518.18,"mi":"C","mv":48,"sc":2,"lpe":0.0,"lpr":1329454.55,"lq":5.48,"d":116700},{"pi":"370081","pc":"Автомобильные товары","ss":100000,"td":"Фешенебельный район","dc":2,"n":683.02,"vc":"224008","sl":"Элитный","sv":"12","p":7100000.0,"q":30.55,"b":4.08,"ms":12.24,"wi":96.34,"ei":7.3,"as":643.27,"mi":"E","mv":98,"sc":1,"lpe":87.76,"lpr":194575.12,"lq":15.94,"d":286767},{"pi":"370081","pc":"Автомобильные товары","ss":1000,"td":"Фешенебельный район","dc":1,"n":476.56,"vc":"494","sl":"Элитный","sv":"18","p":5000000.0,"q":10.54,"b":0.972222222222222,"ms":34.62,"wi":56.47,"ei":7.19,"as":613.83,"mi":"E","mv":52,"sc":1,"lpe":65.38,"lpr":1369178.66,"lq":2.37,"d":169390},{"pi":"370081","pc":"Автомобильные товары","ss":1000,"td":"Фешенебельный район","dc":1,"n":567.08,"vc":"1196","sl":"Элитный","sv":"9","p":7500000.0,"q":9.89,"b":0.598888888888889,"ms":16.07,"wi":51.98,"ei":6.5,"as":535.5,"mi":"E","mv":56,"sc":1,"lpe":83.93,"lpr":461716.32,"lq":1.0,"d":154500},{"pi":"370081","pc":"Автомобильные товары","ss":100000,"td":"Фешенебельный район","dc":2,"n":685.14,"vc":"224418","sl":"Элитный","sv":"13","p":4100000.0,"q":30.44,"b":4.08,"ms":13.27,"wi":89.53,"ei":6.95,"as":721.1,"mi":"E","mv":98,"sc":1,"lpe":86.73,"lpr":115951.44,"lq":17.36,"d":214816},{"pi":"370081","pc":"Автомобильные товары","ss":100000,"td":"Фешенебельный район","dc":1,"n":593.24,"vc":"110376","sl":"Элитный","sv":"9","p":1.3E7,"q":27.08,"b":4.07,"ms":7.38,"wi":76.2,"ei":6.91,"as":607.06,"mi":"E","mv":122,"sc":1,"lpe":92.62,"lpr":367705.15,"lq":15.04,"d":353178},{"pi":"370081","pc":"Автомобильные товары","ss":900,"td":"Фешенебельный район","dc":1,"n":440.53,"vc":"621","sl":"Элитный","sv":"42","p":4500000.0,"q":16.6,"b":3.09166666666667,"ms":50.6,"wi":72.22,"ei":7.14,"as":514.5,"mi":"D","mv":83,"sc":1,"lpe":49.4,"lpr":1477535.63,"lq":3.4,"d":226600},{"pi":"370081","pc":"Автомобильные товары","ss":100000,"td":"Фешенебельный район","dc":1,"n":498.84,"vc":"39180","sl":"Элитный","sv":"128","p":2000000.0,"q":20.8,"b":5.41,"ms":90.14,"wi":73.8,"ei":7.67,"as":1128.17,"mi":"AA","mv":142,"sc":2,"lpe":0.0,"lpr":203480.2,"lq":11.64,"d":940429},{"pi":"370081","pc":"Автомобильные товары","ss":100000,"td":"Фешенебельный район","dc":2,"n":449.98,"vc":"36735","sl":"Элитный","sv":"14","p":3500000.0,"q":24.43,"b":1.89642857142857,"ms":9.86,"wi":73.8,"ei":7.67,"as":1128.17,"mi":"AA","mv":142,"sc":2,"lpe":0.0,"lpr":203480.2,"lq":11.64,"d":940429},{"pi":"370081","pc":"Автомобильные товары","ss":1000,"td":"Фешенебельный район","dc":1,"n":464.44,"vc":"1278","sl":"Элитный","sv":"64","p":5000000.0,"q":25.94,"b":5.8415625,"ms":18.29,"wi":89.51,"ei":7.06,"as":573.3,"mi":"E","mv":350,"sc":4,"lpe":74.57,"lpr":519508.79,"lq":16.95,"d":978294},{"pi":"370081","pc":"Автомобильные товары","ss":1000,"td":"Центр города","dc":1,"n":495.9,"vc":"10173","sl":"Низкий","sv":"14","p":3400000.0,"q":30.4,"b":5.03,"ms":4.0,"wi":89.51,"ei":7.06,"as":573.3,"mi":"E","mv":350,"sc":4,"lpe":74.57,"lpr":519508.79,"lq":16.95,"d":978294},{"pi":"370081","pc":"Автомобильные товары","ss":1000,"td":"Спальный район","dc":1,"n":186.18,"vc":"1330","sl":"Элитный","sv":"10","p":4500000.0,"q":25.03,"b":5.427,"ms":2.86,"wi":89.51,"ei":7.06,"as":573.3,"mi":"E","mv":350,"sc":4,"lpe":74.57,"lpr":519508.79,"lq":16.95,"d":978294},{"pi":"370081","pc":"Автомобильные товары","ss":1000,"td":"Фешенебельный район","dc":1,"n":481.63,"vc":"939","sl":"Элитный","sv":"1","p":5000000.0,"q":19.37,"b":4.06,"ms":0.29,"wi":89.51,"ei":7.06,"as":573.3,"mi":"E","mv":350,"sc":4,"lpe":74.57,"lpr":519508.79,"lq":16.95,"d":978294},{"pi":"370081","pc":"Автомобильные товары","ss":10000,"td":"Фешенебельный район","dc":1,"n":576.89,"vc":"8368","sl":"Элитный","sv":"80","p":4000000.0,"q":19.7,"b":3.962625,"ms":91.95,"wi":67.08,"ei":7.11,"as":463.53,"mi":"D","mv":87,"sc":1,"lpe":0.0,"lpr":794141.44,"lq":3.53,"d":179268},{"pi":"370081","pc":"Автомобильные товары","ss":200000,"td":"Центр города","dc":1,"n":497.44,"vc":"999124","sl":"Элитный","sv":"40","p":4100000.0,"q":25.19,"b":3.88,"ms":5.1,"wi":51.89,"ei":9.72,"as":380.0,"mi":"E","mv":784,"sc":2,"lpe":90.56,"lpr":116676.76,"lq":6.72,"d":1850212},{"pi":"370081","pc":"Автомобильные товары","ss":100000,"td":"Фешенебельный район","dc":1,"n":675.63,"vc":"435158","sl":"Элитный","sv":"34","p":4987238.0,"q":21.96,"b":4.44617647058824,"ms":4.34,"wi":51.89,"ei":9.72,"as":380.0,"mi":"E","mv":784,"sc":2,"lpe":90.56,"lpr":116676.76,"lq":6.72,"d":1850212},{"pi":"370081","pc":"Автомобильные товары","ss":100000,"td":"Фешенебельный район","dc":1,"n":636.32,"vc":"447513","sl":"Элитный","sv":"107","p":5077433.0,"q":22.53,"b":4.14,"ms":7.04,"wi":89.14,"ei":7.05,"as":1247.63,"mi":"E","mv":1519,"sc":4,"lpe":77.81,"lpr":298028.85,"lq":18.42,"d":5900984},{"pi":"370081","pc":"Автомобильные товары","ss":100000,"td":"Фешенебельный район","dc":1,"n":416.92,"vc":"54272","sl":"Элитный","sv":"100","p":5900000.0,"q":30.2,"b":3.79,"ms":6.58,"wi":89.14,"ei":7.05,"as":1247.63,"mi":"E","mv":1519,"sc":4,"lpe":77.81,"lpr":298028.85,"lq":18.42,"d":5900984},{"pi":"370081","pc":"Автомобильные товары","ss":200000,"td":"Центр города","dc":1,"n":497.81,"vc":"1505122","sl":"Очень высокий","sv":"80","p":4900000.0,"q":25.19,"b":3.34,"ms":5.27,"wi":89.14,"ei":7.05,"as":1247.63,"mi":"E","mv":1519,"sc":4,"lpe":77.81,"lpr":298028.85,"lq":18.42,"d":5900984},{"pi":"370081","pc":"Автомобильные товары","ss":100000,"td":"Фешенебельный район","dc":2,"n":562.79,"vc":"147105","sl":"Элитный","sv":"50","p":7600000.0,"q":30.55,"b":4.71,"ms":3.29,"wi":89.14,"ei":7.05,"as":1247.63,"mi":"E","mv":1519,"sc":4,"lpe":77.81,"lpr":298028.85,"lq":18.42,"d":5900984},{"pi":"370081","pc":"Автомобильные товары","ss":100000,"td":"Фешенебельный район","dc":2,"n":627.27,"vc":"138465","sl":"Элитный","sv":"10","p":5000000.0,"q":18.82,"b":0.225,"ms":10.87,"wi":109.38,"ei":8.5,"as":1102.5,"mi":"E","mv":92,"sc":1,"lpe":89.13,"lpr":298765.22,"lq":10.67,"d":265020},{"pi":"370081","pc":"Автомобильные товары","ss":100000,"td":"Фешенебельный район","dc":1,"n":675.63,"vc":"350312","sl":"Элитный","sv":"7","p":2.45E7,"q":13.97,"b":1.41857142857143,"ms":10.29,"wi":92.28,"ei":6.9,"as":352.04,"mi":"E","mv":68,"sc":1,"lpe":89.71,"lpr":1066417.2,"lq":10.51,"d":995636},{"pi":"370081","pc":"Автомобильные товары","ss":1000,"td":"Фешенебельный район","dc":1,"n":487.4,"vc":"656","sl":"Элитный","sv":"7","p":3900000.0,"q":20.59,"b":3.31,"ms":17.95,"wi":64.25,"ei":6.1,"as":493.77,"mi":"E","mv":39,"sc":1,"lpe":82.05,"lpr":386537.6,"lq":1.93,"d":100815},{"pi":"370081","pc":"Автомобильные товары","ss":100000,"td":"Фешенебельный район","dc":1,"n":676.14,"vc":"207987","sl":"Элитный","sv":"4","p":6500000.0,"q":24.77,"b":5.54,"ms":3.96,"wi":47.48,"ei":6.1,"as":334.42,"mi":"E","mv":101,"sc":1,"lpe":96.04,"lpr":121541.63,"lq":3.48,"d":221587},{"pi":"370081","pc":"Автомобильные товары","ss":100000,"td":"Фешенебельный район","dc":1,"n":719.76,"vc":"199204","sl":"Элитный","sv":"12","p":9500000.0,"q":30.2,"b":5.54,"ms":12.37,"wi":55.14,"ei":5.59,"as":450.47,"mi":"E","mv":97,"sc":1,"lpe":87.63,"lpr":289403.4,"lq":2.4,"d":188017},{"pi":"370081","pc":"Автомобильные товары","ss":10000,"td":"Центр города","dc":1,"n":421.72,"vc":"24189","sl":"Элитный","sv":"4","p":8200000.0,"q":17.51,"b":1.88,"ms":4.04,"wi":52.57,"ei":14.97,"as":532.12,"mi":"E","mv":99,"sc":1,"lpe":95.96,"lpr":231973.49,"lq":1.27,"d":545460},{"pi":"370081","pc":"Автомобильные товары","ss":100000,"td":"Фешенебельный район","dc":3,"n":425.54,"vc":"26295","sl":"Элитный","sv":"105","p":4000000.0,"q":24.68,"b":0.0,"ms":97.22,"wi":55.9,"ei":7.11,"as":492.05,"mi":"D","mv":108,"sc":2,"lpe":0.0,"lpr":1075193.86,"lq":2.38,"d":587440},{"pi":"370081","pc":"Автомобильные товары","ss":10000,"td":"Фешенебельный район","dc":2,"n":225.87,"vc":"665","sl":"Элитный","sv":"1","p":8200000.0,"q":19.38,"b":4.83,"ms":0.93,"wi":55.9,"ei":7.11,"as":492.05,"mi":"D","mv":108,"sc":2,"lpe":0.0,"lpr":1075193.86,"lq":2.38,"d":587440},{"pi":"370081","pc":"Автомобильные товары","ss":100000,"td":"Центр города","dc":1,"n":448.71,"vc":"268464","sl":"Элитный","sv":"48","p":4000000.0,"q":24.52,"b":3.86125,"ms":10.15,"wi":54.96,"ei":10.13,"as":422.1,"mi":"E","mv":473,"sc":1,"lpe":89.85,"lpr":165360.4,"lq":16.02,"d":1050481},{"pi":"370081","pc":"Автомобильные товары","ss":100000,"td":"Фешенебельный район","dc":2,"n":670.17,"vc":"223791","sl":"Элитный","sv":"26","p":7500000.0,"q":30.54,"b":6.22,"ms":8.44,"wi":62.28,"ei":8.99,"as":967.35,"mi":"E","mv":308,"sc":3,"lpe":90.58,"lpr":236561.04,"lq":14.06,"d":1023950},{"pi":"370081","pc":"Автомобильные товары","ss":10000,"td":"Фешенебельный район","dc":2,"n":411.18,"vc":"4770","sl":"Элитный","sv":"2","p":4500000.0,"q":25.99,"b":1.71,"ms":0.65,"wi":62.28,"ei":8.99,"as":967.35,"mi":"E","mv":308,"sc":3,"lpe":90.58,"lpr":236561.04,"lq":14.06,"d":1023950},{"pi":"370081","pc":"Автомобильные товары","ss":100000,"td":"Центр города","dc":1,"n":420.76,"vc":"135579","sl":"Элитный","sv":"1","p":6000000.0,"q":21.17,"b":1.52,"ms":0.32,"wi":62.28,"ei":8.99,"as":967.35,"mi":"E","mv":308,"sc":3,"lpe":90.58,"lpr":236561.04,"lq":14.06,"d":1023950},{"pi":"370081","pc":"Автомобильные товары","ss":100000,"td":"Фешенебельный район","dc":1,"n":431.86,"vc":"21474","sl":"Элитный","sv":"170","p":8000000.0,"q":19.71,"b":2.61476470588235,"ms":95.51,"wi":59.14,"ei":9.58,"as":525.4,"mi":"D","mv":178,"sc":1,"lpe":0.0,"lpr":710042.98,"lq":4.88,"d":881782},{"pi":"370081","pc":"Автомобильные товары","ss":100000,"td":"Фешенебельный район","dc":1,"n":524.51,"vc":"57712","sl":"Элитный","sv":"17","p":3000000.0,"q":19.41,"b":4.24,"ms":17.17,"wi":51.5,"ei":7.4,"as":852.42,"mi":"E","mv":99,"sc":1,"lpe":82.83,"lpr":114424.5,"lq":10.28,"d":366048},{"pi":"370081","pc":"Автомобильные товары","ss":10000,"td":"Фешенебельный район","dc":1,"n":431.34,"vc":"3511","sl":"Элитный","sv":"103","p":1.0E7,"q":20.99,"b":2.11388349514563,"ms":100.0,"wi":53.26,"ei":9.06,"as":469.26,"mi":"C","mv":103,"sc":1,"lpe":0.0,"lpr":747557.12,"lq":5.39,"d":886926},{"pi":"370081","pc":"Автомобильные товары","ss":100000,"td":"Фешенебельный район","dc":1,"n":584.84,"vc":"102507","sl":"Элитный","sv":"12","p":7700000.0,"q":30.2,"b":5.37,"ms":10.17,"wi":38.84,"ei":6.46,"as":550.2,"mi":"E","mv":118,"sc":4,"lpe":78.81,"lpr":309750.61,"lq":10.72,"d":1548177},{"pi":"370081","pc":"Автомобильные товары","ss":100000,"td":"Фешенебельный район","dc":1,"n":675.63,"vc":"368126","sl":"Элитный","sv":"10","p":1.1E7,"q":17.55,"b":3.175,"ms":8.47,"wi":38.84,"ei":6.46,"as":550.2,"mi":"E","mv":118,"sc":4,"lpe":78.81,"lpr":309750.61,"lq":10.72,"d":1548177},{"pi":"370081","pc":"Автомобильные товары","ss":10000,"td":"Фешенебельный район","dc":10,"n":406.23,"vc":"4785","sl":"Низкий","sv":"2","p":3000000.0,"q":21.08,"b":0.605,"ms":1.69,"wi":38.84,"ei":6.46,"as":550.2,"mi":"E","mv":118,"sc":4,"lpe":78.81,"lpr":309750.61,"lq":10.72,"d":1548177},{"pi":"370081","pc":"Автомобильные товары","ss":1000,"td":"Фешенебельный район","dc":10,"n":165.33,"vc":"250","sl":"Очень высокий","sv":"1","p":3000000.0,"q":25.96,"b":0.82,"ms":0.85,"wi":38.84,"ei":6.46,"as":550.2,"mi":"E","mv":118,"sc":4,"lpe":78.81,"lpr":309750.61,"lq":10.72,"d":1548177},{"pi":"370081","pc":"Автомобильные товары","ss":100000,"td":"Фешенебельный район","dc":8,"n":397.06,"vc":"23898","sl":"Очень низкий","sv":"5","p":3500000.0,"q":25.99,"b":0.82,"ms":5.0,"wi":19.23,"ei":4.49,"as":270.88,"mi":"E","mv":100,"sc":1,"lpe":95.0,"lpr":862417.8,"lq":1.0,"d":1469374},{"pi":"370081","pc":"Автомобильные товары","ss":100000,"td":"Фешенебельный район","dc":1,"n":675.63,"vc":"334635","sl":"Элитный","sv":"50","p":5500000.0,"q":34.19,"b":6.05,"ms":9.38,"wi":88.01,"ei":6.7,"as":1123.0,"mi":"E","mv":533,"sc":1,"lpe":90.62,"lpr":149131.42,"lq":17.51,"d":873551},{"pi":"370081","pc":"Автомобильные товары","ss":100000,"td":"Фешенебельный район","dc":1,"n":675.63,"vc":"342128","sl":"Очень высокий","sv":"30","p":6000000.0,"q":34.11,"b":0.0,"ms":12.0,"wi":88.74,"ei":6.0,"as":1057.94,"mi":"E","mv":250,"sc":3,"lpe":83.2,"lpr":228941.9,"lq":17.81,"d":930610},{"pi":"370081","pc":"Автомобильные товары","ss":100000,"td":"Фешенебельный район","dc":1,"n":547.2,"vc":"99512","sl":"Элитный","sv":"8","p":4000000.0,"q":20.93,"b":3.20625,"ms":3.2,"wi":88.74,"ei":6.0,"as":1057.94,"mi":"E","mv":250,"sc":3,"lpe":83.2,"lpr":228941.9,"lq":17.81,"d":930610},{"pi":"370081","pc":"Автомобильные товары","ss":140000,"td":"Центр города","dc":2,"n":383.73,"vc":"180070","sl":"Элитный","sv":"4","p":4500000.0,"q":26.01,"b":2.19,"ms":1.6,"wi":88.74,"ei":6.0,"as":1057.94,"mi":"E","mv":250,"sc":3,"lpe":83.2,"lpr":228941.9,"lq":17.81,"d":930610},{"pi":"370081","pc":"Автомобильные товары","ss":10000,"td":"Центр города","dc":1,"n":458.52,"vc":"34504","sl":"Очень высокий","sv":"30","p":7665927.32,"q":10.77,"b":0.981333333333333,"ms":8.52,"wi":45.03,"ei":10.64,"as":673.75,"mi":"E","mv":352,"sc":2,"lpe":90.06,"lpr":489609.36,"lq":2.27,"d":2541514},{"pi":"370081","pc":"Автомобильные товары","ss":10000,"td":"Центр города","dc":1,"n":424.21,"vc":"26770","sl":"Элитный","sv":"5","p":1.6E7,"q":15.62,"b":1.69,"ms":1.42,"wi":45.03,"ei":10.64,"as":673.75,"mi":"E","mv":352,"sc":2,"lpe":90.06,"lpr":489609.36,"lq":2.27,"d":2541514},{"pi":"370081","pc":"Автомобильные товары","ss":100000,"td":"Фешенебельный район","dc":2,"n":691.87,"vc":"224672","sl":"Элитный","sv":"12","p":6100000.0,"q":30.53,"b":4.08,"ms":12.37,"wi":101.72,"ei":7.3,"as":549.44,"mi":"E","mv":97,"sc":1,"lpe":87.63,"lpr":164184.25,"lq":16.0,"d":185081},{"pi":"370081","pc":"Автомобильные товары","ss":10000,"td":"Центр города","dc":1,"n":417.07,"vc":"52516","sl":"Очень высокий","sv":"98","p":5000000.0,"q":26.1,"b":4.41795918367347,"ms":6.93,"wi":59.25,"ei":8.02,"as":811.4,"mi":"E","mv":1414,"sc":4,"lpe":87.77,"lpr":269922.17,"lq":9.36,"d":4968783},{"pi":"370081","pc":"Автомобильные товары","ss":10000,"td":"Фешенебельный район","dc":1,"n":377.35,"vc":"5872","sl":"Элитный","sv":"70","p":5100000.0,"q":30.2,"b":4.57,"ms":4.95,"wi":59.25,"ei":8.02,"as":811.4,"mi":"E","mv":1414,"sc":4,"lpe":87.77,"lpr":269922.17,"lq":9.36,"d":4968783},{"pi":"370081","pc":"Автомобильные товары","ss":10000,"td":"Центр города","dc":1,"n":147.84,"vc":"7172","sl":"Элитный","sv":"4","p":2600000.0,"q":11.94,"b":1.3325,"ms":0.28,"wi":59.25,"ei":8.02,"as":811.4,"mi":"E","mv":1414,"sc":4,"lpe":87.77,"lpr":269922.17,"lq":9.36,"d":4968783},{"pi":"370081","pc":"Автомобильные товары","ss":10000,"td":"Пригород","dc":2,"n":387.69,"vc":"11270","sl":"Элитный","sv":"1","p":5300000.0,"q":26.17,"b":4.51,"ms":0.07,"wi":59.25,"ei":8.02,"as":811.4,"mi":"E","mv":1414,"sc":4,"lpe":87.77,"lpr":269922.17,"lq":9.36,"d":4968783},{"pi":"370081","pc":"Автомобильные товары","ss":100000,"td":"Фешенебельный район","dc":2,"n":684.81,"vc":"224247","sl":"Элитный","sv":"18","p":1.1E7,"q":30.5,"b":5.52,"ms":17.82,"wi":65.31,"ei":5.25,"as":522.9,"mi":"E","mv":101,"sc":1,"lpe":82.18,"lpr":300442.4,"lq":11.88,"d":216300},{"pi":"370081","pc":"Автомобильные товары","ss":100000,"td":"Фешенебельный район","dc":2,"n":687.98,"vc":"224553","sl":"Элитный","sv":"12","p":2.1E7,"q":30.44,"b":5.52,"ms":12.12,"wi":67.14,"ei":5.25,"as":404.25,"mi":"E","mv":99,"sc":1,"lpe":87.88,"lpr":546843.59,"lq":4.29,"d":199038},{"pi":"370081","pc":"Автомобильные товары","ss":100000,"td":"Фешенебельный район","dc":1,"n":502.88,"vc":"87284","sl":"Элитный","sv":"47","p":8500000.0,"q":29.43,"b":3.79,"ms":13.66,"wi":70.44,"ei":6.28,"as":624.19,"mi":"E","mv":344,"sc":1,"lpe":86.34,"lpr":288762.36,"lq":17.77,"d":2161944},{"pi":"370081","pc":"Автомобильные товары","ss":100000,"td":"Фешенебельный район","dc":2,"n":605.14,"vc":"223972","sl":"Элитный","sv":"40","p":5400000.0,"q":30.55,"b":4.71,"ms":11.76,"wi":77.34,"ei":6.53,"as":961.05,"mi":"E","mv":340,"sc":3,"lpe":80.59,"lpr":184120.71,"lq":17.14,"d":1923606},{"pi":"370081","pc":"Автомобильные товары","ss":200000,"td":"Центр города","dc":1,"n":497.27,"vc":"1011054","sl":"Элитный","sv":"25","p":5000000.0,"q":24.63,"b":3.34,"ms":7.35,"wi":77.34,"ei":6.53,"as":961.05,"mi":"E","mv":340,"sc":3,"lpe":80.59,"lpr":184120.71,"lq":17.14,"d":1923606},{"pi":"370081","pc":"Автомобильные товары","ss":100000,"td":"Центр города","dc":1,"n":323.0,"vc":"66038","sl":"Элитный","sv":"1","p":6000000.0,"q":27.74,"b":3.5,"ms":0.29,"wi":77.34,"ei":6.53,"as":961.05,"mi":"E","mv":340,"sc":3,"lpe":80.59,"lpr":184120.71,"lq":17.14,"d":1923606},{"pi":"370081","pc":"Автомобильные товары","ss":100000,"td":"Фешенебельный район","dc":1,"n":648.49,"vc":"275113","sl":"Элитный","sv":"800","p":9999999.0,"q":19.1,"b":2.79,"ms":76.56,"wi":107.69,"ei":6.45,"as":681.19,"mi":"D","mv":1045,"sc":2,"lpe":18.66,"lpr":560229.43,"lq":3.24,"d":3351144},{"pi":"370081","pc":"Автомобильные товары","ss":100000,"td":"Фешенебельный район","dc":1,"n":456.18,"vc":"64942","sl":"Элитный","sv":"50","p":6900000.0,"q":30.2,"b":3.79,"ms":4.78,"wi":107.69,"ei":6.45,"as":681.19,"mi":"D","mv":1045,"sc":2,"lpe":18.66,"lpr":560229.43,"lq":3.24,"d":3351144},{"pi":"370081","pc":"Автомобильные товары","ss":100000,"td":"Фешенебельный район","dc":1,"n":521.34,"vc":"79401","sl":"Элитный","sv":"50","p":2400000.0,"q":30.2,"b":3.46,"ms":8.4,"wi":66.64,"ei":6.73,"as":726.6,"mi":"E","mv":595,"sc":2,"lpe":83.36,"lpr":256131.56,"lq":21.33,"d":3164786},{"pi":"370081","pc":"Автомобильные товары","ss":100000,"td":"Фешенебельный район","dc":1,"n":656.49,"vc":"436850","sl":"Элитный","sv":"49","p":9000000.0,"q":34.07,"b":2.28,"ms":8.24,"wi":66.64,"ei":6.73,"as":726.6,"mi":"E","mv":595,"sc":2,"lpe":83.36,"lpr":256131.56,"lq":21.33,"d":3164786},{"pi":"370081","pc":"Автомобильные товары","ss":100000,"td":"Фешенебельный район","dc":1,"n":675.63,"vc":"275475","sl":"Элитный","sv":"32","p":1.2E7,"q":34.17,"b":7.95,"ms":12.26,"wi":191.47,"ei":9.72,"as":2008.97,"mi":"E","mv":261,"sc":1,"lpe":87.74,"lpr":357287.68,"lq":21.92,"d":501060},{"pi":"370081","pc":"Автомобильные товары","ss":130000,"td":"Центр города","dc":2,"n":376.46,"vc":"81920","sl":"Элитный","sv":"5","p":3000000.0,"q":11.57,"b":1.194,"ms":5.62,"wi":82.76,"ei":8.95,"as":1393.7,"mi":"E","mv":89,"sc":1,"lpe":94.38,"lpr":1774591.88,"lq":1.0,"d":272012},{"pi":"370081","pc":"Автомобильные товары","ss":100000,"td":"Фешенебельный район","dc":3,"n":495.28,"vc":"37430","sl":"Элитный","sv":"38","p":400000.0,"q":24.7,"b":0.755526315789474,"ms":41.76,"wi":55.05,"ei":6.69,"as":836.95,"mi":"E","mv":91,"sc":1,"lpe":58.24,"lpr":723363.31,"lq":7.18,"d":237098},{"pi":"370081","pc":"Автомобильные товары","ss":100000,"td":"Фешенебельный район","dc":1,"n":671.91,"vc":"439566","sl":"Элитный","sv":"116","p":6000000.0,"q":19.11,"b":3.56,"ms":11.31,"wi":127.75,"ei":7.06,"as":1642.86,"mi":"E","mv":1026,"sc":2,"lpe":78.95,"lpr":449923.23,"lq":16.77,"d":2109186},{"pi":"370081","pc":"Автомобильные товары","ss":100000,"td":"Фешенебельный район","dc":1,"n":562.9,"vc":"154098","sl":"Элитный","sv":"100","p":6000000.0,"q":31.68,"b":1.5577,"ms":9.75,"wi":127.75,"ei":7.06,"as":1642.86,"mi":"E","mv":1026,"sc":2,"lpe":78.95,"lpr":449923.23,"lq":16.77,"d":2109186},{"pi":"370081","pc":"Автомобильные товары","ss":100000,"td":"Центр города","dc":1,"n":430.48,"vc":"448836","sl":"Элитный","sv":"286","p":3000000.0,"q":23.71,"b":3.02363636363636,"ms":14.69,"wi":40.67,"ei":5.73,"as":513.32,"mi":"E","mv":1947,"sc":3,"lpe":85.21,"lpr":160898.18,"lq":15.17,"d":7527186},{"pi":"370081","pc":"Автомобильные товары","ss":100000,"td":"Центр города","dc":1,"n":405.66,"vc":"235715","sl":"Очень высокий","sv":"1","p":3400000.0,"q":18.92,"b":1.96,"ms":0.05,"wi":40.67,"ei":5.73,"as":513.32,"mi":"E","mv":1947,"sc":3,"lpe":85.21,"lpr":160898.18,"lq":15.17,"d":7527186},{"pi":"370081","pc":"Автомобильные товары","ss":100000,"td":"Центр города","dc":2,"n":405.59,"vc":"235534","sl":"Нормальный","sv":"1","p":3500000.0,"q":21.9,"b":0.84,"ms":0.05,"wi":40.67,"ei":5.73,"as":513.32,"mi":"E","mv":1947,"sc":3,"lpe":85.21,"lpr":160898.18,"lq":15.17,"d":7527186},{"pi":"370081","pc":"Автомобильные товары","ss":100000,"td":"Фешенебельный район","dc":1,"n":726.9,"vc":"215816","sl":"Элитный","sv":"5","p":2.2E7,"q":29.55,"b":5.52,"ms":10.0,"wi":68.8,"ei":5.0,"as":582.37,"mi":"E","mv":50,"sc":1,"lpe":90.0,"lpr":440719.4,"lq":2.9,"d":60990},{"pi":"370081","pc":"Автомобильные товары","ss":100000,"td":"Фешенебельный район","dc":1,"n":627.33,"vc":"130016","sl":"Элитный","sv":"30","p":4000000.0,"q":24.69,"b":0.693333333333333,"ms":30.0,"wi":76.21,"ei":6.3,"as":541.77,"mi":"E","mv":100,"sc":1,"lpe":70.0,"lpr":167642.81,"lq":14.2,"d":234171},{"pi":"370081","pc":"Автомобильные товары","ss":100000,"td":"Фешенебельный район","dc":2,"n":418.01,"vc":"14146","sl":"Элитный","sv":"60","p":3500000.0,"q":10.79,"b":0.777,"ms":28.99,"wi":80.42,"ei":5.0,"as":541.41,"mi":"E","mv":207,"sc":1,"lpe":71.01,"lpr":996743.95,"lq":1.0,"d":457963},{"pi":"370081","pc":"Автомобильные товары","ss":100000,"td":"Фешенебельный район","dc":1,"n":677.46,"vc":"256179","sl":"Элитный","sv":"27","p":2.1E7,"q":22.49,"b":4.94,"ms":11.25,"wi":103.61,"ei":7.21,"as":1060.24,"mi":"E","mv":240,"sc":2,"lpe":85.0,"lpr":566625.56,"lq":4.24,"d":387200},{"pi":"370081","pc":"Автомобильные товары","ss":100000,"td":"Фешенебельный район","dc":1,"n":663.49,"vc":"223982","sl":"Элитный","sv":"9","p":2.45E7,"q":30.53,"b":5.52,"ms":3.75,"wi":103.61,"ei":7.21,"as":1060.24,"mi":"E","mv":240,"sc":2,"lpe":85.0,"lpr":566625.56,"lq":4.24,"d":387200},{"pi":"370081","pc":"Автомобильные товары","ss":10000,"td":"Фешенебельный район","dc":10,"n":615.35,"vc":"12933","sl":"Нормальный","sv":"3","p":5600000.0,"q":20.56,"b":2.89333333333333,"ms":3.61,"wi":22.26,"ei":6.08,"as":509.37,"mi":"E","mv":83,"sc":1,"lpe":96.39,"lpr":242608.96,"lq":1.0,"d":944097},{"pi":"370081","pc":"Автомобильные товары","ss":100000,"td":"Центр города","dc":1,"n":479.65,"vc":"234645","sl":"Элитный","sv":"77","p":7100000.0,"q":20.59,"b":4.77,"ms":15.81,"wi":73.83,"ei":6.3,"as":571.53,"mi":"E","mv":487,"sc":2,"lpe":83.16,"lpr":338747.26,"lq":1.87,"d":973156},{"pi":"370081","pc":"Автомобильные товары","ss":100000,"td":"Центр города","dc":1,"n":444.3,"vc":"167015","sl":"Высокий","sv":"5","p":9000000.0,"q":22.04,"b":2.92,"ms":1.03,"wi":73.83,"ei":6.3,"as":571.53,"mi":"E","mv":487,"sc":2,"lpe":83.16,"lpr":338747.26,"lq":1.87,"d":973156},{"pi":"370081","pc":"Автомобильные товары","ss":10000,"td":"Фешенебельный район","dc":3,"n":423.84,"vc":"3034","sl":"Очень высокий","sv":"4","p":1.05E7,"q":17.36,"b":1.8225,"ms":2.68,"wi":19.47,"ei":5.91,"as":526.89,"mi":"E","mv":149,"sc":1,"lpe":97.32,"lpr":323231.25,"lq":1.0,"d":1222279},{"pi":"370081","pc":"Автомобильные товары","ss":100000,"td":"Фешенебельный район","dc":1,"n":657.73,"vc":"223923","sl":"Элитный","sv":"34","p":4400000.0,"q":30.51,"b":5.52,"ms":13.13,"wi":81.36,"ei":6.0,"as":546.98,"mi":"E","mv":259,"sc":2,"lpe":85.33,"lpr":136737.75,"lq":16.93,"d":453298},{"pi":"370081","pc":"Автомобильные товары","ss":100000,"td":"Фешенебельный район","dc":1,"n":498.87,"vc":"48606","sl":"Элитный","sv":"4","p":1500000.0,"q":20.59,"b":0.0,"ms":1.54,"wi":81.36,"ei":6.0,"as":546.98,"mi":"E","mv":259,"sc":2,"lpe":85.33,"lpr":136737.75,"lq":16.93,"d":453298},{"pi":"370081","pc":"Автомобильные товары","ss":100000,"td":"Фешенебельный район","dc":1,"n":563.7,"vc":"116870","sl":"Элитный","sv":"26","p":4350000.0,"q":30.34,"b":5.06,"ms":11.82,"wi":54.58,"ei":6.32,"as":613.74,"mi":"E","mv":220,"sc":1,"lpe":88.18,"lpr":132260.03,"lq":16.52,"d":936174},{"pi":"370081","pc":"Автомобильные товары","ss":1000,"td":"Фешенебельный район","dc":1,"n":715.45,"vc":"1735","sl":"Очень высокий","sv":"10","p":3300000.0,"q":30.2,"b":7.03,"ms":11.36,"wi":100.73,"ei":10.74,"as":1420.16,"mi":"E","mv":88,"sc":3,"lpe":78.41,"lpr":219853.1,"lq":11.88,"d":130817},{"pi":"370081","pc":"Автомобильные товары","ss":1000,"td":"Фешенебельный район","dc":1,"n":601.23,"vc":"1366","sl":"Элитный","sv":"6","p":3000000.0,"q":19.93,"b":5.09,"ms":6.82,"wi":100.73,"ei":10.74,"as":1420.16,"mi":"E","mv":88,"sc":3,"lpe":78.41,"lpr":219853.1,"lq":11.88,"d":130817},{"pi":"370081","pc":"Автомобильные товары","ss":1000,"td":"Фешенебельный район","dc":1,"n":544.9,"vc":"994","sl":"Элитный","sv":"3","p":3300000.0,"q":19.94,"b":3.05,"ms":3.41,"wi":100.73,"ei":10.74,"as":1420.16,"mi":"E","mv":88,"sc":3,"lpe":78.41,"lpr":219853.1,"lq":11.88,"d":130817},{"pi":"370081","pc":"Автомобильные товары","ss":100000,"td":"Фешенебельный район","dc":1,"n":633.7,"vc":"175714","sl":"Элитный","sv":"6","p":5600000.0,"q":28.52,"b":5.06,"ms":6.06,"wi":40.63,"ei":5.07,"as":449.97,"mi":"E","mv":99,"sc":1,"lpe":93.94,"lpr":111132.44,"lq":5.5,"d":438714},{"pi":"370081","pc":"Автомобильные товары","ss":100000,"td":"Фешенебельный район","dc":1,"n":677.58,"vc":"355263","sl":"Элитный","sv":"17","p":8500000.0,"q":15.18,"b":0.536470588235294,"ms":16.04,"wi":34.11,"ei":4.91,"as":228.12,"mi":"E","mv":106,"sc":1,"lpe":83.96,"lpr":276112.65,"lq":7.82,"d":982344},{"pi":"370081","pc":"Автомобильные товары","ss":100000,"td":"Центр города","dc":2,"n":444.02,"vc":"335121","sl":"Очень высокий","sv":"194","p":3300000.0,"q":26.25,"b":5.89,"ms":12.06,"wi":51.76,"ei":4.41,"as":655.66,"mi":"E","mv":1609,"sc":1,"lpe":87.94,"lpr":169013.29,"lq":7.93,"d":7172110},{"pi":"370081","pc":"Автомобильные товары","ss":100000,"td":"Спальный район","dc":1,"n":468.6,"vc":"200338","sl":"Элитный","sv":"11","p":4500000.0,"q":19.26,"b":1.96,"ms":10.28,"wi":37.97,"ei":14.14,"as":304.91,"mi":"E","mv":107,"sc":1,"lpe":89.72,"lpr":212120.27,"lq":11.71,"d":699729},{"pi":"370081","pc":"Автомобильные товары","ss":100000,"td":"Фешенебельный район","dc":1,"n":681.31,"vc":"362922","sl":"Элитный","sv":"3","p":2.0E7,"q":27.88,"b":5.07,"ms":3.0,"wi":36.7,"ei":10.61,"as":397.23,"mi":"E","mv":100,"sc":1,"lpe":97.0,"lpr":333031.64,"lq":1.17,"d":948726},{"pi":"370081","pc":"Автомобильные товары","ss":100000,"td":"Фешенебельный район","dc":1,"n":615.2,"vc":"152073","sl":"Элитный","sv":"5","p":1.1E7,"q":28.05,"b":5.07,"ms":4.95,"wi":42.96,"ei":6.25,"as":568.15,"mi":"E","mv":101,"sc":1,"lpe":95.05,"lpr":270911.72,"lq":9.18,"d":482641},{"pi":"370081","pc":"Автомобильные товары","ss":100000,"td":"Фешенебельный район","dc":1,"n":707.48,"vc":"312111","sl":"Элитный","sv":"4","p":9200000.0,"q":27.27,"b":5.07,"ms":4.08,"wi":71.8,"ei":6.85,"as":545.08,"mi":"E","mv":98,"sc":1,"lpe":95.92,"lpr":210003.78,"lq":5.85,"d":298366},{"pi":"370081","pc":"Автомобильные товары","ss":100000,"td":"Центр города","dc":1,"n":431.02,"vc":"356246","sl":"Элитный","sv":"185","p":4200000.0,"q":21.67,"b":3.38162162162162,"ms":14.79,"wi":60.25,"ei":9.36,"as":614.31,"mi":"E","mv":1251,"sc":1,"lpe":85.21,"lpr":206569.84,"lq":12.58,"d":3832748},{"pi":"370081","pc":"Автомобильные товары","ss":100000,"td":"Фешенебельный район","dc":1,"n":676.68,"vc":"208572","sl":"Элитный","sv":"8","p":5700000.0,"q":28.89,"b":5.06,"ms":7.84,"wi":39.55,"ei":4.38,"as":267.33,"mi":"E","mv":102,"sc":1,"lpe":92.16,"lpr":114777.19,"lq":7.92,"d":219870},{"pi":"370081","pc":"Автомобильные товары","ss":100000,"td":"Фешенебельный район","dc":1,"n":690.35,"vc":"189171","sl":"Элитный","sv":"11","p":3500000.0,"q":30.2,"b":5.06,"ms":15.07,"wi":46.94,"ei":3.42,"as":255.26,"mi":"E","mv":73,"sc":1,"lpe":84.93,"lpr":103348.34,"lq":2.25,"d":114267},{"pi":"370081","pc":"Автомобильные товары","ss":1000,"td":"Фешенебельный район","dc":1,"n":681.35,"vc":"766","sl":"Элитный","sv":"1","p":1250000.0,"q":20.59,"b":3.05,"ms":8.33,"wi":45.04,"ei":10.15,"as":1032.64,"mi":"E","mv":12,"sc":1,"lpe":91.67,"lpr":51491.33,"lq":3.76,"d":30613},{"pi":"370081","pc":"Автомобильные товары","ss":100000,"td":"Центр города","dc":1,"n":337.23,"vc":"221582","sl":"Элитный","sv":"203","p":3000000.0,"q":24.53,"b":1.71295566502463,"ms":5.15,"wi":39.97,"ei":5.34,"as":208.05,"mi":"E","mv":3939,"sc":4,"lpe":84.46,"lpr":150935.97,"lq":14.33,"d":12982716},{"pi":"370081","pc":"Автомобильные товары","ss":100000,"td":"Фешенебельный район","dc":1,"n":462.23,"vc":"73714","sl":"Элитный","sv":"196","p":4000000.0,"q":30.2,"b":3.87,"ms":4.98,"wi":39.97,"ei":5.34,"as":208.05,"mi":"E","mv":3939,"sc":4,"lpe":84.46,"lpr":150935.97,"lq":14.33,"d":12982716},{"pi":"370081","pc":"Автомобильные товары","ss":100000,"td":"Фешенебельный район","dc":1,"n":588.21,"vc":"371325","sl":"Элитный","sv":"156","p":1175744.0,"q":18.04,"b":4.78,"ms":3.96,"wi":39.97,"ei":5.34,"as":208.05,"mi":"E","mv":3939,"sc":4,"lpe":84.46,"lpr":150935.97,"lq":14.33,"d":12982716},{"pi":"370081","pc":"Автомобильные товары","ss":300000,"td":"Фешенебельный район","dc":1,"n":638.02,"vc":"1360698","sl":"Элитный","sv":"57","p":4779173.0,"q":22.44,"b":2.77,"ms":1.45,"wi":39.97,"ei":5.34,"as":208.05,"mi":"E","mv":3939,"sc":4,"lpe":84.46,"lpr":150935.97,"lq":14.33,"d":12982716},{"pi":"370081","pc":"Автомобильные товары","ss":10000,"td":"Фешенебельный район","dc":1,"n":447.0,"vc":"6020","sl":"Элитный","sv":"99","p":1.0E7,"q":19.8,"b":3.47979797979798,"ms":100.0,"wi":42.02,"ei":10.62,"as":325.21,"mi":"C","mv":99,"sc":1,"lpe":0.0,"lpr":1653593.77,"lq":4.24,"d":933330},{"pi":"370081","pc":"Автомобильные товары","ss":100000,"td":"Фешенебельный район","dc":2,"n":663.79,"vc":"177981","sl":"Элитный","sv":"5","p":4500000.0,"q":24.01,"b":4.224,"ms":7.25,"wi":91.67,"ei":8.6,"as":997.5,"mi":"E","mv":69,"sc":1,"lpe":92.75,"lpr":165198.98,"lq":10.22,"d":199100},{"pi":"370081","pc":"Автомобильные товары","ss":100000,"td":"Фешенебельный район","dc":1,"n":675.63,"vc":"353246","sl":"Элитный","sv":"37","p":1.0E7,"q":34.13,"b":6.33,"ms":14.92,"wi":113.29,"ei":8.52,"as":2226.16,"mi":"E","mv":248,"sc":2,"lpe":83.06,"lpr":302734.6,"lq":20.68,"d":1235082},{"pi":"370081","pc":"Автомобильные товары","ss":200000,"td":"Центр города","dc":2,"n":386.33,"vc":"170184","sl":"Элитный","sv":"5","p":1000000.0,"q":13.82,"b":3.22,"ms":2.02,"wi":113.29,"ei":8.52,"as":2226.16,"mi":"E","mv":248,"sc":2,"lpe":83.06,"lpr":302734.6,"lq":20.68,"d":1235082},{"pi":"370081","pc":"Автомобильные товары","ss":100000,"td":"Центр города","dc":1,"n":549.11,"vc":"706062","sl":"Нормальный","sv":"70","p":500000.0,"q":13.44,"b":0.796857142857143,"ms":16.63,"wi":100.56,"ei":8.23,"as":1206.09,"mi":"E","mv":421,"sc":2,"lpe":69.6,"lpr":221063.05,"lq":17.67,"d":1395634},{"pi":"370081","pc":"Автомобильные товары","ss":100000,"td":"Фешенебельный район","dc":1,"n":675.63,"vc":"357512","sl":"Элитный","sv":"58","p":8000000.0,"q":34.18,"b":6.33,"ms":13.78,"wi":100.56,"ei":8.23,"as":1206.09,"mi":"E","mv":421,"sc":2,"lpe":69.6,"lpr":221063.05,"lq":17.67,"d":1395634},{"pi":"370081","pc":"Автомобильные товары","ss":100000,"td":"Фешенебельный район","dc":1,"n":675.63,"vc":"438072","sl":"Элитный","sv":"129","p":1.05E7,"q":22.39,"b":4.04,"ms":15.39,"wi":78.65,"ei":6.43,"as":351.11,"mi":"E","mv":838,"sc":2,"lpe":77.45,"lpr":430863.23,"lq":11.35,"d":1885836},{"pi":"370081","pc":"Автомобильные товары","ss":100000,"td":"Центр города","dc":2,"n":450.66,"vc":"223822","sl":"Элитный","sv":"60","p":9900000.0,"q":30.55,"b":6.29,"ms":7.16,"wi":78.65,"ei":6.43,"as":351.11,"mi":"E","mv":838,"sc":2,"lpe":77.45,"lpr":430863.23,"lq":11.35,"d":1885836},{"pi":"370081","pc":"Автомобильные товары","ss":100000,"td":"Фешенебельный район","dc":1,"n":675.63,"vc":"358292","sl":"Элитный","sv":"32","p":8500000.0,"q":22.51,"b":4.04,"ms":9.97,"wi":70.88,"ei":6.3,"as":344.6,"mi":"E","mv":321,"sc":1,"lpe":90.03,"lpr":310841.39,"lq":12.27,"d":1061807},{"pi":"370081","pc":"Автомобильные товары","ss":100000,"td":"Фешенебельный район","dc":1,"n":675.63,"vc":"333736","sl":"Элитный","sv":"43","p":6250000.0,"q":19.45,"b":2.82,"ms":15.99,"wi":71.14,"ei":6.0,"as":357.48,"mi":"E","mv":269,"sc":1,"lpe":84.01,"lpr":293328.9,"lq":13.32,"d":894855},{"pi":"370081","pc":"Автомобильные товары","ss":100000,"td":"Фешенебельный район","dc":1,"n":677.58,"vc":"428722","sl":"Элитный","sv":"68","p":5750000.0,"q":19.11,"b":4.18,"ms":6.44,"wi":98.78,"ei":7.86,"as":1444.66,"mi":"E","mv":1056,"sc":3,"lpe":89.96,"lpr":272065.03,"lq":13.3,"d":1680666},{"pi":"370081","pc":"Автомобильные товары","ss":150000,"td":"Центр города","dc":2,"n":381.11,"vc":"228009","sl":"Элитный","sv":"33","p":3200000.0,"q":24.82,"b":0.72,"ms":3.13,"wi":98.78,"ei":7.86,"as":1444.66,"mi":"E","mv":1056,"sc":3,"lpe":89.96,"lpr":272065.03,"lq":13.3,"d":1680666},{"pi":"370081","pc":"Автомобильные товары","ss":100000,"td":"Фешенебельный район","dc":2,"n":513.66,"vc":"88644","sl":"Элитный","sv":"5","p":5500000.0,"q":20.19,"b":4.18,"ms":0.47,"wi":98.78,"ei":7.86,"as":1444.66,"mi":"E","mv":1056,"sc":3,"lpe":89.96,"lpr":272065.03,"lq":13.3,"d":1680666},{"pi":"370081","pc":"Автомобильные товары","ss":100000,"td":"Центр города","dc":1,"n":459.71,"vc":"409644","sl":"Элитный","sv":"140","p":7200000.0,"q":33.13,"b":5.69,"ms":12.5,"wi":116.13,"ei":7.17,"as":2122.22,"mi":"E","mv":1120,"sc":5,"lpe":75.45,"lpr":379190.15,"lq":24.49,"d":2596850},{"pi":"370081","pc":"Автомобильные товары","ss":100000,"td":"Фешенебельный район","dc":1,"n":675.63,"vc":"489978","sl":"Очень высокий","sv":"79","p":1.0E7,"q":33.94,"b":6.33,"ms":7.05,"wi":116.13,"ei":7.17,"as":2122.22,"mi":"E","mv":1120,"sc":5,"lpe":75.45,"lpr":379190.15,"lq":24.49,"d":2596850},{"pi":"370081","pc":"Автомобильные товары","ss":244000,"td":"Центр города","dc":1,"n":495.0,"vc":"1285296","sl":"Очень высокий","sv":"24","p":3800000.0,"q":25.19,"b":3.65,"ms":2.14,"wi":116.13,"ei":7.17,"as":2122.22,"mi":"E","mv":1120,"sc":5,"lpe":75.45,"lpr":379190.15,"lq":24.49,"d":2596850},{"pi":"370081","pc":"Автомобильные товары","ss":100000,"td":"Центр города","dc":2,"n":439.09,"vc":"223982","sl":"Элитный","sv":"23","p":7200000.0,"q":30.53,"b":5.08,"ms":2.05,"wi":116.13,"ei":7.17,"as":2122.22,"mi":"E","mv":1120,"sc":5,"lpe":75.45,"lpr":379190.15,"lq":24.49,"d":2596850},{"pi":"370081","pc":"Автомобильные товары","ss":100000,"td":"Фешенебельный район","dc":1,"n":470.17,"vc":"67947","sl":"Элитный","sv":"9","p":3700000.0,"q":24.33,"b":2.15,"ms":0.8,"wi":116.13,"ei":7.17,"as":2122.22,"mi":"E","mv":1120,"sc":5,"lpe":75.45,"lpr":379190.15,"lq":24.49,"d":2596850},{"pi":"370081","pc":"Автомобильные товары","ss":300000,"td":"Спальный район","dc":1,"n":302.56,"vc":"237676","sl":"Элитный","sv":"339","p":7000000.0,"q":24.51,"b":3.98339233038348,"ms":16.24,"wi":102.86,"ei":10.85,"as":2744.68,"mi":"E","mv":2087,"sc":10,"lpe":63.15,"lpr":695406.23,"lq":19.4,"d":9744630},{"pi":"370081","pc":"Автомобильные товары","ss":300000,"td":"Центр города","dc":1,"n":588.23,"vc":"5084523","sl":"Нормальный","sv":"156","p":1.45E7,"q":33.86,"b":4.09,"ms":7.47,"wi":102.86,"ei":10.85,"as":2744.68,"mi":"E","mv":2087,"sc":10,"lpe":63.15,"lpr":695406.23,"lq":19.4,"d":9744630},{"pi":"370081","pc":"Автомобильные товары","ss":60000,"td":"Спальный район","dc":1,"n":337.25,"vc":"103718","sl":"Элитный","sv":"112","p":3800000.0,"q":19.72,"b":4.18,"ms":5.37,"wi":102.86,"ei":10.85,"as":2744.68,"mi":"E","mv":2087,"sc":10,"lpe":63.15,"lpr":695406.23,"lq":19.4,"d":9744630},{"pi":"370081","pc":"Автомобильные товары","ss":100000,"td":"Центр города","dc":1,"n":460.75,"vc":"657327","sl":"Очень высокий","sv":"61","p":4455555.0,"q":23.67,"b":1.13491803278689,"ms":2.92,"wi":102.86,"ei":10.85,"as":2744.68,"mi":"E","mv":2087,"sc":10,"lpe":63.15,"lpr":695406.23,"lq":19.4,"d":9744630},{"pi":"370081","pc":"Автомобильные товары","ss":200000,"td":"Центр города","dc":1,"n":80.26,"vc":"23290","sl":"Элитный","sv":"50","p":5500000.0,"q":25.19,"b":2.83,"ms":2.4,"wi":102.86,"ei":10.85,"as":2744.68,"mi":"E","mv":2087,"sc":10,"lpe":63.15,"lpr":695406.23,"lq":19.4,"d":9744630},{"pi":"370081","pc":"Автомобильные товары","ss":20000,"td":"Центр города","dc":1,"n":391.69,"vc":"66306","sl":"Элитный","sv":"16","p":2500000.0,"q":13.8,"b":4.18,"ms":0.77,"wi":102.86,"ei":10.85,"as":2744.68,"mi":"E","mv":2087,"sc":10,"lpe":63.15,"lpr":695406.23,"lq":19.4,"d":9744630},{"pi":"370081","pc":"Автомобильные товары","ss":26000,"td":"Центр города","dc":1,"n":309.08,"vc":"60976","sl":"Элитный","sv":"15","p":4800000.0,"q":20.82,"b":3.43,"ms":0.72,"wi":102.86,"ei":10.85,"as":2744.68,"mi":"E","mv":2087,"sc":10,"lpe":63.15,"lpr":695406.23,"lq":19.4,"d":9744630},{"pi":"370081","pc":"Автомобильные товары","ss":100000,"td":"Фешенебельный район","dc":1,"n":301.4,"vc":"21302","sl":"Элитный","sv":"12","p":5000000.0,"q":18.25,"b":4.18,"ms":0.57,"wi":102.86,"ei":10.85,"as":2744.68,"mi":"E","mv":2087,"sc":10,"lpe":63.15,"lpr":695406.23,"lq":19.4,"d":9744630},{"pi":"370081","pc":"Автомобильные товары","ss":1600,"td":"Центр города","dc":1,"n":141.87,"vc":"3904","sl":"Очень высокий","sv":"6","p":1000000.0,"q":12.9,"b":2.53,"ms":0.29,"wi":102.86,"ei":10.85,"as":2744.68,"mi":"E","mv":2087,"sc":10,"lpe":63.15,"lpr":695406.23,"lq":19.4,"d":9744630},{"pi":"370081","pc":"Автомобильные товары","ss":100000,"td":"Фешенебельный район","dc":2,"n":540.39,"vc":"141369","sl":"Элитный","sv":"2","p":7000000.0,"q":18.65,"b":4.18,"ms":0.1,"wi":102.86,"ei":10.85,"as":2744.68,"mi":"E","mv":2087,"sc":10,"lpe":63.15,"lpr":695406.23,"lq":19.4,"d":9744630},{"pi":"370081","pc":"Автомобильные товары","ss":100000,"td":"Фешенебельный район","dc":1,"n":675.63,"vc":"322743","sl":"Элитный","sv":"21","p":5193069.0,"q":22.41,"b":0.0,"ms":12.21,"wi":53.49,"ei":5.0,"as":331.83,"mi":"E","mv":172,"sc":1,"lpe":87.79,"lpr":208660.08,"lq":10.41,"d":787757},{"pi":"370081","pc":"Автомобильные товары","ss":100000,"td":"Фешенебельный район","dc":1,"n":675.63,"vc":"264344","sl":"Элитный","sv":"33","p":6250000.0,"q":34.22,"b":2.3,"ms":20.25,"wi":101.15,"ei":4.2,"as":358.64,"mi":"E","mv":163,"sc":1,"lpe":79.75,"lpr":217744.37,"lq":19.42,"d":445356},{"pi":"370081","pc":"Автомобильные товары","ss":30000,"td":"Центр города","dc":2,"n":346.84,"vc":"33021","sl":"Очень высокий","sv":"21","p":2500000.0,"q":5.77,"b":0.99,"ms":13.64,"wi":73.18,"ei":7.0,"as":362.16,"mi":"E","mv":154,"sc":2,"lpe":81.17,"lpr":539966.46,"lq":5.82,"d":664549},{"pi":"370081","pc":"Автомобильные товары","ss":100000,"td":"Фешенебельный район","dc":1,"n":629.25,"vc":"119232","sl":"Элитный","sv":"8","p":1.2E7,"q":14.64,"b":0.0,"ms":5.19,"wi":73.18,"ei":7.0,"as":362.16,"mi":"E","mv":154,"sc":2,"lpe":81.17,"lpr":539966.46,"lq":5.82,"d":664549},{"pi":"370081","pc":"Автомобильные товары","ss":10000,"td":"Пригород","dc":1,"n":674.23,"vc":"127788","sl":"Нормальный","sv":"109","p":2900000.0,"q":34.17,"b":6.18,"ms":9.68,"wi":66.45,"ei":6.04,"as":318.0,"mi":"E","mv":1126,"sc":2,"lpe":87.48,"lpr":231538.16,"lq":8.83,"d":2877864},{"pi":"370081","pc":"Автомобильные товары","ss":10000,"td":"Фешенебельный район","dc":1,"n":443.39,"vc":"5794","sl":"Элитный","sv":"32","p":3300000.0,"q":17.3,"b":1.1846875,"ms":2.84,"wi":66.45,"ei":6.04,"as":318.0,"mi":"E","mv":1126,"sc":2,"lpe":87.48,"lpr":231538.16,"lq":8.83,"d":2877864},{"pi":"370081","pc":"Автомобильные товары","ss":100000,"td":"Фешенебельный район","dc":1,"n":675.63,"vc":"377500","sl":"Элитный","sv":"25","p":7000000.0,"q":19.13,"b":2.82,"ms":6.41,"wi":78.09,"ei":6.42,"as":548.1,"mi":"E","mv":390,"sc":2,"lpe":92.05,"lpr":329225.9,"lq":13.08,"d":1232684},{"pi":"370081","pc":"Автомобильные товары","ss":100000,"td":"Центр города","dc":1,"n":464.95,"vc":"221284","sl":"Элитный","sv":"6","p":5000000.0,"q":20.82,"b":0.0,"ms":1.54,"wi":78.09,"ei":6.42,"as":548.1,"mi":"E","mv":390,"sc":2,"lpe":92.05,"lpr":329225.9,"lq":13.08,"d":1232684},{"pi":"370081","pc":"Автомобильные товары","ss":300000,"td":"Фешенебельный район","dc":2,"n":599.07,"vc":"289612","sl":"Элитный","sv":"21","p":5200000.0,"q":30.2,"b":5.85,"ms":12.28,"wi":102.66,"ei":5.0,"as":366.29,"mi":"E","mv":171,"sc":1,"lpe":87.72,"lpr":1131003.9,"lq":17.49,"d":454964},{"pi":"370081","pc":"Автомобильные товары","ss":100000,"td":"Фешенебельный район","dc":1,"n":384.14,"vc":"30642","sl":"Элитный","sv":"100","p":2900000.0,"q":20.82,"b":4.34,"ms":9.62,"wi":99.69,"ei":9.31,"as":1270.5,"mi":"E","mv":1039,"sc":4,"lpe":73.24,"lpr":280829.19,"lq":14.78,"d":2836484},{"pi":"370081","pc":"Автомобильные товары","ss":100000,"td":"Центр города","dc":1,"n":493.29,"vc":"583508","sl":"Очень высокий","sv":"81","p":5300000.0,"q":30.14,"b":4.69,"ms":7.8,"wi":99.69,"ei":9.31,"as":1270.5,"mi":"E","mv":1039,"sc":4,"lpe":73.24,"lpr":280829.19,"lq":14.78,"d":2836484},{"pi":"370081","pc":"Автомобильные товары","ss":100000,"td":"Фешенебельный район","dc":1,"n":675.63,"vc":"505350","sl":"Очень высокий","sv":"62","p":6500000.0,"q":34.02,"b":7.35,"ms":5.97,"wi":99.69,"ei":9.31,"as":1270.5,"mi":"E","mv":1039,"sc":4,"lpe":73.24,"lpr":280829.19,"lq":14.78,"d":2836484},{"pi":"370081","pc":"Автомобильные товары","ss":200000,"td":"Центр города","dc":1,"n":503.36,"vc":"1233920","sl":"Очень высокий","sv":"35","p":6000000.0,"q":25.28,"b":3.6,"ms":3.37,"wi":99.69,"ei":9.31,"as":1270.5,"mi":"E","mv":1039,"sc":4,"lpe":73.24,"lpr":280829.19,"lq":14.78,"d":2836484},{"pi":"370081","pc":"Автомобильные товары","ss":100000,"td":"Центр города","dc":1,"n":453.35,"vc":"274328","sl":"Элитный","sv":"36","p":3500000.0,"q":17.37,"b":1.88,"ms":18.56,"wi":61.61,"ei":6.72,"as":599.85,"mi":"E","mv":194,"sc":1,"lpe":81.44,"lpr":167243.91,"lq":8.72,"d":983490},{"pi":"370081","pc":"Автомобильные товары","ss":100000,"td":"Фешенебельный район","dc":1,"n":657.57,"vc":"212582","sl":"Элитный","sv":"13","p":4500000.0,"q":30.02,"b":4.69,"ms":10.08,"wi":96.46,"ei":8.56,"as":1155.0,"mi":"E","mv":129,"sc":1,"lpe":89.92,"lpr":172967.71,"lq":9.16,"d":392430},{"pi":"370081","pc":"Автомобильные товары","ss":100000,"td":"Фешенебельный район","dc":1,"n":675.63,"vc":"320766","sl":"Элитный","sv":"24","p":5000000.0,"q":19.45,"b":3.64,"ms":10.91,"wi":62.61,"ei":6.29,"as":373.31,"mi":"E","mv":220,"sc":1,"lpe":89.09,"lpr":200081.21,"lq":13.51,"d":774042},{"pi":"370081","pc":"Автомобильные товары","ss":100000,"td":"Фешенебельный район","dc":1,"n":679.4,"vc":"362406","sl":"Высокий","sv":"41","p":4.0E7,"q":29.28,"b":5.78463414634146,"ms":97.62,"wi":51.22,"ei":6.76,"as":427.68,"mi":"A","mv":42,"sc":1,"lpe":0.0,"lpr":1194622.68,"lq":8.98,"d":988934},{"pi":"370081","pc":"Автомобильные товары","ss":10000,"td":"Фешенебельный район","dc":1,"n":596.33,"vc":"8676","sl":"Нормальный","sv":"14","p":4000000.0,"q":11.23,"b":1.14214285714286,"ms":16.28,"wi":53.91,"ei":5.7,"as":380.06,"mi":"E","mv":86,"sc":1,"lpe":83.72,"lpr":1268138.24,"lq":4.23,"d":113064},{"pi":"370081","pc":"Автомобильные товары","ss":100000,"td":"Фешенебельный район","dc":1,"n":659.29,"vc":"438926","sl":"Элитный","sv":"222","p":5157833.0,"q":22.31,"b":4.02085585585586,"ms":13.82,"wi":93.34,"ei":5.0,"as":474.39,"mi":"E","mv":1606,"sc":2,"lpe":85.93,"lpr":194686.89,"lq":7.35,"d":2970884},{"pi":"370081","pc":"Автомобильные товары","ss":100000,"td":"Центр города","dc":1,"n":377.97,"vc":"195657","sl":"Нормальный","sv":"4","p":4500000.0,"q":18.42,"b":2.82,"ms":0.25,"wi":93.34,"ei":5.0,"as":474.39,"mi":"E","mv":1606,"sc":2,"lpe":85.93,"lpr":194686.89,"lq":7.35,"d":2970884},{"pi":"370081","pc":"Автомобильные товары","ss":99500,"td":"Фешенебельный район","dc":3,"n":324.63,"vc":"18088","sl":"Элитный","sv":"35","p":4000000.0,"q":24.28,"b":0.0,"ms":37.63,"wi":17.18,"ei":17.09,"as":56.27,"mi":"E","mv":93,"sc":1,"lpe":62.37,"lpr":252789.94,"lq":12.01,"d":3998532},{"pi":"370081","pc":"Автомобильные товары","ss":100000,"td":"Центр города","dc":1,"n":426.14,"vc":"122210","sl":"Элитный","sv":"5","p":5000000.0,"q":16.48,"b":1.02,"ms":5.05,"wi":37.1,"ei":8.32,"as":323.85,"mi":"E","mv":99,"sc":2,"lpe":93.94,"lpr":176356.82,"lq":6.55,"d":656492},{"pi":"370081","pc":"Автомобильные товары","ss":1000,"td":"Фешенебельный район","dc":1,"n":252.73,"vc":"225","sl":"Элитный","sv":"1","p":3500000.0,"q":25.96,"b":0.0,"ms":1.01,"wi":37.1,"ei":8.32,"as":323.85,"mi":"E","mv":99,"sc":2,"lpe":93.94,"lpr":176356.82,"lq":6.55,"d":656492},{"pi":"370081","pc":"Автомобильные товары","ss":100000,"td":"Центр города","dc":1,"n":463.11,"vc":"271965","sl":"Элитный","sv":"29","p":5000000.0,"q":24.35,"b":0.662068965517241,"ms":11.03,"wi":64.2,"ei":7.41,"as":406.66,"mi":"E","mv":263,"sc":2,"lpe":79.47,"lpr":218796.46,"lq":13.5,"d":733921},{"pi":"370081","pc":"Автомобильные товары","ss":100000,"td":"Фешенебельный район","dc":1,"n":624.79,"vc":"128736","sl":"Элитный","sv":"25","p":5500000.0,"q":30.2,"b":5.78,"ms":9.51,"wi":64.2,"ei":7.41,"as":406.66,"mi":"E","mv":263,"sc":2,"lpe":79.47,"lpr":218796.46,"lq":13.5,"d":733921},{"pi":"370081","pc":"Автомобильные товары","ss":100000,"td":"Фешенебельный район","dc":1,"n":590.11,"vc":"74037","sl":"Нормальный","sv":"91","p":3000000.0,"q":20.48,"b":2.8643956043956,"ms":98.91,"wi":58.69,"ei":6.1,"as":320.0,"mi":"A","mv":92,"sc":1,"lpe":0.0,"lpr":974397.22,"lq":3.62,"d":122986},{"pi":"370081","pc":"Автомобильные товары","ss":1000,"td":"Фешенебельный район","dc":1,"n":106.26,"vc":"118","sl":"Элитный","sv":"19","p":5000000.0,"q":25.89,"b":0.253684210526316,"ms":16.67,"wi":41.34,"ei":6.24,"as":393.64,"mi":"E","mv":114,"sc":1,"lpe":83.33,"lpr":2405300.66,"lq":1.64,"d":1110660},{"pi":"370081","pc":"Автомобильные товары","ss":10000,"td":"Фешенебельный район","dc":1,"n":409.66,"vc":"4224","sl":"Элитный","sv":"95","p":2.1E7,"q":21.16,"b":1.96978947368421,"ms":72.52,"wi":68.68,"ei":7.55,"as":553.24,"mi":"D","mv":131,"sc":1,"lpe":27.48,"lpr":1482165.27,"lq":6.52,"d":810299},{"pi":"370081","pc":"Автомобильные товары","ss":10000,"td":"Центр города","dc":1,"n":540.59,"vc":"39178","sl":"Нормальный","sv":"91","p":9000000.0,"q":19.73,"b":3.13582417582418,"ms":100.0,"wi":41.55,"ei":5.79,"as":304.75,"mi":"A","mv":91,"sc":1,"lpe":0.0,"lpr":762883.42,"lq":3.67,"d":384194},{"pi":"370081","pc":"Автомобильные товары","ss":10000,"td":"Фешенебельный район","dc":3,"n":488.09,"vc":"6074","sl":"Элитный","sv":"97","p":4000000.0,"q":24.67,"b":0.692783505154639,"ms":100.0,"wi":70.04,"ei":5.87,"as":653.67,"mi":"C","mv":97,"sc":1,"lpe":0.0,"lpr":2448967.35,"lq":2.15,"d":401934},{"pi":"370081","pc":"Автомобильные товары","ss":100000,"td":"Фешенебельный район","dc":1,"n":711.9,"vc":"185539","sl":"Высокий","sv":"3","p":1.4E7,"q":22.47,"b":0.0,"ms":3.03,"wi":72.57,"ei":6.1,"as":319.0,"mi":"E","mv":99,"sc":1,"lpe":96.97,"lpr":500984.47,"lq":10.93,"d":190480},{"pi":"370081","pc":"Автомобильные товары","ss":100000,"td":"Фешенебельный район","dc":3,"n":362.51,"vc":"22179","sl":"Элитный","sv":"12","p":4000000.0,"q":16.8,"b":0.418333333333333,"ms":12.12,"wi":25.63,"ei":7.43,"as":348.1,"mi":"E","mv":99,"sc":1,"lpe":87.88,"lpr":189710.06,"lq":7.22,"d":2040764},{"pi":"370081","pc":"Автомобильные товары","ss":100000,"td":"Фешенебельный район","dc":1,"n":505.41,"vc":"106197","sl":"Элитный","sv":"50","p":4300000.0,"q":30.2,"b":4.89,"ms":9.11,"wi":39.2,"ei":15.63,"as":384.32,"mi":"E","mv":549,"sc":1,"lpe":90.89,"lpr":247001.3,"lq":15.38,"d":4545297},{"pi":"370081","pc":"Автомобильные товары","ss":100000,"td":"Фешенебельный район","dc":1,"n":654.29,"vc":"184980","sl":"Элитный","sv":"4","p":9000000.0,"q":25.65,"b":5.12,"ms":4.04,"wi":61.21,"ei":7.94,"as":658.12,"mi":"E","mv":99,"sc":1,"lpe":95.96,"lpr":200032.09,"lq":5.6,"d":288607},{"pi":"370081","pc":"Автомобильные товары","ss":100000,"td":"Фешенебельный район","dc":1,"n":553.48,"vc":"103274","sl":"Элитный","sv":"30","p":3800000.0,"q":30.2,"b":5.12,"ms":8.98,"wi":69.22,"ei":7.22,"as":769.28,"mi":"E","mv":334,"sc":1,"lpe":91.02,"lpr":342308.13,"lq":12.0,"d":870794},{"pi":"370081","pc":"Автомобильные товары","ss":100000,"td":"Фешенебельный район","dc":1,"n":675.44,"vc":"305700","sl":"Элитный","sv":"32","p":7500000.0,"q":22.48,"b":4.09,"ms":16.0,"wi":75.57,"ei":8.11,"as":1269.9,"mi":"E","mv":200,"sc":2,"lpe":83.5,"lpr":295757.92,"lq":13.77,"d":678178},{"pi":"370081","pc":"Автомобильные товары","ss":100000,"td":"Фешенебельный район","dc":2,"n":546.66,"vc":"88620","sl":"Элитный","sv":"1","p":7500000.0,"q":19.19,"b":4.18,"ms":0.5,"wi":75.57,"ei":8.11,"as":1269.9,"mi":"E","mv":200,"sc":2,"lpe":83.5,"lpr":295757.92,"lq":13.77,"d":678178},{"pi":"370081","pc":"Автомобильные товары","ss":1000,"td":"Фешенебельный район","dc":1,"n":339.96,"vc":"228","sl":"Элитный","sv":"27","p":6500000.0,"q":26.38,"b":5.14,"ms":43.55,"wi":74.19,"ei":6.6,"as":584.33,"mi":"D","mv":62,"sc":2,"lpe":40.32,"lpr":1339098.12,"lq":5.31,"d":168154},{"pi":"370081","pc":"Автомобильные товары","ss":1000,"td":"Фешенебельный район","dc":2,"n":296.41,"vc":"178","sl":"Элитный","sv":"10","p":4127614.7,"q":26.4,"b":5.14,"ms":16.13,"wi":74.19,"ei":6.6,"as":584.33,"mi":"D","mv":62,"sc":2,"lpe":40.32,"lpr":1339098.12,"lq":5.31,"d":168154},{"pi":"370081","pc":"Автомобильные товары","ss":1000,"td":"Центр города","dc":2,"n":150.17,"vc":"691","sl":"Элитный","sv":"9","p":4000000.0,"q":23.18,"b":4.06555555555556,"ms":7.14,"wi":69.48,"ei":7.76,"as":583.44,"mi":"E","mv":126,"sc":4,"lpe":81.75,"lpr":344445.44,"lq":5.7,"d":375360},{"pi":"370081","pc":"Автомобильные товары","ss":1000,"td":"Фешенебельный район","dc":1,"n":541.42,"vc":"940","sl":"Элитный","sv":"7","p":5000000.0,"q":20.17,"b":2.74142857142857,"ms":5.56,"wi":69.48,"ei":7.76,"as":583.44,"mi":"E","mv":126,"sc":4,"lpe":81.75,"lpr":344445.44,"lq":5.7,"d":375360},{"pi":"370081","pc":"Автомобильные товары","ss":1000,"td":"Центр города","dc":1,"n":244.72,"vc":"1177","sl":"Элитный","sv":"4","p":5000000.0,"q":24.7,"b":4.7625,"ms":3.17,"wi":69.48,"ei":7.76,"as":583.44,"mi":"E","mv":126,"sc":4,"lpe":81.75,"lpr":344445.44,"lq":5.7,"d":375360},{"pi":"370081","pc":"Автомобильные товары","ss":1000,"td":"Фешенебельный район","dc":1,"n":494.28,"vc":"1082","sl":"Элитный","sv":"3","p":7500000.0,"q":19.08,"b":1.71333333333333,"ms":2.38,"wi":69.48,"ei":7.76,"as":583.44,"mi":"E","mv":126,"sc":4,"lpe":81.75,"lpr":344445.44,"lq":5.7,"d":375360},{"pi":"370081","pc":"Автомобильные товары","ss":1000,"td":"Фешенебельный район","dc":1,"n":583.16,"vc":"2102","sl":"Очень высокий","sv":"25","p":8200000.0,"q":30.2,"b":5.64,"ms":11.79,"wi":88.26,"ei":7.25,"as":562.28,"mi":"E","mv":212,"sc":2,"lpe":87.74,"lpr":3866588.67,"lq":10.21,"d":598348},{"pi":"370081","pc":"Автомобильные товары","ss":1000,"td":"Фешенебельный район","dc":2,"n":291.34,"vc":"270","sl":"Элитный","sv":"1","p":4700000.0,"q":14.99,"b":0.0,"ms":0.47,"wi":88.26,"ei":7.25,"as":562.28,"mi":"E","mv":212,"sc":2,"lpe":87.74,"lpr":3866588.67,"lq":10.21,"d":598348},{"pi":"370081","pc":"Автомобильные товары","ss":10000,"td":"Фешенебельный район","dc":2,"n":517.71,"vc":"5542","sl":"Элитный","sv":"60","p":4000000.0,"q":24.46,"b":5.80966666666667,"ms":60.61,"wi":46.4,"ei":7.74,"as":407.2,"mi":"D","mv":99,"sc":1,"lpe":39.39,"lpr":337451.06,"lq":2.59,"d":165474},{"pi":"370081","pc":"Автомобильные товары","ss":110000,"td":"Центр города","dc":1,"n":481.37,"vc":"323930","sl":"Элитный","sv":"21","p":4500000.0,"q":24.58,"b":2.96571428571429,"ms":10.29,"wi":89.42,"ei":9.5,"as":1197.0,"mi":"E","mv":204,"sc":4,"lpe":86.27,"lpr":215793.41,"lq":11.76,"d":573484},{"pi":"370081","pc":"Автомобильные товары","ss":100000,"td":"Центр города","dc":1,"n":189.33,"vc":"17936","sl":"Элитный","sv":"3","p":3000000.0,"q":15.47,"b":1.15333333333333,"ms":1.47,"wi":89.42,"ei":9.5,"as":1197.0,"mi":"E","mv":204,"sc":4,"lpe":86.27,"lpr":215793.41,"lq":11.76,"d":573484},{"pi":"370081","pc":"Автомобильные товары","ss":45000,"td":"Фешенебельный район","dc":2,"n":488.59,"vc":"23690","sl":"Элитный","sv":"3","p":4400000.0,"q":26.15,"b":3.46,"ms":1.47,"wi":89.42,"ei":9.5,"as":1197.0,"mi":"E","mv":204,"sc":4,"lpe":86.27,"lpr":215793.41,"lq":11.76,"d":573484},{"pi":"370081","pc":"Автомобильные товары","ss":100000,"td":"Фешенебельный район","dc":1,"n":616.83,"vc":"164085","sl":"Элитный","sv":"1","p":6500000.0,"q":29.46,"b":6.67,"ms":0.49,"wi":89.42,"ei":9.5,"as":1197.0,"mi":"E","mv":204,"sc":4,"lpe":86.27,"lpr":215793.41,"lq":11.76,"d":573484},{"pi":"370081","pc":"Автомобильные товары","ss":100000,"td":"Фешенебельный район","dc":1,"n":574.39,"vc":"126334","sl":"Элитный","sv":"25","p":9000000.0,"q":29.86,"b":6.67,"ms":7.94,"wi":98.88,"ei":9.31,"as":1312.5,"mi":"E","mv":315,"sc":2,"lpe":90.48,"lpr":395835.73,"lq":11.68,"d":871981},{"pi":"370081","pc":"Автомобильные товары","ss":100000,"td":"Фешенебельный район","dc":1,"n":645.71,"vc":"250809","sl":"Элитный","sv":"5","p":1.1E7,"q":32.41,"b":2.12,"ms":1.59,"wi":98.88,"ei":9.31,"as":1312.5,"mi":"E","mv":315,"sc":2,"lpe":90.48,"lpr":395835.73,"lq":11.68,"d":871981},{"pi":"370081","pc":"Автомобильные товары","ss":100000,"td":"Спальный район","dc":2,"n":453.06,"vc":"152740","sl":"Элитный","sv":"56","p":2600000.0,"q":26.37,"b":3.46,"ms":11.45,"wi":96.92,"ei":9.6,"as":1470.0,"mi":"E","mv":489,"sc":3,"lpe":76.28,"lpr":188990.59,"lq":14.83,"d":1347944},{"pi":"370081","pc":"Автомобильные товары","ss":100000,"td":"Фешенебельный район","dc":1,"n":675.63,"vc":"389498","sl":"Элитный","sv":"35","p":4650000.0,"q":33.82,"b":6.27,"ms":7.16,"wi":96.92,"ei":9.6,"as":1470.0,"mi":"E","mv":489,"sc":3,"lpe":76.28,"lpr":188990.59,"lq":14.83,"d":1347944},{"pi":"370081","pc":"Автомобильные товары","ss":100000,"td":"Фешенебельный район","dc":1,"n":542.34,"vc":"108118","sl":"Элитный","sv":"25","p":4000000.0,"q":28.74,"b":6.67,"ms":5.11,"wi":96.92,"ei":9.6,"as":1470.0,"mi":"E","mv":489,"sc":3,"lpe":76.28,"lpr":188990.59,"lq":14.83,"d":1347944},{"pi":"370081","pc":"Автомобильные товары","ss":1000,"td":"Фешенебельный район","dc":1,"n":600.46,"vc":"1298","sl":"Элитный","sv":"23","p":7000000.0,"q":19.83,"b":2.55086956521739,"ms":53.49,"wi":55.02,"ei":6.51,"as":504.0,"mi":"D","mv":43,"sc":2,"lpe":44.19,"lpr":605130.68,"lq":5.07,"d":114330},{"pi":"370081","pc":"Автомобильные товары","ss":1000,"td":"Фешенебельный район","dc":3,"n":452.18,"vc":"562","sl":"Очень высокий","sv":"1","p":6300000.0,"q":14.99,"b":0.0,"ms":2.33,"wi":55.02,"ei":6.51,"as":504.0,"mi":"D","mv":43,"sc":2,"lpe":44.19,"lpr":605130.68,"lq":5.07,"d":114330},{"pi":"370081","pc":"Автомобильные товары","ss":1000,"td":"Фешенебельный район","dc":1,"n":350.61,"vc":"310","sl":"Элитный","sv":"5","p":4500000.0,"q":25.99,"b":0.0,"ms":4.27,"wi":63.63,"ei":4.9,"as":294.0,"mi":"E","mv":117,"sc":1,"lpe":95.73,"lpr":2060714.45,"lq":1.57,"d":339900},{"pi":"370081","pc":"Автомобильные товары","ss":1000,"td":"Фешенебельный район","dc":1,"n":580.91,"vc":"1272","sl":"Элитный","sv":"6","p":5000000.0,"q":16.3,"b":1.5,"ms":11.11,"wi":72.69,"ei":6.62,"as":475.0,"mi":"E","mv":54,"sc":2,"lpe":83.33,"lpr":309491.16,"lq":9.57,"d":147806},{"pi":"370081","pc":"Автомобильные товары","ss":1000,"td":"Центр города","dc":1,"n":312.12,"vc":"1242","sl":"Элитный","sv":"3","p":5000000.0,"q":24.33,"b":4.63666666666667,"ms":5.56,"wi":72.69,"ei":6.62,"as":475.0,"mi":"E","mv":54,"sc":2,"lpe":83.33,"lpr":309491.16,"lq":9.57,"d":147806},{"pi":"370081","pc":"Автомобильные товары","ss":1000,"td":"Фешенебельный район","dc":1,"n":278.49,"vc":"218","sl":"Элитный","sv":"16","p":4500000.0,"q":11.24,"b":0.72375,"ms":34.78,"wi":56.02,"ei":6.3,"as":519.75,"mi":"E","mv":46,"sc":1,"lpe":65.22,"lpr":1809896.96,"lq":1.0,"d":125146},{"pi":"370081","pc":"Автомобильные товары","ss":1000,"td":"Спальный район","dc":2,"n":453.57,"vc":"2058","sl":"Нормальный","sv":"9","p":4000000.0,"q":11.2,"b":0.735555555555556,"ms":19.15,"wi":51.98,"ei":6.2,"as":518.18,"mi":"E","mv":47,"sc":1,"lpe":80.85,"lpr":1802178.12,"lq":2.06,"d":145874},{"pi":"370081","pc":"Автомобильные товары","ss":1000,"td":"Фешенебельный район","dc":1,"n":583.33,"vc":"854","sl":"Элитный","sv":"33","p":1400000.0,"q":20.59,"b":7.15,"ms":62.26,"wi":64.84,"ei":6.72,"as":456.0,"mi":"D","mv":53,"sc":2,"lpe":32.08,"lpr":1434066.78,"lq":14.46,"d":145230},{"pi":"370081","pc":"Автомобильные товары","ss":1000,"td":"Фешенебельный район","dc":2,"n":519.77,"vc":"597","sl":"Элитный","sv":"3","p":9000000.0,"q":18.99,"b":2.48,"ms":5.66,"wi":64.84,"ei":6.72,"as":456.0,"mi":"D","mv":53,"sc":2,"lpe":32.08,"lpr":1434066.78,"lq":14.46,"d":145230},{"pi":"370081","pc":"Автомобильные товары","ss":100000,"td":"Фешенебельный район","dc":1,"n":488.07,"vc":"45138","sl":"Элитный","sv":"99","p":6000000.0,"q":19.71,"b":3.61939393939394,"ms":100.0,"wi":45.48,"ei":7.34,"as":367.54,"mi":"A","mv":99,"sc":1,"lpe":0.0,"lpr":944409.51,"lq":2.01,"d":793016},{"pi":"370081","pc":"Автомобильные товары","ss":100000,"td":"Фешенебельный район","dc":2,"n":455.72,"vc":"23118","sl":"Очень высокий","sv":"100","p":4000000.0,"q":24.61,"b":0.0,"ms":100.0,"wi":46.37,"ei":4.26,"as":435.93,"mi":"A","mv":100,"sc":1,"lpe":0.0,"lpr":1390541.21,"lq":1.43,"d":565094},{"pi":"370081","pc":"Автомобильные товары","ss":1000,"td":"Фешенебельный район","dc":1,"n":322.37,"vc":"159","sl":"Элитный","sv":"1","p":3000000.0,"q":12.45,"b":1.24,"ms":3.45,"wi":50.74,"ei":6.3,"as":511.01,"mi":"E","mv":29,"sc":1,"lpe":96.55,"lpr":966582.99,"lq":1.0,"d":93025},{"pi":"370081","pc":"Автомобильные товары","ss":100000,"td":"Фешенебельный район","dc":1,"n":487.35,"vc":"44985","sl":"Элитный","sv":"99","p":6000000.0,"q":19.71,"b":3.61939393939394,"ms":100.0,"wi":53.14,"ei":4.89,"as":399.11,"mi":"A","mv":99,"sc":1,"lpe":0.0,"lpr":977204.98,"lq":1.0,"d":498557},{"pi":"370081","pc":"Автомобильные товары","ss":10000,"td":"Фешенебельный район","dc":1,"n":443.7,"vc":"5854","sl":"Элитный","sv":"103","p":9000000.0,"q":20.41,"b":3.30932038834951,"ms":100.0,"wi":50.42,"ei":7.85,"as":496.57,"mi":"C","mv":103,"sc":1,"lpe":0.0,"lpr":708991.49,"lq":5.86,"d":924530},{"pi":"370081","pc":"Автомобильные товары","ss":100000,"td":"Фешенебельный район","dc":1,"n":476.51,"vc":"42736","sl":"Элитный","sv":"99","p":7000000.0,"q":19.71,"b":3.61939393939394,"ms":100.0,"wi":47.63,"ei":9.47,"as":427.52,"mi":"A","mv":99,"sc":1,"lpe":0.0,"lpr":1159067.27,"lq":2.11,"d":579986},{"pi":"370081","pc":"Автомобильные товары","ss":100000,"td":"Центр города","dc":2,"n":480.47,"vc":"386393","sl":"Очень высокий","sv":"107","p":1900000.0,"q":26.46,"b":5.17,"ms":11.44,"wi":48.46,"ei":12.08,"as":459.52,"mi":"E","mv":935,"sc":2,"lpe":78.82,"lpr":103457.71,"lq":17.53,"d":3957256},{"pi":"370081","pc":"Автомобильные товары","ss":100000,"td":"Центр города","dc":1,"n":425.56,"vc":"341838","sl":"Элитный","sv":"91","p":2750000.0,"q":30.3,"b":4.13,"ms":9.73,"wi":48.46,"ei":12.08,"as":459.52,"mi":"E","mv":935,"sc":2,"lpe":78.82,"lpr":103457.71,"lq":17.53,"d":3957256},{"pi":"370081","pc":"Автомобильные товары","ss":1000,"td":"Фешенебельный район","dc":1,"n":495.57,"vc":"700","sl":"Элитный","sv":"39","p":2900000.0,"q":20.59,"b":8.01,"ms":100.0,"wi":49.7,"ei":6.62,"as":507.15,"mi":"C","mv":39,"sc":1,"lpe":0.0,"lpr":364755.9,"lq":2.89,"d":106621}]