[{"pi":"423628","pc":"Детские товары","ss":300,"td":"Центр города","dc":2,"n":204.56,"vc":"712","sl":"Низкий","sv":"24","p":770.0,"q":1.0,"b":0.0,"ms":0.25,"wi":7.53,"ei":4.44,"as":63.39,"mi":"E","mv":9531,"sc":1,"lpe":99.75,"lpr":768.93,"lq":1.0,"d":439067},{"pi":"423628","pc":"Детские товары","ss":10000,"td":"Центр города","dc":2,"n":112.38,"vc":"2826","sl":"Элитный","sv":"150","p":999.0,"q":29.99,"b":0.0,"ms":0.06,"wi":66.51,"ei":8.76,"as":347.78,"mi":"E","mv":243299,"sc":1,"lpe":99.94,"lpr":1011.69,"lq":1.0,"d":1784134},{"pi":"423628","pc":"Детские товары","ss":10000,"td":"Центр города","dc":2,"n":178.0,"vc":"2658","sl":"Элитный","sv":"150","p":2599.0,"q":29.99,"b":0.0,"ms":0.3,"wi":62.27,"ei":13.35,"as":674.99,"mi":"E","mv":49581,"sc":1,"lpe":99.7,"lpr":1473.71,"lq":1.0,"d":374441},{"pi":"423628","pc":"Детские товары","ss":100000,"td":"Центр города","dc":5,"n":282.69,"vc":"40637","sl":"Элитный","sv":"22000","p":500.0,"q":42.5,"b":2.17,"ms":11.32,"wi":36.6,"ei":8.31,"as":211.85,"mi":"E","mv":194339,"sc":1,"lpe":88.68,"lpr":774.6,"lq":1.03,"d":1453950},{"pi":"423628","pc":"Детские товары","ss":300000,"td":"Центр города","dc":7,"n":368.57,"vc":"375303","sl":"Очень высокий","sv":"100000","p":600.0,"q":42.5,"b":2.17,"ms":9.73,"wi":50.66,"ei":10.64,"as":327.0,"mi":"E","mv":1027834,"sc":1,"lpe":90.27,"lpr":948.31,"lq":1.0,"d":7537390},{"pi":"423628","pc":"Детские товары","ss":100000,"td":"Центр города","dc":3,"n":258.06,"vc":"37215","sl":"Элитный","sv":"30000","p":500.0,"q":42.5,"b":2.17,"ms":9.98,"wi":39.13,"ei":9.11,"as":204.86,"mi":"E","mv":300530,"sc":1,"lpe":90.02,"lpr":774.46,"lq":1.07,"d":2224560},{"pi":"423628","pc":"Детские товары","ss":10000,"td":"Центр города","dc":2,"n":213.33,"vc":"2685","sl":"Очень высокий","sv":"150","p":1599.0,"q":29.99,"b":0.0,"ms":1.16,"wi":24.79,"ei":5.22,"as":302.26,"mi":"E","mv":12987,"sc":1,"lpe":98.84,"lpr":1235.99,"lq":1.0,"d":182800},{"pi":"423628","pc":"Детские товары","ss":10000,"td":"Центр города","dc":2,"n":195.2,"vc":"2668","sl":"Элитный","sv":"150","p":2599.0,"q":29.99,"b":0.0,"ms":0.49,"wi":43.59,"ei":7.31,"as":476.27,"mi":"E","mv":30530,"sc":1,"lpe":99.51,"lpr":1262.29,"lq":1.0,"d":263256},{"pi":"423628","pc":"Детские товары","ss":10000,"td":"Центр города","dc":2,"n":162.16,"vc":"2669","sl":"Элитный","sv":"150","p":2999.0,"q":29.99,"b":0.0,"ms":0.23,"wi":48.51,"ei":15.71,"as":380.15,"mi":"E","mv":65700,"sc":1,"lpe":99.77,"lpr":1105.58,"lq":1.0,"d":545196},{"pi":"423628","pc":"Детские товары","ss":10000,"td":"Центр города","dc":2,"n":138.46,"vc":"2715","sl":"Элитный","sv":"150","p":1099.0,"q":29.99,"b":0.0,"ms":0.14,"wi":56.24,"ei":7.07,"as":380.48,"mi":"E","mv":110031,"sc":1,"lpe":99.86,"lpr":1164.62,"lq":1.0,"d":917721},{"pi":"423628","pc":"Детские товары","ss":10000,"td":"Центр города","dc":2,"n":166.89,"vc":"2664","sl":"Элитный","sv":"150","p":2399.0,"q":29.99,"b":0.0,"ms":0.25,"wi":53.32,"ei":6.45,"as":372.85,"mi":"E","mv":60431,"sc":1,"lpe":99.75,"lpr":1123.84,"lq":1.0,"d":476878},{"pi":"423628","pc":"Детские товары","ss":100,"td":"Окраина","dc":6,"n":66.23,"vc":"41","sl":"Очень низкий","sv":"2","p":680.0,"q":11.83,"b":0.0,"ms":0.01,"wi":23.61,"ei":6.08,"as":148.48,"mi":"E","mv":29953,"sc":1,"lpe":99.99,"lpr":767.17,"lq":1.0,"d":360370},{"pi":"423628","pc":"Детские товары","ss":100000,"td":"Центр города","dc":2,"n":238.02,"vc":"33914","sl":"Элитный","sv":"10000","p":4000.0,"q":42.5,"b":0.0,"ms":3.13,"wi":194.76,"ei":9.63,"as":1210.0,"mi":"E","mv":319529,"sc":1,"lpe":96.87,"lpr":2438.7,"lq":1.0,"d":2958984},{"pi":"423628","pc":"Детские товары","ss":100000,"td":"Фешенебельный район","dc":2,"n":469.15,"vc":"111518","sl":"Элитный","sv":"3000","p":2000.0,"q":57.87,"b":0.0,"ms":0.2,"wi":48.27,"ei":9.23,"as":380.0,"mi":"E","mv":1500028,"sc":1,"lpe":99.8,"lpr":1051.51,"lq":1.0,"d":11000140},{"pi":"423628","pc":"Детские товары","ss":100000,"td":"Центр города","dc":5,"n":225.11,"vc":"33428","sl":"Элитный","sv":"5000","p":700.0,"q":42.5,"b":0.0,"ms":0.94,"wi":43.74,"ei":9.29,"as":248.71,"mi":"E","mv":529685,"sc":1,"lpe":99.06,"lpr":786.9,"lq":1.0,"d":4048917},{"pi":"423628","pc":"Детские товары","ss":100000,"td":"Центр города","dc":5,"n":267.38,"vc":"38398","sl":"Элитный","sv":"25000","p":1000.0,"q":42.5,"b":0.0,"ms":10.33,"wi":67.13,"ei":8.56,"as":483.67,"mi":"E","mv":242058,"sc":1,"lpe":89.67,"lpr":1381.76,"lq":1.63,"d":1883126},{"pi":"423628","pc":"Детские товары","ss":300000,"td":"Фешенебельный район","dc":10,"n":536.81,"vc":"181132","sl":"Очень высокий","sv":"1","p":5983.34,"q":44.16,"b":0.0,"ms":0.0,"wi":125.88,"ei":10.29,"as":1744.48,"mi":"E","mv":184290,"sc":1,"lpe":100.0,"lpr":2576.76,"lq":1.0,"d":2094907},{"pi":"423628","pc":"Детские товары","ss":100000,"td":"Центр города","dc":3,"n":268.77,"vc":"38586","sl":"Элитный","sv":"20000","p":1500.0,"q":42.5,"b":0.0,"ms":8.27,"wi":172.43,"ei":9.83,"as":2165.58,"mi":"E","mv":241732,"sc":1,"lpe":91.73,"lpr":1436.52,"lq":1.0,"d":1838430},{"pi":"423628","pc":"Детские товары","ss":10000,"td":"Центр города","dc":1,"n":434.3,"vc":"27122","sl":"Элитный","sv":"1050","p":4680.0,"q":22.71,"b":0.58,"ms":0.62,"wi":62.59,"ei":7.65,"as":519.76,"mi":"E","mv":168109,"sc":1,"lpe":99.38,"lpr":1527.31,"lq":1.0,"d":1269608},{"pi":"423628","pc":"Детские товары","ss":10000,"td":"Центр города","dc":2,"n":231.15,"vc":"2729","sl":"Элитный","sv":"150","p":2299.0,"q":29.99,"b":0.0,"ms":0.84,"wi":34.18,"ei":9.16,"as":412.47,"mi":"E","mv":17917,"sc":1,"lpe":99.16,"lpr":1113.84,"lq":1.0,"d":131326},{"pi":"423628","pc":"Детские товары","ss":10000,"td":"Центр города","dc":1,"n":335.76,"vc":"10097","sl":"Элитный","sv":"220","p":2700.0,"q":22.71,"b":0.0,"ms":0.27,"wi":63.23,"ei":7.28,"as":458.84,"mi":"E","mv":82512,"sc":1,"lpe":99.73,"lpr":1274.35,"lq":1.0,"d":605030},{"pi":"423628","pc":"Детские товары","ss":100000,"td":"Центр города","dc":2,"n":255.85,"vc":"36933","sl":"Элитный","sv":"20000","p":1000.0,"q":42.5,"b":0.0,"ms":6.42,"wi":50.78,"ei":10.72,"as":342.0,"mi":"E","mv":311306,"sc":1,"lpe":93.58,"lpr":793.7,"lq":1.0,"d":2313300},{"pi":"423628","pc":"Детские товары","ss":100000,"td":"Центр города","dc":4,"n":186.81,"vc":"30056","sl":"Элитный","sv":"100000","p":1000.0,"q":42.5,"b":1.78,"ms":9.93,"wi":77.84,"ei":9.4,"as":711.83,"mi":"E","mv":1007466,"sc":1,"lpe":90.07,"lpr":1961.37,"lq":1.03,"d":8555500},{"pi":"423628","pc":"Детские товары","ss":100000,"td":"Центр города","dc":3,"n":216.4,"vc":"32540","sl":"Элитный","sv":"20000","p":3000.0,"q":42.5,"b":2.07,"ms":10.37,"wi":174.28,"ei":10.49,"as":2111.62,"mi":"E","mv":192832,"sc":1,"lpe":89.63,"lpr":6077.03,"lq":6.85,"d":4762572},{"pi":"423628","pc":"Детские товары","ss":200000,"td":"Центр города","dc":1,"n":417.92,"vc":"894768","sl":"Элитный","sv":"120330","p":2000.0,"q":54.39,"b":0.0,"ms":19.58,"wi":35.98,"ei":8.28,"as":251.65,"mi":"E","mv":614584,"sc":1,"lpe":80.42,"lpr":1503.34,"lq":1.52,"d":14352508},{"pi":"423628","pc":"Детские товары","ss":10000,"td":"Центр города","dc":1,"n":307.64,"vc":"9645","sl":"Элитный","sv":"6000","p":1000.0,"q":42.5,"b":0.0,"ms":5.17,"wi":121.0,"ei":10.2,"as":2182.56,"mi":"E","mv":116040,"sc":1,"lpe":94.83,"lpr":789.2,"lq":1.0,"d":961541}]