[{"pi":"370079","pc":"Автомобильные товары","ss":200000,"td":"Центр города","dc":1,"n":526.62,"vc":"1454175","sl":"Очень высокий","sv":"45","p":250000.0,"q":41.28,"b":3.0,"ms":0.41,"wi":43.34,"ei":6.78,"as":349.0,"mi":"E","mv":10909,"sc":2,"lpe":99.58,"lpr":126047.29,"lq":1.0,"d":7234440},{"pi":"370079","pc":"Автомобильные товары","ss":100000,"td":"Фешенебельный район","dc":1,"n":89.04,"vc":"1660","sl":"Элитный","sv":"1","p":1200000.0,"q":15.33,"b":1.0,"ms":0.01,"wi":43.34,"ei":6.78,"as":349.0,"mi":"E","mv":10909,"sc":2,"lpe":99.58,"lpr":126047.29,"lq":1.0,"d":7234440},{"pi":"370079","pc":"Автомобильные товары","ss":200000,"td":"Центр города","dc":1,"n":383.97,"vc":"926998","sl":"Элитный","sv":"45","p":100000.0,"q":41.28,"b":2.98,"ms":0.47,"wi":24.52,"ei":5.02,"as":119.09,"mi":"E","mv":9561,"sc":1,"lpe":99.53,"lpr":53209.91,"lq":1.0,"d":7434170},{"pi":"370079","pc":"Автомобильные товары","ss":30000,"td":"Центр города","dc":1,"n":413.76,"vc":"62504","sl":"Элитный","sv":"10","p":200000.0,"q":29.93,"b":0.0,"ms":0.4,"wi":19.05,"ei":5.34,"as":341.56,"mi":"E","mv":2484,"sc":1,"lpe":99.6,"lpr":25870.31,"lq":1.0,"d":2069626},{"pi":"370079","pc":"Автомобильные товары","ss":200000,"td":"Центр города","dc":1,"n":402.15,"vc":"717310","sl":"Элитный","sv":"3","p":900000.0,"q":32.98,"b":1.97,"ms":0.03,"wi":21.09,"ei":5.96,"as":107.95,"mi":"E","mv":11343,"sc":2,"lpe":99.96,"lpr":111284.97,"lq":1.0,"d":12197086},{"pi":"370079","pc":"Автомобильные товары","ss":100000,"td":"Центр города","dc":7,"n":276.39,"vc":"80519","sl":"Очень высокий","sv":"1","p":251000.0,"q":17.25,"b":0.0,"ms":0.01,"wi":21.09,"ei":5.96,"as":107.95,"mi":"E","mv":11343,"sc":2,"lpe":99.96,"lpr":111284.97,"lq":1.0,"d":12197086},{"pi":"370079","pc":"Автомобильные товары","ss":100000,"td":"Центр города","dc":1,"n":541.21,"vc":"894205","sl":"Высокий","sv":"45","p":100000.0,"q":41.28,"b":2.92,"ms":0.36,"wi":20.1,"ei":4.5,"as":67.72,"mi":"E","mv":12601,"sc":1,"lpe":99.64,"lpr":39286.0,"lq":1.0,"d":8200000},{"pi":"370079","pc":"Автомобильные товары","ss":100000,"td":"Центр города","dc":1,"n":594.57,"vc":"1033485","sl":"Высокий","sv":"45","p":250000.0,"q":41.28,"b":2.34,"ms":1.6,"wi":52.02,"ei":10.51,"as":1190.88,"mi":"E","mv":2807,"sc":1,"lpe":98.4,"lpr":255006.04,"lq":1.0,"d":2862944},{"pi":"370079","pc":"Автомобильные товары","ss":100000,"td":"Центр города","dc":1,"n":488.46,"vc":"284675","sl":"Элитный","sv":"5","p":750000.0,"q":41.78,"b":0.0,"ms":0.3,"wi":42.23,"ei":6.83,"as":907.19,"mi":"E","mv":1672,"sc":1,"lpe":99.7,"lpr":161459.1,"lq":1.0,"d":1327128},{"pi":"370079","pc":"Автомобильные товары","ss":100000,"td":"Фешенебельный район","dc":4,"n":201.07,"vc":"3057","sl":"Элитный","sv":"1","p":430000.0,"q":18.01,"b":5.54,"ms":0.3,"wi":5.39,"ei":5.85,"as":62.02,"mi":"E","mv":332,"sc":1,"lpe":99.7,"lpr":38838.68,"lq":1.0,"d":3408120},{"pi":"370079","pc":"Автомобильные товары","ss":100000,"td":"Центр города","dc":1,"n":608.4,"vc":"827173","sl":"Очень высокий","sv":"45","p":225000.0,"q":41.28,"b":4.26,"ms":4.07,"wi":40.83,"ei":9.69,"as":1126.51,"mi":"E","mv":1106,"sc":1,"lpe":95.93,"lpr":148869.36,"lq":1.0,"d":1239628},{"pi":"370079","pc":"Автомобильные товары","ss":110000,"td":"Фешенебельный район","dc":4,"n":214.06,"vc":"3618","sl":"Элитный","sv":"1","p":550000.0,"q":18.01,"b":5.54,"ms":0.06,"wi":16.35,"ei":7.5,"as":163.44,"mi":"E","mv":1610,"sc":1,"lpe":99.94,"lpr":67018.04,"lq":1.0,"d":1866603},{"pi":"370079","pc":"Автомобильные товары","ss":100000,"td":"Центр города","dc":1,"n":541.37,"vc":"857389","sl":"Высокий","sv":"45","p":150000.0,"q":41.28,"b":1.86,"ms":0.48,"wi":24.59,"ei":8.05,"as":240.41,"mi":"E","mv":9469,"sc":1,"lpe":99.52,"lpr":92897.15,"lq":1.0,"d":7239150},{"pi":"370079","pc":"Автомобильные товары","ss":100000,"td":"Центр города","dc":1,"n":590.62,"vc":"1310087","sl":"Нормальный","sv":"10","p":720000.0,"q":41.78,"b":1.93,"ms":0.1,"wi":28.97,"ei":6.53,"as":314.5,"mi":"E","mv":10056,"sc":1,"lpe":99.9,"lpr":114342.21,"lq":1.0,"d":6283054},{"pi":"370079","pc":"Автомобильные товары","ss":100000,"td":"Центр города","dc":1,"n":628.85,"vc":"1329681","sl":"Нормальный","sv":"45","p":150000.0,"q":41.28,"b":2.46,"ms":1.59,"wi":35.81,"ei":6.77,"as":248.13,"mi":"E","mv":2839,"sc":1,"lpe":98.41,"lpr":97346.27,"lq":1.0,"d":2293511},{"pi":"370079","pc":"Автомобильные товары","ss":100000,"td":"Центр города","dc":1,"n":549.33,"vc":"615460","sl":"Очень высокий","sv":"45","p":250000.0,"q":41.28,"b":2.47,"ms":1.69,"wi":36.64,"ei":11.26,"as":482.57,"mi":"E","mv":2669,"sc":2,"lpe":98.2,"lpr":148293.18,"lq":1.0,"d":2255977},{"pi":"370079","pc":"Автомобильные товары","ss":100000,"td":"Центр города","dc":1,"n":441.56,"vc":"218337","sl":"Элитный","sv":"3","p":1500000.0,"q":29.99,"b":0.68,"ms":0.11,"wi":36.64,"ei":11.26,"as":482.57,"mi":"E","mv":2669,"sc":2,"lpe":98.2,"lpr":148293.18,"lq":1.0,"d":2255977},{"pi":"370079","pc":"Автомобильные товары","ss":10000,"td":"Центр города","dc":1,"n":511.41,"vc":"70199","sl":"Высокий","sv":"45","p":150000.0,"q":41.28,"b":2.19,"ms":1.1,"wi":32.56,"ei":9.23,"as":456.15,"mi":"E","mv":4098,"sc":1,"lpe":98.9,"lpr":112070.7,"lq":1.0,"d":3767586},{"pi":"370079","pc":"Автомобильные товары","ss":100000,"td":"Центр города","dc":1,"n":617.54,"vc":"793068","sl":"Очень высокий","sv":"2","p":400000.0,"q":41.78,"b":0.0,"ms":0.21,"wi":20.41,"ei":3.9,"as":162.9,"mi":"E","mv":963,"sc":1,"lpe":99.79,"lpr":50623.31,"lq":1.0,"d":714816},{"pi":"370079","pc":"Автомобильные товары","ss":100000,"td":"Центр города","dc":1,"n":493.96,"vc":"264393","sl":"Элитный","sv":"1","p":600000.0,"q":41.78,"b":0.0,"ms":0.1,"wi":37.26,"ei":11.73,"as":670.36,"mi":"E","mv":1030,"sc":1,"lpe":99.9,"lpr":103266.77,"lq":1.0,"d":923916},{"pi":"370079","pc":"Автомобильные товары","ss":100000,"td":"Центр города","dc":1,"n":649.85,"vc":"1021991","sl":"Высокий","sv":"45","p":250000.0,"q":41.28,"b":4.64,"ms":5.9,"wi":52.44,"ei":11.56,"as":1499.2,"mi":"E","mv":763,"sc":1,"lpe":94.1,"lpr":213842.73,"lq":1.0,"d":607176},{"pi":"370079","pc":"Автомобильные товары","ss":200000,"td":"Центр города","dc":1,"n":590.66,"vc":"2040707","sl":"Высокий","sv":"45","p":250000.0,"q":41.28,"b":3.59,"ms":1.42,"wi":41.0,"ei":10.98,"as":1160.85,"mi":"E","mv":3178,"sc":2,"lpe":98.21,"lpr":240640.45,"lq":1.0,"d":2838504},{"pi":"370079","pc":"Автомобильные товары","ss":100000,"td":"Центр города","dc":2,"n":352.45,"vc":"150666","sl":"Элитный","sv":"12","p":1550000.0,"q":17.88,"b":1.0,"ms":0.38,"wi":41.0,"ei":10.98,"as":1160.85,"mi":"E","mv":3178,"sc":2,"lpe":98.21,"lpr":240640.45,"lq":1.0,"d":2838504},{"pi":"370079","pc":"Автомобильные товары","ss":200000,"td":"Центр города","dc":1,"n":399.11,"vc":"464156","sl":"Элитный","sv":"45","p":250000.0,"q":41.28,"b":1.62,"ms":0.33,"wi":22.82,"ei":5.29,"as":396.9,"mi":"E","mv":13591,"sc":2,"lpe":99.66,"lpr":64210.99,"lq":1.0,"d":12257756},{"pi":"370079","pc":"Автомобильные товары","ss":100000,"td":"Фешенебельный район","dc":4,"n":300.16,"vc":"15205","sl":"Элитный","sv":"1","p":99996.0,"q":21.93,"b":0.0,"ms":0.01,"wi":22.82,"ei":5.29,"as":396.9,"mi":"E","mv":13591,"sc":2,"lpe":99.66,"lpr":64210.99,"lq":1.0,"d":12257756},{"pi":"370079","pc":"Автомобильные товары","ss":100000,"td":"Центр города","dc":1,"n":434.0,"vc":"199572","sl":"Очень высокий","sv":"1","p":450000.0,"q":24.2,"b":0.0,"ms":0.03,"wi":22.21,"ei":4.31,"as":61.89,"mi":"E","mv":3499,"sc":1,"lpe":99.97,"lpr":35871.39,"lq":1.0,"d":2148066},{"pi":"370079","pc":"Автомобильные товары","ss":100000,"td":"Центр города","dc":1,"n":510.79,"vc":"770986","sl":"Очень высокий","sv":"45","p":100000.0,"q":41.28,"b":1.62,"ms":0.26,"wi":20.14,"ei":5.38,"as":88.25,"mi":"E","mv":17191,"sc":1,"lpe":99.74,"lpr":48806.13,"lq":1.0,"d":12381354},{"pi":"370079","pc":"Автомобильные товары","ss":100000,"td":"Центр города","dc":2,"n":506.46,"vc":"322413","sl":"Очень высокий","sv":"1","p":480000.0,"q":41.78,"b":0.0,"ms":0.05,"wi":29.56,"ei":5.84,"as":351.52,"mi":"E","mv":1910,"sc":1,"lpe":99.95,"lpr":66990.35,"lq":1.0,"d":1155227},{"pi":"370079","pc":"Автомобильные товары","ss":200000,"td":"Центр города","dc":1,"n":540.42,"vc":"1206102","sl":"Очень высокий","sv":"45","p":150000.0,"q":41.28,"b":3.59,"ms":3.49,"wi":32.5,"ei":8.75,"as":394.01,"mi":"E","mv":1288,"sc":2,"lpe":96.43,"lpr":225805.75,"lq":1.0,"d":2812406},{"pi":"370079","pc":"Автомобильные товары","ss":2500,"td":"Фешенебельный район","dc":4,"n":70.95,"vc":"201","sl":"Элитный","sv":"1","p":920000.0,"q":17.56,"b":4.66,"ms":0.08,"wi":32.5,"ei":8.75,"as":394.01,"mi":"E","mv":1288,"sc":2,"lpe":96.43,"lpr":225805.75,"lq":1.0,"d":2812406},{"pi":"370079","pc":"Автомобильные товары","ss":100000,"td":"Фешенебельный район","dc":1,"n":650.92,"vc":"208517","sl":"Элитный","sv":"22","p":3100000.0,"q":35.2,"b":4.9,"ms":1.86,"wi":49.54,"ei":10.29,"as":760.4,"mi":"E","mv":1181,"sc":1,"lpe":98.14,"lpr":390911.93,"lq":1.0,"d":1419772},{"pi":"370079","pc":"Автомобильные товары","ss":100000,"td":"Спальный район","dc":1,"n":430.98,"vc":"274143","sl":"Элитный","sv":"192","p":700000.0,"q":24.21,"b":0.0,"ms":2.44,"wi":23.07,"ei":9.0,"as":148.67,"mi":"E","mv":7877,"sc":2,"lpe":96.99,"lpr":115285.94,"lq":1.0,"d":13151602},{"pi":"370079","pc":"Автомобильные товары","ss":100000,"td":"Центр города","dc":1,"n":506.38,"vc":"754749","sl":"Очень высокий","sv":"45","p":100000.0,"q":41.28,"b":2.65,"ms":0.57,"wi":23.07,"ei":9.0,"as":148.67,"mi":"E","mv":7877,"sc":2,"lpe":96.99,"lpr":115285.94,"lq":1.0,"d":13151602},{"pi":"370079","pc":"Автомобильные товары","ss":100000,"td":"Центр города","dc":1,"n":519.68,"vc":"740637","sl":"Очень высокий","sv":"45","p":100000.0,"q":41.28,"b":1.78,"ms":0.4,"wi":37.85,"ei":8.73,"as":677.93,"mi":"E","mv":11220,"sc":1,"lpe":99.6,"lpr":128699.96,"lq":1.0,"d":8646844},{"pi":"370079","pc":"Автомобильные товары","ss":1000,"td":"Центр города","dc":1,"n":468.71,"vc":"5294","sl":"Нормальный","sv":"1","p":500000.0,"q":30.6,"b":0.0,"ms":0.1,"wi":30.39,"ei":6.8,"as":316.62,"mi":"E","mv":971,"sc":1,"lpe":99.9,"lpr":66772.57,"lq":1.0,"d":1133980},{"pi":"370079","pc":"Автомобильные товары","ss":100000,"td":"Центр города","dc":1,"n":391.34,"vc":"128339","sl":"Элитный","sv":"30","p":1000000.0,"q":32.98,"b":0.0,"ms":2.39,"wi":53.29,"ei":11.63,"as":1039.25,"mi":"E","mv":1256,"sc":1,"lpe":97.61,"lpr":306119.37,"lq":1.0,"d":1964160},{"pi":"370079","pc":"Автомобильные товары","ss":200000,"td":"Центр города","dc":1,"n":463.31,"vc":"1080122","sl":"Очень высокий","sv":"239","p":1070000.0,"q":34.44,"b":1.89,"ms":2.99,"wi":33.86,"ei":10.15,"as":292.02,"mi":"E","mv":7980,"sc":1,"lpe":97.01,"lpr":101450.19,"lq":1.0,"d":6376122},{"pi":"370079","pc":"Автомобильные товары","ss":100000,"td":"Центр города","dc":2,"n":341.66,"vc":"114299","sl":"Элитный","sv":"50","p":1000000.0,"q":35.16,"b":0.0,"ms":1.2,"wi":54.32,"ei":11.9,"as":1548.35,"mi":"E","mv":4164,"sc":2,"lpe":97.72,"lpr":378157.22,"lq":1.0,"d":5522842},{"pi":"370079","pc":"Автомобильные товары","ss":100000,"td":"Центр города","dc":1,"n":483.59,"vc":"447429","sl":"Элитный","sv":"45","p":250000.0,"q":41.28,"b":2.0,"ms":1.08,"wi":54.32,"ei":11.9,"as":1548.35,"mi":"E","mv":4164,"sc":2,"lpe":97.72,"lpr":378157.22,"lq":1.0,"d":5522842},{"pi":"370079","pc":"Автомобильные товары","ss":100000,"td":"Центр города","dc":1,"n":496.61,"vc":"638130","sl":"Очень высокий","sv":"45","p":250000.0,"q":41.28,"b":2.77,"ms":0.43,"wi":51.68,"ei":9.19,"as":1176.8,"mi":"E","mv":10517,"sc":2,"lpe":99.56,"lpr":275476.33,"lq":1.0,"d":10648221},{"pi":"370079","pc":"Автомобильные товары","ss":100000,"td":"Центр города","dc":2,"n":369.89,"vc":"188669","sl":"Элитный","sv":"1","p":800000.0,"q":32.98,"b":0.0,"ms":0.01,"wi":51.68,"ei":9.19,"as":1176.8,"mi":"E","mv":10517,"sc":2,"lpe":99.56,"lpr":275476.33,"lq":1.0,"d":10648221},{"pi":"370079","pc":"Автомобильные товары","ss":100000,"td":"Фешенебельный район","dc":1,"n":548.03,"vc":"40987","sl":"Элитный","sv":"3","p":400000.0,"q":24.37,"b":0.0,"ms":1.4,"wi":17.15,"ei":6.7,"as":267.76,"mi":"E","mv":215,"sc":1,"lpe":98.6,"lpr":31642.59,"lq":1.0,"d":229788},{"pi":"370079","pc":"Автомобильные товары","ss":100000,"td":"Центр города","dc":1,"n":493.42,"vc":"652562","sl":"Очень высокий","sv":"45","p":250000.0,"q":41.28,"b":2.68,"ms":0.24,"wi":33.04,"ei":6.88,"as":461.89,"mi":"E","mv":18629,"sc":3,"lpe":99.5,"lpr":120193.71,"lq":1.0,"d":12391712},{"pi":"370079","pc":"Автомобильные товары","ss":100000,"td":"Фешенебельный район","dc":3,"n":537.65,"vc":"149765","sl":"Элитный","sv":"28","p":1300000.0,"q":28.52,"b":1.0,"ms":0.15,"wi":33.04,"ei":6.88,"as":461.89,"mi":"E","mv":18629,"sc":3,"lpe":99.5,"lpr":120193.71,"lq":1.0,"d":12391712},{"pi":"370079","pc":"Автомобильные товары","ss":100000,"td":"Центр города","dc":1,"n":526.22,"vc":"894559","sl":"Высокий","sv":"20","p":800000.0,"q":41.78,"b":2.68,"ms":0.11,"wi":33.04,"ei":6.88,"as":461.89,"mi":"E","mv":18629,"sc":3,"lpe":99.5,"lpr":120193.71,"lq":1.0,"d":12391712},{"pi":"370079","pc":"Автомобильные товары","ss":100000,"td":"Центр города","dc":2,"n":507.09,"vc":"470722","sl":"Высокий","sv":"10","p":700000.0,"q":41.78,"b":2.12,"ms":0.19,"wi":30.38,"ei":5.96,"as":358.17,"mi":"E","mv":5204,"sc":1,"lpe":99.81,"lpr":108146.07,"lq":1.0,"d":3347758},{"pi":"370079","pc":"Автомобильные товары","ss":100000,"td":"Центр города","dc":2,"n":263.54,"vc":"76333","sl":"Элитный","sv":"260","p":950000.0,"q":34.98,"b":1.94,"ms":1.2,"wi":53.02,"ei":6.8,"as":488.79,"mi":"E","mv":21677,"sc":2,"lpe":97.88,"lpr":355034.36,"lq":1.0,"d":14905102},{"pi":"370079","pc":"Автомобильные товары","ss":100000,"td":"Центр города","dc":2,"n":268.06,"vc":"79721","sl":"Элитный","sv":"200","p":900000.0,"q":41.78,"b":2.12,"ms":0.92,"wi":53.02,"ei":6.8,"as":488.79,"mi":"E","mv":21677,"sc":2,"lpe":97.88,"lpr":355034.36,"lq":1.0,"d":14905102},{"pi":"370079","pc":"Автомобильные товары","ss":100000,"td":"Центр города","dc":1,"n":630.97,"vc":"1290970","sl":"Нормальный","sv":"45","p":250000.0,"q":41.28,"b":2.54,"ms":1.37,"wi":35.76,"ei":7.33,"as":277.72,"mi":"E","mv":3283,"sc":3,"lpe":98.17,"lpr":96934.08,"lq":1.0,"d":1988574},{"pi":"370079","pc":"Автомобильные товары","ss":100000,"td":"Центр города","dc":2,"n":549.63,"vc":"590534","sl":"Высокий","sv":"10","p":650000.0,"q":41.78,"b":2.12,"ms":0.3,"wi":35.76,"ei":7.33,"as":277.72,"mi":"E","mv":3283,"sc":3,"lpe":98.17,"lpr":96934.08,"lq":1.0,"d":1988574},{"pi":"370079","pc":"Автомобильные товары","ss":100000,"td":"Фешенебельный район","dc":1,"n":404.23,"vc":"21885","sl":"Элитный","sv":"5","p":1000000.0,"q":35.16,"b":0.0,"ms":0.15,"wi":35.76,"ei":7.33,"as":277.72,"mi":"E","mv":3283,"sc":3,"lpe":98.17,"lpr":96934.08,"lq":1.0,"d":1988574},{"pi":"370079","pc":"Автомобильные товары","ss":100000,"td":"Центр города","dc":2,"n":560.62,"vc":"660216","sl":"Нормальный","sv":"10","p":750000.0,"q":41.78,"b":2.12,"ms":0.3,"wi":30.34,"ei":5.44,"as":331.01,"mi":"E","mv":3339,"sc":1,"lpe":99.7,"lpr":101241.52,"lq":1.0,"d":2022290},{"pi":"370079","pc":"Автомобильные товары","ss":100000,"td":"Центр города","dc":2,"n":556.8,"vc":"574869","sl":"Высокий","sv":"1","p":610000.0,"q":41.78,"b":2.12,"ms":0.04,"wi":26.84,"ei":6.38,"as":236.14,"mi":"E","mv":2288,"sc":1,"lpe":99.96,"lpr":70264.0,"lq":1.0,"d":1512204},{"pi":"370079","pc":"Автомобильные товары","ss":100000,"td":"Центр города","dc":1,"n":544.72,"vc":"871609","sl":"Высокий","sv":"45","p":150000.0,"q":41.28,"b":1.89,"ms":0.57,"wi":27.63,"ei":5.96,"as":119.21,"mi":"E","mv":7900,"sc":1,"lpe":99.43,"lpr":92346.11,"lq":1.0,"d":6921520},{"pi":"370079","pc":"Автомобильные товары","ss":100000,"td":"Центр города","dc":1,"n":501.24,"vc":"448040","sl":"Элитный","sv":"1","p":500000.0,"q":32.98,"b":0.0,"ms":0.04,"wi":15.34,"ei":2.8,"as":49.28,"mi":"E","mv":2347,"sc":1,"lpe":99.96,"lpr":39398.78,"lq":1.0,"d":3413800}]