[{"pi":"15335","pc":"Промышленные товары","ss":12000,"td":"Центр города","dc":3,"n":220.12,"vc":"11787","sl":"Очень высокий","sv":"12000","p":3300.0,"q":3.4,"b":0.0,"ms":3.34,"wi":131.96,"ei":6.72,"as":1776.47,"mi":"E","mv":359648,"sc":2,"lpe":96.66,"lpr":3411.25,"lq":1.0,"d":2542506},{"pi":"15335","pc":"Промышленные товары","ss":200,"td":"Центр города","dc":3,"n":0.0,"vc":"266","sl":"Низкий","sv":"5","p":3300.0,"q":1.25,"b":0.0,"ms":0.0,"wi":131.96,"ei":6.72,"as":1776.47,"mi":"E","mv":359648,"sc":2,"lpe":96.66,"lpr":3411.25,"lq":1.0,"d":2542506},{"pi":"15335","pc":"Промышленные товары","ss":1000,"td":"Центр города","dc":1,"n":138.83,"vc":"1337","sl":"Высокий","sv":"10","p":616.0,"q":1.0,"b":0.0,"ms":0.0,"wi":45.61,"ei":8.95,"as":326.91,"mi":"E","mv":374008,"sc":1,"lpe":100.0,"lpr":776.2,"lq":1.0,"d":2976414},{"pi":"15335","pc":"Промышленные товары","ss":14000,"td":"Центр города","dc":1,"n":203.63,"vc":"6430","sl":"Элитный","sv":"196","p":4000.0,"q":7.79,"b":1.37,"ms":0.09,"wi":109.74,"ei":6.39,"as":1332.06,"mi":"E","mv":217269,"sc":1,"lpe":99.91,"lpr":2597.71,"lq":1.0,"d":1607580},{"pi":"15335","pc":"Промышленные товары","ss":10000,"td":"Центр города","dc":1,"n":308.99,"vc":"11355","sl":"Элитный","sv":"2500","p":3100.0,"q":3.41,"b":2.27,"ms":1.46,"wi":115.61,"ei":6.91,"as":1461.51,"mi":"E","mv":170858,"sc":1,"lpe":98.54,"lpr":2938.62,"lq":1.0,"d":1489874},{"pi":"15335","pc":"Промышленные товары","ss":100000,"td":"Фешенебельный район","dc":1,"n":327.55,"vc":"17205","sl":"Нормальный","sv":"6","p":5000.0,"q":15.06,"b":0.0,"ms":0.0,"wi":27.86,"ei":3.43,"as":42.92,"mi":"E","mv":466584,"sc":1,"lpe":100.0,"lpr":753.8,"lq":1.0,"d":9216794},{"pi":"15335","pc":"Промышленные товары","ss":1000,"td":"Центр города","dc":1,"n":136.28,"vc":"1257","sl":"Элитный","sv":"14872","p":2200.0,"q":3.86,"b":1.25,"ms":3.8,"wi":81.91,"ei":8.82,"as":546.4,"mi":"E","mv":391660,"sc":1,"lpe":96.2,"lpr":2021.58,"lq":1.0,"d":2598727},{"pi":"15335","pc":"Промышленные товары","ss":100,"td":"Центр города","dc":4,"n":1.37,"vc":"107","sl":"Очень низкий","sv":"1","p":580.0,"q":1.51,"b":0.0,"ms":0.0,"wi":21.71,"ei":9.2,"as":243.81,"mi":"E","mv":120601,"sc":1,"lpe":100.0,"lpr":571.87,"lq":1.0,"d":2418266},{"pi":"15335","pc":"Промышленные товары","ss":8000,"td":"Центр города","dc":7,"n":245.14,"vc":"12354","sl":"Очень низкий","sv":"210","p":1320.0,"q":1.51,"b":0.0,"ms":0.13,"wi":44.53,"ei":12.04,"as":405.27,"mi":"E","mv":166952,"sc":2,"lpe":99.87,"lpr":950.33,"lq":1.0,"d":3315370},{"pi":"15335","pc":"Промышленные товары","ss":100,"td":"Центр города","dc":4,"n":0.88,"vc":"180","sl":"Очень низкий","sv":"9","p":908.0,"q":1.04,"b":0.0,"ms":0.01,"wi":44.53,"ei":12.04,"as":405.27,"mi":"E","mv":166952,"sc":2,"lpe":99.87,"lpr":950.33,"lq":1.0,"d":3315370},{"pi":"15335","pc":"Промышленные товары","ss":100,"td":"Фешенебельный район","dc":4,"n":1.85,"vc":"16","sl":"Низкий","sv":"1","p":800.0,"q":1.27,"b":0.0,"ms":0.0,"wi":38.91,"ei":11.6,"as":316.91,"mi":"E","mv":131368,"sc":1,"lpe":100.0,"lpr":891.09,"lq":1.0,"d":2455208},{"pi":"15335","pc":"Промышленные товары","ss":20000,"td":"Окраина","dc":10,"n":251.19,"vc":"10233","sl":"Очень низкий","sv":"7","p":2000.0,"q":8.65,"b":0.831428571428571,"ms":0.01,"wi":21.21,"ei":4.62,"as":206.96,"mi":"E","mv":46846,"sc":1,"lpe":99.99,"lpr":502.09,"lq":1.0,"d":1571900},{"pi":"15335","pc":"Промышленные товары","ss":1000,"td":"Центр города","dc":1,"n":75.85,"vc":"621","sl":"Элитный","sv":"244","p":2700.0,"q":1.29,"b":0.0,"ms":0.33,"wi":108.65,"ei":7.35,"as":1291.6,"mi":"E","mv":74574,"sc":1,"lpe":99.67,"lpr":2603.66,"lq":1.0,"d":1033752},{"pi":"15335","pc":"Промышленные товары","ss":16900,"td":"Центр города","dc":1,"n":215.95,"vc":"6600","sl":"Элитный","sv":"1883","p":2200.0,"q":6.83,"b":1.45,"ms":2.64,"wi":109.29,"ei":6.7,"as":1597.06,"mi":"E","mv":71448,"sc":1,"lpe":97.36,"lpr":2243.49,"lq":1.0,"d":976806},{"pi":"15335","pc":"Промышленные товары","ss":1000,"td":"Спальный район","dc":7,"n":299.81,"vc":"800","sl":"Очень низкий","sv":"65","p":1200.0,"q":1.43,"b":0.0,"ms":0.48,"wi":77.49,"ei":6.62,"as":518.18,"mi":"E","mv":13453,"sc":1,"lpe":99.52,"lpr":1309.04,"lq":1.0,"d":116700},{"pi":"15335","pc":"Промышленные товары","ss":1000,"td":"Центр города","dc":4,"n":160.57,"vc":"1024","sl":"Высокий","sv":"43","p":1650.0,"q":1.0,"b":0.0,"ms":0.04,"wi":89.51,"ei":7.06,"as":573.3,"mi":"E","mv":119792,"sc":1,"lpe":99.96,"lpr":1970.42,"lq":1.0,"d":978294},{"pi":"15335","pc":"Промышленные товары","ss":12000,"td":"Центр города","dc":1,"n":189.76,"vc":"12584","sl":"Элитный","sv":"9500","p":2000.0,"q":3.39,"b":0.49,"ms":1.57,"wi":89.14,"ei":7.05,"as":1247.63,"mi":"E","mv":604307,"sc":1,"lpe":98.43,"lpr":2227.33,"lq":1.0,"d":5900984},{"pi":"15335","pc":"Промышленные товары","ss":100000,"td":"Центр города","dc":3,"n":420.76,"vc":"135579","sl":"Очень высокий","sv":"10000","p":950.0,"q":16.62,"b":1.52,"ms":7.22,"wi":62.28,"ei":8.99,"as":967.35,"mi":"E","mv":138538,"sc":1,"lpe":92.78,"lpr":1041.0,"lq":1.0,"d":1023950},{"pi":"15335","pc":"Промышленные товары","ss":11000,"td":"Центр города","dc":3,"n":288.36,"vc":"12906","sl":"Очень высокий","sv":"700","p":1050.0,"q":3.41,"b":0.0,"ms":1.22,"wi":59.14,"ei":9.58,"as":525.4,"mi":"E","mv":57494,"sc":1,"lpe":98.78,"lpr":1000.35,"lq":1.0,"d":881782},{"pi":"15335","pc":"Промышленные товары","ss":10000,"td":"Центр города","dc":1,"n":492.32,"vc":"26956","sl":"Элитный","sv":"100","p":3261.3,"q":16.61,"b":1.52,"ms":0.4,"wi":51.5,"ei":7.4,"as":852.42,"mi":"E","mv":25007,"sc":1,"lpe":99.6,"lpr":1178.76,"lq":1.0,"d":366048},{"pi":"15335","pc":"Промышленные товары","ss":10000,"td":"Фешенебельный район","dc":10,"n":406.23,"vc":"4785","sl":"Низкий","sv":"562","p":600.0,"q":1.25,"b":0.0,"ms":0.87,"wi":38.84,"ei":6.46,"as":550.2,"mi":"E","mv":64775,"sc":2,"lpe":98.93,"lpr":1001.36,"lq":1.0,"d":1548177},{"pi":"15335","pc":"Промышленные товары","ss":1000,"td":"Фешенебельный район","dc":10,"n":165.33,"vc":"250","sl":"Очень высокий","sv":"134","p":700.0,"q":1.36,"b":0.0,"ms":0.21,"wi":38.84,"ei":6.46,"as":550.2,"mi":"E","mv":64775,"sc":2,"lpe":98.93,"lpr":1001.36,"lq":1.0,"d":1548177},{"pi":"15335","pc":"Промышленные товары","ss":100000,"td":"Фешенебельный район","dc":8,"n":397.06,"vc":"23898","sl":"Очень низкий","sv":"2000","p":400.0,"q":1.51,"b":0.0,"ms":3.33,"wi":19.23,"ei":4.49,"as":270.88,"mi":"E","mv":60073,"sc":1,"lpe":96.67,"lpr":589.91,"lq":1.0,"d":1469374},{"pi":"15335","pc":"Промышленные товары","ss":114000,"td":"Центр города","dc":4,"n":351.96,"vc":"109608","sl":"Нормальный","sv":"7500","p":1785.0,"q":3.39,"b":0.0,"ms":7.99,"wi":88.01,"ei":6.7,"as":1123.0,"mi":"E","mv":93864,"sc":1,"lpe":92.01,"lpr":1996.09,"lq":1.0,"d":873551},{"pi":"15335","pc":"Промышленные товары","ss":22000,"td":"Центр города","dc":3,"n":341.17,"vc":"31136","sl":"Высокий","sv":"11500","p":1900.0,"q":3.4,"b":1.23,"ms":12.37,"wi":88.74,"ei":6.0,"as":1057.94,"mi":"E","mv":92943,"sc":1,"lpe":87.63,"lpr":2048.26,"lq":1.38,"d":930610},{"pi":"15335","pc":"Промышленные товары","ss":10000,"td":"Спальный район","dc":7,"n":74.52,"vc":"3128","sl":"Элитный","sv":"364","p":2700.0,"q":16.04,"b":0.00532967032967033,"ms":0.07,"wi":59.25,"ei":8.02,"as":811.4,"mi":"E","mv":501929,"sc":3,"lpe":99.92,"lpr":1146.56,"lq":1.0,"d":4968783},{"pi":"15335","pc":"Промышленные товары","ss":10000,"td":"Спальный район","dc":2,"n":151.13,"vc":"3674","sl":"Элитный","sv":"35","p":1599.0,"q":3.14,"b":1.06,"ms":0.01,"wi":59.25,"ei":8.02,"as":811.4,"mi":"E","mv":501929,"sc":3,"lpe":99.92,"lpr":1146.56,"lq":1.0,"d":4968783},{"pi":"15335","pc":"Промышленные товары","ss":10000,"td":"Центр города","dc":3,"n":104.49,"vc":"3469","sl":"Элитный","sv":"12","p":3500.0,"q":16.6,"b":0.0,"ms":0.0,"wi":59.25,"ei":8.02,"as":811.4,"mi":"E","mv":501929,"sc":3,"lpe":99.92,"lpr":1146.56,"lq":1.0,"d":4968783},{"pi":"15335","pc":"Промышленные товары","ss":13000,"td":"Центр города","dc":2,"n":256.11,"vc":"10216","sl":"Высокий","sv":"1800","p":1350.0,"q":3.36,"b":0.0,"ms":1.02,"wi":70.44,"ei":6.28,"as":624.19,"mi":"E","mv":176225,"sc":1,"lpe":98.98,"lpr":1555.49,"lq":1.0,"d":2161944},{"pi":"15335","pc":"Промышленные товары","ss":9000,"td":"Центр города","dc":2,"n":16.61,"vc":"857","sl":"Элитный","sv":"10","p":4100.0,"q":1.51,"b":0.0,"ms":0.02,"wi":191.47,"ei":9.72,"as":2008.97,"mi":"E","mv":62710,"sc":1,"lpe":99.98,"lpr":4380.54,"lq":1.0,"d":501060},{"pi":"15335","pc":"Промышленные товары","ss":14000,"td":"Центр города","dc":1,"n":211.33,"vc":"11253","sl":"Элитный","sv":"23500","p":2800.0,"q":3.39,"b":2.04,"ms":7.38,"wi":127.75,"ei":7.06,"as":1642.86,"mi":"E","mv":318364,"sc":1,"lpe":92.62,"lpr":3130.84,"lq":1.0,"d":2109186},{"pi":"15335","pc":"Промышленные товары","ss":100000,"td":"Центр города","dc":2,"n":394.46,"vc":"317468","sl":"Очень высокий","sv":"27296","p":4000.0,"q":15.4,"b":0.0,"ms":3.64,"wi":40.67,"ei":5.73,"as":513.32,"mi":"E","mv":749624,"sc":3,"lpe":95.89,"lpr":1002.53,"lq":1.0,"d":7527186},{"pi":"15335","pc":"Промышленные товары","ss":52200,"td":"Центр города","dc":3,"n":103.57,"vc":"9461","sl":"Очень высокий","sv":"3500","p":1003.0,"q":1.51,"b":0.0,"ms":0.47,"wi":40.67,"ei":5.73,"as":513.32,"mi":"E","mv":749624,"sc":3,"lpe":95.89,"lpr":1002.53,"lq":1.0,"d":7527186},{"pi":"15335","pc":"Промышленные товары","ss":1100,"td":"Центр города","dc":1,"n":85.81,"vc":"1434","sl":"Очень высокий","sv":"10","p":1500.0,"q":1.0,"b":0.0,"ms":0.0,"wi":40.67,"ei":5.73,"as":513.32,"mi":"E","mv":749624,"sc":3,"lpe":95.89,"lpr":1002.53,"lq":1.0,"d":7527186},{"pi":"15335","pc":"Промышленные товары","ss":10000,"td":"Фешенебельный район","dc":10,"n":615.35,"vc":"12933","sl":"Нормальный","sv":"4","p":2500.0,"q":1.0,"b":0.0,"ms":0.05,"wi":22.26,"ei":6.08,"as":509.37,"mi":"E","mv":7471,"sc":1,"lpe":99.95,"lpr":1225.97,"lq":1.0,"d":944097},{"pi":"15335","pc":"Промышленные товары","ss":1000,"td":"Центр города","dc":1,"n":497.83,"vc":"3391","sl":"Высокий","sv":"1000","p":1500.0,"q":7.82,"b":3.51,"ms":5.34,"wi":100.73,"ei":10.74,"as":1420.16,"mi":"E","mv":18713,"sc":1,"lpe":94.66,"lpr":1923.21,"lq":1.0,"d":130817},{"pi":"15335","pc":"Промышленные товары","ss":3000,"td":"Центр города","dc":1,"n":95.9,"vc":"2364","sl":"Элитный","sv":"10000","p":1100.0,"q":3.86,"b":0.85,"ms":1.71,"wi":51.76,"ei":4.41,"as":655.66,"mi":"E","mv":583340,"sc":1,"lpe":98.29,"lpr":1104.08,"lq":1.0,"d":7172110},{"pi":"15335","pc":"Промышленные товары","ss":100000,"td":"Центр города","dc":1,"n":289.2,"vc":"60733","sl":"Очень высокий","sv":"3467","p":750.0,"q":7.82,"b":1.82,"ms":0.68,"wi":60.25,"ei":9.36,"as":614.31,"mi":"E","mv":511903,"sc":1,"lpe":99.32,"lpr":1123.04,"lq":1.0,"d":3832748},{"pi":"15335","pc":"Промышленные товары","ss":1000,"td":"Центр города","dc":10,"n":602.82,"vc":"9141","sl":"Очень низкий","sv":"55","p":950.0,"q":1.0,"b":0.0,"ms":0.45,"wi":47.25,"ei":6.62,"as":504.0,"mi":"E","mv":12202,"sc":1,"lpe":99.55,"lpr":967.3,"lq":1.0,"d":128750},{"pi":"15335","pc":"Промышленные товары","ss":20000,"td":"Фешенебельный район","dc":5,"n":142.92,"vc":"616","sl":"Элитный","sv":"32","p":4000.0,"q":11.82,"b":1.174375,"ms":0.06,"wi":113.29,"ei":8.52,"as":2226.16,"mi":"E","mv":53554,"sc":1,"lpe":99.94,"lpr":4467.84,"lq":1.0,"d":1235082},{"pi":"15335","pc":"Промышленные товары","ss":14000,"td":"Центр города","dc":3,"n":380.08,"vc":"30158","sl":"Нормальный","sv":"700","p":1140.0,"q":3.41,"b":0.0,"ms":0.54,"wi":71.14,"ei":6.0,"as":357.48,"mi":"E","mv":130836,"sc":1,"lpe":99.46,"lpr":1314.64,"lq":1.0,"d":894855},{"pi":"15335","pc":"Промышленные товары","ss":20000,"td":"Фешенебельный район","dc":6,"n":152.96,"vc":"926","sl":"Элитный","sv":"9","p":2000.0,"q":12.17,"b":1.27333333333333,"ms":0.0,"wi":116.13,"ei":7.17,"as":2122.22,"mi":"E","mv":334079,"sc":1,"lpe":100.0,"lpr":4056.68,"lq":1.0,"d":2596850},{"pi":"15335","pc":"Промышленные товары","ss":100000,"td":"Центр города","dc":1,"n":554.68,"vc":"1621797","sl":"Нормальный","sv":"96017","p":5100.0,"q":38.69,"b":2.84,"ms":10.87,"wi":102.86,"ei":10.85,"as":2744.68,"mi":"E","mv":883327,"sc":6,"lpe":71.84,"lpr":1346.46,"lq":1.33,"d":9744630},{"pi":"15335","pc":"Промышленные товары","ss":300000,"td":"Центр города","dc":2,"n":302.37,"vc":"316245","sl":"Элитный","sv":"76072","p":4000.0,"q":16.59,"b":0.0,"ms":8.61,"wi":102.86,"ei":10.85,"as":2744.68,"mi":"E","mv":883327,"sc":6,"lpe":71.84,"lpr":1346.46,"lq":1.33,"d":9744630},{"pi":"15335","pc":"Промышленные товары","ss":100000,"td":"Окраина","dc":2,"n":338.79,"vc":"122066","sl":"Очень высокий","sv":"67000","p":2700.0,"q":16.61,"b":1.34,"ms":7.58,"wi":102.86,"ei":10.85,"as":2744.68,"mi":"E","mv":883327,"sc":6,"lpe":71.84,"lpr":1346.46,"lq":1.33,"d":9744630},{"pi":"15335","pc":"Промышленные товары","ss":50000,"td":"Окраина","dc":1,"n":427.36,"vc":"162266","sl":"Элитный","sv":"7000","p":2800.0,"q":16.59,"b":0.0,"ms":0.79,"wi":102.86,"ei":10.85,"as":2744.68,"mi":"E","mv":883327,"sc":6,"lpe":71.84,"lpr":1346.46,"lq":1.33,"d":9744630},{"pi":"15335","pc":"Промышленные товары","ss":30000,"td":"Центр города","dc":1,"n":145.59,"vc":"17022","sl":"Элитный","sv":"2684","p":2099.99,"q":16.61,"b":1.33950074515648,"ms":0.3,"wi":102.86,"ei":10.85,"as":2744.68,"mi":"E","mv":883327,"sc":6,"lpe":71.84,"lpr":1346.46,"lq":1.33,"d":9744630},{"pi":"15335","pc":"Промышленные товары","ss":100000,"td":"Центр города","dc":1,"n":203.2,"vc":"36823","sl":"Элитный","sv":"11","p":6400.0,"q":11.91,"b":0.494545454545455,"ms":0.0,"wi":102.86,"ei":10.85,"as":2744.68,"mi":"E","mv":883327,"sc":6,"lpe":71.84,"lpr":1346.46,"lq":1.33,"d":9744630},{"pi":"15335","pc":"Промышленные товары","ss":1500,"td":"Центр города","dc":1,"n":22.32,"vc":"810","sl":"Элитный","sv":"1500","p":1100.0,"q":1.51,"b":0.0,"ms":0.4,"wi":66.45,"ei":6.04,"as":318.0,"mi":"E","mv":376662,"sc":2,"lpe":99.59,"lpr":1274.93,"lq":1.0,"d":2877864},{"pi":"15335","pc":"Промышленные товары","ss":600,"td":"Центр города","dc":9,"n":379.77,"vc":"5436","sl":"Очень низкий","sv":"39","p":1000.0,"q":1.0,"b":0.0,"ms":0.01,"wi":66.45,"ei":6.04,"as":318.0,"mi":"E","mv":376662,"sc":2,"lpe":99.59,"lpr":1274.93,"lq":1.0,"d":2877864},{"pi":"15335","pc":"Промышленные товары","ss":1500,"td":"Центр города","dc":5,"n":7.56,"vc":"775","sl":"Нормальный","sv":"50","p":480.0,"q":1.51,"b":0.0,"ms":0.06,"wi":17.18,"ei":17.09,"as":56.27,"mi":"E","mv":89958,"sc":1,"lpe":99.94,"lpr":519.54,"lq":1.0,"d":3998532},{"pi":"15335","pc":"Промышленные товары","ss":10000,"td":"Центр города","dc":1,"n":407.91,"vc":"12013","sl":"Элитный","sv":"2000","p":1300.0,"q":3.41,"b":4.17,"ms":5.02,"wi":72.48,"ei":6.2,"as":316.9,"mi":"E","mv":39839,"sc":1,"lpe":94.98,"lpr":1314.97,"lq":1.0,"d":216434},{"pi":"15335","pc":"Промышленные товары","ss":400,"td":"Фешенебельный район","dc":2,"n":82.72,"vc":"46","sl":"Элитный","sv":"2","p":927.0,"q":4.07,"b":0.0,"ms":0.01,"wi":41.55,"ei":5.79,"as":304.75,"mi":"E","mv":15912,"sc":1,"lpe":99.99,"lpr":1021.35,"lq":1.0,"d":384194},{"pi":"15335","pc":"Промышленные товары","ss":1200,"td":"Центр города","dc":9,"n":517.4,"vc":"9674","sl":"Очень низкий","sv":"144","p":1300.0,"q":1.33,"b":0.0,"ms":0.75,"wi":70.04,"ei":5.87,"as":653.67,"mi":"E","mv":19111,"sc":1,"lpe":99.25,"lpr":1945.71,"lq":1.0,"d":401934},{"pi":"15335","pc":"Промышленные товары","ss":200,"td":"Центр города","dc":2,"n":5.4,"vc":"95","sl":"Нормальный","sv":"5","p":1000.0,"q":1.51,"b":0.0,"ms":0.03,"wi":56.02,"ei":6.3,"as":519.75,"mi":"E","mv":15324,"sc":1,"lpe":99.97,"lpr":979.7,"lq":1.0,"d":125146},{"pi":"15335","pc":"Промышленные товары","ss":200,"td":"Фешенебельный район","dc":2,"n":37.88,"vc":"17","sl":"Элитный","sv":"147","p":1899.99,"q":8.85,"b":0.0,"ms":0.81,"wi":64.84,"ei":6.72,"as":456.0,"mi":"E","mv":18090,"sc":1,"lpe":99.19,"lpr":1152.97,"lq":1.0,"d":145230},{"pi":"15335","pc":"Промышленные товары","ss":1000,"td":"Центр города","dc":8,"n":415.96,"vc":"1977","sl":"Очень низкий","sv":"80","p":600.0,"q":1.51,"b":0.0,"ms":0.72,"wi":50.7,"ei":6.73,"as":507.15,"mi":"E","mv":11107,"sc":1,"lpe":99.28,"lpr":965.85,"lq":1.0,"d":104817},{"pi":"15335","pc":"Промышленные товары","ss":2000,"td":"Центр города","dc":1,"n":119.45,"vc":"1846","sl":"Элитный","sv":"8968","p":1050.0,"q":3.86,"b":1.13,"ms":2.37,"wi":48.46,"ei":12.08,"as":459.52,"mi":"E","mv":378427,"sc":1,"lpe":97.63,"lpr":999.49,"lq":1.0,"d":3957256}]