[{"pi":"370075","pc":"Промышленные товары","ss":10000,"td":"Спальный район","dc":2,"n":458.88,"vc":"20586","sl":"Очень высокий","sv":"200","p":39500.0,"q":15.38,"b":0.28,"ms":2.3,"wi":49.39,"ei":7.0,"as":1230.33,"mi":"E","mv":8695,"sc":1,"lpe":97.7,"lpr":14861.84,"lq":1.0,"d":781464},{"pi":"370075","pc":"Промышленные товары","ss":30000,"td":"Центр города","dc":2,"n":390.32,"vc":"77572","sl":"Очень высокий","sv":"250","p":35000.0,"q":16.36,"b":1.78,"ms":0.49,"wi":58.91,"ei":7.0,"as":1299.6,"mi":"E","mv":50668,"sc":1,"lpe":99.51,"lpr":14923.93,"lq":1.0,"d":2111474},{"pi":"370075","pc":"Промышленные товары","ss":60000,"td":"Центр города","dc":1,"n":369.5,"vc":"181494","sl":"Элитный","sv":"600","p":90000.0,"q":17.49,"b":0.0,"ms":0.19,"wi":79.78,"ei":9.46,"as":2502.0,"mi":"E","mv":318769,"sc":6,"lpe":99.28,"lpr":28670.97,"lq":1.0,"d":9185246},{"pi":"370075","pc":"Промышленные товары","ss":100000,"td":"Центр города","dc":1,"n":345.8,"vc":"213170","sl":"Элитный","sv":"590","p":90000.0,"q":15.88,"b":1.2,"ms":0.19,"wi":79.78,"ei":9.46,"as":2502.0,"mi":"E","mv":318769,"sc":6,"lpe":99.28,"lpr":28670.97,"lq":1.0,"d":9185246},{"pi":"370075","pc":"Промышленные товары","ss":30000,"td":"Центр города","dc":2,"n":321.34,"vc":"48516","sl":"Элитный","sv":"500","p":70000.0,"q":16.2,"b":0.54,"ms":0.16,"wi":79.78,"ei":9.46,"as":2502.0,"mi":"E","mv":318769,"sc":6,"lpe":99.28,"lpr":28670.97,"lq":1.0,"d":9185246},{"pi":"370075","pc":"Промышленные товары","ss":1000,"td":"Спальный район","dc":1,"n":0.0,"vc":"1020","sl":"Элитный","sv":"264","p":50000.0,"q":12.46,"b":0.0,"ms":0.08,"wi":79.78,"ei":9.46,"as":2502.0,"mi":"E","mv":318769,"sc":6,"lpe":99.28,"lpr":28670.97,"lq":1.0,"d":9185246},{"pi":"370075","pc":"Промышленные товары","ss":10000,"td":"Спальный район","dc":2,"n":203.36,"vc":"7370","sl":"Элитный","sv":"200","p":66000.0,"q":15.38,"b":0.23,"ms":0.06,"wi":79.78,"ei":9.46,"as":2502.0,"mi":"E","mv":318769,"sc":6,"lpe":99.28,"lpr":28670.97,"lq":1.0,"d":9185246},{"pi":"370075","pc":"Промышленные товары","ss":90000,"td":"Пригород","dc":4,"n":441.69,"vc":"130711","sl":"Очень высокий","sv":"150","p":58200.0,"q":10.07,"b":0.12,"ms":0.05,"wi":79.78,"ei":9.46,"as":2502.0,"mi":"E","mv":318769,"sc":6,"lpe":99.28,"lpr":28670.97,"lq":1.0,"d":9185246},{"pi":"370075","pc":"Промышленные товары","ss":14000,"td":"Центр города","dc":3,"n":474.72,"vc":"55694","sl":"Нормальный","sv":"542","p":20000.0,"q":7.96,"b":0.52,"ms":2.38,"wi":46.15,"ei":7.0,"as":995.0,"mi":"E","mv":22767,"sc":1,"lpe":97.62,"lpr":7209.1,"lq":1.0,"d":625846}]