[{"pi":"422705","pc":"Топливо","ss":100000,"td":"","dc":1,"n":599.11,"vc":"32483","sl":"","sv":"18668","p":20999.0,"q":12.79,"b":1.6,"ms":49.56,"wi":156.39,"ei":6.41,"as":2315.25,"mi":"D","mv":37666,"sc":2,"lpe":36.48,"lpr":2858.85,"lq":11.2,"d":680780},{"pi":"422705","pc":"Топливо","ss":100000,"td":"","dc":1,"n":712.8,"vc":"64051","sl":"","sv":"5258","p":42000.0,"q":16.09,"b":6.75,"ms":13.96,"wi":156.39,"ei":6.41,"as":2315.25,"mi":"D","mv":37666,"sc":2,"lpe":36.48,"lpr":2858.85,"lq":11.2,"d":680780},{"pi":"422705","pc":"Топливо","ss":100000,"td":"","dc":1,"n":694.75,"vc":"225500","sl":"","sv":"43199","p":23200.0,"q":16.09,"b":7.27,"ms":12.41,"wi":131.96,"ei":6.72,"as":1776.47,"mi":"E","mv":348058,"sc":4,"lpe":70.21,"lpr":1694.72,"lq":10.95,"d":2542506},{"pi":"422705","pc":"Топливо","ss":100000,"td":"","dc":1,"n":470.63,"vc":"51270","sl":"","sv":"29465","p":20000.0,"q":16.74,"b":5.66,"ms":8.47,"wi":131.96,"ei":6.72,"as":1776.47,"mi":"E","mv":348058,"sc":4,"lpe":70.21,"lpr":1694.72,"lq":10.95,"d":2542506},{"pi":"422705","pc":"Топливо","ss":100000,"td":"","dc":1,"n":681.77,"vc":"48685","sl":"","sv":"26647","p":15000.0,"q":13.83,"b":2.36,"ms":7.66,"wi":131.96,"ei":6.72,"as":1776.47,"mi":"E","mv":348058,"sc":4,"lpe":70.21,"lpr":1694.72,"lq":10.95,"d":2542506},{"pi":"422705","pc":"Топливо","ss":100000,"td":"","dc":1,"n":677.46,"vc":"160047","sl":"","sv":"4380","p":37500.0,"q":21.94,"b":4.41,"ms":1.26,"wi":131.96,"ei":6.72,"as":1776.47,"mi":"E","mv":348058,"sc":4,"lpe":70.21,"lpr":1694.72,"lq":10.95,"d":2542506},{"pi":"422705","pc":"Топливо","ss":200000,"td":"","dc":1,"n":675.74,"vc":"263071","sl":"","sv":"15156","p":35000.0,"q":14.85,"b":6.93,"ms":4.58,"wi":45.61,"ei":8.95,"as":326.91,"mi":"E","mv":330844,"sc":1,"lpe":95.42,"lpr":1599.29,"lq":2.44,"d":2976414},{"pi":"422705","pc":"Топливо","ss":100000,"td":"","dc":1,"n":702.72,"vc":"267591","sl":"","sv":"36616","p":28800.0,"q":16.09,"b":7.27,"ms":18.04,"wi":109.74,"ei":6.39,"as":1332.06,"mi":"E","mv":202941,"sc":2,"lpe":76.18,"lpr":1952.0,"lq":10.58,"d":1607580},{"pi":"422705","pc":"Топливо","ss":100000,"td":"","dc":1,"n":691.34,"vc":"71430","sl":"","sv":"11729","p":24100.0,"q":16.13,"b":0.17,"ms":5.78,"wi":109.74,"ei":6.39,"as":1332.06,"mi":"E","mv":202941,"sc":2,"lpe":76.18,"lpr":1952.0,"lq":10.58,"d":1607580},{"pi":"422705","pc":"Топливо","ss":10000,"td":"","dc":1,"n":355.97,"vc":"4437","sl":"","sv":"15000","p":35000.0,"q":14.17,"b":3.88,"ms":35.89,"wi":36.63,"ei":5.7,"as":279.33,"mi":"E","mv":41789,"sc":1,"lpe":64.11,"lpr":13024.35,"lq":4.1,"d":1746502},{"pi":"422705","pc":"Топливо","ss":100000,"td":"","dc":1,"n":666.3,"vc":"200967","sl":"","sv":"21999","p":39000.0,"q":16.09,"b":7.27,"ms":17.01,"wi":115.61,"ei":6.91,"as":1461.51,"mi":"E","mv":129347,"sc":2,"lpe":79.51,"lpr":2868.01,"lq":11.79,"d":1489874},{"pi":"422705","pc":"Топливо","ss":100000,"td":"","dc":1,"n":691.24,"vc":"109046","sl":"","sv":"4500","p":45000.0,"q":22.22,"b":4.41,"ms":3.48,"wi":115.61,"ei":6.91,"as":1461.51,"mi":"E","mv":129347,"sc":2,"lpe":79.51,"lpr":2868.01,"lq":11.79,"d":1489874},{"pi":"422705","pc":"Топливо","ss":100000,"td":"","dc":1,"n":0.0,"vc":"4258","sl":"","sv":"9060","p":7506.0,"q":14.39,"b":6.78,"ms":9.71,"wi":41.63,"ei":7.13,"as":358.52,"mi":"E","mv":93312,"sc":1,"lpe":90.29,"lpr":4102.02,"lq":1.97,"d":1853316},{"pi":"422705","pc":"Топливо","ss":30000,"td":"","dc":1,"n":163.46,"vc":"3225","sl":"","sv":"7618","p":1200.0,"q":8.23,"b":1.04,"ms":1.48,"wi":31.13,"ei":3.43,"as":151.97,"mi":"E","mv":513294,"sc":1,"lpe":98.52,"lpr":885.74,"lq":2.98,"d":5908898},{"pi":"422705","pc":"Топливо","ss":35000,"td":"","dc":1,"n":412.77,"vc":"13155","sl":"","sv":"79582","p":11400.0,"q":14.03,"b":3.44,"ms":9.05,"wi":27.86,"ei":3.43,"as":42.92,"mi":"E","mv":879384,"sc":3,"lpe":84.38,"lpr":1021.47,"lq":1.8,"d":9216794},{"pi":"422705","pc":"Топливо","ss":15000,"td":"","dc":1,"n":437.82,"vc":"7219","sl":"","sv":"52748","p":7700.0,"q":11.09,"b":0.29,"ms":6.0,"wi":27.86,"ei":3.43,"as":42.92,"mi":"E","mv":879384,"sc":3,"lpe":84.38,"lpr":1021.47,"lq":1.8,"d":9216794},{"pi":"422705","pc":"Топливо","ss":100000,"td":"","dc":1,"n":495.96,"vc":"115082","sl":"","sv":"5000","p":20000.0,"q":25.73,"b":0.75,"ms":0.57,"wi":27.86,"ei":3.43,"as":42.92,"mi":"E","mv":879384,"sc":3,"lpe":84.38,"lpr":1021.47,"lq":1.8,"d":9216794},{"pi":"422705","pc":"Топливо","ss":20000,"td":"","dc":1,"n":476.24,"vc":"7999","sl":"","sv":"10000","p":24000.0,"q":18.86,"b":5.0,"ms":27.27,"wi":80.59,"ei":6.9,"as":850.5,"mi":"E","mv":36675,"sc":1,"lpe":72.73,"lpr":10876.76,"lq":8.76,"d":688452},{"pi":"422705","pc":"Топливо","ss":15000,"td":"","dc":1,"n":455.23,"vc":"5768","sl":"","sv":"22889","p":9000.0,"q":11.95,"b":4.66,"ms":39.99,"wi":86.72,"ei":7.1,"as":871.5,"mi":"D","mv":57243,"sc":3,"lpe":42.92,"lpr":1568.54,"lq":10.12,"d":957768},{"pi":"422705","pc":"Топливо","ss":100000,"td":"","dc":1,"n":503.41,"vc":"58036","sl":"","sv":"9529","p":32000.0,"q":25.4,"b":4.33,"ms":16.65,"wi":86.72,"ei":7.1,"as":871.5,"mi":"D","mv":57243,"sc":3,"lpe":42.92,"lpr":1568.54,"lq":10.12,"d":957768},{"pi":"422705","pc":"Топливо","ss":25000,"td":"","dc":1,"n":452.99,"vc":"9416","sl":"","sv":"257","p":30000.0,"q":18.86,"b":5.0,"ms":0.45,"wi":86.72,"ei":7.1,"as":871.5,"mi":"D","mv":57243,"sc":3,"lpe":42.92,"lpr":1568.54,"lq":10.12,"d":957768},{"pi":"422705","pc":"Топливо","ss":4000,"td":"","dc":1,"n":504.51,"vc":"551","sl":"","sv":"7161","p":6500.0,"q":16.61,"b":0.0,"ms":38.65,"wi":76.79,"ei":6.2,"as":807.98,"mi":"E","mv":18527,"sc":1,"lpe":61.35,"lpr":1225.8,"lq":3.6,"d":320948},{"pi":"422705","pc":"Топливо","ss":100000,"td":"","dc":1,"n":628.13,"vc":"53433","sl":"","sv":"2924","p":34000.0,"q":14.95,"b":2.89,"ms":13.02,"wi":93.4,"ei":9.12,"as":1117.2,"mi":"E","mv":22461,"sc":1,"lpe":86.98,"lpr":2119.08,"lq":8.78,"d":384781},{"pi":"422705","pc":"Топливо","ss":100000,"td":"","dc":1,"n":570.25,"vc":"25606","sl":"","sv":"124036","p":17000.0,"q":14.14,"b":3.48,"ms":40.95,"wi":81.91,"ei":8.82,"as":546.4,"mi":"E","mv":302867,"sc":1,"lpe":59.05,"lpr":2258.29,"lq":9.68,"d":2598727},{"pi":"422705","pc":"Топливо","ss":100000,"td":"","dc":1,"n":691.05,"vc":"48879","sl":"","sv":"13000","p":85000.0,"q":16.74,"b":4.62,"ms":94.47,"wi":80.04,"ei":6.62,"as":576.1,"mi":"D","mv":13761,"sc":1,"lpe":0.0,"lpr":6316.37,"lq":5.47,"d":254993},{"pi":"422705","pc":"Топливо","ss":100000,"td":"","dc":1,"n":712.13,"vc":"86372","sl":"","sv":"61141","p":67000.0,"q":22.07,"b":4.1,"ms":89.31,"wi":128.02,"ei":8.82,"as":625.38,"mi":"C","mv":68459,"sc":2,"lpe":0.0,"lpr":4878.16,"lq":6.93,"d":311011},{"pi":"422705","pc":"Топливо","ss":30000,"td":"","dc":1,"n":474.27,"vc":"5765","sl":"","sv":"7318","p":18000.0,"q":10.31,"b":0.0,"ms":10.69,"wi":128.02,"ei":8.82,"as":625.38,"mi":"C","mv":68459,"sc":2,"lpe":0.0,"lpr":4878.16,"lq":6.93,"d":311011},{"pi":"422705","pc":"Топливо","ss":2000,"td":"","dc":1,"n":69.42,"vc":"174","sl":"","sv":"8493","p":18000.0,"q":11.09,"b":0.0,"ms":36.15,"wi":21.71,"ei":9.2,"as":243.81,"mi":"E","mv":23491,"sc":2,"lpe":61.15,"lpr":9478.49,"lq":2.86,"d":2418266},{"pi":"422705","pc":"Топливо","ss":100000,"td":"","dc":1,"n":320.2,"vc":"2449","sl":"","sv":"633","p":14000.0,"q":9.61,"b":0.5,"ms":2.69,"wi":21.71,"ei":9.2,"as":243.81,"mi":"E","mv":23491,"sc":2,"lpe":61.15,"lpr":9478.49,"lq":2.86,"d":2418266},{"pi":"422705","pc":"Топливо","ss":100000,"td":"","dc":1,"n":419.63,"vc":"22272","sl":"","sv":"149943","p":15000.0,"q":16.74,"b":2.55,"ms":71.56,"wi":44.53,"ei":12.04,"as":405.27,"mi":"D","mv":209529,"sc":1,"lpe":28.44,"lpr":1453.07,"lq":5.38,"d":3315370},{"pi":"422705","pc":"Топливо","ss":3000,"td":"","dc":1,"n":84.05,"vc":"266","sl":"","sv":"15001","p":15500.0,"q":11.09,"b":0.0,"ms":14.93,"wi":38.91,"ei":11.6,"as":316.91,"mi":"E","mv":100444,"sc":2,"lpe":85.05,"lpr":9652.66,"lq":1.07,"d":2455208},{"pi":"422705","pc":"Топливо","ss":1000,"td":"","dc":1,"n":68.64,"vc":"60","sl":"","sv":"20","p":8800.0,"q":9.74,"b":0.0,"ms":0.02,"wi":38.91,"ei":11.6,"as":316.91,"mi":"E","mv":100444,"sc":2,"lpe":85.05,"lpr":9652.66,"lq":1.07,"d":2455208},{"pi":"422705","pc":"Топливо","ss":20000,"td":"","dc":1,"n":214.01,"vc":"1218","sl":"","sv":"2966","p":35000.0,"q":10.25,"b":0.0,"ms":12.27,"wi":21.21,"ei":4.62,"as":206.96,"mi":"E","mv":24178,"sc":1,"lpe":87.73,"lpr":4796.61,"lq":2.62,"d":1571900},{"pi":"422705","pc":"Топливо","ss":100000,"td":"","dc":1,"n":458.16,"vc":"32647","sl":"","sv":"6254","p":22500.0,"q":14.08,"b":4.73,"ms":11.15,"wi":108.65,"ei":7.35,"as":1291.6,"mi":"E","mv":56111,"sc":2,"lpe":80.18,"lpr":2211.46,"lq":11.47,"d":1033752},{"pi":"422705","pc":"Топливо","ss":100000,"td":"","dc":1,"n":699.42,"vc":"88925","sl":"","sv":"4867","p":46400.0,"q":22.22,"b":6.14,"ms":8.67,"wi":108.65,"ei":7.35,"as":1291.6,"mi":"E","mv":56111,"sc":2,"lpe":80.18,"lpr":2211.46,"lq":11.47,"d":1033752},{"pi":"422705","pc":"Топливо","ss":100000,"td":"","dc":1,"n":453.88,"vc":"35482","sl":"","sv":"12624","p":13000.0,"q":14.46,"b":4.74,"ms":14.78,"wi":109.29,"ei":6.7,"as":1597.06,"mi":"E","mv":85437,"sc":2,"lpe":72.41,"lpr":1428.47,"lq":10.44,"d":976806},{"pi":"422705","pc":"Топливо","ss":100000,"td":"","dc":1,"n":675.63,"vc":"133395","sl":"","sv":"10952","p":23000.0,"q":16.22,"b":8.5,"ms":12.82,"wi":109.29,"ei":6.7,"as":1597.06,"mi":"E","mv":85437,"sc":2,"lpe":72.41,"lpr":1428.47,"lq":10.44,"d":976806},{"pi":"422705","pc":"Топливо","ss":100000,"td":"","dc":1,"n":39.33,"vc":"7453","sl":"","sv":"20600","p":18000.0,"q":16.74,"b":2.59,"ms":8.88,"wi":57.01,"ei":11.71,"as":410.0,"mi":"E","mv":232015,"sc":2,"lpe":82.53,"lpr":1423.61,"lq":4.37,"d":2912574},{"pi":"422705","pc":"Топливо","ss":100000,"td":"","dc":1,"n":335.27,"vc":"8376","sl":"","sv":"19942","p":10000.0,"q":12.33,"b":0.65,"ms":8.6,"wi":57.01,"ei":11.71,"as":410.0,"mi":"E","mv":232015,"sc":2,"lpe":82.53,"lpr":1423.61,"lq":4.37,"d":2912574},{"pi":"422705","pc":"Топливо","ss":50000,"td":"","dc":1,"n":383.3,"vc":"12488","sl":"","sv":"1366","p":18822.96,"q":13.46,"b":2.66,"ms":9.53,"wi":43.38,"ei":10.73,"as":651.69,"mi":"E","mv":14335,"sc":1,"lpe":90.47,"lpr":1027.26,"lq":2.88,"d":391536},{"pi":"422705","pc":"Топливо","ss":5000,"td":"","dc":1,"n":0.0,"vc":"176","sl":"","sv":"640","p":51070.0,"q":14.39,"b":7.34,"ms":10.05,"wi":77.49,"ei":6.62,"as":518.18,"mi":"E","mv":6370,"sc":2,"lpe":88.74,"lpr":12942.45,"lq":4.2,"d":116700},{"pi":"422705","pc":"Топливо","ss":5000,"td":"","dc":1,"n":308.35,"vc":"298","sl":"","sv":"77","p":16300.0,"q":10.98,"b":0.0,"ms":1.21,"wi":77.49,"ei":6.62,"as":518.18,"mi":"E","mv":6370,"sc":2,"lpe":88.74,"lpr":12942.45,"lq":4.2,"d":116700},{"pi":"422705","pc":"Топливо","ss":50000,"td":"","dc":1,"n":608.89,"vc":"10380","sl":"","sv":"12109","p":13500.0,"q":16.73,"b":0.0,"ms":100.0,"wi":77.47,"ei":6.3,"as":808.5,"mi":"B","mv":12109,"sc":1,"lpe":0.0,"lpr":1401.3,"lq":7.91,"d":668585},{"pi":"422705","pc":"Топливо","ss":5000,"td":"","dc":1,"n":0.0,"vc":"298","sl":"","sv":"570","p":25920.0,"q":14.39,"b":7.34,"ms":9.98,"wi":49.72,"ei":6.51,"as":523.69,"mi":"E","mv":5712,"sc":1,"lpe":90.02,"lpr":7558.89,"lq":1.07,"d":111396},{"pi":"422705","pc":"Топливо","ss":5000,"td":"","dc":1,"n":465.47,"vc":"748","sl":"","sv":"12589","p":39000.0,"q":16.74,"b":4.62,"ms":62.33,"wi":96.34,"ei":7.3,"as":643.27,"mi":"D","mv":20196,"sc":1,"lpe":37.67,"lpr":4405.91,"lq":4.82,"d":286767},{"pi":"422705","pc":"Топливо","ss":5000,"td":"","dc":1,"n":0.0,"vc":"298","sl":"","sv":"860","p":24840.0,"q":14.39,"b":7.34,"ms":9.91,"wi":56.47,"ei":7.19,"as":613.83,"mi":"E","mv":8675,"sc":1,"lpe":90.09,"lpr":7626.02,"lq":1.02,"d":169390},{"pi":"422705","pc":"Топливо","ss":5000,"td":"","dc":1,"n":0.0,"vc":"298","sl":"","sv":"840","p":30210.0,"q":14.39,"b":7.34,"ms":9.99,"wi":51.98,"ei":6.5,"as":535.5,"mi":"E","mv":8408,"sc":1,"lpe":90.01,"lpr":7727.09,"lq":3.02,"d":154500},{"pi":"422705","pc":"Топливо","ss":100000,"td":"","dc":1,"n":687.99,"vc":"49784","sl":"","sv":"20000","p":45500.0,"q":22.22,"b":2.82,"ms":99.75,"wi":89.53,"ei":6.95,"as":721.1,"mi":"AA","mv":20051,"sc":2,"lpe":0.0,"lpr":13712.97,"lq":2.86,"d":214816},{"pi":"422705","pc":"Топливо","ss":3000,"td":"","dc":1,"n":610.53,"vc":"601","sl":"","sv":"51","p":10000.0,"q":12.78,"b":1.38,"ms":0.25,"wi":89.53,"ei":6.95,"as":721.1,"mi":"AA","mv":20051,"sc":2,"lpe":0.0,"lpr":13712.97,"lq":2.86,"d":214816},{"pi":"422705","pc":"Топливо","ss":100000,"td":"","dc":1,"n":609.81,"vc":"43969","sl":"","sv":"7220","p":20000.0,"q":13.47,"b":1.94,"ms":24.92,"wi":76.2,"ei":6.91,"as":607.06,"mi":"E","mv":28973,"sc":1,"lpe":75.08,"lpr":1559.05,"lq":8.71,"d":353178},{"pi":"422705","pc":"Топливо","ss":5000,"td":"","dc":1,"n":0.0,"vc":"298","sl":"","sv":"1560","p":41610.0,"q":14.39,"b":7.34,"ms":9.96,"wi":72.22,"ei":7.14,"as":514.5,"mi":"E","mv":15670,"sc":1,"lpe":90.04,"lpr":10702.98,"lq":1.01,"d":226600},{"pi":"422705","pc":"Топливо","ss":100000,"td":"","dc":1,"n":469.74,"vc":"38369","sl":"","sv":"5250","p":30000.0,"q":17.3,"b":6.12,"ms":9.25,"wi":73.8,"ei":7.67,"as":1128.17,"mi":"E","mv":56738,"sc":1,"lpe":90.75,"lpr":1498.03,"lq":4.62,"d":940429},{"pi":"422705","pc":"Топливо","ss":5000,"td":"","dc":1,"n":692.49,"vc":"5623","sl":"","sv":"17589","p":23000.0,"q":22.89,"b":5.8,"ms":23.77,"wi":89.51,"ei":7.06,"as":573.3,"mi":"E","mv":74005,"sc":2,"lpe":74.73,"lpr":2327.35,"lq":14.75,"d":978294},{"pi":"422705","pc":"Топливо","ss":5000,"td":"","dc":1,"n":0.0,"vc":"298","sl":"","sv":"1109","p":10000.0,"q":13.82,"b":7.34,"ms":1.5,"wi":89.51,"ei":7.06,"as":573.3,"mi":"E","mv":74005,"sc":2,"lpe":74.73,"lpr":2327.35,"lq":14.75,"d":978294},{"pi":"422705","pc":"Топливо","ss":100000,"td":"","dc":1,"n":0.0,"vc":"493","sl":"","sv":"320","p":31710.0,"q":14.39,"b":8.25,"ms":9.74,"wi":39.16,"ei":6.56,"as":341.76,"mi":"E","mv":3284,"sc":1,"lpe":90.26,"lpr":8109.46,"lq":1.0,"d":119357},{"pi":"422705","pc":"Топливо","ss":100000,"td":"","dc":1,"n":0.0,"vc":"373","sl":"","sv":"320","p":21580.0,"q":14.39,"b":8.25,"ms":9.99,"wi":37.79,"ei":5.78,"as":323.64,"mi":"E","mv":3202,"sc":1,"lpe":90.01,"lpr":6619.76,"lq":1.0,"d":92934},{"pi":"422705","pc":"Топливо","ss":100000,"td":"","dc":1,"n":0.0,"vc":"622","sl":"","sv":"830","p":25850.0,"q":14.39,"b":8.25,"ms":10.19,"wi":67.08,"ei":7.11,"as":463.53,"mi":"E","mv":8149,"sc":1,"lpe":89.81,"lpr":7934.9,"lq":9.97,"d":179268},{"pi":"422705","pc":"Топливо","ss":100000,"td":"","dc":1,"n":0.0,"vc":"499","sl":"","sv":"370","p":25500.0,"q":14.39,"b":8.25,"ms":10.0,"wi":39.38,"ei":7.56,"as":392.61,"mi":"E","mv":3699,"sc":1,"lpe":90.0,"lpr":7780.92,"lq":10.14,"d":149684},{"pi":"422705","pc":"Топливо","ss":100000,"td":"","dc":1,"n":688.34,"vc":"268143","sl":"","sv":"64762","p":13700.0,"q":16.09,"b":7.01,"ms":21.21,"wi":51.89,"ei":9.72,"as":380.0,"mi":"E","mv":305353,"sc":1,"lpe":78.79,"lpr":1029.8,"lq":10.36,"d":1850212},{"pi":"422705","pc":"Топливо","ss":10000,"td":"","dc":1,"n":258.05,"vc":"2554","sl":"","sv":"908","p":45000.0,"q":12.09,"b":4.39,"ms":6.0,"wi":40.47,"ei":7.47,"as":438.22,"mi":"E","mv":15138,"sc":1,"lpe":94.0,"lpr":2699.32,"lq":1.0,"d":455801},{"pi":"422705","pc":"Топливо","ss":100000,"td":"","dc":1,"n":675.59,"vc":"231689","sl":"","sv":"66744","p":21000.0,"q":16.09,"b":0.54,"ms":17.11,"wi":89.14,"ei":7.05,"as":1247.63,"mi":"E","mv":390036,"sc":3,"lpe":74.33,"lpr":1973.94,"lq":12.2,"d":5900984},{"pi":"422705","pc":"Топливо","ss":300000,"td":"","dc":1,"n":495.67,"vc":"257292","sl":"","sv":"20000","p":26000.0,"q":25.73,"b":0.83,"ms":5.13,"wi":89.14,"ei":7.05,"as":1247.63,"mi":"E","mv":390036,"sc":3,"lpe":74.33,"lpr":1973.94,"lq":12.2,"d":5900984},{"pi":"422705","pc":"Топливо","ss":100000,"td":"","dc":1,"n":332.88,"vc":"29628","sl":"","sv":"13360","p":18000.0,"q":16.74,"b":5.34,"ms":3.43,"wi":89.14,"ei":7.05,"as":1247.63,"mi":"E","mv":390036,"sc":3,"lpe":74.33,"lpr":1973.94,"lq":12.2,"d":5900984},{"pi":"422705","pc":"Топливо","ss":100000,"td":"","dc":1,"n":434.31,"vc":"15132","sl":"","sv":"15389","p":41000.0,"q":12.33,"b":1.32,"ms":99.94,"wi":92.28,"ei":6.9,"as":352.04,"mi":"AAA","mv":15398,"sc":3,"lpe":0.0,"lpr":14465.1,"lq":7.18,"d":995636},{"pi":"422705","pc":"Топливо","ss":8000,"td":"","dc":1,"n":168.36,"vc":"449","sl":"","sv":"8","p":35000.0,"q":9.51,"b":0.0,"ms":0.05,"wi":92.28,"ei":6.9,"as":352.04,"mi":"AAA","mv":15398,"sc":3,"lpe":0.0,"lpr":14465.1,"lq":7.18,"d":995636},{"pi":"422705","pc":"Топливо","ss":3000,"td":"","dc":1,"n":151.73,"vc":"179","sl":"","sv":"1","p":39000.0,"q":18.22,"b":2.68,"ms":0.01,"wi":92.28,"ei":6.9,"as":352.04,"mi":"AAA","mv":15398,"sc":3,"lpe":0.0,"lpr":14465.1,"lq":7.18,"d":995636},{"pi":"422705","pc":"Топливо","ss":5000,"td":"","dc":1,"n":0.0,"vc":"298","sl":"","sv":"540","p":55130.0,"q":14.39,"b":7.34,"ms":9.83,"wi":64.25,"ei":6.1,"as":493.77,"mi":"E","mv":5496,"sc":1,"lpe":90.17,"lpr":14101.11,"lq":1.01,"d":100815},{"pi":"422705","pc":"Топливо","ss":10000,"td":"","dc":1,"n":402.36,"vc":"5764","sl":"","sv":"788","p":45000.0,"q":13.09,"b":3.73,"ms":5.65,"wi":47.48,"ei":6.1,"as":334.42,"mi":"E","mv":13946,"sc":1,"lpe":94.35,"lpr":2361.44,"lq":1.08,"d":221587},{"pi":"422705","pc":"Топливо","ss":10000,"td":"","dc":1,"n":413.4,"vc":"5901","sl":"","sv":"484","p":45000.0,"q":11.43,"b":5.06,"ms":5.24,"wi":55.14,"ei":5.59,"as":450.47,"mi":"E","mv":9245,"sc":1,"lpe":94.76,"lpr":2436.8,"lq":2.02,"d":188017},{"pi":"422705","pc":"Топливо","ss":15000,"td":"","dc":1,"n":379.91,"vc":"5616","sl":"","sv":"307","p":25000.0,"q":11.04,"b":5.16,"ms":4.86,"wi":16.85,"ei":9.28,"as":159.29,"mi":"E","mv":6313,"sc":1,"lpe":95.14,"lpr":1250.52,"lq":1.0,"d":425899},{"pi":"422705","pc":"Топливо","ss":10000,"td":"","dc":1,"n":373.05,"vc":"4885","sl":"","sv":"1336","p":45000.0,"q":11.46,"b":5.1,"ms":7.13,"wi":52.57,"ei":14.97,"as":532.12,"mi":"E","mv":18725,"sc":1,"lpe":92.87,"lpr":2706.08,"lq":1.24,"d":545460},{"pi":"422705","pc":"Топливо","ss":10000,"td":"","dc":1,"n":242.93,"vc":"2345","sl":"","sv":"3144","p":29000.0,"q":12.03,"b":4.44,"ms":13.33,"wi":55.9,"ei":7.11,"as":492.05,"mi":"E","mv":23579,"sc":1,"lpe":86.67,"lpr":2559.65,"lq":5.15,"d":587440},{"pi":"422705","pc":"Топливо","ss":100000,"td":"","dc":1,"n":684.49,"vc":"106042","sl":"","sv":"20314","p":12200.0,"q":16.09,"b":5.89,"ms":12.16,"wi":54.96,"ei":10.13,"as":422.1,"mi":"E","mv":167020,"sc":2,"lpe":84.25,"lpr":1009.42,"lq":12.21,"d":1050481},{"pi":"422705","pc":"Топливо","ss":200000,"td":"","dc":1,"n":499.48,"vc":"73931","sl":"","sv":"6000","p":20000.0,"q":25.73,"b":1.9,"ms":3.59,"wi":54.96,"ei":10.13,"as":422.1,"mi":"E","mv":167020,"sc":2,"lpe":84.25,"lpr":1009.42,"lq":12.21,"d":1050481},{"pi":"422705","pc":"Топливо","ss":15000,"td":"","dc":1,"n":450.57,"vc":"10026","sl":"","sv":"90000","p":5800.0,"q":18.55,"b":4.65,"ms":100.0,"wi":62.28,"ei":8.99,"as":967.35,"mi":"B","mv":90000,"sc":1,"lpe":0.0,"lpr":1009.08,"lq":11.23,"d":1023950},{"pi":"422705","pc":"Топливо","ss":100000,"td":"","dc":1,"n":540.59,"vc":"48932","sl":"","sv":"15000","p":75000.0,"q":16.74,"b":5.33,"ms":90.95,"wi":59.14,"ei":9.58,"as":525.4,"mi":"D","mv":16492,"sc":1,"lpe":0.0,"lpr":5056.0,"lq":5.43,"d":881782},{"pi":"422705","pc":"Топливо","ss":100000,"td":"","dc":1,"n":0.0,"vc":"5953","sl":"","sv":"6260","p":15038.0,"q":14.39,"b":7.94,"ms":9.01,"wi":38.84,"ei":6.46,"as":550.2,"mi":"E","mv":69491,"sc":1,"lpe":90.99,"lpr":4240.84,"lq":1.0,"d":1548177},{"pi":"422705","pc":"Топливо","ss":100000,"td":"","dc":1,"n":0.0,"vc":"2059","sl":"","sv":"650","p":15509.0,"q":14.39,"b":7.94,"ms":9.98,"wi":25.16,"ei":5.16,"as":517.68,"mi":"E","mv":6511,"sc":1,"lpe":90.02,"lpr":3958.66,"lq":1.0,"d":745478},{"pi":"422705","pc":"Топливо","ss":100000,"td":"","dc":1,"n":0.0,"vc":"1752","sl":"","sv":"1600","p":11042.0,"q":14.39,"b":7.94,"ms":10.23,"wi":19.23,"ei":4.49,"as":270.88,"mi":"E","mv":15645,"sc":1,"lpe":89.77,"lpr":3294.89,"lq":6.55,"d":1469374},{"pi":"422705","pc":"Топливо","ss":100000,"td":"","dc":1,"n":148.37,"vc":"10125","sl":"","sv":"15794","p":22200.0,"q":13.37,"b":0.46,"ms":23.73,"wi":88.74,"ei":6.0,"as":1057.94,"mi":"E","mv":66549,"sc":1,"lpe":76.27,"lpr":2368.3,"lq":7.71,"d":930610},{"pi":"422705","pc":"Топливо","ss":15000,"td":"","dc":1,"n":560.29,"vc":"7188","sl":"","sv":"48589","p":8030.0,"q":11.09,"b":0.01,"ms":32.69,"wi":45.03,"ei":10.64,"as":673.75,"mi":"E","mv":148643,"sc":1,"lpe":67.31,"lpr":1302.48,"lq":4.72,"d":2541514},{"pi":"422705","pc":"Топливо","ss":100000,"td":"","dc":1,"n":689.02,"vc":"60102","sl":"","sv":"2500","p":47500.0,"q":22.22,"b":3.56,"ms":13.31,"wi":101.72,"ei":7.3,"as":549.44,"mi":"E","mv":18780,"sc":1,"lpe":86.69,"lpr":5444.13,"lq":2.21,"d":185081},{"pi":"422705","pc":"Топливо","ss":15000,"td":"","dc":1,"n":361.01,"vc":"6989","sl":"","sv":"140000","p":5000.0,"q":20.44,"b":3.76,"ms":33.17,"wi":59.25,"ei":8.02,"as":811.4,"mi":"E","mv":422114,"sc":4,"lpe":61.38,"lpr":1025.75,"lq":8.87,"d":4968783},{"pi":"422705","pc":"Топливо","ss":100000,"td":"","dc":1,"n":360.84,"vc":"50840","sl":"","sv":"12522","p":16000.0,"q":16.68,"b":5.38,"ms":2.97,"wi":59.25,"ei":8.02,"as":811.4,"mi":"E","mv":422114,"sc":4,"lpe":61.38,"lpr":1025.75,"lq":8.87,"d":4968783},{"pi":"422705","pc":"Топливо","ss":100000,"td":"","dc":1,"n":499.41,"vc":"83021","sl":"","sv":"7174","p":22000.0,"q":25.62,"b":0.74,"ms":1.7,"wi":59.25,"ei":8.02,"as":811.4,"mi":"E","mv":422114,"sc":4,"lpe":61.38,"lpr":1025.75,"lq":8.87,"d":4968783},{"pi":"422705","pc":"Топливо","ss":15000,"td":"","dc":1,"n":566.57,"vc":"7618","sl":"","sv":"3336","p":7940.0,"q":11.09,"b":0.0,"ms":0.79,"wi":59.25,"ei":8.02,"as":811.4,"mi":"E","mv":422114,"sc":4,"lpe":61.38,"lpr":1025.75,"lq":8.87,"d":4968783},{"pi":"422705","pc":"Топливо","ss":30000,"td":"","dc":1,"n":470.83,"vc":"3201","sl":"","sv":"11001","p":35000.0,"q":10.03,"b":0.0,"ms":89.94,"wi":67.14,"ei":5.25,"as":404.25,"mi":"D","mv":12232,"sc":1,"lpe":10.06,"lpr":9379.51,"lq":2.38,"d":199038},{"pi":"422705","pc":"Топливо","ss":100000,"td":"","dc":1,"n":555.56,"vc":"115389","sl":"","sv":"50000","p":16000.0,"q":18.86,"b":4.58,"ms":32.64,"wi":70.44,"ei":6.28,"as":624.19,"mi":"E","mv":153184,"sc":2,"lpe":50.57,"lpr":1136.46,"lq":7.01,"d":2161944},{"pi":"422705","pc":"Топливо","ss":100000,"td":"","dc":1,"n":515.31,"vc":"33555","sl":"","sv":"25712","p":9888.0,"q":10.99,"b":0.31,"ms":16.79,"wi":70.44,"ei":6.28,"as":624.19,"mi":"E","mv":153184,"sc":2,"lpe":50.57,"lpr":1136.46,"lq":7.01,"d":2161944},{"pi":"422705","pc":"Топливо","ss":100000,"td":"","dc":1,"n":523.88,"vc":"33847","sl":"","sv":"60209","p":11888.0,"q":10.73,"b":0.44,"ms":56.57,"wi":77.34,"ei":6.53,"as":961.05,"mi":"D","mv":106425,"sc":1,"lpe":43.43,"lpr":1456.64,"lq":6.42,"d":1923606},{"pi":"422705","pc":"Топливо","ss":100000,"td":"","dc":1,"n":675.59,"vc":"257997","sl":"","sv":"56485","p":14600.0,"q":16.09,"b":0.7,"ms":15.01,"wi":107.69,"ei":6.45,"as":681.19,"mi":"E","mv":376398,"sc":3,"lpe":77.29,"lpr":1301.97,"lq":12.1,"d":3351144},{"pi":"422705","pc":"Топливо","ss":30000,"td":"","dc":1,"n":459.41,"vc":"16901","sl":"","sv":"20000","p":10000.0,"q":18.86,"b":4.64,"ms":5.31,"wi":107.69,"ei":6.45,"as":681.19,"mi":"E","mv":376398,"sc":3,"lpe":77.29,"lpr":1301.97,"lq":12.1,"d":3351144},{"pi":"422705","pc":"Топливо","ss":100000,"td":"","dc":1,"n":496.32,"vc":"115336","sl":"","sv":"9000","p":23000.0,"q":25.73,"b":1.35,"ms":2.39,"wi":107.69,"ei":6.45,"as":681.19,"mi":"E","mv":376398,"sc":3,"lpe":77.29,"lpr":1301.97,"lq":12.1,"d":3351144},{"pi":"422705","pc":"Топливо","ss":100000,"td":"","dc":1,"n":498.51,"vc":"116527","sl":"","sv":"10000","p":37000.0,"q":25.73,"b":1.76,"ms":2.37,"wi":66.64,"ei":6.73,"as":726.6,"mi":"E","mv":421549,"sc":2,"lpe":95.97,"lpr":2108.54,"lq":1.0,"d":3164786},{"pi":"422705","pc":"Топливо","ss":100000,"td":"","dc":1,"n":686.17,"vc":"97930","sl":"","sv":"7000","p":43000.0,"q":22.22,"b":4.61,"ms":1.66,"wi":66.64,"ei":6.73,"as":726.6,"mi":"E","mv":421549,"sc":2,"lpe":95.97,"lpr":2108.54,"lq":1.0,"d":3164786},{"pi":"422705","pc":"Топливо","ss":100000,"td":"","dc":1,"n":697.23,"vc":"122226","sl":"","sv":"10035","p":66000.0,"q":15.07,"b":5.89,"ms":20.66,"wi":191.47,"ei":9.72,"as":2008.97,"mi":"E","mv":48570,"sc":2,"lpe":59.31,"lpr":4273.29,"lq":9.66,"d":501060},{"pi":"422705","pc":"Топливо","ss":30000,"td":"","dc":1,"n":453.35,"vc":"7898","sl":"","sv":"9726","p":19500.0,"q":10.66,"b":0.0,"ms":20.02,"wi":191.47,"ei":9.72,"as":2008.97,"mi":"E","mv":48570,"sc":2,"lpe":59.31,"lpr":4273.29,"lq":9.66,"d":501060},{"pi":"422705","pc":"Топливо","ss":7000,"td":"","dc":1,"n":309.36,"vc":"417","sl":"","sv":"3855","p":28000.0,"q":11.09,"b":0.0,"ms":93.0,"wi":82.76,"ei":8.95,"as":1393.7,"mi":"D","mv":4145,"sc":1,"lpe":0.0,"lpr":6761.63,"lq":5.67,"d":272012},{"pi":"422705","pc":"Топливо","ss":30000,"td":"","dc":1,"n":507.82,"vc":"13795","sl":"","sv":"50000","p":8500.0,"q":18.86,"b":4.12,"ms":21.24,"wi":127.75,"ei":7.06,"as":1642.86,"mi":"E","mv":235357,"sc":3,"lpe":56.68,"lpr":2457.88,"lq":13.02,"d":2109186},{"pi":"422705","pc":"Топливо","ss":100000,"td":"","dc":1,"n":697.22,"vc":"166771","sl":"","sv":"31948","p":27600.0,"q":16.02,"b":5.85,"ms":13.57,"wi":127.75,"ei":7.06,"as":1642.86,"mi":"E","mv":235357,"sc":3,"lpe":56.68,"lpr":2457.88,"lq":13.02,"d":2109186},{"pi":"422705","pc":"Топливо","ss":300000,"td":"","dc":1,"n":694.72,"vc":"551913","sl":"","sv":"20000","p":35000.0,"q":25.73,"b":3.77,"ms":8.5,"wi":127.75,"ei":7.06,"as":1642.86,"mi":"E","mv":235357,"sc":3,"lpe":56.68,"lpr":2457.88,"lq":13.02,"d":2109186},{"pi":"422705","pc":"Топливо","ss":15000,"td":"","dc":1,"n":316.45,"vc":"5422","sl":"","sv":"51638","p":6100.0,"q":20.33,"b":2.41,"ms":8.4,"wi":40.67,"ei":5.73,"as":513.32,"mi":"E","mv":614866,"sc":3,"lpe":84.32,"lpr":1023.49,"lq":4.29,"d":7527186},{"pi":"422705","pc":"Топливо","ss":100000,"td":"","dc":1,"n":555.19,"vc":"163922","sl":"","sv":"28333","p":19800.0,"q":16.09,"b":5.58,"ms":4.61,"wi":40.67,"ei":5.73,"as":513.32,"mi":"E","mv":614866,"sc":3,"lpe":84.32,"lpr":1023.49,"lq":4.29,"d":7527186},{"pi":"422705","pc":"Топливо","ss":100000,"td":"","dc":1,"n":503.21,"vc":"120179","sl":"","sv":"16444","p":21000.0,"q":25.65,"b":0.43,"ms":2.67,"wi":40.67,"ei":5.73,"as":513.32,"mi":"E","mv":614866,"sc":3,"lpe":84.32,"lpr":1023.49,"lq":4.29,"d":7527186},{"pi":"422705","pc":"Топливо","ss":30000,"td":"","dc":1,"n":529.41,"vc":"5089","sl":"","sv":"1202","p":40000.0,"q":10.03,"b":0.0,"ms":87.35,"wi":68.8,"ei":5.0,"as":582.37,"mi":"D","mv":1376,"sc":1,"lpe":12.65,"lpr":22545.42,"lq":2.36,"d":60990},{"pi":"422705","pc":"Топливо","ss":10000,"td":"","dc":1,"n":561.43,"vc":"10370","sl":"","sv":"4257","p":22000.0,"q":11.24,"b":0.0,"ms":15.89,"wi":76.21,"ei":6.3,"as":541.77,"mi":"E","mv":26798,"sc":1,"lpe":84.11,"lpr":2295.42,"lq":6.88,"d":234171},{"pi":"422705","pc":"Топливо","ss":100000,"td":"","dc":1,"n":0.0,"vc":"2108","sl":"","sv":"5760","p":3150.0,"q":14.39,"b":6.95,"ms":9.75,"wi":80.42,"ei":5.0,"as":541.41,"mi":"E","mv":59095,"sc":2,"lpe":90.25,"lpr":4349.71,"lq":1.97,"d":457963},{"pi":"422705","pc":"Топливо","ss":1000,"td":"","dc":1,"n":150.29,"vc":"47","sl":"","sv":"4","p":10700.0,"q":10.64,"b":0.0,"ms":0.01,"wi":80.42,"ei":5.0,"as":541.41,"mi":"E","mv":59095,"sc":2,"lpe":90.25,"lpr":4349.71,"lq":1.97,"d":457963},{"pi":"422705","pc":"Топливо","ss":100000,"td":"","dc":1,"n":684.79,"vc":"54515","sl":"","sv":"73104","p":60000.0,"q":16.74,"b":6.66,"ms":100.0,"wi":103.61,"ei":7.21,"as":1060.24,"mi":"A","mv":73104,"sc":1,"lpe":0.0,"lpr":4221.36,"lq":5.93,"d":387200},{"pi":"422705","pc":"Топливо","ss":15000,"td":"","dc":1,"n":421.5,"vc":"6639","sl":"","sv":"546","p":23000.0,"q":11.79,"b":4.45,"ms":9.93,"wi":22.26,"ei":6.08,"as":509.37,"mi":"E","mv":5501,"sc":1,"lpe":90.07,"lpr":1488.26,"lq":5.73,"d":944097},{"pi":"422705","pc":"Топливо","ss":30000,"td":"","dc":1,"n":415.6,"vc":"6720","sl":"","sv":"36229","p":8600.0,"q":10.28,"b":0.0,"ms":33.63,"wi":73.83,"ei":6.3,"as":571.53,"mi":"E","mv":107744,"sc":2,"lpe":56.42,"lpr":1989.83,"lq":7.52,"d":973156},{"pi":"422705","pc":"Топливо","ss":100000,"td":"","dc":1,"n":0.0,"vc":"3013","sl":"","sv":"10730","p":10000.0,"q":14.39,"b":6.95,"ms":9.96,"wi":73.83,"ei":6.3,"as":571.53,"mi":"E","mv":107744,"sc":2,"lpe":56.42,"lpr":1989.83,"lq":7.52,"d":973156},{"pi":"422705","pc":"Топливо","ss":15000,"td":"","dc":1,"n":422.13,"vc":"8758","sl":"","sv":"719","p":28000.0,"q":11.53,"b":4.21,"ms":5.0,"wi":19.47,"ei":5.91,"as":526.89,"mi":"E","mv":14371,"sc":1,"lpe":95.0,"lpr":1422.91,"lq":1.0,"d":1222279},{"pi":"422705","pc":"Топливо","ss":100000,"td":"","dc":1,"n":681.8,"vc":"54541","sl":"","sv":"13433","p":60000.0,"q":16.74,"b":6.66,"ms":23.5,"wi":81.36,"ei":6.0,"as":546.98,"mi":"E","mv":57156,"sc":1,"lpe":76.5,"lpr":3377.79,"lq":5.86,"d":453298},{"pi":"422705","pc":"Топливо","ss":15000,"td":"","dc":1,"n":455.33,"vc":"10107","sl":"","sv":"70000","p":5800.0,"q":19.23,"b":4.4,"ms":95.28,"wi":54.58,"ei":6.32,"as":613.74,"mi":"D","mv":73469,"sc":1,"lpe":0.0,"lpr":1017.13,"lq":10.46,"d":936174},{"pi":"422705","pc":"Топливо","ss":10000,"td":"","dc":1,"n":426.28,"vc":"5768","sl":"","sv":"6001","p":7500.0,"q":10.03,"b":0.63,"ms":62.31,"wi":100.73,"ei":10.74,"as":1420.16,"mi":"D","mv":9631,"sc":1,"lpe":37.69,"lpr":7111.53,"lq":1.48,"d":130817},{"pi":"422705","pc":"Топливо","ss":10000,"td":"","dc":1,"n":376.79,"vc":"596","sl":"","sv":"7110","p":16000.0,"q":11.09,"b":0.0,"ms":100.0,"wi":40.63,"ei":5.07,"as":449.97,"mi":"B","mv":7110,"sc":1,"lpe":0.0,"lpr":17722.68,"lq":3.09,"d":438714},{"pi":"422705","pc":"Топливо","ss":4000,"td":"","dc":1,"n":498.55,"vc":"528","sl":"","sv":"420","p":22100.0,"q":10.28,"b":0.0,"ms":4.98,"wi":32.19,"ei":4.64,"as":192.02,"mi":"E","mv":8440,"sc":1,"lpe":95.02,"lpr":3744.12,"lq":1.0,"d":189728},{"pi":"422705","pc":"Топливо","ss":100000,"td":"","dc":1,"n":408.69,"vc":"68341","sl":"","sv":"50499","p":8500.0,"q":10.43,"b":0.01,"ms":10.76,"wi":51.76,"ei":4.41,"as":655.66,"mi":"E","mv":469444,"sc":4,"lpe":71.32,"lpr":1337.8,"lq":4.81,"d":7172110},{"pi":"422705","pc":"Топливо","ss":30000,"td":"","dc":1,"n":423.56,"vc":"19428","sl":"","sv":"40000","p":12000.0,"q":18.86,"b":4.26,"ms":8.52,"wi":51.76,"ei":4.41,"as":655.66,"mi":"E","mv":469444,"sc":4,"lpe":71.32,"lpr":1337.8,"lq":4.81,"d":7172110},{"pi":"422705","pc":"Топливо","ss":100000,"td":"","dc":1,"n":279.46,"vc":"6002","sl":"","sv":"24146","p":8000.0,"q":12.32,"b":1.16,"ms":5.14,"wi":51.76,"ei":4.41,"as":655.66,"mi":"E","mv":469444,"sc":4,"lpe":71.32,"lpr":1337.8,"lq":4.81,"d":7172110},{"pi":"422705","pc":"Топливо","ss":100000,"td":"","dc":1,"n":494.87,"vc":"98035","sl":"","sv":"20000","p":24000.0,"q":25.73,"b":1.34,"ms":4.26,"wi":51.76,"ei":4.41,"as":655.66,"mi":"E","mv":469444,"sc":4,"lpe":71.32,"lpr":1337.8,"lq":4.81,"d":7172110},{"pi":"422705","pc":"Топливо","ss":100000,"td":"","dc":1,"n":468.59,"vc":"5880","sl":"","sv":"25187","p":25000.0,"q":9.87,"b":0.0,"ms":92.19,"wi":37.97,"ei":14.14,"as":304.91,"mi":"D","mv":27322,"sc":1,"lpe":0.0,"lpr":4822.9,"lq":5.23,"d":699729},{"pi":"422705","pc":"Топливо","ss":6000,"td":"","dc":1,"n":306.7,"vc":"1249","sl":"","sv":"7161","p":13000.0,"q":11.09,"b":0.0,"ms":25.53,"wi":36.7,"ei":10.61,"as":397.23,"mi":"E","mv":28044,"sc":1,"lpe":74.47,"lpr":2487.51,"lq":6.7,"d":948726},{"pi":"422705","pc":"Топливо","ss":6000,"td":"","dc":1,"n":538.66,"vc":"3612","sl":"","sv":"6064","p":17000.0,"q":8.99,"b":0.25,"ms":20.8,"wi":42.96,"ei":6.25,"as":568.15,"mi":"E","mv":29148,"sc":1,"lpe":79.2,"lpr":2004.45,"lq":4.03,"d":482641},{"pi":"422705","pc":"Топливо","ss":100000,"td":"","dc":1,"n":672.54,"vc":"64760","sl":"","sv":"9826","p":200000.0,"q":14.9,"b":0.0,"ms":100.0,"wi":71.8,"ei":6.85,"as":545.08,"mi":"C","mv":9826,"sc":1,"lpe":0.0,"lpr":12907.72,"lq":2.62,"d":298366},{"pi":"422705","pc":"Топливо","ss":100000,"td":"","dc":1,"n":574.19,"vc":"158561","sl":"","sv":"100000","p":10000.0,"q":18.86,"b":4.24,"ms":24.1,"wi":60.25,"ei":9.36,"as":614.31,"mi":"E","mv":414999,"sc":2,"lpe":60.07,"lpr":1022.7,"lq":11.99,"d":3832748},{"pi":"422705","pc":"Топливо","ss":100000,"td":"","dc":1,"n":694.36,"vc":"266831","sl":"","sv":"65722","p":12300.0,"q":16.09,"b":5.76,"ms":15.84,"wi":60.25,"ei":9.36,"as":614.31,"mi":"E","mv":414999,"sc":2,"lpe":60.07,"lpr":1022.7,"lq":11.99,"d":3832748},{"pi":"422705","pc":"Топливо","ss":100000,"td":"","dc":1,"n":536.54,"vc":"826","sl":"","sv":"71","p":40000.0,"q":16.72,"b":9.26,"ms":7.81,"wi":43.47,"ei":8.4,"as":794.55,"mi":"E","mv":909,"sc":1,"lpe":92.19,"lpr":2060.73,"lq":6.83,"d":38802},{"pi":"422705","pc":"Топливо","ss":100000,"td":"","dc":1,"n":0.0,"vc":"5953","sl":"","sv":"184790","p":4967.0,"q":14.39,"b":4.78,"ms":9.54,"wi":39.97,"ei":5.34,"as":208.05,"mi":"E","mv":1936906,"sc":3,"lpe":88.03,"lpr":2073.43,"lq":3.85,"d":12982716},{"pi":"422705","pc":"Топливо","ss":200000,"td":"","dc":1,"n":498.37,"vc":"235099","sl":"","sv":"40000","p":28000.0,"q":25.73,"b":0.7,"ms":2.07,"wi":39.97,"ei":5.34,"as":208.05,"mi":"E","mv":1936906,"sc":3,"lpe":88.03,"lpr":2073.43,"lq":3.85,"d":12982716},{"pi":"422705","pc":"Топливо","ss":200000,"td":"","dc":1,"n":593.21,"vc":"259285","sl":"","sv":"7095","p":51800.0,"q":22.22,"b":5.79,"ms":0.37,"wi":39.97,"ei":5.34,"as":208.05,"mi":"E","mv":1936906,"sc":3,"lpe":88.03,"lpr":2073.43,"lq":3.85,"d":12982716},{"pi":"422705","pc":"Топливо","ss":5000,"td":"","dc":1,"n":0.0,"vc":"193","sl":"","sv":"800","p":10650.0,"q":14.39,"b":8.19,"ms":10.09,"wi":47.25,"ei":6.62,"as":504.0,"mi":"E","mv":7928,"sc":2,"lpe":89.81,"lpr":3760.1,"lq":9.68,"d":128750},{"pi":"422705","pc":"Топливо","ss":5000,"td":"","dc":1,"n":132.29,"vc":"298","sl":"","sv":"8","p":6200.0,"q":12.25,"b":4.99,"ms":0.1,"wi":47.25,"ei":6.62,"as":504.0,"mi":"E","mv":7928,"sc":2,"lpe":89.81,"lpr":3760.1,"lq":9.68,"d":128750},{"pi":"422705","pc":"Топливо","ss":100000,"td":"","dc":1,"n":540.33,"vc":"18732","sl":"","sv":"10000","p":20000.0,"q":14.6,"b":0.0,"ms":100.0,"wi":91.67,"ei":8.6,"as":997.5,"mi":"B","mv":10000,"sc":1,"lpe":0.0,"lpr":4102.17,"lq":4.29,"d":199100},{"pi":"422705","pc":"Топливо","ss":100000,"td":"","dc":1,"n":698.3,"vc":"66521","sl":"","sv":"10000","p":12950.0,"q":16.74,"b":0.0,"ms":17.11,"wi":113.29,"ei":8.52,"as":2226.16,"mi":"E","mv":58443,"sc":2,"lpe":66.75,"lpr":2597.24,"lq":9.4,"d":1235082},{"pi":"422705","pc":"Топливо","ss":100000,"td":"","dc":1,"n":661.64,"vc":"114901","sl":"","sv":"9433","p":36500.0,"q":13.51,"b":6.75,"ms":16.14,"wi":113.29,"ei":8.52,"as":2226.16,"mi":"E","mv":58443,"sc":2,"lpe":66.75,"lpr":2597.24,"lq":9.4,"d":1235082},{"pi":"422705","pc":"Топливо","ss":100000,"td":"","dc":1,"n":437.91,"vc":"40722","sl":"","sv":"17831","p":27200.0,"q":15.11,"b":0.83,"ms":26.83,"wi":100.56,"ei":8.23,"as":1206.09,"mi":"E","mv":66471,"sc":1,"lpe":73.17,"lpr":2484.51,"lq":10.37,"d":1395634},{"pi":"422705","pc":"Топливо","ss":15000,"td":"","dc":1,"n":408.42,"vc":"9158","sl":"","sv":"140000","p":4800.0,"q":19.83,"b":4.23,"ms":65.88,"wi":78.65,"ei":6.43,"as":351.11,"mi":"D","mv":212494,"sc":1,"lpe":34.12,"lpr":1668.17,"lq":8.66,"d":1885836},{"pi":"422705","pc":"Топливо","ss":300000,"td":"","dc":1,"n":500.25,"vc":"92218","sl":"","sv":"6000","p":22000.0,"q":25.73,"b":1.24,"ms":5.33,"wi":70.88,"ei":6.3,"as":344.6,"mi":"E","mv":112642,"sc":1,"lpe":94.67,"lpr":3076.67,"lq":1.0,"d":1061807},{"pi":"422705","pc":"Топливо","ss":30000,"td":"","dc":1,"n":442.35,"vc":"6497","sl":"","sv":"44807","p":30000.0,"q":10.04,"b":0.22,"ms":66.61,"wi":71.14,"ei":6.0,"as":357.48,"mi":"D","mv":67264,"sc":2,"lpe":0.0,"lpr":9152.02,"lq":6.76,"d":894855},{"pi":"422705","pc":"Топливо","ss":100000,"td":"","dc":1,"n":673.19,"vc":"67092","sl":"","sv":"20000","p":50000.0,"q":14.9,"b":0.0,"ms":29.73,"wi":71.14,"ei":6.0,"as":357.48,"mi":"D","mv":67264,"sc":2,"lpe":0.0,"lpr":9152.02,"lq":6.76,"d":894855},{"pi":"422705","pc":"Топливо","ss":100000,"td":"","dc":1,"n":636.39,"vc":"266224","sl":"","sv":"21857","p":45000.0,"q":16.09,"b":4.38,"ms":14.43,"wi":98.78,"ei":7.86,"as":1444.66,"mi":"E","mv":151520,"sc":1,"lpe":85.57,"lpr":3070.99,"lq":11.21,"d":1680666},{"pi":"422705","pc":"Топливо","ss":30000,"td":"","dc":1,"n":414.2,"vc":"8916","sl":"","sv":"85000","p":10000.0,"q":18.86,"b":4.29,"ms":34.99,"wi":116.13,"ei":7.17,"as":2122.22,"mi":"D","mv":242908,"sc":5,"lpe":26.58,"lpr":1988.04,"lq":12.75,"d":2596850},{"pi":"422705","pc":"Топливо","ss":200000,"td":"","dc":1,"n":432.72,"vc":"73548","sl":"","sv":"58371","p":20000.0,"q":16.74,"b":5.65,"ms":24.03,"wi":116.13,"ei":7.17,"as":2122.22,"mi":"D","mv":242908,"sc":5,"lpe":26.58,"lpr":1988.04,"lq":12.75,"d":2596850},{"pi":"422705","pc":"Топливо","ss":100000,"td":"","dc":1,"n":694.15,"vc":"182122","sl":"","sv":"24921","p":24200.0,"q":16.09,"b":6.75,"ms":10.26,"wi":116.13,"ei":7.17,"as":2122.22,"mi":"D","mv":242908,"sc":5,"lpe":26.58,"lpr":1988.04,"lq":12.75,"d":2596850},{"pi":"422705","pc":"Топливо","ss":100000,"td":"","dc":1,"n":386.86,"vc":"29066","sl":"","sv":"10000","p":10000.0,"q":14.6,"b":4.33,"ms":4.12,"wi":116.13,"ei":7.17,"as":2122.22,"mi":"D","mv":242908,"sc":5,"lpe":26.58,"lpr":1988.04,"lq":12.75,"d":2596850},{"pi":"422705","pc":"Топливо","ss":1000,"td":"","dc":1,"n":249.49,"vc":"109","sl":"","sv":"50","p":9500.0,"q":11.13,"b":0.3,"ms":0.02,"wi":116.13,"ei":7.17,"as":2122.22,"mi":"D","mv":242908,"sc":5,"lpe":26.58,"lpr":1988.04,"lq":12.75,"d":2596850},{"pi":"422705","pc":"Топливо","ss":200000,"td":"","dc":1,"n":554.29,"vc":"249658","sl":"","sv":"222955","p":17400.0,"q":19.59,"b":4.38,"ms":24.0,"wi":102.86,"ei":10.85,"as":2744.68,"mi":"D","mv":929125,"sc":6,"lpe":45.5,"lpr":1567.34,"lq":13.1,"d":9744630},{"pi":"422705","pc":"Топливо","ss":200000,"td":"","dc":1,"n":653.49,"vc":"534917","sl":"","sv":"123278","p":16900.0,"q":16.09,"b":4.38,"ms":13.27,"wi":102.86,"ei":10.85,"as":2744.68,"mi":"D","mv":929125,"sc":6,"lpe":45.5,"lpr":1567.34,"lq":13.1,"d":9744630},{"pi":"422705","pc":"Топливо","ss":100000,"td":"","dc":1,"n":0.0,"vc":"5953","sl":"","sv":"92910","p":2200.0,"q":14.39,"b":3.24,"ms":10.0,"wi":102.86,"ei":10.85,"as":2744.68,"mi":"D","mv":929125,"sc":6,"lpe":45.5,"lpr":1567.34,"lq":13.1,"d":9744630},{"pi":"422705","pc":"Топливо","ss":30000,"td":"","dc":1,"n":404.97,"vc":"18066","sl":"","sv":"30000","p":9000.0,"q":18.86,"b":4.03,"ms":3.23,"wi":102.86,"ei":10.85,"as":2744.68,"mi":"D","mv":929125,"sc":6,"lpe":45.5,"lpr":1567.34,"lq":13.1,"d":9744630},{"pi":"422705","pc":"Топливо","ss":100000,"td":"","dc":1,"n":578.13,"vc":"100721","sl":"","sv":"26113","p":18400.0,"q":17.24,"b":2.82,"ms":2.81,"wi":102.86,"ei":10.85,"as":2744.68,"mi":"D","mv":929125,"sc":6,"lpe":45.5,"lpr":1567.34,"lq":13.1,"d":9744630},{"pi":"422705","pc":"Топливо","ss":200000,"td":"","dc":1,"n":423.78,"vc":"67964","sl":"","sv":"11159","p":18000.0,"q":16.7,"b":4.67,"ms":1.2,"wi":102.86,"ei":10.85,"as":2744.68,"mi":"D","mv":929125,"sc":6,"lpe":45.5,"lpr":1567.34,"lq":13.1,"d":9744630},{"pi":"422705","pc":"Топливо","ss":30000,"td":"","dc":1,"n":453.53,"vc":"6497","sl":"","sv":"21692","p":10000.0,"q":10.23,"b":0.17,"ms":28.11,"wi":53.49,"ei":5.0,"as":331.83,"mi":"E","mv":77158,"sc":2,"lpe":54.32,"lpr":1235.87,"lq":3.36,"d":787757},{"pi":"422705","pc":"Топливо","ss":100000,"td":"","dc":1,"n":423.23,"vc":"5326","sl":"","sv":"13555","p":10000.0,"q":12.4,"b":1.69,"ms":17.57,"wi":53.49,"ei":5.0,"as":331.83,"mi":"E","mv":77158,"sc":2,"lpe":54.32,"lpr":1235.87,"lq":3.36,"d":787757},{"pi":"422705","pc":"Топливо","ss":100000,"td":"","dc":1,"n":567.5,"vc":"34013","sl":"","sv":"35000","p":75000.0,"q":16.74,"b":5.83,"ms":93.95,"wi":101.15,"ei":4.2,"as":358.64,"mi":"D","mv":37253,"sc":1,"lpe":0.0,"lpr":7870.47,"lq":5.06,"d":445356},{"pi":"422705","pc":"Топливо","ss":30000,"td":"","dc":1,"n":470.91,"vc":"6497","sl":"","sv":"15113","p":30000.0,"q":10.18,"b":0.34,"ms":35.69,"wi":73.18,"ei":7.0,"as":362.16,"mi":"D","mv":42341,"sc":2,"lpe":48.45,"lpr":4201.25,"lq":5.75,"d":664549},{"pi":"422705","pc":"Топливо","ss":100000,"td":"","dc":1,"n":563.32,"vc":"49057","sl":"","sv":"6712","p":80000.0,"q":16.74,"b":5.83,"ms":15.85,"wi":73.18,"ei":7.0,"as":362.16,"mi":"D","mv":42341,"sc":2,"lpe":48.45,"lpr":4201.25,"lq":5.75,"d":664549},{"pi":"422705","pc":"Топливо","ss":100000,"td":"","dc":1,"n":670.96,"vc":"205682","sl":"","sv":"50660","p":12400.0,"q":16.09,"b":2.52,"ms":14.88,"wi":66.45,"ei":6.04,"as":318.0,"mi":"E","mv":340442,"sc":3,"lpe":73.13,"lpr":1019.8,"lq":11.52,"d":2877864},{"pi":"422705","pc":"Топливо","ss":100000,"td":"","dc":1,"n":0.0,"vc":"3742","sl":"","sv":"32080","p":3825.0,"q":14.39,"b":6.68,"ms":9.42,"wi":66.45,"ei":6.04,"as":318.0,"mi":"E","mv":340442,"sc":3,"lpe":73.13,"lpr":1019.8,"lq":11.52,"d":2877864},{"pi":"422705","pc":"Топливо","ss":100000,"td":"","dc":1,"n":552.33,"vc":"101281","sl":"","sv":"8753","p":22000.0,"q":25.71,"b":5.49,"ms":2.57,"wi":66.45,"ei":6.04,"as":318.0,"mi":"E","mv":340442,"sc":3,"lpe":73.13,"lpr":1019.8,"lq":11.52,"d":2877864},{"pi":"422705","pc":"Топливо","ss":30000,"td":"","dc":1,"n":427.26,"vc":"6497","sl":"","sv":"49252","p":50000.0,"q":10.08,"b":0.34,"ms":52.1,"wi":78.09,"ei":6.42,"as":548.1,"mi":"D","mv":94526,"sc":1,"lpe":47.9,"lpr":8015.11,"lq":2.44,"d":1232684},{"pi":"422705","pc":"Топливо","ss":100000,"td":"","dc":1,"n":707.57,"vc":"71718","sl":"","sv":"21590","p":50000.0,"q":16.74,"b":5.83,"ms":42.74,"wi":102.66,"ei":5.0,"as":366.29,"mi":"E","mv":50516,"sc":2,"lpe":54.29,"lpr":2923.24,"lq":6.24,"d":454964},{"pi":"422705","pc":"Топливо","ss":30000,"td":"","dc":1,"n":440.12,"vc":"4994","sl":"","sv":"1503","p":24000.0,"q":10.69,"b":0.09,"ms":2.98,"wi":102.66,"ei":5.0,"as":366.29,"mi":"E","mv":50516,"sc":2,"lpe":54.29,"lpr":2923.24,"lq":6.24,"d":454964},{"pi":"422705","pc":"Топливо","ss":100000,"td":"","dc":1,"n":539.96,"vc":"53777","sl":"","sv":"41208","p":30000.0,"q":18.52,"b":5.8,"ms":23.88,"wi":99.69,"ei":9.31,"as":1270.5,"mi":"D","mv":172534,"sc":5,"lpe":42.21,"lpr":2451.06,"lq":11.46,"d":2836484},{"pi":"422705","pc":"Топливо","ss":100000,"td":"","dc":1,"n":693.42,"vc":"134470","sl":"","sv":"29440","p":31500.0,"q":16.09,"b":7.35,"ms":17.06,"wi":99.69,"ei":9.31,"as":1270.5,"mi":"D","mv":172534,"sc":5,"lpe":42.21,"lpr":2451.06,"lq":11.46,"d":2836484},{"pi":"422705","pc":"Топливо","ss":15000,"td":"","dc":1,"n":380.99,"vc":"2815","sl":"","sv":"13712","p":11000.0,"q":11.95,"b":3.92,"ms":7.95,"wi":99.69,"ei":9.31,"as":1270.5,"mi":"D","mv":172534,"sc":5,"lpe":42.21,"lpr":2451.06,"lq":11.46,"d":2836484},{"pi":"422705","pc":"Топливо","ss":70000,"td":"","dc":1,"n":446.06,"vc":"19495","sl":"","sv":"8002","p":30000.0,"q":18.86,"b":4.35,"ms":4.64,"wi":99.69,"ei":9.31,"as":1270.5,"mi":"D","mv":172534,"sc":5,"lpe":42.21,"lpr":2451.06,"lq":11.46,"d":2836484},{"pi":"422705","pc":"Топливо","ss":100000,"td":"","dc":1,"n":425.42,"vc":"26864","sl":"","sv":"7351","p":30000.0,"q":16.74,"b":6.46,"ms":4.26,"wi":99.69,"ei":9.31,"as":1270.5,"mi":"D","mv":172534,"sc":5,"lpe":42.21,"lpr":2451.06,"lq":11.46,"d":2836484},{"pi":"422705","pc":"Топливо","ss":15000,"td":"","dc":1,"n":454.29,"vc":"7010","sl":"","sv":"10000","p":45000.0,"q":14.17,"b":4.45,"ms":22.53,"wi":61.61,"ei":6.72,"as":599.85,"mi":"E","mv":44390,"sc":1,"lpe":77.47,"lpr":17654.96,"lq":5.09,"d":983490},{"pi":"422705","pc":"Топливо","ss":100000,"td":"","dc":1,"n":481.25,"vc":"20070","sl":"","sv":"5203","p":15000.0,"q":14.57,"b":0.0,"ms":24.15,"wi":96.46,"ei":8.56,"as":1155.0,"mi":"E","mv":21547,"sc":2,"lpe":74.51,"lpr":1371.66,"lq":9.18,"d":392430},{"pi":"422705","pc":"Топливо","ss":10000,"td":"","dc":1,"n":519.02,"vc":"2120","sl":"","sv":"289","p":12000.0,"q":11.17,"b":0.0,"ms":1.34,"wi":96.46,"ei":8.56,"as":1155.0,"mi":"E","mv":21547,"sc":2,"lpe":74.51,"lpr":1371.66,"lq":9.18,"d":392430},{"pi":"422705","pc":"Топливо","ss":100000,"td":"","dc":1,"n":673.41,"vc":"153413","sl":"","sv":"4198","p":200000.0,"q":14.9,"b":0.0,"ms":37.84,"wi":62.61,"ei":6.29,"as":373.31,"mi":"E","mv":11094,"sc":1,"lpe":62.16,"lpr":9613.53,"lq":2.58,"d":774042},{"pi":"422705","pc":"Топливо","ss":100000,"td":"","dc":1,"n":0.0,"vc":"515","sl":"","sv":"700","p":26470.0,"q":14.39,"b":7.39,"ms":9.78,"wi":53.91,"ei":5.7,"as":380.06,"mi":"E","mv":7161,"sc":1,"lpe":90.22,"lpr":8511.41,"lq":1.0,"d":113064},{"pi":"422705","pc":"Топливо","ss":100000,"td":"","dc":1,"n":0.0,"vc":"5893","sl":"","sv":"58220","p":23000.0,"q":16.73,"b":5.84,"ms":15.8,"wi":93.34,"ei":5.0,"as":474.39,"mi":"E","mv":368377,"sc":2,"lpe":77.89,"lpr":2422.76,"lq":6.75,"d":2970884},{"pi":"422705","pc":"Топливо","ss":30000,"td":"","dc":1,"n":415.2,"vc":"13064","sl":"","sv":"23239","p":18000.0,"q":10.18,"b":0.35,"ms":6.31,"wi":93.34,"ei":5.0,"as":474.39,"mi":"E","mv":368377,"sc":2,"lpe":77.89,"lpr":2422.76,"lq":6.75,"d":2970884},{"pi":"422705","pc":"Топливо","ss":40000,"td":"","dc":1,"n":364.86,"vc":"6115","sl":"","sv":"14626","p":48000.0,"q":15.43,"b":4.88,"ms":100.0,"wi":17.18,"ei":17.09,"as":56.27,"mi":"C","mv":14626,"sc":1,"lpe":0.0,"lpr":5023.22,"lq":7.82,"d":3998532},{"pi":"422705","pc":"Топливо","ss":100000,"td":"","dc":1,"n":0.0,"vc":"1173","sl":"","sv":"630","p":30413.0,"q":14.39,"b":6.68,"ms":9.92,"wi":38.12,"ei":7.89,"as":371.82,"mi":"E","mv":6353,"sc":1,"lpe":90.08,"lpr":5957.5,"lq":1.0,"d":446450},{"pi":"422705","pc":"Топливо","ss":100000,"td":"","dc":1,"n":0.0,"vc":"959","sl":"","sv":"2620","p":10730.0,"q":14.39,"b":7.39,"ms":9.99,"wi":72.48,"ei":6.2,"as":316.9,"mi":"E","mv":26230,"sc":2,"lpe":87.27,"lpr":4019.31,"lq":8.5,"d":216434},{"pi":"422705","pc":"Топливо","ss":26000,"td":"","dc":1,"n":407.55,"vc":"2627","sl":"","sv":"718","p":27000.0,"q":8.26,"b":2.38,"ms":2.74,"wi":72.48,"ei":6.2,"as":316.9,"mi":"E","mv":26230,"sc":2,"lpe":87.27,"lpr":4019.31,"lq":8.5,"d":216434},{"pi":"422705","pc":"Топливо","ss":100000,"td":"","dc":1,"n":0.0,"vc":"2887","sl":"","sv":"10110","p":15640.0,"q":14.39,"b":7.39,"ms":9.99,"wi":64.2,"ei":7.41,"as":406.66,"mi":"E","mv":101184,"sc":2,"lpe":90.0,"lpr":3655.2,"lq":6.17,"d":733921},{"pi":"422705","pc":"Топливо","ss":30000,"td":"","dc":1,"n":465.56,"vc":"12450","sl":"","sv":"11","p":20000.0,"q":9.29,"b":2.78,"ms":0.01,"wi":64.2,"ei":7.41,"as":406.66,"mi":"E","mv":101184,"sc":2,"lpe":90.0,"lpr":3655.2,"lq":6.17,"d":733921},{"pi":"422705","pc":"Топливо","ss":100000,"td":"","dc":1,"n":0.0,"vc":"540","sl":"","sv":"770","p":26290.0,"q":14.39,"b":7.39,"ms":10.04,"wi":58.69,"ei":6.1,"as":320.0,"mi":"E","mv":7673,"sc":1,"lpe":89.96,"lpr":8004.17,"lq":6.25,"d":122986},{"pi":"422705","pc":"Топливо","ss":100000,"td":"","dc":1,"n":0.0,"vc":"2809","sl":"","sv":"5460","p":7810.0,"q":14.39,"b":6.68,"ms":9.73,"wi":68.68,"ei":7.55,"as":553.24,"mi":"E","mv":56090,"sc":2,"lpe":89.51,"lpr":5122.76,"lq":8.56,"d":810299},{"pi":"422705","pc":"Топливо","ss":50000,"td":"","dc":1,"n":373.08,"vc":"1226","sl":"","sv":"423","p":12000.0,"q":8.3,"b":0.0,"ms":0.75,"wi":68.68,"ei":7.55,"as":553.24,"mi":"E","mv":56090,"sc":2,"lpe":89.51,"lpr":5122.76,"lq":8.56,"d":810299},{"pi":"422705","pc":"Топливо","ss":100000,"td":"","dc":1,"n":0.0,"vc":"1461","sl":"","sv":"1740","p":23635.0,"q":14.39,"b":6.68,"ms":9.97,"wi":37.16,"ei":5.0,"as":248.9,"mi":"E","mv":17450,"sc":1,"lpe":90.03,"lpr":4637.24,"lq":1.05,"d":423306},{"pi":"422705","pc":"Топливо","ss":100000,"td":"","dc":1,"n":0.0,"vc":"1426","sl":"","sv":"1080","p":34380.0,"q":14.39,"b":6.68,"ms":9.99,"wi":41.55,"ei":5.79,"as":304.75,"mi":"E","mv":10813,"sc":1,"lpe":90.01,"lpr":6745.38,"lq":1.02,"d":384194},{"pi":"422705","pc":"Топливо","ss":3000,"td":"","dc":1,"n":517.4,"vc":"721","sl":"","sv":"22828","p":8400.0,"q":11.09,"b":0.0,"ms":93.6,"wi":70.04,"ei":5.87,"as":653.67,"mi":"A","mv":24388,"sc":2,"lpe":0.0,"lpr":3725.94,"lq":4.61,"d":401934},{"pi":"422705","pc":"Топливо","ss":100000,"td":"","dc":1,"n":0.0,"vc":"1417","sl":"","sv":"1560","p":8411.0,"q":14.39,"b":6.68,"ms":6.4,"wi":70.04,"ei":5.87,"as":653.67,"mi":"A","mv":24388,"sc":2,"lpe":0.0,"lpr":3725.94,"lq":4.61,"d":401934},{"pi":"422705","pc":"Топливо","ss":100000,"td":"","dc":1,"n":0.0,"vc":"1022","sl":"","sv":"2230","p":23190.0,"q":14.39,"b":7.39,"ms":9.99,"wi":72.57,"ei":6.1,"as":319.0,"mi":"E","mv":22323,"sc":1,"lpe":90.01,"lpr":7886.53,"lq":1.01,"d":190480},{"pi":"422705","pc":"Топливо","ss":100000,"td":"","dc":1,"n":0.0,"vc":"919","sl":"","sv":"730","p":32062.0,"q":14.39,"b":6.68,"ms":9.98,"wi":36.16,"ei":5.78,"as":281.47,"mi":"E","mv":7314,"sc":1,"lpe":90.02,"lpr":5968.56,"lq":1.0,"d":233971},{"pi":"422705","pc":"Топливо","ss":20000,"td":"","dc":1,"n":429.94,"vc":"7585","sl":"","sv":"20000","p":20000.0,"q":14.17,"b":3.89,"ms":92.25,"wi":25.63,"ei":7.43,"as":348.1,"mi":"AAA","mv":21680,"sc":2,"lpe":0.0,"lpr":4453.4,"lq":5.52,"d":2040764},{"pi":"422705","pc":"Топливо","ss":15000,"td":"","dc":1,"n":526.54,"vc":"10176","sl":"","sv":"1680","p":20000.0,"q":11.17,"b":0.0,"ms":7.75,"wi":25.63,"ei":7.43,"as":348.1,"mi":"AAA","mv":21680,"sc":2,"lpe":0.0,"lpr":4453.4,"lq":5.52,"d":2040764},{"pi":"422705","pc":"Топливо","ss":55000,"td":"","dc":1,"n":476.2,"vc":"16838","sl":"","sv":"50000","p":10000.0,"q":18.86,"b":4.56,"ms":23.1,"wi":39.2,"ei":15.63,"as":384.32,"mi":"E","mv":216481,"sc":1,"lpe":76.9,"lpr":1025.1,"lq":7.72,"d":4545297},{"pi":"422705","pc":"Топливо","ss":100000,"td":"","dc":1,"n":714.88,"vc":"266096","sl":"","sv":"14564","p":64000.0,"q":16.38,"b":8.63,"ms":21.36,"wi":69.22,"ei":7.22,"as":769.28,"mi":"E","mv":68199,"sc":1,"lpe":78.64,"lpr":2687.52,"lq":1.0,"d":870794},{"pi":"422705","pc":"Топливо","ss":100000,"td":"","dc":1,"n":469.76,"vc":"13450","sl":"","sv":"29078","p":11888.0,"q":10.78,"b":0.04,"ms":65.18,"wi":75.57,"ei":8.11,"as":1269.9,"mi":"D","mv":44610,"sc":2,"lpe":23.61,"lpr":6923.24,"lq":15.82,"d":678178},{"pi":"422705","pc":"Топливо","ss":300000,"td":"","dc":1,"n":492.66,"vc":"50125","sl":"","sv":"5000","p":44000.0,"q":25.73,"b":0.47,"ms":11.21,"wi":75.57,"ei":8.11,"as":1269.9,"mi":"D","mv":44610,"sc":2,"lpe":23.61,"lpr":6923.24,"lq":15.82,"d":678178},{"pi":"422705","pc":"Топливо","ss":1000,"td":"","dc":1,"n":402.57,"vc":"196","sl":"","sv":"1394","p":10000.0,"q":10.24,"b":0.0,"ms":13.24,"wi":74.19,"ei":6.6,"as":584.33,"mi":"E","mv":10527,"sc":3,"lpe":76.74,"lpr":6976.95,"lq":9.02,"d":168154},{"pi":"422705","pc":"Топливо","ss":5000,"td":"","dc":1,"n":0.0,"vc":"298","sl":"","sv":"1050","p":13130.0,"q":14.39,"b":8.07,"ms":9.97,"wi":74.19,"ei":6.6,"as":584.33,"mi":"E","mv":10527,"sc":3,"lpe":76.74,"lpr":6976.95,"lq":9.02,"d":168154},{"pi":"422705","pc":"Топливо","ss":5000,"td":"","dc":1,"n":240.99,"vc":"205","sl":"","sv":"5","p":22000.0,"q":7.8,"b":0.0,"ms":0.05,"wi":74.19,"ei":6.6,"as":584.33,"mi":"E","mv":10527,"sc":3,"lpe":76.74,"lpr":6976.95,"lq":9.02,"d":168154},{"pi":"422705","pc":"Топливо","ss":1000,"td":"","dc":1,"n":656.75,"vc":"834","sl":"","sv":"19382","p":17000.0,"q":16.74,"b":0.0,"ms":89.06,"wi":69.48,"ei":7.76,"as":583.44,"mi":"C","mv":21762,"sc":3,"lpe":0.0,"lpr":10909.78,"lq":6.84,"d":375360},{"pi":"422705","pc":"Топливо","ss":5000,"td":"","dc":1,"n":0.0,"vc":"298","sl":"","sv":"2200","p":37010.0,"q":14.39,"b":8.07,"ms":10.11,"wi":69.48,"ei":7.76,"as":583.44,"mi":"C","mv":21762,"sc":3,"lpe":0.0,"lpr":10909.78,"lq":6.84,"d":375360},{"pi":"422705","pc":"Топливо","ss":1000,"td":"","dc":1,"n":367.18,"vc":"198","sl":"","sv":"180","p":12500.0,"q":8.7,"b":0.0,"ms":0.83,"wi":69.48,"ei":7.76,"as":583.44,"mi":"C","mv":21762,"sc":3,"lpe":0.0,"lpr":10909.78,"lq":6.84,"d":375360},{"pi":"422705","pc":"Топливо","ss":5000,"td":"","dc":1,"n":488.48,"vc":"2642","sl":"","sv":"10978","p":17000.0,"q":11.24,"b":0.02,"ms":27.24,"wi":88.26,"ei":7.25,"as":562.28,"mi":"E","mv":40302,"sc":3,"lpe":61.63,"lpr":3740.04,"lq":8.64,"d":598348},{"pi":"422705","pc":"Топливо","ss":5000,"td":"","dc":1,"n":0.0,"vc":"298","sl":"","sv":"4020","p":6790.0,"q":14.39,"b":8.07,"ms":9.97,"wi":88.26,"ei":7.25,"as":562.28,"mi":"E","mv":40302,"sc":3,"lpe":61.63,"lpr":3740.04,"lq":8.64,"d":598348},{"pi":"422705","pc":"Топливо","ss":1000,"td":"","dc":1,"n":336.97,"vc":"271","sl":"","sv":"466","p":12500.0,"q":8.6,"b":0.0,"ms":1.16,"wi":88.26,"ei":7.25,"as":562.28,"mi":"E","mv":40302,"sc":3,"lpe":61.63,"lpr":3740.04,"lq":8.64,"d":598348},{"pi":"422705","pc":"Топливо","ss":100000,"td":"","dc":1,"n":697.05,"vc":"72223","sl":"","sv":"41028","p":25000.0,"q":15.47,"b":5.51,"ms":67.19,"wi":98.88,"ei":9.31,"as":1312.5,"mi":"B","mv":61065,"sc":3,"lpe":0.0,"lpr":1995.88,"lq":9.24,"d":871981},{"pi":"422705","pc":"Топливо","ss":100000,"td":"","dc":1,"n":697.05,"vc":"72223","sl":"","sv":"16054","p":27000.0,"q":15.1,"b":3.39,"ms":26.29,"wi":98.88,"ei":9.31,"as":1312.5,"mi":"B","mv":61065,"sc":3,"lpe":0.0,"lpr":1995.88,"lq":9.24,"d":871981},{"pi":"422705","pc":"Топливо","ss":100000,"td":"","dc":1,"n":512.7,"vc":"24261","sl":"","sv":"3983","p":16000.0,"q":10.87,"b":0.0,"ms":6.52,"wi":98.88,"ei":9.31,"as":1312.5,"mi":"B","mv":61065,"sc":3,"lpe":0.0,"lpr":1995.88,"lq":9.24,"d":871981},{"pi":"422705","pc":"Топливо","ss":100000,"td":"","dc":1,"n":705.33,"vc":"149715","sl":"","sv":"20486","p":14600.0,"q":16.09,"b":6.27,"ms":25.39,"wi":96.92,"ei":9.6,"as":1470.0,"mi":"E","mv":80684,"sc":4,"lpe":52.3,"lpr":1271.21,"lq":13.23,"d":1347944},{"pi":"422705","pc":"Топливо","ss":100000,"td":"","dc":1,"n":689.31,"vc":"134694","sl":"","sv":"11058","p":20600.0,"q":19.59,"b":4.09,"ms":13.71,"wi":96.92,"ei":9.6,"as":1470.0,"mi":"E","mv":80684,"sc":4,"lpe":52.3,"lpr":1271.21,"lq":13.23,"d":1347944},{"pi":"422705","pc":"Топливо","ss":15000,"td":"","dc":1,"n":431.38,"vc":"3890","sl":"","sv":"5535","p":6000.0,"q":11.95,"b":4.43,"ms":6.86,"wi":96.92,"ei":9.6,"as":1470.0,"mi":"E","mv":80684,"sc":4,"lpe":52.3,"lpr":1271.21,"lq":13.23,"d":1347944},{"pi":"422705","pc":"Топливо","ss":45000,"td":"","dc":1,"n":484.92,"vc":"12841","sl":"","sv":"1405","p":16000.0,"q":18.86,"b":5.25,"ms":1.74,"wi":96.92,"ei":9.6,"as":1470.0,"mi":"E","mv":80684,"sc":4,"lpe":52.3,"lpr":1271.21,"lq":13.23,"d":1347944},{"pi":"422705","pc":"Топливо","ss":5000,"td":"","dc":1,"n":0.0,"vc":"235","sl":"","sv":"370","p":33900.0,"q":14.39,"b":8.07,"ms":9.99,"wi":55.02,"ei":6.51,"as":504.0,"mi":"E","mv":3703,"sc":1,"lpe":90.01,"lpr":5074.32,"lq":7.04,"d":114330},{"pi":"422705","pc":"Топливо","ss":30000,"td":"","dc":1,"n":487.07,"vc":"6497","sl":"","sv":"12002","p":30000.0,"q":10.03,"b":0.22,"ms":90.47,"wi":63.63,"ei":4.9,"as":294.0,"mi":"D","mv":13266,"sc":1,"lpe":0.0,"lpr":16097.44,"lq":1.48,"d":339900},{"pi":"422705","pc":"Топливо","ss":5000,"td":"","dc":1,"n":0.0,"vc":"298","sl":"","sv":"880","p":48750.0,"q":14.39,"b":8.07,"ms":9.9,"wi":72.69,"ei":6.62,"as":475.0,"mi":"E","mv":8885,"sc":1,"lpe":90.1,"lpr":12476.42,"lq":1.03,"d":147806},{"pi":"422705","pc":"Топливо","ss":5000,"td":"","dc":1,"n":0.0,"vc":"298","sl":"","sv":"660","p":7130.0,"q":14.39,"b":8.07,"ms":9.93,"wi":56.02,"ei":6.3,"as":519.75,"mi":"E","mv":6648,"sc":1,"lpe":90.07,"lpr":5989.87,"lq":6.44,"d":125146},{"pi":"422705","pc":"Топливо","ss":5000,"td":"","dc":1,"n":0.0,"vc":"298","sl":"","sv":"850","p":5440.0,"q":14.39,"b":8.07,"ms":9.99,"wi":51.98,"ei":6.2,"as":518.18,"mi":"E","mv":8505,"sc":1,"lpe":90.01,"lpr":5804.6,"lq":9.68,"d":145874},{"pi":"422705","pc":"Топливо","ss":5000,"td":"","dc":1,"n":0.0,"vc":"298","sl":"","sv":"880","p":40310.0,"q":14.39,"b":8.07,"ms":10.19,"wi":64.84,"ei":6.72,"as":456.0,"mi":"E","mv":8636,"sc":1,"lpe":89.81,"lpr":12023.62,"lq":9.93,"d":145230},{"pi":"422705","pc":"Топливо","ss":5000,"td":"","dc":1,"n":0.0,"vc":"298","sl":"","sv":"350","p":34200.0,"q":14.39,"b":8.19,"ms":9.79,"wi":47.9,"ei":6.51,"as":503.58,"mi":"E","mv":3574,"sc":1,"lpe":90.21,"lpr":8746.74,"lq":1.01,"d":80987},{"pi":"422705","pc":"Топливо","ss":5000,"td":"","dc":1,"n":0.0,"vc":"298","sl":"","sv":"370","p":34730.0,"q":14.39,"b":8.19,"ms":9.78,"wi":50.74,"ei":6.3,"as":511.01,"mi":"E","mv":3784,"sc":1,"lpe":90.22,"lpr":8883.62,"lq":1.0,"d":93025},{"pi":"422705","pc":"Топливо","ss":28000,"td":"","dc":1,"n":345.91,"vc":"7942","sl":"","sv":"1000","p":35000.0,"q":8.4,"b":0.0,"ms":4.93,"wi":47.63,"ei":9.47,"as":427.52,"mi":"E","mv":20270,"sc":1,"lpe":95.07,"lpr":3610.84,"lq":1.0,"d":579986},{"pi":"422705","pc":"Топливо","ss":5000,"td":"","dc":1,"n":0.0,"vc":"298","sl":"","sv":"480","p":34420.0,"q":14.39,"b":8.19,"ms":9.98,"wi":50.7,"ei":6.73,"as":507.15,"mi":"E","mv":4811,"sc":1,"lpe":90.02,"lpr":8800.36,"lq":1.72,"d":104817},{"pi":"422705","pc":"Топливо","ss":100000,"td":"","dc":1,"n":665.51,"vc":"126246","sl":"","sv":"72000","p":12100.0,"q":19.59,"b":5.67,"ms":20.34,"wi":48.46,"ei":12.08,"as":459.52,"mi":"E","mv":354048,"sc":1,"lpe":79.66,"lpr":1019.51,"lq":12.42,"d":3957256},{"pi":"422705","pc":"Топливо","ss":5000,"td":"","dc":1,"n":0.0,"vc":"298","sl":"","sv":"660","p":14990.0,"q":14.39,"b":8.19,"ms":9.89,"wi":49.7,"ei":6.62,"as":507.15,"mi":"E","mv":6676,"sc":1,"lpe":90.11,"lpr":5700.54,"lq":3.29,"d":106621}]