[{"pi":"423861","pc":"Бакалея","ss":100000,"td":"Фешенебельный район","dc":1,"n":675.63,"vc":"306670","sl":"Элитный","sv":"22567","p":3100.0,"q":23.41,"b":5.82,"ms":15.08,"wi":156.39,"ei":6.41,"as":2315.25,"mi":"E","mv":149647,"sc":1,"lpe":84.92,"lpr":1004.73,"lq":1.29,"d":680780},{"pi":"423861","pc":"Бакалея","ss":100000,"td":"Центр города","dc":1,"n":560.9,"vc":"717226","sl":"Очень высокий","sv":"104242","p":1390.0,"q":23.75,"b":5.47,"ms":12.08,"wi":131.96,"ei":6.72,"as":1776.47,"mi":"E","mv":862915,"sc":1,"lpe":87.92,"lpr":375.91,"lq":1.0,"d":2542506},{"pi":"423861","pc":"Бакалея","ss":100000,"td":"Центр города","dc":1,"n":499.54,"vc":"338658","sl":"Элитный","sv":"50000","p":1480.0,"q":17.19,"b":4.79,"ms":13.18,"wi":109.74,"ei":6.39,"as":1332.06,"mi":"E","mv":379222,"sc":1,"lpe":86.82,"lpr":563.48,"lq":1.0,"d":1607580},{"pi":"423861","pc":"Бакалея","ss":100000,"td":"Центр города","dc":1,"n":494.94,"vc":"315478","sl":"Элитный","sv":"60000","p":1420.0,"q":17.19,"b":4.79,"ms":13.06,"wi":115.61,"ei":6.91,"as":1461.51,"mi":"E","mv":459553,"sc":1,"lpe":86.94,"lpr":1021.78,"lq":1.79,"d":1489874},{"pi":"423861","pc":"Бакалея","ss":100000,"td":"Центр города","dc":1,"n":527.6,"vc":"370004","sl":"Элитный","sv":"37243","p":1000.0,"q":13.15,"b":3.79,"ms":14.52,"wi":86.72,"ei":7.1,"as":871.5,"mi":"E","mv":256481,"sc":2,"lpe":78.85,"lpr":378.17,"lq":1.51,"d":957768},{"pi":"423861","pc":"Бакалея","ss":160000,"td":"Окраина","dc":2,"n":539.93,"vc":"592750","sl":"Нормальный","sv":"16990","p":1000.0,"q":21.42,"b":4.62,"ms":6.62,"wi":86.72,"ei":7.1,"as":871.5,"mi":"E","mv":256481,"sc":2,"lpe":78.85,"lpr":378.17,"lq":1.51,"d":957768},{"pi":"423861","pc":"Бакалея","ss":100000,"td":"Центр города","dc":1,"n":591.0,"vc":"742101","sl":"Очень высокий","sv":"2592","p":3399.0,"q":8.69,"b":2.36566358024691,"ms":5.16,"wi":93.4,"ei":9.12,"as":1117.2,"mi":"E","mv":50236,"sc":1,"lpe":94.84,"lpr":1216.64,"lq":1.0,"d":384781},{"pi":"423861","pc":"Бакалея","ss":100000,"td":"Центр города","dc":1,"n":480.81,"vc":"501924","sl":"Очень высокий","sv":"155000","p":2400.0,"q":15.97,"b":5.41,"ms":19.89,"wi":81.91,"ei":8.82,"as":546.4,"mi":"E","mv":779168,"sc":1,"lpe":80.11,"lpr":872.63,"lq":1.27,"d":2598727},{"pi":"423861","pc":"Бакалея","ss":100,"td":"Центр города","dc":2,"n":0.62,"vc":"107","sl":"Очень низкий","sv":"24","p":1165.87,"q":2.14,"b":0.0,"ms":0.01,"wi":21.71,"ei":9.2,"as":243.81,"mi":"E","mv":210550,"sc":1,"lpe":99.99,"lpr":989.22,"lq":1.0,"d":2418266},{"pi":"423861","pc":"Бакалея","ss":100000,"td":"Центр города","dc":1,"n":370.99,"vc":"80900","sl":"Очень высокий","sv":"36908","p":800.0,"q":8.31,"b":2.47,"ms":12.82,"wi":108.65,"ei":7.35,"as":1291.6,"mi":"E","mv":287890,"sc":1,"lpe":87.18,"lpr":385.78,"lq":1.02,"d":1033752},{"pi":"423861","pc":"Бакалея","ss":5300,"td":"Центр города","dc":4,"n":284.26,"vc":"5552","sl":"Очень высокий","sv":"12","p":4900.0,"q":3.97,"b":0.0,"ms":0.01,"wi":109.29,"ei":6.7,"as":1597.06,"mi":"E","mv":106653,"sc":1,"lpe":99.99,"lpr":2266.11,"lq":1.0,"d":976806},{"pi":"423861","pc":"Бакалея","ss":400,"td":"Центр города","dc":7,"n":237.23,"vc":"477","sl":"Низкий","sv":"17","p":600.0,"q":3.37,"b":0.81,"ms":0.1,"wi":51.98,"ei":6.5,"as":535.5,"mi":"E","mv":17678,"sc":1,"lpe":99.9,"lpr":1028.05,"lq":1.0,"d":154500},{"pi":"423861","pc":"Бакалея","ss":17800,"td":"Центр города","dc":1,"n":37.19,"vc":"3106","sl":"Элитный","sv":"718","p":1300.99,"q":1.0,"b":0.0,"ms":0.19,"wi":51.89,"ei":9.72,"as":380.0,"mi":"E","mv":383856,"sc":1,"lpe":99.81,"lpr":1003.42,"lq":1.0,"d":1850212},{"pi":"423861","pc":"Бакалея","ss":100000,"td":"Центр города","dc":1,"n":452.67,"vc":"510238","sl":"Очень высокий","sv":"166000","p":1250.0,"q":15.97,"b":4.72,"ms":18.27,"wi":89.14,"ei":7.05,"as":1247.63,"mi":"E","mv":908553,"sc":2,"lpe":75.13,"lpr":397.83,"lq":1.03,"d":5900984},{"pi":"423861","pc":"Бакалея","ss":100000,"td":"Центр города","dc":1,"n":475.3,"vc":"422870","sl":"Высокий","sv":"60000","p":1000.0,"q":13.39,"b":0.0,"ms":6.6,"wi":89.14,"ei":7.05,"as":1247.63,"mi":"E","mv":908553,"sc":2,"lpe":75.13,"lpr":397.83,"lq":1.03,"d":5900984},{"pi":"423861","pc":"Бакалея","ss":40000,"td":"Центр города","dc":3,"n":451.6,"vc":"125733","sl":"Низкий","sv":"10","p":3200.0,"q":5.59,"b":0.0,"ms":0.01,"wi":92.28,"ei":6.9,"as":352.04,"mi":"E","mv":168767,"sc":1,"lpe":99.99,"lpr":1024.35,"lq":1.0,"d":995636},{"pi":"423861","pc":"Бакалея","ss":10000,"td":"Фешенебельный район","dc":2,"n":156.65,"vc":"832","sl":"Элитный","sv":"1","p":5000.0,"q":12.86,"b":0.0,"ms":0.0,"wi":45.03,"ei":10.64,"as":673.75,"mi":"E","mv":186251,"sc":1,"lpe":100.0,"lpr":1026.55,"lq":1.0,"d":2541514},{"pi":"423861","pc":"Бакалея","ss":10000,"td":"Центр города","dc":1,"n":459.33,"vc":"71786","sl":"Высокий","sv":"150000","p":1400.0,"q":15.97,"b":4.96,"ms":18.29,"wi":59.25,"ei":8.02,"as":811.4,"mi":"E","mv":819996,"sc":2,"lpe":73.21,"lpr":444.18,"lq":1.09,"d":4968783},{"pi":"423861","pc":"Бакалея","ss":10000,"td":"Центр города","dc":1,"n":531.26,"vc":"81464","sl":"Нормальный","sv":"69643","p":1250.0,"q":13.33,"b":0.0,"ms":8.49,"wi":59.25,"ei":8.02,"as":811.4,"mi":"E","mv":819996,"sc":2,"lpe":73.21,"lpr":444.18,"lq":1.09,"d":4968783},{"pi":"423861","pc":"Бакалея","ss":100000,"td":"Центр города","dc":1,"n":438.64,"vc":"313738","sl":"Элитный","sv":"65000","p":2300.0,"q":15.97,"b":4.72,"ms":19.94,"wi":70.44,"ei":6.28,"as":624.19,"mi":"E","mv":325912,"sc":1,"lpe":80.06,"lpr":898.64,"lq":1.41,"d":2161944},{"pi":"423861","pc":"Бакалея","ss":100000,"td":"Фешенебельный район","dc":1,"n":567.79,"vc":"189927","sl":"Элитный","sv":"175000","p":1350.0,"q":17.19,"b":4.38,"ms":17.35,"wi":107.69,"ei":6.45,"as":681.19,"mi":"E","mv":1008414,"sc":1,"lpe":82.65,"lpr":726.01,"lq":1.18,"d":3351144},{"pi":"423861","pc":"Бакалея","ss":100000,"td":"Центр города","dc":1,"n":486.37,"vc":"328122","sl":"Элитный","sv":"70000","p":1680.0,"q":17.19,"b":4.45,"ms":10.83,"wi":127.75,"ei":7.06,"as":1642.86,"mi":"E","mv":646495,"sc":1,"lpe":89.17,"lpr":1030.94,"lq":1.74,"d":2109186},{"pi":"423861","pc":"Бакалея","ss":100000,"td":"Центр города","dc":1,"n":384.72,"vc":"289080","sl":"Элитный","sv":"350891","p":1100.0,"q":15.98,"b":4.59,"ms":19.17,"wi":40.67,"ei":5.73,"as":513.32,"mi":"E","mv":1830816,"sc":2,"lpe":76.42,"lpr":330.97,"lq":1.0,"d":7527186},{"pi":"423861","pc":"Бакалея","ss":100000,"td":"Центр города","dc":2,"n":405.59,"vc":"235534","sl":"Очень высокий","sv":"80850","p":990.0,"q":13.5,"b":0.84,"ms":4.42,"wi":40.67,"ei":5.73,"as":513.32,"mi":"E","mv":1830816,"sc":2,"lpe":76.42,"lpr":330.97,"lq":1.0,"d":7527186},{"pi":"423861","pc":"Бакалея","ss":100000,"td":"Центр города","dc":1,"n":472.51,"vc":"328612","sl":"Элитный","sv":"60000","p":2200.0,"q":15.97,"b":5.74,"ms":19.66,"wi":73.83,"ei":6.3,"as":571.53,"mi":"E","mv":305263,"sc":1,"lpe":80.34,"lpr":818.09,"lq":1.33,"d":973156},{"pi":"423861","pc":"Бакалея","ss":100000,"td":"Фешенебельный район","dc":5,"n":353.45,"vc":"21043","sl":"Очень высокий","sv":"20068","p":1030.08,"q":9.86,"b":1.05,"ms":0.84,"wi":51.76,"ei":4.41,"as":655.66,"mi":"E","mv":2376222,"sc":1,"lpe":99.16,"lpr":1021.4,"lq":1.0,"d":7172110},{"pi":"423861","pc":"Бакалея","ss":100000,"td":"Спальный район","dc":1,"n":462.96,"vc":"89053","sl":"Элитный","sv":"13295","p":600.0,"q":9.67,"b":3.22,"ms":17.7,"wi":39.55,"ei":4.38,"as":267.33,"mi":"E","mv":75128,"sc":1,"lpe":82.3,"lpr":208.76,"lq":1.01,"d":219870},{"pi":"423861","pc":"Бакалея","ss":100000,"td":"Фешенебельный район","dc":1,"n":588.21,"vc":"371325","sl":"Элитный","sv":"122744","p":1370.0,"q":11.11,"b":4.78,"ms":3.64,"wi":39.97,"ei":5.34,"as":208.05,"mi":"E","mv":3369291,"sc":4,"lpe":96.26,"lpr":580.55,"lq":1.0,"d":12982716},{"pi":"423861","pc":"Бакалея","ss":100000,"td":"Центр города","dc":1,"n":535.91,"vc":"1497027","sl":"Низкий","sv":"2369","p":1125.0,"q":2.3,"b":0.0,"ms":0.07,"wi":39.97,"ei":5.34,"as":208.05,"mi":"E","mv":3369291,"sc":4,"lpe":96.26,"lpr":580.55,"lq":1.0,"d":12982716},{"pi":"423861","pc":"Бакалея","ss":11100,"td":"Центр города","dc":2,"n":253.07,"vc":"17032","sl":"Очень высокий","sv":"898","p":1120.0,"q":3.71,"b":0.0,"ms":0.03,"wi":39.97,"ei":5.34,"as":208.05,"mi":"E","mv":3369291,"sc":4,"lpe":96.26,"lpr":580.55,"lq":1.0,"d":12982716},{"pi":"423861","pc":"Бакалея","ss":2400,"td":"Центр города","dc":3,"n":1.17,"vc":"2180","sl":"Очень высокий","sv":"148","p":900.0,"q":2.15,"b":0.0,"ms":0.0,"wi":39.97,"ei":5.34,"as":208.05,"mi":"E","mv":3369291,"sc":4,"lpe":96.26,"lpr":580.55,"lq":1.0,"d":12982716},{"pi":"423861","pc":"Бакалея","ss":100000,"td":"Фешенебельный район","dc":2,"n":582.11,"vc":"145466","sl":"Элитный","sv":"2743","p":4900.0,"q":12.88,"b":2.44,"ms":0.84,"wi":100.56,"ei":8.23,"as":1206.09,"mi":"E","mv":324964,"sc":1,"lpe":99.16,"lpr":1126.37,"lq":1.0,"d":1395634},{"pi":"423861","pc":"Бакалея","ss":100000,"td":"Фешенебельный район","dc":1,"n":665.48,"vc":"397348","sl":"Элитный","sv":"72376","p":3250.0,"q":17.14,"b":3.07,"ms":12.83,"wi":78.65,"ei":6.43,"as":351.11,"mi":"E","mv":563907,"sc":1,"lpe":87.17,"lpr":895.44,"lq":1.44,"d":1885836},{"pi":"423861","pc":"Бакалея","ss":100000,"td":"Центр города","dc":1,"n":501.65,"vc":"448326","sl":"Элитный","sv":"50000","p":1900.0,"q":15.97,"b":5.64,"ms":19.93,"wi":70.88,"ei":6.3,"as":344.6,"mi":"E","mv":250836,"sc":2,"lpe":73.89,"lpr":730.79,"lq":1.21,"d":1061807},{"pi":"423861","pc":"Бакалея","ss":100000,"td":"Фешенебельный район","dc":1,"n":682.94,"vc":"256255","sl":"Элитный","sv":"15486","p":2840.0,"q":17.09,"b":3.07,"ms":6.17,"wi":70.88,"ei":6.3,"as":344.6,"mi":"E","mv":250836,"sc":2,"lpe":73.89,"lpr":730.79,"lq":1.21,"d":1061807},{"pi":"423861","pc":"Бакалея","ss":100000,"td":"Фешенебельный район","dc":1,"n":686.33,"vc":"246601","sl":"Элитный","sv":"27655","p":3650.0,"q":17.12,"b":3.07,"ms":11.2,"wi":71.14,"ei":6.0,"as":357.48,"mi":"E","mv":246921,"sc":1,"lpe":88.8,"lpr":896.85,"lq":1.18,"d":894855},{"pi":"423861","pc":"Бакалея","ss":100000,"td":"Центр города","dc":2,"n":406.77,"vc":"211450","sl":"Элитный","sv":"11670","p":3999.0,"q":9.69,"b":0.877946872322194,"ms":2.48,"wi":98.78,"ei":7.86,"as":1444.66,"mi":"E","mv":470363,"sc":1,"lpe":97.52,"lpr":1291.83,"lq":1.0,"d":1680666},{"pi":"423861","pc":"Бакалея","ss":100000,"td":"Центр города","dc":1,"n":492.11,"vc":"372920","sl":"Элитный","sv":"72000","p":1880.0,"q":17.19,"b":4.95,"ms":10.32,"wi":116.13,"ei":7.17,"as":2122.22,"mi":"E","mv":697379,"sc":2,"lpe":89.67,"lpr":546.48,"lq":1.01,"d":2596850},{"pi":"423861","pc":"Бакалея","ss":100000,"td":"Центр города","dc":1,"n":377.41,"vc":"123772","sl":"Очень высокий","sv":"28","p":2000.0,"q":8.07,"b":0.0,"ms":0.0,"wi":116.13,"ei":7.17,"as":2122.22,"mi":"E","mv":697379,"sc":2,"lpe":89.67,"lpr":546.48,"lq":1.01,"d":2596850},{"pi":"423861","pc":"Бакалея","ss":100000,"td":"Центр города","dc":1,"n":291.23,"vc":"85848","sl":"Элитный","sv":"135868","p":950.0,"q":5.64,"b":1.64,"ms":4.07,"wi":102.86,"ei":10.85,"as":2744.68,"mi":"E","mv":3340098,"sc":3,"lpe":92.93,"lpr":1478.99,"lq":1.0,"d":9744630},{"pi":"423861","pc":"Бакалея","ss":100000,"td":"Центр города","dc":1,"n":310.52,"vc":"103344","sl":"Элитный","sv":"100000","p":1960.0,"q":13.62,"b":1.34,"ms":2.99,"wi":102.86,"ei":10.85,"as":2744.68,"mi":"E","mv":3340098,"sc":3,"lpe":92.93,"lpr":1478.99,"lq":1.0,"d":9744630},{"pi":"423861","pc":"Бакалея","ss":30000,"td":"Центр города","dc":1,"n":202.02,"vc":"18214","sl":"Элитный","sv":"400","p":755.0,"q":2.07,"b":0.0,"ms":0.01,"wi":102.86,"ei":10.85,"as":2744.68,"mi":"E","mv":3340098,"sc":3,"lpe":92.93,"lpr":1478.99,"lq":1.0,"d":9744630},{"pi":"423861","pc":"Бакалея","ss":100000,"td":"Фешенебельный район","dc":1,"n":687.75,"vc":"209259","sl":"Элитный","sv":"19085","p":3700.0,"q":17.12,"b":3.07,"ms":11.81,"wi":73.18,"ei":7.0,"as":362.16,"mi":"E","mv":161653,"sc":1,"lpe":88.19,"lpr":907.91,"lq":1.0,"d":664549},{"pi":"423861","pc":"Бакалея","ss":10000,"td":"Фешенебельный район","dc":1,"n":579.25,"vc":"15826","sl":"Элитный","sv":"200000","p":700.0,"q":13.39,"b":0.0,"ms":32.57,"wi":66.45,"ei":6.04,"as":318.0,"mi":"D","mv":614138,"sc":2,"lpe":47.57,"lpr":702.48,"lq":1.57,"d":2877864},{"pi":"423861","pc":"Бакалея","ss":10000,"td":"Центр города","dc":1,"n":470.39,"vc":"70749","sl":"Высокий","sv":"122000","p":2250.0,"q":15.97,"b":4.66,"ms":19.87,"wi":66.45,"ei":6.04,"as":318.0,"mi":"D","mv":614138,"sc":2,"lpe":47.57,"lpr":702.48,"lq":1.57,"d":2877864},{"pi":"423861","pc":"Бакалея","ss":300000,"td":"Центр города","dc":2,"n":465.36,"vc":"757143","sl":"Элитный","sv":"42000","p":1750.0,"q":15.97,"b":5.64,"ms":19.81,"wi":78.09,"ei":6.42,"as":548.1,"mi":"E","mv":212056,"sc":2,"lpe":74.44,"lpr":864.97,"lq":1.31,"d":1232684},{"pi":"423861","pc":"Бакалея","ss":100000,"td":"Фешенебельный район","dc":1,"n":690.79,"vc":"436732","sl":"Элитный","sv":"12204","p":3350.0,"q":17.13,"b":3.07,"ms":5.76,"wi":78.09,"ei":6.42,"as":548.1,"mi":"E","mv":212056,"sc":2,"lpe":74.44,"lpr":864.97,"lq":1.31,"d":1232684},{"pi":"423861","pc":"Бакалея","ss":100000,"td":"Центр города","dc":1,"n":454.87,"vc":"403300","sl":"Элитный","sv":"124000","p":2000.0,"q":15.98,"b":4.91,"ms":19.96,"wi":99.69,"ei":9.31,"as":1270.5,"mi":"E","mv":621140,"sc":1,"lpe":80.04,"lpr":928.15,"lq":1.41,"d":2836484},{"pi":"423861","pc":"Бакалея","ss":100000,"td":"Фешенебельный район","dc":1,"n":676.64,"vc":"234825","sl":"Элитный","sv":"40918","p":3050.0,"q":17.16,"b":3.07,"ms":26.55,"wi":61.61,"ei":6.72,"as":599.85,"mi":"E","mv":154090,"sc":1,"lpe":73.45,"lpr":801.01,"lq":1.37,"d":983490},{"pi":"423861","pc":"Бакалея","ss":100,"td":"Центр города","dc":2,"n":0.0,"vc":"72","sl":"Низкий","sv":"1","p":1065.63,"q":2.17,"b":0.0,"ms":0.0,"wi":62.61,"ei":6.29,"as":373.31,"mi":"E","mv":177401,"sc":1,"lpe":100.0,"lpr":977.46,"lq":1.0,"d":774042},{"pi":"423861","pc":"Бакалея","ss":100000,"td":"Фешенебельный район","dc":1,"n":647.34,"vc":"391305","sl":"Элитный","sv":"1633","p":5000.0,"q":17.12,"b":3.07,"ms":0.16,"wi":93.34,"ei":5.0,"as":474.39,"mi":"E","mv":998651,"sc":1,"lpe":99.84,"lpr":1048.02,"lq":1.0,"d":2970884},{"pi":"423861","pc":"Бакалея","ss":100,"td":"Центр города","dc":2,"n":0.19,"vc":"52","sl":"Низкий","sv":"1","p":1015.12,"q":2.17,"b":0.0,"ms":0.0,"wi":22.96,"ei":6.43,"as":313.67,"mi":"E","mv":26487,"sc":1,"lpe":100.0,"lpr":984.53,"lq":1.0,"d":306540},{"pi":"423861","pc":"Бакалея","ss":10000,"td":"Фешенебельный район","dc":1,"n":498.6,"vc":"5436","sl":"Элитный","sv":"156","p":5000.0,"q":12.86,"b":0.0,"ms":0.16,"wi":68.68,"ei":7.55,"as":553.24,"mi":"E","mv":96711,"sc":1,"lpe":99.84,"lpr":1110.61,"lq":1.0,"d":810299},{"pi":"423861","pc":"Бакалея","ss":1200,"td":"Центр города","dc":9,"n":517.4,"vc":"9674","sl":"Очень низкий","sv":"777","p":800.0,"q":2.2,"b":0.0,"ms":1.72,"wi":70.04,"ei":5.87,"as":653.67,"mi":"E","mv":45139,"sc":1,"lpe":98.28,"lpr":1132.29,"lq":1.0,"d":401934},{"pi":"423861","pc":"Бакалея","ss":100000,"td":"Центр города","dc":1,"n":558.47,"vc":"624102","sl":"Очень высокий","sv":"5645","p":3099.0,"q":7.28,"b":1.26238441098317,"ms":7.52,"wi":89.42,"ei":9.5,"as":1197.0,"mi":"E","mv":75102,"sc":1,"lpe":92.48,"lpr":1240.86,"lq":1.0,"d":573484},{"pi":"423861","pc":"Бакалея","ss":200000,"td":"Центр города","dc":2,"n":613.63,"vc":"2995416","sl":"Очень низкий","sv":"70000","p":1500.0,"q":21.6,"b":4.4,"ms":32.24,"wi":96.92,"ei":9.6,"as":1470.0,"mi":"E","mv":217143,"sc":1,"lpe":67.76,"lpr":623.49,"lq":1.96,"d":1347944},{"pi":"423861","pc":"Бакалея","ss":200000,"td":"Центр города","dc":2,"n":558.06,"vc":"2449456","sl":"Низкий","sv":"24908","p":2000.0,"q":21.45,"b":3.71,"ms":2.07,"wi":48.46,"ei":12.08,"as":459.52,"mi":"E","mv":1205149,"sc":1,"lpe":97.93,"lpr":464.62,"lq":1.0,"d":3957256}]