[{"pi":"3965","pc":"Товары для дома","ss":100000,"td":"Фешенебельный район","dc":1,"n":627.74,"vc":"310352","sl":"Элитный","sv":"69","p":100000.0,"q":15.2,"b":0.0,"ms":0.13,"wi":142.59,"ei":5.45,"as":1126.91,"mi":"E","mv":54873,"sc":1,"lpe":99.87,"lpr":25764.02,"lq":1.0,"d":2625432},{"pi":"3965","pc":"Товары для дома","ss":10000,"td":"Фешенебельный район","dc":1,"n":369.01,"vc":"5248","sl":"Элитный","sv":"58","p":15000.0,"q":26.02,"b":2.47,"ms":0.05,"wi":107.17,"ei":9.22,"as":460.05,"mi":"E","mv":111545,"sc":1,"lpe":99.95,"lpr":9795.4,"lq":1.0,"d":4552020},{"pi":"3965","pc":"Товары для дома","ss":1000,"td":"Фешенебельный район","dc":1,"n":439.04,"vc":"870","sl":"Элитный","sv":"1512","p":175000.0,"q":31.37,"b":3.98,"ms":5.15,"wi":195.73,"ei":13.21,"as":1026.42,"mi":"E","mv":29350,"sc":2,"lpe":94.55,"lpr":35035.94,"lq":1.0,"d":1564346},{"pi":"3965","pc":"Товары для дома","ss":1000,"td":"Центр города","dc":1,"n":427.88,"vc":"8170","sl":"Низкий","sv":"89","p":185000.0,"q":26.05,"b":0.289325842696629,"ms":0.3,"wi":195.73,"ei":13.21,"as":1026.42,"mi":"E","mv":29350,"sc":2,"lpe":94.55,"lpr":35035.94,"lq":1.0,"d":1564346},{"pi":"3965","pc":"Товары для дома","ss":1000,"td":"Центр города","dc":1,"n":489.48,"vc":"9036","sl":"Низкий","sv":"1","p":135000.0,"q":27.91,"b":0.0,"ms":0.01,"wi":141.66,"ei":8.35,"as":929.7,"mi":"E","mv":18945,"sc":1,"lpe":99.99,"lpr":18276.1,"lq":1.0,"d":773308},{"pi":"3965","pc":"Товары для дома","ss":100000,"td":"Центр города","dc":2,"n":627.54,"vc":"956142","sl":"Нормальный","sv":"2","p":60000.0,"q":20.73,"b":0.0,"ms":0.0,"wi":113.68,"ei":7.46,"as":854.07,"mi":"E","mv":45740,"sc":1,"lpe":100.0,"lpr":10821.07,"lq":1.0,"d":926586},{"pi":"3965","pc":"Товары для дома","ss":10000,"td":"Центр города","dc":3,"n":306.92,"vc":"12999","sl":"Очень высокий","sv":"300","p":7746.48,"q":20.01,"b":0.0,"ms":1.08,"wi":22.65,"ei":9.49,"as":299.45,"mi":"E","mv":27759,"sc":1,"lpe":98.92,"lpr":2895.32,"lq":1.0,"d":3562339},{"pi":"3965","pc":"Товары для дома","ss":100000,"td":"Центр города","dc":1,"n":445.35,"vc":"266868","sl":"Элитный","sv":"1","p":60222.0,"q":10.39,"b":2.0,"ms":0.0,"wi":40.27,"ei":16.95,"as":446.76,"mi":"E","mv":42345,"sc":1,"lpe":100.0,"lpr":12030.91,"lq":1.0,"d":8101493},{"pi":"3965","pc":"Товары для дома","ss":300000,"td":"Центр города","dc":1,"n":502.48,"vc":"1928623","sl":"Очень высокий","sv":"90760","p":41000.0,"q":47.0,"b":2.95,"ms":13.43,"wi":83.34,"ei":13.03,"as":696.67,"mi":"E","mv":675596,"sc":5,"lpe":82.59,"lpr":11023.67,"lq":3.09,"d":20489316},{"pi":"3965","pc":"Товары для дома","ss":100000,"td":"Фешенебельный район","dc":1,"n":560.37,"vc":"222204","sl":"Элитный","sv":"22082","p":62000.0,"q":49.6,"b":2.83,"ms":3.27,"wi":83.34,"ei":13.03,"as":696.67,"mi":"E","mv":675596,"sc":5,"lpe":82.59,"lpr":11023.67,"lq":3.09,"d":20489316},{"pi":"3965","pc":"Товары для дома","ss":300000,"td":"Центр города","dc":1,"n":648.04,"vc":"11718111","sl":"Очень низкий","sv":"4669","p":30000.0,"q":43.96,"b":4.59,"ms":0.69,"wi":83.34,"ei":13.03,"as":696.67,"mi":"E","mv":675596,"sc":5,"lpe":82.59,"lpr":11023.67,"lq":3.09,"d":20489316},{"pi":"3965","pc":"Товары для дома","ss":200000,"td":"Фешенебельный район","dc":1,"n":644.31,"vc":"1068397","sl":"Очень высокий","sv":"61","p":110000.0,"q":34.3,"b":5.60196721311475,"ms":0.01,"wi":83.34,"ei":13.03,"as":696.67,"mi":"E","mv":675596,"sc":5,"lpe":82.59,"lpr":11023.67,"lq":3.09,"d":20489316},{"pi":"3965","pc":"Товары для дома","ss":300000,"td":"Фешенебельный район","dc":1,"n":684.38,"vc":"1661641","sl":"Очень высокий","sv":"44","p":115000.0,"q":33.74,"b":5.61090909090909,"ms":0.01,"wi":83.34,"ei":13.03,"as":696.67,"mi":"E","mv":675596,"sc":5,"lpe":82.59,"lpr":11023.67,"lq":3.09,"d":20489316},{"pi":"3965","pc":"Товары для дома","ss":110000,"td":"Центр города","dc":2,"n":573.23,"vc":"923090","sl":"Нормальный","sv":"214","p":46800.0,"q":27.37,"b":7.38,"ms":1.46,"wi":60.56,"ei":8.15,"as":1141.27,"mi":"E","mv":14639,"sc":1,"lpe":98.54,"lpr":6766.2,"lq":1.0,"d":891214},{"pi":"3965","pc":"Товары для дома","ss":100000,"td":"Центр города","dc":2,"n":395.55,"vc":"44624","sl":"Элитный","sv":"142","p":7000.0,"q":9.48,"b":1.91,"ms":6.36,"wi":28.88,"ei":8.84,"as":467.12,"mi":"E","mv":2234,"sc":1,"lpe":93.64,"lpr":1627.86,"lq":1.0,"d":304295},{"pi":"3965","pc":"Товары для дома","ss":1000,"td":"Центр города","dc":1,"n":410.02,"vc":"4265","sl":"Высокий","sv":"500","p":14349.09,"q":15.76,"b":2.68,"ms":1.06,"wi":162.11,"ei":6.8,"as":607.03,"mi":"E","mv":47008,"sc":2,"lpe":98.92,"lpr":14086.81,"lq":1.0,"d":1036620},{"pi":"3965","pc":"Товары для дома","ss":1000,"td":"Фешенебельный район","dc":1,"n":438.94,"vc":"753","sl":"Элитный","sv":"10","p":46999.0,"q":43.93,"b":0.0,"ms":0.02,"wi":162.11,"ei":6.8,"as":607.03,"mi":"E","mv":47008,"sc":2,"lpe":98.92,"lpr":14086.81,"lq":1.0,"d":1036620},{"pi":"3965","pc":"Товары для дома","ss":500,"td":"Фешенебельный район","dc":1,"n":521.32,"vc":"602","sl":"Элитный","sv":"2320","p":16000.0,"q":38.63,"b":6.54,"ms":12.18,"wi":168.18,"ei":6.1,"as":1689.91,"mi":"E","mv":19042,"sc":1,"lpe":87.82,"lpr":3429.34,"lq":1.03,"d":693286},{"pi":"3965","pc":"Товары для дома","ss":110000,"td":"Центр города","dc":3,"n":613.75,"vc":"1385093","sl":"Низкий","sv":"2408","p":46800.0,"q":27.35,"b":5.82,"ms":3.15,"wi":86.3,"ei":12.01,"as":561.48,"mi":"E","mv":76416,"sc":2,"lpe":93.7,"lpr":9585.45,"lq":1.0,"d":3090865},{"pi":"3965","pc":"Товары для дома","ss":110000,"td":"Центр города","dc":3,"n":613.75,"vc":"1385093","sl":"Низкий","sv":"2408","p":46800.0,"q":27.35,"b":5.82,"ms":3.15,"wi":86.3,"ei":12.01,"as":561.48,"mi":"E","mv":76416,"sc":2,"lpe":93.7,"lpr":9585.45,"lq":1.0,"d":3090865},{"pi":"3965","pc":"Товары для дома","ss":1000,"td":"Центр города","dc":1,"n":316.33,"vc":"3742","sl":"Высокий","sv":"1","p":45000.0,"q":14.68,"b":2.12,"ms":0.01,"wi":34.89,"ei":10.02,"as":171.65,"mi":"E","mv":18415,"sc":1,"lpe":99.99,"lpr":6289.78,"lq":1.0,"d":6058254},{"pi":"3965","pc":"Товары для дома","ss":1000,"td":"Центр города","dc":1,"n":301.61,"vc":"3740","sl":"Высокий","sv":"10000","p":18000.0,"q":13.77,"b":1.12,"ms":31.88,"wi":118.42,"ei":12.71,"as":884.15,"mi":"E","mv":31365,"sc":1,"lpe":68.12,"lpr":8606.01,"lq":1.78,"d":2080793},{"pi":"3965","pc":"Товары для дома","ss":40000,"td":"Центр города","dc":1,"n":488.41,"vc":"66420","sl":"Высокий","sv":"10","p":20000.0,"q":8.55,"b":1.539,"ms":0.4,"wi":36.9,"ei":7.61,"as":307.09,"mi":"E","mv":2524,"sc":1,"lpe":99.6,"lpr":3712.11,"lq":1.0,"d":291175},{"pi":"3965","pc":"Товары для дома","ss":100000,"td":"Спальный район","dc":1,"n":512.78,"vc":"140601","sl":"Элитный","sv":"38","p":50000.0,"q":24.57,"b":2.62,"ms":0.72,"wi":62.95,"ei":12.06,"as":447.49,"mi":"E","mv":5304,"sc":1,"lpe":99.28,"lpr":8553.54,"lq":1.0,"d":511186},{"pi":"3965","pc":"Товары для дома","ss":100000,"td":"Центр города","dc":1,"n":594.32,"vc":"2533358","sl":"Низкий","sv":"19531","p":77216.57,"q":33.03,"b":0.0,"ms":10.83,"wi":580.59,"ei":9.87,"as":2948.05,"mi":"E","mv":180304,"sc":2,"lpe":89.17,"lpr":35530.31,"lq":1.1,"d":11725516},{"pi":"3965","pc":"Товары для дома","ss":100000,"td":"Центр города","dc":1,"n":391.12,"vc":"359031","sl":"Элитный","sv":"1","p":185000.0,"q":27.91,"b":0.14,"ms":0.0,"wi":580.59,"ei":9.87,"as":2948.05,"mi":"E","mv":180304,"sc":2,"lpe":89.17,"lpr":35530.31,"lq":1.1,"d":11725516},{"pi":"3965","pc":"Товары для дома","ss":100000,"td":"Центр города","dc":1,"n":501.91,"vc":"449103","sl":"Элитный","sv":"40","p":150000.0,"q":34.2,"b":6.4,"ms":0.02,"wi":116.49,"ei":14.1,"as":931.58,"mi":"E","mv":162445,"sc":2,"lpe":99.96,"lpr":20683.99,"lq":1.0,"d":3374474},{"pi":"3965","pc":"Товары для дома","ss":100000,"td":"Центр города","dc":1,"n":426.47,"vc":"326156","sl":"Элитный","sv":"23","p":150000.0,"q":30.78,"b":2.18782608695652,"ms":0.01,"wi":116.49,"ei":14.1,"as":931.58,"mi":"E","mv":162445,"sc":2,"lpe":99.96,"lpr":20683.99,"lq":1.0,"d":3374474},{"pi":"3965","pc":"Товары для дома","ss":100000,"td":"Центр города","dc":1,"n":390.7,"vc":"130700","sl":"Элитный","sv":"4000","p":80000.0,"q":20.92,"b":0.0,"ms":8.92,"wi":220.26,"ei":20.81,"as":3401.1,"mi":"E","mv":44865,"sc":2,"lpe":91.06,"lpr":41459.09,"lq":1.0,"d":2105680},{"pi":"3965","pc":"Товары для дома","ss":100000,"td":"Центр города","dc":1,"n":363.89,"vc":"151496","sl":"Элитный","sv":"9","p":185000.0,"q":28.5,"b":0.358888888888889,"ms":0.02,"wi":220.26,"ei":20.81,"as":3401.1,"mi":"E","mv":44865,"sc":2,"lpe":91.06,"lpr":41459.09,"lq":1.0,"d":2105680},{"pi":"3965","pc":"Товары для дома","ss":110000,"td":"Центр города","dc":2,"n":671.09,"vc":"1924466","sl":"Низкий","sv":"3858","p":46800.0,"q":27.35,"b":6.53,"ms":8.92,"wi":135.43,"ei":15.38,"as":2467.59,"mi":"E","mv":43266,"sc":1,"lpe":91.08,"lpr":15312.8,"lq":1.0,"d":1529050},{"pi":"3965","pc":"Товары для дома","ss":110000,"td":"Центр города","dc":2,"n":679.36,"vc":"1703921","sl":"Низкий","sv":"3660","p":46700.0,"q":27.35,"b":6.53,"ms":8.28,"wi":107.88,"ei":9.2,"as":625.98,"mi":"E","mv":44219,"sc":1,"lpe":91.72,"lpr":12768.05,"lq":1.0,"d":1112915},{"pi":"3965","pc":"Товары для дома","ss":110000,"td":"Центр города","dc":2,"n":652.16,"vc":"915856","sl":"Нормальный","sv":"2730","p":46700.0,"q":27.35,"b":6.53,"ms":8.39,"wi":160.47,"ei":7.92,"as":581.26,"mi":"E","mv":32548,"sc":1,"lpe":91.61,"lpr":13413.04,"lq":1.0,"d":694541},{"pi":"3965","pc":"Товары для дома","ss":110000,"td":"Центр города","dc":2,"n":611.75,"vc":"983716","sl":"Нормальный","sv":"4105","p":46700.0,"q":27.34,"b":6.53,"ms":9.9,"wi":115.69,"ei":10.0,"as":1006.41,"mi":"E","mv":41453,"sc":1,"lpe":90.1,"lpr":11972.09,"lq":1.0,"d":1206568},{"pi":"3965","pc":"Товары для дома","ss":10000,"td":"Фешенебельный район","dc":3,"n":273.34,"vc":"2425","sl":"Элитный","sv":"1","p":60000.0,"q":12.0,"b":0.0,"ms":0.0,"wi":80.69,"ei":5.73,"as":687.91,"mi":"E","mv":290755,"sc":2,"lpe":100.0,"lpr":14793.97,"lq":1.0,"d":8888088},{"pi":"3965","pc":"Товары для дома","ss":90000,"td":"Центр города","dc":6,"n":247.37,"vc":"50579","sl":"Низкий","sv":"1","p":38000.0,"q":2.04,"b":0.0,"ms":0.0,"wi":80.69,"ei":5.73,"as":687.91,"mi":"E","mv":290755,"sc":2,"lpe":100.0,"lpr":14793.97,"lq":1.0,"d":8888088},{"pi":"3965","pc":"Товары для дома","ss":100000,"td":"Центр города","dc":1,"n":385.33,"vc":"176710","sl":"Элитный","sv":"1","p":150000.0,"q":36.82,"b":2.61,"ms":0.0,"wi":136.28,"ei":11.08,"as":1588.49,"mi":"E","mv":35534,"sc":1,"lpe":100.0,"lpr":28303.06,"lq":1.0,"d":1822464},{"pi":"3965","pc":"Товары для дома","ss":300000,"td":"Фешенебельный район","dc":1,"n":657.27,"vc":"1410434","sl":"Элитный","sv":"1589","p":26000.0,"q":44.76,"b":3.15,"ms":0.42,"wi":77.65,"ei":7.55,"as":555.9,"mi":"E","mv":374206,"sc":1,"lpe":99.58,"lpr":5844.21,"lq":1.0,"d":8479464},{"pi":"3965","pc":"Товары для дома","ss":300000,"td":"Фешенебельный район","dc":10,"n":476.51,"vc":"198060","sl":"Очень низкий","sv":"609","p":26750.0,"q":9.63,"b":0.0,"ms":0.14,"wi":70.74,"ei":5.83,"as":540.88,"mi":"E","mv":443901,"sc":1,"lpe":99.86,"lpr":8170.57,"lq":1.0,"d":14160214},{"pi":"3965","pc":"Товары для дома","ss":200000,"td":"Спальный район","dc":4,"n":677.46,"vc":"2827512","sl":"Очень низкий","sv":"3000","p":15980.52,"q":20.01,"b":3.43,"ms":4.43,"wi":92.2,"ei":8.33,"as":1105.16,"mi":"E","mv":67743,"sc":1,"lpe":95.57,"lpr":15835.09,"lq":1.0,"d":1433235},{"pi":"3965","pc":"Товары для дома","ss":12000,"td":"Фешенебельный район","dc":1,"n":497.19,"vc":"11876","sl":"Элитный","sv":"2727","p":40000.0,"q":24.38,"b":3.76,"ms":14.85,"wi":66.66,"ei":4.91,"as":403.45,"mi":"E","mv":18361,"sc":1,"lpe":85.15,"lpr":8705.15,"lq":1.33,"d":1976070},{"pi":"3965","pc":"Товары для дома","ss":50000,"td":"Центр города","dc":3,"n":547.29,"vc":"141431","sl":"Высокий","sv":"438","p":63000.0,"q":22.81,"b":0.0,"ms":6.21,"wi":124.17,"ei":11.83,"as":1344.29,"mi":"E","mv":7049,"sc":1,"lpe":93.79,"lpr":17652.63,"lq":1.0,"d":322137},{"pi":"3965","pc":"Товары для дома","ss":10000,"td":"Центр города","dc":1,"n":593.37,"vc":"64070","sl":"Низкий","sv":"2222","p":2030.0,"q":15.83,"b":1.8,"ms":2.31,"wi":22.25,"ei":12.83,"as":406.32,"mi":"E","mv":96063,"sc":1,"lpe":97.69,"lpr":2019.24,"lq":1.0,"d":10279176},{"pi":"3965","pc":"Товары для дома","ss":10000,"td":"Спальный район","dc":3,"n":466.46,"vc":"27951","sl":"Нормальный","sv":"1600","p":19143.64,"q":20.01,"b":3.0,"ms":2.34,"wi":202.73,"ei":8.63,"as":2063.52,"mi":"E","mv":68482,"sc":2,"lpe":96.93,"lpr":30712.42,"lq":1.0,"d":1595320},{"pi":"3965","pc":"Товары для дома","ss":100000,"td":"Центр города","dc":1,"n":521.25,"vc":"416165","sl":"Элитный","sv":"500","p":90000.0,"q":31.37,"b":4.73,"ms":0.73,"wi":202.73,"ei":8.63,"as":2063.52,"mi":"E","mv":68482,"sc":2,"lpe":96.93,"lpr":30712.42,"lq":1.0,"d":1595320},{"pi":"3965","pc":"Товары для дома","ss":100000,"td":"Центр города","dc":3,"n":589.83,"vc":"432372","sl":"Нормальный","sv":"3300","p":8397.81,"q":20.01,"b":3.43,"ms":14.47,"wi":133.16,"ei":5.87,"as":324.89,"mi":"E","mv":22811,"sc":1,"lpe":85.53,"lpr":3670.97,"lq":1.07,"d":424399},{"pi":"3965","pc":"Товары для дома","ss":70000,"td":"Центр города","dc":1,"n":330.53,"vc":"45690","sl":"Высокий","sv":"5192","p":40000.0,"q":11.88,"b":0.459645608628659,"ms":46.72,"wi":71.23,"ei":6.96,"as":232.12,"mi":"E","mv":11112,"sc":1,"lpe":53.28,"lpr":11312.31,"lq":1.13,"d":801852},{"pi":"3965","pc":"Товары для дома","ss":500,"td":"Фешенебельный район","dc":1,"n":745.1,"vc":"301","sl":"Элитный","sv":"58","p":40000.0,"q":33.53,"b":10.1465517241379,"ms":20.79,"wi":116.82,"ei":8.62,"as":5345.82,"mi":"D","mv":279,"sc":3,"lpe":45.16,"lpr":13369.79,"lq":3.72,"d":183093},{"pi":"3965","pc":"Товары для дома","ss":500,"td":"Центр города","dc":1,"n":703.39,"vc":"2432","sl":"Нормальный","sv":"54","p":16910.265,"q":35.55,"b":1.0,"ms":19.35,"wi":116.82,"ei":8.62,"as":5345.82,"mi":"D","mv":279,"sc":3,"lpe":45.16,"lpr":13369.79,"lq":3.72,"d":183093},{"pi":"3965","pc":"Товары для дома","ss":500,"td":"Центр города","dc":2,"n":715.35,"vc":"2586","sl":"Низкий","sv":"41","p":16923.98,"q":43.82,"b":0.0,"ms":14.7,"wi":116.82,"ei":8.62,"as":5345.82,"mi":"D","mv":279,"sc":3,"lpe":45.16,"lpr":13369.79,"lq":3.72,"d":183093},{"pi":"3965","pc":"Товары для дома","ss":11000,"td":"Спальный район","dc":1,"n":483.18,"vc":"24722","sl":"Элитный","sv":"121","p":35000.0,"q":22.26,"b":0.0,"ms":0.34,"wi":90.08,"ei":18.73,"as":3035.93,"mi":"E","mv":36005,"sc":1,"lpe":99.66,"lpr":10650.87,"lq":1.0,"d":637476},{"pi":"3965","pc":"Товары для дома","ss":10000,"td":"Спальный район","dc":2,"n":608.78,"vc":"32243","sl":"Высокий","sv":"760","p":7612.58,"q":20.01,"b":3.43,"ms":14.43,"wi":88.57,"ei":3.96,"as":281.42,"mi":"E","mv":5266,"sc":1,"lpe":85.57,"lpr":4753.8,"lq":1.35,"d":230075},{"pi":"3965","pc":"Товары для дома","ss":20000,"td":"Центр города","dc":1,"n":332.09,"vc":"34257","sl":"Элитный","sv":"2","p":120000.0,"q":22.07,"b":0.69,"ms":0.0,"wi":74.27,"ei":14.22,"as":1277.56,"mi":"E","mv":126124,"sc":1,"lpe":100.0,"lpr":17802.7,"lq":1.0,"d":5772544},{"pi":"3965","pc":"Товары для дома","ss":100000,"td":"Центр города","dc":1,"n":392.03,"vc":"200402","sl":"Элитный","sv":"6","p":150000.0,"q":21.72,"b":0.168333333333333,"ms":0.02,"wi":164.16,"ei":12.48,"as":1555.04,"mi":"E","mv":28400,"sc":1,"lpe":99.98,"lpr":29918.66,"lq":1.0,"d":2161680},{"pi":"3965","pc":"Товары для дома","ss":1000,"td":"Спальный район","dc":2,"n":343.66,"vc":"2558","sl":"Нормальный","sv":"125","p":48098.39,"q":1.24,"b":0.0,"ms":0.35,"wi":108.39,"ei":12.16,"as":1105.02,"mi":"E","mv":35469,"sc":2,"lpe":99.6,"lpr":38743.24,"lq":1.0,"d":8102379},{"pi":"3965","pc":"Товары для дома","ss":1000,"td":"Центр города","dc":1,"n":416.28,"vc":"7706","sl":"Низкий","sv":"18","p":150000.0,"q":35.28,"b":0.0,"ms":0.05,"wi":108.39,"ei":12.16,"as":1105.02,"mi":"E","mv":35469,"sc":2,"lpe":99.6,"lpr":38743.24,"lq":1.0,"d":8102379},{"pi":"3965","pc":"Товары для дома","ss":1000,"td":"Центр города","dc":1,"n":412.12,"vc":"3832","sl":"Высокий","sv":"6356","p":30377.5959723096,"q":13.8,"b":1.19551919446193,"ms":100.0,"wi":49.08,"ei":5.87,"as":830.16,"mi":"C","mv":6356,"sc":1,"lpe":0.0,"lpr":13922.61,"lq":1.58,"d":2184132},{"pi":"3965","pc":"Товары для дома","ss":300000,"td":"Центр города","dc":2,"n":524.84,"vc":"2302524","sl":"Нормальный","sv":"18","p":80000.0,"q":21.09,"b":0.0,"ms":0.01,"wi":90.06,"ei":7.72,"as":698.25,"mi":"E","mv":265552,"sc":1,"lpe":99.99,"lpr":19958.23,"lq":1.0,"d":5775520},{"pi":"3965","pc":"Товары для дома","ss":300000,"td":"Фешенебельный район","dc":10,"n":592.62,"vc":"230833","sl":"Очень высокий","sv":"57","p":3619.0,"q":10.46,"b":0.299649122807018,"ms":0.15,"wi":100.84,"ei":7.56,"as":520.44,"mi":"E","mv":38637,"sc":1,"lpe":99.85,"lpr":1083.64,"lq":1.0,"d":1531863},{"pi":"3965","pc":"Товары для дома","ss":100000,"td":"Фешенебельный район","dc":1,"n":540.76,"vc":"134744","sl":"Элитный","sv":"10587","p":50000.0,"q":27.47,"b":3.46,"ms":7.71,"wi":115.13,"ei":10.09,"as":1162.2,"mi":"E","mv":137359,"sc":2,"lpe":92.29,"lpr":13541.98,"lq":1.0,"d":2640684},{"pi":"3965","pc":"Товары для дома","ss":300000,"td":"Фешенебельный район","dc":1,"n":689.68,"vc":"1280306","sl":"Элитный","sv":"7","p":90000.0,"q":28.96,"b":0.0,"ms":0.01,"wi":115.13,"ei":10.09,"as":1162.2,"mi":"E","mv":137359,"sc":2,"lpe":92.29,"lpr":13541.98,"lq":1.0,"d":2640684},{"pi":"3965","pc":"Товары для дома","ss":100000,"td":"Центр города","dc":1,"n":610.62,"vc":"497161","sl":"Очень высокий","sv":"500","p":150000.0,"q":31.37,"b":6.31,"ms":5.83,"wi":214.1,"ei":9.16,"as":5915.59,"mi":"E","mv":8572,"sc":1,"lpe":94.17,"lpr":48064.01,"lq":1.0,"d":260774},{"pi":"3965","pc":"Товары для дома","ss":110000,"td":"Центр города","dc":2,"n":632.81,"vc":"1329066","sl":"Низкий","sv":"533","p":46700.0,"q":27.38,"b":6.98,"ms":2.21,"wi":55.94,"ei":9.68,"as":843.1,"mi":"E","mv":24115,"sc":1,"lpe":97.79,"lpr":7619.69,"lq":1.0,"d":1537418},{"pi":"3965","pc":"Товары для дома","ss":1000,"td":"Центр города","dc":1,"n":232.54,"vc":"1209","sl":"Элитный","sv":"1","p":50000.0,"q":42.51,"b":0.0,"ms":0.0,"wi":33.94,"ei":9.33,"as":329.35,"mi":"E","mv":22546,"sc":1,"lpe":100.0,"lpr":6909.86,"lq":1.0,"d":3445595},{"pi":"3965","pc":"Товары для дома","ss":8000,"td":"Фешенебельный район","dc":6,"n":534.35,"vc":"6492","sl":"Очень высокий","sv":"350","p":55000.0,"q":20.89,"b":0.0,"ms":3.46,"wi":569.01,"ei":12.9,"as":1275.08,"mi":"E","mv":10125,"sc":1,"lpe":96.54,"lpr":28958.61,"lq":1.0,"d":1186465},{"pi":"3965","pc":"Товары для дома","ss":300000,"td":"Фешенебельный район","dc":10,"n":476.51,"vc":"63931","sl":"Низкий","sv":"689","p":28420.0,"q":15.13,"b":0.0,"ms":1.97,"wi":108.65,"ei":9.7,"as":659.71,"mi":"E","mv":34921,"sc":1,"lpe":98.03,"lpr":7644.79,"lq":1.0,"d":989257},{"pi":"3965","pc":"Товары для дома","ss":300000,"td":"Фешенебельный район","dc":1,"n":633.88,"vc":"989382","sl":"Элитный","sv":"642","p":55000.0,"q":32.5,"b":4.75,"ms":0.28,"wi":106.09,"ei":9.92,"as":695.71,"mi":"E","mv":231718,"sc":1,"lpe":99.72,"lpr":10448.16,"lq":1.0,"d":5851042},{"pi":"3965","pc":"Товары для дома","ss":100000,"td":"Центр города","dc":1,"n":594.46,"vc":"1466438","sl":"Нормальный","sv":"10000","p":50000.0,"q":43.96,"b":4.78,"ms":2.96,"wi":230.26,"ei":11.11,"as":807.34,"mi":"E","mv":338139,"sc":2,"lpe":97.04,"lpr":28827.6,"lq":1.0,"d":7803456},{"pi":"3965","pc":"Товары для дома","ss":100000,"td":"Центр города","dc":1,"n":390.14,"vc":"308404","sl":"Элитный","sv":"1","p":150000.0,"q":27.91,"b":0.0,"ms":0.0,"wi":230.26,"ei":11.11,"as":807.34,"mi":"E","mv":338139,"sc":2,"lpe":97.04,"lpr":28827.6,"lq":1.0,"d":7803456},{"pi":"3965","pc":"Товары для дома","ss":300000,"td":"Фешенебельный район","dc":10,"n":587.05,"vc":"324173","sl":"Высокий","sv":"34","p":20470.0,"q":9.64,"b":0.0,"ms":0.03,"wi":67.32,"ei":8.28,"as":624.79,"mi":"E","mv":105311,"sc":1,"lpe":99.97,"lpr":6279.7,"lq":1.0,"d":2781411},{"pi":"3965","pc":"Товары для дома","ss":300000,"td":"Фешенебельный район","dc":10,"n":476.41,"vc":"116679","sl":"Нормальный","sv":"6","p":112800.0,"q":20.52,"b":0.0,"ms":0.01,"wi":185.66,"ei":10.64,"as":511.0,"mi":"E","mv":49534,"sc":2,"lpe":99.98,"lpr":27496.07,"lq":1.0,"d":4054442},{"pi":"3965","pc":"Товары для дома","ss":300000,"td":"Фешенебельный район","dc":10,"n":476.41,"vc":"116679","sl":"Нормальный","sv":"6","p":112800.0,"q":20.52,"b":0.0,"ms":0.01,"wi":185.66,"ei":10.64,"as":511.0,"mi":"E","mv":49534,"sc":2,"lpe":99.98,"lpr":27496.07,"lq":1.0,"d":4054442},{"pi":"3965","pc":"Товары для дома","ss":100000,"td":"Центр города","dc":1,"n":456.14,"vc":"282884","sl":"Элитный","sv":"1","p":120000.0,"q":27.91,"b":0.0,"ms":0.0,"wi":98.93,"ei":8.05,"as":519.6,"mi":"E","mv":47137,"sc":1,"lpe":100.0,"lpr":16269.12,"lq":1.0,"d":3303982},{"pi":"3965","pc":"Товары для дома","ss":100000,"td":"Центр города","dc":2,"n":431.65,"vc":"93393","sl":"Очень высокий","sv":"233","p":28000.0,"q":13.87,"b":2.12,"ms":1.58,"wi":64.41,"ei":7.13,"as":735.66,"mi":"E","mv":14749,"sc":1,"lpe":98.42,"lpr":5961.92,"lq":1.0,"d":657693},{"pi":"3965","pc":"Товары для дома","ss":110000,"td":"Центр города","dc":3,"n":659.75,"vc":"1717390","sl":"Низкий","sv":"1756","p":46700.0,"q":27.35,"b":6.28,"ms":2.19,"wi":67.74,"ei":11.25,"as":565.7,"mi":"E","mv":80276,"sc":2,"lpe":95.73,"lpr":9243.5,"lq":1.0,"d":2564793},{"pi":"3965","pc":"Товары для дома","ss":110000,"td":"Центр города","dc":3,"n":651.47,"vc":"1584696","sl":"Низкий","sv":"1670","p":46700.0,"q":27.35,"b":6.28,"ms":2.08,"wi":67.74,"ei":11.25,"as":565.7,"mi":"E","mv":80276,"sc":2,"lpe":95.73,"lpr":9243.5,"lq":1.0,"d":2564793},{"pi":"3965","pc":"Товары для дома","ss":100000,"td":"Центр города","dc":1,"n":564.69,"vc":"430274","sl":"Элитный","sv":"210","p":200000.0,"q":31.37,"b":4.24,"ms":6.77,"wi":112.45,"ei":9.29,"as":2033.03,"mi":"E","mv":3100,"sc":1,"lpe":93.23,"lpr":49291.01,"lq":1.0,"d":532011},{"pi":"3965","pc":"Товары для дома","ss":300000,"td":"Фешенебельный район","dc":1,"n":665.43,"vc":"1449150","sl":"Элитный","sv":"9747","p":41000.0,"q":49.28,"b":3.25,"ms":6.04,"wi":70.9,"ei":6.2,"as":767.71,"mi":"E","mv":161450,"sc":1,"lpe":93.96,"lpr":7457.69,"lq":1.0,"d":7321662},{"pi":"3965","pc":"Товары для дома","ss":100000,"td":"Центр города","dc":1,"n":522.17,"vc":"446157","sl":"Элитный","sv":"4","p":150000.0,"q":29.5,"b":0.305,"ms":0.02,"wi":223.33,"ei":14.29,"as":2786.11,"mi":"E","mv":19563,"sc":1,"lpe":99.98,"lpr":29691.23,"lq":1.0,"d":761160},{"pi":"3965","pc":"Товары для дома","ss":300000,"td":"Фешенебельный район","dc":10,"n":476.51,"vc":"121746","sl":"Низкий","sv":"118","p":27970.0,"q":9.63,"b":0.0,"ms":0.07,"wi":101.64,"ei":8.07,"as":619.76,"mi":"E","mv":162621,"sc":1,"lpe":99.93,"lpr":8565.28,"lq":1.0,"d":3525358},{"pi":"3965","pc":"Товары для дома","ss":300000,"td":"Фешенебельный район","dc":10,"n":603.15,"vc":"421352","sl":"Высокий","sv":"662","p":66180.0,"q":13.93,"b":0.0,"ms":0.46,"wi":112.22,"ei":9.88,"as":716.49,"mi":"E","mv":143493,"sc":1,"lpe":99.54,"lpr":18303.8,"lq":1.0,"d":3780942},{"pi":"3965","pc":"Товары для дома","ss":300000,"td":"Фешенебельный район","dc":10,"n":476.51,"vc":"96163","sl":"Очень низкий","sv":"3536","p":3531.0,"q":9.63,"b":0.0,"ms":5.79,"wi":26.83,"ei":6.38,"as":404.59,"mi":"E","mv":61084,"sc":1,"lpe":94.21,"lpr":1080.7,"lq":1.0,"d":1796957},{"pi":"3965","pc":"Товары для дома","ss":110000,"td":"Центр города","dc":2,"n":328.67,"vc":"161698","sl":"Очень высокий","sv":"20000","p":17000.0,"q":21.72,"b":0.0,"ms":9.06,"wi":88.59,"ei":8.74,"as":1050.67,"mi":"E","mv":220717,"sc":2,"lpe":86.41,"lpr":13703.52,"lq":2.64,"d":5472896},{"pi":"3965","pc":"Товары для дома","ss":300000,"td":"Центр города","dc":1,"n":685.31,"vc":"10562271","sl":"Очень низкий","sv":"10000","p":20000.0,"q":43.96,"b":5.1,"ms":4.53,"wi":88.59,"ei":8.74,"as":1050.67,"mi":"E","mv":220717,"sc":2,"lpe":86.41,"lpr":13703.52,"lq":2.64,"d":5472896},{"pi":"3965","pc":"Товары для дома","ss":10000,"td":"Спальный район","dc":7,"n":14.48,"vc":"933","sl":"Низкий","sv":"9","p":1362.91,"q":18.65,"b":0.07,"ms":0.01,"wi":36.4,"ei":14.36,"as":557.66,"mi":"E","mv":108096,"sc":1,"lpe":99.99,"lpr":1704.13,"lq":1.0,"d":4715226},{"pi":"3965","pc":"Товары для дома","ss":100000,"td":"Центр города","dc":3,"n":482.02,"vc":"188719","sl":"Очень высокий","sv":"105","p":7095.2380952381,"q":46.67,"b":0.0952380952380952,"ms":0.51,"wi":15.14,"ei":3.8,"as":231.17,"mi":"E","mv":20760,"sc":1,"lpe":99.49,"lpr":1085.58,"lq":1.0,"d":1671699},{"pi":"3965","pc":"Товары для дома","ss":110000,"td":"Спальный район","dc":1,"n":431.53,"vc":"130918","sl":"Элитный","sv":"4","p":25000.0,"q":41.62,"b":0.0,"ms":0.03,"wi":20.51,"ei":6.53,"as":281.58,"mi":"E","mv":12835,"sc":1,"lpe":99.97,"lpr":3344.37,"lq":1.0,"d":1717880},{"pi":"3965","pc":"Товары для дома","ss":300000,"td":"Центр города","dc":1,"n":648.68,"vc":"10450926","sl":"Очень низкий","sv":"61211","p":35000.0,"q":43.96,"b":4.34,"ms":12.26,"wi":97.02,"ei":6.7,"as":1496.04,"mi":"E","mv":499456,"sc":4,"lpe":87.57,"lpr":19803.68,"lq":3.53,"d":14518620},{"pi":"3965","pc":"Товары для дома","ss":300000,"td":"Фешенебельный район","dc":10,"n":532.12,"vc":"340970","sl":"Высокий","sv":"752","p":43370.0,"q":9.77,"b":0.0124468085106383,"ms":0.15,"wi":97.02,"ei":6.7,"as":1496.04,"mi":"E","mv":499456,"sc":4,"lpe":87.57,"lpr":19803.68,"lq":3.53,"d":14518620},{"pi":"3965","pc":"Товары для дома","ss":300000,"td":"Фешенебельный район","dc":1,"n":597.74,"vc":"960885","sl":"Элитный","sv":"116","p":100000.0,"q":29.97,"b":0.0,"ms":0.02,"wi":97.02,"ei":6.7,"as":1496.04,"mi":"E","mv":499456,"sc":4,"lpe":87.57,"lpr":19803.68,"lq":3.53,"d":14518620},{"pi":"3965","pc":"Товары для дома","ss":300000,"td":"Фешенебельный район","dc":1,"n":597.74,"vc":"960861","sl":"Элитный","sv":"17","p":101470.588235294,"q":13.16,"b":0.117647058823529,"ms":0.0,"wi":97.02,"ei":6.7,"as":1496.04,"mi":"E","mv":499456,"sc":4,"lpe":87.57,"lpr":19803.68,"lq":3.53,"d":14518620},{"pi":"3965","pc":"Товары для дома","ss":300000,"td":"Фешенебельный район","dc":10,"n":532.12,"vc":"44601","sl":"Элитный","sv":"18","p":228800.0,"q":9.63,"b":0.0,"ms":0.41,"wi":634.78,"ei":14.13,"as":7357.38,"mi":"E","mv":4395,"sc":1,"lpe":99.59,"lpr":70196.54,"lq":1.0,"d":226832},{"pi":"3965","pc":"Товары для дома","ss":10000,"td":"Фешенебельный район","dc":1,"n":628.21,"vc":"28354","sl":"Элитный","sv":"2926","p":43750.0,"q":38.58,"b":5.93,"ms":4.14,"wi":98.63,"ei":5.39,"as":509.13,"mi":"E","mv":70658,"sc":1,"lpe":95.86,"lpr":11795.73,"lq":1.0,"d":2219475},{"pi":"3965","pc":"Товары для дома","ss":10000,"td":"Спальный район","dc":3,"n":230.81,"vc":"3671","sl":"Элитный","sv":"100","p":2596.65,"q":20.01,"b":0.0,"ms":1.62,"wi":27.95,"ei":7.95,"as":373.7,"mi":"E","mv":6155,"sc":1,"lpe":98.38,"lpr":4917.27,"lq":1.0,"d":1185548},{"pi":"3965","pc":"Товары для дома","ss":100000,"td":"Центр города","dc":1,"n":408.81,"vc":"84117","sl":"Нормальный","sv":"2500","p":10800.0,"q":13.85,"b":1.4,"ms":11.73,"wi":92.13,"ei":3.48,"as":235.28,"mi":"E","mv":21315,"sc":3,"lpe":87.58,"lpr":5756.95,"lq":1.23,"d":427294},{"pi":"3965","pc":"Товары для дома","ss":110000,"td":"Центр города","dc":2,"n":726.95,"vc":"1272187","sl":"Низкий","sv":"74","p":46000.0,"q":27.41,"b":2.1,"ms":0.35,"wi":92.13,"ei":3.48,"as":235.28,"mi":"E","mv":21315,"sc":3,"lpe":87.58,"lpr":5756.95,"lq":1.23,"d":427294},{"pi":"3965","pc":"Товары для дома","ss":100000,"td":"Спальный район","dc":2,"n":404.93,"vc":"60772","sl":"Нормальный","sv":"73","p":32000.0,"q":18.44,"b":2.2,"ms":0.34,"wi":92.13,"ei":3.48,"as":235.28,"mi":"E","mv":21315,"sc":3,"lpe":87.58,"lpr":5756.95,"lq":1.23,"d":427294},{"pi":"3965","pc":"Товары для дома","ss":11000,"td":"Центр города","dc":1,"n":517.42,"vc":"16586","sl":"Элитный","sv":"152","p":7000.0,"q":21.8,"b":0.0,"ms":9.22,"wi":55.65,"ei":7.42,"as":313.33,"mi":"E","mv":1649,"sc":1,"lpe":90.78,"lpr":1305.64,"lq":1.0,"d":59241},{"pi":"3965","pc":"Товары для дома","ss":13000,"td":"Центр города","dc":1,"n":321.83,"vc":"21574","sl":"Элитный","sv":"475","p":40000.0,"q":20.92,"b":0.0,"ms":0.89,"wi":42.37,"ei":15.82,"as":573.53,"mi":"E","mv":53296,"sc":2,"lpe":99.11,"lpr":11157.48,"lq":1.0,"d":5702829},{"pi":"3965","pc":"Товары для дома","ss":300000,"td":"Фешенебельный район","dc":10,"n":682.8,"vc":"1429863","sl":"Низкий","sv":"1","p":69829.93,"q":11.13,"b":0.0,"ms":0.0,"wi":42.37,"ei":15.82,"as":573.53,"mi":"E","mv":53296,"sc":2,"lpe":99.11,"lpr":11157.48,"lq":1.0,"d":5702829},{"pi":"3965","pc":"Товары для дома","ss":100000,"td":"Центр города","dc":1,"n":489.97,"vc":"282169","sl":"Элитный","sv":"102","p":31677.78,"q":12.55,"b":0.0,"ms":0.21,"wi":109.91,"ei":9.26,"as":1343.18,"mi":"E","mv":48186,"sc":2,"lpe":99.67,"lpr":18454.32,"lq":1.0,"d":1964175},{"pi":"3965","pc":"Товары для дома","ss":1500,"td":"Центр города","dc":1,"n":463.35,"vc":"8237","sl":"Нормальный","sv":"58","p":35000.0,"q":26.02,"b":4.5,"ms":0.12,"wi":109.91,"ei":9.26,"as":1343.18,"mi":"E","mv":48186,"sc":2,"lpe":99.67,"lpr":18454.32,"lq":1.0,"d":1964175},{"pi":"3965","pc":"Товары для дома","ss":20000,"td":"Центр города","dc":1,"n":547.14,"vc":"65174","sl":"Очень высокий","sv":"3","p":9900.0,"q":42.25,"b":0.0,"ms":0.04,"wi":33.98,"ei":6.1,"as":406.33,"mi":"E","mv":8569,"sc":1,"lpe":99.96,"lpr":1142.21,"lq":1.0,"d":496693},{"pi":"3965","pc":"Товары для дома","ss":300000,"td":"Фешенебельный район","dc":10,"n":597.85,"vc":"150201","sl":"Элитный","sv":"15","p":55550.0,"q":18.36,"b":0.0,"ms":0.17,"wi":86.73,"ei":12.31,"as":1047.78,"mi":"E","mv":8871,"sc":1,"lpe":99.83,"lpr":14243.96,"lq":1.0,"d":229544},{"pi":"3965","pc":"Товары для дома","ss":100000,"td":"Центр города","dc":1,"n":522.02,"vc":"385190","sl":"Элитный","sv":"23","p":94750.31,"q":26.66,"b":0.0,"ms":0.04,"wi":122.6,"ei":9.62,"as":1344.56,"mi":"E","mv":55454,"sc":1,"lpe":99.96,"lpr":18178.08,"lq":1.0,"d":1252410},{"pi":"3965","pc":"Товары для дома","ss":100000,"td":"Центр города","dc":1,"n":16.86,"vc":"1726","sl":"Элитный","sv":"1585","p":24133.6479495268,"q":15.72,"b":1.26182965299685,"ms":19.52,"wi":178.73,"ei":14.12,"as":2218.08,"mi":"E","mv":8120,"sc":1,"lpe":80.48,"lpr":20163.71,"lq":5.52,"d":464502},{"pi":"3965","pc":"Товары для дома","ss":10000,"td":"Окраина","dc":10,"n":325.18,"vc":"5818","sl":"Высокий","sv":"8","p":55710.0,"q":19.24,"b":0.0,"ms":0.04,"wi":129.31,"ei":5.46,"as":742.84,"mi":"E","mv":21985,"sc":2,"lpe":99.93,"lpr":14020.8,"lq":1.0,"d":673916},{"pi":"3965","pc":"Товары для дома","ss":10000,"td":"Окраина","dc":10,"n":325.18,"vc":"5818","sl":"Высокий","sv":"8","p":55710.0,"q":19.24,"b":0.0,"ms":0.04,"wi":129.31,"ei":5.46,"as":742.84,"mi":"E","mv":21985,"sc":2,"lpe":99.93,"lpr":14020.8,"lq":1.0,"d":673916},{"pi":"3965","pc":"Товары для дома","ss":100000,"td":"Фешенебельный район","dc":1,"n":693.5,"vc":"97521","sl":"Элитный","sv":"12","p":200000.005,"q":33.51,"b":6.22,"ms":0.02,"wi":135.18,"ei":13.62,"as":2593.17,"mi":"E","mv":60708,"sc":1,"lpe":99.98,"lpr":38963.21,"lq":1.0,"d":2062908},{"pi":"3965","pc":"Товары для дома","ss":1000,"td":"Фешенебельный район","dc":1,"n":454.92,"vc":"1400","sl":"Элитный","sv":"2339","p":55000.0,"q":24.51,"b":3.93,"ms":5.22,"wi":159.99,"ei":12.65,"as":1320.97,"mi":"E","mv":44841,"sc":2,"lpe":90.32,"lpr":11025.4,"lq":1.0,"d":2852881},{"pi":"3965","pc":"Товары для дома","ss":1000,"td":"Центр города","dc":1,"n":414.39,"vc":"4952","sl":"Нормальный","sv":"2000","p":25569.64,"q":43.81,"b":2.00598,"ms":4.46,"wi":159.99,"ei":12.65,"as":1320.97,"mi":"E","mv":44841,"sc":2,"lpe":90.32,"lpr":11025.4,"lq":1.0,"d":2852881},{"pi":"3965","pc":"Товары для дома","ss":1000,"td":"Фешенебельный район","dc":1,"n":615.37,"vc":"1380","sl":"Элитный","sv":"100","p":18968.64,"q":25.02,"b":0.09,"ms":3.22,"wi":75.08,"ei":5.31,"as":933.35,"mi":"E","mv":3102,"sc":1,"lpe":96.78,"lpr":9922.73,"lq":1.0,"d":262118},{"pi":"3965","pc":"Товары для дома","ss":100000,"td":"Центр города","dc":2,"n":522.44,"vc":"291811","sl":"Высокий","sv":"1260","p":40000.0,"q":13.88,"b":2.08,"ms":5.54,"wi":122.38,"ei":6.88,"as":562.94,"mi":"E","mv":22761,"sc":1,"lpe":94.46,"lpr":10350.86,"lq":1.0,"d":746814},{"pi":"3965","pc":"Товары для дома","ss":10000,"td":"Центр города","dc":7,"n":14.53,"vc":"984","sl":"Очень низкий","sv":"12","p":4646.92,"q":18.66,"b":0.07,"ms":0.06,"wi":70.21,"ei":9.94,"as":547.05,"mi":"E","mv":20678,"sc":1,"lpe":99.94,"lpr":18413.22,"lq":1.0,"d":1032194},{"pi":"3965","pc":"Товары для дома","ss":300000,"td":"Центр города","dc":3,"n":527.51,"vc":"2160358","sl":"Нормальный","sv":"6228","p":150000.0,"q":40.43,"b":0.0,"ms":4.46,"wi":101.86,"ei":13.47,"as":558.63,"mi":"E","mv":139695,"sc":1,"lpe":95.54,"lpr":38257.77,"lq":1.0,"d":6041156},{"pi":"3965","pc":"Товары для дома","ss":100000,"td":"Спальный район","dc":3,"n":565.02,"vc":"241643","sl":"Нормальный","sv":"108","p":38078.96,"q":20.01,"b":3.28,"ms":0.36,"wi":191.32,"ei":9.29,"as":1077.6,"mi":"E","mv":30178,"sc":1,"lpe":99.64,"lpr":62143.65,"lq":1.0,"d":1706344}]