[{"pi":"422054","pc":"Продукты питания","ss":100000,"td":"Центр города","dc":1,"n":673.29,"vc":"1332703","sl":"Нормальный","sv":"5265","p":6400.0,"q":7.22,"b":2.63088319088319,"ms":21.03,"wi":156.39,"ei":6.41,"as":2315.25,"mi":"E","mv":25039,"sc":3,"lpe":67.25,"lpr":3581.45,"lq":5.31,"d":680780},{"pi":"422054","pc":"Продукты питания","ss":40000,"td":"Окраина","dc":1,"n":453.33,"vc":"67036","sl":"Элитный","sv":"2913","p":7300.0,"q":15.27,"b":0.0,"ms":11.63,"wi":156.39,"ei":6.41,"as":2315.25,"mi":"E","mv":25039,"sc":3,"lpe":67.25,"lpr":3581.45,"lq":5.31,"d":680780},{"pi":"422054","pc":"Продукты питания","ss":10000,"td":"Фешенебельный район","dc":7,"n":479.44,"vc":"6850","sl":"Очень высокий","sv":"23","p":8000.0,"q":12.56,"b":0.0,"ms":0.09,"wi":156.39,"ei":6.41,"as":2315.25,"mi":"E","mv":25039,"sc":3,"lpe":67.25,"lpr":3581.45,"lq":5.31,"d":680780},{"pi":"422054","pc":"Продукты питания","ss":100000,"td":"Центр города","dc":2,"n":504.7,"vc":"626733","sl":"Низкий","sv":"40001","p":3500.0,"q":12.09,"b":3.91990200244994,"ms":30.61,"wi":131.96,"ei":6.72,"as":1776.47,"mi":"E","mv":130697,"sc":3,"lpe":53.72,"lpr":1540.69,"lq":1.71,"d":2542506},{"pi":"422054","pc":"Продукты питания","ss":100000,"td":"Центр города","dc":1,"n":673.29,"vc":"3170400","sl":"Низкий","sv":"13490","p":5350.0,"q":13.83,"b":4.46701260192735,"ms":10.32,"wi":131.96,"ei":6.72,"as":1776.47,"mi":"E","mv":130697,"sc":3,"lpe":53.72,"lpr":1540.69,"lq":1.71,"d":2542506},{"pi":"422054","pc":"Продукты питания","ss":100000,"td":"Фешенебельный район","dc":2,"n":594.86,"vc":"223700","sl":"Элитный","sv":"7000","p":5000.0,"q":15.93,"b":2.92142857142857,"ms":5.36,"wi":131.96,"ei":6.72,"as":1776.47,"mi":"E","mv":130697,"sc":3,"lpe":53.72,"lpr":1540.69,"lq":1.71,"d":2542506},{"pi":"422054","pc":"Продукты питания","ss":40000,"td":"Центр города","dc":1,"n":377.86,"vc":"97376","sl":"Элитный","sv":"30000","p":4000.0,"q":15.46,"b":0.0,"ms":24.23,"wi":45.61,"ei":8.95,"as":326.91,"mi":"E","mv":123819,"sc":1,"lpe":75.77,"lpr":1680.27,"lq":1.21,"d":2976414},{"pi":"422054","pc":"Продукты питания","ss":100000,"td":"Центр города","dc":2,"n":440.67,"vc":"192274","sl":"Элитный","sv":"10000","p":7102.52,"q":15.35,"b":0.0,"ms":16.23,"wi":109.74,"ei":6.39,"as":1332.06,"mi":"E","mv":61615,"sc":2,"lpe":81.57,"lpr":5288.24,"lq":6.13,"d":1607580},{"pi":"422054","pc":"Продукты питания","ss":1000,"td":"Центр города","dc":1,"n":182.64,"vc":"1380","sl":"Элитный","sv":"1355","p":5500.0,"q":8.51,"b":0.42,"ms":2.2,"wi":109.74,"ei":6.39,"as":1332.06,"mi":"E","mv":61615,"sc":2,"lpe":81.57,"lpr":5288.24,"lq":6.13,"d":1607580},{"pi":"422054","pc":"Продукты питания","ss":100000,"td":"Центр города","dc":1,"n":117.82,"vc":"8877","sl":"Элитный","sv":"362","p":2209.05,"q":4.62,"b":1.01,"ms":0.88,"wi":36.63,"ei":5.7,"as":279.33,"mi":"E","mv":41201,"sc":1,"lpe":99.12,"lpr":1890.1,"lq":1.0,"d":1746502},{"pi":"422054","pc":"Продукты питания","ss":100000,"td":"Центр города","dc":2,"n":459.26,"vc":"223865","sl":"Элитный","sv":"7329","p":10400.0,"q":14.33,"b":4.04,"ms":12.55,"wi":115.61,"ei":6.91,"as":1461.51,"mi":"E","mv":58407,"sc":2,"lpe":78.89,"lpr":3145.95,"lq":3.58,"d":1489874},{"pi":"422054","pc":"Продукты питания","ss":7000,"td":"Центр города","dc":1,"n":346.39,"vc":"11831","sl":"Элитный","sv":"5000","p":4100.0,"q":8.51,"b":0.42,"ms":8.56,"wi":115.61,"ei":6.91,"as":1461.51,"mi":"E","mv":58407,"sc":2,"lpe":78.89,"lpr":3145.95,"lq":3.58,"d":1489874},{"pi":"422054","pc":"Продукты питания","ss":100000,"td":"Фешенебельный район","dc":2,"n":332.06,"vc":"24010","sl":"Элитный","sv":"13907","p":3200.0,"q":14.69,"b":0.00112605162867621,"ms":7.13,"wi":31.13,"ei":3.43,"as":151.97,"mi":"E","mv":194992,"sc":1,"lpe":92.87,"lpr":1141.71,"lq":1.0,"d":5908898},{"pi":"422054","pc":"Продукты питания","ss":100000,"td":"Фешенебельный район","dc":2,"n":462.49,"vc":"94467","sl":"Элитный","sv":"30002","p":2900.0,"q":14.76,"b":0.00109792680487967,"ms":10.89,"wi":27.86,"ei":3.43,"as":42.92,"mi":"E","mv":275379,"sc":1,"lpe":89.11,"lpr":1012.64,"lq":1.19,"d":9216794},{"pi":"422054","pc":"Продукты питания","ss":31000,"td":"Центр города","dc":1,"n":445.39,"vc":"95804","sl":"Элитный","sv":"23082","p":3700.0,"q":16.05,"b":0.0,"ms":60.45,"wi":86.72,"ei":7.1,"as":871.5,"mi":"D","mv":38183,"sc":2,"lpe":37.79,"lpr":1806.51,"lq":3.16,"d":957768},{"pi":"422054","pc":"Продукты питания","ss":160000,"td":"Окраина","dc":2,"n":539.93,"vc":"592750","sl":"Нормальный","sv":"670","p":5000.0,"q":17.1,"b":3.79,"ms":1.75,"wi":86.72,"ei":7.1,"as":871.5,"mi":"D","mv":38183,"sc":2,"lpe":37.79,"lpr":1806.51,"lq":3.16,"d":957768},{"pi":"422054","pc":"Продукты питания","ss":100000,"td":"Центр города","dc":1,"n":557.35,"vc":"357942","sl":"Элитный","sv":"1701","p":6000.0,"q":17.08,"b":4.3,"ms":11.51,"wi":93.4,"ei":9.12,"as":1117.2,"mi":"E","mv":14784,"sc":1,"lpe":88.49,"lpr":2011.57,"lq":2.64,"d":384781},{"pi":"422054","pc":"Продукты питания","ss":100000,"td":"Фешенебельный район","dc":2,"n":594.19,"vc":"223978","sl":"Элитный","sv":"14000","p":8100.0,"q":14.35,"b":3.14,"ms":14.37,"wi":81.91,"ei":8.82,"as":546.4,"mi":"E","mv":97429,"sc":2,"lpe":85.63,"lpr":2237.5,"lq":1.94,"d":2598727},{"pi":"422054","pc":"Продукты питания","ss":20100,"td":"Центр города","dc":7,"n":77.42,"vc":"3380","sl":"Очень высокий","sv":"3","p":3399.99,"q":5.27,"b":0.173333333333333,"ms":0.0,"wi":81.91,"ei":8.82,"as":546.4,"mi":"E","mv":97429,"sc":2,"lpe":85.63,"lpr":2237.5,"lq":1.94,"d":2598727},{"pi":"422054","pc":"Продукты питания","ss":100000,"td":"Фешенебельный район","dc":2,"n":680.19,"vc":"223938","sl":"Элитный","sv":"1000","p":7600.0,"q":14.35,"b":3.14,"ms":9.92,"wi":80.04,"ei":6.62,"as":576.1,"mi":"E","mv":10080,"sc":1,"lpe":90.08,"lpr":1719.43,"lq":1.05,"d":254993},{"pi":"422054","pc":"Продукты питания","ss":100000,"td":"Фешенебельный район","dc":2,"n":671.29,"vc":"223602","sl":"Элитный","sv":"1500","p":9200.0,"q":14.35,"b":3.14,"ms":12.53,"wi":128.02,"ei":8.82,"as":625.38,"mi":"E","mv":11969,"sc":1,"lpe":87.47,"lpr":2248.95,"lq":2.57,"d":311011},{"pi":"422054","pc":"Продукты питания","ss":100000,"td":"Фешенебельный район","dc":1,"n":369.18,"vc":"28026","sl":"Элитный","sv":"5291","p":5000.0,"q":14.73,"b":0.00133056133056133,"ms":8.38,"wi":44.53,"ei":12.04,"as":405.27,"mi":"E","mv":63125,"sc":1,"lpe":91.62,"lpr":1320.92,"lq":1.0,"d":3315370},{"pi":"422054","pc":"Продукты питания","ss":1000,"td":"Центр города","dc":1,"n":161.67,"vc":"1422","sl":"Элитный","sv":"3500","p":3000.0,"q":8.51,"b":0.28,"ms":8.35,"wi":38.91,"ei":11.6,"as":316.91,"mi":"E","mv":41922,"sc":1,"lpe":91.65,"lpr":2792.32,"lq":1.0,"d":2455208},{"pi":"422054","pc":"Продукты питания","ss":20000,"td":"Окраина","dc":10,"n":251.19,"vc":"10233","sl":"Очень низкий","sv":"2","p":3000.0,"q":8.37,"b":0.42,"ms":0.01,"wi":21.21,"ei":4.62,"as":206.96,"mi":"E","mv":17727,"sc":1,"lpe":99.99,"lpr":1119.14,"lq":1.0,"d":1571900},{"pi":"422054","pc":"Продукты питания","ss":22000,"td":"Центр города","dc":2,"n":289.02,"vc":"13843","sl":"Элитный","sv":"700","p":3727.88,"q":9.53,"b":0.0,"ms":1.83,"wi":109.29,"ei":6.7,"as":1597.06,"mi":"E","mv":38253,"sc":2,"lpe":97.19,"lpr":5522.46,"lq":1.0,"d":976806},{"pi":"422054","pc":"Продукты питания","ss":1000,"td":"Фешенебельный район","dc":3,"n":309.48,"vc":"532","sl":"Очень высокий","sv":"376","p":4500.0,"q":5.7,"b":0.0,"ms":0.98,"wi":109.29,"ei":6.7,"as":1597.06,"mi":"E","mv":38253,"sc":2,"lpe":97.19,"lpr":5522.46,"lq":1.0,"d":976806},{"pi":"422054","pc":"Продукты питания","ss":24500,"td":"Центр города","dc":2,"n":296.28,"vc":"34598","sl":"Очень высокий","sv":"16085","p":3500.0,"q":17.09,"b":0.0,"ms":19.72,"wi":57.01,"ei":11.71,"as":410.0,"mi":"E","mv":81566,"sc":4,"lpe":74.7,"lpr":1567.45,"lq":2.25,"d":2912574},{"pi":"422054","pc":"Продукты питания","ss":3500,"td":"Центр города","dc":1,"n":244.35,"vc":"7335","sl":"Элитный","sv":"4434","p":2500.0,"q":6.24,"b":0.84,"ms":5.44,"wi":57.01,"ei":11.71,"as":410.0,"mi":"E","mv":81566,"sc":4,"lpe":74.7,"lpr":1567.45,"lq":2.25,"d":2912574},{"pi":"422054","pc":"Продукты питания","ss":11000,"td":"Центр города","dc":1,"n":114.99,"vc":"3576","sl":"Элитный","sv":"120","p":5000.0,"q":15.49,"b":0.0,"ms":0.15,"wi":57.01,"ei":11.71,"as":410.0,"mi":"E","mv":81566,"sc":4,"lpe":74.7,"lpr":1567.45,"lq":2.25,"d":2912574},{"pi":"422054","pc":"Продукты питания","ss":700,"td":"Спальный район","dc":4,"n":145.28,"vc":"859","sl":"Нормальный","sv":"1","p":3165.0,"q":5.69,"b":0.84,"ms":0.0,"wi":57.01,"ei":11.71,"as":410.0,"mi":"E","mv":81566,"sc":4,"lpe":74.7,"lpr":1567.45,"lq":2.25,"d":2912574},{"pi":"422054","pc":"Продукты питания","ss":1000,"td":"Спальный район","dc":2,"n":319.94,"vc":"896","sl":"Низкий","sv":"253","p":2500.0,"q":14.47,"b":0.0,"ms":5.94,"wi":77.49,"ei":6.62,"as":518.18,"mi":"E","mv":4256,"sc":1,"lpe":94.06,"lpr":4222.27,"lq":1.0,"d":116700},{"pi":"422054","pc":"Продукты питания","ss":100000,"td":"Фешенебельный район","dc":2,"n":683.02,"vc":"224008","sl":"Элитный","sv":"1000","p":10000.0,"q":14.35,"b":3.14,"ms":11.35,"wi":96.34,"ei":7.3,"as":643.27,"mi":"E","mv":8807,"sc":1,"lpe":88.65,"lpr":2404.98,"lq":2.54,"d":286767},{"pi":"422054","pc":"Продукты питания","ss":100,"td":"Спальный район","dc":1,"n":38.58,"vc":"35","sl":"Высокий","sv":"17","p":2500.0,"q":14.47,"b":0.0,"ms":0.29,"wi":51.98,"ei":6.5,"as":535.5,"mi":"E","mv":5951,"sc":1,"lpe":99.71,"lpr":2246.38,"lq":1.0,"d":154500},{"pi":"422054","pc":"Продукты питания","ss":100000,"td":"Фешенебельный район","dc":2,"n":685.14,"vc":"224418","sl":"Элитный","sv":"1031","p":4800.0,"q":14.34,"b":3.14,"ms":9.82,"wi":89.53,"ei":6.95,"as":721.1,"mi":"E","mv":10494,"sc":1,"lpe":90.18,"lpr":1050.28,"lq":1.0,"d":214816},{"pi":"422054","pc":"Продукты питания","ss":1000,"td":"Спальный район","dc":1,"n":306.42,"vc":"1748","sl":"Очень высокий","sv":"1258","p":12500.0,"q":14.47,"b":0.0,"ms":3.33,"wi":89.51,"ei":7.06,"as":573.3,"mi":"E","mv":37753,"sc":4,"lpe":93.31,"lpr":6284.85,"lq":1.0,"d":978294},{"pi":"422054","pc":"Продукты питания","ss":1000,"td":"Фешенебельный район","dc":1,"n":468.19,"vc":"1305","sl":"Элитный","sv":"1100","p":8000.0,"q":14.47,"b":0.0,"ms":2.91,"wi":89.51,"ei":7.06,"as":573.3,"mi":"E","mv":37753,"sc":4,"lpe":93.31,"lpr":6284.85,"lq":1.0,"d":978294},{"pi":"422054","pc":"Продукты питания","ss":1000,"td":"Фешенебельный район","dc":3,"n":452.81,"vc":"1197","sl":"Высокий","sv":"165","p":4500.0,"q":4.77,"b":0.0,"ms":0.44,"wi":89.51,"ei":7.06,"as":573.3,"mi":"E","mv":37753,"sc":4,"lpe":93.31,"lpr":6284.85,"lq":1.0,"d":978294},{"pi":"422054","pc":"Продукты питания","ss":1000,"td":"Фешенебельный район","dc":2,"n":198.16,"vc":"190","sl":"Элитный","sv":"1","p":5500.0,"q":8.51,"b":0.0,"ms":0.0,"wi":89.51,"ei":7.06,"as":573.3,"mi":"E","mv":37753,"sc":4,"lpe":93.31,"lpr":6284.85,"lq":1.0,"d":978294},{"pi":"422054","pc":"Продукты питания","ss":100000,"td":"Центр города","dc":1,"n":694.41,"vc":"807309","sl":"Высокий","sv":"1522","p":4200.0,"q":14.76,"b":0.00478975032851511,"ms":22.89,"wi":67.08,"ei":7.11,"as":463.53,"mi":"E","mv":6649,"sc":1,"lpe":77.11,"lpr":1026.42,"lq":2.3,"d":179268},{"pi":"422054","pc":"Продукты питания","ss":100000,"td":"Фешенебельный район","dc":2,"n":514.88,"vc":"139200","sl":"Элитный","sv":"50000","p":2600.0,"q":12.48,"b":0.7483326,"ms":18.71,"wi":89.14,"ei":7.05,"as":1247.63,"mi":"E","mv":267272,"sc":3,"lpe":72.79,"lpr":1093.26,"lq":1.22,"d":5900984},{"pi":"422054","pc":"Продукты питания","ss":100000,"td":"Центр города","dc":2,"n":525.65,"vc":"686174","sl":"Низкий","sv":"20000","p":3000.0,"q":17.12,"b":0.71,"ms":7.48,"wi":89.14,"ei":7.05,"as":1247.63,"mi":"E","mv":267272,"sc":3,"lpe":72.79,"lpr":1093.26,"lq":1.22,"d":5900984},{"pi":"422054","pc":"Продукты питания","ss":50000,"td":"Центр города","dc":3,"n":321.07,"vc":"58818","sl":"Элитный","sv":"2724","p":2305.0,"q":7.72,"b":0.0,"ms":1.02,"wi":89.14,"ei":7.05,"as":1247.63,"mi":"E","mv":267272,"sc":3,"lpe":72.79,"lpr":1093.26,"lq":1.22,"d":5900984},{"pi":"422054","pc":"Продукты питания","ss":100000,"td":"Центр города","dc":1,"n":565.56,"vc":"470402","sl":"Очень высокий","sv":"1870","p":5000.0,"q":9.42,"b":0.0,"ms":28.11,"wi":90.52,"ei":7.2,"as":937.65,"mi":"E","mv":6653,"sc":1,"lpe":71.89,"lpr":1933.84,"lq":1.33,"d":210430},{"pi":"422054","pc":"Продукты питания","ss":2000,"td":"Центр города","dc":1,"n":206.44,"vc":"1942","sl":"Элитный","sv":"2000","p":5900.0,"q":8.51,"b":0.63,"ms":9.33,"wi":92.28,"ei":6.9,"as":352.04,"mi":"E","mv":21433,"sc":1,"lpe":90.67,"lpr":5884.76,"lq":1.0,"d":995636},{"pi":"422054","pc":"Продукты питания","ss":21000,"td":"Фешенебельный район","dc":6,"n":439.29,"vc":"10400","sl":"Элитный","sv":"5000","p":4500.0,"q":12.09,"b":0.0,"ms":10.78,"wi":54.96,"ei":10.13,"as":422.1,"mi":"E","mv":46367,"sc":2,"lpe":89.2,"lpr":1743.99,"lq":2.09,"d":1050481},{"pi":"422054","pc":"Продукты питания","ss":100,"td":"Центр города","dc":3,"n":209.45,"vc":"161","sl":"Очень низкий","sv":"6","p":1307.24,"q":1.58,"b":0.0,"ms":0.01,"wi":54.96,"ei":10.13,"as":422.1,"mi":"E","mv":46367,"sc":2,"lpe":89.2,"lpr":1743.99,"lq":2.09,"d":1050481},{"pi":"422054","pc":"Продукты питания","ss":100000,"td":"Фешенебельный район","dc":1,"n":420.76,"vc":"20337","sl":"Элитный","sv":"9637","p":2900.0,"q":16.23,"b":1.52,"ms":26.98,"wi":62.28,"ei":8.99,"as":967.35,"mi":"E","mv":35725,"sc":1,"lpe":73.02,"lpr":970.1,"lq":1.2,"d":1023950},{"pi":"422054","pc":"Продукты питания","ss":12400,"td":"Центр города","dc":2,"n":412.71,"vc":"17485","sl":"Высокий","sv":"867","p":3270.0,"q":5.57,"b":0.0,"ms":7.21,"wi":51.5,"ei":7.4,"as":852.42,"mi":"E","mv":12032,"sc":1,"lpe":92.79,"lpr":1934.0,"lq":1.0,"d":366048},{"pi":"422054","pc":"Продукты питания","ss":10000,"td":"Центр города","dc":1,"n":452.08,"vc":"28228","sl":"Элитный","sv":"100","p":3038.18,"q":6.39,"b":1.33,"ms":0.99,"wi":19.23,"ei":4.49,"as":270.88,"mi":"E","mv":10101,"sc":1,"lpe":99.01,"lpr":1111.19,"lq":1.0,"d":1469374},{"pi":"422054","pc":"Продукты питания","ss":1000,"td":"Центр города","dc":1,"n":212.47,"vc":"1319","sl":"Элитный","sv":"4000","p":5300.0,"q":8.51,"b":0.63,"ms":11.68,"wi":88.01,"ei":6.7,"as":1123.0,"mi":"E","mv":34260,"sc":1,"lpe":88.32,"lpr":5565.89,"lq":1.37,"d":873551},{"pi":"422054","pc":"Продукты питания","ss":1000,"td":"Центр города","dc":1,"n":209.18,"vc":"1323","sl":"Элитный","sv":"3000","p":5600.0,"q":8.51,"b":0.63,"ms":7.98,"wi":88.74,"ei":6.0,"as":1057.94,"mi":"E","mv":37592,"sc":1,"lpe":92.02,"lpr":5447.93,"lq":1.0,"d":930610},{"pi":"422054","pc":"Продукты питания","ss":10000,"td":"Фешенебельный район","dc":9,"n":404.72,"vc":"3477","sl":"Очень низкий","sv":"189","p":4000.0,"q":11.7,"b":0.0,"ms":0.18,"wi":45.03,"ei":10.64,"as":673.75,"mi":"E","mv":107045,"sc":1,"lpe":99.82,"lpr":1626.57,"lq":1.0,"d":2541514},{"pi":"422054","pc":"Продукты питания","ss":100000,"td":"Фешенебельный район","dc":2,"n":691.87,"vc":"224672","sl":"Элитный","sv":"1000","p":8400.0,"q":14.35,"b":3.14,"ms":14.9,"wi":101.72,"ei":7.3,"as":549.44,"mi":"E","mv":6711,"sc":1,"lpe":85.1,"lpr":1989.77,"lq":2.61,"d":185081},{"pi":"422054","pc":"Продукты питания","ss":10000,"td":"Пригород","dc":2,"n":387.69,"vc":"11270","sl":"Элитный","sv":"11000","p":3600.0,"q":6.39,"b":0.85,"ms":6.21,"wi":59.25,"ei":8.02,"as":811.4,"mi":"E","mv":177183,"sc":3,"lpe":91.18,"lpr":2911.92,"lq":1.0,"d":4968783},{"pi":"422054","pc":"Продукты питания","ss":7300,"td":"Центр города","dc":10,"n":350.08,"vc":"25965","sl":"Очень низкий","sv":"4588","p":3000.0,"q":6.39,"b":0.85,"ms":2.59,"wi":59.25,"ei":8.02,"as":811.4,"mi":"E","mv":177183,"sc":3,"lpe":91.18,"lpr":2911.92,"lq":1.0,"d":4968783},{"pi":"422054","pc":"Продукты питания","ss":10000,"td":"Центр города","dc":4,"n":73.64,"vc":"2762","sl":"Очень высокий","sv":"37","p":2299.99,"q":6.52,"b":0.0689189189189189,"ms":0.02,"wi":59.25,"ei":8.02,"as":811.4,"mi":"E","mv":177183,"sc":3,"lpe":91.18,"lpr":2911.92,"lq":1.0,"d":4968783},{"pi":"422054","pc":"Продукты питания","ss":100000,"td":"Фешенебельный район","dc":2,"n":684.81,"vc":"224247","sl":"Элитный","sv":"1102","p":9300.0,"q":14.17,"b":4.21,"ms":11.77,"wi":65.31,"ei":5.25,"as":522.9,"mi":"E","mv":9361,"sc":1,"lpe":88.23,"lpr":2139.54,"lq":1.7,"d":216300},{"pi":"422054","pc":"Продукты питания","ss":100000,"td":"Фешенебельный район","dc":2,"n":687.98,"vc":"224553","sl":"Элитный","sv":"1162","p":9100.0,"q":14.01,"b":4.21,"ms":13.38,"wi":67.14,"ei":5.25,"as":404.25,"mi":"E","mv":8682,"sc":1,"lpe":86.62,"lpr":2171.63,"lq":1.5,"d":199038},{"pi":"422054","pc":"Продукты питания","ss":100000,"td":"Фешенебельный район","dc":2,"n":605.14,"vc":"223972","sl":"Элитный","sv":"7500","p":6700.0,"q":14.35,"b":4.13,"ms":14.21,"wi":77.34,"ei":6.53,"as":961.05,"mi":"E","mv":52781,"sc":1,"lpe":85.79,"lpr":1725.78,"lq":1.21,"d":1923606},{"pi":"422054","pc":"Продукты питания","ss":100000,"td":"Центр города","dc":1,"n":515.53,"vc":"766070","sl":"Очень низкий","sv":"19877","p":3400.0,"q":12.09,"b":0.0,"ms":14.14,"wi":107.69,"ei":6.45,"as":681.19,"mi":"E","mv":140528,"sc":1,"lpe":85.86,"lpr":1181.02,"lq":1.22,"d":3351144},{"pi":"422054","pc":"Продукты питания","ss":20000,"td":"Центр города","dc":1,"n":368.34,"vc":"55658","sl":"Элитный","sv":"6689","p":3500.0,"q":15.46,"b":0.0,"ms":6.68,"wi":66.64,"ei":6.73,"as":726.6,"mi":"E","mv":100068,"sc":3,"lpe":86.38,"lpr":1192.24,"lq":1.4,"d":3164786},{"pi":"422054","pc":"Продукты питания","ss":100000,"td":"Центр города","dc":2,"n":390.41,"vc":"225468","sl":"Очень высокий","sv":"6520","p":3999.0,"q":17.11,"b":0.0,"ms":6.52,"wi":66.64,"ei":6.73,"as":726.6,"mi":"E","mv":100068,"sc":3,"lpe":86.38,"lpr":1192.24,"lq":1.4,"d":3164786},{"pi":"422054","pc":"Продукты питания","ss":100000,"td":"Центр города","dc":3,"n":365.9,"vc":"118745","sl":"Высокий","sv":"418","p":4000.0,"q":12.66,"b":0.0,"ms":0.42,"wi":66.64,"ei":6.73,"as":726.6,"mi":"E","mv":100068,"sc":3,"lpe":86.38,"lpr":1192.24,"lq":1.4,"d":3164786},{"pi":"422054","pc":"Продукты питания","ss":1000,"td":"Центр города","dc":1,"n":259.87,"vc":"1091","sl":"Элитный","sv":"681","p":2400.0,"q":8.51,"b":1.47,"ms":8.54,"wi":55.05,"ei":6.69,"as":836.95,"mi":"E","mv":7971,"sc":1,"lpe":91.46,"lpr":2494.82,"lq":1.0,"d":237098},{"pi":"422054","pc":"Продукты питания","ss":100000,"td":"Центр города","dc":1,"n":502.73,"vc":"576022","sl":"Нормальный","sv":"30001","p":4500.0,"q":12.09,"b":0.0,"ms":28.12,"wi":127.75,"ei":7.06,"as":1642.86,"mi":"E","mv":106693,"sc":3,"lpe":71.5,"lpr":1955.63,"lq":2.19,"d":2109186},{"pi":"422054","pc":"Продукты питания","ss":21000,"td":"Центр города","dc":2,"n":221.53,"vc":"15330","sl":"Элитный","sv":"400","p":4000.0,"q":8.51,"b":0.0,"ms":0.37,"wi":127.75,"ei":7.06,"as":1642.86,"mi":"E","mv":106693,"sc":3,"lpe":71.5,"lpr":1955.63,"lq":2.19,"d":2109186},{"pi":"422054","pc":"Продукты питания","ss":2100,"td":"Окраина","dc":3,"n":10.72,"vc":"465","sl":"Элитный","sv":"8","p":3300.0,"q":5.58,"b":0.0,"ms":0.01,"wi":127.75,"ei":7.06,"as":1642.86,"mi":"E","mv":106693,"sc":3,"lpe":71.5,"lpr":1955.63,"lq":2.19,"d":2109186},{"pi":"422054","pc":"Продукты питания","ss":100000,"td":"Центр города","dc":2,"n":405.59,"vc":"235534","sl":"Очень высокий","sv":"50000","p":1900.0,"q":17.12,"b":0.84,"ms":15.12,"wi":40.67,"ei":5.73,"as":513.32,"mi":"E","mv":330680,"sc":2,"lpe":78.83,"lpr":1029.27,"lq":1.3,"d":7527186},{"pi":"422054","pc":"Продукты питания","ss":13000,"td":"Центр города","dc":1,"n":316.38,"vc":"37540","sl":"Элитный","sv":"20000","p":2700.0,"q":15.46,"b":0.0,"ms":6.05,"wi":40.67,"ei":5.73,"as":513.32,"mi":"E","mv":330680,"sc":2,"lpe":78.83,"lpr":1029.27,"lq":1.3,"d":7527186},{"pi":"422054","pc":"Продукты питания","ss":10000,"td":"Центр города","dc":4,"n":512.58,"vc":"39366","sl":"Низкий","sv":"600","p":4269.0,"q":12.09,"b":0.0,"ms":6.44,"wi":76.21,"ei":6.3,"as":541.77,"mi":"E","mv":9319,"sc":1,"lpe":93.56,"lpr":5306.83,"lq":1.0,"d":234171},{"pi":"422054","pc":"Продукты питания","ss":14500,"td":"Центр города","dc":3,"n":517.23,"vc":"67446","sl":"Очень низкий","sv":"600","p":4224.0,"q":12.09,"b":0.0,"ms":3.56,"wi":80.42,"ei":5.0,"as":541.41,"mi":"E","mv":16831,"sc":1,"lpe":96.44,"lpr":5405.18,"lq":1.0,"d":457963},{"pi":"422054","pc":"Продукты питания","ss":25000,"td":"Центр города","dc":1,"n":329.75,"vc":"31437","sl":"Очень высокий","sv":"23616","p":4500.0,"q":17.11,"b":2.92,"ms":61.88,"wi":73.83,"ei":6.3,"as":571.53,"mi":"D","mv":38165,"sc":2,"lpe":32.24,"lpr":1785.69,"lq":3.33,"d":973156},{"pi":"422054","pc":"Продукты питания","ss":100000,"td":"Фешенебельный район","dc":1,"n":629.88,"vc":"223839","sl":"Элитный","sv":"2243","p":7000.0,"q":13.9,"b":4.21,"ms":5.88,"wi":73.83,"ei":6.3,"as":571.53,"mi":"D","mv":38165,"sc":2,"lpe":32.24,"lpr":1785.69,"lq":3.33,"d":973156},{"pi":"422054","pc":"Продукты питания","ss":10000,"td":"Спальный район","dc":6,"n":111.82,"vc":"1510","sl":"Элитный","sv":"146","p":1899.55,"q":4.96,"b":0.85,"ms":1.35,"wi":19.47,"ei":5.91,"as":526.89,"mi":"E","mv":10849,"sc":2,"lpe":98.52,"lpr":1026.48,"lq":1.0,"d":1222279},{"pi":"422054","pc":"Продукты питания","ss":600,"td":"Спальный район","dc":1,"n":239.23,"vc":"783","sl":"Очень высокий","sv":"15","p":2279.13,"q":5.78,"b":0.85,"ms":0.14,"wi":19.47,"ei":5.91,"as":526.89,"mi":"E","mv":10849,"sc":2,"lpe":98.52,"lpr":1026.48,"lq":1.0,"d":1222279},{"pi":"422054","pc":"Продукты питания","ss":100000,"td":"Фешенебельный район","dc":1,"n":455.27,"vc":"41196","sl":"Элитный","sv":"4074","p":3800.0,"q":14.56,"b":0.00139911634756996,"ms":9.45,"wi":54.58,"ei":6.32,"as":613.74,"mi":"E","mv":43127,"sc":1,"lpe":90.55,"lpr":1048.66,"lq":1.0,"d":936174},{"pi":"422054","pc":"Продукты питания","ss":1000,"td":"Фешенебельный район","dc":1,"n":612.33,"vc":"1455","sl":"Элитный","sv":"2848","p":5400.0,"q":14.45,"b":0.00435042134831461,"ms":47.53,"wi":100.73,"ei":10.74,"as":1420.16,"mi":"E","mv":5992,"sc":1,"lpe":52.47,"lpr":6003.91,"lq":5.23,"d":130817},{"pi":"422054","pc":"Продукты питания","ss":1000,"td":"Фешенебельный район","dc":1,"n":688.63,"vc":"1484","sl":"Элитный","sv":"465","p":3000.0,"q":14.55,"b":0.0,"ms":26.24,"wi":67.84,"ei":8.33,"as":1042.93,"mi":"E","mv":1772,"sc":1,"lpe":73.76,"lpr":998.24,"lq":1.57,"d":40416},{"pi":"422054","pc":"Продукты питания","ss":100000,"td":"Фешенебельный район","dc":5,"n":353.45,"vc":"21043","sl":"Очень высокий","sv":"2288","p":1591.02,"q":7.17,"b":0.12,"ms":0.76,"wi":51.76,"ei":4.41,"as":655.66,"mi":"E","mv":300579,"sc":1,"lpe":99.24,"lpr":2115.02,"lq":1.0,"d":7172110},{"pi":"422054","pc":"Продукты питания","ss":100000,"td":"Центр города","dc":1,"n":336.29,"vc":"74847","sl":"Элитный","sv":"976","p":4000.0,"q":10.01,"b":4.38986680327869,"ms":4.45,"wi":37.97,"ei":14.14,"as":304.91,"mi":"E","mv":21914,"sc":1,"lpe":95.55,"lpr":1234.28,"lq":1.0,"d":699729},{"pi":"422054","pc":"Продукты питания","ss":100000,"td":"Центр города","dc":2,"n":440.74,"vc":"189402","sl":"Элитный","sv":"5071","p":2299.0,"q":12.61,"b":0.0,"ms":25.7,"wi":42.96,"ei":6.25,"as":568.15,"mi":"E","mv":19734,"sc":2,"lpe":71.79,"lpr":754.27,"lq":1.08,"d":482641},{"pi":"422054","pc":"Продукты питания","ss":100000,"td":"Фешенебельный район","dc":2,"n":423.08,"vc":"15983","sl":"Элитный","sv":"495","p":2085.53,"q":9.32,"b":1.97,"ms":2.51,"wi":42.96,"ei":6.25,"as":568.15,"mi":"E","mv":19734,"sc":2,"lpe":71.79,"lpr":754.27,"lq":1.08,"d":482641},{"pi":"422054","pc":"Продукты питания","ss":200000,"td":"Центр города","dc":1,"n":416.66,"vc":"370881","sl":"Элитный","sv":"13350","p":11000.0,"q":11.46,"b":0.0,"ms":7.88,"wi":60.25,"ei":9.36,"as":614.31,"mi":"E","mv":169456,"sc":4,"lpe":86.09,"lpr":3638.22,"lq":2.17,"d":3832748},{"pi":"422054","pc":"Продукты питания","ss":100000,"td":"Центр города","dc":2,"n":352.27,"vc":"111381","sl":"Элитный","sv":"10000","p":2500.0,"q":17.12,"b":1.36,"ms":5.9,"wi":60.25,"ei":9.36,"as":614.31,"mi":"E","mv":169456,"sc":4,"lpe":86.09,"lpr":3638.22,"lq":2.17,"d":3832748},{"pi":"422054","pc":"Продукты питания","ss":21000,"td":"Центр города","dc":3,"n":226.14,"vc":"19608","sl":"Нормальный","sv":"213","p":3000.0,"q":15.54,"b":0.0,"ms":0.13,"wi":60.25,"ei":9.36,"as":614.31,"mi":"E","mv":169456,"sc":4,"lpe":86.09,"lpr":3638.22,"lq":2.17,"d":3832748},{"pi":"422054","pc":"Продукты питания","ss":2500,"td":"Центр города","dc":1,"n":198.8,"vc":"3343","sl":"Очень высокий","sv":"1","p":4000.0,"q":12.09,"b":0.0,"ms":0.0,"wi":60.25,"ei":9.36,"as":614.31,"mi":"E","mv":169456,"sc":4,"lpe":86.09,"lpr":3638.22,"lq":2.17,"d":3832748},{"pi":"422054","pc":"Продукты питания","ss":100000,"td":"Центр города","dc":7,"n":285.44,"vc":"134666","sl":"Высокий","sv":"17423","p":3000.0,"q":11.11,"b":0.0,"ms":3.15,"wi":39.97,"ei":5.34,"as":208.05,"mi":"E","mv":553082,"sc":3,"lpe":93.05,"lpr":1191.29,"lq":1.0,"d":12982716},{"pi":"422054","pc":"Продукты питания","ss":100000,"td":"Фешенебельный район","dc":1,"n":346.05,"vc":"36182","sl":"Элитный","sv":"16002","p":4000.0,"q":14.76,"b":0.00179477565304337,"ms":2.89,"wi":39.97,"ei":5.34,"as":208.05,"mi":"E","mv":553082,"sc":3,"lpe":93.05,"lpr":1191.29,"lq":1.0,"d":12982716},{"pi":"422054","pc":"Продукты питания","ss":100000,"td":"Центр города","dc":2,"n":371.0,"vc":"204396","sl":"Высокий","sv":"5000","p":3300.0,"q":17.12,"b":0.93,"ms":0.9,"wi":39.97,"ei":5.34,"as":208.05,"mi":"E","mv":553082,"sc":3,"lpe":93.05,"lpr":1191.29,"lq":1.0,"d":12982716},{"pi":"422054","pc":"Продукты питания","ss":3000,"td":"Центр города","dc":2,"n":159.88,"vc":"2389","sl":"Элитный","sv":"900","p":1100.0,"q":8.51,"b":0.3,"ms":1.17,"wi":21.73,"ei":4.97,"as":339.62,"mi":"E","mv":76724,"sc":1,"lpe":98.83,"lpr":1034.44,"lq":1.0,"d":2278596},{"pi":"422054","pc":"Продукты питания","ss":1000,"td":"Центр города","dc":10,"n":602.82,"vc":"9141","sl":"Очень низкий","sv":"99","p":2000.0,"q":5.54,"b":0.0,"ms":1.98,"wi":47.25,"ei":6.62,"as":504.0,"mi":"E","mv":4988,"sc":2,"lpe":97.98,"lpr":2230.87,"lq":1.0,"d":128750},{"pi":"422054","pc":"Продукты питания","ss":100,"td":"Спальный район","dc":2,"n":108.58,"vc":"41","sl":"Нормальный","sv":"2","p":210.0,"q":14.47,"b":0.0,"ms":0.04,"wi":47.25,"ei":6.62,"as":504.0,"mi":"E","mv":4988,"sc":2,"lpe":97.98,"lpr":2230.87,"lq":1.0,"d":128750},{"pi":"422054","pc":"Продукты питания","ss":140000,"td":"Центр города","dc":2,"n":452.23,"vc":"248681","sl":"Высокий","sv":"2633","p":4000.0,"q":12.44,"b":0.0,"ms":6.66,"wi":100.56,"ei":8.23,"as":1206.09,"mi":"E","mv":39560,"sc":1,"lpe":93.34,"lpr":1558.02,"lq":1.0,"d":1395634},{"pi":"422054","pc":"Продукты питания","ss":100000,"td":"Центр города","dc":2,"n":450.66,"vc":"223822","sl":"Элитный","sv":"9716","p":5700.0,"q":14.35,"b":3.6,"ms":13.89,"wi":78.65,"ei":6.43,"as":351.11,"mi":"E","mv":69952,"sc":2,"lpe":84.8,"lpr":1886.12,"lq":1.49,"d":1885836},{"pi":"422054","pc":"Продукты питания","ss":10000,"td":"Спальный район","dc":1,"n":34.29,"vc":"1820","sl":"Элитный","sv":"916","p":3800.0,"q":12.68,"b":0.0,"ms":1.31,"wi":78.65,"ei":6.43,"as":351.11,"mi":"E","mv":69952,"sc":2,"lpe":84.8,"lpr":1886.12,"lq":1.49,"d":1885836},{"pi":"422054","pc":"Продукты питания","ss":100000,"td":"Фешенебельный район","dc":1,"n":510.84,"vc":"73461","sl":"Элитный","sv":"5002","p":4000.0,"q":14.76,"b":0.00204518192722911,"ms":12.73,"wi":70.88,"ei":6.3,"as":344.6,"mi":"E","mv":39308,"sc":1,"lpe":87.27,"lpr":1338.33,"lq":1.64,"d":1061807},{"pi":"422054","pc":"Продукты питания","ss":100000,"td":"Спальный район","dc":1,"n":428.49,"vc":"130279","sl":"Высокий","sv":"7968","p":3200.0,"q":6.97,"b":0.0,"ms":11.94,"wi":98.78,"ei":7.86,"as":1444.66,"mi":"E","mv":66727,"sc":2,"lpe":80.57,"lpr":2203.36,"lq":3.0,"d":1680666},{"pi":"422054","pc":"Продукты питания","ss":5000,"td":"Центр города","dc":1,"n":351.19,"vc":"10240","sl":"Элитный","sv":"5000","p":2300.0,"q":8.51,"b":0.39,"ms":7.49,"wi":98.78,"ei":7.86,"as":1444.66,"mi":"E","mv":66727,"sc":2,"lpe":80.57,"lpr":2203.36,"lq":3.0,"d":1680666},{"pi":"422054","pc":"Продукты питания","ss":100000,"td":"Центр города","dc":2,"n":559.02,"vc":"1064474","sl":"Низкий","sv":"45000","p":3400.0,"q":12.09,"b":0.0,"ms":32.42,"wi":116.13,"ei":7.17,"as":2122.22,"mi":"E","mv":138807,"sc":4,"lpe":55.37,"lpr":1558.91,"lq":2.23,"d":2596850},{"pi":"422054","pc":"Продукты питания","ss":100000,"td":"Центр города","dc":2,"n":439.09,"vc":"223982","sl":"Элитный","sv":"15001","p":4900.0,"q":16.74,"b":2.63717885474302,"ms":10.81,"wi":116.13,"ei":7.17,"as":2122.22,"mi":"E","mv":138807,"sc":4,"lpe":55.37,"lpr":1558.91,"lq":2.23,"d":2596850},{"pi":"422054","pc":"Продукты питания","ss":100000,"td":"Центр города","dc":4,"n":152.37,"vc":"14218","sl":"Элитный","sv":"1500","p":3291.4,"q":10.9,"b":0.106666666666667,"ms":1.08,"wi":116.13,"ei":7.17,"as":2122.22,"mi":"E","mv":138807,"sc":4,"lpe":55.37,"lpr":1558.91,"lq":2.23,"d":2596850},{"pi":"422054","pc":"Продукты питания","ss":10000,"td":"Спальный район","dc":1,"n":355.6,"vc":"14601","sl":"Элитный","sv":"443","p":3200.0,"q":8.83,"b":0.32,"ms":0.32,"wi":116.13,"ei":7.17,"as":2122.22,"mi":"E","mv":138807,"sc":4,"lpe":55.37,"lpr":1558.91,"lq":2.23,"d":2596850},{"pi":"422054","pc":"Продукты питания","ss":300000,"td":"Фешенебельный район","dc":1,"n":407.21,"vc":"133924","sl":"Элитный","sv":"107798","p":3700.0,"q":15.08,"b":1.33820998534296,"ms":20.55,"wi":102.86,"ei":10.85,"as":2744.68,"mi":"E","mv":524563,"sc":6,"lpe":61.35,"lpr":1592.02,"lq":1.74,"d":9744630},{"pi":"422054","pc":"Продукты питания","ss":200000,"td":"Центр города","dc":2,"n":516.38,"vc":"2176320","sl":"Нормальный","sv":"54164","p":3600.0,"q":12.32,"b":3.52,"ms":10.33,"wi":102.86,"ei":10.85,"as":2744.68,"mi":"E","mv":524563,"sc":6,"lpe":61.35,"lpr":1592.02,"lq":1.74,"d":9744630},{"pi":"422054","pc":"Продукты питания","ss":100000,"td":"Центр города","dc":1,"n":310.52,"vc":"103344","sl":"Элитный","sv":"30000","p":3100.0,"q":17.12,"b":1.34,"ms":5.72,"wi":102.86,"ei":10.85,"as":2744.68,"mi":"E","mv":524563,"sc":6,"lpe":61.35,"lpr":1592.02,"lq":1.74,"d":9744630},{"pi":"422054","pc":"Продукты питания","ss":100000,"td":"Фешенебельный район","dc":1,"n":365.09,"vc":"39297","sl":"Элитный","sv":"8684","p":4100.0,"q":14.92,"b":0.274675264854906,"ms":1.66,"wi":102.86,"ei":10.85,"as":2744.68,"mi":"E","mv":524563,"sc":6,"lpe":61.35,"lpr":1592.02,"lq":1.74,"d":9744630},{"pi":"422054","pc":"Продукты питания","ss":10000,"td":"Спальный район","dc":1,"n":323.24,"vc":"18259","sl":"Элитный","sv":"1806","p":3200.0,"q":10.81,"b":1.76,"ms":0.34,"wi":102.86,"ei":10.85,"as":2744.68,"mi":"E","mv":524563,"sc":6,"lpe":61.35,"lpr":1592.02,"lq":1.74,"d":9744630},{"pi":"422054","pc":"Продукты питания","ss":20000,"td":"Центр города","dc":1,"n":150.18,"vc":"14386","sl":"Элитный","sv":"312","p":2499.99,"q":6.52,"b":0.417435897435897,"ms":0.06,"wi":102.86,"ei":10.85,"as":2744.68,"mi":"E","mv":524563,"sc":6,"lpe":61.35,"lpr":1592.02,"lq":1.74,"d":9744630},{"pi":"422054","pc":"Продукты питания","ss":51700,"td":"Фешенебельный район","dc":7,"n":370.75,"vc":"8541","sl":"Элитный","sv":"1105","p":5500.0,"q":12.57,"b":0.0,"ms":6.36,"wi":101.15,"ei":4.2,"as":358.64,"mi":"E","mv":17383,"sc":1,"lpe":93.64,"lpr":2218.87,"lq":1.0,"d":445356},{"pi":"422054","pc":"Продукты питания","ss":40000,"td":"Центр города","dc":1,"n":498.68,"vc":"150760","sl":"Очень высокий","sv":"10000","p":3500.0,"q":15.46,"b":0.0,"ms":53.17,"wi":73.18,"ei":7.0,"as":362.16,"mi":"D","mv":18806,"sc":2,"lpe":44.41,"lpr":1488.64,"lq":1.01,"d":664549},{"pi":"422054","pc":"Продукты питания","ss":30000,"td":"Центр города","dc":3,"n":365.51,"vc":"25744","sl":"Высокий","sv":"455","p":3730.0,"q":12.59,"b":0.0,"ms":2.42,"wi":73.18,"ei":7.0,"as":362.16,"mi":"D","mv":18806,"sc":2,"lpe":44.41,"lpr":1488.64,"lq":1.01,"d":664549},{"pi":"422054","pc":"Продукты питания","ss":10000,"td":"Центр города","dc":1,"n":154.65,"vc":"4566","sl":"Элитный","sv":"10567","p":3800.0,"q":8.51,"b":0.34244818775433,"ms":8.86,"wi":66.45,"ei":6.04,"as":318.0,"mi":"E","mv":119294,"sc":1,"lpe":91.14,"lpr":3892.99,"lq":1.0,"d":2877864},{"pi":"422054","pc":"Продукты питания","ss":22000,"td":"Центр города","dc":1,"n":380.32,"vc":"63138","sl":"Элитный","sv":"20000","p":3500.0,"q":15.46,"b":0.0,"ms":17.2,"wi":99.69,"ei":9.31,"as":1270.5,"mi":"E","mv":116304,"sc":3,"lpe":75.81,"lpr":1831.1,"lq":2.38,"d":2836484},{"pi":"422054","pc":"Продукты питания","ss":5000,"td":"Центр города","dc":1,"n":295.89,"vc":"8430","sl":"Элитный","sv":"6000","p":2100.0,"q":8.51,"b":0.25,"ms":5.16,"wi":99.69,"ei":9.31,"as":1270.5,"mi":"E","mv":116304,"sc":3,"lpe":75.81,"lpr":1831.1,"lq":2.38,"d":2836484},{"pi":"422054","pc":"Продукты питания","ss":100000,"td":"Центр города","dc":1,"n":436.78,"vc":"225926","sl":"Элитный","sv":"2129","p":5000.0,"q":15.03,"b":2.7,"ms":1.83,"wi":99.69,"ei":9.31,"as":1270.5,"mi":"E","mv":116304,"sc":3,"lpe":75.81,"lpr":1831.1,"lq":2.38,"d":2836484},{"pi":"422054","pc":"Продукты питания","ss":2000,"td":"Центр города","dc":2,"n":219.41,"vc":"1925","sl":"Элитный","sv":"1500","p":5600.0,"q":8.51,"b":0.63,"ms":8.6,"wi":62.61,"ei":6.29,"as":373.31,"mi":"E","mv":17437,"sc":1,"lpe":91.4,"lpr":5550.87,"lq":1.0,"d":774042},{"pi":"422054","pc":"Продукты питания","ss":10000,"td":"Центр города","dc":1,"n":331.81,"vc":"5452","sl":"Элитный","sv":"1365","p":1840.0,"q":5.7,"b":0.00285714285714286,"ms":25.9,"wi":53.91,"ei":5.7,"as":380.06,"mi":"E","mv":5271,"sc":1,"lpe":74.1,"lpr":1024.39,"lq":1.29,"d":113064},{"pi":"422054","pc":"Продукты питания","ss":20000,"td":"Центр города","dc":1,"n":371.56,"vc":"55858","sl":"Очень высокий","sv":"24276","p":5000.0,"q":15.93,"b":0.0,"ms":21.02,"wi":93.34,"ei":5.0,"as":474.39,"mi":"E","mv":115481,"sc":2,"lpe":78.79,"lpr":2084.9,"lq":2.31,"d":2970884},{"pi":"422054","pc":"Продукты питания","ss":1800,"td":"Спальный район","dc":2,"n":0.92,"vc":"581","sl":"Очень высокий","sv":"220","p":2607.0,"q":6.01,"b":1.48,"ms":0.19,"wi":93.34,"ei":5.0,"as":474.39,"mi":"E","mv":115481,"sc":2,"lpe":78.79,"lpr":2084.9,"lq":2.31,"d":2970884},{"pi":"422054","pc":"Продукты питания","ss":100000,"td":"Центр города","dc":2,"n":121.65,"vc":"11458","sl":"Очень высокий","sv":"9","p":2800.0,"q":6.67,"b":0.0,"ms":0.01,"wi":17.18,"ei":17.09,"as":56.27,"mi":"E","mv":60146,"sc":1,"lpe":99.99,"lpr":1031.19,"lq":1.0,"d":3998532},{"pi":"422054","pc":"Продукты питания","ss":10000,"td":"Центр города","dc":1,"n":292.16,"vc":"5104","sl":"Элитный","sv":"3016","p":1690.0,"q":5.66,"b":0.0,"ms":29.55,"wi":72.48,"ei":6.2,"as":316.9,"mi":"E","mv":10207,"sc":1,"lpe":70.45,"lpr":1165.6,"lq":1.34,"d":216434},{"pi":"422054","pc":"Продукты питания","ss":10000,"td":"Центр города","dc":1,"n":226.13,"vc":"4802","sl":"Элитный","sv":"4207","p":1720.0,"q":5.69,"b":0.00695269788447825,"ms":13.67,"wi":64.2,"ei":7.41,"as":406.66,"mi":"E","mv":30770,"sc":1,"lpe":86.33,"lpr":1679.33,"lq":2.11,"d":733921},{"pi":"422054","pc":"Продукты питания","ss":10000,"td":"Центр города","dc":1,"n":327.51,"vc":"5439","sl":"Элитный","sv":"1508","p":1686.0,"q":5.66,"b":0.0,"ms":26.61,"wi":58.69,"ei":6.1,"as":320.0,"mi":"E","mv":5668,"sc":1,"lpe":73.39,"lpr":960.94,"lq":1.18,"d":122986},{"pi":"422054","pc":"Продукты питания","ss":10000,"td":"Центр города","dc":1,"n":299.73,"vc":"5161","sl":"Элитный","sv":"2869","p":1720.0,"q":5.67,"b":6.79679330777274E-4,"ms":31.7,"wi":72.57,"ei":6.1,"as":319.0,"mi":"E","mv":9050,"sc":1,"lpe":68.3,"lpr":1144.84,"lq":1.27,"d":190480},{"pi":"422054","pc":"Продукты питания","ss":100000,"td":"Центр города","dc":1,"n":90.34,"vc":"8721","sl":"Элитный","sv":"12","p":2399.05,"q":2.69,"b":0.69,"ms":0.01,"wi":39.2,"ei":15.63,"as":384.32,"mi":"E","mv":100699,"sc":1,"lpe":99.99,"lpr":1910.03,"lq":1.0,"d":4545297},{"pi":"422054","pc":"Продукты питания","ss":100000,"td":"Центр города","dc":2,"n":418.6,"vc":"172437","sl":"Элитный","sv":"9068","p":2888.0,"q":13.93,"b":2.81368769298633,"ms":29.9,"wi":75.57,"ei":8.11,"as":1269.9,"mi":"E","mv":30327,"sc":1,"lpe":70.1,"lpr":974.99,"lq":1.31,"d":678178},{"pi":"422054","pc":"Продукты питания","ss":200,"td":"Центр города","dc":1,"n":18.43,"vc":"166","sl":"Низкий","sv":"9","p":4100.0,"q":14.47,"b":0.0,"ms":0.14,"wi":74.19,"ei":6.6,"as":584.33,"mi":"E","mv":6288,"sc":1,"lpe":99.86,"lpr":3952.2,"lq":1.0,"d":168154},{"pi":"422054","pc":"Продукты питания","ss":1000,"td":"Фешенебельный район","dc":2,"n":515.86,"vc":"1221","sl":"Очень высокий","sv":"701","p":2700.0,"q":13.27,"b":0.0200285306704708,"ms":5.3,"wi":69.48,"ei":7.76,"as":583.44,"mi":"E","mv":13230,"sc":1,"lpe":94.7,"lpr":3205.8,"lq":1.0,"d":375360},{"pi":"422054","pc":"Продукты питания","ss":1000,"td":"Спальный район","dc":1,"n":246.33,"vc":"1574","sl":"Элитный","sv":"1100","p":4000.0,"q":14.47,"b":0.0,"ms":4.96,"wi":88.26,"ei":7.25,"as":562.28,"mi":"E","mv":22157,"sc":9,"lpe":81.95,"lpr":2276.63,"lq":2.86,"d":598348},{"pi":"422054","pc":"Продукты питания","ss":1000,"td":"Спальный район","dc":1,"n":215.15,"vc":"879","sl":"Очень высокий","sv":"1019","p":2720.0,"q":14.47,"b":0.0,"ms":4.6,"wi":88.26,"ei":7.25,"as":562.28,"mi":"E","mv":22157,"sc":9,"lpe":81.95,"lpr":2276.63,"lq":2.86,"d":598348},{"pi":"422054","pc":"Продукты питания","ss":1000,"td":"Фешенебельный район","dc":2,"n":479.43,"vc":"1172","sl":"Очень высокий","sv":"654","p":2500.0,"q":14.47,"b":0.0,"ms":2.95,"wi":88.26,"ei":7.25,"as":562.28,"mi":"E","mv":22157,"sc":9,"lpe":81.95,"lpr":2276.63,"lq":2.86,"d":598348},{"pi":"422054","pc":"Продукты питания","ss":1000,"td":"Центр города","dc":2,"n":151.0,"vc":"817","sl":"Очень высокий","sv":"350","p":3300.0,"q":14.47,"b":0.0,"ms":1.58,"wi":88.26,"ei":7.25,"as":562.28,"mi":"E","mv":22157,"sc":9,"lpe":81.95,"lpr":2276.63,"lq":2.86,"d":598348},{"pi":"422054","pc":"Продукты питания","ss":1000,"td":"Спальный район","dc":4,"n":205.53,"vc":"1250","sl":"Нормальный","sv":"321","p":3000.0,"q":11.73,"b":0.0,"ms":1.45,"wi":88.26,"ei":7.25,"as":562.28,"mi":"E","mv":22157,"sc":9,"lpe":81.95,"lpr":2276.63,"lq":2.86,"d":598348},{"pi":"422054","pc":"Продукты питания","ss":1000,"td":"Центр города","dc":1,"n":279.79,"vc":"1688","sl":"Очень высокий","sv":"300","p":4000.0,"q":14.47,"b":0.0,"ms":1.35,"wi":88.26,"ei":7.25,"as":562.28,"mi":"E","mv":22157,"sc":9,"lpe":81.95,"lpr":2276.63,"lq":2.86,"d":598348},{"pi":"422054","pc":"Продукты питания","ss":1000,"td":"Фешенебельный район","dc":2,"n":210.0,"vc":"256","sl":"Элитный","sv":"240","p":2950.0,"q":13.49,"b":0.0,"ms":1.08,"wi":88.26,"ei":7.25,"as":562.28,"mi":"E","mv":22157,"sc":9,"lpe":81.95,"lpr":2276.63,"lq":2.86,"d":598348},{"pi":"422054","pc":"Продукты питания","ss":1000,"td":"Фешенебельный район","dc":2,"n":211.57,"vc":"172","sl":"Элитный","sv":"12","p":3000.0,"q":5.73,"b":0.0,"ms":0.05,"wi":88.26,"ei":7.25,"as":562.28,"mi":"E","mv":22157,"sc":9,"lpe":81.95,"lpr":2276.63,"lq":2.86,"d":598348},{"pi":"422054","pc":"Продукты питания","ss":1000,"td":"Центр города","dc":2,"n":212.6,"vc":"1156","sl":"Очень высокий","sv":"4","p":4300.0,"q":5.7,"b":0.0,"ms":0.02,"wi":88.26,"ei":7.25,"as":562.28,"mi":"E","mv":22157,"sc":9,"lpe":81.95,"lpr":2276.63,"lq":2.86,"d":598348},{"pi":"422054","pc":"Продукты питания","ss":100000,"td":"Фешенебельный район","dc":1,"n":553.65,"vc":"103497","sl":"Элитный","sv":"6141","p":5000.0,"q":15.09,"b":3.1663865819899,"ms":18.32,"wi":98.88,"ei":9.31,"as":1312.5,"mi":"E","mv":33513,"sc":1,"lpe":81.68,"lpr":1890.8,"lq":2.34,"d":871981},{"pi":"422054","pc":"Продукты питания","ss":21000,"td":"Центр города","dc":1,"n":431.15,"vc":"70854","sl":"Очень высокий","sv":"55670","p":2000.0,"q":15.96,"b":0.0,"ms":99.49,"wi":96.92,"ei":9.6,"as":1470.0,"mi":"B","mv":55957,"sc":2,"lpe":0.0,"lpr":1203.15,"lq":2.64,"d":1347944},{"pi":"422054","pc":"Продукты питания","ss":200000,"td":"Центр города","dc":2,"n":613.63,"vc":"2995416","sl":"Очень низкий","sv":"287","p":3000.0,"q":8.57,"b":0.0,"ms":0.51,"wi":96.92,"ei":9.6,"as":1470.0,"mi":"B","mv":55957,"sc":2,"lpe":0.0,"lpr":1203.15,"lq":2.64,"d":1347944},{"pi":"422054","pc":"Продукты питания","ss":600,"td":"Центр города","dc":3,"n":122.82,"vc":"302","sl":"Очень высокий","sv":"10","p":2000.0,"q":14.47,"b":0.0,"ms":0.23,"wi":55.02,"ei":6.51,"as":504.0,"mi":"E","mv":4410,"sc":1,"lpe":99.77,"lpr":2156.9,"lq":1.0,"d":114330},{"pi":"422054","pc":"Продукты питания","ss":1000,"td":"Спальный район","dc":6,"n":442.48,"vc":"2913","sl":"Очень низкий","sv":"299","p":4000.0,"q":5.18,"b":0.0,"ms":5.14,"wi":72.69,"ei":6.62,"as":475.0,"mi":"E","mv":5818,"sc":1,"lpe":94.86,"lpr":3563.15,"lq":1.0,"d":147806},{"pi":"422054","pc":"Продукты питания","ss":100,"td":"Фешенебельный район","dc":1,"n":289.17,"vc":"16","sl":"Элитный","sv":"81","p":2200.0,"q":14.47,"b":0.0,"ms":1.52,"wi":51.98,"ei":6.2,"as":518.18,"mi":"E","mv":5333,"sc":1,"lpe":98.48,"lpr":2262.34,"lq":1.0,"d":145874},{"pi":"422054","pc":"Продукты питания","ss":1000,"td":"Фешенебельный район","dc":1,"n":264.57,"vc":"213","sl":"Элитный","sv":"17","p":12000.0,"q":14.47,"b":0.0,"ms":0.3,"wi":64.84,"ei":6.72,"as":456.0,"mi":"E","mv":5655,"sc":1,"lpe":99.7,"lpr":3787.22,"lq":1.0,"d":145230},{"pi":"422054","pc":"Продукты питания","ss":1100,"td":"Фешенебельный район","dc":1,"n":377.89,"vc":"439","sl":"Элитный","sv":"122","p":3200.0,"q":5.67,"b":1.03,"ms":0.9,"wi":45.48,"ei":7.34,"as":367.54,"mi":"E","mv":13608,"sc":1,"lpe":99.1,"lpr":1517.51,"lq":1.0,"d":793016},{"pi":"422054","pc":"Продукты питания","ss":1000,"td":"Центр города","dc":1,"n":642.29,"vc":"6363","sl":"Нормальный","sv":"1228","p":2800.0,"q":14.47,"b":0.0,"ms":40.24,"wi":47.9,"ei":6.51,"as":503.58,"mi":"D","mv":3052,"sc":3,"lpe":0.0,"lpr":1407.33,"lq":1.53,"d":80987},{"pi":"422054","pc":"Продукты питания","ss":1000,"td":"Спальный район","dc":1,"n":357.05,"vc":"1434","sl":"Элитный","sv":"1195","p":2700.0,"q":14.47,"b":0.0,"ms":39.15,"wi":47.9,"ei":6.51,"as":503.58,"mi":"D","mv":3052,"sc":3,"lpe":0.0,"lpr":1407.33,"lq":1.53,"d":80987},{"pi":"422054","pc":"Продукты питания","ss":700,"td":"Фешенебельный район","dc":1,"n":642.29,"vc":"701","sl":"Очень высокий","sv":"629","p":2700.0,"q":14.47,"b":0.0,"ms":20.61,"wi":47.9,"ei":6.51,"as":503.58,"mi":"D","mv":3052,"sc":3,"lpe":0.0,"lpr":1407.33,"lq":1.53,"d":80987},{"pi":"422054","pc":"Продукты питания","ss":14000,"td":"Центр города","dc":1,"n":318.0,"vc":"21228","sl":"Элитный","sv":"9730","p":2000.0,"q":5.21,"b":1.03,"ms":6.6,"wi":48.46,"ei":12.08,"as":459.52,"mi":"E","mv":147495,"sc":2,"lpe":92.05,"lpr":1168.43,"lq":1.0,"d":3957256},{"pi":"422054","pc":"Продукты питания","ss":200000,"td":"Центр города","dc":2,"n":558.06,"vc":"2449456","sl":"Низкий","sv":"2000","p":2000.0,"q":6.39,"b":1.03,"ms":1.36,"wi":48.46,"ei":12.08,"as":459.52,"mi":"E","mv":147495,"sc":2,"lpe":92.05,"lpr":1168.43,"lq":1.0,"d":3957256}]