[{"d":"07.12.2021","r":1.0,"q":1.01,"p":4000000.0,"s":[{"cn":"rifonya_1 Финанс","ui":"8870667","t":1.0,"r":1.0,"q":1.01,"p":4000000.0,"mot":"U","mo":1.0},{"cn":"","ui":"","t":0.0,"r":0.0,"q":0.0,"p":0.0,"mot":"L","mo":0.0}]},{"d":"09.12.2021","r":1.0,"q":1.01,"p":9999999.0,"s":[{"cn":"YYARSS LTD.","ui":"8874631","t":1.0,"r":1.0,"q":1.01,"p":9999999.0,"mot":"U","mo":1.0},{"cn":"","ui":"","t":0.0,"r":0.0,"q":0.0,"p":0.0,"mot":"L","mo":0.0}]},{"d":"28.12.2021","r":2.0,"q":1.0,"p":1.0E10,"s":[{"cn":"Seimex Финанс","ui":"8888257","t":2.0,"r":2.0,"q":1.0,"p":1.0E10,"mot":"U","mo":2.0},{"cn":"","ui":"","t":0.0,"r":0.0,"q":0.0,"p":0.0,"mot":"L","mo":0.0}]},{"d":"29.12.2021","r":26.0,"q":1.0,"p":1.013461538462E10,"s":[{"cn":"Stelloveme Ltd.","ui":"8884359","t":15.0,"r":15.0,"q":1.0,"p":7.0E8,"mot":"U","mo":15.0},{"cn":"Skyline7 Ltd.","ui":"8888986","t":6.0,"r":6.0,"q":1.01,"p":5.0E8,"mot":"U","mo":6.0},{"cn":"Seimex Финанс","ui":"8888257","t":5.0,"r":5.0,"q":1.0,"p":5.0E10,"mot":"U","mo":5.0},{"cn":"","ui":"","t":0.0,"r":0.0,"q":0.0,"p":0.0,"mot":"L","mo":0.0}]},{"d":"30.12.2021","r":13.0,"q":1.0,"p":9.65384615385E9,"s":[{"cn":"Stelloveme Ltd.","ui":"8884359","t":5.0,"r":5.0,"q":1.0,"p":7.0E8,"mot":"U","mo":5.0},{"cn":"Skyline7 Ltd.","ui":"8888986","t":2.0,"r":2.0,"q":1.01,"p":1.0E9,"mot":"U","mo":2.0},{"cn":"Seimex Финанс","ui":"8888257","t":6.0,"r":6.0,"q":1.0,"p":2.0E10,"mot":"U","mo":6.0},{"cn":"","ui":"","t":0.0,"r":0.0,"q":0.0,"p":0.0,"mot":"L","mo":0.0}]},{"d":"31.12.2021","r":17.0,"q":1.0,"p":1.382352941176E10,"s":[{"cn":"makarP","ui":"8877964","t":7.0,"r":7.0,"q":1.0,"p":1.0E9,"mot":"U","mo":7.0},{"cn":"Skyline7 Ltd.","ui":"8888986","t":1.0,"r":1.0,"q":1.01,"p":3.0E9,"mot":"U","mo":1.0},{"cn":"Seimex Финанс","ui":"8888257","t":9.0,"r":9.0,"q":1.0,"p":2.5E10,"mot":"U","mo":9.0},{"cn":"","ui":"","t":0.0,"r":0.0,"q":0.0,"p":0.0,"mot":"L","mo":0.0}]},{"d":"03.01.2022","r":50.0,"q":1.02,"p":9.38E9,"s":[{"cn":"makarP","ui":"8877964","t":3.0,"r":3.0,"q":1.0,"p":2.0E9,"mot":"U","mo":3.0},{"cn":"Seimex Финанс","ui":"8652764","t":46.0,"r":46.0,"q":1.02,"p":1.0E10,"mot":"U","mo":46.0},{"cn":"","ui":"","t":5.0,"r":1.0,"q":1.01,"p":3.0E9,"mot":"L","mo":1.0}]},{"d":"04.01.2022","r":97.0,"q":1.11,"p":7.13195876289E9,"s":[{"cn":"Tanunah Ltd.","ui":"8885162","t":22.0,"r":22.0,"q":1.41,"p":2.4E9,"mot":"U","mo":22.0},{"cn":"makarP","ui":"8877964","t":6.0,"r":6.0,"q":1.0,"p":2.0E9,"mot":"U","mo":6.0},{"cn":"Skyline7 Ltd.","ui":"8888986","t":13.0,"r":9.0,"q":1.01,"p":3.0E9,"mot":"U","mo":9.0},{"cn":"Seimex Финанс","ui":"8652764","t":60.0,"r":60.0,"q":1.03,"p":1.0E10,"mot":"U","mo":60.0},{"cn":"","ui":"","t":0.0,"r":0.0,"q":0.0,"p":0.0,"mot":"L","mo":0.0}]},{"d":"05.01.2022","r":121.0,"q":1.08,"p":1.150909090909E10,"s":[{"cn":"Stelloveme Ltd.","ui":"8884359","t":8.0,"r":8.0,"q":1.0,"p":7.0E10,"mot":"U","mo":8.0},{"cn":"makarP","ui":"8877964","t":9.0,"r":9.0,"q":1.0,"p":2.0E9,"mot":"U","mo":9.0},{"cn":"Tanunah Ltd.","ui":"8885162","t":14.0,"r":14.0,"q":1.5,"p":2.4E9,"mot":"U","mo":14.0},{"cn":"Skyline7 Ltd.","ui":"8888986","t":21.0,"r":17.0,"q":1.01,"p":3.0E9,"mot":"U","mo":17.0},{"cn":"Seimex Финанс","ui":"8652764","t":73.0,"r":73.0,"q":1.03,"p":1.0E10,"mot":"U","mo":73.0},{"cn":"","ui":"","t":0.0,"r":0.0,"q":0.0,"p":0.0,"mot":"L","mo":0.0}]},{"d":"06.01.2022","r":74.0,"q":1.09,"p":8.36756756757E9,"s":[{"cn":"Tanunah Ltd.","ui":"8885162","t":8.0,"r":8.0,"q":1.57,"p":2.4E9,"mot":"U","mo":8.0},{"cn":"Skyline7 Ltd.","ui":"8888986","t":12.0,"r":12.0,"q":1.01,"p":5.0E9,"mot":"U","mo":12.0},{"cn":"Seimex Финанс","ui":"8652764","t":54.0,"r":54.0,"q":1.03,"p":1.0E10,"mot":"U","mo":54.0},{"cn":"","ui":"","t":0.0,"r":0.0,"q":0.0,"p":0.0,"mot":"L","mo":0.0}]},{"d":"07.01.2022","r":95.0,"q":1.04,"p":1.0E10,"s":[{"cn":"Seimex Финанс","ui":"8652764","t":95.0,"r":95.0,"q":1.04,"p":1.0E10,"mot":"U","mo":95.0},{"cn":"","ui":"","t":0.0,"r":0.0,"q":0.0,"p":0.0,"mot":"L","mo":0.0}]},{"d":"10.01.2022","r":33.0,"q":2.41,"p":2.0E10,"s":[{"cn":"Seimex Финанс","ui":"8652764","t":33.0,"r":33.0,"q":2.41,"p":2.0E10,"mot":"U","mo":33.0},{"cn":"","ui":"","t":0.0,"r":0.0,"q":0.0,"p":0.0,"mot":"L","mo":0.0}]},{"d":"11.01.2022","r":49.0,"q":2.61,"p":1.38793877551E10,"s":[{"cn":"Tanunah Ltd.","ui":"8885162","t":8.0,"r":8.0,"q":2.04,"p":5.0E9,"mot":"U","mo":8.0},{"cn":"Seimex Финанс","ui":"8888257","t":19.0,"r":9.0,"q":2.85,"p":1.0E7,"mot":"U","mo":9.0},{"cn":"Seimex Финанс","ui":"8652764","t":32.0,"r":32.0,"q":2.68,"p":2.0E10,"mot":"U","mo":32.0},{"cn":"","ui":"","t":0.0,"r":0.0,"q":0.0,"p":0.0,"mot":"L","mo":0.0}]},{"d":"12.01.2022","r":50.0,"q":2.39,"p":6.624034478852E10,"s":[{"cn":"MAKSIMROMANIUK Finance","ui":"8887414","t":6.0,"r":6.0,"q":1.01,"p":2873237.63,"mot":"U","mo":6.0},{"cn":"Tanunah Ltd.","ui":"8885162","t":8.0,"r":8.0,"q":2.04,"p":9.0E9,"mot":"U","mo":8.0},{"cn":"Skyline7 Ltd.","ui":"8888986","t":14.0,"r":4.0,"q":3.29,"p":1.0E10,"mot":"L","mo":4.0},{"cn":"Seimex Финанс","ui":"8652764","t":32.0,"r":32.0,"q":2.63,"p":1.0E11,"mot":"U","mo":32.0},{"cn":"","ui":"","t":0.0,"r":0.0,"q":0.0,"p":0.0,"mot":"L","mo":0.0}]},{"d":"13.01.2022","r":64.0,"q":2.73,"p":1.0E11,"s":[{"cn":"Seimex Финанс","ui":"8652764","t":64.0,"r":64.0,"q":2.73,"p":1.0E11,"mot":"U","mo":64.0},{"cn":"","ui":"","t":0.0,"r":0.0,"q":0.0,"p":0.0,"mot":"L","mo":0.0}]},{"d":"17.01.2022","r":142.0,"q":2.7,"p":2.5E10,"s":[{"cn":"Seimex Финанс","ui":"8652764","t":142.0,"r":142.0,"q":2.7,"p":2.5E10,"mot":"U","mo":142.0},{"cn":"","ui":"","t":0.0,"r":0.0,"q":0.0,"p":0.0,"mot":"L","mo":0.0}]},{"d":"18.01.2022","r":76.0,"q":2.66,"p":4.796052631579E10,"s":[{"cn":"Tanunah Ltd.","ui":"8885162","t":5.0,"r":5.0,"q":2.04,"p":1.9E10,"mot":"U","mo":5.0},{"cn":"Seimex Финанс","ui":"8652764","t":71.0,"r":71.0,"q":2.7,"p":5.0E10,"mot":"U","mo":71.0},{"cn":"","ui":"","t":0.0,"r":0.0,"q":0.0,"p":0.0,"mot":"L","mo":0.0}]},{"d":"19.01.2022","r":135.0,"q":2.74,"p":3.0E10,"s":[{"cn":"Seimex Финанс","ui":"8652764","t":135.0,"r":135.0,"q":2.74,"p":3.0E10,"mot":"U","mo":135.0},{"cn":"","ui":"","t":0.0,"r":0.0,"q":0.0,"p":0.0,"mot":"L","mo":0.0}]},{"d":"20.01.2022","r":257.0,"q":2.79,"p":3.0E10,"s":[{"cn":"Seimex Финанс","ui":"8652764","t":137.0,"r":137.0,"q":2.73,"p":3.0E10,"mot":"U","mo":137.0},{"cn":"Seimex Финанс","ui":"8888257","t":120.0,"r":120.0,"q":2.85,"p":3.0E10,"mot":"U","mo":120.0},{"cn":"","ui":"","t":0.0,"r":0.0,"q":0.0,"p":0.0,"mot":"L","mo":0.0}]},{"d":"17.02.2022","r":429.0,"q":2.88,"p":1.77128974359E10,"s":[{"cn":"NEONIKA","ui":"8910926","t":26.0,"r":26.0,"q":5.08,"p":1.0E10,"mot":"U","mo":26.0},{"cn":"Tanunah Ltd.","ui":"8885162","t":40.0,"r":40.0,"q":3.18,"p":1.1E10,"mot":"U","mo":40.0},{"cn":"Seimex Финанс","ui":"8888257","t":84.0,"r":84.0,"q":2.85,"p":2.0E10,"mot":"U","mo":84.0},{"cn":"Seimex Финанс","ui":"8652764","t":242.0,"r":242.0,"q":2.7,"p":2.0E10,"mot":"U","mo":242.0},{"cn":"","ui":"","t":37.0,"r":37.0,"q":2.26,"p":1.023872972973E10,"mot":"L","mo":37.0}]},{"d":"18.02.2022","r":434.0,"q":2.74,"p":1.452073617512E10,"s":[{"cn":"Tanunah Ltd.","ui":"8885162","t":46.0,"r":46.0,"q":3.22,"p":9.0E9,"mot":"U","mo":46.0},{"cn":"Seimex Финанс","ui":"8652764","t":251.0,"r":251.0,"q":2.68,"p":1.6E10,"mot":"U","mo":251.0},{"cn":"Seimex Финанс","ui":"8888257","t":96.0,"r":96.0,"q":2.85,"p":1.5E10,"mot":"U","mo":96.0},{"cn":"","ui":"","t":41.0,"r":41.0,"q":2.34,"p":1.053657317073E10,"mot":"L","mo":41.0}]},{"d":"21.02.2022","r":583.0,"q":2.78,"p":1.207718696398E10,"s":[{"cn":"Pasarika_Simu_bizzznesssss","ui":"8898408","t":45.0,"r":45.0,"q":3.17,"p":7.8E9,"mot":"U","mo":45.0},{"cn":"Tanunah Ltd.","ui":"8885162","t":64.0,"r":64.0,"q":3.32,"p":8.0E9,"mot":"U","mo":64.0},{"cn":"Seimex Финанс","ui":"8652764","t":273.0,"r":273.0,"q":2.67,"p":1.4E10,"mot":"U","mo":273.0},{"cn":"Seimex Финанс","ui":"8888257","t":132.0,"r":132.0,"q":2.87,"p":1.4E10,"mot":"U","mo":132.0},{"cn":"","ui":"","t":74.0,"r":69.0,"q":2.29,"p":7.36231884058E9,"mot":"L","mo":69.0}]},{"d":"22.02.2022","r":534.0,"q":2.78,"p":1.266741573034E10,"s":[{"cn":"Tanunah Ltd.","ui":"8885162","t":70.0,"r":70.0,"q":3.35,"p":8.0E9,"mot":"U","mo":70.0},{"cn":"Seimex Финанс","ui":"8888257","t":144.0,"r":144.0,"q":2.88,"p":1.4E10,"mot":"U","mo":144.0},{"cn":"Seimex Финанс","ui":"8652764","t":278.0,"r":278.0,"q":2.66,"p":1.4E10,"mot":"U","mo":278.0},{"cn":"","ui":"","t":47.0,"r":42.0,"q":2.24,"p":7.05714285714E9,"mot":"L","mo":42.0}]},{"d":"23.02.2022","r":526.0,"q":2.81,"p":1.312661596958E10,"s":[{"cn":"Seimex Финанс","ui":"8652764","t":348.0,"r":348.0,"q":2.8,"p":1.4E10,"mot":"U","mo":348.0},{"cn":"Seimex Финанс","ui":"8888257","t":156.0,"r":156.0,"q":2.89,"p":1.2E10,"mot":"U","mo":156.0},{"cn":"","ui":"","t":22.0,"r":22.0,"q":2.37,"p":7.3E9,"mot":"L","mo":22.0}]},{"d":"24.02.2022","r":610.0,"q":2.83,"p":1.135786885246E10,"s":[{"cn":"Pasarika_Simu_bizzznesssss","ui":"8898408","t":48.0,"r":48.0,"q":3.2,"p":7.8E9,"mot":"U","mo":48.0},{"cn":"Seimex Финанс","ui":"8888257","t":168.0,"r":168.0,"q":2.9,"p":1.2E10,"mot":"U","mo":168.0},{"cn":"Seimex Финанс","ui":"8652764","t":354.0,"r":354.0,"q":2.81,"p":1.2E10,"mot":"U","mo":354.0},{"cn":"","ui":"","t":40.0,"r":40.0,"q":2.34,"p":7.2475E9,"mot":"L","mo":40.0}]},{"d":"25.02.2022","r":546.0,"q":2.85,"p":1.194505494505E10,"s":[{"cn":"Seimex Финанс","ui":"8888257","t":180.0,"r":180.0,"q":2.9,"p":1.2E10,"mot":"U","mo":180.0},{"cn":"Seimex Финанс","ui":"8652764","t":360.0,"r":360.0,"q":2.83,"p":1.2E10,"mot":"U","mo":360.0},{"cn":"","ui":"","t":6.0,"r":6.0,"q":2.46,"p":7.0E9,"mot":"L","mo":6.0}]},{"d":"28.02.2022","r":620.0,"q":2.85,"p":1.099596774194E10,"s":[{"cn":"Seimex Финанс","ui":"8888257","t":216.0,"r":216.0,"q":2.92,"p":1.0E10,"mot":"U","mo":216.0},{"cn":"Seimex Финанс","ui":"8652764","t":365.0,"r":365.0,"q":2.86,"p":1.2E10,"mot":"U","mo":365.0},{"cn":"","ui":"","t":39.0,"r":39.0,"q":2.31,"p":7.11538461538E9,"mot":"L","mo":39.0}]},{"d":"01.03.2022","r":598.0,"q":2.89,"p":1.123745819398E10,"s":[{"cn":"Seimex Финанс","ui":"8888257","t":228.0,"r":228.0,"q":2.93,"p":1.0E10,"mot":"U","mo":228.0},{"cn":"Seimex Финанс","ui":"8652764","t":370.0,"r":370.0,"q":2.87,"p":1.2E10,"mot":"U","mo":370.0},{"cn":"","ui":"","t":0.0,"r":0.0,"q":0.0,"p":0.0,"mot":"L","mo":0.0}]},{"d":"02.03.2022","r":615.0,"q":2.9,"p":1.2E10,"s":[{"cn":"Seimex Финанс","ui":"8652764","t":375.0,"r":375.0,"q":2.88,"p":1.2E10,"mot":"U","mo":375.0},{"cn":"Seimex Финанс","ui":"8888257","t":240.0,"r":240.0,"q":2.94,"p":1.2E10,"mot":"U","mo":240.0},{"cn":"","ui":"","t":0.0,"r":0.0,"q":0.0,"p":0.0,"mot":"L","mo":0.0}]},{"d":"03.03.2022","r":392.0,"q":2.89,"p":1.2E10,"s":[{"cn":"Seimex Финанс","ui":"8652764","t":380.0,"r":380.0,"q":2.88,"p":1.2E10,"mot":"U","mo":380.0},{"cn":"","ui":"","t":12.0,"r":12.0,"q":3.1,"p":1.2E10,"mot":"L","mo":12.0}]},{"d":"04.03.2022","r":412.0,"q":2.9,"p":1.196359223301E10,"s":[{"cn":"Seimex Финанс","ui":"8652764","t":385.0,"r":385.0,"q":2.89,"p":1.2E10,"mot":"U","mo":385.0},{"cn":"Seimex Финанс","ui":"8888257","t":24.0,"r":24.0,"q":3.11,"p":1.2E10,"mot":"U","mo":24.0},{"cn":"","ui":"","t":3.0,"r":3.0,"q":2.45,"p":7.0E9,"mot":"L","mo":3.0}]},{"d":"07.03.2022","r":19.0,"q":3.19,"p":1.2E10,"s":[{"cn":"Seimex Финанс","ui":"8652764","t":7.0,"r":7.0,"q":3.23,"p":1.2E10,"mot":"U","mo":7.0},{"cn":"Seimex Финанс","ui":"8888257","t":12.0,"r":12.0,"q":3.17,"p":1.2E10,"mot":"U","mo":12.0},{"cn":"","ui":"","t":0.0,"r":0.0,"q":0.0,"p":0.0,"mot":"L","mo":0.0}]},{"d":"08.03.2022","r":41.0,"q":3.14,"p":1.163414634146E10,"s":[{"cn":"mr worldwide Ltd.","ui":"8927515","t":3.0,"r":3.0,"q":2.46,"p":7.0E9,"mot":"U","mo":3.0},{"cn":"Seimex Финанс","ui":"8888257","t":24.0,"r":24.0,"q":3.18,"p":1.2E10,"mot":"U","mo":24.0},{"cn":"Seimex Финанс","ui":"8652764","t":14.0,"r":14.0,"q":3.23,"p":1.2E10,"mot":"U","mo":14.0},{"cn":"","ui":"","t":0.0,"r":0.0,"q":0.0,"p":0.0,"mot":"L","mo":0.0}]},{"d":"09.03.2022","r":75.0,"q":2.96,"p":1.2E10,"s":[{"cn":"Seimex Финанс","ui":"8652764","t":39.0,"r":39.0,"q":2.74,"p":1.2E10,"mot":"U","mo":39.0},{"cn":"Seimex Финанс","ui":"8888257","t":36.0,"r":36.0,"q":3.19,"p":1.2E10,"mot":"U","mo":36.0},{"cn":"","ui":"","t":0.0,"r":0.0,"q":0.0,"p":0.0,"mot":"L","mo":0.0}]},{"d":"10.03.2022","r":112.0,"q":2.88,"p":1.2E10,"s":[{"cn":"Seimex Финанс","ui":"8888257","t":48.0,"r":48.0,"q":3.2,"p":1.2E10,"mot":"U","mo":48.0},{"cn":"Seimex Финанс","ui":"8652764","t":64.0,"r":64.0,"q":2.64,"p":1.2E10,"mot":"U","mo":64.0},{"cn":"","ui":"","t":0.0,"r":0.0,"q":0.0,"p":0.0,"mot":"L","mo":0.0}]},{"d":"11.03.2022","r":147.0,"q":2.83,"p":1.2E10,"s":[{"cn":"Seimex Финанс","ui":"8888257","t":60.0,"r":60.0,"q":3.2,"p":1.2E10,"mot":"U","mo":60.0},{"cn":"Seimex Финанс","ui":"8652764","t":87.0,"r":87.0,"q":2.58,"p":1.2E10,"mot":"U","mo":87.0},{"cn":"","ui":"","t":0.0,"r":0.0,"q":0.0,"p":0.0,"mot":"L","mo":0.0}]},{"d":"14.03.2022","r":12.0,"q":3.31,"p":1.2E10,"s":[{"cn":"Seimex Финанс","ui":"8888257","t":12.0,"r":12.0,"q":3.31,"p":1.2E10,"mot":"U","mo":12.0},{"cn":"","ui":"","t":0.0,"r":0.0,"q":0.0,"p":0.0,"mot":"L","mo":0.0}]},{"d":"15.03.2022","r":34.0,"q":2.71,"p":1.2E10,"s":[{"cn":"Seimex Финанс","ui":"8652764","t":22.0,"r":22.0,"q":2.39,"p":1.2E10,"mot":"U","mo":22.0},{"cn":"Seimex Финанс","ui":"8888257","t":12.0,"r":12.0,"q":3.3,"p":1.2E10,"mot":"U","mo":12.0},{"cn":"","ui":"","t":0.0,"r":0.0,"q":0.0,"p":0.0,"mot":"L","mo":0.0}]},{"d":"16.03.2022","r":33.0,"q":2.7,"p":1.2E10,"s":[{"cn":"Seimex Финанс","ui":"8652764","t":21.0,"r":21.0,"q":2.34,"p":1.2E10,"mot":"U","mo":21.0},{"cn":"Seimex Финанс","ui":"8888257","t":12.0,"r":12.0,"q":3.32,"p":1.2E10,"mot":"U","mo":12.0},{"cn":"","ui":"","t":0.0,"r":0.0,"q":0.0,"p":0.0,"mot":"L","mo":0.0}]},{"d":"17.03.2022","r":71.0,"q":2.87,"p":1.2E10,"s":[{"cn":"Seimex Финанс","ui":"8652764","t":35.0,"r":35.0,"q":2.38,"p":1.2E10,"mot":"U","mo":35.0},{"cn":"Seimex Финанс","ui":"8888257","t":36.0,"r":36.0,"q":3.35,"p":1.2E10,"mot":"U","mo":36.0},{"cn":"","ui":"","t":0.0,"r":0.0,"q":0.0,"p":0.0,"mot":"L","mo":0.0}]},{"d":"18.03.2022","r":38.0,"q":3.01,"p":1.2E10,"s":[{"cn":"Seimex Финанс","ui":"8888257","t":24.0,"r":24.0,"q":3.36,"p":1.2E10,"mot":"U","mo":24.0},{"cn":"Seimex Финанс","ui":"8652764","t":14.0,"r":14.0,"q":2.42,"p":1.2E10,"mot":"U","mo":14.0},{"cn":"","ui":"","t":0.0,"r":0.0,"q":0.0,"p":0.0,"mot":"L","mo":0.0}]},{"d":"21.03.2022","r":41.0,"q":3.11,"p":1.441463414634E10,"s":[{"cn":"senikitin inc","ui":"8877338","t":3.0,"r":3.0,"q":4.51,"p":7.0E9,"mot":"U","mo":3.0},{"cn":"Seimex Финанс","ui":"8652764","t":14.0,"r":14.0,"q":2.4,"p":1.5E10,"mot":"U","mo":14.0},{"cn":"Seimex Финанс","ui":"8888257","t":24.0,"r":24.0,"q":3.35,"p":1.5E10,"mot":"U","mo":24.0},{"cn":"","ui":"","t":0.0,"r":0.0,"q":0.0,"p":0.0,"mot":"L","mo":0.0}]},{"d":"22.03.2022","r":83.0,"q":2.98,"p":1.6E10,"s":[{"cn":"Seimex Финанс","ui":"8652764","t":35.0,"r":35.0,"q":2.47,"p":1.6E10,"mot":"U","mo":35.0},{"cn":"Seimex Финанс","ui":"8888257","t":48.0,"r":48.0,"q":3.35,"p":1.6E10,"mot":"U","mo":48.0},{"cn":"","ui":"","t":0.0,"r":0.0,"q":0.0,"p":0.0,"mot":"L","mo":0.0}]},{"d":"23.03.2022","r":128.0,"q":2.96,"p":1.6E10,"s":[{"cn":"Seimex Финанс","ui":"8652764","t":56.0,"r":56.0,"q":2.48,"p":1.6E10,"mot":"U","mo":56.0},{"cn":"Seimex Финанс","ui":"8888257","t":72.0,"r":72.0,"q":3.34,"p":1.6E10,"mot":"U","mo":72.0},{"cn":"","ui":"","t":0.0,"r":0.0,"q":0.0,"p":0.0,"mot":"L","mo":0.0}]},{"d":"24.03.2022","r":173.0,"q":2.96,"p":1.6E10,"s":[{"cn":"Seimex Финанс","ui":"8888257","t":96.0,"r":96.0,"q":3.33,"p":1.6E10,"mot":"U","mo":96.0},{"cn":"Seimex Финанс","ui":"8652764","t":77.0,"r":77.0,"q":2.49,"p":1.6E10,"mot":"U","mo":77.0},{"cn":"","ui":"","t":0.0,"r":0.0,"q":0.0,"p":0.0,"mot":"L","mo":0.0}]},{"d":"25.03.2022","r":218.0,"q":2.96,"p":1.6E10,"s":[{"cn":"Seimex Финанс","ui":"8888257","t":120.0,"r":120.0,"q":3.33,"p":1.6E10,"mot":"U","mo":120.0},{"cn":"Seimex Финанс","ui":"8652764","t":98.0,"r":98.0,"q":2.5,"p":1.6E10,"mot":"U","mo":98.0},{"cn":"","ui":"","t":0.0,"r":0.0,"q":0.0,"p":0.0,"mot":"L","mo":0.0}]},{"d":"28.03.2022","r":353.0,"q":2.93,"p":1.6E10,"s":[{"cn":"Seimex Финанс","ui":"8888257","t":192.0,"r":192.0,"q":3.3,"p":1.6E10,"mot":"U","mo":192.0},{"cn":"Seimex Финанс","ui":"8652764","t":161.0,"r":161.0,"q":2.49,"p":1.6E10,"mot":"U","mo":161.0},{"cn":"","ui":"","t":0.0,"r":0.0,"q":0.0,"p":0.0,"mot":"L","mo":0.0}]},{"d":"29.03.2022","r":388.0,"q":2.92,"p":1.4E10,"s":[{"cn":"Seimex Финанс","ui":"8888257","t":206.0,"r":206.0,"q":3.3,"p":1.4E10,"mot":"U","mo":206.0},{"cn":"Seimex Финанс","ui":"8652764","t":182.0,"r":182.0,"q":2.48,"p":1.4E10,"mot":"U","mo":182.0},{"cn":"","ui":"","t":0.0,"r":0.0,"q":0.0,"p":0.0,"mot":"L","mo":0.0}]},{"d":"30.03.2022","r":433.0,"q":2.9,"p":1.4E10,"s":[{"cn":"Seimex Финанс","ui":"8888257","t":230.0,"r":230.0,"q":3.28,"p":1.4E10,"mot":"U","mo":230.0},{"cn":"Seimex Финанс","ui":"8652764","t":203.0,"r":203.0,"q":2.47,"p":1.4E10,"mot":"U","mo":203.0},{"cn":"","ui":"","t":0.0,"r":0.0,"q":0.0,"p":0.0,"mot":"L","mo":0.0}]},{"d":"31.03.2022","r":478.0,"q":2.9,"p":1.4E10,"s":[{"cn":"Seimex Финанс","ui":"8652764","t":224.0,"r":224.0,"q":2.47,"p":1.4E10,"mot":"U","mo":224.0},{"cn":"Seimex Финанс","ui":"8888257","t":254.0,"r":254.0,"q":3.27,"p":1.4E10,"mot":"U","mo":254.0},{"cn":"","ui":"","t":0.0,"r":0.0,"q":0.0,"p":0.0,"mot":"L","mo":0.0}]},{"d":"01.04.2022","r":371.0,"q":2.72,"p":1.4E10,"s":[{"cn":"Seimex Финанс","ui":"8888257","t":126.0,"r":126.0,"q":3.24,"p":1.4E10,"mot":"U","mo":126.0},{"cn":"Seimex Финанс","ui":"8652764","t":245.0,"r":245.0,"q":2.46,"p":1.4E10,"mot":"U","mo":245.0},{"cn":"","ui":"","t":0.0,"r":0.0,"q":0.0,"p":0.0,"mot":"L","mo":0.0}]},{"d":"04.04.2022","r":511.0,"q":2.79,"p":1.4771037182E10,"s":[{"cn":"Seimex Финанс","ui":"8652764","t":308.0,"r":308.0,"q":2.45,"p":1.4E10,"mot":"U","mo":308.0},{"cn":"Seimex Финанс","ui":"8888257","t":201.0,"r":201.0,"q":3.31,"p":1.6E10,"mot":"U","mo":201.0},{"cn":"","ui":"","t":2.0,"r":2.0,"q":3.46,"p":1.0E10,"mot":"L","mo":2.0}]},{"d":"05.04.2022","r":558.0,"q":2.8,"p":1.397849462366E10,"s":[{"cn":"Seimex Финанс","ui":"8888257","t":226.0,"r":226.0,"q":3.31,"p":1.4E10,"mot":"U","mo":226.0},{"cn":"Seimex Финанс","ui":"8652764","t":329.0,"r":329.0,"q":2.45,"p":1.4E10,"mot":"U","mo":329.0},{"cn":"","ui":"","t":3.0,"r":3.0,"q":3.42,"p":1.0E10,"mot":"L","mo":3.0}]},{"d":"06.04.2022","r":601.0,"q":2.83,"p":1.4E10,"s":[{"cn":"Seimex Финанс","ui":"8652764","t":350.0,"r":350.0,"q":2.45,"p":1.4E10,"mot":"U","mo":350.0},{"cn":"Seimex Финанс","ui":"8888257","t":251.0,"r":251.0,"q":3.37,"p":1.4E10,"mot":"U","mo":251.0},{"cn":"","ui":"","t":0.0,"r":0.0,"q":0.0,"p":0.0,"mot":"L","mo":0.0}]},{"d":"07.04.2022","r":651.0,"q":2.86,"p":1.28356374808E10,"s":[{"cn":"Seimex Финанс","ui":"8888257","t":276.0,"r":276.0,"q":3.41,"p":1.4E10,"mot":"U","mo":276.0},{"cn":"Seimex Финанс","ui":"8652764","t":371.0,"r":371.0,"q":2.44,"p":1.2E10,"mot":"U","mo":371.0},{"cn":"","ui":"","t":4.0,"r":4.0,"q":3.41,"p":1.0E10,"mot":"L","mo":4.0}]},{"d":"08.04.2022","r":702.0,"q":2.87,"p":1.278917378917E10,"s":[{"cn":"Seimex Финанс","ui":"8652764","t":392.0,"r":392.0,"q":2.44,"p":1.2E10,"mot":"U","mo":392.0},{"cn":"Seimex Финанс","ui":"8888257","t":301.0,"r":301.0,"q":3.4,"p":1.4E10,"mot":"U","mo":301.0},{"cn":"","ui":"","t":9.0,"r":9.0,"q":3.73,"p":6.66666666667E9,"mot":"L","mo":9.0}]},{"d":"11.04.2022","r":262.0,"q":5.87,"p":7.25112917819E9,"s":[{"cn":"NEONIKA","ui":"8910926","t":207.0,"r":207.0,"q":6.72,"p":6.4E9,"mot":"U","mo":207.0},{"cn":"Seimex Финанс","ui":"8888257","t":23.0,"r":23.0,"q":3.19,"p":1.2E10,"mot":"U","mo":23.0},{"cn":"Seimex Финанс","ui":"8652764","t":16.0,"r":16.0,"q":2.64,"p":1.2E10,"mot":"U","mo":16.0},{"cn":"","ui":"","t":16.0,"r":16.0,"q":2.03,"p":6.68724029294E9,"mot":"L","mo":16.0}]},{"d":"12.04.2022","r":305.0,"q":5.45,"p":1.18203006209E10,"s":[{"cn":"Seimex Финанс","ui":"8888257","t":46.0,"r":46.0,"q":3.19,"p":1.2E10,"mot":"U","mo":46.0},{"cn":"Seimex Финанс","ui":"8652764","t":252.0,"r":252.0,"q":5.96,"p":1.2E10,"mot":"U","mo":252.0},{"cn":"","ui":"","t":7.0,"r":7.0,"q":1.8,"p":4.17024133914E9,"mot":"L","mo":7.0}]},{"d":"13.04.2022","r":357.0,"q":5.11,"p":1.179912474527E10,"s":[{"cn":"Seimex Финанс","ui":"8888257","t":69.0,"r":69.0,"q":3.19,"p":1.2E10,"mot":"U","mo":69.0},{"cn":"Seimex Финанс","ui":"8652764","t":279.0,"r":279.0,"q":5.7,"p":1.2E10,"mot":"U","mo":279.0},{"cn":"","ui":"","t":9.0,"r":9.0,"q":1.57,"p":4.031948229E9,"mot":"L","mo":9.0}]},{"d":"14.04.2022","r":411.0,"q":4.89,"p":1.169922963199E10,"s":[{"cn":"Seimex Финанс","ui":"8652764","t":303.0,"r":303.0,"q":5.45,"p":1.2E10,"mot":"U","mo":303.0},{"cn":"Seimex Финанс","ui":"8888257","t":91.0,"r":91.0,"q":3.19,"p":1.2E10,"mot":"U","mo":91.0},{"cn":"","ui":"","t":17.0,"r":17.0,"q":3.98,"p":4.728434044E9,"mot":"L","mo":17.0}]},{"d":"15.04.2022","r":495.0,"q":4.45,"p":1.031878787879E10,"s":[{"cn":"Seimex Финанс","ui":"8652764","t":359.0,"r":359.0,"q":4.77,"p":1.0E10,"mot":"U","mo":359.0},{"cn":"Seimex Финанс","ui":"8888257","t":114.0,"r":114.0,"q":3.19,"p":1.2E10,"mot":"U","mo":114.0},{"cn":"","ui":"","t":22.0,"r":22.0,"q":5.87,"p":6.80909090909E9,"mot":"L","mo":22.0}]},{"d":"18.04.2022","r":204.0,"q":3.89,"p":1.179411764706E10,"s":[{"cn":"NEONIKA","ui":"8910926","t":21.0,"r":21.0,"q":9.86,"p":1.0E10,"mot":"U","mo":21.0},{"cn":"Seimex Финанс","ui":"8888257","t":183.0,"r":183.0,"q":3.2,"p":1.2E10,"mot":"U","mo":183.0},{"cn":"","ui":"","t":0.0,"r":0.0,"q":0.0,"p":0.0,"mot":"L","mo":0.0}]},{"d":"19.04.2022","r":255.0,"q":3.8,"p":1.134422717316E10,"s":[{"cn":"NEONIKA","ui":"8910926","t":26.0,"r":26.0,"q":9.91,"p":1.0E10,"mot":"U","mo":26.0},{"cn":"Seimex Финанс","ui":"8888257","t":206.0,"r":206.0,"q":3.2,"p":1.2E10,"mot":"U","mo":206.0},{"cn":"","ui":"","t":23.0,"r":23.0,"q":2.24,"p":6.99034474591E9,"mot":"L","mo":23.0}]},{"d":"20.04.2022","r":668.0,"q":4.29,"p":1.04783770334E10,"s":[{"cn":"Seimex Финанс","ui":"8652764","t":362.0,"r":362.0,"q":4.75,"p":1.0E10,"mot":"U","mo":362.0},{"cn":"Seimex Финанс","ui":"8888257","t":229.0,"r":229.0,"q":3.21,"p":1.2E10,"mot":"U","mo":229.0},{"cn":"","ui":"","t":77.0,"r":77.0,"q":5.34,"p":8.20202413392E9,"mot":"L","mo":77.0}]},{"d":"21.04.2022","r":669.0,"q":4.25,"p":1.191659192825E10,"s":[{"cn":"Seimex Финанс","ui":"8652764","t":408.0,"r":408.0,"q":4.66,"p":1.2E10,"mot":"U","mo":408.0},{"cn":"Seimex Финанс","ui":"8888257","t":240.0,"r":240.0,"q":3.21,"p":1.2E10,"mot":"U","mo":240.0},{"cn":"","ui":"","t":51.0,"r":21.0,"q":8.1,"p":9.34285714286E9,"mot":"L","mo":21.0}]},{"d":"22.04.2022","r":728.0,"q":4.26,"p":1.2E10,"s":[{"cn":"Seimex Финанс","ui":"8888257","t":251.0,"r":251.0,"q":3.21,"p":1.2E10,"mot":"U","mo":251.0},{"cn":"Seimex Финанс","ui":"8652764","t":446.0,"r":446.0,"q":4.45,"p":1.2E10,"mot":"U","mo":446.0},{"cn":"","ui":"","t":31.0,"r":31.0,"q":9.97,"p":1.2E10,"mot":"L","mo":31.0}]},{"d":"25.04.2022","r":835.0,"q":4.04,"p":1.195509931635E10,"s":[{"cn":"Seimex Финанс","ui":"8888257","t":286.0,"r":286.0,"q":3.22,"p":1.2E10,"mot":"U","mo":286.0},{"cn":"Seimex Финанс","ui":"8652764","t":529.0,"r":529.0,"q":4.32,"p":1.2E10,"mot":"U","mo":529.0},{"cn":"","ui":"","t":35.0,"r":20.0,"q":8.34,"p":1.01253964578E10,"mot":"L","mo":20.0}]},{"d":"26.04.2022","r":694.0,"q":4.04,"p":1.235734870317E10,"s":[{"cn":"Seimex Финанс","ui":"8888257","t":298.0,"r":298.0,"q":3.22,"p":1.2E10,"mot":"U","mo":298.0},{"cn":"Seimex Финанс","ui":"8652764","t":365.0,"r":365.0,"q":4.2,"p":1.2E10,"mot":"U","mo":365.0},{"cn":"","ui":"","t":31.0,"r":31.0,"q":10.07,"p":2.0E10,"mot":"L","mo":31.0}]},{"d":"27.04.2022","r":742.0,"q":4.0,"p":1.235678591626E10,"s":[{"cn":"Seimex Финанс","ui":"8652764","t":393.0,"r":393.0,"q":4.07,"p":1.2E10,"mot":"U","mo":393.0},{"cn":"Seimex Финанс","ui":"8888257","t":310.0,"r":310.0,"q":3.23,"p":1.2E10,"mot":"U","mo":310.0},{"cn":"","ui":"","t":39.0,"r":39.0,"q":9.47,"p":1.878808076574E10,"mot":"L","mo":39.0}]},{"d":"28.04.2022","r":788.0,"q":3.97,"p":1.233692046225E10,"s":[{"cn":"NEONIKA","ui":"8910926","t":41.0,"r":41.0,"q":10.11,"p":2.0E10,"mot":"U","mo":41.0},{"cn":"Seimex Финанс","ui":"8888257","t":322.0,"r":322.0,"q":3.23,"p":1.2E10,"mot":"U","mo":322.0},{"cn":"Seimex Финанс","ui":"8652764","t":414.0,"r":414.0,"q":3.98,"p":1.2E10,"mot":"U","mo":414.0},{"cn":"","ui":"","t":11.0,"r":11.0,"q":2.46,"p":6.317574932E9,"mot":"L","mo":11.0}]},{"d":"29.04.2022","r":827.0,"q":3.95,"p":1.242388821712E10,"s":[{"cn":"NEONIKA","ui":"8910926","t":46.0,"r":46.0,"q":10.12,"p":2.0E10,"mot":"U","mo":46.0},{"cn":"Seimex Финанс","ui":"8888257","t":334.0,"r":334.0,"q":3.23,"p":1.2E10,"mot":"U","mo":334.0},{"cn":"Seimex Финанс","ui":"8652764","t":445.0,"r":445.0,"q":3.86,"p":1.2E10,"mot":"U","mo":445.0},{"cn":"","ui":"","t":2.0,"r":2.0,"q":1.0,"p":3.2777777775E9,"mot":"L","mo":2.0}]},{"d":"02.05.2022","r":969.0,"q":3.87,"p":1.247700951725E10,"s":[{"cn":"NEONIKA","ui":"8910926","t":61.0,"r":61.0,"q":10.14,"p":2.0E10,"mot":"U","mo":61.0},{"cn":"Seimex Финанс","ui":"8652764","t":534.0,"r":534.0,"q":3.61,"p":1.2E10,"mot":"U","mo":534.0},{"cn":"Seimex Финанс","ui":"8888257","t":370.0,"r":370.0,"q":3.24,"p":1.2E10,"mot":"U","mo":370.0},{"cn":"","ui":"","t":4.0,"r":4.0,"q":1.0,"p":5.555555555E9,"mot":"L","mo":4.0}]},{"d":"03.05.2022","r":1010.0,"q":3.86,"p":1.252277227723E10,"s":[{"cn":"NEONIKA","ui":"8910926","t":66.0,"r":66.0,"q":10.15,"p":2.0E10,"mot":"U","mo":66.0},{"cn":"Seimex Финанс","ui":"8888257","t":382.0,"r":382.0,"q":3.24,"p":1.2E10,"mot":"U","mo":382.0},{"cn":"Seimex Финанс","ui":"8652764","t":562.0,"r":562.0,"q":3.54,"p":1.2E10,"mot":"U","mo":562.0},{"cn":"","ui":"","t":0.0,"r":0.0,"q":0.0,"p":0.0,"mot":"L","mo":0.0}]},{"d":"04.05.2022","r":1059.0,"q":3.83,"p":1.253635505194E10,"s":[{"cn":"NEONIKA","ui":"8910926","t":71.0,"r":71.0,"q":10.15,"p":2.0E10,"mot":"U","mo":71.0},{"cn":"Seimex Финанс","ui":"8652764","t":599.0,"r":599.0,"q":3.45,"p":1.2E10,"mot":"U","mo":599.0},{"cn":"Seimex Финанс","ui":"8888257","t":389.0,"r":389.0,"q":3.25,"p":1.2E10,"mot":"U","mo":389.0},{"cn":"","ui":"","t":0.0,"r":0.0,"q":0.0,"p":0.0,"mot":"L","mo":0.0}]},{"d":"05.05.2022","r":1104.0,"q":3.81,"p":1.255072463768E10,"s":[{"cn":"NEONIKA","ui":"8910926","t":76.0,"r":76.0,"q":10.15,"p":2.0E10,"mot":"U","mo":76.0},{"cn":"Seimex Финанс","ui":"8652764","t":632.0,"r":632.0,"q":3.39,"p":1.2E10,"mot":"U","mo":632.0},{"cn":"Seimex Финанс","ui":"8888257","t":396.0,"r":396.0,"q":3.25,"p":1.2E10,"mot":"U","mo":396.0},{"cn":"","ui":"","t":0.0,"r":0.0,"q":0.0,"p":0.0,"mot":"L","mo":0.0}]},{"d":"06.05.2022","r":1149.0,"q":3.79,"p":1.256396866841E10,"s":[{"cn":"NEONIKA","ui":"8910926","t":81.0,"r":81.0,"q":10.15,"p":2.0E10,"mot":"U","mo":81.0},{"cn":"Seimex Финанс","ui":"8888257","t":403.0,"r":403.0,"q":3.25,"p":1.2E10,"mot":"U","mo":403.0},{"cn":"Seimex Финанс","ui":"8652764","t":665.0,"r":665.0,"q":3.34,"p":1.2E10,"mot":"U","mo":665.0},{"cn":"","ui":"","t":0.0,"r":0.0,"q":0.0,"p":0.0,"mot":"L","mo":0.0}]},{"d":"09.05.2022","r":1292.0,"q":3.74,"p":1.25147222269E10,"s":[{"cn":"NEONIKA","ui":"8910926","t":96.0,"r":96.0,"q":10.13,"p":2.0E10,"mot":"U","mo":96.0},{"cn":"Seimex Финанс","ui":"8652764","t":751.0,"r":751.0,"q":3.22,"p":1.2E10,"mot":"U","mo":751.0},{"cn":"Seimex Финанс","ui":"8888257","t":423.0,"r":423.0,"q":3.26,"p":1.2E10,"mot":"U","mo":423.0},{"cn":"","ui":"","t":22.0,"r":22.0,"q":2.85,"p":7.319141689E9,"mot":"L","mo":22.0}]},{"d":"10.05.2022","r":1304.0,"q":3.76,"p":1.075192527498E10,"s":[{"cn":"NEONIKA","ui":"8910926","t":101.0,"r":101.0,"q":10.12,"p":2.0E10,"mot":"U","mo":101.0},{"cn":"Seimex Финанс","ui":"8888257","t":420.0,"r":410.0,"q":3.27,"p":1.0E10,"mot":"U","mo":410.0},{"cn":"Seimex Финанс","ui":"8652764","t":782.0,"r":782.0,"q":3.2,"p":1.0E10,"mot":"U","mo":782.0},{"cn":"","ui":"","t":11.0,"r":11.0,"q":2.85,"p":7.319141689E9,"mot":"L","mo":11.0}]},{"d":"11.05.2022","r":1344.0,"q":3.75,"p":1.075278612381E10,"s":[{"cn":"NEONIKA","ui":"8910926","t":106.0,"r":106.0,"q":10.1,"p":2.0E10,"mot":"U","mo":106.0},{"cn":"Seimex Финанс","ui":"8888257","t":417.0,"r":407.0,"q":3.27,"p":1.0E10,"mot":"U","mo":407.0},{"cn":"Seimex Финанс","ui":"8652764","t":813.0,"r":813.0,"q":3.18,"p":1.0E10,"mot":"U","mo":813.0},{"cn":"","ui":"","t":18.0,"r":18.0,"q":2.85,"p":7.319141689E9,"mot":"L","mo":18.0}]},{"d":"12.05.2022","r":1370.0,"q":3.75,"p":1.078869383838E10,"s":[{"cn":"NEONIKA","ui":"8910926","t":111.0,"r":111.0,"q":10.08,"p":2.0E10,"mot":"U","mo":111.0},{"cn":"Seimex Финанс","ui":"8888257","t":414.0,"r":404.0,"q":3.28,"p":1.0E10,"mot":"U","mo":404.0},{"cn":"Seimex Финанс","ui":"8652764","t":844.0,"r":844.0,"q":3.15,"p":1.0E10,"mot":"U","mo":844.0},{"cn":"","ui":"","t":11.0,"r":11.0,"q":3.13,"p":7.319141689E9,"mot":"L","mo":11.0}]},{"d":"13.05.2022","r":1376.0,"q":3.76,"p":1.084302325581E10,"s":[{"cn":"NEONIKA","ui":"8910926","t":116.0,"r":116.0,"q":10.06,"p":2.0E10,"mot":"U","mo":116.0},{"cn":"Seimex Финанс","ui":"8652764","t":875.0,"r":875.0,"q":3.13,"p":1.0E10,"mot":"U","mo":875.0},{"cn":"Seimex Финанс","ui":"8888257","t":395.0,"r":385.0,"q":3.28,"p":1.0E10,"mot":"U","mo":385.0},{"cn":"","ui":"","t":0.0,"r":0.0,"q":0.0,"p":0.0,"mot":"L","mo":0.0}]},{"d":"16.05.2022","r":1482.0,"q":3.75,"p":1.217762077721E10,"s":[{"cn":"NEONIKA","ui":"8910926","t":131.0,"r":131.0,"q":10.0,"p":2.0E10,"mot":"U","mo":131.0},{"cn":"Seimex Финанс","ui":"8888257","t":386.0,"r":376.0,"q":3.3,"p":1.0E10,"mot":"U","mo":376.0},{"cn":"Seimex Финанс","ui":"8652764","t":968.0,"r":968.0,"q":3.08,"p":1.2E10,"mot":"U","mo":968.0},{"cn":"","ui":"","t":7.0,"r":7.0,"q":3.13,"p":7.319141689E9,"mot":"L","mo":7.0}]},{"d":"17.05.2022","r":1457.0,"q":3.76,"p":1.229787234043E10,"s":[{"cn":"NEONIKA","ui":"8910926","t":135.0,"r":135.0,"q":9.98,"p":2.0E10,"mot":"U","mo":135.0},{"cn":"Seimex Финанс","ui":"8652764","t":999.0,"r":999.0,"q":3.07,"p":1.2E10,"mot":"U","mo":999.0},{"cn":"Seimex Финанс","ui":"8888257","t":333.0,"r":323.0,"q":3.3,"p":1.0E10,"mot":"U","mo":323.0},{"cn":"","ui":"","t":0.0,"r":0.0,"q":0.0,"p":0.0,"mot":"L","mo":0.0}]},{"d":"18.05.2022","r":1503.0,"q":3.74,"p":1.226712244222E10,"s":[{"cn":"NEONIKA","ui":"8910926","t":139.0,"r":139.0,"q":9.95,"p":2.0E10,"mot":"U","mo":139.0},{"cn":"Seimex Финанс","ui":"8888257","t":330.0,"r":320.0,"q":3.31,"p":1.0E10,"mot":"U","mo":320.0},{"cn":"Seimex Финанс","ui":"8652764","t":1030.0,"r":1030.0,"q":3.05,"p":1.2E10,"mot":"U","mo":1030.0},{"cn":"","ui":"","t":17.0,"r":14.0,"q":2.92,"p":6.96321647536E9,"mot":"L","mo":14.0}]},{"d":"19.05.2022","r":1523.0,"q":3.74,"p":1.231713722915E10,"s":[{"cn":"NEONIKA","ui":"8910926","t":144.0,"r":144.0,"q":9.96,"p":2.0E10,"mot":"U","mo":144.0},{"cn":"Seimex Финанс","ui":"8652764","t":1061.0,"r":1061.0,"q":3.04,"p":1.2E10,"mot":"U","mo":1061.0},{"cn":"Seimex Финанс","ui":"8888257","t":317.0,"r":307.0,"q":3.31,"p":1.0E10,"mot":"U","mo":307.0},{"cn":"","ui":"","t":21.0,"r":11.0,"q":2.42,"p":7.0E9,"mot":"L","mo":11.0}]},{"d":"20.05.2022","r":1415.0,"q":3.8,"p":1.105300353357E10,"s":[{"cn":"NEONIKA","ui":"8910926","t":149.0,"r":149.0,"q":9.97,"p":2.0E10,"mot":"U","mo":149.0},{"cn":"Seimex Финанс","ui":"8652764","t":1032.0,"r":1032.0,"q":3.02,"p":1.0E10,"mot":"U","mo":1032.0},{"cn":"Seimex Финанс","ui":"8888257","t":234.0,"r":234.0,"q":3.32,"p":1.0E10,"mot":"U","mo":234.0},{"cn":"","ui":"","t":0.0,"r":0.0,"q":0.0,"p":0.0,"mot":"L","mo":0.0}]},{"d":"23.05.2022","r":951.0,"q":4.21,"p":1.168625181581E10,"s":[{"cn":"NEONIKA","ui":"8910926","t":164.0,"r":164.0,"q":10.01,"p":2.0E10,"mot":"U","mo":164.0},{"cn":"Seimex Финанс","ui":"8652764","t":745.0,"r":745.0,"q":2.98,"p":1.0E10,"mot":"U","mo":745.0},{"cn":"","ui":"","t":45.0,"r":42.0,"q":3.38,"p":9.13393992476E9,"mot":"L","mo":42.0}]},{"d":"24.05.2022","r":849.0,"q":4.37,"p":1.196584216726E10,"s":[{"cn":"NEONIKA","ui":"8910926","t":169.0,"r":169.0,"q":10.03,"p":2.0E10,"mot":"U","mo":169.0},{"cn":"Seimex Финанс","ui":"8652764","t":666.0,"r":666.0,"q":2.96,"p":1.0E10,"mot":"U","mo":666.0},{"cn":"","ui":"","t":21.0,"r":14.0,"q":2.83,"p":8.5E9,"mot":"L","mo":14.0}]},{"d":"25.05.2022","r":894.0,"q":4.33,"p":1.186514341752E10,"s":[{"cn":"NEONIKA","ui":"8910926","t":174.0,"r":174.0,"q":10.06,"p":2.0E10,"mot":"U","mo":174.0},{"cn":"Seimex Финанс","ui":"8652764","t":684.0,"r":684.0,"q":2.94,"p":1.0E10,"mot":"U","mo":684.0},{"cn":"","ui":"","t":36.0,"r":36.0,"q":3.13,"p":7.98439486833E9,"mot":"L","mo":36.0}]},{"d":"26.05.2022","r":829.0,"q":4.48,"p":1.098050448162E10,"s":[{"cn":"NEONIKA","ui":"8910926","t":179.0,"r":179.0,"q":10.1,"p":1.5E10,"mot":"U","mo":179.0},{"cn":"Seimex Финанс","ui":"8652764","t":602.0,"r":602.0,"q":2.92,"p":1.0E10,"mot":"U","mo":602.0},{"cn":"","ui":"","t":55.0,"r":48.0,"q":3.15,"p":8.28829615125E9,"mot":"L","mo":48.0}]},{"d":"27.05.2022","r":677.0,"q":4.85,"p":1.107208271787E10,"s":[{"cn":"NEONIKA","ui":"8910926","t":184.0,"r":184.0,"q":10.13,"p":1.5E10,"mot":"U","mo":184.0},{"cn":"TRIGOR","ui":"8987748","t":145.0,"r":145.0,"q":2.66,"p":9.0E9,"mot":"U","mo":145.0},{"cn":"Seimex Финанс","ui":"8652764","t":304.0,"r":304.0,"q":2.95,"p":1.0E10,"mot":"U","mo":304.0},{"cn":"","ui":"","t":44.0,"r":44.0,"q":3.05,"p":8.88181818182E9,"mot":"L","mo":44.0}]},{"d":"30.05.2022","r":762.0,"q":4.85,"p":1.05304220771E10,"s":[{"cn":"NEONIKA","ui":"8910926","t":199.0,"r":199.0,"q":10.21,"p":1.5E10,"mot":"U","mo":199.0},{"cn":"TRIGOR","ui":"8987748","t":140.0,"r":135.0,"q":2.66,"p":6.5E9,"mot":"U","mo":135.0},{"cn":"Seimex Финанс","ui":"8652764","t":333.0,"r":333.0,"q":3.0,"p":1.0E10,"mot":"U","mo":333.0},{"cn":"Seimex Финанс","ui":"8888257","t":49.0,"r":49.0,"q":3.55,"p":1.0E10,"mot":"U","mo":49.0},{"cn":"","ui":"","t":46.0,"r":46.0,"q":2.92,"p":7.42786136417E9,"mot":"L","mo":46.0}]},{"d":"31.05.2022","r":353.0,"q":7.19,"p":1.213123443872E10,"s":[{"cn":"PoligraphCorp","ui":"7338794","t":36.0,"r":36.0,"q":4.07,"p":6.95318460455E9,"mot":"U","mo":36.0},{"cn":"NEONIKA","ui":"8910926","t":204.0,"r":204.0,"q":10.24,"p":1.5E10,"mot":"U","mo":204.0},{"cn":"mr worldwide Ltd.","ui":"8929191","t":42.0,"r":42.0,"q":2.12,"p":7.0E9,"mot":"U","mo":42.0},{"cn":"Seimex Финанс","ui":"8888257","t":56.0,"r":56.0,"q":3.54,"p":1.0E10,"mot":"U","mo":56.0},{"cn":"","ui":"","t":15.0,"r":15.0,"q":1.07,"p":7.86740740693E9,"mot":"L","mo":15.0}]},{"d":"01.06.2022","r":361.0,"q":7.3,"p":1.218479893309E10,"s":[{"cn":"PoligraphCorp","ui":"7338794","t":51.0,"r":51.0,"q":4.07,"p":6.953184605E9,"mot":"U","mo":51.0},{"cn":"NEONIKA","ui":"8910926","t":209.0,"r":209.0,"q":10.26,"p":1.5E10,"mot":"U","mo":209.0},{"cn":"Seimex Финанс","ui":"8888257","t":63.0,"r":63.0,"q":3.54,"p":1.0E10,"mot":"U","mo":63.0},{"cn":"","ui":"","t":38.0,"r":38.0,"q":1.61,"p":7.34473684189E9,"mot":"L","mo":38.0}]},{"d":"02.06.2022","r":285.0,"q":8.6,"p":1.374385964912E10,"s":[{"cn":"NEONIKA","ui":"8910926","t":214.0,"r":214.0,"q":10.29,"p":1.5E10,"mot":"U","mo":214.0},{"cn":"Seimex Финанс","ui":"8888257","t":70.0,"r":70.0,"q":3.54,"p":1.0E10,"mot":"U","mo":70.0},{"cn":"","ui":"","t":1.0,"r":1.0,"q":1.18,"p":7.0E9,"mot":"L","mo":1.0}]},{"d":"03.06.2022","r":636.0,"q":5.57,"p":1.171226415094E10,"s":[{"cn":"NEONIKA","ui":"8910926","t":219.0,"r":219.0,"q":10.31,"p":1.5E10,"mot":"U","mo":219.0},{"cn":"Seimex Финанс","ui":"8888257","t":77.0,"r":77.0,"q":3.54,"p":1.0E10,"mot":"U","mo":77.0},{"cn":"Seimex Финанс","ui":"8652764","t":338.0,"r":338.0,"q":2.99,"p":1.0E10,"mot":"U","mo":338.0},{"cn":"","ui":"","t":2.0,"r":2.0,"q":1.19,"p":7.0E9,"mot":"L","mo":2.0}]},{"d":"06.06.2022","r":563.0,"q":6.09,"p":1.207815275311E10,"s":[{"cn":"NEONIKA","ui":"8910926","t":234.0,"r":234.0,"q":10.38,"p":1.5E10,"mot":"U","mo":234.0},{"cn":"Seimex Финанс","ui":"8652764","t":329.0,"r":329.0,"q":3.04,"p":1.0E10,"mot":"U","mo":329.0},{"cn":"","ui":"","t":0.0,"r":0.0,"q":0.0,"p":0.0,"mot":"L","mo":0.0}]},{"d":"07.06.2022","r":594.0,"q":5.97,"p":1.200804339693E10,"s":[{"cn":"NEONIKA","ui":"8910926","t":239.0,"r":239.0,"q":10.4,"p":1.5E10,"mot":"U","mo":239.0},{"cn":"Seimex Финанс","ui":"8652764","t":353.0,"r":353.0,"q":3.0,"p":1.0E10,"mot":"U","mo":353.0},{"cn":"","ui":"","t":2.0,"r":2.0,"q":1.0,"p":8.888888888E9,"mot":"L","mo":2.0}]},{"d":"08.06.2022","r":572.0,"q":6.05,"p":1.191375291375E10,"s":[{"cn":"NEONIKA","ui":"8910926","t":244.0,"r":244.0,"q":10.42,"p":1.5E10,"mot":"U","mo":244.0},{"cn":"Seimex Финанс","ui":"8652764","t":287.0,"r":287.0,"q":2.93,"p":1.0E10,"mot":"U","mo":287.0},{"cn":"","ui":"","t":51.0,"r":41.0,"q":1.94,"p":6.94308943083E9,"mot":"L","mo":41.0}]},{"d":"09.06.2022","r":507.0,"q":6.57,"p":1.148597845424E10,"s":[{"cn":"mr worldwide Ltd.","ui":"8924273","t":32.0,"r":32.0,"q":2.16,"p":7.3E9,"mot":"U","mo":32.0},{"cn":"John Gold Inc","ui":"9024473","t":32.0,"r":32.0,"q":1.86,"p":6.5E9,"mot":"U","mo":32.0},{"cn":"PoligraphCorp","ui":"7338794","t":60.0,"r":60.0,"q":4.07,"p":6.953184605E9,"mot":"U","mo":60.0},{"cn":"NEONIKA","ui":"8910926","t":249.0,"r":249.0,"q":10.44,"p":1.5E10,"mot":"U","mo":249.0},{"cn":"mr worldwide Ltd.","ui":"8929191","t":36.0,"r":26.0,"q":2.12,"p":7.0E9,"mot":"U","mo":26.0},{"cn":"Seimex Финанс","ui":"8652764","t":96.0,"r":96.0,"q":2.77,"p":1.0E10,"mot":"U","mo":96.0},{"cn":"","ui":"","t":12.0,"r":12.0,"q":3.0,"p":7.3E9,"mot":"L","mo":12.0}]},{"d":"10.06.2022","r":440.0,"q":7.15,"p":1.255701513173E10,"s":[{"cn":"NEONIKA","ui":"8910926","t":254.0,"r":254.0,"q":10.46,"p":1.5E10,"mot":"U","mo":254.0},{"cn":"Seimex Финанс","ui":"8652764","t":137.0,"r":137.0,"q":2.66,"p":1.0E10,"mot":"U","mo":137.0},{"cn":"","ui":"","t":49.0,"r":49.0,"q":2.58,"p":7.04258485639E9,"mot":"L","mo":49.0}]},{"d":"13.06.2022","r":582.0,"q":6.32,"p":1.186022524691E10,"s":[{"cn":"NEONIKA","ui":"8910926","t":269.0,"r":269.0,"q":10.52,"p":1.5E10,"mot":"U","mo":269.0},{"cn":"PoligraphCorp","ui":"7338794","t":30.0,"r":30.0,"q":4.07,"p":6.953184605E9,"mot":"U","mo":30.0},{"cn":"Seimex Финанс","ui":"8652764","t":222.0,"r":222.0,"q":2.71,"p":1.0E10,"mot":"U","mo":222.0},{"cn":"","ui":"","t":61.0,"r":61.0,"q":2.02,"p":7.19763205823E9,"mot":"L","mo":61.0}]},{"d":"14.06.2022","r":611.0,"q":6.3,"p":1.185799959356E10,"s":[{"cn":"NEONIKA","ui":"8910926","t":274.0,"r":274.0,"q":10.54,"p":1.5E10,"mot":"U","mo":274.0},{"cn":"PoligraphCorp","ui":"7338794","t":45.0,"r":45.0,"q":4.07,"p":6.953184605E9,"mot":"U","mo":45.0},{"cn":"Seimex Финанс","ui":"8652764","t":253.0,"r":253.0,"q":2.73,"p":1.0E10,"mot":"U","mo":253.0},{"cn":"","ui":"","t":39.0,"r":39.0,"q":2.2,"p":7.4960113959E9,"mot":"L","mo":39.0}]},{"d":"16.06.2022","r":839.0,"q":5.47,"p":1.05943013701E10,"s":[{"cn":"PoligraphCorp","ui":"7338794","t":75.0,"r":75.0,"q":4.07,"p":6.945288364E9,"mot":"U","mo":75.0},{"cn":"NEONIKA","ui":"8910926","t":284.0,"r":284.0,"q":10.56,"p":1.5E10,"mot":"U","mo":284.0},{"cn":"Resonance","ui":"9022089","t":64.0,"r":64.0,"q":3.07,"p":6.0E9,"mot":"U","mo":64.0},{"cn":"Seimex Финанс","ui":"8652764","t":299.0,"r":299.0,"q":2.8,"p":1.0E10,"mot":"U","mo":299.0},{"cn":"","ui":"","t":118.0,"r":117.0,"q":2.17,"p":6.27113010441E9,"mot":"L","mo":117.0}]},{"d":"17.06.2022","r":886.0,"q":5.42,"p":1.038757004951E10,"s":[{"cn":"PoligraphCorp","ui":"7338794","t":90.0,"r":90.0,"q":4.07,"p":6.945288364E9,"mot":"U","mo":90.0},{"cn":"NEONIKA","ui":"8910926","t":289.0,"r":289.0,"q":10.58,"p":1.5E10,"mot":"U","mo":289.0},{"cn":"Resonance","ui":"9022089","t":73.0,"r":73.0,"q":3.05,"p":6.0E9,"mot":"U","mo":73.0},{"cn":"Seimex Финанс","ui":"8652764","t":313.0,"r":313.0,"q":2.85,"p":1.0E10,"mot":"U","mo":313.0},{"cn":"","ui":"","t":121.0,"r":121.0,"q":2.19,"p":5.58108356284E9,"mot":"L","mo":121.0}]},{"d":"20.06.2022","r":1102.0,"q":5.11,"p":9.65897797577E9,"s":[{"cn":"John Gold Inc","ui":"9024473","t":99.0,"r":99.0,"q":2.35,"p":5.0E9,"mot":"U","mo":99.0},{"cn":"NEONIKA","ui":"8910926","t":304.0,"r":304.0,"q":10.61,"p":1.5E10,"mot":"U","mo":304.0},{"cn":"PoligraphCorp","ui":"7338794","t":135.0,"r":135.0,"q":4.07,"p":6.921599641E9,"mot":"U","mo":135.0},{"cn":"Resonance","ui":"9022089","t":100.0,"r":100.0,"q":3.02,"p":5.0E9,"mot":"U","mo":100.0},{"cn":"mr worldwide Ltd.","ui":"8929191","t":88.0,"r":88.0,"q":2.7,"p":5.0E9,"mot":"U","mo":88.0},{"cn":"Seimex Финанс","ui":"8652764","t":355.0,"r":355.0,"q":2.97,"p":1.0E10,"mot":"U","mo":355.0},{"cn":"","ui":"","t":21.0,"r":21.0,"q":1.16,"p":7.8465608461E9,"mot":"L","mo":21.0}]},{"d":"21.06.2022","r":1081.0,"q":5.26,"p":9.93868841504E9,"s":[{"cn":"John Gold Inc","ui":"9024473","t":118.0,"r":118.0,"q":2.43,"p":5.0E9,"mot":"U","mo":118.0},{"cn":"PoligraphCorp","ui":"7338794","t":150.0,"r":150.0,"q":4.07,"p":6.9137034E9,"mot":"U","mo":150.0},{"cn":"NEONIKA","ui":"8910926","t":309.0,"r":309.0,"q":10.61,"p":1.5E10,"mot":"U","mo":309.0},{"cn":"Resonance","ui":"9022089","t":109.0,"r":109.0,"q":3.03,"p":5.0E9,"mot":"U","mo":109.0},{"cn":"Seimex Финанс","ui":"8652764","t":383.0,"r":383.0,"q":3.04,"p":1.0E10,"mot":"U","mo":383.0},{"cn":"","ui":"","t":12.0,"r":12.0,"q":1.33,"p":8.888888888E9,"mot":"L","mo":12.0}]},{"d":"22.06.2022","r":1191.0,"q":5.12,"p":9.67280508565E9,"s":[{"cn":"John Gold Inc","ui":"9024473","t":137.0,"r":137.0,"q":2.49,"p":5.0E9,"mot":"U","mo":137.0},{"cn":"NEONIKA","ui":"8910926","t":314.0,"r":314.0,"q":10.62,"p":1.5E10,"mot":"U","mo":314.0},{"cn":"PoligraphCorp","ui":"7338794","t":165.0,"r":165.0,"q":4.07,"p":6.897910918E9,"mot":"U","mo":165.0},{"cn":"Resonance","ui":"9022089","t":118.0,"r":118.0,"q":3.04,"p":5.0E9,"mot":"U","mo":118.0},{"cn":"Seimex Финанс","ui":"8652764","t":411.0,"r":411.0,"q":3.1,"p":1.0E10,"mot":"U","mo":411.0},{"cn":"","ui":"","t":46.0,"r":46.0,"q":2.52,"p":6.24251207704E9,"mot":"L","mo":46.0}]},{"d":"23.06.2022","r":1256.0,"q":5.06,"p":9.58479049852E9,"s":[{"cn":"John Gold Inc","ui":"9024473","t":156.0,"r":156.0,"q":2.53,"p":5.0E9,"mot":"U","mo":156.0},{"cn":"PoligraphCorp","ui":"7338794","t":165.0,"r":165.0,"q":4.07,"p":6.890014677E9,"mot":"U","mo":165.0},{"cn":"NEONIKA","ui":"8910926","t":319.0,"r":319.0,"q":10.63,"p":1.5E10,"mot":"U","mo":319.0},{"cn":"Resonance","ui":"9022089","t":127.0,"r":127.0,"q":3.04,"p":5.0E9,"mot":"U","mo":127.0},{"cn":"Seimex Финанс","ui":"8652764","t":439.0,"r":439.0,"q":3.15,"p":1.0E10,"mot":"U","mo":439.0},{"cn":"","ui":"","t":50.0,"r":50.0,"q":2.53,"p":6.23288888864E9,"mot":"L","mo":50.0}]},{"d":"24.06.2022","r":1321.0,"q":5.02,"p":9.37296205546E9,"s":[{"cn":"John Gold Inc","ui":"9024473","t":175.0,"r":175.0,"q":2.71,"p":4.0E9,"mot":"U","mo":175.0},{"cn":"NEONIKA","ui":"8910926","t":324.0,"r":324.0,"q":10.63,"p":1.5E10,"mot":"U","mo":324.0},{"cn":"PoligraphCorp","ui":"7338794","t":165.0,"r":165.0,"q":4.07,"p":6.882118436E9,"mot":"U","mo":165.0},{"cn":"Resonance","ui":"9022089","t":136.0,"r":136.0,"q":3.05,"p":5.0E9,"mot":"U","mo":136.0},{"cn":"Seimex Финанс","ui":"8652764","t":467.0,"r":467.0,"q":3.2,"p":1.0E10,"mot":"U","mo":467.0},{"cn":"","ui":"","t":54.0,"r":54.0,"q":2.54,"p":6.22469135778E9,"mot":"L","mo":54.0}]},{"d":"27.06.2022","r":882.0,"q":6.15,"p":8.95435802993E9,"s":[{"cn":"John Gold Inc","ui":"9024473","t":188.0,"r":188.0,"q":3.12,"p":3.5E9,"mot":"U","mo":188.0},{"cn":"PoligraphCorp","ui":"7338794","t":165.0,"r":165.0,"q":4.07,"p":6.866325954E9,"mot":"U","mo":165.0},{"cn":"NEONIKA","ui":"8910926","t":339.0,"r":339.0,"q":10.65,"p":1.5E10,"mot":"U","mo":339.0},{"cn":"Resonance","ui":"9022089","t":163.0,"r":163.0,"q":3.08,"p":5.0E9,"mot":"U","mo":163.0},{"cn":"","ui":"","t":27.0,"r":27.0,"q":1.93,"p":7.65925925867E9,"mot":"L","mo":27.0}]},{"d":"28.06.2022","r":923.0,"q":6.07,"p":8.80057398864E9,"s":[{"cn":"John Gold Inc","ui":"9024473","t":210.0,"r":210.0,"q":3.21,"p":3.5E9,"mot":"U","mo":210.0},{"cn":"NEONIKA","ui":"8910926","t":344.0,"r":344.0,"q":10.65,"p":1.5E10,"mot":"U","mo":344.0},{"cn":"PoligraphCorp","ui":"7338794","t":165.0,"r":165.0,"q":4.07,"p":6.858429713E9,"mot":"U","mo":165.0},{"cn":"Resonance","ui":"9022089","t":173.0,"r":173.0,"q":3.09,"p":5.0E9,"mot":"U","mo":173.0},{"cn":"","ui":"","t":31.0,"r":31.0,"q":2.02,"p":7.4609318991E9,"mot":"L","mo":31.0}]},{"d":"29.06.2022","r":965.0,"q":6.01,"p":8.65317401127E9,"s":[{"cn":"John Gold Inc","ui":"9024473","t":233.0,"r":233.0,"q":3.3,"p":3.5E9,"mot":"U","mo":233.0},{"cn":"PoligraphCorp","ui":"7338794","t":165.0,"r":165.0,"q":4.07,"p":6.842637231E9,"mot":"U","mo":165.0},{"cn":"NEONIKA","ui":"8910926","t":349.0,"r":349.0,"q":10.65,"p":1.5E10,"mot":"U","mo":349.0},{"cn":"Resonance","ui":"9022089","t":183.0,"r":183.0,"q":3.09,"p":5.0E9,"mot":"U","mo":183.0},{"cn":"","ui":"","t":35.0,"r":35.0,"q":2.09,"p":7.30793650743E9,"mot":"L","mo":35.0}]},{"d":"30.06.2022","r":1067.0,"q":5.8,"p":8.34725402516E9,"s":[{"cn":"John Gold Inc","ui":"9024473","t":256.0,"r":256.0,"q":3.38,"p":3.5E9,"mot":"U","mo":256.0},{"cn":"NEONIKA","ui":"8910926","t":354.0,"r":354.0,"q":10.65,"p":1.5E10,"mot":"U","mo":354.0},{"cn":"PoligraphCorp","ui":"7338794","t":180.0,"r":180.0,"q":4.07,"p":6.83474099E9,"mot":"U","mo":180.0},{"cn":"Resonance","ui":"9022089","t":193.0,"r":193.0,"q":3.1,"p":5.0E9,"mot":"U","mo":193.0},{"cn":"","ui":"","t":84.0,"r":84.0,"q":2.59,"p":6.01507936486E9,"mot":"L","mo":84.0}]},{"d":"01.07.2022","r":10916.0,"q":5.45,"p":1.76078144756E9,"s":[{"cn":"basiltchak Финанс","ui":"9018068","t":9745.0,"r":9745.0,"q":5.43,"p":1.0E9,"mot":"U","mo":9745.0},{"cn":"","ui":"","t":1171.0,"r":1171.0,"q":5.6,"p":8.09196437369E9,"mot":"L","mo":1171.0}]},{"d":"04.07.2022","r":10272.0,"q":5.32,"p":1.15334113598E9,"s":[{"cn":"basiltchak Финанс","ui":"9018068","t":9725.0,"r":9715.0,"q":5.43,"p":1.0E9,"mot":"U","mo":9715.0},{"cn":"","ui":"","t":782.0,"r":557.0,"q":3.33,"p":3.82786382192E9,"mot":"L","mo":557.0}]},{"d":"05.07.2022","r":10352.0,"q":5.3,"p":1.18484418125E9,"s":[{"cn":"basiltchak Финанс","ui":"9018068","t":9705.0,"r":9685.0,"q":5.43,"p":1.0E9,"mot":"U","mo":9685.0},{"cn":"","ui":"","t":892.0,"r":667.0,"q":3.49,"p":3.86882603344E9,"mot":"L","mo":667.0}]},{"d":"06.07.2022","r":10265.0,"q":5.33,"p":1.15569370221E9,"s":[{"cn":"basiltchak Финанс","ui":"9018068","t":9685.0,"r":9665.0,"q":5.43,"p":1.0E9,"mot":"U","mo":9665.0},{"cn":"","ui":"","t":840.0,"r":600.0,"q":3.67,"p":3.66365975532E9,"mot":"L","mo":600.0}]},{"d":"07.07.2022","r":10282.0,"q":5.32,"p":1.14252915212E9,"s":[{"cn":"basiltchak Финанс","ui":"9018068","t":9665.0,"r":9645.0,"q":5.43,"p":1.0E9,"mot":"U","mo":9645.0},{"cn":"","ui":"","t":892.0,"r":637.0,"q":3.72,"p":3.30060399071E9,"mot":"L","mo":637.0}]},{"d":"08.07.2022","r":10608.0,"q":5.28,"p":1.15024883637E9,"s":[{"cn":"basiltchak Финанс","ui":"9018068","t":9645.0,"r":9625.0,"q":5.43,"p":1.0E9,"mot":"U","mo":9625.0},{"cn":"","ui":"","t":983.0,"r":983.0,"q":3.83,"p":2.62140351598E9,"mot":"L","mo":983.0}]},{"d":"11.07.2022","r":863.0,"q":3.71,"p":3.27039324455E9,"s":[{"cn":"mr worldwide Ltd.","ui":"8924273","t":48.0,"r":48.0,"q":2.17,"p":5.1E9,"mot":"U","mo":48.0},{"cn":"John Gold Inc","ui":"9024473","t":506.0,"r":506.0,"q":3.75,"p":3.0E9,"mot":"U","mo":506.0},{"cn":"mr worldwide Ltd.","ui":"8929191","t":71.0,"r":71.0,"q":2.97,"p":5.0E9,"mot":"U","mo":71.0},{"cn":"Seimex Финанс","ui":"8652764","t":140.0,"r":140.0,"q":5.24,"p":2.0E9,"mot":"U","mo":140.0},{"cn":"","ui":"","t":334.0,"r":98.0,"q":2.63,"p":4.33213642905E9,"mot":"L","mo":98.0}]},{"d":"12.07.2022","r":924.0,"q":3.71,"p":3.32425028023E9,"s":[{"cn":"mr worldwide Ltd.","ui":"8924273","t":56.0,"r":56.0,"q":2.17,"p":5.1E9,"mot":"U","mo":56.0},{"cn":"John Gold Inc","ui":"9024473","t":529.0,"r":529.0,"q":3.77,"p":3.0E9,"mot":"U","mo":529.0},{"cn":"mr worldwide Ltd.","ui":"8929191","t":82.0,"r":82.0,"q":2.97,"p":5.0E9,"mot":"U","mo":82.0},{"cn":"Seimex Финанс","ui":"8652764","t":188.0,"r":188.0,"q":4.73,"p":2.0E9,"mot":"U","mo":188.0},{"cn":"","ui":"","t":300.0,"r":69.0,"q":2.54,"p":5.98561244833E9,"mot":"L","mo":69.0}]},{"d":"13.07.2022","r":819.0,"q":3.41,"p":3.76486229816E9,"s":[{"cn":"mr worldwide Ltd.","ui":"8924273","t":64.0,"r":64.0,"q":2.17,"p":5.1E9,"mot":"U","mo":64.0},{"cn":"John Gold Inc","ui":"9024473","t":552.0,"r":552.0,"q":3.78,"p":3.0E9,"mot":"U","mo":552.0},{"cn":"Resonance","ui":"9022089","t":51.0,"r":51.0,"q":3.22,"p":4.0E9,"mot":"U","mo":51.0},{"cn":"mr worldwide Ltd.","ui":"8929191","t":94.0,"r":94.0,"q":2.97,"p":5.0E9,"mot":"U","mo":94.0},{"cn":"","ui":"","t":58.0,"r":58.0,"q":2.16,"p":7.36245210676E9,"mot":"L","mo":58.0}]},{"d":"14.07.2022","r":904.0,"q":3.4,"p":3.43496804323E9,"s":[{"cn":"mr worldwide Ltd.","ui":"8924273","t":72.0,"r":72.0,"q":2.17,"p":5.1E9,"mot":"U","mo":72.0},{"cn":"John Gold Inc","ui":"9024473","t":575.0,"r":575.0,"q":3.8,"p":2.5E9,"mot":"U","mo":575.0},{"cn":"Resonance","ui":"9022089","t":66.0,"r":66.0,"q":3.22,"p":4.0E9,"mot":"U","mo":66.0},{"cn":"mr worldwide Ltd.","ui":"8929191","t":109.0,"r":109.0,"q":2.97,"p":5.0E9,"mot":"U","mo":109.0},{"cn":"","ui":"","t":82.0,"r":82.0,"q":2.39,"p":5.99403794E9,"mot":"L","mo":82.0}]},{"d":"15.07.2022","r":309.0,"q":2.71,"p":5.18284789634E9,"s":[{"cn":"mr worldwide Ltd.","ui":"8924273","t":80.0,"r":80.0,"q":2.17,"p":5.1E9,"mot":"U","mo":80.0},{"cn":"John Gold Inc","ui":"9024473","t":39.0,"r":39.0,"q":3.82,"p":2.5E9,"mot":"U","mo":39.0},{"cn":"snoopp Инвест","ui":"8889753","t":36.0,"r":36.0,"q":1.64,"p":8.888888888E9,"mot":"U","mo":36.0},{"cn":"mr worldwide Ltd.","ui":"8929191","t":124.0,"r":124.0,"q":2.97,"p":5.0E9,"mot":"U","mo":124.0},{"cn":"mr worldwide Ltd.","ui":"8919999","t":30.0,"r":30.0,"q":2.96,"p":5.2E9,"mot":"U","mo":30.0},{"cn":"","ui":"","t":0.0,"r":0.0,"q":0.0,"p":0.0,"mot":"L","mo":0.0}]},{"d":"18.07.2022","r":612.0,"q":3.01,"p":4.12282135071E9,"s":[{"cn":"mr worldwide Ltd.","ui":"8924273","t":104.0,"r":104.0,"q":2.17,"p":5.1E9,"mot":"U","mo":104.0},{"cn":"John Gold Inc","ui":"9024473","t":108.0,"r":108.0,"q":4.04,"p":2.5E9,"mot":"U","mo":108.0},{"cn":"snoopp Инвест","ui":"8889753","t":39.0,"r":39.0,"q":1.71,"p":8.888888888E9,"mot":"U","mo":39.0},{"cn":"mr worldwide Ltd.","ui":"8929191","t":168.0,"r":168.0,"q":2.97,"p":5.0E9,"mot":"U","mo":168.0},{"cn":"mr worldwide Ltd.","ui":"8919999","t":39.0,"r":39.0,"q":2.96,"p":5.2E9,"mot":"U","mo":39.0},{"cn":"Perdogazoff inc.","ui":"9050279","t":117.0,"r":117.0,"q":2.98,"p":1.9E9,"mot":"U","mo":117.0},{"cn":"","ui":"","t":37.0,"r":37.0,"q":4.1,"p":3.0E9,"mot":"L","mo":37.0}]},{"d":"19.07.2022","r":695.0,"q":3.12,"p":3.13346123096E9,"s":[{"cn":"mr worldwide Ltd.","ui":"8924273","t":79.0,"r":79.0,"q":2.17,"p":5.1E9,"mot":"U","mo":79.0},{"cn":"John Gold Inc","ui":"9024473","t":131.0,"r":131.0,"q":4.07,"p":2.5E9,"mot":"U","mo":131.0},{"cn":"snoopp Инвест","ui":"8889753","t":40.0,"r":40.0,"q":1.73,"p":8.888888888E9,"mot":"U","mo":40.0},{"cn":"Resonance","ui":"9022089","t":40.0,"r":40.0,"q":3.21,"p":2.0E9,"mot":"U","mo":40.0},{"cn":"mr worldwide Ltd.","ui":"8919999","t":42.0,"r":42.0,"q":2.96,"p":5.2E9,"mot":"U","mo":42.0},{"cn":"Seimex Финанс","ui":"8652764","t":40.0,"r":40.0,"q":4.08,"p":3.0E9,"mot":"U","mo":40.0},{"cn":"Perdogazoff inc.","ui":"9050279","t":296.0,"r":296.0,"q":2.98,"p":1.9E9,"mot":"U","mo":296.0},{"cn":"","ui":"","t":27.0,"r":27.0,"q":3.51,"p":4.11111111111E9,"mot":"L","mo":27.0}]},{"d":"20.07.2022","r":444.0,"q":3.24,"p":3.76586586578E9,"s":[{"cn":"mr worldwide Ltd.","ui":"8924273","t":87.0,"r":87.0,"q":2.17,"p":5.1E9,"mot":"U","mo":87.0},{"cn":"John Gold Inc","ui":"9024473","t":154.0,"r":154.0,"q":4.08,"p":2.5E9,"mot":"U","mo":154.0},{"cn":"snoopp Инвест","ui":"8889753","t":41.0,"r":41.0,"q":1.74,"p":8.888888888E9,"mot":"U","mo":41.0},{"cn":"Resonance","ui":"9022089","t":44.0,"r":44.0,"q":3.21,"p":2.0E9,"mot":"U","mo":44.0},{"cn":"mr worldwide Ltd.","ui":"8929191","t":30.0,"r":30.0,"q":2.97,"p":5.0E9,"mot":"U","mo":30.0},{"cn":"Seimex Финанс","ui":"8652764","t":50.0,"r":50.0,"q":4.08,"p":3.0E9,"mot":"U","mo":50.0},{"cn":"","ui":"","t":38.0,"r":38.0,"q":3.05,"p":2.39210526316E9,"mot":"L","mo":38.0}]},{"d":"21.07.2022","r":536.0,"q":3.23,"p":3.64577114421E9,"s":[{"cn":"mr worldwide Ltd.","ui":"8924273","t":95.0,"r":95.0,"q":2.17,"p":5.1E9,"mot":"U","mo":95.0},{"cn":"John Gold Inc","ui":"9024473","t":177.0,"r":177.0,"q":4.09,"p":2.5E9,"mot":"U","mo":177.0},{"cn":"snoopp Инвест","ui":"8889753","t":42.0,"r":42.0,"q":1.76,"p":8.888888888E9,"mot":"U","mo":42.0},{"cn":"Resonance","ui":"9022089","t":54.0,"r":54.0,"q":3.21,"p":2.0E9,"mot":"U","mo":54.0},{"cn":"mr worldwide Ltd.","ui":"8929191","t":44.0,"r":44.0,"q":2.97,"p":5.0E9,"mot":"U","mo":44.0},{"cn":"Seimex Финанс","ui":"8652764","t":60.0,"r":60.0,"q":4.08,"p":3.0E9,"mot":"U","mo":60.0},{"cn":"Perdogazoff inc.","ui":"9050279","t":42.0,"r":42.0,"q":2.12,"p":1.9E9,"mot":"U","mo":42.0},{"cn":"","ui":"","t":22.0,"r":22.0,"q":4.18,"p":3.0E9,"mot":"L","mo":22.0}]},{"d":"22.07.2022","r":8150.0,"q":5.19,"p":2.81173892297E9,"s":[{"cn":"basiltchak Финанс","ui":"9018068","t":7323.0,"r":7323.0,"q":5.43,"p":2.75E9,"mot":"U","mo":7323.0},{"cn":"","ui":"","t":827.0,"r":827.0,"q":3.04,"p":3.35843074025E9,"mot":"L","mo":827.0}]},{"d":"25.07.2022","r":2995.0,"q":4.29,"p":2.27964385086E9,"s":[{"cn":"John Gold Inc","ui":"9024473","t":269.0,"r":269.0,"q":4.12,"p":2.0E9,"mot":"U","mo":269.0},{"cn":"basiltchak Финанс","ui":"9018068","t":1710.0,"r":1605.0,"q":5.43,"p":1.5E9,"mot":"U","mo":1605.0},{"cn":"Seimex Финанс","ui":"8652764","t":671.0,"r":671.0,"q":2.54,"p":3.0E9,"mot":"U","mo":671.0},{"cn":"","ui":"","t":450.0,"r":450.0,"q":2.92,"p":4.1534074074E9,"mot":"L","mo":450.0}]},{"d":"26.07.2022","r":1668.0,"q":2.95,"p":3.15666799893E9,"s":[{"cn":"mr worldwide Ltd.","ui":"8924273","t":135.0,"r":135.0,"q":2.17,"p":5.1E9,"mot":"U","mo":135.0},{"cn":"John Gold Inc","ui":"9024473","t":292.0,"r":292.0,"q":4.12,"p":2.0E9,"mot":"U","mo":292.0},{"cn":"Resonance","ui":"9022089","t":126.0,"r":126.0,"q":3.22,"p":2.0E9,"mot":"U","mo":126.0},{"cn":"mr worldwide Ltd.","ui":"8929191","t":108.0,"r":108.0,"q":2.98,"p":5.0E9,"mot":"U","mo":108.0},{"cn":"Seimex Финанс","ui":"8652764","t":860.0,"r":860.0,"q":2.49,"p":3.0E9,"mot":"U","mo":860.0},{"cn":"","ui":"","t":147.0,"r":147.0,"q":3.78,"p":4.22328042324E9,"mot":"L","mo":147.0}]},{"d":"27.07.2022","r":1949.0,"q":2.94,"p":3.14089846645E9,"s":[{"cn":"mr worldwide Ltd.","ui":"8924273","t":143.0,"r":143.0,"q":2.17,"p":5.1E9,"mot":"U","mo":143.0},{"cn":"John Gold Inc","ui":"9024473","t":315.0,"r":315.0,"q":4.13,"p":2.0E9,"mot":"U","mo":315.0},{"cn":"Resonance","ui":"9022089","t":141.0,"r":141.0,"q":3.22,"p":2.0E9,"mot":"U","mo":141.0},{"cn":"mr worldwide Ltd.","ui":"8929191","t":119.0,"r":119.0,"q":2.98,"p":5.0E9,"mot":"U","mo":119.0},{"cn":"Seimex Финанс","ui":"8888257","t":106.0,"r":106.0,"q":4.71,"p":3.0E9,"mot":"U","mo":106.0},{"cn":"Seimex Финанс","ui":"8652764","t":1051.0,"r":1051.0,"q":2.47,"p":3.0E9,"mot":"U","mo":1051.0},{"cn":"","ui":"","t":74.0,"r":74.0,"q":2.9,"p":5.5987987987E9,"mot":"L","mo":74.0}]},{"d":"28.07.2022","r":2223.0,"q":2.92,"p":3.0914979757E9,"s":[{"cn":"mr worldwide Ltd.","ui":"8924273","t":151.0,"r":151.0,"q":2.17,"p":5.1E9,"mot":"U","mo":151.0},{"cn":"John Gold Inc","ui":"9024473","t":338.0,"r":338.0,"q":4.13,"p":1.75E9,"mot":"U","mo":338.0},{"cn":"Resonance","ui":"9022089","t":156.0,"r":156.0,"q":3.22,"p":2.0E9,"mot":"U","mo":156.0},{"cn":"mr worldwide Ltd.","ui":"8929191","t":130.0,"r":130.0,"q":2.98,"p":5.0E9,"mot":"U","mo":130.0},{"cn":"Seimex Финанс","ui":"8888257","t":135.0,"r":135.0,"q":4.79,"p":3.0E9,"mot":"U","mo":135.0},{"cn":"Seimex Финанс","ui":"8652764","t":1235.0,"r":1235.0,"q":2.44,"p":3.0E9,"mot":"U","mo":1235.0},{"cn":"","ui":"","t":78.0,"r":78.0,"q":2.9,"p":5.62564102554E9,"mot":"L","mo":78.0}]},{"d":"29.07.2022","r":2338.0,"q":2.96,"p":3.07905854956E9,"s":[{"cn":"mr worldwide Ltd.","ui":"8924273","t":159.0,"r":159.0,"q":2.17,"p":5.1E9,"mot":"U","mo":159.0},{"cn":"John Gold Inc","ui":"9024473","t":361.0,"r":361.0,"q":4.13,"p":1.75E9,"mot":"U","mo":361.0},{"cn":"Resonance","ui":"9022089","t":171.0,"r":171.0,"q":3.22,"p":2.0E9,"mot":"U","mo":171.0},{"cn":"mr worldwide Ltd.","ui":"8929191","t":141.0,"r":141.0,"q":2.98,"p":5.0E9,"mot":"U","mo":141.0},{"cn":"Seimex Финанс","ui":"8888257","t":164.0,"r":164.0,"q":4.84,"p":3.0E9,"mot":"U","mo":164.0},{"cn":"Seimex Финанс","ui":"8652764","t":1242.0,"r":1242.0,"q":2.45,"p":3.0E9,"mot":"U","mo":1242.0},{"cn":"","ui":"","t":100.0,"r":100.0,"q":2.79,"p":4.9118888888E9,"mot":"L","mo":100.0}]},{"d":"01.08.2022","r":1389.0,"q":3.63,"p":2.94847005695E9,"s":[{"cn":"mr worldwide Ltd.","ui":"8924273","t":183.0,"r":183.0,"q":2.18,"p":5.1E9,"mot":"U","mo":183.0},{"cn":"John Gold Inc","ui":"9024473","t":414.0,"r":414.0,"q":4.14,"p":1.75E9,"mot":"U","mo":414.0},{"cn":"Resonance","ui":"9022089","t":216.0,"r":216.0,"q":3.22,"p":2.0E9,"mot":"U","mo":216.0},{"cn":"mr worldwide Ltd.","ui":"8929191","t":177.0,"r":177.0,"q":3.01,"p":5.0E9,"mot":"U","mo":177.0},{"cn":"mr worldwide Ltd.","ui":"8919999","t":81.0,"r":81.0,"q":2.97,"p":5.2E9,"mot":"U","mo":81.0},{"cn":"Seimex Финанс","ui":"8888257","t":247.0,"r":247.0,"q":4.85,"p":2.0E9,"mot":"U","mo":247.0},{"cn":"","ui":"","t":71.0,"r":71.0,"q":3.78,"p":2.89330857898E9,"mot":"L","mo":71.0}]},{"d":"02.08.2022","r":1362.0,"q":3.61,"p":3.05697095773E9,"s":[{"cn":"mr worldwide Ltd.","ui":"8924273","t":191.0,"r":191.0,"q":2.18,"p":5.1E9,"mot":"U","mo":191.0},{"cn":"John Gold Inc","ui":"9024473","t":375.0,"r":375.0,"q":4.14,"p":1.75E9,"mot":"U","mo":375.0},{"cn":"Resonance","ui":"9022089","t":231.0,"r":231.0,"q":3.22,"p":2.0E9,"mot":"U","mo":231.0},{"cn":"mr worldwide Ltd.","ui":"8929191","t":192.0,"r":192.0,"q":3.03,"p":5.0E9,"mot":"U","mo":192.0},{"cn":"mr worldwide Ltd.","ui":"8919999","t":84.0,"r":84.0,"q":2.97,"p":5.2E9,"mot":"U","mo":84.0},{"cn":"Seimex Финанс","ui":"8888257","t":275.0,"r":275.0,"q":4.85,"p":2.0E9,"mot":"U","mo":275.0},{"cn":"","ui":"","t":14.0,"r":14.0,"q":2.53,"p":8.888888888E9,"mot":"L","mo":14.0}]},{"d":"03.08.2022","r":1455.0,"q":3.62,"p":3.25187603753E9,"s":[{"cn":"mr worldwide Ltd.","ui":"8924273","t":199.0,"r":199.0,"q":2.18,"p":5.1E9,"mot":"U","mo":199.0},{"cn":"John Gold Inc","ui":"9024473","t":392.0,"r":392.0,"q":4.14,"p":1.75E9,"mot":"U","mo":392.0},{"cn":"Resonance","ui":"9022089","t":245.0,"r":245.0,"q":3.22,"p":2.0E9,"mot":"U","mo":245.0},{"cn":"mr worldwide Ltd.","ui":"8929191","t":207.0,"r":207.0,"q":3.04,"p":5.0E9,"mot":"U","mo":207.0},{"cn":"mr worldwide Ltd.","ui":"8919999","t":87.0,"r":87.0,"q":2.97,"p":5.2E9,"mot":"U","mo":87.0},{"cn":"Seimex Финанс","ui":"8888257","t":303.0,"r":303.0,"q":4.85,"p":3.0E9,"mot":"U","mo":303.0},{"cn":"","ui":"","t":22.0,"r":22.0,"q":3.04,"p":6.5536197551E9,"mot":"L","mo":22.0}]},{"d":"04.08.2022","r":2849.0,"q":3.09,"p":2.67643534447E9,"s":[{"cn":"mr worldwide Ltd.","ui":"8924273","t":207.0,"r":207.0,"q":2.18,"p":5.1E9,"mot":"U","mo":207.0},{"cn":"John Gold Inc","ui":"9024473","t":400.0,"r":400.0,"q":4.14,"p":1.75E9,"mot":"U","mo":400.0},{"cn":"Resonance","ui":"9022089","t":260.0,"r":260.0,"q":3.22,"p":2.0E9,"mot":"U","mo":260.0},{"cn":"mr worldwide Ltd.","ui":"8929191","t":222.0,"r":222.0,"q":3.06,"p":5.0E9,"mot":"U","mo":222.0},{"cn":"Seimex Финанс","ui":"8652764","t":1280.0,"r":1280.0,"q":2.44,"p":2.0E9,"mot":"U","mo":1280.0},{"cn":"Seimex Финанс","ui":"8888257","t":339.0,"r":339.0,"q":4.85,"p":3.0E9,"mot":"U","mo":339.0},{"cn":"","ui":"","t":141.0,"r":141.0,"q":2.94,"p":4.6983283433E9,"mot":"L","mo":141.0}]},{"d":"05.08.2022","r":2615.0,"q":2.91,"p":2.46423827595E9,"s":[{"cn":"mr worldwide Ltd.","ui":"8924273","t":215.0,"r":215.0,"q":2.18,"p":5.1E9,"mot":"U","mo":215.0},{"cn":"John Gold Inc","ui":"9024473","t":416.0,"r":416.0,"q":4.14,"p":1.75E9,"mot":"U","mo":416.0},{"cn":"Resonance","ui":"9022089","t":275.0,"r":275.0,"q":3.22,"p":2.0E9,"mot":"U","mo":275.0},{"cn":"mr worldwide Ltd.","ui":"8929191","t":237.0,"r":237.0,"q":3.07,"p":5.0E9,"mot":"U","mo":237.0},{"cn":"Seimex Финанс","ui":"8652764","t":1330.0,"r":1330.0,"q":2.53,"p":1.75E9,"mot":"U","mo":1330.0},{"cn":"","ui":"","t":142.0,"r":142.0,"q":3.17,"p":3.92241613818E9,"mot":"L","mo":142.0}]},{"d":"08.08.2022","r":3348.0,"q":4.54,"p":2.51936857576E9,"s":[{"cn":"mr worldwide Ltd.","ui":"8924273","t":239.0,"r":239.0,"q":2.18,"p":5.1E9,"mot":"U","mo":239.0},{"cn":"John Gold Inc","ui":"9024473","t":464.0,"r":464.0,"q":4.15,"p":1.75E9,"mot":"U","mo":464.0},{"cn":"Resonance","ui":"9022089","t":320.0,"r":320.0,"q":3.22,"p":2.0E9,"mot":"U","mo":320.0},{"cn":"Alex Inc","ui":"8881979","t":1895.0,"r":1895.0,"q":5.51,"p":2.0E9,"mot":"U","mo":1895.0},{"cn":"mr worldwide Ltd.","ui":"8929191","t":272.0,"r":272.0,"q":3.06,"p":5.0E9,"mot":"U","mo":272.0},{"cn":"","ui":"","t":158.0,"r":158.0,"q":2.88,"p":3.88573412435E9,"mot":"L","mo":158.0}]},{"d":"09.08.2022","r":4808.0,"q":4.0,"p":1.83469850459E9,"s":[{"cn":"mr worldwide Ltd.","ui":"8924273","t":247.0,"r":247.0,"q":2.18,"p":5.1E9,"mot":"U","mo":247.0},{"cn":"John Gold Inc","ui":"9024473","t":479.0,"r":479.0,"q":4.15,"p":1.75E9,"mot":"U","mo":479.0},{"cn":"Resonance","ui":"9022089","t":335.0,"r":335.0,"q":3.22,"p":2.0E9,"mot":"U","mo":335.0},{"cn":"Alex Inc","ui":"8881979","t":1895.0,"r":1895.0,"q":5.51,"p":1.0E9,"mot":"U","mo":1895.0},{"cn":"mr worldwide Ltd.","ui":"8929191","t":283.0,"r":283.0,"q":3.06,"p":5.0E9,"mot":"U","mo":283.0},{"cn":"Seimex Финанс","ui":"8652764","t":1430.0,"r":1430.0,"q":2.7,"p":1.5E9,"mot":"U","mo":1430.0},{"cn":"","ui":"","t":139.0,"r":139.0,"q":3.22,"p":4.30417561207E9,"mot":"L","mo":139.0}]},{"d":"10.08.2022","r":2978.0,"q":3.02,"p":2.14825630075E9,"s":[{"cn":"mr worldwide Ltd.","ui":"8924273","t":255.0,"r":255.0,"q":2.18,"p":5.1E9,"mot":"U","mo":255.0},{"cn":"John Gold Inc","ui":"9024473","t":501.0,"r":501.0,"q":4.14,"p":1.75E9,"mot":"U","mo":501.0},{"cn":"Resonance","ui":"9022089","t":350.0,"r":350.0,"q":3.22,"p":2.0E9,"mot":"U","mo":350.0},{"cn":"mr worldwide Ltd.","ui":"8929191","t":293.0,"r":293.0,"q":3.06,"p":5.0E9,"mot":"U","mo":293.0},{"cn":"Seimex Финанс","ui":"8652764","t":1430.0,"r":1430.0,"q":2.7,"p":1.0E9,"mot":"U","mo":1430.0},{"cn":"","ui":"","t":149.0,"r":149.0,"q":3.25,"p":4.1963574741E9,"mot":"L","mo":149.0}]},{"d":"11.08.2022","r":1978.0,"q":3.6,"p":3.06465706879E9,"s":[{"cn":"mr worldwide Ltd.","ui":"8924273","t":263.0,"r":263.0,"q":2.19,"p":5.1E9,"mot":"U","mo":263.0},{"cn":"John Gold Inc","ui":"9024473","t":516.0,"r":516.0,"q":4.14,"p":1.75E9,"mot":"U","mo":516.0},{"cn":"Resonance","ui":"9022089","t":365.0,"r":365.0,"q":3.22,"p":2.0E9,"mot":"U","mo":365.0},{"cn":"mr worldwide Ltd.","ui":"8929191","t":304.0,"r":304.0,"q":3.06,"p":5.0E9,"mot":"U","mo":304.0},{"cn":"mr worldwide Ltd.","ui":"8919999","t":111.0,"r":111.0,"q":2.98,"p":5.2E9,"mot":"U","mo":111.0},{"cn":"Seimex Финанс","ui":"8888257","t":360.0,"r":360.0,"q":4.85,"p":2.5E9,"mot":"U","mo":360.0},{"cn":"","ui":"","t":59.0,"r":59.0,"q":3.96,"p":1.53206240797E9,"mot":"L","mo":59.0}]},{"d":"12.08.2022","r":2058.0,"q":3.55,"p":3.05704567541E9,"s":[{"cn":"mr worldwide Ltd.","ui":"8924273","t":271.0,"r":271.0,"q":2.19,"p":5.1E9,"mot":"U","mo":271.0},{"cn":"John Gold Inc","ui":"9024473","t":538.0,"r":538.0,"q":4.14,"p":1.75E9,"mot":"U","mo":538.0},{"cn":"Resonance","ui":"9022089","t":380.0,"r":380.0,"q":3.22,"p":2.0E9,"mot":"U","mo":380.0},{"cn":"mr worldwide Ltd.","ui":"8929191","t":315.0,"r":315.0,"q":3.06,"p":5.0E9,"mot":"U","mo":315.0},{"cn":"mr worldwide Ltd.","ui":"8919999","t":114.0,"r":114.0,"q":2.98,"p":5.2E9,"mot":"U","mo":114.0},{"cn":"Seimex Финанс","ui":"8888257","t":374.0,"r":374.0,"q":4.85,"p":2.5E9,"mot":"U","mo":374.0},{"cn":"","ui":"","t":66.0,"r":66.0,"q":2.16,"p":1.59090909091E9,"mot":"L","mo":66.0}]},{"d":"15.08.2022","r":2318.0,"q":3.62,"p":3.00777964345E9,"s":[{"cn":"mr worldwide Ltd.","ui":"8924273","t":295.0,"r":295.0,"q":2.19,"p":5.1E9,"mot":"U","mo":295.0},{"cn":"John Gold Inc","ui":"9024473","t":584.0,"r":584.0,"q":4.14,"p":1.75E9,"mot":"U","mo":584.0},{"cn":"PoligraphCorp","ui":"7338794","t":121.0,"r":121.0,"q":4.07,"p":1.39614226056E9,"mot":"U","mo":121.0},{"cn":"Resonance","ui":"9022089","t":424.0,"r":424.0,"q":3.22,"p":2.0E9,"mot":"U","mo":424.0},{"cn":"mr worldwide Ltd.","ui":"8929191","t":347.0,"r":347.0,"q":3.05,"p":5.0E9,"mot":"U","mo":347.0},{"cn":"mr worldwide Ltd.","ui":"8919999","t":123.0,"r":123.0,"q":2.98,"p":5.2E9,"mot":"U","mo":123.0},{"cn":"Seimex Финанс","ui":"8888257","t":416.0,"r":416.0,"q":4.84,"p":2.5E9,"mot":"U","mo":416.0},{"cn":"","ui":"","t":8.0,"r":8.0,"q":2.81,"p":1.75E9,"mot":"L","mo":8.0}]},{"d":"16.08.2022","r":2431.0,"q":3.63,"p":3.01665981078E9,"s":[{"cn":"mr worldwide Ltd.","ui":"8924273","t":303.0,"r":303.0,"q":2.19,"p":5.1E9,"mot":"U","mo":303.0},{"cn":"John Gold Inc","ui":"9024473","t":600.0,"r":600.0,"q":4.14,"p":1.75E9,"mot":"U","mo":600.0},{"cn":"Resonance","ui":"9022089","t":439.0,"r":439.0,"q":3.22,"p":2.0E9,"mot":"U","mo":439.0},{"cn":"mr worldwide Ltd.","ui":"8929191","t":358.0,"r":358.0,"q":3.05,"p":5.0E9,"mot":"U","mo":358.0},{"cn":"mr worldwide Ltd.","ui":"8919999","t":126.0,"r":126.0,"q":2.98,"p":5.2E9,"mot":"U","mo":126.0},{"cn":"Seimex Финанс","ui":"8888257","t":475.0,"r":475.0,"q":4.79,"p":2.5E9,"mot":"U","mo":475.0},{"cn":"Seimex Финанс","ui":"8652764","t":130.0,"r":130.0,"q":3.99,"p":1.75E9,"mot":"U","mo":130.0},{"cn":"","ui":"","t":0.0,"r":0.0,"q":0.0,"p":0.0,"mot":"L","mo":0.0}]},{"d":"17.08.2022","r":2628.0,"q":3.62,"p":2.97020167428E9,"s":[{"cn":"mr worldwide Ltd.","ui":"8924273","t":311.0,"r":311.0,"q":2.19,"p":5.1E9,"mot":"U","mo":311.0},{"cn":"John Gold Inc","ui":"9024473","t":621.0,"r":621.0,"q":4.13,"p":1.75E9,"mot":"U","mo":621.0},{"cn":"Resonance","ui":"9022089","t":454.0,"r":454.0,"q":3.22,"p":2.0E9,"mot":"U","mo":454.0},{"cn":"mr worldwide Ltd.","ui":"8929191","t":368.0,"r":368.0,"q":3.05,"p":5.0E9,"mot":"U","mo":368.0},{"cn":"Seimex Финанс","ui":"8888257","t":537.0,"r":537.0,"q":4.8,"p":2.5E9,"mot":"U","mo":537.0},{"cn":"Seimex Финанс","ui":"8652764","t":148.0,"r":148.0,"q":3.99,"p":1.7E9,"mot":"U","mo":148.0},{"cn":"","ui":"","t":189.0,"r":189.0,"q":2.7,"p":4.18380952381E9,"mot":"L","mo":189.0}]},{"d":"18.08.2022","r":2226.0,"q":3.58,"p":3.23827589124E9,"s":[{"cn":"mr worldwide Ltd.","ui":"8924273","t":319.0,"r":319.0,"q":2.19,"p":5.1E9,"mot":"U","mo":319.0},{"cn":"John Gold Inc","ui":"9024473","t":142.0,"r":142.0,"q":4.12,"p":1.75E9,"mot":"U","mo":142.0},{"cn":"Resonance","ui":"9022089","t":468.0,"r":468.0,"q":3.21,"p":2.0E9,"mot":"U","mo":468.0},{"cn":"mr worldwide Ltd.","ui":"8929191","t":379.0,"r":379.0,"q":3.05,"p":5.0E9,"mot":"U","mo":379.0},{"cn":"mr worldwide Ltd.","ui":"8919999","t":132.0,"r":132.0,"q":2.98,"p":5.2E9,"mot":"U","mo":132.0},{"cn":"Seimex Финанс","ui":"8652764","t":164.0,"r":164.0,"q":3.99,"p":1.69E9,"mot":"U","mo":164.0},{"cn":"Seimex Финанс","ui":"8888257","t":607.0,"r":607.0,"q":4.82,"p":2.5E9,"mot":"U","mo":607.0},{"cn":"","ui":"","t":15.0,"r":15.0,"q":4.07,"p":1.39614226056E9,"mot":"L","mo":15.0}]},{"d":"19.08.2022","r":3855.0,"q":4.33,"p":2.74339818418E9,"s":[{"cn":"mr worldwide Ltd.","ui":"8924273","t":327.0,"r":327.0,"q":2.19,"p":5.1E9,"mot":"U","mo":327.0},{"cn":"Resonance","ui":"9022089","t":483.0,"r":483.0,"q":3.21,"p":2.0E9,"mot":"U","mo":483.0},{"cn":"basiltchak Финанс","ui":"9018068","t":1508.0,"r":1508.0,"q":5.43,"p":2.0E9,"mot":"U","mo":1508.0},{"cn":"mr worldwide Ltd.","ui":"8929191","t":390.0,"r":390.0,"q":3.05,"p":5.0E9,"mot":"U","mo":390.0},{"cn":"Seimex Финанс","ui":"8888257","t":684.0,"r":684.0,"q":4.86,"p":2.5E9,"mot":"U","mo":684.0},{"cn":"","ui":"","t":463.0,"r":463.0,"q":3.73,"p":2.73455723542E9,"mot":"L","mo":463.0}]},{"d":"22.08.2022","r":2476.0,"q":3.97,"p":2.81648873203E9,"s":[{"cn":"John Gold Inc","ui":"9024473","t":225.0,"r":225.0,"q":4.08,"p":1.75E9,"mot":"U","mo":225.0},{"cn":"Resonance","ui":"9022089","t":527.0,"r":527.0,"q":3.21,"p":2.0E9,"mot":"U","mo":527.0},{"cn":"mr worldwide Ltd.","ui":"8929191","t":421.0,"r":421.0,"q":3.04,"p":5.0E9,"mot":"U","mo":421.0},{"cn":"mr worldwide Ltd.","ui":"8919999","t":144.0,"r":144.0,"q":2.98,"p":5.2E9,"mot":"U","mo":144.0},{"cn":"Seimex Финанс","ui":"8888257","t":915.0,"r":915.0,"q":4.96,"p":2.5E9,"mot":"U","mo":915.0},{"cn":"Seimex Финанс","ui":"8652764","t":173.0,"r":173.0,"q":3.96,"p":1.65E9,"mot":"U","mo":173.0},{"cn":"","ui":"","t":71.0,"r":71.0,"q":4.07,"p":1.39614226056E9,"mot":"L","mo":71.0}]},{"d":"23.08.2022","r":4110.0,"q":4.52,"p":2.32282682102E9,"s":[{"cn":"John Gold Inc","ui":"9024473","t":245.0,"r":245.0,"q":4.07,"p":1.75E9,"mot":"U","mo":245.0},{"cn":"Resonance","ui":"9022089","t":541.0,"r":541.0,"q":3.21,"p":2.0E9,"mot":"U","mo":541.0},{"cn":"basiltchak Финанс","ui":"9018068","t":1508.0,"r":1508.0,"q":5.43,"p":1.5E9,"mot":"U","mo":1508.0},{"cn":"mr worldwide Ltd.","ui":"8929191","t":432.0,"r":432.0,"q":3.04,"p":5.0E9,"mot":"U","mo":432.0},{"cn":"Seimex Финанс","ui":"8888257","t":977.0,"r":977.0,"q":4.97,"p":2.5E9,"mot":"U","mo":977.0},{"cn":"","ui":"","t":407.0,"r":407.0,"q":3.63,"p":2.87854603049E9,"mot":"L","mo":407.0}]},{"d":"24.08.2022","r":2714.0,"q":4.0,"p":2.7854680797E9,"s":[{"cn":"John Gold Inc","ui":"9024473","t":266.0,"r":266.0,"q":4.06,"p":1.75E9,"mot":"U","mo":266.0},{"cn":"Resonance","ui":"9022089","t":556.0,"r":556.0,"q":3.21,"p":2.0E9,"mot":"U","mo":556.0},{"cn":"mr worldwide Ltd.","ui":"8929191","t":443.0,"r":443.0,"q":3.04,"p":5.0E9,"mot":"U","mo":443.0},{"cn":"mr worldwide Ltd.","ui":"8919999","t":150.0,"r":150.0,"q":2.98,"p":5.2E9,"mot":"U","mo":150.0},{"cn":"Seimex Финанс","ui":"8888257","t":1023.0,"r":1023.0,"q":4.98,"p":2.5E9,"mot":"U","mo":1023.0},{"cn":"Seimex Финанс","ui":"8652764","t":175.0,"r":175.0,"q":3.95,"p":1.65E9,"mot":"U","mo":175.0},{"cn":"","ui":"","t":101.0,"r":101.0,"q":4.07,"p":1.39614226056E9,"mot":"L","mo":101.0}]},{"d":"25.08.2022","r":2819.0,"q":4.01,"p":2.77375044421E9,"s":[{"cn":"John Gold Inc","ui":"9024473","t":281.0,"r":281.0,"q":4.06,"p":1.75E9,"mot":"U","mo":281.0},{"cn":"Resonance","ui":"9022089","t":571.0,"r":571.0,"q":3.21,"p":2.0E9,"mot":"U","mo":571.0},{"cn":"mr worldwide Ltd.","ui":"8929191","t":453.0,"r":453.0,"q":3.04,"p":5.0E9,"mot":"U","mo":453.0},{"cn":"mr worldwide Ltd.","ui":"8919999","t":153.0,"r":153.0,"q":2.98,"p":5.2E9,"mot":"U","mo":153.0},{"cn":"Seimex Финанс","ui":"8888257","t":1069.0,"r":1069.0,"q":4.99,"p":2.5E9,"mot":"U","mo":1069.0},{"cn":"Seimex Финанс","ui":"8652764","t":176.0,"r":176.0,"q":3.94,"p":1.65E9,"mot":"U","mo":176.0},{"cn":"","ui":"","t":116.0,"r":116.0,"q":4.07,"p":1.39614226056E9,"mot":"L","mo":116.0}]},{"d":"26.08.2022","r":2672.0,"q":4.01,"p":2.86049775449E9,"s":[{"cn":"John Gold Inc","ui":"9024473","t":175.0,"r":175.0,"q":4.05,"p":1.5E9,"mot":"U","mo":175.0},{"cn":"Resonance","ui":"9022089","t":585.0,"r":585.0,"q":3.21,"p":2.0E9,"mot":"U","mo":585.0},{"cn":"mr worldwide Ltd.","ui":"8929191","t":464.0,"r":464.0,"q":3.04,"p":5.0E9,"mot":"U","mo":464.0},{"cn":"mr worldwide Ltd.","ui":"8919999","t":156.0,"r":156.0,"q":2.98,"p":5.2E9,"mot":"U","mo":156.0},{"cn":"Seimex Финанс","ui":"8888257","t":1115.0,"r":1115.0,"q":4.99,"p":2.5E9,"mot":"U","mo":1115.0},{"cn":"Seimex Финанс","ui":"8652764","t":177.0,"r":177.0,"q":3.94,"p":1.65E9,"mot":"U","mo":177.0},{"cn":"","ui":"","t":0.0,"r":0.0,"q":0.0,"p":0.0,"mot":"L","mo":0.0}]},{"d":"29.08.2022","r":2982.0,"q":4.04,"p":2.84989412066E9,"s":[{"cn":"John Gold Inc","ui":"9024473","t":202.0,"r":202.0,"q":4.06,"p":1.5E9,"mot":"U","mo":202.0},{"cn":"Resonance","ui":"9022089","t":629.0,"r":629.0,"q":3.21,"p":2.0E9,"mot":"U","mo":629.0},{"cn":"mr worldwide Ltd.","ui":"8929191","t":495.0,"r":495.0,"q":3.04,"p":5.0E9,"mot":"U","mo":495.0},{"cn":"mr worldwide Ltd.","ui":"8919999","t":165.0,"r":165.0,"q":2.99,"p":5.2E9,"mot":"U","mo":165.0},{"cn":"Seimex Финанс","ui":"8888257","t":1281.0,"r":1281.0,"q":4.98,"p":2.5E9,"mot":"U","mo":1281.0},{"cn":"Seimex Финанс","ui":"8652764","t":180.0,"r":180.0,"q":3.92,"p":2.0E9,"mot":"U","mo":180.0},{"cn":"","ui":"","t":30.0,"r":30.0,"q":4.07,"p":1.39614226056E9,"mot":"L","mo":30.0}]},{"d":"30.08.2022","r":3049.0,"q":4.03,"p":2.84139927902E9,"s":[{"cn":"John Gold Inc","ui":"9024473","t":216.0,"r":216.0,"q":4.07,"p":1.5E9,"mot":"U","mo":216.0},{"cn":"Resonance","ui":"9022089","t":643.0,"r":643.0,"q":3.21,"p":2.0E9,"mot":"U","mo":643.0},{"cn":"mr worldwide Ltd.","ui":"8929191","t":506.0,"r":506.0,"q":3.03,"p":5.0E9,"mot":"U","mo":506.0},{"cn":"mr worldwide Ltd.","ui":"8919999","t":168.0,"r":168.0,"q":2.99,"p":5.2E9,"mot":"U","mo":168.0},{"cn":"Seimex Финанс","ui":"8888257","t":1290.0,"r":1290.0,"q":4.97,"p":2.5E9,"mot":"U","mo":1290.0},{"cn":"Seimex Финанс","ui":"8652764","t":181.0,"r":181.0,"q":3.91,"p":2.0E9,"mot":"U","mo":181.0},{"cn":"","ui":"","t":45.0,"r":45.0,"q":4.07,"p":1.39614226056E9,"mot":"L","mo":45.0}]},{"d":"31.08.2022","r":3096.0,"q":4.02,"p":2.84142302662E9,"s":[{"cn":"John Gold Inc","ui":"9024473","t":231.0,"r":231.0,"q":4.07,"p":1.5E9,"mot":"U","mo":231.0},{"cn":"Resonance","ui":"9022089","t":657.0,"r":657.0,"q":3.21,"p":2.0E9,"mot":"U","mo":657.0},{"cn":"mr worldwide Ltd.","ui":"8929191","t":516.0,"r":516.0,"q":3.03,"p":5.0E9,"mot":"U","mo":516.0},{"cn":"mr worldwide Ltd.","ui":"8919999","t":171.0,"r":171.0,"q":2.99,"p":5.2E9,"mot":"U","mo":171.0},{"cn":"Seimex Финанс","ui":"8652764","t":182.0,"r":182.0,"q":3.9,"p":2.0E9,"mot":"U","mo":182.0},{"cn":"Seimex Финанс","ui":"8888257","t":1299.0,"r":1299.0,"q":4.97,"p":2.5E9,"mot":"U","mo":1299.0},{"cn":"","ui":"","t":40.0,"r":40.0,"q":4.07,"p":1.39614226056E9,"mot":"L","mo":40.0}]},{"d":"01.09.2022","r":836.0,"q":3.24,"p":4.53468827458E9,"s":[{"cn":"PoligraphCorp","ui":"7338794","t":52.0,"r":52.0,"q":4.07,"p":1.39614226056E9,"mot":"U","mo":52.0},{"cn":"mr worldwide Ltd.","ui":"8929191","t":527.0,"r":527.0,"q":3.03,"p":5.0E9,"mot":"U","mo":527.0},{"cn":"mr worldwide Ltd.","ui":"8919999","t":174.0,"r":174.0,"q":2.99,"p":5.2E9,"mot":"U","mo":174.0},{"cn":"Seimex Финанс","ui":"8888257","t":67.0,"r":67.0,"q":4.7,"p":2.3E9,"mot":"U","mo":67.0},{"cn":"","ui":"","t":16.0,"r":16.0,"q":4.08,"p":1.53125E9,"mot":"L","mo":16.0}]},{"d":"02.09.2022","r":958.0,"q":3.45,"p":4.25932548641E9,"s":[{"cn":"PoligraphCorp","ui":"7338794","t":69.0,"r":69.0,"q":4.07,"p":1.39614226056E9,"mot":"U","mo":69.0},{"cn":"mr worldwide Ltd.","ui":"8929191","t":537.0,"r":537.0,"q":3.03,"p":5.0E9,"mot":"U","mo":537.0},{"cn":"mr worldwide Ltd.","ui":"8919999","t":177.0,"r":177.0,"q":2.99,"p":5.2E9,"mot":"U","mo":177.0},{"cn":"Seimex Финанс","ui":"8888257","t":144.0,"r":144.0,"q":5.17,"p":2.3E9,"mot":"U","mo":144.0},{"cn":"","ui":"","t":31.0,"r":31.0,"q":4.08,"p":1.53225806452E9,"mot":"L","mo":31.0}]},{"d":"05.09.2022","r":838.0,"q":2.9,"p":4.65059665871E9,"s":[{"cn":"АлиНаКСиб","ui":"9013848","t":83.0,"r":78.0,"q":1.84,"p":1.0E9,"mot":"U","mo":78.0},{"cn":"mr worldwide Ltd.","ui":"8929191","t":568.0,"r":568.0,"q":3.03,"p":5.0E9,"mot":"U","mo":568.0},{"cn":"mr worldwide Ltd.","ui":"8919999","t":186.0,"r":186.0,"q":2.99,"p":5.2E9,"mot":"U","mo":186.0},{"cn":"","ui":"","t":6.0,"r":6.0,"q":2.07,"p":2.0E9,"mot":"L","mo":6.0}]},{"d":"06.09.2022","r":846.0,"q":3.2,"p":4.00651881867E9,"s":[{"cn":"АлиНаКСиб","ui":"9013848","t":83.0,"r":83.0,"q":1.84,"p":1.0E9,"mot":"U","mo":83.0},{"cn":"mr worldwide Ltd.","ui":"8929191","t":579.0,"r":579.0,"q":3.03,"p":5.0E9,"mot":"U","mo":579.0},{"cn":"Seimex Финанс","ui":"8888257","t":93.0,"r":93.0,"q":5.59,"p":2.0E9,"mot":"U","mo":93.0},{"cn":"","ui":"","t":91.0,"r":91.0,"q":3.05,"p":2.47818594061E9,"mot":"L","mo":91.0}]},{"d":"07.09.2022","r":987.0,"q":3.44,"p":3.72044563444E9,"s":[{"cn":"АлиНаКСиб","ui":"9013848","t":110.0,"r":105.0,"q":1.84,"p":1.0E9,"mot":"U","mo":105.0},{"cn":"mr worldwide Ltd.","ui":"8929191","t":589.0,"r":589.0,"q":3.02,"p":5.0E9,"mot":"U","mo":589.0},{"cn":"Seimex Финанс","ui":"8888257","t":186.0,"r":186.0,"q":5.59,"p":2.0E9,"mot":"U","mo":186.0},{"cn":"","ui":"","t":107.0,"r":107.0,"q":3.6,"p":2.33719477748E9,"mot":"L","mo":107.0}]},{"d":"08.09.2022","r":1200.0,"q":3.58,"p":3.41651646815E9,"s":[{"cn":"АлиНаКСиб","ui":"9013848","t":133.0,"r":123.0,"q":1.84,"p":1.0E9,"mot":"U","mo":123.0},{"cn":"mr worldwide Ltd.","ui":"8929191","t":599.0,"r":599.0,"q":3.02,"p":5.0E9,"mot":"U","mo":599.0},{"cn":"Seimex Финанс","ui":"8888257","t":279.0,"r":279.0,"q":5.59,"p":2.0E9,"mot":"U","mo":279.0},{"cn":"","ui":"","t":199.0,"r":199.0,"q":3.51,"p":2.12974754666E9,"mot":"L","mo":199.0}]},{"d":"09.09.2022","r":781.0,"q":4.19,"p":1.83234274312E9,"s":[{"cn":"John Gold Inc","ui":"9024473","t":79.0,"r":79.0,"q":4.18,"p":1.5E9,"mot":"U","mo":79.0},{"cn":"АлиНаКСиб","ui":"9013848","t":156.0,"r":146.0,"q":1.84,"p":1.0E9,"mot":"U","mo":146.0},{"cn":"PoligraphCorp","ui":"7338794","t":60.0,"r":60.0,"q":4.07,"p":1.36266137301E9,"mot":"U","mo":60.0},{"cn":"Resonance","ui":"9022089","t":59.0,"r":59.0,"q":3.22,"p":2.0E9,"mot":"U","mo":59.0},{"cn":"Seimex Финанс","ui":"8888257","t":372.0,"r":372.0,"q":5.59,"p":2.0E9,"mot":"U","mo":372.0},{"cn":"","ui":"","t":65.0,"r":65.0,"q":2.41,"p":3.42769230769E9,"mot":"L","mo":65.0}]},{"d":"12.09.2022","r":1129.0,"q":4.15,"p":1.89045615589E9,"s":[{"cn":"АлиНаКСиб","ui":"9013848","t":195.0,"r":195.0,"q":1.84,"p":1.0E9,"mot":"U","mo":195.0},{"cn":"Heparr Ltd.","ui":"9083006","t":105.0,"r":105.0,"q":1.0,"p":1.725E9,"mot":"U","mo":105.0},{"cn":"Seimex Финанс","ui":"8888257","t":684.0,"r":684.0,"q":5.59,"p":2.0E9,"mot":"U","mo":684.0},{"cn":"","ui":"","t":145.0,"r":145.0,"q":2.77,"p":2.69103448276E9,"mot":"L","mo":145.0}]},{"d":"13.09.2022","r":42.0,"q":2.97,"p":5.2E9,"s":[{"cn":"mr worldwide Ltd.","ui":"8919999","t":42.0,"r":42.0,"q":2.97,"p":5.2E9,"mot":"U","mo":42.0},{"cn":"","ui":"","t":0.0,"r":0.0,"q":0.0,"p":0.0,"mot":"L","mo":0.0}]},{"d":"14.09.2022","r":606.0,"q":8.16,"p":1.013890765947E10,"s":[{"cn":"АлиНаКСиб","ui":"9013848","t":33.0,"r":33.0,"q":1.84,"p":3.0E9,"mot":"U","mo":33.0},{"cn":"NEONIKA","ui":"8910926","t":367.0,"r":367.0,"q":10.66,"p":1.5E10,"mot":"U","mo":367.0},{"cn":"mr worldwide Ltd.","ui":"8919999","t":45.0,"r":45.0,"q":2.96,"p":5.2E9,"mot":"U","mo":45.0},{"cn":"Seimex Финанс","ui":"8888257","t":130.0,"r":130.0,"q":5.6,"p":2.0E9,"mot":"U","mo":130.0},{"cn":"","ui":"","t":31.0,"r":31.0,"q":3.62,"p":1.48961424645E9,"mot":"L","mo":31.0}]},{"d":"15.09.2022","r":1040.0,"q":3.66,"p":3.87076641559E9,"s":[{"cn":"АлиНаКСиб","ui":"9013848","t":66.0,"r":66.0,"q":1.84,"p":1.5E9,"mot":"U","mo":66.0},{"cn":"mr worldwide Ltd.","ui":"8929191","t":609.0,"r":609.0,"q":3.02,"p":5.0E9,"mot":"U","mo":609.0},{"cn":"Seimex Финанс","ui":"8888257","t":285.0,"r":285.0,"q":5.6,"p":2.0E9,"mot":"U","mo":285.0},{"cn":"","ui":"","t":95.0,"r":80.0,"q":3.09,"p":3.89496340273E9,"mot":"L","mo":80.0}]},{"d":"16.09.2022","r":1270.0,"q":3.89,"p":3.36768310801E9,"s":[{"cn":"АлиНаКСиб","ui":"9013848","t":100.0,"r":100.0,"q":1.88,"p":1.5E9,"mot":"U","mo":100.0},{"cn":"mr worldwide Ltd.","ui":"8929191","t":616.0,"r":616.0,"q":3.02,"p":5.0E9,"mot":"U","mo":616.0},{"cn":"Seimex Финанс","ui":"8888257","t":440.0,"r":440.0,"q":5.59,"p":2.0E9,"mot":"U","mo":440.0},{"cn":"","ui":"","t":114.0,"r":114.0,"q":3.75,"p":1.46453988746E9,"mot":"L","mo":114.0}]},{"d":"19.09.2022","r":1989.0,"q":4.2,"p":2.89439416792E9,"s":[{"cn":"АлиНаКСиб","ui":"9013848","t":204.0,"r":204.0,"q":1.95,"p":1.5E9,"mot":"U","mo":204.0},{"cn":"mr worldwide Ltd.","ui":"8929191","t":630.0,"r":630.0,"q":3.02,"p":5.0E9,"mot":"U","mo":630.0},{"cn":"Seimex Финанс","ui":"8888257","t":998.0,"r":998.0,"q":5.59,"p":2.0E9,"mot":"U","mo":998.0},{"cn":"","ui":"","t":157.0,"r":157.0,"q":2.99,"p":1.9423566879E9,"mot":"L","mo":157.0}]},{"d":"20.09.2022","r":2227.0,"q":4.25,"p":2.79251234845E9,"s":[{"cn":"АлиНаКСиб","ui":"9013848","t":237.0,"r":237.0,"q":1.96,"p":1.5E9,"mot":"U","mo":237.0},{"cn":"mr worldwide Ltd.","ui":"8929191","t":637.0,"r":637.0,"q":3.02,"p":5.0E9,"mot":"U","mo":637.0},{"cn":"Seimex Финанс","ui":"8888257","t":1184.0,"r":1184.0,"q":5.59,"p":2.0E9,"mot":"U","mo":1184.0},{"cn":"","ui":"","t":170.0,"r":169.0,"q":2.73,"p":1.83683431953E9,"mot":"L","mo":169.0}]},{"d":"21.09.2022","r":2465.0,"q":4.29,"p":2.72190669371E9,"s":[{"cn":"АлиНаКСиб","ui":"9013848","t":272.0,"r":272.0,"q":1.98,"p":1.5E9,"mot":"U","mo":272.0},{"cn":"mr worldwide Ltd.","ui":"8929191","t":644.0,"r":644.0,"q":3.02,"p":5.0E9,"mot":"U","mo":644.0},{"cn":"Seimex Финанс","ui":"8888257","t":1369.0,"r":1369.0,"q":5.59,"p":2.0E9,"mot":"U","mo":1369.0},{"cn":"","ui":"","t":180.0,"r":180.0,"q":2.47,"p":1.90833333333E9,"mot":"L","mo":180.0}]},{"d":"22.09.2022","r":2760.0,"q":4.32,"p":2.63376306201E9,"s":[{"cn":"АлиНаКСиб","ui":"9013848","t":307.0,"r":307.0,"q":1.98,"p":1.5E9,"mot":"U","mo":307.0},{"cn":"mr worldwide Ltd.","ui":"8929191","t":651.0,"r":651.0,"q":3.02,"p":5.0E9,"mot":"U","mo":651.0},{"cn":"Seimex Финанс","ui":"8888257","t":1555.0,"r":1555.0,"q":5.59,"p":2.0E9,"mot":"U","mo":1555.0},{"cn":"","ui":"","t":247.0,"r":247.0,"q":2.67,"p":1.79629980221E9,"mot":"L","mo":247.0}]},{"d":"23.09.2022","r":3054.0,"q":4.34,"p":2.22104522013E9,"s":[{"cn":"АлиНаКСиб","ui":"9013848","t":342.0,"r":342.0,"q":1.99,"p":1.5E9,"mot":"U","mo":342.0},{"cn":"mr worldwide Ltd.","ui":"8929191","t":658.0,"r":658.0,"q":3.01,"p":5.0E9,"mot":"U","mo":658.0},{"cn":"Seimex Финанс","ui":"8888257","t":1741.0,"r":1741.0,"q":5.59,"p":1.4E9,"mot":"U","mo":1741.0},{"cn":"","ui":"","t":313.0,"r":313.0,"q":2.78,"p":1.73377668463E9,"mot":"L","mo":313.0}]},{"d":"26.09.2022","r":3915.0,"q":4.42,"p":2.07242534316E9,"s":[{"cn":"АлиНаКСиб","ui":"9013848","t":455.0,"r":455.0,"q":2.01,"p":1.5E9,"mot":"U","mo":455.0},{"cn":"mr worldwide Ltd.","ui":"8929191","t":679.0,"r":679.0,"q":3.01,"p":5.0E9,"mot":"U","mo":679.0},{"cn":"Seimex Финанс","ui":"8888257","t":2362.0,"r":2362.0,"q":5.59,"p":1.4E9,"mot":"U","mo":2362.0},{"cn":"","ui":"","t":419.0,"r":419.0,"q":2.68,"p":1.74044204881E9,"mot":"L","mo":419.0}]},{"d":"27.09.2022","r":3260.0,"q":4.12,"p":2.19382534493E9,"s":[{"cn":"АлиНаКСиб","ui":"9013848","t":491.0,"r":491.0,"q":2.01,"p":1.3E9,"mot":"U","mo":491.0},{"cn":"Resonance","ui":"9022089","t":210.0,"r":210.0,"q":3.21,"p":2.0E9,"mot":"U","mo":210.0},{"cn":"mr worldwide Ltd.","ui":"8929191","t":686.0,"r":686.0,"q":3.01,"p":5.0E9,"mot":"U","mo":686.0},{"cn":"Seimex Финанс","ui":"8888257","t":1684.0,"r":1684.0,"q":5.59,"p":1.4E9,"mot":"U","mo":1684.0},{"cn":"","ui":"","t":189.0,"r":189.0,"q":1.62,"p":1.61889219302E9,"mot":"L","mo":189.0}]},{"d":"28.09.2022","r":2241.0,"q":3.66,"p":2.52779618428E9,"s":[{"cn":"АлиНаКСиб","ui":"9013848","t":530.0,"r":530.0,"q":2.02,"p":1.1E9,"mot":"U","mo":530.0},{"cn":"Resonance","ui":"9022089","t":225.0,"r":225.0,"q":3.21,"p":2.0E9,"mot":"U","mo":225.0},{"cn":"mr worldwide Ltd.","ui":"8929191","t":693.0,"r":693.0,"q":3.01,"p":5.0E9,"mot":"U","mo":693.0},{"cn":"Seimex Финанс","ui":"8888257","t":718.0,"r":718.0,"q":5.59,"p":1.5E9,"mot":"U","mo":718.0},{"cn":"","ui":"","t":75.0,"r":75.0,"q":4.09,"p":1.19721665283E9,"mot":"L","mo":75.0}]},{"d":"29.09.2022","r":2536.0,"q":3.81,"p":2.41344119615E9,"s":[{"cn":"АлиНаКСиб","ui":"9013848","t":549.0,"r":549.0,"q":2.02,"p":1.1E9,"mot":"U","mo":549.0},{"cn":"Resonance","ui":"9022089","t":240.0,"r":240.0,"q":3.21,"p":2.0E9,"mot":"U","mo":240.0},{"cn":"mr worldwide Ltd.","ui":"8929191","t":700.0,"r":700.0,"q":3.01,"p":5.0E9,"mot":"U","mo":700.0},{"cn":"Seimex Финанс","ui":"8888257","t":935.0,"r":935.0,"q":5.58,"p":1.5E9,"mot":"U","mo":935.0},{"cn":"","ui":"","t":112.0,"r":112.0,"q":4.1,"p":1.19720422718E9,"mot":"L","mo":112.0}]},{"d":"30.09.2022","r":3743.0,"q":4.25,"p":3.75308108414E9,"s":[{"cn":"mr worldwide Ltd.","ui":"8924273","t":334.0,"r":334.0,"q":2.19,"p":5.1E9,"mot":"U","mo":334.0},{"cn":"АлиНаКСиб","ui":"9013848","t":588.0,"r":588.0,"q":2.02,"p":1.1E9,"mot":"U","mo":588.0},{"cn":"NEONIKA","ui":"8910926","t":347.0,"r":347.0,"q":10.66,"p":1.5E10,"mot":"U","mo":347.0},{"cn":"Resonance","ui":"9022089","t":255.0,"r":255.0,"q":3.21,"p":2.0E9,"mot":"U","mo":255.0},{"cn":"mr worldwide Ltd.","ui":"8929191","t":707.0,"r":707.0,"q":3.01,"p":5.0E9,"mot":"U","mo":707.0},{"cn":"Seimex Финанс","ui":"8888257","t":1152.0,"r":1152.0,"q":5.58,"p":1.5E9,"mot":"U","mo":1152.0},{"cn":"","ui":"","t":360.0,"r":360.0,"q":2.56,"p":1.99884027201E9,"mot":"L","mo":360.0}]}]