[{"d":"14.07.2015","r":2.0,"q":1.0,"p":10000.0,"s":[{"ui":"3177251","t":2.0,"r":2.0,"q":1.0,"p":10000.0,"mot":"U","mo":2.0},{"cn":"","ui":"","t":0.0,"r":0.0,"q":0.0,"p":0.0,"mot":"L","mo":0.0}]},{"d":"15.07.2015","r":3.0,"q":1.0,"p":10000.0,"s":[{"ui":"3177251","t":3.0,"r":3.0,"q":1.0,"p":10000.0,"mot":"U","mo":3.0},{"cn":"","ui":"","t":0.0,"r":0.0,"q":0.0,"p":0.0,"mot":"L","mo":0.0}]},{"d":"16.07.2015","r":4.0,"q":1.0,"p":10000.0,"s":[{"ui":"3177251","t":4.0,"r":4.0,"q":1.0,"p":10000.0,"mot":"U","mo":4.0},{"cn":"","ui":"","t":0.0,"r":0.0,"q":0.0,"p":0.0,"mot":"L","mo":0.0}]},{"d":"17.07.2015","r":5.0,"q":1.0,"p":10000.0,"s":[{"ui":"3177251","t":5.0,"r":5.0,"q":1.0,"p":10000.0,"mot":"U","mo":5.0},{"cn":"","ui":"","t":0.0,"r":0.0,"q":0.0,"p":0.0,"mot":"L","mo":0.0}]},{"d":"25.07.2015","r":5.0,"q":1.0,"p":9900.0,"s":[{"ui":"3177251","t":5.0,"r":5.0,"q":1.0,"p":9900.0,"mot":"U","mo":5.0},{"cn":"","ui":"","t":0.0,"r":0.0,"q":0.0,"p":0.0,"mot":"L","mo":0.0}]},{"d":"31.07.2015","r":5.0,"q":1.0,"p":9810.0,"s":[{"ui":"3177251","t":5.0,"r":5.0,"q":1.0,"p":9810.0,"mot":"U","mo":5.0},{"cn":"","ui":"","t":0.0,"r":0.0,"q":0.0,"p":0.0,"mot":"L","mo":0.0}]},{"d":"08.08.2015","r":5.0,"q":1.0,"p":9720.0,"s":[{"ui":"3177251","t":5.0,"r":5.0,"q":1.0,"p":9720.0,"mot":"U","mo":5.0},{"cn":"","ui":"","t":0.0,"r":0.0,"q":0.0,"p":0.0,"mot":"L","mo":0.0}]},{"d":"09.08.2015","r":6.0,"q":1.0,"p":9720.0,"s":[{"ui":"3177251","t":6.0,"r":6.0,"q":1.0,"p":9720.0,"mot":"U","mo":6.0},{"cn":"","ui":"","t":0.0,"r":0.0,"q":0.0,"p":0.0,"mot":"L","mo":0.0}]},{"d":"10.08.2015","r":7.0,"q":1.19,"p":9720.0,"s":[{"ui":"3177251","t":7.0,"r":7.0,"q":1.19,"p":9720.0,"mot":"U","mo":7.0},{"cn":"","ui":"","t":0.0,"r":0.0,"q":0.0,"p":0.0,"mot":"L","mo":0.0}]},{"d":"11.08.2015","r":8.0,"q":1.34,"p":9720.0,"s":[{"ui":"3177251","t":8.0,"r":8.0,"q":1.34,"p":9720.0,"mot":"U","mo":8.0},{"cn":"","ui":"","t":0.0,"r":0.0,"q":0.0,"p":0.0,"mot":"L","mo":0.0}]},{"d":"12.08.2015","r":9.0,"q":1.47,"p":9720.0,"s":[{"ui":"3177251","t":9.0,"r":9.0,"q":1.47,"p":9720.0,"mot":"U","mo":9.0},{"cn":"","ui":"","t":0.0,"r":0.0,"q":0.0,"p":0.0,"mot":"L","mo":0.0}]},{"d":"13.08.2015","r":10.0,"q":1.57,"p":9720.0,"s":[{"ui":"3177251","t":10.0,"r":10.0,"q":1.57,"p":9720.0,"mot":"U","mo":10.0},{"cn":"","ui":"","t":0.0,"r":0.0,"q":0.0,"p":0.0,"mot":"L","mo":0.0}]},{"d":"14.08.2015","r":11.0,"q":1.65,"p":9720.0,"s":[{"ui":"3177251","t":11.0,"r":11.0,"q":1.65,"p":9720.0,"mot":"U","mo":11.0},{"cn":"","ui":"","t":0.0,"r":0.0,"q":0.0,"p":0.0,"mot":"L","mo":0.0}]},{"d":"15.08.2015","r":12.0,"q":1.71,"p":9720.0,"s":[{"ui":"3177251","t":12.0,"r":12.0,"q":1.71,"p":9720.0,"mot":"U","mo":12.0},{"cn":"","ui":"","t":0.0,"r":0.0,"q":0.0,"p":0.0,"mot":"L","mo":0.0}]},{"d":"16.08.2015","r":13.0,"q":1.77,"p":9720.0,"s":[{"ui":"3177251","t":13.0,"r":13.0,"q":1.77,"p":9720.0,"mot":"U","mo":13.0},{"cn":"","ui":"","t":0.0,"r":0.0,"q":0.0,"p":0.0,"mot":"L","mo":0.0}]},{"d":"17.08.2015","r":14.0,"q":1.82,"p":9720.0,"s":[{"ui":"3177251","t":14.0,"r":14.0,"q":1.82,"p":9720.0,"mot":"U","mo":14.0},{"cn":"","ui":"","t":0.0,"r":0.0,"q":0.0,"p":0.0,"mot":"L","mo":0.0}]},{"d":"18.08.2015","r":15.0,"q":1.86,"p":9720.0,"s":[{"ui":"3177251","t":15.0,"r":15.0,"q":1.86,"p":9720.0,"mot":"U","mo":15.0},{"cn":"","ui":"","t":0.0,"r":0.0,"q":0.0,"p":0.0,"mot":"L","mo":0.0}]},{"d":"19.08.2015","r":16.0,"q":1.9,"p":9720.0,"s":[{"ui":"3177251","t":16.0,"r":16.0,"q":1.9,"p":9720.0,"mot":"U","mo":16.0},{"cn":"","ui":"","t":0.0,"r":0.0,"q":0.0,"p":0.0,"mot":"L","mo":0.0}]},{"d":"20.08.2015","r":17.0,"q":1.93,"p":9650.0,"s":[{"ui":"3177251","t":17.0,"r":17.0,"q":1.93,"p":9650.0,"mot":"U","mo":17.0},{"cn":"","ui":"","t":0.0,"r":0.0,"q":0.0,"p":0.0,"mot":"L","mo":0.0}]},{"d":"21.08.2015","r":1.0,"q":2.46,"p":9650.0,"s":[{"ui":"3177251","t":1.0,"r":1.0,"q":2.46,"p":9650.0,"mot":"U","mo":1.0},{"cn":"","ui":"","t":0.0,"r":0.0,"q":0.0,"p":0.0,"mot":"L","mo":0.0}]},{"d":"22.08.2015","r":2.0,"q":2.46,"p":9650.0,"s":[{"ui":"3177251","t":2.0,"r":2.0,"q":2.46,"p":9650.0,"mot":"U","mo":2.0},{"cn":"","ui":"","t":0.0,"r":0.0,"q":0.0,"p":0.0,"mot":"L","mo":0.0}]},{"d":"23.08.2015","r":3.0,"q":2.46,"p":9650.0,"s":[{"ui":"3177251","t":3.0,"r":3.0,"q":2.46,"p":9650.0,"mot":"U","mo":3.0},{"cn":"","ui":"","t":0.0,"r":0.0,"q":0.0,"p":0.0,"mot":"L","mo":0.0}]},{"d":"24.08.2015","r":4.0,"q":2.46,"p":9650.0,"s":[{"ui":"3177251","t":4.0,"r":4.0,"q":2.46,"p":9650.0,"mot":"U","mo":4.0},{"cn":"","ui":"","t":0.0,"r":0.0,"q":0.0,"p":0.0,"mot":"L","mo":0.0}]},{"d":"25.08.2015","r":5.0,"q":2.46,"p":9650.0,"s":[{"ui":"3177251","t":5.0,"r":5.0,"q":2.46,"p":9650.0,"mot":"U","mo":5.0},{"cn":"","ui":"","t":0.0,"r":0.0,"q":0.0,"p":0.0,"mot":"L","mo":0.0}]},{"d":"26.08.2015","r":6.0,"q":2.46,"p":9650.0,"s":[{"ui":"3177251","t":6.0,"r":6.0,"q":2.46,"p":9650.0,"mot":"U","mo":6.0},{"cn":"","ui":"","t":0.0,"r":0.0,"q":0.0,"p":0.0,"mot":"L","mo":0.0}]},{"d":"27.08.2015","r":7.0,"q":2.46,"p":9650.0,"s":[{"ui":"3177251","t":7.0,"r":7.0,"q":2.46,"p":9650.0,"mot":"U","mo":7.0},{"cn":"","ui":"","t":0.0,"r":0.0,"q":0.0,"p":0.0,"mot":"L","mo":0.0}]},{"d":"28.08.2015","r":8.0,"q":2.46,"p":9650.0,"s":[{"ui":"3177251","t":8.0,"r":8.0,"q":2.46,"p":9650.0,"mot":"U","mo":8.0},{"cn":"","ui":"","t":0.0,"r":0.0,"q":0.0,"p":0.0,"mot":"L","mo":0.0}]},{"d":"29.08.2015","r":9.0,"q":2.46,"p":9560.0,"s":[{"ui":"3177251","t":9.0,"r":9.0,"q":2.46,"p":9560.0,"mot":"U","mo":9.0},{"cn":"","ui":"","t":0.0,"r":0.0,"q":0.0,"p":0.0,"mot":"L","mo":0.0}]},{"d":"30.08.2015","r":10.0,"q":2.46,"p":9560.0,"s":[{"ui":"3177251","t":10.0,"r":10.0,"q":2.46,"p":9560.0,"mot":"U","mo":10.0},{"cn":"","ui":"","t":0.0,"r":0.0,"q":0.0,"p":0.0,"mot":"L","mo":0.0}]},{"d":"31.08.2015","r":11.0,"q":2.46,"p":9560.0,"s":[{"ui":"3177251","t":11.0,"r":11.0,"q":2.46,"p":9560.0,"mot":"U","mo":11.0},{"cn":"","ui":"","t":0.0,"r":0.0,"q":0.0,"p":0.0,"mot":"L","mo":0.0}]},{"d":"01.09.2015","r":12.0,"q":2.46,"p":9560.0,"s":[{"ui":"3177251","t":12.0,"r":12.0,"q":2.46,"p":9560.0,"mot":"U","mo":12.0},{"cn":"","ui":"","t":0.0,"r":0.0,"q":0.0,"p":0.0,"mot":"L","mo":0.0}]},{"d":"02.09.2015","r":13.0,"q":2.46,"p":9560.0,"s":[{"ui":"3177251","t":13.0,"r":13.0,"q":2.46,"p":9560.0,"mot":"U","mo":13.0},{"cn":"","ui":"","t":0.0,"r":0.0,"q":0.0,"p":0.0,"mot":"L","mo":0.0}]},{"d":"03.09.2015","r":14.0,"q":2.46,"p":9560.0,"s":[{"ui":"3177251","t":14.0,"r":14.0,"q":2.46,"p":9560.0,"mot":"U","mo":14.0},{"cn":"","ui":"","t":0.0,"r":0.0,"q":0.0,"p":0.0,"mot":"L","mo":0.0}]},{"d":"04.09.2015","r":15.0,"q":2.46,"p":9560.0,"s":[{"ui":"3177251","t":15.0,"r":15.0,"q":2.46,"p":9560.0,"mot":"U","mo":15.0},{"cn":"","ui":"","t":0.0,"r":0.0,"q":0.0,"p":0.0,"mot":"L","mo":0.0}]},{"d":"05.09.2015","r":16.0,"q":2.46,"p":9560.0,"s":[{"ui":"3177251","t":16.0,"r":16.0,"q":2.46,"p":9560.0,"mot":"U","mo":16.0},{"cn":"","ui":"","t":0.0,"r":0.0,"q":0.0,"p":0.0,"mot":"L","mo":0.0}]},{"d":"06.09.2015","r":17.0,"q":2.46,"p":9560.0,"s":[{"ui":"3177251","t":17.0,"r":17.0,"q":2.46,"p":9560.0,"mot":"U","mo":17.0},{"cn":"","ui":"","t":0.0,"r":0.0,"q":0.0,"p":0.0,"mot":"L","mo":0.0}]},{"d":"07.09.2015","r":18.0,"q":2.46,"p":9470.0,"s":[{"ui":"3177251","t":18.0,"r":18.0,"q":2.46,"p":9470.0,"mot":"U","mo":18.0},{"cn":"","ui":"","t":0.0,"r":0.0,"q":0.0,"p":0.0,"mot":"L","mo":0.0}]},{"d":"08.09.2015","r":19.0,"q":2.46,"p":9470.0,"s":[{"ui":"3177251","t":19.0,"r":19.0,"q":2.46,"p":9470.0,"mot":"U","mo":19.0},{"cn":"","ui":"","t":0.0,"r":0.0,"q":0.0,"p":0.0,"mot":"L","mo":0.0}]},{"d":"09.09.2015","r":20.0,"q":2.46,"p":9470.0,"s":[{"ui":"3177251","t":20.0,"r":20.0,"q":2.46,"p":9470.0,"mot":"U","mo":20.0},{"cn":"","ui":"","t":0.0,"r":0.0,"q":0.0,"p":0.0,"mot":"L","mo":0.0}]},{"d":"10.09.2015","r":21.0,"q":2.46,"p":9470.0,"s":[{"ui":"3177251","t":21.0,"r":21.0,"q":2.46,"p":9470.0,"mot":"U","mo":21.0},{"cn":"","ui":"","t":0.0,"r":0.0,"q":0.0,"p":0.0,"mot":"L","mo":0.0}]},{"d":"11.09.2015","r":22.0,"q":2.46,"p":9470.0,"s":[{"ui":"3177251","t":22.0,"r":22.0,"q":2.46,"p":9470.0,"mot":"U","mo":22.0},{"cn":"","ui":"","t":0.0,"r":0.0,"q":0.0,"p":0.0,"mot":"L","mo":0.0}]},{"d":"12.09.2015","r":23.0,"q":2.46,"p":9470.0,"s":[{"ui":"3177251","t":23.0,"r":23.0,"q":2.46,"p":9470.0,"mot":"U","mo":23.0},{"cn":"","ui":"","t":0.0,"r":0.0,"q":0.0,"p":0.0,"mot":"L","mo":0.0}]},{"d":"13.09.2015","r":24.0,"q":2.46,"p":9470.0,"s":[{"ui":"3177251","t":24.0,"r":24.0,"q":2.46,"p":9470.0,"mot":"U","mo":24.0},{"cn":"","ui":"","t":0.0,"r":0.0,"q":0.0,"p":0.0,"mot":"L","mo":0.0}]},{"d":"14.09.2015","r":25.0,"q":2.46,"p":9470.0,"s":[{"ui":"3177251","t":25.0,"r":25.0,"q":2.46,"p":9470.0,"mot":"U","mo":25.0},{"cn":"","ui":"","t":0.0,"r":0.0,"q":0.0,"p":0.0,"mot":"L","mo":0.0}]},{"d":"15.09.2015","r":26.0,"q":2.46,"p":9470.0,"s":[{"ui":"3177251","t":26.0,"r":26.0,"q":2.46,"p":9470.0,"mot":"U","mo":26.0},{"cn":"","ui":"","t":0.0,"r":0.0,"q":0.0,"p":0.0,"mot":"L","mo":0.0}]},{"d":"16.09.2015","r":27.0,"q":2.46,"p":9380.0,"s":[{"ui":"3177251","t":27.0,"r":27.0,"q":2.46,"p":9380.0,"mot":"U","mo":27.0},{"cn":"","ui":"","t":0.0,"r":0.0,"q":0.0,"p":0.0,"mot":"L","mo":0.0}]},{"d":"17.09.2015","r":28.0,"q":2.46,"p":9380.0,"s":[{"ui":"3177251","t":28.0,"r":28.0,"q":2.46,"p":9380.0,"mot":"U","mo":28.0},{"cn":"","ui":"","t":0.0,"r":0.0,"q":0.0,"p":0.0,"mot":"L","mo":0.0}]},{"d":"18.09.2015","r":29.0,"q":2.46,"p":9380.0,"s":[{"ui":"3177251","t":29.0,"r":29.0,"q":2.46,"p":9380.0,"mot":"U","mo":29.0},{"cn":"","ui":"","t":0.0,"r":0.0,"q":0.0,"p":0.0,"mot":"L","mo":0.0}]},{"d":"19.09.2015","r":30.0,"q":2.46,"p":9380.0,"s":[{"ui":"3177251","t":30.0,"r":30.0,"q":2.46,"p":9380.0,"mot":"U","mo":30.0},{"cn":"","ui":"","t":0.0,"r":0.0,"q":0.0,"p":0.0,"mot":"L","mo":0.0}]},{"d":"20.09.2015","r":31.0,"q":2.46,"p":9380.0,"s":[{"ui":"3177251","t":31.0,"r":31.0,"q":2.46,"p":9380.0,"mot":"U","mo":31.0},{"cn":"","ui":"","t":0.0,"r":0.0,"q":0.0,"p":0.0,"mot":"L","mo":0.0}]},{"d":"21.09.2015","r":32.0,"q":2.46,"p":9380.0,"s":[{"ui":"3177251","t":32.0,"r":32.0,"q":2.46,"p":9380.0,"mot":"U","mo":32.0},{"cn":"","ui":"","t":0.0,"r":0.0,"q":0.0,"p":0.0,"mot":"L","mo":0.0}]},{"d":"22.09.2015","r":33.0,"q":2.46,"p":9380.0,"s":[{"ui":"3177251","t":33.0,"r":33.0,"q":2.46,"p":9380.0,"mot":"U","mo":33.0},{"cn":"","ui":"","t":0.0,"r":0.0,"q":0.0,"p":0.0,"mot":"L","mo":0.0}]},{"d":"23.09.2015","r":34.0,"q":2.46,"p":9380.0,"s":[{"ui":"3177251","t":34.0,"r":34.0,"q":2.46,"p":9380.0,"mot":"U","mo":34.0},{"cn":"","ui":"","t":0.0,"r":0.0,"q":0.0,"p":0.0,"mot":"L","mo":0.0}]},{"d":"24.09.2015","r":35.0,"q":2.46,"p":9290.0,"s":[{"ui":"3177251","t":35.0,"r":35.0,"q":2.46,"p":9290.0,"mot":"U","mo":35.0},{"cn":"","ui":"","t":0.0,"r":0.0,"q":0.0,"p":0.0,"mot":"L","mo":0.0}]},{"d":"25.09.2015","r":36.0,"q":2.46,"p":9290.0,"s":[{"ui":"3177251","t":36.0,"r":36.0,"q":2.46,"p":9290.0,"mot":"U","mo":36.0},{"cn":"","ui":"","t":0.0,"r":0.0,"q":0.0,"p":0.0,"mot":"L","mo":0.0}]},{"d":"26.09.2015","r":37.0,"q":2.46,"p":9290.0,"s":[{"ui":"3177251","t":37.0,"r":37.0,"q":2.46,"p":9290.0,"mot":"U","mo":37.0},{"cn":"","ui":"","t":0.0,"r":0.0,"q":0.0,"p":0.0,"mot":"L","mo":0.0}]},{"d":"27.09.2015","r":38.0,"q":2.46,"p":9290.0,"s":[{"ui":"3177251","t":38.0,"r":38.0,"q":2.46,"p":9290.0,"mot":"U","mo":38.0},{"cn":"","ui":"","t":0.0,"r":0.0,"q":0.0,"p":0.0,"mot":"L","mo":0.0}]},{"d":"28.09.2015","r":462143.0,"q":10.42,"p":390.75,"s":[{"ui":"3270154","t":462654.0,"r":462104.0,"q":10.42,"p":390.0,"mot":"U","mo":462104.0},{"cn":"","ui":"","t":39.0,"r":39.0,"q":2.46,"p":9290.0,"mot":"L","mo":39.0}]},{"d":"29.09.2015","r":468294.0,"q":10.48,"p":390.76,"s":[{"ui":"3270154","t":468804.0,"r":468254.0,"q":10.48,"p":390.0,"mot":"U","mo":468254.0},{"cn":"","ui":"","t":40.0,"r":40.0,"q":2.46,"p":9290.0,"mot":"L","mo":40.0}]},{"d":"30.09.2015","r":474445.0,"q":10.54,"p":390.77,"s":[{"ui":"3270154","t":474954.0,"r":474404.0,"q":10.54,"p":390.0,"mot":"U","mo":474404.0},{"cn":"","ui":"","t":41.0,"r":41.0,"q":2.46,"p":9290.0,"mot":"L","mo":41.0}]},{"d":"01.10.2015","r":480596.0,"q":10.6,"p":390.77,"s":[{"ui":"3270154","t":481104.0,"r":480554.0,"q":10.6,"p":390.0,"mot":"U","mo":480554.0},{"cn":"","ui":"","t":42.0,"r":42.0,"q":2.46,"p":9200.0,"mot":"L","mo":42.0}]},{"d":"02.10.2015","r":486747.0,"q":10.69,"p":380.78,"s":[{"ui":"3270154","t":487254.0,"r":486704.0,"q":10.69,"p":380.0,"mot":"U","mo":486704.0},{"cn":"","ui":"","t":43.0,"r":43.0,"q":2.46,"p":9200.0,"mot":"L","mo":43.0}]},{"d":"03.10.2015","r":493233.0,"q":10.79,"p":380.79,"s":[{"ui":"3270154","t":493739.0,"r":493189.0,"q":10.79,"p":380.0,"mot":"U","mo":493189.0},{"cn":"","ui":"","t":44.0,"r":44.0,"q":2.46,"p":9200.0,"mot":"L","mo":44.0}]},{"d":"04.10.2015","r":499719.0,"q":10.88,"p":380.79,"s":[{"ui":"3270154","t":500224.0,"r":499674.0,"q":10.88,"p":380.0,"mot":"U","mo":499674.0},{"cn":"","ui":"","t":45.0,"r":45.0,"q":2.46,"p":9200.0,"mot":"L","mo":45.0}]},{"d":"05.10.2015","r":506205.0,"q":10.98,"p":380.8,"s":[{"ui":"3270154","t":506709.0,"r":506159.0,"q":10.98,"p":380.0,"mot":"U","mo":506159.0},{"cn":"","ui":"","t":46.0,"r":46.0,"q":2.46,"p":9200.0,"mot":"L","mo":46.0}]},{"d":"06.10.2015","r":512644.0,"q":11.07,"p":380.0,"s":[{"ui":"3270154","t":513194.0,"r":512644.0,"q":11.07,"p":380.0,"mot":"U","mo":512644.0},{"cn":"","ui":"","t":0.0,"r":0.0,"q":0.0,"p":0.0,"mot":"L","mo":0.0}]},{"d":"07.10.2015","r":519129.0,"q":11.15,"p":380.0,"s":[{"ui":"3270154","t":519679.0,"r":519129.0,"q":11.15,"p":380.0,"mot":"U","mo":519129.0},{"cn":"","ui":"","t":0.0,"r":0.0,"q":0.0,"p":0.0,"mot":"L","mo":0.0}]},{"d":"08.10.2015","r":525614.0,"q":11.24,"p":380.0,"s":[{"ui":"3270154","t":526164.0,"r":525614.0,"q":11.24,"p":380.0,"mot":"U","mo":525614.0},{"cn":"","ui":"","t":0.0,"r":0.0,"q":0.0,"p":0.0,"mot":"L","mo":0.0}]},{"d":"09.10.2015","r":532099.0,"q":11.32,"p":363.0,"s":[{"ui":"3270154","t":532649.0,"r":532099.0,"q":11.32,"p":363.0,"mot":"U","mo":532099.0},{"cn":"","ui":"","t":0.0,"r":0.0,"q":0.0,"p":0.0,"mot":"L","mo":0.0}]},{"d":"10.10.2015","r":538631.0,"q":11.4,"p":363.76,"s":[{"ui":"3270154","t":539134.0,"r":538584.0,"q":11.4,"p":363.0,"mot":"U","mo":538584.0},{"cn":"","ui":"","t":47.0,"r":47.0,"q":2.46,"p":9110.0,"mot":"L","mo":47.0}]},{"d":"12.10.2015","r":551554.0,"q":11.56,"p":363.0,"s":[{"ui":"3270154","t":552104.0,"r":551554.0,"q":11.56,"p":363.0,"mot":"U","mo":551554.0},{"cn":"","ui":"","t":0.0,"r":0.0,"q":0.0,"p":0.0,"mot":"L","mo":0.0}]},{"d":"13.10.2015","r":558039.0,"q":11.63,"p":363.0,"s":[{"ui":"3270154","t":558589.0,"r":558039.0,"q":11.63,"p":363.0,"mot":"U","mo":558039.0},{"cn":"","ui":"","t":0.0,"r":0.0,"q":0.0,"p":0.0,"mot":"L","mo":0.0}]},{"d":"14.10.2015","r":564524.0,"q":11.7,"p":363.0,"s":[{"ui":"3270154","t":565074.0,"r":564524.0,"q":11.7,"p":363.0,"mot":"U","mo":564524.0},{"cn":"","ui":"","t":0.0,"r":0.0,"q":0.0,"p":0.0,"mot":"L","mo":0.0}]},{"d":"15.10.2015","r":571009.0,"q":11.77,"p":363.0,"s":[{"ui":"3270154","t":571559.0,"r":571009.0,"q":11.77,"p":363.0,"mot":"U","mo":571009.0},{"cn":"","ui":"","t":0.0,"r":0.0,"q":0.0,"p":0.0,"mot":"L","mo":0.0}]},{"d":"16.10.2015","r":577494.0,"q":11.84,"p":363.0,"s":[{"ui":"3270154","t":578044.0,"r":577494.0,"q":11.84,"p":363.0,"mot":"U","mo":577494.0},{"cn":"","ui":"","t":0.0,"r":0.0,"q":0.0,"p":0.0,"mot":"L","mo":0.0}]},{"d":"17.10.2015","r":584026.0,"q":11.91,"p":363.7,"s":[{"ui":"3270154","t":584529.0,"r":583979.0,"q":11.91,"p":363.0,"mot":"U","mo":583979.0},{"cn":"","ui":"","t":47.0,"r":47.0,"q":2.46,"p":9020.0,"mot":"L","mo":47.0}]},{"d":"18.10.2015","r":588464.0,"q":11.98,"p":363.0,"s":[{"ui":"3270154","t":590014.0,"r":588464.0,"q":11.98,"p":363.0,"mot":"U","mo":588464.0},{"cn":"","ui":"","t":0.0,"r":0.0,"q":0.0,"p":0.0,"mot":"L","mo":0.0}]},{"d":"19.10.2015","r":593949.0,"q":12.04,"p":363.0,"s":[{"ui":"3270154","t":595499.0,"r":593949.0,"q":12.04,"p":363.0,"mot":"U","mo":593949.0},{"cn":"","ui":"","t":0.0,"r":0.0,"q":0.0,"p":0.0,"mot":"L","mo":0.0}]},{"d":"20.10.2015","r":597434.0,"q":12.11,"p":363.0,"s":[{"ui":"3270154","t":599984.0,"r":597434.0,"q":12.11,"p":363.0,"mot":"U","mo":597434.0},{"cn":"","ui":"","t":0.0,"r":0.0,"q":0.0,"p":0.0,"mot":"L","mo":0.0}]},{"d":"21.10.2015","r":601919.0,"q":12.17,"p":363.0,"s":[{"ui":"3270154","t":604469.0,"r":601919.0,"q":12.17,"p":363.0,"mot":"U","mo":601919.0},{"cn":"","ui":"","t":0.0,"r":0.0,"q":0.0,"p":0.0,"mot":"L","mo":0.0}]},{"d":"22.10.2015","r":606404.0,"q":12.23,"p":363.0,"s":[{"ui":"3270154","t":608954.0,"r":606404.0,"q":12.23,"p":363.0,"mot":"U","mo":606404.0},{"cn":"","ui":"","t":0.0,"r":0.0,"q":0.0,"p":0.0,"mot":"L","mo":0.0}]},{"d":"23.10.2015","r":610936.0,"q":12.29,"p":363.66,"s":[{"ui":"3270154","t":613439.0,"r":610889.0,"q":12.29,"p":363.0,"mot":"U","mo":610889.0},{"cn":"","ui":"","t":47.0,"r":47.0,"q":2.46,"p":8930.0,"mot":"L","mo":47.0}]},{"d":"24.10.2015","r":615374.0,"q":12.35,"p":363.0,"s":[{"ui":"3270154","t":617924.0,"r":615374.0,"q":12.35,"p":363.0,"mot":"U","mo":615374.0},{"cn":"","ui":"","t":0.0,"r":0.0,"q":0.0,"p":0.0,"mot":"L","mo":0.0}]},{"d":"25.10.2015","r":620159.0,"q":12.41,"p":363.0,"s":[{"ui":"3270154","t":622409.0,"r":620159.0,"q":12.41,"p":363.0,"mot":"U","mo":620159.0},{"cn":"","ui":"","t":0.0,"r":0.0,"q":0.0,"p":0.0,"mot":"L","mo":0.0}]},{"d":"27.10.2015","r":627729.0,"q":12.52,"p":363.0,"s":[{"ui":"3270154","t":630979.0,"r":627729.0,"q":12.52,"p":363.0,"mot":"U","mo":627729.0},{"cn":"","ui":"","t":0.0,"r":0.0,"q":0.0,"p":0.0,"mot":"L","mo":0.0}]},{"d":"28.10.2015","r":631514.0,"q":12.58,"p":363.0,"s":[{"ui":"3270154","t":634764.0,"r":631514.0,"q":12.58,"p":363.0,"mot":"U","mo":631514.0},{"cn":"","ui":"","t":0.0,"r":0.0,"q":0.0,"p":0.0,"mot":"L","mo":0.0}]},{"d":"29.10.2015","r":635346.0,"q":12.63,"p":363.63,"s":[{"ui":"3270154","t":638549.0,"r":635299.0,"q":12.63,"p":363.0,"mot":"U","mo":635299.0},{"cn":"","ui":"","t":47.0,"r":47.0,"q":2.46,"p":8850.0,"mot":"L","mo":47.0}]},{"d":"30.10.2015","r":639084.0,"q":12.68,"p":363.0,"s":[{"ui":"3270154","t":642334.0,"r":639084.0,"q":12.68,"p":363.0,"mot":"U","mo":639084.0},{"cn":"","ui":"","t":0.0,"r":0.0,"q":0.0,"p":0.0,"mot":"L","mo":0.0}]},{"d":"31.10.2015","r":642869.0,"q":12.74,"p":363.0,"s":[{"ui":"3270154","t":646119.0,"r":642869.0,"q":12.74,"p":363.0,"mot":"U","mo":642869.0},{"cn":"","ui":"","t":0.0,"r":0.0,"q":0.0,"p":0.0,"mot":"L","mo":0.0}]},{"d":"01.11.2015","r":646654.0,"q":12.79,"p":363.0,"s":[{"ui":"3270154","t":649904.0,"r":646654.0,"q":12.79,"p":363.0,"mot":"U","mo":646654.0},{"cn":"","ui":"","t":0.0,"r":0.0,"q":0.0,"p":0.0,"mot":"L","mo":0.0}]},{"d":"02.11.2015","r":650439.0,"q":12.84,"p":363.0,"s":[{"ui":"3270154","t":653689.0,"r":650439.0,"q":12.84,"p":363.0,"mot":"U","mo":650439.0},{"cn":"","ui":"","t":0.0,"r":0.0,"q":0.0,"p":0.0,"mot":"L","mo":0.0}]},{"d":"03.11.2015","r":654224.0,"q":12.92,"p":363.0,"s":[{"ui":"3270154","t":657474.0,"r":654224.0,"q":12.92,"p":363.0,"mot":"U","mo":654224.0},{"cn":"","ui":"","t":0.0,"r":0.0,"q":0.0,"p":0.0,"mot":"L","mo":0.0}]},{"d":"04.11.2015","r":658261.0,"q":13.0,"p":363.0,"s":[{"ui":"3270154","t":661561.0,"r":658261.0,"q":13.0,"p":363.0,"mot":"U","mo":658261.0},{"cn":"","ui":"","t":0.0,"r":0.0,"q":0.0,"p":0.0,"mot":"L","mo":0.0}]},{"d":"05.11.2015","r":662395.0,"q":13.09,"p":363.6,"s":[{"ui":"3270154","t":665648.0,"r":662348.0,"q":13.09,"p":363.0,"mot":"U","mo":662348.0},{"cn":"","ui":"","t":47.0,"r":47.0,"q":2.46,"p":8770.0,"mot":"L","mo":47.0}]},{"d":"06.11.2015","r":666195.0,"q":13.17,"p":363.0,"s":[{"ui":"3270154","t":669615.0,"r":666195.0,"q":13.17,"p":363.0,"mot":"U","mo":666195.0},{"cn":"","ui":"","t":0.0,"r":0.0,"q":0.0,"p":0.0,"mot":"L","mo":0.0}]},{"d":"07.11.2015","r":670262.0,"q":13.25,"p":350.0,"s":[{"ui":"3270154","t":673632.0,"r":670262.0,"q":13.25,"p":350.0,"mot":"U","mo":670262.0},{"cn":"","ui":"","t":0.0,"r":0.0,"q":0.0,"p":0.0,"mot":"L","mo":0.0}]},{"d":"08.11.2015","r":672939.0,"q":13.32,"p":350.0,"s":[{"ui":"3270154","t":676979.0,"r":672939.0,"q":13.32,"p":350.0,"mot":"U","mo":672939.0},{"cn":"","ui":"","t":0.0,"r":0.0,"q":0.0,"p":0.0,"mot":"L","mo":0.0}]},{"d":"09.11.2015","r":674246.0,"q":13.4,"p":350.0,"s":[{"ui":"3270154","t":679306.0,"r":674246.0,"q":13.4,"p":350.0,"mot":"U","mo":674246.0},{"cn":"","ui":"","t":0.0,"r":0.0,"q":0.0,"p":0.0,"mot":"L","mo":0.0}]},{"d":"10.11.2015","r":663073.0,"q":13.48,"p":350.0,"s":[{"ui":"3270154","t":675883.0,"r":663073.0,"q":13.48,"p":350.0,"mot":"U","mo":663073.0},{"cn":"","ui":"","t":0.0,"r":0.0,"q":0.0,"p":0.0,"mot":"L","mo":0.0}]},{"d":"11.11.2015","r":657450.0,"q":13.55,"p":350.0,"s":[{"ui":"3270154","t":670360.0,"r":657450.0,"q":13.55,"p":350.0,"mot":"U","mo":657450.0},{"cn":"","ui":"","t":0.0,"r":0.0,"q":0.0,"p":0.0,"mot":"L","mo":0.0}]},{"d":"12.11.2015","r":661565.0,"q":13.63,"p":350.0,"s":[{"ui":"3270154","t":669656.0,"r":661565.0,"q":13.63,"p":350.0,"mot":"U","mo":661565.0},{"cn":"","ui":"","t":0.0,"r":0.0,"q":0.0,"p":0.0,"mot":"L","mo":0.0}]},{"d":"13.11.2015","r":660861.0,"q":13.7,"p":350.0,"s":[{"ui":"3270154","t":668952.0,"r":660861.0,"q":13.7,"p":350.0,"mot":"U","mo":660861.0},{"cn":"","ui":"","t":0.0,"r":0.0,"q":0.0,"p":0.0,"mot":"L","mo":0.0}]},{"d":"14.11.2015","r":660157.0,"q":13.78,"p":350.0,"s":[{"ui":"3270154","t":668248.0,"r":660157.0,"q":13.78,"p":350.0,"mot":"U","mo":660157.0},{"cn":"","ui":"","t":0.0,"r":0.0,"q":0.0,"p":0.0,"mot":"L","mo":0.0}]},{"d":"15.11.2015","r":659253.0,"q":13.85,"p":350.0,"s":[{"ui":"3270154","t":667444.0,"r":659253.0,"q":13.85,"p":350.0,"mot":"U","mo":659253.0},{"cn":"","ui":"","t":0.0,"r":0.0,"q":0.0,"p":0.0,"mot":"L","mo":0.0}]},{"d":"16.11.2015","r":658449.0,"q":13.92,"p":350.0,"s":[{"ui":"3270154","t":666640.0,"r":658449.0,"q":13.92,"p":350.0,"mot":"U","mo":658449.0},{"cn":"","ui":"","t":0.0,"r":0.0,"q":0.0,"p":0.0,"mot":"L","mo":0.0}]},{"d":"17.11.2015","r":656845.0,"q":13.99,"p":350.0,"s":[{"ui":"3270154","t":665936.0,"r":656845.0,"q":13.99,"p":350.0,"mot":"U","mo":656845.0},{"cn":"","ui":"","t":0.0,"r":0.0,"q":0.0,"p":0.0,"mot":"L","mo":0.0}]},{"d":"14.12.2015","r":269701.0,"q":16.06,"p":350.0,"s":[{"ui":"3270154","t":314027.0,"r":269701.0,"q":16.06,"p":350.0,"mot":"U","mo":269701.0},{"cn":"","ui":"","t":0.0,"r":0.0,"q":0.0,"p":0.0,"mot":"L","mo":0.0}]},{"d":"15.12.2015","r":241331.0,"q":16.26,"p":350.0,"s":[{"ui":"3270154","t":277557.0,"r":241331.0,"q":16.26,"p":350.0,"mot":"U","mo":241331.0},{"cn":"","ui":"","t":0.0,"r":0.0,"q":0.0,"p":0.0,"mot":"L","mo":0.0}]},{"d":"16.12.2015","r":211061.0,"q":16.48,"p":350.0,"s":[{"ui":"3270154","t":248187.0,"r":211061.0,"q":16.48,"p":350.0,"mot":"U","mo":211061.0},{"cn":"","ui":"","t":0.0,"r":0.0,"q":0.0,"p":0.0,"mot":"L","mo":0.0}]},{"d":"17.12.2015","r":182491.0,"q":16.73,"p":350.0,"s":[{"ui":"3270154","t":218817.0,"r":182491.0,"q":16.73,"p":350.0,"mot":"U","mo":182491.0},{"cn":"","ui":"","t":0.0,"r":0.0,"q":0.0,"p":0.0,"mot":"L","mo":0.0}]},{"d":"18.12.2015","r":77767.0,"q":17.06,"p":350.0,"s":[{"ui":"3270154","t":152520.0,"r":77767.0,"q":17.06,"p":350.0,"mot":"U","mo":77767.0},{"cn":"","ui":"","t":0.0,"r":0.0,"q":0.0,"p":0.0,"mot":"L","mo":0.0}]},{"d":"19.12.2015","r":9667.0,"q":17.57,"p":390.55,"s":[{"ui":"3270154","t":84473.0,"r":9620.0,"q":17.64,"p":350.0,"mot":"U","mo":9620.0},{"cn":"","ui":"","t":47.0,"r":47.0,"q":2.46,"p":8690.0,"mot":"L","mo":47.0}]},{"d":"20.12.2015","r":48.0,"q":2.5,"p":8690.0,"s":[{"ui":"3177251","t":48.0,"r":48.0,"q":2.5,"p":8690.0,"mot":"U","mo":48.0},{"cn":"","ui":"","t":0.0,"r":0.0,"q":0.0,"p":0.0,"mot":"L","mo":0.0}]},{"d":"21.12.2015","r":49.0,"q":2.53,"p":8690.0,"s":[{"ui":"3177251","t":49.0,"r":49.0,"q":2.53,"p":8690.0,"mot":"U","mo":49.0},{"cn":"","ui":"","t":0.0,"r":0.0,"q":0.0,"p":0.0,"mot":"L","mo":0.0}]},{"d":"22.12.2015","r":46.0,"q":2.56,"p":8690.0,"s":[{"ui":"3177251","t":48.0,"r":46.0,"q":2.56,"p":8690.0,"mot":"U","mo":46.0},{"cn":"","ui":"","t":0.0,"r":0.0,"q":0.0,"p":0.0,"mot":"L","mo":0.0}]},{"d":"23.12.2015","r":45.0,"q":2.6,"p":8690.0,"s":[{"ui":"3177251","t":47.0,"r":45.0,"q":2.6,"p":8690.0,"mot":"U","mo":45.0},{"cn":"","ui":"","t":0.0,"r":0.0,"q":0.0,"p":0.0,"mot":"L","mo":0.0}]},{"d":"24.12.2015","r":42.0,"q":2.63,"p":8690.0,"s":[{"ui":"3177251","t":45.0,"r":42.0,"q":2.63,"p":8690.0,"mot":"U","mo":42.0},{"cn":"","ui":"","t":0.0,"r":0.0,"q":0.0,"p":0.0,"mot":"L","mo":0.0}]},{"d":"25.12.2015","r":38.0,"q":2.67,"p":8690.0,"s":[{"ui":"3177251","t":42.0,"r":38.0,"q":2.67,"p":8690.0,"mot":"U","mo":38.0},{"cn":"","ui":"","t":0.0,"r":0.0,"q":0.0,"p":0.0,"mot":"L","mo":0.0}]},{"d":"26.12.2015","r":35.0,"q":2.71,"p":8690.0,"s":[{"ui":"3177251","t":39.0,"r":35.0,"q":2.71,"p":8690.0,"mot":"U","mo":35.0},{"cn":"","ui":"","t":0.0,"r":0.0,"q":0.0,"p":0.0,"mot":"L","mo":0.0}]},{"d":"28.12.2015","r":29.0,"q":2.87,"p":8690.0,"s":[{"ui":"3177251","t":33.0,"r":29.0,"q":2.87,"p":8690.0,"mot":"U","mo":29.0},{"cn":"","ui":"","t":0.0,"r":0.0,"q":0.0,"p":0.0,"mot":"L","mo":0.0}]},{"d":"29.12.2015","r":26.0,"q":2.96,"p":8690.0,"s":[{"ui":"3177251","t":30.0,"r":26.0,"q":2.96,"p":8690.0,"mot":"U","mo":26.0},{"cn":"","ui":"","t":0.0,"r":0.0,"q":0.0,"p":0.0,"mot":"L","mo":0.0}]},{"d":"30.12.2015","r":23.0,"q":3.06,"p":8690.0,"s":[{"ui":"3177251","t":27.0,"r":23.0,"q":3.06,"p":8690.0,"mot":"U","mo":23.0},{"cn":"","ui":"","t":0.0,"r":0.0,"q":0.0,"p":0.0,"mot":"L","mo":0.0}]},{"d":"31.12.2015","r":16.0,"q":3.18,"p":8690.0,"s":[{"ui":"3177251","t":22.0,"r":16.0,"q":3.18,"p":8690.0,"mot":"U","mo":16.0},{"cn":"","ui":"","t":0.0,"r":0.0,"q":0.0,"p":0.0,"mot":"L","mo":0.0}]},{"d":"01.01.2016","r":17.0,"q":3.18,"p":8690.0,"s":[{"ui":"3177251","t":22.0,"r":17.0,"q":3.18,"p":8690.0,"mot":"U","mo":17.0},{"cn":"","ui":"","t":0.0,"r":0.0,"q":0.0,"p":0.0,"mot":"L","mo":0.0}]},{"d":"02.01.2016","r":13.0,"q":3.31,"p":8690.0,"s":[{"ui":"3177251","t":18.0,"r":13.0,"q":3.31,"p":8690.0,"mot":"U","mo":13.0},{"cn":"","ui":"","t":0.0,"r":0.0,"q":0.0,"p":0.0,"mot":"L","mo":0.0}]},{"d":"03.01.2016","r":11.0,"q":3.47,"p":8690.0,"s":[{"ui":"3177251","t":15.0,"r":11.0,"q":3.47,"p":8690.0,"mot":"U","mo":11.0},{"cn":"","ui":"","t":0.0,"r":0.0,"q":0.0,"p":0.0,"mot":"L","mo":0.0}]},{"d":"04.01.2016","r":8.0,"q":3.65,"p":8690.0,"s":[{"ui":"3177251","t":12.0,"r":8.0,"q":3.65,"p":8690.0,"mot":"U","mo":8.0},{"cn":"","ui":"","t":0.0,"r":0.0,"q":0.0,"p":0.0,"mot":"L","mo":0.0}]},{"d":"05.01.2016","r":5.0,"q":3.87,"p":8690.0,"s":[{"ui":"3177251","t":9.0,"r":5.0,"q":3.87,"p":8690.0,"mot":"U","mo":5.0},{"cn":"","ui":"","t":0.0,"r":0.0,"q":0.0,"p":0.0,"mot":"L","mo":0.0}]},{"d":"20.01.2016","r":12.0,"q":5.94,"p":8690.0,"s":[{"ui":"3177251","t":14.0,"r":12.0,"q":5.94,"p":8690.0,"mot":"U","mo":12.0},{"cn":"","ui":"","t":0.0,"r":0.0,"q":0.0,"p":0.0,"mot":"L","mo":0.0}]},{"d":"22.01.2016","r":18.0,"q":5.96,"p":8690.0,"s":[{"ui":"3177251","t":20.0,"r":18.0,"q":5.96,"p":8690.0,"mot":"U","mo":18.0},{"cn":"","ui":"","t":0.0,"r":0.0,"q":0.0,"p":0.0,"mot":"L","mo":0.0}]},{"d":"23.01.2016","r":3.0,"q":5.98,"p":8690.0,"s":[{"ui":"3177251","t":5.0,"r":3.0,"q":5.98,"p":8690.0,"mot":"U","mo":3.0},{"cn":"","ui":"","t":0.0,"r":0.0,"q":0.0,"p":0.0,"mot":"L","mo":0.0}]},{"d":"24.01.2016","r":6.0,"q":5.99,"p":8690.0,"s":[{"ui":"3177251","t":8.0,"r":6.0,"q":5.99,"p":8690.0,"mot":"U","mo":6.0},{"cn":"","ui":"","t":0.0,"r":0.0,"q":0.0,"p":0.0,"mot":"L","mo":0.0}]},{"d":"25.01.2016","r":9.0,"q":5.99,"p":8690.0,"s":[{"ui":"3177251","t":11.0,"r":9.0,"q":5.99,"p":8690.0,"mot":"U","mo":9.0},{"cn":"","ui":"","t":0.0,"r":0.0,"q":0.0,"p":0.0,"mot":"L","mo":0.0}]},{"d":"26.01.2016","r":12.0,"q":6.0,"p":8690.0,"s":[{"ui":"3177251","t":14.0,"r":12.0,"q":6.0,"p":8690.0,"mot":"U","mo":12.0},{"cn":"","ui":"","t":0.0,"r":0.0,"q":0.0,"p":0.0,"mot":"L","mo":0.0}]},{"d":"27.01.2016","r":15.0,"q":6.01,"p":8690.0,"s":[{"ui":"3177251","t":17.0,"r":15.0,"q":6.01,"p":8690.0,"mot":"U","mo":15.0},{"cn":"","ui":"","t":0.0,"r":0.0,"q":0.0,"p":0.0,"mot":"L","mo":0.0}]},{"d":"28.01.2016","r":18.0,"q":6.01,"p":8690.0,"s":[{"ui":"3177251","t":20.0,"r":18.0,"q":6.01,"p":8690.0,"mot":"U","mo":18.0},{"cn":"","ui":"","t":0.0,"r":0.0,"q":0.0,"p":0.0,"mot":"L","mo":0.0}]},{"d":"29.01.2016","r":21.0,"q":6.02,"p":8690.0,"s":[{"ui":"3177251","t":23.0,"r":21.0,"q":6.02,"p":8690.0,"mot":"U","mo":21.0},{"cn":"","ui":"","t":0.0,"r":0.0,"q":0.0,"p":0.0,"mot":"L","mo":0.0}]},{"d":"30.01.2016","r":24.0,"q":6.02,"p":8690.0,"s":[{"ui":"3177251","t":26.0,"r":24.0,"q":6.02,"p":8690.0,"mot":"U","mo":24.0},{"cn":"","ui":"","t":0.0,"r":0.0,"q":0.0,"p":0.0,"mot":"L","mo":0.0}]},{"d":"31.01.2016","r":3.0,"q":6.05,"p":8690.0,"s":[{"ui":"3177251","t":5.0,"r":3.0,"q":6.05,"p":8690.0,"mot":"U","mo":3.0},{"cn":"","ui":"","t":0.0,"r":0.0,"q":0.0,"p":0.0,"mot":"L","mo":0.0}]},{"d":"03.02.2016","r":3.0,"q":6.06,"p":8690.0,"s":[{"ui":"3177251","t":5.0,"r":3.0,"q":6.06,"p":8690.0,"mot":"U","mo":3.0},{"cn":"","ui":"","t":0.0,"r":0.0,"q":0.0,"p":0.0,"mot":"L","mo":0.0}]},{"d":"04.02.2016","r":1.0,"q":6.06,"p":8690.0,"s":[{"ui":"3177251","t":8.0,"r":1.0,"q":6.06,"p":8690.0,"mot":"U","mo":1.0},{"cn":"","ui":"","t":0.0,"r":0.0,"q":0.0,"p":0.0,"mot":"L","mo":0.0}]},{"d":"02.07.2016","r":2.0,"q":7.6,"p":8690.0,"s":[{"ui":"3177251","t":4.0,"r":2.0,"q":7.6,"p":8690.0,"mot":"U","mo":2.0},{"cn":"","ui":"","t":0.0,"r":0.0,"q":0.0,"p":0.0,"mot":"L","mo":0.0}]},{"d":"03.07.2016","r":4.0,"q":7.6,"p":8690.0,"s":[{"ui":"3177251","t":6.0,"r":4.0,"q":7.6,"p":8690.0,"mot":"U","mo":4.0},{"cn":"","ui":"","t":0.0,"r":0.0,"q":0.0,"p":0.0,"mot":"L","mo":0.0}]},{"d":"26.07.2016","r":4.0,"q":7.67,"p":8690.0,"s":[{"ui":"3177251","t":10.0,"r":4.0,"q":7.67,"p":8690.0,"mot":"U","mo":4.0},{"cn":"","ui":"","t":0.0,"r":0.0,"q":0.0,"p":0.0,"mot":"L","mo":0.0}]},{"d":"27.07.2016","r":8.0,"q":8.35,"p":8690.0,"s":[{"ui":"3177251","t":14.0,"r":8.0,"q":8.35,"p":8690.0,"mot":"U","mo":8.0},{"cn":"","ui":"","t":0.0,"r":0.0,"q":0.0,"p":0.0,"mot":"L","mo":0.0}]},{"d":"28.07.2016","r":12.0,"q":8.51,"p":8690.0,"s":[{"ui":"3177251","t":18.0,"r":12.0,"q":8.51,"p":8690.0,"mot":"U","mo":12.0},{"cn":"","ui":"","t":0.0,"r":0.0,"q":0.0,"p":0.0,"mot":"L","mo":0.0}]},{"d":"29.07.2016","r":12.0,"q":8.58,"p":8690.0,"s":[{"ui":"3177251","t":20.0,"r":12.0,"q":8.58,"p":8690.0,"mot":"U","mo":12.0},{"cn":"","ui":"","t":0.0,"r":0.0,"q":0.0,"p":0.0,"mot":"L","mo":0.0}]},{"d":"30.07.2016","r":14.0,"q":8.61,"p":8690.0,"s":[{"ui":"3177251","t":22.0,"r":14.0,"q":8.61,"p":8690.0,"mot":"U","mo":14.0},{"cn":"","ui":"","t":0.0,"r":0.0,"q":0.0,"p":0.0,"mot":"L","mo":0.0}]},{"d":"01.08.2016","r":12.0,"q":8.64,"p":8690.0,"s":[{"ui":"3177251","t":22.0,"r":12.0,"q":8.64,"p":8690.0,"mot":"U","mo":12.0},{"cn":"","ui":"","t":0.0,"r":0.0,"q":0.0,"p":0.0,"mot":"L","mo":0.0}]},{"d":"02.08.2016","r":8.0,"q":8.65,"p":8690.0,"s":[{"ui":"3177251","t":20.0,"r":8.0,"q":8.65,"p":8690.0,"mot":"U","mo":8.0},{"cn":"","ui":"","t":0.0,"r":0.0,"q":0.0,"p":0.0,"mot":"L","mo":0.0}]},{"d":"03.08.2016","r":6.0,"q":8.66,"p":8690.0,"s":[{"ui":"3177251","t":18.0,"r":6.0,"q":8.66,"p":8690.0,"mot":"U","mo":6.0},{"cn":"","ui":"","t":0.0,"r":0.0,"q":0.0,"p":0.0,"mot":"L","mo":0.0}]},{"d":"25.02.2017","r":10.0,"q":11.02,"p":8690.0,"s":[{"ui":"3177251","t":20.0,"r":10.0,"q":11.02,"p":8690.0,"mot":"U","mo":10.0},{"cn":"","ui":"","t":0.0,"r":0.0,"q":0.0,"p":0.0,"mot":"L","mo":0.0}]},{"d":"26.02.2017","r":20.0,"q":11.02,"p":8690.0,"s":[{"ui":"3177251","t":30.0,"r":20.0,"q":11.02,"p":8690.0,"mot":"U","mo":20.0},{"cn":"","ui":"","t":0.0,"r":0.0,"q":0.0,"p":0.0,"mot":"L","mo":0.0}]},{"d":"27.02.2017","r":30.0,"q":11.02,"p":8690.0,"s":[{"ui":"3177251","t":40.0,"r":30.0,"q":11.02,"p":8690.0,"mot":"U","mo":30.0},{"cn":"","ui":"","t":0.0,"r":0.0,"q":0.0,"p":0.0,"mot":"L","mo":0.0}]},{"d":"28.02.2017","r":40.0,"q":11.03,"p":8690.0,"s":[{"ui":"3177251","t":50.0,"r":40.0,"q":11.03,"p":8690.0,"mot":"U","mo":40.0},{"cn":"","ui":"","t":0.0,"r":0.0,"q":0.0,"p":0.0,"mot":"L","mo":0.0}]},{"d":"01.03.2017","r":50.0,"q":11.03,"p":8690.0,"s":[{"ui":"3177251","t":60.0,"r":50.0,"q":11.03,"p":8690.0,"mot":"U","mo":50.0},{"cn":"","ui":"","t":0.0,"r":0.0,"q":0.0,"p":0.0,"mot":"L","mo":0.0}]},{"d":"02.03.2017","r":56.0,"q":11.03,"p":8690.0,"s":[{"ui":"3177251","t":68.0,"r":56.0,"q":11.03,"p":8690.0,"mot":"U","mo":56.0},{"cn":"","ui":"","t":0.0,"r":0.0,"q":0.0,"p":0.0,"mot":"L","mo":0.0}]},{"d":"03.03.2017","r":19.0,"q":11.04,"p":8690.0,"s":[{"cn":"Ackermann Industries International","ui":"3177251","t":51.0,"r":19.0,"q":11.04,"p":8690.0,"mot":"U","mo":19.0},{"cn":"","ui":"","t":0.0,"r":0.0,"q":0.0,"p":0.0,"mot":"L","mo":0.0}]},{"d":"26.04.2017","r":9371.0,"q":44.13,"p":429.26,"s":[{"cn":"Maxi-Co LTD","ui":"3316167","t":10914.0,"r":914.0,"q":47.06,"p":700.0,"mot":"U","mo":914.0},{"cn":"T9","ui":"3765568","t":8507.0,"r":8457.0,"q":43.81,"p":400.0,"mot":"U","mo":8457.0},{"cn":"","ui":"","t":0.0,"r":0.0,"q":0.0,"p":0.0,"mot":"L","mo":0.0}]},{"d":"27.04.2017","r":1828.0,"q":47.06,"p":700.0,"s":[{"cn":"Maxi-Co LTD","ui":"3316167","t":11828.0,"r":1828.0,"q":47.06,"p":700.0,"mot":"U","mo":1828.0},{"cn":"","ui":"","t":0.0,"r":0.0,"q":0.0,"p":0.0,"mot":"L","mo":0.0}]},{"d":"28.04.2017","r":2702.0,"q":47.06,"p":700.0,"s":[{"cn":"Maxi-Co LTD","ui":"3316167","t":12702.0,"r":2702.0,"q":47.06,"p":700.0,"mot":"U","mo":2702.0},{"cn":"","ui":"","t":0.0,"r":0.0,"q":0.0,"p":0.0,"mot":"L","mo":0.0}]},{"d":"29.04.2017","r":3616.0,"q":47.06,"p":700.0,"s":[{"cn":"Maxi-Co LTD","ui":"3316167","t":13616.0,"r":3616.0,"q":47.06,"p":700.0,"mot":"U","mo":3616.0},{"cn":"","ui":"","t":0.0,"r":0.0,"q":0.0,"p":0.0,"mot":"L","mo":0.0}]},{"d":"01.05.2017","r":5444.0,"q":47.06,"p":700.0,"s":[{"cn":"Maxi-Co LTD","ui":"3316167","t":15444.0,"r":5444.0,"q":47.06,"p":700.0,"mot":"U","mo":5444.0},{"cn":"","ui":"","t":0.0,"r":0.0,"q":0.0,"p":0.0,"mot":"L","mo":0.0}]},{"d":"02.05.2017","r":6358.0,"q":47.06,"p":700.0,"s":[{"cn":"Maxi-Co LTD","ui":"3316167","t":16358.0,"r":6358.0,"q":47.06,"p":700.0,"mot":"U","mo":6358.0},{"cn":"","ui":"","t":0.0,"r":0.0,"q":0.0,"p":0.0,"mot":"L","mo":0.0}]},{"d":"03.05.2017","r":7272.0,"q":47.06,"p":700.0,"s":[{"cn":"Maxi-Co LTD","ui":"3316167","t":17272.0,"r":7272.0,"q":47.06,"p":700.0,"mot":"U","mo":7272.0},{"cn":"","ui":"","t":0.0,"r":0.0,"q":0.0,"p":0.0,"mot":"L","mo":0.0}]},{"d":"04.05.2017","r":8186.0,"q":47.06,"p":700.0,"s":[{"cn":"Maxi-Co LTD","ui":"3316167","t":18186.0,"r":8186.0,"q":47.06,"p":700.0,"mot":"U","mo":8186.0},{"cn":"","ui":"","t":0.0,"r":0.0,"q":0.0,"p":0.0,"mot":"L","mo":0.0}]},{"d":"06.05.2017","r":10014.0,"q":47.06,"p":700.0,"s":[{"cn":"Maxi-Co LTD","ui":"3316167","t":20014.0,"r":10014.0,"q":47.06,"p":700.0,"mot":"U","mo":10014.0},{"cn":"","ui":"","t":0.0,"r":0.0,"q":0.0,"p":0.0,"mot":"L","mo":0.0}]},{"d":"08.05.2017","r":10928.0,"q":47.06,"p":700.0,"s":[{"cn":"Maxi-Co LTD","ui":"3316167","t":20928.0,"r":10928.0,"q":47.06,"p":700.0,"mot":"U","mo":10928.0},{"cn":"","ui":"","t":0.0,"r":0.0,"q":0.0,"p":0.0,"mot":"L","mo":0.0}]},{"d":"16.06.2017","r":20.0,"q":11.98,"p":8690.0,"s":[{"cn":"Ackermann Industries International","ui":"3177251","t":40.0,"r":20.0,"q":11.98,"p":8690.0,"mot":"U","mo":20.0},{"cn":"","ui":"","t":0.0,"r":0.0,"q":0.0,"p":0.0,"mot":"L","mo":0.0}]},{"d":"17.06.2017","r":30.0,"q":11.96,"p":8690.0,"s":[{"cn":"Ackermann Industries International","ui":"3177251","t":50.0,"r":30.0,"q":11.96,"p":8690.0,"mot":"U","mo":30.0},{"cn":"","ui":"","t":0.0,"r":0.0,"q":0.0,"p":0.0,"mot":"L","mo":0.0}]},{"d":"21.07.2017","r":30.0,"q":12.89,"p":8690.0,"s":[{"cn":"Ackermann Industries International","ui":"3177251","t":50.0,"r":30.0,"q":12.89,"p":8690.0,"mot":"U","mo":30.0},{"cn":"","ui":"","t":0.0,"r":0.0,"q":0.0,"p":0.0,"mot":"L","mo":0.0}]},{"d":"22.07.2017","r":40.0,"q":12.89,"p":8690.0,"s":[{"cn":"Ackermann Industries International","ui":"3177251","t":60.0,"r":40.0,"q":12.89,"p":8690.0,"mot":"U","mo":40.0},{"cn":"","ui":"","t":0.0,"r":0.0,"q":0.0,"p":0.0,"mot":"L","mo":0.0}]},{"d":"23.07.2017","r":50.0,"q":12.9,"p":8690.0,"s":[{"cn":"Ackermann Industries International","ui":"3177251","t":70.0,"r":50.0,"q":12.9,"p":8690.0,"mot":"U","mo":50.0},{"cn":"","ui":"","t":0.0,"r":0.0,"q":0.0,"p":0.0,"mot":"L","mo":0.0}]},{"d":"24.07.2017","r":60.0,"q":12.9,"p":8690.0,"s":[{"cn":"Ackermann Industries International","ui":"3177251","t":80.0,"r":60.0,"q":12.9,"p":8690.0,"mot":"U","mo":60.0},{"cn":"","ui":"","t":0.0,"r":0.0,"q":0.0,"p":0.0,"mot":"L","mo":0.0}]},{"d":"25.07.2017","r":70.0,"q":12.9,"p":8610.0,"s":[{"cn":"Ackermann Industries International","ui":"3177251","t":90.0,"r":70.0,"q":12.9,"p":8610.0,"mot":"U","mo":70.0},{"cn":"","ui":"","t":0.0,"r":0.0,"q":0.0,"p":0.0,"mot":"L","mo":0.0}]},{"d":"26.07.2017","r":80.0,"q":12.91,"p":8610.0,"s":[{"cn":"Ackermann Industries International","ui":"3177251","t":100.0,"r":80.0,"q":12.91,"p":8610.0,"mot":"U","mo":80.0},{"cn":"","ui":"","t":0.0,"r":0.0,"q":0.0,"p":0.0,"mot":"L","mo":0.0}]},{"d":"27.07.2017","r":90.0,"q":12.91,"p":8610.0,"s":[{"cn":"Ackermann Industries International","ui":"3177251","t":110.0,"r":90.0,"q":12.91,"p":8610.0,"mot":"U","mo":90.0},{"cn":"","ui":"","t":0.0,"r":0.0,"q":0.0,"p":0.0,"mot":"L","mo":0.0}]},{"d":"27.08.2017","r":400.0,"q":13.97,"p":8530.0,"s":[{"cn":"Ackermann Industries International","ui":"3177251","t":420.0,"r":400.0,"q":13.97,"p":8530.0,"mot":"U","mo":400.0},{"cn":"","ui":"","t":0.0,"r":0.0,"q":0.0,"p":0.0,"mot":"L","mo":0.0}]},{"d":"28.08.2017","r":410.0,"q":13.98,"p":8530.0,"s":[{"cn":"Ackermann Industries International","ui":"3177251","t":430.0,"r":410.0,"q":13.98,"p":8530.0,"mot":"U","mo":410.0},{"cn":"","ui":"","t":0.0,"r":0.0,"q":0.0,"p":0.0,"mot":"L","mo":0.0}]},{"d":"29.08.2017","r":420.0,"q":13.99,"p":8530.0,"s":[{"cn":"Ackermann Industries International","ui":"3177251","t":440.0,"r":420.0,"q":13.99,"p":8530.0,"mot":"U","mo":420.0},{"cn":"","ui":"","t":0.0,"r":0.0,"q":0.0,"p":0.0,"mot":"L","mo":0.0}]},{"d":"30.08.2017","r":430.0,"q":14.0,"p":8530.0,"s":[{"cn":"Ackermann Industries International","ui":"3177251","t":450.0,"r":430.0,"q":14.0,"p":8530.0,"mot":"U","mo":430.0},{"cn":"","ui":"","t":0.0,"r":0.0,"q":0.0,"p":0.0,"mot":"L","mo":0.0}]},{"d":"31.08.2017","r":440.0,"q":14.0,"p":8530.0,"s":[{"cn":"Ackermann Industries International","ui":"3177251","t":460.0,"r":440.0,"q":14.0,"p":8530.0,"mot":"U","mo":440.0},{"cn":"","ui":"","t":0.0,"r":0.0,"q":0.0,"p":0.0,"mot":"L","mo":0.0}]},{"d":"01.09.2017","r":450.0,"q":14.0,"p":8530.0,"s":[{"cn":"Ackermann Industries International","ui":"3177251","t":470.0,"r":450.0,"q":14.0,"p":8530.0,"mot":"U","mo":450.0},{"cn":"","ui":"","t":0.0,"r":0.0,"q":0.0,"p":0.0,"mot":"L","mo":0.0}]},{"d":"02.09.2017","r":460.0,"q":14.0,"p":8530.0,"s":[{"cn":"Ackermann Industries International","ui":"3177251","t":480.0,"r":460.0,"q":14.0,"p":8530.0,"mot":"U","mo":460.0},{"cn":"","ui":"","t":0.0,"r":0.0,"q":0.0,"p":0.0,"mot":"L","mo":0.0}]},{"d":"08.11.2017","r":480.0,"q":14.01,"p":8530.0,"s":[{"cn":"Ackermann Industries International","ui":"3177251","t":500.0,"r":480.0,"q":14.01,"p":8530.0,"mot":"U","mo":480.0},{"cn":"","ui":"","t":0.0,"r":0.0,"q":0.0,"p":0.0,"mot":"L","mo":0.0}]},{"d":"14.11.2017","r":230.0,"q":13.56,"p":8610.0,"s":[{"cn":"Ackermann Industries International","ui":"3177251","t":250.0,"r":230.0,"q":13.56,"p":8610.0,"mot":"U","mo":230.0},{"cn":"","ui":"","t":0.0,"r":0.0,"q":0.0,"p":0.0,"mot":"L","mo":0.0}]},{"d":"27.11.2017","r":120.0,"q":14.57,"p":8530.0,"s":[{"cn":"Ackermann Industries International","ui":"3177251","t":120.0,"r":120.0,"q":14.57,"p":8530.0,"mot":"U","mo":120.0},{"cn":"","ui":"","t":0.0,"r":0.0,"q":0.0,"p":0.0,"mot":"L","mo":0.0}]},{"d":"28.11.2017","r":160.0,"q":14.57,"p":8530.0,"s":[{"cn":"Ackermann Industries International","ui":"3177251","t":160.0,"r":160.0,"q":14.57,"p":8530.0,"mot":"U","mo":160.0},{"cn":"","ui":"","t":0.0,"r":0.0,"q":0.0,"p":0.0,"mot":"L","mo":0.0}]},{"d":"29.11.2017","r":200.0,"q":14.58,"p":8530.0,"s":[{"cn":"Ackermann Industries International","ui":"3177251","t":200.0,"r":200.0,"q":14.58,"p":8530.0,"mot":"U","mo":200.0},{"cn":"","ui":"","t":0.0,"r":0.0,"q":0.0,"p":0.0,"mot":"L","mo":0.0}]},{"d":"30.11.2017","r":240.0,"q":14.58,"p":8530.0,"s":[{"cn":"Ackermann Industries International","ui":"3177251","t":240.0,"r":240.0,"q":14.58,"p":8530.0,"mot":"U","mo":240.0},{"cn":"","ui":"","t":0.0,"r":0.0,"q":0.0,"p":0.0,"mot":"L","mo":0.0}]},{"d":"01.12.2017","r":280.0,"q":14.59,"p":8530.0,"s":[{"cn":"Ackermann Industries International","ui":"3177251","t":280.0,"r":280.0,"q":14.59,"p":8530.0,"mot":"U","mo":280.0},{"cn":"","ui":"","t":0.0,"r":0.0,"q":0.0,"p":0.0,"mot":"L","mo":0.0}]},{"d":"04.12.2017","r":400.0,"q":14.6,"p":8530.0,"s":[{"cn":"Ackermann Industries International","ui":"3177251","t":400.0,"r":400.0,"q":14.6,"p":8530.0,"mot":"U","mo":400.0},{"cn":"","ui":"","t":0.0,"r":0.0,"q":0.0,"p":0.0,"mot":"L","mo":0.0}]},{"d":"05.12.2017","r":440.0,"q":14.6,"p":8530.0,"s":[{"cn":"Ackermann Industries International","ui":"3177251","t":440.0,"r":440.0,"q":14.6,"p":8530.0,"mot":"U","mo":440.0},{"cn":"","ui":"","t":0.0,"r":0.0,"q":0.0,"p":0.0,"mot":"L","mo":0.0}]},{"d":"06.12.2017","r":480.0,"q":14.61,"p":8530.0,"s":[{"cn":"Ackermann Industries International","ui":"3177251","t":480.0,"r":480.0,"q":14.61,"p":8530.0,"mot":"U","mo":480.0},{"cn":"","ui":"","t":0.0,"r":0.0,"q":0.0,"p":0.0,"mot":"L","mo":0.0}]},{"d":"07.12.2017","r":520.0,"q":14.61,"p":8530.0,"s":[{"cn":"Ackermann Industries International","ui":"3177251","t":520.0,"r":520.0,"q":14.61,"p":8530.0,"mot":"U","mo":520.0},{"cn":"","ui":"","t":0.0,"r":0.0,"q":0.0,"p":0.0,"mot":"L","mo":0.0}]},{"d":"08.12.2017","r":560.0,"q":14.62,"p":8450.0,"s":[{"cn":"Ackermann Industries International","ui":"3177251","t":560.0,"r":560.0,"q":14.62,"p":8450.0,"mot":"U","mo":560.0},{"cn":"","ui":"","t":0.0,"r":0.0,"q":0.0,"p":0.0,"mot":"L","mo":0.0}]},{"d":"11.12.2017","r":680.0,"q":14.68,"p":8450.0,"s":[{"cn":"Ackermann Industries International","ui":"3177251","t":680.0,"r":680.0,"q":14.68,"p":8450.0,"mot":"U","mo":680.0},{"cn":"","ui":"","t":0.0,"r":0.0,"q":0.0,"p":0.0,"mot":"L","mo":0.0}]},{"d":"12.12.2017","r":720.0,"q":14.71,"p":8450.0,"s":[{"cn":"Ackermann Industries International","ui":"3177251","t":720.0,"r":720.0,"q":14.71,"p":8450.0,"mot":"U","mo":720.0},{"cn":"","ui":"","t":0.0,"r":0.0,"q":0.0,"p":0.0,"mot":"L","mo":0.0}]},{"d":"13.12.2017","r":760.0,"q":14.74,"p":8450.0,"s":[{"cn":"Ackermann Industries International","ui":"3177251","t":760.0,"r":760.0,"q":14.74,"p":8450.0,"mot":"U","mo":760.0},{"cn":"","ui":"","t":0.0,"r":0.0,"q":0.0,"p":0.0,"mot":"L","mo":0.0}]},{"d":"14.12.2017","r":800.0,"q":14.77,"p":8450.0,"s":[{"cn":"Ackermann Industries International","ui":"3177251","t":800.0,"r":800.0,"q":14.77,"p":8450.0,"mot":"U","mo":800.0},{"cn":"","ui":"","t":0.0,"r":0.0,"q":0.0,"p":0.0,"mot":"L","mo":0.0}]},{"d":"15.12.2017","r":840.0,"q":14.8,"p":8450.0,"s":[{"cn":"Ackermann Industries International","ui":"3177251","t":840.0,"r":840.0,"q":14.8,"p":8450.0,"mot":"U","mo":840.0},{"cn":"","ui":"","t":0.0,"r":0.0,"q":0.0,"p":0.0,"mot":"L","mo":0.0}]},{"d":"19.12.2017","r":1000.0,"q":14.91,"p":8450.0,"s":[{"cn":"Ackermann Industries International","ui":"3177251","t":1000.0,"r":1000.0,"q":14.91,"p":8450.0,"mot":"U","mo":1000.0},{"cn":"","ui":"","t":0.0,"r":0.0,"q":0.0,"p":0.0,"mot":"L","mo":0.0}]},{"d":"20.12.2017","r":1040.0,"q":14.94,"p":8450.0,"s":[{"cn":"Ackermann Industries International","ui":"3177251","t":1040.0,"r":1040.0,"q":14.94,"p":8450.0,"mot":"U","mo":1040.0},{"cn":"","ui":"","t":0.0,"r":0.0,"q":0.0,"p":0.0,"mot":"L","mo":0.0}]},{"d":"21.12.2017","r":1080.0,"q":14.97,"p":8450.0,"s":[{"cn":"Ackermann Industries International","ui":"3177251","t":1080.0,"r":1080.0,"q":14.97,"p":8450.0,"mot":"U","mo":1080.0},{"cn":"","ui":"","t":0.0,"r":0.0,"q":0.0,"p":0.0,"mot":"L","mo":0.0}]},{"d":"22.12.2017","r":1120.0,"q":14.99,"p":8450.0,"s":[{"cn":"Ackermann Industries International","ui":"3177251","t":1120.0,"r":1120.0,"q":14.99,"p":8450.0,"mot":"U","mo":1120.0},{"cn":"","ui":"","t":0.0,"r":0.0,"q":0.0,"p":0.0,"mot":"L","mo":0.0}]},{"d":"25.12.2017","r":1240.0,"q":15.07,"p":8450.0,"s":[{"cn":"Ackermann Industries International","ui":"3177251","t":1240.0,"r":1240.0,"q":15.07,"p":8450.0,"mot":"U","mo":1240.0},{"cn":"","ui":"","t":0.0,"r":0.0,"q":0.0,"p":0.0,"mot":"L","mo":0.0}]},{"d":"26.12.2017","r":1280.0,"q":15.09,"p":8370.0,"s":[{"cn":"Ackermann Industries International","ui":"3177251","t":1280.0,"r":1280.0,"q":15.09,"p":8370.0,"mot":"U","mo":1280.0},{"cn":"","ui":"","t":0.0,"r":0.0,"q":0.0,"p":0.0,"mot":"L","mo":0.0}]},{"d":"27.12.2017","r":1320.0,"q":15.11,"p":8370.0,"s":[{"cn":"Ackermann Industries International","ui":"3177251","t":1320.0,"r":1320.0,"q":15.11,"p":8370.0,"mot":"U","mo":1320.0},{"cn":"","ui":"","t":0.0,"r":0.0,"q":0.0,"p":0.0,"mot":"L","mo":0.0}]},{"d":"28.12.2017","r":1360.0,"q":15.13,"p":8370.0,"s":[{"cn":"Ackermann Industries International","ui":"3177251","t":1360.0,"r":1360.0,"q":15.13,"p":8370.0,"mot":"U","mo":1360.0},{"cn":"","ui":"","t":0.0,"r":0.0,"q":0.0,"p":0.0,"mot":"L","mo":0.0}]},{"d":"29.12.2017","r":1400.0,"q":15.15,"p":8370.0,"s":[{"cn":"Ackermann Industries International","ui":"3177251","t":1400.0,"r":1400.0,"q":15.15,"p":8370.0,"mot":"U","mo":1400.0},{"cn":"","ui":"","t":0.0,"r":0.0,"q":0.0,"p":0.0,"mot":"L","mo":0.0}]},{"d":"01.01.2018","r":1520.0,"q":15.21,"p":8370.0,"s":[{"cn":"Ackermann Industries International","ui":"3177251","t":1520.0,"r":1520.0,"q":15.21,"p":8370.0,"mot":"U","mo":1520.0},{"cn":"","ui":"","t":0.0,"r":0.0,"q":0.0,"p":0.0,"mot":"L","mo":0.0}]},{"d":"02.01.2018","r":1560.0,"q":15.22,"p":8370.0,"s":[{"cn":"Ackermann Industries International","ui":"3177251","t":1560.0,"r":1560.0,"q":15.22,"p":8370.0,"mot":"U","mo":1560.0},{"cn":"","ui":"","t":0.0,"r":0.0,"q":0.0,"p":0.0,"mot":"L","mo":0.0}]},{"d":"03.01.2018","r":1600.0,"q":15.24,"p":8370.0,"s":[{"cn":"Ackermann Industries International","ui":"3177251","t":1600.0,"r":1600.0,"q":15.24,"p":8370.0,"mot":"U","mo":1600.0},{"cn":"","ui":"","t":0.0,"r":0.0,"q":0.0,"p":0.0,"mot":"L","mo":0.0}]},{"d":"04.01.2018","r":1640.0,"q":15.26,"p":8370.0,"s":[{"cn":"Ackermann Industries International","ui":"3177251","t":1640.0,"r":1640.0,"q":15.26,"p":8370.0,"mot":"U","mo":1640.0},{"cn":"","ui":"","t":0.0,"r":0.0,"q":0.0,"p":0.0,"mot":"L","mo":0.0}]},{"d":"05.01.2018","r":1680.0,"q":15.27,"p":8370.0,"s":[{"cn":"Ackermann Industries International","ui":"3177251","t":1680.0,"r":1680.0,"q":15.27,"p":8370.0,"mot":"U","mo":1680.0},{"cn":"","ui":"","t":0.0,"r":0.0,"q":0.0,"p":0.0,"mot":"L","mo":0.0}]},{"d":"09.01.2018","r":1840.0,"q":15.33,"p":8370.0,"s":[{"cn":"Ackermann Industries International","ui":"3177251","t":1840.0,"r":1840.0,"q":15.33,"p":8370.0,"mot":"U","mo":1840.0},{"cn":"","ui":"","t":0.0,"r":0.0,"q":0.0,"p":0.0,"mot":"L","mo":0.0}]},{"d":"10.01.2018","r":1880.0,"q":15.34,"p":8370.0,"s":[{"cn":"Ackermann Industries International","ui":"3177251","t":1880.0,"r":1880.0,"q":15.34,"p":8370.0,"mot":"U","mo":1880.0},{"cn":"","ui":"","t":0.0,"r":0.0,"q":0.0,"p":0.0,"mot":"L","mo":0.0}]},{"d":"11.01.2018","r":1920.0,"q":15.35,"p":8370.0,"s":[{"cn":"Ackermann Industries International","ui":"3177251","t":1920.0,"r":1920.0,"q":15.35,"p":8370.0,"mot":"U","mo":1920.0},{"cn":"","ui":"","t":0.0,"r":0.0,"q":0.0,"p":0.0,"mot":"L","mo":0.0}]},{"d":"12.01.2018","r":1960.0,"q":15.37,"p":8370.0,"s":[{"cn":"Ackermann Industries International","ui":"3177251","t":1960.0,"r":1960.0,"q":15.37,"p":8370.0,"mot":"U","mo":1960.0},{"cn":"","ui":"","t":0.0,"r":0.0,"q":0.0,"p":0.0,"mot":"L","mo":0.0}]},{"d":"15.01.2018","r":2080.0,"q":15.4,"p":8290.0,"s":[{"cn":"Ackermann Industries International","ui":"3177251","t":2080.0,"r":2080.0,"q":15.4,"p":8290.0,"mot":"U","mo":2080.0},{"cn":"","ui":"","t":0.0,"r":0.0,"q":0.0,"p":0.0,"mot":"L","mo":0.0}]},{"d":"16.01.2018","r":2120.0,"q":15.41,"p":8290.0,"s":[{"cn":"Ackermann Industries International","ui":"3177251","t":2120.0,"r":2120.0,"q":15.41,"p":8290.0,"mot":"U","mo":2120.0},{"cn":"","ui":"","t":0.0,"r":0.0,"q":0.0,"p":0.0,"mot":"L","mo":0.0}]},{"d":"17.01.2018","r":2160.0,"q":15.42,"p":8290.0,"s":[{"cn":"Ackermann Industries International","ui":"3177251","t":2160.0,"r":2160.0,"q":15.42,"p":8290.0,"mot":"U","mo":2160.0},{"cn":"","ui":"","t":0.0,"r":0.0,"q":0.0,"p":0.0,"mot":"L","mo":0.0}]},{"d":"18.01.2018","r":2200.0,"q":15.43,"p":8290.0,"s":[{"cn":"Ackermann Industries International","ui":"3177251","t":2200.0,"r":2200.0,"q":15.43,"p":8290.0,"mot":"U","mo":2200.0},{"cn":"","ui":"","t":0.0,"r":0.0,"q":0.0,"p":0.0,"mot":"L","mo":0.0}]},{"d":"19.01.2018","r":2240.0,"q":15.44,"p":8290.0,"s":[{"cn":"Ackermann Industries International","ui":"3177251","t":2240.0,"r":2240.0,"q":15.44,"p":8290.0,"mot":"U","mo":2240.0},{"cn":"","ui":"","t":0.0,"r":0.0,"q":0.0,"p":0.0,"mot":"L","mo":0.0}]},{"d":"22.01.2018","r":2360.0,"q":15.47,"p":8290.0,"s":[{"cn":"Ackermann Industries International","ui":"3177251","t":2360.0,"r":2360.0,"q":15.47,"p":8290.0,"mot":"U","mo":2360.0},{"cn":"","ui":"","t":0.0,"r":0.0,"q":0.0,"p":0.0,"mot":"L","mo":0.0}]},{"d":"23.01.2018","r":2400.0,"q":15.48,"p":8290.0,"s":[{"cn":"Ackermann Industries International","ui":"3177251","t":2400.0,"r":2400.0,"q":15.48,"p":8290.0,"mot":"U","mo":2400.0},{"cn":"","ui":"","t":0.0,"r":0.0,"q":0.0,"p":0.0,"mot":"L","mo":0.0}]},{"d":"24.01.2018","r":2440.0,"q":15.49,"p":8290.0,"s":[{"cn":"Ackermann Industries International","ui":"3177251","t":2440.0,"r":2440.0,"q":15.49,"p":8290.0,"mot":"U","mo":2440.0},{"cn":"","ui":"","t":0.0,"r":0.0,"q":0.0,"p":0.0,"mot":"L","mo":0.0}]},{"d":"25.01.2018","r":2480.0,"q":15.5,"p":8290.0,"s":[{"cn":"Ackermann Industries International","ui":"3177251","t":2480.0,"r":2480.0,"q":15.5,"p":8290.0,"mot":"U","mo":2480.0},{"cn":"","ui":"","t":0.0,"r":0.0,"q":0.0,"p":0.0,"mot":"L","mo":0.0}]},{"d":"26.01.2018","r":2520.0,"q":15.51,"p":8290.0,"s":[{"cn":"Ackermann Industries International","ui":"3177251","t":2520.0,"r":2520.0,"q":15.51,"p":8290.0,"mot":"U","mo":2520.0},{"cn":"","ui":"","t":0.0,"r":0.0,"q":0.0,"p":0.0,"mot":"L","mo":0.0}]},{"d":"29.01.2018","r":2640.0,"q":15.53,"p":8290.0,"s":[{"cn":"Ackermann Industries International","ui":"3177251","t":2640.0,"r":2640.0,"q":15.53,"p":8290.0,"mot":"U","mo":2640.0},{"cn":"","ui":"","t":0.0,"r":0.0,"q":0.0,"p":0.0,"mot":"L","mo":0.0}]},{"d":"30.01.2018","r":2680.0,"q":15.54,"p":8290.0,"s":[{"cn":"Ackermann Industries International","ui":"3177251","t":2680.0,"r":2680.0,"q":15.54,"p":8290.0,"mot":"U","mo":2680.0},{"cn":"","ui":"","t":0.0,"r":0.0,"q":0.0,"p":0.0,"mot":"L","mo":0.0}]},{"d":"31.01.2018","r":2720.0,"q":15.55,"p":8290.0,"s":[{"cn":"Ackermann Industries International","ui":"3177251","t":2720.0,"r":2720.0,"q":15.55,"p":8290.0,"mot":"U","mo":2720.0},{"cn":"","ui":"","t":0.0,"r":0.0,"q":0.0,"p":0.0,"mot":"L","mo":0.0}]},{"d":"02.02.2018","r":2800.0,"q":15.56,"p":8290.0,"s":[{"cn":"Ackermann Industries International","ui":"3177251","t":2800.0,"r":2800.0,"q":15.56,"p":8290.0,"mot":"U","mo":2800.0},{"cn":"","ui":"","t":0.0,"r":0.0,"q":0.0,"p":0.0,"mot":"L","mo":0.0}]},{"d":"06.02.2018","r":2960.0,"q":15.59,"p":8210.0,"s":[{"cn":"Ackermann Industries International","ui":"3177251","t":2960.0,"r":2960.0,"q":15.59,"p":8210.0,"mot":"U","mo":2960.0},{"cn":"","ui":"","t":0.0,"r":0.0,"q":0.0,"p":0.0,"mot":"L","mo":0.0}]},{"d":"07.02.2018","r":3000.0,"q":15.6,"p":8210.0,"s":[{"cn":"Ackermann Industries International","ui":"3177251","t":3000.0,"r":3000.0,"q":15.6,"p":8210.0,"mot":"U","mo":3000.0},{"cn":"","ui":"","t":0.0,"r":0.0,"q":0.0,"p":0.0,"mot":"L","mo":0.0}]},{"d":"08.02.2018","r":3040.0,"q":15.61,"p":8210.0,"s":[{"cn":"Ackermann Industries International","ui":"3177251","t":3040.0,"r":3040.0,"q":15.61,"p":8210.0,"mot":"U","mo":3040.0},{"cn":"","ui":"","t":0.0,"r":0.0,"q":0.0,"p":0.0,"mot":"L","mo":0.0}]},{"d":"09.02.2018","r":3080.0,"q":15.62,"p":8210.0,"s":[{"cn":"Ackermann Industries International","ui":"3177251","t":3080.0,"r":3080.0,"q":15.62,"p":8210.0,"mot":"U","mo":3080.0},{"cn":"","ui":"","t":0.0,"r":0.0,"q":0.0,"p":0.0,"mot":"L","mo":0.0}]},{"d":"13.02.2018","r":3240.0,"q":15.65,"p":8210.0,"s":[{"cn":"Ackermann Industries International","ui":"3177251","t":3240.0,"r":3240.0,"q":15.65,"p":8210.0,"mot":"U","mo":3240.0},{"cn":"","ui":"","t":0.0,"r":0.0,"q":0.0,"p":0.0,"mot":"L","mo":0.0}]},{"d":"14.02.2018","r":3280.0,"q":15.66,"p":8210.0,"s":[{"cn":"Ackermann Industries International","ui":"3177251","t":3280.0,"r":3280.0,"q":15.66,"p":8210.0,"mot":"U","mo":3280.0},{"cn":"","ui":"","t":0.0,"r":0.0,"q":0.0,"p":0.0,"mot":"L","mo":0.0}]},{"d":"15.02.2018","r":3320.0,"q":15.66,"p":8210.0,"s":[{"cn":"Ackermann Industries International","ui":"3177251","t":3320.0,"r":3320.0,"q":15.66,"p":8210.0,"mot":"U","mo":3320.0},{"cn":"","ui":"","t":0.0,"r":0.0,"q":0.0,"p":0.0,"mot":"L","mo":0.0}]},{"d":"16.02.2018","r":3360.0,"q":15.67,"p":8210.0,"s":[{"cn":"Ackermann Industries International","ui":"3177251","t":3360.0,"r":3360.0,"q":15.67,"p":8210.0,"mot":"U","mo":3360.0},{"cn":"","ui":"","t":0.0,"r":0.0,"q":0.0,"p":0.0,"mot":"L","mo":0.0}]},{"d":"19.02.2018","r":3480.0,"q":15.7,"p":8210.0,"s":[{"cn":"Ackermann Industries International","ui":"3177251","t":3480.0,"r":3480.0,"q":15.7,"p":8210.0,"mot":"U","mo":3480.0},{"cn":"","ui":"","t":0.0,"r":0.0,"q":0.0,"p":0.0,"mot":"L","mo":0.0}]},{"d":"20.02.2018","r":3520.0,"q":15.7,"p":8210.0,"s":[{"cn":"Ackermann Industries International","ui":"3177251","t":3520.0,"r":3520.0,"q":15.7,"p":8210.0,"mot":"U","mo":3520.0},{"cn":"","ui":"","t":0.0,"r":0.0,"q":0.0,"p":0.0,"mot":"L","mo":0.0}]},{"d":"21.02.2018","r":3560.0,"q":15.71,"p":8210.0,"s":[{"cn":"Ackermann Industries International","ui":"3177251","t":3560.0,"r":3560.0,"q":15.71,"p":8210.0,"mot":"U","mo":3560.0},{"cn":"","ui":"","t":0.0,"r":0.0,"q":0.0,"p":0.0,"mot":"L","mo":0.0}]},{"d":"22.02.2018","r":3600.0,"q":15.72,"p":8210.0,"s":[{"cn":"Ackermann Industries International","ui":"3177251","t":3600.0,"r":3600.0,"q":15.72,"p":8210.0,"mot":"U","mo":3600.0},{"cn":"","ui":"","t":0.0,"r":0.0,"q":0.0,"p":0.0,"mot":"L","mo":0.0}]},{"d":"23.02.2018","r":3640.0,"q":15.73,"p":8210.0,"s":[{"cn":"Ackermann Industries International","ui":"3177251","t":3640.0,"r":3640.0,"q":15.73,"p":8210.0,"mot":"U","mo":3640.0},{"cn":"","ui":"","t":0.0,"r":0.0,"q":0.0,"p":0.0,"mot":"L","mo":0.0}]},{"d":"28.03.2019","r":2260.0,"q":15.75,"p":8130.0,"s":[{"cn":"Ackermann Industries International","ui":"3177251","t":2760.0,"r":2260.0,"q":15.75,"p":8130.0,"mot":"U","mo":2260.0},{"cn":"","ui":"","t":0.0,"r":0.0,"q":0.0,"p":0.0,"mot":"L","mo":0.0}]},{"d":"21.10.2019","r":113.0,"q":1.0,"p":25000.0,"s":[{"cn":"FEFU12:47","ui":"4668233","t":113.0,"r":113.0,"q":1.0,"p":25000.0,"mot":"U","mo":113.0},{"cn":"","ui":"","t":0.0,"r":0.0,"q":0.0,"p":0.0,"mot":"L","mo":0.0}]},{"d":"22.10.2019","r":313.0,"q":1.0,"p":25000.0,"s":[{"cn":"FEFU12:47","ui":"4668233","t":313.0,"r":313.0,"q":1.0,"p":25000.0,"mot":"U","mo":313.0},{"cn":"","ui":"","t":0.0,"r":0.0,"q":0.0,"p":0.0,"mot":"L","mo":0.0}]},{"d":"05.12.2019","r":380.0,"q":24.68,"p":8130.0,"s":[{"cn":"Ackermann Industries International","ui":"3177251","t":380.0,"r":380.0,"q":24.68,"p":8130.0,"mot":"U","mo":380.0},{"cn":"","ui":"","t":0.0,"r":0.0,"q":0.0,"p":0.0,"mot":"L","mo":0.0}]},{"d":"06.12.2019","r":570.0,"q":24.68,"p":8130.0,"s":[{"cn":"Ackermann Industries International","ui":"3177251","t":570.0,"r":570.0,"q":24.68,"p":8130.0,"mot":"U","mo":570.0},{"cn":"","ui":"","t":0.0,"r":0.0,"q":0.0,"p":0.0,"mot":"L","mo":0.0}]},{"d":"09.12.2019","r":1140.0,"q":24.68,"p":8130.0,"s":[{"cn":"Ackermann Industries International","ui":"3177251","t":1140.0,"r":1140.0,"q":24.68,"p":8130.0,"mot":"U","mo":1140.0},{"cn":"","ui":"","t":0.0,"r":0.0,"q":0.0,"p":0.0,"mot":"L","mo":0.0}]},{"d":"10.12.2019","r":1330.0,"q":24.68,"p":8130.0,"s":[{"cn":"Ackermann Industries International","ui":"3177251","t":1330.0,"r":1330.0,"q":24.68,"p":8130.0,"mot":"U","mo":1330.0},{"cn":"","ui":"","t":0.0,"r":0.0,"q":0.0,"p":0.0,"mot":"L","mo":0.0}]},{"d":"11.12.2019","r":1520.0,"q":24.69,"p":8130.0,"s":[{"cn":"Ackermann Industries International","ui":"3177251","t":1520.0,"r":1520.0,"q":24.69,"p":8130.0,"mot":"U","mo":1520.0},{"cn":"","ui":"","t":0.0,"r":0.0,"q":0.0,"p":0.0,"mot":"L","mo":0.0}]},{"d":"12.12.2019","r":1710.0,"q":24.69,"p":8130.0,"s":[{"cn":"Ackermann Industries International","ui":"3177251","t":1710.0,"r":1710.0,"q":24.69,"p":8130.0,"mot":"U","mo":1710.0},{"cn":"","ui":"","t":0.0,"r":0.0,"q":0.0,"p":0.0,"mot":"L","mo":0.0}]},{"d":"13.12.2019","r":1900.0,"q":24.69,"p":8130.0,"s":[{"cn":"Ackermann Industries International","ui":"3177251","t":1900.0,"r":1900.0,"q":24.69,"p":8130.0,"mot":"U","mo":1900.0},{"cn":"","ui":"","t":0.0,"r":0.0,"q":0.0,"p":0.0,"mot":"L","mo":0.0}]},{"d":"16.12.2019","r":2470.0,"q":24.7,"p":8130.0,"s":[{"cn":"Ackermann Industries International","ui":"3177251","t":2470.0,"r":2470.0,"q":24.7,"p":8130.0,"mot":"U","mo":2470.0},{"cn":"","ui":"","t":0.0,"r":0.0,"q":0.0,"p":0.0,"mot":"L","mo":0.0}]},{"d":"17.12.2019","r":2660.0,"q":24.7,"p":8130.0,"s":[{"cn":"Ackermann Industries International","ui":"3177251","t":2660.0,"r":2660.0,"q":24.7,"p":8130.0,"mot":"U","mo":2660.0},{"cn":"","ui":"","t":0.0,"r":0.0,"q":0.0,"p":0.0,"mot":"L","mo":0.0}]},{"d":"18.12.2019","r":2850.0,"q":24.7,"p":8130.0,"s":[{"cn":"Ackermann Industries International","ui":"3177251","t":2850.0,"r":2850.0,"q":24.7,"p":8130.0,"mot":"U","mo":2850.0},{"cn":"","ui":"","t":0.0,"r":0.0,"q":0.0,"p":0.0,"mot":"L","mo":0.0}]},{"d":"19.12.2019","r":3040.0,"q":24.7,"p":8130.0,"s":[{"cn":"Ackermann Industries International","ui":"3177251","t":3040.0,"r":3040.0,"q":24.7,"p":8130.0,"mot":"U","mo":3040.0},{"cn":"","ui":"","t":0.0,"r":0.0,"q":0.0,"p":0.0,"mot":"L","mo":0.0}]},{"d":"20.12.2019","r":3320.0,"q":24.71,"p":8130.0,"s":[{"cn":"Ackermann Industries International","ui":"3177251","t":3320.0,"r":3320.0,"q":24.71,"p":8130.0,"mot":"U","mo":3320.0},{"cn":"","ui":"","t":0.0,"r":0.0,"q":0.0,"p":0.0,"mot":"L","mo":0.0}]},{"d":"23.12.2019","r":4160.0,"q":24.72,"p":8130.0,"s":[{"cn":"Ackermann Industries International","ui":"3177251","t":4160.0,"r":4160.0,"q":24.72,"p":8130.0,"mot":"U","mo":4160.0},{"cn":"","ui":"","t":0.0,"r":0.0,"q":0.0,"p":0.0,"mot":"L","mo":0.0}]},{"d":"24.12.2019","r":4440.0,"q":24.72,"p":8130.0,"s":[{"cn":"Ackermann Industries International","ui":"3177251","t":4440.0,"r":4440.0,"q":24.72,"p":8130.0,"mot":"U","mo":4440.0},{"cn":"","ui":"","t":0.0,"r":0.0,"q":0.0,"p":0.0,"mot":"L","mo":0.0}]},{"d":"25.12.2019","r":4720.0,"q":24.72,"p":8130.0,"s":[{"cn":"Ackermann Industries International","ui":"3177251","t":4720.0,"r":4720.0,"q":24.72,"p":8130.0,"mot":"U","mo":4720.0},{"cn":"","ui":"","t":0.0,"r":0.0,"q":0.0,"p":0.0,"mot":"L","mo":0.0}]},{"d":"26.12.2019","r":5000.0,"q":24.73,"p":8130.0,"s":[{"cn":"Ackermann Industries International","ui":"3177251","t":5000.0,"r":5000.0,"q":24.73,"p":8130.0,"mot":"U","mo":5000.0},{"cn":"","ui":"","t":0.0,"r":0.0,"q":0.0,"p":0.0,"mot":"L","mo":0.0}]},{"d":"27.12.2019","r":5280.0,"q":24.73,"p":8130.0,"s":[{"cn":"Ackermann Industries International","ui":"3177251","t":5280.0,"r":5280.0,"q":24.73,"p":8130.0,"mot":"U","mo":5280.0},{"cn":"","ui":"","t":0.0,"r":0.0,"q":0.0,"p":0.0,"mot":"L","mo":0.0}]},{"d":"30.12.2019","r":6120.0,"q":24.74,"p":8130.0,"s":[{"cn":"Ackermann Industries International","ui":"3177251","t":6120.0,"r":6120.0,"q":24.74,"p":8130.0,"mot":"U","mo":6120.0},{"cn":"","ui":"","t":0.0,"r":0.0,"q":0.0,"p":0.0,"mot":"L","mo":0.0}]},{"d":"31.12.2019","r":6400.0,"q":24.74,"p":8130.0,"s":[{"cn":"Ackermann Industries International","ui":"3177251","t":6400.0,"r":6400.0,"q":24.74,"p":8130.0,"mot":"U","mo":6400.0},{"cn":"","ui":"","t":0.0,"r":0.0,"q":0.0,"p":0.0,"mot":"L","mo":0.0}]},{"d":"01.01.2020","r":6680.0,"q":24.75,"p":8130.0,"s":[{"cn":"Ackermann Industries International","ui":"3177251","t":6680.0,"r":6680.0,"q":24.75,"p":8130.0,"mot":"U","mo":6680.0},{"cn":"","ui":"","t":0.0,"r":0.0,"q":0.0,"p":0.0,"mot":"L","mo":0.0}]},{"d":"24.03.2020","r":276.0,"q":19.16,"p":16000.0,"s":[{"cn":"ALMIAR","ui":"4793248","t":326.0,"r":276.0,"q":19.16,"p":16000.0,"mot":"U","mo":276.0},{"cn":"","ui":"","t":0.0,"r":0.0,"q":0.0,"p":0.0,"mot":"L","mo":0.0}]},{"d":"25.03.2020","r":236.0,"q":19.62,"p":16000.0,"s":[{"cn":"ALMIAR","ui":"4793248","t":536.0,"r":236.0,"q":19.62,"p":16000.0,"mot":"U","mo":236.0},{"cn":"","ui":"","t":0.0,"r":0.0,"q":0.0,"p":0.0,"mot":"L","mo":0.0}]},{"d":"07.05.2020","r":300.0,"q":1.0,"p":1850.0,"s":[{"cn":"Б1118-38.03.01вшэ(1)_Newsky","ui":"4843307","t":998.0,"r":648.0,"q":1.0,"p":1850.0,"mot":"L","mo":300.0},{"cn":"","ui":"","t":0.0,"r":0.0,"q":0.0,"p":0.0,"mot":"L","mo":0.0}]},{"d":"14.05.2020","r":1957.0,"q":2.45,"p":4000.0,"s":[{"cn":"VDV Group","ui":"4844479","t":2017.0,"r":1957.0,"q":2.45,"p":4000.0,"mot":"U","mo":1957.0},{"cn":"","ui":"","t":0.0,"r":0.0,"q":0.0,"p":0.0,"mot":"L","mo":0.0}]},{"d":"15.05.2020","r":2114.0,"q":2.41,"p":4000.0,"s":[{"cn":"VDV Group","ui":"4844479","t":2174.0,"r":2114.0,"q":2.41,"p":4000.0,"mot":"U","mo":2114.0},{"cn":"","ui":"","t":0.0,"r":0.0,"q":0.0,"p":0.0,"mot":"L","mo":0.0}]},{"d":"18.05.2020","r":2258.0,"q":2.33,"p":4000.0,"s":[{"cn":"VDV Group","ui":"4844479","t":2478.0,"r":2258.0,"q":2.33,"p":4000.0,"mot":"U","mo":2258.0},{"cn":"","ui":"","t":0.0,"r":0.0,"q":0.0,"p":0.0,"mot":"L","mo":0.0}]},{"d":"08.06.2020","r":200.0,"q":1.0,"p":2000.0,"s":[{"cn":"\u0027Б1117-38.03.06(кит)《Ничего》\u0027","ui":"4878444","t":200.0,"r":200.0,"q":1.0,"p":2000.0,"mot":"L","mo":200.0},{"cn":"","ui":"","t":0.0,"r":0.0,"q":0.0,"p":0.0,"mot":"L","mo":0.0}]},{"d":"12.06.2020","r":397.0,"q":1.0,"p":2000.0,"s":[{"cn":"\u0027Б1117-38.03.06(кит)《Ничего》\u0027","ui":"4878444","t":397.0,"r":397.0,"q":1.0,"p":2000.0,"mot":"L","mo":397.0},{"cn":"","ui":"","t":0.0,"r":0.0,"q":0.0,"p":0.0,"mot":"L","mo":0.0}]},{"d":"15.06.2020","r":450.0,"q":1.0,"p":2000.0,"s":[{"cn":"\u0027Б1117-38.03.06(кит)《Ничего》\u0027","ui":"4878444","t":450.0,"r":450.0,"q":1.0,"p":2000.0,"mot":"L","mo":450.0},{"cn":"","ui":"","t":0.0,"r":0.0,"q":0.0,"p":0.0,"mot":"L","mo":0.0}]},{"d":"18.06.2020","r":649.0,"q":1.0,"p":2000.0,"s":[{"cn":"\u0027Б1117-38.03.06(кит)《Ничего》\u0027","ui":"4878444","t":649.0,"r":649.0,"q":1.0,"p":2000.0,"mot":"L","mo":649.0},{"cn":"","ui":"","t":0.0,"r":0.0,"q":0.0,"p":0.0,"mot":"L","mo":0.0}]},{"d":"22.06.2020","r":197.0,"q":1.0,"p":2000.0,"s":[{"cn":"\u0027Б1117-38.03.06(кит)《Ничего》\u0027","ui":"4878444","t":197.0,"r":197.0,"q":1.0,"p":2000.0,"mot":"L","mo":197.0},{"cn":"","ui":"","t":0.0,"r":0.0,"q":0.0,"p":0.0,"mot":"L","mo":0.0}]},{"d":"23.06.2020","r":3.0,"q":1.0,"p":2000.0,"s":[{"cn":"\u0027Б1117-38.03.06(кит)《Ничего》\u0027","ui":"4878444","t":303.0,"r":3.0,"q":1.0,"p":2000.0,"mot":"L","mo":3.0},{"cn":"","ui":"","t":0.0,"r":0.0,"q":0.0,"p":0.0,"mot":"L","mo":0.0}]},{"d":"24.06.2020","r":199.0,"q":1.0,"p":2000.0,"s":[{"cn":"\u0027Б1117-38.03.06(кит)《Ничего》\u0027","ui":"4878444","t":199.0,"r":199.0,"q":1.0,"p":2000.0,"mot":"L","mo":199.0},{"cn":"","ui":"","t":0.0,"r":0.0,"q":0.0,"p":0.0,"mot":"L","mo":0.0}]},{"d":"25.06.2020","r":395.0,"q":1.0,"p":2000.0,"s":[{"cn":"\u0027Б1117-38.03.06(кит)《Ничего》\u0027","ui":"4878444","t":395.0,"r":395.0,"q":1.0,"p":2000.0,"mot":"L","mo":395.0},{"cn":"","ui":"","t":0.0,"r":0.0,"q":0.0,"p":0.0,"mot":"L","mo":0.0}]},{"d":"26.06.2020","r":590.0,"q":1.0,"p":2000.0,"s":[{"cn":"\u0027Б1117-38.03.06(кит)《Ничего》\u0027","ui":"4878444","t":590.0,"r":590.0,"q":1.0,"p":2000.0,"mot":"L","mo":590.0},{"cn":"","ui":"","t":0.0,"r":0.0,"q":0.0,"p":0.0,"mot":"L","mo":0.0}]},{"d":"29.06.2020","r":940.0,"q":1.0,"p":2000.0,"s":[{"cn":"\u0027Б1117-38.03.06(кит)《Ничего》\u0027","ui":"4878444","t":1064.0,"r":940.0,"q":1.0,"p":2000.0,"mot":"L","mo":940.0},{"cn":"","ui":"","t":0.0,"r":0.0,"q":0.0,"p":0.0,"mot":"L","mo":0.0}]},{"d":"30.06.2020","r":906.0,"q":1.0,"p":2000.0,"s":[{"cn":"\u0027Б1117-38.03.06(кит)《Ничего》\u0027","ui":"4878444","t":1134.0,"r":906.0,"q":1.0,"p":2000.0,"mot":"L","mo":906.0},{"cn":"","ui":"","t":0.0,"r":0.0,"q":0.0,"p":0.0,"mot":"L","mo":0.0}]},{"d":"01.07.2020","r":857.0,"q":1.0,"p":2000.0,"s":[{"cn":"\u0027Б1117-38.03.06(кит)《Ничего》\u0027","ui":"4878444","t":1041.0,"r":857.0,"q":1.0,"p":2000.0,"mot":"L","mo":857.0},{"cn":"","ui":"","t":0.0,"r":0.0,"q":0.0,"p":0.0,"mot":"L","mo":0.0}]},{"d":"07.01.2021","r":1.0097312E7,"q":62.1,"p":89268.04,"s":[{"cn":"Alicerente","ui":"6847764","t":1284670.0,"r":1249807.0,"q":91.05,"p":70000.0,"mot":"U","mo":1249807.0},{"cn":"mris_95_aa Финанс","ui":"6274562","t":779060.0,"r":779060.0,"q":97.13,"p":70500.0,"mot":"U","mo":779060.0},{"cn":"IvanM1980 и компания","ui":"8671211","t":7162308.0,"r":7162308.0,"q":56.53,"p":100000.0,"mot":"U","mo":7162308.0},{"cn":"","ui":"","t":1650535.0,"r":906137.0,"q":36.11,"p":47152.04,"mot":"L","mo":906137.0}]},{"d":"21.09.2022","r":78725.0,"q":82.3,"p":22999.0,"s":[{"cn":"All4You","ui":"5092154","t":78725.0,"r":78725.0,"q":82.3,"p":22999.0,"mot":"U","mo":78725.0},{"cn":"","ui":"","t":0.0,"r":0.0,"q":0.0,"p":0.0,"mot":"L","mo":0.0}]},{"d":"22.09.2022","r":101104.0,"q":82.31,"p":22999.0,"s":[{"cn":"All4You","ui":"5092154","t":101104.0,"r":101104.0,"q":82.31,"p":22999.0,"mot":"U","mo":101104.0},{"cn":"","ui":"","t":0.0,"r":0.0,"q":0.0,"p":0.0,"mot":"L","mo":0.0}]},{"d":"29.09.2022","r":167676.0,"q":82.31,"p":22999.0,"s":[{"cn":"All4You","ui":"5092154","t":167676.0,"r":167676.0,"q":82.31,"p":22999.0,"mot":"U","mo":167676.0},{"cn":"","ui":"","t":0.0,"r":0.0,"q":0.0,"p":0.0,"mot":"L","mo":0.0}]}]