[{"pi":"423890","pc":"Детские товары","ss":1300,"td":"Центр города","dc":1,"n":30.27,"vc":"766","sl":"Элитный","sv":"1500","p":4800.0,"q":3.78,"b":0.11,"ms":0.55,"wi":131.96,"ei":6.72,"as":1776.47,"mi":"E","mv":270413,"sc":1,"lpe":99.45,"lpr":4478.09,"lq":1.0,"d":2542506},{"pi":"423890","pc":"Детские товары","ss":3000,"td":"Центр города","dc":2,"n":120.22,"vc":"2582","sl":"Элитный","sv":"1500","p":3600.0,"q":3.78,"b":0.0,"ms":0.34,"wi":89.14,"ei":7.05,"as":1247.63,"mi":"E","mv":446550,"sc":1,"lpe":99.66,"lpr":2913.6,"lq":1.0,"d":5900984},{"pi":"423890","pc":"Детские товары","ss":10000,"td":"Центр города","dc":3,"n":449.74,"vc":"32334","sl":"Нормальный","sv":"1733","p":1638.67,"q":9.04,"b":2.52,"ms":1.16,"wi":45.03,"ei":10.64,"as":673.75,"mi":"E","mv":149235,"sc":1,"lpe":98.84,"lpr":975.13,"lq":1.0,"d":2541514},{"pi":"423890","pc":"Детские товары","ss":10000,"td":"Центр города","dc":3,"n":386.89,"vc":"28009","sl":"Нормальный","sv":"1600","p":6700.43,"q":9.04,"b":2.52,"ms":1.16,"wi":59.25,"ei":8.02,"as":811.4,"mi":"E","mv":137455,"sc":2,"lpe":97.74,"lpr":4119.8,"lq":1.0,"d":4968783},{"pi":"423890","pc":"Детские товары","ss":3400,"td":"Центр города","dc":1,"n":43.23,"vc":"1419","sl":"Элитный","sv":"1500","p":3900.0,"q":3.78,"b":0.0,"ms":1.09,"wi":59.25,"ei":8.02,"as":811.4,"mi":"E","mv":137455,"sc":2,"lpe":97.74,"lpr":4119.8,"lq":1.0,"d":4968783},{"pi":"423890","pc":"Детские товары","ss":10000,"td":"Центр города","dc":3,"n":586.47,"vc":"46429","sl":"Низкий","sv":"121","p":1631.58,"q":9.04,"b":2.52,"ms":1.16,"wi":22.26,"ei":6.08,"as":509.37,"mi":"E","mv":10421,"sc":1,"lpe":98.84,"lpr":970.91,"lq":1.0,"d":944097},{"pi":"423890","pc":"Детские товары","ss":10000,"td":"Центр города","dc":3,"n":593.16,"vc":"47187","sl":"Низкий","sv":"114","p":1432.06,"q":9.04,"b":2.52,"ms":1.17,"wi":19.47,"ei":5.91,"as":526.89,"mi":"E","mv":9749,"sc":1,"lpe":98.83,"lpr":866.15,"lq":1.0,"d":1222279},{"pi":"423890","pc":"Детские товары","ss":100000,"td":"Фешенебельный район","dc":1,"n":588.21,"vc":"371324","sl":"Элитный","sv":"12219","p":3605.0,"q":15.91,"b":4.78,"ms":0.93,"wi":39.97,"ei":5.34,"as":208.05,"mi":"E","mv":1310917,"sc":1,"lpe":99.07,"lpr":941.28,"lq":1.0,"d":12982716}]