[{"pi":"422205","pc":"Продукты питания","ss":300000,"td":"Центр города","dc":7,"n":688.09,"vc":"1772684","sl":"Низкий","sv":"13168","p":1702.01,"q":61.09,"b":0.0,"ms":20.29,"wi":30.15,"ei":5.75,"as":372.7,"mi":"E","mv":64905,"sc":1,"lpe":79.71,"lpr":427.3,"lq":1.13,"d":337654},{"pi":"422205","pc":"Продукты питания","ss":10000,"td":"Центр города","dc":1,"n":261.4,"vc":"9094","sl":"Элитный","sv":"50","p":1702.96,"q":17.09,"b":0.0,"ms":0.01,"wi":47.36,"ei":13.7,"as":485.13,"mi":"E","mv":471076,"sc":1,"lpe":99.99,"lpr":950.72,"lq":1.0,"d":2201522},{"pi":"422205","pc":"Продукты питания","ss":10000,"td":"Центр города","dc":2,"n":0.39,"vc":"1168","sl":"Элитный","sv":"1000","p":2000.0,"q":13.54,"b":0.0,"ms":3.03,"wi":14.0,"ei":3.17,"as":164.37,"mi":"E","mv":32950,"sc":1,"lpe":96.97,"lpr":902.97,"lq":1.0,"d":1525560},{"pi":"422205","pc":"Продукты питания","ss":100000,"td":"Центр города","dc":7,"n":407.11,"vc":"72246","sl":"Низкий","sv":"1000","p":1500.0,"q":13.54,"b":1.09,"ms":5.04,"wi":27.02,"ei":5.07,"as":121.61,"mi":"E","mv":19829,"sc":1,"lpe":94.96,"lpr":2986.82,"lq":1.0,"d":2278380},{"pi":"422205","pc":"Продукты питания","ss":200000,"td":"Центр города","dc":1,"n":489.08,"vc":"667448","sl":"Элитный","sv":"67000","p":2200.0,"q":54.69,"b":3.7,"ms":9.94,"wi":58.63,"ei":8.06,"as":1539.04,"mi":"E","mv":674128,"sc":3,"lpe":88.43,"lpr":857.86,"lq":1.64,"d":2386252},{"pi":"422205","pc":"Продукты питания","ss":7000,"td":"Центр города","dc":1,"n":320.41,"vc":"17402","sl":"Элитный","sv":"6600","p":1800.0,"q":11.7,"b":0.0,"ms":0.98,"wi":58.63,"ei":8.06,"as":1539.04,"mi":"E","mv":674128,"sc":3,"lpe":88.43,"lpr":857.86,"lq":1.64,"d":2386252},{"pi":"422205","pc":"Продукты питания","ss":20000,"td":"Пригород","dc":1,"n":485.23,"vc":"51411","sl":"Элитный","sv":"4367","p":2111.0,"q":30.16,"b":0.47,"ms":0.65,"wi":58.63,"ei":8.06,"as":1539.04,"mi":"E","mv":674128,"sc":3,"lpe":88.43,"lpr":857.86,"lq":1.64,"d":2386252},{"pi":"422205","pc":"Продукты питания","ss":100000,"td":"Центр города","dc":1,"n":470.59,"vc":"368943","sl":"Элитный","sv":"9425","p":3000.0,"q":17.95,"b":0.0,"ms":1.91,"wi":53.5,"ei":9.68,"as":1150.33,"mi":"E","mv":493483,"sc":2,"lpe":97.48,"lpr":1081.77,"lq":1.0,"d":1428314},{"pi":"422205","pc":"Продукты питания","ss":100000,"td":"Спальный район","dc":1,"n":416.62,"vc":"109792","sl":"Элитный","sv":"3000","p":1533.29,"q":35.97,"b":0.0,"ms":0.61,"wi":53.5,"ei":9.68,"as":1150.33,"mi":"E","mv":493483,"sc":2,"lpe":97.48,"lpr":1081.77,"lq":1.0,"d":1428314},{"pi":"422205","pc":"Продукты питания","ss":100000,"td":"Центр города","dc":1,"n":486.62,"vc":"300254","sl":"Элитный","sv":"4800","p":2300.0,"q":54.69,"b":1.91,"ms":9.83,"wi":13.9,"ei":4.6,"as":148.83,"mi":"E","mv":48820,"sc":1,"lpe":90.17,"lpr":550.29,"lq":1.01,"d":1625600},{"pi":"422205","pc":"Продукты питания","ss":10000,"td":"Фешенебельный район","dc":1,"n":137.75,"vc":"386","sl":"Элитный","sv":"484","p":2000.0,"q":20.04,"b":0.62,"ms":3.21,"wi":14.79,"ei":6.47,"as":181.29,"mi":"E","mv":15076,"sc":1,"lpe":96.79,"lpr":859.77,"lq":1.0,"d":798566},{"pi":"422205","pc":"Продукты питания","ss":100,"td":"Спальный район","dc":1,"n":1.74,"vc":"81","sl":"Очень низкий","sv":"11","p":685.38,"q":1.0,"b":0.0,"ms":0.01,"wi":33.94,"ei":7.0,"as":614.01,"mi":"E","mv":200103,"sc":1,"lpe":99.99,"lpr":856.72,"lq":1.0,"d":764196},{"pi":"422205","pc":"Продукты питания","ss":100000,"td":"Центр города","dc":5,"n":407.14,"vc":"72357","sl":"Высокий","sv":"500","p":1000.0,"q":13.5,"b":1.66,"ms":11.25,"wi":10.07,"ei":5.45,"as":184.64,"mi":"E","mv":4445,"sc":1,"lpe":88.75,"lpr":844.97,"lq":2.34,"d":261104},{"pi":"422205","pc":"Продукты питания","ss":100000,"td":"Центр города","dc":2,"n":662.37,"vc":"1743015","sl":"Низкий","sv":"2452","p":5000.0,"q":45.1,"b":0.0,"ms":4.87,"wi":48.78,"ei":6.9,"as":731.03,"mi":"E","mv":50298,"sc":1,"lpe":95.13,"lpr":1667.21,"lq":1.0,"d":621204},{"pi":"422205","pc":"Продукты питания","ss":100000,"td":"Центр города","dc":1,"n":498.25,"vc":"271493","sl":"Элитный","sv":"9123","p":4000.0,"q":54.68,"b":0.0,"ms":5.41,"wi":70.52,"ei":6.92,"as":830.0,"mi":"E","mv":168698,"sc":3,"lpe":93.94,"lpr":1414.62,"lq":1.62,"d":885820},{"pi":"422205","pc":"Продукты питания","ss":2000,"td":"Центр города","dc":1,"n":211.18,"vc":"3286","sl":"Элитный","sv":"1026","p":3000.0,"q":13.57,"b":0.0,"ms":0.61,"wi":70.52,"ei":6.92,"as":830.0,"mi":"E","mv":168698,"sc":3,"lpe":93.94,"lpr":1414.62,"lq":1.62,"d":885820},{"pi":"422205","pc":"Продукты питания","ss":100000,"td":"Центр города","dc":2,"n":621.1,"vc":"1327084","sl":"Низкий","sv":"72","p":5000.0,"q":45.12,"b":0.0,"ms":0.04,"wi":70.52,"ei":6.92,"as":830.0,"mi":"E","mv":168698,"sc":3,"lpe":93.94,"lpr":1414.62,"lq":1.62,"d":885820},{"pi":"422205","pc":"Продукты питания","ss":100000,"td":"Центр города","dc":1,"n":494.27,"vc":"418617","sl":"Элитный","sv":"46000","p":1100.0,"q":54.69,"b":1.91,"ms":9.85,"wi":23.11,"ei":7.81,"as":332.8,"mi":"E","mv":467073,"sc":1,"lpe":90.15,"lpr":456.99,"lq":1.0,"d":3405138},{"pi":"422205","pc":"Продукты питания","ss":100000,"td":"Центр города","dc":1,"n":487.98,"vc":"359018","sl":"Элитный","sv":"22000","p":2500.0,"q":54.69,"b":1.91,"ms":9.43,"wi":22.47,"ei":4.7,"as":281.75,"mi":"E","mv":233309,"sc":1,"lpe":90.57,"lpr":719.49,"lq":1.0,"d":2609700},{"pi":"422205","pc":"Продукты питания","ss":100000,"td":"Центр города","dc":1,"n":531.07,"vc":"271598","sl":"Элитный","sv":"1200","p":8200.0,"q":28.47,"b":0.0,"ms":3.7,"wi":83.43,"ei":8.91,"as":1020.93,"mi":"E","mv":32462,"sc":1,"lpe":96.3,"lpr":2572.91,"lq":1.0,"d":359901},{"pi":"422205","pc":"Продукты питания","ss":13000,"td":"Центр города","dc":1,"n":434.91,"vc":"45440","sl":"Очень высокий","sv":"10000","p":2200.0,"q":11.82,"b":0.0,"ms":5.85,"wi":46.54,"ei":10.65,"as":615.72,"mi":"E","mv":171015,"sc":2,"lpe":92.98,"lpr":1223.71,"lq":1.0,"d":1212710},{"pi":"422205","pc":"Продукты питания","ss":100000,"td":"Центр города","dc":1,"n":556.05,"vc":"490952","sl":"Очень высокий","sv":"2000","p":1400.0,"q":43.09,"b":4.3,"ms":1.17,"wi":46.54,"ei":10.65,"as":615.72,"mi":"E","mv":171015,"sc":2,"lpe":92.98,"lpr":1223.71,"lq":1.0,"d":1212710},{"pi":"422205","pc":"Продукты питания","ss":100000,"td":"Центр города","dc":4,"n":505.69,"vc":"224071","sl":"Высокий","sv":"4686","p":330.0,"q":53.7,"b":2.42,"ms":26.21,"wi":9.57,"ei":9.2,"as":157.75,"mi":"E","mv":17877,"sc":2,"lpe":73.23,"lpr":73.23,"lq":1.01,"d":1153568},{"pi":"422205","pc":"Продукты питания","ss":1000,"td":"Центр города","dc":1,"n":11.44,"vc":"328","sl":"Элитный","sv":"100","p":156.01,"q":17.09,"b":0.0,"ms":0.56,"wi":9.57,"ei":9.2,"as":157.75,"mi":"E","mv":17877,"sc":2,"lpe":73.23,"lpr":73.23,"lq":1.01,"d":1153568},{"pi":"422205","pc":"Продукты питания","ss":10000,"td":"Центр города","dc":1,"n":180.67,"vc":"2496","sl":"Элитный","sv":"3907","p":1500.0,"q":20.08,"b":0.0,"ms":3.74,"wi":44.09,"ei":8.6,"as":566.73,"mi":"E","mv":104435,"sc":2,"lpe":93.87,"lpr":943.49,"lq":1.0,"d":461655},{"pi":"422205","pc":"Продукты питания","ss":100000,"td":"Центр города","dc":10,"n":394.02,"vc":"67867","sl":"Очень высокий","sv":"2500","p":1500.0,"q":13.54,"b":1.96,"ms":2.39,"wi":44.09,"ei":8.6,"as":566.73,"mi":"E","mv":104435,"sc":2,"lpe":93.87,"lpr":943.49,"lq":1.0,"d":461655},{"pi":"422205","pc":"Продукты питания","ss":10000,"td":"Окраина","dc":9,"n":345.62,"vc":"6176","sl":"Высокий","sv":"1","p":2800.0,"q":9.71,"b":0.0,"ms":0.0,"wi":18.34,"ei":5.87,"as":224.4,"mi":"E","mv":37825,"sc":1,"lpe":100.0,"lpr":776.53,"lq":1.0,"d":1073964},{"pi":"422205","pc":"Продукты питания","ss":100000,"td":"Центр города","dc":2,"n":123.36,"vc":"7601","sl":"Элитный","sv":"819","p":800.0,"q":14.45,"b":0.52,"ms":0.51,"wi":33.26,"ei":7.71,"as":382.99,"mi":"E","mv":161014,"sc":1,"lpe":99.49,"lpr":853.99,"lq":1.0,"d":1070130},{"pi":"422205","pc":"Продукты питания","ss":10000,"td":"Спальный район","dc":8,"n":334.13,"vc":"7572","sl":"Высокий","sv":"2","p":2800.0,"q":9.71,"b":0.0,"ms":0.0,"wi":19.5,"ei":5.84,"as":295.53,"mi":"E","mv":48103,"sc":1,"lpe":100.0,"lpr":755.87,"lq":1.0,"d":1299659},{"pi":"422205","pc":"Продукты питания","ss":100000,"td":"Центр города","dc":10,"n":418.01,"vc":"75496","sl":"Нормальный","sv":"2000","p":1500.0,"q":13.54,"b":1.96,"ms":2.19,"wi":41.98,"ei":5.78,"as":781.08,"mi":"E","mv":91302,"sc":2,"lpe":97.81,"lpr":856.15,"lq":1.0,"d":595383},{"pi":"422205","pc":"Продукты питания","ss":80000,"td":"Центр города","dc":2,"n":264.39,"vc":"14895","sl":"Элитный","sv":"1","p":4200.0,"q":33.39,"b":0.0,"ms":0.0,"wi":41.98,"ei":5.78,"as":781.08,"mi":"E","mv":91302,"sc":2,"lpe":97.81,"lpr":856.15,"lq":1.0,"d":595383},{"pi":"422205","pc":"Продукты питания","ss":100000,"td":"Центр города","dc":10,"n":425.8,"vc":"78236","sl":"Нормальный","sv":"2000","p":1400.0,"q":13.54,"b":1.96,"ms":3.9,"wi":33.97,"ei":5.99,"as":686.84,"mi":"E","mv":51272,"sc":1,"lpe":96.1,"lpr":859.61,"lq":1.0,"d":304853},{"pi":"422205","pc":"Продукты питания","ss":100000,"td":"Центр города","dc":10,"n":392.1,"vc":"67335","sl":"Очень высокий","sv":"2500","p":1200.0,"q":13.54,"b":1.96,"ms":3.03,"wi":36.0,"ei":7.37,"as":499.89,"mi":"E","mv":82624,"sc":2,"lpe":96.97,"lpr":852.88,"lq":1.0,"d":406442},{"pi":"422205","pc":"Продукты питания","ss":70000,"td":"Центр города","dc":2,"n":248.77,"vc":"13531","sl":"Элитный","sv":"2","p":4300.0,"q":33.39,"b":0.0,"ms":0.0,"wi":36.0,"ei":7.37,"as":499.89,"mi":"E","mv":82624,"sc":2,"lpe":96.97,"lpr":852.88,"lq":1.0,"d":406442},{"pi":"422205","pc":"Продукты питания","ss":200000,"td":"Центр города","dc":1,"n":500.98,"vc":"1150480","sl":"Очень высокий","sv":"260000","p":2200.0,"q":54.69,"b":2.94,"ms":9.95,"wi":51.41,"ei":10.21,"as":485.24,"mi":"E","mv":2613333,"sc":1,"lpe":90.05,"lpr":833.77,"lq":1.98,"d":7937297},{"pi":"422205","pc":"Продукты питания","ss":1000,"td":"Центр города","dc":2,"n":192.41,"vc":"704","sl":"Элитный","sv":"1","p":1850.0,"q":13.61,"b":0.0,"ms":0.0,"wi":55.2,"ei":6.35,"as":490.0,"mi":"E","mv":41973,"sc":1,"lpe":100.0,"lpr":1153.1,"lq":1.0,"d":200961},{"pi":"422205","pc":"Продукты питания","ss":500,"td":"Центр города","dc":1,"n":104.94,"vc":"535","sl":"Элитный","sv":"4","p":4300.0,"q":9.17,"b":0.0,"ms":0.0,"wi":76.41,"ei":6.74,"as":520.0,"mi":"E","mv":212221,"sc":3,"lpe":100.0,"lpr":1441.71,"lq":1.0,"d":1007644},{"pi":"422205","pc":"Продукты питания","ss":1000,"td":"Спальный район","dc":4,"n":253.67,"vc":"1968","sl":"Низкий","sv":"3","p":4000.0,"q":8.74,"b":0.0,"ms":0.0,"wi":76.41,"ei":6.74,"as":520.0,"mi":"E","mv":212221,"sc":3,"lpe":100.0,"lpr":1441.71,"lq":1.0,"d":1007644},{"pi":"422205","pc":"Продукты питания","ss":1000,"td":"Центр города","dc":3,"n":264.27,"vc":"2784","sl":"Низкий","sv":"1","p":6000.0,"q":28.64,"b":0.0,"ms":0.0,"wi":76.41,"ei":6.74,"as":520.0,"mi":"E","mv":212221,"sc":3,"lpe":100.0,"lpr":1441.71,"lq":1.0,"d":1007644},{"pi":"422205","pc":"Продукты питания","ss":100000,"td":"Фешенебельный район","dc":4,"n":312.41,"vc":"3903","sl":"Элитный","sv":"183","p":7750.0,"q":40.57,"b":0.0,"ms":7.61,"wi":42.95,"ei":10.17,"as":546.84,"mi":"D","mv":2406,"sc":2,"lpe":0.0,"lpr":4339.78,"lq":2.51,"d":259336},{"pi":"422205","pc":"Продукты питания","ss":100000,"td":"Центр города","dc":1,"n":707.69,"vc":"778858","sl":"Очень высокий","sv":"3645","p":2941.37,"q":35.97,"b":0.0,"ms":12.12,"wi":42.72,"ei":10.0,"as":347.24,"mi":"E","mv":30064,"sc":1,"lpe":87.88,"lpr":2081.91,"lq":6.06,"d":832568},{"pi":"422205","pc":"Продукты питания","ss":300000,"td":"Центр города","dc":4,"n":506.88,"vc":"690991","sl":"Очень высокий","sv":"25000","p":1900.0,"q":54.69,"b":1.74,"ms":7.11,"wi":43.38,"ei":6.7,"as":374.03,"mi":"E","mv":351572,"sc":1,"lpe":92.89,"lpr":878.49,"lq":1.0,"d":966800},{"pi":"422205","pc":"Продукты питания","ss":100000,"td":"Центр города","dc":2,"n":502.03,"vc":"218282","sl":"Элитный","sv":"21000","p":2100.0,"q":54.69,"b":1.74,"ms":13.49,"wi":56.44,"ei":6.85,"as":380.03,"mi":"E","mv":155650,"sc":1,"lpe":86.51,"lpr":850.52,"lq":2.51,"d":428016},{"pi":"422205","pc":"Продукты питания","ss":200000,"td":"Центр города","dc":3,"n":500.03,"vc":"654838","sl":"Высокий","sv":"10000","p":3500.0,"q":54.69,"b":1.74,"ms":1.73,"wi":61.14,"ei":8.95,"as":503.46,"mi":"E","mv":578348,"sc":1,"lpe":98.27,"lpr":1291.22,"lq":1.0,"d":1890013},{"pi":"422205","pc":"Продукты питания","ss":1000,"td":"Центр города","dc":1,"n":383.55,"vc":"2520","sl":"Очень высокий","sv":"1000","p":1500.0,"q":13.54,"b":1.56,"ms":1.03,"wi":26.96,"ei":5.07,"as":319.85,"mi":"E","mv":96991,"sc":2,"lpe":98.92,"lpr":858.36,"lq":1.0,"d":708233},{"pi":"422205","pc":"Продукты питания","ss":1000,"td":"Центр города","dc":1,"n":371.25,"vc":"2351","sl":"Низкий","sv":"50","p":1851.12,"q":17.09,"b":0.0,"ms":0.05,"wi":26.96,"ei":5.07,"as":319.85,"mi":"E","mv":96991,"sc":2,"lpe":98.92,"lpr":858.36,"lq":1.0,"d":708233},{"pi":"422205","pc":"Продукты питания","ss":300000,"td":"Центр города","dc":3,"n":502.47,"vc":"691571","sl":"Очень высокий","sv":"35000","p":2400.0,"q":54.69,"b":1.74,"ms":8.8,"wi":41.77,"ei":5.17,"as":324.21,"mi":"E","mv":397807,"sc":1,"lpe":91.2,"lpr":850.13,"lq":1.0,"d":1093944},{"pi":"422205","pc":"Продукты питания","ss":1000,"td":"Центр города","dc":1,"n":341.05,"vc":"2334","sl":"Очень высокий","sv":"50","p":1846.86,"q":17.09,"b":0.0,"ms":0.02,"wi":42.65,"ei":7.51,"as":296.6,"mi":"E","mv":225413,"sc":1,"lpe":99.98,"lpr":850.25,"lq":1.0,"d":854206},{"pi":"422205","pc":"Продукты питания","ss":1000,"td":"Центр города","dc":1,"n":415.78,"vc":"2396","sl":"Высокий","sv":"50","p":1842.85,"q":17.09,"b":0.0,"ms":0.1,"wi":28.45,"ei":4.1,"as":196.69,"mi":"E","mv":50559,"sc":1,"lpe":99.9,"lpr":842.13,"lq":1.0,"d":370375},{"pi":"422205","pc":"Продукты питания","ss":200000,"td":"Центр города","dc":1,"n":301.71,"vc":"103504","sl":"Элитный","sv":"181","p":7000.0,"q":27.41,"b":3.59977900552486,"ms":0.05,"wi":37.74,"ei":8.34,"as":368.44,"mi":"E","mv":355775,"sc":1,"lpe":99.95,"lpr":1687.72,"lq":1.0,"d":3046448},{"pi":"422205","pc":"Продукты питания","ss":300000,"td":"Центр города","dc":2,"n":499.37,"vc":"760033","sl":"Элитный","sv":"48000","p":1800.0,"q":54.69,"b":2.68,"ms":9.92,"wi":49.96,"ei":7.81,"as":400.0,"mi":"E","mv":483634,"sc":1,"lpe":90.08,"lpr":856.69,"lq":1.0,"d":1560098},{"pi":"422205","pc":"Продукты питания","ss":100000,"td":"Центр города","dc":9,"n":361.53,"vc":"59321","sl":"Низкий","sv":"1000","p":1500.0,"q":13.54,"b":0.91,"ms":2.0,"wi":12.41,"ei":5.85,"as":1069.31,"mi":"E","mv":49994,"sc":1,"lpe":98.0,"lpr":859.19,"lq":1.0,"d":547234},{"pi":"422205","pc":"Продукты питания","ss":1000,"td":"Центр города","dc":1,"n":354.37,"vc":"2493","sl":"Очень высокий","sv":"1000","p":1500.0,"q":13.54,"b":1.51,"ms":0.58,"wi":47.92,"ei":6.7,"as":411.38,"mi":"E","mv":173352,"sc":1,"lpe":99.42,"lpr":891.95,"lq":1.0,"d":1145586},{"pi":"422205","pc":"Продукты питания","ss":100000,"td":"Центр города","dc":8,"n":413.6,"vc":"74481","sl":"Очень низкий","sv":"1000","p":1200.0,"q":13.54,"b":0.91,"ms":24.25,"wi":10.7,"ei":2.85,"as":305.88,"mi":"E","mv":4124,"sc":1,"lpe":75.75,"lpr":844.19,"lq":2.21,"d":291896},{"pi":"422205","pc":"Продукты питания","ss":100000,"td":"Центр города","dc":8,"n":247.29,"vc":"38250","sl":"Низкий","sv":"1000","p":1200.0,"q":13.54,"b":0.91,"ms":1.66,"wi":7.3,"ei":3.97,"as":155.77,"mi":"E","mv":60414,"sc":1,"lpe":98.34,"lpr":857.21,"lq":1.0,"d":9182999},{"pi":"422205","pc":"Продукты питания","ss":100000,"td":"Фешенебельный район","dc":10,"n":354.91,"vc":"8725","sl":"Элитный","sv":"1000","p":1500.0,"q":13.5,"b":1.66,"ms":1.95,"wi":23.01,"ei":10.23,"as":400.12,"mi":"E","mv":51237,"sc":1,"lpe":98.05,"lpr":859.98,"lq":1.0,"d":1021590},{"pi":"422205","pc":"Продукты питания","ss":100000,"td":"Фешенебельный район","dc":10,"n":340.93,"vc":"8161","sl":"Элитный","sv":"500","p":1500.0,"q":13.54,"b":1.76,"ms":0.24,"wi":46.42,"ei":7.3,"as":627.02,"mi":"E","mv":211918,"sc":1,"lpe":99.76,"lpr":856.55,"lq":1.0,"d":802170},{"pi":"422205","pc":"Продукты питания","ss":100000,"td":"Центр города","dc":10,"n":387.8,"vc":"66546","sl":"Очень высокий","sv":"500","p":1200.0,"q":13.54,"b":1.76,"ms":0.86,"wi":31.84,"ei":7.85,"as":603.38,"mi":"E","mv":58349,"sc":1,"lpe":99.14,"lpr":860.41,"lq":1.0,"d":416978},{"pi":"422205","pc":"Продукты питания","ss":100000,"td":"Фешенебельный район","dc":10,"n":438.22,"vc":"12603","sl":"Элитный","sv":"500","p":1500.0,"q":13.54,"b":1.76,"ms":1.15,"wi":43.58,"ei":8.27,"as":775.21,"mi":"E","mv":43638,"sc":1,"lpe":98.85,"lpr":858.91,"lq":1.0,"d":203598},{"pi":"422205","pc":"Продукты питания","ss":20000,"td":"Спальный район","dc":2,"n":470.49,"vc":"60088","sl":"Очень высокий","sv":"5000","p":2000.0,"q":35.97,"b":1.82,"ms":2.48,"wi":56.89,"ei":9.91,"as":1255.43,"mi":"E","mv":201744,"sc":3,"lpe":96.97,"lpr":1242.53,"lq":1.0,"d":866377},{"pi":"422205","pc":"Продукты питания","ss":100000,"td":"Пригород","dc":2,"n":578.34,"vc":"232765","sl":"Очень высокий","sv":"1111","p":644.0,"q":30.25,"b":0.0,"ms":0.55,"wi":56.89,"ei":9.91,"as":1255.43,"mi":"E","mv":201744,"sc":3,"lpe":96.97,"lpr":1242.53,"lq":1.0,"d":866377},{"pi":"422205","pc":"Продукты питания","ss":100000,"td":"Центр города","dc":1,"n":525.75,"vc":"350943","sl":"Элитный","sv":"10","p":2000.0,"q":43.09,"b":0.0,"ms":0.0,"wi":56.89,"ei":9.91,"as":1255.43,"mi":"E","mv":201744,"sc":3,"lpe":96.97,"lpr":1242.53,"lq":1.0,"d":866377},{"pi":"422205","pc":"Продукты питания","ss":1000,"td":"Центр города","dc":1,"n":367.4,"vc":"2498","sl":"Очень высокий","sv":"1000","p":3000.0,"q":13.59,"b":0.69,"ms":0.99,"wi":94.63,"ei":8.46,"as":478.49,"mi":"E","mv":101517,"sc":2,"lpe":98.52,"lpr":1991.75,"lq":1.0,"d":446958},{"pi":"422205","pc":"Продукты питания","ss":1000,"td":"Спальный район","dc":1,"n":498.43,"vc":"5883","sl":"Нормальный","sv":"500","p":4000.0,"q":13.61,"b":0.0,"ms":0.49,"wi":94.63,"ei":8.46,"as":478.49,"mi":"E","mv":101517,"sc":2,"lpe":98.52,"lpr":1991.75,"lq":1.0,"d":446958},{"pi":"422205","pc":"Продукты питания","ss":300000,"td":"Центр города","dc":4,"n":493.41,"vc":"673390","sl":"Очень высокий","sv":"45000","p":1600.0,"q":54.69,"b":2.26,"ms":9.52,"wi":38.84,"ei":2.5,"as":233.96,"mi":"E","mv":472736,"sc":1,"lpe":90.48,"lpr":716.08,"lq":1.0,"d":1300000},{"pi":"422205","pc":"Продукты питания","ss":100000,"td":"Центр города","dc":2,"n":277.24,"vc":"17309","sl":"Элитный","sv":"1","p":5600.0,"q":33.39,"b":0.0,"ms":0.0,"wi":45.3,"ei":5.78,"as":429.76,"mi":"E","mv":54822,"sc":1,"lpe":100.0,"lpr":987.26,"lq":1.0,"d":147418},{"pi":"422205","pc":"Продукты питания","ss":200000,"td":"Центр города","dc":2,"n":503.03,"vc":"817141","sl":"Очень высокий","sv":"50000","p":2100.0,"q":54.69,"b":2.26,"ms":4.89,"wi":39.72,"ei":5.0,"as":366.35,"mi":"E","mv":1021747,"sc":1,"lpe":95.11,"lpr":728.99,"lq":1.0,"d":2809780},{"pi":"422205","pc":"Продукты питания","ss":1000,"td":"Фешенебельный район","dc":1,"n":345.57,"vc":"1130","sl":"Элитный","sv":"1274","p":2500.0,"q":11.7,"b":0.0,"ms":0.1,"wi":49.0,"ei":9.22,"as":582.17,"mi":"E","mv":1259697,"sc":2,"lpe":99.81,"lpr":851.89,"lq":1.0,"d":4670247},{"pi":"422205","pc":"Продукты питания","ss":8000,"td":"Центр города","dc":1,"n":281.64,"vc":"18122","sl":"Элитный","sv":"1151","p":2500.0,"q":11.71,"b":0.0,"ms":0.09,"wi":49.0,"ei":9.22,"as":582.17,"mi":"E","mv":1259697,"sc":2,"lpe":99.81,"lpr":851.89,"lq":1.0,"d":4670247},{"pi":"422205","pc":"Продукты питания","ss":100000,"td":"Центр города","dc":10,"n":417.97,"vc":"75810","sl":"Низкий","sv":"2000","p":1400.0,"q":13.54,"b":1.98,"ms":3.42,"wi":35.6,"ei":4.5,"as":498.36,"mi":"E","mv":58406,"sc":1,"lpe":96.58,"lpr":852.08,"lq":1.0,"d":295646},{"pi":"422205","pc":"Продукты питания","ss":10000,"td":"Пригород","dc":1,"n":592.27,"vc":"23764","sl":"Элитный","sv":"1111","p":555.0,"q":30.25,"b":1.87,"ms":1.52,"wi":19.98,"ei":4.31,"as":156.2,"mi":"E","mv":73067,"sc":1,"lpe":98.48,"lpr":845.08,"lq":1.0,"d":498041},{"pi":"422205","pc":"Продукты питания","ss":100000,"td":"Фешенебельный район","dc":10,"n":419.29,"vc":"11439","sl":"Очень высокий","sv":"7000","p":1400.0,"q":13.54,"b":1.98,"ms":12.25,"wi":35.06,"ei":4.73,"as":569.04,"mi":"E","mv":57131,"sc":2,"lpe":87.57,"lpr":841.95,"lq":2.48,"d":432432},{"pi":"422205","pc":"Продукты питания","ss":10000,"td":"Центр города","dc":1,"n":407.23,"vc":"11748","sl":"Очень высокий","sv":"100","p":1750.5,"q":17.09,"b":0.0,"ms":0.18,"wi":35.06,"ei":4.73,"as":569.04,"mi":"E","mv":57131,"sc":2,"lpe":87.57,"lpr":841.95,"lq":2.48,"d":432432},{"pi":"422205","pc":"Продукты питания","ss":80100,"td":"Центр города","dc":2,"n":457.58,"vc":"210604","sl":"Очень высокий","sv":"10000","p":1800.0,"q":11.82,"b":0.0,"ms":7.98,"wi":22.01,"ei":10.38,"as":215.62,"mi":"E","mv":125367,"sc":1,"lpe":92.02,"lpr":823.25,"lq":1.0,"d":1958164},{"pi":"422205","pc":"Продукты питания","ss":300000,"td":"Центр города","dc":5,"n":714.54,"vc":"2323818","sl":"Низкий","sv":"26093","p":1696.53,"q":61.09,"b":0.0,"ms":20.26,"wi":40.58,"ei":7.44,"as":383.85,"mi":"E","mv":128822,"sc":1,"lpe":79.74,"lpr":447.4,"lq":1.32,"d":514782},{"pi":"422205","pc":"Продукты питания","ss":10000,"td":"Пригород","dc":1,"n":558.72,"vc":"27522","sl":"Элитный","sv":"1111","p":555.0,"q":30.25,"b":1.87,"ms":0.44,"wi":33.03,"ei":5.89,"as":226.09,"mi":"E","mv":254978,"sc":1,"lpe":99.56,"lpr":846.15,"lq":1.0,"d":1644795},{"pi":"422205","pc":"Продукты питания","ss":100000,"td":"Центр города","dc":4,"n":513.05,"vc":"230309","sl":"Высокий","sv":"7600","p":1300.0,"q":54.69,"b":2.42,"ms":20.88,"wi":14.66,"ei":13.13,"as":368.31,"mi":"E","mv":36392,"sc":2,"lpe":78.84,"lpr":711.28,"lq":1.95,"d":1491595},{"pi":"422205","pc":"Продукты питания","ss":1000,"td":"Центр города","dc":1,"n":12.67,"vc":"316","sl":"Элитный","sv":"100","p":1493.3,"q":17.09,"b":0.0,"ms":0.27,"wi":14.66,"ei":13.13,"as":368.31,"mi":"E","mv":36392,"sc":2,"lpe":78.84,"lpr":711.28,"lq":1.95,"d":1491595},{"pi":"422205","pc":"Продукты питания","ss":10000,"td":"Центр города","dc":2,"n":164.51,"vc":"2143","sl":"Элитный","sv":"2390","p":3200.0,"q":20.12,"b":1.56,"ms":1.57,"wi":56.96,"ei":9.3,"as":1427.81,"mi":"E","mv":151781,"sc":1,"lpe":98.43,"lpr":1508.26,"lq":1.0,"d":571745},{"pi":"422205","pc":"Продукты питания","ss":200000,"td":"Центр города","dc":2,"n":520.38,"vc":"958571","sl":"Высокий","sv":"100000","p":2100.0,"q":54.69,"b":2.26,"ms":10.7,"wi":48.22,"ei":8.14,"as":550.51,"mi":"E","mv":934734,"sc":1,"lpe":89.3,"lpr":849.21,"lq":2.51,"d":2647357},{"pi":"422205","pc":"Продукты питания","ss":100000,"td":"Фешенебельный район","dc":10,"n":424.83,"vc":"11774","sl":"Элитный","sv":"500","p":1000.0,"q":13.54,"b":1.76,"ms":1.5,"wi":31.66,"ei":6.14,"as":589.01,"mi":"E","mv":33402,"sc":1,"lpe":98.5,"lpr":853.79,"lq":1.0,"d":231572},{"pi":"422205","pc":"Продукты питания","ss":100000,"td":"Центр города","dc":10,"n":453.74,"vc":"89641","sl":"Низкий","sv":"500","p":1200.0,"q":13.54,"b":1.76,"ms":2.34,"wi":29.33,"ei":5.65,"as":482.15,"mi":"E","mv":21353,"sc":1,"lpe":97.66,"lpr":859.57,"lq":1.0,"d":205748},{"pi":"422205","pc":"Продукты питания","ss":10000,"td":"Центр города","dc":1,"n":252.88,"vc":"8225","sl":"Элитный","sv":"70","p":5600.0,"q":13.77,"b":0.0,"ms":0.01,"wi":73.44,"ei":10.13,"as":1418.97,"mi":"E","mv":650264,"sc":1,"lpe":99.99,"lpr":1928.89,"lq":1.0,"d":1940426},{"pi":"422205","pc":"Продукты питания","ss":100000,"td":"Центр города","dc":10,"n":495.84,"vc":"109118","sl":"Низкий","sv":"1000","p":1500.0,"q":13.54,"b":1.98,"ms":9.21,"wi":25.74,"ei":5.81,"as":645.13,"mi":"E","mv":10854,"sc":1,"lpe":90.79,"lpr":856.26,"lq":1.0,"d":103071},{"pi":"422205","pc":"Продукты питания","ss":100000,"td":"Центр города","dc":1,"n":485.8,"vc":"348087","sl":"Элитный","sv":"28000","p":3600.0,"q":54.69,"b":2.06,"ms":9.72,"wi":50.26,"ei":6.95,"as":515.94,"mi":"E","mv":288060,"sc":2,"lpe":88.54,"lpr":1377.13,"lq":2.04,"d":2536304},{"pi":"422205","pc":"Продукты питания","ss":100000,"td":"Спальный район","dc":1,"n":649.06,"vc":"1254653","sl":"Нормальный","sv":"5000","p":2200.0,"q":43.09,"b":3.64,"ms":1.74,"wi":50.26,"ei":6.95,"as":515.94,"mi":"E","mv":288060,"sc":2,"lpe":88.54,"lpr":1377.13,"lq":2.04,"d":2536304},{"pi":"422205","pc":"Продукты питания","ss":100000,"td":"Центр города","dc":10,"n":555.03,"vc":"298368","sl":"Низкий","sv":"7500","p":1500.0,"q":13.54,"b":1.98,"ms":9.68,"wi":42.93,"ei":6.8,"as":569.12,"mi":"E","mv":77486,"sc":1,"lpe":90.32,"lpr":1071.29,"lq":1.0,"d":493446},{"pi":"422205","pc":"Продукты питания","ss":200000,"td":"Центр города","dc":1,"n":484.49,"vc":"961465","sl":"Элитный","sv":"52947","p":2700.0,"q":54.68,"b":3.3,"ms":6.77,"wi":42.0,"ei":7.38,"as":569.58,"mi":"E","mv":781807,"sc":1,"lpe":93.23,"lpr":1166.66,"lq":1.0,"d":7759910},{"pi":"422205","pc":"Продукты питания","ss":10000,"td":"Центр города","dc":1,"n":372.49,"vc":"10882","sl":"Очень высокий","sv":"100","p":1848.71,"q":17.09,"b":0.0,"ms":0.07,"wi":46.38,"ei":5.3,"as":431.96,"mi":"E","mv":148018,"sc":1,"lpe":99.93,"lpr":857.45,"lq":1.0,"d":715026},{"pi":"422205","pc":"Продукты питания","ss":300000,"td":"Центр города","dc":1,"n":485.34,"vc":"1425053","sl":"Элитный","sv":"961972","p":1000.0,"q":54.17,"b":3.3,"ms":25.99,"wi":45.82,"ei":8.65,"as":615.72,"mi":"E","mv":3701810,"sc":1,"lpe":74.01,"lpr":508.75,"lq":1.0,"d":13814734},{"pi":"422205","pc":"Продукты питания","ss":500,"td":"Центр города","dc":1,"n":19.58,"vc":"242","sl":"Элитный","sv":"100","p":1844.01,"q":17.09,"b":0.0,"ms":0.07,"wi":46.39,"ei":7.53,"as":889.8,"mi":"E","mv":147881,"sc":1,"lpe":99.93,"lpr":855.27,"lq":1.0,"d":740963},{"pi":"422205","pc":"Продукты питания","ss":10000,"td":"Центр города","dc":1,"n":313.84,"vc":"9729","sl":"Элитный","sv":"100","p":1662.17,"q":17.09,"b":0.0,"ms":0.03,"wi":46.17,"ei":6.95,"as":452.93,"mi":"E","mv":345040,"sc":1,"lpe":99.97,"lpr":852.24,"lq":1.0,"d":1133084},{"pi":"422205","pc":"Продукты питания","ss":100000,"td":"Фешенебельный район","dc":10,"n":367.7,"vc":"9114","sl":"Элитный","sv":"5000","p":1500.0,"q":13.54,"b":1.98,"ms":2.87,"wi":44.49,"ei":6.0,"as":520.55,"mi":"E","mv":173987,"sc":2,"lpe":97.01,"lpr":855.24,"lq":1.0,"d":636296},{"pi":"422205","pc":"Продукты питания","ss":10000,"td":"Центр города","dc":1,"n":355.99,"vc":"10522","sl":"Элитный","sv":"200","p":1843.94,"q":17.09,"b":0.0,"ms":0.11,"wi":44.49,"ei":6.0,"as":520.55,"mi":"E","mv":173987,"sc":2,"lpe":97.01,"lpr":855.24,"lq":1.0,"d":636296},{"pi":"422205","pc":"Продукты питания","ss":20000,"td":"Центр города","dc":2,"n":339.61,"vc":"27764","sl":"Элитный","sv":"10","p":6000.0,"q":13.77,"b":0.0,"ms":0.01,"wi":26.37,"ei":6.96,"as":315.97,"mi":"E","mv":81953,"sc":1,"lpe":99.99,"lpr":1519.89,"lq":1.0,"d":2666467},{"pi":"422205","pc":"Продукты питания","ss":300000,"td":"Фешенебельный район","dc":2,"n":600.23,"vc":"178462","sl":"Низкий","sv":"7362","p":2000.0,"q":17.95,"b":0.0,"ms":16.35,"wi":52.18,"ei":6.76,"as":1256.54,"mi":"E","mv":45016,"sc":2,"lpe":78.09,"lpr":595.0,"lq":1.7,"d":3053989},{"pi":"422205","pc":"Продукты питания","ss":100000,"td":"Центр города","dc":10,"n":614.25,"vc":"386750","sl":"Низкий","sv":"2500","p":1500.0,"q":13.54,"b":1.41,"ms":5.55,"wi":52.18,"ei":6.76,"as":1256.54,"mi":"E","mv":45016,"sc":2,"lpe":78.09,"lpr":595.0,"lq":1.7,"d":3053989},{"pi":"422205","pc":"Продукты питания","ss":900,"td":"Центр города","dc":1,"n":167.06,"vc":"767","sl":"Элитный","sv":"61","p":1350.0,"q":1.82,"b":0.0,"ms":0.04,"wi":44.17,"ei":5.0,"as":337.91,"mi":"E","mv":164091,"sc":1,"lpe":99.96,"lpr":894.14,"lq":1.0,"d":451228},{"pi":"422205","pc":"Продукты питания","ss":12100,"td":"Окраина","dc":2,"n":334.22,"vc":"18591","sl":"Очень высокий","sv":"305","p":2500.0,"q":11.59,"b":0.0,"ms":0.05,"wi":31.0,"ei":9.41,"as":290.44,"mi":"E","mv":560609,"sc":1,"lpe":99.95,"lpr":842.92,"lq":1.0,"d":3377636},{"pi":"422205","pc":"Продукты питания","ss":1000,"td":"Спальный район","dc":1,"n":602.18,"vc":"4560","sl":"Нормальный","sv":"1500","p":2500.0,"q":13.54,"b":2.1,"ms":7.81,"wi":67.38,"ei":9.06,"as":1685.29,"mi":"E","mv":19197,"sc":1,"lpe":92.19,"lpr":2049.43,"lq":1.0,"d":129256},{"pi":"422205","pc":"Продукты питания","ss":1000,"td":"Фешенебельный район","dc":1,"n":547.95,"vc":"421","sl":"Элитный","sv":"100","p":1100.0,"q":13.54,"b":2.1,"ms":1.91,"wi":30.87,"ei":8.3,"as":910.0,"mi":"E","mv":5238,"sc":1,"lpe":98.09,"lpr":858.57,"lq":1.0,"d":136152},{"pi":"422205","pc":"Продукты питания","ss":100000,"td":"Фешенебельный район","dc":10,"n":424.4,"vc":"11770","sl":"Элитный","sv":"4000","p":1500.0,"q":13.54,"b":1.41,"ms":8.33,"wi":38.34,"ei":6.13,"as":1028.6,"mi":"E","mv":47991,"sc":1,"lpe":91.67,"lpr":851.75,"lq":1.0,"d":605360},{"pi":"422205","pc":"Продукты питания","ss":100000,"td":"Центр города","dc":2,"n":493.04,"vc":"227495","sl":"Очень высокий","sv":"6000","p":600.0,"q":54.69,"b":2.42,"ms":12.26,"wi":19.4,"ei":9.91,"as":219.02,"mi":"E","mv":48923,"sc":2,"lpe":87.68,"lpr":860.05,"lq":1.86,"d":1678326},{"pi":"422205","pc":"Продукты питания","ss":1000,"td":"Центр города","dc":1,"n":12.43,"vc":"378","sl":"Элитный","sv":"25","p":1808.34,"q":17.09,"b":0.0,"ms":0.05,"wi":19.4,"ei":9.91,"as":219.02,"mi":"E","mv":48923,"sc":2,"lpe":87.68,"lpr":860.05,"lq":1.86,"d":1678326},{"pi":"422205","pc":"Продукты питания","ss":100000,"td":"Центр города","dc":3,"n":481.09,"vc":"197482","sl":"Очень высокий","sv":"11000","p":1800.0,"q":54.69,"b":2.42,"ms":8.31,"wi":34.5,"ei":9.48,"as":426.08,"mi":"E","mv":132367,"sc":1,"lpe":91.69,"lpr":698.41,"lq":1.0,"d":945778},{"pi":"422205","pc":"Продукты питания","ss":100000,"td":"Центр города","dc":2,"n":494.22,"vc":"232045","sl":"Очень высокий","sv":"4200","p":810.0,"q":54.69,"b":2.42,"ms":9.1,"wi":7.49,"ei":9.21,"as":142.08,"mi":"E","mv":46163,"sc":2,"lpe":90.86,"lpr":254.18,"lq":1.0,"d":4262959},{"pi":"422205","pc":"Продукты питания","ss":1000,"td":"Центр города","dc":1,"n":12.49,"vc":"381","sl":"Элитный","sv":"20","p":499.87,"q":17.09,"b":0.0,"ms":0.04,"wi":7.49,"ei":9.21,"as":142.08,"mi":"E","mv":46163,"sc":2,"lpe":90.86,"lpr":254.18,"lq":1.0,"d":4262959},{"pi":"422205","pc":"Продукты питания","ss":100000,"td":"Центр города","dc":5,"n":521.31,"vc":"240168","sl":"Высокий","sv":"5800","p":1400.0,"q":54.69,"b":2.42,"ms":9.79,"wi":24.95,"ei":14.44,"as":648.34,"mi":"E","mv":59230,"sc":2,"lpe":90.08,"lpr":853.12,"lq":1.0,"d":824554},{"pi":"422205","pc":"Продукты питания","ss":10000,"td":"Центр города","dc":1,"n":376.02,"vc":"11012","sl":"Элитный","sv":"75","p":1839.37,"q":17.09,"b":0.0,"ms":0.13,"wi":24.95,"ei":14.44,"as":648.34,"mi":"E","mv":59230,"sc":2,"lpe":90.08,"lpr":853.12,"lq":1.0,"d":824554},{"pi":"422205","pc":"Продукты питания","ss":100000,"td":"Центр города","dc":1,"n":502.91,"vc":"378742","sl":"Элитный","sv":"31000","p":1800.0,"q":54.69,"b":2.42,"ms":4.36,"wi":41.94,"ei":6.52,"as":288.14,"mi":"E","mv":711025,"sc":2,"lpe":95.63,"lpr":822.09,"lq":1.0,"d":2083537},{"pi":"422205","pc":"Продукты питания","ss":10000,"td":"Центр города","dc":1,"n":263.65,"vc":"9028","sl":"Элитный","sv":"50","p":1444.09,"q":17.09,"b":0.0,"ms":0.01,"wi":41.94,"ei":6.52,"as":288.14,"mi":"E","mv":711025,"sc":2,"lpe":95.63,"lpr":822.09,"lq":1.0,"d":2083537},{"pi":"422205","pc":"Продукты питания","ss":100000,"td":"Окраина","dc":1,"n":496.26,"vc":"305064","sl":"Элитный","sv":"10000","p":1300.0,"q":13.64,"b":0.0,"ms":2.63,"wi":15.26,"ei":5.07,"as":248.05,"mi":"E","mv":380708,"sc":2,"lpe":97.11,"lpr":844.81,"lq":1.0,"d":8979806},{"pi":"422205","pc":"Продукты питания","ss":100000,"td":"Центр города","dc":6,"n":217.24,"vc":"34759","sl":"Высокий","sv":"1000","p":1500.0,"q":13.54,"b":0.74,"ms":0.26,"wi":15.26,"ei":5.07,"as":248.05,"mi":"E","mv":380708,"sc":2,"lpe":97.11,"lpr":844.81,"lq":1.0,"d":8979806},{"pi":"422205","pc":"Продукты питания","ss":100000,"td":"Фешенебельный район","dc":4,"n":44.92,"vc":"462","sl":"Элитный","sv":"2012","p":1445.41,"q":29.09,"b":0.0,"ms":16.41,"wi":5.18,"ei":6.43,"as":62.62,"mi":"E","mv":12264,"sc":2,"lpe":75.44,"lpr":432.38,"lq":1.25,"d":4122068},{"pi":"422205","pc":"Продукты питания","ss":100000,"td":"Центр города","dc":5,"n":345.77,"vc":"55561","sl":"Высокий","sv":"1000","p":1500.0,"q":13.54,"b":0.74,"ms":8.15,"wi":5.18,"ei":6.43,"as":62.62,"mi":"E","mv":12264,"sc":2,"lpe":75.44,"lpr":432.38,"lq":1.25,"d":4122068},{"pi":"422205","pc":"Продукты питания","ss":100000,"td":"Центр города","dc":5,"n":305.57,"vc":"47277","sl":"Низкий","sv":"1000","p":1500.0,"q":13.54,"b":0.74,"ms":0.93,"wi":12.03,"ei":2.69,"as":232.37,"mi":"E","mv":107149,"sc":1,"lpe":99.07,"lpr":851.31,"lq":1.0,"d":1331893},{"pi":"422205","pc":"Продукты питания","ss":100000,"td":"Фешенебельный район","dc":10,"n":402.94,"vc":"10657","sl":"Элитный","sv":"5000","p":1800.0,"q":13.54,"b":1.41,"ms":7.95,"wi":42.01,"ei":5.96,"as":840.23,"mi":"E","mv":62871,"sc":2,"lpe":91.97,"lpr":930.83,"lq":1.0,"d":374855},{"pi":"422205","pc":"Продукты питания","ss":100000,"td":"Центр города","dc":1,"n":657.24,"vc":"819385","sl":"Очень высокий","sv":"50","p":1843.0,"q":43.09,"b":3.78,"ms":0.08,"wi":42.01,"ei":5.96,"as":840.23,"mi":"E","mv":62871,"sc":2,"lpe":91.97,"lpr":930.83,"lq":1.0,"d":374855},{"pi":"422205","pc":"Продукты питания","ss":100000,"td":"Центр города","dc":10,"n":291.79,"vc":"44817","sl":"Элитный","sv":"5000","p":2800.0,"q":13.54,"b":1.41,"ms":1.46,"wi":58.06,"ei":9.31,"as":842.54,"mi":"E","mv":343402,"sc":3,"lpe":98.5,"lpr":1553.77,"lq":1.0,"d":2290569},{"pi":"422205","pc":"Продукты питания","ss":500,"td":"Центр города","dc":1,"n":73.25,"vc":"523","sl":"Элитный","sv":"88","p":1200.0,"q":10.4,"b":0.0,"ms":0.03,"wi":58.06,"ei":9.31,"as":842.54,"mi":"E","mv":343402,"sc":3,"lpe":98.5,"lpr":1553.77,"lq":1.0,"d":2290569},{"pi":"422205","pc":"Продукты питания","ss":120000,"td":"Центр города","dc":1,"n":383.59,"vc":"187776","sl":"Элитный","sv":"76","p":4550.0,"q":8.48,"b":0.0,"ms":0.02,"wi":58.06,"ei":9.31,"as":842.54,"mi":"E","mv":343402,"sc":3,"lpe":98.5,"lpr":1553.77,"lq":1.0,"d":2290569},{"pi":"422205","pc":"Продукты питания","ss":10000,"td":"Спальный район","dc":1,"n":534.21,"vc":"25183","sl":"Элитный","sv":"4000","p":5922.49,"q":35.97,"b":3.05,"ms":13.59,"wi":126.3,"ei":8.15,"as":586.4,"mi":"E","mv":29436,"sc":1,"lpe":86.41,"lpr":4766.19,"lq":5.9,"d":282934},{"pi":"422205","pc":"Продукты питания","ss":10000,"td":"Центр города","dc":10,"n":707.28,"vc":"22351","sl":"Низкий","sv":"250","p":3000.0,"q":13.59,"b":4.35,"ms":9.87,"wi":86.62,"ei":11.59,"as":6064.68,"mi":"E","mv":2533,"sc":1,"lpe":90.13,"lpr":1690.7,"lq":1.01,"d":65057},{"pi":"422205","pc":"Продукты питания","ss":100000,"td":"Фешенебельный район","dc":10,"n":483.02,"vc":"31376","sl":"Элитный","sv":"1000","p":1000.0,"q":13.5,"b":1.66,"ms":1.0,"wi":36.34,"ei":9.04,"as":527.45,"mi":"E","mv":99522,"sc":1,"lpe":99.0,"lpr":852.3,"lq":1.0,"d":759496},{"pi":"422205","pc":"Продукты питания","ss":100000,"td":"Центр города","dc":10,"n":402.14,"vc":"71449","sl":"Очень высокий","sv":"100","p":1500.0,"q":13.54,"b":1.33,"ms":0.17,"wi":60.14,"ei":8.49,"as":438.7,"mi":"E","mv":59954,"sc":1,"lpe":99.83,"lpr":1370.47,"lq":1.0,"d":293569},{"pi":"422205","pc":"Продукты питания","ss":200000,"td":"Центр города","dc":1,"n":499.12,"vc":"1084372","sl":"Очень высокий","sv":"200000","p":2200.0,"q":54.69,"b":3.9,"ms":7.49,"wi":50.69,"ei":6.73,"as":559.13,"mi":"E","mv":2671587,"sc":3,"lpe":89.34,"lpr":847.23,"lq":2.4,"d":7083090},{"pi":"422205","pc":"Продукты питания","ss":100000,"td":"Центр города","dc":1,"n":459.8,"vc":"388327","sl":"Элитный","sv":"80000","p":2101.0,"q":63.14,"b":0.0,"ms":2.99,"wi":50.69,"ei":6.73,"as":559.13,"mi":"E","mv":2671587,"sc":3,"lpe":89.34,"lpr":847.23,"lq":2.4,"d":7083090},{"pi":"422205","pc":"Продукты питания","ss":1100,"td":"Фешенебельный район","dc":1,"n":318.27,"vc":"1190","sl":"Элитный","sv":"4818","p":1500.0,"q":11.76,"b":0.0,"ms":0.18,"wi":50.69,"ei":6.73,"as":559.13,"mi":"E","mv":2671587,"sc":3,"lpe":89.34,"lpr":847.23,"lq":2.4,"d":7083090},{"pi":"422205","pc":"Продукты питания","ss":1000,"td":"Спальный район","dc":1,"n":569.6,"vc":"5685","sl":"Нормальный","sv":"500","p":3000.0,"q":13.61,"b":0.0,"ms":3.58,"wi":36.96,"ei":6.62,"as":480.0,"mi":"E","mv":13978,"sc":1,"lpe":96.42,"lpr":1226.71,"lq":1.0,"d":160779},{"pi":"422205","pc":"Продукты питания","ss":1000,"td":"Центр города","dc":1,"n":334.35,"vc":"2482","sl":"Очень высокий","sv":"1000","p":1500.0,"q":13.54,"b":1.52,"ms":0.48,"wi":40.31,"ei":7.5,"as":560.75,"mi":"E","mv":207643,"sc":1,"lpe":99.52,"lpr":865.73,"lq":1.0,"d":1824510},{"pi":"422205","pc":"Продукты питания","ss":10000,"td":"Центр города","dc":1,"n":206.23,"vc":"4342","sl":"Элитный","sv":"1954","p":1650.0,"q":20.12,"b":0.61,"ms":0.62,"wi":43.28,"ei":9.12,"as":1094.55,"mi":"E","mv":315499,"sc":1,"lpe":99.38,"lpr":854.47,"lq":1.0,"d":981378},{"pi":"422205","pc":"Продукты питания","ss":200000,"td":"Центр города","dc":1,"n":481.98,"vc":"943155","sl":"Элитный","sv":"150000","p":1800.0,"q":54.69,"b":1.28,"ms":8.31,"wi":32.17,"ei":9.21,"as":253.15,"mi":"E","mv":1804564,"sc":2,"lpe":91.52,"lpr":645.01,"lq":1.0,"d":7913550},{"pi":"422205","pc":"Продукты питания","ss":8500,"td":"Центр города","dc":1,"n":272.79,"vc":"21204","sl":"Элитный","sv":"3000","p":2000.0,"q":11.82,"b":0.0,"ms":0.17,"wi":32.17,"ei":9.21,"as":253.15,"mi":"E","mv":1804564,"sc":2,"lpe":91.52,"lpr":645.01,"lq":1.0,"d":7913550},{"pi":"422205","pc":"Продукты питания","ss":100000,"td":"Фешенебельный район","dc":10,"n":275.73,"vc":"6400","sl":"Элитный","sv":"100","p":1500.0,"q":13.54,"b":1.33,"ms":0.02,"wi":39.35,"ei":9.4,"as":334.63,"mi":"E","mv":540106,"sc":1,"lpe":99.98,"lpr":853.71,"lq":1.0,"d":2510311},{"pi":"422205","pc":"Продукты питания","ss":100000,"td":"Центр города","dc":10,"n":311.08,"vc":"48280","sl":"Очень высокий","sv":"100","p":1500.0,"q":13.54,"b":1.33,"ms":0.04,"wi":42.4,"ei":7.94,"as":312.84,"mi":"E","mv":246190,"sc":1,"lpe":99.96,"lpr":859.08,"lq":1.0,"d":1090586},{"pi":"422205","pc":"Продукты питания","ss":100000,"td":"Фешенебельный район","dc":10,"n":456.24,"vc":"27940","sl":"Элитный","sv":"100","p":1500.0,"q":13.54,"b":1.33,"ms":0.04,"wi":44.11,"ei":8.36,"as":342.3,"mi":"E","mv":257964,"sc":1,"lpe":99.96,"lpr":855.75,"lq":1.0,"d":1081774},{"pi":"422205","pc":"Продукты питания","ss":200000,"td":"Центр города","dc":1,"n":465.38,"vc":"862372","sl":"Элитный","sv":"351691","p":2000.0,"q":53.62,"b":3.96,"ms":14.39,"wi":61.12,"ei":10.04,"as":1836.76,"mi":"E","mv":2444509,"sc":4,"lpe":75.79,"lpr":817.13,"lq":2.36,"d":10036968},{"pi":"422205","pc":"Продукты питания","ss":100000,"td":"Центр города","dc":1,"n":449.52,"vc":"397420","sl":"Элитный","sv":"120000","p":1965.0,"q":63.15,"b":3.08,"ms":4.91,"wi":61.12,"ei":10.04,"as":1836.76,"mi":"E","mv":2444509,"sc":4,"lpe":75.79,"lpr":817.13,"lq":2.36,"d":10036968},{"pi":"422205","pc":"Продукты питания","ss":100000,"td":"Центр города","dc":1,"n":449.52,"vc":"397420","sl":"Элитный","sv":"120000","p":1977.0,"q":63.15,"b":3.08,"ms":4.91,"wi":61.12,"ei":10.04,"as":1836.76,"mi":"E","mv":2444509,"sc":4,"lpe":75.79,"lpr":817.13,"lq":2.36,"d":10036968},{"pi":"422205","pc":"Продукты питания","ss":10000,"td":"Спальный район","dc":1,"n":152.04,"vc":"5201","sl":"Элитный","sv":"6","p":2000.0,"q":10.71,"b":0.0,"ms":0.0,"wi":61.12,"ei":10.04,"as":1836.76,"mi":"E","mv":2444509,"sc":4,"lpe":75.79,"lpr":817.13,"lq":2.36,"d":10036968},{"pi":"422205","pc":"Продукты питания","ss":100000,"td":"Фешенебельный район","dc":10,"n":467.08,"vc":"29130","sl":"Высокий","sv":"100","p":1500.0,"q":13.54,"b":1.33,"ms":0.08,"wi":28.89,"ei":5.04,"as":260.46,"mi":"E","mv":121092,"sc":1,"lpe":99.92,"lpr":850.64,"lq":1.0,"d":876292},{"pi":"422205","pc":"Продукты питания","ss":100000,"td":"Фешенебельный район","dc":10,"n":384.85,"vc":"9927","sl":"Элитный","sv":"100","p":1500.0,"q":13.54,"b":1.33,"ms":0.09,"wi":48.98,"ei":5.69,"as":358.94,"mi":"E","mv":111008,"sc":1,"lpe":99.91,"lpr":984.04,"lq":1.0,"d":375211},{"pi":"422205","pc":"Продукты питания","ss":100000,"td":"Фешенебельный район","dc":10,"n":353.03,"vc":"8587","sl":"Элитный","sv":"100","p":1500.0,"q":13.54,"b":1.33,"ms":0.05,"wi":34.47,"ei":8.13,"as":261.61,"mi":"E","mv":198069,"sc":1,"lpe":99.95,"lpr":856.42,"lq":1.0,"d":869225},{"pi":"422205","pc":"Продукты питания","ss":100000,"td":"Фешенебельный район","dc":10,"n":307.2,"vc":"7133","sl":"Элитный","sv":"100","p":1200.0,"q":13.54,"b":1.33,"ms":0.04,"wi":38.97,"ei":9.11,"as":428.8,"mi":"E","mv":235657,"sc":1,"lpe":99.96,"lpr":1060.34,"lq":1.0,"d":1161922},{"pi":"422205","pc":"Продукты питания","ss":100000,"td":"Фешенебельный район","dc":10,"n":387.83,"vc":"9964","sl":"Очень высокий","sv":"100","p":1200.0,"q":13.54,"b":1.33,"ms":0.08,"wi":40.92,"ei":4.8,"as":286.98,"mi":"E","mv":119849,"sc":1,"lpe":99.92,"lpr":859.84,"lq":1.0,"d":329560},{"pi":"422205","pc":"Продукты питания","ss":100000,"td":"Центр города","dc":1,"n":500.14,"vc":"405894","sl":"Элитный","sv":"112523","p":3200.0,"q":54.61,"b":2.71,"ms":18.66,"wi":82.59,"ei":9.35,"as":1210.0,"mi":"E","mv":602981,"sc":2,"lpe":76.36,"lpr":1225.8,"lq":3.34,"d":2652810},{"pi":"422205","pc":"Продукты питания","ss":100000,"td":"Спальный район","dc":3,"n":487.47,"vc":"269482","sl":"Очень высокий","sv":"30000","p":1713.27,"q":35.97,"b":1.04,"ms":4.98,"wi":82.59,"ei":9.35,"as":1210.0,"mi":"E","mv":602981,"sc":2,"lpe":76.36,"lpr":1225.8,"lq":3.34,"d":2652810},{"pi":"422205","pc":"Продукты питания","ss":100000,"td":"Фешенебельный район","dc":10,"n":317.83,"vc":"7453","sl":"Элитный","sv":"100","p":1500.0,"q":13.54,"b":1.33,"ms":0.09,"wi":29.13,"ei":7.5,"as":406.01,"mi":"E","mv":112094,"sc":1,"lpe":99.91,"lpr":1035.02,"lq":1.0,"d":1231380},{"pi":"422205","pc":"Продукты питания","ss":10000,"td":"Фешенебельный район","dc":2,"n":23.89,"vc":"303","sl":"Элитный","sv":"1","p":5000.0,"q":29.71,"b":0.0,"ms":0.0,"wi":13.54,"ei":3.38,"as":147.82,"mi":"E","mv":97091,"sc":1,"lpe":100.0,"lpr":859.04,"lq":1.0,"d":4417996},{"pi":"422205","pc":"Продукты питания","ss":200000,"td":"Центр города","dc":1,"n":515.62,"vc":"1368978","sl":"Очень высокий","sv":"322131","p":2200.0,"q":54.0,"b":0.0,"ms":14.65,"wi":44.39,"ei":7.01,"as":718.34,"mi":"E","mv":2199502,"sc":2,"lpe":82.64,"lpr":835.7,"lq":2.02,"d":8441997},{"pi":"422205","pc":"Продукты питания","ss":100000,"td":"Центр города","dc":1,"n":457.61,"vc":"404355","sl":"Элитный","sv":"59702","p":2418.0,"q":63.14,"b":2.88,"ms":2.71,"wi":44.39,"ei":7.01,"as":718.34,"mi":"E","mv":2199502,"sc":2,"lpe":82.64,"lpr":835.7,"lq":2.02,"d":8441997},{"pi":"422205","pc":"Продукты питания","ss":500,"td":"Пригород","dc":1,"n":442.57,"vc":"1265","sl":"Высокий","sv":"1373","p":1111.0,"q":30.25,"b":4.3,"ms":0.4,"wi":38.33,"ei":5.7,"as":270.0,"mi":"E","mv":345828,"sc":1,"lpe":99.6,"lpr":851.52,"lq":1.0,"d":1808978},{"pi":"422205","pc":"Продукты питания","ss":20100,"td":"Центр города","dc":2,"n":341.04,"vc":"39392","sl":"Очень высокий","sv":"10000","p":2200.0,"q":11.82,"b":0.0,"ms":5.11,"wi":19.08,"ei":9.49,"as":404.04,"mi":"E","mv":195567,"sc":1,"lpe":94.89,"lpr":851.28,"lq":1.0,"d":4338959},{"pi":"422205","pc":"Продукты питания","ss":200000,"td":"Центр города","dc":1,"n":493.66,"vc":"858798","sl":"Элитный","sv":"99000","p":1800.0,"q":54.69,"b":1.51,"ms":9.88,"wi":30.28,"ei":8.35,"as":291.41,"mi":"E","mv":1002390,"sc":2,"lpe":89.62,"lpr":640.83,"lq":1.13,"d":4279664},{"pi":"422205","pc":"Продукты питания","ss":57100,"td":"Центр города","dc":3,"n":297.62,"vc":"69987","sl":"Очень высокий","sv":"5000","p":1300.0,"q":11.82,"b":0.0,"ms":0.5,"wi":30.28,"ei":8.35,"as":291.41,"mi":"E","mv":1002390,"sc":2,"lpe":89.62,"lpr":640.83,"lq":1.13,"d":4279664},{"pi":"422205","pc":"Продукты питания","ss":100000,"td":"Центр города","dc":2,"n":477.05,"vc":"282243","sl":"Очень высокий","sv":"3400","p":1900.0,"q":54.69,"b":1.51,"ms":9.59,"wi":10.43,"ei":6.79,"as":91.27,"mi":"E","mv":35459,"sc":1,"lpe":90.41,"lpr":852.77,"lq":1.0,"d":2082467},{"pi":"422205","pc":"Продукты питания","ss":200000,"td":"Центр города","dc":1,"n":492.8,"vc":"730848","sl":"Элитный","sv":"87000","p":2300.0,"q":54.69,"b":3.62,"ms":10.32,"wi":45.27,"ei":7.99,"as":473.94,"mi":"E","mv":843146,"sc":2,"lpe":89.67,"lpr":839.96,"lq":2.53,"d":2768566},{"pi":"422205","pc":"Продукты питания","ss":100000,"td":"Фешенебельный район","dc":10,"n":257.61,"vc":"6000","sl":"Элитный","sv":"100","p":1500.0,"q":13.54,"b":1.33,"ms":0.01,"wi":45.27,"ei":7.99,"as":473.94,"mi":"E","mv":843146,"sc":2,"lpe":89.67,"lpr":839.96,"lq":2.53,"d":2768566},{"pi":"422205","pc":"Продукты питания","ss":100000,"td":"Спальный район","dc":1,"n":645.22,"vc":"809921","sl":"Очень высокий","sv":"27000","p":1501.25,"q":35.97,"b":3.94,"ms":10.17,"wi":69.06,"ei":7.8,"as":520.63,"mi":"E","mv":265498,"sc":2,"lpe":89.16,"lpr":1003.28,"lq":4.32,"d":807231},{"pi":"422205","pc":"Продукты питания","ss":100000,"td":"Центр города","dc":1,"n":498.6,"vc":"263698","sl":"Элитный","sv":"1790","p":3600.0,"q":54.42,"b":2.22,"ms":0.67,"wi":69.06,"ei":7.8,"as":520.63,"mi":"E","mv":265498,"sc":2,"lpe":89.16,"lpr":1003.28,"lq":4.32,"d":807231},{"pi":"422205","pc":"Продукты питания","ss":10000,"td":"Пригород","dc":8,"n":336.86,"vc":"4046","sl":"Очень высокий","sv":"34","p":2660.0,"q":9.31,"b":0.0,"ms":0.03,"wi":40.24,"ei":9.91,"as":414.75,"mi":"E","mv":98984,"sc":1,"lpe":99.97,"lpr":978.36,"lq":1.0,"d":1131599},{"pi":"422205","pc":"Продукты питания","ss":100000,"td":"Фешенебельный район","dc":10,"n":498.25,"vc":"33570","sl":"Очень высокий","sv":"1000","p":1200.0,"q":13.54,"b":1.0,"ms":0.69,"wi":32.75,"ei":6.5,"as":299.77,"mi":"E","mv":144036,"sc":1,"lpe":99.31,"lpr":858.49,"lq":1.0,"d":684835},{"pi":"422205","pc":"Продукты питания","ss":100000,"td":"Фешенебельный район","dc":10,"n":365.16,"vc":"9004","sl":"Элитный","sv":"1000","p":1400.0,"q":13.54,"b":1.0,"ms":0.78,"wi":27.99,"ei":7.0,"as":315.92,"mi":"E","mv":128497,"sc":1,"lpe":99.22,"lpr":854.81,"lq":1.0,"d":663580},{"pi":"422205","pc":"Продукты питания","ss":300000,"td":"Центр города","dc":5,"n":502.27,"vc":"1090912","sl":"Нормальный","sv":"120000","p":2300.0,"q":54.69,"b":3.63,"ms":10.28,"wi":36.51,"ei":11.81,"as":423.34,"mi":"E","mv":1166997,"sc":2,"lpe":89.63,"lpr":838.18,"lq":2.42,"d":4332128},{"pi":"422205","pc":"Продукты питания","ss":100000,"td":"Фешенебельный район","dc":10,"n":234.64,"vc":"5494","sl":"Элитный","sv":"1000","p":1200.0,"q":13.54,"b":1.0,"ms":0.09,"wi":36.51,"ei":11.81,"as":423.34,"mi":"E","mv":1166997,"sc":2,"lpe":89.63,"lpr":838.18,"lq":2.42,"d":4332128},{"pi":"422205","pc":"Продукты питания","ss":100000,"td":"Центр города","dc":1,"n":564.39,"vc":"695610","sl":"Очень высокий","sv":"450","p":2823.0,"q":43.09,"b":0.1,"ms":0.07,"wi":56.35,"ei":7.93,"as":544.55,"mi":"E","mv":670953,"sc":1,"lpe":99.93,"lpr":1398.48,"lq":1.0,"d":2116572},{"pi":"422205","pc":"Продукты питания","ss":100000,"td":"Центр города","dc":3,"n":505.29,"vc":"445773","sl":"Нормальный","sv":"13688","p":4000.0,"q":45.22,"b":0.0,"ms":3.99,"wi":56.86,"ei":4.0,"as":372.8,"mi":"E","mv":343432,"sc":2,"lpe":94.85,"lpr":1050.36,"lq":1.0,"d":945000},{"pi":"422205","pc":"Продукты питания","ss":100000,"td":"Центр города","dc":2,"n":520.61,"vc":"344323","sl":"Очень высокий","sv":"4000","p":2400.0,"q":43.09,"b":0.1,"ms":1.16,"wi":56.86,"ei":4.0,"as":372.8,"mi":"E","mv":343432,"sc":2,"lpe":94.85,"lpr":1050.36,"lq":1.0,"d":945000},{"pi":"422205","pc":"Продукты питания","ss":200000,"td":"Центр города","dc":1,"n":477.73,"vc":"1099917","sl":"Очень высокий","sv":"400000","p":2400.0,"q":54.69,"b":2.21,"ms":12.2,"wi":31.78,"ei":10.87,"as":249.98,"mi":"E","mv":3279349,"sc":2,"lpe":87.73,"lpr":802.79,"lq":2.44,"d":13934474},{"pi":"422205","pc":"Продукты питания","ss":1000,"td":"Фешенебельный район","dc":1,"n":279.7,"vc":"1143","sl":"Элитный","sv":"2269","p":2000.0,"q":11.73,"b":0.0,"ms":0.07,"wi":31.78,"ei":10.87,"as":249.98,"mi":"E","mv":3279349,"sc":2,"lpe":87.73,"lpr":802.79,"lq":2.44,"d":13934474},{"pi":"422205","pc":"Продукты питания","ss":10000,"td":"Окраина","dc":7,"n":387.34,"vc":"13934","sl":"Нормальный","sv":"1","p":2800.0,"q":9.71,"b":0.0,"ms":0.0,"wi":38.6,"ei":13.88,"as":516.05,"mi":"E","mv":343429,"sc":1,"lpe":100.0,"lpr":856.78,"lq":1.0,"d":2197796},{"pi":"422205","pc":"Продукты питания","ss":100000,"td":"Центр города","dc":6,"n":484.53,"vc":"102241","sl":"Нормальный","sv":"1000","p":2500.0,"q":13.54,"b":1.09,"ms":4.0,"wi":31.13,"ei":3.23,"as":1295.98,"mi":"E","mv":25022,"sc":1,"lpe":96.0,"lpr":1101.51,"lq":1.0,"d":541411},{"pi":"422205","pc":"Продукты питания","ss":100000,"td":"Центр города","dc":6,"n":237.54,"vc":"36764","sl":"Высокий","sv":"1000","p":1500.0,"q":13.54,"b":1.09,"ms":0.24,"wi":8.57,"ei":5.65,"as":234.87,"mi":"E","mv":420634,"sc":1,"lpe":99.76,"lpr":858.31,"lq":1.0,"d":10490211},{"pi":"422205","pc":"Продукты питания","ss":1000,"td":"Центр города","dc":1,"n":258.23,"vc":"1446","sl":"Элитный","sv":"10","p":4600.0,"q":29.8,"b":0.0,"ms":0.01,"wi":71.08,"ei":6.31,"as":510.0,"mi":"E","mv":125502,"sc":1,"lpe":99.99,"lpr":1372.9,"lq":1.0,"d":543754},{"pi":"422205","pc":"Продукты питания","ss":50000,"td":"Спальный район","dc":3,"n":402.04,"vc":"39649","sl":"Элитный","sv":"5417","p":3526.06,"q":36.43,"b":1.01,"ms":8.23,"wi":69.53,"ei":8.99,"as":1083.46,"mi":"E","mv":65798,"sc":1,"lpe":91.77,"lpr":1453.81,"lq":1.0,"d":556722},{"pi":"422205","pc":"Продукты питания","ss":100000,"td":"Спальный район","dc":4,"n":481.02,"vc":"167626","sl":"Очень высокий","sv":"10000","p":2232.41,"q":35.97,"b":1.01,"ms":6.98,"wi":80.05,"ei":9.36,"as":1250.0,"mi":"E","mv":143330,"sc":2,"lpe":90.01,"lpr":1614.16,"lq":1.39,"d":815686},{"pi":"422205","pc":"Продукты питания","ss":100000,"td":"Центр города","dc":2,"n":615.13,"vc":"1217416","sl":"Низкий","sv":"4321","p":4500.0,"q":45.13,"b":0.0,"ms":3.01,"wi":80.05,"ei":9.36,"as":1250.0,"mi":"E","mv":143330,"sc":2,"lpe":90.01,"lpr":1614.16,"lq":1.39,"d":815686},{"pi":"422205","pc":"Продукты питания","ss":100000,"td":"Спальный район","dc":3,"n":432.1,"vc":"121910","sl":"Элитный","sv":"18000","p":2834.08,"q":35.97,"b":1.01,"ms":11.08,"wi":81.16,"ei":9.65,"as":1343.3,"mi":"E","mv":162443,"sc":2,"lpe":87.6,"lpr":2057.15,"lq":5.69,"d":1258957},{"pi":"422205","pc":"Продукты питания","ss":100000,"td":"Центр города","dc":2,"n":630.64,"vc":"1645023","sl":"Низкий","sv":"2146","p":6000.0,"q":45.1,"b":0.0,"ms":1.32,"wi":81.16,"ei":9.65,"as":1343.3,"mi":"E","mv":162443,"sc":2,"lpe":87.6,"lpr":2057.15,"lq":5.69,"d":1258957},{"pi":"422205","pc":"Продукты питания","ss":100000,"td":"Центр города","dc":6,"n":384.93,"vc":"65535","sl":"Низкий","sv":"940","p":1500.0,"q":13.49,"b":1.09,"ms":3.02,"wi":16.58,"ei":4.38,"as":376.19,"mi":"E","mv":31170,"sc":1,"lpe":96.98,"lpr":404.76,"lq":1.0,"d":490490},{"pi":"422205","pc":"Продукты питания","ss":200000,"td":"Центр города","dc":1,"n":493.86,"vc":"886461","sl":"Элитный","sv":"136000","p":2100.0,"q":54.69,"b":3.71,"ms":9.55,"wi":37.12,"ei":8.72,"as":437.31,"mi":"E","mv":1423623,"sc":1,"lpe":90.45,"lpr":698.34,"lq":1.0,"d":4656807},{"pi":"422205","pc":"Продукты питания","ss":100000,"td":"Центр города","dc":10,"n":147.21,"vc":"23054","sl":"Очень высокий","sv":"636","p":3750.0,"q":28.63,"b":0.0,"ms":0.13,"wi":29.0,"ei":5.16,"as":419.24,"mi":"E","mv":495414,"sc":1,"lpe":99.87,"lpr":857.2,"lq":1.0,"d":3737436},{"pi":"422205","pc":"Продукты питания","ss":100000,"td":"Центр города","dc":2,"n":476.68,"vc":"193422","sl":"Элитный","sv":"20000","p":2500.0,"q":54.69,"b":1.94,"ms":10.32,"wi":46.81,"ei":6.6,"as":569.37,"mi":"E","mv":193864,"sc":2,"lpe":88.65,"lpr":856.13,"lq":2.35,"d":608062},{"pi":"422205","pc":"Продукты питания","ss":100000,"td":"Центр города","dc":1,"n":476.68,"vc":"193422","sl":"Элитный","sv":"2000","p":1600.0,"q":51.92,"b":3.24,"ms":1.03,"wi":46.81,"ei":6.6,"as":569.37,"mi":"E","mv":193864,"sc":2,"lpe":88.65,"lpr":856.13,"lq":2.35,"d":608062},{"pi":"422205","pc":"Продукты питания","ss":1000,"td":"Центр города","dc":1,"n":353.42,"vc":"2496","sl":"Очень высокий","sv":"5000","p":5500.0,"q":13.52,"b":1.46,"ms":10.8,"wi":133.49,"ei":10.37,"as":577.09,"mi":"E","mv":46300,"sc":2,"lpe":79.91,"lpr":6197.9,"lq":12.61,"d":1180995},{"pi":"422205","pc":"Продукты питания","ss":1000,"td":"Спальный район","dc":1,"n":484.67,"vc":"3923","sl":"Высокий","sv":"4300","p":10991.49,"q":35.97,"b":3.05,"ms":9.29,"wi":133.49,"ei":10.37,"as":577.09,"mi":"E","mv":46300,"sc":2,"lpe":79.91,"lpr":6197.9,"lq":12.61,"d":1180995},{"pi":"422205","pc":"Продукты питания","ss":1000,"td":"Спальный район","dc":1,"n":494.9,"vc":"3955","sl":"Высокий","sv":"9000","p":6213.75,"q":35.97,"b":3.05,"ms":9.67,"wi":119.48,"ei":10.56,"as":647.33,"mi":"E","mv":93039,"sc":2,"lpe":90.32,"lpr":3366.38,"lq":1.0,"d":749064},{"pi":"422205","pc":"Продукты питания","ss":1000,"td":"Фешенебельный район","dc":1,"n":149.85,"vc":"113","sl":"Элитный","sv":"2","p":15000.0,"q":33.39,"b":0.0,"ms":0.0,"wi":119.48,"ei":10.56,"as":647.33,"mi":"E","mv":93039,"sc":2,"lpe":90.32,"lpr":3366.38,"lq":1.0,"d":749064},{"pi":"422205","pc":"Продукты питания","ss":1000,"td":"Центр города","dc":1,"n":312.56,"vc":"2350","sl":"Очень высокий","sv":"9000","p":21612.95,"q":35.97,"b":3.07,"ms":9.29,"wi":258.41,"ei":9.91,"as":720.18,"mi":"E","mv":96864,"sc":7,"lpe":86.51,"lpr":11064.73,"lq":23.88,"d":1127008},{"pi":"422205","pc":"Продукты питания","ss":1000,"td":"Центр города","dc":1,"n":239.43,"vc":"2334","sl":"Очень высокий","sv":"2500","p":11000.0,"q":28.63,"b":0.0,"ms":2.58,"wi":258.41,"ei":9.91,"as":720.18,"mi":"E","mv":96864,"sc":7,"lpe":86.51,"lpr":11064.73,"lq":23.88,"d":1127008},{"pi":"422205","pc":"Продукты питания","ss":1000,"td":"Центр города","dc":1,"n":162.58,"vc":"1514","sl":"Элитный","sv":"1000","p":18000.0,"q":35.32,"b":0.0,"ms":1.03,"wi":258.41,"ei":9.91,"as":720.18,"mi":"E","mv":96864,"sc":7,"lpe":86.51,"lpr":11064.73,"lq":23.88,"d":1127008},{"pi":"422205","pc":"Продукты питания","ss":600,"td":"Фешенебельный район","dc":1,"n":199.24,"vc":"140","sl":"Элитный","sv":"300","p":13000.0,"q":35.32,"b":0.0,"ms":0.31,"wi":258.41,"ei":9.91,"as":720.18,"mi":"E","mv":96864,"sc":7,"lpe":86.51,"lpr":11064.73,"lq":23.88,"d":1127008},{"pi":"422205","pc":"Продукты питания","ss":1000,"td":"Центр города","dc":1,"n":322.7,"vc":"2488","sl":"Очень высокий","sv":"248","p":1000.0,"q":12.84,"b":1.46,"ms":0.26,"wi":258.41,"ei":9.91,"as":720.18,"mi":"E","mv":96864,"sc":7,"lpe":86.51,"lpr":11064.73,"lq":23.88,"d":1127008},{"pi":"422205","pc":"Продукты питания","ss":1000,"td":"Фешенебельный район","dc":1,"n":140.61,"vc":"134","sl":"Элитный","sv":"19","p":30000.0,"q":33.39,"b":0.0,"ms":0.02,"wi":258.41,"ei":9.91,"as":720.18,"mi":"E","mv":96864,"sc":7,"lpe":86.51,"lpr":11064.73,"lq":23.88,"d":1127008},{"pi":"422205","pc":"Продукты питания","ss":100,"td":"Фешенебельный район","dc":1,"n":50.08,"vc":"13","sl":"Элитный","sv":"2","p":11399.0,"q":28.63,"b":0.0,"ms":0.0,"wi":258.41,"ei":9.91,"as":720.18,"mi":"E","mv":96864,"sc":7,"lpe":86.51,"lpr":11064.73,"lq":23.88,"d":1127008},{"pi":"422205","pc":"Продукты питания","ss":100000,"td":"Центр города","dc":5,"n":401.95,"vc":"70763","sl":"Низкий","sv":"1103","p":1500.0,"q":13.49,"b":0.74,"ms":21.15,"wi":10.82,"ei":3.38,"as":157.5,"mi":"E","mv":5214,"sc":2,"lpe":71.85,"lpr":415.88,"lq":1.29,"d":364117},{"pi":"422205","pc":"Продукты питания","ss":10000,"td":"Фешенебельный район","dc":3,"n":38.33,"vc":"126","sl":"Элитный","sv":"365","p":1500.0,"q":29.26,"b":0.0,"ms":7.0,"wi":10.82,"ei":3.38,"as":157.5,"mi":"E","mv":5214,"sc":2,"lpe":71.85,"lpr":415.88,"lq":1.29,"d":364117},{"pi":"422205","pc":"Продукты питания","ss":1000,"td":"Центр города","dc":1,"n":393.43,"vc":"2524","sl":"Очень высокий","sv":"2000","p":3000.0,"q":13.52,"b":1.46,"ms":4.39,"wi":84.23,"ei":8.99,"as":617.98,"mi":"E","mv":45510,"sc":1,"lpe":95.61,"lpr":2133.57,"lq":1.0,"d":511712},{"pi":"422205","pc":"Продукты питания","ss":1000,"td":"Фешенебельный район","dc":1,"n":179.12,"vc":"79","sl":"Элитный","sv":"2","p":18000.0,"q":33.39,"b":0.0,"ms":0.03,"wi":68.12,"ei":5.88,"as":625.47,"mi":"E","mv":7004,"sc":1,"lpe":99.97,"lpr":4304.24,"lq":1.0,"d":259802},{"pi":"422205","pc":"Продукты питания","ss":100000,"td":"Центр города","dc":1,"n":620.24,"vc":"645088","sl":"Очень высокий","sv":"1000","p":2100.0,"q":43.09,"b":0.13,"ms":0.75,"wi":56.43,"ei":4.02,"as":298.46,"mi":"E","mv":133770,"sc":1,"lpe":99.25,"lpr":859.33,"lq":1.0,"d":367846},{"pi":"422205","pc":"Продукты питания","ss":100000,"td":"Центр города","dc":1,"n":471.42,"vc":"234318","sl":"Элитный","sv":"8000","p":2500.0,"q":43.09,"b":0.13,"ms":1.74,"wi":47.36,"ei":3.86,"as":371.56,"mi":"E","mv":458629,"sc":1,"lpe":98.26,"lpr":1201.57,"lq":1.0,"d":1215470},{"pi":"422205","pc":"Продукты питания","ss":100000,"td":"Центр города","dc":2,"n":497.09,"vc":"215068","sl":"Элитный","sv":"19000","p":2200.0,"q":54.69,"b":1.94,"ms":11.45,"wi":40.71,"ei":5.57,"as":395.85,"mi":"E","mv":165912,"sc":1,"lpe":88.55,"lpr":843.4,"lq":2.53,"d":469922}]