[{"pi":"335181","pc":"Продукты питания","ss":100000,"td":"Центр города","dc":1,"n":673.29,"vc":"1332703","sl":"Нормальный","sv":"11436","p":6800.0,"q":11.68,"b":0.0,"ms":21.45,"wi":156.39,"ei":6.41,"as":2315.25,"mi":"E","mv":53321,"sc":2,"lpe":78.53,"lpr":2589.14,"lq":2.48,"d":680780},{"pi":"335181","pc":"Продукты питания","ss":1500,"td":"Центр города","dc":2,"n":21.66,"vc":"487","sl":"Элитный","sv":"10","p":4800.0,"q":11.68,"b":0.0,"ms":0.02,"wi":156.39,"ei":6.41,"as":2315.25,"mi":"E","mv":53321,"sc":2,"lpe":78.53,"lpr":2589.14,"lq":2.48,"d":680780},{"pi":"335181","pc":"Продукты питания","ss":100000,"td":"Фешенебельный район","dc":2,"n":594.86,"vc":"223700","sl":"Элитный","sv":"35744","p":7700.0,"q":11.68,"b":0.0,"ms":11.27,"wi":131.96,"ei":6.72,"as":1776.47,"mi":"E","mv":317145,"sc":2,"lpe":85.58,"lpr":2378.29,"lq":1.63,"d":2542506},{"pi":"335181","pc":"Продукты питания","ss":100000,"td":"Центр города","dc":2,"n":504.7,"vc":"626733","sl":"Низкий","sv":"10000","p":4800.0,"q":11.68,"b":0.0,"ms":3.15,"wi":131.96,"ei":6.72,"as":1776.47,"mi":"E","mv":317145,"sc":2,"lpe":85.58,"lpr":2378.29,"lq":1.63,"d":2542506},{"pi":"335181","pc":"Продукты питания","ss":40000,"td":"Центр города","dc":1,"n":377.86,"vc":"97376","sl":"Элитный","sv":"1","p":10000.0,"q":12.34,"b":0.0,"ms":0.0,"wi":45.61,"ei":8.95,"as":326.91,"mi":"E","mv":169475,"sc":1,"lpe":100.0,"lpr":1854.85,"lq":1.0,"d":2976414},{"pi":"335181","pc":"Продукты питания","ss":100000,"td":"Центр города","dc":2,"n":459.26,"vc":"223865","sl":"Элитный","sv":"20000","p":4550.0,"q":11.68,"b":0.0,"ms":14.64,"wi":115.61,"ei":6.91,"as":1461.51,"mi":"E","mv":136570,"sc":1,"lpe":85.36,"lpr":1423.87,"lq":1.17,"d":1489874},{"pi":"335181","pc":"Продукты питания","ss":15000,"td":"Фешенебельный район","dc":1,"n":542.09,"vc":"15372","sl":"Элитный","sv":"2854","p":4450.0,"q":11.67,"b":0.0,"ms":7.98,"wi":80.59,"ei":6.9,"as":850.5,"mi":"E","mv":35785,"sc":1,"lpe":92.02,"lpr":1742.79,"lq":1.0,"d":688452},{"pi":"335181","pc":"Продукты питания","ss":160000,"td":"Окраина","dc":2,"n":539.93,"vc":"592750","sl":"Нормальный","sv":"100","p":6000.0,"q":11.68,"b":0.0,"ms":0.1,"wi":86.72,"ei":7.1,"as":871.5,"mi":"E","mv":95717,"sc":2,"lpe":99.89,"lpr":2522.19,"lq":1.0,"d":957768},{"pi":"335181","pc":"Продукты питания","ss":31000,"td":"Центр города","dc":1,"n":445.39,"vc":"95804","sl":"Элитный","sv":"1","p":10000.0,"q":12.34,"b":0.0,"ms":0.0,"wi":86.72,"ei":7.1,"as":871.5,"mi":"E","mv":95717,"sc":2,"lpe":99.89,"lpr":2522.19,"lq":1.0,"d":957768},{"pi":"335181","pc":"Продукты питания","ss":100000,"td":"Фешенебельный район","dc":2,"n":594.19,"vc":"223978","sl":"Элитный","sv":"28121","p":5100.0,"q":11.68,"b":0.0,"ms":8.31,"wi":81.91,"ei":8.82,"as":546.4,"mi":"E","mv":338467,"sc":1,"lpe":91.69,"lpr":1440.73,"lq":1.0,"d":2598727},{"pi":"335181","pc":"Продукты питания","ss":100000,"td":"Фешенебельный район","dc":2,"n":671.29,"vc":"223602","sl":"Элитный","sv":"3000","p":5900.0,"q":11.68,"b":0.0,"ms":7.16,"wi":128.02,"ei":8.82,"as":625.38,"mi":"E","mv":41907,"sc":1,"lpe":92.84,"lpr":2278.01,"lq":1.0,"d":311011},{"pi":"335181","pc":"Продукты питания","ss":1000,"td":"Фешенебельный район","dc":3,"n":309.48,"vc":"532","sl":"Очень высокий","sv":"1322","p":4000.0,"q":5.0,"b":0.0,"ms":2.46,"wi":109.29,"ei":6.7,"as":1597.06,"mi":"E","mv":53833,"sc":1,"lpe":97.54,"lpr":4075.24,"lq":1.0,"d":976806},{"pi":"335181","pc":"Продукты питания","ss":100000,"td":"Центр города","dc":2,"n":335.39,"vc":"86020","sl":"Очень высокий","sv":"2276","p":5000.0,"q":11.68,"b":0.0,"ms":1.02,"wi":57.01,"ei":11.71,"as":410.0,"mi":"E","mv":223050,"sc":3,"lpe":98.77,"lpr":1502.7,"lq":1.0,"d":2912574},{"pi":"335181","pc":"Продукты питания","ss":24500,"td":"Центр города","dc":2,"n":296.28,"vc":"34598","sl":"Очень высокий","sv":"244","p":5500.0,"q":11.68,"b":0.0,"ms":0.11,"wi":57.01,"ei":11.71,"as":410.0,"mi":"E","mv":223050,"sc":3,"lpe":98.77,"lpr":1502.7,"lq":1.0,"d":2912574},{"pi":"335181","pc":"Продукты питания","ss":11000,"td":"Центр города","dc":1,"n":114.99,"vc":"3576","sl":"Элитный","sv":"215","p":4900.0,"q":11.68,"b":0.0,"ms":0.1,"wi":57.01,"ei":11.71,"as":410.0,"mi":"E","mv":223050,"sc":3,"lpe":98.77,"lpr":1502.7,"lq":1.0,"d":2912574},{"pi":"335181","pc":"Продукты питания","ss":100000,"td":"Фешенебельный район","dc":2,"n":683.02,"vc":"224008","sl":"Элитный","sv":"3000","p":5700.0,"q":11.68,"b":0.0,"ms":10.09,"wi":96.34,"ei":7.3,"as":643.27,"mi":"E","mv":29718,"sc":1,"lpe":89.91,"lpr":1394.19,"lq":1.26,"d":286767},{"pi":"335181","pc":"Продукты питания","ss":100000,"td":"Фешенебельный район","dc":2,"n":514.88,"vc":"139200","sl":"Элитный","sv":"44608","p":5200.0,"q":11.68,"b":0.0,"ms":11.17,"wi":89.14,"ei":7.05,"as":1247.63,"mi":"E","mv":399408,"sc":1,"lpe":88.83,"lpr":1701.32,"lq":1.64,"d":5900984},{"pi":"335181","pc":"Продукты питания","ss":100000,"td":"Центр города","dc":1,"n":565.56,"vc":"470402","sl":"Очень высокий","sv":"2428","p":4300.0,"q":10.81,"b":0.0,"ms":19.03,"wi":90.52,"ei":7.2,"as":937.65,"mi":"E","mv":12759,"sc":1,"lpe":80.97,"lpr":1384.52,"lq":1.06,"d":210430},{"pi":"335181","pc":"Продукты питания","ss":100000,"td":"Фешенебельный район","dc":2,"n":670.17,"vc":"223791","sl":"Элитный","sv":"3000","p":5300.0,"q":11.68,"b":0.0,"ms":2.76,"wi":62.28,"ei":8.99,"as":967.35,"mi":"E","mv":108715,"sc":1,"lpe":97.24,"lpr":1460.66,"lq":1.0,"d":1023950},{"pi":"335181","pc":"Продукты питания","ss":1000,"td":"Фешенебельный район","dc":10,"n":165.33,"vc":"250","sl":"Очень высокий","sv":"3","p":4300.0,"q":11.68,"b":0.0,"ms":0.0,"wi":38.84,"ei":6.46,"as":550.2,"mi":"E","mv":69960,"sc":1,"lpe":100.0,"lpr":1026.08,"lq":1.0,"d":1548177},{"pi":"335181","pc":"Продукты питания","ss":100000,"td":"Фешенебельный район","dc":2,"n":691.87,"vc":"224672","sl":"Элитный","sv":"2534","p":5300.0,"q":11.68,"b":0.0,"ms":10.56,"wi":101.72,"ei":7.3,"as":549.44,"mi":"E","mv":23987,"sc":1,"lpe":89.44,"lpr":1207.79,"lq":1.0,"d":185081},{"pi":"335181","pc":"Продукты питания","ss":7300,"td":"Центр города","dc":10,"n":350.08,"vc":"25965","sl":"Очень низкий","sv":"1","p":6500.0,"q":1.16,"b":0.0,"ms":0.0,"wi":59.25,"ei":8.02,"as":811.4,"mi":"E","mv":153373,"sc":1,"lpe":100.0,"lpr":4084.42,"lq":1.0,"d":4968783},{"pi":"335181","pc":"Продукты питания","ss":100000,"td":"Фешенебельный район","dc":2,"n":684.81,"vc":"224247","sl":"Элитный","sv":"500","p":4800.0,"q":11.68,"b":0.0,"ms":1.52,"wi":65.31,"ei":5.25,"as":522.9,"mi":"E","mv":32998,"sc":1,"lpe":98.48,"lpr":1024.11,"lq":1.0,"d":216300},{"pi":"335181","pc":"Продукты питания","ss":100000,"td":"Фешенебельный район","dc":2,"n":687.98,"vc":"224553","sl":"Элитный","sv":"500","p":4600.0,"q":11.68,"b":0.0,"ms":1.61,"wi":67.14,"ei":5.25,"as":404.25,"mi":"E","mv":30970,"sc":1,"lpe":98.39,"lpr":1024.81,"lq":1.0,"d":199038},{"pi":"335181","pc":"Продукты питания","ss":100000,"td":"Центр города","dc":1,"n":515.53,"vc":"766070","sl":"Очень низкий","sv":"23351","p":5500.0,"q":11.68,"b":0.0,"ms":7.88,"wi":107.69,"ei":6.45,"as":681.19,"mi":"E","mv":296348,"sc":1,"lpe":92.12,"lpr":1688.69,"lq":1.0,"d":3351144},{"pi":"335181","pc":"Продукты питания","ss":100000,"td":"Центр города","dc":2,"n":493.97,"vc":"529502","sl":"Низкий","sv":"29185","p":6000.0,"q":11.68,"b":0.0,"ms":10.98,"wi":127.75,"ei":7.06,"as":1642.86,"mi":"E","mv":265812,"sc":3,"lpe":81.46,"lpr":2750.31,"lq":1.61,"d":2109186},{"pi":"335181","pc":"Продукты питания","ss":100000,"td":"Центр города","dc":1,"n":502.73,"vc":"576022","sl":"Нормальный","sv":"20000","p":5900.0,"q":11.68,"b":0.0,"ms":7.52,"wi":127.75,"ei":7.06,"as":1642.86,"mi":"E","mv":265812,"sc":3,"lpe":81.46,"lpr":2750.31,"lq":1.61,"d":2109186},{"pi":"335181","pc":"Продукты питания","ss":21000,"td":"Центр города","dc":2,"n":221.53,"vc":"15330","sl":"Элитный","sv":"100","p":4600.0,"q":11.68,"b":0.0,"ms":0.04,"wi":127.75,"ei":7.06,"as":1642.86,"mi":"E","mv":265812,"sc":3,"lpe":81.46,"lpr":2750.31,"lq":1.61,"d":2109186},{"pi":"335181","pc":"Продукты питания","ss":100000,"td":"Фешенебельный район","dc":1,"n":629.88,"vc":"223839","sl":"Элитный","sv":"8583","p":4650.0,"q":11.68,"b":0.0,"ms":7.04,"wi":73.83,"ei":6.3,"as":571.53,"mi":"E","mv":121959,"sc":2,"lpe":92.8,"lpr":1184.48,"lq":1.0,"d":973156},{"pi":"335181","pc":"Продукты питания","ss":25000,"td":"Центр города","dc":1,"n":329.75,"vc":"31437","sl":"Очень высокий","sv":"203","p":4500.0,"q":11.68,"b":0.0,"ms":0.17,"wi":73.83,"ei":6.3,"as":571.53,"mi":"E","mv":121959,"sc":2,"lpe":92.8,"lpr":1184.48,"lq":1.0,"d":973156},{"pi":"335181","pc":"Продукты питания","ss":15000,"td":"Фешенебельный район","dc":1,"n":533.55,"vc":"12429","sl":"Элитный","sv":"742","p":5500.0,"q":16.87,"b":0.0,"ms":1.1,"wi":81.36,"ei":6.0,"as":546.98,"mi":"E","mv":67215,"sc":1,"lpe":98.9,"lpr":1637.39,"lq":1.0,"d":453298},{"pi":"335181","pc":"Продукты питания","ss":100000,"td":"Центр города","dc":1,"n":336.29,"vc":"74847","sl":"Элитный","sv":"868","p":4500.0,"q":11.68,"b":0.0,"ms":3.94,"wi":37.97,"ei":14.14,"as":304.91,"mi":"E","mv":22020,"sc":1,"lpe":96.06,"lpr":1183.92,"lq":1.0,"d":699729},{"pi":"335181","pc":"Продукты питания","ss":2500,"td":"Центр города","dc":1,"n":198.8,"vc":"3343","sl":"Очень высокий","sv":"1","p":4300.0,"q":7.01,"b":0.0,"ms":0.0,"wi":60.25,"ei":9.36,"as":614.31,"mi":"E","mv":524801,"sc":1,"lpe":100.0,"lpr":1268.84,"lq":1.0,"d":3832748},{"pi":"335181","pc":"Продукты питания","ss":100000,"td":"Центр города","dc":7,"n":285.44,"vc":"134666","sl":"Высокий","sv":"300000","p":1000.0,"q":13.45,"b":4.78,"ms":23.75,"wi":39.97,"ei":5.34,"as":208.05,"mi":"E","mv":1263361,"sc":1,"lpe":76.25,"lpr":924.57,"lq":1.0,"d":12982716},{"pi":"335181","pc":"Продукты питания","ss":140000,"td":"Центр города","dc":2,"n":452.23,"vc":"248681","sl":"Высокий","sv":"6208","p":5500.0,"q":9.9,"b":0.0,"ms":6.91,"wi":100.56,"ei":8.23,"as":1206.09,"mi":"E","mv":89793,"sc":1,"lpe":93.09,"lpr":2209.11,"lq":1.0,"d":1395634},{"pi":"335181","pc":"Продукты питания","ss":10000,"td":"Спальный район","dc":1,"n":34.29,"vc":"1820","sl":"Элитный","sv":"74","p":2250.0,"q":5.0,"b":0.0,"ms":0.03,"wi":78.65,"ei":6.43,"as":351.11,"mi":"E","mv":229041,"sc":1,"lpe":99.97,"lpr":1023.77,"lq":1.0,"d":1885836},{"pi":"335181","pc":"Продукты питания","ss":100000,"td":"Центр города","dc":2,"n":437.57,"vc":"331086","sl":"Очень высокий","sv":"23612","p":4400.0,"q":11.18,"b":0.0369871251905811,"ms":9.42,"wi":116.13,"ei":7.17,"as":2122.22,"mi":"E","mv":250568,"sc":4,"lpe":78.8,"lpr":1529.31,"lq":1.58,"d":2596850},{"pi":"335181","pc":"Продукты питания","ss":100000,"td":"Центр города","dc":2,"n":375.36,"vc":"182028","sl":"Элитный","sv":"17907","p":4588.0,"q":10.73,"b":0.166581783660021,"ms":7.15,"wi":116.13,"ei":7.17,"as":2122.22,"mi":"E","mv":250568,"sc":4,"lpe":78.8,"lpr":1529.31,"lq":1.58,"d":2596850},{"pi":"335181","pc":"Продукты питания","ss":100000,"td":"Центр города","dc":2,"n":439.09,"vc":"223982","sl":"Элитный","sv":"10000","p":5000.0,"q":11.68,"b":0.26,"ms":3.99,"wi":116.13,"ei":7.17,"as":2122.22,"mi":"E","mv":250568,"sc":4,"lpe":78.8,"lpr":1529.31,"lq":1.58,"d":2596850},{"pi":"335181","pc":"Продукты питания","ss":100000,"td":"Центр города","dc":2,"n":559.02,"vc":"1064474","sl":"Низкий","sv":"1589","p":5000.0,"q":9.22,"b":0.0217621145374449,"ms":0.63,"wi":116.13,"ei":7.17,"as":2122.22,"mi":"E","mv":250568,"sc":4,"lpe":78.8,"lpr":1529.31,"lq":1.58,"d":2596850},{"pi":"335181","pc":"Продукты питания","ss":100000,"td":"Центр города","dc":1,"n":474.63,"vc":"751138","sl":"Очень высокий","sv":"60000","p":6000.0,"q":16.87,"b":1.29,"ms":15.17,"wi":102.86,"ei":10.85,"as":2744.68,"mi":"E","mv":395413,"sc":5,"lpe":66.76,"lpr":2659.88,"lq":2.12,"d":9744630},{"pi":"335181","pc":"Продукты питания","ss":300000,"td":"Фешенебельный район","dc":1,"n":407.21,"vc":"133924","sl":"Элитный","sv":"40000","p":5700.0,"q":11.68,"b":0.0,"ms":10.12,"wi":102.86,"ei":10.85,"as":2744.68,"mi":"E","mv":395413,"sc":5,"lpe":66.76,"lpr":2659.88,"lq":2.12,"d":9744630},{"pi":"335181","pc":"Продукты питания","ss":200000,"td":"Центр города","dc":2,"n":516.38,"vc":"2176320","sl":"Нормальный","sv":"26080","p":4500.0,"q":16.87,"b":1.29,"ms":6.6,"wi":102.86,"ei":10.85,"as":2744.68,"mi":"E","mv":395413,"sc":5,"lpe":66.76,"lpr":2659.88,"lq":2.12,"d":9744630},{"pi":"335181","pc":"Продукты питания","ss":20000,"td":"Центр города","dc":1,"n":150.18,"vc":"14386","sl":"Элитный","sv":"4364","p":4999.99,"q":16.59,"b":1.28970439963336,"ms":1.1,"wi":102.86,"ei":10.85,"as":2744.68,"mi":"E","mv":395413,"sc":5,"lpe":66.76,"lpr":2659.88,"lq":2.12,"d":9744630},{"pi":"335181","pc":"Продукты питания","ss":100000,"td":"Фешенебельный район","dc":1,"n":313.54,"vc":"15959","sl":"Элитный","sv":"1000","p":4500.0,"q":16.87,"b":1.29,"ms":0.25,"wi":102.86,"ei":10.85,"as":2744.68,"mi":"E","mv":395413,"sc":5,"lpe":66.76,"lpr":2659.88,"lq":2.12,"d":9744630},{"pi":"335181","pc":"Продукты питания","ss":51700,"td":"Фешенебельный район","dc":7,"n":370.75,"vc":"8541","sl":"Элитный","sv":"460","p":10000.0,"q":16.87,"b":0.0,"ms":0.88,"wi":101.15,"ei":4.2,"as":358.64,"mi":"E","mv":52129,"sc":1,"lpe":99.12,"lpr":2803.77,"lq":1.0,"d":445356},{"pi":"335181","pc":"Продукты питания","ss":100000,"td":"Центр города","dc":1,"n":107.12,"vc":"5002","sl":"Элитный","sv":"1","p":4000.0,"q":16.75,"b":0.0,"ms":0.0,"wi":102.66,"ei":5.0,"as":366.29,"mi":"E","mv":57335,"sc":1,"lpe":100.0,"lpr":2632.11,"lq":1.0,"d":454964},{"pi":"335181","pc":"Продукты питания","ss":200000,"td":"Центр города","dc":1,"n":527.43,"vc":"1056702","sl":"Очень высокий","sv":"82018","p":4000.0,"q":10.88,"b":0.0,"ms":28.82,"wi":99.69,"ei":9.31,"as":1270.5,"mi":"E","mv":284595,"sc":1,"lpe":71.18,"lpr":1684.64,"lq":1.13,"d":2836484},{"pi":"335181","pc":"Продукты питания","ss":10000,"td":"Фешенебельный район","dc":2,"n":441.51,"vc":"5898","sl":"Элитный","sv":"1546","p":5000.0,"q":11.68,"b":0.0,"ms":3.58,"wi":51.22,"ei":6.76,"as":427.68,"mi":"E","mv":43156,"sc":1,"lpe":96.42,"lpr":1380.42,"lq":1.0,"d":988934},{"pi":"335181","pc":"Продукты питания","ss":10000,"td":"Спальный район","dc":1,"n":15.86,"vc":"1862","sl":"Очень высокий","sv":"65","p":2300.0,"q":5.0,"b":0.0,"ms":0.02,"wi":93.34,"ei":5.0,"as":474.39,"mi":"E","mv":288049,"sc":1,"lpe":99.98,"lpr":1025.05,"lq":1.0,"d":2970884},{"pi":"335181","pc":"Продукты питания","ss":100000,"td":"Центр города","dc":2,"n":121.65,"vc":"11458","sl":"Очень высокий","sv":"58","p":4300.0,"q":7.01,"b":0.0,"ms":0.18,"wi":17.18,"ei":17.09,"as":56.27,"mi":"E","mv":32209,"sc":1,"lpe":99.82,"lpr":1518.89,"lq":1.0,"d":3998532},{"pi":"335181","pc":"Продукты питания","ss":3500,"td":"Центр города","dc":4,"n":254.58,"vc":"4146","sl":"Высокий","sv":"1061","p":1200.0,"q":6.91,"b":0.443883129123468,"ms":6.94,"wi":23.56,"ei":6.71,"as":303.71,"mi":"E","mv":15283,"sc":1,"lpe":93.06,"lpr":530.59,"lq":1.0,"d":471037},{"pi":"335181","pc":"Продукты питания","ss":1000,"td":"Центр города","dc":2,"n":212.6,"vc":"1156","sl":"Очень высокий","sv":"1250","p":4000.0,"q":16.87,"b":0.0,"ms":2.09,"wi":88.26,"ei":7.25,"as":562.28,"mi":"E","mv":59843,"sc":1,"lpe":97.91,"lpr":2382.36,"lq":1.0,"d":598348},{"pi":"335181","pc":"Продукты питания","ss":45000,"td":"Фешенебельный район","dc":2,"n":488.59,"vc":"23690","sl":"Элитный","sv":"4688","p":4650.0,"q":12.19,"b":0.0,"ms":15.67,"wi":89.42,"ei":9.5,"as":1197.0,"mi":"E","mv":29917,"sc":1,"lpe":84.33,"lpr":1977.09,"lq":1.52,"d":573484},{"pi":"335181","pc":"Продукты питания","ss":200000,"td":"Центр города","dc":2,"n":613.63,"vc":"2995416","sl":"Очень низкий","sv":"1000","p":5000.0,"q":11.68,"b":0.0,"ms":1.01,"wi":96.92,"ei":9.6,"as":1470.0,"mi":"E","mv":99492,"sc":1,"lpe":98.99,"lpr":3309.81,"lq":1.0,"d":1347944},{"pi":"335181","pc":"Продукты питания","ss":1000,"td":"Центр города","dc":2,"n":343.35,"vc":"2031","sl":"Высокий","sv":"256","p":2294.0,"q":9.52,"b":0.0,"ms":2.17,"wi":55.02,"ei":6.51,"as":504.0,"mi":"E","mv":11801,"sc":1,"lpe":97.83,"lpr":1013.95,"lq":1.0,"d":114330},{"pi":"335181","pc":"Продукты питания","ss":1000,"td":"Спальный район","dc":1,"n":357.05,"vc":"1434","sl":"Элитный","sv":"200","p":1200.0,"q":5.0,"b":0.0,"ms":2.53,"wi":47.9,"ei":6.51,"as":503.58,"mi":"E","mv":7918,"sc":1,"lpe":97.47,"lpr":1032.52,"lq":1.0,"d":80987},{"pi":"335181","pc":"Продукты питания","ss":200000,"td":"Центр города","dc":2,"n":558.06,"vc":"2449456","sl":"Низкий","sv":"9","p":3800.0,"q":5.0,"b":0.0,"ms":0.0,"wi":48.46,"ei":12.08,"as":459.52,"mi":"E","mv":423959,"sc":1,"lpe":100.0,"lpr":1029.88,"lq":1.0,"d":3957256}]