[{"d":"18.04.2022","r":9324.0,"q":2.19,"p":39003.0,"s":[{"cn":"Bertis","ui":"10650241","t":8324.0,"r":7324.0,"q":1.98,"p":36000.0,"mot":"U","mo":7324.0},{"cn":"Chyof Ltd.","ui":"10164988","t":2000.0,"r":2000.0,"q":2.97,"p":50000.0,"mot":"U","mo":2000.0},{"cn":"","ui":"","t":0.0,"r":0.0,"q":0.0,"p":0.0,"mot":"L","mo":0.0}]},{"d":"19.04.2022","r":10998.0,"q":2.31,"p":40706.32,"s":[{"cn":"Bertis","ui":"10650241","t":7878.0,"r":6878.0,"q":1.91,"p":36000.0,"mot":"U","mo":6878.0},{"cn":"Chyof Ltd.","ui":"10164988","t":4000.0,"r":4000.0,"q":2.99,"p":50000.0,"mot":"U","mo":4000.0},{"cn":"","ui":"","t":67019.0,"r":120.0,"q":2.37,"p":667.5,"mot":"L","mo":120.0}]},{"d":"20.04.2022","r":100.0,"q":2.68,"p":1.0,"s":[{"cn":"X-PeRT Corp","ui":"10025076","t":88749.0,"r":86849.0,"q":2.68,"p":1.0,"mot":"L","mo":100.0},{"cn":"","ui":"","t":0.0,"r":0.0,"q":0.0,"p":0.0,"mot":"L","mo":0.0}]},{"d":"21.04.2022","r":100.0,"q":2.73,"p":1.0,"s":[{"cn":"X-PeRT Corp","ui":"10025076","t":108766.0,"r":106466.0,"q":2.73,"p":1.0,"mot":"L","mo":100.0},{"cn":"","ui":"","t":0.0,"r":0.0,"q":0.0,"p":0.0,"mot":"L","mo":0.0}]},{"d":"22.04.2022","r":100.0,"q":2.77,"p":1.0,"s":[{"cn":"X-PeRT Corp","ui":"10025076","t":128316.0,"r":126816.0,"q":2.77,"p":1.0,"mot":"L","mo":100.0},{"cn":"","ui":"","t":0.0,"r":0.0,"q":0.0,"p":0.0,"mot":"L","mo":0.0}]},{"d":"25.04.2022","r":65895.0,"q":2.77,"p":37291.69,"s":[{"cn":"Мы ждем перемен!!!","ui":"10658048","t":43089.0,"r":43089.0,"q":2.51,"p":20000.0,"mot":"U","mo":43089.0},{"cn":"Bertis","ui":"10650241","t":8296.0,"r":8296.0,"q":2.13,"p":36000.0,"mot":"U","mo":8296.0},{"cn":"Chyof Ltd.","ui":"10164988","t":14410.0,"r":14410.0,"q":3.91,"p":90000.0,"mot":"U","mo":14410.0},{"cn":"","ui":"","t":190463.0,"r":100.0,"q":3.01,"p":1.0,"mot":"L","mo":100.0}]},{"d":"26.04.2022","r":111224.0,"q":3.19,"p":30170.29,"s":[{"cn":"Фарадей","ui":"10625590","t":13902.0,"r":13402.0,"q":4.13,"p":15000.0,"mot":"U","mo":13402.0},{"cn":"Мы ждем перемен!!!","ui":"10658048","t":66204.0,"r":66204.0,"q":2.98,"p":15000.0,"mot":"U","mo":66204.0},{"cn":"Bertis","ui":"10650241","t":12435.0,"r":12435.0,"q":2.14,"p":36000.0,"mot":"U","mo":12435.0},{"cn":"Chyof Ltd.","ui":"10164988","t":19040.0,"r":19040.0,"q":3.93,"p":90000.0,"mot":"U","mo":19040.0},{"cn":"","ui":"","t":211570.0,"r":143.0,"q":2.47,"p":2169.09,"mot":"L","mo":143.0}]},{"d":"27.04.2022","r":100.0,"q":3.18,"p":1.0,"s":[{"cn":"X-PeRT Corp","ui":"10025076","t":232505.0,"r":228505.0,"q":3.18,"p":1.0,"mot":"L","mo":100.0},{"cn":"","ui":"","t":0.0,"r":0.0,"q":0.0,"p":0.0,"mot":"L","mo":0.0}]},{"d":"28.04.2022","r":100.0,"q":3.25,"p":1.0,"s":[{"cn":"X-PeRT Corp","ui":"10025076","t":251649.0,"r":248849.0,"q":3.25,"p":1.0,"mot":"L","mo":100.0},{"cn":"","ui":"","t":0.0,"r":0.0,"q":0.0,"p":0.0,"mot":"L","mo":0.0}]},{"d":"29.04.2022","r":82092.0,"q":3.42,"p":25867.44,"s":[{"cn":"Фарадей","ui":"10625590","t":24302.0,"r":23802.0,"q":4.26,"p":15000.0,"mot":"U","mo":23802.0},{"cn":"Мы ждем перемен!!!","ui":"10658048","t":23108.0,"r":23108.0,"q":3.93,"p":15000.0,"mot":"U","mo":23108.0},{"cn":"Bertis","ui":"10650241","t":25200.0,"r":25200.0,"q":2.2,"p":36000.0,"mot":"U","mo":25200.0},{"cn":"Epps Ltd.","ui":"10551255","t":5000.0,"r":5000.0,"q":2.06,"p":15000.0,"mot":"U","mo":5000.0},{"cn":"Chyof Ltd.","ui":"10164988","t":4862.0,"r":4862.0,"q":4.67,"p":90000.0,"mot":"U","mo":4862.0},{"cn":"","ui":"","t":272221.0,"r":120.0,"q":2.93,"p":667.83,"mot":"L","mo":120.0}]},{"d":"02.05.2022","r":377800.0,"q":2.71,"p":25243.73,"s":[{"cn":"Bertis","ui":"10650241","t":97580.0,"r":94480.0,"q":2.28,"p":26000.0,"mot":"U","mo":94480.0},{"cn":"Tolik2009 Ltd.","ui":"10685678","t":283216.0,"r":283216.0,"q":2.85,"p":25000.0,"mot":"U","mo":283216.0},{"cn":"","ui":"","t":332553.0,"r":104.0,"q":3.37,"p":1924.04,"mot":"L","mo":104.0}]},{"d":"03.05.2022","r":399835.0,"q":2.69,"p":25281.81,"s":[{"cn":"Bertis","ui":"10650241","t":119560.0,"r":116460.0,"q":2.31,"p":26000.0,"mot":"U","mo":116460.0},{"cn":"Tolik2009 Ltd.","ui":"10685678","t":283215.0,"r":283214.0,"q":2.85,"p":25000.0,"mot":"U","mo":283214.0},{"cn":"","ui":"","t":352367.0,"r":161.0,"q":2.57,"p":1516.91,"mot":"L","mo":161.0}]},{"d":"04.05.2022","r":283309.0,"q":2.85,"p":19992.94,"s":[{"cn":"Tolik2009 Ltd.","ui":"10685678","t":283214.0,"r":283209.0,"q":2.85,"p":20000.0,"mot":"U","mo":283209.0},{"cn":"","ui":"","t":372665.0,"r":100.0,"q":3.61,"p":1.0,"mot":"L","mo":100.0}]},{"d":"05.05.2022","r":605203.0,"q":3.13,"p":20213.84,"s":[{"cn":"Tolik2009 Ltd.","ui":"10685678","t":583209.0,"r":583204.0,"q":3.16,"p":20000.0,"mot":"U","mo":583204.0},{"cn":"","ui":"","t":414622.0,"r":21999.0,"q":2.41,"p":25882.91,"mot":"L","mo":21999.0}]},{"d":"06.05.2022","r":642580.0,"q":3.15,"p":20163.97,"s":[{"cn":"Bertis","ui":"10650241","t":46856.0,"r":43756.0,"q":2.43,"p":26000.0,"mot":"U","mo":43756.0},{"cn":"Tolik2009 Ltd.","ui":"10685678","t":583204.0,"r":583199.0,"q":3.16,"p":20000.0,"mot":"U","mo":583199.0},{"cn":"","ui":"","t":433493.0,"r":15625.0,"q":4.85,"p":9941.13,"mot":"L","mo":15625.0}]},{"d":"09.05.2022","r":580886.0,"q":3.16,"p":20000.26,"s":[{"cn":"Tolik2009 Ltd.","ui":"10685678","t":582166.0,"r":580881.0,"q":3.16,"p":20000.0,"mot":"U","mo":580881.0},{"cn":"","ui":"","t":5.0,"r":5.0,"q":1.01,"p":49999.99,"mot":"L","mo":5.0}]},{"d":"10.05.2022","r":579602.0,"q":3.16,"p":20000.31,"s":[{"cn":"Tolik2009 Ltd.","ui":"10685678","t":580881.0,"r":579596.0,"q":3.16,"p":20000.0,"mot":"U","mo":579596.0},{"cn":"","ui":"","t":6.0,"r":6.0,"q":1.01,"p":49999.99,"mot":"L","mo":6.0}]},{"d":"11.05.2022","r":578413.0,"q":3.16,"p":19997.74,"s":[{"cn":"Tolik2009 Ltd.","ui":"10685678","t":579596.0,"r":578311.0,"q":3.16,"p":20000.0,"mot":"U","mo":578311.0},{"cn":"","ui":"","t":307.0,"r":102.0,"q":1.0,"p":7156.86,"mot":"L","mo":102.0}]},{"d":"12.05.2022","r":598730.0,"q":3.14,"p":20191.94,"s":[{"cn":"Tolik2009 Ltd.","ui":"10685678","t":579256.0,"r":578916.0,"q":3.16,"p":20000.0,"mot":"U","mo":578916.0},{"cn":"","ui":"","t":25119.0,"r":19814.0,"q":2.45,"p":25799.84,"mot":"L","mo":19814.0}]},{"d":"13.05.2022","r":781621.0,"q":3.51,"p":20159.15,"s":[{"cn":"Bertis","ui":"10650241","t":44817.0,"r":39717.0,"q":2.46,"p":26000.0,"mot":"U","mo":39717.0},{"cn":"Tolik2009 Ltd.","ui":"10685678","t":578216.0,"r":577176.0,"q":3.16,"p":20000.0,"mot":"U","mo":577176.0},{"cn":"Tryqwer Inc.","ui":"10653601","t":144000.0,"r":142500.0,"q":4.97,"p":20000.0,"mot":"U","mo":142500.0},{"cn":"","ui":"","t":97738.0,"r":22228.0,"q":5.03,"p":14875.61,"mot":"L","mo":22228.0}]},{"d":"16.05.2022","r":1127633.0,"q":3.88,"p":16510.89,"s":[{"cn":"Мы ждем перемен!!!","ui":"10658048","t":163384.0,"r":79984.0,"q":5.8,"p":15000.0,"mot":"U","mo":79984.0},{"cn":"Bertis","ui":"10650241","t":104862.0,"r":99762.0,"q":2.46,"p":26000.0,"mot":"U","mo":99762.0},{"cn":"Tolik2009 Ltd.","ui":"10685678","t":794876.0,"r":793676.0,"q":3.64,"p":15000.0,"mot":"U","mo":793676.0},{"cn":"Tryqwer Inc.","ui":"10653601","t":139500.0,"r":138000.0,"q":4.97,"p":20000.0,"mot":"U","mo":138000.0},{"cn":"","ui":"","t":34105.0,"r":16211.0,"q":5.65,"p":9840.11,"mot":"L","mo":16211.0}]},{"d":"17.05.2022","r":1320828.0,"q":4.02,"p":18118.21,"s":[{"cn":"Мы ждем перемен!!!","ui":"10658048","t":182045.0,"r":98595.0,"q":5.83,"p":15000.0,"mot":"U","mo":98595.0},{"cn":"Bertis","ui":"10650241","t":124791.0,"r":119691.0,"q":2.46,"p":26000.0,"mot":"U","mo":119691.0},{"cn":"Tolik2009 Ltd.","ui":"10685678","t":793676.0,"r":792476.0,"q":3.64,"p":15000.0,"mot":"U","mo":792476.0},{"cn":"АО «ПОГАНКА»","ui":"5956300","t":149513.0,"r":149513.0,"q":4.94,"p":30000.0,"mot":"U","mo":149513.0},{"cn":"Tryqwer Inc.","ui":"10653601","t":138000.0,"r":136500.0,"q":4.97,"p":20000.0,"mot":"U","mo":136500.0},{"cn":"","ui":"","t":41997.0,"r":24053.0,"q":5.72,"p":9878.68,"mot":"L","mo":24053.0}]},{"d":"18.05.2022","r":1328214.0,"q":3.99,"p":18293.08,"s":[{"cn":"Мы ждем перемен!!!","ui":"10658048","t":200646.0,"r":117186.0,"q":5.87,"p":15000.0,"mot":"U","mo":117186.0},{"cn":"Bertis","ui":"10650241","t":144891.0,"r":139791.0,"q":2.46,"p":26000.0,"mot":"U","mo":139791.0},{"cn":"Tolik2009 Ltd.","ui":"10685678","t":792476.0,"r":791076.0,"q":3.64,"p":15000.0,"mot":"U","mo":791076.0},{"cn":"АО «ПОГАНКА»","ui":"5956300","t":147013.0,"r":144513.0,"q":4.94,"p":30000.0,"mot":"U","mo":144513.0},{"cn":"Tryqwer Inc.","ui":"10653601","t":136500.0,"r":135000.0,"q":4.97,"p":20000.0,"mot":"U","mo":135000.0},{"cn":"","ui":"","t":887.0,"r":648.0,"q":1.01,"p":4993.83,"mot":"L","mo":648.0}]},{"d":"19.05.2022","r":1424207.0,"q":4.09,"p":18193.77,"s":[{"cn":"Мы ждем перемен!!!","ui":"10658048","t":270342.0,"r":181880.0,"q":5.91,"p":15000.0,"mot":"U","mo":181880.0},{"cn":"Bertis","ui":"10650241","t":164949.0,"r":159849.0,"q":2.46,"p":26000.0,"mot":"U","mo":159849.0},{"cn":"Tolik2009 Ltd.","ui":"10685678","t":790976.0,"r":789426.0,"q":3.64,"p":15000.0,"mot":"U","mo":789426.0},{"cn":"АО «ПОГАНКА»","ui":"5956300","t":144513.0,"r":142013.0,"q":4.94,"p":30000.0,"mot":"U","mo":142013.0},{"cn":"Tryqwer Inc.","ui":"10653601","t":135000.0,"r":133500.0,"q":4.97,"p":20000.0,"mot":"U","mo":133500.0},{"cn":"","ui":"","t":27768.0,"r":17539.0,"q":6.63,"p":14575.23,"mot":"L","mo":17539.0}]},{"d":"20.05.2022","r":1580980.0,"q":4.26,"p":17958.79,"s":[{"cn":"Мы ждем перемен!!!","ui":"10658048","t":335042.0,"r":249582.0,"q":5.94,"p":15000.0,"mot":"U","mo":249582.0},{"cn":"Bertis","ui":"10650241","t":184965.0,"r":179865.0,"q":2.46,"p":26000.0,"mot":"U","mo":179865.0},{"cn":"Tolik2009 Ltd.","ui":"10685678","t":789426.0,"r":785776.0,"q":3.64,"p":15000.0,"mot":"U","mo":785776.0},{"cn":"АО «ПОГАНКА»","ui":"5956300","t":142013.0,"r":139513.0,"q":4.94,"p":30000.0,"mot":"U","mo":139513.0},{"cn":"Tryqwer Inc.","ui":"10653601","t":133500.0,"r":132000.0,"q":4.97,"p":20000.0,"mot":"U","mo":132000.0},{"cn":"","ui":"","t":122453.0,"r":94244.0,"q":6.47,"p":14433.11,"mot":"L","mo":94244.0}]},{"d":"23.05.2022","r":1339303.0,"q":4.45,"p":17119.28,"s":[{"cn":"Tolik2009 Ltd.","ui":"10685678","t":944865.0,"r":930604.0,"q":4.03,"p":15000.0,"mot":"U","mo":930604.0},{"cn":"АО «ПОГАНКА»","ui":"5956300","t":134513.0,"r":132013.0,"q":4.94,"p":30000.0,"mot":"U","mo":132013.0},{"cn":"Мы ждем перемен!!!","ui":"10712461","t":209177.0,"r":129167.0,"q":6.79,"p":15000.0,"mot":"U","mo":129167.0},{"cn":"Tryqwer Inc.","ui":"10653601","t":129000.0,"r":127500.0,"q":4.97,"p":20000.0,"mot":"U","mo":127500.0},{"cn":"","ui":"","t":203681.0,"r":20019.0,"q":2.46,"p":26022.78,"mot":"L","mo":20019.0}]},{"d":"24.05.2022","r":1374015.0,"q":4.55,"p":17033.02,"s":[{"cn":"Tolik2009 Ltd.","ui":"10685678","t":930604.0,"r":916343.0,"q":4.03,"p":15000.0,"mot":"U","mo":916343.0},{"cn":"АО «ПОГАНКА»","ui":"5956300","t":132013.0,"r":129513.0,"q":4.94,"p":30000.0,"mot":"U","mo":129513.0},{"cn":"Мы ждем перемен!!!","ui":"10712461","t":182449.0,"r":182139.0,"q":6.85,"p":15000.0,"mot":"U","mo":182139.0},{"cn":"Tryqwer Inc.","ui":"10653601","t":127500.0,"r":126000.0,"q":4.97,"p":20000.0,"mot":"U","mo":126000.0},{"cn":"","ui":"","t":201218.0,"r":20020.0,"q":2.46,"p":26023.98,"mot":"L","mo":20020.0}]},{"d":"25.05.2022","r":1367132.0,"q":4.58,"p":17010.36,"s":[{"cn":"Tolik2009 Ltd.","ui":"10685678","t":916343.0,"r":904332.0,"q":4.03,"p":15000.0,"mot":"U","mo":904332.0},{"cn":"АО «ПОГАНКА»","ui":"5956300","t":129513.0,"r":127013.0,"q":4.94,"p":30000.0,"mot":"U","mo":127013.0},{"cn":"Мы ждем перемен!!!","ui":"10712461","t":235716.0,"r":191266.0,"q":6.89,"p":15000.0,"mot":"U","mo":191266.0},{"cn":"Tryqwer Inc.","ui":"10653601","t":126000.0,"r":124500.0,"q":4.97,"p":20000.0,"mot":"U","mo":124500.0},{"cn":"","ui":"","t":221319.0,"r":20021.0,"q":2.46,"p":26025.17,"mot":"L","mo":20021.0}]},{"d":"26.05.2022","r":1322285.0,"q":4.53,"p":17044.54,"s":[{"cn":"Tolik2009 Ltd.","ui":"10685678","t":904332.0,"r":892321.0,"q":4.03,"p":15000.0,"mot":"U","mo":892321.0},{"cn":"АО «ПОГАНКА»","ui":"5956300","t":127013.0,"r":124513.0,"q":4.94,"p":30000.0,"mot":"U","mo":124513.0},{"cn":"Tryqwer Inc.","ui":"10653601","t":124500.0,"r":123000.0,"q":4.97,"p":20000.0,"mot":"U","mo":123000.0},{"cn":"Мы ждем перемен!!!","ui":"10712461","t":244837.0,"r":160387.0,"q":6.93,"p":15000.0,"mot":"U","mo":160387.0},{"cn":"","ui":"","t":243420.0,"r":22064.0,"q":2.77,"p":25005.89,"mot":"L","mo":22064.0}]},{"d":"27.05.2022","r":1229509.0,"q":4.39,"p":17161.36,"s":[{"cn":"Tolik2009 Ltd.","ui":"10685678","t":892321.0,"r":880560.0,"q":4.03,"p":15000.0,"mot":"U","mo":880560.0},{"cn":"АО «ПОГАНКА»","ui":"5956300","t":124513.0,"r":122013.0,"q":4.94,"p":30000.0,"mot":"U","mo":122013.0},{"cn":"Мы ждем перемен!!!","ui":"10712461","t":213953.0,"r":79504.0,"q":6.97,"p":15000.0,"mot":"U","mo":79504.0},{"cn":"Tryqwer Inc.","ui":"10653601","t":123000.0,"r":121500.0,"q":4.97,"p":20000.0,"mot":"U","mo":121500.0},{"cn":"","ui":"","t":275405.0,"r":25932.0,"q":3.45,"p":23472.93,"mot":"L","mo":25932.0}]},{"d":"30.05.2022","r":1130157.0,"q":4.24,"p":17107.85,"s":[{"cn":"Tolik2009 Ltd.","ui":"10685678","t":871638.0,"r":866967.0,"q":4.03,"p":15000.0,"mot":"U","mo":866967.0},{"cn":"АО «ПОГАНКА»","ui":"5956300","t":117013.0,"r":114513.0,"q":4.94,"p":30000.0,"mot":"U","mo":114513.0},{"cn":"Tryqwer Inc.","ui":"10653601","t":107898.0,"r":101097.0,"q":4.97,"p":20000.0,"mot":"U","mo":101097.0},{"cn":"","ui":"","t":368389.0,"r":47580.0,"q":4.76,"p":18342.22,"mot":"L","mo":47580.0}]},{"d":"31.05.2022","r":1093822.0,"q":4.22,"p":17032.87,"s":[{"cn":"Tolik2009 Ltd.","ui":"10685678","t":866967.0,"r":862296.0,"q":4.03,"p":15000.0,"mot":"U","mo":862296.0},{"cn":"АО «ПОГАНКА»","ui":"5956300","t":114513.0,"r":112013.0,"q":4.94,"p":30000.0,"mot":"U","mo":112013.0},{"cn":"Tryqwer Inc.","ui":"10653601","t":88797.0,"r":69696.0,"q":4.97,"p":20000.0,"mot":"U","mo":69696.0},{"cn":"","ui":"","t":398308.0,"r":49817.0,"q":4.79,"p":18912.78,"mot":"L","mo":49817.0}]},{"d":"01.06.2022","r":1064407.0,"q":4.19,"p":17024.88,"s":[{"cn":"Tolik2009 Ltd.","ui":"10685678","t":862296.0,"r":857565.0,"q":4.03,"p":15000.0,"mot":"U","mo":857565.0},{"cn":"АО «ПОГАНКА»","ui":"5956300","t":112013.0,"r":109513.0,"q":4.94,"p":30000.0,"mot":"U","mo":109513.0},{"cn":"","ui":"","t":485070.0,"r":97329.0,"q":4.79,"p":20266.67,"mot":"L","mo":97329.0}]},{"d":"02.06.2022","r":1040864.0,"q":4.19,"p":16965.93,"s":[{"cn":"Tolik2009 Ltd.","ui":"10685678","t":857565.0,"r":852834.0,"q":4.03,"p":15000.0,"mot":"U","mo":852834.0},{"cn":"АО «ПОГАНКА»","ui":"5956300","t":109513.0,"r":107013.0,"q":4.94,"p":30000.0,"mot":"U","mo":107013.0},{"cn":"","ui":"","t":485800.0,"r":81017.0,"q":4.9,"p":20444.23,"mot":"L","mo":81017.0}]},{"d":"03.06.2022","r":1014910.0,"q":4.19,"p":16920.55,"s":[{"cn":"Tolik2009 Ltd.","ui":"10685678","t":852834.0,"r":848103.0,"q":4.03,"p":15000.0,"mot":"U","mo":848103.0},{"cn":"АО «ПОГАНКА»","ui":"5956300","t":107013.0,"r":104513.0,"q":4.94,"p":30000.0,"mot":"U","mo":104513.0},{"cn":"","ui":"","t":492380.0,"r":62294.0,"q":5.07,"p":21124.11,"mot":"L","mo":62294.0}]},{"d":"06.06.2022","r":980637.0,"q":4.2,"p":16885.95,"s":[{"cn":"Tolik2009 Ltd.","ui":"10685678","t":836171.0,"r":828710.0,"q":4.03,"p":15000.0,"mot":"U","mo":828710.0},{"cn":"АО «ПОГАНКА»","ui":"5956300","t":99513.0,"r":97013.0,"q":4.94,"p":30000.0,"mot":"U","mo":97013.0},{"cn":"","ui":"","t":529355.0,"r":54914.0,"q":5.54,"p":22179.23,"mot":"L","mo":54914.0}]},{"d":"07.06.2022","r":1053385.0,"q":4.49,"p":16737.27,"s":[{"cn":"Мы ждем перемен!!!","ui":"10658048","t":281420.0,"r":68530.0,"q":8.15,"p":15000.0,"mot":"U","mo":68530.0},{"cn":"Tolik2009 Ltd.","ui":"10685678","t":828710.0,"r":821229.0,"q":4.03,"p":15000.0,"mot":"U","mo":821229.0},{"cn":"АО «ПОГАНКА»","ui":"5956300","t":97013.0,"r":94513.0,"q":4.94,"p":30000.0,"mot":"U","mo":94513.0},{"cn":"","ui":"","t":570126.0,"r":69113.0,"q":5.72,"p":20965.88,"mot":"L","mo":69113.0}]},{"d":"08.06.2022","r":1181248.0,"q":4.8,"p":16447.41,"s":[{"cn":"Мы ждем перемен!!!","ui":"10658048","t":349891.0,"r":176971.0,"q":8.18,"p":15000.0,"mot":"U","mo":176971.0},{"cn":"Tolik2009 Ltd.","ui":"10685678","t":821239.0,"r":808757.0,"q":4.03,"p":15000.0,"mot":"U","mo":808757.0},{"cn":"АО «ПОГАНКА»","ui":"5956300","t":94513.0,"r":92013.0,"q":4.94,"p":30000.0,"mot":"U","mo":92013.0},{"cn":"","ui":"","t":627848.0,"r":103507.0,"q":4.9,"p":18183.89,"mot":"L","mo":103507.0}]},{"d":"09.06.2022","r":1155607.0,"q":4.64,"p":16317.37,"s":[{"cn":"Мы ждем перемен!!!","ui":"10658048","t":458234.0,"r":134314.0,"q":8.2,"p":15000.0,"mot":"U","mo":134314.0},{"cn":"Tolik2009 Ltd.","ui":"10685678","t":808757.0,"r":796274.0,"q":4.03,"p":15000.0,"mot":"U","mo":796274.0},{"cn":"АО «ПОГАНКА»","ui":"5956300","t":91013.0,"r":87513.0,"q":4.94,"p":30000.0,"mot":"U","mo":87513.0},{"cn":"","ui":"","t":687791.0,"r":137506.0,"q":4.51,"p":16524.8,"mot":"L","mo":137506.0}]},{"d":"10.06.2022","r":1236489.0,"q":4.81,"p":16004.42,"s":[{"cn":"Мы ждем перемен!!!","ui":"10658048","t":415649.0,"r":191729.0,"q":8.22,"p":15000.0,"mot":"U","mo":191729.0},{"cn":"Tolik2009 Ltd.","ui":"10685678","t":796274.0,"r":777791.0,"q":4.03,"p":15000.0,"mot":"U","mo":777791.0},{"cn":"АО «ПОГАНКА»","ui":"5956300","t":87513.0,"r":84013.0,"q":4.94,"p":30000.0,"mot":"U","mo":84013.0},{"cn":"","ui":"","t":804940.0,"r":182956.0,"q":4.52,"p":14900.33,"mot":"L","mo":182956.0}]},{"d":"13.06.2022","r":2723117.0,"q":6.08,"p":17027.94,"s":[{"cn":"Мы ждем перемен!!!","ui":"10658048","t":624949.0,"r":439992.0,"q":8.31,"p":15000.0,"mot":"U","mo":439992.0},{"cn":"Tolik2009 Ltd.","ui":"10685678","t":741129.0,"r":722883.0,"q":4.03,"p":15000.0,"mot":"U","mo":722883.0},{"cn":"АО «ПОГАНКА»","ui":"5956300","t":426811.0,"r":423311.0,"q":6.0,"p":30000.0,"mot":"U","mo":423311.0},{"cn":"Мы ждем перемен!!!","ui":"10712461","t":752552.0,"r":700714.0,"q":7.52,"p":15000.0,"mot":"U","mo":700714.0},{"cn":"","ui":"","t":1103358.0,"r":436217.0,"q":5.0,"p":13103.33,"mot":"L","mo":436217.0}]},{"d":"14.06.2022","r":3095739.0,"q":6.26,"p":16714.49,"s":[{"cn":"АО «kjifr1972»","ui":"10712398","t":154836.0,"r":154836.0,"q":6.41,"p":12000.0,"mot":"U","mo":154836.0},{"cn":"Мы ждем перемен!!!","ui":"10658048","t":721215.0,"r":518248.0,"q":8.37,"p":15000.0,"mot":"U","mo":518248.0},{"cn":"Tolik2009 Ltd.","ui":"10685678","t":722883.0,"r":704627.0,"q":4.03,"p":15000.0,"mot":"U","mo":704627.0},{"cn":"АО «ПОГАНКА»","ui":"5956300","t":423311.0,"r":419811.0,"q":6.0,"p":30000.0,"mot":"U","mo":419811.0},{"cn":"Мы ждем перемен!!!","ui":"10712461","t":982521.0,"r":931183.0,"q":7.52,"p":15000.0,"mot":"U","mo":931183.0},{"cn":"","ui":"","t":1075230.0,"r":367034.0,"q":4.63,"p":13569.46,"mot":"L","mo":367034.0}]},{"d":"16.06.2022","r":3942456.0,"q":6.59,"p":16148.08,"s":[{"cn":"Мы ждем перемен!!!","ui":"10658048","t":876632.0,"r":822657.0,"q":8.44,"p":15000.0,"mot":"U","mo":822657.0},{"cn":"Tolik2009 Ltd.","ui":"10685678","t":686216.0,"r":667855.0,"q":4.03,"p":15000.0,"mot":"U","mo":667855.0},{"cn":"АО «ПОГАНКА»","ui":"5956300","t":416311.0,"r":412811.0,"q":6.0,"p":30000.0,"mot":"U","mo":412811.0},{"cn":"Мы ждем перемен!!!","ui":"10712461","t":1442375.0,"r":1391037.0,"q":7.54,"p":15000.0,"mot":"U","mo":1391037.0},{"cn":"","ui":"","t":1449873.0,"r":648096.0,"q":5.19,"p":12429.55,"mot":"L","mo":648096.0}]},{"d":"17.06.2022","r":4423319.0,"q":6.75,"p":15995.86,"s":[{"cn":"Мы ждем перемен!!!","ui":"10658048","t":1103795.0,"r":1049820.0,"q":8.45,"p":15000.0,"mot":"U","mo":1049820.0},{"cn":"Tolik2009 Ltd.","ui":"10685678","t":667855.0,"r":649494.0,"q":4.03,"p":15000.0,"mot":"U","mo":649494.0},{"cn":"АО «ПОГАНКА»","ui":"5956300","t":412811.0,"r":409311.0,"q":6.0,"p":30000.0,"mot":"U","mo":409311.0},{"cn":"Мы ждем перемен!!!","ui":"10712461","t":1672260.0,"r":1620922.0,"q":7.54,"p":15000.0,"mot":"U","mo":1620922.0},{"cn":"","ui":"","t":1524486.0,"r":693772.0,"q":5.29,"p":12499.64,"mot":"L","mo":693772.0}]},{"d":"20.06.2022","r":5767463.0,"q":7.02,"p":12966.97,"s":[{"cn":"АО «kjifr1972»","ui":"10712398","t":298437.0,"r":298437.0,"q":6.57,"p":11000.0,"mot":"U","mo":298437.0},{"cn":"Мы ждем перемен!!!","ui":"10658048","t":1687657.0,"r":1543981.0,"q":8.47,"p":11000.0,"mot":"U","mo":1543981.0},{"cn":"Tolik2009 Ltd.","ui":"10685678","t":621772.0,"r":612411.0,"q":4.03,"p":15000.0,"mot":"U","mo":612411.0},{"cn":"АО «ПОГАНКА»","ui":"5956300","t":402311.0,"r":398811.0,"q":6.0,"p":30000.0,"mot":"U","mo":398811.0},{"cn":"Мы ждем перемен!!!","ui":"10712461","t":2356744.0,"r":2302906.0,"q":7.57,"p":11000.0,"mot":"U","mo":2302906.0},{"cn":"","ui":"","t":1555109.0,"r":610917.0,"q":5.2,"p":13156.43,"mot":"L","mo":610917.0}]},{"d":"21.06.2022","r":6170257.0,"q":7.09,"p":12840.82,"s":[{"cn":"АО «kjifr1972»","ui":"10712398","t":310617.0,"r":309117.0,"q":6.6,"p":11000.0,"mot":"U","mo":309117.0},{"cn":"Мы ждем перемен!!!","ui":"10658048","t":1819501.0,"r":1670299.0,"q":8.48,"p":11000.0,"mot":"U","mo":1670299.0},{"cn":"Tolik2009 Ltd.","ui":"10685678","t":614912.0,"r":608052.0,"q":4.03,"p":15000.0,"mot":"U","mo":608052.0},{"cn":"АО «ПОГАНКА»","ui":"5956300","t":398811.0,"r":395311.0,"q":6.0,"p":30000.0,"mot":"U","mo":395311.0},{"cn":"Мы ждем перемен!!!","ui":"10712461","t":2584016.0,"r":2530178.0,"q":7.58,"p":11000.0,"mot":"U","mo":2530178.0},{"cn":"","ui":"","t":1656621.0,"r":657300.0,"q":5.37,"p":13153.12,"mot":"L","mo":657300.0}]},{"d":"22.06.2022","r":6297156.0,"q":7.1,"p":12803.92,"s":[{"cn":"АО «kjifr1972»","ui":"10712398","t":319617.0,"r":316617.0,"q":6.62,"p":11000.0,"mot":"U","mo":316617.0},{"cn":"Мы ждем перемен!!!","ui":"10658048","t":1846298.0,"r":1525597.0,"q":8.49,"p":11000.0,"mot":"U","mo":1525597.0},{"cn":"Tolik2009 Ltd.","ui":"10685678","t":608052.0,"r":601192.0,"q":4.03,"p":15000.0,"mot":"U","mo":601192.0},{"cn":"АО «ПОГАНКА»","ui":"5956300","t":395311.0,"r":391811.0,"q":6.0,"p":30000.0,"mot":"U","mo":391811.0},{"cn":"Мы ждем перемен!!!","ui":"10712461","t":2811260.0,"r":2757422.0,"q":7.61,"p":11000.0,"mot":"U","mo":2757422.0},{"cn":"","ui":"","t":1755480.0,"r":704517.0,"q":5.51,"p":13143.9,"mot":"L","mo":704517.0}]},{"d":"23.06.2022","r":6434219.0,"q":7.16,"p":12765.07,"s":[{"cn":"Фарадей","ui":"10625590","t":341768.0,"r":340266.0,"q":8.62,"p":15000.0,"mot":"U","mo":340266.0},{"cn":"Мы ждем перемен!!!","ui":"10658048","t":1820615.0,"r":1399865.0,"q":8.61,"p":11000.0,"mot":"U","mo":1399865.0},{"cn":"Tolik2009 Ltd.","ui":"10685678","t":601192.0,"r":594432.0,"q":4.03,"p":15000.0,"mot":"U","mo":594432.0},{"cn":"АО «ПОГАНКА»","ui":"5956300","t":391811.0,"r":388311.0,"q":6.0,"p":30000.0,"mot":"U","mo":388311.0},{"cn":"Мы ждем перемен!!!","ui":"10712461","t":3041036.0,"r":2987198.0,"q":7.7,"p":11000.0,"mot":"U","mo":2987198.0},{"cn":"","ui":"","t":1829109.0,"r":724147.0,"q":4.66,"p":11331.62,"mot":"L","mo":724147.0}]},{"d":"24.06.2022","r":6482373.0,"q":7.2,"p":12751.53,"s":[{"cn":"АО «kjifr1972»","ui":"10712398","t":340418.0,"r":337418.0,"q":6.7,"p":11000.0,"mot":"U","mo":337418.0},{"cn":"Фарадей","ui":"10625590","t":369747.0,"r":368245.0,"q":8.67,"p":15000.0,"mot":"U","mo":368245.0},{"cn":"Мы ждем перемен!!!","ui":"10658048","t":1673753.0,"r":1167003.0,"q":8.72,"p":11000.0,"mot":"U","mo":1167003.0},{"cn":"Tolik2009 Ltd.","ui":"10685678","t":594432.0,"r":587672.0,"q":4.03,"p":15000.0,"mot":"U","mo":587672.0},{"cn":"АО «ПОГАНКА»","ui":"5956300","t":388311.0,"r":384811.0,"q":6.0,"p":30000.0,"mot":"U","mo":384811.0},{"cn":"Мы ждем перемен!!!","ui":"10712461","t":3272275.0,"r":3208437.0,"q":7.78,"p":11000.0,"mot":"U","mo":3208437.0},{"cn":"","ui":"","t":1565769.0,"r":428787.0,"q":3.23,"p":11510.74,"mot":"L","mo":428787.0}]},{"d":"27.06.2022","r":6347910.0,"q":7.12,"p":12683.78,"s":[{"cn":"АО «kjifr1972»","ui":"10712398","t":407821.0,"r":402821.0,"q":6.87,"p":10000.0,"mot":"U","mo":402821.0},{"cn":"Фарадей","ui":"10625590","t":453568.0,"r":452067.0,"q":8.79,"p":15000.0,"mot":"U","mo":452067.0},{"cn":"Siel Money","ui":"10748380","t":366060.0,"r":359475.0,"q":2.29,"p":8000.0,"mot":"U","mo":359475.0},{"cn":"Tolik2009 Ltd.","ui":"10685678","t":574052.0,"r":567242.0,"q":4.03,"p":15000.0,"mot":"U","mo":567242.0},{"cn":"АО «ПОГАНКА»","ui":"5956300","t":377811.0,"r":374311.0,"q":6.0,"p":30000.0,"mot":"U","mo":374311.0},{"cn":"Мы ждем перемен!!!","ui":"10712461","t":3965814.0,"r":3901976.0,"q":7.99,"p":11000.0,"mot":"U","mo":3901976.0},{"cn":"","ui":"","t":1882149.0,"r":290018.0,"q":6.65,"p":14381.18,"mot":"L","mo":290018.0}]},{"d":"28.06.2022","r":6606612.0,"q":7.18,"p":12611.16,"s":[{"cn":"АО «kjifr1972»","ui":"10712398","t":429622.0,"r":424622.0,"q":6.92,"p":10000.0,"mot":"U","mo":424622.0},{"cn":"Фарадей","ui":"10625590","t":481536.0,"r":480035.0,"q":8.82,"p":15000.0,"mot":"U","mo":480035.0},{"cn":"Siel Money","ui":"10748380","t":381381.0,"r":374796.0,"q":2.37,"p":8000.0,"mot":"U","mo":374796.0},{"cn":"Tolik2009 Ltd.","ui":"10685678","t":567242.0,"r":560432.0,"q":4.03,"p":15000.0,"mot":"U","mo":560432.0},{"cn":"АО «ПОГАНКА»","ui":"5956300","t":374311.0,"r":370811.0,"q":6.0,"p":30000.0,"mot":"U","mo":370811.0},{"cn":"Мы ждем перемен!!!","ui":"10712461","t":4196935.0,"r":4133097.0,"q":8.05,"p":11000.0,"mot":"U","mo":4133097.0},{"cn":"","ui":"","t":1378980.0,"r":262819.0,"q":6.26,"p":14751.89,"mot":"L","mo":262819.0}]},{"d":"29.06.2022","r":6364134.0,"q":7.18,"p":12665.07,"s":[{"cn":"АО «kjifr1972»","ui":"10712398","t":451423.0,"r":446423.0,"q":6.97,"p":10000.0,"mot":"U","mo":446423.0},{"cn":"Фарадей","ui":"10625590","t":509501.0,"r":508000.0,"q":8.85,"p":15000.0,"mot":"U","mo":508000.0},{"cn":"Siel Money","ui":"10748380","t":396669.0,"r":390089.0,"q":2.44,"p":8000.0,"mot":"U","mo":390089.0},{"cn":"Tolik2009 Ltd.","ui":"10685678","t":560432.0,"r":553622.0,"q":4.03,"p":15000.0,"mot":"U","mo":553622.0},{"cn":"АО «ПОГАНКА»","ui":"5956300","t":370811.0,"r":367311.0,"q":6.0,"p":30000.0,"mot":"U","mo":367311.0},{"cn":"Мы ждем перемен!!!","ui":"10712461","t":4403026.0,"r":3821007.0,"q":8.11,"p":11000.0,"mot":"U","mo":3821007.0},{"cn":"","ui":"","t":1401473.0,"r":277682.0,"q":6.27,"p":14558.2,"mot":"L","mo":277682.0}]},{"d":"30.06.2022","r":6619895.0,"q":7.25,"p":12576.02,"s":[{"cn":"АО «kjifr1972»","ui":"10712398","t":473224.0,"r":468224.0,"q":7.01,"p":10000.0,"mot":"U","mo":468224.0},{"cn":"Фарадей","ui":"10625590","t":508268.0,"r":506767.0,"q":8.85,"p":15000.0,"mot":"U","mo":506767.0},{"cn":"Siel Money","ui":"10748380","t":411938.0,"r":405268.0,"q":2.51,"p":8000.0,"mot":"U","mo":405268.0},{"cn":"Tolik2009 Ltd.","ui":"10685678","t":553622.0,"r":546812.0,"q":4.03,"p":15000.0,"mot":"U","mo":546812.0},{"cn":"АО «ПОГАНКА»","ui":"5956300","t":367311.0,"r":363811.0,"q":6.0,"p":30000.0,"mot":"U","mo":363811.0},{"cn":"Мы ждем перемен!!!","ui":"10712461","t":4117498.0,"r":4036479.0,"q":8.17,"p":11000.0,"mot":"U","mo":4036479.0},{"cn":"","ui":"","t":1413202.0,"r":292534.0,"q":6.29,"p":14385.49,"mot":"L","mo":292534.0}]},{"d":"01.07.2022","r":6871774.0,"q":7.31,"p":12495.33,"s":[{"cn":"АО «kjifr1972»","ui":"10712398","t":495025.0,"r":490025.0,"q":7.05,"p":10000.0,"mot":"U","mo":490025.0},{"cn":"Фарадей","ui":"10625590","t":506767.0,"r":505266.0,"q":8.85,"p":15000.0,"mot":"U","mo":505266.0},{"cn":"Siel Money","ui":"10748380","t":427088.0,"r":420418.0,"q":2.56,"p":8000.0,"mot":"U","mo":420418.0},{"cn":"Tolik2009 Ltd.","ui":"10685678","t":546812.0,"r":540002.0,"q":4.03,"p":15000.0,"mot":"U","mo":540002.0},{"cn":"АО «ПОГАНКА»","ui":"5956300","t":363811.0,"r":360311.0,"q":6.0,"p":30000.0,"mot":"U","mo":360311.0},{"cn":"Мы ждем перемен!!!","ui":"10712461","t":4331813.0,"r":4250794.0,"q":8.23,"p":11000.0,"mot":"U","mo":4250794.0},{"cn":"","ui":"","t":1426521.0,"r":304958.0,"q":6.31,"p":14278.64,"mot":"L","mo":304958.0}]},{"d":"04.07.2022","r":7626237.0,"q":7.51,"p":12324.28,"s":[{"cn":"АО «kjifr1972»","ui":"10712398","t":564451.0,"r":559451.0,"q":7.25,"p":10000.0,"mot":"U","mo":559451.0},{"cn":"Фарадей","ui":"10625590","t":550939.0,"r":549338.0,"q":8.89,"p":15000.0,"mot":"U","mo":549338.0},{"cn":"Siel Money","ui":"10748380","t":475242.0,"r":468571.0,"q":2.79,"p":8000.0,"mot":"U","mo":468571.0},{"cn":"Tolik2009 Ltd.","ui":"10685678","t":526382.0,"r":519572.0,"q":4.03,"p":15000.0,"mot":"U","mo":519572.0},{"cn":"Мы ждем перемен!!!","ui":"10712461","t":4974961.0,"r":4893942.0,"q":8.37,"p":11000.0,"mot":"U","mo":4893942.0},{"cn":"","ui":"","t":1762839.0,"r":635363.0,"q":6.2,"p":23258.77,"mot":"L","mo":635363.0}]},{"d":"05.07.2022","r":7393606.0,"q":7.52,"p":12364.36,"s":[{"cn":"АО «kjifr1972»","ui":"10712398","t":587593.0,"r":582593.0,"q":7.31,"p":10000.0,"mot":"U","mo":582593.0},{"cn":"Фарадей","ui":"10625590","t":578786.0,"r":577185.0,"q":8.93,"p":15000.0,"mot":"U","mo":577185.0},{"cn":"Siel Money","ui":"10748380","t":491663.0,"r":483992.0,"q":2.87,"p":8000.0,"mot":"U","mo":483992.0},{"cn":"Tolik2009 Ltd.","ui":"10685678","t":519572.0,"r":512762.0,"q":4.03,"p":15000.0,"mot":"U","mo":512762.0},{"cn":"Мы ждем перемен!!!","ui":"10712461","t":5189285.0,"r":4608266.0,"q":8.42,"p":11000.0,"mot":"U","mo":4608266.0},{"cn":"","ui":"","t":1752184.0,"r":628808.0,"q":6.22,"p":23344.48,"mot":"L","mo":628808.0}]},{"d":"06.07.2022","r":7658480.0,"q":7.58,"p":12316.07,"s":[{"cn":"АО «kjifr1972»","ui":"10712398","t":610735.0,"r":605735.0,"q":7.36,"p":10000.0,"mot":"U","mo":605735.0},{"cn":"Фарадей","ui":"10625590","t":606630.0,"r":605029.0,"q":8.96,"p":15000.0,"mot":"U","mo":605029.0},{"cn":"Siel Money","ui":"10748380","t":507144.0,"r":498473.0,"q":2.94,"p":8000.0,"mot":"U","mo":498473.0},{"cn":"Tolik2009 Ltd.","ui":"10685678","t":512762.0,"r":505952.0,"q":4.03,"p":15000.0,"mot":"U","mo":505952.0},{"cn":"Мы ждем перемен!!!","ui":"10712461","t":4903569.0,"r":4822540.0,"q":8.46,"p":11000.0,"mot":"U","mo":4822540.0},{"cn":"","ui":"","t":1741027.0,"r":620751.0,"q":6.23,"p":23462.9,"mot":"L","mo":620751.0}]},{"d":"07.07.2022","r":7740511.0,"q":7.65,"p":12329.12,"s":[{"cn":"АО «kjifr1972»","ui":"10712398","t":633877.0,"r":448877.0,"q":7.41,"p":10000.0,"mot":"U","mo":448877.0},{"cn":"Фарадей","ui":"10625590","t":634471.0,"r":632870.0,"q":8.99,"p":15000.0,"mot":"U","mo":632870.0},{"cn":"Siel Money","ui":"10748380","t":521595.0,"r":512914.0,"q":3.01,"p":8000.0,"mot":"U","mo":512914.0},{"cn":"Tolik2009 Ltd.","ui":"10685678","t":505952.0,"r":504042.0,"q":4.03,"p":15000.0,"mot":"U","mo":504042.0},{"cn":"Мы ждем перемен!!!","ui":"10712461","t":5117824.0,"r":5036795.0,"q":8.51,"p":11000.0,"mot":"U","mo":5036795.0},{"cn":"","ui":"","t":1732309.0,"r":605013.0,"q":6.25,"p":23773.4,"mot":"L","mo":605013.0}]},{"d":"08.07.2022","r":8006296.0,"q":7.71,"p":12287.92,"s":[{"cn":"АО «kjifr1972»","ui":"10712398","t":477019.0,"r":472019.0,"q":7.47,"p":10000.0,"mot":"U","mo":472019.0},{"cn":"Фарадей","ui":"10625590","t":662551.0,"r":660951.0,"q":9.05,"p":15000.0,"mot":"U","mo":660951.0},{"cn":"Siel Money","ui":"10748380","t":535996.0,"r":527300.0,"q":3.07,"p":8000.0,"mot":"U","mo":527300.0},{"cn":"Tolik2009 Ltd.","ui":"10685678","t":504032.0,"r":502112.0,"q":4.03,"p":15000.0,"mot":"U","mo":502112.0},{"cn":"Мы ждем перемен!!!","ui":"10712461","t":5332049.0,"r":5251020.0,"q":8.55,"p":11000.0,"mot":"U","mo":5251020.0},{"cn":"","ui":"","t":1715089.0,"r":592894.0,"q":6.27,"p":24009.36,"mot":"L","mo":592894.0}]},{"d":"11.07.2022","r":8292857.0,"q":7.97,"p":11504.22,"s":[{"cn":"АО «kjifr1972»","ui":"10712398","t":555097.0,"r":550097.0,"q":7.87,"p":10000.0,"mot":"U","mo":550097.0},{"cn":"Фарадей","ui":"10625590","t":744543.0,"r":739043.0,"q":9.19,"p":15000.0,"mot":"U","mo":739043.0},{"cn":"Siel Money","ui":"10748380","t":581456.0,"r":573330.0,"q":3.29,"p":8000.0,"mot":"U","mo":573330.0},{"cn":"Tolik2009 Ltd.","ui":"10685678","t":498272.0,"r":496352.0,"q":4.03,"p":15000.0,"mot":"U","mo":496352.0},{"cn":"Мы ждем перемен!!!","ui":"10712461","t":5898548.0,"r":5725519.0,"q":8.67,"p":11000.0,"mot":"U","mo":5725519.0},{"cn":"","ui":"","t":1331791.0,"r":208516.0,"q":6.84,"p":18241.33,"mot":"L","mo":208516.0}]},{"d":"12.07.2022","r":8559725.0,"q":8.05,"p":11498.16,"s":[{"cn":"АО «kjifr1972»","ui":"10712398","t":581123.0,"r":576123.0,"q":7.98,"p":10000.0,"mot":"U","mo":576123.0},{"cn":"Фарадей","ui":"10625590","t":769569.0,"r":766069.0,"q":9.23,"p":15000.0,"mot":"U","mo":766069.0},{"cn":"Siel Money","ui":"10748380","t":597577.0,"r":579462.0,"q":3.37,"p":8000.0,"mot":"U","mo":579462.0},{"cn":"Tolik2009 Ltd.","ui":"10685678","t":496352.0,"r":494432.0,"q":4.03,"p":15000.0,"mot":"U","mo":494432.0},{"cn":"Мы ждем перемен!!!","ui":"10712461","t":6022621.0,"r":5839602.0,"q":8.73,"p":11000.0,"mot":"U","mo":5839602.0},{"cn":"","ui":"","t":1393107.0,"r":304037.0,"q":7.51,"p":16054.09,"mot":"L","mo":304037.0}]},{"d":"13.07.2022","r":8441633.0,"q":8.1,"p":11515.11,"s":[{"cn":"АО «kjifr1972»","ui":"10712398","t":607149.0,"r":600949.0,"q":8.08,"p":10000.0,"mot":"U","mo":600949.0},{"cn":"Фарадей","ui":"10625590","t":797095.0,"r":788495.0,"q":9.27,"p":15000.0,"mot":"U","mo":788495.0},{"cn":"Siel Money","ui":"10748380","t":603677.0,"r":585562.0,"q":3.45,"p":8000.0,"mot":"U","mo":585562.0},{"cn":"Tolik2009 Ltd.","ui":"10685678","t":494432.0,"r":492512.0,"q":4.03,"p":15000.0,"mot":"U","mo":492512.0},{"cn":"Мы ждем перемен!!!","ui":"10712461","t":6135064.0,"r":5701045.0,"q":8.8,"p":11000.0,"mot":"U","mo":5701045.0},{"cn":"","ui":"","t":1330278.0,"r":273070.0,"q":7.46,"p":16793.44,"mot":"L","mo":273070.0}]},{"d":"14.07.2022","r":8361322.0,"q":8.15,"p":11527.42,"s":[{"cn":"АО «kjifr1972»","ui":"10712398","t":631975.0,"r":625974.0,"q":8.17,"p":10000.0,"mot":"U","mo":625974.0},{"cn":"Фарадей","ui":"10625590","t":819518.0,"r":810918.0,"q":9.31,"p":15000.0,"mot":"U","mo":810918.0},{"cn":"Siel Money","ui":"10748380","t":609745.0,"r":589560.0,"q":3.52,"p":8000.0,"mot":"U","mo":589560.0},{"cn":"Tolik2009 Ltd.","ui":"10685678","t":492512.0,"r":490592.0,"q":4.03,"p":15000.0,"mot":"U","mo":490592.0},{"cn":"Мы ждем перемен!!!","ui":"10712461","t":6001007.0,"r":5571488.0,"q":8.87,"p":11000.0,"mot":"U","mo":5571488.0},{"cn":"","ui":"","t":1327998.0,"r":272790.0,"q":7.46,"p":16860.08,"mot":"L","mo":272790.0}]},{"d":"15.07.2022","r":8278221.0,"q":8.2,"p":11533.74,"s":[{"cn":"АО «kjifr1972»","ui":"10712398","t":657000.0,"r":650900.0,"q":8.26,"p":10000.0,"mot":"U","mo":650900.0},{"cn":"Фарадей","ui":"10625590","t":841938.0,"r":820338.0,"q":9.35,"p":15000.0,"mot":"U","mo":820338.0},{"cn":"Siel Money","ui":"10748380","t":613712.0,"r":593532.0,"q":3.59,"p":8000.0,"mot":"U","mo":593532.0},{"cn":"Tolik2009 Ltd.","ui":"10685678","t":490592.0,"r":488672.0,"q":4.03,"p":15000.0,"mot":"U","mo":488672.0},{"cn":"Мы ждем перемен!!!","ui":"10712461","t":5881722.0,"r":5452203.0,"q":8.93,"p":11000.0,"mot":"U","mo":5452203.0},{"cn":"","ui":"","t":1321784.0,"r":272576.0,"q":7.47,"p":16920.91,"mot":"L","mo":272576.0}]},{"d":"18.07.2022","r":7958994.0,"q":8.38,"p":11587.52,"s":[{"cn":"АО «kjifr1972»","ui":"10712398","t":732628.0,"r":701778.0,"q":8.47,"p":10000.0,"mot":"U","mo":701778.0},{"cn":"Фарадей","ui":"10625590","t":870180.0,"r":848580.0,"q":9.46,"p":15000.0,"mot":"U","mo":848580.0},{"cn":"Siel Money","ui":"10748380","t":585347.0,"r":533077.0,"q":3.79,"p":8000.0,"mot":"U","mo":533077.0},{"cn":"Tolik2009 Ltd.","ui":"10685678","t":484832.0,"r":482912.0,"q":4.03,"p":15000.0,"mot":"U","mo":482912.0},{"cn":"Мы ждем перемен!!!","ui":"10712461","t":5543681.0,"r":5119162.0,"q":9.13,"p":11000.0,"mot":"U","mo":5119162.0},{"cn":"","ui":"","t":1310994.0,"r":273485.0,"q":7.44,"p":17037.34,"mot":"L","mo":273485.0}]},{"d":"19.07.2022","r":7784211.0,"q":8.45,"p":11622.05,"s":[{"cn":"АО «kjifr1972»","ui":"10712398","t":732804.0,"r":661954.0,"q":8.53,"p":10000.0,"mot":"U","mo":661954.0},{"cn":"Фарадей","ui":"10625590","t":879587.0,"r":857987.0,"q":9.49,"p":15000.0,"mot":"U","mo":857987.0},{"cn":"Siel Money","ui":"10748380","t":557100.0,"r":504830.0,"q":3.86,"p":8000.0,"mot":"U","mo":504830.0},{"cn":"Tolik2009 Ltd.","ui":"10685678","t":482912.0,"r":480992.0,"q":4.03,"p":15000.0,"mot":"U","mo":480992.0},{"cn":"Мы ждем перемен!!!","ui":"10712461","t":5429272.0,"r":5004753.0,"q":9.2,"p":11000.0,"mot":"U","mo":5004753.0},{"cn":"","ui":"","t":1307204.0,"r":273695.0,"q":7.43,"p":17074.97,"mot":"L","mo":273695.0}]},{"d":"20.07.2022","r":7593169.0,"q":8.51,"p":11666.53,"s":[{"cn":"АО «kjifr1972»","ui":"10712398","t":692980.0,"r":606980.0,"q":8.6,"p":10000.0,"mot":"U","mo":606980.0},{"cn":"Фарадей","ui":"10625590","t":888991.0,"r":872391.0,"q":9.52,"p":15000.0,"mot":"U","mo":872391.0},{"cn":"Siel Money","ui":"10748380","t":528819.0,"r":470549.0,"q":3.92,"p":8000.0,"mot":"U","mo":470549.0},{"cn":"Tolik2009 Ltd.","ui":"10685678","t":480992.0,"r":479072.0,"q":4.03,"p":15000.0,"mot":"U","mo":479072.0},{"cn":"Мы ждем перемен!!!","ui":"10712461","t":5314832.0,"r":4890313.0,"q":9.26,"p":11000.0,"mot":"U","mo":4890313.0},{"cn":"","ui":"","t":1303373.0,"r":273864.0,"q":7.42,"p":17112.11,"mot":"L","mo":273864.0}]},{"d":"21.07.2022","r":7406357.0,"q":8.58,"p":11715.4,"s":[{"cn":"АО «kjifr1972»","ui":"10712398","t":638006.0,"r":551956.0,"q":8.67,"p":10000.0,"mot":"U","mo":551956.0},{"cn":"Фарадей","ui":"10625590","t":903392.0,"r":891292.0,"q":9.55,"p":15000.0,"mot":"U","mo":891292.0},{"cn":"Siel Money","ui":"10748380","t":494504.0,"r":436234.0,"q":4.0,"p":8000.0,"mot":"U","mo":436234.0},{"cn":"Tolik2009 Ltd.","ui":"10685678","t":479072.0,"r":477152.0,"q":4.03,"p":15000.0,"mot":"U","mo":477152.0},{"cn":"Мы ждем перемен!!!","ui":"10712461","t":5200361.0,"r":4775842.0,"q":9.33,"p":11000.0,"mot":"U","mo":4775842.0},{"cn":"","ui":"","t":1299495.0,"r":273881.0,"q":7.41,"p":17153.81,"mot":"L","mo":273881.0}]},{"d":"22.07.2022","r":7214370.0,"q":8.64,"p":11764.7,"s":[{"cn":"АО «kjifr1972»","ui":"10712398","t":582982.0,"r":497086.0,"q":8.74,"p":10000.0,"mot":"U","mo":497086.0},{"cn":"Фарадей","ui":"10625590","t":922290.0,"r":905190.0,"q":9.58,"p":15000.0,"mot":"U","mo":905190.0},{"cn":"Siel Money","ui":"10748380","t":460155.0,"r":401875.0,"q":4.07,"p":8000.0,"mot":"U","mo":401875.0},{"cn":"Tolik2009 Ltd.","ui":"10685678","t":477152.0,"r":475232.0,"q":4.03,"p":15000.0,"mot":"U","mo":475232.0},{"cn":"Мы ждем перемен!!!","ui":"10712461","t":5085859.0,"r":4661340.0,"q":9.39,"p":11000.0,"mot":"U","mo":4661340.0},{"cn":"","ui":"","t":1295461.0,"r":273647.0,"q":7.4,"p":17204.62,"mot":"L","mo":273647.0}]},{"d":"25.07.2022","r":6555257.0,"q":8.85,"p":11988.09,"s":[{"cn":"Фарадей","ui":"10625590","t":963966.0,"r":946866.0,"q":9.66,"p":15000.0,"mot":"U","mo":946866.0},{"cn":"Tolik2009 Ltd.","ui":"10685678","t":471392.0,"r":469472.0,"q":4.03,"p":15000.0,"mot":"U","mo":469472.0},{"cn":"Мы ждем перемен!!!","ui":"10712461","t":4742167.0,"r":4323648.0,"q":9.56,"p":11000.0,"mot":"U","mo":4323648.0},{"cn":"","ui":"","t":2012896.0,"r":815271.0,"q":6.91,"p":11995.76,"mot":"L","mo":815271.0}]},{"d":"26.07.2022","r":6329009.0,"q":8.91,"p":12052.49,"s":[{"cn":"Фарадей","ui":"10625590","t":977852.0,"r":960752.0,"q":9.69,"p":15000.0,"mot":"U","mo":960752.0},{"cn":"Tolik2009 Ltd.","ui":"10685678","t":469462.0,"r":467532.0,"q":4.03,"p":15000.0,"mot":"U","mo":467532.0},{"cn":"Мы ждем перемен!!!","ui":"10712461","t":4633541.0,"r":4215022.0,"q":9.61,"p":11000.0,"mot":"U","mo":4215022.0},{"cn":"","ui":"","t":1879588.0,"r":685703.0,"q":6.82,"p":12382.67,"mot":"L","mo":685703.0}]},{"d":"27.07.2022","r":6117273.0,"q":8.98,"p":12156.12,"s":[{"cn":"Фарадей","ui":"10625590","t":991735.0,"r":974635.0,"q":9.71,"p":15000.0,"mot":"U","mo":974635.0},{"cn":"Tolik2009 Ltd.","ui":"10685678","t":467532.0,"r":465602.0,"q":4.03,"p":15000.0,"mot":"U","mo":465602.0},{"cn":"Мы ждем перемен!!!","ui":"10712461","t":4524884.0,"r":4097365.0,"q":9.67,"p":11000.0,"mot":"U","mo":4097365.0},{"cn":"","ui":"","t":1770829.0,"r":579671.0,"q":6.82,"p":13262.23,"mot":"L","mo":579671.0}]},{"d":"28.07.2022","r":5903909.0,"q":9.04,"p":12271.19,"s":[{"cn":"Фарадей","ui":"10625590","t":1005540.0,"r":988440.0,"q":9.73,"p":15000.0,"mot":"U","mo":988440.0},{"cn":"Tolik2009 Ltd.","ui":"10685678","t":465602.0,"r":463672.0,"q":4.03,"p":15000.0,"mot":"U","mo":463672.0},{"cn":"Мы ждем перемен!!!","ui":"10712461","t":4407196.0,"r":3969677.0,"q":9.72,"p":11000.0,"mot":"U","mo":3969677.0},{"cn":"","ui":"","t":1552949.0,"r":482120.0,"q":6.83,"p":14518.94,"mot":"L","mo":482120.0}]},{"d":"29.07.2022","r":5188237.0,"q":9.01,"p":12482.03,"s":[{"cn":"Фарадей","ui":"10625590","t":1019249.0,"r":1002149.0,"q":9.76,"p":15000.0,"mot":"U","mo":1002149.0},{"cn":"Tolik2009 Ltd.","ui":"10685678","t":463672.0,"r":461742.0,"q":4.03,"p":15000.0,"mot":"U","mo":461742.0},{"cn":"Мы ждем перемен!!!","ui":"10712461","t":4279477.0,"r":3260714.0,"q":9.77,"p":11000.0,"mot":"U","mo":3260714.0},{"cn":"","ui":"","t":1515661.0,"r":463632.0,"q":7.03,"p":14954.78,"mot":"L","mo":463632.0}]},{"d":"01.08.2022","r":4840401.0,"q":9.12,"p":12678.12,"s":[{"cn":"Фарадей","ui":"10625590","t":1059739.0,"r":1042639.0,"q":9.81,"p":15000.0,"mot":"U","mo":1042639.0},{"cn":"Tolik2009 Ltd.","ui":"10685678","t":457882.0,"r":455952.0,"q":4.03,"p":15000.0,"mot":"U","mo":455952.0},{"cn":"Мы ждем перемен!!!","ui":"10712461","t":3327890.0,"r":2896871.0,"q":9.93,"p":11000.0,"mot":"U","mo":2896871.0},{"cn":"","ui":"","t":1471250.0,"r":444939.0,"q":7.42,"p":15783.57,"mot":"L","mo":444939.0}]},{"d":"02.08.2022","r":5079644.0,"q":9.21,"p":12533.45,"s":[{"cn":"Фарадей","ui":"10625590","t":1073024.0,"r":1055924.0,"q":9.82,"p":15000.0,"mot":"U","mo":1055924.0},{"cn":"Tolik2009 Ltd.","ui":"10685678","t":455952.0,"r":454022.0,"q":4.03,"p":15000.0,"mot":"U","mo":454022.0},{"cn":"АО «dimann77»","ui":"10862422","t":354842.0,"r":354842.0,"q":10.16,"p":10000.0,"mot":"U","mo":354842.0},{"cn":"Мы ждем перемен!!!","ui":"10712461","t":3206547.0,"r":2775528.0,"q":9.97,"p":11000.0,"mot":"U","mo":2775528.0},{"cn":"","ui":"","t":1461939.0,"r":439328.0,"q":7.54,"p":15790.11,"mot":"L","mo":439328.0}]},{"d":"03.08.2022","r":6576218.0,"q":8.23,"p":13109.08,"s":[{"cn":"Фарадей","ui":"10625590","t":1086215.0,"r":1069115.0,"q":9.84,"p":15000.0,"mot":"U","mo":1069115.0},{"cn":"LeechLord Ltd.","ui":"10664553","t":2827971.0,"r":2791970.0,"q":7.21,"p":13000.0,"mot":"U","mo":2791970.0},{"cn":"Tolik2009 Ltd.","ui":"10685678","t":454022.0,"r":452092.0,"q":4.03,"p":15000.0,"mot":"U","mo":452092.0},{"cn":"Мы ждем перемен!!!","ui":"10712461","t":3085173.0,"r":1829470.0,"q":10.02,"p":11000.0,"mot":"U","mo":1829470.0},{"cn":"","ui":"","t":1451523.0,"r":433571.0,"q":7.64,"p":16076.48,"mot":"L","mo":433571.0}]},{"d":"04.08.2022","r":6523470.0,"q":8.22,"p":13166.99,"s":[{"cn":"Фарадей","ui":"10625590","t":1099313.0,"r":1082213.0,"q":9.85,"p":15000.0,"mot":"U","mo":1082213.0},{"cn":"LeechLord Ltd.","ui":"10664553","t":2855132.0,"r":2855132.0,"q":7.23,"p":13000.0,"mot":"U","mo":2855132.0},{"cn":"Tolik2009 Ltd.","ui":"10685678","t":452092.0,"r":450162.0,"q":4.03,"p":15000.0,"mot":"U","mo":450162.0},{"cn":"Мы ждем перемен!!!","ui":"10712461","t":2139084.0,"r":1708065.0,"q":10.07,"p":11000.0,"mot":"U","mo":1708065.0},{"cn":"","ui":"","t":1442510.0,"r":427898.0,"q":7.74,"p":16366.94,"mot":"L","mo":427898.0}]},{"d":"05.08.2022","r":6467688.0,"q":8.22,"p":13229.03,"s":[{"cn":"Фарадей","ui":"10625590","t":1113239.0,"r":1096139.0,"q":9.86,"p":15000.0,"mot":"U","mo":1096139.0},{"cn":"LeechLord Ltd.","ui":"10664553","t":2918288.0,"r":2918288.0,"q":7.25,"p":13000.0,"mot":"U","mo":2918288.0},{"cn":"Tolik2009 Ltd.","ui":"10685678","t":449962.0,"r":447832.0,"q":4.03,"p":15000.0,"mot":"U","mo":447832.0},{"cn":"Мы ждем перемен!!!","ui":"10712461","t":2018330.0,"r":1587311.0,"q":10.13,"p":11000.0,"mot":"U","mo":1587311.0},{"cn":"","ui":"","t":1432080.0,"r":418118.0,"q":7.86,"p":16750.03,"mot":"L","mo":418118.0}]},{"d":"08.08.2022","r":6311967.0,"q":8.16,"p":12418.25,"s":[{"cn":"Фарадей","ui":"10625590","t":1154999.0,"r":1137899.0,"q":9.91,"p":15000.0,"mot":"U","mo":1137899.0},{"cn":"LeechLord Ltd.","ui":"10664553","t":3158444.0,"r":3158444.0,"q":7.36,"p":10999.0,"mot":"U","mo":3158444.0},{"cn":"Tolik2009 Ltd.","ui":"10685678","t":443572.0,"r":441442.0,"q":4.03,"p":15000.0,"mot":"U","mo":441442.0},{"cn":"Мы ждем перемен!!!","ui":"10712461","t":1605882.0,"r":1149863.0,"q":10.25,"p":11000.0,"mot":"U","mo":1149863.0},{"cn":"","ui":"","t":1464452.0,"r":424319.0,"q":8.07,"p":17216.41,"mot":"L","mo":424319.0}]},{"d":"09.08.2022","r":6190314.0,"q":8.11,"p":12468.35,"s":[{"cn":"Фарадей","ui":"10625590","t":1168913.0,"r":1152613.0,"q":9.92,"p":15000.0,"mot":"U","mo":1152613.0},{"cn":"LeechLord Ltd.","ui":"10664553","t":3238496.0,"r":3238496.0,"q":7.4,"p":10999.0,"mot":"U","mo":3238496.0},{"cn":"Tolik2009 Ltd.","ui":"10685678","t":441442.0,"r":439312.0,"q":4.03,"p":15000.0,"mot":"U","mo":439312.0},{"cn":"Мы ждем перемен!!!","ui":"10712461","t":1460004.0,"r":928585.0,"q":10.29,"p":11000.0,"mot":"U","mo":928585.0},{"cn":"","ui":"","t":1467437.0,"r":431308.0,"q":8.13,"p":17318.12,"mot":"L","mo":431308.0}]},{"d":"10.08.2022","r":4142794.0,"q":7.48,"p":13057.38,"s":[{"cn":"Фарадей","ui":"10625590","t":1183624.0,"r":1167324.0,"q":9.94,"p":15000.0,"mot":"U","mo":1167324.0},{"cn":"LeechLord Ltd.","ui":"10664553","t":3321188.0,"r":1449564.0,"q":7.43,"p":10999.0,"mot":"U","mo":1449564.0},{"cn":"LeechLord Ltd.","ui":"10662610","t":759970.0,"r":759970.0,"q":5.47,"p":10000.0,"mot":"U","mo":759970.0},{"cn":"Tolik2009 Ltd.","ui":"10685678","t":439312.0,"r":437182.0,"q":4.03,"p":15000.0,"mot":"U","mo":437182.0},{"cn":"","ui":"","t":1335273.0,"r":328754.0,"q":8.15,"p":19719.84,"mot":"L","mo":328754.0}]},{"d":"11.08.2022","r":4244167.0,"q":7.52,"p":13030.82,"s":[{"cn":"Фарадей","ui":"10625590","t":1198331.0,"r":1182031.0,"q":9.95,"p":15000.0,"mot":"U","mo":1182031.0},{"cn":"LeechLord Ltd.","ui":"10664553","t":1530120.0,"r":1530119.0,"q":7.5,"p":10999.0,"mot":"U","mo":1530119.0},{"cn":"LeechLord Ltd.","ui":"10662610","t":759970.0,"r":759867.0,"q":5.47,"p":10000.0,"mot":"U","mo":759867.0},{"cn":"Tolik2009 Ltd.","ui":"10685678","t":437182.0,"r":435052.0,"q":4.03,"p":15000.0,"mot":"U","mo":435052.0},{"cn":"","ui":"","t":1337114.0,"r":337098.0,"q":8.2,"p":19639.04,"mot":"L","mo":337098.0}]},{"d":"12.08.2022","r":4267290.0,"q":7.56,"p":13041.69,"s":[{"cn":"Фарадей","ui":"10625590","t":1213035.0,"r":1196735.0,"q":9.96,"p":15000.0,"mot":"U","mo":1196735.0},{"cn":"LeechLord Ltd.","ui":"10664553","t":1578668.0,"r":1531617.0,"q":7.56,"p":10999.0,"mot":"U","mo":1531617.0},{"cn":"LeechLord Ltd.","ui":"10662610","t":759870.0,"r":759767.0,"q":5.46,"p":10000.0,"mot":"U","mo":759767.0},{"cn":"Tolik2009 Ltd.","ui":"10685678","t":435052.0,"r":432922.0,"q":4.03,"p":15000.0,"mot":"U","mo":432922.0},{"cn":"","ui":"","t":1342265.0,"r":346249.0,"q":8.23,"p":19534.79,"mot":"L","mo":346249.0}]},{"d":"15.08.2022","r":1.1260724E7,"q":7.9,"p":8961.14,"s":[{"cn":"Фарадей","ui":"10625590","t":1259677.0,"r":1243876.0,"q":10.01,"p":15000.0,"mot":"U","mo":1243876.0},{"cn":"LeechLord Ltd.","ui":"10664553","t":1613814.0,"r":1551464.0,"q":7.73,"p":10999.0,"mot":"U","mo":1551464.0},{"cn":"LeechLord Ltd.","ui":"10660275","t":678590.0,"r":668590.0,"q":7.01,"p":10000.0,"mot":"U","mo":668590.0},{"cn":"LeechLord Ltd.","ui":"10662610","t":732670.0,"r":719170.0,"q":5.46,"p":10000.0,"mot":"U","mo":719170.0},{"cn":"Mum Ltd","ui":"10635217","t":6329289.0,"r":6274739.0,"q":8.14,"p":6000.0,"mot":"U","mo":6274739.0},{"cn":"","ui":"","t":1788087.0,"r":802885.0,"q":6.04,"p":17013.9,"mot":"L","mo":802885.0}]},{"d":"16.08.2022","r":1.1287581E7,"q":7.93,"p":8960.98,"s":[{"cn":"Фарадей","ui":"10625590","t":1276418.0,"r":1260617.0,"q":10.04,"p":15000.0,"mot":"U","mo":1260617.0},{"cn":"LeechLord Ltd.","ui":"10664553","t":1599331.0,"r":1536831.0,"q":7.68,"p":10999.0,"mot":"U","mo":1536831.0},{"cn":"LeechLord Ltd.","ui":"10660275","t":668590.0,"r":658590.0,"q":7.01,"p":10000.0,"mot":"U","mo":658590.0},{"cn":"LeechLord Ltd.","ui":"10662610","t":719170.0,"r":705670.0,"q":5.46,"p":10000.0,"mot":"U","mo":705670.0},{"cn":"Mum Ltd","ui":"10635217","t":6367718.0,"r":6312968.0,"q":8.17,"p":6000.0,"mot":"U","mo":6312968.0},{"cn":"","ui":"","t":1795308.0,"r":812905.0,"q":6.09,"p":16994.0,"mot":"L","mo":812905.0}]},{"d":"17.08.2022","r":1.0906399E7,"q":7.95,"p":9085.85,"s":[{"cn":"Фарадей","ui":"10625590","t":1293155.0,"r":1277354.0,"q":10.07,"p":15000.0,"mot":"U","mo":1277354.0},{"cn":"LeechLord Ltd.","ui":"10664553","t":1620336.0,"r":1552836.0,"q":7.74,"p":10999.0,"mot":"U","mo":1552836.0},{"cn":"LeechLord Ltd.","ui":"10660275","t":658590.0,"r":648590.0,"q":7.01,"p":10000.0,"mot":"U","mo":648590.0},{"cn":"LeechLord Ltd.","ui":"10662610","t":705670.0,"r":692170.0,"q":5.46,"p":10000.0,"mot":"U","mo":692170.0},{"cn":"Mum Ltd","ui":"10635217","t":6405945.0,"r":5912355.0,"q":8.19,"p":6000.0,"mot":"U","mo":5912355.0},{"cn":"","ui":"","t":1801297.0,"r":823094.0,"q":6.13,"p":16975.2,"mot":"L","mo":823094.0}]},{"d":"18.08.2022","r":1.0930661E7,"q":7.98,"p":9069.33,"s":[{"cn":"Фарадей","ui":"10625590","t":1309889.0,"r":1294088.0,"q":10.1,"p":15000.0,"mot":"U","mo":1294088.0},{"cn":"LeechLord Ltd.","ui":"10664553","t":1624148.0,"r":1556448.0,"q":7.77,"p":10999.0,"mot":"U","mo":1556448.0},{"cn":"LeechLord Ltd.","ui":"10660275","t":648590.0,"r":638590.0,"q":7.01,"p":10000.0,"mot":"U","mo":638590.0},{"cn":"LeechLord Ltd.","ui":"10662610","t":692170.0,"r":678670.0,"q":5.46,"p":10000.0,"mot":"U","mo":678670.0},{"cn":"Mum Ltd","ui":"10635217","t":6005229.0,"r":5949779.0,"q":8.22,"p":6000.0,"mot":"U","mo":5949779.0},{"cn":"","ui":"","t":1807789.0,"r":813086.0,"q":6.06,"p":16888.5,"mot":"L","mo":813086.0}]},{"d":"19.08.2022","r":1.0983267E7,"q":8.0,"p":9074.17,"s":[{"cn":"Фарадей","ui":"10625590","t":1326620.0,"r":1310819.0,"q":10.12,"p":15000.0,"mot":"U","mo":1310819.0},{"cn":"LeechLord Ltd.","ui":"10664553","t":1636938.0,"r":1569238.0,"q":7.81,"p":10999.0,"mot":"U","mo":1569238.0},{"cn":"LeechLord Ltd.","ui":"10660275","t":638590.0,"r":628590.0,"q":7.01,"p":10000.0,"mot":"U","mo":628590.0},{"cn":"LeechLord Ltd.","ui":"10662610","t":678670.0,"r":665620.0,"q":5.46,"p":10000.0,"mot":"U","mo":665620.0},{"cn":"Mum Ltd","ui":"10635217","t":6042651.0,"r":5986451.0,"q":8.24,"p":6000.0,"mot":"U","mo":5986451.0},{"cn":"","ui":"","t":1793752.0,"r":822549.0,"q":6.1,"p":16875.4,"mot":"L","mo":822549.0}]},{"d":"22.08.2022","r":1.0027018E7,"q":8.25,"p":9038.19,"s":[{"cn":"Фарадей","ui":"10625590","t":1376837.0,"r":1361035.0,"q":10.2,"p":15000.0,"mot":"U","mo":1361035.0},{"cn":"LeechLord Ltd.","ui":"10664553","t":1674859.0,"r":1607659.0,"q":7.92,"p":10999.0,"mot":"U","mo":1607659.0},{"cn":"LeechLord Ltd.","ui":"10660275","t":608590.0,"r":598590.0,"q":7.01,"p":10000.0,"mot":"U","mo":598590.0},{"cn":"LeechLord Ltd.","ui":"10662610","t":639520.0,"r":626470.0,"q":5.46,"p":10000.0,"mot":"U","mo":626470.0},{"cn":"Mum Ltd","ui":"10635217","t":5676830.0,"r":5392996.0,"q":8.31,"p":6000.0,"mot":"U","mo":5392996.0},{"cn":"","ui":"","t":1431928.0,"r":440268.0,"q":8.4,"p":17987.48,"mot":"L","mo":440268.0}]},{"d":"23.08.2022","r":9845607.0,"q":8.28,"p":9104.0,"s":[{"cn":"Фарадей","ui":"10625590","t":1393606.0,"r":1377804.0,"q":10.22,"p":15000.0,"mot":"U","mo":1377804.0},{"cn":"LeechLord Ltd.","ui":"10664553","t":1680993.0,"r":1613793.0,"q":7.95,"p":10999.0,"mot":"U","mo":1613793.0},{"cn":"LeechLord Ltd.","ui":"10660275","t":598590.0,"r":588590.0,"q":7.01,"p":10000.0,"mot":"U","mo":588590.0},{"cn":"LeechLord Ltd.","ui":"10662610","t":626470.0,"r":613420.0,"q":5.46,"p":10000.0,"mot":"U","mo":613420.0},{"cn":"Mum Ltd","ui":"10635217","t":5485923.0,"r":5197942.0,"q":8.34,"p":6000.0,"mot":"U","mo":5197942.0},{"cn":"","ui":"","t":1443718.0,"r":454058.0,"q":8.43,"p":17639.73,"mot":"L","mo":454058.0}]},{"d":"24.08.2022","r":3784587.0,"q":8.28,"p":12924.6,"s":[{"cn":"Фарадей","ui":"10625590","t":1410372.0,"r":1394570.0,"q":10.24,"p":15000.0,"mot":"U","mo":1394570.0},{"cn":"LeechLord Ltd.","ui":"10664553","t":1694243.0,"r":811764.0,"q":7.99,"p":10999.0,"mot":"U","mo":811764.0},{"cn":"LeechLord Ltd.","ui":"10660275","t":588590.0,"r":578390.0,"q":7.01,"p":10000.0,"mot":"U","mo":578390.0},{"cn":"Korsa","ui":"10734766","t":226115.0,"r":217536.0,"q":6.95,"p":20000.0,"mot":"U","mo":217536.0},{"cn":"LeechLord Ltd.","ui":"10662610","t":613420.0,"r":600370.0,"q":5.46,"p":10000.0,"mot":"U","mo":600370.0},{"cn":"","ui":"","t":1147533.0,"r":181957.0,"q":9.44,"p":16096.24,"mot":"L","mo":181957.0}]},{"d":"25.08.2022","r":3788319.0,"q":8.33,"p":12941.28,"s":[{"cn":"Фарадей","ui":"10625590","t":1427134.0,"r":1411332.0,"q":10.27,"p":15000.0,"mot":"U","mo":1411332.0},{"cn":"LeechLord Ltd.","ui":"10664553","t":892206.0,"r":823306.0,"q":8.06,"p":10999.0,"mot":"U","mo":823306.0},{"cn":"LeechLord Ltd.","ui":"10660275","t":578390.0,"r":558190.0,"q":7.01,"p":10000.0,"mot":"U","mo":558190.0},{"cn":"Korsa","ui":"10734766","t":228160.0,"r":219581.0,"q":6.95,"p":20000.0,"mot":"U","mo":219581.0},{"cn":"LeechLord Ltd.","ui":"10662610","t":600370.0,"r":587320.0,"q":5.46,"p":10000.0,"mot":"U","mo":587320.0},{"cn":"","ui":"","t":1134920.0,"r":188590.0,"q":9.46,"p":15660.74,"mot":"L","mo":188590.0}]},{"d":"26.08.2022","r":3817177.0,"q":8.39,"p":12987.15,"s":[{"cn":"Фарадей","ui":"10625590","t":1443893.0,"r":1428091.0,"q":10.29,"p":15000.0,"mot":"U","mo":1428091.0},{"cn":"LeechLord Ltd.","ui":"10664553","t":903740.0,"r":834840.0,"q":8.12,"p":10999.0,"mot":"U","mo":834840.0},{"cn":"LeechLord Ltd.","ui":"10660275","t":558190.0,"r":537594.0,"q":7.01,"p":10000.0,"mot":"U","mo":537594.0},{"cn":"Korsa","ui":"10734766","t":233191.0,"r":227612.0,"q":6.95,"p":20000.0,"mot":"U","mo":227612.0},{"cn":"LeechLord Ltd.","ui":"10662610","t":587320.0,"r":574270.0,"q":5.46,"p":10000.0,"mot":"U","mo":574270.0},{"cn":"","ui":"","t":1159105.0,"r":214770.0,"q":9.58,"p":15363.47,"mot":"L","mo":214770.0}]},{"d":"29.08.2022","r":5407197.0,"q":7.86,"p":13051.64,"s":[{"cn":"Фарадей","ui":"10625590","t":1494151.0,"r":1478849.0,"q":10.36,"p":15000.0,"mot":"U","mo":1478849.0},{"cn":"LeechLord Ltd.","ui":"10664553","t":786894.0,"r":667294.0,"q":8.28,"p":10999.0,"mot":"U","mo":667294.0},{"cn":"LeechLord Ltd.","ui":"10660275","t":490998.0,"r":465098.0,"q":7.01,"p":10000.0,"mot":"U","mo":465098.0},{"cn":"LeechLord Ltd.","ui":"10662610","t":548170.0,"r":535170.0,"q":5.46,"p":3000.0,"mot":"U","mo":535170.0},{"cn":"Tolik2009 Ltd.","ui":"10685678","t":1672780.0,"r":1671510.0,"q":6.22,"p":15000.0,"mot":"U","mo":1671510.0},{"cn":"","ui":"","t":1593480.0,"r":589276.0,"q":8.6,"p":16497.11,"mot":"L","mo":589276.0}]},{"d":"30.08.2022","r":5433582.0,"q":7.91,"p":13110.56,"s":[{"cn":"Фарадей","ui":"10625590","t":1511397.0,"r":1496095.0,"q":10.38,"p":15000.0,"mot":"U","mo":1496095.0},{"cn":"LeechLord Ltd.","ui":"10664553","t":747696.0,"r":628096.0,"q":8.32,"p":10999.0,"mot":"U","mo":628096.0},{"cn":"LeechLord Ltd.","ui":"10660275","t":465098.0,"r":438948.0,"q":7.01,"p":10000.0,"mot":"U","mo":438948.0},{"cn":"LeechLord Ltd.","ui":"10662610","t":535170.0,"r":522170.0,"q":5.46,"p":3000.0,"mot":"U","mo":522170.0},{"cn":"Tolik2009 Ltd.","ui":"10685678","t":1699094.0,"r":1697824.0,"q":6.25,"p":15000.0,"mot":"U","mo":1697824.0},{"cn":"","ui":"","t":1629515.0,"r":650449.0,"q":8.72,"p":16087.52,"mot":"L","mo":650449.0}]},{"d":"31.08.2022","r":4777347.0,"q":7.81,"p":13479.15,"s":[{"cn":"Фарадей","ui":"10625590","t":1528640.0,"r":1513338.0,"q":10.4,"p":15000.0,"mot":"U","mo":1513338.0},{"cn":"LeechLord Ltd.","ui":"10660275","t":438948.0,"r":411798.0,"q":7.01,"p":10000.0,"mot":"U","mo":411798.0},{"cn":"Korsa","ui":"10734766","t":258136.0,"r":252557.0,"q":6.96,"p":20000.0,"mot":"U","mo":252557.0},{"cn":"LeechLord Ltd.","ui":"10662610","t":522170.0,"r":509170.0,"q":5.46,"p":3000.0,"mot":"U","mo":509170.0},{"cn":"Tolik2009 Ltd.","ui":"10685678","t":1725403.0,"r":1724133.0,"q":6.28,"p":15000.0,"mot":"U","mo":1724133.0},{"cn":"","ui":"","t":1893720.0,"r":366351.0,"q":9.09,"p":14019.03,"mot":"L","mo":366351.0}]},{"d":"01.09.2022","r":4777913.0,"q":7.86,"p":13558.58,"s":[{"cn":"Фарадей","ui":"10625590","t":1545880.0,"r":1530578.0,"q":10.42,"p":15000.0,"mot":"U","mo":1530578.0},{"cn":"LeechLord Ltd.","ui":"10660275","t":411798.0,"r":384648.0,"q":7.01,"p":10000.0,"mot":"U","mo":384648.0},{"cn":"Korsa","ui":"10734766","t":263084.0,"r":257505.0,"q":6.96,"p":20000.0,"mot":"U","mo":257505.0},{"cn":"LeechLord Ltd.","ui":"10662610","t":509170.0,"r":495970.0,"q":5.46,"p":3000.0,"mot":"U","mo":495970.0},{"cn":"Tolik2009 Ltd.","ui":"10685678","t":1751706.0,"r":1750436.0,"q":6.32,"p":15000.0,"mot":"U","mo":1750436.0},{"cn":"","ui":"","t":1446113.0,"r":358776.0,"q":9.36,"p":14164.84,"mot":"L","mo":358776.0}]},{"d":"02.09.2022","r":4793093.0,"q":7.91,"p":13630.14,"s":[{"cn":"Фарадей","ui":"10625590","t":1563116.0,"r":1547814.0,"q":10.43,"p":15000.0,"mot":"U","mo":1547814.0},{"cn":"LeechLord Ltd.","ui":"10660275","t":384648.0,"r":353998.0,"q":7.01,"p":10000.0,"mot":"U","mo":353998.0},{"cn":"Korsa","ui":"10734766","t":268016.0,"r":262437.0,"q":6.96,"p":20000.0,"mot":"U","mo":262437.0},{"cn":"LeechLord Ltd.","ui":"10662610","t":495970.0,"r":482765.0,"q":5.46,"p":3000.0,"mot":"U","mo":482765.0},{"cn":"Tolik2009 Ltd.","ui":"10685678","t":1778003.0,"r":1776733.0,"q":6.35,"p":15000.0,"mot":"U","mo":1776733.0},{"cn":"","ui":"","t":1454783.0,"r":369346.0,"q":9.58,"p":14147.48,"mot":"L","mo":369346.0}]},{"d":"05.09.2022","r":4832786.0,"q":8.07,"p":13805.85,"s":[{"cn":"Фарадей","ui":"10625590","t":1614721.0,"r":1599419.0,"q":10.49,"p":15000.0,"mot":"U","mo":1599419.0},{"cn":"LeechLord Ltd.","ui":"10660275","t":292022.0,"r":259984.0,"q":7.01,"p":10000.0,"mot":"U","mo":259984.0},{"cn":"LeechLord Ltd.","ui":"10662610","t":456355.0,"r":443150.0,"q":5.46,"p":3000.0,"mot":"U","mo":443150.0},{"cn":"Korsa","ui":"10734766","t":283732.0,"r":279153.0,"q":6.96,"p":20000.0,"mot":"U","mo":279153.0},{"cn":"Глобальные инвестиции","ui":"9906147","t":305975.0,"r":259853.0,"q":10.35,"p":15500.0,"mot":"U","mo":259853.0},{"cn":"Tolik2009 Ltd.","ui":"10685678","t":1857802.0,"r":1856632.0,"q":6.45,"p":15000.0,"mot":"U","mo":1856632.0},{"cn":"","ui":"","t":976940.0,"r":134595.0,"q":10.08,"p":9954.85,"mot":"L","mo":134595.0}]},{"d":"06.09.2022","r":4826676.0,"q":8.1,"p":13889.41,"s":[{"cn":"Фарадей","ui":"10625590","t":1631755.0,"r":1616453.0,"q":10.51,"p":15000.0,"mot":"U","mo":1616453.0},{"cn":"LeechLord Ltd.","ui":"10662610","t":443150.0,"r":429945.0,"q":5.46,"p":3000.0,"mot":"U","mo":429945.0},{"cn":"Korsa","ui":"10734766","t":289611.0,"r":285032.0,"q":6.97,"p":20000.0,"mot":"U","mo":285032.0},{"cn":"Глобальные инвестиции","ui":"9906147","t":317704.0,"r":271582.0,"q":10.44,"p":15500.0,"mot":"U","mo":271582.0},{"cn":"Tolik2009 Ltd.","ui":"10685678","t":1884757.0,"r":1883587.0,"q":6.48,"p":15000.0,"mot":"U","mo":1883587.0},{"cn":"","ui":"","t":1195980.0,"r":340077.0,"q":8.04,"p":9818.59,"mot":"L","mo":340077.0}]},{"d":"07.09.2022","r":2265630.0,"q":6.65,"p":15396.35,"s":[{"cn":"Korsa","ui":"10734766","t":295474.0,"r":290895.0,"q":6.97,"p":20000.0,"mot":"U","mo":290895.0},{"cn":"Tolik2009 Ltd.","ui":"10685678","t":1911706.0,"r":1910536.0,"q":6.51,"p":15000.0,"mot":"U","mo":1910536.0},{"cn":"","ui":"","t":474362.0,"r":64199.0,"q":9.29,"p":6331.82,"mot":"L","mo":64199.0}]},{"d":"08.09.2022","r":2332257.0,"q":6.76,"p":15423.05,"s":[{"cn":"Korsa","ui":"10734766","t":301237.0,"r":296658.0,"q":6.97,"p":20000.0,"mot":"U","mo":296658.0},{"cn":"Tolik2009 Ltd.","ui":"10685678","t":1938649.0,"r":1937479.0,"q":6.54,"p":15000.0,"mot":"U","mo":1937479.0},{"cn":"","ui":"","t":225946.0,"r":98120.0,"q":10.48,"p":9938.49,"mot":"L","mo":98120.0}]},{"d":"09.09.2022","r":2368382.0,"q":6.81,"p":15505.07,"s":[{"cn":"Korsa","ui":"10734766","t":306986.0,"r":302407.0,"q":6.97,"p":20000.0,"mot":"U","mo":302407.0},{"cn":"Tolik2009 Ltd.","ui":"10685678","t":1964008.0,"r":1962818.0,"q":6.56,"p":15000.0,"mot":"U","mo":1962818.0},{"cn":"","ui":"","t":168273.0,"r":103157.0,"q":11.2,"p":11938.35,"mot":"L","mo":103157.0}]},{"d":"12.09.2022","r":2663328.0,"q":7.26,"p":15548.72,"s":[{"cn":"Korsa","ui":"10734766","t":324140.0,"r":319561.0,"q":6.97,"p":20000.0,"mot":"U","mo":319561.0},{"cn":"Tolik2009 Ltd.","ui":"10685678","t":2044696.0,"r":2043326.0,"q":6.65,"p":15000.0,"mot":"U","mo":2043326.0},{"cn":"","ui":"","t":442500.0,"r":300441.0,"q":11.74,"p":14546.04,"mot":"L","mo":300441.0}]},{"d":"13.09.2022","r":3009641.0,"q":7.13,"p":17183.2,"s":[{"cn":"Korsa","ui":"10734766","t":329828.0,"r":325249.0,"q":6.97,"p":20000.0,"mot":"U","mo":325249.0},{"cn":"Tolik2009 Ltd.","ui":"10685678","t":2071451.0,"r":2070081.0,"q":6.67,"p":15000.0,"mot":"U","mo":2070081.0},{"cn":"АО «ПОГАНКА»","ui":"5956300","t":328811.0,"r":328811.0,"q":6.0,"p":30000.0,"mot":"U","mo":328811.0},{"cn":"","ui":"","t":401509.0,"r":285500.0,"q":11.9,"p":15042.82,"mot":"L","mo":285500.0}]},{"d":"14.09.2022","r":2094630.0,"q":6.7,"p":15000.0,"s":[{"cn":"Tolik2009 Ltd.","ui":"10685678","t":2097200.0,"r":2094630.0,"q":6.7,"p":15000.0,"mot":"U","mo":2094630.0},{"cn":"","ui":"","t":0.0,"r":0.0,"q":0.0,"p":0.0,"mot":"L","mo":0.0}]},{"d":"15.09.2022","r":2102757.0,"q":6.82,"p":15051.37,"s":[{"cn":"Tolik2009 Ltd.","ui":"10685678","t":2122743.0,"r":2070173.0,"q":6.73,"p":15000.0,"mot":"U","mo":2070173.0},{"cn":"","ui":"","t":64511.0,"r":32584.0,"q":12.36,"p":18315.39,"mot":"L","mo":32584.0}]},{"d":"16.09.2022","r":2175953.0,"q":6.95,"p":15106.65,"s":[{"cn":"Tolik2009 Ltd.","ui":"10685678","t":2098281.0,"r":2095411.0,"q":6.76,"p":15000.0,"mot":"U","mo":2095411.0},{"cn":"","ui":"","t":159691.0,"r":80542.0,"q":12.01,"p":17881.18,"mot":"L","mo":80542.0}]},{"d":"19.09.2022","r":247534.0,"q":11.38,"p":16242.12,"s":[{"cn":"Glk5 Ltd.","ui":"10837766","t":26176.0,"r":22076.0,"q":11.25,"p":8251.0,"mot":"U","mo":22076.0},{"cn":"Брелок и П","ui":"10830920","t":117966.0,"r":94610.0,"q":13.85,"p":20000.0,"mot":"U","mo":94610.0},{"cn":"Korsa","ui":"10734766","t":32676.0,"r":28097.0,"q":6.98,"p":20000.0,"mot":"U","mo":28097.0},{"cn":"Tolik2009 Ltd.","ui":"10685678","t":28130.0,"r":25260.0,"q":8.82,"p":10000.0,"mot":"U","mo":25260.0},{"cn":"АО «dimann77»","ui":"10862422","t":83760.0,"r":17955.0,"q":12.02,"p":10000.0,"mot":"U","mo":17955.0},{"cn":"Глобальные инвестиции","ui":"9906147","t":104468.0,"r":56346.0,"q":11.03,"p":16500.0,"mot":"U","mo":56346.0},{"cn":"","ui":"","t":3190.0,"r":3190.0,"q":1.0,"p":7000.0,"mot":"L","mo":3190.0}]},{"d":"20.09.2022","r":419318.0,"q":11.26,"p":15591.41,"s":[{"cn":"MrDuB Ltd.","ui":"10943841","t":77000.0,"r":77000.0,"q":11.86,"p":15000.0,"mot":"U","mo":77000.0},{"cn":"Glk5 Ltd.","ui":"10837766","t":30757.0,"r":26567.0,"q":11.23,"p":8251.0,"mot":"U","mo":26567.0},{"cn":"Брелок и П","ui":"10830920","t":140219.0,"r":116863.0,"q":13.84,"p":20000.0,"mot":"U","mo":116863.0},{"cn":"Korsa","ui":"10734766","t":38189.0,"r":33610.0,"q":6.97,"p":20000.0,"mot":"U","mo":33610.0},{"cn":"Tolik2009 Ltd.","ui":"10685678","t":53385.0,"r":50515.0,"q":8.83,"p":10000.0,"mot":"U","mo":50515.0},{"cn":"АО «dimann77»","ui":"10862422","t":92703.0,"r":25178.0,"q":12.03,"p":10000.0,"mot":"U","mo":25178.0},{"cn":"Глобальные инвестиции","ui":"9906147","t":121852.0,"r":73730.0,"q":11.03,"p":16500.0,"mot":"U","mo":73730.0},{"cn":"","ui":"","t":16738.0,"r":15855.0,"q":6.19,"p":11391.86,"mot":"L","mo":15855.0}]},{"d":"21.09.2022","r":74231.0,"q":9.09,"p":10005.34,"s":[{"cn":"Tolik2009 Ltd.","ui":"10685678","t":80040.0,"r":74170.0,"q":9.09,"p":10000.0,"mot":"U","mo":74170.0},{"cn":"","ui":"","t":139256.0,"r":61.0,"q":11.03,"p":16500.0,"mot":"L","mo":61.0}]},{"d":"22.09.2022","r":144710.0,"q":10.08,"p":12226.11,"s":[{"cn":"Брелок и П","ui":"10830920","t":45609.0,"r":22253.0,"q":13.86,"p":20000.0,"mot":"U","mo":22253.0},{"cn":"Глобальные инвестиции","ui":"9906147","t":65583.0,"r":8522.0,"q":11.04,"p":16500.0,"mot":"U","mo":8522.0},{"cn":"Tolik2009 Ltd.","ui":"10685678","t":103689.0,"r":97819.0,"q":9.22,"p":10000.0,"mot":"U","mo":97819.0},{"cn":"","ui":"","t":94170.0,"r":16116.0,"q":9.53,"p":12743.66,"mot":"L","mo":16116.0}]},{"d":"23.09.2022","r":202392.0,"q":10.38,"p":13323.55,"s":[{"cn":"Korsa","ui":"10734766","t":15372.0,"r":10793.0,"q":6.9,"p":20000.0,"mot":"U","mo":10793.0},{"cn":"Брелок и П","ui":"10830920","t":67862.0,"r":44506.0,"q":13.87,"p":20000.0,"mot":"U","mo":44506.0},{"cn":"Tolik2009 Ltd.","ui":"10685678","t":126332.0,"r":115361.0,"q":9.3,"p":10000.0,"mot":"U","mo":115361.0},{"cn":"Глобальные инвестиции","ui":"9906147","t":74036.0,"r":21475.0,"q":11.05,"p":16500.0,"mot":"U","mo":21475.0},{"cn":"","ui":"","t":14598.0,"r":10257.0,"q":9.55,"p":8058.05,"mot":"L","mo":10257.0}]},{"d":"26.09.2022","r":563573.0,"q":9.96,"p":16836.06,"s":[{"cn":"MrDuB Ltd.","ui":"10943841","t":235000.0,"r":235000.0,"q":10.46,"p":15000.0,"mot":"U","mo":235000.0},{"cn":"Hrono Ltd.","ui":"9547689","t":179195.0,"r":179194.0,"q":7.41,"p":18000.0,"mot":"U","mo":179194.0},{"cn":"Брелок и П","ui":"10830920","t":129621.0,"r":101465.0,"q":13.89,"p":20000.0,"mot":"U","mo":101465.0},{"cn":"","ui":"","t":56973.0,"r":47914.0,"q":8.77,"p":14788.06,"mot":"L","mo":47914.0}]},{"d":"27.09.2022","r":1020806.0,"q":10.6,"p":18205.64,"s":[{"cn":"MrDuB Ltd.","ui":"10943841","t":235000.0,"r":234900.0,"q":10.46,"p":15000.0,"mot":"U","mo":234900.0},{"cn":"Hrono Ltd.","ui":"9547689","t":179194.0,"r":179192.0,"q":7.41,"p":18000.0,"mot":"U","mo":179192.0},{"cn":"Брелок и П","ui":"10830920","t":147074.0,"r":118418.0,"q":13.9,"p":20000.0,"mot":"U","mo":118418.0},{"cn":"АО «BLESK»","ui":"6445800","t":431005.0,"r":431005.0,"q":11.35,"p":20000.0,"mot":"U","mo":431005.0},{"cn":"","ui":"","t":66360.0,"r":57291.0,"q":8.77,"p":14784.31,"mot":"L","mo":57291.0}]},{"d":"29.09.2022","r":2000.0,"q":1.0,"p":12000.0,"s":[{"cn":"ecodirekt","ui":"10948365","t":2000.0,"r":2000.0,"q":1.0,"p":12000.0,"mot":"U","mo":2000.0},{"cn":"","ui":"","t":0.0,"r":0.0,"q":0.0,"p":0.0,"mot":"L","mo":0.0}]},{"d":"30.09.2022","r":20253.0,"q":12.05,"p":18814.99,"s":[{"cn":"Брелок и П","ui":"10830920","t":45609.0,"r":17253.0,"q":13.97,"p":20000.0,"mot":"U","mo":17253.0},{"cn":"ecodirekt","ui":"10948365","t":3000.0,"r":3000.0,"q":1.0,"p":12000.0,"mot":"U","mo":3000.0},{"cn":"","ui":"","t":0.0,"r":0.0,"q":0.0,"p":0.0,"mot":"L","mo":0.0}]}]