[{"d":"05.09.2018","r":1000.0,"q":1.0,"p":75.0,"s":[{"cn":"ВВ комп","ui":"7848190","t":2000.0,"r":1000.0,"q":1.0,"p":75.0,"mot":"U","mo":1000.0},{"cn":"","ui":"","t":0.0,"r":0.0,"q":0.0,"p":0.0,"mot":"L","mo":0.0}]},{"d":"06.09.2018","r":700.0,"q":1.0,"p":75.0,"s":[{"cn":"ВВ комп","ui":"7848190","t":3000.0,"r":700.0,"q":1.0,"p":75.0,"mot":"U","mo":700.0},{"cn":"","ui":"","t":0.0,"r":0.0,"q":0.0,"p":0.0,"mot":"L","mo":0.0}]},{"d":"07.09.2018","r":1395.0,"q":1.0,"p":75.0,"s":[{"cn":"ВВ комп","ui":"7848190","t":3695.0,"r":1395.0,"q":1.0,"p":75.0,"mot":"U","mo":1395.0},{"cn":"","ui":"","t":0.0,"r":0.0,"q":0.0,"p":0.0,"mot":"L","mo":0.0}]},{"d":"10.09.2018","r":3450.0,"q":1.0,"p":75.0,"s":[{"cn":"ВВ комп","ui":"7848190","t":5750.0,"r":3450.0,"q":1.0,"p":75.0,"mot":"U","mo":3450.0},{"cn":"","ui":"","t":0.0,"r":0.0,"q":0.0,"p":0.0,"mot":"L","mo":0.0}]},{"d":"12.09.2018","r":2594.0,"q":1.0,"p":80.0,"s":[{"cn":"ВВ комп","ui":"7848190","t":6094.0,"r":2594.0,"q":1.0,"p":80.0,"mot":"U","mo":2594.0},{"cn":"","ui":"","t":0.0,"r":0.0,"q":0.0,"p":0.0,"mot":"L","mo":0.0}]},{"d":"13.09.2018","r":2094.0,"q":1.0,"p":80.0,"s":[{"cn":"ВВ комп","ui":"7848190","t":5594.0,"r":2094.0,"q":1.0,"p":80.0,"mot":"U","mo":2094.0},{"cn":"","ui":"","t":0.0,"r":0.0,"q":0.0,"p":0.0,"mot":"L","mo":0.0}]},{"d":"14.09.2018","r":2114.0,"q":1.14,"p":2543.58,"s":[{"cn":"Yellow Rose","ui":"7849720","t":525.0,"r":525.0,"q":1.57,"p":10000.0,"mot":"U","mo":525.0},{"cn":"ВВ комп","ui":"7848190","t":5089.0,"r":1589.0,"q":1.0,"p":80.0,"mot":"U","mo":1589.0},{"cn":"","ui":"","t":0.0,"r":0.0,"q":0.0,"p":0.0,"mot":"L","mo":0.0}]},{"d":"17.09.2018","r":1667.0,"q":1.57,"p":10000.0,"s":[{"cn":"Yellow Rose","ui":"7849720","t":1667.0,"r":1667.0,"q":1.57,"p":10000.0,"mot":"U","mo":1667.0},{"cn":"","ui":"","t":0.0,"r":0.0,"q":0.0,"p":0.0,"mot":"L","mo":0.0}]},{"d":"18.09.2018","r":2192.0,"q":1.57,"p":10000.0,"s":[{"cn":"Yellow Rose","ui":"7849720","t":2192.0,"r":2192.0,"q":1.57,"p":10000.0,"mot":"U","mo":2192.0},{"cn":"","ui":"","t":0.0,"r":0.0,"q":0.0,"p":0.0,"mot":"L","mo":0.0}]},{"d":"19.09.2018","r":3117.0,"q":1.5,"p":8727.62,"s":[{"cn":"Yellow Rose","ui":"7849720","t":2717.0,"r":2717.0,"q":1.57,"p":10000.0,"mot":"U","mo":2717.0},{"cn":"ВВ комп","ui":"7848190","t":4200.0,"r":400.0,"q":1.0,"p":85.0,"mot":"U","mo":400.0},{"cn":"","ui":"","t":0.0,"r":0.0,"q":0.0,"p":0.0,"mot":"L","mo":0.0}]},{"d":"20.09.2018","r":3242.0,"q":1.57,"p":10000.0,"s":[{"cn":"Yellow Rose","ui":"7849720","t":3242.0,"r":3242.0,"q":1.57,"p":10000.0,"mot":"U","mo":3242.0},{"cn":"","ui":"","t":0.0,"r":0.0,"q":0.0,"p":0.0,"mot":"L","mo":0.0}]},{"d":"21.09.2018","r":3767.0,"q":1.57,"p":10000.0,"s":[{"cn":"Yellow Rose","ui":"7849720","t":3767.0,"r":3767.0,"q":1.57,"p":10000.0,"mot":"U","mo":3767.0},{"cn":"","ui":"","t":0.0,"r":0.0,"q":0.0,"p":0.0,"mot":"L","mo":0.0}]},{"d":"24.09.2018","r":5342.0,"q":1.57,"p":10000.0,"s":[{"cn":"Yellow Rose","ui":"7849720","t":5342.0,"r":5342.0,"q":1.57,"p":10000.0,"mot":"U","mo":5342.0},{"cn":"","ui":"","t":0.0,"r":0.0,"q":0.0,"p":0.0,"mot":"L","mo":0.0}]},{"d":"25.09.2018","r":5867.0,"q":1.57,"p":10000.0,"s":[{"cn":"Yellow Rose","ui":"7849720","t":5867.0,"r":5867.0,"q":1.57,"p":10000.0,"mot":"U","mo":5867.0},{"cn":"","ui":"","t":0.0,"r":0.0,"q":0.0,"p":0.0,"mot":"L","mo":0.0}]},{"d":"26.09.2018","r":6392.0,"q":1.57,"p":10000.0,"s":[{"cn":"Yellow Rose","ui":"7849720","t":6392.0,"r":6392.0,"q":1.57,"p":10000.0,"mot":"U","mo":6392.0},{"cn":"","ui":"","t":0.0,"r":0.0,"q":0.0,"p":0.0,"mot":"L","mo":0.0}]},{"d":"28.09.2018","r":6917.0,"q":1.57,"p":10000.0,"s":[{"cn":"Yellow Rose","ui":"7849720","t":6917.0,"r":6917.0,"q":1.57,"p":10000.0,"mot":"U","mo":6917.0},{"cn":"","ui":"","t":0.0,"r":0.0,"q":0.0,"p":0.0,"mot":"L","mo":0.0}]},{"d":"01.02.2019","r":21390.0,"q":1.57,"p":37.0,"s":[{"cn":"ATX Enterprise","ui":"7897428","t":55490.0,"r":21390.0,"q":1.57,"p":37.0,"mot":"U","mo":21390.0},{"cn":"","ui":"","t":0.0,"r":0.0,"q":0.0,"p":0.0,"mot":"L","mo":0.0}]},{"d":"04.02.2019","r":19947.0,"q":1.57,"p":37.0,"s":[{"cn":"ATX Enterprise","ui":"7897428","t":54047.0,"r":19947.0,"q":1.57,"p":37.0,"mot":"U","mo":19947.0},{"cn":"","ui":"","t":0.0,"r":0.0,"q":0.0,"p":0.0,"mot":"L","mo":0.0}]},{"d":"05.02.2019","r":20675.0,"q":1.57,"p":37.0,"s":[{"cn":"ATX Enterprise","ui":"7897428","t":54775.0,"r":20675.0,"q":1.57,"p":37.0,"mot":"U","mo":20675.0},{"cn":"","ui":"","t":0.0,"r":0.0,"q":0.0,"p":0.0,"mot":"L","mo":0.0}]},{"d":"06.02.2019","r":15340.0,"q":1.57,"p":37.0,"s":[{"cn":"ATX Enterprise","ui":"7897428","t":55440.0,"r":15340.0,"q":1.57,"p":37.0,"mot":"U","mo":15340.0},{"cn":"","ui":"","t":0.0,"r":0.0,"q":0.0,"p":0.0,"mot":"L","mo":0.0}]},{"d":"07.02.2019","r":16715.0,"q":1.57,"p":37.0,"s":[{"cn":"ATX Enterprise","ui":"7897428","t":56815.0,"r":16715.0,"q":1.57,"p":37.0,"mot":"U","mo":16715.0},{"cn":"","ui":"","t":0.0,"r":0.0,"q":0.0,"p":0.0,"mot":"L","mo":0.0}]},{"d":"08.02.2019","r":10016.0,"q":1.57,"p":37.0,"s":[{"cn":"ATX Enterprise","ui":"7897428","t":58116.0,"r":10016.0,"q":1.57,"p":37.0,"mot":"U","mo":10016.0},{"cn":"","ui":"","t":0.0,"r":0.0,"q":0.0,"p":0.0,"mot":"L","mo":0.0}]}]