[{"d":"25.07.2022","r":350.0,"q":6.86,"p":111000.0,"s":[{"cn":"Glukes Ltd.","ui":"7112279","t":430.0,"r":350.0,"q":6.86,"p":111000.0,"mot":"U","mo":350.0},{"cn":"","ui":"","t":0.0,"r":0.0,"q":0.0,"p":0.0,"mot":"L","mo":0.0}]},{"d":"26.07.2022","r":2006.0,"q":1.04,"p":131895.31,"s":[{"cn":"Grey Group","ui":"7118422","t":1996.0,"r":1996.0,"q":1.01,"p":132000.0,"mot":"U","mo":1996.0},{"cn":"","ui":"","t":510.0,"r":10.0,"q":6.87,"p":111000.0,"mot":"L","mo":10.0}]},{"d":"27.07.2022","r":2468.0,"q":1.16,"p":126260.53,"s":[{"cn":"Grey Group","ui":"7118422","t":2003.0,"r":2003.0,"q":1.01,"p":132000.0,"mot":"U","mo":2003.0},{"cn":"MyFrame ltd.","ui":"7122598","t":400.0,"r":400.0,"q":1.0,"p":100000.0,"mot":"U","mo":400.0},{"cn":"","ui":"","t":765.0,"r":65.0,"q":6.88,"p":111000.0,"mot":"L","mo":65.0}]},{"d":"28.07.2022","r":799.0,"q":1.0,"p":100000.0,"s":[{"cn":"MyFrame ltd.","ui":"7122598","t":799.0,"r":799.0,"q":1.0,"p":100000.0,"mot":"U","mo":799.0},{"cn":"","ui":"","t":0.0,"r":0.0,"q":0.0,"p":0.0,"mot":"L","mo":0.0}]},{"d":"29.07.2022","r":3207.0,"q":1.01,"p":120046.15,"s":[{"cn":"Grey Group","ui":"7118422","t":2009.0,"r":2009.0,"q":1.01,"p":132000.0,"mot":"U","mo":2009.0},{"cn":"MyFrame ltd.","ui":"7122598","t":1198.0,"r":1198.0,"q":1.0,"p":100000.0,"mot":"U","mo":1198.0},{"cn":"","ui":"","t":0.0,"r":0.0,"q":0.0,"p":0.0,"mot":"L","mo":0.0}]},{"d":"01.08.2022","r":10350.0,"q":1.01,"p":124607.54,"s":[{"cn":"Grey Group","ui":"7118422","t":7959.0,"r":7959.0,"q":1.01,"p":132000.0,"mot":"U","mo":7959.0},{"cn":"MyFrame ltd.","ui":"7122598","t":2391.0,"r":2391.0,"q":1.0,"p":100000.0,"mot":"U","mo":2391.0},{"cn":"","ui":"","t":0.0,"r":0.0,"q":0.0,"p":0.0,"mot":"L","mo":0.0}]},{"d":"02.08.2022","r":12796.0,"q":1.52,"p":125030.32,"s":[{"cn":"Grey Group","ui":"7118422","t":10009.0,"r":10009.0,"q":1.67,"p":132000.0,"mot":"U","mo":10009.0},{"cn":"MyFrame ltd.","ui":"7122598","t":2787.0,"r":2787.0,"q":1.0,"p":100000.0,"mot":"U","mo":2787.0},{"cn":"","ui":"","t":0.0,"r":0.0,"q":0.0,"p":0.0,"mot":"L","mo":0.0}]},{"d":"03.08.2022","r":15192.0,"q":1.87,"p":125295.42,"s":[{"cn":"Grey Group","ui":"7118422","t":12009.0,"r":12009.0,"q":2.1,"p":132000.0,"mot":"U","mo":12009.0},{"cn":"MyFrame ltd.","ui":"7122598","t":3183.0,"r":3183.0,"q":1.0,"p":100000.0,"mot":"U","mo":3183.0},{"cn":"","ui":"","t":0.0,"r":0.0,"q":0.0,"p":0.0,"mot":"L","mo":0.0}]},{"d":"04.08.2022","r":17587.0,"q":2.13,"p":125489.74,"s":[{"cn":"Grey Group","ui":"7118422","t":14009.0,"r":14009.0,"q":2.42,"p":132000.0,"mot":"U","mo":14009.0},{"cn":"MyFrame ltd.","ui":"7122598","t":3578.0,"r":3578.0,"q":1.0,"p":100000.0,"mot":"U","mo":3578.0},{"cn":"","ui":"","t":0.0,"r":0.0,"q":0.0,"p":0.0,"mot":"L","mo":0.0}]},{"d":"05.08.2022","r":19982.0,"q":2.33,"p":125637.47,"s":[{"cn":"Grey Group","ui":"7118422","t":16009.0,"r":16009.0,"q":2.66,"p":132000.0,"mot":"U","mo":16009.0},{"cn":"MyFrame ltd.","ui":"7122598","t":3973.0,"r":3973.0,"q":1.0,"p":100000.0,"mot":"U","mo":3973.0},{"cn":"","ui":"","t":0.0,"r":0.0,"q":0.0,"p":0.0,"mot":"L","mo":0.0}]},{"d":"08.08.2022","r":27163.0,"q":2.69,"p":125928.21,"s":[{"cn":"Grey Group","ui":"7118422","t":22009.0,"r":22009.0,"q":3.09,"p":132000.0,"mot":"U","mo":22009.0},{"cn":"MyFrame ltd.","ui":"7122598","t":5154.0,"r":5154.0,"q":1.0,"p":100000.0,"mot":"U","mo":5154.0},{"cn":"","ui":"","t":0.0,"r":0.0,"q":0.0,"p":0.0,"mot":"L","mo":0.0}]},{"d":"09.08.2022","r":29556.0,"q":2.79,"p":125994.32,"s":[{"cn":"Grey Group","ui":"7118422","t":24009.0,"r":24009.0,"q":3.2,"p":132000.0,"mot":"U","mo":24009.0},{"cn":"MyFrame ltd.","ui":"7122598","t":5547.0,"r":5547.0,"q":1.0,"p":100000.0,"mot":"U","mo":5547.0},{"cn":"","ui":"","t":0.0,"r":0.0,"q":0.0,"p":0.0,"mot":"L","mo":0.0}]},{"d":"10.08.2022","r":26009.0,"q":3.29,"p":132000.0,"s":[{"cn":"Grey Group","ui":"7118422","t":26009.0,"r":26009.0,"q":3.29,"p":132000.0,"mot":"U","mo":26009.0},{"cn":"","ui":"","t":0.0,"r":0.0,"q":0.0,"p":0.0,"mot":"L","mo":0.0}]},{"d":"11.08.2022","r":28009.0,"q":3.38,"p":132000.0,"s":[{"cn":"Grey Group","ui":"7118422","t":28009.0,"r":28009.0,"q":3.38,"p":132000.0,"mot":"U","mo":28009.0},{"cn":"","ui":"","t":0.0,"r":0.0,"q":0.0,"p":0.0,"mot":"L","mo":0.0}]},{"d":"12.08.2022","r":35602.0,"q":3.06,"p":126972.87,"s":[{"cn":"Grey Group","ui":"7118422","t":30009.0,"r":30009.0,"q":3.44,"p":132000.0,"mot":"U","mo":30009.0},{"cn":"MyFrame ltd.","ui":"7122598","t":5593.0,"r":5593.0,"q":1.0,"p":100000.0,"mot":"U","mo":5593.0},{"cn":"","ui":"","t":0.0,"r":0.0,"q":0.0,"p":0.0,"mot":"L","mo":0.0}]},{"d":"15.08.2022","r":42771.0,"q":3.18,"p":126940.87,"s":[{"cn":"Grey Group","ui":"7118422","t":36009.0,"r":36009.0,"q":3.59,"p":132000.0,"mot":"U","mo":36009.0},{"cn":"MyFrame ltd.","ui":"7122598","t":6762.0,"r":6762.0,"q":1.0,"p":100000.0,"mot":"U","mo":6762.0},{"cn":"","ui":"","t":0.0,"r":0.0,"q":0.0,"p":0.0,"mot":"L","mo":0.0}]},{"d":"16.08.2022","r":45160.0,"q":3.21,"p":126932.86,"s":[{"cn":"Grey Group","ui":"7118422","t":38009.0,"r":38009.0,"q":3.62,"p":132000.0,"mot":"U","mo":38009.0},{"cn":"MyFrame ltd.","ui":"7122598","t":7151.0,"r":7151.0,"q":1.0,"p":100000.0,"mot":"U","mo":7151.0},{"cn":"","ui":"","t":0.0,"r":0.0,"q":0.0,"p":0.0,"mot":"L","mo":0.0}]},{"d":"17.08.2022","r":47548.0,"q":3.24,"p":126926.22,"s":[{"cn":"Grey Group","ui":"7118422","t":40009.0,"r":40009.0,"q":3.66,"p":132000.0,"mot":"U","mo":40009.0},{"cn":"MyFrame ltd.","ui":"7122598","t":7539.0,"r":7539.0,"q":1.0,"p":100000.0,"mot":"U","mo":7539.0},{"cn":"","ui":"","t":0.0,"r":0.0,"q":0.0,"p":0.0,"mot":"L","mo":0.0}]},{"d":"18.08.2022","r":42009.0,"q":3.69,"p":132000.0,"s":[{"cn":"Grey Group","ui":"7118422","t":42009.0,"r":42009.0,"q":3.69,"p":132000.0,"mot":"U","mo":42009.0},{"cn":"","ui":"","t":0.0,"r":0.0,"q":0.0,"p":0.0,"mot":"L","mo":0.0}]},{"d":"19.08.2022","r":44009.0,"q":3.72,"p":132000.0,"s":[{"cn":"Grey Group","ui":"7118422","t":44009.0,"r":44009.0,"q":3.72,"p":132000.0,"mot":"U","mo":44009.0},{"cn":"","ui":"","t":0.0,"r":0.0,"q":0.0,"p":0.0,"mot":"L","mo":0.0}]},{"d":"22.08.2022","r":50009.0,"q":3.81,"p":132000.0,"s":[{"cn":"Grey Group","ui":"7118422","t":50009.0,"r":50009.0,"q":3.81,"p":132000.0,"mot":"U","mo":50009.0},{"cn":"","ui":"","t":0.0,"r":0.0,"q":0.0,"p":0.0,"mot":"L","mo":0.0}]},{"d":"23.08.2022","r":52246.0,"q":3.84,"p":132000.0,"s":[{"cn":"Grey Group","ui":"7118422","t":52246.0,"r":52246.0,"q":3.84,"p":132000.0,"mot":"U","mo":52246.0},{"cn":"","ui":"","t":0.0,"r":0.0,"q":0.0,"p":0.0,"mot":"L","mo":0.0}]},{"d":"24.08.2022","r":54480.0,"q":3.88,"p":132000.0,"s":[{"cn":"Grey Group","ui":"7118422","t":54480.0,"r":54480.0,"q":3.88,"p":132000.0,"mot":"U","mo":54480.0},{"cn":"","ui":"","t":0.0,"r":0.0,"q":0.0,"p":0.0,"mot":"L","mo":0.0}]},{"d":"25.08.2022","r":56711.0,"q":3.91,"p":132000.0,"s":[{"cn":"Grey Group","ui":"7118422","t":56711.0,"r":56711.0,"q":3.91,"p":132000.0,"mot":"U","mo":56711.0},{"cn":"","ui":"","t":0.0,"r":0.0,"q":0.0,"p":0.0,"mot":"L","mo":0.0}]},{"d":"26.08.2022","r":58939.0,"q":3.94,"p":132000.0,"s":[{"cn":"Grey Group","ui":"7118422","t":58939.0,"r":58939.0,"q":3.94,"p":132000.0,"mot":"U","mo":58939.0},{"cn":"","ui":"","t":0.0,"r":0.0,"q":0.0,"p":0.0,"mot":"L","mo":0.0}]},{"d":"29.08.2022","r":65602.0,"q":4.02,"p":132000.0,"s":[{"cn":"Grey Group","ui":"7118422","t":65602.0,"r":65602.0,"q":4.02,"p":132000.0,"mot":"U","mo":65602.0},{"cn":"","ui":"","t":0.0,"r":0.0,"q":0.0,"p":0.0,"mot":"L","mo":0.0}]},{"d":"30.08.2022","r":68170.0,"q":4.02,"p":131636.2,"s":[{"cn":"Grey Group","ui":"7118422","t":67770.0,"r":67770.0,"q":4.04,"p":132000.0,"mot":"U","mo":67770.0},{"cn":"","ui":"","t":400.0,"r":400.0,"q":1.0,"p":70000.0,"mot":"L","mo":400.0}]},{"d":"31.08.2022","r":70755.0,"q":4.03,"p":131299.87,"s":[{"cn":"Grey Group","ui":"7118422","t":69956.0,"r":69956.0,"q":4.06,"p":132000.0,"mot":"U","mo":69956.0},{"cn":"","ui":"","t":799.0,"r":799.0,"q":1.0,"p":70000.0,"mot":"L","mo":799.0}]},{"d":"01.09.2022","r":73330.0,"q":4.05,"p":130986.25,"s":[{"cn":"Grey Group","ui":"7118422","t":72131.0,"r":72131.0,"q":4.09,"p":132000.0,"mot":"U","mo":72131.0},{"cn":"","ui":"","t":1199.0,"r":1199.0,"q":1.49,"p":70000.0,"mot":"L","mo":1199.0}]},{"d":"02.09.2022","r":75909.0,"q":4.05,"p":130272.69,"s":[{"cn":"Grey Group","ui":"7118422","t":74310.0,"r":74310.0,"q":4.1,"p":132000.0,"mot":"U","mo":74310.0},{"cn":"","ui":"","t":1599.0,"r":1599.0,"q":1.73,"p":50000.0,"mot":"L","mo":1599.0}]},{"d":"05.09.2022","r":81462.0,"q":4.08,"p":129136.21,"s":[{"cn":"Grey Group","ui":"7118422","t":78617.0,"r":78617.0,"q":4.15,"p":132000.0,"mot":"U","mo":78617.0},{"cn":"","ui":"","t":2845.0,"r":2845.0,"q":2.05,"p":50000.0,"mot":"L","mo":2845.0}]},{"d":"06.09.2022","r":81880.0,"q":4.07,"p":128736.22,"s":[{"cn":"Grey Group","ui":"7118422","t":78621.0,"r":78621.0,"q":4.15,"p":132000.0,"mot":"U","mo":78621.0},{"cn":"","ui":"","t":3259.0,"r":3259.0,"q":2.1,"p":50000.0,"mot":"L","mo":3259.0}]},{"d":"07.09.2022","r":84495.0,"q":4.08,"p":128436.43,"s":[{"cn":"Grey Group","ui":"7118422","t":80823.0,"r":80823.0,"q":4.17,"p":132000.0,"mot":"U","mo":80823.0},{"cn":"","ui":"","t":3672.0,"r":3672.0,"q":2.14,"p":50000.0,"mot":"L","mo":3672.0}]},{"d":"08.09.2022","r":87106.0,"q":4.1,"p":127216.52,"s":[{"cn":"Grey Group","ui":"7118422","t":83021.0,"r":83021.0,"q":4.19,"p":132000.0,"mot":"U","mo":83021.0},{"cn":"","ui":"","t":4085.0,"r":4085.0,"q":2.17,"p":30000.0,"mot":"L","mo":4085.0}]},{"d":"09.09.2022","r":89738.0,"q":4.12,"p":126864.65,"s":[{"cn":"Grey Group","ui":"7118422","t":85220.0,"r":85220.0,"q":4.21,"p":132000.0,"mot":"U","mo":85220.0},{"cn":"Инвест","ui":"7161300","t":4518.0,"r":4518.0,"q":2.33,"p":30000.0,"mot":"U","mo":4518.0},{"cn":"","ui":"","t":0.0,"r":0.0,"q":0.0,"p":0.0,"mot":"L","mo":0.0}]},{"d":"12.09.2022","r":97564.0,"q":4.17,"p":125376.25,"s":[{"cn":"Grey Group","ui":"7118422","t":91794.0,"r":91794.0,"q":4.27,"p":132000.0,"mot":"U","mo":91794.0},{"cn":"Инвест","ui":"7161300","t":5770.0,"r":5770.0,"q":2.65,"p":20000.0,"mot":"U","mo":5770.0},{"cn":"","ui":"","t":0.0,"r":0.0,"q":0.0,"p":0.0,"mot":"L","mo":0.0}]},{"d":"13.09.2022","r":100176.0,"q":4.19,"p":125069.32,"s":[{"cn":"Grey Group","ui":"7118422","t":93977.0,"r":93977.0,"q":4.29,"p":132000.0,"mot":"U","mo":93977.0},{"cn":"Инвест","ui":"7161300","t":6199.0,"r":6199.0,"q":2.73,"p":20000.0,"mot":"U","mo":6199.0},{"cn":"","ui":"","t":0.0,"r":0.0,"q":0.0,"p":0.0,"mot":"L","mo":0.0}]},{"d":"14.09.2022","r":102780.0,"q":4.2,"p":124777.43,"s":[{"cn":"Grey Group","ui":"7118422","t":96152.0,"r":96152.0,"q":4.3,"p":132000.0,"mot":"U","mo":96152.0},{"cn":"Инвест","ui":"7161300","t":6628.0,"r":6628.0,"q":2.8,"p":20000.0,"mot":"U","mo":6628.0},{"cn":"","ui":"","t":0.0,"r":0.0,"q":0.0,"p":0.0,"mot":"L","mo":0.0}]},{"d":"15.09.2022","r":105374.0,"q":4.22,"p":124500.31,"s":[{"cn":"Grey Group","ui":"7118422","t":98318.0,"r":98318.0,"q":4.32,"p":132000.0,"mot":"U","mo":98318.0},{"cn":"Инвест","ui":"7161300","t":7056.0,"r":7056.0,"q":2.86,"p":20000.0,"mot":"U","mo":7056.0},{"cn":"","ui":"","t":0.0,"r":0.0,"q":0.0,"p":0.0,"mot":"L","mo":0.0}]},{"d":"16.09.2022","r":107959.0,"q":4.24,"p":124236.9,"s":[{"cn":"Grey Group","ui":"7118422","t":100476.0,"r":100476.0,"q":4.34,"p":132000.0,"mot":"U","mo":100476.0},{"cn":"Инвест","ui":"7161300","t":7483.0,"r":7483.0,"q":2.91,"p":20000.0,"mot":"U","mo":7483.0},{"cn":"","ui":"","t":0.0,"r":0.0,"q":0.0,"p":0.0,"mot":"L","mo":0.0}]},{"d":"19.09.2022","r":115764.0,"q":4.28,"p":123523.86,"s":[{"cn":"Grey Group","ui":"7118422","t":107003.0,"r":107003.0,"q":4.38,"p":132000.0,"mot":"U","mo":107003.0},{"cn":"Инвест","ui":"7161300","t":8761.0,"r":8761.0,"q":3.05,"p":20000.0,"mot":"U","mo":8761.0},{"cn":"","ui":"","t":0.0,"r":0.0,"q":0.0,"p":0.0,"mot":"L","mo":0.0}]},{"d":"20.09.2022","r":118362.0,"q":4.3,"p":123307.75,"s":[{"cn":"Grey Group","ui":"7118422","t":109176.0,"r":109176.0,"q":4.4,"p":132000.0,"mot":"U","mo":109176.0},{"cn":"Инвест","ui":"7161300","t":9186.0,"r":9186.0,"q":3.08,"p":20000.0,"mot":"U","mo":9186.0},{"cn":"","ui":"","t":0.0,"r":0.0,"q":0.0,"p":0.0,"mot":"L","mo":0.0}]},{"d":"21.09.2022","r":120955.0,"q":4.32,"p":123101.48,"s":[{"cn":"Grey Group","ui":"7118422","t":111345.0,"r":111345.0,"q":4.42,"p":132000.0,"mot":"U","mo":111345.0},{"cn":"Инвест","ui":"7161300","t":9610.0,"r":9610.0,"q":3.11,"p":20000.0,"mot":"U","mo":9610.0},{"cn":"","ui":"","t":0.0,"r":0.0,"q":0.0,"p":0.0,"mot":"L","mo":0.0}]},{"d":"22.09.2022","r":123541.0,"q":4.33,"p":122904.27,"s":[{"cn":"Grey Group","ui":"7118422","t":113508.0,"r":113508.0,"q":4.43,"p":132000.0,"mot":"U","mo":113508.0},{"cn":"Инвест","ui":"7161300","t":10033.0,"r":10033.0,"q":3.14,"p":20000.0,"mot":"U","mo":10033.0},{"cn":"","ui":"","t":0.0,"r":0.0,"q":0.0,"p":0.0,"mot":"L","mo":0.0}]},{"d":"23.09.2022","r":127579.0,"q":4.36,"p":122455.98,"s":[{"cn":"Grey Group","ui":"7118422","t":115666.0,"r":115666.0,"q":4.44,"p":132000.0,"mot":"U","mo":115666.0},{"cn":"Инвест","ui":"7161300","t":10455.0,"r":10455.0,"q":3.17,"p":20000.0,"mot":"U","mo":10455.0},{"cn":"","ui":"","t":1458.0,"r":1458.0,"q":6.84,"p":100000.0,"mot":"L","mo":1458.0}]},{"d":"26.09.2022","r":133851.0,"q":4.37,"p":122194.95,"s":[{"cn":"Grey Group","ui":"7118422","t":122133.0,"r":122133.0,"q":4.48,"p":132000.0,"mot":"U","mo":122133.0},{"cn":"Инвест","ui":"7161300","t":11718.0,"r":11718.0,"q":3.24,"p":20000.0,"mot":"U","mo":11718.0},{"cn":"","ui":"","t":0.0,"r":0.0,"q":0.0,"p":0.0,"mot":"L","mo":0.0}]},{"d":"27.09.2022","r":126488.0,"q":4.54,"p":131091.04,"s":[{"cn":"Grey Group","ui":"7118422","t":124277.0,"r":124277.0,"q":4.5,"p":132000.0,"mot":"U","mo":124277.0},{"cn":"","ui":"","t":2211.0,"r":2211.0,"q":7.07,"p":80000.0,"mot":"L","mo":2211.0}]},{"d":"28.09.2022","r":126419.0,"q":4.51,"p":132000.0,"s":[{"cn":"Grey Group","ui":"7118422","t":126419.0,"r":126419.0,"q":4.51,"p":132000.0,"mot":"U","mo":126419.0},{"cn":"","ui":"","t":0.0,"r":0.0,"q":0.0,"p":0.0,"mot":"L","mo":0.0}]},{"d":"29.09.2022","r":128559.0,"q":4.52,"p":132000.0,"s":[{"cn":"Grey Group","ui":"7118422","t":128559.0,"r":128559.0,"q":4.52,"p":132000.0,"mot":"U","mo":128559.0},{"cn":"","ui":"","t":0.0,"r":0.0,"q":0.0,"p":0.0,"mot":"L","mo":0.0}]},{"d":"30.09.2022","r":145793.0,"q":4.48,"p":121554.97,"s":[{"cn":"Grey Group","ui":"7118422","t":130695.0,"r":130695.0,"q":4.53,"p":132000.0,"mot":"U","mo":130695.0},{"cn":"Инвест","ui":"7161300","t":11868.0,"r":11868.0,"q":3.25,"p":20000.0,"mot":"U","mo":11868.0},{"cn":"","ui":"","t":3230.0,"r":3230.0,"q":7.15,"p":72063.16,"mot":"L","mo":3230.0}]}]