[{"pi":"3838","pc":"Электроника","ss":140000,"td":"Центр города","dc":2,"n":576.69,"vc":"739714","sl":"Высокий","sv":"7000","p":17000.0,"q":4.82,"b":0.0,"ms":26.58,"wi":156.39,"ei":6.41,"as":2315.25,"mi":"E","mv":26334,"sc":2,"lpe":69.5,"lpr":9747.22,"lq":1.44,"d":680780},{"pi":"3838","pc":"Электроника","ss":100000,"td":"Фешенебельный район","dc":1,"n":675.63,"vc":"306670","sl":"Элитный","sv":"1032","p":77000.0,"q":30.13,"b":5.82,"ms":3.92,"wi":156.39,"ei":6.41,"as":2315.25,"mi":"E","mv":26334,"sc":2,"lpe":69.5,"lpr":9747.22,"lq":1.44,"d":680780},{"pi":"3838","pc":"Электроника","ss":200000,"td":"Центр города","dc":2,"n":396.62,"vc":"391180","sl":"Элитный","sv":"25000","p":17000.0,"q":6.92,"b":0.0,"ms":27.2,"wi":131.96,"ei":6.72,"as":1776.47,"mi":"E","mv":91903,"sc":2,"lpe":70.84,"lpr":11086.78,"lq":1.61,"d":2542506},{"pi":"3838","pc":"Электроника","ss":12000,"td":"Центр города","dc":3,"n":220.12,"vc":"11787","sl":"Очень высокий","sv":"1800","p":12880.0,"q":1.57,"b":2.94,"ms":1.96,"wi":131.96,"ei":6.72,"as":1776.47,"mi":"E","mv":91903,"sc":2,"lpe":70.84,"lpr":11086.78,"lq":1.61,"d":2542506},{"pi":"3838","pc":"Электроника","ss":130000,"td":"Центр города","dc":2,"n":387.51,"vc":"213291","sl":"Элитный","sv":"4000","p":11000.0,"q":4.82,"b":0.0,"ms":6.45,"wi":109.74,"ei":6.39,"as":1332.06,"mi":"E","mv":61989,"sc":1,"lpe":93.55,"lpr":9214.42,"lq":1.0,"d":1607580},{"pi":"3838","pc":"Электроника","ss":10000,"td":"Центр города","dc":2,"n":189.63,"vc":"5378","sl":"Элитный","sv":"1206","p":4130.0,"q":1.48,"b":0.0,"ms":7.03,"wi":80.59,"ei":6.9,"as":850.5,"mi":"E","mv":17164,"sc":1,"lpe":92.97,"lpr":4133.31,"lq":1.0,"d":688452},{"pi":"3838","pc":"Электроника","ss":10000,"td":"Центр города","dc":1,"n":190.31,"vc":"4044","sl":"Элитный","sv":"1675","p":4500.0,"q":1.37,"b":0.0,"ms":3.83,"wi":86.72,"ei":7.1,"as":871.5,"mi":"E","mv":43741,"sc":1,"lpe":96.17,"lpr":5245.2,"lq":1.0,"d":957768},{"pi":"3838","pc":"Электроника","ss":100000,"td":"Центр города","dc":1,"n":386.84,"vc":"203337","sl":"Элитный","sv":"4500","p":28600.0,"q":21.61,"b":2.51,"ms":4.55,"wi":81.91,"ei":8.82,"as":546.4,"mi":"E","mv":98936,"sc":2,"lpe":94.74,"lpr":8159.58,"lq":1.0,"d":2598727},{"pi":"3838","pc":"Электроника","ss":11000,"td":"Центр города","dc":1,"n":349.07,"vc":"19777","sl":"Элитный","sv":"700","p":3600.0,"q":7.45,"b":0.0,"ms":0.71,"wi":81.91,"ei":8.82,"as":546.4,"mi":"E","mv":98936,"sc":2,"lpe":94.74,"lpr":8159.58,"lq":1.0,"d":2598727},{"pi":"3838","pc":"Электроника","ss":5300,"td":"Центр города","dc":4,"n":284.26,"vc":"5552","sl":"Очень высокий","sv":"612","p":3300.0,"q":2.13,"b":0.16,"ms":1.59,"wi":109.29,"ei":6.7,"as":1597.06,"mi":"E","mv":38603,"sc":1,"lpe":98.41,"lpr":5609.6,"lq":1.0,"d":976806},{"pi":"3838","pc":"Электроника","ss":15200,"td":"Спальный район","dc":3,"n":241.88,"vc":"12538","sl":"Элитный","sv":"2695","p":10000.0,"q":10.45,"b":0.0,"ms":3.32,"wi":57.01,"ei":11.71,"as":410.0,"mi":"E","mv":81127,"sc":1,"lpe":96.68,"lpr":4146.27,"lq":1.0,"d":2912574},{"pi":"3838","pc":"Электроника","ss":1000,"td":"Спальный район","dc":7,"n":299.81,"vc":"800","sl":"Очень низкий","sv":"14","p":3200.0,"q":3.76,"b":0.0,"ms":0.32,"wi":77.49,"ei":6.62,"as":518.18,"mi":"E","mv":4401,"sc":1,"lpe":99.68,"lpr":4325.61,"lq":1.0,"d":116700},{"pi":"3838","pc":"Электроника","ss":1000,"td":"Центр города","dc":1,"n":201.48,"vc":"1935","sl":"Очень высокий","sv":"1832","p":10000.0,"q":16.57,"b":0.0,"ms":4.85,"wi":89.51,"ei":7.06,"as":573.3,"mi":"E","mv":37799,"sc":3,"lpe":94.62,"lpr":6474.54,"lq":1.0,"d":978294},{"pi":"3838","pc":"Электроника","ss":1000,"td":"Фешенебельный район","dc":1,"n":516.32,"vc":"1712","sl":"Очень высокий","sv":"200","p":36000.0,"q":21.61,"b":3.06,"ms":0.53,"wi":89.51,"ei":7.06,"as":573.3,"mi":"E","mv":37799,"sc":3,"lpe":94.62,"lpr":6474.54,"lq":1.0,"d":978294},{"pi":"3838","pc":"Электроника","ss":100,"td":"Спальный район","dc":1,"n":18.73,"vc":"62","sl":"Нормальный","sv":"2","p":5100.0,"q":1.36,"b":0.0,"ms":0.01,"wi":89.51,"ei":7.06,"as":573.3,"mi":"E","mv":37799,"sc":3,"lpe":94.62,"lpr":6474.54,"lq":1.0,"d":978294},{"pi":"3838","pc":"Электроника","ss":100000,"td":"Фешенебельный район","dc":2,"n":514.88,"vc":"139200","sl":"Элитный","sv":"15000","p":20000.0,"q":23.98,"b":1.21333333333333,"ms":9.79,"wi":89.14,"ei":7.05,"as":1247.63,"mi":"E","mv":153295,"sc":3,"lpe":82.84,"lpr":3689.02,"lq":2.11,"d":5900984},{"pi":"3838","pc":"Электроника","ss":100000,"td":"Центр города","dc":2,"n":236.82,"vc":"42688","sl":"Элитный","sv":"11204","p":6800.0,"q":9.87,"b":0.0,"ms":7.31,"wi":89.14,"ei":7.05,"as":1247.63,"mi":"E","mv":153295,"sc":3,"lpe":82.84,"lpr":3689.02,"lq":2.11,"d":5900984},{"pi":"3838","pc":"Электроника","ss":10000,"td":"Центр города","dc":1,"n":61.37,"vc":"2945","sl":"Элитный","sv":"100","p":6000.0,"q":3.97,"b":0.0,"ms":0.07,"wi":89.14,"ei":7.05,"as":1247.63,"mi":"E","mv":153295,"sc":3,"lpe":82.84,"lpr":3689.02,"lq":2.11,"d":5900984},{"pi":"3838","pc":"Электроника","ss":1000,"td":"Центр города","dc":1,"n":338.41,"vc":"1886","sl":"Очень высокий","sv":"582","p":8200.0,"q":16.28,"b":0.0,"ms":14.17,"wi":64.25,"ei":6.1,"as":493.77,"mi":"E","mv":4106,"sc":1,"lpe":85.83,"lpr":2389.8,"lq":1.31,"d":100815},{"pi":"3838","pc":"Электроника","ss":100,"td":"Центр города","dc":3,"n":209.45,"vc":"161","sl":"Очень низкий","sv":"1","p":2742.92,"q":1.39,"b":0.0,"ms":0.0,"wi":54.96,"ei":10.13,"as":422.1,"mi":"E","mv":50204,"sc":1,"lpe":100.0,"lpr":3250.66,"lq":1.0,"d":1050481},{"pi":"3838","pc":"Электроника","ss":100000,"td":"Фешенебельный район","dc":1,"n":504.62,"vc":"68328","sl":"Элитный","sv":"1000","p":27000.0,"q":21.61,"b":4.38,"ms":2.9,"wi":62.28,"ei":8.99,"as":967.35,"mi":"E","mv":34502,"sc":1,"lpe":97.1,"lpr":3224.86,"lq":1.0,"d":1023950},{"pi":"3838","pc":"Электроника","ss":10000,"td":"Фешенебельный район","dc":10,"n":406.23,"vc":"4785","sl":"Низкий","sv":"15","p":2200.0,"q":3.05,"b":0.0,"ms":0.03,"wi":38.84,"ei":6.46,"as":550.2,"mi":"E","mv":48230,"sc":1,"lpe":99.97,"lpr":1136.95,"lq":1.0,"d":1548177},{"pi":"3838","pc":"Электроника","ss":114000,"td":"Центр города","dc":4,"n":351.96,"vc":"109608","sl":"Нормальный","sv":"3","p":5600.0,"q":1.57,"b":0.0,"ms":0.01,"wi":88.01,"ei":6.7,"as":1123.0,"mi":"E","mv":33082,"sc":1,"lpe":99.99,"lpr":6054.73,"lq":1.0,"d":873551},{"pi":"3838","pc":"Электроника","ss":10000,"td":"Центр города","dc":3,"n":449.74,"vc":"32334","sl":"Нормальный","sv":"352","p":6564.64,"q":8.61,"b":2.16,"ms":1.05,"wi":45.03,"ei":10.64,"as":673.75,"mi":"E","mv":33674,"sc":1,"lpe":98.95,"lpr":4142.58,"lq":1.0,"d":2541514},{"pi":"3838","pc":"Электроника","ss":10000,"td":"Центр города","dc":3,"n":386.89,"vc":"28009","sl":"Нормальный","sv":"1465","p":7110.66,"q":8.61,"b":2.16,"ms":1.06,"wi":59.25,"ei":8.02,"as":811.4,"mi":"E","mv":138853,"sc":8,"lpe":98.05,"lpr":4355.76,"lq":1.0,"d":4968783},{"pi":"3838","pc":"Электроника","ss":10000,"td":"Центр города","dc":1,"n":361.01,"vc":"34694","sl":"Очень высокий","sv":"500","p":38000.0,"q":21.61,"b":2.29,"ms":0.36,"wi":59.25,"ei":8.02,"as":811.4,"mi":"E","mv":138853,"sc":8,"lpe":98.05,"lpr":4355.76,"lq":1.0,"d":4968783},{"pi":"3838","pc":"Электроника","ss":9800,"td":"Фешенебельный район","dc":7,"n":273.44,"vc":"2690","sl":"Элитный","sv":"482","p":4100.0,"q":1.32,"b":0.0,"ms":0.35,"wi":59.25,"ei":8.02,"as":811.4,"mi":"E","mv":138853,"sc":8,"lpe":98.05,"lpr":4355.76,"lq":1.0,"d":4968783},{"pi":"3838","pc":"Электроника","ss":5400,"td":"Фешенебельный район","dc":1,"n":41.22,"vc":"254","sl":"Элитный","sv":"116","p":5500.0,"q":2.35,"b":0.0,"ms":0.08,"wi":59.25,"ei":8.02,"as":811.4,"mi":"E","mv":138853,"sc":8,"lpe":98.05,"lpr":4355.76,"lq":1.0,"d":4968783},{"pi":"3838","pc":"Электроника","ss":1600,"td":"Центр города","dc":2,"n":22.51,"vc":"1376","sl":"Элитный","sv":"60","p":2850.0,"q":2.59,"b":0.71,"ms":0.04,"wi":59.25,"ei":8.02,"as":811.4,"mi":"E","mv":138853,"sc":8,"lpe":98.05,"lpr":4355.76,"lq":1.0,"d":4968783},{"pi":"3838","pc":"Электроника","ss":10000,"td":"Спальный район","dc":7,"n":74.52,"vc":"3128","sl":"Элитный","sv":"42","p":15000.0,"q":18.46,"b":0.0,"ms":0.03,"wi":59.25,"ei":8.02,"as":811.4,"mi":"E","mv":138853,"sc":8,"lpe":98.05,"lpr":4355.76,"lq":1.0,"d":4968783},{"pi":"3838","pc":"Электроника","ss":9000,"td":"Центр города","dc":9,"n":102.01,"vc":"4869","sl":"Нормальный","sv":"20","p":6500.0,"q":3.97,"b":1.42,"ms":0.01,"wi":59.25,"ei":8.02,"as":811.4,"mi":"E","mv":138853,"sc":8,"lpe":98.05,"lpr":4355.76,"lq":1.0,"d":4968783},{"pi":"3838","pc":"Электроника","ss":2200,"td":"Фешенебельный район","dc":3,"n":118.91,"vc":"284","sl":"Элитный","sv":"20","p":3198.0,"q":3.5,"b":0.0,"ms":0.01,"wi":59.25,"ei":8.02,"as":811.4,"mi":"E","mv":138853,"sc":8,"lpe":98.05,"lpr":4355.76,"lq":1.0,"d":4968783},{"pi":"3838","pc":"Электроника","ss":100000,"td":"Фешенебельный район","dc":2,"n":386.21,"vc":"32480","sl":"Очень высокий","sv":"11449","p":20000.0,"q":15.44,"b":0.76,"ms":17.86,"wi":66.64,"ei":6.73,"as":726.6,"mi":"E","mv":64118,"sc":1,"lpe":82.14,"lpr":6616.66,"lq":1.09,"d":3164786},{"pi":"3838","pc":"Электроника","ss":1200,"td":"Центр города","dc":1,"n":299.32,"vc":"1981","sl":"Элитный","sv":"2214","p":15000.0,"q":16.2,"b":0.0,"ms":12.66,"wi":191.47,"ei":9.72,"as":2008.97,"mi":"E","mv":17482,"sc":2,"lpe":81.62,"lpr":11163.89,"lq":3.24,"d":501060},{"pi":"3838","pc":"Электроника","ss":100000,"td":"Фешенебельный район","dc":1,"n":530.68,"vc":"45571","sl":"Элитный","sv":"1000","p":15000.0,"q":13.39,"b":0.4345,"ms":5.72,"wi":191.47,"ei":9.72,"as":2008.97,"mi":"E","mv":17482,"sc":2,"lpe":81.62,"lpr":11163.89,"lq":3.24,"d":501060},{"pi":"3838","pc":"Электроника","ss":1500,"td":"Центр города","dc":1,"n":307.26,"vc":"3932","sl":"Очень высокий","sv":"1806","p":11900.0,"q":3.79,"b":0.0,"ms":2.18,"wi":127.75,"ei":7.06,"as":1642.86,"mi":"E","mv":82709,"sc":1,"lpe":97.82,"lpr":13286.1,"lq":1.0,"d":2109186},{"pi":"3838","pc":"Электроника","ss":100000,"td":"Центр города","dc":2,"n":405.59,"vc":"235534","sl":"Нормальный","sv":"13367","p":5000.0,"q":19.97,"b":0.84,"ms":4.09,"wi":40.67,"ei":5.73,"as":513.32,"mi":"E","mv":326973,"sc":1,"lpe":95.91,"lpr":2094.65,"lq":1.0,"d":7527186},{"pi":"3838","pc":"Электроника","ss":100000,"td":"Центр города","dc":2,"n":508.74,"vc":"224791","sl":"Низкий","sv":"1200","p":4000.0,"q":9.87,"b":0.0,"ms":7.23,"wi":103.61,"ei":7.21,"as":1060.24,"mi":"E","mv":16599,"sc":1,"lpe":92.77,"lpr":5312.11,"lq":1.0,"d":387200},{"pi":"3838","pc":"Электроника","ss":10000,"td":"Центр города","dc":3,"n":586.47,"vc":"46429","sl":"Низкий","sv":"62","p":2654.62,"q":8.61,"b":2.16,"ms":1.06,"wi":22.26,"ei":6.08,"as":509.37,"mi":"E","mv":5844,"sc":1,"lpe":98.94,"lpr":1619.17,"lq":1.0,"d":944097},{"pi":"3838","pc":"Электроника","ss":10000,"td":"Центр города","dc":3,"n":593.16,"vc":"47187","sl":"Низкий","sv":"160","p":1641.69,"q":8.61,"b":2.16,"ms":1.02,"wi":19.47,"ei":5.91,"as":526.89,"mi":"E","mv":15730,"sc":2,"lpe":98.91,"lpr":1029.19,"lq":1.0,"d":1222279},{"pi":"3838","pc":"Электроника","ss":1900,"td":"Центр города","dc":2,"n":150.12,"vc":"1176","sl":"Элитный","sv":"12","p":2700.0,"q":1.71,"b":0.0,"ms":0.08,"wi":19.47,"ei":5.91,"as":526.89,"mi":"E","mv":15730,"sc":2,"lpe":98.91,"lpr":1029.19,"lq":1.0,"d":1222279},{"pi":"3838","pc":"Электроника","ss":800,"td":"Фешенебельный район","dc":1,"n":662.66,"vc":"1060","sl":"Элитный","sv":"800","p":6800.0,"q":7.45,"b":0.0,"ms":14.16,"wi":100.73,"ei":10.74,"as":1420.16,"mi":"E","mv":5650,"sc":1,"lpe":85.84,"lpr":6818.35,"lq":1.0,"d":130817},{"pi":"3838","pc":"Электроника","ss":100000,"td":"Фешенебельный район","dc":1,"n":385.33,"vc":"42884","sl":"Элитный","sv":"1750","p":16000.0,"q":21.61,"b":1.97,"ms":0.64,"wi":51.76,"ei":4.41,"as":655.66,"mi":"E","mv":272087,"sc":2,"lpe":99.17,"lpr":2446.93,"lq":1.0,"d":7172110},{"pi":"3838","pc":"Электроника","ss":100000,"td":"Фешенебельный район","dc":5,"n":353.45,"vc":"21043","sl":"Очень высокий","sv":"498","p":3700.0,"q":9.05,"b":0.39,"ms":0.18,"wi":51.76,"ei":4.41,"as":655.66,"mi":"E","mv":272087,"sc":2,"lpe":99.17,"lpr":2446.93,"lq":1.0,"d":7172110},{"pi":"3838","pc":"Электроника","ss":100000,"td":"Центр города","dc":1,"n":513.72,"vc":"789058","sl":"Высокий","sv":"63846","p":5500.0,"q":5.75,"b":1.9249819879084,"ms":49.8,"wi":60.25,"ei":9.36,"as":614.31,"mi":"E","mv":128202,"sc":1,"lpe":50.2,"lpr":2033.5,"lq":1.21,"d":3832748},{"pi":"3838","pc":"Электроника","ss":100000,"td":"Центр города","dc":7,"n":285.44,"vc":"134666","sl":"Высокий","sv":"30000","p":2000.0,"q":20.04,"b":4.78,"ms":5.69,"wi":39.97,"ei":5.34,"as":208.05,"mi":"E","mv":527154,"sc":3,"lpe":94.28,"lpr":2434.63,"lq":1.0,"d":12982716},{"pi":"3838","pc":"Электроника","ss":100000,"td":"Фешенебельный район","dc":3,"n":228.17,"vc":"7765","sl":"Элитный","sv":"112","p":7000.0,"q":9.56,"b":0.74,"ms":0.02,"wi":39.97,"ei":5.34,"as":208.05,"mi":"E","mv":527154,"sc":3,"lpe":94.28,"lpr":2434.63,"lq":1.0,"d":12982716},{"pi":"3838","pc":"Электроника","ss":1000,"td":"Фешенебельный район","dc":1,"n":197.39,"vc":"700","sl":"Элитный","sv":"49","p":5000.0,"q":1.21,"b":0.0,"ms":0.01,"wi":39.97,"ei":5.34,"as":208.05,"mi":"E","mv":527154,"sc":3,"lpe":94.28,"lpr":2434.63,"lq":1.0,"d":12982716},{"pi":"3838","pc":"Электроника","ss":1000,"td":"Центр города","dc":10,"n":602.82,"vc":"9141","sl":"Очень низкий","sv":"5","p":4000.0,"q":3.85,"b":0.0,"ms":0.1,"wi":47.25,"ei":6.62,"as":504.0,"mi":"E","mv":5082,"sc":1,"lpe":99.9,"lpr":2286.85,"lq":1.0,"d":128750},{"pi":"3838","pc":"Электроника","ss":200000,"td":"Центр города","dc":2,"n":386.33,"vc":"170184","sl":"Элитный","sv":"5000","p":14000.0,"q":4.82,"b":0.0,"ms":19.98,"wi":113.29,"ei":8.52,"as":2226.16,"mi":"E","mv":25022,"sc":2,"lpe":80.01,"lpr":10099.18,"lq":1.09,"d":1235082},{"pi":"3838","pc":"Электроника","ss":20000,"td":"Фешенебельный район","dc":5,"n":142.92,"vc":"616","sl":"Элитный","sv":"1","p":5500.0,"q":1.73,"b":0.0,"ms":0.0,"wi":113.29,"ei":8.52,"as":2226.16,"mi":"E","mv":25022,"sc":2,"lpe":80.01,"lpr":10099.18,"lq":1.09,"d":1235082},{"pi":"3838","pc":"Электроника","ss":120000,"td":"Центр города","dc":1,"n":480.88,"vc":"431664","sl":"Элитный","sv":"5000","p":13000.0,"q":4.82,"b":0.0,"ms":12.68,"wi":100.56,"ei":8.23,"as":1206.09,"mi":"E","mv":39445,"sc":1,"lpe":87.32,"lpr":6433.52,"lq":1.32,"d":1395634},{"pi":"3838","pc":"Электроника","ss":200000,"td":"Фешенебельный район","dc":2,"n":502.8,"vc":"159526","sl":"Элитный","sv":"200","p":40000.0,"q":21.61,"b":4.0,"ms":0.27,"wi":78.65,"ei":6.43,"as":351.11,"mi":"E","mv":73413,"sc":1,"lpe":99.73,"lpr":5364.78,"lq":1.0,"d":1885836},{"pi":"3838","pc":"Электроника","ss":150000,"td":"Центр города","dc":2,"n":381.11,"vc":"228009","sl":"Элитный","sv":"5000","p":16000.0,"q":4.82,"b":0.0,"ms":7.61,"wi":98.78,"ei":7.86,"as":1444.66,"mi":"E","mv":65679,"sc":1,"lpe":92.39,"lpr":8130.89,"lq":1.0,"d":1680666},{"pi":"3838","pc":"Электроника","ss":97000,"td":"Центр города","dc":4,"n":310.29,"vc":"95300","sl":"Элитный","sv":"8000","p":5000.0,"q":7.06,"b":0.58,"ms":8.33,"wi":116.13,"ei":7.17,"as":2122.22,"mi":"E","mv":95985,"sc":2,"lpe":89.14,"lpr":11995.78,"lq":1.07,"d":2596850},{"pi":"3838","pc":"Электроника","ss":100000,"td":"Фешенебельный район","dc":1,"n":64.83,"vc":"919","sl":"Элитный","sv":"2423","p":5600.0,"q":12.83,"b":0.0,"ms":2.52,"wi":116.13,"ei":7.17,"as":2122.22,"mi":"E","mv":95985,"sc":2,"lpe":89.14,"lpr":11995.78,"lq":1.07,"d":2596850},{"pi":"3838","pc":"Электроника","ss":300000,"td":"Центр города","dc":1,"n":580.98,"vc":"4742444","sl":"Нормальный","sv":"32791","p":23530.0,"q":30.43,"b":3.68,"ms":10.72,"wi":102.86,"ei":10.85,"as":2744.68,"mi":"E","mv":305902,"sc":5,"lpe":82.54,"lpr":3727.82,"lq":2.11,"d":9744630},{"pi":"3838","pc":"Электроника","ss":300000,"td":"Центр города","dc":2,"n":302.59,"vc":"211328","sl":"Элитный","sv":"18871","p":11000.0,"q":17.31,"b":0.0,"ms":6.17,"wi":102.86,"ei":10.85,"as":2744.68,"mi":"E","mv":305902,"sc":5,"lpe":82.54,"lpr":3727.82,"lq":2.11,"d":9744630},{"pi":"3838","pc":"Электроника","ss":100000,"td":"Фешенебельный район","dc":1,"n":313.54,"vc":"15959","sl":"Элитный","sv":"1000","p":500.0,"q":13.39,"b":0.22199,"ms":0.33,"wi":102.86,"ei":10.85,"as":2744.68,"mi":"E","mv":305902,"sc":5,"lpe":82.54,"lpr":3727.82,"lq":2.11,"d":9744630},{"pi":"3838","pc":"Электроника","ss":20000,"td":"Центр города","dc":1,"n":150.18,"vc":"14386","sl":"Элитный","sv":"657","p":9299.99,"q":17.24,"b":0.0,"ms":0.21,"wi":102.86,"ei":10.85,"as":2744.68,"mi":"E","mv":305902,"sc":5,"lpe":82.54,"lpr":3727.82,"lq":2.11,"d":9744630},{"pi":"3838","pc":"Электроника","ss":10000,"td":"Центр города","dc":1,"n":99.75,"vc":"4662","sl":"Элитный","sv":"101","p":12000.0,"q":13.28,"b":1.9,"ms":0.03,"wi":102.86,"ei":10.85,"as":2744.68,"mi":"E","mv":305902,"sc":5,"lpe":82.54,"lpr":3727.82,"lq":2.11,"d":9744630},{"pi":"3838","pc":"Электроника","ss":100000,"td":"Фешенебельный район","dc":2,"n":533.97,"vc":"96682","sl":"Элитный","sv":"1300","p":29000.0,"q":21.61,"b":4.0,"ms":2.77,"wi":78.09,"ei":6.42,"as":548.1,"mi":"E","mv":46849,"sc":1,"lpe":97.23,"lpr":5519.76,"lq":1.0,"d":1232684},{"pi":"3838","pc":"Электроника","ss":100000,"td":"Фешенебельный район","dc":2,"n":599.07,"vc":"127554","sl":"Элитный","sv":"569","p":55000.0,"q":21.35,"b":4.0,"ms":3.59,"wi":102.66,"ei":5.0,"as":366.29,"mi":"E","mv":15843,"sc":1,"lpe":96.41,"lpr":5628.87,"lq":1.0,"d":454964},{"pi":"3838","pc":"Электроника","ss":100000,"td":"Фешенебельный район","dc":1,"n":386.45,"vc":"31330","sl":"Элитный","sv":"800","p":47000.0,"q":21.61,"b":3.69,"ms":0.72,"wi":99.69,"ei":9.31,"as":1270.5,"mi":"E","mv":111170,"sc":1,"lpe":99.28,"lpr":9258.27,"lq":1.0,"d":2836484},{"pi":"3838","pc":"Электроника","ss":100000,"td":"Фешенебельный район","dc":1,"n":368.53,"vc":"26802","sl":"Элитный","sv":"30963","p":9300.0,"q":24.06,"b":0.0,"ms":27.38,"wi":93.34,"ei":5.0,"as":474.39,"mi":"E","mv":113102,"sc":2,"lpe":72.62,"lpr":2592.16,"lq":1.8,"d":2970884},{"pi":"3838","pc":"Электроника","ss":300000,"td":"Фешенебельный район","dc":2,"n":460.81,"vc":"147918","sl":"Элитный","sv":"3","p":39000.0,"q":20.76,"b":4.0,"ms":0.0,"wi":93.34,"ei":5.0,"as":474.39,"mi":"E","mv":113102,"sc":2,"lpe":72.62,"lpr":2592.16,"lq":1.8,"d":2970884},{"pi":"3838","pc":"Электроника","ss":100000,"td":"Центр города","dc":1,"n":528.33,"vc":"509186","sl":"Очень высокий","sv":"1000","p":14000.0,"q":21.61,"b":3.25,"ms":3.45,"wi":64.2,"ei":7.41,"as":406.66,"mi":"E","mv":29011,"sc":1,"lpe":96.55,"lpr":6481.76,"lq":1.0,"d":733921},{"pi":"3838","pc":"Электроника","ss":1000,"td":"Центр города","dc":1,"n":209.38,"vc":"1040","sl":"Низкий","sv":"1","p":9980.0,"q":16.27,"b":0.0,"ms":0.02,"wi":51.98,"ei":6.2,"as":518.18,"mi":"E","mv":5589,"sc":1,"lpe":99.98,"lpr":2303.7,"lq":1.0,"d":145874},{"pi":"3838","pc":"Электроника","ss":900,"td":"Центр города","dc":2,"n":435.76,"vc":"2299","sl":"Нормальный","sv":"75","p":3600.0,"q":1.34,"b":0.0,"ms":1.31,"wi":64.84,"ei":6.72,"as":456.0,"mi":"E","mv":5732,"sc":3,"lpe":97.64,"lpr":3773.4,"lq":1.0,"d":145230},{"pi":"3838","pc":"Электроника","ss":500,"td":"Спальный район","dc":1,"n":308.92,"vc":"583","sl":"Нормальный","sv":"42","p":3810.0,"q":1.47,"b":0.0,"ms":0.73,"wi":64.84,"ei":6.72,"as":456.0,"mi":"E","mv":5732,"sc":3,"lpe":97.64,"lpr":3773.4,"lq":1.0,"d":145230},{"pi":"3838","pc":"Электроника","ss":100,"td":"Фешенебельный район","dc":2,"n":40.81,"vc":"7","sl":"Элитный","sv":"18","p":8999.99,"q":16.26,"b":0.0,"ms":0.31,"wi":64.84,"ei":6.72,"as":456.0,"mi":"E","mv":5732,"sc":3,"lpe":97.64,"lpr":3773.4,"lq":1.0,"d":145230},{"pi":"3838","pc":"Электроника","ss":1000,"td":"Фешенебельный район","dc":9,"n":64.15,"vc":"145","sl":"Элитный","sv":"20","p":2400.0,"q":1.45,"b":0.0,"ms":0.01,"wi":48.46,"ei":12.08,"as":459.52,"mi":"E","mv":150651,"sc":1,"lpe":99.99,"lpr":2476.53,"lq":1.0,"d":3957256}]