[{"d":"01.08.2018","r":15.0,"q":1.0,"p":4000.0,"s":[{"cn":"ATX Enterprise","ui":"7833316","t":15.0,"r":15.0,"q":1.0,"p":4000.0,"mot":"U","mo":15.0},{"cn":"","ui":"","t":0.0,"r":0.0,"q":0.0,"p":0.0,"mot":"L","mo":0.0}]},{"d":"03.08.2018","r":15.0,"q":1.0,"p":4000.0,"s":[{"cn":"ATX Enterprise","ui":"7833316","t":45.0,"r":45.0,"q":1.0,"p":4000.0,"mot":"L","mo":15.0},{"cn":"","ui":"","t":0.0,"r":0.0,"q":0.0,"p":0.0,"mot":"L","mo":0.0}]},{"d":"06.08.2018","r":15.0,"q":1.0,"p":4000.0,"s":[{"cn":"ATX Enterprise","ui":"7833316","t":90.0,"r":90.0,"q":1.0,"p":4000.0,"mot":"L","mo":15.0},{"cn":"","ui":"","t":0.0,"r":0.0,"q":0.0,"p":0.0,"mot":"L","mo":0.0}]},{"d":"07.08.2018","r":35.0,"q":1.42,"p":8142.86,"s":[{"cn":"pinuscz s.r.o","ui":"7834274","t":10.0,"r":10.0,"q":2.46,"p":18500.0,"mot":"U","mo":10.0},{"cn":"ATX Enterprise","ui":"7833316","t":105.0,"r":105.0,"q":1.0,"p":4000.0,"mot":"L","mo":25.0},{"cn":"","ui":"","t":0.0,"r":0.0,"q":0.0,"p":0.0,"mot":"L","mo":0.0}]},{"d":"08.08.2018","r":40.0,"q":1.55,"p":9437.5,"s":[{"cn":"pinuscz s.r.o","ui":"7834274","t":15.0,"r":15.0,"q":2.46,"p":18500.0,"mot":"U","mo":15.0},{"cn":"ATX Enterprise","ui":"7833316","t":119.0,"r":119.0,"q":1.0,"p":4000.0,"mot":"L","mo":25.0},{"cn":"","ui":"","t":0.0,"r":0.0,"q":0.0,"p":0.0,"mot":"L","mo":0.0}]},{"d":"09.08.2018","r":245.0,"q":2.24,"p":12918.37,"s":[{"cn":"ATX Enterprise","ui":"7833316","t":134.0,"r":134.0,"q":1.0,"p":10000.0,"mot":"L","mo":25.0},{"cn":"Vzor88","ui":"7837347","t":210.0,"r":210.0,"q":2.38,"p":13000.0,"mot":"U","mo":210.0},{"cn":"","ui":"","t":20.0,"r":10.0,"q":2.46,"p":18500.0,"mot":"L","mo":10.0}]},{"d":"10.08.2018","r":450.0,"q":2.32,"p":12894.44,"s":[{"cn":"ATX Enterprise","ui":"7833316","t":149.0,"r":148.0,"q":1.0,"p":10000.0,"mot":"L","mo":25.0},{"cn":"Vzor88","ui":"7837347","t":420.0,"r":420.0,"q":2.4,"p":13000.0,"mot":"U","mo":420.0},{"cn":"","ui":"","t":15.0,"r":5.0,"q":2.46,"p":18500.0,"mot":"L","mo":5.0}]},{"d":"13.08.2018","r":663.0,"q":1.02,"p":2634.99,"s":[{"cn":"LoMaX","ui":"7837144","t":614.0,"r":578.0,"q":1.0,"p":1500.0,"mot":"U","mo":578.0},{"cn":"ATX Enterprise","ui":"7833316","t":197.0,"r":187.0,"q":1.0,"p":10000.0,"mot":"L","mo":75.0},{"cn":"","ui":"","t":210.0,"r":10.0,"q":2.46,"p":13000.0,"mot":"L","mo":10.0}]},{"d":"14.08.2018","r":917.0,"q":1.25,"p":2195.2,"s":[{"cn":"LoMaX","ui":"7837144","t":972.0,"r":842.0,"q":1.27,"p":1500.0,"mot":"U","mo":842.0},{"cn":"ATX Enterprise","ui":"7833316","t":217.0,"r":162.0,"q":1.0,"p":10000.0,"mot":"L","mo":75.0},{"cn":"","ui":"","t":0.0,"r":0.0,"q":0.0,"p":0.0,"mot":"L","mo":0.0}]},{"d":"16.08.2018","r":1345.0,"q":1.68,"p":1986.62,"s":[{"cn":"LoMaX","ui":"7837144","t":1469.0,"r":1269.0,"q":1.72,"p":1500.0,"mot":"U","mo":1269.0},{"cn":"ATX Enterprise","ui":"7833316","t":196.0,"r":196.0,"q":1.0,"p":10000.0,"mot":"L","mo":75.0},{"cn":"","ui":"","t":11.0,"r":1.0,"q":4.05,"p":18500.0,"mot":"L","mo":1.0}]},{"d":"17.08.2018","r":1808.0,"q":1.73,"p":1939.16,"s":[{"cn":"LoMaX","ui":"7837144","t":1682.0,"r":1482.0,"q":1.84,"p":1500.0,"mot":"U","mo":1482.0},{"cn":"ATX Enterprise","ui":"7833316","t":278.0,"r":278.0,"q":1.0,"p":2000.0,"mot":"U","mo":278.0},{"cn":"","ui":"","t":58.0,"r":48.0,"q":2.53,"p":15145.83,"mot":"L","mo":48.0}]},{"d":"20.08.2018","r":2262.0,"q":1.75,"p":1549.34,"s":[{"cn":"LoMaX","ui":"7837144","t":1804.0,"r":1704.0,"q":1.99,"p":1500.0,"mot":"U","mo":1704.0},{"cn":"ATX Enterprise","ui":"7833316","t":558.0,"r":558.0,"q":1.0,"p":1700.0,"mot":"U","mo":558.0},{"cn":"","ui":"","t":0.0,"r":0.0,"q":0.0,"p":0.0,"mot":"L","mo":0.0}]},{"d":"21.08.2018","r":2313.0,"q":1.72,"p":1528.4,"s":[{"cn":"LoMaX","ui":"7837144","t":1756.0,"r":1656.0,"q":2.0,"p":1500.0,"mot":"U","mo":1656.0},{"cn":"ATX Enterprise","ui":"7833316","t":657.0,"r":657.0,"q":1.0,"p":1600.0,"mot":"U","mo":657.0},{"cn":"","ui":"","t":0.0,"r":0.0,"q":0.0,"p":0.0,"mot":"L","mo":0.0}]},{"d":"22.08.2018","r":2717.0,"q":1.85,"p":4325.73,"s":[{"cn":"LoMaX","ui":"7837144","t":1596.0,"r":1296.0,"q":2.0,"p":1500.0,"mot":"U","mo":1296.0},{"cn":"ATX Enterprise","ui":"7833316","t":760.0,"r":760.0,"q":1.08,"p":1600.0,"mot":"U","mo":760.0},{"cn":"Vzor88","ui":"7842003","t":661.0,"r":661.0,"q":2.46,"p":13000.0,"mot":"U","mo":661.0},{"cn":"","ui":"","t":0.0,"r":0.0,"q":0.0,"p":0.0,"mot":"L","mo":0.0}]},{"d":"23.08.2018","r":1346.0,"q":1.61,"p":5673.85,"s":[{"cn":"ATX Enterprise","ui":"7833316","t":865.0,"r":865.0,"q":1.14,"p":1600.0,"mot":"U","mo":865.0},{"cn":"Vzor88","ui":"7842003","t":661.0,"r":481.0,"q":2.46,"p":13000.0,"mot":"U","mo":481.0},{"cn":"","ui":"","t":0.0,"r":0.0,"q":0.0,"p":0.0,"mot":"L","mo":0.0}]},{"d":"24.08.2018","r":921.0,"q":1.86,"p":7553.75,"s":[{"cn":"ATX Enterprise","ui":"7833316","t":770.0,"r":440.0,"q":1.2,"p":1600.0,"mot":"U","mo":440.0},{"cn":"Vzor88","ui":"7842003","t":481.0,"r":481.0,"q":2.46,"p":13000.0,"mot":"U","mo":481.0},{"cn":"","ui":"","t":0.0,"r":0.0,"q":0.0,"p":0.0,"mot":"L","mo":0.0}]},{"d":"27.08.2018","r":962.0,"q":1.62,"p":1600.0,"s":[{"cn":"ATX Enterprise","ui":"7833316","t":1127.0,"r":962.0,"q":1.62,"p":1600.0,"mot":"U","mo":962.0},{"cn":"","ui":"","t":0.0,"r":0.0,"q":0.0,"p":0.0,"mot":"L","mo":0.0}]},{"d":"28.08.2018","r":963.0,"q":1.71,"p":1600.0,"s":[{"cn":"ATX Enterprise","ui":"7833316","t":1209.0,"r":963.0,"q":1.71,"p":1600.0,"mot":"U","mo":963.0},{"cn":"","ui":"","t":0.0,"r":0.0,"q":0.0,"p":0.0,"mot":"L","mo":0.0}]},{"d":"05.09.2018","r":362.0,"q":4.02,"p":30066.3,"s":[{"cn":"АО «Monkk»","ui":"7832805","t":112.0,"r":112.0,"q":4.17,"p":2000.0,"mot":"U","mo":112.0},{"cn":"Yellow Rose","ui":"7846196","t":220.0,"r":217.0,"q":3.92,"p":40000.0,"mot":"U","mo":217.0},{"cn":"PenduL Co","ui":"7846669","t":77.0,"r":33.0,"q":4.17,"p":60000.0,"mot":"U","mo":33.0},{"cn":"","ui":"","t":0.0,"r":0.0,"q":0.0,"p":0.0,"mot":"L","mo":0.0}]},{"d":"06.09.2018","r":402.0,"q":3.98,"p":43283.58,"s":[{"cn":"Yellow Rose","ui":"7846196","t":437.0,"r":336.0,"q":3.94,"p":40000.0,"mot":"U","mo":336.0},{"cn":"PenduL Co","ui":"7846669","t":110.0,"r":66.0,"q":4.17,"p":60000.0,"mot":"U","mo":66.0},{"cn":"","ui":"","t":0.0,"r":0.0,"q":0.0,"p":0.0,"mot":"L","mo":0.0}]},{"d":"07.09.2018","r":647.0,"q":3.66,"p":37831.78,"s":[{"cn":"Yellow Rose","ui":"7846196","t":556.0,"r":456.0,"q":3.96,"p":40000.0,"mot":"U","mo":456.0},{"cn":"PenduL Co","ui":"7846669","t":143.0,"r":99.0,"q":4.17,"p":60000.0,"mot":"U","mo":99.0},{"cn":"ATX Enterprise","ui":"7833316","t":886.0,"r":44.0,"q":2.24,"p":2390.0,"mot":"U","mo":44.0},{"cn":"bivan09 Финанс","ui":"7848798","t":50.0,"r":48.0,"q":1.0,"p":4000.0,"mot":"U","mo":48.0},{"cn":"","ui":"","t":0.0,"r":0.0,"q":0.0,"p":0.0,"mot":"L","mo":0.0}]},{"d":"10.09.2018","r":1337.0,"q":3.4,"p":32779.0,"s":[{"cn":"Yellow Rose","ui":"7846196","t":916.0,"r":815.0,"q":4.03,"p":40000.0,"mot":"U","mo":815.0},{"cn":"PenduL Co","ui":"7846669","t":222.0,"r":168.0,"q":4.17,"p":60000.0,"mot":"U","mo":168.0},{"cn":"ATX Enterprise","ui":"7833316","t":1010.0,"r":168.0,"q":2.23,"p":2390.0,"mot":"U","mo":168.0},{"cn":"bivan09 Финанс","ui":"7848798","t":192.0,"r":186.0,"q":1.0,"p":4000.0,"mot":"U","mo":186.0},{"cn":"","ui":"","t":0.0,"r":0.0,"q":0.0,"p":0.0,"mot":"L","mo":0.0}]},{"d":"12.09.2018","r":1484.0,"q":3.3,"p":30963.87,"s":[{"cn":"Yellow Rose","ui":"7846196","t":934.0,"r":833.0,"q":4.06,"p":40000.0,"mot":"U","mo":833.0},{"cn":"PenduL Co","ui":"7846669","t":240.0,"r":186.0,"q":4.17,"p":60000.0,"mot":"U","mo":186.0},{"cn":"ATX Enterprise","ui":"7833316","t":1084.0,"r":242.0,"q":2.11,"p":2390.0,"mot":"U","mo":242.0},{"cn":"bivan09 Финанс","ui":"7848798","t":230.0,"r":223.0,"q":1.0,"p":4000.0,"mot":"U","mo":223.0},{"cn":"","ui":"","t":0.0,"r":0.0,"q":0.0,"p":0.0,"mot":"L","mo":0.0}]},{"d":"13.09.2018","r":1720.0,"q":3.23,"p":28254.37,"s":[{"cn":"Yellow Rose","ui":"7846196","t":1052.0,"r":950.0,"q":4.08,"p":40000.0,"mot":"U","mo":950.0},{"cn":"PenduL Co","ui":"7846669","t":200.0,"r":146.0,"q":4.17,"p":60000.0,"mot":"U","mo":146.0},{"cn":"ATX Enterprise","ui":"7833316","t":1119.0,"r":409.0,"q":2.1,"p":2390.0,"mot":"U","mo":409.0},{"cn":"bivan09 Финанс","ui":"7848798","t":223.0,"r":215.0,"q":1.0,"p":4000.0,"mot":"U","mo":215.0},{"cn":"","ui":"","t":0.0,"r":0.0,"q":0.0,"p":0.0,"mot":"L","mo":0.0}]},{"d":"14.09.2018","r":2057.0,"q":3.31,"p":27986.32,"s":[{"cn":"Yellow Rose","ui":"7846196","t":1170.0,"r":1068.0,"q":4.1,"p":40000.0,"mot":"U","mo":1068.0},{"cn":"PenduL Co","ui":"7846669","t":160.0,"r":115.0,"q":4.26,"p":60000.0,"mot":"U","mo":115.0},{"cn":"ATX Enterprise","ui":"7833316","t":1284.0,"r":574.0,"q":2.11,"p":2390.0,"mot":"U","mo":574.0},{"cn":"bivan09 Финанс","ui":"7848798","t":215.0,"r":204.0,"q":1.0,"p":4000.0,"mot":"U","mo":204.0},{"cn":"","ui":"","t":96.0,"r":96.0,"q":5.53,"p":60000.0,"mot":"L","mo":96.0}]},{"d":"17.09.2018","r":5082.0,"q":3.98,"p":29207.08,"s":[{"cn":"Yellow Rose","ui":"7846196","t":1524.0,"r":1422.0,"q":4.26,"p":40000.0,"mot":"U","mo":1422.0},{"cn":"ATX Enterprise","ui":"7833316","t":1770.0,"r":1060.0,"q":2.15,"p":2390.0,"mot":"U","mo":1060.0},{"cn":"Vzor88","ui":"7842003","t":3339.0,"r":2135.0,"q":4.94,"p":35000.0,"mot":"U","mo":2135.0},{"cn":"","ui":"","t":530.0,"r":465.0,"q":2.9,"p":30735.48,"mot":"L","mo":465.0}]},{"d":"18.09.2018","r":4132.0,"q":3.72,"p":27043.08,"s":[{"cn":"Yellow Rose","ui":"7846196","t":1642.0,"r":1467.0,"q":4.38,"p":40000.0,"mot":"U","mo":1467.0},{"cn":"PenduL Co","ui":"7846669","t":303.0,"r":258.0,"q":5.05,"p":60000.0,"mot":"U","mo":258.0},{"cn":"ATX Enterprise","ui":"7833316","t":1928.0,"r":1218.0,"q":2.15,"p":2390.0,"mot":"U","mo":1218.0},{"cn":"bivan09 Финанс","ui":"7848798","t":244.0,"r":224.0,"q":1.0,"p":4000.0,"mot":"U","mo":224.0},{"cn":"Vzor88","ui":"7842003","t":2274.0,"r":965.0,"q":4.98,"p":35000.0,"mot":"U","mo":965.0},{"cn":"","ui":"","t":0.0,"r":0.0,"q":0.0,"p":0.0,"mot":"L","mo":0.0}]},{"d":"19.09.2018","r":3468.0,"q":3.34,"p":23908.54,"s":[{"cn":"Yellow Rose","ui":"7846196","t":1698.0,"r":1523.0,"q":4.48,"p":40000.0,"mot":"U","mo":1523.0},{"cn":"PenduL Co","ui":"7846669","t":339.0,"r":294.0,"q":5.1,"p":60000.0,"mot":"U","mo":294.0},{"cn":"ATX Enterprise","ui":"7833316","t":2107.0,"r":1397.0,"q":2.15,"p":2390.0,"mot":"U","mo":1397.0},{"cn":"bivan09 Финанс","ui":"7848798","t":274.0,"r":254.0,"q":1.0,"p":4000.0,"mot":"U","mo":254.0},{"cn":"","ui":"","t":0.0,"r":0.0,"q":0.0,"p":0.0,"mot":"L","mo":0.0}]},{"d":"20.09.2018","r":3770.0,"q":3.34,"p":23306.37,"s":[{"cn":"Yellow Rose","ui":"7846196","t":1754.0,"r":1579.0,"q":4.57,"p":40000.0,"mot":"U","mo":1579.0},{"cn":"PenduL Co","ui":"7846669","t":375.0,"r":330.0,"q":5.13,"p":60000.0,"mot":"U","mo":330.0},{"cn":"ATX Enterprise","ui":"7833316","t":2287.0,"r":1577.0,"q":2.16,"p":2390.0,"mot":"U","mo":1577.0},{"cn":"bivan09 Финанс","ui":"7848798","t":304.0,"r":284.0,"q":1.0,"p":4000.0,"mot":"U","mo":284.0},{"cn":"","ui":"","t":0.0,"r":0.0,"q":0.0,"p":0.0,"mot":"L","mo":0.0}]},{"d":"21.09.2018","r":4287.0,"q":3.39,"p":23196.28,"s":[{"cn":"АО «Monkk»","ui":"7832805","t":300.0,"r":230.0,"q":4.17,"p":30000.0,"mot":"U","mo":230.0},{"cn":"Yellow Rose","ui":"7846196","t":1809.0,"r":1629.0,"q":4.65,"p":40000.0,"mot":"U","mo":1629.0},{"cn":"PenduL Co","ui":"7846669","t":411.0,"r":366.0,"q":5.16,"p":60000.0,"mot":"U","mo":366.0},{"cn":"ATX Enterprise","ui":"7833316","t":2465.0,"r":1755.0,"q":2.17,"p":2390.0,"mot":"U","mo":1755.0},{"cn":"bivan09 Финанс","ui":"7848798","t":334.0,"r":307.0,"q":1.0,"p":4000.0,"mot":"U","mo":307.0},{"cn":"","ui":"","t":0.0,"r":0.0,"q":0.0,"p":0.0,"mot":"L","mo":0.0}]},{"d":"24.09.2018","r":4011.0,"q":3.51,"p":15874.54,"s":[{"cn":"zcorvus","ui":"7842527","t":990.0,"r":990.0,"q":4.14,"p":5000.0,"mot":"U","mo":990.0},{"cn":"АО «Monkk»","ui":"7832805","t":628.0,"r":558.0,"q":5.42,"p":30000.0,"mot":"U","mo":558.0},{"cn":"Yellow Rose","ui":"7846196","t":332.0,"r":201.0,"q":5.43,"p":40000.0,"mot":"U","mo":201.0},{"cn":"PenduL Co","ui":"7846669","t":519.0,"r":474.0,"q":5.27,"p":60000.0,"mot":"U","mo":474.0},{"cn":"ATX Enterprise","ui":"7833316","t":2407.0,"r":1363.0,"q":2.15,"p":2790.0,"mot":"U","mo":1363.0},{"cn":"bivan09 Финанс","ui":"7848798","t":452.0,"r":425.0,"q":1.0,"p":4000.0,"mot":"U","mo":425.0},{"cn":"","ui":"","t":0.0,"r":0.0,"q":0.0,"p":0.0,"mot":"L","mo":0.0}]},{"d":"25.09.2018","r":4023.0,"q":3.62,"p":17728.69,"s":[{"cn":"zcorvus","ui":"7842527","t":1306.0,"r":792.0,"q":4.15,"p":5000.0,"mot":"U","mo":792.0},{"cn":"АО «Monkk»","ui":"7832805","t":708.0,"r":638.0,"q":5.55,"p":30000.0,"mot":"U","mo":638.0},{"cn":"Yellow Rose","ui":"7846196","t":433.0,"r":302.0,"q":5.55,"p":40000.0,"mot":"U","mo":302.0},{"cn":"PenduL Co","ui":"7846669","t":555.0,"r":510.0,"q":5.31,"p":60000.0,"mot":"U","mo":510.0},{"cn":"ATX Enterprise","ui":"7833316","t":2351.0,"r":1307.0,"q":2.15,"p":2790.0,"mot":"U","mo":1307.0},{"cn":"bivan09 Финанс","ui":"7848798","t":501.0,"r":474.0,"q":1.14,"p":4000.0,"mot":"U","mo":474.0},{"cn":"","ui":"","t":0.0,"r":0.0,"q":0.0,"p":0.0,"mot":"L","mo":0.0}]},{"d":"26.09.2018","r":3699.0,"q":3.62,"p":19120.49,"s":[{"cn":"АО «Monkk»","ui":"7832805","t":787.0,"r":717.0,"q":5.65,"p":30000.0,"mot":"U","mo":717.0},{"cn":"zcorvus","ui":"7842527","t":1122.0,"r":448.0,"q":4.16,"p":5000.0,"mot":"U","mo":448.0},{"cn":"Yellow Rose","ui":"7846196","t":504.0,"r":216.0,"q":5.69,"p":40000.0,"mot":"U","mo":216.0},{"cn":"PenduL Co","ui":"7846669","t":591.0,"r":546.0,"q":5.35,"p":60000.0,"mot":"U","mo":546.0},{"cn":"ATX Enterprise","ui":"7833316","t":2293.0,"r":1249.0,"q":2.15,"p":2790.0,"mot":"U","mo":1249.0},{"cn":"bivan09 Финанс","ui":"7848798","t":550.0,"r":523.0,"q":1.25,"p":4000.0,"mot":"U","mo":523.0},{"cn":"","ui":"","t":0.0,"r":0.0,"q":0.0,"p":0.0,"mot":"L","mo":0.0}]},{"d":"28.09.2018","r":4297.0,"q":4.06,"p":27393.09,"s":[{"cn":"АО «Monkk»","ui":"7832805","t":866.0,"r":796.0,"q":5.72,"p":30000.0,"mot":"U","mo":796.0},{"cn":"PenduL Co","ui":"7846669","t":627.0,"r":582.0,"q":5.39,"p":60000.0,"mot":"U","mo":582.0},{"cn":"ATX Enterprise","ui":"7833316","t":2233.0,"r":1189.0,"q":2.16,"p":2990.0,"mot":"U","mo":1189.0},{"cn":"bivan09 Финанс","ui":"7848798","t":589.0,"r":552.0,"q":1.34,"p":4000.0,"mot":"U","mo":552.0},{"cn":"pinuscz s.r.o","ui":"7844952","t":761.0,"r":761.0,"q":6.23,"p":60000.0,"mot":"U","mo":761.0},{"cn":"","ui":"","t":1435.0,"r":417.0,"q":4.06,"p":17949.64,"mot":"L","mo":417.0}]},{"d":"01.02.2019","r":22752.0,"q":2.81,"p":2715.79,"s":[{"cn":"ATX Enterprise","ui":"7833316","t":22301.0,"r":21402.0,"q":2.45,"p":1790.0,"mot":"U","mo":21402.0},{"cn":"","ui":"","t":17715.0,"r":1350.0,"q":8.45,"p":17392.59,"mot":"L","mo":1350.0}]},{"d":"04.02.2019","r":23051.0,"q":2.82,"p":2879.78,"s":[{"cn":"ATX Enterprise","ui":"7833316","t":22900.0,"r":22001.0,"q":2.45,"p":1790.0,"mot":"U","mo":22001.0},{"cn":"","ui":"","t":17918.0,"r":1050.0,"q":10.61,"p":25714.29,"mot":"L","mo":1050.0}]},{"d":"05.02.2019","r":23248.0,"q":2.82,"p":2870.54,"s":[{"cn":"ATX Enterprise","ui":"7833316","t":23097.0,"r":22198.0,"q":2.45,"p":1790.0,"mot":"U","mo":22198.0},{"cn":"","ui":"","t":17901.0,"r":1050.0,"q":10.61,"p":25714.29,"mot":"L","mo":1050.0}]},{"d":"06.02.2019","r":22943.0,"q":2.68,"p":2705.99,"s":[{"cn":"ATX Enterprise","ui":"7833316","t":23292.0,"r":22393.0,"q":2.45,"p":1790.0,"mot":"U","mo":22393.0},{"cn":"","ui":"","t":16802.0,"r":550.0,"q":11.93,"p":40000.0,"mot":"L","mo":550.0}]},{"d":"07.02.2019","r":23136.0,"q":2.68,"p":2698.35,"s":[{"cn":"ATX Enterprise","ui":"7833316","t":23485.0,"r":22586.0,"q":2.45,"p":1790.0,"mot":"U","mo":22586.0},{"cn":"","ui":"","t":16519.0,"r":550.0,"q":11.94,"p":40000.0,"mot":"L","mo":550.0}]},{"d":"08.02.2019","r":28437.0,"q":3.49,"p":3370.51,"s":[{"cn":"Made_by_etagerka","ui":"7898843","t":4125.0,"r":3762.0,"q":8.1,"p":6000.0,"mot":"U","mo":3762.0},{"cn":"ATX Enterprise","ui":"7833316","t":23676.0,"r":22785.0,"q":2.45,"p":1790.0,"mot":"U","mo":22785.0},{"cn":"","ui":"","t":17323.0,"r":1890.0,"q":6.78,"p":17190.48,"mot":"L","mo":1890.0}]}]