[{"pi":"422546","pc":"Продукты питания","ss":10000,"td":"Центр города","dc":2,"n":280.13,"vc":"5323","sl":"Элитный","sv":"5000","p":199.0,"q":20.96,"b":0.0,"ms":5.95,"wi":21.86,"ei":7.84,"as":163.23,"mi":"E","mv":84086,"sc":1,"lpe":94.05,"lpr":203.22,"lq":1.0,"d":338687},{"pi":"422546","pc":"Продукты питания","ss":10000,"td":"Центр города","dc":2,"n":239.88,"vc":"5014","sl":"Элитный","sv":"8000","p":279.0,"q":20.96,"b":0.0,"ms":3.65,"wi":38.33,"ei":9.07,"as":212.54,"mi":"E","mv":218963,"sc":1,"lpe":96.35,"lpr":276.36,"lq":1.0,"d":620800},{"pi":"422546","pc":"Продукты питания","ss":20000,"td":"Центр города","dc":2,"n":185.19,"vc":"7007","sl":"Элитный","sv":"20000","p":439.0,"q":20.96,"b":0.0,"ms":1.23,"wi":66.51,"ei":8.76,"as":347.78,"mi":"E","mv":1621949,"sc":1,"lpe":98.77,"lpr":291.26,"lq":1.0,"d":1784134},{"pi":"422546","pc":"Продукты питания","ss":10000,"td":"Центр города","dc":2,"n":325.71,"vc":"5678","sl":"Элитный","sv":"2000","p":269.0,"q":20.96,"b":0.0,"ms":1.13,"wi":29.41,"ei":8.73,"as":368.21,"mi":"E","mv":176346,"sc":1,"lpe":98.87,"lpr":97.69,"lq":1.0,"d":177578},{"pi":"422546","pc":"Продукты питания","ss":10000,"td":"Центр города","dc":2,"n":268.9,"vc":"5206","sl":"Элитный","sv":"6000","p":519.0,"q":20.96,"b":0.0,"ms":1.81,"wi":62.27,"ei":13.35,"as":674.99,"mi":"E","mv":330620,"sc":1,"lpe":98.19,"lpr":457.64,"lq":1.0,"d":374441},{"pi":"422546","pc":"Продукты питания","ss":10000,"td":"Центр города","dc":2,"n":302.36,"vc":"5473","sl":"Элитный","sv":"4000","p":369.0,"q":20.96,"b":0.0,"ms":2.29,"wi":46.49,"ei":9.42,"as":383.85,"mi":"E","mv":174766,"sc":1,"lpe":97.71,"lpr":297.14,"lq":1.0,"d":223434},{"pi":"422546","pc":"Продукты питания","ss":10000,"td":"Центр города","dc":2,"n":310.49,"vc":"5529","sl":"Элитный","sv":"2000","p":299.0,"q":20.96,"b":0.0,"ms":3.68,"wi":32.64,"ei":8.61,"as":475.98,"mi":"E","mv":54397,"sc":1,"lpe":96.32,"lpr":353.27,"lq":1.0,"d":352871},{"pi":"422546","pc":"Продукты питания","ss":10000,"td":"Центр города","dc":2,"n":309.59,"vc":"5520","sl":"Элитный","sv":"4000","p":279.0,"q":20.96,"b":0.0,"ms":2.79,"wi":32.45,"ei":9.19,"as":353.09,"mi":"E","mv":143275,"sc":1,"lpe":97.21,"lpr":165.13,"lq":1.0,"d":258999},{"pi":"422546","pc":"Продукты питания","ss":10000,"td":"Центр города","dc":2,"n":174.84,"vc":"4844","sl":"Элитный","sv":"5000","p":569.0,"q":20.96,"b":0.0,"ms":0.46,"wi":39.13,"ei":9.11,"as":204.86,"mi":"E","mv":1084064,"sc":1,"lpe":99.54,"lpr":197.18,"lq":1.0,"d":2224560},{"pi":"422546","pc":"Продукты питания","ss":10000,"td":"Центр города","dc":2,"n":311.12,"vc":"5535","sl":"Элитный","sv":"16000","p":109.0,"q":20.96,"b":0.0,"ms":20.9,"wi":24.79,"ei":5.22,"as":302.26,"mi":"E","mv":76548,"sc":1,"lpe":79.1,"lpr":97.51,"lq":1.07,"d":182800},{"pi":"422546","pc":"Продукты питания","ss":10000,"td":"Центр города","dc":2,"n":308.67,"vc":"5512","sl":"Элитный","sv":"2000","p":259.0,"q":20.96,"b":0.0,"ms":2.44,"wi":32.98,"ei":4.6,"as":270.25,"mi":"E","mv":81881,"sc":1,"lpe":97.56,"lpr":229.44,"lq":1.0,"d":190258},{"pi":"422546","pc":"Продукты питания","ss":10000,"td":"Центр города","dc":2,"n":364.63,"vc":"6180","sl":"Высокий","sv":"2000","p":219.0,"q":20.96,"b":0.0,"ms":10.56,"wi":15.77,"ei":5.63,"as":304.95,"mi":"E","mv":18936,"sc":1,"lpe":89.44,"lpr":212.88,"lq":1.33,"d":95245},{"pi":"422546","pc":"Продукты питания","ss":10000,"td":"Центр города","dc":2,"n":289.61,"vc":"5364","sl":"Элитный","sv":"12000","p":409.0,"q":20.96,"b":0.0,"ms":12.4,"wi":43.59,"ei":7.31,"as":476.27,"mi":"E","mv":96749,"sc":1,"lpe":87.6,"lpr":375.54,"lq":2.51,"d":263256},{"pi":"422546","pc":"Продукты питания","ss":300000,"td":"Фешенебельный район","dc":4,"n":474.38,"vc":"152404","sl":"Элитный","sv":"8577","p":714.1,"q":41.12,"b":0.0,"ms":0.15,"wi":62.0,"ei":7.93,"as":546.66,"mi":"E","mv":5790945,"sc":1,"lpe":99.85,"lpr":365.84,"lq":1.0,"d":7101416},{"pi":"422546","pc":"Продукты питания","ss":10000,"td":"Центр города","dc":2,"n":250.37,"vc":"5088","sl":"Элитный","sv":"4000","p":399.0,"q":20.96,"b":0.0,"ms":1.03,"wi":60.54,"ei":6.77,"as":450.24,"mi":"E","mv":387911,"sc":1,"lpe":98.97,"lpr":359.05,"lq":1.0,"d":518786},{"pi":"422546","pc":"Продукты питания","ss":10000,"td":"Центр города","dc":2,"n":249.21,"vc":"5081","sl":"Элитный","sv":"14000","p":359.0,"q":20.96,"b":0.0,"ms":5.5,"wi":48.51,"ei":15.71,"as":380.15,"mi":"E","mv":254773,"sc":1,"lpe":94.5,"lpr":318.48,"lq":1.0,"d":545196},{"pi":"422546","pc":"Продукты питания","ss":10000,"td":"Центр города","dc":2,"n":219.38,"vc":"4940","sl":"Элитный","sv":"12000","p":369.0,"q":20.96,"b":0.0,"ms":1.55,"wi":56.24,"ei":7.07,"as":380.48,"mi":"E","mv":774579,"sc":1,"lpe":98.45,"lpr":303.47,"lq":1.0,"d":917721},{"pi":"422546","pc":"Продукты питания","ss":10000,"td":"Центр города","dc":2,"n":255.1,"vc":"5116","sl":"Элитный","sv":"10000","p":329.0,"q":20.96,"b":0.0,"ms":2.48,"wi":53.32,"ei":6.45,"as":372.85,"mi":"E","mv":402556,"sc":1,"lpe":97.52,"lpr":302.26,"lq":1.0,"d":476878},{"pi":"422546","pc":"Продукты питания","ss":100000,"td":"Центр города","dc":1,"n":453.6,"vc":"182376","sl":"Элитный","sv":"1300","p":52.5,"q":15.58,"b":0.0,"ms":6.55,"wi":17.71,"ei":7.81,"as":93.95,"mi":"E","mv":19833,"sc":1,"lpe":93.45,"lpr":1353.28,"lq":1.0,"d":969146},{"pi":"422546","pc":"Продукты питания","ss":200000,"td":"Центр города","dc":6,"n":406.25,"vc":"490870","sl":"Нормальный","sv":"150000","p":1000.0,"q":19.71,"b":0.0,"ms":9.3,"wi":166.72,"ei":9.88,"as":2625.25,"mi":"E","mv":1612321,"sc":1,"lpe":90.7,"lpr":949.46,"lq":11.22,"d":11635600},{"pi":"422546","pc":"Продукты питания","ss":10000,"td":"Центр города","dc":2,"n":160.23,"vc":"4863","sl":"Элитный","sv":"7000","p":999.0,"q":20.96,"b":0.0,"ms":0.49,"wi":62.14,"ei":7.68,"as":426.52,"mi":"E","mv":1422207,"sc":1,"lpe":99.51,"lpr":357.13,"lq":1.0,"d":3062821},{"pi":"422546","pc":"Продукты питания","ss":100000,"td":"Центр города","dc":1,"n":485.13,"vc":"866979","sl":"Высокий","sv":"400000","p":460.0,"q":58.76,"b":0.0,"ms":10.22,"wi":48.27,"ei":9.23,"as":380.0,"mi":"E","mv":3914942,"sc":1,"lpe":89.78,"lpr":320.4,"lq":1.94,"d":11000140},{"pi":"422546","pc":"Продукты питания","ss":100000,"td":"Центр города","dc":5,"n":376.6,"vc":"143051","sl":"Очень высокий","sv":"124209","p":250.0,"q":23.41,"b":0.0,"ms":6.5,"wi":30.1,"ei":7.72,"as":150.11,"mi":"E","mv":1909547,"sc":1,"lpe":93.5,"lpr":79.18,"lq":1.0,"d":4015276},{"pi":"422546","pc":"Продукты питания","ss":10000,"td":"Центр города","dc":2,"n":245.06,"vc":"5084","sl":"Элитный","sv":"6000","p":359.0,"q":20.96,"b":0.0,"ms":3.74,"wi":39.18,"ei":7.04,"as":341.21,"mi":"E","mv":160592,"sc":1,"lpe":96.26,"lpr":287.67,"lq":1.0,"d":579186},{"pi":"422546","pc":"Продукты питания","ss":10000,"td":"Центр города","dc":2,"n":265.13,"vc":"5175","sl":"Элитный","sv":"6000","p":299.0,"q":20.96,"b":0.0,"ms":13.04,"wi":25.39,"ei":7.39,"as":309.33,"mi":"E","mv":45999,"sc":1,"lpe":86.96,"lpr":218.67,"lq":1.39,"d":398700},{"pi":"422546","pc":"Продукты питания","ss":100000,"td":"Центр города","dc":6,"n":421.42,"vc":"131511","sl":"Очень высокий","sv":"28500","p":500.0,"q":19.71,"b":0.0,"ms":27.93,"wi":131.02,"ei":10.25,"as":2441.4,"mi":"E","mv":102028,"sc":1,"lpe":72.07,"lpr":383.26,"lq":3.46,"d":921618},{"pi":"422546","pc":"Продукты питания","ss":10000,"td":"Центр города","dc":1,"n":277.78,"vc":"9785","sl":"Элитный","sv":"990","p":1160.0,"q":15.58,"b":0.0,"ms":0.07,"wi":67.13,"ei":8.56,"as":483.67,"mi":"E","mv":1500637,"sc":1,"lpe":99.93,"lpr":349.88,"lq":1.0,"d":1883126},{"pi":"422546","pc":"Продукты питания","ss":300000,"td":"Фешенебельный район","dc":9,"n":497.37,"vc":"140384","sl":"Элитный","sv":"531","p":5669.66,"q":41.14,"b":0.0,"ms":0.03,"wi":171.48,"ei":10.04,"as":2283.46,"mi":"E","mv":1871288,"sc":1,"lpe":99.97,"lpr":1373.42,"lq":1.0,"d":2986744},{"pi":"422546","pc":"Продукты питания","ss":300000,"td":"Фешенебельный район","dc":10,"n":536.81,"vc":"181132","sl":"Очень высокий","sv":"290","p":7128.59,"q":41.09,"b":0.0,"ms":0.03,"wi":125.88,"ei":10.29,"as":1744.48,"mi":"E","mv":1037428,"sc":1,"lpe":99.97,"lpr":1470.27,"lq":1.0,"d":2094907},{"pi":"422546","pc":"Продукты питания","ss":100000,"td":"Центр города","dc":7,"n":374.13,"vc":"153202","sl":"Высокий","sv":"50","p":3440.12,"q":19.71,"b":0.0,"ms":0.0,"wi":179.63,"ei":10.34,"as":2350.25,"mi":"E","mv":1121800,"sc":1,"lpe":100.0,"lpr":1045.57,"lq":1.0,"d":1641016},{"pi":"422546","pc":"Продукты питания","ss":100000,"td":"Центр города","dc":1,"n":471.94,"vc":"198677","sl":"Элитный","sv":"2600","p":195.0,"q":15.58,"b":0.0,"ms":3.94,"wi":59.42,"ei":8.65,"as":472.08,"mi":"E","mv":65907,"sc":1,"lpe":96.06,"lpr":1891.44,"lq":1.0,"d":747777},{"pi":"422546","pc":"Продукты питания","ss":100000,"td":"Центр города","dc":1,"n":452.3,"vc":"181219","sl":"Элитный","sv":"1700","p":246.0,"q":15.58,"b":0.0,"ms":1.74,"wi":81.87,"ei":13.22,"as":341.21,"mi":"E","mv":97981,"sc":1,"lpe":98.26,"lpr":2420.89,"lq":1.0,"d":986148},{"pi":"422546","pc":"Продукты питания","ss":100000,"td":"Центр города","dc":1,"n":434.64,"vc":"167050","sl":"Элитный","sv":"5000","p":186.0,"q":15.58,"b":0.0,"ms":3.77,"wi":62.59,"ei":7.65,"as":519.76,"mi":"E","mv":132634,"sc":1,"lpe":96.23,"lpr":1594.95,"lq":1.0,"d":1269608},{"pi":"422546","pc":"Продукты питания","ss":10000,"td":"Центр города","dc":2,"n":332.3,"vc":"5766","sl":"Элитный","sv":"12000","p":299.0,"q":20.96,"b":0.0,"ms":21.17,"wi":34.18,"ei":9.16,"as":412.47,"mi":"E","mv":56671,"sc":1,"lpe":78.83,"lpr":119.18,"lq":1.09,"d":131326},{"pi":"422546","pc":"Продукты питания","ss":10000,"td":"Центр города","dc":1,"n":404.06,"vc":"25312","sl":"Элитный","sv":"1300","p":102.3,"q":15.58,"b":0.0,"ms":0.21,"wi":24.79,"ei":9.26,"as":119.81,"mi":"E","mv":613469,"sc":1,"lpe":99.79,"lpr":184.46,"lq":1.0,"d":1974278},{"pi":"422546","pc":"Продукты питания","ss":300000,"td":"Фешенебельный район","dc":9,"n":477.82,"vc":"136343","sl":"Элитный","sv":"675","p":861.85,"q":41.09,"b":0.0,"ms":0.02,"wi":51.27,"ei":6.64,"as":370.86,"mi":"E","mv":4272736,"sc":1,"lpe":99.98,"lpr":186.22,"lq":1.0,"d":4700000},{"pi":"422546","pc":"Продукты питания","ss":100000,"td":"Центр города","dc":1,"n":487.14,"vc":"213514","sl":"Элитный","sv":"2600","p":198.0,"q":15.58,"b":0.0,"ms":4.47,"wi":63.23,"ei":7.28,"as":458.84,"mi":"E","mv":58181,"sc":1,"lpe":95.53,"lpr":1718.51,"lq":1.0,"d":605030},{"pi":"422546","pc":"Продукты питания","ss":10000,"td":"Центр города","dc":1,"n":341.35,"vc":"10303","sl":"Элитный","sv":"550","p":592.0,"q":15.58,"b":0.0,"ms":0.11,"wi":46.07,"ei":7.56,"as":306.73,"mi":"E","mv":510576,"sc":1,"lpe":99.89,"lpr":250.08,"lq":1.0,"d":569631},{"pi":"422546","pc":"Продукты питания","ss":110000,"td":"Центр города","dc":1,"n":423.62,"vc":"570250","sl":"Очень высокий","sv":"161529","p":2800.0,"q":59.38,"b":0.0,"ms":30.0,"wi":35.98,"ei":8.28,"as":251.65,"mi":"E","mv":538431,"sc":2,"lpe":69.52,"lpr":1407.87,"lq":4.39,"d":14352508},{"pi":"422546","pc":"Продукты питания","ss":100000,"td":"Центр города","dc":1,"n":278.39,"vc":"86890","sl":"Элитный","sv":"2600","p":147.0,"q":15.58,"b":0.0,"ms":0.48,"wi":35.98,"ei":8.28,"as":251.65,"mi":"E","mv":538431,"sc":2,"lpe":69.52,"lpr":1407.87,"lq":4.39,"d":14352508},{"pi":"422546","pc":"Продукты питания","ss":10000,"td":"Центр города","dc":1,"n":144.91,"vc":"3120","sl":"Элитный","sv":"260","p":452.0,"q":15.58,"b":0.0,"ms":0.03,"wi":47.39,"ei":4.88,"as":232.49,"mi":"E","mv":961808,"sc":1,"lpe":99.97,"lpr":196.2,"lq":1.0,"d":1190767},{"pi":"422546","pc":"Продукты питания","ss":100000,"td":"Центр города","dc":1,"n":343.59,"vc":"111984","sl":"Элитный","sv":"1400","p":111.0,"q":15.58,"b":0.0,"ms":0.26,"wi":39.97,"ei":9.19,"as":127.29,"mi":"E","mv":528610,"sc":1,"lpe":99.74,"lpr":1009.85,"lq":1.0,"d":4940408},{"pi":"422546","pc":"Продукты питания","ss":100000,"td":"Центр города","dc":1,"n":367.69,"vc":"124142","sl":"Элитный","sv":"1700","p":78.1,"q":15.58,"b":0.0,"ms":1.06,"wi":29.93,"ei":6.58,"as":133.91,"mi":"E","mv":160603,"sc":1,"lpe":98.94,"lpr":1275.2,"lq":1.0,"d":3420282},{"pi":"422546","pc":"Продукты питания","ss":20000,"td":"Центр города","dc":2,"n":195.43,"vc":"6849","sl":"Элитный","sv":"12000","p":119.0,"q":20.96,"b":0.0,"ms":1.16,"wi":94.35,"ei":19.67,"as":208.3,"mi":"E","mv":1037116,"sc":1,"lpe":98.84,"lpr":407.13,"lq":1.0,"d":1322290},{"pi":"422546","pc":"Продукты питания","ss":10000,"td":"Центр города","dc":2,"n":272.36,"vc":"5216","sl":"Элитный","sv":"8000","p":499.0,"q":20.96,"b":0.0,"ms":4.56,"wi":69.66,"ei":6.22,"as":447.98,"mi":"E","mv":175623,"sc":1,"lpe":95.44,"lpr":439.1,"lq":1.0,"d":350000},{"pi":"422546","pc":"Продукты питания","ss":10000,"td":"Центр города","dc":2,"n":241.64,"vc":"5019","sl":"Элитный","sv":"10000","p":479.0,"q":20.96,"b":0.0,"ms":1.83,"wi":80.34,"ei":6.51,"as":470.38,"mi":"E","mv":545463,"sc":1,"lpe":98.17,"lpr":399.12,"lq":1.0,"d":600000}]