[{"pi":"422704","pc":"Топливо","ss":10000,"td":"","dc":1,"n":52.06,"vc":"712","sl":"","sv":"38","p":14000.0,"q":11.42,"b":0.0,"ms":0.01,"wi":113.95,"ei":9.48,"as":846.53,"mi":"E","mv":736198,"sc":1,"lpe":99.99,"lpr":2208.28,"lq":1.0,"d":3725150},{"pi":"422704","pc":"Топливо","ss":60000,"td":"","dc":1,"n":691.04,"vc":"66909","sl":"","sv":"8800","p":4000.0,"q":27.64,"b":6.55,"ms":1.98,"wi":79.69,"ei":7.96,"as":460.44,"mi":"E","mv":444026,"sc":1,"lpe":98.02,"lpr":1012.47,"lq":1.0,"d":1126758},{"pi":"422704","pc":"Топливо","ss":30000,"td":"","dc":1,"n":642.19,"vc":"13537","sl":"","sv":"45000","p":5000.0,"q":19.25,"b":4.44,"ms":14.38,"wi":86.76,"ei":10.0,"as":400.1,"mi":"E","mv":312914,"sc":2,"lpe":85.53,"lpr":1099.87,"lq":1.47,"d":1569734},{"pi":"422704","pc":"Топливо","ss":3000,"td":"","dc":1,"n":289.48,"vc":"160","sl":"","sv":"294","p":6245.35,"q":17.82,"b":1.25,"ms":0.09,"wi":86.76,"ei":10.0,"as":400.1,"mi":"E","mv":312914,"sc":2,"lpe":85.53,"lpr":1099.87,"lq":1.47,"d":1569734},{"pi":"422704","pc":"Топливо","ss":10000,"td":"","dc":1,"n":684.61,"vc":"28337","sl":"","sv":"5103","p":9052.0,"q":33.22,"b":0.0,"ms":4.18,"wi":76.17,"ei":9.31,"as":476.76,"mi":"E","mv":122220,"sc":1,"lpe":95.82,"lpr":1095.73,"lq":1.0,"d":871633},{"pi":"422704","pc":"Топливо","ss":10000,"td":"","dc":1,"n":680.12,"vc":"1050","sl":"","sv":"115","p":13000.0,"q":9.75,"b":0.0,"ms":6.41,"wi":30.68,"ei":8.56,"as":314.79,"mi":"E","mv":1793,"sc":1,"lpe":93.59,"lpr":1840.72,"lq":1.0,"d":184259},{"pi":"422704","pc":"Топливо","ss":1000,"td":"","dc":1,"n":164.85,"vc":"143","sl":"","sv":"1000","p":4000.0,"q":12.72,"b":0.0,"ms":3.19,"wi":62.66,"ei":4.86,"as":190.49,"mi":"E","mv":31329,"sc":1,"lpe":96.81,"lpr":3355.37,"lq":1.0,"d":461850},{"pi":"422704","pc":"Топливо","ss":190000,"td":"","dc":1,"n":541.61,"vc":"107075","sl":"","sv":"17015","p":9490.0,"q":33.21,"b":0.0,"ms":2.45,"wi":71.26,"ei":9.58,"as":569.21,"mi":"E","mv":693984,"sc":1,"lpe":97.55,"lpr":1104.43,"lq":1.0,"d":2499810},{"pi":"422704","pc":"Топливо","ss":400000,"td":"","dc":1,"n":695.93,"vc":"18453","sl":"","sv":"6060","p":3333.33,"q":28.77,"b":6.08,"ms":33.18,"wi":34.4,"ei":11.64,"as":429.27,"mi":"E","mv":18264,"sc":1,"lpe":66.82,"lpr":412.68,"lq":15.34,"d":1291416},{"pi":"422704","pc":"Топливо","ss":10000,"td":"","dc":1,"n":177.01,"vc":"924","sl":"","sv":"159","p":8350.0,"q":16.56,"b":0.53,"ms":0.04,"wi":64.63,"ei":11.74,"as":541.52,"mi":"E","mv":381545,"sc":1,"lpe":99.96,"lpr":1100.02,"lq":1.0,"d":2194890},{"pi":"422704","pc":"Топливо","ss":100000,"td":"","dc":1,"n":411.12,"vc":"12700","sl":"","sv":"1","p":14999.99,"q":10.58,"b":0.0,"ms":0.0,"wi":82.5,"ei":10.06,"as":577.84,"mi":"E","mv":49099,"sc":1,"lpe":100.0,"lpr":2741.55,"lq":1.0,"d":1232935},{"pi":"422704","pc":"Топливо","ss":100000,"td":"","dc":1,"n":715.03,"vc":"67765","sl":"","sv":"7418","p":12000.0,"q":29.98,"b":6.76,"ms":13.73,"wi":87.39,"ei":7.56,"as":606.74,"mi":"E","mv":54028,"sc":1,"lpe":86.27,"lpr":1190.25,"lq":1.0,"d":247228},{"pi":"422704","pc":"Топливо","ss":1000,"td":"","dc":1,"n":464.29,"vc":"80","sl":"","sv":"700","p":5000.0,"q":15.04,"b":0.0,"ms":2.01,"wi":38.77,"ei":13.45,"as":254.51,"mi":"E","mv":34841,"sc":2,"lpe":97.25,"lpr":1227.08,"lq":1.0,"d":1811306},{"pi":"422704","pc":"Топливо","ss":7000,"td":"","dc":1,"n":294.9,"vc":"248","sl":"","sv":"257","p":7870.0,"q":17.85,"b":1.25,"ms":0.74,"wi":38.77,"ei":13.45,"as":254.51,"mi":"E","mv":34841,"sc":2,"lpe":97.25,"lpr":1227.08,"lq":1.0,"d":1811306},{"pi":"422704","pc":"Топливо","ss":10000,"td":"","dc":1,"n":473.15,"vc":"4716","sl":"","sv":"6006","p":12499.99,"q":15.5,"b":0.0,"ms":7.91,"wi":108.89,"ei":6.9,"as":793.8,"mi":"E","mv":75895,"sc":1,"lpe":92.09,"lpr":2140.58,"lq":1.26,"d":638590},{"pi":"422704","pc":"Топливо","ss":20000,"td":"","dc":1,"n":420.43,"vc":"2702","sl":"","sv":"32536","p":5000.0,"q":20.05,"b":4.39,"ms":20.35,"wi":67.3,"ei":14.34,"as":847.07,"mi":"E","mv":159901,"sc":2,"lpe":79.48,"lpr":896.97,"lq":1.75,"d":1641067},{"pi":"422704","pc":"Топливо","ss":1000,"td":"","dc":1,"n":459.55,"vc":"139","sl":"","sv":"272","p":6000.0,"q":15.04,"b":4.16,"ms":0.17,"wi":67.3,"ei":14.34,"as":847.07,"mi":"E","mv":159901,"sc":2,"lpe":79.48,"lpr":896.97,"lq":1.75,"d":1641067},{"pi":"422704","pc":"Топливо","ss":15000,"td":"","dc":1,"n":469.04,"vc":"6936","sl":"","sv":"18602","p":13299.99,"q":16.12,"b":0.0,"ms":12.34,"wi":138.85,"ei":7.1,"as":871.5,"mi":"E","mv":150731,"sc":3,"lpe":84.73,"lpr":2497.58,"lq":1.42,"d":995186},{"pi":"422704","pc":"Топливо","ss":10000,"td":"","dc":1,"n":571.87,"vc":"7238","sl":"","sv":"4357","p":18000.0,"q":19.55,"b":1.9,"ms":2.89,"wi":138.85,"ei":7.1,"as":871.5,"mi":"E","mv":150731,"sc":3,"lpe":84.73,"lpr":2497.58,"lq":1.42,"d":995186},{"pi":"422704","pc":"Топливо","ss":10000,"td":"","dc":1,"n":307.87,"vc":"1814","sl":"","sv":"53","p":15000.0,"q":16.87,"b":0.0,"ms":0.04,"wi":138.85,"ei":7.1,"as":871.5,"mi":"E","mv":150731,"sc":3,"lpe":84.73,"lpr":2497.58,"lq":1.42,"d":995186},{"pi":"422704","pc":"Топливо","ss":3000,"td":"","dc":1,"n":443.61,"vc":"753","sl":"","sv":"2885","p":3000.0,"q":24.54,"b":0.43,"ms":3.02,"wi":30.72,"ei":13.13,"as":504.2,"mi":"E","mv":95607,"sc":1,"lpe":96.98,"lpr":510.9,"lq":1.0,"d":1453747},{"pi":"422704","pc":"Топливо","ss":10000,"td":"","dc":1,"n":520.34,"vc":"2628","sl":"","sv":"1","p":12999.99,"q":16.1,"b":0.0,"ms":0.0,"wi":126.51,"ei":6.93,"as":840.0,"mi":"E","mv":39814,"sc":1,"lpe":100.0,"lpr":3004.56,"lq":1.0,"d":340778},{"pi":"422704","pc":"Топливо","ss":15000,"td":"","dc":1,"n":689.8,"vc":"15907","sl":"","sv":"25249","p":7000.0,"q":19.25,"b":6.38,"ms":15.15,"wi":139.54,"ei":10.22,"as":506.56,"mi":"E","mv":166660,"sc":2,"lpe":82.45,"lpr":968.14,"lq":1.89,"d":764647},{"pi":"422704","pc":"Топливо","ss":100000,"td":"","dc":1,"n":698.59,"vc":"134848","sl":"","sv":"4000","p":9198.0,"q":33.22,"b":0.01,"ms":2.4,"wi":139.54,"ei":10.22,"as":506.56,"mi":"E","mv":166660,"sc":2,"lpe":82.45,"lpr":968.14,"lq":1.89,"d":764647},{"pi":"422704","pc":"Топливо","ss":20000,"td":"","dc":1,"n":381.26,"vc":"6835","sl":"","sv":"35234","p":5400.0,"q":19.48,"b":3.48,"ms":26.06,"wi":31.63,"ei":9.75,"as":531.56,"mi":"E","mv":135229,"sc":1,"lpe":73.94,"lpr":989.04,"lq":1.6,"d":3664965},{"pi":"422704","pc":"Топливо","ss":20000,"td":"","dc":1,"n":417.56,"vc":"8174","sl":"","sv":"210514","p":5500.0,"q":19.72,"b":3.47,"ms":25.78,"wi":59.47,"ei":10.9,"as":441.22,"mi":"E","mv":816622,"sc":2,"lpe":74.16,"lpr":1096.54,"lq":1.71,"d":4261006},{"pi":"422704","pc":"Топливо","ss":30000,"td":"","dc":1,"n":67.5,"vc":"1321","sl":"","sv":"505","p":6000.0,"q":11.95,"b":0.7,"ms":0.06,"wi":59.47,"ei":10.9,"as":441.22,"mi":"E","mv":816622,"sc":2,"lpe":74.16,"lpr":1096.54,"lq":1.71,"d":4261006},{"pi":"422704","pc":"Топливо","ss":30000,"td":"","dc":1,"n":570.3,"vc":"29517","sl":"","sv":"5489","p":10150.0,"q":33.21,"b":0.0,"ms":1.61,"wi":100.92,"ei":14.67,"as":748.6,"mi":"E","mv":340036,"sc":2,"lpe":98.33,"lpr":1270.07,"lq":1.0,"d":2234589},{"pi":"422704","pc":"Топливо","ss":3000,"td":"","dc":1,"n":189.07,"vc":"305","sl":"","sv":"175","p":8550.0,"q":16.53,"b":0.53,"ms":0.05,"wi":100.92,"ei":14.67,"as":748.6,"mi":"E","mv":340036,"sc":2,"lpe":98.33,"lpr":1270.07,"lq":1.0,"d":2234589},{"pi":"422704","pc":"Топливо","ss":20000,"td":"","dc":1,"n":421.23,"vc":"7870","sl":"","sv":"117544","p":5500.0,"q":19.67,"b":3.48,"ms":20.75,"wi":204.24,"ei":8.49,"as":694.24,"mi":"E","mv":566603,"sc":1,"lpe":79.25,"lpr":1088.65,"lq":1.79,"d":2593783},{"pi":"422704","pc":"Топливо","ss":30000,"td":"","dc":1,"n":648.03,"vc":"7658","sl":"","sv":"7895","p":5000.0,"q":11.16,"b":0.0,"ms":19.12,"wi":59.5,"ei":10.64,"as":307.4,"mi":"E","mv":41284,"sc":2,"lpe":78.16,"lpr":868.96,"lq":1.71,"d":581719},{"pi":"422704","pc":"Топливо","ss":60000,"td":"","dc":1,"n":662.19,"vc":"15392","sl":"","sv":"1123","p":6000.0,"q":12.52,"b":0.0,"ms":2.72,"wi":59.5,"ei":10.64,"as":307.4,"mi":"E","mv":41284,"sc":2,"lpe":78.16,"lpr":868.96,"lq":1.71,"d":581719},{"pi":"422704","pc":"Топливо","ss":5000,"td":"","dc":1,"n":444.77,"vc":"1168","sl":"","sv":"789","p":14000.0,"q":10.47,"b":0.0,"ms":4.09,"wi":145.59,"ei":6.3,"as":442.36,"mi":"E","mv":19284,"sc":2,"lpe":94.89,"lpr":2372.34,"lq":1.0,"d":94767},{"pi":"422704","pc":"Топливо","ss":5000,"td":"","dc":1,"n":543.96,"vc":"900","sl":"","sv":"197","p":15000.0,"q":10.58,"b":0.0,"ms":1.02,"wi":145.59,"ei":6.3,"as":442.36,"mi":"E","mv":19284,"sc":2,"lpe":94.89,"lpr":2372.34,"lq":1.0,"d":94767},{"pi":"422704","pc":"Топливо","ss":15000,"td":"","dc":1,"n":552.24,"vc":"6431","sl":"","sv":"1056","p":17999.99,"q":15.58,"b":0.0,"ms":3.58,"wi":110.91,"ei":6.62,"as":808.5,"mi":"E","mv":29478,"sc":1,"lpe":96.42,"lpr":2452.53,"lq":1.0,"d":515405},{"pi":"422704","pc":"Топливо","ss":2000,"td":"","dc":1,"n":540.81,"vc":"835","sl":"","sv":"1058","p":4500.0,"q":11.09,"b":0.0,"ms":5.75,"wi":106.98,"ei":6.2,"as":447.07,"mi":"E","mv":18407,"sc":1,"lpe":94.25,"lpr":1101.36,"lq":1.0,"d":105000},{"pi":"422704","pc":"Топливо","ss":5000,"td":"","dc":1,"n":402.8,"vc":"1758","sl":"","sv":"1554","p":13000.0,"q":10.58,"b":0.0,"ms":5.99,"wi":128.5,"ei":6.72,"as":534.71,"mi":"E","mv":25923,"sc":1,"lpe":94.01,"lpr":2238.29,"lq":1.0,"d":159666},{"pi":"422704","pc":"Топливо","ss":5000,"td":"","dc":1,"n":569.85,"vc":"2889","sl":"","sv":"1051","p":13000.0,"q":10.15,"b":0.0,"ms":4.09,"wi":104.27,"ei":6.5,"as":461.0,"mi":"E","mv":25727,"sc":2,"lpe":95.79,"lpr":2083.41,"lq":1.0,"d":150000},{"pi":"422704","pc":"Топливо","ss":5000,"td":"","dc":1,"n":0.0,"vc":"179","sl":"","sv":"33","p":16000.0,"q":16.46,"b":0.0,"ms":0.13,"wi":104.27,"ei":6.5,"as":461.0,"mi":"E","mv":25727,"sc":2,"lpe":95.79,"lpr":2083.41,"lq":1.0,"d":150000},{"pi":"422704","pc":"Топливо","ss":1000,"td":"","dc":1,"n":246.71,"vc":"55","sl":"","sv":"500","p":12000.0,"q":10.58,"b":0.0,"ms":3.14,"wi":62.7,"ei":5.48,"as":865.34,"mi":"E","mv":15937,"sc":1,"lpe":96.86,"lpr":3638.15,"lq":1.0,"d":645179},{"pi":"422704","pc":"Топливо","ss":10000,"td":"","dc":1,"n":243.73,"vc":"375","sl":"","sv":"2923","p":14000.0,"q":10.58,"b":0.0,"ms":8.61,"wi":172.95,"ei":8.79,"as":713.61,"mi":"E","mv":33947,"sc":2,"lpe":90.81,"lpr":4431.86,"lq":1.0,"d":980541},{"pi":"422704","pc":"Топливо","ss":3000,"td":"","dc":1,"n":360.46,"vc":"205","sl":"","sv":"198","p":16500.0,"q":11.22,"b":0.0,"ms":0.58,"wi":172.95,"ei":8.79,"as":713.61,"mi":"E","mv":33947,"sc":2,"lpe":90.81,"lpr":4431.86,"lq":1.0,"d":980541},{"pi":"422704","pc":"Топливо","ss":55000,"td":"","dc":1,"n":605.17,"vc":"96727","sl":"","sv":"80000","p":6500.0,"q":19.25,"b":5.14,"ms":2.27,"wi":130.83,"ei":9.99,"as":1301.44,"mi":"E","mv":3529976,"sc":7,"lpe":95.37,"lpr":2144.66,"lq":1.0,"d":14649834},{"pi":"422704","pc":"Топливо","ss":100000,"td":"","dc":1,"n":515.07,"vc":"108232","sl":"","sv":"75000","p":6700.0,"q":28.86,"b":4.09,"ms":2.12,"wi":130.83,"ei":9.99,"as":1301.44,"mi":"E","mv":3529976,"sc":7,"lpe":95.37,"lpr":2144.66,"lq":1.0,"d":14649834},{"pi":"422704","pc":"Топливо","ss":150000,"td":"","dc":1,"n":514.32,"vc":"166649","sl":"","sv":"5000","p":18999.0,"q":18.72,"b":3.98,"ms":0.14,"wi":130.83,"ei":9.99,"as":1301.44,"mi":"E","mv":3529976,"sc":7,"lpe":95.37,"lpr":2144.66,"lq":1.0,"d":14649834},{"pi":"422704","pc":"Топливо","ss":100000,"td":"","dc":1,"n":597.36,"vc":"164531","sl":"","sv":"2202","p":12800.0,"q":16.86,"b":4.16,"ms":0.06,"wi":130.83,"ei":9.99,"as":1301.44,"mi":"E","mv":3529976,"sc":7,"lpe":95.37,"lpr":2144.66,"lq":1.0,"d":14649834},{"pi":"422704","pc":"Топливо","ss":100000,"td":"","dc":1,"n":292.71,"vc":"28684","sl":"","sv":"1000","p":16000.0,"q":10.58,"b":0.0,"ms":0.03,"wi":130.83,"ei":9.99,"as":1301.44,"mi":"E","mv":3529976,"sc":7,"lpe":95.37,"lpr":2144.66,"lq":1.0,"d":14649834},{"pi":"422704","pc":"Топливо","ss":3000,"td":"","dc":1,"n":170.43,"vc":"381","sl":"","sv":"152","p":8825.65,"q":17.83,"b":0.0,"ms":0.0,"wi":130.83,"ei":9.99,"as":1301.44,"mi":"E","mv":3529976,"sc":7,"lpe":95.37,"lpr":2144.66,"lq":1.0,"d":14649834},{"pi":"422704","pc":"Топливо","ss":3000,"td":"","dc":1,"n":133.17,"vc":"208","sl":"","sv":"22","p":3500.0,"q":9.95,"b":0.82,"ms":0.0,"wi":130.83,"ei":9.99,"as":1301.44,"mi":"E","mv":3529976,"sc":7,"lpe":95.37,"lpr":2144.66,"lq":1.0,"d":14649834},{"pi":"422704","pc":"Топливо","ss":10000,"td":"","dc":1,"n":510.76,"vc":"2111","sl":"","sv":"486","p":20000.0,"q":19.55,"b":1.2,"ms":0.4,"wi":162.24,"ei":9.34,"as":930.8,"mi":"E","mv":121709,"sc":2,"lpe":99.47,"lpr":2488.79,"lq":1.0,"d":1470222},{"pi":"422704","pc":"Топливо","ss":10000,"td":"","dc":1,"n":196.63,"vc":"399","sl":"","sv":"160","p":14000.0,"q":11.4,"b":0.0,"ms":0.13,"wi":162.24,"ei":9.34,"as":930.8,"mi":"E","mv":121709,"sc":2,"lpe":99.47,"lpr":2488.79,"lq":1.0,"d":1470222},{"pi":"422704","pc":"Топливо","ss":1000,"td":"","dc":1,"n":108.1,"vc":"106","sl":"","sv":"1500","p":3000.0,"q":12.72,"b":0.0,"ms":3.67,"wi":56.04,"ei":4.2,"as":229.73,"mi":"E","mv":40914,"sc":1,"lpe":96.33,"lpr":1891.95,"lq":1.0,"d":644489},{"pi":"422704","pc":"Топливо","ss":5000,"td":"","dc":1,"n":538.12,"vc":"2888","sl":"","sv":"2853","p":20000.0,"q":10.58,"b":0.0,"ms":9.53,"wi":162.72,"ei":7.14,"as":518.83,"mi":"E","mv":29948,"sc":2,"lpe":88.47,"lpr":3561.76,"lq":1.45,"d":219018},{"pi":"422704","pc":"Топливо","ss":3000,"td":"","dc":1,"n":408.61,"vc":"1206","sl":"","sv":"600","p":15000.0,"q":17.86,"b":0.0,"ms":2.0,"wi":162.72,"ei":7.14,"as":518.83,"mi":"E","mv":29948,"sc":2,"lpe":88.47,"lpr":3561.76,"lq":1.45,"d":219018},{"pi":"422704","pc":"Топливо","ss":3000,"td":"","dc":1,"n":238.82,"vc":"660","sl":"","sv":"2000","p":8000.0,"q":10.58,"b":0.0,"ms":8.36,"wi":47.01,"ei":5.75,"as":625.33,"mi":"E","mv":23921,"sc":1,"lpe":91.64,"lpr":2326.78,"lq":1.0,"d":735598},{"pi":"422704","pc":"Топливо","ss":5000,"td":"","dc":1,"n":418.49,"vc":"2889","sl":"","sv":"24636","p":20000.0,"q":10.58,"b":0.0,"ms":14.8,"wi":182.64,"ei":7.14,"as":561.83,"mi":"E","mv":166505,"sc":3,"lpe":84.32,"lpr":4833.68,"lq":1.21,"d":908124},{"pi":"422704","pc":"Топливо","ss":1000,"td":"","dc":1,"n":25.25,"vc":"69","sl":"","sv":"1366","p":14655.0,"q":10.58,"b":0.0,"ms":0.82,"wi":182.64,"ei":7.14,"as":561.83,"mi":"E","mv":166505,"sc":3,"lpe":84.32,"lpr":4833.68,"lq":1.21,"d":908124},{"pi":"422704","pc":"Топливо","ss":2000,"td":"","dc":1,"n":321.37,"vc":"679","sl":"","sv":"100","p":12000.0,"q":10.58,"b":0.0,"ms":0.06,"wi":182.64,"ei":7.14,"as":561.83,"mi":"E","mv":166505,"sc":3,"lpe":84.32,"lpr":4833.68,"lq":1.21,"d":908124},{"pi":"422704","pc":"Топливо","ss":10000,"td":"","dc":1,"n":689.44,"vc":"29120","sl":"","sv":"3355","p":9475.0,"q":33.22,"b":0.0,"ms":10.28,"wi":76.94,"ei":17.35,"as":488.25,"mi":"E","mv":32633,"sc":1,"lpe":89.72,"lpr":1068.24,"lq":1.88,"d":619679},{"pi":"422704","pc":"Топливо","ss":190000,"td":"","dc":1,"n":552.76,"vc":"127093","sl":"","sv":"10000","p":11750.0,"q":33.22,"b":0.24,"ms":1.93,"wi":70.45,"ei":5.57,"as":417.65,"mi":"E","mv":518022,"sc":1,"lpe":98.07,"lpr":1270.42,"lq":1.0,"d":2155710},{"pi":"422704","pc":"Топливо","ss":10000,"td":"","dc":1,"n":489.8,"vc":"6025","sl":"","sv":"1000","p":9999.99,"q":16.1,"b":0.0,"ms":1.73,"wi":63.09,"ei":6.79,"as":604.49,"mi":"E","mv":57881,"sc":1,"lpe":98.27,"lpr":2388.31,"lq":1.0,"d":985116},{"pi":"422704","pc":"Топливо","ss":10000,"td":"","dc":1,"n":434.98,"vc":"2072","sl":"","sv":"596","p":10000.0,"q":19.26,"b":1.38,"ms":0.27,"wi":125.62,"ei":10.15,"as":963.22,"mi":"E","mv":218243,"sc":1,"lpe":99.73,"lpr":1438.44,"lq":1.0,"d":1161098},{"pi":"422704","pc":"Топливо","ss":10000,"td":"","dc":1,"n":493.28,"vc":"7895","sl":"","sv":"2729","p":10499.99,"q":14.9,"b":0.0,"ms":5.5,"wi":110.7,"ei":8.09,"as":1137.21,"mi":"E","mv":49611,"sc":1,"lpe":94.5,"lpr":1474.82,"lq":1.0,"d":482750},{"pi":"422704","pc":"Топливо","ss":100000,"td":"","dc":1,"n":623.2,"vc":"194365","sl":"","sv":"5000","p":13999.0,"q":18.72,"b":4.66,"ms":0.55,"wi":83.74,"ei":7.13,"as":439.98,"mi":"E","mv":912730,"sc":1,"lpe":99.45,"lpr":1495.57,"lq":1.0,"d":2742310},{"pi":"422704","pc":"Топливо","ss":15000,"td":"","dc":1,"n":663.94,"vc":"14545","sl":"","sv":"103208","p":5000.0,"q":19.25,"b":6.36,"ms":21.23,"wi":113.04,"ei":8.54,"as":476.48,"mi":"E","mv":486166,"sc":1,"lpe":78.77,"lpr":815.89,"lq":1.57,"d":1376961},{"pi":"422704","pc":"Топливо","ss":30000,"td":"","dc":1,"n":688.28,"vc":"94513","sl":"","sv":"23664","p":5052.0,"q":33.21,"b":0.0,"ms":20.48,"wi":164.15,"ei":6.07,"as":325.78,"mi":"E","mv":115525,"sc":1,"lpe":79.52,"lpr":613.34,"lq":1.49,"d":1280639},{"pi":"422704","pc":"Топливо","ss":30000,"td":"","dc":1,"n":693.08,"vc":"88875","sl":"","sv":"10241","p":8300.0,"q":19.25,"b":6.86,"ms":9.73,"wi":91.49,"ei":7.48,"as":371.94,"mi":"E","mv":105256,"sc":1,"lpe":90.27,"lpr":860.99,"lq":1.0,"d":316176},{"pi":"422704","pc":"Топливо","ss":30000,"td":"","dc":1,"n":691.64,"vc":"59224","sl":"","sv":"3241","p":9500.0,"q":19.08,"b":6.86,"ms":8.65,"wi":68.74,"ei":8.84,"as":495.19,"mi":"E","mv":37476,"sc":1,"lpe":91.35,"lpr":952.03,"lq":1.0,"d":574400},{"pi":"422704","pc":"Топливо","ss":100000,"td":"","dc":1,"n":342.24,"vc":"38140","sl":"","sv":"111158","p":8000.0,"q":13.57,"b":0.0,"ms":5.04,"wi":133.84,"ei":10.12,"as":1138.38,"mi":"E","mv":2205983,"sc":3,"lpe":94.71,"lpr":1487.64,"lq":1.0,"d":7087010},{"pi":"422704","pc":"Топливо","ss":100000,"td":"","dc":1,"n":550.87,"vc":"132578","sl":"","sv":"5000","p":12999.0,"q":18.72,"b":4.57,"ms":0.23,"wi":133.84,"ei":10.12,"as":1138.38,"mi":"E","mv":2205983,"sc":3,"lpe":94.71,"lpr":1487.64,"lq":1.0,"d":7087010},{"pi":"422704","pc":"Топливо","ss":3000,"td":"","dc":1,"n":205.26,"vc":"456","sl":"","sv":"553","p":10215.68,"q":17.65,"b":0.51,"ms":0.03,"wi":133.84,"ei":10.12,"as":1138.38,"mi":"E","mv":2205983,"sc":3,"lpe":94.71,"lpr":1487.64,"lq":1.0,"d":7087010},{"pi":"422704","pc":"Топливо","ss":30000,"td":"","dc":1,"n":626.43,"vc":"19141","sl":"","sv":"15000","p":8000.0,"q":19.25,"b":4.9,"ms":2.4,"wi":150.46,"ei":9.22,"as":844.62,"mi":"E","mv":624479,"sc":4,"lpe":94.24,"lpr":2374.34,"lq":1.0,"d":2224798},{"pi":"422704","pc":"Топливо","ss":10000,"td":"","dc":1,"n":446.02,"vc":"2092","sl":"","sv":"7485","p":11999.99,"q":15.98,"b":0.0,"ms":1.2,"wi":150.46,"ei":9.22,"as":844.62,"mi":"E","mv":624479,"sc":4,"lpe":94.24,"lpr":2374.34,"lq":1.0,"d":2224798},{"pi":"422704","pc":"Топливо","ss":100000,"td":"","dc":1,"n":406.82,"vc":"19169","sl":"","sv":"6976","p":14000.0,"q":9.68,"b":0.0,"ms":1.12,"wi":150.46,"ei":9.22,"as":844.62,"mi":"E","mv":624479,"sc":4,"lpe":94.24,"lpr":2374.34,"lq":1.0,"d":2224798},{"pi":"422704","pc":"Топливо","ss":45000,"td":"","dc":1,"n":625.39,"vc":"29595","sl":"","sv":"6479","p":20000.0,"q":24.38,"b":0.1,"ms":1.04,"wi":150.46,"ei":9.22,"as":844.62,"mi":"E","mv":624479,"sc":4,"lpe":94.24,"lpr":2374.34,"lq":1.0,"d":2224798},{"pi":"422704","pc":"Топливо","ss":100000,"td":"","dc":1,"n":685.64,"vc":"122582","sl":"","sv":"75001","p":16870.0,"q":33.21,"b":5.58,"ms":10.04,"wi":272.68,"ei":8.68,"as":904.39,"mi":"E","mv":747218,"sc":2,"lpe":89.81,"lpr":2011.4,"lq":3.36,"d":2542664},{"pi":"422704","pc":"Топливо","ss":30000,"td":"","dc":1,"n":490.47,"vc":"10528","sl":"","sv":"1153","p":15999.99,"q":15.91,"b":0.0,"ms":0.15,"wi":272.68,"ei":8.68,"as":904.39,"mi":"E","mv":747218,"sc":2,"lpe":89.81,"lpr":2011.4,"lq":3.36,"d":2542664},{"pi":"422704","pc":"Топливо","ss":10000,"td":"","dc":1,"n":639.03,"vc":"15881","sl":"","sv":"11448","p":6268.0,"q":33.21,"b":0.99,"ms":18.15,"wi":112.91,"ei":10.64,"as":458.14,"mi":"E","mv":63087,"sc":1,"lpe":81.85,"lpr":804.76,"lq":1.73,"d":698386},{"pi":"422704","pc":"Топливо","ss":130000,"td":"","dc":1,"n":664.05,"vc":"21601","sl":"","sv":"47808","p":6500.0,"q":28.86,"b":5.27,"ms":11.96,"wi":158.19,"ei":10.48,"as":1309.04,"mi":"E","mv":399799,"sc":1,"lpe":88.04,"lpr":2229.88,"lq":4.3,"d":1310736},{"pi":"422704","pc":"Топливо","ss":3000,"td":"","dc":1,"n":480.63,"vc":"628","sl":"","sv":"5362","p":3600.0,"q":24.54,"b":2.0,"ms":13.37,"wi":21.88,"ei":9.99,"as":710.32,"mi":"E","mv":40119,"sc":1,"lpe":86.63,"lpr":636.76,"lq":1.31,"d":1579154},{"pi":"422704","pc":"Топливо","ss":1000000,"td":"","dc":1,"n":738.25,"vc":"440639","sl":"","sv":"120591","p":5555.55,"q":28.77,"b":9.67,"ms":32.02,"wi":151.36,"ei":8.51,"as":542.28,"mi":"E","mv":376578,"sc":1,"lpe":67.98,"lpr":616.2,"lq":6.5,"d":1193148},{"pi":"422704","pc":"Топливо","ss":7000,"td":"","dc":1,"n":298.8,"vc":"157","sl":"","sv":"107","p":6945.0,"q":15.96,"b":0.02,"ms":0.23,"wi":13.8,"ei":9.68,"as":406.02,"mi":"E","mv":46063,"sc":1,"lpe":99.77,"lpr":1110.49,"lq":1.0,"d":2964742},{"pi":"422704","pc":"Топливо","ss":30000,"td":"","dc":1,"n":688.17,"vc":"27515","sl":"","sv":"6000","p":23560.0,"q":33.21,"b":2.68,"ms":10.25,"wi":129.94,"ei":9.88,"as":658.88,"mi":"E","mv":58562,"sc":1,"lpe":89.75,"lpr":3306.76,"lq":5.47,"d":1206606},{"pi":"422704","pc":"Топливо","ss":100000,"td":"","dc":1,"n":682.93,"vc":"111394","sl":"","sv":"75915","p":9604.0,"q":33.21,"b":1.36,"ms":10.13,"wi":162.53,"ei":11.17,"as":696.76,"mi":"E","mv":749776,"sc":1,"lpe":89.87,"lpr":1246.26,"lq":1.97,"d":2856570},{"pi":"422704","pc":"Топливо","ss":30000,"td":"","dc":1,"n":587.85,"vc":"36647","sl":"","sv":"5778","p":14610.0,"q":33.22,"b":2.38,"ms":3.62,"wi":106.33,"ei":8.51,"as":544.68,"mi":"E","mv":159653,"sc":1,"lpe":96.38,"lpr":1549.67,"lq":1.0,"d":1353480},{"pi":"422704","pc":"Топливо","ss":3000,"td":"","dc":1,"n":276.9,"vc":"702","sl":"","sv":"50","p":15000.0,"q":10.58,"b":0.0,"ms":0.01,"wi":120.36,"ei":11.52,"as":869.1,"mi":"E","mv":637669,"sc":1,"lpe":99.99,"lpr":3394.91,"lq":1.0,"d":3343500},{"pi":"422704","pc":"Топливо","ss":30000,"td":"","dc":1,"n":692.29,"vc":"11571","sl":"","sv":"9334","p":15640.0,"q":33.21,"b":5.58,"ms":7.5,"wi":154.33,"ei":6.46,"as":432.7,"mi":"E","mv":124382,"sc":1,"lpe":92.5,"lpr":1917.03,"lq":1.03,"d":599680},{"pi":"422704","pc":"Топливо","ss":3000,"td":"","dc":1,"n":654.6,"vc":"2402","sl":"","sv":"5000","p":9128.0,"q":33.22,"b":0.6,"ms":3.24,"wi":198.82,"ei":6.75,"as":373.54,"mi":"E","mv":154121,"sc":1,"lpe":96.76,"lpr":1476.62,"lq":1.0,"d":571802},{"pi":"422704","pc":"Топливо","ss":100000,"td":"","dc":1,"n":667.57,"vc":"203083","sl":"","sv":"52799","p":11500.0,"q":11.49,"b":0.2,"ms":3.19,"wi":97.4,"ei":7.67,"as":500.44,"mi":"E","mv":1654637,"sc":4,"lpe":95.73,"lpr":1625.53,"lq":1.0,"d":9120796},{"pi":"422704","pc":"Топливо","ss":30000,"td":"","dc":1,"n":388.99,"vc":"10787","sl":"","sv":"10000","p":8199.99,"q":16.1,"b":0.0,"ms":0.6,"wi":97.4,"ei":7.67,"as":500.44,"mi":"E","mv":1654637,"sc":4,"lpe":95.73,"lpr":1625.53,"lq":1.0,"d":9120796},{"pi":"422704","pc":"Топливо","ss":45000,"td":"","dc":1,"n":615.4,"vc":"62320","sl":"","sv":"6821","p":15000.0,"q":19.96,"b":2.22,"ms":0.41,"wi":97.4,"ei":7.67,"as":500.44,"mi":"E","mv":1654637,"sc":4,"lpe":95.73,"lpr":1625.53,"lq":1.0,"d":9120796},{"pi":"422704","pc":"Топливо","ss":100000,"td":"","dc":1,"n":338.45,"vc":"28448","sl":"","sv":"1000","p":11000.0,"q":10.58,"b":0.0,"ms":0.06,"wi":97.4,"ei":7.67,"as":500.44,"mi":"E","mv":1654637,"sc":4,"lpe":95.73,"lpr":1625.53,"lq":1.0,"d":9120796},{"pi":"422704","pc":"Топливо","ss":100000,"td":"","dc":1,"n":438.31,"vc":"31025","sl":"","sv":"16981","p":11000.0,"q":14.7,"b":0.0,"ms":4.25,"wi":128.49,"ei":11.47,"as":1034.0,"mi":"E","mv":399237,"sc":1,"lpe":95.75,"lpr":1619.62,"lq":1.0,"d":1195907},{"pi":"422704","pc":"Топливо","ss":10000,"td":"","dc":1,"n":696.11,"vc":"8171","sl":"","sv":"8944","p":10560.0,"q":33.21,"b":8.82,"ms":4.1,"wi":173.49,"ei":6.56,"as":364.0,"mi":"E","mv":218081,"sc":1,"lpe":95.9,"lpr":1291.68,"lq":1.0,"d":668814},{"pi":"422704","pc":"Топливо","ss":300000,"td":"","dc":1,"n":640.31,"vc":"907384","sl":"","sv":"55031","p":18000.0,"q":27.3,"b":4.71,"ms":2.08,"wi":93.19,"ei":7.44,"as":591.34,"mi":"E","mv":2643458,"sc":1,"lpe":97.92,"lpr":1777.95,"lq":1.0,"d":12407402},{"pi":"422704","pc":"Топливо","ss":10000,"td":"","dc":1,"n":557.57,"vc":"4598","sl":"","sv":"1","p":14999.99,"q":16.1,"b":0.0,"ms":0.01,"wi":61.59,"ei":8.15,"as":448.96,"mi":"E","mv":13450,"sc":1,"lpe":99.99,"lpr":3067.66,"lq":1.0,"d":270627},{"pi":"422704","pc":"Топливо","ss":30000,"td":"","dc":1,"n":655.22,"vc":"17161","sl":"","sv":"900","p":9000.0,"q":15.04,"b":0.0,"ms":4.79,"wi":68.68,"ei":5.05,"as":314.47,"mi":"E","mv":18790,"sc":1,"lpe":95.21,"lpr":1084.91,"lq":1.0,"d":165607},{"pi":"422704","pc":"Топливо","ss":3000,"td":"","dc":1,"n":690.59,"vc":"658","sl":"","sv":"4000","p":5775.0,"q":33.22,"b":0.0,"ms":10.37,"wi":184.51,"ei":7.22,"as":1771.33,"mi":"E","mv":38588,"sc":1,"lpe":89.63,"lpr":1070.17,"lq":1.3,"d":207917},{"pi":"422704","pc":"Топливо","ss":100000,"td":"","dc":1,"n":600.97,"vc":"32211","sl":"","sv":"12341","p":8000.0,"q":22.36,"b":0.0,"ms":5.45,"wi":127.0,"ei":8.69,"as":572.25,"mi":"E","mv":226243,"sc":2,"lpe":90.68,"lpr":1086.17,"lq":1.0,"d":1063618},{"pi":"422704","pc":"Топливо","ss":30000,"td":"","dc":1,"n":606.3,"vc":"9068","sl":"","sv":"8747","p":7702.0,"q":33.21,"b":0.0,"ms":3.87,"wi":127.0,"ei":8.69,"as":572.25,"mi":"E","mv":226243,"sc":2,"lpe":90.68,"lpr":1086.17,"lq":1.0,"d":1063618},{"pi":"422704","pc":"Топливо","ss":300000,"td":"","dc":1,"n":686.6,"vc":"135307","sl":"","sv":"38978","p":5050.5,"q":28.77,"b":4.06,"ms":37.04,"wi":111.51,"ei":21.28,"as":1468.66,"mi":"E","mv":105229,"sc":2,"lpe":60.2,"lpr":757.41,"lq":20.17,"d":1378830},{"pi":"422704","pc":"Топливо","ss":10000,"td":"","dc":1,"n":582.7,"vc":"1865","sl":"","sv":"2901","p":5062.0,"q":33.21,"b":2.05,"ms":2.76,"wi":111.51,"ei":21.28,"as":1468.66,"mi":"E","mv":105229,"sc":2,"lpe":60.2,"lpr":757.41,"lq":20.17,"d":1378830},{"pi":"422704","pc":"Топливо","ss":10000,"td":"","dc":1,"n":692.45,"vc":"6270","sl":"","sv":"2500","p":9000.0,"q":33.22,"b":6.57,"ms":10.18,"wi":166.7,"ei":7.49,"as":1385.34,"mi":"E","mv":24552,"sc":3,"lpe":85.92,"lpr":1101.34,"lq":2.64,"d":232843},{"pi":"422704","pc":"Топливо","ss":30000,"td":"","dc":1,"n":586.47,"vc":"11332","sl":"","sv":"652","p":9000.0,"q":14.98,"b":0.0,"ms":2.66,"wi":166.7,"ei":7.49,"as":1385.34,"mi":"E","mv":24552,"sc":3,"lpe":85.92,"lpr":1101.34,"lq":2.64,"d":232843},{"pi":"422704","pc":"Топливо","ss":10000,"td":"","dc":1,"n":549.76,"vc":"2803","sl":"","sv":"306","p":8643.33,"q":15.08,"b":0.0,"ms":1.25,"wi":166.7,"ei":7.49,"as":1385.34,"mi":"E","mv":24552,"sc":3,"lpe":85.92,"lpr":1101.34,"lq":2.64,"d":232843},{"pi":"422704","pc":"Топливо","ss":3000,"td":"","dc":1,"n":480.81,"vc":"1385","sl":"","sv":"3108","p":10899.99,"q":15.73,"b":0.0,"ms":15.28,"wi":94.64,"ei":7.4,"as":507.89,"mi":"E","mv":20344,"sc":1,"lpe":84.72,"lpr":1883.64,"lq":2.39,"d":577518},{"pi":"422704","pc":"Топливо","ss":30000,"td":"","dc":1,"n":685.93,"vc":"34773","sl":"","sv":"3806","p":14000.0,"q":26.48,"b":5.14,"ms":7.07,"wi":149.02,"ei":6.26,"as":1035.1,"mi":"E","mv":53844,"sc":1,"lpe":92.93,"lpr":1422.53,"lq":1.0,"d":771690},{"pi":"422704","pc":"Топливо","ss":30000,"td":"","dc":1,"n":688.51,"vc":"14987","sl":"","sv":"4543","p":10430.0,"q":33.22,"b":0.0,"ms":2.7,"wi":107.53,"ei":6.35,"as":410.48,"mi":"E","mv":168024,"sc":1,"lpe":97.3,"lpr":1267.05,"lq":1.0,"d":1084071},{"pi":"422704","pc":"Топливо","ss":30000,"td":"","dc":1,"n":680.75,"vc":"18236","sl":"","sv":"14709","p":14410.0,"q":33.21,"b":0.26,"ms":15.98,"wi":103.47,"ei":10.86,"as":552.15,"mi":"E","mv":92072,"sc":1,"lpe":84.02,"lpr":1971.55,"lq":4.09,"d":1422751},{"pi":"422704","pc":"Топливо","ss":10000,"td":"","dc":1,"n":685.73,"vc":"2384","sl":"","sv":"8241","p":7769.0,"q":33.22,"b":1.78,"ms":17.34,"wi":178.26,"ei":7.96,"as":1488.07,"mi":"E","mv":47519,"sc":1,"lpe":82.66,"lpr":1145.55,"lq":2.86,"d":331256},{"pi":"422704","pc":"Топливо","ss":100000,"td":"","dc":1,"n":426.53,"vc":"21639","sl":"","sv":"1000","p":13999.99,"q":10.58,"b":0.0,"ms":0.23,"wi":165.4,"ei":7.13,"as":2149.24,"mi":"E","mv":425674,"sc":1,"lpe":99.77,"lpr":4511.3,"lq":1.0,"d":1406244},{"pi":"422704","pc":"Топливо","ss":10000,"td":"","dc":1,"n":475.03,"vc":"3258","sl":"","sv":"4544","p":14000.0,"q":17.38,"b":0.0,"ms":14.08,"wi":84.7,"ei":9.76,"as":655.05,"mi":"E","mv":32279,"sc":1,"lpe":85.92,"lpr":2334.3,"lq":3.49,"d":1001578},{"pi":"422704","pc":"Топливо","ss":10000,"td":"","dc":1,"n":685.86,"vc":"2627","sl":"","sv":"7416","p":8458.0,"q":33.21,"b":0.0,"ms":7.91,"wi":139.43,"ei":9.42,"as":1504.15,"mi":"E","mv":93735,"sc":1,"lpe":92.09,"lpr":1370.48,"lq":1.0,"d":320966},{"pi":"422704","pc":"Топливо","ss":10000,"td":"","dc":1,"n":690.44,"vc":"29285","sl":"","sv":"7000","p":9212.0,"q":33.21,"b":1.67,"ms":11.74,"wi":67.52,"ei":7.68,"as":308.05,"mi":"E","mv":59634,"sc":1,"lpe":88.26,"lpr":1039.45,"lq":1.12,"d":555681},{"pi":"422704","pc":"Топливо","ss":10000,"td":"","dc":1,"n":685.89,"vc":"27897","sl":"","sv":"6000","p":8419.0,"q":33.21,"b":0.0,"ms":11.81,"wi":74.41,"ei":6.08,"as":519.81,"mi":"E","mv":50809,"sc":1,"lpe":88.19,"lpr":993.62,"lq":1.08,"d":554424},{"pi":"422704","pc":"Топливо","ss":10000,"td":"","dc":1,"n":688.94,"vc":"28520","sl":"","sv":"14787","p":9264.0,"q":33.21,"b":0.42,"ms":24.42,"wi":110.31,"ei":6.71,"as":548.24,"mi":"E","mv":60558,"sc":1,"lpe":75.58,"lpr":1149.38,"lq":3.16,"d":414752},{"pi":"422704","pc":"Топливо","ss":10000,"td":"","dc":1,"n":689.28,"vc":"11094","sl":"","sv":"6054","p":6633.0,"q":33.21,"b":0.23,"ms":6.92,"wi":119.01,"ei":6.86,"as":563.33,"mi":"E","mv":87425,"sc":2,"lpe":88.27,"lpr":835.35,"lq":1.6,"d":255191},{"pi":"422704","pc":"Топливо","ss":30000,"td":"","dc":1,"n":695.26,"vc":"38358","sl":"","sv":"4199","p":8000.0,"q":19.27,"b":5.59,"ms":4.8,"wi":119.01,"ei":6.86,"as":563.33,"mi":"E","mv":87425,"sc":2,"lpe":88.27,"lpr":835.35,"lq":1.6,"d":255191},{"pi":"422704","pc":"Топливо","ss":35000,"td":"","dc":1,"n":689.65,"vc":"68371","sl":"","sv":"22453","p":8000.0,"q":25.62,"b":5.59,"ms":15.99,"wi":132.83,"ei":7.91,"as":562.12,"mi":"E","mv":140417,"sc":1,"lpe":84.01,"lpr":910.45,"lq":2.36,"d":459675},{"pi":"422704","pc":"Топливо","ss":60000,"td":"","dc":1,"n":686.14,"vc":"22726","sl":"","sv":"39804","p":6000.0,"q":21.38,"b":5.59,"ms":26.56,"wi":154.13,"ei":11.52,"as":2054.36,"mi":"E","mv":149883,"sc":2,"lpe":66.35,"lpr":855.82,"lq":6.62,"d":503226},{"pi":"422704","pc":"Топливо","ss":10000,"td":"","dc":1,"n":664.62,"vc":"2816","sl":"","sv":"10631","p":5313.0,"q":33.21,"b":0.24,"ms":7.09,"wi":154.13,"ei":11.52,"as":2054.36,"mi":"E","mv":149883,"sc":2,"lpe":66.35,"lpr":855.82,"lq":6.62,"d":503226},{"pi":"422704","pc":"Топливо","ss":3000,"td":"","dc":1,"n":600.86,"vc":"4784","sl":"","sv":"6615","p":10510.0,"q":33.22,"b":0.01,"ms":31.16,"wi":133.02,"ei":7.62,"as":987.11,"mi":"E","mv":21226,"sc":1,"lpe":68.84,"lpr":1505.83,"lq":4.1,"d":372511},{"pi":"422704","pc":"Топливо","ss":60000,"td":"","dc":1,"n":696.86,"vc":"45068","sl":"","sv":"9867","p":7500.0,"q":22.33,"b":5.59,"ms":14.9,"wi":132.5,"ei":6.93,"as":721.65,"mi":"E","mv":66208,"sc":1,"lpe":85.1,"lpr":825.28,"lq":1.49,"d":217361},{"pi":"422704","pc":"Топливо","ss":55000,"td":"","dc":1,"n":691.88,"vc":"59014","sl":"","sv":"16150","p":7500.0,"q":26.43,"b":5.59,"ms":14.51,"wi":85.82,"ei":6.69,"as":484.3,"mi":"E","mv":111274,"sc":1,"lpe":85.49,"lpr":823.42,"lq":1.64,"d":422376},{"pi":"422704","pc":"Топливо","ss":10000,"td":"","dc":1,"n":636.79,"vc":"5950","sl":"","sv":"1000","p":9000.0,"q":12.52,"b":0.0,"ms":5.02,"wi":67.0,"ei":9.33,"as":237.09,"mi":"E","mv":19912,"sc":2,"lpe":91.72,"lpr":1504.83,"lq":1.0,"d":428914},{"pi":"422704","pc":"Топливо","ss":3000,"td":"","dc":1,"n":565.89,"vc":"1208","sl":"","sv":"649","p":10000.0,"q":14.29,"b":0.0,"ms":3.26,"wi":67.0,"ei":9.33,"as":237.09,"mi":"E","mv":19912,"sc":2,"lpe":91.72,"lpr":1504.83,"lq":1.0,"d":428914},{"pi":"422704","pc":"Топливо","ss":10000,"td":"","dc":1,"n":333.07,"vc":"453","sl":"","sv":"2752","p":14000.0,"q":10.69,"b":0.0,"ms":7.42,"wi":170.65,"ei":9.2,"as":773.91,"mi":"E","mv":37108,"sc":1,"lpe":92.58,"lpr":3954.82,"lq":1.0,"d":343754},{"pi":"422704","pc":"Топливо","ss":60000,"td":"","dc":1,"n":684.4,"vc":"55645","sl":"","sv":"16030","p":10000.0,"q":26.43,"b":5.59,"ms":9.17,"wi":311.9,"ei":6.0,"as":534.76,"mi":"E","mv":174755,"sc":1,"lpe":90.83,"lpr":1102.06,"lq":1.1,"d":605523},{"pi":"422704","pc":"Топливо","ss":100000,"td":"","dc":1,"n":480.8,"vc":"17382","sl":"","sv":"5007","p":14000.0,"q":19.05,"b":0.0,"ms":2.44,"wi":168.6,"ei":9.86,"as":985.77,"mi":"E","mv":205513,"sc":1,"lpe":97.56,"lpr":1999.28,"lq":1.0,"d":632544},{"pi":"422704","pc":"Топливо","ss":50000,"td":"","dc":1,"n":360.35,"vc":"14431","sl":"","sv":"20786","p":20000.0,"q":25.25,"b":6.66,"ms":1.79,"wi":107.91,"ei":9.57,"as":960.1,"mi":"E","mv":1163747,"sc":3,"lpe":97.2,"lpr":2632.3,"lq":1.0,"d":3814070},{"pi":"422704","pc":"Топливо","ss":45000,"td":"","dc":1,"n":410.4,"vc":"17317","sl":"","sv":"7582","p":20000.0,"q":21.65,"b":0.0,"ms":0.65,"wi":107.91,"ei":9.57,"as":960.1,"mi":"E","mv":1163747,"sc":3,"lpe":97.2,"lpr":2632.3,"lq":1.0,"d":3814070},{"pi":"422704","pc":"Топливо","ss":3000,"td":"","dc":1,"n":238.31,"vc":"385","sl":"","sv":"4193","p":13015.36,"q":17.24,"b":0.83,"ms":0.36,"wi":107.91,"ei":9.57,"as":960.1,"mi":"E","mv":1163747,"sc":3,"lpe":97.2,"lpr":2632.3,"lq":1.0,"d":3814070},{"pi":"422704","pc":"Топливо","ss":200000,"td":"","dc":1,"n":435.9,"vc":"27054","sl":"","sv":"16288","p":12500.0,"q":19.05,"b":0.0,"ms":9.42,"wi":132.74,"ei":8.33,"as":566.9,"mi":"E","mv":172824,"sc":1,"lpe":90.58,"lpr":2221.99,"lq":3.43,"d":1063396},{"pi":"422704","pc":"Топливо","ss":10000,"td":"","dc":1,"n":558.63,"vc":"2988","sl":"","sv":"1205","p":14999.99,"q":16.85,"b":0.0,"ms":5.22,"wi":115.33,"ei":9.03,"as":950.0,"mi":"E","mv":23104,"sc":2,"lpe":94.66,"lpr":2349.02,"lq":1.0,"d":295016},{"pi":"422704","pc":"Топливо","ss":10000,"td":"","dc":1,"n":259.58,"vc":"553","sl":"","sv":"28","p":15000.0,"q":10.74,"b":0.0,"ms":0.12,"wi":115.33,"ei":9.03,"as":950.0,"mi":"E","mv":23104,"sc":2,"lpe":94.66,"lpr":2349.02,"lq":1.0,"d":295016},{"pi":"422704","pc":"Топливо","ss":10000,"td":"","dc":1,"n":568.61,"vc":"12128","sl":"","sv":"3319","p":15000.0,"q":17.17,"b":0.0,"ms":4.26,"wi":139.54,"ei":6.7,"as":342.07,"mi":"E","mv":77961,"sc":1,"lpe":95.74,"lpr":2103.46,"lq":1.0,"d":924775},{"pi":"422704","pc":"Топливо","ss":5000,"td":"","dc":1,"n":462.52,"vc":"3095","sl":"","sv":"1288","p":17800.0,"q":13.05,"b":0.17,"ms":9.01,"wi":64.08,"ei":12.18,"as":391.38,"mi":"E","mv":14302,"sc":1,"lpe":90.99,"lpr":2535.39,"lq":1.09,"d":643918},{"pi":"422704","pc":"Топливо","ss":30000,"td":"","dc":1,"n":363.16,"vc":"3557","sl":"","sv":"4541","p":6000.0,"q":12.22,"b":3.52,"ms":6.96,"wi":87.11,"ei":6.21,"as":580.52,"mi":"E","mv":65283,"sc":1,"lpe":93.04,"lpr":1217.41,"lq":1.0,"d":1119460},{"pi":"422704","pc":"Топливо","ss":20000,"td":"","dc":1,"n":446.28,"vc":"1972","sl":"","sv":"26191","p":5500.0,"q":19.55,"b":3.47,"ms":22.54,"wi":999.0,"ei":8.98,"as":630.31,"mi":"E","mv":116220,"sc":1,"lpe":77.46,"lpr":1018.43,"lq":2.01,"d":2221948},{"pi":"422704","pc":"Топливо","ss":10000,"td":"","dc":1,"n":555.8,"vc":"1365","sl":"","sv":"786","p":15000.0,"q":16.98,"b":0.0,"ms":2.21,"wi":88.55,"ei":16.15,"as":947.56,"mi":"E","mv":35565,"sc":2,"lpe":97.75,"lpr":2092.59,"lq":1.0,"d":404519},{"pi":"422704","pc":"Топливо","ss":3000,"td":"","dc":1,"n":138.94,"vc":"39","sl":"","sv":"15","p":4000.0,"q":9.08,"b":0.17,"ms":0.04,"wi":88.55,"ei":16.15,"as":947.56,"mi":"E","mv":35565,"sc":2,"lpe":97.75,"lpr":2092.59,"lq":1.0,"d":404519},{"pi":"422704","pc":"Топливо","ss":10000,"td":"","dc":1,"n":660.2,"vc":"2499","sl":"","sv":"18141","p":9259.0,"q":33.21,"b":1.63,"ms":12.42,"wi":184.23,"ei":9.21,"as":493.25,"mi":"E","mv":146025,"sc":1,"lpe":87.58,"lpr":1507.88,"lq":3.14,"d":532426},{"pi":"422704","pc":"Топливо","ss":1000000,"td":"","dc":1,"n":136.69,"vc":"9782","sl":"","sv":"500000","p":4000.0,"q":25.38,"b":1.54,"ms":23.29,"wi":227.93,"ei":9.85,"as":6341.25,"mi":"E","mv":2147056,"sc":4,"lpe":64.92,"lpr":1914.04,"lq":1.69,"d":8998080},{"pi":"422704","pc":"Топливо","ss":30000,"td":"","dc":1,"n":542.22,"vc":"19063","sl":"","sv":"215985","p":9000.0,"q":20.74,"b":0.28,"ms":10.06,"wi":227.93,"ei":9.85,"as":6341.25,"mi":"E","mv":2147056,"sc":4,"lpe":64.92,"lpr":1914.04,"lq":1.69,"d":8998080},{"pi":"422704","pc":"Топливо","ss":100000,"td":"","dc":1,"n":654.41,"vc":"205407","sl":"","sv":"35503","p":17820.0,"q":33.21,"b":1.77,"ms":1.65,"wi":227.93,"ei":9.85,"as":6341.25,"mi":"E","mv":2147056,"sc":4,"lpe":64.92,"lpr":1914.04,"lq":1.69,"d":8998080},{"pi":"422704","pc":"Топливо","ss":10000,"td":"","dc":1,"n":455.45,"vc":"4850","sl":"","sv":"1765","p":15000.0,"q":19.54,"b":3.07,"ms":0.08,"wi":227.93,"ei":9.85,"as":6341.25,"mi":"E","mv":2147056,"sc":4,"lpe":64.92,"lpr":1914.04,"lq":1.69,"d":8998080},{"pi":"422704","pc":"Топливо","ss":3000,"td":"","dc":1,"n":609.87,"vc":"302","sl":"","sv":"922","p":7394.0,"q":33.22,"b":1.13,"ms":4.33,"wi":23.6,"ei":7.55,"as":604.8,"mi":"E","mv":21314,"sc":1,"lpe":95.67,"lpr":1087.05,"lq":1.0,"d":2005504},{"pi":"422704","pc":"Топливо","ss":10000,"td":"","dc":1,"n":358.47,"vc":"4247","sl":"","sv":"37890","p":5000.0,"q":20.05,"b":3.96,"ms":80.31,"wi":56.59,"ei":7.19,"as":344.44,"mi":"D","mv":47182,"sc":1,"lpe":19.69,"lpr":843.93,"lq":1.28,"d":508006},{"pi":"422704","pc":"Топливо","ss":5000,"td":"","dc":1,"n":501.01,"vc":"1039","sl":"","sv":"230","p":10999.99,"q":16.1,"b":0.0,"ms":5.21,"wi":27.89,"ei":8.02,"as":552.68,"mi":"E","mv":4411,"sc":1,"lpe":94.79,"lpr":3265.01,"lq":1.0,"d":1061363},{"pi":"422704","pc":"Топливо","ss":150000,"td":"","dc":1,"n":609.93,"vc":"124877","sl":"","sv":"5000","p":10999.0,"q":18.72,"b":4.72,"ms":0.8,"wi":107.3,"ei":8.94,"as":307.26,"mi":"E","mv":625027,"sc":2,"lpe":99.14,"lpr":1210.81,"lq":1.0,"d":3467021},{"pi":"422704","pc":"Топливо","ss":6000,"td":"","dc":1,"n":236.91,"vc":"506","sl":"","sv":"378","p":7890.0,"q":16.51,"b":0.0,"ms":0.06,"wi":107.3,"ei":8.94,"as":307.26,"mi":"E","mv":625027,"sc":2,"lpe":99.14,"lpr":1210.81,"lq":1.0,"d":3467021},{"pi":"422704","pc":"Топливо","ss":10000,"td":"","dc":1,"n":359.43,"vc":"1658","sl":"","sv":"150000","p":10000.0,"q":25.38,"b":5.18,"ms":32.82,"wi":194.23,"ei":10.4,"as":1210.0,"mi":"D","mv":457041,"sc":5,"lpe":37.03,"lpr":3403.34,"lq":3.03,"d":2958984},{"pi":"422704","pc":"Топливо","ss":20000,"td":"","dc":1,"n":327.12,"vc":"2853","sl":"","sv":"104444","p":15000.0,"q":19.77,"b":4.31,"ms":22.85,"wi":194.23,"ei":10.4,"as":1210.0,"mi":"D","mv":457041,"sc":5,"lpe":37.03,"lpr":3403.34,"lq":3.03,"d":2958984},{"pi":"422704","pc":"Топливо","ss":150000,"td":"","dc":1,"n":590.13,"vc":"114964","sl":"","sv":"31462","p":28990.0,"q":18.83,"b":3.61,"ms":6.88,"wi":194.23,"ei":10.4,"as":1210.0,"mi":"D","mv":457041,"sc":5,"lpe":37.03,"lpr":3403.34,"lq":3.03,"d":2958984},{"pi":"422704","pc":"Топливо","ss":10000,"td":"","dc":1,"n":481.69,"vc":"2974","sl":"","sv":"1302","p":25000.0,"q":19.55,"b":1.69,"ms":0.28,"wi":194.23,"ei":10.4,"as":1210.0,"mi":"D","mv":457041,"sc":5,"lpe":37.03,"lpr":3403.34,"lq":3.03,"d":2958984},{"pi":"422704","pc":"Топливо","ss":10000,"td":"","dc":1,"n":161.2,"vc":"542","sl":"","sv":"591","p":15000.0,"q":11.24,"b":0.0,"ms":0.13,"wi":194.23,"ei":10.4,"as":1210.0,"mi":"D","mv":457041,"sc":5,"lpe":37.03,"lpr":3403.34,"lq":3.03,"d":2958984},{"pi":"422704","pc":"Топливо","ss":1000,"td":"","dc":1,"n":184.96,"vc":"159","sl":"","sv":"11","p":1500.0,"q":4.12,"b":2.5,"ms":0.08,"wi":38.0,"ei":7.23,"as":274.3,"mi":"E","mv":14023,"sc":1,"lpe":99.92,"lpr":1075.2,"lq":1.0,"d":321471},{"pi":"422704","pc":"Топливо","ss":150000,"td":"","dc":1,"n":700.85,"vc":"26108","sl":"","sv":"17148","p":6690.0,"q":19.35,"b":2.52,"ms":28.29,"wi":139.56,"ei":8.89,"as":1100.0,"mi":"E","mv":60614,"sc":1,"lpe":71.71,"lpr":870.29,"lq":3.88,"d":412971},{"pi":"422704","pc":"Топливо","ss":2000,"td":"","dc":1,"n":0.0,"vc":"28","sl":"","sv":"843","p":5000.0,"q":16.64,"b":0.0,"ms":4.28,"wi":50.29,"ei":8.32,"as":474.58,"mi":"E","mv":19680,"sc":1,"lpe":95.72,"lpr":1245.59,"lq":1.0,"d":649842},{"pi":"422704","pc":"Топливо","ss":10000,"td":"","dc":1,"n":689.58,"vc":"3696","sl":"","sv":"5000","p":19760.0,"q":33.22,"b":0.01,"ms":9.83,"wi":183.37,"ei":10.63,"as":554.86,"mi":"E","mv":50864,"sc":2,"lpe":88.2,"lpr":2924.03,"lq":4.3,"d":350454},{"pi":"422704","pc":"Топливо","ss":30000,"td":"","dc":1,"n":603.63,"vc":"7498","sl":"","sv":"1000","p":18000.0,"q":12.52,"b":0.0,"ms":1.97,"wi":183.37,"ei":10.63,"as":554.86,"mi":"E","mv":50864,"sc":2,"lpe":88.2,"lpr":2924.03,"lq":4.3,"d":350454},{"pi":"422704","pc":"Топливо","ss":30000,"td":"","dc":1,"n":511.81,"vc":"25168","sl":"","sv":"11000","p":11000.0,"q":15.04,"b":5.47,"ms":5.55,"wi":145.8,"ei":11.89,"as":656.66,"mi":"E","mv":198158,"sc":2,"lpe":91.6,"lpr":2670.83,"lq":1.0,"d":913676},{"pi":"422704","pc":"Топливо","ss":30000,"td":"","dc":1,"n":618.11,"vc":"46613","sl":"","sv":"5653","p":25850.0,"q":33.22,"b":0.76,"ms":2.85,"wi":145.8,"ei":11.89,"as":656.66,"mi":"E","mv":198158,"sc":2,"lpe":91.6,"lpr":2670.83,"lq":1.0,"d":913676},{"pi":"422704","pc":"Топливо","ss":10000,"td":"","dc":1,"n":641.15,"vc":"5715","sl":"","sv":"13830","p":2582.0,"q":33.21,"b":0.0,"ms":38.7,"wi":59.35,"ei":5.67,"as":728.13,"mi":"E","mv":35736,"sc":1,"lpe":61.3,"lpr":402.59,"lq":2.58,"d":761669},{"pi":"422704","pc":"Топливо","ss":3000,"td":"","dc":1,"n":610.97,"vc":"572","sl":"","sv":"1877","p":18700.0,"q":13.6,"b":0.1,"ms":5.61,"wi":163.82,"ei":11.63,"as":561.77,"mi":"E","mv":33439,"sc":1,"lpe":94.39,"lpr":3788.07,"lq":1.0,"d":223078},{"pi":"422704","pc":"Топливо","ss":10000,"td":"","dc":1,"n":668.41,"vc":"2630","sl":"","sv":"4848","p":8222.0,"q":33.22,"b":0.24,"ms":10.47,"wi":87.16,"ei":4.63,"as":342.0,"mi":"E","mv":46299,"sc":2,"lpe":88.15,"lpr":1178.22,"lq":2.49,"d":479356},{"pi":"422704","pc":"Топливо","ss":10000,"td":"","dc":1,"n":542.91,"vc":"1295","sl":"","sv":"637","p":8000.0,"q":15.02,"b":0.0,"ms":1.38,"wi":87.16,"ei":4.63,"as":342.0,"mi":"E","mv":46299,"sc":2,"lpe":88.15,"lpr":1178.22,"lq":2.49,"d":479356},{"pi":"422704","pc":"Топливо","ss":30000,"td":"","dc":1,"n":660.99,"vc":"21602","sl":"","sv":"10087","p":8123.0,"q":33.21,"b":0.0,"ms":8.94,"wi":48.3,"ei":5.57,"as":617.74,"mi":"E","mv":112821,"sc":1,"lpe":91.06,"lpr":1084.71,"lq":1.0,"d":1143980},{"pi":"422704","pc":"Топливо","ss":10000,"td":"","dc":1,"n":496.51,"vc":"1965","sl":"","sv":"10755","p":4100.0,"q":12.77,"b":0.19,"ms":10.66,"wi":15.68,"ei":13.87,"as":128.4,"mi":"E","mv":100847,"sc":2,"lpe":89.24,"lpr":824.52,"lq":1.15,"d":7639264},{"pi":"422704","pc":"Топливо","ss":3000,"td":"","dc":1,"n":356.9,"vc":"253","sl":"","sv":"101","p":4550.0,"q":16.19,"b":0.0,"ms":0.1,"wi":15.68,"ei":13.87,"as":128.4,"mi":"E","mv":100847,"sc":2,"lpe":89.24,"lpr":824.52,"lq":1.15,"d":7639264},{"pi":"422704","pc":"Топливо","ss":4000,"td":"","dc":1,"n":77.46,"vc":"14","sl":"","sv":"2211","p":2900.0,"q":5.32,"b":0.48,"ms":7.48,"wi":102.62,"ei":9.74,"as":577.59,"mi":"E","mv":29540,"sc":1,"lpe":92.52,"lpr":2177.06,"lq":1.0,"d":355596},{"pi":"422704","pc":"Топливо","ss":30000,"td":"","dc":1,"n":575.88,"vc":"3330","sl":"","sv":"8384","p":10000.0,"q":15.04,"b":5.47,"ms":11.19,"wi":186.74,"ei":10.96,"as":566.43,"mi":"E","mv":74956,"sc":1,"lpe":88.81,"lpr":1643.4,"lq":3.77,"d":409497},{"pi":"422704","pc":"Топливо","ss":10000,"td":"","dc":1,"n":700.12,"vc":"14778","sl":"","sv":"2554","p":5897.0,"q":33.21,"b":0.0,"ms":20.05,"wi":73.96,"ei":8.27,"as":1215.94,"mi":"E","mv":12740,"sc":1,"lpe":79.95,"lpr":683.97,"lq":1.02,"d":148490},{"pi":"422704","pc":"Топливо","ss":30000,"td":"","dc":1,"n":623.49,"vc":"8853","sl":"","sv":"1000","p":10000.0,"q":15.04,"b":0.0,"ms":5.88,"wi":68.28,"ei":5.44,"as":602.19,"mi":"E","mv":17000,"sc":1,"lpe":94.12,"lpr":1609.38,"lq":1.0,"d":348775},{"pi":"422704","pc":"Топливо","ss":10000,"td":"","dc":1,"n":686.68,"vc":"18605","sl":"","sv":"5355","p":8685.0,"q":33.21,"b":0.0,"ms":12.95,"wi":47.02,"ei":8.56,"as":295.7,"mi":"E","mv":41362,"sc":1,"lpe":87.05,"lpr":1073.59,"lq":1.71,"d":1420288},{"pi":"422704","pc":"Топливо","ss":150000,"td":"","dc":1,"n":645.71,"vc":"189180","sl":"","sv":"11473","p":13999.0,"q":18.71,"b":5.05,"ms":1.43,"wi":125.2,"ei":8.1,"as":460.75,"mi":"E","mv":803112,"sc":3,"lpe":98.35,"lpr":1412.11,"lq":1.0,"d":2610586},{"pi":"422704","pc":"Топливо","ss":3000,"td":"","dc":1,"n":273.24,"vc":"344","sl":"","sv":"1388","p":6954.22,"q":15.87,"b":0.74,"ms":0.17,"wi":125.2,"ei":8.1,"as":460.75,"mi":"E","mv":803112,"sc":3,"lpe":98.35,"lpr":1412.11,"lq":1.0,"d":2610586},{"pi":"422704","pc":"Топливо","ss":3000,"td":"","dc":1,"n":273.24,"vc":"344","sl":"","sv":"400","p":6085.65,"q":16.18,"b":0.74,"ms":0.05,"wi":125.2,"ei":8.1,"as":460.75,"mi":"E","mv":803112,"sc":3,"lpe":98.35,"lpr":1412.11,"lq":1.0,"d":2610586},{"pi":"422704","pc":"Топливо","ss":10000,"td":"","dc":1,"n":631.4,"vc":"8119","sl":"","sv":"2222","p":12999.99,"q":10.58,"b":0.0,"ms":16.1,"wi":210.68,"ei":7.1,"as":1405.22,"mi":"E","mv":13800,"sc":1,"lpe":83.9,"lpr":2041.11,"lq":1.39,"d":101671},{"pi":"422704","pc":"Топливо","ss":5000,"td":"","dc":1,"n":237.39,"vc":"1111","sl":"","sv":"2137","p":15000.0,"q":10.58,"b":0.0,"ms":7.56,"wi":142.13,"ei":6.93,"as":561.19,"mi":"E","mv":28278,"sc":2,"lpe":92.09,"lpr":2866.18,"lq":1.0,"d":157646},{"pi":"422704","pc":"Топливо","ss":1000,"td":"","dc":1,"n":0.0,"vc":"60","sl":"","sv":"100","p":10000.0,"q":10.58,"b":0.0,"ms":0.35,"wi":142.13,"ei":6.93,"as":561.19,"mi":"E","mv":28278,"sc":2,"lpe":92.09,"lpr":2866.18,"lq":1.0,"d":157646},{"pi":"422704","pc":"Топливо","ss":5000,"td":"","dc":1,"n":176.29,"vc":"792","sl":"","sv":"2553","p":16000.0,"q":10.58,"b":0.0,"ms":5.1,"wi":141.05,"ei":6.7,"as":518.62,"mi":"E","mv":50019,"sc":2,"lpe":93.5,"lpr":3265.77,"lq":1.0,"d":331084},{"pi":"422704","pc":"Топливо","ss":5000,"td":"","dc":1,"n":381.56,"vc":"2469","sl":"","sv":"700","p":15500.0,"q":12.66,"b":0.0,"ms":1.4,"wi":141.05,"ei":6.7,"as":518.62,"mi":"E","mv":50019,"sc":2,"lpe":93.5,"lpr":3265.77,"lq":1.0,"d":331084},{"pi":"422704","pc":"Топливо","ss":3000,"td":"","dc":1,"n":515.8,"vc":"2204","sl":"","sv":"4704","p":16999.99,"q":14.74,"b":0.0,"ms":4.76,"wi":166.71,"ei":6.9,"as":540.01,"mi":"E","mv":98873,"sc":4,"lpe":94.15,"lpr":2996.07,"lq":1.23,"d":538358},{"pi":"422704","pc":"Топливо","ss":5000,"td":"","dc":1,"n":139.94,"vc":"475","sl":"","sv":"900","p":14000.0,"q":10.58,"b":0.0,"ms":0.91,"wi":166.71,"ei":6.9,"as":540.01,"mi":"E","mv":98873,"sc":4,"lpe":94.15,"lpr":2996.07,"lq":1.23,"d":538358},{"pi":"422704","pc":"Топливо","ss":1000,"td":"","dc":1,"n":164.51,"vc":"105","sl":"","sv":"166","p":14100.0,"q":11.42,"b":0.0,"ms":0.17,"wi":166.71,"ei":6.9,"as":540.01,"mi":"E","mv":98873,"sc":4,"lpe":94.15,"lpr":2996.07,"lq":1.23,"d":538358},{"pi":"422704","pc":"Топливо","ss":1000,"td":"","dc":1,"n":54.65,"vc":"59","sl":"","sv":"10","p":13850.0,"q":10.58,"b":0.0,"ms":0.01,"wi":166.71,"ei":6.9,"as":540.01,"mi":"E","mv":98873,"sc":4,"lpe":94.15,"lpr":2996.07,"lq":1.23,"d":538358},{"pi":"422704","pc":"Топливо","ss":8000,"td":"","dc":1,"n":536.25,"vc":"915","sl":"","sv":"100","p":10500.0,"q":10.58,"b":0.0,"ms":0.4,"wi":121.24,"ei":10.15,"as":770.09,"mi":"E","mv":25089,"sc":1,"lpe":99.6,"lpr":3642.12,"lq":1.0,"d":520272},{"pi":"422704","pc":"Топливо","ss":5000,"td":"","dc":1,"n":249.82,"vc":"844","sl":"","sv":"789","p":12000.0,"q":10.58,"b":0.0,"ms":3.95,"wi":106.16,"ei":6.84,"as":484.04,"mi":"E","mv":19994,"sc":1,"lpe":96.05,"lpr":2100.99,"lq":1.0,"d":140078},{"pi":"422704","pc":"Топливо","ss":5000,"td":"","dc":1,"n":259.01,"vc":"1252","sl":"","sv":"1432","p":14000.0,"q":10.58,"b":0.0,"ms":5.77,"wi":136.48,"ei":6.3,"as":455.0,"mi":"E","mv":24838,"sc":1,"lpe":94.23,"lpr":2494.99,"lq":1.0,"d":122334},{"pi":"422704","pc":"Топливо","ss":5000,"td":"","dc":1,"n":264.87,"vc":"1035","sl":"","sv":"269","p":11000.0,"q":10.58,"b":0.0,"ms":1.22,"wi":96.98,"ei":6.3,"as":447.44,"mi":"E","mv":22023,"sc":1,"lpe":98.78,"lpr":1673.15,"lq":1.0,"d":117491},{"pi":"422704","pc":"Топливо","ss":5000,"td":"","dc":1,"n":257.73,"vc":"841","sl":"","sv":"87","p":12000.0,"q":10.58,"b":0.0,"ms":0.36,"wi":95.1,"ei":6.2,"as":451.39,"mi":"E","mv":24105,"sc":1,"lpe":99.64,"lpr":1654.63,"lq":1.0,"d":127696},{"pi":"422704","pc":"Топливо","ss":1000,"td":"","dc":1,"n":584.62,"vc":"813","sl":"","sv":"395","p":10000.0,"q":15.31,"b":0.0,"ms":1.96,"wi":122.1,"ei":6.4,"as":451.77,"mi":"E","mv":20135,"sc":1,"lpe":98.04,"lpr":1475.22,"lq":1.0,"d":122007},{"pi":"422704","pc":"Топливо","ss":3000,"td":"","dc":1,"n":457.81,"vc":"2187","sl":"","sv":"2633","p":8400.0,"q":24.54,"b":0.46,"ms":4.88,"wi":56.46,"ei":13.36,"as":696.49,"mi":"E","mv":53999,"sc":1,"lpe":95.12,"lpr":1180.23,"lq":1.0,"d":1634035},{"pi":"422704","pc":"Топливо","ss":5000,"td":"","dc":1,"n":333.57,"vc":"576","sl":"","sv":"199","p":5500.0,"q":10.86,"b":0.0,"ms":1.46,"wi":84.48,"ei":6.0,"as":441.0,"mi":"E","mv":13586,"sc":1,"lpe":98.54,"lpr":1103.98,"lq":1.0,"d":77500},{"pi":"422704","pc":"Топливо","ss":5000,"td":"","dc":1,"n":497.39,"vc":"1202","sl":"","sv":"107","p":11999.99,"q":16.1,"b":0.0,"ms":0.62,"wi":84.03,"ei":6.1,"as":441.78,"mi":"E","mv":17320,"sc":3,"lpe":98.85,"lpr":1437.96,"lq":1.0,"d":87764},{"pi":"422704","pc":"Топливо","ss":5000,"td":"","dc":1,"n":502.94,"vc":"991","sl":"","sv":"89","p":11999.99,"q":16.09,"b":0.0,"ms":0.51,"wi":84.03,"ei":6.1,"as":441.78,"mi":"E","mv":17320,"sc":3,"lpe":98.85,"lpr":1437.96,"lq":1.0,"d":87764},{"pi":"422704","pc":"Топливо","ss":1000,"td":"","dc":1,"n":0.0,"vc":"16","sl":"","sv":"4","p":1500.0,"q":4.12,"b":0.0,"ms":0.02,"wi":84.03,"ei":6.1,"as":441.78,"mi":"E","mv":17320,"sc":3,"lpe":98.85,"lpr":1437.96,"lq":1.0,"d":87764},{"pi":"422704","pc":"Топливо","ss":1000,"td":"","dc":1,"n":237.39,"vc":"111","sl":"","sv":"22","p":2200.0,"q":4.12,"b":0.0,"ms":0.12,"wi":75.38,"ei":6.0,"as":441.78,"mi":"E","mv":17618,"sc":1,"lpe":99.88,"lpr":1093.62,"lq":1.0,"d":96904},{"pi":"422704","pc":"Топливо","ss":190000,"td":"","dc":1,"n":600.65,"vc":"105932","sl":"","sv":"5000","p":12080.0,"q":33.22,"b":0.56,"ms":0.94,"wi":67.87,"ei":13.63,"as":294.09,"mi":"E","mv":530592,"sc":1,"lpe":99.06,"lpr":1304.62,"lq":1.0,"d":3707406},{"pi":"422704","pc":"Топливо","ss":300000,"td":"","dc":1,"n":692.54,"vc":"47265","sl":"","sv":"7761","p":7777.77,"q":28.77,"b":4.26,"ms":9.73,"wi":41.49,"ei":8.68,"as":310.6,"mi":"E","mv":79726,"sc":1,"lpe":90.27,"lpr":834.08,"lq":1.11,"d":1113360},{"pi":"422704","pc":"Топливо","ss":200000,"td":"","dc":1,"n":683.55,"vc":"343019","sl":"","sv":"15001","p":19140.0,"q":33.21,"b":7.97,"ms":1.9,"wi":130.81,"ei":7.37,"as":688.02,"mi":"E","mv":788327,"sc":4,"lpe":96.83,"lpr":2050.93,"lq":1.0,"d":2232911},{"pi":"422704","pc":"Топливо","ss":30000,"td":"","dc":1,"n":489.77,"vc":"13852","sl":"","sv":"7000","p":11000.0,"q":15.04,"b":3.79,"ms":0.89,"wi":130.81,"ei":7.37,"as":688.02,"mi":"E","mv":788327,"sc":4,"lpe":96.83,"lpr":2050.93,"lq":1.0,"d":2232911},{"pi":"422704","pc":"Топливо","ss":5000,"td":"","dc":1,"n":174.18,"vc":"355","sl":"","sv":"2739","p":11300.0,"q":17.85,"b":1.67,"ms":0.35,"wi":130.81,"ei":7.37,"as":688.02,"mi":"E","mv":788327,"sc":4,"lpe":96.83,"lpr":2050.93,"lq":1.0,"d":2232911},{"pi":"422704","pc":"Топливо","ss":10000,"td":"","dc":1,"n":378.59,"vc":"2285","sl":"","sv":"263","p":16399.99,"q":15.94,"b":0.0,"ms":0.03,"wi":130.81,"ei":7.37,"as":688.02,"mi":"E","mv":788327,"sc":4,"lpe":96.83,"lpr":2050.93,"lq":1.0,"d":2232911},{"pi":"422704","pc":"Топливо","ss":3000,"td":"","dc":1,"n":496.73,"vc":"2706","sl":"","sv":"25000","p":17000.0,"q":10.58,"b":0.0,"ms":26.48,"wi":132.63,"ei":9.47,"as":1003.71,"mi":"E","mv":94416,"sc":1,"lpe":73.52,"lpr":4573.68,"lq":1.86,"d":729058},{"pi":"422704","pc":"Топливо","ss":100000,"td":"","dc":1,"n":689.01,"vc":"52385","sl":"","sv":"1000","p":14000.0,"q":10.58,"b":0.0,"ms":0.15,"wi":93.52,"ei":7.83,"as":577.18,"mi":"E","mv":661029,"sc":3,"lpe":99.72,"lpr":2309.55,"lq":1.0,"d":1817806},{"pi":"422704","pc":"Топливо","ss":10000,"td":"","dc":1,"n":350.23,"vc":"2307","sl":"","sv":"719","p":14000.0,"q":10.58,"b":0.0,"ms":0.11,"wi":93.52,"ei":7.83,"as":577.18,"mi":"E","mv":661029,"sc":3,"lpe":99.72,"lpr":2309.55,"lq":1.0,"d":1817806},{"pi":"422704","pc":"Топливо","ss":100000,"td":"","dc":1,"n":691.47,"vc":"184772","sl":"","sv":"100","p":17000.0,"q":16.88,"b":6.79,"ms":0.02,"wi":93.52,"ei":7.83,"as":577.18,"mi":"E","mv":661029,"sc":3,"lpe":99.72,"lpr":2309.55,"lq":1.0,"d":1817806},{"pi":"422704","pc":"Топливо","ss":100000,"td":"","dc":1,"n":718.42,"vc":"75344","sl":"","sv":"8681","p":20000.0,"q":29.98,"b":6.74,"ms":14.37,"wi":150.83,"ei":5.95,"as":891.38,"mi":"E","mv":60423,"sc":1,"lpe":85.63,"lpr":1982.35,"lq":1.0,"d":377751},{"pi":"422704","pc":"Топливо","ss":100000,"td":"","dc":1,"n":583.29,"vc":"104726","sl":"","sv":"12702","p":19999.0,"q":18.7,"b":4.66,"ms":0.9,"wi":121.15,"ei":7.63,"as":614.74,"mi":"E","mv":1407597,"sc":3,"lpe":98.39,"lpr":2073.26,"lq":1.0,"d":3870867},{"pi":"422704","pc":"Топливо","ss":3000,"td":"","dc":1,"n":359.56,"vc":"691","sl":"","sv":"7021","p":10585.13,"q":16.71,"b":0.56,"ms":0.5,"wi":121.15,"ei":7.63,"as":614.74,"mi":"E","mv":1407597,"sc":3,"lpe":98.39,"lpr":2073.26,"lq":1.0,"d":3870867},{"pi":"422704","pc":"Топливо","ss":30000,"td":"","dc":1,"n":666.24,"vc":"45921","sl":"","sv":"3000","p":19830.0,"q":33.21,"b":1.03,"ms":0.21,"wi":121.15,"ei":7.63,"as":614.74,"mi":"E","mv":1407597,"sc":3,"lpe":98.39,"lpr":2073.26,"lq":1.0,"d":3870867},{"pi":"422704","pc":"Топливо","ss":30000,"td":"","dc":1,"n":515.93,"vc":"33686","sl":"","sv":"7375","p":9200.0,"q":15.04,"b":3.79,"ms":3.4,"wi":178.23,"ei":9.59,"as":748.02,"mi":"E","mv":217147,"sc":2,"lpe":96.14,"lpr":1087.51,"lq":1.0,"d":1011667},{"pi":"422704","pc":"Топливо","ss":10000,"td":"","dc":1,"n":626.98,"vc":"19392","sl":"","sv":"1000","p":10870.0,"q":33.22,"b":0.71,"ms":0.46,"wi":178.23,"ei":9.59,"as":748.02,"mi":"E","mv":217147,"sc":2,"lpe":96.14,"lpr":1087.51,"lq":1.0,"d":1011667},{"pi":"422704","pc":"Топливо","ss":10000,"td":"","dc":1,"n":550.41,"vc":"1612","sl":"","sv":"2510","p":10000.0,"q":11.81,"b":0.0,"ms":7.33,"wi":82.39,"ei":6.47,"as":659.38,"mi":"E","mv":34226,"sc":1,"lpe":92.67,"lpr":1856.48,"lq":1.0,"d":799516},{"pi":"422704","pc":"Топливо","ss":10000,"td":"","dc":1,"n":601.45,"vc":"12310","sl":"","sv":"2021","p":9300.0,"q":15.04,"b":3.79,"ms":3.19,"wi":70.76,"ei":6.07,"as":517.04,"mi":"E","mv":63292,"sc":1,"lpe":96.81,"lpr":1083.23,"lq":1.0,"d":276107},{"pi":"422704","pc":"Топливо","ss":20000,"td":"","dc":1,"n":371.75,"vc":"3821","sl":"","sv":"100000","p":4700.0,"q":19.59,"b":3.93,"ms":20.58,"wi":65.93,"ei":10.05,"as":720.78,"mi":"E","mv":485816,"sc":3,"lpe":79.39,"lpr":1081.2,"lq":1.04,"d":3656347},{"pi":"422704","pc":"Топливо","ss":10000,"td":"","dc":1,"n":255.14,"vc":"954","sl":"","sv":"85","p":8925.0,"q":17.73,"b":0.0,"ms":0.02,"wi":65.93,"ei":10.05,"as":720.78,"mi":"E","mv":485816,"sc":3,"lpe":79.39,"lpr":1081.2,"lq":1.04,"d":3656347},{"pi":"422704","pc":"Топливо","ss":3000,"td":"","dc":1,"n":255.14,"vc":"275","sl":"","sv":"49","p":8225.0,"q":17.55,"b":0.0,"ms":0.01,"wi":65.93,"ei":10.05,"as":720.78,"mi":"E","mv":485816,"sc":3,"lpe":79.39,"lpr":1081.2,"lq":1.04,"d":3656347},{"pi":"422704","pc":"Топливо","ss":10000,"td":"","dc":1,"n":598.05,"vc":"2806","sl":"","sv":"5786","p":10050.0,"q":33.22,"b":0.28,"ms":5.29,"wi":77.14,"ei":7.23,"as":562.7,"mi":"E","mv":109291,"sc":1,"lpe":94.71,"lpr":1480.72,"lq":1.0,"d":1268975},{"pi":"422704","pc":"Топливо","ss":1000,"td":"","dc":1,"n":161.35,"vc":"141","sl":"","sv":"50","p":3000.0,"q":12.72,"b":2.13,"ms":0.31,"wi":37.54,"ei":5.8,"as":250.0,"mi":"E","mv":16230,"sc":1,"lpe":99.69,"lpr":581.73,"lq":1.0,"d":100206},{"pi":"422704","pc":"Топливо","ss":200000,"td":"","dc":1,"n":511.51,"vc":"25759","sl":"","sv":"19738","p":11799.99,"q":16.23,"b":0.0,"ms":32.57,"wi":137.58,"ei":9.18,"as":1120.0,"mi":"E","mv":60603,"sc":2,"lpe":66.86,"lpr":1842.13,"lq":3.26,"d":572874},{"pi":"422704","pc":"Топливо","ss":10000,"td":"","dc":1,"n":521.8,"vc":"1101","sl":"","sv":"343","p":13000.0,"q":15.49,"b":0.0,"ms":0.57,"wi":137.58,"ei":9.18,"as":1120.0,"mi":"E","mv":60603,"sc":2,"lpe":66.86,"lpr":1842.13,"lq":3.26,"d":572874},{"pi":"422704","pc":"Топливо","ss":3000,"td":"","dc":1,"n":465.04,"vc":"619","sl":"","sv":"5522","p":6000.0,"q":24.54,"b":0.46,"ms":4.2,"wi":101.22,"ei":9.45,"as":456.09,"mi":"E","mv":131552,"sc":1,"lpe":95.8,"lpr":1067.11,"lq":1.0,"d":714566},{"pi":"422704","pc":"Топливо","ss":1000,"td":"","dc":1,"n":645.15,"vc":"1826","sl":"","sv":"5055","p":9684.0,"q":33.22,"b":0.0,"ms":12.54,"wi":58.77,"ei":9.98,"as":544.78,"mi":"E","mv":40321,"sc":1,"lpe":87.46,"lpr":1571.9,"lq":2.91,"d":1666326},{"pi":"422704","pc":"Топливо","ss":3000,"td":"","dc":1,"n":501.45,"vc":"622","sl":"","sv":"3336","p":8000.0,"q":24.54,"b":0.46,"ms":4.96,"wi":83.04,"ei":4.63,"as":254.21,"mi":"E","mv":67232,"sc":1,"lpe":95.04,"lpr":1322.02,"lq":1.0,"d":711139},{"pi":"422704","pc":"Топливо","ss":30000,"td":"","dc":1,"n":711.71,"vc":"4256","sl":"","sv":"1500","p":10830.0,"q":33.22,"b":0.39,"ms":10.29,"wi":112.46,"ei":6.56,"as":545.95,"mi":"E","mv":14579,"sc":1,"lpe":89.71,"lpr":1297.57,"lq":1.46,"d":186949},{"pi":"422704","pc":"Топливо","ss":10000,"td":"","dc":1,"n":611.99,"vc":"6350","sl":"","sv":"2200","p":8000.0,"q":15.04,"b":6.44,"ms":9.93,"wi":84.77,"ei":6.69,"as":422.91,"mi":"E","mv":22161,"sc":1,"lpe":90.07,"lpr":1078.49,"lq":1.02,"d":152902},{"pi":"422704","pc":"Топливо","ss":3000,"td":"","dc":1,"n":498.84,"vc":"2402","sl":"","sv":"778","p":15000.0,"q":15.28,"b":0.0,"ms":3.43,"wi":84.96,"ei":8.47,"as":440.98,"mi":"E","mv":22653,"sc":1,"lpe":96.57,"lpr":2343.61,"lq":1.0,"d":1822098},{"pi":"422704","pc":"Топливо","ss":10000,"td":"","dc":1,"n":427.42,"vc":"232","sl":"","sv":"1092","p":8375.68,"q":16.73,"b":1.37,"ms":4.35,"wi":107.06,"ei":11.51,"as":561.28,"mi":"E","mv":25095,"sc":3,"lpe":94.05,"lpr":1476.36,"lq":1.0,"d":178274},{"pi":"422704","pc":"Топливо","ss":10000,"td":"","dc":1,"n":311.76,"vc":"97","sl":"","sv":"234","p":9275.68,"q":17.78,"b":1.37,"ms":0.93,"wi":107.06,"ei":11.51,"as":561.28,"mi":"E","mv":25095,"sc":3,"lpe":94.05,"lpr":1476.36,"lq":1.0,"d":178274},{"pi":"422704","pc":"Топливо","ss":10000,"td":"","dc":1,"n":311.76,"vc":"97","sl":"","sv":"167","p":9445.62,"q":16.0,"b":1.37,"ms":0.67,"wi":107.06,"ei":11.51,"as":561.28,"mi":"E","mv":25095,"sc":3,"lpe":94.05,"lpr":1476.36,"lq":1.0,"d":178274},{"pi":"422704","pc":"Топливо","ss":10000,"td":"","dc":1,"n":530.71,"vc":"1019","sl":"","sv":"1500","p":8500.0,"q":15.04,"b":2.88,"ms":2.38,"wi":148.54,"ei":7.19,"as":419.73,"mi":"E","mv":63132,"sc":1,"lpe":97.62,"lpr":3061.81,"lq":1.0,"d":565020},{"pi":"422704","pc":"Топливо","ss":10000,"td":"","dc":1,"n":626.77,"vc":"7379","sl":"","sv":"404","p":13200.0,"q":6.0,"b":0.0,"ms":5.99,"wi":80.55,"ei":17.57,"as":489.16,"mi":"E","mv":6739,"sc":1,"lpe":94.01,"lpr":2274.38,"lq":1.08,"d":263369},{"pi":"422704","pc":"Топливо","ss":100000,"td":"","dc":1,"n":440.15,"vc":"44340","sl":"","sv":"1500000","p":18000.0,"q":25.38,"b":3.09,"ms":50.24,"wi":271.56,"ei":9.5,"as":3077.85,"mi":"D","mv":2985616,"sc":2,"lpe":49.59,"lpr":6688.39,"lq":1.85,"d":11522928},{"pi":"422704","pc":"Топливо","ss":100000,"td":"","dc":1,"n":516.49,"vc":"122513","sl":"","sv":"5000","p":61990.0,"q":18.72,"b":3.93,"ms":0.17,"wi":271.56,"ei":9.5,"as":3077.85,"mi":"D","mv":2985616,"sc":2,"lpe":49.59,"lpr":6688.39,"lq":1.85,"d":11522928},{"pi":"422704","pc":"Топливо","ss":100000,"td":"","dc":1,"n":671.41,"vc":"127281","sl":"","sv":"46125","p":9204.0,"q":33.21,"b":1.58,"ms":10.47,"wi":78.92,"ei":7.43,"as":400.74,"mi":"E","mv":440526,"sc":1,"lpe":89.53,"lpr":1070.54,"lq":1.87,"d":2134448},{"pi":"422704","pc":"Топливо","ss":10000,"td":"","dc":1,"n":686.61,"vc":"28588","sl":"","sv":"5058","p":9163.0,"q":33.22,"b":0.0,"ms":13.14,"wi":55.03,"ei":5.61,"as":1447.81,"mi":"E","mv":38495,"sc":2,"lpe":86.7,"lpr":1084.68,"lq":1.68,"d":1283800},{"pi":"422704","pc":"Топливо","ss":3000,"td":"","dc":1,"n":325.8,"vc":"1060","sl":"","sv":"63","p":7495.0,"q":16.52,"b":0.0,"ms":0.16,"wi":55.03,"ei":5.61,"as":1447.81,"mi":"E","mv":38495,"sc":2,"lpe":86.7,"lpr":1084.68,"lq":1.68,"d":1283800},{"pi":"422704","pc":"Топливо","ss":10000,"td":"","dc":1,"n":437.96,"vc":"1403","sl":"","sv":"729","p":9500.0,"q":8.53,"b":0.0,"ms":7.54,"wi":30.25,"ei":7.21,"as":892.71,"mi":"E","mv":9664,"sc":1,"lpe":92.46,"lpr":1709.9,"lq":1.0,"d":1389851},{"pi":"422704","pc":"Топливо","ss":3000,"td":"","dc":1,"n":597.43,"vc":"2338","sl":"","sv":"1806","p":7976.0,"q":33.22,"b":0.0,"ms":11.19,"wi":85.28,"ei":6.97,"as":506.4,"mi":"E","mv":16134,"sc":2,"lpe":87.23,"lpr":1087.09,"lq":1.24,"d":175080},{"pi":"422704","pc":"Топливо","ss":3000,"td":"","dc":1,"n":597.43,"vc":"2338","sl":"","sv":"255","p":10000.0,"q":24.54,"b":0.46,"ms":1.58,"wi":85.28,"ei":6.97,"as":506.4,"mi":"E","mv":16134,"sc":2,"lpe":87.23,"lpr":1087.09,"lq":1.24,"d":175080},{"pi":"422704","pc":"Топливо","ss":15000,"td":"","dc":1,"n":569.78,"vc":"2501","sl":"","sv":"910","p":20500.0,"q":26.73,"b":0.0,"ms":4.01,"wi":97.02,"ei":7.2,"as":927.12,"mi":"E","mv":22701,"sc":1,"lpe":95.99,"lpr":2611.1,"lq":1.0,"d":267364},{"pi":"422704","pc":"Топливо","ss":30000,"td":"","dc":1,"n":557.23,"vc":"9392","sl":"","sv":"2164","p":11899.99,"q":16.87,"b":0.0,"ms":8.6,"wi":124.16,"ei":7.7,"as":1039.5,"mi":"E","mv":25165,"sc":2,"lpe":85.1,"lpr":1685.84,"lq":1.41,"d":269220},{"pi":"422704","pc":"Топливо","ss":10000,"td":"","dc":1,"n":567.86,"vc":"3049","sl":"","sv":"1585","p":12000.0,"q":16.51,"b":0.0,"ms":6.3,"wi":124.16,"ei":7.7,"as":1039.5,"mi":"E","mv":25165,"sc":2,"lpe":85.1,"lpr":1685.84,"lq":1.41,"d":269220},{"pi":"422704","pc":"Топливо","ss":10000,"td":"","dc":1,"n":547.8,"vc":"3981","sl":"","sv":"2614","p":12000.0,"q":16.76,"b":0.0,"ms":6.58,"wi":129.79,"ei":8.93,"as":1102.5,"mi":"E","mv":39742,"sc":1,"lpe":93.42,"lpr":1715.15,"lq":1.0,"d":433326},{"pi":"422704","pc":"Топливо","ss":10000,"td":"","dc":1,"n":546.61,"vc":"3987","sl":"","sv":"9165","p":12000.0,"q":16.67,"b":0.0,"ms":22.05,"wi":218.45,"ei":9.14,"as":1155.0,"mi":"E","mv":41571,"sc":1,"lpe":77.95,"lpr":2147.43,"lq":4.16,"d":310955},{"pi":"422704","pc":"Топливо","ss":100000,"td":"","dc":1,"n":660.67,"vc":"142197","sl":"","sv":"2000","p":12120.0,"q":33.22,"b":0.21,"ms":0.54,"wi":83.65,"ei":11.33,"as":467.55,"mi":"E","mv":367166,"sc":1,"lpe":99.46,"lpr":1305.01,"lq":1.0,"d":2037979},{"pi":"422704","pc":"Топливо","ss":3000,"td":"","dc":1,"n":548.26,"vc":"1629","sl":"","sv":"375","p":8300.0,"q":11.74,"b":0.0,"ms":2.12,"wi":152.54,"ei":6.1,"as":450.8,"mi":"E","mv":17706,"sc":1,"lpe":97.88,"lpr":1516.88,"lq":1.0,"d":94738},{"pi":"422704","pc":"Топливо","ss":200000,"td":"","dc":1,"n":709.72,"vc":"11596","sl":"","sv":"6012","p":8468.0,"q":33.21,"b":0.0,"ms":10.75,"wi":97.28,"ei":4.99,"as":1157.42,"mi":"E","mv":55931,"sc":1,"lpe":89.25,"lpr":1095.52,"lq":1.55,"d":302682},{"pi":"422704","pc":"Топливо","ss":15000,"td":"","dc":1,"n":696.03,"vc":"8364","sl":"","sv":"7228","p":5500.0,"q":26.06,"b":6.82,"ms":10.7,"wi":48.27,"ei":9.46,"as":249.03,"mi":"E","mv":67575,"sc":3,"lpe":84.73,"lpr":679.27,"lq":1.34,"d":661640},{"pi":"422704","pc":"Топливо","ss":10000,"td":"","dc":1,"n":692.87,"vc":"5264","sl":"","sv":"2304","p":4500.0,"q":12.77,"b":0.0,"ms":3.41,"wi":48.27,"ei":9.46,"as":249.03,"mi":"E","mv":67575,"sc":3,"lpe":84.73,"lpr":679.27,"lq":1.34,"d":661640},{"pi":"422704","pc":"Топливо","ss":10000,"td":"","dc":1,"n":667.12,"vc":"4552","sl":"","sv":"786","p":5000.0,"q":12.52,"b":0.0,"ms":1.16,"wi":48.27,"ei":9.46,"as":249.03,"mi":"E","mv":67575,"sc":3,"lpe":84.73,"lpr":679.27,"lq":1.34,"d":661640},{"pi":"422704","pc":"Топливо","ss":30000,"td":"","dc":1,"n":653.14,"vc":"6465","sl":"","sv":"100","p":5500.0,"q":12.52,"b":0.24,"ms":0.1,"wi":109.05,"ei":10.93,"as":895.15,"mi":"E","mv":98272,"sc":1,"lpe":99.9,"lpr":3188.42,"lq":1.0,"d":822507},{"pi":"422704","pc":"Топливо","ss":30000,"td":"","dc":1,"n":685.17,"vc":"24055","sl":"","sv":"500","p":17310.0,"q":33.23,"b":0.0,"ms":2.78,"wi":55.55,"ei":7.93,"as":747.15,"mi":"E","mv":18010,"sc":2,"lpe":95.56,"lpr":1871.06,"lq":1.0,"d":312327},{"pi":"422704","pc":"Топливо","ss":10000,"td":"","dc":1,"n":688.13,"vc":"13193","sl":"","sv":"300","p":3328.29,"q":12.52,"b":0.0,"ms":1.67,"wi":55.55,"ei":7.93,"as":747.15,"mi":"E","mv":18010,"sc":2,"lpe":95.56,"lpr":1871.06,"lq":1.0,"d":312327},{"pi":"422704","pc":"Топливо","ss":10000,"td":"","dc":1,"n":626.05,"vc":"2413","sl":"","sv":"10000","p":2000.0,"q":13.27,"b":0.23,"ms":17.35,"wi":43.93,"ei":7.81,"as":823.2,"mi":"E","mv":57624,"sc":1,"lpe":82.65,"lpr":505.2,"lq":1.04,"d":171629},{"pi":"422704","pc":"Топливо","ss":30000,"td":"","dc":1,"n":476.29,"vc":"2846","sl":"","sv":"299","p":7496.0,"q":16.11,"b":0.0,"ms":1.36,"wi":31.71,"ei":5.65,"as":801.35,"mi":"E","mv":22052,"sc":1,"lpe":98.64,"lpr":1135.79,"lq":1.0,"d":978646},{"pi":"422704","pc":"Топливо","ss":30000,"td":"","dc":1,"n":631.94,"vc":"37124","sl":"","sv":"16494","p":6027.0,"q":33.21,"b":0.41,"ms":19.58,"wi":30.62,"ei":9.68,"as":181.79,"mi":"E","mv":84258,"sc":1,"lpe":80.42,"lpr":748.52,"lq":1.94,"d":3715638},{"pi":"422704","pc":"Топливо","ss":30000,"td":"","dc":1,"n":661.13,"vc":"19044","sl":"","sv":"8776","p":8957.0,"q":33.21,"b":0.0,"ms":3.63,"wi":98.75,"ei":9.64,"as":1895.76,"mi":"E","mv":241726,"sc":1,"lpe":96.37,"lpr":1153.81,"lq":1.0,"d":1090374},{"pi":"422704","pc":"Топливо","ss":1000,"td":"","dc":1,"n":692.35,"vc":"2346","sl":"","sv":"2027","p":9943.0,"q":33.22,"b":0.0,"ms":5.64,"wi":116.14,"ei":9.91,"as":1489.31,"mi":"E","mv":35964,"sc":1,"lpe":94.36,"lpr":1354.05,"lq":1.0,"d":191132},{"pi":"422704","pc":"Топливо","ss":1000,"td":"","dc":1,"n":432.62,"vc":"592","sl":"","sv":"4434","p":13000.0,"q":10.58,"b":1.61,"ms":24.99,"wi":62.72,"ei":5.29,"as":361.98,"mi":"E","mv":17742,"sc":2,"lpe":74.75,"lpr":2722.35,"lq":1.48,"d":369394},{"pi":"422704","pc":"Топливо","ss":1000,"td":"","dc":1,"n":290.55,"vc":"279","sl":"","sv":"45","p":20000.0,"q":10.58,"b":1.61,"ms":0.25,"wi":62.72,"ei":5.29,"as":361.98,"mi":"E","mv":17742,"sc":2,"lpe":74.75,"lpr":2722.35,"lq":1.48,"d":369394},{"pi":"422704","pc":"Топливо","ss":30000,"td":"","dc":1,"n":693.95,"vc":"38375","sl":"","sv":"6632","p":9448.0,"q":33.21,"b":0.0,"ms":9.15,"wi":42.28,"ei":10.49,"as":686.41,"mi":"E","mv":72500,"sc":2,"lpe":88.84,"lpr":1081.96,"lq":1.71,"d":4301405},{"pi":"422704","pc":"Топливо","ss":10000,"td":"","dc":1,"n":558.01,"vc":"5333","sl":"","sv":"1459","p":8000.0,"q":15.01,"b":0.0,"ms":2.01,"wi":42.28,"ei":10.49,"as":686.41,"mi":"E","mv":72500,"sc":2,"lpe":88.84,"lpr":1081.96,"lq":1.71,"d":4301405},{"pi":"422704","pc":"Топливо","ss":30000,"td":"","dc":1,"n":687.69,"vc":"32356","sl":"","sv":"21585","p":11860.0,"q":33.21,"b":0.0,"ms":17.57,"wi":169.6,"ei":11.76,"as":862.01,"mi":"E","mv":122861,"sc":1,"lpe":82.43,"lpr":1645.61,"lq":1.68,"d":809246},{"pi":"422704","pc":"Топливо","ss":100000,"td":"","dc":1,"n":535.38,"vc":"139612","sl":"","sv":"20000","p":10000.0,"q":20.78,"b":0.0,"ms":1.45,"wi":64.66,"ei":6.67,"as":632.01,"mi":"E","mv":1380708,"sc":1,"lpe":98.55,"lpr":1505.84,"lq":1.0,"d":6381298},{"pi":"422704","pc":"Топливо","ss":10000,"td":"","dc":1,"n":620.39,"vc":"19723","sl":"","sv":"500","p":11000.0,"q":12.52,"b":0.0,"ms":0.93,"wi":88.89,"ei":7.78,"as":394.84,"mi":"E","mv":53813,"sc":1,"lpe":99.07,"lpr":2677.33,"lq":1.0,"d":461094},{"pi":"422704","pc":"Топливо","ss":10000,"td":"","dc":1,"n":425.54,"vc":"5912","sl":"","sv":"5449","p":8000.0,"q":12.25,"b":3.61,"ms":6.01,"wi":177.51,"ei":8.42,"as":480.91,"mi":"E","mv":90675,"sc":1,"lpe":93.99,"lpr":1373.09,"lq":1.0,"d":638691},{"pi":"422704","pc":"Топливо","ss":10000,"td":"","dc":1,"n":590.34,"vc":"8548","sl":"","sv":"14282","p":8105.0,"q":33.21,"b":2.83,"ms":2.99,"wi":84.09,"ei":6.95,"as":558.71,"mi":"E","mv":476957,"sc":1,"lpe":97.01,"lpr":1080.41,"lq":1.0,"d":1311608},{"pi":"422704","pc":"Топливо","ss":30000,"td":"","dc":1,"n":550.21,"vc":"43380","sl":"","sv":"10000","p":12110.0,"q":33.21,"b":0.27,"ms":1.39,"wi":96.79,"ei":7.02,"as":524.32,"mi":"E","mv":718801,"sc":1,"lpe":98.61,"lpr":1413.97,"lq":1.0,"d":2230467},{"pi":"422704","pc":"Топливо","ss":30000,"td":"","dc":1,"n":690.85,"vc":"71832","sl":"","sv":"16555","p":3857.0,"q":33.21,"b":0.0,"ms":19.21,"wi":252.85,"ei":6.26,"as":465.4,"mi":"E","mv":86190,"sc":2,"lpe":73.33,"lpr":457.26,"lq":3.33,"d":905724},{"pi":"422704","pc":"Топливо","ss":20000,"td":"","dc":1,"n":455.73,"vc":"11782","sl":"","sv":"6430","p":3500.0,"q":19.22,"b":3.48,"ms":7.46,"wi":252.85,"ei":6.26,"as":465.4,"mi":"E","mv":86190,"sc":2,"lpe":73.33,"lpr":457.26,"lq":3.33,"d":905724},{"pi":"422704","pc":"Топливо","ss":30000,"td":"","dc":1,"n":689.38,"vc":"74640","sl":"","sv":"12000","p":9797.0,"q":33.21,"b":0.0,"ms":15.71,"wi":134.28,"ei":6.77,"as":449.89,"mi":"E","mv":76380,"sc":1,"lpe":84.29,"lpr":1137.8,"lq":1.0,"d":683314},{"pi":"422704","pc":"Топливо","ss":45000,"td":"","dc":1,"n":640.2,"vc":"17126","sl":"","sv":"4686","p":28000.0,"q":21.65,"b":0.0,"ms":14.43,"wi":267.91,"ei":10.37,"as":2442.36,"mi":"E","mv":32480,"sc":1,"lpe":85.57,"lpr":3511.77,"lq":3.27,"d":167072},{"pi":"422704","pc":"Топливо","ss":30000,"td":"","dc":1,"n":684.33,"vc":"94410","sl":"","sv":"16495","p":10690.0,"q":33.21,"b":0.5,"ms":14.0,"wi":84.97,"ei":10.25,"as":639.3,"mi":"E","mv":117856,"sc":1,"lpe":86.0,"lpr":1207.1,"lq":1.86,"d":1527583},{"pi":"422704","pc":"Топливо","ss":10000,"td":"","dc":1,"n":668.55,"vc":"14966","sl":"","sv":"1093","p":24720.0,"q":33.22,"b":0.0,"ms":1.76,"wi":114.36,"ei":10.52,"as":845.59,"mi":"E","mv":62082,"sc":1,"lpe":98.24,"lpr":2730.85,"lq":1.0,"d":538177},{"pi":"422704","pc":"Топливо","ss":100000,"td":"","dc":1,"n":294.3,"vc":"23683","sl":"","sv":"380000","p":10000.0,"q":25.38,"b":5.53,"ms":20.84,"wi":109.51,"ei":11.99,"as":1325.2,"mi":"E","mv":1823490,"sc":2,"lpe":76.42,"lpr":1946.26,"lq":2.48,"d":6561214},{"pi":"422704","pc":"Топливо","ss":30000,"td":"","dc":1,"n":352.98,"vc":"9487","sl":"","sv":"50000","p":10000.0,"q":20.78,"b":0.0,"ms":2.74,"wi":109.51,"ei":11.99,"as":1325.2,"mi":"E","mv":1823490,"sc":2,"lpe":76.42,"lpr":1946.26,"lq":2.48,"d":6561214},{"pi":"422704","pc":"Топливо","ss":1000,"td":"","dc":1,"n":687.93,"vc":"257","sl":"","sv":"500","p":5000.0,"q":15.04,"b":3.97,"ms":10.57,"wi":60.07,"ei":11.9,"as":886.32,"mi":"E","mv":4732,"sc":1,"lpe":89.43,"lpr":1082.84,"lq":2.21,"d":445742},{"pi":"422704","pc":"Топливо","ss":3000,"td":"","dc":1,"n":644.02,"vc":"6058","sl":"","sv":"663","p":6000.0,"q":24.54,"b":0.0,"ms":5.03,"wi":39.03,"ei":6.2,"as":260.0,"mi":"E","mv":13189,"sc":1,"lpe":94.97,"lpr":658.69,"lq":1.0,"d":77817},{"pi":"422704","pc":"Топливо","ss":15000,"td":"","dc":1,"n":691.31,"vc":"7917","sl":"","sv":"13433","p":8000.0,"q":19.78,"b":6.86,"ms":7.66,"wi":113.6,"ei":13.94,"as":679.12,"mi":"E","mv":175455,"sc":1,"lpe":92.34,"lpr":1096.88,"lq":1.0,"d":881677},{"pi":"422704","pc":"Топливо","ss":30000,"td":"","dc":1,"n":687.32,"vc":"82033","sl":"","sv":"3000","p":9600.0,"q":19.25,"b":6.86,"ms":4.97,"wi":98.23,"ei":8.42,"as":474.18,"mi":"E","mv":60314,"sc":1,"lpe":95.03,"lpr":3325.83,"lq":1.0,"d":548628},{"pi":"422704","pc":"Топливо","ss":175000,"td":"","dc":1,"n":656.36,"vc":"549659","sl":"","sv":"488500","p":8450.0,"q":27.53,"b":4.43,"ms":13.29,"wi":147.51,"ei":10.87,"as":331.13,"mi":"E","mv":3676887,"sc":6,"lpe":86.38,"lpr":1085.58,"lq":2.18,"d":23026019},{"pi":"422704","pc":"Топливо","ss":30000,"td":"","dc":1,"n":156.94,"vc":"4255","sl":"","sv":"10183","p":6474.23,"q":16.51,"b":0.44,"ms":0.28,"wi":147.51,"ei":10.87,"as":331.13,"mi":"E","mv":3676887,"sc":6,"lpe":86.38,"lpr":1085.58,"lq":2.18,"d":23026019},{"pi":"422704","pc":"Топливо","ss":1000,"td":"","dc":1,"n":156.94,"vc":"136","sl":"","sv":"2074","p":5025.34,"q":16.42,"b":0.44,"ms":0.06,"wi":147.51,"ei":10.87,"as":331.13,"mi":"E","mv":3676887,"sc":6,"lpe":86.38,"lpr":1085.58,"lq":2.18,"d":23026019},{"pi":"422704","pc":"Топливо","ss":3000,"td":"","dc":1,"n":4.82,"vc":"122","sl":"","sv":"103","p":3150.0,"q":11.87,"b":0.0,"ms":0.0,"wi":147.51,"ei":10.87,"as":331.13,"mi":"E","mv":3676887,"sc":6,"lpe":86.38,"lpr":1085.58,"lq":2.18,"d":23026019},{"pi":"422704","pc":"Топливо","ss":1000,"td":"","dc":1,"n":356.74,"vc":"181","sl":"","sv":"28","p":5000.0,"q":16.77,"b":0.09,"ms":0.0,"wi":147.51,"ei":10.87,"as":331.13,"mi":"E","mv":3676887,"sc":6,"lpe":86.38,"lpr":1085.58,"lq":2.18,"d":23026019},{"pi":"422704","pc":"Топливо","ss":1000,"td":"","dc":1,"n":259.57,"vc":"235","sl":"","sv":"10","p":8000.0,"q":11.13,"b":0.0,"ms":0.0,"wi":147.51,"ei":10.87,"as":331.13,"mi":"E","mv":3676887,"sc":6,"lpe":86.38,"lpr":1085.58,"lq":2.18,"d":23026019},{"pi":"422704","pc":"Топливо","ss":1000,"td":"","dc":1,"n":628.64,"vc":"1673","sl":"","sv":"2627","p":7711.0,"q":33.22,"b":0.23,"ms":13.01,"wi":29.97,"ei":9.66,"as":426.16,"mi":"E","mv":20197,"sc":1,"lpe":86.99,"lpr":1099.44,"lq":1.07,"d":1008169},{"pi":"422704","pc":"Топливо","ss":275000,"td":"","dc":1,"n":632.07,"vc":"527288","sl":"","sv":"404054","p":8900.0,"q":27.93,"b":4.96,"ms":15.86,"wi":394.9,"ei":8.22,"as":694.55,"mi":"E","mv":2547043,"sc":1,"lpe":84.14,"lpr":1088.79,"lq":1.88,"d":9501607},{"pi":"422704","pc":"Топливо","ss":1000,"td":"","dc":1,"n":335.95,"vc":"137","sl":"","sv":"50","p":11000.0,"q":10.58,"b":0.0,"ms":0.27,"wi":80.61,"ei":6.3,"as":443.37,"mi":"E","mv":18323,"sc":1,"lpe":99.73,"lpr":1863.11,"lq":1.0,"d":115234},{"pi":"422704","pc":"Топливо","ss":150000,"td":"","dc":1,"n":668.74,"vc":"371325","sl":"","sv":"10000","p":11999.0,"q":18.72,"b":3.92,"ms":2.14,"wi":237.1,"ei":8.1,"as":544.78,"mi":"E","mv":466619,"sc":2,"lpe":97.85,"lpr":1317.27,"lq":1.0,"d":1532131},{"pi":"422704","pc":"Топливо","ss":1000,"td":"","dc":1,"n":411.6,"vc":"390","sl":"","sv":"44","p":9500.0,"q":11.83,"b":0.48,"ms":0.01,"wi":237.1,"ei":8.1,"as":544.78,"mi":"E","mv":466619,"sc":2,"lpe":97.85,"lpr":1317.27,"lq":1.0,"d":1532131},{"pi":"422704","pc":"Топливо","ss":1000,"td":"","dc":1,"n":271.99,"vc":"237","sl":"","sv":"105","p":10000.0,"q":11.83,"b":1.2,"ms":0.02,"wi":207.16,"ei":8.03,"as":511.29,"mi":"E","mv":501515,"sc":1,"lpe":99.98,"lpr":1542.27,"lq":1.0,"d":1709120},{"pi":"422704","pc":"Топливо","ss":30000,"td":"","dc":1,"n":671.92,"vc":"87856","sl":"","sv":"24043","p":8000.0,"q":19.25,"b":5.14,"ms":23.28,"wi":193.97,"ei":9.7,"as":1049.77,"mi":"E","mv":103263,"sc":1,"lpe":76.72,"lpr":928.46,"lq":3.0,"d":896078},{"pi":"422704","pc":"Топливо","ss":3000,"td":"","dc":1,"n":583.82,"vc":"664","sl":"","sv":"908","p":8000.0,"q":24.54,"b":0.46,"ms":2.93,"wi":80.67,"ei":7.3,"as":300.98,"mi":"E","mv":31030,"sc":1,"lpe":97.07,"lpr":1113.87,"lq":1.0,"d":162505},{"pi":"422704","pc":"Топливо","ss":10000,"td":"","dc":1,"n":691.14,"vc":"23509","sl":"","sv":"4000","p":6636.0,"q":33.22,"b":0.0,"ms":17.34,"wi":102.79,"ei":6.73,"as":335.62,"mi":"E","mv":23066,"sc":1,"lpe":82.66,"lpr":777.78,"lq":2.56,"d":279126},{"pi":"422704","pc":"Топливо","ss":100000,"td":"","dc":1,"n":690.1,"vc":"44223","sl":"","sv":"18713","p":10250.0,"q":33.21,"b":2.75,"ms":10.5,"wi":144.2,"ei":10.07,"as":537.52,"mi":"E","mv":178144,"sc":2,"lpe":89.31,"lpr":1194.51,"lq":1.21,"d":866686},{"pi":"422704","pc":"Топливо","ss":30000,"td":"","dc":1,"n":578.4,"vc":"6158","sl":"","sv":"337","p":9500.0,"q":12.52,"b":0.0,"ms":0.19,"wi":144.2,"ei":10.07,"as":537.52,"mi":"E","mv":178144,"sc":2,"lpe":89.31,"lpr":1194.51,"lq":1.21,"d":866686},{"pi":"422704","pc":"Топливо","ss":3000,"td":"","dc":1,"n":476.59,"vc":"1662","sl":"","sv":"5367","p":6900.0,"q":24.54,"b":0.43,"ms":11.33,"wi":75.39,"ei":6.9,"as":407.12,"mi":"E","mv":47359,"sc":1,"lpe":88.67,"lpr":1085.97,"lq":1.28,"d":598774},{"pi":"422704","pc":"Топливо","ss":20000,"td":"","dc":1,"n":401.35,"vc":"11241","sl":"","sv":"40000","p":7000.0,"q":19.59,"b":4.25,"ms":10.68,"wi":76.8,"ei":9.96,"as":602.66,"mi":"E","mv":374592,"sc":1,"lpe":89.32,"lpr":1377.67,"lq":1.17,"d":2032553},{"pi":"422704","pc":"Топливо","ss":60000,"td":"","dc":1,"n":646.16,"vc":"14494","sl":"","sv":"16000","p":6800.0,"q":19.25,"b":6.36,"ms":34.33,"wi":101.65,"ei":7.46,"as":421.89,"mi":"E","mv":46611,"sc":1,"lpe":65.67,"lpr":981.17,"lq":2.19,"d":306220},{"pi":"422704","pc":"Топливо","ss":20000,"td":"","dc":1,"n":249.93,"vc":"1302","sl":"","sv":"40000","p":5000.0,"q":19.59,"b":2.72,"ms":21.46,"wi":50.26,"ei":8.15,"as":364.7,"mi":"E","mv":186430,"sc":1,"lpe":78.54,"lpr":1144.07,"lq":1.0,"d":2054061},{"pi":"422704","pc":"Топливо","ss":10000,"td":"","dc":1,"n":33.46,"vc":"648","sl":"","sv":"20","p":5000.0,"q":9.08,"b":0.13,"ms":0.03,"wi":37.73,"ei":7.11,"as":296.55,"mi":"E","mv":62295,"sc":1,"lpe":99.97,"lpr":1079.89,"lq":1.0,"d":662407},{"pi":"422704","pc":"Топливо","ss":3000,"td":"","dc":1,"n":550.43,"vc":"1657","sl":"","sv":"10606","p":6617.0,"q":33.21,"b":0.23,"ms":4.17,"wi":999.0,"ei":14.81,"as":1155.47,"mi":"E","mv":254258,"sc":1,"lpe":95.83,"lpr":1146.71,"lq":1.0,"d":2542720},{"pi":"422704","pc":"Топливо","ss":10000,"td":"","dc":1,"n":566.74,"vc":"1581","sl":"","sv":"4410","p":6816.0,"q":33.22,"b":0.0,"ms":9.89,"wi":26.0,"ei":9.8,"as":693.66,"mi":"E","mv":44599,"sc":1,"lpe":90.11,"lpr":1069.8,"lq":1.82,"d":2128297},{"pi":"422704","pc":"Топливо","ss":1000,"td":"","dc":1,"n":155.34,"vc":"110","sl":"","sv":"120","p":5000.0,"q":12.72,"b":0.0,"ms":1.23,"wi":55.94,"ei":6.09,"as":283.5,"mi":"E","mv":9767,"sc":1,"lpe":98.77,"lpr":1036.62,"lq":1.0,"d":100758},{"pi":"422704","pc":"Топливо","ss":3000,"td":"","dc":1,"n":622.66,"vc":"5390","sl":"","sv":"590","p":10000.0,"q":24.54,"b":0.0,"ms":4.5,"wi":58.95,"ei":5.78,"as":288.75,"mi":"E","mv":13123,"sc":1,"lpe":95.5,"lpr":1102.39,"lq":1.0,"d":86211},{"pi":"422704","pc":"Топливо","ss":25000,"td":"","dc":1,"n":237.07,"vc":"1090","sl":"","sv":"19747","p":5000.0,"q":20.03,"b":3.96,"ms":19.85,"wi":19.06,"ei":12.16,"as":215.31,"mi":"E","mv":99482,"sc":1,"lpe":80.15,"lpr":1004.1,"lq":1.05,"d":5155099},{"pi":"422704","pc":"Топливо","ss":1000,"td":"","dc":1,"n":75.05,"vc":"27","sl":"","sv":"436","p":13000.0,"q":10.58,"b":0.0,"ms":5.13,"wi":23.55,"ei":9.78,"as":317.86,"mi":"E","mv":8501,"sc":1,"lpe":94.87,"lpr":3735.83,"lq":1.0,"d":1431240},{"pi":"422704","pc":"Топливо","ss":30000,"td":"","dc":1,"n":697.6,"vc":"33941","sl":"","sv":"3715","p":5500.0,"q":24.3,"b":7.62,"ms":10.01,"wi":99.82,"ei":3.98,"as":716.35,"mi":"E","mv":37130,"sc":1,"lpe":89.99,"lpr":567.32,"lq":1.09,"d":260187},{"pi":"422704","pc":"Топливо","ss":30000,"td":"","dc":1,"n":689.3,"vc":"18564","sl":"","sv":"6755","p":9497.0,"q":33.21,"b":0.0,"ms":7.22,"wi":177.95,"ei":13.76,"as":1000.64,"mi":"E","mv":93553,"sc":1,"lpe":92.78,"lpr":1174.27,"lq":1.0,"d":687610},{"pi":"422704","pc":"Топливо","ss":10000,"td":"","dc":1,"n":627.17,"vc":"4760","sl":"","sv":"15658","p":7428.0,"q":33.21,"b":0.83,"ms":14.94,"wi":106.38,"ei":5.22,"as":918.66,"mi":"E","mv":104803,"sc":1,"lpe":85.06,"lpr":1155.26,"lq":2.29,"d":817888},{"pi":"422704","pc":"Топливо","ss":3000,"td":"","dc":1,"n":579.31,"vc":"1677","sl":"","sv":"579","p":9999.99,"q":15.03,"b":0.0,"ms":6.66,"wi":68.32,"ei":10.38,"as":587.22,"mi":"E","mv":8695,"sc":1,"lpe":93.34,"lpr":1382.36,"lq":1.0,"d":223784},{"pi":"422704","pc":"Топливо","ss":100000,"td":"","dc":1,"n":692.65,"vc":"104936","sl":"","sv":"22974","p":8690.0,"q":19.34,"b":2.92,"ms":24.89,"wi":139.51,"ei":9.98,"as":1185.72,"mi":"E","mv":92290,"sc":2,"lpe":57.59,"lpr":1014.25,"lq":3.5,"d":806349},{"pi":"422704","pc":"Топливо","ss":3000,"td":"","dc":1,"n":488.08,"vc":"727","sl":"","sv":"16168","p":5000.0,"q":25.16,"b":6.0,"ms":17.52,"wi":139.51,"ei":9.98,"as":1185.72,"mi":"E","mv":92290,"sc":2,"lpe":57.59,"lpr":1014.25,"lq":3.5,"d":806349},{"pi":"422704","pc":"Топливо","ss":15000,"td":"","dc":1,"n":693.85,"vc":"46592","sl":"","sv":"10000","p":6500.0,"q":19.25,"b":6.36,"ms":5.88,"wi":101.47,"ei":8.12,"as":442.08,"mi":"E","mv":170196,"sc":2,"lpe":91.19,"lpr":1078.97,"lq":1.0,"d":549458},{"pi":"422704","pc":"Топливо","ss":10000,"td":"","dc":1,"n":657.75,"vc":"24352","sl":"","sv":"5000","p":9156.0,"q":33.22,"b":0.0,"ms":2.94,"wi":101.47,"ei":8.12,"as":442.08,"mi":"E","mv":170196,"sc":2,"lpe":91.19,"lpr":1078.97,"lq":1.0,"d":549458},{"pi":"422704","pc":"Топливо","ss":30000,"td":"","dc":1,"n":692.98,"vc":"63373","sl":"","sv":"21906","p":4883.0,"q":33.21,"b":3.01,"ms":11.7,"wi":85.36,"ei":8.17,"as":454.27,"mi":"E","mv":187308,"sc":2,"lpe":85.69,"lpr":551.32,"lq":1.29,"d":530476},{"pi":"422704","pc":"Топливо","ss":15000,"td":"","dc":1,"n":694.28,"vc":"29817","sl":"","sv":"4896","p":5000.0,"q":19.25,"b":6.36,"ms":2.61,"wi":85.36,"ei":8.17,"as":454.27,"mi":"E","mv":187308,"sc":2,"lpe":85.69,"lpr":551.32,"lq":1.29,"d":530476},{"pi":"422704","pc":"Топливо","ss":30000,"td":"","dc":1,"n":463.17,"vc":"3938","sl":"","sv":"70000","p":5000.0,"q":25.38,"b":6.0,"ms":49.86,"wi":190.14,"ei":10.4,"as":1225.0,"mi":"D","mv":140399,"sc":2,"lpe":43.59,"lpr":1108.76,"lq":4.18,"d":968944},{"pi":"422704","pc":"Топливо","ss":150000,"td":"","dc":1,"n":685.91,"vc":"84056","sl":"","sv":"9201","p":9990.0,"q":19.33,"b":2.95,"ms":6.55,"wi":190.14,"ei":10.4,"as":1225.0,"mi":"D","mv":140399,"sc":2,"lpe":43.59,"lpr":1108.76,"lq":4.18,"d":968944},{"pi":"422704","pc":"Топливо","ss":30000,"td":"","dc":1,"n":432.68,"vc":"4157","sl":"","sv":"50000","p":5000.0,"q":25.38,"b":6.0,"ms":22.88,"wi":127.34,"ei":10.71,"as":1372.0,"mi":"E","mv":218523,"sc":2,"lpe":70.0,"lpr":1407.73,"lq":3.04,"d":1305678},{"pi":"422704","pc":"Топливо","ss":150000,"td":"","dc":1,"n":667.53,"vc":"94788","sl":"","sv":"15564","p":12490.0,"q":19.2,"b":3.26,"ms":7.12,"wi":127.34,"ei":10.71,"as":1372.0,"mi":"E","mv":218523,"sc":2,"lpe":70.0,"lpr":1407.73,"lq":3.04,"d":1305678},{"pi":"422704","pc":"Топливо","ss":3000,"td":"","dc":1,"n":681.08,"vc":"1058","sl":"","sv":"6088","p":7155.0,"q":33.21,"b":0.26,"ms":19.32,"wi":127.31,"ei":8.39,"as":998.3,"mi":"E","mv":31507,"sc":1,"lpe":80.68,"lpr":1219.72,"lq":3.17,"d":266022},{"pi":"422704","pc":"Топливо","ss":3000,"td":"","dc":1,"n":565.74,"vc":"3948","sl":"","sv":"9099","p":7788.0,"q":33.21,"b":0.0,"ms":7.94,"wi":123.96,"ei":6.52,"as":593.48,"mi":"E","mv":114551,"sc":1,"lpe":92.06,"lpr":1199.09,"lq":1.0,"d":522937},{"pi":"422704","pc":"Топливо","ss":10000,"td":"","dc":1,"n":477.87,"vc":"2860","sl":"","sv":"20000","p":11000.0,"q":20.78,"b":0.0,"ms":4.9,"wi":176.86,"ei":9.63,"as":1429.05,"mi":"E","mv":407959,"sc":1,"lpe":95.1,"lpr":5905.81,"lq":1.0,"d":1361714},{"pi":"422704","pc":"Топливо","ss":3000,"td":"","dc":1,"n":607.73,"vc":"805","sl":"","sv":"9322","p":8270.0,"q":33.21,"b":0.0,"ms":11.42,"wi":126.96,"ei":6.65,"as":617.8,"mi":"E","mv":81625,"sc":1,"lpe":88.58,"lpr":1614.58,"lq":2.86,"d":498236},{"pi":"422704","pc":"Топливо","ss":30000,"td":"","dc":1,"n":630.31,"vc":"16482","sl":"","sv":"7596","p":12970.0,"q":33.21,"b":1.13,"ms":2.07,"wi":136.64,"ei":8.24,"as":623.56,"mi":"E","mv":366151,"sc":3,"lpe":97.5,"lpr":1547.44,"lq":1.0,"d":1164293},{"pi":"422704","pc":"Топливо","ss":10000,"td":"","dc":1,"n":317.55,"vc":"853","sl":"","sv":"1080","p":10539.23,"q":17.32,"b":0.85,"ms":0.29,"wi":136.64,"ei":8.24,"as":623.56,"mi":"E","mv":366151,"sc":3,"lpe":97.5,"lpr":1547.44,"lq":1.0,"d":1164293},{"pi":"422704","pc":"Топливо","ss":10000,"td":"","dc":1,"n":317.55,"vc":"853","sl":"","sv":"480","p":11539.23,"q":17.03,"b":0.85,"ms":0.13,"wi":136.64,"ei":8.24,"as":623.56,"mi":"E","mv":366151,"sc":3,"lpe":97.5,"lpr":1547.44,"lq":1.0,"d":1164293},{"pi":"422704","pc":"Топливо","ss":3000,"td":"","dc":1,"n":529.66,"vc":"190","sl":"","sv":"187","p":10200.0,"q":24.54,"b":0.43,"ms":3.39,"wi":26.95,"ei":10.14,"as":383.14,"mi":"E","mv":5522,"sc":1,"lpe":96.61,"lpr":1386.12,"lq":1.0,"d":636135},{"pi":"422704","pc":"Топливо","ss":3000,"td":"","dc":1,"n":646.08,"vc":"241","sl":"","sv":"863","p":7497.0,"q":33.22,"b":0.65,"ms":1.78,"wi":101.28,"ei":4.87,"as":355.62,"mi":"E","mv":48526,"sc":1,"lpe":98.22,"lpr":1134.3,"lq":1.0,"d":1172689},{"pi":"422704","pc":"Топливо","ss":3000,"td":"","dc":1,"n":684.74,"vc":"7571","sl":"","sv":"5000","p":6911.0,"q":33.22,"b":0.0,"ms":17.41,"wi":63.12,"ei":15.29,"as":441.12,"mi":"E","mv":28718,"sc":1,"lpe":82.59,"lpr":917.53,"lq":1.89,"d":481315},{"pi":"422704","pc":"Топливо","ss":8000,"td":"","dc":1,"n":480.42,"vc":"918","sl":"","sv":"3014","p":11200.0,"q":9.96,"b":0.0,"ms":7.05,"wi":75.41,"ei":8.49,"as":847.45,"mi":"E","mv":42745,"sc":1,"lpe":92.95,"lpr":2513.55,"lq":1.0,"d":1283055},{"pi":"422704","pc":"Топливо","ss":30000,"td":"","dc":1,"n":685.85,"vc":"26299","sl":"","sv":"4544","p":17790.0,"q":33.22,"b":0.0,"ms":9.52,"wi":87.55,"ei":9.99,"as":533.33,"mi":"E","mv":47742,"sc":1,"lpe":90.48,"lpr":2076.5,"lq":2.82,"d":1354893},{"pi":"422704","pc":"Топливо","ss":10000,"td":"","dc":1,"n":690.13,"vc":"2628","sl":"","sv":"4279","p":7541.0,"q":33.22,"b":0.56,"ms":6.57,"wi":111.25,"ei":7.42,"as":716.55,"mi":"E","mv":65113,"sc":1,"lpe":93.43,"lpr":1088.87,"lq":1.0,"d":281578},{"pi":"422704","pc":"Топливо","ss":10000,"td":"","dc":1,"n":533.03,"vc":"3048","sl":"","sv":"10002","p":14999.99,"q":15.53,"b":0.0,"ms":28.42,"wi":97.5,"ei":9.02,"as":425.06,"mi":"E","mv":35197,"sc":2,"lpe":57.38,"lpr":3444.84,"lq":1.86,"d":849031},{"pi":"422704","pc":"Топливо","ss":10000,"td":"","dc":1,"n":659.97,"vc":"6237","sl":"","sv":"5000","p":20000.0,"q":33.22,"b":7.01,"ms":14.21,"wi":97.5,"ei":9.02,"as":425.06,"mi":"E","mv":35197,"sc":2,"lpe":57.38,"lpr":3444.84,"lq":1.86,"d":849031},{"pi":"422704","pc":"Топливо","ss":30000,"td":"","dc":1,"n":684.31,"vc":"11962","sl":"","sv":"6458","p":14860.0,"q":33.21,"b":0.0,"ms":11.63,"wi":105.2,"ei":9.66,"as":533.5,"mi":"E","mv":55540,"sc":1,"lpe":88.37,"lpr":1983.65,"lq":3.25,"d":1217629},{"pi":"422704","pc":"Топливо","ss":3000,"td":"","dc":1,"n":505.2,"vc":"2205","sl":"","sv":"175","p":16300.0,"q":13.17,"b":0.03,"ms":0.23,"wi":95.91,"ei":8.61,"as":663.02,"mi":"E","mv":77446,"sc":2,"lpe":99.64,"lpr":2269.49,"lq":1.0,"d":882101},{"pi":"422704","pc":"Топливо","ss":10000,"td":"","dc":1,"n":484.5,"vc":"7128","sl":"","sv":"100","p":10500.0,"q":10.58,"b":0.0,"ms":0.13,"wi":95.91,"ei":8.61,"as":663.02,"mi":"E","mv":77446,"sc":2,"lpe":99.64,"lpr":2269.49,"lq":1.0,"d":882101},{"pi":"422704","pc":"Топливо","ss":15000,"td":"","dc":1,"n":614.47,"vc":"29637","sl":"","sv":"40000","p":5500.0,"q":19.25,"b":5.48,"ms":5.28,"wi":33.84,"ei":9.93,"as":317.4,"mi":"E","mv":757604,"sc":2,"lpe":90.9,"lpr":1102.14,"lq":1.0,"d":13078752},{"pi":"422704","pc":"Топливо","ss":20000,"td":"","dc":1,"n":441.2,"vc":"7493","sl":"","sv":"28924","p":6400.0,"q":12.0,"b":3.81,"ms":3.82,"wi":33.84,"ei":9.93,"as":317.4,"mi":"E","mv":757604,"sc":2,"lpe":90.9,"lpr":1102.14,"lq":1.0,"d":13078752},{"pi":"422704","pc":"Топливо","ss":35000,"td":"","dc":1,"n":688.59,"vc":"62312","sl":"","sv":"40927","p":7500.0,"q":25.97,"b":5.1,"ms":28.48,"wi":228.1,"ei":8.47,"as":853.23,"mi":"E","mv":143724,"sc":1,"lpe":71.52,"lpr":905.16,"lq":3.17,"d":420720},{"pi":"422704","pc":"Топливо","ss":35000,"td":"","dc":1,"n":694.68,"vc":"20632","sl":"","sv":"9034","p":7500.0,"q":20.61,"b":5.1,"ms":10.75,"wi":126.07,"ei":9.09,"as":1179.24,"mi":"E","mv":84050,"sc":2,"lpe":82.71,"lpr":892.56,"lq":1.83,"d":345184},{"pi":"422704","pc":"Топливо","ss":10000,"td":"","dc":1,"n":688.69,"vc":"5038","sl":"","sv":"5499","p":6585.0,"q":33.21,"b":0.58,"ms":6.54,"wi":126.07,"ei":9.09,"as":1179.24,"mi":"E","mv":84050,"sc":2,"lpe":82.71,"lpr":892.56,"lq":1.83,"d":345184},{"pi":"422704","pc":"Топливо","ss":10000,"td":"","dc":1,"n":605.32,"vc":"6228","sl":"","sv":"4531","p":26490.0,"q":33.22,"b":0.0,"ms":1.42,"wi":199.46,"ei":9.29,"as":1878.18,"mi":"E","mv":319542,"sc":1,"lpe":98.58,"lpr":3561.93,"lq":1.0,"d":1078310},{"pi":"422704","pc":"Топливо","ss":100000,"td":"","dc":1,"n":409.96,"vc":"4566","sl":"","sv":"6923","p":12900.0,"q":12.07,"b":0.0,"ms":2.58,"wi":205.51,"ei":9.37,"as":1972.09,"mi":"E","mv":267984,"sc":2,"lpe":96.91,"lpr":2751.66,"lq":1.0,"d":1293976},{"pi":"422704","pc":"Топливо","ss":10000,"td":"","dc":1,"n":506.86,"vc":"2264","sl":"","sv":"1363","p":20000.0,"q":19.45,"b":2.16,"ms":0.51,"wi":205.51,"ei":9.37,"as":1972.09,"mi":"E","mv":267984,"sc":2,"lpe":96.91,"lpr":2751.66,"lq":1.0,"d":1293976},{"pi":"422704","pc":"Топливо","ss":30000,"td":"","dc":1,"n":579.82,"vc":"6855","sl":"","sv":"1876","p":10000.0,"q":15.03,"b":0.0,"ms":2.62,"wi":62.47,"ei":10.62,"as":593.08,"mi":"E","mv":71484,"sc":1,"lpe":97.38,"lpr":1337.28,"lq":1.0,"d":729464}]