[{"d":"01.02.2019","r":78204.0,"q":4.17,"p":6700.0,"s":[{"cn":"ATX Enterprise","ui":"7887687","t":82554.0,"r":78204.0,"q":4.17,"p":6700.0,"mot":"U","mo":78204.0},{"cn":"","ui":"","t":0.0,"r":0.0,"q":0.0,"p":0.0,"mot":"L","mo":0.0}]},{"d":"06.02.2019","r":20203.0,"q":4.17,"p":5500.0,"s":[{"cn":"ATX Enterprise","ui":"7887687","t":26124.0,"r":20203.0,"q":4.17,"p":5500.0,"mot":"U","mo":20203.0},{"cn":"","ui":"","t":0.0,"r":0.0,"q":0.0,"p":0.0,"mot":"L","mo":0.0}]},{"d":"07.02.2019","r":20156.0,"q":4.17,"p":5500.0,"s":[{"cn":"ATX Enterprise","ui":"7887687","t":26076.0,"r":20156.0,"q":4.17,"p":5500.0,"mot":"U","mo":20156.0},{"cn":"","ui":"","t":0.0,"r":0.0,"q":0.0,"p":0.0,"mot":"L","mo":0.0}]},{"d":"08.02.2019","r":14236.0,"q":4.17,"p":5500.0,"s":[{"cn":"ATX Enterprise","ui":"7887687","t":20156.0,"r":14236.0,"q":4.17,"p":5500.0,"mot":"U","mo":14236.0},{"cn":"","ui":"","t":0.0,"r":0.0,"q":0.0,"p":0.0,"mot":"L","mo":0.0}]}]