[{"d":"28.09.2016","r":1500.0,"q":1.0,"p":1.2,"s":[{"ui":"7840063","t":40076.0,"r":40076.0,"q":1.0,"p":1.2,"mot":"L","mo":1500.0},{"cn":"","ui":"","t":0.0,"r":0.0,"q":0.0,"p":0.0,"mot":"L","mo":0.0}]},{"d":"17.10.2016","r":8000.0,"q":1.0,"p":3.0,"s":[{"ui":"7886616","t":8000.0,"r":8000.0,"q":1.0,"p":3.0,"mot":"U","mo":8000.0},{"cn":"","ui":"","t":0.0,"r":0.0,"q":0.0,"p":0.0,"mot":"L","mo":0.0}]},{"d":"18.10.2016","r":5600.0,"q":1.0,"p":3.0,"s":[{"ui":"7886616","t":5600.0,"r":5600.0,"q":1.0,"p":3.0,"mot":"U","mo":5600.0},{"cn":"","ui":"","t":0.0,"r":0.0,"q":0.0,"p":0.0,"mot":"L","mo":0.0}]},{"d":"29.10.2016","r":13169.0,"q":1.0,"p":1.5,"s":[{"ui":"7911554","t":13169.0,"r":13169.0,"q":1.0,"p":1.5,"mot":"U","mo":13169.0},{"cn":"","ui":"","t":0.0,"r":0.0,"q":0.0,"p":0.0,"mot":"L","mo":0.0}]},{"d":"07.11.2016","r":1000.0,"q":1.0,"p":1.5,"s":[{"ui":"7925103","t":1000.0,"r":1000.0,"q":1.0,"p":1.5,"mot":"U","mo":1000.0},{"cn":"","ui":"","t":0.0,"r":0.0,"q":0.0,"p":0.0,"mot":"L","mo":0.0}]},{"d":"08.11.2016","r":1900.0,"q":1.0,"p":1.5,"s":[{"ui":"7925103","t":1900.0,"r":1900.0,"q":1.0,"p":1.5,"mot":"U","mo":1900.0},{"cn":"","ui":"","t":0.0,"r":0.0,"q":0.0,"p":0.0,"mot":"L","mo":0.0}]},{"d":"10.11.2016","r":0.0,"q":0.0,"p":0.0,"s":[{"cn":"","ui":"","t":0.0,"r":0.0,"q":0.0,"p":0.0,"mot":"L","mo":0.0}]},{"d":"24.04.2017","r":1900000.0,"q":1.0,"p":2.0,"s":[{"cn":"хз","ui":"8135998","t":1900000.0,"r":1900000.0,"q":1.0,"p":2.0,"mot":"U","mo":1900000.0},{"cn":"","ui":"","t":0.0,"r":0.0,"q":0.0,"p":0.0,"mot":"L","mo":0.0}]},{"d":"03.06.2017","r":11748.0,"q":1.0,"p":2.74,"s":[{"cn":"ALICE","ui":"8178485","t":11748.0,"r":11748.0,"q":1.0,"p":2.74,"mot":"U","mo":11748.0},{"cn":"","ui":"","t":0.0,"r":0.0,"q":0.0,"p":0.0,"mot":"L","mo":0.0}]},{"d":"20.06.2017","r":144000.0,"q":1.0,"p":2.5,"s":[{"cn":"ILNUR","ui":"8198273","t":144000.0,"r":144000.0,"q":1.0,"p":2.5,"mot":"U","mo":144000.0},{"cn":"","ui":"","t":0.0,"r":0.0,"q":0.0,"p":0.0,"mot":"L","mo":0.0}]},{"d":"09.07.2017","r":100000.0,"q":1.0,"p":1.1,"s":[{"cn":"Xiamon","ui":"8220715","t":100000.0,"r":100000.0,"q":1.0,"p":1.1,"mot":"L","mo":100000.0},{"cn":"","ui":"","t":0.0,"r":0.0,"q":0.0,"p":0.0,"mot":"L","mo":0.0}]},{"d":"26.03.2018","r":1000.0,"q":3.96,"p":3.0,"s":[{"cn":"belekas","ui":"8502389","t":1890.0,"r":1890.0,"q":3.96,"p":3.0,"mot":"L","mo":1000.0},{"cn":"","ui":"","t":0.0,"r":0.0,"q":0.0,"p":0.0,"mot":"L","mo":0.0}]},{"d":"16.05.2018","r":13500.0,"q":1.0,"p":6.0,"s":[{"cn":"ТМБК_торговая площадь","ui":"8551257","t":18500.0,"r":13500.0,"q":1.0,"p":6.0,"mot":"L","mo":13500.0},{"cn":"","ui":"","t":0.0,"r":0.0,"q":0.0,"p":0.0,"mot":"L","mo":0.0}]},{"d":"17.05.2018","r":1500.0,"q":1.0,"p":6.0,"s":[{"cn":"ТМБК_торговая площадь","ui":"8551257","t":1500.0,"r":1500.0,"q":1.0,"p":6.0,"mot":"L","mo":1500.0},{"cn":"","ui":"","t":0.0,"r":0.0,"q":0.0,"p":0.0,"mot":"L","mo":0.0}]},{"d":"21.05.2018","r":20000.0,"q":1.0,"p":1.5,"s":[{"cn":"Masterdog Limited","ui":"8556323","t":20000.0,"r":20000.0,"q":1.0,"p":1.5,"mot":"U","mo":20000.0},{"cn":"","ui":"","t":0.0,"r":0.0,"q":0.0,"p":0.0,"mot":"L","mo":0.0}]},{"d":"22.05.2018","r":107000.0,"q":1.0,"p":2.0,"s":[{"cn":"Masterdog Limited","ui":"8557510","t":107000.0,"r":107000.0,"q":1.0,"p":2.0,"mot":"U","mo":107000.0},{"cn":"","ui":"","t":0.0,"r":0.0,"q":0.0,"p":0.0,"mot":"L","mo":0.0}]},{"d":"23.05.2018","r":95424.0,"q":1.0,"p":1.05,"s":[{"cn":"Masterdog Limited","ui":"8557510","t":101212.0,"r":95424.0,"q":1.0,"p":1.05,"mot":"U","mo":95424.0},{"cn":"","ui":"","t":0.0,"r":0.0,"q":0.0,"p":0.0,"mot":"L","mo":0.0}]},{"d":"06.06.2018","r":174800.0,"q":1.0,"p":1.4,"s":[{"cn":"Ротор_","ui":"8570286","t":177200.0,"r":174800.0,"q":1.0,"p":1.4,"mot":"U","mo":174800.0},{"cn":"","ui":"","t":0.0,"r":0.0,"q":0.0,"p":0.0,"mot":"L","mo":0.0}]},{"d":"07.06.2018","r":51200.0,"q":1.0,"p":1.4,"s":[{"cn":"Ротор_","ui":"8570286","t":65600.0,"r":51200.0,"q":1.0,"p":1.4,"mot":"U","mo":51200.0},{"cn":"","ui":"","t":0.0,"r":0.0,"q":0.0,"p":0.0,"mot":"L","mo":0.0}]},{"d":"08.06.2018","r":0.0,"q":0.0,"p":0.0,"s":[{"cn":"","ui":"","t":0.0,"r":0.0,"q":0.0,"p":0.0,"mot":"L","mo":0.0}]},{"d":"18.02.2019","r":1000.0,"q":1.0,"p":1.38,"s":[{"cn":"Lommel Inc.","ui":"8855227","t":25000.0,"r":1000.0,"q":1.0,"p":1.38,"mot":"U","mo":1000.0},{"cn":"","ui":"","t":0.0,"r":0.0,"q":0.0,"p":0.0,"mot":"L","mo":0.0}]},{"d":"19.02.2019","r":232000.0,"q":1.0,"p":1.5,"s":[{"cn":"Lommel Inc.","ui":"8855227","t":232000.0,"r":232000.0,"q":1.0,"p":1.5,"mot":"U","mo":232000.0},{"cn":"","ui":"","t":0.0,"r":0.0,"q":0.0,"p":0.0,"mot":"L","mo":0.0}]},{"d":"20.02.2019","r":205954.0,"q":1.0,"p":1.5,"s":[{"cn":"Lommel Inc.","ui":"8855227","t":208848.0,"r":205954.0,"q":1.0,"p":1.5,"mot":"U","mo":205954.0},{"cn":"","ui":"","t":0.0,"r":0.0,"q":0.0,"p":0.0,"mot":"L","mo":0.0}]},{"d":"11.03.2019","r":14904.0,"q":1.0,"p":2.0,"s":[{"cn":"newbiznes Инвест","ui":"8878562","t":14904.0,"r":14904.0,"q":1.0,"p":2.0,"mot":"U","mo":14904.0},{"cn":"","ui":"","t":0.0,"r":0.0,"q":0.0,"p":0.0,"mot":"L","mo":0.0}]},{"d":"08.10.2019","r":2000.0,"q":10.0,"p":12.0,"s":[{"cn":"Sales Managers Group","ui":"9135315","t":43240.0,"r":43240.0,"q":10.0,"p":12.0,"mot":"L","mo":2000.0},{"cn":"","ui":"","t":0.0,"r":0.0,"q":0.0,"p":0.0,"mot":"L","mo":0.0}]},{"d":"09.10.2019","r":2000.0,"q":10.0,"p":12.0,"s":[{"cn":"Sales Managers Group","ui":"9135315","t":48905.0,"r":43545.0,"q":10.0,"p":12.0,"mot":"L","mo":2000.0},{"cn":"","ui":"","t":0.0,"r":0.0,"q":0.0,"p":0.0,"mot":"L","mo":0.0}]},{"d":"22.10.2019","r":11000.0,"q":1.0,"p":3.0,"s":[{"cn":"Domivic Limited","ui":"9166679","t":12000.0,"r":11000.0,"q":1.0,"p":3.0,"mot":"U","mo":11000.0},{"cn":"","ui":"","t":0.0,"r":0.0,"q":0.0,"p":0.0,"mot":"L","mo":0.0}]},{"d":"18.12.2019","r":400.0,"q":1.0,"p":2.0,"s":[{"cn":"hegemony","ui":"9269422","t":1700.0,"r":1700.0,"q":1.0,"p":2.0,"mot":"L","mo":400.0},{"cn":"","ui":"","t":0.0,"r":0.0,"q":0.0,"p":0.0,"mot":"L","mo":0.0}]},{"d":"19.12.2019","r":400.0,"q":1.0,"p":2.0,"s":[{"cn":"hegemony","ui":"9269422","t":4100.0,"r":4100.0,"q":1.0,"p":2.0,"mot":"L","mo":400.0},{"cn":"","ui":"","t":0.0,"r":0.0,"q":0.0,"p":0.0,"mot":"L","mo":0.0}]},{"d":"25.12.2019","r":22000.0,"q":1.0,"p":0.5,"s":[{"cn":"Orbit Industries","ui":"9279320","t":22000.0,"r":22000.0,"q":1.0,"p":0.5,"mot":"U","mo":22000.0},{"cn":"","ui":"","t":0.0,"r":0.0,"q":0.0,"p":0.0,"mot":"L","mo":0.0}]},{"d":"13.01.2020","r":12800.0,"q":1.0,"p":1.6,"s":[{"cn":"11 Home Stores","ui":"9309427","t":12800.0,"r":12800.0,"q":1.0,"p":1.6,"mot":"U","mo":12800.0},{"cn":"","ui":"","t":0.0,"r":0.0,"q":0.0,"p":0.0,"mot":"L","mo":0.0}]},{"d":"02.03.2020","r":99400.0,"q":1.61,"p":2.9,"s":[{"cn":"Б1117-38.03.02(1)_Название команды","ui":"9374477","t":101400.0,"r":99400.0,"q":1.61,"p":2.9,"mot":"U","mo":99400.0},{"cn":"","ui":"","t":0.0,"r":0.0,"q":0.0,"p":0.0,"mot":"L","mo":0.0}]},{"d":"07.05.2020","r":10800.0,"q":1.0,"p":1.15,"s":[{"cn":"Bizbots Ltd.","ui":"9480903","t":18952.0,"r":10800.0,"q":1.0,"p":1.15,"mot":"U","mo":10800.0},{"cn":"","ui":"","t":0.0,"r":0.0,"q":0.0,"p":0.0,"mot":"L","mo":0.0}]},{"d":"08.05.2020","r":18944.0,"q":1.0,"p":1.15,"s":[{"cn":"Bizbots Ltd.","ui":"9480903","t":26444.0,"r":18944.0,"q":1.0,"p":1.15,"mot":"U","mo":18944.0},{"cn":"","ui":"","t":0.0,"r":0.0,"q":0.0,"p":0.0,"mot":"L","mo":0.0}]},{"d":"20.10.2020","r":133270.0,"q":1.0,"p":2.0,"s":[{"cn":"Svatomir Ltd.","ui":"9727155","t":162670.0,"r":133270.0,"q":1.0,"p":2.0,"mot":"U","mo":133270.0},{"cn":"","ui":"","t":0.0,"r":0.0,"q":0.0,"p":0.0,"mot":"L","mo":0.0}]},{"d":"07.05.2021","r":5000.0,"q":1.0,"p":5.0,"s":[{"cn":"Deshevo.top","ui":"10059467","t":15000.0,"r":15000.0,"q":1.0,"p":5.0,"mot":"L","mo":5000.0},{"cn":"","ui":"","t":0.0,"r":0.0,"q":0.0,"p":0.0,"mot":"L","mo":0.0}]},{"d":"12.05.2021","r":70000.0,"q":1.0,"p":1.6,"s":[{"cn":"Б1118-38.03.01(2)_рога и копыта","ui":"10069076","t":70000.0,"r":70000.0,"q":1.0,"p":1.6,"mot":"U","mo":70000.0},{"cn":"","ui":"","t":0.0,"r":0.0,"q":0.0,"p":0.0,"mot":"L","mo":0.0}]},{"d":"14.05.2021","r":392540.0,"q":1.0,"p":1.7,"s":[{"cn":"Б1118-38.03.01(2)_рога и копыта","ui":"10069076","t":398094.0,"r":392540.0,"q":1.0,"p":1.7,"mot":"U","mo":392540.0},{"cn":"","ui":"","t":0.0,"r":0.0,"q":0.0,"p":0.0,"mot":"L","mo":0.0}]},{"d":"21.03.2022","r":8.0,"q":1.0,"p":1.25,"s":[{"cn":"Б1119-38.03.01_Экономикс","ui":"10561839","t":32.0,"r":8.0,"q":1.0,"p":1.25,"mot":"L","mo":8.0},{"cn":"","ui":"","t":0.0,"r":0.0,"q":0.0,"p":0.0,"mot":"L","mo":0.0}]},{"d":"22.04.2022","r":100.0,"q":1.0,"p":5.0,"s":[{"cn":"Au1499234_16226 Ltd.","ui":"10614401","t":100.0,"r":100.0,"q":1.0,"p":5.0,"mot":"L","mo":100.0},{"cn":"","ui":"","t":0.0,"r":0.0,"q":0.0,"p":0.0,"mot":"L","mo":0.0}]},{"d":"24.05.2022","r":5000.0,"q":1.0,"p":3.0,"s":[{"cn":"Б1120-43.03.03 гд крутышки-малышки","ui":"10672886","t":10050.0,"r":5050.0,"q":1.0,"p":3.0,"mot":"L","mo":5000.0},{"cn":"","ui":"","t":0.0,"r":0.0,"q":0.0,"p":0.0,"mot":"L","mo":0.0}]},{"d":"24.06.2022","r":20000.0,"q":1.0,"p":20.0,"s":[{"cn":"Au1472884_12025 Ltd.","ui":"10723608","t":100000.0,"r":100000.0,"q":1.0,"p":20.0,"mot":"L","mo":20000.0},{"cn":"","ui":"","t":0.0,"r":0.0,"q":0.0,"p":0.0,"mot":"L","mo":0.0}]},{"d":"17.08.2022","r":13817.0,"q":1.0,"p":2.5,"s":[{"cn":"Gtzocb Ltd.","ui":"10801137","t":16711.0,"r":13817.0,"q":1.0,"p":2.5,"mot":"U","mo":13817.0},{"cn":"","ui":"","t":0.0,"r":0.0,"q":0.0,"p":0.0,"mot":"L","mo":0.0}]},{"d":"22.08.2022","r":1530.0,"q":1.0,"p":2.0,"s":[{"cn":"Gtzocb Ltd.","ui":"10808256","t":1530.0,"r":1530.0,"q":1.0,"p":2.0,"mot":"U","mo":1530.0},{"cn":"","ui":"","t":0.0,"r":0.0,"q":0.0,"p":0.0,"mot":"L","mo":0.0}]},{"d":"25.08.2022","r":47370.0,"q":1.0,"p":2.0,"s":[{"cn":"Marvin.illu Ltd.","ui":"10812374","t":50264.0,"r":47370.0,"q":1.0,"p":2.0,"mot":"U","mo":47370.0},{"cn":"","ui":"","t":0.0,"r":0.0,"q":0.0,"p":0.0,"mot":"L","mo":0.0}]},{"d":"26.08.2022","r":0.0,"q":0.0,"p":0.0,"s":[{"cn":"","ui":"","t":0.0,"r":0.0,"q":0.0,"p":0.0,"mot":"L","mo":0.0}]}]