[{"pi":"401966","pc":"Бакалея","ss":100000,"td":"Фешенебельный район","dc":1,"n":675.63,"vc":"306670","sl":"Элитный","sv":"19082","p":1930.0,"q":8.48,"b":5.82,"ms":14.09,"wi":156.39,"ei":6.41,"as":2315.25,"mi":"E","mv":135431,"sc":2,"lpe":72.21,"lpr":626.61,"lq":1.58,"d":680780},{"pi":"401966","pc":"Бакалея","ss":100000,"td":"Центр города","dc":1,"n":546.69,"vc":"591732","sl":"Очень высокий","sv":"18556","p":1188.0,"q":2.78,"b":2.80232808794999E-4,"ms":13.7,"wi":156.39,"ei":6.41,"as":2315.25,"mi":"E","mv":135431,"sc":2,"lpe":72.21,"lpr":626.61,"lq":1.58,"d":680780},{"pi":"401966","pc":"Бакалея","ss":100000,"td":"Центр города","dc":1,"n":560.9,"vc":"717226","sl":"Очень высокий","sv":"92006","p":2360.0,"q":8.93,"b":5.47,"ms":20.66,"wi":131.96,"ei":6.72,"as":1776.47,"mi":"E","mv":445322,"sc":2,"lpe":79.27,"lpr":775.91,"lq":2.75,"d":2542506},{"pi":"401966","pc":"Бакалея","ss":100000,"td":"Центр города","dc":3,"n":161.81,"vc":"15455","sl":"Элитный","sv":"303","p":800.0,"q":4.38,"b":0.44,"ms":0.07,"wi":131.96,"ei":6.72,"as":1776.47,"mi":"E","mv":445322,"sc":2,"lpe":79.27,"lpr":775.91,"lq":2.75,"d":2542506},{"pi":"401966","pc":"Бакалея","ss":10000,"td":"Центр города","dc":2,"n":163.79,"vc":"4943","sl":"Элитный","sv":"3100","p":390.0,"q":2.91,"b":1.45,"ms":0.51,"wi":45.61,"ei":8.95,"as":326.91,"mi":"E","mv":608902,"sc":1,"lpe":99.49,"lpr":474.19,"lq":1.0,"d":2976414},{"pi":"401966","pc":"Бакалея","ss":100000,"td":"Центр города","dc":1,"n":499.54,"vc":"338658","sl":"Элитный","sv":"34000","p":1590.0,"q":8.72,"b":4.79,"ms":10.93,"wi":109.74,"ei":6.39,"as":1332.06,"mi":"E","mv":311203,"sc":1,"lpe":89.07,"lpr":680.14,"lq":2.47,"d":1607580},{"pi":"401966","pc":"Бакалея","ss":100000,"td":"Центр города","dc":1,"n":494.94,"vc":"315478","sl":"Элитный","sv":"39352","p":1380.0,"q":8.55,"b":4.79,"ms":9.76,"wi":115.61,"ei":6.91,"as":1461.51,"mi":"E","mv":403007,"sc":1,"lpe":90.24,"lpr":392.52,"lq":1.24,"d":1489874},{"pi":"401966","pc":"Бакалея","ss":100000,"td":"Центр города","dc":2,"n":324.9,"vc":"149420","sl":"Элитный","sv":"162784","p":408.0,"q":3.94,"b":0.0,"ms":25.93,"wi":31.13,"ei":3.43,"as":151.97,"mi":"E","mv":627769,"sc":1,"lpe":74.07,"lpr":249.89,"lq":1.0,"d":5908898},{"pi":"401966","pc":"Бакалея","ss":100000,"td":"Центр города","dc":2,"n":347.83,"vc":"209092","sl":"Элитный","sv":"145638","p":488.0,"q":5.38,"b":0.0,"ms":22.72,"wi":27.86,"ei":3.43,"as":42.92,"mi":"E","mv":641084,"sc":2,"lpe":77.27,"lpr":241.19,"lq":1.02,"d":9216794},{"pi":"401966","pc":"Бакалея","ss":46800,"td":"Фешенебельный район","dc":1,"n":149.26,"vc":"2080","sl":"Элитный","sv":"77","p":440.0,"q":3.35,"b":0.0,"ms":0.01,"wi":27.86,"ei":3.43,"as":42.92,"mi":"E","mv":641084,"sc":2,"lpe":77.27,"lpr":241.19,"lq":1.02,"d":9216794},{"pi":"401966","pc":"Бакалея","ss":160000,"td":"Окраина","dc":2,"n":539.93,"vc":"592750","sl":"Нормальный","sv":"75709","p":600.0,"q":10.47,"b":4.53,"ms":38.09,"wi":86.72,"ei":7.1,"as":871.5,"mi":"E","mv":198761,"sc":2,"lpe":60.17,"lpr":245.92,"lq":1.48,"d":957768},{"pi":"401966","pc":"Бакалея","ss":100000,"td":"Центр города","dc":1,"n":527.6,"vc":"370004","sl":"Элитный","sv":"3462","p":700.0,"q":5.37,"b":3.79,"ms":1.74,"wi":86.72,"ei":7.1,"as":871.5,"mi":"E","mv":198761,"sc":2,"lpe":60.17,"lpr":245.92,"lq":1.48,"d":957768},{"pi":"401966","pc":"Бакалея","ss":100000,"td":"Центр города","dc":1,"n":591.0,"vc":"742101","sl":"Очень высокий","sv":"15294","p":499.0,"q":2.91,"b":0.0,"ms":23.45,"wi":93.4,"ei":9.12,"as":1117.2,"mi":"E","mv":65230,"sc":1,"lpe":76.55,"lpr":254.01,"lq":1.39,"d":384781},{"pi":"401966","pc":"Бакалея","ss":100000,"td":"Центр города","dc":3,"n":307.75,"vc":"95046","sl":"Элитный","sv":"120558","p":558.0,"q":5.38,"b":0.0,"ms":17.64,"wi":81.91,"ei":8.82,"as":546.4,"mi":"E","mv":683605,"sc":3,"lpe":69.7,"lpr":311.76,"lq":1.09,"d":2598727},{"pi":"401966","pc":"Бакалея","ss":100000,"td":"Фешенебельный район","dc":2,"n":594.19,"vc":"223978","sl":"Элитный","sv":"86580","p":1150.0,"q":10.81,"b":3.89,"ms":12.67,"wi":81.91,"ei":8.82,"as":546.4,"mi":"E","mv":683605,"sc":3,"lpe":69.7,"lpr":311.76,"lq":1.09,"d":2598727},{"pi":"401966","pc":"Бакалея","ss":20100,"td":"Центр города","dc":7,"n":77.42,"vc":"3380","sl":"Очень высокий","sv":"4","p":489.99,"q":5.31,"b":0.0,"ms":0.0,"wi":81.91,"ei":8.82,"as":546.4,"mi":"E","mv":683605,"sc":3,"lpe":69.7,"lpr":311.76,"lq":1.09,"d":2598727},{"pi":"401966","pc":"Бакалея","ss":100,"td":"Центр города","dc":2,"n":0.62,"vc":"107","sl":"Очень низкий","sv":"25","p":375.58,"q":2.49,"b":0.0,"ms":0.03,"wi":21.71,"ei":9.2,"as":243.81,"mi":"E","mv":82347,"sc":1,"lpe":99.97,"lpr":349.58,"lq":1.0,"d":2418266},{"pi":"401966","pc":"Бакалея","ss":8000,"td":"Центр города","dc":7,"n":245.14,"vc":"12354","sl":"Очень низкий","sv":"2568","p":730.0,"q":2.41,"b":0.0,"ms":1.11,"wi":44.53,"ei":12.04,"as":405.27,"mi":"E","mv":230390,"sc":1,"lpe":98.89,"lpr":682.34,"lq":1.0,"d":3315370},{"pi":"401966","pc":"Бакалея","ss":1000,"td":"Центр города","dc":1,"n":125.23,"vc":"1737","sl":"Очень высокий","sv":"110","p":350.0,"q":2.49,"b":0.0,"ms":0.02,"wi":38.91,"ei":11.6,"as":316.91,"mi":"E","mv":544450,"sc":1,"lpe":99.98,"lpr":303.89,"lq":1.0,"d":2455208},{"pi":"401966","pc":"Бакалея","ss":20000,"td":"Окраина","dc":10,"n":251.19,"vc":"10233","sl":"Очень низкий","sv":"36","p":600.0,"q":3.51,"b":0.0,"ms":0.05,"wi":21.21,"ei":4.62,"as":206.96,"mi":"E","mv":78439,"sc":1,"lpe":99.95,"lpr":276.19,"lq":1.0,"d":1571900},{"pi":"401966","pc":"Бакалея","ss":100000,"td":"Центр города","dc":1,"n":370.99,"vc":"80900","sl":"Очень высокий","sv":"70000","p":280.0,"q":4.52,"b":2.47,"ms":29.57,"wi":108.65,"ei":7.35,"as":1291.6,"mi":"E","mv":236714,"sc":2,"lpe":68.77,"lpr":227.69,"lq":1.0,"d":1033752},{"pi":"401966","pc":"Бакалея","ss":4500,"td":"Фешенебельный район","dc":2,"n":330.26,"vc":"1512","sl":"Элитный","sv":"3922","p":250.0,"q":2.49,"b":0.0,"ms":1.66,"wi":108.65,"ei":7.35,"as":1291.6,"mi":"E","mv":236714,"sc":2,"lpe":68.77,"lpr":227.69,"lq":1.0,"d":1033752},{"pi":"401966","pc":"Бакалея","ss":26500,"td":"Фешенебельный район","dc":2,"n":634.52,"vc":"61020","sl":"Нормальный","sv":"15380","p":700.0,"q":2.55,"b":0.0,"ms":6.36,"wi":109.29,"ei":6.7,"as":1597.06,"mi":"E","mv":241816,"sc":4,"lpe":91.32,"lpr":798.35,"lq":1.44,"d":976806},{"pi":"401966","pc":"Бакалея","ss":4500,"td":"Фешенебельный район","dc":2,"n":325.88,"vc":"1500","sl":"Элитный","sv":"3887","p":800.0,"q":2.49,"b":0.0,"ms":1.61,"wi":109.29,"ei":6.7,"as":1597.06,"mi":"E","mv":241816,"sc":4,"lpe":91.32,"lpr":798.35,"lq":1.44,"d":976806},{"pi":"401966","pc":"Бакалея","ss":1000,"td":"Фешенебельный район","dc":3,"n":309.48,"vc":"532","sl":"Очень высокий","sv":"1722","p":1050.0,"q":4.95,"b":0.0,"ms":0.71,"wi":109.29,"ei":6.7,"as":1597.06,"mi":"E","mv":241816,"sc":4,"lpe":91.32,"lpr":798.35,"lq":1.44,"d":976806},{"pi":"401966","pc":"Бакалея","ss":500,"td":"Фешенебельный район","dc":4,"n":132.93,"vc":"138","sl":"Элитный","sv":"3","p":700.0,"q":2.4,"b":0.0,"ms":0.0,"wi":109.29,"ei":6.7,"as":1597.06,"mi":"E","mv":241816,"sc":4,"lpe":91.32,"lpr":798.35,"lq":1.44,"d":976806},{"pi":"401966","pc":"Бакалея","ss":24500,"td":"Центр города","dc":2,"n":296.28,"vc":"34598","sl":"Очень высокий","sv":"34408","p":500.0,"q":2.44,"b":0.0,"ms":5.26,"wi":57.01,"ei":11.71,"as":410.0,"mi":"E","mv":653810,"sc":2,"lpe":91.68,"lpr":428.83,"lq":1.0,"d":2912574},{"pi":"401966","pc":"Бакалея","ss":100000,"td":"Центр города","dc":2,"n":335.39,"vc":"86020","sl":"Очень высокий","sv":"19998","p":1000.0,"q":6.31,"b":0.0,"ms":3.06,"wi":57.01,"ei":11.71,"as":410.0,"mi":"E","mv":653810,"sc":2,"lpe":91.68,"lpr":428.83,"lq":1.0,"d":2912574},{"pi":"401966","pc":"Бакалея","ss":1000,"td":"Спальный район","dc":2,"n":319.94,"vc":"896","sl":"Низкий","sv":"300","p":321.0,"q":2.49,"b":0.0,"ms":1.22,"wi":77.49,"ei":6.62,"as":518.18,"mi":"E","mv":24538,"sc":1,"lpe":98.78,"lpr":708.22,"lq":1.0,"d":116700},{"pi":"401966","pc":"Бакалея","ss":1000,"td":"Центр города","dc":3,"n":208.23,"vc":"626","sl":"Очень высокий","sv":"212","p":600.0,"q":5.34,"b":2.31900943396226,"ms":0.98,"wi":49.72,"ei":6.51,"as":523.69,"mi":"E","mv":21630,"sc":1,"lpe":99.02,"lpr":435.38,"lq":1.0,"d":111396},{"pi":"401966","pc":"Бакалея","ss":1000,"td":"Спальный район","dc":1,"n":317.61,"vc":"976","sl":"Элитный","sv":"1500","p":500.0,"q":2.4,"b":0.0,"ms":5.61,"wi":51.98,"ei":6.5,"as":535.5,"mi":"E","mv":26726,"sc":1,"lpe":94.39,"lpr":505.17,"lq":1.0,"d":154500},{"pi":"401966","pc":"Бакалея","ss":1000,"td":"Фешенебельный район","dc":1,"n":200.22,"vc":"288","sl":"Элитный","sv":"116","p":970.0,"q":2.98,"b":0.0,"ms":0.06,"wi":89.51,"ei":7.06,"as":573.3,"mi":"E","mv":209609,"sc":1,"lpe":99.94,"lpr":1114.09,"lq":1.0,"d":978294},{"pi":"401966","pc":"Бакалея","ss":17800,"td":"Центр города","dc":1,"n":37.19,"vc":"3106","sl":"Элитный","sv":"29402","p":509.99,"q":5.38,"b":0.0,"ms":5.14,"wi":51.89,"ei":9.72,"as":380.0,"mi":"E","mv":571566,"sc":1,"lpe":94.86,"lpr":455.38,"lq":1.0,"d":1850212},{"pi":"401966","pc":"Бакалея","ss":100000,"td":"Центр города","dc":2,"n":525.65,"vc":"686174","sl":"Низкий","sv":"40000","p":900.0,"q":5.38,"b":0.71,"ms":2.51,"wi":89.14,"ei":7.05,"as":1247.63,"mi":"E","mv":1592461,"sc":2,"lpe":97.49,"lpr":497.55,"lq":1.0,"d":5900984},{"pi":"401966","pc":"Бакалея","ss":11000,"td":"Спальный район","dc":1,"n":49.61,"vc":"2106","sl":"Элитный","sv":"8","p":480.0,"q":2.43,"b":0.71,"ms":0.0,"wi":89.14,"ei":7.05,"as":1247.63,"mi":"E","mv":1592461,"sc":2,"lpe":97.49,"lpr":497.55,"lq":1.0,"d":5900984},{"pi":"401966","pc":"Бакалея","ss":40000,"td":"Центр города","dc":3,"n":451.6,"vc":"125733","sl":"Низкий","sv":"10000","p":520.0,"q":2.49,"b":0.0,"ms":3.66,"wi":92.28,"ei":6.9,"as":352.04,"mi":"E","mv":273277,"sc":2,"lpe":96.34,"lpr":497.48,"lq":1.0,"d":995636},{"pi":"401966","pc":"Бакалея","ss":100,"td":"Спальный район","dc":2,"n":0.08,"vc":"59","sl":"Низкий","sv":"1","p":525.52,"q":2.49,"b":0.0,"ms":0.0,"wi":92.28,"ei":6.9,"as":352.04,"mi":"E","mv":273277,"sc":2,"lpe":96.34,"lpr":497.48,"lq":1.0,"d":995636},{"pi":"401966","pc":"Бакалея","ss":100000,"td":"Центр города","dc":3,"n":420.76,"vc":"135579","sl":"Очень высокий","sv":"10000","p":690.0,"q":5.38,"b":1.52,"ms":4.22,"wi":62.28,"ei":8.99,"as":967.35,"mi":"E","mv":236727,"sc":1,"lpe":95.78,"lpr":308.73,"lq":1.0,"d":1023950},{"pi":"401966","pc":"Бакалея","ss":100000,"td":"Фешенебельный район","dc":2,"n":488.84,"vc":"27305","sl":"Элитный","sv":"7351","p":700.0,"q":5.38,"b":1.52,"ms":8.48,"wi":51.5,"ei":7.4,"as":852.42,"mi":"E","mv":86672,"sc":1,"lpe":91.52,"lpr":271.8,"lq":1.0,"d":366048},{"pi":"401966","pc":"Бакалея","ss":100000,"td":"Фешенебельный район","dc":2,"n":540.52,"vc":"34549","sl":"Элитный","sv":"18145","p":300.0,"q":5.3,"b":1.52,"ms":43.53,"wi":74.03,"ei":6.9,"as":1107.15,"mi":"E","mv":41682,"sc":1,"lpe":56.47,"lpr":135.12,"lq":1.0,"d":173342},{"pi":"401966","pc":"Бакалея","ss":10000,"td":"Фешенебельный район","dc":10,"n":406.23,"vc":"4785","sl":"Низкий","sv":"915","p":600.0,"q":2.45,"b":0.0,"ms":0.98,"wi":38.84,"ei":6.46,"as":550.2,"mi":"E","mv":93669,"sc":2,"lpe":98.81,"lpr":552.07,"lq":1.0,"d":1548177},{"pi":"401966","pc":"Бакалея","ss":1000,"td":"Фешенебельный район","dc":10,"n":165.33,"vc":"250","sl":"Очень высокий","sv":"200","p":400.0,"q":2.4,"b":0.0,"ms":0.21,"wi":38.84,"ei":6.46,"as":550.2,"mi":"E","mv":93669,"sc":2,"lpe":98.81,"lpr":552.07,"lq":1.0,"d":1548177},{"pi":"401966","pc":"Бакалея","ss":100000,"td":"Фешенебельный район","dc":8,"n":397.06,"vc":"23898","sl":"Очень низкий","sv":"4599","p":450.0,"q":2.49,"b":0.0,"ms":20.62,"wi":19.23,"ei":4.49,"as":270.88,"mi":"E","mv":22307,"sc":1,"lpe":79.38,"lpr":445.39,"lq":1.03,"d":1469374},{"pi":"401966","pc":"Бакалея","ss":4500,"td":"Фешенебельный район","dc":2,"n":332.35,"vc":"1506","sl":"Элитный","sv":"5000","p":600.0,"q":2.49,"b":0.0,"ms":1.66,"wi":88.01,"ei":6.7,"as":1123.0,"mi":"E","mv":300467,"sc":1,"lpe":98.34,"lpr":620.01,"lq":1.0,"d":873551},{"pi":"401966","pc":"Бакалея","ss":7100,"td":"Фешенебельный район","dc":2,"n":235.93,"vc":"1040","sl":"Элитный","sv":"2488","p":700.0,"q":2.49,"b":0.0,"ms":0.78,"wi":88.74,"ei":6.0,"as":1057.94,"mi":"E","mv":320093,"sc":1,"lpe":99.22,"lpr":617.6,"lq":1.0,"d":930610},{"pi":"401966","pc":"Бакалея","ss":10000,"td":"Спальный район","dc":2,"n":213.41,"vc":"4223","sl":"Элитный","sv":"3389","p":505.0,"q":5.38,"b":0.0,"ms":2.89,"wi":45.03,"ei":10.64,"as":673.75,"mi":"E","mv":117365,"sc":4,"lpe":93.61,"lpr":655.71,"lq":1.0,"d":2541514},{"pi":"401966","pc":"Бакалея","ss":10000,"td":"Спальный район","dc":3,"n":156.77,"vc":"2778","sl":"Элитный","sv":"2544","p":507.0,"q":4.98,"b":0.0,"ms":2.17,"wi":45.03,"ei":10.64,"as":673.75,"mi":"E","mv":117365,"sc":4,"lpe":93.61,"lpr":655.71,"lq":1.0,"d":2541514},{"pi":"401966","pc":"Бакалея","ss":10000,"td":"Фешенебельный район","dc":2,"n":156.65,"vc":"832","sl":"Элитный","sv":"1165","p":330.0,"q":2.49,"b":0.0,"ms":0.99,"wi":45.03,"ei":10.64,"as":673.75,"mi":"E","mv":117365,"sc":4,"lpe":93.61,"lpr":655.71,"lq":1.0,"d":2541514},{"pi":"401966","pc":"Бакалея","ss":500,"td":"Центр города","dc":2,"n":65.25,"vc":"503","sl":"Очень высокий","sv":"400","p":537.0,"q":2.4,"b":0.0,"ms":0.34,"wi":45.03,"ei":10.64,"as":673.75,"mi":"E","mv":117365,"sc":4,"lpe":93.61,"lpr":655.71,"lq":1.0,"d":2541514},{"pi":"401966","pc":"Бакалея","ss":10000,"td":"Центр города","dc":1,"n":531.26,"vc":"81464","sl":"Нормальный","sv":"100000","p":850.0,"q":7.18,"b":0.0,"ms":38.62,"wi":59.25,"ei":8.02,"as":811.4,"mi":"D","mv":258946,"sc":15,"lpe":34.24,"lpr":581.98,"lq":2.13,"d":4968783},{"pi":"401966","pc":"Бакалея","ss":10000,"td":"Фешенебельный район","dc":1,"n":557.99,"vc":"22336","sl":"Элитный","sv":"61619","p":600.0,"q":2.49,"b":0.0,"ms":23.8,"wi":59.25,"ei":8.02,"as":811.4,"mi":"D","mv":258946,"sc":15,"lpe":34.24,"lpr":581.98,"lq":2.13,"d":4968783},{"pi":"401966","pc":"Бакалея","ss":9800,"td":"Фешенебельный район","dc":7,"n":273.44,"vc":"2690","sl":"Элитный","sv":"5773","p":710.0,"q":5.38,"b":0.0,"ms":2.23,"wi":59.25,"ei":8.02,"as":811.4,"mi":"D","mv":258946,"sc":15,"lpe":34.24,"lpr":581.98,"lq":2.13,"d":4968783},{"pi":"401966","pc":"Бакалея","ss":7000,"td":"Центр города","dc":6,"n":226.61,"vc":"10514","sl":"Очень низкий","sv":"1098","p":640.0,"q":2.44,"b":0.0,"ms":0.42,"wi":59.25,"ei":8.02,"as":811.4,"mi":"D","mv":258946,"sc":15,"lpe":34.24,"lpr":581.98,"lq":2.13,"d":4968783},{"pi":"401966","pc":"Бакалея","ss":6300,"td":"Центр города","dc":6,"n":162.51,"vc":"9356","sl":"Очень низкий","sv":"772","p":720.0,"q":2.85,"b":0.0,"ms":0.3,"wi":59.25,"ei":8.02,"as":811.4,"mi":"D","mv":258946,"sc":15,"lpe":34.24,"lpr":581.98,"lq":2.13,"d":4968783},{"pi":"401966","pc":"Бакалея","ss":7300,"td":"Центр города","dc":10,"n":350.08,"vc":"25965","sl":"Очень низкий","sv":"300","p":600.0,"q":3.89,"b":0.0,"ms":0.12,"wi":59.25,"ei":8.02,"as":811.4,"mi":"D","mv":258946,"sc":15,"lpe":34.24,"lpr":581.98,"lq":2.13,"d":4968783},{"pi":"401966","pc":"Бакалея","ss":10000,"td":"Центр города","dc":10,"n":162.23,"vc":"5318","sl":"Низкий","sv":"300","p":650.0,"q":2.4,"b":0.0,"ms":0.12,"wi":59.25,"ei":8.02,"as":811.4,"mi":"D","mv":258946,"sc":15,"lpe":34.24,"lpr":581.98,"lq":2.13,"d":4968783},{"pi":"401966","pc":"Бакалея","ss":10000,"td":"Центр города","dc":2,"n":125.2,"vc":"4044","sl":"Нормальный","sv":"299","p":750.0,"q":2.95,"b":0.0,"ms":0.12,"wi":59.25,"ei":8.02,"as":811.4,"mi":"D","mv":258946,"sc":15,"lpe":34.24,"lpr":581.98,"lq":2.13,"d":4968783},{"pi":"401966","pc":"Бакалея","ss":600,"td":"Центр города","dc":5,"n":69.35,"vc":"775","sl":"Очень низкий","sv":"57","p":725.0,"q":4.14,"b":0.0,"ms":0.02,"wi":59.25,"ei":8.02,"as":811.4,"mi":"D","mv":258946,"sc":15,"lpe":34.24,"lpr":581.98,"lq":2.13,"d":4968783},{"pi":"401966","pc":"Бакалея","ss":10000,"td":"Центр города","dc":9,"n":239.88,"vc":"9443","sl":"Нормальный","sv":"23","p":599.99,"q":5.32,"b":0.0,"ms":0.01,"wi":59.25,"ei":8.02,"as":811.4,"mi":"D","mv":258946,"sc":15,"lpe":34.24,"lpr":581.98,"lq":2.13,"d":4968783},{"pi":"401966","pc":"Бакалея","ss":3500,"td":"Фешенебельный район","dc":2,"n":228.04,"vc":"855","sl":"Элитный","sv":"3022","p":900.0,"q":2.49,"b":0.0,"ms":1.22,"wi":77.34,"ei":6.53,"as":961.05,"mi":"E","mv":248036,"sc":1,"lpe":98.78,"lpr":959.37,"lq":1.0,"d":1923606},{"pi":"401966","pc":"Бакалея","ss":100000,"td":"Фешенебельный район","dc":1,"n":567.79,"vc":"189927","sl":"Элитный","sv":"121178","p":865.0,"q":8.53,"b":4.38,"ms":13.79,"wi":107.69,"ei":6.45,"as":681.19,"mi":"E","mv":878648,"sc":3,"lpe":76.53,"lpr":244.93,"lq":1.0,"d":3351144},{"pi":"401966","pc":"Бакалея","ss":100000,"td":"Фешенебельный район","dc":1,"n":675.49,"vc":"535018","sl":"Очень высокий","sv":"85066","p":890.0,"q":8.94,"b":0.0,"ms":9.68,"wi":107.69,"ei":6.45,"as":681.19,"mi":"E","mv":878648,"sc":3,"lpe":76.53,"lpr":244.93,"lq":1.0,"d":3351144},{"pi":"401966","pc":"Бакалея","ss":10000,"td":"Центр города","dc":1,"n":198.67,"vc":"6669","sl":"Элитный","sv":"1","p":600.0,"q":5.38,"b":0.71,"ms":0.0,"wi":107.69,"ei":6.45,"as":681.19,"mi":"E","mv":878648,"sc":3,"lpe":76.53,"lpr":244.93,"lq":1.0,"d":3351144},{"pi":"401966","pc":"Бакалея","ss":100000,"td":"Центр города","dc":2,"n":390.41,"vc":"225468","sl":"Очень высокий","sv":"167319","p":488.0,"q":5.38,"b":0.0,"ms":37.41,"wi":66.64,"ei":6.73,"as":726.6,"mi":"E","mv":447281,"sc":1,"lpe":62.59,"lpr":236.02,"lq":1.0,"d":3164786},{"pi":"401966","pc":"Бакалея","ss":44400,"td":"Центр города","dc":2,"n":164.43,"vc":"5124","sl":"Элитный","sv":"4018","p":400.0,"q":3.51,"b":0.0,"ms":10.56,"wi":29.46,"ei":7.95,"as":298.73,"mi":"E","mv":38040,"sc":1,"lpe":89.44,"lpr":275.23,"lq":1.07,"d":833533},{"pi":"401966","pc":"Бакалея","ss":20000,"td":"Центр города","dc":2,"n":241.8,"vc":"7069","sl":"Элитный","sv":"3500","p":1067.16,"q":5.38,"b":3.77,"ms":3.13,"wi":191.47,"ei":9.72,"as":2008.97,"mi":"E","mv":111803,"sc":3,"lpe":96.55,"lpr":2389.14,"lq":1.0,"d":501060},{"pi":"401966","pc":"Бакалея","ss":98000,"td":"Центр города","dc":2,"n":143.19,"vc":"7242","sl":"Элитный","sv":"353","p":1500.0,"q":4.36,"b":3.75932011331445,"ms":0.32,"wi":191.47,"ei":9.72,"as":2008.97,"mi":"E","mv":111803,"sc":3,"lpe":96.55,"lpr":2389.14,"lq":1.0,"d":501060},{"pi":"401966","pc":"Бакалея","ss":30000,"td":"Фешенебельный район","dc":6,"n":192.49,"vc":"893","sl":"Элитный","sv":"1","p":1200.0,"q":5.38,"b":3.77,"ms":0.0,"wi":191.47,"ei":9.72,"as":2008.97,"mi":"E","mv":111803,"sc":3,"lpe":96.55,"lpr":2389.14,"lq":1.0,"d":501060},{"pi":"401966","pc":"Бакалея","ss":100000,"td":"Фешенебельный район","dc":2,"n":518.61,"vc":"31229","sl":"Элитный","sv":"10000","p":650.0,"q":5.38,"b":1.52,"ms":16.67,"wi":55.05,"ei":6.69,"as":836.95,"mi":"E","mv":59974,"sc":2,"lpe":82.87,"lpr":270.66,"lq":1.03,"d":237098},{"pi":"401966","pc":"Бакалея","ss":500,"td":"Центр города","dc":1,"n":200.89,"vc":"794","sl":"Очень высокий","sv":"271","p":360.0,"q":2.46,"b":0.0,"ms":0.45,"wi":55.05,"ei":6.69,"as":836.95,"mi":"E","mv":59974,"sc":2,"lpe":82.87,"lpr":270.66,"lq":1.03,"d":237098},{"pi":"401966","pc":"Бакалея","ss":100000,"td":"Центр города","dc":1,"n":486.37,"vc":"328122","sl":"Элитный","sv":"45883","p":1340.0,"q":8.68,"b":4.45,"ms":6.32,"wi":127.75,"ei":7.06,"as":1642.86,"mi":"E","mv":725466,"sc":3,"lpe":91.16,"lpr":390.28,"lq":1.2,"d":2109186},{"pi":"401966","pc":"Бакалея","ss":100000,"td":"Центр города","dc":2,"n":493.97,"vc":"529502","sl":"Низкий","sv":"16378","p":1000.0,"q":6.49,"b":0.103573085846868,"ms":2.26,"wi":127.75,"ei":7.06,"as":1642.86,"mi":"E","mv":725466,"sc":3,"lpe":91.16,"lpr":390.28,"lq":1.2,"d":2109186},{"pi":"401966","pc":"Бакалея","ss":4500,"td":"Фешенебельный район","dc":2,"n":273.74,"vc":"1382","sl":"Элитный","sv":"1855","p":500.0,"q":2.49,"b":0.0,"ms":0.26,"wi":127.75,"ei":7.06,"as":1642.86,"mi":"E","mv":725466,"sc":3,"lpe":91.16,"lpr":390.28,"lq":1.2,"d":2109186},{"pi":"401966","pc":"Бакалея","ss":100000,"td":"Центр города","dc":2,"n":405.59,"vc":"235534","sl":"Очень высокий","sv":"191247","p":550.0,"q":5.36,"b":0.84,"ms":14.64,"wi":40.67,"ei":5.73,"as":513.32,"mi":"E","mv":1306316,"sc":2,"lpe":85.19,"lpr":293.87,"lq":1.02,"d":7527186},{"pi":"401966","pc":"Бакалея","ss":100000,"td":"Центр города","dc":2,"n":105.65,"vc":"13168","sl":"Элитный","sv":"2248","p":325.0,"q":1.56,"b":1.14,"ms":0.17,"wi":40.67,"ei":5.73,"as":513.32,"mi":"E","mv":1306316,"sc":2,"lpe":85.19,"lpr":293.87,"lq":1.02,"d":7527186},{"pi":"401966","pc":"Бакалея","ss":10000,"td":"Центр города","dc":4,"n":512.58,"vc":"39366","sl":"Низкий","sv":"1200","p":687.0,"q":1.38,"b":0.0,"ms":1.79,"wi":76.21,"ei":6.3,"as":541.77,"mi":"E","mv":66936,"sc":1,"lpe":98.21,"lpr":743.22,"lq":1.0,"d":234171},{"pi":"401966","pc":"Бакалея","ss":100000,"td":"Спальный район","dc":6,"n":166.86,"vc":"6297","sl":"Элитный","sv":"854","p":710.34,"q":5.58,"b":1.08,"ms":0.72,"wi":103.61,"ei":7.21,"as":1060.24,"mi":"E","mv":118949,"sc":1,"lpe":99.28,"lpr":764.01,"lq":1.0,"d":387200},{"pi":"401966","pc":"Бакалея","ss":10000,"td":"Центр города","dc":5,"n":546.9,"vc":"34648","sl":"Очень низкий","sv":"1219","p":600.0,"q":2.8,"b":0.0,"ms":6.44,"wi":22.26,"ei":6.08,"as":509.37,"mi":"E","mv":18930,"sc":3,"lpe":92.97,"lpr":375.92,"lq":1.0,"d":944097},{"pi":"401966","pc":"Бакалея","ss":3000,"td":"Центр города","dc":4,"n":254.9,"vc":"1993","sl":"Низкий","sv":"100","p":600.0,"q":5.38,"b":0.0,"ms":0.53,"wi":22.26,"ei":6.08,"as":509.37,"mi":"E","mv":18930,"sc":3,"lpe":92.97,"lpr":375.92,"lq":1.0,"d":944097},{"pi":"401966","pc":"Бакалея","ss":10000,"td":"Фешенебельный район","dc":10,"n":615.35,"vc":"12933","sl":"Нормальный","sv":"11","p":900.0,"q":2.8,"b":0.0,"ms":0.06,"wi":22.26,"ei":6.08,"as":509.37,"mi":"E","mv":18930,"sc":3,"lpe":92.97,"lpr":375.92,"lq":1.0,"d":944097},{"pi":"401966","pc":"Бакалея","ss":100000,"td":"Центр города","dc":4,"n":498.79,"vc":"423063","sl":"Нормальный","sv":"20197","p":1500.0,"q":3.12,"b":1.22528098232411,"ms":7.75,"wi":73.83,"ei":6.3,"as":571.53,"mi":"E","mv":260499,"sc":1,"lpe":92.25,"lpr":777.9,"lq":1.0,"d":973156},{"pi":"401966","pc":"Бакалея","ss":10000,"td":"Центр города","dc":6,"n":692.16,"vc":"147188","sl":"Очень низкий","sv":"1873","p":450.0,"q":2.57,"b":0.0,"ms":9.31,"wi":19.47,"ei":5.91,"as":526.89,"mi":"E","mv":20113,"sc":2,"lpe":90.58,"lpr":288.28,"lq":1.04,"d":1222279},{"pi":"401966","pc":"Бакалея","ss":10000,"td":"Окраина","dc":2,"n":46.65,"vc":"746","sl":"Элитный","sv":"21","p":730.0,"q":5.38,"b":0.0,"ms":0.1,"wi":19.47,"ei":5.91,"as":526.89,"mi":"E","mv":20113,"sc":2,"lpe":90.58,"lpr":288.28,"lq":1.04,"d":1222279},{"pi":"401966","pc":"Бакалея","ss":1000,"td":"Спальный район","dc":1,"n":333.32,"vc":"1509","sl":"Элитный","sv":"7407","p":800.0,"q":2.49,"b":0.0,"ms":18.63,"wi":100.73,"ei":10.74,"as":1420.16,"mi":"E","mv":39766,"sc":1,"lpe":81.37,"lpr":891.95,"lq":1.29,"d":130817},{"pi":"401966","pc":"Бакалея","ss":10000,"td":"Центр города","dc":2,"n":184.4,"vc":"3906","sl":"Элитный","sv":"1154","p":156.0,"q":2.47,"b":0.0,"ms":0.71,"wi":34.11,"ei":4.91,"as":228.12,"mi":"E","mv":161926,"sc":1,"lpe":99.29,"lpr":273.67,"lq":1.0,"d":982344},{"pi":"401966","pc":"Бакалея","ss":100000,"td":"Фешенебельный район","dc":5,"n":353.45,"vc":"21043","sl":"Очень высокий","sv":"429","p":1007.75,"q":8.18,"b":1.05,"ms":0.04,"wi":51.76,"ei":4.41,"as":655.66,"mi":"E","mv":1003049,"sc":2,"lpe":99.95,"lpr":309.1,"lq":1.0,"d":7172110},{"pi":"401966","pc":"Бакалея","ss":5000,"td":"Фешенебельный район","dc":6,"n":46.14,"vc":"318","sl":"Высокий","sv":"44","p":450.0,"q":2.6,"b":0.0,"ms":0.0,"wi":51.76,"ei":4.41,"as":655.66,"mi":"E","mv":1003049,"sc":2,"lpe":99.95,"lpr":309.1,"lq":1.0,"d":7172110},{"pi":"401966","pc":"Бакалея","ss":100000,"td":"Центр города","dc":2,"n":440.74,"vc":"189402","sl":"Элитный","sv":"45252","p":468.0,"q":5.38,"b":0.0,"ms":50.01,"wi":42.96,"ei":6.25,"as":568.15,"mi":"D","mv":90482,"sc":1,"lpe":49.99,"lpr":207.33,"lq":1.03,"d":482641},{"pi":"401966","pc":"Бакалея","ss":100000,"td":"Центр города","dc":2,"n":352.27,"vc":"111381","sl":"Элитный","sv":"48754","p":1000.0,"q":5.27,"b":1.36,"ms":5.18,"wi":60.25,"ei":9.36,"as":614.31,"mi":"E","mv":941215,"sc":1,"lpe":94.82,"lpr":434.2,"lq":1.0,"d":3832748},{"pi":"401966","pc":"Бакалея","ss":100000,"td":"Спальный район","dc":1,"n":462.96,"vc":"89053","sl":"Элитный","sv":"15289","p":300.0,"q":7.79,"b":3.22,"ms":22.63,"wi":39.55,"ei":4.38,"as":267.33,"mi":"E","mv":67573,"sc":2,"lpe":76.44,"lpr":100.69,"lq":1.08,"d":219870},{"pi":"401966","pc":"Бакалея","ss":10000,"td":"Центр города","dc":2,"n":168.22,"vc":"2052","sl":"Элитный","sv":"633","p":100.0,"q":1.7,"b":1.14,"ms":0.94,"wi":39.55,"ei":4.38,"as":267.33,"mi":"E","mv":67573,"sc":2,"lpe":76.44,"lpr":100.69,"lq":1.08,"d":219870},{"pi":"401966","pc":"Бакалея","ss":100000,"td":"Центр города","dc":2,"n":371.0,"vc":"204396","sl":"Высокий","sv":"221394","p":500.0,"q":5.3,"b":0.92,"ms":8.51,"wi":39.97,"ei":5.34,"as":208.05,"mi":"E","mv":2600225,"sc":4,"lpe":86.46,"lpr":274.58,"lq":1.0,"d":12982716},{"pi":"401966","pc":"Бакалея","ss":100000,"td":"Фешенебельный район","dc":1,"n":588.21,"vc":"371325","sl":"Элитный","sv":"126200","p":539.0,"q":13.05,"b":4.78,"ms":4.85,"wi":39.97,"ei":5.34,"as":208.05,"mi":"E","mv":2600225,"sc":4,"lpe":86.46,"lpr":274.58,"lq":1.0,"d":12982716},{"pi":"401966","pc":"Бакалея","ss":100000,"td":"Центр города","dc":2,"n":87.18,"vc":"13343","sl":"Элитный","sv":"4479","p":232.09,"q":1.53,"b":1.06,"ms":0.17,"wi":39.97,"ei":5.34,"as":208.05,"mi":"E","mv":2600225,"sc":4,"lpe":86.46,"lpr":274.58,"lq":1.0,"d":12982716},{"pi":"401966","pc":"Бакалея","ss":2400,"td":"Центр города","dc":3,"n":1.17,"vc":"2180","sl":"Очень высокий","sv":"100","p":300.0,"q":2.4,"b":1.06,"ms":0.0,"wi":39.97,"ei":5.34,"as":208.05,"mi":"E","mv":2600225,"sc":4,"lpe":86.46,"lpr":274.58,"lq":1.0,"d":12982716},{"pi":"401966","pc":"Бакалея","ss":10000,"td":"Центр города","dc":2,"n":130.23,"vc":"3512","sl":"Элитный","sv":"2040","p":200.0,"q":2.82,"b":1.06,"ms":3.88,"wi":21.73,"ei":4.97,"as":339.62,"mi":"E","mv":52594,"sc":2,"lpe":96.11,"lpr":389.74,"lq":1.0,"d":2278596},{"pi":"401966","pc":"Бакалея","ss":100000,"td":"Центр города","dc":5,"n":556.72,"vc":"663064","sl":"Очень низкий","sv":"6","p":1292.75,"q":2.61,"b":0.18,"ms":0.01,"wi":21.73,"ei":4.97,"as":339.62,"mi":"E","mv":52594,"sc":2,"lpe":96.11,"lpr":389.74,"lq":1.0,"d":2278596},{"pi":"401966","pc":"Бакалея","ss":1000,"td":"Центр города","dc":2,"n":162.32,"vc":"508","sl":"Элитный","sv":"200","p":511.0,"q":2.49,"b":0.0,"ms":0.98,"wi":47.25,"ei":6.62,"as":504.0,"mi":"E","mv":20344,"sc":2,"lpe":98.68,"lpr":528.67,"lq":1.0,"d":128750},{"pi":"401966","pc":"Бакалея","ss":1000,"td":"Центр города","dc":10,"n":602.82,"vc":"9141","sl":"Очень низкий","sv":"68","p":630.0,"q":1.36,"b":0.0,"ms":0.33,"wi":47.25,"ei":6.62,"as":504.0,"mi":"E","mv":20344,"sc":2,"lpe":98.68,"lpr":528.67,"lq":1.0,"d":128750},{"pi":"401966","pc":"Бакалея","ss":4500,"td":"Фешенебельный район","dc":2,"n":325.5,"vc":"1518","sl":"Элитный","sv":"4518","p":1650.0,"q":2.49,"b":0.0,"ms":3.12,"wi":113.29,"ei":8.52,"as":2226.16,"mi":"E","mv":144925,"sc":1,"lpe":96.88,"lpr":1616.31,"lq":1.0,"d":1235082},{"pi":"401966","pc":"Бакалея","ss":2000,"td":"Фешенебельный район","dc":1,"n":501.78,"vc":"2728","sl":"Элитный","sv":"14915","p":330.0,"q":2.41,"b":0.0,"ms":5.52,"wi":100.56,"ei":8.23,"as":1206.09,"mi":"E","mv":270424,"sc":2,"lpe":92.64,"lpr":992.99,"lq":2.1,"d":1395634},{"pi":"401966","pc":"Бакалея","ss":4500,"td":"Фешенебельный район","dc":2,"n":323.02,"vc":"1512","sl":"Элитный","sv":"5000","p":600.0,"q":2.49,"b":0.0,"ms":1.85,"wi":100.56,"ei":8.23,"as":1206.09,"mi":"E","mv":270424,"sc":2,"lpe":92.64,"lpr":992.99,"lq":2.1,"d":1395634},{"pi":"401966","pc":"Бакалея","ss":100000,"td":"Фешенебельный район","dc":1,"n":665.48,"vc":"397348","sl":"Элитный","sv":"15121","p":2640.0,"q":8.55,"b":3.07,"ms":3.33,"wi":78.65,"ei":6.43,"as":351.11,"mi":"E","mv":454586,"sc":3,"lpe":94.16,"lpr":690.92,"lq":1.0,"d":1885836},{"pi":"401966","pc":"Бакалея","ss":12500,"td":"Фешенебельный район","dc":3,"n":334.48,"vc":"3880","sl":"Элитный","sv":"11414","p":650.0,"q":2.49,"b":0.0,"ms":2.51,"wi":78.65,"ei":6.43,"as":351.11,"mi":"E","mv":454586,"sc":3,"lpe":94.16,"lpr":690.92,"lq":1.0,"d":1885836},{"pi":"401966","pc":"Бакалея","ss":100000,"td":"Центр города","dc":2,"n":89.16,"vc":"6923","sl":"Элитный","sv":"12","p":612.0,"q":5.33,"b":0.0,"ms":0.0,"wi":78.65,"ei":6.43,"as":351.11,"mi":"E","mv":454586,"sc":3,"lpe":94.16,"lpr":690.92,"lq":1.0,"d":1885836},{"pi":"401966","pc":"Бакалея","ss":100000,"td":"Фешенебельный район","dc":1,"n":682.94,"vc":"256255","sl":"Элитный","sv":"4","p":2100.0,"q":8.53,"b":3.07,"ms":0.0,"wi":70.88,"ei":6.3,"as":344.6,"mi":"E","mv":254919,"sc":1,"lpe":100.0,"lpr":351.25,"lq":1.0,"d":1061807},{"pi":"401966","pc":"Бакалея","ss":100000,"td":"Фешенебельный район","dc":1,"n":686.33,"vc":"246601","sl":"Элитный","sv":"2","p":2580.0,"q":8.51,"b":3.07,"ms":0.0,"wi":71.14,"ei":6.0,"as":357.48,"mi":"E","mv":262188,"sc":1,"lpe":100.0,"lpr":398.41,"lq":1.0,"d":894855},{"pi":"401966","pc":"Бакалея","ss":100000,"td":"Центр города","dc":1,"n":492.11,"vc":"372920","sl":"Элитный","sv":"87000","p":1070.0,"q":8.72,"b":4.95,"ms":14.55,"wi":116.13,"ei":7.17,"as":2122.22,"mi":"E","mv":597952,"sc":4,"lpe":64.59,"lpr":362.82,"lq":1.14,"d":2596850},{"pi":"401966","pc":"Бакалея","ss":100000,"td":"Центр города","dc":1,"n":542.87,"vc":"607577","sl":"Очень высокий","sv":"57068","p":1350.0,"q":11.28,"b":1.37,"ms":9.54,"wi":116.13,"ei":7.17,"as":2122.22,"mi":"E","mv":597952,"sc":4,"lpe":64.59,"lpr":362.82,"lq":1.14,"d":2596850},{"pi":"401966","pc":"Бакалея","ss":100000,"td":"Центр города","dc":1,"n":487.73,"vc":"536304","sl":"Очень высокий","sv":"52644","p":1100.0,"q":13.89,"b":0.0,"ms":8.8,"wi":116.13,"ei":7.17,"as":2122.22,"mi":"E","mv":597952,"sc":4,"lpe":64.59,"lpr":362.82,"lq":1.14,"d":2596850},{"pi":"401966","pc":"Бакалея","ss":100000,"td":"Центр города","dc":4,"n":152.37,"vc":"14218","sl":"Элитный","sv":"15000","p":609.45,"q":5.38,"b":2.44,"ms":2.51,"wi":116.13,"ei":7.17,"as":2122.22,"mi":"E","mv":597952,"sc":4,"lpe":64.59,"lpr":362.82,"lq":1.14,"d":2596850},{"pi":"401966","pc":"Бакалея","ss":200000,"td":"Центр города","dc":2,"n":333.32,"vc":"324024","sl":"Элитный","sv":"422078","p":485.0,"q":2.49,"b":0.0,"ms":14.16,"wi":102.86,"ei":10.85,"as":2744.68,"mi":"E","mv":2981332,"sc":8,"lpe":77.68,"lpr":386.66,"lq":1.03,"d":9744630},{"pi":"401966","pc":"Бакалея","ss":100000,"td":"Центр города","dc":1,"n":291.23,"vc":"85848","sl":"Элитный","sv":"70000","p":550.0,"q":8.14,"b":1.64,"ms":2.35,"wi":102.86,"ei":10.85,"as":2744.68,"mi":"E","mv":2981332,"sc":8,"lpe":77.68,"lpr":386.66,"lq":1.03,"d":9744630},{"pi":"401966","pc":"Бакалея","ss":200000,"td":"Центр города","dc":1,"n":309.29,"vc":"168240","sl":"Элитный","sv":"70000","p":900.0,"q":9.56,"b":3.63,"ms":2.35,"wi":102.86,"ei":10.85,"as":2744.68,"mi":"E","mv":2981332,"sc":8,"lpe":77.68,"lpr":386.66,"lq":1.03,"d":9744630},{"pi":"401966","pc":"Бакалея","ss":100000,"td":"Центр города","dc":1,"n":310.52,"vc":"103344","sl":"Элитный","sv":"58227","p":820.0,"q":5.38,"b":1.34,"ms":1.95,"wi":102.86,"ei":10.85,"as":2744.68,"mi":"E","mv":2981332,"sc":8,"lpe":77.68,"lpr":386.66,"lq":1.03,"d":9744630},{"pi":"401966","pc":"Бакалея","ss":300000,"td":"Центр города","dc":2,"n":302.37,"vc":"316245","sl":"Элитный","sv":"22975","p":450.0,"q":3.5,"b":0.0,"ms":0.77,"wi":102.86,"ei":10.85,"as":2744.68,"mi":"E","mv":2981332,"sc":8,"lpe":77.68,"lpr":386.66,"lq":1.03,"d":9744630},{"pi":"401966","pc":"Бакалея","ss":12000,"td":"Фешенебельный район","dc":4,"n":414.48,"vc":"8185","sl":"Элитный","sv":"20000","p":500.0,"q":5.38,"b":1.34,"ms":0.67,"wi":102.86,"ei":10.85,"as":2744.68,"mi":"E","mv":2981332,"sc":8,"lpe":77.68,"lpr":386.66,"lq":1.03,"d":9744630},{"pi":"401966","pc":"Бакалея","ss":30000,"td":"Центр города","dc":1,"n":202.02,"vc":"18214","sl":"Элитный","sv":"2111","p":500.0,"q":2.21,"b":0.95,"ms":0.07,"wi":102.86,"ei":10.85,"as":2744.68,"mi":"E","mv":2981332,"sc":8,"lpe":77.68,"lpr":386.66,"lq":1.03,"d":9744630},{"pi":"401966","pc":"Бакалея","ss":10000,"td":"Центр города","dc":1,"n":126.73,"vc":"5692","sl":"Элитный","sv":"1","p":600.0,"q":5.38,"b":1.34,"ms":0.0,"wi":102.86,"ei":10.85,"as":2744.68,"mi":"E","mv":2981332,"sc":8,"lpe":77.68,"lpr":386.66,"lq":1.03,"d":9744630},{"pi":"401966","pc":"Бакалея","ss":100000,"td":"Фешенебельный район","dc":1,"n":690.0,"vc":"370587","sl":"Элитный","sv":"1","p":2220.0,"q":8.54,"b":3.07,"ms":0.0,"wi":53.49,"ei":5.0,"as":331.83,"mi":"E","mv":240727,"sc":1,"lpe":100.0,"lpr":346.88,"lq":1.0,"d":787757},{"pi":"401966","pc":"Бакалея","ss":11000,"td":"Фешенебельный район","dc":2,"n":467.23,"vc":"5806","sl":"Очень высокий","sv":"11569","p":400.0,"q":2.49,"b":0.0,"ms":8.43,"wi":101.15,"ei":4.2,"as":358.64,"mi":"E","mv":137214,"sc":4,"lpe":84.05,"lpr":348.92,"lq":1.0,"d":445356},{"pi":"401966","pc":"Бакалея","ss":100000,"td":"Центр города","dc":1,"n":499.94,"vc":"216916","sl":"Очень высокий","sv":"10072","p":900.0,"q":5.38,"b":0.0,"ms":7.34,"wi":101.15,"ei":4.2,"as":358.64,"mi":"E","mv":137214,"sc":4,"lpe":84.05,"lpr":348.92,"lq":1.0,"d":445356},{"pi":"401966","pc":"Бакалея","ss":100000,"td":"Фешенебельный район","dc":1,"n":701.15,"vc":"337881","sl":"Элитный","sv":"237","p":1700.0,"q":8.49,"b":3.07,"ms":0.17,"wi":101.15,"ei":4.2,"as":358.64,"mi":"E","mv":137214,"sc":4,"lpe":84.05,"lpr":348.92,"lq":1.0,"d":445356},{"pi":"401966","pc":"Бакалея","ss":200000,"td":"Центр города","dc":8,"n":447.37,"vc":"240322","sl":"Очень низкий","sv":"1","p":800.0,"q":2.4,"b":0.0,"ms":0.0,"wi":101.15,"ei":4.2,"as":358.64,"mi":"E","mv":137214,"sc":4,"lpe":84.05,"lpr":348.92,"lq":1.0,"d":445356},{"pi":"401966","pc":"Бакалея","ss":30000,"td":"Центр города","dc":3,"n":365.51,"vc":"25744","sl":"Высокий","sv":"7543","p":520.0,"q":2.65,"b":0.0,"ms":4.48,"wi":73.18,"ei":7.0,"as":362.16,"mi":"E","mv":168346,"sc":2,"lpe":93.14,"lpr":545.69,"lq":1.0,"d":664549},{"pi":"401966","pc":"Бакалея","ss":100000,"td":"Фешенебельный район","dc":1,"n":687.75,"vc":"209259","sl":"Элитный","sv":"4001","p":2280.0,"q":8.53,"b":3.07,"ms":2.38,"wi":73.18,"ei":7.0,"as":362.16,"mi":"E","mv":168346,"sc":2,"lpe":93.14,"lpr":545.69,"lq":1.0,"d":664549},{"pi":"401966","pc":"Бакалея","ss":600,"td":"Центр города","dc":9,"n":379.77,"vc":"5436","sl":"Очень низкий","sv":"176","p":790.0,"q":3.51,"b":0.0,"ms":0.03,"wi":66.45,"ei":6.04,"as":318.0,"mi":"E","mv":518883,"sc":1,"lpe":99.97,"lpr":928.47,"lq":1.0,"d":2877864},{"pi":"401966","pc":"Бакалея","ss":100000,"td":"Фешенебельный район","dc":1,"n":690.79,"vc":"436732","sl":"Элитный","sv":"6","p":3150.0,"q":8.46,"b":3.07,"ms":0.0,"wi":78.09,"ei":6.42,"as":548.1,"mi":"E","mv":204815,"sc":1,"lpe":100.0,"lpr":545.47,"lq":1.0,"d":1232684},{"pi":"401966","pc":"Бакалея","ss":13500,"td":"Фешенебельный район","dc":3,"n":402.26,"vc":"4170","sl":"Элитный","sv":"15202","p":500.0,"q":2.49,"b":0.0,"ms":10.82,"wi":102.66,"ei":5.0,"as":366.29,"mi":"E","mv":140553,"sc":2,"lpe":87.64,"lpr":669.07,"lq":1.04,"d":454964},{"pi":"401966","pc":"Бакалея","ss":100000,"td":"Фешенебельный район","dc":1,"n":700.87,"vc":"339502","sl":"Элитный","sv":"2167","p":2920.0,"q":8.53,"b":3.07,"ms":1.54,"wi":102.66,"ei":5.0,"as":366.29,"mi":"E","mv":140553,"sc":2,"lpe":87.64,"lpr":669.07,"lq":1.04,"d":454964},{"pi":"401966","pc":"Бакалея","ss":100000,"td":"Центр города","dc":1,"n":443.55,"vc":"361690","sl":"Элитный","sv":"257256","p":499.0,"q":2.49,"b":0.0,"ms":43.53,"wi":99.69,"ei":9.31,"as":1270.5,"mi":"E","mv":590975,"sc":1,"lpe":56.47,"lpr":378.47,"lq":2.11,"d":2836484},{"pi":"401966","pc":"Бакалея","ss":100000,"td":"Фешенебельный район","dc":1,"n":676.64,"vc":"234825","sl":"Элитный","sv":"2895","p":2080.0,"q":8.57,"b":3.07,"ms":1.08,"wi":61.61,"ei":6.72,"as":599.85,"mi":"E","mv":267727,"sc":1,"lpe":98.92,"lpr":489.0,"lq":1.0,"d":983490},{"pi":"401966","pc":"Бакалея","ss":100,"td":"Центр города","dc":2,"n":0.0,"vc":"72","sl":"Низкий","sv":"1","p":675.5,"q":2.49,"b":0.0,"ms":0.0,"wi":62.61,"ei":6.29,"as":373.31,"mi":"E","mv":150430,"sc":1,"lpe":100.0,"lpr":663.86,"lq":1.0,"d":774042},{"pi":"401966","pc":"Бакалея","ss":10000,"td":"Фешенебельный район","dc":2,"n":441.51,"vc":"5898","sl":"Элитный","sv":"5001","p":800.0,"q":6.18,"b":0.0,"ms":3.08,"wi":51.22,"ei":6.76,"as":427.68,"mi":"E","mv":162524,"sc":2,"lpe":96.92,"lpr":401.83,"lq":1.0,"d":988934},{"pi":"401966","pc":"Бакалея","ss":100,"td":"Центр города","dc":2,"n":0.0,"vc":"78","sl":"Низкий","sv":"1","p":475.52,"q":2.49,"b":0.0,"ms":0.0,"wi":51.22,"ei":6.76,"as":427.68,"mi":"E","mv":162524,"sc":2,"lpe":96.92,"lpr":401.83,"lq":1.0,"d":988934},{"pi":"401966","pc":"Бакалея","ss":300000,"td":"Центр города","dc":1,"n":492.55,"vc":"1337829","sl":"Элитный","sv":"30000","p":2000.0,"q":13.89,"b":3.57,"ms":3.78,"wi":93.34,"ei":5.0,"as":474.39,"mi":"E","mv":793549,"sc":4,"lpe":95.75,"lpr":453.99,"lq":1.0,"d":2970884},{"pi":"401966","pc":"Бакалея","ss":12700,"td":"Фешенебельный район","dc":3,"n":200.12,"vc":"1656","sl":"Элитный","sv":"3175","p":525.0,"q":2.49,"b":0.0,"ms":0.4,"wi":93.34,"ei":5.0,"as":474.39,"mi":"E","mv":793549,"sc":4,"lpe":95.75,"lpr":453.99,"lq":1.0,"d":2970884},{"pi":"401966","pc":"Бакалея","ss":1800,"td":"Спальный район","dc":2,"n":0.92,"vc":"581","sl":"Очень высокий","sv":"521","p":364.93,"q":1.04,"b":0.0,"ms":0.07,"wi":93.34,"ei":5.0,"as":474.39,"mi":"E","mv":793549,"sc":4,"lpe":95.75,"lpr":453.99,"lq":1.0,"d":2970884},{"pi":"401966","pc":"Бакалея","ss":100000,"td":"Центр города","dc":2,"n":83.11,"vc":"7657","sl":"Элитный","sv":"2","p":695.0,"q":5.04,"b":0.0,"ms":0.0,"wi":93.34,"ei":5.0,"as":474.39,"mi":"E","mv":793549,"sc":4,"lpe":95.75,"lpr":453.99,"lq":1.0,"d":2970884},{"pi":"401966","pc":"Бакалея","ss":100,"td":"Центр города","dc":2,"n":0.19,"vc":"52","sl":"Низкий","sv":"1","p":325.53,"q":2.49,"b":0.0,"ms":0.0,"wi":22.96,"ei":6.43,"as":313.67,"mi":"E","mv":30802,"sc":1,"lpe":100.0,"lpr":301.78,"lq":1.0,"d":306540},{"pi":"401966","pc":"Бакалея","ss":100000,"td":"Центр города","dc":2,"n":121.65,"vc":"11458","sl":"Очень высокий","sv":"4","p":900.0,"q":2.08,"b":0.0,"ms":0.0,"wi":17.18,"ei":17.09,"as":56.27,"mi":"E","mv":120873,"sc":1,"lpe":100.0,"lpr":386.56,"lq":1.0,"d":3998532},{"pi":"401966","pc":"Бакалея","ss":100000,"td":"Фешенебельный район","dc":3,"n":407.42,"vc":"15921","sl":"Элитный","sv":"27164","p":610.0,"q":7.65,"b":1.83,"ms":27.44,"wi":64.2,"ei":7.41,"as":406.66,"mi":"E","mv":98998,"sc":1,"lpe":72.56,"lpr":444.02,"lq":1.42,"d":733921},{"pi":"401966","pc":"Бакалея","ss":10000,"td":"Центр города","dc":2,"n":520.99,"vc":"50835","sl":"Нормальный","sv":"2267","p":887.19,"q":14.29,"b":0.0,"ms":1.95,"wi":41.55,"ei":5.79,"as":304.75,"mi":"E","mv":115963,"sc":1,"lpe":98.05,"lpr":223.17,"lq":1.0,"d":384194},{"pi":"401966","pc":"Бакалея","ss":1200,"td":"Центр города","dc":9,"n":517.4,"vc":"9674","sl":"Очень низкий","sv":"442","p":610.0,"q":3.3,"b":0.0,"ms":0.66,"wi":70.04,"ei":5.87,"as":653.67,"mi":"E","mv":67100,"sc":1,"lpe":99.34,"lpr":644.3,"lq":1.0,"d":401934},{"pi":"401966","pc":"Бакалея","ss":100000,"td":"Центр города","dc":2,"n":418.6,"vc":"172437","sl":"Элитный","sv":"40000","p":438.0,"q":2.49,"b":0.0,"ms":27.49,"wi":75.57,"ei":8.11,"as":1269.9,"mi":"E","mv":145493,"sc":1,"lpe":72.51,"lpr":287.94,"lq":1.02,"d":678178},{"pi":"401966","pc":"Бакалея","ss":1000,"td":"Фешенебельный район","dc":2,"n":515.86,"vc":"1221","sl":"Очень высокий","sv":"1206","p":750.0,"q":2.48,"b":0.0,"ms":1.63,"wi":69.48,"ei":7.76,"as":583.44,"mi":"E","mv":73830,"sc":1,"lpe":98.37,"lpr":714.56,"lq":1.0,"d":375360},{"pi":"401966","pc":"Бакалея","ss":1000,"td":"Фешенебельный район","dc":2,"n":210.0,"vc":"256","sl":"Элитный","sv":"2515","p":1006.0,"q":5.34,"b":1.77,"ms":2.01,"wi":88.26,"ei":7.25,"as":562.28,"mi":"E","mv":124856,"sc":5,"lpe":94.8,"lpr":1063.2,"lq":1.0,"d":598348},{"pi":"401966","pc":"Бакалея","ss":1000,"td":"Центр города","dc":2,"n":151.0,"vc":"817","sl":"Очень высокий","sv":"2143","p":900.0,"q":2.48,"b":0.0,"ms":1.72,"wi":88.26,"ei":7.25,"as":562.28,"mi":"E","mv":124856,"sc":5,"lpe":94.8,"lpr":1063.2,"lq":1.0,"d":598348},{"pi":"401966","pc":"Бакалея","ss":1000,"td":"Фешенебельный район","dc":2,"n":479.43,"vc":"1172","sl":"Очень высокий","sv":"1566","p":1000.0,"q":2.49,"b":0.0,"ms":1.25,"wi":88.26,"ei":7.25,"as":562.28,"mi":"E","mv":124856,"sc":5,"lpe":94.8,"lpr":1063.2,"lq":1.0,"d":598348},{"pi":"401966","pc":"Бакалея","ss":1000,"td":"Фешенебельный район","dc":1,"n":134.55,"vc":"168","sl":"Элитный","sv":"247","p":650.0,"q":3.03,"b":0.0,"ms":0.2,"wi":88.26,"ei":7.25,"as":562.28,"mi":"E","mv":124856,"sc":5,"lpe":94.8,"lpr":1063.2,"lq":1.0,"d":598348},{"pi":"401966","pc":"Бакалея","ss":1000,"td":"Центр города","dc":5,"n":47.44,"vc":"456","sl":"Высокий","sv":"21","p":929.0,"q":2.7,"b":0.0,"ms":0.02,"wi":88.26,"ei":7.25,"as":562.28,"mi":"E","mv":124856,"sc":5,"lpe":94.8,"lpr":1063.2,"lq":1.0,"d":598348},{"pi":"401966","pc":"Бакалея","ss":5000,"td":"Центр города","dc":5,"n":279.87,"vc":"2795","sl":"Очень высокий","sv":"200","p":510.0,"q":5.38,"b":0.0,"ms":1.42,"wi":46.4,"ei":7.74,"as":407.2,"mi":"E","mv":14036,"sc":1,"lpe":98.58,"lpr":456.44,"lq":1.0,"d":165474},{"pi":"401966","pc":"Бакалея","ss":100000,"td":"Центр города","dc":1,"n":558.47,"vc":"624102","sl":"Очень высокий","sv":"23003","p":499.0,"q":2.66,"b":0.0,"ms":25.39,"wi":89.42,"ei":9.5,"as":1197.0,"mi":"E","mv":90595,"sc":1,"lpe":74.61,"lpr":270.42,"lq":1.51,"d":573484},{"pi":"401966","pc":"Бакалея","ss":100000,"td":"Центр города","dc":1,"n":527.26,"vc":"535334","sl":"Очень высокий","sv":"25607","p":599.0,"q":2.54,"b":0.0,"ms":14.85,"wi":98.88,"ei":9.31,"as":1312.5,"mi":"E","mv":172466,"sc":1,"lpe":85.15,"lpr":327.55,"lq":1.49,"d":871981},{"pi":"401966","pc":"Бакалея","ss":100000,"td":"Центр города","dc":1,"n":495.47,"vc":"459264","sl":"Очень высокий","sv":"55572","p":499.0,"q":2.57,"b":0.0,"ms":21.91,"wi":96.92,"ei":9.6,"as":1470.0,"mi":"E","mv":253646,"sc":2,"lpe":58.31,"lpr":296.63,"lq":1.73,"d":1347944},{"pi":"401966","pc":"Бакалея","ss":200000,"td":"Центр города","dc":2,"n":613.63,"vc":"2995416","sl":"Очень низкий","sv":"50163","p":800.0,"q":10.47,"b":4.3,"ms":19.78,"wi":96.92,"ei":9.6,"as":1470.0,"mi":"E","mv":253646,"sc":2,"lpe":58.31,"lpr":296.63,"lq":1.73,"d":1347944},{"pi":"401966","pc":"Бакалея","ss":1000,"td":"Спальный район","dc":4,"n":83.17,"vc":"256","sl":"Элитный","sv":"253","p":700.0,"q":2.47,"b":0.0,"ms":0.8,"wi":72.69,"ei":6.62,"as":475.0,"mi":"E","mv":31767,"sc":2,"lpe":99.15,"lpr":656.75,"lq":1.0,"d":147806},{"pi":"401966","pc":"Бакалея","ss":1000,"td":"Спальный район","dc":4,"n":88.99,"vc":"265","sl":"Элитный","sv":"17","p":617.0,"q":1.06,"b":0.0,"ms":0.05,"wi":72.69,"ei":6.62,"as":475.0,"mi":"E","mv":31767,"sc":2,"lpe":99.15,"lpr":656.75,"lq":1.0,"d":147806},{"pi":"401966","pc":"Бакалея","ss":1000,"td":"Спальный район","dc":1,"n":376.19,"vc":"1065","sl":"Элитный","sv":"500","p":450.0,"q":2.4,"b":0.0,"ms":3.11,"wi":47.9,"ei":6.51,"as":503.58,"mi":"E","mv":16073,"sc":1,"lpe":96.89,"lpr":450.42,"lq":1.0,"d":80987},{"pi":"401966","pc":"Бакалея","ss":1300,"td":"Спальный район","dc":7,"n":137.39,"vc":"606","sl":"Нормальный","sv":"406","p":430.0,"q":2.43,"b":0.0,"ms":0.96,"wi":53.14,"ei":4.89,"as":399.11,"mi":"E","mv":42128,"sc":1,"lpe":99.04,"lpr":512.34,"lq":1.0,"d":498557},{"pi":"401966","pc":"Бакалея","ss":200000,"td":"Центр города","dc":2,"n":558.06,"vc":"2449456","sl":"Низкий","sv":"150000","p":800.0,"q":10.47,"b":3.71,"ms":22.18,"wi":48.46,"ei":12.08,"as":459.52,"mi":"E","mv":676431,"sc":2,"lpe":77.82,"lpr":275.93,"lq":1.0,"d":3957256},{"pi":"401966","pc":"Бакалея","ss":1000,"td":"Фешенебельный район","dc":9,"n":64.15,"vc":"145","sl":"Элитный","sv":"44","p":400.0,"q":2.43,"b":0.0,"ms":0.01,"wi":48.46,"ei":12.08,"as":459.52,"mi":"E","mv":676431,"sc":2,"lpe":77.82,"lpr":275.93,"lq":1.0,"d":3957256}]