[{"pi":"423040","pc":"Детские товары","ss":1000,"td":"Пригород","dc":1,"n":601.11,"vc":"11782","sl":"Низкий","sv":"4848","p":890.0,"q":1.16,"b":0.0,"ms":0.24,"wi":89.7,"ei":7.81,"as":615.72,"mi":"E","mv":2030310,"sc":3,"lpe":99.63,"lpr":996.21,"lq":2.0,"d":11929900},{"pi":"423040","pc":"Детские товары","ss":1000,"td":"Центр города","dc":1,"n":201.01,"vc":"4629","sl":"Нормальный","sv":"1444","p":825.0,"q":1.16,"b":0.0,"ms":0.07,"wi":89.7,"ei":7.81,"as":615.72,"mi":"E","mv":2030310,"sc":3,"lpe":99.63,"lpr":996.21,"lq":2.0,"d":11929900},{"pi":"423040","pc":"Детские товары","ss":1000,"td":"Центр города","dc":1,"n":405.2,"vc":"9760","sl":"Низкий","sv":"1132","p":940.0,"q":1.16,"b":0.0,"ms":0.06,"wi":89.7,"ei":7.81,"as":615.72,"mi":"E","mv":2030310,"sc":3,"lpe":99.63,"lpr":996.21,"lq":2.0,"d":11929900}]