[{"d":"27.07.2022","r":488.0,"q":1.0,"p":15500.0,"s":[{"cn":"Dunaievskyi Ltd.","ui":"9057687","t":488.0,"r":488.0,"q":1.0,"p":15500.0,"mot":"U","mo":488.0},{"cn":"","ui":"","t":0.0,"r":0.0,"q":0.0,"p":0.0,"mot":"L","mo":0.0}]},{"d":"28.07.2022","r":1186.0,"q":1.0,"p":15500.0,"s":[{"cn":"Dunaievskyi Ltd.","ui":"9057687","t":1186.0,"r":1186.0,"q":1.0,"p":15500.0,"mot":"U","mo":1186.0},{"cn":"","ui":"","t":0.0,"r":0.0,"q":0.0,"p":0.0,"mot":"L","mo":0.0}]},{"d":"29.07.2022","r":2039.0,"q":1.0,"p":15500.0,"s":[{"cn":"Dunaievskyi Ltd.","ui":"9057687","t":2039.0,"r":2039.0,"q":1.0,"p":15500.0,"mot":"U","mo":2039.0},{"cn":"","ui":"","t":0.0,"r":0.0,"q":0.0,"p":0.0,"mot":"L","mo":0.0}]},{"d":"01.08.2022","r":5003.0,"q":1.0,"p":15500.0,"s":[{"cn":"Dunaievskyi Ltd.","ui":"9057687","t":5003.0,"r":5003.0,"q":1.0,"p":15500.0,"mot":"U","mo":5003.0},{"cn":"","ui":"","t":0.0,"r":0.0,"q":0.0,"p":0.0,"mot":"L","mo":0.0}]},{"d":"02.08.2022","r":5991.0,"q":1.0,"p":15500.0,"s":[{"cn":"Dunaievskyi Ltd.","ui":"9057687","t":5991.0,"r":5991.0,"q":1.0,"p":15500.0,"mot":"U","mo":5991.0},{"cn":"","ui":"","t":0.0,"r":0.0,"q":0.0,"p":0.0,"mot":"L","mo":0.0}]},{"d":"03.08.2022","r":4979.0,"q":1.0,"p":12002.0,"s":[{"cn":"Dunaievskyi Ltd.","ui":"9057687","t":6979.0,"r":4979.0,"q":1.0,"p":12002.0,"mot":"U","mo":4979.0},{"cn":"","ui":"","t":0.0,"r":0.0,"q":0.0,"p":0.0,"mot":"L","mo":0.0}]},{"d":"04.08.2022","r":3967.0,"q":1.0,"p":12002.0,"s":[{"cn":"Dunaievskyi Ltd.","ui":"9057687","t":5967.0,"r":3967.0,"q":1.0,"p":12002.0,"mot":"U","mo":3967.0},{"cn":"","ui":"","t":0.0,"r":0.0,"q":0.0,"p":0.0,"mot":"L","mo":0.0}]},{"d":"05.08.2022","r":2955.0,"q":1.0,"p":12002.0,"s":[{"cn":"Dunaievskyi Ltd.","ui":"9057687","t":4955.0,"r":2955.0,"q":1.0,"p":12002.0,"mot":"U","mo":2955.0},{"cn":"","ui":"","t":0.0,"r":0.0,"q":0.0,"p":0.0,"mot":"L","mo":0.0}]},{"d":"23.08.2022","r":6000.0,"q":1.99,"p":12002.0,"s":[{"cn":"Dunaievskyi Ltd.","ui":"9057687","t":8000.0,"r":6000.0,"q":1.99,"p":12002.0,"mot":"U","mo":6000.0},{"cn":"","ui":"","t":0.0,"r":0.0,"q":0.0,"p":0.0,"mot":"L","mo":0.0}]},{"d":"24.08.2022","r":12000.0,"q":2.02,"p":12002.0,"s":[{"cn":"Dunaievskyi Ltd.","ui":"9057687","t":14000.0,"r":12000.0,"q":2.02,"p":12002.0,"mot":"U","mo":12000.0},{"cn":"","ui":"","t":0.0,"r":0.0,"q":0.0,"p":0.0,"mot":"L","mo":0.0}]},{"d":"25.08.2022","r":18000.0,"q":2.04,"p":12002.0,"s":[{"cn":"Dunaievskyi Ltd.","ui":"9057687","t":20000.0,"r":18000.0,"q":2.04,"p":12002.0,"mot":"U","mo":18000.0},{"cn":"","ui":"","t":0.0,"r":0.0,"q":0.0,"p":0.0,"mot":"L","mo":0.0}]},{"d":"26.08.2022","r":24000.0,"q":2.07,"p":12002.0,"s":[{"cn":"Dunaievskyi Ltd.","ui":"9057687","t":26000.0,"r":24000.0,"q":2.07,"p":12002.0,"mot":"U","mo":24000.0},{"cn":"","ui":"","t":0.0,"r":0.0,"q":0.0,"p":0.0,"mot":"L","mo":0.0}]},{"d":"29.08.2022","r":40938.0,"q":2.14,"p":8000.0,"s":[{"cn":"Dunaievskyi Ltd.","ui":"9057687","t":40938.0,"r":40938.0,"q":2.14,"p":8000.0,"mot":"U","mo":40938.0},{"cn":"","ui":"","t":0.0,"r":0.0,"q":0.0,"p":0.0,"mot":"L","mo":0.0}]},{"d":"30.08.2022","r":44938.0,"q":2.15,"p":8000.0,"s":[{"cn":"Dunaievskyi Ltd.","ui":"9057687","t":44938.0,"r":44938.0,"q":2.15,"p":8000.0,"mot":"U","mo":44938.0},{"cn":"","ui":"","t":0.0,"r":0.0,"q":0.0,"p":0.0,"mot":"L","mo":0.0}]},{"d":"31.08.2022","r":48938.0,"q":2.16,"p":8000.0,"s":[{"cn":"Dunaievskyi Ltd.","ui":"9057687","t":48938.0,"r":48938.0,"q":2.16,"p":8000.0,"mot":"U","mo":48938.0},{"cn":"","ui":"","t":0.0,"r":0.0,"q":0.0,"p":0.0,"mot":"L","mo":0.0}]},{"d":"01.09.2022","r":52938.0,"q":2.19,"p":8000.0,"s":[{"cn":"Dunaievskyi Ltd.","ui":"9057687","t":52938.0,"r":52938.0,"q":2.19,"p":8000.0,"mot":"U","mo":52938.0},{"cn":"","ui":"","t":0.0,"r":0.0,"q":0.0,"p":0.0,"mot":"L","mo":0.0}]},{"d":"02.09.2022","r":56938.0,"q":2.21,"p":8000.0,"s":[{"cn":"Dunaievskyi Ltd.","ui":"9057687","t":56938.0,"r":56938.0,"q":2.21,"p":8000.0,"mot":"U","mo":56938.0},{"cn":"","ui":"","t":0.0,"r":0.0,"q":0.0,"p":0.0,"mot":"L","mo":0.0}]},{"d":"05.09.2022","r":68938.0,"q":2.25,"p":8000.0,"s":[{"cn":"Dunaievskyi Ltd.","ui":"9057687","t":68938.0,"r":68938.0,"q":2.25,"p":8000.0,"mot":"U","mo":68938.0},{"cn":"","ui":"","t":0.0,"r":0.0,"q":0.0,"p":0.0,"mot":"L","mo":0.0}]},{"d":"06.09.2022","r":72938.0,"q":2.26,"p":8000.0,"s":[{"cn":"Dunaievskyi Ltd.","ui":"9057687","t":72938.0,"r":72938.0,"q":2.26,"p":8000.0,"mot":"U","mo":72938.0},{"cn":"","ui":"","t":0.0,"r":0.0,"q":0.0,"p":0.0,"mot":"L","mo":0.0}]},{"d":"07.09.2022","r":72938.0,"q":2.27,"p":8000.0,"s":[{"cn":"Dunaievskyi Ltd.","ui":"9057687","t":74938.0,"r":72938.0,"q":2.27,"p":8000.0,"mot":"U","mo":72938.0},{"cn":"","ui":"","t":0.0,"r":0.0,"q":0.0,"p":0.0,"mot":"L","mo":0.0}]},{"d":"08.09.2022","r":74938.0,"q":2.28,"p":8000.0,"s":[{"cn":"Dunaievskyi Ltd.","ui":"9057687","t":76938.0,"r":74938.0,"q":2.28,"p":8000.0,"mot":"U","mo":74938.0},{"cn":"","ui":"","t":0.0,"r":0.0,"q":0.0,"p":0.0,"mot":"L","mo":0.0}]},{"d":"09.09.2022","r":76938.0,"q":2.29,"p":8000.0,"s":[{"cn":"Dunaievskyi Ltd.","ui":"9057687","t":78938.0,"r":76938.0,"q":2.29,"p":8000.0,"mot":"U","mo":76938.0},{"cn":"","ui":"","t":0.0,"r":0.0,"q":0.0,"p":0.0,"mot":"L","mo":0.0}]},{"d":"12.09.2022","r":78938.0,"q":2.31,"p":8000.0,"s":[{"cn":"Dunaievskyi Ltd.","ui":"9057687","t":81938.0,"r":78938.0,"q":2.31,"p":8000.0,"mot":"U","mo":78938.0},{"cn":"","ui":"","t":0.0,"r":0.0,"q":0.0,"p":0.0,"mot":"L","mo":0.0}]},{"d":"13.09.2022","r":75938.0,"q":2.32,"p":8000.0,"s":[{"cn":"Dunaievskyi Ltd.","ui":"9057687","t":80938.0,"r":75938.0,"q":2.32,"p":8000.0,"mot":"U","mo":75938.0},{"cn":"","ui":"","t":0.0,"r":0.0,"q":0.0,"p":0.0,"mot":"L","mo":0.0}]},{"d":"14.09.2022","r":72938.0,"q":2.32,"p":8000.0,"s":[{"cn":"Dunaievskyi Ltd.","ui":"9057687","t":78938.0,"r":72938.0,"q":2.32,"p":8000.0,"mot":"U","mo":72938.0},{"cn":"","ui":"","t":0.0,"r":0.0,"q":0.0,"p":0.0,"mot":"L","mo":0.0}]},{"d":"15.09.2022","r":66938.0,"q":2.32,"p":8000.0,"s":[{"cn":"Dunaievskyi Ltd.","ui":"9057687","t":72938.0,"r":66938.0,"q":2.32,"p":8000.0,"mot":"U","mo":66938.0},{"cn":"","ui":"","t":0.0,"r":0.0,"q":0.0,"p":0.0,"mot":"L","mo":0.0}]},{"d":"16.09.2022","r":60938.0,"q":2.32,"p":8000.0,"s":[{"cn":"Dunaievskyi Ltd.","ui":"9057687","t":66938.0,"r":60938.0,"q":2.32,"p":8000.0,"mot":"U","mo":60938.0},{"cn":"","ui":"","t":0.0,"r":0.0,"q":0.0,"p":0.0,"mot":"L","mo":0.0}]},{"d":"19.09.2022","r":42038.0,"q":2.32,"p":8000.0,"s":[{"cn":"Dunaievskyi Ltd.","ui":"9057687","t":48538.0,"r":42038.0,"q":2.32,"p":8000.0,"mot":"U","mo":42038.0},{"cn":"","ui":"","t":0.0,"r":0.0,"q":0.0,"p":0.0,"mot":"L","mo":0.0}]},{"d":"20.09.2022","r":35538.0,"q":2.32,"p":8000.0,"s":[{"cn":"Dunaievskyi Ltd.","ui":"9057687","t":42038.0,"r":35538.0,"q":2.32,"p":8000.0,"mot":"U","mo":35538.0},{"cn":"","ui":"","t":0.0,"r":0.0,"q":0.0,"p":0.0,"mot":"L","mo":0.0}]},{"d":"21.09.2022","r":29038.0,"q":2.32,"p":8000.0,"s":[{"cn":"Dunaievskyi Ltd.","ui":"9057687","t":35538.0,"r":29038.0,"q":2.32,"p":8000.0,"mot":"U","mo":29038.0},{"cn":"","ui":"","t":0.0,"r":0.0,"q":0.0,"p":0.0,"mot":"L","mo":0.0}]},{"d":"22.09.2022","r":22538.0,"q":2.32,"p":8000.0,"s":[{"cn":"Dunaievskyi Ltd.","ui":"9057687","t":29038.0,"r":22538.0,"q":2.32,"p":8000.0,"mot":"U","mo":22538.0},{"cn":"","ui":"","t":0.0,"r":0.0,"q":0.0,"p":0.0,"mot":"L","mo":0.0}]},{"d":"23.09.2022","r":16038.0,"q":2.32,"p":8000.0,"s":[{"cn":"Dunaievskyi Ltd.","ui":"9057687","t":22538.0,"r":16038.0,"q":2.32,"p":8000.0,"mot":"U","mo":16038.0},{"cn":"","ui":"","t":0.0,"r":0.0,"q":0.0,"p":0.0,"mot":"L","mo":0.0}]},{"d":"27.09.2022","r":23500.0,"q":2.37,"p":8000.0,"s":[{"cn":"Dunaievskyi Ltd.","ui":"9057687","t":30000.0,"r":23500.0,"q":2.37,"p":8000.0,"mot":"U","mo":23500.0},{"cn":"","ui":"","t":0.0,"r":0.0,"q":0.0,"p":0.0,"mot":"L","mo":0.0}]},{"d":"28.09.2022","r":17000.0,"q":2.37,"p":8000.0,"s":[{"cn":"Dunaievskyi Ltd.","ui":"9057687","t":23500.0,"r":17000.0,"q":2.37,"p":8000.0,"mot":"U","mo":17000.0},{"cn":"","ui":"","t":0.0,"r":0.0,"q":0.0,"p":0.0,"mot":"L","mo":0.0}]},{"d":"29.09.2022","r":10500.0,"q":2.37,"p":8000.0,"s":[{"cn":"Dunaievskyi Ltd.","ui":"9057687","t":17000.0,"r":10500.0,"q":2.37,"p":8000.0,"mot":"U","mo":10500.0},{"cn":"","ui":"","t":0.0,"r":0.0,"q":0.0,"p":0.0,"mot":"L","mo":0.0}]},{"d":"30.09.2022","r":4000.0,"q":2.37,"p":8000.0,"s":[{"cn":"Dunaievskyi Ltd.","ui":"9057687","t":10500.0,"r":4000.0,"q":2.37,"p":8000.0,"mot":"U","mo":4000.0},{"cn":"","ui":"","t":0.0,"r":0.0,"q":0.0,"p":0.0,"mot":"L","mo":0.0}]}]