[{"pi":"351577","pc":"Ювелирные изделия","ss":20000,"td":"Центр города","dc":1,"n":527.37,"vc":"67027","sl":"Очень высокий","sv":"80","p":2500000.0,"q":13.08,"b":5.43,"ms":9.65,"wi":49.22,"ei":5.0,"as":337.0,"mi":"E","mv":829,"sc":2,"lpe":88.54,"lpr":524503.22,"lq":2.98,"d":451228},{"pi":"351577","pc":"Ювелирные изделия","ss":1000,"td":"Центр города","dc":2,"n":76.36,"vc":"486","sl":"Элитный","sv":"15","p":1300000.0,"q":12.38,"b":1.96,"ms":1.81,"wi":49.22,"ei":5.0,"as":337.0,"mi":"E","mv":829,"sc":2,"lpe":88.54,"lpr":524503.22,"lq":2.98,"d":451228},{"pi":"351577","pc":"Ювелирные изделия","ss":11000,"td":"Центр города","dc":1,"n":390.14,"vc":"18120","sl":"Элитный","sv":"39","p":2016000.0,"q":8.69,"b":1.47,"ms":7.98,"wi":60.1,"ei":6.0,"as":396.0,"mi":"E","mv":489,"sc":3,"lpe":89.57,"lpr":378135.77,"lq":6.17,"d":264316},{"pi":"351577","pc":"Ювелирные изделия","ss":1000,"td":"Центр города","dc":2,"n":108.93,"vc":"484","sl":"Элитный","sv":"10","p":1000000.0,"q":12.38,"b":1.96,"ms":2.04,"wi":60.1,"ei":6.0,"as":396.0,"mi":"E","mv":489,"sc":3,"lpe":89.57,"lpr":378135.77,"lq":6.17,"d":264316},{"pi":"351577","pc":"Ювелирные изделия","ss":10000,"td":"Центр города","dc":1,"n":404.28,"vc":"12543","sl":"Элитный","sv":"2","p":999000.0,"q":8.52,"b":0.97,"ms":0.41,"wi":60.1,"ei":6.0,"as":396.0,"mi":"E","mv":489,"sc":3,"lpe":89.57,"lpr":378135.77,"lq":6.17,"d":264316},{"pi":"351577","pc":"Ювелирные изделия","ss":100000,"td":"Фешенебельный район","dc":1,"n":481.33,"vc":"56205","sl":"Элитный","sv":"148","p":1800000.0,"q":11.77,"b":3.2,"ms":13.54,"wi":37.95,"ei":7.19,"as":1002.4,"mi":"E","mv":1093,"sc":2,"lpe":86.18,"lpr":214311.83,"lq":4.17,"d":1111176},{"pi":"351577","pc":"Ювелирные изделия","ss":10000,"td":"Центр города","dc":1,"n":418.09,"vc":"22962","sl":"Очень высокий","sv":"3","p":2000000.0,"q":10.15,"b":0.53,"ms":0.27,"wi":37.95,"ei":7.19,"as":1002.4,"mi":"E","mv":1093,"sc":2,"lpe":86.18,"lpr":214311.83,"lq":4.17,"d":1111176},{"pi":"351577","pc":"Ювелирные изделия","ss":1000,"td":"Центр города","dc":2,"n":70.39,"vc":"465","sl":"Элитный","sv":"5","p":600000.0,"q":12.38,"b":0.74,"ms":1.87,"wi":22.54,"ei":5.59,"as":546.9,"mi":"E","mv":267,"sc":1,"lpe":98.13,"lpr":317514.63,"lq":1.0,"d":841951},{"pi":"351577","pc":"Ювелирные изделия","ss":50000,"td":"Центр города","dc":1,"n":430.91,"vc":"107034","sl":"Очень высокий","sv":"358","p":600000.0,"q":10.01,"b":4.17,"ms":10.26,"wi":62.72,"ei":7.0,"as":1148.0,"mi":"E","mv":3488,"sc":8,"lpe":58.57,"lpr":120084.9,"lq":5.81,"d":2007074},{"pi":"351577","pc":"Ювелирные изделия","ss":100000,"td":"Центр города","dc":1,"n":387.31,"vc":"124401","sl":"Элитный","sv":"330","p":905000.0,"q":12.62,"b":4.08,"ms":9.46,"wi":62.72,"ei":7.0,"as":1148.0,"mi":"E","mv":3488,"sc":8,"lpe":58.57,"lpr":120084.9,"lq":5.81,"d":2007074},{"pi":"351577","pc":"Ювелирные изделия","ss":50000,"td":"Фешенебельный район","dc":1,"n":451.78,"vc":"19327","sl":"Элитный","sv":"309","p":350000.0,"q":6.43,"b":2.33,"ms":8.86,"wi":62.72,"ei":7.0,"as":1148.0,"mi":"E","mv":3488,"sc":8,"lpe":58.57,"lpr":120084.9,"lq":5.81,"d":2007074},{"pi":"351577","pc":"Ювелирные изделия","ss":51000,"td":"Центр города","dc":1,"n":393.73,"vc":"78091","sl":"Элитный","sv":"200","p":900000.0,"q":13.44,"b":4.09,"ms":5.73,"wi":62.72,"ei":7.0,"as":1148.0,"mi":"E","mv":3488,"sc":8,"lpe":58.57,"lpr":120084.9,"lq":5.81,"d":2007074},{"pi":"351577","pc":"Ювелирные изделия","ss":50000,"td":"Центр города","dc":2,"n":471.47,"vc":"153473","sl":"Очень высокий","sv":"130","p":800000.0,"q":11.49,"b":2.97,"ms":3.73,"wi":62.72,"ei":7.0,"as":1148.0,"mi":"E","mv":3488,"sc":8,"lpe":58.57,"lpr":120084.9,"lq":5.81,"d":2007074},{"pi":"351577","pc":"Ювелирные изделия","ss":10100,"td":"Фешенебельный район","dc":1,"n":491.04,"vc":"7323","sl":"Элитный","sv":"109","p":400000.0,"q":8.02,"b":1.74,"ms":3.13,"wi":62.72,"ei":7.0,"as":1148.0,"mi":"E","mv":3488,"sc":8,"lpe":58.57,"lpr":120084.9,"lq":5.81,"d":2007074},{"pi":"351577","pc":"Ювелирные изделия","ss":3000,"td":"Центр города","dc":2,"n":151.62,"vc":"2167","sl":"Элитный","sv":"8","p":500000.0,"q":8.19,"b":2.4,"ms":0.23,"wi":62.72,"ei":7.0,"as":1148.0,"mi":"E","mv":3488,"sc":8,"lpe":58.57,"lpr":120084.9,"lq":5.81,"d":2007074},{"pi":"351577","pc":"Ювелирные изделия","ss":100000,"td":"Фешенебельный район","dc":2,"n":585.73,"vc":"188626","sl":"Элитный","sv":"1","p":1600000.0,"q":10.36,"b":1.68,"ms":0.03,"wi":62.72,"ei":7.0,"as":1148.0,"mi":"E","mv":3488,"sc":8,"lpe":58.57,"lpr":120084.9,"lq":5.81,"d":2007074},{"pi":"351577","pc":"Ювелирные изделия","ss":100000,"td":"Фешенебельный район","dc":1,"n":672.3,"vc":"332773","sl":"Элитный","sv":"879","p":3152000.0,"q":13.02,"b":4.85,"ms":26.4,"wi":25.92,"ei":9.22,"as":360.5,"mi":"E","mv":3330,"sc":1,"lpe":73.6,"lpr":264707.83,"lq":3.0,"d":3000100},{"pi":"351577","pc":"Ювелирные изделия","ss":100000,"td":"Фешенебельный район","dc":1,"n":495.22,"vc":"46274","sl":"Элитный","sv":"569","p":420000.0,"q":6.44,"b":2.33,"ms":26.14,"wi":55.87,"ei":7.0,"as":994.0,"mi":"E","mv":2177,"sc":7,"lpe":54.98,"lpr":99452.35,"lq":3.71,"d":1386711},{"pi":"351577","pc":"Ювелирные изделия","ss":20000,"td":"Центр города","dc":1,"n":418.78,"vc":"62442","sl":"Элитный","sv":"150","p":286009.22,"q":4.62,"b":0.0,"ms":6.89,"wi":55.87,"ei":7.0,"as":994.0,"mi":"E","mv":2177,"sc":7,"lpe":54.98,"lpr":99452.35,"lq":3.71,"d":1386711},{"pi":"351577","pc":"Ювелирные изделия","ss":50000,"td":"Фешенебельный район","dc":1,"n":586.04,"vc":"83984","sl":"Элитный","sv":"121","p":1100000.0,"q":13.37,"b":5.46,"ms":5.56,"wi":55.87,"ei":7.0,"as":994.0,"mi":"E","mv":2177,"sc":7,"lpe":54.98,"lpr":99452.35,"lq":3.71,"d":1386711},{"pi":"351577","pc":"Ювелирные изделия","ss":40000,"td":"Центр города","dc":1,"n":441.2,"vc":"86015","sl":"Высокий","sv":"103","p":700000.0,"q":10.68,"b":4.17,"ms":4.73,"wi":55.87,"ei":7.0,"as":994.0,"mi":"E","mv":2177,"sc":7,"lpe":54.98,"lpr":99452.35,"lq":3.71,"d":1386711},{"pi":"351577","pc":"Ювелирные изделия","ss":1000,"td":"Фешенебельный район","dc":1,"n":274.44,"vc":"330","sl":"Элитный","sv":"24","p":200000.0,"q":3.82,"b":1.74,"ms":1.1,"wi":55.87,"ei":7.0,"as":994.0,"mi":"E","mv":2177,"sc":7,"lpe":54.98,"lpr":99452.35,"lq":3.71,"d":1386711},{"pi":"351577","pc":"Ювелирные изделия","ss":5000,"td":"Центр города","dc":2,"n":187.4,"vc":"3128","sl":"Элитный","sv":"10","p":570000.0,"q":12.38,"b":2.4,"ms":0.46,"wi":55.87,"ei":7.0,"as":994.0,"mi":"E","mv":2177,"sc":7,"lpe":54.98,"lpr":99452.35,"lq":3.71,"d":1386711},{"pi":"351577","pc":"Ювелирные изделия","ss":24000,"td":"Центр города","dc":1,"n":418.87,"vc":"71722","sl":"Элитный","sv":"3","p":1300000.0,"q":11.31,"b":4.09,"ms":0.14,"wi":55.87,"ei":7.0,"as":994.0,"mi":"E","mv":2177,"sc":7,"lpe":54.98,"lpr":99452.35,"lq":3.71,"d":1386711},{"pi":"351577","pc":"Ювелирные изделия","ss":10000,"td":"Центр города","dc":1,"n":406.14,"vc":"24889","sl":"Очень высокий","sv":"229","p":700000.0,"q":9.52,"b":3.87,"ms":18.68,"wi":16.57,"ei":5.17,"as":280.0,"mi":"E","mv":1226,"sc":1,"lpe":81.32,"lpr":110234.16,"lq":2.75,"d":1800890},{"pi":"351577","pc":"Ювелирные изделия","ss":50000,"td":"Центр города","dc":1,"n":427.62,"vc":"133398","sl":"Элитный","sv":"1030","p":380000.0,"q":6.6,"b":4.05,"ms":52.02,"wi":56.61,"ei":7.0,"as":1036.07,"mi":"D","mv":1980,"sc":8,"lpe":29.6,"lpr":83083.8,"lq":3.82,"d":1285176},{"pi":"351577","pc":"Ювелирные изделия","ss":50000,"td":"Фешенебельный район","dc":1,"n":501.25,"vc":"25664","sl":"Элитный","sv":"254","p":370000.0,"q":6.59,"b":2.33,"ms":12.83,"wi":56.61,"ei":7.0,"as":1036.07,"mi":"D","mv":1980,"sc":8,"lpe":29.6,"lpr":83083.8,"lq":3.82,"d":1285176},{"pi":"351577","pc":"Ювелирные изделия","ss":5000,"td":"Центр города","dc":2,"n":288.43,"vc":"6073","sl":"Элитный","sv":"44","p":300000.0,"q":6.33,"b":2.77,"ms":2.22,"wi":56.61,"ei":7.0,"as":1036.07,"mi":"D","mv":1980,"sc":8,"lpe":29.6,"lpr":83083.8,"lq":3.82,"d":1285176},{"pi":"351577","pc":"Ювелирные изделия","ss":90000,"td":"Центр города","dc":1,"n":422.67,"vc":"137043","sl":"Очень высокий","sv":"39","p":800000.0,"q":10.38,"b":4.17,"ms":1.97,"wi":56.61,"ei":7.0,"as":1036.07,"mi":"D","mv":1980,"sc":8,"lpe":29.6,"lpr":83083.8,"lq":3.82,"d":1285176},{"pi":"351577","pc":"Ювелирные изделия","ss":1000,"td":"Фешенебельный район","dc":1,"n":279.07,"vc":"330","sl":"Элитный","sv":"12","p":200000.0,"q":3.27,"b":1.74,"ms":0.61,"wi":56.61,"ei":7.0,"as":1036.07,"mi":"D","mv":1980,"sc":8,"lpe":29.6,"lpr":83083.8,"lq":3.82,"d":1285176},{"pi":"351577","pc":"Ювелирные изделия","ss":2000,"td":"Центр города","dc":2,"n":191.73,"vc":"1940","sl":"Элитный","sv":"10","p":470000.0,"q":10.72,"b":2.4,"ms":0.51,"wi":56.61,"ei":7.0,"as":1036.07,"mi":"D","mv":1980,"sc":8,"lpe":29.6,"lpr":83083.8,"lq":3.82,"d":1285176},{"pi":"351577","pc":"Ювелирные изделия","ss":24000,"td":"Центр города","dc":1,"n":424.1,"vc":"72888","sl":"Элитный","sv":"3","p":1100000.0,"q":11.13,"b":4.09,"ms":0.15,"wi":56.61,"ei":7.0,"as":1036.07,"mi":"D","mv":1980,"sc":8,"lpe":29.6,"lpr":83083.8,"lq":3.82,"d":1285176},{"pi":"351577","pc":"Ювелирные изделия","ss":10000,"td":"Фешенебельный район","dc":1,"n":424.1,"vc":"5684","sl":"Элитный","sv":"2","p":400000.0,"q":9.37,"b":0.0,"ms":0.1,"wi":56.61,"ei":7.0,"as":1036.07,"mi":"D","mv":1980,"sc":8,"lpe":29.6,"lpr":83083.8,"lq":3.82,"d":1285176},{"pi":"351577","pc":"Ювелирные изделия","ss":1000,"td":"Центр города","dc":2,"n":57.56,"vc":"556","sl":"Элитный","sv":"7","p":650000.0,"q":12.38,"b":0.74,"ms":5.11,"wi":16.19,"ei":8.65,"as":559.5,"mi":"E","mv":137,"sc":1,"lpe":94.89,"lpr":323629.51,"lq":1.0,"d":897180},{"pi":"351577","pc":"Ювелирные изделия","ss":1000,"td":"Центр города","dc":2,"n":78.55,"vc":"444","sl":"Элитный","sv":"5","p":430000.0,"q":12.38,"b":0.74,"ms":1.58,"wi":15.83,"ei":6.7,"as":209.4,"mi":"E","mv":316,"sc":1,"lpe":98.42,"lpr":212180.51,"lq":1.0,"d":337460},{"pi":"351577","pc":"Ювелирные изделия","ss":50000,"td":"Центр города","dc":1,"n":389.32,"vc":"114126","sl":"Элитный","sv":"1169","p":450000.0,"q":6.58,"b":4.25,"ms":29.56,"wi":47.6,"ei":7.77,"as":378.0,"mi":"D","mv":3954,"sc":7,"lpe":20.41,"lpr":117624.74,"lq":4.92,"d":2176390},{"pi":"351577","pc":"Ювелирные изделия","ss":80000,"td":"Центр города","dc":1,"n":525.81,"vc":"393360","sl":"Очень высокий","sv":"854","p":1000000.0,"q":13.23,"b":5.34,"ms":21.6,"wi":47.6,"ei":7.77,"as":378.0,"mi":"D","mv":3954,"sc":7,"lpe":20.41,"lpr":117624.74,"lq":4.92,"d":2176390},{"pi":"351577","pc":"Ювелирные изделия","ss":100000,"td":"Центр города","dc":1,"n":501.41,"vc":"383343","sl":"Элитный","sv":"800","p":400000.0,"q":6.44,"b":0.0,"ms":20.23,"wi":47.6,"ei":7.77,"as":378.0,"mi":"D","mv":3954,"sc":7,"lpe":20.41,"lpr":117624.74,"lq":4.92,"d":2176390},{"pi":"351577","pc":"Ювелирные изделия","ss":100000,"td":"Центр города","dc":1,"n":418.77,"vc":"173188","sl":"Элитный","sv":"174","p":1000000.0,"q":10.74,"b":4.72,"ms":4.4,"wi":47.6,"ei":7.77,"as":378.0,"mi":"D","mv":3954,"sc":7,"lpe":20.41,"lpr":117624.74,"lq":4.92,"d":2176390},{"pi":"351577","pc":"Ювелирные изделия","ss":50000,"td":"Центр города","dc":2,"n":386.07,"vc":"110880","sl":"Очень высокий","sv":"148","p":900000.0,"q":12.77,"b":2.26,"ms":3.74,"wi":47.6,"ei":7.77,"as":378.0,"mi":"D","mv":3954,"sc":7,"lpe":20.41,"lpr":117624.74,"lq":4.92,"d":2176390},{"pi":"351577","pc":"Ювелирные изделия","ss":1500,"td":"Центр города","dc":2,"n":29.18,"vc":"765","sl":"Элитный","sv":"1","p":850000.0,"q":12.24,"b":2.22,"ms":0.03,"wi":47.6,"ei":7.77,"as":378.0,"mi":"D","mv":3954,"sc":7,"lpe":20.41,"lpr":117624.74,"lq":4.92,"d":2176390},{"pi":"351577","pc":"Ювелирные изделия","ss":10000,"td":"Центр города","dc":1,"n":412.31,"vc":"27837","sl":"Элитный","sv":"1","p":1200000.0,"q":9.66,"b":3.79,"ms":0.03,"wi":47.6,"ei":7.77,"as":378.0,"mi":"D","mv":3954,"sc":7,"lpe":20.41,"lpr":117624.74,"lq":4.92,"d":2176390},{"pi":"351577","pc":"Ювелирные изделия","ss":100000,"td":"Центр города","dc":1,"n":407.28,"vc":"292746","sl":"Элитный","sv":"10000","p":460000.0,"q":6.44,"b":0.0,"ms":49.41,"wi":22.52,"ei":5.34,"as":224.4,"mi":"D","mv":20240,"sc":2,"lpe":46.64,"lpr":311337.18,"lq":1.85,"d":13372198},{"pi":"351577","pc":"Ювелирные изделия","ss":50000,"td":"Центр города","dc":1,"n":324.36,"vc":"80642","sl":"Высокий","sv":"800","p":900000.0,"q":10.46,"b":2.64,"ms":3.95,"wi":22.52,"ei":5.34,"as":224.4,"mi":"D","mv":20240,"sc":2,"lpe":46.64,"lpr":311337.18,"lq":1.85,"d":13372198},{"pi":"351577","pc":"Ювелирные изделия","ss":1000,"td":"Центр города","dc":2,"n":115.49,"vc":"464","sl":"Элитный","sv":"15","p":1000000.0,"q":12.38,"b":2.22,"ms":4.44,"wi":33.4,"ei":6.0,"as":384.38,"mi":"E","mv":338,"sc":1,"lpe":95.56,"lpr":497725.15,"lq":1.0,"d":211000},{"pi":"351577","pc":"Ювелирные изделия","ss":50000,"td":"Центр города","dc":1,"n":544.19,"vc":"217848","sl":"Очень высокий","sv":"495","p":780000.0,"q":6.89,"b":4.25,"ms":97.06,"wi":51.02,"ei":8.0,"as":490.0,"mi":"AAA","mv":510,"sc":2,"lpe":0.0,"lpr":168923.1,"lq":2.76,"d":270500},{"pi":"351577","pc":"Ювелирные изделия","ss":1000,"td":"Центр города","dc":2,"n":94.5,"vc":"450","sl":"Элитный","sv":"15","p":800000.0,"q":12.38,"b":2.22,"ms":2.94,"wi":51.02,"ei":8.0,"as":490.0,"mi":"AAA","mv":510,"sc":2,"lpe":0.0,"lpr":168923.1,"lq":2.76,"d":270500},{"pi":"351577","pc":"Ювелирные изделия","ss":1000,"td":"Центр города","dc":2,"n":41.23,"vc":"549","sl":"Элитный","sv":"8","p":900000.0,"q":12.38,"b":0.6,"ms":1.63,"wi":18.09,"ei":13.68,"as":415.06,"mi":"E","mv":491,"sc":1,"lpe":98.37,"lpr":396711.45,"lq":1.0,"d":1129284},{"pi":"351577","pc":"Ювелирные изделия","ss":100000,"td":"Центр города","dc":1,"n":520.16,"vc":"514861","sl":"Очень высокий","sv":"400","p":850000.0,"q":6.44,"b":0.0,"ms":32.71,"wi":20.66,"ei":13.7,"as":469.4,"mi":"E","mv":1223,"sc":2,"lpe":66.64,"lpr":486819.44,"lq":1.76,"d":3019600},{"pi":"351577","pc":"Ювелирные изделия","ss":1000,"td":"Центр города","dc":2,"n":20.75,"vc":"691","sl":"Элитный","sv":"8","p":1000000.0,"q":12.38,"b":0.66,"ms":0.65,"wi":20.66,"ei":13.7,"as":469.4,"mi":"E","mv":1223,"sc":2,"lpe":66.64,"lpr":486819.44,"lq":1.76,"d":3019600},{"pi":"351577","pc":"Ювелирные изделия","ss":50000,"td":"Фешенебельный район","dc":1,"n":552.94,"vc":"34307","sl":"Элитный","sv":"272","p":650000.0,"q":6.44,"b":2.83,"ms":23.69,"wi":48.91,"ei":7.0,"as":913.33,"mi":"E","mv":1148,"sc":4,"lpe":55.4,"lpr":144156.09,"lq":4.18,"d":792900},{"pi":"351577","pc":"Ювелирные изделия","ss":20000,"td":"Центр города","dc":1,"n":486.79,"vc":"58999","sl":"Элитный","sv":"200","p":1000000.0,"q":12.1,"b":4.43,"ms":17.42,"wi":48.91,"ei":7.0,"as":913.33,"mi":"E","mv":1148,"sc":4,"lpe":55.4,"lpr":144156.09,"lq":4.18,"d":792900},{"pi":"351577","pc":"Ювелирные изделия","ss":10000,"td":"Спальный район","dc":1,"n":533.49,"vc":"35926","sl":"Очень высокий","sv":"34","p":800000.0,"q":10.48,"b":0.0,"ms":2.96,"wi":48.91,"ei":7.0,"as":913.33,"mi":"E","mv":1148,"sc":4,"lpe":55.4,"lpr":144156.09,"lq":4.18,"d":792900},{"pi":"351577","pc":"Ювелирные изделия","ss":1500,"td":"Центр города","dc":2,"n":134.34,"vc":"1002","sl":"Элитный","sv":"6","p":850000.0,"q":12.26,"b":2.62,"ms":0.52,"wi":48.91,"ei":7.0,"as":913.33,"mi":"E","mv":1148,"sc":4,"lpe":55.4,"lpr":144156.09,"lq":4.18,"d":792900},{"pi":"351577","pc":"Ювелирные изделия","ss":50000,"td":"Центр города","dc":1,"n":458.74,"vc":"151737","sl":"Элитный","sv":"560","p":250000.0,"q":9.83,"b":4.35,"ms":46.4,"wi":47.76,"ei":7.0,"as":1078.25,"mi":"AA","mv":1207,"sc":7,"lpe":0.0,"lpr":101309.91,"lq":3.16,"d":842600},{"pi":"351577","pc":"Ювелирные изделия","ss":50000,"td":"Центр города","dc":1,"n":458.74,"vc":"151737","sl":"Высокий","sv":"389","p":240000.0,"q":6.54,"b":4.35,"ms":32.23,"wi":47.76,"ei":7.0,"as":1078.25,"mi":"AA","mv":1207,"sc":7,"lpe":0.0,"lpr":101309.91,"lq":3.16,"d":842600},{"pi":"351577","pc":"Ювелирные изделия","ss":50000,"td":"Фешенебельный район","dc":1,"n":548.0,"vc":"33542","sl":"Элитный","sv":"216","p":220000.0,"q":6.48,"b":2.83,"ms":17.9,"wi":47.76,"ei":7.0,"as":1078.25,"mi":"AA","mv":1207,"sc":7,"lpe":0.0,"lpr":101309.91,"lq":3.16,"d":842600},{"pi":"351577","pc":"Ювелирные изделия","ss":10000,"td":"Спальный район","dc":1,"n":499.96,"vc":"28639","sl":"Элитный","sv":"20","p":550000.0,"q":11.04,"b":0.0,"ms":1.66,"wi":47.76,"ei":7.0,"as":1078.25,"mi":"AA","mv":1207,"sc":7,"lpe":0.0,"lpr":101309.91,"lq":3.16,"d":842600},{"pi":"351577","pc":"Ювелирные изделия","ss":20000,"td":"Центр города","dc":1,"n":456.85,"vc":"47424","sl":"Элитный","sv":"12","p":900000.0,"q":12.06,"b":4.43,"ms":0.99,"wi":47.76,"ei":7.0,"as":1078.25,"mi":"AA","mv":1207,"sc":7,"lpe":0.0,"lpr":101309.91,"lq":3.16,"d":842600},{"pi":"351577","pc":"Ювелирные изделия","ss":10000,"td":"Центр города","dc":1,"n":234.7,"vc":"5369","sl":"Элитный","sv":"8","p":420000.0,"q":9.34,"b":0.0,"ms":0.66,"wi":47.76,"ei":7.0,"as":1078.25,"mi":"AA","mv":1207,"sc":7,"lpe":0.0,"lpr":101309.91,"lq":3.16,"d":842600},{"pi":"351577","pc":"Ювелирные изделия","ss":1500,"td":"Центр города","dc":2,"n":132.02,"vc":"1010","sl":"Элитный","sv":"2","p":550000.0,"q":12.03,"b":2.62,"ms":0.17,"wi":47.76,"ei":7.0,"as":1078.25,"mi":"AA","mv":1207,"sc":7,"lpe":0.0,"lpr":101309.91,"lq":3.16,"d":842600},{"pi":"351577","pc":"Ювелирные изделия","ss":100000,"td":"Центр города","dc":1,"n":497.56,"vc":"426361","sl":"Элитный","sv":"800","p":700000.0,"q":6.44,"b":0.0,"ms":25.05,"wi":30.96,"ei":13.87,"as":473.48,"mi":"E","mv":3194,"sc":3,"lpe":60.9,"lpr":215626.94,"lq":4.24,"d":3278130},{"pi":"351577","pc":"Ювелирные изделия","ss":10000,"td":"Центр города","dc":1,"n":362.06,"vc":"22156","sl":"Элитный","sv":"439","p":1000000.0,"q":9.82,"b":3.49,"ms":13.74,"wi":30.96,"ei":13.87,"as":473.48,"mi":"E","mv":3194,"sc":3,"lpe":60.9,"lpr":215626.94,"lq":4.24,"d":3278130},{"pi":"351577","pc":"Ювелирные изделия","ss":1500,"td":"Центр города","dc":2,"n":27.05,"vc":"872","sl":"Элитный","sv":"10","p":800000.0,"q":12.38,"b":0.66,"ms":0.31,"wi":30.96,"ei":13.87,"as":473.48,"mi":"E","mv":3194,"sc":3,"lpe":60.9,"lpr":215626.94,"lq":4.24,"d":3278130},{"pi":"351577","pc":"Ювелирные изделия","ss":1000,"td":"Центр города","dc":1,"n":301.61,"vc":"1528","sl":"Элитный","sv":"13","p":1013000.0,"q":8.69,"b":0.0,"ms":8.33,"wi":33.78,"ei":6.3,"as":470.0,"mi":"E","mv":156,"sc":2,"lpe":85.26,"lpr":425378.67,"lq":7.24,"d":99366},{"pi":"351577","pc":"Ювелирные изделия","ss":500,"td":"Центр города","dc":2,"n":155.52,"vc":"309","sl":"Элитный","sv":"10","p":800000.0,"q":12.38,"b":1.73,"ms":6.41,"wi":33.78,"ei":6.3,"as":470.0,"mi":"E","mv":156,"sc":2,"lpe":85.26,"lpr":425378.67,"lq":7.24,"d":99366},{"pi":"351577","pc":"Ювелирные изделия","ss":1000,"td":"Центр города","dc":2,"n":161.37,"vc":"467","sl":"Элитный","sv":"10","p":800000.0,"q":12.38,"b":1.73,"ms":8.77,"wi":25.77,"ei":6.2,"as":442.23,"mi":"E","mv":114,"sc":1,"lpe":91.23,"lpr":401067.1,"lq":1.0,"d":102460},{"pi":"351577","pc":"Ювелирные изделия","ss":1000,"td":"Центр города","dc":1,"n":284.89,"vc":"1431","sl":"Элитный","sv":"19","p":410500.0,"q":2.46,"b":0.0,"ms":15.57,"wi":26.71,"ei":6.3,"as":456.0,"mi":"E","mv":122,"sc":2,"lpe":76.23,"lpr":395069.45,"lq":2.43,"d":107850},{"pi":"351577","pc":"Ювелирные изделия","ss":1000,"td":"Центр города","dc":2,"n":158.41,"vc":"467","sl":"Элитный","sv":"10","p":850000.0,"q":12.38,"b":2.5,"ms":8.2,"wi":26.71,"ei":6.3,"as":456.0,"mi":"E","mv":122,"sc":2,"lpe":76.23,"lpr":395069.45,"lq":2.43,"d":107850},{"pi":"351577","pc":"Ювелирные изделия","ss":3000,"td":"Фешенебельный район","dc":1,"n":596.54,"vc":"3740","sl":"Элитный","sv":"31","p":1659000.0,"q":8.7,"b":1.04,"ms":8.78,"wi":54.46,"ei":6.0,"as":457.0,"mi":"E","mv":353,"sc":2,"lpe":88.39,"lpr":423925.13,"lq":6.84,"d":189700},{"pi":"351577","pc":"Ювелирные изделия","ss":1000,"td":"Центр города","dc":2,"n":104.59,"vc":"421","sl":"Элитный","sv":"10","p":950000.0,"q":12.38,"b":2.22,"ms":2.83,"wi":54.46,"ei":6.0,"as":457.0,"mi":"E","mv":353,"sc":2,"lpe":88.39,"lpr":423925.13,"lq":6.84,"d":189700},{"pi":"351577","pc":"Ювелирные изделия","ss":1000,"td":"Центр города","dc":2,"n":145.59,"vc":"481","sl":"Элитный","sv":"10","p":850000.0,"q":12.38,"b":1.73,"ms":6.41,"wi":26.88,"ei":6.4,"as":470.16,"mi":"E","mv":156,"sc":1,"lpe":93.59,"lpr":410693.36,"lq":1.0,"d":143654},{"pi":"351577","pc":"Ювелирные изделия","ss":1000,"td":"Центр города","dc":2,"n":144.16,"vc":"484","sl":"Элитный","sv":"10","p":800000.0,"q":12.38,"b":1.73,"ms":6.17,"wi":27.95,"ei":6.5,"as":474.81,"mi":"E","mv":162,"sc":1,"lpe":93.83,"lpr":412751.8,"lq":1.0,"d":150000},{"pi":"351577","pc":"Ювелирные изделия","ss":500,"td":"Центр города","dc":2,"n":142.02,"vc":"305","sl":"Элитный","sv":"1","p":200000.0,"q":12.38,"b":0.86,"ms":1.01,"wi":10.44,"ei":4.68,"as":324.4,"mi":"E","mv":99,"sc":1,"lpe":98.99,"lpr":62833.27,"lq":1.0,"d":211816},{"pi":"351577","pc":"Ювелирные изделия","ss":50000,"td":"Центр города","dc":1,"n":464.33,"vc":"155314","sl":"Элитный","sv":"1121","p":280000.0,"q":6.49,"b":3.3,"ms":97.06,"wi":49.39,"ei":7.0,"as":1230.33,"mi":"B","mv":1155,"sc":7,"lpe":0.0,"lpr":60799.61,"lq":3.51,"d":781464},{"pi":"351577","pc":"Ювелирные изделия","ss":80000,"td":"Центр города","dc":1,"n":457.15,"vc":"144392","sl":"Элитный","sv":"10","p":700000.0,"q":10.33,"b":4.09,"ms":0.87,"wi":49.39,"ei":7.0,"as":1230.33,"mi":"B","mv":1155,"sc":7,"lpe":0.0,"lpr":60799.61,"lq":3.51,"d":781464},{"pi":"351577","pc":"Ювелирные изделия","ss":4000,"td":"Фешенебельный район","dc":1,"n":322.45,"vc":"839","sl":"Элитный","sv":"9","p":150000.0,"q":3.24,"b":1.53,"ms":0.78,"wi":49.39,"ei":7.0,"as":1230.33,"mi":"B","mv":1155,"sc":7,"lpe":0.0,"lpr":60799.61,"lq":3.51,"d":781464},{"pi":"351577","pc":"Ювелирные изделия","ss":8000,"td":"Центр города","dc":1,"n":572.41,"vc":"78840","sl":"Нормальный","sv":"8","p":500000.0,"q":11.15,"b":1.6,"ms":0.69,"wi":49.39,"ei":7.0,"as":1230.33,"mi":"B","mv":1155,"sc":7,"lpe":0.0,"lpr":60799.61,"lq":3.51,"d":781464},{"pi":"351577","pc":"Ювелирные изделия","ss":6000,"td":"Центр города","dc":1,"n":188.65,"vc":"2841","sl":"Элитный","sv":"4","p":350000.0,"q":8.09,"b":0.0,"ms":0.35,"wi":49.39,"ei":7.0,"as":1230.33,"mi":"B","mv":1155,"sc":7,"lpe":0.0,"lpr":60799.61,"lq":3.51,"d":781464},{"pi":"351577","pc":"Ювелирные изделия","ss":1500,"td":"Центр города","dc":2,"n":135.03,"vc":"1001","sl":"Элитный","sv":"2","p":400000.0,"q":10.94,"b":2.01,"ms":0.17,"wi":49.39,"ei":7.0,"as":1230.33,"mi":"B","mv":1155,"sc":7,"lpe":0.0,"lpr":60799.61,"lq":3.51,"d":781464},{"pi":"351577","pc":"Ювелирные изделия","ss":10000,"td":"Фешенебельный район","dc":1,"n":458.88,"vc":"6176","sl":"Элитный","sv":"1","p":600000.0,"q":10.88,"b":0.0,"ms":0.09,"wi":49.39,"ei":7.0,"as":1230.33,"mi":"B","mv":1155,"sc":7,"lpe":0.0,"lpr":60799.61,"lq":3.51,"d":781464},{"pi":"351577","pc":"Ювелирные изделия","ss":10000,"td":"Фешенебельный район","dc":1,"n":451.5,"vc":"6066","sl":"Элитный","sv":"123","p":400000.0,"q":12.88,"b":0.0,"ms":9.62,"wi":44.14,"ei":7.76,"as":812.25,"mi":"E","mv":1279,"sc":4,"lpe":81.39,"lpr":94473.45,"lq":2.55,"d":867598},{"pi":"351577","pc":"Ювелирные изделия","ss":100000,"td":"Центр города","dc":1,"n":449.83,"vc":"169206","sl":"Элитный","sv":"89","p":900000.0,"q":9.93,"b":4.09,"ms":6.96,"wi":44.14,"ei":7.76,"as":812.25,"mi":"E","mv":1279,"sc":4,"lpe":81.39,"lpr":94473.45,"lq":2.55,"d":867598},{"pi":"351577","pc":"Ювелирные изделия","ss":15000,"td":"Фешенебельный район","dc":1,"n":498.5,"vc":"7927","sl":"Элитный","sv":"25","p":550000.0,"q":11.03,"b":1.408,"ms":1.95,"wi":44.14,"ei":7.76,"as":812.25,"mi":"E","mv":1279,"sc":4,"lpe":81.39,"lpr":94473.45,"lq":2.55,"d":867598},{"pi":"351577","pc":"Ювелирные изделия","ss":1500,"td":"Центр города","dc":2,"n":130.82,"vc":"1013","sl":"Элитный","sv":"1","p":400000.0,"q":12.38,"b":2.01,"ms":0.08,"wi":44.14,"ei":7.76,"as":812.25,"mi":"E","mv":1279,"sc":4,"lpe":81.39,"lpr":94473.45,"lq":2.55,"d":867598},{"pi":"351577","pc":"Ювелирные изделия","ss":30000,"td":"Фешенебельный район","dc":1,"n":594.02,"vc":"58827","sl":"Элитный","sv":"276","p":963900.0,"q":8.7,"b":2.66,"ms":9.2,"wi":32.64,"ei":7.0,"as":262.0,"mi":"E","mv":2999,"sc":3,"lpe":84.53,"lpr":128789.69,"lq":2.48,"d":1645160},{"pi":"351577","pc":"Ювелирные изделия","ss":10000,"td":"Центр города","dc":1,"n":412.25,"vc":"25230","sl":"Элитный","sv":"182","p":900000.0,"q":10.28,"b":4.17,"ms":6.07,"wi":32.64,"ei":7.0,"as":262.0,"mi":"E","mv":2999,"sc":3,"lpe":84.53,"lpr":128789.69,"lq":2.48,"d":1645160},{"pi":"351577","pc":"Ювелирные изделия","ss":1500,"td":"Центр города","dc":2,"n":42.22,"vc":"749","sl":"Элитный","sv":"6","p":550000.0,"q":12.38,"b":1.51,"ms":0.2,"wi":32.64,"ei":7.0,"as":262.0,"mi":"E","mv":2999,"sc":3,"lpe":84.53,"lpr":128789.69,"lq":2.48,"d":1645160},{"pi":"351577","pc":"Ювелирные изделия","ss":10000,"td":"Центр города","dc":1,"n":453.32,"vc":"27534","sl":"Очень высокий","sv":"333","p":800000.0,"q":9.83,"b":4.17,"ms":20.54,"wi":32.33,"ei":6.0,"as":270.0,"mi":"E","mv":1621,"sc":2,"lpe":79.09,"lpr":142185.43,"lq":2.59,"d":886742},{"pi":"351577","pc":"Ювелирные изделия","ss":1500,"td":"Центр города","dc":2,"n":62.68,"vc":"681","sl":"Элитный","sv":"6","p":600000.0,"q":12.38,"b":1.51,"ms":0.37,"wi":32.33,"ei":6.0,"as":270.0,"mi":"E","mv":1621,"sc":2,"lpe":79.09,"lpr":142185.43,"lq":2.59,"d":886742},{"pi":"351577","pc":"Ювелирные изделия","ss":10000,"td":"Центр города","dc":1,"n":462.17,"vc":"28085","sl":"Очень высокий","sv":"255","p":800000.0,"q":10.2,"b":4.17,"ms":18.27,"wi":32.1,"ei":6.0,"as":255.0,"mi":"E","mv":1396,"sc":2,"lpe":81.3,"lpr":124290.91,"lq":2.47,"d":778400},{"pi":"351577","pc":"Ювелирные изделия","ss":1500,"td":"Центр города","dc":2,"n":67.49,"vc":"670","sl":"Элитный","sv":"6","p":500000.0,"q":12.38,"b":1.51,"ms":0.43,"wi":32.1,"ei":6.0,"as":255.0,"mi":"E","mv":1396,"sc":2,"lpe":81.3,"lpr":124290.91,"lq":2.47,"d":778400},{"pi":"351577","pc":"Ювелирные изделия","ss":50000,"td":"Центр города","dc":1,"n":416.67,"vc":"127557","sl":"Элитный","sv":"2007","p":280000.0,"q":6.46,"b":3.94,"ms":86.92,"wi":54.41,"ei":7.0,"as":1000.0,"mi":"A","mv":2309,"sc":9,"lpe":0.0,"lpr":85146.13,"lq":4.06,"d":1493247},{"pi":"351577","pc":"Ювелирные изделия","ss":20000,"td":"Центр города","dc":1,"n":413.72,"vc":"61536","sl":"Элитный","sv":"172","p":279232.07,"q":4.57,"b":3.18,"ms":7.45,"wi":54.41,"ei":7.0,"as":1000.0,"mi":"A","mv":2309,"sc":9,"lpe":0.0,"lpr":85146.13,"lq":4.06,"d":1493247},{"pi":"351577","pc":"Ювелирные изделия","ss":50000,"td":"Окраина","dc":1,"n":439.82,"vc":"62674","sl":"Элитный","sv":"36","p":600000.0,"q":9.81,"b":3.43,"ms":1.56,"wi":54.41,"ei":7.0,"as":1000.0,"mi":"A","mv":2309,"sc":9,"lpe":0.0,"lpr":85146.13,"lq":4.06,"d":1493247},{"pi":"351577","pc":"Ювелирные изделия","ss":10000,"td":"Фешенебельный район","dc":1,"n":408.34,"vc":"3554","sl":"Элитный","sv":"35","p":500000.0,"q":11.19,"b":1.19828571428571,"ms":1.52,"wi":54.41,"ei":7.0,"as":1000.0,"mi":"A","mv":2309,"sc":9,"lpe":0.0,"lpr":85146.13,"lq":4.06,"d":1493247},{"pi":"351577","pc":"Ювелирные изделия","ss":10500,"td":"Фешенебельный район","dc":1,"n":270.01,"vc":"1316","sl":"Элитный","sv":"18","p":160000.0,"q":2.93,"b":1.24,"ms":0.78,"wi":54.41,"ei":7.0,"as":1000.0,"mi":"A","mv":2309,"sc":9,"lpe":0.0,"lpr":85146.13,"lq":4.06,"d":1493247},{"pi":"351577","pc":"Ювелирные изделия","ss":4000,"td":"Центр города","dc":1,"n":280.79,"vc":"7978","sl":"Элитный","sv":"16","p":500000.0,"q":8.74,"b":3.13,"ms":0.69,"wi":54.41,"ei":7.0,"as":1000.0,"mi":"A","mv":2309,"sc":9,"lpe":0.0,"lpr":85146.13,"lq":4.06,"d":1493247},{"pi":"351577","pc":"Ювелирные изделия","ss":10000,"td":"Центр города","dc":1,"n":293.03,"vc":"10098","sl":"Элитный","sv":"12","p":400000.0,"q":6.66,"b":1.01,"ms":0.52,"wi":54.41,"ei":7.0,"as":1000.0,"mi":"A","mv":2309,"sc":9,"lpe":0.0,"lpr":85146.13,"lq":4.06,"d":1493247},{"pi":"351577","pc":"Ювелирные изделия","ss":100000,"td":"Центр города","dc":1,"n":415.73,"vc":"147413","sl":"Элитный","sv":"9","p":800000.0,"q":10.75,"b":3.15,"ms":0.39,"wi":54.41,"ei":7.0,"as":1000.0,"mi":"A","mv":2309,"sc":9,"lpe":0.0,"lpr":85146.13,"lq":4.06,"d":1493247},{"pi":"351577","pc":"Ювелирные изделия","ss":5000,"td":"Центр города","dc":2,"n":186.86,"vc":"3199","sl":"Элитный","sv":"3","p":600000.0,"q":12.23,"b":1.49,"ms":0.13,"wi":54.41,"ei":7.0,"as":1000.0,"mi":"A","mv":2309,"sc":9,"lpe":0.0,"lpr":85146.13,"lq":4.06,"d":1493247},{"pi":"351577","pc":"Ювелирные изделия","ss":30000,"td":"Центр города","dc":1,"n":412.73,"vc":"39944","sl":"Элитный","sv":"30","p":2475000.0,"q":8.71,"b":1.05,"ms":9.97,"wi":37.43,"ei":6.0,"as":565.0,"mi":"E","mv":301,"sc":2,"lpe":81.73,"lpr":455780.48,"lq":7.39,"d":185300},{"pi":"351577","pc":"Ювелирные изделия","ss":1000,"td":"Центр города","dc":2,"n":120.84,"vc":"457","sl":"Элитный","sv":"25","p":950000.0,"q":12.38,"b":2.22,"ms":8.31,"wi":37.43,"ei":6.0,"as":565.0,"mi":"E","mv":301,"sc":2,"lpe":81.73,"lpr":455780.48,"lq":7.39,"d":185300},{"pi":"351577","pc":"Ювелирные изделия","ss":50000,"td":"Центр города","dc":1,"n":537.41,"vc":"211634","sl":"Очень высокий","sv":"519","p":350000.0,"q":6.66,"b":4.25,"ms":99.81,"wi":34.42,"ei":7.0,"as":453.0,"mi":"AAA","mv":520,"sc":2,"lpe":0.0,"lpr":135104.57,"lq":3.58,"d":295778},{"pi":"351577","pc":"Ювелирные изделия","ss":12000,"td":"Спальный район","dc":1,"n":529.21,"vc":"42969","sl":"Очень высокий","sv":"1","p":1600000.0,"q":11.75,"b":4.08,"ms":0.19,"wi":34.42,"ei":7.0,"as":453.0,"mi":"AAA","mv":520,"sc":2,"lpe":0.0,"lpr":135104.57,"lq":3.58,"d":295778},{"pi":"351577","pc":"Ювелирные изделия","ss":100000,"td":"Центр города","dc":1,"n":445.37,"vc":"221298","sl":"Элитный","sv":"1292","p":250000.0,"q":6.41,"b":2.46,"ms":32.46,"wi":58.91,"ei":7.0,"as":1299.6,"mi":"A","mv":3980,"sc":16,"lpe":0.0,"lpr":93407.06,"lq":5.98,"d":2111474},{"pi":"351577","pc":"Ювелирные изделия","ss":23400,"td":"Центр города","dc":1,"n":399.74,"vc":"69744","sl":"Очень высокий","sv":"1188","p":260000.0,"q":10.44,"b":2.73,"ms":29.85,"wi":58.91,"ei":7.0,"as":1299.6,"mi":"A","mv":3980,"sc":16,"lpe":0.0,"lpr":93407.06,"lq":5.98,"d":2111474},{"pi":"351577","pc":"Ювелирные изделия","ss":100000,"td":"Фешенебельный район","dc":1,"n":448.96,"vc":"34362","sl":"Элитный","sv":"514","p":250000.0,"q":6.23,"b":2.46,"ms":12.91,"wi":58.91,"ei":7.0,"as":1299.6,"mi":"A","mv":3980,"sc":16,"lpe":0.0,"lpr":93407.06,"lq":5.98,"d":2111474},{"pi":"351577","pc":"Ювелирные изделия","ss":20000,"td":"Центр города","dc":1,"n":390.17,"vc":"57531","sl":"Элитный","sv":"303","p":180000.0,"q":4.21,"b":2.5,"ms":7.61,"wi":58.91,"ei":7.0,"as":1299.6,"mi":"A","mv":3980,"sc":16,"lpe":0.0,"lpr":93407.06,"lq":5.98,"d":2111474},{"pi":"351577","pc":"Ювелирные изделия","ss":53000,"td":"Центр города","dc":1,"n":390.32,"vc":"79421","sl":"Элитный","sv":"200","p":500000.0,"q":13.44,"b":3.78,"ms":5.03,"wi":58.91,"ei":7.0,"as":1299.6,"mi":"A","mv":3980,"sc":16,"lpe":0.0,"lpr":93407.06,"lq":5.98,"d":2111474},{"pi":"351577","pc":"Ювелирные изделия","ss":40000,"td":"Центр города","dc":1,"n":340.73,"vc":"41731","sl":"Элитный","sv":"87","p":300000.0,"q":5.99,"b":5.88,"ms":2.19,"wi":58.91,"ei":7.0,"as":1299.6,"mi":"A","mv":3980,"sc":16,"lpe":0.0,"lpr":93407.06,"lq":5.98,"d":2111474},{"pi":"351577","pc":"Ювелирные изделия","ss":12000,"td":"Центр города","dc":1,"n":522.0,"vc":"71961","sl":"Высокий","sv":"74","p":300000.0,"q":10.52,"b":0.605405405405405,"ms":1.86,"wi":58.91,"ei":7.0,"as":1299.6,"mi":"A","mv":3980,"sc":16,"lpe":0.0,"lpr":93407.06,"lq":5.98,"d":2111474},{"pi":"351577","pc":"Ювелирные изделия","ss":50000,"td":"Центр города","dc":1,"n":389.22,"vc":"75219","sl":"Элитный","sv":"72","p":500000.0,"q":10.2,"b":4.09,"ms":1.81,"wi":58.91,"ei":7.0,"as":1299.6,"mi":"A","mv":3980,"sc":16,"lpe":0.0,"lpr":93407.06,"lq":5.98,"d":2111474},{"pi":"351577","pc":"Ювелирные изделия","ss":50000,"td":"Центр города","dc":1,"n":260.89,"vc":"36068","sl":"Элитный","sv":"67","p":500000.0,"q":11.78,"b":2.51,"ms":1.68,"wi":58.91,"ei":7.0,"as":1299.6,"mi":"A","mv":3980,"sc":16,"lpe":0.0,"lpr":93407.06,"lq":5.98,"d":2111474},{"pi":"351577","pc":"Ювелирные изделия","ss":11500,"td":"Центр города","dc":1,"n":262.38,"vc":"14814","sl":"Элитный","sv":"59","p":150000.0,"q":3.69,"b":1.53,"ms":1.48,"wi":58.91,"ei":7.0,"as":1299.6,"mi":"A","mv":3980,"sc":16,"lpe":0.0,"lpr":93407.06,"lq":5.98,"d":2111474},{"pi":"351577","pc":"Ювелирные изделия","ss":100000,"td":"Центр города","dc":1,"n":264.41,"vc":"64980","sl":"Элитный","sv":"1541","p":550000.0,"q":12.31,"b":3.08,"ms":11.98,"wi":79.78,"ei":9.46,"as":2502.0,"mi":"D","mv":12863,"sc":27,"lpe":40.22,"lpr":140900.79,"lq":6.83,"d":9185246},{"pi":"351577","pc":"Ювелирные изделия","ss":25000,"td":"Спальный район","dc":1,"n":475.16,"vc":"170736","sl":"Высокий","sv":"1160","p":450000.0,"q":11.27,"b":1.82095689655172,"ms":9.02,"wi":79.78,"ei":9.46,"as":2502.0,"mi":"D","mv":12863,"sc":27,"lpe":40.22,"lpr":140900.79,"lq":6.83,"d":9185246},{"pi":"351577","pc":"Ювелирные изделия","ss":100000,"td":"Центр города","dc":1,"n":296.5,"vc":"88468","sl":"Элитный","sv":"615","p":800000.0,"q":13.42,"b":3.1,"ms":4.78,"wi":79.78,"ei":9.46,"as":2502.0,"mi":"D","mv":12863,"sc":27,"lpe":40.22,"lpr":140900.79,"lq":6.83,"d":9185246},{"pi":"351577","pc":"Ювелирные изделия","ss":60000,"td":"Центр города","dc":1,"n":401.6,"vc":"242860","sl":"Элитный","sv":"476","p":1000000.0,"q":13.36,"b":3.06,"ms":3.7,"wi":79.78,"ei":9.46,"as":2502.0,"mi":"D","mv":12863,"sc":27,"lpe":40.22,"lpr":140900.79,"lq":6.83,"d":9185246},{"pi":"351577","pc":"Ювелирные изделия","ss":100000,"td":"Фешенебельный район","dc":1,"n":341.02,"vc":"20361","sl":"Элитный","sv":"456","p":300000.0,"q":6.42,"b":1.93,"ms":3.55,"wi":79.78,"ei":9.46,"as":2502.0,"mi":"D","mv":12863,"sc":27,"lpe":40.22,"lpr":140900.79,"lq":6.83,"d":9185246},{"pi":"351577","pc":"Ювелирные изделия","ss":50000,"td":"Центр города","dc":1,"n":187.45,"vc":"31419","sl":"Элитный","sv":"335","p":650000.0,"q":12.3,"b":2.15,"ms":2.6,"wi":79.78,"ei":9.46,"as":2502.0,"mi":"D","mv":12863,"sc":27,"lpe":40.22,"lpr":140900.79,"lq":6.83,"d":9185246},{"pi":"351577","pc":"Ювелирные изделия","ss":140200,"td":"Центр города","dc":1,"n":203.05,"vc":"44032","sl":"Элитный","sv":"312","p":400000.0,"q":5.95,"b":5.0,"ms":2.43,"wi":79.78,"ei":9.46,"as":2502.0,"mi":"D","mv":12863,"sc":27,"lpe":40.22,"lpr":140900.79,"lq":6.83,"d":9185246},{"pi":"351577","pc":"Ювелирные изделия","ss":141000,"td":"Центр города","dc":1,"n":203.0,"vc":"44161","sl":"Элитный","sv":"309","p":400000.0,"q":5.96,"b":5.0,"ms":2.4,"wi":79.78,"ei":9.46,"as":2502.0,"mi":"D","mv":12863,"sc":27,"lpe":40.22,"lpr":140900.79,"lq":6.83,"d":9185246},{"pi":"351577","pc":"Ювелирные изделия","ss":100000,"td":"Центр города","dc":2,"n":400.67,"vc":"240879","sl":"Очень высокий","sv":"300","p":900000.0,"q":12.1,"b":3.1,"ms":2.33,"wi":79.78,"ei":9.46,"as":2502.0,"mi":"D","mv":12863,"sc":27,"lpe":40.22,"lpr":140900.79,"lq":6.83,"d":9185246},{"pi":"351577","pc":"Ювелирные изделия","ss":100000,"td":"Центр города","dc":1,"n":296.54,"vc":"88502","sl":"Элитный","sv":"289","p":800000.0,"q":11.12,"b":2.79031141868512,"ms":2.25,"wi":79.78,"ei":9.46,"as":2502.0,"mi":"D","mv":12863,"sc":27,"lpe":40.22,"lpr":140900.79,"lq":6.83,"d":9185246},{"pi":"351577","pc":"Ювелирные изделия","ss":20000,"td":"Центр города","dc":1,"n":521.02,"vc":"65633","sl":"Элитный","sv":"90","p":2500000.0,"q":13.08,"b":5.43,"ms":9.98,"wi":49.5,"ei":5.0,"as":327.0,"mi":"E","mv":902,"sc":2,"lpe":88.91,"lpr":516589.66,"lq":2.94,"d":491286},{"pi":"351577","pc":"Ювелирные изделия","ss":1000,"td":"Центр города","dc":2,"n":73.82,"vc":"493","sl":"Элитный","sv":"10","p":1200000.0,"q":12.38,"b":1.96,"ms":1.11,"wi":49.5,"ei":5.0,"as":327.0,"mi":"E","mv":902,"sc":2,"lpe":88.91,"lpr":516589.66,"lq":2.94,"d":491286},{"pi":"351577","pc":"Ювелирные изделия","ss":10000,"td":"Центр города","dc":1,"n":534.18,"vc":"45407","sl":"Очень высокий","sv":"214","p":900000.0,"q":9.93,"b":4.17,"ms":18.12,"wi":22.5,"ei":5.0,"as":260.0,"mi":"E","mv":1181,"sc":2,"lpe":81.37,"lpr":146784.22,"lq":2.73,"d":670650},{"pi":"351577","pc":"Ювелирные изделия","ss":1500,"td":"Центр города","dc":2,"n":80.55,"vc":"687","sl":"Элитный","sv":"6","p":650000.0,"q":12.38,"b":1.51,"ms":0.51,"wi":22.5,"ei":5.0,"as":260.0,"mi":"E","mv":1181,"sc":2,"lpe":81.37,"lpr":146784.22,"lq":2.73,"d":670650},{"pi":"351577","pc":"Ювелирные изделия","ss":1000,"td":"Центр города","dc":2,"n":91.9,"vc":"457","sl":"Элитный","sv":"15","p":1000000.0,"q":12.38,"b":1.96,"ms":2.95,"wi":47.04,"ei":5.0,"as":323.0,"mi":"E","mv":508,"sc":1,"lpe":97.05,"lpr":731609.14,"lq":1.0,"d":294868},{"pi":"351577","pc":"Ювелирные изделия","ss":1000,"td":"Центр города","dc":2,"n":90.73,"vc":"477","sl":"Элитный","sv":"10","p":900000.0,"q":12.38,"b":1.51,"ms":1.66,"wi":46.02,"ei":4.0,"as":281.0,"mi":"E","mv":601,"sc":1,"lpe":98.34,"lpr":480871.31,"lq":1.0,"d":340772},{"pi":"351577","pc":"Ювелирные изделия","ss":20000,"td":"Центр города","dc":1,"n":509.28,"vc":"63141","sl":"Элитный","sv":"100","p":2000000.0,"q":13.08,"b":5.43,"ms":9.62,"wi":50.1,"ei":6.0,"as":383.0,"mi":"E","mv":1039,"sc":3,"lpe":81.91,"lpr":217990.17,"lq":4.38,"d":575400},{"pi":"351577","pc":"Ювелирные изделия","ss":40000,"td":"Центр города","dc":1,"n":543.06,"vc":"229200","sl":"Очень высокий","sv":"74","p":1628000.0,"q":8.7,"b":1.43,"ms":7.12,"wi":50.1,"ei":6.0,"as":383.0,"mi":"E","mv":1039,"sc":3,"lpe":81.91,"lpr":217990.17,"lq":4.38,"d":575400},{"pi":"351577","pc":"Ювелирные изделия","ss":1000,"td":"Центр города","dc":2,"n":68.68,"vc":"506","sl":"Элитный","sv":"14","p":1000000.0,"q":12.37,"b":1.96,"ms":1.35,"wi":50.1,"ei":6.0,"as":383.0,"mi":"E","mv":1039,"sc":3,"lpe":81.91,"lpr":217990.17,"lq":4.38,"d":575400},{"pi":"351577","pc":"Ювелирные изделия","ss":1500,"td":"Центр города","dc":2,"n":89.63,"vc":"626","sl":"Элитный","sv":"10","p":800000.0,"q":12.38,"b":1.51,"ms":1.24,"wi":32.34,"ei":7.0,"as":266.4,"mi":"E","mv":809,"sc":1,"lpe":98.76,"lpr":436521.04,"lq":1.0,"d":440866},{"pi":"351577","pc":"Ювелирные изделия","ss":1000,"td":"Центр города","dc":2,"n":119.36,"vc":"477","sl":"Элитный","sv":"15","p":1100000.0,"q":12.38,"b":1.73,"ms":5.23,"wi":35.0,"ei":6.8,"as":480.2,"mi":"E","mv":287,"sc":1,"lpe":94.77,"lpr":594263.14,"lq":1.0,"d":214852},{"pi":"351577","pc":"Ювелирные изделия","ss":10000,"td":"Центр города","dc":1,"n":483.07,"vc":"36184","sl":"Очень высокий","sv":"303","p":1200000.0,"q":9.85,"b":4.17,"ms":16.07,"wi":35.7,"ei":7.54,"as":409.0,"mi":"E","mv":1886,"sc":2,"lpe":83.62,"lpr":238030.2,"lq":4.02,"d":1032351},{"pi":"351577","pc":"Ювелирные изделия","ss":1500,"td":"Центр города","dc":2,"n":57.8,"vc":"698","sl":"Элитный","sv":"6","p":800000.0,"q":12.38,"b":1.51,"ms":0.32,"wi":35.7,"ei":7.54,"as":409.0,"mi":"E","mv":1886,"sc":2,"lpe":83.62,"lpr":238030.2,"lq":4.02,"d":1032351},{"pi":"351577","pc":"Ювелирные изделия","ss":10000,"td":"Центр города","dc":1,"n":513.14,"vc":"35474","sl":"Очень высокий","sv":"169","p":950000.0,"q":9.31,"b":4.3,"ms":17.83,"wi":53.9,"ei":6.0,"as":346.0,"mi":"E","mv":948,"sc":2,"lpe":81.12,"lpr":150475.98,"lq":3.23,"d":516707},{"pi":"351577","pc":"Ювелирные изделия","ss":1000,"td":"Центр города","dc":2,"n":72.25,"vc":"498","sl":"Элитный","sv":"10","p":700000.0,"q":12.38,"b":1.96,"ms":1.05,"wi":53.9,"ei":6.0,"as":346.0,"mi":"E","mv":948,"sc":2,"lpe":81.12,"lpr":150475.98,"lq":3.23,"d":516707},{"pi":"351577","pc":"Ювелирные изделия","ss":1000,"td":"Центр города","dc":2,"n":89.64,"vc":"481","sl":"Элитный","sv":"10","p":950000.0,"q":12.38,"b":1.51,"ms":1.53,"wi":45.64,"ei":5.0,"as":287.0,"mi":"E","mv":652,"sc":1,"lpe":98.47,"lpr":495385.83,"lq":1.0,"d":353860},{"pi":"351577","pc":"Ювелирные изделия","ss":50000,"td":"Фешенебельный район","dc":1,"n":583.34,"vc":"42007","sl":"Элитный","sv":"400","p":700000.0,"q":6.44,"b":2.83,"ms":43.34,"wi":42.55,"ei":6.0,"as":928.15,"mi":"D","mv":923,"sc":3,"lpe":38.68,"lpr":225596.71,"lq":2.79,"d":653500},{"pi":"351577","pc":"Ювелирные изделия","ss":10000,"td":"Спальный район","dc":1,"n":470.37,"vc":"21052","sl":"Очень высокий","sv":"151","p":800000.0,"q":10.91,"b":0.0,"ms":16.36,"wi":42.55,"ei":6.0,"as":928.15,"mi":"D","mv":923,"sc":3,"lpe":38.68,"lpr":225596.71,"lq":2.79,"d":653500},{"pi":"351577","pc":"Ювелирные изделия","ss":1500,"td":"Центр города","dc":2,"n":82.83,"vc":"690","sl":"Элитный","sv":"15","p":600000.0,"q":12.38,"b":2.62,"ms":1.63,"wi":42.55,"ei":6.0,"as":928.15,"mi":"D","mv":923,"sc":3,"lpe":38.68,"lpr":225596.71,"lq":2.79,"d":653500},{"pi":"351577","pc":"Ювелирные изделия","ss":10000,"td":"Центр города","dc":1,"n":491.94,"vc":"34970","sl":"Очень высокий","sv":"404","p":900000.0,"q":10.14,"b":4.17,"ms":35.38,"wi":26.64,"ei":7.76,"as":406.0,"mi":"E","mv":1142,"sc":2,"lpe":64.1,"lpr":162274.01,"lq":3.16,"d":776374},{"pi":"351577","pc":"Ювелирные изделия","ss":1500,"td":"Центр города","dc":2,"n":74.53,"vc":"698","sl":"Элитный","sv":"6","p":800000.0,"q":12.38,"b":1.51,"ms":0.53,"wi":26.64,"ei":7.76,"as":406.0,"mi":"E","mv":1142,"sc":2,"lpe":64.1,"lpr":162274.01,"lq":3.16,"d":776374},{"pi":"351577","pc":"Ювелирные изделия","ss":1000,"td":"Фешенебельный район","dc":1,"n":445.12,"vc":"1134","sl":"Элитный","sv":"125","p":1600000.0,"q":13.18,"b":4.32,"ms":9.4,"wi":46.65,"ei":6.8,"as":509.6,"mi":"E","mv":1330,"sc":8,"lpe":73.53,"lpr":664935.92,"lq":7.05,"d":949800},{"pi":"351577","pc":"Ювелирные изделия","ss":1000,"td":"Центр города","dc":1,"n":318.1,"vc":"3694","sl":"Высокий","sv":"79","p":400000.0,"q":6.99,"b":3.32,"ms":5.94,"wi":46.65,"ei":6.8,"as":509.6,"mi":"E","mv":1330,"sc":8,"lpe":73.53,"lpr":664935.92,"lq":7.05,"d":949800},{"pi":"351577","pc":"Ювелирные изделия","ss":1000,"td":"Центр города","dc":1,"n":449.82,"vc":"7764","sl":"Низкий","sv":"51","p":780000.0,"q":8.19,"b":4.88,"ms":3.83,"wi":46.65,"ei":6.8,"as":509.6,"mi":"E","mv":1330,"sc":8,"lpe":73.53,"lpr":664935.92,"lq":7.05,"d":949800},{"pi":"351577","pc":"Ювелирные изделия","ss":1000,"td":"Центр города","dc":1,"n":449.82,"vc":"7764","sl":"Низкий","sv":"35","p":780000.0,"q":8.19,"b":4.88,"ms":2.63,"wi":46.65,"ei":6.8,"as":509.6,"mi":"E","mv":1330,"sc":8,"lpe":73.53,"lpr":664935.92,"lq":7.05,"d":949800},{"pi":"351577","pc":"Ювелирные изделия","ss":1000,"td":"Центр города","dc":2,"n":91.35,"vc":"686","sl":"Элитный","sv":"25","p":900000.0,"q":12.38,"b":1.73,"ms":1.88,"wi":46.65,"ei":6.8,"as":509.6,"mi":"E","mv":1330,"sc":8,"lpe":73.53,"lpr":664935.92,"lq":7.05,"d":949800},{"pi":"351577","pc":"Ювелирные изделия","ss":1000,"td":"Центр города","dc":1,"n":132.53,"vc":"865","sl":"Элитный","sv":"18","p":700000.0,"q":5.07,"b":1.24,"ms":1.35,"wi":46.65,"ei":6.8,"as":509.6,"mi":"E","mv":1330,"sc":8,"lpe":73.53,"lpr":664935.92,"lq":7.05,"d":949800},{"pi":"351577","pc":"Ювелирные изделия","ss":1000,"td":"Центр города","dc":1,"n":333.16,"vc":"2681","sl":"Очень высокий","sv":"10","p":1248000.0,"q":8.52,"b":1.14,"ms":0.75,"wi":46.65,"ei":6.8,"as":509.6,"mi":"E","mv":1330,"sc":8,"lpe":73.53,"lpr":664935.92,"lq":7.05,"d":949800},{"pi":"351577","pc":"Ювелирные изделия","ss":1000,"td":"Центр города","dc":2,"n":228.63,"vc":"1487","sl":"Высокий","sv":"9","p":1248000.0,"q":8.52,"b":1.14,"ms":0.68,"wi":46.65,"ei":6.8,"as":509.6,"mi":"E","mv":1330,"sc":8,"lpe":73.53,"lpr":664935.92,"lq":7.05,"d":949800},{"pi":"351577","pc":"Ювелирные изделия","ss":50000,"td":"Фешенебельный район","dc":1,"n":330.54,"vc":"4755","sl":"Элитный","sv":"62","p":1200000.0,"q":10.47,"b":5.27,"ms":93.94,"wi":19.12,"ei":7.71,"as":373.7,"mi":"D","mv":66,"sc":2,"lpe":0.0,"lpr":219345.51,"lq":6.72,"d":793410},{"pi":"351577","pc":"Ювелирные изделия","ss":1500,"td":"Центр города","dc":2,"n":52.61,"vc":"618","sl":"Элитный","sv":"2","p":1200000.0,"q":10.56,"b":1.13,"ms":3.03,"wi":19.12,"ei":7.71,"as":373.7,"mi":"D","mv":66,"sc":2,"lpe":0.0,"lpr":219345.51,"lq":6.72,"d":793410},{"pi":"351577","pc":"Ювелирные изделия","ss":100000,"td":"Фешенебельный район","dc":1,"n":466.35,"vc":"21386","sl":"Элитный","sv":"42","p":6750000.0,"q":12.71,"b":0.0,"ms":7.28,"wi":51.09,"ei":5.0,"as":375.0,"mi":"E","mv":577,"sc":2,"lpe":90.99,"lpr":732446.25,"lq":1.0,"d":337866},{"pi":"351577","pc":"Ювелирные изделия","ss":1000,"td":"Центр города","dc":2,"n":87.07,"vc":"466","sl":"Элитный","sv":"10","p":1200000.0,"q":12.38,"b":1.96,"ms":1.73,"wi":51.09,"ei":5.0,"as":375.0,"mi":"E","mv":577,"sc":2,"lpe":90.99,"lpr":732446.25,"lq":1.0,"d":337866},{"pi":"351577","pc":"Ювелирные изделия","ss":20000,"td":"Центр города","dc":1,"n":507.64,"vc":"62801","sl":"Элитный","sv":"100","p":2500000.0,"q":13.08,"b":5.43,"ms":9.31,"wi":54.84,"ei":5.0,"as":319.18,"mi":"E","mv":1074,"sc":2,"lpe":89.29,"lpr":480612.27,"lq":3.07,"d":588300},{"pi":"351577","pc":"Ювелирные изделия","ss":1000,"td":"Центр города","dc":2,"n":67.9,"vc":"508","sl":"Элитный","sv":"15","p":1100000.0,"q":12.38,"b":1.96,"ms":1.4,"wi":54.84,"ei":5.0,"as":319.18,"mi":"E","mv":1074,"sc":2,"lpe":89.29,"lpr":480612.27,"lq":3.07,"d":588300},{"pi":"351577","pc":"Ювелирные изделия","ss":30000,"td":"Фешенебельный район","dc":1,"n":575.92,"vc":"58418","sl":"Элитный","sv":"645","p":1200000.0,"q":13.38,"b":5.27,"ms":14.21,"wi":47.49,"ei":5.0,"as":354.0,"mi":"E","mv":4540,"sc":4,"lpe":84.34,"lpr":138997.61,"lq":2.85,"d":2488066},{"pi":"351577","pc":"Ювелирные изделия","ss":10000,"td":"Центр города","dc":1,"n":403.53,"vc":"27338","sl":"Элитный","sv":"35","p":1200000.0,"q":9.7,"b":4.17,"ms":0.77,"wi":47.49,"ei":5.0,"as":354.0,"mi":"E","mv":4540,"sc":4,"lpe":84.34,"lpr":138997.61,"lq":2.85,"d":2488066},{"pi":"351577","pc":"Ювелирные изделия","ss":1000,"td":"Центр города","dc":1,"n":92.34,"vc":"966","sl":"Элитный","sv":"25","p":339000.0,"q":5.1,"b":0.82,"ms":0.55,"wi":47.49,"ei":5.0,"as":354.0,"mi":"E","mv":4540,"sc":4,"lpe":84.34,"lpr":138997.61,"lq":2.85,"d":2488066},{"pi":"351577","pc":"Ювелирные изделия","ss":1500,"td":"Центр города","dc":2,"n":27.16,"vc":"792","sl":"Элитный","sv":"6","p":650000.0,"q":12.38,"b":1.51,"ms":0.13,"wi":47.49,"ei":5.0,"as":354.0,"mi":"E","mv":4540,"sc":4,"lpe":84.34,"lpr":138997.61,"lq":2.85,"d":2488066},{"pi":"351577","pc":"Ювелирные изделия","ss":50000,"td":"Центр города","dc":1,"n":522.33,"vc":"186766","sl":"Элитный","sv":"569","p":350000.0,"q":6.67,"b":0.0,"ms":32.2,"wi":49.72,"ei":7.0,"as":374.0,"mi":"E","mv":1767,"sc":4,"lpe":57.84,"lpr":96971.58,"lq":4.86,"d":966800},{"pi":"351577","pc":"Ювелирные изделия","ss":100000,"td":"Центр города","dc":1,"n":444.35,"vc":"166711","sl":"Очень высокий","sv":"165","p":800000.0,"q":10.75,"b":3.72,"ms":9.34,"wi":49.72,"ei":7.0,"as":374.0,"mi":"E","mv":1767,"sc":4,"lpe":57.84,"lpr":96971.58,"lq":4.86,"d":966800},{"pi":"351577","pc":"Ювелирные изделия","ss":10000,"td":"Фешенебельный район","dc":1,"n":471.59,"vc":"4873","sl":"Элитный","sv":"10","p":700000.0,"q":9.82,"b":1.92,"ms":0.57,"wi":49.72,"ei":7.0,"as":374.0,"mi":"E","mv":1767,"sc":4,"lpe":57.84,"lpr":96971.58,"lq":4.86,"d":966800},{"pi":"351577","pc":"Ювелирные изделия","ss":1500,"td":"Центр города","dc":2,"n":52.38,"vc":"661","sl":"Элитный","sv":"1","p":700000.0,"q":12.16,"b":1.96,"ms":0.06,"wi":49.72,"ei":7.0,"as":374.0,"mi":"E","mv":1767,"sc":4,"lpe":57.84,"lpr":96971.58,"lq":4.86,"d":966800},{"pi":"351577","pc":"Ювелирные изделия","ss":100000,"td":"Фешенебельный район","dc":1,"n":674.76,"vc":"268438","sl":"Элитный","sv":"101","p":8750000.0,"q":12.62,"b":3.16138613861386,"ms":11.54,"wi":65.6,"ei":7.0,"as":380.0,"mi":"E","mv":875,"sc":2,"lpe":87.31,"lpr":648354.79,"lq":1.89,"d":476640},{"pi":"351577","pc":"Ювелирные изделия","ss":1000,"td":"Центр города","dc":2,"n":85.45,"vc":"521","sl":"Элитный","sv":"10","p":1200000.0,"q":12.38,"b":1.96,"ms":1.14,"wi":65.6,"ei":7.0,"as":380.0,"mi":"E","mv":875,"sc":2,"lpe":87.31,"lpr":648354.79,"lq":1.89,"d":476640},{"pi":"351577","pc":"Ювелирные изделия","ss":100000,"td":"Центр города","dc":1,"n":468.3,"vc":"249494","sl":"Элитный","sv":"959","p":300000.0,"q":6.69,"b":0.0,"ms":33.46,"wi":63.08,"ei":7.98,"as":479.0,"mi":"D","mv":2866,"sc":6,"lpe":45.71,"lpr":106167.77,"lq":6.1,"d":1584151},{"pi":"351577","pc":"Ювелирные изделия","ss":100000,"td":"Фешенебельный район","dc":1,"n":627.68,"vc":"259911","sl":"Элитный","sv":"269","p":1100000.0,"q":13.35,"b":5.43,"ms":9.39,"wi":63.08,"ei":7.98,"as":479.0,"mi":"D","mv":2866,"sc":6,"lpe":45.71,"lpr":106167.77,"lq":6.1,"d":1584151},{"pi":"351577","pc":"Ювелирные изделия","ss":100000,"td":"Центр города","dc":1,"n":436.79,"vc":"184271","sl":"Элитный","sv":"217","p":800000.0,"q":10.75,"b":3.72,"ms":7.57,"wi":63.08,"ei":7.98,"as":479.0,"mi":"D","mv":2866,"sc":6,"lpe":45.71,"lpr":106167.77,"lq":6.1,"d":1584151},{"pi":"351577","pc":"Ювелирные изделия","ss":50000,"td":"Центр города","dc":1,"n":409.04,"vc":"81121","sl":"Элитный","sv":"68","p":800000.0,"q":10.07,"b":4.3,"ms":2.37,"wi":63.08,"ei":7.98,"as":479.0,"mi":"D","mv":2866,"sc":6,"lpe":45.71,"lpr":106167.77,"lq":6.1,"d":1584151},{"pi":"351577","pc":"Ювелирные изделия","ss":22000,"td":"Центр города","dc":1,"n":409.73,"vc":"65330","sl":"Элитный","sv":"38","p":800000.0,"q":9.49,"b":4.03,"ms":1.33,"wi":63.08,"ei":7.98,"as":479.0,"mi":"D","mv":2866,"sc":6,"lpe":45.71,"lpr":106167.77,"lq":6.1,"d":1584151},{"pi":"351577","pc":"Ювелирные изделия","ss":1500,"td":"Центр города","dc":2,"n":43.66,"vc":"746","sl":"Элитный","sv":"5","p":500000.0,"q":12.38,"b":1.96,"ms":0.17,"wi":63.08,"ei":7.98,"as":479.0,"mi":"D","mv":2866,"sc":6,"lpe":45.71,"lpr":106167.77,"lq":6.1,"d":1584151},{"pi":"351577","pc":"Ювелирные изделия","ss":50000,"td":"Центр города","dc":1,"n":512.35,"vc":"178474","sl":"Элитный","sv":"737","p":500000.0,"q":6.61,"b":0.0,"ms":36.89,"wi":53.01,"ei":5.0,"as":324.0,"mi":"D","mv":1998,"sc":5,"lpe":48.8,"lpr":133925.8,"lq":3.81,"d":1093944},{"pi":"351577","pc":"Ювелирные изделия","ss":20000,"td":"Центр города","dc":1,"n":462.03,"vc":"54160","sl":"Элитный","sv":"200","p":1100000.0,"q":13.08,"b":5.43,"ms":10.01,"wi":53.01,"ei":5.0,"as":324.0,"mi":"D","mv":1998,"sc":5,"lpe":48.8,"lpr":133925.8,"lq":3.81,"d":1093944},{"pi":"351577","pc":"Ювелирные изделия","ss":10000,"td":"Центр города","dc":1,"n":439.43,"vc":"26741","sl":"Высокий","sv":"81","p":800000.0,"q":10.28,"b":4.3,"ms":4.05,"wi":53.01,"ei":5.0,"as":324.0,"mi":"D","mv":1998,"sc":5,"lpe":48.8,"lpr":133925.8,"lq":3.81,"d":1093944},{"pi":"351577","pc":"Ювелирные изделия","ss":1500,"td":"Центр города","dc":2,"n":48.28,"vc":"673","sl":"Элитный","sv":"4","p":800000.0,"q":12.34,"b":1.96,"ms":0.2,"wi":53.01,"ei":5.0,"as":324.0,"mi":"D","mv":1998,"sc":5,"lpe":48.8,"lpr":133925.8,"lq":3.81,"d":1093944},{"pi":"351577","pc":"Ювелирные изделия","ss":22000,"td":"Центр города","dc":1,"n":435.26,"vc":"70558","sl":"Элитный","sv":"1","p":1900000.0,"q":11.51,"b":4.03,"ms":0.05,"wi":53.01,"ei":5.0,"as":324.0,"mi":"D","mv":1998,"sc":5,"lpe":48.8,"lpr":133925.8,"lq":3.81,"d":1093944},{"pi":"351577","pc":"Ювелирные изделия","ss":50000,"td":"Центр города","dc":1,"n":588.81,"vc":"269554","sl":"Очень высокий","sv":"918","p":550000.0,"q":6.49,"b":0.0,"ms":98.39,"wi":33.14,"ei":7.0,"as":313.64,"mi":"AA","mv":933,"sc":2,"lpe":0.0,"lpr":215814.45,"lq":2.13,"d":510000},{"pi":"351577","pc":"Ювелирные изделия","ss":1000,"td":"Центр города","dc":2,"n":81.02,"vc":"521","sl":"Элитный","sv":"15","p":650000.0,"q":12.38,"b":1.08,"ms":1.61,"wi":33.14,"ei":7.0,"as":313.64,"mi":"AA","mv":933,"sc":2,"lpe":0.0,"lpr":215814.45,"lq":2.13,"d":510000},{"pi":"351577","pc":"Ювелирные изделия","ss":50000,"td":"Центр города","dc":1,"n":591.5,"vc":"272911","sl":"Очень высокий","sv":"896","p":650000.0,"q":6.54,"b":0.0,"ms":98.9,"wi":34.32,"ei":7.0,"as":315.0,"mi":"AA","mv":906,"sc":2,"lpe":0.0,"lpr":223928.5,"lq":2.21,"d":493374},{"pi":"351577","pc":"Ювелирные изделия","ss":1000,"td":"Центр города","dc":2,"n":82.31,"vc":"518","sl":"Элитный","sv":"10","p":750000.0,"q":12.38,"b":1.08,"ms":1.1,"wi":34.32,"ei":7.0,"as":315.0,"mi":"AA","mv":906,"sc":2,"lpe":0.0,"lpr":223928.5,"lq":2.21,"d":493374},{"pi":"351577","pc":"Ювелирные изделия","ss":1000,"td":"Центр города","dc":2,"n":34.04,"vc":"643","sl":"Элитный","sv":"5","p":650000.0,"q":12.38,"b":0.71,"ms":1.62,"wi":9.95,"ei":6.11,"as":298.4,"mi":"E","mv":308,"sc":1,"lpe":98.38,"lpr":320067.85,"lq":1.0,"d":1985358},{"pi":"351577","pc":"Ювелирные изделия","ss":100000,"td":"Центр города","dc":1,"n":426.95,"vc":"232745","sl":"Элитный","sv":"4704","p":500000.0,"q":6.44,"b":2.6,"ms":65.44,"wi":38.04,"ei":8.74,"as":423.0,"mi":"D","mv":7188,"sc":11,"lpe":0.0,"lpr":144969.84,"lq":3.57,"d":4045672},{"pi":"351577","pc":"Ювелирные изделия","ss":150000,"td":"Фешенебельный район","dc":1,"n":490.83,"vc":"140414","sl":"Элитный","sv":"750","p":700000.0,"q":8.73,"b":3.36,"ms":10.43,"wi":38.04,"ei":8.74,"as":423.0,"mi":"D","mv":7188,"sc":11,"lpe":0.0,"lpr":144969.84,"lq":3.57,"d":4045672},{"pi":"351577","pc":"Ювелирные изделия","ss":20000,"td":"Центр города","dc":1,"n":367.4,"vc":"40131","sl":"Элитный","sv":"473","p":1000000.0,"q":12.91,"b":5.17,"ms":6.58,"wi":38.04,"ei":8.74,"as":423.0,"mi":"D","mv":7188,"sc":11,"lpe":0.0,"lpr":144969.84,"lq":3.57,"d":4045672},{"pi":"351577","pc":"Ювелирные изделия","ss":10000,"td":"Центр города","dc":1,"n":375.29,"vc":"26300","sl":"Элитный","sv":"252","p":900000.0,"q":10.75,"b":3.35,"ms":3.51,"wi":38.04,"ei":8.74,"as":423.0,"mi":"D","mv":7188,"sc":11,"lpe":0.0,"lpr":144969.84,"lq":3.57,"d":4045672},{"pi":"351577","pc":"Ювелирные изделия","ss":100000,"td":"Центр города","dc":2,"n":225.48,"vc":"50310","sl":"Элитный","sv":"176","p":1100000.0,"q":13.15,"b":2.62,"ms":2.45,"wi":38.04,"ei":8.74,"as":423.0,"mi":"D","mv":7188,"sc":11,"lpe":0.0,"lpr":144969.84,"lq":3.57,"d":4045672},{"pi":"351577","pc":"Ювелирные изделия","ss":50000,"td":"Центр города","dc":2,"n":224.83,"vc":"32871","sl":"Очень высокий","sv":"147","p":900000.0,"q":12.49,"b":2.62,"ms":2.05,"wi":38.04,"ei":8.74,"as":423.0,"mi":"D","mv":7188,"sc":11,"lpe":0.0,"lpr":144969.84,"lq":3.57,"d":4045672},{"pi":"351577","pc":"Ювелирные изделия","ss":12000,"td":"Центр города","dc":1,"n":347.71,"vc":"36345","sl":"Очень высокий","sv":"20","p":1500000.0,"q":11.83,"b":3.36,"ms":0.28,"wi":38.04,"ei":8.74,"as":423.0,"mi":"D","mv":7188,"sc":11,"lpe":0.0,"lpr":144969.84,"lq":3.57,"d":4045672},{"pi":"351577","pc":"Ювелирные изделия","ss":1500,"td":"Центр города","dc":2,"n":20.38,"vc":"902","sl":"Элитный","sv":"7","p":600000.0,"q":12.38,"b":1.08,"ms":0.1,"wi":38.04,"ei":8.74,"as":423.0,"mi":"D","mv":7188,"sc":11,"lpe":0.0,"lpr":144969.84,"lq":3.57,"d":4045672},{"pi":"351577","pc":"Ювелирные изделия","ss":60000,"td":"Центр города","dc":2,"n":383.25,"vc":"154311","sl":"Очень высокий","sv":"6","p":1900000.0,"q":13.02,"b":3.62,"ms":0.08,"wi":38.04,"ei":8.74,"as":423.0,"mi":"D","mv":7188,"sc":11,"lpe":0.0,"lpr":144969.84,"lq":3.57,"d":4045672},{"pi":"351577","pc":"Ювелирные изделия","ss":100000,"td":"Центр города","dc":1,"n":347.72,"vc":"162975","sl":"Высокий","sv":"5","p":1000000.0,"q":4.58,"b":1.248,"ms":0.07,"wi":38.04,"ei":8.74,"as":423.0,"mi":"D","mv":7188,"sc":11,"lpe":0.0,"lpr":144969.84,"lq":3.57,"d":4045672},{"pi":"351577","pc":"Ювелирные изделия","ss":300000,"td":"Фешенебельный район","dc":1,"n":415.02,"vc":"69601","sl":"Элитный","sv":"228","p":900000.0,"q":10.52,"b":5.08,"ms":14.29,"wi":21.17,"ei":13.76,"as":546.2,"mi":"E","mv":1595,"sc":2,"lpe":85.2,"lpr":87770.19,"lq":1.96,"d":3859930},{"pi":"351577","pc":"Ювелирные изделия","ss":1000,"td":"Центр города","dc":2,"n":17.16,"vc":"737","sl":"Элитный","sv":"8","p":500000.0,"q":12.38,"b":0.71,"ms":0.5,"wi":21.17,"ei":13.76,"as":546.2,"mi":"E","mv":1595,"sc":2,"lpe":85.2,"lpr":87770.19,"lq":1.96,"d":3859930},{"pi":"351577","pc":"Ювелирные изделия","ss":1000,"td":"Центр города","dc":2,"n":50.24,"vc":"579","sl":"Элитный","sv":"5","p":300000.0,"q":12.38,"b":0.71,"ms":0.73,"wi":7.9,"ei":13.97,"as":214.3,"mi":"E","mv":686,"sc":1,"lpe":99.27,"lpr":82306.58,"lq":1.0,"d":1706561},{"pi":"351577","pc":"Ювелирные изделия","ss":1000,"td":"Центр города","dc":2,"n":55.09,"vc":"565","sl":"Элитный","sv":"2","p":270000.0,"q":12.38,"b":0.71,"ms":0.36,"wi":8.51,"ei":7.44,"as":172.0,"mi":"E","mv":551,"sc":1,"lpe":99.64,"lpr":88574.01,"lq":1.0,"d":1020655},{"pi":"351577","pc":"Ювелирные изделия","ss":1000,"td":"Центр города","dc":2,"n":80.88,"vc":"511","sl":"Элитный","sv":"2","p":260000.0,"q":12.38,"b":0.71,"ms":1.05,"wi":10.1,"ei":5.8,"as":303.72,"mi":"E","mv":190,"sc":1,"lpe":98.95,"lpr":126866.32,"lq":1.0,"d":486056},{"pi":"351577","pc":"Ювелирные изделия","ss":20000,"td":"Центр города","dc":1,"n":474.66,"vc":"73929","sl":"Очень высокий","sv":"740","p":200000.0,"q":3.91,"b":3.18,"ms":78.72,"wi":46.15,"ei":7.0,"as":995.0,"mi":"A","mv":940,"sc":7,"lpe":0.0,"lpr":83230.79,"lq":4.72,"d":625846},{"pi":"351577","pc":"Ювелирные изделия","ss":5000,"td":"Центр города","dc":1,"n":474.56,"vc":"16826","sl":"Очень высокий","sv":"51","p":320000.0,"q":6.39,"b":1.59,"ms":5.43,"wi":46.15,"ei":7.0,"as":995.0,"mi":"A","mv":940,"sc":7,"lpe":0.0,"lpr":83230.79,"lq":4.72,"d":625846},{"pi":"351577","pc":"Ювелирные изделия","ss":100000,"td":"Центр города","dc":1,"n":475.7,"vc":"193561","sl":"Элитный","sv":"47","p":800000.0,"q":10.75,"b":3.15,"ms":5.0,"wi":46.15,"ei":7.0,"as":995.0,"mi":"A","mv":940,"sc":7,"lpe":0.0,"lpr":83230.79,"lq":4.72,"d":625846},{"pi":"351577","pc":"Ювелирные изделия","ss":10000,"td":"Фешенебельный район","dc":1,"n":325.13,"vc":"1417","sl":"Элитный","sv":"44","p":220000.0,"q":7.83,"b":1.24,"ms":4.68,"wi":46.15,"ei":7.0,"as":995.0,"mi":"A","mv":940,"sc":7,"lpe":0.0,"lpr":83230.79,"lq":4.72,"d":625846},{"pi":"351577","pc":"Ювелирные изделия","ss":10000,"td":"Фешенебельный район","dc":1,"n":500.43,"vc":"5180","sl":"Элитный","sv":"36","p":500000.0,"q":11.17,"b":1.165,"ms":3.83,"wi":46.15,"ei":7.0,"as":995.0,"mi":"A","mv":940,"sc":7,"lpe":0.0,"lpr":83230.79,"lq":4.72,"d":625846},{"pi":"351577","pc":"Ювелирные изделия","ss":10000,"td":"Центр города","dc":1,"n":342.74,"vc":"10758","sl":"Элитный","sv":"19","p":400000.0,"q":6.86,"b":1.08,"ms":2.02,"wi":46.15,"ei":7.0,"as":995.0,"mi":"A","mv":940,"sc":7,"lpe":0.0,"lpr":83230.79,"lq":4.72,"d":625846},{"pi":"351577","pc":"Ювелирные изделия","ss":5000,"td":"Центр города","dc":2,"n":230.19,"vc":"3172","sl":"Элитный","sv":"3","p":650000.0,"q":12.16,"b":1.49,"ms":0.32,"wi":46.15,"ei":7.0,"as":995.0,"mi":"A","mv":940,"sc":7,"lpe":0.0,"lpr":83230.79,"lq":4.72,"d":625846},{"pi":"351577","pc":"Ювелирные изделия","ss":1000,"td":"Центр города","dc":2,"n":211.22,"vc":"720","sl":"Элитный","sv":"15","p":1100000.0,"q":12.38,"b":1.98,"ms":6.79,"wi":36.32,"ei":6.6,"as":519.4,"mi":"E","mv":221,"sc":1,"lpe":93.21,"lpr":571971.97,"lq":1.0,"d":158500},{"pi":"351577","pc":"Ювелирные изделия","ss":100000,"td":"Фешенебельный район","dc":1,"n":521.99,"vc":"78777","sl":"Элитный","sv":"66","p":1800000.0,"q":11.83,"b":3.31,"ms":11.68,"wi":31.97,"ei":7.75,"as":352.1,"mi":"E","mv":565,"sc":2,"lpe":87.43,"lpr":131875.75,"lq":3.71,"d":954316},{"pi":"351577","pc":"Ювелирные изделия","ss":1500,"td":"Центр города","dc":2,"n":127.91,"vc":"1029","sl":"Элитный","sv":"5","p":1000000.0,"q":12.28,"b":1.13,"ms":0.88,"wi":31.97,"ei":7.75,"as":352.1,"mi":"E","mv":565,"sc":2,"lpe":87.43,"lpr":131875.75,"lq":3.71,"d":954316},{"pi":"351577","pc":"Ювелирные изделия","ss":1000,"td":"Центр города","dc":1,"n":183.36,"vc":"783","sl":"Элитный","sv":"30","p":427000.0,"q":5.1,"b":1.55,"ms":6.56,"wi":33.68,"ei":6.7,"as":470.4,"mi":"E","mv":457,"sc":2,"lpe":91.25,"lpr":422929.97,"lq":1.0,"d":314620},{"pi":"351577","pc":"Ювелирные изделия","ss":1000,"td":"Центр города","dc":2,"n":105.51,"vc":"505","sl":"Элитный","sv":"10","p":850000.0,"q":12.38,"b":1.98,"ms":2.19,"wi":33.68,"ei":6.7,"as":470.4,"mi":"E","mv":457,"sc":2,"lpe":91.25,"lpr":422929.97,"lq":1.0,"d":314620},{"pi":"351577","pc":"Ювелирные изделия","ss":1000,"td":"Центр города","dc":1,"n":156.65,"vc":"826","sl":"Элитный","sv":"30","p":610000.0,"q":5.1,"b":1.55,"ms":3.73,"wi":47.7,"ei":6.9,"as":499.8,"mi":"E","mv":804,"sc":4,"lpe":89.18,"lpr":615633.82,"lq":5.49,"d":564000},{"pi":"351577","pc":"Ювелирные изделия","ss":1000,"td":"Центр города","dc":1,"n":366.81,"vc":"2701","sl":"Очень высокий","sv":"30","p":1339000.0,"q":8.52,"b":1.33,"ms":3.73,"wi":47.7,"ei":6.9,"as":499.8,"mi":"E","mv":804,"sc":4,"lpe":89.18,"lpr":615633.82,"lq":5.49,"d":564000},{"pi":"351577","pc":"Ювелирные изделия","ss":1000,"td":"Центр города","dc":2,"n":75.1,"vc":"521","sl":"Элитный","sv":"25","p":1000000.0,"q":12.38,"b":1.98,"ms":3.11,"wi":47.7,"ei":6.9,"as":499.8,"mi":"E","mv":804,"sc":4,"lpe":89.18,"lpr":615633.82,"lq":5.49,"d":564000},{"pi":"351577","pc":"Ювелирные изделия","ss":500,"td":"Центр города","dc":1,"n":34.99,"vc":"305","sl":"Элитный","sv":"2","p":100000.0,"q":2.46,"b":0.0,"ms":0.25,"wi":47.7,"ei":6.9,"as":499.8,"mi":"E","mv":804,"sc":4,"lpe":89.18,"lpr":615633.82,"lq":5.49,"d":564000},{"pi":"351577","pc":"Ювелирные изделия","ss":500,"td":"Центр города","dc":2,"n":159.66,"vc":"305","sl":"Элитный","sv":"10","p":800000.0,"q":12.38,"b":1.73,"ms":6.9,"wi":33.22,"ei":6.1,"as":450.8,"mi":"E","mv":145,"sc":1,"lpe":93.1,"lpr":430489.76,"lq":1.0,"d":90601},{"pi":"351577","pc":"Ювелирные изделия","ss":1000,"td":"Центр города","dc":2,"n":88.37,"vc":"492","sl":"Элитный","sv":"1","p":200000.0,"q":12.38,"b":0.86,"ms":0.25,"wi":10.62,"ei":6.43,"as":359.86,"mi":"E","mv":396,"sc":1,"lpe":99.75,"lpr":52547.83,"lq":1.0,"d":404606},{"pi":"351577","pc":"Ювелирные изделия","ss":1500,"td":"Центр города","dc":2,"n":38.78,"vc":"664","sl":"Элитный","sv":"3","p":350000.0,"q":12.38,"b":1.14,"ms":0.19,"wi":20.15,"ei":6.15,"as":606.67,"mi":"E","mv":1574,"sc":1,"lpe":99.81,"lpr":134176.53,"lq":1.0,"d":1581961},{"pi":"351577","pc":"Ювелирные изделия","ss":50000,"td":"Центр города","dc":1,"n":469.23,"vc":"158529","sl":"Элитный","sv":"551","p":450000.0,"q":6.61,"b":3.28,"ms":49.91,"wi":45.57,"ei":7.0,"as":796.1,"mi":"D","mv":1104,"sc":4,"lpe":35.33,"lpr":80392.84,"lq":3.3,"d":731582},{"pi":"351577","pc":"Ювелирные изделия","ss":50000,"td":"Фешенебельный район","dc":1,"n":559.47,"vc":"35348","sl":"Элитный","sv":"159","p":450000.0,"q":6.43,"b":2.68,"ms":14.4,"wi":45.57,"ei":7.0,"as":796.1,"mi":"D","mv":1104,"sc":4,"lpe":35.33,"lpr":80392.84,"lq":3.3,"d":731582},{"pi":"351577","pc":"Ювелирные изделия","ss":1500,"td":"Центр города","dc":2,"n":138.32,"vc":"997","sl":"Элитный","sv":"3","p":550000.0,"q":12.22,"b":2.12,"ms":0.27,"wi":45.57,"ei":7.0,"as":796.1,"mi":"D","mv":1104,"sc":4,"lpe":35.33,"lpr":80392.84,"lq":3.3,"d":731582},{"pi":"351577","pc":"Ювелирные изделия","ss":20000,"td":"Центр города","dc":1,"n":492.55,"vc":"60068","sl":"Элитный","sv":"1","p":1000000.0,"q":12.03,"b":0.0,"ms":0.09,"wi":45.57,"ei":7.0,"as":796.1,"mi":"D","mv":1104,"sc":4,"lpe":35.33,"lpr":80392.84,"lq":3.3,"d":731582},{"pi":"351577","pc":"Ювелирные изделия","ss":50000,"td":"Центр города","dc":1,"n":462.34,"vc":"154026","sl":"Элитный","sv":"982","p":570000.0,"q":8.98,"b":3.28,"ms":80.56,"wi":43.84,"ei":6.0,"as":749.98,"mi":"A","mv":1219,"sc":5,"lpe":0.0,"lpr":166456.85,"lq":3.17,"d":802750},{"pi":"351577","pc":"Ювелирные изделия","ss":50000,"td":"Фешенебельный район","dc":1,"n":551.05,"vc":"33883","sl":"Элитный","sv":"164","p":530000.0,"q":6.42,"b":2.68,"ms":13.45,"wi":43.84,"ei":6.0,"as":749.98,"mi":"A","mv":1219,"sc":5,"lpe":0.0,"lpr":166456.85,"lq":3.17,"d":802750},{"pi":"351577","pc":"Ювелирные изделия","ss":10000,"td":"Фешенебельный район","dc":1,"n":484.66,"vc":"5029","sl":"Элитный","sv":"41","p":600000.0,"q":11.19,"b":1.68,"ms":3.36,"wi":43.84,"ei":6.0,"as":749.98,"mi":"A","mv":1219,"sc":5,"lpe":0.0,"lpr":166456.85,"lq":3.17,"d":802750},{"pi":"351577","pc":"Ювелирные изделия","ss":10000,"td":"Центр города","dc":1,"n":455.75,"vc":"27074","sl":"Очень высокий","sv":"23","p":1200000.0,"q":10.39,"b":4.36,"ms":1.89,"wi":43.84,"ei":6.0,"as":749.98,"mi":"A","mv":1219,"sc":5,"lpe":0.0,"lpr":166456.85,"lq":3.17,"d":802750},{"pi":"351577","pc":"Ювелирные изделия","ss":1500,"td":"Центр города","dc":2,"n":133.98,"vc":"1004","sl":"Элитный","sv":"9","p":600000.0,"q":12.34,"b":2.12,"ms":0.74,"wi":43.84,"ei":6.0,"as":749.98,"mi":"A","mv":1219,"sc":5,"lpe":0.0,"lpr":166456.85,"lq":3.17,"d":802750},{"pi":"351577","pc":"Ювелирные изделия","ss":1000,"td":"Центр города","dc":2,"n":159.16,"vc":"470","sl":"Элитный","sv":"10","p":900000.0,"q":12.38,"b":1.98,"ms":8.62,"wi":26.96,"ei":6.2,"as":470.4,"mi":"E","mv":116,"sc":1,"lpe":91.38,"lpr":418473.18,"lq":1.0,"d":108492},{"pi":"351577","pc":"Ювелирные изделия","ss":1000,"td":"Центр города","dc":2,"n":97.09,"vc":"371","sl":"Элитный","sv":"25","p":1400000.0,"q":12.38,"b":2.22,"ms":9.29,"wi":46.77,"ei":6.0,"as":410.0,"mi":"E","mv":269,"sc":1,"lpe":90.71,"lpr":693746.01,"lq":1.0,"d":150000},{"pi":"351577","pc":"Ювелирные изделия","ss":1000,"td":"Центр города","dc":2,"n":137.98,"vc":"451","sl":"Элитный","sv":"15","p":1200000.0,"q":12.38,"b":1.98,"ms":7.98,"wi":34.99,"ei":6.3,"as":490.0,"mi":"E","mv":188,"sc":1,"lpe":92.02,"lpr":570208.55,"lq":1.0,"d":135140},{"pi":"351577","pc":"Ювелирные изделия","ss":60000,"td":"Центр города","dc":1,"n":551.4,"vc":"251956","sl":"Очень высокий","sv":"30","p":2808000.0,"q":8.34,"b":1.82,"ms":8.29,"wi":36.09,"ei":5.0,"as":498.0,"mi":"E","mv":362,"sc":2,"lpe":86.19,"lpr":298299.77,"lq":4.12,"d":210000},{"pi":"351577","pc":"Ювелирные изделия","ss":1000,"td":"Центр города","dc":2,"n":115.7,"vc":"464","sl":"Элитный","sv":"20","p":1300000.0,"q":12.38,"b":2.2,"ms":5.52,"wi":36.09,"ei":5.0,"as":498.0,"mi":"E","mv":362,"sc":2,"lpe":86.19,"lpr":298299.77,"lq":4.12,"d":210000},{"pi":"351577","pc":"Ювелирные изделия","ss":1000,"td":"Центр города","dc":2,"n":117.94,"vc":"462","sl":"Элитный","sv":"15","p":950000.0,"q":12.38,"b":2.2,"ms":4.55,"wi":33.56,"ei":5.0,"as":385.0,"mi":"E","mv":330,"sc":1,"lpe":95.45,"lpr":480088.96,"lq":1.0,"d":200000},{"pi":"351577","pc":"Ювелирные изделия","ss":1000,"td":"Центр города","dc":2,"n":155.03,"vc":"475","sl":"Элитный","sv":"10","p":850000.0,"q":12.38,"b":1.98,"ms":7.75,"wi":27.64,"ei":6.3,"as":485.1,"mi":"E","mv":129,"sc":1,"lpe":92.25,"lpr":409521.12,"lq":1.0,"d":118827},{"pi":"351577","pc":"Ювелирные изделия","ss":1000,"td":"Центр города","dc":2,"n":150.79,"vc":"477","sl":"Элитный","sv":"10","p":800000.0,"q":12.38,"b":1.98,"ms":6.76,"wi":26.72,"ei":6.2,"as":460.6,"mi":"E","mv":148,"sc":1,"lpe":93.24,"lpr":389593.85,"lq":1.0,"d":129476},{"pi":"351577","pc":"Ювелирные изделия","ss":1000,"td":"Центр города","dc":2,"n":141.0,"vc":"462","sl":"Элитный","sv":"15","p":1100000.0,"q":12.38,"b":1.98,"ms":7.77,"wi":34.95,"ei":6.4,"as":480.0,"mi":"E","mv":193,"sc":1,"lpe":92.23,"lpr":565248.28,"lq":1.0,"d":137814},{"pi":"351577","pc":"Ювелирные изделия","ss":50000,"td":"Фешенебельный район","dc":1,"n":582.52,"vc":"34623","sl":"Элитный","sv":"245","p":250000.0,"q":6.77,"b":3.27,"ms":32.67,"wi":61.17,"ei":7.54,"as":1230.25,"mi":"AAA","mv":750,"sc":8,"lpe":0.0,"lpr":104233.66,"lq":4.01,"d":384017},{"pi":"351577","pc":"Ювелирные изделия","ss":10000,"td":"Центр города","dc":1,"n":581.41,"vc":"52973","sl":"Очень высокий","sv":"187","p":250000.0,"q":6.42,"b":3.27,"ms":24.93,"wi":61.17,"ei":7.54,"as":1230.25,"mi":"AAA","mv":750,"sc":8,"lpe":0.0,"lpr":104233.66,"lq":4.01,"d":384017},{"pi":"351577","pc":"Ювелирные изделия","ss":20000,"td":"Центр города","dc":1,"n":509.93,"vc":"82642","sl":"Очень высокий","sv":"180","p":250000.0,"q":3.92,"b":3.54,"ms":24.0,"wi":61.17,"ei":7.54,"as":1230.25,"mi":"AAA","mv":750,"sc":8,"lpe":0.0,"lpr":104233.66,"lq":4.01,"d":384017},{"pi":"351577","pc":"Ювелирные изделия","ss":50000,"td":"Центр города","dc":2,"n":507.78,"vc":"118793","sl":"Очень высокий","sv":"89","p":600000.0,"q":11.94,"b":4.97,"ms":11.87,"wi":61.17,"ei":7.54,"as":1230.25,"mi":"AAA","mv":750,"sc":8,"lpe":0.0,"lpr":104233.66,"lq":4.01,"d":384017},{"pi":"351577","pc":"Ювелирные изделия","ss":1000,"td":"Центр города","dc":1,"n":177.21,"vc":"811","sl":"Элитный","sv":"27","p":200000.0,"q":4.43,"b":1.68,"ms":3.6,"wi":61.17,"ei":7.54,"as":1230.25,"mi":"AAA","mv":750,"sc":8,"lpe":0.0,"lpr":104233.66,"lq":4.01,"d":384017},{"pi":"351577","pc":"Ювелирные изделия","ss":13000,"td":"Центр города","dc":1,"n":363.05,"vc":"12605","sl":"Элитный","sv":"20","p":400000.0,"q":8.12,"b":0.82,"ms":2.67,"wi":61.17,"ei":7.54,"as":1230.25,"mi":"AAA","mv":750,"sc":8,"lpe":0.0,"lpr":104233.66,"lq":4.01,"d":384017},{"pi":"351577","pc":"Ювелирные изделия","ss":20000,"td":"Спальный район","dc":2,"n":539.86,"vc":"52509","sl":"Очень высокий","sv":"1","p":898000.0,"q":8.48,"b":0.0,"ms":0.13,"wi":61.17,"ei":7.54,"as":1230.25,"mi":"AAA","mv":750,"sc":8,"lpe":0.0,"lpr":104233.66,"lq":4.01,"d":384017},{"pi":"351577","pc":"Ювелирные изделия","ss":1000,"td":"Центр города","dc":2,"n":97.28,"vc":"517","sl":"Элитный","sv":"1","p":600000.0,"q":12.2,"b":3.23,"ms":0.13,"wi":61.17,"ei":7.54,"as":1230.25,"mi":"AAA","mv":750,"sc":8,"lpe":0.0,"lpr":104233.66,"lq":4.01,"d":384017},{"pi":"351577","pc":"Ювелирные изделия","ss":1000,"td":"Центр города","dc":2,"n":153.96,"vc":"473","sl":"Элитный","sv":"15","p":500000.0,"q":12.38,"b":3.23,"ms":5.86,"wi":39.43,"ei":7.0,"as":1040.0,"mi":"E","mv":256,"sc":1,"lpe":94.14,"lpr":150992.53,"lq":1.94,"d":137749},{"pi":"351577","pc":"Ювелирные изделия","ss":1000,"td":"Центр города","dc":2,"n":67.66,"vc":"497","sl":"Элитный","sv":"10","p":550000.0,"q":12.38,"b":0.86,"ms":2.9,"wi":23.61,"ei":8.41,"as":495.02,"mi":"E","mv":345,"sc":1,"lpe":97.1,"lpr":318533.55,"lq":1.0,"d":553707},{"pi":"351577","pc":"Ювелирные изделия","ss":1500,"td":"Центр города","dc":2,"n":66.13,"vc":"600","sl":"Элитный","sv":"4","p":400000.0,"q":12.38,"b":0.86,"ms":0.82,"wi":22.02,"ei":4.69,"as":413.07,"mi":"E","mv":486,"sc":1,"lpe":99.18,"lpr":259189.2,"lq":1.0,"d":582047},{"pi":"351577","pc":"Ювелирные изделия","ss":50000,"td":"Центр города","dc":1,"n":402.23,"vc":"120220","sl":"Элитный","sv":"1150","p":400000.0,"q":6.86,"b":3.28,"ms":35.04,"wi":65.52,"ei":7.0,"as":1059.0,"mi":"D","mv":3282,"sc":10,"lpe":33.24,"lpr":99272.68,"lq":4.58,"d":1819400},{"pi":"351577","pc":"Ювелирные изделия","ss":50000,"td":"Фешенебельный район","dc":1,"n":459.46,"vc":"19993","sl":"Элитный","sv":"390","p":350000.0,"q":6.8,"b":2.68,"ms":11.88,"wi":65.52,"ei":7.0,"as":1059.0,"mi":"D","mv":3282,"sc":10,"lpe":33.24,"lpr":99272.68,"lq":4.58,"d":1819400},{"pi":"351577","pc":"Ювелирные изделия","ss":100000,"td":"Центр города","dc":2,"n":485.38,"vc":"308629","sl":"Очень высокий","sv":"200","p":700000.0,"q":12.1,"b":4.14,"ms":6.09,"wi":65.52,"ei":7.0,"as":1059.0,"mi":"D","mv":3282,"sc":10,"lpe":33.24,"lpr":99272.68,"lq":4.58,"d":1819400},{"pi":"351577","pc":"Ювелирные изделия","ss":150000,"td":"Центр города","dc":2,"n":400.24,"vc":"284250","sl":"Элитный","sv":"120","p":1000000.0,"q":13.42,"b":3.88,"ms":3.66,"wi":65.52,"ei":7.0,"as":1059.0,"mi":"D","mv":3282,"sc":10,"lpe":33.24,"lpr":99272.68,"lq":4.58,"d":1819400},{"pi":"351577","pc":"Ювелирные изделия","ss":40000,"td":"Центр города","dc":1,"n":402.99,"vc":"67931","sl":"Элитный","sv":"106","p":800000.0,"q":11.68,"b":4.36,"ms":3.23,"wi":65.52,"ei":7.0,"as":1059.0,"mi":"D","mv":3282,"sc":10,"lpe":33.24,"lpr":99272.68,"lq":4.58,"d":1819400},{"pi":"351577","pc":"Ювелирные изделия","ss":100000,"td":"Фешенебельный район","dc":1,"n":475.41,"vc":"42064","sl":"Элитный","sv":"92","p":900000.0,"q":12.02,"b":4.4,"ms":2.8,"wi":65.52,"ei":7.0,"as":1059.0,"mi":"D","mv":3282,"sc":10,"lpe":33.24,"lpr":99272.68,"lq":4.58,"d":1819400},{"pi":"351577","pc":"Ювелирные изделия","ss":14000,"td":"Центр города","dc":1,"n":400.34,"vc":"45681","sl":"Очень высокий","sv":"84","p":800000.0,"q":11.87,"b":3.88,"ms":2.56,"wi":65.52,"ei":7.0,"as":1059.0,"mi":"D","mv":3282,"sc":10,"lpe":33.24,"lpr":99272.68,"lq":4.58,"d":1819400},{"pi":"351577","pc":"Ювелирные изделия","ss":20000,"td":"Центр города","dc":1,"n":388.7,"vc":"53968","sl":"Элитный","sv":"32","p":1000000.0,"q":12.82,"b":4.78,"ms":0.98,"wi":65.52,"ei":7.0,"as":1059.0,"mi":"D","mv":3282,"sc":10,"lpe":33.24,"lpr":99272.68,"lq":4.58,"d":1819400},{"pi":"351577","pc":"Ювелирные изделия","ss":100000,"td":"Центр города","dc":2,"n":418.66,"vc":"243718","sl":"Очень высокий","sv":"14","p":1200000.0,"q":13.11,"b":2.81,"ms":0.43,"wi":65.52,"ei":7.0,"as":1059.0,"mi":"D","mv":3282,"sc":10,"lpe":33.24,"lpr":99272.68,"lq":4.58,"d":1819400},{"pi":"351577","pc":"Ювелирные изделия","ss":1500,"td":"Центр города","dc":2,"n":101.08,"vc":"1100","sl":"Элитный","sv":"3","p":500000.0,"q":8.26,"b":2.12,"ms":0.09,"wi":65.52,"ei":7.0,"as":1059.0,"mi":"D","mv":3282,"sc":10,"lpe":33.24,"lpr":99272.68,"lq":4.58,"d":1819400},{"pi":"351577","pc":"Ювелирные изделия","ss":100000,"td":"Центр города","dc":1,"n":345.9,"vc":"138064","sl":"Высокий","sv":"1966","p":700000.0,"q":10.75,"b":4.28,"ms":19.86,"wi":31.91,"ei":5.73,"as":592.8,"mi":"D","mv":9901,"sc":7,"lpe":43.68,"lpr":223566.92,"lq":5.79,"d":8433466},{"pi":"351577","pc":"Ювелирные изделия","ss":100000,"td":"Центр города","dc":1,"n":328.17,"vc":"116427","sl":"Высокий","sv":"1543","p":700000.0,"q":10.75,"b":4.28,"ms":15.58,"wi":31.91,"ei":5.73,"as":592.8,"mi":"D","mv":9901,"sc":7,"lpe":43.68,"lpr":223566.92,"lq":5.79,"d":8433466},{"pi":"351577","pc":"Ювелирные изделия","ss":100000,"td":"Центр города","dc":1,"n":446.01,"vc":"542298","sl":"Очень высокий","sv":"1097","p":1800000.0,"q":13.08,"b":4.31,"ms":11.08,"wi":31.91,"ei":5.73,"as":592.8,"mi":"D","mv":9901,"sc":7,"lpe":43.68,"lpr":223566.92,"lq":5.79,"d":8433466},{"pi":"351577","pc":"Ювелирные изделия","ss":10000,"td":"Центр города","dc":1,"n":175.0,"vc":"11598","sl":"Элитный","sv":"486","p":470000.0,"q":7.71,"b":2.71,"ms":4.91,"wi":31.91,"ei":5.73,"as":592.8,"mi":"D","mv":9901,"sc":7,"lpe":43.68,"lpr":223566.92,"lq":5.79,"d":8433466},{"pi":"351577","pc":"Ювелирные изделия","ss":10000,"td":"Центр города","dc":1,"n":341.31,"vc":"26453","sl":"Очень высокий","sv":"367","p":1000000.0,"q":10.56,"b":2.96,"ms":3.71,"wi":31.91,"ei":5.73,"as":592.8,"mi":"D","mv":9901,"sc":7,"lpe":43.68,"lpr":223566.92,"lq":5.79,"d":8433466},{"pi":"351577","pc":"Ювелирные изделия","ss":50000,"td":"Центр города","dc":2,"n":267.16,"vc":"61922","sl":"Элитный","sv":"100","p":1000000.0,"q":13.31,"b":1.02,"ms":1.01,"wi":31.91,"ei":5.73,"as":592.8,"mi":"D","mv":9901,"sc":7,"lpe":43.68,"lpr":223566.92,"lq":5.79,"d":8433466},{"pi":"351577","pc":"Ювелирные изделия","ss":10000,"td":"Центр города","dc":1,"n":305.31,"vc":"30405","sl":"Высокий","sv":"17","p":525000.0,"q":10.59,"b":3.11,"ms":0.17,"wi":31.91,"ei":5.73,"as":592.8,"mi":"D","mv":9901,"sc":7,"lpe":43.68,"lpr":223566.92,"lq":5.79,"d":8433466},{"pi":"351577","pc":"Ювелирные изделия","ss":1000,"td":"Центр города","dc":2,"n":175.5,"vc":"444","sl":"Элитный","sv":"10","p":700000.0,"q":12.38,"b":2.5,"ms":10.1,"wi":24.98,"ei":5.9,"as":431.2,"mi":"E","mv":99,"sc":1,"lpe":89.9,"lpr":320968.42,"lq":2.93,"d":204528},{"pi":"351577","pc":"Ювелирные изделия","ss":1000,"td":"Центр города","dc":2,"n":133.33,"vc":"345","sl":"Элитный","sv":"10","p":650000.0,"q":12.38,"b":2.5,"ms":10.1,"wi":26.28,"ei":6.0,"as":441.0,"mi":"E","mv":99,"sc":1,"lpe":89.9,"lpr":306840.08,"lq":2.84,"d":67640},{"pi":"351577","pc":"Ювелирные изделия","ss":30000,"td":"Центр города","dc":1,"n":639.36,"vc":"120686","sl":"Очень высокий","sv":"6","p":1833000.0,"q":8.68,"b":1.82,"ms":6.06,"wi":33.3,"ei":5.0,"as":715.0,"mi":"E","mv":99,"sc":2,"lpe":88.89,"lpr":161808.64,"lq":2.61,"d":60990},{"pi":"351577","pc":"Ювелирные изделия","ss":500,"td":"Центр города","dc":2,"n":187.33,"vc":"307","sl":"Элитный","sv":"5","p":650000.0,"q":12.38,"b":2.2,"ms":5.05,"wi":33.3,"ei":5.0,"as":715.0,"mi":"E","mv":99,"sc":2,"lpe":88.89,"lpr":161808.64,"lq":2.61,"d":60990},{"pi":"351577","pc":"Ювелирные изделия","ss":10000,"td":"Центр города","dc":1,"n":371.05,"vc":"12114","sl":"Очень высокий","sv":"32","p":990000.0,"q":9.82,"b":3.84,"ms":8.96,"wi":20.66,"ei":5.39,"as":398.09,"mi":"E","mv":357,"sc":1,"lpe":91.04,"lpr":128436.43,"lq":2.16,"d":483052},{"pi":"351577","pc":"Ювелирные изделия","ss":10000,"td":"Центр города","dc":1,"n":335.51,"vc":"11467","sl":"Элитный","sv":"59","p":1200000.0,"q":10.41,"b":3.87,"ms":9.97,"wi":23.3,"ei":7.48,"as":472.9,"mi":"E","mv":592,"sc":2,"lpe":88.68,"lpr":149617.57,"lq":2.65,"d":874982},{"pi":"351577","pc":"Ювелирные изделия","ss":1500,"td":"Центр города","dc":2,"n":51.99,"vc":"637","sl":"Элитный","sv":"8","p":700000.0,"q":12.38,"b":0.86,"ms":1.35,"wi":23.3,"ei":7.48,"as":472.9,"mi":"E","mv":592,"sc":2,"lpe":88.68,"lpr":149617.57,"lq":2.65,"d":874982},{"pi":"351577","pc":"Ювелирные изделия","ss":1500,"td":"Центр города","dc":2,"n":54.45,"vc":"613","sl":"Элитный","sv":"5","p":600000.0,"q":12.38,"b":0.9,"ms":1.03,"wi":15.91,"ei":6.64,"as":252.1,"mi":"E","mv":487,"sc":1,"lpe":98.97,"lpr":319112.4,"lq":1.0,"d":752256},{"pi":"351577","pc":"Ювелирные изделия","ss":10000,"td":"Центр города","dc":1,"n":356.07,"vc":"11681","sl":"Элитный","sv":"43","p":800000.0,"q":9.83,"b":3.84,"ms":8.7,"wi":21.82,"ei":8.8,"as":448.97,"mi":"E","mv":494,"sc":3,"lpe":84.62,"lpr":116999.08,"lq":2.41,"d":597386},{"pi":"351577","pc":"Ювелирные изделия","ss":1000,"td":"Центр города","dc":1,"n":154.51,"vc":"833","sl":"Элитный","sv":"30","p":230000.0,"q":5.1,"b":1.45,"ms":6.07,"wi":21.82,"ei":8.8,"as":448.97,"mi":"E","mv":494,"sc":3,"lpe":84.62,"lpr":116999.08,"lq":2.41,"d":597386},{"pi":"351577","pc":"Ювелирные изделия","ss":1500,"td":"Центр города","dc":2,"n":65.16,"vc":"602","sl":"Элитный","sv":"3","p":800000.0,"q":12.19,"b":0.86,"ms":0.61,"wi":21.82,"ei":8.8,"as":448.97,"mi":"E","mv":494,"sc":3,"lpe":84.62,"lpr":116999.08,"lq":2.41,"d":597386},{"pi":"351577","pc":"Ювелирные изделия","ss":1000,"td":"Центр города","dc":2,"n":163.83,"vc":"463","sl":"Элитный","sv":"10","p":850000.0,"q":12.38,"b":2.5,"ms":9.71,"wi":26.51,"ei":6.1,"as":450.8,"mi":"E","mv":103,"sc":1,"lpe":90.29,"lpr":414793.24,"lq":1.0,"d":96400},{"pi":"351577","pc":"Ювелирные изделия","ss":100000,"td":"Центр города","dc":1,"n":517.74,"vc":"822178","sl":"Очень высокий","sv":"341","p":1000000.0,"q":13.36,"b":4.96,"ms":9.47,"wi":28.55,"ei":12.08,"as":459.6,"mi":"E","mv":3599,"sc":3,"lpe":84.02,"lpr":86008.25,"lq":3.36,"d":3859512},{"pi":"351577","pc":"Ювелирные изделия","ss":50000,"td":"Центр города","dc":1,"n":365.4,"vc":"75173","sl":"Элитный","sv":"229","p":700000.0,"q":10.04,"b":3.87,"ms":6.36,"wi":28.55,"ei":12.08,"as":459.6,"mi":"E","mv":3599,"sc":3,"lpe":84.02,"lpr":86008.25,"lq":3.36,"d":3859512},{"pi":"351577","pc":"Ювелирные изделия","ss":1500,"td":"Центр города","dc":2,"n":25.65,"vc":"916","sl":"Элитный","sv":"5","p":550000.0,"q":11.44,"b":0.86,"ms":0.14,"wi":28.55,"ei":12.08,"as":459.6,"mi":"E","mv":3599,"sc":3,"lpe":84.02,"lpr":86008.25,"lq":3.36,"d":3859512},{"pi":"351577","pc":"Ювелирные изделия","ss":1000,"td":"Центр города","dc":2,"n":166.05,"vc":"461","sl":"Элитный","sv":"10","p":850000.0,"q":12.38,"b":2.5,"ms":9.9,"wi":26.48,"ei":6.0,"as":450.8,"mi":"E","mv":101,"sc":1,"lpe":90.1,"lpr":402569.52,"lq":1.02,"d":91741},{"pi":"351577","pc":"Ювелирные изделия","ss":10000,"td":"Фешенебельный район","dc":1,"n":549.62,"vc":"7712","sl":"Элитный","sv":"31","p":2607000.0,"q":8.7,"b":1.74,"ms":7.71,"wi":46.83,"ei":6.0,"as":468.0,"mi":"E","mv":402,"sc":2,"lpe":87.31,"lpr":462466.09,"lq":5.43,"d":216600},{"pi":"351577","pc":"Ювелирные изделия","ss":1000,"td":"Центр города","dc":2,"n":101.84,"vc":"434","sl":"Элитный","sv":"20","p":1200000.0,"q":12.38,"b":2.2,"ms":4.98,"wi":46.83,"ei":6.0,"as":468.0,"mi":"E","mv":402,"sc":2,"lpe":87.31,"lpr":462466.09,"lq":5.43,"d":216600},{"pi":"351577","pc":"Ювелирные изделия","ss":40000,"td":"Центр города","dc":1,"n":509.61,"vc":"97882","sl":"Элитный","sv":"56","p":2940000.0,"q":8.7,"b":1.74,"ms":8.31,"wi":46.98,"ei":5.0,"as":388.33,"mi":"E","mv":674,"sc":2,"lpe":89.47,"lpr":384513.88,"lq":4.67,"d":368944},{"pi":"351577","pc":"Ювелирные изделия","ss":1000,"td":"Центр города","dc":2,"n":83.99,"vc":"473","sl":"Элитный","sv":"15","p":1100000.0,"q":12.38,"b":2.2,"ms":2.23,"wi":46.98,"ei":5.0,"as":388.33,"mi":"E","mv":674,"sc":2,"lpe":89.47,"lpr":384513.88,"lq":4.67,"d":368944},{"pi":"351577","pc":"Ювелирные изделия","ss":50000,"td":"Центр города","dc":1,"n":521.41,"vc":"197590","sl":"Элитный","sv":"572","p":800000.0,"q":8.28,"b":4.67,"ms":93.01,"wi":58.37,"ei":7.76,"as":807.0,"mi":"AAA","mv":615,"sc":3,"lpe":0.0,"lpr":194382.16,"lq":4.21,"d":364972},{"pi":"351577","pc":"Ювелирные изделия","ss":40000,"td":"Центр города","dc":1,"n":510.5,"vc":"147405","sl":"Элитный","sv":"42","p":970000.0,"q":8.53,"b":1.82,"ms":6.83,"wi":58.37,"ei":7.76,"as":807.0,"mi":"AAA","mv":615,"sc":3,"lpe":0.0,"lpr":194382.16,"lq":4.21,"d":364972},{"pi":"351577","pc":"Ювелирные изделия","ss":1000,"td":"Центр города","dc":2,"n":84.2,"vc":"471","sl":"Элитный","sv":"1","p":900000.0,"q":12.24,"b":2.2,"ms":0.16,"wi":58.37,"ei":7.76,"as":807.0,"mi":"AAA","mv":615,"sc":3,"lpe":0.0,"lpr":194382.16,"lq":4.21,"d":364972},{"pi":"351577","pc":"Ювелирные изделия","ss":50000,"td":"Центр города","dc":1,"n":458.95,"vc":"151820","sl":"Элитный","sv":"1000","p":800000.0,"q":9.05,"b":4.67,"ms":59.63,"wi":47.83,"ei":6.0,"as":448.87,"mi":"D","mv":1677,"sc":4,"lpe":36.31,"lpr":144527.26,"lq":3.4,"d":839450},{"pi":"351577","pc":"Ювелирные изделия","ss":10000,"td":"Центр города","dc":1,"n":497.56,"vc":"37466","sl":"Очень высокий","sv":"42","p":1200000.0,"q":10.72,"b":4.39,"ms":2.5,"wi":47.83,"ei":6.0,"as":448.87,"mi":"D","mv":1677,"sc":4,"lpe":36.31,"lpr":144527.26,"lq":3.4,"d":839450},{"pi":"351577","pc":"Ювелирные изделия","ss":12000,"td":"Спальный район","dc":1,"n":315.53,"vc":"12328","sl":"Элитный","sv":"18","p":1200000.0,"q":11.77,"b":4.6,"ms":1.07,"wi":47.83,"ei":6.0,"as":448.87,"mi":"D","mv":1677,"sc":4,"lpe":36.31,"lpr":144527.26,"lq":3.4,"d":839450},{"pi":"351577","pc":"Ювелирные изделия","ss":1000,"td":"Центр города","dc":2,"n":56.8,"vc":"541","sl":"Элитный","sv":"8","p":700000.0,"q":12.38,"b":2.2,"ms":0.48,"wi":47.83,"ei":6.0,"as":448.87,"mi":"D","mv":1677,"sc":4,"lpe":36.31,"lpr":144527.26,"lq":3.4,"d":839450},{"pi":"351577","pc":"Ювелирные изделия","ss":50000,"td":"Центр города","dc":1,"n":506.59,"vc":"185516","sl":"Элитный","sv":"797","p":500000.0,"q":7.09,"b":4.67,"ms":99.01,"wi":48.71,"ei":6.0,"as":450.0,"mi":"AAA","mv":805,"sc":3,"lpe":0.0,"lpr":152166.83,"lq":4.28,"d":444000},{"pi":"351577","pc":"Ювелирные изделия","ss":12000,"td":"Спальный район","dc":1,"n":355.97,"vc":"13388","sl":"Элитный","sv":"5","p":1400000.0,"q":11.8,"b":4.6,"ms":0.62,"wi":48.71,"ei":6.0,"as":450.0,"mi":"AAA","mv":805,"sc":3,"lpe":0.0,"lpr":152166.83,"lq":4.28,"d":444000},{"pi":"351577","pc":"Ювелирные изделия","ss":1000,"td":"Центр города","dc":2,"n":77.02,"vc":"485","sl":"Элитный","sv":"3","p":700000.0,"q":12.32,"b":2.2,"ms":0.37,"wi":48.71,"ei":6.0,"as":450.0,"mi":"AAA","mv":805,"sc":3,"lpe":0.0,"lpr":152166.83,"lq":4.28,"d":444000}]