[{"pi":"335175","pc":"Продукты питания","ss":233000,"td":"Центр города","dc":1,"n":319.5,"vc":"283520","sl":"Элитный","sv":"33751","p":6666.0,"q":22.61,"b":0.0,"ms":6.46,"wi":43.34,"ei":6.78,"as":349.0,"mi":"E","mv":522544,"sc":3,"lpe":92.2,"lpr":1769.93,"lq":1.0,"d":7234440},{"pi":"335175","pc":"Продукты питания","ss":50000,"td":"Центр города","dc":1,"n":318.8,"vc":"61905","sl":"Элитный","sv":"7000","p":4000.0,"q":14.99,"b":0.0,"ms":1.34,"wi":43.34,"ei":6.78,"as":349.0,"mi":"E","mv":522544,"sc":3,"lpe":92.2,"lpr":1769.93,"lq":1.0,"d":7234440},{"pi":"335175","pc":"Продукты питания","ss":100000,"td":"Спальный район","dc":1,"n":194.01,"vc":"22779","sl":"Элитный","sv":"4","p":5999.99,"q":17.14,"b":1.54,"ms":0.0,"wi":43.34,"ei":6.78,"as":349.0,"mi":"E","mv":522544,"sc":3,"lpe":92.2,"lpr":1769.93,"lq":1.0,"d":7234440},{"pi":"335175","pc":"Продукты питания","ss":10000,"td":"Фешенебельный район","dc":1,"n":360.23,"vc":"2336","sl":"Элитный","sv":"233","p":2000.0,"q":23.06,"b":0.0,"ms":0.26,"wi":36.38,"ei":6.43,"as":342.95,"mi":"E","mv":91040,"sc":1,"lpe":99.74,"lpr":1147.08,"lq":1.0,"d":1297765},{"pi":"335175","pc":"Продукты питания","ss":13000,"td":"Центр города","dc":1,"n":424.51,"vc":"85210","sl":"Высокий","sv":"475","p":1900.0,"q":4.98,"b":0.0,"ms":0.09,"wi":24.52,"ei":5.02,"as":119.09,"mi":"E","mv":548739,"sc":1,"lpe":99.91,"lpr":1168.62,"lq":1.0,"d":7434170},{"pi":"335175","pc":"Продукты питания","ss":100000,"td":"Центр города","dc":6,"n":197.21,"vc":"27728","sl":"Высокий","sv":"500","p":1045.0,"q":6.91,"b":0.0,"ms":0.13,"wi":20.05,"ei":2.21,"as":72.07,"mi":"E","mv":383506,"sc":1,"lpe":99.87,"lpr":1128.94,"lq":1.0,"d":5107770},{"pi":"335175","pc":"Продукты питания","ss":100000,"td":"Центр города","dc":2,"n":171.61,"vc":"14752","sl":"Элитный","sv":"50","p":1720.0,"q":1.82,"b":0.0,"ms":0.05,"wi":39.06,"ei":10.43,"as":440.02,"mi":"E","mv":107219,"sc":1,"lpe":99.95,"lpr":2370.41,"lq":1.0,"d":1774664},{"pi":"335175","pc":"Продукты питания","ss":30000,"td":"Центр города","dc":1,"n":413.76,"vc":"62504","sl":"Элитный","sv":"3000","p":2090.0,"q":18.87,"b":0.0,"ms":2.23,"wi":19.05,"ei":5.34,"as":341.56,"mi":"E","mv":134239,"sc":1,"lpe":97.77,"lpr":651.42,"lq":1.0,"d":2069626},{"pi":"335175","pc":"Продукты питания","ss":100000,"td":"Окраина","dc":3,"n":286.74,"vc":"48166","sl":"Высокий","sv":"500","p":475.0,"q":16.28,"b":0.36,"ms":0.09,"wi":15.51,"ei":1.9,"as":47.89,"mi":"E","mv":549154,"sc":1,"lpe":99.91,"lpr":610.41,"lq":1.0,"d":9100000},{"pi":"335175","pc":"Продукты питания","ss":100000,"td":"Центр города","dc":5,"n":266.35,"vc":"73110","sl":"Элитный","sv":"7028","p":1650.0,"q":16.28,"b":0.36,"ms":0.77,"wi":21.09,"ei":5.96,"as":107.95,"mi":"E","mv":911978,"sc":2,"lpe":98.68,"lpr":1858.74,"lq":1.0,"d":12197086},{"pi":"335175","pc":"Продукты питания","ss":10000,"td":"Центр города","dc":1,"n":288.16,"vc":"20316","sl":"Элитный","sv":"5000","p":2000.0,"q":17.28,"b":1.0,"ms":0.55,"wi":21.09,"ei":5.96,"as":107.95,"mi":"E","mv":911978,"sc":2,"lpe":98.68,"lpr":1858.74,"lq":1.0,"d":12197086},{"pi":"335175","pc":"Продукты питания","ss":10000,"td":"Центр города","dc":1,"n":417.36,"vc":"25229","sl":"Элитный","sv":"5000","p":1000.0,"q":18.87,"b":0.0,"ms":5.36,"wi":16.28,"ei":5.63,"as":227.31,"mi":"E","mv":93279,"sc":1,"lpe":94.64,"lpr":569.71,"lq":1.0,"d":1476711},{"pi":"335175","pc":"Продукты питания","ss":100000,"td":"Центр города","dc":1,"n":343.16,"vc":"114318","sl":"Элитный","sv":"2000","p":1500.0,"q":14.99,"b":0.0,"ms":0.62,"wi":13.64,"ei":2.9,"as":59.09,"mi":"E","mv":323821,"sc":2,"lpe":99.38,"lpr":611.76,"lq":1.0,"d":5303006},{"pi":"335175","pc":"Продукты питания","ss":180000,"td":"Центр города","dc":8,"n":66.12,"vc":"10335","sl":"Элитный","sv":"1","p":1400.0,"q":4.5,"b":0.0,"ms":0.0,"wi":13.64,"ei":2.9,"as":59.09,"mi":"E","mv":323821,"sc":2,"lpe":99.38,"lpr":611.76,"lq":1.0,"d":5303006},{"pi":"335175","pc":"Продукты питания","ss":500,"td":"Фешенебельный район","dc":1,"n":292.63,"vc":"304","sl":"Элитный","sv":"49","p":4000.0,"q":25.31,"b":0.0,"ms":0.03,"wi":52.02,"ei":10.51,"as":1190.88,"mi":"E","mv":174159,"sc":1,"lpe":99.97,"lpr":5560.24,"lq":1.0,"d":2862944},{"pi":"335175","pc":"Продукты питания","ss":100000,"td":"Фешенебельный район","dc":1,"n":680.58,"vc":"270854","sl":"Элитный","sv":"9803","p":3625.0,"q":25.37,"b":0.0,"ms":9.36,"wi":42.23,"ei":6.83,"as":907.19,"mi":"E","mv":104745,"sc":1,"lpe":90.64,"lpr":1020.62,"lq":1.0,"d":1327128},{"pi":"335175","pc":"Продукты питания","ss":300000,"td":"Фешенебельный район","dc":1,"n":686.46,"vc":"675652","sl":"Элитный","sv":"13000","p":1306.0,"q":8.9,"b":0.0,"ms":14.68,"wi":14.09,"ei":5.25,"as":82.95,"mi":"E","mv":88583,"sc":1,"lpe":85.32,"lpr":543.43,"lq":1.09,"d":1794428},{"pi":"335175","pc":"Продукты питания","ss":10000,"td":"Центр города","dc":5,"n":312.6,"vc":"10342","sl":"Очень высокий","sv":"500","p":420.0,"q":19.88,"b":0.0,"ms":0.81,"wi":12.82,"ei":4.06,"as":70.77,"mi":"E","mv":62017,"sc":1,"lpe":99.19,"lpr":647.12,"lq":1.0,"d":1145303},{"pi":"335175","pc":"Продукты питания","ss":300000,"td":"Фешенебельный район","dc":1,"n":661.65,"vc":"795609","sl":"Элитный","sv":"6500","p":2186.0,"q":9.27,"b":0.0,"ms":14.15,"wi":8.65,"ei":2.99,"as":101.57,"mi":"E","mv":45939,"sc":3,"lpe":84.13,"lpr":1417.21,"lq":1.27,"d":5694053},{"pi":"335175","pc":"Продукты питания","ss":10000,"td":"Центр города","dc":4,"n":359.57,"vc":"24610","sl":"Нормальный","sv":"750","p":276.0,"q":19.88,"b":0.0,"ms":1.63,"wi":8.65,"ei":2.99,"as":101.57,"mi":"E","mv":45939,"sc":3,"lpe":84.13,"lpr":1417.21,"lq":1.27,"d":5694053},{"pi":"335175","pc":"Продукты питания","ss":8500,"td":"Центр города","dc":9,"n":198.67,"vc":"6860","sl":"Низкий","sv":"41","p":3259.15,"q":8.86,"b":0.0,"ms":0.09,"wi":8.65,"ei":2.99,"as":101.57,"mi":"E","mv":45939,"sc":3,"lpe":84.13,"lpr":1417.21,"lq":1.27,"d":5694053},{"pi":"335175","pc":"Продукты питания","ss":10000,"td":"Центр города","dc":2,"n":342.11,"vc":"23781","sl":"Очень высокий","sv":"5000","p":293.0,"q":19.88,"b":0.0,"ms":3.0,"wi":8.26,"ei":1.9,"as":64.62,"mi":"E","mv":166525,"sc":2,"lpe":97.0,"lpr":673.52,"lq":1.0,"d":8024926},{"pi":"335175","pc":"Продукты питания","ss":1000,"td":"Центр города","dc":2,"n":33.46,"vc":"950","sl":"Нормальный","sv":"3","p":1200.0,"q":4.37,"b":0.0,"ms":0.0,"wi":8.26,"ei":1.9,"as":64.62,"mi":"E","mv":166525,"sc":2,"lpe":97.0,"lpr":673.52,"lq":1.0,"d":8024926},{"pi":"335175","pc":"Продукты питания","ss":50000,"td":"Центр города","dc":1,"n":476.6,"vc":"110458","sl":"Элитный","sv":"3000","p":3000.0,"q":14.99,"b":0.0,"ms":7.57,"wi":45.33,"ei":7.25,"as":769.5,"mi":"E","mv":39631,"sc":1,"lpe":92.43,"lpr":1269.23,"lq":1.0,"d":688452},{"pi":"335175","pc":"Продукты питания","ss":100000,"td":"Фешенебельный район","dc":1,"n":687.3,"vc":"254453","sl":"Элитный","sv":"7002","p":3925.0,"q":35.68,"b":3.16,"ms":12.22,"wi":53.24,"ei":7.46,"as":830.0,"mi":"E","mv":57287,"sc":2,"lpe":87.77,"lpr":1276.35,"lq":3.67,"d":923206},{"pi":"335175","pc":"Продукты питания","ss":100000,"td":"Фешенебельный район","dc":1,"n":426.58,"vc":"20742","sl":"Элитный","sv":"7","p":4500.0,"q":15.04,"b":2.98,"ms":0.01,"wi":53.24,"ei":7.46,"as":830.0,"mi":"E","mv":57287,"sc":2,"lpe":87.77,"lpr":1276.35,"lq":3.67,"d":923206},{"pi":"335175","pc":"Продукты питания","ss":300000,"td":"Фешенебельный район","dc":1,"n":692.76,"vc":"921991","sl":"Элитный","sv":"25063","p":2453.0,"q":35.68,"b":3.54,"ms":12.69,"wi":23.24,"ei":7.25,"as":430.69,"mi":"E","mv":197502,"sc":1,"lpe":87.31,"lpr":543.61,"lq":1.2,"d":3025420},{"pi":"335175","pc":"Продукты питания","ss":100000,"td":"Фешенебельный район","dc":2,"n":582.41,"vc":"95140","sl":"Элитный","sv":"820","p":4398.0,"q":19.83,"b":2.70003658536585,"ms":8.33,"wi":47.12,"ei":6.6,"as":760.0,"mi":"E","mv":9848,"sc":1,"lpe":91.67,"lpr":1398.57,"lq":1.0,"d":311080},{"pi":"335175","pc":"Продукты питания","ss":24000,"td":"Центр города","dc":2,"n":279.94,"vc":"13352","sl":"Элитный","sv":"232","p":1200.0,"q":3.77,"b":0.0,"ms":1.66,"wi":4.69,"ei":7.95,"as":28.7,"mi":"E","mv":13978,"sc":1,"lpe":98.34,"lpr":622.02,"lq":1.0,"d":3118531},{"pi":"335175","pc":"Продукты питания","ss":13500,"td":"Центр города","dc":3,"n":336.44,"vc":"15646","sl":"Очень высокий","sv":"1008","p":3407.0,"q":27.85,"b":0.0,"ms":7.68,"wi":53.48,"ei":9.13,"as":1120.0,"mi":"E","mv":13132,"sc":1,"lpe":92.32,"lpr":1451.76,"lq":1.0,"d":371510},{"pi":"335175","pc":"Продукты питания","ss":100000,"td":"Центр города","dc":2,"n":364.33,"vc":"116758","sl":"Элитный","sv":"6222","p":1333.0,"q":26.68,"b":0.0,"ms":10.11,"wi":32.37,"ei":14.28,"as":748.41,"mi":"E","mv":61547,"sc":1,"lpe":89.89,"lpr":565.76,"lq":1.22,"d":1218946},{"pi":"335175","pc":"Продукты питания","ss":100000,"td":"Центр города","dc":6,"n":406.67,"vc":"147189","sl":"Высокий","sv":"1500","p":265.0,"q":19.88,"b":0.0,"ms":5.7,"wi":5.39,"ei":5.85,"as":62.02,"mi":"E","mv":26326,"sc":1,"lpe":94.3,"lpr":606.9,"lq":1.0,"d":3408120},{"pi":"335175","pc":"Продукты питания","ss":100000,"td":"Центр города","dc":7,"n":448.86,"vc":"178397","sl":"Высокий","sv":"7500","p":545.0,"q":19.88,"b":2.36,"ms":10.22,"wi":40.83,"ei":9.69,"as":1126.51,"mi":"E","mv":73391,"sc":2,"lpe":81.61,"lpr":557.27,"lq":1.32,"d":1239628},{"pi":"335175","pc":"Продукты питания","ss":100000,"td":"Центр города","dc":1,"n":486.11,"vc":"255215","sl":"Элитный","sv":"6000","p":950.0,"q":29.95,"b":0.0,"ms":8.18,"wi":40.83,"ei":9.69,"as":1126.51,"mi":"E","mv":73391,"sc":2,"lpe":81.61,"lpr":557.27,"lq":1.32,"d":1239628},{"pi":"335175","pc":"Продукты питания","ss":123900,"td":"Спальный район","dc":2,"n":354.86,"vc":"116770","sl":"Элитный","sv":"41854","p":770.0,"q":6.07,"b":1.52,"ms":60.82,"wi":16.35,"ei":7.5,"as":163.44,"mi":"D","mv":68813,"sc":3,"lpe":39.09,"lpr":428.82,"lq":1.17,"d":1866603},{"pi":"335175","pc":"Продукты питания","ss":10000,"td":"Центр города","dc":3,"n":43.45,"vc":"2570","sl":"Элитный","sv":"54","p":1100.79,"q":8.36,"b":0.105555555555556,"ms":0.08,"wi":16.35,"ei":7.5,"as":163.44,"mi":"D","mv":68813,"sc":3,"lpe":39.09,"lpr":428.82,"lq":1.17,"d":1866603},{"pi":"335175","pc":"Продукты питания","ss":100000,"td":"Фешенебельный район","dc":1,"n":688.21,"vc":"326242","sl":"Элитный","sv":"5","p":2625.0,"q":25.51,"b":0.0,"ms":0.01,"wi":16.35,"ei":7.5,"as":163.44,"mi":"D","mv":68813,"sc":3,"lpe":39.09,"lpr":428.82,"lq":1.17,"d":1866603},{"pi":"335175","pc":"Продукты питания","ss":1000,"td":"Центр города","dc":1,"n":291.8,"vc":"1480","sl":"Элитный","sv":"490","p":3713.0,"q":28.4,"b":0.0,"ms":7.0,"wi":38.21,"ei":5.87,"as":470.0,"mi":"E","mv":6997,"sc":4,"lpe":91.37,"lpr":1425.16,"lq":1.21,"d":106426},{"pi":"335175","pc":"Продукты питания","ss":1000,"td":"Центр города","dc":2,"n":331.32,"vc":"1851","sl":"Высокий","sv":"100","p":1600.0,"q":4.84,"b":0.0,"ms":1.43,"wi":38.21,"ei":5.87,"as":470.0,"mi":"E","mv":6997,"sc":4,"lpe":91.37,"lpr":1425.16,"lq":1.21,"d":106426},{"pi":"335175","pc":"Продукты питания","ss":1000,"td":"Центр города","dc":1,"n":147.63,"vc":"657","sl":"Элитный","sv":"11","p":4000.0,"q":24.51,"b":0.0,"ms":0.16,"wi":38.21,"ei":5.87,"as":470.0,"mi":"E","mv":6997,"sc":4,"lpe":91.37,"lpr":1425.16,"lq":1.21,"d":106426},{"pi":"335175","pc":"Продукты питания","ss":1000,"td":"Центр города","dc":1,"n":154.96,"vc":"456","sl":"Элитный","sv":"3","p":2700.0,"q":5.33,"b":0.0,"ms":0.04,"wi":38.21,"ei":5.87,"as":470.0,"mi":"E","mv":6997,"sc":4,"lpe":91.37,"lpr":1425.16,"lq":1.21,"d":106426},{"pi":"335175","pc":"Продукты питания","ss":100000,"td":"Фешенебельный район","dc":1,"n":700.08,"vc":"179915","sl":"Элитный","sv":"3637","p":4226.0,"q":34.27,"b":3.17,"ms":25.42,"wi":55.17,"ei":6.62,"as":770.0,"mi":"E","mv":14309,"sc":1,"lpe":74.58,"lpr":1352.35,"lq":1.59,"d":339038},{"pi":"335175","pc":"Продукты питания","ss":100000,"td":"Центр города","dc":1,"n":519.78,"vc":"805729","sl":"Очень высокий","sv":"237922","p":1000.0,"q":29.69,"b":2.75,"ms":40.32,"wi":20.04,"ei":6.23,"as":189.21,"mi":"E","mv":590086,"sc":1,"lpe":59.68,"lpr":272.14,"lq":1.56,"d":10970686},{"pi":"335175","pc":"Продукты питания","ss":1000,"td":"Центр города","dc":1,"n":294.34,"vc":"1496","sl":"Элитный","sv":"322","p":3749.0,"q":28.39,"b":0.0,"ms":7.64,"wi":31.59,"ei":6.27,"as":451.25,"mi":"E","mv":4213,"sc":1,"lpe":92.36,"lpr":1407.19,"lq":1.5,"d":105000},{"pi":"335175","pc":"Продукты питания","ss":1000,"td":"Центр города","dc":1,"n":262.81,"vc":"1434","sl":"Элитный","sv":"474","p":3431.0,"q":28.4,"b":0.0,"ms":7.46,"wi":32.37,"ei":6.19,"as":432.97,"mi":"E","mv":6354,"sc":1,"lpe":92.54,"lpr":1350.2,"lq":1.0,"d":155016},{"pi":"335175","pc":"Продукты питания","ss":1000,"td":"Центр города","dc":1,"n":302.22,"vc":"1772","sl":"Очень высокий","sv":"452","p":3534.0,"q":28.39,"b":0.0,"ms":7.51,"wi":30.17,"ei":5.96,"as":437.26,"mi":"E","mv":6017,"sc":2,"lpe":92.44,"lpr":1393.49,"lq":1.0,"d":150000},{"pi":"335175","pc":"Продукты питания","ss":1000,"td":"Центр города","dc":1,"n":396.23,"vc":"2006","sl":"Очень высокий","sv":"3","p":3090.0,"q":6.63,"b":0.0,"ms":0.05,"wi":30.17,"ei":5.96,"as":437.26,"mi":"E","mv":6017,"sc":2,"lpe":92.44,"lpr":1393.49,"lq":1.0,"d":150000},{"pi":"335175","pc":"Продукты питания","ss":1000,"td":"Центр города","dc":1,"n":279.61,"vc":"1802","sl":"Очень высокий","sv":"375","p":2799.0,"q":6.04,"b":0.0,"ms":2.68,"wi":39.88,"ei":5.93,"as":490.0,"mi":"E","mv":13969,"sc":2,"lpe":97.29,"lpr":2377.46,"lq":1.0,"d":226600},{"pi":"335175","pc":"Продукты питания","ss":1000,"td":"Центр города","dc":2,"n":67.52,"vc":"363","sl":"Элитный","sv":"3","p":1983.0,"q":2.28,"b":0.0,"ms":0.02,"wi":39.88,"ei":5.93,"as":490.0,"mi":"E","mv":13969,"sc":2,"lpe":97.29,"lpr":2377.46,"lq":1.0,"d":226600},{"pi":"335175","pc":"Продукты питания","ss":100000,"td":"Центр города","dc":8,"n":472.02,"vc":"188283","sl":"Нормальный","sv":"14","p":6289.0,"q":4.39,"b":0.0,"ms":0.04,"wi":31.59,"ei":7.34,"as":420.89,"mi":"E","mv":38792,"sc":1,"lpe":99.96,"lpr":2460.34,"lq":1.0,"d":639857},{"pi":"335175","pc":"Продукты питания","ss":300000,"td":"Фешенебельный район","dc":1,"n":685.69,"vc":"1169109","sl":"Элитный","sv":"76263","p":2693.0,"q":35.68,"b":2.99,"ms":14.5,"wi":24.59,"ei":8.05,"as":240.41,"mi":"E","mv":526004,"sc":2,"lpe":84.95,"lpr":534.31,"lq":1.08,"d":7239150},{"pi":"335175","pc":"Продукты питания","ss":10000,"td":"Центр города","dc":6,"n":319.86,"vc":"21398","sl":"Нормальный","sv":"2900","p":379.0,"q":19.88,"b":0.65,"ms":0.55,"wi":24.59,"ei":8.05,"as":240.41,"mi":"E","mv":526004,"sc":2,"lpe":84.95,"lpr":534.31,"lq":1.08,"d":7239150},{"pi":"335175","pc":"Продукты питания","ss":100000,"td":"Центр города","dc":9,"n":482.14,"vc":"208516","sl":"Нормальный","sv":"5000","p":940.0,"q":19.88,"b":2.36,"ms":15.37,"wi":23.9,"ei":8.05,"as":1028.85,"mi":"E","mv":32526,"sc":1,"lpe":84.63,"lpr":889.24,"lq":2.2,"d":767901},{"pi":"335175","pc":"Продукты питания","ss":1000,"td":"Центр города","dc":1,"n":235.06,"vc":"2337","sl":"Очень высокий","sv":"4099","p":3431.0,"q":28.43,"b":0.0,"ms":6.78,"wi":52.06,"ei":6.11,"as":520.0,"mi":"E","mv":60417,"sc":2,"lpe":93.17,"lpr":1958.56,"lq":1.0,"d":978294},{"pi":"335175","pc":"Продукты питания","ss":1000,"td":"Спальный район","dc":9,"n":266.59,"vc":"2094","sl":"Очень низкий","sv":"30","p":3047.54,"q":8.68,"b":1.071,"ms":0.05,"wi":52.06,"ei":6.11,"as":520.0,"mi":"E","mv":60417,"sc":2,"lpe":93.17,"lpr":1958.56,"lq":1.0,"d":978294},{"pi":"335175","pc":"Продукты питания","ss":100000,"td":"Фешенебельный район","dc":1,"n":596.81,"vc":"101856","sl":"Элитный","sv":"5642","p":2749.0,"q":20.17,"b":4.05,"ms":8.81,"wi":30.38,"ei":6.25,"as":302.75,"mi":"E","mv":64006,"sc":1,"lpe":91.19,"lpr":551.03,"lq":1.0,"d":810756},{"pi":"335175","pc":"Продукты питания","ss":100000,"td":"Фешенебельный район","dc":1,"n":572.59,"vc":"111302","sl":"Элитный","sv":"11673","p":2745.0,"q":20.17,"b":4.05,"ms":8.69,"wi":37.07,"ei":11.18,"as":369.8,"mi":"E","mv":134298,"sc":2,"lpe":91.3,"lpr":748.98,"lq":1.0,"d":2031724},{"pi":"335175","pc":"Продукты питания","ss":100000,"td":"Центр города","dc":1,"n":280.99,"vc":"44943","sl":"Элитный","sv":"12","p":2700.0,"q":14.95,"b":0.0,"ms":0.01,"wi":37.07,"ei":11.18,"as":369.8,"mi":"E","mv":134298,"sc":2,"lpe":91.3,"lpr":748.98,"lq":1.0,"d":2031724},{"pi":"335175","pc":"Продукты питания","ss":100000,"td":"Центр города","dc":1,"n":542.72,"vc":"826570","sl":"Очень высокий","sv":"100000","p":1400.0,"q":29.95,"b":3.09,"ms":20.39,"wi":28.97,"ei":6.53,"as":314.5,"mi":"E","mv":490554,"sc":3,"lpe":63.81,"lpr":1055.21,"lq":2.81,"d":6283054},{"pi":"335175","pc":"Продукты питания","ss":300000,"td":"Фешенебельный район","dc":1,"n":667.05,"vc":"930122","sl":"Элитный","sv":"73000","p":1688.0,"q":8.9,"b":0.0,"ms":14.88,"wi":28.97,"ei":6.53,"as":314.5,"mi":"E","mv":490554,"sc":3,"lpe":63.81,"lpr":1055.21,"lq":2.81,"d":6283054},{"pi":"335175","pc":"Продукты питания","ss":270000,"td":"Центр города","dc":2,"n":328.54,"vc":"332486","sl":"Элитный","sv":"4550","p":4111.0,"q":16.38,"b":0.0,"ms":0.93,"wi":28.97,"ei":6.53,"as":314.5,"mi":"E","mv":490554,"sc":3,"lpe":63.81,"lpr":1055.21,"lq":2.81,"d":6283054},{"pi":"335175","pc":"Продукты питания","ss":300000,"td":"Фешенебельный район","dc":1,"n":643.27,"vc":"479133","sl":"Элитный","sv":"16000","p":4244.0,"q":8.9,"b":0.0,"ms":14.73,"wi":27.47,"ei":6.52,"as":195.06,"mi":"E","mv":108612,"sc":2,"lpe":84.92,"lpr":2692.71,"lq":1.22,"d":2027308},{"pi":"335175","pc":"Продукты питания","ss":20000,"td":"Центр города","dc":2,"n":391.73,"vc":"36827","sl":"Нормальный","sv":"375","p":2045.0,"q":6.04,"b":0.0,"ms":0.35,"wi":27.47,"ei":6.52,"as":195.06,"mi":"E","mv":108612,"sc":2,"lpe":84.92,"lpr":2692.71,"lq":1.22,"d":2027308},{"pi":"335175","pc":"Продукты питания","ss":100000,"td":"Фешенебельный район","dc":2,"n":592.18,"vc":"150735","sl":"Элитный","sv":"15314","p":3413.0,"q":20.16,"b":3.59,"ms":10.31,"wi":31.84,"ei":9.4,"as":361.4,"mi":"E","mv":148528,"sc":2,"lpe":89.64,"lpr":713.16,"lq":1.24,"d":2821670},{"pi":"335175","pc":"Продукты питания","ss":121000,"td":"Центр города","dc":2,"n":159.54,"vc":"26098","sl":"Элитный","sv":"71","p":3355.0,"q":18.11,"b":0.0867605633802817,"ms":0.05,"wi":31.84,"ei":9.4,"as":361.4,"mi":"E","mv":148528,"sc":2,"lpe":89.64,"lpr":713.16,"lq":1.24,"d":2821670},{"pi":"335175","pc":"Продукты питания","ss":200000,"td":"Центр города","dc":1,"n":350.25,"vc":"232912","sl":"Элитный","sv":"9716","p":3100.0,"q":27.53,"b":0.0,"ms":5.93,"wi":35.81,"ei":6.77,"as":248.13,"mi":"E","mv":163787,"sc":2,"lpe":91.67,"lpr":741.37,"lq":1.0,"d":2293511},{"pi":"335175","pc":"Продукты питания","ss":10000,"td":"Фешенебельный район","dc":1,"n":394.24,"vc":"5582","sl":"Элитный","sv":"3921","p":3000.0,"q":28.28,"b":0.0,"ms":2.39,"wi":35.81,"ei":6.77,"as":248.13,"mi":"E","mv":163787,"sc":2,"lpe":91.67,"lpr":741.37,"lq":1.0,"d":2293511},{"pi":"335175","pc":"Продукты питания","ss":100000,"td":"Фешенебельный район","dc":2,"n":588.99,"vc":"57477","sl":"Элитный","sv":"490","p":8218.0,"q":19.81,"b":1.56710204081633,"ms":7.11,"wi":50.25,"ei":7.2,"as":893.0,"mi":"E","mv":6895,"sc":1,"lpe":92.89,"lpr":2658.99,"lq":1.0,"d":195946},{"pi":"335175","pc":"Продукты питания","ss":100000,"td":"Фешенебельный район","dc":2,"n":588.98,"vc":"58064","sl":"Элитный","sv":"413","p":9110.0,"q":19.82,"b":1.56469733656174,"ms":6.12,"wi":52.05,"ei":7.7,"as":940.5,"mi":"E","mv":6745,"sc":1,"lpe":93.88,"lpr":2913.71,"lq":1.0,"d":201796},{"pi":"335175","pc":"Продукты питания","ss":200000,"td":"Спальный район","dc":1,"n":385.85,"vc":"167688","sl":"Элитный","sv":"50380","p":1300.0,"q":30.95,"b":5.85,"ms":26.29,"wi":36.64,"ei":11.26,"as":482.57,"mi":"D","mv":191664,"sc":3,"lpe":47.62,"lpr":477.13,"lq":2.33,"d":2255977},{"pi":"335175","pc":"Продукты питания","ss":100000,"td":"Центр города","dc":1,"n":444.33,"vc":"224228","sl":"Элитный","sv":"50000","p":1000.0,"q":18.87,"b":0.0,"ms":26.09,"wi":36.64,"ei":11.26,"as":482.57,"mi":"D","mv":191664,"sc":3,"lpe":47.62,"lpr":477.13,"lq":2.33,"d":2255977},{"pi":"335175","pc":"Продукты питания","ss":300000,"td":"Фешенебельный район","dc":1,"n":681.67,"vc":"747928","sl":"Элитный","sv":"5","p":2700.0,"q":25.31,"b":0.0,"ms":0.0,"wi":36.64,"ei":11.26,"as":482.57,"mi":"D","mv":191664,"sc":3,"lpe":47.62,"lpr":477.13,"lq":2.33,"d":2255977},{"pi":"335175","pc":"Продукты питания","ss":100000,"td":"Фешенебельный район","dc":2,"n":588.89,"vc":"62232","sl":"Элитный","sv":"924","p":11060.0,"q":19.82,"b":1.56632034632035,"ms":11.79,"wi":57.76,"ei":8.26,"as":1050.0,"mi":"E","mv":7836,"sc":1,"lpe":88.21,"lpr":3722.08,"lq":1.0,"d":246597},{"pi":"335175","pc":"Продукты питания","ss":60000,"td":"Центр города","dc":1,"n":513.1,"vc":"189207","sl":"Элитный","sv":"20648","p":3000.0,"q":18.17,"b":0.0,"ms":99.71,"wi":64.98,"ei":8.46,"as":1045.0,"mi":"AAA","mv":20709,"sc":3,"lpe":0.0,"lpr":2075.13,"lq":2.24,"d":250038},{"pi":"335175","pc":"Продукты питания","ss":100000,"td":"Фешенебельный район","dc":2,"n":588.89,"vc":"62531","sl":"Элитный","sv":"58","p":6528.0,"q":19.87,"b":1.55275862068966,"ms":0.28,"wi":64.98,"ei":8.46,"as":1045.0,"mi":"AAA","mv":20709,"sc":3,"lpe":0.0,"lpr":2075.13,"lq":2.24,"d":250038},{"pi":"335175","pc":"Продукты питания","ss":110100,"td":"Центр города","dc":1,"n":290.31,"vc":"25228","sl":"Элитный","sv":"3","p":4700.0,"q":5.53,"b":0.0,"ms":0.01,"wi":64.98,"ei":8.46,"as":1045.0,"mi":"AAA","mv":20709,"sc":3,"lpe":0.0,"lpr":2075.13,"lq":2.24,"d":250038},{"pi":"335175","pc":"Продукты питания","ss":100000,"td":"Фешенебельный район","dc":1,"n":682.66,"vc":"120371","sl":"Элитный","sv":"1118","p":4895.0,"q":35.68,"b":4.3,"ms":17.19,"wi":23.28,"ei":13.22,"as":2097.79,"mi":"E","mv":6504,"sc":2,"lpe":82.8,"lpr":1475.12,"lq":3.12,"d":332434},{"pi":"335175","pc":"Продукты питания","ss":10000,"td":"Центр города","dc":10,"n":114.93,"vc":"1131","sl":"Элитный","sv":"1","p":1900.0,"q":3.56,"b":0.0,"ms":0.02,"wi":23.28,"ei":13.22,"as":2097.79,"mi":"E","mv":6504,"sc":2,"lpe":82.8,"lpr":1475.12,"lq":3.12,"d":332434},{"pi":"335175","pc":"Продукты питания","ss":60000,"td":"Центр города","dc":1,"n":364.75,"vc":"63224","sl":"Элитный","sv":"8576","p":1500.0,"q":14.91,"b":0.0,"ms":19.62,"wi":21.15,"ei":11.48,"as":272.99,"mi":"E","mv":43701,"sc":2,"lpe":70.85,"lpr":615.2,"lq":1.74,"d":2580177},{"pi":"335175","pc":"Продукты питания","ss":10000,"td":"Фешенебельный район","dc":1,"n":645.77,"vc":"21197","sl":"Элитный","sv":"4161","p":1795.0,"q":19.83,"b":2.83937995674117,"ms":9.52,"wi":21.15,"ei":11.48,"as":272.99,"mi":"E","mv":43701,"sc":2,"lpe":70.85,"lpr":615.2,"lq":1.74,"d":2580177},{"pi":"335175","pc":"Продукты питания","ss":1000,"td":"Центр города","dc":1,"n":328.76,"vc":"1768","sl":"Очень высокий","sv":"359","p":3749.0,"q":28.39,"b":0.0,"ms":5.59,"wi":39.84,"ei":5.25,"as":460.0,"mi":"E","mv":6424,"sc":1,"lpe":94.41,"lpr":1438.04,"lq":1.44,"d":97536},{"pi":"335175","pc":"Продукты питания","ss":1000,"td":"Центр города","dc":1,"n":207.27,"vc":"1313","sl":"Элитный","sv":"1700","p":1200.0,"q":29.95,"b":0.0,"ms":1.83,"wi":22.96,"ei":14.81,"as":273.81,"mi":"E","mv":93089,"sc":1,"lpe":98.17,"lpr":1491.39,"lq":1.0,"d":2553554},{"pi":"335175","pc":"Продукты питания","ss":10000,"td":"Фешенебельный район","dc":1,"n":539.91,"vc":"7122","sl":"Элитный","sv":"4040","p":2403.0,"q":19.83,"b":2.10478217821782,"ms":8.88,"wi":26.12,"ei":5.63,"as":163.58,"mi":"E","mv":45472,"sc":1,"lpe":91.12,"lpr":565.18,"lq":1.0,"d":948479},{"pi":"335175","pc":"Продукты питания","ss":3000,"td":"Центр города","dc":1,"n":441.55,"vc":"5592","sl":"Элитный","sv":"500","p":3000.0,"q":14.99,"b":0.0,"ms":5.71,"wi":24.3,"ei":9.11,"as":651.15,"mi":"E","mv":8755,"sc":1,"lpe":94.29,"lpr":1989.6,"lq":1.0,"d":151798},{"pi":"335175","pc":"Продукты питания","ss":100000,"td":"Фешенебельный район","dc":1,"n":687.34,"vc":"270545","sl":"Элитный","sv":"3828","p":4845.0,"q":8.9,"b":0.0,"ms":12.4,"wi":43.53,"ei":10.13,"as":1182.11,"mi":"E","mv":30866,"sc":1,"lpe":87.6,"lpr":1908.37,"lq":3.79,"d":1098710},{"pi":"335175","pc":"Продукты питания","ss":100000,"td":"Центр города","dc":7,"n":443.0,"vc":"173620","sl":"Высокий","sv":"7000","p":665.0,"q":19.88,"b":0.0,"ms":11.31,"wi":42.09,"ei":11.41,"as":1006.65,"mi":"E","mv":61880,"sc":1,"lpe":88.69,"lpr":1150.03,"lq":3.12,"d":1126726},{"pi":"335175","pc":"Продукты питания","ss":300000,"td":"Фешенебельный район","dc":1,"n":687.65,"vc":"483614","sl":"Элитный","sv":"6372","p":2090.0,"q":35.68,"b":3.29,"ms":15.42,"wi":22.05,"ei":8.06,"as":455.88,"mi":"E","mv":41315,"sc":3,"lpe":78.37,"lpr":554.3,"lq":1.5,"d":1147914},{"pi":"335175","pc":"Продукты питания","ss":100000,"td":"Центр города","dc":3,"n":516.38,"vc":"273720","sl":"Очень высокий","sv":"2500","p":1200.0,"q":29.95,"b":0.0,"ms":6.05,"wi":22.05,"ei":8.06,"as":455.88,"mi":"E","mv":41315,"sc":3,"lpe":78.37,"lpr":554.3,"lq":1.5,"d":1147914},{"pi":"335175","pc":"Продукты питания","ss":200000,"td":"Центр города","dc":3,"n":506.23,"vc":"477638","sl":"Очень высокий","sv":"65","p":2200.0,"q":18.38,"b":4.24369230769231,"ms":0.16,"wi":22.05,"ei":8.06,"as":455.88,"mi":"E","mv":41315,"sc":3,"lpe":78.37,"lpr":554.3,"lq":1.5,"d":1147914},{"pi":"335175","pc":"Продукты питания","ss":10000,"td":"Центр города","dc":1,"n":462.97,"vc":"29765","sl":"Очень высокий","sv":"2000","p":1000.0,"q":29.95,"b":0.0,"ms":3.28,"wi":28.21,"ei":6.32,"as":381.06,"mi":"E","mv":61031,"sc":1,"lpe":96.72,"lpr":1376.42,"lq":1.0,"d":903431},{"pi":"335175","pc":"Продукты питания","ss":10000,"td":"Фешенебельный район","dc":1,"n":613.14,"vc":"22345","sl":"Элитный","sv":"26187","p":3010.0,"q":35.68,"b":3.4,"ms":10.08,"wi":32.56,"ei":9.23,"as":456.15,"mi":"E","mv":259716,"sc":1,"lpe":89.92,"lpr":703.82,"lq":1.57,"d":3767586},{"pi":"335175","pc":"Продукты питания","ss":10000,"td":"Центр города","dc":1,"n":182.08,"vc":"4973","sl":"Элитный","sv":"11","p":2500.0,"q":18.7,"b":0.0,"ms":0.02,"wi":10.9,"ei":6.81,"as":230.64,"mi":"E","mv":50935,"sc":1,"lpe":99.98,"lpr":550.47,"lq":1.0,"d":2057522},{"pi":"335175","pc":"Продукты питания","ss":100000,"td":"Центр города","dc":1,"n":525.41,"vc":"474271","sl":"Очень высокий","sv":"20000","p":1200.0,"q":29.95,"b":3.86,"ms":14.78,"wi":29.82,"ei":6.96,"as":304.48,"mi":"E","mv":135322,"sc":2,"lpe":84.36,"lpr":844.86,"lq":2.22,"d":2067604},{"pi":"335175","pc":"Продукты питания","ss":110000,"td":"Фешенебельный район","dc":1,"n":401.04,"vc":"34862","sl":"Элитный","sv":"1160","p":4111.0,"q":23.91,"b":0.0,"ms":0.86,"wi":29.82,"ei":6.96,"as":304.48,"mi":"E","mv":135322,"sc":2,"lpe":84.36,"lpr":844.86,"lq":2.22,"d":2067604},{"pi":"335175","pc":"Продукты питания","ss":100000,"td":"Центр города","dc":1,"n":539.1,"vc":"468190","sl":"Очень высокий","sv":"7000","p":1500.0,"q":29.95,"b":3.86,"ms":6.56,"wi":23.17,"ei":4.83,"as":185.71,"mi":"E","mv":106762,"sc":1,"lpe":93.44,"lpr":915.54,"lq":1.0,"d":1367840},{"pi":"335175","pc":"Продукты питания","ss":100000,"td":"Фешенебельный район","dc":1,"n":685.84,"vc":"250972","sl":"Элитный","sv":"8598","p":2910.0,"q":35.68,"b":4.34,"ms":14.96,"wi":37.26,"ei":11.73,"as":670.36,"mi":"E","mv":57486,"sc":1,"lpe":85.04,"lpr":619.07,"lq":1.25,"d":923916},{"pi":"335175","pc":"Продукты питания","ss":100000,"td":"Фешенебельный район","dc":1,"n":688.36,"vc":"222002","sl":"Элитный","sv":"5100","p":4921.0,"q":35.68,"b":3.22,"ms":12.58,"wi":52.44,"ei":11.56,"as":1499.2,"mi":"E","mv":40534,"sc":1,"lpe":87.42,"lpr":1182.92,"lq":2.45,"d":607176},{"pi":"335175","pc":"Продукты питания","ss":120000,"td":"Центр города","dc":10,"n":681.59,"vc":"527964","sl":"Низкий","sv":"4039","p":785.0,"q":19.43,"b":0.0,"ms":36.18,"wi":22.93,"ei":10.24,"as":1034.81,"mi":"E","mv":11163,"sc":1,"lpe":63.82,"lpr":235.96,"lq":1.06,"d":191772},{"pi":"335175","pc":"Продукты питания","ss":10000,"td":"Центр города","dc":1,"n":316.15,"vc":"6055","sl":"Элитный","sv":"23","p":2000.0,"q":1.34,"b":0.0,"ms":0.17,"wi":23.76,"ei":8.4,"as":742.38,"mi":"E","mv":13403,"sc":1,"lpe":99.83,"lpr":1357.19,"lq":1.0,"d":212400},{"pi":"335175","pc":"Продукты питания","ss":100000,"td":"Центр города","dc":1,"n":497.56,"vc":"405406","sl":"Элитный","sv":"40000","p":1800.0,"q":29.95,"b":4.15,"ms":20.62,"wi":41.0,"ei":10.98,"as":1160.85,"mi":"E","mv":193984,"sc":3,"lpe":78.58,"lpr":1265.26,"lq":4.54,"d":2838504},{"pi":"335175","pc":"Продукты питания","ss":100000,"td":"Центр города","dc":1,"n":388.34,"vc":"141833","sl":"Элитный","sv":"1552","p":4200.0,"q":28.35,"b":0.0,"ms":0.8,"wi":41.0,"ei":10.98,"as":1160.85,"mi":"E","mv":193984,"sc":3,"lpe":78.58,"lpr":1265.26,"lq":4.54,"d":2838504},{"pi":"335175","pc":"Продукты питания","ss":300000,"td":"Фешенебельный район","dc":1,"n":604.83,"vc":"387328","sl":"Элитный","sv":"7","p":6000.0,"q":16.22,"b":0.0,"ms":0.0,"wi":41.0,"ei":10.98,"as":1160.85,"mi":"E","mv":193984,"sc":3,"lpe":78.58,"lpr":1265.26,"lq":4.54,"d":2838504},{"pi":"335175","pc":"Продукты питания","ss":100500,"td":"Центр города","dc":1,"n":362.42,"vc":"173553","sl":"Элитный","sv":"48000","p":1200.0,"q":15.07,"b":1.23,"ms":21.15,"wi":33.51,"ei":8.27,"as":568.82,"mi":"E","mv":226949,"sc":2,"lpe":78.82,"lpr":502.95,"lq":1.36,"d":3198452},{"pi":"335175","pc":"Продукты питания","ss":300000,"td":"Фешенебельный район","dc":1,"n":682.76,"vc":"853970","sl":"Элитный","sv":"58","p":2651.0,"q":24.79,"b":0.0,"ms":0.03,"wi":33.51,"ei":8.27,"as":568.82,"mi":"E","mv":226949,"sc":2,"lpe":78.82,"lpr":502.95,"lq":1.36,"d":3198452},{"pi":"335175","pc":"Продукты питания","ss":4500,"td":"Спальный район","dc":7,"n":166.5,"vc":"4135","sl":"Высокий","sv":"3","p":3062.21,"q":11.67,"b":0.0,"ms":0.0,"wi":22.82,"ei":5.29,"as":396.9,"mi":"E","mv":802155,"sc":2,"lpe":100.0,"lpr":1275.33,"lq":1.0,"d":12257756},{"pi":"335175","pc":"Продукты питания","ss":1000,"td":"Фешенебельный район","dc":1,"n":0.0,"vc":"225","sl":"Элитный","sv":"2","p":2000.0,"q":3.83,"b":0.0,"ms":0.0,"wi":22.82,"ei":5.29,"as":396.9,"mi":"E","mv":802155,"sc":2,"lpe":100.0,"lpr":1275.33,"lq":1.0,"d":12257756},{"pi":"335175","pc":"Продукты питания","ss":1000,"td":"Центр города","dc":1,"n":584.42,"vc":"5681","sl":"Нормальный","sv":"754","p":3393.0,"q":19.82,"b":2.92050397877984,"ms":10.94,"wi":43.74,"ei":10.04,"as":1360.0,"mi":"E","mv":6892,"sc":3,"lpe":85.64,"lpr":1249.63,"lq":3.28,"d":234090},{"pi":"335175","pc":"Продукты питания","ss":1000,"td":"Центр города","dc":1,"n":392.82,"vc":"2894","sl":"Очень высокий","sv":"213","p":3350.0,"q":28.26,"b":0.0,"ms":3.09,"wi":43.74,"ei":10.04,"as":1360.0,"mi":"E","mv":6892,"sc":3,"lpe":85.64,"lpr":1249.63,"lq":3.28,"d":234090},{"pi":"335175","pc":"Продукты питания","ss":1000,"td":"Спальный район","dc":4,"n":208.35,"vc":"766","sl":"Высокий","sv":"23","p":2002.0,"q":5.94,"b":0.0,"ms":0.33,"wi":43.74,"ei":10.04,"as":1360.0,"mi":"E","mv":6892,"sc":3,"lpe":85.64,"lpr":1249.63,"lq":3.28,"d":234090},{"pi":"335175","pc":"Продукты питания","ss":1000,"td":"Центр города","dc":1,"n":335.03,"vc":"965","sl":"Элитный","sv":"94","p":2900.0,"q":3.84,"b":0.0,"ms":7.84,"wi":37.51,"ei":9.62,"as":1479.61,"mi":"E","mv":1199,"sc":1,"lpe":92.16,"lpr":1946.66,"lq":1.0,"d":255028},{"pi":"335175","pc":"Продукты питания","ss":10000,"td":"Центр города","dc":1,"n":553.97,"vc":"35133","sl":"Очень высокий","sv":"1245","p":4604.0,"q":26.59,"b":0.0,"ms":9.75,"wi":30.61,"ei":9.87,"as":618.95,"mi":"E","mv":12774,"sc":1,"lpe":90.25,"lpr":1377.63,"lq":1.0,"d":765755},{"pi":"335175","pc":"Продукты питания","ss":10000,"td":"Центр города","dc":4,"n":178.74,"vc":"9093","sl":"Очень высокий","sv":"2000","p":487.9,"q":19.88,"b":0.0,"ms":0.23,"wi":20.14,"ei":5.38,"as":88.25,"mi":"E","mv":869266,"sc":2,"lpe":99.76,"lpr":764.3,"lq":1.0,"d":12381354},{"pi":"335175","pc":"Продукты питания","ss":110100,"td":"Центр города","dc":1,"n":70.17,"vc":"11631","sl":"Элитный","sv":"77","p":1590.0,"q":3.5,"b":0.0,"ms":0.01,"wi":20.14,"ei":5.38,"as":88.25,"mi":"E","mv":869266,"sc":2,"lpe":99.76,"lpr":764.3,"lq":1.0,"d":12381354},{"pi":"335175","pc":"Продукты питания","ss":100000,"td":"Центр города","dc":1,"n":521.23,"vc":"507372","sl":"Очень высокий","sv":"39512","p":1400.0,"q":29.79,"b":0.0,"ms":18.33,"wi":32.5,"ei":8.75,"as":394.01,"mi":"E","mv":215533,"sc":2,"lpe":81.66,"lpr":627.32,"lq":1.26,"d":2812406},{"pi":"335175","pc":"Продукты питания","ss":100000,"td":"Фешенебельный район","dc":10,"n":255.31,"vc":"8853","sl":"Элитный","sv":"12","p":1200.0,"q":4.0,"b":0.0,"ms":0.01,"wi":32.5,"ei":8.75,"as":394.01,"mi":"E","mv":215533,"sc":2,"lpe":81.66,"lpr":627.32,"lq":1.26,"d":2812406},{"pi":"335175","pc":"Продукты питания","ss":100000,"td":"Фешенебельный район","dc":1,"n":693.37,"vc":"191823","sl":"Элитный","sv":"6201","p":4757.0,"q":35.24,"b":5.04,"ms":49.55,"wi":32.14,"ei":8.54,"as":796.22,"mi":"D","mv":12515,"sc":2,"lpe":43.8,"lpr":1207.94,"lq":4.05,"d":788262},{"pi":"335175","pc":"Продукты питания","ss":10000,"td":"Центр города","dc":1,"n":580.03,"vc":"50690","sl":"Очень высокий","sv":"832","p":3795.0,"q":26.57,"b":0.0,"ms":6.65,"wi":32.14,"ei":8.54,"as":796.22,"mi":"D","mv":12515,"sc":2,"lpe":43.8,"lpr":1207.94,"lq":4.05,"d":788262},{"pi":"335175","pc":"Продукты питания","ss":100000,"td":"Спальный район","dc":1,"n":508.36,"vc":"264713","sl":"Элитный","sv":"5000","p":3000.0,"q":29.95,"b":0.0,"ms":5.45,"wi":49.54,"ei":10.29,"as":760.4,"mi":"E","mv":91759,"sc":1,"lpe":94.55,"lpr":3402.78,"lq":1.0,"d":1419772},{"pi":"335175","pc":"Продукты питания","ss":1000,"td":"Окраина","dc":6,"n":130.9,"vc":"165","sl":"Элитный","sv":"3","p":1800.0,"q":4.01,"b":0.0,"ms":0.33,"wi":23.8,"ei":8.16,"as":836.0,"mi":"E","mv":911,"sc":1,"lpe":99.67,"lpr":1701.15,"lq":1.0,"d":63163},{"pi":"335175","pc":"Продукты питания","ss":10000,"td":"Центр города","dc":2,"n":213.27,"vc":"9152","sl":"Элитный","sv":"2500","p":251.0,"q":19.88,"b":0.0,"ms":0.67,"wi":15.65,"ei":2.0,"as":55.04,"mi":"E","mv":371294,"sc":1,"lpe":99.33,"lpr":620.33,"lq":1.0,"d":6080000},{"pi":"335175","pc":"Продукты питания","ss":20000,"td":"Центр города","dc":7,"n":422.62,"vc":"44234","sl":"Низкий","sv":"1500","p":280.0,"q":19.88,"b":0.0,"ms":0.9,"wi":17.87,"ei":4.0,"as":132.38,"mi":"E","mv":165996,"sc":1,"lpe":99.1,"lpr":763.44,"lq":1.0,"d":2159163},{"pi":"335175","pc":"Продукты питания","ss":100000,"td":"Центр города","dc":1,"n":391.55,"vc":"243951","sl":"Элитный","sv":"35000","p":1000.0,"q":29.95,"b":2.69,"ms":4.49,"wi":25.77,"ei":5.34,"as":121.56,"mi":"E","mv":779617,"sc":3,"lpe":94.48,"lpr":1955.42,"lq":1.0,"d":12237176},{"pi":"335175","pc":"Продукты питания","ss":10000,"td":"Центр города","dc":2,"n":119.58,"vc":"5847","sl":"Элитный","sv":"5000","p":725.0,"q":19.88,"b":0.0,"ms":0.64,"wi":25.77,"ei":5.34,"as":121.56,"mi":"E","mv":779617,"sc":3,"lpe":94.48,"lpr":1955.42,"lq":1.0,"d":12237176},{"pi":"335175","pc":"Продукты питания","ss":100000,"td":"Центр города","dc":2,"n":352.56,"vc":"167688","sl":"Элитный","sv":"3000","p":1200.0,"q":29.95,"b":2.69,"ms":0.38,"wi":25.77,"ei":5.34,"as":121.56,"mi":"E","mv":779617,"sc":3,"lpe":94.48,"lpr":1955.42,"lq":1.0,"d":12237176},{"pi":"335175","pc":"Продукты питания","ss":11000,"td":"Центр города","dc":6,"n":236.52,"vc":"9852","sl":"Очень высокий","sv":"1250","p":479.0,"q":19.88,"b":0.0,"ms":0.4,"wi":20.86,"ei":2.5,"as":66.86,"mi":"E","mv":310122,"sc":1,"lpe":99.6,"lpr":1087.82,"lq":1.0,"d":3929484},{"pi":"335175","pc":"Продукты питания","ss":1000,"td":"Фешенебельный район","dc":1,"n":555.56,"vc":"400","sl":"Элитный","sv":"52","p":5483.0,"q":19.78,"b":2.94,"ms":9.89,"wi":21.24,"ei":13.5,"as":875.4,"mi":"E","mv":526,"sc":2,"lpe":89.35,"lpr":1468.59,"lq":3.43,"d":195479},{"pi":"335175","pc":"Продукты питания","ss":1000,"td":"Центр города","dc":3,"n":316.64,"vc":"1040","sl":"Высокий","sv":"4","p":2772.0,"q":5.91,"b":0.0,"ms":0.76,"wi":21.24,"ei":13.5,"as":875.4,"mi":"E","mv":526,"sc":2,"lpe":89.35,"lpr":1468.59,"lq":3.43,"d":195479},{"pi":"335175","pc":"Продукты питания","ss":300000,"td":"Фешенебельный район","dc":1,"n":667.88,"vc":"1214089","sl":"Элитный","sv":"47327","p":2933.0,"q":35.68,"b":2.63,"ms":6.06,"wi":23.07,"ei":9.0,"as":148.67,"mi":"E","mv":780744,"sc":5,"lpe":93.11,"lpr":539.41,"lq":1.4,"d":13151602},{"pi":"335175","pc":"Продукты питания","ss":100000,"td":"Центр города","dc":8,"n":325.97,"vc":"133165","sl":"Высокий","sv":"5000","p":467.0,"q":19.88,"b":0.0,"ms":0.64,"wi":23.07,"ei":9.0,"as":148.67,"mi":"E","mv":780744,"sc":5,"lpe":93.11,"lpr":539.41,"lq":1.4,"d":13151602},{"pi":"335175","pc":"Продукты питания","ss":110000,"td":"Центр города","dc":2,"n":359.45,"vc":"197616","sl":"Элитный","sv":"1221","p":2460.0,"q":27.88,"b":0.0,"ms":0.16,"wi":23.07,"ei":9.0,"as":148.67,"mi":"E","mv":780744,"sc":5,"lpe":93.11,"lpr":539.41,"lq":1.4,"d":13151602},{"pi":"335175","pc":"Продукты питания","ss":11000,"td":"Центр города","dc":1,"n":283.68,"vc":"32091","sl":"Элитный","sv":"244","p":2000.0,"q":11.15,"b":0.0,"ms":0.03,"wi":23.07,"ei":9.0,"as":148.67,"mi":"E","mv":780744,"sc":5,"lpe":93.11,"lpr":539.41,"lq":1.4,"d":13151602},{"pi":"335175","pc":"Продукты питания","ss":100000,"td":"Центр города","dc":2,"n":273.33,"vc":"80272","sl":"Элитный","sv":"1","p":1400.0,"q":2.75,"b":0.0,"ms":0.0,"wi":23.07,"ei":9.0,"as":148.67,"mi":"E","mv":780744,"sc":5,"lpe":93.11,"lpr":539.41,"lq":1.4,"d":13151602},{"pi":"335175","pc":"Продукты питания","ss":1000,"td":"Фешенебельный район","dc":1,"n":46.62,"vc":"148","sl":"Элитный","sv":"20","p":2500.0,"q":6.04,"b":0.0,"ms":0.01,"wi":20.18,"ei":6.66,"as":92.32,"mi":"E","mv":369424,"sc":1,"lpe":99.99,"lpr":1275.33,"lq":1.0,"d":5598351},{"pi":"335175","pc":"Продукты питания","ss":11100,"td":"Центр города","dc":1,"n":34.02,"vc":"828","sl":"Элитный","sv":"122","p":3750.0,"q":28.45,"b":0.0,"ms":2.06,"wi":27.26,"ei":6.2,"as":361.0,"mi":"E","mv":5908,"sc":1,"lpe":97.94,"lpr":1549.15,"lq":1.0,"d":248300},{"pi":"335175","pc":"Продукты питания","ss":10000,"td":"Центр города","dc":5,"n":458.33,"vc":"39479","sl":"Низкий","sv":"1000","p":329.0,"q":19.88,"b":0.0,"ms":2.52,"wi":6.05,"ei":5.97,"as":64.31,"mi":"E","mv":39761,"sc":1,"lpe":97.48,"lpr":543.77,"lq":1.0,"d":3268310},{"pi":"335175","pc":"Продукты питания","ss":200000,"td":"Спальный район","dc":1,"n":383.96,"vc":"166018","sl":"Элитный","sv":"40000","p":1100.0,"q":31.78,"b":4.59,"ms":24.95,"wi":19.88,"ei":6.02,"as":127.25,"mi":"E","mv":160322,"sc":2,"lpe":75.04,"lpr":543.37,"lq":1.53,"d":2750721},{"pi":"335175","pc":"Продукты питания","ss":100000,"td":"Фешенебельный район","dc":10,"n":53.25,"vc":"1185","sl":"Элитный","sv":"12","p":1380.0,"q":6.05,"b":0.0,"ms":0.01,"wi":19.88,"ei":6.02,"as":127.25,"mi":"E","mv":160322,"sc":2,"lpe":75.04,"lpr":543.37,"lq":1.53,"d":2750721},{"pi":"335175","pc":"Продукты питания","ss":100000,"td":"Центр города","dc":1,"n":622.27,"vc":"1986177","sl":"Низкий","sv":"67855","p":3500.0,"q":23.39,"b":2.87,"ms":9.94,"wi":37.85,"ei":8.73,"as":677.93,"mi":"E","mv":682416,"sc":3,"lpe":90.05,"lpr":1050.1,"lq":1.74,"d":8646844},{"pi":"335175","pc":"Продукты питания","ss":100000,"td":"Спальный район","dc":1,"n":215.42,"vc":"29790","sl":"Элитный","sv":"53","p":1699.99,"q":8.38,"b":1.63,"ms":0.01,"wi":37.85,"ei":8.73,"as":677.93,"mi":"E","mv":682416,"sc":3,"lpe":90.05,"lpr":1050.1,"lq":1.74,"d":8646844},{"pi":"335175","pc":"Продукты питания","ss":22200,"td":"Центр города","dc":10,"n":230.33,"vc":"18567","sl":"Высокий","sv":"4","p":3798.56,"q":14.34,"b":0.1875,"ms":0.0,"wi":37.85,"ei":8.73,"as":677.93,"mi":"E","mv":682416,"sc":3,"lpe":90.05,"lpr":1050.1,"lq":1.74,"d":8646844},{"pi":"335175","pc":"Продукты питания","ss":1000,"td":"Центр города","dc":1,"n":538.93,"vc":"4207","sl":"Высокий","sv":"254","p":2800.0,"q":28.38,"b":0.0,"ms":5.06,"wi":27.74,"ei":5.82,"as":432.12,"mi":"E","mv":5016,"sc":2,"lpe":92.44,"lpr":1135.48,"lq":1.0,"d":125000},{"pi":"335175","pc":"Продукты питания","ss":1000,"td":"Центр города","dc":1,"n":604.42,"vc":"9129","sl":"Низкий","sv":"125","p":2000.0,"q":6.04,"b":0.0,"ms":2.49,"wi":27.74,"ei":5.82,"as":432.12,"mi":"E","mv":5016,"sc":2,"lpe":92.44,"lpr":1135.48,"lq":1.0,"d":125000},{"pi":"335175","pc":"Продукты питания","ss":100000,"td":"Центр города","dc":1,"n":406.05,"vc":"146804","sl":"Элитный","sv":"11442","p":2650.31,"q":28.28,"b":0.0,"ms":8.29,"wi":16.74,"ei":5.63,"as":170.47,"mi":"E","mv":138047,"sc":1,"lpe":91.71,"lpr":657.63,"lq":1.0,"d":1951465},{"pi":"335175","pc":"Продукты питания","ss":100000,"td":"Фешенебельный район","dc":2,"n":588.17,"vc":"55855","sl":"Элитный","sv":"493","p":7822.0,"q":19.82,"b":1.76555780933063,"ms":7.18,"wi":56.61,"ei":8.36,"as":902.5,"mi":"E","mv":6865,"sc":1,"lpe":92.82,"lpr":2549.73,"lq":1.85,"d":184680},{"pi":"335175","pc":"Продукты питания","ss":50000,"td":"Центр города","dc":1,"n":317.19,"vc":"36979","sl":"Элитный","sv":"10000","p":3000.0,"q":14.99,"b":0.0,"ms":7.33,"wi":33.06,"ei":5.72,"as":380.0,"mi":"E","mv":136471,"sc":1,"lpe":92.67,"lpr":1579.99,"lq":1.0,"d":1729130},{"pi":"335175","pc":"Продукты питания","ss":1000,"td":"Центр города","dc":1,"n":323.1,"vc":"2329","sl":"Очень высокий","sv":"4000","p":1300.0,"q":29.95,"b":0.0,"ms":6.97,"wi":30.39,"ei":6.8,"as":316.62,"mi":"E","mv":57393,"sc":2,"lpe":92.51,"lpr":1348.46,"lq":1.0,"d":1133980},{"pi":"335175","pc":"Продукты питания","ss":1000,"td":"Пригород","dc":2,"n":199.21,"vc":"463","sl":"Элитный","sv":"300","p":990.0,"q":16.28,"b":0.0,"ms":0.52,"wi":30.39,"ei":6.8,"as":316.62,"mi":"E","mv":57393,"sc":2,"lpe":92.51,"lpr":1348.46,"lq":1.0,"d":1133980},{"pi":"335175","pc":"Продукты питания","ss":1000,"td":"Центр города","dc":2,"n":341.04,"vc":"1276","sl":"Низкий","sv":"180","p":410.0,"q":16.25,"b":0.0,"ms":2.01,"wi":16.64,"ei":5.41,"as":400.95,"mi":"E","mv":8962,"sc":1,"lpe":97.99,"lpr":929.6,"lq":1.0,"d":276574},{"pi":"335175","pc":"Продукты питания","ss":50000,"td":"Центр города","dc":1,"n":400.65,"vc":"78929","sl":"Элитный","sv":"3000","p":7000.0,"q":14.99,"b":0.0,"ms":6.75,"wi":42.78,"ei":9.65,"as":844.82,"mi":"E","mv":44465,"sc":2,"lpe":91.0,"lpr":3212.58,"lq":1.0,"d":1812514},{"pi":"335175","pc":"Продукты питания","ss":10000,"td":"Центр города","dc":3,"n":433.81,"vc":"30611","sl":"Нормальный","sv":"1000","p":1800.0,"q":19.88,"b":0.0,"ms":2.25,"wi":42.78,"ei":9.65,"as":844.82,"mi":"E","mv":44465,"sc":2,"lpe":91.0,"lpr":3212.58,"lq":1.0,"d":1812514},{"pi":"335175","pc":"Продукты питания","ss":14100,"td":"Фешенебельный район","dc":7,"n":458.65,"vc":"7386","sl":"Очень высокий","sv":"1500","p":990.0,"q":19.88,"b":1.4,"ms":1.32,"wi":53.29,"ei":11.63,"as":1039.25,"mi":"E","mv":113782,"sc":1,"lpe":98.68,"lpr":4782.51,"lq":1.0,"d":1964160},{"pi":"335175","pc":"Продукты питания","ss":80000,"td":"Фешенебельный район","dc":1,"n":349.19,"vc":"9414","sl":"Элитный","sv":"5000","p":7000.0,"q":14.99,"b":0.0,"ms":9.56,"wi":28.94,"ei":6.76,"as":297.68,"mi":"E","mv":52289,"sc":2,"lpe":90.43,"lpr":3745.46,"lq":1.0,"d":1302926},{"pi":"335175","pc":"Продукты питания","ss":10000,"td":"Фешенебельный район","dc":3,"n":118.96,"vc":"399","sl":"Элитный","sv":"4","p":3411.71,"q":3.75,"b":0.0,"ms":0.01,"wi":28.94,"ei":6.76,"as":297.68,"mi":"E","mv":52289,"sc":2,"lpe":90.43,"lpr":3745.46,"lq":1.0,"d":1302926},{"pi":"335175","pc":"Продукты питания","ss":11200,"td":"Окраина","dc":9,"n":273.12,"vc":"13962","sl":"Нормальный","sv":"19164","p":5412.99,"q":9.89,"b":1.26764610728449,"ms":4.29,"wi":33.86,"ei":10.15,"as":292.02,"mi":"E","mv":446259,"sc":2,"lpe":95.7,"lpr":3557.93,"lq":1.0,"d":6376122},{"pi":"335175","pc":"Продукты питания","ss":100000,"td":"Спальный район","dc":7,"n":318.13,"vc":"71891","sl":"Очень высокий","sv":"27","p":8559.0,"q":4.39,"b":0.0,"ms":0.01,"wi":33.86,"ei":10.15,"as":292.02,"mi":"E","mv":446259,"sc":2,"lpe":95.7,"lpr":3557.93,"lq":1.0,"d":6376122},{"pi":"335175","pc":"Продукты питания","ss":100000,"td":"Центр города","dc":1,"n":557.03,"vc":"906652","sl":"Высокий","sv":"264914","p":3500.0,"q":21.84,"b":4.2,"ms":82.96,"wi":54.32,"ei":11.9,"as":1548.35,"mi":"D","mv":319320,"sc":5,"lpe":0.0,"lpr":1385.97,"lq":3.92,"d":5522842},{"pi":"335175","pc":"Продукты питания","ss":90000,"td":"Центр города","dc":2,"n":270.43,"vc":"80606","sl":"Элитный","sv":"49209","p":2000.0,"q":15.07,"b":0.0,"ms":15.41,"wi":54.32,"ei":11.9,"as":1548.35,"mi":"D","mv":319320,"sc":5,"lpe":0.0,"lpr":1385.97,"lq":3.92,"d":5522842},{"pi":"335175","pc":"Продукты питания","ss":20000,"td":"Центр города","dc":1,"n":327.91,"vc":"32621","sl":"Элитный","sv":"2000","p":3300.0,"q":14.99,"b":0.0,"ms":0.63,"wi":54.32,"ei":11.9,"as":1548.35,"mi":"D","mv":319320,"sc":5,"lpe":0.0,"lpr":1385.97,"lq":3.92,"d":5522842},{"pi":"335175","pc":"Продукты питания","ss":10000,"td":"Центр города","dc":3,"n":339.8,"vc":"22558","sl":"Высокий","sv":"1500","p":1600.0,"q":19.88,"b":0.0,"ms":0.47,"wi":54.32,"ei":11.9,"as":1548.35,"mi":"D","mv":319320,"sc":5,"lpe":0.0,"lpr":1385.97,"lq":3.92,"d":5522842},{"pi":"335175","pc":"Продукты питания","ss":10000,"td":"Центр города","dc":1,"n":347.0,"vc":"35686","sl":"Очень высокий","sv":"175","p":1950.0,"q":3.39,"b":0.0,"ms":0.05,"wi":54.32,"ei":11.9,"as":1548.35,"mi":"D","mv":319320,"sc":5,"lpe":0.0,"lpr":1385.97,"lq":3.92,"d":5522842},{"pi":"335175","pc":"Продукты питания","ss":10000,"td":"Фешенебельный район","dc":1,"n":271.22,"vc":"2564","sl":"Элитный","sv":"12362","p":4000.0,"q":9.97,"b":2.90593027018282,"ms":1.97,"wi":51.68,"ei":9.19,"as":1176.8,"mi":"E","mv":626503,"sc":5,"lpe":95.55,"lpr":4425.21,"lq":1.0,"d":10648221},{"pi":"335175","pc":"Продукты питания","ss":100000,"td":"Центр города","dc":2,"n":155.45,"vc":"36000","sl":"Элитный","sv":"10000","p":2650.0,"q":15.07,"b":0.0,"ms":1.6,"wi":51.68,"ei":9.19,"as":1176.8,"mi":"E","mv":626503,"sc":5,"lpe":95.55,"lpr":4425.21,"lq":1.0,"d":10648221},{"pi":"335175","pc":"Продукты питания","ss":50000,"td":"Спальный район","dc":1,"n":287.85,"vc":"40373","sl":"Элитный","sv":"3000","p":2500.0,"q":14.99,"b":0.0,"ms":0.48,"wi":51.68,"ei":9.19,"as":1176.8,"mi":"E","mv":626503,"sc":5,"lpe":95.55,"lpr":4425.21,"lq":1.0,"d":10648221},{"pi":"335175","pc":"Продукты питания","ss":16200,"td":"Фешенебельный район","dc":7,"n":383.36,"vc":"8253","sl":"Очень высокий","sv":"2500","p":1200.0,"q":19.88,"b":1.4,"ms":0.4,"wi":51.68,"ei":9.19,"as":1176.8,"mi":"E","mv":626503,"sc":5,"lpe":95.55,"lpr":4425.21,"lq":1.0,"d":10648221},{"pi":"335175","pc":"Продукты питания","ss":300000,"td":"Фешенебельный район","dc":4,"n":294.71,"vc":"30008","sl":"Элитный","sv":"24","p":2600.0,"q":1.0,"b":0.0,"ms":0.0,"wi":51.68,"ei":9.19,"as":1176.8,"mi":"E","mv":626503,"sc":5,"lpe":95.55,"lpr":4425.21,"lq":1.0,"d":10648221},{"pi":"335175","pc":"Продукты питания","ss":10000,"td":"Центр города","dc":1,"n":347.28,"vc":"16319","sl":"Элитный","sv":"6100","p":4200.0,"q":27.59,"b":0.0,"ms":4.37,"wi":27.38,"ei":6.29,"as":385.9,"mi":"E","mv":139520,"sc":3,"lpe":92.1,"lpr":1280.52,"lq":1.0,"d":1869976},{"pi":"335175","pc":"Продукты питания","ss":10000,"td":"Центр города","dc":1,"n":408.04,"vc":"38366","sl":"Очень высокий","sv":"2941","p":3000.0,"q":6.53,"b":0.0,"ms":2.11,"wi":27.38,"ei":6.29,"as":385.9,"mi":"E","mv":139520,"sc":3,"lpe":92.1,"lpr":1280.52,"lq":1.0,"d":1869976},{"pi":"335175","pc":"Продукты питания","ss":10000,"td":"Центр города","dc":3,"n":172.51,"vc":"4481","sl":"Низкий","sv":"1981","p":1100.0,"q":14.28,"b":0.0,"ms":1.42,"wi":27.38,"ei":6.29,"as":385.9,"mi":"E","mv":139520,"sc":3,"lpe":92.1,"lpr":1280.52,"lq":1.0,"d":1869976},{"pi":"335175","pc":"Продукты питания","ss":300000,"td":"Фешенебельный район","dc":1,"n":671.76,"vc":"1093584","sl":"Элитный","sv":"14280","p":3968.0,"q":17.88,"b":0.0,"ms":8.82,"wi":59.33,"ei":9.62,"as":1210.0,"mi":"E","mv":161816,"sc":3,"lpe":83.31,"lpr":1390.94,"lq":3.38,"d":2753006},{"pi":"335175","pc":"Продукты питания","ss":100000,"td":"Спальный район","dc":2,"n":488.02,"vc":"274452","sl":"Очень высокий","sv":"12619","p":3365.0,"q":19.82,"b":1.7636373722165,"ms":7.8,"wi":59.33,"ei":9.62,"as":1210.0,"mi":"E","mv":161816,"sc":3,"lpe":83.31,"lpr":1390.94,"lq":3.38,"d":2753006},{"pi":"335175","pc":"Продукты питания","ss":300000,"td":"Фешенебельный район","dc":1,"n":426.68,"vc":"69165","sl":"Элитный","sv":"110","p":4500.0,"q":15.04,"b":2.33,"ms":0.07,"wi":59.33,"ei":9.62,"as":1210.0,"mi":"E","mv":161816,"sc":3,"lpe":83.31,"lpr":1390.94,"lq":3.38,"d":2753006},{"pi":"335175","pc":"Продукты питания","ss":300000,"td":"Фешенебельный район","dc":1,"n":661.45,"vc":"1117878","sl":"Элитный","sv":"63569","p":3557.0,"q":35.68,"b":2.57,"ms":6.49,"wi":33.04,"ei":6.88,"as":461.89,"mi":"E","mv":979160,"sc":2,"lpe":93.5,"lpr":751.08,"lq":1.0,"d":12391712},{"pi":"335175","pc":"Продукты питания","ss":100000,"td":"Центр города","dc":1,"n":509.92,"vc":"764775","sl":"Очень высокий","sv":"102","p":4000.0,"q":23.1,"b":2.65,"ms":0.01,"wi":33.04,"ei":6.88,"as":461.89,"mi":"E","mv":979160,"sc":2,"lpe":93.5,"lpr":751.08,"lq":1.0,"d":12391712},{"pi":"335175","pc":"Продукты питания","ss":10000,"td":"Спальный район","dc":1,"n":323.51,"vc":"3650","sl":"Элитный","sv":"421","p":1100.0,"q":25.69,"b":0.0,"ms":27.55,"wi":5.97,"ei":5.0,"as":178.68,"mi":"E","mv":1528,"sc":1,"lpe":72.45,"lpr":354.14,"lq":1.23,"d":269845},{"pi":"335175","pc":"Продукты питания","ss":100000,"td":"Центр города","dc":1,"n":437.4,"vc":"253815","sl":"Элитный","sv":"4668","p":3500.0,"q":22.75,"b":0.0,"ms":5.29,"wi":28.16,"ei":6.67,"as":312.56,"mi":"E","mv":88182,"sc":1,"lpe":94.71,"lpr":1664.02,"lq":1.0,"d":1220860},{"pi":"335175","pc":"Продукты питания","ss":100000,"td":"Фешенебельный район","dc":2,"n":587.83,"vc":"70585","sl":"Элитный","sv":"640","p":9972.0,"q":19.82,"b":1.7633125,"ms":5.81,"wi":57.88,"ei":9.1,"as":1045.0,"mi":"E","mv":11020,"sc":2,"lpe":94.01,"lpr":3249.68,"lq":1.0,"d":363817},{"pi":"335175","pc":"Продукты питания","ss":10000,"td":"Центр города","dc":1,"n":364.95,"vc":"10486","sl":"Элитный","sv":"20","p":5000.0,"q":6.04,"b":0.0,"ms":0.18,"wi":57.88,"ei":9.1,"as":1045.0,"mi":"E","mv":11020,"sc":2,"lpe":94.01,"lpr":3249.68,"lq":1.0,"d":363817},{"pi":"335175","pc":"Продукты питания","ss":10000,"td":"Фешенебельный район","dc":1,"n":645.77,"vc":"20309","sl":"Элитный","sv":"3459","p":2424.0,"q":19.83,"b":2.83932928592079,"ms":8.58,"wi":18.89,"ei":6.47,"as":194.33,"mi":"E","mv":40299,"sc":3,"lpe":87.64,"lpr":643.46,"lq":1.32,"d":1439148},{"pi":"335175","pc":"Продукты питания","ss":150000,"td":"Центр города","dc":1,"n":448.27,"vc":"424714","sl":"Элитный","sv":"1450","p":2600.0,"q":23.76,"b":0.0,"ms":3.6,"wi":18.89,"ei":6.47,"as":194.33,"mi":"E","mv":40299,"sc":3,"lpe":87.64,"lpr":643.46,"lq":1.32,"d":1439148},{"pi":"335175","pc":"Продукты питания","ss":25000,"td":"Центр города","dc":2,"n":376.35,"vc":"35240","sl":"Очень высокий","sv":"71","p":2300.0,"q":25.69,"b":0.0,"ms":0.18,"wi":18.89,"ei":6.47,"as":194.33,"mi":"E","mv":40299,"sc":3,"lpe":87.64,"lpr":643.46,"lq":1.32,"d":1439148},{"pi":"335175","pc":"Продукты питания","ss":500,"td":"Центр города","dc":3,"n":289.94,"vc":"2168","sl":"Низкий","sv":"5","p":2200.0,"q":6.05,"b":0.0,"ms":0.05,"wi":5.97,"ei":8.89,"as":56.93,"mi":"E","mv":9182,"sc":1,"lpe":99.95,"lpr":1149.61,"lq":1.0,"d":3067721},{"pi":"335175","pc":"Продукты питания","ss":100000,"td":"Центр города","dc":1,"n":461.97,"vc":"226234","sl":"Элитный","sv":"100","p":3050.0,"q":28.26,"b":0.0,"ms":0.38,"wi":17.99,"ei":4.91,"as":74.11,"mi":"E","mv":26555,"sc":1,"lpe":99.62,"lpr":620.04,"lq":1.0,"d":611518},{"pi":"335175","pc":"Продукты питания","ss":100000,"td":"Центр города","dc":1,"n":426.85,"vc":"129293","sl":"Элитный","sv":"1119","p":3000.0,"q":28.4,"b":0.0,"ms":2.51,"wi":14.34,"ei":3.6,"as":108.57,"mi":"E","mv":44513,"sc":1,"lpe":97.49,"lpr":642.69,"lq":1.0,"d":852188},{"pi":"335175","pc":"Продукты питания","ss":10000,"td":"Центр города","dc":1,"n":390.75,"vc":"11334","sl":"Элитный","sv":"1000","p":2000.0,"q":14.99,"b":0.0,"ms":6.09,"wi":20.33,"ei":6.79,"as":398.91,"mi":"E","mv":16411,"sc":1,"lpe":93.91,"lpr":1053.53,"lq":1.0,"d":318606},{"pi":"335175","pc":"Продукты питания","ss":100000,"td":"Фешенебельный район","dc":1,"n":412.81,"vc":"34047","sl":"Элитный","sv":"2500","p":4000.0,"q":23.05,"b":0.0,"ms":3.26,"wi":26.47,"ei":11.46,"as":520.77,"mi":"E","mv":76661,"sc":1,"lpe":96.74,"lpr":1937.18,"lq":1.0,"d":1743484},{"pi":"335175","pc":"Продукты питания","ss":11100,"td":"Фешенебельный район","dc":3,"n":246.76,"vc":"1194","sl":"Элитный","sv":"58","p":1499.0,"q":5.64,"b":0.0627586206896552,"ms":0.75,"wi":7.01,"ei":3.65,"as":49.25,"mi":"E","mv":7702,"sc":1,"lpe":99.25,"lpr":646.96,"lq":1.0,"d":860319},{"pi":"335175","pc":"Продукты питания","ss":100000,"td":"Центр города","dc":2,"n":544.3,"vc":"673270","sl":"Нормальный","sv":"50000","p":1100.0,"q":29.95,"b":2.95,"ms":20.08,"wi":30.38,"ei":5.96,"as":358.17,"mi":"E","mv":249065,"sc":1,"lpe":79.92,"lpr":1159.27,"lq":3.0,"d":3347758},{"pi":"335175","pc":"Продукты питания","ss":300000,"td":"Фешенебельный район","dc":1,"n":672.47,"vc":"1325710","sl":"Элитный","sv":"1082750","p":12000.0,"q":18.58,"b":0.0,"ms":94.37,"wi":53.02,"ei":6.8,"as":488.79,"mi":"D","mv":1147395,"sc":3,"lpe":0.0,"lpr":3311.75,"lq":2.08,"d":14905102},{"pi":"335175","pc":"Продукты питания","ss":10000,"td":"Фешенебельный район","dc":1,"n":274.66,"vc":"2958","sl":"Элитный","sv":"20527","p":4110.0,"q":9.99,"b":3.27671067374677,"ms":1.79,"wi":53.02,"ei":6.8,"as":488.79,"mi":"D","mv":1147395,"sc":3,"lpe":0.0,"lpr":3311.75,"lq":2.08,"d":14905102},{"pi":"335175","pc":"Продукты питания","ss":300000,"td":"Центр города","dc":2,"n":496.44,"vc":"1628182","sl":"Высокий","sv":"15000","p":6000.0,"q":29.95,"b":2.95,"ms":1.31,"wi":53.02,"ei":6.8,"as":488.79,"mi":"D","mv":1147395,"sc":3,"lpe":0.0,"lpr":3311.75,"lq":2.08,"d":14905102},{"pi":"335175","pc":"Продукты питания","ss":100000,"td":"Фешенебельный район","dc":1,"n":627.41,"vc":"187132","sl":"Элитный","sv":"11557","p":3375.0,"q":25.34,"b":0.0,"ms":7.36,"wi":35.76,"ei":7.33,"as":277.72,"mi":"E","mv":156947,"sc":2,"lpe":89.45,"lpr":690.8,"lq":1.79,"d":1988574},{"pi":"335175","pc":"Продукты питания","ss":100000,"td":"Центр города","dc":2,"n":433.99,"vc":"194241","sl":"Элитный","sv":"5000","p":1500.0,"q":29.95,"b":0.0,"ms":3.19,"wi":35.76,"ei":7.33,"as":277.72,"mi":"E","mv":156947,"sc":2,"lpe":89.45,"lpr":690.8,"lq":1.79,"d":1988574},{"pi":"335175","pc":"Продукты питания","ss":21000,"td":"Центр города","dc":1,"n":692.58,"vc":"61131","sl":"Элитный","sv":"1048","p":3000.0,"q":4.46,"b":0.0,"ms":100.0,"wi":44.73,"ei":8.87,"as":310.22,"mi":"AAA","mv":1048,"sc":1,"lpe":0.0,"lpr":1884.95,"lq":2.4,"d":1195681},{"pi":"335175","pc":"Продукты питания","ss":1000,"td":"Центр города","dc":1,"n":145.53,"vc":"1086","sl":"Очень высокий","sv":"10","p":2300.0,"q":6.05,"b":0.0,"ms":0.02,"wi":24.05,"ei":3.52,"as":299.04,"mi":"E","mv":46952,"sc":1,"lpe":99.98,"lpr":1444.33,"lq":1.0,"d":843735},{"pi":"335175","pc":"Продукты питания","ss":100000,"td":"Фешенебельный район","dc":1,"n":592.18,"vc":"134148","sl":"Элитный","sv":"15439","p":3556.0,"q":20.16,"b":3.81,"ms":9.67,"wi":30.34,"ei":5.44,"as":331.01,"mi":"E","mv":159608,"sc":1,"lpe":90.33,"lpr":747.18,"lq":1.0,"d":2022290},{"pi":"335175","pc":"Продукты питания","ss":110000,"td":"Центр города","dc":1,"n":330.89,"vc":"56482","sl":"Элитный","sv":"2000","p":3200.0,"q":28.26,"b":0.0,"ms":8.18,"wi":42.51,"ei":10.41,"as":1149.11,"mi":"E","mv":24461,"sc":1,"lpe":91.82,"lpr":1136.35,"lq":1.0,"d":811736},{"pi":"335175","pc":"Продукты питания","ss":1000,"td":"Центр города","dc":1,"n":295.08,"vc":"1730","sl":"Очень высокий","sv":"719","p":3501.0,"q":27.26,"b":0.0,"ms":7.43,"wi":41.09,"ei":6.66,"as":556.5,"mi":"E","mv":9683,"sc":1,"lpe":92.57,"lpr":1400.95,"lq":1.0,"d":157411},{"pi":"335175","pc":"Продукты питания","ss":100000,"td":"Центр города","dc":3,"n":537.38,"vc":"476954","sl":"Нормальный","sv":"17000","p":1100.0,"q":29.95,"b":2.95,"ms":14.98,"wi":26.84,"ei":6.38,"as":236.14,"mi":"E","mv":113471,"sc":1,"lpe":85.02,"lpr":914.51,"lq":2.51,"d":1512204},{"pi":"335175","pc":"Продукты питания","ss":1000,"td":"Спальный район","dc":2,"n":531.64,"vc":"6327","sl":"Очень низкий","sv":"1127","p":2400.0,"q":19.9,"b":0.0,"ms":5.4,"wi":36.79,"ei":5.82,"as":480.0,"mi":"E","mv":20852,"sc":3,"lpe":91.49,"lpr":1277.52,"lq":1.0,"d":322196},{"pi":"335175","pc":"Продукты питания","ss":1000,"td":"Центр города","dc":2,"n":376.42,"vc":"3516","sl":"Нормальный","sv":"645","p":2700.0,"q":28.31,"b":0.0,"ms":3.09,"wi":36.79,"ei":5.82,"as":480.0,"mi":"E","mv":20852,"sc":3,"lpe":91.49,"lpr":1277.52,"lq":1.0,"d":322196},{"pi":"335175","pc":"Продукты питания","ss":1000,"td":"Центр города","dc":1,"n":238.86,"vc":"1079","sl":"Элитный","sv":"2","p":3500.0,"q":5.99,"b":0.0,"ms":0.01,"wi":36.79,"ei":5.82,"as":480.0,"mi":"E","mv":20852,"sc":3,"lpe":91.49,"lpr":1277.52,"lq":1.0,"d":322196},{"pi":"335175","pc":"Продукты питания","ss":1000,"td":"Центр города","dc":1,"n":158.24,"vc":"1236","sl":"Элитный","sv":"1973","p":3936.0,"q":28.39,"b":0.0,"ms":5.5,"wi":47.6,"ei":6.53,"as":535.5,"mi":"E","mv":35876,"sc":4,"lpe":92.81,"lpr":1851.61,"lq":3.77,"d":545501},{"pi":"335175","pc":"Продукты питания","ss":1000,"td":"Центр города","dc":1,"n":293.74,"vc":"2652","sl":"Очень высокий","sv":"300","p":3000.0,"q":28.26,"b":0.0,"ms":0.84,"wi":47.6,"ei":6.53,"as":535.5,"mi":"E","mv":35876,"sc":4,"lpe":92.81,"lpr":1851.61,"lq":3.77,"d":545501},{"pi":"335175","pc":"Продукты питания","ss":1000,"td":"Центр города","dc":1,"n":37.64,"vc":"417","sl":"Элитный","sv":"163","p":4750.0,"q":28.42,"b":0.0,"ms":0.45,"wi":47.6,"ei":6.53,"as":535.5,"mi":"E","mv":35876,"sc":4,"lpe":92.81,"lpr":1851.61,"lq":3.77,"d":545501},{"pi":"335175","pc":"Продукты питания","ss":1000,"td":"Центр города","dc":2,"n":472.3,"vc":"7258","sl":"Низкий","sv":"143","p":2800.0,"q":6.04,"b":0.0,"ms":0.4,"wi":47.6,"ei":6.53,"as":535.5,"mi":"E","mv":35876,"sc":4,"lpe":92.81,"lpr":1851.61,"lq":3.77,"d":545501},{"pi":"335175","pc":"Продукты питания","ss":300000,"td":"Фешенебельный район","dc":2,"n":686.85,"vc":"721545","sl":"Элитный","sv":"5600","p":3000.0,"q":23.91,"b":0.0,"ms":25.83,"wi":66.9,"ei":9.5,"as":1140.0,"mi":"E","mv":21681,"sc":3,"lpe":69.48,"lpr":1001.44,"lq":2.92,"d":554576},{"pi":"335175","pc":"Продукты питания","ss":50000,"td":"Центр города","dc":1,"n":477.21,"vc":"154448","sl":"Элитный","sv":"831","p":2900.0,"q":18.58,"b":0.0,"ms":3.83,"wi":66.9,"ei":9.5,"as":1140.0,"mi":"E","mv":21681,"sc":3,"lpe":69.48,"lpr":1001.44,"lq":2.92,"d":554576},{"pi":"335175","pc":"Продукты питания","ss":100000,"td":"Фешенебельный район","dc":2,"n":627.49,"vc":"119781","sl":"Элитный","sv":"185","p":3433.0,"q":19.87,"b":2.61686486486486,"ms":0.85,"wi":66.9,"ei":9.5,"as":1140.0,"mi":"E","mv":21681,"sc":3,"lpe":69.48,"lpr":1001.44,"lq":2.92,"d":554576},{"pi":"335175","pc":"Продукты питания","ss":40000,"td":"Центр города","dc":1,"n":460.62,"vc":"85979","sl":"Элитный","sv":"18856","p":2000.0,"q":14.9,"b":0.0,"ms":32.05,"wi":34.16,"ei":8.58,"as":408.98,"mi":"E","mv":58836,"sc":1,"lpe":67.95,"lpr":1060.46,"lq":2.27,"d":914800},{"pi":"335175","pc":"Продукты питания","ss":100000,"td":"Фешенебельный район","dc":2,"n":601.97,"vc":"108643","sl":"Элитный","sv":"3874","p":4551.0,"q":19.84,"b":2.6297883324729,"ms":9.57,"wi":75.65,"ei":9.62,"as":1187.5,"mi":"E","mv":40489,"sc":2,"lpe":90.43,"lpr":1625.64,"lq":2.16,"d":845966},{"pi":"335175","pc":"Продукты питания","ss":300,"td":"Центр города","dc":8,"n":0.06,"vc":"229","sl":"Низкий","sv":"2","p":1910.5,"q":5.99,"b":0.0,"ms":0.0,"wi":75.65,"ei":9.62,"as":1187.5,"mi":"E","mv":40489,"sc":2,"lpe":90.43,"lpr":1625.64,"lq":2.16,"d":845966},{"pi":"335175","pc":"Продукты питания","ss":100000,"td":"Фешенебельный район","dc":2,"n":586.17,"vc":"108655","sl":"Элитный","sv":"8410","p":2475.0,"q":19.82,"b":2.63912485136742,"ms":10.38,"wi":57.59,"ei":9.91,"as":1400.0,"mi":"E","mv":81003,"sc":2,"lpe":81.26,"lpr":951.5,"lq":4.23,"d":1306224},{"pi":"335175","pc":"Продукты питания","ss":300000,"td":"Фешенебельный район","dc":1,"n":687.94,"vc":"656093","sl":"Элитный","sv":"6766","p":2733.0,"q":18.36,"b":0.0,"ms":8.35,"wi":57.59,"ei":9.91,"as":1400.0,"mi":"E","mv":81003,"sc":2,"lpe":81.26,"lpr":951.5,"lq":4.23,"d":1306224},{"pi":"335175","pc":"Продукты питания","ss":200000,"td":"Фешенебельный район","dc":1,"n":511.0,"vc":"53048","sl":"Элитный","sv":"1833","p":2700.0,"q":27.62,"b":0.0,"ms":12.67,"wi":23.93,"ei":7.04,"as":583.35,"mi":"E","mv":14468,"sc":1,"lpe":87.33,"lpr":551.21,"lq":1.52,"d":362147},{"pi":"335175","pc":"Продукты питания","ss":2500,"td":"Центр города","dc":8,"n":143.11,"vc":"825","sl":"Очень высокий","sv":"4","p":2680.0,"q":6.05,"b":0.0,"ms":0.03,"wi":19.62,"ei":7.02,"as":516.11,"mi":"E","mv":14994,"sc":1,"lpe":99.97,"lpr":1031.15,"lq":1.0,"d":420690},{"pi":"335175","pc":"Продукты питания","ss":100000,"td":"Центр города","dc":2,"n":273.25,"vc":"37051","sl":"Элитный","sv":"12985","p":135.0,"q":12.46,"b":0.97,"ms":26.57,"wi":7.25,"ei":3.3,"as":106.56,"mi":"E","mv":48871,"sc":1,"lpe":73.43,"lpr":119.93,"lq":1.0,"d":1447342},{"pi":"335175","pc":"Продукты питания","ss":1000,"td":"Центр города","dc":1,"n":363.62,"vc":"2300","sl":"Очень высокий","sv":"375","p":2500.0,"q":6.04,"b":0.0,"ms":8.42,"wi":32.38,"ei":6.45,"as":502.74,"mi":"E","mv":4453,"sc":2,"lpe":90.77,"lpr":2131.04,"lq":1.0,"d":117760},{"pi":"335175","pc":"Продукты питания","ss":400,"td":"Окраина","dc":2,"n":228.39,"vc":"374","sl":"Низкий","sv":"36","p":2053.29,"q":3.53,"b":0.0,"ms":0.81,"wi":32.38,"ei":6.45,"as":502.74,"mi":"E","mv":4453,"sc":2,"lpe":90.77,"lpr":2131.04,"lq":1.0,"d":117760},{"pi":"335175","pc":"Продукты питания","ss":1000,"td":"Центр города","dc":3,"n":314.2,"vc":"1842","sl":"Нормальный","sv":"326","p":2999.0,"q":5.87,"b":0.0,"ms":3.76,"wi":39.51,"ei":5.45,"as":500.0,"mi":"E","mv":8672,"sc":1,"lpe":96.24,"lpr":2339.12,"lq":1.0,"d":138536},{"pi":"335175","pc":"Продукты питания","ss":1000,"td":"Центр города","dc":1,"n":262.67,"vc":"1316","sl":"Элитный","sv":"326","p":3824.0,"q":28.4,"b":0.0,"ms":6.69,"wi":27.75,"ei":5.63,"as":423.34,"mi":"E","mv":4874,"sc":2,"lpe":92.57,"lpr":1514.06,"lq":1.0,"d":121500},{"pi":"335175","pc":"Продукты питания","ss":500,"td":"Центр города","dc":1,"n":58.64,"vc":"201","sl":"Элитный","sv":"36","p":2699.22,"q":6.05,"b":0.0,"ms":0.74,"wi":27.75,"ei":5.63,"as":423.34,"mi":"E","mv":4874,"sc":2,"lpe":92.57,"lpr":1514.06,"lq":1.0,"d":121500},{"pi":"335175","pc":"Продукты питания","ss":1000,"td":"Центр города","dc":1,"n":247.36,"vc":"1287","sl":"Элитный","sv":"348","p":3934.0,"q":28.39,"b":0.0,"ms":5.99,"wi":31.73,"ei":6.43,"as":492.27,"mi":"E","mv":5805,"sc":3,"lpe":91.39,"lpr":1582.26,"lq":1.15,"d":145874},{"pi":"335175","pc":"Продукты питания","ss":1000,"td":"Центр города","dc":1,"n":343.92,"vc":"2218","sl":"Очень высокий","sv":"150","p":3500.0,"q":28.26,"b":0.0,"ms":2.58,"wi":31.73,"ei":6.43,"as":492.27,"mi":"E","mv":5805,"sc":3,"lpe":91.39,"lpr":1582.26,"lq":1.15,"d":145874},{"pi":"335175","pc":"Продукты питания","ss":1000,"td":"Центр города","dc":2,"n":208.0,"vc":"687","sl":"Элитный","sv":"2","p":5250.0,"q":28.24,"b":0.0,"ms":0.03,"wi":31.73,"ei":6.43,"as":492.27,"mi":"E","mv":5805,"sc":3,"lpe":91.39,"lpr":1582.26,"lq":1.15,"d":145874},{"pi":"335175","pc":"Продукты питания","ss":1000,"td":"Центр города","dc":1,"n":597.87,"vc":"9066","sl":"Низкий","sv":"475","p":2019.0,"q":5.78,"b":0.0,"ms":5.19,"wi":37.73,"ei":5.54,"as":480.0,"mi":"E","mv":9161,"sc":2,"lpe":90.72,"lpr":1487.97,"lq":1.0,"d":136206},{"pi":"335175","pc":"Продукты питания","ss":1000,"td":"Центр города","dc":1,"n":429.38,"vc":"3507","sl":"Высокий","sv":"375","p":2050.0,"q":6.04,"b":0.0,"ms":4.09,"wi":37.73,"ei":5.54,"as":480.0,"mi":"E","mv":9161,"sc":2,"lpe":90.72,"lpr":1487.97,"lq":1.0,"d":136206},{"pi":"335175","pc":"Продукты питания","ss":130000,"td":"Центр города","dc":5,"n":447.84,"vc":"319842","sl":"Низкий","sv":"650","p":2200.0,"q":4.84,"b":0.0,"ms":1.01,"wi":52.27,"ei":6.17,"as":538.8,"mi":"E","mv":64171,"sc":1,"lpe":98.99,"lpr":2131.6,"lq":1.0,"d":927421},{"pi":"335175","pc":"Продукты питания","ss":1000,"td":"Центр города","dc":1,"n":327.73,"vc":"1767","sl":"Очень высокий","sv":"277","p":3640.0,"q":28.4,"b":0.0,"ms":6.77,"wi":31.15,"ei":5.71,"as":458.85,"mi":"E","mv":4092,"sc":2,"lpe":92.01,"lpr":1359.49,"lq":1.3,"d":98800},{"pi":"335175","pc":"Продукты питания","ss":1000,"td":"Центр города","dc":1,"n":365.41,"vc":"1457","sl":"Элитный","sv":"50","p":2500.0,"q":6.04,"b":0.0,"ms":1.22,"wi":31.15,"ei":5.71,"as":458.85,"mi":"E","mv":4092,"sc":2,"lpe":92.01,"lpr":1359.49,"lq":1.3,"d":98800},{"pi":"335175","pc":"Продукты питания","ss":300000,"td":"Фешенебельный район","dc":1,"n":672.38,"vc":"1012713","sl":"Элитный","sv":"67244","p":3319.0,"q":35.34,"b":2.99,"ms":16.22,"wi":27.63,"ei":5.96,"as":119.21,"mi":"E","mv":414510,"sc":1,"lpe":83.78,"lpr":630.32,"lq":1.02,"d":6921520},{"pi":"335175","pc":"Продукты питания","ss":1000,"td":"Центр города","dc":2,"n":348.11,"vc":"2014","sl":"Высокий","sv":"125","p":2200.0,"q":6.04,"b":0.0,"ms":3.1,"wi":27.7,"ei":5.76,"as":435.91,"mi":"E","mv":4032,"sc":2,"lpe":96.73,"lpr":1671.6,"lq":1.0,"d":103516},{"pi":"335175","pc":"Продукты питания","ss":900,"td":"Центр города","dc":2,"n":133.85,"vc":"381","sl":"Элитный","sv":"7","p":1625.99,"q":4.02,"b":0.0,"ms":0.17,"wi":27.7,"ei":5.76,"as":435.91,"mi":"E","mv":4032,"sc":2,"lpe":96.73,"lpr":1671.6,"lq":1.0,"d":103516},{"pi":"335175","pc":"Продукты питания","ss":100000,"td":"Центр города","dc":4,"n":296.26,"vc":"85185","sl":"Очень высокий","sv":"1000","p":360.0,"q":16.28,"b":0.0,"ms":0.21,"wi":14.21,"ei":4.63,"as":63.92,"mi":"E","mv":486980,"sc":1,"lpe":99.79,"lpr":643.73,"lq":1.0,"d":9330769},{"pi":"335175","pc":"Продукты питания","ss":20000,"td":"Центр города","dc":1,"n":473.8,"vc":"49152","sl":"Элитный","sv":"3000","p":5000.0,"q":14.99,"b":0.0,"ms":7.35,"wi":41.6,"ei":7.73,"as":661.87,"mi":"E","mv":40806,"sc":2,"lpe":91.73,"lpr":2555.0,"lq":1.0,"d":633388},{"pi":"335175","pc":"Продукты питания","ss":100000,"td":"Центр города","dc":2,"n":477.18,"vc":"295726","sl":"Нормальный","sv":"375","p":2800.0,"q":6.04,"b":0.0,"ms":0.92,"wi":41.6,"ei":7.73,"as":661.87,"mi":"E","mv":40806,"sc":2,"lpe":91.73,"lpr":2555.0,"lq":1.0,"d":633388}]