[{"pi":"423812","pc":"Бакалея","ss":500,"td":"Фешенебельный район","dc":4,"n":543.54,"vc":"более 200","sl":"Низкий","sv":"менее 50","p":777.0,"q":13.0,"b":2.54,"wi":15.43,"ei":5.4,"as":335.0,"mi":"E","mv":155647,"sc":20,"lpe":94.54,"lpr":265.45,"lq":1.07},{"pi":"423812","pc":"Бакалея","ss":500,"td":"Пригород","dc":2,"n":551.12,"vc":"около 500","sl":"Нормальный","sv":"около 50","p":540.0,"q":13.0,"b":2.54,"wi":15.43,"ei":5.4,"as":335.0,"mi":"E","mv":155647,"sc":20,"lpe":94.54,"lpr":265.45,"lq":1.07},{"pi":"423812","pc":"Бакалея","ss":500,"td":"Пригород","dc":2,"n":551.12,"vc":"около 500","sl":"Нормальный","sv":"около 50","p":540.0,"q":13.0,"b":2.54,"wi":15.43,"ei":5.4,"as":335.0,"mi":"E","mv":155647,"sc":20,"lpe":94.54,"lpr":265.45,"lq":1.07},{"pi":"423812","pc":"Бакалея","ss":500,"td":"Пригород","dc":2,"n":551.12,"vc":"около 500","sl":"Нормальный","sv":"около 50","p":540.0,"q":13.0,"b":2.54,"wi":15.43,"ei":5.4,"as":335.0,"mi":"E","mv":155647,"sc":20,"lpe":94.54,"lpr":265.45,"lq":1.07},{"pi":"423812","pc":"Бакалея","ss":500,"td":"Фешенебельный район","dc":4,"n":543.54,"vc":"более 200","sl":"Низкий","sv":"менее 50","p":777.0,"q":13.0,"b":2.54,"wi":15.43,"ei":5.4,"as":335.0,"mi":"E","mv":155647,"sc":20,"lpe":94.54,"lpr":265.45,"lq":1.07},{"pi":"423812","pc":"Бакалея","ss":500,"td":"Центр города","dc":3,"n":319.8,"vc":"около 500","sl":"Низкий","sv":"более 200","p":460.0,"q":13.0,"b":2.54,"wi":15.43,"ei":5.4,"as":335.0,"mi":"E","mv":155647,"sc":20,"lpe":94.54,"lpr":265.45,"lq":1.07},{"pi":"423812","pc":"Бакалея","ss":500,"td":"Фешенебельный район","dc":6,"n":0.0,"vc":"менее 50","sl":"Элитный","sv":"менее 50","p":200.0,"q":13.0,"b":2.54,"wi":15.43,"ei":5.4,"as":335.0,"mi":"E","mv":155647,"sc":20,"lpe":94.54,"lpr":265.45,"lq":1.07},{"pi":"423812","pc":"Бакалея","ss":500,"td":"Фешенебельный район","dc":6,"n":0.0,"vc":"менее 50","sl":"Элитный","sv":"менее 50","p":200.0,"q":13.0,"b":2.54,"wi":15.43,"ei":5.4,"as":335.0,"mi":"E","mv":155647,"sc":20,"lpe":94.54,"lpr":265.45,"lq":1.07},{"pi":"423812","pc":"Бакалея","ss":500,"td":"Центр города","dc":2,"n":422.18,"vc":"около 1 000","sl":"Нормальный","sv":"около 5 000","p":399.99,"q":13.0,"b":2.54,"wi":15.43,"ei":5.4,"as":335.0,"mi":"E","mv":155647,"sc":20,"lpe":94.54,"lpr":265.45,"lq":1.07},{"pi":"423812","pc":"Бакалея","ss":500,"td":"Фешенебельный район","dc":2,"n":512.89,"vc":"более 200","sl":"Очень высокий","sv":"более 1 000","p":500.0,"q":13.0,"b":2.54,"wi":15.43,"ei":5.4,"as":335.0,"mi":"E","mv":155647,"sc":20,"lpe":94.54,"lpr":265.45,"lq":1.07},{"pi":"423812","pc":"Бакалея","ss":500,"td":"Пригород","dc":3,"n":634.58,"vc":"более 1 000","sl":"Низкий","sv":"около 1 000","p":470.0,"q":13.0,"b":2.54,"wi":15.43,"ei":5.4,"as":335.0,"mi":"E","mv":155647,"sc":20,"lpe":94.54,"lpr":265.45,"lq":1.07},{"pi":"423812","pc":"Бакалея","ss":500,"td":"Фешенебельный район","dc":3,"n":40.7,"vc":"менее 50","sl":"Элитный","sv":"около 500","p":378.0,"q":13.0,"b":2.54,"wi":15.43,"ei":5.4,"as":335.0,"mi":"E","mv":155647,"sc":20,"lpe":94.54,"lpr":265.45,"lq":1.07},{"pi":"423812","pc":"Бакалея","ss":500,"td":"Фешенебельный район","dc":3,"n":56.37,"vc":"менее 50","sl":"Элитный","sv":"около 500","p":500.0,"q":13.0,"b":2.54,"wi":15.43,"ei":5.4,"as":335.0,"mi":"E","mv":155647,"sc":20,"lpe":94.54,"lpr":265.45,"lq":1.07},{"pi":"423812","pc":"Бакалея","ss":500,"td":"Фешенебельный район","dc":3,"n":344.9,"vc":"около 100","sl":"Высокий","sv":"около 500","p":325.0,"q":13.0,"b":2.54,"wi":15.43,"ei":5.4,"as":335.0,"mi":"E","mv":155647,"sc":20,"lpe":94.54,"lpr":265.45,"lq":1.07},{"pi":"423812","pc":"Бакалея","ss":500,"td":"Фешенебельный район","dc":3,"n":535.76,"vc":"более 200","sl":"Высокий","sv":"около 500","p":350.0,"q":13.0,"b":2.54,"wi":15.43,"ei":5.4,"as":335.0,"mi":"E","mv":155647,"sc":20,"lpe":94.54,"lpr":265.45,"lq":1.07},{"pi":"423812","pc":"Бакалея","ss":500,"td":"Центр города","dc":3,"n":319.8,"vc":"около 500","sl":"Низкий","sv":"более 200","p":460.0,"q":13.0,"b":2.54,"wi":15.43,"ei":5.4,"as":335.0,"mi":"E","mv":155647,"sc":20,"lpe":94.54,"lpr":265.45,"lq":1.07},{"pi":"423812","pc":"Бакалея","ss":500,"td":"Окраина","dc":3,"n":164.63,"vc":"более 100","sl":"Очень высокий","sv":"более 200","p":504.0,"q":13.0,"b":2.54,"wi":15.43,"ei":5.4,"as":335.0,"mi":"E","mv":155647,"sc":20,"lpe":94.54,"lpr":265.45,"lq":1.07},{"pi":"423812","pc":"Бакалея","ss":500,"td":"Фешенебельный район","dc":3,"n":445.48,"vc":"более 100","sl":"Элитный","sv":"более 200","p":560.0,"q":13.0,"b":2.54,"wi":15.43,"ei":5.4,"as":335.0,"mi":"E","mv":155647,"sc":20,"lpe":94.54,"lpr":265.45,"lq":1.07},{"pi":"423812","pc":"Бакалея","ss":500,"td":"Центр города","dc":3,"n":319.8,"vc":"около 500","sl":"Низкий","sv":"более 200","p":460.0,"q":13.0,"b":2.54,"wi":15.43,"ei":5.4,"as":335.0,"mi":"E","mv":155647,"sc":20,"lpe":94.54,"lpr":265.45,"lq":1.07},{"pi":"423812","pc":"Бакалея","ss":500,"td":"Фешенебельный район","dc":2,"n":512.89,"vc":"более 200","sl":"Очень высокий","sv":"более 1 000","p":500.0,"q":13.0,"b":2.54,"wi":15.43,"ei":5.4,"as":335.0,"mi":"E","mv":155647,"sc":20,"lpe":94.54,"lpr":265.45,"lq":1.07},{"pi":"423812","pc":"Бакалея","ss":500,"td":"Спальный район","dc":2,"n":200.37,"vc":"более 200","sl":"Очень высокий","sv":"более 100","p":550.0,"q":13.0,"b":2.54,"wi":15.43,"ei":5.4,"as":335.0,"mi":"E","mv":155647,"sc":20,"lpe":94.54,"lpr":265.45,"lq":1.07},{"pi":"423812","pc":"Бакалея","ss":500,"td":"Фешенебельный район","dc":3,"n":535.76,"vc":"более 200","sl":"Высокий","sv":"около 500","p":350.0,"q":13.0,"b":2.54,"wi":15.43,"ei":5.4,"as":335.0,"mi":"E","mv":155647,"sc":20,"lpe":94.54,"lpr":265.45,"lq":1.07},{"pi":"423812","pc":"Бакалея","ss":500,"td":"Фешенебельный район","dc":3,"n":344.9,"vc":"около 100","sl":"Высокий","sv":"около 500","p":325.0,"q":13.0,"b":2.54,"wi":15.43,"ei":5.4,"as":335.0,"mi":"E","mv":155647,"sc":20,"lpe":94.54,"lpr":265.45,"lq":1.07},{"pi":"423812","pc":"Бакалея","ss":500,"td":"Пригород","dc":3,"n":634.58,"vc":"более 1 000","sl":"Низкий","sv":"около 1 000","p":470.0,"q":13.0,"b":2.54,"wi":15.43,"ei":5.4,"as":335.0,"mi":"E","mv":155647,"sc":20,"lpe":94.54,"lpr":265.45,"lq":1.07},{"pi":"423812","pc":"Бакалея","ss":500,"td":"Окраина","dc":3,"n":164.63,"vc":"более 100","sl":"Очень высокий","sv":"более 200","p":504.0,"q":13.0,"b":2.54,"wi":15.43,"ei":5.4,"as":335.0,"mi":"E","mv":155647,"sc":20,"lpe":94.54,"lpr":265.45,"lq":1.07},{"pi":"423812","pc":"Бакалея","ss":500,"td":"Центр города","dc":3,"n":319.8,"vc":"около 500","sl":"Низкий","sv":"более 200","p":460.0,"q":13.0,"b":2.54,"wi":15.43,"ei":5.4,"as":335.0,"mi":"E","mv":155647,"sc":20,"lpe":94.54,"lpr":265.45,"lq":1.07},{"pi":"423812","pc":"Бакалея","ss":500,"td":"Центр города","dc":3,"n":319.8,"vc":"около 500","sl":"Низкий","sv":"более 200","p":460.0,"q":13.0,"b":2.54,"wi":15.43,"ei":5.4,"as":335.0,"mi":"E","mv":155647,"sc":20,"lpe":94.54,"lpr":265.45,"lq":1.07},{"pi":"423812","pc":"Бакалея","ss":500,"td":"Фешенебельный район","dc":2,"n":512.89,"vc":"более 200","sl":"Очень высокий","sv":"более 1 000","p":500.0,"q":13.0,"b":2.54,"wi":15.43,"ei":5.4,"as":335.0,"mi":"E","mv":155647,"sc":20,"lpe":94.54,"lpr":265.45,"lq":1.07},{"pi":"423812","pc":"Бакалея","ss":500,"td":"Центр города","dc":3,"n":319.8,"vc":"около 500","sl":"Низкий","sv":"более 200","p":460.0,"q":13.0,"b":2.54,"wi":15.43,"ei":5.4,"as":335.0,"mi":"E","mv":155647,"sc":20,"lpe":94.54,"lpr":265.45,"lq":1.07},{"pi":"423812","pc":"Бакалея","ss":500,"td":"Центр города","dc":3,"n":319.8,"vc":"около 500","sl":"Низкий","sv":"более 200","p":460.0,"q":13.0,"b":2.54,"wi":15.43,"ei":5.4,"as":335.0,"mi":"E","mv":155647,"sc":20,"lpe":94.54,"lpr":265.45,"lq":1.07},{"pi":"423812","pc":"Бакалея","ss":500,"td":"Фешенебельный район","dc":6,"n":0.0,"vc":"менее 50","sl":"Элитный","sv":"менее 50","p":200.0,"q":13.0,"b":2.54,"wi":15.43,"ei":5.4,"as":335.0,"mi":"E","mv":155647,"sc":20,"lpe":94.54,"lpr":265.45,"lq":1.07},{"pi":"423812","pc":"Бакалея","ss":500,"td":"Центр города","dc":3,"n":319.8,"vc":"около 500","sl":"Низкий","sv":"более 200","p":460.0,"q":13.0,"b":2.54,"wi":15.43,"ei":5.4,"as":335.0,"mi":"E","mv":155647,"sc":20,"lpe":94.54,"lpr":265.45,"lq":1.07},{"pi":"423812","pc":"Бакалея","ss":500,"td":"Центр города","dc":3,"n":319.8,"vc":"около 500","sl":"Низкий","sv":"более 200","p":460.0,"q":13.0,"b":2.54,"wi":15.43,"ei":5.4,"as":335.0,"mi":"E","mv":155647,"sc":20,"lpe":94.54,"lpr":265.45,"lq":1.07},{"pi":"423812","pc":"Бакалея","ss":500,"td":"Центр города","dc":3,"n":319.8,"vc":"около 500","sl":"Низкий","sv":"более 200","p":460.0,"q":13.0,"b":2.54,"wi":15.43,"ei":5.4,"as":335.0,"mi":"E","mv":155647,"sc":20,"lpe":94.54,"lpr":265.45,"lq":1.07}]