[{"pi":"423810","pc":"Одежда и обувь","ss":500,"td":"Фешенебельный район","dc":1,"n":382.95,"vc":"около 100","sl":"Элитный","sv":"более 100","p":7500.0,"q":5.0,"b":0.96,"wi":15.59,"ei":5.4,"as":335.0,"mi":"E","mv":9685,"sc":52,"lpe":56.46,"lpr":5655.33,"lq":1.28},{"pi":"423810","pc":"Одежда и обувь","ss":500,"td":"Центр города","dc":1,"n":679.78,"vc":"более 2 000","sl":"Низкий","sv":"более 100","p":10500.0,"q":5.0,"b":0.96,"wi":15.59,"ei":5.4,"as":335.0,"mi":"E","mv":9685,"sc":52,"lpe":56.46,"lpr":5655.33,"lq":1.28},{"pi":"423810","pc":"Одежда и обувь","ss":500,"td":"Фешенебельный район","dc":3,"n":372.22,"vc":"более 100","sl":"Элитный","sv":"более 100","p":7950.0,"q":5.0,"b":0.96,"wi":15.59,"ei":5.4,"as":335.0,"mi":"E","mv":9685,"sc":52,"lpe":56.46,"lpr":5655.33,"lq":1.28},{"pi":"423810","pc":"Одежда и обувь","ss":500,"td":"Спальный район","dc":3,"n":689.5,"vc":"более 2 000","sl":"Очень низкий","sv":"около 50","p":6919.01,"q":5.0,"b":0.96,"wi":15.59,"ei":5.4,"as":335.0,"mi":"E","mv":9685,"sc":52,"lpe":56.46,"lpr":5655.33,"lq":1.28},{"pi":"423810","pc":"Одежда и обувь","ss":500,"td":"Фешенебельный район","dc":3,"n":372.22,"vc":"более 100","sl":"Элитный","sv":"более 100","p":7950.0,"q":5.0,"b":0.96,"wi":15.59,"ei":5.4,"as":335.0,"mi":"E","mv":9685,"sc":52,"lpe":56.46,"lpr":5655.33,"lq":1.28},{"pi":"423810","pc":"Одежда и обувь","ss":500,"td":"Фешенебельный район","dc":1,"n":382.95,"vc":"около 100","sl":"Элитный","sv":"более 100","p":7500.0,"q":5.0,"b":0.96,"wi":15.59,"ei":5.4,"as":335.0,"mi":"E","mv":9685,"sc":52,"lpe":56.46,"lpr":5655.33,"lq":1.28},{"pi":"423810","pc":"Одежда и обувь","ss":500,"td":"Фешенебельный район","dc":3,"n":372.22,"vc":"более 100","sl":"Элитный","sv":"более 100","p":7950.0,"q":5.0,"b":0.96,"wi":15.59,"ei":5.4,"as":335.0,"mi":"E","mv":9685,"sc":52,"lpe":56.46,"lpr":5655.33,"lq":1.28},{"pi":"423810","pc":"Одежда и обувь","ss":500,"td":"Фешенебельный район","dc":2,"n":427.97,"vc":"около 100","sl":"Элитный","sv":"более 100","p":7000.0,"q":5.0,"b":0.96,"wi":15.59,"ei":5.4,"as":335.0,"mi":"E","mv":9685,"sc":52,"lpe":56.46,"lpr":5655.33,"lq":1.28},{"pi":"423810","pc":"Одежда и обувь","ss":500,"td":"Фешенебельный район","dc":3,"n":372.22,"vc":"более 100","sl":"Элитный","sv":"более 100","p":7950.0,"q":5.0,"b":0.96,"wi":15.59,"ei":5.4,"as":335.0,"mi":"E","mv":9685,"sc":52,"lpe":56.46,"lpr":5655.33,"lq":1.28},{"pi":"423810","pc":"Одежда и обувь","ss":500,"td":"Фешенебельный район","dc":3,"n":116.67,"vc":"около 50","sl":"Элитный","sv":"менее 50","p":11000.0,"q":5.0,"b":0.96,"wi":15.59,"ei":5.4,"as":335.0,"mi":"E","mv":9685,"sc":52,"lpe":56.46,"lpr":5655.33,"lq":1.28},{"pi":"423810","pc":"Одежда и обувь","ss":500,"td":"Фешенебельный район","dc":3,"n":372.22,"vc":"более 100","sl":"Элитный","sv":"более 100","p":7950.0,"q":5.0,"b":0.96,"wi":15.59,"ei":5.4,"as":335.0,"mi":"E","mv":9685,"sc":52,"lpe":56.46,"lpr":5655.33,"lq":1.28},{"pi":"423810","pc":"Одежда и обувь","ss":500,"td":"Спальный район","dc":3,"n":670.52,"vc":"более 2 000","sl":"Очень низкий","sv":"около 50","p":7000.0,"q":5.0,"b":0.96,"wi":15.59,"ei":5.4,"as":335.0,"mi":"E","mv":9685,"sc":52,"lpe":56.46,"lpr":5655.33,"lq":1.28},{"pi":"423810","pc":"Одежда и обувь","ss":500,"td":"Фешенебельный район","dc":1,"n":467.65,"vc":"более 100","sl":"Элитный","sv":"более 200","p":8000.0,"q":5.0,"b":0.96,"wi":15.59,"ei":5.4,"as":335.0,"mi":"E","mv":9685,"sc":52,"lpe":56.46,"lpr":5655.33,"lq":1.28},{"pi":"423810","pc":"Одежда и обувь","ss":500,"td":"Фешенебельный район","dc":3,"n":378.83,"vc":"более 100","sl":"Элитный","sv":"более 100","p":7000.0,"q":5.0,"b":0.96,"wi":15.59,"ei":5.4,"as":335.0,"mi":"E","mv":9685,"sc":52,"lpe":56.46,"lpr":5655.33,"lq":1.28},{"pi":"423810","pc":"Одежда и обувь","ss":500,"td":"Центр города","dc":1,"n":314.99,"vc":"около 500","sl":"Элитный","sv":"более 100","p":7125.0,"q":5.0,"b":0.96,"wi":15.59,"ei":5.4,"as":335.0,"mi":"E","mv":9685,"sc":52,"lpe":56.46,"lpr":5655.33,"lq":1.28},{"pi":"423810","pc":"Одежда и обувь","ss":500,"td":"Фешенебельный район","dc":3,"n":677.71,"vc":"около 500","sl":"Нормальный","sv":"менее 50","p":4200.0,"q":5.0,"b":0.96,"wi":15.59,"ei":5.4,"as":335.0,"mi":"E","mv":9685,"sc":52,"lpe":56.46,"lpr":5655.33,"lq":1.28},{"pi":"423810","pc":"Одежда и обувь","ss":500,"td":"Фешенебельный район","dc":3,"n":477.11,"vc":"более 100","sl":"Очень высокий","sv":"около 100","p":10000.0,"q":5.0,"b":0.96,"wi":15.59,"ei":5.4,"as":335.0,"mi":"E","mv":9685,"sc":52,"lpe":56.46,"lpr":5655.33,"lq":1.28},{"pi":"423810","pc":"Одежда и обувь","ss":500,"td":"Фешенебельный район","dc":2,"n":345.39,"vc":"около 100","sl":"Элитный","sv":"около 100","p":11000.0,"q":5.0,"b":0.96,"wi":15.59,"ei":5.4,"as":335.0,"mi":"E","mv":9685,"sc":52,"lpe":56.46,"lpr":5655.33,"lq":1.28},{"pi":"423810","pc":"Одежда и обувь","ss":500,"td":"Фешенебельный район","dc":3,"n":688.81,"vc":"около 500","sl":"Нормальный","sv":"менее 50","p":8000.0,"q":5.0,"b":0.96,"wi":15.59,"ei":5.4,"as":335.0,"mi":"E","mv":9685,"sc":52,"lpe":56.46,"lpr":5655.33,"lq":1.28},{"pi":"423810","pc":"Одежда и обувь","ss":500,"td":"Фешенебельный район","dc":3,"n":543.54,"vc":"более 100","sl":"Очень высокий","sv":"около 50","p":8000.0,"q":5.0,"b":0.96,"wi":15.59,"ei":5.4,"as":335.0,"mi":"E","mv":9685,"sc":52,"lpe":56.46,"lpr":5655.33,"lq":1.28},{"pi":"423810","pc":"Одежда и обувь","ss":500,"td":"Фешенебельный район","dc":3,"n":418.65,"vc":"более 100","sl":"Элитный","sv":"более 100","p":9000.0,"q":5.0,"b":0.96,"wi":15.59,"ei":5.4,"as":335.0,"mi":"E","mv":9685,"sc":52,"lpe":56.46,"lpr":5655.33,"lq":1.28},{"pi":"423810","pc":"Одежда и обувь","ss":500,"td":"Фешенебельный район","dc":3,"n":372.22,"vc":"более 100","sl":"Элитный","sv":"более 100","p":7950.0,"q":5.0,"b":0.96,"wi":15.59,"ei":5.4,"as":335.0,"mi":"E","mv":9685,"sc":52,"lpe":56.46,"lpr":5655.33,"lq":1.28},{"pi":"423810","pc":"Одежда и обувь","ss":500,"td":"Фешенебельный район","dc":1,"n":382.95,"vc":"около 100","sl":"Элитный","sv":"более 100","p":7500.0,"q":5.0,"b":0.96,"wi":15.59,"ei":5.4,"as":335.0,"mi":"E","mv":9685,"sc":52,"lpe":56.46,"lpr":5655.33,"lq":1.28},{"pi":"423810","pc":"Одежда и обувь","ss":500,"td":"Фешенебельный район","dc":1,"n":549.17,"vc":"более 200","sl":"Элитный","sv":"более 200","p":15000.0,"q":5.0,"b":0.96,"wi":15.59,"ei":5.4,"as":335.0,"mi":"E","mv":9685,"sc":52,"lpe":56.46,"lpr":5655.33,"lq":1.28},{"pi":"423810","pc":"Одежда и обувь","ss":500,"td":"Центр города","dc":1,"n":679.78,"vc":"более 2 000","sl":"Низкий","sv":"более 100","p":10500.0,"q":5.0,"b":0.96,"wi":15.59,"ei":5.4,"as":335.0,"mi":"E","mv":9685,"sc":52,"lpe":56.46,"lpr":5655.33,"lq":1.28},{"pi":"423810","pc":"Одежда и обувь","ss":500,"td":"Фешенебельный район","dc":3,"n":372.22,"vc":"более 100","sl":"Элитный","sv":"более 100","p":7950.0,"q":5.0,"b":0.96,"wi":15.59,"ei":5.4,"as":335.0,"mi":"E","mv":9685,"sc":52,"lpe":56.46,"lpr":5655.33,"lq":1.28},{"pi":"423810","pc":"Одежда и обувь","ss":500,"td":"Центр города","dc":1,"n":605.39,"vc":"более 1 000","sl":"Низкий","sv":"более 100","p":7000.0,"q":5.0,"b":0.96,"wi":15.59,"ei":5.4,"as":335.0,"mi":"E","mv":9685,"sc":52,"lpe":56.46,"lpr":5655.33,"lq":1.28},{"pi":"423810","pc":"Одежда и обувь","ss":500,"td":"Центр города","dc":1,"n":679.78,"vc":"более 2 000","sl":"Низкий","sv":"более 100","p":10500.0,"q":5.0,"b":0.96,"wi":15.59,"ei":5.4,"as":335.0,"mi":"E","mv":9685,"sc":52,"lpe":56.46,"lpr":5655.33,"lq":1.28},{"pi":"423810","pc":"Одежда и обувь","ss":500,"td":"Фешенебельный район","dc":1,"n":536.64,"vc":"более 200","sl":"Элитный","sv":"около 500","p":11000.0,"q":5.0,"b":0.96,"wi":15.59,"ei":5.4,"as":335.0,"mi":"E","mv":9685,"sc":52,"lpe":56.46,"lpr":5655.33,"lq":1.28},{"pi":"423810","pc":"Одежда и обувь","ss":500,"td":"Центр города","dc":1,"n":546.61,"vc":"более 1 000","sl":"Нормальный","sv":"более 200","p":3000.0,"q":5.0,"b":0.96,"wi":15.59,"ei":5.4,"as":335.0,"mi":"E","mv":9685,"sc":52,"lpe":56.46,"lpr":5655.33,"lq":1.28},{"pi":"423810","pc":"Одежда и обувь","ss":500,"td":"Фешенебельный район","dc":1,"n":467.65,"vc":"более 100","sl":"Элитный","sv":"более 200","p":8000.0,"q":5.0,"b":0.96,"wi":15.59,"ei":5.4,"as":335.0,"mi":"E","mv":9685,"sc":52,"lpe":56.46,"lpr":5655.33,"lq":1.28},{"pi":"423810","pc":"Одежда и обувь","ss":500,"td":"Фешенебельный район","dc":1,"n":549.17,"vc":"более 200","sl":"Элитный","sv":"более 200","p":15000.0,"q":5.0,"b":0.96,"wi":15.59,"ei":5.4,"as":335.0,"mi":"E","mv":9685,"sc":52,"lpe":56.46,"lpr":5655.33,"lq":1.28},{"pi":"423810","pc":"Одежда и обувь","ss":500,"td":"Фешенебельный район","dc":1,"n":382.95,"vc":"около 100","sl":"Элитный","sv":"более 100","p":7500.0,"q":5.0,"b":0.96,"wi":15.59,"ei":5.4,"as":335.0,"mi":"E","mv":9685,"sc":52,"lpe":56.46,"lpr":5655.33,"lq":1.28},{"pi":"423810","pc":"Одежда и обувь","ss":500,"td":"Центр города","dc":1,"n":605.39,"vc":"более 1 000","sl":"Низкий","sv":"более 100","p":7000.0,"q":5.0,"b":0.96,"wi":15.59,"ei":5.4,"as":335.0,"mi":"E","mv":9685,"sc":52,"lpe":56.46,"lpr":5655.33,"lq":1.28},{"pi":"423810","pc":"Одежда и обувь","ss":500,"td":"Пригород","dc":1,"n":324.68,"vc":"более 2 000","sl":"Низкий","sv":"более 100","p":6000.0,"q":5.0,"b":0.96,"wi":15.59,"ei":5.4,"as":335.0,"mi":"E","mv":9685,"sc":52,"lpe":56.46,"lpr":5655.33,"lq":1.28},{"pi":"423810","pc":"Одежда и обувь","ss":500,"td":"Фешенебельный район","dc":1,"n":413.76,"vc":"более 100","sl":"Элитный","sv":"более 100","p":10000.0,"q":5.0,"b":0.96,"wi":15.59,"ei":5.4,"as":335.0,"mi":"E","mv":9685,"sc":52,"lpe":56.46,"lpr":5655.33,"lq":1.28},{"pi":"423810","pc":"Одежда и обувь","ss":500,"td":"Фешенебельный район","dc":3,"n":378.83,"vc":"более 100","sl":"Элитный","sv":"более 100","p":7000.0,"q":5.0,"b":0.96,"wi":15.59,"ei":5.4,"as":335.0,"mi":"E","mv":9685,"sc":52,"lpe":56.46,"lpr":5655.33,"lq":1.28},{"pi":"423810","pc":"Одежда и обувь","ss":500,"td":"Фешенебельный район","dc":3,"n":372.22,"vc":"более 100","sl":"Элитный","sv":"более 100","p":7950.0,"q":5.0,"b":0.96,"wi":15.59,"ei":5.4,"as":335.0,"mi":"E","mv":9685,"sc":52,"lpe":56.46,"lpr":5655.33,"lq":1.28},{"pi":"423810","pc":"Одежда и обувь","ss":500,"td":"Фешенебельный район","dc":1,"n":382.95,"vc":"около 100","sl":"Элитный","sv":"более 100","p":7500.0,"q":5.0,"b":0.96,"wi":15.59,"ei":5.4,"as":335.0,"mi":"E","mv":9685,"sc":52,"lpe":56.46,"lpr":5655.33,"lq":1.28},{"pi":"423810","pc":"Одежда и обувь","ss":500,"td":"Центр города","dc":1,"n":605.39,"vc":"более 1 000","sl":"Низкий","sv":"более 100","p":7000.0,"q":5.0,"b":0.96,"wi":15.59,"ei":5.4,"as":335.0,"mi":"E","mv":9685,"sc":52,"lpe":56.46,"lpr":5655.33,"lq":1.28},{"pi":"423810","pc":"Одежда и обувь","ss":500,"td":"Фешенебельный район","dc":1,"n":549.17,"vc":"более 200","sl":"Элитный","sv":"более 200","p":15000.0,"q":5.0,"b":0.96,"wi":15.59,"ei":5.4,"as":335.0,"mi":"E","mv":9685,"sc":52,"lpe":56.46,"lpr":5655.33,"lq":1.28},{"pi":"423810","pc":"Одежда и обувь","ss":500,"td":"Центр города","dc":1,"n":679.78,"vc":"более 2 000","sl":"Низкий","sv":"более 100","p":10500.0,"q":5.0,"b":0.96,"wi":15.59,"ei":5.4,"as":335.0,"mi":"E","mv":9685,"sc":52,"lpe":56.46,"lpr":5655.33,"lq":1.28},{"pi":"423810","pc":"Одежда и обувь","ss":500,"td":"Фешенебельный район","dc":3,"n":378.83,"vc":"более 100","sl":"Элитный","sv":"более 100","p":7000.0,"q":5.0,"b":0.96,"wi":15.59,"ei":5.4,"as":335.0,"mi":"E","mv":9685,"sc":52,"lpe":56.46,"lpr":5655.33,"lq":1.28},{"pi":"423810","pc":"Одежда и обувь","ss":500,"td":"Фешенебельный район","dc":3,"n":477.11,"vc":"более 100","sl":"Очень высокий","sv":"около 100","p":10000.0,"q":5.0,"b":0.96,"wi":15.59,"ei":5.4,"as":335.0,"mi":"E","mv":9685,"sc":52,"lpe":56.46,"lpr":5655.33,"lq":1.28},{"pi":"423810","pc":"Одежда и обувь","ss":500,"td":"Спальный район","dc":3,"n":670.52,"vc":"более 2 000","sl":"Очень низкий","sv":"около 50","p":7000.0,"q":5.0,"b":0.96,"wi":15.59,"ei":5.4,"as":335.0,"mi":"E","mv":9685,"sc":52,"lpe":56.46,"lpr":5655.33,"lq":1.28},{"pi":"423810","pc":"Одежда и обувь","ss":500,"td":"Фешенебельный район","dc":3,"n":677.71,"vc":"около 500","sl":"Нормальный","sv":"менее 50","p":4200.0,"q":5.0,"b":0.96,"wi":15.59,"ei":5.4,"as":335.0,"mi":"E","mv":9685,"sc":52,"lpe":56.46,"lpr":5655.33,"lq":1.28},{"pi":"423810","pc":"Одежда и обувь","ss":500,"td":"Центр города","dc":3,"n":45.53,"vc":"более 100","sl":"Высокий","sv":"менее 50","p":6500.0,"q":5.0,"b":0.96,"wi":15.59,"ei":5.4,"as":335.0,"mi":"E","mv":9685,"sc":52,"lpe":56.46,"lpr":5655.33,"lq":1.28},{"pi":"423810","pc":"Одежда и обувь","ss":500,"td":"Фешенебельный район","dc":3,"n":487.15,"vc":"более 100","sl":"Очень высокий","sv":"около 50","p":10000.0,"q":5.0,"b":0.96,"wi":15.59,"ei":5.4,"as":335.0,"mi":"E","mv":9685,"sc":52,"lpe":56.46,"lpr":5655.33,"lq":1.28},{"pi":"423810","pc":"Одежда и обувь","ss":500,"td":"Спальный район","dc":1,"n":653.85,"vc":"более 1 000","sl":"Низкий","sv":"около 50","p":7600.0,"q":5.0,"b":0.96,"wi":15.59,"ei":5.4,"as":335.0,"mi":"E","mv":9685,"sc":52,"lpe":56.46,"lpr":5655.33,"lq":1.28},{"pi":"423810","pc":"Одежда и обувь","ss":500,"td":"Фешенебельный район","dc":3,"n":688.81,"vc":"около 500","sl":"Нормальный","sv":"менее 50","p":8000.0,"q":5.0,"b":0.96,"wi":15.59,"ei":5.4,"as":335.0,"mi":"E","mv":9685,"sc":52,"lpe":56.46,"lpr":5655.33,"lq":1.28},{"pi":"423810","pc":"Одежда и обувь","ss":500,"td":"Центр города","dc":2,"n":343.83,"vc":"около 500","sl":"Высокий","sv":"около 100","p":6300.0,"q":5.0,"b":0.96,"wi":15.59,"ei":5.4,"as":335.0,"mi":"E","mv":9685,"sc":52,"lpe":56.46,"lpr":5655.33,"lq":1.28},{"pi":"423810","pc":"Одежда и обувь","ss":500,"td":"Фешенебельный район","dc":3,"n":349.39,"vc":"около 100","sl":"Элитный","sv":"около 50","p":12000.0,"q":5.0,"b":0.96,"wi":15.59,"ei":5.4,"as":335.0,"mi":"E","mv":9685,"sc":52,"lpe":56.46,"lpr":5655.33,"lq":1.28},{"pi":"423810","pc":"Одежда и обувь","ss":500,"td":"Фешенебельный район","dc":1,"n":382.95,"vc":"около 100","sl":"Элитный","sv":"более 100","p":7500.0,"q":5.0,"b":0.96,"wi":15.59,"ei":5.4,"as":335.0,"mi":"E","mv":9685,"sc":52,"lpe":56.46,"lpr":5655.33,"lq":1.28},{"pi":"423810","pc":"Одежда и обувь","ss":500,"td":"Фешенебельный район","dc":3,"n":372.22,"vc":"более 100","sl":"Элитный","sv":"более 100","p":7950.0,"q":5.0,"b":0.96,"wi":15.59,"ei":5.4,"as":335.0,"mi":"E","mv":9685,"sc":52,"lpe":56.46,"lpr":5655.33,"lq":1.28},{"pi":"423810","pc":"Одежда и обувь","ss":500,"td":"Центр города","dc":1,"n":679.78,"vc":"более 2 000","sl":"Низкий","sv":"более 100","p":10500.0,"q":5.0,"b":0.96,"wi":15.59,"ei":5.4,"as":335.0,"mi":"E","mv":9685,"sc":52,"lpe":56.46,"lpr":5655.33,"lq":1.28},{"pi":"423810","pc":"Одежда и обувь","ss":500,"td":"Центр города","dc":1,"n":605.39,"vc":"более 1 000","sl":"Низкий","sv":"более 100","p":7000.0,"q":5.0,"b":0.96,"wi":15.59,"ei":5.4,"as":335.0,"mi":"E","mv":9685,"sc":52,"lpe":56.46,"lpr":5655.33,"lq":1.28},{"pi":"423810","pc":"Одежда и обувь","ss":500,"td":"Фешенебельный район","dc":3,"n":372.22,"vc":"более 100","sl":"Элитный","sv":"более 100","p":7950.0,"q":5.0,"b":0.96,"wi":15.59,"ei":5.4,"as":335.0,"mi":"E","mv":9685,"sc":52,"lpe":56.46,"lpr":5655.33,"lq":1.28},{"pi":"423810","pc":"Одежда и обувь","ss":500,"td":"Фешенебельный район","dc":3,"n":372.22,"vc":"более 100","sl":"Элитный","sv":"более 100","p":7950.0,"q":5.0,"b":0.96,"wi":15.59,"ei":5.4,"as":335.0,"mi":"E","mv":9685,"sc":52,"lpe":56.46,"lpr":5655.33,"lq":1.28},{"pi":"423810","pc":"Одежда и обувь","ss":500,"td":"Фешенебельный район","dc":3,"n":372.22,"vc":"более 100","sl":"Элитный","sv":"более 100","p":7950.0,"q":5.0,"b":0.96,"wi":15.59,"ei":5.4,"as":335.0,"mi":"E","mv":9685,"sc":52,"lpe":56.46,"lpr":5655.33,"lq":1.28},{"pi":"423810","pc":"Одежда и обувь","ss":500,"td":"Фешенебельный район","dc":1,"n":382.95,"vc":"около 100","sl":"Элитный","sv":"более 100","p":7500.0,"q":5.0,"b":0.96,"wi":15.59,"ei":5.4,"as":335.0,"mi":"E","mv":9685,"sc":52,"lpe":56.46,"lpr":5655.33,"lq":1.28},{"pi":"423810","pc":"Одежда и обувь","ss":500,"td":"Фешенебельный район","dc":3,"n":372.22,"vc":"более 100","sl":"Элитный","sv":"более 100","p":7950.0,"q":5.0,"b":0.96,"wi":15.59,"ei":5.4,"as":335.0,"mi":"E","mv":9685,"sc":52,"lpe":56.46,"lpr":5655.33,"lq":1.28},{"pi":"423810","pc":"Одежда и обувь","ss":500,"td":"Центр города","dc":1,"n":679.78,"vc":"более 2 000","sl":"Низкий","sv":"более 100","p":10500.0,"q":5.0,"b":0.96,"wi":15.59,"ei":5.4,"as":335.0,"mi":"E","mv":9685,"sc":52,"lpe":56.46,"lpr":5655.33,"lq":1.28},{"pi":"423810","pc":"Одежда и обувь","ss":500,"td":"Фешенебельный район","dc":3,"n":372.22,"vc":"более 100","sl":"Элитный","sv":"более 100","p":7950.0,"q":5.0,"b":0.96,"wi":15.59,"ei":5.4,"as":335.0,"mi":"E","mv":9685,"sc":52,"lpe":56.46,"lpr":5655.33,"lq":1.28},{"pi":"423810","pc":"Одежда и обувь","ss":500,"td":"Фешенебельный район","dc":1,"n":382.95,"vc":"около 100","sl":"Элитный","sv":"более 100","p":7500.0,"q":5.0,"b":0.96,"wi":15.59,"ei":5.4,"as":335.0,"mi":"E","mv":9685,"sc":52,"lpe":56.46,"lpr":5655.33,"lq":1.28},{"pi":"423810","pc":"Одежда и обувь","ss":500,"td":"Фешенебельный район","dc":3,"n":372.22,"vc":"более 100","sl":"Элитный","sv":"более 100","p":7950.0,"q":5.0,"b":0.96,"wi":15.59,"ei":5.4,"as":335.0,"mi":"E","mv":9685,"sc":52,"lpe":56.46,"lpr":5655.33,"lq":1.28},{"pi":"423810","pc":"Одежда и обувь","ss":500,"td":"Фешенебельный район","dc":3,"n":372.22,"vc":"более 100","sl":"Элитный","sv":"более 100","p":7950.0,"q":5.0,"b":0.96,"wi":15.59,"ei":5.4,"as":335.0,"mi":"E","mv":9685,"sc":52,"lpe":56.46,"lpr":5655.33,"lq":1.28},{"pi":"423810","pc":"Одежда и обувь","ss":500,"td":"Фешенебельный район","dc":1,"n":382.95,"vc":"около 100","sl":"Элитный","sv":"более 100","p":7500.0,"q":5.0,"b":0.96,"wi":15.59,"ei":5.4,"as":335.0,"mi":"E","mv":9685,"sc":52,"lpe":56.46,"lpr":5655.33,"lq":1.28},{"pi":"423810","pc":"Одежда и обувь","ss":500,"td":"Фешенебельный район","dc":3,"n":372.22,"vc":"более 100","sl":"Элитный","sv":"более 100","p":7950.0,"q":5.0,"b":0.96,"wi":15.59,"ei":5.4,"as":335.0,"mi":"E","mv":9685,"sc":52,"lpe":56.46,"lpr":5655.33,"lq":1.28},{"pi":"423810","pc":"Одежда и обувь","ss":500,"td":"Центр города","dc":1,"n":679.78,"vc":"более 2 000","sl":"Низкий","sv":"более 100","p":10500.0,"q":5.0,"b":0.96,"wi":15.59,"ei":5.4,"as":335.0,"mi":"E","mv":9685,"sc":52,"lpe":56.46,"lpr":5655.33,"lq":1.28},{"pi":"423810","pc":"Одежда и обувь","ss":500,"td":"Центр города","dc":1,"n":679.78,"vc":"более 2 000","sl":"Низкий","sv":"более 100","p":10500.0,"q":5.0,"b":0.96,"wi":15.59,"ei":5.4,"as":335.0,"mi":"E","mv":9685,"sc":52,"lpe":56.46,"lpr":5655.33,"lq":1.28},{"pi":"423810","pc":"Одежда и обувь","ss":500,"td":"Фешенебельный район","dc":3,"n":372.22,"vc":"более 100","sl":"Элитный","sv":"более 100","p":7950.0,"q":5.0,"b":0.96,"wi":15.59,"ei":5.4,"as":335.0,"mi":"E","mv":9685,"sc":52,"lpe":56.46,"lpr":5655.33,"lq":1.28},{"pi":"423810","pc":"Одежда и обувь","ss":500,"td":"Фешенебельный район","dc":1,"n":382.95,"vc":"около 100","sl":"Элитный","sv":"более 100","p":7500.0,"q":5.0,"b":0.96,"wi":15.59,"ei":5.4,"as":335.0,"mi":"E","mv":9685,"sc":52,"lpe":56.46,"lpr":5655.33,"lq":1.28},{"pi":"423810","pc":"Одежда и обувь","ss":500,"td":"Фешенебельный район","dc":3,"n":372.22,"vc":"более 100","sl":"Элитный","sv":"более 100","p":7950.0,"q":5.0,"b":0.96,"wi":15.59,"ei":5.4,"as":335.0,"mi":"E","mv":9685,"sc":52,"lpe":56.46,"lpr":5655.33,"lq":1.28},{"pi":"423810","pc":"Одежда и обувь","ss":500,"td":"Центр города","dc":1,"n":679.78,"vc":"более 2 000","sl":"Низкий","sv":"более 100","p":10500.0,"q":5.0,"b":0.96,"wi":15.59,"ei":5.4,"as":335.0,"mi":"E","mv":9685,"sc":52,"lpe":56.46,"lpr":5655.33,"lq":1.28},{"pi":"423810","pc":"Одежда и обувь","ss":500,"td":"Спальный район","dc":3,"n":689.5,"vc":"более 2 000","sl":"Очень низкий","sv":"около 50","p":6919.01,"q":5.0,"b":0.96,"wi":15.59,"ei":5.4,"as":335.0,"mi":"E","mv":9685,"sc":52,"lpe":56.46,"lpr":5655.33,"lq":1.28},{"pi":"423810","pc":"Одежда и обувь","ss":500,"td":"Центр города","dc":1,"n":679.78,"vc":"более 2 000","sl":"Низкий","sv":"более 100","p":10500.0,"q":5.0,"b":0.96,"wi":15.59,"ei":5.4,"as":335.0,"mi":"E","mv":9685,"sc":52,"lpe":56.46,"lpr":5655.33,"lq":1.28},{"pi":"423810","pc":"Одежда и обувь","ss":500,"td":"Спальный район","dc":3,"n":689.5,"vc":"более 2 000","sl":"Очень низкий","sv":"около 50","p":6919.01,"q":5.0,"b":0.96,"wi":15.59,"ei":5.4,"as":335.0,"mi":"E","mv":9685,"sc":52,"lpe":56.46,"lpr":5655.33,"lq":1.28},{"pi":"423810","pc":"Одежда и обувь","ss":500,"td":"Фешенебельный район","dc":3,"n":372.22,"vc":"более 100","sl":"Элитный","sv":"более 100","p":7950.0,"q":5.0,"b":0.96,"wi":15.59,"ei":5.4,"as":335.0,"mi":"E","mv":9685,"sc":52,"lpe":56.46,"lpr":5655.33,"lq":1.28},{"pi":"423810","pc":"Одежда и обувь","ss":500,"td":"Центр города","dc":1,"n":679.78,"vc":"более 2 000","sl":"Низкий","sv":"более 100","p":10500.0,"q":5.0,"b":0.96,"wi":15.59,"ei":5.4,"as":335.0,"mi":"E","mv":9685,"sc":52,"lpe":56.46,"lpr":5655.33,"lq":1.28},{"pi":"423810","pc":"Одежда и обувь","ss":500,"td":"Центр города","dc":1,"n":605.39,"vc":"более 1 000","sl":"Низкий","sv":"более 100","p":7000.0,"q":5.0,"b":0.96,"wi":15.59,"ei":5.4,"as":335.0,"mi":"E","mv":9685,"sc":52,"lpe":56.46,"lpr":5655.33,"lq":1.28},{"pi":"423810","pc":"Одежда и обувь","ss":500,"td":"Фешенебельный район","dc":3,"n":372.22,"vc":"более 100","sl":"Элитный","sv":"более 100","p":7950.0,"q":5.0,"b":0.96,"wi":15.59,"ei":5.4,"as":335.0,"mi":"E","mv":9685,"sc":52,"lpe":56.46,"lpr":5655.33,"lq":1.28},{"pi":"423810","pc":"Одежда и обувь","ss":500,"td":"Фешенебельный район","dc":3,"n":372.22,"vc":"более 100","sl":"Элитный","sv":"более 100","p":7950.0,"q":5.0,"b":0.96,"wi":15.59,"ei":5.4,"as":335.0,"mi":"E","mv":9685,"sc":52,"lpe":56.46,"lpr":5655.33,"lq":1.28}]