[{"pi":"1516","pc":"Товары для дома","ss":10000,"td":"Центр города","dc":3,"n":323.65,"vc":"11421","sl":"Очень высокий","sv":"20","p":17000.0,"q":21.63,"b":0.0,"ms":0.13,"wi":37.95,"ei":7.19,"as":1002.4,"mi":"E","mv":14925,"sc":1,"lpe":99.87,"lpr":6874.47,"lq":1.0,"d":1111176},{"pi":"1516","pc":"Товары для дома","ss":10000,"td":"Центр города","dc":1,"n":421.29,"vc":"28918","sl":"Очень высокий","sv":"120","p":38000.0,"q":21.63,"b":1.19,"ms":0.33,"wi":62.72,"ei":7.0,"as":1148.0,"mi":"E","mv":36016,"sc":2,"lpe":99.39,"lpr":16003.72,"lq":1.0,"d":2007074},{"pi":"1516","pc":"Товары для дома","ss":6000,"td":"Центр города","dc":1,"n":141.14,"vc":"4256","sl":"Элитный","sv":"100","p":16500.0,"q":15.23,"b":0.0,"ms":0.28,"wi":62.72,"ei":7.0,"as":1148.0,"mi":"E","mv":36016,"sc":2,"lpe":99.39,"lpr":16003.72,"lq":1.0,"d":2007074},{"pi":"1516","pc":"Товары для дома","ss":6000,"td":"Центр города","dc":1,"n":163.06,"vc":"2828","sl":"Элитный","sv":"62","p":13000.0,"q":15.23,"b":0.0,"ms":0.27,"wi":56.61,"ei":7.0,"as":1036.07,"mi":"E","mv":22913,"sc":1,"lpe":99.73,"lpr":12780.04,"lq":1.0,"d":1285176},{"pi":"1516","pc":"Товары для дома","ss":6000,"td":"Центр города","dc":1,"n":188.65,"vc":"2841","sl":"Элитный","sv":"100","p":16000.0,"q":15.23,"b":0.0,"ms":0.91,"wi":49.39,"ei":7.0,"as":1230.33,"mi":"E","mv":11003,"sc":2,"lpe":98.73,"lpr":15348.09,"lq":1.0,"d":781464},{"pi":"1516","pc":"Товары для дома","ss":10000,"td":"Спальный район","dc":2,"n":458.88,"vc":"20586","sl":"Очень высокий","sv":"40","p":37000.0,"q":21.63,"b":0.27,"ms":0.36,"wi":49.39,"ei":7.0,"as":1230.33,"mi":"E","mv":11003,"sc":2,"lpe":98.73,"lpr":15348.09,"lq":1.0,"d":781464},{"pi":"1516","pc":"Товары для дома","ss":100000,"td":"Центр города","dc":1,"n":408.83,"vc":"233606","sl":"Очень высокий","sv":"1306","p":69310.0,"q":8.67,"b":4.05,"ms":3.48,"wi":58.91,"ei":7.0,"as":1299.6,"mi":"E","mv":37507,"sc":5,"lpe":95.62,"lpr":12793.4,"lq":1.0,"d":2111474},{"pi":"1516","pc":"Товары для дома","ss":50000,"td":"Центр города","dc":2,"n":381.91,"vc":"70488","sl":"Элитный","sv":"125","p":90000.97,"q":25.05,"b":2.63,"ms":0.33,"wi":58.91,"ei":7.0,"as":1299.6,"mi":"E","mv":37507,"sc":5,"lpe":95.62,"lpr":12793.4,"lq":1.0,"d":2111474},{"pi":"1516","pc":"Товары для дома","ss":30000,"td":"Центр города","dc":2,"n":390.32,"vc":"77572","sl":"Очень высокий","sv":"110","p":85000.0,"q":17.22,"b":1.79,"ms":0.29,"wi":58.91,"ei":7.0,"as":1299.6,"mi":"E","mv":37507,"sc":5,"lpe":95.62,"lpr":12793.4,"lq":1.0,"d":2111474},{"pi":"1516","pc":"Товары для дома","ss":6000,"td":"Центр города","dc":1,"n":138.26,"vc":"2830","sl":"Элитный","sv":"100","p":18000.0,"q":15.23,"b":0.0,"ms":0.27,"wi":58.91,"ei":7.0,"as":1299.6,"mi":"E","mv":37507,"sc":5,"lpe":95.62,"lpr":12793.4,"lq":1.0,"d":2111474},{"pi":"1516","pc":"Товары для дома","ss":121000,"td":"Центр города","dc":4,"n":394.32,"vc":"236850","sl":"Очень высокий","sv":"2","p":100000.0,"q":13.45,"b":0.0,"ms":0.01,"wi":58.91,"ei":7.0,"as":1299.6,"mi":"E","mv":37507,"sc":5,"lpe":95.62,"lpr":12793.4,"lq":1.0,"d":2111474},{"pi":"1516","pc":"Товары для дома","ss":30000,"td":"Центр города","dc":2,"n":321.33,"vc":"48512","sl":"Элитный","sv":"1500","p":85000.0,"q":17.72,"b":0.7,"ms":1.3,"wi":79.78,"ei":9.46,"as":2502.0,"mi":"E","mv":115527,"sc":11,"lpe":94.5,"lpr":28677.13,"lq":1.0,"d":9185246},{"pi":"1516","pc":"Товары для дома","ss":110100,"td":"Центр города","dc":3,"n":353.76,"vc":"165025","sl":"Элитный","sv":"1437","p":80000.0,"q":16.41,"b":0.0,"ms":1.24,"wi":79.78,"ei":9.46,"as":2502.0,"mi":"E","mv":115527,"sc":11,"lpe":94.5,"lpr":28677.13,"lq":1.0,"d":9185246},{"pi":"1516","pc":"Товары для дома","ss":100000,"td":"Центр города","dc":1,"n":345.8,"vc":"213171","sl":"Элитный","sv":"1040","p":100000.0,"q":18.92,"b":1.07307692307692,"ms":0.9,"wi":79.78,"ei":9.46,"as":2502.0,"mi":"E","mv":115527,"sc":11,"lpe":94.5,"lpr":28677.13,"lq":1.0,"d":9185246},{"pi":"1516","pc":"Товары для дома","ss":130000,"td":"Центр города","dc":1,"n":189.14,"vc":"36669","sl":"Элитный","sv":"827","p":96000.0,"q":15.23,"b":0.0,"ms":0.72,"wi":79.78,"ei":9.46,"as":2502.0,"mi":"E","mv":115527,"sc":11,"lpe":94.5,"lpr":28677.13,"lq":1.0,"d":9185246},{"pi":"1516","pc":"Товары для дома","ss":100000,"td":"Центр города","dc":2,"n":182.88,"vc":"44500","sl":"Элитный","sv":"520","p":125000.0,"q":29.14,"b":0.0,"ms":0.45,"wi":79.78,"ei":9.46,"as":2502.0,"mi":"E","mv":115527,"sc":11,"lpe":94.5,"lpr":28677.13,"lq":1.0,"d":9185246},{"pi":"1516","pc":"Товары для дома","ss":90000,"td":"Пригород","dc":4,"n":441.69,"vc":"130711","sl":"Очень высокий","sv":"300","p":72000.0,"q":21.15,"b":0.12,"ms":0.26,"wi":79.78,"ei":9.46,"as":2502.0,"mi":"E","mv":115527,"sc":11,"lpe":94.5,"lpr":28677.13,"lq":1.0,"d":9185246},{"pi":"1516","pc":"Товары для дома","ss":10000,"td":"Спальный район","dc":2,"n":203.36,"vc":"7370","sl":"Элитный","sv":"200","p":63000.0,"q":21.63,"b":0.22,"ms":0.17,"wi":79.78,"ei":9.46,"as":2502.0,"mi":"E","mv":115527,"sc":11,"lpe":94.5,"lpr":28677.13,"lq":1.0,"d":9185246},{"pi":"1516","pc":"Товары для дома","ss":10000,"td":"Фешенебельный район","dc":2,"n":276.42,"vc":"2530","sl":"Элитный","sv":"185","p":100000.0,"q":19.25,"b":0.52,"ms":0.16,"wi":79.78,"ei":9.46,"as":2502.0,"mi":"E","mv":115527,"sc":11,"lpe":94.5,"lpr":28677.13,"lq":1.0,"d":9185246},{"pi":"1516","pc":"Товары для дома","ss":6000,"td":"Центр города","dc":1,"n":77.89,"vc":"4662","sl":"Элитный","sv":"150","p":32000.0,"q":15.23,"b":0.0,"ms":0.13,"wi":79.78,"ei":9.46,"as":2502.0,"mi":"E","mv":115527,"sc":11,"lpe":94.5,"lpr":28677.13,"lq":1.0,"d":9185246},{"pi":"1516","pc":"Товары для дома","ss":110000,"td":"Центр города","dc":2,"n":323.83,"vc":"123280","sl":"Элитный","sv":"100","p":114000.0,"q":13.92,"b":0.0,"ms":0.09,"wi":79.78,"ei":9.46,"as":2502.0,"mi":"E","mv":115527,"sc":11,"lpe":94.5,"lpr":28677.13,"lq":1.0,"d":9185246},{"pi":"1516","pc":"Товары для дома","ss":12300,"td":"Спальный район","dc":4,"n":337.54,"vc":"12321","sl":"Очень высокий","sv":"2","p":100000.0,"q":12.56,"b":0.0,"ms":0.01,"wi":63.08,"ei":7.98,"as":479.0,"mi":"E","mv":28811,"sc":1,"lpe":99.99,"lpr":15372.9,"lq":1.0,"d":1584151},{"pi":"1516","pc":"Товары для дома","ss":14000,"td":"Центр города","dc":3,"n":474.72,"vc":"55694","sl":"Нормальный","sv":"100","p":45000.0,"q":19.59,"b":0.52,"ms":1.13,"wi":46.15,"ei":7.0,"as":995.0,"mi":"E","mv":8815,"sc":1,"lpe":98.87,"lpr":11657.44,"lq":1.0,"d":625846},{"pi":"1516","pc":"Товары для дома","ss":100,"td":"Центр города","dc":5,"n":88.68,"vc":"70","sl":"Очень низкий","sv":"1","p":6000.0,"q":5.67,"b":0.22,"ms":0.02,"wi":33.68,"ei":6.7,"as":470.4,"mi":"E","mv":5729,"sc":1,"lpe":99.98,"lpr":6865.85,"lq":1.0,"d":314620},{"pi":"1516","pc":"Товары для дома","ss":100,"td":"Центр города","dc":5,"n":90.78,"vc":"87","sl":"Очень низкий","sv":"1","p":10000.0,"q":5.68,"b":0.22,"ms":0.01,"wi":47.7,"ei":6.9,"as":499.8,"mi":"E","mv":10263,"sc":1,"lpe":99.99,"lpr":10621.39,"lq":1.0,"d":564000},{"pi":"1516","pc":"Товары для дома","ss":100,"td":"Центр города","dc":5,"n":174.58,"vc":"70","sl":"Очень низкий","sv":"1","p":6800.0,"q":5.69,"b":0.22,"ms":0.04,"wi":34.95,"ei":6.4,"as":480.0,"mi":"E","mv":2465,"sc":1,"lpe":99.96,"lpr":6996.33,"lq":1.0,"d":137814},{"pi":"1516","pc":"Товары для дома","ss":10000,"td":"Центр города","dc":1,"n":256.23,"vc":"4782","sl":"Элитный","sv":"100","p":16000.0,"q":15.23,"b":0.0,"ms":1.43,"wi":61.17,"ei":7.54,"as":1230.25,"mi":"E","mv":6990,"sc":1,"lpe":98.57,"lpr":16045.63,"lq":1.0,"d":384017},{"pi":"1516","pc":"Товары для дома","ss":100000,"td":"Центр города","dc":2,"n":400.34,"vc":"136240","sl":"Элитный","sv":"465","p":65000.0,"q":19.98,"b":0.0,"ms":1.41,"wi":65.52,"ei":7.0,"as":1059.0,"mi":"E","mv":33089,"sc":1,"lpe":98.59,"lpr":14847.18,"lq":1.0,"d":1819400}]