[{"pi":"1496","pc":"Продукты питания","ss":10000,"td":"Центр города","dc":2,"n":280.13,"vc":"5323","sl":"Элитный","sv":"3000","p":759.0,"q":39.03,"b":0.0,"ms":12.76,"wi":21.86,"ei":7.84,"as":163.23,"mi":"E","mv":23514,"sc":1,"lpe":87.24,"lpr":397.29,"lq":1.03,"d":338687},{"pi":"1496","pc":"Продукты питания","ss":600,"td":"Центр города","dc":2,"n":96.34,"vc":"1017","sl":"Высокий","sv":"500","p":382.0,"q":1.0,"b":0.0,"ms":0.19,"wi":25.84,"ei":9.8,"as":151.71,"mi":"E","mv":260227,"sc":1,"lpe":99.81,"lpr":380.19,"lq":1.0,"d":2005002},{"pi":"1496","pc":"Продукты питания","ss":10000,"td":"Центр города","dc":2,"n":239.88,"vc":"5014","sl":"Элитный","sv":"2000","p":299.0,"q":39.03,"b":0.0,"ms":0.63,"wi":38.33,"ei":9.07,"as":212.54,"mi":"E","mv":318258,"sc":1,"lpe":99.37,"lpr":246.79,"lq":1.0,"d":620800},{"pi":"1496","pc":"Продукты питания","ss":20000,"td":"Центр города","dc":2,"n":185.19,"vc":"7007","sl":"Элитный","sv":"3000","p":1599.0,"q":39.02,"b":0.0,"ms":0.44,"wi":66.51,"ei":8.76,"as":347.78,"mi":"E","mv":676831,"sc":1,"lpe":99.56,"lpr":846.42,"lq":1.0,"d":1784134},{"pi":"1496","pc":"Продукты питания","ss":1000,"td":"Центр города","dc":5,"n":21.47,"vc":"445","sl":"Очень высокий","sv":"241","p":200.0,"q":1.11,"b":0.0,"ms":0.58,"wi":65.36,"ei":8.06,"as":531.88,"mi":"E","mv":41876,"sc":1,"lpe":99.42,"lpr":2226.02,"lq":1.0,"d":852721},{"pi":"1496","pc":"Продукты питания","ss":10000,"td":"Центр города","dc":2,"n":325.71,"vc":"5678","sl":"Элитный","sv":"1000","p":1299.0,"q":39.02,"b":0.0,"ms":3.99,"wi":29.41,"ei":8.73,"as":368.21,"mi":"E","mv":25048,"sc":1,"lpe":96.01,"lpr":726.92,"lq":1.0,"d":177578},{"pi":"1496","pc":"Продукты питания","ss":10000,"td":"Центр города","dc":2,"n":268.9,"vc":"5206","sl":"Элитный","sv":"4000","p":659.0,"q":39.02,"b":0.0,"ms":1.42,"wi":62.27,"ei":13.35,"as":674.99,"mi":"E","mv":280931,"sc":1,"lpe":98.58,"lpr":661.38,"lq":1.0,"d":374441},{"pi":"1496","pc":"Продукты питания","ss":10000,"td":"Центр города","dc":2,"n":302.36,"vc":"5473","sl":"Элитный","sv":"500","p":1499.0,"q":39.02,"b":0.0,"ms":0.5,"wi":46.49,"ei":9.42,"as":383.85,"mi":"E","mv":99354,"sc":1,"lpe":99.5,"lpr":933.96,"lq":1.0,"d":223434},{"pi":"1496","pc":"Продукты питания","ss":10000,"td":"Центр города","dc":2,"n":310.49,"vc":"5529","sl":"Элитный","sv":"1000","p":1499.0,"q":39.02,"b":0.0,"ms":3.1,"wi":32.64,"ei":8.61,"as":475.98,"mi":"E","mv":32292,"sc":1,"lpe":96.9,"lpr":721.74,"lq":1.0,"d":352871},{"pi":"1496","pc":"Продукты питания","ss":10000,"td":"Центр города","dc":2,"n":309.59,"vc":"5520","sl":"Элитный","sv":"1000","p":999.0,"q":39.02,"b":0.0,"ms":0.61,"wi":32.45,"ei":9.19,"as":353.09,"mi":"E","mv":164603,"sc":1,"lpe":99.39,"lpr":824.6,"lq":1.0,"d":258999},{"pi":"1496","pc":"Продукты питания","ss":10000,"td":"Центр города","dc":2,"n":174.84,"vc":"4844","sl":"Элитный","sv":"2000","p":1399.0,"q":39.03,"b":0.0,"ms":0.83,"wi":39.13,"ei":9.11,"as":204.86,"mi":"E","mv":239717,"sc":1,"lpe":99.17,"lpr":923.42,"lq":1.0,"d":2224560},{"pi":"1496","pc":"Продукты питания","ss":1000,"td":"Центр города","dc":4,"n":45.74,"vc":"394","sl":"Элитный","sv":"295","p":100.0,"q":1.07,"b":0.0,"ms":3.37,"wi":34.37,"ei":7.88,"as":310.13,"mi":"E","mv":8756,"sc":1,"lpe":96.63,"lpr":1226.78,"lq":1.0,"d":405600},{"pi":"1496","pc":"Продукты питания","ss":100000,"td":"Фешенебельный район","dc":1,"n":620.81,"vc":"217377","sl":"Элитный","sv":"10000","p":650.0,"q":130.92,"b":0.0,"ms":1.38,"wi":34.47,"ei":11.19,"as":156.87,"mi":"E","mv":725072,"sc":1,"lpe":98.62,"lpr":381.94,"lq":1.0,"d":1148164},{"pi":"1496","pc":"Продукты питания","ss":1000,"td":"Центр города","dc":1,"n":316.91,"vc":"3495","sl":"Высокий","sv":"5000","p":500.0,"q":130.92,"b":0.0,"ms":1.7,"wi":48.01,"ei":12.8,"as":278.36,"mi":"E","mv":293506,"sc":1,"lpe":98.3,"lpr":395.89,"lq":1.0,"d":825880},{"pi":"1496","pc":"Продукты питания","ss":100000,"td":"Спальный район","dc":2,"n":393.91,"vc":"146976","sl":"Элитный","sv":"25988","p":900.0,"q":27.31,"b":0.0,"ms":6.98,"wi":41.17,"ei":8.83,"as":225.06,"mi":"E","mv":372549,"sc":1,"lpe":93.02,"lpr":245.66,"lq":1.0,"d":1925822},{"pi":"1496","pc":"Продукты питания","ss":1000,"td":"Центр города","dc":4,"n":14.85,"vc":"367","sl":"Элитный","sv":"451","p":200.0,"q":1.0,"b":0.0,"ms":1.17,"wi":51.59,"ei":7.97,"as":450.82,"mi":"E","mv":38422,"sc":1,"lpe":98.83,"lpr":1097.02,"lq":1.0,"d":547247},{"pi":"1496","pc":"Продукты питания","ss":100000,"td":"Центр города","dc":3,"n":365.66,"vc":"60295","sl":"Очень высокий","sv":"5000","p":200.0,"q":1.0,"b":0.0,"ms":30.02,"wi":36.86,"ei":7.25,"as":403.14,"mi":"E","mv":16654,"sc":1,"lpe":69.98,"lpr":872.8,"lq":1.0,"d":459396},{"pi":"1496","pc":"Продукты питания","ss":10000,"td":"Центр города","dc":2,"n":311.12,"vc":"5535","sl":"Элитный","sv":"3528","p":899.0,"q":39.09,"b":0.0,"ms":13.75,"wi":24.79,"ei":5.22,"as":302.26,"mi":"E","mv":25659,"sc":1,"lpe":86.25,"lpr":225.3,"lq":1.1,"d":182800},{"pi":"1496","pc":"Продукты питания","ss":10000,"td":"Центр города","dc":2,"n":308.67,"vc":"5512","sl":"Элитный","sv":"500","p":1199.0,"q":39.02,"b":0.0,"ms":1.11,"wi":32.98,"ei":4.6,"as":270.25,"mi":"E","mv":44998,"sc":1,"lpe":98.89,"lpr":657.78,"lq":1.0,"d":190258},{"pi":"1496","pc":"Продукты питания","ss":100000,"td":"Фешенебельный район","dc":1,"n":630.27,"vc":"253378","sl":"Элитный","sv":"5000","p":750.0,"q":130.92,"b":0.0,"ms":1.55,"wi":30.79,"ei":8.25,"as":205.77,"mi":"E","mv":322451,"sc":1,"lpe":98.45,"lpr":500.86,"lq":1.0,"d":1371924},{"pi":"1496","pc":"Продукты питания","ss":10000,"td":"Центр города","dc":2,"n":364.63,"vc":"6180","sl":"Высокий","sv":"770","p":999.0,"q":39.08,"b":0.0,"ms":8.3,"wi":15.77,"ei":5.63,"as":304.95,"mi":"E","mv":9276,"sc":1,"lpe":91.7,"lpr":233.56,"lq":1.0,"d":95245},{"pi":"1496","pc":"Продукты питания","ss":10000,"td":"Центр города","dc":2,"n":289.61,"vc":"5364","sl":"Элитный","sv":"4000","p":749.0,"q":39.02,"b":0.0,"ms":4.89,"wi":43.59,"ei":7.31,"as":476.27,"mi":"E","mv":81805,"sc":1,"lpe":95.11,"lpr":651.15,"lq":1.0,"d":263256},{"pi":"1496","pc":"Продукты питания","ss":300000,"td":"Фешенебельный район","dc":4,"n":474.38,"vc":"152404","sl":"Элитный","sv":"11795","p":1280.09,"q":93.28,"b":0.248391691394659,"ms":1.05,"wi":62.0,"ei":7.93,"as":546.66,"mi":"E","mv":1118960,"sc":1,"lpe":98.95,"lpr":703.67,"lq":1.0,"d":7101416},{"pi":"1496","pc":"Продукты питания","ss":10000,"td":"Центр города","dc":2,"n":250.37,"vc":"5088","sl":"Элитный","sv":"2000","p":1499.0,"q":39.02,"b":0.0,"ms":1.51,"wi":60.54,"ei":6.77,"as":450.24,"mi":"E","mv":132654,"sc":1,"lpe":98.49,"lpr":1095.69,"lq":1.0,"d":518786},{"pi":"1496","pc":"Продукты питания","ss":10000,"td":"Центр города","dc":2,"n":249.21,"vc":"5081","sl":"Элитный","sv":"6000","p":1399.0,"q":39.02,"b":0.0,"ms":2.3,"wi":48.51,"ei":15.71,"as":380.15,"mi":"E","mv":261343,"sc":1,"lpe":97.7,"lpr":924.96,"lq":1.0,"d":545196},{"pi":"1496","pc":"Продукты питания","ss":10000,"td":"Центр города","dc":2,"n":219.38,"vc":"4940","sl":"Элитный","sv":"3000","p":1699.0,"q":39.02,"b":0.0,"ms":1.06,"wi":56.24,"ei":7.07,"as":380.48,"mi":"E","mv":281737,"sc":1,"lpe":98.94,"lpr":925.97,"lq":1.0,"d":917721},{"pi":"1496","pc":"Продукты питания","ss":10000,"td":"Центр города","dc":2,"n":255.1,"vc":"5116","sl":"Элитный","sv":"3000","p":1599.0,"q":39.02,"b":0.0,"ms":1.71,"wi":53.32,"ei":6.45,"as":372.85,"mi":"E","mv":175708,"sc":1,"lpe":98.29,"lpr":907.36,"lq":1.0,"d":476878},{"pi":"1496","pc":"Продукты питания","ss":100000,"td":"Центр города","dc":1,"n":0.0,"vc":"3762","sl":"Элитный","sv":"29","p":1423.97,"q":5.96,"b":0.0,"ms":0.01,"wi":25.6,"ei":7.49,"as":134.1,"mi":"E","mv":306409,"sc":1,"lpe":99.99,"lpr":574.33,"lq":1.0,"d":3825606},{"pi":"1496","pc":"Продукты питания","ss":100000,"td":"Центр города","dc":3,"n":318.24,"vc":"49626","sl":"Очень высокий","sv":"5000","p":206.0,"q":1.0,"b":0.68,"ms":8.71,"wi":17.71,"ei":7.81,"as":93.95,"mi":"E","mv":57385,"sc":2,"lpe":86.06,"lpr":228.8,"lq":1.02,"d":969146},{"pi":"1496","pc":"Продукты питания","ss":100000,"td":"Центр города","dc":1,"n":453.6,"vc":"182376","sl":"Элитный","sv":"3000","p":888.0,"q":29.29,"b":0.0,"ms":5.23,"wi":17.71,"ei":7.81,"as":93.95,"mi":"E","mv":57385,"sc":2,"lpe":86.06,"lpr":228.8,"lq":1.02,"d":969146},{"pi":"1496","pc":"Продукты питания","ss":1000,"td":"Центр города","dc":1,"n":298.6,"vc":"3500","sl":"Высокий","sv":"25000","p":200.0,"q":130.92,"b":0.0,"ms":3.17,"wi":61.96,"ei":12.15,"as":320.53,"mi":"E","mv":787810,"sc":1,"lpe":96.83,"lpr":233.29,"lq":1.0,"d":1114046},{"pi":"1496","pc":"Продукты питания","ss":100000,"td":"Центр города","dc":6,"n":511.0,"vc":"627888","sl":"Низкий","sv":"10","p":649.32,"q":29.39,"b":0.0,"ms":0.02,"wi":154.18,"ei":9.34,"as":2208.0,"mi":"E","mv":45029,"sc":1,"lpe":99.98,"lpr":3395.77,"lq":1.0,"d":2149998},{"pi":"1496","pc":"Продукты питания","ss":100000,"td":"Фешенебельный район","dc":2,"n":401.9,"vc":"59572","sl":"Элитный","sv":"250000","p":2000.0,"q":117.13,"b":1.16,"ms":11.47,"wi":166.72,"ei":9.88,"as":2625.25,"mi":"E","mv":2179493,"sc":2,"lpe":82.7,"lpr":1439.83,"lq":4.07,"d":11635600},{"pi":"1496","pc":"Продукты питания","ss":110000,"td":"Спальный район","dc":1,"n":0.0,"vc":"4314","sl":"Элитный","sv":"127057","p":900.0,"q":14.36,"b":0.0,"ms":5.83,"wi":166.72,"ei":9.88,"as":2625.25,"mi":"E","mv":2179493,"sc":2,"lpe":82.7,"lpr":1439.83,"lq":4.07,"d":11635600},{"pi":"1496","pc":"Продукты питания","ss":100000,"td":"Центр города","dc":3,"n":25.61,"vc":"2378","sl":"Элитный","sv":"500","p":134.0,"q":1.0,"b":0.68,"ms":5.36,"wi":8.44,"ei":6.23,"as":66.94,"mi":"E","mv":9326,"sc":1,"lpe":94.64,"lpr":397.61,"lq":1.0,"d":510580},{"pi":"1496","pc":"Продукты питания","ss":100000,"td":"Центр города","dc":3,"n":174.93,"vc":"8833","sl":"Элитный","sv":"1948","p":210.0,"q":1.0,"b":0.68,"ms":17.36,"wi":6.96,"ei":8.15,"as":67.72,"mi":"E","mv":11222,"sc":1,"lpe":82.64,"lpr":155.49,"lq":1.12,"d":358494},{"pi":"1496","pc":"Продукты питания","ss":10000,"td":"Центр города","dc":2,"n":160.23,"vc":"4863","sl":"Элитный","sv":"3000","p":2499.0,"q":39.04,"b":0.0,"ms":0.72,"wi":62.14,"ei":7.68,"as":426.52,"mi":"E","mv":419026,"sc":1,"lpe":99.28,"lpr":1037.95,"lq":1.0,"d":3062821},{"pi":"1496","pc":"Продукты питания","ss":100000,"td":"Центр города","dc":1,"n":485.13,"vc":"866979","sl":"Высокий","sv":"50000","p":2700.0,"q":130.92,"b":0.0,"ms":1.29,"wi":48.27,"ei":9.23,"as":380.0,"mi":"E","mv":3883790,"sc":1,"lpe":98.71,"lpr":924.8,"lq":1.0,"d":11000140},{"pi":"1496","pc":"Продукты питания","ss":100000,"td":"Фешенебельный район","dc":1,"n":348.18,"vc":"21993","sl":"Элитный","sv":"500","p":3158.86,"q":29.39,"b":0.0,"ms":0.05,"wi":60.31,"ei":7.67,"as":446.7,"mi":"E","mv":1012871,"sc":1,"lpe":99.95,"lpr":1087.06,"lq":1.0,"d":2952988},{"pi":"1496","pc":"Продукты питания","ss":10000,"td":"Центр города","dc":2,"n":245.06,"vc":"5084","sl":"Элитный","sv":"3000","p":1599.0,"q":39.04,"b":0.0,"ms":2.21,"wi":39.18,"ei":7.04,"as":341.21,"mi":"E","mv":135762,"sc":1,"lpe":97.79,"lpr":830.37,"lq":1.0,"d":579186},{"pi":"1496","pc":"Продукты питания","ss":10000,"td":"Центр города","dc":2,"n":265.13,"vc":"5175","sl":"Элитный","sv":"1036","p":1399.0,"q":39.1,"b":0.0,"ms":7.21,"wi":25.39,"ei":7.39,"as":309.33,"mi":"E","mv":14375,"sc":1,"lpe":92.79,"lpr":321.69,"lq":1.0,"d":398700},{"pi":"1496","pc":"Продукты питания","ss":100000,"td":"Центр города","dc":3,"n":240.22,"vc":"20018","sl":"Элитный","sv":"1000","p":310.0,"q":1.0,"b":0.0,"ms":7.33,"wi":8.25,"ei":9.79,"as":60.55,"mi":"E","mv":13634,"sc":1,"lpe":92.67,"lpr":311.79,"lq":1.0,"d":672435},{"pi":"1496","pc":"Продукты питания","ss":100000,"td":"Центр города","dc":3,"n":8.53,"vc":"2033","sl":"Элитный","sv":"3001","p":160.0,"q":1.0,"b":0.0,"ms":15.93,"wi":7.72,"ei":9.22,"as":49.66,"mi":"E","mv":18840,"sc":1,"lpe":84.07,"lpr":151.41,"lq":1.07,"d":521316},{"pi":"1496","pc":"Продукты питания","ss":100000,"td":"Центр города","dc":3,"n":150.87,"vc":"11023","sl":"Элитный","sv":"15000","p":310.0,"q":1.0,"b":0.0,"ms":10.21,"wi":28.99,"ei":11.18,"as":110.57,"mi":"E","mv":146889,"sc":1,"lpe":89.79,"lpr":554.42,"lq":1.02,"d":1307387},{"pi":"1496","pc":"Продукты питания","ss":100000,"td":"Центр города","dc":3,"n":45.49,"vc":"2839","sl":"Элитный","sv":"11029","p":350.0,"q":1.0,"b":0.0,"ms":43.15,"wi":16.85,"ei":9.12,"as":102.2,"mi":"E","mv":25562,"sc":1,"lpe":56.85,"lpr":430.03,"lq":1.1,"d":490468},{"pi":"1496","pc":"Продукты питания","ss":100000,"td":"Центр города","dc":2,"n":483.21,"vc":"458890","sl":"Высокий","sv":"10000","p":1200.0,"q":130.92,"b":0.0,"ms":1.07,"wi":67.13,"ei":8.56,"as":483.67,"mi":"E","mv":934129,"sc":2,"lpe":98.82,"lpr":1175.08,"lq":1.0,"d":1883126},{"pi":"1496","pc":"Продукты питания","ss":10000,"td":"Центр города","dc":1,"n":277.78,"vc":"9785","sl":"Элитный","sv":"990","p":4450.0,"q":29.29,"b":0.0,"ms":0.11,"wi":67.13,"ei":8.56,"as":483.67,"mi":"E","mv":934129,"sc":2,"lpe":98.82,"lpr":1175.08,"lq":1.0,"d":1883126},{"pi":"1496","pc":"Продукты питания","ss":100000,"td":"Окраина","dc":2,"n":345.54,"vc":"57408","sl":"Элитный","sv":"9020","p":500.0,"q":12.4,"b":0.0,"ms":3.11,"wi":171.48,"ei":10.04,"as":2283.46,"mi":"E","mv":290363,"sc":2,"lpe":96.88,"lpr":2558.05,"lq":3.34,"d":2986744},{"pi":"1496","pc":"Продукты питания","ss":300000,"td":"Фешенебельный район","dc":9,"n":497.37,"vc":"140384","sl":"Элитный","sv":"40","p":12298.94,"q":92.99,"b":0.204,"ms":0.01,"wi":171.48,"ei":10.04,"as":2283.46,"mi":"E","mv":290363,"sc":2,"lpe":96.88,"lpr":2558.05,"lq":3.34,"d":2986744},{"pi":"1496","pc":"Продукты питания","ss":300000,"td":"Фешенебельный район","dc":10,"n":536.81,"vc":"181132","sl":"Очень высокий","sv":"278","p":16292.03,"q":95.57,"b":0.242158273381295,"ms":0.07,"wi":125.88,"ei":10.29,"as":1744.48,"mi":"E","mv":371497,"sc":1,"lpe":99.93,"lpr":3529.49,"lq":1.0,"d":2094907},{"pi":"1496","pc":"Продукты питания","ss":100000,"td":"Центр города","dc":7,"n":374.13,"vc":"153202","sl":"Высокий","sv":"700","p":800.0,"q":29.39,"b":0.0,"ms":0.93,"wi":179.63,"ei":10.34,"as":2350.25,"mi":"E","mv":75481,"sc":1,"lpe":99.07,"lpr":5717.96,"lq":1.0,"d":1641016},{"pi":"1496","pc":"Продукты питания","ss":200000,"td":"Центр города","dc":2,"n":679.77,"vc":"3925830","sl":"Низкий","sv":"10000","p":1800.0,"q":130.92,"b":0.0,"ms":2.65,"wi":59.42,"ei":8.65,"as":472.08,"mi":"E","mv":377703,"sc":2,"lpe":96.45,"lpr":441.8,"lq":1.0,"d":747777},{"pi":"1496","pc":"Продукты питания","ss":100000,"td":"Центр города","dc":1,"n":471.94,"vc":"198677","sl":"Элитный","sv":"3400","p":562.0,"q":29.29,"b":0.0,"ms":0.9,"wi":59.42,"ei":8.65,"as":472.08,"mi":"E","mv":377703,"sc":2,"lpe":96.45,"lpr":441.8,"lq":1.0,"d":747777},{"pi":"1496","pc":"Продукты питания","ss":100000,"td":"Центр города","dc":1,"n":452.3,"vc":"181219","sl":"Элитный","sv":"1600","p":1620.0,"q":29.29,"b":0.0,"ms":0.28,"wi":81.87,"ei":13.22,"as":341.21,"mi":"E","mv":565211,"sc":1,"lpe":99.72,"lpr":830.47,"lq":1.0,"d":986148},{"pi":"1496","pc":"Продукты питания","ss":100000,"td":"Центр города","dc":1,"n":434.64,"vc":"167050","sl":"Элитный","sv":"10100","p":985.0,"q":29.29,"b":0.0,"ms":1.5,"wi":62.59,"ei":7.65,"as":519.76,"mi":"E","mv":671607,"sc":1,"lpe":98.5,"lpr":333.8,"lq":1.0,"d":1269608},{"pi":"1496","pc":"Продукты питания","ss":1000,"td":"Центр города","dc":3,"n":19.67,"vc":"369","sl":"Элитный","sv":"1016","p":210.0,"q":1.0,"b":0.0,"ms":7.32,"wi":6.79,"ei":6.24,"as":44.87,"mi":"E","mv":13882,"sc":1,"lpe":92.68,"lpr":222.44,"lq":1.0,"d":512400},{"pi":"1496","pc":"Продукты питания","ss":100000,"td":"Фешенебельный район","dc":3,"n":678.76,"vc":"341415","sl":"Высокий","sv":"30000","p":500.0,"q":130.92,"b":0.0,"ms":6.96,"wi":22.68,"ei":5.79,"as":111.4,"mi":"E","mv":430894,"sc":1,"lpe":93.04,"lpr":118.47,"lq":1.0,"d":848720},{"pi":"1496","pc":"Продукты питания","ss":1000,"td":"Центр города","dc":4,"n":16.48,"vc":"322","sl":"Элитный","sv":"727","p":200.0,"q":1.0,"b":0.0,"ms":7.3,"wi":7.18,"ei":8.2,"as":81.77,"mi":"E","mv":9955,"sc":1,"lpe":92.7,"lpr":231.8,"lq":1.0,"d":1136636},{"pi":"1496","pc":"Продукты питания","ss":10000,"td":"Центр города","dc":2,"n":332.3,"vc":"5766","sl":"Элитный","sv":"2000","p":1499.0,"q":39.02,"b":0.0,"ms":2.73,"wi":34.18,"ei":9.16,"as":412.47,"mi":"E","mv":73283,"sc":1,"lpe":97.27,"lpr":1003.79,"lq":1.0,"d":131326},{"pi":"1496","pc":"Продукты питания","ss":100000,"td":"Центр города","dc":1,"n":0.0,"vc":"2985","sl":"Элитный","sv":"1500","p":237.0,"q":1.0,"b":0.0,"ms":0.46,"wi":24.79,"ei":9.26,"as":119.81,"mi":"E","mv":328154,"sc":2,"lpe":99.14,"lpr":344.71,"lq":1.0,"d":1974278},{"pi":"1496","pc":"Продукты питания","ss":10000,"td":"Центр города","dc":1,"n":404.06,"vc":"25312","sl":"Элитный","sv":"1320","p":958.0,"q":29.29,"b":0.0,"ms":0.4,"wi":24.79,"ei":9.26,"as":119.81,"mi":"E","mv":328154,"sc":2,"lpe":99.14,"lpr":344.71,"lq":1.0,"d":1974278},{"pi":"1496","pc":"Продукты питания","ss":100000,"td":"Центр города","dc":3,"n":0.1,"vc":"2372","sl":"Элитный","sv":"5000","p":200.0,"q":1.0,"b":0.0,"ms":5.43,"wi":14.65,"ei":6.54,"as":79.26,"mi":"E","mv":92075,"sc":1,"lpe":94.57,"lpr":285.74,"lq":1.0,"d":1021814},{"pi":"1496","pc":"Продукты питания","ss":100000,"td":"Центр города","dc":4,"n":338.13,"vc":"104416","sl":"Элитный","sv":"100000","p":1000.0,"q":117.13,"b":0.0,"ms":8.94,"wi":51.27,"ei":6.64,"as":370.86,"mi":"E","mv":1118976,"sc":2,"lpe":91.06,"lpr":614.18,"lq":1.0,"d":4700000},{"pi":"1496","pc":"Продукты питания","ss":300000,"td":"Фешенебельный район","dc":9,"n":477.82,"vc":"136343","sl":"Элитный","sv":"47","p":3281.69,"q":95.5,"b":0.0,"ms":0.0,"wi":51.27,"ei":6.64,"as":370.86,"mi":"E","mv":1118976,"sc":2,"lpe":91.06,"lpr":614.18,"lq":1.0,"d":4700000},{"pi":"1496","pc":"Продукты питания","ss":200000,"td":"Центр города","dc":1,"n":452.18,"vc":"758763","sl":"Элитный","sv":"33028","p":1900.0,"q":117.13,"b":0.89,"ms":4.33,"wi":67.25,"ei":7.32,"as":515.94,"mi":"E","mv":762329,"sc":1,"lpe":95.67,"lpr":418.2,"lq":1.0,"d":3236177},{"pi":"1496","pc":"Продукты питания","ss":100000,"td":"Фешенебельный район","dc":2,"n":683.06,"vc":"316064","sl":"Очень высокий","sv":"20000","p":500.0,"q":130.92,"b":0.0,"ms":4.28,"wi":63.23,"ei":7.28,"as":458.84,"mi":"E","mv":467532,"sc":2,"lpe":95.32,"lpr":293.95,"lq":1.0,"d":605030},{"pi":"1496","pc":"Продукты питания","ss":100000,"td":"Центр города","dc":1,"n":487.14,"vc":"213514","sl":"Элитный","sv":"1900","p":143.0,"q":29.29,"b":0.0,"ms":0.41,"wi":63.23,"ei":7.28,"as":458.84,"mi":"E","mv":467532,"sc":2,"lpe":95.32,"lpr":293.95,"lq":1.0,"d":605030},{"pi":"1496","pc":"Продукты питания","ss":1000,"td":"Центр города","dc":4,"n":15.44,"vc":"384","sl":"Элитный","sv":"876","p":200.0,"q":1.0,"b":0.0,"ms":2.97,"wi":53.05,"ei":7.94,"as":430.69,"mi":"E","mv":29496,"sc":1,"lpe":97.03,"lpr":1202.53,"lq":1.0,"d":613916},{"pi":"1496","pc":"Продукты питания","ss":300000,"td":"Центр города","dc":2,"n":484.58,"vc":"1794342","sl":"Высокий","sv":"26418","p":3500.0,"q":117.11,"b":1.35,"ms":0.72,"wi":77.84,"ei":9.4,"as":711.83,"mi":"E","mv":3652582,"sc":1,"lpe":99.28,"lpr":735.6,"lq":1.0,"d":8555500},{"pi":"1496","pc":"Продукты питания","ss":100000,"td":"Центр города","dc":3,"n":45.82,"vc":"2476","sl":"Элитный","sv":"13103","p":315.0,"q":1.0,"b":0.0,"ms":30.29,"wi":27.33,"ei":6.54,"as":128.32,"mi":"E","mv":43252,"sc":1,"lpe":69.71,"lpr":639.7,"lq":1.05,"d":328880},{"pi":"1496","pc":"Продукты питания","ss":10000,"td":"Центр города","dc":1,"n":341.35,"vc":"10303","sl":"Элитный","sv":"550","p":2260.0,"q":29.29,"b":0.0,"ms":0.16,"wi":46.07,"ei":7.56,"as":306.73,"mi":"E","mv":340992,"sc":1,"lpe":99.84,"lpr":746.66,"lq":1.0,"d":569631},{"pi":"1496","pc":"Продукты питания","ss":120000,"td":"Центр города","dc":7,"n":303.55,"vc":"102732","sl":"Очень высокий","sv":"27872","p":3600.0,"q":16.09,"b":0.0,"ms":3.2,"wi":116.8,"ei":9.19,"as":733.47,"mi":"E","mv":872038,"sc":1,"lpe":96.8,"lpr":1345.5,"lq":1.0,"d":2524834},{"pi":"1496","pc":"Продукты питания","ss":110000,"td":"Центр города","dc":1,"n":423.62,"vc":"570250","sl":"Очень высокий","sv":"195285","p":2300.0,"q":131.48,"b":0.0,"ms":30.0,"wi":35.98,"ei":8.28,"as":251.65,"mi":"E","mv":650953,"sc":2,"lpe":69.59,"lpr":1190.88,"lq":3.05,"d":14352508},{"pi":"1496","pc":"Продукты питания","ss":100000,"td":"Центр города","dc":1,"n":278.39,"vc":"86890","sl":"Элитный","sv":"2700","p":142.0,"q":29.29,"b":0.0,"ms":0.41,"wi":35.98,"ei":8.28,"as":251.65,"mi":"E","mv":650953,"sc":2,"lpe":69.59,"lpr":1190.88,"lq":3.05,"d":14352508},{"pi":"1496","pc":"Продукты питания","ss":100000,"td":"Центр города","dc":2,"n":463.68,"vc":"402736","sl":"Очень высокий","sv":"1","p":1900.0,"q":117.06,"b":1.18,"ms":0.0,"wi":11.57,"ei":3.97,"as":105.73,"mi":"E","mv":74671,"sc":1,"lpe":100.0,"lpr":311.62,"lq":1.0,"d":6381918},{"pi":"1496","pc":"Продукты питания","ss":100000,"td":"Центр города","dc":1,"n":448.17,"vc":"169310","sl":"Элитный","sv":"6792","p":2500.0,"q":116.98,"b":0.0,"ms":4.22,"wi":68.62,"ei":8.4,"as":495.87,"mi":"E","mv":160967,"sc":1,"lpe":95.78,"lpr":502.24,"lq":1.0,"d":909632},{"pi":"1496","pc":"Продукты питания","ss":100000,"td":"Центр города","dc":5,"n":0.0,"vc":"3570","sl":"Элитный","sv":"7019","p":603.27,"q":28.66,"b":0.0,"ms":17.43,"wi":151.97,"ei":10.65,"as":2047.83,"mi":"E","mv":40276,"sc":1,"lpe":82.57,"lpr":4988.19,"lq":7.57,"d":1034298},{"pi":"1496","pc":"Продукты питания","ss":10000,"td":"Центр города","dc":1,"n":144.91,"vc":"3120","sl":"Элитный","sv":"260","p":1280.0,"q":29.29,"b":0.0,"ms":0.07,"wi":47.39,"ei":4.88,"as":232.49,"mi":"E","mv":390309,"sc":1,"lpe":99.93,"lpr":565.84,"lq":1.0,"d":1190767},{"pi":"1496","pc":"Продукты питания","ss":100000,"td":"Центр города","dc":1,"n":343.59,"vc":"111984","sl":"Элитный","sv":"1700","p":557.0,"q":29.29,"b":0.0,"ms":0.1,"wi":39.97,"ei":9.19,"as":127.29,"mi":"E","mv":1746875,"sc":1,"lpe":99.9,"lpr":309.98,"lq":1.0,"d":4940408},{"pi":"1496","pc":"Продукты питания","ss":100000,"td":"Центр города","dc":1,"n":367.69,"vc":"124142","sl":"Элитный","sv":"2900","p":779.0,"q":29.29,"b":0.0,"ms":0.39,"wi":29.93,"ei":6.58,"as":133.91,"mi":"E","mv":735006,"sc":1,"lpe":99.61,"lpr":326.06,"lq":1.0,"d":3420282},{"pi":"1496","pc":"Продукты питания","ss":20000,"td":"Центр города","dc":2,"n":195.43,"vc":"6849","sl":"Элитный","sv":"2000","p":699.0,"q":39.03,"b":0.0,"ms":0.24,"wi":94.35,"ei":19.67,"as":208.3,"mi":"E","mv":816878,"sc":1,"lpe":99.76,"lpr":514.45,"lq":1.0,"d":1322290},{"pi":"1496","pc":"Продукты питания","ss":1000,"td":"Центр города","dc":5,"n":16.43,"vc":"335","sl":"Очень высокий","sv":"1087","p":200.0,"q":1.0,"b":0.0,"ms":5.48,"wi":18.76,"ei":7.02,"as":145.94,"mi":"E","mv":19821,"sc":1,"lpe":94.52,"lpr":533.33,"lq":1.0,"d":411410},{"pi":"1496","pc":"Продукты питания","ss":1000,"td":"Центр города","dc":5,"n":15.84,"vc":"346","sl":"Очень высокий","sv":"251","p":200.0,"q":1.04,"b":0.0,"ms":0.87,"wi":16.94,"ei":5.12,"as":106.85,"mi":"E","mv":28725,"sc":1,"lpe":99.13,"lpr":435.82,"lq":1.0,"d":455056},{"pi":"1496","pc":"Продукты питания","ss":1000,"td":"Центр города","dc":5,"n":16.5,"vc":"317","sl":"Очень высокий","sv":"1094","p":200.0,"q":1.0,"b":0.0,"ms":4.22,"wi":15.17,"ei":4.35,"as":97.0,"mi":"E","mv":25950,"sc":1,"lpe":95.78,"lpr":344.52,"lq":1.0,"d":356256},{"pi":"1496","pc":"Продукты питания","ss":1000,"td":"Центр города","dc":6,"n":16.3,"vc":"381","sl":"Очень высокий","sv":"730","p":200.0,"q":1.0,"b":0.0,"ms":2.42,"wi":19.96,"ei":4.88,"as":136.92,"mi":"E","mv":30192,"sc":1,"lpe":97.58,"lpr":508.25,"lq":1.0,"d":591574},{"pi":"1496","pc":"Продукты питания","ss":1000,"td":"Центр города","dc":4,"n":16.41,"vc":"355","sl":"Элитный","sv":"970","p":160.0,"q":1.0,"b":0.0,"ms":5.22,"wi":16.6,"ei":8.61,"as":135.04,"mi":"E","mv":18600,"sc":1,"lpe":94.78,"lpr":669.41,"lq":1.0,"d":899824},{"pi":"1496","pc":"Продукты питания","ss":1000,"td":"Центр города","dc":5,"n":16.13,"vc":"671","sl":"Высокий","sv":"626","p":200.0,"q":1.0,"b":0.0,"ms":0.23,"wi":29.19,"ei":13.9,"as":57.84,"mi":"E","mv":267965,"sc":1,"lpe":99.77,"lpr":899.51,"lq":1.0,"d":3660917},{"pi":"1496","pc":"Продукты питания","ss":10000,"td":"Центр города","dc":2,"n":272.36,"vc":"5216","sl":"Элитный","sv":"2000","p":1999.0,"q":39.03,"b":0.0,"ms":1.72,"wi":69.66,"ei":6.22,"as":447.98,"mi":"E","mv":116178,"sc":1,"lpe":98.28,"lpr":1090.19,"lq":1.0,"d":350000},{"pi":"1496","pc":"Продукты питания","ss":10000,"td":"Центр города","dc":2,"n":241.64,"vc":"5019","sl":"Элитный","sv":"3000","p":1999.0,"q":39.03,"b":0.0,"ms":1.43,"wi":80.34,"ei":6.51,"as":470.38,"mi":"E","mv":209754,"sc":1,"lpe":98.57,"lpr":910.34,"lq":1.0,"d":600000}]