[{"pi":"370074","pc":"Товары для дома","ss":10000,"td":"Центр города","dc":3,"n":323.65,"vc":"11421","sl":"Очень высокий","sv":"30","p":93000.0,"q":13.97,"b":0.0,"ms":1.19,"wi":37.95,"ei":7.19,"as":1002.4,"mi":"E","mv":2520,"sc":1,"lpe":98.81,"lpr":32652.15,"lq":1.0,"d":1111176},{"pi":"370074","pc":"Товары для дома","ss":6000,"td":"Центр города","dc":1,"n":141.14,"vc":"4256","sl":"Элитный","sv":"20","p":46000.0,"q":11.67,"b":0.0,"ms":0.11,"wi":62.72,"ei":7.0,"as":1148.0,"mi":"E","mv":17866,"sc":2,"lpe":99.85,"lpr":37360.92,"lq":1.0,"d":2007074},{"pi":"370074","pc":"Товары для дома","ss":10000,"td":"Центр города","dc":1,"n":421.29,"vc":"28918","sl":"Очень высокий","sv":"6","p":99000.0,"q":13.97,"b":1.19,"ms":0.03,"wi":62.72,"ei":7.0,"as":1148.0,"mi":"E","mv":17866,"sc":2,"lpe":99.85,"lpr":37360.92,"lq":1.0,"d":2007074},{"pi":"370074","pc":"Товары для дома","ss":6000,"td":"Центр города","dc":1,"n":163.06,"vc":"2828","sl":"Элитный","sv":"24","p":44000.0,"q":11.67,"b":0.0,"ms":0.28,"wi":56.61,"ei":7.0,"as":1036.07,"mi":"E","mv":8603,"sc":1,"lpe":99.72,"lpr":33995.75,"lq":1.0,"d":1285176},{"pi":"370074","pc":"Товары для дома","ss":10000,"td":"Спальный район","dc":2,"n":458.88,"vc":"20586","sl":"Очень высокий","sv":"30","p":85000.0,"q":13.97,"b":0.28,"ms":0.97,"wi":49.39,"ei":7.0,"as":1230.33,"mi":"E","mv":3093,"sc":2,"lpe":98.38,"lpr":36405.22,"lq":1.0,"d":781464},{"pi":"370074","pc":"Товары для дома","ss":6000,"td":"Центр города","dc":1,"n":188.65,"vc":"2841","sl":"Элитный","sv":"20","p":38000.0,"q":11.67,"b":0.0,"ms":0.65,"wi":49.39,"ei":7.0,"as":1230.33,"mi":"E","mv":3093,"sc":2,"lpe":98.38,"lpr":36405.22,"lq":1.0,"d":781464},{"pi":"370074","pc":"Товары для дома","ss":3000,"td":"Центр города","dc":1,"n":237.4,"vc":"5745","sl":"Элитный","sv":"634","p":70000.0,"q":11.73,"b":0.0,"ms":3.52,"wi":58.91,"ei":7.0,"as":1299.6,"mi":"E","mv":18007,"sc":3,"lpe":95.02,"lpr":34451.39,"lq":1.0,"d":2111474},{"pi":"370074","pc":"Товары для дома","ss":100000,"td":"Центр города","dc":1,"n":408.83,"vc":"233606","sl":"Очень высокий","sv":"242","p":161800.0,"q":15.56,"b":4.05,"ms":1.34,"wi":58.91,"ei":7.0,"as":1299.6,"mi":"E","mv":18007,"sc":3,"lpe":95.02,"lpr":34451.39,"lq":1.0,"d":2111474},{"pi":"370074","pc":"Товары для дома","ss":6000,"td":"Центр города","dc":1,"n":138.26,"vc":"2830","sl":"Элитный","sv":"20","p":52000.0,"q":11.67,"b":0.0,"ms":0.11,"wi":58.91,"ei":7.0,"as":1299.6,"mi":"E","mv":18007,"sc":3,"lpe":95.02,"lpr":34451.39,"lq":1.0,"d":2111474},{"pi":"370074","pc":"Товары для дома","ss":12000,"td":"Спальный район","dc":1,"n":81.51,"vc":"3243","sl":"Элитный","sv":"1119","p":80000.0,"q":11.25,"b":0.0,"ms":0.94,"wi":79.78,"ei":9.46,"as":2502.0,"mi":"E","mv":119342,"sc":7,"lpe":96.99,"lpr":67984.93,"lq":1.0,"d":9185246},{"pi":"370074","pc":"Товары для дома","ss":60000,"td":"Центр города","dc":1,"n":369.41,"vc":"181348","sl":"Элитный","sv":"1100","p":220000.0,"q":17.2,"b":3.02,"ms":0.92,"wi":79.78,"ei":9.46,"as":2502.0,"mi":"E","mv":119342,"sc":7,"lpe":96.99,"lpr":67984.93,"lq":1.0,"d":9185246},{"pi":"370074","pc":"Товары для дома","ss":100000,"td":"Центр города","dc":1,"n":345.8,"vc":"213171","sl":"Элитный","sv":"590","p":230000.0,"q":18.06,"b":1.2,"ms":0.49,"wi":79.78,"ei":9.46,"as":2502.0,"mi":"E","mv":119342,"sc":7,"lpe":96.99,"lpr":67984.93,"lq":1.0,"d":9185246},{"pi":"370074","pc":"Товары для дома","ss":10000,"td":"Спальный район","dc":2,"n":203.36,"vc":"7370","sl":"Элитный","sv":"311","p":163000.0,"q":13.84,"b":0.25,"ms":0.26,"wi":79.78,"ei":9.46,"as":2502.0,"mi":"E","mv":119342,"sc":7,"lpe":96.99,"lpr":67984.93,"lq":1.0,"d":9185246},{"pi":"370074","pc":"Товары для дома","ss":30000,"td":"Центр города","dc":2,"n":321.33,"vc":"48512","sl":"Элитный","sv":"295","p":180000.0,"q":18.28,"b":0.54,"ms":0.25,"wi":79.78,"ei":9.46,"as":2502.0,"mi":"E","mv":119342,"sc":7,"lpe":96.99,"lpr":67984.93,"lq":1.0,"d":9185246},{"pi":"370074","pc":"Товары для дома","ss":90000,"td":"Пригород","dc":4,"n":441.69,"vc":"130711","sl":"Очень высокий","sv":"150","p":145000.0,"q":17.52,"b":0.13,"ms":0.13,"wi":79.78,"ei":9.46,"as":2502.0,"mi":"E","mv":119342,"sc":7,"lpe":96.99,"lpr":67984.93,"lq":1.0,"d":9185246},{"pi":"370074","pc":"Товары для дома","ss":6000,"td":"Центр города","dc":1,"n":77.89,"vc":"4662","sl":"Элитный","sv":"30","p":80000.0,"q":11.67,"b":0.0,"ms":0.03,"wi":79.78,"ei":9.46,"as":2502.0,"mi":"E","mv":119342,"sc":7,"lpe":96.99,"lpr":67984.93,"lq":1.0,"d":9185246},{"pi":"370074","pc":"Товары для дома","ss":10000,"td":"Центр города","dc":1,"n":256.23,"vc":"4782","sl":"Элитный","sv":"20","p":52000.0,"q":11.67,"b":0.0,"ms":0.65,"wi":61.17,"ei":7.54,"as":1230.25,"mi":"E","mv":3098,"sc":2,"lpe":99.03,"lpr":40673.26,"lq":1.0,"d":384017},{"pi":"370074","pc":"Товары для дома","ss":10000,"td":"Центр города","dc":1,"n":392.38,"vc":"13090","sl":"Элитный","sv":"10","p":105000.0,"q":13.97,"b":0.0,"ms":0.32,"wi":61.17,"ei":7.54,"as":1230.25,"mi":"E","mv":3098,"sc":2,"lpe":99.03,"lpr":40673.26,"lq":1.0,"d":384017}]