[{"pi":"370074","pc":"Товары для дома","ss":100000,"td":"Центр города","dc":1,"n":673.29,"vc":"1332703","sl":"Нормальный","sv":"1169","p":85000.0,"q":33.19,"b":5.82,"ms":25.54,"wi":156.39,"ei":6.41,"as":2315.25,"mi":"E","mv":4578,"sc":1,"lpe":74.46,"lpr":20824.77,"lq":3.0,"d":680780},{"pi":"370074","pc":"Товары для дома","ss":100000,"td":"Центр города","dc":2,"n":462.76,"vc":"418714","sl":"Высокий","sv":"250","p":199000.0,"q":31.07,"b":2.41,"ms":1.77,"wi":131.96,"ei":6.72,"as":1776.47,"mi":"E","mv":14131,"sc":1,"lpe":98.23,"lpr":89438.27,"lq":1.0,"d":2542506},{"pi":"370074","pc":"Товары для дома","ss":100000,"td":"Центр города","dc":1,"n":439.87,"vc":"338596","sl":"Элитный","sv":"320","p":89000.0,"q":31.07,"b":3.75,"ms":1.31,"wi":81.91,"ei":8.82,"as":546.4,"mi":"E","mv":24391,"sc":1,"lpe":98.69,"lpr":33365.83,"lq":1.0,"d":2598727},{"pi":"370074","pc":"Товары для дома","ss":100000,"td":"Центр города","dc":1,"n":496.36,"vc":"405114","sl":"Элитный","sv":"130","p":140000.0,"q":31.07,"b":2.99,"ms":4.01,"wi":108.65,"ei":7.35,"as":1291.6,"mi":"E","mv":3238,"sc":1,"lpe":95.99,"lpr":60146.6,"lq":1.0,"d":1033752},{"pi":"370074","pc":"Товары для дома","ss":200000,"td":"Центр города","dc":2,"n":559.12,"vc":"1517842","sl":"Нормальный","sv":"150","p":160000.0,"q":31.07,"b":2.99,"ms":5.58,"wi":109.29,"ei":6.7,"as":1597.06,"mi":"E","mv":2690,"sc":1,"lpe":94.42,"lpr":71421.75,"lq":1.0,"d":976806},{"pi":"370074","pc":"Товары для дома","ss":1000,"td":"Фешенебельный район","dc":1,"n":452.88,"vc":"1197","sl":"Элитный","sv":"1","p":93000.0,"q":31.07,"b":3.06,"ms":0.01,"wi":89.51,"ei":7.06,"as":573.3,"mi":"E","mv":6968,"sc":1,"lpe":99.99,"lpr":33838.37,"lq":1.0,"d":978294},{"pi":"370074","pc":"Товары для дома","ss":100000,"td":"Центр города","dc":2,"n":450.57,"vc":"270873","sl":"Очень высокий","sv":"300","p":120000.0,"q":31.07,"b":3.05,"ms":6.87,"wi":62.28,"ei":8.99,"as":967.35,"mi":"E","mv":4365,"sc":1,"lpe":93.13,"lpr":23528.61,"lq":1.0,"d":1023950},{"pi":"370074","pc":"Товары для дома","ss":10000,"td":"Центр города","dc":1,"n":491.56,"vc":"91107","sl":"Нормальный","sv":"40","p":102000.0,"q":31.07,"b":3.67,"ms":0.18,"wi":59.25,"ei":8.02,"as":811.4,"mi":"E","mv":22733,"sc":1,"lpe":99.82,"lpr":26122.6,"lq":1.0,"d":4968783},{"pi":"370074","pc":"Товары для дома","ss":100000,"td":"Центр города","dc":2,"n":530.78,"vc":"456160","sl":"Высокий","sv":"250","p":130000.0,"q":31.07,"b":3.5,"ms":6.59,"wi":191.47,"ei":9.72,"as":2008.97,"mi":"E","mv":3795,"sc":1,"lpe":93.41,"lpr":41844.59,"lq":1.0,"d":501060},{"pi":"370074","pc":"Товары для дома","ss":100000,"td":"Фешенебельный район","dc":2,"n":498.65,"vc":"83082","sl":"Элитный","sv":"450","p":180000.0,"q":31.07,"b":2.52,"ms":3.41,"wi":127.75,"ei":7.06,"as":1642.86,"mi":"E","mv":13205,"sc":1,"lpe":96.59,"lpr":78195.93,"lq":1.0,"d":2109186},{"pi":"370074","pc":"Товары для дома","ss":100000,"td":"Центр города","dc":1,"n":509.91,"vc":"470800","sl":"Очень высокий","sv":"355","p":88000.0,"q":31.07,"b":3.08,"ms":3.73,"wi":73.83,"ei":6.3,"as":571.53,"mi":"E","mv":9524,"sc":1,"lpe":96.27,"lpr":23141.64,"lq":1.0,"d":973156},{"pi":"370074","pc":"Товары для дома","ss":1000,"td":"Центр города","dc":1,"n":661.77,"vc":"12816","sl":"Низкий","sv":"81","p":74500.0,"q":29.76,"b":6.17,"ms":8.21,"wi":100.73,"ei":10.74,"as":1420.16,"mi":"E","mv":987,"sc":1,"lpe":91.79,"lpr":16968.58,"lq":1.0,"d":130817},{"pi":"370074","pc":"Товары для дома","ss":200000,"td":"Центр города","dc":2,"n":409.85,"vc":"645374","sl":"Очень высокий","sv":"300","p":86500.0,"q":31.07,"b":3.1,"ms":1.29,"wi":51.76,"ei":4.41,"as":655.66,"mi":"E","mv":23260,"sc":1,"lpe":98.71,"lpr":27133.78,"lq":1.0,"d":7172110},{"pi":"370074","pc":"Товары для дома","ss":100000,"td":"Центр города","dc":1,"n":555.91,"vc":"744792","sl":"Очень высокий","sv":"264","p":180000.0,"q":29.33,"b":2.65,"ms":9.56,"wi":113.29,"ei":8.52,"as":2226.16,"mi":"E","mv":2762,"sc":1,"lpe":90.44,"lpr":29093.21,"lq":1.0,"d":1235082},{"pi":"370074","pc":"Товары для дома","ss":200000,"td":"Фешенебельный район","dc":2,"n":502.8,"vc":"159526","sl":"Элитный","sv":"300","p":89000.0,"q":31.07,"b":4.0,"ms":1.75,"wi":78.65,"ei":6.43,"as":351.11,"mi":"E","mv":17180,"sc":1,"lpe":98.25,"lpr":22288.52,"lq":1.0,"d":1885836},{"pi":"370074","pc":"Товары для дома","ss":100000,"td":"Центр города","dc":2,"n":415.29,"vc":"229502","sl":"Очень высокий","sv":"350","p":150000.0,"q":31.07,"b":2.18,"ms":3.97,"wi":98.78,"ei":7.86,"as":1444.66,"mi":"E","mv":8815,"sc":1,"lpe":96.03,"lpr":60450.68,"lq":1.0,"d":1680666},{"pi":"370074","pc":"Товары для дома","ss":100000,"td":"Фешенебельный район","dc":1,"n":461.52,"vc":"62526","sl":"Элитный","sv":"900","p":199000.0,"q":31.07,"b":2.65,"ms":6.69,"wi":116.13,"ei":7.17,"as":2122.22,"mi":"E","mv":13453,"sc":1,"lpe":93.31,"lpr":87295.79,"lq":1.0,"d":2596850},{"pi":"370074","pc":"Товары для дома","ss":200000,"td":"Центр города","dc":1,"n":428.11,"vc":"868731","sl":"Элитный","sv":"2700","p":245000.01,"q":31.07,"b":2.18,"ms":10.87,"wi":102.86,"ei":10.85,"as":2744.68,"mi":"E","mv":24844,"sc":2,"lpe":78.57,"lpr":54821.68,"lq":5.16,"d":9744630},{"pi":"370074","pc":"Товары для дома","ss":100000,"td":"Центр города","dc":1,"n":555.64,"vc":"1636911","sl":"Нормальный","sv":"2625","p":234000.0,"q":34.71,"b":2.84,"ms":10.57,"wi":102.86,"ei":10.85,"as":2744.68,"mi":"E","mv":24844,"sc":2,"lpe":78.57,"lpr":54821.68,"lq":5.16,"d":9744630},{"pi":"370074","pc":"Товары для дома","ss":10000,"td":"Центр города","dc":2,"n":388.89,"vc":"38722","sl":"Высокий","sv":"300","p":94000.0,"q":31.07,"b":2.45,"ms":1.68,"wi":66.45,"ei":6.04,"as":318.0,"mi":"E","mv":17852,"sc":1,"lpe":98.32,"lpr":27772.51,"lq":1.0,"d":2877864},{"pi":"370074","pc":"Товары для дома","ss":100000,"td":"Фешенебельный район","dc":2,"n":533.97,"vc":"96682","sl":"Элитный","sv":"80","p":84000.0,"q":31.07,"b":4.0,"ms":0.75,"wi":78.09,"ei":6.42,"as":548.1,"mi":"E","mv":10719,"sc":1,"lpe":99.25,"lpr":23279.04,"lq":1.0,"d":1232684},{"pi":"370074","pc":"Товары для дома","ss":300000,"td":"Фешенебельный район","dc":2,"n":599.07,"vc":"289612","sl":"Элитный","sv":"235","p":120000.0,"q":30.78,"b":4.0,"ms":5.48,"wi":102.66,"ei":5.0,"as":366.29,"mi":"E","mv":4288,"sc":1,"lpe":94.52,"lpr":18300.66,"lq":1.0,"d":454964},{"pi":"370074","pc":"Товары для дома","ss":300000,"td":"Фешенебельный район","dc":2,"n":460.81,"vc":"147918","sl":"Элитный","sv":"800","p":135000.0,"q":31.07,"b":4.0,"ms":2.82,"wi":93.34,"ei":5.0,"as":474.39,"mi":"E","mv":28403,"sc":1,"lpe":97.18,"lpr":32439.4,"lq":1.0,"d":2970884},{"pi":"370074","pc":"Товары для дома","ss":100000,"td":"Центр города","dc":2,"n":545.81,"vc":"602406","sl":"Высокий","sv":"100","p":91000.0,"q":31.07,"b":3.25,"ms":1.41,"wi":64.2,"ei":7.41,"as":406.66,"mi":"E","mv":7073,"sc":1,"lpe":98.59,"lpr":25619.29,"lq":1.0,"d":733921},{"pi":"370074","pc":"Товары для дома","ss":100000,"td":"Фешенебельный район","dc":2,"n":586.67,"vc":"130200","sl":"Элитный","sv":"217","p":120000.0,"q":29.22,"b":2.18,"ms":8.7,"wi":75.57,"ei":8.11,"as":1269.9,"mi":"E","mv":2494,"sc":1,"lpe":91.3,"lpr":19529.89,"lq":1.0,"d":678178},{"pi":"370074","pc":"Товары для дома","ss":100000,"td":"Центр города","dc":1,"n":378.35,"vc":"217116","sl":"Элитный","sv":"150","p":94000.01,"q":31.07,"b":1.44,"ms":0.73,"wi":48.46,"ei":12.08,"as":459.52,"mi":"E","mv":20532,"sc":1,"lpe":99.27,"lpr":17740.93,"lq":1.0,"d":3957256}]