[{"pi":"3865","pc":"Бакалея","ss":100000,"td":"Центр города","dc":4,"n":301.71,"vc":"46555","sl":"Элитный","sv":"10000","p":800.0,"q":43.4,"b":3.0,"ms":3.03,"wi":55.12,"ei":8.36,"as":411.86,"mi":"E","mv":329679,"sc":1,"lpe":96.97,"lpr":424.42,"lq":1.0,"d":1271530},{"pi":"3865","pc":"Бакалея","ss":10000,"td":"Центр города","dc":2,"n":280.13,"vc":"5323","sl":"Элитный","sv":"10000","p":219.0,"q":19.68,"b":0.0,"ms":12.07,"wi":21.86,"ei":7.84,"as":163.23,"mi":"E","mv":82872,"sc":1,"lpe":87.93,"lpr":201.58,"lq":1.14,"d":338687},{"pi":"3865","pc":"Бакалея","ss":10000,"td":"Центр города","dc":2,"n":239.88,"vc":"5014","sl":"Элитный","sv":"14000","p":379.0,"q":19.68,"b":0.0,"ms":7.11,"wi":38.33,"ei":9.07,"as":212.54,"mi":"E","mv":196770,"sc":1,"lpe":92.89,"lpr":317.59,"lq":1.0,"d":620800},{"pi":"3865","pc":"Бакалея","ss":20000,"td":"Центр города","dc":2,"n":185.19,"vc":"7007","sl":"Элитный","sv":"18000","p":1069.0,"q":19.68,"b":0.0,"ms":1.39,"wi":66.51,"ei":8.76,"as":347.78,"mi":"E","mv":1297560,"sc":1,"lpe":98.61,"lpr":541.93,"lq":1.0,"d":1784134},{"pi":"3865","pc":"Бакалея","ss":100000,"td":"Центр города","dc":2,"n":314.93,"vc":"45967","sl":"Элитный","sv":"15000","p":500.0,"q":43.4,"b":3.0,"ms":10.16,"wi":65.36,"ei":8.06,"as":531.88,"mi":"E","mv":147617,"sc":2,"lpe":84.48,"lpr":158.36,"lq":1.0,"d":852721},{"pi":"3865","pc":"Бакалея","ss":10000,"td":"Центр города","dc":2,"n":314.93,"vc":"9760","sl":"Элитный","sv":"7906","p":700.0,"q":43.48,"b":3.0,"ms":5.36,"wi":65.36,"ei":8.06,"as":531.88,"mi":"E","mv":147617,"sc":2,"lpe":84.48,"lpr":158.36,"lq":1.0,"d":852721},{"pi":"3865","pc":"Бакалея","ss":10000,"td":"Центр города","dc":2,"n":325.71,"vc":"5678","sl":"Элитный","sv":"1000","p":599.0,"q":19.68,"b":0.0,"ms":3.77,"wi":29.41,"ei":8.73,"as":368.21,"mi":"E","mv":26554,"sc":1,"lpe":96.23,"lpr":550.25,"lq":1.0,"d":177578},{"pi":"3865","pc":"Бакалея","ss":10000,"td":"Центр города","dc":2,"n":268.9,"vc":"5206","sl":"Элитный","sv":"2000","p":859.0,"q":19.68,"b":0.0,"ms":0.76,"wi":62.27,"ei":13.35,"as":674.99,"mi":"E","mv":264397,"sc":1,"lpe":99.24,"lpr":847.6,"lq":1.0,"d":374441},{"pi":"3865","pc":"Бакалея","ss":21000,"td":"Центр города","dc":1,"n":407.7,"vc":"36797","sl":"Элитный","sv":"10000","p":200.0,"q":19.69,"b":0.0,"ms":18.94,"wi":112.2,"ei":10.46,"as":1478.26,"mi":"E","mv":52811,"sc":1,"lpe":81.06,"lpr":2303.16,"lq":15.21,"d":1132390},{"pi":"3865","pc":"Бакалея","ss":10000,"td":"Центр города","dc":2,"n":302.36,"vc":"5473","sl":"Элитный","sv":"1000","p":249.0,"q":19.68,"b":0.0,"ms":0.56,"wi":46.49,"ei":9.42,"as":383.85,"mi":"E","mv":178702,"sc":1,"lpe":99.44,"lpr":242.99,"lq":1.0,"d":223434},{"pi":"3865","pc":"Бакалея","ss":10000,"td":"Центр города","dc":2,"n":310.49,"vc":"5529","sl":"Элитный","sv":"1000","p":689.0,"q":19.68,"b":0.0,"ms":2.96,"wi":32.64,"ei":8.61,"as":475.98,"mi":"E","mv":33739,"sc":1,"lpe":97.04,"lpr":578.23,"lq":1.0,"d":352871},{"pi":"3865","pc":"Бакалея","ss":10000,"td":"Центр города","dc":2,"n":309.59,"vc":"5520","sl":"Элитный","sv":"8000","p":269.0,"q":19.68,"b":0.0,"ms":11.97,"wi":32.45,"ei":9.19,"as":353.09,"mi":"E","mv":66852,"sc":1,"lpe":88.03,"lpr":264.26,"lq":1.55,"d":258999},{"pi":"3865","pc":"Бакалея","ss":300000,"td":"Центр города","dc":7,"n":368.57,"vc":"375303","sl":"Очень высокий","sv":"500000","p":500.0,"q":43.4,"b":1.0,"ms":12.85,"wi":50.66,"ei":10.64,"as":327.0,"mi":"E","mv":3890638,"sc":1,"lpe":87.15,"lpr":371.54,"lq":2.38,"d":7537390},{"pi":"3865","pc":"Бакалея","ss":10000,"td":"Центр города","dc":2,"n":174.84,"vc":"4844","sl":"Элитный","sv":"14000","p":769.0,"q":19.68,"b":0.0,"ms":1.08,"wi":39.13,"ei":9.11,"as":204.86,"mi":"E","mv":1296238,"sc":1,"lpe":98.92,"lpr":319.25,"lq":1.0,"d":2224560},{"pi":"3865","pc":"Бакалея","ss":100000,"td":"Фешенебельный район","dc":1,"n":0.0,"vc":"333","sl":"Элитный","sv":"14979","p":817.62,"q":22.68,"b":0.0,"ms":25.74,"wi":119.42,"ei":10.05,"as":1379.85,"mi":"E","mv":58191,"sc":1,"lpe":74.26,"lpr":2073.65,"lq":6.66,"d":847456},{"pi":"3865","pc":"Бакалея","ss":10000,"td":"Центр города","dc":2,"n":311.12,"vc":"5535","sl":"Элитный","sv":"14000","p":189.0,"q":19.68,"b":0.0,"ms":11.17,"wi":24.79,"ei":5.22,"as":302.26,"mi":"E","mv":125320,"sc":1,"lpe":88.83,"lpr":166.98,"lq":1.09,"d":182800},{"pi":"3865","pc":"Бакалея","ss":10000,"td":"Центр города","dc":2,"n":308.67,"vc":"5512","sl":"Элитный","sv":"1000","p":699.0,"q":19.68,"b":0.0,"ms":3.9,"wi":32.98,"ei":4.6,"as":270.25,"mi":"E","mv":25670,"sc":1,"lpe":96.1,"lpr":421.13,"lq":1.0,"d":190258},{"pi":"3865","pc":"Бакалея","ss":10000,"td":"Центр города","dc":2,"n":364.63,"vc":"6180","sl":"Высокий","sv":"1000","p":499.0,"q":19.68,"b":0.0,"ms":10.32,"wi":15.77,"ei":5.63,"as":304.95,"mi":"E","mv":9687,"sc":1,"lpe":89.68,"lpr":458.66,"lq":2.97,"d":95245},{"pi":"3865","pc":"Бакалея","ss":10000,"td":"Центр города","dc":2,"n":289.61,"vc":"5364","sl":"Элитный","sv":"14000","p":379.0,"q":19.68,"b":0.0,"ms":10.64,"wi":43.59,"ei":7.31,"as":476.27,"mi":"E","mv":131538,"sc":1,"lpe":89.36,"lpr":343.05,"lq":2.18,"d":263256},{"pi":"3865","pc":"Бакалея","ss":300000,"td":"Фешенебельный район","dc":4,"n":474.38,"vc":"152404","sl":"Элитный","sv":"10241","p":1620.04853432282,"q":48.53,"b":2.2152133580705,"ms":0.98,"wi":62.0,"ei":7.93,"as":546.66,"mi":"E","mv":1045869,"sc":1,"lpe":99.02,"lpr":709.82,"lq":1.0,"d":7101416},{"pi":"3865","pc":"Бакалея","ss":10000,"td":"Центр города","dc":2,"n":250.37,"vc":"5088","sl":"Элитный","sv":"2000","p":899.0,"q":19.68,"b":0.0,"ms":1.8,"wi":60.54,"ei":6.77,"as":450.24,"mi":"E","mv":110834,"sc":1,"lpe":98.2,"lpr":701.56,"lq":1.0,"d":518786},{"pi":"3865","pc":"Бакалея","ss":11000,"td":"Пригород","dc":2,"n":265.61,"vc":"7225","sl":"Элитный","sv":"31132","p":2100.0,"q":21.44,"b":0.0,"ms":1.52,"wi":89.7,"ei":7.81,"as":615.72,"mi":"E","mv":2050624,"sc":1,"lpe":98.48,"lpr":1202.83,"lq":1.0,"d":11929900},{"pi":"3865","pc":"Бакалея","ss":10000,"td":"Центр города","dc":2,"n":249.21,"vc":"5081","sl":"Элитный","sv":"18000","p":469.0,"q":19.68,"b":0.0,"ms":8.01,"wi":48.51,"ei":15.71,"as":380.15,"mi":"E","mv":224798,"sc":1,"lpe":91.99,"lpr":417.39,"lq":1.0,"d":545196},{"pi":"3865","pc":"Бакалея","ss":10000,"td":"Центр города","dc":2,"n":219.38,"vc":"4940","sl":"Элитный","sv":"16000","p":1039.0,"q":19.68,"b":0.0,"ms":2.63,"wi":56.24,"ei":7.07,"as":380.48,"mi":"E","mv":608909,"sc":1,"lpe":97.37,"lpr":592.87,"lq":1.0,"d":917721},{"pi":"3865","pc":"Бакалея","ss":10000,"td":"Центр города","dc":2,"n":255.1,"vc":"5116","sl":"Элитный","sv":"14000","p":449.0,"q":19.68,"b":0.0,"ms":6.05,"wi":53.32,"ei":6.45,"as":372.85,"mi":"E","mv":231270,"sc":1,"lpe":93.95,"lpr":387.65,"lq":1.0,"d":476878},{"pi":"3865","pc":"Бакалея","ss":100000,"td":"Центр города","dc":2,"n":530.32,"vc":"616671","sl":"Высокий","sv":"17782","p":700.0,"q":53.23,"b":3.0,"ms":1.89,"wi":25.6,"ei":7.49,"as":134.1,"mi":"E","mv":939338,"sc":1,"lpe":98.11,"lpr":158.67,"lq":1.0,"d":3825606},{"pi":"3865","pc":"Бакалея","ss":100000,"td":"Центр города","dc":2,"n":559.12,"vc":"540230","sl":"Высокий","sv":"1877","p":3750.0,"q":52.93,"b":8.95,"ms":2.83,"wi":128.72,"ei":10.42,"as":1556.58,"mi":"E","mv":66397,"sc":1,"lpe":97.17,"lpr":669.29,"lq":1.0,"d":372987},{"pi":"3865","pc":"Бакалея","ss":20000,"td":"Фешенебельный район","dc":1,"n":308.1,"vc":"2088","sl":"Элитный","sv":"164","p":967.59,"q":52.57,"b":3.0,"ms":0.1,"wi":45.2,"ei":10.88,"as":313.5,"mi":"E","mv":168645,"sc":1,"lpe":99.9,"lpr":204.75,"lq":1.0,"d":762894},{"pi":"3865","pc":"Бакалея","ss":100000,"td":"Центр города","dc":1,"n":453.6,"vc":"182376","sl":"Элитный","sv":"4100","p":55.2,"q":15.95,"b":0.0,"ms":8.42,"wi":17.71,"ei":7.81,"as":93.95,"mi":"E","mv":48672,"sc":1,"lpe":91.58,"lpr":512.86,"lq":1.0,"d":969146},{"pi":"3865","pc":"Бакалея","ss":100000,"td":"Центр города","dc":6,"n":511.0,"vc":"627888","sl":"Низкий","sv":"1600","p":367.51,"q":15.98,"b":0.0,"ms":0.53,"wi":154.18,"ei":9.34,"as":2208.0,"mi":"E","mv":302170,"sc":1,"lpe":99.47,"lpr":2030.33,"lq":1.0,"d":2149998},{"pi":"3865","pc":"Бакалея","ss":100000,"td":"Фешенебельный район","dc":1,"n":488.68,"vc":"137228","sl":"Элитный","sv":"182194","p":500.0,"q":49.8,"b":0.0,"ms":2.49,"wi":166.72,"ei":9.88,"as":2625.25,"mi":"E","mv":7330106,"sc":2,"lpe":95.77,"lpr":654.44,"lq":1.0,"d":11635600},{"pi":"3865","pc":"Бакалея","ss":100000,"td":"Центр города","dc":2,"n":269.01,"vc":"73775","sl":"Элитный","sv":"127876","p":512.0,"q":19.69,"b":0.0,"ms":1.74,"wi":166.72,"ei":9.88,"as":2625.25,"mi":"E","mv":7330106,"sc":2,"lpe":95.77,"lpr":654.44,"lq":1.0,"d":11635600},{"pi":"3865","pc":"Бакалея","ss":10000,"td":"Центр города","dc":2,"n":160.23,"vc":"4863","sl":"Элитный","sv":"12000","p":1999.0,"q":19.68,"b":0.0,"ms":1.63,"wi":62.14,"ei":7.68,"as":426.52,"mi":"E","mv":736275,"sc":1,"lpe":98.37,"lpr":664.59,"lq":1.0,"d":3062821},{"pi":"3865","pc":"Бакалея","ss":100000,"td":"Центр города","dc":5,"n":241.82,"vc":"35151","sl":"Элитный","sv":"200000","p":200.0,"q":43.4,"b":3.0,"ms":9.31,"wi":60.31,"ei":7.67,"as":446.7,"mi":"E","mv":2148051,"sc":2,"lpe":89.99,"lpr":151.82,"lq":1.01,"d":2952988},{"pi":"3865","pc":"Бакалея","ss":100000,"td":"Центр города","dc":1,"n":356.68,"vc":"159112","sl":"Элитный","sv":"15000","p":418.22,"q":19.69,"b":0.0,"ms":0.7,"wi":60.31,"ei":7.67,"as":446.7,"mi":"E","mv":2148051,"sc":2,"lpe":89.99,"lpr":151.82,"lq":1.01,"d":2952988},{"pi":"3865","pc":"Бакалея","ss":10000,"td":"Центр города","dc":2,"n":245.06,"vc":"5084","sl":"Элитный","sv":"14000","p":279.0,"q":19.68,"b":0.0,"ms":5.84,"wi":39.18,"ei":7.04,"as":341.21,"mi":"E","mv":239912,"sc":1,"lpe":94.16,"lpr":211.66,"lq":1.0,"d":579186},{"pi":"3865","pc":"Бакалея","ss":10000,"td":"Центр города","dc":2,"n":265.13,"vc":"5175","sl":"Элитный","sv":"8000","p":239.0,"q":19.68,"b":0.0,"ms":9.31,"wi":25.39,"ei":7.39,"as":309.33,"mi":"E","mv":85957,"sc":1,"lpe":90.69,"lpr":171.53,"lq":1.0,"d":398700},{"pi":"3865","pc":"Бакалея","ss":100000,"td":"Центр города","dc":3,"n":286.76,"vc":"41200","sl":"Элитный","sv":"50000","p":500.0,"q":43.4,"b":3.0,"ms":12.04,"wi":109.66,"ei":9.0,"as":663.67,"mi":"E","mv":415432,"sc":1,"lpe":87.96,"lpr":983.99,"lq":6.25,"d":1352330},{"pi":"3865","pc":"Бакалея","ss":10000,"td":"Центр города","dc":1,"n":198.62,"vc":"5448","sl":"Элитный","sv":"500","p":1660.0,"q":15.95,"b":0.0,"ms":0.05,"wi":67.13,"ei":8.56,"as":483.67,"mi":"E","mv":971393,"sc":1,"lpe":99.95,"lpr":753.42,"lq":1.0,"d":1883126},{"pi":"3865","pc":"Бакалея","ss":10000,"td":"Центр города","dc":2,"n":339.77,"vc":"10211","sl":"Элитный","sv":"20000","p":220.0,"q":43.4,"b":5.01,"ms":14.72,"wi":59.67,"ei":7.81,"as":544.37,"mi":"E","mv":135895,"sc":1,"lpe":85.28,"lpr":162.39,"lq":1.15,"d":573980},{"pi":"3865","pc":"Бакалея","ss":10000,"td":"Центр города","dc":2,"n":334.65,"vc":"10117","sl":"Элитный","sv":"20000","p":420.0,"q":43.4,"b":5.01,"ms":13.24,"wi":38.17,"ei":6.88,"as":313.1,"mi":"E","mv":151066,"sc":1,"lpe":86.76,"lpr":302.84,"lq":1.97,"d":622911},{"pi":"3865","pc":"Бакалея","ss":10000,"td":"Центр города","dc":1,"n":383.79,"vc":"11165","sl":"Элитный","sv":"10000","p":200.0,"q":43.4,"b":5.01,"ms":24.53,"wi":29.66,"ei":7.86,"as":403.0,"mi":"E","mv":40759,"sc":1,"lpe":75.47,"lpr":104.98,"lq":1.11,"d":520217},{"pi":"3865","pc":"Бакалея","ss":300000,"td":"Фешенебельный район","dc":9,"n":497.37,"vc":"140384","sl":"Элитный","sv":"5647","p":1664.37229502391,"q":50.33,"b":8.42747653621392,"ms":0.33,"wi":171.48,"ei":10.04,"as":2283.46,"mi":"E","mv":1711932,"sc":2,"lpe":99.61,"lpr":440.83,"lq":1.0,"d":2986744},{"pi":"3865","pc":"Бакалея","ss":100000,"td":"Окраина","dc":2,"n":345.54,"vc":"57408","sl":"Элитный","sv":"960","p":382.0,"q":19.69,"b":0.0,"ms":0.06,"wi":171.48,"ei":10.04,"as":2283.46,"mi":"E","mv":1711932,"sc":2,"lpe":99.61,"lpr":440.83,"lq":1.0,"d":2986744},{"pi":"3865","pc":"Бакалея","ss":300000,"td":"Фешенебельный район","dc":10,"n":536.81,"vc":"181132","sl":"Очень высокий","sv":"12781","p":1469.59539237931,"q":50.66,"b":8.61077693451217,"ms":1.15,"wi":125.88,"ei":10.29,"as":1744.48,"mi":"E","mv":1110983,"sc":1,"lpe":98.85,"lpr":371.12,"lq":1.0,"d":2094907},{"pi":"3865","pc":"Бакалея","ss":10000,"td":"Центр города","dc":2,"n":414.87,"vc":"11959","sl":"Высокий","sv":"3000","p":500.0,"q":43.4,"b":5.01,"ms":10.85,"wi":29.91,"ei":6.71,"as":368.36,"mi":"E","mv":27646,"sc":1,"lpe":89.15,"lpr":517.33,"lq":3.13,"d":209430},{"pi":"3865","pc":"Бакалея","ss":100000,"td":"Центр города","dc":3,"n":268.77,"vc":"38586","sl":"Элитный","sv":"51336","p":1500.0,"q":42.76,"b":3.24097183263207,"ms":17.32,"wi":172.43,"ei":9.83,"as":2165.58,"mi":"E","mv":296463,"sc":1,"lpe":82.68,"lpr":390.37,"lq":2.53,"d":1838430},{"pi":"3865","pc":"Бакалея","ss":10000,"td":"Центр города","dc":2,"n":441.22,"vc":"12717","sl":"Элитный","sv":"3000","p":500.0,"q":43.4,"b":5.01,"ms":16.15,"wi":30.74,"ei":6.23,"as":371.23,"mi":"E","mv":18571,"sc":1,"lpe":83.85,"lpr":520.57,"lq":3.27,"d":125991},{"pi":"3865","pc":"Бакалея","ss":200000,"td":"Центр города","dc":2,"n":679.77,"vc":"3925830","sl":"Низкий","sv":"250000","p":70.0,"q":49.8,"b":0.0,"ms":45.97,"wi":59.42,"ei":8.65,"as":472.08,"mi":"E","mv":543847,"sc":2,"lpe":53.63,"lpr":71.84,"lq":1.0,"d":747777},{"pi":"3865","pc":"Бакалея","ss":100000,"td":"Центр города","dc":1,"n":471.94,"vc":"198677","sl":"Элитный","sv":"2200","p":28.0,"q":15.95,"b":0.0,"ms":0.4,"wi":59.42,"ei":8.65,"as":472.08,"mi":"E","mv":543847,"sc":2,"lpe":53.63,"lpr":71.84,"lq":1.0,"d":747777},{"pi":"3865","pc":"Бакалея","ss":100000,"td":"Центр города","dc":1,"n":452.3,"vc":"181219","sl":"Элитный","sv":"1700","p":888.0,"q":15.95,"b":0.0,"ms":0.25,"wi":81.87,"ei":13.22,"as":341.21,"mi":"E","mv":676093,"sc":1,"lpe":99.75,"lpr":479.76,"lq":1.0,"d":986148},{"pi":"3865","pc":"Бакалея","ss":100000,"td":"Центр города","dc":1,"n":434.64,"vc":"167050","sl":"Элитный","sv":"20000","p":290.0,"q":15.95,"b":0.59,"ms":2.21,"wi":62.59,"ei":7.65,"as":519.76,"mi":"E","mv":903112,"sc":1,"lpe":97.79,"lpr":384.89,"lq":1.0,"d":1269608},{"pi":"3865","pc":"Бакалея","ss":100000,"td":"Центр города","dc":2,"n":304.24,"vc":"44027","sl":"Элитный","sv":"300000","p":100.0,"q":43.4,"b":3.0,"ms":40.79,"wi":101.65,"ei":9.63,"as":1310.12,"mi":"E","mv":735562,"sc":1,"lpe":59.21,"lpr":88.03,"lq":1.1,"d":1011386},{"pi":"3865","pc":"Бакалея","ss":100000,"td":"Центр города","dc":2,"n":308.67,"vc":"44850","sl":"Элитный","sv":"40000","p":300.0,"q":43.4,"b":3.0,"ms":20.24,"wi":119.43,"ei":9.61,"as":1300.02,"mi":"E","mv":197582,"sc":1,"lpe":79.76,"lpr":318.25,"lq":1.99,"d":944174},{"pi":"3865","pc":"Бакалея","ss":100000,"td":"Спальный район","dc":1,"n":372.46,"vc":"100362","sl":"Элитный","sv":"63400","p":152.41,"q":16.97,"b":0.0,"ms":18.6,"wi":149.8,"ei":10.5,"as":2028.6,"mi":"E","mv":340860,"sc":2,"lpe":72.6,"lpr":212.29,"lq":1.68,"d":1167470},{"pi":"3865","pc":"Бакалея","ss":100000,"td":"Фешенебельный район","dc":2,"n":430.76,"vc":"23443","sl":"Элитный","sv":"30000","p":400.0,"q":43.4,"b":3.0,"ms":8.8,"wi":149.8,"ei":10.5,"as":2028.6,"mi":"E","mv":340860,"sc":2,"lpe":72.6,"lpr":212.29,"lq":1.68,"d":1167470},{"pi":"3865","pc":"Бакалея","ss":10000,"td":"Центр города","dc":2,"n":332.3,"vc":"5766","sl":"Элитный","sv":"14000","p":249.0,"q":19.68,"b":0.0,"ms":14.66,"wi":34.18,"ei":9.16,"as":412.47,"mi":"E","mv":95519,"sc":1,"lpe":85.34,"lpr":232.69,"lq":1.43,"d":131326},{"pi":"3865","pc":"Бакалея","ss":100000,"td":"Спальный район","dc":1,"n":0.0,"vc":"3357","sl":"Элитный","sv":"6000","p":111.0,"q":19.69,"b":0.0,"ms":0.71,"wi":24.79,"ei":9.26,"as":119.81,"mi":"E","mv":844570,"sc":2,"lpe":99.21,"lpr":186.74,"lq":1.0,"d":1974278},{"pi":"3865","pc":"Бакалея","ss":100000,"td":"Центр города","dc":1,"n":262.49,"vc":"37243","sl":"Элитный","sv":"650","p":950.0,"q":15.95,"b":0.0,"ms":0.08,"wi":24.79,"ei":9.26,"as":119.81,"mi":"E","mv":844570,"sc":2,"lpe":99.21,"lpr":186.74,"lq":1.0,"d":1974278},{"pi":"3865","pc":"Бакалея","ss":100000,"td":"Центр города","dc":4,"n":338.13,"vc":"104416","sl":"Элитный","sv":"200000","p":666.0,"q":43.4,"b":1.0,"ms":10.13,"wi":51.27,"ei":6.64,"as":370.86,"mi":"E","mv":1974765,"sc":2,"lpe":89.87,"lpr":229.11,"lq":1.42,"d":4700000},{"pi":"3865","pc":"Бакалея","ss":300000,"td":"Фешенебельный район","dc":9,"n":477.82,"vc":"136343","sl":"Элитный","sv":"24","p":1469.41,"q":46.82,"b":0.666666666666667,"ms":0.0,"wi":51.27,"ei":6.64,"as":370.86,"mi":"E","mv":1974765,"sc":2,"lpe":89.87,"lpr":229.11,"lq":1.42,"d":4700000},{"pi":"3865","pc":"Бакалея","ss":100000,"td":"Центр города","dc":4,"n":230.59,"vc":"33966","sl":"Элитный","sv":"200000","p":600.0,"q":43.4,"b":3.0,"ms":14.59,"wi":187.03,"ei":10.4,"as":1951.81,"mi":"E","mv":1370542,"sc":1,"lpe":85.41,"lpr":624.86,"lq":3.95,"d":3644912},{"pi":"3865","pc":"Бакалея","ss":100000,"td":"Центр города","dc":1,"n":487.14,"vc":"213514","sl":"Элитный","sv":"3000","p":1450.0,"q":15.95,"b":0.0,"ms":0.68,"wi":63.23,"ei":7.28,"as":458.84,"mi":"E","mv":440030,"sc":1,"lpe":99.32,"lpr":355.45,"lq":1.0,"d":605030},{"pi":"3865","pc":"Бакалея","ss":100000,"td":"Центр города","dc":2,"n":225.27,"vc":"17932","sl":"Элитный","sv":"10000","p":300.0,"q":43.4,"b":3.0,"ms":8.99,"wi":47.4,"ei":8.54,"as":466.69,"mi":"E","mv":111196,"sc":1,"lpe":91.01,"lpr":405.07,"lq":1.0,"d":679976},{"pi":"3865","pc":"Бакалея","ss":100000,"td":"Центр города","dc":4,"n":186.81,"vc":"30056","sl":"Элитный","sv":"600000","p":483.88,"q":43.4,"b":3.0,"ms":9.69,"wi":77.84,"ei":9.4,"as":711.83,"mi":"E","mv":6190355,"sc":1,"lpe":90.31,"lpr":417.16,"lq":1.0,"d":8555500},{"pi":"3865","pc":"Бакалея","ss":10000,"td":"Центр города","dc":1,"n":214.17,"vc":"4022","sl":"Элитный","sv":"240","p":1170.0,"q":15.95,"b":0.0,"ms":0.06,"wi":46.07,"ei":7.56,"as":306.73,"mi":"E","mv":384910,"sc":1,"lpe":99.94,"lpr":477.97,"lq":1.0,"d":569631},{"pi":"3865","pc":"Бакалея","ss":100000,"td":"Центр города","dc":3,"n":250.62,"vc":"36214","sl":"Элитный","sv":"200000","p":700.0,"q":43.4,"b":1.0,"ms":10.89,"wi":116.8,"ei":9.19,"as":733.47,"mi":"E","mv":1836592,"sc":1,"lpe":89.11,"lpr":592.69,"lq":3.85,"d":2524834},{"pi":"3865","pc":"Бакалея","ss":100000,"td":"Центр города","dc":1,"n":423.88,"vc":"527991","sl":"Очень высокий","sv":"567254","p":400.0,"q":56.74,"b":1.0,"ms":6.4,"wi":35.98,"ei":8.28,"as":251.65,"mi":"E","mv":8868836,"sc":2,"lpe":93.53,"lpr":218.92,"lq":1.0,"d":14352508},{"pi":"3865","pc":"Бакалея","ss":100000,"td":"Центр города","dc":1,"n":275.93,"vc":"84860","sl":"Элитный","sv":"6200","p":155.0,"q":15.95,"b":0.0,"ms":0.07,"wi":35.98,"ei":8.28,"as":251.65,"mi":"E","mv":8868836,"sc":2,"lpe":93.53,"lpr":218.92,"lq":1.0,"d":14352508},{"pi":"3865","pc":"Бакалея","ss":10000,"td":"Центр города","dc":1,"n":273.11,"vc":"13248","sl":"Элитный","sv":"50","p":1090.0,"q":15.94,"b":0.0,"ms":0.0,"wi":39.97,"ei":9.19,"as":127.29,"mi":"E","mv":2695065,"sc":1,"lpe":100.0,"lpr":195.56,"lq":1.0,"d":4940408},{"pi":"3865","pc":"Бакалея","ss":100000,"td":"Центр города","dc":1,"n":367.69,"vc":"124142","sl":"Элитный","sv":"1900","p":848.0,"q":15.95,"b":0.0,"ms":0.17,"wi":29.93,"ei":6.58,"as":133.91,"mi":"E","mv":1099419,"sc":1,"lpe":99.83,"lpr":208.71,"lq":1.0,"d":3420282},{"pi":"3865","pc":"Бакалея","ss":20000,"td":"Центр города","dc":2,"n":195.43,"vc":"6849","sl":"Элитный","sv":"12000","p":999.0,"q":19.68,"b":0.0,"ms":1.48,"wi":94.35,"ei":19.67,"as":208.3,"mi":"E","mv":808154,"sc":1,"lpe":98.52,"lpr":324.72,"lq":1.0,"d":1322290},{"pi":"3865","pc":"Бакалея","ss":10000,"td":"Центр города","dc":2,"n":272.36,"vc":"5216","sl":"Элитный","sv":"14000","p":749.0,"q":19.68,"b":0.0,"ms":10.35,"wi":69.66,"ei":6.22,"as":447.98,"mi":"E","mv":135267,"sc":1,"lpe":89.65,"lpr":576.19,"lq":3.7,"d":350000},{"pi":"3865","pc":"Бакалея","ss":10000,"td":"Центр города","dc":2,"n":241.64,"vc":"5019","sl":"Элитный","sv":"18000","p":599.0,"q":19.68,"b":0.0,"ms":5.4,"wi":80.34,"ei":6.51,"as":470.38,"mi":"E","mv":333582,"sc":1,"lpe":94.6,"lpr":417.28,"lq":1.0,"d":600000}]