[{"pi":"423387","pc":"Продукты питания","ss":100000,"td":"Центр города","dc":1,"n":557.35,"vc":"357942","sl":"Элитный","sv":"1347","p":5500.0,"q":14.18,"b":4.3,"ms":2.73,"wi":93.4,"ei":9.12,"as":1117.2,"mi":"E","mv":49417,"sc":1,"lpe":97.27,"lpr":1370.5,"lq":1.0,"d":384781},{"pi":"423387","pc":"Продукты питания","ss":100000,"td":"Фешенебельный район","dc":1,"n":420.76,"vc":"20337","sl":"Элитный","sv":"10000","p":1400.0,"q":14.19,"b":1.52,"ms":8.8,"wi":62.28,"ei":8.99,"as":967.35,"mi":"E","mv":113637,"sc":1,"lpe":91.2,"lpr":1029.76,"lq":1.0,"d":1023950},{"pi":"423387","pc":"Продукты питания","ss":100000,"td":"Фешенебельный район","dc":2,"n":488.84,"vc":"27305","sl":"Элитный","sv":"1000","p":750.0,"q":14.19,"b":1.52,"ms":2.94,"wi":51.5,"ei":7.4,"as":852.42,"mi":"E","mv":33985,"sc":1,"lpe":97.06,"lpr":1034.77,"lq":1.0,"d":366048},{"pi":"423387","pc":"Продукты питания","ss":100000,"td":"Фешенебельный район","dc":2,"n":540.52,"vc":"34549","sl":"Элитный","sv":"3000","p":650.0,"q":14.19,"b":1.52,"ms":14.39,"wi":74.03,"ei":6.9,"as":1107.15,"mi":"E","mv":20842,"sc":1,"lpe":85.61,"lpr":1029.57,"lq":1.25,"d":173342},{"pi":"423387","pc":"Продукты питания","ss":10000,"td":"Фешенебельный район","dc":9,"n":404.72,"vc":"3477","sl":"Очень низкий","sv":"599","p":1200.0,"q":2.24,"b":1.77,"ms":0.41,"wi":45.03,"ei":10.64,"as":673.75,"mi":"E","mv":144741,"sc":1,"lpe":99.59,"lpr":1035.72,"lq":1.0,"d":2541514},{"pi":"423387","pc":"Продукты питания","ss":9400,"td":"Фешенебельный район","dc":10,"n":344.39,"vc":"4418","sl":"Низкий","sv":"1318","p":1100.0,"q":1.97,"b":1.71247344461305,"ms":0.26,"wi":59.25,"ei":8.02,"as":811.4,"mi":"E","mv":498831,"sc":1,"lpe":99.74,"lpr":1109.37,"lq":1.0,"d":4968783},{"pi":"423387","pc":"Продукты питания","ss":100000,"td":"Фешенебельный район","dc":2,"n":518.61,"vc":"31229","sl":"Элитный","sv":"6265","p":690.0,"q":13.98,"b":1.52,"ms":36.4,"wi":55.05,"ei":6.69,"as":836.95,"mi":"E","mv":17210,"sc":1,"lpe":63.6,"lpr":152.83,"lq":1.02,"d":237098},{"pi":"423387","pc":"Продукты питания","ss":1200,"td":"Центр города","dc":2,"n":178.7,"vc":"735","sl":"Очень высокий","sv":"470","p":765.98,"q":2.72,"b":0.0,"ms":4.5,"wi":19.47,"ei":5.91,"as":526.89,"mi":"E","mv":10456,"sc":1,"lpe":95.5,"lpr":869.33,"lq":1.0,"d":1222279},{"pi":"423387","pc":"Продукты питания","ss":200000,"td":"Центр города","dc":1,"n":416.66,"vc":"370881","sl":"Элитный","sv":"384","p":2900.0,"q":2.38,"b":0.0,"ms":0.07,"wi":60.25,"ei":9.36,"as":614.31,"mi":"E","mv":580889,"sc":1,"lpe":99.93,"lpr":1090.16,"lq":1.0,"d":3832748},{"pi":"423387","pc":"Продукты питания","ss":20000,"td":"Центр города","dc":6,"n":97.14,"vc":"2847","sl":"Элитный","sv":"755","p":2699.99,"q":3.39,"b":0.87,"ms":1.91,"wi":113.29,"ei":8.52,"as":2226.16,"mi":"E","mv":39569,"sc":1,"lpe":98.09,"lpr":2871.76,"lq":1.0,"d":1235082},{"pi":"423387","pc":"Продукты питания","ss":10000,"td":"Центр города","dc":2,"n":73.63,"vc":"2419","sl":"Очень высокий","sv":"226","p":2400.0,"q":2.84,"b":0.0,"ms":0.09,"wi":116.13,"ei":7.17,"as":2122.22,"mi":"E","mv":246312,"sc":1,"lpe":99.91,"lpr":4080.64,"lq":1.0,"d":2596850},{"pi":"423387","pc":"Продукты питания","ss":100000,"td":"Центр города","dc":1,"n":310.52,"vc":"103344","sl":"Элитный","sv":"96987","p":5200.0,"q":14.16,"b":1.34,"ms":12.11,"wi":102.86,"ei":10.85,"as":2744.68,"mi":"E","mv":800880,"sc":1,"lpe":87.89,"lpr":1923.73,"lq":2.48,"d":9744630},{"pi":"423387","pc":"Продукты питания","ss":100000,"td":"Центр города","dc":1,"n":436.78,"vc":"225926","sl":"Элитный","sv":"10000","p":6000.0,"q":14.19,"b":2.7,"ms":2.74,"wi":99.69,"ei":9.31,"as":1270.5,"mi":"E","mv":364665,"sc":1,"lpe":97.26,"lpr":2529.2,"lq":1.0,"d":2836484}]