[{"pi":"312799","pc":"Товары для дома","ss":10000,"td":"Центр города","dc":3,"n":323.65,"vc":"11421","sl":"Очень высокий","sv":"20","p":2080.0,"q":12.3,"b":0.0,"ms":0.02,"wi":37.95,"ei":7.19,"as":1002.4,"mi":"E","mv":106588,"sc":1,"lpe":99.98,"lpr":961.62,"lq":1.0,"d":1111176},{"pi":"312799","pc":"Товары для дома","ss":6000,"td":"Центр города","dc":1,"n":141.14,"vc":"4256","sl":"Элитный","sv":"450","p":2000.0,"q":4.17,"b":0.0,"ms":0.13,"wi":62.72,"ei":7.0,"as":1148.0,"mi":"E","mv":358779,"sc":1,"lpe":99.87,"lpr":1963.68,"lq":1.0,"d":2007074},{"pi":"312799","pc":"Товары для дома","ss":6000,"td":"Центр города","dc":1,"n":163.06,"vc":"2828","sl":"Элитный","sv":"506","p":1850.0,"q":4.17,"b":0.0,"ms":0.28,"wi":56.61,"ei":7.0,"as":1036.07,"mi":"E","mv":179975,"sc":1,"lpe":99.72,"lpr":1883.02,"lq":1.0,"d":1285176},{"pi":"312799","pc":"Товары для дома","ss":6000,"td":"Центр города","dc":1,"n":188.65,"vc":"2841","sl":"Элитный","sv":"450","p":2300.0,"q":4.17,"b":0.0,"ms":0.76,"wi":49.39,"ei":7.0,"as":1230.33,"mi":"E","mv":59301,"sc":2,"lpe":98.9,"lpr":2239.63,"lq":1.0,"d":781464},{"pi":"312799","pc":"Товары для дома","ss":10000,"td":"Спальный район","dc":2,"n":458.88,"vc":"20586","sl":"Очень высокий","sv":"200","p":5000.0,"q":12.3,"b":0.28,"ms":0.34,"wi":49.39,"ei":7.0,"as":1230.33,"mi":"E","mv":59301,"sc":2,"lpe":98.9,"lpr":2239.63,"lq":1.0,"d":781464},{"pi":"312799","pc":"Товары для дома","ss":100000,"td":"Центр города","dc":1,"n":408.83,"vc":"233606","sl":"Очень высокий","sv":"3863","p":10050.0,"q":14.19,"b":4.05,"ms":1.13,"wi":58.91,"ei":7.0,"as":1299.6,"mi":"E","mv":342087,"sc":4,"lpe":98.39,"lpr":2265.96,"lq":1.0,"d":2111474},{"pi":"312799","pc":"Товары для дома","ss":30000,"td":"Центр города","dc":2,"n":390.32,"vc":"77572","sl":"Очень высокий","sv":"1000","p":5500.0,"q":14.79,"b":1.78,"ms":0.29,"wi":58.91,"ei":7.0,"as":1299.6,"mi":"E","mv":342087,"sc":4,"lpe":98.39,"lpr":2265.96,"lq":1.0,"d":2111474},{"pi":"312799","pc":"Товары для дома","ss":6000,"td":"Центр города","dc":1,"n":138.26,"vc":"2830","sl":"Элитный","sv":"450","p":2400.0,"q":4.17,"b":0.0,"ms":0.13,"wi":58.91,"ei":7.0,"as":1299.6,"mi":"E","mv":342087,"sc":4,"lpe":98.39,"lpr":2265.96,"lq":1.0,"d":2111474},{"pi":"312799","pc":"Товары для дома","ss":10000,"td":"Центр города","dc":1,"n":417.81,"vc":"28687","sl":"Элитный","sv":"200","p":5000.0,"q":12.3,"b":0.28,"ms":0.06,"wi":58.91,"ei":7.0,"as":1299.6,"mi":"E","mv":342087,"sc":4,"lpe":98.39,"lpr":2265.96,"lq":1.0,"d":2111474},{"pi":"312799","pc":"Товары для дома","ss":60000,"td":"Центр города","dc":1,"n":369.41,"vc":"181348","sl":"Элитный","sv":"3028","p":12000.0,"q":14.57,"b":0.0,"ms":0.21,"wi":79.78,"ei":9.46,"as":2502.0,"mi":"E","mv":1411100,"sc":9,"lpe":99.24,"lpr":4223.53,"lq":1.0,"d":9185246},{"pi":"312799","pc":"Товары для дома","ss":100000,"td":"Центр города","dc":1,"n":345.8,"vc":"213171","sl":"Элитный","sv":"2954","p":13000.0,"q":14.71,"b":1.2,"ms":0.21,"wi":79.78,"ei":9.46,"as":2502.0,"mi":"E","mv":1411100,"sc":9,"lpe":99.24,"lpr":4223.53,"lq":1.0,"d":9185246},{"pi":"312799","pc":"Товары для дома","ss":90000,"td":"Пригород","dc":4,"n":441.69,"vc":"130711","sl":"Очень высокий","sv":"2000","p":7100.0,"q":13.81,"b":0.06,"ms":0.14,"wi":79.78,"ei":9.46,"as":2502.0,"mi":"E","mv":1411100,"sc":9,"lpe":99.24,"lpr":4223.53,"lq":1.0,"d":9185246},{"pi":"312799","pc":"Товары для дома","ss":30000,"td":"Центр города","dc":2,"n":321.33,"vc":"48512","sl":"Элитный","sv":"1000","p":11000.0,"q":14.12,"b":0.54,"ms":0.07,"wi":79.78,"ei":9.46,"as":2502.0,"mi":"E","mv":1411100,"sc":9,"lpe":99.24,"lpr":4223.53,"lq":1.0,"d":9185246},{"pi":"312799","pc":"Товары для дома","ss":10000,"td":"Спальный район","dc":2,"n":203.36,"vc":"7370","sl":"Элитный","sv":"1000","p":9070.0,"q":12.3,"b":0.25,"ms":0.07,"wi":79.78,"ei":9.46,"as":2502.0,"mi":"E","mv":1411100,"sc":9,"lpe":99.24,"lpr":4223.53,"lq":1.0,"d":9185246},{"pi":"312799","pc":"Товары для дома","ss":6000,"td":"Центр города","dc":1,"n":77.89,"vc":"4662","sl":"Элитный","sv":"450","p":4300.0,"q":4.17,"b":0.0,"ms":0.03,"wi":79.78,"ei":9.46,"as":2502.0,"mi":"E","mv":1411100,"sc":9,"lpe":99.24,"lpr":4223.53,"lq":1.0,"d":9185246},{"pi":"312799","pc":"Товары для дома","ss":12000,"td":"Спальный район","dc":1,"n":81.51,"vc":"3243","sl":"Элитный","sv":"200","p":8000.0,"q":8.31,"b":0.0,"ms":0.01,"wi":79.78,"ei":9.46,"as":2502.0,"mi":"E","mv":1411100,"sc":9,"lpe":99.24,"lpr":4223.53,"lq":1.0,"d":9185246},{"pi":"312799","pc":"Товары для дома","ss":110100,"td":"Центр города","dc":3,"n":353.76,"vc":"165025","sl":"Элитный","sv":"21","p":20000.0,"q":10.01,"b":0.0,"ms":0.0,"wi":79.78,"ei":9.46,"as":2502.0,"mi":"E","mv":1411100,"sc":9,"lpe":99.24,"lpr":4223.53,"lq":1.0,"d":9185246},{"pi":"312799","pc":"Товары для дома","ss":130000,"td":"Центр города","dc":1,"n":189.14,"vc":"36669","sl":"Элитный","sv":"1","p":21000.0,"q":10.1,"b":0.0,"ms":0.0,"wi":79.78,"ei":9.46,"as":2502.0,"mi":"E","mv":1411100,"sc":9,"lpe":99.24,"lpr":4223.53,"lq":1.0,"d":9185246},{"pi":"312799","pc":"Товары для дома","ss":10000,"td":"Центр города","dc":1,"n":256.23,"vc":"4782","sl":"Элитный","sv":"450","p":2400.0,"q":4.17,"b":0.0,"ms":0.68,"wi":61.17,"ei":7.54,"as":1230.25,"mi":"E","mv":65706,"sc":1,"lpe":99.32,"lpr":2235.69,"lq":1.0,"d":384017},{"pi":"312799","pc":"Товары для дома","ss":100000,"td":"Центр города","dc":2,"n":400.34,"vc":"136240","sl":"Элитный","sv":"3794","p":4000.0,"q":16.79,"b":0.0,"ms":1.15,"wi":65.52,"ei":7.0,"as":1059.0,"mi":"E","mv":330809,"sc":1,"lpe":98.85,"lpr":1822.49,"lq":1.0,"d":1819400}]