[{"d":"03.01.2017","r":2.0,"q":1.01,"p":12000.0,"s":[{"ui":"3245440","t":2.0,"r":2.0,"q":1.01,"p":12000.0,"mot":"U","mo":2.0},{"cn":"","ui":"","t":0.0,"r":0.0,"q":0.0,"p":0.0,"mot":"L","mo":0.0}]},{"d":"04.01.2017","r":3.0,"q":1.5,"p":12000.0,"s":[{"ui":"3245440","t":3.0,"r":3.0,"q":1.5,"p":12000.0,"mot":"U","mo":3.0},{"cn":"","ui":"","t":0.0,"r":0.0,"q":0.0,"p":0.0,"mot":"L","mo":0.0}]},{"d":"05.01.2017","r":4.0,"q":1.75,"p":12000.0,"s":[{"ui":"3245440","t":4.0,"r":4.0,"q":1.75,"p":12000.0,"mot":"U","mo":4.0},{"cn":"","ui":"","t":0.0,"r":0.0,"q":0.0,"p":0.0,"mot":"L","mo":0.0}]},{"d":"06.01.2017","r":5.0,"q":1.89,"p":12000.0,"s":[{"ui":"3245440","t":5.0,"r":5.0,"q":1.89,"p":12000.0,"mot":"U","mo":5.0},{"cn":"","ui":"","t":0.0,"r":0.0,"q":0.0,"p":0.0,"mot":"L","mo":0.0}]},{"d":"07.01.2017","r":6.0,"q":1.99,"p":12000.0,"s":[{"ui":"3245440","t":6.0,"r":6.0,"q":1.99,"p":12000.0,"mot":"U","mo":6.0},{"cn":"","ui":"","t":0.0,"r":0.0,"q":0.0,"p":0.0,"mot":"L","mo":0.0}]},{"d":"08.01.2017","r":7.0,"q":2.06,"p":12000.0,"s":[{"ui":"3245440","t":7.0,"r":7.0,"q":2.06,"p":12000.0,"mot":"U","mo":7.0},{"cn":"","ui":"","t":0.0,"r":0.0,"q":0.0,"p":0.0,"mot":"L","mo":0.0}]},{"d":"09.01.2017","r":8.0,"q":2.12,"p":12000.0,"s":[{"ui":"3245440","t":8.0,"r":8.0,"q":2.12,"p":12000.0,"mot":"U","mo":8.0},{"cn":"","ui":"","t":0.0,"r":0.0,"q":0.0,"p":0.0,"mot":"L","mo":0.0}]},{"d":"10.01.2017","r":9.0,"q":2.16,"p":12000.0,"s":[{"ui":"3245440","t":9.0,"r":9.0,"q":2.16,"p":12000.0,"mot":"U","mo":9.0},{"cn":"","ui":"","t":0.0,"r":0.0,"q":0.0,"p":0.0,"mot":"L","mo":0.0}]},{"d":"11.01.2017","r":10.0,"q":2.19,"p":12000.0,"s":[{"ui":"3245440","t":10.0,"r":10.0,"q":2.19,"p":12000.0,"mot":"U","mo":10.0},{"cn":"","ui":"","t":0.0,"r":0.0,"q":0.0,"p":0.0,"mot":"L","mo":0.0}]},{"d":"12.01.2017","r":11.0,"q":2.22,"p":12000.0,"s":[{"ui":"3245440","t":11.0,"r":11.0,"q":2.22,"p":12000.0,"mot":"U","mo":11.0},{"cn":"","ui":"","t":0.0,"r":0.0,"q":0.0,"p":0.0,"mot":"L","mo":0.0}]},{"d":"13.01.2017","r":12.0,"q":2.24,"p":12000.0,"s":[{"ui":"3245440","t":12.0,"r":12.0,"q":2.24,"p":12000.0,"mot":"U","mo":12.0},{"cn":"","ui":"","t":0.0,"r":0.0,"q":0.0,"p":0.0,"mot":"L","mo":0.0}]},{"d":"14.01.2017","r":13.0,"q":2.26,"p":12000.0,"s":[{"ui":"3245440","t":13.0,"r":13.0,"q":2.26,"p":12000.0,"mot":"U","mo":13.0},{"cn":"","ui":"","t":0.0,"r":0.0,"q":0.0,"p":0.0,"mot":"L","mo":0.0}]},{"d":"15.01.2017","r":14.0,"q":2.27,"p":12000.0,"s":[{"ui":"3245440","t":14.0,"r":14.0,"q":2.27,"p":12000.0,"mot":"U","mo":14.0},{"cn":"","ui":"","t":0.0,"r":0.0,"q":0.0,"p":0.0,"mot":"L","mo":0.0}]},{"d":"16.01.2017","r":15.0,"q":2.29,"p":12000.0,"s":[{"ui":"3245440","t":15.0,"r":15.0,"q":2.29,"p":12000.0,"mot":"U","mo":15.0},{"cn":"","ui":"","t":0.0,"r":0.0,"q":0.0,"p":0.0,"mot":"L","mo":0.0}]},{"d":"17.01.2017","r":16.0,"q":2.3,"p":12000.0,"s":[{"ui":"3245440","t":16.0,"r":16.0,"q":2.3,"p":12000.0,"mot":"U","mo":16.0},{"cn":"","ui":"","t":0.0,"r":0.0,"q":0.0,"p":0.0,"mot":"L","mo":0.0}]},{"d":"18.01.2017","r":17.0,"q":2.32,"p":12000.0,"s":[{"ui":"3245440","t":17.0,"r":17.0,"q":2.32,"p":12000.0,"mot":"U","mo":17.0},{"cn":"","ui":"","t":0.0,"r":0.0,"q":0.0,"p":0.0,"mot":"L","mo":0.0}]},{"d":"19.01.2017","r":18.0,"q":2.36,"p":12000.0,"s":[{"ui":"3245440","t":18.0,"r":18.0,"q":2.36,"p":12000.0,"mot":"U","mo":18.0},{"cn":"","ui":"","t":0.0,"r":0.0,"q":0.0,"p":0.0,"mot":"L","mo":0.0}]},{"d":"20.01.2017","r":19.0,"q":2.39,"p":12000.0,"s":[{"ui":"3245440","t":19.0,"r":19.0,"q":2.39,"p":12000.0,"mot":"U","mo":19.0},{"cn":"","ui":"","t":0.0,"r":0.0,"q":0.0,"p":0.0,"mot":"L","mo":0.0}]},{"d":"21.01.2017","r":20.0,"q":2.42,"p":12000.0,"s":[{"ui":"3245440","t":20.0,"r":20.0,"q":2.42,"p":12000.0,"mot":"U","mo":20.0},{"cn":"","ui":"","t":0.0,"r":0.0,"q":0.0,"p":0.0,"mot":"L","mo":0.0}]},{"d":"22.01.2017","r":21.0,"q":2.46,"p":12000.0,"s":[{"ui":"3245440","t":21.0,"r":21.0,"q":2.46,"p":12000.0,"mot":"U","mo":21.0},{"cn":"","ui":"","t":0.0,"r":0.0,"q":0.0,"p":0.0,"mot":"L","mo":0.0}]},{"d":"23.01.2017","r":22.0,"q":2.49,"p":12000.0,"s":[{"ui":"3245440","t":22.0,"r":22.0,"q":2.49,"p":12000.0,"mot":"U","mo":22.0},{"cn":"","ui":"","t":0.0,"r":0.0,"q":0.0,"p":0.0,"mot":"L","mo":0.0}]},{"d":"24.01.2017","r":23.0,"q":2.53,"p":12000.0,"s":[{"ui":"3245440","t":23.0,"r":23.0,"q":2.53,"p":12000.0,"mot":"U","mo":23.0},{"cn":"","ui":"","t":0.0,"r":0.0,"q":0.0,"p":0.0,"mot":"L","mo":0.0}]},{"d":"25.01.2017","r":24.0,"q":2.57,"p":12000.0,"s":[{"ui":"3245440","t":24.0,"r":24.0,"q":2.57,"p":12000.0,"mot":"U","mo":24.0},{"cn":"","ui":"","t":0.0,"r":0.0,"q":0.0,"p":0.0,"mot":"L","mo":0.0}]},{"d":"26.01.2017","r":25.0,"q":2.6,"p":12000.0,"s":[{"ui":"3245440","t":25.0,"r":25.0,"q":2.6,"p":12000.0,"mot":"U","mo":25.0},{"cn":"","ui":"","t":0.0,"r":0.0,"q":0.0,"p":0.0,"mot":"L","mo":0.0}]},{"d":"27.01.2017","r":26.0,"q":2.65,"p":12000.0,"s":[{"ui":"3245440","t":26.0,"r":26.0,"q":2.65,"p":12000.0,"mot":"U","mo":26.0},{"cn":"","ui":"","t":0.0,"r":0.0,"q":0.0,"p":0.0,"mot":"L","mo":0.0}]},{"d":"28.01.2017","r":27.0,"q":2.69,"p":12000.0,"s":[{"ui":"3245440","t":27.0,"r":27.0,"q":2.69,"p":12000.0,"mot":"U","mo":27.0},{"cn":"","ui":"","t":0.0,"r":0.0,"q":0.0,"p":0.0,"mot":"L","mo":0.0}]},{"d":"29.01.2017","r":28.0,"q":2.74,"p":11900.0,"s":[{"ui":"3245440","t":28.0,"r":28.0,"q":2.74,"p":11900.0,"mot":"U","mo":28.0},{"cn":"","ui":"","t":0.0,"r":0.0,"q":0.0,"p":0.0,"mot":"L","mo":0.0}]},{"d":"30.01.2017","r":29.0,"q":2.79,"p":11900.0,"s":[{"ui":"3245440","t":29.0,"r":29.0,"q":2.79,"p":11900.0,"mot":"U","mo":29.0},{"cn":"","ui":"","t":0.0,"r":0.0,"q":0.0,"p":0.0,"mot":"L","mo":0.0}]},{"d":"31.01.2017","r":30.0,"q":2.85,"p":11900.0,"s":[{"ui":"3245440","t":30.0,"r":30.0,"q":2.85,"p":11900.0,"mot":"U","mo":30.0},{"cn":"","ui":"","t":0.0,"r":0.0,"q":0.0,"p":0.0,"mot":"L","mo":0.0}]},{"d":"01.02.2017","r":31.0,"q":2.9,"p":11900.0,"s":[{"ui":"3245440","t":31.0,"r":31.0,"q":2.9,"p":11900.0,"mot":"U","mo":31.0},{"cn":"","ui":"","t":0.0,"r":0.0,"q":0.0,"p":0.0,"mot":"L","mo":0.0}]},{"d":"02.02.2017","r":32.0,"q":2.95,"p":11900.0,"s":[{"ui":"3245440","t":32.0,"r":32.0,"q":2.95,"p":11900.0,"mot":"U","mo":32.0},{"cn":"","ui":"","t":0.0,"r":0.0,"q":0.0,"p":0.0,"mot":"L","mo":0.0}]},{"d":"03.02.2017","r":33.0,"q":3.0,"p":11900.0,"s":[{"ui":"3245440","t":33.0,"r":33.0,"q":3.0,"p":11900.0,"mot":"U","mo":33.0},{"cn":"","ui":"","t":0.0,"r":0.0,"q":0.0,"p":0.0,"mot":"L","mo":0.0}]},{"d":"04.02.2017","r":34.0,"q":3.06,"p":11900.0,"s":[{"ui":"3245440","t":34.0,"r":34.0,"q":3.06,"p":11900.0,"mot":"U","mo":34.0},{"cn":"","ui":"","t":0.0,"r":0.0,"q":0.0,"p":0.0,"mot":"L","mo":0.0}]},{"d":"05.02.2017","r":35.0,"q":3.11,"p":11900.0,"s":[{"ui":"3245440","t":35.0,"r":35.0,"q":3.11,"p":11900.0,"mot":"U","mo":35.0},{"cn":"","ui":"","t":0.0,"r":0.0,"q":0.0,"p":0.0,"mot":"L","mo":0.0}]},{"d":"06.02.2017","r":36.0,"q":3.16,"p":11900.0,"s":[{"ui":"3245440","t":36.0,"r":36.0,"q":3.16,"p":11900.0,"mot":"U","mo":36.0},{"cn":"","ui":"","t":0.0,"r":0.0,"q":0.0,"p":0.0,"mot":"L","mo":0.0}]},{"d":"07.02.2017","r":37.0,"q":3.21,"p":11900.0,"s":[{"ui":"3245440","t":37.0,"r":37.0,"q":3.21,"p":11900.0,"mot":"U","mo":37.0},{"cn":"","ui":"","t":0.0,"r":0.0,"q":0.0,"p":0.0,"mot":"L","mo":0.0}]},{"d":"08.02.2017","r":38.0,"q":3.26,"p":11900.0,"s":[{"ui":"3245440","t":38.0,"r":38.0,"q":3.26,"p":11900.0,"mot":"U","mo":38.0},{"cn":"","ui":"","t":0.0,"r":0.0,"q":0.0,"p":0.0,"mot":"L","mo":0.0}]},{"d":"09.02.2017","r":39.0,"q":3.32,"p":11900.0,"s":[{"ui":"3245440","t":39.0,"r":39.0,"q":3.32,"p":11900.0,"mot":"U","mo":39.0},{"cn":"","ui":"","t":0.0,"r":0.0,"q":0.0,"p":0.0,"mot":"L","mo":0.0}]},{"d":"10.02.2017","r":40.0,"q":3.37,"p":11900.0,"s":[{"ui":"3245440","t":40.0,"r":40.0,"q":3.37,"p":11900.0,"mot":"U","mo":40.0},{"cn":"","ui":"","t":0.0,"r":0.0,"q":0.0,"p":0.0,"mot":"L","mo":0.0}]},{"d":"11.02.2017","r":41.0,"q":3.43,"p":11900.0,"s":[{"ui":"3245440","t":41.0,"r":41.0,"q":3.43,"p":11900.0,"mot":"U","mo":41.0},{"cn":"","ui":"","t":0.0,"r":0.0,"q":0.0,"p":0.0,"mot":"L","mo":0.0}]},{"d":"12.02.2017","r":42.0,"q":3.48,"p":11900.0,"s":[{"ui":"3245440","t":42.0,"r":42.0,"q":3.48,"p":11900.0,"mot":"U","mo":42.0},{"cn":"","ui":"","t":0.0,"r":0.0,"q":0.0,"p":0.0,"mot":"L","mo":0.0}]},{"d":"13.02.2017","r":43.0,"q":3.54,"p":11900.0,"s":[{"ui":"3245440","t":43.0,"r":43.0,"q":3.54,"p":11900.0,"mot":"U","mo":43.0},{"cn":"","ui":"","t":0.0,"r":0.0,"q":0.0,"p":0.0,"mot":"L","mo":0.0}]},{"d":"14.02.2017","r":44.0,"q":3.6,"p":11900.0,"s":[{"ui":"3245440","t":44.0,"r":44.0,"q":3.6,"p":11900.0,"mot":"U","mo":44.0},{"cn":"","ui":"","t":0.0,"r":0.0,"q":0.0,"p":0.0,"mot":"L","mo":0.0}]},{"d":"15.02.2017","r":50565.0,"q":11.52,"p":1509.17,"s":[{"ui":"3652235","t":53520.0,"r":50520.0,"q":11.53,"p":1500.0,"mot":"U","mo":50520.0},{"cn":"","ui":"","t":45.0,"r":45.0,"q":3.65,"p":11800.0,"mot":"L","mo":45.0}]},{"d":"16.02.2017","r":47358.0,"q":11.52,"p":1510.0,"s":[{"ui":"3652235","t":50416.0,"r":47312.0,"q":11.53,"p":1500.0,"mot":"U","mo":47312.0},{"cn":"","ui":"","t":46.0,"r":46.0,"q":3.71,"p":11800.0,"mot":"L","mo":46.0}]},{"d":"17.02.2017","r":44263.0,"q":11.52,"p":1510.94,"s":[{"ui":"3652235","t":47316.0,"r":44216.0,"q":11.53,"p":1500.0,"mot":"U","mo":44216.0},{"cn":"","ui":"","t":47.0,"r":47.0,"q":3.76,"p":11800.0,"mot":"L","mo":47.0}]},{"d":"18.02.2017","r":45950.0,"q":11.59,"p":1510.76,"s":[{"ui":"3652235","t":49002.0,"r":45902.0,"q":11.6,"p":1500.0,"mot":"U","mo":45902.0},{"cn":"","ui":"","t":48.0,"r":48.0,"q":3.82,"p":11800.0,"mot":"L","mo":48.0}]},{"d":"19.02.2017","r":47637.0,"q":11.64,"p":1510.59,"s":[{"ui":"3652235","t":50688.0,"r":47588.0,"q":11.65,"p":1500.0,"mot":"U","mo":47588.0},{"cn":"","ui":"","t":49.0,"r":49.0,"q":3.87,"p":11800.0,"mot":"L","mo":49.0}]},{"d":"20.02.2017","r":46284.0,"q":11.69,"p":1511.13,"s":[{"ui":"3652235","t":50854.0,"r":46234.0,"q":11.7,"p":1500.0,"mot":"U","mo":46234.0},{"cn":"","ui":"","t":50.0,"r":50.0,"q":3.92,"p":11800.0,"mot":"L","mo":50.0}]},{"d":"21.02.2017","r":46451.0,"q":11.73,"p":1511.31,"s":[{"ui":"3652235","t":51020.0,"r":46400.0,"q":11.74,"p":1500.0,"mot":"U","mo":46400.0},{"cn":"","ui":"","t":51.0,"r":51.0,"q":3.97,"p":11800.0,"mot":"L","mo":51.0}]},{"d":"22.02.2017","r":46618.0,"q":12.02,"p":1511.49,"s":[{"ui":"3652235","t":51186.0,"r":46566.0,"q":12.03,"p":1500.0,"mot":"U","mo":46566.0},{"cn":"","ui":"","t":52.0,"r":52.0,"q":4.02,"p":11800.0,"mot":"L","mo":52.0}]},{"d":"23.02.2017","r":46984.0,"q":12.29,"p":1511.62,"s":[{"ui":"3652235","t":51571.0,"r":46931.0,"q":12.3,"p":1500.0,"mot":"U","mo":46931.0},{"cn":"","ui":"","t":53.0,"r":53.0,"q":4.08,"p":11800.0,"mot":"L","mo":53.0}]},{"d":"24.02.2017","r":47349.0,"q":12.54,"p":1511.75,"s":[{"ui":"3652235","t":51943.0,"r":47295.0,"q":12.55,"p":1500.0,"mot":"U","mo":47295.0},{"cn":"","ui":"","t":54.0,"r":54.0,"q":4.12,"p":11800.0,"mot":"L","mo":54.0}]},{"d":"25.02.2017","r":47727.0,"q":12.76,"p":1511.87,"s":[{"ui":"3652235","t":52320.0,"r":47672.0,"q":12.77,"p":1500.0,"mot":"U","mo":47672.0},{"cn":"","ui":"","t":55.0,"r":55.0,"q":4.17,"p":11800.0,"mot":"L","mo":55.0}]},{"d":"26.02.2017","r":48105.0,"q":12.96,"p":1511.99,"s":[{"ui":"3652235","t":52697.0,"r":48049.0,"q":12.97,"p":1500.0,"mot":"U","mo":48049.0},{"cn":"","ui":"","t":56.0,"r":56.0,"q":4.22,"p":11800.0,"mot":"L","mo":56.0}]},{"d":"27.02.2017","r":48423.0,"q":13.14,"p":1512.12,"s":[{"ui":"3652235","t":53044.0,"r":48366.0,"q":13.15,"p":1500.0,"mot":"U","mo":48366.0},{"cn":"","ui":"","t":57.0,"r":57.0,"q":4.27,"p":11800.0,"mot":"L","mo":57.0}]},{"d":"28.02.2017","r":48779.0,"q":13.3,"p":1512.25,"s":[{"ui":"3652235","t":53399.0,"r":48721.0,"q":13.31,"p":1500.0,"mot":"U","mo":48721.0},{"cn":"","ui":"","t":58.0,"r":58.0,"q":4.31,"p":11800.0,"mot":"L","mo":58.0}]},{"d":"01.03.2017","r":49135.0,"q":13.44,"p":1512.37,"s":[{"ui":"3652235","t":53754.0,"r":49076.0,"q":13.45,"p":1500.0,"mot":"U","mo":49076.0},{"cn":"","ui":"","t":59.0,"r":59.0,"q":4.36,"p":11800.0,"mot":"L","mo":59.0}]},{"d":"02.03.2017","r":49499.0,"q":13.57,"p":1512.49,"s":[{"ui":"3652235","t":54109.0,"r":49439.0,"q":13.58,"p":1500.0,"mot":"U","mo":49439.0},{"cn":"","ui":"","t":60.0,"r":60.0,"q":4.4,"p":11800.0,"mot":"L","mo":60.0}]},{"d":"03.03.2017","r":49853.0,"q":13.69,"p":1512.19,"s":[{"cn":"Maxi-Co LTD","ui":"3652235","t":54464.0,"r":49794.0,"q":13.7,"p":1500.0,"mot":"U","mo":49794.0},{"cn":"","ui":"","t":59.0,"r":59.0,"q":4.45,"p":11800.0,"mot":"L","mo":59.0}]},{"d":"04.03.2017","r":50209.0,"q":13.79,"p":1512.31,"s":[{"cn":"Maxi-Co LTD","ui":"3652235","t":54819.0,"r":50149.0,"q":13.8,"p":1500.0,"mot":"U","mo":50149.0},{"cn":"","ui":"","t":60.0,"r":60.0,"q":4.49,"p":11800.0,"mot":"L","mo":60.0}]},{"d":"05.03.2017","r":50565.0,"q":13.89,"p":1512.43,"s":[{"cn":"Maxi-Co LTD","ui":"3652235","t":55174.0,"r":50504.0,"q":13.9,"p":1500.0,"mot":"U","mo":50504.0},{"cn":"","ui":"","t":61.0,"r":61.0,"q":4.54,"p":11800.0,"mot":"L","mo":61.0}]},{"d":"06.03.2017","r":50921.0,"q":13.98,"p":1512.54,"s":[{"cn":"Maxi-Co LTD","ui":"3652235","t":55529.0,"r":50859.0,"q":13.99,"p":1500.0,"mot":"U","mo":50859.0},{"cn":"","ui":"","t":62.0,"r":62.0,"q":4.58,"p":11800.0,"mot":"L","mo":62.0}]},{"d":"07.03.2017","r":51277.0,"q":14.05,"p":1512.53,"s":[{"cn":"Maxi-Co LTD","ui":"3652235","t":55884.0,"r":51214.0,"q":14.06,"p":1500.0,"mot":"U","mo":51214.0},{"cn":"","ui":"","t":63.0,"r":63.0,"q":4.62,"p":11700.0,"mot":"L","mo":63.0}]},{"d":"08.03.2017","r":51633.0,"q":14.12,"p":1512.64,"s":[{"cn":"Maxi-Co LTD","ui":"3652235","t":56239.0,"r":51569.0,"q":14.13,"p":1500.0,"mot":"U","mo":51569.0},{"cn":"","ui":"","t":64.0,"r":64.0,"q":4.66,"p":11700.0,"mot":"L","mo":64.0}]},{"d":"09.03.2017","r":50989.0,"q":14.19,"p":1513.0,"s":[{"cn":"Maxi-Co LTD","ui":"3652235","t":56094.0,"r":50924.0,"q":14.2,"p":1500.0,"mot":"U","mo":50924.0},{"cn":"","ui":"","t":65.0,"r":65.0,"q":4.7,"p":11700.0,"mot":"L","mo":65.0}]},{"d":"10.03.2017","r":50845.0,"q":14.25,"p":1513.24,"s":[{"cn":"Maxi-Co LTD","ui":"3652235","t":55949.0,"r":50779.0,"q":14.26,"p":1500.0,"mot":"U","mo":50779.0},{"cn":"","ui":"","t":66.0,"r":66.0,"q":4.74,"p":11700.0,"mot":"L","mo":66.0}]},{"d":"11.03.2017","r":50701.0,"q":14.3,"p":1513.48,"s":[{"cn":"Maxi-Co LTD","ui":"3652235","t":55804.0,"r":50634.0,"q":14.31,"p":1500.0,"mot":"U","mo":50634.0},{"cn":"","ui":"","t":67.0,"r":67.0,"q":4.78,"p":11700.0,"mot":"L","mo":67.0}]},{"d":"12.03.2017","r":68.0,"q":4.82,"p":11700.0,"s":[{"cn":"Ackermann Industries International","ui":"3245440","t":68.0,"r":68.0,"q":4.82,"p":11700.0,"mot":"U","mo":68.0},{"cn":"","ui":"","t":0.0,"r":0.0,"q":0.0,"p":0.0,"mot":"L","mo":0.0}]},{"d":"13.03.2017","r":69.0,"q":4.86,"p":11700.0,"s":[{"cn":"Ackermann Industries International","ui":"3245440","t":69.0,"r":69.0,"q":4.86,"p":11700.0,"mot":"U","mo":69.0},{"cn":"","ui":"","t":0.0,"r":0.0,"q":0.0,"p":0.0,"mot":"L","mo":0.0}]},{"d":"14.03.2017","r":70.0,"q":4.89,"p":11700.0,"s":[{"cn":"Ackermann Industries International","ui":"3245440","t":70.0,"r":70.0,"q":4.89,"p":11700.0,"mot":"U","mo":70.0},{"cn":"","ui":"","t":0.0,"r":0.0,"q":0.0,"p":0.0,"mot":"L","mo":0.0}]},{"d":"15.03.2017","r":71.0,"q":4.93,"p":11700.0,"s":[{"cn":"Ackermann Industries International","ui":"3245440","t":71.0,"r":71.0,"q":4.93,"p":11700.0,"mot":"U","mo":71.0},{"cn":"","ui":"","t":0.0,"r":0.0,"q":0.0,"p":0.0,"mot":"L","mo":0.0}]},{"d":"16.03.2017","r":782.0,"q":13.94,"p":2439.13,"s":[{"cn":"Maxi-Co LTD","ui":"3652235","t":5380.0,"r":710.0,"q":14.85,"p":1500.0,"mot":"U","mo":710.0},{"cn":"Ackermann Industries International","ui":"3245440","t":72.0,"r":72.0,"q":4.97,"p":11700.0,"mot":"U","mo":72.0},{"cn":"","ui":"","t":0.0,"r":0.0,"q":0.0,"p":0.0,"mot":"L","mo":0.0}]},{"d":"17.03.2017","r":1139.0,"q":16.53,"p":2153.73,"s":[{"cn":"Maxi-Co LTD","ui":"3652235","t":5736.0,"r":1066.0,"q":17.32,"p":1500.0,"mot":"U","mo":1066.0},{"cn":"Ackermann Industries International","ui":"3245440","t":73.0,"r":73.0,"q":5.0,"p":11700.0,"mot":"U","mo":73.0},{"cn":"","ui":"","t":0.0,"r":0.0,"q":0.0,"p":0.0,"mot":"L","mo":0.0}]},{"d":"18.03.2017","r":1746.0,"q":17.08,"p":1932.3,"s":[{"cn":"Maxi-Co LTD","ui":"3652235","t":6342.0,"r":1672.0,"q":17.61,"p":1500.0,"mot":"U","mo":1672.0},{"cn":"","ui":"","t":74.0,"r":74.0,"q":5.03,"p":11700.0,"mot":"L","mo":74.0}]},{"d":"20.03.2017","r":2960.0,"q":17.34,"p":1761.89,"s":[{"cn":"Maxi-Co LTD","ui":"3652235","t":7554.0,"r":2884.0,"q":17.66,"p":1500.0,"mot":"U","mo":2884.0},{"cn":"","ui":"","t":76.0,"r":76.0,"q":5.1,"p":11700.0,"mot":"L","mo":76.0}]},{"d":"21.03.2017","r":3567.0,"q":17.4,"p":1720.19,"s":[{"cn":"Maxi-Co LTD","ui":"3652235","t":8160.0,"r":3490.0,"q":17.67,"p":1500.0,"mot":"U","mo":3490.0},{"cn":"","ui":"","t":77.0,"r":77.0,"q":5.13,"p":11700.0,"mot":"L","mo":77.0}]},{"d":"22.03.2017","r":4174.0,"q":17.44,"p":1690.61,"s":[{"cn":"Maxi-Co LTD","ui":"3652235","t":8766.0,"r":4096.0,"q":17.67,"p":1500.0,"mot":"U","mo":4096.0},{"cn":"","ui":"","t":78.0,"r":78.0,"q":5.16,"p":11700.0,"mot":"L","mo":78.0}]},{"d":"23.03.2017","r":4781.0,"q":17.46,"p":1668.54,"s":[{"cn":"Maxi-Co LTD","ui":"3652235","t":9372.0,"r":4702.0,"q":17.67,"p":1500.0,"mot":"U","mo":4702.0},{"cn":"","ui":"","t":79.0,"r":79.0,"q":5.19,"p":11700.0,"mot":"L","mo":79.0}]},{"d":"24.03.2017","r":5388.0,"q":17.49,"p":1651.45,"s":[{"cn":"Maxi-Co LTD","ui":"3652235","t":9978.0,"r":5308.0,"q":17.67,"p":1500.0,"mot":"U","mo":5308.0},{"cn":"","ui":"","t":80.0,"r":80.0,"q":5.22,"p":11700.0,"mot":"L","mo":80.0}]},{"d":"25.03.2017","r":5995.0,"q":17.41,"p":1637.81,"s":[{"cn":"Maxi-Co LTD","ui":"3652235","t":10584.0,"r":5914.0,"q":17.58,"p":1500.0,"mot":"U","mo":5914.0},{"cn":"","ui":"","t":81.0,"r":81.0,"q":5.25,"p":11700.0,"mot":"L","mo":81.0}]},{"d":"26.03.2017","r":6597.0,"q":17.47,"p":1628.33,"s":[{"cn":"Maxi-Co LTD","ui":"3652235","t":11187.0,"r":6514.0,"q":17.62,"p":1500.0,"mot":"U","mo":6514.0},{"cn":"","ui":"","t":83.0,"r":83.0,"q":5.31,"p":11700.0,"mot":"L","mo":83.0}]},{"d":"27.03.2017","r":7202.0,"q":17.5,"p":1620.38,"s":[{"cn":"Maxi-Co LTD","ui":"3652235","t":11790.0,"r":7117.0,"q":17.64,"p":1500.0,"mot":"U","mo":7117.0},{"cn":"","ui":"","t":85.0,"r":85.0,"q":5.37,"p":11700.0,"mot":"L","mo":85.0}]},{"d":"28.03.2017","r":7807.0,"q":17.51,"p":1612.55,"s":[{"cn":"Maxi-Co LTD","ui":"3652235","t":12393.0,"r":7720.0,"q":17.65,"p":1500.0,"mot":"U","mo":7720.0},{"cn":"","ui":"","t":87.0,"r":87.0,"q":5.42,"p":11600.0,"mot":"L","mo":87.0}]},{"d":"29.03.2017","r":8352.0,"q":17.53,"p":1607.63,"s":[{"cn":"Maxi-Co LTD","ui":"3652235","t":12966.0,"r":8263.0,"q":17.66,"p":1500.0,"mot":"U","mo":8263.0},{"cn":"","ui":"","t":89.0,"r":89.0,"q":5.47,"p":11600.0,"mot":"L","mo":89.0}]},{"d":"31.03.2017","r":9511.0,"q":17.54,"p":1598.76,"s":[{"cn":"Maxi-Co LTD","ui":"3652235","t":14118.0,"r":9418.0,"q":17.66,"p":1500.0,"mot":"U","mo":9418.0},{"cn":"","ui":"","t":93.0,"r":93.0,"q":5.57,"p":11600.0,"mot":"L","mo":93.0}]},{"d":"01.04.2017","r":10089.0,"q":17.55,"p":1595.1,"s":[{"cn":"Maxi-Co LTD","ui":"3652235","t":14694.0,"r":9994.0,"q":17.66,"p":1500.0,"mot":"U","mo":9994.0},{"cn":"","ui":"","t":95.0,"r":95.0,"q":5.61,"p":11600.0,"mot":"L","mo":95.0}]},{"d":"02.04.2017","r":10527.0,"q":17.56,"p":1593.07,"s":[{"cn":"Maxi-Co LTD","ui":"3652235","t":15200.0,"r":10430.0,"q":17.67,"p":1500.0,"mot":"U","mo":10430.0},{"cn":"","ui":"","t":97.0,"r":97.0,"q":5.65,"p":11600.0,"mot":"L","mo":97.0}]},{"d":"03.04.2017","r":11175.0,"q":17.56,"p":1589.48,"s":[{"cn":"Maxi-Co LTD","ui":"3652235","t":15776.0,"r":11076.0,"q":17.67,"p":1500.0,"mot":"U","mo":11076.0},{"cn":"","ui":"","t":99.0,"r":99.0,"q":5.69,"p":11600.0,"mot":"L","mo":99.0}]},{"d":"04.04.2017","r":11753.0,"q":17.57,"p":1586.79,"s":[{"cn":"Maxi-Co LTD","ui":"3652235","t":16352.0,"r":11652.0,"q":17.67,"p":1500.0,"mot":"U","mo":11652.0},{"cn":"","ui":"","t":101.0,"r":101.0,"q":5.73,"p":11600.0,"mot":"L","mo":101.0}]},{"d":"05.04.2017","r":12331.0,"q":17.57,"p":1584.36,"s":[{"cn":"Maxi-Co LTD","ui":"3652235","t":16928.0,"r":12228.0,"q":17.67,"p":1500.0,"mot":"U","mo":12228.0},{"cn":"","ui":"","t":103.0,"r":103.0,"q":5.77,"p":11600.0,"mot":"L","mo":103.0}]},{"d":"06.04.2017","r":12909.0,"q":17.57,"p":1582.15,"s":[{"cn":"Maxi-Co LTD","ui":"3652235","t":17504.0,"r":12804.0,"q":17.67,"p":1500.0,"mot":"U","mo":12804.0},{"cn":"","ui":"","t":105.0,"r":105.0,"q":5.81,"p":11600.0,"mot":"L","mo":105.0}]},{"d":"07.04.2017","r":13487.0,"q":17.58,"p":1580.13,"s":[{"cn":"Maxi-Co LTD","ui":"3652235","t":18080.0,"r":13380.0,"q":17.67,"p":1500.0,"mot":"U","mo":13380.0},{"cn":"","ui":"","t":107.0,"r":107.0,"q":5.84,"p":11600.0,"mot":"L","mo":107.0}]},{"d":"08.04.2017","r":14065.0,"q":17.58,"p":1578.27,"s":[{"cn":"Maxi-Co LTD","ui":"3652235","t":18656.0,"r":13956.0,"q":17.67,"p":1500.0,"mot":"U","mo":13956.0},{"cn":"","ui":"","t":109.0,"r":109.0,"q":5.88,"p":11600.0,"mot":"L","mo":109.0}]},{"d":"09.04.2017","r":14643.0,"q":17.58,"p":1576.56,"s":[{"cn":"Maxi-Co LTD","ui":"3652235","t":19232.0,"r":14532.0,"q":17.67,"p":1500.0,"mot":"U","mo":14532.0},{"cn":"","ui":"","t":111.0,"r":111.0,"q":5.91,"p":11600.0,"mot":"L","mo":111.0}]},{"d":"10.04.2017","r":15221.0,"q":17.58,"p":1574.98,"s":[{"cn":"Maxi-Co LTD","ui":"3652235","t":19808.0,"r":15108.0,"q":17.67,"p":1500.0,"mot":"U","mo":15108.0},{"cn":"","ui":"","t":113.0,"r":113.0,"q":5.94,"p":11600.0,"mot":"L","mo":113.0}]},{"d":"11.04.2017","r":15799.0,"q":17.58,"p":1573.52,"s":[{"cn":"Maxi-Co LTD","ui":"3652235","t":20384.0,"r":15684.0,"q":17.67,"p":1500.0,"mot":"U","mo":15684.0},{"cn":"","ui":"","t":115.0,"r":115.0,"q":5.97,"p":11600.0,"mot":"L","mo":115.0}]},{"d":"12.04.2017","r":16377.0,"q":17.59,"p":1572.16,"s":[{"cn":"Maxi-Co LTD","ui":"3652235","t":20960.0,"r":16260.0,"q":17.67,"p":1500.0,"mot":"U","mo":16260.0},{"cn":"","ui":"","t":117.0,"r":117.0,"q":6.0,"p":11600.0,"mot":"L","mo":117.0}]},{"d":"13.04.2017","r":16955.0,"q":17.59,"p":1570.89,"s":[{"cn":"Maxi-Co LTD","ui":"3652235","t":21536.0,"r":16836.0,"q":17.67,"p":1500.0,"mot":"U","mo":16836.0},{"cn":"","ui":"","t":119.0,"r":119.0,"q":6.03,"p":11600.0,"mot":"L","mo":119.0}]},{"d":"14.04.2017","r":17533.0,"q":18.28,"p":1569.7,"s":[{"cn":"Maxi-Co LTD","ui":"3652235","t":22112.0,"r":17412.0,"q":18.36,"p":1500.0,"mot":"U","mo":17412.0},{"cn":"","ui":"","t":121.0,"r":121.0,"q":6.05,"p":11600.0,"mot":"L","mo":121.0}]},{"d":"15.04.2017","r":17975.0,"q":18.82,"p":1569.11,"s":[{"cn":"Maxi-Co LTD","ui":"3652235","t":22752.0,"r":17852.0,"q":18.91,"p":1500.0,"mot":"U","mo":17852.0},{"cn":"","ui":"","t":123.0,"r":123.0,"q":6.08,"p":11600.0,"mot":"L","mo":123.0}]},{"d":"16.04.2017","r":18617.0,"q":19.21,"p":1567.81,"s":[{"cn":"Maxi-Co LTD","ui":"3652235","t":23392.0,"r":18492.0,"q":19.3,"p":1500.0,"mot":"U","mo":18492.0},{"cn":"","ui":"","t":125.0,"r":125.0,"q":6.11,"p":11600.0,"mot":"L","mo":125.0}]},{"d":"17.04.2017","r":19655.0,"q":19.51,"p":1565.26,"s":[{"cn":"Maxi-Co LTD","ui":"3652235","t":24230.0,"r":19528.0,"q":19.6,"p":1500.0,"mot":"U","mo":19528.0},{"cn":"","ui":"","t":127.0,"r":127.0,"q":6.13,"p":11600.0,"mot":"L","mo":127.0}]},{"d":"18.04.2017","r":20495.0,"q":19.73,"p":1563.57,"s":[{"cn":"Maxi-Co LTD","ui":"3652235","t":25068.0,"r":20366.0,"q":19.82,"p":1500.0,"mot":"U","mo":20366.0},{"cn":"","ui":"","t":129.0,"r":129.0,"q":6.16,"p":11600.0,"mot":"L","mo":129.0}]},{"d":"19.04.2017","r":21335.0,"q":19.9,"p":1562.02,"s":[{"cn":"Maxi-Co LTD","ui":"3652235","t":25906.0,"r":21204.0,"q":19.98,"p":1500.0,"mot":"U","mo":21204.0},{"cn":"","ui":"","t":131.0,"r":131.0,"q":6.19,"p":11600.0,"mot":"L","mo":131.0}]},{"d":"21.04.2017","r":22915.0,"q":20.13,"p":1559.5,"s":[{"cn":"Maxi-Co LTD","ui":"3652235","t":27532.0,"r":22780.0,"q":20.21,"p":1500.0,"mot":"U","mo":22780.0},{"cn":"","ui":"","t":135.0,"r":135.0,"q":6.27,"p":11600.0,"mot":"L","mo":135.0}]},{"d":"22.04.2017","r":23605.0,"q":20.2,"p":1558.04,"s":[{"cn":"Maxi-Co LTD","ui":"3652235","t":28270.0,"r":23468.0,"q":20.28,"p":1500.0,"mot":"U","mo":23468.0},{"cn":"","ui":"","t":137.0,"r":137.0,"q":6.31,"p":11500.0,"mot":"L","mo":137.0}]},{"d":"23.04.2017","r":22235.0,"q":20.25,"p":1562.51,"s":[{"cn":"Maxi-Co LTD","ui":"3652235","t":27953.0,"r":22096.0,"q":20.34,"p":1500.0,"mot":"U","mo":22096.0},{"cn":"","ui":"","t":139.0,"r":139.0,"q":6.35,"p":11500.0,"mot":"L","mo":139.0}]},{"d":"24.04.2017","r":22925.0,"q":20.3,"p":1561.5,"s":[{"cn":"Maxi-Co LTD","ui":"3652235","t":27536.0,"r":22784.0,"q":20.39,"p":1500.0,"mot":"U","mo":22784.0},{"cn":"","ui":"","t":141.0,"r":141.0,"q":6.39,"p":11500.0,"mot":"L","mo":141.0}]},{"d":"26.04.2017","r":26661.0,"q":18.92,"p":1456.19,"s":[{"cn":"Maxi-Co LTD","ui":"3652235","t":29216.0,"r":24516.0,"q":20.46,"p":1500.0,"mot":"U","mo":24516.0},{"cn":"T9","ui":"3765568","t":2000.0,"r":2000.0,"q":1.0,"p":191.0,"mot":"U","mo":2000.0},{"cn":"","ui":"","t":145.0,"r":145.0,"q":6.46,"p":11500.0,"mot":"L","mo":145.0}]},{"d":"27.04.2017","r":25503.0,"q":20.4,"p":1557.64,"s":[{"cn":"Maxi-Co LTD","ui":"3652235","t":30056.0,"r":25356.0,"q":20.48,"p":1500.0,"mot":"U","mo":25356.0},{"cn":"","ui":"","t":147.0,"r":147.0,"q":6.5,"p":11500.0,"mot":"L","mo":147.0}]},{"d":"28.04.2017","r":25325.0,"q":20.43,"p":1550.94,"s":[{"cn":"Maxi-Co LTD","ui":"3652235","t":30396.0,"r":25196.0,"q":20.5,"p":1500.0,"mot":"U","mo":25196.0},{"cn":"","ui":"","t":139.0,"r":129.0,"q":6.54,"p":11500.0,"mot":"L","mo":129.0}]},{"d":"29.04.2017","r":25657.0,"q":20.45,"p":1547.16,"s":[{"cn":"Maxi-Co LTD","ui":"3652235","t":30736.0,"r":25536.0,"q":20.52,"p":1500.0,"mot":"U","mo":25536.0},{"cn":"","ui":"","t":131.0,"r":121.0,"q":6.59,"p":11500.0,"mot":"L","mo":121.0}]},{"d":"01.05.2017","r":27341.0,"q":20.48,"p":1545.72,"s":[{"cn":"Maxi-Co LTD","ui":"3652235","t":32416.0,"r":27216.0,"q":20.54,"p":1500.0,"mot":"U","mo":27216.0},{"cn":"","ui":"","t":135.0,"r":125.0,"q":6.67,"p":11500.0,"mot":"L","mo":125.0}]},{"d":"02.05.2017","r":28183.0,"q":20.49,"p":1545.06,"s":[{"cn":"Maxi-Co LTD","ui":"3652235","t":33256.0,"r":28056.0,"q":20.55,"p":1500.0,"mot":"U","mo":28056.0},{"cn":"","ui":"","t":137.0,"r":127.0,"q":6.71,"p":11500.0,"mot":"L","mo":127.0}]},{"d":"03.05.2017","r":29535.0,"q":20.5,"p":1547.06,"s":[{"cn":"Maxi-Co LTD","ui":"3652235","t":34096.0,"r":29396.0,"q":20.56,"p":1500.0,"mot":"U","mo":29396.0},{"cn":"","ui":"","t":139.0,"r":139.0,"q":6.75,"p":11500.0,"mot":"L","mo":139.0}]},{"d":"04.05.2017","r":30377.0,"q":20.05,"p":1546.42,"s":[{"cn":"Maxi-Co LTD","ui":"3652235","t":34936.0,"r":30236.0,"q":20.11,"p":1500.0,"mot":"U","mo":30236.0},{"cn":"","ui":"","t":141.0,"r":141.0,"q":6.79,"p":11500.0,"mot":"L","mo":141.0}]},{"d":"06.05.2017","r":32061.0,"q":20.19,"p":1545.23,"s":[{"cn":"Maxi-Co LTD","ui":"3652235","t":36616.0,"r":31916.0,"q":20.25,"p":1500.0,"mot":"U","mo":31916.0},{"cn":"","ui":"","t":145.0,"r":145.0,"q":6.86,"p":11500.0,"mot":"L","mo":145.0}]},{"d":"08.05.2017","r":33745.0,"q":20.28,"p":1544.15,"s":[{"cn":"Maxi-Co LTD","ui":"3652235","t":38296.0,"r":33596.0,"q":20.34,"p":1500.0,"mot":"U","mo":33596.0},{"cn":"","ui":"","t":149.0,"r":149.0,"q":6.94,"p":11500.0,"mot":"L","mo":149.0}]},{"d":"09.05.2017","r":34587.0,"q":20.31,"p":1543.66,"s":[{"cn":"Maxi-Co LTD","ui":"3652235","t":39136.0,"r":34436.0,"q":20.37,"p":1500.0,"mot":"U","mo":34436.0},{"cn":"","ui":"","t":151.0,"r":151.0,"q":6.97,"p":11500.0,"mot":"L","mo":151.0}]},{"d":"10.05.2017","r":35429.0,"q":20.34,"p":1543.18,"s":[{"cn":"Maxi-Co LTD","ui":"3652235","t":39976.0,"r":35276.0,"q":20.4,"p":1500.0,"mot":"U","mo":35276.0},{"cn":"","ui":"","t":153.0,"r":153.0,"q":7.01,"p":11500.0,"mot":"L","mo":153.0}]},{"d":"11.05.2017","r":36271.0,"q":20.37,"p":1542.73,"s":[{"cn":"Maxi-Co LTD","ui":"3652235","t":40816.0,"r":36116.0,"q":20.43,"p":1500.0,"mot":"U","mo":36116.0},{"cn":"","ui":"","t":155.0,"r":155.0,"q":7.04,"p":11500.0,"mot":"L","mo":155.0}]},{"d":"12.05.2017","r":37093.0,"q":20.39,"p":1542.33,"s":[{"cn":"Maxi-Co LTD","ui":"3652235","t":41646.0,"r":36936.0,"q":20.45,"p":1500.0,"mot":"U","mo":36936.0},{"cn":"","ui":"","t":157.0,"r":157.0,"q":7.07,"p":11500.0,"mot":"L","mo":157.0}]},{"d":"13.05.2017","r":37925.0,"q":20.41,"p":1541.92,"s":[{"cn":"Maxi-Co LTD","ui":"3652235","t":42476.0,"r":37766.0,"q":20.47,"p":1500.0,"mot":"U","mo":37766.0},{"cn":"","ui":"","t":159.0,"r":159.0,"q":7.11,"p":11500.0,"mot":"L","mo":159.0}]},{"d":"14.05.2017","r":38757.0,"q":20.42,"p":1541.54,"s":[{"cn":"Maxi-Co LTD","ui":"3652235","t":43306.0,"r":38596.0,"q":20.48,"p":1500.0,"mot":"U","mo":38596.0},{"cn":"","ui":"","t":161.0,"r":161.0,"q":7.14,"p":11500.0,"mot":"L","mo":161.0}]},{"d":"15.05.2017","r":39589.0,"q":20.45,"p":1541.17,"s":[{"cn":"Maxi-Co LTD","ui":"3652235","t":44136.0,"r":39426.0,"q":20.5,"p":1500.0,"mot":"U","mo":39426.0},{"cn":"","ui":"","t":163.0,"r":163.0,"q":7.17,"p":11500.0,"mot":"L","mo":163.0}]},{"d":"16.05.2017","r":40421.0,"q":20.46,"p":1540.82,"s":[{"cn":"Maxi-Co LTD","ui":"3652235","t":44966.0,"r":40256.0,"q":20.51,"p":1500.0,"mot":"U","mo":40256.0},{"cn":"","ui":"","t":165.0,"r":165.0,"q":7.2,"p":11500.0,"mot":"L","mo":165.0}]},{"d":"17.05.2017","r":41253.0,"q":20.47,"p":1540.48,"s":[{"cn":"Maxi-Co LTD","ui":"3652235","t":45796.0,"r":41086.0,"q":20.52,"p":1500.0,"mot":"U","mo":41086.0},{"cn":"","ui":"","t":167.0,"r":167.0,"q":7.23,"p":11500.0,"mot":"L","mo":167.0}]},{"d":"18.05.2017","r":42085.0,"q":20.84,"p":1539.76,"s":[{"cn":"Maxi-Co LTD","ui":"3652235","t":46626.0,"r":41916.0,"q":20.89,"p":1500.0,"mot":"U","mo":41916.0},{"cn":"","ui":"","t":169.0,"r":169.0,"q":7.26,"p":11400.0,"mot":"L","mo":169.0}]},{"d":"19.05.2017","r":43194.0,"q":21.16,"p":1539.19,"s":[{"cn":"Maxi-Co LTD","ui":"3652235","t":47733.0,"r":43023.0,"q":21.22,"p":1500.0,"mot":"U","mo":43023.0},{"cn":"","ui":"","t":171.0,"r":171.0,"q":7.29,"p":11400.0,"mot":"L","mo":171.0}]},{"d":"20.05.2017","r":44303.0,"q":21.44,"p":1538.66,"s":[{"cn":"Maxi-Co LTD","ui":"3652235","t":48840.0,"r":44130.0,"q":21.5,"p":1500.0,"mot":"U","mo":44130.0},{"cn":"","ui":"","t":173.0,"r":173.0,"q":7.32,"p":11400.0,"mot":"L","mo":173.0}]},{"d":"21.05.2017","r":45412.0,"q":21.69,"p":1538.15,"s":[{"cn":"Maxi-Co LTD","ui":"3652235","t":49947.0,"r":45237.0,"q":21.75,"p":1500.0,"mot":"U","mo":45237.0},{"cn":"","ui":"","t":175.0,"r":175.0,"q":7.35,"p":11400.0,"mot":"L","mo":175.0}]},{"d":"22.05.2017","r":46521.0,"q":21.9,"p":1537.67,"s":[{"cn":"Maxi-Co LTD","ui":"3652235","t":51054.0,"r":46344.0,"q":21.96,"p":1500.0,"mot":"U","mo":46344.0},{"cn":"","ui":"","t":177.0,"r":177.0,"q":7.38,"p":11400.0,"mot":"L","mo":177.0}]},{"d":"23.05.2017","r":47630.0,"q":22.08,"p":1537.21,"s":[{"cn":"Maxi-Co LTD","ui":"3652235","t":52161.0,"r":47451.0,"q":22.14,"p":1500.0,"mot":"U","mo":47451.0},{"cn":"","ui":"","t":179.0,"r":179.0,"q":7.41,"p":11400.0,"mot":"L","mo":179.0}]},{"d":"24.05.2017","r":48739.0,"q":22.24,"p":1536.77,"s":[{"cn":"Maxi-Co LTD","ui":"3652235","t":53268.0,"r":48558.0,"q":22.3,"p":1500.0,"mot":"U","mo":48558.0},{"cn":"","ui":"","t":181.0,"r":181.0,"q":7.43,"p":11400.0,"mot":"L","mo":181.0}]},{"d":"25.05.2017","r":49848.0,"q":22.39,"p":1536.34,"s":[{"cn":"Maxi-Co LTD","ui":"3652235","t":54375.0,"r":49665.0,"q":22.44,"p":1500.0,"mot":"U","mo":49665.0},{"cn":"","ui":"","t":183.0,"r":183.0,"q":7.46,"p":11400.0,"mot":"L","mo":183.0}]},{"d":"26.05.2017","r":50957.0,"q":22.51,"p":1535.94,"s":[{"cn":"Maxi-Co LTD","ui":"3652235","t":55482.0,"r":50772.0,"q":22.56,"p":1500.0,"mot":"U","mo":50772.0},{"cn":"","ui":"","t":185.0,"r":185.0,"q":7.49,"p":11400.0,"mot":"L","mo":185.0}]},{"d":"27.05.2017","r":52066.0,"q":22.62,"p":1535.56,"s":[{"cn":"Maxi-Co LTD","ui":"3652235","t":56589.0,"r":51879.0,"q":22.67,"p":1500.0,"mot":"U","mo":51879.0},{"cn":"","ui":"","t":187.0,"r":187.0,"q":7.52,"p":11400.0,"mot":"L","mo":187.0}]},{"d":"28.05.2017","r":53175.0,"q":22.72,"p":1535.19,"s":[{"cn":"Maxi-Co LTD","ui":"3652235","t":57696.0,"r":52986.0,"q":22.77,"p":1500.0,"mot":"U","mo":52986.0},{"cn":"","ui":"","t":189.0,"r":189.0,"q":7.55,"p":11400.0,"mot":"L","mo":189.0}]},{"d":"29.05.2017","r":54284.0,"q":22.8,"p":1534.83,"s":[{"cn":"Maxi-Co LTD","ui":"3652235","t":58803.0,"r":54093.0,"q":22.85,"p":1500.0,"mot":"U","mo":54093.0},{"cn":"","ui":"","t":191.0,"r":191.0,"q":7.59,"p":11400.0,"mot":"L","mo":191.0}]},{"d":"30.05.2017","r":55393.0,"q":22.87,"p":1534.49,"s":[{"cn":"Maxi-Co LTD","ui":"3652235","t":59910.0,"r":55200.0,"q":22.92,"p":1500.0,"mot":"U","mo":55200.0},{"cn":"","ui":"","t":193.0,"r":193.0,"q":7.62,"p":11400.0,"mot":"L","mo":193.0}]},{"d":"31.05.2017","r":56307.0,"q":22.99,"p":1500.0,"s":[{"cn":"Maxi-Co LTD","ui":"3652235","t":61017.0,"r":56307.0,"q":22.99,"p":1500.0,"mot":"U","mo":56307.0},{"cn":"","ui":"","t":0.0,"r":0.0,"q":0.0,"p":0.0,"mot":"L","mo":0.0}]},{"d":"01.06.2017","r":57414.0,"q":23.05,"p":1500.0,"s":[{"cn":"Maxi-Co LTD","ui":"3652235","t":62124.0,"r":57414.0,"q":23.05,"p":1500.0,"mot":"U","mo":57414.0},{"cn":"","ui":"","t":0.0,"r":0.0,"q":0.0,"p":0.0,"mot":"L","mo":0.0}]},{"d":"02.06.2017","r":58521.0,"q":23.1,"p":1500.0,"s":[{"cn":"Maxi-Co LTD","ui":"3652235","t":63231.0,"r":58521.0,"q":23.1,"p":1500.0,"mot":"U","mo":58521.0},{"cn":"","ui":"","t":0.0,"r":0.0,"q":0.0,"p":0.0,"mot":"L","mo":0.0}]},{"d":"03.06.2017","r":59628.0,"q":23.14,"p":1500.0,"s":[{"cn":"Maxi-Co LTD","ui":"3652235","t":64338.0,"r":59628.0,"q":23.14,"p":1500.0,"mot":"U","mo":59628.0},{"cn":"","ui":"","t":0.0,"r":0.0,"q":0.0,"p":0.0,"mot":"L","mo":0.0}]},{"d":"04.06.2017","r":60735.0,"q":23.18,"p":1500.0,"s":[{"cn":"Maxi-Co LTD","ui":"3652235","t":65445.0,"r":60735.0,"q":23.18,"p":1500.0,"mot":"U","mo":60735.0},{"cn":"","ui":"","t":0.0,"r":0.0,"q":0.0,"p":0.0,"mot":"L","mo":0.0}]},{"d":"05.06.2017","r":61842.0,"q":23.22,"p":1500.0,"s":[{"cn":"Maxi-Co LTD","ui":"3652235","t":66552.0,"r":61842.0,"q":23.22,"p":1500.0,"mot":"U","mo":61842.0},{"cn":"","ui":"","t":0.0,"r":0.0,"q":0.0,"p":0.0,"mot":"L","mo":0.0}]},{"d":"06.06.2017","r":62949.0,"q":23.25,"p":1500.0,"s":[{"cn":"Maxi-Co LTD","ui":"3652235","t":67659.0,"r":62949.0,"q":23.25,"p":1500.0,"mot":"U","mo":62949.0},{"cn":"","ui":"","t":0.0,"r":0.0,"q":0.0,"p":0.0,"mot":"L","mo":0.0}]},{"d":"07.06.2017","r":64056.0,"q":23.28,"p":1500.0,"s":[{"cn":"Maxi-Co LTD","ui":"3652235","t":68766.0,"r":64056.0,"q":23.28,"p":1500.0,"mot":"U","mo":64056.0},{"cn":"","ui":"","t":0.0,"r":0.0,"q":0.0,"p":0.0,"mot":"L","mo":0.0}]},{"d":"08.06.2017","r":65163.0,"q":23.31,"p":1500.0,"s":[{"cn":"Maxi-Co LTD","ui":"3652235","t":69873.0,"r":65163.0,"q":23.31,"p":1500.0,"mot":"U","mo":65163.0},{"cn":"","ui":"","t":0.0,"r":0.0,"q":0.0,"p":0.0,"mot":"L","mo":0.0}]},{"d":"09.06.2017","r":66270.0,"q":23.34,"p":1500.0,"s":[{"cn":"Maxi-Co LTD","ui":"3652235","t":70980.0,"r":66270.0,"q":23.34,"p":1500.0,"mot":"U","mo":66270.0},{"cn":"","ui":"","t":0.0,"r":0.0,"q":0.0,"p":0.0,"mot":"L","mo":0.0}]},{"d":"10.06.2017","r":67377.0,"q":23.36,"p":1500.0,"s":[{"cn":"Maxi-Co LTD","ui":"3652235","t":72087.0,"r":67377.0,"q":23.36,"p":1500.0,"mot":"U","mo":67377.0},{"cn":"","ui":"","t":0.0,"r":0.0,"q":0.0,"p":0.0,"mot":"L","mo":0.0}]},{"d":"11.06.2017","r":62667.0,"q":23.36,"p":1500.0,"s":[{"cn":"Maxi-Co LTD","ui":"3652235","t":67377.0,"r":62667.0,"q":23.36,"p":1500.0,"mot":"U","mo":62667.0},{"cn":"","ui":"","t":0.0,"r":0.0,"q":0.0,"p":0.0,"mot":"L","mo":0.0}]},{"d":"12.06.2017","r":57957.0,"q":23.36,"p":1500.0,"s":[{"cn":"Maxi-Co LTD","ui":"3652235","t":62667.0,"r":57957.0,"q":23.36,"p":1500.0,"mot":"U","mo":57957.0},{"cn":"","ui":"","t":0.0,"r":0.0,"q":0.0,"p":0.0,"mot":"L","mo":0.0}]},{"d":"13.06.2017","r":59064.0,"q":23.38,"p":1500.0,"s":[{"cn":"Maxi-Co LTD","ui":"3652235","t":63774.0,"r":59064.0,"q":23.38,"p":1500.0,"mot":"U","mo":59064.0},{"cn":"","ui":"","t":0.0,"r":0.0,"q":0.0,"p":0.0,"mot":"L","mo":0.0}]},{"d":"14.06.2017","r":60366.0,"q":23.35,"p":1531.98,"s":[{"cn":"Maxi-Co LTD","ui":"3652235","t":64881.0,"r":60171.0,"q":23.4,"p":1500.0,"mot":"U","mo":60171.0},{"cn":"","ui":"","t":195.0,"r":195.0,"q":7.65,"p":11400.0,"mot":"L","mo":195.0}]},{"d":"15.06.2017","r":61178.0,"q":23.42,"p":1500.0,"s":[{"cn":"Maxi-Co LTD","ui":"3652235","t":65888.0,"r":61178.0,"q":23.42,"p":1500.0,"mot":"U","mo":61178.0},{"cn":"","ui":"","t":0.0,"r":0.0,"q":0.0,"p":0.0,"mot":"L","mo":0.0}]},{"d":"16.06.2017","r":62285.0,"q":23.44,"p":1500.0,"s":[{"cn":"Maxi-Co LTD","ui":"3652235","t":66995.0,"r":62285.0,"q":23.44,"p":1500.0,"mot":"U","mo":62285.0},{"cn":"","ui":"","t":0.0,"r":0.0,"q":0.0,"p":0.0,"mot":"L","mo":0.0}]},{"d":"17.06.2017","r":63392.0,"q":23.45,"p":1500.0,"s":[{"cn":"Maxi-Co LTD","ui":"3652235","t":68102.0,"r":63392.0,"q":23.45,"p":1500.0,"mot":"U","mo":63392.0},{"cn":"","ui":"","t":0.0,"r":0.0,"q":0.0,"p":0.0,"mot":"L","mo":0.0}]},{"d":"18.06.2017","r":59899.0,"q":23.46,"p":1500.0,"s":[{"cn":"Maxi-Co LTD","ui":"3652235","t":67409.0,"r":59899.0,"q":23.46,"p":1500.0,"mot":"U","mo":59899.0},{"cn":"","ui":"","t":0.0,"r":0.0,"q":0.0,"p":0.0,"mot":"L","mo":0.0}]},{"d":"19.06.2017","r":58206.0,"q":23.48,"p":1500.0,"s":[{"cn":"Maxi-Co LTD","ui":"3652235","t":65716.0,"r":58206.0,"q":23.48,"p":1500.0,"mot":"U","mo":58206.0},{"cn":"","ui":"","t":0.0,"r":0.0,"q":0.0,"p":0.0,"mot":"L","mo":0.0}]},{"d":"20.06.2017","r":56713.0,"q":23.49,"p":1500.0,"s":[{"cn":"Maxi-Co LTD","ui":"3652235","t":64123.0,"r":56713.0,"q":23.49,"p":1500.0,"mot":"U","mo":56713.0},{"cn":"","ui":"","t":0.0,"r":0.0,"q":0.0,"p":0.0,"mot":"L","mo":0.0}]},{"d":"21.06.2017","r":55920.0,"q":23.5,"p":1500.0,"s":[{"cn":"Maxi-Co LTD","ui":"3652235","t":62930.0,"r":55920.0,"q":23.5,"p":1500.0,"mot":"U","mo":55920.0},{"cn":"","ui":"","t":0.0,"r":0.0,"q":0.0,"p":0.0,"mot":"L","mo":0.0}]},{"d":"22.06.2017","r":54727.0,"q":23.51,"p":1500.0,"s":[{"cn":"Maxi-Co LTD","ui":"3652235","t":61737.0,"r":54727.0,"q":23.51,"p":1500.0,"mot":"U","mo":54727.0},{"cn":"","ui":"","t":0.0,"r":0.0,"q":0.0,"p":0.0,"mot":"L","mo":0.0}]},{"d":"23.06.2017","r":54434.0,"q":23.52,"p":1500.0,"s":[{"cn":"Maxi-Co LTD","ui":"3652235","t":60994.0,"r":54434.0,"q":23.52,"p":1500.0,"mot":"U","mo":54434.0},{"cn":"","ui":"","t":0.0,"r":0.0,"q":0.0,"p":0.0,"mot":"L","mo":0.0}]},{"d":"24.06.2017","r":52691.0,"q":23.53,"p":1500.0,"s":[{"cn":"Maxi-Co LTD","ui":"3652235","t":59751.0,"r":52691.0,"q":23.53,"p":1500.0,"mot":"U","mo":52691.0},{"cn":"","ui":"","t":0.0,"r":0.0,"q":0.0,"p":0.0,"mot":"L","mo":0.0}]},{"d":"25.06.2017","r":51448.0,"q":23.54,"p":1500.0,"s":[{"cn":"Maxi-Co LTD","ui":"3652235","t":58508.0,"r":51448.0,"q":23.54,"p":1500.0,"mot":"U","mo":51448.0},{"cn":"","ui":"","t":0.0,"r":0.0,"q":0.0,"p":0.0,"mot":"L","mo":0.0}]},{"d":"26.06.2017","r":50225.0,"q":23.54,"p":1500.0,"s":[{"cn":"Maxi-Co LTD","ui":"3652235","t":57275.0,"r":50225.0,"q":23.54,"p":1500.0,"mot":"U","mo":50225.0},{"cn":"","ui":"","t":0.0,"r":0.0,"q":0.0,"p":0.0,"mot":"L","mo":0.0}]},{"d":"27.06.2017","r":48992.0,"q":23.55,"p":1500.0,"s":[{"cn":"Maxi-Co LTD","ui":"3652235","t":56042.0,"r":48992.0,"q":23.55,"p":1500.0,"mot":"U","mo":48992.0},{"cn":"","ui":"","t":0.0,"r":0.0,"q":0.0,"p":0.0,"mot":"L","mo":0.0}]},{"d":"28.06.2017","r":47359.0,"q":23.56,"p":1500.0,"s":[{"cn":"Maxi-Co LTD","ui":"3652235","t":54609.0,"r":47359.0,"q":23.56,"p":1500.0,"mot":"U","mo":47359.0},{"cn":"","ui":"","t":0.0,"r":0.0,"q":0.0,"p":0.0,"mot":"L","mo":0.0}]},{"d":"29.06.2017","r":44926.0,"q":23.56,"p":1500.0,"s":[{"cn":"Maxi-Co LTD","ui":"3652235","t":52676.0,"r":44926.0,"q":23.56,"p":1500.0,"mot":"U","mo":44926.0},{"cn":"","ui":"","t":0.0,"r":0.0,"q":0.0,"p":0.0,"mot":"L","mo":0.0}]},{"d":"01.07.2017","r":39210.0,"q":23.57,"p":1500.0,"s":[{"cn":"Maxi-Co LTD","ui":"3652235","t":47410.0,"r":39210.0,"q":23.57,"p":1500.0,"mot":"U","mo":39210.0},{"cn":"","ui":"","t":0.0,"r":0.0,"q":0.0,"p":0.0,"mot":"L","mo":0.0}]},{"d":"02.07.2017","r":36987.0,"q":23.58,"p":1500.0,"s":[{"cn":"Maxi-Co LTD","ui":"3652235","t":45107.0,"r":36987.0,"q":23.58,"p":1500.0,"mot":"U","mo":36987.0},{"cn":"","ui":"","t":0.0,"r":0.0,"q":0.0,"p":0.0,"mot":"L","mo":0.0}]},{"d":"03.07.2017","r":34684.0,"q":23.58,"p":1500.0,"s":[{"cn":"Maxi-Co LTD","ui":"3652235","t":42804.0,"r":34684.0,"q":23.58,"p":1500.0,"mot":"U","mo":34684.0},{"cn":"","ui":"","t":0.0,"r":0.0,"q":0.0,"p":0.0,"mot":"L","mo":0.0}]},{"d":"04.07.2017","r":32383.0,"q":23.58,"p":1500.0,"s":[{"cn":"Maxi-Co LTD","ui":"3652235","t":40502.0,"r":32383.0,"q":23.58,"p":1500.0,"mot":"U","mo":32383.0},{"cn":"","ui":"","t":0.0,"r":0.0,"q":0.0,"p":0.0,"mot":"L","mo":0.0}]},{"d":"05.07.2017","r":29727.0,"q":23.59,"p":1500.0,"s":[{"cn":"Maxi-Co LTD","ui":"3652235","t":38023.0,"r":29727.0,"q":23.59,"p":1500.0,"mot":"U","mo":29727.0},{"cn":"","ui":"","t":0.0,"r":0.0,"q":0.0,"p":0.0,"mot":"L","mo":0.0}]},{"d":"06.07.2017","r":25810.0,"q":23.59,"p":1500.0,"s":[{"cn":"Maxi-Co LTD","ui":"3652235","t":34825.0,"r":25810.0,"q":23.59,"p":1500.0,"mot":"U","mo":25810.0},{"cn":"","ui":"","t":0.0,"r":0.0,"q":0.0,"p":0.0,"mot":"L","mo":0.0}]},{"d":"07.07.2017","r":22612.0,"q":23.59,"p":1500.0,"s":[{"cn":"Maxi-Co LTD","ui":"3652235","t":31627.0,"r":22612.0,"q":23.59,"p":1500.0,"mot":"U","mo":22612.0},{"cn":"","ui":"","t":0.0,"r":0.0,"q":0.0,"p":0.0,"mot":"L","mo":0.0}]},{"d":"08.07.2017","r":19514.0,"q":23.6,"p":1500.0,"s":[{"cn":"Maxi-Co LTD","ui":"3652235","t":28479.0,"r":19514.0,"q":23.6,"p":1500.0,"mot":"U","mo":19514.0},{"cn":"","ui":"","t":0.0,"r":0.0,"q":0.0,"p":0.0,"mot":"L","mo":0.0}]},{"d":"09.07.2017","r":15251.0,"q":23.4,"p":1625.3,"s":[{"cn":"Maxi-Co LTD","ui":"3652235","t":24676.0,"r":15056.0,"q":23.6,"p":1500.0,"mot":"U","mo":15056.0},{"cn":"","ui":"","t":195.0,"r":195.0,"q":7.65,"p":11300.0,"mot":"L","mo":195.0}]},{"d":"10.07.2017","r":9041.0,"q":23.6,"p":1500.0,"s":[{"cn":"Maxi-Co LTD","ui":"3652235","t":20049.0,"r":9041.0,"q":23.6,"p":1500.0,"mot":"U","mo":9041.0},{"cn":"","ui":"","t":0.0,"r":0.0,"q":0.0,"p":0.0,"mot":"L","mo":0.0}]},{"d":"11.07.2017","r":3650.0,"q":23.6,"p":1500.0,"s":[{"cn":"Maxi-Co LTD","ui":"3652235","t":14758.0,"r":3650.0,"q":23.6,"p":1500.0,"mot":"U","mo":3650.0},{"cn":"","ui":"","t":0.0,"r":0.0,"q":0.0,"p":0.0,"mot":"L","mo":0.0}]},{"d":"12.07.2017","r":195.0,"q":7.65,"p":11200.0,"s":[{"cn":"Ackermann Industries International","ui":"3245440","t":195.0,"r":195.0,"q":7.65,"p":11200.0,"mot":"U","mo":195.0},{"cn":"","ui":"","t":0.0,"r":0.0,"q":0.0,"p":0.0,"mot":"L","mo":0.0}]},{"d":"17.07.2017","r":197.0,"q":7.69,"p":11200.0,"s":[{"cn":"Ackermann Industries International","ui":"3245440","t":197.0,"r":197.0,"q":7.69,"p":11200.0,"mot":"U","mo":197.0},{"cn":"","ui":"","t":0.0,"r":0.0,"q":0.0,"p":0.0,"mot":"L","mo":0.0}]},{"d":"18.07.2017","r":199.0,"q":7.73,"p":11200.0,"s":[{"cn":"Ackermann Industries International","ui":"3245440","t":199.0,"r":199.0,"q":7.73,"p":11200.0,"mot":"U","mo":199.0},{"cn":"","ui":"","t":0.0,"r":0.0,"q":0.0,"p":0.0,"mot":"L","mo":0.0}]},{"d":"19.07.2017","r":201.0,"q":7.77,"p":11200.0,"s":[{"cn":"Ackermann Industries International","ui":"3245440","t":201.0,"r":201.0,"q":7.77,"p":11200.0,"mot":"U","mo":201.0},{"cn":"","ui":"","t":0.0,"r":0.0,"q":0.0,"p":0.0,"mot":"L","mo":0.0}]},{"d":"21.07.2017","r":621.0,"q":20.49,"p":4702.09,"s":[{"cn":"Maxi-Co LTD","ui":"3652235","t":6316.0,"r":416.0,"q":26.72,"p":1500.0,"mot":"U","mo":416.0},{"cn":"Ackermann Industries International","ui":"3245440","t":205.0,"r":205.0,"q":7.84,"p":11200.0,"mot":"U","mo":205.0},{"cn":"","ui":"","t":0.0,"r":0.0,"q":0.0,"p":0.0,"mot":"L","mo":0.0}]},{"d":"22.07.2017","r":831.0,"q":22.03,"p":3916.25,"s":[{"cn":"Maxi-Co LTD","ui":"3652235","t":6524.0,"r":624.0,"q":26.72,"p":1500.0,"mot":"U","mo":624.0},{"cn":"Ackermann Industries International","ui":"3245440","t":207.0,"r":207.0,"q":7.88,"p":11200.0,"mot":"U","mo":207.0},{"cn":"","ui":"","t":0.0,"r":0.0,"q":0.0,"p":0.0,"mot":"L","mo":0.0}]},{"d":"23.07.2017","r":209.0,"q":7.91,"p":11200.0,"s":[{"cn":"Ackermann Industries International","ui":"3245440","t":209.0,"r":209.0,"q":7.91,"p":11200.0,"mot":"U","mo":209.0},{"cn":"","ui":"","t":0.0,"r":0.0,"q":0.0,"p":0.0,"mot":"L","mo":0.0}]},{"d":"24.07.2017","r":211.0,"q":7.95,"p":11200.0,"s":[{"cn":"Ackermann Industries International","ui":"3245440","t":211.0,"r":211.0,"q":7.95,"p":11200.0,"mot":"U","mo":211.0},{"cn":"","ui":"","t":0.0,"r":0.0,"q":0.0,"p":0.0,"mot":"L","mo":0.0}]},{"d":"25.07.2017","r":213.0,"q":7.99,"p":11200.0,"s":[{"cn":"Ackermann Industries International","ui":"3245440","t":213.0,"r":213.0,"q":7.99,"p":11200.0,"mot":"U","mo":213.0},{"cn":"","ui":"","t":0.0,"r":0.0,"q":0.0,"p":0.0,"mot":"L","mo":0.0}]},{"d":"26.07.2017","r":215.0,"q":8.02,"p":11200.0,"s":[{"cn":"Ackermann Industries International","ui":"3245440","t":215.0,"r":215.0,"q":8.02,"p":11200.0,"mot":"U","mo":215.0},{"cn":"","ui":"","t":0.0,"r":0.0,"q":0.0,"p":0.0,"mot":"L","mo":0.0}]},{"d":"27.07.2017","r":217.0,"q":8.05,"p":11200.0,"s":[{"cn":"Ackermann Industries International","ui":"3245440","t":217.0,"r":217.0,"q":8.05,"p":11200.0,"mot":"U","mo":217.0},{"cn":"","ui":"","t":0.0,"r":0.0,"q":0.0,"p":0.0,"mot":"L","mo":0.0}]},{"d":"27.08.2017","r":279.0,"q":8.93,"p":11000.0,"s":[{"cn":"Ackermann Industries International","ui":"3245440","t":279.0,"r":279.0,"q":8.93,"p":11000.0,"mot":"U","mo":279.0},{"cn":"","ui":"","t":0.0,"r":0.0,"q":0.0,"p":0.0,"mot":"L","mo":0.0}]},{"d":"28.08.2017","r":281.0,"q":8.95,"p":11000.0,"s":[{"cn":"Ackermann Industries International","ui":"3245440","t":281.0,"r":281.0,"q":8.95,"p":11000.0,"mot":"U","mo":281.0},{"cn":"","ui":"","t":0.0,"r":0.0,"q":0.0,"p":0.0,"mot":"L","mo":0.0}]},{"d":"29.08.2017","r":283.0,"q":8.97,"p":11000.0,"s":[{"cn":"Ackermann Industries International","ui":"3245440","t":283.0,"r":283.0,"q":8.97,"p":11000.0,"mot":"U","mo":283.0},{"cn":"","ui":"","t":0.0,"r":0.0,"q":0.0,"p":0.0,"mot":"L","mo":0.0}]},{"d":"30.08.2017","r":285.0,"q":8.99,"p":11000.0,"s":[{"cn":"Ackermann Industries International","ui":"3245440","t":285.0,"r":285.0,"q":8.99,"p":11000.0,"mot":"U","mo":285.0},{"cn":"","ui":"","t":0.0,"r":0.0,"q":0.0,"p":0.0,"mot":"L","mo":0.0}]},{"d":"31.08.2017","r":287.0,"q":9.01,"p":11000.0,"s":[{"cn":"Ackermann Industries International","ui":"3245440","t":287.0,"r":287.0,"q":9.01,"p":11000.0,"mot":"U","mo":287.0},{"cn":"","ui":"","t":0.0,"r":0.0,"q":0.0,"p":0.0,"mot":"L","mo":0.0}]},{"d":"01.09.2017","r":289.0,"q":9.04,"p":11000.0,"s":[{"cn":"Ackermann Industries International","ui":"3245440","t":289.0,"r":289.0,"q":9.04,"p":11000.0,"mot":"U","mo":289.0},{"cn":"","ui":"","t":0.0,"r":0.0,"q":0.0,"p":0.0,"mot":"L","mo":0.0}]},{"d":"02.09.2017","r":291.0,"q":9.06,"p":11000.0,"s":[{"cn":"Ackermann Industries International","ui":"3245440","t":291.0,"r":291.0,"q":9.06,"p":11000.0,"mot":"U","mo":291.0},{"cn":"","ui":"","t":0.0,"r":0.0,"q":0.0,"p":0.0,"mot":"L","mo":0.0}]},{"d":"04.09.2017","r":295.0,"q":9.1,"p":11000.0,"s":[{"cn":"Ackermann Industries International","ui":"3245440","t":295.0,"r":295.0,"q":9.1,"p":11000.0,"mot":"U","mo":295.0},{"cn":"","ui":"","t":0.0,"r":0.0,"q":0.0,"p":0.0,"mot":"L","mo":0.0}]},{"d":"05.09.2017","r":297.0,"q":9.12,"p":11000.0,"s":[{"cn":"Ackermann Industries International","ui":"3245440","t":297.0,"r":297.0,"q":9.12,"p":11000.0,"mot":"U","mo":297.0},{"cn":"","ui":"","t":0.0,"r":0.0,"q":0.0,"p":0.0,"mot":"L","mo":0.0}]},{"d":"03.10.2017","r":299.0,"q":9.14,"p":11000.0,"s":[{"cn":"Ackermann Industries International","ui":"3245440","t":299.0,"r":299.0,"q":9.14,"p":11000.0,"mot":"U","mo":299.0},{"cn":"","ui":"","t":0.0,"r":0.0,"q":0.0,"p":0.0,"mot":"L","mo":0.0}]},{"d":"04.10.2017","r":3626.0,"q":29.93,"p":1500.0,"s":[{"cn":"Maxi-Co LTD","ui":"3652235","t":8226.0,"r":3626.0,"q":29.93,"p":1500.0,"mot":"U","mo":3626.0},{"cn":"","ui":"","t":0.0,"r":0.0,"q":0.0,"p":0.0,"mot":"L","mo":0.0}]},{"d":"05.10.2017","r":5439.0,"q":29.93,"p":1500.0,"s":[{"cn":"Maxi-Co LTD","ui":"3652235","t":10039.0,"r":5439.0,"q":29.93,"p":1500.0,"mot":"U","mo":5439.0},{"cn":"","ui":"","t":0.0,"r":0.0,"q":0.0,"p":0.0,"mot":"L","mo":0.0}]},{"d":"06.10.2017","r":7252.0,"q":29.93,"p":1500.0,"s":[{"cn":"Maxi-Co LTD","ui":"3652235","t":11852.0,"r":7252.0,"q":29.93,"p":1500.0,"mot":"U","mo":7252.0},{"cn":"","ui":"","t":0.0,"r":0.0,"q":0.0,"p":0.0,"mot":"L","mo":0.0}]},{"d":"09.10.2017","r":12461.0,"q":29.93,"p":1500.0,"s":[{"cn":"Maxi-Co LTD","ui":"3652235","t":17171.0,"r":12461.0,"q":29.93,"p":1500.0,"mot":"U","mo":12461.0},{"cn":"","ui":"","t":0.0,"r":0.0,"q":0.0,"p":0.0,"mot":"L","mo":0.0}]},{"d":"10.10.2017","r":14164.0,"q":29.93,"p":1500.0,"s":[{"cn":"Maxi-Co LTD","ui":"3652235","t":18874.0,"r":14164.0,"q":29.93,"p":1500.0,"mot":"U","mo":14164.0},{"cn":"","ui":"","t":0.0,"r":0.0,"q":0.0,"p":0.0,"mot":"L","mo":0.0}]},{"d":"11.10.2017","r":15887.0,"q":29.93,"p":1500.0,"s":[{"cn":"Maxi-Co LTD","ui":"3652235","t":20587.0,"r":15887.0,"q":29.93,"p":1500.0,"mot":"U","mo":15887.0},{"cn":"","ui":"","t":0.0,"r":0.0,"q":0.0,"p":0.0,"mot":"L","mo":0.0}]},{"d":"08.11.2017","r":17400.0,"q":29.93,"p":1500.0,"s":[{"cn":"Maxi-Co LTD","ui":"3652235","t":22200.0,"r":17400.0,"q":29.93,"p":1500.0,"mot":"U","mo":17400.0},{"cn":"","ui":"","t":0.0,"r":0.0,"q":0.0,"p":0.0,"mot":"L","mo":0.0}]},{"d":"14.11.2017","r":100245.0,"q":9.72,"p":3019.8,"s":[{"cn":"Корпорация \"Электрон\"","ui":"3835198","t":100000.0,"r":100000.0,"q":9.72,"p":3000.0,"mot":"U","mo":100000.0},{"cn":"","ui":"","t":245.0,"r":245.0,"q":8.49,"p":11100.0,"mot":"L","mo":245.0}]},{"d":"27.11.2017","r":12.0,"q":14.84,"p":11000.0,"s":[{"cn":"Ackermann Industries International","ui":"3245440","t":12.0,"r":12.0,"q":14.84,"p":11000.0,"mot":"U","mo":12.0},{"cn":"","ui":"","t":0.0,"r":0.0,"q":0.0,"p":0.0,"mot":"L","mo":0.0}]},{"d":"28.11.2017","r":16.0,"q":14.85,"p":11000.0,"s":[{"cn":"Ackermann Industries International","ui":"3245440","t":16.0,"r":16.0,"q":14.85,"p":11000.0,"mot":"U","mo":16.0},{"cn":"","ui":"","t":0.0,"r":0.0,"q":0.0,"p":0.0,"mot":"L","mo":0.0}]},{"d":"29.11.2017","r":20.0,"q":14.86,"p":10900.0,"s":[{"cn":"Ackermann Industries International","ui":"3245440","t":20.0,"r":20.0,"q":14.86,"p":10900.0,"mot":"U","mo":20.0},{"cn":"","ui":"","t":0.0,"r":0.0,"q":0.0,"p":0.0,"mot":"L","mo":0.0}]},{"d":"30.11.2017","r":24.0,"q":14.86,"p":10900.0,"s":[{"cn":"Ackermann Industries International","ui":"3245440","t":24.0,"r":24.0,"q":14.86,"p":10900.0,"mot":"U","mo":24.0},{"cn":"","ui":"","t":0.0,"r":0.0,"q":0.0,"p":0.0,"mot":"L","mo":0.0}]},{"d":"01.12.2017","r":28.0,"q":14.87,"p":10900.0,"s":[{"cn":"Ackermann Industries International","ui":"3245440","t":28.0,"r":28.0,"q":14.87,"p":10900.0,"mot":"U","mo":28.0},{"cn":"","ui":"","t":0.0,"r":0.0,"q":0.0,"p":0.0,"mot":"L","mo":0.0}]},{"d":"04.12.2017","r":40.0,"q":14.88,"p":10900.0,"s":[{"cn":"Ackermann Industries International","ui":"3245440","t":40.0,"r":40.0,"q":14.88,"p":10900.0,"mot":"U","mo":40.0},{"cn":"","ui":"","t":0.0,"r":0.0,"q":0.0,"p":0.0,"mot":"L","mo":0.0}]},{"d":"05.12.2017","r":44.0,"q":14.89,"p":10900.0,"s":[{"cn":"Ackermann Industries International","ui":"3245440","t":44.0,"r":44.0,"q":14.89,"p":10900.0,"mot":"U","mo":44.0},{"cn":"","ui":"","t":0.0,"r":0.0,"q":0.0,"p":0.0,"mot":"L","mo":0.0}]},{"d":"06.12.2017","r":48.0,"q":14.89,"p":10900.0,"s":[{"cn":"Ackermann Industries International","ui":"3245440","t":48.0,"r":48.0,"q":14.89,"p":10900.0,"mot":"U","mo":48.0},{"cn":"","ui":"","t":0.0,"r":0.0,"q":0.0,"p":0.0,"mot":"L","mo":0.0}]},{"d":"07.12.2017","r":52.0,"q":14.89,"p":10900.0,"s":[{"cn":"Ackermann Industries International","ui":"3245440","t":52.0,"r":52.0,"q":14.89,"p":10900.0,"mot":"U","mo":52.0},{"cn":"","ui":"","t":0.0,"r":0.0,"q":0.0,"p":0.0,"mot":"L","mo":0.0}]},{"d":"08.12.2017","r":56.0,"q":14.9,"p":10900.0,"s":[{"cn":"Ackermann Industries International","ui":"3245440","t":56.0,"r":56.0,"q":14.9,"p":10900.0,"mot":"U","mo":56.0},{"cn":"","ui":"","t":0.0,"r":0.0,"q":0.0,"p":0.0,"mot":"L","mo":0.0}]},{"d":"11.12.2017","r":74.0,"q":14.91,"p":10900.0,"s":[{"cn":"Ackermann Industries International","ui":"3245440","t":74.0,"r":74.0,"q":14.91,"p":10900.0,"mot":"U","mo":74.0},{"cn":"","ui":"","t":0.0,"r":0.0,"q":0.0,"p":0.0,"mot":"L","mo":0.0}]},{"d":"12.12.2017","r":80.0,"q":14.91,"p":10900.0,"s":[{"cn":"Ackermann Industries International","ui":"3245440","t":80.0,"r":80.0,"q":14.91,"p":10900.0,"mot":"U","mo":80.0},{"cn":"","ui":"","t":0.0,"r":0.0,"q":0.0,"p":0.0,"mot":"L","mo":0.0}]},{"d":"13.12.2017","r":86.0,"q":14.92,"p":10800.0,"s":[{"cn":"Ackermann Industries International","ui":"3245440","t":86.0,"r":86.0,"q":14.92,"p":10800.0,"mot":"U","mo":86.0},{"cn":"","ui":"","t":0.0,"r":0.0,"q":0.0,"p":0.0,"mot":"L","mo":0.0}]},{"d":"14.12.2017","r":92.0,"q":14.92,"p":10800.0,"s":[{"cn":"Ackermann Industries International","ui":"3245440","t":92.0,"r":92.0,"q":14.92,"p":10800.0,"mot":"U","mo":92.0},{"cn":"","ui":"","t":0.0,"r":0.0,"q":0.0,"p":0.0,"mot":"L","mo":0.0}]},{"d":"15.12.2017","r":98.0,"q":14.92,"p":10800.0,"s":[{"cn":"Ackermann Industries International","ui":"3245440","t":98.0,"r":98.0,"q":14.92,"p":10800.0,"mot":"U","mo":98.0},{"cn":"","ui":"","t":0.0,"r":0.0,"q":0.0,"p":0.0,"mot":"L","mo":0.0}]},{"d":"19.12.2017","r":122.0,"q":14.93,"p":10800.0,"s":[{"cn":"Ackermann Industries International","ui":"3245440","t":122.0,"r":122.0,"q":14.93,"p":10800.0,"mot":"U","mo":122.0},{"cn":"","ui":"","t":0.0,"r":0.0,"q":0.0,"p":0.0,"mot":"L","mo":0.0}]},{"d":"20.12.2017","r":128.0,"q":14.93,"p":10800.0,"s":[{"cn":"Ackermann Industries International","ui":"3245440","t":128.0,"r":128.0,"q":14.93,"p":10800.0,"mot":"U","mo":128.0},{"cn":"","ui":"","t":0.0,"r":0.0,"q":0.0,"p":0.0,"mot":"L","mo":0.0}]},{"d":"21.12.2017","r":134.0,"q":14.93,"p":10800.0,"s":[{"cn":"Ackermann Industries International","ui":"3245440","t":134.0,"r":134.0,"q":14.93,"p":10800.0,"mot":"U","mo":134.0},{"cn":"","ui":"","t":0.0,"r":0.0,"q":0.0,"p":0.0,"mot":"L","mo":0.0}]},{"d":"22.12.2017","r":140.0,"q":14.93,"p":10800.0,"s":[{"cn":"Ackermann Industries International","ui":"3245440","t":140.0,"r":140.0,"q":14.93,"p":10800.0,"mot":"U","mo":140.0},{"cn":"","ui":"","t":0.0,"r":0.0,"q":0.0,"p":0.0,"mot":"L","mo":0.0}]},{"d":"25.12.2017","r":158.0,"q":14.93,"p":10800.0,"s":[{"cn":"Ackermann Industries International","ui":"3245440","t":158.0,"r":158.0,"q":14.93,"p":10800.0,"mot":"U","mo":158.0},{"cn":"","ui":"","t":0.0,"r":0.0,"q":0.0,"p":0.0,"mot":"L","mo":0.0}]},{"d":"26.12.2017","r":164.0,"q":14.93,"p":10800.0,"s":[{"cn":"Ackermann Industries International","ui":"3245440","t":164.0,"r":164.0,"q":14.93,"p":10800.0,"mot":"U","mo":164.0},{"cn":"","ui":"","t":0.0,"r":0.0,"q":0.0,"p":0.0,"mot":"L","mo":0.0}]},{"d":"27.12.2017","r":170.0,"q":14.93,"p":10800.0,"s":[{"cn":"Ackermann Industries International","ui":"3245440","t":170.0,"r":170.0,"q":14.93,"p":10800.0,"mot":"U","mo":170.0},{"cn":"","ui":"","t":0.0,"r":0.0,"q":0.0,"p":0.0,"mot":"L","mo":0.0}]},{"d":"28.12.2017","r":176.0,"q":14.93,"p":10800.0,"s":[{"cn":"Ackermann Industries International","ui":"3245440","t":176.0,"r":176.0,"q":14.93,"p":10800.0,"mot":"U","mo":176.0},{"cn":"","ui":"","t":0.0,"r":0.0,"q":0.0,"p":0.0,"mot":"L","mo":0.0}]},{"d":"29.12.2017","r":182.0,"q":14.93,"p":10800.0,"s":[{"cn":"Ackermann Industries International","ui":"3245440","t":182.0,"r":182.0,"q":14.93,"p":10800.0,"mot":"U","mo":182.0},{"cn":"","ui":"","t":0.0,"r":0.0,"q":0.0,"p":0.0,"mot":"L","mo":0.0}]},{"d":"01.01.2018","r":200.0,"q":14.92,"p":10700.0,"s":[{"cn":"Ackermann Industries International","ui":"3245440","t":200.0,"r":200.0,"q":14.92,"p":10700.0,"mot":"U","mo":200.0},{"cn":"","ui":"","t":0.0,"r":0.0,"q":0.0,"p":0.0,"mot":"L","mo":0.0}]},{"d":"02.01.2018","r":206.0,"q":14.92,"p":10700.0,"s":[{"cn":"Ackermann Industries International","ui":"3245440","t":206.0,"r":206.0,"q":14.92,"p":10700.0,"mot":"U","mo":206.0},{"cn":"","ui":"","t":0.0,"r":0.0,"q":0.0,"p":0.0,"mot":"L","mo":0.0}]},{"d":"03.01.2018","r":212.0,"q":14.92,"p":10700.0,"s":[{"cn":"Ackermann Industries International","ui":"3245440","t":212.0,"r":212.0,"q":14.92,"p":10700.0,"mot":"U","mo":212.0},{"cn":"","ui":"","t":0.0,"r":0.0,"q":0.0,"p":0.0,"mot":"L","mo":0.0}]},{"d":"04.01.2018","r":218.0,"q":14.92,"p":10700.0,"s":[{"cn":"Ackermann Industries International","ui":"3245440","t":218.0,"r":218.0,"q":14.92,"p":10700.0,"mot":"U","mo":218.0},{"cn":"","ui":"","t":0.0,"r":0.0,"q":0.0,"p":0.0,"mot":"L","mo":0.0}]},{"d":"05.01.2018","r":224.0,"q":14.92,"p":10700.0,"s":[{"cn":"Ackermann Industries International","ui":"3245440","t":224.0,"r":224.0,"q":14.92,"p":10700.0,"mot":"U","mo":224.0},{"cn":"","ui":"","t":0.0,"r":0.0,"q":0.0,"p":0.0,"mot":"L","mo":0.0}]},{"d":"09.01.2018","r":248.0,"q":14.91,"p":10700.0,"s":[{"cn":"Ackermann Industries International","ui":"3245440","t":248.0,"r":248.0,"q":14.91,"p":10700.0,"mot":"U","mo":248.0},{"cn":"","ui":"","t":0.0,"r":0.0,"q":0.0,"p":0.0,"mot":"L","mo":0.0}]},{"d":"10.01.2018","r":254.0,"q":14.91,"p":10700.0,"s":[{"cn":"Ackermann Industries International","ui":"3245440","t":254.0,"r":254.0,"q":14.91,"p":10700.0,"mot":"U","mo":254.0},{"cn":"","ui":"","t":0.0,"r":0.0,"q":0.0,"p":0.0,"mot":"L","mo":0.0}]},{"d":"11.01.2018","r":260.0,"q":14.9,"p":10700.0,"s":[{"cn":"Ackermann Industries International","ui":"3245440","t":260.0,"r":260.0,"q":14.9,"p":10700.0,"mot":"U","mo":260.0},{"cn":"","ui":"","t":0.0,"r":0.0,"q":0.0,"p":0.0,"mot":"L","mo":0.0}]},{"d":"12.01.2018","r":266.0,"q":14.9,"p":10700.0,"s":[{"cn":"Ackermann Industries International","ui":"3245440","t":266.0,"r":266.0,"q":14.9,"p":10700.0,"mot":"U","mo":266.0},{"cn":"","ui":"","t":0.0,"r":0.0,"q":0.0,"p":0.0,"mot":"L","mo":0.0}]},{"d":"15.01.2018","r":284.0,"q":14.89,"p":10700.0,"s":[{"cn":"Ackermann Industries International","ui":"3245440","t":284.0,"r":284.0,"q":14.89,"p":10700.0,"mot":"U","mo":284.0},{"cn":"","ui":"","t":0.0,"r":0.0,"q":0.0,"p":0.0,"mot":"L","mo":0.0}]},{"d":"16.01.2018","r":290.0,"q":14.89,"p":10700.0,"s":[{"cn":"Ackermann Industries International","ui":"3245440","t":290.0,"r":290.0,"q":14.89,"p":10700.0,"mot":"U","mo":290.0},{"cn":"","ui":"","t":0.0,"r":0.0,"q":0.0,"p":0.0,"mot":"L","mo":0.0}]},{"d":"17.01.2018","r":296.0,"q":14.89,"p":10700.0,"s":[{"cn":"Ackermann Industries International","ui":"3245440","t":296.0,"r":296.0,"q":14.89,"p":10700.0,"mot":"U","mo":296.0},{"cn":"","ui":"","t":0.0,"r":0.0,"q":0.0,"p":0.0,"mot":"L","mo":0.0}]},{"d":"18.01.2018","r":302.0,"q":14.88,"p":10700.0,"s":[{"cn":"Ackermann Industries International","ui":"3245440","t":302.0,"r":302.0,"q":14.88,"p":10700.0,"mot":"U","mo":302.0},{"cn":"","ui":"","t":0.0,"r":0.0,"q":0.0,"p":0.0,"mot":"L","mo":0.0}]},{"d":"19.01.2018","r":308.0,"q":14.88,"p":10700.0,"s":[{"cn":"Ackermann Industries International","ui":"3245440","t":308.0,"r":308.0,"q":14.88,"p":10700.0,"mot":"U","mo":308.0},{"cn":"","ui":"","t":0.0,"r":0.0,"q":0.0,"p":0.0,"mot":"L","mo":0.0}]},{"d":"22.01.2018","r":326.0,"q":14.87,"p":10600.0,"s":[{"cn":"Ackermann Industries International","ui":"3245440","t":326.0,"r":326.0,"q":14.87,"p":10600.0,"mot":"U","mo":326.0},{"cn":"","ui":"","t":0.0,"r":0.0,"q":0.0,"p":0.0,"mot":"L","mo":0.0}]},{"d":"23.01.2018","r":332.0,"q":14.87,"p":10600.0,"s":[{"cn":"Ackermann Industries International","ui":"3245440","t":332.0,"r":332.0,"q":14.87,"p":10600.0,"mot":"U","mo":332.0},{"cn":"","ui":"","t":0.0,"r":0.0,"q":0.0,"p":0.0,"mot":"L","mo":0.0}]},{"d":"24.01.2018","r":338.0,"q":14.86,"p":10600.0,"s":[{"cn":"Ackermann Industries International","ui":"3245440","t":338.0,"r":338.0,"q":14.86,"p":10600.0,"mot":"U","mo":338.0},{"cn":"","ui":"","t":0.0,"r":0.0,"q":0.0,"p":0.0,"mot":"L","mo":0.0}]},{"d":"25.01.2018","r":344.0,"q":14.86,"p":10600.0,"s":[{"cn":"Ackermann Industries International","ui":"3245440","t":344.0,"r":344.0,"q":14.86,"p":10600.0,"mot":"U","mo":344.0},{"cn":"","ui":"","t":0.0,"r":0.0,"q":0.0,"p":0.0,"mot":"L","mo":0.0}]},{"d":"26.01.2018","r":350.0,"q":14.86,"p":10600.0,"s":[{"cn":"Ackermann Industries International","ui":"3245440","t":350.0,"r":350.0,"q":14.86,"p":10600.0,"mot":"U","mo":350.0},{"cn":"","ui":"","t":0.0,"r":0.0,"q":0.0,"p":0.0,"mot":"L","mo":0.0}]},{"d":"29.01.2018","r":368.0,"q":14.85,"p":10600.0,"s":[{"cn":"Ackermann Industries International","ui":"3245440","t":368.0,"r":368.0,"q":14.85,"p":10600.0,"mot":"U","mo":368.0},{"cn":"","ui":"","t":0.0,"r":0.0,"q":0.0,"p":0.0,"mot":"L","mo":0.0}]},{"d":"30.01.2018","r":374.0,"q":14.84,"p":10600.0,"s":[{"cn":"Ackermann Industries International","ui":"3245440","t":374.0,"r":374.0,"q":14.84,"p":10600.0,"mot":"U","mo":374.0},{"cn":"","ui":"","t":0.0,"r":0.0,"q":0.0,"p":0.0,"mot":"L","mo":0.0}]},{"d":"31.01.2018","r":380.0,"q":14.84,"p":10600.0,"s":[{"cn":"Ackermann Industries International","ui":"3245440","t":380.0,"r":380.0,"q":14.84,"p":10600.0,"mot":"U","mo":380.0},{"cn":"","ui":"","t":0.0,"r":0.0,"q":0.0,"p":0.0,"mot":"L","mo":0.0}]},{"d":"02.02.2018","r":392.0,"q":14.84,"p":10600.0,"s":[{"cn":"Ackermann Industries International","ui":"3245440","t":392.0,"r":392.0,"q":14.84,"p":10600.0,"mot":"U","mo":392.0},{"cn":"","ui":"","t":0.0,"r":0.0,"q":0.0,"p":0.0,"mot":"L","mo":0.0}]},{"d":"06.02.2018","r":416.0,"q":14.87,"p":10600.0,"s":[{"cn":"Ackermann Industries International","ui":"3245440","t":416.0,"r":416.0,"q":14.87,"p":10600.0,"mot":"U","mo":416.0},{"cn":"","ui":"","t":0.0,"r":0.0,"q":0.0,"p":0.0,"mot":"L","mo":0.0}]},{"d":"07.02.2018","r":422.0,"q":14.88,"p":10500.0,"s":[{"cn":"Ackermann Industries International","ui":"3245440","t":422.0,"r":422.0,"q":14.88,"p":10500.0,"mot":"U","mo":422.0},{"cn":"","ui":"","t":0.0,"r":0.0,"q":0.0,"p":0.0,"mot":"L","mo":0.0}]},{"d":"08.02.2018","r":428.0,"q":14.88,"p":10500.0,"s":[{"cn":"Ackermann Industries International","ui":"3245440","t":428.0,"r":428.0,"q":14.88,"p":10500.0,"mot":"U","mo":428.0},{"cn":"","ui":"","t":0.0,"r":0.0,"q":0.0,"p":0.0,"mot":"L","mo":0.0}]},{"d":"09.02.2018","r":434.0,"q":14.89,"p":10500.0,"s":[{"cn":"Ackermann Industries International","ui":"3245440","t":434.0,"r":434.0,"q":14.89,"p":10500.0,"mot":"U","mo":434.0},{"cn":"","ui":"","t":0.0,"r":0.0,"q":0.0,"p":0.0,"mot":"L","mo":0.0}]},{"d":"13.02.2018","r":458.0,"q":14.93,"p":10500.0,"s":[{"cn":"Ackermann Industries International","ui":"3245440","t":458.0,"r":458.0,"q":14.93,"p":10500.0,"mot":"U","mo":458.0},{"cn":"","ui":"","t":0.0,"r":0.0,"q":0.0,"p":0.0,"mot":"L","mo":0.0}]},{"d":"14.02.2018","r":464.0,"q":14.94,"p":10500.0,"s":[{"cn":"Ackermann Industries International","ui":"3245440","t":464.0,"r":464.0,"q":14.94,"p":10500.0,"mot":"U","mo":464.0},{"cn":"","ui":"","t":0.0,"r":0.0,"q":0.0,"p":0.0,"mot":"L","mo":0.0}]},{"d":"15.02.2018","r":470.0,"q":14.95,"p":10500.0,"s":[{"cn":"Ackermann Industries International","ui":"3245440","t":470.0,"r":470.0,"q":14.95,"p":10500.0,"mot":"U","mo":470.0},{"cn":"","ui":"","t":0.0,"r":0.0,"q":0.0,"p":0.0,"mot":"L","mo":0.0}]},{"d":"16.02.2018","r":476.0,"q":14.95,"p":10500.0,"s":[{"cn":"Ackermann Industries International","ui":"3245440","t":476.0,"r":476.0,"q":14.95,"p":10500.0,"mot":"U","mo":476.0},{"cn":"","ui":"","t":0.0,"r":0.0,"q":0.0,"p":0.0,"mot":"L","mo":0.0}]},{"d":"07.03.2018","r":2000.0,"q":1.0,"p":150.0,"s":[{"cn":"AZORICSE ENTERPRISES","ui":"4048812","t":2000.0,"r":2000.0,"q":1.0,"p":150.0,"mot":"U","mo":2000.0},{"cn":"","ui":"","t":0.0,"r":0.0,"q":0.0,"p":0.0,"mot":"L","mo":0.0}]},{"d":"25.09.2018","r":100.0,"q":1.0,"p":150.0,"s":[{"cn":"AZORICSE ENTERPRISES","ui":"4048812","t":100.0,"r":100.0,"q":1.0,"p":150.0,"mot":"U","mo":100.0},{"cn":"","ui":"","t":0.0,"r":0.0,"q":0.0,"p":0.0,"mot":"L","mo":0.0}]},{"d":"28.03.2019","r":100.0,"q":1.0,"p":1.0,"s":[{"cn":"AZORICSE ENTERPRISES","ui":"4048812","t":100.0,"r":100.0,"q":1.0,"p":1.0,"mot":"U","mo":100.0},{"cn":"","ui":"","t":0.0,"r":0.0,"q":0.0,"p":0.0,"mot":"L","mo":0.0}]},{"d":"26.04.2019","r":4000.0,"q":5.0,"p":777.0,"s":[{"cn":"Alto_avanti","ui":"4455094","t":4000.0,"r":4000.0,"q":5.0,"p":777.0,"mot":"U","mo":4000.0},{"cn":"","ui":"","t":0.0,"r":0.0,"q":0.0,"p":0.0,"mot":"L","mo":0.0}]},{"d":"29.04.2019","r":118499.0,"q":1.02,"p":206.02,"s":[{"cn":"Чайники Корпорейшен","ui":"4460300","t":35694.0,"r":35694.0,"q":1.01,"p":220.0,"mot":"U","mo":35694.0},{"cn":"SGI invest","ui":"4462535","t":82805.0,"r":82805.0,"q":1.03,"p":200.0,"mot":"U","mo":82805.0},{"cn":"","ui":"","t":0.0,"r":0.0,"q":0.0,"p":0.0,"mot":"L","mo":0.0}]},{"d":"04.06.2019","r":70.0,"q":1.0,"p":3300.0,"s":[{"cn":"Caterpillar","ui":"4502107","t":70.0,"r":70.0,"q":1.0,"p":3300.0,"mot":"U","mo":70.0},{"cn":"","ui":"","t":0.0,"r":0.0,"q":0.0,"p":0.0,"mot":"L","mo":0.0}]},{"d":"05.12.2019","r":60.0,"q":23.64,"p":10500.0,"s":[{"cn":"Ackermann Industries International","ui":"3245440","t":60.0,"r":60.0,"q":23.64,"p":10500.0,"mot":"U","mo":60.0},{"cn":"","ui":"","t":0.0,"r":0.0,"q":0.0,"p":0.0,"mot":"L","mo":0.0}]},{"d":"06.12.2019","r":90.0,"q":23.65,"p":10500.0,"s":[{"cn":"Ackermann Industries International","ui":"3245440","t":90.0,"r":90.0,"q":23.65,"p":10500.0,"mot":"U","mo":90.0},{"cn":"","ui":"","t":0.0,"r":0.0,"q":0.0,"p":0.0,"mot":"L","mo":0.0}]},{"d":"09.12.2019","r":180.0,"q":23.65,"p":10500.0,"s":[{"cn":"Ackermann Industries International","ui":"3245440","t":180.0,"r":180.0,"q":23.65,"p":10500.0,"mot":"U","mo":180.0},{"cn":"","ui":"","t":0.0,"r":0.0,"q":0.0,"p":0.0,"mot":"L","mo":0.0}]},{"d":"10.12.2019","r":210.0,"q":23.66,"p":10500.0,"s":[{"cn":"Ackermann Industries International","ui":"3245440","t":210.0,"r":210.0,"q":23.66,"p":10500.0,"mot":"U","mo":210.0},{"cn":"","ui":"","t":0.0,"r":0.0,"q":0.0,"p":0.0,"mot":"L","mo":0.0}]},{"d":"11.12.2019","r":240.0,"q":23.66,"p":10500.0,"s":[{"cn":"Ackermann Industries International","ui":"3245440","t":240.0,"r":240.0,"q":23.66,"p":10500.0,"mot":"U","mo":240.0},{"cn":"","ui":"","t":0.0,"r":0.0,"q":0.0,"p":0.0,"mot":"L","mo":0.0}]},{"d":"12.12.2019","r":270.0,"q":23.66,"p":10500.0,"s":[{"cn":"Ackermann Industries International","ui":"3245440","t":270.0,"r":270.0,"q":23.66,"p":10500.0,"mot":"U","mo":270.0},{"cn":"","ui":"","t":0.0,"r":0.0,"q":0.0,"p":0.0,"mot":"L","mo":0.0}]},{"d":"13.12.2019","r":300.0,"q":23.66,"p":10500.0,"s":[{"cn":"Ackermann Industries International","ui":"3245440","t":300.0,"r":300.0,"q":23.66,"p":10500.0,"mot":"U","mo":300.0},{"cn":"","ui":"","t":0.0,"r":0.0,"q":0.0,"p":0.0,"mot":"L","mo":0.0}]},{"d":"16.12.2019","r":390.0,"q":23.67,"p":10500.0,"s":[{"cn":"Ackermann Industries International","ui":"3245440","t":390.0,"r":390.0,"q":23.67,"p":10500.0,"mot":"U","mo":390.0},{"cn":"","ui":"","t":0.0,"r":0.0,"q":0.0,"p":0.0,"mot":"L","mo":0.0}]},{"d":"17.12.2019","r":420.0,"q":23.67,"p":10500.0,"s":[{"cn":"Ackermann Industries International","ui":"3245440","t":420.0,"r":420.0,"q":23.67,"p":10500.0,"mot":"U","mo":420.0},{"cn":"","ui":"","t":0.0,"r":0.0,"q":0.0,"p":0.0,"mot":"L","mo":0.0}]},{"d":"18.12.2019","r":450.0,"q":23.67,"p":10500.0,"s":[{"cn":"Ackermann Industries International","ui":"3245440","t":450.0,"r":450.0,"q":23.67,"p":10500.0,"mot":"U","mo":450.0},{"cn":"","ui":"","t":0.0,"r":0.0,"q":0.0,"p":0.0,"mot":"L","mo":0.0}]},{"d":"19.12.2019","r":480.0,"q":23.67,"p":10500.0,"s":[{"cn":"Ackermann Industries International","ui":"3245440","t":480.0,"r":480.0,"q":23.67,"p":10500.0,"mot":"U","mo":480.0},{"cn":"","ui":"","t":0.0,"r":0.0,"q":0.0,"p":0.0,"mot":"L","mo":0.0}]},{"d":"20.12.2019","r":510.0,"q":23.68,"p":10500.0,"s":[{"cn":"Ackermann Industries International","ui":"3245440","t":510.0,"r":510.0,"q":23.68,"p":10500.0,"mot":"U","mo":510.0},{"cn":"","ui":"","t":0.0,"r":0.0,"q":0.0,"p":0.0,"mot":"L","mo":0.0}]},{"d":"23.12.2019","r":600.0,"q":23.68,"p":10500.0,"s":[{"cn":"Ackermann Industries International","ui":"3245440","t":600.0,"r":600.0,"q":23.68,"p":10500.0,"mot":"U","mo":600.0},{"cn":"","ui":"","t":0.0,"r":0.0,"q":0.0,"p":0.0,"mot":"L","mo":0.0}]},{"d":"24.12.2019","r":630.0,"q":23.68,"p":10500.0,"s":[{"cn":"Ackermann Industries International","ui":"3245440","t":630.0,"r":630.0,"q":23.68,"p":10500.0,"mot":"U","mo":630.0},{"cn":"","ui":"","t":0.0,"r":0.0,"q":0.0,"p":0.0,"mot":"L","mo":0.0}]},{"d":"25.12.2019","r":660.0,"q":23.69,"p":10500.0,"s":[{"cn":"Ackermann Industries International","ui":"3245440","t":660.0,"r":660.0,"q":23.69,"p":10500.0,"mot":"U","mo":660.0},{"cn":"","ui":"","t":0.0,"r":0.0,"q":0.0,"p":0.0,"mot":"L","mo":0.0}]},{"d":"26.12.2019","r":690.0,"q":23.69,"p":10500.0,"s":[{"cn":"Ackermann Industries International","ui":"3245440","t":690.0,"r":690.0,"q":23.69,"p":10500.0,"mot":"U","mo":690.0},{"cn":"","ui":"","t":0.0,"r":0.0,"q":0.0,"p":0.0,"mot":"L","mo":0.0}]},{"d":"27.12.2019","r":720.0,"q":23.69,"p":10500.0,"s":[{"cn":"Ackermann Industries International","ui":"3245440","t":720.0,"r":720.0,"q":23.69,"p":10500.0,"mot":"U","mo":720.0},{"cn":"","ui":"","t":0.0,"r":0.0,"q":0.0,"p":0.0,"mot":"L","mo":0.0}]},{"d":"30.12.2019","r":810.0,"q":23.7,"p":10500.0,"s":[{"cn":"Ackermann Industries International","ui":"3245440","t":810.0,"r":810.0,"q":23.7,"p":10500.0,"mot":"U","mo":810.0},{"cn":"","ui":"","t":0.0,"r":0.0,"q":0.0,"p":0.0,"mot":"L","mo":0.0}]},{"d":"31.12.2019","r":840.0,"q":23.7,"p":10500.0,"s":[{"cn":"Ackermann Industries International","ui":"3245440","t":840.0,"r":840.0,"q":23.7,"p":10500.0,"mot":"U","mo":840.0},{"cn":"","ui":"","t":0.0,"r":0.0,"q":0.0,"p":0.0,"mot":"L","mo":0.0}]},{"d":"01.01.2020","r":870.0,"q":23.7,"p":10500.0,"s":[{"cn":"Ackermann Industries International","ui":"3245440","t":870.0,"r":870.0,"q":23.7,"p":10500.0,"mot":"U","mo":870.0},{"cn":"","ui":"","t":0.0,"r":0.0,"q":0.0,"p":0.0,"mot":"L","mo":0.0}]},{"d":"14.05.2020","r":5602.0,"q":1.0,"p":202.57,"s":[{"cn":"LEMANSITO CORPORATION","ui":"4792235","t":5314.0,"r":5314.0,"q":1.0,"p":200.0,"mot":"U","mo":5314.0},{"cn":"Grimms","ui":"4854062","t":288.0,"r":288.0,"q":1.0,"p":250.0,"mot":"U","mo":288.0},{"cn":"","ui":"","t":0.0,"r":0.0,"q":0.0,"p":0.0,"mot":"L","mo":0.0}]},{"d":"18.05.2020","r":5264.0,"q":1.0,"p":200.0,"s":[{"cn":"LEMANSITO CORPORATION","ui":"4792235","t":5264.0,"r":5264.0,"q":1.0,"p":200.0,"mot":"U","mo":5264.0},{"cn":"","ui":"","t":0.0,"r":0.0,"q":0.0,"p":0.0,"mot":"L","mo":0.0}]},{"d":"19.05.2020","r":5154.0,"q":1.0,"p":100.0,"s":[{"cn":"LEMANSITO CORPORATION","ui":"4792235","t":5214.0,"r":5154.0,"q":1.0,"p":100.0,"mot":"U","mo":5154.0},{"cn":"","ui":"","t":0.0,"r":0.0,"q":0.0,"p":0.0,"mot":"L","mo":0.0}]},{"d":"20.05.2020","r":3679.0,"q":1.0,"p":100.0,"s":[{"cn":"LEMANSITO CORPORATION","ui":"4792235","t":4949.0,"r":3679.0,"q":1.0,"p":100.0,"mot":"U","mo":3679.0},{"cn":"","ui":"","t":0.0,"r":0.0,"q":0.0,"p":0.0,"mot":"L","mo":0.0}]},{"d":"21.05.2020","r":2054.0,"q":1.0,"p":100.0,"s":[{"cn":"LEMANSITO CORPORATION","ui":"4792235","t":3679.0,"r":2054.0,"q":1.0,"p":100.0,"mot":"U","mo":2054.0},{"cn":"","ui":"","t":0.0,"r":0.0,"q":0.0,"p":0.0,"mot":"L","mo":0.0}]},{"d":"22.05.2020","r":79.0,"q":1.0,"p":100.0,"s":[{"cn":"LEMANSITO CORPORATION","ui":"4792235","t":1754.0,"r":79.0,"q":1.0,"p":100.0,"mot":"U","mo":79.0},{"cn":"","ui":"","t":0.0,"r":0.0,"q":0.0,"p":0.0,"mot":"L","mo":0.0}]},{"d":"25.05.2020","r":288.0,"q":1.0,"p":150.0,"s":[{"cn":"Grimms","ui":"4854062","t":288.0,"r":288.0,"q":1.0,"p":150.0,"mot":"U","mo":288.0},{"cn":"","ui":"","t":0.0,"r":0.0,"q":0.0,"p":0.0,"mot":"L","mo":0.0}]},{"d":"07.01.2021","r":1632621.0,"q":29.56,"p":801820.2,"s":[{"cn":"zvk91 Инвест","ui":"7584418","t":700327.0,"r":700327.0,"q":32.65,"p":1000000.0,"mot":"U","mo":700327.0},{"cn":"zvk91 Инвест","ui":"8252471","t":887952.0,"r":887902.0,"q":27.36,"p":650000.0,"mot":"U","mo":887902.0},{"cn":"","ui":"","t":410730.0,"r":44392.0,"q":24.72,"p":711956.88,"mot":"L","mo":44392.0}]},{"d":"14.01.2021","r":2799.0,"q":1.0,"p":200.0,"s":[{"cn":"LEMANSITO CORPORATION","ui":"4922578","t":2799.0,"r":2799.0,"q":1.0,"p":200.0,"mot":"U","mo":2799.0},{"cn":"","ui":"","t":0.0,"r":0.0,"q":0.0,"p":0.0,"mot":"L","mo":0.0}]}]