[{"pi":"1497","pc":"Продукты питания","ss":100000,"td":"Центр города","dc":1,"n":673.29,"vc":"1332703","sl":"Нормальный","sv":"17421","p":3650.0,"q":33.82,"b":5.82,"ms":9.91,"wi":156.39,"ei":6.41,"as":2315.25,"mi":"E","mv":175860,"sc":2,"lpe":89.92,"lpr":1185.75,"lq":3.76,"d":680780},{"pi":"1497","pc":"Продукты питания","ss":10000,"td":"Центр города","dc":3,"n":0.0,"vc":"878","sl":"Элитный","sv":"300","p":1500.0,"q":9.07,"b":0.0,"ms":0.17,"wi":156.39,"ei":6.41,"as":2315.25,"mi":"E","mv":175860,"sc":2,"lpe":89.92,"lpr":1185.75,"lq":3.76,"d":680780},{"pi":"1497","pc":"Продукты питания","ss":100000,"td":"Центр города","dc":1,"n":673.29,"vc":"3170400","sl":"Низкий","sv":"140580","p":3000.0,"q":34.96,"b":4.6,"ms":11.66,"wi":131.96,"ei":6.72,"as":1776.47,"mi":"E","mv":1205826,"sc":2,"lpe":86.68,"lpr":772.0,"lq":1.2,"d":2542506},{"pi":"1497","pc":"Продукты питания","ss":100000,"td":"Фешенебельный район","dc":2,"n":594.86,"vc":"223700","sl":"Элитный","sv":"20000","p":3100.0,"q":34.41,"b":3.24,"ms":1.66,"wi":131.96,"ei":6.72,"as":1776.47,"mi":"E","mv":1205826,"sc":2,"lpe":86.68,"lpr":772.0,"lq":1.2,"d":2542506},{"pi":"1497","pc":"Продукты питания","ss":1000,"td":"Центр города","dc":1,"n":153.76,"vc":"1454","sl":"Элитный","sv":"665","p":1100.0,"q":3.9,"b":0.0,"ms":0.14,"wi":45.61,"ei":8.95,"as":326.91,"mi":"E","mv":467936,"sc":2,"lpe":99.8,"lpr":717.67,"lq":1.0,"d":2976414},{"pi":"1497","pc":"Продукты питания","ss":2200,"td":"Спальный район","dc":1,"n":353.57,"vc":"5602","sl":"Очень высокий","sv":"250","p":1400.0,"q":3.42,"b":0.0,"ms":0.05,"wi":45.61,"ei":8.95,"as":326.91,"mi":"E","mv":467936,"sc":2,"lpe":99.8,"lpr":717.67,"lq":1.0,"d":2976414},{"pi":"1497","pc":"Продукты питания","ss":100000,"td":"Центр города","dc":2,"n":440.67,"vc":"192274","sl":"Элитный","sv":"150000","p":1000.0,"q":22.68,"b":4.25,"ms":23.48,"wi":109.74,"ei":6.39,"as":1332.06,"mi":"E","mv":638973,"sc":1,"lpe":76.52,"lpr":755.36,"lq":1.92,"d":1607580},{"pi":"1497","pc":"Продукты питания","ss":100000,"td":"Центр города","dc":2,"n":459.26,"vc":"223865","sl":"Элитный","sv":"10000","p":3600.0,"q":34.41,"b":3.24,"ms":1.75,"wi":115.61,"ei":6.91,"as":1461.51,"mi":"E","mv":570217,"sc":1,"lpe":98.25,"lpr":1171.16,"lq":1.0,"d":1489874},{"pi":"1497","pc":"Продукты питания","ss":1000,"td":"Центр города","dc":1,"n":151.62,"vc":"1217","sl":"Элитный","sv":"3000","p":1000.0,"q":4.56,"b":0.0,"ms":2.65,"wi":41.63,"ei":7.13,"as":358.52,"mi":"E","mv":113295,"sc":1,"lpe":97.35,"lpr":991.14,"lq":1.0,"d":1853316},{"pi":"1497","pc":"Продукты питания","ss":100000,"td":"Центр города","dc":1,"n":250.04,"vc":"54439","sl":"Элитный","sv":"5000","p":150.0,"q":7.01,"b":1.51,"ms":1.13,"wi":27.86,"ei":3.43,"as":42.92,"mi":"E","mv":443072,"sc":2,"lpe":97.92,"lpr":980.52,"lq":1.0,"d":9216794},{"pi":"1497","pc":"Продукты питания","ss":2000,"td":"Центр города","dc":1,"n":36.64,"vc":"1435","sl":"Элитный","sv":"4215","p":865.0,"q":4.43,"b":0.0,"ms":0.95,"wi":27.86,"ei":3.43,"as":42.92,"mi":"E","mv":443072,"sc":2,"lpe":97.92,"lpr":980.52,"lq":1.0,"d":9216794},{"pi":"1497","pc":"Продукты питания","ss":15000,"td":"Фешенебельный район","dc":1,"n":542.09,"vc":"15372","sl":"Элитный","sv":"16000","p":2250.0,"q":27.09,"b":0.0,"ms":26.49,"wi":80.59,"ei":6.9,"as":850.5,"mi":"E","mv":60409,"sc":1,"lpe":73.51,"lpr":938.82,"lq":1.46,"d":688452},{"pi":"1497","pc":"Продукты питания","ss":160000,"td":"Окраина","dc":2,"n":539.93,"vc":"592750","sl":"Нормальный","sv":"8000","p":2500.0,"q":20.71,"b":0.0,"ms":4.7,"wi":86.72,"ei":7.1,"as":871.5,"mi":"E","mv":170094,"sc":1,"lpe":95.3,"lpr":1803.84,"lq":1.0,"d":957768},{"pi":"1497","pc":"Продукты питания","ss":100000,"td":"Фешенебельный район","dc":2,"n":594.19,"vc":"223978","sl":"Элитный","sv":"69000","p":3200.0,"q":34.41,"b":2.87,"ms":6.47,"wi":81.91,"ei":8.82,"as":546.4,"mi":"E","mv":1066169,"sc":1,"lpe":93.53,"lpr":771.42,"lq":1.0,"d":2598727},{"pi":"1497","pc":"Продукты питания","ss":100000,"td":"Фешенебельный район","dc":2,"n":680.19,"vc":"223938","sl":"Элитный","sv":"12000","p":3000.0,"q":34.41,"b":2.87,"ms":15.0,"wi":80.04,"ei":6.62,"as":576.1,"mi":"E","mv":79997,"sc":1,"lpe":85.0,"lpr":767.97,"lq":1.29,"d":254993},{"pi":"1497","pc":"Продукты питания","ss":100000,"td":"Фешенебельный район","dc":2,"n":671.29,"vc":"223602","sl":"Элитный","sv":"10000","p":1600.0,"q":34.41,"b":2.87,"ms":8.71,"wi":128.02,"ei":8.82,"as":625.38,"mi":"E","mv":114797,"sc":2,"lpe":88.75,"lpr":498.8,"lq":1.12,"d":311011},{"pi":"1497","pc":"Продукты питания","ss":99000,"td":"Центр города","dc":2,"n":142.77,"vc":"6136","sl":"Элитный","sv":"2911","p":800.0,"q":16.12,"b":0.0,"ms":2.54,"wi":128.02,"ei":8.82,"as":625.38,"mi":"E","mv":114797,"sc":2,"lpe":88.75,"lpr":498.8,"lq":1.12,"d":311011},{"pi":"1497","pc":"Продукты питания","ss":100,"td":"Центр города","dc":2,"n":0.62,"vc":"107","sl":"Очень низкий","sv":"75","p":1059.51,"q":4.56,"b":0.0,"ms":0.19,"wi":21.71,"ei":9.2,"as":243.81,"mi":"E","mv":40305,"sc":1,"lpe":99.81,"lpr":933.97,"lq":1.0,"d":2418266},{"pi":"1497","pc":"Продукты питания","ss":700,"td":"Спальный район","dc":1,"n":30.94,"vc":"485","sl":"Элитный","sv":"1000","p":1000.0,"q":4.56,"b":0.0,"ms":0.51,"wi":44.53,"ei":12.04,"as":405.27,"mi":"E","mv":197098,"sc":2,"lpe":99.22,"lpr":1034.71,"lq":1.0,"d":3315370},{"pi":"1497","pc":"Продукты питания","ss":8000,"td":"Центр города","dc":7,"n":245.14,"vc":"12354","sl":"Очень низкий","sv":"537","p":1400.0,"q":1.35,"b":0.0,"ms":0.27,"wi":44.53,"ei":12.04,"as":405.27,"mi":"E","mv":197098,"sc":2,"lpe":99.22,"lpr":1034.71,"lq":1.0,"d":3315370},{"pi":"1497","pc":"Продукты питания","ss":100,"td":"Центр города","dc":1,"n":0.95,"vc":"92","sl":"Низкий","sv":"61","p":934.93,"q":4.56,"b":0.0,"ms":0.15,"wi":21.21,"ei":4.62,"as":206.96,"mi":"E","mv":39843,"sc":1,"lpe":99.85,"lpr":849.79,"lq":1.0,"d":1571900},{"pi":"1497","pc":"Продукты питания","ss":1000,"td":"Фешенебельный район","dc":3,"n":309.48,"vc":"532","sl":"Очень высокий","sv":"2388","p":2000.0,"q":4.66,"b":0.0,"ms":1.21,"wi":109.29,"ei":6.7,"as":1597.06,"mi":"E","mv":198077,"sc":1,"lpe":98.79,"lpr":1380.22,"lq":1.0,"d":976806},{"pi":"1497","pc":"Продукты питания","ss":100000,"td":"Центр города","dc":2,"n":335.39,"vc":"86020","sl":"Очень высокий","sv":"100000","p":2000.0,"q":24.89,"b":0.0,"ms":22.9,"wi":57.01,"ei":11.71,"as":410.0,"mi":"E","mv":436631,"sc":6,"lpe":66.74,"lpr":793.23,"lq":1.46,"d":2912574},{"pi":"1497","pc":"Продукты питания","ss":11000,"td":"Центр города","dc":1,"n":114.99,"vc":"3576","sl":"Элитный","sv":"39767","p":1300.0,"q":8.66,"b":0.0,"ms":9.11,"wi":57.01,"ei":11.71,"as":410.0,"mi":"E","mv":436631,"sc":6,"lpe":66.74,"lpr":793.23,"lq":1.46,"d":2912574},{"pi":"1497","pc":"Продукты питания","ss":3500,"td":"Центр города","dc":1,"n":244.35,"vc":"7335","sl":"Элитный","sv":"3500","p":1200.0,"q":4.39,"b":0.0,"ms":0.8,"wi":57.01,"ei":11.71,"as":410.0,"mi":"E","mv":436631,"sc":6,"lpe":66.74,"lpr":793.23,"lq":1.46,"d":2912574},{"pi":"1497","pc":"Продукты питания","ss":24500,"td":"Центр города","dc":2,"n":296.28,"vc":"34598","sl":"Очень высокий","sv":"1448","p":3000.0,"q":26.58,"b":0.0,"ms":0.33,"wi":57.01,"ei":11.71,"as":410.0,"mi":"E","mv":436631,"sc":6,"lpe":66.74,"lpr":793.23,"lq":1.46,"d":2912574},{"pi":"1497","pc":"Продукты питания","ss":1000,"td":"Центр города","dc":1,"n":101.72,"vc":"1076","sl":"Низкий","sv":"500","p":1000.0,"q":3.39,"b":0.0,"ms":0.11,"wi":57.01,"ei":11.71,"as":410.0,"mi":"E","mv":436631,"sc":6,"lpe":66.74,"lpr":793.23,"lq":1.46,"d":2912574},{"pi":"1497","pc":"Продукты питания","ss":300,"td":"Спальный район","dc":1,"n":37.16,"vc":"317","sl":"Очень высокий","sv":"10","p":899.99,"q":4.66,"b":0.0,"ms":0.0,"wi":57.01,"ei":11.71,"as":410.0,"mi":"E","mv":436631,"sc":6,"lpe":66.74,"lpr":793.23,"lq":1.46,"d":2912574},{"pi":"1497","pc":"Продукты питания","ss":1000,"td":"Спальный район","dc":2,"n":319.94,"vc":"896","sl":"Низкий","sv":"810","p":835.0,"q":4.05,"b":0.0,"ms":3.34,"wi":77.49,"ei":6.62,"as":518.18,"mi":"E","mv":24274,"sc":1,"lpe":96.66,"lpr":1021.92,"lq":1.0,"d":116700},{"pi":"1497","pc":"Продукты питания","ss":100000,"td":"Фешенебельный район","dc":2,"n":683.02,"vc":"224008","sl":"Элитный","sv":"15000","p":3300.0,"q":34.41,"b":2.87,"ms":14.98,"wi":96.34,"ei":7.3,"as":643.27,"mi":"E","mv":100114,"sc":1,"lpe":85.02,"lpr":772.48,"lq":1.93,"d":286767},{"pi":"1497","pc":"Продукты питания","ss":1000,"td":"Фешенебельный район","dc":4,"n":95.87,"vc":"58","sl":"Элитный","sv":"2","p":931.0,"q":4.25,"b":0.0,"ms":0.01,"wi":56.47,"ei":7.19,"as":613.83,"mi":"E","mv":18896,"sc":1,"lpe":99.99,"lpr":1005.56,"lq":1.0,"d":169390},{"pi":"1497","pc":"Продукты питания","ss":100,"td":"Спальный район","dc":1,"n":38.58,"vc":"35","sl":"Высокий","sv":"137","p":1200.0,"q":4.56,"b":0.0,"ms":0.74,"wi":51.98,"ei":6.5,"as":535.5,"mi":"E","mv":18562,"sc":1,"lpe":99.26,"lpr":1018.95,"lq":1.0,"d":154500},{"pi":"1497","pc":"Продукты питания","ss":100000,"td":"Фешенебельный район","dc":2,"n":685.14,"vc":"224418","sl":"Элитный","sv":"12000","p":3350.0,"q":34.41,"b":2.87,"ms":16.29,"wi":89.53,"ei":6.95,"as":721.1,"mi":"E","mv":73645,"sc":1,"lpe":83.71,"lpr":751.35,"lq":1.26,"d":214816},{"pi":"1497","pc":"Продукты питания","ss":1000,"td":"Фешенебельный район","dc":1,"n":468.19,"vc":"1305","sl":"Элитный","sv":"45000","p":1500.0,"q":9.07,"b":1.30549844444444,"ms":14.25,"wi":89.51,"ei":7.06,"as":573.3,"mi":"E","mv":315873,"sc":3,"lpe":81.04,"lpr":1018.1,"lq":1.0,"d":978294},{"pi":"1497","pc":"Продукты питания","ss":1000,"td":"Спальный район","dc":1,"n":306.42,"vc":"1748","sl":"Очень высокий","sv":"12510","p":2200.0,"q":11.81,"b":1.11109752198241,"ms":3.96,"wi":89.51,"ei":7.06,"as":573.3,"mi":"E","mv":315873,"sc":3,"lpe":81.04,"lpr":1018.1,"lq":1.0,"d":978294},{"pi":"1497","pc":"Продукты питания","ss":1000,"td":"Фешенебельный район","dc":3,"n":452.81,"vc":"1197","sl":"Высокий","sv":"2368","p":800.0,"q":3.78,"b":0.0,"ms":0.75,"wi":89.51,"ei":7.06,"as":573.3,"mi":"E","mv":315873,"sc":3,"lpe":81.04,"lpr":1018.1,"lq":1.0,"d":978294},{"pi":"1497","pc":"Продукты питания","ss":110000,"td":"Окраина","dc":1,"n":393.95,"vc":"83462","sl":"Элитный","sv":"50000","p":990.0,"q":20.12,"b":1.66,"ms":10.21,"wi":51.89,"ei":9.72,"as":380.0,"mi":"E","mv":489921,"sc":3,"lpe":89.33,"lpr":805.6,"lq":2.12,"d":1850212},{"pi":"1497","pc":"Продукты питания","ss":10000,"td":"Центр города","dc":2,"n":80.29,"vc":"2257","sl":"Элитный","sv":"2000","p":700.0,"q":7.13,"b":0.0,"ms":0.41,"wi":51.89,"ei":9.72,"as":380.0,"mi":"E","mv":489921,"sc":3,"lpe":89.33,"lpr":805.6,"lq":2.12,"d":1850212},{"pi":"1497","pc":"Продукты питания","ss":200,"td":"Спальный район","dc":2,"n":46.31,"vc":"219","sl":"Нормальный","sv":"287","p":700.0,"q":7.13,"b":0.0,"ms":0.06,"wi":51.89,"ei":9.72,"as":380.0,"mi":"E","mv":489921,"sc":3,"lpe":89.33,"lpr":805.6,"lq":2.12,"d":1850212},{"pi":"1497","pc":"Продукты питания","ss":1000,"td":"Спальный район","dc":1,"n":240.83,"vc":"1030","sl":"Высокий","sv":"152","p":2550.0,"q":8.78,"b":0.0,"ms":0.3,"wi":34.51,"ei":4.47,"as":246.75,"mi":"E","mv":50536,"sc":1,"lpe":99.7,"lpr":947.75,"lq":1.0,"d":621746},{"pi":"1497","pc":"Продукты питания","ss":100000,"td":"Фешенебельный район","dc":2,"n":514.88,"vc":"139200","sl":"Элитный","sv":"250000","p":2300.0,"q":26.32,"b":3.012,"ms":16.66,"wi":89.14,"ei":7.05,"as":1247.63,"mi":"E","mv":1500274,"sc":1,"lpe":83.34,"lpr":846.99,"lq":1.98,"d":5900984},{"pi":"1497","pc":"Продукты питания","ss":100000,"td":"Центр города","dc":1,"n":565.56,"vc":"470402","sl":"Очень высокий","sv":"22398","p":4000.0,"q":26.21,"b":0.0,"ms":100.0,"wi":90.52,"ei":7.2,"as":937.65,"mi":"AA","mv":22398,"sc":1,"lpe":0.0,"lpr":1420.22,"lq":1.38,"d":210430},{"pi":"1497","pc":"Продукты питания","ss":1200,"td":"Центр города","dc":3,"n":187.18,"vc":"1344","sl":"Высокий","sv":"11617","p":1420.0,"q":9.31,"b":2.05,"ms":4.79,"wi":54.96,"ei":10.13,"as":422.1,"mi":"E","mv":242661,"sc":1,"lpe":95.21,"lpr":894.43,"lq":1.0,"d":1050481},{"pi":"1497","pc":"Продукты питания","ss":100000,"td":"Центр города","dc":1,"n":432.08,"vc":"151178","sl":"Очень высокий","sv":"26200","p":1500.0,"q":20.12,"b":2.24,"ms":5.16,"wi":62.28,"ei":8.99,"as":967.35,"mi":"E","mv":507756,"sc":3,"lpe":92.87,"lpr":452.15,"lq":1.0,"d":1023950},{"pi":"1497","pc":"Продукты питания","ss":100000,"td":"Фешенебельный район","dc":2,"n":670.17,"vc":"223791","sl":"Элитный","sv":"10000","p":1730.0,"q":34.41,"b":5.02,"ms":1.97,"wi":62.28,"ei":8.99,"as":967.35,"mi":"E","mv":507756,"sc":3,"lpe":92.87,"lpr":452.15,"lq":1.0,"d":1023950},{"pi":"1497","pc":"Продукты питания","ss":700,"td":"Фешенебельный район","dc":2,"n":253.76,"vc":"321","sl":"Элитный","sv":"1","p":1000.0,"q":3.9,"b":0.0,"ms":0.0,"wi":62.28,"ei":8.99,"as":967.35,"mi":"E","mv":507756,"sc":3,"lpe":92.87,"lpr":452.15,"lq":1.0,"d":1023950},{"pi":"1497","pc":"Продукты питания","ss":12400,"td":"Центр города","dc":2,"n":412.71,"vc":"17485","sl":"Высокий","sv":"3988","p":1700.0,"q":4.07,"b":0.0,"ms":10.27,"wi":51.5,"ei":7.4,"as":852.42,"mi":"E","mv":38840,"sc":1,"lpe":89.73,"lpr":1025.44,"lq":1.08,"d":366048},{"pi":"1497","pc":"Продукты питания","ss":10000,"td":"Фешенебельный район","dc":10,"n":406.23,"vc":"4785","sl":"Низкий","sv":"800","p":1300.0,"q":6.59,"b":0.0,"ms":0.74,"wi":38.84,"ei":6.46,"as":550.2,"mi":"E","mv":108448,"sc":1,"lpe":99.26,"lpr":710.59,"lq":1.0,"d":1548177},{"pi":"1497","pc":"Продукты питания","ss":100000,"td":"Фешенебельный район","dc":8,"n":397.06,"vc":"23898","sl":"Очень низкий","sv":"1400","p":900.0,"q":7.04,"b":0.0,"ms":7.87,"wi":19.23,"ei":4.49,"as":270.88,"mi":"E","mv":17794,"sc":1,"lpe":92.13,"lpr":869.18,"lq":1.0,"d":1469374},{"pi":"1497","pc":"Продукты питания","ss":10000,"td":"Фешенебельный район","dc":9,"n":404.72,"vc":"3477","sl":"Очень низкий","sv":"500","p":1362.0,"q":3.39,"b":0.0,"ms":0.25,"wi":45.03,"ei":10.64,"as":673.75,"mi":"E","mv":198005,"sc":1,"lpe":99.75,"lpr":1020.2,"lq":1.0,"d":2541514},{"pi":"1497","pc":"Продукты питания","ss":100000,"td":"Фешенебельный район","dc":2,"n":691.87,"vc":"224672","sl":"Элитный","sv":"10000","p":3400.0,"q":34.41,"b":2.87,"ms":15.87,"wi":101.72,"ei":7.3,"as":549.44,"mi":"E","mv":63011,"sc":1,"lpe":84.13,"lpr":774.03,"lq":2.06,"d":185081},{"pi":"1497","pc":"Продукты питания","ss":10000,"td":"Центр города","dc":1,"n":345.98,"vc":"20696","sl":"Элитный","sv":"50000","p":1500.0,"q":20.12,"b":0.59,"ms":5.9,"wi":59.25,"ei":8.02,"as":811.4,"mi":"E","mv":847184,"sc":8,"lpe":91.16,"lpr":1046.01,"lq":1.0,"d":4968783},{"pi":"1497","pc":"Продукты питания","ss":7000,"td":"Центр города","dc":6,"n":226.61,"vc":"10514","sl":"Очень низкий","sv":"16552","p":1229.0,"q":3.49,"b":0.184703359110681,"ms":1.95,"wi":59.25,"ei":8.02,"as":811.4,"mi":"E","mv":847184,"sc":8,"lpe":91.16,"lpr":1046.01,"lq":1.0,"d":4968783},{"pi":"1497","pc":"Продукты питания","ss":6300,"td":"Центр города","dc":6,"n":162.51,"vc":"9356","sl":"Очень низкий","sv":"6917","p":1477.0,"q":3.56,"b":0.228857886366922,"ms":0.82,"wi":59.25,"ei":8.02,"as":811.4,"mi":"E","mv":847184,"sc":8,"lpe":91.16,"lpr":1046.01,"lq":1.0,"d":4968783},{"pi":"1497","pc":"Продукты питания","ss":10000,"td":"Спальный район","dc":3,"n":301.43,"vc":"11165","sl":"Очень высокий","sv":"800","p":1030.0,"q":4.56,"b":1.17,"ms":0.09,"wi":59.25,"ei":8.02,"as":811.4,"mi":"E","mv":847184,"sc":8,"lpe":91.16,"lpr":1046.01,"lq":1.0,"d":4968783},{"pi":"1497","pc":"Продукты питания","ss":1000,"td":"Центр города","dc":1,"n":17.39,"vc":"734","sl":"Очень высокий","sv":"300","p":1031.0,"q":4.56,"b":1.17,"ms":0.04,"wi":59.25,"ei":8.02,"as":811.4,"mi":"E","mv":847184,"sc":8,"lpe":91.16,"lpr":1046.01,"lq":1.0,"d":4968783},{"pi":"1497","pc":"Продукты питания","ss":5500,"td":"Центр города","dc":2,"n":158.74,"vc":"3836","sl":"Очень высокий","sv":"193","p":600.0,"q":1.0,"b":0.0,"ms":0.02,"wi":59.25,"ei":8.02,"as":811.4,"mi":"E","mv":847184,"sc":8,"lpe":91.16,"lpr":1046.01,"lq":1.0,"d":4968783},{"pi":"1497","pc":"Продукты питания","ss":10000,"td":"Спальный район","dc":2,"n":181.46,"vc":"4598","sl":"Высокий","sv":"128","p":600.0,"q":7.67,"b":0.0,"ms":0.02,"wi":59.25,"ei":8.02,"as":811.4,"mi":"E","mv":847184,"sc":8,"lpe":91.16,"lpr":1046.01,"lq":1.0,"d":4968783},{"pi":"1497","pc":"Продукты питания","ss":5000,"td":"Центр города","dc":6,"n":74.66,"vc":"2060","sl":"Низкий","sv":"30","p":1000.0,"q":4.56,"b":1.17,"ms":0.0,"wi":59.25,"ei":8.02,"as":811.4,"mi":"E","mv":847184,"sc":8,"lpe":91.16,"lpr":1046.01,"lq":1.0,"d":4968783},{"pi":"1497","pc":"Продукты питания","ss":100000,"td":"Фешенебельный район","dc":2,"n":684.81,"vc":"224247","sl":"Элитный","sv":"32893","p":1900.0,"q":34.41,"b":4.21,"ms":19.14,"wi":65.31,"ei":5.25,"as":522.9,"mi":"E","mv":171827,"sc":1,"lpe":80.86,"lpr":411.27,"lq":1.0,"d":216300},{"pi":"1497","pc":"Продукты питания","ss":100000,"td":"Фешенебельный район","dc":2,"n":605.14,"vc":"223972","sl":"Элитный","sv":"30000","p":3600.0,"q":34.41,"b":4.13,"ms":9.61,"wi":77.34,"ei":6.53,"as":961.05,"mi":"E","mv":312024,"sc":1,"lpe":90.39,"lpr":737.81,"lq":1.0,"d":1923606},{"pi":"1497","pc":"Продукты питания","ss":100000,"td":"Центр города","dc":1,"n":515.53,"vc":"766070","sl":"Очень низкий","sv":"194619","p":2200.0,"q":11.99,"b":0.0,"ms":25.1,"wi":107.69,"ei":6.45,"as":681.19,"mi":"E","mv":775440,"sc":1,"lpe":74.9,"lpr":797.48,"lq":1.63,"d":3351144},{"pi":"1497","pc":"Продукты питания","ss":100000,"td":"Центр города","dc":2,"n":390.41,"vc":"225468","sl":"Очень высокий","sv":"179656","p":2799.0,"q":31.39,"b":1.58341474818542,"ms":26.5,"wi":66.64,"ei":6.73,"as":726.6,"mi":"E","mv":678014,"sc":1,"lpe":73.5,"lpr":724.4,"lq":1.62,"d":3164786},{"pi":"1497","pc":"Продукты питания","ss":44400,"td":"Центр города","dc":2,"n":164.43,"vc":"5124","sl":"Элитный","sv":"3000","p":820.0,"q":4.56,"b":0.0,"ms":18.66,"wi":29.46,"ei":7.95,"as":298.73,"mi":"E","mv":16074,"sc":2,"lpe":78.23,"lpr":1132.55,"lq":2.62,"d":833533},{"pi":"1497","pc":"Продукты питания","ss":10000,"td":"Центр города","dc":1,"n":181.16,"vc":"2667","sl":"Очень высокий","sv":"500","p":1100.0,"q":3.39,"b":0.0,"ms":3.11,"wi":29.46,"ei":7.95,"as":298.73,"mi":"E","mv":16074,"sc":2,"lpe":78.23,"lpr":1132.55,"lq":2.62,"d":833533},{"pi":"1497","pc":"Продукты питания","ss":30000,"td":"Фешенебельный район","dc":6,"n":192.49,"vc":"893","sl":"Элитный","sv":"3","p":900.0,"q":9.3,"b":0.0,"ms":0.0,"wi":191.47,"ei":9.72,"as":2008.97,"mi":"E","mv":239003,"sc":1,"lpe":100.0,"lpr":1421.27,"lq":1.0,"d":501060},{"pi":"1497","pc":"Продукты питания","ss":21000,"td":"Центр города","dc":2,"n":221.53,"vc":"15330","sl":"Элитный","sv":"600","p":1900.0,"q":11.92,"b":0.0,"ms":0.07,"wi":127.75,"ei":7.06,"as":1642.86,"mi":"E","mv":891290,"sc":1,"lpe":99.93,"lpr":1486.61,"lq":1.0,"d":2109186},{"pi":"1497","pc":"Продукты питания","ss":100000,"td":"Спальный район","dc":2,"n":398.39,"vc":"164838","sl":"Очень высокий","sv":"100000","p":1800.0,"q":20.12,"b":0.67,"ms":11.25,"wi":40.67,"ei":5.73,"as":513.32,"mi":"E","mv":889112,"sc":2,"lpe":88.42,"lpr":1023.3,"lq":1.58,"d":7527186},{"pi":"1497","pc":"Продукты питания","ss":100000,"td":"Центр города","dc":1,"n":292.46,"vc":"79363","sl":"Очень высокий","sv":"3000","p":1000.0,"q":4.56,"b":0.0,"ms":0.34,"wi":40.67,"ei":5.73,"as":513.32,"mi":"E","mv":889112,"sc":2,"lpe":88.42,"lpr":1023.3,"lq":1.58,"d":7527186},{"pi":"1497","pc":"Продукты питания","ss":6000,"td":"Центр города","dc":2,"n":97.67,"vc":"1488","sl":"Элитный","sv":"2500","p":1025.0,"q":4.56,"b":1.17,"ms":18.37,"wi":22.26,"ei":6.08,"as":509.37,"mi":"E","mv":13606,"sc":3,"lpe":74.06,"lpr":1004.88,"lq":1.04,"d":944097},{"pi":"1497","pc":"Продукты питания","ss":900,"td":"Спальный район","dc":1,"n":291.47,"vc":"1376","sl":"Элитный","sv":"1000","p":860.0,"q":4.56,"b":1.17,"ms":7.35,"wi":22.26,"ei":6.08,"as":509.37,"mi":"E","mv":13606,"sc":3,"lpe":74.06,"lpr":1004.88,"lq":1.04,"d":944097},{"pi":"1497","pc":"Продукты питания","ss":10000,"td":"Фешенебельный район","dc":10,"n":615.35,"vc":"12933","sl":"Нормальный","sv":"29","p":5500.0,"q":21.25,"b":0.0,"ms":0.21,"wi":22.26,"ei":6.08,"as":509.37,"mi":"E","mv":13606,"sc":3,"lpe":74.06,"lpr":1004.88,"lq":1.04,"d":944097},{"pi":"1497","pc":"Продукты питания","ss":100000,"td":"Фешенебельный район","dc":1,"n":629.88,"vc":"223839","sl":"Элитный","sv":"50000","p":2100.0,"q":34.41,"b":4.21,"ms":7.28,"wi":73.83,"ei":6.3,"as":571.53,"mi":"E","mv":687066,"sc":2,"lpe":92.64,"lpr":498.09,"lq":1.0,"d":973156},{"pi":"1497","pc":"Продукты питания","ss":25000,"td":"Центр города","dc":1,"n":329.75,"vc":"31437","sl":"Очень высокий","sv":"543","p":2000.0,"q":20.17,"b":0.0,"ms":0.08,"wi":73.83,"ei":6.3,"as":571.53,"mi":"E","mv":687066,"sc":2,"lpe":92.64,"lpr":498.09,"lq":1.0,"d":973156},{"pi":"1497","pc":"Продукты питания","ss":2000,"td":"Фешенебельный район","dc":1,"n":551.77,"vc":"1417","sl":"Элитный","sv":"2918","p":719.99,"q":3.82,"b":5.37,"ms":15.07,"wi":19.47,"ei":5.91,"as":526.89,"mi":"E","mv":19367,"sc":3,"lpe":76.93,"lpr":430.73,"lq":1.42,"d":1222279},{"pi":"1497","pc":"Продукты питания","ss":1200,"td":"Центр города","dc":2,"n":178.7,"vc":"735","sl":"Очень высокий","sv":"1500","p":450.0,"q":7.13,"b":0.0,"ms":7.75,"wi":19.47,"ei":5.91,"as":526.89,"mi":"E","mv":19367,"sc":3,"lpe":76.93,"lpr":430.73,"lq":1.42,"d":1222279},{"pi":"1497","pc":"Продукты питания","ss":600,"td":"Спальный район","dc":1,"n":239.23,"vc":"783","sl":"Очень высокий","sv":"50","p":718.36,"q":4.56,"b":1.17,"ms":0.26,"wi":19.47,"ei":5.91,"as":526.89,"mi":"E","mv":19367,"sc":3,"lpe":76.93,"lpr":430.73,"lq":1.42,"d":1222279},{"pi":"1497","pc":"Продукты питания","ss":15000,"td":"Фешенебельный район","dc":1,"n":533.55,"vc":"12429","sl":"Элитный","sv":"21444","p":2800.0,"q":35.49,"b":0.0,"ms":12.95,"wi":81.36,"ei":6.0,"as":546.98,"mi":"E","mv":165543,"sc":1,"lpe":87.05,"lpr":822.21,"lq":1.41,"d":453298},{"pi":"1497","pc":"Продукты питания","ss":1000,"td":"Центр города","dc":4,"n":284.68,"vc":"1528","sl":"Нормальный","sv":"7045","p":1500.0,"q":9.38,"b":2.75,"ms":11.62,"wi":100.73,"ei":10.74,"as":1420.16,"mi":"E","mv":60633,"sc":1,"lpe":88.38,"lpr":983.16,"lq":2.41,"d":130817},{"pi":"1497","pc":"Продукты питания","ss":20000,"td":"Фешенебельный район","dc":7,"n":304.74,"vc":"6681","sl":"Очень высокий","sv":"7000","p":1800.0,"q":9.31,"b":0.03,"ms":0.85,"wi":51.76,"ei":4.41,"as":655.66,"mi":"E","mv":821844,"sc":1,"lpe":99.15,"lpr":1022.77,"lq":1.0,"d":7172110},{"pi":"1497","pc":"Продукты питания","ss":100000,"td":"Центр города","dc":1,"n":336.29,"vc":"74847","sl":"Элитный","sv":"3000","p":2000.0,"q":4.56,"b":0.0,"ms":11.49,"wi":37.97,"ei":14.14,"as":304.91,"mi":"E","mv":26118,"sc":1,"lpe":88.51,"lpr":1204.84,"lq":2.4,"d":699729},{"pi":"1497","pc":"Продукты питания","ss":2600,"td":"Центр города","dc":2,"n":80.36,"vc":"987","sl":"Очень высокий","sv":"10","p":1150.0,"q":4.56,"b":0.0,"ms":0.02,"wi":36.7,"ei":10.61,"as":397.23,"mi":"E","mv":46888,"sc":1,"lpe":99.98,"lpr":1117.08,"lq":1.0,"d":948726},{"pi":"1497","pc":"Продукты питания","ss":200000,"td":"Центр города","dc":1,"n":416.66,"vc":"370881","sl":"Элитный","sv":"5194","p":3800.0,"q":11.59,"b":1.17177897574124,"ms":0.59,"wi":60.25,"ei":9.36,"as":614.31,"mi":"E","mv":874488,"sc":3,"lpe":99.35,"lpr":961.55,"lq":1.0,"d":3832748},{"pi":"1497","pc":"Продукты питания","ss":500,"td":"Спальный район","dc":2,"n":112.55,"vc":"667","sl":"Высокий","sv":"500","p":950.0,"q":4.56,"b":0.0,"ms":0.06,"wi":60.25,"ei":9.36,"as":614.31,"mi":"E","mv":874488,"sc":3,"lpe":99.35,"lpr":961.55,"lq":1.0,"d":3832748},{"pi":"1497","pc":"Продукты питания","ss":2500,"td":"Центр города","dc":1,"n":198.8,"vc":"3343","sl":"Очень высокий","sv":"1","p":2100.0,"q":11.92,"b":1.29,"ms":0.0,"wi":60.25,"ei":9.36,"as":614.31,"mi":"E","mv":874488,"sc":3,"lpe":99.35,"lpr":961.55,"lq":1.0,"d":3832748},{"pi":"1497","pc":"Продукты питания","ss":10000,"td":"Окраина","dc":2,"n":325.57,"vc":"6271","sl":"Элитный","sv":"7827","p":184.0,"q":3.81,"b":0.97,"ms":31.04,"wi":25.31,"ei":8.57,"as":437.3,"mi":"E","mv":25219,"sc":1,"lpe":68.96,"lpr":113.56,"lq":1.05,"d":866793},{"pi":"1497","pc":"Продукты питания","ss":100000,"td":"Окраина","dc":1,"n":412.92,"vc":"44034","sl":"Очень высокий","sv":"13000","p":270.2,"q":3.9,"b":0.97,"ms":30.88,"wi":39.55,"ei":4.38,"as":267.33,"mi":"E","mv":42094,"sc":1,"lpe":69.12,"lpr":206.29,"lq":1.04,"d":219870},{"pi":"1497","pc":"Продукты питания","ss":1700,"td":"Центр города","dc":1,"n":148.88,"vc":"657","sl":"Элитный","sv":"778","p":650.0,"q":8.71,"b":3.04,"ms":23.23,"wi":17.96,"ei":3.31,"as":154.33,"mi":"E","mv":3349,"sc":1,"lpe":76.77,"lpr":254.73,"lq":1.0,"d":194581},{"pi":"1497","pc":"Продукты питания","ss":11100,"td":"Центр города","dc":2,"n":253.07,"vc":"17032","sl":"Очень высокий","sv":"34310","p":1500.0,"q":4.33,"b":0.0177790731565141,"ms":2.24,"wi":39.97,"ei":5.34,"as":208.05,"mi":"E","mv":1530964,"sc":4,"lpe":97.72,"lpr":1102.47,"lq":1.0,"d":12982716},{"pi":"1497","pc":"Продукты питания","ss":60000,"td":"Центр города","dc":1,"n":478.84,"vc":"552480","sl":"Низкий","sv":"333","p":950.0,"q":3.39,"b":0.0,"ms":0.02,"wi":39.97,"ei":5.34,"as":208.05,"mi":"E","mv":1530964,"sc":4,"lpe":97.72,"lpr":1102.47,"lq":1.0,"d":12982716},{"pi":"1497","pc":"Продукты питания","ss":500,"td":"Спальный район","dc":1,"n":2.47,"vc":"580","sl":"Элитный","sv":"200","p":1060.0,"q":4.56,"b":0.0,"ms":0.01,"wi":39.97,"ei":5.34,"as":208.05,"mi":"E","mv":1530964,"sc":4,"lpe":97.72,"lpr":1102.47,"lq":1.0,"d":12982716},{"pi":"1497","pc":"Продукты питания","ss":2400,"td":"Центр города","dc":3,"n":1.17,"vc":"2180","sl":"Очень высокий","sv":"100","p":900.0,"q":3.39,"b":0.0,"ms":0.01,"wi":39.97,"ei":5.34,"as":208.05,"mi":"E","mv":1530964,"sc":4,"lpe":97.72,"lpr":1102.47,"lq":1.0,"d":12982716},{"pi":"1497","pc":"Продукты питания","ss":12000,"td":"Фешенебельный район","dc":2,"n":380.47,"vc":"5710","sl":"Нормальный","sv":"6731","p":700.0,"q":3.22,"b":0.0,"ms":18.24,"wi":21.73,"ei":4.97,"as":339.62,"mi":"E","mv":36904,"sc":1,"lpe":81.76,"lpr":965.89,"lq":2.18,"d":2278596},{"pi":"1497","pc":"Продукты питания","ss":1000,"td":"Центр города","dc":10,"n":602.82,"vc":"9141","sl":"Очень низкий","sv":"3106","p":850.0,"q":15.67,"b":0.0,"ms":20.83,"wi":47.25,"ei":6.62,"as":504.0,"mi":"E","mv":14908,"sc":1,"lpe":79.17,"lpr":593.56,"lq":1.47,"d":128750},{"pi":"1497","pc":"Продукты питания","ss":100000,"td":"Центр города","dc":1,"n":192.89,"vc":"15134","sl":"Элитный","sv":"4804","p":500.0,"q":7.01,"b":1.37,"ms":2.22,"wi":113.29,"ei":8.52,"as":2226.16,"mi":"E","mv":216650,"sc":1,"lpe":97.78,"lpr":1427.89,"lq":1.0,"d":1235082},{"pi":"1497","pc":"Продукты питания","ss":100000,"td":"Фешенебельный район","dc":2,"n":582.11,"vc":"145466","sl":"Элитный","sv":"59623","p":3200.0,"q":25.8,"b":4.46,"ms":21.85,"wi":100.56,"ei":8.23,"as":1206.09,"mi":"E","mv":272904,"sc":1,"lpe":78.15,"lpr":724.33,"lq":1.94,"d":1395634},{"pi":"1497","pc":"Продукты питания","ss":100000,"td":"Центр города","dc":2,"n":450.66,"vc":"223822","sl":"Элитный","sv":"21473","p":3000.0,"q":30.51,"b":3.98257160154613,"ms":4.13,"wi":78.65,"ei":6.43,"as":351.11,"mi":"E","mv":519717,"sc":1,"lpe":95.87,"lpr":831.72,"lq":1.0,"d":1885836},{"pi":"1497","pc":"Продукты питания","ss":110000,"td":"Спальный район","dc":1,"n":445.65,"vc":"132253","sl":"Нормальный","sv":"9010","p":1700.0,"q":21.15,"b":1.98,"ms":1.56,"wi":71.14,"ei":6.0,"as":357.48,"mi":"E","mv":576963,"sc":1,"lpe":98.44,"lpr":513.51,"lq":1.0,"d":894855},{"pi":"1497","pc":"Продукты питания","ss":100000,"td":"Центр города","dc":2,"n":406.77,"vc":"211450","sl":"Элитный","sv":"81032","p":2999.0,"q":33.83,"b":1.15533665712311,"ms":11.27,"wi":98.78,"ei":7.86,"as":1444.66,"mi":"E","mv":718712,"sc":1,"lpe":88.73,"lpr":820.61,"lq":1.03,"d":1680666},{"pi":"1497","pc":"Продукты питания","ss":100000,"td":"Фешенебельный район","dc":1,"n":490.29,"vc":"54969","sl":"Элитный","sv":"100000","p":1900.0,"q":15.45,"b":3.95,"ms":6.82,"wi":116.13,"ei":7.17,"as":2122.22,"mi":"E","mv":1465735,"sc":6,"lpe":92.42,"lpr":1213.25,"lq":1.0,"d":2596850},{"pi":"1497","pc":"Продукты питания","ss":100000,"td":"Центр города","dc":2,"n":439.09,"vc":"223982","sl":"Элитный","sv":"10000","p":3900.0,"q":34.41,"b":3.92,"ms":0.68,"wi":116.13,"ei":7.17,"as":2122.22,"mi":"E","mv":1465735,"sc":6,"lpe":92.42,"lpr":1213.25,"lq":1.0,"d":2596850},{"pi":"1497","pc":"Продукты питания","ss":10000,"td":"Центр города","dc":2,"n":73.63,"vc":"2419","sl":"Очень высокий","sv":"978","p":800.0,"q":7.13,"b":0.0,"ms":0.07,"wi":116.13,"ei":7.17,"as":2122.22,"mi":"E","mv":1465735,"sc":6,"lpe":92.42,"lpr":1213.25,"lq":1.0,"d":2596850},{"pi":"1497","pc":"Продукты питания","ss":2100,"td":"Окраина","dc":2,"n":61.2,"vc":"683","sl":"Элитный","sv":"178","p":800.0,"q":7.13,"b":0.0,"ms":0.01,"wi":116.13,"ei":7.17,"as":2122.22,"mi":"E","mv":1465735,"sc":6,"lpe":92.42,"lpr":1213.25,"lq":1.0,"d":2596850},{"pi":"1497","pc":"Продукты питания","ss":20000,"td":"Фешенебельный район","dc":6,"n":152.96,"vc":"926","sl":"Элитный","sv":"8","p":800.0,"q":9.32,"b":0.0,"ms":0.0,"wi":116.13,"ei":7.17,"as":2122.22,"mi":"E","mv":1465735,"sc":6,"lpe":92.42,"lpr":1213.25,"lq":1.0,"d":2596850},{"pi":"1497","pc":"Продукты питания","ss":100000,"td":"Центр города","dc":4,"n":152.37,"vc":"14218","sl":"Элитный","sv":"1","p":999.0,"q":1.0,"b":0.0,"ms":0.0,"wi":116.13,"ei":7.17,"as":2122.22,"mi":"E","mv":1465735,"sc":6,"lpe":92.42,"lpr":1213.25,"lq":1.0,"d":2596850},{"pi":"1497","pc":"Продукты питания","ss":100000,"td":"Центр города","dc":1,"n":411.84,"vc":"273789","sl":"Элитный","sv":"410000","p":1356.1,"q":22.68,"b":4.51,"ms":8.24,"wi":102.86,"ei":10.85,"as":2744.68,"mi":"E","mv":4976397,"sc":3,"lpe":91.7,"lpr":838.43,"lq":1.75,"d":9744630},{"pi":"1497","pc":"Продукты питания","ss":200000,"td":"Центр города","dc":2,"n":516.38,"vc":"2176320","sl":"Нормальный","sv":"3001","p":1400.0,"q":4.56,"b":9.3302232589137E-4,"ms":0.06,"wi":102.86,"ei":10.85,"as":2744.68,"mi":"E","mv":4976397,"sc":3,"lpe":91.7,"lpr":838.43,"lq":1.75,"d":9744630},{"pi":"1497","pc":"Продукты питания","ss":20000,"td":"Центр города","dc":1,"n":150.18,"vc":"14386","sl":"Элитный","sv":"7","p":2499.99,"q":13.23,"b":0.0,"ms":0.0,"wi":102.86,"ei":10.85,"as":2744.68,"mi":"E","mv":4976397,"sc":3,"lpe":91.7,"lpr":838.43,"lq":1.75,"d":9744630},{"pi":"1497","pc":"Продукты питания","ss":10000,"td":"Центр города","dc":1,"n":442.91,"vc":"38493","sl":"Очень высокий","sv":"80000","p":2500.0,"q":25.39,"b":3.72,"ms":12.06,"wi":66.45,"ei":6.04,"as":318.0,"mi":"E","mv":663421,"sc":2,"lpe":87.04,"lpr":769.5,"lq":1.89,"d":2877864},{"pi":"1497","pc":"Продукты питания","ss":600,"td":"Центр города","dc":9,"n":379.77,"vc":"5436","sl":"Очень низкий","sv":"5980","p":1000.0,"q":15.52,"b":5.14,"ms":0.9,"wi":66.45,"ei":6.04,"as":318.0,"mi":"E","mv":663421,"sc":2,"lpe":87.04,"lpr":769.5,"lq":1.89,"d":2877864},{"pi":"1497","pc":"Продукты питания","ss":100000,"td":"Центр города","dc":1,"n":107.12,"vc":"5002","sl":"Элитный","sv":"2","p":650.0,"q":7.09,"b":0.0,"ms":0.0,"wi":102.66,"ei":5.0,"as":366.29,"mi":"E","mv":172995,"sc":1,"lpe":100.0,"lpr":359.49,"lq":1.0,"d":454964},{"pi":"1497","pc":"Продукты питания","ss":200000,"td":"Центр города","dc":1,"n":527.43,"vc":"1056702","sl":"Очень высокий","sv":"80769","p":1990.0,"q":37.74,"b":0.0,"ms":10.54,"wi":99.69,"ei":9.31,"as":1270.5,"mi":"E","mv":766054,"sc":1,"lpe":89.46,"lpr":765.62,"lq":2.1,"d":2836484},{"pi":"1497","pc":"Продукты питания","ss":10000,"td":"Фешенебельный район","dc":2,"n":441.51,"vc":"5898","sl":"Элитный","sv":"20000","p":3000.0,"q":24.89,"b":0.0,"ms":30.75,"wi":51.22,"ei":6.76,"as":427.68,"mi":"E","mv":65034,"sc":1,"lpe":69.25,"lpr":881.48,"lq":1.51,"d":988934},{"pi":"1497","pc":"Продукты питания","ss":30000,"td":"Фешенебельный район","dc":1,"n":337.61,"vc":"8428","sl":"Очень высокий","sv":"10001","p":2500.0,"q":25.58,"b":1.28987101289871E-4,"ms":0.94,"wi":93.34,"ei":5.0,"as":474.39,"mi":"E","mv":1063363,"sc":3,"lpe":98.15,"lpr":1071.89,"lq":1.0,"d":2970884},{"pi":"1497","pc":"Продукты питания","ss":10000,"td":"Спальный район","dc":1,"n":15.86,"vc":"1862","sl":"Очень высокий","sv":"6794","p":2100.0,"q":7.49,"b":0.485696202531646,"ms":0.64,"wi":93.34,"ei":5.0,"as":474.39,"mi":"E","mv":1063363,"sc":3,"lpe":98.15,"lpr":1071.89,"lq":1.0,"d":2970884},{"pi":"1497","pc":"Продукты питания","ss":1800,"td":"Спальный район","dc":2,"n":0.92,"vc":"581","sl":"Очень высокий","sv":"2918","p":1100.0,"q":4.56,"b":0.0,"ms":0.27,"wi":93.34,"ei":5.0,"as":474.39,"mi":"E","mv":1063363,"sc":3,"lpe":98.15,"lpr":1071.89,"lq":1.0,"d":2970884},{"pi":"1497","pc":"Продукты питания","ss":100000,"td":"Центр города","dc":3,"n":378.52,"vc":"120585","sl":"Элитный","sv":"12875","p":1999.0,"q":4.19,"b":0.0,"ms":6.99,"wi":64.2,"ei":7.41,"as":406.66,"mi":"E","mv":184313,"sc":1,"lpe":93.01,"lpr":1025.22,"lq":1.0,"d":733921},{"pi":"1497","pc":"Продукты питания","ss":1200,"td":"Центр города","dc":9,"n":517.4,"vc":"9674","sl":"Очень низкий","sv":"500","p":1000.0,"q":3.39,"b":0.0,"ms":0.85,"wi":70.04,"ei":5.87,"as":653.67,"mi":"E","mv":58910,"sc":1,"lpe":99.15,"lpr":1027.3,"lq":1.0,"d":401934},{"pi":"1497","pc":"Продукты питания","ss":100,"td":"Центр города","dc":1,"n":5.9,"vc":"45","sl":"Высокий","sv":"30","p":900.0,"q":3.39,"b":0.0,"ms":0.02,"wi":72.57,"ei":6.1,"as":319.0,"mi":"E","mv":136761,"sc":1,"lpe":99.98,"lpr":842.09,"lq":1.0,"d":190480},{"pi":"1497","pc":"Продукты питания","ss":600,"td":"Центр города","dc":1,"n":137.26,"vc":"691","sl":"Низкий","sv":"200","p":1500.0,"q":4.56,"b":0.0,"ms":1.14,"wi":21.72,"ei":12.43,"as":247.46,"mi":"E","mv":17510,"sc":1,"lpe":98.86,"lpr":963.76,"lq":1.0,"d":1377175},{"pi":"1497","pc":"Продукты питания","ss":2500,"td":"Центр города","dc":4,"n":197.31,"vc":"2956","sl":"Нормальный","sv":"5000","p":1500.0,"q":9.31,"b":1.81,"ms":2.58,"wi":69.22,"ei":7.22,"as":769.28,"mi":"E","mv":193762,"sc":2,"lpe":94.84,"lpr":979.35,"lq":1.0,"d":870794},{"pi":"1497","pc":"Продукты питания","ss":30000,"td":"Центр города","dc":7,"n":305.14,"vc":"27854","sl":"Очень высокий","sv":"5000","p":2100.0,"q":9.31,"b":1.81,"ms":2.58,"wi":69.22,"ei":7.22,"as":769.28,"mi":"E","mv":193762,"sc":2,"lpe":94.84,"lpr":979.35,"lq":1.0,"d":870794},{"pi":"1497","pc":"Продукты питания","ss":100000,"td":"Центр города","dc":2,"n":418.6,"vc":"172437","sl":"Элитный","sv":"37761","p":2288.0,"q":25.56,"b":0.0,"ms":19.89,"wi":75.57,"ei":8.11,"as":1269.9,"mi":"E","mv":189879,"sc":1,"lpe":80.11,"lpr":704.39,"lq":1.76,"d":678178},{"pi":"1497","pc":"Продукты питания","ss":1000,"td":"Спальный район","dc":2,"n":199.96,"vc":"518","sl":"Элитный","sv":"3000","p":900.0,"q":4.56,"b":0.0,"ms":8.87,"wi":74.19,"ei":6.6,"as":584.33,"mi":"E","mv":33831,"sc":1,"lpe":91.13,"lpr":1026.34,"lq":1.0,"d":168154},{"pi":"1497","pc":"Продукты питания","ss":1000,"td":"Фешенебельный район","dc":2,"n":515.86,"vc":"1221","sl":"Очень высокий","sv":"100","p":1000.0,"q":3.39,"b":0.0,"ms":0.13,"wi":69.48,"ei":7.76,"as":583.44,"mi":"E","mv":77140,"sc":1,"lpe":99.87,"lpr":952.78,"lq":1.0,"d":375360},{"pi":"1497","pc":"Продукты питания","ss":1000,"td":"Спальный район","dc":1,"n":246.33,"vc":"1574","sl":"Элитный","sv":"10730","p":1500.0,"q":15.51,"b":0.0,"ms":5.58,"wi":88.26,"ei":7.25,"as":562.28,"mi":"E","mv":192219,"sc":4,"lpe":91.04,"lpr":886.93,"lq":1.0,"d":598348},{"pi":"1497","pc":"Продукты питания","ss":1000,"td":"Центр города","dc":2,"n":212.6,"vc":"1156","sl":"Очень высокий","sv":"3000","p":900.0,"q":4.56,"b":0.0,"ms":1.56,"wi":88.26,"ei":7.25,"as":562.28,"mi":"E","mv":192219,"sc":4,"lpe":91.04,"lpr":886.93,"lq":1.0,"d":598348},{"pi":"1497","pc":"Продукты питания","ss":1000,"td":"Центр города","dc":2,"n":151.0,"vc":"817","sl":"Очень высокий","sv":"3000","p":1000.0,"q":4.56,"b":0.0,"ms":1.56,"wi":88.26,"ei":7.25,"as":562.28,"mi":"E","mv":192219,"sc":4,"lpe":91.04,"lpr":886.93,"lq":1.0,"d":598348},{"pi":"1497","pc":"Продукты питания","ss":1000,"td":"Фешенебельный район","dc":2,"n":479.43,"vc":"1172","sl":"Очень высокий","sv":"500","p":1000.0,"q":3.39,"b":0.0,"ms":0.26,"wi":88.26,"ei":7.25,"as":562.28,"mi":"E","mv":192219,"sc":4,"lpe":91.04,"lpr":886.93,"lq":1.0,"d":598348},{"pi":"1497","pc":"Продукты питания","ss":45000,"td":"Фешенебельный район","dc":2,"n":488.59,"vc":"23690","sl":"Элитный","sv":"29636","p":2200.0,"q":26.69,"b":0.0,"ms":53.7,"wi":89.42,"ei":9.5,"as":1197.0,"mi":"D","mv":55188,"sc":1,"lpe":46.3,"lpr":937.53,"lq":2.56,"d":573484},{"pi":"1497","pc":"Продукты питания","ss":100000,"td":"Фешенебельный район","dc":1,"n":553.65,"vc":"103497","sl":"Элитный","sv":"10000","p":4500.0,"q":26.82,"b":0.0,"ms":9.7,"wi":98.88,"ei":9.31,"as":1312.5,"mi":"E","mv":103072,"sc":1,"lpe":90.3,"lpr":1604.99,"lq":1.83,"d":871981},{"pi":"1497","pc":"Продукты питания","ss":12000,"td":"Спальный район","dc":1,"n":291.94,"vc":"12177","sl":"Очень высокий","sv":"40000","p":4100.0,"q":9.07,"b":1.973016,"ms":26.39,"wi":96.92,"ei":9.6,"as":1470.0,"mi":"E","mv":151584,"sc":2,"lpe":70.31,"lpr":2697.67,"lq":1.27,"d":1347944},{"pi":"1497","pc":"Продукты питания","ss":200000,"td":"Центр города","dc":2,"n":613.63,"vc":"2995416","sl":"Очень низкий","sv":"5000","p":5000.0,"q":30.4,"b":0.0,"ms":3.3,"wi":96.92,"ei":9.6,"as":1470.0,"mi":"E","mv":151584,"sc":2,"lpe":70.31,"lpr":2697.67,"lq":1.27,"d":1347944},{"pi":"1497","pc":"Продукты питания","ss":1000,"td":"Фешенебельный район","dc":1,"n":264.57,"vc":"213","sl":"Элитный","sv":"586","p":2500.0,"q":10.02,"b":0.422610921501706,"ms":1.13,"wi":64.84,"ei":6.72,"as":456.0,"mi":"E","mv":51958,"sc":1,"lpe":98.87,"lpr":985.59,"lq":1.0,"d":145230},{"pi":"1497","pc":"Продукты питания","ss":1100,"td":"Фешенебельный район","dc":1,"n":377.89,"vc":"439","sl":"Элитный","sv":"400","p":1000.0,"q":4.56,"b":0.0,"ms":1.33,"wi":45.48,"ei":7.34,"as":367.54,"mi":"E","mv":30042,"sc":1,"lpe":98.67,"lpr":980.37,"lq":1.0,"d":793016},{"pi":"1497","pc":"Продукты питания","ss":1000,"td":"Центр города","dc":1,"n":353.1,"vc":"1387","sl":"Низкий","sv":"777","p":1300.0,"q":4.88,"b":0.0,"ms":6.72,"wi":50.7,"ei":6.73,"as":507.15,"mi":"E","mv":11567,"sc":2,"lpe":92.12,"lpr":858.37,"lq":1.08,"d":104817},{"pi":"1497","pc":"Продукты питания","ss":1000,"td":"Фешенебельный район","dc":1,"n":319.94,"vc":"173","sl":"Нормальный","sv":"134","p":1210.0,"q":5.88,"b":0.0,"ms":1.16,"wi":50.7,"ei":6.73,"as":507.15,"mi":"E","mv":11567,"sc":2,"lpe":92.12,"lpr":858.37,"lq":1.08,"d":104817},{"pi":"1497","pc":"Продукты питания","ss":200000,"td":"Центр города","dc":2,"n":558.06,"vc":"2449456","sl":"Низкий","sv":"5000","p":1500.0,"q":7.51,"b":0.576,"ms":1.15,"wi":48.46,"ei":12.08,"as":459.52,"mi":"E","mv":434654,"sc":2,"lpe":98.85,"lpr":957.51,"lq":1.0,"d":3957256},{"pi":"1497","pc":"Продукты питания","ss":2000,"td":"Спальный район","dc":1,"n":55.63,"vc":"936","sl":"Элитный","sv":"4","p":650.0,"q":3.42,"b":0.23,"ms":0.0,"wi":48.46,"ei":12.08,"as":459.52,"mi":"E","mv":434654,"sc":2,"lpe":98.85,"lpr":957.51,"lq":1.0,"d":3957256},{"pi":"1497","pc":"Продукты питания","ss":1000,"td":"Спальный район","dc":1,"n":373.72,"vc":"1176","sl":"Низкий","sv":"500","p":1100.0,"q":3.39,"b":0.0,"ms":3.76,"wi":49.7,"ei":6.62,"as":507.15,"mi":"E","mv":13282,"sc":1,"lpe":96.24,"lpr":1025.19,"lq":1.0,"d":106621}]