[{"d":"23.05.2015","r":121.0,"q":17.22,"p":2.0323140496E8,"s":[{"ui":"3402934","t":14.0,"r":14.0,"q":11.35,"p":4.19E8,"mot":"U","mo":14.0},{"ui":"3405351","t":108.0,"r":107.0,"q":17.99,"p":1.75E8,"mot":"U","mo":107.0},{"cn":"","ui":"","t":0.0,"r":0.0,"q":0.0,"p":0.0,"mot":"L","mo":0.0}]},{"d":"29.05.2015","r":101.0,"q":17.99,"p":1.75E8,"s":[{"ui":"3405351","t":102.0,"r":101.0,"q":17.99,"p":1.75E8,"mot":"U","mo":101.0},{"cn":"","ui":"","t":0.0,"r":0.0,"q":0.0,"p":0.0,"mot":"L","mo":0.0}]},{"d":"30.05.2015","r":100.0,"q":17.99,"p":1.75E8,"s":[{"ui":"3405351","t":101.0,"r":100.0,"q":17.99,"p":1.75E8,"mot":"U","mo":100.0},{"cn":"","ui":"","t":0.0,"r":0.0,"q":0.0,"p":0.0,"mot":"L","mo":0.0}]},{"d":"31.05.2015","r":99.0,"q":17.99,"p":1.75E8,"s":[{"ui":"3405351","t":100.0,"r":99.0,"q":17.99,"p":1.75E8,"mot":"U","mo":99.0},{"cn":"","ui":"","t":0.0,"r":0.0,"q":0.0,"p":0.0,"mot":"L","mo":0.0}]},{"d":"01.06.2015","r":98.0,"q":17.99,"p":1.75E8,"s":[{"ui":"3405351","t":99.0,"r":98.0,"q":17.99,"p":1.75E8,"mot":"U","mo":98.0},{"cn":"","ui":"","t":0.0,"r":0.0,"q":0.0,"p":0.0,"mot":"L","mo":0.0}]},{"d":"02.06.2015","r":97.0,"q":17.99,"p":1.75E8,"s":[{"ui":"3405351","t":98.0,"r":97.0,"q":17.99,"p":1.75E8,"mot":"U","mo":97.0},{"cn":"","ui":"","t":0.0,"r":0.0,"q":0.0,"p":0.0,"mot":"L","mo":0.0}]},{"d":"03.06.2015","r":96.0,"q":17.99,"p":1.75E8,"s":[{"ui":"3405351","t":97.0,"r":96.0,"q":17.99,"p":1.75E8,"mot":"U","mo":96.0},{"cn":"","ui":"","t":0.0,"r":0.0,"q":0.0,"p":0.0,"mot":"L","mo":0.0}]},{"d":"04.06.2015","r":95.0,"q":17.99,"p":1.75E8,"s":[{"ui":"3405351","t":96.0,"r":95.0,"q":17.99,"p":1.75E8,"mot":"U","mo":95.0},{"cn":"","ui":"","t":0.0,"r":0.0,"q":0.0,"p":0.0,"mot":"L","mo":0.0}]},{"d":"05.06.2015","r":94.0,"q":17.99,"p":1.75E8,"s":[{"ui":"3405351","t":95.0,"r":94.0,"q":17.99,"p":1.75E8,"mot":"U","mo":94.0},{"cn":"","ui":"","t":0.0,"r":0.0,"q":0.0,"p":0.0,"mot":"L","mo":0.0}]},{"d":"06.06.2015","r":93.0,"q":17.99,"p":1.75E8,"s":[{"ui":"3405351","t":94.0,"r":93.0,"q":17.99,"p":1.75E8,"mot":"U","mo":93.0},{"cn":"","ui":"","t":0.0,"r":0.0,"q":0.0,"p":0.0,"mot":"L","mo":0.0}]},{"d":"08.06.2015","r":91.0,"q":17.99,"p":1.75E8,"s":[{"ui":"3405351","t":92.0,"r":91.0,"q":17.99,"p":1.75E8,"mot":"U","mo":91.0},{"cn":"","ui":"","t":0.0,"r":0.0,"q":0.0,"p":0.0,"mot":"L","mo":0.0}]},{"d":"09.06.2015","r":104.0,"q":17.1,"p":2.0920808112E8,"s":[{"ui":"3402934","t":14.0,"r":14.0,"q":11.35,"p":4.2911717403E8,"mot":"U","mo":14.0},{"ui":"3405351","t":91.0,"r":90.0,"q":17.99,"p":1.75E8,"mot":"U","mo":90.0},{"cn":"","ui":"","t":0.0,"r":0.0,"q":0.0,"p":0.0,"mot":"L","mo":0.0}]},{"d":"10.06.2015","r":89.0,"q":17.99,"p":1.75E8,"s":[{"ui":"3405351","t":90.0,"r":89.0,"q":17.99,"p":1.75E8,"mot":"U","mo":89.0},{"cn":"","ui":"","t":0.0,"r":0.0,"q":0.0,"p":0.0,"mot":"L","mo":0.0}]},{"d":"11.06.2015","r":88.0,"q":17.99,"p":1.75E8,"s":[{"ui":"3405351","t":89.0,"r":88.0,"q":17.99,"p":1.75E8,"mot":"U","mo":88.0},{"cn":"","ui":"","t":0.0,"r":0.0,"q":0.0,"p":0.0,"mot":"L","mo":0.0}]},{"d":"12.06.2015","r":87.0,"q":17.99,"p":1.75E8,"s":[{"ui":"3405351","t":88.0,"r":87.0,"q":17.99,"p":1.75E8,"mot":"U","mo":87.0},{"cn":"","ui":"","t":0.0,"r":0.0,"q":0.0,"p":0.0,"mot":"L","mo":0.0}]},{"d":"13.06.2015","r":86.0,"q":17.99,"p":1.75E8,"s":[{"ui":"3405351","t":87.0,"r":86.0,"q":17.99,"p":1.75E8,"mot":"U","mo":86.0},{"cn":"","ui":"","t":0.0,"r":0.0,"q":0.0,"p":0.0,"mot":"L","mo":0.0}]},{"d":"14.06.2015","r":85.0,"q":17.99,"p":1.75E8,"s":[{"ui":"3405351","t":86.0,"r":85.0,"q":17.99,"p":1.75E8,"mot":"U","mo":85.0},{"cn":"","ui":"","t":0.0,"r":0.0,"q":0.0,"p":0.0,"mot":"L","mo":0.0}]},{"d":"15.06.2015","r":84.0,"q":17.99,"p":1.75E8,"s":[{"ui":"3405351","t":85.0,"r":84.0,"q":17.99,"p":1.75E8,"mot":"U","mo":84.0},{"cn":"","ui":"","t":0.0,"r":0.0,"q":0.0,"p":0.0,"mot":"L","mo":0.0}]},{"d":"16.06.2015","r":83.0,"q":17.99,"p":1.75E8,"s":[{"ui":"3405351","t":84.0,"r":83.0,"q":17.99,"p":1.75E8,"mot":"U","mo":83.0},{"cn":"","ui":"","t":0.0,"r":0.0,"q":0.0,"p":0.0,"mot":"L","mo":0.0}]},{"d":"17.06.2015","r":96.0,"q":17.02,"p":1.9322916667E8,"s":[{"ui":"3402934","t":14.0,"r":14.0,"q":11.35,"p":3.0E8,"mot":"U","mo":14.0},{"ui":"3405351","t":83.0,"r":82.0,"q":17.99,"p":1.75E8,"mot":"U","mo":82.0},{"cn":"","ui":"","t":0.0,"r":0.0,"q":0.0,"p":0.0,"mot":"L","mo":0.0}]},{"d":"18.06.2015","r":82.0,"q":17.78,"p":1.7432804878E8,"s":[{"ui":"3405351","t":82.0,"r":81.0,"q":17.99,"p":1.75E8,"mot":"U","mo":81.0},{"cn":"","ui":"","t":1.0,"r":1.0,"q":1.0,"p":1.199E8,"mot":"L","mo":1.0}]},{"d":"19.06.2015","r":80.0,"q":17.99,"p":1.75E8,"s":[{"ui":"3405351","t":81.0,"r":80.0,"q":17.99,"p":1.75E8,"mot":"U","mo":80.0},{"cn":"","ui":"","t":0.0,"r":0.0,"q":0.0,"p":0.0,"mot":"L","mo":0.0}]},{"d":"21.06.2015","r":106.0,"q":15.34,"p":1.523754717E8,"s":[{"ui":"3402934","t":14.0,"r":14.0,"q":11.35,"p":1.0E8,"mot":"U","mo":14.0},{"ui":"3909942","t":12.0,"r":12.0,"q":5.18,"p":8.0E7,"mot":"U","mo":12.0},{"ui":"3405351","t":79.0,"r":78.0,"q":17.99,"p":1.75E8,"mot":"U","mo":78.0},{"cn":"","ui":"","t":2.0,"r":2.0,"q":1.0,"p":7.09E7,"mot":"L","mo":2.0}]},{"d":"22.06.2015","r":77.0,"q":17.99,"p":1.75E8,"s":[{"ui":"3405351","t":78.0,"r":77.0,"q":17.99,"p":1.75E8,"mot":"U","mo":77.0},{"cn":"","ui":"","t":0.0,"r":0.0,"q":0.0,"p":0.0,"mot":"L","mo":0.0}]},{"d":"23.06.2015","r":76.0,"q":17.99,"p":1.75E8,"s":[{"ui":"3405351","t":77.0,"r":76.0,"q":17.99,"p":1.75E8,"mot":"U","mo":76.0},{"cn":"","ui":"","t":0.0,"r":0.0,"q":0.0,"p":0.0,"mot":"L","mo":0.0}]},{"d":"24.06.2015","r":103.0,"q":15.27,"p":1.5433980583E8,"s":[{"ui":"3912774","t":28.0,"r":28.0,"q":7.97,"p":9.9E7,"mot":"U","mo":28.0},{"ui":"3405351","t":76.0,"r":75.0,"q":17.99,"p":1.75E8,"mot":"U","mo":75.0},{"cn":"","ui":"","t":0.0,"r":0.0,"q":0.0,"p":0.0,"mot":"L","mo":0.0}]},{"d":"25.06.2015","r":74.0,"q":17.99,"p":1.75E8,"s":[{"ui":"3405351","t":75.0,"r":74.0,"q":17.99,"p":1.75E8,"mot":"U","mo":74.0},{"cn":"","ui":"","t":0.0,"r":0.0,"q":0.0,"p":0.0,"mot":"L","mo":0.0}]},{"d":"26.06.2015","r":73.0,"q":17.99,"p":1.75E8,"s":[{"ui":"3405351","t":74.0,"r":73.0,"q":17.99,"p":1.75E8,"mot":"U","mo":73.0},{"cn":"","ui":"","t":0.0,"r":0.0,"q":0.0,"p":0.0,"mot":"L","mo":0.0}]},{"d":"27.06.2015","r":72.0,"q":17.99,"p":1.75E8,"s":[{"ui":"3405351","t":73.0,"r":72.0,"q":17.99,"p":1.75E8,"mot":"U","mo":72.0},{"cn":"","ui":"","t":0.0,"r":0.0,"q":0.0,"p":0.0,"mot":"L","mo":0.0}]},{"d":"28.06.2015","r":100.0,"q":15.01,"p":1.5296E8,"s":[{"ui":"3912774","t":29.0,"r":29.0,"q":7.73,"p":9.9E7,"mot":"U","mo":29.0},{"ui":"3405351","t":72.0,"r":71.0,"q":17.99,"p":1.75E8,"mot":"U","mo":71.0},{"cn":"","ui":"","t":0.0,"r":0.0,"q":0.0,"p":0.0,"mot":"L","mo":0.0}]},{"d":"29.06.2015","r":100.0,"q":14.84,"p":1.522E8,"s":[{"ui":"3912774","t":30.0,"r":30.0,"q":7.5,"p":9.9E7,"mot":"U","mo":30.0},{"ui":"3405351","t":71.0,"r":70.0,"q":17.99,"p":1.75E8,"mot":"U","mo":70.0},{"cn":"","ui":"","t":0.0,"r":0.0,"q":0.0,"p":0.0,"mot":"L","mo":0.0}]},{"d":"30.06.2015","r":100.0,"q":14.67,"p":1.5144E8,"s":[{"ui":"3912774","t":31.0,"r":31.0,"q":7.29,"p":9.9E7,"mot":"U","mo":31.0},{"ui":"3405351","t":70.0,"r":69.0,"q":17.99,"p":1.75E8,"mot":"U","mo":69.0},{"cn":"","ui":"","t":0.0,"r":0.0,"q":0.0,"p":0.0,"mot":"L","mo":0.0}]},{"d":"01.07.2015","r":100.0,"q":14.51,"p":1.5068E8,"s":[{"ui":"3912774","t":32.0,"r":32.0,"q":7.1,"p":9.9E7,"mot":"U","mo":32.0},{"ui":"3405351","t":69.0,"r":68.0,"q":17.99,"p":1.75E8,"mot":"U","mo":68.0},{"cn":"","ui":"","t":0.0,"r":0.0,"q":0.0,"p":0.0,"mot":"L","mo":0.0}]},{"d":"02.07.2015","r":100.0,"q":14.33,"p":1.4992E8,"s":[{"ui":"3912774","t":33.0,"r":33.0,"q":6.91,"p":9.9E7,"mot":"U","mo":33.0},{"ui":"3405351","t":68.0,"r":67.0,"q":17.99,"p":1.75E8,"mot":"U","mo":67.0},{"cn":"","ui":"","t":0.0,"r":0.0,"q":0.0,"p":0.0,"mot":"L","mo":0.0}]},{"d":"03.07.2015","r":100.0,"q":14.17,"p":1.4916E8,"s":[{"ui":"3912774","t":34.0,"r":34.0,"q":6.74,"p":9.9E7,"mot":"U","mo":34.0},{"ui":"3405351","t":67.0,"r":66.0,"q":17.99,"p":1.75E8,"mot":"U","mo":66.0},{"cn":"","ui":"","t":0.0,"r":0.0,"q":0.0,"p":0.0,"mot":"L","mo":0.0}]},{"d":"04.07.2015","r":65.0,"q":17.99,"p":1.75E8,"s":[{"ui":"3405351","t":66.0,"r":65.0,"q":17.99,"p":1.75E8,"mot":"U","mo":65.0},{"cn":"","ui":"","t":0.0,"r":0.0,"q":0.0,"p":0.0,"mot":"L","mo":0.0}]},{"d":"05.07.2015","r":64.0,"q":17.99,"p":1.75E8,"s":[{"ui":"3405351","t":65.0,"r":64.0,"q":17.99,"p":1.75E8,"mot":"U","mo":64.0},{"cn":"","ui":"","t":0.0,"r":0.0,"q":0.0,"p":0.0,"mot":"L","mo":0.0}]},{"d":"06.07.2015","r":63.0,"q":17.99,"p":1.75E8,"s":[{"ui":"3405351","t":64.0,"r":63.0,"q":17.99,"p":1.75E8,"mot":"U","mo":63.0},{"cn":"","ui":"","t":0.0,"r":0.0,"q":0.0,"p":0.0,"mot":"L","mo":0.0}]},{"d":"07.07.2015","r":62.0,"q":17.99,"p":1.75E8,"s":[{"ui":"3405351","t":63.0,"r":62.0,"q":17.99,"p":1.75E8,"mot":"U","mo":62.0},{"cn":"","ui":"","t":0.0,"r":0.0,"q":0.0,"p":0.0,"mot":"L","mo":0.0}]},{"d":"08.07.2015","r":76.0,"q":17.38,"p":1.6809210526E8,"s":[{"ui":"3871482","t":15.0,"r":15.0,"q":14.91,"p":1.4E8,"mot":"U","mo":15.0},{"ui":"3405351","t":62.0,"r":61.0,"q":17.99,"p":1.75E8,"mot":"U","mo":61.0},{"cn":"","ui":"","t":0.0,"r":0.0,"q":0.0,"p":0.0,"mot":"L","mo":0.0}]},{"d":"09.07.2015","r":60.0,"q":17.99,"p":1.75E8,"s":[{"ui":"3405351","t":61.0,"r":60.0,"q":17.99,"p":1.75E8,"mot":"U","mo":60.0},{"cn":"","ui":"","t":0.0,"r":0.0,"q":0.0,"p":0.0,"mot":"L","mo":0.0}]},{"d":"10.07.2015","r":94.0,"q":13.74,"p":1.4670212766E8,"s":[{"ui":"3912774","t":35.0,"r":35.0,"q":6.57,"p":9.9E7,"mot":"U","mo":35.0},{"ui":"3405351","t":60.0,"r":59.0,"q":17.99,"p":1.75E8,"mot":"U","mo":59.0},{"cn":"","ui":"","t":0.0,"r":0.0,"q":0.0,"p":0.0,"mot":"L","mo":0.0}]},{"d":"12.07.2015","r":57.0,"q":17.99,"p":1.75E8,"s":[{"ui":"3405351","t":58.0,"r":57.0,"q":17.99,"p":1.75E8,"mot":"U","mo":57.0},{"cn":"","ui":"","t":0.0,"r":0.0,"q":0.0,"p":0.0,"mot":"L","mo":0.0}]},{"d":"13.07.2015","r":56.0,"q":17.99,"p":1.75E8,"s":[{"ui":"3405351","t":57.0,"r":56.0,"q":17.99,"p":1.75E8,"mot":"U","mo":56.0},{"cn":"","ui":"","t":0.0,"r":0.0,"q":0.0,"p":0.0,"mot":"L","mo":0.0}]},{"d":"14.07.2015","r":55.0,"q":17.99,"p":1.75E8,"s":[{"ui":"3405351","t":56.0,"r":55.0,"q":17.99,"p":1.75E8,"mot":"U","mo":55.0},{"cn":"","ui":"","t":0.0,"r":0.0,"q":0.0,"p":0.0,"mot":"L","mo":0.0}]},{"d":"15.07.2015","r":54.0,"q":17.99,"p":1.75E8,"s":[{"ui":"3405351","t":55.0,"r":54.0,"q":17.99,"p":1.75E8,"mot":"U","mo":54.0},{"cn":"","ui":"","t":0.0,"r":0.0,"q":0.0,"p":0.0,"mot":"L","mo":0.0}]},{"d":"16.07.2015","r":53.0,"q":17.99,"p":1.75E8,"s":[{"ui":"3405351","t":54.0,"r":53.0,"q":17.99,"p":1.75E8,"mot":"U","mo":53.0},{"cn":"","ui":"","t":0.0,"r":0.0,"q":0.0,"p":0.0,"mot":"L","mo":0.0}]},{"d":"17.07.2015","r":52.0,"q":17.99,"p":1.75E8,"s":[{"ui":"3405351","t":53.0,"r":52.0,"q":17.99,"p":1.75E8,"mot":"U","mo":52.0},{"cn":"","ui":"","t":0.0,"r":0.0,"q":0.0,"p":0.0,"mot":"L","mo":0.0}]},{"d":"19.07.2015","r":50.0,"q":17.99,"p":1.75E8,"s":[{"ui":"3405351","t":51.0,"r":50.0,"q":17.99,"p":1.75E8,"mot":"U","mo":50.0},{"cn":"","ui":"","t":0.0,"r":0.0,"q":0.0,"p":0.0,"mot":"L","mo":0.0}]},{"d":"20.07.2015","r":49.0,"q":17.99,"p":1.75E8,"s":[{"ui":"3405351","t":50.0,"r":49.0,"q":17.99,"p":1.75E8,"mot":"U","mo":49.0},{"cn":"","ui":"","t":0.0,"r":0.0,"q":0.0,"p":0.0,"mot":"L","mo":0.0}]},{"d":"21.07.2015","r":48.0,"q":17.99,"p":1.75E8,"s":[{"ui":"3405351","t":49.0,"r":48.0,"q":17.99,"p":1.75E8,"mot":"U","mo":48.0},{"cn":"","ui":"","t":0.0,"r":0.0,"q":0.0,"p":0.0,"mot":"L","mo":0.0}]},{"d":"22.07.2015","r":47.0,"q":17.99,"p":1.75E8,"s":[{"ui":"3405351","t":48.0,"r":47.0,"q":17.99,"p":1.75E8,"mot":"U","mo":47.0},{"cn":"","ui":"","t":0.0,"r":0.0,"q":0.0,"p":0.0,"mot":"L","mo":0.0}]},{"d":"23.07.2015","r":46.0,"q":17.99,"p":1.75E8,"s":[{"ui":"3405351","t":47.0,"r":46.0,"q":17.99,"p":1.75E8,"mot":"U","mo":46.0},{"cn":"","ui":"","t":0.0,"r":0.0,"q":0.0,"p":0.0,"mot":"L","mo":0.0}]},{"d":"25.07.2015","r":44.0,"q":17.99,"p":1.75E8,"s":[{"ui":"3405351","t":45.0,"r":44.0,"q":17.99,"p":1.75E8,"mot":"U","mo":44.0},{"cn":"","ui":"","t":0.0,"r":0.0,"q":0.0,"p":0.0,"mot":"L","mo":0.0}]},{"d":"28.07.2015","r":41.0,"q":17.99,"p":1.75E8,"s":[{"ui":"3405351","t":42.0,"r":41.0,"q":17.99,"p":1.75E8,"mot":"U","mo":41.0},{"cn":"","ui":"","t":0.0,"r":0.0,"q":0.0,"p":0.0,"mot":"L","mo":0.0}]},{"d":"29.07.2015","r":40.0,"q":17.99,"p":1.75E8,"s":[{"ui":"3405351","t":41.0,"r":40.0,"q":17.99,"p":1.75E8,"mot":"U","mo":40.0},{"cn":"","ui":"","t":0.0,"r":0.0,"q":0.0,"p":0.0,"mot":"L","mo":0.0}]},{"d":"30.07.2015","r":39.0,"q":17.99,"p":1.75E8,"s":[{"ui":"3405351","t":40.0,"r":39.0,"q":17.99,"p":1.75E8,"mot":"U","mo":39.0},{"cn":"","ui":"","t":0.0,"r":0.0,"q":0.0,"p":0.0,"mot":"L","mo":0.0}]},{"d":"31.07.2015","r":73.0,"q":12.51,"p":1.3664383562E8,"s":[{"ui":"3912774","t":35.0,"r":35.0,"q":6.57,"p":9.5E7,"mot":"U","mo":35.0},{"ui":"3405351","t":39.0,"r":38.0,"q":17.99,"p":1.75E8,"mot":"U","mo":38.0},{"cn":"","ui":"","t":0.0,"r":0.0,"q":0.0,"p":0.0,"mot":"L","mo":0.0}]},{"d":"01.08.2015","r":37.0,"q":17.99,"p":1.75E8,"s":[{"ui":"3405351","t":38.0,"r":37.0,"q":17.99,"p":1.75E8,"mot":"U","mo":37.0},{"cn":"","ui":"","t":0.0,"r":0.0,"q":0.0,"p":0.0,"mot":"L","mo":0.0}]},{"d":"02.08.2015","r":36.0,"q":17.99,"p":1.75E8,"s":[{"ui":"3405351","t":37.0,"r":36.0,"q":17.99,"p":1.75E8,"mot":"U","mo":36.0},{"cn":"","ui":"","t":0.0,"r":0.0,"q":0.0,"p":0.0,"mot":"L","mo":0.0}]},{"d":"03.08.2015","r":35.0,"q":17.99,"p":1.75E8,"s":[{"ui":"3405351","t":36.0,"r":35.0,"q":17.99,"p":1.75E8,"mot":"U","mo":35.0},{"cn":"","ui":"","t":0.0,"r":0.0,"q":0.0,"p":0.0,"mot":"L","mo":0.0}]},{"d":"04.08.2015","r":34.0,"q":17.99,"p":1.75E8,"s":[{"ui":"3405351","t":35.0,"r":34.0,"q":17.99,"p":1.75E8,"mot":"U","mo":34.0},{"cn":"","ui":"","t":0.0,"r":0.0,"q":0.0,"p":0.0,"mot":"L","mo":0.0}]},{"d":"05.08.2015","r":34.0,"q":17.49,"p":1.7194088235E8,"s":[{"ui":"3405351","t":34.0,"r":33.0,"q":17.99,"p":1.75E8,"mot":"U","mo":33.0},{"cn":"","ui":"","t":1.0,"r":1.0,"q":1.0,"p":7.099E7,"mot":"L","mo":1.0}]},{"d":"06.08.2015","r":34.0,"q":16.99,"p":1.6888176471E8,"s":[{"ui":"3870307","t":2.0,"r":2.0,"q":1.0,"p":7.099E7,"mot":"U","mo":2.0},{"ui":"3405351","t":33.0,"r":32.0,"q":17.99,"p":1.75E8,"mot":"U","mo":32.0},{"cn":"","ui":"","t":0.0,"r":0.0,"q":0.0,"p":0.0,"mot":"L","mo":0.0}]},{"d":"07.08.2015","r":34.0,"q":16.49,"p":1.6582264706E8,"s":[{"ui":"3870307","t":3.0,"r":3.0,"q":1.0,"p":7.099E7,"mot":"U","mo":3.0},{"ui":"3405351","t":32.0,"r":31.0,"q":17.99,"p":1.75E8,"mot":"U","mo":31.0},{"cn":"","ui":"","t":0.0,"r":0.0,"q":0.0,"p":0.0,"mot":"L","mo":0.0}]},{"d":"08.08.2015","r":34.0,"q":15.99,"p":1.6276352941E8,"s":[{"ui":"3870307","t":4.0,"r":4.0,"q":1.0,"p":7.099E7,"mot":"U","mo":4.0},{"ui":"3405351","t":31.0,"r":30.0,"q":17.99,"p":1.75E8,"mot":"U","mo":30.0},{"cn":"","ui":"","t":0.0,"r":0.0,"q":0.0,"p":0.0,"mot":"L","mo":0.0}]},{"d":"09.08.2015","r":35.0,"q":15.08,"p":1.5716971429E8,"s":[{"ui":"3870307","t":6.0,"r":6.0,"q":1.0,"p":7.099E7,"mot":"U","mo":6.0},{"ui":"3405351","t":30.0,"r":29.0,"q":17.99,"p":1.75E8,"mot":"U","mo":29.0},{"cn":"","ui":"","t":0.0,"r":0.0,"q":0.0,"p":0.0,"mot":"L","mo":0.0}]},{"d":"10.08.2015","r":36.0,"q":14.21,"p":1.5188666667E8,"s":[{"ui":"3870307","t":8.0,"r":8.0,"q":1.0,"p":7.099E7,"mot":"U","mo":8.0},{"ui":"3405351","t":29.0,"r":28.0,"q":17.99,"p":1.75E8,"mot":"U","mo":28.0},{"cn":"","ui":"","t":0.0,"r":0.0,"q":0.0,"p":0.0,"mot":"L","mo":0.0}]},{"d":"11.08.2015","r":25.0,"q":17.99,"p":1.75E8,"s":[{"ui":"3405351","t":27.0,"r":25.0,"q":17.99,"p":1.75E8,"mot":"U","mo":25.0},{"cn":"","ui":"","t":0.0,"r":0.0,"q":0.0,"p":0.0,"mot":"L","mo":0.0}]},{"d":"12.08.2015","r":23.0,"q":17.99,"p":1.75E8,"s":[{"ui":"3405351","t":25.0,"r":23.0,"q":17.99,"p":1.75E8,"mot":"U","mo":23.0},{"cn":"","ui":"","t":0.0,"r":0.0,"q":0.0,"p":0.0,"mot":"L","mo":0.0}]},{"d":"13.08.2015","r":21.0,"q":17.99,"p":1.75E8,"s":[{"ui":"3405351","t":23.0,"r":21.0,"q":17.99,"p":1.75E8,"mot":"U","mo":21.0},{"cn":"","ui":"","t":0.0,"r":0.0,"q":0.0,"p":0.0,"mot":"L","mo":0.0}]},{"d":"14.08.2015","r":29.0,"q":12.13,"p":1.3913448276E8,"s":[{"ui":"3870307","t":10.0,"r":10.0,"q":1.0,"p":7.099E7,"mot":"U","mo":10.0},{"ui":"3405351","t":21.0,"r":19.0,"q":17.99,"p":1.75E8,"mot":"U","mo":19.0},{"cn":"","ui":"","t":0.0,"r":0.0,"q":0.0,"p":0.0,"mot":"L","mo":0.0}]},{"d":"15.08.2015","r":19.0,"q":17.99,"p":1.75E8,"s":[{"ui":"3405351","t":20.0,"r":19.0,"q":17.99,"p":1.75E8,"mot":"U","mo":19.0},{"cn":"","ui":"","t":0.0,"r":0.0,"q":0.0,"p":0.0,"mot":"L","mo":0.0}]},{"d":"16.08.2015","r":18.0,"q":17.99,"p":1.75E8,"s":[{"ui":"3405351","t":19.0,"r":18.0,"q":17.99,"p":1.75E8,"mot":"U","mo":18.0},{"cn":"","ui":"","t":0.0,"r":0.0,"q":0.0,"p":0.0,"mot":"L","mo":0.0}]},{"d":"17.08.2015","r":17.0,"q":17.99,"p":1.75E8,"s":[{"ui":"3405351","t":18.0,"r":17.0,"q":17.99,"p":1.75E8,"mot":"U","mo":17.0},{"cn":"","ui":"","t":0.0,"r":0.0,"q":0.0,"p":0.0,"mot":"L","mo":0.0}]},{"d":"18.08.2015","r":16.0,"q":17.99,"p":1.75E8,"s":[{"ui":"3405351","t":17.0,"r":16.0,"q":17.99,"p":1.75E8,"mot":"U","mo":16.0},{"cn":"","ui":"","t":0.0,"r":0.0,"q":0.0,"p":0.0,"mot":"L","mo":0.0}]},{"d":"19.08.2015","r":15.0,"q":17.99,"p":1.75E8,"s":[{"ui":"3405351","t":16.0,"r":15.0,"q":17.99,"p":1.75E8,"mot":"U","mo":15.0},{"cn":"","ui":"","t":0.0,"r":0.0,"q":0.0,"p":0.0,"mot":"L","mo":0.0}]},{"d":"20.08.2015","r":14.0,"q":17.99,"p":1.75E8,"s":[{"ui":"3405351","t":15.0,"r":14.0,"q":17.99,"p":1.75E8,"mot":"U","mo":14.0},{"cn":"","ui":"","t":0.0,"r":0.0,"q":0.0,"p":0.0,"mot":"L","mo":0.0}]},{"d":"21.08.2015","r":13.0,"q":17.99,"p":1.75E8,"s":[{"ui":"3405351","t":14.0,"r":13.0,"q":17.99,"p":1.75E8,"mot":"U","mo":13.0},{"cn":"","ui":"","t":0.0,"r":0.0,"q":0.0,"p":0.0,"mot":"L","mo":0.0}]},{"d":"22.08.2015","r":12.0,"q":17.99,"p":1.75E8,"s":[{"ui":"3405351","t":13.0,"r":12.0,"q":17.99,"p":1.75E8,"mot":"U","mo":12.0},{"cn":"","ui":"","t":0.0,"r":0.0,"q":0.0,"p":0.0,"mot":"L","mo":0.0}]},{"d":"23.08.2015","r":11.0,"q":17.99,"p":1.75E8,"s":[{"ui":"3405351","t":12.0,"r":11.0,"q":17.99,"p":1.75E8,"mot":"U","mo":11.0},{"cn":"","ui":"","t":0.0,"r":0.0,"q":0.0,"p":0.0,"mot":"L","mo":0.0}]},{"d":"24.08.2015","r":10.0,"q":17.99,"p":1.75E8,"s":[{"ui":"3405351","t":11.0,"r":10.0,"q":17.99,"p":1.75E8,"mot":"U","mo":10.0},{"cn":"","ui":"","t":0.0,"r":0.0,"q":0.0,"p":0.0,"mot":"L","mo":0.0}]},{"d":"25.08.2015","r":10.0,"q":17.96,"p":1.75E8,"s":[{"ui":"3405351","t":11.0,"r":10.0,"q":17.96,"p":1.75E8,"mot":"U","mo":10.0},{"cn":"","ui":"","t":0.0,"r":0.0,"q":0.0,"p":0.0,"mot":"L","mo":0.0}]},{"d":"26.08.2015","r":16.0,"q":17.89,"p":1.75E8,"s":[{"ui":"3405351","t":17.0,"r":16.0,"q":17.89,"p":1.75E8,"mot":"U","mo":16.0},{"cn":"","ui":"","t":0.0,"r":0.0,"q":0.0,"p":0.0,"mot":"L","mo":0.0}]},{"d":"27.08.2015","r":22.0,"q":17.85,"p":1.75E8,"s":[{"ui":"3405351","t":23.0,"r":22.0,"q":17.85,"p":1.75E8,"mot":"U","mo":22.0},{"cn":"","ui":"","t":0.0,"r":0.0,"q":0.0,"p":0.0,"mot":"L","mo":0.0}]},{"d":"28.08.2015","r":28.0,"q":17.81,"p":1.75E8,"s":[{"ui":"3405351","t":29.0,"r":28.0,"q":17.81,"p":1.75E8,"mot":"U","mo":28.0},{"cn":"","ui":"","t":0.0,"r":0.0,"q":0.0,"p":0.0,"mot":"L","mo":0.0}]},{"d":"30.08.2015","r":27.0,"q":17.81,"p":1.75E8,"s":[{"ui":"3405351","t":28.0,"r":27.0,"q":17.81,"p":1.75E8,"mot":"U","mo":27.0},{"cn":"","ui":"","t":0.0,"r":0.0,"q":0.0,"p":0.0,"mot":"L","mo":0.0}]},{"d":"31.08.2015","r":26.0,"q":17.81,"p":1.75E8,"s":[{"ui":"3405351","t":27.0,"r":26.0,"q":17.81,"p":1.75E8,"mot":"U","mo":26.0},{"cn":"","ui":"","t":0.0,"r":0.0,"q":0.0,"p":0.0,"mot":"L","mo":0.0}]},{"d":"01.09.2015","r":25.0,"q":17.81,"p":1.75E8,"s":[{"ui":"3405351","t":26.0,"r":25.0,"q":17.81,"p":1.75E8,"mot":"U","mo":25.0},{"cn":"","ui":"","t":0.0,"r":0.0,"q":0.0,"p":0.0,"mot":"L","mo":0.0}]},{"d":"02.09.2015","r":24.0,"q":17.81,"p":1.75E8,"s":[{"ui":"3405351","t":25.0,"r":24.0,"q":17.81,"p":1.75E8,"mot":"U","mo":24.0},{"cn":"","ui":"","t":0.0,"r":0.0,"q":0.0,"p":0.0,"mot":"L","mo":0.0}]},{"d":"03.09.2015","r":23.0,"q":17.81,"p":1.75E8,"s":[{"ui":"3405351","t":24.0,"r":23.0,"q":17.81,"p":1.75E8,"mot":"U","mo":23.0},{"cn":"","ui":"","t":0.0,"r":0.0,"q":0.0,"p":0.0,"mot":"L","mo":0.0}]},{"d":"04.09.2015","r":22.0,"q":17.81,"p":1.75E8,"s":[{"ui":"3405351","t":23.0,"r":22.0,"q":17.81,"p":1.75E8,"mot":"U","mo":22.0},{"cn":"","ui":"","t":0.0,"r":0.0,"q":0.0,"p":0.0,"mot":"L","mo":0.0}]},{"d":"05.09.2015","r":21.0,"q":17.81,"p":1.75E8,"s":[{"ui":"3405351","t":22.0,"r":21.0,"q":17.81,"p":1.75E8,"mot":"U","mo":21.0},{"cn":"","ui":"","t":0.0,"r":0.0,"q":0.0,"p":0.0,"mot":"L","mo":0.0}]},{"d":"06.09.2015","r":20.0,"q":17.81,"p":1.75E8,"s":[{"ui":"3405351","t":21.0,"r":20.0,"q":17.81,"p":1.75E8,"mot":"U","mo":20.0},{"cn":"","ui":"","t":0.0,"r":0.0,"q":0.0,"p":0.0,"mot":"L","mo":0.0}]},{"d":"07.09.2015","r":19.0,"q":17.81,"p":1.75E8,"s":[{"ui":"3405351","t":20.0,"r":19.0,"q":17.81,"p":1.75E8,"mot":"U","mo":19.0},{"cn":"","ui":"","t":0.0,"r":0.0,"q":0.0,"p":0.0,"mot":"L","mo":0.0}]},{"d":"08.09.2015","r":18.0,"q":17.81,"p":1.75E8,"s":[{"ui":"3405351","t":19.0,"r":18.0,"q":17.81,"p":1.75E8,"mot":"U","mo":18.0},{"cn":"","ui":"","t":0.0,"r":0.0,"q":0.0,"p":0.0,"mot":"L","mo":0.0}]},{"d":"09.09.2015","r":17.0,"q":17.81,"p":1.75E8,"s":[{"ui":"3405351","t":18.0,"r":17.0,"q":17.81,"p":1.75E8,"mot":"U","mo":17.0},{"cn":"","ui":"","t":0.0,"r":0.0,"q":0.0,"p":0.0,"mot":"L","mo":0.0}]},{"d":"10.09.2015","r":16.0,"q":17.81,"p":1.75E8,"s":[{"ui":"3405351","t":17.0,"r":16.0,"q":17.81,"p":1.75E8,"mot":"U","mo":16.0},{"cn":"","ui":"","t":0.0,"r":0.0,"q":0.0,"p":0.0,"mot":"L","mo":0.0}]},{"d":"11.09.2015","r":15.0,"q":17.81,"p":1.75E8,"s":[{"ui":"3405351","t":16.0,"r":15.0,"q":17.81,"p":1.75E8,"mot":"U","mo":15.0},{"cn":"","ui":"","t":0.0,"r":0.0,"q":0.0,"p":0.0,"mot":"L","mo":0.0}]},{"d":"12.09.2015","r":14.0,"q":17.81,"p":1.75E8,"s":[{"ui":"3405351","t":15.0,"r":14.0,"q":17.81,"p":1.75E8,"mot":"U","mo":14.0},{"cn":"","ui":"","t":0.0,"r":0.0,"q":0.0,"p":0.0,"mot":"L","mo":0.0}]},{"d":"13.09.2015","r":13.0,"q":17.81,"p":1.75E8,"s":[{"ui":"3405351","t":14.0,"r":13.0,"q":17.81,"p":1.75E8,"mot":"U","mo":13.0},{"cn":"","ui":"","t":0.0,"r":0.0,"q":0.0,"p":0.0,"mot":"L","mo":0.0}]},{"d":"14.09.2015","r":12.0,"q":17.81,"p":1.75E8,"s":[{"ui":"3405351","t":13.0,"r":12.0,"q":17.81,"p":1.75E8,"mot":"U","mo":12.0},{"cn":"","ui":"","t":0.0,"r":0.0,"q":0.0,"p":0.0,"mot":"L","mo":0.0}]},{"d":"15.09.2015","r":11.0,"q":17.81,"p":1.75E8,"s":[{"ui":"3405351","t":12.0,"r":11.0,"q":17.81,"p":1.75E8,"mot":"U","mo":11.0},{"cn":"","ui":"","t":0.0,"r":0.0,"q":0.0,"p":0.0,"mot":"L","mo":0.0}]},{"d":"16.09.2015","r":10.0,"q":17.81,"p":1.75E8,"s":[{"ui":"3405351","t":11.0,"r":10.0,"q":17.81,"p":1.75E8,"mot":"U","mo":10.0},{"cn":"","ui":"","t":0.0,"r":0.0,"q":0.0,"p":0.0,"mot":"L","mo":0.0}]},{"d":"17.09.2015","r":9.0,"q":17.81,"p":1.75E8,"s":[{"ui":"3405351","t":10.0,"r":9.0,"q":17.81,"p":1.75E8,"mot":"U","mo":9.0},{"cn":"","ui":"","t":0.0,"r":0.0,"q":0.0,"p":0.0,"mot":"L","mo":0.0}]},{"d":"18.09.2015","r":18.0,"q":8.47,"p":1.4494444444E8,"s":[{"ui":"3949272","t":10.0,"r":10.0,"q":1.0,"p":1.209E8,"mot":"U","mo":10.0},{"ui":"3405351","t":9.0,"r":8.0,"q":17.81,"p":1.75E8,"mot":"U","mo":8.0},{"cn":"","ui":"","t":0.0,"r":0.0,"q":0.0,"p":0.0,"mot":"L","mo":0.0}]},{"d":"19.09.2015","r":7.0,"q":17.81,"p":1.75E8,"s":[{"ui":"3405351","t":8.0,"r":7.0,"q":17.81,"p":1.75E8,"mot":"U","mo":7.0},{"cn":"","ui":"","t":0.0,"r":0.0,"q":0.0,"p":0.0,"mot":"L","mo":0.0}]},{"d":"20.09.2015","r":6.0,"q":17.81,"p":1.75E8,"s":[{"ui":"3405351","t":7.0,"r":6.0,"q":17.81,"p":1.75E8,"mot":"U","mo":6.0},{"cn":"","ui":"","t":0.0,"r":0.0,"q":0.0,"p":0.0,"mot":"L","mo":0.0}]},{"d":"21.09.2015","r":5.0,"q":17.81,"p":1.75E8,"s":[{"ui":"3405351","t":6.0,"r":5.0,"q":17.81,"p":1.75E8,"mot":"U","mo":5.0},{"cn":"","ui":"","t":0.0,"r":0.0,"q":0.0,"p":0.0,"mot":"L","mo":0.0}]},{"d":"22.09.2015","r":4.0,"q":17.81,"p":1.75E8,"s":[{"ui":"3405351","t":5.0,"r":4.0,"q":17.81,"p":1.75E8,"mot":"U","mo":4.0},{"cn":"","ui":"","t":0.0,"r":0.0,"q":0.0,"p":0.0,"mot":"L","mo":0.0}]},{"d":"23.09.2015","r":3.0,"q":17.81,"p":1.75E8,"s":[{"ui":"3405351","t":4.0,"r":3.0,"q":17.81,"p":1.75E8,"mot":"U","mo":3.0},{"cn":"","ui":"","t":0.0,"r":0.0,"q":0.0,"p":0.0,"mot":"L","mo":0.0}]},{"d":"24.09.2015","r":2.0,"q":17.81,"p":1.75E8,"s":[{"ui":"3405351","t":3.0,"r":2.0,"q":17.81,"p":1.75E8,"mot":"U","mo":2.0},{"cn":"","ui":"","t":0.0,"r":0.0,"q":0.0,"p":0.0,"mot":"L","mo":0.0}]},{"d":"25.09.2015","r":1.0,"q":17.81,"p":1.75E8,"s":[{"ui":"3405351","t":2.0,"r":1.0,"q":17.81,"p":1.75E8,"mot":"U","mo":1.0},{"cn":"","ui":"","t":0.0,"r":0.0,"q":0.0,"p":0.0,"mot":"L","mo":0.0}]},{"d":"26.09.2015","r":10.0,"q":1.0,"p":1.109E8,"s":[{"ui":"3949272","t":10.0,"r":10.0,"q":1.0,"p":1.109E8,"mot":"U","mo":10.0},{"cn":"","ui":"","t":0.0,"r":0.0,"q":0.0,"p":0.0,"mot":"L","mo":0.0}]},{"d":"29.09.2015","r":10.0,"q":1.0,"p":8090000.0,"s":[{"ui":"3949272","t":10.0,"r":10.0,"q":1.0,"p":8090000.0,"mot":"U","mo":10.0},{"cn":"","ui":"","t":0.0,"r":0.0,"q":0.0,"p":0.0,"mot":"L","mo":0.0}]},{"d":"07.10.2015","r":1.0,"q":18.79,"p":1.75E8,"s":[{"ui":"3405351","t":1.0,"r":1.0,"q":18.79,"p":1.75E8,"mot":"U","mo":1.0},{"cn":"","ui":"","t":0.0,"r":0.0,"q":0.0,"p":0.0,"mot":"L","mo":0.0}]},{"d":"08.10.2015","r":2.0,"q":18.89,"p":1.75E8,"s":[{"ui":"3405351","t":2.0,"r":2.0,"q":18.89,"p":1.75E8,"mot":"U","mo":2.0},{"cn":"","ui":"","t":0.0,"r":0.0,"q":0.0,"p":0.0,"mot":"L","mo":0.0}]},{"d":"09.10.2015","r":3.0,"q":18.92,"p":1.75E8,"s":[{"ui":"3405351","t":3.0,"r":3.0,"q":18.92,"p":1.75E8,"mot":"U","mo":3.0},{"cn":"","ui":"","t":0.0,"r":0.0,"q":0.0,"p":0.0,"mot":"L","mo":0.0}]},{"d":"12.10.2015","r":15.0,"q":6.99,"p":6.306E7,"s":[{"ui":"3949272","t":10.0,"r":10.0,"q":1.0,"p":7090000.0,"mot":"U","mo":10.0},{"ui":"3405351","t":5.0,"r":5.0,"q":18.96,"p":1.75E8,"mot":"U","mo":5.0},{"cn":"","ui":"","t":0.0,"r":0.0,"q":0.0,"p":0.0,"mot":"L","mo":0.0}]},{"d":"13.10.2015","r":6.0,"q":18.98,"p":1.75E8,"s":[{"ui":"3405351","t":6.0,"r":6.0,"q":18.98,"p":1.75E8,"mot":"U","mo":6.0},{"cn":"","ui":"","t":0.0,"r":0.0,"q":0.0,"p":0.0,"mot":"L","mo":0.0}]},{"d":"14.10.2015","r":7.0,"q":18.99,"p":1.75E8,"s":[{"ui":"3405351","t":7.0,"r":7.0,"q":18.99,"p":1.75E8,"mot":"U","mo":7.0},{"cn":"","ui":"","t":0.0,"r":0.0,"q":0.0,"p":0.0,"mot":"L","mo":0.0}]},{"d":"16.10.2015","r":8.0,"q":19.01,"p":1.75E8,"s":[{"ui":"3405351","t":8.0,"r":8.0,"q":19.01,"p":1.75E8,"mot":"U","mo":8.0},{"cn":"","ui":"","t":0.0,"r":0.0,"q":0.0,"p":0.0,"mot":"L","mo":0.0}]},{"d":"17.10.2015","r":9.0,"q":19.02,"p":1.75E8,"s":[{"ui":"3405351","t":9.0,"r":9.0,"q":19.02,"p":1.75E8,"mot":"U","mo":9.0},{"cn":"","ui":"","t":0.0,"r":0.0,"q":0.0,"p":0.0,"mot":"L","mo":0.0}]},{"d":"19.10.2015","r":25.0,"q":11.73,"p":1.29E8,"s":[{"ui":"2634103","t":10.0,"r":10.0,"q":1.0,"p":6.0E7,"mot":"U","mo":10.0},{"ui":"3405351","t":15.0,"r":15.0,"q":18.88,"p":1.75E8,"mot":"U","mo":15.0},{"cn":"","ui":"","t":0.0,"r":0.0,"q":0.0,"p":0.0,"mot":"L","mo":0.0}]},{"d":"20.10.2015","r":17.0,"q":18.88,"p":1.75E8,"s":[{"ui":"3405351","t":17.0,"r":17.0,"q":18.88,"p":1.75E8,"mot":"U","mo":17.0},{"cn":"","ui":"","t":0.0,"r":0.0,"q":0.0,"p":0.0,"mot":"L","mo":0.0}]},{"d":"21.10.2015","r":18.0,"q":18.9,"p":1.75E8,"s":[{"ui":"3405351","t":18.0,"r":18.0,"q":18.9,"p":1.75E8,"mot":"U","mo":18.0},{"cn":"","ui":"","t":0.0,"r":0.0,"q":0.0,"p":0.0,"mot":"L","mo":0.0}]},{"d":"22.10.2015","r":30.0,"q":12.95,"p":1.3333333333E8,"s":[{"ui":"2634103","t":10.0,"r":10.0,"q":1.0,"p":5.0E7,"mot":"U","mo":10.0},{"ui":"3405351","t":20.0,"r":20.0,"q":18.93,"p":1.75E8,"mot":"U","mo":20.0},{"cn":"","ui":"","t":0.0,"r":0.0,"q":0.0,"p":0.0,"mot":"L","mo":0.0}]},{"d":"23.10.2015","r":10.0,"q":1.0,"p":4.0E7,"s":[{"ui":"2634103","t":10.0,"r":10.0,"q":1.0,"p":4.0E7,"mot":"U","mo":10.0},{"cn":"","ui":"","t":0.0,"r":0.0,"q":0.0,"p":0.0,"mot":"L","mo":0.0}]},{"d":"31.10.2015","r":31.0,"q":13.15,"p":1.2822580645E8,"s":[{"ui":"2634103","t":10.0,"r":10.0,"q":1.0,"p":3.0E7,"mot":"U","mo":10.0},{"ui":"3405351","t":21.0,"r":21.0,"q":18.94,"p":1.75E8,"mot":"U","mo":21.0},{"cn":"","ui":"","t":0.0,"r":0.0,"q":0.0,"p":0.0,"mot":"L","mo":0.0}]},{"d":"08.11.2015","r":16.0,"q":18.94,"p":1.75E8,"s":[{"ui":"3405351","t":16.0,"r":16.0,"q":18.94,"p":1.75E8,"mot":"U","mo":16.0},{"cn":"","ui":"","t":0.0,"r":0.0,"q":0.0,"p":0.0,"mot":"L","mo":0.0}]},{"d":"05.05.2016","r":8.0,"q":21.16,"p":2.5E8,"s":[{"ui":"3405351","t":9.0,"r":8.0,"q":21.16,"p":2.5E8,"mot":"U","mo":8.0},{"cn":"","ui":"","t":0.0,"r":0.0,"q":0.0,"p":0.0,"mot":"L","mo":0.0}]},{"d":"06.05.2016","r":16.0,"q":21.16,"p":2.5E8,"s":[{"ui":"3405351","t":17.0,"r":16.0,"q":21.16,"p":2.5E8,"mot":"U","mo":16.0},{"cn":"","ui":"","t":0.0,"r":0.0,"q":0.0,"p":0.0,"mot":"L","mo":0.0}]},{"d":"07.05.2016","r":24.0,"q":21.16,"p":2.5E8,"s":[{"ui":"3405351","t":25.0,"r":24.0,"q":21.16,"p":2.5E8,"mot":"U","mo":24.0},{"cn":"","ui":"","t":0.0,"r":0.0,"q":0.0,"p":0.0,"mot":"L","mo":0.0}]},{"d":"08.05.2016","r":32.0,"q":21.16,"p":2.5E8,"s":[{"ui":"3405351","t":33.0,"r":32.0,"q":21.16,"p":2.5E8,"mot":"U","mo":32.0},{"cn":"","ui":"","t":0.0,"r":0.0,"q":0.0,"p":0.0,"mot":"L","mo":0.0}]},{"d":"09.05.2016","r":40.0,"q":21.16,"p":2.5E8,"s":[{"ui":"3405351","t":41.0,"r":40.0,"q":21.16,"p":2.5E8,"mot":"U","mo":40.0},{"cn":"","ui":"","t":0.0,"r":0.0,"q":0.0,"p":0.0,"mot":"L","mo":0.0}]},{"d":"10.05.2016","r":39.0,"q":21.16,"p":2.5E8,"s":[{"ui":"3405351","t":40.0,"r":39.0,"q":21.16,"p":2.5E8,"mot":"U","mo":39.0},{"cn":"","ui":"","t":0.0,"r":0.0,"q":0.0,"p":0.0,"mot":"L","mo":0.0}]},{"d":"11.05.2016","r":4.0,"q":7.0,"p":1.3E9,"s":[{"ui":"3402938","t":4.0,"r":4.0,"q":7.0,"p":1.3E9,"mot":"U","mo":4.0},{"cn":"","ui":"","t":0.0,"r":0.0,"q":0.0,"p":0.0,"mot":"L","mo":0.0}]},{"d":"09.06.2017","r":11.0,"q":29.23,"p":7.5E8,"s":[{"cn":"gfife11 Industries","ui":"3405351","t":11.0,"r":11.0,"q":29.23,"p":7.5E8,"mot":"U","mo":11.0},{"cn":"","ui":"","t":0.0,"r":0.0,"q":0.0,"p":0.0,"mot":"L","mo":0.0}]},{"d":"10.06.2017","r":5.0,"q":29.23,"p":7.5E8,"s":[{"cn":"gfife11 Industries","ui":"3405351","t":8.0,"r":5.0,"q":29.23,"p":7.5E8,"mot":"U","mo":5.0},{"cn":"","ui":"","t":0.0,"r":0.0,"q":0.0,"p":0.0,"mot":"L","mo":0.0}]},{"d":"11.06.2017","r":2.0,"q":29.23,"p":7.5E8,"s":[{"cn":"gfife11 Industries","ui":"3405351","t":5.0,"r":2.0,"q":29.23,"p":7.5E8,"mot":"U","mo":2.0},{"cn":"","ui":"","t":0.0,"r":0.0,"q":0.0,"p":0.0,"mot":"L","mo":0.0}]},{"d":"25.06.2017","r":6.0,"q":4.0,"p":2.6E7,"s":[{"cn":"Alex Trade","ui":"4326510","t":6.0,"r":6.0,"q":4.0,"p":2.6E7,"mot":"U","mo":6.0},{"cn":"","ui":"","t":0.0,"r":0.0,"q":0.0,"p":0.0,"mot":"L","mo":0.0}]},{"d":"14.07.2017","r":10.0,"q":29.01,"p":7.5E8,"s":[{"cn":"gfife11 Industries","ui":"3405351","t":11.0,"r":10.0,"q":29.01,"p":7.5E8,"mot":"U","mo":10.0},{"cn":"","ui":"","t":0.0,"r":0.0,"q":0.0,"p":0.0,"mot":"L","mo":0.0}]},{"d":"15.07.2017","r":9.0,"q":29.01,"p":7.5E8,"s":[{"cn":"gfife11 Industries","ui":"3405351","t":10.0,"r":9.0,"q":29.01,"p":7.5E8,"mot":"U","mo":9.0},{"cn":"","ui":"","t":0.0,"r":0.0,"q":0.0,"p":0.0,"mot":"L","mo":0.0}]},{"d":"16.07.2017","r":8.0,"q":29.01,"p":7.5E8,"s":[{"cn":"gfife11 Industries","ui":"3405351","t":9.0,"r":8.0,"q":29.01,"p":7.5E8,"mot":"U","mo":8.0},{"cn":"","ui":"","t":0.0,"r":0.0,"q":0.0,"p":0.0,"mot":"L","mo":0.0}]},{"d":"17.07.2017","r":5.0,"q":29.01,"p":7.5E8,"s":[{"cn":"gfife11 Industries","ui":"3405351","t":7.0,"r":5.0,"q":29.01,"p":7.5E8,"mot":"U","mo":5.0},{"cn":"","ui":"","t":0.0,"r":0.0,"q":0.0,"p":0.0,"mot":"L","mo":0.0}]},{"d":"18.07.2017","r":3.0,"q":29.01,"p":7.5E8,"s":[{"cn":"gfife11 Industries","ui":"3405351","t":5.0,"r":3.0,"q":29.01,"p":7.5E8,"mot":"U","mo":3.0},{"cn":"","ui":"","t":0.0,"r":0.0,"q":0.0,"p":0.0,"mot":"L","mo":0.0}]},{"d":"19.07.2017","r":18.0,"q":21.34,"p":5.6666666667E8,"s":[{"cn":"N-Industries","ui":"4439266","t":6.0,"r":6.0,"q":4.0,"p":2.0E8,"mot":"U","mo":6.0},{"cn":"gfife11 Industries","ui":"3405351","t":14.0,"r":12.0,"q":30.01,"p":7.5E8,"mot":"U","mo":12.0},{"cn":"","ui":"","t":0.0,"r":0.0,"q":0.0,"p":0.0,"mot":"L","mo":0.0}]},{"d":"21.07.2017","r":11.0,"q":22.92,"p":6.0E8,"s":[{"cn":"N-Industries","ui":"4439266","t":4.0,"r":3.0,"q":4.0,"p":2.0E8,"mot":"U","mo":3.0},{"cn":"gfife11 Industries","ui":"3405351","t":10.0,"r":8.0,"q":30.01,"p":7.5E8,"mot":"U","mo":8.0},{"cn":"","ui":"","t":0.0,"r":0.0,"q":0.0,"p":0.0,"mot":"L","mo":0.0}]},{"d":"22.07.2017","r":8.0,"q":23.51,"p":6.125E8,"s":[{"cn":"N-Industries","ui":"4439266","t":3.0,"r":2.0,"q":4.0,"p":2.0E8,"mot":"U","mo":2.0},{"cn":"gfife11 Industries","ui":"3405351","t":8.0,"r":6.0,"q":30.01,"p":7.5E8,"mot":"U","mo":6.0},{"cn":"","ui":"","t":0.0,"r":0.0,"q":0.0,"p":0.0,"mot":"L","mo":0.0}]},{"d":"23.07.2017","r":5.0,"q":24.81,"p":6.4E8,"s":[{"cn":"N-Industries","ui":"4439266","t":2.0,"r":1.0,"q":4.0,"p":2.0E8,"mot":"U","mo":1.0},{"cn":"gfife11 Industries","ui":"3405351","t":6.0,"r":4.0,"q":30.01,"p":7.5E8,"mot":"U","mo":4.0},{"cn":"","ui":"","t":0.0,"r":0.0,"q":0.0,"p":0.0,"mot":"L","mo":0.0}]},{"d":"24.07.2017","r":2.0,"q":30.01,"p":7.5E8,"s":[{"cn":"gfife11 Industries","ui":"3405351","t":4.0,"r":2.0,"q":30.01,"p":7.5E8,"mot":"U","mo":2.0},{"cn":"","ui":"","t":0.0,"r":0.0,"q":0.0,"p":0.0,"mot":"L","mo":0.0}]},{"d":"27.08.2017","r":4.0,"q":1.0,"p":1.8E9,"s":[{"cn":"Fyah Global Energies","ui":"3400070","t":4.0,"r":4.0,"q":1.0,"p":1.8E9,"mot":"U","mo":4.0},{"cn":"","ui":"","t":0.0,"r":0.0,"q":0.0,"p":0.0,"mot":"L","mo":0.0}]},{"d":"28.08.2017","r":4.0,"q":1.0,"p":1.5E9,"s":[{"cn":"Fyah Global Energies","ui":"3400070","t":4.0,"r":4.0,"q":1.0,"p":1.5E9,"mot":"U","mo":4.0},{"cn":"","ui":"","t":0.0,"r":0.0,"q":0.0,"p":0.0,"mot":"L","mo":0.0}]},{"d":"29.08.2017","r":7.0,"q":1.0,"p":1.5E9,"s":[{"cn":"Fyah Global Energies","ui":"3400070","t":7.0,"r":7.0,"q":1.0,"p":1.5E9,"mot":"U","mo":7.0},{"cn":"","ui":"","t":0.0,"r":0.0,"q":0.0,"p":0.0,"mot":"L","mo":0.0}]},{"d":"30.08.2017","r":10.0,"q":1.0,"p":1.9E9,"s":[{"cn":"Fyah Global Energies","ui":"3400070","t":10.0,"r":10.0,"q":1.0,"p":1.9E9,"mot":"U","mo":10.0},{"cn":"","ui":"","t":0.0,"r":0.0,"q":0.0,"p":0.0,"mot":"L","mo":0.0}]},{"d":"31.08.2017","r":12.0,"q":1.0,"p":1.9E9,"s":[{"cn":"Fyah Global Energies","ui":"3400070","t":12.0,"r":12.0,"q":1.0,"p":1.9E9,"mot":"U","mo":12.0},{"cn":"","ui":"","t":0.0,"r":0.0,"q":0.0,"p":0.0,"mot":"L","mo":0.0}]},{"d":"04.09.2017","r":14.0,"q":1.0,"p":1.9E9,"s":[{"cn":"Fyah Global Energies","ui":"3400070","t":14.0,"r":14.0,"q":1.0,"p":1.9E9,"mot":"U","mo":14.0},{"cn":"","ui":"","t":0.0,"r":0.0,"q":0.0,"p":0.0,"mot":"L","mo":0.0}]},{"d":"05.09.2017","r":14.0,"q":1.0,"p":1.75E9,"s":[{"cn":"Fyah Global Energies","ui":"3400070","t":14.0,"r":14.0,"q":1.0,"p":1.75E9,"mot":"U","mo":14.0},{"cn":"","ui":"","t":0.0,"r":0.0,"q":0.0,"p":0.0,"mot":"L","mo":0.0}]},{"d":"08.09.2017","r":14.0,"q":1.0,"p":1.7E9,"s":[{"cn":"Fyah Global Energies","ui":"3400070","t":14.0,"r":14.0,"q":1.0,"p":1.7E9,"mot":"U","mo":14.0},{"cn":"","ui":"","t":0.0,"r":0.0,"q":0.0,"p":0.0,"mot":"L","mo":0.0}]},{"d":"07.11.2017","r":1.0,"q":8.69,"p":1.8E9,"s":[{"cn":"N-Industries","ui":"4628248","t":1.0,"r":1.0,"q":8.69,"p":1.8E9,"mot":"U","mo":1.0},{"cn":"","ui":"","t":0.0,"r":0.0,"q":0.0,"p":0.0,"mot":"L","mo":0.0}]},{"d":"08.11.2017","r":1.0,"q":8.69,"p":1.5E9,"s":[{"cn":"N-Industries","ui":"4628248","t":1.0,"r":1.0,"q":8.69,"p":1.5E9,"mot":"U","mo":1.0},{"cn":"","ui":"","t":0.0,"r":0.0,"q":0.0,"p":0.0,"mot":"L","mo":0.0}]},{"d":"28.11.2017","r":24.0,"q":13.3,"p":1.55E9,"s":[{"cn":"Electroingenieria del Litoral S.A","ui":"4767357","t":24.0,"r":24.0,"q":13.3,"p":1.55E9,"mot":"U","mo":24.0},{"cn":"","ui":"","t":0.0,"r":0.0,"q":0.0,"p":0.0,"mot":"L","mo":0.0}]},{"d":"19.12.2017","r":18.0,"q":13.3,"p":9.5E8,"s":[{"cn":"Electroingenieria del Litoral S.A","ui":"4725599","t":18.0,"r":18.0,"q":13.3,"p":9.5E8,"mot":"U","mo":18.0},{"cn":"","ui":"","t":0.0,"r":0.0,"q":0.0,"p":0.0,"mot":"L","mo":0.0}]},{"d":"09.03.2018","r":20.0,"q":4.91,"p":9.3E8,"s":[{"cn":"Egg-Roll International","ui":"3400070","t":14.0,"r":14.0,"q":1.0,"p":9.0E8,"mot":"U","mo":14.0},{"cn":"Max Corp","ui":"2945810","t":6.0,"r":5.0,"q":10.66,"p":1.0E9,"mot":"U","mo":5.0},{"cn":"","ui":"","t":1.0,"r":1.0,"q":30.88,"p":1.0E9,"mot":"L","mo":1.0}]},{"d":"09.04.2018","r":1.0,"q":30.88,"p":5.0E8,"s":[{"cn":"Mo Industries","ui":"3369424","t":1.0,"r":1.0,"q":30.88,"p":5.0E8,"mot":"U","mo":1.0},{"cn":"","ui":"","t":0.0,"r":0.0,"q":0.0,"p":0.0,"mot":"L","mo":0.0}]},{"d":"20.04.2018","r":1.0,"q":30.88,"p":2.0E8,"s":[{"cn":"Mo Industries","ui":"3369424","t":1.0,"r":1.0,"q":30.88,"p":2.0E8,"mot":"U","mo":1.0},{"cn":"","ui":"","t":0.0,"r":0.0,"q":0.0,"p":0.0,"mot":"L","mo":0.0}]},{"d":"28.05.2018","r":4.0,"q":4.17,"p":2.6E7,"s":[{"cn":"Alex Trade","ui":"4326510","t":4.0,"r":4.0,"q":4.17,"p":2.6E7,"mot":"U","mo":4.0},{"cn":"","ui":"","t":0.0,"r":0.0,"q":0.0,"p":0.0,"mot":"L","mo":0.0}]},{"d":"29.05.2018","r":6.0,"q":4.17,"p":2.6E7,"s":[{"cn":"Alex Trade","ui":"4326510","t":6.0,"r":6.0,"q":4.17,"p":2.6E7,"mot":"U","mo":6.0},{"cn":"","ui":"","t":0.0,"r":0.0,"q":0.0,"p":0.0,"mot":"L","mo":0.0}]},{"d":"30.05.2018","r":8.0,"q":4.17,"p":2.6E7,"s":[{"cn":"Alex Trade","ui":"4326510","t":8.0,"r":8.0,"q":4.17,"p":2.6E7,"mot":"U","mo":8.0},{"cn":"","ui":"","t":0.0,"r":0.0,"q":0.0,"p":0.0,"mot":"L","mo":0.0}]},{"d":"31.05.2018","r":10.0,"q":4.17,"p":2.6E7,"s":[{"cn":"Alex Trade","ui":"4326510","t":10.0,"r":10.0,"q":4.17,"p":2.6E7,"mot":"U","mo":10.0},{"cn":"","ui":"","t":0.0,"r":0.0,"q":0.0,"p":0.0,"mot":"L","mo":0.0}]},{"d":"01.06.2018","r":1.0,"q":30.88,"p":1.0E8,"s":[{"cn":"Mo Industries","ui":"3369424","t":1.0,"r":1.0,"q":30.88,"p":1.0E8,"mot":"U","mo":1.0},{"cn":"","ui":"","t":0.0,"r":0.0,"q":0.0,"p":0.0,"mot":"L","mo":0.0}]},{"d":"07.06.2018","r":12.0,"q":4.17,"p":2.6E7,"s":[{"cn":"Alex Trade","ui":"4326510","t":12.0,"r":12.0,"q":4.17,"p":2.6E7,"mot":"U","mo":12.0},{"cn":"","ui":"","t":0.0,"r":0.0,"q":0.0,"p":0.0,"mot":"L","mo":0.0}]},{"d":"02.07.2018","r":6.0,"q":10.66,"p":1.0E9,"s":[{"cn":"Max Corp","ui":"2945810","t":6.0,"r":6.0,"q":10.66,"p":1.0E9,"mot":"U","mo":6.0},{"cn":"","ui":"","t":0.0,"r":0.0,"q":0.0,"p":0.0,"mot":"L","mo":0.0}]},{"d":"07.08.2018","r":12.0,"q":1.0,"p":9.0E8,"s":[{"cn":"Egg-Roll International","ui":"3400070","t":12.0,"r":12.0,"q":1.0,"p":9.0E8,"mot":"U","mo":12.0},{"cn":"","ui":"","t":0.0,"r":0.0,"q":0.0,"p":0.0,"mot":"L","mo":0.0}]},{"d":"10.09.2018","r":4.0,"q":7.0,"p":8000000.0,"s":[{"cn":"Global Industries","ui":"4250739","t":4.0,"r":4.0,"q":7.0,"p":8000000.0,"mot":"U","mo":4.0},{"cn":"","ui":"","t":0.0,"r":0.0,"q":0.0,"p":0.0,"mot":"L","mo":0.0}]},{"d":"28.03.2019","r":11.0,"q":1.0,"p":9.0E8,"s":[{"cn":"Egg-Roll International","ui":"3400070","t":12.0,"r":11.0,"q":1.0,"p":9.0E8,"mot":"U","mo":11.0},{"cn":"","ui":"","t":0.0,"r":0.0,"q":0.0,"p":0.0,"mot":"L","mo":0.0}]},{"d":"31.10.2019","r":18.0,"q":13.3,"p":5500000.0,"s":[{"cn":"Electroingenieria del Litoral S.A","ui":"4799021","t":18.0,"r":18.0,"q":13.3,"p":5500000.0,"mot":"U","mo":18.0},{"cn":"","ui":"","t":0.0,"r":0.0,"q":0.0,"p":0.0,"mot":"L","mo":0.0}]},{"d":"18.11.2019","r":18.0,"q":13.3,"p":9.5E8,"s":[{"cn":"Ell Hèfe\u0027s Inc.","ui":"5797529","t":18.0,"r":18.0,"q":13.3,"p":9.5E8,"mot":"U","mo":18.0},{"cn":"","ui":"","t":0.0,"r":0.0,"q":0.0,"p":0.0,"mot":"L","mo":0.0}]},{"d":"26.11.2019","r":18.0,"q":13.3,"p":7.5E8,"s":[{"cn":"Ell Hèfe\u0027s Inc.","ui":"5797529","t":18.0,"r":18.0,"q":13.3,"p":7.5E8,"mot":"U","mo":18.0},{"cn":"","ui":"","t":0.0,"r":0.0,"q":0.0,"p":0.0,"mot":"L","mo":0.0}]},{"d":"10.12.2019","r":18.0,"q":13.3,"p":9.5E8,"s":[{"cn":"Ell Hèfe\u0027s Inc.","ui":"5839654","t":18.0,"r":18.0,"q":13.3,"p":9.5E8,"mot":"U","mo":18.0},{"cn":"","ui":"","t":0.0,"r":0.0,"q":0.0,"p":0.0,"mot":"L","mo":0.0}]},{"d":"16.12.2019","r":18.0,"q":13.3,"p":8.5E8,"s":[{"cn":"Ell Hèfe\u0027s Inc.","ui":"5839654","t":18.0,"r":18.0,"q":13.3,"p":8.5E8,"mot":"U","mo":18.0},{"cn":"","ui":"","t":0.0,"r":0.0,"q":0.0,"p":0.0,"mot":"L","mo":0.0}]},{"d":"08.01.2020","r":18.0,"q":13.3,"p":8.3E8,"s":[{"cn":"Ell Hèfe\u0027s Inc.","ui":"5839654","t":18.0,"r":18.0,"q":13.3,"p":8.3E8,"mot":"U","mo":18.0},{"cn":"","ui":"","t":0.0,"r":0.0,"q":0.0,"p":0.0,"mot":"L","mo":0.0}]},{"d":"27.01.2020","r":18.0,"q":13.3,"p":8.0E8,"s":[{"cn":"Ell Hèfe\u0027s Inc.","ui":"5839654","t":18.0,"r":18.0,"q":13.3,"p":8.0E8,"mot":"U","mo":18.0},{"cn":"","ui":"","t":0.0,"r":0.0,"q":0.0,"p":0.0,"mot":"L","mo":0.0}]},{"d":"31.01.2020","r":14.0,"q":13.3,"p":8.0E8,"s":[{"cn":"Ell Hèfe\u0027s Inc.","ui":"5839654","t":16.0,"r":14.0,"q":13.3,"p":8.0E8,"mot":"U","mo":14.0},{"cn":"","ui":"","t":0.0,"r":0.0,"q":0.0,"p":0.0,"mot":"L","mo":0.0}]},{"d":"03.02.2020","r":8.0,"q":13.3,"p":8.0E8,"s":[{"cn":"Ell Hèfe\u0027s Inc.","ui":"5839654","t":10.0,"r":8.0,"q":13.3,"p":8.0E8,"mot":"U","mo":8.0},{"cn":"","ui":"","t":0.0,"r":0.0,"q":0.0,"p":0.0,"mot":"L","mo":0.0}]},{"d":"04.02.2020","r":8.0,"q":13.3,"p":8.0E8,"s":[{"cn":"Ell Hèfe\u0027s Inc.","ui":"5839654","t":8.0,"r":8.0,"q":13.3,"p":8.0E8,"mot":"U","mo":8.0},{"cn":"","ui":"","t":0.0,"r":0.0,"q":0.0,"p":0.0,"mot":"L","mo":0.0}]},{"d":"20.04.2020","r":5.0,"q":13.3,"p":8.0E8,"s":[{"cn":"Ell Hèfe\u0027s Inc.","ui":"5839654","t":8.0,"r":5.0,"q":13.3,"p":8.0E8,"mot":"U","mo":5.0},{"cn":"","ui":"","t":0.0,"r":0.0,"q":0.0,"p":0.0,"mot":"L","mo":0.0}]},{"d":"01.05.2020","r":6.0,"q":13.3,"p":8.0E8,"s":[{"cn":"Ell Hèfe\u0027s Inc.","ui":"5839654","t":8.0,"r":6.0,"q":13.3,"p":8.0E8,"mot":"U","mo":6.0},{"cn":"","ui":"","t":0.0,"r":0.0,"q":0.0,"p":0.0,"mot":"L","mo":0.0}]},{"d":"07.01.2021","r":19.0,"q":21.88,"p":1.370175690226E10,"s":[{"cn":"Tritrade Инвест","ui":"8952141","t":11.0,"r":11.0,"q":28.34,"p":1.5666671013E10,"mot":"U","mo":11.0},{"cn":"Allinvest","ui":"8958567","t":4.0,"r":4.0,"q":5.31,"p":1.0E10,"mot":"U","mo":4.0},{"cn":"Svetliy Ltd.","ui":"9479073","t":4.0,"r":4.0,"q":20.69,"p":1.2E10,"mot":"U","mo":4.0},{"cn":"","ui":"","t":0.0,"r":0.0,"q":0.0,"p":0.0,"mot":"L","mo":0.0}]},{"d":"22.10.2021","r":18.0,"q":15.21,"p":3.9E8,"s":[{"cn":"Quack_yu Industries","ui":"4494592","t":18.0,"r":18.0,"q":15.21,"p":3.9E8,"mot":"U","mo":18.0},{"cn":"","ui":"","t":0.0,"r":0.0,"q":0.0,"p":0.0,"mot":"L","mo":0.0}]},{"d":"01.12.2021","r":1.0,"q":15.21,"p":4.32E8,"s":[{"cn":"Churchill40 Trade","ui":"6845622","t":1.0,"r":1.0,"q":15.21,"p":4.32E8,"mot":"U","mo":1.0},{"cn":"","ui":"","t":0.0,"r":0.0,"q":0.0,"p":0.0,"mot":"L","mo":0.0}]},{"d":"10.01.2022","r":17.0,"q":15.21,"p":3.9E8,"s":[{"cn":"Quack_yu Industries","ui":"4494592","t":17.0,"r":17.0,"q":15.21,"p":3.9E8,"mot":"U","mo":17.0},{"cn":"","ui":"","t":0.0,"r":0.0,"q":0.0,"p":0.0,"mot":"L","mo":0.0}]},{"d":"18.01.2022","r":13.0,"q":15.21,"p":3.9E8,"s":[{"cn":"Quack_yu Industries","ui":"4494592","t":17.0,"r":13.0,"q":15.21,"p":3.9E8,"mot":"U","mo":13.0},{"cn":"","ui":"","t":0.0,"r":0.0,"q":0.0,"p":0.0,"mot":"L","mo":0.0}]},{"d":"19.01.2022","r":1.0,"q":15.21,"p":4.18E8,"s":[{"cn":"Churchill40 Trade","ui":"6845622","t":1.0,"r":1.0,"q":15.21,"p":4.18E8,"mot":"U","mo":1.0},{"cn":"","ui":"","t":0.0,"r":0.0,"q":0.0,"p":0.0,"mot":"L","mo":0.0}]},{"d":"17.02.2022","r":1.0,"q":15.21,"p":4.15E8,"s":[{"cn":"Churchill40 Trade","ui":"6845622","t":1.0,"r":1.0,"q":15.21,"p":4.15E8,"mot":"U","mo":1.0},{"cn":"","ui":"","t":0.0,"r":0.0,"q":0.0,"p":0.0,"mot":"L","mo":0.0}]},{"d":"20.07.2022","r":1.0,"q":15.21,"p":4.05E8,"s":[{"cn":"Churchill40 Trade","ui":"6845622","t":1.0,"r":1.0,"q":15.21,"p":4.05E8,"mot":"U","mo":1.0},{"cn":"","ui":"","t":0.0,"r":0.0,"q":0.0,"p":0.0,"mot":"L","mo":0.0}]},{"d":"22.07.2022","r":1.0,"q":15.21,"p":4.01E8,"s":[{"cn":"Churchill40 Trade","ui":"6845622","t":1.0,"r":1.0,"q":15.21,"p":4.01E8,"mot":"U","mo":1.0},{"cn":"","ui":"","t":0.0,"r":0.0,"q":0.0,"p":0.0,"mot":"L","mo":0.0}]},{"d":"02.08.2022","r":13.0,"q":15.21,"p":3.9E8,"s":[{"cn":"Quack_yu Industries","ui":"4494592","t":13.0,"r":13.0,"q":15.21,"p":3.9E8,"mot":"U","mo":13.0},{"cn":"","ui":"","t":0.0,"r":0.0,"q":0.0,"p":0.0,"mot":"L","mo":0.0}]}]