[{"d":"10.06.2017","r":30.0,"q":1.01,"p":600.0,"s":[{"cn":"Ackermann Industries International","ui":"3187154","t":30.0,"r":30.0,"q":1.01,"p":600.0,"mot":"U","mo":30.0},{"cn":"","ui":"","t":0.0,"r":0.0,"q":0.0,"p":0.0,"mot":"L","mo":0.0}]},{"d":"11.06.2017","r":60.0,"q":1.01,"p":600.0,"s":[{"cn":"Ackermann Industries International","ui":"3187154","t":60.0,"r":60.0,"q":1.01,"p":600.0,"mot":"U","mo":60.0},{"cn":"","ui":"","t":0.0,"r":0.0,"q":0.0,"p":0.0,"mot":"L","mo":0.0}]},{"d":"12.06.2017","r":90.0,"q":1.3,"p":600.0,"s":[{"cn":"Ackermann Industries International","ui":"3187154","t":90.0,"r":90.0,"q":1.3,"p":600.0,"mot":"U","mo":90.0},{"cn":"","ui":"","t":0.0,"r":0.0,"q":0.0,"p":0.0,"mot":"L","mo":0.0}]},{"d":"13.06.2017","r":120.0,"q":1.48,"p":600.0,"s":[{"cn":"Ackermann Industries International","ui":"3187154","t":120.0,"r":120.0,"q":1.48,"p":600.0,"mot":"U","mo":120.0},{"cn":"","ui":"","t":0.0,"r":0.0,"q":0.0,"p":0.0,"mot":"L","mo":0.0}]},{"d":"14.06.2017","r":150.0,"q":1.6,"p":600.0,"s":[{"cn":"Ackermann Industries International","ui":"3187154","t":150.0,"r":150.0,"q":1.6,"p":600.0,"mot":"U","mo":150.0},{"cn":"","ui":"","t":0.0,"r":0.0,"q":0.0,"p":0.0,"mot":"L","mo":0.0}]},{"d":"15.06.2017","r":180.0,"q":1.69,"p":600.0,"s":[{"cn":"Ackermann Industries International","ui":"3187154","t":180.0,"r":180.0,"q":1.69,"p":600.0,"mot":"U","mo":180.0},{"cn":"","ui":"","t":0.0,"r":0.0,"q":0.0,"p":0.0,"mot":"L","mo":0.0}]},{"d":"16.06.2017","r":210.0,"q":1.75,"p":600.0,"s":[{"cn":"Ackermann Industries International","ui":"3187154","t":210.0,"r":210.0,"q":1.75,"p":600.0,"mot":"U","mo":210.0},{"cn":"","ui":"","t":0.0,"r":0.0,"q":0.0,"p":0.0,"mot":"L","mo":0.0}]},{"d":"17.06.2017","r":240.0,"q":1.8,"p":600.0,"s":[{"cn":"Ackermann Industries International","ui":"3187154","t":240.0,"r":240.0,"q":1.8,"p":600.0,"mot":"U","mo":240.0},{"cn":"","ui":"","t":0.0,"r":0.0,"q":0.0,"p":0.0,"mot":"L","mo":0.0}]},{"d":"18.06.2017","r":270.0,"q":1.83,"p":600.0,"s":[{"cn":"Ackermann Industries International","ui":"3187154","t":270.0,"r":270.0,"q":1.83,"p":600.0,"mot":"U","mo":270.0},{"cn":"","ui":"","t":0.0,"r":0.0,"q":0.0,"p":0.0,"mot":"L","mo":0.0}]},{"d":"19.06.2017","r":300.0,"q":1.86,"p":600.0,"s":[{"cn":"Ackermann Industries International","ui":"3187154","t":300.0,"r":300.0,"q":1.86,"p":600.0,"mot":"U","mo":300.0},{"cn":"","ui":"","t":0.0,"r":0.0,"q":0.0,"p":0.0,"mot":"L","mo":0.0}]},{"d":"20.06.2017","r":330.0,"q":1.89,"p":600.0,"s":[{"cn":"Ackermann Industries International","ui":"3187154","t":330.0,"r":330.0,"q":1.89,"p":600.0,"mot":"U","mo":330.0},{"cn":"","ui":"","t":0.0,"r":0.0,"q":0.0,"p":0.0,"mot":"L","mo":0.0}]},{"d":"21.06.2017","r":360.0,"q":1.9,"p":600.0,"s":[{"cn":"Ackermann Industries International","ui":"3187154","t":360.0,"r":360.0,"q":1.9,"p":600.0,"mot":"U","mo":360.0},{"cn":"","ui":"","t":0.0,"r":0.0,"q":0.0,"p":0.0,"mot":"L","mo":0.0}]},{"d":"22.06.2017","r":390.0,"q":1.92,"p":600.0,"s":[{"cn":"Ackermann Industries International","ui":"3187154","t":390.0,"r":390.0,"q":1.92,"p":600.0,"mot":"U","mo":390.0},{"cn":"","ui":"","t":0.0,"r":0.0,"q":0.0,"p":0.0,"mot":"L","mo":0.0}]},{"d":"23.06.2017","r":420.0,"q":1.94,"p":600.0,"s":[{"cn":"Ackermann Industries International","ui":"3187154","t":420.0,"r":420.0,"q":1.94,"p":600.0,"mot":"U","mo":420.0},{"cn":"","ui":"","t":0.0,"r":0.0,"q":0.0,"p":0.0,"mot":"L","mo":0.0}]},{"d":"26.03.2018","r":7900.0,"q":1.0,"p":209.0,"s":[{"cn":"Abstergo Industries","ui":"4088716","t":7900.0,"r":7900.0,"q":1.0,"p":209.0,"mot":"U","mo":7900.0},{"cn":"","ui":"","t":0.0,"r":0.0,"q":0.0,"p":0.0,"mot":"L","mo":0.0}]},{"d":"23.04.2018","r":2458.0,"q":1.0,"p":13200.0,"s":[{"cn":"Team 39 Ltd.","ui":"4110367","t":3958.0,"r":2458.0,"q":1.0,"p":13200.0,"mot":"U","mo":2458.0},{"cn":"","ui":"","t":0.0,"r":0.0,"q":0.0,"p":0.0,"mot":"L","mo":0.0}]},{"d":"24.04.2018","r":4916.0,"q":1.0,"p":13200.0,"s":[{"cn":"Team 39 Ltd.","ui":"4110367","t":6416.0,"r":4916.0,"q":1.0,"p":13200.0,"mot":"U","mo":4916.0},{"cn":"","ui":"","t":0.0,"r":0.0,"q":0.0,"p":0.0,"mot":"L","mo":0.0}]},{"d":"27.04.2018","r":460.0,"q":1.0,"p":13200.0,"s":[{"cn":"Team 39 Ltd.","ui":"4110367","t":1960.0,"r":460.0,"q":1.0,"p":13200.0,"mot":"U","mo":460.0},{"cn":"","ui":"","t":0.0,"r":0.0,"q":0.0,"p":0.0,"mot":"L","mo":0.0}]},{"d":"03.05.2018","r":2413.0,"q":1.0,"p":13200.0,"s":[{"cn":"Team 39 Ltd.","ui":"4110367","t":3913.0,"r":2413.0,"q":1.0,"p":13200.0,"mot":"U","mo":2413.0},{"cn":"","ui":"","t":0.0,"r":0.0,"q":0.0,"p":0.0,"mot":"L","mo":0.0}]},{"d":"04.05.2018","r":4826.0,"q":1.0,"p":13200.0,"s":[{"cn":"Team 39 Ltd.","ui":"4110367","t":6326.0,"r":4826.0,"q":1.0,"p":13200.0,"mot":"U","mo":4826.0},{"cn":"","ui":"","t":0.0,"r":0.0,"q":0.0,"p":0.0,"mot":"L","mo":0.0}]},{"d":"08.05.2018","r":11941.0,"q":1.0,"p":13200.0,"s":[{"cn":"Team 39 Ltd.","ui":"4110367","t":13441.0,"r":11941.0,"q":1.0,"p":13200.0,"mot":"U","mo":11941.0},{"cn":"","ui":"","t":0.0,"r":0.0,"q":0.0,"p":0.0,"mot":"L","mo":0.0}]},{"d":"22.05.2018","r":142.0,"q":14.67,"p":600.0,"s":[{"cn":"Ackermann Industries International","ui":"3187154","t":210.0,"r":142.0,"q":14.67,"p":600.0,"mot":"U","mo":142.0},{"cn":"","ui":"","t":0.0,"r":0.0,"q":0.0,"p":0.0,"mot":"L","mo":0.0}]},{"d":"23.05.2018","r":44.0,"q":14.67,"p":600.0,"s":[{"cn":"Ackermann Industries International","ui":"3187154","t":237.0,"r":44.0,"q":14.67,"p":600.0,"mot":"U","mo":44.0},{"cn":"","ui":"","t":0.0,"r":0.0,"q":0.0,"p":0.0,"mot":"L","mo":0.0}]},{"d":"08.06.2018","r":30.0,"q":4.17,"p":600.0,"s":[{"cn":"Team 24 Ltd.","ui":"4158888","t":200.0,"r":189.0,"q":4.17,"p":600.0,"mot":"L","mo":30.0},{"cn":"","ui":"","t":0.0,"r":0.0,"q":0.0,"p":0.0,"mot":"L","mo":0.0}]},{"d":"11.06.2018","r":30.0,"q":3.59,"p":600.0,"s":[{"cn":"Team 24 Ltd.","ui":"4158888","t":13305.0,"r":13173.0,"q":3.59,"p":600.0,"mot":"L","mo":30.0},{"cn":"","ui":"","t":0.0,"r":0.0,"q":0.0,"p":0.0,"mot":"L","mo":0.0}]},{"d":"12.06.2018","r":30.0,"q":3.4,"p":600.0,"s":[{"cn":"Team 24 Ltd.","ui":"4158888","t":17583.0,"r":17401.0,"q":3.4,"p":600.0,"mot":"L","mo":30.0},{"cn":"","ui":"","t":0.0,"r":0.0,"q":0.0,"p":0.0,"mot":"L","mo":0.0}]},{"d":"13.06.2018","r":30.0,"q":3.27,"p":600.0,"s":[{"cn":"Team 24 Ltd.","ui":"4158888","t":21811.0,"r":21629.0,"q":3.27,"p":600.0,"mot":"L","mo":30.0},{"cn":"","ui":"","t":0.0,"r":0.0,"q":0.0,"p":0.0,"mot":"L","mo":0.0}]},{"d":"14.06.2018","r":30.0,"q":3.16,"p":600.0,"s":[{"cn":"Team 24 Ltd.","ui":"4158888","t":25969.0,"r":25667.0,"q":3.16,"p":600.0,"mot":"L","mo":30.0},{"cn":"","ui":"","t":0.0,"r":0.0,"q":0.0,"p":0.0,"mot":"L","mo":0.0}]},{"d":"15.06.2018","r":30.0,"q":3.09,"p":600.0,"s":[{"cn":"Team 24 Ltd.","ui":"4158888","t":30107.0,"r":29855.0,"q":3.09,"p":600.0,"mot":"L","mo":30.0},{"cn":"","ui":"","t":0.0,"r":0.0,"q":0.0,"p":0.0,"mot":"L","mo":0.0}]},{"d":"18.06.2018","r":30.0,"q":2.94,"p":600.0,"s":[{"cn":"Team 24 Ltd.","ui":"4158888","t":42301.0,"r":41949.0,"q":2.94,"p":600.0,"mot":"L","mo":30.0},{"cn":"","ui":"","t":0.0,"r":0.0,"q":0.0,"p":0.0,"mot":"L","mo":0.0}]},{"d":"19.06.2018","r":30.0,"q":2.91,"p":600.0,"s":[{"cn":"Team 24 Ltd.","ui":"4158888","t":46314.0,"r":45947.0,"q":2.91,"p":600.0,"mot":"L","mo":30.0},{"cn":"","ui":"","t":0.0,"r":0.0,"q":0.0,"p":0.0,"mot":"L","mo":0.0}]},{"d":"20.06.2018","r":30.0,"q":2.91,"p":600.0,"s":[{"cn":"Team 24 Ltd.","ui":"4158888","t":46022.0,"r":45655.0,"q":2.91,"p":600.0,"mot":"L","mo":30.0},{"cn":"","ui":"","t":0.0,"r":0.0,"q":0.0,"p":0.0,"mot":"L","mo":0.0}]},{"d":"21.06.2018","r":30.0,"q":2.91,"p":600.0,"s":[{"cn":"Team 24 Ltd.","ui":"4158888","t":45595.0,"r":45188.0,"q":2.91,"p":600.0,"mot":"L","mo":30.0},{"cn":"","ui":"","t":0.0,"r":0.0,"q":0.0,"p":0.0,"mot":"L","mo":0.0}]},{"d":"22.06.2018","r":30.0,"q":2.91,"p":600.0,"s":[{"cn":"Team 24 Ltd.","ui":"4158888","t":45218.0,"r":44796.0,"q":2.91,"p":600.0,"mot":"L","mo":30.0},{"cn":"","ui":"","t":0.0,"r":0.0,"q":0.0,"p":0.0,"mot":"L","mo":0.0}]},{"d":"25.06.2018","r":30.0,"q":2.91,"p":600.0,"s":[{"cn":"Team 24 Ltd.","ui":"4158888","t":43957.0,"r":43550.0,"q":2.91,"p":600.0,"mot":"L","mo":30.0},{"cn":"","ui":"","t":0.0,"r":0.0,"q":0.0,"p":0.0,"mot":"L","mo":0.0}]},{"d":"26.06.2018","r":30.0,"q":2.91,"p":600.0,"s":[{"cn":"Team 24 Ltd.","ui":"4158888","t":43550.0,"r":43133.0,"q":2.91,"p":600.0,"mot":"L","mo":30.0},{"cn":"","ui":"","t":0.0,"r":0.0,"q":0.0,"p":0.0,"mot":"L","mo":0.0}]},{"d":"27.06.2018","r":30.0,"q":2.91,"p":600.0,"s":[{"cn":"Team 24 Ltd.","ui":"4158888","t":43133.0,"r":42716.0,"q":2.91,"p":600.0,"mot":"L","mo":30.0},{"cn":"","ui":"","t":0.0,"r":0.0,"q":0.0,"p":0.0,"mot":"L","mo":0.0}]},{"d":"28.06.2018","r":30.0,"q":2.91,"p":600.0,"s":[{"cn":"Team 24 Ltd.","ui":"4158888","t":42716.0,"r":42299.0,"q":2.91,"p":600.0,"mot":"L","mo":30.0},{"cn":"","ui":"","t":0.0,"r":0.0,"q":0.0,"p":0.0,"mot":"L","mo":0.0}]},{"d":"29.06.2018","r":30.0,"q":2.91,"p":600.0,"s":[{"cn":"Team 24 Ltd.","ui":"4158888","t":42359.0,"r":41942.0,"q":2.91,"p":600.0,"mot":"L","mo":30.0},{"cn":"","ui":"","t":0.0,"r":0.0,"q":0.0,"p":0.0,"mot":"L","mo":0.0}]},{"d":"02.07.2018","r":30.0,"q":2.91,"p":600.0,"s":[{"cn":"Team 24 Ltd.","ui":"4158888","t":41288.0,"r":40871.0,"q":2.91,"p":600.0,"mot":"L","mo":30.0},{"cn":"","ui":"","t":0.0,"r":0.0,"q":0.0,"p":0.0,"mot":"L","mo":0.0}]},{"d":"03.07.2018","r":30.0,"q":2.91,"p":600.0,"s":[{"cn":"Team 24 Ltd.","ui":"4158888","t":40931.0,"r":40514.0,"q":2.91,"p":600.0,"mot":"L","mo":30.0},{"cn":"","ui":"","t":0.0,"r":0.0,"q":0.0,"p":0.0,"mot":"L","mo":0.0}]},{"d":"04.07.2018","r":30.0,"q":2.91,"p":600.0,"s":[{"cn":"Team 24 Ltd.","ui":"4158888","t":40574.0,"r":40157.0,"q":2.91,"p":600.0,"mot":"L","mo":30.0},{"cn":"","ui":"","t":0.0,"r":0.0,"q":0.0,"p":0.0,"mot":"L","mo":0.0}]},{"d":"01.02.2019","r":2540.0,"q":18.65,"p":594.0,"s":[{"cn":"Ackermann Industries International","ui":"3187154","t":2590.0,"r":2540.0,"q":18.65,"p":594.0,"mot":"U","mo":2540.0},{"cn":"","ui":"","t":0.0,"r":0.0,"q":0.0,"p":0.0,"mot":"L","mo":0.0}]},{"d":"04.02.2019","r":2690.0,"q":18.66,"p":594.0,"s":[{"cn":"Ackermann Industries International","ui":"3187154","t":2740.0,"r":2690.0,"q":18.66,"p":594.0,"mot":"U","mo":2690.0},{"cn":"","ui":"","t":0.0,"r":0.0,"q":0.0,"p":0.0,"mot":"L","mo":0.0}]},{"d":"05.02.2019","r":2740.0,"q":18.66,"p":594.0,"s":[{"cn":"Ackermann Industries International","ui":"3187154","t":2790.0,"r":2740.0,"q":18.66,"p":594.0,"mot":"U","mo":2740.0},{"cn":"","ui":"","t":0.0,"r":0.0,"q":0.0,"p":0.0,"mot":"L","mo":0.0}]},{"d":"06.02.2019","r":2790.0,"q":18.66,"p":594.0,"s":[{"cn":"Ackermann Industries International","ui":"3187154","t":2840.0,"r":2790.0,"q":18.66,"p":594.0,"mot":"U","mo":2790.0},{"cn":"","ui":"","t":0.0,"r":0.0,"q":0.0,"p":0.0,"mot":"L","mo":0.0}]},{"d":"07.02.2019","r":2840.0,"q":18.67,"p":594.0,"s":[{"cn":"Ackermann Industries International","ui":"3187154","t":2890.0,"r":2840.0,"q":18.67,"p":594.0,"mot":"U","mo":2840.0},{"cn":"","ui":"","t":0.0,"r":0.0,"q":0.0,"p":0.0,"mot":"L","mo":0.0}]},{"d":"08.02.2019","r":2890.0,"q":18.67,"p":594.0,"s":[{"cn":"Ackermann Industries International","ui":"3187154","t":2940.0,"r":2890.0,"q":18.67,"p":594.0,"mot":"U","mo":2890.0},{"cn":"","ui":"","t":0.0,"r":0.0,"q":0.0,"p":0.0,"mot":"L","mo":0.0}]},{"d":"11.02.2019","r":3040.0,"q":18.68,"p":594.0,"s":[{"cn":"Ackermann Industries International","ui":"3187154","t":3090.0,"r":3040.0,"q":18.68,"p":594.0,"mot":"U","mo":3040.0},{"cn":"","ui":"","t":0.0,"r":0.0,"q":0.0,"p":0.0,"mot":"L","mo":0.0}]},{"d":"12.02.2019","r":3090.0,"q":18.68,"p":594.0,"s":[{"cn":"Ackermann Industries International","ui":"3187154","t":3140.0,"r":3090.0,"q":18.68,"p":594.0,"mot":"U","mo":3090.0},{"cn":"","ui":"","t":0.0,"r":0.0,"q":0.0,"p":0.0,"mot":"L","mo":0.0}]},{"d":"13.02.2019","r":3140.0,"q":18.69,"p":594.0,"s":[{"cn":"Ackermann Industries International","ui":"3187154","t":3190.0,"r":3140.0,"q":18.69,"p":594.0,"mot":"U","mo":3140.0},{"cn":"","ui":"","t":0.0,"r":0.0,"q":0.0,"p":0.0,"mot":"L","mo":0.0}]},{"d":"14.02.2019","r":3190.0,"q":18.69,"p":594.0,"s":[{"cn":"Ackermann Industries International","ui":"3187154","t":3240.0,"r":3190.0,"q":18.69,"p":594.0,"mot":"U","mo":3190.0},{"cn":"","ui":"","t":0.0,"r":0.0,"q":0.0,"p":0.0,"mot":"L","mo":0.0}]},{"d":"15.02.2019","r":3240.0,"q":18.69,"p":594.0,"s":[{"cn":"Ackermann Industries International","ui":"3187154","t":3290.0,"r":3240.0,"q":18.69,"p":594.0,"mot":"U","mo":3240.0},{"cn":"","ui":"","t":0.0,"r":0.0,"q":0.0,"p":0.0,"mot":"L","mo":0.0}]},{"d":"18.02.2019","r":3370.0,"q":18.7,"p":594.0,"s":[{"cn":"Ackermann Industries International","ui":"3187154","t":3430.0,"r":3370.0,"q":18.7,"p":594.0,"mot":"U","mo":3370.0},{"cn":"","ui":"","t":0.0,"r":0.0,"q":0.0,"p":0.0,"mot":"L","mo":0.0}]},{"d":"19.02.2019","r":3430.0,"q":18.7,"p":594.0,"s":[{"cn":"Ackermann Industries International","ui":"3187154","t":3480.0,"r":3430.0,"q":18.7,"p":594.0,"mot":"U","mo":3430.0},{"cn":"","ui":"","t":0.0,"r":0.0,"q":0.0,"p":0.0,"mot":"L","mo":0.0}]},{"d":"20.02.2019","r":3480.0,"q":18.71,"p":594.0,"s":[{"cn":"Ackermann Industries International","ui":"3187154","t":3530.0,"r":3480.0,"q":18.71,"p":594.0,"mot":"U","mo":3480.0},{"cn":"","ui":"","t":0.0,"r":0.0,"q":0.0,"p":0.0,"mot":"L","mo":0.0}]},{"d":"21.02.2019","r":3530.0,"q":18.71,"p":594.0,"s":[{"cn":"Ackermann Industries International","ui":"3187154","t":3580.0,"r":3530.0,"q":18.71,"p":594.0,"mot":"U","mo":3530.0},{"cn":"","ui":"","t":0.0,"r":0.0,"q":0.0,"p":0.0,"mot":"L","mo":0.0}]},{"d":"22.02.2019","r":3580.0,"q":18.71,"p":594.0,"s":[{"cn":"Ackermann Industries International","ui":"3187154","t":3630.0,"r":3580.0,"q":18.71,"p":594.0,"mot":"U","mo":3580.0},{"cn":"","ui":"","t":0.0,"r":0.0,"q":0.0,"p":0.0,"mot":"L","mo":0.0}]},{"d":"25.02.2019","r":3730.0,"q":18.73,"p":589.0,"s":[{"cn":"Ackermann Industries International","ui":"3187154","t":3780.0,"r":3730.0,"q":18.73,"p":589.0,"mot":"U","mo":3730.0},{"cn":"","ui":"","t":0.0,"r":0.0,"q":0.0,"p":0.0,"mot":"L","mo":0.0}]},{"d":"26.02.2019","r":3780.0,"q":18.73,"p":589.0,"s":[{"cn":"Ackermann Industries International","ui":"3187154","t":3830.0,"r":3780.0,"q":18.73,"p":589.0,"mot":"U","mo":3780.0},{"cn":"","ui":"","t":0.0,"r":0.0,"q":0.0,"p":0.0,"mot":"L","mo":0.0}]},{"d":"27.02.2019","r":3830.0,"q":18.75,"p":589.0,"s":[{"cn":"Ackermann Industries International","ui":"3187154","t":3880.0,"r":3830.0,"q":18.75,"p":589.0,"mot":"U","mo":3830.0},{"cn":"","ui":"","t":0.0,"r":0.0,"q":0.0,"p":0.0,"mot":"L","mo":0.0}]},{"d":"28.02.2019","r":3880.0,"q":18.76,"p":589.0,"s":[{"cn":"Ackermann Industries International","ui":"3187154","t":3930.0,"r":3880.0,"q":18.76,"p":589.0,"mot":"U","mo":3880.0},{"cn":"","ui":"","t":0.0,"r":0.0,"q":0.0,"p":0.0,"mot":"L","mo":0.0}]},{"d":"01.03.2019","r":3930.0,"q":18.78,"p":589.0,"s":[{"cn":"Ackermann Industries International","ui":"3187154","t":3980.0,"r":3930.0,"q":18.78,"p":589.0,"mot":"U","mo":3930.0},{"cn":"","ui":"","t":0.0,"r":0.0,"q":0.0,"p":0.0,"mot":"L","mo":0.0}]},{"d":"04.03.2019","r":4080.0,"q":18.84,"p":589.0,"s":[{"cn":"Ackermann Industries International","ui":"3187154","t":4130.0,"r":4080.0,"q":18.84,"p":589.0,"mot":"U","mo":4080.0},{"cn":"","ui":"","t":0.0,"r":0.0,"q":0.0,"p":0.0,"mot":"L","mo":0.0}]},{"d":"08.03.2019","r":4280.0,"q":18.93,"p":589.0,"s":[{"cn":"Ackermann Industries International","ui":"3187154","t":4330.0,"r":4280.0,"q":18.93,"p":589.0,"mot":"U","mo":4280.0},{"cn":"","ui":"","t":0.0,"r":0.0,"q":0.0,"p":0.0,"mot":"L","mo":0.0}]},{"d":"11.03.2019","r":3407.0,"q":19.0,"p":589.0,"s":[{"cn":"Ackermann Industries International","ui":"3187154","t":4477.0,"r":3407.0,"q":19.0,"p":589.0,"mot":"U","mo":3407.0},{"cn":"","ui":"","t":0.0,"r":0.0,"q":0.0,"p":0.0,"mot":"L","mo":0.0}]},{"d":"12.03.2019","r":2407.0,"q":19.03,"p":589.0,"s":[{"cn":"Ackermann Industries International","ui":"3187154","t":3507.0,"r":2407.0,"q":19.03,"p":589.0,"mot":"U","mo":2407.0},{"cn":"","ui":"","t":0.0,"r":0.0,"q":0.0,"p":0.0,"mot":"L","mo":0.0}]},{"d":"01.04.2019","r":100.0,"q":20.24,"p":589.0,"s":[{"cn":"Ackermann Industries International","ui":"3187154","t":150.0,"r":100.0,"q":20.24,"p":589.0,"mot":"U","mo":100.0},{"cn":"","ui":"","t":0.0,"r":0.0,"q":0.0,"p":0.0,"mot":"L","mo":0.0}]},{"d":"02.04.2019","r":150.0,"q":20.24,"p":589.0,"s":[{"cn":"Ackermann Industries International","ui":"3187154","t":200.0,"r":150.0,"q":20.24,"p":589.0,"mot":"U","mo":150.0},{"cn":"","ui":"","t":0.0,"r":0.0,"q":0.0,"p":0.0,"mot":"L","mo":0.0}]},{"d":"03.04.2019","r":200.0,"q":20.24,"p":589.0,"s":[{"cn":"Ackermann Industries International","ui":"3187154","t":250.0,"r":200.0,"q":20.24,"p":589.0,"mot":"U","mo":200.0},{"cn":"","ui":"","t":0.0,"r":0.0,"q":0.0,"p":0.0,"mot":"L","mo":0.0}]},{"d":"04.04.2019","r":250.0,"q":20.25,"p":589.0,"s":[{"cn":"Ackermann Industries International","ui":"3187154","t":300.0,"r":250.0,"q":20.25,"p":589.0,"mot":"U","mo":250.0},{"cn":"","ui":"","t":0.0,"r":0.0,"q":0.0,"p":0.0,"mot":"L","mo":0.0}]},{"d":"05.04.2019","r":236.0,"q":20.25,"p":589.0,"s":[{"cn":"Ackermann Industries International","ui":"3187154","t":350.0,"r":236.0,"q":20.25,"p":589.0,"mot":"U","mo":236.0},{"cn":"","ui":"","t":0.0,"r":0.0,"q":0.0,"p":0.0,"mot":"L","mo":0.0}]},{"d":"02.05.2019","r":90.0,"q":20.46,"p":589.0,"s":[{"cn":"Ackermann Industries International","ui":"3187154","t":150.0,"r":90.0,"q":20.46,"p":589.0,"mot":"U","mo":90.0},{"cn":"","ui":"","t":0.0,"r":0.0,"q":0.0,"p":0.0,"mot":"L","mo":0.0}]},{"d":"10.05.2019","r":150.0,"q":20.53,"p":589.0,"s":[{"cn":"Ackermann Industries International","ui":"3187154","t":200.0,"r":150.0,"q":20.53,"p":589.0,"mot":"U","mo":150.0},{"cn":"","ui":"","t":0.0,"r":0.0,"q":0.0,"p":0.0,"mot":"L","mo":0.0}]},{"d":"13.05.2019","r":300.0,"q":20.55,"p":589.0,"s":[{"cn":"Ackermann Industries International","ui":"3187154","t":350.0,"r":300.0,"q":20.55,"p":589.0,"mot":"U","mo":300.0},{"cn":"","ui":"","t":0.0,"r":0.0,"q":0.0,"p":0.0,"mot":"L","mo":0.0}]},{"d":"14.05.2019","r":350.0,"q":20.56,"p":589.0,"s":[{"cn":"Ackermann Industries International","ui":"3187154","t":400.0,"r":350.0,"q":20.56,"p":589.0,"mot":"U","mo":350.0},{"cn":"","ui":"","t":0.0,"r":0.0,"q":0.0,"p":0.0,"mot":"L","mo":0.0}]},{"d":"15.05.2019","r":400.0,"q":20.57,"p":589.0,"s":[{"cn":"Ackermann Industries International","ui":"3187154","t":450.0,"r":400.0,"q":20.57,"p":589.0,"mot":"U","mo":400.0},{"cn":"","ui":"","t":0.0,"r":0.0,"q":0.0,"p":0.0,"mot":"L","mo":0.0}]},{"d":"16.05.2019","r":450.0,"q":20.57,"p":589.0,"s":[{"cn":"Ackermann Industries International","ui":"3187154","t":500.0,"r":450.0,"q":20.57,"p":589.0,"mot":"U","mo":450.0},{"cn":"","ui":"","t":0.0,"r":0.0,"q":0.0,"p":0.0,"mot":"L","mo":0.0}]},{"d":"17.05.2019","r":500.0,"q":20.58,"p":589.0,"s":[{"cn":"Ackermann Industries International","ui":"3187154","t":550.0,"r":500.0,"q":20.58,"p":589.0,"mot":"U","mo":500.0},{"cn":"","ui":"","t":0.0,"r":0.0,"q":0.0,"p":0.0,"mot":"L","mo":0.0}]},{"d":"20.05.2019","r":460.0,"q":20.6,"p":589.0,"s":[{"cn":"Ackermann Industries International","ui":"3187154","t":655.0,"r":460.0,"q":20.6,"p":589.0,"mot":"U","mo":460.0},{"cn":"","ui":"","t":0.0,"r":0.0,"q":0.0,"p":0.0,"mot":"L","mo":0.0}]},{"d":"11.06.2019","r":100.0,"q":20.76,"p":589.0,"s":[{"cn":"Ackermann Industries International","ui":"3187154","t":150.0,"r":100.0,"q":20.76,"p":589.0,"mot":"U","mo":100.0},{"cn":"","ui":"","t":0.0,"r":0.0,"q":0.0,"p":0.0,"mot":"L","mo":0.0}]},{"d":"12.06.2019","r":150.0,"q":20.76,"p":589.0,"s":[{"cn":"Ackermann Industries International","ui":"3187154","t":200.0,"r":150.0,"q":20.76,"p":589.0,"mot":"U","mo":150.0},{"cn":"","ui":"","t":0.0,"r":0.0,"q":0.0,"p":0.0,"mot":"L","mo":0.0}]},{"d":"13.06.2019","r":200.0,"q":20.76,"p":584.0,"s":[{"cn":"Ackermann Industries International","ui":"3187154","t":250.0,"r":200.0,"q":20.76,"p":584.0,"mot":"U","mo":200.0},{"cn":"","ui":"","t":0.0,"r":0.0,"q":0.0,"p":0.0,"mot":"L","mo":0.0}]},{"d":"14.06.2019","r":240.0,"q":20.76,"p":584.0,"s":[{"cn":"Ackermann Industries International","ui":"3187154","t":290.0,"r":240.0,"q":20.76,"p":584.0,"mot":"U","mo":240.0},{"cn":"","ui":"","t":0.0,"r":0.0,"q":0.0,"p":0.0,"mot":"L","mo":0.0}]},{"d":"17.06.2019","r":376.0,"q":20.79,"p":584.0,"s":[{"cn":"Ackermann Industries International","ui":"3187154","t":426.0,"r":376.0,"q":20.79,"p":584.0,"mot":"U","mo":376.0},{"cn":"","ui":"","t":0.0,"r":0.0,"q":0.0,"p":0.0,"mot":"L","mo":0.0}]},{"d":"18.06.2019","r":426.0,"q":20.81,"p":584.0,"s":[{"cn":"Ackermann Industries International","ui":"3187154","t":476.0,"r":426.0,"q":20.81,"p":584.0,"mot":"U","mo":426.0},{"cn":"","ui":"","t":0.0,"r":0.0,"q":0.0,"p":0.0,"mot":"L","mo":0.0}]},{"d":"19.06.2019","r":476.0,"q":20.83,"p":584.0,"s":[{"cn":"Ackermann Industries International","ui":"3187154","t":526.0,"r":476.0,"q":20.83,"p":584.0,"mot":"U","mo":476.0},{"cn":"","ui":"","t":0.0,"r":0.0,"q":0.0,"p":0.0,"mot":"L","mo":0.0}]},{"d":"20.06.2019","r":526.0,"q":20.85,"p":584.0,"s":[{"cn":"Ackermann Industries International","ui":"3187154","t":576.0,"r":526.0,"q":20.85,"p":584.0,"mot":"U","mo":526.0},{"cn":"","ui":"","t":0.0,"r":0.0,"q":0.0,"p":0.0,"mot":"L","mo":0.0}]},{"d":"21.06.2019","r":576.0,"q":20.86,"p":584.0,"s":[{"cn":"Ackermann Industries International","ui":"3187154","t":626.0,"r":576.0,"q":20.86,"p":584.0,"mot":"U","mo":576.0},{"cn":"","ui":"","t":0.0,"r":0.0,"q":0.0,"p":0.0,"mot":"L","mo":0.0}]},{"d":"24.06.2019","r":726.0,"q":20.9,"p":584.0,"s":[{"cn":"Ackermann Industries International","ui":"3187154","t":776.0,"r":726.0,"q":20.9,"p":584.0,"mot":"U","mo":726.0},{"cn":"","ui":"","t":0.0,"r":0.0,"q":0.0,"p":0.0,"mot":"L","mo":0.0}]},{"d":"26.06.2019","r":826.0,"q":20.92,"p":584.0,"s":[{"cn":"Ackermann Industries International","ui":"3187154","t":876.0,"r":826.0,"q":20.92,"p":584.0,"mot":"U","mo":826.0},{"cn":"","ui":"","t":0.0,"r":0.0,"q":0.0,"p":0.0,"mot":"L","mo":0.0}]},{"d":"27.06.2019","r":876.0,"q":20.93,"p":584.0,"s":[{"cn":"Ackermann Industries International","ui":"3187154","t":926.0,"r":876.0,"q":20.93,"p":584.0,"mot":"U","mo":876.0},{"cn":"","ui":"","t":0.0,"r":0.0,"q":0.0,"p":0.0,"mot":"L","mo":0.0}]},{"d":"28.06.2019","r":926.0,"q":20.94,"p":584.0,"s":[{"cn":"Ackermann Industries International","ui":"3187154","t":976.0,"r":926.0,"q":20.94,"p":584.0,"mot":"U","mo":926.0},{"cn":"","ui":"","t":0.0,"r":0.0,"q":0.0,"p":0.0,"mot":"L","mo":0.0}]},{"d":"01.07.2019","r":1076.0,"q":20.96,"p":584.0,"s":[{"cn":"Ackermann Industries International","ui":"3187154","t":1126.0,"r":1076.0,"q":20.96,"p":584.0,"mot":"U","mo":1076.0},{"cn":"","ui":"","t":0.0,"r":0.0,"q":0.0,"p":0.0,"mot":"L","mo":0.0}]},{"d":"02.07.2019","r":1126.0,"q":20.96,"p":584.0,"s":[{"cn":"Ackermann Industries International","ui":"3187154","t":1176.0,"r":1126.0,"q":20.96,"p":584.0,"mot":"U","mo":1126.0},{"cn":"","ui":"","t":0.0,"r":0.0,"q":0.0,"p":0.0,"mot":"L","mo":0.0}]},{"d":"03.07.2019","r":1176.0,"q":20.97,"p":584.0,"s":[{"cn":"Ackermann Industries International","ui":"3187154","t":1226.0,"r":1176.0,"q":20.97,"p":584.0,"mot":"U","mo":1176.0},{"cn":"","ui":"","t":0.0,"r":0.0,"q":0.0,"p":0.0,"mot":"L","mo":0.0}]},{"d":"04.07.2019","r":1176.0,"q":20.97,"p":584.0,"s":[{"cn":"Ackermann Industries International","ui":"3187154","t":1251.0,"r":1176.0,"q":20.97,"p":584.0,"mot":"U","mo":1176.0},{"cn":"","ui":"","t":0.0,"r":0.0,"q":0.0,"p":0.0,"mot":"L","mo":0.0}]},{"d":"05.07.2019","r":1201.0,"q":20.98,"p":584.0,"s":[{"cn":"Ackermann Industries International","ui":"3187154","t":1276.0,"r":1201.0,"q":20.98,"p":584.0,"mot":"U","mo":1201.0},{"cn":"","ui":"","t":0.0,"r":0.0,"q":0.0,"p":0.0,"mot":"L","mo":0.0}]},{"d":"08.07.2019","r":1351.0,"q":20.99,"p":584.0,"s":[{"cn":"Ackermann Industries International","ui":"3187154","t":1401.0,"r":1351.0,"q":20.99,"p":584.0,"mot":"U","mo":1351.0},{"cn":"","ui":"","t":0.0,"r":0.0,"q":0.0,"p":0.0,"mot":"L","mo":0.0}]},{"d":"09.07.2019","r":1401.0,"q":20.99,"p":584.0,"s":[{"cn":"Ackermann Industries International","ui":"3187154","t":1451.0,"r":1401.0,"q":20.99,"p":584.0,"mot":"U","mo":1401.0},{"cn":"","ui":"","t":0.0,"r":0.0,"q":0.0,"p":0.0,"mot":"L","mo":0.0}]},{"d":"10.07.2019","r":1451.0,"q":21.0,"p":584.0,"s":[{"cn":"Ackermann Industries International","ui":"3187154","t":1501.0,"r":1451.0,"q":21.0,"p":584.0,"mot":"U","mo":1451.0},{"cn":"","ui":"","t":0.0,"r":0.0,"q":0.0,"p":0.0,"mot":"L","mo":0.0}]},{"d":"11.07.2019","r":1501.0,"q":21.0,"p":584.0,"s":[{"cn":"Ackermann Industries International","ui":"3187154","t":1551.0,"r":1501.0,"q":21.0,"p":584.0,"mot":"U","mo":1501.0},{"cn":"","ui":"","t":0.0,"r":0.0,"q":0.0,"p":0.0,"mot":"L","mo":0.0}]},{"d":"12.07.2019","r":1551.0,"q":21.0,"p":584.0,"s":[{"cn":"Ackermann Industries International","ui":"3187154","t":1601.0,"r":1551.0,"q":21.0,"p":584.0,"mot":"U","mo":1551.0},{"cn":"","ui":"","t":0.0,"r":0.0,"q":0.0,"p":0.0,"mot":"L","mo":0.0}]},{"d":"15.07.2019","r":1701.0,"q":20.99,"p":584.0,"s":[{"cn":"Ackermann Industries International","ui":"3187154","t":1751.0,"r":1701.0,"q":20.99,"p":584.0,"mot":"U","mo":1701.0},{"cn":"","ui":"","t":0.0,"r":0.0,"q":0.0,"p":0.0,"mot":"L","mo":0.0}]},{"d":"16.07.2019","r":1751.0,"q":20.99,"p":584.0,"s":[{"cn":"Ackermann Industries International","ui":"3187154","t":1801.0,"r":1751.0,"q":20.99,"p":584.0,"mot":"U","mo":1751.0},{"cn":"","ui":"","t":0.0,"r":0.0,"q":0.0,"p":0.0,"mot":"L","mo":0.0}]},{"d":"17.07.2019","r":1801.0,"q":20.99,"p":584.0,"s":[{"cn":"Ackermann Industries International","ui":"3187154","t":1851.0,"r":1801.0,"q":20.99,"p":584.0,"mot":"U","mo":1801.0},{"cn":"","ui":"","t":0.0,"r":0.0,"q":0.0,"p":0.0,"mot":"L","mo":0.0}]},{"d":"19.07.2019","r":1901.0,"q":21.0,"p":584.0,"s":[{"cn":"Ackermann Industries International","ui":"3187154","t":1951.0,"r":1901.0,"q":21.0,"p":584.0,"mot":"U","mo":1901.0},{"cn":"","ui":"","t":0.0,"r":0.0,"q":0.0,"p":0.0,"mot":"L","mo":0.0}]},{"d":"22.07.2019","r":2051.0,"q":21.01,"p":584.0,"s":[{"cn":"Ackermann Industries International","ui":"3187154","t":2101.0,"r":2051.0,"q":21.01,"p":584.0,"mot":"U","mo":2051.0},{"cn":"","ui":"","t":0.0,"r":0.0,"q":0.0,"p":0.0,"mot":"L","mo":0.0}]},{"d":"24.07.2019","r":2101.0,"q":21.02,"p":584.0,"s":[{"cn":"Ackermann Industries International","ui":"3187154","t":2151.0,"r":2101.0,"q":21.02,"p":584.0,"mot":"U","mo":2101.0},{"cn":"","ui":"","t":0.0,"r":0.0,"q":0.0,"p":0.0,"mot":"L","mo":0.0}]},{"d":"25.07.2019","r":2201.0,"q":21.03,"p":584.0,"s":[{"cn":"Ackermann Industries International","ui":"3187154","t":2251.0,"r":2201.0,"q":21.03,"p":584.0,"mot":"U","mo":2201.0},{"cn":"","ui":"","t":0.0,"r":0.0,"q":0.0,"p":0.0,"mot":"L","mo":0.0}]},{"d":"26.07.2019","r":2251.0,"q":21.03,"p":584.0,"s":[{"cn":"Ackermann Industries International","ui":"3187154","t":2301.0,"r":2251.0,"q":21.03,"p":584.0,"mot":"U","mo":2251.0},{"cn":"","ui":"","t":0.0,"r":0.0,"q":0.0,"p":0.0,"mot":"L","mo":0.0}]},{"d":"29.07.2019","r":2401.0,"q":21.04,"p":579.0,"s":[{"cn":"Ackermann Industries International","ui":"3187154","t":2451.0,"r":2401.0,"q":21.04,"p":579.0,"mot":"U","mo":2401.0},{"cn":"","ui":"","t":0.0,"r":0.0,"q":0.0,"p":0.0,"mot":"L","mo":0.0}]},{"d":"30.07.2019","r":2451.0,"q":21.04,"p":579.0,"s":[{"cn":"Ackermann Industries International","ui":"3187154","t":2501.0,"r":2451.0,"q":21.04,"p":579.0,"mot":"U","mo":2451.0},{"cn":"","ui":"","t":0.0,"r":0.0,"q":0.0,"p":0.0,"mot":"L","mo":0.0}]},{"d":"31.07.2019","r":2501.0,"q":21.05,"p":579.0,"s":[{"cn":"Ackermann Industries International","ui":"3187154","t":2551.0,"r":2501.0,"q":21.05,"p":579.0,"mot":"U","mo":2501.0},{"cn":"","ui":"","t":0.0,"r":0.0,"q":0.0,"p":0.0,"mot":"L","mo":0.0}]},{"d":"01.08.2019","r":2551.0,"q":21.05,"p":579.0,"s":[{"cn":"Ackermann Industries International","ui":"3187154","t":2601.0,"r":2551.0,"q":21.05,"p":579.0,"mot":"U","mo":2551.0},{"cn":"","ui":"","t":0.0,"r":0.0,"q":0.0,"p":0.0,"mot":"L","mo":0.0}]},{"d":"02.08.2019","r":2601.0,"q":21.05,"p":579.0,"s":[{"cn":"Ackermann Industries International","ui":"3187154","t":2651.0,"r":2601.0,"q":21.05,"p":579.0,"mot":"U","mo":2601.0},{"cn":"","ui":"","t":0.0,"r":0.0,"q":0.0,"p":0.0,"mot":"L","mo":0.0}]},{"d":"05.08.2019","r":2751.0,"q":21.06,"p":579.0,"s":[{"cn":"Ackermann Industries International","ui":"3187154","t":2801.0,"r":2751.0,"q":21.06,"p":579.0,"mot":"U","mo":2751.0},{"cn":"","ui":"","t":0.0,"r":0.0,"q":0.0,"p":0.0,"mot":"L","mo":0.0}]},{"d":"06.08.2019","r":2801.0,"q":21.06,"p":579.0,"s":[{"cn":"Ackermann Industries International","ui":"3187154","t":2851.0,"r":2801.0,"q":21.06,"p":579.0,"mot":"U","mo":2801.0},{"cn":"","ui":"","t":0.0,"r":0.0,"q":0.0,"p":0.0,"mot":"L","mo":0.0}]},{"d":"07.08.2019","r":2851.0,"q":21.07,"p":579.0,"s":[{"cn":"Ackermann Industries International","ui":"3187154","t":2901.0,"r":2851.0,"q":21.07,"p":579.0,"mot":"U","mo":2851.0},{"cn":"","ui":"","t":0.0,"r":0.0,"q":0.0,"p":0.0,"mot":"L","mo":0.0}]},{"d":"08.08.2019","r":2901.0,"q":21.07,"p":579.0,"s":[{"cn":"Ackermann Industries International","ui":"3187154","t":2951.0,"r":2901.0,"q":21.07,"p":579.0,"mot":"U","mo":2901.0},{"cn":"","ui":"","t":0.0,"r":0.0,"q":0.0,"p":0.0,"mot":"L","mo":0.0}]},{"d":"09.08.2019","r":2951.0,"q":21.07,"p":579.0,"s":[{"cn":"Ackermann Industries International","ui":"3187154","t":3001.0,"r":2951.0,"q":21.07,"p":579.0,"mot":"U","mo":2951.0},{"cn":"","ui":"","t":0.0,"r":0.0,"q":0.0,"p":0.0,"mot":"L","mo":0.0}]},{"d":"12.08.2019","r":3101.0,"q":21.08,"p":579.0,"s":[{"cn":"Ackermann Industries International","ui":"3187154","t":3151.0,"r":3101.0,"q":21.08,"p":579.0,"mot":"U","mo":3101.0},{"cn":"","ui":"","t":0.0,"r":0.0,"q":0.0,"p":0.0,"mot":"L","mo":0.0}]},{"d":"13.08.2019","r":3151.0,"q":21.09,"p":579.0,"s":[{"cn":"Ackermann Industries International","ui":"3187154","t":3201.0,"r":3151.0,"q":21.09,"p":579.0,"mot":"U","mo":3151.0},{"cn":"","ui":"","t":0.0,"r":0.0,"q":0.0,"p":0.0,"mot":"L","mo":0.0}]},{"d":"14.08.2019","r":3201.0,"q":21.09,"p":579.0,"s":[{"cn":"Ackermann Industries International","ui":"3187154","t":3251.0,"r":3201.0,"q":21.09,"p":579.0,"mot":"U","mo":3201.0},{"cn":"","ui":"","t":0.0,"r":0.0,"q":0.0,"p":0.0,"mot":"L","mo":0.0}]},{"d":"19.08.2019","r":3451.0,"q":21.11,"p":579.0,"s":[{"cn":"Ackermann Industries International","ui":"3187154","t":3501.0,"r":3451.0,"q":21.11,"p":579.0,"mot":"U","mo":3451.0},{"cn":"","ui":"","t":0.0,"r":0.0,"q":0.0,"p":0.0,"mot":"L","mo":0.0}]},{"d":"20.08.2019","r":3501.0,"q":21.12,"p":579.0,"s":[{"cn":"Ackermann Industries International","ui":"3187154","t":3551.0,"r":3501.0,"q":21.12,"p":579.0,"mot":"U","mo":3501.0},{"cn":"","ui":"","t":0.0,"r":0.0,"q":0.0,"p":0.0,"mot":"L","mo":0.0}]},{"d":"21.08.2019","r":3551.0,"q":21.13,"p":579.0,"s":[{"cn":"Ackermann Industries International","ui":"3187154","t":3601.0,"r":3551.0,"q":21.13,"p":579.0,"mot":"U","mo":3551.0},{"cn":"","ui":"","t":0.0,"r":0.0,"q":0.0,"p":0.0,"mot":"L","mo":0.0}]},{"d":"22.08.2019","r":3601.0,"q":21.15,"p":579.0,"s":[{"cn":"Ackermann Industries International","ui":"3187154","t":3651.0,"r":3601.0,"q":21.15,"p":579.0,"mot":"U","mo":3601.0},{"cn":"","ui":"","t":0.0,"r":0.0,"q":0.0,"p":0.0,"mot":"L","mo":0.0}]},{"d":"23.08.2019","r":3656.0,"q":21.16,"p":578.82,"s":[{"cn":"Ackermann Industries International","ui":"3187154","t":3701.0,"r":3651.0,"q":21.17,"p":579.0,"mot":"U","mo":3651.0},{"cn":"","ui":"","t":5.0,"r":5.0,"q":13.73,"p":450.0,"mot":"L","mo":5.0}]},{"d":"26.08.2019","r":3809.0,"q":21.22,"p":578.73,"s":[{"cn":"Ackermann Industries International","ui":"3187154","t":3851.0,"r":3801.0,"q":21.24,"p":579.0,"mot":"U","mo":3801.0},{"cn":"","ui":"","t":8.0,"r":8.0,"q":13.73,"p":450.0,"mot":"L","mo":8.0}]},{"d":"27.08.2019","r":3860.0,"q":21.24,"p":578.7,"s":[{"cn":"Ackermann Industries International","ui":"3187154","t":3901.0,"r":3851.0,"q":21.26,"p":579.0,"mot":"U","mo":3851.0},{"cn":"","ui":"","t":9.0,"r":9.0,"q":13.73,"p":450.0,"mot":"L","mo":9.0}]},{"d":"28.08.2019","r":3911.0,"q":21.27,"p":578.67,"s":[{"cn":"Ackermann Industries International","ui":"3187154","t":3951.0,"r":3901.0,"q":21.29,"p":579.0,"mot":"U","mo":3901.0},{"cn":"","ui":"","t":10.0,"r":10.0,"q":13.73,"p":450.0,"mot":"L","mo":10.0}]},{"d":"29.08.2019","r":3962.0,"q":21.3,"p":578.64,"s":[{"cn":"Ackermann Industries International","ui":"3187154","t":4001.0,"r":3951.0,"q":21.32,"p":579.0,"mot":"U","mo":3951.0},{"cn":"","ui":"","t":11.0,"r":11.0,"q":13.73,"p":450.0,"mot":"L","mo":11.0}]},{"d":"30.08.2019","r":4013.0,"q":21.32,"p":578.61,"s":[{"cn":"Ackermann Industries International","ui":"3187154","t":4051.0,"r":4001.0,"q":21.34,"p":579.0,"mot":"U","mo":4001.0},{"cn":"","ui":"","t":12.0,"r":12.0,"q":13.73,"p":450.0,"mot":"L","mo":12.0}]},{"d":"02.09.2019","r":4151.0,"q":21.42,"p":579.0,"s":[{"cn":"Ackermann Industries International","ui":"3187154","t":4201.0,"r":4151.0,"q":21.42,"p":579.0,"mot":"U","mo":4151.0},{"cn":"","ui":"","t":0.0,"r":0.0,"q":0.0,"p":0.0,"mot":"L","mo":0.0}]},{"d":"03.09.2019","r":4217.0,"q":21.41,"p":578.51,"s":[{"cn":"Ackermann Industries International","ui":"3187154","t":4251.0,"r":4201.0,"q":21.44,"p":579.0,"mot":"U","mo":4201.0},{"cn":"","ui":"","t":16.0,"r":16.0,"q":13.74,"p":450.0,"mot":"L","mo":16.0}]},{"d":"04.09.2019","r":4268.0,"q":21.44,"p":578.49,"s":[{"cn":"Ackermann Industries International","ui":"3187154","t":4301.0,"r":4251.0,"q":21.47,"p":579.0,"mot":"U","mo":4251.0},{"cn":"","ui":"","t":17.0,"r":17.0,"q":13.74,"p":450.0,"mot":"L","mo":17.0}]},{"d":"05.09.2019","r":4319.0,"q":21.46,"p":578.46,"s":[{"cn":"Ackermann Industries International","ui":"3187154","t":4351.0,"r":4301.0,"q":21.49,"p":579.0,"mot":"U","mo":4301.0},{"cn":"","ui":"","t":18.0,"r":18.0,"q":13.74,"p":450.0,"mot":"L","mo":18.0}]},{"d":"06.09.2019","r":4351.0,"q":21.51,"p":579.0,"s":[{"cn":"Ackermann Industries International","ui":"3187154","t":4401.0,"r":4351.0,"q":21.51,"p":579.0,"mot":"U","mo":4351.0},{"cn":"","ui":"","t":0.0,"r":0.0,"q":0.0,"p":0.0,"mot":"L","mo":0.0}]},{"d":"09.09.2019","r":4501.0,"q":21.58,"p":579.0,"s":[{"cn":"Ackermann Industries International","ui":"3187154","t":4551.0,"r":4501.0,"q":21.58,"p":579.0,"mot":"U","mo":4501.0},{"cn":"","ui":"","t":0.0,"r":0.0,"q":0.0,"p":0.0,"mot":"L","mo":0.0}]},{"d":"10.09.2019","r":4551.0,"q":21.6,"p":579.0,"s":[{"cn":"Ackermann Industries International","ui":"3187154","t":4601.0,"r":4551.0,"q":21.6,"p":579.0,"mot":"U","mo":4551.0},{"cn":"","ui":"","t":0.0,"r":0.0,"q":0.0,"p":0.0,"mot":"L","mo":0.0}]},{"d":"11.09.2019","r":4625.0,"q":21.58,"p":578.33,"s":[{"cn":"Ackermann Industries International","ui":"3187154","t":4651.0,"r":4601.0,"q":21.62,"p":579.0,"mot":"U","mo":4601.0},{"cn":"","ui":"","t":24.0,"r":24.0,"q":13.74,"p":450.0,"mot":"L","mo":24.0}]},{"d":"12.09.2019","r":4676.0,"q":21.6,"p":578.31,"s":[{"cn":"Ackermann Industries International","ui":"3187154","t":4701.0,"r":4651.0,"q":21.64,"p":579.0,"mot":"U","mo":4651.0},{"cn":"","ui":"","t":25.0,"r":25.0,"q":13.74,"p":450.0,"mot":"L","mo":25.0}]},{"d":"13.09.2019","r":4701.0,"q":21.66,"p":579.0,"s":[{"cn":"Ackermann Industries International","ui":"3187154","t":4751.0,"r":4701.0,"q":21.66,"p":579.0,"mot":"U","mo":4701.0},{"cn":"","ui":"","t":0.0,"r":0.0,"q":0.0,"p":0.0,"mot":"L","mo":0.0}]},{"d":"16.09.2019","r":4870.0,"q":21.69,"p":578.5,"s":[{"cn":"Ackermann Industries International","ui":"3187154","t":4901.0,"r":4851.0,"q":21.72,"p":579.0,"mot":"U","mo":4851.0},{"cn":"","ui":"","t":19.0,"r":19.0,"q":13.74,"p":450.0,"mot":"L","mo":19.0}]},{"d":"17.09.2019","r":4921.0,"q":21.7,"p":578.48,"s":[{"cn":"Ackermann Industries International","ui":"3187154","t":4951.0,"r":4901.0,"q":21.73,"p":579.0,"mot":"U","mo":4901.0},{"cn":"","ui":"","t":20.0,"r":20.0,"q":13.74,"p":450.0,"mot":"L","mo":20.0}]},{"d":"18.09.2019","r":4972.0,"q":21.72,"p":578.46,"s":[{"cn":"Ackermann Industries International","ui":"3187154","t":5001.0,"r":4951.0,"q":21.75,"p":579.0,"mot":"U","mo":4951.0},{"cn":"","ui":"","t":21.0,"r":21.0,"q":13.74,"p":450.0,"mot":"L","mo":21.0}]},{"d":"19.09.2019","r":5023.0,"q":21.73,"p":578.43,"s":[{"cn":"Ackermann Industries International","ui":"3187154","t":5051.0,"r":5001.0,"q":21.77,"p":579.0,"mot":"U","mo":5001.0},{"cn":"","ui":"","t":22.0,"r":22.0,"q":13.74,"p":450.0,"mot":"L","mo":22.0}]},{"d":"20.09.2019","r":5074.0,"q":21.75,"p":578.42,"s":[{"cn":"Ackermann Industries International","ui":"3187154","t":5101.0,"r":5051.0,"q":21.79,"p":579.0,"mot":"U","mo":5051.0},{"cn":"","ui":"","t":23.0,"r":23.0,"q":13.74,"p":450.0,"mot":"L","mo":23.0}]},{"d":"23.09.2019","r":5227.0,"q":21.8,"p":573.38,"s":[{"cn":"Ackermann Industries International","ui":"3187154","t":5251.0,"r":5201.0,"q":21.84,"p":574.0,"mot":"U","mo":5201.0},{"cn":"","ui":"","t":26.0,"r":26.0,"q":13.74,"p":450.0,"mot":"L","mo":26.0}]},{"d":"24.09.2019","r":5278.0,"q":21.82,"p":573.37,"s":[{"cn":"Ackermann Industries International","ui":"3187154","t":5301.0,"r":5251.0,"q":21.86,"p":574.0,"mot":"U","mo":5251.0},{"cn":"","ui":"","t":27.0,"r":27.0,"q":13.74,"p":450.0,"mot":"L","mo":27.0}]},{"d":"25.09.2019","r":5329.0,"q":21.83,"p":573.35,"s":[{"cn":"Ackermann Industries International","ui":"3187154","t":5351.0,"r":5301.0,"q":21.87,"p":574.0,"mot":"U","mo":5301.0},{"cn":"","ui":"","t":28.0,"r":28.0,"q":13.74,"p":450.0,"mot":"L","mo":28.0}]},{"d":"26.09.2019","r":5380.0,"q":21.85,"p":573.33,"s":[{"cn":"Ackermann Industries International","ui":"3187154","t":5401.0,"r":5351.0,"q":21.89,"p":574.0,"mot":"U","mo":5351.0},{"cn":"","ui":"","t":29.0,"r":29.0,"q":13.74,"p":450.0,"mot":"L","mo":29.0}]},{"d":"27.09.2019","r":5431.0,"q":21.86,"p":573.32,"s":[{"cn":"Ackermann Industries International","ui":"3187154","t":5451.0,"r":5401.0,"q":21.91,"p":574.0,"mot":"U","mo":5401.0},{"cn":"","ui":"","t":30.0,"r":30.0,"q":13.74,"p":450.0,"mot":"L","mo":30.0}]},{"d":"30.09.2019","r":5684.0,"q":21.92,"p":573.28,"s":[{"cn":"Ackermann Industries International","ui":"3187154","t":5701.0,"r":5651.0,"q":21.97,"p":574.0,"mot":"U","mo":5651.0},{"cn":"","ui":"","t":33.0,"r":33.0,"q":13.74,"p":450.0,"mot":"L","mo":33.0}]},{"d":"01.10.2019","r":5785.0,"q":21.94,"p":573.27,"s":[{"cn":"Ackermann Industries International","ui":"3187154","t":5801.0,"r":5751.0,"q":21.99,"p":574.0,"mot":"U","mo":5751.0},{"cn":"","ui":"","t":34.0,"r":34.0,"q":13.74,"p":450.0,"mot":"L","mo":34.0}]},{"d":"02.10.2019","r":5886.0,"q":21.96,"p":573.26,"s":[{"cn":"Ackermann Industries International","ui":"3187154","t":5901.0,"r":5851.0,"q":22.01,"p":574.0,"mot":"U","mo":5851.0},{"cn":"","ui":"","t":35.0,"r":35.0,"q":13.74,"p":450.0,"mot":"L","mo":35.0}]},{"d":"03.10.2019","r":5987.0,"q":21.98,"p":573.25,"s":[{"cn":"Ackermann Industries International","ui":"3187154","t":6001.0,"r":5951.0,"q":22.03,"p":574.0,"mot":"U","mo":5951.0},{"cn":"","ui":"","t":36.0,"r":36.0,"q":13.74,"p":450.0,"mot":"L","mo":36.0}]},{"d":"04.10.2019","r":6088.0,"q":22.0,"p":573.25,"s":[{"cn":"Ackermann Industries International","ui":"3187154","t":6101.0,"r":6051.0,"q":22.05,"p":574.0,"mot":"U","mo":6051.0},{"cn":"","ui":"","t":37.0,"r":37.0,"q":13.74,"p":450.0,"mot":"L","mo":37.0}]},{"d":"07.10.2019","r":6391.0,"q":22.05,"p":573.22,"s":[{"cn":"Ackermann Industries International","ui":"3187154","t":6401.0,"r":6351.0,"q":22.1,"p":574.0,"mot":"U","mo":6351.0},{"cn":"","ui":"","t":40.0,"r":40.0,"q":13.74,"p":450.0,"mot":"L","mo":40.0}]},{"d":"08.10.2019","r":6492.0,"q":22.06,"p":573.22,"s":[{"cn":"Ackermann Industries International","ui":"3187154","t":6501.0,"r":6451.0,"q":22.11,"p":574.0,"mot":"U","mo":6451.0},{"cn":"","ui":"","t":41.0,"r":41.0,"q":13.74,"p":450.0,"mot":"L","mo":41.0}]},{"d":"09.10.2019","r":6588.0,"q":22.08,"p":573.3,"s":[{"cn":"Ackermann Industries International","ui":"3187154","t":6601.0,"r":6551.0,"q":22.13,"p":574.0,"mot":"U","mo":6551.0},{"cn":"","ui":"","t":42.0,"r":37.0,"q":13.74,"p":450.0,"mot":"L","mo":37.0}]},{"d":"10.10.2019","r":6463.0,"q":22.13,"p":573.92,"s":[{"cn":"Ackermann Industries International","ui":"3187154","t":6701.0,"r":6459.0,"q":22.14,"p":574.0,"mot":"U","mo":6459.0},{"cn":"","ui":"","t":36.0,"r":4.0,"q":13.74,"p":450.0,"mot":"L","mo":4.0}]},{"d":"11.10.2019","r":5867.0,"q":22.15,"p":574.0,"s":[{"cn":"Ackermann Industries International","ui":"3187154","t":6479.0,"r":5867.0,"q":22.15,"p":574.0,"mot":"U","mo":5867.0},{"cn":"","ui":"","t":0.0,"r":0.0,"q":0.0,"p":0.0,"mot":"L","mo":0.0}]},{"d":"23.10.2019","r":202.0,"q":22.59,"p":572.77,"s":[{"cn":"Ackermann Industries International","ui":"3187154","t":250.0,"r":200.0,"q":22.68,"p":574.0,"mot":"U","mo":200.0},{"cn":"","ui":"","t":2.0,"r":2.0,"q":13.74,"p":450.0,"mot":"L","mo":2.0}]},{"d":"24.10.2019","r":303.0,"q":22.59,"p":572.77,"s":[{"cn":"Ackermann Industries International","ui":"3187154","t":350.0,"r":300.0,"q":22.68,"p":574.0,"mot":"U","mo":300.0},{"cn":"","ui":"","t":3.0,"r":3.0,"q":13.74,"p":450.0,"mot":"L","mo":3.0}]},{"d":"25.10.2019","r":404.0,"q":22.59,"p":572.77,"s":[{"cn":"Ackermann Industries International","ui":"3187154","t":450.0,"r":400.0,"q":22.68,"p":574.0,"mot":"U","mo":400.0},{"cn":"","ui":"","t":4.0,"r":4.0,"q":13.74,"p":450.0,"mot":"L","mo":4.0}]},{"d":"28.10.2019","r":700.0,"q":22.68,"p":574.0,"s":[{"cn":"Ackermann Industries International","ui":"3187154","t":750.0,"r":700.0,"q":22.68,"p":574.0,"mot":"U","mo":700.0},{"cn":"","ui":"","t":0.0,"r":0.0,"q":0.0,"p":0.0,"mot":"L","mo":0.0}]},{"d":"29.10.2019","r":800.0,"q":22.68,"p":574.0,"s":[{"cn":"Ackermann Industries International","ui":"3187154","t":850.0,"r":800.0,"q":22.68,"p":574.0,"mot":"U","mo":800.0},{"cn":"","ui":"","t":0.0,"r":0.0,"q":0.0,"p":0.0,"mot":"L","mo":0.0}]},{"d":"30.10.2019","r":909.0,"q":22.59,"p":572.77,"s":[{"cn":"Ackermann Industries International","ui":"3187154","t":950.0,"r":900.0,"q":22.68,"p":574.0,"mot":"U","mo":900.0},{"cn":"","ui":"","t":9.0,"r":9.0,"q":13.74,"p":450.0,"mot":"L","mo":9.0}]},{"d":"31.10.2019","r":1010.0,"q":22.59,"p":572.77,"s":[{"cn":"Ackermann Industries International","ui":"3187154","t":1050.0,"r":1000.0,"q":22.68,"p":574.0,"mot":"U","mo":1000.0},{"cn":"","ui":"","t":10.0,"r":10.0,"q":13.74,"p":450.0,"mot":"L","mo":10.0}]},{"d":"01.11.2019","r":1100.0,"q":22.68,"p":574.0,"s":[{"cn":"Ackermann Industries International","ui":"3187154","t":1150.0,"r":1100.0,"q":22.68,"p":574.0,"mot":"U","mo":1100.0},{"cn":"","ui":"","t":0.0,"r":0.0,"q":0.0,"p":0.0,"mot":"L","mo":0.0}]},{"d":"04.11.2019","r":1404.0,"q":22.65,"p":573.65,"s":[{"cn":"Ackermann Industries International","ui":"3187154","t":1450.0,"r":1400.0,"q":22.68,"p":574.0,"mot":"U","mo":1400.0},{"cn":"","ui":"","t":14.0,"r":4.0,"q":13.74,"p":450.0,"mot":"L","mo":4.0}]},{"d":"05.11.2019","r":1505.0,"q":22.65,"p":573.59,"s":[{"cn":"Ackermann Industries International","ui":"3187154","t":1550.0,"r":1500.0,"q":22.68,"p":574.0,"mot":"U","mo":1500.0},{"cn":"","ui":"","t":5.0,"r":5.0,"q":13.74,"p":450.0,"mot":"L","mo":5.0}]},{"d":"07.11.2019","r":1707.0,"q":22.64,"p":573.49,"s":[{"cn":"Ackermann Industries International","ui":"3187154","t":1750.0,"r":1700.0,"q":22.68,"p":574.0,"mot":"U","mo":1700.0},{"cn":"","ui":"","t":7.0,"r":7.0,"q":13.74,"p":450.0,"mot":"L","mo":7.0}]},{"d":"08.11.2019","r":1808.0,"q":22.64,"p":573.45,"s":[{"cn":"Ackermann Industries International","ui":"3187154","t":1850.0,"r":1800.0,"q":22.68,"p":574.0,"mot":"U","mo":1800.0},{"cn":"","ui":"","t":8.0,"r":8.0,"q":13.74,"p":450.0,"mot":"L","mo":8.0}]},{"d":"11.11.2019","r":2111.0,"q":22.63,"p":568.38,"s":[{"cn":"Ackermann Industries International","ui":"3187154","t":2150.0,"r":2100.0,"q":22.68,"p":569.0,"mot":"U","mo":2100.0},{"cn":"","ui":"","t":11.0,"r":11.0,"q":13.74,"p":450.0,"mot":"L","mo":11.0}]},{"d":"12.11.2019","r":12.0,"q":13.74,"p":450.0,"s":[{"cn":"Taracolli™ Finance, Inc","ui":"4590845","t":12.0,"r":12.0,"q":13.74,"p":450.0,"mot":"U","mo":12.0},{"cn":"","ui":"","t":0.0,"r":0.0,"q":0.0,"p":0.0,"mot":"L","mo":0.0}]},{"d":"13.11.2019","r":2113.0,"q":22.62,"p":568.27,"s":[{"cn":"Ackermann Industries International","ui":"3187154","t":2250.0,"r":2100.0,"q":22.68,"p":569.0,"mot":"U","mo":2100.0},{"cn":"","ui":"","t":13.0,"r":13.0,"q":13.74,"p":450.0,"mot":"L","mo":13.0}]},{"d":"15.11.2019","r":2050.0,"q":22.69,"p":569.0,"s":[{"cn":"Ackermann Industries International","ui":"3187154","t":2250.0,"r":2050.0,"q":22.69,"p":569.0,"mot":"U","mo":2050.0},{"cn":"","ui":"","t":0.0,"r":0.0,"q":0.0,"p":0.0,"mot":"L","mo":0.0}]},{"d":"18.11.2019","r":2365.0,"q":22.63,"p":568.25,"s":[{"cn":"Ackermann Industries International","ui":"3187154","t":2400.0,"r":2350.0,"q":22.69,"p":569.0,"mot":"U","mo":2350.0},{"cn":"","ui":"","t":15.0,"r":15.0,"q":13.74,"p":450.0,"mot":"L","mo":15.0}]},{"d":"19.11.2019","r":2466.0,"q":22.63,"p":568.23,"s":[{"cn":"Ackermann Industries International","ui":"3187154","t":2500.0,"r":2450.0,"q":22.69,"p":569.0,"mot":"U","mo":2450.0},{"cn":"","ui":"","t":16.0,"r":16.0,"q":14.02,"p":450.0,"mot":"L","mo":16.0}]},{"d":"20.11.2019","r":2567.0,"q":22.63,"p":568.21,"s":[{"cn":"Ackermann Industries International","ui":"3187154","t":2600.0,"r":2550.0,"q":22.69,"p":569.0,"mot":"U","mo":2550.0},{"cn":"","ui":"","t":17.0,"r":17.0,"q":14.27,"p":450.0,"mot":"L","mo":17.0}]},{"d":"21.11.2019","r":2668.0,"q":22.63,"p":568.2,"s":[{"cn":"Ackermann Industries International","ui":"3187154","t":2700.0,"r":2650.0,"q":22.69,"p":569.0,"mot":"U","mo":2650.0},{"cn":"","ui":"","t":18.0,"r":18.0,"q":14.5,"p":450.0,"mot":"L","mo":18.0}]},{"d":"22.11.2019","r":2769.0,"q":22.64,"p":568.18,"s":[{"cn":"Ackermann Industries International","ui":"3187154","t":2800.0,"r":2750.0,"q":22.69,"p":569.0,"mot":"U","mo":2750.0},{"cn":"","ui":"","t":19.0,"r":19.0,"q":14.7,"p":450.0,"mot":"L","mo":19.0}]},{"d":"25.11.2019","r":3062.0,"q":22.66,"p":568.53,"s":[{"cn":"Ackermann Industries International","ui":"3187154","t":3100.0,"r":3050.0,"q":22.69,"p":569.0,"mot":"U","mo":3050.0},{"cn":"","ui":"","t":22.0,"r":12.0,"q":15.22,"p":450.0,"mot":"L","mo":12.0}]},{"d":"26.11.2019","r":3153.0,"q":22.68,"p":568.89,"s":[{"cn":"Ackermann Industries International","ui":"3187154","t":3200.0,"r":3150.0,"q":22.69,"p":569.0,"mot":"U","mo":3150.0},{"cn":"","ui":"","t":13.0,"r":3.0,"q":15.54,"p":450.0,"mot":"L","mo":3.0}]},{"d":"27.11.2019","r":3250.0,"q":22.69,"p":569.0,"s":[{"cn":"Ackermann Industries International","ui":"3187154","t":3300.0,"r":3250.0,"q":22.69,"p":569.0,"mot":"U","mo":3250.0},{"cn":"","ui":"","t":0.0,"r":0.0,"q":0.0,"p":0.0,"mot":"L","mo":0.0}]},{"d":"28.11.2019","r":3350.0,"q":22.69,"p":569.0,"s":[{"cn":"Ackermann Industries International","ui":"3187154","t":3400.0,"r":3350.0,"q":22.69,"p":569.0,"mot":"U","mo":3350.0},{"cn":"","ui":"","t":0.0,"r":0.0,"q":0.0,"p":0.0,"mot":"L","mo":0.0}]},{"d":"29.11.2019","r":3450.0,"q":22.69,"p":569.0,"s":[{"cn":"Ackermann Industries International","ui":"3187154","t":3500.0,"r":3450.0,"q":22.69,"p":569.0,"mot":"U","mo":3450.0},{"cn":"","ui":"","t":0.0,"r":0.0,"q":0.0,"p":0.0,"mot":"L","mo":0.0}]},{"d":"02.12.2019","r":3750.0,"q":22.69,"p":569.0,"s":[{"cn":"Ackermann Industries International","ui":"3187154","t":3800.0,"r":3750.0,"q":22.69,"p":569.0,"mot":"U","mo":3750.0},{"cn":"","ui":"","t":0.0,"r":0.0,"q":0.0,"p":0.0,"mot":"L","mo":0.0}]},{"d":"03.12.2019","r":3850.0,"q":22.69,"p":569.0,"s":[{"cn":"Ackermann Industries International","ui":"3187154","t":3900.0,"r":3850.0,"q":22.69,"p":569.0,"mot":"U","mo":3850.0},{"cn":"","ui":"","t":0.0,"r":0.0,"q":0.0,"p":0.0,"mot":"L","mo":0.0}]},{"d":"04.12.2019","r":3950.0,"q":22.69,"p":569.0,"s":[{"cn":"Ackermann Industries International","ui":"3187154","t":4000.0,"r":3950.0,"q":22.69,"p":569.0,"mot":"U","mo":3950.0},{"cn":"","ui":"","t":0.0,"r":0.0,"q":0.0,"p":0.0,"mot":"L","mo":0.0}]},{"d":"05.12.2019","r":4150.0,"q":22.69,"p":569.0,"s":[{"cn":"Ackermann Industries International","ui":"3187154","t":4150.0,"r":4150.0,"q":22.69,"p":569.0,"mot":"U","mo":4150.0},{"cn":"","ui":"","t":0.0,"r":0.0,"q":0.0,"p":0.0,"mot":"L","mo":0.0}]},{"d":"06.12.2019","r":4300.0,"q":22.69,"p":569.0,"s":[{"cn":"Ackermann Industries International","ui":"3187154","t":4300.0,"r":4300.0,"q":22.69,"p":569.0,"mot":"U","mo":4300.0},{"cn":"","ui":"","t":0.0,"r":0.0,"q":0.0,"p":0.0,"mot":"L","mo":0.0}]},{"d":"09.12.2019","r":4750.0,"q":22.69,"p":569.0,"s":[{"cn":"Ackermann Industries International","ui":"3187154","t":4750.0,"r":4750.0,"q":22.69,"p":569.0,"mot":"U","mo":4750.0},{"cn":"","ui":"","t":0.0,"r":0.0,"q":0.0,"p":0.0,"mot":"L","mo":0.0}]},{"d":"10.12.2019","r":4900.0,"q":22.69,"p":569.0,"s":[{"cn":"Ackermann Industries International","ui":"3187154","t":4900.0,"r":4900.0,"q":22.69,"p":569.0,"mot":"U","mo":4900.0},{"cn":"","ui":"","t":0.0,"r":0.0,"q":0.0,"p":0.0,"mot":"L","mo":0.0}]},{"d":"11.12.2019","r":5050.0,"q":22.69,"p":569.0,"s":[{"cn":"Ackermann Industries International","ui":"3187154","t":5050.0,"r":5050.0,"q":22.69,"p":569.0,"mot":"U","mo":5050.0},{"cn":"","ui":"","t":0.0,"r":0.0,"q":0.0,"p":0.0,"mot":"L","mo":0.0}]},{"d":"12.12.2019","r":5200.0,"q":22.69,"p":569.0,"s":[{"cn":"Ackermann Industries International","ui":"3187154","t":5200.0,"r":5200.0,"q":22.69,"p":569.0,"mot":"U","mo":5200.0},{"cn":"","ui":"","t":0.0,"r":0.0,"q":0.0,"p":0.0,"mot":"L","mo":0.0}]},{"d":"13.12.2019","r":5350.0,"q":22.69,"p":569.0,"s":[{"cn":"Ackermann Industries International","ui":"3187154","t":5350.0,"r":5350.0,"q":22.69,"p":569.0,"mot":"U","mo":5350.0},{"cn":"","ui":"","t":0.0,"r":0.0,"q":0.0,"p":0.0,"mot":"L","mo":0.0}]},{"d":"16.12.2019","r":5802.0,"q":22.69,"p":568.96,"s":[{"cn":"Ackermann Industries International","ui":"3187154","t":5800.0,"r":5800.0,"q":22.69,"p":569.0,"mot":"U","mo":5800.0},{"cn":"","ui":"","t":2.0,"r":2.0,"q":19.34,"p":450.0,"mot":"L","mo":2.0}]},{"d":"17.12.2019","r":5953.0,"q":22.69,"p":568.94,"s":[{"cn":"Ackermann Industries International","ui":"3187154","t":5950.0,"r":5950.0,"q":22.69,"p":569.0,"mot":"U","mo":5950.0},{"cn":"","ui":"","t":3.0,"r":3.0,"q":19.34,"p":450.0,"mot":"L","mo":3.0}]},{"d":"18.12.2019","r":6104.0,"q":22.69,"p":568.92,"s":[{"cn":"Ackermann Industries International","ui":"3187154","t":6100.0,"r":6100.0,"q":22.69,"p":569.0,"mot":"U","mo":6100.0},{"cn":"","ui":"","t":4.0,"r":4.0,"q":19.34,"p":450.0,"mot":"L","mo":4.0}]},{"d":"19.12.2019","r":6255.0,"q":22.69,"p":568.9,"s":[{"cn":"Ackermann Industries International","ui":"3187154","t":6250.0,"r":6250.0,"q":22.69,"p":569.0,"mot":"U","mo":6250.0},{"cn":"","ui":"","t":5.0,"r":5.0,"q":19.34,"p":450.0,"mot":"L","mo":5.0}]},{"d":"20.12.2019","r":6406.0,"q":22.69,"p":568.89,"s":[{"cn":"Ackermann Industries International","ui":"3187154","t":6400.0,"r":6400.0,"q":22.69,"p":569.0,"mot":"U","mo":6400.0},{"cn":"","ui":"","t":6.0,"r":6.0,"q":19.34,"p":450.0,"mot":"L","mo":6.0}]},{"d":"23.12.2019","r":6859.0,"q":22.69,"p":568.84,"s":[{"cn":"Ackermann Industries International","ui":"3187154","t":6850.0,"r":6850.0,"q":22.69,"p":569.0,"mot":"U","mo":6850.0},{"cn":"","ui":"","t":9.0,"r":9.0,"q":19.34,"p":450.0,"mot":"L","mo":9.0}]},{"d":"24.12.2019","r":7010.0,"q":22.69,"p":568.83,"s":[{"cn":"Ackermann Industries International","ui":"3187154","t":7000.0,"r":7000.0,"q":22.69,"p":569.0,"mot":"U","mo":7000.0},{"cn":"","ui":"","t":10.0,"r":10.0,"q":19.34,"p":450.0,"mot":"L","mo":10.0}]},{"d":"25.12.2019","r":7161.0,"q":22.68,"p":568.82,"s":[{"cn":"Ackermann Industries International","ui":"3187154","t":7150.0,"r":7150.0,"q":22.69,"p":569.0,"mot":"U","mo":7150.0},{"cn":"","ui":"","t":11.0,"r":11.0,"q":19.34,"p":450.0,"mot":"L","mo":11.0}]},{"d":"26.12.2019","r":7312.0,"q":22.68,"p":568.8,"s":[{"cn":"Ackermann Industries International","ui":"3187154","t":7300.0,"r":7300.0,"q":22.69,"p":569.0,"mot":"U","mo":7300.0},{"cn":"","ui":"","t":12.0,"r":12.0,"q":19.34,"p":450.0,"mot":"L","mo":12.0}]},{"d":"27.12.2019","r":7463.0,"q":22.68,"p":568.79,"s":[{"cn":"Ackermann Industries International","ui":"3187154","t":7450.0,"r":7450.0,"q":22.69,"p":569.0,"mot":"U","mo":7450.0},{"cn":"","ui":"","t":13.0,"r":13.0,"q":19.34,"p":450.0,"mot":"L","mo":13.0}]},{"d":"30.12.2019","r":7916.0,"q":22.68,"p":568.76,"s":[{"cn":"Ackermann Industries International","ui":"3187154","t":7900.0,"r":7900.0,"q":22.69,"p":569.0,"mot":"U","mo":7900.0},{"cn":"","ui":"","t":16.0,"r":16.0,"q":19.34,"p":450.0,"mot":"L","mo":16.0}]},{"d":"31.12.2019","r":8067.0,"q":22.68,"p":568.75,"s":[{"cn":"Ackermann Industries International","ui":"3187154","t":8050.0,"r":8050.0,"q":22.69,"p":569.0,"mot":"U","mo":8050.0},{"cn":"","ui":"","t":17.0,"r":17.0,"q":19.34,"p":450.0,"mot":"L","mo":17.0}]},{"d":"01.01.2020","r":8218.0,"q":22.68,"p":568.74,"s":[{"cn":"Ackermann Industries International","ui":"3187154","t":8200.0,"r":8200.0,"q":22.69,"p":569.0,"mot":"U","mo":8200.0},{"cn":"","ui":"","t":18.0,"r":18.0,"q":19.34,"p":450.0,"mot":"L","mo":18.0}]},{"d":"02.01.2020","r":19.0,"q":19.34,"p":450.0,"s":[{"cn":"Taracolli™ Finance, Inc","ui":"4590845","t":19.0,"r":19.0,"q":19.34,"p":450.0,"mot":"U","mo":19.0},{"cn":"","ui":"","t":0.0,"r":0.0,"q":0.0,"p":0.0,"mot":"L","mo":0.0}]},{"d":"03.01.2020","r":20.0,"q":19.34,"p":450.0,"s":[{"cn":"Taracolli™ Finance, Inc","ui":"4590845","t":20.0,"r":20.0,"q":19.34,"p":450.0,"mot":"U","mo":20.0},{"cn":"","ui":"","t":0.0,"r":0.0,"q":0.0,"p":0.0,"mot":"L","mo":0.0}]},{"d":"06.01.2020","r":23.0,"q":19.37,"p":450.0,"s":[{"cn":"Taracolli™ Finance, Inc","ui":"4590845","t":23.0,"r":23.0,"q":19.37,"p":450.0,"mot":"U","mo":23.0},{"cn":"","ui":"","t":0.0,"r":0.0,"q":0.0,"p":0.0,"mot":"L","mo":0.0}]},{"d":"07.01.2020","r":24.0,"q":19.42,"p":450.0,"s":[{"cn":"Taracolli™ Finance, Inc","ui":"4590845","t":24.0,"r":24.0,"q":19.42,"p":450.0,"mot":"U","mo":24.0},{"cn":"","ui":"","t":0.0,"r":0.0,"q":0.0,"p":0.0,"mot":"L","mo":0.0}]},{"d":"08.01.2020","r":25.0,"q":19.48,"p":450.0,"s":[{"cn":"Taracolli™ Finance, Inc","ui":"4590845","t":25.0,"r":25.0,"q":19.48,"p":450.0,"mot":"U","mo":25.0},{"cn":"","ui":"","t":0.0,"r":0.0,"q":0.0,"p":0.0,"mot":"L","mo":0.0}]},{"d":"09.01.2020","r":26.0,"q":19.54,"p":450.0,"s":[{"cn":"Taracolli™ Finance, Inc","ui":"4590845","t":26.0,"r":26.0,"q":19.54,"p":450.0,"mot":"U","mo":26.0},{"cn":"","ui":"","t":0.0,"r":0.0,"q":0.0,"p":0.0,"mot":"L","mo":0.0}]},{"d":"10.01.2020","r":27.0,"q":19.61,"p":450.0,"s":[{"cn":"Taracolli™ Finance, Inc","ui":"4590845","t":27.0,"r":27.0,"q":19.61,"p":450.0,"mot":"U","mo":27.0},{"cn":"","ui":"","t":0.0,"r":0.0,"q":0.0,"p":0.0,"mot":"L","mo":0.0}]},{"d":"13.01.2020","r":30.0,"q":19.8,"p":450.0,"s":[{"cn":"Taracolli™ Finance, Inc","ui":"4590845","t":30.0,"r":30.0,"q":19.8,"p":450.0,"mot":"U","mo":30.0},{"cn":"","ui":"","t":0.0,"r":0.0,"q":0.0,"p":0.0,"mot":"L","mo":0.0}]},{"d":"14.01.2020","r":31.0,"q":19.87,"p":450.0,"s":[{"cn":"Taracolli™ Finance, Inc","ui":"4590845","t":31.0,"r":31.0,"q":19.87,"p":450.0,"mot":"U","mo":31.0},{"cn":"","ui":"","t":0.0,"r":0.0,"q":0.0,"p":0.0,"mot":"L","mo":0.0}]},{"d":"15.01.2020","r":32.0,"q":19.94,"p":450.0,"s":[{"cn":"Taracolli™ Finance, Inc","ui":"4590845","t":32.0,"r":32.0,"q":19.94,"p":450.0,"mot":"U","mo":32.0},{"cn":"","ui":"","t":0.0,"r":0.0,"q":0.0,"p":0.0,"mot":"L","mo":0.0}]},{"d":"16.01.2020","r":33.0,"q":20.01,"p":450.0,"s":[{"cn":"Taracolli™ Finance, Inc","ui":"4590845","t":33.0,"r":33.0,"q":20.01,"p":450.0,"mot":"U","mo":33.0},{"cn":"","ui":"","t":0.0,"r":0.0,"q":0.0,"p":0.0,"mot":"L","mo":0.0}]},{"d":"17.01.2020","r":34.0,"q":20.08,"p":450.0,"s":[{"cn":"Taracolli™ Finance, Inc","ui":"4590845","t":34.0,"r":34.0,"q":20.08,"p":450.0,"mot":"U","mo":34.0},{"cn":"","ui":"","t":0.0,"r":0.0,"q":0.0,"p":0.0,"mot":"L","mo":0.0}]},{"d":"20.01.2020","r":37.0,"q":20.3,"p":450.0,"s":[{"cn":"Taracolli™ Finance, Inc","ui":"4590845","t":37.0,"r":37.0,"q":20.3,"p":450.0,"mot":"U","mo":37.0},{"cn":"","ui":"","t":0.0,"r":0.0,"q":0.0,"p":0.0,"mot":"L","mo":0.0}]},{"d":"21.01.2020","r":38.0,"q":20.38,"p":450.0,"s":[{"cn":"Taracolli™ Finance, Inc","ui":"4590845","t":38.0,"r":38.0,"q":20.38,"p":450.0,"mot":"U","mo":38.0},{"cn":"","ui":"","t":0.0,"r":0.0,"q":0.0,"p":0.0,"mot":"L","mo":0.0}]},{"d":"22.01.2020","r":39.0,"q":20.46,"p":450.0,"s":[{"cn":"Taracolli™ Finance, Inc","ui":"4590845","t":39.0,"r":39.0,"q":20.46,"p":450.0,"mot":"U","mo":39.0},{"cn":"","ui":"","t":0.0,"r":0.0,"q":0.0,"p":0.0,"mot":"L","mo":0.0}]},{"d":"23.01.2020","r":40.0,"q":20.54,"p":450.0,"s":[{"cn":"Taracolli™ Finance, Inc","ui":"4590845","t":40.0,"r":40.0,"q":20.54,"p":450.0,"mot":"U","mo":40.0},{"cn":"","ui":"","t":0.0,"r":0.0,"q":0.0,"p":0.0,"mot":"L","mo":0.0}]},{"d":"24.01.2020","r":41.0,"q":20.61,"p":450.0,"s":[{"cn":"Taracolli™ Finance, Inc","ui":"4590845","t":41.0,"r":41.0,"q":20.61,"p":450.0,"mot":"U","mo":41.0},{"cn":"","ui":"","t":0.0,"r":0.0,"q":0.0,"p":0.0,"mot":"L","mo":0.0}]},{"d":"27.01.2020","r":44.0,"q":20.84,"p":450.0,"s":[{"cn":"Taracolli™ Finance, Inc","ui":"4590845","t":44.0,"r":44.0,"q":20.84,"p":450.0,"mot":"U","mo":44.0},{"cn":"","ui":"","t":0.0,"r":0.0,"q":0.0,"p":0.0,"mot":"L","mo":0.0}]},{"d":"28.01.2020","r":45.0,"q":20.91,"p":450.0,"s":[{"cn":"Taracolli™ Finance, Inc","ui":"4590845","t":45.0,"r":45.0,"q":20.91,"p":450.0,"mot":"U","mo":45.0},{"cn":"","ui":"","t":0.0,"r":0.0,"q":0.0,"p":0.0,"mot":"L","mo":0.0}]},{"d":"29.01.2020","r":46.0,"q":20.99,"p":450.0,"s":[{"cn":"Taracolli™ Finance, Inc","ui":"4590845","t":46.0,"r":46.0,"q":20.99,"p":450.0,"mot":"U","mo":46.0},{"cn":"","ui":"","t":0.0,"r":0.0,"q":0.0,"p":0.0,"mot":"L","mo":0.0}]},{"d":"30.01.2020","r":47.0,"q":21.06,"p":450.0,"s":[{"cn":"Taracolli™ Finance, Inc","ui":"4590845","t":47.0,"r":47.0,"q":21.06,"p":450.0,"mot":"U","mo":47.0},{"cn":"","ui":"","t":0.0,"r":0.0,"q":0.0,"p":0.0,"mot":"L","mo":0.0}]},{"d":"31.01.2020","r":48.0,"q":21.13,"p":450.0,"s":[{"cn":"Taracolli™ Finance, Inc","ui":"4590845","t":48.0,"r":48.0,"q":21.13,"p":450.0,"mot":"U","mo":48.0},{"cn":"","ui":"","t":0.0,"r":0.0,"q":0.0,"p":0.0,"mot":"L","mo":0.0}]},{"d":"03.02.2020","r":51.0,"q":21.34,"p":450.0,"s":[{"cn":"Taracolli™ Finance, Inc","ui":"4590845","t":51.0,"r":51.0,"q":21.34,"p":450.0,"mot":"U","mo":51.0},{"cn":"","ui":"","t":0.0,"r":0.0,"q":0.0,"p":0.0,"mot":"L","mo":0.0}]},{"d":"04.02.2020","r":52.0,"q":21.41,"p":450.0,"s":[{"cn":"Taracolli™ Finance, Inc","ui":"4590845","t":52.0,"r":52.0,"q":21.41,"p":450.0,"mot":"U","mo":52.0},{"cn":"","ui":"","t":0.0,"r":0.0,"q":0.0,"p":0.0,"mot":"L","mo":0.0}]},{"d":"05.02.2020","r":53.0,"q":21.48,"p":450.0,"s":[{"cn":"Taracolli™ Finance, Inc","ui":"4590845","t":53.0,"r":53.0,"q":21.48,"p":450.0,"mot":"U","mo":53.0},{"cn":"","ui":"","t":0.0,"r":0.0,"q":0.0,"p":0.0,"mot":"L","mo":0.0}]},{"d":"06.02.2020","r":49.0,"q":21.54,"p":450.0,"s":[{"cn":"Taracolli™ Finance, Inc","ui":"4590845","t":54.0,"r":49.0,"q":21.54,"p":450.0,"mot":"U","mo":49.0},{"cn":"","ui":"","t":0.0,"r":0.0,"q":0.0,"p":0.0,"mot":"L","mo":0.0}]},{"d":"07.02.2020","r":50.0,"q":21.61,"p":450.0,"s":[{"cn":"Taracolli™ Finance, Inc","ui":"4590845","t":50.0,"r":50.0,"q":21.61,"p":450.0,"mot":"U","mo":50.0},{"cn":"","ui":"","t":0.0,"r":0.0,"q":0.0,"p":0.0,"mot":"L","mo":0.0}]},{"d":"11.02.2020","r":1.0,"q":25.27,"p":450.0,"s":[{"cn":"Taracolli™ Finance, Inc","ui":"4590845","t":1.0,"r":1.0,"q":25.27,"p":450.0,"mot":"U","mo":1.0},{"cn":"","ui":"","t":0.0,"r":0.0,"q":0.0,"p":0.0,"mot":"L","mo":0.0}]},{"d":"12.02.2020","r":2.0,"q":25.29,"p":450.0,"s":[{"cn":"Taracolli™ Finance, Inc","ui":"4590845","t":2.0,"r":2.0,"q":25.29,"p":450.0,"mot":"U","mo":2.0},{"cn":"","ui":"","t":0.0,"r":0.0,"q":0.0,"p":0.0,"mot":"L","mo":0.0}]},{"d":"13.02.2020","r":3.0,"q":25.32,"p":450.0,"s":[{"cn":"Taracolli™ Finance, Inc","ui":"4590845","t":3.0,"r":3.0,"q":25.32,"p":450.0,"mot":"U","mo":3.0},{"cn":"","ui":"","t":0.0,"r":0.0,"q":0.0,"p":0.0,"mot":"L","mo":0.0}]},{"d":"14.02.2020","r":4.0,"q":25.34,"p":450.0,"s":[{"cn":"Taracolli™ Finance, Inc","ui":"4590845","t":4.0,"r":4.0,"q":25.34,"p":450.0,"mot":"U","mo":4.0},{"cn":"","ui":"","t":0.0,"r":0.0,"q":0.0,"p":0.0,"mot":"L","mo":0.0}]},{"d":"17.02.2020","r":7.0,"q":25.37,"p":450.0,"s":[{"cn":"Taracolli™ Finance, Inc","ui":"4590845","t":7.0,"r":7.0,"q":25.37,"p":450.0,"mot":"U","mo":7.0},{"cn":"","ui":"","t":0.0,"r":0.0,"q":0.0,"p":0.0,"mot":"L","mo":0.0}]},{"d":"18.02.2020","r":8.0,"q":25.38,"p":450.0,"s":[{"cn":"Taracolli™ Finance, Inc","ui":"4590845","t":8.0,"r":8.0,"q":25.38,"p":450.0,"mot":"U","mo":8.0},{"cn":"","ui":"","t":0.0,"r":0.0,"q":0.0,"p":0.0,"mot":"L","mo":0.0}]},{"d":"19.02.2020","r":9.0,"q":25.38,"p":450.0,"s":[{"cn":"Taracolli™ Finance, Inc","ui":"4590845","t":9.0,"r":9.0,"q":25.38,"p":450.0,"mot":"U","mo":9.0},{"cn":"","ui":"","t":0.0,"r":0.0,"q":0.0,"p":0.0,"mot":"L","mo":0.0}]},{"d":"20.02.2020","r":10.0,"q":25.39,"p":450.0,"s":[{"cn":"Taracolli™ Finance, Inc","ui":"4590845","t":10.0,"r":10.0,"q":25.39,"p":450.0,"mot":"U","mo":10.0},{"cn":"","ui":"","t":0.0,"r":0.0,"q":0.0,"p":0.0,"mot":"L","mo":0.0}]},{"d":"21.02.2020","r":7.0,"q":25.39,"p":450.0,"s":[{"cn":"Taracolli™ Finance, Inc","ui":"4590845","t":11.0,"r":7.0,"q":25.39,"p":450.0,"mot":"U","mo":7.0},{"cn":"","ui":"","t":0.0,"r":0.0,"q":0.0,"p":0.0,"mot":"L","mo":0.0}]},{"d":"24.02.2020","r":3.0,"q":25.4,"p":450.0,"s":[{"cn":"Taracolli™ Finance, Inc","ui":"4590845","t":5.0,"r":3.0,"q":25.4,"p":450.0,"mot":"U","mo":3.0},{"cn":"","ui":"","t":0.0,"r":0.0,"q":0.0,"p":0.0,"mot":"L","mo":0.0}]},{"d":"25.02.2020","r":6.0,"q":25.4,"p":450.0,"s":[{"cn":"Taracolli™ Finance, Inc","ui":"4590845","t":6.0,"r":6.0,"q":25.4,"p":450.0,"mot":"U","mo":6.0},{"cn":"","ui":"","t":0.0,"r":0.0,"q":0.0,"p":0.0,"mot":"L","mo":0.0}]},{"d":"26.02.2020","r":7.0,"q":25.41,"p":450.0,"s":[{"cn":"Taracolli™ Finance, Inc","ui":"4590845","t":7.0,"r":7.0,"q":25.41,"p":450.0,"mot":"U","mo":7.0},{"cn":"","ui":"","t":0.0,"r":0.0,"q":0.0,"p":0.0,"mot":"L","mo":0.0}]},{"d":"27.02.2020","r":8.0,"q":25.41,"p":450.0,"s":[{"cn":"Taracolli™ Finance, Inc","ui":"4590845","t":8.0,"r":8.0,"q":25.41,"p":450.0,"mot":"U","mo":8.0},{"cn":"","ui":"","t":0.0,"r":0.0,"q":0.0,"p":0.0,"mot":"L","mo":0.0}]},{"d":"28.02.2020","r":9.0,"q":25.41,"p":450.0,"s":[{"cn":"Taracolli™ Finance, Inc","ui":"4590845","t":9.0,"r":9.0,"q":25.41,"p":450.0,"mot":"U","mo":9.0},{"cn":"","ui":"","t":0.0,"r":0.0,"q":0.0,"p":0.0,"mot":"L","mo":0.0}]},{"d":"02.03.2020","r":12.0,"q":25.41,"p":450.0,"s":[{"cn":"Taracolli™ Finance, Inc","ui":"4590845","t":12.0,"r":12.0,"q":25.41,"p":450.0,"mot":"U","mo":12.0},{"cn":"","ui":"","t":0.0,"r":0.0,"q":0.0,"p":0.0,"mot":"L","mo":0.0}]},{"d":"03.03.2020","r":13.0,"q":25.46,"p":450.0,"s":[{"cn":"Taracolli™ Finance, Inc","ui":"4590845","t":13.0,"r":13.0,"q":25.46,"p":450.0,"mot":"U","mo":13.0},{"cn":"","ui":"","t":0.0,"r":0.0,"q":0.0,"p":0.0,"mot":"L","mo":0.0}]},{"d":"04.03.2020","r":14.0,"q":25.51,"p":450.0,"s":[{"cn":"Taracolli™ Finance, Inc","ui":"4590845","t":14.0,"r":14.0,"q":25.51,"p":450.0,"mot":"U","mo":14.0},{"cn":"","ui":"","t":0.0,"r":0.0,"q":0.0,"p":0.0,"mot":"L","mo":0.0}]},{"d":"05.03.2020","r":15.0,"q":25.56,"p":450.0,"s":[{"cn":"Taracolli™ Finance, Inc","ui":"4590845","t":15.0,"r":15.0,"q":25.56,"p":450.0,"mot":"U","mo":15.0},{"cn":"","ui":"","t":0.0,"r":0.0,"q":0.0,"p":0.0,"mot":"L","mo":0.0}]},{"d":"06.03.2020","r":16.0,"q":25.6,"p":450.0,"s":[{"cn":"Taracolli™ Finance, Inc","ui":"4590845","t":16.0,"r":16.0,"q":25.6,"p":450.0,"mot":"U","mo":16.0},{"cn":"","ui":"","t":0.0,"r":0.0,"q":0.0,"p":0.0,"mot":"L","mo":0.0}]},{"d":"09.03.2020","r":19.0,"q":25.71,"p":450.0,"s":[{"cn":"Taracolli™ Finance, Inc","ui":"4590845","t":19.0,"r":19.0,"q":25.71,"p":450.0,"mot":"U","mo":19.0},{"cn":"","ui":"","t":0.0,"r":0.0,"q":0.0,"p":0.0,"mot":"L","mo":0.0}]},{"d":"10.03.2020","r":20.0,"q":25.73,"p":450.0,"s":[{"cn":"Taracolli™ Finance, Inc","ui":"4590845","t":20.0,"r":20.0,"q":25.73,"p":450.0,"mot":"U","mo":20.0},{"cn":"","ui":"","t":0.0,"r":0.0,"q":0.0,"p":0.0,"mot":"L","mo":0.0}]},{"d":"11.03.2020","r":21.0,"q":25.76,"p":450.0,"s":[{"cn":"Taracolli™ Finance, Inc","ui":"4590845","t":21.0,"r":21.0,"q":25.76,"p":450.0,"mot":"U","mo":21.0},{"cn":"","ui":"","t":0.0,"r":0.0,"q":0.0,"p":0.0,"mot":"L","mo":0.0}]},{"d":"20.03.2020","r":1.0,"q":26.31,"p":450.0,"s":[{"cn":"Taracolli™ Finance, Inc","ui":"4590845","t":1.0,"r":1.0,"q":26.31,"p":450.0,"mot":"U","mo":1.0},{"cn":"","ui":"","t":0.0,"r":0.0,"q":0.0,"p":0.0,"mot":"L","mo":0.0}]},{"d":"24.03.2020","r":98841.0,"q":1.16,"p":345.0,"s":[{"cn":"LEMANSITO CORPORATION","ui":"4787893","t":119116.0,"r":98841.0,"q":1.16,"p":345.0,"mot":"U","mo":98841.0},{"cn":"","ui":"","t":0.0,"r":0.0,"q":0.0,"p":0.0,"mot":"L","mo":0.0}]},{"d":"25.03.2020","r":127825.0,"q":1.16,"p":345.0,"s":[{"cn":"LEMANSITO CORPORATION","ui":"4787893","t":147945.0,"r":127825.0,"q":1.16,"p":345.0,"mot":"U","mo":127825.0},{"cn":"","ui":"","t":0.0,"r":0.0,"q":0.0,"p":0.0,"mot":"L","mo":0.0}]},{"d":"26.03.2020","r":147524.0,"q":1.16,"p":345.0,"s":[{"cn":"LEMANSITO CORPORATION","ui":"4787893","t":147754.0,"r":147524.0,"q":1.16,"p":345.0,"mot":"U","mo":147524.0},{"cn":"","ui":"","t":0.0,"r":0.0,"q":0.0,"p":0.0,"mot":"L","mo":0.0}]},{"d":"13.04.2020","r":600304.0,"q":1.75,"p":450.0,"s":[{"cn":"LEMANSITO CORPORATION","ui":"4787893","t":600304.0,"r":600304.0,"q":1.75,"p":450.0,"mot":"U","mo":600304.0},{"cn":"","ui":"","t":0.0,"r":0.0,"q":0.0,"p":0.0,"mot":"L","mo":0.0}]},{"d":"14.04.2020","r":500510.0,"q":1.69,"p":443.96,"s":[{"cn":"LEMANSITO CORPORATION","ui":"4810673","t":60504.0,"r":60474.0,"q":1.51,"p":400.0,"mot":"U","mo":60474.0},{"cn":"LEMANSITO CORPORATION","ui":"4787893","t":560046.0,"r":440036.0,"q":1.72,"p":450.0,"mot":"U","mo":440036.0},{"cn":"","ui":"","t":0.0,"r":0.0,"q":0.0,"p":0.0,"mot":"L","mo":0.0}]},{"d":"15.04.2020","r":425303.0,"q":1.62,"p":440.41,"s":[{"cn":"LEMANSITO CORPORATION","ui":"4810673","t":81718.0,"r":81583.0,"q":1.42,"p":400.0,"mot":"U","mo":81583.0},{"cn":"LEMANSITO CORPORATION","ui":"4787893","t":483770.0,"r":343720.0,"q":1.67,"p":450.0,"mot":"U","mo":343720.0},{"cn":"","ui":"","t":0.0,"r":0.0,"q":0.0,"p":0.0,"mot":"L","mo":0.0}]},{"d":"16.04.2020","r":388900.0,"q":1.58,"p":436.2,"s":[{"cn":"LEMANSITO CORPORATION","ui":"4810673","t":107561.0,"r":107346.0,"q":1.41,"p":400.0,"mot":"U","mo":107346.0},{"cn":"LEMANSITO CORPORATION","ui":"4787893","t":421619.0,"r":281554.0,"q":1.65,"p":450.0,"mot":"U","mo":281554.0},{"cn":"","ui":"","t":0.0,"r":0.0,"q":0.0,"p":0.0,"mot":"L","mo":0.0}]},{"d":"17.04.2020","r":32305.0,"q":1.36,"p":400.0,"s":[{"cn":"LEMANSITO CORPORATION","ui":"4810673","t":32996.0,"r":32305.0,"q":1.36,"p":400.0,"mot":"U","mo":32305.0},{"cn":"","ui":"","t":0.0,"r":0.0,"q":0.0,"p":0.0,"mot":"L","mo":0.0}]},{"d":"20.04.2020","r":1520.0,"q":1.0,"p":400.0,"s":[{"cn":"LEMANSITO CORPORATION","ui":"4810673","t":34568.0,"r":1520.0,"q":1.0,"p":400.0,"mot":"U","mo":1520.0},{"cn":"","ui":"","t":0.0,"r":0.0,"q":0.0,"p":0.0,"mot":"L","mo":0.0}]},{"d":"21.04.2020","r":1366.0,"q":1.0,"p":400.0,"s":[{"cn":"LEMANSITO CORPORATION","ui":"4810673","t":33866.0,"r":1366.0,"q":1.0,"p":400.0,"mot":"U","mo":1366.0},{"cn":"","ui":"","t":0.0,"r":0.0,"q":0.0,"p":0.0,"mot":"L","mo":0.0}]},{"d":"30.04.2020","r":412977.0,"q":1.16,"p":1098.04,"s":[{"cn":"LEMANSITO CORPORATION","ui":"4787893","t":472282.0,"r":411977.0,"q":1.16,"p":1100.0,"mot":"U","mo":411977.0},{"cn":"","ui":"","t":2500.0,"r":1000.0,"q":1.0,"p":290.0,"mot":"L","mo":1000.0}]},{"d":"01.05.2020","r":344771.0,"q":1.16,"p":1092.43,"s":[{"cn":"LEMANSITO CORPORATION","ui":"4787893","t":421481.0,"r":341446.0,"q":1.16,"p":1100.0,"mot":"U","mo":341446.0},{"cn":"","ui":"","t":10420.0,"r":3325.0,"q":1.0,"p":315.0,"mot":"L","mo":3325.0}]},{"d":"04.05.2020","r":369730.0,"q":1.19,"p":250.0,"s":[{"cn":"LEMANSITO CORPORATION","ui":"4815176","t":373261.0,"r":369706.0,"q":1.19,"p":250.0,"mot":"U","mo":369706.0},{"cn":"","ui":"","t":11554.0,"r":24.0,"q":1.0,"p":315.0,"mot":"L","mo":24.0}]},{"d":"05.05.2020","r":407361.0,"q":1.16,"p":270.07,"s":[{"cn":"LEMANSITO CORPORATION","ui":"4815176","t":368451.0,"r":349521.0,"q":1.19,"p":250.0,"mot":"U","mo":349521.0},{"cn":"Б1118-38.03.01вшэ(1)_Модные чики","ui":"4838308","t":47840.0,"r":47840.0,"q":1.0,"p":400.0,"mot":"L","mo":47840.0},{"cn":"","ui":"","t":27959.0,"r":10000.0,"q":1.0,"p":350.0,"mot":"L","mo":10000.0}]},{"d":"06.05.2020","r":354834.0,"q":1.17,"p":260.57,"s":[{"cn":"LEMANSITO CORPORATION","ui":"4815176","t":347221.0,"r":323591.0,"q":1.19,"p":250.0,"mot":"U","mo":323591.0},{"cn":"Б1118-38.03.01вшэ(1)_Модные чики","ui":"4838308","t":18000.0,"r":18000.0,"q":1.0,"p":400.0,"mot":"L","mo":18000.0},{"cn":"","ui":"","t":36802.0,"r":13243.0,"q":1.0,"p":329.2,"mot":"L","mo":13243.0}]},{"d":"07.05.2020","r":127888.0,"q":1.19,"p":250.18,"s":[{"cn":"LEMANSITO CORPORATION","ui":"4815176","t":183500.0,"r":126375.0,"q":1.19,"p":250.0,"mot":"U","mo":126375.0},{"cn":"","ui":"","t":19880.0,"r":1513.0,"q":1.0,"p":265.0,"mot":"L","mo":1513.0}]},{"d":"08.05.2020","r":16150.0,"q":1.19,"p":250.0,"s":[{"cn":"LEMANSITO CORPORATION","ui":"4815176","t":85675.0,"r":16150.0,"q":1.19,"p":250.0,"mot":"U","mo":16150.0},{"cn":"","ui":"","t":0.0,"r":0.0,"q":0.0,"p":0.0,"mot":"L","mo":0.0}]},{"d":"11.05.2020","r":11502.0,"q":1.42,"p":388.27,"s":[{"cn":"Б1118-38.03.01вшэ(1)_Модные чики","ui":"4841433","t":40120.0,"r":23420.0,"q":1.0,"p":400.0,"mot":"L","mo":10000.0},{"cn":"team314_KosmoS","ui":"4843296","t":8126.0,"r":8126.0,"q":4.2,"p":310.0,"mot":"L","mo":1500.0},{"cn":"","ui":"","t":2.0,"r":2.0,"q":26.18,"p":450.0,"mot":"L","mo":2.0}]},{"d":"12.05.2020","r":8683.0,"q":1.56,"p":384.47,"s":[{"cn":"Б1118-38.03.01вшэ(1)_Модные чики","ui":"4841433","t":32630.0,"r":7180.0,"q":1.0,"p":400.0,"mot":"L","mo":7180.0},{"cn":"team314_KosmoS","ui":"4843296","t":12889.0,"r":12819.0,"q":4.2,"p":310.0,"mot":"L","mo":1500.0},{"cn":"","ui":"","t":3.0,"r":3.0,"q":26.18,"p":450.0,"mot":"L","mo":3.0}]},{"d":"13.05.2020","r":1500.0,"q":4.19,"p":310.0,"s":[{"cn":"team314_KosmoS","ui":"4843296","t":17632.0,"r":17562.0,"q":4.19,"p":310.0,"mot":"L","mo":1500.0},{"cn":"","ui":"","t":0.0,"r":0.0,"q":0.0,"p":0.0,"mot":"L","mo":0.0}]},{"d":"14.05.2020","r":6500.0,"q":3.3,"p":290.77,"s":[{"cn":"Б1118-38.03.01вшэ(1)_Newsky","ui":"4839238","t":65797.0,"r":41314.0,"q":3.01,"p":285.0,"mot":"L","mo":5000.0},{"cn":"team314_KosmoS","ui":"4843296","t":20875.0,"r":19295.0,"q":4.26,"p":310.0,"mot":"L","mo":1500.0},{"cn":"","ui":"","t":0.0,"r":0.0,"q":0.0,"p":0.0,"mot":"L","mo":0.0}]},{"d":"15.05.2020","r":9736.0,"q":2.54,"p":327.07,"s":[{"cn":"Б1118-38.03.01вшэ(1)_Newsky","ui":"4839238","t":101811.0,"r":74573.0,"q":3.01,"p":285.0,"mot":"L","mo":5000.0},{"cn":"team314_KosmoS","ui":"4843296","t":24108.0,"r":22528.0,"q":4.3,"p":310.0,"mot":"L","mo":1500.0},{"cn":"Б1118-38.03.01вшэ(1)_Модные чики","ui":"4838308","t":17960.0,"r":3236.0,"q":1.0,"p":400.0,"mot":"L","mo":3236.0},{"cn":"","ui":"","t":0.0,"r":0.0,"q":0.0,"p":0.0,"mot":"L","mo":0.0}]},{"d":"18.05.2020","r":11087.0,"q":2.35,"p":335.96,"s":[{"cn":"Б1118-38.03.01вшэ(1)_Newsky","ui":"4839238","t":156532.0,"r":101300.0,"q":3.0,"p":285.0,"mot":"L","mo":5000.0},{"cn":"team314_KosmoS","ui":"4843296","t":19662.0,"r":18082.0,"q":4.3,"p":310.0,"mot":"L","mo":1500.0},{"cn":"Б1118-38.03.01вшэ(1)_Модные чики","ui":"4838308","t":27587.0,"r":4587.0,"q":1.0,"p":400.0,"mot":"L","mo":4587.0},{"cn":"","ui":"","t":0.0,"r":0.0,"q":0.0,"p":0.0,"mot":"L","mo":0.0}]},{"d":"15.06.2020","r":1.0,"q":26.13,"p":450.0,"s":[{"cn":"Taracolli™ Finance, Inc","ui":"4590845","t":1.0,"r":1.0,"q":26.13,"p":450.0,"mot":"U","mo":1.0},{"cn":"","ui":"","t":0.0,"r":0.0,"q":0.0,"p":0.0,"mot":"L","mo":0.0}]},{"d":"16.06.2020","r":2.0,"q":26.13,"p":450.0,"s":[{"cn":"Taracolli™ Finance, Inc","ui":"4590845","t":2.0,"r":2.0,"q":26.13,"p":450.0,"mot":"U","mo":2.0},{"cn":"","ui":"","t":0.0,"r":0.0,"q":0.0,"p":0.0,"mot":"L","mo":0.0}]},{"d":"17.06.2020","r":3.0,"q":26.13,"p":450.0,"s":[{"cn":"Taracolli™ Finance, Inc","ui":"4590845","t":3.0,"r":3.0,"q":26.13,"p":450.0,"mot":"U","mo":3.0},{"cn":"","ui":"","t":0.0,"r":0.0,"q":0.0,"p":0.0,"mot":"L","mo":0.0}]},{"d":"07.01.2021","r":1627540.0,"q":15.89,"p":9111.01,"s":[{"cn":"Rulezzz Invest","ui":"8921485","t":910814.0,"r":823064.0,"q":10.3,"p":8250.0,"mot":"U","mo":823064.0},{"cn":"-\u003dТАНКЕР\u003d-","ui":"9580469","t":807424.0,"r":801424.0,"q":21.64,"p":10000.0,"mot":"U","mo":801424.0},{"cn":"","ui":"","t":220071.0,"r":3052.0,"q":11.48,"p":7869.0,"mot":"L","mo":3052.0}]},{"d":"04.03.2022","r":1000.0,"q":1.0,"p":45.0,"s":[{"cn":"Burlya A. Ltd.","ui":"5334557","t":1000.0,"r":1000.0,"q":1.0,"p":45.0,"mot":"L","mo":1000.0},{"cn":"","ui":"","t":0.0,"r":0.0,"q":0.0,"p":0.0,"mot":"L","mo":0.0}]},{"d":"16.05.2022","r":168319.0,"q":22.42,"p":600.0,"s":[{"cn":"OSS","ui":"5369269","t":178364.0,"r":168319.0,"q":22.42,"p":600.0,"mot":"U","mo":168319.0},{"cn":"","ui":"","t":0.0,"r":0.0,"q":0.0,"p":0.0,"mot":"L","mo":0.0}]},{"d":"17.05.2022","r":219471.0,"q":22.42,"p":300.0,"s":[{"cn":"OSS","ui":"5369269","t":247516.0,"r":219471.0,"q":22.42,"p":300.0,"mot":"U","mo":219471.0},{"cn":"","ui":"","t":0.0,"r":0.0,"q":0.0,"p":0.0,"mot":"L","mo":0.0}]},{"d":"18.05.2022","r":268837.0,"q":22.35,"p":300.0,"s":[{"cn":"OSS","ui":"5369269","t":296882.0,"r":268837.0,"q":22.35,"p":300.0,"mot":"U","mo":268837.0},{"cn":"","ui":"","t":0.0,"r":0.0,"q":0.0,"p":0.0,"mot":"L","mo":0.0}]},{"d":"19.05.2022","r":299979.0,"q":22.37,"p":300.0,"s":[{"cn":"OSS","ui":"5369269","t":338024.0,"r":299979.0,"q":22.37,"p":300.0,"mot":"U","mo":299979.0},{"cn":"","ui":"","t":0.0,"r":0.0,"q":0.0,"p":0.0,"mot":"L","mo":0.0}]},{"d":"20.05.2022","r":310861.0,"q":21.74,"p":300.0,"s":[{"cn":"OSS","ui":"5369269","t":379206.0,"r":310861.0,"q":21.74,"p":300.0,"mot":"U","mo":310861.0},{"cn":"","ui":"","t":0.0,"r":0.0,"q":0.0,"p":0.0,"mot":"L","mo":0.0}]}]