[{"pi":"1512","pc":"Электроника","ss":10000,"td":"Центр города","dc":1,"n":314.63,"vc":"7794","sl":"Очень высокий","sv":"100","p":25000.0,"q":14.18,"b":1.34,"ms":1.22,"wi":49.22,"ei":5.0,"as":337.0,"mi":"E","mv":8213,"sc":1,"lpe":98.78,"lpr":10149.11,"lq":1.0,"d":451228},{"pi":"1512","pc":"Электроника","ss":10000,"td":"Центр города","dc":1,"n":416.46,"vc":"13724","sl":"Очень высокий","sv":"800","p":30000.0,"q":14.18,"b":1.34,"ms":16.59,"wi":60.1,"ei":6.0,"as":396.0,"mi":"E","mv":4821,"sc":1,"lpe":83.41,"lpr":9879.84,"lq":2.82,"d":264316},{"pi":"1512","pc":"Электроника","ss":10000,"td":"Спальный район","dc":2,"n":421.29,"vc":"21689","sl":"Очень высокий","sv":"200","p":31000.0,"q":14.18,"b":0.0,"ms":0.57,"wi":62.72,"ei":7.0,"as":1148.0,"mi":"E","mv":35376,"sc":2,"lpe":99.38,"lpr":15003.59,"lq":1.0,"d":2007074},{"pi":"1512","pc":"Электроника","ss":3000,"td":"Окраина","dc":1,"n":263.06,"vc":"2663","sl":"Элитный","sv":"20","p":8900.0,"q":11.81,"b":0.0,"ms":0.06,"wi":62.72,"ei":7.0,"as":1148.0,"mi":"E","mv":35376,"sc":2,"lpe":99.38,"lpr":15003.59,"lq":1.0,"d":2007074},{"pi":"1512","pc":"Электроника","ss":10000,"td":"Центр города","dc":2,"n":424.1,"vc":"25260","sl":"Очень высокий","sv":"50","p":22000.0,"q":14.18,"b":0.0,"ms":0.21,"wi":56.61,"ei":7.0,"as":1036.07,"mi":"E","mv":23384,"sc":1,"lpe":99.79,"lpr":10551.01,"lq":1.0,"d":1285176},{"pi":"1512","pc":"Электроника","ss":2000,"td":"Центр города","dc":2,"n":53.47,"vc":"1026","sl":"Элитный","sv":"17","p":1300.0,"q":1.0,"b":0.16,"ms":0.07,"wi":8.92,"ei":8.93,"as":271.6,"mi":"E","mv":24056,"sc":1,"lpe":99.93,"lpr":883.21,"lq":1.0,"d":2347591},{"pi":"1512","pc":"Электроника","ss":2000,"td":"Центр города","dc":2,"n":58.06,"vc":"998","sl":"Элитный","sv":"9","p":1300.0,"q":1.0,"b":0.151111111111111,"ms":0.04,"wi":9.31,"ei":5.89,"as":288.61,"mi":"E","mv":25379,"sc":1,"lpe":99.96,"lpr":742.81,"lq":1.0,"d":2001166},{"pi":"1512","pc":"Электроника","ss":20000,"td":"Окраина","dc":6,"n":345.93,"vc":"11404","sl":"Очень высокий","sv":"100","p":18600.0,"q":14.18,"b":0.28,"ms":0.7,"wi":49.39,"ei":7.0,"as":1230.33,"mi":"E","mv":14217,"sc":1,"lpe":99.3,"lpr":7875.7,"lq":1.0,"d":781464},{"pi":"1512","pc":"Электроника","ss":100000,"td":"Фешенебельный район","dc":2,"n":596.47,"vc":"141929","sl":"Элитный","sv":"311","p":90000.0,"q":13.93,"b":0.0,"ms":0.81,"wi":58.91,"ei":7.0,"as":1299.6,"mi":"E","mv":38436,"sc":4,"lpe":97.97,"lpr":14941.9,"lq":1.0,"d":2111474},{"pi":"1512","pc":"Электроника","ss":20000,"td":"Центр города","dc":2,"n":390.32,"vc":"57602","sl":"Очень высокий","sv":"250","p":22500.0,"q":16.34,"b":1.77,"ms":0.65,"wi":58.91,"ei":7.0,"as":1299.6,"mi":"E","mv":38436,"sc":4,"lpe":97.97,"lpr":14941.9,"lq":1.0,"d":2111474},{"pi":"1512","pc":"Электроника","ss":10000,"td":"Центр города","dc":2,"n":284.47,"vc":"10701","sl":"Элитный","sv":"200","p":29000.0,"q":14.18,"b":0.28,"ms":0.52,"wi":58.91,"ei":7.0,"as":1299.6,"mi":"E","mv":38436,"sc":4,"lpe":97.97,"lpr":14941.9,"lq":1.0,"d":2111474},{"pi":"1512","pc":"Электроника","ss":2000,"td":"Окраина","dc":1,"n":260.19,"vc":"2108","sl":"Элитный","sv":"18","p":9500.0,"q":11.81,"b":0.0,"ms":0.05,"wi":58.91,"ei":7.0,"as":1299.6,"mi":"E","mv":38436,"sc":4,"lpe":97.97,"lpr":14941.9,"lq":1.0,"d":2111474},{"pi":"1512","pc":"Электроника","ss":30000,"td":"Центр города","dc":1,"n":294.4,"vc":"58060","sl":"Элитный","sv":"3279","p":24964.06,"q":6.74,"b":1.65,"ms":1.96,"wi":79.78,"ei":9.46,"as":2502.0,"mi":"E","mv":167013,"sc":14,"lpe":93.45,"lpr":11123.27,"lq":1.0,"d":9185246},{"pi":"1512","pc":"Электроника","ss":50000,"td":"Центр города","dc":1,"n":343.34,"vc":"125547","sl":"Элитный","sv":"1979","p":55000.0,"q":11.17,"b":2.9,"ms":1.18,"wi":79.78,"ei":9.46,"as":2502.0,"mi":"E","mv":167013,"sc":14,"lpe":93.45,"lpr":11123.27,"lq":1.0,"d":9185246},{"pi":"1512","pc":"Электроника","ss":100000,"td":"Центр города","dc":1,"n":348.7,"vc":"146142","sl":"Элитный","sv":"976","p":50000.0,"q":17.05,"b":1.89,"ms":0.58,"wi":79.78,"ei":9.46,"as":2502.0,"mi":"E","mv":167013,"sc":14,"lpe":93.45,"lpr":11123.27,"lq":1.0,"d":9185246},{"pi":"1512","pc":"Электроника","ss":100000,"td":"Центр города","dc":1,"n":299.1,"vc":"90701","sl":"Элитный","sv":"664","p":39500.0,"q":15.76,"b":0.69,"ms":0.4,"wi":79.78,"ei":9.46,"as":2502.0,"mi":"E","mv":167013,"sc":14,"lpe":93.45,"lpr":11123.27,"lq":1.0,"d":9185246},{"pi":"1512","pc":"Электроника","ss":190000,"td":"Спальный район","dc":3,"n":433.66,"vc":"430903","sl":"Очень высокий","sv":"664","p":33000.0,"q":14.83,"b":0.12,"ms":0.4,"wi":79.78,"ei":9.46,"as":2502.0,"mi":"E","mv":167013,"sc":14,"lpe":93.45,"lpr":11123.27,"lq":1.0,"d":9185246},{"pi":"1512","pc":"Электроника","ss":30000,"td":"Центр города","dc":1,"n":312.87,"vc":"67785","sl":"Элитный","sv":"558","p":45000.0,"q":17.03,"b":1.42,"ms":0.33,"wi":79.78,"ei":9.46,"as":2502.0,"mi":"E","mv":167013,"sc":14,"lpe":93.45,"lpr":11123.27,"lq":1.0,"d":9185246},{"pi":"1512","pc":"Электроника","ss":30000,"td":"Центр города","dc":2,"n":321.18,"vc":"48451","sl":"Элитный","sv":"531","p":40000.0,"q":15.49,"b":0.56,"ms":0.32,"wi":79.78,"ei":9.46,"as":2502.0,"mi":"E","mv":167013,"sc":14,"lpe":93.45,"lpr":11123.27,"lq":1.0,"d":9185246},{"pi":"1512","pc":"Электроника","ss":100000,"td":"Центр города","dc":1,"n":294.94,"vc":"130719","sl":"Элитный","sv":"531","p":45000.0,"q":15.4,"b":1.2,"ms":0.32,"wi":79.78,"ei":9.46,"as":2502.0,"mi":"E","mv":167013,"sc":14,"lpe":93.45,"lpr":11123.27,"lq":1.0,"d":9185246},{"pi":"1512","pc":"Электроника","ss":10000,"td":"Спальный район","dc":2,"n":203.13,"vc":"7357","sl":"Элитный","sv":"529","p":33000.0,"q":14.08,"b":0.25,"ms":0.32,"wi":79.78,"ei":9.46,"as":2502.0,"mi":"E","mv":167013,"sc":14,"lpe":93.45,"lpr":11123.27,"lq":1.0,"d":9185246},{"pi":"1512","pc":"Электроника","ss":40000,"td":"Центр города","dc":2,"n":245.35,"vc":"45830","sl":"Элитный","sv":"448","p":50000.0,"q":16.18,"b":0.0,"ms":0.27,"wi":79.78,"ei":9.46,"as":2502.0,"mi":"E","mv":167013,"sc":14,"lpe":93.45,"lpr":11123.27,"lq":1.0,"d":9185246},{"pi":"1512","pc":"Электроника","ss":10000,"td":"Центр города","dc":1,"n":366.76,"vc":"11805","sl":"Очень высокий","sv":"100","p":25000.0,"q":14.18,"b":1.34,"ms":1.12,"wi":49.5,"ei":5.0,"as":327.0,"mi":"E","mv":8941,"sc":1,"lpe":98.88,"lpr":10208.29,"lq":1.0,"d":491286},{"pi":"1512","pc":"Электроника","ss":10000,"td":"Центр города","dc":1,"n":408.3,"vc":"13425","sl":"Элитный","sv":"700","p":25000.0,"q":14.18,"b":1.34,"ms":13.04,"wi":47.04,"ei":5.0,"as":323.0,"mi":"E","mv":5369,"sc":1,"lpe":86.96,"lpr":7658.64,"lq":1.64,"d":294868},{"pi":"1512","pc":"Электроника","ss":10000,"td":"Центр города","dc":1,"n":363.04,"vc":"11690","sl":"Элитный","sv":"100","p":25000.0,"q":14.18,"b":1.34,"ms":1.09,"wi":53.9,"ei":6.0,"as":346.0,"mi":"E","mv":9181,"sc":1,"lpe":98.91,"lpr":10442.44,"lq":1.0,"d":516707},{"pi":"1512","pc":"Электроника","ss":10000,"td":"Центр города","dc":1,"n":353.46,"vc":"11397","sl":"Очень высокий","sv":"100","p":25000.0,"q":14.18,"b":1.34,"ms":0.93,"wi":54.84,"ei":5.0,"as":319.18,"mi":"E","mv":10705,"sc":1,"lpe":99.07,"lpr":10433.76,"lq":1.0,"d":588300},{"pi":"1512","pc":"Электроника","ss":5000,"td":"Центр города","dc":1,"n":180.85,"vc":"3671","sl":"Очень высокий","sv":"187","p":11000.0,"q":2.4,"b":0.0,"ms":0.41,"wi":47.49,"ei":5.0,"as":354.0,"mi":"E","mv":45246,"sc":1,"lpe":99.59,"lpr":10333.82,"lq":1.0,"d":2488066},{"pi":"1512","pc":"Электроника","ss":10000,"td":"Центр города","dc":1,"n":247.93,"vc":"6213","sl":"Элитный","sv":"100","p":25000.0,"q":14.18,"b":1.34,"ms":0.57,"wi":49.72,"ei":7.0,"as":374.0,"mi":"E","mv":17587,"sc":1,"lpe":99.43,"lpr":10178.54,"lq":1.0,"d":966800},{"pi":"1512","pc":"Электроника","ss":20000,"td":"Центр города","dc":1,"n":357.22,"vc":"17499","sl":"Элитный","sv":"2218","p":50000.0,"q":11.17,"b":1.55,"ms":25.57,"wi":65.6,"ei":7.0,"as":380.0,"mi":"E","mv":8675,"sc":2,"lpe":73.28,"lpr":12636.99,"lq":1.31,"d":476640},{"pi":"1512","pc":"Электроника","ss":10000,"td":"Центр города","dc":1,"n":309.89,"vc":"7671","sl":"Элитный","sv":"100","p":33000.0,"q":14.18,"b":1.34,"ms":1.15,"wi":65.6,"ei":7.0,"as":380.0,"mi":"E","mv":8675,"sc":2,"lpe":73.28,"lpr":12636.99,"lq":1.31,"d":476640},{"pi":"1512","pc":"Электроника","ss":2000,"td":"Центр города","dc":2,"n":42.18,"vc":"1206","sl":"Элитный","sv":"8","p":1200.0,"q":1.0,"b":0.385,"ms":0.01,"wi":8.02,"ei":5.0,"as":150.0,"mi":"E","mv":69968,"sc":1,"lpe":99.99,"lpr":596.73,"lq":1.0,"d":4539421},{"pi":"1512","pc":"Электроника","ss":10000,"td":"Центр города","dc":1,"n":290.94,"vc":"10152","sl":"Элитный","sv":"2000","p":37000.0,"q":14.18,"b":1.34,"ms":6.94,"wi":63.08,"ei":7.98,"as":479.0,"mi":"E","mv":28811,"sc":3,"lpe":90.39,"lpr":11753.49,"lq":1.56,"d":1584151},{"pi":"1512","pc":"Электроника","ss":20000,"td":"Центр города","dc":3,"n":422.95,"vc":"45092","sl":"Высокий","sv":"618","p":50000.0,"q":11.16,"b":1.55,"ms":2.15,"wi":63.08,"ei":7.98,"as":479.0,"mi":"E","mv":28811,"sc":3,"lpe":90.39,"lpr":11753.49,"lq":1.56,"d":1584151},{"pi":"1512","pc":"Электроника","ss":10000,"td":"Центр города","dc":3,"n":74.37,"vc":"2046","sl":"Элитный","sv":"152","p":10000.0,"q":1.0,"b":0.0,"ms":0.53,"wi":63.08,"ei":7.98,"as":479.0,"mi":"E","mv":28811,"sc":3,"lpe":90.39,"lpr":11753.49,"lq":1.56,"d":1584151},{"pi":"1512","pc":"Электроника","ss":11000,"td":"Центр города","dc":1,"n":430.28,"vc":"26812","sl":"Элитный","sv":"700","p":50000.0,"q":11.17,"b":1.55,"ms":3.52,"wi":53.01,"ei":5.0,"as":324.0,"mi":"E","mv":19899,"sc":2,"lpe":95.98,"lpr":10208.75,"lq":1.0,"d":1093944},{"pi":"1512","pc":"Электроника","ss":10000,"td":"Центр города","dc":1,"n":237.29,"vc":"5997","sl":"Элитный","sv":"100","p":25000.0,"q":14.18,"b":1.34,"ms":0.5,"wi":53.01,"ei":5.0,"as":324.0,"mi":"E","mv":19899,"sc":2,"lpe":95.98,"lpr":10208.75,"lq":1.0,"d":1093944},{"pi":"1512","pc":"Электроника","ss":20000,"td":"Центр города","dc":2,"n":392.37,"vc":"21496","sl":"Элитный","sv":"300","p":28800.0,"q":14.18,"b":1.54,"ms":4.29,"wi":61.17,"ei":7.54,"as":1230.25,"mi":"E","mv":6990,"sc":1,"lpe":95.71,"lpr":14826.8,"lq":1.0,"d":384017},{"pi":"1512","pc":"Электроника","ss":10000,"td":"Центр города","dc":1,"n":400.34,"vc":"23931","sl":"Элитный","sv":"1316","p":41000.0,"q":14.42,"b":0.0,"ms":3.98,"wi":65.52,"ei":7.0,"as":1059.0,"mi":"E","mv":33089,"sc":2,"lpe":95.87,"lpr":14738.86,"lq":1.0,"d":1819400},{"pi":"1512","pc":"Электроника","ss":10000,"td":"Спальный район","dc":2,"n":428.06,"vc":"22032","sl":"Очень высокий","sv":"50","p":28000.0,"q":14.18,"b":0.0,"ms":0.15,"wi":65.52,"ei":7.0,"as":1059.0,"mi":"E","mv":33089,"sc":2,"lpe":95.87,"lpr":14738.86,"lq":1.0,"d":1819400},{"pi":"1512","pc":"Электроника","ss":10000,"td":"Окраина","dc":2,"n":363.05,"vc":"7380","sl":"Элитный","sv":"20","p":7800.0,"q":14.18,"b":0.0,"ms":0.29,"wi":21.82,"ei":8.8,"as":448.97,"mi":"E","mv":6822,"sc":1,"lpe":99.71,"lpr":2854.42,"lq":1.0,"d":597386}]