[{"d":"20.08.2018","r":18.0,"q":1.0,"p":80000.0,"s":[{"cn":"Шубин Инвест","ui":"7838930","t":18.0,"r":18.0,"q":1.0,"p":80000.0,"mot":"U","mo":18.0},{"cn":"","ui":"","t":0.0,"r":0.0,"q":0.0,"p":0.0,"mot":"L","mo":0.0}]},{"d":"21.08.2018","r":16.0,"q":1.0,"p":80000.0,"s":[{"cn":"Шубин Инвест","ui":"7838930","t":18.0,"r":16.0,"q":1.0,"p":80000.0,"mot":"U","mo":16.0},{"cn":"","ui":"","t":0.0,"r":0.0,"q":0.0,"p":0.0,"mot":"L","mo":0.0}]},{"d":"22.08.2018","r":12.0,"q":1.14,"p":80000.0,"s":[{"cn":"Шубин Инвест","ui":"7838930","t":16.0,"r":12.0,"q":1.14,"p":80000.0,"mot":"U","mo":12.0},{"cn":"","ui":"","t":0.0,"r":0.0,"q":0.0,"p":0.0,"mot":"L","mo":0.0}]},{"d":"23.08.2018","r":10.0,"q":1.28,"p":80000.0,"s":[{"cn":"Шубин Инвест","ui":"7838930","t":14.0,"r":10.0,"q":1.28,"p":80000.0,"mot":"U","mo":10.0},{"cn":"","ui":"","t":0.0,"r":0.0,"q":0.0,"p":0.0,"mot":"L","mo":0.0}]},{"d":"24.08.2018","r":6.0,"q":1.43,"p":80000.0,"s":[{"cn":"Шубин Инвест","ui":"7838930","t":11.0,"r":6.0,"q":1.43,"p":80000.0,"mot":"U","mo":6.0},{"cn":"","ui":"","t":0.0,"r":0.0,"q":0.0,"p":0.0,"mot":"L","mo":0.0}]}]