[{"pi":"1513","pc":"Промышленные товары","ss":100000,"td":"Центр города","dc":5,"n":252.31,"vc":"36490","sl":"Элитный","sv":"2000","p":20000.0,"q":65.12,"b":1.85,"ms":14.63,"wi":43.25,"ei":8.96,"as":259.04,"mi":"E","mv":13668,"sc":1,"lpe":85.37,"lpr":18262.0,"lq":3.0,"d":2463436},{"pi":"1513","pc":"Промышленные товары","ss":100000,"td":"Центр города","dc":4,"n":301.71,"vc":"46555","sl":"Элитный","sv":"1000","p":34000.0,"q":65.12,"b":0.0,"ms":22.29,"wi":55.12,"ei":8.36,"as":411.86,"mi":"E","mv":4486,"sc":1,"lpe":77.71,"lpr":10789.57,"lq":2.08,"d":1271530},{"pi":"1513","pc":"Промышленные товары","ss":10000,"td":"Центр города","dc":1,"n":401.7,"vc":"24007","sl":"Элитный","sv":"2000","p":24000.0,"q":65.12,"b":2.6,"ms":15.08,"wi":66.51,"ei":8.76,"as":347.78,"mi":"E","mv":13264,"sc":1,"lpe":84.92,"lpr":24376.43,"lq":3.16,"d":1784134},{"pi":"1513","pc":"Промышленные товары","ss":10000,"td":"Центр города","dc":2,"n":314.93,"vc":"9760","sl":"Элитный","sv":"500","p":50000.0,"q":65.12,"b":2.03,"ms":20.11,"wi":65.36,"ei":8.06,"as":531.88,"mi":"E","mv":2486,"sc":1,"lpe":79.89,"lpr":15471.2,"lq":2.81,"d":852721},{"pi":"1513","pc":"Промышленные товары","ss":10000,"td":"Центр города","dc":2,"n":178.0,"vc":"2658","sl":"Элитный","sv":"800","p":12999.0,"q":30.09,"b":0.0,"ms":33.06,"wi":62.27,"ei":13.35,"as":674.99,"mi":"E","mv":2420,"sc":1,"lpe":66.94,"lpr":11282.18,"lq":2.92,"d":374441},{"pi":"1513","pc":"Промышленные товары","ss":10000,"td":"Центр города","dc":2,"n":318.7,"vc":"9824","sl":"Элитный","sv":"644","p":55000.0,"q":65.1,"b":0.0,"ms":26.1,"wi":88.65,"ei":9.17,"as":926.04,"mi":"E","mv":2467,"sc":1,"lpe":73.9,"lpr":12135.07,"lq":2.12,"d":802320},{"pi":"1513","pc":"Промышленные товары","ss":10000,"td":"Центр города","dc":1,"n":297.61,"vc":"9483","sl":"Элитный","sv":"224","p":140000.0,"q":66.83,"b":0.0,"ms":8.74,"wi":112.2,"ei":10.46,"as":1478.26,"mi":"E","mv":2563,"sc":1,"lpe":91.26,"lpr":26158.93,"lq":1.0,"d":1132390},{"pi":"1513","pc":"Промышленные товары","ss":10000,"td":"Центр города","dc":2,"n":205.75,"vc":"2678","sl":"Элитный","sv":"800","p":8599.0,"q":30.09,"b":0.0,"ms":22.45,"wi":46.49,"ei":9.42,"as":383.85,"mi":"E","mv":3563,"sc":1,"lpe":77.55,"lpr":3639.31,"lq":1.0,"d":223434},{"pi":"1513","pc":"Промышленные товары","ss":100000,"td":"Центр города","dc":5,"n":282.69,"vc":"40637","sl":"Элитный","sv":"1000","p":15000.0,"q":65.12,"b":1.85,"ms":14.66,"wi":36.6,"ei":8.31,"as":211.85,"mi":"E","mv":6823,"sc":1,"lpe":85.34,"lpr":18738.02,"lq":2.95,"d":1453950},{"pi":"1513","pc":"Промышленные товары","ss":300000,"td":"Центр города","dc":7,"n":368.57,"vc":"375303","sl":"Очень высокий","sv":"4000","p":35000.0,"q":65.12,"b":1.85,"ms":10.13,"wi":50.66,"ei":10.64,"as":327.0,"mi":"E","mv":39501,"sc":1,"lpe":89.87,"lpr":19882.97,"lq":3.12,"d":7537390},{"pi":"1513","pc":"Промышленные товары","ss":100000,"td":"Центр города","dc":3,"n":0.0,"vc":"2034","sl":"Элитный","sv":"146","p":20000.0,"q":37.41,"b":0.0,"ms":7.88,"wi":61.68,"ei":8.89,"as":806.78,"mi":"E","mv":1852,"sc":1,"lpe":92.12,"lpr":12943.85,"lq":2.3,"d":659952},{"pi":"1513","pc":"Промышленные товары","ss":100000,"td":"Фешенебельный район","dc":7,"n":354.35,"vc":"11178","sl":"Элитный","sv":"956","p":20000.0,"q":38.6,"b":0.0,"ms":8.25,"wi":34.47,"ei":11.19,"as":156.87,"mi":"E","mv":11594,"sc":1,"lpe":91.75,"lpr":4445.62,"lq":1.0,"d":1148164},{"pi":"1513","pc":"Промышленные товары","ss":100000,"td":"Центр города","dc":1,"n":0.0,"vc":"4438","sl":"Элитный","sv":"3238","p":30847.66,"q":33.49,"b":0.0,"ms":42.53,"wi":41.17,"ei":8.83,"as":225.06,"mi":"E","mv":7614,"sc":1,"lpe":57.47,"lpr":12904.17,"lq":3.31,"d":1925822},{"pi":"1513","pc":"Промышленные товары","ss":100000,"td":"Центр города","dc":2,"n":270.61,"vc":"38841","sl":"Элитный","sv":"1000","p":50000.0,"q":65.12,"b":3.9,"ms":16.15,"wi":75.92,"ei":7.32,"as":536.04,"mi":"E","mv":6191,"sc":1,"lpe":83.85,"lpr":40953.77,"lq":3.16,"d":1780714},{"pi":"1513","pc":"Промышленные товары","ss":10000,"td":"Центр города","dc":2,"n":213.33,"vc":"2685","sl":"Элитный","sv":"400","p":7999.0,"q":30.09,"b":0.0,"ms":29.59,"wi":24.79,"ei":5.22,"as":302.26,"mi":"E","mv":1352,"sc":1,"lpe":70.41,"lpr":6315.88,"lq":1.64,"d":182800},{"pi":"1513","pc":"Промышленные товары","ss":100000,"td":"Спальный район","dc":3,"n":0.0,"vc":"1483","sl":"Элитный","sv":"50","p":4420.25,"q":31.86,"b":0.0,"ms":4.73,"wi":17.78,"ei":8.05,"as":116.52,"mi":"E","mv":1057,"sc":1,"lpe":95.27,"lpr":14370.92,"lq":1.0,"d":608576},{"pi":"1513","pc":"Промышленные товары","ss":10000,"td":"Центр города","dc":2,"n":195.2,"vc":"2668","sl":"Элитный","sv":"700","p":11999.0,"q":30.09,"b":0.0,"ms":17.55,"wi":43.59,"ei":7.31,"as":476.27,"mi":"E","mv":3988,"sc":1,"lpe":82.45,"lpr":3902.45,"lq":1.0,"d":263256},{"pi":"1513","pc":"Промышленные товары","ss":10000,"td":"Центр города","dc":2,"n":163.1,"vc":"2668","sl":"Элитный","sv":"800","p":9499.0,"q":30.09,"b":0.0,"ms":19.11,"wi":60.54,"ei":6.77,"as":450.24,"mi":"E","mv":4187,"sc":1,"lpe":80.89,"lpr":9098.56,"lq":2.29,"d":518786},{"pi":"1513","pc":"Промышленные товары","ss":10000,"td":"Центр города","dc":2,"n":162.16,"vc":"2669","sl":"Элитный","sv":"1200","p":11899.0,"q":30.09,"b":0.0,"ms":18.17,"wi":48.51,"ei":15.71,"as":380.15,"mi":"E","mv":6604,"sc":1,"lpe":81.83,"lpr":11637.07,"lq":3.03,"d":545196},{"pi":"1513","pc":"Промышленные товары","ss":10000,"td":"Центр города","dc":2,"n":219.38,"vc":"4940","sl":"Элитный","sv":"1500","p":6999.0,"q":30.09,"b":0.0,"ms":15.04,"wi":56.24,"ei":7.07,"as":380.48,"mi":"E","mv":9971,"sc":1,"lpe":84.96,"lpr":6038.93,"lq":1.7,"d":917721},{"pi":"1513","pc":"Промышленные товары","ss":10000,"td":"Центр города","dc":2,"n":166.89,"vc":"2664","sl":"Элитный","sv":"1000","p":7999.0,"q":30.09,"b":0.0,"ms":18.82,"wi":53.32,"ei":6.45,"as":372.85,"mi":"E","mv":5313,"sc":1,"lpe":81.18,"lpr":6591.58,"lq":1.71,"d":476878},{"pi":"1513","pc":"Промышленные товары","ss":100000,"td":"Центр города","dc":1,"n":453.6,"vc":"182376","sl":"Элитный","sv":"1220","p":4060.0,"q":25.71,"b":0.0,"ms":6.29,"wi":17.71,"ei":7.81,"as":93.95,"mi":"E","mv":19383,"sc":1,"lpe":93.71,"lpr":1354.29,"lq":1.0,"d":969146},{"pi":"1513","pc":"Промышленные товары","ss":110000,"td":"Центр города","dc":1,"n":0.0,"vc":"7764","sl":"Элитный","sv":"1300","p":34000.0,"q":34.76,"b":0.0,"ms":4.19,"wi":29.73,"ei":5.12,"as":183.24,"mi":"E","mv":31036,"sc":1,"lpe":95.81,"lpr":11838.06,"lq":1.0,"d":8609120},{"pi":"1513","pc":"Промышленные товары","ss":100000,"td":"Центр города","dc":3,"n":288.21,"vc":"49137","sl":"Элитный","sv":"634","p":152000.0,"q":66.92,"b":2.36,"ms":12.11,"wi":154.18,"ei":9.34,"as":2208.0,"mi":"E","mv":5235,"sc":1,"lpe":87.89,"lpr":28895.77,"lq":6.09,"d":2149998},{"pi":"1513","pc":"Промышленные товары","ss":200000,"td":"Центр города","dc":6,"n":406.25,"vc":"490870","sl":"Нормальный","sv":"9500","p":60000.0,"q":31.86,"b":0.0,"ms":31.14,"wi":166.72,"ei":9.88,"as":2625.25,"mi":"D","mv":30504,"sc":4,"lpe":34.43,"lpr":49502.47,"lq":13.15,"d":11635600},{"pi":"1513","pc":"Промышленные товары","ss":100000,"td":"Центр города","dc":2,"n":269.01,"vc":"73775","sl":"Элитный","sv":"5000","p":60000.0,"q":31.86,"b":0.0,"ms":16.39,"wi":166.72,"ei":9.88,"as":2625.25,"mi":"D","mv":30504,"sc":4,"lpe":34.43,"lpr":49502.47,"lq":13.15,"d":11635600},{"pi":"1513","pc":"Промышленные товары","ss":100000,"td":"Центр города","dc":4,"n":172.26,"vc":"29100","sl":"Элитный","sv":"4000","p":115000.0,"q":65.12,"b":2.36,"ms":13.11,"wi":166.72,"ei":9.88,"as":2625.25,"mi":"D","mv":30504,"sc":4,"lpe":34.43,"lpr":49502.47,"lq":13.15,"d":11635600},{"pi":"1513","pc":"Промышленные товары","ss":130000,"td":"Центр города","dc":10,"n":230.08,"vc":"89642","sl":"Очень высокий","sv":"1500","p":120000.0,"q":31.86,"b":0.0,"ms":4.92,"wi":166.72,"ei":9.88,"as":2625.25,"mi":"D","mv":30504,"sc":4,"lpe":34.43,"lpr":49502.47,"lq":13.15,"d":11635600},{"pi":"1513","pc":"Промышленные товары","ss":10000,"td":"Центр города","dc":1,"n":365.76,"vc":"22235","sl":"Элитный","sv":"2200","p":10000.0,"q":65.12,"b":3.54,"ms":14.17,"wi":62.14,"ei":7.68,"as":426.52,"mi":"E","mv":15523,"sc":2,"lpe":79.39,"lpr":11419.83,"lq":2.12,"d":3062821},{"pi":"1513","pc":"Промышленные товары","ss":10000,"td":"Фешенебельный район","dc":1,"n":408.0,"vc":"4558","sl":"Элитный","sv":"1000","p":10000.0,"q":81.55,"b":0.0,"ms":6.44,"wi":62.14,"ei":7.68,"as":426.52,"mi":"E","mv":15523,"sc":2,"lpe":79.39,"lpr":11419.83,"lq":2.12,"d":3062821},{"pi":"1513","pc":"Промышленные товары","ss":140000,"td":"Фешенебельный район","dc":2,"n":505.99,"vc":"217478","sl":"Элитный","sv":"7000","p":12500.0,"q":89.85,"b":0.0,"ms":12.65,"wi":48.27,"ei":9.23,"as":380.0,"mi":"E","mv":55356,"sc":1,"lpe":87.35,"lpr":15233.55,"lq":4.05,"d":11000140},{"pi":"1513","pc":"Промышленные товары","ss":100000,"td":"Фешенебельный район","dc":1,"n":0.0,"vc":"515","sl":"Элитный","sv":"169","p":98976.98,"q":43.22,"b":0.0,"ms":1.32,"wi":60.31,"ei":7.67,"as":446.7,"mi":"E","mv":12757,"sc":1,"lpe":98.68,"lpr":39028.11,"lq":1.0,"d":2952988},{"pi":"1513","pc":"Промышленные товары","ss":100000,"td":"Центр города","dc":5,"n":225.11,"vc":"33428","sl":"Элитный","sv":"4000","p":20000.0,"q":65.12,"b":2.81,"ms":17.9,"wi":43.74,"ei":9.29,"as":248.71,"mi":"E","mv":22348,"sc":2,"lpe":74.84,"lpr":8096.16,"lq":2.27,"d":4048917},{"pi":"1513","pc":"Промышленные товары","ss":100000,"td":"Центр города","dc":1,"n":323.7,"vc":"129402","sl":"Элитный","sv":"1623","p":49452.35,"q":34.7,"b":0.0,"ms":7.26,"wi":43.74,"ei":9.29,"as":248.71,"mi":"E","mv":22348,"sc":2,"lpe":74.84,"lpr":8096.16,"lq":2.27,"d":4048917},{"pi":"1513","pc":"Промышленные товары","ss":100000,"td":"Центр города","dc":3,"n":286.76,"vc":"41200","sl":"Элитный","sv":"1000","p":50000.0,"q":65.12,"b":0.0,"ms":19.99,"wi":109.66,"ei":9.0,"as":663.67,"mi":"E","mv":5003,"sc":1,"lpe":80.01,"lpr":58558.96,"lq":3.79,"d":1352330},{"pi":"1513","pc":"Промышленные товары","ss":100000,"td":"Центр города","dc":3,"n":220.1,"vc":"32885","sl":"Элитный","sv":"4000","p":30000.0,"q":65.12,"b":0.0,"ms":17.32,"wi":57.37,"ei":10.06,"as":176.05,"mi":"E","mv":23090,"sc":1,"lpe":82.68,"lpr":15995.16,"lq":2.84,"d":4433298},{"pi":"1513","pc":"Промышленные товары","ss":100000,"td":"Центр города","dc":3,"n":327.26,"vc":"99900","sl":"Элитный","sv":"2000","p":40000.0,"q":65.12,"b":0.0,"ms":9.84,"wi":65.33,"ei":8.99,"as":361.0,"mi":"E","mv":20330,"sc":1,"lpe":90.16,"lpr":29211.5,"lq":1.0,"d":5583100},{"pi":"1513","pc":"Промышленные товары","ss":100000,"td":"Центр города","dc":2,"n":241.44,"vc":"35162","sl":"Элитный","sv":"1000","p":100000.0,"q":65.12,"b":2.41,"ms":13.85,"wi":171.48,"ei":10.04,"as":2283.46,"mi":"E","mv":7222,"sc":2,"lpe":83.01,"lpr":70524.29,"lq":12.32,"d":2986744},{"pi":"1513","pc":"Промышленные товары","ss":300000,"td":"Фешенебельный район","dc":9,"n":497.37,"vc":"140384","sl":"Элитный","sv":"227","p":161641.55,"q":63.76,"b":0.0,"ms":3.14,"wi":171.48,"ei":10.04,"as":2283.46,"mi":"E","mv":7222,"sc":2,"lpe":83.01,"lpr":70524.29,"lq":12.32,"d":2986744},{"pi":"1513","pc":"Промышленные товары","ss":300000,"td":"Фешенебельный район","dc":10,"n":536.81,"vc":"181132","sl":"Очень высокий","sv":"1042","p":22514.26,"q":64.38,"b":0.0,"ms":21.08,"wi":125.88,"ei":10.29,"as":1744.48,"mi":"E","mv":4943,"sc":1,"lpe":78.92,"lpr":51286.33,"lq":12.91,"d":2094907},{"pi":"1513","pc":"Промышленные товары","ss":10000,"td":"Центр города","dc":1,"n":275.36,"vc":"9159","sl":"Элитный","sv":"1000","p":100000.0,"q":65.12,"b":2.41,"ms":26.01,"wi":179.63,"ei":10.34,"as":2350.25,"mi":"E","mv":3844,"sc":1,"lpe":73.99,"lpr":44520.45,"lq":3.38,"d":1641016},{"pi":"1513","pc":"Промышленные товары","ss":100000,"td":"Фешенебельный район","dc":1,"n":616.53,"vc":"169280","sl":"Элитный","sv":"2000","p":9000.0,"q":89.85,"b":0.0,"ms":49.5,"wi":66.62,"ei":7.95,"as":493.05,"mi":"E","mv":4040,"sc":1,"lpe":50.5,"lpr":12633.54,"lq":12.42,"d":632057},{"pi":"1513","pc":"Промышленные товары","ss":100000,"td":"Центр города","dc":1,"n":471.94,"vc":"198677","sl":"Элитный","sv":"1240","p":7950.0,"q":25.71,"b":0.31,"ms":18.31,"wi":59.42,"ei":8.65,"as":472.08,"mi":"E","mv":6773,"sc":2,"lpe":74.31,"lpr":16962.8,"lq":4.65,"d":747777},{"pi":"1513","pc":"Промышленные товары","ss":10000,"td":"Фешенебельный район","dc":1,"n":681.75,"vc":"31611","sl":"Очень высокий","sv":"500","p":14700.0,"q":89.85,"b":0.0,"ms":7.38,"wi":59.42,"ei":8.65,"as":472.08,"mi":"E","mv":6773,"sc":2,"lpe":74.31,"lpr":16962.8,"lq":4.65,"d":747777},{"pi":"1513","pc":"Промышленные товары","ss":100000,"td":"Центр города","dc":1,"n":435.6,"vc":"230910","sl":"Элитный","sv":"456","p":76962.03,"q":34.72,"b":0.0,"ms":8.42,"wi":69.95,"ei":8.74,"as":537.58,"mi":"E","mv":5414,"sc":1,"lpe":91.58,"lpr":10967.06,"lq":1.0,"d":978886},{"pi":"1513","pc":"Промышленные товары","ss":10000,"td":"Центр города","dc":1,"n":315.63,"vc":"10322","sl":"Элитный","sv":"402","p":104000.0,"q":25.71,"b":0.31,"ms":4.45,"wi":81.87,"ei":13.22,"as":341.21,"mi":"E","mv":9031,"sc":1,"lpe":95.55,"lpr":18537.52,"lq":1.0,"d":986148},{"pi":"1513","pc":"Промышленные товары","ss":100000,"td":"Центр города","dc":1,"n":434.64,"vc":"167050","sl":"Элитный","sv":"2600","p":23600.0,"q":25.71,"b":0.31,"ms":26.48,"wi":62.59,"ei":7.65,"as":519.76,"mi":"E","mv":9818,"sc":2,"lpe":69.81,"lpr":7178.82,"lq":2.47,"d":1269608},{"pi":"1513","pc":"Промышленные товары","ss":100000,"td":"Центр города","dc":2,"n":419.58,"vc":"216798","sl":"Элитный","sv":"364","p":49758.6,"q":36.18,"b":0.0,"ms":3.71,"wi":62.59,"ei":7.65,"as":519.76,"mi":"E","mv":9818,"sc":2,"lpe":69.81,"lpr":7178.82,"lq":2.47,"d":1269608},{"pi":"1513","pc":"Промышленные товары","ss":100000,"td":"Центр города","dc":2,"n":304.24,"vc":"44027","sl":"Элитный","sv":"692","p":77000.0,"q":65.11,"b":2.76,"ms":26.77,"wi":101.65,"ei":9.63,"as":1310.12,"mi":"E","mv":2585,"sc":1,"lpe":73.23,"lpr":12598.07,"lq":3.24,"d":1011386},{"pi":"1513","pc":"Промышленные товары","ss":100000,"td":"Фешенебельный район","dc":2,"n":430.76,"vc":"23443","sl":"Элитный","sv":"1000","p":20000.0,"q":65.12,"b":2.76,"ms":35.03,"wi":149.8,"ei":10.5,"as":2028.6,"mi":"E","mv":2855,"sc":1,"lpe":64.97,"lpr":43447.97,"lq":3.35,"d":1167470},{"pi":"1513","pc":"Промышленные товары","ss":10000,"td":"Центр города","dc":2,"n":231.15,"vc":"2729","sl":"Элитный","sv":"500","p":10799.0,"q":30.09,"b":0.0,"ms":22.25,"wi":34.18,"ei":9.16,"as":412.47,"mi":"E","mv":2247,"sc":1,"lpe":77.75,"lpr":3613.16,"lq":1.16,"d":131326},{"pi":"1513","pc":"Промышленные товары","ss":300000,"td":"Центр города","dc":7,"n":284.07,"vc":"121891","sl":"Элитный","sv":"4789","p":14207.36,"q":33.19,"b":0.0,"ms":28.78,"wi":47.73,"ei":6.08,"as":289.96,"mi":"E","mv":16638,"sc":1,"lpe":71.22,"lpr":3238.06,"lq":1.23,"d":3600000},{"pi":"1513","pc":"Промышленные товары","ss":100000,"td":"Центр города","dc":2,"n":0.0,"vc":"1802","sl":"Элитный","sv":"65","p":32926.47,"q":35.85,"b":0.0,"ms":7.47,"wi":14.08,"ei":13.13,"as":151.06,"mi":"E","mv":870,"sc":1,"lpe":92.53,"lpr":7323.17,"lq":1.0,"d":1613127},{"pi":"1513","pc":"Промышленные товары","ss":10000,"td":"Центр города","dc":1,"n":82.08,"vc":"2340","sl":"Элитный","sv":"110","p":21000.0,"q":25.71,"b":0.0,"ms":0.73,"wi":24.79,"ei":9.26,"as":119.81,"mi":"E","mv":15033,"sc":1,"lpe":99.27,"lpr":9946.68,"lq":1.0,"d":1974278},{"pi":"1513","pc":"Промышленные товары","ss":100000,"td":"Центр города","dc":2,"n":324.96,"vc":"47794","sl":"Элитный","sv":"500","p":46000.0,"q":65.12,"b":2.12,"ms":18.78,"wi":166.17,"ei":10.12,"as":2341.42,"mi":"E","mv":2662,"sc":1,"lpe":81.22,"lpr":56881.71,"lq":3.14,"d":723722},{"pi":"1513","pc":"Промышленные товары","ss":140000,"td":"Фешенебельный район","dc":3,"n":680.06,"vc":"406940","sl":"Очень высокий","sv":"2500","p":3000.0,"q":89.85,"b":0.0,"ms":49.37,"wi":15.13,"ei":7.39,"as":79.72,"mi":"E","mv":5064,"sc":1,"lpe":50.63,"lpr":2660.63,"lq":1.11,"d":1459242},{"pi":"1513","pc":"Промышленные товары","ss":100000,"td":"Центр города","dc":4,"n":338.13,"vc":"104416","sl":"Элитный","sv":"2000","p":46000.0,"q":65.12,"b":2.37,"ms":8.34,"wi":51.27,"ei":6.64,"as":370.86,"mi":"E","mv":23982,"sc":2,"lpe":90.88,"lpr":15183.96,"lq":1.0,"d":4700000},{"pi":"1513","pc":"Промышленные товары","ss":300000,"td":"Фешенебельный район","dc":9,"n":477.82,"vc":"136343","sl":"Элитный","sv":"187","p":47712.74,"q":63.27,"b":0.0,"ms":0.78,"wi":51.27,"ei":6.64,"as":370.86,"mi":"E","mv":23982,"sc":2,"lpe":90.88,"lpr":15183.96,"lq":1.0,"d":4700000},{"pi":"1513","pc":"Промышленные товары","ss":100000,"td":"Центр города","dc":1,"n":0.0,"vc":"3699","sl":"Элитный","sv":"77","p":209613.06,"q":40.24,"b":0.0,"ms":0.77,"wi":187.03,"ei":10.4,"as":1951.81,"mi":"E","mv":10015,"sc":1,"lpe":99.23,"lpr":129639.39,"lq":1.0,"d":3644912},{"pi":"1513","pc":"Промышленные товары","ss":100000,"td":"Центр города","dc":1,"n":487.14,"vc":"213514","sl":"Элитный","sv":"781","p":31300.0,"q":25.71,"b":0.31,"ms":21.4,"wi":63.23,"ei":7.28,"as":458.84,"mi":"E","mv":3650,"sc":1,"lpe":78.6,"lpr":4331.51,"lq":2.46,"d":605030},{"pi":"1513","pc":"Промышленные товары","ss":100000,"td":"Фешенебельный район","dc":1,"n":680.1,"vc":"261383","sl":"Элитный","sv":"2000","p":18500.0,"q":89.85,"b":0.0,"ms":30.56,"wi":39.52,"ei":9.92,"as":332.5,"mi":"E","mv":6545,"sc":1,"lpe":69.44,"lpr":7490.89,"lq":2.17,"d":1214800},{"pi":"1513","pc":"Промышленные товары","ss":100000,"td":"Центр города","dc":2,"n":255.85,"vc":"36933","sl":"Элитный","sv":"1000","p":28520.0,"q":65.12,"b":2.9,"ms":12.26,"wi":50.78,"ei":10.72,"as":342.0,"mi":"E","mv":8156,"sc":1,"lpe":87.74,"lpr":19834.0,"lq":3.08,"d":2313300},{"pi":"1513","pc":"Промышленные товары","ss":10000,"td":"Центр города","dc":1,"n":217.92,"vc":"8621","sl":"Элитный","sv":"4000","p":10000.0,"q":65.12,"b":0.0,"ms":11.22,"wi":24.25,"ei":10.6,"as":108.15,"mi":"E","mv":35664,"sc":1,"lpe":88.78,"lpr":8758.99,"lq":1.71,"d":4645810},{"pi":"1513","pc":"Промышленные товары","ss":1000,"td":"Фешенебельный район","dc":1,"n":0.0,"vc":"30","sl":"Элитный","sv":"1","p":83745.32,"q":31.86,"b":0.0,"ms":0.21,"wi":57.52,"ei":6.3,"as":480.0,"mi":"E","mv":479,"sc":1,"lpe":99.79,"lpr":32160.2,"lq":1.0,"d":125000},{"pi":"1513","pc":"Промышленные товары","ss":100000,"td":"Центр города","dc":4,"n":186.81,"vc":"30056","sl":"Элитный","sv":"4000","p":70000.0,"q":65.12,"b":2.09,"ms":12.88,"wi":77.84,"ei":9.4,"as":711.83,"mi":"E","mv":31059,"sc":1,"lpe":87.12,"lpr":42845.21,"lq":3.08,"d":8555500},{"pi":"1513","pc":"Промышленные товары","ss":10000,"td":"Центр города","dc":3,"n":292.74,"vc":"9410","sl":"Элитный","sv":"500","p":100000.0,"q":65.12,"b":2.37,"ms":16.3,"wi":116.79,"ei":9.79,"as":1808.05,"mi":"E","mv":3067,"sc":1,"lpe":83.7,"lpr":27759.91,"lq":3.15,"d":1228032},{"pi":"1513","pc":"Промышленные товары","ss":10000,"td":"Фешенебельный район","dc":1,"n":404.29,"vc":"3622","sl":"Элитный","sv":"700","p":50000.0,"q":65.12,"b":2.37,"ms":15.15,"wi":124.59,"ei":9.54,"as":1713.73,"mi":"E","mv":4621,"sc":1,"lpe":84.85,"lpr":39521.99,"lq":3.37,"d":1717617},{"pi":"1513","pc":"Промышленные товары","ss":100000,"td":"Центр города","dc":3,"n":216.4,"vc":"32540","sl":"Элитный","sv":"2000","p":100000.0,"q":65.12,"b":2.37,"ms":14.44,"wi":174.28,"ei":10.49,"as":2111.62,"mi":"E","mv":13850,"sc":1,"lpe":85.56,"lpr":79861.17,"lq":5.96,"d":4762572},{"pi":"1513","pc":"Промышленные товары","ss":100000,"td":"Фешенебельный район","dc":1,"n":673.62,"vc":"155461","sl":"Элитный","sv":"591","p":11500.0,"q":85.95,"b":0.0,"ms":20.72,"wi":27.33,"ei":6.54,"as":128.32,"mi":"E","mv":2852,"sc":1,"lpe":79.28,"lpr":1333.01,"lq":1.43,"d":328880},{"pi":"1513","pc":"Промышленные товары","ss":200000,"td":"Центр города","dc":1,"n":422.91,"vc":"942396","sl":"Элитный","sv":"15539","p":26500.0,"q":92.63,"b":0.67,"ms":30.0,"wi":35.98,"ei":8.28,"as":251.65,"mi":"E","mv":51798,"sc":2,"lpe":68.67,"lpr":14416.52,"lq":3.39,"d":14352508},{"pi":"1513","pc":"Промышленные товары","ss":100000,"td":"Центр города","dc":1,"n":220.59,"vc":"49844","sl":"Элитный","sv":"690","p":13700.0,"q":25.71,"b":0.11,"ms":1.33,"wi":35.98,"ei":8.28,"as":251.65,"mi":"E","mv":51798,"sc":2,"lpe":68.67,"lpr":14416.52,"lq":3.39,"d":14352508},{"pi":"1513","pc":"Промышленные товары","ss":10000,"td":"Центр города","dc":1,"n":75.73,"vc":"3078","sl":"Элитный","sv":"420","p":40200.0,"q":25.71,"b":0.0,"ms":1.29,"wi":39.97,"ei":9.19,"as":127.29,"mi":"E","mv":32454,"sc":1,"lpe":98.71,"lpr":15912.73,"lq":1.0,"d":4940408},{"pi":"1513","pc":"Промышленные товары","ss":100000,"td":"Центр города","dc":1,"n":238.69,"vc":"35907","sl":"Элитный","sv":"161","p":83700.0,"q":25.71,"b":0.37,"ms":1.29,"wi":29.93,"ei":6.58,"as":133.91,"mi":"E","mv":12485,"sc":1,"lpe":98.71,"lpr":11703.6,"lq":1.0,"d":3420282},{"pi":"1513","pc":"Промышленные товары","ss":10000,"td":"Фешенебельный район","dc":2,"n":221.83,"vc":"975","sl":"Элитный","sv":"77","p":151247.13,"q":32.38,"b":0.0,"ms":3.26,"wi":80.34,"ei":6.51,"as":470.38,"mi":"E","mv":2365,"sc":1,"lpe":96.74,"lpr":54217.33,"lq":1.0,"d":600000}]