[{"pi":"1506","pc":"Продукты питания","ss":100000,"td":"Центр города","dc":1,"n":673.29,"vc":"1332703","sl":"Нормальный","sv":"98810","p":445.0,"q":7.8,"b":0.0,"ms":20.92,"wi":156.39,"ei":6.41,"as":2315.25,"mi":"E","mv":472276,"sc":3,"lpe":72.88,"lpr":301.43,"lq":6.65,"d":680780},{"pi":"1506","pc":"Продукты питания","ss":40000,"td":"Окраина","dc":1,"n":453.33,"vc":"67036","sl":"Элитный","sv":"27409","p":600.0,"q":15.23,"b":0.0,"ms":5.8,"wi":156.39,"ei":6.41,"as":2315.25,"mi":"E","mv":472276,"sc":3,"lpe":72.88,"lpr":301.43,"lq":6.65,"d":680780},{"pi":"1506","pc":"Продукты питания","ss":10000,"td":"Фешенебельный район","dc":7,"n":479.44,"vc":"6850","sl":"Очень высокий","sv":"1884","p":500.0,"q":11.52,"b":0.0,"ms":0.4,"wi":156.39,"ei":6.41,"as":2315.25,"mi":"E","mv":472276,"sc":3,"lpe":72.88,"lpr":301.43,"lq":6.65,"d":680780},{"pi":"1506","pc":"Продукты питания","ss":100000,"td":"Центр города","dc":1,"n":673.29,"vc":"3170400","sl":"Низкий","sv":"473564","p":460.0,"q":31.37,"b":4.6,"ms":13.18,"wi":131.96,"ei":6.72,"as":1776.47,"mi":"E","mv":3592232,"sc":3,"lpe":84.59,"lpr":138.31,"lq":1.96,"d":2542506},{"pi":"1506","pc":"Продукты питания","ss":100000,"td":"Центр города","dc":2,"n":504.7,"vc":"626733","sl":"Низкий","sv":"50002","p":223.07,"q":11.55,"b":0.0,"ms":1.39,"wi":131.96,"ei":6.72,"as":1776.47,"mi":"E","mv":3592232,"sc":3,"lpe":84.59,"lpr":138.31,"lq":1.96,"d":2542506},{"pi":"1506","pc":"Продукты питания","ss":100000,"td":"Фешенебельный район","dc":2,"n":594.86,"vc":"223700","sl":"Элитный","sv":"30000","p":370.0,"q":31.99,"b":3.26,"ms":0.84,"wi":131.96,"ei":6.72,"as":1776.47,"mi":"E","mv":3592232,"sc":3,"lpe":84.59,"lpr":138.31,"lq":1.96,"d":2542506},{"pi":"1506","pc":"Продукты питания","ss":1000,"td":"Центр города","dc":1,"n":153.76,"vc":"1454","sl":"Элитный","sv":"10000","p":240.0,"q":3.89,"b":0.0,"ms":0.6,"wi":45.61,"ei":8.95,"as":326.91,"mi":"E","mv":1656930,"sc":1,"lpe":99.4,"lpr":218.29,"lq":1.0,"d":2976414},{"pi":"1506","pc":"Продукты питания","ss":100000,"td":"Центр города","dc":2,"n":440.67,"vc":"192274","sl":"Элитный","sv":"500000","p":340.41,"q":4.94,"b":0.0,"ms":24.65,"wi":109.74,"ei":6.39,"as":1332.06,"mi":"E","mv":2028404,"sc":2,"lpe":74.36,"lpr":284.25,"lq":1.22,"d":1607580},{"pi":"1506","pc":"Продукты питания","ss":4500,"td":"Фешенебельный район","dc":2,"n":243.88,"vc":"1028","sl":"Элитный","sv":"20000","p":350.0,"q":15.55,"b":0.0,"ms":0.99,"wi":109.74,"ei":6.39,"as":1332.06,"mi":"E","mv":2028404,"sc":2,"lpe":74.36,"lpr":284.25,"lq":1.22,"d":1607580},{"pi":"1506","pc":"Продукты питания","ss":100000,"td":"Центр города","dc":1,"n":117.82,"vc":"8877","sl":"Элитный","sv":"1752","p":275.05,"q":1.42,"b":0.87,"ms":0.55,"wi":36.63,"ei":5.7,"as":279.33,"mi":"E","mv":316471,"sc":1,"lpe":99.45,"lpr":268.47,"lq":1.0,"d":1746502},{"pi":"1506","pc":"Продукты питания","ss":100000,"td":"Центр города","dc":2,"n":459.26,"vc":"223865","sl":"Элитный","sv":"75446","p":931.0,"q":31.99,"b":3.26,"ms":4.25,"wi":115.61,"ei":6.91,"as":1461.51,"mi":"E","mv":1775889,"sc":2,"lpe":94.63,"lpr":311.29,"lq":1.0,"d":1489874},{"pi":"1506","pc":"Продукты питания","ss":5000,"td":"Фешенебельный район","dc":2,"n":198.65,"vc":"780","sl":"Элитный","sv":"20000","p":350.0,"q":15.55,"b":0.0,"ms":1.13,"wi":115.61,"ei":6.91,"as":1461.51,"mi":"E","mv":1775889,"sc":2,"lpe":94.63,"lpr":311.29,"lq":1.0,"d":1489874},{"pi":"1506","pc":"Продукты питания","ss":100000,"td":"Фешенебельный район","dc":2,"n":332.06,"vc":"24010","sl":"Элитный","sv":"200000","p":680.0,"q":35.84,"b":4.91,"ms":18.45,"wi":31.13,"ei":3.43,"as":151.97,"mi":"E","mv":1083753,"sc":3,"lpe":81.52,"lpr":221.28,"lq":3.07,"d":5908898},{"pi":"1506","pc":"Продукты питания","ss":100,"td":"Центр города","dc":1,"n":0.0,"vc":"146","sl":"Очень низкий","sv":"300","p":600.0,"q":22.38,"b":0.0,"ms":0.03,"wi":31.13,"ei":3.43,"as":151.97,"mi":"E","mv":1083753,"sc":3,"lpe":81.52,"lpr":221.28,"lq":3.07,"d":5908898},{"pi":"1506","pc":"Продукты питания","ss":200,"td":"Спальный район","dc":1,"n":0.0,"vc":"268","sl":"Очень высокий","sv":"5","p":224.18,"q":4.94,"b":0.0,"ms":0.0,"wi":31.13,"ei":3.43,"as":151.97,"mi":"E","mv":1083753,"sc":3,"lpe":81.52,"lpr":221.28,"lq":3.07,"d":5908898},{"pi":"1506","pc":"Продукты питания","ss":100000,"td":"Центр города","dc":2,"n":347.83,"vc":"209092","sl":"Элитный","sv":"346525","p":268.0,"q":19.99,"b":0.0,"ms":23.42,"wi":27.86,"ei":3.43,"as":42.92,"mi":"E","mv":1479549,"sc":4,"lpe":64.41,"lpr":87.45,"lq":1.97,"d":9216794},{"pi":"1506","pc":"Продукты питания","ss":100000,"td":"Фешенебельный район","dc":2,"n":462.49,"vc":"94467","sl":"Элитный","sv":"150000","p":310.0,"q":35.84,"b":4.91,"ms":10.14,"wi":27.86,"ei":3.43,"as":42.92,"mi":"E","mv":1479549,"sc":4,"lpe":64.41,"lpr":87.45,"lq":1.97,"d":9216794},{"pi":"1506","pc":"Продукты питания","ss":2000,"td":"Центр города","dc":1,"n":36.64,"vc":"1435","sl":"Элитный","sv":"30000","p":47.0,"q":8.38,"b":0.0,"ms":2.03,"wi":27.86,"ei":3.43,"as":42.92,"mi":"E","mv":1479549,"sc":4,"lpe":64.41,"lpr":87.45,"lq":1.97,"d":9216794},{"pi":"1506","pc":"Продукты питания","ss":100000,"td":"Центр города","dc":1,"n":250.04,"vc":"54439","sl":"Элитный","sv":"100","p":40.0,"q":7.86,"b":1.51,"ms":0.01,"wi":27.86,"ei":3.43,"as":42.92,"mi":"E","mv":1479549,"sc":4,"lpe":64.41,"lpr":87.45,"lq":1.97,"d":9216794},{"pi":"1506","pc":"Продукты питания","ss":15000,"td":"Фешенебельный район","dc":1,"n":542.09,"vc":"15372","sl":"Элитный","sv":"78784","p":420.0,"q":21.1,"b":0.67209458773355,"ms":32.8,"wi":80.59,"ei":6.9,"as":850.5,"mi":"E","mv":240216,"sc":1,"lpe":67.2,"lpr":195.86,"lq":3.57,"d":688452},{"pi":"1506","pc":"Продукты питания","ss":160000,"td":"Окраина","dc":2,"n":539.93,"vc":"592750","sl":"Нормальный","sv":"80000","p":500.0,"q":22.38,"b":0.0,"ms":13.79,"wi":86.72,"ei":7.1,"as":871.5,"mi":"E","mv":579952,"sc":1,"lpe":86.21,"lpr":363.5,"lq":3.92,"d":957768},{"pi":"1506","pc":"Продукты питания","ss":100000,"td":"Центр города","dc":1,"n":557.35,"vc":"357942","sl":"Элитный","sv":"4253","p":1100.0,"q":22.41,"b":0.0,"ms":1.34,"wi":93.4,"ei":9.12,"as":1117.2,"mi":"E","mv":317882,"sc":1,"lpe":98.66,"lpr":381.77,"lq":1.0,"d":384781},{"pi":"1506","pc":"Продукты питания","ss":100000,"td":"Центр города","dc":3,"n":457.04,"vc":"266245","sl":"Низкий","sv":"255000","p":250.0,"q":19.4,"b":3.17647058823529,"ms":8.06,"wi":81.91,"ei":8.82,"as":546.4,"mi":"E","mv":3165667,"sc":3,"lpe":90.68,"lpr":162.9,"lq":1.0,"d":2598727},{"pi":"1506","pc":"Продукты питания","ss":100000,"td":"Фешенебельный район","dc":2,"n":594.19,"vc":"223978","sl":"Элитный","sv":"40000","p":360.0,"q":31.99,"b":3.15,"ms":1.26,"wi":81.91,"ei":8.82,"as":546.4,"mi":"E","mv":3165667,"sc":3,"lpe":90.68,"lpr":162.9,"lq":1.0,"d":2598727},{"pi":"1506","pc":"Продукты питания","ss":20100,"td":"Центр города","dc":7,"n":77.42,"vc":"3380","sl":"Очень высокий","sv":"26","p":139.99,"q":3.62,"b":0.0,"ms":0.0,"wi":81.91,"ei":8.82,"as":546.4,"mi":"E","mv":3165667,"sc":3,"lpe":90.68,"lpr":162.9,"lq":1.0,"d":2598727},{"pi":"1506","pc":"Продукты питания","ss":10000,"td":"Центр города","dc":2,"n":234.72,"vc":"4222","sl":"Элитный","sv":"10000","p":100.0,"q":6.28,"b":2.78,"ms":34.54,"wi":10.63,"ei":6.97,"as":162.18,"mi":"E","mv":28948,"sc":1,"lpe":65.46,"lpr":143.68,"lq":2.3,"d":1927220},{"pi":"1506","pc":"Продукты питания","ss":100000,"td":"Фешенебельный район","dc":2,"n":680.19,"vc":"223938","sl":"Элитный","sv":"30000","p":691.0,"q":31.99,"b":3.15,"ms":13.54,"wi":80.04,"ei":6.62,"as":576.1,"mi":"E","mv":221581,"sc":1,"lpe":86.46,"lpr":233.61,"lq":3.52,"d":254993},{"pi":"1506","pc":"Продукты питания","ss":100000,"td":"Фешенебельный район","dc":2,"n":671.29,"vc":"223602","sl":"Элитный","sv":"60000","p":641.0,"q":31.99,"b":3.15,"ms":13.73,"wi":128.02,"ei":8.82,"as":625.38,"mi":"E","mv":436883,"sc":1,"lpe":86.27,"lpr":233.41,"lq":3.36,"d":311011},{"pi":"1506","pc":"Продукты питания","ss":100,"td":"Центр города","dc":2,"n":0.62,"vc":"107","sl":"Очень низкий","sv":"100","p":246.06,"q":4.94,"b":0.0,"ms":0.05,"wi":21.71,"ei":9.2,"as":243.81,"mi":"E","mv":197781,"sc":3,"lpe":99.9,"lpr":218.17,"lq":1.0,"d":2418266},{"pi":"1506","pc":"Продукты питания","ss":500,"td":"Спальный район","dc":3,"n":0.02,"vc":"318","sl":"Очень высокий","sv":"100","p":290.45,"q":8.38,"b":0.0,"ms":0.05,"wi":21.71,"ei":9.2,"as":243.81,"mi":"E","mv":197781,"sc":3,"lpe":99.9,"lpr":218.17,"lq":1.0,"d":2418266},{"pi":"1506","pc":"Продукты питания","ss":100,"td":"Пригород","dc":1,"n":6.97,"vc":"44","sl":"Очень низкий","sv":"3","p":327.0,"q":3.2,"b":0.606666666666667,"ms":0.0,"wi":21.71,"ei":9.2,"as":243.81,"mi":"E","mv":197781,"sc":3,"lpe":99.9,"lpr":218.17,"lq":1.0,"d":2418266},{"pi":"1506","pc":"Продукты питания","ss":100000,"td":"Фешенебельный район","dc":1,"n":369.18,"vc":"28026","sl":"Элитный","sv":"95512","p":730.0,"q":35.69,"b":3.83,"ms":11.74,"wi":44.53,"ei":12.04,"as":405.27,"mi":"E","mv":813649,"sc":3,"lpe":78.2,"lpr":177.4,"lq":3.36,"d":3315370},{"pi":"1506","pc":"Продукты питания","ss":8000,"td":"Центр города","dc":7,"n":245.14,"vc":"12354","sl":"Очень низкий","sv":"71865","p":220.0,"q":9.63,"b":0.372,"ms":8.83,"wi":44.53,"ei":12.04,"as":405.27,"mi":"E","mv":813649,"sc":3,"lpe":78.2,"lpr":177.4,"lq":3.36,"d":3315370},{"pi":"1506","pc":"Продукты питания","ss":1900,"td":"Окраина","dc":1,"n":240.67,"vc":"2128","sl":"Элитный","sv":"10000","p":150.0,"q":3.89,"b":0.01,"ms":1.23,"wi":44.53,"ei":12.04,"as":405.27,"mi":"E","mv":813649,"sc":3,"lpe":78.2,"lpr":177.4,"lq":3.36,"d":3315370},{"pi":"1506","pc":"Продукты питания","ss":1000,"td":"Центр города","dc":1,"n":3.69,"vc":"583","sl":"Элитный","sv":"3000","p":260.0,"q":12.74,"b":0.0,"ms":0.31,"wi":38.91,"ei":11.6,"as":316.91,"mi":"E","mv":974178,"sc":1,"lpe":99.69,"lpr":169.12,"lq":1.0,"d":2455208},{"pi":"1506","pc":"Продукты питания","ss":20000,"td":"Окраина","dc":10,"n":251.19,"vc":"10233","sl":"Очень низкий","sv":"25537","p":300.0,"q":8.46,"b":2.45,"ms":16.91,"wi":21.21,"ei":4.62,"as":206.96,"mi":"E","mv":151006,"sc":6,"lpe":77.92,"lpr":170.42,"lq":1.66,"d":1571900},{"pi":"1506","pc":"Продукты питания","ss":1000,"td":"Спальный район","dc":1,"n":119.9,"vc":"1082","sl":"Очень высокий","sv":"5117","p":200.0,"q":2.46,"b":0.51,"ms":3.39,"wi":21.21,"ei":4.62,"as":206.96,"mi":"E","mv":151006,"sc":6,"lpe":77.92,"lpr":170.42,"lq":1.66,"d":1571900},{"pi":"1506","pc":"Продукты питания","ss":1000,"td":"Центр города","dc":1,"n":123.87,"vc":"1474","sl":"Элитный","sv":"2186","p":190.0,"q":2.03,"b":0.909817017383349,"ms":1.45,"wi":21.21,"ei":4.62,"as":206.96,"mi":"E","mv":151006,"sc":6,"lpe":77.92,"lpr":170.42,"lq":1.66,"d":1571900},{"pi":"1506","pc":"Продукты питания","ss":1000,"td":"Спальный район","dc":2,"n":166.63,"vc":"1407","sl":"Нормальный","sv":"402","p":300.0,"q":4.94,"b":0.0,"ms":0.27,"wi":21.21,"ei":4.62,"as":206.96,"mi":"E","mv":151006,"sc":6,"lpe":77.92,"lpr":170.42,"lq":1.66,"d":1571900},{"pi":"1506","pc":"Продукты питания","ss":100,"td":"Центр города","dc":1,"n":0.95,"vc":"92","sl":"Низкий","sv":"100","p":256.06,"q":4.94,"b":0.0,"ms":0.07,"wi":21.21,"ei":4.62,"as":206.96,"mi":"E","mv":151006,"sc":6,"lpe":77.92,"lpr":170.42,"lq":1.66,"d":1571900},{"pi":"1506","pc":"Продукты питания","ss":200,"td":"Пригород","dc":8,"n":115.91,"vc":"150","sl":"Очень низкий","sv":"1","p":400.0,"q":7.59,"b":2.45,"ms":0.0,"wi":21.21,"ei":4.62,"as":206.96,"mi":"E","mv":151006,"sc":6,"lpe":77.92,"lpr":170.42,"lq":1.66,"d":1571900},{"pi":"1506","pc":"Продукты питания","ss":4500,"td":"Фешенебельный район","dc":2,"n":330.26,"vc":"1512","sl":"Элитный","sv":"20000","p":400.0,"q":15.55,"b":0.0,"ms":2.74,"wi":108.65,"ei":7.35,"as":1291.6,"mi":"E","mv":728878,"sc":2,"lpe":97.19,"lpr":296.8,"lq":1.0,"d":1033752},{"pi":"1506","pc":"Продукты питания","ss":100,"td":"Центр города","dc":1,"n":0.0,"vc":"76","sl":"Низкий","sv":"498","p":285.0,"q":4.98,"b":0.0,"ms":0.07,"wi":108.65,"ei":7.35,"as":1291.6,"mi":"E","mv":728878,"sc":2,"lpe":97.19,"lpr":296.8,"lq":1.0,"d":1033752},{"pi":"1506","pc":"Продукты питания","ss":26500,"td":"Фешенебельный район","dc":2,"n":634.52,"vc":"61020","sl":"Нормальный","sv":"19500","p":400.0,"q":19.39,"b":0.0,"ms":2.64,"wi":109.29,"ei":6.7,"as":1597.06,"mi":"E","mv":738804,"sc":6,"lpe":94.31,"lpr":308.57,"lq":1.0,"d":976806},{"pi":"1506","pc":"Продукты питания","ss":4500,"td":"Фешенебельный район","dc":2,"n":325.88,"vc":"1500","sl":"Элитный","sv":"10000","p":400.0,"q":15.55,"b":0.0,"ms":1.35,"wi":109.29,"ei":6.7,"as":1597.06,"mi":"E","mv":738804,"sc":6,"lpe":94.31,"lpr":308.57,"lq":1.0,"d":976806},{"pi":"1506","pc":"Продукты питания","ss":1000,"td":"Фешенебельный район","dc":3,"n":309.48,"vc":"532","sl":"Очень высокий","sv":"8108","p":300.0,"q":7.95,"b":0.0,"ms":1.1,"wi":109.29,"ei":6.7,"as":1597.06,"mi":"E","mv":738804,"sc":6,"lpe":94.31,"lpr":308.57,"lq":1.0,"d":976806},{"pi":"1506","pc":"Продукты питания","ss":22000,"td":"Центр города","dc":2,"n":289.02,"vc":"13843","sl":"Элитный","sv":"4000","p":299.4,"q":2.46,"b":0.0,"ms":0.54,"wi":109.29,"ei":6.7,"as":1597.06,"mi":"E","mv":738804,"sc":6,"lpe":94.31,"lpr":308.57,"lq":1.0,"d":976806},{"pi":"1506","pc":"Продукты питания","ss":500,"td":"Фешенебельный район","dc":3,"n":248.63,"vc":"167","sl":"Элитный","sv":"400","p":300.0,"q":24.89,"b":0.0,"ms":0.05,"wi":109.29,"ei":6.7,"as":1597.06,"mi":"E","mv":738804,"sc":6,"lpe":94.31,"lpr":308.57,"lq":1.0,"d":976806},{"pi":"1506","pc":"Продукты питания","ss":500,"td":"Фешенебельный район","dc":4,"n":132.93,"vc":"138","sl":"Элитный","sv":"15","p":280.0,"q":4.94,"b":0.0,"ms":0.0,"wi":109.29,"ei":6.7,"as":1597.06,"mi":"E","mv":738804,"sc":6,"lpe":94.31,"lpr":308.57,"lq":1.0,"d":976806},{"pi":"1506","pc":"Продукты питания","ss":100000,"td":"Центр города","dc":2,"n":335.39,"vc":"86020","sl":"Очень высокий","sv":"460736","p":400.0,"q":23.1,"b":0.0,"ms":22.81,"wi":57.01,"ei":11.71,"as":410.0,"mi":"E","mv":2019622,"sc":4,"lpe":62.65,"lpr":171.89,"lq":2.63,"d":2912574},{"pi":"1506","pc":"Продукты питания","ss":24500,"td":"Центр города","dc":2,"n":296.28,"vc":"34598","sl":"Очень высокий","sv":"192194","p":280.0,"q":12.23,"b":0.161295357815541,"ms":9.52,"wi":57.01,"ei":11.71,"as":410.0,"mi":"E","mv":2019622,"sc":4,"lpe":62.65,"lpr":171.89,"lq":2.63,"d":2912574},{"pi":"1506","pc":"Продукты питания","ss":3500,"td":"Центр города","dc":1,"n":244.35,"vc":"7335","sl":"Элитный","sv":"84298","p":220.0,"q":9.51,"b":0.367743006951529,"ms":4.17,"wi":57.01,"ei":11.71,"as":410.0,"mi":"E","mv":2019622,"sc":4,"lpe":62.65,"lpr":171.89,"lq":2.63,"d":2912574},{"pi":"1506","pc":"Продукты питания","ss":11000,"td":"Центр города","dc":1,"n":114.99,"vc":"3576","sl":"Элитный","sv":"17116","p":390.0,"q":11.55,"b":0.62,"ms":0.85,"wi":57.01,"ei":11.71,"as":410.0,"mi":"E","mv":2019622,"sc":4,"lpe":62.65,"lpr":171.89,"lq":2.63,"d":2912574},{"pi":"1506","pc":"Продукты питания","ss":1000,"td":"Спальный район","dc":2,"n":319.94,"vc":"896","sl":"Низкий","sv":"8641","p":259.0,"q":8.29,"b":0.0,"ms":9.86,"wi":77.49,"ei":6.62,"as":518.18,"mi":"E","mv":87647,"sc":1,"lpe":90.14,"lpr":237.21,"lq":1.0,"d":116700},{"pi":"1506","pc":"Продукты питания","ss":10000,"td":"Спальный район","dc":1,"n":314.35,"vc":"4852","sl":"Элитный","sv":"20220","p":120.0,"q":8.16,"b":0.0,"ms":21.17,"wi":39.19,"ei":6.47,"as":427.6,"mi":"E","mv":95530,"sc":1,"lpe":78.83,"lpr":81.44,"lq":1.21,"d":293748},{"pi":"1506","pc":"Продукты питания","ss":100000,"td":"Фешенебельный район","dc":2,"n":683.02,"vc":"224008","sl":"Элитный","sv":"42000","p":671.0,"q":31.99,"b":3.15,"ms":15.45,"wi":96.34,"ei":7.3,"as":643.27,"mi":"E","mv":271854,"sc":1,"lpe":84.55,"lpr":233.11,"lq":3.71,"d":286767},{"pi":"1506","pc":"Продукты питания","ss":1000,"td":"Фешенебельный район","dc":4,"n":95.87,"vc":"58","sl":"Элитный","sv":"3","p":231.0,"q":5.26,"b":0.0,"ms":0.0,"wi":56.47,"ei":7.19,"as":613.83,"mi":"E","mv":61239,"sc":1,"lpe":100.0,"lpr":272.42,"lq":1.0,"d":169390},{"pi":"1506","pc":"Продукты питания","ss":1000,"td":"Спальный район","dc":2,"n":304.78,"vc":"908","sl":"Очень высокий","sv":"5000","p":250.0,"q":5.61,"b":1.89696,"ms":8.86,"wi":51.98,"ei":6.5,"as":535.5,"mi":"E","mv":56416,"sc":4,"lpe":91.02,"lpr":244.3,"lq":1.0,"d":154500},{"pi":"1506","pc":"Продукты питания","ss":400,"td":"Центр города","dc":7,"n":237.23,"vc":"477","sl":"Низкий","sv":"59","p":255.0,"q":6.1,"b":0.0,"ms":0.1,"wi":51.98,"ei":6.5,"as":535.5,"mi":"E","mv":56416,"sc":4,"lpe":91.02,"lpr":244.3,"lq":1.0,"d":154500},{"pi":"1506","pc":"Продукты питания","ss":100,"td":"Спальный район","dc":1,"n":38.58,"vc":"35","sl":"Высокий","sv":"4","p":450.0,"q":4.95,"b":0.0,"ms":0.01,"wi":51.98,"ei":6.5,"as":535.5,"mi":"E","mv":56416,"sc":4,"lpe":91.02,"lpr":244.3,"lq":1.0,"d":154500},{"pi":"1506","pc":"Продукты питания","ss":100,"td":"Спальный район","dc":1,"n":101.96,"vc":"43","sl":"Высокий","sv":"3","p":449.95,"q":4.96,"b":0.0,"ms":0.01,"wi":51.98,"ei":6.5,"as":535.5,"mi":"E","mv":56416,"sc":4,"lpe":91.02,"lpr":244.3,"lq":1.0,"d":154500},{"pi":"1506","pc":"Продукты питания","ss":800,"td":"Центр города","dc":4,"n":117.33,"vc":"918","sl":"Нормальный","sv":"4329","p":380.0,"q":11.42,"b":0.0,"ms":4.17,"wi":44.01,"ei":9.67,"as":466.68,"mi":"E","mv":103796,"sc":1,"lpe":95.83,"lpr":246.94,"lq":1.0,"d":616831},{"pi":"1506","pc":"Продукты питания","ss":100000,"td":"Фешенебельный район","dc":2,"n":685.14,"vc":"224418","sl":"Элитный","sv":"35000","p":681.0,"q":31.99,"b":3.15,"ms":15.04,"wi":89.53,"ei":6.95,"as":721.1,"mi":"E","mv":232688,"sc":1,"lpe":84.96,"lpr":228.46,"lq":3.46,"d":214816},{"pi":"1506","pc":"Продукты питания","ss":100,"td":"Спальный район","dc":1,"n":151.7,"vc":"58","sl":"Нормальный","sv":"209","p":260.4,"q":1.98,"b":0.0,"ms":0.14,"wi":72.22,"ei":7.14,"as":514.5,"mi":"E","mv":147252,"sc":1,"lpe":99.86,"lpr":256.16,"lq":1.0,"d":226600},{"pi":"1506","pc":"Продукты питания","ss":15000,"td":"Центр города","dc":4,"n":683.97,"vc":"194678","sl":"Очень низкий","sv":"500","p":239.99,"q":6.73,"b":0.0,"ms":0.49,"wi":43.75,"ei":6.08,"as":444.88,"mi":"E","mv":102798,"sc":1,"lpe":99.51,"lpr":243.64,"lq":1.0,"d":593516},{"pi":"1506","pc":"Продукты питания","ss":1000,"td":"Фешенебельный район","dc":1,"n":468.19,"vc":"1305","sl":"Элитный","sv":"50000","p":500.0,"q":35.84,"b":0.0,"ms":4.72,"wi":89.51,"ei":7.06,"as":573.3,"mi":"E","mv":1058855,"sc":8,"lpe":94.73,"lpr":268.0,"lq":1.0,"d":978294},{"pi":"1506","pc":"Продукты питания","ss":1000,"td":"Фешенебельный район","dc":3,"n":452.81,"vc":"1197","sl":"Высокий","sv":"2949","p":300.0,"q":4.17,"b":0.0,"ms":0.28,"wi":89.51,"ei":7.06,"as":573.3,"mi":"E","mv":1058855,"sc":8,"lpe":94.73,"lpr":268.0,"lq":1.0,"d":978294},{"pi":"1506","pc":"Продукты питания","ss":400,"td":"Фешенебельный район","dc":2,"n":419.46,"vc":"508","sl":"Нормальный","sv":"1000","p":270.0,"q":8.38,"b":0.0,"ms":0.09,"wi":89.51,"ei":7.06,"as":573.3,"mi":"E","mv":1058855,"sc":8,"lpe":94.73,"lpr":268.0,"lq":1.0,"d":978294},{"pi":"1506","pc":"Продукты питания","ss":1000,"td":"Центр города","dc":2,"n":201.85,"vc":"1292","sl":"Очень высокий","sv":"798","p":300.0,"q":5.02,"b":0.0,"ms":0.08,"wi":89.51,"ei":7.06,"as":573.3,"mi":"E","mv":1058855,"sc":8,"lpe":94.73,"lpr":268.0,"lq":1.0,"d":978294},{"pi":"1506","pc":"Продукты питания","ss":100,"td":"Центр города","dc":1,"n":110.14,"vc":"113","sl":"Низкий","sv":"601","p":350.0,"q":24.86,"b":0.0,"ms":0.06,"wi":89.51,"ei":7.06,"as":573.3,"mi":"E","mv":1058855,"sc":8,"lpe":94.73,"lpr":268.0,"lq":1.0,"d":978294},{"pi":"1506","pc":"Продукты питания","ss":500,"td":"Центр города","dc":2,"n":179.84,"vc":"1168","sl":"Нормальный","sv":"278","p":219.99,"q":2.34,"b":0.0,"ms":0.03,"wi":89.51,"ei":7.06,"as":573.3,"mi":"E","mv":1058855,"sc":8,"lpe":94.73,"lpr":268.0,"lq":1.0,"d":978294},{"pi":"1506","pc":"Продукты питания","ss":1000,"td":"Фешенебельный район","dc":2,"n":198.16,"vc":"190","sl":"Элитный","sv":"139","p":320.0,"q":19.44,"b":0.0,"ms":0.01,"wi":89.51,"ei":7.06,"as":573.3,"mi":"E","mv":1058855,"sc":8,"lpe":94.73,"lpr":268.0,"lq":1.0,"d":978294},{"pi":"1506","pc":"Продукты питания","ss":1000,"td":"Центр города","dc":1,"n":132.8,"vc":"1314","sl":"Элитный","sv":"79","p":568.4,"q":5.23,"b":0.0,"ms":0.01,"wi":89.51,"ei":7.06,"as":573.3,"mi":"E","mv":1058855,"sc":8,"lpe":94.73,"lpr":268.0,"lq":1.0,"d":978294},{"pi":"1506","pc":"Продукты питания","ss":100000,"td":"Центр города","dc":1,"n":694.41,"vc":"807309","sl":"Высокий","sv":"36109","p":500.0,"q":35.68,"b":7.57895040017724,"ms":28.02,"wi":67.08,"ei":7.11,"as":463.53,"mi":"E","mv":128859,"sc":1,"lpe":71.98,"lpr":118.53,"lq":3.1,"d":179268},{"pi":"1506","pc":"Продукты питания","ss":110000,"td":"Окраина","dc":1,"n":393.95,"vc":"83462","sl":"Элитный","sv":"100000","p":300.0,"q":22.01,"b":1.66,"ms":5.59,"wi":51.89,"ei":9.72,"as":380.0,"mi":"E","mv":1788873,"sc":2,"lpe":94.35,"lpr":226.35,"lq":1.0,"d":1850212},{"pi":"1506","pc":"Продукты питания","ss":10000,"td":"Центр города","dc":2,"n":80.29,"vc":"2257","sl":"Элитный","sv":"1000","p":130.0,"q":7.88,"b":0.0,"ms":0.06,"wi":51.89,"ei":9.72,"as":380.0,"mi":"E","mv":1788873,"sc":2,"lpe":94.35,"lpr":226.35,"lq":1.0,"d":1850212},{"pi":"1506","pc":"Продукты питания","ss":1000,"td":"Спальный район","dc":1,"n":240.83,"vc":"1030","sl":"Высокий","sv":"34635","p":279.0,"q":11.44,"b":0.0,"ms":24.35,"wi":34.51,"ei":4.47,"as":246.75,"mi":"E","mv":142254,"sc":1,"lpe":75.65,"lpr":232.66,"lq":2.3,"d":621746},{"pi":"1506","pc":"Продукты питания","ss":100000,"td":"Фешенебельный район","dc":2,"n":514.88,"vc":"139200","sl":"Элитный","sv":"542001","p":600.0,"q":21.79,"b":0.283079514613442,"ms":11.49,"wi":89.14,"ei":7.05,"as":1247.63,"mi":"E","mv":4715263,"sc":3,"lpe":88.18,"lpr":219.61,"lq":1.67,"d":5900984},{"pi":"1506","pc":"Продукты питания","ss":50000,"td":"Центр города","dc":3,"n":321.07,"vc":"58818","sl":"Элитный","sv":"10000","p":282.0,"q":5.5,"b":0.0,"ms":0.21,"wi":89.14,"ei":7.05,"as":1247.63,"mi":"E","mv":4715263,"sc":3,"lpe":88.18,"lpr":219.61,"lq":1.67,"d":5900984},{"pi":"1506","pc":"Продукты питания","ss":1000,"td":"Фешенебельный район","dc":1,"n":138.26,"vc":"381","sl":"Элитный","sv":"5417","p":275.0,"q":4.94,"b":0.0,"ms":0.11,"wi":89.14,"ei":7.05,"as":1247.63,"mi":"E","mv":4715263,"sc":3,"lpe":88.18,"lpr":219.61,"lq":1.67,"d":5900984},{"pi":"1506","pc":"Продукты питания","ss":21000,"td":"Фешенебельный район","dc":6,"n":439.29,"vc":"10400","sl":"Элитный","sv":"45000","p":400.0,"q":5.16,"b":0.0,"ms":6.38,"wi":54.96,"ei":10.13,"as":422.1,"mi":"E","mv":705714,"sc":2,"lpe":93.2,"lpr":251.11,"lq":1.0,"d":1050481},{"pi":"1506","pc":"Продукты питания","ss":1000,"td":"Центр города","dc":1,"n":11.46,"vc":"453","sl":"Элитный","sv":"3000","p":310.0,"q":18.24,"b":0.0,"ms":0.43,"wi":54.96,"ei":10.13,"as":422.1,"mi":"E","mv":705714,"sc":2,"lpe":93.2,"lpr":251.11,"lq":1.0,"d":1050481},{"pi":"1506","pc":"Продукты питания","ss":100000,"td":"Центр города","dc":1,"n":432.08,"vc":"151178","sl":"Очень высокий","sv":"150000","p":350.0,"q":22.01,"b":2.24,"ms":13.36,"wi":62.28,"ei":8.99,"as":967.35,"mi":"E","mv":1123153,"sc":3,"lpe":82.13,"lpr":201.37,"lq":3.07,"d":1023950},{"pi":"1506","pc":"Продукты питания","ss":100000,"td":"Фешенебельный район","dc":1,"n":420.76,"vc":"20337","sl":"Элитный","sv":"50000","p":350.0,"q":22.01,"b":2.24,"ms":4.45,"wi":62.28,"ei":8.99,"as":967.35,"mi":"E","mv":1123153,"sc":3,"lpe":82.13,"lpr":201.37,"lq":3.07,"d":1023950},{"pi":"1506","pc":"Продукты питания","ss":700,"td":"Фешенебельный район","dc":2,"n":253.76,"vc":"321","sl":"Элитный","sv":"721","p":331.63,"q":11.49,"b":0.0,"ms":0.06,"wi":62.28,"ei":8.99,"as":967.35,"mi":"E","mv":1123153,"sc":3,"lpe":82.13,"lpr":201.37,"lq":3.07,"d":1023950},{"pi":"1506","pc":"Продукты питания","ss":3000,"td":"Центр города","dc":1,"n":281.33,"vc":"4105","sl":"Очень высокий","sv":"47244","p":410.0,"q":11.34,"b":2.06,"ms":19.74,"wi":38.84,"ei":6.46,"as":550.2,"mi":"E","mv":239274,"sc":3,"lpe":75.16,"lpr":205.02,"lq":2.61,"d":1548177},{"pi":"1506","pc":"Продукты питания","ss":10000,"td":"Фешенебельный район","dc":10,"n":406.23,"vc":"4785","sl":"Низкий","sv":"12000","p":500.0,"q":21.57,"b":0.0,"ms":5.02,"wi":38.84,"ei":6.46,"as":550.2,"mi":"E","mv":239274,"sc":3,"lpe":75.16,"lpr":205.02,"lq":2.61,"d":1548177},{"pi":"1506","pc":"Продукты питания","ss":1000,"td":"Фешенебельный район","dc":10,"n":165.33,"vc":"250","sl":"Очень высокий","sv":"200","p":250.0,"q":6.53,"b":0.0,"ms":0.08,"wi":38.84,"ei":6.46,"as":550.2,"mi":"E","mv":239274,"sc":3,"lpe":75.16,"lpr":205.02,"lq":2.61,"d":1548177},{"pi":"1506","pc":"Продукты питания","ss":10000,"td":"Центр города","dc":1,"n":452.08,"vc":"28228","sl":"Элитный","sv":"10000","p":65.47,"q":11.55,"b":2.06,"ms":3.36,"wi":19.23,"ei":4.49,"as":270.88,"mi":"E","mv":298046,"sc":2,"lpe":96.64,"lpr":55.72,"lq":1.0,"d":1469374},{"pi":"1506","pc":"Продукты питания","ss":100000,"td":"Фешенебельный район","dc":8,"n":397.06,"vc":"23898","sl":"Очень низкий","sv":"3","p":300.0,"q":15.68,"b":0.0,"ms":0.0,"wi":19.23,"ei":4.49,"as":270.88,"mi":"E","mv":298046,"sc":2,"lpe":96.64,"lpr":55.72,"lq":1.0,"d":1469374},{"pi":"1506","pc":"Продукты питания","ss":4500,"td":"Фешенебельный район","dc":2,"n":332.35,"vc":"1506","sl":"Элитный","sv":"20000","p":400.0,"q":15.55,"b":0.0,"ms":2.36,"wi":88.01,"ei":6.7,"as":1123.0,"mi":"E","mv":848106,"sc":1,"lpe":97.64,"lpr":336.16,"lq":1.0,"d":873551},{"pi":"1506","pc":"Продукты питания","ss":7100,"td":"Фешенебельный район","dc":2,"n":235.93,"vc":"1040","sl":"Элитный","sv":"28778","p":450.0,"q":15.55,"b":0.0,"ms":3.26,"wi":88.74,"ei":6.0,"as":1057.94,"mi":"E","mv":884078,"sc":1,"lpe":96.74,"lpr":337.03,"lq":1.0,"d":930610},{"pi":"1506","pc":"Продукты питания","ss":10000,"td":"Центр города","dc":1,"n":218.86,"vc":"5863","sl":"Элитный","sv":"2326","p":120.0,"q":11.39,"b":0.0,"ms":0.34,"wi":45.03,"ei":10.64,"as":673.75,"mi":"E","mv":692422,"sc":3,"lpe":99.22,"lpr":266.85,"lq":1.0,"d":2541514},{"pi":"1506","pc":"Продукты питания","ss":2600,"td":"Фешенебельный район","dc":4,"n":96.7,"vc":"194","sl":"Элитный","sv":"1576","p":330.0,"q":5.05,"b":1.43,"ms":0.23,"wi":45.03,"ei":10.64,"as":673.75,"mi":"E","mv":692422,"sc":3,"lpe":99.22,"lpr":266.85,"lq":1.0,"d":2541514},{"pi":"1506","pc":"Продукты питания","ss":10000,"td":"Фешенебельный район","dc":9,"n":404.72,"vc":"3477","sl":"Очень низкий","sv":"1500","p":350.0,"q":3.89,"b":0.0,"ms":0.22,"wi":45.03,"ei":10.64,"as":673.75,"mi":"E","mv":692422,"sc":3,"lpe":99.22,"lpr":266.85,"lq":1.0,"d":2541514},{"pi":"1506","pc":"Продукты питания","ss":100000,"td":"Фешенебельный район","dc":2,"n":691.87,"vc":"224672","sl":"Элитный","sv":"32000","p":650.0,"q":31.99,"b":3.15,"ms":14.7,"wi":101.72,"ei":7.3,"as":549.44,"mi":"E","mv":217679,"sc":1,"lpe":85.3,"lpr":227.33,"lq":3.67,"d":185081},{"pi":"1506","pc":"Продукты питания","ss":10000,"td":"Центр города","dc":1,"n":343.43,"vc":"30464","sl":"Очень высокий","sv":"200000","p":500.0,"q":19.38,"b":3.22,"ms":5.44,"wi":59.25,"ei":8.02,"as":811.4,"mi":"E","mv":3674295,"sc":9,"lpe":88.28,"lpr":198.99,"lq":2.98,"d":4968783},{"pi":"1506","pc":"Продукты питания","ss":10000,"td":"Центр города","dc":1,"n":345.98,"vc":"20696","sl":"Элитный","sv":"100000","p":330.0,"q":22.01,"b":0.59,"ms":2.72,"wi":59.25,"ei":8.02,"as":811.4,"mi":"E","mv":3674295,"sc":9,"lpe":88.28,"lpr":198.99,"lq":2.98,"d":4968783},{"pi":"1506","pc":"Продукты питания","ss":7000,"td":"Центр города","dc":6,"n":226.61,"vc":"10514","sl":"Очень низкий","sv":"67535","p":200.0,"q":9.83,"b":0.0,"ms":1.84,"wi":59.25,"ei":8.02,"as":811.4,"mi":"E","mv":3674295,"sc":9,"lpe":88.28,"lpr":198.99,"lq":2.98,"d":4968783},{"pi":"1506","pc":"Продукты питания","ss":6300,"td":"Центр города","dc":6,"n":162.51,"vc":"9356","sl":"Очень низкий","sv":"60579","p":254.0,"q":10.21,"b":0.0,"ms":1.65,"wi":59.25,"ei":8.02,"as":811.4,"mi":"E","mv":3674295,"sc":9,"lpe":88.28,"lpr":198.99,"lq":2.98,"d":4968783},{"pi":"1506","pc":"Продукты питания","ss":9400,"td":"Фешенебельный район","dc":10,"n":344.39,"vc":"4418","sl":"Низкий","sv":"1384","p":130.0,"q":1.0,"b":0.0,"ms":0.04,"wi":59.25,"ei":8.02,"as":811.4,"mi":"E","mv":3674295,"sc":9,"lpe":88.28,"lpr":198.99,"lq":2.98,"d":4968783},{"pi":"1506","pc":"Продукты питания","ss":10000,"td":"Центр города","dc":4,"n":92.87,"vc":"3184","sl":"Элитный","sv":"722","p":320.0,"q":4.92,"b":1.43,"ms":0.02,"wi":59.25,"ei":8.02,"as":811.4,"mi":"E","mv":3674295,"sc":9,"lpe":88.28,"lpr":198.99,"lq":2.98,"d":4968783},{"pi":"1506","pc":"Продукты питания","ss":10000,"td":"Спальный район","dc":2,"n":181.46,"vc":"4598","sl":"Высокий","sv":"194","p":95.0,"q":7.28,"b":0.0,"ms":0.01,"wi":59.25,"ei":8.02,"as":811.4,"mi":"E","mv":3674295,"sc":9,"lpe":88.28,"lpr":198.99,"lq":2.98,"d":4968783},{"pi":"1506","pc":"Продукты питания","ss":9000,"td":"Центр города","dc":9,"n":102.01,"vc":"4869","sl":"Нормальный","sv":"112","p":800.0,"q":22.38,"b":0.59,"ms":0.0,"wi":59.25,"ei":8.02,"as":811.4,"mi":"E","mv":3674295,"sc":9,"lpe":88.28,"lpr":198.99,"lq":2.98,"d":4968783},{"pi":"1506","pc":"Продукты питания","ss":500,"td":"Фешенебельный район","dc":10,"n":81.0,"vc":"113","sl":"Очень высокий","sv":"60","p":214.0,"q":3.89,"b":0.0,"ms":0.0,"wi":59.25,"ei":8.02,"as":811.4,"mi":"E","mv":3674295,"sc":9,"lpe":88.28,"lpr":198.99,"lq":2.98,"d":4968783},{"pi":"1506","pc":"Продукты питания","ss":100000,"td":"Фешенебельный район","dc":2,"n":684.81,"vc":"224247","sl":"Элитный","sv":"44000","p":550.0,"q":31.99,"b":4.21,"ms":14.47,"wi":65.31,"ei":5.25,"as":522.9,"mi":"E","mv":304150,"sc":1,"lpe":85.53,"lpr":154.4,"lq":1.63,"d":216300},{"pi":"1506","pc":"Продукты питания","ss":100000,"td":"Фешенебельный район","dc":2,"n":687.98,"vc":"224553","sl":"Элитный","sv":"40000","p":520.0,"q":31.99,"b":4.21,"ms":14.35,"wi":67.14,"ei":5.25,"as":404.25,"mi":"E","mv":278775,"sc":1,"lpe":85.65,"lpr":151.01,"lq":1.75,"d":199038},{"pi":"1506","pc":"Продукты питания","ss":100000,"td":"Фешенебельный район","dc":2,"n":605.14,"vc":"223972","sl":"Элитный","sv":"70000","p":630.0,"q":31.99,"b":4.13,"ms":3.93,"wi":77.34,"ei":6.53,"as":961.05,"mi":"E","mv":1779304,"sc":2,"lpe":94.94,"lpr":196.77,"lq":1.0,"d":1923606},{"pi":"1506","pc":"Продукты питания","ss":3500,"td":"Фешенебельный район","dc":2,"n":228.04,"vc":"855","sl":"Элитный","sv":"20000","p":250.0,"q":15.55,"b":0.0,"ms":1.12,"wi":77.34,"ei":6.53,"as":961.05,"mi":"E","mv":1779304,"sc":2,"lpe":94.94,"lpr":196.77,"lq":1.0,"d":1923606},{"pi":"1506","pc":"Продукты питания","ss":1000,"td":"Фешенебельный район","dc":1,"n":183.17,"vc":"402","sl":"Элитный","sv":"10000","p":400.0,"q":8.38,"b":0.0,"ms":0.28,"wi":107.69,"ei":6.45,"as":681.19,"mi":"E","mv":3549025,"sc":1,"lpe":99.72,"lpr":291.7,"lq":1.0,"d":3351144},{"pi":"1506","pc":"Продукты питания","ss":100000,"td":"Центр города","dc":2,"n":390.41,"vc":"225468","sl":"Очень высокий","sv":"298159","p":349.0,"q":21.05,"b":0.0,"ms":21.89,"wi":66.64,"ei":6.73,"as":726.6,"mi":"E","mv":1361926,"sc":1,"lpe":78.11,"lpr":103.86,"lq":2.2,"d":3164786},{"pi":"1506","pc":"Продукты питания","ss":44400,"td":"Центр города","dc":2,"n":164.43,"vc":"5124","sl":"Элитный","sv":"12721","p":160.0,"q":11.48,"b":0.0,"ms":11.43,"wi":29.46,"ei":7.95,"as":298.73,"mi":"E","mv":111332,"sc":2,"lpe":83.18,"lpr":61.36,"lq":1.24,"d":833533},{"pi":"1506","pc":"Продукты питания","ss":10000,"td":"Центр города","dc":1,"n":181.16,"vc":"2667","sl":"Очень высокий","sv":"6000","p":99.0,"q":5.16,"b":0.0,"ms":5.39,"wi":29.46,"ei":7.95,"as":298.73,"mi":"E","mv":111332,"sc":2,"lpe":83.18,"lpr":61.36,"lq":1.24,"d":833533},{"pi":"1506","pc":"Продукты питания","ss":100000,"td":"Центр города","dc":1,"n":502.73,"vc":"576022","sl":"Нормальный","sv":"100000","p":450.0,"q":8.38,"b":0.0,"ms":3.7,"wi":127.75,"ei":7.06,"as":1642.86,"mi":"E","mv":2701294,"sc":3,"lpe":94.92,"lpr":322.61,"lq":1.0,"d":2109186},{"pi":"1506","pc":"Продукты питания","ss":4500,"td":"Фешенебельный район","dc":2,"n":273.74,"vc":"1382","sl":"Элитный","sv":"20000","p":400.0,"q":15.55,"b":0.0,"ms":0.74,"wi":127.75,"ei":7.06,"as":1642.86,"mi":"E","mv":2701294,"sc":3,"lpe":94.92,"lpr":322.61,"lq":1.0,"d":2109186},{"pi":"1506","pc":"Продукты питания","ss":50000,"td":"Центр города","dc":2,"n":362.81,"vc":"59461","sl":"Элитный","sv":"17127","p":339.0,"q":5.5,"b":0.0,"ms":0.63,"wi":127.75,"ei":7.06,"as":1642.86,"mi":"E","mv":2701294,"sc":3,"lpe":94.92,"lpr":322.61,"lq":1.0,"d":2109186},{"pi":"1506","pc":"Продукты питания","ss":100000,"td":"Спальный район","dc":2,"n":398.39,"vc":"164838","sl":"Очень высокий","sv":"630530","p":250.0,"q":21.79,"b":0.67,"ms":12.44,"wi":40.67,"ei":5.73,"as":513.32,"mi":"E","mv":5070103,"sc":2,"lpe":75.73,"lpr":95.87,"lq":1.73,"d":7527186},{"pi":"1506","pc":"Продукты питания","ss":100000,"td":"Центр города","dc":1,"n":292.46,"vc":"79363","sl":"Очень высокий","sv":"600000","p":135.0,"q":14.12,"b":0.0,"ms":11.83,"wi":40.67,"ei":5.73,"as":513.32,"mi":"E","mv":5070103,"sc":2,"lpe":75.73,"lpr":95.87,"lq":1.73,"d":7527186},{"pi":"1506","pc":"Продукты питания","ss":1000,"td":"Центр города","dc":1,"n":38.85,"vc":"306","sl":"Элитный","sv":"3000","p":300.0,"q":18.24,"b":0.0,"ms":1.11,"wi":76.21,"ei":6.3,"as":541.77,"mi":"E","mv":269141,"sc":1,"lpe":98.89,"lpr":246.11,"lq":1.0,"d":234171},{"pi":"1506","pc":"Продукты питания","ss":10000,"td":"Фешенебельный район","dc":1,"n":325.71,"vc":"1804","sl":"Элитный","sv":"10000","p":300.0,"q":4.94,"b":0.0,"ms":1.96,"wi":103.61,"ei":7.21,"as":1060.24,"mi":"E","mv":511342,"sc":1,"lpe":98.04,"lpr":233.58,"lq":1.0,"d":387200},{"pi":"1506","pc":"Продукты питания","ss":900,"td":"Спальный район","dc":1,"n":291.47,"vc":"1376","sl":"Элитный","sv":"500","p":66.0,"q":11.55,"b":0.0,"ms":0.3,"wi":22.26,"ei":6.08,"as":509.37,"mi":"E","mv":165807,"sc":2,"lpe":99.57,"lpr":82.15,"lq":1.0,"d":944097},{"pi":"1506","pc":"Продукты питания","ss":500,"td":"Спальный район","dc":1,"n":96.78,"vc":"232","sl":"Элитный","sv":"209","p":70.0,"q":1.91,"b":0.0,"ms":0.13,"wi":22.26,"ei":6.08,"as":509.37,"mi":"E","mv":165807,"sc":2,"lpe":99.57,"lpr":82.15,"lq":1.0,"d":944097},{"pi":"1506","pc":"Продукты питания","ss":25000,"td":"Центр города","dc":1,"n":329.75,"vc":"31437","sl":"Очень высокий","sv":"200000","p":500.0,"q":22.38,"b":0.0,"ms":17.6,"wi":73.83,"ei":6.3,"as":571.53,"mi":"E","mv":1136219,"sc":2,"lpe":73.6,"lpr":210.95,"lq":2.84,"d":973156},{"pi":"1506","pc":"Продукты питания","ss":100000,"td":"Фешенебельный район","dc":1,"n":629.88,"vc":"223839","sl":"Элитный","sv":"100000","p":800.0,"q":31.99,"b":4.21,"ms":8.8,"wi":73.83,"ei":6.3,"as":571.53,"mi":"E","mv":1136219,"sc":2,"lpe":73.6,"lpr":210.95,"lq":2.84,"d":973156},{"pi":"1506","pc":"Продукты питания","ss":10000,"td":"Окраина","dc":2,"n":46.65,"vc":"746","sl":"Элитный","sv":"1592","p":103.0,"q":8.29,"b":0.0,"ms":1.35,"wi":19.47,"ei":5.91,"as":526.89,"mi":"E","mv":118193,"sc":1,"lpe":98.65,"lpr":103.29,"lq":1.0,"d":1222279},{"pi":"1506","pc":"Продукты питания","ss":15000,"td":"Фешенебельный район","dc":1,"n":533.55,"vc":"12429","sl":"Элитный","sv":"200000","p":450.0,"q":22.38,"b":0.0,"ms":38.66,"wi":81.36,"ei":6.0,"as":546.98,"mi":"E","mv":517384,"sc":2,"lpe":59.41,"lpr":198.98,"lq":2.68,"d":453298},{"pi":"1506","pc":"Продукты питания","ss":10000,"td":"Фешенебельный район","dc":1,"n":310.62,"vc":"1706","sl":"Элитный","sv":"10000","p":300.0,"q":8.38,"b":0.0,"ms":1.93,"wi":81.36,"ei":6.0,"as":546.98,"mi":"E","mv":517384,"sc":2,"lpe":59.41,"lpr":198.98,"lq":2.68,"d":453298},{"pi":"1506","pc":"Продукты питания","ss":100000,"td":"Фешенебельный район","dc":1,"n":455.27,"vc":"41196","sl":"Элитный","sv":"117334","p":590.0,"q":35.62,"b":6.13947670751871,"ms":25.92,"wi":54.58,"ei":6.32,"as":613.74,"mi":"E","mv":452726,"sc":1,"lpe":74.08,"lpr":158.67,"lq":2.62,"d":936174},{"pi":"1506","pc":"Продукты питания","ss":1000,"td":"Фешенебельный район","dc":1,"n":612.33,"vc":"1455","sl":"Элитный","sv":"60000","p":410.0,"q":35.84,"b":6.37,"ms":36.7,"wi":100.73,"ei":10.74,"as":1420.16,"mi":"E","mv":163493,"sc":1,"lpe":63.3,"lpr":306.07,"lq":4.21,"d":130817},{"pi":"1506","pc":"Продукты питания","ss":1000,"td":"Фешенебельный район","dc":1,"n":688.63,"vc":"1484","sl":"Элитный","sv":"5127","p":200.0,"q":32.39,"b":6.29498537156232,"ms":20.08,"wi":67.84,"ei":8.33,"as":1042.93,"mi":"E","mv":25530,"sc":1,"lpe":79.92,"lpr":58.17,"lq":3.11,"d":40416},{"pi":"1506","pc":"Продукты питания","ss":100000,"td":"Центр города","dc":2,"n":115.15,"vc":"21279","sl":"Нормальный","sv":"100837","p":250.0,"q":2.46,"b":0.0,"ms":3.84,"wi":51.76,"ei":4.41,"as":655.66,"mi":"E","mv":2629113,"sc":3,"lpe":96.03,"lpr":287.47,"lq":1.0,"d":7172110},{"pi":"1506","pc":"Продукты питания","ss":500,"td":"Спальный район","dc":1,"n":38.9,"vc":"568","sl":"Высокий","sv":"3000","p":220.0,"q":2.46,"b":0.0,"ms":0.11,"wi":51.76,"ei":4.41,"as":655.66,"mi":"E","mv":2629113,"sc":3,"lpe":96.03,"lpr":287.47,"lq":1.0,"d":7172110},{"pi":"1506","pc":"Продукты питания","ss":700,"td":"Центр города","dc":2,"n":21.64,"vc":"806","sl":"Низкий","sv":"500","p":280.0,"q":11.55,"b":0.0,"ms":0.02,"wi":51.76,"ei":4.41,"as":655.66,"mi":"E","mv":2629113,"sc":3,"lpe":96.03,"lpr":287.47,"lq":1.0,"d":7172110},{"pi":"1506","pc":"Продукты питания","ss":100000,"td":"Центр города","dc":1,"n":336.29,"vc":"74847","sl":"Элитный","sv":"49650","p":350.0,"q":14.49,"b":0.404833836858006,"ms":40.4,"wi":37.97,"ei":14.14,"as":304.91,"mi":"E","mv":122892,"sc":1,"lpe":59.6,"lpr":223.58,"lq":3.79,"d":699729},{"pi":"1506","pc":"Продукты питания","ss":100000,"td":"Центр города","dc":1,"n":444.57,"vc":"248361","sl":"Элитный","sv":"151099","p":249.0,"q":19.07,"b":0.0422022647403358,"ms":78.64,"wi":36.7,"ei":10.61,"as":397.23,"mi":"D","mv":192132,"sc":1,"lpe":21.36,"lpr":69.76,"lq":3.83,"d":948726},{"pi":"1506","pc":"Продукты питания","ss":100000,"td":"Центр города","dc":2,"n":440.74,"vc":"189402","sl":"Элитный","sv":"63999","p":229.0,"q":19.01,"b":0.0,"ms":21.85,"wi":42.96,"ei":6.25,"as":568.15,"mi":"E","mv":292838,"sc":1,"lpe":78.15,"lpr":71.89,"lq":2.28,"d":482641},{"pi":"1506","pc":"Продукты питания","ss":200000,"td":"Центр города","dc":1,"n":416.66,"vc":"370881","sl":"Элитный","sv":"289068","p":1000.0,"q":17.48,"b":0.0247286105691394,"ms":11.55,"wi":60.25,"ei":9.36,"as":614.31,"mi":"E","mv":2502263,"sc":1,"lpe":88.45,"lpr":299.92,"lq":1.49,"d":3832748},{"pi":"1506","pc":"Продукты питания","ss":500,"td":"Спальный район","dc":1,"n":229.41,"vc":"475","sl":"Высокий","sv":"3000","p":160.0,"q":2.46,"b":0.0,"ms":17.78,"wi":19.48,"ei":4.41,"as":323.38,"mi":"E","mv":16877,"sc":1,"lpe":82.22,"lpr":216.45,"lq":1.76,"d":261032},{"pi":"1506","pc":"Продукты питания","ss":10000,"td":"Окраина","dc":2,"n":325.57,"vc":"6271","sl":"Элитный","sv":"12000","p":70.0,"q":3.89,"b":0.96,"ms":30.94,"wi":25.31,"ei":8.57,"as":437.3,"mi":"E","mv":38790,"sc":1,"lpe":69.06,"lpr":195.61,"lq":3.0,"d":866793},{"pi":"1506","pc":"Продукты питания","ss":100000,"td":"Окраина","dc":1,"n":412.92,"vc":"44034","sl":"Очень высокий","sv":"14000","p":32.4,"q":3.89,"b":0.96,"ms":10.39,"wi":39.55,"ei":4.38,"as":267.33,"mi":"E","mv":134786,"sc":1,"lpe":89.61,"lpr":212.09,"lq":2.86,"d":219870},{"pi":"1506","pc":"Продукты питания","ss":500,"td":"Спальный район","dc":1,"n":265.63,"vc":"477","sl":"Нормальный","sv":"500","p":190.0,"q":2.46,"b":0.0,"ms":4.96,"wi":17.96,"ei":3.31,"as":154.33,"mi":"E","mv":10073,"sc":1,"lpe":95.04,"lpr":215.86,"lq":1.0,"d":194581},{"pi":"1506","pc":"Продукты питания","ss":500,"td":"Спальный район","dc":1,"n":319.36,"vc":"479","sl":"Низкий","sv":"500","p":190.0,"q":2.46,"b":0.0,"ms":10.66,"wi":18.53,"ei":2.21,"as":203.96,"mi":"E","mv":4692,"sc":1,"lpe":89.34,"lpr":217.39,"lq":1.51,"d":75216},{"pi":"1506","pc":"Продукты питания","ss":100000,"td":"Центр города","dc":7,"n":285.44,"vc":"134666","sl":"Высокий","sv":"1587672","p":450.0,"q":21.44,"b":4.78,"ms":21.07,"wi":39.97,"ei":5.34,"as":208.05,"mi":"E","mv":7535624,"sc":5,"lpe":74.94,"lpr":172.47,"lq":1.94,"d":12982716},{"pi":"1506","pc":"Продукты питания","ss":100000,"td":"Фешенебельный район","dc":1,"n":346.05,"vc":"36182","sl":"Элитный","sv":"200000","p":560.0,"q":35.84,"b":4.0,"ms":2.65,"wi":39.97,"ei":5.34,"as":208.05,"mi":"E","mv":7535624,"sc":5,"lpe":74.94,"lpr":172.47,"lq":1.94,"d":12982716},{"pi":"1506","pc":"Продукты питания","ss":11100,"td":"Центр города","dc":2,"n":253.07,"vc":"17032","sl":"Очень высокий","sv":"50000","p":310.0,"q":11.55,"b":0.0,"ms":0.66,"wi":39.97,"ei":5.34,"as":208.05,"mi":"E","mv":7535624,"sc":5,"lpe":74.94,"lpr":172.47,"lq":1.94,"d":12982716},{"pi":"1506","pc":"Продукты питания","ss":60000,"td":"Центр города","dc":1,"n":478.84,"vc":"552480","sl":"Низкий","sv":"50000","p":330.0,"q":11.55,"b":0.0,"ms":0.66,"wi":39.97,"ei":5.34,"as":208.05,"mi":"E","mv":7535624,"sc":5,"lpe":74.94,"lpr":172.47,"lq":1.94,"d":12982716},{"pi":"1506","pc":"Продукты питания","ss":2400,"td":"Центр города","dc":3,"n":1.17,"vc":"2180","sl":"Очень высокий","sv":"1000","p":100.0,"q":4.94,"b":0.0,"ms":0.01,"wi":39.97,"ei":5.34,"as":208.05,"mi":"E","mv":7535624,"sc":5,"lpe":74.94,"lpr":172.47,"lq":1.94,"d":12982716},{"pi":"1506","pc":"Продукты питания","ss":100000,"td":"Центр города","dc":1,"n":0.0,"vc":"3444","sl":"Элитный","sv":"11118","p":441.0,"q":22.95,"b":4.78,"ms":2.05,"wi":42.02,"ei":10.62,"as":325.21,"mi":"E","mv":542129,"sc":3,"lpe":97.8,"lpr":130.36,"lq":1.0,"d":933330},{"pi":"1506","pc":"Продукты питания","ss":100,"td":"Центр города","dc":1,"n":172.82,"vc":"137","sl":"Низкий","sv":"400","p":180.0,"q":11.42,"b":0.0,"ms":0.07,"wi":42.02,"ei":10.62,"as":325.21,"mi":"E","mv":542129,"sc":3,"lpe":97.8,"lpr":130.36,"lq":1.0,"d":933330},{"pi":"1506","pc":"Продукты питания","ss":100,"td":"Спальный район","dc":1,"n":185.39,"vc":"107","sl":"Низкий","sv":"400","p":200.0,"q":11.42,"b":0.0,"ms":0.07,"wi":42.02,"ei":10.62,"as":325.21,"mi":"E","mv":542129,"sc":3,"lpe":97.8,"lpr":130.36,"lq":1.0,"d":933330},{"pi":"1506","pc":"Продукты питания","ss":10000,"td":"Окраина","dc":2,"n":68.65,"vc":"1017","sl":"Элитный","sv":"5","p":15.0,"q":1.0,"b":0.0,"ms":0.01,"wi":20.62,"ei":4.87,"as":231.05,"mi":"E","mv":51025,"sc":1,"lpe":99.99,"lpr":247.47,"lq":1.0,"d":1043796},{"pi":"1506","pc":"Продукты питания","ss":100000,"td":"Центр города","dc":5,"n":556.72,"vc":"663064","sl":"Очень низкий","sv":"1000","p":265.17,"q":8.38,"b":0.0,"ms":0.6,"wi":21.73,"ei":4.97,"as":339.62,"mi":"E","mv":167990,"sc":1,"lpe":99.4,"lpr":216.53,"lq":1.0,"d":2278596},{"pi":"1506","pc":"Продукты питания","ss":1000,"td":"Центр города","dc":10,"n":602.82,"vc":"9141","sl":"Очень низкий","sv":"3857","p":270.0,"q":5.54,"b":0.0,"ms":8.12,"wi":47.25,"ei":6.62,"as":504.0,"mi":"E","mv":47494,"sc":2,"lpe":91.77,"lpr":237.26,"lq":1.0,"d":128750},{"pi":"1506","pc":"Продукты питания","ss":100,"td":"Спальный район","dc":2,"n":108.58,"vc":"41","sl":"Нормальный","sv":"50","p":230.0,"q":4.94,"b":0.0,"ms":0.11,"wi":47.25,"ei":6.62,"as":504.0,"mi":"E","mv":47494,"sc":2,"lpe":91.77,"lpr":237.26,"lq":1.0,"d":128750},{"pi":"1506","pc":"Продукты питания","ss":4500,"td":"Фешенебельный район","dc":2,"n":325.5,"vc":"1518","sl":"Элитный","sv":"39194","p":320.0,"q":15.55,"b":0.0,"ms":4.43,"wi":113.29,"ei":8.52,"as":2226.16,"mi":"E","mv":884686,"sc":2,"lpe":94.35,"lpr":295.39,"lq":1.0,"d":1235082},{"pi":"1506","pc":"Продукты питания","ss":100000,"td":"Центр города","dc":1,"n":192.89,"vc":"15134","sl":"Элитный","sv":"10791","p":80.0,"q":8.14,"b":1.37,"ms":1.22,"wi":113.29,"ei":8.52,"as":2226.16,"mi":"E","mv":884686,"sc":2,"lpe":94.35,"lpr":295.39,"lq":1.0,"d":1235082},{"pi":"1506","pc":"Продукты питания","ss":140000,"td":"Центр города","dc":2,"n":452.23,"vc":"248681","sl":"Высокий","sv":"145871","p":310.0,"q":21.4,"b":0.725162780813184,"ms":14.19,"wi":100.56,"ei":8.23,"as":1206.09,"mi":"E","mv":1027883,"sc":1,"lpe":85.81,"lpr":115.69,"lq":1.99,"d":1395634},{"pi":"1506","pc":"Продукты питания","ss":100000,"td":"Центр города","dc":2,"n":450.66,"vc":"223822","sl":"Элитный","sv":"50000","p":600.0,"q":31.99,"b":4.58,"ms":2.67,"wi":78.65,"ei":6.43,"as":351.11,"mi":"E","mv":1871126,"sc":4,"lpe":91.93,"lpr":223.81,"lq":1.0,"d":1885836},{"pi":"1506","pc":"Продукты питания","ss":10000,"td":"Спальный район","dc":1,"n":34.29,"vc":"1820","sl":"Элитный","sv":"50000","p":350.0,"q":8.38,"b":0.0,"ms":2.67,"wi":78.65,"ei":6.43,"as":351.11,"mi":"E","mv":1871126,"sc":4,"lpe":91.93,"lpr":223.81,"lq":1.0,"d":1885836},{"pi":"1506","pc":"Продукты питания","ss":12500,"td":"Фешенебельный район","dc":3,"n":334.48,"vc":"3880","sl":"Элитный","sv":"50000","p":300.0,"q":15.55,"b":0.0,"ms":2.67,"wi":78.65,"ei":6.43,"as":351.11,"mi":"E","mv":1871126,"sc":4,"lpe":91.93,"lpr":223.81,"lq":1.0,"d":1885836},{"pi":"1506","pc":"Продукты питания","ss":1000,"td":"Центр города","dc":1,"n":11.08,"vc":"555","sl":"Элитный","sv":"1000","p":270.0,"q":4.94,"b":0.0,"ms":0.05,"wi":78.65,"ei":6.43,"as":351.11,"mi":"E","mv":1871126,"sc":4,"lpe":91.93,"lpr":223.81,"lq":1.0,"d":1885836},{"pi":"1506","pc":"Продукты питания","ss":100000,"td":"Фешенебельный район","dc":1,"n":510.84,"vc":"73461","sl":"Элитный","sv":"130000","p":560.0,"q":35.84,"b":4.63,"ms":15.92,"wi":70.88,"ei":6.3,"as":344.6,"mi":"E","mv":816531,"sc":1,"lpe":84.08,"lpr":222.09,"lq":3.28,"d":1061807},{"pi":"1506","pc":"Продукты питания","ss":110000,"td":"Спальный район","dc":1,"n":445.65,"vc":"132253","sl":"Нормальный","sv":"100000","p":350.0,"q":22.01,"b":1.98,"ms":9.62,"wi":71.14,"ei":6.0,"as":357.48,"mi":"E","mv":1039276,"sc":1,"lpe":90.38,"lpr":218.64,"lq":1.0,"d":894855},{"pi":"1506","pc":"Продукты питания","ss":100000,"td":"Центр города","dc":2,"n":406.77,"vc":"211450","sl":"Элитный","sv":"453284","p":319.0,"q":21.48,"b":0.0,"ms":22.98,"wi":98.78,"ei":7.86,"as":1444.66,"mi":"E","mv":1972600,"sc":1,"lpe":77.02,"lpr":107.61,"lq":2.48,"d":1680666},{"pi":"1506","pc":"Продукты питания","ss":100000,"td":"Центр города","dc":2,"n":375.36,"vc":"182028","sl":"Элитный","sv":"505501","p":318.0,"q":16.23,"b":1.80890866684735,"ms":13.17,"wi":116.13,"ei":7.17,"as":2122.22,"mi":"E","mv":3838632,"sc":6,"lpe":86.33,"lpr":119.32,"lq":2.09,"d":2596850},{"pi":"1506","pc":"Продукты питания","ss":100000,"td":"Центр города","dc":2,"n":437.57,"vc":"331086","sl":"Очень высокий","sv":"16727","p":410.0,"q":22.08,"b":0.0,"ms":0.44,"wi":116.13,"ei":7.17,"as":2122.22,"mi":"E","mv":3838632,"sc":6,"lpe":86.33,"lpr":119.32,"lq":2.09,"d":2596850},{"pi":"1506","pc":"Продукты питания","ss":10000,"td":"Центр города","dc":2,"n":73.63,"vc":"2419","sl":"Очень высокий","sv":"1441","p":100.0,"q":7.88,"b":0.0,"ms":0.04,"wi":116.13,"ei":7.17,"as":2122.22,"mi":"E","mv":3838632,"sc":6,"lpe":86.33,"lpr":119.32,"lq":2.09,"d":2596850},{"pi":"1506","pc":"Продукты питания","ss":100000,"td":"Центр города","dc":4,"n":152.37,"vc":"14218","sl":"Элитный","sv":"550","p":399.9,"q":22.85,"b":0.0,"ms":0.01,"wi":116.13,"ei":7.17,"as":2122.22,"mi":"E","mv":3838632,"sc":6,"lpe":86.33,"lpr":119.32,"lq":2.09,"d":2596850},{"pi":"1506","pc":"Продукты питания","ss":2100,"td":"Окраина","dc":2,"n":61.2,"vc":"683","sl":"Элитный","sv":"336","p":120.0,"q":7.79,"b":0.0,"ms":0.01,"wi":116.13,"ei":7.17,"as":2122.22,"mi":"E","mv":3838632,"sc":6,"lpe":86.33,"lpr":119.32,"lq":2.09,"d":2596850},{"pi":"1506","pc":"Продукты питания","ss":100000,"td":"Центр города","dc":2,"n":559.02,"vc":"1064474","sl":"Низкий","sv":"1","p":300.0,"q":6.53,"b":0.0,"ms":0.0,"wi":116.13,"ei":7.17,"as":2122.22,"mi":"E","mv":3838632,"sc":6,"lpe":86.33,"lpr":119.32,"lq":2.09,"d":2596850},{"pi":"1506","pc":"Продукты питания","ss":100000,"td":"Фешенебельный район","dc":1,"n":365.09,"vc":"39297","sl":"Элитный","sv":"1210970","p":300.0,"q":32.19,"b":3.10973372585613,"ms":9.06,"wi":102.86,"ei":10.85,"as":2744.68,"mi":"E","mv":13360367,"sc":6,"lpe":84.32,"lpr":183.51,"lq":3.05,"d":9744630},{"pi":"1506","pc":"Продукты питания","ss":200000,"td":"Центр города","dc":2,"n":516.38,"vc":"2176320","sl":"Нормальный","sv":"513503","p":350.0,"q":24.26,"b":0.0,"ms":3.84,"wi":102.86,"ei":10.85,"as":2744.68,"mi":"E","mv":13360367,"sc":6,"lpe":84.32,"lpr":183.51,"lq":3.05,"d":9744630},{"pi":"1506","pc":"Продукты питания","ss":300000,"td":"Фешенебельный район","dc":1,"n":407.21,"vc":"133924","sl":"Элитный","sv":"350001","p":400.0,"q":20.58,"b":2.77206396553153,"ms":2.62,"wi":102.86,"ei":10.85,"as":2744.68,"mi":"E","mv":13360367,"sc":6,"lpe":84.32,"lpr":183.51,"lq":3.05,"d":9744630},{"pi":"1506","pc":"Продукты питания","ss":10000,"td":"Окраина","dc":3,"n":215.29,"vc":"6574","sl":"Элитный","sv":"18000","p":225.0,"q":11.55,"b":0.0,"ms":0.13,"wi":102.86,"ei":10.85,"as":2744.68,"mi":"E","mv":13360367,"sc":6,"lpe":84.32,"lpr":183.51,"lq":3.05,"d":9744630},{"pi":"1506","pc":"Продукты питания","ss":100000,"td":"Фешенебельный район","dc":1,"n":313.54,"vc":"15959","sl":"Элитный","sv":"1000","p":400.0,"q":22.97,"b":0.27538,"ms":0.01,"wi":102.86,"ei":10.85,"as":2744.68,"mi":"E","mv":13360367,"sc":6,"lpe":84.32,"lpr":183.51,"lq":3.05,"d":9744630},{"pi":"1506","pc":"Продукты питания","ss":20000,"td":"Центр города","dc":1,"n":150.18,"vc":"14386","sl":"Элитный","sv":"953","p":249.99,"q":4.58,"b":0.0,"ms":0.01,"wi":102.86,"ei":10.85,"as":2744.68,"mi":"E","mv":13360367,"sc":6,"lpe":84.32,"lpr":183.51,"lq":3.05,"d":9744630},{"pi":"1506","pc":"Продукты питания","ss":200000,"td":"Центр города","dc":8,"n":447.37,"vc":"240322","sl":"Очень низкий","sv":"50000","p":280.0,"q":11.55,"b":0.0,"ms":10.51,"wi":101.15,"ei":4.2,"as":358.64,"mi":"E","mv":475696,"sc":1,"lpe":89.49,"lpr":224.94,"lq":3.86,"d":445356},{"pi":"1506","pc":"Продукты питания","ss":30000,"td":"Центр города","dc":3,"n":365.51,"vc":"25744","sl":"Высокий","sv":"97538","p":105.0,"q":10.71,"b":1.17,"ms":14.24,"wi":73.18,"ei":7.0,"as":362.16,"mi":"E","mv":684898,"sc":1,"lpe":85.76,"lpr":74.82,"lq":1.21,"d":664549},{"pi":"1506","pc":"Продукты питания","ss":10000,"td":"Центр города","dc":1,"n":442.91,"vc":"38493","sl":"Очень высокий","sv":"200000","p":600.0,"q":23.88,"b":0.0,"ms":9.12,"wi":66.45,"ei":6.04,"as":318.0,"mi":"E","mv":2193305,"sc":3,"lpe":90.59,"lpr":218.93,"lq":1.08,"d":2877864},{"pi":"1506","pc":"Продукты питания","ss":600,"td":"Центр города","dc":9,"n":379.77,"vc":"5436","sl":"Очень низкий","sv":"5315","p":275.0,"q":13.61,"b":0.0,"ms":0.24,"wi":66.45,"ei":6.04,"as":318.0,"mi":"E","mv":2193305,"sc":3,"lpe":90.59,"lpr":218.93,"lq":1.08,"d":2877864},{"pi":"1506","pc":"Продукты питания","ss":1000,"td":"Центр города","dc":1,"n":4.03,"vc":"618","sl":"Элитный","sv":"1000","p":280.0,"q":4.94,"b":0.0,"ms":0.05,"wi":66.45,"ei":6.04,"as":318.0,"mi":"E","mv":2193305,"sc":3,"lpe":90.59,"lpr":218.93,"lq":1.08,"d":2877864},{"pi":"1506","pc":"Продукты питания","ss":10000,"td":"Фешенебельный район","dc":2,"n":380.6,"vc":"4060","sl":"Элитный","sv":"20000","p":325.0,"q":15.55,"b":0.0,"ms":1.66,"wi":78.09,"ei":6.42,"as":548.1,"mi":"E","mv":1204050,"sc":1,"lpe":98.34,"lpr":248.05,"lq":1.0,"d":1232684},{"pi":"1506","pc":"Продукты питания","ss":13500,"td":"Фешенебельный район","dc":3,"n":402.26,"vc":"4170","sl":"Элитный","sv":"9911","p":350.0,"q":5.03,"b":0.0,"ms":1.95,"wi":102.66,"ei":5.0,"as":366.29,"mi":"E","mv":509393,"sc":2,"lpe":98.05,"lpr":292.08,"lq":1.0,"d":454964},{"pi":"1506","pc":"Продукты питания","ss":100000,"td":"Центр города","dc":1,"n":107.12,"vc":"5002","sl":"Элитный","sv":"6","p":135.0,"q":5.36,"b":0.0,"ms":0.0,"wi":102.66,"ei":5.0,"as":366.29,"mi":"E","mv":509393,"sc":2,"lpe":98.05,"lpr":292.08,"lq":1.0,"d":454964},{"pi":"1506","pc":"Продукты питания","ss":100000,"td":"Центр города","dc":1,"n":436.78,"vc":"225926","sl":"Элитный","sv":"16058","p":500.0,"q":22.83,"b":0.0,"ms":0.68,"wi":99.69,"ei":9.31,"as":1270.5,"mi":"E","mv":2345778,"sc":1,"lpe":99.32,"lpr":191.74,"lq":2.35,"d":2836484},{"pi":"1506","pc":"Продукты питания","ss":11000,"td":"Фешенебельный район","dc":5,"n":519.39,"vc":"8205","sl":"Очень высокий","sv":"13393","p":600.0,"q":10.5,"b":0.0,"ms":19.05,"wi":96.46,"ei":8.56,"as":1155.0,"mi":"E","mv":70297,"sc":1,"lpe":80.95,"lpr":355.12,"lq":3.87,"d":392430},{"pi":"1506","pc":"Продукты питания","ss":100,"td":"Центр города","dc":2,"n":0.0,"vc":"78","sl":"Низкий","sv":"11","p":256.04,"q":5.01,"b":0.0,"ms":0.0,"wi":51.22,"ei":6.76,"as":427.68,"mi":"E","mv":375774,"sc":1,"lpe":100.0,"lpr":175.43,"lq":1.0,"d":988934},{"pi":"1506","pc":"Продукты питания","ss":10000,"td":"Центр города","dc":1,"n":331.81,"vc":"5452","sl":"Элитный","sv":"163025","p":16.0,"q":5.76,"b":3.25,"ms":49.04,"wi":53.91,"ei":5.7,"as":380.06,"mi":"E","mv":332442,"sc":1,"lpe":50.96,"lpr":16.5,"lq":1.02,"d":113064},{"pi":"1506","pc":"Продукты питания","ss":10000,"td":"Спальный район","dc":1,"n":15.86,"vc":"1862","sl":"Очень высокий","sv":"60000","p":350.0,"q":8.38,"b":0.0,"ms":1.66,"wi":93.34,"ei":5.0,"as":474.39,"mi":"E","mv":3619014,"sc":4,"lpe":96.68,"lpr":278.25,"lq":1.0,"d":2970884},{"pi":"1506","pc":"Продукты питания","ss":30000,"td":"Фешенебельный район","dc":1,"n":337.61,"vc":"8428","sl":"Очень высокий","sv":"40000","p":450.0,"q":35.84,"b":0.0,"ms":1.11,"wi":93.34,"ei":5.0,"as":474.39,"mi":"E","mv":3619014,"sc":4,"lpe":96.68,"lpr":278.25,"lq":1.0,"d":2970884},{"pi":"1506","pc":"Продукты питания","ss":12700,"td":"Фешенебельный район","dc":3,"n":200.12,"vc":"1656","sl":"Элитный","sv":"20000","p":320.0,"q":15.55,"b":0.0,"ms":0.55,"wi":93.34,"ei":5.0,"as":474.39,"mi":"E","mv":3619014,"sc":4,"lpe":96.68,"lpr":278.25,"lq":1.0,"d":2970884},{"pi":"1506","pc":"Продукты питания","ss":100000,"td":"Центр города","dc":2,"n":83.11,"vc":"7657","sl":"Элитный","sv":"23","p":390.0,"q":18.38,"b":1.32,"ms":0.0,"wi":93.34,"ei":5.0,"as":474.39,"mi":"E","mv":3619014,"sc":4,"lpe":96.68,"lpr":278.25,"lq":1.0,"d":2970884},{"pi":"1506","pc":"Продукты питания","ss":500,"td":"Центр города","dc":2,"n":116.0,"vc":"855","sl":"Нормальный","sv":"3000","p":100.0,"q":6.28,"b":2.58,"ms":1.02,"wi":17.18,"ei":17.09,"as":56.27,"mi":"E","mv":294564,"sc":2,"lpe":98.76,"lpr":217.69,"lq":1.0,"d":3998532},{"pi":"1506","pc":"Продукты питания","ss":200,"td":"Спальный район","dc":2,"n":101.66,"vc":"341","sl":"Нормальный","sv":"660","p":146.0,"q":2.35,"b":0.12,"ms":0.22,"wi":17.18,"ei":17.09,"as":56.27,"mi":"E","mv":294564,"sc":2,"lpe":98.76,"lpr":217.69,"lq":1.0,"d":3998532},{"pi":"1506","pc":"Продукты питания","ss":10000,"td":"Центр города","dc":1,"n":292.16,"vc":"5104","sl":"Элитный","sv":"145441","p":50.0,"q":5.76,"b":3.25,"ms":45.51,"wi":72.48,"ei":6.2,"as":316.9,"mi":"E","mv":319548,"sc":1,"lpe":54.49,"lpr":62.67,"lq":1.19,"d":216434},{"pi":"1506","pc":"Продукты питания","ss":100000,"td":"Центр города","dc":3,"n":378.52,"vc":"120585","sl":"Элитный","sv":"118521","p":449.0,"q":24.64,"b":0.0,"ms":13.06,"wi":64.2,"ei":7.41,"as":406.66,"mi":"E","mv":907361,"sc":2,"lpe":75.89,"lpr":152.32,"lq":3.33,"d":733921},{"pi":"1506","pc":"Продукты питания","ss":10000,"td":"Центр города","dc":1,"n":226.13,"vc":"4802","sl":"Элитный","sv":"100200","p":110.0,"q":5.75,"b":3.25,"ms":11.04,"wi":64.2,"ei":7.41,"as":406.66,"mi":"E","mv":907361,"sc":2,"lpe":75.89,"lpr":152.32,"lq":3.33,"d":733921},{"pi":"1506","pc":"Продукты питания","ss":10000,"td":"Центр города","dc":1,"n":327.51,"vc":"5439","sl":"Элитный","sv":"160711","p":16.0,"q":5.76,"b":3.25,"ms":48.79,"wi":58.69,"ei":6.1,"as":320.0,"mi":"E","mv":329419,"sc":1,"lpe":51.21,"lpr":16.99,"lq":1.01,"d":122986},{"pi":"1506","pc":"Продукты питания","ss":10000,"td":"Фешенебельный район","dc":6,"n":445.04,"vc":"6304","sl":"Очень высокий","sv":"1098","p":500.0,"q":5.13,"b":0.0,"ms":0.56,"wi":41.34,"ei":6.24,"as":393.64,"mi":"E","mv":196734,"sc":1,"lpe":99.44,"lpr":242.29,"lq":1.0,"d":1110660},{"pi":"1506","pc":"Продукты питания","ss":10000,"td":"Фешенебельный район","dc":1,"n":311.3,"vc":"2042","sl":"Элитный","sv":"10000","p":300.0,"q":4.94,"b":0.0,"ms":3.18,"wi":68.68,"ei":7.55,"as":553.24,"mi":"E","mv":314725,"sc":1,"lpe":96.82,"lpr":249.43,"lq":1.0,"d":810299},{"pi":"1506","pc":"Продукты питания","ss":10000,"td":"Фешенебельный район","dc":1,"n":370.52,"vc":"2546","sl":"Элитный","sv":"10000","p":350.0,"q":4.94,"b":0.0,"ms":6.88,"wi":70.04,"ei":5.87,"as":653.67,"mi":"E","mv":145401,"sc":2,"lpe":91.16,"lpr":289.58,"lq":1.0,"d":401934},{"pi":"1506","pc":"Продукты питания","ss":1200,"td":"Центр города","dc":9,"n":517.4,"vc":"9674","sl":"Очень низкий","sv":"2849","p":290.0,"q":2.14,"b":0.0,"ms":1.96,"wi":70.04,"ei":5.87,"as":653.67,"mi":"E","mv":145401,"sc":2,"lpe":91.16,"lpr":289.58,"lq":1.0,"d":401934},{"pi":"1506","pc":"Продукты питания","ss":10000,"td":"Центр города","dc":1,"n":299.73,"vc":"5161","sl":"Элитный","sv":"150320","p":45.0,"q":5.76,"b":3.25,"ms":49.39,"wi":72.57,"ei":6.1,"as":319.0,"mi":"E","mv":304333,"sc":1,"lpe":50.61,"lpr":57.44,"lq":1.06,"d":190480},{"pi":"1506","pc":"Продукты питания","ss":2200,"td":"Центр города","dc":3,"n":21.22,"vc":"1514","sl":"Очень низкий","sv":"5651","p":281.0,"q":5.18,"b":0.0,"ms":0.51,"wi":39.2,"ei":15.63,"as":384.32,"mi":"E","mv":1100927,"sc":1,"lpe":99.49,"lpr":231.2,"lq":1.0,"d":4545297},{"pi":"1506","pc":"Продукты питания","ss":500,"td":"Спальный район","dc":2,"n":88.01,"vc":"365","sl":"Высокий","sv":"4000","p":170.0,"q":11.55,"b":0.67,"ms":6.34,"wi":21.72,"ei":12.43,"as":247.46,"mi":"E","mv":63096,"sc":2,"lpe":93.58,"lpr":217.63,"lq":1.0,"d":1377175},{"pi":"1506","pc":"Продукты питания","ss":600,"td":"Центр города","dc":1,"n":137.26,"vc":"691","sl":"Низкий","sv":"50","p":300.0,"q":11.55,"b":0.67,"ms":0.08,"wi":21.72,"ei":12.43,"as":247.46,"mi":"E","mv":63096,"sc":2,"lpe":93.58,"lpr":217.63,"lq":1.0,"d":1377175},{"pi":"1506","pc":"Продукты питания","ss":100000,"td":"Центр города","dc":2,"n":418.6,"vc":"172437","sl":"Элитный","sv":"143795","p":248.0,"q":19.49,"b":0.0,"ms":21.52,"wi":75.57,"ei":8.11,"as":1269.9,"mi":"E","mv":668061,"sc":1,"lpe":78.48,"lpr":88.35,"lq":2.1,"d":678178},{"pi":"1506","pc":"Продукты питания","ss":1000,"td":"Окраина","dc":4,"n":305.45,"vc":"1126","sl":"Нормальный","sv":"5000","p":350.0,"q":4.94,"b":0.0,"ms":4.49,"wi":74.19,"ei":6.6,"as":584.33,"mi":"E","mv":111369,"sc":2,"lpe":94.61,"lpr":261.36,"lq":1.0,"d":168154},{"pi":"1506","pc":"Продукты питания","ss":1000,"td":"Спальный район","dc":2,"n":199.96,"vc":"518","sl":"Элитный","sv":"1000","p":250.0,"q":5.61,"b":0.0,"ms":0.9,"wi":74.19,"ei":6.6,"as":584.33,"mi":"E","mv":111369,"sc":2,"lpe":94.61,"lpr":261.36,"lq":1.0,"d":168154},{"pi":"1506","pc":"Продукты питания","ss":1000,"td":"Фешенебельный район","dc":2,"n":515.86,"vc":"1221","sl":"Очень высокий","sv":"13396","p":275.0,"q":15.84,"b":0.0,"ms":5.43,"wi":69.48,"ei":7.76,"as":583.44,"mi":"E","mv":246658,"sc":3,"lpe":94.16,"lpr":242.05,"lq":1.0,"d":375360},{"pi":"1506","pc":"Продукты питания","ss":1000,"td":"Окраина","dc":4,"n":258.46,"vc":"1144","sl":"Нормальный","sv":"1000","p":250.0,"q":4.94,"b":0.0,"ms":0.41,"wi":69.48,"ei":7.76,"as":583.44,"mi":"E","mv":246658,"sc":3,"lpe":94.16,"lpr":242.05,"lq":1.0,"d":375360},{"pi":"1506","pc":"Продукты питания","ss":500,"td":"Фешенебельный район","dc":1,"n":0.0,"vc":"33","sl":"Нормальный","sv":"18","p":235.0,"q":5.13,"b":0.0,"ms":0.01,"wi":69.48,"ei":7.76,"as":583.44,"mi":"E","mv":246658,"sc":3,"lpe":94.16,"lpr":242.05,"lq":1.0,"d":375360},{"pi":"1506","pc":"Продукты питания","ss":1000,"td":"Спальный район","dc":1,"n":246.33,"vc":"1574","sl":"Элитный","sv":"90000","p":390.0,"q":35.84,"b":0.0,"ms":15.31,"wi":88.26,"ei":7.25,"as":562.28,"mi":"E","mv":587770,"sc":5,"lpe":80.48,"lpr":218.03,"lq":2.71,"d":598348},{"pi":"1506","pc":"Продукты питания","ss":1000,"td":"Фешенебельный район","dc":2,"n":479.43,"vc":"1172","sl":"Очень высокий","sv":"13627","p":250.0,"q":15.7,"b":0.0,"ms":2.32,"wi":88.26,"ei":7.25,"as":562.28,"mi":"E","mv":587770,"sc":5,"lpe":80.48,"lpr":218.03,"lq":2.71,"d":598348},{"pi":"1506","pc":"Продукты питания","ss":1000,"td":"Центр города","dc":2,"n":212.6,"vc":"1156","sl":"Очень высокий","sv":"11006","p":230.0,"q":11.45,"b":0.0,"ms":1.87,"wi":88.26,"ei":7.25,"as":562.28,"mi":"E","mv":587770,"sc":5,"lpe":80.48,"lpr":218.03,"lq":2.71,"d":598348},{"pi":"1506","pc":"Продукты питания","ss":600,"td":"Спальный район","dc":1,"n":94.77,"vc":"348","sl":"Элитный","sv":"100","p":500.0,"q":22.38,"b":2.5,"ms":0.02,"wi":88.26,"ei":7.25,"as":562.28,"mi":"E","mv":587770,"sc":5,"lpe":80.48,"lpr":218.03,"lq":2.71,"d":598348},{"pi":"1506","pc":"Продукты питания","ss":1000,"td":"Фешенебельный район","dc":1,"n":103.22,"vc":"94","sl":"Элитный","sv":"7","p":240.0,"q":2.3,"b":0.0,"ms":0.0,"wi":88.26,"ei":7.25,"as":562.28,"mi":"E","mv":587770,"sc":5,"lpe":80.48,"lpr":218.03,"lq":2.71,"d":598348},{"pi":"1506","pc":"Продукты питания","ss":45000,"td":"Фешенебельный район","dc":2,"n":488.59,"vc":"23690","sl":"Элитный","sv":"105106","p":475.0,"q":35.83,"b":0.0,"ms":58.8,"wi":89.42,"ei":9.5,"as":1197.0,"mi":"D","mv":178750,"sc":1,"lpe":41.2,"lpr":230.33,"lq":4.61,"d":573484},{"pi":"1506","pc":"Продукты питания","ss":100000,"td":"Фешенебельный район","dc":1,"n":553.65,"vc":"103497","sl":"Элитный","sv":"38569","p":700.0,"q":25.23,"b":4.98,"ms":9.41,"wi":98.88,"ei":9.31,"as":1312.5,"mi":"E","mv":409883,"sc":1,"lpe":90.59,"lpr":271.44,"lq":3.37,"d":871981},{"pi":"1506","pc":"Продукты питания","ss":12000,"td":"Спальный район","dc":1,"n":291.94,"vc":"12177","sl":"Очень высокий","sv":"32000","p":500.0,"q":15.55,"b":0.0,"ms":5.04,"wi":96.92,"ei":9.6,"as":1470.0,"mi":"E","mv":634539,"sc":2,"lpe":91.81,"lpr":340.21,"lq":1.0,"d":1347944},{"pi":"1506","pc":"Продукты питания","ss":1000,"td":"Центр города","dc":1,"n":7.55,"vc":"483","sl":"Элитный","sv":"20000","p":350.0,"q":16.64,"b":0.0,"ms":3.15,"wi":96.92,"ei":9.6,"as":1470.0,"mi":"E","mv":634539,"sc":2,"lpe":91.81,"lpr":340.21,"lq":1.0,"d":1347944},{"pi":"1506","pc":"Продукты питания","ss":600,"td":"Центр города","dc":3,"n":122.82,"vc":"302","sl":"Очень высокий","sv":"1009","p":220.0,"q":4.94,"b":0.0,"ms":1.85,"wi":55.02,"ei":6.51,"as":504.0,"mi":"E","mv":54471,"sc":1,"lpe":98.15,"lpr":228.29,"lq":1.0,"d":114330},{"pi":"1506","pc":"Продукты питания","ss":500,"td":"Центр города","dc":9,"n":418.93,"vc":"1378","sl":"Очень низкий","sv":"120","p":400.0,"q":22.38,"b":2.5,"ms":0.11,"wi":72.69,"ei":6.62,"as":475.0,"mi":"E","mv":106134,"sc":1,"lpe":99.89,"lpr":235.38,"lq":1.0,"d":147806},{"pi":"1506","pc":"Продукты питания","ss":1100,"td":"Фешенебельный район","dc":1,"n":377.89,"vc":"439","sl":"Элитный","sv":"500","p":400.0,"q":24.89,"b":0.0,"ms":0.38,"wi":45.48,"ei":7.34,"as":367.54,"mi":"E","mv":130019,"sc":1,"lpe":99.62,"lpr":222.29,"lq":1.0,"d":793016},{"pi":"1506","pc":"Продукты питания","ss":1000,"td":"Центр города","dc":1,"n":12.85,"vc":"367","sl":"Элитный","sv":"1000","p":280.0,"q":4.94,"b":0.0,"ms":0.45,"wi":46.37,"ei":4.26,"as":435.93,"mi":"E","mv":219849,"sc":1,"lpe":99.55,"lpr":223.84,"lq":1.0,"d":565094},{"pi":"1506","pc":"Продукты питания","ss":1000,"td":"Центр города","dc":1,"n":642.29,"vc":"6363","sl":"Нормальный","sv":"4800","p":180.0,"q":2.46,"b":0.0,"ms":14.55,"wi":47.9,"ei":6.51,"as":503.58,"mi":"E","mv":33001,"sc":3,"lpe":76.04,"lpr":178.02,"lq":2.58,"d":80987},{"pi":"1506","pc":"Продукты питания","ss":1000,"td":"Спальный район","dc":1,"n":357.05,"vc":"1434","sl":"Элитный","sv":"3000","p":200.0,"q":16.0,"b":0.0,"ms":9.09,"wi":47.9,"ei":6.51,"as":503.58,"mi":"E","mv":33001,"sc":3,"lpe":76.04,"lpr":178.02,"lq":2.58,"d":80987},{"pi":"1506","pc":"Продукты питания","ss":700,"td":"Фешенебельный район","dc":1,"n":642.29,"vc":"701","sl":"Очень высокий","sv":"108","p":180.0,"q":1.0,"b":0.0,"ms":0.33,"wi":47.9,"ei":6.51,"as":503.58,"mi":"E","mv":33001,"sc":3,"lpe":76.04,"lpr":178.02,"lq":2.58,"d":80987},{"pi":"1506","pc":"Продукты питания","ss":500,"td":"Центр города","dc":3,"n":91.32,"vc":"206","sl":"Элитный","sv":"10","p":250.0,"q":24.89,"b":0.0,"ms":0.03,"wi":50.74,"ei":6.3,"as":511.01,"mi":"E","mv":28798,"sc":1,"lpe":99.97,"lpr":259.28,"lq":1.0,"d":93025},{"pi":"1506","pc":"Продукты питания","ss":200000,"td":"Центр города","dc":2,"n":558.06,"vc":"2449456","sl":"Низкий","sv":"50000","p":388.0,"q":8.38,"b":0.0,"ms":3.16,"wi":48.46,"ei":12.08,"as":459.52,"mi":"E","mv":1583646,"sc":2,"lpe":96.84,"lpr":245.66,"lq":1.0,"d":3957256},{"pi":"1506","pc":"Продукты питания","ss":500,"td":"Фешенебельный район","dc":1,"n":187.49,"vc":"198","sl":"Элитный","sv":"65","p":300.0,"q":1.0,"b":0.0,"ms":0.0,"wi":48.46,"ei":12.08,"as":459.52,"mi":"E","mv":1583646,"sc":2,"lpe":96.84,"lpr":245.66,"lq":1.0,"d":3957256},{"pi":"1506","pc":"Продукты питания","ss":1000,"td":"Спальный район","dc":1,"n":373.72,"vc":"1176","sl":"Низкий","sv":"4000","p":255.0,"q":8.38,"b":0.0,"ms":9.29,"wi":49.7,"ei":6.62,"as":507.15,"mi":"E","mv":43080,"sc":1,"lpe":90.71,"lpr":230.69,"lq":1.0,"d":106621}]