[{"pi":"1520","pc":"Одежда и обувь","ss":500,"td":"Центр города","dc":1,"n":40.66,"vc":"246","sl":"Нормальный","sv":"37","p":178.0,"q":1.0,"b":0.0,"ms":0.06,"wi":0.21,"ei":4.28,"as":186.02,"mi":"E","mv":63896,"sc":1,"lpe":99.94,"lpr":177.6,"lq":1.0,"d":281804},{"pi":"1520","pc":"Одежда и обувь","ss":600,"td":"Центр города","dc":1,"n":34.79,"vc":"453","sl":"Очень высокий","sv":"154","p":184.008,"q":1.05,"b":0.0,"ms":0.05,"wi":0.17,"ei":4.28,"as":154.36,"mi":"E","mv":317523,"sc":2,"lpe":99.95,"lpr":166.65,"lq":1.0,"d":1380228},{"pi":"1520","pc":"Одежда и обувь","ss":800,"td":"Центр города","dc":2,"n":266.13,"vc":"1833","sl":"Низкий","sv":"1","p":550.0,"q":4.46,"b":0.0,"ms":0.0,"wi":0.17,"ei":4.28,"as":154.36,"mi":"E","mv":317523,"sc":2,"lpe":99.95,"lpr":166.65,"lq":1.0,"d":1380228},{"pi":"1520","pc":"Одежда и обувь","ss":500,"td":"Центр города","dc":1,"n":47.69,"vc":"240","sl":"Нормальный","sv":"37","p":147.0,"q":1.0,"b":0.0,"ms":0.09,"wi":0.18,"ei":3.74,"as":142.0,"mi":"E","mv":42274,"sc":1,"lpe":99.91,"lpr":146.17,"lq":1.0,"d":236667},{"pi":"1520","pc":"Одежда и обувь","ss":1000,"td":"Центр города","dc":1,"n":0.0,"vc":"436","sl":"Элитный","sv":"110","p":175.0,"q":1.36,"b":0.0,"ms":0.04,"wi":0.21,"ei":4.32,"as":180.62,"mi":"E","mv":259355,"sc":1,"lpe":99.96,"lpr":176.12,"lq":1.0,"d":1131900},{"pi":"1520","pc":"Одежда и обувь","ss":500,"td":"Центр города","dc":1,"n":72.1,"vc":"271","sl":"Низкий","sv":"31","p":162.0,"q":1.0,"b":0.0,"ms":0.06,"wi":0.16,"ei":4.26,"as":141.04,"mi":"E","mv":51848,"sc":1,"lpe":99.94,"lpr":161.49,"lq":1.0,"d":232430},{"pi":"1520","pc":"Одежда и обувь","ss":100,"td":"Центр города","dc":1,"n":47.28,"vc":"66","sl":"Нормальный","sv":"10","p":154.099,"q":1.05,"b":0.0,"ms":0.01,"wi":0.16,"ei":3.4,"as":127.44,"mi":"E","mv":71413,"sc":1,"lpe":99.99,"lpr":141.16,"lq":1.0,"d":392726},{"pi":"1520","pc":"Одежда и обувь","ss":2000,"td":"Фешенебельный район","dc":2,"n":282.37,"vc":"1120","sl":"Элитный","sv":"274","p":5888.35,"q":10.0,"b":0.0,"ms":0.03,"wi":1.61,"ei":8.3,"as":1440.0,"mi":"E","mv":911503,"sc":1,"lpe":99.97,"lpr":1330.92,"lq":1.0,"d":3884300},{"pi":"1520","pc":"Одежда и обувь","ss":2000,"td":"Фешенебельный район","dc":2,"n":58.84,"vc":"374","sl":"Элитный","sv":"369","p":4939.89,"q":10.0,"b":0.0,"ms":0.02,"wi":1.54,"ei":8.5,"as":1540.0,"mi":"E","mv":1888939,"sc":1,"lpe":99.98,"lpr":1423.29,"lq":1.0,"d":8405800},{"pi":"1520","pc":"Одежда и обувь","ss":600,"td":"Центр города","dc":2,"n":99.16,"vc":"653","sl":"Очень низкий","sv":"20","p":209.11,"q":1.0,"b":0.0,"ms":0.01,"wi":0.26,"ei":4.27,"as":217.12,"mi":"E","mv":333686,"sc":1,"lpe":99.99,"lpr":205.37,"lq":1.0,"d":1481414},{"pi":"1520","pc":"Одежда и обувь","ss":800,"td":"Центр города","dc":2,"n":139.71,"vc":"703","sl":"Очень высокий","sv":"500","p":756.32,"q":1.0,"b":0.0,"ms":0.38,"wi":1.56,"ei":8.7,"as":1500.0,"mi":"E","mv":130216,"sc":5,"lpe":98.83,"lpr":1379.41,"lq":1.0,"d":646400},{"pi":"1520","pc":"Одежда и обувь","ss":600,"td":"Фешенебельный район","dc":2,"n":133.94,"vc":"88","sl":"Элитный","sv":"500","p":1202.98,"q":5.0,"b":0.0,"ms":0.38,"wi":1.56,"ei":8.7,"as":1500.0,"mi":"E","mv":130216,"sc":5,"lpe":98.83,"lpr":1379.41,"lq":1.0,"d":646400},{"pi":"1520","pc":"Одежда и обувь","ss":600,"td":"Пригород","dc":2,"n":133.94,"vc":"235","sl":"Элитный","sv":"219","p":400.0,"q":1.0,"b":0.0,"ms":0.17,"wi":1.56,"ei":8.7,"as":1500.0,"mi":"E","mv":130216,"sc":5,"lpe":98.83,"lpr":1379.41,"lq":1.0,"d":646400},{"pi":"1520","pc":"Одежда и обувь","ss":600,"td":"Окраина","dc":2,"n":133.94,"vc":"352","sl":"Элитный","sv":"200","p":305.52,"q":1.0,"b":0.0,"ms":0.15,"wi":1.56,"ei":8.7,"as":1500.0,"mi":"E","mv":130216,"sc":5,"lpe":98.83,"lpr":1379.41,"lq":1.0,"d":646400},{"pi":"1520","pc":"Одежда и обувь","ss":600,"td":"Спальный район","dc":2,"n":133.94,"vc":"440","sl":"Очень высокий","sv":"100","p":400.0,"q":1.0,"b":0.0,"ms":0.08,"wi":1.56,"ei":8.7,"as":1500.0,"mi":"E","mv":130216,"sc":5,"lpe":98.83,"lpr":1379.41,"lq":1.0,"d":646400},{"pi":"1520","pc":"Одежда и обувь","ss":1000,"td":"Центр города","dc":2,"n":81.51,"vc":"1083","sl":"Очень высокий","sv":"849","p":250.0,"q":1.0,"b":0.0,"ms":0.08,"wi":0.54,"ei":5.95,"as":458.23,"mi":"E","mv":1088049,"sc":5,"lpe":99.81,"lpr":423.94,"lq":1.0,"d":4109214},{"pi":"1520","pc":"Одежда и обувь","ss":200,"td":"Фешенебельный район","dc":2,"n":82.55,"vc":"68","sl":"Элитный","sv":"549","p":1096.21,"q":10.0,"b":0.0,"ms":0.05,"wi":0.54,"ei":5.95,"as":458.23,"mi":"E","mv":1088049,"sc":5,"lpe":99.81,"lpr":423.94,"lq":1.0,"d":4109214},{"pi":"1520","pc":"Одежда и обувь","ss":600,"td":"Окраина","dc":2,"n":32.01,"vc":"393","sl":"Элитный","sv":"360","p":184.21,"q":1.0,"b":0.0,"ms":0.03,"wi":0.54,"ei":5.95,"as":458.23,"mi":"E","mv":1088049,"sc":5,"lpe":99.81,"lpr":423.94,"lq":1.0,"d":4109214},{"pi":"1520","pc":"Одежда и обувь","ss":400,"td":"Пригород","dc":2,"n":32.52,"vc":"217","sl":"Элитный","sv":"211","p":184.21,"q":1.0,"b":0.0,"ms":0.02,"wi":0.54,"ei":5.95,"as":458.23,"mi":"E","mv":1088049,"sc":5,"lpe":99.81,"lpr":423.94,"lq":1.0,"d":4109214},{"pi":"1520","pc":"Одежда и обувь","ss":800,"td":"Спальный район","dc":2,"n":82.55,"vc":"736","sl":"Низкий","sv":"135","p":184.21,"q":1.0,"b":0.0,"ms":0.01,"wi":0.54,"ei":5.95,"as":458.23,"mi":"E","mv":1088049,"sc":5,"lpe":99.81,"lpr":423.94,"lq":1.0,"d":4109214},{"pi":"1520","pc":"Одежда и обувь","ss":1700,"td":"Центр города","dc":3,"n":53.54,"vc":"595","sl":"Элитный","sv":"200","p":350.0,"q":5.0,"b":0.0,"ms":0.05,"wi":0.34,"ei":6.06,"as":330.02,"mi":"E","mv":380626,"sc":1,"lpe":99.95,"lpr":310.25,"lq":1.0,"d":1293401},{"pi":"1520","pc":"Одежда и обувь","ss":2000,"td":"Фешенебельный район","dc":2,"n":364.97,"vc":"993","sl":"Элитный","sv":"215","p":6598.15,"q":10.0,"b":0.0,"ms":0.15,"wi":1.78,"ei":9.4,"as":1590.0,"mi":"E","mv":143965,"sc":1,"lpe":99.85,"lpr":1465.32,"lq":1.0,"d":646000},{"pi":"1520","pc":"Одежда и обувь","ss":600,"td":"Центр города","dc":1,"n":78.71,"vc":"257","sl":"Элитный","sv":"150","p":155.067,"q":5.0,"b":0.0,"ms":0.59,"wi":0.15,"ei":4.34,"as":124.93,"mi":"E","mv":25216,"sc":1,"lpe":99.41,"lpr":140.25,"lq":1.0,"d":139918},{"pi":"1520","pc":"Одежда и обувь","ss":2000,"td":"Фешенебельный район","dc":2,"n":89.14,"vc":"303","sl":"Элитный","sv":"48","p":5544.0,"q":10.0,"b":0.0,"ms":0.01,"wi":1.02,"ei":8.6,"as":1300.0,"mi":"E","mv":608311,"sc":1,"lpe":99.99,"lpr":1180.43,"lq":1.0,"d":2718800}]