[{"d":"24.08.2018","r":1000.0,"q":2.04,"p":1200.0,"s":[{"cn":"pinuscz s.r.o","ui":"7826527","t":1000.0,"r":1000.0,"q":2.04,"p":1200.0,"mot":"U","mo":1000.0},{"cn":"","ui":"","t":0.0,"r":0.0,"q":0.0,"p":0.0,"mot":"L","mo":0.0}]},{"d":"27.08.2018","r":3958.0,"q":2.04,"p":1200.0,"s":[{"cn":"pinuscz s.r.o","ui":"7826527","t":3973.0,"r":3958.0,"q":2.04,"p":1200.0,"mot":"U","mo":3958.0},{"cn":"","ui":"","t":0.0,"r":0.0,"q":0.0,"p":0.0,"mot":"L","mo":0.0}]},{"d":"28.08.2018","r":4955.0,"q":2.04,"p":1200.0,"s":[{"cn":"pinuscz s.r.o","ui":"7826527","t":4958.0,"r":4955.0,"q":2.04,"p":1200.0,"mot":"U","mo":4955.0},{"cn":"","ui":"","t":0.0,"r":0.0,"q":0.0,"p":0.0,"mot":"L","mo":0.0}]},{"d":"29.08.2018","r":5952.0,"q":2.04,"p":1200.0,"s":[{"cn":"pinuscz s.r.o","ui":"7826527","t":5955.0,"r":5952.0,"q":2.04,"p":1200.0,"mot":"U","mo":5952.0},{"cn":"","ui":"","t":0.0,"r":0.0,"q":0.0,"p":0.0,"mot":"L","mo":0.0}]},{"d":"30.08.2018","r":6950.0,"q":2.04,"p":1200.0,"s":[{"cn":"pinuscz s.r.o","ui":"7826527","t":6952.0,"r":6950.0,"q":2.04,"p":1200.0,"mot":"U","mo":6950.0},{"cn":"","ui":"","t":0.0,"r":0.0,"q":0.0,"p":0.0,"mot":"L","mo":0.0}]},{"d":"31.08.2018","r":7948.0,"q":2.04,"p":1200.0,"s":[{"cn":"pinuscz s.r.o","ui":"7826527","t":7950.0,"r":7948.0,"q":2.04,"p":1200.0,"mot":"U","mo":7948.0},{"cn":"","ui":"","t":0.0,"r":0.0,"q":0.0,"p":0.0,"mot":"L","mo":0.0}]},{"d":"03.09.2018","r":10935.0,"q":2.04,"p":1200.0,"s":[{"cn":"pinuscz s.r.o","ui":"7826527","t":10946.0,"r":10935.0,"q":2.04,"p":1200.0,"mot":"U","mo":10935.0},{"cn":"","ui":"","t":0.0,"r":0.0,"q":0.0,"p":0.0,"mot":"L","mo":0.0}]},{"d":"04.09.2018","r":11924.0,"q":2.04,"p":1100.0,"s":[{"cn":"pinuscz s.r.o","ui":"7826527","t":11935.0,"r":11924.0,"q":2.04,"p":1100.0,"mot":"U","mo":11924.0},{"cn":"","ui":"","t":0.0,"r":0.0,"q":0.0,"p":0.0,"mot":"L","mo":0.0}]},{"d":"05.09.2018","r":12923.0,"q":2.04,"p":1100.0,"s":[{"cn":"pinuscz s.r.o","ui":"7826527","t":12929.0,"r":12923.0,"q":2.04,"p":1100.0,"mot":"U","mo":12923.0},{"cn":"","ui":"","t":0.0,"r":0.0,"q":0.0,"p":0.0,"mot":"L","mo":0.0}]},{"d":"06.09.2018","r":13927.0,"q":2.04,"p":1100.0,"s":[{"cn":"pinuscz s.r.o","ui":"7826527","t":13928.0,"r":13927.0,"q":2.04,"p":1100.0,"mot":"U","mo":13927.0},{"cn":"","ui":"","t":0.0,"r":0.0,"q":0.0,"p":0.0,"mot":"L","mo":0.0}]},{"d":"07.09.2018","r":14926.0,"q":2.04,"p":1100.0,"s":[{"cn":"pinuscz s.r.o","ui":"7826527","t":14927.0,"r":14926.0,"q":2.04,"p":1100.0,"mot":"U","mo":14926.0},{"cn":"","ui":"","t":0.0,"r":0.0,"q":0.0,"p":0.0,"mot":"L","mo":0.0}]},{"d":"10.09.2018","r":17923.0,"q":2.04,"p":1100.0,"s":[{"cn":"pinuscz s.r.o","ui":"7826527","t":17924.0,"r":17923.0,"q":2.04,"p":1100.0,"mot":"U","mo":17923.0},{"cn":"","ui":"","t":0.0,"r":0.0,"q":0.0,"p":0.0,"mot":"L","mo":0.0}]},{"d":"12.09.2018","r":19921.0,"q":2.04,"p":1100.0,"s":[{"cn":"pinuscz s.r.o","ui":"7826527","t":19922.0,"r":19921.0,"q":2.04,"p":1100.0,"mot":"U","mo":19921.0},{"cn":"","ui":"","t":0.0,"r":0.0,"q":0.0,"p":0.0,"mot":"L","mo":0.0}]},{"d":"13.09.2018","r":20920.0,"q":2.04,"p":1100.0,"s":[{"cn":"pinuscz s.r.o","ui":"7826527","t":20921.0,"r":20920.0,"q":2.04,"p":1100.0,"mot":"U","mo":20920.0},{"cn":"","ui":"","t":0.0,"r":0.0,"q":0.0,"p":0.0,"mot":"L","mo":0.0}]},{"d":"14.09.2018","r":21419.0,"q":2.04,"p":1000.0,"s":[{"cn":"pinuscz s.r.o","ui":"7826527","t":21920.0,"r":21419.0,"q":2.04,"p":1000.0,"mot":"U","mo":21419.0},{"cn":"","ui":"","t":0.0,"r":0.0,"q":0.0,"p":0.0,"mot":"L","mo":0.0}]},{"d":"26.09.2018","r":176400.0,"q":2.04,"p":1999.0,"s":[{"cn":"Nitro Technology","ui":"7853100","t":176400.0,"r":176400.0,"q":2.04,"p":1999.0,"mot":"U","mo":176400.0},{"cn":"","ui":"","t":0.0,"r":0.0,"q":0.0,"p":0.0,"mot":"L","mo":0.0}]},{"d":"28.09.2018","r":220500.0,"q":2.04,"p":1999.0,"s":[{"cn":"Nitro Technology","ui":"7853100","t":220500.0,"r":220500.0,"q":2.04,"p":1999.0,"mot":"U","mo":220500.0},{"cn":"","ui":"","t":0.0,"r":0.0,"q":0.0,"p":0.0,"mot":"L","mo":0.0}]},{"d":"01.02.2019","r":5269358.0,"q":3.22,"p":1010.69,"s":[{"cn":"Kroko-Russia","ui":"7823263","t":2532070.0,"r":2526070.0,"q":4.47,"p":950.0,"mot":"U","mo":2526070.0},{"cn":"Nitro Technology","ui":"7853100","t":2612290.0,"r":2612288.0,"q":2.01,"p":1100.0,"mot":"U","mo":2612288.0},{"cn":"","ui":"","t":174639.0,"r":131000.0,"q":3.2,"p":400.0,"mot":"L","mo":131000.0}]},{"d":"04.02.2019","r":5304915.0,"q":3.18,"p":1018.19,"s":[{"cn":"Kroko-Russia","ui":"7823263","t":2502070.0,"r":2472070.0,"q":4.48,"p":950.0,"mot":"U","mo":2472070.0},{"cn":"Nitro Technology","ui":"7853100","t":2742616.0,"r":2742614.0,"q":2.0,"p":1100.0,"mot":"U","mo":2742614.0},{"cn":"","ui":"","t":111374.0,"r":90231.0,"q":3.2,"p":400.0,"mot":"L","mo":90231.0}]},{"d":"05.02.2019","r":5317322.0,"q":3.17,"p":1021.44,"s":[{"cn":"Kroko-Russia","ui":"7823263","t":2492070.0,"r":2462070.0,"q":4.49,"p":950.0,"mot":"U","mo":2462070.0},{"cn":"Nitro Technology","ui":"7853100","t":2786058.0,"r":2786056.0,"q":2.0,"p":1100.0,"mot":"U","mo":2786056.0},{"cn":"","ui":"","t":90435.0,"r":69196.0,"q":3.2,"p":400.58,"mot":"L","mo":69196.0}]},{"d":"06.02.2019","r":5328987.0,"q":3.16,"p":1024.75,"s":[{"cn":"Kroko-Russia","ui":"7823263","t":2482070.0,"r":2452070.0,"q":4.49,"p":950.0,"mot":"U","mo":2452070.0},{"cn":"Nitro Technology","ui":"7853100","t":2829500.0,"r":2829498.0,"q":2.0,"p":1100.0,"mot":"U","mo":2829498.0},{"cn":"","ui":"","t":68996.0,"r":47419.0,"q":3.2,"p":400.0,"mot":"L","mo":47419.0}]},{"d":"07.02.2019","r":5370583.0,"q":3.15,"p":1027.62,"s":[{"cn":"Kroko-Russia","ui":"7823263","t":2472070.0,"r":2472070.0,"q":4.49,"p":950.0,"mot":"U","mo":2472070.0},{"cn":"Nitro Technology","ui":"7853100","t":2872942.0,"r":2872940.0,"q":2.0,"p":1100.0,"mot":"U","mo":2872940.0},{"cn":"","ui":"","t":47425.0,"r":25573.0,"q":3.2,"p":400.0,"mot":"L","mo":25573.0}]},{"d":"08.02.2019","r":5410429.0,"q":3.15,"p":1030.65,"s":[{"cn":"Kroko-Russia","ui":"7823263","t":2492070.0,"r":2492070.0,"q":4.5,"p":950.0,"mot":"U","mo":2492070.0},{"cn":"Nitro Technology","ui":"7853100","t":2916384.0,"r":2916382.0,"q":2.0,"p":1100.0,"mot":"U","mo":2916382.0},{"cn":"","ui":"","t":24579.0,"r":1977.0,"q":3.2,"p":400.0,"mot":"L","mo":1977.0}]}]