[{"pi":"422545","pc":"Продукты питания","ss":5000,"td":"Центр города","dc":1,"n":433.35,"vc":"16275","sl":"Очень высокий","sv":"220","p":4422.0,"q":8.32,"b":0.85,"ms":0.95,"wi":55.12,"ei":8.36,"as":411.86,"mi":"E","mv":23128,"sc":1,"lpe":99.05,"lpr":4368.53,"lq":1.0,"d":1271530},{"pi":"422545","pc":"Продукты питания","ss":10000,"td":"Центр города","dc":2,"n":280.13,"vc":"5323","sl":"Элитный","sv":"3000","p":879.0,"q":19.01,"b":0.0,"ms":48.67,"wi":21.86,"ei":7.84,"as":163.23,"mi":"E","mv":6164,"sc":1,"lpe":51.33,"lpr":764.85,"lq":1.26,"d":338687},{"pi":"422545","pc":"Продукты питания","ss":4000,"td":"Центр города","dc":1,"n":423.35,"vc":"13661","sl":"Очень высокий","sv":"40","p":7561.0,"q":8.32,"b":0.85,"ms":0.15,"wi":75.12,"ei":8.39,"as":442.23,"mi":"E","mv":26645,"sc":1,"lpe":99.85,"lpr":4727.01,"lq":1.0,"d":1470514},{"pi":"422545","pc":"Продукты питания","ss":7000,"td":"Центр города","dc":1,"n":422.87,"vc":"20330","sl":"Очень высокий","sv":"350","p":5502.0,"q":8.32,"b":0.85,"ms":1.3,"wi":64.74,"ei":9.15,"as":433.22,"mi":"E","mv":26982,"sc":1,"lpe":98.7,"lpr":4595.09,"lq":1.0,"d":1483564},{"pi":"422545","pc":"Продукты питания","ss":5000,"td":"Центр города","dc":1,"n":460.53,"vc":"17175","sl":"Очень высокий","sv":"2604","p":432.0,"q":8.32,"b":0.85,"ms":14.91,"wi":20.84,"ei":9.18,"as":253.37,"mi":"E","mv":17461,"sc":1,"lpe":85.09,"lpr":241.66,"lq":1.16,"d":872616},{"pi":"422545","pc":"Продукты питания","ss":10000,"td":"Центр города","dc":2,"n":239.88,"vc":"5014","sl":"Элитный","sv":"3250","p":1999.0,"q":19.0,"b":0.0,"ms":40.12,"wi":38.33,"ei":9.07,"as":212.54,"mi":"E","mv":8100,"sc":1,"lpe":59.88,"lpr":2150.87,"lq":3.84,"d":620800},{"pi":"422545","pc":"Продукты питания","ss":5000,"td":"Центр города","dc":1,"n":457.09,"vc":"17025","sl":"Очень высокий","sv":"140","p":4213.0,"q":8.32,"b":0.85,"ms":0.86,"wi":46.71,"ei":9.63,"as":392.96,"mi":"E","mv":16275,"sc":1,"lpe":99.14,"lpr":4168.04,"lq":1.0,"d":910108},{"pi":"422545","pc":"Продукты питания","ss":5000,"td":"Центр города","dc":1,"n":454.09,"vc":"16975","sl":"Очень высокий","sv":"260","p":4389.0,"q":8.32,"b":0.85,"ms":1.49,"wi":45.39,"ei":9.83,"as":407.82,"mi":"E","mv":17406,"sc":1,"lpe":98.51,"lpr":4325.65,"lq":1.0,"d":956846},{"pi":"422545","pc":"Продукты питания","ss":7000,"td":"Центр города","dc":1,"n":448.95,"vc":"21524","sl":"Очень высокий","sv":"260","p":3843.0,"q":8.32,"b":0.85,"ms":1.49,"wi":23.04,"ei":9.31,"as":281.91,"mi":"E","mv":17480,"sc":1,"lpe":98.51,"lpr":2995.74,"lq":1.0,"d":1028974},{"pi":"422545","pc":"Продукты питания","ss":8000,"td":"Центр города","dc":1,"n":466.51,"vc":"24680","sl":"Очень высокий","sv":"224","p":3770.0,"q":8.3,"b":0.85,"ms":1.58,"wi":22.15,"ei":8.94,"as":292.93,"mi":"E","mv":14146,"sc":1,"lpe":98.42,"lpr":1540.52,"lq":1.0,"d":798372},{"pi":"422545","pc":"Продукты питания","ss":20000,"td":"Центр города","dc":2,"n":185.19,"vc":"7007","sl":"Элитный","sv":"3283","p":2569.0,"q":18.53,"b":0.0,"ms":10.12,"wi":66.51,"ei":8.76,"as":347.78,"mi":"E","mv":32448,"sc":1,"lpe":89.88,"lpr":2657.3,"lq":4.52,"d":1784134},{"pi":"422545","pc":"Продукты питания","ss":10000,"td":"Центр города","dc":2,"n":325.71,"vc":"5678","sl":"Элитный","sv":"1500","p":1249.0,"q":19.05,"b":0.0,"ms":48.45,"wi":29.41,"ei":8.73,"as":368.21,"mi":"E","mv":3096,"sc":1,"lpe":51.55,"lpr":1328.66,"lq":2.38,"d":177578},{"pi":"422545","pc":"Продукты питания","ss":10000,"td":"Центр города","dc":2,"n":268.9,"vc":"5206","sl":"Элитный","sv":"3296","p":2229.0,"q":18.52,"b":0.0,"ms":48.53,"wi":62.27,"ei":13.35,"as":674.99,"mi":"E","mv":6791,"sc":1,"lpe":51.47,"lpr":2417.03,"lq":4.24,"d":374441},{"pi":"422545","pc":"Продукты питания","ss":20000,"td":"Центр города","dc":1,"n":463.93,"vc":"49336","sl":"Элитный","sv":"2035","p":8290.18,"q":8.17,"b":2.26,"ms":15.73,"wi":88.65,"ei":9.17,"as":926.04,"mi":"E","mv":12939,"sc":1,"lpe":84.27,"lpr":4307.8,"lq":5.84,"d":802320},{"pi":"422545","pc":"Продукты питания","ss":10000,"td":"Центр города","dc":1,"n":439.69,"vc":"27118","sl":"Элитный","sv":"3060","p":6962.58,"q":8.18,"b":2.26,"ms":14.86,"wi":112.2,"ei":10.46,"as":1478.26,"mi":"E","mv":20598,"sc":1,"lpe":85.14,"lpr":4197.78,"lq":5.98,"d":1132390},{"pi":"422545","pc":"Продукты питания","ss":10000,"td":"Центр города","dc":1,"n":549.28,"vc":"29258","sl":"Очень высокий","sv":"334","p":1332.04,"q":8.14,"b":2.13,"ms":13.98,"wi":19.68,"ei":7.55,"as":294.12,"mi":"E","mv":2389,"sc":1,"lpe":86.02,"lpr":397.76,"lq":1.09,"d":330579},{"pi":"422545","pc":"Продукты питания","ss":10000,"td":"Центр города","dc":1,"n":557.4,"vc":"37251","sl":"Очень высокий","sv":"497","p":1027.94,"q":8.01,"b":2.13,"ms":10.21,"wi":22.69,"ei":6.79,"as":346.42,"mi":"E","mv":4870,"sc":1,"lpe":89.79,"lpr":318.2,"lq":1.08,"d":425446},{"pi":"422545","pc":"Продукты питания","ss":7000,"td":"Центр города","dc":1,"n":462.23,"vc":"22116","sl":"Очень высокий","sv":"600","p":6075.0,"q":8.32,"b":0.85,"ms":5.04,"wi":51.19,"ei":9.24,"as":475.26,"mi":"E","mv":11906,"sc":1,"lpe":94.96,"lpr":3356.57,"lq":1.0,"d":849354},{"pi":"422545","pc":"Продукты питания","ss":10000,"td":"Центр города","dc":2,"n":302.36,"vc":"5473","sl":"Элитный","sv":"2000","p":2919.0,"q":19.05,"b":0.0,"ms":49.58,"wi":46.49,"ei":9.42,"as":383.85,"mi":"E","mv":4034,"sc":1,"lpe":50.42,"lpr":2189.37,"lq":4.0,"d":223434},{"pi":"422545","pc":"Продукты питания","ss":10000,"td":"Центр города","dc":2,"n":310.49,"vc":"5529","sl":"Элитный","sv":"2156","p":1599.0,"q":18.98,"b":0.0,"ms":49.34,"wi":32.64,"ei":8.61,"as":475.98,"mi":"E","mv":4370,"sc":1,"lpe":50.66,"lpr":660.47,"lq":1.12,"d":352871},{"pi":"422545","pc":"Продукты питания","ss":10000,"td":"Центр города","dc":2,"n":309.59,"vc":"5520","sl":"Элитный","sv":"1851","p":1819.0,"q":18.94,"b":0.0,"ms":49.23,"wi":32.45,"ei":9.19,"as":353.09,"mi":"E","mv":3760,"sc":1,"lpe":50.77,"lpr":708.11,"lq":1.23,"d":258999},{"pi":"422545","pc":"Продукты питания","ss":300000,"td":"Центр города","dc":7,"n":368.57,"vc":"375303","sl":"Очень высокий","sv":"20000","p":7000.0,"q":43.56,"b":0.0,"ms":14.59,"wi":50.66,"ei":10.64,"as":327.0,"mi":"E","mv":137052,"sc":1,"lpe":85.41,"lpr":3468.42,"lq":6.11,"d":7537390},{"pi":"422545","pc":"Продукты питания","ss":10000,"td":"Центр города","dc":2,"n":174.84,"vc":"4844","sl":"Элитный","sv":"2243","p":4799.0,"q":18.96,"b":0.0,"ms":5.54,"wi":39.13,"ei":9.11,"as":204.86,"mi":"E","mv":40455,"sc":1,"lpe":94.46,"lpr":2172.96,"lq":1.0,"d":2224560},{"pi":"422545","pc":"Продукты питания","ss":20000,"td":"Центр города","dc":1,"n":477.85,"vc":"51506","sl":"Элитный","sv":"2119","p":3695.2,"q":8.21,"b":2.26,"ms":17.65,"wi":61.68,"ei":8.89,"as":806.78,"mi":"E","mv":12008,"sc":1,"lpe":82.35,"lpr":1354.73,"lq":2.58,"d":659952},{"pi":"422545","pc":"Продукты питания","ss":100000,"td":"Центр города","dc":3,"n":91.62,"vc":"3623","sl":"Элитный","sv":"16","p":20.0,"q":2.46,"b":0.0,"ms":1.47,"wi":13.51,"ei":7.84,"as":345.28,"mi":"E","mv":1086,"sc":1,"lpe":98.53,"lpr":1541.79,"lq":1.0,"d":277187},{"pi":"422545","pc":"Продукты питания","ss":1000,"td":"Центр города","dc":4,"n":45.74,"vc":"394","sl":"Элитный","sv":"23","p":300.0,"q":3.03,"b":0.0,"ms":0.38,"wi":34.37,"ei":7.88,"as":310.13,"mi":"E","mv":6065,"sc":1,"lpe":99.62,"lpr":1875.98,"lq":1.0,"d":405600},{"pi":"422545","pc":"Продукты питания","ss":100000,"td":"Фешенебельный район","dc":1,"n":620.81,"vc":"217377","sl":"Элитный","sv":"4404","p":5000.0,"q":60.45,"b":0.0,"ms":21.09,"wi":34.47,"ei":11.19,"as":156.87,"mi":"E","mv":20884,"sc":1,"lpe":78.91,"lpr":895.59,"lq":1.71,"d":1148164},{"pi":"422545","pc":"Продукты питания","ss":100000,"td":"Спальный район","dc":2,"n":393.91,"vc":"146976","sl":"Элитный","sv":"5747","p":4433.7,"q":14.33,"b":0.0,"ms":16.41,"wi":41.17,"ei":8.83,"as":225.06,"mi":"E","mv":35023,"sc":1,"lpe":83.59,"lpr":1597.73,"lq":3.02,"d":1925822},{"pi":"422545","pc":"Продукты питания","ss":20000,"td":"Центр города","dc":1,"n":522.29,"vc":"60256","sl":"Элитный","sv":"4003","p":658.06,"q":8.22,"b":1.24,"ms":53.52,"wi":52.67,"ei":9.57,"as":1379.15,"mi":"D","mv":7479,"sc":1,"lpe":46.48,"lpr":234.44,"lq":1.35,"d":373884},{"pi":"422545","pc":"Продукты питания","ss":100000,"td":"Центр города","dc":3,"n":173.09,"vc":"15207","sl":"Элитный","sv":"9","p":25.0,"q":2.68,"b":0.0,"ms":0.03,"wi":75.92,"ei":7.32,"as":536.04,"mi":"E","mv":32385,"sc":1,"lpe":99.97,"lpr":8794.5,"lq":1.0,"d":1780714},{"pi":"422545","pc":"Продукты питания","ss":10000,"td":"Центр города","dc":1,"n":458.56,"vc":"28806","sl":"Элитный","sv":"16429","p":1603.91,"q":8.31,"b":1.24,"ms":100.0,"wi":133.52,"ei":10.32,"as":1582.16,"mi":"C","mv":16429,"sc":1,"lpe":0.0,"lpr":8768.69,"lq":5.59,"d":903081},{"pi":"422545","pc":"Продукты питания","ss":20000,"td":"Центр города","dc":1,"n":463.07,"vc":"49944","sl":"Элитный","sv":"15224","p":1479.28,"q":8.26,"b":1.24,"ms":98.75,"wi":119.42,"ei":10.05,"as":1379.85,"mi":"C","mv":15417,"sc":3,"lpe":0.0,"lpr":3771.37,"lq":5.7,"d":847456},{"pi":"422545","pc":"Продукты питания","ss":100000,"td":"Пригород","dc":1,"n":0.0,"vc":"888","sl":"Элитный","sv":"139","p":800.0,"q":5.3,"b":0.0,"ms":0.9,"wi":119.42,"ei":10.05,"as":1379.85,"mi":"C","mv":15417,"sc":3,"lpe":0.0,"lpr":3771.37,"lq":5.7,"d":847456},{"pi":"422545","pc":"Продукты питания","ss":100000,"td":"Фешенебельный район","dc":1,"n":0.0,"vc":"333","sl":"Элитный","sv":"54","p":4220.24,"q":20.09,"b":0.0,"ms":0.35,"wi":119.42,"ei":10.05,"as":1379.85,"mi":"C","mv":15417,"sc":3,"lpe":0.0,"lpr":3771.37,"lq":5.7,"d":847456},{"pi":"422545","pc":"Продукты питания","ss":1000,"td":"Центр города","dc":4,"n":14.85,"vc":"367","sl":"Элитный","sv":"25","p":1400.0,"q":2.99,"b":0.0,"ms":0.29,"wi":51.59,"ei":7.97,"as":450.82,"mi":"E","mv":8591,"sc":1,"lpe":99.71,"lpr":3637.51,"lq":1.0,"d":547247},{"pi":"422545","pc":"Продукты питания","ss":100000,"td":"Центр города","dc":3,"n":365.66,"vc":"60295","sl":"Очень высокий","sv":"87","p":25.0,"q":2.56,"b":0.0,"ms":1.91,"wi":36.86,"ei":7.25,"as":403.14,"mi":"E","mv":4559,"sc":1,"lpe":98.09,"lpr":2617.23,"lq":1.0,"d":459396},{"pi":"422545","pc":"Продукты питания","ss":10000,"td":"Центр города","dc":1,"n":464.24,"vc":"29175","sl":"Очень высокий","sv":"3303","p":2699.9,"q":8.14,"b":0.89,"ms":22.52,"wi":34.83,"ei":10.34,"as":268.79,"mi":"E","mv":14670,"sc":1,"lpe":77.48,"lpr":1107.64,"lq":2.06,"d":830592},{"pi":"422545","pc":"Продукты питания","ss":7000,"td":"Центр города","dc":1,"n":372.57,"vc":"18552","sl":"Элитный","sv":"7820","p":4783.86,"q":8.19,"b":0.89,"ms":13.98,"wi":57.16,"ei":8.91,"as":372.4,"mi":"E","mv":55919,"sc":1,"lpe":86.02,"lpr":3947.15,"lq":5.83,"d":3168000},{"pi":"422545","pc":"Продукты питания","ss":10000,"td":"Центр города","dc":2,"n":311.12,"vc":"5535","sl":"Элитный","sv":"2375","p":1499.0,"q":18.81,"b":0.0,"ms":51.95,"wi":24.79,"ei":5.22,"as":302.26,"mi":"D","mv":4572,"sc":1,"lpe":48.05,"lpr":652.11,"lq":1.16,"d":182800},{"pi":"422545","pc":"Продукты питания","ss":10000,"td":"Центр города","dc":2,"n":308.67,"vc":"5512","sl":"Элитный","sv":"2000","p":1529.0,"q":19.05,"b":0.0,"ms":50.49,"wi":32.98,"ei":4.6,"as":270.25,"mi":"D","mv":3961,"sc":1,"lpe":49.51,"lpr":1235.46,"lq":1.71,"d":190258},{"pi":"422545","pc":"Продукты питания","ss":10000,"td":"Центр города","dc":2,"n":364.63,"vc":"6180","sl":"Высокий","sv":"1126","p":729.0,"q":18.97,"b":0.0,"ms":50.11,"wi":15.77,"ei":5.63,"as":304.95,"mi":"D","mv":2247,"sc":1,"lpe":49.89,"lpr":307.07,"lq":1.01,"d":95245},{"pi":"422545","pc":"Продукты питания","ss":10000,"td":"Центр города","dc":2,"n":289.61,"vc":"5364","sl":"Элитный","sv":"3279","p":2249.0,"q":19.04,"b":0.0,"ms":58.74,"wi":43.59,"ei":7.31,"as":476.27,"mi":"D","mv":5582,"sc":1,"lpe":41.26,"lpr":1763.21,"lq":3.26,"d":263256},{"pi":"422545","pc":"Продукты питания","ss":300000,"td":"Фешенебельный район","dc":4,"n":474.38,"vc":"152404","sl":"Элитный","sv":"338","p":9334.46,"q":42.83,"b":0.0,"ms":0.26,"wi":62.0,"ei":7.93,"as":546.66,"mi":"E","mv":129125,"sc":1,"lpe":99.74,"lpr":5797.25,"lq":1.0,"d":7101416},{"pi":"422545","pc":"Продукты питания","ss":10000,"td":"Центр города","dc":2,"n":250.37,"vc":"5088","sl":"Элитный","sv":"3066","p":3249.0,"q":18.68,"b":0.0,"ms":38.73,"wi":60.54,"ei":6.77,"as":450.24,"mi":"E","mv":7916,"sc":1,"lpe":61.27,"lpr":3203.81,"lq":5.58,"d":518786},{"pi":"422545","pc":"Продукты питания","ss":100000,"td":"Спальный район","dc":1,"n":256.89,"vc":"74517","sl":"Элитный","sv":"18596","p":842.81,"q":13.35,"b":0.0,"ms":8.57,"wi":89.7,"ei":7.81,"as":615.72,"mi":"E","mv":216916,"sc":3,"lpe":77.46,"lpr":6286.94,"lq":4.01,"d":11929900},{"pi":"422545","pc":"Продукты питания","ss":100000,"td":"Центр города","dc":1,"n":437.75,"vc":"377032","sl":"Элитный","sv":"16119","p":18000.0,"q":22.7,"b":2.69916247906198,"ms":7.43,"wi":89.7,"ei":7.81,"as":615.72,"mi":"E","mv":216916,"sc":3,"lpe":77.46,"lpr":6286.94,"lq":4.01,"d":11929900},{"pi":"422545","pc":"Продукты питания","ss":100000,"td":"Центр города","dc":2,"n":403.53,"vc":"406958","sl":"Очень высокий","sv":"14184","p":4476.23,"q":5.44,"b":0.0,"ms":6.54,"wi":89.7,"ei":7.81,"as":615.72,"mi":"E","mv":216916,"sc":3,"lpe":77.46,"lpr":6286.94,"lq":4.01,"d":11929900},{"pi":"422545","pc":"Продукты питания","ss":10000,"td":"Центр города","dc":2,"n":249.21,"vc":"5081","sl":"Элитный","sv":"2377","p":3099.0,"q":18.8,"b":0.0,"ms":35.29,"wi":48.51,"ei":15.71,"as":380.15,"mi":"E","mv":6735,"sc":1,"lpe":64.71,"lpr":3483.23,"lq":6.15,"d":545196},{"pi":"422545","pc":"Продукты питания","ss":10000,"td":"Центр города","dc":1,"n":433.6,"vc":"13287","sl":"Элитный","sv":"576","p":1503.83,"q":8.17,"b":0.89,"ms":19.47,"wi":17.76,"ei":10.34,"as":203.12,"mi":"E","mv":2959,"sc":1,"lpe":80.53,"lpr":507.85,"lq":1.06,"d":167750},{"pi":"422545","pc":"Продукты питания","ss":10000,"td":"Центр города","dc":2,"n":219.38,"vc":"4940","sl":"Элитный","sv":"2776","p":3919.0,"q":18.61,"b":0.0,"ms":28.51,"wi":56.24,"ei":7.07,"as":380.48,"mi":"E","mv":9736,"sc":1,"lpe":71.49,"lpr":4035.56,"lq":7.24,"d":917721},{"pi":"422545","pc":"Продукты питания","ss":10000,"td":"Центр города","dc":1,"n":436.89,"vc":"13391","sl":"Элитный","sv":"435","p":1546.57,"q":8.17,"b":0.89,"ms":16.11,"wi":17.5,"ei":10.55,"as":212.26,"mi":"E","mv":2700,"sc":1,"lpe":83.89,"lpr":510.07,"lq":1.14,"d":160010},{"pi":"422545","pc":"Продукты питания","ss":10000,"td":"Центр города","dc":2,"n":255.1,"vc":"5116","sl":"Элитный","sv":"2983","p":3499.0,"q":18.69,"b":0.0,"ms":45.09,"wi":53.32,"ei":6.45,"as":372.85,"mi":"E","mv":6616,"sc":1,"lpe":54.91,"lpr":3832.47,"lq":6.71,"d":476878},{"pi":"422545","pc":"Продукты питания","ss":100000,"td":"Центр города","dc":1,"n":0.0,"vc":"3762","sl":"Элитный","sv":"70","p":282.78,"q":12.68,"b":0.0,"ms":0.1,"wi":25.6,"ei":7.49,"as":134.1,"mi":"E","mv":69033,"sc":1,"lpe":99.9,"lpr":2308.61,"lq":1.0,"d":3825606},{"pi":"422545","pc":"Продукты питания","ss":100000,"td":"Центр города","dc":3,"n":318.24,"vc":"49626","sl":"Очень высокий","sv":"2590","p":50.0,"q":2.5,"b":0.775181467181467,"ms":18.07,"wi":17.71,"ei":7.81,"as":93.95,"mi":"E","mv":14336,"sc":2,"lpe":68.68,"lpr":838.04,"lq":1.58,"d":969146},{"pi":"422545","pc":"Продукты питания","ss":100000,"td":"Центр города","dc":1,"n":453.6,"vc":"182376","sl":"Элитный","sv":"1900","p":1590.0,"q":12.19,"b":0.0,"ms":13.25,"wi":17.71,"ei":7.81,"as":93.95,"mi":"E","mv":14336,"sc":2,"lpe":68.68,"lpr":838.04,"lq":1.58,"d":969146},{"pi":"422545","pc":"Продукты питания","ss":100000,"td":"Центр города","dc":2,"n":186.76,"vc":"30106","sl":"Элитный","sv":"180","p":2100.0,"q":43.56,"b":0.0,"ms":0.12,"wi":29.73,"ei":5.12,"as":183.24,"mi":"E","mv":145827,"sc":1,"lpe":99.88,"lpr":1943.58,"lq":1.0,"d":8609120},{"pi":"422545","pc":"Продукты питания","ss":10000,"td":"Центр города","dc":1,"n":398.56,"vc":"25038","sl":"Элитный","sv":"16535","p":4847.13,"q":8.28,"b":0.6,"ms":42.29,"wi":154.18,"ei":9.34,"as":2208.0,"mi":"E","mv":39099,"sc":2,"lpe":52.12,"lpr":12014.53,"lq":6.05,"d":2149998},{"pi":"422545","pc":"Продукты питания","ss":100000,"td":"Центр города","dc":6,"n":511.0,"vc":"627888","sl":"Низкий","sv":"2187","p":629.46,"q":9.32,"b":0.0,"ms":5.59,"wi":154.18,"ei":9.34,"as":2208.0,"mi":"E","mv":39099,"sc":2,"lpe":52.12,"lpr":12014.53,"lq":6.05,"d":2149998},{"pi":"422545","pc":"Продукты питания","ss":100,"td":"Окраина","dc":10,"n":68.69,"vc":"141","sl":"Очень низкий","sv":"1","p":400.0,"q":12.66,"b":0.0,"ms":0.0,"wi":15.97,"ei":4.53,"as":106.12,"mi":"E","mv":61143,"sc":1,"lpe":100.0,"lpr":1351.43,"lq":1.0,"d":3754938},{"pi":"422545","pc":"Продукты питания","ss":100000,"td":"Фешенебельный район","dc":2,"n":401.9,"vc":"59572","sl":"Элитный","sv":"93220","p":7500.0,"q":53.1,"b":1.28,"ms":44.06,"wi":166.72,"ei":9.88,"as":2625.25,"mi":"E","mv":211574,"sc":3,"lpe":52.9,"lpr":4439.72,"lq":8.73,"d":11635600},{"pi":"422545","pc":"Продукты питания","ss":6000,"td":"Центр города","dc":1,"n":290.85,"vc":"14908","sl":"Элитный","sv":"6012","p":2400.0,"q":8.31,"b":0.6,"ms":2.84,"wi":166.72,"ei":9.88,"as":2625.25,"mi":"E","mv":211574,"sc":3,"lpe":52.9,"lpr":4439.72,"lq":8.73,"d":11635600},{"pi":"422545","pc":"Продукты питания","ss":200000,"td":"Центр города","dc":6,"n":406.25,"vc":"490870","sl":"Нормальный","sv":"423","p":76.51,"q":19.94,"b":0.0,"ms":0.2,"wi":166.72,"ei":9.88,"as":2625.25,"mi":"E","mv":211574,"sc":3,"lpe":52.9,"lpr":4439.72,"lq":8.73,"d":11635600},{"pi":"422545","pc":"Продукты питания","ss":100000,"td":"Центр города","dc":3,"n":25.61,"vc":"2378","sl":"Элитный","sv":"19","p":20.0,"q":2.48,"b":0.78,"ms":0.95,"wi":8.44,"ei":6.23,"as":66.94,"mi":"E","mv":1998,"sc":1,"lpe":99.05,"lpr":1633.06,"lq":1.0,"d":510580},{"pi":"422545","pc":"Продукты питания","ss":100000,"td":"Центр города","dc":3,"n":345.49,"vc":"55496","sl":"Элитный","sv":"4763","p":200.0,"q":2.48,"b":0.78,"ms":100.0,"wi":8.45,"ei":12.78,"as":77.05,"mi":"B","mv":4763,"sc":1,"lpe":0.0,"lpr":306.36,"lq":1.74,"d":782043},{"pi":"422545","pc":"Продукты питания","ss":100000,"td":"Центр города","dc":3,"n":174.93,"vc":"8833","sl":"Элитный","sv":"229","p":20.0,"q":2.48,"b":0.78,"ms":5.5,"wi":6.96,"ei":8.15,"as":67.72,"mi":"E","mv":4163,"sc":1,"lpe":94.5,"lpr":688.77,"lq":1.0,"d":358494},{"pi":"422545","pc":"Продукты питания","ss":8000,"td":"Центр города","dc":1,"n":374.97,"vc":"20424","sl":"Элитный","sv":"12994","p":3081.15,"q":8.3,"b":1.13,"ms":37.46,"wi":62.14,"ei":7.68,"as":426.52,"mi":"E","mv":34690,"sc":3,"lpe":51.79,"lpr":3851.44,"lq":6.72,"d":3062821},{"pi":"422545","pc":"Продукты питания","ss":10000,"td":"Центр города","dc":2,"n":160.23,"vc":"4863","sl":"Элитный","sv":"2749","p":3839.0,"q":18.27,"b":0.0,"ms":7.92,"wi":62.14,"ei":7.68,"as":426.52,"mi":"E","mv":34690,"sc":3,"lpe":51.79,"lpr":3851.44,"lq":6.72,"d":3062821},{"pi":"422545","pc":"Продукты питания","ss":10000,"td":"Центр города","dc":1,"n":357.32,"vc":"31335","sl":"Очень высокий","sv":"981","p":88.0,"q":14.37,"b":0.0,"ms":2.83,"wi":62.14,"ei":7.68,"as":426.52,"mi":"E","mv":34690,"sc":3,"lpe":51.79,"lpr":3851.44,"lq":6.72,"d":3062821},{"pi":"422545","pc":"Продукты питания","ss":100000,"td":"Центр города","dc":1,"n":485.13,"vc":"866979","sl":"Высокий","sv":"250000","p":1500.0,"q":60.7,"b":0.0,"ms":84.45,"wi":48.27,"ei":9.23,"as":380.0,"mi":"D","mv":296041,"sc":1,"lpe":15.55,"lpr":1341.82,"lq":2.42,"d":11000140},{"pi":"422545","pc":"Продукты питания","ss":100000,"td":"Центр города","dc":5,"n":376.6,"vc":"143051","sl":"Очень высокий","sv":"2100","p":3835.59,"q":12.7,"b":0.0,"ms":2.96,"wi":30.1,"ei":7.72,"as":150.11,"mi":"E","mv":70887,"sc":1,"lpe":97.04,"lpr":2800.74,"lq":1.0,"d":4015276},{"pi":"422545","pc":"Продукты питания","ss":100000,"td":"Центр города","dc":7,"n":306.33,"vc":"50911","sl":"Элитный","sv":"1000","p":487.0,"q":12.7,"b":0.0,"ms":8.43,"wi":7.82,"ei":3.43,"as":51.91,"mi":"E","mv":11862,"sc":1,"lpe":91.57,"lpr":550.66,"lq":1.0,"d":1446250},{"pi":"422545","pc":"Продукты питания","ss":100000,"td":"Центр города","dc":6,"n":359.32,"vc":"57165","sl":"Элитный","sv":"1200","p":188.46,"q":12.7,"b":0.0,"ms":41.01,"wi":7.09,"ei":3.1,"as":58.19,"mi":"E","mv":2926,"sc":1,"lpe":58.99,"lpr":659.84,"lq":1.33,"d":469546},{"pi":"422545","pc":"Продукты питания","ss":100000,"td":"Центр города","dc":5,"n":241.82,"vc":"35151","sl":"Элитный","sv":"10000","p":7000.0,"q":43.56,"b":0.0,"ms":18.62,"wi":60.31,"ei":7.67,"as":446.7,"mi":"E","mv":53706,"sc":2,"lpe":80.96,"lpr":4707.13,"lq":8.37,"d":2952988},{"pi":"422545","pc":"Продукты питания","ss":100000,"td":"Фешенебельный район","dc":1,"n":348.18,"vc":"21993","sl":"Элитный","sv":"227","p":66.0,"q":10.97,"b":0.0,"ms":0.42,"wi":60.31,"ei":7.67,"as":446.7,"mi":"E","mv":53706,"sc":2,"lpe":80.96,"lpr":4707.13,"lq":8.37,"d":2952988},{"pi":"422545","pc":"Продукты питания","ss":10000,"td":"Центр города","dc":1,"n":427.22,"vc":"13104","sl":"Элитный","sv":"343","p":2740.75,"q":8.19,"b":1.13,"ms":10.78,"wi":26.56,"ei":8.73,"as":336.43,"mi":"E","mv":3183,"sc":1,"lpe":89.22,"lpr":888.53,"lq":1.3,"d":187439},{"pi":"422545","pc":"Продукты питания","ss":10000,"td":"Центр города","dc":1,"n":351.24,"vc":"11150","sl":"Элитный","sv":"2052","p":1880.0,"q":8.29,"b":1.13,"ms":28.49,"wi":39.18,"ei":7.04,"as":341.21,"mi":"D","mv":7202,"sc":2,"lpe":46.93,"lpr":817.92,"lq":2.25,"d":579186},{"pi":"422545","pc":"Продукты питания","ss":10000,"td":"Центр города","dc":2,"n":245.06,"vc":"5084","sl":"Элитный","sv":"1770","p":2039.0,"q":19.06,"b":0.0,"ms":24.58,"wi":39.18,"ei":7.04,"as":341.21,"mi":"D","mv":7202,"sc":2,"lpe":46.93,"lpr":817.92,"lq":2.25,"d":579186},{"pi":"422545","pc":"Продукты питания","ss":10000,"td":"Центр города","dc":1,"n":517.56,"vc":"33473","sl":"Очень высокий","sv":"3471","p":574.85,"q":8.29,"b":1.13,"ms":89.27,"wi":25.39,"ei":7.39,"as":309.33,"mi":"AA","mv":3888,"sc":2,"lpe":0.0,"lpr":999.03,"lq":6.43,"d":398700},{"pi":"422545","pc":"Продукты питания","ss":10000,"td":"Центр города","dc":2,"n":265.13,"vc":"5175","sl":"Элитный","sv":"417","p":1069.0,"q":18.99,"b":0.0,"ms":10.73,"wi":25.39,"ei":7.39,"as":309.33,"mi":"AA","mv":3888,"sc":2,"lpe":0.0,"lpr":999.03,"lq":6.43,"d":398700},{"pi":"422545","pc":"Продукты питания","ss":10000,"td":"Центр города","dc":1,"n":400.45,"vc":"12330","sl":"Элитный","sv":"629","p":2128.55,"q":8.23,"b":1.13,"ms":12.98,"wi":26.07,"ei":6.85,"as":263.29,"mi":"E","mv":4847,"sc":1,"lpe":87.02,"lpr":736.7,"lq":1.32,"d":272957},{"pi":"422545","pc":"Продукты питания","ss":10000,"td":"Центр города","dc":1,"n":559.52,"vc":"37461","sl":"Очень высокий","sv":"874","p":2883.78,"q":8.2,"b":1.13,"ms":21.8,"wi":34.8,"ei":6.02,"as":294.71,"mi":"E","mv":4009,"sc":1,"lpe":78.2,"lpr":997.44,"lq":1.76,"d":226616},{"pi":"422545","pc":"Продукты питания","ss":10000,"td":"Центр города","dc":1,"n":402.83,"vc":"12395","sl":"Элитный","sv":"403","p":3224.0,"q":8.29,"b":1.13,"ms":8.37,"wi":30.4,"ei":7.74,"as":358.27,"mi":"E","mv":4817,"sc":1,"lpe":91.63,"lpr":1036.95,"lq":1.0,"d":360746},{"pi":"422545","pc":"Продукты питания","ss":100000,"td":"Центр города","dc":1,"n":323.71,"vc":"129416","sl":"Элитный","sv":"185","p":12393.48,"q":12.7,"b":0.0,"ms":0.26,"wi":43.74,"ei":9.29,"as":248.71,"mi":"E","mv":71481,"sc":1,"lpe":99.74,"lpr":2639.71,"lq":1.0,"d":4048917},{"pi":"422545","pc":"Продукты питания","ss":10000,"td":"Центр города","dc":1,"n":457.12,"vc":"28705","sl":"Элитный","sv":"15765","p":1371.87,"q":8.31,"b":0.6,"ms":94.04,"wi":131.02,"ei":10.25,"as":2441.4,"mi":"C","mv":16765,"sc":2,"lpe":0.0,"lpr":3776.37,"lq":6.23,"d":921618},{"pi":"422545","pc":"Продукты питания","ss":100000,"td":"Центр города","dc":6,"n":421.42,"vc":"131511","sl":"Очень высокий","sv":"1000","p":554.05,"q":12.7,"b":0.0,"ms":5.96,"wi":131.02,"ei":10.25,"as":2441.4,"mi":"C","mv":16765,"sc":2,"lpe":0.0,"lpr":3776.37,"lq":6.23,"d":921618},{"pi":"422545","pc":"Продукты питания","ss":100000,"td":"Центр города","dc":3,"n":240.22,"vc":"20018","sl":"Элитный","sv":"970","p":50.0,"q":2.49,"b":0.0,"ms":13.52,"wi":8.25,"ei":9.79,"as":60.55,"mi":"E","mv":7173,"sc":1,"lpe":86.48,"lpr":642.31,"lq":1.1,"d":672435},{"pi":"422545","pc":"Продукты питания","ss":100000,"td":"Центр города","dc":3,"n":8.53,"vc":"2033","sl":"Элитный","sv":"19","p":20.0,"q":2.58,"b":0.0,"ms":0.52,"wi":7.72,"ei":9.22,"as":49.66,"mi":"E","mv":3682,"sc":1,"lpe":99.48,"lpr":915.08,"lq":1.0,"d":521316},{"pi":"422545","pc":"Продукты питания","ss":100000,"td":"Центр города","dc":3,"n":150.87,"vc":"11023","sl":"Элитный","sv":"25","p":25.0,"q":4.07,"b":0.0,"ms":0.12,"wi":28.99,"ei":11.18,"as":110.57,"mi":"E","mv":20691,"sc":1,"lpe":99.88,"lpr":3643.41,"lq":1.0,"d":1307387},{"pi":"422545","pc":"Продукты питания","ss":100000,"td":"Центр города","dc":3,"n":45.49,"vc":"2839","sl":"Элитный","sv":"18","p":30.0,"q":2.42,"b":0.0,"ms":0.25,"wi":16.85,"ei":9.12,"as":102.2,"mi":"E","mv":7316,"sc":1,"lpe":99.75,"lpr":1735.04,"lq":1.0,"d":490468},{"pi":"422545","pc":"Продукты питания","ss":100000,"td":"Центр города","dc":3,"n":208.05,"vc":"17045","sl":"Элитный","sv":"192","p":25.0,"q":2.48,"b":0.0,"ms":1.22,"wi":17.68,"ei":10.16,"as":56.7,"mi":"E","mv":15725,"sc":1,"lpe":98.78,"lpr":962.7,"lq":1.0,"d":1062517},{"pi":"422545","pc":"Продукты питания","ss":10000,"td":"Центр города","dc":1,"n":277.78,"vc":"9785","sl":"Элитный","sv":"620","p":11600.0,"q":12.19,"b":0.0,"ms":1.98,"wi":67.13,"ei":8.56,"as":483.67,"mi":"E","mv":31342,"sc":1,"lpe":98.02,"lpr":3772.17,"lq":1.0,"d":1883126},{"pi":"422545","pc":"Продукты питания","ss":10000,"td":"Центр города","dc":1,"n":350.59,"vc":"22623","sl":"Элитный","sv":"6071","p":4509.02,"q":8.29,"b":0.16,"ms":6.85,"wi":57.37,"ei":10.06,"as":176.05,"mi":"E","mv":88666,"sc":1,"lpe":93.15,"lpr":2039.89,"lq":1.0,"d":4433298},{"pi":"422545","pc":"Продукты питания","ss":7000,"td":"Центр города","dc":1,"n":335.88,"vc":"17434","sl":"Элитный","sv":"10112","p":4587.19,"q":8.29,"b":0.16,"ms":9.96,"wi":65.33,"ei":8.99,"as":361.0,"mi":"E","mv":101519,"sc":1,"lpe":90.04,"lpr":3829.0,"lq":3.67,"d":5583100},{"pi":"422545","pc":"Продукты питания","ss":8000,"td":"Центр города","dc":1,"n":376.58,"vc":"20483","sl":"Элитный","sv":"15848","p":14036.8,"q":8.32,"b":0.99,"ms":29.18,"wi":171.48,"ei":10.04,"as":2283.46,"mi":"E","mv":54313,"sc":2,"lpe":70.8,"lpr":23290.41,"lq":5.92,"d":2986744},{"pi":"422545","pc":"Продукты питания","ss":100000,"td":"Спальный район","dc":4,"n":497.4,"vc":"309062","sl":"Высокий","sv":"10","p":3494.65,"q":12.7,"b":0.0,"ms":0.02,"wi":171.48,"ei":10.04,"as":2283.46,"mi":"E","mv":54313,"sc":2,"lpe":70.8,"lpr":23290.41,"lq":5.92,"d":2986744},{"pi":"422545","pc":"Продукты питания","ss":8000,"td":"Центр города","dc":1,"n":400.31,"vc":"21466","sl":"Элитный","sv":"7331","p":10307.21,"q":8.23,"b":0.99,"ms":19.24,"wi":125.88,"ei":10.29,"as":1744.48,"mi":"E","mv":38098,"sc":2,"lpe":80.5,"lpr":8506.5,"lq":5.95,"d":2094907},{"pi":"422545","pc":"Продукты питания","ss":100000,"td":"Центр города","dc":5,"n":31.58,"vc":"6194","sl":"Элитный","sv":"100","p":3500.0,"q":14.0,"b":0.0,"ms":0.26,"wi":125.88,"ei":10.29,"as":1744.48,"mi":"E","mv":38098,"sc":2,"lpe":80.5,"lpr":8506.5,"lq":5.95,"d":2094907},{"pi":"422545","pc":"Продукты питания","ss":8000,"td":"Центр города","dc":1,"n":409.17,"vc":"21859","sl":"Элитный","sv":"7818","p":9969.31,"q":8.2,"b":0.99,"ms":23.38,"wi":172.43,"ei":9.83,"as":2165.58,"mi":"E","mv":33435,"sc":1,"lpe":76.62,"lpr":7933.33,"lq":5.89,"d":1838430},{"pi":"422545","pc":"Продукты питания","ss":10000,"td":"Центр города","dc":1,"n":416.93,"vc":"26094","sl":"Элитный","sv":"7159","p":9867.25,"q":8.2,"b":0.99,"ms":29.83,"wi":179.63,"ei":10.34,"as":2350.25,"mi":"E","mv":23996,"sc":2,"lpe":69.63,"lpr":7496.01,"lq":6.17,"d":1641016},{"pi":"422545","pc":"Продукты питания","ss":100000,"td":"Центр города","dc":7,"n":374.13,"vc":"153202","sl":"Высокий","sv":"129","p":58.0,"q":20.69,"b":0.0,"ms":0.54,"wi":179.63,"ei":10.34,"as":2350.25,"mi":"E","mv":23996,"sc":2,"lpe":69.63,"lpr":7496.01,"lq":6.17,"d":1641016},{"pi":"422545","pc":"Продукты питания","ss":20000,"td":"Центр города","dc":1,"n":474.18,"vc":"51589","sl":"Элитный","sv":"1666","p":2578.29,"q":8.3,"b":0.16,"ms":13.19,"wi":30.44,"ei":9.91,"as":236.21,"mi":"E","mv":12630,"sc":1,"lpe":86.81,"lpr":965.37,"lq":1.78,"d":721000},{"pi":"422545","pc":"Продукты питания","ss":20000,"td":"Центр города","dc":1,"n":469.9,"vc":"50913","sl":"Элитный","sv":"1857","p":4393.78,"q":8.28,"b":0.16,"ms":13.58,"wi":41.15,"ei":10.19,"as":294.5,"mi":"E","mv":13679,"sc":1,"lpe":86.42,"lpr":1907.39,"lq":3.45,"d":765700},{"pi":"422545","pc":"Продукты питания","ss":10000,"td":"Центр города","dc":1,"n":436.17,"vc":"27246","sl":"Элитный","sv":"4986","p":2561.82,"q":8.26,"b":0.16,"ms":22.23,"wi":38.12,"ei":9.89,"as":297.83,"mi":"E","mv":22426,"sc":1,"lpe":77.77,"lpr":1184.48,"lq":2.11,"d":1236300},{"pi":"422545","pc":"Продукты питания","ss":200000,"td":"Центр города","dc":2,"n":679.77,"vc":"3925830","sl":"Низкий","sv":"9888","p":2500.0,"q":60.73,"b":0.0,"ms":67.77,"wi":59.42,"ei":8.65,"as":472.08,"mi":"D","mv":14591,"sc":1,"lpe":32.23,"lpr":687.74,"lq":6.88,"d":747777},{"pi":"422545","pc":"Продукты питания","ss":100000,"td":"Центр города","dc":1,"n":0.0,"vc":"3502","sl":"Элитный","sv":"27","p":255.43,"q":12.53,"b":0.0,"ms":0.15,"wi":69.95,"ei":8.74,"as":537.58,"mi":"E","mv":17807,"sc":1,"lpe":99.85,"lpr":8363.16,"lq":1.0,"d":978886},{"pi":"422545","pc":"Продукты питания","ss":100000,"td":"Центр города","dc":1,"n":452.3,"vc":"181219","sl":"Элитный","sv":"1300","p":4940.0,"q":12.19,"b":0.49,"ms":7.69,"wi":81.87,"ei":13.22,"as":341.21,"mi":"E","mv":16909,"sc":1,"lpe":92.31,"lpr":3691.59,"lq":1.0,"d":986148},{"pi":"422545","pc":"Продукты питания","ss":1000,"td":"Центр города","dc":3,"n":2.18,"vc":"447","sl":"Элитный","sv":"10","p":50.0,"q":3.94,"b":0.0,"ms":0.05,"wi":16.47,"ei":6.81,"as":64.03,"mi":"E","mv":19855,"sc":1,"lpe":99.95,"lpr":1397.61,"lq":1.0,"d":1173838},{"pi":"422545","pc":"Продукты питания","ss":100000,"td":"Центр города","dc":3,"n":21.32,"vc":"3466","sl":"Элитный","sv":"8","p":20.0,"q":4.3,"b":0.0,"ms":0.03,"wi":25.0,"ei":10.57,"as":43.07,"mi":"E","mv":29146,"sc":1,"lpe":99.97,"lpr":3043.96,"lq":1.0,"d":1684951},{"pi":"422545","pc":"Продукты питания","ss":100000,"td":"Центр города","dc":1,"n":434.64,"vc":"167050","sl":"Элитный","sv":"1600","p":1100.0,"q":12.19,"b":0.49,"ms":7.14,"wi":62.59,"ei":7.65,"as":519.76,"mi":"E","mv":22420,"sc":2,"lpe":91.94,"lpr":5523.88,"lq":1.0,"d":1269608},{"pi":"422545","pc":"Продукты питания","ss":100000,"td":"Центр города","dc":1,"n":0.0,"vc":"2557","sl":"Элитный","sv":"208","p":17756.7,"q":12.57,"b":0.0,"ms":0.93,"wi":62.59,"ei":7.65,"as":519.76,"mi":"E","mv":22420,"sc":2,"lpe":91.94,"lpr":5523.88,"lq":1.0,"d":1269608},{"pi":"422545","pc":"Продукты питания","ss":1000,"td":"Центр города","dc":3,"n":19.67,"vc":"369","sl":"Элитный","sv":"5","p":20.0,"q":5.4,"b":0.0,"ms":0.16,"wi":6.79,"ei":6.24,"as":44.87,"mi":"E","mv":3056,"sc":1,"lpe":99.84,"lpr":971.93,"lq":1.0,"d":512400},{"pi":"422545","pc":"Продукты питания","ss":10000,"td":"Центр города","dc":1,"n":450.54,"vc":"28244","sl":"Элитный","sv":"2625","p":11265.94,"q":8.15,"b":1.4,"ms":14.85,"wi":101.65,"ei":9.63,"as":1310.12,"mi":"E","mv":17674,"sc":1,"lpe":85.15,"lpr":6765.88,"lq":5.95,"d":1011386},{"pi":"422545","pc":"Продукты питания","ss":10000,"td":"Центр города","dc":1,"n":455.42,"vc":"28585","sl":"Элитный","sv":"11904","p":1851.5,"q":8.32,"b":1.4,"ms":69.31,"wi":119.43,"ei":9.61,"as":1300.02,"mi":"D","mv":17175,"sc":2,"lpe":0.0,"lpr":2014.2,"lq":7.65,"d":944174},{"pi":"422545","pc":"Продукты питания","ss":100000,"td":"Центр города","dc":6,"n":543.11,"vc":"427378","sl":"Низкий","sv":"4100","p":2895.79,"q":12.7,"b":0.0,"ms":23.87,"wi":119.43,"ei":9.61,"as":1300.02,"mi":"D","mv":17175,"sc":2,"lpe":0.0,"lpr":2014.2,"lq":7.65,"d":944174},{"pi":"422545","pc":"Продукты питания","ss":10000,"td":"Центр города","dc":1,"n":440.51,"vc":"27577","sl":"Элитный","sv":"2577","p":7718.34,"q":8.13,"b":1.4,"ms":12.56,"wi":149.8,"ei":10.5,"as":2028.6,"mi":"E","mv":20518,"sc":1,"lpe":87.44,"lpr":4578.78,"lq":5.91,"d":1167470},{"pi":"422545","pc":"Продукты питания","ss":10000,"td":"Центр города","dc":2,"n":332.3,"vc":"5766","sl":"Элитный","sv":"1544","p":2399.0,"q":19.01,"b":0.0,"ms":51.4,"wi":34.18,"ei":9.16,"as":412.47,"mi":"D","mv":3004,"sc":1,"lpe":48.6,"lpr":1266.6,"lq":2.02,"d":131326},{"pi":"422545","pc":"Продукты питания","ss":10000,"td":"Центр города","dc":1,"n":404.06,"vc":"25312","sl":"Элитный","sv":"1320","p":1600.0,"q":12.19,"b":0.0,"ms":3.76,"wi":24.79,"ei":9.26,"as":119.81,"mi":"E","mv":35125,"sc":3,"lpe":93.41,"lpr":1590.33,"lq":1.0,"d":1974278},{"pi":"422545","pc":"Продукты питания","ss":100000,"td":"Центр города","dc":1,"n":0.0,"vc":"2985","sl":"Элитный","sv":"537","p":99.0,"q":12.64,"b":0.0,"ms":1.53,"wi":24.79,"ei":9.26,"as":119.81,"mi":"E","mv":35125,"sc":3,"lpe":93.41,"lpr":1590.33,"lq":1.0,"d":1974278},{"pi":"422545","pc":"Продукты питания","ss":100000,"td":"Центр города","dc":3,"n":275.86,"vc":"42352","sl":"Элитный","sv":"457","p":40.0,"q":2.48,"b":0.0,"ms":1.3,"wi":24.79,"ei":9.26,"as":119.81,"mi":"E","mv":35125,"sc":3,"lpe":93.41,"lpr":1590.33,"lq":1.0,"d":1974278},{"pi":"422545","pc":"Продукты питания","ss":20000,"td":"Центр города","dc":1,"n":474.26,"vc":"51692","sl":"Элитный","sv":"8715","p":5189.09,"q":8.3,"b":7.39,"ms":66.19,"wi":166.17,"ei":10.12,"as":2341.42,"mi":"D","mv":13167,"sc":1,"lpe":33.81,"lpr":2952.74,"lq":5.66,"d":723722},{"pi":"422545","pc":"Продукты питания","ss":100000,"td":"Центр города","dc":3,"n":0.1,"vc":"2372","sl":"Элитный","sv":"32","p":35.0,"q":2.94,"b":0.0,"ms":0.17,"wi":14.65,"ei":6.54,"as":79.26,"mi":"E","mv":18587,"sc":1,"lpe":99.83,"lpr":1267.19,"lq":1.0,"d":1021814},{"pi":"422545","pc":"Продукты питания","ss":30000,"td":"Центр города","dc":1,"n":584.02,"vc":"107255","sl":"Элитный","sv":"1109","p":2790.52,"q":8.16,"b":7.39,"ms":32.27,"wi":64.83,"ei":9.54,"as":1256.81,"mi":"E","mv":3437,"sc":1,"lpe":67.73,"lpr":801.57,"lq":1.58,"d":229028},{"pi":"422545","pc":"Продукты питания","ss":100000,"td":"Центр города","dc":3,"n":293.27,"vc":"45046","sl":"Очень высокий","sv":"75","p":25.0,"q":2.72,"b":0.0,"ms":0.51,"wi":15.13,"ei":7.39,"as":79.72,"mi":"E","mv":14834,"sc":1,"lpe":99.49,"lpr":2285.66,"lq":1.0,"d":1459242},{"pi":"422545","pc":"Продукты питания","ss":7000,"td":"Центр города","dc":1,"n":363.5,"vc":"18271","sl":"Элитный","sv":"14298","p":15425.61,"q":8.27,"b":1.4,"ms":21.77,"wi":187.03,"ei":10.4,"as":1951.81,"mi":"E","mv":65669,"sc":1,"lpe":78.23,"lpr":20701.3,"lq":5.77,"d":3644912},{"pi":"422545","pc":"Продукты питания","ss":200000,"td":"Центр города","dc":1,"n":452.18,"vc":"758763","sl":"Элитный","sv":"7972","p":8000.0,"q":49.85,"b":0.9,"ms":13.55,"wi":67.25,"ei":7.32,"as":515.94,"mi":"E","mv":58849,"sc":1,"lpe":86.45,"lpr":1756.19,"lq":3.51,"d":3236177},{"pi":"422545","pc":"Продукты питания","ss":110000,"td":"Фешенебельный район","dc":1,"n":0.0,"vc":"332","sl":"Элитный","sv":"33","p":502.0,"q":7.32,"b":0.0,"ms":0.24,"wi":41.99,"ei":6.4,"as":310.88,"mi":"E","mv":13701,"sc":1,"lpe":99.76,"lpr":3179.52,"lq":1.0,"d":761700},{"pi":"422545","pc":"Продукты питания","ss":100000,"td":"Фешенебельный район","dc":2,"n":683.06,"vc":"316064","sl":"Очень высокий","sv":"7021","p":2600.0,"q":60.7,"b":0.0,"ms":63.78,"wi":63.23,"ei":7.28,"as":458.84,"mi":"D","mv":11009,"sc":1,"lpe":36.22,"lpr":535.33,"lq":7.12,"d":605030},{"pi":"422545","pc":"Продукты питания","ss":9000,"td":"Центр города","dc":1,"n":437.74,"vc":"25339","sl":"Элитный","sv":"3047","p":4203.53,"q":8.29,"b":0.91,"ms":14.13,"wi":39.52,"ei":9.92,"as":332.5,"mi":"E","mv":21569,"sc":1,"lpe":85.87,"lpr":2090.26,"lq":3.81,"d":1214800},{"pi":"422545","pc":"Продукты питания","ss":8000,"td":"Центр города","dc":1,"n":393.66,"vc":"21184","sl":"Элитный","sv":"7533","p":4248.88,"q":8.3,"b":0.91,"ms":17.91,"wi":50.78,"ei":10.72,"as":342.0,"mi":"E","mv":42069,"sc":1,"lpe":82.09,"lpr":3311.93,"lq":5.97,"d":2313300},{"pi":"422545","pc":"Продукты питания","ss":1000,"td":"Центр города","dc":1,"n":158.37,"vc":"417","sl":"Элитный","sv":"196","p":6777.94,"q":8.29,"b":2.29,"ms":13.76,"wi":86.09,"ei":9.78,"as":1413.77,"mi":"E","mv":1424,"sc":1,"lpe":86.24,"lpr":5186.65,"lq":5.88,"d":77832},{"pi":"422545","pc":"Продукты питания","ss":1000,"td":"Центр города","dc":1,"n":236.14,"vc":"426","sl":"Элитный","sv":"31","p":4120.0,"q":8.28,"b":2.29,"ms":7.06,"wi":33.47,"ei":8.88,"as":995.77,"mi":"E","mv":439,"sc":1,"lpe":92.94,"lpr":1408.27,"lq":1.0,"d":23688},{"pi":"422545","pc":"Продукты питания","ss":1000,"td":"Центр города","dc":1,"n":203.98,"vc":"369","sl":"Элитный","sv":"25","p":4896.99,"q":8.3,"b":2.29,"ms":5.61,"wi":16.95,"ei":8.97,"as":962.94,"mi":"E","mv":446,"sc":1,"lpe":94.39,"lpr":1659.42,"lq":1.0,"d":37245},{"pi":"422545","pc":"Продукты питания","ss":1000,"td":"Центр города","dc":1,"n":455.34,"vc":"1403","sl":"Элитный","sv":"121","p":7547.17,"q":8.29,"b":2.29,"ms":9.82,"wi":50.23,"ei":10.08,"as":1824.71,"mi":"E","mv":1232,"sc":1,"lpe":90.18,"lpr":2832.46,"lq":2.01,"d":233758},{"pi":"422545","pc":"Продукты питания","ss":100000,"td":"Центр города","dc":3,"n":188.75,"vc":"12621","sl":"Элитный","sv":"18","p":20.0,"q":2.48,"b":0.0,"ms":0.15,"wi":47.4,"ei":8.54,"as":466.69,"mi":"E","mv":11662,"sc":1,"lpe":99.85,"lpr":3389.38,"lq":1.0,"d":679976},{"pi":"422545","pc":"Продукты питания","ss":1000,"td":"Центр города","dc":4,"n":15.44,"vc":"384","sl":"Элитный","sv":"39","p":800.0,"q":2.52,"b":0.0,"ms":0.39,"wi":53.05,"ei":7.94,"as":430.69,"mi":"E","mv":9915,"sc":1,"lpe":99.61,"lpr":3641.4,"lq":1.0,"d":613916},{"pi":"422545","pc":"Продукты питания","ss":10000,"td":"Центр города","dc":1,"n":454.24,"vc":"28497","sl":"Элитный","sv":"9713","p":2060.49,"q":8.31,"b":1.24,"ms":55.65,"wi":182.17,"ei":9.94,"as":1758.03,"mi":"D","mv":17453,"sc":2,"lpe":44.22,"lpr":18681.39,"lq":5.95,"d":959467},{"pi":"422545","pc":"Продукты питания","ss":100000,"td":"Спальный район","dc":6,"n":595.68,"vc":"534369","sl":"Низкий","sv":"22","p":88.44,"q":6.63,"b":0.0,"ms":0.13,"wi":182.17,"ei":9.94,"as":1758.03,"mi":"D","mv":17453,"sc":2,"lpe":44.22,"lpr":18681.39,"lq":5.95,"d":959467},{"pi":"422545","pc":"Продукты питания","ss":300000,"td":"Центр города","dc":2,"n":484.58,"vc":"1794342","sl":"Высокий","sv":"30863","p":12500.0,"q":54.05,"b":1.35,"ms":19.84,"wi":77.84,"ei":9.4,"as":711.83,"mi":"E","mv":155563,"sc":4,"lpe":78.7,"lpr":3079.17,"lq":15.89,"d":8555500},{"pi":"422545","pc":"Продукты питания","ss":110000,"td":"Фешенебельный район","dc":1,"n":524.43,"vc":"190152","sl":"Элитный","sv":"1901","p":5000.0,"q":60.88,"b":0.0,"ms":1.22,"wi":77.84,"ei":9.4,"as":711.83,"mi":"E","mv":155563,"sc":4,"lpe":78.7,"lpr":3079.17,"lq":15.89,"d":8555500},{"pi":"422545","pc":"Продукты питания","ss":200000,"td":"Центр города","dc":2,"n":402.71,"vc":"424860","sl":"Элитный","sv":"359","p":79.0,"q":7.25,"b":0.0,"ms":0.23,"wi":77.84,"ei":9.4,"as":711.83,"mi":"E","mv":155563,"sc":4,"lpe":78.7,"lpr":3079.17,"lq":15.89,"d":8555500},{"pi":"422545","pc":"Продукты питания","ss":2000,"td":"Центр города","dc":1,"n":267.99,"vc":"6014","sl":"Очень высокий","sv":"18","p":354.95,"q":8.29,"b":0.18,"ms":0.01,"wi":77.84,"ei":9.4,"as":711.83,"mi":"E","mv":155563,"sc":4,"lpe":78.7,"lpr":3079.17,"lq":15.89,"d":8555500},{"pi":"422545","pc":"Продукты питания","ss":3000,"td":"Центр города","dc":1,"n":368.91,"vc":"8521","sl":"Очень высокий","sv":"30","p":7501.0,"q":8.32,"b":0.18,"ms":0.09,"wi":85.91,"ei":9.87,"as":507.96,"mi":"E","mv":33610,"sc":1,"lpe":99.91,"lpr":5425.09,"lq":1.0,"d":1848088},{"pi":"422545","pc":"Продукты питания","ss":9000,"td":"Центр города","dc":1,"n":436.99,"vc":"25296","sl":"Элитный","sv":"21876","p":1438.27,"q":8.31,"b":1.24,"ms":97.94,"wi":116.79,"ei":9.79,"as":1808.05,"mi":"D","mv":22337,"sc":1,"lpe":0.0,"lpr":4148.7,"lq":5.65,"d":1228032},{"pi":"422545","pc":"Продукты питания","ss":9000,"td":"Центр города","dc":1,"n":413.84,"vc":"24021","sl":"Элитный","sv":"16683","p":1433.49,"q":8.26,"b":1.24,"ms":53.41,"wi":124.59,"ei":9.54,"as":1713.73,"mi":"D","mv":31238,"sc":1,"lpe":46.59,"lpr":6118.65,"lq":5.92,"d":1717617},{"pi":"422545","pc":"Продукты питания","ss":100000,"td":"Фешенебельный район","dc":1,"n":398.21,"vc":"28354","sl":"Элитный","sv":"606","p":94.63,"q":5.81,"b":0.0,"ms":2.16,"wi":51.84,"ei":8.95,"as":408.41,"mi":"E","mv":28077,"sc":1,"lpe":97.84,"lpr":4896.93,"lq":1.0,"d":1543768},{"pi":"422545","pc":"Продукты питания","ss":7000,"td":"Центр города","dc":1,"n":346.2,"vc":"17745","sl":"Элитный","sv":"5161","p":1948.22,"q":8.28,"b":1.24,"ms":5.96,"wi":174.28,"ei":10.49,"as":2111.62,"mi":"E","mv":86600,"sc":2,"lpe":89.21,"lpr":16825.59,"lq":7.4,"d":4762572},{"pi":"422545","pc":"Продукты питания","ss":100000,"td":"Центр города","dc":5,"n":320.78,"vc":"88787","sl":"Элитный","sv":"4180","p":2373.24,"q":13.34,"b":0.0,"ms":4.83,"wi":174.28,"ei":10.49,"as":2111.62,"mi":"E","mv":86600,"sc":2,"lpe":89.21,"lpr":16825.59,"lq":7.4,"d":4762572},{"pi":"422545","pc":"Продукты питания","ss":100000,"td":"Центр города","dc":3,"n":45.82,"vc":"2476","sl":"Элитный","sv":"5","p":25.0,"q":5.33,"b":0.0,"ms":0.08,"wi":27.33,"ei":6.54,"as":128.32,"mi":"E","mv":5989,"sc":1,"lpe":99.92,"lpr":5237.71,"lq":1.0,"d":328880},{"pi":"422545","pc":"Продукты питания","ss":10000,"td":"Центр города","dc":1,"n":341.35,"vc":"10303","sl":"Элитный","sv":"340","p":9400.0,"q":12.19,"b":0.68,"ms":3.28,"wi":46.07,"ei":7.56,"as":306.73,"mi":"E","mv":10366,"sc":1,"lpe":96.72,"lpr":3253.41,"lq":1.0,"d":569631},{"pi":"422545","pc":"Продукты питания","ss":100,"td":"Окраина","dc":3,"n":44.56,"vc":"106","sl":"Очень низкий","sv":"1","p":3300.0,"q":12.67,"b":0.0,"ms":0.0,"wi":27.24,"ei":5.58,"as":116.89,"mi":"E","mv":35917,"sc":1,"lpe":100.0,"lpr":3068.24,"lq":1.0,"d":2150272},{"pi":"422545","pc":"Продукты питания","ss":110000,"td":"Центр города","dc":1,"n":423.62,"vc":"570250","sl":"Очень высокий","sv":"65571","p":2500.0,"q":60.4,"b":0.0,"ms":29.99,"wi":35.98,"ei":8.28,"as":251.65,"mi":"E","mv":218668,"sc":3,"lpe":66.77,"lpr":1661.16,"lq":3.44,"d":14352508},{"pi":"422545","pc":"Продукты питания","ss":100000,"td":"Спальный район","dc":1,"n":163.2,"vc":"21528","sl":"Элитный","sv":"5890","p":4500.0,"q":40.63,"b":0.0,"ms":2.69,"wi":35.98,"ei":8.28,"as":251.65,"mi":"E","mv":218668,"sc":3,"lpe":66.77,"lpr":1661.16,"lq":3.44,"d":14352508},{"pi":"422545","pc":"Продукты питания","ss":100000,"td":"Центр города","dc":1,"n":278.39,"vc":"86890","sl":"Элитный","sv":"1200","p":195.0,"q":12.19,"b":0.0,"ms":0.55,"wi":35.98,"ei":8.28,"as":251.65,"mi":"E","mv":218668,"sc":3,"lpe":66.77,"lpr":1661.16,"lq":3.44,"d":14352508},{"pi":"422545","pc":"Продукты питания","ss":100000,"td":"Центр города","dc":2,"n":463.68,"vc":"402736","sl":"Очень высокий","sv":"532","p":1250.0,"q":55.09,"b":1.18,"ms":0.98,"wi":11.57,"ei":3.97,"as":105.73,"mi":"E","mv":54308,"sc":1,"lpe":99.02,"lpr":352.4,"lq":1.0,"d":6381918},{"pi":"422545","pc":"Продукты питания","ss":10000,"td":"Центр города","dc":1,"n":470.43,"vc":"14544","sl":"Элитный","sv":"472","p":918.58,"q":8.16,"b":2.13,"ms":18.62,"wi":13.53,"ei":6.37,"as":213.96,"mi":"E","mv":2535,"sc":1,"lpe":81.38,"lpr":293.03,"lq":1.04,"d":305590},{"pi":"422545","pc":"Продукты питания","ss":100000,"td":"Центр города","dc":1,"n":448.17,"vc":"169310","sl":"Элитный","sv":"1126","p":13000.0,"q":22.72,"b":0.0,"ms":7.01,"wi":68.62,"ei":8.4,"as":495.87,"mi":"E","mv":16066,"sc":1,"lpe":92.99,"lpr":2644.99,"lq":1.0,"d":909632},{"pi":"422545","pc":"Продукты питания","ss":10000,"td":"Центр города","dc":1,"n":449.0,"vc":"28144","sl":"Элитный","sv":"3792","p":6061.75,"q":8.19,"b":0.99,"ms":23.82,"wi":151.97,"ei":10.65,"as":2047.83,"mi":"E","mv":15920,"sc":2,"lpe":74.91,"lpr":3838.65,"lq":5.85,"d":1034298},{"pi":"422545","pc":"Продукты питания","ss":100000,"td":"Центр города","dc":5,"n":0.0,"vc":"3570","sl":"Элитный","sv":"203","p":2000.0,"q":10.49,"b":0.0,"ms":1.28,"wi":151.97,"ei":10.65,"as":2047.83,"mi":"E","mv":15920,"sc":2,"lpe":74.91,"lpr":3838.65,"lq":5.85,"d":1034298},{"pi":"422545","pc":"Продукты питания","ss":10000,"td":"Центр города","dc":1,"n":454.12,"vc":"28493","sl":"Элитный","sv":"3084","p":4222.45,"q":8.19,"b":0.99,"ms":17.63,"wi":121.0,"ei":10.2,"as":2182.56,"mi":"E","mv":17491,"sc":1,"lpe":82.37,"lpr":2070.36,"lq":3.8,"d":961541},{"pi":"422545","pc":"Продукты питания","ss":9000,"td":"Центр города","dc":1,"n":435.02,"vc":"25177","sl":"Элитный","sv":"5394","p":13443.5,"q":8.3,"b":0.99,"ms":27.78,"wi":245.02,"ei":10.09,"as":2433.57,"mi":"E","mv":19415,"sc":2,"lpe":71.88,"lpr":9479.01,"lq":6.16,"d":1262376},{"pi":"422545","pc":"Продукты питания","ss":100000,"td":"Центр города","dc":6,"n":390.82,"vc":"109398","sl":"Очень высокий","sv":"66","p":86.53,"q":15.51,"b":0.0,"ms":0.34,"wi":245.02,"ei":10.09,"as":2433.57,"mi":"E","mv":19415,"sc":2,"lpe":71.88,"lpr":9479.01,"lq":6.16,"d":1262376},{"pi":"422545","pc":"Продукты питания","ss":10000,"td":"Центр города","dc":1,"n":144.91,"vc":"3120","sl":"Элитный","sv":"90","p":8570.0,"q":12.19,"b":0.0,"ms":0.47,"wi":47.39,"ei":4.88,"as":232.49,"mi":"E","mv":19245,"sc":1,"lpe":99.53,"lpr":2466.01,"lq":1.0,"d":1190767},{"pi":"422545","pc":"Продукты питания","ss":100000,"td":"Центр города","dc":1,"n":343.59,"vc":"111984","sl":"Элитный","sv":"1400","p":216.0,"q":12.19,"b":0.0,"ms":1.7,"wi":39.97,"ei":9.19,"as":127.29,"mi":"E","mv":82211,"sc":1,"lpe":98.3,"lpr":5804.88,"lq":1.0,"d":4940408},{"pi":"422545","pc":"Продукты питания","ss":100000,"td":"Центр города","dc":1,"n":367.69,"vc":"124142","sl":"Элитный","sv":"1300","p":1810.0,"q":12.19,"b":0.0,"ms":2.37,"wi":29.93,"ei":6.58,"as":133.91,"mi":"E","mv":54817,"sc":1,"lpe":97.63,"lpr":1077.26,"lq":1.0,"d":3420282},{"pi":"422545","pc":"Продукты питания","ss":100000,"td":"Спальный район","dc":1,"n":498.67,"vc":"241704","sl":"Высокий","sv":"900","p":10000.0,"q":23.15,"b":4.85,"ms":11.02,"wi":39.35,"ei":7.42,"as":244.05,"mi":"E","mv":8166,"sc":1,"lpe":88.98,"lpr":2588.66,"lq":4.51,"d":448642},{"pi":"422545","pc":"Продукты питания","ss":20000,"td":"Центр города","dc":2,"n":195.43,"vc":"6849","sl":"Элитный","sv":"2577","p":3189.0,"q":18.58,"b":0.0,"ms":11.71,"wi":94.35,"ei":19.67,"as":208.3,"mi":"E","mv":22010,"sc":1,"lpe":88.29,"lpr":3420.61,"lq":5.17,"d":1322290},{"pi":"422545","pc":"Продукты питания","ss":10000,"td":"Центр города","dc":1,"n":443.13,"vc":"27748","sl":"Элитный","sv":"4107","p":2431.0,"q":8.28,"b":0.91,"ms":20.08,"wi":33.21,"ei":10.36,"as":243.68,"mi":"E","mv":20452,"sc":1,"lpe":79.92,"lpr":992.98,"lq":1.75,"d":1124408},{"pi":"422545","pc":"Продукты питания","ss":1000,"td":"Центр города","dc":5,"n":15.84,"vc":"346","sl":"Очень высокий","sv":"3","p":90.0,"q":7.6,"b":0.0,"ms":0.06,"wi":16.94,"ei":5.12,"as":106.85,"mi":"E","mv":4670,"sc":1,"lpe":99.94,"lpr":2300.58,"lq":1.0,"d":455056},{"pi":"422545","pc":"Продукты питания","ss":20000,"td":"Центр города","dc":1,"n":474.17,"vc":"51686","sl":"Элитный","sv":"2487","p":2498.56,"q":8.29,"b":0.91,"ms":18.87,"wi":34.24,"ei":10.1,"as":260.64,"mi":"E","mv":13183,"sc":1,"lpe":81.13,"lpr":886.98,"lq":1.54,"d":724982},{"pi":"422545","pc":"Продукты питания","ss":100000,"td":"Фешенебельный район","dc":1,"n":557.64,"vc":"150590","sl":"Элитный","sv":"5101","p":12000.0,"q":60.16,"b":0.0,"ms":12.29,"wi":95.82,"ei":8.0,"as":376.09,"mi":"E","mv":41491,"sc":1,"lpe":87.71,"lpr":3754.32,"lq":6.09,"d":2281564},{"pi":"422545","pc":"Продукты питания","ss":1000,"td":"Центр города","dc":5,"n":16.5,"vc":"317","sl":"Очень высокий","sv":"31","p":300.0,"q":2.54,"b":0.0,"ms":0.52,"wi":15.17,"ei":4.35,"as":97.0,"mi":"E","mv":5957,"sc":1,"lpe":99.48,"lpr":1381.94,"lq":1.0,"d":356256},{"pi":"422545","pc":"Продукты питания","ss":1000,"td":"Центр города","dc":4,"n":16.41,"vc":"355","sl":"Элитный","sv":"41","p":500.0,"q":2.48,"b":0.0,"ms":0.33,"wi":16.6,"ei":8.61,"as":135.04,"mi":"E","mv":12290,"sc":1,"lpe":99.67,"lpr":1050.01,"lq":1.0,"d":899824},{"pi":"422545","pc":"Продукты питания","ss":1000,"td":"Центр города","dc":5,"n":16.13,"vc":"671","sl":"Высокий","sv":"14","p":450.0,"q":2.57,"b":0.0,"ms":0.03,"wi":29.19,"ei":13.9,"as":57.84,"mi":"E","mv":49070,"sc":1,"lpe":99.97,"lpr":3150.37,"lq":1.0,"d":3660917},{"pi":"422545","pc":"Продукты питания","ss":10000,"td":"Центр города","dc":2,"n":272.36,"vc":"5216","sl":"Элитный","sv":"3119","p":2999.0,"q":18.69,"b":0.0,"ms":42.27,"wi":69.66,"ei":6.22,"as":447.98,"mi":"D","mv":7379,"sc":2,"lpe":49.38,"lpr":3521.44,"lq":6.26,"d":350000},{"pi":"422545","pc":"Продукты питания","ss":1100,"td":"Центр города","dc":1,"n":265.27,"vc":"1364","sl":"Очень высокий","sv":"616","p":6000.0,"q":43.56,"b":0.0,"ms":8.35,"wi":69.66,"ei":6.22,"as":447.98,"mi":"D","mv":7379,"sc":2,"lpe":49.38,"lpr":3521.44,"lq":6.26,"d":350000},{"pi":"422545","pc":"Продукты питания","ss":100000,"td":"Центр города","dc":6,"n":0.0,"vc":"1353","sl":"Элитный","sv":"2","p":150.0,"q":12.01,"b":0.0,"ms":0.08,"wi":56.51,"ei":6.51,"as":450.12,"mi":"E","mv":2476,"sc":1,"lpe":99.92,"lpr":10669.68,"lq":1.0,"d":206000},{"pi":"422545","pc":"Продукты питания","ss":100000,"td":"Центр города","dc":5,"n":327.53,"vc":"43046","sl":"Элитный","sv":"48","p":150.0,"q":11.9,"b":0.0,"ms":0.6,"wi":88.01,"ei":6.46,"as":493.9,"mi":"E","mv":8042,"sc":1,"lpe":99.4,"lpr":12418.2,"lq":1.0,"d":500000},{"pi":"422545","pc":"Продукты питания","ss":10000,"td":"Центр города","dc":2,"n":241.64,"vc":"5019","sl":"Элитный","sv":"2897","p":3869.0,"q":18.68,"b":0.0,"ms":26.53,"wi":80.34,"ei":6.51,"as":470.38,"mi":"E","mv":10918,"sc":2,"lpe":71.18,"lpr":3765.39,"lq":6.6,"d":600000},{"pi":"422545","pc":"Продукты питания","ss":100000,"td":"Центр города","dc":6,"n":221.83,"vc":"16604","sl":"Элитный","sv":"250","p":3500.0,"q":13.48,"b":0.0,"ms":2.29,"wi":80.34,"ei":6.51,"as":470.38,"mi":"E","mv":10918,"sc":2,"lpe":71.18,"lpr":3765.39,"lq":6.6,"d":600000}]