[{"pi":"1489","pc":"Продукты питания","ss":100000,"td":"Центр города","dc":1,"n":673.29,"vc":"1332703","sl":"Нормальный","sv":"47233","p":630.0,"q":29.89,"b":5.82,"ms":17.28,"wi":156.39,"ei":6.41,"as":2315.25,"mi":"E","mv":273377,"sc":3,"lpe":80.18,"lpr":240.57,"lq":7.73,"d":680780},{"pi":"1489","pc":"Продукты питания","ss":40000,"td":"Окраина","dc":1,"n":453.33,"vc":"67036","sl":"Элитный","sv":"6643","p":370.0,"q":9.65,"b":0.0,"ms":2.43,"wi":156.39,"ei":6.41,"as":2315.25,"mi":"E","mv":273377,"sc":3,"lpe":80.18,"lpr":240.57,"lq":7.73,"d":680780},{"pi":"1489","pc":"Продукты питания","ss":10000,"td":"Центр города","dc":3,"n":0.0,"vc":"878","sl":"Элитный","sv":"300","p":300.0,"q":18.32,"b":0.0,"ms":0.11,"wi":156.39,"ei":6.41,"as":2315.25,"mi":"E","mv":273377,"sc":3,"lpe":80.18,"lpr":240.57,"lq":7.73,"d":680780},{"pi":"1489","pc":"Продукты питания","ss":100000,"td":"Центр города","dc":1,"n":673.29,"vc":"3170400","sl":"Низкий","sv":"188267","p":245.0,"q":40.57,"b":4.6,"ms":9.44,"wi":131.96,"ei":6.72,"as":1776.47,"mi":"E","mv":1993407,"sc":3,"lpe":90.18,"lpr":70.42,"lq":3.29,"d":2542506},{"pi":"1489","pc":"Продукты питания","ss":1000,"td":"Фешенебельный район","dc":1,"n":206.66,"vc":"417","sl":"Элитный","sv":"6981","p":100.0,"q":8.28,"b":0.0,"ms":0.35,"wi":131.96,"ei":6.72,"as":1776.47,"mi":"E","mv":1993407,"sc":3,"lpe":90.18,"lpr":70.42,"lq":3.29,"d":2542506},{"pi":"1489","pc":"Продукты питания","ss":100000,"td":"Центр города","dc":3,"n":161.81,"vc":"15455","sl":"Элитный","sv":"486","p":60.0,"q":8.1,"b":0.41,"ms":0.02,"wi":131.96,"ei":6.72,"as":1776.47,"mi":"E","mv":1993407,"sc":3,"lpe":90.18,"lpr":70.42,"lq":3.29,"d":2542506},{"pi":"1489","pc":"Продукты питания","ss":36000,"td":"Центр города","dc":1,"n":365.32,"vc":"80910","sl":"Элитный","sv":"194801","p":150.0,"q":9.49,"b":0.0,"ms":19.21,"wi":45.61,"ei":8.95,"as":326.91,"mi":"E","mv":1014106,"sc":3,"lpe":80.74,"lpr":77.48,"lq":3.93,"d":2976414},{"pi":"1489","pc":"Продукты питания","ss":2200,"td":"Спальный район","dc":1,"n":353.57,"vc":"5602","sl":"Очень высокий","sv":"500","p":100.0,"q":6.74,"b":0.0,"ms":0.05,"wi":45.61,"ei":8.95,"as":326.91,"mi":"E","mv":1014106,"sc":3,"lpe":80.74,"lpr":77.48,"lq":3.93,"d":2976414},{"pi":"1489","pc":"Продукты питания","ss":1000,"td":"Центр города","dc":1,"n":153.76,"vc":"1454","sl":"Элитный","sv":"1","p":125.0,"q":3.67,"b":0.0,"ms":0.0,"wi":45.61,"ei":8.95,"as":326.91,"mi":"E","mv":1014106,"sc":3,"lpe":80.74,"lpr":77.48,"lq":3.93,"d":2976414},{"pi":"1489","pc":"Продукты питания","ss":100000,"td":"Центр города","dc":2,"n":440.67,"vc":"192274","sl":"Элитный","sv":"150000","p":170.0,"q":12.91,"b":4.25,"ms":22.98,"wi":109.74,"ei":6.39,"as":1332.06,"mi":"E","mv":652774,"sc":2,"lpe":76.7,"lpr":155.16,"lq":8.39,"d":1607580},{"pi":"1489","pc":"Продукты питания","ss":4500,"td":"Фешенебельный район","dc":2,"n":243.88,"vc":"1028","sl":"Элитный","sv":"2105","p":100.0,"q":8.31,"b":0.0,"ms":0.32,"wi":109.74,"ei":6.39,"as":1332.06,"mi":"E","mv":652774,"sc":2,"lpe":76.7,"lpr":155.16,"lq":8.39,"d":1607580},{"pi":"1489","pc":"Продукты питания","ss":5000,"td":"Фешенебельный район","dc":2,"n":198.65,"vc":"780","sl":"Элитный","sv":"4351","p":1000.0,"q":8.29,"b":0.0,"ms":0.94,"wi":115.61,"ei":6.91,"as":1461.51,"mi":"E","mv":461916,"sc":1,"lpe":99.06,"lpr":673.45,"lq":1.0,"d":1489874},{"pi":"1489","pc":"Продукты питания","ss":1000,"td":"Центр города","dc":1,"n":151.62,"vc":"1217","sl":"Элитный","sv":"3000","p":70.0,"q":3.47,"b":0.0,"ms":0.49,"wi":41.63,"ei":7.13,"as":358.52,"mi":"E","mv":616752,"sc":1,"lpe":99.51,"lpr":96.22,"lq":1.0,"d":1853316},{"pi":"1489","pc":"Продукты питания","ss":100000,"td":"Фешенебельный район","dc":2,"n":332.06,"vc":"24010","sl":"Элитный","sv":"144670","p":200.0,"q":37.43,"b":4.09,"ms":8.15,"wi":31.13,"ei":3.43,"as":151.97,"mi":"E","mv":1776090,"sc":1,"lpe":91.85,"lpr":61.73,"lq":1.0,"d":5908898},{"pi":"1489","pc":"Продукты питания","ss":100000,"td":"Центр города","dc":2,"n":347.83,"vc":"209092","sl":"Элитный","sv":"159363","p":65.0,"q":17.77,"b":0.0,"ms":4.74,"wi":27.86,"ei":3.43,"as":42.92,"mi":"E","mv":3360366,"sc":5,"lpe":91.64,"lpr":21.88,"lq":1.0,"d":9216794},{"pi":"1489","pc":"Продукты питания","ss":100000,"td":"Фешенебельный район","dc":2,"n":462.49,"vc":"94467","sl":"Элитный","sv":"108088","p":80.0,"q":37.14,"b":4.04,"ms":3.22,"wi":27.86,"ei":3.43,"as":42.92,"mi":"E","mv":3360366,"sc":5,"lpe":91.64,"lpr":21.88,"lq":1.0,"d":9216794},{"pi":"1489","pc":"Продукты питания","ss":2000,"td":"Центр города","dc":1,"n":36.64,"vc":"1435","sl":"Элитный","sv":"10000","p":18.0,"q":6.44,"b":0.0,"ms":0.3,"wi":27.86,"ei":3.43,"as":42.92,"mi":"E","mv":3360366,"sc":5,"lpe":91.64,"lpr":21.88,"lq":1.0,"d":9216794},{"pi":"1489","pc":"Продукты питания","ss":600,"td":"Центр города","dc":1,"n":14.82,"vc":"762","sl":"Элитный","sv":"2848","p":17.0,"q":1.19,"b":0.24,"ms":0.08,"wi":27.86,"ei":3.43,"as":42.92,"mi":"E","mv":3360366,"sc":5,"lpe":91.64,"lpr":21.88,"lq":1.0,"d":9216794},{"pi":"1489","pc":"Продукты питания","ss":500,"td":"Спальный район","dc":1,"n":2.88,"vc":"495","sl":"Элитный","sv":"586","p":52.0,"q":12.1,"b":0.0,"ms":0.02,"wi":27.86,"ei":3.43,"as":42.92,"mi":"E","mv":3360366,"sc":5,"lpe":91.64,"lpr":21.88,"lq":1.0,"d":9216794},{"pi":"1489","pc":"Продукты питания","ss":15000,"td":"Фешенебельный район","dc":1,"n":542.09,"vc":"15372","sl":"Элитный","sv":"100001","p":94.0,"q":13.93,"b":1.949980500195,"ms":39.53,"wi":80.59,"ei":6.9,"as":850.5,"mi":"E","mv":253001,"sc":1,"lpe":60.47,"lpr":69.17,"lq":3.86,"d":688452},{"pi":"1489","pc":"Продукты питания","ss":160000,"td":"Окраина","dc":2,"n":539.93,"vc":"592750","sl":"Нормальный","sv":"77061","p":300.0,"q":10.87,"b":0.0,"ms":22.79,"wi":86.72,"ei":7.1,"as":871.5,"mi":"E","mv":338143,"sc":2,"lpe":77.19,"lpr":165.88,"lq":3.85,"d":957768},{"pi":"1489","pc":"Продукты питания","ss":700,"td":"Спальный район","dc":1,"n":118.81,"vc":"505","sl":"Элитный","sv":"66","p":150.0,"q":8.62,"b":0.0,"ms":0.02,"wi":86.72,"ei":7.1,"as":871.5,"mi":"E","mv":338143,"sc":2,"lpe":77.19,"lpr":165.88,"lq":3.85,"d":957768},{"pi":"1489","pc":"Продукты питания","ss":100000,"td":"Центр города","dc":1,"n":557.35,"vc":"357942","sl":"Элитный","sv":"18542","p":400.0,"q":28.82,"b":4.3,"ms":13.65,"wi":93.4,"ei":9.12,"as":1117.2,"mi":"E","mv":135869,"sc":1,"lpe":86.35,"lpr":147.58,"lq":4.35,"d":384781},{"pi":"1489","pc":"Продукты питания","ss":100000,"td":"Центр города","dc":3,"n":457.04,"vc":"266245","sl":"Низкий","sv":"581896","p":83.0,"q":18.55,"b":0.0242737018298803,"ms":43.3,"wi":81.91,"ei":8.82,"as":546.4,"mi":"E","mv":1344005,"sc":2,"lpe":56.7,"lpr":94.09,"lq":5.09,"d":2598727},{"pi":"1489","pc":"Продукты питания","ss":20100,"td":"Центр города","dc":7,"n":77.42,"vc":"3380","sl":"Очень высокий","sv":"20","p":59.99,"q":7.02,"b":0.0,"ms":0.0,"wi":81.91,"ei":8.82,"as":546.4,"mi":"E","mv":1344005,"sc":2,"lpe":56.7,"lpr":94.09,"lq":5.09,"d":2598727},{"pi":"1489","pc":"Продукты питания","ss":2000,"td":"Пригород","dc":1,"n":236.11,"vc":"1271","sl":"Элитный","sv":"4498","p":30.0,"q":3.47,"b":0.15,"ms":0.65,"wi":21.71,"ei":9.2,"as":243.81,"mi":"E","mv":692974,"sc":3,"lpe":99.34,"lpr":31.63,"lq":1.0,"d":2418266},{"pi":"1489","pc":"Продукты питания","ss":100,"td":"Центр города","dc":2,"n":0.62,"vc":"107","sl":"Очень низкий","sv":"71","p":30.17,"q":2.65,"b":0.0,"ms":0.01,"wi":21.71,"ei":9.2,"as":243.81,"mi":"E","mv":692974,"sc":3,"lpe":99.34,"lpr":31.63,"lq":1.0,"d":2418266},{"pi":"1489","pc":"Продукты питания","ss":500,"td":"Спальный район","dc":3,"n":0.02,"vc":"318","sl":"Очень высокий","sv":"16","p":24.6,"q":2.31,"b":0.0,"ms":0.0,"wi":21.71,"ei":9.2,"as":243.81,"mi":"E","mv":692974,"sc":3,"lpe":99.34,"lpr":31.63,"lq":1.0,"d":2418266},{"pi":"1489","pc":"Продукты питания","ss":100000,"td":"Фешенебельный район","dc":1,"n":369.18,"vc":"28026","sl":"Элитный","sv":"100000","p":220.0,"q":38.11,"b":3.83,"ms":7.75,"wi":44.53,"ei":12.04,"as":405.27,"mi":"E","mv":1290917,"sc":5,"lpe":89.87,"lpr":68.43,"lq":1.72,"d":3315370},{"pi":"1489","pc":"Продукты питания","ss":8000,"td":"Центр города","dc":7,"n":245.14,"vc":"12354","sl":"Очень низкий","sv":"18133","p":74.0,"q":8.47,"b":0.0,"ms":1.4,"wi":44.53,"ei":12.04,"as":405.27,"mi":"E","mv":1290917,"sc":5,"lpe":89.87,"lpr":68.43,"lq":1.72,"d":3315370},{"pi":"1489","pc":"Продукты питания","ss":1900,"td":"Окраина","dc":1,"n":240.67,"vc":"2128","sl":"Элитный","sv":"11000","p":66.0,"q":3.24,"b":0.0,"ms":0.85,"wi":44.53,"ei":12.04,"as":405.27,"mi":"E","mv":1290917,"sc":5,"lpe":89.87,"lpr":68.43,"lq":1.72,"d":3315370},{"pi":"1489","pc":"Продукты питания","ss":700,"td":"Спальный район","dc":1,"n":30.94,"vc":"485","sl":"Элитный","sv":"1600","p":80.0,"q":4.96,"b":0.0,"ms":0.12,"wi":44.53,"ei":12.04,"as":405.27,"mi":"E","mv":1290917,"sc":5,"lpe":89.87,"lpr":68.43,"lq":1.72,"d":3315370},{"pi":"1489","pc":"Продукты питания","ss":100,"td":"Центр города","dc":3,"n":25.46,"vc":"130","sl":"Очень низкий","sv":"73","p":7.0,"q":10.06,"b":0.66,"ms":0.01,"wi":44.53,"ei":12.04,"as":405.27,"mi":"E","mv":1290917,"sc":5,"lpe":89.87,"lpr":68.43,"lq":1.72,"d":3315370},{"pi":"1489","pc":"Продукты питания","ss":1000,"td":"Центр города","dc":1,"n":3.69,"vc":"583","sl":"Элитный","sv":"14475","p":120.0,"q":6.74,"b":0.0,"ms":1.5,"wi":38.91,"ei":11.6,"as":316.91,"mi":"E","mv":964394,"sc":2,"lpe":98.49,"lpr":90.39,"lq":1.0,"d":2455208},{"pi":"1489","pc":"Продукты питания","ss":100,"td":"Спальный район","dc":2,"n":0.51,"vc":"81","sl":"Низкий","sv":"44","p":84.85,"q":2.65,"b":0.0,"ms":0.0,"wi":38.91,"ei":11.6,"as":316.91,"mi":"E","mv":964394,"sc":2,"lpe":98.49,"lpr":90.39,"lq":1.0,"d":2455208},{"pi":"1489","pc":"Продукты питания","ss":1000,"td":"Спальный район","dc":2,"n":166.63,"vc":"1407","sl":"Нормальный","sv":"2000","p":24.0,"q":4.96,"b":0.0,"ms":0.32,"wi":21.21,"ei":4.62,"as":206.96,"mi":"E","mv":634010,"sc":2,"lpe":99.67,"lpr":26.89,"lq":1.0,"d":1571900},{"pi":"1489","pc":"Продукты питания","ss":100,"td":"Центр города","dc":1,"n":0.95,"vc":"92","sl":"Низкий","sv":"121","p":24.81,"q":2.64,"b":0.0,"ms":0.02,"wi":21.21,"ei":4.62,"as":206.96,"mi":"E","mv":634010,"sc":2,"lpe":99.67,"lpr":26.89,"lq":1.0,"d":1571900},{"pi":"1489","pc":"Продукты питания","ss":4500,"td":"Фешенебельный район","dc":2,"n":330.26,"vc":"1512","sl":"Элитный","sv":"8433","p":450.0,"q":8.3,"b":0.0,"ms":2.06,"wi":108.65,"ei":7.35,"as":1291.6,"mi":"E","mv":409064,"sc":1,"lpe":97.94,"lpr":318.75,"lq":1.0,"d":1033752},{"pi":"1489","pc":"Продукты питания","ss":22000,"td":"Центр города","dc":2,"n":289.02,"vc":"13843","sl":"Элитный","sv":"85459","p":129.79,"q":12.39,"b":1.92074374846418,"ms":20.54,"wi":109.29,"ei":6.7,"as":1597.06,"mi":"E","mv":416151,"sc":5,"lpe":72.9,"lpr":86.61,"lq":4.74,"d":976806},{"pi":"1489","pc":"Продукты питания","ss":26500,"td":"Фешенебельный район","dc":2,"n":634.52,"vc":"61020","sl":"Нормальный","sv":"20000","p":90.0,"q":22.53,"b":1.205,"ms":4.81,"wi":109.29,"ei":6.7,"as":1597.06,"mi":"E","mv":416151,"sc":5,"lpe":72.9,"lpr":86.61,"lq":4.74,"d":976806},{"pi":"1489","pc":"Продукты питания","ss":4500,"td":"Фешенебельный район","dc":2,"n":325.88,"vc":"1500","sl":"Элитный","sv":"5014","p":100.0,"q":8.37,"b":0.0,"ms":1.2,"wi":109.29,"ei":6.7,"as":1597.06,"mi":"E","mv":416151,"sc":5,"lpe":72.9,"lpr":86.61,"lq":4.74,"d":976806},{"pi":"1489","pc":"Продукты питания","ss":1000,"td":"Фешенебельный район","dc":3,"n":309.48,"vc":"532","sl":"Очень высокий","sv":"2248","p":85.0,"q":10.3,"b":0.0,"ms":0.54,"wi":109.29,"ei":6.7,"as":1597.06,"mi":"E","mv":416151,"sc":5,"lpe":72.9,"lpr":86.61,"lq":4.74,"d":976806},{"pi":"1489","pc":"Продукты питания","ss":500,"td":"Фешенебельный район","dc":4,"n":132.93,"vc":"138","sl":"Элитный","sv":"45","p":85.01,"q":6.84,"b":0.0,"ms":0.01,"wi":109.29,"ei":6.7,"as":1597.06,"mi":"E","mv":416151,"sc":5,"lpe":72.9,"lpr":86.61,"lq":4.74,"d":976806},{"pi":"1489","pc":"Продукты питания","ss":100000,"td":"Центр города","dc":2,"n":335.39,"vc":"86020","sl":"Очень высокий","sv":"688649","p":150.0,"q":27.78,"b":0.0,"ms":68.13,"wi":57.01,"ei":11.71,"as":410.0,"mi":"D","mv":1010842,"sc":6,"lpe":11.72,"lpr":95.98,"lq":4.27,"d":2912574},{"pi":"1489","pc":"Продукты питания","ss":24500,"td":"Центр города","dc":2,"n":296.28,"vc":"34598","sl":"Очень высокий","sv":"117043","p":80.0,"q":6.89,"b":0.0,"ms":11.58,"wi":57.01,"ei":11.71,"as":410.0,"mi":"D","mv":1010842,"sc":6,"lpe":11.72,"lpr":95.98,"lq":4.27,"d":2912574},{"pi":"1489","pc":"Продукты питания","ss":5000,"td":"Центр города","dc":2,"n":155.21,"vc":"3256","sl":"Элитный","sv":"43988","p":135.0,"q":28.24,"b":1.47,"ms":4.35,"wi":57.01,"ei":11.71,"as":410.0,"mi":"D","mv":1010842,"sc":6,"lpe":11.72,"lpr":95.98,"lq":4.27,"d":2912574},{"pi":"1489","pc":"Продукты питания","ss":3500,"td":"Центр города","dc":1,"n":244.35,"vc":"7335","sl":"Элитный","sv":"27489","p":70.0,"q":3.51,"b":0.0,"ms":2.72,"wi":57.01,"ei":11.71,"as":410.0,"mi":"D","mv":1010842,"sc":6,"lpe":11.72,"lpr":95.98,"lq":4.27,"d":2912574},{"pi":"1489","pc":"Продукты питания","ss":11000,"td":"Центр города","dc":1,"n":114.99,"vc":"3576","sl":"Элитный","sv":"13820","p":68.0,"q":3.49,"b":0.0,"ms":1.37,"wi":57.01,"ei":11.71,"as":410.0,"mi":"D","mv":1010842,"sc":6,"lpe":11.72,"lpr":95.98,"lq":4.27,"d":2912574},{"pi":"1489","pc":"Продукты питания","ss":1000,"td":"Центр города","dc":1,"n":101.72,"vc":"1076","sl":"Низкий","sv":"1341","p":110.0,"q":8.29,"b":0.0,"ms":0.13,"wi":57.01,"ei":11.71,"as":410.0,"mi":"D","mv":1010842,"sc":6,"lpe":11.72,"lpr":95.98,"lq":4.27,"d":2912574},{"pi":"1489","pc":"Продукты питания","ss":1000,"td":"Спальный район","dc":2,"n":319.94,"vc":"896","sl":"Низкий","sv":"1207","p":112.0,"q":2.94,"b":0.0,"ms":3.03,"wi":77.49,"ei":6.62,"as":518.18,"mi":"E","mv":39890,"sc":4,"lpe":96.15,"lpr":309.62,"lq":1.0,"d":116700},{"pi":"1489","pc":"Продукты питания","ss":500,"td":"Спальный район","dc":1,"n":0.0,"vc":"110","sl":"Элитный","sv":"204","p":230.0,"q":9.11,"b":0.383088235294118,"ms":0.51,"wi":77.49,"ei":6.62,"as":518.18,"mi":"E","mv":39890,"sc":4,"lpe":96.15,"lpr":309.62,"lq":1.0,"d":116700},{"pi":"1489","pc":"Продукты питания","ss":100,"td":"Спальный район","dc":2,"n":259.29,"vc":"99","sl":"Низкий","sv":"65","p":230.0,"q":4.28,"b":0.0,"ms":0.16,"wi":77.49,"ei":6.62,"as":518.18,"mi":"E","mv":39890,"sc":4,"lpe":96.15,"lpr":309.62,"lq":1.0,"d":116700},{"pi":"1489","pc":"Продукты питания","ss":1000,"td":"Фешенебельный район","dc":1,"n":0.0,"vc":"30","sl":"Элитный","sv":"58","p":163.34,"q":8.39,"b":0.179655172413793,"ms":0.15,"wi":77.49,"ei":6.62,"as":518.18,"mi":"E","mv":39890,"sc":4,"lpe":96.15,"lpr":309.62,"lq":1.0,"d":116700},{"pi":"1489","pc":"Продукты питания","ss":10000,"td":"Спальный район","dc":1,"n":314.35,"vc":"4852","sl":"Элитный","sv":"200","p":13.5,"q":1.19,"b":0.0,"ms":0.17,"wi":39.19,"ei":6.47,"as":427.6,"mi":"E","mv":115918,"sc":1,"lpe":99.83,"lpr":66.56,"lq":1.0,"d":293748},{"pi":"1489","pc":"Продукты питания","ss":1000,"td":"Центр города","dc":3,"n":208.23,"vc":"626","sl":"Очень высокий","sv":"127","p":30.0,"q":8.58,"b":0.164094488188976,"ms":0.33,"wi":49.72,"ei":6.51,"as":523.69,"mi":"E","mv":38190,"sc":3,"lpe":99.46,"lpr":182.36,"lq":1.0,"d":111396},{"pi":"1489","pc":"Продукты питания","ss":500,"td":"Спальный район","dc":1,"n":165.72,"vc":"254","sl":"Нормальный","sv":"67","p":90.0,"q":8.47,"b":0.155522388059702,"ms":0.18,"wi":49.72,"ei":6.51,"as":523.69,"mi":"E","mv":38190,"sc":3,"lpe":99.46,"lpr":182.36,"lq":1.0,"d":111396},{"pi":"1489","pc":"Продукты питания","ss":100,"td":"Спальный район","dc":2,"n":71.33,"vc":"35","sl":"Нормальный","sv":"11","p":80.0,"q":7.24,"b":0.473636363636364,"ms":0.03,"wi":49.72,"ei":6.51,"as":523.69,"mi":"E","mv":38190,"sc":3,"lpe":99.46,"lpr":182.36,"lq":1.0,"d":111396},{"pi":"1489","pc":"Продукты питания","ss":500,"td":"Спальный район","dc":1,"n":0.0,"vc":"125","sl":"Элитный","sv":"234","p":160.0,"q":9.28,"b":0.445299145299145,"ms":0.41,"wi":56.47,"ei":7.19,"as":613.83,"mi":"E","mv":56960,"sc":2,"lpe":99.57,"lpr":183.37,"lq":1.0,"d":169390},{"pi":"1489","pc":"Продукты питания","ss":1000,"td":"Фешенебельный район","dc":4,"n":95.87,"vc":"58","sl":"Элитный","sv":"10","p":120.67,"q":9.4,"b":0.778,"ms":0.02,"wi":56.47,"ei":7.19,"as":613.83,"mi":"E","mv":56960,"sc":2,"lpe":99.57,"lpr":183.37,"lq":1.0,"d":169390},{"pi":"1489","pc":"Продукты питания","ss":1000,"td":"Спальный район","dc":2,"n":304.78,"vc":"908","sl":"Очень высокий","sv":"8789","p":125.0,"q":11.61,"b":1.33317669814541,"ms":16.11,"wi":51.98,"ei":6.5,"as":535.5,"mi":"E","mv":54554,"sc":5,"lpe":83.47,"lpr":124.77,"lq":3.95,"d":154500},{"pi":"1489","pc":"Продукты питания","ss":100,"td":"Спальный район","dc":1,"n":38.58,"vc":"35","sl":"Высокий","sv":"189","p":140.0,"q":11.6,"b":1.3231746031746,"ms":0.35,"wi":51.98,"ei":6.5,"as":535.5,"mi":"E","mv":54554,"sc":5,"lpe":83.47,"lpr":124.77,"lq":3.95,"d":154500},{"pi":"1489","pc":"Продукты питания","ss":100,"td":"Спальный район","dc":1,"n":101.96,"vc":"43","sl":"Высокий","sv":"14","p":6.95,"q":6.32,"b":0.0,"ms":0.03,"wi":51.98,"ei":6.5,"as":535.5,"mi":"E","mv":54554,"sc":5,"lpe":83.47,"lpr":124.77,"lq":3.95,"d":154500},{"pi":"1489","pc":"Продукты питания","ss":400,"td":"Центр города","dc":7,"n":237.23,"vc":"477","sl":"Низкий","sv":"14","p":75.0,"q":8.63,"b":0.0,"ms":0.03,"wi":51.98,"ei":6.5,"as":535.5,"mi":"E","mv":54554,"sc":5,"lpe":83.47,"lpr":124.77,"lq":3.95,"d":154500},{"pi":"1489","pc":"Продукты питания","ss":400,"td":"Спальный район","dc":4,"n":83.41,"vc":"166","sl":"Очень высокий","sv":"10","p":90.0,"q":7.41,"b":0.521,"ms":0.02,"wi":51.98,"ei":6.5,"as":535.5,"mi":"E","mv":54554,"sc":5,"lpe":83.47,"lpr":124.77,"lq":3.95,"d":154500},{"pi":"1489","pc":"Продукты питания","ss":800,"td":"Центр города","dc":4,"n":117.33,"vc":"918","sl":"Нормальный","sv":"472","p":10.0,"q":9.07,"b":0.313898305084746,"ms":0.24,"wi":44.01,"ei":9.67,"as":466.68,"mi":"E","mv":196546,"sc":1,"lpe":99.76,"lpr":89.72,"lq":1.0,"d":616831},{"pi":"1489","pc":"Продукты питания","ss":200,"td":"Спальный район","dc":3,"n":73.03,"vc":"118","sl":"Высокий","sv":"18","p":205.0,"q":7.5,"b":0.289444444444444,"ms":0.02,"wi":72.22,"ei":7.14,"as":514.5,"mi":"E","mv":80009,"sc":1,"lpe":99.98,"lpr":319.24,"lq":1.0,"d":226600},{"pi":"1489","pc":"Продукты питания","ss":1000,"td":"Спальный район","dc":1,"n":306.42,"vc":"1748","sl":"Очень высокий","sv":"33257","p":130.0,"q":10.18,"b":0.515130348498061,"ms":9.35,"wi":89.51,"ei":7.06,"as":573.3,"mi":"E","mv":355817,"sc":9,"lpe":82.78,"lpr":261.47,"lq":1.48,"d":978294},{"pi":"1489","pc":"Продукты питания","ss":1000,"td":"Фешенебельный район","dc":1,"n":468.19,"vc":"1305","sl":"Элитный","sv":"15142","p":250.0,"q":13.93,"b":0.0,"ms":4.26,"wi":89.51,"ei":7.06,"as":573.3,"mi":"E","mv":355817,"sc":9,"lpe":82.78,"lpr":261.47,"lq":1.48,"d":978294},{"pi":"1489","pc":"Продукты питания","ss":1000,"td":"Центр города","dc":1,"n":132.8,"vc":"1314","sl":"Элитный","sv":"10007","p":121.9,"q":11.61,"b":1.33230638553013,"ms":2.81,"wi":89.51,"ei":7.06,"as":573.3,"mi":"E","mv":355817,"sc":9,"lpe":82.78,"lpr":261.47,"lq":1.48,"d":978294},{"pi":"1489","pc":"Продукты питания","ss":1000,"td":"Фешенебельный район","dc":3,"n":452.81,"vc":"1197","sl":"Высокий","sv":"1447","p":100.0,"q":8.05,"b":0.00720110573600553,"ms":0.41,"wi":89.51,"ei":7.06,"as":573.3,"mi":"E","mv":355817,"sc":9,"lpe":82.78,"lpr":261.47,"lq":1.48,"d":978294},{"pi":"1489","pc":"Продукты питания","ss":400,"td":"Фешенебельный район","dc":2,"n":419.46,"vc":"508","sl":"Нормальный","sv":"796","p":100.0,"q":8.69,"b":0.248718592964824,"ms":0.22,"wi":89.51,"ei":7.06,"as":573.3,"mi":"E","mv":355817,"sc":9,"lpe":82.78,"lpr":261.47,"lq":1.48,"d":978294},{"pi":"1489","pc":"Продукты питания","ss":1000,"td":"Центр города","dc":2,"n":201.85,"vc":"1292","sl":"Очень высокий","sv":"348","p":200.0,"q":10.67,"b":0.0,"ms":0.1,"wi":89.51,"ei":7.06,"as":573.3,"mi":"E","mv":355817,"sc":9,"lpe":82.78,"lpr":261.47,"lq":1.48,"d":978294},{"pi":"1489","pc":"Продукты питания","ss":100,"td":"Центр города","dc":1,"n":110.14,"vc":"113","sl":"Низкий","sv":"180","p":120.0,"q":11.62,"b":1.33144444444444,"ms":0.05,"wi":89.51,"ei":7.06,"as":573.3,"mi":"E","mv":355817,"sc":9,"lpe":82.78,"lpr":261.47,"lq":1.48,"d":978294},{"pi":"1489","pc":"Продукты питания","ss":1000,"td":"Фешенебельный район","dc":2,"n":198.16,"vc":"190","sl":"Элитный","sv":"67","p":300.0,"q":20.82,"b":1.06,"ms":0.02,"wi":89.51,"ei":7.06,"as":573.3,"mi":"E","mv":355817,"sc":9,"lpe":82.78,"lpr":261.47,"lq":1.48,"d":978294},{"pi":"1489","pc":"Продукты питания","ss":400,"td":"Спальный район","dc":1,"n":66.21,"vc":"436","sl":"Высокий","sv":"20","p":131.4,"q":3.47,"b":0.0,"ms":0.01,"wi":89.51,"ei":7.06,"as":573.3,"mi":"E","mv":355817,"sc":9,"lpe":82.78,"lpr":261.47,"lq":1.48,"d":978294},{"pi":"1489","pc":"Продукты питания","ss":100000,"td":"Центр города","dc":1,"n":694.41,"vc":"807309","sl":"Высокий","sv":"5273","p":400.0,"q":36.94,"b":7.58,"ms":9.24,"wi":67.08,"ei":7.11,"as":463.53,"mi":"E","mv":57077,"sc":1,"lpe":90.76,"lpr":85.06,"lq":3.09,"d":179268},{"pi":"1489","pc":"Продукты питания","ss":110000,"td":"Окраина","dc":1,"n":393.95,"vc":"83462","sl":"Элитный","sv":"150000","p":140.0,"q":12.3,"b":1.67,"ms":20.39,"wi":51.89,"ei":9.72,"as":380.0,"mi":"E","mv":735584,"sc":1,"lpe":79.61,"lpr":70.54,"lq":3.88,"d":1850212},{"pi":"1489","pc":"Продукты питания","ss":1000,"td":"Спальный район","dc":1,"n":240.83,"vc":"1030","sl":"Высокий","sv":"7727","p":75.9,"q":8.84,"b":0.0,"ms":3.52,"wi":34.51,"ei":4.47,"as":246.75,"mi":"E","mv":219512,"sc":1,"lpe":96.48,"lpr":76.37,"lq":1.0,"d":621746},{"pi":"1489","pc":"Продукты питания","ss":100000,"td":"Фешенебельный район","dc":2,"n":514.88,"vc":"139200","sl":"Элитный","sv":"30000","p":200.0,"q":53.91,"b":5.03,"ms":1.17,"wi":89.14,"ei":7.05,"as":1247.63,"mi":"E","mv":2574651,"sc":2,"lpe":98.71,"lpr":79.37,"lq":1.0,"d":5900984},{"pi":"1489","pc":"Продукты питания","ss":1000,"td":"Фешенебельный район","dc":1,"n":138.26,"vc":"381","sl":"Элитный","sv":"3254","p":120.0,"q":8.28,"b":0.0,"ms":0.13,"wi":89.14,"ei":7.05,"as":1247.63,"mi":"E","mv":2574651,"sc":2,"lpe":98.71,"lpr":79.37,"lq":1.0,"d":5900984},{"pi":"1489","pc":"Продукты питания","ss":100000,"td":"Центр города","dc":1,"n":565.56,"vc":"470402","sl":"Очень высокий","sv":"31969","p":300.0,"q":52.38,"b":7.19,"ms":43.03,"wi":90.52,"ei":7.2,"as":937.65,"mi":"E","mv":74299,"sc":1,"lpe":56.97,"lpr":110.2,"lq":1.46,"d":210430},{"pi":"1489","pc":"Продукты питания","ss":2000,"td":"Центр города","dc":1,"n":206.44,"vc":"1942","sl":"Элитный","sv":"15000","p":210.0,"q":28.36,"b":1.93,"ms":3.83,"wi":92.28,"ei":6.9,"as":352.04,"mi":"E","mv":391389,"sc":3,"lpe":96.17,"lpr":234.6,"lq":1.0,"d":995636},{"pi":"1489","pc":"Продукты питания","ss":100,"td":"Спальный район","dc":2,"n":0.08,"vc":"59","sl":"Низкий","sv":"4","p":235.06,"q":2.48,"b":0.0,"ms":0.0,"wi":92.28,"ei":6.9,"as":352.04,"mi":"E","mv":391389,"sc":3,"lpe":96.17,"lpr":234.6,"lq":1.0,"d":995636},{"pi":"1489","pc":"Продукты питания","ss":10000,"td":"Центр города","dc":1,"n":107.57,"vc":"2223","sl":"Элитный","sv":"4","p":130.0,"q":6.62,"b":0.42,"ms":0.0,"wi":92.28,"ei":6.9,"as":352.04,"mi":"E","mv":391389,"sc":3,"lpe":96.17,"lpr":234.6,"lq":1.0,"d":995636},{"pi":"1489","pc":"Продукты питания","ss":500,"td":"Спальный район","dc":1,"n":0.0,"vc":"104","sl":"Элитный","sv":"187","p":280.0,"q":8.97,"b":0.306470588235294,"ms":0.53,"wi":64.25,"ei":6.1,"as":493.77,"mi":"E","mv":35483,"sc":2,"lpe":99.27,"lpr":313.84,"lq":1.0,"d":100815},{"pi":"1489","pc":"Продукты питания","ss":1000,"td":"Центр города","dc":5,"n":153.51,"vc":"443","sl":"Очень высокий","sv":"73","p":30.0,"q":7.41,"b":0.0713698630136986,"ms":0.21,"wi":64.25,"ei":6.1,"as":493.77,"mi":"E","mv":35483,"sc":2,"lpe":99.27,"lpr":313.84,"lq":1.0,"d":100815},{"pi":"1489","pc":"Продукты питания","ss":10000,"td":"Центр города","dc":1,"n":314.07,"vc":"8512","sl":"Элитный","sv":"78382","p":40.0,"q":7.33,"b":0.0,"ms":31.48,"wi":55.9,"ei":7.11,"as":492.05,"mi":"E","mv":249012,"sc":1,"lpe":68.52,"lpr":35.68,"lq":1.35,"d":587440},{"pi":"1489","pc":"Продукты питания","ss":1000,"td":"Центр города","dc":1,"n":11.46,"vc":"453","sl":"Элитный","sv":"3220","p":285.0,"q":8.42,"b":0.0,"ms":0.87,"wi":54.96,"ei":10.13,"as":422.1,"mi":"E","mv":370908,"sc":2,"lpe":98.37,"lpr":296.01,"lq":1.0,"d":1050481},{"pi":"1489","pc":"Продукты питания","ss":1200,"td":"Центр города","dc":3,"n":187.18,"vc":"1344","sl":"Высокий","sv":"2816","p":150.0,"q":8.62,"b":0.0,"ms":0.76,"wi":54.96,"ei":10.13,"as":422.1,"mi":"E","mv":370908,"sc":2,"lpe":98.37,"lpr":296.01,"lq":1.0,"d":1050481},{"pi":"1489","pc":"Продукты питания","ss":100000,"td":"Фешенебельный район","dc":1,"n":420.76,"vc":"20337","sl":"Элитный","sv":"90000","p":63.0,"q":28.52,"b":1.52,"ms":20.14,"wi":62.28,"ei":8.99,"as":967.35,"mi":"E","mv":446763,"sc":1,"lpe":79.86,"lpr":38.7,"lq":2.17,"d":1023950},{"pi":"1489","pc":"Продукты питания","ss":11000,"td":"Центр города","dc":3,"n":288.36,"vc":"12906","sl":"Очень высокий","sv":"23000","p":110.0,"q":4.67,"b":0.0,"ms":8.87,"wi":59.14,"ei":9.58,"as":525.4,"mi":"E","mv":259438,"sc":1,"lpe":91.13,"lpr":123.32,"lq":1.0,"d":881782},{"pi":"1489","pc":"Продукты питания","ss":100000,"td":"Фешенебельный район","dc":2,"n":488.84,"vc":"27305","sl":"Элитный","sv":"63733","p":23.0,"q":26.66,"b":1.52,"ms":8.09,"wi":51.5,"ei":7.4,"as":852.42,"mi":"E","mv":787460,"sc":1,"lpe":91.91,"lpr":6.73,"lq":1.0,"d":366048},{"pi":"1489","pc":"Продукты питания","ss":100000,"td":"Фешенебельный район","dc":2,"n":540.52,"vc":"34549","sl":"Элитный","sv":"10000","p":18.0,"q":28.52,"b":1.52,"ms":10.74,"wi":74.03,"ei":6.9,"as":1107.15,"mi":"E","mv":93148,"sc":1,"lpe":89.26,"lpr":30.69,"lq":1.34,"d":173342},{"pi":"1489","pc":"Продукты питания","ss":100000,"td":"Фешенебельный район","dc":1,"n":430.06,"vc":"34713","sl":"Высокий","sv":"110676","p":75.0,"q":8.28,"b":0.0,"ms":29.02,"wi":38.84,"ei":6.46,"as":550.2,"mi":"E","mv":381329,"sc":4,"lpe":64.17,"lpr":75.64,"lq":1.0,"d":1548177},{"pi":"1489","pc":"Продукты питания","ss":3000,"td":"Центр города","dc":1,"n":281.33,"vc":"4105","sl":"Очень высокий","sv":"22889","p":85.0,"q":8.68,"b":0.0,"ms":6.0,"wi":38.84,"ei":6.46,"as":550.2,"mi":"E","mv":381329,"sc":4,"lpe":64.17,"lpr":75.64,"lq":1.0,"d":1548177},{"pi":"1489","pc":"Продукты питания","ss":10000,"td":"Фешенебельный район","dc":10,"n":406.23,"vc":"4785","sl":"Низкий","sv":"2172","p":50.0,"q":2.92,"b":0.0,"ms":0.57,"wi":38.84,"ei":6.46,"as":550.2,"mi":"E","mv":381329,"sc":4,"lpe":64.17,"lpr":75.64,"lq":1.0,"d":1548177},{"pi":"1489","pc":"Продукты питания","ss":1000,"td":"Фешенебельный район","dc":10,"n":165.33,"vc":"250","sl":"Очень высокий","sv":"911","p":30.0,"q":9.27,"b":1.13967069154775,"ms":0.24,"wi":38.84,"ei":6.46,"as":550.2,"mi":"E","mv":381329,"sc":4,"lpe":64.17,"lpr":75.64,"lq":1.0,"d":1548177},{"pi":"1489","pc":"Продукты питания","ss":100000,"td":"Фешенебельный район","dc":8,"n":397.06,"vc":"23898","sl":"Очень низкий","sv":"11000","p":10.0,"q":4.96,"b":0.0,"ms":1.89,"wi":19.23,"ei":4.49,"as":270.88,"mi":"E","mv":582310,"sc":2,"lpe":96.39,"lpr":13.46,"lq":1.0,"d":1469374},{"pi":"1489","pc":"Продукты питания","ss":10000,"td":"Центр города","dc":1,"n":452.08,"vc":"28228","sl":"Элитный","sv":"10000","p":10.22,"q":10.06,"b":2.06,"ms":1.72,"wi":19.23,"ei":4.49,"as":270.88,"mi":"E","mv":582310,"sc":2,"lpe":96.39,"lpr":13.46,"lq":1.0,"d":1469374},{"pi":"1489","pc":"Продукты питания","ss":1000,"td":"Центр города","dc":1,"n":212.47,"vc":"1319","sl":"Элитный","sv":"14000","p":413.0,"q":24.64,"b":2.02,"ms":5.11,"wi":88.01,"ei":6.7,"as":1123.0,"mi":"E","mv":273807,"sc":2,"lpe":91.61,"lpr":420.6,"lq":1.12,"d":873551},{"pi":"1489","pc":"Продукты питания","ss":4500,"td":"Фешенебельный район","dc":2,"n":332.35,"vc":"1506","sl":"Элитный","sv":"8960","p":500.0,"q":8.3,"b":0.0,"ms":3.27,"wi":88.01,"ei":6.7,"as":1123.0,"mi":"E","mv":273807,"sc":2,"lpe":91.61,"lpr":420.6,"lq":1.12,"d":873551},{"pi":"1489","pc":"Продукты питания","ss":22000,"td":"Центр города","dc":3,"n":341.17,"vc":"31136","sl":"Высокий","sv":"50000","p":305.0,"q":4.67,"b":0.0,"ms":14.04,"wi":88.74,"ei":6.0,"as":1057.94,"mi":"E","mv":356056,"sc":3,"lpe":81.61,"lpr":311.95,"lq":1.97,"d":930610},{"pi":"1489","pc":"Продукты питания","ss":1000,"td":"Центр города","dc":1,"n":209.18,"vc":"1323","sl":"Элитный","sv":"10000","p":350.0,"q":24.64,"b":1.86,"ms":2.81,"wi":88.74,"ei":6.0,"as":1057.94,"mi":"E","mv":356056,"sc":3,"lpe":81.61,"lpr":311.95,"lq":1.97,"d":930610},{"pi":"1489","pc":"Продукты питания","ss":7100,"td":"Фешенебельный район","dc":2,"n":235.93,"vc":"1040","sl":"Элитный","sv":"5496","p":375.0,"q":8.3,"b":0.0,"ms":1.54,"wi":88.74,"ei":6.0,"as":1057.94,"mi":"E","mv":356056,"sc":3,"lpe":81.61,"lpr":311.95,"lq":1.97,"d":930610},{"pi":"1489","pc":"Продукты питания","ss":2600,"td":"Фешенебельный район","dc":4,"n":96.7,"vc":"194","sl":"Элитный","sv":"333","p":60.0,"q":1.15,"b":0.2,"ms":0.03,"wi":45.03,"ei":10.64,"as":673.75,"mi":"E","mv":998642,"sc":6,"lpe":99.93,"lpr":98.09,"lq":1.0,"d":2541514},{"pi":"1489","pc":"Продукты питания","ss":200,"td":"Центр города","dc":1,"n":3.7,"vc":"225","sl":"Нормальный","sv":"225","p":70.0,"q":4.28,"b":0.00777777777777778,"ms":0.02,"wi":45.03,"ei":10.64,"as":673.75,"mi":"E","mv":998642,"sc":6,"lpe":99.93,"lpr":98.09,"lq":1.0,"d":2541514},{"pi":"1489","pc":"Продукты питания","ss":1100,"td":"Центр города","dc":6,"n":89.2,"vc":"834","sl":"Нормальный","sv":"119","p":15.51,"q":8.68,"b":0.0477310924369748,"ms":0.01,"wi":45.03,"ei":10.64,"as":673.75,"mi":"E","mv":998642,"sc":6,"lpe":99.93,"lpr":98.09,"lq":1.0,"d":2541514},{"pi":"1489","pc":"Продукты питания","ss":10000,"td":"Фешенебельный район","dc":9,"n":404.72,"vc":"3477","sl":"Очень низкий","sv":"10","p":144.0,"q":1.65,"b":0.0,"ms":0.0,"wi":45.03,"ei":10.64,"as":673.75,"mi":"E","mv":998642,"sc":6,"lpe":99.93,"lpr":98.09,"lq":1.0,"d":2541514},{"pi":"1489","pc":"Продукты питания","ss":10000,"td":"Центр города","dc":1,"n":218.86,"vc":"5863","sl":"Элитный","sv":"10","p":41.0,"q":4.96,"b":0.0,"ms":0.0,"wi":45.03,"ei":10.64,"as":673.75,"mi":"E","mv":998642,"sc":6,"lpe":99.93,"lpr":98.09,"lq":1.0,"d":2541514},{"pi":"1489","pc":"Продукты питания","ss":300,"td":"Центр города","dc":2,"n":8.12,"vc":"292","sl":"Высокий","sv":"2","p":2.0,"q":9.43,"b":0.125,"ms":0.0,"wi":45.03,"ei":10.64,"as":673.75,"mi":"E","mv":998642,"sc":6,"lpe":99.93,"lpr":98.09,"lq":1.0,"d":2541514},{"pi":"1489","pc":"Продукты питания","ss":200,"td":"Спальный район","dc":1,"n":112.64,"vc":"130","sl":"Элитный","sv":"1549","p":155.0,"q":5.06,"b":0.47171723692705,"ms":2.07,"wi":101.72,"ei":7.3,"as":549.44,"mi":"E","mv":74839,"sc":1,"lpe":97.93,"lpr":166.88,"lq":1.0,"d":185081},{"pi":"1489","pc":"Продукты питания","ss":10000,"td":"Пригород","dc":2,"n":387.69,"vc":"11270","sl":"Элитный","sv":"149876","p":57.0,"q":9.37,"b":0.324574448210521,"ms":6.25,"wi":59.25,"ei":8.02,"as":811.4,"mi":"E","mv":2396973,"sc":17,"lpe":91.62,"lpr":48.07,"lq":1.0,"d":4968783},{"pi":"1489","pc":"Продукты питания","ss":7000,"td":"Центр города","dc":6,"n":226.61,"vc":"10514","sl":"Очень низкий","sv":"17464","p":33.0,"q":8.47,"b":0.00491410902427852,"ms":0.73,"wi":59.25,"ei":8.02,"as":811.4,"mi":"E","mv":2396973,"sc":17,"lpe":91.62,"lpr":48.07,"lq":1.0,"d":4968783},{"pi":"1489","pc":"Продукты питания","ss":6300,"td":"Центр города","dc":6,"n":162.51,"vc":"9356","sl":"Очень низкий","sv":"16777","p":23.8,"q":9.54,"b":0.00771472849734756,"ms":0.7,"wi":59.25,"ei":8.02,"as":811.4,"mi":"E","mv":2396973,"sc":17,"lpe":91.62,"lpr":48.07,"lq":1.0,"d":4968783},{"pi":"1489","pc":"Продукты питания","ss":10000,"td":"Центр города","dc":4,"n":92.87,"vc":"3184","sl":"Элитный","sv":"8023","p":19.0,"q":1.15,"b":0.2,"ms":0.33,"wi":59.25,"ei":8.02,"as":811.4,"mi":"E","mv":2396973,"sc":17,"lpe":91.62,"lpr":48.07,"lq":1.0,"d":4968783},{"pi":"1489","pc":"Продукты питания","ss":900,"td":"Спальный район","dc":1,"n":14.29,"vc":"517","sl":"Элитный","sv":"3401","p":35.0,"q":2.36,"b":0.0,"ms":0.14,"wi":59.25,"ei":8.02,"as":811.4,"mi":"E","mv":2396973,"sc":17,"lpe":91.62,"lpr":48.07,"lq":1.0,"d":4968783},{"pi":"1489","pc":"Продукты питания","ss":500,"td":"Окраина","dc":1,"n":142.6,"vc":"620","sl":"Очень высокий","sv":"2569","p":17.0,"q":2.87,"b":0.0,"ms":0.11,"wi":59.25,"ei":8.02,"as":811.4,"mi":"E","mv":2396973,"sc":17,"lpe":91.62,"lpr":48.07,"lq":1.0,"d":4968783},{"pi":"1489","pc":"Продукты питания","ss":9400,"td":"Фешенебельный район","dc":10,"n":344.39,"vc":"4418","sl":"Низкий","sv":"1063","p":20.0,"q":1.25,"b":0.0,"ms":0.04,"wi":59.25,"ei":8.02,"as":811.4,"mi":"E","mv":2396973,"sc":17,"lpe":91.62,"lpr":48.07,"lq":1.0,"d":4968783},{"pi":"1489","pc":"Продукты питания","ss":10000,"td":"Центр города","dc":8,"n":93.27,"vc":"3193","sl":"Высокий","sv":"451","p":30.0,"q":8.52,"b":0.0672283813747228,"ms":0.02,"wi":59.25,"ei":8.02,"as":811.4,"mi":"E","mv":2396973,"sc":17,"lpe":91.62,"lpr":48.07,"lq":1.0,"d":4968783},{"pi":"1489","pc":"Продукты питания","ss":5000,"td":"Центр города","dc":6,"n":74.66,"vc":"2060","sl":"Низкий","sv":"300","p":25.0,"q":3.47,"b":0.0,"ms":0.01,"wi":59.25,"ei":8.02,"as":811.4,"mi":"E","mv":2396973,"sc":17,"lpe":91.62,"lpr":48.07,"lq":1.0,"d":4968783},{"pi":"1489","pc":"Продукты питания","ss":10000,"td":"Центр города","dc":4,"n":73.64,"vc":"2762","sl":"Очень высокий","sv":"257","p":20.0,"q":7.71,"b":0.0314007782101167,"ms":0.01,"wi":59.25,"ei":8.02,"as":811.4,"mi":"E","mv":2396973,"sc":17,"lpe":91.62,"lpr":48.07,"lq":1.0,"d":4968783},{"pi":"1489","pc":"Продукты питания","ss":100000,"td":"Фешенебельный район","dc":2,"n":684.81,"vc":"224247","sl":"Элитный","sv":"10000","p":650.0,"q":19.85,"b":0.0,"ms":13.09,"wi":65.31,"ei":5.25,"as":522.9,"mi":"E","mv":76372,"sc":1,"lpe":86.91,"lpr":171.78,"lq":2.97,"d":216300},{"pi":"1489","pc":"Продукты питания","ss":100000,"td":"Фешенебельный район","dc":2,"n":687.98,"vc":"224553","sl":"Элитный","sv":"6983","p":750.0,"q":27.82,"b":2.92,"ms":10.12,"wi":67.14,"ei":5.25,"as":404.25,"mi":"E","mv":68987,"sc":1,"lpe":89.88,"lpr":176.48,"lq":3.15,"d":199038},{"pi":"1489","pc":"Продукты питания","ss":13000,"td":"Центр города","dc":2,"n":256.11,"vc":"10216","sl":"Высокий","sv":"10000","p":245.0,"q":4.67,"b":0.0,"ms":1.56,"wi":70.44,"ei":6.28,"as":624.19,"mi":"E","mv":639229,"sc":1,"lpe":98.44,"lpr":310.54,"lq":1.0,"d":2161944},{"pi":"1489","pc":"Продукты питания","ss":100000,"td":"Фешенебельный район","dc":2,"n":605.14,"vc":"223972","sl":"Элитный","sv":"10000","p":700.0,"q":40.25,"b":4.13,"ms":1.41,"wi":77.34,"ei":6.53,"as":961.05,"mi":"E","mv":707371,"sc":2,"lpe":97.82,"lpr":251.62,"lq":1.0,"d":1923606},{"pi":"1489","pc":"Продукты питания","ss":3500,"td":"Фешенебельный район","dc":2,"n":228.04,"vc":"855","sl":"Элитный","sv":"5409","p":250.0,"q":8.37,"b":0.0,"ms":0.76,"wi":77.34,"ei":6.53,"as":961.05,"mi":"E","mv":707371,"sc":2,"lpe":97.82,"lpr":251.62,"lq":1.0,"d":1923606},{"pi":"1489","pc":"Продукты питания","ss":100000,"td":"Центр города","dc":1,"n":515.53,"vc":"766070","sl":"Очень низкий","sv":"768263","p":70.0,"q":16.33,"b":0.0,"ms":40.06,"wi":107.69,"ei":6.45,"as":681.19,"mi":"E","mv":1917556,"sc":2,"lpe":59.77,"lpr":34.67,"lq":2.26,"d":3351144},{"pi":"1489","pc":"Продукты питания","ss":1000,"td":"Фешенебельный район","dc":1,"n":183.17,"vc":"402","sl":"Элитный","sv":"3192","p":50.0,"q":8.28,"b":0.0,"ms":0.17,"wi":107.69,"ei":6.45,"as":681.19,"mi":"E","mv":1917556,"sc":2,"lpe":59.77,"lpr":34.67,"lq":2.26,"d":3351144},{"pi":"1489","pc":"Продукты питания","ss":100000,"td":"Центр города","dc":2,"n":390.41,"vc":"225468","sl":"Очень высокий","sv":"891480","p":65.0,"q":21.6,"b":0.758202001166599,"ms":57.06,"wi":66.64,"ei":6.73,"as":726.6,"mi":"D","mv":1562235,"sc":1,"lpe":42.94,"lpr":22.15,"lq":1.29,"d":3164786},{"pi":"1489","pc":"Продукты питания","ss":44400,"td":"Центр города","dc":2,"n":164.43,"vc":"5124","sl":"Элитный","sv":"17007","p":20.0,"q":7.85,"b":0.0,"ms":5.1,"wi":29.46,"ei":7.95,"as":298.73,"mi":"E","mv":333756,"sc":2,"lpe":91.34,"lpr":12.79,"lq":1.0,"d":833533},{"pi":"1489","pc":"Продукты питания","ss":10000,"td":"Центр города","dc":1,"n":181.16,"vc":"2667","sl":"Очень высокий","sv":"11894","p":25.0,"q":8.63,"b":0.0,"ms":3.56,"wi":29.46,"ei":7.95,"as":298.73,"mi":"E","mv":333756,"sc":2,"lpe":91.34,"lpr":12.79,"lq":1.0,"d":833533},{"pi":"1489","pc":"Продукты питания","ss":9000,"td":"Центр города","dc":2,"n":16.61,"vc":"857","sl":"Элитный","sv":"772","p":85.0,"q":3.9,"b":0.0,"ms":0.46,"wi":191.47,"ei":9.72,"as":2008.97,"mi":"E","mv":167002,"sc":1,"lpe":99.54,"lpr":1168.45,"lq":1.0,"d":501060},{"pi":"1489","pc":"Продукты питания","ss":100000,"td":"Фешенебельный район","dc":2,"n":518.61,"vc":"31229","sl":"Элитный","sv":"10000","p":70.0,"q":28.52,"b":1.52,"ms":15.89,"wi":55.05,"ei":6.69,"as":836.95,"mi":"E","mv":62951,"sc":1,"lpe":84.11,"lpr":133.71,"lq":7.24,"d":237098},{"pi":"1489","pc":"Продукты питания","ss":4500,"td":"Фешенебельный район","dc":2,"n":273.74,"vc":"1382","sl":"Элитный","sv":"7901","p":650.0,"q":8.32,"b":0.0,"ms":1.09,"wi":127.75,"ei":7.06,"as":1642.86,"mi":"E","mv":722978,"sc":2,"lpe":98.77,"lpr":504.88,"lq":1.0,"d":2109186},{"pi":"1489","pc":"Продукты питания","ss":21000,"td":"Центр города","dc":2,"n":221.53,"vc":"15330","sl":"Элитный","sv":"1018","p":11.0,"q":2.17,"b":0.0,"ms":0.14,"wi":127.75,"ei":7.06,"as":1642.86,"mi":"E","mv":722978,"sc":2,"lpe":98.77,"lpr":504.88,"lq":1.0,"d":2109186},{"pi":"1489","pc":"Продукты питания","ss":100000,"td":"Центр города","dc":1,"n":292.46,"vc":"79363","sl":"Очень высокий","sv":"100000","p":60.0,"q":2.64,"b":0.0,"ms":3.57,"wi":40.67,"ei":5.73,"as":513.32,"mi":"E","mv":2797470,"sc":4,"lpe":95.28,"lpr":67.34,"lq":1.0,"d":7527186},{"pi":"1489","pc":"Продукты питания","ss":100000,"td":"Спальный район","dc":2,"n":398.39,"vc":"164838","sl":"Очень высокий","sv":"30000","p":90.0,"q":12.34,"b":0.67,"ms":1.07,"wi":40.67,"ei":5.73,"as":513.32,"mi":"E","mv":2797470,"sc":4,"lpe":95.28,"lpr":67.34,"lq":1.0,"d":7527186},{"pi":"1489","pc":"Продукты питания","ss":10000,"td":"Центр города","dc":2,"n":115.76,"vc":"4795","sl":"Очень высокий","sv":"2000","p":53.0,"q":3.29,"b":0.0,"ms":0.07,"wi":40.67,"ei":5.73,"as":513.32,"mi":"E","mv":2797470,"sc":4,"lpe":95.28,"lpr":67.34,"lq":1.0,"d":7527186},{"pi":"1489","pc":"Продукты питания","ss":10000,"td":"Центр города","dc":1,"n":88.01,"vc":"3905","sl":"Элитный","sv":"25","p":53.0,"q":3.16,"b":0.72,"ms":0.0,"wi":40.67,"ei":5.73,"as":513.32,"mi":"E","mv":2797470,"sc":4,"lpe":95.28,"lpr":67.34,"lq":1.0,"d":7527186},{"pi":"1489","pc":"Продукты питания","ss":1000,"td":"Центр города","dc":1,"n":38.85,"vc":"306","sl":"Элитный","sv":"1512","p":440.0,"q":8.92,"b":0.0,"ms":1.93,"wi":76.21,"ei":6.3,"as":541.77,"mi":"E","mv":78292,"sc":2,"lpe":96.15,"lpr":391.33,"lq":1.0,"d":234171},{"pi":"1489","pc":"Продукты питания","ss":10000,"td":"Центр города","dc":4,"n":512.58,"vc":"39366","sl":"Низкий","sv":"1500","p":199.0,"q":6.68,"b":0.0,"ms":1.92,"wi":76.21,"ei":6.3,"as":541.77,"mi":"E","mv":78292,"sc":2,"lpe":96.15,"lpr":391.33,"lq":1.0,"d":234171},{"pi":"1489","pc":"Продукты питания","ss":14500,"td":"Центр города","dc":3,"n":517.23,"vc":"67446","sl":"Очень низкий","sv":"3000","p":334.0,"q":6.66,"b":0.0,"ms":2.1,"wi":80.42,"ei":5.0,"as":541.41,"mi":"E","mv":142727,"sc":1,"lpe":97.9,"lpr":455.75,"lq":1.0,"d":457963},{"pi":"1489","pc":"Продукты питания","ss":10000,"td":"Фешенебельный район","dc":1,"n":325.71,"vc":"1804","sl":"Элитный","sv":"10000","p":150.0,"q":8.28,"b":0.0,"ms":6.94,"wi":103.61,"ei":7.21,"as":1060.24,"mi":"E","mv":144172,"sc":2,"lpe":92.37,"lpr":134.17,"lq":1.0,"d":387200},{"pi":"1489","pc":"Продукты питания","ss":11000,"td":"Центр города","dc":4,"n":375.72,"vc":"18594","sl":"Нормальный","sv":"1000","p":16.0,"q":3.47,"b":0.0,"ms":0.69,"wi":103.61,"ei":7.21,"as":1060.24,"mi":"E","mv":144172,"sc":2,"lpe":92.37,"lpr":134.17,"lq":1.0,"d":387200},{"pi":"1489","pc":"Продукты питания","ss":10000,"td":"Фешенебельный район","dc":3,"n":422.03,"vc":"3096","sl":"Элитный","sv":"20000","p":8.0,"q":16.63,"b":1.95,"ms":5.3,"wi":22.26,"ei":6.08,"as":509.37,"mi":"E","mv":377536,"sc":7,"lpe":90.37,"lpr":5.23,"lq":1.01,"d":944097},{"pi":"1489","pc":"Продукты питания","ss":10000,"td":"Спальный район","dc":5,"n":241.47,"vc":"4072","sl":"Очень высокий","sv":"10058","p":5.0,"q":8.24,"b":0.0391171206999403,"ms":2.66,"wi":22.26,"ei":6.08,"as":509.37,"mi":"E","mv":377536,"sc":7,"lpe":90.37,"lpr":5.23,"lq":1.01,"d":944097},{"pi":"1489","pc":"Продукты питания","ss":10000,"td":"Центр города","dc":1,"n":124.75,"vc":"1527","sl":"Элитный","sv":"2138","p":4.0,"q":8.84,"b":0.0421000935453695,"ms":0.57,"wi":22.26,"ei":6.08,"as":509.37,"mi":"E","mv":377536,"sc":7,"lpe":90.37,"lpr":5.23,"lq":1.01,"d":944097},{"pi":"1489","pc":"Продукты питания","ss":3100,"td":"Фешенебельный район","dc":10,"n":329.45,"vc":"493","sl":"Элитный","sv":"1551","p":3.5,"q":9.0,"b":0.044287556415216,"ms":0.41,"wi":22.26,"ei":6.08,"as":509.37,"mi":"E","mv":377536,"sc":7,"lpe":90.37,"lpr":5.23,"lq":1.01,"d":944097},{"pi":"1489","pc":"Продукты питания","ss":10000,"td":"Центр города","dc":4,"n":191.16,"vc":"2495","sl":"Элитный","sv":"1339","p":6.0,"q":8.43,"b":0.0383644510828977,"ms":0.35,"wi":22.26,"ei":6.08,"as":509.37,"mi":"E","mv":377536,"sc":7,"lpe":90.37,"lpr":5.23,"lq":1.01,"d":944097},{"pi":"1489","pc":"Продукты питания","ss":500,"td":"Центр города","dc":2,"n":59.24,"vc":"255","sl":"Нормальный","sv":"700","p":4.06,"q":8.79,"b":0.0388142857142857,"ms":0.19,"wi":22.26,"ei":6.08,"as":509.37,"mi":"E","mv":377536,"sc":7,"lpe":90.37,"lpr":5.23,"lq":1.01,"d":944097},{"pi":"1489","pc":"Продукты питания","ss":600,"td":"Спальный район","dc":5,"n":90.82,"vc":"247","sl":"Очень высокий","sv":"554","p":7.22,"q":8.58,"b":0.111462093862816,"ms":0.15,"wi":22.26,"ei":6.08,"as":509.37,"mi":"E","mv":377536,"sc":7,"lpe":90.37,"lpr":5.23,"lq":1.01,"d":944097},{"pi":"1489","pc":"Продукты питания","ss":25000,"td":"Центр города","dc":1,"n":329.75,"vc":"31437","sl":"Очень высокий","sv":"100001","p":225.0,"q":13.93,"b":0.0,"ms":25.61,"wi":73.83,"ei":6.3,"as":571.53,"mi":"E","mv":390541,"sc":3,"lpe":70.53,"lpr":106.21,"lq":3.2,"d":973156},{"pi":"1489","pc":"Продукты питания","ss":100000,"td":"Фешенебельный район","dc":1,"n":629.88,"vc":"223839","sl":"Элитный","sv":"15000","p":350.0,"q":19.85,"b":0.0,"ms":3.84,"wi":73.83,"ei":6.3,"as":571.53,"mi":"E","mv":390541,"sc":3,"lpe":70.53,"lpr":106.21,"lq":3.2,"d":973156},{"pi":"1489","pc":"Продукты питания","ss":1000,"td":"Фешенебельный район","dc":1,"n":127.68,"vc":"127","sl":"Элитный","sv":"94","p":20.0,"q":7.16,"b":0.0,"ms":0.02,"wi":73.83,"ei":6.3,"as":571.53,"mi":"E","mv":390541,"sc":3,"lpe":70.53,"lpr":106.21,"lq":3.2,"d":973156},{"pi":"1489","pc":"Продукты питания","ss":10000,"td":"Окраина","dc":1,"n":279.52,"vc":"2784","sl":"Элитный","sv":"14197","p":3.34,"q":2.08,"b":0.0321976473902937,"ms":2.96,"wi":19.47,"ei":5.91,"as":526.89,"mi":"E","mv":479173,"sc":5,"lpe":92.74,"lpr":4.23,"lq":1.0,"d":1222279},{"pi":"1489","pc":"Продукты питания","ss":10000,"td":"Спальный район","dc":6,"n":111.82,"vc":"1510","sl":"Элитный","sv":"14104","p":2.67,"q":8.28,"b":0.0387677254679524,"ms":2.94,"wi":19.47,"ei":5.91,"as":526.89,"mi":"E","mv":479173,"sc":5,"lpe":92.74,"lpr":4.23,"lq":1.0,"d":1222279},{"pi":"1489","pc":"Продукты питания","ss":600,"td":"Спальный район","dc":1,"n":239.23,"vc":"783","sl":"Очень высокий","sv":"5459","p":4.0,"q":7.96,"b":0.0324784759113391,"ms":1.14,"wi":19.47,"ei":5.91,"as":526.89,"mi":"E","mv":479173,"sc":5,"lpe":92.74,"lpr":4.23,"lq":1.0,"d":1222279},{"pi":"1489","pc":"Продукты питания","ss":10000,"td":"Фешенебельный район","dc":3,"n":423.84,"vc":"3034","sl":"Очень высокий","sv":"1000","p":8.0,"q":16.63,"b":1.95,"ms":0.21,"wi":19.47,"ei":5.91,"as":526.89,"mi":"E","mv":479173,"sc":5,"lpe":92.74,"lpr":4.23,"lq":1.0,"d":1222279},{"pi":"1489","pc":"Продукты питания","ss":1200,"td":"Центр города","dc":2,"n":178.7,"vc":"735","sl":"Очень высокий","sv":"34","p":12.0,"q":10.33,"b":0.0,"ms":0.01,"wi":19.47,"ei":5.91,"as":526.89,"mi":"E","mv":479173,"sc":5,"lpe":92.74,"lpr":4.23,"lq":1.0,"d":1222279},{"pi":"1489","pc":"Продукты питания","ss":15000,"td":"Фешенебельный район","dc":1,"n":533.55,"vc":"12429","sl":"Элитный","sv":"75001","p":295.0,"q":13.93,"b":0.0,"ms":49.71,"wi":81.36,"ei":6.0,"as":546.98,"mi":"D","mv":150865,"sc":2,"lpe":43.66,"lpr":257.99,"lq":3.02,"d":453298},{"pi":"1489","pc":"Продукты питания","ss":10000,"td":"Фешенебельный район","dc":1,"n":310.62,"vc":"1706","sl":"Элитный","sv":"10000","p":275.0,"q":8.28,"b":0.0,"ms":6.63,"wi":81.36,"ei":6.0,"as":546.98,"mi":"D","mv":150865,"sc":2,"lpe":43.66,"lpr":257.99,"lq":3.02,"d":453298},{"pi":"1489","pc":"Продукты питания","ss":100000,"td":"Фешенебельный район","dc":1,"n":455.27,"vc":"41196","sl":"Элитный","sv":"100000","p":270.0,"q":38.11,"b":6.14,"ms":28.99,"wi":54.58,"ei":6.32,"as":613.74,"mi":"E","mv":344969,"sc":2,"lpe":71.0,"lpr":94.55,"lq":3.25,"d":936174},{"pi":"1489","pc":"Продукты питания","ss":10000,"td":"Центр города","dc":1,"n":108.62,"vc":"2193","sl":"Элитный","sv":"30","p":15.0,"q":4.46,"b":0.72,"ms":0.01,"wi":54.58,"ei":6.32,"as":613.74,"mi":"E","mv":344969,"sc":2,"lpe":71.0,"lpr":94.55,"lq":3.25,"d":936174},{"pi":"1489","pc":"Продукты питания","ss":1000,"td":"Фешенебельный район","dc":1,"n":612.33,"vc":"1455","sl":"Элитный","sv":"30000","p":590.0,"q":38.11,"b":6.37,"ms":62.63,"wi":100.73,"ei":10.74,"as":1420.16,"mi":"D","mv":47898,"sc":1,"lpe":37.37,"lpr":504.36,"lq":5.2,"d":130817},{"pi":"1489","pc":"Продукты питания","ss":1000,"td":"Фешенебельный район","dc":1,"n":688.63,"vc":"1484","sl":"Элитный","sv":"1908","p":250.0,"q":37.16,"b":6.37,"ms":14.23,"wi":67.84,"ei":8.33,"as":1042.93,"mi":"E","mv":13407,"sc":1,"lpe":85.77,"lpr":67.83,"lq":4.46,"d":40416},{"pi":"1489","pc":"Продукты питания","ss":200,"td":"Спальный район","dc":1,"n":1.33,"vc":"144","sl":"Нормальный","sv":"10","p":80.0,"q":2.71,"b":0.0,"ms":0.0,"wi":34.11,"ei":4.91,"as":228.12,"mi":"E","mv":357225,"sc":1,"lpe":100.0,"lpr":75.05,"lq":1.0,"d":982344},{"pi":"1489","pc":"Продукты питания","ss":100000,"td":"Фешенебельный район","dc":5,"n":353.45,"vc":"21043","sl":"Очень высокий","sv":"12608","p":52.51,"q":10.61,"b":0.12,"ms":0.53,"wi":51.76,"ei":4.41,"as":655.66,"mi":"E","mv":2395270,"sc":5,"lpe":99.45,"lpr":190.33,"lq":1.0,"d":7172110},{"pi":"1489","pc":"Продукты питания","ss":5000,"td":"Фешенебельный район","dc":6,"n":46.14,"vc":"318","sl":"Высокий","sv":"200","p":40.0,"q":8.28,"b":0.0,"ms":0.01,"wi":51.76,"ei":4.41,"as":655.66,"mi":"E","mv":2395270,"sc":5,"lpe":99.45,"lpr":190.33,"lq":1.0,"d":7172110},{"pi":"1489","pc":"Продукты питания","ss":5000,"td":"Центр города","dc":6,"n":53.11,"vc":"2223","sl":"Очень низкий","sv":"200","p":40.0,"q":6.3,"b":0.0,"ms":0.01,"wi":51.76,"ei":4.41,"as":655.66,"mi":"E","mv":2395270,"sc":5,"lpe":99.45,"lpr":190.33,"lq":1.0,"d":7172110},{"pi":"1489","pc":"Продукты питания","ss":500,"td":"Фешенебельный район","dc":2,"n":148.17,"vc":"199","sl":"Элитный","sv":"101","p":50.0,"q":5.06,"b":0.0,"ms":0.0,"wi":51.76,"ei":4.41,"as":655.66,"mi":"E","mv":2395270,"sc":5,"lpe":99.45,"lpr":190.33,"lq":1.0,"d":7172110},{"pi":"1489","pc":"Продукты питания","ss":1500,"td":"Фешенебельный район","dc":6,"n":83.42,"vc":"240","sl":"Очень высокий","sv":"71","p":30.0,"q":8.68,"b":0.127183098591549,"ms":0.0,"wi":51.76,"ei":4.41,"as":655.66,"mi":"E","mv":2395270,"sc":5,"lpe":99.45,"lpr":190.33,"lq":1.0,"d":7172110},{"pi":"1489","pc":"Продукты питания","ss":100000,"td":"Центр города","dc":1,"n":336.29,"vc":"74847","sl":"Элитный","sv":"89492","p":130.0,"q":12.74,"b":0.0,"ms":41.07,"wi":37.97,"ei":14.14,"as":304.91,"mi":"E","mv":217880,"sc":1,"lpe":58.93,"lpr":66.79,"lq":5.95,"d":699729},{"pi":"1489","pc":"Продукты питания","ss":100000,"td":"Центр города","dc":1,"n":444.57,"vc":"248361","sl":"Элитный","sv":"210246","p":65.0,"q":18.29,"b":0.0,"ms":55.44,"wi":36.7,"ei":10.61,"as":397.23,"mi":"D","mv":379242,"sc":2,"lpe":44.56,"lpr":19.12,"lq":1.22,"d":948726},{"pi":"1489","pc":"Продукты питания","ss":2600,"td":"Центр города","dc":2,"n":80.36,"vc":"987","sl":"Очень высокий","sv":"7","p":65.0,"q":10.55,"b":0.0,"ms":0.0,"wi":36.7,"ei":10.61,"as":397.23,"mi":"D","mv":379242,"sc":2,"lpe":44.56,"lpr":19.12,"lq":1.22,"d":948726},{"pi":"1489","pc":"Продукты питания","ss":10000,"td":"Фешенебельный район","dc":5,"n":355.0,"vc":"2420","sl":"Очень высокий","sv":"58","p":22.0,"q":1.93,"b":0.0,"ms":0.03,"wi":42.96,"ei":6.25,"as":568.15,"mi":"E","mv":218822,"sc":1,"lpe":99.97,"lpr":20.47,"lq":1.0,"d":482641},{"pi":"1489","pc":"Продукты питания","ss":20000,"td":"Фешенебельный район","dc":3,"n":132.33,"vc":"368","sl":"Элитный","sv":"22","p":32.0,"q":6.25,"b":0.0,"ms":0.02,"wi":71.8,"ei":6.85,"as":545.08,"mi":"E","mv":102897,"sc":1,"lpe":99.98,"lpr":191.9,"lq":1.0,"d":298366},{"pi":"1489","pc":"Продукты питания","ss":200000,"td":"Центр города","dc":1,"n":416.66,"vc":"370881","sl":"Элитный","sv":"152744","p":750.0,"q":16.9,"b":0.0,"ms":11.15,"wi":60.25,"ei":9.36,"as":614.31,"mi":"E","mv":1370227,"sc":2,"lpe":88.8,"lpr":231.24,"lq":1.73,"d":3832748},{"pi":"1489","pc":"Продукты питания","ss":21000,"td":"Центр города","dc":3,"n":226.14,"vc":"19608","sl":"Нормальный","sv":"703","p":38.0,"q":7.54,"b":0.0164153627311522,"ms":0.05,"wi":60.25,"ei":9.36,"as":614.31,"mi":"E","mv":1370227,"sc":2,"lpe":88.8,"lpr":231.24,"lq":1.73,"d":3832748},{"pi":"1489","pc":"Продукты питания","ss":10000,"td":"Окраина","dc":2,"n":325.57,"vc":"6271","sl":"Элитный","sv":"25500","p":15.6,"q":3.24,"b":0.41,"ms":19.88,"wi":25.31,"ei":8.57,"as":437.3,"mi":"E","mv":128262,"sc":2,"lpe":78.67,"lpr":15.72,"lq":1.0,"d":866793},{"pi":"1489","pc":"Продукты питания","ss":100000,"td":"Спальный район","dc":2,"n":242.36,"vc":"16984","sl":"Элитный","sv":"1864","p":25.0,"q":3.98,"b":0.0,"ms":1.45,"wi":25.31,"ei":8.57,"as":437.3,"mi":"E","mv":128262,"sc":2,"lpe":78.67,"lpr":15.72,"lq":1.0,"d":866793},{"pi":"1489","pc":"Продукты питания","ss":100000,"td":"Окраина","dc":1,"n":412.92,"vc":"44034","sl":"Очень высокий","sv":"13000","p":39.8,"q":3.24,"b":0.41,"ms":13.55,"wi":39.55,"ei":4.38,"as":267.33,"mi":"E","mv":95934,"sc":1,"lpe":86.45,"lpr":28.66,"lq":1.59,"d":219870},{"pi":"1489","pc":"Продукты питания","ss":60000,"td":"Центр города","dc":1,"n":478.84,"vc":"552480","sl":"Низкий","sv":"400000","p":40.0,"q":8.28,"b":0.0,"ms":8.73,"wi":39.97,"ei":5.34,"as":208.05,"mi":"E","mv":4583946,"sc":6,"lpe":82.87,"lpr":72.73,"lq":2.08,"d":12982716},{"pi":"1489","pc":"Продукты питания","ss":100000,"td":"Фешенебельный район","dc":1,"n":346.05,"vc":"36182","sl":"Элитный","sv":"200000","p":220.0,"q":38.11,"b":4.0,"ms":4.36,"wi":39.97,"ei":5.34,"as":208.05,"mi":"E","mv":4583946,"sc":6,"lpe":82.87,"lpr":72.73,"lq":2.08,"d":12982716},{"pi":"1489","pc":"Продукты питания","ss":110000,"td":"Центр города","dc":3,"n":284.6,"vc":"95029","sl":"Высокий","sv":"183533","p":80.0,"q":4.7,"b":1.57,"ms":4.0,"wi":39.97,"ei":5.34,"as":208.05,"mi":"E","mv":4583946,"sc":6,"lpe":82.87,"lpr":72.73,"lq":2.08,"d":12982716},{"pi":"1489","pc":"Продукты питания","ss":2400,"td":"Центр города","dc":3,"n":1.17,"vc":"2180","sl":"Очень высокий","sv":"867","p":80.0,"q":2.15,"b":0.0,"ms":0.02,"wi":39.97,"ei":5.34,"as":208.05,"mi":"E","mv":4583946,"sc":6,"lpe":82.87,"lpr":72.73,"lq":2.08,"d":12982716},{"pi":"1489","pc":"Продукты питания","ss":500,"td":"Спальный район","dc":1,"n":2.47,"vc":"580","sl":"Элитный","sv":"500","p":75.0,"q":4.96,"b":0.0,"ms":0.01,"wi":39.97,"ei":5.34,"as":208.05,"mi":"E","mv":4583946,"sc":6,"lpe":82.87,"lpr":72.73,"lq":2.08,"d":12982716},{"pi":"1489","pc":"Продукты питания","ss":2200,"td":"Центр города","dc":2,"n":80.47,"vc":"3447","sl":"Очень высокий","sv":"466","p":30.0,"q":8.35,"b":0.0613519313304721,"ms":0.01,"wi":39.97,"ei":5.34,"as":208.05,"mi":"E","mv":4583946,"sc":6,"lpe":82.87,"lpr":72.73,"lq":2.08,"d":12982716},{"pi":"1489","pc":"Продукты питания","ss":100,"td":"Спальный район","dc":1,"n":185.39,"vc":"107","sl":"Низкий","sv":"410","p":99.0,"q":8.84,"b":0.0359512195121951,"ms":0.11,"wi":42.02,"ei":10.62,"as":325.21,"mi":"E","mv":366792,"sc":3,"lpe":99.79,"lpr":81.29,"lq":1.0,"d":933330},{"pi":"1489","pc":"Продукты питания","ss":100,"td":"Центр города","dc":1,"n":172.82,"vc":"137","sl":"Низкий","sv":"334","p":98.0,"q":8.85,"b":0.0361676646706587,"ms":0.09,"wi":42.02,"ei":10.62,"as":325.21,"mi":"E","mv":366792,"sc":3,"lpe":99.79,"lpr":81.29,"lq":1.0,"d":933330},{"pi":"1489","pc":"Продукты питания","ss":100000,"td":"Центр города","dc":1,"n":0.0,"vc":"3444","sl":"Элитный","sv":"19","p":398.0,"q":39.41,"b":4.78,"ms":0.01,"wi":42.02,"ei":10.62,"as":325.21,"mi":"E","mv":366792,"sc":3,"lpe":99.79,"lpr":81.29,"lq":1.0,"d":933330},{"pi":"1489","pc":"Продукты питания","ss":10000,"td":"Окраина","dc":2,"n":68.65,"vc":"1017","sl":"Элитный","sv":"1","p":5.0,"q":1.8,"b":0.0,"ms":0.0,"wi":20.62,"ei":4.87,"as":231.05,"mi":"E","mv":270997,"sc":1,"lpe":100.0,"lpr":32.83,"lq":1.0,"d":1043796},{"pi":"1489","pc":"Продукты питания","ss":100000,"td":"Центр города","dc":5,"n":556.72,"vc":"663064","sl":"Очень низкий","sv":"24815","p":11.45,"q":10.06,"b":0.55,"ms":2.77,"wi":21.73,"ei":4.97,"as":339.62,"mi":"E","mv":895704,"sc":2,"lpe":96.62,"lpr":20.64,"lq":1.0,"d":2278596},{"pi":"1489","pc":"Продукты питания","ss":12000,"td":"Фешенебельный район","dc":2,"n":380.47,"vc":"5710","sl":"Нормальный","sv":"5472","p":20.0,"q":3.72,"b":1.02,"ms":0.61,"wi":21.73,"ei":4.97,"as":339.62,"mi":"E","mv":895704,"sc":2,"lpe":96.62,"lpr":20.64,"lq":1.0,"d":2278596},{"pi":"1489","pc":"Продукты питания","ss":1000,"td":"Центр города","dc":10,"n":602.82,"vc":"9141","sl":"Очень низкий","sv":"1347","p":150.0,"q":7.55,"b":0.0816258351893096,"ms":2.96,"wi":47.25,"ei":6.62,"as":504.0,"mi":"E","mv":45463,"sc":3,"lpe":96.56,"lpr":172.96,"lq":1.0,"d":128750},{"pi":"1489","pc":"Продукты питания","ss":1000,"td":"Центр города","dc":1,"n":3.45,"vc":"208","sl":"Элитный","sv":"182","p":100.0,"q":4.24,"b":0.0,"ms":0.4,"wi":47.25,"ei":6.62,"as":504.0,"mi":"E","mv":45463,"sc":3,"lpe":96.56,"lpr":172.96,"lq":1.0,"d":128750},{"pi":"1489","pc":"Продукты питания","ss":100,"td":"Спальный район","dc":2,"n":108.58,"vc":"41","sl":"Нормальный","sv":"37","p":160.0,"q":8.15,"b":0.0,"ms":0.08,"wi":47.25,"ei":6.62,"as":504.0,"mi":"E","mv":45463,"sc":3,"lpe":96.56,"lpr":172.96,"lq":1.0,"d":128750},{"pi":"1489","pc":"Продукты питания","ss":4500,"td":"Фешенебельный район","dc":2,"n":325.5,"vc":"1518","sl":"Элитный","sv":"7770","p":100.0,"q":8.32,"b":0.0,"ms":1.22,"wi":113.29,"ei":8.52,"as":2226.16,"mi":"E","mv":639458,"sc":2,"lpe":97.74,"lpr":67.85,"lq":1.0,"d":1235082},{"pi":"1489","pc":"Продукты питания","ss":100000,"td":"Центр города","dc":1,"n":192.89,"vc":"15134","sl":"Элитный","sv":"6710","p":30.0,"q":12.45,"b":1.37,"ms":1.05,"wi":113.29,"ei":8.52,"as":2226.16,"mi":"E","mv":639458,"sc":2,"lpe":97.74,"lpr":67.85,"lq":1.0,"d":1235082},{"pi":"1489","pc":"Продукты питания","ss":100000,"td":"Фешенебельный район","dc":2,"n":582.11,"vc":"145466","sl":"Элитный","sv":"50000","p":250.0,"q":21.26,"b":4.46,"ms":9.72,"wi":100.56,"ei":8.23,"as":1206.09,"mi":"E","mv":514362,"sc":3,"lpe":87.73,"lpr":97.5,"lq":3.45,"d":1395634},{"pi":"1489","pc":"Продукты питания","ss":140000,"td":"Центр города","dc":2,"n":452.23,"vc":"248681","sl":"Высокий","sv":"6819","p":250.0,"q":12.37,"b":1.1058586302977,"ms":1.33,"wi":100.56,"ei":8.23,"as":1206.09,"mi":"E","mv":514362,"sc":3,"lpe":87.73,"lpr":97.5,"lq":3.45,"d":1395634},{"pi":"1489","pc":"Продукты питания","ss":4500,"td":"Фешенебельный район","dc":2,"n":323.02,"vc":"1512","sl":"Элитный","sv":"6314","p":125.0,"q":8.34,"b":0.0,"ms":1.23,"wi":100.56,"ei":8.23,"as":1206.09,"mi":"E","mv":514362,"sc":3,"lpe":87.73,"lpr":97.5,"lq":3.45,"d":1395634},{"pi":"1489","pc":"Продукты питания","ss":10000,"td":"Спальный район","dc":1,"n":34.29,"vc":"1820","sl":"Элитный","sv":"28808","p":160.0,"q":11.62,"b":0.0,"ms":4.35,"wi":78.65,"ei":6.43,"as":351.11,"mi":"E","mv":662725,"sc":3,"lpe":91.27,"lpr":158.29,"lq":2.1,"d":1885836},{"pi":"1489","pc":"Продукты питания","ss":100000,"td":"Центр города","dc":2,"n":450.66,"vc":"223822","sl":"Элитный","sv":"15000","p":400.0,"q":23.02,"b":1.13,"ms":2.26,"wi":78.65,"ei":6.43,"as":351.11,"mi":"E","mv":662725,"sc":3,"lpe":91.27,"lpr":158.29,"lq":2.1,"d":1885836},{"pi":"1489","pc":"Продукты питания","ss":12500,"td":"Фешенебельный район","dc":3,"n":334.48,"vc":"3880","sl":"Элитный","sv":"14062","p":225.0,"q":8.38,"b":0.0,"ms":2.12,"wi":78.65,"ei":6.43,"as":351.11,"mi":"E","mv":662725,"sc":3,"lpe":91.27,"lpr":158.29,"lq":2.1,"d":1885836},{"pi":"1489","pc":"Продукты питания","ss":100000,"td":"Фешенебельный район","dc":1,"n":510.84,"vc":"73461","sl":"Элитный","sv":"99592","p":250.0,"q":37.46,"b":4.63,"ms":22.16,"wi":70.88,"ei":6.3,"as":344.6,"mi":"E","mv":449515,"sc":1,"lpe":77.84,"lpr":78.51,"lq":3.73,"d":1061807},{"pi":"1489","pc":"Продукты питания","ss":1400,"td":"Центр города","dc":1,"n":198.9,"vc":"1461","sl":"Элитный","sv":"15000","p":98.0,"q":8.11,"b":0.244,"ms":4.01,"wi":71.14,"ei":6.0,"as":357.48,"mi":"E","mv":374179,"sc":3,"lpe":90.2,"lpr":81.27,"lq":1.0,"d":894855},{"pi":"1489","pc":"Продукты питания","ss":110000,"td":"Спальный район","dc":1,"n":445.65,"vc":"132253","sl":"Нормальный","sv":"12658","p":220.0,"q":12.9,"b":1.98,"ms":3.38,"wi":71.14,"ei":6.0,"as":357.48,"mi":"E","mv":374179,"sc":3,"lpe":90.2,"lpr":81.27,"lq":1.0,"d":894855},{"pi":"1489","pc":"Продукты питания","ss":14000,"td":"Центр города","dc":3,"n":380.08,"vc":"30158","sl":"Нормальный","sv":"9000","p":94.0,"q":5.81,"b":0.0,"ms":2.41,"wi":71.14,"ei":6.0,"as":357.48,"mi":"E","mv":374179,"sc":3,"lpe":90.2,"lpr":81.27,"lq":1.0,"d":894855},{"pi":"1489","pc":"Продукты питания","ss":100000,"td":"Центр города","dc":2,"n":406.77,"vc":"211450","sl":"Элитный","sv":"401661","p":159.0,"q":27.74,"b":1.34000473035719,"ms":53.47,"wi":98.78,"ei":7.86,"as":1444.66,"mi":"D","mv":751171,"sc":1,"lpe":46.53,"lpr":54.56,"lq":4.16,"d":1680666},{"pi":"1489","pc":"Продукты питания","ss":100000,"td":"Центр города","dc":2,"n":375.36,"vc":"182028","sl":"Элитный","sv":"1566788","p":70.0,"q":21.39,"b":2.36826679167826,"ms":32.66,"wi":116.13,"ei":7.17,"as":2122.22,"mi":"E","mv":4797213,"sc":6,"lpe":51.01,"lpr":29.67,"lq":1.54,"d":2596850},{"pi":"1489","pc":"Продукты питания","ss":100000,"td":"Центр города","dc":2,"n":559.02,"vc":"1064474","sl":"Низкий","sv":"580002","p":70.0,"q":17.73,"b":0.0,"ms":12.09,"wi":116.13,"ei":7.17,"as":2122.22,"mi":"E","mv":4797213,"sc":6,"lpe":51.01,"lpr":29.67,"lq":1.54,"d":2596850},{"pi":"1489","pc":"Продукты питания","ss":100000,"td":"Центр города","dc":4,"n":152.37,"vc":"14218","sl":"Элитный","sv":"123095","p":44.81,"q":11.92,"b":1.57,"ms":2.57,"wi":116.13,"ei":7.17,"as":2122.22,"mi":"E","mv":4797213,"sc":6,"lpe":51.01,"lpr":29.67,"lq":1.54,"d":2596850},{"pi":"1489","pc":"Продукты питания","ss":100000,"td":"Фешенебельный район","dc":1,"n":490.29,"vc":"54969","sl":"Элитный","sv":"80000","p":70.0,"q":18.9,"b":0.0,"ms":1.67,"wi":116.13,"ei":7.17,"as":2122.22,"mi":"E","mv":4797213,"sc":6,"lpe":51.01,"lpr":29.67,"lq":1.54,"d":2596850},{"pi":"1489","pc":"Продукты питания","ss":10000,"td":"Спальный район","dc":1,"n":355.6,"vc":"14601","sl":"Элитный","sv":"192","p":55.0,"q":4.7,"b":0.0139583333333333,"ms":0.0,"wi":116.13,"ei":7.17,"as":2122.22,"mi":"E","mv":4797213,"sc":6,"lpe":51.01,"lpr":29.67,"lq":1.54,"d":2596850},{"pi":"1489","pc":"Продукты питания","ss":2100,"td":"Окраина","dc":2,"n":61.2,"vc":"683","sl":"Элитный","sv":"39","p":50.0,"q":8.21,"b":0.206153846153846,"ms":0.0,"wi":116.13,"ei":7.17,"as":2122.22,"mi":"E","mv":4797213,"sc":6,"lpe":51.01,"lpr":29.67,"lq":1.54,"d":2596850},{"pi":"1489","pc":"Продукты питания","ss":200000,"td":"Центр города","dc":2,"n":516.38,"vc":"2176320","sl":"Нормальный","sv":"2616100","p":75.0,"q":17.48,"b":3.66999859714843,"ms":24.74,"wi":102.86,"ei":10.85,"as":2744.68,"mi":"E","mv":10575469,"sc":13,"lpe":65.73,"lpr":54.72,"lq":3.38,"d":9744630},{"pi":"1489","pc":"Продукты питания","ss":100000,"td":"Центр города","dc":1,"n":411.84,"vc":"273789","sl":"Элитный","sv":"700000","p":80.06,"q":12.91,"b":4.43,"ms":6.62,"wi":102.86,"ei":10.85,"as":2744.68,"mi":"E","mv":10575469,"sc":13,"lpe":65.73,"lpr":54.72,"lq":3.38,"d":9744630},{"pi":"1489","pc":"Продукты питания","ss":300000,"td":"Фешенебельный район","dc":1,"n":407.21,"vc":"133924","sl":"Элитный","sv":"281423","p":145.0,"q":53.36,"b":1.98,"ms":2.66,"wi":102.86,"ei":10.85,"as":2744.68,"mi":"E","mv":10575469,"sc":13,"lpe":65.73,"lpr":54.72,"lq":3.38,"d":9744630},{"pi":"1489","pc":"Продукты питания","ss":100000,"td":"Фешенебельный район","dc":1,"n":365.09,"vc":"39297","sl":"Элитный","sv":"9846","p":170.0,"q":38.24,"b":4.17,"ms":0.09,"wi":102.86,"ei":10.85,"as":2744.68,"mi":"E","mv":10575469,"sc":13,"lpe":65.73,"lpr":54.72,"lq":3.38,"d":9744630},{"pi":"1489","pc":"Продукты питания","ss":10000,"td":"Окраина","dc":3,"n":215.29,"vc":"6574","sl":"Элитный","sv":"7500","p":80.0,"q":13.1,"b":0.45,"ms":0.07,"wi":102.86,"ei":10.85,"as":2744.68,"mi":"E","mv":10575469,"sc":13,"lpe":65.73,"lpr":54.72,"lq":3.38,"d":9744630},{"pi":"1489","pc":"Продукты питания","ss":20000,"td":"Центр города","dc":1,"n":150.18,"vc":"14386","sl":"Элитный","sv":"5884","p":79.99,"q":12.12,"b":0.11,"ms":0.06,"wi":102.86,"ei":10.85,"as":2744.68,"mi":"E","mv":10575469,"sc":13,"lpe":65.73,"lpr":54.72,"lq":3.38,"d":9744630},{"pi":"1489","pc":"Продукты питания","ss":10000,"td":"Центр города","dc":2,"n":112.78,"vc":"5134","sl":"Элитный","sv":"1471","p":95.25,"q":8.31,"b":0.0,"ms":0.01,"wi":102.86,"ei":10.85,"as":2744.68,"mi":"E","mv":10575469,"sc":13,"lpe":65.73,"lpr":54.72,"lq":3.38,"d":9744630},{"pi":"1489","pc":"Продукты питания","ss":100000,"td":"Фешенебельный район","dc":1,"n":313.54,"vc":"15959","sl":"Элитный","sv":"1000","p":150.0,"q":21.04,"b":3.24,"ms":0.01,"wi":102.86,"ei":10.85,"as":2744.68,"mi":"E","mv":10575469,"sc":13,"lpe":65.73,"lpr":54.72,"lq":3.38,"d":9744630},{"pi":"1489","pc":"Продукты питания","ss":100000,"td":"Центр города","dc":1,"n":106.03,"vc":"14466","sl":"Элитный","sv":"934","p":12.5,"q":3.96,"b":0.0,"ms":0.01,"wi":102.86,"ei":10.85,"as":2744.68,"mi":"E","mv":10575469,"sc":13,"lpe":65.73,"lpr":54.72,"lq":3.38,"d":9744630},{"pi":"1489","pc":"Продукты питания","ss":100000,"td":"Окраина","dc":3,"n":437.64,"vc":"210538","sl":"Низкий","sv":"293","p":150.0,"q":14.81,"b":1.58,"ms":0.0,"wi":102.86,"ei":10.85,"as":2744.68,"mi":"E","mv":10575469,"sc":13,"lpe":65.73,"lpr":54.72,"lq":3.38,"d":9744630},{"pi":"1489","pc":"Продукты питания","ss":100000,"td":"Центр города","dc":2,"n":357.94,"vc":"55373","sl":"Очень высокий","sv":"28120","p":80.06,"q":8.07,"b":0.0,"ms":9.48,"wi":101.15,"ei":4.2,"as":358.64,"mi":"E","mv":296712,"sc":2,"lpe":86.3,"lpr":51.2,"lq":2.21,"d":445356},{"pi":"1489","pc":"Продукты питания","ss":11000,"td":"Фешенебельный район","dc":2,"n":467.23,"vc":"5806","sl":"Очень высокий","sv":"12523","p":60.0,"q":4.92,"b":0.0,"ms":4.22,"wi":101.15,"ei":4.2,"as":358.64,"mi":"E","mv":296712,"sc":2,"lpe":86.3,"lpr":51.2,"lq":2.21,"d":445356},{"pi":"1489","pc":"Продукты питания","ss":30000,"td":"Центр города","dc":3,"n":365.51,"vc":"25744","sl":"Высокий","sv":"15898","p":194.0,"q":9.99,"b":0.0012177632406592,"ms":6.36,"wi":73.18,"ei":7.0,"as":362.16,"mi":"E","mv":250031,"sc":1,"lpe":93.64,"lpr":108.82,"lq":1.0,"d":664549},{"pi":"1489","pc":"Продукты питания","ss":10000,"td":"Центр города","dc":1,"n":442.91,"vc":"38493","sl":"Очень высокий","sv":"90000","p":570.0,"q":21.26,"b":0.0,"ms":9.4,"wi":66.45,"ei":6.04,"as":318.0,"mi":"E","mv":957700,"sc":4,"lpe":88.31,"lpr":238.05,"lq":2.67,"d":2877864},{"pi":"1489","pc":"Продукты питания","ss":1000,"td":"Центр города","dc":1,"n":4.03,"vc":"618","sl":"Элитный","sv":"21111","p":370.0,"q":11.81,"b":0.0,"ms":2.2,"wi":66.45,"ei":6.04,"as":318.0,"mi":"E","mv":957700,"sc":4,"lpe":88.31,"lpr":238.05,"lq":2.67,"d":2877864},{"pi":"1489","pc":"Продукты питания","ss":600,"td":"Центр города","dc":9,"n":379.77,"vc":"5436","sl":"Очень низкий","sv":"816","p":260.0,"q":8.52,"b":0.010625,"ms":0.09,"wi":66.45,"ei":6.04,"as":318.0,"mi":"E","mv":957700,"sc":4,"lpe":88.31,"lpr":238.05,"lq":2.67,"d":2877864},{"pi":"1489","pc":"Продукты питания","ss":500,"td":"Центр города","dc":1,"n":101.45,"vc":"759","sl":"Очень высокий","sv":"73","p":305.45,"q":3.56,"b":0.0,"ms":0.01,"wi":66.45,"ei":6.04,"as":318.0,"mi":"E","mv":957700,"sc":4,"lpe":88.31,"lpr":238.05,"lq":2.67,"d":2877864},{"pi":"1489","pc":"Продукты питания","ss":10000,"td":"Фешенебельный район","dc":2,"n":380.6,"vc":"4060","sl":"Элитный","sv":"14573","p":450.0,"q":4.95,"b":0.0,"ms":3.83,"wi":78.09,"ei":6.42,"as":548.1,"mi":"E","mv":380856,"sc":1,"lpe":96.17,"lpr":455.64,"lq":1.0,"d":1232684},{"pi":"1489","pc":"Продукты питания","ss":13500,"td":"Фешенебельный район","dc":3,"n":402.26,"vc":"4170","sl":"Элитный","sv":"19125","p":200.0,"q":8.3,"b":0.0,"ms":11.04,"wi":102.66,"ei":5.0,"as":366.29,"mi":"E","mv":173222,"sc":2,"lpe":88.95,"lpr":154.45,"lq":1.0,"d":454964},{"pi":"1489","pc":"Продукты питания","ss":100000,"td":"Центр города","dc":1,"n":107.12,"vc":"5002","sl":"Элитный","sv":"23","p":140.0,"q":6.42,"b":0.00434782608695652,"ms":0.01,"wi":102.66,"ei":5.0,"as":366.29,"mi":"E","mv":173222,"sc":2,"lpe":88.95,"lpr":154.45,"lq":1.0,"d":454964},{"pi":"1489","pc":"Продукты питания","ss":200000,"td":"Центр города","dc":1,"n":527.43,"vc":"1056702","sl":"Очень высокий","sv":"197806","p":255.0,"q":51.91,"b":0.0,"ms":16.12,"wi":99.69,"ei":9.31,"as":1270.5,"mi":"E","mv":1227022,"sc":2,"lpe":82.88,"lpr":113.84,"lq":5.85,"d":2836484},{"pi":"1489","pc":"Продукты питания","ss":100000,"td":"Центр города","dc":1,"n":436.78,"vc":"225926","sl":"Элитный","sv":"12215","p":300.0,"q":26.97,"b":2.7,"ms":1.0,"wi":99.69,"ei":9.31,"as":1270.5,"mi":"E","mv":1227022,"sc":2,"lpe":82.88,"lpr":113.84,"lq":5.85,"d":2836484},{"pi":"1489","pc":"Продукты питания","ss":100,"td":"Центр города","dc":2,"n":0.0,"vc":"72","sl":"Низкий","sv":"3","p":274.97,"q":2.4,"b":0.0,"ms":0.0,"wi":62.61,"ei":6.29,"as":373.31,"mi":"E","mv":289424,"sc":1,"lpe":100.0,"lpr":264.43,"lq":1.0,"d":774042},{"pi":"1489","pc":"Продукты питания","ss":2000,"td":"Центр города","dc":2,"n":206.05,"vc":"1933","sl":"Элитный","sv":"13300","p":240.0,"q":28.36,"b":1.93,"ms":4.29,"wi":51.22,"ei":6.76,"as":427.68,"mi":"E","mv":310212,"sc":3,"lpe":92.49,"lpr":117.47,"lq":1.0,"d":988934},{"pi":"1489","pc":"Продукты питания","ss":10000,"td":"Фешенебельный район","dc":2,"n":441.51,"vc":"5898","sl":"Элитный","sv":"10000","p":300.0,"q":26.73,"b":0.0,"ms":3.22,"wi":51.22,"ei":6.76,"as":427.68,"mi":"E","mv":310212,"sc":3,"lpe":92.49,"lpr":117.47,"lq":1.0,"d":988934},{"pi":"1489","pc":"Продукты питания","ss":100,"td":"Центр города","dc":2,"n":0.0,"vc":"78","sl":"Низкий","sv":"4","p":115.0,"q":2.48,"b":0.0,"ms":0.0,"wi":51.22,"ei":6.76,"as":427.68,"mi":"E","mv":310212,"sc":3,"lpe":92.49,"lpr":117.47,"lq":1.0,"d":988934},{"pi":"1489","pc":"Продукты питания","ss":10000,"td":"Центр города","dc":1,"n":331.81,"vc":"5452","sl":"Элитный","sv":"54022","p":20.0,"q":4.47,"b":3.25,"ms":60.28,"wi":53.91,"ei":5.7,"as":380.06,"mi":"D","mv":89618,"sc":1,"lpe":39.72,"lpr":49.16,"lq":2.68,"d":113064},{"pi":"1489","pc":"Продукты питания","ss":30000,"td":"Фешенебельный район","dc":1,"n":337.61,"vc":"8428","sl":"Очень высокий","sv":"40001","p":650.0,"q":13.93,"b":0.0,"ms":4.17,"wi":93.34,"ei":5.0,"as":474.39,"mi":"E","mv":960124,"sc":6,"lpe":90.78,"lpr":668.39,"lq":1.0,"d":2970884},{"pi":"1489","pc":"Продукты питания","ss":10000,"td":"Спальный район","dc":1,"n":15.86,"vc":"1862","sl":"Очень высокий","sv":"29487","p":250.0,"q":11.63,"b":5.36507613524604E-4,"ms":3.07,"wi":93.34,"ei":5.0,"as":474.39,"mi":"E","mv":960124,"sc":6,"lpe":90.78,"lpr":668.39,"lq":1.0,"d":2970884},{"pi":"1489","pc":"Продукты питания","ss":100000,"td":"Центр города","dc":1,"n":357.73,"vc":"107374","sl":"Очень высокий","sv":"10000","p":375.0,"q":23.02,"b":1.13,"ms":1.04,"wi":93.34,"ei":5.0,"as":474.39,"mi":"E","mv":960124,"sc":6,"lpe":90.78,"lpr":668.39,"lq":1.0,"d":2970884},{"pi":"1489","pc":"Продукты питания","ss":12700,"td":"Фешенебельный район","dc":3,"n":200.12,"vc":"1656","sl":"Элитный","sv":"8488","p":700.0,"q":8.78,"b":0.0,"ms":0.88,"wi":93.34,"ei":5.0,"as":474.39,"mi":"E","mv":960124,"sc":6,"lpe":90.78,"lpr":668.39,"lq":1.0,"d":2970884},{"pi":"1489","pc":"Продукты питания","ss":1800,"td":"Спальный район","dc":2,"n":0.92,"vc":"581","sl":"Очень высокий","sv":"491","p":47.0,"q":9.03,"b":6.72097759674134E-4,"ms":0.05,"wi":93.34,"ei":5.0,"as":474.39,"mi":"E","mv":960124,"sc":6,"lpe":90.78,"lpr":668.39,"lq":1.0,"d":2970884},{"pi":"1489","pc":"Продукты питания","ss":100000,"td":"Центр города","dc":2,"n":83.11,"vc":"7657","sl":"Элитный","sv":"19","p":197.03,"q":7.07,"b":0.0173684210526316,"ms":0.0,"wi":93.34,"ei":5.0,"as":474.39,"mi":"E","mv":960124,"sc":6,"lpe":90.78,"lpr":668.39,"lq":1.0,"d":2970884},{"pi":"1489","pc":"Продукты питания","ss":100,"td":"Центр города","dc":2,"n":0.19,"vc":"52","sl":"Низкий","sv":"3","p":25.04,"q":2.4,"b":0.0,"ms":0.0,"wi":22.96,"ei":6.43,"as":313.67,"mi":"E","mv":120616,"sc":1,"lpe":100.0,"lpr":28.18,"lq":1.0,"d":306540},{"pi":"1489","pc":"Продукты питания","ss":200,"td":"Спальный район","dc":1,"n":102.65,"vc":"342","sl":"Нормальный","sv":"250","p":16.26,"q":2.31,"b":0.15,"ms":0.02,"wi":17.18,"ei":17.09,"as":56.27,"mi":"E","mv":1574807,"sc":1,"lpe":99.98,"lpr":22.61,"lq":1.0,"d":3998532},{"pi":"1489","pc":"Продукты питания","ss":10000,"td":"Центр города","dc":1,"n":292.16,"vc":"5104","sl":"Элитный","sv":"47683","p":25.0,"q":4.48,"b":3.25,"ms":44.6,"wi":72.48,"ei":6.2,"as":316.9,"mi":"E","mv":106920,"sc":1,"lpe":55.4,"lpr":58.01,"lq":3.04,"d":216434},{"pi":"1489","pc":"Продукты питания","ss":100000,"td":"Центр города","dc":3,"n":378.52,"vc":"120585","sl":"Элитный","sv":"68957","p":75.0,"q":18.17,"b":0.0,"ms":6.12,"wi":64.2,"ei":7.41,"as":406.66,"mi":"E","mv":1125857,"sc":3,"lpe":88.98,"lpr":27.08,"lq":1.33,"d":733921},{"pi":"1489","pc":"Продукты питания","ss":10000,"td":"Центр города","dc":1,"n":226.13,"vc":"4802","sl":"Элитный","sv":"53731","p":25.0,"q":4.49,"b":3.25,"ms":4.77,"wi":64.2,"ei":7.41,"as":406.66,"mi":"E","mv":1125857,"sc":3,"lpe":88.98,"lpr":27.08,"lq":1.33,"d":733921},{"pi":"1489","pc":"Продукты питания","ss":100000,"td":"Фешенебельный район","dc":3,"n":407.42,"vc":"15921","sl":"Элитный","sv":"1349","p":66.0,"q":10.4,"b":0.0,"ms":0.12,"wi":64.2,"ei":7.41,"as":406.66,"mi":"E","mv":1125857,"sc":3,"lpe":88.98,"lpr":27.08,"lq":1.33,"d":733921},{"pi":"1489","pc":"Продукты питания","ss":10000,"td":"Центр города","dc":1,"n":327.51,"vc":"5439","sl":"Элитный","sv":"58497","p":20.0,"q":4.45,"b":3.25,"ms":49.49,"wi":58.69,"ei":6.1,"as":320.0,"mi":"E","mv":118196,"sc":1,"lpe":50.51,"lpr":40.91,"lq":2.25,"d":122986},{"pi":"1489","pc":"Продукты питания","ss":10000,"td":"Фешенебельный район","dc":1,"n":311.3,"vc":"2042","sl":"Элитный","sv":"10000","p":200.0,"q":8.28,"b":0.0,"ms":3.96,"wi":68.68,"ei":7.55,"as":553.24,"mi":"E","mv":252233,"sc":2,"lpe":94.24,"lpr":162.03,"lq":1.0,"d":810299},{"pi":"1489","pc":"Продукты питания","ss":10000,"td":"Центр города","dc":1,"n":226.75,"vc":"4854","sl":"Элитный","sv":"4540","p":140.0,"q":10.82,"b":0.0,"ms":1.8,"wi":68.68,"ei":7.55,"as":553.24,"mi":"E","mv":252233,"sc":2,"lpe":94.24,"lpr":162.03,"lq":1.0,"d":810299},{"pi":"1489","pc":"Продукты питания","ss":400,"td":"Фешенебельный район","dc":2,"n":82.72,"vc":"46","sl":"Элитный","sv":"11","p":100.77,"q":8.61,"b":0.09,"ms":0.01,"wi":41.55,"ei":5.79,"as":304.75,"mi":"E","mv":151029,"sc":1,"lpe":99.99,"lpr":76.76,"lq":1.0,"d":384194},{"pi":"1489","pc":"Продукты питания","ss":10000,"td":"Фешенебельный район","dc":1,"n":370.52,"vc":"2546","sl":"Элитный","sv":"10000","p":250.0,"q":8.28,"b":0.0,"ms":7.26,"wi":70.04,"ei":5.87,"as":653.67,"mi":"E","mv":137776,"sc":2,"lpe":91.22,"lpr":167.4,"lq":1.0,"d":401934},{"pi":"1489","pc":"Продукты питания","ss":1200,"td":"Центр города","dc":9,"n":517.4,"vc":"9674","sl":"Очень низкий","sv":"2094","p":160.0,"q":8.58,"b":0.00103151862464183,"ms":1.52,"wi":70.04,"ei":5.87,"as":653.67,"mi":"E","mv":137776,"sc":2,"lpe":91.22,"lpr":167.4,"lq":1.0,"d":401934},{"pi":"1489","pc":"Продукты питания","ss":10000,"td":"Центр города","dc":1,"n":299.73,"vc":"5161","sl":"Элитный","sv":"49220","p":25.0,"q":4.48,"b":3.25,"ms":44.93,"wi":72.57,"ei":6.1,"as":319.0,"mi":"E","mv":109559,"sc":2,"lpe":55.05,"lpr":55.42,"lq":2.96,"d":190480},{"pi":"1489","pc":"Продукты питания","ss":100,"td":"Центр города","dc":1,"n":5.9,"vc":"45","sl":"Высокий","sv":"30","p":60.0,"q":10.06,"b":0.0,"ms":0.03,"wi":72.57,"ei":6.1,"as":319.0,"mi":"E","mv":109559,"sc":2,"lpe":55.05,"lpr":55.42,"lq":2.96,"d":190480},{"pi":"1489","pc":"Продукты питания","ss":500,"td":"Спальный район","dc":1,"n":156.32,"vc":"670","sl":"Очень высокий","sv":"4223","p":36.02,"q":2.64,"b":0.0,"ms":0.97,"wi":25.63,"ei":7.43,"as":348.1,"mi":"E","mv":435511,"sc":1,"lpe":99.03,"lpr":45.88,"lq":1.0,"d":2040764},{"pi":"1489","pc":"Продукты питания","ss":4500,"td":"Центр города","dc":2,"n":222.63,"vc":"5209","sl":"Элитный","sv":"40424","p":120.0,"q":10.78,"b":0.0,"ms":2.68,"wi":39.2,"ei":15.63,"as":384.32,"mi":"E","mv":1511011,"sc":3,"lpe":96.65,"lpr":89.18,"lq":1.0,"d":4545297},{"pi":"1489","pc":"Продукты питания","ss":1500,"td":"Спальный район","dc":1,"n":210.99,"vc":"1997","sl":"Элитный","sv":"10000","p":100.0,"q":11.01,"b":0.0,"ms":0.66,"wi":39.2,"ei":15.63,"as":384.32,"mi":"E","mv":1511011,"sc":3,"lpe":96.65,"lpr":89.18,"lq":1.0,"d":4545297},{"pi":"1489","pc":"Продукты питания","ss":2200,"td":"Центр города","dc":3,"n":21.22,"vc":"1514","sl":"Очень низкий","sv":"160","p":6.0,"q":4.68,"b":0.0,"ms":0.01,"wi":39.2,"ei":15.63,"as":384.32,"mi":"E","mv":1511011,"sc":3,"lpe":96.65,"lpr":89.18,"lq":1.0,"d":4545297},{"pi":"1489","pc":"Продукты питания","ss":600,"td":"Центр города","dc":1,"n":137.26,"vc":"691","sl":"Низкий","sv":"300","p":50.0,"q":10.32,"b":0.0,"ms":0.07,"wi":21.72,"ei":12.43,"as":247.46,"mi":"E","mv":406884,"sc":1,"lpe":99.93,"lpr":24.04,"lq":1.0,"d":1377175},{"pi":"1489","pc":"Продукты питания","ss":10000,"td":"Центр города","dc":3,"n":407.35,"vc":"29211","sl":"Нормальный","sv":"47816","p":82.0,"q":9.31,"b":1.8,"ms":15.46,"wi":69.22,"ei":7.22,"as":769.28,"mi":"E","mv":309388,"sc":1,"lpe":84.54,"lpr":110.61,"lq":6.04,"d":870794},{"pi":"1489","pc":"Продукты питания","ss":100000,"td":"Центр города","dc":2,"n":418.6,"vc":"172437","sl":"Элитный","sv":"142935","p":60.0,"q":17.92,"b":0.0230874173575401,"ms":25.05,"wi":75.57,"ei":8.11,"as":1269.9,"mi":"E","mv":570586,"sc":1,"lpe":74.95,"lpr":27.77,"lq":1.12,"d":678178},{"pi":"1489","pc":"Продукты питания","ss":1000,"td":"Центр города","dc":1,"n":158.51,"vc":"546","sl":"Элитный","sv":"186","p":180.0,"q":8.78,"b":0.707258064516129,"ms":0.32,"wi":74.19,"ei":6.6,"as":584.33,"mi":"E","mv":57645,"sc":1,"lpe":99.68,"lpr":312.37,"lq":1.0,"d":168154},{"pi":"1489","pc":"Продукты питания","ss":1000,"td":"Фешенебельный район","dc":2,"n":515.86,"vc":"1221","sl":"Очень высокий","sv":"5754","p":200.0,"q":11.61,"b":1.62803093500174,"ms":4.74,"wi":69.48,"ei":7.76,"as":583.44,"mi":"E","mv":121281,"sc":2,"lpe":95.0,"lpr":186.52,"lq":1.0,"d":375360},{"pi":"1489","pc":"Продукты питания","ss":1000,"td":"Центр города","dc":1,"n":128.51,"vc":"611","sl":"Элитный","sv":"310","p":250.0,"q":8.84,"b":0.729967741935484,"ms":0.26,"wi":69.48,"ei":7.76,"as":583.44,"mi":"E","mv":121281,"sc":2,"lpe":95.0,"lpr":186.52,"lq":1.0,"d":375360},{"pi":"1489","pc":"Продукты питания","ss":1000,"td":"Спальный район","dc":1,"n":246.33,"vc":"1574","sl":"Элитный","sv":"43136","p":165.0,"q":14.49,"b":0.0,"ms":19.0,"wi":88.26,"ei":7.25,"as":562.28,"mi":"E","mv":227051,"sc":8,"lpe":60.06,"lpr":120.14,"lq":5.62,"d":598348},{"pi":"1489","pc":"Продукты питания","ss":1000,"td":"Спальный район","dc":1,"n":215.15,"vc":"879","sl":"Очень высокий","sv":"22507","p":125.0,"q":10.77,"b":1.26657262185098,"ms":9.91,"wi":88.26,"ei":7.25,"as":562.28,"mi":"E","mv":227051,"sc":8,"lpe":60.06,"lpr":120.14,"lq":5.62,"d":598348},{"pi":"1489","pc":"Продукты питания","ss":1000,"td":"Центр города","dc":1,"n":279.79,"vc":"1688","sl":"Очень высокий","sv":"11267","p":130.0,"q":11.61,"b":1.62841838998846,"ms":4.96,"wi":88.26,"ei":7.25,"as":562.28,"mi":"E","mv":227051,"sc":8,"lpe":60.06,"lpr":120.14,"lq":5.62,"d":598348},{"pi":"1489","pc":"Продукты питания","ss":1000,"td":"Центр города","dc":2,"n":151.0,"vc":"817","sl":"Очень высокий","sv":"6355","p":75.0,"q":11.6,"b":1.62456176239182,"ms":2.8,"wi":88.26,"ei":7.25,"as":562.28,"mi":"E","mv":227051,"sc":8,"lpe":60.06,"lpr":120.14,"lq":5.62,"d":598348},{"pi":"1489","pc":"Продукты питания","ss":1000,"td":"Фешенебельный район","dc":2,"n":479.43,"vc":"1172","sl":"Очень высокий","sv":"4389","p":130.0,"q":11.61,"b":1.62830940988836,"ms":1.93,"wi":88.26,"ei":7.25,"as":562.28,"mi":"E","mv":227051,"sc":8,"lpe":60.06,"lpr":120.14,"lq":5.62,"d":598348},{"pi":"1489","pc":"Продукты питания","ss":600,"td":"Спальный район","dc":1,"n":94.77,"vc":"348","sl":"Элитный","sv":"2000","p":90.0,"q":8.72,"b":0.0,"ms":0.88,"wi":88.26,"ei":7.25,"as":562.28,"mi":"E","mv":227051,"sc":8,"lpe":60.06,"lpr":120.14,"lq":5.62,"d":598348},{"pi":"1489","pc":"Продукты питания","ss":1000,"td":"Фешенебельный район","dc":2,"n":210.0,"vc":"256","sl":"Элитный","sv":"873","p":110.0,"q":8.29,"b":0.517731958762887,"ms":0.38,"wi":88.26,"ei":7.25,"as":562.28,"mi":"E","mv":227051,"sc":8,"lpe":60.06,"lpr":120.14,"lq":5.62,"d":598348},{"pi":"1489","pc":"Продукты питания","ss":1000,"td":"Центр города","dc":2,"n":212.6,"vc":"1156","sl":"Очень высокий","sv":"164","p":150.0,"q":6.43,"b":0.0,"ms":0.07,"wi":88.26,"ei":7.25,"as":562.28,"mi":"E","mv":227051,"sc":8,"lpe":60.06,"lpr":120.14,"lq":5.62,"d":598348},{"pi":"1489","pc":"Продукты питания","ss":5000,"td":"Центр города","dc":5,"n":279.87,"vc":"2795","sl":"Очень высокий","sv":"100","p":25.0,"q":3.47,"b":0.0,"ms":0.18,"wi":46.4,"ei":7.74,"as":407.2,"mi":"E","mv":54639,"sc":1,"lpe":99.82,"lpr":91.73,"lq":1.0,"d":165474},{"pi":"1489","pc":"Продукты питания","ss":45000,"td":"Фешенебельный район","dc":2,"n":488.59,"vc":"23690","sl":"Элитный","sv":"65647","p":395.0,"q":35.58,"b":0.0,"ms":32.42,"wi":89.42,"ei":9.5,"as":1197.0,"mi":"E","mv":202498,"sc":1,"lpe":67.58,"lpr":210.62,"lq":2.08,"d":573484},{"pi":"1489","pc":"Продукты питания","ss":100000,"td":"Фешенебельный район","dc":1,"n":553.65,"vc":"103497","sl":"Элитный","sv":"79388","p":330.0,"q":27.77,"b":3.17,"ms":25.61,"wi":98.88,"ei":9.31,"as":1312.5,"mi":"E","mv":310042,"sc":1,"lpe":74.39,"lpr":134.78,"lq":4.18,"d":871981},{"pi":"1489","pc":"Продукты питания","ss":200000,"td":"Центр города","dc":2,"n":613.63,"vc":"2995416","sl":"Очень низкий","sv":"110360","p":280.0,"q":11.81,"b":0.0,"ms":23.18,"wi":96.92,"ei":9.6,"as":1470.0,"mi":"E","mv":475999,"sc":3,"lpe":71.47,"lpr":164.8,"lq":3.92,"d":1347944},{"pi":"1489","pc":"Продукты питания","ss":12000,"td":"Спальный район","dc":1,"n":291.94,"vc":"12177","sl":"Очень высокий","sv":"15249","p":290.0,"q":11.64,"b":2.09,"ms":3.2,"wi":96.92,"ei":9.6,"as":1470.0,"mi":"E","mv":475999,"sc":3,"lpe":71.47,"lpr":164.8,"lq":3.92,"d":1347944},{"pi":"1489","pc":"Продукты питания","ss":1000,"td":"Центр города","dc":1,"n":7.55,"vc":"483","sl":"Элитный","sv":"10194","p":230.0,"q":16.85,"b":0.0,"ms":2.14,"wi":96.92,"ei":9.6,"as":1470.0,"mi":"E","mv":475999,"sc":3,"lpe":71.47,"lpr":164.8,"lq":3.92,"d":1347944},{"pi":"1489","pc":"Продукты питания","ss":1000,"td":"Спальный район","dc":1,"n":443.05,"vc":"2672","sl":"Очень высокий","sv":"13244","p":159.99,"q":7.71,"b":0.0,"ms":33.19,"wi":55.02,"ei":6.51,"as":504.0,"mi":"E","mv":39906,"sc":3,"lpe":66.54,"lpr":117.53,"lq":2.54,"d":114330},{"pi":"1489","pc":"Продукты питания","ss":1000,"td":"Центр города","dc":1,"n":172.1,"vc":"515","sl":"Элитный","sv":"57","p":150.0,"q":8.36,"b":0.645789473684211,"ms":0.14,"wi":55.02,"ei":6.51,"as":504.0,"mi":"E","mv":39906,"sc":3,"lpe":66.54,"lpr":117.53,"lq":2.54,"d":114330},{"pi":"1489","pc":"Продукты питания","ss":600,"td":"Пригород","dc":3,"n":398.09,"vc":"516","sl":"Высокий","sv":"50","p":30.0,"q":20.83,"b":5.23,"ms":0.13,"wi":55.02,"ei":6.51,"as":504.0,"mi":"E","mv":39906,"sc":3,"lpe":66.54,"lpr":117.53,"lq":2.54,"d":114330},{"pi":"1489","pc":"Продукты питания","ss":500,"td":"Центр города","dc":9,"n":418.93,"vc":"1378","sl":"Очень низкий","sv":"400","p":200.0,"q":27.82,"b":1.77,"ms":0.77,"wi":72.69,"ei":6.62,"as":475.0,"mi":"E","mv":52190,"sc":2,"lpe":99.03,"lpr":205.59,"lq":1.0,"d":147806},{"pi":"1489","pc":"Продукты питания","ss":1000,"td":"Спальный район","dc":4,"n":88.99,"vc":"265","sl":"Элитный","sv":"107","p":216.0,"q":8.56,"b":0.587476635514019,"ms":0.21,"wi":72.69,"ei":6.62,"as":475.0,"mi":"E","mv":52190,"sc":2,"lpe":99.03,"lpr":205.59,"lq":1.0,"d":147806},{"pi":"1489","pc":"Продукты питания","ss":1000,"td":"Центр города","dc":1,"n":168.66,"vc":"522","sl":"Элитный","sv":"518","p":130.0,"q":8.97,"b":0.773320463320463,"ms":1.17,"wi":56.02,"ei":6.3,"as":519.75,"mi":"E","mv":44190,"sc":1,"lpe":98.83,"lpr":167.9,"lq":1.0,"d":125146},{"pi":"1489","pc":"Продукты питания","ss":1000,"td":"Центр города","dc":1,"n":163.36,"vc":"534","sl":"Очень высокий","sv":"150","p":140.0,"q":8.74,"b":0.702,"ms":0.3,"wi":51.98,"ei":6.2,"as":518.18,"mi":"E","mv":50009,"sc":2,"lpe":99.5,"lpr":174.1,"lq":1.0,"d":145874},{"pi":"1489","pc":"Продукты питания","ss":100,"td":"Фешенебельный район","dc":1,"n":289.17,"vc":"16","sl":"Элитный","sv":"100","p":200.0,"q":13.93,"b":0.0,"ms":0.2,"wi":51.98,"ei":6.2,"as":518.18,"mi":"E","mv":50009,"sc":2,"lpe":99.5,"lpr":174.1,"lq":1.0,"d":145874},{"pi":"1489","pc":"Продукты питания","ss":1000,"td":"Фешенебельный район","dc":1,"n":264.57,"vc":"213","sl":"Элитный","sv":"7038","p":400.0,"q":8.5,"b":0.471004546746235,"ms":14.0,"wi":64.84,"ei":6.72,"as":456.0,"mi":"E","mv":50258,"sc":2,"lpe":85.24,"lpr":311.61,"lq":1.0,"d":145230},{"pi":"1489","pc":"Продукты питания","ss":1000,"td":"Центр города","dc":1,"n":162.07,"vc":"530","sl":"Элитный","sv":"381","p":250.0,"q":8.84,"b":0.731994750656168,"ms":0.76,"wi":64.84,"ei":6.72,"as":456.0,"mi":"E","mv":50258,"sc":2,"lpe":85.24,"lpr":311.61,"lq":1.0,"d":145230},{"pi":"1489","pc":"Продукты питания","ss":1100,"td":"Фешенебельный район","dc":1,"n":377.89,"vc":"439","sl":"Элитный","sv":"5477","p":65.0,"q":8.55,"b":0.159978090195362,"ms":1.78,"wi":45.48,"ei":7.34,"as":367.54,"mi":"E","mv":308259,"sc":1,"lpe":98.22,"lpr":49.86,"lq":1.0,"d":793016},{"pi":"1489","pc":"Продукты питания","ss":1000,"td":"Центр города","dc":1,"n":12.85,"vc":"367","sl":"Элитный","sv":"1919","p":80.0,"q":3.6,"b":0.0,"ms":0.86,"wi":46.37,"ei":4.26,"as":435.93,"mi":"E","mv":222140,"sc":1,"lpe":99.14,"lpr":75.21,"lq":1.0,"d":565094},{"pi":"1489","pc":"Продукты питания","ss":1000,"td":"Спальный район","dc":1,"n":357.05,"vc":"1434","sl":"Элитный","sv":"12007","p":48.0,"q":10.98,"b":1.71712084617307,"ms":43.37,"wi":47.9,"ei":6.51,"as":503.58,"mi":"D","mv":27682,"sc":4,"lpe":0.0,"lpr":37.35,"lq":3.53,"d":80987},{"pi":"1489","pc":"Продукты питания","ss":1000,"td":"Центр города","dc":1,"n":642.29,"vc":"6363","sl":"Нормальный","sv":"7001","p":50.0,"q":11.61,"b":1.87621196971861,"ms":25.29,"wi":47.9,"ei":6.51,"as":503.58,"mi":"D","mv":27682,"sc":4,"lpe":0.0,"lpr":37.35,"lq":3.53,"d":80987},{"pi":"1489","pc":"Продукты питания","ss":700,"td":"Фешенебельный район","dc":1,"n":642.29,"vc":"701","sl":"Очень высокий","sv":"6093","p":50.0,"q":11.61,"b":1.87550795995405,"ms":22.01,"wi":47.9,"ei":6.51,"as":503.58,"mi":"D","mv":27682,"sc":4,"lpe":0.0,"lpr":37.35,"lq":3.53,"d":80987},{"pi":"1489","pc":"Продукты питания","ss":1000,"td":"Центр города","dc":2,"n":386.7,"vc":"1506","sl":"Очень низкий","sv":"1583","p":50.0,"q":11.61,"b":1.87533164876816,"ms":5.72,"wi":47.9,"ei":6.51,"as":503.58,"mi":"D","mv":27682,"sc":4,"lpe":0.0,"lpr":37.35,"lq":3.53,"d":80987},{"pi":"1489","pc":"Продукты питания","ss":1000,"td":"Центр города","dc":6,"n":77.99,"vc":"267","sl":"Высокий","sv":"16","p":108.0,"q":6.88,"b":0.458125,"ms":0.06,"wi":50.74,"ei":6.3,"as":511.01,"mi":"E","mv":28190,"sc":1,"lpe":99.94,"lpr":176.37,"lq":1.0,"d":93025},{"pi":"1489","pc":"Продукты питания","ss":1300,"td":"Спальный район","dc":7,"n":137.39,"vc":"606","sl":"Нормальный","sv":"1643","p":81.0,"q":8.5,"b":0.0,"ms":1.11,"wi":53.14,"ei":4.89,"as":399.11,"mi":"E","mv":147416,"sc":1,"lpe":98.89,"lpr":96.97,"lq":1.0,"d":498557},{"pi":"1489","pc":"Продукты питания","ss":2000,"td":"Фешенебельный район","dc":2,"n":168.63,"vc":"338","sl":"Элитный","sv":"629","p":61.0,"q":8.68,"b":0.0,"ms":0.2,"wi":50.42,"ei":7.85,"as":496.57,"mi":"E","mv":316914,"sc":1,"lpe":99.8,"lpr":88.25,"lq":1.0,"d":924530},{"pi":"1489","pc":"Продукты питания","ss":1000,"td":"Центр города","dc":1,"n":353.1,"vc":"1387","sl":"Низкий","sv":"1","p":180.0,"q":8.06,"b":0.0,"ms":0.0,"wi":50.7,"ei":6.73,"as":507.15,"mi":"E","mv":35936,"sc":3,"lpe":99.99,"lpr":144.76,"lq":1.0,"d":104817},{"pi":"1489","pc":"Продукты питания","ss":1000,"td":"Фешенебельный район","dc":1,"n":319.94,"vc":"173","sl":"Нормальный","sv":"1","p":160.0,"q":8.06,"b":0.0,"ms":0.0,"wi":50.7,"ei":6.73,"as":507.15,"mi":"E","mv":35936,"sc":3,"lpe":99.99,"lpr":144.76,"lq":1.0,"d":104817},{"pi":"1489","pc":"Продукты питания","ss":1000,"td":"Спальный район","dc":2,"n":326.12,"vc":"894","sl":"Очень низкий","sv":"1","p":181.61,"q":8.06,"b":0.0,"ms":0.0,"wi":50.7,"ei":6.73,"as":507.15,"mi":"E","mv":35936,"sc":3,"lpe":99.99,"lpr":144.76,"lq":1.0,"d":104817},{"pi":"1489","pc":"Продукты питания","ss":200000,"td":"Центр города","dc":2,"n":558.06,"vc":"2449456","sl":"Низкий","sv":"150000","p":200.0,"q":14.74,"b":0.0,"ms":11.67,"wi":48.46,"ei":12.08,"as":459.52,"mi":"E","mv":1284983,"sc":2,"lpe":88.33,"lpr":126.48,"lq":2.54,"d":3957256},{"pi":"1489","pc":"Продукты питания","ss":2000,"td":"Спальный район","dc":1,"n":55.63,"vc":"936","sl":"Элитный","sv":"16","p":25.0,"q":6.05,"b":0.064375,"ms":0.0,"wi":48.46,"ei":12.08,"as":459.52,"mi":"E","mv":1284983,"sc":2,"lpe":88.33,"lpr":126.48,"lq":2.54,"d":3957256},{"pi":"1489","pc":"Продукты питания","ss":1000,"td":"Спальный район","dc":1,"n":373.72,"vc":"1176","sl":"Низкий","sv":"3512","p":200.0,"q":11.61,"b":1.87632972665148,"ms":9.61,"wi":49.7,"ei":6.62,"as":507.15,"mi":"E","mv":36554,"sc":3,"lpe":90.35,"lpr":135.41,"lq":2.47,"d":106621},{"pi":"1489","pc":"Продукты питания","ss":200,"td":"Пригород","dc":1,"n":4.09,"vc":"36","sl":"Элитный","sv":"13","p":171.0,"q":3.71,"b":0.0,"ms":0.04,"wi":49.7,"ei":6.62,"as":507.15,"mi":"E","mv":36554,"sc":3,"lpe":90.35,"lpr":135.41,"lq":2.47,"d":106621},{"pi":"1489","pc":"Продукты питания","ss":200,"td":"Пригород","dc":1,"n":0.0,"vc":"35","sl":"Элитный","sv":"1","p":200.0,"q":3.71,"b":0.0,"ms":0.0,"wi":49.7,"ei":6.62,"as":507.15,"mi":"E","mv":36554,"sc":3,"lpe":90.35,"lpr":135.41,"lq":2.47,"d":106621}]