[{"pi":"373199","pc":"Товары для дома","ss":10000,"td":"Центр города","dc":3,"n":323.65,"vc":"11421","sl":"Очень высокий","sv":"20","p":118000.0,"q":11.51,"b":0.0,"ms":0.77,"wi":37.95,"ei":7.19,"as":1002.4,"mi":"E","mv":2604,"sc":1,"lpe":99.23,"lpr":39450.97,"lq":1.0,"d":1111176},{"pi":"373199","pc":"Товары для дома","ss":10000,"td":"Центр города","dc":1,"n":421.29,"vc":"28918","sl":"Очень высокий","sv":"60","p":135000.0,"q":11.51,"b":1.32,"ms":0.42,"wi":62.72,"ei":7.0,"as":1148.0,"mi":"E","mv":14128,"sc":2,"lpe":99.43,"lpr":54496.21,"lq":1.0,"d":2007074},{"pi":"373199","pc":"Товары для дома","ss":6000,"td":"Центр города","dc":1,"n":141.14,"vc":"4256","sl":"Элитный","sv":"20","p":55000.0,"q":7.73,"b":0.0,"ms":0.14,"wi":62.72,"ei":7.0,"as":1148.0,"mi":"E","mv":14128,"sc":2,"lpe":99.43,"lpr":54496.21,"lq":1.0,"d":2007074},{"pi":"373199","pc":"Товары для дома","ss":6000,"td":"Центр города","dc":1,"n":163.06,"vc":"2828","sl":"Элитный","sv":"19","p":51000.0,"q":7.73,"b":0.0,"ms":0.29,"wi":56.61,"ei":7.0,"as":1036.07,"mi":"E","mv":6662,"sc":1,"lpe":99.71,"lpr":50082.59,"lq":1.0,"d":1285176},{"pi":"373199","pc":"Товары для дома","ss":10000,"td":"Спальный район","dc":2,"n":458.88,"vc":"20586","sl":"Очень высокий","sv":"30","p":115000.0,"q":11.51,"b":0.33,"ms":1.18,"wi":49.39,"ei":7.0,"as":1230.33,"mi":"E","mv":2551,"sc":2,"lpe":97.65,"lpr":50647.89,"lq":1.0,"d":781464},{"pi":"373199","pc":"Товары для дома","ss":6000,"td":"Центр города","dc":1,"n":188.65,"vc":"2841","sl":"Элитный","sv":"30","p":52000.0,"q":7.73,"b":0.0,"ms":1.18,"wi":49.39,"ei":7.0,"as":1230.33,"mi":"E","mv":2551,"sc":2,"lpe":97.65,"lpr":50647.89,"lq":1.0,"d":781464},{"pi":"373199","pc":"Товары для дома","ss":100000,"td":"Центр города","dc":1,"n":408.83,"vc":"233606","sl":"Очень высокий","sv":"153","p":415600.0,"q":13.02,"b":4.05,"ms":1.25,"wi":58.91,"ei":7.0,"as":1299.6,"mi":"E","mv":12227,"sc":6,"lpe":96.38,"lpr":58093.24,"lq":1.0,"d":2111474},{"pi":"373199","pc":"Товары для дома","ss":50000,"td":"Центр города","dc":2,"n":381.91,"vc":"70488","sl":"Элитный","sv":"124","p":349900.92,"q":11.61,"b":2.63,"ms":1.01,"wi":58.91,"ei":7.0,"as":1299.6,"mi":"E","mv":12227,"sc":6,"lpe":96.38,"lpr":58093.24,"lq":1.0,"d":2111474},{"pi":"373199","pc":"Товары для дома","ss":10000,"td":"Центр города","dc":1,"n":417.81,"vc":"28687","sl":"Элитный","sv":"80","p":163000.0,"q":11.51,"b":0.33,"ms":0.65,"wi":58.91,"ei":7.0,"as":1299.6,"mi":"E","mv":12227,"sc":6,"lpe":96.38,"lpr":58093.24,"lq":1.0,"d":2111474},{"pi":"373199","pc":"Товары для дома","ss":30000,"td":"Центр города","dc":2,"n":390.32,"vc":"77572","sl":"Очень высокий","sv":"55","p":120000.0,"q":12.72,"b":2.73,"ms":0.45,"wi":58.91,"ei":7.0,"as":1299.6,"mi":"E","mv":12227,"sc":6,"lpe":96.38,"lpr":58093.24,"lq":1.0,"d":2111474},{"pi":"373199","pc":"Товары для дома","ss":6000,"td":"Центр города","dc":1,"n":138.26,"vc":"2830","sl":"Элитный","sv":"30","p":73000.0,"q":7.73,"b":0.0,"ms":0.25,"wi":58.91,"ei":7.0,"as":1299.6,"mi":"E","mv":12227,"sc":6,"lpe":96.38,"lpr":58093.24,"lq":1.0,"d":2111474},{"pi":"373199","pc":"Товары для дома","ss":121000,"td":"Центр города","dc":4,"n":394.32,"vc":"236850","sl":"Очень высокий","sv":"1","p":420000.0,"q":9.74,"b":0.0,"ms":0.01,"wi":58.91,"ei":7.0,"as":1299.6,"mi":"E","mv":12227,"sc":6,"lpe":96.38,"lpr":58093.24,"lq":1.0,"d":2111474},{"pi":"373199","pc":"Товары для дома","ss":60000,"td":"Центр города","dc":1,"n":369.41,"vc":"181348","sl":"Элитный","sv":"2119","p":300000.0,"q":13.96,"b":3.05,"ms":6.29,"wi":79.78,"ei":9.46,"as":2502.0,"mi":"E","mv":33711,"sc":7,"lpe":91.54,"lpr":60264.74,"lq":1.0,"d":9185246},{"pi":"373199","pc":"Товары для дома","ss":100000,"td":"Центр города","dc":1,"n":345.8,"vc":"213171","sl":"Элитный","sv":"219","p":300000.0,"q":10.18,"b":0.805479452054795,"ms":0.65,"wi":79.78,"ei":9.46,"as":2502.0,"mi":"E","mv":33711,"sc":7,"lpe":91.54,"lpr":60264.74,"lq":1.0,"d":9185246},{"pi":"373199","pc":"Товары для дома","ss":30000,"td":"Центр города","dc":2,"n":321.33,"vc":"48512","sl":"Элитный","sv":"185","p":270000.0,"q":12.97,"b":0.7,"ms":0.55,"wi":79.78,"ei":9.46,"as":2502.0,"mi":"E","mv":33711,"sc":7,"lpe":91.54,"lpr":60264.74,"lq":1.0,"d":9185246},{"pi":"373199","pc":"Товары для дома","ss":100000,"td":"Центр города","dc":2,"n":294.87,"vc":"87086","sl":"Элитный","sv":"142","p":320000.0,"q":10.93,"b":0.81,"ms":0.42,"wi":79.78,"ei":9.46,"as":2502.0,"mi":"E","mv":33711,"sc":7,"lpe":91.54,"lpr":60264.74,"lq":1.0,"d":9185246},{"pi":"373199","pc":"Товары для дома","ss":90000,"td":"Пригород","dc":4,"n":441.69,"vc":"130711","sl":"Очень высокий","sv":"100","p":216000.0,"q":12.13,"b":0.12,"ms":0.3,"wi":79.78,"ei":9.46,"as":2502.0,"mi":"E","mv":33711,"sc":7,"lpe":91.54,"lpr":60264.74,"lq":1.0,"d":9185246},{"pi":"373199","pc":"Товары для дома","ss":10000,"td":"Спальный район","dc":2,"n":203.36,"vc":"7370","sl":"Элитный","sv":"57","p":222000.0,"q":11.34,"b":0.29,"ms":0.17,"wi":79.78,"ei":9.46,"as":2502.0,"mi":"E","mv":33711,"sc":7,"lpe":91.54,"lpr":60264.74,"lq":1.0,"d":9185246},{"pi":"373199","pc":"Товары для дома","ss":6000,"td":"Центр города","dc":1,"n":77.89,"vc":"4662","sl":"Элитный","sv":"30","p":100000.0,"q":7.73,"b":0.0,"ms":0.09,"wi":79.78,"ei":9.46,"as":2502.0,"mi":"E","mv":33711,"sc":7,"lpe":91.54,"lpr":60264.74,"lq":1.0,"d":9185246},{"pi":"373199","pc":"Товары для дома","ss":10000,"td":"Центр города","dc":1,"n":392.38,"vc":"13090","sl":"Элитный","sv":"50","p":148000.0,"q":11.51,"b":0.0,"ms":2.15,"wi":61.17,"ei":7.54,"as":1230.25,"mi":"E","mv":2325,"sc":2,"lpe":96.56,"lpr":60437.72,"lq":1.0,"d":384017},{"pi":"373199","pc":"Товары для дома","ss":10000,"td":"Центр города","dc":1,"n":256.23,"vc":"4782","sl":"Элитный","sv":"30","p":61000.0,"q":7.73,"b":0.0,"ms":1.29,"wi":61.17,"ei":7.54,"as":1230.25,"mi":"E","mv":2325,"sc":2,"lpe":96.56,"lpr":60437.72,"lq":1.0,"d":384017}]