[{"d":"10.09.2018","r":98.0,"q":5.77,"p":4000000.0,"s":[{"cn":"Yellow Rose","ui":"7844448","t":413.0,"r":98.0,"q":5.77,"p":4000000.0,"mot":"U","mo":98.0},{"cn":"","ui":"","t":0.0,"r":0.0,"q":0.0,"p":0.0,"mot":"L","mo":0.0}]},{"d":"12.09.2018","r":203.0,"q":5.81,"p":4000000.0,"s":[{"cn":"Yellow Rose","ui":"7844448","t":563.0,"r":203.0,"q":5.81,"p":4000000.0,"mot":"U","mo":203.0},{"cn":"","ui":"","t":0.0,"r":0.0,"q":0.0,"p":0.0,"mot":"L","mo":0.0}]},{"d":"13.09.2018","r":382.0,"q":5.82,"p":4000000.0,"s":[{"cn":"Yellow Rose","ui":"7844448","t":852.0,"r":382.0,"q":5.82,"p":4000000.0,"mot":"U","mo":382.0},{"cn":"","ui":"","t":0.0,"r":0.0,"q":0.0,"p":0.0,"mot":"L","mo":0.0}]},{"d":"14.09.2018","r":355.0,"q":5.83,"p":4000000.0,"s":[{"cn":"Yellow Rose","ui":"7844448","t":845.0,"r":355.0,"q":5.83,"p":4000000.0,"mot":"U","mo":355.0},{"cn":"","ui":"","t":0.0,"r":0.0,"q":0.0,"p":0.0,"mot":"L","mo":0.0}]},{"d":"17.09.2018","r":353.0,"q":5.83,"p":4000000.0,"s":[{"cn":"Yellow Rose","ui":"7844448","t":743.0,"r":353.0,"q":5.83,"p":4000000.0,"mot":"U","mo":353.0},{"cn":"","ui":"","t":0.0,"r":0.0,"q":0.0,"p":0.0,"mot":"L","mo":0.0}]},{"d":"18.09.2018","r":448.0,"q":5.93,"p":4000000.0,"s":[{"cn":"Yellow Rose","ui":"7844448","t":838.0,"r":448.0,"q":5.93,"p":4000000.0,"mot":"U","mo":448.0},{"cn":"","ui":"","t":0.0,"r":0.0,"q":0.0,"p":0.0,"mot":"L","mo":0.0}]},{"d":"19.09.2018","r":646.0,"q":5.99,"p":3500000.0,"s":[{"cn":"Yellow Rose","ui":"7844448","t":937.0,"r":646.0,"q":5.99,"p":3500000.0,"mot":"U","mo":646.0},{"cn":"","ui":"","t":0.0,"r":0.0,"q":0.0,"p":0.0,"mot":"L","mo":0.0}]},{"d":"20.09.2018","r":844.0,"q":6.02,"p":3496445.5,"s":[{"cn":"Yellow Rose","ui":"7844448","t":1134.0,"r":842.0,"q":6.03,"p":3500000.0,"mot":"U","mo":842.0},{"cn":"","ui":"","t":29.0,"r":2.0,"q":1.17,"p":2000000.0,"mot":"L","mo":2.0}]},{"d":"21.09.2018","r":935.0,"q":6.04,"p":3496791.44,"s":[{"cn":"Yellow Rose","ui":"7844448","t":1538.0,"r":933.0,"q":6.05,"p":3500000.0,"mot":"U","mo":933.0},{"cn":"","ui":"","t":42.0,"r":2.0,"q":1.24,"p":2000000.0,"mot":"L","mo":2.0}]},{"d":"24.09.2018","r":2092.0,"q":6.07,"p":3498757.17,"s":[{"cn":"Yellow Rose","ui":"7844448","t":2183.0,"r":2090.0,"q":6.07,"p":3500000.0,"mot":"U","mo":2090.0},{"cn":"","ui":"","t":83.0,"r":2.0,"q":1.12,"p":2200000.0,"mot":"L","mo":2.0}]},{"d":"25.09.2018","r":2400.0,"q":6.07,"p":3500000.0,"s":[{"cn":"Yellow Rose","ui":"7844448","t":2494.0,"r":2400.0,"q":6.07,"p":3500000.0,"mot":"U","mo":2400.0},{"cn":"","ui":"","t":0.0,"r":0.0,"q":0.0,"p":0.0,"mot":"L","mo":0.0}]},{"d":"26.09.2018","r":1225.0,"q":6.04,"p":2991020.41,"s":[{"cn":"Yellow Rose","ui":"7844448","t":2608.0,"r":1215.0,"q":6.08,"p":3000000.0,"mot":"U","mo":1215.0},{"cn":"","ui":"","t":82.0,"r":10.0,"q":1.12,"p":1900000.0,"mot":"L","mo":10.0}]},{"d":"28.09.2018","r":1241.0,"q":6.05,"p":2983883.96,"s":[{"cn":"Yellow Rose","ui":"7844448","t":1624.0,"r":1231.0,"q":6.09,"p":3000000.0,"mot":"U","mo":1231.0},{"cn":"","ui":"","t":82.0,"r":10.0,"q":1.12,"p":1000000.0,"mot":"L","mo":10.0}]},{"d":"01.02.2019","r":46585.0,"q":11.34,"p":641370.16,"s":[{"cn":"Манарх Инвест","ui":"7887700","t":42840.0,"r":42840.0,"q":11.38,"p":600000.0,"mot":"U","mo":42840.0},{"cn":"","ui":"","t":7759.0,"r":3745.0,"q":10.84,"p":1114613.89,"mot":"L","mo":3745.0}]},{"d":"04.02.2019","r":51449.0,"q":11.4,"p":646920.25,"s":[{"cn":"Манарх Инвест","ui":"7887700","t":45491.0,"r":45491.0,"q":11.41,"p":600000.0,"mot":"U","mo":45491.0},{"cn":"Геров Инвест","ui":"7880022","t":3708.0,"r":3698.0,"q":11.96,"p":600000.0,"mot":"U","mo":3698.0},{"cn":"","ui":"","t":5493.0,"r":2260.0,"q":10.24,"p":1668141.59,"mot":"L","mo":2260.0}]},{"d":"05.02.2019","r":53371.0,"q":11.41,"p":647389.03,"s":[{"cn":"Манарх Инвест","ui":"7887700","t":46374.0,"r":46374.0,"q":11.42,"p":600000.0,"mot":"U","mo":46374.0},{"cn":"Геров Инвест","ui":"7880022","t":4576.0,"r":4575.0,"q":11.95,"p":600000.0,"mot":"U","mo":4575.0},{"cn":"","ui":"","t":5404.0,"r":2422.0,"q":10.24,"p":1644260.94,"mot":"L","mo":2422.0}]},{"d":"06.02.2019","r":55367.0,"q":11.43,"p":648606.57,"s":[{"cn":"Манарх Инвест","ui":"7887700","t":47257.0,"r":47257.0,"q":11.43,"p":600000.0,"mot":"U","mo":47257.0},{"cn":"Геров Инвест","ui":"7880022","t":7529.0,"r":5652.0,"q":11.94,"p":600000.0,"mot":"U","mo":5652.0},{"cn":"","ui":"","t":5190.0,"r":2458.0,"q":10.28,"p":1694873.88,"mot":"L","mo":2458.0}]},{"d":"07.02.2019","r":57722.0,"q":11.45,"p":648951.87,"s":[{"cn":"Манарх Инвест","ui":"7887700","t":48140.0,"r":48140.0,"q":11.44,"p":600000.0,"mot":"U","mo":48140.0},{"cn":"Геров Инвест","ui":"7880022","t":8606.0,"r":7028.0,"q":11.93,"p":600000.0,"mot":"U","mo":7028.0},{"cn":"","ui":"","t":5036.0,"r":2554.0,"q":10.3,"p":1706342.99,"mot":"L","mo":2554.0}]},{"d":"08.02.2019","r":53002.0,"q":11.4,"p":655846.95,"s":[{"cn":"Манарх Инвест","ui":"7887700","t":49023.0,"r":49023.0,"q":11.45,"p":600000.0,"mot":"U","mo":49023.0},{"cn":"","ui":"","t":14863.0,"r":3979.0,"q":10.85,"p":1343905.5,"mot":"L","mo":3979.0}]}]