[{"d":"17.10.2016","r":150.0,"q":1.0,"p":108.1,"s":[{"ui":"7885123","t":150.0,"r":150.0,"q":1.0,"p":108.1,"mot":"U","mo":150.0},{"cn":"","ui":"","t":0.0,"r":0.0,"q":0.0,"p":0.0,"mot":"L","mo":0.0}]},{"d":"21.10.2016","r":90.0,"q":1.0,"p":78.0,"s":[{"ui":"7895927","t":90.0,"r":90.0,"q":1.0,"p":78.0,"mot":"U","mo":90.0},{"cn":"","ui":"","t":0.0,"r":0.0,"q":0.0,"p":0.0,"mot":"L","mo":0.0}]},{"d":"22.10.2016","r":0.0,"q":0.0,"p":0.0,"s":[{"cn":"","ui":"","t":0.0,"r":0.0,"q":0.0,"p":0.0,"mot":"L","mo":0.0}]},{"d":"01.05.2017","r":1000.0,"q":1.0,"p":52.9,"s":[{"cn":"Calvo Figorelli Invest","ui":"8142121","t":1000.0,"r":1000.0,"q":1.0,"p":52.9,"mot":"U","mo":1000.0},{"cn":"","ui":"","t":0.0,"r":0.0,"q":0.0,"p":0.0,"mot":"L","mo":0.0}]},{"d":"23.05.2018","r":1000.0,"q":1.0,"p":70.0,"s":[{"cn":"Masterdog Limited","ui":"8557615","t":1000.0,"r":1000.0,"q":1.0,"p":70.0,"mot":"U","mo":1000.0},{"cn":"","ui":"","t":0.0,"r":0.0,"q":0.0,"p":0.0,"mot":"L","mo":0.0}]},{"d":"24.05.2018","r":0.0,"q":0.0,"p":0.0,"s":[{"cn":"","ui":"","t":0.0,"r":0.0,"q":0.0,"p":0.0,"mot":"L","mo":0.0}]},{"d":"21.02.2019","r":1000.0,"q":1.0,"p":73.3,"s":[{"cn":"Lommel Inc.","ui":"8858642","t":1000.0,"r":1000.0,"q":1.0,"p":73.3,"mot":"U","mo":1000.0},{"cn":"","ui":"","t":0.0,"r":0.0,"q":0.0,"p":0.0,"mot":"L","mo":0.0}]},{"d":"25.02.2019","r":102.0,"q":1.0,"p":72.63,"s":[{"cn":"Clothing Ltd.","ui":"8862048","t":102.0,"r":102.0,"q":1.0,"p":72.63,"mot":"U","mo":102.0},{"cn":"","ui":"","t":0.0,"r":0.0,"q":0.0,"p":0.0,"mot":"L","mo":0.0}]},{"d":"28.10.2019","r":34.0,"q":1.0,"p":75.0,"s":[{"cn":"Lxn194127W. Ltd","ui":"9186122","t":34.0,"r":34.0,"q":1.0,"p":75.0,"mot":"U","mo":34.0},{"cn":"","ui":"","t":0.0,"r":0.0,"q":0.0,"p":0.0,"mot":"L","mo":0.0}]},{"d":"29.10.2019","r":58.0,"q":1.0,"p":75.0,"s":[{"cn":"Lxn194127W. Ltd","ui":"9186122","t":58.0,"r":58.0,"q":1.0,"p":75.0,"mot":"U","mo":58.0},{"cn":"","ui":"","t":0.0,"r":0.0,"q":0.0,"p":0.0,"mot":"L","mo":0.0}]},{"d":"27.12.2019","r":50.0,"q":1.0,"p":80.0,"s":[{"cn":"Mutahaaydin Limited","ui":"9282451","t":50.0,"r":50.0,"q":1.0,"p":80.0,"mot":"U","mo":50.0},{"cn":"","ui":"","t":0.0,"r":0.0,"q":0.0,"p":0.0,"mot":"L","mo":0.0}]},{"d":"03.01.2020","r":90.0,"q":1.0,"p":80.0,"s":[{"cn":"beyzanurballi.1 Limited","ui":"9293058","t":90.0,"r":90.0,"q":1.0,"p":80.0,"mot":"U","mo":90.0},{"cn":"","ui":"","t":0.0,"r":0.0,"q":0.0,"p":0.0,"mot":"L","mo":0.0}]},{"d":"22.03.2022","r":800.0,"q":1.0,"p":300.0,"s":[{"cn":"Au1499217_14373 Ltd.","ui":"10561852","t":800.0,"r":800.0,"q":1.0,"p":300.0,"mot":"U","mo":800.0},{"cn":"","ui":"","t":0.0,"r":0.0,"q":0.0,"p":0.0,"mot":"L","mo":0.0}]},{"d":"24.03.2022","r":0.0,"q":0.0,"p":0.0,"s":[{"cn":"","ui":"","t":0.0,"r":0.0,"q":0.0,"p":0.0,"mot":"L","mo":0.0}]}]