[{"d":"30.07.2018","r":998783.0,"q":1.0,"p":19.63,"s":[{"cn":"pinuscz s.r.o","ui":"7829982","t":652433.0,"r":624283.0,"q":1.0,"p":20.0,"mot":"U","mo":624283.0},{"cn":"Kroko-Russia","ui":"7832788","t":374500.0,"r":374500.0,"q":1.0,"p":19.0,"mot":"U","mo":374500.0},{"cn":"","ui":"","t":0.0,"r":0.0,"q":0.0,"p":0.0,"mot":"L","mo":0.0}]},{"d":"31.07.2018","r":1099533.0,"q":1.0,"p":19.55,"s":[{"cn":"pinuscz s.r.o","ui":"7829982","t":624283.0,"r":595533.0,"q":1.0,"p":20.0,"mot":"U","mo":595533.0},{"cn":"Kroko-Russia","ui":"7832788","t":499000.0,"r":499000.0,"q":1.0,"p":19.0,"mot":"U","mo":499000.0},{"cn":"","ui":"","t":5000.0,"r":5000.0,"q":1.0,"p":21.0,"mot":"L","mo":5000.0}]},{"d":"01.08.2018","r":1196283.0,"q":1.0,"p":19.48,"s":[{"cn":"pinuscz s.r.o","ui":"7829982","t":595533.0,"r":566783.0,"q":1.0,"p":20.0,"mot":"U","mo":566783.0},{"cn":"Kroko-Russia","ui":"7832788","t":623250.0,"r":623250.0,"q":1.0,"p":19.0,"mot":"U","mo":623250.0},{"cn":"","ui":"","t":6250.0,"r":6250.0,"q":1.0,"p":21.0,"mot":"L","mo":6250.0}]},{"d":"03.08.2018","r":1283158.0,"q":1.0,"p":19.26,"s":[{"cn":"pinuscz s.r.o","ui":"7829982","t":518033.0,"r":405283.0,"q":1.0,"p":20.0,"mot":"U","mo":405283.0},{"cn":"Kroko-Russia","ui":"7832788","t":870125.0,"r":869125.0,"q":1.0,"p":19.0,"mot":"U","mo":869125.0},{"cn":"","ui":"","t":8750.0,"r":8750.0,"q":1.0,"p":11.0,"mot":"L","mo":8750.0}]},{"d":"06.08.2018","r":2809406.0,"q":1.0,"p":14.22,"s":[{"cn":"Kroko-Russia","ui":"7832788","t":1241625.0,"r":1240625.0,"q":1.0,"p":19.0,"mot":"U","mo":1240625.0},{"cn":"Umbrella Corp.","ui":"7828105","t":1491250.0,"r":1489250.0,"q":1.0,"p":10.0,"mot":"U","mo":1489250.0},{"cn":"","ui":"","t":192281.0,"r":79531.0,"q":1.0,"p":18.59,"mot":"L","mo":79531.0}]},{"d":"07.08.2018","r":3216447.0,"q":1.0,"p":13.82,"s":[{"cn":"Kroko-Russia","ui":"7832788","t":1365000.0,"r":1364000.0,"q":1.0,"p":19.0,"mot":"U","mo":1364000.0},{"cn":"Umbrella Corp.","ui":"7828105","t":1719600.0,"r":1698700.0,"q":1.0,"p":10.0,"mot":"U","mo":1698700.0},{"cn":"","ui":"","t":153747.0,"r":153747.0,"q":1.0,"p":10.09,"mot":"L","mo":153747.0}]},{"d":"08.08.2018","r":3652921.0,"q":1.0,"p":13.65,"s":[{"cn":"baysik LTD","ui":"7837945","t":230000.0,"r":230000.0,"q":1.0,"p":10.0,"mot":"U","mo":230000.0},{"cn":"Kroko-Russia","ui":"7832788","t":1488250.0,"r":1481250.0,"q":1.0,"p":19.0,"mot":"U","mo":1481250.0},{"cn":"Umbrella Corp.","ui":"7828105","t":1947575.0,"r":1926675.0,"q":1.0,"p":10.0,"mot":"U","mo":1926675.0},{"cn":"","ui":"","t":14996.0,"r":14996.0,"q":1.0,"p":11.0,"mot":"L","mo":14996.0}]},{"d":"09.08.2018","r":4244620.0,"q":1.0,"p":13.41,"s":[{"cn":"Kroko-Russia","ui":"7832788","t":1606250.0,"r":1605100.0,"q":1.0,"p":19.0,"mot":"U","mo":1605100.0},{"cn":"baysik LTD","ui":"7837945","t":355000.0,"r":355000.0,"q":1.0,"p":10.0,"mot":"U","mo":355000.0},{"cn":"Umbrella Corp.","ui":"7828105","t":2175175.0,"r":2154275.0,"q":1.0,"p":10.0,"mot":"U","mo":2154275.0},{"cn":"","ui":"","t":266245.0,"r":130245.0,"q":1.0,"p":10.12,"mot":"L","mo":130245.0}]},{"d":"10.08.2018","r":4355319.0,"q":1.0,"p":13.58,"s":[{"cn":"Kroko-Russia","ui":"7832788","t":1729975.0,"r":1728825.0,"q":1.0,"p":19.0,"mot":"U","mo":1728825.0},{"cn":"pinuscz s.r.o","ui":"7838359","t":363625.0,"r":227625.0,"q":1.0,"p":10.0,"mot":"U","mo":227625.0},{"cn":"Umbrella Corp.","ui":"7828105","t":2402275.0,"r":2381375.0,"q":1.0,"p":10.0,"mot":"U","mo":2381375.0},{"cn":"","ui":"","t":17494.0,"r":17494.0,"q":1.0,"p":11.0,"mot":"L","mo":17494.0}]},{"d":"13.08.2018","r":5862945.0,"q":1.0,"p":13.21,"s":[{"cn":"Kroko-Russia","ui":"7832788","t":2095794.0,"r":2089794.0,"q":1.0,"p":19.0,"mot":"U","mo":2089794.0},{"cn":"pinuscz s.r.o","ui":"7838359","t":703075.0,"r":566925.0,"q":1.0,"p":10.0,"mot":"U","mo":566925.0},{"cn":"Umbrella Corp.","ui":"7828105","t":3207387.0,"r":3184987.0,"q":1.0,"p":10.0,"mot":"U","mo":3184987.0},{"cn":"","ui":"","t":21239.0,"r":21239.0,"q":1.0,"p":11.0,"mot":"L","mo":21239.0}]},{"d":"14.08.2018","r":6289894.0,"q":1.0,"p":13.17,"s":[{"cn":"Kroko-Russia","ui":"7832788","t":2214544.0,"r":2213224.0,"q":1.0,"p":19.0,"mot":"U","mo":2213224.0},{"cn":"pinuscz s.r.o","ui":"7838359","t":816425.0,"r":680275.0,"q":1.0,"p":10.0,"mot":"U","mo":680275.0},{"cn":"Umbrella Corp.","ui":"7828105","t":3406508.0,"r":3373908.0,"q":1.0,"p":10.0,"mot":"U","mo":3373908.0},{"cn":"","ui":"","t":22487.0,"r":22487.0,"q":1.0,"p":11.0,"mot":"L","mo":22487.0}]},{"d":"16.08.2018","r":7138275.0,"q":1.0,"p":13.1,"s":[{"cn":"Kroko-Russia","ui":"7832788","t":2460904.0,"r":2459584.0,"q":1.0,"p":19.0,"mot":"U","mo":2459584.0},{"cn":"pinuscz s.r.o","ui":"7838359","t":1041875.0,"r":905725.0,"q":1.0,"p":10.0,"mot":"U","mo":905725.0},{"cn":"Umbrella Corp.","ui":"7828105","t":3810383.0,"r":3747983.0,"q":1.0,"p":10.0,"mot":"U","mo":3747983.0},{"cn":"","ui":"","t":24983.0,"r":24983.0,"q":1.0,"p":11.0,"mot":"L","mo":24983.0}]},{"d":"17.08.2018","r":7560902.0,"q":1.0,"p":13.08,"s":[{"cn":"Kroko-Russia","ui":"7832788","t":2583834.0,"r":2582514.0,"q":1.0,"p":19.0,"mot":"U","mo":2582514.0},{"cn":"pinuscz s.r.o","ui":"7838359","t":1153850.0,"r":1017700.0,"q":1.0,"p":10.0,"mot":"U","mo":1017700.0},{"cn":"Umbrella Corp.","ui":"7828105","t":3996858.0,"r":3934458.0,"q":1.0,"p":10.0,"mot":"U","mo":3934458.0},{"cn":"","ui":"","t":26230.0,"r":26230.0,"q":1.0,"p":11.0,"mot":"L","mo":26230.0}]},{"d":"20.08.2018","r":7469499.0,"q":1.0,"p":13.56,"s":[{"cn":"Kroko-Russia","ui":"7832788","t":2950745.0,"r":2948145.0,"q":1.0,"p":19.0,"mot":"U","mo":2948145.0},{"cn":"Umbrella Corp.","ui":"7828105","t":4553783.0,"r":4491383.0,"q":1.0,"p":10.0,"mot":"U","mo":4491383.0},{"cn":"","ui":"","t":29971.0,"r":29971.0,"q":1.0,"p":11.0,"mot":"L","mo":29971.0}]},{"d":"21.08.2018","r":7775259.0,"q":1.0,"p":13.56,"s":[{"cn":"Kroko-Russia","ui":"7832788","t":3071471.0,"r":3068871.0,"q":1.0,"p":19.0,"mot":"U","mo":3068871.0},{"cn":"Umbrella Corp.","ui":"7828105","t":4738070.0,"r":4675170.0,"q":1.0,"p":10.0,"mot":"U","mo":4675170.0},{"cn":"","ui":"","t":31218.0,"r":31218.0,"q":1.0,"p":11.0,"mot":"L","mo":31218.0}]},{"d":"22.08.2018","r":8083027.0,"q":1.0,"p":13.56,"s":[{"cn":"Kroko-Russia","ui":"7832788","t":3193871.0,"r":3191271.0,"q":1.0,"p":19.0,"mot":"U","mo":3191271.0},{"cn":"Umbrella Corp.","ui":"7828105","t":4923679.0,"r":4859288.0,"q":1.0,"p":10.0,"mot":"U","mo":4859288.0},{"cn":"","ui":"","t":32468.0,"r":32468.0,"q":1.0,"p":11.0,"mot":"L","mo":32468.0}]},{"d":"23.08.2018","r":8364329.0,"q":1.0,"p":13.54,"s":[{"cn":"Kroko-Russia","ui":"7832788","t":3288689.0,"r":3286089.0,"q":1.0,"p":19.0,"mot":"U","mo":3286089.0},{"cn":"Umbrella Corp.","ui":"7828105","t":5108913.0,"r":5044522.0,"q":1.0,"p":10.0,"mot":"U","mo":5044522.0},{"cn":"","ui":"","t":33718.0,"r":33718.0,"q":1.0,"p":11.0,"mot":"L","mo":33718.0}]},{"d":"24.08.2018","r":8551038.0,"q":1.0,"p":13.46,"s":[{"cn":"Kroko-Russia","ui":"7832788","t":3287689.0,"r":3286689.0,"q":1.0,"p":19.0,"mot":"U","mo":3286689.0},{"cn":"Umbrella Corp.","ui":"7828105","t":5293772.0,"r":5229381.0,"q":1.0,"p":10.0,"mot":"U","mo":5229381.0},{"cn":"","ui":"","t":34968.0,"r":34968.0,"q":1.0,"p":11.0,"mot":"L","mo":34968.0}]},{"d":"27.08.2018","r":9107115.0,"q":1.0,"p":13.25,"s":[{"cn":"Kroko-Russia","ui":"7832788","t":3284689.0,"r":3283689.0,"q":1.0,"p":19.0,"mot":"U","mo":3283689.0},{"cn":"Umbrella Corp.","ui":"7828105","t":5849099.0,"r":5784708.0,"q":1.0,"p":10.0,"mot":"U","mo":5784708.0},{"cn":"","ui":"","t":38718.0,"r":38718.0,"q":1.0,"p":11.0,"mot":"L","mo":38718.0}]},{"d":"28.08.2018","r":9292224.0,"q":1.0,"p":13.18,"s":[{"cn":"Kroko-Russia","ui":"7832788","t":3283689.0,"r":3282689.0,"q":1.0,"p":19.0,"mot":"U","mo":3282689.0},{"cn":"Umbrella Corp.","ui":"7828105","t":6033958.0,"r":5969567.0,"q":1.0,"p":10.0,"mot":"U","mo":5969567.0},{"cn":"","ui":"","t":39968.0,"r":39968.0,"q":1.0,"p":11.0,"mot":"L","mo":39968.0}]},{"d":"29.08.2018","r":9476958.0,"q":1.0,"p":13.12,"s":[{"cn":"Kroko-Russia","ui":"7832788","t":3282689.0,"r":3281689.0,"q":1.0,"p":19.0,"mot":"U","mo":3281689.0},{"cn":"Umbrella Corp.","ui":"7828105","t":6218442.0,"r":6154051.0,"q":1.0,"p":10.0,"mot":"U","mo":6154051.0},{"cn":"","ui":"","t":41218.0,"r":41218.0,"q":1.0,"p":11.0,"mot":"L","mo":41218.0}]},{"d":"30.08.2018","r":9661316.0,"q":1.0,"p":13.06,"s":[{"cn":"Kroko-Russia","ui":"7832788","t":3281689.0,"r":3280689.0,"q":1.0,"p":19.0,"mot":"U","mo":3280689.0},{"cn":"Umbrella Corp.","ui":"7828105","t":6402551.0,"r":6338160.0,"q":1.0,"p":10.0,"mot":"U","mo":6338160.0},{"cn":"","ui":"","t":42467.0,"r":42467.0,"q":1.0,"p":11.0,"mot":"L","mo":42467.0}]},{"d":"31.08.2018","r":9845174.0,"q":1.0,"p":13.0,"s":[{"cn":"Kroko-Russia","ui":"7832788","t":3280689.0,"r":3279689.0,"q":1.0,"p":19.0,"mot":"U","mo":3279689.0},{"cn":"Umbrella Corp.","ui":"7828105","t":6586160.0,"r":6521769.0,"q":1.0,"p":10.0,"mot":"U","mo":6521769.0},{"cn":"","ui":"","t":43716.0,"r":43716.0,"q":1.0,"p":11.0,"mot":"L","mo":43716.0}]},{"d":"03.09.2018","r":1.0478602E7,"q":1.03,"p":13.23,"s":[{"cn":"Kroko-Russia","ui":"7832788","t":3277689.0,"r":3276689.0,"q":1.0,"p":19.0,"mot":"U","mo":3276689.0},{"cn":"Umbrella Corp.","ui":"7828105","t":7120237.0,"r":7045846.0,"q":1.0,"p":10.0,"mot":"U","mo":7045846.0},{"cn":"","ui":"","t":173707.0,"r":156067.0,"q":3.21,"p":38.14,"mot":"L","mo":156067.0}]},{"d":"04.09.2018","r":1.0663495E7,"q":1.04,"p":13.21,"s":[{"cn":"Kroko-Russia","ui":"7832788","t":3276689.0,"r":3275689.0,"q":1.0,"p":19.0,"mot":"U","mo":3275689.0},{"cn":"Umbrella Corp.","ui":"7828105","t":7295096.0,"r":7220705.0,"q":1.0,"p":10.0,"mot":"U","mo":7220705.0},{"cn":"","ui":"","t":184741.0,"r":167101.0,"q":3.25,"p":38.63,"mot":"L","mo":167101.0}]},{"d":"05.09.2018","r":1.0846031E7,"q":1.03,"p":13.04,"s":[{"cn":"Kroko-Russia","ui":"7832788","t":3275689.0,"r":3274689.0,"q":1.0,"p":19.0,"mot":"U","mo":3274689.0},{"cn":"Umbrella Corp.","ui":"7828105","t":7488980.0,"r":7433989.0,"q":1.0,"p":10.0,"mot":"U","mo":7433989.0},{"cn":"","ui":"","t":175315.0,"r":137353.0,"q":3.02,"p":35.81,"mot":"L","mo":137353.0}]},{"d":"06.09.2018","r":1.1029113E7,"q":1.02,"p":12.95,"s":[{"cn":"Kroko-Russia","ui":"7832788","t":3274689.0,"r":3273689.0,"q":1.0,"p":19.0,"mot":"U","mo":3273689.0},{"cn":"Umbrella Corp.","ui":"7828105","t":7682489.0,"r":7627498.0,"q":1.0,"p":10.0,"mot":"U","mo":7627498.0},{"cn":"","ui":"","t":165888.0,"r":127926.0,"q":2.9,"p":34.39,"mot":"L","mo":127926.0}]},{"d":"07.09.2018","r":1.1211695E7,"q":1.02,"p":12.87,"s":[{"cn":"Kroko-Russia","ui":"7832788","t":3273689.0,"r":3272689.0,"q":1.0,"p":19.0,"mot":"U","mo":3272689.0},{"cn":"Umbrella Corp.","ui":"7828105","t":7875498.0,"r":7820507.0,"q":1.0,"p":10.0,"mot":"U","mo":7820507.0},{"cn":"","ui":"","t":156461.0,"r":118499.0,"q":2.77,"p":32.74,"mot":"L","mo":118499.0}]},{"d":"10.09.2018","r":1.175669E7,"q":1.01,"p":12.62,"s":[{"cn":"Kroko-Russia","ui":"7832788","t":3270689.0,"r":3269689.0,"q":1.0,"p":19.0,"mot":"U","mo":3269689.0},{"cn":"Umbrella Corp.","ui":"7828105","t":8452275.0,"r":8397284.0,"q":1.0,"p":10.0,"mot":"U","mo":8397284.0},{"cn":"","ui":"","t":127679.0,"r":89717.0,"q":2.18,"p":25.57,"mot":"L","mo":89717.0}]},{"d":"12.09.2018","r":1.5630873E7,"q":1.86,"p":29.82,"s":[{"cn":"Криптографические галлюцинации","ui":"7828693","t":3499287.0,"r":3499287.0,"q":4.82,"p":90.0,"mot":"U","mo":3499287.0},{"cn":"Kroko-Russia","ui":"7832788","t":3268689.0,"r":3267689.0,"q":1.0,"p":19.0,"mot":"U","mo":3267689.0},{"cn":"Umbrella Corp.","ui":"7828105","t":8838739.0,"r":8793748.0,"q":1.0,"p":10.0,"mot":"U","mo":8793748.0},{"cn":"","ui":"","t":108111.0,"r":70149.0,"q":1.51,"p":17.37,"mot":"L","mo":70149.0}]},{"d":"13.09.2018","r":1.5825496E7,"q":1.84,"p":29.55,"s":[{"cn":"Криптографические галлюцинации","ui":"7828693","t":3499287.0,"r":3498287.0,"q":4.82,"p":90.0,"mot":"U","mo":3498287.0},{"cn":"Kroko-Russia","ui":"7832788","t":3267689.0,"r":3266689.0,"q":1.0,"p":19.0,"mot":"U","mo":3266689.0},{"cn":"Umbrella Corp.","ui":"7828105","t":9043373.0,"r":8998382.0,"q":1.0,"p":10.0,"mot":"U","mo":8998382.0},{"cn":"","ui":"","t":98300.0,"r":62138.0,"q":1.11,"p":12.38,"mot":"L","mo":62138.0}]},{"d":"14.09.2018","r":1.6151806E7,"q":1.83,"p":29.08,"s":[{"cn":"Криптографические галлюцинации","ui":"7828693","t":3498287.0,"r":3497287.0,"q":4.82,"p":90.0,"mot":"U","mo":3497287.0},{"cn":"Kroko-Russia","ui":"7832788","t":3266689.0,"r":3265689.0,"q":1.0,"p":19.0,"mot":"U","mo":3265689.0},{"cn":"Umbrella Corp.","ui":"7828105","t":9247632.0,"r":9202641.0,"q":1.0,"p":10.0,"mot":"U","mo":9202641.0},{"cn":"","ui":"","t":186189.0,"r":186189.0,"q":1.0,"p":4.96,"mot":"L","mo":186189.0}]},{"d":"17.09.2018","r":1.6762022E7,"q":1.8,"p":28.19,"s":[{"cn":"Криптографические галлюцинации","ui":"7828693","t":3495287.0,"r":3494287.0,"q":4.82,"p":90.0,"mot":"U","mo":3494287.0},{"cn":"Kroko-Russia","ui":"7832788","t":3263689.0,"r":3262689.0,"q":1.0,"p":19.0,"mot":"U","mo":3262689.0},{"cn":"Umbrella Corp.","ui":"7828105","t":9486109.0,"r":9441118.0,"q":1.0,"p":10.0,"mot":"U","mo":9441118.0},{"cn":"","ui":"","t":563928.0,"r":563928.0,"q":1.0,"p":3.04,"mot":"L","mo":563928.0}]},{"d":"18.09.2018","r":1.6840527E7,"q":1.79,"p":28.05,"s":[{"cn":"Криптографические галлюцинации","ui":"7828693","t":3494287.0,"r":3493287.0,"q":4.82,"p":90.0,"mot":"U","mo":3493287.0},{"cn":"Kroko-Russia","ui":"7832788","t":3262689.0,"r":3261689.0,"q":1.0,"p":19.0,"mot":"U","mo":3261689.0},{"cn":"Umbrella Corp.","ui":"7828105","t":9441118.0,"r":9396127.0,"q":1.0,"p":10.0,"mot":"U","mo":9396127.0},{"cn":"","ui":"","t":689424.0,"r":689424.0,"q":1.0,"p":2.86,"mot":"L","mo":689424.0}]},{"d":"19.09.2018","r":1.6919782E7,"q":1.79,"p":27.9,"s":[{"cn":"Криптографические галлюцинации","ui":"7828693","t":3493287.0,"r":3492287.0,"q":4.82,"p":90.0,"mot":"U","mo":3492287.0},{"cn":"Kroko-Russia","ui":"7832788","t":3261689.0,"r":3260689.0,"q":1.0,"p":19.0,"mot":"U","mo":3260689.0},{"cn":"Umbrella Corp.","ui":"7828105","t":9396127.0,"r":9351136.0,"q":1.0,"p":10.0,"mot":"U","mo":9351136.0},{"cn":"","ui":"","t":815670.0,"r":815670.0,"q":1.0,"p":2.74,"mot":"L","mo":815670.0}]},{"d":"20.09.2018","r":1.6998911E7,"q":1.78,"p":27.75,"s":[{"cn":"Yellow Rose","ui":"7852591","t":873125.0,"r":873125.0,"q":1.0,"p":2.0,"mot":"U","mo":873125.0},{"cn":"Криптографические галлюцинации","ui":"7828693","t":3492287.0,"r":3491287.0,"q":4.82,"p":90.0,"mot":"U","mo":3491287.0},{"cn":"Kroko-Russia","ui":"7832788","t":3260689.0,"r":3259689.0,"q":1.0,"p":19.0,"mot":"U","mo":3259689.0},{"cn":"Umbrella Corp.","ui":"7828105","t":9351136.0,"r":9306145.0,"q":1.0,"p":10.0,"mot":"U","mo":9306145.0},{"cn":"","ui":"","t":68665.0,"r":68665.0,"q":1.0,"p":11.0,"mot":"L","mo":68665.0}]},{"d":"21.09.2018","r":1.707459E7,"q":1.78,"p":27.61,"s":[{"cn":"Yellow Rose","ui":"7852591","t":997750.0,"r":994750.0,"q":1.0,"p":2.0,"mot":"U","mo":994750.0},{"cn":"Криптографические галлюцинации","ui":"7828693","t":3491187.0,"r":3490087.0,"q":4.82,"p":90.0,"mot":"U","mo":3490087.0},{"cn":"Kroko-Russia","ui":"7832788","t":3259689.0,"r":3258689.0,"q":1.0,"p":19.0,"mot":"U","mo":3258689.0},{"cn":"Umbrella Corp.","ui":"7828105","t":9306145.0,"r":9261154.0,"q":1.0,"p":10.0,"mot":"U","mo":9261154.0},{"cn":"","ui":"","t":69910.0,"r":69910.0,"q":1.0,"p":11.0,"mot":"L","mo":69910.0}]},{"d":"24.09.2018","r":1.7300801E7,"q":1.77,"p":27.19,"s":[{"cn":"Yellow Rose","ui":"7852591","t":1361500.0,"r":1358500.0,"q":1.0,"p":2.0,"mot":"U","mo":1358500.0},{"cn":"Криптографические галлюцинации","ui":"7828693","t":3487887.0,"r":3486787.0,"q":4.82,"p":90.0,"mot":"U","mo":3486787.0},{"cn":"Kroko-Russia","ui":"7832788","t":3256689.0,"r":3255689.0,"q":1.0,"p":19.0,"mot":"U","mo":3255689.0},{"cn":"Umbrella Corp.","ui":"7828105","t":9171172.0,"r":9126181.0,"q":1.0,"p":10.0,"mot":"U","mo":9126181.0},{"cn":"","ui":"","t":73644.0,"r":73644.0,"q":1.0,"p":11.0,"mot":"L","mo":73644.0}]},{"d":"25.09.2018","r":1.7375829E7,"q":1.77,"p":27.06,"s":[{"cn":"Yellow Rose","ui":"7852591","t":1482375.0,"r":1479375.0,"q":1.0,"p":2.0,"mot":"U","mo":1479375.0},{"cn":"Криптографические галлюцинации","ui":"7828693","t":3486787.0,"r":3485687.0,"q":4.82,"p":90.0,"mot":"U","mo":3485687.0},{"cn":"Kroko-Russia","ui":"7832788","t":3255689.0,"r":3254689.0,"q":1.0,"p":19.0,"mot":"U","mo":3254689.0},{"cn":"Umbrella Corp.","ui":"7828105","t":9126181.0,"r":9081190.0,"q":1.0,"p":10.0,"mot":"U","mo":9081190.0},{"cn":"","ui":"","t":74888.0,"r":74888.0,"q":1.0,"p":11.0,"mot":"L","mo":74888.0}]},{"d":"26.09.2018","r":1.7450601E7,"q":1.76,"p":26.92,"s":[{"cn":"Yellow Rose","ui":"7852591","t":1603000.0,"r":1599994.0,"q":1.0,"p":2.0,"mot":"U","mo":1599994.0},{"cn":"Криптографические галлюцинации","ui":"7828693","t":3485687.0,"r":3484587.0,"q":4.82,"p":90.0,"mot":"U","mo":3484587.0},{"cn":"Kroko-Russia","ui":"7832788","t":3254689.0,"r":3253689.0,"q":1.0,"p":19.0,"mot":"U","mo":3253689.0},{"cn":"Umbrella Corp.","ui":"7828105","t":9081190.0,"r":9036199.0,"q":1.0,"p":10.0,"mot":"U","mo":9036199.0},{"cn":"","ui":"","t":76132.0,"r":76132.0,"q":1.0,"p":11.0,"mot":"L","mo":76132.0}]},{"d":"28.09.2018","r":1.7541394E7,"q":1.76,"p":26.81,"s":[{"cn":"Yellow Rose","ui":"7852591","t":1723494.0,"r":1710488.0,"q":1.0,"p":2.0,"mot":"U","mo":1710488.0},{"cn":"Криптографические галлюцинации","ui":"7828693","t":3484587.0,"r":3483487.0,"q":4.82,"p":90.0,"mot":"U","mo":3483487.0},{"cn":"Kroko-Russia","ui":"7832788","t":3253689.0,"r":3252689.0,"q":1.0,"p":19.0,"mot":"U","mo":3252689.0},{"cn":"Umbrella Corp.","ui":"7828105","t":9036199.0,"r":8991208.0,"q":1.0,"p":10.0,"mot":"U","mo":8991208.0},{"cn":"","ui":"","t":103522.0,"r":103522.0,"q":1.75,"p":15.8,"mot":"L","mo":103522.0}]},{"d":"01.02.2019","r":1.35080043E8,"q":6.96,"p":27.43,"s":[{"cn":"Stepanov","ui":"7882294","t":2.1435952E7,"r":2.1424213E7,"q":8.5,"p":1.0,"mot":"U","mo":2.1424213E7},{"cn":"Mad Inc.","ui":"7863563","t":1.2145979E7,"r":1.2145979E7,"q":8.14,"p":2.0,"mot":"U","mo":1.2145979E7},{"cn":"SCM","ui":"7901421","t":1.3983529E7,"r":1.3983529E7,"q":9.67,"p":50.0,"mot":"U","mo":1.3983529E7},{"cn":"Yellow Rose","ui":"7852591","t":1.6546247E7,"r":1.6546247E7,"q":1.0,"p":2.0,"mot":"U","mo":1.6546247E7},{"cn":"Манарх Инвест","ui":"7895425","t":1.3148341E7,"r":1.308959E7,"q":7.78,"p":2.4,"mot":"U","mo":1.308959E7},{"cn":"SCM","ui":"7857179","t":1.2778768E7,"r":1.2690968E7,"q":8.57,"p":200.0,"mot":"U","mo":1.2690968E7},{"cn":"Multy_Vitamin Трейд","ui":"7830773","t":1.1916867E7,"r":1.1916867E7,"q":7.93,"p":1.7,"mot":"U","mo":1.1916867E7},{"cn":"Umbrella Corp.","ui":"7828105","t":2.5906044E7,"r":2.5864044E7,"q":6.4,"p":10.0,"mot":"U","mo":2.5864044E7},{"cn":"","ui":"","t":7442118.0,"r":7418606.0,"q":5.03,"p":10.54,"mot":"L","mo":7418606.0}]},{"d":"04.02.2019","r":1.40070611E8,"q":7.03,"p":26.55,"s":[{"cn":"Stepanov","ui":"7882294","t":2.2191133E7,"r":2.2172058E7,"q":8.54,"p":0.9,"mot":"U","mo":2.2172058E7},{"cn":"Mad Inc.","ui":"7863563","t":1.2989184E7,"r":1.2989184E7,"q":8.17,"p":2.0,"mot":"U","mo":1.2989184E7},{"cn":"SCM","ui":"7901421","t":1.5141595E7,"r":1.5141595E7,"q":9.7,"p":50.0,"mot":"U","mo":1.5141595E7},{"cn":"Yellow Rose","ui":"7852591","t":1.6893193E7,"r":1.6893193E7,"q":1.0,"p":2.0,"mot":"U","mo":1.6893193E7},{"cn":"Манарх Инвест","ui":"7895425","t":1.3978692E7,"r":1.3919941E7,"q":7.84,"p":2.4,"mot":"U","mo":1.3919941E7},{"cn":"SCM","ui":"7857179","t":1.2515368E7,"r":1.2427568E7,"q":8.57,"p":200.0,"mot":"U","mo":1.2427568E7},{"cn":"Multy_Vitamin Трейд","ui":"7830773","t":1.1839352E7,"r":1.1781608E7,"q":7.94,"p":1.7,"mot":"U","mo":1.1781608E7},{"cn":"Umbrella Corp.","ui":"7828105","t":2.6278559E7,"r":2.6236559E7,"q":6.43,"p":10.0,"mot":"U","mo":2.6236559E7},{"cn":"","ui":"","t":8532417.0,"r":8508905.0,"q":5.57,"p":9.5,"mot":"L","mo":8508905.0}]},{"d":"05.02.2019","r":1.43415114E8,"q":7.08,"p":26.56,"s":[{"cn":"Stepanov","ui":"7882294","t":2.2442721E7,"r":2.2423646E7,"q":8.55,"p":0.9,"mot":"U","mo":2.2423646E7},{"cn":"Mad Inc.","ui":"7863563","t":1.3269549E7,"r":1.3269549E7,"q":8.18,"p":2.0,"mot":"U","mo":1.3269549E7},{"cn":"SCM","ui":"7901421","t":1.5528845E7,"r":1.5528845E7,"q":9.71,"p":50.0,"mot":"U","mo":1.5528845E7},{"cn":"Yellow Rose","ui":"7852591","t":1.7008275E7,"r":1.7008275E7,"q":1.0,"p":2.0,"mot":"U","mo":1.7008275E7},{"cn":"Umbrella Corp.","ui":"7828105","t":2.6402228E7,"r":2.6360228E7,"q":6.44,"p":10.0,"mot":"U","mo":2.6360228E7},{"cn":"Манарх Инвест","ui":"7895425","t":1.4254479E7,"r":1.4195728E7,"q":7.86,"p":2.4,"mot":"U","mo":1.4195728E7},{"cn":"SCM","ui":"7857179","t":1.2427568E7,"r":1.2339768E7,"q":8.57,"p":200.0,"mot":"U","mo":1.2339768E7},{"cn":"Multy_Vitamin Трейд","ui":"7830773","t":1.1789157E7,"r":1.1731413E7,"q":7.94,"p":1.7,"mot":"U","mo":1.1731413E7},{"cn":"","ui":"","t":1.0581174E7,"r":1.0557662E7,"q":6.3,"p":15.72,"mot":"L","mo":1.0557662E7}]},{"d":"06.02.2019","r":1.43631605E8,"q":7.06,"p":25.98,"s":[{"cn":"Stepanov","ui":"7882294","t":2.2671697E7,"r":2.2630572E7,"q":8.56,"p":0.9,"mot":"U","mo":2.2630572E7},{"cn":"Mad Inc.","ui":"7863563","t":1.3549562E7,"r":1.3549562E7,"q":8.19,"p":2.0,"mot":"U","mo":1.3549562E7},{"cn":"SCM","ui":"7901421","t":1.5915514E7,"r":1.5915514E7,"q":9.71,"p":50.0,"mot":"U","mo":1.5915514E7},{"cn":"Yellow Rose","ui":"7852591","t":1.7122993E7,"r":1.7122993E7,"q":1.0,"p":2.0,"mot":"U","mo":1.7122993E7},{"cn":"Umbrella Corp.","ui":"7828105","t":2.652573E7,"r":2.648373E7,"q":6.45,"p":10.0,"mot":"U","mo":2.648373E7},{"cn":"Манарх Инвест","ui":"7895425","t":1.4529738E7,"r":1.4470987E7,"q":7.88,"p":2.4,"mot":"U","mo":1.4470987E7},{"cn":"SCM","ui":"7857179","t":1.2339768E7,"r":1.2251968E7,"q":8.57,"p":200.0,"mot":"U","mo":1.2251968E7},{"cn":"Multy_Vitamin Трейд","ui":"7830773","t":1.1738962E7,"r":1.1681218E7,"q":7.94,"p":1.7,"mot":"U","mo":1.1681218E7},{"cn":"","ui":"","t":9548573.0,"r":9525061.0,"q":5.85,"p":8.83,"mot":"L","mo":9525061.0}]},{"d":"07.02.2019","r":1.45171119E8,"q":7.08,"p":25.74,"s":[{"cn":"Stepanov","ui":"7882294","t":2.2902643E7,"r":2.2861518E7,"q":8.58,"p":0.9,"mot":"U","mo":2.2861518E7},{"cn":"Mad Inc.","ui":"7863563","t":1.3829047E7,"r":1.3829047E7,"q":8.2,"p":2.0,"mot":"U","mo":1.3829047E7},{"cn":"SCM","ui":"7901421","t":1.6301601E7,"r":1.6301601E7,"q":9.72,"p":50.0,"mot":"U","mo":1.6301601E7},{"cn":"Yellow Rose","ui":"7852591","t":1.7237469E7,"r":1.7237469E7,"q":1.0,"p":2.0,"mot":"U","mo":1.7237469E7},{"cn":"Umbrella Corp.","ui":"7828105","t":2.6648897E7,"r":2.6606897E7,"q":6.46,"p":10.0,"mot":"U","mo":2.6606897E7},{"cn":"Манарх Инвест","ui":"7895425","t":1.480447E7,"r":1.4745719E7,"q":7.89,"p":2.4,"mot":"U","mo":1.4745719E7},{"cn":"SCM","ui":"7857179","t":1.2251968E7,"r":1.2164168E7,"q":8.57,"p":200.0,"mot":"U","mo":1.2164168E7},{"cn":"Multy_Vitamin Трейд","ui":"7830773","t":1.1569219E7,"r":1.1391927E7,"q":7.94,"p":1.7,"mot":"U","mo":1.1391927E7},{"cn":"","ui":"","t":1.0056285E7,"r":1.0032773E7,"q":5.97,"p":8.54,"mot":"L","mo":1.0032773E7}]},{"d":"08.02.2019","r":1.79417825E8,"q":6.78,"p":24.88,"s":[{"cn":"Stepanov","ui":"7882294","t":2.3125051E7,"r":2.3083926E7,"q":8.59,"p":0.9,"mot":"U","mo":2.3083926E7},{"cn":"Mad Inc.","ui":"7863563","t":1.4108181E7,"r":1.4108181E7,"q":8.21,"p":2.0,"mot":"U","mo":1.4108181E7},{"cn":"SCM","ui":"7901421","t":1.6687106E7,"r":1.6687106E7,"q":9.73,"p":50.0,"mot":"U","mo":1.6687106E7},{"cn":"Yellow Rose","ui":"7852591","t":1.735158E7,"r":1.735158E7,"q":1.0,"p":2.0,"mot":"U","mo":1.735158E7},{"cn":"Umbrella Corp.","ui":"7828105","t":2.6771896E7,"r":2.6729896E7,"q":6.46,"p":10.0,"mot":"U","mo":2.6729896E7},{"cn":"Манарх Инвест","ui":"7895425","t":1.5078674E7,"r":1.5019923E7,"q":7.91,"p":2.4,"mot":"U","mo":1.5019923E7},{"cn":"Mary Limited Crypt","ui":"7849140","t":9953008.0,"r":9953008.0,"q":6.31,"p":1.5,"mot":"U","mo":9953008.0},{"cn":"SCM","ui":"7857179","t":1.2164168E7,"r":1.2076368E7,"q":8.57,"p":200.0,"mot":"U","mo":1.2076368E7},{"cn":"Multy_Vitamin Трейд","ui":"7830773","t":1.1399476E7,"r":1.1222184E7,"q":7.94,"p":1.7,"mot":"U","mo":1.1222184E7},{"cn":"","ui":"","t":3.3211947E7,"r":3.3185653E7,"q":5.3,"p":23.91,"mot":"L","mo":3.3185653E7}]}]