[{"pi":"335176","pc":"Продукты питания","ss":100000,"td":"Спальный район","dc":1,"n":319.88,"vc":"76413","sl":"Элитный","sv":"223","p":4000.0,"q":10.39,"b":0.0,"ms":0.02,"wi":43.34,"ei":6.78,"as":349.0,"mi":"E","mv":1288712,"sc":1,"lpe":99.98,"lpr":1079.57,"lq":1.0,"d":7234440},{"pi":"335176","pc":"Продукты питания","ss":100000,"td":"Фешенебельный район","dc":10,"n":426.23,"vc":"34432","sl":"Элитный","sv":"4557","p":1800.0,"q":3.4,"b":0.0,"ms":8.26,"wi":36.38,"ei":6.43,"as":342.95,"mi":"E","mv":55152,"sc":1,"lpe":91.74,"lpr":1062.68,"lq":1.0,"d":1297765},{"pi":"335176","pc":"Продукты питания","ss":100000,"td":"Центр города","dc":2,"n":430.06,"vc":"186534","sl":"Очень низкий","sv":"62552","p":489.32,"q":8.64,"b":0.0,"ms":24.71,"wi":20.94,"ei":5.2,"as":170.97,"mi":"E","mv":253171,"sc":2,"lpe":75.26,"lpr":239.35,"lq":1.04,"d":1973368},{"pi":"335176","pc":"Продукты питания","ss":10000,"td":"Фешенебельный район","dc":1,"n":275.98,"vc":"1472","sl":"Элитный","sv":"75","p":920.0,"q":11.9,"b":0.0,"ms":0.03,"wi":20.94,"ei":5.2,"as":170.97,"mi":"E","mv":253171,"sc":2,"lpe":75.26,"lpr":239.35,"lq":1.04,"d":1973368},{"pi":"335176","pc":"Продукты питания","ss":50000,"td":"Центр города","dc":1,"n":476.6,"vc":"110458","sl":"Элитный","sv":"1804","p":4000.0,"q":9.32,"b":0.0,"ms":8.29,"wi":45.33,"ei":7.25,"as":769.5,"mi":"E","mv":21755,"sc":1,"lpe":91.71,"lpr":1577.46,"lq":1.0,"d":688452},{"pi":"335176","pc":"Продукты питания","ss":13500,"td":"Центр города","dc":3,"n":336.44,"vc":"15646","sl":"Очень высокий","sv":"3","p":13320.0,"q":7.09,"b":0.0,"ms":0.03,"wi":53.48,"ei":9.13,"as":1120.0,"mi":"E","mv":10324,"sc":1,"lpe":99.97,"lpr":4497.49,"lq":1.0,"d":371510},{"pi":"335176","pc":"Продукты питания","ss":250000,"td":"Фешенебельный район","dc":1,"n":684.55,"vc":"567705","sl":"Элитный","sv":"3857","p":3828.0,"q":10.06,"b":0.0,"ms":17.81,"wi":32.37,"ei":14.28,"as":748.41,"mi":"E","mv":21662,"sc":1,"lpe":82.19,"lpr":1409.73,"lq":2.41,"d":1218946},{"pi":"335176","pc":"Продукты питания","ss":1000,"td":"Центр города","dc":5,"n":23.51,"vc":"563","sl":"Очень высокий","sv":"3","p":529.0,"q":1.0,"b":0.0,"ms":0.01,"wi":5.92,"ei":5.38,"as":50.73,"mi":"E","mv":20367,"sc":1,"lpe":99.99,"lpr":550.72,"lq":1.0,"d":2958023},{"pi":"335176","pc":"Продукты питания","ss":10000,"td":"Центр города","dc":1,"n":325.89,"vc":"15920","sl":"Элитный","sv":"8200","p":2150.0,"q":12.14,"b":0.0,"ms":14.51,"wi":37.48,"ei":9.39,"as":1355.78,"mi":"E","mv":56504,"sc":1,"lpe":85.49,"lpr":1368.55,"lq":2.27,"d":859400},{"pi":"335176","pc":"Продукты питания","ss":100000,"td":"Центр города","dc":10,"n":439.05,"vc":"243506","sl":"Низкий","sv":"5921","p":2050.0,"q":11.66,"b":0.0,"ms":8.62,"wi":40.83,"ei":9.69,"as":1126.51,"mi":"E","mv":68715,"sc":1,"lpe":91.38,"lpr":862.11,"lq":1.0,"d":1239628},{"pi":"335176","pc":"Продукты питания","ss":123900,"td":"Спальный район","dc":2,"n":354.86,"vc":"116770","sl":"Элитный","sv":"30211","p":1000.0,"q":9.74,"b":0.75,"ms":23.54,"wi":16.35,"ei":7.5,"as":163.44,"mi":"E","mv":128352,"sc":1,"lpe":76.46,"lpr":406.85,"lq":1.11,"d":1866603},{"pi":"335176","pc":"Продукты питания","ss":100000,"td":"Центр города","dc":1,"n":482.75,"vc":"203548","sl":"Низкий","sv":"1000","p":922.98,"q":8.64,"b":0.23,"ms":7.32,"wi":15.73,"ei":7.88,"as":212.11,"mi":"E","mv":13670,"sc":1,"lpe":92.68,"lpr":1163.5,"lq":1.0,"d":918975},{"pi":"335176","pc":"Продукты питания","ss":10000,"td":"Фешенебельный район","dc":2,"n":562.93,"vc":"8102","sl":"Элитный","sv":"390","p":2158.0,"q":10.38,"b":0.0,"ms":8.23,"wi":15.73,"ei":5.88,"as":293.39,"mi":"E","mv":4738,"sc":1,"lpe":91.77,"lpr":571.18,"lq":1.0,"d":188326},{"pi":"335176","pc":"Продукты питания","ss":1100,"td":"Центр города","dc":3,"n":19.82,"vc":"729","sl":"Очень высокий","sv":"5","p":540.0,"q":1.0,"b":0.0,"ms":0.0,"wi":15.38,"ei":3.06,"as":158.53,"mi":"E","mv":185744,"sc":1,"lpe":100.0,"lpr":547.95,"lq":1.0,"d":3197424},{"pi":"335176","pc":"Продукты питания","ss":1000,"td":"Спальный район","dc":1,"n":606.35,"vc":"4362","sl":"Высокий","sv":"300","p":4000.0,"q":8.58,"b":0.0,"ms":3.93,"wi":38.21,"ei":5.87,"as":470.0,"mi":"E","mv":7639,"sc":1,"lpe":96.07,"lpr":1795.6,"lq":1.0,"d":106426},{"pi":"335176","pc":"Продукты питания","ss":10000,"td":"Спальный район","dc":2,"n":137.94,"vc":"2083","sl":"Элитный","sv":"5753","p":1700.85,"q":9.29,"b":0.0,"ms":14.39,"wi":24.5,"ei":7.1,"as":348.25,"mi":"E","mv":39966,"sc":2,"lpe":85.23,"lpr":949.71,"lq":1.65,"d":989886},{"pi":"335176","pc":"Продукты питания","ss":90000,"td":"Спальный район","dc":2,"n":441.48,"vc":"168237","sl":"Элитный","sv":"150","p":3207.0,"q":10.16,"b":0.0,"ms":0.38,"wi":24.5,"ei":7.1,"as":348.25,"mi":"E","mv":39966,"sc":2,"lpe":85.23,"lpr":949.71,"lq":1.65,"d":989886},{"pi":"335176","pc":"Продукты питания","ss":100000,"td":"Фешенебельный район","dc":1,"n":700.08,"vc":"179915","sl":"Элитный","sv":"706","p":4614.0,"q":16.98,"b":3.41031161473088,"ms":4.38,"wi":55.17,"ei":6.62,"as":770.0,"mi":"E","mv":16103,"sc":1,"lpe":95.62,"lpr":1295.23,"lq":1.0,"d":339038},{"pi":"335176","pc":"Продукты питания","ss":100000,"td":"Центр города","dc":1,"n":519.78,"vc":"805729","sl":"Очень высокий","sv":"2000","p":3000.0,"q":16.36,"b":2.75,"ms":0.24,"wi":20.04,"ei":6.23,"as":189.21,"mi":"E","mv":838819,"sc":1,"lpe":99.76,"lpr":768.32,"lq":1.0,"d":10970686},{"pi":"335176","pc":"Продукты питания","ss":100000,"td":"Центр города","dc":2,"n":170.12,"vc":"24145","sl":"Элитный","sv":"482","p":3000.0,"q":13.92,"b":0.0,"ms":0.06,"wi":24.59,"ei":8.05,"as":240.41,"mi":"E","mv":742226,"sc":1,"lpe":99.94,"lpr":1018.5,"lq":1.0,"d":7239150},{"pi":"335176","pc":"Продукты питания","ss":1000,"td":"Центр города","dc":1,"n":241.64,"vc":"1243","sl":"Элитный","sv":"1000","p":2000.0,"q":8.7,"b":0.0,"ms":2.34,"wi":27.12,"ei":9.63,"as":608.12,"mi":"E","mv":42751,"sc":1,"lpe":97.66,"lpr":1204.02,"lq":1.0,"d":987916},{"pi":"335176","pc":"Продукты питания","ss":100000,"td":"Центр города","dc":1,"n":152.85,"vc":"14706","sl":"Элитный","sv":"8038","p":3000.0,"q":13.79,"b":0.15,"ms":4.03,"wi":31.84,"ei":9.4,"as":361.4,"mi":"E","mv":199446,"sc":1,"lpe":95.97,"lpr":1464.23,"lq":1.0,"d":2821670},{"pi":"335176","pc":"Продукты питания","ss":200000,"td":"Центр города","dc":1,"n":350.25,"vc":"232912","sl":"Элитный","sv":"5000","p":3300.0,"q":12.58,"b":0.0,"ms":2.81,"wi":35.81,"ei":6.77,"as":248.13,"mi":"E","mv":178253,"sc":1,"lpe":97.19,"lpr":1516.42,"lq":1.0,"d":2293511},{"pi":"335176","pc":"Продукты питания","ss":100000,"td":"Центр города","dc":1,"n":444.33,"vc":"224228","sl":"Элитный","sv":"1000","p":7000.0,"q":12.69,"b":0.0,"ms":0.71,"wi":36.64,"ei":11.26,"as":482.57,"mi":"E","mv":140836,"sc":1,"lpe":99.29,"lpr":2884.9,"lq":1.0,"d":2255977},{"pi":"335176","pc":"Продукты питания","ss":100000,"td":"Фешенебельный район","dc":1,"n":682.66,"vc":"120371","sl":"Элитный","sv":"600","p":4829.0,"q":10.06,"b":0.0,"ms":15.42,"wi":23.28,"ei":13.22,"as":2097.79,"mi":"E","mv":3891,"sc":1,"lpe":84.58,"lpr":1662.9,"lq":1.65,"d":332434},{"pi":"335176","pc":"Продукты питания","ss":60000,"td":"Центр города","dc":1,"n":364.75,"vc":"63224","sl":"Элитный","sv":"1769","p":7000.0,"q":9.23,"b":0.0,"ms":5.86,"wi":21.15,"ei":11.48,"as":272.99,"mi":"E","mv":30163,"sc":2,"lpe":91.29,"lpr":2622.15,"lq":1.0,"d":2580177},{"pi":"335176","pc":"Продукты питания","ss":100000,"td":"Центр города","dc":2,"n":272.39,"vc":"38275","sl":"Элитный","sv":"859","p":5800.0,"q":12.11,"b":0.85,"ms":2.85,"wi":21.15,"ei":11.48,"as":272.99,"mi":"E","mv":30163,"sc":2,"lpe":91.29,"lpr":2622.15,"lq":1.0,"d":2580177},{"pi":"335176","pc":"Продукты питания","ss":100000,"td":"Центр города","dc":3,"n":569.42,"vc":"274971","sl":"Низкий","sv":"18","p":3000.0,"q":11.94,"b":0.0,"ms":0.13,"wi":15.62,"ei":3.39,"as":246.78,"mi":"E","mv":14172,"sc":1,"lpe":99.87,"lpr":631.86,"lq":1.0,"d":288634},{"pi":"335176","pc":"Продукты питания","ss":1000,"td":"Спальный район","dc":1,"n":293.5,"vc":"1602","sl":"Очень высокий","sv":"1000","p":5500.0,"q":8.58,"b":0.0,"ms":2.7,"wi":22.96,"ei":14.81,"as":273.81,"mi":"E","mv":37034,"sc":2,"lpe":97.26,"lpr":2603.07,"lq":1.0,"d":2553554},{"pi":"335176","pc":"Продукты питания","ss":1000,"td":"Фешенебельный район","dc":2,"n":152.7,"vc":"145","sl":"Элитный","sv":"13","p":7000.0,"q":13.83,"b":0.0,"ms":0.04,"wi":22.96,"ei":14.81,"as":273.81,"mi":"E","mv":37034,"sc":2,"lpe":97.26,"lpr":2603.07,"lq":1.0,"d":2553554},{"pi":"335176","pc":"Продукты питания","ss":1000,"td":"Спальный район","dc":8,"n":16.34,"vc":"315","sl":"Очень высокий","sv":"8","p":544.2,"q":1.0,"b":0.0,"ms":0.02,"wi":8.05,"ei":5.06,"as":208.45,"mi":"E","mv":46068,"sc":1,"lpe":99.98,"lpr":550.73,"lq":1.0,"d":2672131},{"pi":"335176","pc":"Продукты питания","ss":130000,"td":"Центр города","dc":10,"n":418.96,"vc":"125772","sl":"Высокий","sv":"875","p":1650.0,"q":11.77,"b":0.0,"ms":2.11,"wi":24.3,"ei":9.11,"as":651.15,"mi":"E","mv":41565,"sc":1,"lpe":97.89,"lpr":477.2,"lq":1.0,"d":151798},{"pi":"335176","pc":"Продукты питания","ss":10000,"td":"Центр города","dc":1,"n":342.93,"vc":"13038","sl":"Элитный","sv":"5731","p":351.0,"q":8.65,"b":0.0,"ms":21.65,"wi":5.29,"ei":5.0,"as":143.31,"mi":"E","mv":26466,"sc":1,"lpe":78.35,"lpr":137.34,"lq":1.02,"d":2912821},{"pi":"335176","pc":"Продукты питания","ss":100000,"td":"Фешенебельный район","dc":3,"n":665.88,"vc":"172864","sl":"Очень высокий","sv":"12722","p":1537.0,"q":12.2,"b":4.69,"ms":20.52,"wi":22.05,"ei":8.06,"as":455.88,"mi":"E","mv":61987,"sc":1,"lpe":79.48,"lpr":540.93,"lq":1.03,"d":1147914},{"pi":"335176","pc":"Продукты питания","ss":10000,"td":"Центр города","dc":1,"n":448.57,"vc":"40136","sl":"Очень высокий","sv":"1000","p":4851.0,"q":10.16,"b":0.0,"ms":2.28,"wi":28.21,"ei":6.32,"as":381.06,"mi":"E","mv":43776,"sc":1,"lpe":97.72,"lpr":1423.79,"lq":1.0,"d":903431},{"pi":"335176","pc":"Продукты питания","ss":10000,"td":"Центр города","dc":1,"n":238.92,"vc":"14036","sl":"Элитный","sv":"17732","p":2050.0,"q":12.07,"b":0.0,"ms":7.3,"wi":32.56,"ei":9.23,"as":456.15,"mi":"E","mv":243036,"sc":3,"lpe":91.68,"lpr":715.43,"lq":1.0,"d":3767586},{"pi":"335176","pc":"Продукты питания","ss":10000,"td":"Фешенебельный район","dc":1,"n":155.09,"vc":"755","sl":"Элитный","sv":"2268","p":2100.0,"q":12.14,"b":0.0,"ms":0.93,"wi":32.56,"ei":9.23,"as":456.15,"mi":"E","mv":243036,"sc":3,"lpe":91.68,"lpr":715.43,"lq":1.0,"d":3767586},{"pi":"335176","pc":"Продукты питания","ss":10000,"td":"Центр города","dc":1,"n":157.32,"vc":"5117","sl":"Элитный","sv":"232","p":2100.0,"q":11.14,"b":0.0,"ms":0.1,"wi":32.56,"ei":9.23,"as":456.15,"mi":"E","mv":243036,"sc":3,"lpe":91.68,"lpr":715.43,"lq":1.0,"d":3767586},{"pi":"335176","pc":"Продукты питания","ss":100000,"td":"Центр города","dc":7,"n":391.8,"vc":"131242","sl":"Очень низкий","sv":"10000","p":1307.42,"q":8.64,"b":0.0,"ms":6.11,"wi":29.82,"ei":6.96,"as":304.48,"mi":"E","mv":163733,"sc":1,"lpe":93.89,"lpr":1455.81,"lq":1.0,"d":2067604},{"pi":"335176","pc":"Продукты питания","ss":2400,"td":"Центр города","dc":2,"n":406.56,"vc":"8388","sl":"Нормальный","sv":"7603","p":640.0,"q":11.09,"b":0.0,"ms":6.16,"wi":23.17,"ei":4.83,"as":185.71,"mi":"E","mv":123445,"sc":2,"lpe":93.84,"lpr":734.88,"lq":1.0,"d":1367840},{"pi":"335176","pc":"Продукты питания","ss":100000,"td":"Центр города","dc":1,"n":539.1,"vc":"468190","sl":"Очень высокий","sv":"2","p":2200.0,"q":21.26,"b":0.0,"ms":0.0,"wi":23.17,"ei":4.83,"as":185.71,"mi":"E","mv":123445,"sc":2,"lpe":93.84,"lpr":734.88,"lq":1.0,"d":1367840},{"pi":"335176","pc":"Продукты питания","ss":100000,"td":"Фешенебельный район","dc":1,"n":688.36,"vc":"222002","sl":"Элитный","sv":"9541","p":3753.0,"q":10.06,"b":0.0,"ms":17.84,"wi":52.44,"ei":11.56,"as":1499.2,"mi":"E","mv":53470,"sc":1,"lpe":82.16,"lpr":1213.28,"lq":1.62,"d":607176},{"pi":"335176","pc":"Продукты питания","ss":300000,"td":"Фешенебельный район","dc":1,"n":683.83,"vc":"827513","sl":"Элитный","sv":"30000","p":5759.0,"q":10.06,"b":0.0,"ms":14.62,"wi":41.0,"ei":10.98,"as":1160.85,"mi":"E","mv":205192,"sc":3,"lpe":81.89,"lpr":2084.23,"lq":2.9,"d":2838504},{"pi":"335176","pc":"Продукты питания","ss":100000,"td":"Центр города","dc":1,"n":497.56,"vc":"405406","sl":"Элитный","sv":"7000","p":5300.0,"q":21.26,"b":3.59,"ms":3.41,"wi":41.0,"ei":10.98,"as":1160.85,"mi":"E","mv":205192,"sc":3,"lpe":81.89,"lpr":2084.23,"lq":2.9,"d":2838504},{"pi":"335176","pc":"Продукты питания","ss":2600,"td":"Центр города","dc":2,"n":59.89,"vc":"1914","sl":"Элитный","sv":"153","p":5000.0,"q":10.38,"b":0.0,"ms":0.07,"wi":41.0,"ei":10.98,"as":1160.85,"mi":"E","mv":205192,"sc":3,"lpe":81.89,"lpr":2084.23,"lq":2.9,"d":2838504},{"pi":"335176","pc":"Продукты питания","ss":100500,"td":"Центр города","dc":1,"n":362.42,"vc":"173553","sl":"Элитный","sv":"22250","p":2700.0,"q":9.12,"b":0.56,"ms":10.08,"wi":33.51,"ei":8.27,"as":568.82,"mi":"E","mv":220816,"sc":2,"lpe":89.68,"lpr":1040.32,"lq":1.72,"d":3198452},{"pi":"335176","pc":"Продукты питания","ss":40000,"td":"Центр города","dc":1,"n":355.17,"vc":"54691","sl":"Элитный","sv":"546","p":3000.0,"q":8.53,"b":0.0,"ms":0.25,"wi":33.51,"ei":8.27,"as":568.82,"mi":"E","mv":220816,"sc":2,"lpe":89.68,"lpr":1040.32,"lq":1.72,"d":3198452},{"pi":"335176","pc":"Продукты питания","ss":100000,"td":"Центр города","dc":5,"n":22.85,"vc":"2822","sl":"Очень высокий","sv":"5502","p":467.53,"q":8.66,"b":0.0,"ms":7.53,"wi":12.86,"ei":4.76,"as":108.8,"mi":"E","mv":73079,"sc":1,"lpe":92.47,"lpr":414.69,"lq":1.0,"d":1296696},{"pi":"335176","pc":"Продукты питания","ss":10000,"td":"Спальный район","dc":4,"n":56.04,"vc":"4113","sl":"Элитный","sv":"2572","p":1552.15,"q":9.56,"b":0.0,"ms":0.3,"wi":22.82,"ei":5.29,"as":396.9,"mi":"E","mv":855222,"sc":4,"lpe":99.68,"lpr":842.21,"lq":1.0,"d":12257756},{"pi":"335176","pc":"Продукты питания","ss":10000,"td":"Центр города","dc":2,"n":189.96,"vc":"9845","sl":"Элитный","sv":"128","p":1800.0,"q":10.35,"b":0.0,"ms":0.01,"wi":22.82,"ei":5.29,"as":396.9,"mi":"E","mv":855222,"sc":4,"lpe":99.68,"lpr":842.21,"lq":1.0,"d":12257756},{"pi":"335176","pc":"Продукты питания","ss":100000,"td":"Центр города","dc":1,"n":227.73,"vc":"50520","sl":"Элитный","sv":"9","p":2800.0,"q":12.85,"b":0.0,"ms":0.0,"wi":22.82,"ei":5.29,"as":396.9,"mi":"E","mv":855222,"sc":4,"lpe":99.68,"lpr":842.21,"lq":1.0,"d":12257756},{"pi":"335176","pc":"Продукты питания","ss":100000,"td":"Центр города","dc":1,"n":287.74,"vc":"134943","sl":"Элитный","sv":"2","p":2899.0,"q":6.17,"b":0.0,"ms":0.0,"wi":22.82,"ei":5.29,"as":396.9,"mi":"E","mv":855222,"sc":4,"lpe":99.68,"lpr":842.21,"lq":1.0,"d":12257756},{"pi":"335176","pc":"Продукты питания","ss":10000,"td":"Центр города","dc":1,"n":197.81,"vc":"2123","sl":"Элитный","sv":"178","p":3400.0,"q":12.71,"b":0.0,"ms":2.06,"wi":52.66,"ei":7.94,"as":1255.34,"mi":"E","mv":8660,"sc":1,"lpe":97.94,"lpr":3401.65,"lq":1.0,"d":1491090},{"pi":"335176","pc":"Продукты питания","ss":10000,"td":"Фешенебельный район","dc":1,"n":178.73,"vc":"2046","sl":"Элитный","sv":"11514","p":1060.0,"q":12.14,"b":0.0,"ms":1.0,"wi":20.14,"ei":5.38,"as":88.25,"mi":"E","mv":1147687,"sc":2,"lpe":98.95,"lpr":640.83,"lq":1.0,"d":12381354},{"pi":"335176","pc":"Продукты питания","ss":10000,"td":"Центр города","dc":1,"n":238.18,"vc":"14113","sl":"Элитный","sv":"500","p":870.0,"q":8.64,"b":0.22,"ms":0.04,"wi":20.14,"ei":5.38,"as":88.25,"mi":"E","mv":1147687,"sc":2,"lpe":98.95,"lpr":640.83,"lq":1.0,"d":12381354},{"pi":"335176","pc":"Продукты питания","ss":100000,"td":"Фешенебельный район","dc":10,"n":255.31,"vc":"8853","sl":"Элитный","sv":"10382","p":2050.0,"q":12.14,"b":0.0,"ms":10.84,"wi":32.5,"ei":8.75,"as":394.01,"mi":"E","mv":95784,"sc":2,"lpe":86.03,"lpr":1585.97,"lq":2.49,"d":2812406},{"pi":"335176","pc":"Продукты питания","ss":10000,"td":"Центр города","dc":2,"n":164.51,"vc":"4872","sl":"Элитный","sv":"3000","p":1600.0,"q":11.09,"b":0.18,"ms":3.13,"wi":32.5,"ei":8.75,"as":394.01,"mi":"E","mv":95784,"sc":2,"lpe":86.03,"lpr":1585.97,"lq":2.49,"d":2812406},{"pi":"335176","pc":"Продукты питания","ss":100000,"td":"Центр города","dc":2,"n":417.22,"vc":"146928","sl":"Высокий","sv":"9000","p":1500.0,"q":8.64,"b":0.0,"ms":9.66,"wi":49.54,"ei":10.29,"as":760.4,"mi":"E","mv":93172,"sc":2,"lpe":90.33,"lpr":1111.96,"lq":1.0,"d":1419772},{"pi":"335176","pc":"Продукты питания","ss":100000,"td":"Фешенебельный район","dc":2,"n":161.75,"vc":"1889","sl":"Элитный","sv":"8","p":2200.0,"q":10.57,"b":0.0,"ms":0.01,"wi":49.54,"ei":10.29,"as":760.4,"mi":"E","mv":93172,"sc":2,"lpe":90.33,"lpr":1111.96,"lq":1.0,"d":1419772},{"pi":"335176","pc":"Продукты питания","ss":100000,"td":"Центр города","dc":2,"n":352.56,"vc":"167688","sl":"Элитный","sv":"2000","p":2500.0,"q":12.69,"b":0.0,"ms":0.17,"wi":25.77,"ei":5.34,"as":121.56,"mi":"E","mv":1166451,"sc":2,"lpe":99.82,"lpr":1089.99,"lq":1.0,"d":12237176},{"pi":"335176","pc":"Продукты питания","ss":100000,"td":"Центр города","dc":1,"n":391.55,"vc":"243951","sl":"Элитный","sv":"100","p":3000.0,"q":21.26,"b":0.0,"ms":0.01,"wi":25.77,"ei":5.34,"as":121.56,"mi":"E","mv":1166451,"sc":2,"lpe":99.82,"lpr":1089.99,"lq":1.0,"d":12237176},{"pi":"335176","pc":"Продукты питания","ss":1000,"td":"Центр города","dc":1,"n":485.15,"vc":"1791","sl":"Очень высокий","sv":"103","p":3400.0,"q":12.54,"b":1.81223300970874,"ms":5.88,"wi":21.24,"ei":13.5,"as":875.4,"mi":"E","mv":1752,"sc":1,"lpe":94.12,"lpr":1095.76,"lq":1.0,"d":195479},{"pi":"335176","pc":"Продукты питания","ss":300000,"td":"Центр города","dc":2,"n":283.55,"vc":"286106","sl":"Элитный","sv":"791074","p":1050.0,"q":15.57,"b":2.73,"ms":74.61,"wi":23.07,"ei":9.0,"as":148.67,"mi":"D","mv":1060345,"sc":2,"lpe":25.06,"lpr":358.87,"lq":1.1,"d":13151602},{"pi":"335176","pc":"Продукты питания","ss":100000,"td":"Центр города","dc":2,"n":24.29,"vc":"7321","sl":"Высокий","sv":"3500","p":685.18,"q":8.64,"b":0.22,"ms":0.33,"wi":23.07,"ei":9.0,"as":148.67,"mi":"D","mv":1060345,"sc":2,"lpe":25.06,"lpr":358.87,"lq":1.1,"d":13151602},{"pi":"335176","pc":"Продукты питания","ss":1000,"td":"Спальный район","dc":6,"n":33.24,"vc":"375","sl":"Очень высокий","sv":"3","p":533.97,"q":1.0,"b":0.0,"ms":0.02,"wi":5.3,"ei":4.76,"as":52.3,"mi":"E","mv":14369,"sc":1,"lpe":99.98,"lpr":547.76,"lq":1.0,"d":2369746},{"pi":"335176","pc":"Продукты питания","ss":110000,"td":"Центр города","dc":2,"n":495.51,"vc":"242466","sl":"Элитный","sv":"4553","p":1500.0,"q":14.38,"b":0.0,"ms":23.0,"wi":19.0,"ei":6.87,"as":241.28,"mi":"E","mv":19794,"sc":1,"lpe":77.0,"lpr":376.57,"lq":1.0,"d":2046610},{"pi":"335176","pc":"Продукты питания","ss":10000,"td":"Фешенебельный район","dc":1,"n":502.27,"vc":"3204","sl":"Элитный","sv":"500","p":420.0,"q":8.64,"b":0.0,"ms":18.7,"wi":7.54,"ei":3.65,"as":142.6,"mi":"E","mv":2674,"sc":2,"lpe":81.19,"lpr":484.29,"lq":1.13,"d":153194},{"pi":"335176","pc":"Продукты питания","ss":1000,"td":"Центр города","dc":5,"n":4.51,"vc":"222","sl":"Элитный","sv":"3","p":430.0,"q":1.0,"b":0.0,"ms":0.11,"wi":7.54,"ei":3.65,"as":142.6,"mi":"E","mv":2674,"sc":2,"lpe":81.19,"lpr":484.29,"lq":1.13,"d":153194},{"pi":"335176","pc":"Продукты питания","ss":1000,"td":"Центр города","dc":1,"n":323.1,"vc":"2329","sl":"Очень высокий","sv":"500","p":2500.0,"q":12.69,"b":0.0,"ms":1.01,"wi":30.39,"ei":6.8,"as":316.62,"mi":"E","mv":49732,"sc":1,"lpe":98.99,"lpr":1525.14,"lq":1.0,"d":1133980},{"pi":"335176","pc":"Продукты питания","ss":10000,"td":"Центр города","dc":1,"n":299.22,"vc":"9975","sl":"Элитный","sv":"5620","p":4000.0,"q":7.73,"b":0.0,"ms":9.08,"wi":53.52,"ei":10.43,"as":1156.77,"mi":"E","mv":61907,"sc":2,"lpe":90.38,"lpr":2009.78,"lq":2.0,"d":1264874},{"pi":"335176","pc":"Продукты питания","ss":100000,"td":"Центр города","dc":3,"n":366.3,"vc":"86473","sl":"Элитный","sv":"338","p":2400.0,"q":8.64,"b":0.0,"ms":0.55,"wi":53.52,"ei":10.43,"as":1156.77,"mi":"E","mv":61907,"sc":2,"lpe":90.38,"lpr":2009.78,"lq":2.0,"d":1264874},{"pi":"335176","pc":"Продукты питания","ss":50000,"td":"Центр города","dc":1,"n":400.65,"vc":"78929","sl":"Элитный","sv":"7000","p":6000.0,"q":8.58,"b":0.0,"ms":9.34,"wi":42.78,"ei":9.65,"as":844.82,"mi":"E","mv":74943,"sc":1,"lpe":90.66,"lpr":2543.93,"lq":1.0,"d":1812514},{"pi":"335176","pc":"Продукты питания","ss":80000,"td":"Фешенебельный район","dc":1,"n":349.19,"vc":"9414","sl":"Элитный","sv":"4000","p":5500.0,"q":10.08,"b":0.0,"ms":7.57,"wi":28.94,"ei":6.76,"as":297.68,"mi":"E","mv":52822,"sc":1,"lpe":92.43,"lpr":2729.93,"lq":1.0,"d":1302926},{"pi":"335176","pc":"Продукты питания","ss":100000,"td":"Центр города","dc":1,"n":190.15,"vc":"27999","sl":"Элитный","sv":"87","p":6000.0,"q":6.14,"b":0.0,"ms":0.01,"wi":33.86,"ei":10.15,"as":292.02,"mi":"E","mv":603488,"sc":2,"lpe":99.98,"lpr":1905.84,"lq":1.0,"d":6376122},{"pi":"335176","pc":"Продукты питания","ss":100000,"td":"Центр города","dc":2,"n":163.25,"vc":"21619","sl":"Элитный","sv":"56","p":6000.0,"q":13.99,"b":0.14,"ms":0.01,"wi":33.86,"ei":10.15,"as":292.02,"mi":"E","mv":603488,"sc":2,"lpe":99.98,"lpr":1905.84,"lq":1.0,"d":6376122},{"pi":"335176","pc":"Продукты питания","ss":90000,"td":"Центр города","dc":2,"n":270.43,"vc":"80606","sl":"Элитный","sv":"48803","p":5000.0,"q":10.92,"b":0.23,"ms":15.75,"wi":54.32,"ei":11.9,"as":1548.35,"mi":"E","mv":309813,"sc":4,"lpe":79.23,"lpr":2471.21,"lq":4.27,"d":5522842},{"pi":"335176","pc":"Продукты питания","ss":30000,"td":"Центр города","dc":2,"n":346.57,"vc":"75256","sl":"Очень высокий","sv":"14794","p":4000.0,"q":7.74,"b":0.0,"ms":4.78,"wi":54.32,"ei":11.9,"as":1548.35,"mi":"E","mv":309813,"sc":4,"lpe":79.23,"lpr":2471.21,"lq":4.27,"d":5522842},{"pi":"335176","pc":"Продукты питания","ss":100000,"td":"Центр города","dc":2,"n":154.5,"vc":"18899","sl":"Элитный","sv":"732","p":3000.0,"q":13.8,"b":0.0,"ms":0.24,"wi":54.32,"ei":11.9,"as":1548.35,"mi":"E","mv":309813,"sc":4,"lpe":79.23,"lpr":2471.21,"lq":4.27,"d":5522842},{"pi":"335176","pc":"Продукты питания","ss":20000,"td":"Центр города","dc":1,"n":327.91,"vc":"32621","sl":"Элитный","sv":"34","p":7000.0,"q":9.05,"b":0.0,"ms":0.01,"wi":54.32,"ei":11.9,"as":1548.35,"mi":"E","mv":309813,"sc":4,"lpe":79.23,"lpr":2471.21,"lq":4.27,"d":5522842},{"pi":"335176","pc":"Продукты питания","ss":300000,"td":"Фешенебельный район","dc":1,"n":293.06,"vc":"44210","sl":"Элитный","sv":"35932","p":6800.0,"q":9.57,"b":0.0,"ms":5.48,"wi":51.68,"ei":9.19,"as":1176.8,"mi":"E","mv":655822,"sc":3,"lpe":89.84,"lpr":3457.04,"lq":2.92,"d":10648221},{"pi":"335176","pc":"Продукты питания","ss":100000,"td":"Центр города","dc":2,"n":155.45,"vc":"36000","sl":"Элитный","sv":"30000","p":3719.0,"q":10.92,"b":1.31,"ms":4.57,"wi":51.68,"ei":9.19,"as":1176.8,"mi":"E","mv":655822,"sc":3,"lpe":89.84,"lpr":3457.04,"lq":2.92,"d":10648221},{"pi":"335176","pc":"Продукты питания","ss":100000,"td":"Центр города","dc":1,"n":460.87,"vc":"452544","sl":"Очень высокий","sv":"673","p":8000.0,"q":5.12,"b":2.75,"ms":0.1,"wi":51.68,"ei":9.19,"as":1176.8,"mi":"E","mv":655822,"sc":3,"lpe":89.84,"lpr":3457.04,"lq":2.92,"d":10648221},{"pi":"335176","pc":"Продукты питания","ss":300000,"td":"Фешенебельный район","dc":1,"n":671.76,"vc":"1093584","sl":"Элитный","sv":"30030","p":3892.0,"q":10.06,"b":0.0,"ms":15.67,"wi":59.33,"ei":9.62,"as":1210.0,"mi":"E","mv":191696,"sc":2,"lpe":84.33,"lpr":1560.53,"lq":2.91,"d":2753006},{"pi":"335176","pc":"Продукты питания","ss":80000,"td":"Фешенебельный район","dc":1,"n":427.78,"vc":"38331","sl":"Элитный","sv":"1","p":4999.5,"q":12.24,"b":0.0,"ms":0.0,"wi":59.33,"ei":9.62,"as":1210.0,"mi":"E","mv":191696,"sc":2,"lpe":84.33,"lpr":1560.53,"lq":2.91,"d":2753006},{"pi":"335176","pc":"Продукты питания","ss":100000,"td":"Спальный район","dc":1,"n":277.15,"vc":"61172","sl":"Элитный","sv":"10000","p":1500.0,"q":8.7,"b":0.0,"ms":0.88,"wi":33.04,"ei":6.88,"as":461.89,"mi":"E","mv":1130430,"sc":4,"lpe":97.46,"lpr":1921.14,"lq":1.0,"d":12391712},{"pi":"335176","pc":"Продукты питания","ss":100000,"td":"Спальный район","dc":1,"n":277.15,"vc":"61172","sl":"Элитный","sv":"10000","p":1400.0,"q":8.7,"b":0.0,"ms":0.88,"wi":33.04,"ei":6.88,"as":461.89,"mi":"E","mv":1130430,"sc":4,"lpe":97.46,"lpr":1921.14,"lq":1.0,"d":12391712},{"pi":"335176","pc":"Продукты питания","ss":10000,"td":"Фешенебельный район","dc":1,"n":177.45,"vc":"1351","sl":"Элитный","sv":"5861","p":1600.0,"q":12.14,"b":0.0,"ms":0.52,"wi":33.04,"ei":6.88,"as":461.89,"mi":"E","mv":1130430,"sc":4,"lpe":97.46,"lpr":1921.14,"lq":1.0,"d":12391712},{"pi":"335176","pc":"Продукты питания","ss":100000,"td":"Спальный район","dc":2,"n":392.79,"vc":"185977","sl":"Элитный","sv":"2881","p":6545.0,"q":12.2,"b":0.98,"ms":0.25,"wi":33.04,"ei":6.88,"as":461.89,"mi":"E","mv":1130430,"sc":4,"lpe":97.46,"lpr":1921.14,"lq":1.0,"d":12391712},{"pi":"335176","pc":"Продукты питания","ss":1000,"td":"Центр города","dc":4,"n":23.63,"vc":"542","sl":"Очень высокий","sv":"13","p":900.0,"q":1.0,"b":0.0,"ms":0.04,"wi":18.89,"ei":6.47,"as":194.33,"mi":"E","mv":35703,"sc":2,"lpe":99.96,"lpr":2412.73,"lq":1.0,"d":1439148},{"pi":"335176","pc":"Продукты питания","ss":20000,"td":"Окраина","dc":1,"n":284.3,"vc":"8622","sl":"Элитный","sv":"1","p":4600.0,"q":1.0,"b":0.0,"ms":0.0,"wi":18.89,"ei":6.47,"as":194.33,"mi":"E","mv":35703,"sc":2,"lpe":99.96,"lpr":2412.73,"lq":1.0,"d":1439148},{"pi":"335176","pc":"Продукты питания","ss":1000,"td":"Центр города","dc":5,"n":24.11,"vc":"526","sl":"Очень высокий","sv":"108","p":808.0,"q":1.0,"b":0.0,"ms":0.26,"wi":16.11,"ei":4.43,"as":81.68,"mi":"E","mv":41683,"sc":1,"lpe":99.74,"lpr":804.35,"lq":1.0,"d":1316214},{"pi":"335176","pc":"Продукты питания","ss":1500,"td":"Центр города","dc":5,"n":31.91,"vc":"618","sl":"Очень высокий","sv":"3","p":530.0,"q":1.0,"b":0.0,"ms":0.02,"wi":5.97,"ei":8.89,"as":56.93,"mi":"E","mv":16877,"sc":1,"lpe":99.98,"lpr":544.53,"lq":1.0,"d":3067721},{"pi":"335176","pc":"Продукты питания","ss":100000,"td":"Центр города","dc":10,"n":466.38,"vc":"276468","sl":"Низкий","sv":"4678","p":2130.0,"q":12.14,"b":0.0,"ms":8.39,"wi":31.95,"ei":6.2,"as":370.0,"mi":"E","mv":55774,"sc":1,"lpe":91.61,"lpr":723.91,"lq":1.0,"d":703091},{"pi":"335176","pc":"Продукты питания","ss":10000,"td":"Центр города","dc":2,"n":538.3,"vc":"33284","sl":"Высокий","sv":"1878","p":695.0,"q":10.33,"b":0.0,"ms":22.47,"wi":13.35,"ei":6.07,"as":253.35,"mi":"E","mv":8359,"sc":1,"lpe":77.53,"lpr":231.79,"lq":1.66,"d":278462},{"pi":"335176","pc":"Продукты питания","ss":100000,"td":"Окраина","dc":2,"n":226.14,"vc":"15761","sl":"Очень высокий","sv":"1613","p":1500.0,"q":8.71,"b":1.63,"ms":1.95,"wi":25.53,"ei":7.54,"as":465.74,"mi":"E","mv":82907,"sc":2,"lpe":96.85,"lpr":1553.01,"lq":1.0,"d":1976646},{"pi":"335176","pc":"Продукты питания","ss":15500,"td":"Центр города","dc":1,"n":393.62,"vc":"48046","sl":"Элитный","sv":"1000","p":4700.0,"q":10.16,"b":0.0,"ms":1.21,"wi":25.53,"ei":7.54,"as":465.74,"mi":"E","mv":82907,"sc":2,"lpe":96.85,"lpr":1553.01,"lq":1.0,"d":1976646},{"pi":"335176","pc":"Продукты питания","ss":100000,"td":"Центр города","dc":2,"n":544.3,"vc":"673270","sl":"Нормальный","sv":"4500","p":3200.0,"q":14.59,"b":0.132222222222222,"ms":1.05,"wi":30.38,"ei":5.96,"as":358.17,"mi":"E","mv":429603,"sc":2,"lpe":98.93,"lpr":1301.71,"lq":1.0,"d":3347758},{"pi":"335176","pc":"Продукты питания","ss":100000,"td":"Центр города","dc":8,"n":359.09,"vc":"113427","sl":"Высокий","sv":"100","p":1589.0,"q":7.81,"b":0.0,"ms":0.02,"wi":30.38,"ei":5.96,"as":358.17,"mi":"E","mv":429603,"sc":2,"lpe":98.93,"lpr":1301.71,"lq":1.0,"d":3347758},{"pi":"335176","pc":"Продукты питания","ss":100000,"td":"Центр города","dc":2,"n":276.11,"vc":"129214","sl":"Элитный","sv":"280675","p":2250.0,"q":15.75,"b":0.0,"ms":14.65,"wi":53.02,"ei":6.8,"as":488.79,"mi":"E","mv":1915932,"sc":4,"lpe":84.95,"lpr":1550.13,"lq":1.47,"d":14905102},{"pi":"335176","pc":"Продукты питания","ss":300000,"td":"Центр города","dc":2,"n":496.44,"vc":"1628182","sl":"Высокий","sv":"7000","p":3500.0,"q":21.26,"b":1.53,"ms":0.37,"wi":53.02,"ei":6.8,"as":488.79,"mi":"E","mv":1915932,"sc":4,"lpe":84.95,"lpr":1550.13,"lq":1.47,"d":14905102},{"pi":"335176","pc":"Продукты питания","ss":100000,"td":"Центр города","dc":1,"n":483.7,"vc":"634015","sl":"Очень высокий","sv":"711","p":5000.0,"q":7.04,"b":2.55,"ms":0.04,"wi":53.02,"ei":6.8,"as":488.79,"mi":"E","mv":1915932,"sc":4,"lpe":84.95,"lpr":1550.13,"lq":1.47,"d":14905102},{"pi":"335176","pc":"Продукты питания","ss":100000,"td":"Пригород","dc":7,"n":273.88,"vc":"33724","sl":"Элитный","sv":"5","p":1993.0,"q":8.58,"b":0.0,"ms":0.0,"wi":53.02,"ei":6.8,"as":488.79,"mi":"E","mv":1915932,"sc":4,"lpe":84.95,"lpr":1550.13,"lq":1.47,"d":14905102},{"pi":"335176","pc":"Продукты питания","ss":100000,"td":"Спальный район","dc":1,"n":412.63,"vc":"119333","sl":"Элитный","sv":"2185","p":4000.0,"q":10.61,"b":0.0,"ms":0.75,"wi":30.34,"ei":5.44,"as":331.01,"mi":"E","mv":291924,"sc":1,"lpe":99.25,"lpr":1202.67,"lq":1.0,"d":2022290},{"pi":"335176","pc":"Продукты питания","ss":1000,"td":"Спальный район","dc":1,"n":438.38,"vc":"2910","sl":"Очень высокий","sv":"148","p":5000.0,"q":9.06,"b":0.0,"ms":1.5,"wi":41.09,"ei":6.66,"as":556.5,"mi":"E","mv":9884,"sc":1,"lpe":98.5,"lpr":2070.07,"lq":1.0,"d":157411},{"pi":"335176","pc":"Продукты питания","ss":1000,"td":"Центр города","dc":1,"n":506.73,"vc":"8814","sl":"Низкий","sv":"2569","p":2000.0,"q":7.93,"b":0.0,"ms":6.69,"wi":47.6,"ei":6.53,"as":535.5,"mi":"E","mv":38388,"sc":1,"lpe":93.31,"lpr":2111.19,"lq":3.11,"d":545501},{"pi":"335176","pc":"Продукты питания","ss":100000,"td":"Центр города","dc":10,"n":466.08,"vc":"276082","sl":"Низкий","sv":"6248","p":1900.0,"q":12.14,"b":0.0,"ms":11.4,"wi":29.28,"ei":6.74,"as":380.0,"mi":"E","mv":54801,"sc":1,"lpe":88.6,"lpr":633.4,"lq":1.0,"d":744426},{"pi":"335176","pc":"Продукты питания","ss":300000,"td":"Фешенебельный район","dc":1,"n":687.94,"vc":"656093","sl":"Элитный","sv":"36948","p":2609.0,"q":10.06,"b":0.0,"ms":40.53,"wi":57.59,"ei":9.91,"as":1400.0,"mi":"E","mv":91164,"sc":2,"lpe":56.3,"lpr":1088.15,"lq":2.32,"d":1306224},{"pi":"335176","pc":"Продукты питания","ss":100100,"td":"Центр города","dc":1,"n":265.98,"vc":"50030","sl":"Элитный","sv":"2891","p":2600.0,"q":10.92,"b":0.0,"ms":3.17,"wi":57.59,"ei":9.91,"as":1400.0,"mi":"E","mv":91164,"sc":2,"lpe":56.3,"lpr":1088.15,"lq":2.32,"d":1306224},{"pi":"335176","pc":"Продукты питания","ss":1100,"td":"Центр города","dc":5,"n":22.57,"vc":"426","sl":"Очень высокий","sv":"6","p":524.0,"q":1.0,"b":0.0,"ms":0.06,"wi":8.13,"ei":4.32,"as":100.82,"mi":"E","mv":9721,"sc":1,"lpe":99.94,"lpr":547.42,"lq":1.0,"d":748777},{"pi":"335176","pc":"Продукты питания","ss":300,"td":"Фешенебельный район","dc":2,"n":326.8,"vc":"132","sl":"Элитный","sv":"492","p":2750.0,"q":10.19,"b":0.0,"ms":8.06,"wi":31.73,"ei":6.43,"as":492.27,"mi":"E","mv":6106,"sc":1,"lpe":91.94,"lpr":1383.37,"lq":1.0,"d":145874},{"pi":"335176","pc":"Продукты питания","ss":1000,"td":"Спальный район","dc":1,"n":665.9,"vc":"9980","sl":"Очень низкий","sv":"1000","p":2000.0,"q":7.93,"b":0.0,"ms":10.48,"wi":37.73,"ei":5.54,"as":480.0,"mi":"E","mv":9538,"sc":1,"lpe":89.52,"lpr":1795.89,"lq":2.96,"d":136206},{"pi":"335176","pc":"Продукты питания","ss":100000,"td":"Центр города","dc":7,"n":445.79,"vc":"166598","sl":"Высокий","sv":"25","p":2995.0,"q":7.5,"b":0.0,"ms":0.03,"wi":52.27,"ei":6.17,"as":538.8,"mi":"E","mv":82446,"sc":1,"lpe":99.97,"lpr":2558.47,"lq":1.0,"d":927421},{"pi":"335176","pc":"Продукты питания","ss":32000,"td":"Фешенебельный район","dc":1,"n":277.53,"vc":"4938","sl":"Элитный","sv":"4","p":3900.0,"q":10.33,"b":0.0,"ms":0.0,"wi":21.39,"ei":8.99,"as":227.42,"mi":"E","mv":207584,"sc":1,"lpe":100.0,"lpr":806.09,"lq":1.0,"d":2557429},{"pi":"335176","pc":"Продукты питания","ss":100000,"td":"Центр города","dc":1,"n":156.24,"vc":"20799","sl":"Очень высокий","sv":"750","p":1000.0,"q":7.69,"b":0.0,"ms":0.08,"wi":27.63,"ei":5.96,"as":119.21,"mi":"E","mv":895081,"sc":1,"lpe":99.92,"lpr":809.7,"lq":1.0,"d":6921520},{"pi":"335176","pc":"Продукты питания","ss":100000,"td":"Центр города","dc":7,"n":83.74,"vc":"4485","sl":"Элитный","sv":"8","p":1500.0,"q":6.11,"b":0.8225,"ms":0.02,"wi":41.6,"ei":7.73,"as":661.87,"mi":"E","mv":43850,"sc":1,"lpe":99.98,"lpr":2315.84,"lq":1.0,"d":633388},{"pi":"335176","pc":"Продукты питания","ss":10000,"td":"Центр города","dc":1,"n":197.51,"vc":"13653","sl":"Элитный","sv":"100","p":1050.0,"q":12.14,"b":0.0,"ms":0.01,"wi":20.91,"ei":3.8,"as":57.25,"mi":"E","mv":1035150,"sc":1,"lpe":99.99,"lpr":545.41,"lq":1.0,"d":8353384},{"pi":"335176","pc":"Продукты питания","ss":100000,"td":"Центр города","dc":10,"n":482.49,"vc":"298288","sl":"Низкий","sv":"4398","p":2100.0,"q":12.14,"b":0.0,"ms":8.17,"wi":32.47,"ei":6.41,"as":544.52,"mi":"E","mv":53799,"sc":1,"lpe":91.83,"lpr":727.75,"lq":1.0,"d":561077}]