[{"pi":"3966","pc":"Товары для дома","ss":10000,"td":"Центр города","dc":1,"n":421.29,"vc":"28918","sl":"Очень высокий","sv":"2000","p":3300.0,"q":13.17,"b":1.19,"ms":0.56,"wi":62.72,"ei":7.0,"as":1148.0,"mi":"E","mv":356326,"sc":1,"lpe":99.44,"lpr":1459.18,"lq":1.0,"d":2007074},{"pi":"3966","pc":"Товары для дома","ss":10000,"td":"Спальный район","dc":2,"n":458.88,"vc":"20586","sl":"Очень высокий","sv":"400","p":2800.0,"q":13.17,"b":0.28,"ms":0.39,"wi":49.39,"ei":7.0,"as":1230.33,"mi":"E","mv":102305,"sc":1,"lpe":99.61,"lpr":1170.62,"lq":1.0,"d":781464},{"pi":"3966","pc":"Товары для дома","ss":30000,"td":"Центр города","dc":2,"n":390.32,"vc":"77572","sl":"Очень высокий","sv":"5000","p":2750.0,"q":12.55,"b":1.78,"ms":1.3,"wi":58.91,"ei":7.0,"as":1299.6,"mi":"E","mv":383913,"sc":2,"lpe":98.62,"lpr":1481.05,"lq":1.0,"d":2111474},{"pi":"3966","pc":"Товары для дома","ss":10000,"td":"Центр города","dc":1,"n":417.81,"vc":"28687","sl":"Элитный","sv":"300","p":3300.0,"q":13.17,"b":0.28,"ms":0.08,"wi":58.91,"ei":7.0,"as":1299.6,"mi":"E","mv":383913,"sc":2,"lpe":98.62,"lpr":1481.05,"lq":1.0,"d":2111474},{"pi":"3966","pc":"Товары для дома","ss":100000,"td":"Центр города","dc":1,"n":345.8,"vc":"213171","sl":"Элитный","sv":"36936","p":4000.0,"q":12.9,"b":1.12,"ms":3.16,"wi":79.78,"ei":9.46,"as":2502.0,"mi":"E","mv":1168374,"sc":4,"lpe":94.81,"lpr":2289.74,"lq":1.0,"d":9185246},{"pi":"3966","pc":"Товары для дома","ss":90000,"td":"Пригород","dc":4,"n":441.69,"vc":"130711","sl":"Очень высокий","sv":"12000","p":4300.0,"q":12.2,"b":0.12,"ms":1.03,"wi":79.78,"ei":9.46,"as":2502.0,"mi":"E","mv":1168374,"sc":4,"lpe":94.81,"lpr":2289.74,"lq":1.0,"d":9185246},{"pi":"3966","pc":"Товары для дома","ss":30000,"td":"Центр города","dc":2,"n":321.33,"vc":"48512","sl":"Элитный","sv":"7000","p":5500.0,"q":12.88,"b":0.43,"ms":0.6,"wi":79.78,"ei":9.46,"as":2502.0,"mi":"E","mv":1168374,"sc":4,"lpe":94.81,"lpr":2289.74,"lq":1.0,"d":9185246},{"pi":"3966","pc":"Товары для дома","ss":10000,"td":"Спальный район","dc":2,"n":203.36,"vc":"7370","sl":"Элитный","sv":"4709","p":4800.0,"q":13.15,"b":0.22,"ms":0.4,"wi":79.78,"ei":9.46,"as":2502.0,"mi":"E","mv":1168374,"sc":4,"lpe":94.81,"lpr":2289.74,"lq":1.0,"d":9185246},{"pi":"3966","pc":"Товары для дома","ss":10000,"td":"Центр города","dc":1,"n":392.38,"vc":"13090","sl":"Элитный","sv":"2000","p":3600.0,"q":13.17,"b":0.0,"ms":2.86,"wi":61.17,"ei":7.54,"as":1230.25,"mi":"E","mv":69829,"sc":1,"lpe":97.14,"lpr":1444.39,"lq":1.0,"d":384017}]