[{"pi":"423115","pc":"Бакалея","ss":100000,"td":"Центр города","dc":1,"n":513.03,"vc":"401136","sl":"Элитный","sv":"82000","p":1700.0,"q":25.68,"b":0.22,"ms":9.89,"wi":40.63,"ei":8.35,"as":401.48,"mi":"E","mv":828764,"sc":1,"lpe":90.11,"lpr":632.64,"lq":1.0,"d":1800290},{"pi":"423115","pc":"Бакалея","ss":10000,"td":"Центр города","dc":1,"n":261.4,"vc":"9094","sl":"Элитный","sv":"250","p":1474.73,"q":12.45,"b":0.0,"ms":0.04,"wi":47.36,"ei":13.7,"as":485.13,"mi":"E","mv":714149,"sc":2,"lpe":99.96,"lpr":888.48,"lq":1.0,"d":2201522},{"pi":"423115","pc":"Бакалея","ss":100000,"td":"Фешенебельный район","dc":7,"n":398.57,"vc":"32000","sl":"Элитный","sv":"1","p":4600.0,"q":12.9,"b":0.0,"ms":0.0,"wi":47.36,"ei":13.7,"as":485.13,"mi":"E","mv":714149,"sc":2,"lpe":99.96,"lpr":888.48,"lq":1.0,"d":2201522},{"pi":"423115","pc":"Бакалея","ss":300000,"td":"Центр города","dc":1,"n":689.83,"vc":"8249342","sl":"Низкий","sv":"81919","p":3255.68,"q":28.77,"b":0.0,"ms":8.25,"wi":58.63,"ei":8.06,"as":1539.04,"mi":"E","mv":992905,"sc":2,"lpe":90.85,"lpr":1218.09,"lq":1.0,"d":2386252},{"pi":"423115","pc":"Бакалея","ss":100000,"td":"Пригород","dc":1,"n":613.07,"vc":"463412","sl":"Очень высокий","sv":"8888","p":1555.0,"q":14.33,"b":0.44,"ms":0.9,"wi":58.63,"ei":8.06,"as":1539.04,"mi":"E","mv":992905,"sc":2,"lpe":90.85,"lpr":1218.09,"lq":1.0,"d":2386252},{"pi":"423115","pc":"Бакалея","ss":100000,"td":"Пригород","dc":4,"n":241.32,"vc":"8252","sl":"Элитный","sv":"3333","p":999.0,"q":14.33,"b":0.44,"ms":0.52,"wi":57.45,"ei":7.34,"as":1266.17,"mi":"E","mv":638986,"sc":1,"lpe":99.48,"lpr":958.57,"lq":1.0,"d":1323732},{"pi":"423115","pc":"Бакалея","ss":10000,"td":"Фешенебельный район","dc":1,"n":341.5,"vc":"2709","sl":"Элитный","sv":"413","p":3200.0,"q":8.33,"b":0.0,"ms":0.19,"wi":70.52,"ei":6.92,"as":830.0,"mi":"E","mv":213959,"sc":2,"lpe":99.67,"lpr":1712.65,"lq":1.0,"d":885820},{"pi":"423115","pc":"Бакалея","ss":1000,"td":"Центр города","dc":1,"n":0.0,"vc":"400","sl":"Элитный","sv":"296","p":2200.0,"q":7.08,"b":0.0,"ms":0.14,"wi":70.52,"ei":6.92,"as":830.0,"mi":"E","mv":213959,"sc":2,"lpe":99.67,"lpr":1712.65,"lq":1.0,"d":885820},{"pi":"423115","pc":"Бакалея","ss":100000,"td":"Центр города","dc":1,"n":494.27,"vc":"418617","sl":"Элитный","sv":"39000","p":1400.0,"q":25.68,"b":0.0,"ms":11.11,"wi":23.11,"ei":7.81,"as":332.8,"mi":"E","mv":351166,"sc":1,"lpe":88.89,"lpr":465.02,"lq":1.02,"d":3405138},{"pi":"423115","pc":"Бакалея","ss":100000,"td":"Центр города","dc":1,"n":495.65,"vc":"378020","sl":"Элитный","sv":"100000","p":1600.0,"q":25.68,"b":0.0,"ms":8.55,"wi":43.4,"ei":9.2,"as":395.48,"mi":"E","mv":1169550,"sc":1,"lpe":91.45,"lpr":855.86,"lq":1.0,"d":2720107},{"pi":"423115","pc":"Бакалея","ss":100000,"td":"Центр города","dc":4,"n":505.69,"vc":"224071","sl":"Высокий","sv":"5000","p":185.0,"q":25.68,"b":2.39,"ms":24.38,"wi":9.57,"ei":9.2,"as":157.75,"mi":"E","mv":20506,"sc":2,"lpe":74.4,"lpr":270.35,"lq":1.14,"d":1153568},{"pi":"423115","pc":"Бакалея","ss":10000,"td":"Центр города","dc":1,"n":362.04,"vc":"10767","sl":"Элитный","sv":"250","p":522.83,"q":12.45,"b":0.0,"ms":1.22,"wi":9.57,"ei":9.2,"as":157.75,"mi":"E","mv":20506,"sc":2,"lpe":74.4,"lpr":270.35,"lq":1.14,"d":1153568},{"pi":"423115","pc":"Бакалея","ss":100000,"td":"Центр города","dc":10,"n":394.02,"vc":"67867","sl":"Очень высокий","sv":"1000","p":1200.0,"q":8.98,"b":1.96,"ms":0.69,"wi":44.09,"ei":8.6,"as":566.73,"mi":"E","mv":145305,"sc":1,"lpe":99.31,"lpr":856.86,"lq":1.0,"d":461655},{"pi":"423115","pc":"Бакалея","ss":500,"td":"Фешенебельный район","dc":1,"n":106.85,"vc":"120","sl":"Элитный","sv":"30","p":2100.0,"q":7.08,"b":0.0,"ms":0.02,"wi":33.26,"ei":7.71,"as":382.99,"mi":"E","mv":185317,"sc":1,"lpe":99.98,"lpr":854.44,"lq":1.0,"d":1070130},{"pi":"423115","pc":"Бакалея","ss":100000,"td":"Центр города","dc":2,"n":414.63,"vc":"73080","sl":"Элитный","sv":"9000","p":1400.0,"q":25.68,"b":0.0,"ms":5.31,"wi":41.98,"ei":5.78,"as":781.08,"mi":"E","mv":169616,"sc":2,"lpe":94.69,"lpr":567.39,"lq":1.0,"d":595383},{"pi":"423115","pc":"Бакалея","ss":100000,"td":"Центр города","dc":10,"n":418.01,"vc":"75496","sl":"Нормальный","sv":"10","p":300.0,"q":8.98,"b":1.96,"ms":0.01,"wi":41.98,"ei":5.78,"as":781.08,"mi":"E","mv":169616,"sc":2,"lpe":94.69,"lpr":567.39,"lq":1.0,"d":595383},{"pi":"423115","pc":"Бакалея","ss":600,"td":"Фешенебельный район","dc":10,"n":223.65,"vc":"85","sl":"Высокий","sv":"21","p":2500.0,"q":12.45,"b":0.0,"ms":0.06,"wi":41.89,"ei":6.37,"as":510.0,"mi":"E","mv":33370,"sc":1,"lpe":99.94,"lpr":989.47,"lq":1.0,"d":150000},{"pi":"423115","pc":"Бакалея","ss":100000,"td":"Центр города","dc":10,"n":425.8,"vc":"78236","sl":"Нормальный","sv":"1000","p":600.0,"q":8.98,"b":1.96,"ms":1.8,"wi":33.97,"ei":5.99,"as":686.84,"mi":"E","mv":55458,"sc":1,"lpe":98.2,"lpr":884.35,"lq":1.0,"d":304853},{"pi":"423115","pc":"Бакалея","ss":100000,"td":"Центр города","dc":10,"n":392.1,"vc":"67335","sl":"Очень высокий","sv":"10","p":80.0,"q":8.98,"b":1.96,"ms":0.01,"wi":36.0,"ei":7.37,"as":499.89,"mi":"E","mv":90810,"sc":1,"lpe":99.99,"lpr":889.13,"lq":1.0,"d":406442},{"pi":"423115","pc":"Бакалея","ss":200000,"td":"Центр города","dc":1,"n":500.98,"vc":"1150480","sl":"Очень высокий","sv":"513458","p":2100.0,"q":25.67,"b":4.06,"ms":13.23,"wi":51.41,"ei":10.21,"as":485.24,"mi":"E","mv":3882208,"sc":3,"lpe":86.7,"lpr":630.37,"lq":1.01,"d":7937297},{"pi":"423115","pc":"Бакалея","ss":10000,"td":"Центр города","dc":3,"n":45.92,"vc":"2914","sl":"Очень высокий","sv":"2000","p":800.0,"q":7.98,"b":0.43,"ms":0.05,"wi":51.41,"ei":10.21,"as":485.24,"mi":"E","mv":3882208,"sc":3,"lpe":86.7,"lpr":630.37,"lq":1.01,"d":7937297},{"pi":"423115","pc":"Бакалея","ss":100000,"td":"Центр города","dc":1,"n":417.47,"vc":"268996","sl":"Элитный","sv":"864","p":2500.0,"q":18.98,"b":0.0,"ms":0.02,"wi":51.41,"ei":10.21,"as":485.24,"mi":"E","mv":3882208,"sc":3,"lpe":86.7,"lpr":630.37,"lq":1.01,"d":7937297},{"pi":"423115","pc":"Бакалея","ss":100000,"td":"Центр города","dc":1,"n":497.96,"vc":"410727","sl":"Элитный","sv":"75000","p":1800.0,"q":25.68,"b":0.22,"ms":9.83,"wi":43.31,"ei":10.36,"as":626.48,"mi":"E","mv":762933,"sc":1,"lpe":90.17,"lpr":994.52,"lq":1.0,"d":2913576},{"pi":"423115","pc":"Бакалея","ss":1000,"td":"Центр города","dc":3,"n":140.0,"vc":"792","sl":"Очень высокий","sv":"500","p":500.0,"q":7.98,"b":1.04,"ms":0.4,"wi":44.27,"ei":6.43,"as":852.09,"mi":"E","mv":125362,"sc":1,"lpe":99.6,"lpr":880.4,"lq":1.0,"d":653500},{"pi":"423115","pc":"Бакалея","ss":1000,"td":"Центр города","dc":2,"n":225.79,"vc":"2241","sl":"Нормальный","sv":"171","p":2500.0,"q":19.02,"b":0.0,"ms":0.05,"wi":76.41,"ei":6.74,"as":520.0,"mi":"E","mv":316096,"sc":1,"lpe":99.95,"lpr":1198.28,"lq":1.0,"d":1007644},{"pi":"423115","pc":"Бакалея","ss":300000,"td":"Центр города","dc":4,"n":506.88,"vc":"690991","sl":"Очень высокий","sv":"47000","p":2100.0,"q":25.68,"b":0.0,"ms":9.72,"wi":43.38,"ei":6.7,"as":374.03,"mi":"E","mv":483409,"sc":1,"lpe":90.28,"lpr":678.51,"lq":1.02,"d":966800},{"pi":"423115","pc":"Бакалея","ss":100000,"td":"Центр города","dc":2,"n":502.03,"vc":"218282","sl":"Элитный","sv":"30000","p":1600.0,"q":25.68,"b":0.0,"ms":14.02,"wi":56.44,"ei":6.85,"as":380.03,"mi":"E","mv":214017,"sc":2,"lpe":84.11,"lpr":441.5,"lq":1.19,"d":428016},{"pi":"423115","pc":"Бакалея","ss":10000,"td":"Центр города","dc":2,"n":392.46,"vc":"13605","sl":"Элитный","sv":"4000","p":924.26,"q":17.52,"b":0.0,"ms":1.87,"wi":56.44,"ei":6.85,"as":380.03,"mi":"E","mv":214017,"sc":2,"lpe":84.11,"lpr":441.5,"lq":1.19,"d":428016},{"pi":"423115","pc":"Бакалея","ss":200000,"td":"Центр города","dc":3,"n":500.03,"vc":"654838","sl":"Высокий","sv":"92000","p":1800.0,"q":25.19,"b":0.0,"ms":11.7,"wi":61.14,"ei":8.95,"as":503.46,"mi":"E","mv":786380,"sc":2,"lpe":88.16,"lpr":630.04,"lq":1.25,"d":1890013},{"pi":"423115","pc":"Бакалея","ss":10000,"td":"Пригород","dc":2,"n":414.87,"vc":"10259","sl":"Элитный","sv":"1111","p":1111.0,"q":15.27,"b":4.02,"ms":0.14,"wi":61.14,"ei":8.95,"as":503.46,"mi":"E","mv":786380,"sc":2,"lpe":88.16,"lpr":630.04,"lq":1.25,"d":1890013},{"pi":"423115","pc":"Бакалея","ss":4000,"td":"Центр города","dc":2,"n":299.95,"vc":"1634","sl":"Элитный","sv":"250","p":2250.0,"q":14.43,"b":0.0,"ms":9.09,"wi":23.17,"ei":8.33,"as":763.85,"mi":"E","mv":2749,"sc":1,"lpe":90.91,"lpr":1077.02,"lq":1.0,"d":62655},{"pi":"423115","pc":"Бакалея","ss":1000,"td":"Центр города","dc":1,"n":383.55,"vc":"2520","sl":"Очень высокий","sv":"1000","p":1000.0,"q":8.76,"b":1.56,"ms":1.07,"wi":26.96,"ei":5.07,"as":319.85,"mi":"E","mv":93064,"sc":2,"lpe":98.76,"lpr":550.72,"lq":1.0,"d":708233},{"pi":"423115","pc":"Бакалея","ss":500,"td":"Центр города","dc":1,"n":371.25,"vc":"1462","sl":"Высокий","sv":"150","p":1058.65,"q":12.45,"b":0.0,"ms":0.16,"wi":26.96,"ei":5.07,"as":319.85,"mi":"E","mv":93064,"sc":2,"lpe":98.76,"lpr":550.72,"lq":1.0,"d":708233},{"pi":"423115","pc":"Бакалея","ss":300000,"td":"Центр города","dc":3,"n":502.47,"vc":"691571","sl":"Очень высокий","sv":"50000","p":2100.0,"q":25.19,"b":0.0,"ms":9.14,"wi":41.77,"ei":5.17,"as":324.21,"mi":"E","mv":546980,"sc":2,"lpe":90.82,"lpr":647.95,"lq":1.0,"d":1093944},{"pi":"423115","pc":"Бакалея","ss":20000,"td":"Центр города","dc":1,"n":447.35,"vc":"48156","sl":"Очень высокий","sv":"200","p":1620.0,"q":7.08,"b":0.0,"ms":0.04,"wi":41.77,"ei":5.17,"as":324.21,"mi":"E","mv":546980,"sc":2,"lpe":90.82,"lpr":647.95,"lq":1.0,"d":1093944},{"pi":"423115","pc":"Бакалея","ss":500,"td":"Центр города","dc":1,"n":341.05,"vc":"1473","sl":"Высокий","sv":"200","p":1557.92,"q":12.45,"b":0.0,"ms":0.1,"wi":42.65,"ei":7.51,"as":296.6,"mi":"E","mv":202984,"sc":1,"lpe":99.9,"lpr":810.45,"lq":1.0,"d":854206},{"pi":"423115","pc":"Бакалея","ss":500,"td":"Центр города","dc":1,"n":415.78,"vc":"1458","sl":"Высокий","sv":"100","p":469.12,"q":12.45,"b":0.0,"ms":0.21,"wi":28.45,"ei":4.1,"as":196.69,"mi":"E","mv":46714,"sc":1,"lpe":99.79,"lpr":251.8,"lq":1.0,"d":370375},{"pi":"423115","pc":"Бакалея","ss":100000,"td":"Центр города","dc":1,"n":492.93,"vc":"397468","sl":"Элитный","sv":"100000","p":2300.0,"q":25.68,"b":0.0,"ms":8.82,"wi":37.74,"ei":8.34,"as":368.44,"mi":"E","mv":1134281,"sc":3,"lpe":91.07,"lpr":645.68,"lq":1.0,"d":3046448},{"pi":"423115","pc":"Бакалея","ss":180000,"td":"Центр города","dc":3,"n":387.79,"vc":"232358","sl":"Элитный","sv":"1000","p":1520.0,"q":7.08,"b":0.0,"ms":0.09,"wi":37.74,"ei":8.34,"as":368.44,"mi":"E","mv":1134281,"sc":3,"lpe":91.07,"lpr":645.68,"lq":1.0,"d":3046448},{"pi":"423115","pc":"Бакалея","ss":1000,"td":"Центр города","dc":3,"n":63.38,"vc":"881","sl":"Высокий","sv":"300","p":600.0,"q":7.98,"b":0.0,"ms":0.03,"wi":37.74,"ei":8.34,"as":368.44,"mi":"E","mv":1134281,"sc":3,"lpe":91.07,"lpr":645.68,"lq":1.0,"d":3046448},{"pi":"423115","pc":"Бакалея","ss":100000,"td":"Фешенебельный район","dc":7,"n":636.03,"vc":"135253","sl":"Высокий","sv":"1000","p":1990.0,"q":7.08,"b":0.0,"ms":0.36,"wi":52.91,"ei":9.63,"as":496.97,"mi":"E","mv":275000,"sc":2,"lpe":99.57,"lpr":940.5,"lq":1.0,"d":819904},{"pi":"423115","pc":"Бакалея","ss":20000,"td":"Центр города","dc":2,"n":74.95,"vc":"2003","sl":"Элитный","sv":"188","p":1900.0,"q":7.14,"b":0.0,"ms":0.07,"wi":52.91,"ei":9.63,"as":496.97,"mi":"E","mv":275000,"sc":2,"lpe":99.57,"lpr":940.5,"lq":1.0,"d":819904},{"pi":"423115","pc":"Бакалея","ss":300000,"td":"Центр города","dc":2,"n":499.37,"vc":"760033","sl":"Элитный","sv":"77000","p":1700.0,"q":25.68,"b":1.74,"ms":9.87,"wi":49.96,"ei":7.81,"as":400.0,"mi":"E","mv":780058,"sc":2,"lpe":90.06,"lpr":570.53,"lq":1.03,"d":1560098},{"pi":"423115","pc":"Бакалея","ss":100000,"td":"Фешенебельный район","dc":4,"n":341.19,"vc":"16448","sl":"Элитный","sv":"500","p":1105.0,"q":9.65,"b":0.0,"ms":0.06,"wi":49.96,"ei":7.81,"as":400.0,"mi":"E","mv":780058,"sc":2,"lpe":90.06,"lpr":570.53,"lq":1.03,"d":1560098},{"pi":"423115","pc":"Бакалея","ss":1000,"td":"Центр города","dc":1,"n":354.37,"vc":"2493","sl":"Очень высокий","sv":"10000","p":1200.0,"q":8.76,"b":1.51,"ms":4.62,"wi":47.92,"ei":6.7,"as":411.38,"mi":"E","mv":216571,"sc":1,"lpe":95.38,"lpr":858.34,"lq":1.0,"d":1145586},{"pi":"423115","pc":"Бакалея","ss":1000,"td":"Фешенебельный район","dc":2,"n":590.34,"vc":"1078","sl":"Очень высокий","sv":"1160","p":497.0,"q":19.02,"b":2.14,"ms":4.9,"wi":30.42,"ei":6.8,"as":676.87,"mi":"E","mv":23659,"sc":1,"lpe":95.1,"lpr":203.48,"lq":1.0,"d":364314},{"pi":"423115","pc":"Бакалея","ss":100000,"td":"Фешенебельный район","dc":10,"n":340.93,"vc":"8161","sl":"Элитный","sv":"500","p":1200.0,"q":8.76,"b":1.76,"ms":0.2,"wi":46.42,"ei":7.3,"as":627.02,"mi":"E","mv":245056,"sc":1,"lpe":99.8,"lpr":856.25,"lq":1.0,"d":802170},{"pi":"423115","pc":"Бакалея","ss":100000,"td":"Центр города","dc":10,"n":387.8,"vc":"66546","sl":"Очень высокий","sv":"500","p":1200.0,"q":8.76,"b":1.76,"ms":0.71,"wi":31.84,"ei":7.85,"as":603.38,"mi":"E","mv":70723,"sc":1,"lpe":99.29,"lpr":860.38,"lq":1.0,"d":416978},{"pi":"423115","pc":"Бакалея","ss":500,"td":"Фешенебельный район","dc":1,"n":522.16,"vc":"487","sl":"Элитный","sv":"200","p":700.0,"q":22.74,"b":1.97,"ms":0.56,"wi":20.65,"ei":4.0,"as":158.61,"mi":"E","mv":35522,"sc":1,"lpe":99.44,"lpr":777.9,"lq":1.0,"d":473334},{"pi":"423115","pc":"Бакалея","ss":100000,"td":"Фешенебельный район","dc":10,"n":438.22,"vc":"12603","sl":"Элитный","sv":"500","p":1200.0,"q":8.76,"b":1.76,"ms":1.04,"wi":43.58,"ei":8.27,"as":775.21,"mi":"E","mv":48303,"sc":1,"lpe":98.96,"lpr":954.01,"lq":1.0,"d":203598},{"pi":"423115","pc":"Бакалея","ss":100000,"td":"Пригород","dc":2,"n":578.34,"vc":"232765","sl":"Очень высокий","sv":"1111","p":430.7,"q":14.33,"b":3.06,"ms":0.37,"wi":56.89,"ei":9.91,"as":1255.43,"mi":"E","mv":298470,"sc":1,"lpe":99.63,"lpr":1041.09,"lq":1.0,"d":866377},{"pi":"423115","pc":"Бакалея","ss":300000,"td":"Центр города","dc":4,"n":493.41,"vc":"673390","sl":"Очень высокий","sv":"60000","p":1200.0,"q":25.68,"b":2.24,"ms":9.23,"wi":38.84,"ei":2.5,"as":233.96,"mi":"E","mv":650009,"sc":1,"lpe":90.77,"lpr":324.04,"lq":1.0,"d":1300000},{"pi":"423115","pc":"Бакалея","ss":100000,"td":"Центр города","dc":1,"n":503.03,"vc":"425805","sl":"Элитный","sv":"275613","p":1300.0,"q":25.65,"b":2.24,"ms":19.62,"wi":39.72,"ei":5.0,"as":366.35,"mi":"E","mv":1404899,"sc":1,"lpe":80.38,"lpr":384.73,"lq":1.04,"d":2809780},{"pi":"423115","pc":"Бакалея","ss":10000,"td":"Центр города","dc":1,"n":434.17,"vc":"42747","sl":"Очень высокий","sv":"10000","p":2938.0,"q":34.09,"b":0.0,"ms":0.57,"wi":49.0,"ei":9.22,"as":582.17,"mi":"E","mv":1749894,"sc":1,"lpe":99.43,"lpr":859.82,"lq":1.0,"d":4670247},{"pi":"423115","pc":"Бакалея","ss":100000,"td":"Центр города","dc":10,"n":417.97,"vc":"75810","sl":"Низкий","sv":"1000","p":1200.0,"q":8.98,"b":1.98,"ms":0.88,"wi":35.6,"ei":4.5,"as":498.36,"mi":"E","mv":113596,"sc":1,"lpe":99.12,"lpr":857.56,"lq":1.0,"d":295646},{"pi":"423115","pc":"Бакалея","ss":100000,"td":"Фешенебельный район","dc":10,"n":419.29,"vc":"11439","sl":"Очень высокий","sv":"1000","p":500.0,"q":8.98,"b":1.98,"ms":1.57,"wi":35.06,"ei":4.73,"as":569.04,"mi":"E","mv":63525,"sc":2,"lpe":96.85,"lpr":855.58,"lq":1.0,"d":432432},{"pi":"423115","pc":"Бакалея","ss":100000,"td":"Центр города","dc":1,"n":598.75,"vc":"428315","sl":"Элитный","sv":"1000","p":1700.0,"q":28.45,"b":0.0,"ms":1.57,"wi":35.06,"ei":4.73,"as":569.04,"mi":"E","mv":63525,"sc":2,"lpe":96.85,"lpr":855.58,"lq":1.0,"d":432432},{"pi":"423115","pc":"Бакалея","ss":100000,"td":"Центр города","dc":1,"n":549.8,"vc":"412664","sl":"Низкий","sv":"4000","p":1000.0,"q":7.05,"b":0.0,"ms":4.89,"wi":22.01,"ei":10.38,"as":215.62,"mi":"E","mv":81879,"sc":1,"lpe":95.11,"lpr":1086.22,"lq":1.0,"d":1958164},{"pi":"423115","pc":"Бакалея","ss":100000,"td":"Центр города","dc":1,"n":513.05,"vc":"230309","sl":"Элитный","sv":"13575","p":700.0,"q":25.66,"b":2.39,"ms":13.33,"wi":14.66,"ei":13.13,"as":368.31,"mi":"E","mv":101843,"sc":1,"lpe":86.67,"lpr":147.29,"lq":1.02,"d":1491595},{"pi":"423115","pc":"Бакалея","ss":10000,"td":"Центр города","dc":2,"n":164.51,"vc":"2143","sl":"Элитный","sv":"484","p":2500.0,"q":14.48,"b":0.87,"ms":0.2,"wi":56.96,"ei":9.3,"as":1427.81,"mi":"E","mv":244875,"sc":1,"lpe":99.8,"lpr":1173.45,"lq":1.0,"d":571745},{"pi":"423115","pc":"Бакалея","ss":100000,"td":"Центр города","dc":1,"n":528.83,"vc":"534431","sl":"Очень высокий","sv":"100000","p":1800.0,"q":25.68,"b":2.24,"ms":7.78,"wi":48.22,"ei":8.14,"as":550.51,"mi":"E","mv":1285261,"sc":2,"lpe":89.57,"lpr":831.56,"lq":1.81,"d":2647357},{"pi":"423115","pc":"Бакалея","ss":2000,"td":"Центр города","dc":1,"n":194.79,"vc":"2546","sl":"Элитный","sv":"34000","p":990.0,"q":22.74,"b":1.69,"ms":2.65,"wi":48.22,"ei":8.14,"as":550.51,"mi":"E","mv":1285261,"sc":2,"lpe":89.57,"lpr":831.56,"lq":1.81,"d":2647357},{"pi":"423115","pc":"Бакалея","ss":100000,"td":"Фешенебельный район","dc":10,"n":424.83,"vc":"11774","sl":"Элитный","sv":"500","p":1400.0,"q":8.76,"b":1.76,"ms":1.23,"wi":31.66,"ei":6.14,"as":589.01,"mi":"E","mv":40693,"sc":1,"lpe":98.77,"lpr":856.15,"lq":1.0,"d":231572},{"pi":"423115","pc":"Бакалея","ss":100000,"td":"Центр города","dc":10,"n":453.74,"vc":"89641","sl":"Низкий","sv":"500","p":1200.0,"q":8.76,"b":1.76,"ms":2.0,"wi":29.33,"ei":5.65,"as":482.15,"mi":"E","mv":25044,"sc":1,"lpe":98.0,"lpr":872.51,"lq":1.0,"d":205748},{"pi":"423115","pc":"Бакалея","ss":10000,"td":"Центр города","dc":4,"n":55.31,"vc":"1908","sl":"Элитный","sv":"500","p":1200.0,"q":7.98,"b":0.52,"ms":0.06,"wi":73.44,"ei":10.13,"as":1418.97,"mi":"E","mv":876315,"sc":1,"lpe":99.94,"lpr":1805.73,"lq":1.0,"d":1940426},{"pi":"423115","pc":"Бакалея","ss":100000,"td":"Центр города","dc":10,"n":495.84,"vc":"109118","sl":"Низкий","sv":"1000","p":1200.0,"q":8.98,"b":1.98,"ms":2.88,"wi":25.74,"ei":5.81,"as":645.13,"mi":"E","mv":34742,"sc":1,"lpe":97.12,"lpr":851.4,"lq":1.0,"d":103071},{"pi":"423115","pc":"Бакалея","ss":100000,"td":"Центр города","dc":10,"n":555.03,"vc":"298368","sl":"Низкий","sv":"1000","p":1500.0,"q":8.98,"b":1.98,"ms":0.53,"wi":42.93,"ei":6.8,"as":569.12,"mi":"E","mv":187546,"sc":1,"lpe":99.47,"lpr":860.0,"lq":1.0,"d":493446},{"pi":"423115","pc":"Бакалея","ss":200000,"td":"Центр города","dc":1,"n":488.01,"vc":"997271","sl":"Элитный","sv":"250000","p":600.0,"q":25.68,"b":0.25,"ms":6.67,"wi":42.0,"ei":7.38,"as":569.58,"mi":"E","mv":3746934,"sc":1,"lpe":93.33,"lpr":326.06,"lq":1.0,"d":7759910},{"pi":"423115","pc":"Бакалея","ss":200000,"td":"Центр города","dc":1,"n":487.84,"vc":"1218235","sl":"Очень высокий","sv":"300000","p":700.0,"q":25.68,"b":3.27,"ms":5.42,"wi":45.82,"ei":8.65,"as":615.72,"mi":"E","mv":5538747,"sc":1,"lpe":94.58,"lpr":399.48,"lq":1.0,"d":13814734},{"pi":"423115","pc":"Бакалея","ss":11000,"td":"Центр города","dc":1,"n":368.66,"vc":"11518","sl":"Элитный","sv":"100","p":1655.66,"q":12.45,"b":0.0,"ms":0.05,"wi":46.39,"ei":7.53,"as":889.8,"mi":"E","mv":205420,"sc":1,"lpe":99.95,"lpr":851.08,"lq":1.0,"d":740963},{"pi":"423115","pc":"Бакалея","ss":100000,"td":"Фешенебельный район","dc":10,"n":367.7,"vc":"9114","sl":"Элитный","sv":"1000","p":700.0,"q":8.98,"b":1.98,"ms":0.41,"wi":44.49,"ei":6.0,"as":520.55,"mi":"E","mv":244497,"sc":2,"lpe":99.47,"lpr":860.7,"lq":1.0,"d":636296},{"pi":"423115","pc":"Бакалея","ss":10000,"td":"Центр города","dc":1,"n":355.99,"vc":"10522","sl":"Элитный","sv":"300","p":1654.51,"q":12.45,"b":0.0,"ms":0.12,"wi":44.49,"ei":6.0,"as":520.55,"mi":"E","mv":244497,"sc":2,"lpe":99.47,"lpr":860.7,"lq":1.0,"d":636296},{"pi":"423115","pc":"Бакалея","ss":100000,"td":"Центр города","dc":10,"n":614.25,"vc":"386750","sl":"Низкий","sv":"11980","p":1500.0,"q":8.74,"b":1.41,"ms":4.18,"wi":52.18,"ei":6.76,"as":1256.54,"mi":"E","mv":286502,"sc":1,"lpe":95.82,"lpr":569.27,"lq":1.0,"d":3053989},{"pi":"423115","pc":"Бакалея","ss":1000,"td":"Центр города","dc":1,"n":167.08,"vc":"810","sl":"Элитный","sv":"50","p":2000.0,"q":7.08,"b":0.0,"ms":0.02,"wi":44.17,"ei":5.0,"as":337.91,"mi":"E","mv":225622,"sc":1,"lpe":99.98,"lpr":852.33,"lq":1.0,"d":451228},{"pi":"423115","pc":"Бакалея","ss":100000,"td":"Центр города","dc":1,"n":480.95,"vc":"367263","sl":"Элитный","sv":"63000","p":1400.0,"q":25.68,"b":1.27,"ms":9.95,"wi":31.0,"ei":9.41,"as":290.44,"mi":"E","mv":633252,"sc":1,"lpe":90.05,"lpr":437.68,"lq":1.04,"d":3377636},{"pi":"423115","pc":"Бакалея","ss":1000,"td":"Фешенебельный район","dc":1,"n":452.81,"vc":"393","sl":"Элитный","sv":"1000","p":1600.0,"q":8.76,"b":2.1,"ms":3.67,"wi":67.38,"ei":9.06,"as":1685.29,"mi":"E","mv":27243,"sc":2,"lpe":96.28,"lpr":1867.47,"lq":1.0,"d":129256},{"pi":"423115","pc":"Бакалея","ss":1000,"td":"Центр города","dc":1,"n":263.29,"vc":"900","sl":"Элитный","sv":"13","p":5000.0,"q":5.95,"b":0.0,"ms":0.05,"wi":67.38,"ei":9.06,"as":1685.29,"mi":"E","mv":27243,"sc":2,"lpe":96.28,"lpr":1867.47,"lq":1.0,"d":129256},{"pi":"423115","pc":"Бакалея","ss":1000,"td":"Фешенебельный район","dc":1,"n":547.95,"vc":"421","sl":"Элитный","sv":"100","p":750.0,"q":8.76,"b":2.1,"ms":0.85,"wi":30.87,"ei":8.3,"as":910.0,"mi":"E","mv":11785,"sc":1,"lpe":99.15,"lpr":854.28,"lq":1.0,"d":136152},{"pi":"423115","pc":"Бакалея","ss":200000,"td":"Центр города","dc":1,"n":493.89,"vc":"1010238","sl":"Элитный","sv":"120000","p":1700.0,"q":25.68,"b":1.9,"ms":8.17,"wi":37.85,"ei":4.1,"as":564.39,"mi":"E","mv":1468682,"sc":2,"lpe":91.35,"lpr":732.05,"lq":1.0,"d":6760400},{"pi":"423115","pc":"Бакалея","ss":10000,"td":"Центр города","dc":2,"n":97.12,"vc":"4023","sl":"Элитный","sv":"7000","p":699.99,"q":2.6,"b":0.0,"ms":0.48,"wi":37.85,"ei":4.1,"as":564.39,"mi":"E","mv":1468682,"sc":2,"lpe":91.35,"lpr":732.05,"lq":1.0,"d":6760400},{"pi":"423115","pc":"Бакалея","ss":2000,"td":"Центр города","dc":2,"n":146.07,"vc":"798","sl":"Элитный","sv":"634","p":1029.0,"q":2.6,"b":0.0,"ms":2.97,"wi":12.64,"ei":2.8,"as":216.6,"mi":"E","mv":21378,"sc":1,"lpe":97.03,"lpr":741.39,"lq":1.0,"d":271746},{"pi":"423115","pc":"Бакалея","ss":100000,"td":"Фешенебельный район","dc":10,"n":424.4,"vc":"11770","sl":"Элитный","sv":"13629","p":1500.0,"q":8.74,"b":1.41,"ms":13.11,"wi":38.34,"ei":6.13,"as":1028.6,"mi":"E","mv":103992,"sc":1,"lpe":86.89,"lpr":592.37,"lq":1.14,"d":605360},{"pi":"423115","pc":"Бакалея","ss":100000,"td":"Центр города","dc":2,"n":493.04,"vc":"227495","sl":"Очень высокий","sv":"16000","p":1200.0,"q":25.68,"b":2.39,"ms":23.55,"wi":19.4,"ei":9.91,"as":219.02,"mi":"E","mv":67945,"sc":1,"lpe":76.45,"lpr":385.41,"lq":1.1,"d":1678326},{"pi":"423115","pc":"Бакалея","ss":100000,"td":"Центр города","dc":1,"n":481.09,"vc":"197482","sl":"Элитный","sv":"14000","p":1400.0,"q":25.68,"b":2.39,"ms":10.78,"wi":34.5,"ei":9.48,"as":426.08,"mi":"E","mv":129867,"sc":2,"lpe":88.49,"lpr":534.77,"lq":1.48,"d":945778},{"pi":"423115","pc":"Бакалея","ss":10100,"td":"Центр города","dc":10,"n":15.24,"vc":"928","sl":"Элитный","sv":"944","p":509.9,"q":1.0,"b":0.0,"ms":0.73,"wi":34.5,"ei":9.48,"as":426.08,"mi":"E","mv":129867,"sc":2,"lpe":88.49,"lpr":534.77,"lq":1.48,"d":945778},{"pi":"423115","pc":"Бакалея","ss":100000,"td":"Центр города","dc":3,"n":494.22,"vc":"232045","sl":"Очень высокий","sv":"4000","p":200.0,"q":25.68,"b":2.39,"ms":24.71,"wi":7.49,"ei":9.21,"as":142.08,"mi":"E","mv":16186,"sc":1,"lpe":75.29,"lpr":834.75,"lq":1.99,"d":4262959},{"pi":"423115","pc":"Бакалея","ss":100000,"td":"Фешенебельный район","dc":7,"n":411.55,"vc":"33596","sl":"Элитный","sv":"56","p":3000.0,"q":8.02,"b":0.0,"ms":0.01,"wi":49.53,"ei":8.82,"as":474.63,"mi":"E","mv":512592,"sc":1,"lpe":99.99,"lpr":816.11,"lq":1.0,"d":1737022},{"pi":"423115","pc":"Бакалея","ss":100000,"td":"Центр города","dc":2,"n":521.31,"vc":"240168","sl":"Очень высокий","sv":"14000","p":1120.0,"q":25.68,"b":2.39,"ms":22.64,"wi":24.95,"ei":14.44,"as":648.34,"mi":"E","mv":61825,"sc":2,"lpe":75.74,"lpr":384.93,"lq":1.25,"d":824554},{"pi":"423115","pc":"Бакалея","ss":10000,"td":"Центр города","dc":1,"n":376.02,"vc":"11012","sl":"Элитный","sv":"1000","p":734.13,"q":12.45,"b":0.0,"ms":1.62,"wi":24.95,"ei":14.44,"as":648.34,"mi":"E","mv":61825,"sc":2,"lpe":75.74,"lpr":384.93,"lq":1.25,"d":824554},{"pi":"423115","pc":"Бакалея","ss":200000,"td":"Центр города","dc":2,"n":332.36,"vc":"101979","sl":"Очень высокий","sv":"4374","p":1800.0,"q":18.99,"b":0.0,"ms":13.22,"wi":15.19,"ei":5.63,"as":173.79,"mi":"E","mv":33079,"sc":1,"lpe":86.78,"lpr":658.64,"lq":1.1,"d":1174246},{"pi":"423115","pc":"Бакалея","ss":100000,"td":"Центр города","dc":1,"n":502.91,"vc":"378742","sl":"Элитный","sv":"98000","p":1500.0,"q":25.19,"b":2.39,"ms":10.46,"wi":41.94,"ei":6.52,"as":288.14,"mi":"E","mv":936785,"sc":3,"lpe":89.35,"lpr":495.93,"lq":1.04,"d":2083537},{"pi":"423115","pc":"Бакалея","ss":1000,"td":"Фешенебельный район","dc":3,"n":60.85,"vc":"113","sl":"Элитный","sv":"1692","p":500.0,"q":5.53,"b":0.0,"ms":0.18,"wi":41.94,"ei":6.52,"as":288.14,"mi":"E","mv":936785,"sc":3,"lpe":89.35,"lpr":495.93,"lq":1.04,"d":2083537},{"pi":"423115","pc":"Бакалея","ss":10000,"td":"Центр города","dc":1,"n":263.65,"vc":"9028","sl":"Элитный","sv":"100","p":807.67,"q":12.45,"b":0.0,"ms":0.01,"wi":41.94,"ei":6.52,"as":288.14,"mi":"E","mv":936785,"sc":3,"lpe":89.35,"lpr":495.93,"lq":1.04,"d":2083537},{"pi":"423115","pc":"Бакалея","ss":200000,"td":"Центр города","dc":7,"n":328.16,"vc":"168847","sl":"Очень высокий","sv":"62677","p":1750.0,"q":21.16,"b":0.0,"ms":7.74,"wi":15.26,"ei":5.07,"as":248.05,"mi":"E","mv":809356,"sc":2,"lpe":92.23,"lpr":547.87,"lq":1.17,"d":8979806},{"pi":"423115","pc":"Бакалея","ss":10000,"td":"Центр города","dc":5,"n":52.85,"vc":"2718","sl":"Нормальный","sv":"200","p":400.0,"q":7.98,"b":0.0,"ms":0.02,"wi":15.26,"ei":5.07,"as":248.05,"mi":"E","mv":809356,"sc":2,"lpe":92.23,"lpr":547.87,"lq":1.17,"d":8979806},{"pi":"423115","pc":"Бакалея","ss":2000,"td":"Центр города","dc":2,"n":192.98,"vc":"1121","sl":"Элитный","sv":"1312","p":904.99,"q":2.6,"b":0.0,"ms":18.42,"wi":14.79,"ei":3.96,"as":283.89,"mi":"E","mv":7121,"sc":1,"lpe":81.58,"lpr":700.33,"lq":1.18,"d":279005},{"pi":"423115","pc":"Бакалея","ss":100000,"td":"Фешенебельный район","dc":10,"n":402.94,"vc":"10657","sl":"Элитный","sv":"10000","p":1200.0,"q":8.76,"b":1.41,"ms":8.12,"wi":42.01,"ei":5.96,"as":840.23,"mi":"E","mv":123090,"sc":1,"lpe":91.88,"lpr":678.38,"lq":1.0,"d":374855},{"pi":"423115","pc":"Бакалея","ss":200000,"td":"Центр города","dc":1,"n":486.7,"vc":"553236","sl":"Элитный","sv":"52994","p":2400.0,"q":25.63,"b":4.01,"ms":8.7,"wi":58.06,"ei":9.31,"as":842.54,"mi":"E","mv":609049,"sc":2,"lpe":90.25,"lpr":817.01,"lq":1.11,"d":2290569},{"pi":"423115","pc":"Бакалея","ss":100000,"td":"Центр города","dc":10,"n":291.79,"vc":"44817","sl":"Элитный","sv":"6373","p":1800.0,"q":8.74,"b":1.41,"ms":1.05,"wi":58.06,"ei":9.31,"as":842.54,"mi":"E","mv":609049,"sc":2,"lpe":90.25,"lpr":817.01,"lq":1.11,"d":2290569},{"pi":"423115","pc":"Бакалея","ss":2000,"td":"Центр города","dc":2,"n":136.49,"vc":"793","sl":"Элитный","sv":"647","p":959.99,"q":2.6,"b":0.0,"ms":2.93,"wi":14.2,"ei":4.62,"as":218.35,"mi":"E","mv":22106,"sc":1,"lpe":97.07,"lpr":693.31,"lq":1.0,"d":368680},{"pi":"423115","pc":"Бакалея","ss":2000,"td":"Центр города","dc":2,"n":262.09,"vc":"1517","sl":"Элитный","sv":"375","p":899.99,"q":2.6,"b":0.0,"ms":2.13,"wi":13.14,"ei":2.6,"as":169.07,"mi":"E","mv":17613,"sc":1,"lpe":97.87,"lpr":579.21,"lq":1.0,"d":240476},{"pi":"423115","pc":"Бакалея","ss":2000,"td":"Центр города","dc":2,"n":297.8,"vc":"1650","sl":"Элитный","sv":"394","p":849.99,"q":2.6,"b":0.0,"ms":3.09,"wi":12.24,"ei":2.6,"as":141.92,"mi":"E","mv":12755,"sc":1,"lpe":96.91,"lpr":545.42,"lq":1.0,"d":126160},{"pi":"423115","pc":"Бакалея","ss":2000,"td":"Центр города","dc":2,"n":290.28,"vc":"1263","sl":"Элитный","sv":"864","p":819.99,"q":2.6,"b":0.0,"ms":13.32,"wi":17.11,"ei":2.4,"as":185.25,"mi":"E","mv":6488,"sc":1,"lpe":86.68,"lpr":580.92,"lq":1.0,"d":90705},{"pi":"423115","pc":"Бакалея","ss":500,"td":"Фешенебельный район","dc":1,"n":706.45,"vc":"454","sl":"Элитный","sv":"300","p":2600.0,"q":28.22,"b":6.49,"ms":4.41,"wi":86.62,"ei":11.59,"as":6064.68,"mi":"E","mv":6809,"sc":3,"lpe":91.47,"lpr":1133.97,"lq":1.0,"d":65057},{"pi":"423115","pc":"Бакалея","ss":10000,"td":"Центр города","dc":1,"n":618.55,"vc":"24932","sl":"Элитный","sv":"181","p":3008.02,"q":26.35,"b":0.0,"ms":2.66,"wi":86.62,"ei":11.59,"as":6064.68,"mi":"E","mv":6809,"sc":3,"lpe":91.47,"lpr":1133.97,"lq":1.0,"d":65057},{"pi":"423115","pc":"Бакалея","ss":10000,"td":"Центр города","dc":10,"n":707.28,"vc":"22351","sl":"Низкий","sv":"100","p":2500.0,"q":8.98,"b":4.35,"ms":1.47,"wi":86.62,"ei":11.59,"as":6064.68,"mi":"E","mv":6809,"sc":3,"lpe":91.47,"lpr":1133.97,"lq":1.0,"d":65057},{"pi":"423115","pc":"Бакалея","ss":1000,"td":"Центр города","dc":3,"n":50.49,"vc":"449","sl":"Элитный","sv":"24","p":300.0,"q":6.01,"b":0.0,"ms":0.02,"wi":34.7,"ei":6.29,"as":350.0,"mi":"E","mv":102972,"sc":1,"lpe":99.98,"lpr":855.33,"lq":1.0,"d":545700},{"pi":"423115","pc":"Бакалея","ss":10000,"td":"Центр города","dc":3,"n":62.11,"vc":"1360","sl":"Элитный","sv":"205","p":400.0,"q":6.75,"b":0.0,"ms":0.12,"wi":36.34,"ei":9.04,"as":527.45,"mi":"E","mv":170907,"sc":1,"lpe":99.88,"lpr":501.86,"lq":1.0,"d":759496},{"pi":"423115","pc":"Бакалея","ss":100000,"td":"Центр города","dc":1,"n":500.51,"vc":"574381","sl":"Очень высокий","sv":"350000","p":1300.0,"q":25.4,"b":2.99,"ms":9.77,"wi":50.69,"ei":6.73,"as":559.13,"mi":"E","mv":3580845,"sc":2,"lpe":87.43,"lpr":563.99,"lq":1.17,"d":7083090},{"pi":"423115","pc":"Бакалея","ss":100000,"td":"Центр города","dc":1,"n":500.51,"vc":"574381","sl":"Очень высокий","sv":"100000","p":1307.0,"q":34.09,"b":0.0,"ms":2.79,"wi":50.69,"ei":6.73,"as":559.13,"mi":"E","mv":3580845,"sc":2,"lpe":87.43,"lpr":563.99,"lq":1.17,"d":7083090},{"pi":"423115","pc":"Бакалея","ss":10000,"td":"Пригород","dc":1,"n":584.13,"vc":"25680","sl":"Элитный","sv":"5555","p":1333.0,"q":14.33,"b":0.48,"ms":2.02,"wi":48.58,"ei":7.88,"as":404.82,"mi":"E","mv":275119,"sc":1,"lpe":97.98,"lpr":853.8,"lq":1.0,"d":627892},{"pi":"423115","pc":"Бакалея","ss":1000,"td":"Центр города","dc":1,"n":334.35,"vc":"2482","sl":"Очень высокий","sv":"500","p":1400.0,"q":8.76,"b":1.52,"ms":0.21,"wi":40.31,"ei":7.5,"as":560.75,"mi":"E","mv":233657,"sc":2,"lpe":99.68,"lpr":882.26,"lq":1.0,"d":1824510},{"pi":"423115","pc":"Бакалея","ss":700,"td":"Центр города","dc":3,"n":65.4,"vc":"463","sl":"Очень высокий","sv":"250","p":400.0,"q":7.66,"b":0.0,"ms":0.11,"wi":40.31,"ei":7.5,"as":560.75,"mi":"E","mv":233657,"sc":2,"lpe":99.68,"lpr":882.26,"lq":1.0,"d":1824510},{"pi":"423115","pc":"Бакалея","ss":1000,"td":"Фешенебельный район","dc":2,"n":569.47,"vc":"1102","sl":"Очень высокий","sv":"3217","p":857.0,"q":19.02,"b":2.18,"ms":11.82,"wi":28.32,"ei":4.98,"as":365.77,"mi":"E","mv":27224,"sc":2,"lpe":86.35,"lpr":301.94,"lq":1.05,"d":269313},{"pi":"423115","pc":"Бакалея","ss":1000,"td":"Центр города","dc":2,"n":458.34,"vc":"2619","sl":"Нормальный","sv":"500","p":600.0,"q":8.76,"b":1.52,"ms":1.84,"wi":28.32,"ei":4.98,"as":365.77,"mi":"E","mv":27224,"sc":2,"lpe":86.35,"lpr":301.94,"lq":1.05,"d":269313},{"pi":"423115","pc":"Бакалея","ss":10000,"td":"Пригород","dc":1,"n":591.16,"vc":"43806","sl":"Очень высокий","sv":"3333","p":444.0,"q":15.27,"b":2.78,"ms":1.14,"wi":58.07,"ei":7.31,"as":1434.5,"mi":"E","mv":291406,"sc":1,"lpe":98.86,"lpr":854.48,"lq":1.0,"d":939107},{"pi":"423115","pc":"Бакалея","ss":1000,"td":"Фешенебельный район","dc":2,"n":584.54,"vc":"1122","sl":"Очень высокий","sv":"2645","p":857.0,"q":18.99,"b":2.18,"ms":9.98,"wi":28.94,"ei":5.96,"as":622.89,"mi":"E","mv":26496,"sc":1,"lpe":90.02,"lpr":348.18,"lq":1.04,"d":298673},{"pi":"423115","pc":"Бакалея","ss":10000,"td":"Центр города","dc":1,"n":206.23,"vc":"4342","sl":"Элитный","sv":"2964","p":2000.0,"q":14.47,"b":1.17761133603239,"ms":0.68,"wi":43.28,"ei":9.12,"as":1094.55,"mi":"E","mv":433809,"sc":1,"lpe":99.32,"lpr":792.57,"lq":1.0,"d":981378},{"pi":"423115","pc":"Бакалея","ss":200000,"td":"Центр города","dc":1,"n":481.98,"vc":"943155","sl":"Элитный","sv":"119633","p":1500.0,"q":25.67,"b":1.27,"ms":6.37,"wi":32.17,"ei":9.21,"as":253.15,"mi":"E","mv":1878819,"sc":1,"lpe":93.63,"lpr":363.49,"lq":1.0,"d":7913550},{"pi":"423115","pc":"Бакалея","ss":100000,"td":"Центр города","dc":1,"n":488.55,"vc":"330244","sl":"Элитный","sv":"64000","p":1400.0,"q":25.68,"b":2.4,"ms":9.78,"wi":39.35,"ei":9.4,"as":334.63,"mi":"E","mv":654068,"sc":2,"lpe":86.39,"lpr":359.81,"lq":1.14,"d":2510311},{"pi":"423115","pc":"Бакалея","ss":10000,"td":"Фешенебельный район","dc":2,"n":404.47,"vc":"3841","sl":"Элитный","sv":"25000","p":930.0,"q":22.74,"b":1.12,"ms":3.82,"wi":39.35,"ei":9.4,"as":334.63,"mi":"E","mv":654068,"sc":2,"lpe":86.39,"lpr":359.81,"lq":1.14,"d":2510311},{"pi":"423115","pc":"Бакалея","ss":100000,"td":"Центр города","dc":1,"n":494.39,"vc":"261543","sl":"Элитный","sv":"10000","p":500.0,"q":25.68,"b":1.27,"ms":9.84,"wi":20.9,"ei":8.28,"as":143.39,"mi":"E","mv":101621,"sc":2,"lpe":89.18,"lpr":620.36,"lq":1.39,"d":1139766},{"pi":"423115","pc":"Бакалея","ss":100000,"td":"Центр города","dc":6,"n":461.78,"vc":"191158","sl":"Высокий","sv":"1000","p":429.0,"q":21.2,"b":0.0,"ms":0.98,"wi":20.9,"ei":8.28,"as":143.39,"mi":"E","mv":101621,"sc":2,"lpe":89.18,"lpr":620.36,"lq":1.39,"d":1139766},{"pi":"423115","pc":"Бакалея","ss":1000,"td":"Центр города","dc":2,"n":127.07,"vc":"603","sl":"Элитный","sv":"1198","p":1049.0,"q":2.6,"b":0.0,"ms":1.54,"wi":26.61,"ei":3.62,"as":203.67,"mi":"E","mv":77937,"sc":2,"lpe":97.19,"lpr":860.48,"lq":1.0,"d":408110},{"pi":"423115","pc":"Бакалея","ss":10000,"td":"Центр города","dc":2,"n":290.82,"vc":"6096","sl":"Элитный","sv":"990","p":300.0,"q":22.74,"b":3.56,"ms":1.27,"wi":26.61,"ei":3.62,"as":203.67,"mi":"E","mv":77937,"sc":2,"lpe":97.19,"lpr":860.48,"lq":1.0,"d":408110},{"pi":"423115","pc":"Бакалея","ss":30000,"td":"Центр города","dc":1,"n":309.52,"vc":"19913","sl":"Элитный","sv":"1000","p":1550.0,"q":7.08,"b":0.0,"ms":0.33,"wi":44.11,"ei":8.36,"as":342.3,"mi":"E","mv":304772,"sc":2,"lpe":99.51,"lpr":857.12,"lq":1.0,"d":1081774},{"pi":"423115","pc":"Бакалея","ss":100000,"td":"Фешенебельный район","dc":10,"n":456.24,"vc":"27940","sl":"Элитный","sv":"500","p":900.0,"q":8.96,"b":1.33,"ms":0.16,"wi":44.11,"ei":8.36,"as":342.3,"mi":"E","mv":304772,"sc":2,"lpe":99.51,"lpr":857.12,"lq":1.0,"d":1081774},{"pi":"423115","pc":"Бакалея","ss":100000,"td":"Центр города","dc":1,"n":507.05,"vc":"238577","sl":"Элитный","sv":"10000","p":3468.0,"q":34.09,"b":2.65,"ms":1.49,"wi":52.25,"ei":7.93,"as":1157.31,"mi":"E","mv":671962,"sc":2,"lpe":97.2,"lpr":1098.42,"lq":1.0,"d":1631714},{"pi":"423115","pc":"Бакалея","ss":100000,"td":"Центр города","dc":1,"n":507.05,"vc":"238577","sl":"Элитный","sv":"8829","p":3668.0,"q":34.09,"b":2.65,"ms":1.31,"wi":52.25,"ei":7.93,"as":1157.31,"mi":"E","mv":671962,"sc":2,"lpe":97.2,"lpr":1098.42,"lq":1.0,"d":1631714},{"pi":"423115","pc":"Бакалея","ss":100000,"td":"Центр города","dc":1,"n":485.2,"vc":"429585","sl":"Элитный","sv":"88000","p":900.0,"q":25.72,"b":1.27,"ms":9.94,"wi":20.78,"ei":8.56,"as":105.56,"mi":"E","mv":885695,"sc":2,"lpe":87.24,"lpr":232.87,"lq":1.0,"d":4703711},{"pi":"423115","pc":"Бакалея","ss":110000,"td":"Фешенебельный район","dc":7,"n":393.55,"vc":"28811","sl":"Элитный","sv":"25000","p":795.0,"q":21.2,"b":0.0,"ms":2.82,"wi":20.78,"ei":8.56,"as":105.56,"mi":"E","mv":885695,"sc":2,"lpe":87.24,"lpr":232.87,"lq":1.0,"d":4703711},{"pi":"423115","pc":"Бакалея","ss":100000,"td":"Центр города","dc":2,"n":314.82,"vc":"61726","sl":"Элитный","sv":"11000","p":1003.01,"q":17.52,"b":0.0,"ms":1.12,"wi":53.75,"ei":9.53,"as":1662.81,"mi":"E","mv":985589,"sc":2,"lpe":98.78,"lpr":1793.27,"lq":1.0,"d":2620393},{"pi":"423115","pc":"Бакалея","ss":10000,"td":"Центр города","dc":4,"n":73.33,"vc":"2280","sl":"Элитный","sv":"1000","p":1200.0,"q":7.98,"b":0.64,"ms":0.1,"wi":53.75,"ei":9.53,"as":1662.81,"mi":"E","mv":985589,"sc":2,"lpe":98.78,"lpr":1793.27,"lq":1.0,"d":2620393},{"pi":"423115","pc":"Бакалея","ss":200000,"td":"Центр города","dc":1,"n":464.76,"vc":"856831","sl":"Элитный","sv":"300000","p":2000.0,"q":25.68,"b":2.13,"ms":9.04,"wi":61.12,"ei":10.04,"as":1836.76,"mi":"E","mv":3316988,"sc":4,"lpe":90.17,"lpr":855.12,"lq":1.28,"d":10036968},{"pi":"423115","pc":"Бакалея","ss":200000,"td":"Центр города","dc":3,"n":439.93,"vc":"661767","sl":"Высокий","sv":"16000","p":1800.0,"q":12.11,"b":0.0,"ms":0.48,"wi":61.12,"ei":10.04,"as":1836.76,"mi":"E","mv":3316988,"sc":4,"lpe":90.17,"lpr":855.12,"lq":1.28,"d":10036968},{"pi":"423115","pc":"Бакалея","ss":100000,"td":"Фешенебельный район","dc":1,"n":236.77,"vc":"7708","sl":"Элитный","sv":"10000","p":1100.0,"q":17.52,"b":0.0,"ms":0.3,"wi":61.12,"ei":10.04,"as":1836.76,"mi":"E","mv":3316988,"sc":4,"lpe":90.17,"lpr":855.12,"lq":1.28,"d":10036968},{"pi":"423115","pc":"Бакалея","ss":3000,"td":"Центр города","dc":9,"n":272.96,"vc":"8310","sl":"Очень низкий","sv":"5","p":1500.0,"q":12.45,"b":0.0,"ms":0.0,"wi":61.12,"ei":10.04,"as":1836.76,"mi":"E","mv":3316988,"sc":4,"lpe":90.17,"lpr":855.12,"lq":1.28,"d":10036968},{"pi":"423115","pc":"Бакалея","ss":100000,"td":"Фешенебельный район","dc":10,"n":384.85,"vc":"9927","sl":"Элитный","sv":"100","p":550.0,"q":8.96,"b":1.33,"ms":0.07,"wi":48.98,"ei":5.69,"as":358.94,"mi":"E","mv":152632,"sc":1,"lpe":99.93,"lpr":856.17,"lq":1.0,"d":375211},{"pi":"423115","pc":"Бакалея","ss":1000,"td":"Центр города","dc":3,"n":53.49,"vc":"965","sl":"Очень высокий","sv":"1000","p":800.0,"q":7.98,"b":0.0,"ms":0.05,"wi":58.08,"ei":17.43,"as":630.16,"mi":"E","mv":2204906,"sc":1,"lpe":99.95,"lpr":962.72,"lq":1.0,"d":6569718},{"pi":"423115","pc":"Бакалея","ss":100000,"td":"Фешенебельный район","dc":5,"n":440.85,"vc":"25786","sl":"Элитный","sv":"9000","p":800.0,"q":22.74,"b":1.12,"ms":2.52,"wi":38.97,"ei":9.11,"as":428.8,"mi":"E","mv":357337,"sc":1,"lpe":97.48,"lpr":850.65,"lq":1.0,"d":1161922},{"pi":"423115","pc":"Бакалея","ss":100000,"td":"Фешенебельный район","dc":10,"n":387.83,"vc":"9964","sl":"Очень высокий","sv":"100","p":500.0,"q":8.96,"b":1.33,"ms":0.06,"wi":40.92,"ei":4.8,"as":286.98,"mi":"E","mv":164789,"sc":1,"lpe":99.94,"lpr":849.75,"lq":1.0,"d":329560},{"pi":"423115","pc":"Бакалея","ss":100000,"td":"Центр города","dc":1,"n":500.14,"vc":"405894","sl":"Элитный","sv":"176988","p":3700.0,"q":25.65,"b":2.71,"ms":19.43,"wi":82.59,"ei":9.35,"as":1210.0,"mi":"E","mv":910961,"sc":1,"lpe":80.57,"lpr":1402.03,"lq":1.0,"d":2652810},{"pi":"423115","pc":"Бакалея","ss":200000,"td":"Центр города","dc":1,"n":515.62,"vc":"1368978","sl":"Очень высокий","sv":"1136693","p":1800.0,"q":25.63,"b":1.8,"ms":25.86,"wi":44.39,"ei":7.01,"as":718.34,"mi":"E","mv":4395423,"sc":6,"lpe":71.63,"lpr":688.86,"lq":1.41,"d":8441997},{"pi":"423115","pc":"Бакалея","ss":100000,"td":"Центр города","dc":1,"n":457.61,"vc":"404355","sl":"Элитный","sv":"80000","p":1666.0,"q":34.09,"b":0.0,"ms":1.82,"wi":44.39,"ei":7.01,"as":718.34,"mi":"E","mv":4395423,"sc":6,"lpe":71.63,"lpr":688.86,"lq":1.41,"d":8441997},{"pi":"423115","pc":"Бакалея","ss":100000,"td":"Фешенебельный район","dc":2,"n":307.6,"vc":"14335","sl":"Элитный","sv":"24000","p":1000.0,"q":17.53,"b":1.76,"ms":0.55,"wi":44.39,"ei":7.01,"as":718.34,"mi":"E","mv":4395423,"sc":6,"lpe":71.63,"lpr":688.86,"lq":1.41,"d":8441997},{"pi":"423115","pc":"Бакалея","ss":100000,"td":"Центр города","dc":1,"n":467.1,"vc":"442967","sl":"Элитный","sv":"3000","p":1600.0,"q":26.36,"b":2.88,"ms":0.07,"wi":44.39,"ei":7.01,"as":718.34,"mi":"E","mv":4395423,"sc":6,"lpe":71.63,"lpr":688.86,"lq":1.41,"d":8441997},{"pi":"423115","pc":"Бакалея","ss":100000,"td":"Центр города","dc":1,"n":520.18,"vc":"737994","sl":"Очень высокий","sv":"2000","p":1700.0,"q":29.76,"b":2.88,"ms":0.05,"wi":44.39,"ei":7.01,"as":718.34,"mi":"E","mv":4395423,"sc":6,"lpe":71.63,"lpr":688.86,"lq":1.41,"d":8441997},{"pi":"423115","pc":"Бакалея","ss":10000,"td":"Фешенебельный район","dc":1,"n":354.22,"vc":"4367","sl":"Элитный","sv":"1508","p":1900.0,"q":18.96,"b":0.0,"ms":0.03,"wi":44.39,"ei":7.01,"as":718.34,"mi":"E","mv":4395423,"sc":6,"lpe":71.63,"lpr":688.86,"lq":1.41,"d":8441997},{"pi":"423115","pc":"Бакалея","ss":100000,"td":"Центр города","dc":1,"n":493.66,"vc":"450832","sl":"Очень высокий","sv":"190000","p":700.0,"q":25.19,"b":1.5,"ms":10.02,"wi":30.28,"ei":8.35,"as":291.41,"mi":"E","mv":1896116,"sc":2,"lpe":87.48,"lpr":200.62,"lq":1.09,"d":4279664},{"pi":"423115","pc":"Бакалея","ss":100000,"td":"Фешенебельный район","dc":7,"n":354.85,"vc":"17802","sl":"Элитный","sv":"47339","p":675.0,"q":20.93,"b":0.0,"ms":2.5,"wi":30.28,"ei":8.35,"as":291.41,"mi":"E","mv":1896116,"sc":2,"lpe":87.48,"lpr":200.62,"lq":1.09,"d":4279664},{"pi":"423115","pc":"Бакалея","ss":100000,"td":"Центр города","dc":2,"n":477.05,"vc":"282243","sl":"Очень высокий","sv":"8300","p":800.0,"q":25.68,"b":1.5,"ms":9.95,"wi":10.43,"ei":6.79,"as":91.27,"mi":"E","mv":83391,"sc":1,"lpe":90.05,"lpr":398.24,"lq":1.03,"d":2082467},{"pi":"423115","pc":"Бакалея","ss":100000,"td":"Центр города","dc":1,"n":492.8,"vc":"383922","sl":"Элитный","sv":"120000","p":1500.0,"q":25.68,"b":2.4,"ms":10.35,"wi":45.27,"ei":7.99,"as":473.94,"mi":"E","mv":1159323,"sc":3,"lpe":89.51,"lpr":491.05,"lq":1.01,"d":2768566},{"pi":"423115","pc":"Бакалея","ss":150000,"td":"Центр города","dc":1,"n":419.45,"vc":"266319","sl":"Элитный","sv":"1618","p":1515.0,"q":7.12,"b":0.0,"ms":0.14,"wi":45.27,"ei":7.99,"as":473.94,"mi":"E","mv":1159323,"sc":3,"lpe":89.51,"lpr":491.05,"lq":1.01,"d":2768566},{"pi":"423115","pc":"Бакалея","ss":100000,"td":"Фешенебельный район","dc":8,"n":490.79,"vc":"84728","sl":"Очень высокий","sv":"1","p":1990.0,"q":6.65,"b":0.0,"ms":0.0,"wi":45.27,"ei":7.99,"as":473.94,"mi":"E","mv":1159323,"sc":3,"lpe":89.51,"lpr":491.05,"lq":1.01,"d":2768566},{"pi":"423115","pc":"Бакалея","ss":100000,"td":"Центр города","dc":1,"n":498.6,"vc":"263698","sl":"Элитный","sv":"5676","p":3600.0,"q":25.91,"b":2.22,"ms":1.45,"wi":69.06,"ei":7.8,"as":520.63,"mi":"E","mv":392027,"sc":1,"lpe":98.55,"lpr":1021.65,"lq":1.0,"d":807231},{"pi":"423115","pc":"Бакалея","ss":300000,"td":"Центр города","dc":5,"n":502.27,"vc":"1090912","sl":"Нормальный","sv":"160000","p":1800.0,"q":25.19,"b":0.0,"ms":9.03,"wi":36.51,"ei":11.81,"as":423.34,"mi":"E","mv":1772327,"sc":1,"lpe":90.97,"lpr":638.89,"lq":1.0,"d":4332128},{"pi":"423115","pc":"Бакалея","ss":200000,"td":"Центр города","dc":1,"n":483.46,"vc":"1167451","sl":"Очень высокий","sv":"1388513","p":1100.0,"q":25.18,"b":2.21,"ms":28.15,"wi":31.78,"ei":10.87,"as":249.98,"mi":"E","mv":4932176,"sc":2,"lpe":71.85,"lpr":311.3,"lq":1.0,"d":13934474},{"pi":"423115","pc":"Бакалея","ss":200000,"td":"Центр города","dc":1,"n":468.46,"vc":"998790","sl":"Высокий","sv":"2","p":1900.0,"q":19.02,"b":0.0,"ms":0.0,"wi":31.78,"ei":10.87,"as":249.98,"mi":"E","mv":4932176,"sc":2,"lpe":71.85,"lpr":311.3,"lq":1.0,"d":13934474},{"pi":"423115","pc":"Бакалея","ss":1500,"td":"Фешенебельный район","dc":2,"n":419.92,"vc":"1238","sl":"Элитный","sv":"415","p":2500.0,"q":12.45,"b":0.0,"ms":0.17,"wi":80.05,"ei":9.36,"as":1250.0,"mi":"E","mv":239929,"sc":1,"lpe":99.83,"lpr":2427.03,"lq":1.0,"d":815686},{"pi":"423115","pc":"Бакалея","ss":1000,"td":"Спальный район","dc":6,"n":195.6,"vc":"676","sl":"Высокий","sv":"31","p":2005.0,"q":5.39,"b":0.0,"ms":0.17,"wi":38.52,"ei":6.3,"as":495.0,"mi":"E","mv":17802,"sc":1,"lpe":99.83,"lpr":1004.66,"lq":1.0,"d":121500},{"pi":"423115","pc":"Бакалея","ss":100000,"td":"Центр города","dc":1,"n":493.86,"vc":"465278","sl":"Очень высокий","sv":"70000","p":1200.0,"q":25.68,"b":1.74,"ms":4.31,"wi":37.12,"ei":8.72,"as":437.31,"mi":"E","mv":1624078,"sc":2,"lpe":95.69,"lpr":675.88,"lq":1.0,"d":4656807},{"pi":"423115","pc":"Бакалея","ss":1000,"td":"Спальный район","dc":1,"n":0.0,"vc":"536","sl":"Элитный","sv":"22","p":1800.0,"q":8.54,"b":0.0,"ms":0.0,"wi":37.12,"ei":8.72,"as":437.31,"mi":"E","mv":1624078,"sc":2,"lpe":95.69,"lpr":675.88,"lq":1.0,"d":4656807},{"pi":"423115","pc":"Бакалея","ss":500,"td":"Центр города","dc":2,"n":50.97,"vc":"642","sl":"Нормальный","sv":"433","p":400.0,"q":5.52,"b":0.0,"ms":0.08,"wi":29.0,"ei":5.16,"as":419.24,"mi":"E","mv":562553,"sc":2,"lpe":99.91,"lpr":858.31,"lq":1.0,"d":3737436},{"pi":"423115","pc":"Бакалея","ss":100000,"td":"Центр города","dc":10,"n":147.21,"vc":"23054","sl":"Очень высокий","sv":"84","p":3000.0,"q":8.3,"b":0.0,"ms":0.01,"wi":29.0,"ei":5.16,"as":419.24,"mi":"E","mv":562553,"sc":2,"lpe":99.91,"lpr":858.31,"lq":1.0,"d":3737436},{"pi":"423115","pc":"Бакалея","ss":100000,"td":"Центр города","dc":2,"n":476.68,"vc":"193422","sl":"Элитный","sv":"29000","p":2100.0,"q":25.19,"b":1.94,"ms":10.88,"wi":46.81,"ei":6.6,"as":569.37,"mi":"E","mv":266657,"sc":1,"lpe":89.12,"lpr":623.95,"lq":1.23,"d":608062},{"pi":"423115","pc":"Бакалея","ss":1000,"td":"Центр города","dc":1,"n":353.42,"vc":"2496","sl":"Очень высокий","sv":"998","p":6000.0,"q":8.76,"b":1.46,"ms":0.97,"wi":133.49,"ei":10.37,"as":577.09,"mi":"E","mv":103280,"sc":1,"lpe":99.03,"lpr":2324.27,"lq":1.0,"d":1180995},{"pi":"423115","pc":"Бакалея","ss":1000,"td":"Центр города","dc":1,"n":312.39,"vc":"3520","sl":"Высокий","sv":"10000","p":9604.92,"q":7.81,"b":0.0,"ms":4.79,"wi":258.41,"ei":9.91,"as":720.18,"mi":"E","mv":208881,"sc":5,"lpe":92.2,"lpr":6204.71,"lq":1.0,"d":1127008},{"pi":"423115","pc":"Бакалея","ss":1000,"td":"Фешенебельный район","dc":1,"n":346.69,"vc":"640","sl":"Элитный","sv":"3786","p":11432.33,"q":7.14,"b":0.0,"ms":1.81,"wi":258.41,"ei":9.91,"as":720.18,"mi":"E","mv":208881,"sc":5,"lpe":92.2,"lpr":6204.71,"lq":1.0,"d":1127008},{"pi":"423115","pc":"Бакалея","ss":1000,"td":"Фешенебельный район","dc":1,"n":322.7,"vc":"373","sl":"Элитный","sv":"1000","p":10000.0,"q":8.76,"b":1.46,"ms":0.48,"wi":258.41,"ei":9.91,"as":720.18,"mi":"E","mv":208881,"sc":5,"lpe":92.2,"lpr":6204.71,"lq":1.0,"d":1127008},{"pi":"423115","pc":"Бакалея","ss":1000,"td":"Центр города","dc":2,"n":450.07,"vc":"7653","sl":"Низкий","sv":"1000","p":13000.0,"q":7.08,"b":0.0,"ms":0.48,"wi":258.41,"ei":9.91,"as":720.18,"mi":"E","mv":208881,"sc":5,"lpe":92.2,"lpr":6204.71,"lq":1.0,"d":1127008},{"pi":"423115","pc":"Бакалея","ss":1000,"td":"Центр города","dc":1,"n":312.51,"vc":"3524","sl":"Высокий","sv":"500","p":10000.0,"q":15.35,"b":0.0,"ms":0.24,"wi":258.41,"ei":9.91,"as":720.18,"mi":"E","mv":208881,"sc":5,"lpe":92.2,"lpr":6204.71,"lq":1.0,"d":1127008},{"pi":"423115","pc":"Бакалея","ss":100000,"td":"Пригород","dc":1,"n":433.8,"vc":"65277","sl":"Низкий","sv":"31","p":2666.0,"q":8.74,"b":0.0,"ms":0.0,"wi":47.36,"ei":3.86,"as":371.56,"mi":"E","mv":630614,"sc":1,"lpe":100.0,"lpr":852.75,"lq":1.0,"d":1215470},{"pi":"423115","pc":"Бакалея","ss":10000,"td":"Центр города","dc":2,"n":400.21,"vc":"14886","sl":"Очень высокий","sv":"7000","p":672.94,"q":17.52,"b":0.0,"ms":3.07,"wi":40.71,"ei":5.57,"as":395.85,"mi":"E","mv":228126,"sc":1,"lpe":96.93,"lpr":685.47,"lq":1.0,"d":469922}]