[{"pi":"380002","pc":"Продукты питания","ss":100000,"td":"Центр города","dc":2,"n":511.73,"vc":"526137","sl":"Высокий","sv":"9342","p":2750.0,"q":17.33,"b":1.15,"ms":8.08,"wi":55.12,"ei":8.36,"as":411.86,"mi":"E","mv":115602,"sc":1,"lpe":91.92,"lpr":611.41,"lq":1.0,"d":1271530},{"pi":"380002","pc":"Продукты питания","ss":10000,"td":"Центр города","dc":2,"n":280.13,"vc":"5323","sl":"Элитный","sv":"16513","p":599.0,"q":11.1,"b":0.68,"ms":90.88,"wi":21.86,"ei":7.84,"as":163.23,"mi":"D","mv":18171,"sc":1,"lpe":0.0,"lpr":507.03,"lq":5.1,"d":338687},{"pi":"380002","pc":"Продукты питания","ss":100000,"td":"Центр города","dc":2,"n":180.87,"vc":"15832","sl":"Элитный","sv":"10000","p":500.0,"q":15.79,"b":0.0,"ms":9.32,"wi":31.91,"ei":5.1,"as":291.57,"mi":"E","mv":107282,"sc":1,"lpe":90.68,"lpr":595.82,"lq":1.0,"d":1613644},{"pi":"380002","pc":"Продукты питания","ss":100000,"td":"Центр города","dc":2,"n":256.77,"vc":"37055","sl":"Элитный","sv":"40000","p":170.0,"q":15.88,"b":0.0,"ms":35.89,"wi":20.8,"ei":5.48,"as":312.49,"mi":"E","mv":111461,"sc":1,"lpe":64.11,"lpr":96.74,"lq":1.01,"d":2277026},{"pi":"380002","pc":"Продукты питания","ss":600,"td":"Центр города","dc":2,"n":96.34,"vc":"1017","sl":"Высокий","sv":"641","p":647.0,"q":15.18,"b":0.0,"ms":0.42,"wi":25.84,"ei":9.8,"as":151.71,"mi":"E","mv":152992,"sc":1,"lpe":99.58,"lpr":658.52,"lq":1.0,"d":2005002},{"pi":"380002","pc":"Продукты питания","ss":10000,"td":"Центр города","dc":2,"n":239.88,"vc":"5014","sl":"Элитный","sv":"20000","p":399.0,"q":11.15,"b":0.68,"ms":35.43,"wi":38.33,"ei":9.07,"as":212.54,"mi":"E","mv":56445,"sc":1,"lpe":64.57,"lpr":674.34,"lq":3.15,"d":620800},{"pi":"380002","pc":"Продукты питания","ss":20000,"td":"Центр города","dc":2,"n":185.19,"vc":"7007","sl":"Элитный","sv":"20000","p":919.0,"q":11.15,"b":2.13,"ms":12.29,"wi":66.51,"ei":8.76,"as":347.78,"mi":"E","mv":162670,"sc":1,"lpe":87.71,"lpr":1075.91,"lq":5.02,"d":1784134},{"pi":"380002","pc":"Продукты питания","ss":100000,"td":"Центр города","dc":2,"n":314.93,"vc":"45967","sl":"Элитный","sv":"5000","p":1900.0,"q":15.79,"b":0.0,"ms":8.52,"wi":65.36,"ei":8.06,"as":531.88,"mi":"E","mv":58711,"sc":1,"lpe":91.48,"lpr":1436.8,"lq":1.0,"d":852721},{"pi":"380002","pc":"Продукты питания","ss":10000,"td":"Центр города","dc":2,"n":325.71,"vc":"5678","sl":"Элитный","sv":"4764","p":599.0,"q":10.85,"b":2.13,"ms":49.94,"wi":29.41,"ei":8.73,"as":368.21,"mi":"E","mv":9540,"sc":1,"lpe":50.06,"lpr":162.95,"lq":1.04,"d":177578},{"pi":"380002","pc":"Продукты питания","ss":10000,"td":"Центр города","dc":2,"n":268.9,"vc":"5206","sl":"Элитный","sv":"20000","p":789.0,"q":11.15,"b":2.13,"ms":60.5,"wi":62.27,"ei":13.35,"as":674.99,"mi":"D","mv":33057,"sc":1,"lpe":39.5,"lpr":919.51,"lq":4.3,"d":374441},{"pi":"380002","pc":"Продукты питания","ss":20000,"td":"Центр города","dc":1,"n":463.93,"vc":"49336","sl":"Элитный","sv":"15734","p":2088.0,"q":7.05,"b":0.0,"ms":21.57,"wi":88.65,"ei":9.17,"as":926.04,"mi":"E","mv":72947,"sc":1,"lpe":78.43,"lpr":976.5,"lq":4.68,"d":802320},{"pi":"380002","pc":"Продукты питания","ss":10000,"td":"Центр города","dc":1,"n":439.69,"vc":"27118","sl":"Элитный","sv":"10593","p":698.86,"q":7.74,"b":0.0,"ms":11.06,"wi":112.2,"ei":10.46,"as":1478.26,"mi":"E","mv":95816,"sc":2,"lpe":79.08,"lpr":312.94,"lq":1.97,"d":1132390},{"pi":"380002","pc":"Продукты питания","ss":100000,"td":"Центр города","dc":1,"n":477.54,"vc":"363674","sl":"Элитный","sv":"9453","p":2500.0,"q":17.35,"b":2.0,"ms":9.87,"wi":112.2,"ei":10.46,"as":1478.26,"mi":"E","mv":95816,"sc":2,"lpe":79.08,"lpr":312.94,"lq":1.97,"d":1132390},{"pi":"380002","pc":"Продукты питания","ss":10000,"td":"Центр города","dc":2,"n":302.36,"vc":"5473","sl":"Элитный","sv":"12240","p":529.0,"q":11.0,"b":2.13,"ms":50.9,"wi":46.49,"ei":9.42,"as":383.85,"mi":"D","mv":24047,"sc":1,"lpe":49.1,"lpr":169.53,"lq":1.09,"d":223434},{"pi":"380002","pc":"Продукты питания","ss":10000,"td":"Центр города","dc":2,"n":310.49,"vc":"5529","sl":"Элитный","sv":"2819","p":1379.0,"q":10.85,"b":2.13,"ms":29.83,"wi":32.64,"ei":8.61,"as":475.98,"mi":"E","mv":9449,"sc":1,"lpe":70.17,"lpr":302.95,"lq":1.43,"d":352871},{"pi":"380002","pc":"Продукты питания","ss":10000,"td":"Центр города","dc":2,"n":309.59,"vc":"5520","sl":"Элитный","sv":"12471","p":739.0,"q":11.12,"b":2.13,"ms":100.0,"wi":32.45,"ei":9.19,"as":353.09,"mi":"C","mv":12471,"sc":1,"lpe":0.0,"lpr":784.66,"lq":8.37,"d":258999},{"pi":"380002","pc":"Продукты питания","ss":10000,"td":"Центр города","dc":2,"n":174.84,"vc":"4844","sl":"Элитный","sv":"20000","p":539.0,"q":11.15,"b":0.68,"ms":9.89,"wi":39.13,"ei":9.11,"as":204.86,"mi":"E","mv":202241,"sc":1,"lpe":90.11,"lpr":662.98,"lq":1.56,"d":2224560},{"pi":"380002","pc":"Продукты питания","ss":20000,"td":"Центр города","dc":1,"n":477.85,"vc":"51506","sl":"Элитный","sv":"8394","p":315.6,"q":7.74,"b":0.0,"ms":13.99,"wi":61.68,"ei":8.89,"as":806.78,"mi":"E","mv":60004,"sc":2,"lpe":82.63,"lpr":118.39,"lq":2.26,"d":659952},{"pi":"380002","pc":"Продукты питания","ss":100000,"td":"Центр города","dc":1,"n":530.16,"vc":"499310","sl":"Очень высокий","sv":"2029","p":1250.0,"q":17.35,"b":2.0,"ms":3.38,"wi":61.68,"ei":8.89,"as":806.78,"mi":"E","mv":60004,"sc":2,"lpe":82.63,"lpr":118.39,"lq":2.26,"d":659952},{"pi":"380002","pc":"Продукты питания","ss":1000,"td":"Центр города","dc":4,"n":45.74,"vc":"394","sl":"Элитный","sv":"10","p":25.0,"q":18.24,"b":0.0,"ms":0.22,"wi":34.37,"ei":7.88,"as":310.13,"mi":"E","mv":4502,"sc":1,"lpe":99.78,"lpr":2360.59,"lq":1.0,"d":405600},{"pi":"380002","pc":"Продукты питания","ss":100000,"td":"Фешенебельный район","dc":1,"n":620.81,"vc":"217377","sl":"Элитный","sv":"70000","p":100.0,"q":19.15,"b":0.0,"ms":67.06,"wi":34.47,"ei":11.19,"as":156.87,"mi":"D","mv":104387,"sc":1,"lpe":32.94,"lpr":638.73,"lq":2.87,"d":1148164},{"pi":"380002","pc":"Продукты питания","ss":20000,"td":"Центр города","dc":1,"n":522.29,"vc":"60256","sl":"Элитный","sv":"10536","p":839.0,"q":7.05,"b":0.0,"ms":30.99,"wi":52.67,"ei":9.57,"as":1379.15,"mi":"E","mv":33998,"sc":1,"lpe":69.01,"lpr":224.52,"lq":1.23,"d":373884},{"pi":"380002","pc":"Продукты питания","ss":10000,"td":"Центр города","dc":1,"n":458.56,"vc":"28806","sl":"Элитный","sv":"10947","p":2475.0,"q":7.63,"b":0.0,"ms":13.33,"wi":133.52,"ei":10.32,"as":1582.16,"mi":"E","mv":82107,"sc":1,"lpe":86.67,"lpr":1241.0,"lq":5.36,"d":903081},{"pi":"380002","pc":"Продукты питания","ss":100000,"td":"Центр города","dc":1,"n":566.32,"vc":"514393","sl":"Очень высокий","sv":"12063","p":1750.0,"q":16.64,"b":1.26,"ms":15.66,"wi":119.42,"ei":10.05,"as":1379.85,"mi":"E","mv":77050,"sc":2,"lpe":76.58,"lpr":205.98,"lq":2.49,"d":847456},{"pi":"380002","pc":"Продукты питания","ss":20000,"td":"Центр города","dc":1,"n":463.07,"vc":"49944","sl":"Элитный","sv":"5981","p":702.17,"q":6.73,"b":0.0,"ms":7.76,"wi":119.42,"ei":10.05,"as":1379.85,"mi":"E","mv":77050,"sc":2,"lpe":76.58,"lpr":205.98,"lq":2.49,"d":847456},{"pi":"380002","pc":"Продукты питания","ss":10000,"td":"Центр города","dc":2,"n":311.12,"vc":"5535","sl":"Элитный","sv":"15672","p":459.0,"q":11.12,"b":1.89,"ms":100.0,"wi":24.79,"ei":5.22,"as":302.26,"mi":"C","mv":15672,"sc":1,"lpe":0.0,"lpr":708.35,"lq":7.93,"d":182800},{"pi":"380002","pc":"Продукты питания","ss":10000,"td":"Центр города","dc":2,"n":308.67,"vc":"5512","sl":"Элитный","sv":"6737","p":579.0,"q":10.86,"b":1.89,"ms":48.0,"wi":32.98,"ei":4.6,"as":270.25,"mi":"E","mv":14036,"sc":1,"lpe":52.0,"lpr":153.74,"lq":1.01,"d":190258},{"pi":"380002","pc":"Продукты питания","ss":100000,"td":"Фешенебельный район","dc":1,"n":630.27,"vc":"253378","sl":"Элитный","sv":"60000","p":373.0,"q":19.15,"b":0.0,"ms":48.1,"wi":30.79,"ei":8.25,"as":205.77,"mi":"E","mv":124729,"sc":1,"lpe":51.9,"lpr":362.99,"lq":1.63,"d":1371924},{"pi":"380002","pc":"Продукты питания","ss":10000,"td":"Центр города","dc":2,"n":364.63,"vc":"6180","sl":"Высокий","sv":"3725","p":249.0,"q":10.95,"b":1.89,"ms":51.59,"wi":15.77,"ei":5.63,"as":304.95,"mi":"D","mv":7221,"sc":1,"lpe":48.41,"lpr":71.13,"lq":1.04,"d":95245},{"pi":"380002","pc":"Продукты питания","ss":10000,"td":"Центр города","dc":2,"n":289.61,"vc":"5364","sl":"Элитный","sv":"12769","p":649.0,"q":10.9,"b":1.89,"ms":52.1,"wi":43.59,"ei":7.31,"as":476.27,"mi":"D","mv":24509,"sc":1,"lpe":47.9,"lpr":220.53,"lq":1.07,"d":263256},{"pi":"380002","pc":"Продукты питания","ss":100000,"td":"Центр города","dc":1,"n":425.66,"vc":"419871","sl":"Элитный","sv":"221374","p":1850.0,"q":17.09,"b":1.19,"ms":34.29,"wi":62.0,"ei":7.93,"as":546.66,"mi":"E","mv":645592,"sc":2,"lpe":65.44,"lpr":561.01,"lq":2.71,"d":7101416},{"pi":"380002","pc":"Продукты питания","ss":300000,"td":"Фешенебельный район","dc":4,"n":474.38,"vc":"152404","sl":"Элитный","sv":"1744","p":855.27,"q":16.14,"b":0.0,"ms":0.27,"wi":62.0,"ei":7.93,"as":546.66,"mi":"E","mv":645592,"sc":2,"lpe":65.44,"lpr":561.01,"lq":2.71,"d":7101416},{"pi":"380002","pc":"Продукты питания","ss":10000,"td":"Центр города","dc":2,"n":250.37,"vc":"5088","sl":"Элитный","sv":"15000","p":919.0,"q":11.15,"b":1.89,"ms":38.18,"wi":60.54,"ei":6.77,"as":450.24,"mi":"E","mv":39284,"sc":1,"lpe":61.82,"lpr":1341.41,"lq":6.27,"d":518786},{"pi":"380002","pc":"Продукты питания","ss":100000,"td":"Центр города","dc":2,"n":422.3,"vc":"487456","sl":"Высокий","sv":"333228","p":2500.0,"q":17.22,"b":1.19,"ms":30.73,"wi":89.7,"ei":7.81,"as":615.72,"mi":"E","mv":1084545,"sc":4,"lpe":52.55,"lpr":1560.11,"lq":7.37,"d":11929900},{"pi":"380002","pc":"Продукты питания","ss":100000,"td":"Центр города","dc":1,"n":437.75,"vc":"377032","sl":"Элитный","sv":"100000","p":2700.0,"q":17.3,"b":1.19,"ms":9.22,"wi":89.7,"ei":7.81,"as":615.72,"mi":"E","mv":1084545,"sc":4,"lpe":52.55,"lpr":1560.11,"lq":7.37,"d":11929900},{"pi":"380002","pc":"Продукты питания","ss":100000,"td":"Центр города","dc":2,"n":403.53,"vc":"406958","sl":"Очень высокий","sv":"76344","p":286.73,"q":15.47,"b":1.55873415068637E-5,"ms":7.04,"wi":89.7,"ei":7.81,"as":615.72,"mi":"E","mv":1084545,"sc":4,"lpe":52.55,"lpr":1560.11,"lq":7.37,"d":11929900},{"pi":"380002","pc":"Продукты питания","ss":100000,"td":"Спальный район","dc":1,"n":256.89,"vc":"74517","sl":"Элитный","sv":"5000","p":625.2,"q":15.18,"b":0.0,"ms":0.46,"wi":89.7,"ei":7.81,"as":615.72,"mi":"E","mv":1084545,"sc":4,"lpe":52.55,"lpr":1560.11,"lq":7.37,"d":11929900},{"pi":"380002","pc":"Продукты питания","ss":10000,"td":"Центр города","dc":2,"n":249.21,"vc":"5081","sl":"Элитный","sv":"15000","p":919.0,"q":11.15,"b":1.89,"ms":33.5,"wi":48.51,"ei":15.71,"as":380.15,"mi":"E","mv":44775,"sc":1,"lpe":66.5,"lpr":1167.22,"lq":5.43,"d":545196},{"pi":"380002","pc":"Продукты питания","ss":10000,"td":"Центр города","dc":2,"n":219.38,"vc":"4940","sl":"Элитный","sv":"23777","p":979.0,"q":11.11,"b":1.89,"ms":30.71,"wi":56.24,"ei":7.07,"as":380.48,"mi":"E","mv":77433,"sc":1,"lpe":69.29,"lpr":1168.87,"lq":5.58,"d":917721},{"pi":"380002","pc":"Продукты питания","ss":10000,"td":"Центр города","dc":2,"n":255.1,"vc":"5116","sl":"Элитный","sv":"20000","p":909.0,"q":11.15,"b":1.89,"ms":49.08,"wi":53.32,"ei":6.45,"as":372.85,"mi":"E","mv":40749,"sc":1,"lpe":50.92,"lpr":1133.67,"lq":5.33,"d":476878},{"pi":"380002","pc":"Продукты питания","ss":10000,"td":"Центр города","dc":2,"n":246.18,"vc":"8846","sl":"Элитный","sv":"30000","p":700.0,"q":15.88,"b":2.01,"ms":12.82,"wi":29.25,"ei":5.69,"as":162.81,"mi":"E","mv":234097,"sc":1,"lpe":87.18,"lpr":457.58,"lq":2.18,"d":2753187},{"pi":"380002","pc":"Продукты питания","ss":100000,"td":"Центр города","dc":2,"n":530.32,"vc":"616671","sl":"Высокий","sv":"148359","p":625.0,"q":17.3,"b":0.92,"ms":42.66,"wi":25.6,"ei":7.49,"as":134.1,"mi":"E","mv":347791,"sc":2,"lpe":57.24,"lpr":334.66,"lq":1.51,"d":3825606},{"pi":"380002","pc":"Продукты питания","ss":100000,"td":"Центр города","dc":1,"n":0.0,"vc":"3762","sl":"Элитный","sv":"348","p":966.68,"q":15.87,"b":0.00264367816091954,"ms":0.1,"wi":25.6,"ei":7.49,"as":134.1,"mi":"E","mv":347791,"sc":2,"lpe":57.24,"lpr":334.66,"lq":1.51,"d":3825606},{"pi":"380002","pc":"Продукты питания","ss":100000,"td":"Центр города","dc":2,"n":559.12,"vc":"540230","sl":"Высокий","sv":"4463","p":5500.0,"q":17.35,"b":1.38,"ms":14.56,"wi":128.72,"ei":10.42,"as":1556.58,"mi":"E","mv":30656,"sc":1,"lpe":85.44,"lpr":787.74,"lq":3.57,"d":372987},{"pi":"380002","pc":"Продукты питания","ss":100000,"td":"Центр города","dc":2,"n":490.2,"vc":"468474","sl":"Высокий","sv":"13266","p":7500.0,"q":17.34,"b":1.38,"ms":8.85,"wi":184.96,"ei":10.06,"as":1520.68,"mi":"E","mv":149904,"sc":1,"lpe":91.15,"lpr":2330.1,"lq":3.67,"d":1648846},{"pi":"380002","pc":"Продукты питания","ss":100000,"td":"Центр города","dc":1,"n":453.6,"vc":"182376","sl":"Элитный","sv":"6200","p":218.0,"q":9.17,"b":0.0,"ms":8.65,"wi":17.71,"ei":7.81,"as":93.95,"mi":"E","mv":71645,"sc":1,"lpe":91.35,"lpr":343.04,"lq":1.0,"d":969146},{"pi":"380002","pc":"Продукты питания","ss":100000,"td":"Центр города","dc":2,"n":186.76,"vc":"30106","sl":"Элитный","sv":"72000","p":400.0,"q":15.88,"b":2.01,"ms":9.55,"wi":29.73,"ei":5.12,"as":183.24,"mi":"E","mv":754247,"sc":1,"lpe":90.45,"lpr":495.22,"lq":1.0,"d":8609120},{"pi":"380002","pc":"Продукты питания","ss":10000,"td":"Центр города","dc":1,"n":398.56,"vc":"25038","sl":"Элитный","sv":"12869","p":949.81,"q":7.74,"b":0.0,"ms":8.14,"wi":154.18,"ei":9.34,"as":2208.0,"mi":"E","mv":158107,"sc":3,"lpe":84.25,"lpr":2306.63,"lq":10.22,"d":2149998},{"pi":"380002","pc":"Продукты питания","ss":91700,"td":"Центр города","dc":8,"n":215.0,"vc":"23068","sl":"Элитный","sv":"10761","p":3500.0,"q":15.13,"b":0.0,"ms":6.81,"wi":154.18,"ei":9.34,"as":2208.0,"mi":"E","mv":158107,"sc":3,"lpe":84.25,"lpr":2306.63,"lq":10.22,"d":2149998},{"pi":"380002","pc":"Продукты питания","ss":110000,"td":"Центр города","dc":1,"n":367.46,"vc":"113330","sl":"Элитный","sv":"1277","p":9.11,"q":15.02,"b":0.0,"ms":0.81,"wi":154.18,"ei":9.34,"as":2208.0,"mi":"E","mv":158107,"sc":3,"lpe":84.25,"lpr":2306.63,"lq":10.22,"d":2149998},{"pi":"380002","pc":"Продукты питания","ss":50000,"td":"Центр города","dc":3,"n":228.93,"vc":"22141","sl":"Элитный","sv":"33000","p":200.0,"q":15.88,"b":2.01,"ms":10.34,"wi":15.97,"ei":4.53,"as":106.12,"mi":"E","mv":319251,"sc":2,"lpe":89.66,"lpr":279.65,"lq":1.41,"d":3754938},{"pi":"380002","pc":"Продукты питания","ss":100,"td":"Окраина","dc":10,"n":68.69,"vc":"141","sl":"Очень низкий","sv":"2","p":200.0,"q":15.05,"b":0.0,"ms":0.0,"wi":15.97,"ei":4.53,"as":106.12,"mi":"E","mv":319251,"sc":2,"lpe":89.66,"lpr":279.65,"lq":1.41,"d":3754938},{"pi":"380002","pc":"Продукты питания","ss":100000,"td":"Фешенебельный район","dc":2,"n":401.9,"vc":"59572","sl":"Элитный","sv":"230541","p":3500.0,"q":17.34,"b":1.17,"ms":26.4,"wi":166.72,"ei":9.88,"as":2625.25,"mi":"E","mv":873313,"sc":2,"lpe":73.12,"lpr":2910.24,"lq":12.19,"d":11635600},{"pi":"380002","pc":"Продукты питания","ss":6000,"td":"Центр города","dc":1,"n":290.85,"vc":"14908","sl":"Элитный","sv":"4246","p":1187.82,"q":7.74,"b":0.0,"ms":0.49,"wi":166.72,"ei":9.88,"as":2625.25,"mi":"E","mv":873313,"sc":2,"lpe":73.12,"lpr":2910.24,"lq":12.19,"d":11635600},{"pi":"380002","pc":"Продукты питания","ss":100000,"td":"Центр города","dc":3,"n":174.93,"vc":"8833","sl":"Элитный","sv":"2500","p":18.0,"q":15.79,"b":0.0,"ms":31.93,"wi":6.96,"ei":8.15,"as":67.72,"mi":"E","mv":7829,"sc":1,"lpe":68.07,"lpr":213.25,"lq":1.17,"d":358494},{"pi":"380002","pc":"Продукты питания","ss":10000,"td":"Центр города","dc":2,"n":160.23,"vc":"4863","sl":"Элитный","sv":"10844","p":1689.0,"q":10.87,"b":0.58,"ms":10.05,"wi":62.14,"ei":7.68,"as":426.52,"mi":"E","mv":107849,"sc":1,"lpe":89.95,"lpr":1717.59,"lq":7.21,"d":3062821},{"pi":"380002","pc":"Продукты питания","ss":100000,"td":"Центр города","dc":1,"n":422.38,"vc":"341046","sl":"Элитный","sv":"46704","p":225.0,"q":17.35,"b":0.97,"ms":11.98,"wi":11.18,"ei":3.22,"as":72.09,"mi":"E","mv":389947,"sc":1,"lpe":88.02,"lpr":72.9,"lq":1.03,"d":4289316},{"pi":"380002","pc":"Продукты питания","ss":100000,"td":"Центр города","dc":1,"n":542.36,"vc":"705224","sl":"Очень высокий","sv":"150000","p":225.0,"q":17.3,"b":0.97,"ms":40.93,"wi":12.17,"ei":3.38,"as":78.09,"mi":"E","mv":366501,"sc":1,"lpe":59.07,"lpr":82.31,"lq":1.01,"d":4031420},{"pi":"380002","pc":"Продукты питания","ss":100000,"td":"Центр города","dc":1,"n":485.13,"vc":"866979","sl":"Высокий","sv":"450000","p":600.0,"q":19.24,"b":0.0,"ms":45.0,"wi":48.27,"ei":9.23,"as":380.0,"mi":"E","mv":1000021,"sc":1,"lpe":55.0,"lpr":1124.74,"lq":5.14,"d":11000140},{"pi":"380002","pc":"Продукты питания","ss":100000,"td":"Центр города","dc":5,"n":376.6,"vc":"143051","sl":"Очень высокий","sv":"5000","p":290.94,"q":15.79,"b":0.0,"ms":1.41,"wi":30.1,"ei":7.72,"as":150.11,"mi":"E","mv":354401,"sc":1,"lpe":98.59,"lpr":619.09,"lq":1.0,"d":4015276},{"pi":"380002","pc":"Продукты питания","ss":10000,"td":"Центр города","dc":1,"n":333.96,"vc":"9297","sl":"Высокий","sv":"80","p":1173.91,"q":1.15,"b":0.0,"ms":0.23,"wi":26.64,"ei":5.73,"as":102.0,"mi":"E","mv":35364,"sc":1,"lpe":99.77,"lpr":845.58,"lq":1.0,"d":653437},{"pi":"380002","pc":"Продукты питания","ss":100000,"td":"Центр города","dc":5,"n":241.82,"vc":"35151","sl":"Элитный","sv":"30000","p":2000.0,"q":15.79,"b":0.0,"ms":11.17,"wi":60.31,"ei":7.67,"as":446.7,"mi":"E","mv":268511,"sc":2,"lpe":88.64,"lpr":1223.47,"lq":5.74,"d":2952988},{"pi":"380002","pc":"Продукты питания","ss":100000,"td":"Фешенебельный район","dc":1,"n":348.18,"vc":"21993","sl":"Элитный","sv":"500","p":3128.32,"q":15.79,"b":0.0,"ms":0.19,"wi":60.31,"ei":7.67,"as":446.7,"mi":"E","mv":268511,"sc":2,"lpe":88.64,"lpr":1223.47,"lq":5.74,"d":2952988},{"pi":"380002","pc":"Продукты питания","ss":10000,"td":"Центр города","dc":2,"n":245.06,"vc":"5084","sl":"Элитный","sv":"15000","p":1109.0,"q":11.1,"b":0.58,"ms":79.34,"wi":39.18,"ei":7.04,"as":341.21,"mi":"D","mv":18906,"sc":1,"lpe":20.66,"lpr":1097.91,"lq":5.23,"d":579186},{"pi":"380002","pc":"Продукты питания","ss":10000,"td":"Центр города","dc":2,"n":265.13,"vc":"5175","sl":"Элитный","sv":"5000","p":309.0,"q":11.1,"b":0.58,"ms":45.43,"wi":25.39,"ei":7.39,"as":309.33,"mi":"E","mv":11007,"sc":1,"lpe":54.57,"lpr":788.42,"lq":3.72,"d":398700},{"pi":"380002","pc":"Продукты питания","ss":10000,"td":"Центр города","dc":1,"n":457.12,"vc":"28705","sl":"Элитный","sv":"37292","p":854.14,"q":7.74,"b":0.0,"ms":44.51,"wi":131.02,"ei":10.25,"as":2441.4,"mi":"D","mv":83792,"sc":2,"lpe":43.56,"lpr":1069.44,"lq":5.09,"d":921618},{"pi":"380002","pc":"Продукты питания","ss":100000,"td":"Центр города","dc":1,"n":560.0,"vc":"498495","sl":"Очень высокий","sv":"10000","p":750.0,"q":17.3,"b":1.17,"ms":11.93,"wi":131.02,"ei":10.25,"as":2441.4,"mi":"D","mv":83792,"sc":2,"lpe":43.56,"lpr":1069.44,"lq":5.09,"d":921618},{"pi":"380002","pc":"Продукты питания","ss":100000,"td":"Центр города","dc":2,"n":483.21,"vc":"458890","sl":"Высокий","sv":"70000","p":2000.0,"q":19.15,"b":0.0,"ms":44.6,"wi":67.13,"ei":8.56,"as":483.67,"mi":"E","mv":156943,"sc":2,"lpe":54.51,"lpr":903.95,"lq":4.24,"d":1883126},{"pi":"380002","pc":"Продукты питания","ss":10000,"td":"Центр города","dc":1,"n":277.78,"vc":"9785","sl":"Элитный","sv":"1400","p":990.0,"q":9.17,"b":0.0,"ms":0.89,"wi":67.13,"ei":8.56,"as":483.67,"mi":"E","mv":156943,"sc":2,"lpe":54.51,"lpr":903.95,"lq":4.24,"d":1883126},{"pi":"380002","pc":"Продукты питания","ss":10000,"td":"Центр города","dc":1,"n":350.59,"vc":"22623","sl":"Элитный","sv":"41906","p":507.95,"q":7.74,"b":0.0,"ms":10.75,"wi":57.37,"ei":10.06,"as":176.05,"mi":"E","mv":389795,"sc":1,"lpe":89.25,"lpr":1120.58,"lq":5.05,"d":4433298},{"pi":"380002","pc":"Продукты питания","ss":100000,"td":"Центр города","dc":8,"n":247.8,"vc":"69794","sl":"Очень высокий","sv":"36568","p":2247.8,"q":15.09,"b":0.0,"ms":7.2,"wi":65.33,"ei":8.99,"as":361.0,"mi":"E","mv":507563,"sc":2,"lpe":90.24,"lpr":1152.59,"lq":3.55,"d":5583100},{"pi":"380002","pc":"Продукты питания","ss":7000,"td":"Центр города","dc":1,"n":335.88,"vc":"17434","sl":"Элитный","sv":"12983","p":2068.0,"q":6.76,"b":0.0,"ms":2.56,"wi":65.33,"ei":8.99,"as":361.0,"mi":"E","mv":507563,"sc":2,"lpe":90.24,"lpr":1152.59,"lq":3.55,"d":5583100},{"pi":"380002","pc":"Продукты питания","ss":100000,"td":"Центр города","dc":1,"n":497.37,"vc":"411958","sl":"Элитный","sv":"100000","p":5500.0,"q":17.3,"b":1.0,"ms":42.14,"wi":171.48,"ei":10.04,"as":2283.46,"mi":"E","mv":237332,"sc":4,"lpe":54.96,"lpr":2954.14,"lq":12.42,"d":2986744},{"pi":"380002","pc":"Продукты питания","ss":8000,"td":"Центр города","dc":1,"n":376.58,"vc":"20483","sl":"Элитный","sv":"6000","p":1097.96,"q":7.74,"b":0.0,"ms":2.53,"wi":171.48,"ei":10.04,"as":2283.46,"mi":"E","mv":237332,"sc":4,"lpe":54.96,"lpr":2954.14,"lq":12.42,"d":2986744},{"pi":"380002","pc":"Продукты питания","ss":100000,"td":"Спальный район","dc":4,"n":497.4,"vc":"309062","sl":"Высокий","sv":"534","p":19.0,"q":15.15,"b":0.00187265917602996,"ms":0.23,"wi":171.48,"ei":10.04,"as":2283.46,"mi":"E","mv":237332,"sc":4,"lpe":54.96,"lpr":2954.14,"lq":12.42,"d":2986744},{"pi":"380002","pc":"Продукты питания","ss":300000,"td":"Фешенебельный район","dc":9,"n":497.37,"vc":"140384","sl":"Элитный","sv":"358","p":4229.24,"q":16.14,"b":0.0,"ms":0.15,"wi":171.48,"ei":10.04,"as":2283.46,"mi":"E","mv":237332,"sc":4,"lpe":54.96,"lpr":2954.14,"lq":12.42,"d":2986744},{"pi":"380002","pc":"Продукты питания","ss":8000,"td":"Центр города","dc":1,"n":400.31,"vc":"21466","sl":"Элитный","sv":"15771","p":3371.0,"q":7.74,"b":0.0,"ms":10.05,"wi":125.88,"ei":10.29,"as":1744.48,"mi":"E","mv":156930,"sc":2,"lpe":89.93,"lpr":2454.63,"lq":5.46,"d":2094907},{"pi":"380002","pc":"Продукты питания","ss":300000,"td":"Фешенебельный район","dc":10,"n":536.81,"vc":"181132","sl":"Очень высокий","sv":"30","p":16963.8,"q":16.14,"b":0.0,"ms":0.02,"wi":125.88,"ei":10.29,"as":1744.48,"mi":"E","mv":156930,"sc":2,"lpe":89.93,"lpr":2454.63,"lq":5.46,"d":2094907},{"pi":"380002","pc":"Продукты питания","ss":10000,"td":"Центр города","dc":2,"n":414.87,"vc":"11959","sl":"Высокий","sv":"2000","p":754.0,"q":15.79,"b":0.0,"ms":13.88,"wi":29.91,"ei":6.71,"as":368.36,"mi":"E","mv":14412,"sc":1,"lpe":86.12,"lpr":912.65,"lq":4.23,"d":209430},{"pi":"380002","pc":"Продукты питания","ss":8000,"td":"Центр города","dc":1,"n":409.17,"vc":"21859","sl":"Элитный","sv":"12731","p":7179.0,"q":7.73,"b":0.0,"ms":8.23,"wi":172.43,"ei":9.83,"as":2165.58,"mi":"E","mv":154670,"sc":1,"lpe":91.77,"lpr":2509.41,"lq":1.0,"d":1838430},{"pi":"380002","pc":"Продукты питания","ss":10000,"td":"Центр города","dc":1,"n":416.93,"vc":"26094","sl":"Элитный","sv":"25389","p":704.38,"q":7.74,"b":0.0,"ms":17.02,"wi":179.63,"ei":10.34,"as":2350.25,"mi":"E","mv":149192,"sc":2,"lpe":70.58,"lpr":587.88,"lq":3.44,"d":1641016},{"pi":"380002","pc":"Продукты питания","ss":100000,"td":"Центр города","dc":1,"n":438.42,"vc":"284280","sl":"Элитный","sv":"18505","p":3500.0,"q":17.35,"b":1.0,"ms":12.4,"wi":179.63,"ei":10.34,"as":2350.25,"mi":"E","mv":149192,"sc":2,"lpe":70.58,"lpr":587.88,"lq":3.44,"d":1641016},{"pi":"380002","pc":"Продукты питания","ss":20000,"td":"Центр города","dc":1,"n":474.18,"vc":"51589","sl":"Элитный","sv":"14567","p":829.0,"q":7.61,"b":0.0,"ms":25.68,"wi":30.44,"ei":9.91,"as":236.21,"mi":"E","mv":56727,"sc":1,"lpe":74.32,"lpr":259.29,"lq":1.21,"d":721000},{"pi":"380002","pc":"Продукты питания","ss":20000,"td":"Центр города","dc":1,"n":469.9,"vc":"50913","sl":"Элитный","sv":"33668","p":1323.0,"q":7.57,"b":0.0,"ms":48.36,"wi":41.15,"ei":10.19,"as":294.5,"mi":"E","mv":69618,"sc":1,"lpe":51.64,"lpr":692.14,"lq":3.37,"d":765700},{"pi":"380002","pc":"Продукты питания","ss":10000,"td":"Центр города","dc":1,"n":436.17,"vc":"27246","sl":"Элитный","sv":"38105","p":918.0,"q":7.68,"b":0.0,"ms":41.13,"wi":38.12,"ei":9.89,"as":297.83,"mi":"E","mv":92635,"sc":1,"lpe":58.87,"lpr":530.12,"lq":2.46,"d":1236300},{"pi":"380002","pc":"Продукты питания","ss":100000,"td":"Центр города","dc":3,"n":333.4,"vc":"49437","sl":"Элитный","sv":"5000","p":2000.0,"q":15.79,"b":0.0,"ms":9.23,"wi":66.62,"ei":7.95,"as":493.05,"mi":"E","mv":54170,"sc":1,"lpe":90.77,"lpr":1386.03,"lq":1.0,"d":632057},{"pi":"380002","pc":"Продукты питания","ss":100000,"td":"Центр города","dc":1,"n":471.94,"vc":"198677","sl":"Элитный","sv":"4600","p":1460.0,"q":9.17,"b":0.0,"ms":6.7,"wi":59.42,"ei":8.65,"as":472.08,"mi":"E","mv":68648,"sc":1,"lpe":93.3,"lpr":1312.83,"lq":1.0,"d":747777},{"pi":"380002","pc":"Продукты питания","ss":100000,"td":"Центр города","dc":2,"n":416.6,"vc":"70731","sl":"Элитный","sv":"1000","p":660.0,"q":15.79,"b":4.86513,"ms":10.59,"wi":37.09,"ei":8.97,"as":578.61,"mi":"E","mv":9443,"sc":1,"lpe":89.41,"lpr":657.66,"lq":3.01,"d":178844},{"pi":"380002","pc":"Продукты питания","ss":100000,"td":"Центр города","dc":4,"n":330.03,"vc":"48765","sl":"Элитный","sv":"10000","p":2000.0,"q":15.79,"b":0.0,"ms":16.5,"wi":84.39,"ei":9.0,"as":559.14,"mi":"E","mv":60619,"sc":1,"lpe":83.5,"lpr":1510.48,"lq":7.24,"d":666717},{"pi":"380002","pc":"Продукты питания","ss":100000,"td":"Центр города","dc":1,"n":452.3,"vc":"181219","sl":"Элитный","sv":"4200","p":248.0,"q":9.17,"b":0.0,"ms":4.86,"wi":81.87,"ei":13.22,"as":341.21,"mi":"E","mv":86443,"sc":1,"lpe":95.14,"lpr":2726.66,"lq":1.0,"d":986148},{"pi":"380002","pc":"Продукты питания","ss":100000,"td":"Центр города","dc":3,"n":21.32,"vc":"3466","sl":"Элитный","sv":"952","p":30.0,"q":15.17,"b":0.0,"ms":0.8,"wi":25.0,"ei":10.57,"as":43.07,"mi":"E","mv":119730,"sc":1,"lpe":99.2,"lpr":818.62,"lq":1.0,"d":1684951},{"pi":"380002","pc":"Продукты питания","ss":100000,"td":"Центр города","dc":1,"n":434.64,"vc":"167050","sl":"Элитный","sv":"6000","p":194.0,"q":9.17,"b":0.0,"ms":5.35,"wi":62.59,"ei":7.65,"as":519.76,"mi":"E","mv":112074,"sc":1,"lpe":94.65,"lpr":1900.53,"lq":1.0,"d":1269608},{"pi":"380002","pc":"Продукты питания","ss":100000,"td":"Фешенебельный район","dc":3,"n":678.76,"vc":"341415","sl":"Высокий","sv":"20000","p":1500.0,"q":19.24,"b":0.0,"ms":25.92,"wi":22.68,"ei":5.79,"as":111.4,"mi":"E","mv":77165,"sc":1,"lpe":74.08,"lpr":419.76,"lq":1.86,"d":848720},{"pi":"380002","pc":"Продукты питания","ss":100000,"td":"Фешенебельный район","dc":5,"n":9.5,"vc":"209","sl":"Элитный","sv":"132","p":200.0,"q":8.56,"b":0.0,"ms":1.5,"wi":22.5,"ei":6.7,"as":162.61,"mi":"E","mv":8775,"sc":1,"lpe":98.5,"lpr":1105.04,"lq":1.0,"d":173036},{"pi":"380002","pc":"Продукты питания","ss":100000,"td":"Фешенебельный район","dc":3,"n":494.33,"vc":"47326","sl":"Элитный","sv":"3000","p":750.0,"q":14.78,"b":0.0,"ms":7.8,"wi":26.86,"ei":9.58,"as":172.29,"mi":"E","mv":38448,"sc":1,"lpe":92.2,"lpr":482.93,"lq":1.0,"d":603924},{"pi":"380002","pc":"Продукты питания","ss":100000,"td":"Центр города","dc":4,"n":314.82,"vc":"40364","sl":"Элитный","sv":"2966","p":3195.24,"q":15.8,"b":0.0,"ms":6.07,"wi":38.53,"ei":11.77,"as":195.48,"mi":"E","mv":48848,"sc":1,"lpe":93.93,"lpr":657.88,"lq":1.0,"d":589980},{"pi":"380002","pc":"Продукты питания","ss":10000,"td":"Центр города","dc":1,"n":450.54,"vc":"28244","sl":"Элитный","sv":"35000","p":1776.34,"q":7.74,"b":0.0,"ms":38.06,"wi":101.65,"ei":9.63,"as":1310.12,"mi":"E","mv":91953,"sc":1,"lpe":61.94,"lpr":1809.17,"lq":5.46,"d":1011386},{"pi":"380002","pc":"Продукты питания","ss":10000,"td":"Центр города","dc":1,"n":455.42,"vc":"28585","sl":"Элитный","sv":"15538","p":953.43,"q":7.74,"b":0.0,"ms":18.1,"wi":119.43,"ei":9.61,"as":1300.02,"mi":"E","mv":85842,"sc":3,"lpe":70.23,"lpr":1224.17,"lq":8.16,"d":944174},{"pi":"380002","pc":"Продукты питания","ss":100000,"td":"Центр города","dc":2,"n":308.67,"vc":"44850","sl":"Элитный","sv":"10000","p":2000.0,"q":15.79,"b":0.00368,"ms":11.65,"wi":119.43,"ei":9.61,"as":1300.02,"mi":"E","mv":85842,"sc":3,"lpe":70.23,"lpr":1224.17,"lq":8.16,"d":944174},{"pi":"380002","pc":"Продукты питания","ss":100000,"td":"Центр города","dc":6,"n":543.11,"vc":"427378","sl":"Низкий","sv":"17","p":4826.82,"q":9.09,"b":0.0,"ms":0.02,"wi":119.43,"ei":9.61,"as":1300.02,"mi":"E","mv":85842,"sc":3,"lpe":70.23,"lpr":1224.17,"lq":8.16,"d":944174},{"pi":"380002","pc":"Продукты питания","ss":10000,"td":"Центр города","dc":1,"n":440.51,"vc":"27577","sl":"Элитный","sv":"5679","p":6077.0,"q":7.35,"b":0.0,"ms":7.15,"wi":149.8,"ei":10.5,"as":2028.6,"mi":"E","mv":79452,"sc":1,"lpe":92.85,"lpr":1599.43,"lq":1.0,"d":1167470},{"pi":"380002","pc":"Продукты питания","ss":10000,"td":"Центр города","dc":2,"n":332.3,"vc":"5766","sl":"Элитный","sv":"5731","p":699.0,"q":10.86,"b":2.13,"ms":47.97,"wi":34.18,"ei":9.16,"as":412.47,"mi":"E","mv":11948,"sc":1,"lpe":52.03,"lpr":214.08,"lq":1.06,"d":131326},{"pi":"380002","pc":"Продукты питания","ss":10000,"td":"Центр города","dc":1,"n":404.06,"vc":"25312","sl":"Элитный","sv":"3300","p":260.0,"q":9.17,"b":0.0,"ms":1.84,"wi":24.79,"ei":9.26,"as":119.81,"mi":"E","mv":179341,"sc":2,"lpe":97.27,"lpr":636.19,"lq":1.0,"d":1974278},{"pi":"380002","pc":"Продукты питания","ss":100000,"td":"Центр города","dc":1,"n":0.0,"vc":"2985","sl":"Элитный","sv":"1600","p":1055.65,"q":15.79,"b":0.0,"ms":0.89,"wi":24.79,"ei":9.26,"as":119.81,"mi":"E","mv":179341,"sc":2,"lpe":97.27,"lpr":636.19,"lq":1.0,"d":1974278},{"pi":"380002","pc":"Продукты питания","ss":100000,"td":"Центр города","dc":1,"n":550.78,"vc":"628786","sl":"Очень высокий","sv":"35437","p":1350.0,"q":17.32,"b":2.28,"ms":52.91,"wi":166.17,"ei":10.12,"as":2341.42,"mi":"D","mv":66975,"sc":2,"lpe":46.81,"lpr":299.72,"lq":12.01,"d":723722},{"pi":"380002","pc":"Продукты питания","ss":20000,"td":"Центр города","dc":1,"n":474.26,"vc":"51692","sl":"Элитный","sv":"185","p":408.0,"q":7.74,"b":0.0,"ms":0.28,"wi":166.17,"ei":10.12,"as":2341.42,"mi":"D","mv":66975,"sc":2,"lpe":46.81,"lpr":299.72,"lq":12.01,"d":723722},{"pi":"380002","pc":"Продукты питания","ss":100000,"td":"Центр города","dc":1,"n":636.03,"vc":"848720","sl":"Высокий","sv":"1281","p":1600.0,"q":17.33,"b":2.28,"ms":11.12,"wi":64.83,"ei":9.54,"as":1256.81,"mi":"E","mv":11515,"sc":2,"lpe":85.32,"lpr":149.08,"lq":2.56,"d":229028},{"pi":"380002","pc":"Продукты питания","ss":30000,"td":"Центр города","dc":1,"n":584.02,"vc":"107255","sl":"Элитный","sv":"409","p":805.0,"q":6.71,"b":0.0,"ms":3.55,"wi":64.83,"ei":9.54,"as":1256.81,"mi":"E","mv":11515,"sc":2,"lpe":85.32,"lpr":149.08,"lq":2.56,"d":229028},{"pi":"380002","pc":"Продукты питания","ss":100000,"td":"Центр города","dc":4,"n":338.13,"vc":"104416","sl":"Элитный","sv":"100000","p":2000.0,"q":15.79,"b":2.1364048,"ms":23.4,"wi":51.27,"ei":6.64,"as":370.86,"mi":"E","mv":427281,"sc":2,"lpe":76.41,"lpr":1144.79,"lq":5.33,"d":4700000},{"pi":"380002","pc":"Продукты питания","ss":300000,"td":"Фешенебельный район","dc":9,"n":477.82,"vc":"136343","sl":"Элитный","sv":"785","p":2502.06,"q":16.14,"b":0.0,"ms":0.18,"wi":51.27,"ei":6.64,"as":370.86,"mi":"E","mv":427281,"sc":2,"lpe":76.41,"lpr":1144.79,"lq":5.33,"d":4700000},{"pi":"380002","pc":"Продукты питания","ss":7000,"td":"Центр города","dc":1,"n":363.5,"vc":"18271","sl":"Элитный","sv":"30260","p":5213.0,"q":7.74,"b":0.0,"ms":9.93,"wi":187.03,"ei":10.4,"as":1951.81,"mi":"E","mv":304801,"sc":1,"lpe":90.07,"lpr":5263.24,"lq":3.28,"d":3644912},{"pi":"380002","pc":"Продукты питания","ss":200000,"td":"Центр города","dc":1,"n":452.18,"vc":"758763","sl":"Элитный","sv":"47854","p":2350.0,"q":17.35,"b":0.89,"ms":16.27,"wi":67.25,"ei":7.32,"as":515.94,"mi":"E","mv":294207,"sc":1,"lpe":83.73,"lpr":335.65,"lq":2.24,"d":3236177},{"pi":"380002","pc":"Продукты питания","ss":110000,"td":"Фешенебельный район","dc":1,"n":0.0,"vc":"332","sl":"Элитный","sv":"135","p":2559.5,"q":9.61,"b":0.0,"ms":0.24,"wi":41.99,"ei":6.4,"as":310.88,"mi":"E","mv":56579,"sc":1,"lpe":99.76,"lpr":839.93,"lq":1.0,"d":761700},{"pi":"380002","pc":"Продукты питания","ss":100000,"td":"Центр города","dc":1,"n":487.14,"vc":"213514","sl":"Элитный","sv":"2600","p":2400.0,"q":9.17,"b":0.0,"ms":4.84,"wi":63.23,"ei":7.28,"as":458.84,"mi":"E","mv":53714,"sc":1,"lpe":95.16,"lpr":1312.6,"lq":1.0,"d":605030},{"pi":"380002","pc":"Продукты питания","ss":100000,"td":"Центр города","dc":4,"n":380.48,"vc":"60301","sl":"Элитный","sv":"3000","p":3000.0,"q":15.79,"b":0.0,"ms":10.79,"wi":89.13,"ei":9.82,"as":631.89,"mi":"E","mv":27813,"sc":1,"lpe":89.21,"lpr":1825.7,"lq":8.68,"d":305851},{"pi":"380002","pc":"Продукты питания","ss":9000,"td":"Центр города","dc":1,"n":437.74,"vc":"25339","sl":"Элитный","sv":"22718","p":1214.0,"q":7.73,"b":0.0,"ms":20.76,"wi":39.52,"ei":9.92,"as":332.5,"mi":"E","mv":109448,"sc":1,"lpe":79.24,"lpr":752.25,"lq":3.73,"d":1214800},{"pi":"380002","pc":"Продукты питания","ss":8000,"td":"Центр города","dc":1,"n":393.66,"vc":"21184","sl":"Элитный","sv":"27644","p":1207.0,"q":7.73,"b":0.0,"ms":13.61,"wi":50.78,"ei":10.72,"as":342.0,"mi":"E","mv":203075,"sc":1,"lpe":86.39,"lpr":924.03,"lq":4.29,"d":2313300},{"pi":"380002","pc":"Продукты питания","ss":1000,"td":"Центр города","dc":1,"n":158.37,"vc":"417","sl":"Элитный","sv":"936","p":2476.0,"q":7.29,"b":0.0,"ms":13.21,"wi":86.09,"ei":9.78,"as":1413.77,"mi":"E","mv":7084,"sc":1,"lpe":86.79,"lpr":1684.18,"lq":5.17,"d":77832},{"pi":"380002","pc":"Продукты питания","ss":1000,"td":"Центр города","dc":1,"n":236.14,"vc":"426","sl":"Элитный","sv":"876","p":746.0,"q":7.74,"b":0.0,"ms":40.52,"wi":33.47,"ei":8.88,"as":995.77,"mi":"E","mv":2162,"sc":1,"lpe":59.48,"lpr":435.12,"lq":2.1,"d":23688},{"pi":"380002","pc":"Продукты питания","ss":1000,"td":"Центр города","dc":1,"n":203.98,"vc":"369","sl":"Элитный","sv":"783","p":398.0,"q":7.61,"b":0.0,"ms":32.67,"wi":16.95,"ei":8.97,"as":962.94,"mi":"E","mv":2397,"sc":1,"lpe":67.33,"lpr":195.25,"lq":1.0,"d":37245},{"pi":"380002","pc":"Продукты питания","ss":1000,"td":"Центр города","dc":1,"n":455.34,"vc":"1403","sl":"Элитный","sv":"1563","p":1530.0,"q":7.74,"b":0.0,"ms":27.93,"wi":50.23,"ei":10.08,"as":1824.71,"mi":"E","mv":5596,"sc":1,"lpe":72.07,"lpr":683.89,"lq":3.16,"d":233758},{"pi":"380002","pc":"Продукты питания","ss":10000,"td":"Центр города","dc":1,"n":454.24,"vc":"28497","sl":"Элитный","sv":"18000","p":797.84,"q":7.74,"b":0.0,"ms":20.63,"wi":182.17,"ei":9.94,"as":1758.03,"mi":"E","mv":87233,"sc":2,"lpe":65.85,"lpr":735.05,"lq":4.95,"d":959467},{"pi":"380002","pc":"Продукты питания","ss":100000,"td":"Центр города","dc":1,"n":463.35,"vc":"299414","sl":"Элитный","sv":"11788","p":5000.0,"q":17.34,"b":1.26,"ms":13.51,"wi":182.17,"ei":9.94,"as":1758.03,"mi":"E","mv":87233,"sc":2,"lpe":65.85,"lpr":735.05,"lq":4.95,"d":959467},{"pi":"380002","pc":"Продукты питания","ss":300000,"td":"Центр города","dc":2,"n":484.58,"vc":"1794342","sl":"Высокий","sv":"250000","p":2500.0,"q":17.3,"b":1.35,"ms":32.14,"wi":77.84,"ei":9.4,"as":711.83,"mi":"E","mv":777781,"sc":3,"lpe":66.86,"lpr":1573.86,"lq":7.4,"d":8555500},{"pi":"380002","pc":"Продукты питания","ss":110000,"td":"Фешенебельный район","dc":1,"n":524.43,"vc":"190152","sl":"Элитный","sv":"7579","p":2100.0,"q":19.19,"b":0.0,"ms":0.97,"wi":77.84,"ei":9.4,"as":711.83,"mi":"E","mv":777781,"sc":3,"lpe":66.86,"lpr":1573.86,"lq":7.4,"d":8555500},{"pi":"380002","pc":"Продукты питания","ss":200000,"td":"Центр города","dc":2,"n":402.71,"vc":"424860","sl":"Элитный","sv":"197","p":1.0,"q":14.92,"b":0.00685279187817259,"ms":0.03,"wi":77.84,"ei":9.4,"as":711.83,"mi":"E","mv":777781,"sc":3,"lpe":66.86,"lpr":1573.86,"lq":7.4,"d":8555500},{"pi":"380002","pc":"Продукты питания","ss":100000,"td":"Фешенебельный район","dc":4,"n":286.53,"vc":"6593","sl":"Элитный","sv":"10000","p":2000.0,"q":14.78,"b":1.35,"ms":6.72,"wi":81.08,"ei":10.28,"as":520.63,"mi":"E","mv":148848,"sc":1,"lpe":93.28,"lpr":1406.43,"lq":1.0,"d":1637234},{"pi":"380002","pc":"Продукты питания","ss":100000,"td":"Фешенебельный район","dc":5,"n":408.84,"vc":"22299","sl":"Элитный","sv":"10000","p":2000.0,"q":14.78,"b":1.35,"ms":5.95,"wi":85.91,"ei":9.87,"as":507.96,"mi":"E","mv":168017,"sc":1,"lpe":94.05,"lpr":1372.22,"lq":1.0,"d":1848088},{"pi":"380002","pc":"Продукты питания","ss":9000,"td":"Центр города","dc":1,"n":436.99,"vc":"25296","sl":"Элитный","sv":"12771","p":2482.0,"q":7.74,"b":0.0,"ms":11.5,"wi":116.79,"ei":9.79,"as":1808.05,"mi":"E","mv":111099,"sc":1,"lpe":88.5,"lpr":1248.65,"lq":4.88,"d":1228032},{"pi":"380002","pc":"Продукты питания","ss":9000,"td":"Центр города","dc":1,"n":413.84,"vc":"24021","sl":"Элитный","sv":"15076","p":2949.0,"q":7.41,"b":0.0,"ms":10.15,"wi":124.59,"ei":9.54,"as":1713.73,"mi":"E","mv":148581,"sc":1,"lpe":89.85,"lpr":1643.09,"lq":4.66,"d":1717617},{"pi":"380002","pc":"Продукты питания","ss":100000,"td":"Центр города","dc":3,"n":279.16,"vc":"40112","sl":"Элитный","sv":"20000","p":1100.0,"q":15.79,"b":0.0,"ms":14.25,"wi":51.84,"ei":8.95,"as":408.41,"mi":"E","mv":140351,"sc":2,"lpe":76.57,"lpr":881.1,"lq":4.11,"d":1543768},{"pi":"380002","pc":"Продукты питания","ss":100000,"td":"Фешенебельный район","dc":1,"n":398.21,"vc":"28354","sl":"Элитный","sv":"12880","p":31.0,"q":13.91,"b":0.0,"ms":9.18,"wi":51.84,"ei":8.95,"as":408.41,"mi":"E","mv":140351,"sc":2,"lpe":76.57,"lpr":881.1,"lq":4.11,"d":1543768},{"pi":"380002","pc":"Продукты питания","ss":100000,"td":"Центр города","dc":1,"n":415.52,"vc":"331179","sl":"Элитный","sv":"100000","p":6000.0,"q":17.3,"b":1.26,"ms":23.1,"wi":174.28,"ei":10.49,"as":2111.62,"mi":"E","mv":432969,"sc":3,"lpe":75.66,"lpr":2494.27,"lq":11.82,"d":4762572},{"pi":"380002","pc":"Продукты питания","ss":7000,"td":"Центр города","dc":1,"n":346.2,"vc":"17745","sl":"Элитный","sv":"4558","p":909.11,"q":7.74,"b":0.0,"ms":1.05,"wi":174.28,"ei":10.49,"as":2111.62,"mi":"E","mv":432969,"sc":3,"lpe":75.66,"lpr":2494.27,"lq":11.82,"d":4762572},{"pi":"380002","pc":"Продукты питания","ss":100000,"td":"Центр города","dc":5,"n":320.78,"vc":"88787","sl":"Элитный","sv":"848","p":9.84,"q":13.8,"b":0.77,"ms":0.2,"wi":174.28,"ei":10.49,"as":2111.62,"mi":"E","mv":432969,"sc":3,"lpe":75.66,"lpr":2494.27,"lq":11.82,"d":4762572},{"pi":"380002","pc":"Продукты питания","ss":100000,"td":"Фешенебельный район","dc":6,"n":451.56,"vc":"27096","sl":"Элитный","sv":"5000","p":1500.0,"q":14.78,"b":1.35,"ms":5.51,"wi":85.99,"ei":9.45,"as":517.11,"mi":"E","mv":90669,"sc":1,"lpe":94.49,"lpr":1396.93,"lq":1.0,"d":997274},{"pi":"380002","pc":"Продукты питания","ss":100000,"td":"Фешенебельный район","dc":4,"n":432.84,"vc":"24857","sl":"Элитный","sv":"5000","p":1000.0,"q":14.78,"b":1.35,"ms":4.22,"wi":71.3,"ei":8.42,"as":343.73,"mi":"E","mv":118504,"sc":1,"lpe":95.78,"lpr":1062.78,"lq":1.0,"d":1303454},{"pi":"380002","pc":"Продукты питания","ss":10000,"td":"Центр города","dc":1,"n":341.35,"vc":"10303","sl":"Элитный","sv":"550","p":2160.0,"q":9.17,"b":0.0,"ms":1.06,"wi":46.07,"ei":7.56,"as":306.73,"mi":"E","mv":51793,"sc":1,"lpe":98.94,"lpr":867.95,"lq":1.0,"d":569631},{"pi":"380002","pc":"Продукты питания","ss":120000,"td":"Центр города","dc":7,"n":303.55,"vc":"102732","sl":"Очень высокий","sv":"20816","p":3292.12,"q":15.1,"b":0.0,"ms":9.07,"wi":116.8,"ei":9.19,"as":733.47,"mi":"E","mv":229577,"sc":1,"lpe":90.93,"lpr":2349.47,"lq":7.83,"d":2524834},{"pi":"380002","pc":"Продукты питания","ss":56000,"td":"Центр города","dc":8,"n":356.24,"vc":"47237","sl":"Очень высокий","sv":"11779","p":2169.3,"q":15.02,"b":0.0,"ms":12.71,"wi":114.87,"ei":8.33,"as":568.25,"mi":"E","mv":92645,"sc":2,"lpe":78.91,"lpr":1464.87,"lq":6.85,"d":1018846},{"pi":"380002","pc":"Продукты питания","ss":100000,"td":"Центр города","dc":2,"n":525.36,"vc":"555058","sl":"Высокий","sv":"7757","p":6000.0,"q":17.35,"b":0.68,"ms":8.37,"wi":114.87,"ei":8.33,"as":568.25,"mi":"E","mv":92645,"sc":2,"lpe":78.91,"lpr":1464.87,"lq":6.85,"d":1018846},{"pi":"380002","pc":"Продукты питания","ss":100,"td":"Окраина","dc":3,"n":44.56,"vc":"106","sl":"Очень низкий","sv":"5","p":770.0,"q":15.82,"b":2.06,"ms":0.0,"wi":27.24,"ei":5.58,"as":116.89,"mi":"E","mv":163719,"sc":1,"lpe":100.0,"lpr":753.06,"lq":1.0,"d":2150272},{"pi":"380002","pc":"Продукты питания","ss":110000,"td":"Центр города","dc":1,"n":423.62,"vc":"570250","sl":"Очень высокий","sv":"337829","p":825.0,"q":19.28,"b":0.0,"ms":30.17,"wi":35.98,"ei":8.28,"as":251.65,"mi":"E","mv":1119795,"sc":3,"lpe":58.72,"lpr":817.59,"lq":3.81,"d":14352508},{"pi":"380002","pc":"Продукты питания","ss":100000,"td":"Спальный район","dc":1,"n":163.2,"vc":"21528","sl":"Элитный","sv":"120000","p":1000.0,"q":15.88,"b":2.06,"ms":10.72,"wi":35.98,"ei":8.28,"as":251.65,"mi":"E","mv":1119795,"sc":3,"lpe":58.72,"lpr":817.59,"lq":3.81,"d":14352508},{"pi":"380002","pc":"Продукты питания","ss":100000,"td":"Центр города","dc":1,"n":278.39,"vc":"86890","sl":"Элитный","sv":"4400","p":202.0,"q":9.17,"b":0.0,"ms":0.39,"wi":35.98,"ei":8.28,"as":251.65,"mi":"E","mv":1119795,"sc":3,"lpe":58.72,"lpr":817.59,"lq":3.81,"d":14352508},{"pi":"380002","pc":"Продукты питания","ss":100000,"td":"Центр города","dc":2,"n":463.68,"vc":"402736","sl":"Очень высокий","sv":"19229","p":300.0,"q":17.35,"b":1.18,"ms":12.36,"wi":11.57,"ei":3.97,"as":105.73,"mi":"E","mv":155521,"sc":1,"lpe":87.64,"lpr":126.29,"lq":1.01,"d":6381918},{"pi":"380002","pc":"Продукты питания","ss":100000,"td":"Центр города","dc":1,"n":448.17,"vc":"169310","sl":"Элитный","sv":"6600","p":4500.0,"q":16.01,"b":0.0,"ms":9.86,"wi":68.62,"ei":8.4,"as":495.87,"mi":"E","mv":66943,"sc":1,"lpe":90.14,"lpr":938.31,"lq":1.0,"d":909632},{"pi":"380002","pc":"Продукты питания","ss":10000,"td":"Центр города","dc":1,"n":449.0,"vc":"28144","sl":"Элитный","sv":"9441","p":893.33,"q":7.74,"b":0.0,"ms":10.74,"wi":151.97,"ei":10.65,"as":2047.83,"mi":"E","mv":87886,"sc":3,"lpe":79.66,"lpr":340.44,"lq":2.1,"d":1034298},{"pi":"380002","pc":"Продукты питания","ss":100000,"td":"Центр города","dc":1,"n":513.5,"vc":"331906","sl":"Элитный","sv":"7884","p":3000.0,"q":17.35,"b":1.0,"ms":8.97,"wi":151.97,"ei":10.65,"as":2047.83,"mi":"E","mv":87886,"sc":3,"lpe":79.66,"lpr":340.44,"lq":2.1,"d":1034298},{"pi":"380002","pc":"Продукты питания","ss":100000,"td":"Центр города","dc":5,"n":0.0,"vc":"3570","sl":"Элитный","sv":"551","p":1161.77,"q":15.5,"b":0.00181488203266788,"ms":0.63,"wi":151.97,"ei":10.65,"as":2047.83,"mi":"E","mv":87886,"sc":3,"lpe":79.66,"lpr":340.44,"lq":2.1,"d":1034298},{"pi":"380002","pc":"Продукты питания","ss":10000,"td":"Центр города","dc":1,"n":454.12,"vc":"28493","sl":"Элитный","sv":"6424","p":2661.0,"q":7.72,"b":0.0,"ms":9.44,"wi":121.0,"ei":10.2,"as":2182.56,"mi":"E","mv":68025,"sc":1,"lpe":90.56,"lpr":923.83,"lq":3.39,"d":961541},{"pi":"380002","pc":"Продукты питания","ss":100000,"td":"Центр города","dc":1,"n":561.04,"vc":"843212","sl":"Высокий","sv":"50000","p":5000.0,"q":17.3,"b":1.0,"ms":50.25,"wi":245.02,"ei":10.09,"as":2433.57,"mi":"D","mv":99500,"sc":3,"lpe":41.75,"lpr":2993.08,"lq":12.12,"d":1262376},{"pi":"380002","pc":"Продукты питания","ss":9000,"td":"Центр города","dc":1,"n":435.02,"vc":"25177","sl":"Элитный","sv":"7758","p":996.1,"q":7.74,"b":0.0,"ms":7.8,"wi":245.02,"ei":10.09,"as":2433.57,"mi":"D","mv":99500,"sc":3,"lpe":41.75,"lpr":2993.08,"lq":12.12,"d":1262376},{"pi":"380002","pc":"Продукты питания","ss":100000,"td":"Центр города","dc":6,"n":390.82,"vc":"109398","sl":"Очень высокий","sv":"199","p":30.99,"q":13.57,"b":0.0571356783919598,"ms":0.2,"wi":245.02,"ei":10.09,"as":2433.57,"mi":"D","mv":99500,"sc":3,"lpe":41.75,"lpr":2993.08,"lq":12.12,"d":1262376},{"pi":"380002","pc":"Продукты питания","ss":10000,"td":"Центр города","dc":1,"n":144.91,"vc":"3120","sl":"Элитный","sv":"210","p":2160.0,"q":9.17,"b":0.0,"ms":0.22,"wi":47.39,"ei":4.88,"as":232.49,"mi":"E","mv":96189,"sc":1,"lpe":99.78,"lpr":791.64,"lq":1.0,"d":1190767},{"pi":"380002","pc":"Продукты питания","ss":100000,"td":"Центр города","dc":1,"n":343.59,"vc":"111984","sl":"Элитный","sv":"4500","p":146.0,"q":9.17,"b":0.0,"ms":1.13,"wi":39.97,"ei":9.19,"as":127.29,"mi":"E","mv":399053,"sc":1,"lpe":98.87,"lpr":1326.59,"lq":1.0,"d":4940408},{"pi":"380002","pc":"Продукты питания","ss":100000,"td":"Центр города","dc":1,"n":367.69,"vc":"124142","sl":"Элитный","sv":"6700","p":1240.0,"q":9.17,"b":0.0,"ms":2.43,"wi":29.93,"ei":6.58,"as":133.91,"mi":"E","mv":276269,"sc":1,"lpe":97.57,"lpr":451.71,"lq":1.0,"d":3420282},{"pi":"380002","pc":"Продукты питания","ss":100000,"td":"Спальный район","dc":1,"n":498.67,"vc":"241704","sl":"Высокий","sv":"5000","p":4500.0,"q":17.3,"b":2.28,"ms":12.26,"wi":39.35,"ei":7.42,"as":244.05,"mi":"E","mv":40798,"sc":1,"lpe":87.74,"lpr":809.12,"lq":3.85,"d":448642},{"pi":"380002","pc":"Продукты питания","ss":20000,"td":"Центр города","dc":2,"n":195.43,"vc":"6849","sl":"Элитный","sv":"11065","p":1859.0,"q":10.87,"b":1.34,"ms":10.84,"wi":94.35,"ei":19.67,"as":208.3,"mi":"E","mv":102086,"sc":1,"lpe":89.16,"lpr":1839.37,"lq":7.62,"d":1322290},{"pi":"380002","pc":"Продукты питания","ss":100000,"td":"Центр города","dc":2,"n":528.88,"vc":"503343","sl":"Высокий","sv":"25000","p":1500.0,"q":17.3,"b":2.28,"ms":39.31,"wi":62.16,"ei":9.62,"as":386.88,"mi":"E","mv":63603,"sc":1,"lpe":60.69,"lpr":1258.57,"lq":6.05,"d":699426},{"pi":"380002","pc":"Продукты питания","ss":10000,"td":"Центр города","dc":1,"n":443.13,"vc":"27748","sl":"Элитный","sv":"49679","p":618.0,"q":7.74,"b":0.0,"ms":54.42,"wi":33.21,"ei":10.36,"as":243.68,"mi":"D","mv":91290,"sc":2,"lpe":34.63,"lpr":464.98,"lq":2.12,"d":1124408},{"pi":"380002","pc":"Продукты питания","ss":100000,"td":"Центр города","dc":2,"n":298.13,"vc":"43085","sl":"Элитный","sv":"10000","p":800.0,"q":15.79,"b":0.0,"ms":10.95,"wi":33.21,"ei":10.36,"as":243.68,"mi":"D","mv":91290,"sc":2,"lpe":34.63,"lpr":464.98,"lq":2.12,"d":1124408},{"pi":"380002","pc":"Продукты питания","ss":20000,"td":"Центр города","dc":1,"n":474.17,"vc":"51686","sl":"Элитный","sv":"19485","p":780.0,"q":7.39,"b":0.0,"ms":34.67,"wi":34.24,"ei":10.1,"as":260.64,"mi":"E","mv":56194,"sc":1,"lpe":65.33,"lpr":248.99,"lq":1.34,"d":724982},{"pi":"380002","pc":"Продукты питания","ss":100000,"td":"Фешенебельный район","dc":1,"n":557.64,"vc":"150590","sl":"Элитный","sv":"43784","p":1000.0,"q":19.15,"b":0.0,"ms":21.11,"wi":95.82,"ei":8.0,"as":376.09,"mi":"E","mv":207423,"sc":1,"lpe":78.89,"lpr":1515.01,"lq":7.09,"d":2281564},{"pi":"380002","pc":"Продукты питания","ss":10000,"td":"Центр города","dc":2,"n":272.36,"vc":"5216","sl":"Элитный","sv":"10000","p":1139.0,"q":11.15,"b":1.34,"ms":32.06,"wi":69.66,"ei":6.22,"as":447.98,"mi":"E","mv":31192,"sc":2,"lpe":63.17,"lpr":1490.24,"lq":6.95,"d":350000},{"pi":"380002","pc":"Продукты питания","ss":1100,"td":"Центр города","dc":1,"n":265.27,"vc":"1364","sl":"Очень высокий","sv":"1489","p":2000.0,"q":15.18,"b":0.0,"ms":4.77,"wi":69.66,"ei":6.22,"as":447.98,"mi":"E","mv":31192,"sc":2,"lpe":63.17,"lpr":1490.24,"lq":6.95,"d":350000},{"pi":"380002","pc":"Продукты питания","ss":10000,"td":"Центр города","dc":2,"n":241.64,"vc":"5019","sl":"Элитный","sv":"10000","p":1219.0,"q":11.15,"b":1.34,"ms":18.75,"wi":80.34,"ei":6.51,"as":470.38,"mi":"E","mv":53328,"sc":1,"lpe":81.25,"lpr":1529.68,"lq":7.36,"d":600000}]