[{"pi":"1501","pc":"Продукты питания","ss":5000,"td":"Центр города","dc":1,"n":433.35,"vc":"16275","sl":"Очень высокий","sv":"400","p":898.0,"q":9.31,"b":0.0,"ms":0.35,"wi":55.12,"ei":8.36,"as":411.86,"mi":"E","mv":115602,"sc":1,"lpe":99.65,"lpr":810.78,"lq":1.0,"d":1271530},{"pi":"1501","pc":"Продукты питания","ss":10000,"td":"Центр города","dc":2,"n":280.13,"vc":"5323","sl":"Элитный","sv":"15000","p":149.0,"q":19.43,"b":0.0,"ms":48.71,"wi":21.86,"ei":7.84,"as":163.23,"mi":"E","mv":30792,"sc":1,"lpe":51.29,"lpr":136.92,"lq":1.25,"d":338687},{"pi":"1501","pc":"Продукты питания","ss":4000,"td":"Центр города","dc":1,"n":423.35,"vc":"13661","sl":"Очень высокий","sv":"140","p":1563.0,"q":9.31,"b":0.0,"ms":0.11,"wi":75.12,"ei":8.39,"as":442.23,"mi":"E","mv":130594,"sc":1,"lpe":99.89,"lpr":877.26,"lq":1.0,"d":1470514},{"pi":"1501","pc":"Продукты питания","ss":7000,"td":"Центр города","dc":1,"n":422.87,"vc":"20330","sl":"Очень высокий","sv":"400","p":1190.0,"q":9.31,"b":0.0,"ms":0.37,"wi":64.74,"ei":9.15,"as":433.22,"mi":"E","mv":108008,"sc":1,"lpe":99.63,"lpr":853.19,"lq":1.0,"d":1483564},{"pi":"1501","pc":"Продукты питания","ss":5000,"td":"Центр города","dc":1,"n":460.53,"vc":"17175","sl":"Очень высокий","sv":"1700","p":336.0,"q":9.31,"b":0.0,"ms":2.14,"wi":20.84,"ei":9.18,"as":253.37,"mi":"E","mv":79338,"sc":1,"lpe":97.86,"lpr":336.88,"lq":1.0,"d":872616},{"pi":"1501","pc":"Продукты питания","ss":10000,"td":"Центр города","dc":2,"n":239.88,"vc":"5014","sl":"Элитный","sv":"13706","p":439.0,"q":19.41,"b":0.0,"ms":35.54,"wi":38.33,"ei":9.07,"as":212.54,"mi":"E","mv":38568,"sc":1,"lpe":64.46,"lpr":417.13,"lq":3.59,"d":620800},{"pi":"1501","pc":"Продукты питания","ss":5000,"td":"Центр города","dc":1,"n":457.09,"vc":"17025","sl":"Очень высокий","sv":"400","p":856.0,"q":9.31,"b":0.0,"ms":0.54,"wi":46.71,"ei":9.63,"as":392.96,"mi":"E","mv":73691,"sc":1,"lpe":99.46,"lpr":773.57,"lq":1.0,"d":910108},{"pi":"1501","pc":"Продукты питания","ss":5000,"td":"Центр города","dc":1,"n":454.09,"vc":"16975","sl":"Очень высокий","sv":"400","p":890.0,"q":9.31,"b":0.0,"ms":0.46,"wi":45.39,"ei":9.83,"as":407.82,"mi":"E","mv":86995,"sc":1,"lpe":99.54,"lpr":802.82,"lq":1.0,"d":956846},{"pi":"1501","pc":"Продукты питания","ss":7000,"td":"Центр города","dc":1,"n":448.95,"vc":"21524","sl":"Очень высокий","sv":"900","p":649.0,"q":9.31,"b":0.0,"ms":1.07,"wi":23.04,"ei":9.31,"as":281.91,"mi":"E","mv":83899,"sc":1,"lpe":98.93,"lpr":555.07,"lq":1.0,"d":1028974},{"pi":"1501","pc":"Продукты питания","ss":8000,"td":"Центр города","dc":1,"n":466.51,"vc":"24680","sl":"Очень высокий","sv":"700","p":688.0,"q":9.31,"b":0.0,"ms":1.22,"wi":22.15,"ei":8.94,"as":292.93,"mi":"E","mv":57160,"sc":1,"lpe":98.78,"lpr":576.78,"lq":1.0,"d":798372},{"pi":"1501","pc":"Продукты питания","ss":20000,"td":"Центр города","dc":2,"n":185.19,"vc":"7007","sl":"Элитный","sv":"13598","p":739.0,"q":19.4,"b":0.0,"ms":10.14,"wi":66.51,"ei":8.76,"as":347.78,"mi":"E","mv":134164,"sc":1,"lpe":89.86,"lpr":682.03,"lq":5.61,"d":1784134},{"pi":"1501","pc":"Продукты питания","ss":1000,"td":"Центр города","dc":5,"n":21.47,"vc":"445","sl":"Очень высокий","sv":"3","p":30.0,"q":2.64,"b":0.19,"ms":0.01,"wi":65.36,"ei":8.06,"as":531.88,"mi":"E","mv":30182,"sc":1,"lpe":99.99,"lpr":2294.4,"lq":1.0,"d":852721},{"pi":"1501","pc":"Продукты питания","ss":10000,"td":"Центр города","dc":2,"n":325.71,"vc":"5678","sl":"Элитный","sv":"7889","p":249.0,"q":19.43,"b":0.0,"ms":36.85,"wi":29.41,"ei":8.73,"as":368.21,"mi":"E","mv":21408,"sc":1,"lpe":63.15,"lpr":114.79,"lq":1.1,"d":177578},{"pi":"1501","pc":"Продукты питания","ss":10000,"td":"Центр города","dc":2,"n":268.9,"vc":"5206","sl":"Элитный","sv":"13975","p":509.0,"q":19.24,"b":0.0,"ms":42.28,"wi":62.27,"ei":13.35,"as":674.99,"mi":"E","mv":33057,"sc":1,"lpe":57.72,"lpr":515.79,"lq":4.28,"d":374441},{"pi":"1501","pc":"Продукты питания","ss":20000,"td":"Центр города","dc":1,"n":463.93,"vc":"49336","sl":"Элитный","sv":"2483","p":3957.0,"q":8.87,"b":0.0,"ms":7.05,"wi":88.65,"ei":9.17,"as":926.04,"mi":"E","mv":35207,"sc":2,"lpe":90.6,"lpr":1679.16,"lq":3.49,"d":802320},{"pi":"1501","pc":"Продукты питания","ss":1800,"td":"Центр города","dc":6,"n":313.06,"vc":"4869","sl":"Низкий","sv":"826","p":1800.0,"q":8.44,"b":0.0,"ms":2.35,"wi":88.65,"ei":9.17,"as":926.04,"mi":"E","mv":35207,"sc":2,"lpe":90.6,"lpr":1679.16,"lq":3.49,"d":802320},{"pi":"1501","pc":"Продукты питания","ss":100000,"td":"Центр города","dc":1,"n":477.54,"vc":"363674","sl":"Элитный","sv":"10179","p":1900.0,"q":44.27,"b":2.0,"ms":9.93,"wi":112.2,"ei":10.46,"as":1478.26,"mi":"E","mv":102487,"sc":2,"lpe":89.38,"lpr":475.96,"lq":15.85,"d":1132390},{"pi":"1501","pc":"Продукты питания","ss":10000,"td":"Центр города","dc":1,"n":439.69,"vc":"27118","sl":"Элитный","sv":"700","p":47.0,"q":9.31,"b":0.0,"ms":0.68,"wi":112.2,"ei":10.46,"as":1478.26,"mi":"E","mv":102487,"sc":2,"lpe":89.38,"lpr":475.96,"lq":15.85,"d":1132390},{"pi":"1501","pc":"Продукты питания","ss":10000,"td":"Центр города","dc":1,"n":549.28,"vc":"29258","sl":"Очень высокий","sv":"1219","p":360.0,"q":9.31,"b":0.0,"ms":9.65,"wi":19.68,"ei":7.55,"as":294.12,"mi":"E","mv":12631,"sc":1,"lpe":90.35,"lpr":125.97,"lq":1.2,"d":330579},{"pi":"1501","pc":"Продукты питания","ss":10000,"td":"Центр города","dc":1,"n":557.4,"vc":"37251","sl":"Очень высокий","sv":"2184","p":361.0,"q":9.31,"b":0.0,"ms":8.98,"wi":22.69,"ei":6.79,"as":346.42,"mi":"E","mv":24331,"sc":1,"lpe":91.02,"lpr":128.73,"lq":1.0,"d":425446},{"pi":"1501","pc":"Продукты питания","ss":7000,"td":"Центр города","dc":1,"n":462.23,"vc":"22116","sl":"Очень высокий","sv":"1100","p":1195.0,"q":9.31,"b":0.0,"ms":1.85,"wi":51.19,"ei":9.24,"as":475.26,"mi":"E","mv":59505,"sc":1,"lpe":98.15,"lpr":935.57,"lq":1.0,"d":849354},{"pi":"1501","pc":"Продукты питания","ss":10000,"td":"Центр города","dc":2,"n":302.36,"vc":"5473","sl":"Элитный","sv":"11116","p":439.0,"q":19.15,"b":0.0,"ms":40.82,"wi":46.49,"ei":9.42,"as":383.85,"mi":"E","mv":27231,"sc":1,"lpe":59.18,"lpr":193.89,"lq":1.66,"d":223434},{"pi":"1501","pc":"Продукты питания","ss":10000,"td":"Центр города","dc":2,"n":310.49,"vc":"5529","sl":"Элитный","sv":"15557","p":85.0,"q":19.19,"b":0.0,"ms":32.28,"wi":32.64,"ei":8.61,"as":475.98,"mi":"E","mv":48191,"sc":1,"lpe":67.72,"lpr":65.4,"lq":1.11,"d":352871},{"pi":"1501","pc":"Продукты питания","ss":10000,"td":"Центр города","dc":2,"n":309.59,"vc":"5520","sl":"Элитный","sv":"10000","p":189.0,"q":19.43,"b":0.0,"ms":42.21,"wi":32.45,"ei":9.19,"as":353.09,"mi":"E","mv":23691,"sc":1,"lpe":57.79,"lpr":161.22,"lq":1.51,"d":258999},{"pi":"1501","pc":"Продукты питания","ss":10000,"td":"Центр города","dc":2,"n":174.84,"vc":"4844","sl":"Элитный","sv":"13837","p":419.0,"q":19.41,"b":0.0,"ms":9.39,"wi":39.13,"ei":9.11,"as":204.86,"mi":"E","mv":147363,"sc":1,"lpe":90.61,"lpr":402.08,"lq":1.0,"d":2224560},{"pi":"1501","pc":"Продукты питания","ss":20000,"td":"Центр города","dc":1,"n":477.85,"vc":"51506","sl":"Элитный","sv":"14000","p":260.0,"q":9.31,"b":0.0,"ms":23.28,"wi":61.68,"ei":8.89,"as":806.78,"mi":"E","mv":60139,"sc":4,"lpe":71.41,"lpr":209.2,"lq":2.31,"d":659952},{"pi":"1501","pc":"Продукты питания","ss":100000,"td":"Центр города","dc":1,"n":530.16,"vc":"499310","sl":"Очень высокий","sv":"2910","p":1000.0,"q":44.38,"b":2.0,"ms":4.84,"wi":61.68,"ei":8.89,"as":806.78,"mi":"E","mv":60139,"sc":4,"lpe":71.41,"lpr":209.2,"lq":2.31,"d":659952},{"pi":"1501","pc":"Продукты питания","ss":100000,"td":"Центр города","dc":3,"n":0.0,"vc":"2034","sl":"Элитный","sv":"175","p":547.34,"q":15.06,"b":0.0,"ms":0.29,"wi":61.68,"ei":8.89,"as":806.78,"mi":"E","mv":60139,"sc":4,"lpe":71.41,"lpr":209.2,"lq":2.31,"d":659952},{"pi":"1501","pc":"Продукты питания","ss":1500,"td":"Центр города","dc":6,"n":371.1,"vc":"5733","sl":"Очень низкий","sv":"108","p":245.0,"q":2.77,"b":0.0,"ms":0.18,"wi":61.68,"ei":8.89,"as":806.78,"mi":"E","mv":60139,"sc":4,"lpe":71.41,"lpr":209.2,"lq":2.31,"d":659952},{"pi":"1501","pc":"Продукты питания","ss":100000,"td":"Центр города","dc":3,"n":91.62,"vc":"3623","sl":"Элитный","sv":"18","p":3.0,"q":2.48,"b":0.19,"ms":0.76,"wi":13.51,"ei":7.84,"as":345.28,"mi":"E","mv":2354,"sc":1,"lpe":99.24,"lpr":679.19,"lq":1.0,"d":277187},{"pi":"1501","pc":"Продукты питания","ss":1000,"td":"Центр города","dc":4,"n":45.74,"vc":"394","sl":"Элитный","sv":"84","p":50.0,"q":2.5,"b":0.19,"ms":0.26,"wi":34.37,"ei":7.88,"as":310.13,"mi":"E","mv":31815,"sc":1,"lpe":99.74,"lpr":416.05,"lq":1.0,"d":405600},{"pi":"1501","pc":"Продукты питания","ss":100000,"td":"Фешенебельный район","dc":1,"n":620.81,"vc":"217377","sl":"Элитный","sv":"40000","p":60.0,"q":47.86,"b":0.0,"ms":8.37,"wi":34.47,"ei":11.19,"as":156.87,"mi":"E","mv":477698,"sc":1,"lpe":91.63,"lpr":43.32,"lq":1.0,"d":1148164},{"pi":"1501","pc":"Продукты питания","ss":1000,"td":"Центр города","dc":1,"n":316.91,"vc":"3495","sl":"Высокий","sv":"4800","p":800.0,"q":47.86,"b":0.0,"ms":7.19,"wi":48.01,"ei":12.8,"as":278.36,"mi":"E","mv":66716,"sc":1,"lpe":92.81,"lpr":547.98,"lq":1.0,"d":825880},{"pi":"1501","pc":"Продукты питания","ss":20000,"td":"Центр города","dc":1,"n":522.29,"vc":"60256","sl":"Элитный","sv":"2108","p":1068.0,"q":8.29,"b":0.0,"ms":6.2,"wi":52.67,"ei":9.57,"as":1379.15,"mi":"E","mv":33998,"sc":1,"lpe":93.8,"lpr":381.95,"lq":1.0,"d":373884},{"pi":"1501","pc":"Продукты питания","ss":100000,"td":"Центр города","dc":3,"n":173.09,"vc":"15207","sl":"Элитный","sv":"27","p":3.0,"q":2.48,"b":0.47,"ms":0.02,"wi":75.92,"ei":7.32,"as":536.04,"mi":"E","mv":161891,"sc":1,"lpe":99.98,"lpr":1522.03,"lq":1.0,"d":1780714},{"pi":"1501","pc":"Продукты питания","ss":10000,"td":"Центр города","dc":1,"n":458.56,"vc":"28806","sl":"Элитный","sv":"5184","p":3750.0,"q":9.25,"b":0.0,"ms":6.31,"wi":133.52,"ei":10.32,"as":1582.16,"mi":"E","mv":82181,"sc":1,"lpe":93.69,"lpr":1423.69,"lq":1.0,"d":903081},{"pi":"1501","pc":"Продукты питания","ss":100000,"td":"Центр города","dc":1,"n":566.32,"vc":"514393","sl":"Очень высокий","sv":"8283","p":1900.0,"q":44.32,"b":1.02,"ms":10.75,"wi":119.42,"ei":10.05,"as":1379.85,"mi":"E","mv":77050,"sc":3,"lpe":85.49,"lpr":426.04,"lq":4.88,"d":847456},{"pi":"1501","pc":"Продукты питания","ss":20000,"td":"Центр города","dc":1,"n":463.07,"vc":"49944","sl":"Элитный","sv":"2600","p":270.0,"q":9.31,"b":0.0,"ms":3.37,"wi":119.42,"ei":10.05,"as":1379.85,"mi":"E","mv":77050,"sc":3,"lpe":85.49,"lpr":426.04,"lq":4.88,"d":847456},{"pi":"1501","pc":"Продукты питания","ss":100000,"td":"Фешенебельный район","dc":1,"n":0.0,"vc":"333","sl":"Элитный","sv":"299","p":513.68,"q":32.56,"b":0.0,"ms":0.39,"wi":119.42,"ei":10.05,"as":1379.85,"mi":"E","mv":77050,"sc":3,"lpe":85.49,"lpr":426.04,"lq":4.88,"d":847456},{"pi":"1501","pc":"Продукты питания","ss":1000,"td":"Центр города","dc":4,"n":14.85,"vc":"367","sl":"Элитный","sv":"7","p":20.0,"q":2.57,"b":0.23,"ms":0.02,"wi":51.59,"ei":7.97,"as":450.82,"mi":"E","mv":38288,"sc":1,"lpe":99.98,"lpr":810.89,"lq":1.0,"d":547247},{"pi":"1501","pc":"Продукты питания","ss":100000,"td":"Центр города","dc":3,"n":365.66,"vc":"60295","sl":"Очень высокий","sv":"1988","p":20.0,"q":2.56,"b":0.23,"ms":11.05,"wi":36.86,"ei":7.25,"as":403.14,"mi":"E","mv":17993,"sc":1,"lpe":88.95,"lpr":696.11,"lq":2.07,"d":459396},{"pi":"1501","pc":"Продукты питания","ss":10000,"td":"Центр города","dc":1,"n":464.24,"vc":"29175","sl":"Очень высокий","sv":"8091","p":830.61,"q":9.31,"b":0.0,"ms":11.04,"wi":34.83,"ei":10.34,"as":268.79,"mi":"E","mv":73318,"sc":1,"lpe":88.96,"lpr":372.97,"lq":2.92,"d":830592},{"pi":"1501","pc":"Продукты питания","ss":7000,"td":"Центр города","dc":1,"n":372.57,"vc":"18552","sl":"Элитный","sv":"28398","p":1278.0,"q":9.31,"b":0.0,"ms":9.86,"wi":57.16,"ei":8.91,"as":372.4,"mi":"E","mv":288009,"sc":1,"lpe":90.14,"lpr":734.27,"lq":2.89,"d":3168000},{"pi":"1501","pc":"Продукты питания","ss":10000,"td":"Центр города","dc":2,"n":311.12,"vc":"5535","sl":"Элитный","sv":"10000","p":249.0,"q":19.43,"b":0.0,"ms":43.04,"wi":24.79,"ei":5.22,"as":302.26,"mi":"E","mv":23236,"sc":1,"lpe":56.96,"lpr":133.66,"lq":1.17,"d":182800},{"pi":"1501","pc":"Продукты питания","ss":10000,"td":"Центр города","dc":2,"n":308.67,"vc":"5512","sl":"Элитный","sv":"15365","p":87.0,"q":19.16,"b":0.0,"ms":28.59,"wi":32.98,"ei":4.6,"as":270.25,"mi":"E","mv":53734,"sc":1,"lpe":71.41,"lpr":60.14,"lq":1.0,"d":190258},{"pi":"1501","pc":"Продукты питания","ss":10000,"td":"Центр города","dc":2,"n":364.63,"vc":"6180","sl":"Высокий","sv":"3916","p":43.0,"q":19.39,"b":0.0,"ms":7.34,"wi":15.77,"ei":5.63,"as":304.95,"mi":"E","mv":53370,"sc":1,"lpe":92.66,"lpr":15.89,"lq":1.0,"d":95245},{"pi":"1501","pc":"Продукты питания","ss":10000,"td":"Центр города","dc":2,"n":289.61,"vc":"5364","sl":"Элитный","sv":"10000","p":389.0,"q":19.43,"b":0.0,"ms":38.86,"wi":43.59,"ei":7.31,"as":476.27,"mi":"E","mv":25734,"sc":1,"lpe":61.14,"lpr":302.27,"lq":2.55,"d":263256},{"pi":"1501","pc":"Продукты питания","ss":100000,"td":"Центр города","dc":1,"n":425.66,"vc":"419871","sl":"Элитный","sv":"88581","p":925.0,"q":40.41,"b":1.19,"ms":13.72,"wi":62.0,"ei":7.93,"as":546.66,"mi":"E","mv":645592,"sc":2,"lpe":85.95,"lpr":413.32,"lq":3.44,"d":7101416},{"pi":"1501","pc":"Продукты питания","ss":300000,"td":"Фешенебельный район","dc":4,"n":474.38,"vc":"152404","sl":"Элитный","sv":"2143","p":663.8,"q":43.44,"b":1.19,"ms":0.33,"wi":62.0,"ei":7.93,"as":546.66,"mi":"E","mv":645592,"sc":2,"lpe":85.95,"lpr":413.32,"lq":3.44,"d":7101416},{"pi":"1501","pc":"Продукты питания","ss":10000,"td":"Центр города","dc":2,"n":250.37,"vc":"5088","sl":"Элитный","sv":"12000","p":679.0,"q":19.43,"b":0.0,"ms":35.9,"wi":60.54,"ei":6.77,"as":450.24,"mi":"E","mv":33423,"sc":1,"lpe":64.1,"lpr":665.32,"lq":5.4,"d":518786},{"pi":"1501","pc":"Продукты питания","ss":100000,"td":"Центр города","dc":2,"n":422.3,"vc":"487456","sl":"Высокий","sv":"152977","p":1150.0,"q":42.98,"b":1.19,"ms":14.11,"wi":89.7,"ei":7.81,"as":615.72,"mi":"E","mv":1084545,"sc":3,"lpe":77.59,"lpr":562.43,"lq":5.01,"d":11929900},{"pi":"1501","pc":"Продукты питания","ss":100000,"td":"Центр города","dc":1,"n":437.75,"vc":"377032","sl":"Элитный","sv":"90112","p":1000.0,"q":23.4,"b":0.0,"ms":8.31,"wi":89.7,"ei":7.81,"as":615.72,"mi":"E","mv":1084545,"sc":3,"lpe":77.59,"lpr":562.43,"lq":5.01,"d":11929900},{"pi":"1501","pc":"Продукты питания","ss":100000,"td":"Центр города","dc":2,"n":403.53,"vc":"406958","sl":"Очень высокий","sv":"10","p":698.86,"q":27.53,"b":0.0,"ms":0.0,"wi":89.7,"ei":7.81,"as":615.72,"mi":"E","mv":1084545,"sc":3,"lpe":77.59,"lpr":562.43,"lq":5.01,"d":11929900},{"pi":"1501","pc":"Продукты питания","ss":10000,"td":"Центр города","dc":2,"n":249.21,"vc":"5081","sl":"Элитный","sv":"10000","p":689.0,"q":19.43,"b":0.0,"ms":25.36,"wi":48.51,"ei":15.71,"as":380.15,"mi":"E","mv":39439,"sc":1,"lpe":74.64,"lpr":672.67,"lq":5.67,"d":545196},{"pi":"1501","pc":"Продукты питания","ss":10000,"td":"Центр города","dc":1,"n":433.6,"vc":"13287","sl":"Элитный","sv":"1448","p":503.0,"q":9.31,"b":0.0,"ms":17.7,"wi":17.76,"ei":10.34,"as":203.12,"mi":"E","mv":8181,"sc":1,"lpe":82.3,"lpr":201.18,"lq":2.46,"d":167750},{"pi":"1501","pc":"Продукты питания","ss":10000,"td":"Центр города","dc":2,"n":219.38,"vc":"4940","sl":"Элитный","sv":"12587","p":749.0,"q":19.42,"b":0.0,"ms":22.97,"wi":56.24,"ei":7.07,"as":380.48,"mi":"E","mv":54800,"sc":1,"lpe":77.03,"lpr":733.94,"lq":6.21,"d":917721},{"pi":"1501","pc":"Продукты питания","ss":10000,"td":"Центр города","dc":1,"n":436.89,"vc":"13391","sl":"Элитный","sv":"1101","p":565.0,"q":9.31,"b":0.0,"ms":16.4,"wi":17.5,"ei":10.55,"as":212.26,"mi":"E","mv":6715,"sc":1,"lpe":83.6,"lpr":226.13,"lq":2.76,"d":160010},{"pi":"1501","pc":"Продукты питания","ss":10000,"td":"Центр города","dc":2,"n":255.1,"vc":"5116","sl":"Элитный","sv":"14577","p":139.0,"q":19.37,"b":0.0,"ms":16.55,"wi":53.32,"ei":6.45,"as":372.85,"mi":"E","mv":88101,"sc":1,"lpe":83.45,"lpr":143.63,"lq":1.26,"d":476878},{"pi":"1501","pc":"Продукты питания","ss":100000,"td":"Центр города","dc":2,"n":530.32,"vc":"616671","sl":"Высокий","sv":"14600","p":650.0,"q":44.39,"b":0.0,"ms":4.2,"wi":25.6,"ei":7.49,"as":134.1,"mi":"E","mv":347797,"sc":2,"lpe":95.57,"lpr":201.72,"lq":1.0,"d":3825606},{"pi":"1501","pc":"Продукты питания","ss":100000,"td":"Центр города","dc":1,"n":0.0,"vc":"3762","sl":"Элитный","sv":"796","p":134.97,"q":25.5,"b":0.0,"ms":0.23,"wi":25.6,"ei":7.49,"as":134.1,"mi":"E","mv":347797,"sc":2,"lpe":95.57,"lpr":201.72,"lq":1.0,"d":3825606},{"pi":"1501","pc":"Продукты питания","ss":100000,"td":"Центр города","dc":2,"n":559.12,"vc":"540230","sl":"Высокий","sv":"1839","p":3900.0,"q":43.48,"b":1.38,"ms":5.42,"wi":128.72,"ei":10.42,"as":1556.58,"mi":"E","mv":33917,"sc":1,"lpe":94.58,"lpr":938.42,"lq":1.0,"d":372987},{"pi":"1501","pc":"Продукты питания","ss":100000,"td":"Центр города","dc":2,"n":490.2,"vc":"468474","sl":"Высокий","sv":"1346","p":4500.0,"q":44.23,"b":1.38,"ms":0.9,"wi":184.96,"ei":10.06,"as":1520.68,"mi":"E","mv":149904,"sc":1,"lpe":99.1,"lpr":1519.31,"lq":1.0,"d":1648846},{"pi":"1501","pc":"Продукты питания","ss":100000,"td":"Центр города","dc":3,"n":318.24,"vc":"49626","sl":"Очень высокий","sv":"15000","p":20.0,"q":2.48,"b":0.78,"ms":20.36,"wi":17.71,"ei":7.81,"as":93.95,"mi":"E","mv":73682,"sc":2,"lpe":75.73,"lpr":184.96,"lq":1.48,"d":969146},{"pi":"1501","pc":"Продукты питания","ss":100000,"td":"Центр города","dc":1,"n":453.6,"vc":"182376","sl":"Элитный","sv":"2880","p":234.0,"q":16.05,"b":0.0,"ms":3.91,"wi":17.71,"ei":7.81,"as":93.95,"mi":"E","mv":73682,"sc":2,"lpe":75.73,"lpr":184.96,"lq":1.48,"d":969146},{"pi":"1501","pc":"Продукты питания","ss":100,"td":"Окраина","dc":6,"n":66.23,"vc":"41","sl":"Очень низкий","sv":"1","p":590.0,"q":32.29,"b":0.0,"ms":0.0,"wi":23.61,"ei":6.08,"as":148.48,"mi":"E","mv":32772,"sc":1,"lpe":100.0,"lpr":471.29,"lq":1.0,"d":360370},{"pi":"1501","pc":"Продукты питания","ss":10000,"td":"Центр города","dc":1,"n":398.56,"vc":"25038","sl":"Элитный","sv":"18985","p":2431.0,"q":9.29,"b":0.0,"ms":9.71,"wi":154.18,"ei":9.34,"as":2208.0,"mi":"E","mv":195463,"sc":2,"lpe":90.29,"lpr":1508.69,"lq":4.57,"d":2149998},{"pi":"1501","pc":"Продукты питания","ss":91700,"td":"Центр города","dc":8,"n":215.0,"vc":"23068","sl":"Элитный","sv":"1","p":4500.0,"q":9.01,"b":0.0,"ms":0.0,"wi":154.18,"ei":9.34,"as":2208.0,"mi":"E","mv":195463,"sc":2,"lpe":90.29,"lpr":1508.69,"lq":4.57,"d":2149998},{"pi":"1501","pc":"Продукты питания","ss":100,"td":"Окраина","dc":10,"n":68.69,"vc":"141","sl":"Очень низкий","sv":"20","p":115.0,"q":32.24,"b":0.0,"ms":0.01,"wi":15.97,"ei":4.53,"as":106.12,"mi":"E","mv":326581,"sc":1,"lpe":99.99,"lpr":220.36,"lq":1.0,"d":3754938},{"pi":"1501","pc":"Продукты питания","ss":100000,"td":"Фешенебельный район","dc":2,"n":401.9,"vc":"59572","sl":"Элитный","sv":"104101","p":5500.0,"q":44.95,"b":1.28,"ms":25.82,"wi":166.72,"ei":9.88,"as":2625.25,"mi":"E","mv":403124,"sc":3,"lpe":73.57,"lpr":1950.14,"lq":24.41,"d":11635600},{"pi":"1501","pc":"Продукты питания","ss":200000,"td":"Центр города","dc":6,"n":406.25,"vc":"490870","sl":"Нормальный","sv":"2398","p":70.0,"q":25.27,"b":0.0,"ms":0.59,"wi":166.72,"ei":9.88,"as":2625.25,"mi":"E","mv":403124,"sc":3,"lpe":73.57,"lpr":1950.14,"lq":24.41,"d":11635600},{"pi":"1501","pc":"Продукты питания","ss":6000,"td":"Центр города","dc":1,"n":290.85,"vc":"14908","sl":"Элитный","sv":"66","p":112.0,"q":9.3,"b":0.0,"ms":0.02,"wi":166.72,"ei":9.88,"as":2625.25,"mi":"E","mv":403124,"sc":3,"lpe":73.57,"lpr":1950.14,"lq":24.41,"d":11635600},{"pi":"1501","pc":"Продукты питания","ss":100000,"td":"Центр города","dc":3,"n":25.61,"vc":"2378","sl":"Элитный","sv":"143","p":3.0,"q":2.48,"b":0.78,"ms":0.56,"wi":8.44,"ei":6.23,"as":66.94,"mi":"E","mv":25627,"sc":1,"lpe":99.44,"lpr":131.74,"lq":1.0,"d":510580},{"pi":"1501","pc":"Продукты питания","ss":100000,"td":"Центр города","dc":3,"n":345.49,"vc":"55496","sl":"Элитный","sv":"15500","p":12.0,"q":2.48,"b":0.78,"ms":19.81,"wi":8.45,"ei":12.78,"as":77.05,"mi":"E","mv":78240,"sc":1,"lpe":80.19,"lpr":32.74,"lq":1.02,"d":782043},{"pi":"1501","pc":"Продукты питания","ss":100000,"td":"Центр города","dc":3,"n":174.93,"vc":"8833","sl":"Элитный","sv":"8599","p":3.0,"q":2.48,"b":0.78,"ms":23.36,"wi":6.96,"ei":8.15,"as":67.72,"mi":"E","mv":36815,"sc":1,"lpe":76.64,"lpr":12.6,"lq":1.03,"d":358494},{"pi":"1501","pc":"Продукты питания","ss":10000,"td":"Центр города","dc":2,"n":160.23,"vc":"4863","sl":"Элитный","sv":"11647","p":859.0,"q":18.75,"b":0.0,"ms":10.55,"wi":62.14,"ei":7.68,"as":426.52,"mi":"E","mv":110371,"sc":3,"lpe":84.49,"lpr":835.71,"lq":7.1,"d":3062821},{"pi":"1501","pc":"Продукты питания","ss":10000,"td":"Центр города","dc":1,"n":357.32,"vc":"31335","sl":"Очень высокий","sv":"3276","p":17.0,"q":14.23,"b":0.0,"ms":2.97,"wi":62.14,"ei":7.68,"as":426.52,"mi":"E","mv":110371,"sc":3,"lpe":84.49,"lpr":835.71,"lq":7.1,"d":3062821},{"pi":"1501","pc":"Продукты питания","ss":8000,"td":"Центр города","dc":1,"n":374.97,"vc":"20424","sl":"Элитный","sv":"2200","p":724.09,"q":9.31,"b":0.0,"ms":1.99,"wi":62.14,"ei":7.68,"as":426.52,"mi":"E","mv":110371,"sc":3,"lpe":84.49,"lpr":835.71,"lq":7.1,"d":3062821},{"pi":"1501","pc":"Продукты питания","ss":100000,"td":"Центр города","dc":1,"n":422.38,"vc":"341046","sl":"Элитный","sv":"5435","p":200.0,"q":44.21,"b":0.0,"ms":1.39,"wi":11.18,"ei":3.22,"as":72.09,"mi":"E","mv":389947,"sc":1,"lpe":98.61,"lpr":71.94,"lq":1.0,"d":4289316},{"pi":"1501","pc":"Продукты питания","ss":100000,"td":"Центр города","dc":1,"n":542.36,"vc":"705224","sl":"Очень высокий","sv":"19940","p":225.0,"q":43.69,"b":0.0,"ms":5.44,"wi":12.17,"ei":3.38,"as":78.09,"mi":"E","mv":366501,"sc":1,"lpe":94.56,"lpr":83.01,"lq":1.0,"d":4031420},{"pi":"1501","pc":"Продукты питания","ss":100000,"td":"Центр города","dc":1,"n":485.13,"vc":"866979","sl":"Высокий","sv":"70000","p":1200.0,"q":47.86,"b":0.0,"ms":7.0,"wi":48.27,"ei":9.23,"as":380.0,"mi":"E","mv":1000021,"sc":1,"lpe":93.0,"lpr":745.66,"lq":1.0,"d":11000140},{"pi":"1501","pc":"Продукты питания","ss":10000,"td":"Центр города","dc":1,"n":333.96,"vc":"9297","sl":"Высокий","sv":"1","p":746.47,"q":1.01,"b":0.0,"ms":0.0,"wi":26.64,"ei":5.73,"as":102.0,"mi":"E","mv":42558,"sc":1,"lpe":100.0,"lpr":469.81,"lq":1.0,"d":653437},{"pi":"1501","pc":"Продукты питания","ss":100000,"td":"Центр города","dc":5,"n":241.82,"vc":"35151","sl":"Элитный","sv":"40000","p":1500.0,"q":45.04,"b":0.0,"ms":14.9,"wi":60.31,"ei":7.67,"as":446.7,"mi":"E","mv":268511,"sc":2,"lpe":83.88,"lpr":879.35,"lq":7.84,"d":2952988},{"pi":"1501","pc":"Продукты питания","ss":100000,"td":"Фешенебельный район","dc":1,"n":348.18,"vc":"21993","sl":"Элитный","sv":"3286","p":2244.24,"q":15.32,"b":0.0,"ms":1.22,"wi":60.31,"ei":7.67,"as":446.7,"mi":"E","mv":268511,"sc":2,"lpe":83.88,"lpr":879.35,"lq":7.84,"d":2952988},{"pi":"1501","pc":"Продукты питания","ss":10000,"td":"Центр города","dc":1,"n":427.22,"vc":"13104","sl":"Элитный","sv":"1204","p":829.03,"q":9.31,"b":0.0,"ms":7.13,"wi":26.56,"ei":8.73,"as":336.43,"mi":"E","mv":16886,"sc":1,"lpe":92.87,"lpr":297.59,"lq":1.0,"d":187439},{"pi":"1501","pc":"Продукты питания","ss":10000,"td":"Центр города","dc":2,"n":245.06,"vc":"5084","sl":"Элитный","sv":"10964","p":369.0,"q":18.88,"b":0.0,"ms":25.97,"wi":39.18,"ei":7.04,"as":341.21,"mi":"E","mv":42219,"sc":2,"lpe":59.82,"lpr":167.73,"lq":1.87,"d":579186},{"pi":"1501","pc":"Продукты питания","ss":10000,"td":"Центр города","dc":1,"n":351.24,"vc":"11150","sl":"Элитный","sv":"6000","p":322.0,"q":9.31,"b":0.0,"ms":14.21,"wi":39.18,"ei":7.04,"as":341.21,"mi":"E","mv":42219,"sc":2,"lpe":59.82,"lpr":167.73,"lq":1.87,"d":579186},{"pi":"1501","pc":"Продукты питания","ss":10000,"td":"Центр города","dc":1,"n":517.56,"vc":"33473","sl":"Очень высокий","sv":"7972","p":175.46,"q":9.31,"b":0.0,"ms":21.97,"wi":25.39,"ei":7.39,"as":309.33,"mi":"E","mv":36292,"sc":2,"lpe":72.52,"lpr":69.76,"lq":1.11,"d":398700},{"pi":"1501","pc":"Продукты питания","ss":10000,"td":"Центр города","dc":2,"n":265.13,"vc":"5175","sl":"Элитный","sv":"2000","p":175.0,"q":19.42,"b":0.0,"ms":5.51,"wi":25.39,"ei":7.39,"as":309.33,"mi":"E","mv":36292,"sc":2,"lpe":72.52,"lpr":69.76,"lq":1.11,"d":398700},{"pi":"1501","pc":"Продукты питания","ss":10000,"td":"Центр города","dc":1,"n":400.45,"vc":"12330","sl":"Элитный","sv":"1632","p":682.97,"q":9.31,"b":0.0,"ms":6.76,"wi":26.07,"ei":6.85,"as":263.29,"mi":"E","mv":24125,"sc":1,"lpe":93.24,"lpr":252.07,"lq":1.0,"d":272957},{"pi":"1501","pc":"Продукты питания","ss":10000,"td":"Центр города","dc":1,"n":559.52,"vc":"37461","sl":"Очень высокий","sv":"2140","p":858.44,"q":9.31,"b":0.0,"ms":10.5,"wi":34.8,"ei":6.02,"as":294.71,"mi":"E","mv":20388,"sc":1,"lpe":89.5,"lpr":343.53,"lq":2.76,"d":226616},{"pi":"1501","pc":"Продукты питания","ss":10000,"td":"Центр города","dc":1,"n":402.83,"vc":"12395","sl":"Элитный","sv":"700","p":695.0,"q":9.31,"b":0.0,"ms":2.76,"wi":30.4,"ei":7.74,"as":358.27,"mi":"E","mv":25384,"sc":1,"lpe":97.24,"lpr":694.78,"lq":1.0,"d":360746},{"pi":"1501","pc":"Продукты питания","ss":100000,"td":"Центр города","dc":1,"n":560.0,"vc":"498495","sl":"Очень высокий","sv":"37200","p":500.0,"q":44.83,"b":1.28,"ms":29.15,"wi":131.02,"ei":10.25,"as":2441.4,"mi":"E","mv":127635,"sc":2,"lpe":57.54,"lpr":141.86,"lq":1.25,"d":921618},{"pi":"1501","pc":"Продукты питания","ss":10000,"td":"Центр города","dc":1,"n":457.12,"vc":"28705","sl":"Элитный","sv":"17000","p":110.0,"q":9.31,"b":0.0,"ms":13.32,"wi":131.02,"ei":10.25,"as":2441.4,"mi":"E","mv":127635,"sc":2,"lpe":57.54,"lpr":141.86,"lq":1.25,"d":921618},{"pi":"1501","pc":"Продукты питания","ss":100000,"td":"Центр города","dc":3,"n":240.22,"vc":"20018","sl":"Элитный","sv":"1000","p":20.0,"q":2.48,"b":0.46,"ms":2.69,"wi":8.25,"ei":9.79,"as":60.55,"mi":"E","mv":37198,"sc":1,"lpe":97.31,"lpr":118.71,"lq":1.0,"d":672435},{"pi":"1501","pc":"Продукты питания","ss":100000,"td":"Центр города","dc":3,"n":8.53,"vc":"2033","sl":"Элитный","sv":"174","p":3.0,"q":2.49,"b":0.46,"ms":0.43,"wi":7.72,"ei":9.22,"as":49.66,"mi":"E","mv":40430,"sc":1,"lpe":99.57,"lpr":95.65,"lq":1.0,"d":521316},{"pi":"1501","pc":"Продукты питания","ss":100000,"td":"Центр города","dc":3,"n":150.87,"vc":"11023","sl":"Элитный","sv":"500","p":20.0,"q":2.48,"b":0.46,"ms":0.57,"wi":28.99,"ei":11.18,"as":110.57,"mi":"E","mv":87915,"sc":1,"lpe":99.43,"lpr":738.63,"lq":1.0,"d":1307387},{"pi":"1501","pc":"Продукты питания","ss":100000,"td":"Центр города","dc":3,"n":45.49,"vc":"2839","sl":"Элитный","sv":"50","p":20.0,"q":2.48,"b":0.46,"ms":0.13,"wi":16.85,"ei":9.12,"as":102.2,"mi":"E","mv":38664,"sc":1,"lpe":99.87,"lpr":277.1,"lq":1.0,"d":490468},{"pi":"1501","pc":"Продукты питания","ss":100000,"td":"Центр города","dc":3,"n":208.05,"vc":"17045","sl":"Элитный","sv":"186","p":2.0,"q":2.48,"b":0.46,"ms":0.24,"wi":17.68,"ei":10.16,"as":56.7,"mi":"E","mv":78605,"sc":1,"lpe":99.76,"lpr":279.3,"lq":1.0,"d":1062517},{"pi":"1501","pc":"Продукты питания","ss":100000,"td":"Центр города","dc":2,"n":483.21,"vc":"458890","sl":"Высокий","sv":"50000","p":650.0,"q":47.86,"b":0.0,"ms":25.6,"wi":67.13,"ei":8.56,"as":483.67,"mi":"E","mv":195342,"sc":2,"lpe":73.9,"lpr":295.46,"lq":2.44,"d":1883126},{"pi":"1501","pc":"Продукты питания","ss":10000,"td":"Центр города","dc":1,"n":277.78,"vc":"9785","sl":"Элитный","sv":"990","p":515.0,"q":16.05,"b":0.0,"ms":0.51,"wi":67.13,"ei":8.56,"as":483.67,"mi":"E","mv":195342,"sc":2,"lpe":73.9,"lpr":295.46,"lq":2.44,"d":1883126},{"pi":"1501","pc":"Продукты питания","ss":10000,"td":"Центр города","dc":1,"n":350.59,"vc":"22623","sl":"Элитный","sv":"11692","p":831.0,"q":9.31,"b":0.0,"ms":2.63,"wi":57.37,"ei":10.06,"as":176.05,"mi":"E","mv":443858,"sc":2,"lpe":97.22,"lpr":347.14,"lq":1.0,"d":4433298},{"pi":"1501","pc":"Продукты питания","ss":1700,"td":"Центр города","dc":5,"n":58.2,"vc":"2086","sl":"Нормальный","sv":"627","p":340.0,"q":20.3,"b":0.0,"ms":0.14,"wi":57.37,"ei":10.06,"as":176.05,"mi":"E","mv":443858,"sc":2,"lpe":97.22,"lpr":347.14,"lq":1.0,"d":4433298},{"pi":"1501","pc":"Продукты питания","ss":7000,"td":"Центр города","dc":1,"n":335.88,"vc":"17434","sl":"Элитный","sv":"48869","p":847.0,"q":9.31,"b":0.0,"ms":9.85,"wi":65.33,"ei":8.99,"as":361.0,"mi":"E","mv":496314,"sc":2,"lpe":90.12,"lpr":711.7,"lq":2.01,"d":5583100},{"pi":"1501","pc":"Продукты питания","ss":1500,"td":"Центр города","dc":6,"n":111.35,"vc":"2596","sl":"Низкий","sv":"177","p":680.0,"q":3.98,"b":0.0,"ms":0.04,"wi":65.33,"ei":8.99,"as":361.0,"mi":"E","mv":496314,"sc":2,"lpe":90.12,"lpr":711.7,"lq":2.01,"d":5583100},{"pi":"1501","pc":"Продукты питания","ss":100000,"td":"Центр города","dc":1,"n":497.37,"vc":"411958","sl":"Элитный","sv":"11507","p":4000.0,"q":44.38,"b":1.02,"ms":4.24,"wi":171.48,"ei":10.04,"as":2283.46,"mi":"E","mv":271530,"sc":5,"lpe":92.3,"lpr":1126.67,"lq":8.86,"d":2986744},{"pi":"1501","pc":"Продукты питания","ss":100000,"td":"Спальный район","dc":4,"n":497.4,"vc":"309062","sl":"Высокий","sv":"9227","p":37.18,"q":11.93,"b":0.0,"ms":3.4,"wi":171.48,"ei":10.04,"as":2283.46,"mi":"E","mv":271530,"sc":5,"lpe":92.3,"lpr":1126.67,"lq":8.86,"d":2986744},{"pi":"1501","pc":"Продукты питания","ss":8000,"td":"Центр города","dc":1,"n":376.58,"vc":"20483","sl":"Элитный","sv":"110","p":436.0,"q":9.31,"b":0.0,"ms":0.04,"wi":171.48,"ei":10.04,"as":2283.46,"mi":"E","mv":271530,"sc":5,"lpe":92.3,"lpr":1126.67,"lq":8.86,"d":2986744},{"pi":"1501","pc":"Продукты питания","ss":1500,"td":"Центр города","dc":6,"n":80.53,"vc":"1738","sl":"Нормальный","sv":"44","p":990.0,"q":9.0,"b":0.0,"ms":0.02,"wi":171.48,"ei":10.04,"as":2283.46,"mi":"E","mv":271530,"sc":5,"lpe":92.3,"lpr":1126.67,"lq":8.86,"d":2986744},{"pi":"1501","pc":"Продукты питания","ss":300000,"td":"Фешенебельный район","dc":9,"n":497.37,"vc":"140384","sl":"Элитный","sv":"7","p":5031.73,"q":43.6,"b":1.02,"ms":0.0,"wi":171.48,"ei":10.04,"as":2283.46,"mi":"E","mv":271530,"sc":5,"lpe":92.3,"lpr":1126.67,"lq":8.86,"d":2986744},{"pi":"1501","pc":"Продукты питания","ss":8000,"td":"Центр города","dc":1,"n":400.31,"vc":"21466","sl":"Элитный","sv":"35000","p":2866.0,"q":9.31,"b":0.0,"ms":18.38,"wi":125.88,"ei":10.29,"as":1744.48,"mi":"E","mv":190455,"sc":3,"lpe":81.56,"lpr":2984.55,"lq":5.1,"d":2094907},{"pi":"1501","pc":"Продукты питания","ss":300000,"td":"Фешенебельный район","dc":10,"n":536.81,"vc":"181132","sl":"Очень высокий","sv":"103","p":12226.09,"q":42.87,"b":1.01009708737864,"ms":0.05,"wi":125.88,"ei":10.29,"as":1744.48,"mi":"E","mv":190455,"sc":3,"lpe":81.56,"lpr":2984.55,"lq":5.1,"d":2094907},{"pi":"1501","pc":"Продукты питания","ss":1600,"td":"Центр города","dc":6,"n":50.19,"vc":"1318","sl":"Высокий","sv":"11","p":2850.0,"q":4.1,"b":0.0,"ms":0.01,"wi":125.88,"ei":10.29,"as":1744.48,"mi":"E","mv":190455,"sc":3,"lpe":81.56,"lpr":2984.55,"lq":5.1,"d":2094907},{"pi":"1501","pc":"Продукты питания","ss":8000,"td":"Центр города","dc":1,"n":409.17,"vc":"21859","sl":"Элитный","sv":"16324","p":4872.0,"q":9.31,"b":0.0,"ms":9.77,"wi":172.43,"ei":9.83,"as":2165.58,"mi":"E","mv":167139,"sc":2,"lpe":90.19,"lpr":2556.04,"lq":2.82,"d":1838430},{"pi":"1501","pc":"Продукты питания","ss":1500,"td":"Центр города","dc":6,"n":101.59,"vc":"1662","sl":"Нормальный","sv":"67","p":2600.0,"q":4.6,"b":0.0,"ms":0.04,"wi":172.43,"ei":9.83,"as":2165.58,"mi":"E","mv":167139,"sc":2,"lpe":90.19,"lpr":2556.04,"lq":2.82,"d":1838430},{"pi":"1501","pc":"Продукты питания","ss":100000,"td":"Центр города","dc":1,"n":438.42,"vc":"284280","sl":"Элитный","sv":"6993","p":3000.0,"q":44.45,"b":1.02,"ms":4.69,"wi":179.63,"ei":10.34,"as":2350.25,"mi":"E","mv":149192,"sc":4,"lpe":87.88,"lpr":787.5,"lq":7.73,"d":1641016},{"pi":"1501","pc":"Продукты питания","ss":10000,"td":"Центр города","dc":1,"n":416.93,"vc":"26094","sl":"Элитный","sv":"6000","p":377.0,"q":9.31,"b":0.0,"ms":4.02,"wi":179.63,"ei":10.34,"as":2350.25,"mi":"E","mv":149192,"sc":4,"lpe":87.88,"lpr":787.5,"lq":7.73,"d":1641016},{"pi":"1501","pc":"Продукты питания","ss":100000,"td":"Центр города","dc":7,"n":374.13,"vc":"153202","sl":"Высокий","sv":"5051","p":100.0,"q":5.69,"b":0.0,"ms":3.39,"wi":179.63,"ei":10.34,"as":2350.25,"mi":"E","mv":149192,"sc":4,"lpe":87.88,"lpr":787.5,"lq":7.73,"d":1641016},{"pi":"1501","pc":"Продукты питания","ss":1400,"td":"Центр города","dc":6,"n":125.63,"vc":"1780","sl":"Нормальный","sv":"34","p":830.0,"q":8.51,"b":0.0,"ms":0.02,"wi":179.63,"ei":10.34,"as":2350.25,"mi":"E","mv":149192,"sc":4,"lpe":87.88,"lpr":787.5,"lq":7.73,"d":1641016},{"pi":"1501","pc":"Продукты питания","ss":20000,"td":"Центр города","dc":1,"n":474.18,"vc":"51589","sl":"Элитный","sv":"9504","p":487.09,"q":9.31,"b":0.0,"ms":14.5,"wi":30.44,"ei":9.91,"as":236.21,"mi":"E","mv":65554,"sc":2,"lpe":85.27,"lpr":206.76,"lq":2.13,"d":721000},{"pi":"1501","pc":"Продукты питания","ss":1500,"td":"Центр города","dc":6,"n":136.0,"vc":"2000","sl":"Нормальный","sv":"150","p":240.0,"q":32.2,"b":0.0,"ms":0.23,"wi":30.44,"ei":9.91,"as":236.21,"mi":"E","mv":65554,"sc":2,"lpe":85.27,"lpr":206.76,"lq":2.13,"d":721000},{"pi":"1501","pc":"Продукты питания","ss":20000,"td":"Центр города","dc":1,"n":469.9,"vc":"50913","sl":"Элитный","sv":"16807","p":626.77,"q":9.31,"b":0.0,"ms":24.14,"wi":41.15,"ei":10.19,"as":294.5,"mi":"E","mv":69618,"sc":2,"lpe":75.16,"lpr":310.48,"lq":3.52,"d":765700},{"pi":"1501","pc":"Продукты питания","ss":1400,"td":"Центр города","dc":6,"n":294.68,"vc":"3684","sl":"Низкий","sv":"487","p":370.0,"q":12.41,"b":0.0,"ms":0.7,"wi":41.15,"ei":10.19,"as":294.5,"mi":"E","mv":69618,"sc":2,"lpe":75.16,"lpr":310.48,"lq":3.52,"d":765700},{"pi":"1501","pc":"Продукты питания","ss":10000,"td":"Центр города","dc":1,"n":436.17,"vc":"27246","sl":"Элитный","sv":"17497","p":638.36,"q":8.71,"b":0.0,"ms":15.57,"wi":38.12,"ei":9.89,"as":297.83,"mi":"E","mv":112399,"sc":2,"lpe":83.99,"lpr":323.82,"lq":2.7,"d":1236300},{"pi":"1501","pc":"Продукты питания","ss":1500,"td":"Центр города","dc":6,"n":186.32,"vc":"2390","sl":"Низкий","sv":"500","p":365.0,"q":16.53,"b":0.0,"ms":0.44,"wi":38.12,"ei":9.89,"as":297.83,"mi":"E","mv":112399,"sc":2,"lpe":83.99,"lpr":323.82,"lq":2.7,"d":1236300},{"pi":"1501","pc":"Продукты питания","ss":100000,"td":"Центр города","dc":3,"n":333.4,"vc":"49437","sl":"Элитный","sv":"5000","p":1520.0,"q":45.04,"b":0.0,"ms":9.23,"wi":66.62,"ei":7.95,"as":493.05,"mi":"E","mv":54170,"sc":1,"lpe":90.77,"lpr":970.6,"lq":1.0,"d":632057},{"pi":"1501","pc":"Продукты питания","ss":200000,"td":"Центр города","dc":2,"n":679.77,"vc":"3925830","sl":"Низкий","sv":"15000","p":800.0,"q":47.86,"b":0.0,"ms":22.4,"wi":59.42,"ei":8.65,"as":472.08,"mi":"E","mv":66978,"sc":2,"lpe":76.13,"lpr":926.4,"lq":8.02,"d":747777},{"pi":"1501","pc":"Продукты питания","ss":100000,"td":"Центр города","dc":1,"n":471.94,"vc":"198677","sl":"Элитный","sv":"990","p":3.18,"q":16.05,"b":0.0,"ms":1.48,"wi":59.42,"ei":8.65,"as":472.08,"mi":"E","mv":66978,"sc":2,"lpe":76.13,"lpr":926.4,"lq":8.02,"d":747777},{"pi":"1501","pc":"Продукты питания","ss":100000,"td":"Центр города","dc":4,"n":330.03,"vc":"48765","sl":"Элитный","sv":"10000","p":1700.0,"q":45.04,"b":0.0,"ms":16.5,"wi":84.39,"ei":9.0,"as":559.14,"mi":"E","mv":60619,"sc":1,"lpe":83.5,"lpr":1100.69,"lq":9.84,"d":666717},{"pi":"1501","pc":"Продукты питания","ss":100000,"td":"Центр города","dc":1,"n":0.0,"vc":"3502","sl":"Элитный","sv":"1708","p":1396.15,"q":16.61,"b":0.0,"ms":1.92,"wi":69.95,"ei":8.74,"as":537.58,"mi":"E","mv":89011,"sc":1,"lpe":98.08,"lpr":1427.47,"lq":1.0,"d":978886},{"pi":"1501","pc":"Продукты питания","ss":100000,"td":"Центр города","dc":1,"n":452.3,"vc":"181219","sl":"Элитный","sv":"680","p":10.8,"q":16.05,"b":0.0,"ms":1.28,"wi":81.87,"ei":13.22,"as":341.21,"mi":"E","mv":53157,"sc":1,"lpe":98.72,"lpr":3538.24,"lq":1.0,"d":986148},{"pi":"1501","pc":"Продукты питания","ss":1000,"td":"Центр города","dc":3,"n":2.18,"vc":"447","sl":"Элитный","sv":"99","p":20.0,"q":2.57,"b":0.0,"ms":0.1,"wi":16.47,"ei":6.81,"as":64.03,"mi":"E","mv":99255,"sc":1,"lpe":99.9,"lpr":238.09,"lq":1.0,"d":1173838},{"pi":"1501","pc":"Продукты питания","ss":100000,"td":"Центр города","dc":3,"n":21.32,"vc":"3466","sl":"Элитный","sv":"19","p":3.0,"q":2.53,"b":0.0,"ms":0.01,"wi":25.0,"ei":10.57,"as":43.07,"mi":"E","mv":145377,"sc":1,"lpe":99.99,"lpr":537.74,"lq":1.0,"d":1684951},{"pi":"1501","pc":"Продукты питания","ss":100000,"td":"Центр города","dc":1,"n":434.64,"vc":"167050","sl":"Элитный","sv":"1600","p":191.0,"q":16.05,"b":0.59,"ms":1.39,"wi":62.59,"ei":7.65,"as":519.76,"mi":"E","mv":115072,"sc":1,"lpe":98.61,"lpr":902.27,"lq":1.0,"d":1269608},{"pi":"1501","pc":"Продукты питания","ss":1000,"td":"Центр города","dc":3,"n":19.67,"vc":"369","sl":"Элитный","sv":"221","p":20.0,"q":2.51,"b":0.0,"ms":0.53,"wi":6.79,"ei":6.24,"as":44.87,"mi":"E","mv":42048,"sc":1,"lpe":99.47,"lpr":87.96,"lq":1.0,"d":512400},{"pi":"1501","pc":"Продукты питания","ss":100000,"td":"Фешенебельный район","dc":3,"n":678.76,"vc":"341415","sl":"Высокий","sv":"10000","p":200.0,"q":47.86,"b":0.0,"ms":12.96,"wi":22.68,"ei":5.79,"as":111.4,"mi":"E","mv":77165,"sc":1,"lpe":87.04,"lpr":219.21,"lq":1.96,"d":848720},{"pi":"1501","pc":"Продукты питания","ss":100000,"td":"Центр города","dc":4,"n":314.82,"vc":"40364","sl":"Элитный","sv":"4890","p":808.02,"q":14.22,"b":0.0,"ms":9.96,"wi":38.53,"ei":11.77,"as":195.48,"mi":"E","mv":49091,"sc":1,"lpe":90.04,"lpr":303.44,"lq":2.61,"d":589980},{"pi":"1501","pc":"Продукты питания","ss":1000,"td":"Центр города","dc":4,"n":16.48,"vc":"322","sl":"Элитный","sv":"102","p":20.0,"q":2.52,"b":0.46,"ms":0.73,"wi":7.18,"ei":8.2,"as":81.77,"mi":"E","mv":13962,"sc":1,"lpe":99.27,"lpr":160.98,"lq":1.0,"d":1136636},{"pi":"1501","pc":"Продукты питания","ss":10000,"td":"Центр города","dc":1,"n":450.54,"vc":"28244","sl":"Элитный","sv":"14000","p":348.51,"q":9.31,"b":0.0,"ms":15.23,"wi":101.65,"ei":9.63,"as":1310.12,"mi":"E","mv":91953,"sc":1,"lpe":84.77,"lpr":2578.91,"lq":4.72,"d":1011386},{"pi":"1501","pc":"Продукты питания","ss":100000,"td":"Центр города","dc":2,"n":308.67,"vc":"44850","sl":"Элитный","sv":"20000","p":1500.0,"q":45.04,"b":1.01,"ms":23.3,"wi":119.43,"ei":9.61,"as":1300.02,"mi":"E","mv":85842,"sc":2,"lpe":76.18,"lpr":1781.67,"lq":15.97,"d":944174},{"pi":"1501","pc":"Продукты питания","ss":10000,"td":"Центр города","dc":1,"n":455.42,"vc":"28585","sl":"Элитный","sv":"450","p":311.0,"q":9.31,"b":0.0,"ms":0.52,"wi":119.43,"ei":9.61,"as":1300.02,"mi":"E","mv":85842,"sc":2,"lpe":76.18,"lpr":1781.67,"lq":15.97,"d":944174},{"pi":"1501","pc":"Продукты питания","ss":10000,"td":"Центр города","dc":1,"n":440.51,"vc":"27577","sl":"Элитный","sv":"10283","p":2060.0,"q":9.31,"b":0.0,"ms":9.69,"wi":149.8,"ei":10.5,"as":2028.6,"mi":"E","mv":106142,"sc":1,"lpe":90.31,"lpr":1087.29,"lq":4.45,"d":1167470},{"pi":"1501","pc":"Продукты питания","ss":10000,"td":"Центр города","dc":2,"n":332.3,"vc":"5766","sl":"Элитный","sv":"5068","p":419.0,"q":19.42,"b":0.0,"ms":24.88,"wi":34.18,"ei":9.16,"as":412.47,"mi":"E","mv":20370,"sc":1,"lpe":75.12,"lpr":170.92,"lq":1.43,"d":131326},{"pi":"1501","pc":"Продукты питания","ss":10000,"td":"Центр города","dc":1,"n":404.06,"vc":"25312","sl":"Элитный","sv":"1050","p":597.0,"q":16.05,"b":0.0,"ms":0.59,"wi":24.79,"ei":9.26,"as":119.81,"mi":"E","mv":176780,"sc":2,"lpe":99.38,"lpr":235.87,"lq":1.0,"d":1974278},{"pi":"1501","pc":"Продукты питания","ss":100000,"td":"Центр города","dc":3,"n":275.86,"vc":"42352","sl":"Элитный","sv":"50","p":20.0,"q":2.48,"b":0.0,"ms":0.03,"wi":24.79,"ei":9.26,"as":119.81,"mi":"E","mv":176780,"sc":2,"lpe":99.38,"lpr":235.87,"lq":1.0,"d":1974278},{"pi":"1501","pc":"Продукты питания","ss":20000,"td":"Центр города","dc":1,"n":474.26,"vc":"51692","sl":"Элитный","sv":"35000","p":320.0,"q":9.31,"b":0.0,"ms":29.23,"wi":166.17,"ei":10.12,"as":2341.42,"mi":"D","mv":119742,"sc":2,"lpe":49.89,"lpr":420.72,"lq":3.57,"d":723722},{"pi":"1501","pc":"Продукты питания","ss":100000,"td":"Центр города","dc":1,"n":550.78,"vc":"628786","sl":"Очень высокий","sv":"25000","p":750.0,"q":45.04,"b":0.0,"ms":20.88,"wi":166.17,"ei":10.12,"as":2341.42,"mi":"D","mv":119742,"sc":2,"lpe":49.89,"lpr":420.72,"lq":3.57,"d":723722},{"pi":"1501","pc":"Продукты питания","ss":100000,"td":"Центр города","dc":3,"n":0.1,"vc":"2372","sl":"Элитный","sv":"561","p":20.0,"q":2.56,"b":0.0,"ms":0.6,"wi":14.65,"ei":6.54,"as":79.26,"mi":"E","mv":92900,"sc":1,"lpe":99.4,"lpr":225.61,"lq":1.0,"d":1021814},{"pi":"1501","pc":"Продукты питания","ss":30000,"td":"Центр города","dc":1,"n":584.02,"vc":"107255","sl":"Элитный","sv":"2560","p":470.87,"q":8.33,"b":0.0,"ms":14.91,"wi":64.83,"ei":9.54,"as":1256.81,"mi":"E","mv":17164,"sc":2,"lpe":81.5,"lpr":179.77,"lq":2.28,"d":229028},{"pi":"1501","pc":"Продукты питания","ss":100000,"td":"Центр города","dc":1,"n":636.03,"vc":"848720","sl":"Высокий","sv":"615","p":900.0,"q":44.56,"b":0.0,"ms":3.58,"wi":64.83,"ei":9.54,"as":1256.81,"mi":"E","mv":17164,"sc":2,"lpe":81.5,"lpr":179.77,"lq":2.28,"d":229028},{"pi":"1501","pc":"Продукты питания","ss":100000,"td":"Центр города","dc":3,"n":293.27,"vc":"45046","sl":"Очень высокий","sv":"500","p":8.0,"q":2.48,"b":0.0,"ms":0.64,"wi":15.13,"ei":7.39,"as":79.72,"mi":"E","mv":78161,"sc":1,"lpe":99.36,"lpr":375.7,"lq":1.0,"d":1459242},{"pi":"1501","pc":"Продукты питания","ss":100000,"td":"Центр города","dc":4,"n":338.13,"vc":"104416","sl":"Элитный","sv":"75000","p":800.0,"q":45.04,"b":0.0,"ms":17.42,"wi":51.27,"ei":6.64,"as":370.86,"mi":"E","mv":430568,"sc":2,"lpe":82.54,"lpr":364.54,"lq":3.07,"d":4700000},{"pi":"1501","pc":"Продукты питания","ss":300000,"td":"Фешенебельный район","dc":9,"n":477.82,"vc":"136343","sl":"Элитный","sv":"184","p":1390.66,"q":42.97,"b":0.0,"ms":0.04,"wi":51.27,"ei":6.64,"as":370.86,"mi":"E","mv":430568,"sc":2,"lpe":82.54,"lpr":364.54,"lq":3.07,"d":4700000},{"pi":"1501","pc":"Продукты питания","ss":7000,"td":"Центр города","dc":1,"n":363.5,"vc":"18271","sl":"Элитный","sv":"3500","p":801.17,"q":9.31,"b":0.0,"ms":1.06,"wi":187.03,"ei":10.4,"as":1951.81,"mi":"E","mv":331364,"sc":1,"lpe":98.94,"lpr":3842.16,"lq":1.0,"d":3644912},{"pi":"1501","pc":"Продукты питания","ss":200000,"td":"Центр города","dc":1,"n":452.18,"vc":"758763","sl":"Элитный","sv":"30838","p":1800.0,"q":43.61,"b":0.89,"ms":10.48,"wi":67.25,"ei":7.32,"as":515.94,"mi":"E","mv":294207,"sc":1,"lpe":89.52,"lpr":477.26,"lq":3.62,"d":3236177},{"pi":"1501","pc":"Продукты питания","ss":100000,"td":"Фешенебельный район","dc":2,"n":683.06,"vc":"316064","sl":"Очень высокий","sv":"38912","p":380.0,"q":47.79,"b":0.0,"ms":38.44,"wi":63.23,"ei":7.28,"as":458.84,"mi":"E","mv":101235,"sc":2,"lpe":60.78,"lpr":91.2,"lq":1.07,"d":605030},{"pi":"1501","pc":"Продукты питания","ss":100000,"td":"Центр города","dc":1,"n":487.14,"vc":"213514","sl":"Элитный","sv":"790","p":142.0,"q":16.05,"b":0.0,"ms":0.78,"wi":63.23,"ei":7.28,"as":458.84,"mi":"E","mv":101235,"sc":2,"lpe":60.78,"lpr":91.2,"lq":1.07,"d":605030},{"pi":"1501","pc":"Продукты питания","ss":9000,"td":"Центр города","dc":1,"n":437.74,"vc":"25339","sl":"Элитный","sv":"21744","p":702.68,"q":9.31,"b":0.0,"ms":19.85,"wi":39.52,"ei":9.92,"as":332.5,"mi":"E","mv":109548,"sc":1,"lpe":80.15,"lpr":400.98,"lq":3.64,"d":1214800},{"pi":"1501","pc":"Продукты питания","ss":8000,"td":"Центр города","dc":1,"n":393.66,"vc":"21184","sl":"Элитный","sv":"39384","p":717.95,"q":9.31,"b":0.0,"ms":19.01,"wi":50.78,"ei":10.72,"as":342.0,"mi":"E","mv":207214,"sc":1,"lpe":80.99,"lpr":673.42,"lq":5.34,"d":2313300},{"pi":"1501","pc":"Продукты питания","ss":1000,"td":"Центр города","dc":1,"n":158.37,"vc":"417","sl":"Элитный","sv":"816","p":2221.99,"q":9.28,"b":0.0,"ms":11.52,"wi":86.09,"ei":9.78,"as":1413.77,"mi":"E","mv":7084,"sc":1,"lpe":88.48,"lpr":1158.38,"lq":3.56,"d":77832},{"pi":"1501","pc":"Продукты питания","ss":1000,"td":"Центр города","dc":1,"n":236.14,"vc":"426","sl":"Элитный","sv":"173","p":1536.67,"q":9.11,"b":0.0,"ms":8.0,"wi":33.47,"ei":8.88,"as":995.77,"mi":"E","mv":2162,"sc":1,"lpe":92.0,"lpr":633.41,"lq":1.0,"d":23688},{"pi":"1501","pc":"Продукты питания","ss":1000,"td":"Центр города","dc":1,"n":203.98,"vc":"369","sl":"Элитный","sv":"166","p":763.91,"q":9.31,"b":0.0,"ms":6.93,"wi":16.95,"ei":8.97,"as":962.94,"mi":"E","mv":2397,"sc":1,"lpe":93.07,"lpr":314.43,"lq":1.0,"d":37245},{"pi":"1501","pc":"Продукты питания","ss":1000,"td":"Центр города","dc":1,"n":455.34,"vc":"1403","sl":"Элитный","sv":"455","p":1706.21,"q":9.31,"b":0.0,"ms":9.77,"wi":50.23,"ei":10.08,"as":1824.71,"mi":"E","mv":4659,"sc":1,"lpe":90.23,"lpr":834.74,"lq":3.79,"d":233758},{"pi":"1501","pc":"Продукты питания","ss":100000,"td":"Центр города","dc":3,"n":188.75,"vc":"12621","sl":"Элитный","sv":"50","p":20.0,"q":2.48,"b":0.23,"ms":0.1,"wi":47.4,"ei":8.54,"as":466.69,"mi":"E","mv":49317,"sc":1,"lpe":99.9,"lpr":804.77,"lq":1.0,"d":679976},{"pi":"1501","pc":"Продукты питания","ss":1000,"td":"Центр города","dc":4,"n":15.44,"vc":"384","sl":"Элитный","sv":"14","p":20.0,"q":2.58,"b":0.23,"ms":0.03,"wi":53.05,"ei":7.94,"as":430.69,"mi":"E","mv":43904,"sc":1,"lpe":99.97,"lpr":836.56,"lq":1.0,"d":613916},{"pi":"1501","pc":"Продукты питания","ss":100000,"td":"Центр города","dc":1,"n":463.35,"vc":"299414","sl":"Элитный","sv":"11092","p":3250.0,"q":44.7,"b":1.02,"ms":12.68,"wi":182.17,"ei":9.94,"as":1758.03,"mi":"E","mv":87492,"sc":2,"lpe":87.31,"lpr":873.97,"lq":15.66,"d":959467},{"pi":"1501","pc":"Продукты питания","ss":10000,"td":"Центр города","dc":1,"n":454.24,"vc":"28497","sl":"Элитный","sv":"12","p":160.0,"q":9.31,"b":0.0,"ms":0.01,"wi":182.17,"ei":9.94,"as":1758.03,"mi":"E","mv":87492,"sc":2,"lpe":87.31,"lpr":873.97,"lq":15.66,"d":959467},{"pi":"1501","pc":"Продукты питания","ss":300000,"td":"Центр города","dc":2,"n":484.58,"vc":"1794342","sl":"Высокий","sv":"163181","p":1250.0,"q":44.86,"b":1.35,"ms":17.21,"wi":77.84,"ei":9.4,"as":711.83,"mi":"E","mv":948058,"sc":4,"lpe":79.06,"lpr":360.03,"lq":3.63,"d":8555500},{"pi":"1501","pc":"Продукты питания","ss":200000,"td":"Центр города","dc":2,"n":402.71,"vc":"424860","sl":"Элитный","sv":"28500","p":112.0,"q":9.84,"b":0.0,"ms":3.01,"wi":77.84,"ei":9.4,"as":711.83,"mi":"E","mv":948058,"sc":4,"lpe":79.06,"lpr":360.03,"lq":3.63,"d":8555500},{"pi":"1501","pc":"Продукты питания","ss":110000,"td":"Фешенебельный район","dc":1,"n":524.43,"vc":"190152","sl":"Элитный","sv":"5772","p":800.0,"q":47.72,"b":0.0,"ms":0.61,"wi":77.84,"ei":9.4,"as":711.83,"mi":"E","mv":948058,"sc":4,"lpe":79.06,"lpr":360.03,"lq":3.63,"d":8555500},{"pi":"1501","pc":"Продукты питания","ss":2000,"td":"Центр города","dc":1,"n":267.99,"vc":"6014","sl":"Очень высокий","sv":"1100","p":436.67,"q":9.31,"b":0.0,"ms":0.12,"wi":77.84,"ei":9.4,"as":711.83,"mi":"E","mv":948058,"sc":4,"lpe":79.06,"lpr":360.03,"lq":3.63,"d":8555500},{"pi":"1501","pc":"Продукты питания","ss":3000,"td":"Центр города","dc":1,"n":368.91,"vc":"8521","sl":"Очень высокий","sv":"150","p":1509.0,"q":9.31,"b":0.0,"ms":0.09,"wi":85.91,"ei":9.87,"as":507.96,"mi":"E","mv":168017,"sc":1,"lpe":99.91,"lpr":1006.79,"lq":1.0,"d":1848088},{"pi":"1501","pc":"Продукты питания","ss":9000,"td":"Центр города","dc":1,"n":436.99,"vc":"25296","sl":"Элитный","sv":"3500","p":230.0,"q":9.31,"b":0.0,"ms":3.13,"wi":116.79,"ei":9.79,"as":1808.05,"mi":"E","mv":111648,"sc":1,"lpe":96.87,"lpr":1820.99,"lq":1.0,"d":1228032},{"pi":"1501","pc":"Продукты питания","ss":9000,"td":"Центр города","dc":1,"n":413.84,"vc":"24021","sl":"Элитный","sv":"12396","p":3682.0,"q":9.27,"b":0.0,"ms":7.94,"wi":124.59,"ei":9.54,"as":1713.73,"mi":"E","mv":156156,"sc":1,"lpe":92.06,"lpr":1541.1,"lq":1.0,"d":1717617},{"pi":"1501","pc":"Продукты питания","ss":100000,"td":"Центр города","dc":1,"n":415.52,"vc":"331179","sl":"Элитный","sv":"29400","p":2250.0,"q":44.87,"b":1.02,"ms":6.12,"wi":174.28,"ei":10.49,"as":2111.62,"mi":"E","mv":480645,"sc":2,"lpe":93.88,"lpr":637.38,"lq":12.35,"d":4762572},{"pi":"1501","pc":"Продукты питания","ss":7000,"td":"Центр города","dc":1,"n":346.2,"vc":"17745","sl":"Элитный","sv":"28","p":117.0,"q":9.31,"b":0.0,"ms":0.01,"wi":174.28,"ei":10.49,"as":2111.62,"mi":"E","mv":480645,"sc":2,"lpe":93.88,"lpr":637.38,"lq":12.35,"d":4762572},{"pi":"1501","pc":"Продукты питания","ss":100000,"td":"Центр города","dc":3,"n":45.82,"vc":"2476","sl":"Элитный","sv":"14","p":5.0,"q":3.56,"b":0.0,"ms":0.05,"wi":27.33,"ei":6.54,"as":128.32,"mi":"E","mv":29907,"sc":1,"lpe":99.95,"lpr":958.45,"lq":1.0,"d":328880},{"pi":"1501","pc":"Продукты питания","ss":10000,"td":"Центр города","dc":1,"n":341.35,"vc":"10303","sl":"Элитный","sv":"146","p":2420.0,"q":16.05,"b":0.0,"ms":0.28,"wi":46.07,"ei":7.56,"as":306.73,"mi":"E","mv":51793,"sc":1,"lpe":99.72,"lpr":604.78,"lq":1.0,"d":569631},{"pi":"1501","pc":"Продукты питания","ss":120000,"td":"Центр города","dc":7,"n":303.55,"vc":"102732","sl":"Очень высокий","sv":"1","p":6700.0,"q":8.34,"b":0.0,"ms":0.0,"wi":116.8,"ei":9.19,"as":733.47,"mi":"E","mv":229577,"sc":1,"lpe":100.0,"lpr":1955.4,"lq":1.0,"d":2524834},{"pi":"1501","pc":"Продукты питания","ss":56000,"td":"Центр города","dc":8,"n":356.24,"vc":"47237","sl":"Очень высокий","sv":"8323","p":1001.84,"q":2.83,"b":0.0,"ms":8.98,"wi":114.87,"ei":8.33,"as":568.25,"mi":"E","mv":92645,"sc":1,"lpe":91.02,"lpr":1118.66,"lq":1.72,"d":1018846},{"pi":"1501","pc":"Продукты питания","ss":100,"td":"Окраина","dc":3,"n":44.56,"vc":"106","sl":"Очень низкий","sv":"9","p":570.0,"q":32.28,"b":0.0,"ms":0.0,"wi":27.24,"ei":5.58,"as":116.89,"mi":"E","mv":215027,"sc":1,"lpe":100.0,"lpr":446.01,"lq":1.0,"d":2150272},{"pi":"1501","pc":"Продукты питания","ss":110000,"td":"Центр города","dc":1,"n":423.62,"vc":"570250","sl":"Очень высокий","sv":"329913","p":400.0,"q":48.26,"b":0.0,"ms":30.0,"wi":35.98,"ei":8.28,"as":251.65,"mi":"E","mv":1099711,"sc":2,"lpe":69.6,"lpr":396.56,"lq":2.74,"d":14352508},{"pi":"1501","pc":"Продукты питания","ss":100000,"td":"Центр города","dc":1,"n":278.39,"vc":"86890","sl":"Элитный","sv":"4400","p":324.0,"q":16.05,"b":0.0,"ms":0.4,"wi":35.98,"ei":8.28,"as":251.65,"mi":"E","mv":1099711,"sc":2,"lpe":69.6,"lpr":396.56,"lq":2.74,"d":14352508},{"pi":"1501","pc":"Продукты питания","ss":100000,"td":"Центр города","dc":2,"n":463.68,"vc":"402736","sl":"Очень высокий","sv":"1265","p":275.0,"q":43.28,"b":1.18,"ms":0.2,"wi":11.57,"ei":3.97,"as":105.73,"mi":"E","mv":638136,"sc":1,"lpe":99.8,"lpr":83.48,"lq":1.0,"d":6381918},{"pi":"1501","pc":"Продукты питания","ss":10000,"td":"Центр города","dc":1,"n":470.43,"vc":"14544","sl":"Элитный","sv":"1473","p":259.0,"q":9.31,"b":0.0,"ms":11.16,"wi":13.53,"ei":6.37,"as":213.96,"mi":"E","mv":13195,"sc":1,"lpe":88.84,"lpr":95.16,"lq":1.26,"d":305590},{"pi":"1501","pc":"Продукты питания","ss":100000,"td":"Центр города","dc":1,"n":448.17,"vc":"169310","sl":"Элитный","sv":"8000","p":2000.0,"q":22.58,"b":0.0,"ms":9.79,"wi":68.62,"ei":8.4,"as":495.87,"mi":"E","mv":81740,"sc":1,"lpe":90.21,"lpr":813.85,"lq":1.0,"d":909632},{"pi":"1501","pc":"Продукты питания","ss":10000,"td":"Центр города","dc":1,"n":449.0,"vc":"28144","sl":"Элитный","sv":"10392","p":1458.0,"q":9.31,"b":0.0,"ms":11.05,"wi":151.97,"ei":10.65,"as":2047.83,"mi":"E","mv":94036,"sc":2,"lpe":88.89,"lpr":869.87,"lq":5.58,"d":1034298},{"pi":"1501","pc":"Продукты питания","ss":1500,"td":"Центр города","dc":6,"n":125.92,"vc":"1569","sl":"Нормальный","sv":"58","p":813.96,"q":6.76,"b":0.0,"ms":0.06,"wi":151.97,"ei":10.65,"as":2047.83,"mi":"E","mv":94036,"sc":2,"lpe":88.89,"lpr":869.87,"lq":5.58,"d":1034298},{"pi":"1501","pc":"Продукты питания","ss":10000,"td":"Центр города","dc":1,"n":454.12,"vc":"28493","sl":"Элитный","sv":"24307","p":929.0,"q":9.31,"b":0.0,"ms":27.8,"wi":121.0,"ei":10.2,"as":2182.56,"mi":"E","mv":87421,"sc":2,"lpe":72.15,"lpr":611.8,"lq":5.04,"d":961541},{"pi":"1501","pc":"Продукты питания","ss":1500,"td":"Центр города","dc":6,"n":126.0,"vc":"1530","sl":"Нормальный","sv":"38","p":680.0,"q":6.34,"b":0.0,"ms":0.04,"wi":121.0,"ei":10.2,"as":2182.56,"mi":"E","mv":87421,"sc":2,"lpe":72.15,"lpr":611.8,"lq":5.04,"d":961541},{"pi":"1501","pc":"Продукты питания","ss":100000,"td":"Центр города","dc":1,"n":561.04,"vc":"843212","sl":"Высокий","sv":"9246","p":5000.0,"q":44.37,"b":1.02,"ms":8.28,"wi":245.02,"ei":10.09,"as":2433.57,"mi":"E","mv":111611,"sc":4,"lpe":90.68,"lpr":1214.08,"lq":11.46,"d":1262376},{"pi":"1501","pc":"Продукты питания","ss":100000,"td":"Центр города","dc":6,"n":390.82,"vc":"109398","sl":"Очень высокий","sv":"1074","p":55.0,"q":12.67,"b":0.0,"ms":0.96,"wi":245.02,"ei":10.09,"as":2433.57,"mi":"E","mv":111611,"sc":4,"lpe":90.68,"lpr":1214.08,"lq":11.46,"d":1262376},{"pi":"1501","pc":"Продукты питания","ss":9000,"td":"Центр города","dc":1,"n":435.02,"vc":"25177","sl":"Элитный","sv":"60","p":404.0,"q":9.31,"b":0.0,"ms":0.05,"wi":245.02,"ei":10.09,"as":2433.57,"mi":"E","mv":111611,"sc":4,"lpe":90.68,"lpr":1214.08,"lq":11.46,"d":1262376},{"pi":"1501","pc":"Продукты питания","ss":1600,"td":"Центр города","dc":6,"n":146.4,"vc":"1962","sl":"Нормальный","sv":"19","p":1140.0,"q":10.69,"b":0.0,"ms":0.02,"wi":245.02,"ei":10.09,"as":2433.57,"mi":"E","mv":111611,"sc":4,"lpe":90.68,"lpr":1214.08,"lq":11.46,"d":1262376},{"pi":"1501","pc":"Продукты питания","ss":10000,"td":"Центр города","dc":1,"n":144.91,"vc":"3120","sl":"Элитный","sv":"26","p":1890.0,"q":16.05,"b":0.0,"ms":0.03,"wi":47.39,"ei":4.88,"as":232.49,"mi":"E","mv":99300,"sc":1,"lpe":99.97,"lpr":457.69,"lq":1.0,"d":1190767},{"pi":"1501","pc":"Продукты питания","ss":100000,"td":"Центр города","dc":1,"n":343.59,"vc":"111984","sl":"Элитный","sv":"1200","p":384.0,"q":16.05,"b":0.0,"ms":0.27,"wi":39.97,"ei":9.19,"as":127.29,"mi":"E","mv":449288,"sc":1,"lpe":99.73,"lpr":250.58,"lq":1.0,"d":4940408},{"pi":"1501","pc":"Продукты питания","ss":100000,"td":"Центр города","dc":1,"n":367.69,"vc":"124142","sl":"Элитный","sv":"2710","p":274.0,"q":16.05,"b":0.0,"ms":0.99,"wi":29.93,"ei":6.58,"as":133.91,"mi":"E","mv":272807,"sc":1,"lpe":99.01,"lpr":263.62,"lq":1.0,"d":3420282},{"pi":"1501","pc":"Продукты питания","ss":100000,"td":"Спальный район","dc":1,"n":498.67,"vc":"241704","sl":"Высокий","sv":"3000","p":2000.0,"q":22.58,"b":4.85,"ms":7.35,"wi":39.35,"ei":7.42,"as":244.05,"mi":"E","mv":40798,"sc":1,"lpe":92.65,"lpr":674.31,"lq":1.0,"d":448642},{"pi":"1501","pc":"Продукты питания","ss":20000,"td":"Центр города","dc":2,"n":195.43,"vc":"6849","sl":"Элитный","sv":"11918","p":469.0,"q":19.39,"b":0.0,"ms":6.23,"wi":94.35,"ei":19.67,"as":208.3,"mi":"E","mv":191322,"sc":1,"lpe":93.77,"lpr":410.12,"lq":1.0,"d":1322290},{"pi":"1501","pc":"Продукты питания","ss":10000,"td":"Центр города","dc":1,"n":443.13,"vc":"27748","sl":"Элитный","sv":"11430","p":366.31,"q":9.04,"b":0.0,"ms":11.18,"wi":33.21,"ei":10.36,"as":243.68,"mi":"E","mv":102228,"sc":2,"lpe":80.45,"lpr":154.78,"lq":1.29,"d":1124408},{"pi":"1501","pc":"Продукты питания","ss":100000,"td":"Центр города","dc":2,"n":298.13,"vc":"43085","sl":"Элитный","sv":"8553","p":550.0,"q":44.95,"b":0.0,"ms":8.37,"wi":33.21,"ei":10.36,"as":243.68,"mi":"E","mv":102228,"sc":2,"lpe":80.45,"lpr":154.78,"lq":1.29,"d":1124408},{"pi":"1501","pc":"Продукты питания","ss":1000,"td":"Центр города","dc":5,"n":16.43,"vc":"335","sl":"Очень высокий","sv":"53","p":20.0,"q":2.53,"b":0.46,"ms":0.16,"wi":18.76,"ei":7.02,"as":145.94,"mi":"E","mv":33679,"sc":1,"lpe":99.84,"lpr":287.31,"lq":1.0,"d":411410},{"pi":"1501","pc":"Продукты питания","ss":1000,"td":"Центр города","dc":5,"n":15.84,"vc":"346","sl":"Очень высокий","sv":"16","p":20.0,"q":2.55,"b":0.46,"ms":0.04,"wi":16.94,"ei":5.12,"as":106.85,"mi":"E","mv":38312,"sc":1,"lpe":99.96,"lpr":236.59,"lq":1.0,"d":455056},{"pi":"1501","pc":"Продукты питания","ss":20000,"td":"Центр города","dc":1,"n":474.17,"vc":"51686","sl":"Элитный","sv":"9400","p":566.95,"q":9.31,"b":0.0,"ms":14.26,"wi":34.24,"ei":10.1,"as":260.64,"mi":"E","mv":65898,"sc":1,"lpe":85.74,"lpr":242.76,"lq":2.69,"d":724982},{"pi":"1501","pc":"Продукты питания","ss":100000,"td":"Фешенебельный район","dc":1,"n":557.64,"vc":"150590","sl":"Элитный","sv":"31938","p":650.0,"q":47.83,"b":0.0,"ms":15.4,"wi":95.82,"ei":8.0,"as":376.09,"mi":"E","mv":207423,"sc":1,"lpe":84.6,"lpr":738.73,"lq":6.43,"d":2281564},{"pi":"1501","pc":"Продукты питания","ss":1000,"td":"Центр города","dc":5,"n":16.5,"vc":"317","sl":"Очень высокий","sv":"67","p":20.0,"q":2.52,"b":0.46,"ms":0.22,"wi":15.17,"ei":4.35,"as":97.0,"mi":"E","mv":29982,"sc":1,"lpe":99.78,"lpr":238.12,"lq":1.0,"d":356256},{"pi":"1501","pc":"Продукты питания","ss":1000,"td":"Центр города","dc":6,"n":16.3,"vc":"381","sl":"Очень высокий","sv":"39","p":20.0,"q":2.55,"b":0.46,"ms":0.08,"wi":19.96,"ei":4.88,"as":136.92,"mi":"E","mv":49303,"sc":1,"lpe":99.92,"lpr":269.55,"lq":1.0,"d":591574},{"pi":"1501","pc":"Продукты питания","ss":1000,"td":"Центр города","dc":4,"n":16.41,"vc":"355","sl":"Элитный","sv":"72","p":20.0,"q":2.48,"b":0.46,"ms":0.12,"wi":16.6,"ei":8.61,"as":135.04,"mi":"E","mv":58584,"sc":1,"lpe":99.88,"lpr":233.86,"lq":1.0,"d":899824},{"pi":"1501","pc":"Продукты питания","ss":1000,"td":"Центр города","dc":5,"n":16.13,"vc":"671","sl":"Высокий","sv":"28","p":20.0,"q":2.48,"b":0.46,"ms":0.01,"wi":29.19,"ei":13.9,"as":57.84,"mi":"E","mv":362509,"sc":1,"lpe":99.99,"lpr":378.51,"lq":1.0,"d":3660917},{"pi":"1501","pc":"Продукты питания","ss":10000,"td":"Центр города","dc":2,"n":272.36,"vc":"5216","sl":"Элитный","sv":"13343","p":759.0,"q":19.37,"b":0.0,"ms":44.15,"wi":69.66,"ei":6.22,"as":447.98,"mi":"E","mv":30219,"sc":2,"lpe":53.42,"lpr":679.49,"lq":5.93,"d":350000},{"pi":"1501","pc":"Продукты питания","ss":1100,"td":"Центр города","dc":1,"n":265.27,"vc":"1364","sl":"Очень высокий","sv":"733","p":2100.0,"q":32.22,"b":0.0,"ms":2.43,"wi":69.66,"ei":6.22,"as":447.98,"mi":"E","mv":30219,"sc":2,"lpe":53.42,"lpr":679.49,"lq":5.93,"d":350000},{"pi":"1501","pc":"Продукты питания","ss":10000,"td":"Центр города","dc":2,"n":241.64,"vc":"5019","sl":"Элитный","sv":"11965","p":959.0,"q":19.24,"b":0.0,"ms":29.03,"wi":80.34,"ei":6.51,"as":470.38,"mi":"E","mv":41223,"sc":1,"lpe":70.97,"lpr":921.48,"lq":7.68,"d":600000}]