[{"d":"30.07.2018","r":93683.0,"q":1.0,"p":200.0,"s":[{"cn":"Kroko-Russia","ui":"7829637","t":93783.0,"r":93683.0,"q":1.0,"p":200.0,"mot":"U","mo":93683.0},{"cn":"","ui":"","t":0.0,"r":0.0,"q":0.0,"p":0.0,"mot":"L","mo":0.0}]},{"d":"31.07.2018","r":103428.0,"q":1.0,"p":200.0,"s":[{"cn":"Kroko-Russia","ui":"7829637","t":103528.0,"r":103428.0,"q":1.0,"p":200.0,"mot":"U","mo":103428.0},{"cn":"","ui":"","t":0.0,"r":0.0,"q":0.0,"p":0.0,"mot":"L","mo":0.0}]},{"d":"01.08.2018","r":103328.0,"q":1.0,"p":200.0,"s":[{"cn":"Kroko-Russia","ui":"7829637","t":103428.0,"r":103328.0,"q":1.0,"p":200.0,"mot":"U","mo":103328.0},{"cn":"","ui":"","t":0.0,"r":0.0,"q":0.0,"p":0.0,"mot":"L","mo":0.0}]},{"d":"03.08.2018","r":98928.0,"q":1.0,"p":200.0,"s":[{"cn":"Kroko-Russia","ui":"7829637","t":101128.0,"r":98928.0,"q":1.0,"p":200.0,"mot":"U","mo":98928.0},{"cn":"","ui":"","t":0.0,"r":0.0,"q":0.0,"p":0.0,"mot":"L","mo":0.0}]},{"d":"06.08.2018","r":261088.0,"q":1.0,"p":158.11,"s":[{"cn":"FGDF","ui":"7836709","t":28990.0,"r":28990.0,"q":1.0,"p":99.0,"mot":"U","mo":28990.0},{"cn":"Kroko-Russia","ui":"7829637","t":94528.0,"r":92328.0,"q":1.0,"p":200.0,"mot":"U","mo":92328.0},{"cn":"FGDF","ui":"7837351","t":19990.0,"r":19990.0,"q":1.0,"p":99.0,"mot":"U","mo":19990.0},{"cn":"Umbrella Corp.","ui":"7828105","t":119780.0,"r":119780.0,"q":1.0,"p":150.0,"mot":"U","mo":119780.0},{"cn":"","ui":"","t":0.0,"r":0.0,"q":0.0,"p":0.0,"mot":"L","mo":0.0}]},{"d":"07.08.2018","r":309968.0,"q":1.0,"p":151.36,"s":[{"cn":"FGDF","ui":"7836709","t":38960.0,"r":38960.0,"q":1.0,"p":99.0,"mot":"U","mo":38960.0},{"cn":"Kroko-Russia","ui":"7829637","t":92328.0,"r":90128.0,"q":1.0,"p":200.0,"mot":"U","mo":90128.0},{"cn":"FGDF","ui":"7837351","t":29960.0,"r":29960.0,"q":1.0,"p":99.0,"mot":"U","mo":29960.0},{"cn":"Umbrella Corp.","ui":"7828105","t":139720.0,"r":139720.0,"q":1.0,"p":150.0,"mot":"U","mo":139720.0},{"cn":"","ui":"","t":11200.0,"r":11200.0,"q":1.0,"p":99.0,"mot":"L","mo":11200.0}]},{"d":"08.08.2018","r":354778.0,"q":1.0,"p":146.98,"s":[{"cn":"FGDF","ui":"7836709","t":48910.0,"r":48910.0,"q":1.0,"p":99.0,"mot":"U","mo":48910.0},{"cn":"Kroko-Russia","ui":"7829637","t":90128.0,"r":87928.0,"q":1.0,"p":200.0,"mot":"U","mo":87928.0},{"cn":"FGDF","ui":"7837351","t":39910.0,"r":39910.0,"q":1.0,"p":99.0,"mot":"U","mo":39910.0},{"cn":"baysik LTD","ui":"7837953","t":18400.0,"r":18400.0,"q":1.0,"p":99.0,"mot":"U","mo":18400.0},{"cn":"Umbrella Corp.","ui":"7828105","t":159630.0,"r":159630.0,"q":1.0,"p":150.0,"mot":"U","mo":159630.0},{"cn":"","ui":"","t":0.0,"r":0.0,"q":0.0,"p":0.0,"mot":"L","mo":0.0}]},{"d":"09.08.2018","r":492388.0,"q":1.0,"p":135.18,"s":[{"cn":"FGDF","ui":"7836709","t":148910.0,"r":148910.0,"q":1.0,"p":99.0,"mot":"U","mo":148910.0},{"cn":"Kroko-Russia","ui":"7829637","t":87928.0,"r":85728.0,"q":1.0,"p":200.0,"mot":"U","mo":85728.0},{"cn":"FGDF","ui":"7837351","t":49840.0,"r":49840.0,"q":1.0,"p":99.0,"mot":"U","mo":49840.0},{"cn":"baysik LTD","ui":"7837953","t":28400.0,"r":28400.0,"q":1.0,"p":99.0,"mot":"U","mo":28400.0},{"cn":"Umbrella Corp.","ui":"7828105","t":179510.0,"r":179510.0,"q":1.0,"p":150.0,"mot":"U","mo":179510.0},{"cn":"","ui":"","t":0.0,"r":0.0,"q":0.0,"p":0.0,"mot":"L","mo":0.0}]},{"d":"10.08.2018","r":680638.0,"q":1.0,"p":126.33,"s":[{"cn":"FGDF","ui":"7836709","t":248720.0,"r":247920.0,"q":1.0,"p":99.0,"mot":"U","mo":247920.0},{"cn":"Kroko-Russia","ui":"7829637","t":85728.0,"r":83528.0,"q":1.0,"p":200.0,"mot":"U","mo":83528.0},{"cn":"FGDF","ui":"7837351","t":149840.0,"r":149840.0,"q":1.0,"p":99.0,"mot":"U","mo":149840.0},{"cn":"Umbrella Corp.","ui":"7828105","t":199350.0,"r":199350.0,"q":1.0,"p":150.0,"mot":"U","mo":199350.0},{"cn":"","ui":"","t":0.0,"r":0.0,"q":0.0,"p":0.0,"mot":"L","mo":0.0}]},{"d":"13.08.2018","r":3429776.0,"q":1.0,"p":89.24,"s":[{"cn":"FGDF","ui":"7836709","t":545750.0,"r":544910.0,"q":1.0,"p":79.0,"mot":"U","mo":544910.0},{"cn":"FGDF","ui":"7837351","t":449270.0,"r":449270.0,"q":1.0,"p":79.0,"mot":"U","mo":449270.0},{"cn":"Криптографические галлюцинации","ui":"7827364","t":2092333.0,"r":2092333.0,"q":1.0,"p":90.0,"mot":"U","mo":2092333.0},{"cn":"Umbrella Corp.","ui":"7828105","t":258935.0,"r":258935.0,"q":1.0,"p":90.0,"mot":"U","mo":258935.0},{"cn":"","ui":"","t":87128.0,"r":84328.0,"q":1.0,"p":188.9,"mot":"L","mo":84328.0}]},{"d":"14.08.2018","r":4042746.0,"q":1.0,"p":88.46,"s":[{"cn":"FGDF","ui":"7836709","t":744910.0,"r":744070.0,"q":1.0,"p":79.0,"mot":"U","mo":744070.0},{"cn":"FGDF","ui":"7837351","t":548700.0,"r":548700.0,"q":1.0,"p":79.0,"mot":"U","mo":548700.0},{"cn":"Криптографические галлюцинации","ui":"7827364","t":2380553.0,"r":2380553.0,"q":1.0,"p":90.0,"mot":"U","mo":2380553.0},{"cn":"Umbrella Corp.","ui":"7828105","t":278905.0,"r":278905.0,"q":1.0,"p":90.0,"mot":"U","mo":278905.0},{"cn":"","ui":"","t":102318.0,"r":90518.0,"q":1.0,"p":178.24,"mot":"L","mo":90518.0}]},{"d":"16.08.2018","r":5713104.0,"q":1.0,"p":81.09,"s":[{"cn":"FGDF","ui":"7836709","t":1143690.0,"r":1143690.0,"q":1.0,"p":79.0,"mot":"U","mo":1143690.0},{"cn":"FGDF","ui":"7837351","t":948320.0,"r":948320.0,"q":1.0,"p":79.0,"mot":"U","mo":948320.0},{"cn":"Криптографические галлюцинации","ui":"7827364","t":3201481.0,"r":3201481.0,"q":1.0,"p":79.0,"mot":"U","mo":3201481.0},{"cn":"Umbrella Corp.","ui":"7828105","t":318755.0,"r":318755.0,"q":1.0,"p":90.0,"mot":"U","mo":318755.0},{"cn":"","ui":"","t":131618.0,"r":100858.0,"q":1.0,"p":162.69,"mot":"L","mo":100858.0}]},{"d":"17.08.2018","r":6489685.0,"q":1.0,"p":80.87,"s":[{"cn":"FGDF","ui":"7836709","t":1343310.0,"r":1343310.0,"q":1.0,"p":79.0,"mot":"U","mo":1343310.0},{"cn":"FGDF","ui":"7837351","t":1146560.0,"r":1145560.0,"q":1.0,"p":79.0,"mot":"U","mo":1145560.0},{"cn":"Криптографические галлюцинации","ui":"7827364","t":3554072.0,"r":3554072.0,"q":1.0,"p":79.0,"mot":"U","mo":3554072.0},{"cn":"Umbrella Corp.","ui":"7828105","t":338635.0,"r":338635.0,"q":1.0,"p":90.0,"mot":"U","mo":338635.0},{"cn":"","ui":"","t":145218.0,"r":108108.0,"q":1.0,"p":156.93,"mot":"L","mo":108108.0}]},{"d":"20.08.2018","r":8982186.0,"q":1.0,"p":80.55,"s":[{"cn":"FGDF","ui":"7836709","t":2041410.0,"r":2041410.0,"q":1.0,"p":79.0,"mot":"U","mo":2041410.0},{"cn":"FGDF","ui":"7837351","t":1840900.0,"r":1839900.0,"q":1.0,"p":79.0,"mot":"U","mo":1839900.0},{"cn":"Криптографические галлюцинации","ui":"7827364","t":4563025.0,"r":4563025.0,"q":1.0,"p":79.0,"mot":"U","mo":4563025.0},{"cn":"","ui":"","t":597221.0,"r":537851.0,"q":1.0,"p":104.96,"mot":"L","mo":537851.0}]},{"d":"21.08.2018","r":9952098.0,"q":1.0,"p":80.54,"s":[{"cn":"FGDF","ui":"7836709","t":2340840.0,"r":2340840.0,"q":1.0,"p":79.0,"mot":"U","mo":2340840.0},{"cn":"FGDF","ui":"7837351","t":2139330.0,"r":2138330.0,"q":1.0,"p":79.0,"mot":"U","mo":2138330.0},{"cn":"Криптографические галлюцинации","ui":"7827364","t":4898155.0,"r":4898155.0,"q":1.0,"p":79.0,"mot":"U","mo":4898155.0},{"cn":"","ui":"","t":641530.0,"r":574773.0,"q":1.0,"p":105.74,"mot":"L","mo":574773.0}]},{"d":"22.08.2018","r":1.0485003E7,"q":1.0,"p":80.14,"s":[{"cn":"FGDF","ui":"7836709","t":2640840.0,"r":2640839.0,"q":1.0,"p":79.0,"mot":"U","mo":2640839.0},{"cn":"FGDF","ui":"7837351","t":2438330.0,"r":2437329.0,"q":1.0,"p":79.0,"mot":"U","mo":2437329.0},{"cn":"Криптографические галлюцинации","ui":"7827364","t":5232716.0,"r":5232716.0,"q":1.0,"p":79.0,"mot":"U","mo":5232716.0},{"cn":"","ui":"","t":248242.0,"r":174119.0,"q":1.0,"p":147.71,"mot":"L","mo":174119.0}]},{"d":"23.08.2018","r":1.1439976E7,"q":1.0,"p":80.15,"s":[{"cn":"FGDF","ui":"7836709","t":2940269.0,"r":2940268.0,"q":1.0,"p":79.0,"mot":"U","mo":2940268.0},{"cn":"FGDF","ui":"7837351","t":2736759.0,"r":2735758.0,"q":1.0,"p":79.0,"mot":"U","mo":2735758.0},{"cn":"Криптографические галлюцинации","ui":"7827364","t":5572716.0,"r":5572716.0,"q":1.0,"p":79.0,"mot":"U","mo":5572716.0},{"cn":"","ui":"","t":272701.0,"r":191234.0,"q":1.0,"p":147.77,"mot":"L","mo":191234.0}]},{"d":"24.08.2018","r":1.2831128E7,"q":1.0,"p":80.49,"s":[{"cn":"FGDF","ui":"7836709","t":3239128.0,"r":3239127.0,"q":1.0,"p":79.0,"mot":"U","mo":3239127.0},{"cn":"FGDF","ui":"7837351","t":3034618.0,"r":3033617.0,"q":1.0,"p":79.0,"mot":"U","mo":3033617.0},{"cn":"Криптографические галлюцинации","ui":"7827364","t":5912186.0,"r":5912186.0,"q":1.0,"p":79.0,"mot":"U","mo":5912186.0},{"cn":"","ui":"","t":734987.0,"r":646198.0,"q":1.0,"p":108.65,"mot":"L","mo":646198.0}]},{"d":"27.08.2018","r":1.5935637E7,"q":1.0,"p":79.88,"s":[{"cn":"FGDF","ui":"7836709","t":4399125.0,"r":4399124.0,"q":1.0,"p":79.0,"mot":"U","mo":4399124.0},{"cn":"FGDF","ui":"7837351","t":4108405.0,"r":4107404.0,"q":1.0,"p":79.0,"mot":"U","mo":4107404.0},{"cn":"Криптографические галлюцинации","ui":"7827364","t":6745990.0,"r":6745990.0,"q":1.0,"p":79.0,"mot":"U","mo":6745990.0},{"cn":"","ui":"","t":767550.0,"r":683119.0,"q":1.0,"p":99.51,"mot":"L","mo":683119.0}]},{"d":"28.08.2018","r":1.6841398E7,"q":1.0,"p":79.9,"s":[{"cn":"FGDF","ui":"7836709","t":4797604.0,"r":4797603.0,"q":1.0,"p":79.0,"mot":"U","mo":4797603.0},{"cn":"FGDF","ui":"7837351","t":4494694.0,"r":4493693.0,"q":1.0,"p":79.0,"mot":"U","mo":4493693.0},{"cn":"Криптографические галлюцинации","ui":"7827364","t":6860368.0,"r":6860368.0,"q":1.0,"p":79.0,"mot":"U","mo":6860368.0},{"cn":"","ui":"","t":771664.0,"r":689734.0,"q":1.0,"p":101.06,"mot":"L","mo":689734.0}]},{"d":"29.08.2018","r":1.0770973E7,"q":1.0,"p":80.52,"s":[{"cn":"FGDF","ui":"7836709","t":5195323.0,"r":5195322.0,"q":1.0,"p":79.0,"mot":"U","mo":5195322.0},{"cn":"FGDF","ui":"7837351","t":4880243.0,"r":4879242.0,"q":1.0,"p":79.0,"mot":"U","mo":4879242.0},{"cn":"","ui":"","t":775838.0,"r":696409.0,"q":1.0,"p":102.58,"mot":"L","mo":696409.0}]},{"d":"30.08.2018","r":1.1565396E7,"q":1.0,"p":80.52,"s":[{"cn":"FGDF","ui":"7836709","t":5595322.0,"r":5595321.0,"q":1.0,"p":79.0,"mot":"U","mo":5595321.0},{"cn":"FGDF","ui":"7837351","t":5268002.0,"r":5267001.0,"q":1.0,"p":79.0,"mot":"U","mo":5267001.0},{"cn":"","ui":"","t":780002.0,"r":703074.0,"q":1.0,"p":104.08,"mot":"L","mo":703074.0}]},{"d":"31.08.2018","r":1.2329069E7,"q":1.0,"p":80.53,"s":[{"cn":"FGDF","ui":"7836709","t":5965321.0,"r":5965320.0,"q":1.0,"p":79.0,"mot":"U","mo":5965320.0},{"cn":"FGDF","ui":"7837351","t":5655031.0,"r":5654030.0,"q":1.0,"p":79.0,"mot":"U","mo":5654030.0},{"cn":"","ui":"","t":784146.0,"r":709719.0,"q":1.0,"p":105.54,"mot":"L","mo":709719.0}]},{"d":"03.09.2018","r":1.4615718E7,"q":1.0,"p":80.54,"s":[{"cn":"FGDF","ui":"7836709","t":7075318.0,"r":7075317.0,"q":1.0,"p":79.0,"mot":"U","mo":7075317.0},{"cn":"FGDF","ui":"7837351","t":6811678.0,"r":6810677.0,"q":1.0,"p":79.0,"mot":"U","mo":6810677.0},{"cn":"","ui":"","t":796648.0,"r":729724.0,"q":1.0,"p":109.78,"mot":"L","mo":729724.0}]},{"d":"04.09.2018","r":1.5524141E7,"q":1.0,"p":80.52,"s":[{"cn":"FGDF","ui":"7836709","t":7445317.0,"r":7445316.0,"q":1.0,"p":79.0,"mot":"U","mo":7445316.0},{"cn":"FGDF","ui":"7837351","t":7343437.0,"r":7342436.0,"q":1.0,"p":79.0,"mot":"U","mo":7342436.0},{"cn":"","ui":"","t":800812.0,"r":736389.0,"q":1.0,"p":111.14,"mot":"L","mo":736389.0}]},{"d":"05.09.2018","r":1.6421534E7,"q":1.0,"p":80.44,"s":[{"cn":"FGDF","ui":"7836709","t":7815316.0,"r":7815315.0,"q":1.0,"p":79.0,"mot":"U","mo":7815315.0},{"cn":"FGDF","ui":"7837351","t":7874186.0,"r":7873185.0,"q":1.0,"p":79.0,"mot":"U","mo":7873185.0},{"cn":"","ui":"","t":804956.0,"r":733034.0,"q":1.0,"p":111.28,"mot":"L","mo":733034.0}]},{"d":"06.09.2018","r":1.7316897E7,"q":1.0,"p":80.37,"s":[{"cn":"FGDF","ui":"7836709","t":8185315.0,"r":8185314.0,"q":1.0,"p":79.0,"mot":"U","mo":8185314.0},{"cn":"FGDF","ui":"7837351","t":8404920.0,"r":8404914.0,"q":1.0,"p":79.0,"mot":"U","mo":8404914.0},{"cn":"","ui":"","t":797590.0,"r":726669.0,"q":1.0,"p":111.59,"mot":"L","mo":726669.0}]},{"d":"07.09.2018","r":1.8227325E7,"q":1.0,"p":80.4,"s":[{"cn":"FGDF","ui":"7836709","t":8555314.0,"r":8555313.0,"q":1.0,"p":79.0,"mot":"U","mo":8555313.0},{"cn":"FGDF","ui":"7837351","t":8934644.0,"r":8934638.0,"q":1.0,"p":79.0,"mot":"U","mo":8934638.0},{"cn":"","ui":"","t":797999.0,"r":737374.0,"q":1.0,"p":113.69,"mot":"L","mo":737374.0}]},{"d":"10.09.2018","r":3.1822959E7,"q":1.0,"p":56.28,"s":[{"cn":"FGDF","ui":"7836709","t":9665311.0,"r":9665310.0,"q":1.0,"p":79.0,"mot":"U","mo":9665310.0},{"cn":"FGDF","ui":"7837351","t":1.0517625E7,"r":1.0517624E7,"q":1.0,"p":79.0,"mot":"U","mo":1.0517624E7},{"cn":"Шубин Инвест","ui":"7843183","t":2647030.0,"r":2635030.0,"q":1.0,"p":10.0,"mot":"U","mo":2635030.0},{"cn":"Шубин Инвест","ui":"7843771","t":2505731.0,"r":2505731.0,"q":1.0,"p":10.0,"mot":"U","mo":2505731.0},{"cn":"Шубин Инвест","ui":"7840684","t":4431190.0,"r":4431190.0,"q":1.0,"p":10.0,"mot":"U","mo":4431190.0},{"cn":"","ui":"","t":2119806.0,"r":2068074.0,"q":1.01,"p":48.69,"mot":"L","mo":2068074.0}]},{"d":"12.09.2018","r":3.5456422E7,"q":1.0,"p":55.1,"s":[{"cn":"FGDF","ui":"7836709","t":1.0405026E7,"r":1.0405025E7,"q":1.0,"p":79.0,"mot":"U","mo":1.0405025E7},{"cn":"FGDF","ui":"7837351","t":1.1567513E7,"r":1.1567512E7,"q":1.0,"p":79.0,"mot":"U","mo":1.1567512E7},{"cn":"Шубин Инвест","ui":"7843183","t":3118490.0,"r":3106490.0,"q":1.0,"p":10.0,"mot":"U","mo":3106490.0},{"cn":"Шубин Инвест","ui":"7843771","t":3002131.0,"r":3002131.0,"q":1.0,"p":10.0,"mot":"U","mo":3002131.0},{"cn":"Шубин Инвест","ui":"7840684","t":4926790.0,"r":4920790.0,"q":1.0,"p":10.0,"mot":"U","mo":4920790.0},{"cn":"","ui":"","t":2503204.0,"r":2454474.0,"q":1.0,"p":43.75,"mot":"L","mo":2454474.0}]},{"d":"13.09.2018","r":3.7335563E7,"q":1.0,"p":54.53,"s":[{"cn":"FGDF","ui":"7836709","t":1.0775025E7,"r":1.0775024E7,"q":1.0,"p":79.0,"mot":"U","mo":1.0775024E7},{"cn":"FGDF","ui":"7837351","t":1.2100272E7,"r":1.2100271E7,"q":1.0,"p":79.0,"mot":"U","mo":1.2100271E7},{"cn":"Шубин Инвест","ui":"7847063","t":1947190.0,"r":1947190.0,"q":1.0,"p":10.0,"mot":"U","mo":1947190.0},{"cn":"Шубин Инвест","ui":"7843183","t":3353557.0,"r":3341557.0,"q":1.0,"p":10.0,"mot":"U","mo":3341557.0},{"cn":"Шубин Инвест","ui":"7843771","t":3249731.0,"r":3249731.0,"q":1.0,"p":10.0,"mot":"U","mo":3249731.0},{"cn":"Шубин Инвест","ui":"7840684","t":5167936.0,"r":5161936.0,"q":1.0,"p":10.0,"mot":"U","mo":5161936.0},{"cn":"","ui":"","t":807083.0,"r":759854.0,"q":1.0,"p":120.86,"mot":"L","mo":759854.0}]},{"d":"14.09.2018","r":3.9212115E7,"q":1.0,"p":54.02,"s":[{"cn":"FGDF","ui":"7836709","t":1.1145024E7,"r":1.1145023E7,"q":1.0,"p":79.0,"mot":"U","mo":1.1145023E7},{"cn":"FGDF","ui":"7837351","t":1.2632021E7,"r":1.263202E7,"q":1.0,"p":79.0,"mot":"U","mo":1.263202E7},{"cn":"Шубин Инвест","ui":"7847063","t":2193989.0,"r":2193989.0,"q":1.0,"p":10.0,"mot":"U","mo":2193989.0},{"cn":"Шубин Инвест","ui":"7843183","t":3588197.0,"r":3576197.0,"q":1.0,"p":10.0,"mot":"U","mo":3576197.0},{"cn":"Шубин Инвест","ui":"7843771","t":3496877.0,"r":3496877.0,"q":1.0,"p":10.0,"mot":"U","mo":3496877.0},{"cn":"Шубин Инвест","ui":"7840684","t":5408655.0,"r":5402655.0,"q":1.0,"p":10.0,"mot":"U","mo":5402655.0},{"cn":"","ui":"","t":811082.0,"r":765354.0,"q":1.0,"p":121.97,"mot":"L","mo":765354.0}]},{"d":"17.09.2018","r":4.4863492E7,"q":1.0,"p":52.73,"s":[{"cn":"FGDF","ui":"7836709","t":1.2255021E7,"r":1.225502E7,"q":1.0,"p":79.0,"mot":"U","mo":1.225502E7},{"cn":"FGDF","ui":"7837351","t":1.4221208E7,"r":1.4221207E7,"q":1.0,"p":79.0,"mot":"U","mo":1.4221207E7},{"cn":"Шубин Инвест","ui":"7847063","t":2939961.0,"r":2939961.0,"q":1.0,"p":10.0,"mot":"U","mo":2939961.0},{"cn":"Шубин Инвест","ui":"7843183","t":4298010.0,"r":4286010.0,"q":1.0,"p":10.0,"mot":"U","mo":4286010.0},{"cn":"Шубин Инвест","ui":"7843771","t":4243196.0,"r":4243196.0,"q":1.0,"p":10.0,"mot":"U","mo":4243196.0},{"cn":"Шубин Инвест","ui":"7840684","t":6140547.0,"r":6136547.0,"q":1.0,"p":10.0,"mot":"U","mo":6136547.0},{"cn":"","ui":"","t":822776.0,"r":781551.0,"q":1.0,"p":125.14,"mot":"L","mo":781551.0}]},{"d":"18.09.2018","r":4.674746E7,"q":1.0,"p":52.36,"s":[{"cn":"FGDF","ui":"7836709","t":1.262502E7,"r":1.2625019E7,"q":1.0,"p":79.0,"mot":"U","mo":1.2625019E7},{"cn":"FGDF","ui":"7837351","t":1.4748907E7,"r":1.4748906E7,"q":1.0,"p":79.0,"mot":"U","mo":1.4748906E7},{"cn":"Шубин Инвест","ui":"7847063","t":3189161.0,"r":3189161.0,"q":1.0,"p":10.0,"mot":"U","mo":3189161.0},{"cn":"Шубин Инвест","ui":"7843183","t":4535210.0,"r":4523210.0,"q":1.0,"p":10.0,"mot":"U","mo":4523210.0},{"cn":"Шубин Инвест","ui":"7843771","t":4492396.0,"r":4492396.0,"q":1.0,"p":10.0,"mot":"U","mo":4492396.0},{"cn":"Шубин Инвест","ui":"7840684","t":6385747.0,"r":6381747.0,"q":1.0,"p":10.0,"mot":"U","mo":6381747.0},{"cn":"","ui":"","t":826745.0,"r":787021.0,"q":1.0,"p":126.18,"mot":"L","mo":787021.0}]},{"d":"19.09.2018","r":4.8628692E7,"q":1.0,"p":52.02,"s":[{"cn":"FGDF","ui":"7836709","t":1.2995019E7,"r":1.2995018E7,"q":1.0,"p":79.0,"mot":"U","mo":1.2995018E7},{"cn":"FGDF","ui":"7837351","t":1.527548E7,"r":1.5275479E7,"q":1.0,"p":79.0,"mot":"U","mo":1.5275479E7},{"cn":"Шубин Инвест","ui":"7847063","t":3437961.0,"r":3437961.0,"q":1.0,"p":10.0,"mot":"U","mo":3437961.0},{"cn":"Шубин Инвест","ui":"7843183","t":4772010.0,"r":4760010.0,"q":1.0,"p":10.0,"mot":"U","mo":4760010.0},{"cn":"Шубин Инвест","ui":"7843771","t":4741196.0,"r":4741196.0,"q":1.0,"p":10.0,"mot":"U","mo":4741196.0},{"cn":"Шубин Инвест","ui":"7840684","t":6630547.0,"r":6626547.0,"q":1.0,"p":10.0,"mot":"U","mo":6626547.0},{"cn":"","ui":"","t":830704.0,"r":792481.0,"q":1.0,"p":127.2,"mot":"L","mo":792481.0}]},{"d":"20.09.2018","r":5.0507098E7,"q":1.0,"p":51.71,"s":[{"cn":"FGDF","ui":"7836709","t":1.3364897E7,"r":1.3364896E7,"q":1.0,"p":79.0,"mot":"U","mo":1.3364896E7},{"cn":"FGDF","ui":"7837351","t":1.5800968E7,"r":1.5800967E7,"q":1.0,"p":79.0,"mot":"U","mo":1.5800967E7},{"cn":"Шубин Инвест","ui":"7847063","t":3686361.0,"r":3686361.0,"q":1.0,"p":10.0,"mot":"U","mo":3686361.0},{"cn":"Шубин Инвест","ui":"7843183","t":5008410.0,"r":4996410.0,"q":1.0,"p":10.0,"mot":"U","mo":4996410.0},{"cn":"Шубин Инвест","ui":"7843771","t":4989596.0,"r":4989596.0,"q":1.0,"p":10.0,"mot":"U","mo":4989596.0},{"cn":"Шубин Инвест","ui":"7840684","t":6874947.0,"r":6870947.0,"q":1.0,"p":10.0,"mot":"U","mo":6870947.0},{"cn":"","ui":"","t":834643.0,"r":797921.0,"q":1.0,"p":128.2,"mot":"L","mo":797921.0}]},{"d":"21.09.2018","r":5.4604987E7,"q":1.0,"p":49.74,"s":[{"cn":"FGDF","ui":"7836709","t":1.3734734E7,"r":1.3734733E7,"q":1.0,"p":79.0,"mot":"U","mo":1.3734733E7},{"cn":"FGDF","ui":"7837351","t":1.6325368E7,"r":1.6325367E7,"q":1.0,"p":79.0,"mot":"U","mo":1.6325367E7},{"cn":"Шубин Инвест","ui":"7847063","t":3934361.0,"r":3934361.0,"q":1.0,"p":10.0,"mot":"U","mo":3934361.0},{"cn":"Шубин Инвест","ui":"7843183","t":5244410.0,"r":5232410.0,"q":1.0,"p":10.0,"mot":"U","mo":5232410.0},{"cn":"Шубин Инвест","ui":"7843771","t":5237596.0,"r":5237596.0,"q":1.0,"p":10.0,"mot":"U","mo":5237596.0},{"cn":"Шубин Инвест","ui":"7840684","t":7118947.0,"r":7114947.0,"q":1.0,"p":10.0,"mot":"U","mo":7114947.0},{"cn":"","ui":"","t":3060794.0,"r":3025573.0,"q":1.0,"p":41.64,"mot":"L","mo":3025573.0}]},{"d":"24.09.2018","r":6.0898736E7,"q":1.0,"p":49.77,"s":[{"cn":"FGDF","ui":"7836709","t":1.4843932E7,"r":1.4843931E7,"q":1.0,"p":79.0,"mot":"U","mo":1.4843931E7},{"cn":"FGDF","ui":"7837351","t":1.7892031E7,"r":1.789203E7,"q":1.0,"p":79.0,"mot":"U","mo":1.789203E7},{"cn":"Шубин Инвест","ui":"7847063","t":4675826.0,"r":4675826.0,"q":1.0,"p":10.0,"mot":"U","mo":4675826.0},{"cn":"Шубин Инвест","ui":"7843183","t":5961875.0,"r":5961875.0,"q":1.0,"p":10.0,"mot":"U","mo":5961875.0},{"cn":"Шубин Инвест","ui":"7843771","t":5979061.0,"r":5979061.0,"q":1.0,"p":10.0,"mot":"U","mo":5979061.0},{"cn":"Шубин Инвест","ui":"7840684","t":7848412.0,"r":7844412.0,"q":1.0,"p":10.0,"mot":"U","mo":7844412.0},{"cn":"","ui":"","t":3734012.0,"r":3701601.0,"q":1.0,"p":54.01,"mot":"L","mo":3701601.0}]},{"d":"25.09.2018","r":6.2790213E7,"q":1.0,"p":49.59,"s":[{"cn":"FGDF","ui":"7836709","t":1.5213549E7,"r":1.5213548E7,"q":1.0,"p":79.0,"mot":"U","mo":1.5213548E7},{"cn":"FGDF","ui":"7837351","t":1.8412068E7,"r":1.8412067E7,"q":1.0,"p":79.0,"mot":"U","mo":1.8412067E7},{"cn":"Шубин Инвест","ui":"7847063","t":4922118.0,"r":4922118.0,"q":1.0,"p":10.0,"mot":"U","mo":4922118.0},{"cn":"Шубин Инвест","ui":"7843183","t":6208167.0,"r":6208167.0,"q":1.0,"p":10.0,"mot":"U","mo":6208167.0},{"cn":"Шубин Инвест","ui":"7843771","t":6225353.0,"r":6225353.0,"q":1.0,"p":10.0,"mot":"U","mo":6225353.0},{"cn":"Шубин Инвест","ui":"7840684","t":8090704.0,"r":8086704.0,"q":1.0,"p":10.0,"mot":"U","mo":8086704.0},{"cn":"","ui":"","t":3755331.0,"r":3722256.0,"q":1.0,"p":54.57,"mot":"L","mo":3722256.0}]},{"d":"26.09.2018","r":6.4692437E7,"q":1.0,"p":49.42,"s":[{"cn":"FGDF","ui":"7836709","t":1.5583119E7,"r":1.5583118E7,"q":1.0,"p":79.0,"mot":"U","mo":1.5583118E7},{"cn":"FGDF","ui":"7837351","t":1.8931006E7,"r":1.8931005E7,"q":1.0,"p":79.0,"mot":"U","mo":1.8931005E7},{"cn":"Шубин Инвест","ui":"7847063","t":5172118.0,"r":5172118.0,"q":1.0,"p":10.0,"mot":"U","mo":5172118.0},{"cn":"Шубин Инвест","ui":"7843183","t":6458167.0,"r":6458167.0,"q":1.0,"p":10.0,"mot":"U","mo":6458167.0},{"cn":"Шубин Инвест","ui":"7843771","t":6475353.0,"r":6475353.0,"q":1.0,"p":10.0,"mot":"U","mo":6475353.0},{"cn":"Шубин Инвест","ui":"7840684","t":8336704.0,"r":8332704.0,"q":1.0,"p":10.0,"mot":"U","mo":8332704.0},{"cn":"","ui":"","t":3773119.0,"r":3739972.0,"q":1.0,"p":55.09,"mot":"L","mo":3739972.0}]},{"d":"28.09.2018","r":7.3538459E7,"q":1.0,"p":52.19,"s":[{"cn":"FGDF","ui":"7837351","t":1.9448832E7,"r":1.9448831E7,"q":1.0,"p":79.0,"mot":"U","mo":1.9448831E7},{"cn":"Криптографические галлюцинации","ui":"7827364","t":6888887.0,"r":6888887.0,"q":1.0,"p":79.0,"mot":"U","mo":6888887.0},{"cn":"Шубин Инвест","ui":"7843771","t":6725353.0,"r":6725353.0,"q":1.0,"p":10.0,"mot":"U","mo":6725353.0},{"cn":"Шубин Инвест","ui":"7840684","t":8582704.0,"r":8578704.0,"q":1.0,"p":10.0,"mot":"U","mo":8578704.0},{"cn":"FGDF","ui":"7836709","t":1.5952624E7,"r":1.5952623E7,"q":1.0,"p":79.0,"mot":"U","mo":1.5952623E7},{"cn":"Шубин Инвест","ui":"7847063","t":5422118.0,"r":5422118.0,"q":1.0,"p":10.0,"mot":"U","mo":5422118.0},{"cn":"Шубин Инвест","ui":"7843183","t":6708167.0,"r":6708167.0,"q":1.0,"p":10.0,"mot":"U","mo":6708167.0},{"cn":"","ui":"","t":3845422.0,"r":3813776.0,"q":1.05,"p":58.41,"mot":"L","mo":3813776.0}]},{"d":"01.02.2019","r":3.11215283E8,"q":1.21,"p":8.51,"s":[{"cn":"Виктория","ui":"7861864","t":3.7453945E7,"r":3.7453945E7,"q":1.0,"p":10.0,"mot":"U","mo":3.7453945E7},{"cn":"Виктория","ui":"7849432","t":6.2007944E7,"r":6.2007944E7,"q":1.0,"p":10.0,"mot":"U","mo":6.2007944E7},{"cn":"Криптографические галлюцинации","ui":"7842192","t":1.62178244E8,"r":1.62157244E8,"q":1.0,"p":5.55,"mot":"U","mo":1.62157244E8},{"cn":"","ui":"","t":1.60468112E8,"r":4.959615E7,"q":2.32,"p":15.22,"mot":"L","mo":4.959615E7}]},{"d":"04.02.2019","r":3.20491647E8,"q":1.23,"p":5.62,"s":[{"cn":"Виктория","ui":"7861864","t":3.8678055E7,"r":3.8678055E7,"q":1.0,"p":1.0,"mot":"U","mo":3.8678055E7},{"cn":"Виктория","ui":"7849432","t":6.3530614E7,"r":6.3530614E7,"q":1.0,"p":1.0,"mot":"U","mo":6.3530614E7},{"cn":"Криптографические галлюцинации","ui":"7842192","t":1.65741956E8,"r":1.65720956E8,"q":1.0,"p":5.55,"mot":"U","mo":1.65720956E8},{"cn":"","ui":"","t":1.68498252E8,"r":5.2562022E7,"q":2.43,"p":14.82,"mot":"L","mo":5.2562022E7}]},{"d":"05.02.2019","r":3.23795894E8,"q":1.24,"p":5.64,"s":[{"cn":"Виктория","ui":"7861864","t":3.9084775E7,"r":3.9084775E7,"q":1.0,"p":1.0,"mot":"U","mo":3.9084775E7},{"cn":"Виктория","ui":"7849432","t":6.4036534E7,"r":6.4036534E7,"q":1.0,"p":1.0,"mot":"U","mo":6.4036534E7},{"cn":"Криптографические галлюцинации","ui":"7842192","t":1.66977636E8,"r":1.66953326E8,"q":1.0,"p":5.55,"mot":"U","mo":1.66953326E8},{"cn":"","ui":"","t":1.71330097E8,"r":5.3721259E7,"q":2.43,"p":14.85,"mot":"L","mo":5.3721259E7}]},{"d":"06.02.2019","r":3.26022137E8,"q":1.22,"p":4.37,"s":[{"cn":"Виктория","ui":"7861864","t":3.9490845E7,"r":3.9490845E7,"q":1.0,"p":1.0,"mot":"U","mo":3.9490845E7},{"cn":"Виктория","ui":"7849432","t":6.4541644E7,"r":6.4541644E7,"q":1.0,"p":1.0,"mot":"U","mo":6.4541644E7},{"cn":"Криптографические галлюцинации","ui":"7842192","t":1.68211296E8,"r":1.68186986E8,"q":1.0,"p":5.55,"mot":"U","mo":1.68186986E8},{"cn":"","ui":"","t":1.73081271E8,"r":5.3802662E7,"q":2.32,"p":7.19,"mot":"L","mo":5.3802662E7}]},{"d":"07.02.2019","r":3.29353008E8,"q":1.22,"p":4.32,"s":[{"cn":"Виктория","ui":"7861864","t":3.9896255E7,"r":3.9896255E7,"q":1.0,"p":1.0,"mot":"U","mo":3.9896255E7},{"cn":"Виктория","ui":"7849432","t":6.5045934E7,"r":6.5045934E7,"q":1.0,"p":1.0,"mot":"U","mo":6.5045934E7},{"cn":"Криптографические галлюцинации","ui":"7842192","t":1.69465246E8,"r":1.69463246E8,"q":1.0,"p":5.55,"mot":"U","mo":1.69463246E8},{"cn":"","ui":"","t":1.75892919E8,"r":5.4947573E7,"q":2.33,"p":6.84,"mot":"L","mo":5.4947573E7}]},{"d":"08.02.2019","r":3.86195494E8,"q":1.16,"p":16.54,"s":[{"cn":"FGDF","ui":"7837351","t":2.2202079E7,"r":2.2202079E7,"q":1.0,"p":79.0,"mot":"U","mo":2.2202079E7},{"cn":"Виктория","ui":"7861864","t":4.0300912E7,"r":4.0300912E7,"q":1.0,"p":1.0,"mot":"U","mo":4.0300912E7},{"cn":"Виктория","ui":"7849432","t":6.5549286E7,"r":6.5549286E7,"q":1.0,"p":1.0,"mot":"U","mo":6.5549286E7},{"cn":"Криптографические галлюцинации","ui":"7842192","t":1.70717176E8,"r":1.70715176E8,"q":1.0,"p":5.55,"mot":"U","mo":1.70715176E8},{"cn":"FGDF","ui":"7836709","t":2.2217019E7,"r":2.2217019E7,"q":1.0,"p":79.0,"mot":"U","mo":2.2217019E7},{"cn":"","ui":"","t":1.90774391E8,"r":6.5211022E7,"q":1.98,"p":27.98,"mot":"L","mo":6.5211022E7}]}]