[{"d":"20.08.2018","r":1000.0,"q":1.0,"p":200000.0,"s":[{"cn":"Nitro Technology","ui":"7843475","t":1000.0,"r":1000.0,"q":1.0,"p":200000.0,"mot":"U","mo":1000.0},{"cn":"","ui":"","t":0.0,"r":0.0,"q":0.0,"p":0.0,"mot":"L","mo":0.0}]},{"d":"22.08.2018","r":1940.0,"q":1.0,"p":120000.0,"s":[{"cn":"Nitro Technology","ui":"7844079","t":1940.0,"r":1940.0,"q":1.0,"p":120000.0,"mot":"U","mo":1940.0},{"cn":"","ui":"","t":0.0,"r":0.0,"q":0.0,"p":0.0,"mot":"L","mo":0.0}]},{"d":"23.08.2018","r":3505.0,"q":1.0,"p":111797.43,"s":[{"cn":"LoMaX","ui":"7828705","t":625.0,"r":625.0,"q":1.0,"p":74000.0,"mot":"U","mo":625.0},{"cn":"Nitro Technology","ui":"7844079","t":2880.0,"r":2880.0,"q":1.0,"p":120000.0,"mot":"U","mo":2880.0},{"cn":"","ui":"","t":0.0,"r":0.0,"q":0.0,"p":0.0,"mot":"L","mo":0.0}]},{"d":"24.08.2018","r":12645.0,"q":1.0,"p":104168.76,"s":[{"cn":"LoMaX","ui":"7828705","t":911.0,"r":911.0,"q":1.0,"p":74000.0,"mot":"U","mo":911.0},{"cn":"Nitro Technology","ui":"7844079","t":3820.0,"r":3820.0,"q":1.0,"p":120000.0,"mot":"U","mo":3820.0},{"cn":"Umbrella Corp.","ui":"7836986","t":7914.0,"r":7914.0,"q":1.0,"p":100000.0,"mot":"U","mo":7914.0},{"cn":"","ui":"","t":0.0,"r":0.0,"q":0.0,"p":0.0,"mot":"L","mo":0.0}]},{"d":"27.08.2018","r":21673.0,"q":1.0,"p":22637.84,"s":[{"cn":"Nitro Technology","ui":"7844079","t":4565.0,"r":4565.0,"q":1.0,"p":70000.0,"mot":"U","mo":4565.0},{"cn":"Umbrella Corp.","ui":"7836986","t":17563.0,"r":17108.0,"q":1.0,"p":10000.0,"mot":"U","mo":17108.0},{"cn":"","ui":"","t":0.0,"r":0.0,"q":0.0,"p":0.0,"mot":"L","mo":0.0}]},{"d":"28.08.2018","r":49514.0,"q":1.27,"p":23273.42,"s":[{"cn":"АО «Monkk»","ui":"7832804","t":32861.0,"r":32861.0,"q":1.4,"p":30000.0,"mot":"U","mo":32861.0},{"cn":"Umbrella Corp.","ui":"7836986","t":17108.0,"r":16653.0,"q":1.0,"p":10000.0,"mot":"U","mo":16653.0},{"cn":"","ui":"","t":0.0,"r":0.0,"q":0.0,"p":0.0,"mot":"L","mo":0.0}]},{"d":"29.08.2018","r":59487.0,"q":1.26,"p":25403.03,"s":[{"cn":"АО «Monkk»","ui":"7832804","t":33544.0,"r":32107.0,"q":1.43,"p":30000.0,"mot":"U","mo":32107.0},{"cn":"Nitro Technology","ui":"7844079","t":4569.0,"r":4569.0,"q":1.0,"p":70000.0,"mot":"U","mo":4569.0},{"cn":"Umbrella Corp.","ui":"7836986","t":35585.0,"r":22811.0,"q":1.08,"p":10000.0,"mot":"U","mo":22811.0},{"cn":"","ui":"","t":0.0,"r":0.0,"q":0.0,"p":0.0,"mot":"L","mo":0.0}]},{"d":"30.08.2018","r":60717.0,"q":1.28,"p":25343.31,"s":[{"cn":"АО «Monkk»","ui":"7832804","t":34123.0,"r":32687.0,"q":1.47,"p":30000.0,"mot":"U","mo":32687.0},{"cn":"Nitro Technology","ui":"7844079","t":4631.0,"r":4631.0,"q":1.01,"p":70000.0,"mot":"U","mo":4631.0},{"cn":"Umbrella Corp.","ui":"7836986","t":33803.0,"r":23399.0,"q":1.08,"p":10000.0,"mot":"U","mo":23399.0},{"cn":"","ui":"","t":0.0,"r":0.0,"q":0.0,"p":0.0,"mot":"L","mo":0.0}]},{"d":"31.08.2018","r":50894.0,"q":1.35,"p":28605.34,"s":[{"cn":"АО «Monkk»","ui":"7832804","t":34702.0,"r":33266.0,"q":1.5,"p":30000.0,"mot":"U","mo":33266.0},{"cn":"Nitro Technology","ui":"7844079","t":4693.0,"r":4693.0,"q":1.03,"p":70000.0,"mot":"U","mo":4693.0},{"cn":"Umbrella Corp.","ui":"7836986","t":23399.0,"r":12935.0,"q":1.08,"p":10000.0,"mot":"U","mo":12935.0},{"cn":"","ui":"","t":0.0,"r":0.0,"q":0.0,"p":0.0,"mot":"L","mo":0.0}]},{"d":"03.09.2018","r":35645.0,"q":1.49,"p":36294.21,"s":[{"cn":"АО «Monkk»","ui":"7832804","t":32444.0,"r":29688.0,"q":1.56,"p":30000.0,"mot":"U","mo":29688.0},{"cn":"Nitro Technology","ui":"7844079","t":5736.0,"r":5736.0,"q":1.12,"p":70000.0,"mot":"U","mo":5736.0},{"cn":"","ui":"","t":721.0,"r":221.0,"q":1.57,"p":7000.0,"mot":"L","mo":221.0}]},{"d":"04.09.2018","r":35438.0,"q":1.5,"p":38296.18,"s":[{"cn":"АО «Monkk»","ui":"7832804","t":30504.0,"r":28088.0,"q":1.56,"p":30000.0,"mot":"U","mo":28088.0},{"cn":"Nitro Technology","ui":"7844079","t":7350.0,"r":7350.0,"q":1.29,"p":70000.0,"mot":"U","mo":7350.0},{"cn":"","ui":"","t":0.0,"r":0.0,"q":0.0,"p":0.0,"mot":"L","mo":0.0}]},{"d":"05.09.2018","r":38469.0,"q":1.66,"p":40824.04,"s":[{"cn":"АО «Monkk»","ui":"7832804","t":27138.0,"r":23722.0,"q":1.56,"p":30000.0,"mot":"U","mo":23722.0},{"cn":"Манарх Инвест","ui":"7849197","t":5783.0,"r":5783.0,"q":2.46,"p":40000.0,"mot":"U","mo":5783.0},{"cn":"Nitro Technology","ui":"7844079","t":8964.0,"r":8964.0,"q":1.4,"p":70000.0,"mot":"U","mo":8964.0},{"cn":"","ui":"","t":0.0,"r":0.0,"q":0.0,"p":0.0,"mot":"L","mo":0.0}]},{"d":"06.09.2018","r":45613.0,"q":1.77,"p":41222.02,"s":[{"cn":"АО «Monkk»","ui":"7832804","t":25967.0,"r":24138.0,"q":1.57,"p":30000.0,"mot":"U","mo":24138.0},{"cn":"Манарх Инвест","ui":"7849197","t":11571.0,"r":11571.0,"q":2.46,"p":40000.0,"mot":"U","mo":11571.0},{"cn":"Nitro Technology","ui":"7844079","t":9904.0,"r":9904.0,"q":1.44,"p":70000.0,"mot":"U","mo":9904.0},{"cn":"","ui":"","t":0.0,"r":0.0,"q":0.0,"p":0.0,"mot":"L","mo":0.0}]},{"d":"07.09.2018","r":50660.0,"q":1.86,"p":41573.23,"s":[{"cn":"АО «Monkk»","ui":"7832804","t":24786.0,"r":23062.0,"q":1.58,"p":30000.0,"mot":"U","mo":23062.0},{"cn":"Манарх Инвест","ui":"7849197","t":17359.0,"r":17254.0,"q":2.46,"p":40000.0,"mot":"U","mo":17254.0},{"cn":"Nitro Technology","ui":"7844079","t":10344.0,"r":10344.0,"q":1.46,"p":70000.0,"mot":"U","mo":10344.0},{"cn":"","ui":"","t":0.0,"r":0.0,"q":0.0,"p":0.0,"mot":"L","mo":0.0}]},{"d":"10.09.2018","r":95593.0,"q":2.13,"p":27512.61,"s":[{"cn":"АО «Monkk»","ui":"7832804","t":21186.0,"r":19432.0,"q":1.61,"p":30000.0,"mot":"U","mo":19432.0},{"cn":"Манарх Инвест","ui":"7849197","t":34279.0,"r":34174.0,"q":2.46,"p":19900.0,"mot":"U","mo":34174.0},{"cn":"Nitro Technology","ui":"7844079","t":11595.0,"r":11595.0,"q":1.53,"p":70000.0,"mot":"U","mo":11595.0},{"cn":"Aurum corp.","ui":"7849508","t":27892.0,"r":26892.0,"q":2.46,"p":20000.0,"mot":"U","mo":26892.0},{"cn":"","ui":"","t":3500.0,"r":3500.0,"q":1.13,"p":5000.0,"mot":"L","mo":3500.0}]},{"d":"12.09.2018","r":103140.0,"q":2.23,"p":22195.15,"s":[{"cn":"АО «Monkk»","ui":"7832804","t":17811.0,"r":15572.0,"q":1.64,"p":30000.0,"mot":"U","mo":15572.0},{"cn":"Манарх Инвест","ui":"7849197","t":41909.0,"r":38865.0,"q":2.46,"p":19900.0,"mot":"U","mo":38865.0},{"cn":"Nitro Technology","ui":"7844079","t":12429.0,"r":12429.0,"q":1.56,"p":26000.0,"mot":"U","mo":12429.0},{"cn":"Aurum corp.","ui":"7849508","t":37274.0,"r":36274.0,"q":2.46,"p":20000.0,"mot":"U","mo":36274.0},{"cn":"","ui":"","t":0.0,"r":0.0,"q":0.0,"p":0.0,"mot":"L","mo":0.0}]},{"d":"13.09.2018","r":106766.0,"q":2.27,"p":21861.02,"s":[{"cn":"АО «Monkk»","ui":"7832804","t":16038.0,"r":14377.0,"q":1.66,"p":30000.0,"mot":"U","mo":14377.0},{"cn":"Манарх Инвест","ui":"7849197","t":44575.0,"r":41528.0,"q":2.46,"p":19900.0,"mot":"U","mo":41528.0},{"cn":"Nitro Technology","ui":"7844079","t":9846.0,"r":9846.0,"q":1.58,"p":26000.0,"mot":"U","mo":9846.0},{"cn":"Aurum corp.","ui":"7849508","t":42015.0,"r":41015.0,"q":2.46,"p":20000.0,"mot":"U","mo":41015.0},{"cn":"","ui":"","t":0.0,"r":0.0,"q":0.0,"p":0.0,"mot":"L","mo":0.0}]},{"d":"14.09.2018","r":113420.0,"q":2.3,"p":19627.15,"s":[{"cn":"АО «Monkk»","ui":"7832804","t":15381.0,"r":14620.0,"q":1.67,"p":30000.0,"mot":"U","mo":14620.0},{"cn":"Манарх Инвест","ui":"7849197","t":47208.0,"r":43849.0,"q":2.46,"p":19900.0,"mot":"U","mo":43849.0},{"cn":"Nitro Technology","ui":"7844079","t":8241.0,"r":8241.0,"q":1.6,"p":26000.0,"mot":"U","mo":8241.0},{"cn":"Aurum corp.","ui":"7849508","t":46733.0,"r":45733.0,"q":2.46,"p":15000.0,"mot":"U","mo":45733.0},{"cn":"","ui":"","t":1157.0,"r":977.0,"q":2.46,"p":15000.0,"mot":"L","mo":977.0}]},{"d":"17.09.2018","r":126141.0,"q":2.31,"p":19133.27,"s":[{"cn":"АО «Monkk»","ui":"7832804","t":15603.0,"r":15502.0,"q":1.7,"p":24000.0,"mot":"U","mo":15502.0},{"cn":"Манарх Инвест","ui":"7849197","t":57943.0,"r":57443.0,"q":2.46,"p":19900.0,"mot":"U","mo":57443.0},{"cn":"Nitro Technology","ui":"7844079","t":9126.0,"r":9126.0,"q":1.66,"p":26000.0,"mot":"U","mo":9126.0},{"cn":"Aurum corp.","ui":"7849508","t":54034.0,"r":44002.0,"q":2.46,"p":15000.0,"mot":"U","mo":44002.0},{"cn":"","ui":"","t":2168.0,"r":68.0,"q":2.46,"p":15000.0,"mot":"L","mo":68.0}]},{"d":"18.09.2018","r":126244.0,"q":2.31,"p":19371.77,"s":[{"cn":"АО «Monkk»","ui":"7832804","t":15647.0,"r":15546.0,"q":1.71,"p":24000.0,"mot":"U","mo":15546.0},{"cn":"Манарх Инвест","ui":"7849197","t":63207.0,"r":62707.0,"q":2.46,"p":19900.0,"mot":"U","mo":62707.0},{"cn":"Aurum corp.","ui":"7849508","t":49682.0,"r":38470.0,"q":2.46,"p":15000.0,"mot":"U","mo":38470.0},{"cn":"Nitro Technology","ui":"7844079","t":9521.0,"r":9521.0,"q":1.68,"p":26000.0,"mot":"U","mo":9521.0},{"cn":"","ui":"","t":0.0,"r":0.0,"q":0.0,"p":0.0,"mot":"L","mo":0.0}]},{"d":"19.09.2018","r":125757.0,"q":2.31,"p":19631.5,"s":[{"cn":"АО «Monkk»","ui":"7832804","t":15691.0,"r":15590.0,"q":1.71,"p":24000.0,"mot":"U","mo":15590.0},{"cn":"Манарх Инвест","ui":"7849197","t":68471.0,"r":67971.0,"q":2.46,"p":19900.0,"mot":"U","mo":67971.0},{"cn":"Nitro Technology","ui":"7844079","t":9916.0,"r":9916.0,"q":1.69,"p":26000.0,"mot":"U","mo":9916.0},{"cn":"Aurum corp.","ui":"7849508","t":44145.0,"r":32280.0,"q":2.46,"p":15000.0,"mot":"U","mo":32280.0},{"cn":"","ui":"","t":0.0,"r":0.0,"q":0.0,"p":0.0,"mot":"L","mo":0.0}]},{"d":"20.09.2018","r":118760.0,"q":2.3,"p":16524.25,"s":[{"cn":"АО «Monkk»","ui":"7832804","t":15735.0,"r":15634.0,"q":1.72,"p":24000.0,"mot":"U","mo":15634.0},{"cn":"Манарх Инвест","ui":"7849197","t":73667.0,"r":73107.0,"q":2.46,"p":14000.0,"mot":"U","mo":73107.0},{"cn":"Aurum corp.","ui":"7849508","t":38046.0,"r":19708.0,"q":2.46,"p":15000.0,"mot":"U","mo":19708.0},{"cn":"Nitro Technology","ui":"7844079","t":10311.0,"r":10311.0,"q":1.7,"p":26000.0,"mot":"U","mo":10311.0},{"cn":"","ui":"","t":0.0,"r":0.0,"q":0.0,"p":0.0,"mot":"L","mo":0.0}]},{"d":"21.09.2018","r":111581.0,"q":2.29,"p":16608.61,"s":[{"cn":"АО «Monkk»","ui":"7832804","t":15655.0,"r":15554.0,"q":1.72,"p":24000.0,"mot":"U","mo":15554.0},{"cn":"Манарх Инвест","ui":"7849197","t":78895.0,"r":78020.0,"q":2.46,"p":14000.0,"mot":"U","mo":78020.0},{"cn":"Aurum corp.","ui":"7849508","t":25349.0,"r":7323.0,"q":2.45,"p":15000.0,"mot":"U","mo":7323.0},{"cn":"Nitro Technology","ui":"7844079","t":10684.0,"r":10684.0,"q":1.72,"p":26000.0,"mot":"U","mo":10684.0},{"cn":"","ui":"","t":0.0,"r":0.0,"q":0.0,"p":0.0,"mot":"L","mo":0.0}]},{"d":"24.09.2018","r":98689.0,"q":2.26,"p":16980.53,"s":[{"cn":"АО «Monkk»","ui":"7832804","t":15352.0,"r":15251.0,"q":1.72,"p":24000.0,"mot":"U","mo":15251.0},{"cn":"Манарх Инвест","ui":"7849197","t":80410.0,"r":71635.0,"q":2.46,"p":14000.0,"mot":"U","mo":71635.0},{"cn":"Nitro Technology","ui":"7844079","t":11803.0,"r":11803.0,"q":1.75,"p":26000.0,"mot":"U","mo":11803.0},{"cn":"","ui":"","t":0.0,"r":0.0,"q":0.0,"p":0.0,"mot":"L","mo":0.0}]},{"d":"25.09.2018","r":152215.0,"q":2.32,"p":15598.86,"s":[{"cn":"АО «Monkk»","ui":"7832804","t":15251.0,"r":15150.0,"q":1.72,"p":24000.0,"mot":"U","mo":15150.0},{"cn":"Shark\u0026Co","ui":"7831579","t":63615.0,"r":58615.0,"q":2.4,"p":13000.0,"mot":"U","mo":58615.0},{"cn":"Манарх Инвест","ui":"7849197","t":75287.0,"r":61900.0,"q":2.46,"p":14000.0,"mot":"U","mo":61900.0},{"cn":"Nitro Technology","ui":"7844079","t":12176.0,"r":12176.0,"q":1.76,"p":26000.0,"mot":"U","mo":12176.0},{"cn":"","ui":"","t":8264.0,"r":4374.0,"q":2.85,"p":15000.0,"mot":"L","mo":4374.0}]},{"d":"26.09.2018","r":142340.0,"q":2.33,"p":15784.46,"s":[{"cn":"АО «Monkk»","ui":"7832804","t":15150.0,"r":15049.0,"q":1.72,"p":24000.0,"mot":"U","mo":15049.0},{"cn":"Shark\u0026Co","ui":"7831579","t":58615.0,"r":53615.0,"q":2.4,"p":13000.0,"mot":"U","mo":53615.0},{"cn":"Манарх Инвест","ui":"7849197","t":67977.0,"r":54590.0,"q":2.49,"p":14000.0,"mot":"U","mo":54590.0},{"cn":"Nitro Technology","ui":"7844079","t":12549.0,"r":12549.0,"q":1.76,"p":26000.0,"mot":"U","mo":12549.0},{"cn":"","ui":"","t":10427.0,"r":6537.0,"q":2.85,"p":15000.0,"mot":"L","mo":6537.0}]},{"d":"28.09.2018","r":131400.0,"q":2.34,"p":16023.68,"s":[{"cn":"АО «Monkk»","ui":"7832804","t":15049.0,"r":14948.0,"q":1.72,"p":24000.0,"mot":"U","mo":14948.0},{"cn":"Shark\u0026Co","ui":"7831579","t":52555.0,"r":47255.0,"q":2.4,"p":13000.0,"mot":"U","mo":47255.0},{"cn":"Манарх Инвест","ui":"7849197","t":60727.0,"r":47400.0,"q":2.53,"p":14000.0,"mot":"U","mo":47400.0},{"cn":"Nitro Technology","ui":"7844079","t":12899.0,"r":12899.0,"q":1.77,"p":26000.0,"mot":"U","mo":12899.0},{"cn":"Aurum corp.","ui":"7849508","t":12590.0,"r":8700.0,"q":2.85,"p":15000.0,"mot":"U","mo":8700.0},{"cn":"","ui":"","t":198.0,"r":198.0,"q":1.98,"p":15000.0,"mot":"L","mo":198.0}]},{"d":"01.02.2019","r":960155.0,"q":3.02,"p":2462.33,"s":[{"cn":"Nitro Technology","ui":"7882032","t":772464.0,"r":741034.0,"q":2.82,"p":2300.0,"mot":"U","mo":741034.0},{"cn":"АО «Monkk»","ui":"7832804","t":71809.0,"r":59201.0,"q":4.17,"p":2100.0,"mot":"U","mo":59201.0},{"cn":"BuNKeR Corp","ui":"7897839","t":52179.0,"r":52179.0,"q":4.17,"p":4000.0,"mot":"U","mo":52179.0},{"cn":"","ui":"","t":3098223.0,"r":107741.0,"q":3.22,"p":3033.22,"mot":"L","mo":107741.0}]},{"d":"04.02.2019","r":858049.0,"q":3.01,"p":2331.38,"s":[{"cn":"Nitro Technology","ui":"7882032","t":678174.0,"r":646744.0,"q":2.82,"p":2300.0,"mot":"U","mo":646744.0},{"cn":"Хоттабыч","ui":"7899367","t":70000.0,"r":67707.0,"q":4.01,"p":1500.0,"mot":"U","mo":67707.0},{"cn":"Манарх Инвест","ui":"7888483","t":81126.0,"r":53140.0,"q":3.82,"p":3000.0,"mot":"U","mo":53140.0},{"cn":"","ui":"","t":3137482.0,"r":90458.0,"q":3.18,"p":2785.19,"mot":"L","mo":90458.0}]},{"d":"05.02.2019","r":846217.0,"q":3.08,"p":2365.14,"s":[{"cn":"Nitro Technology","ui":"7882032","t":646744.0,"r":615314.0,"q":2.82,"p":2300.0,"mot":"U","mo":615314.0},{"cn":"АО «Monkk»","ui":"7832804","t":57965.0,"r":47964.0,"q":4.17,"p":2100.0,"mot":"U","mo":47964.0},{"cn":"Хоттабыч","ui":"7899367","t":70000.0,"r":69507.0,"q":4.03,"p":1500.0,"mot":"U","mo":69507.0},{"cn":"Манарх Инвест","ui":"7888483","t":90017.0,"r":68716.0,"q":3.97,"p":3000.0,"mot":"U","mo":68716.0},{"cn":"","ui":"","t":3059787.0,"r":44716.0,"q":2.69,"p":3915.01,"mot":"L","mo":44716.0}]},{"d":"06.02.2019","r":924909.0,"q":3.21,"p":2306.57,"s":[{"cn":"Nitro Technology","ui":"7882032","t":615314.0,"r":583884.0,"q":2.82,"p":2300.0,"mot":"U","mo":583884.0},{"cn":"АО «Monkk»","ui":"7832804","t":78269.0,"r":68268.0,"q":4.17,"p":2100.0,"mot":"U","mo":68268.0},{"cn":"Хоттабыч","ui":"7899367","t":139507.0,"r":139014.0,"q":4.04,"p":1500.0,"mot":"U","mo":139014.0},{"cn":"Манарх Инвест","ui":"7888483","t":105534.0,"r":84233.0,"q":4.04,"p":3000.0,"mot":"U","mo":84233.0},{"cn":"","ui":"","t":3087978.0,"r":49510.0,"q":2.68,"p":3753.88,"mot":"L","mo":49510.0}]},{"d":"07.02.2019","r":1026804.0,"q":3.33,"p":2252.48,"s":[{"cn":"Nitro Technology","ui":"7882032","t":583884.0,"r":552454.0,"q":2.82,"p":2300.0,"mot":"U","mo":552454.0},{"cn":"АО «Monkk»","ui":"7832804","t":98469.0,"r":86468.0,"q":4.17,"p":2100.0,"mot":"U","mo":86468.0},{"cn":"Хоттабыч","ui":"7899367","t":203814.0,"r":203321.0,"q":4.05,"p":1500.0,"mot":"U","mo":203321.0},{"cn":"Манарх Инвест","ui":"7888483","t":120992.0,"r":99691.0,"q":4.08,"p":3000.0,"mot":"U","mo":99691.0},{"cn":"","ui":"","t":3153454.0,"r":84870.0,"q":3.22,"p":3023.18,"mot":"L","mo":84870.0}]},{"d":"08.02.2019","r":997856.0,"q":3.35,"p":2288.05,"s":[{"cn":"Nitro Technology","ui":"7882032","t":552454.0,"r":521024.0,"q":2.82,"p":2300.0,"mot":"U","mo":521024.0},{"cn":"АО «Monkk»","ui":"7832804","t":117274.0,"r":105173.0,"q":4.17,"p":2100.0,"mot":"U","mo":105173.0},{"cn":"Хоттабыч","ui":"7899367","t":223321.0,"r":166829.0,"q":4.06,"p":1500.0,"mot":"U","mo":166829.0},{"cn":"Манарх Инвест","ui":"7888483","t":136390.0,"r":115089.0,"q":4.1,"p":3000.0,"mot":"U","mo":115089.0},{"cn":"","ui":"","t":3186970.0,"r":89741.0,"q":3.19,"p":2991.05,"mot":"L","mo":89741.0}]}]