[{"pi":"422203","pc":"Одежда и обувь","ss":100000,"td":"Центр города","dc":5,"n":252.31,"vc":"36490","sl":"Элитный","sv":"7000","p":1754.0,"q":67.61,"b":1.9,"ms":10.16,"wi":43.25,"ei":8.96,"as":259.04,"mi":"E","mv":68923,"sc":1,"lpe":89.84,"lpr":1405.16,"lq":2.27,"d":2463436},{"pi":"422203","pc":"Одежда и обувь","ss":100000,"td":"Центр города","dc":4,"n":301.71,"vc":"46555","sl":"Элитный","sv":"100","p":2000.0,"q":67.61,"b":0.0,"ms":0.28,"wi":55.12,"ei":8.36,"as":411.86,"mi":"E","mv":35712,"sc":1,"lpe":99.72,"lpr":2567.26,"lq":1.0,"d":1271530},{"pi":"422203","pc":"Одежда и обувь","ss":100,"td":"Спальный район","dc":1,"n":49.75,"vc":"53","sl":"Нормальный","sv":"3","p":1504.052,"q":1.05,"b":0.0,"ms":0.02,"wi":28.13,"ei":8.57,"as":218.31,"mi":"E","mv":14533,"sc":1,"lpe":99.98,"lpr":1364.63,"lq":1.0,"d":449800},{"pi":"422203","pc":"Одежда и обувь","ss":100000,"td":"Центр города","dc":2,"n":256.77,"vc":"37055","sl":"Элитный","sv":"6000","p":400.0,"q":67.61,"b":0.0,"ms":12.87,"wi":20.8,"ei":5.48,"as":312.49,"mi":"E","mv":46610,"sc":1,"lpe":87.13,"lpr":355.76,"lq":1.02,"d":2277026},{"pi":"422203","pc":"Одежда и обувь","ss":100,"td":"Спальный район","dc":1,"n":49.88,"vc":"68","sl":"Нормальный","sv":"3","p":2784.276,"q":1.05,"b":0.0,"ms":0.02,"wi":45.39,"ei":9.83,"as":407.82,"mi":"E","mv":13236,"sc":1,"lpe":99.98,"lpr":2530.66,"lq":1.0,"d":956846},{"pi":"422203","pc":"Одежда и обувь","ss":10000,"td":"Центр города","dc":2,"n":185.67,"vc":"4858","sl":"Элитный","sv":"2799","p":6599.0,"q":30.24,"b":0.0,"ms":2.01,"wi":66.51,"ei":8.76,"as":347.78,"mi":"E","mv":138952,"sc":1,"lpe":97.99,"lpr":1926.9,"lq":1.0,"d":1784134},{"pi":"422203","pc":"Одежда и обувь","ss":100,"td":"Спальный район","dc":1,"n":49.88,"vc":"35","sl":"Высокий","sv":"4","p":2314.345,"q":1.05,"b":0.0,"ms":0.06,"wi":29.41,"ei":8.73,"as":368.21,"mi":"E","mv":6282,"sc":1,"lpe":99.94,"lpr":2103.95,"lq":1.0,"d":177578},{"pi":"422203","pc":"Одежда и обувь","ss":100,"td":"Спальный район","dc":1,"n":49.88,"vc":"72","sl":"Нормальный","sv":"8","p":741.554,"q":1.05,"b":0.0,"ms":0.1,"wi":8.37,"ei":7.21,"as":65.08,"mi":"E","mv":7888,"sc":1,"lpe":99.9,"lpr":667.4,"lq":1.0,"d":1143828},{"pi":"422203","pc":"Одежда и обувь","ss":10000,"td":"Центр города","dc":2,"n":318.7,"vc":"9824","sl":"Элитный","sv":"2000","p":5000.0,"q":67.61,"b":0.0,"ms":10.64,"wi":88.65,"ei":9.17,"as":926.04,"mi":"E","mv":18790,"sc":2,"lpe":88.71,"lpr":4966.7,"lq":8.19,"d":802320},{"pi":"422203","pc":"Одежда и обувь","ss":1800,"td":"Центр города","dc":6,"n":313.06,"vc":"4869","sl":"Низкий","sv":"121","p":1275.29,"q":1.0,"b":0.0,"ms":0.64,"wi":88.65,"ei":9.17,"as":926.04,"mi":"E","mv":18790,"sc":2,"lpe":88.71,"lpr":4966.7,"lq":8.19,"d":802320},{"pi":"422203","pc":"Одежда и обувь","ss":1600,"td":"Центр города","dc":7,"n":156.86,"vc":"2898","sl":"Низкий","sv":"800","p":9100.91,"q":8.1,"b":0.0,"ms":5.19,"wi":112.2,"ei":10.46,"as":1478.26,"mi":"E","mv":15412,"sc":2,"lpe":93.2,"lpr":9139.01,"lq":1.0,"d":1132390},{"pi":"422203","pc":"Одежда и обувь","ss":300,"td":"Фешенебельный район","dc":3,"n":148.79,"vc":"116","sl":"Очень высокий","sv":"248","p":9100.0,"q":5.0,"b":0.0,"ms":1.61,"wi":112.2,"ei":10.46,"as":1478.26,"mi":"E","mv":15412,"sc":2,"lpe":93.2,"lpr":9139.01,"lq":1.0,"d":1132390},{"pi":"422203","pc":"Одежда и обувь","ss":100000,"td":"Центр города","dc":5,"n":282.69,"vc":"40637","sl":"Элитный","sv":"7000","p":700.0,"q":67.61,"b":1.9,"ms":9.48,"wi":36.6,"ei":8.31,"as":211.85,"mi":"E","mv":73847,"sc":1,"lpe":90.52,"lpr":1176.02,"lq":1.0,"d":1453950},{"pi":"422203","pc":"Одежда и обувь","ss":300000,"td":"Центр города","dc":7,"n":368.57,"vc":"375303","sl":"Очень высокий","sv":"30000","p":2000.0,"q":67.61,"b":1.9,"ms":11.24,"wi":50.66,"ei":10.64,"as":327.0,"mi":"E","mv":266870,"sc":1,"lpe":88.76,"lpr":1814.61,"lq":3.04,"d":7537390},{"pi":"422203","pc":"Одежда и обувь","ss":100000,"td":"Центр города","dc":3,"n":258.06,"vc":"37215","sl":"Элитный","sv":"10000","p":700.0,"q":67.61,"b":1.9,"ms":8.4,"wi":39.13,"ei":9.11,"as":204.86,"mi":"E","mv":118993,"sc":1,"lpe":91.6,"lpr":1137.24,"lq":1.0,"d":2224560},{"pi":"422203","pc":"Одежда и обувь","ss":1500,"td":"Центр города","dc":6,"n":371.1,"vc":"5733","sl":"Очень низкий","sv":"400","p":5000.0,"q":8.1,"b":0.0,"ms":4.32,"wi":61.68,"ei":8.89,"as":806.78,"mi":"E","mv":9253,"sc":1,"lpe":95.68,"lpr":5011.27,"lq":1.0,"d":659952},{"pi":"422203","pc":"Одежда и обувь","ss":100,"td":"Спальный район","dc":1,"n":49.75,"vc":"60","sl":"Нормальный","sv":"1","p":751.982,"q":1.05,"b":0.0,"ms":0.0,"wi":14.99,"ei":5.39,"as":86.5,"mi":"E","mv":22337,"sc":1,"lpe":100.0,"lpr":675.09,"lq":1.0,"d":644791},{"pi":"422203","pc":"Одежда и обувь","ss":100,"td":"Спальный район","dc":1,"n":49.88,"vc":"33","sl":"Очень высокий","sv":"1","p":3646.874,"q":1.05,"b":0.0,"ms":0.03,"wi":39.63,"ei":13.85,"as":567.61,"mi":"E","mv":3858,"sc":1,"lpe":99.97,"lpr":3315.34,"lq":1.0,"d":116650},{"pi":"422203","pc":"Одежда и обувь","ss":10000,"td":"Центр города","dc":2,"n":353.77,"vc":"10476","sl":"Элитный","sv":"400","p":2809.82,"q":67.61,"b":3.41,"ms":9.56,"wi":36.86,"ei":7.25,"as":403.14,"mi":"E","mv":4186,"sc":1,"lpe":90.44,"lpr":2233.8,"lq":1.0,"d":459396},{"pi":"422203","pc":"Одежда и обувь","ss":10000,"td":"Центр города","dc":2,"n":311.12,"vc":"5535","sl":"Элитный","sv":"3000","p":1199.0,"q":30.24,"b":0.0,"ms":7.48,"wi":24.79,"ei":5.22,"as":302.26,"mi":"E","mv":40102,"sc":1,"lpe":92.52,"lpr":346.11,"lq":1.0,"d":182800},{"pi":"422203","pc":"Одежда и обувь","ss":100,"td":"Спальный район","dc":1,"n":49.88,"vc":"45","sl":"Высокий","sv":"1","p":2060.652,"q":1.05,"b":0.0,"ms":0.02,"wi":23.86,"ei":13.87,"as":85.89,"mi":"E","mv":6355,"sc":1,"lpe":99.98,"lpr":1854.59,"lq":1.0,"d":292614},{"pi":"422203","pc":"Одежда и обувь","ss":10000,"td":"Центр города","dc":2,"n":289.61,"vc":"5364","sl":"Элитный","sv":"2500","p":2299.0,"q":30.24,"b":0.0,"ms":5.75,"wi":43.59,"ei":7.31,"as":476.27,"mi":"E","mv":43461,"sc":1,"lpe":94.25,"lpr":786.06,"lq":1.0,"d":263256},{"pi":"422203","pc":"Одежда и обувь","ss":10000,"td":"Центр города","dc":2,"n":250.37,"vc":"5088","sl":"Элитный","sv":"2000","p":5499.0,"q":30.24,"b":0.0,"ms":5.22,"wi":60.54,"ei":6.77,"as":450.24,"mi":"E","mv":38306,"sc":1,"lpe":94.78,"lpr":1717.09,"lq":1.0,"d":518786},{"pi":"422203","pc":"Одежда и обувь","ss":100000,"td":"Центр города","dc":1,"n":426.48,"vc":"507448","sl":"Очень высокий","sv":"47499","p":2250.0,"q":103.15,"b":0.0,"ms":16.57,"wi":89.7,"ei":7.81,"as":615.72,"mi":"E","mv":286719,"sc":1,"lpe":83.43,"lpr":2004.27,"lq":3.4,"d":11929900},{"pi":"422203","pc":"Одежда и обувь","ss":10000,"td":"Центр города","dc":2,"n":249.21,"vc":"5081","sl":"Элитный","sv":"2552","p":4499.0,"q":30.19,"b":0.0,"ms":5.99,"wi":48.51,"ei":15.71,"as":380.15,"mi":"E","mv":42593,"sc":1,"lpe":94.01,"lpr":1160.36,"lq":1.0,"d":545196},{"pi":"422203","pc":"Одежда и обувь","ss":20000,"td":"Центр города","dc":2,"n":219.22,"vc":"7291","sl":"Элитный","sv":"3313","p":3699.0,"q":30.22,"b":0.0,"ms":2.04,"wi":56.24,"ei":7.07,"as":380.48,"mi":"E","mv":162165,"sc":1,"lpe":97.96,"lpr":944.6,"lq":1.0,"d":917721},{"pi":"422203","pc":"Одежда и обувь","ss":100,"td":"Спальный район","dc":1,"n":49.75,"vc":"37","sl":"Высокий","sv":"2","p":1630.772,"q":1.05,"b":0.0,"ms":0.08,"wi":17.5,"ei":10.55,"as":212.26,"mi":"E","mv":2375,"sc":1,"lpe":99.92,"lpr":1464.02,"lq":1.0,"d":160010},{"pi":"422203","pc":"Одежда и обувь","ss":10000,"td":"Центр города","dc":2,"n":246.18,"vc":"8846","sl":"Элитный","sv":"10000","p":800.0,"q":67.61,"b":2.11,"ms":8.79,"wi":29.25,"ei":5.69,"as":162.81,"mi":"E","mv":113790,"sc":2,"lpe":91.2,"lpr":903.89,"lq":1.0,"d":2753187},{"pi":"422203","pc":"Одежда и обувь","ss":100,"td":"Спальный район","dc":1,"n":49.88,"vc":"99","sl":"Низкий","sv":"12","p":994.279,"q":7.19,"b":0.0,"ms":0.01,"wi":29.25,"ei":5.69,"as":162.81,"mi":"E","mv":113790,"sc":2,"lpe":91.2,"lpr":903.89,"lq":1.0,"d":2753187},{"pi":"422203","pc":"Одежда и обувь","ss":100,"td":"Спальный район","dc":1,"n":49.75,"vc":"111","sl":"Низкий","sv":"3","p":929.39,"q":1.05,"b":0.0,"ms":0.0,"wi":25.6,"ei":7.49,"as":134.1,"mi":"E","mv":163585,"sc":1,"lpe":100.0,"lpr":842.27,"lq":1.0,"d":3825606},{"pi":"422203","pc":"Одежда и обувь","ss":100,"td":"Спальный район","dc":1,"n":49.88,"vc":"63","sl":"Нормальный","sv":"2","p":2178.209,"q":1.05,"b":0.0,"ms":0.01,"wi":45.2,"ei":10.88,"as":313.5,"mi":"E","mv":28510,"sc":1,"lpe":99.99,"lpr":1976.07,"lq":1.0,"d":762894},{"pi":"422203","pc":"Одежда и обувь","ss":100000,"td":"Центр города","dc":1,"n":453.34,"vc":"181918","sl":"Элитный","sv":"370","p":3150.0,"q":23.93,"b":0.0,"ms":1.41,"wi":17.71,"ei":7.81,"as":93.95,"mi":"E","mv":26325,"sc":2,"lpe":98.58,"lpr":773.74,"lq":1.0,"d":969146},{"pi":"422203","pc":"Одежда и обувь","ss":100,"td":"Спальный район","dc":1,"n":49.75,"vc":"69","sl":"Нормальный","sv":"5","p":847.616,"q":1.37,"b":0.0,"ms":0.02,"wi":17.71,"ei":7.81,"as":93.95,"mi":"E","mv":26325,"sc":2,"lpe":98.58,"lpr":773.74,"lq":1.0,"d":969146},{"pi":"422203","pc":"Одежда и обувь","ss":100,"td":"Спальный район","dc":1,"n":49.88,"vc":"37","sl":"Высокий","sv":"3","p":1376.342,"q":1.05,"b":0.0,"ms":0.02,"wi":31.33,"ei":10.06,"as":284.86,"mi":"E","mv":14902,"sc":1,"lpe":99.98,"lpr":1251.22,"lq":1.0,"d":271541},{"pi":"422203","pc":"Одежда и обувь","ss":100000,"td":"Центр города","dc":2,"n":186.76,"vc":"30106","sl":"Элитный","sv":"10000","p":3000.0,"q":67.61,"b":2.11,"ms":9.96,"wi":29.73,"ei":5.12,"as":183.24,"mi":"E","mv":100398,"sc":1,"lpe":90.04,"lpr":1014.55,"lq":1.02,"d":8609120},{"pi":"422203","pc":"Одежда и обувь","ss":300,"td":"Фешенебельный район","dc":1,"n":13.66,"vc":"27","sl":"Элитный","sv":"100","p":2500.41,"q":23.96,"b":0.0,"ms":0.6,"wi":23.61,"ei":6.08,"as":148.48,"mi":"E","mv":16709,"sc":1,"lpe":99.4,"lpr":933.74,"lq":1.0,"d":360370},{"pi":"422203","pc":"Одежда и обувь","ss":100000,"td":"Центр города","dc":3,"n":288.21,"vc":"49137","sl":"Элитный","sv":"794","p":11000.0,"q":67.77,"b":1.88,"ms":2.05,"wi":154.18,"ei":9.34,"as":2208.0,"mi":"E","mv":38716,"sc":1,"lpe":97.95,"lpr":2425.5,"lq":1.0,"d":2149998},{"pi":"422203","pc":"Одежда и обувь","ss":50000,"td":"Центр города","dc":3,"n":228.93,"vc":"22141","sl":"Элитный","sv":"17000","p":600.0,"q":67.61,"b":2.11,"ms":11.07,"wi":15.97,"ei":4.53,"as":106.12,"mi":"E","mv":153613,"sc":2,"lpe":88.92,"lpr":586.29,"lq":1.14,"d":3754938},{"pi":"422203","pc":"Одежда и обувь","ss":100,"td":"Фешенебельный район","dc":1,"n":35.8,"vc":"21","sl":"Высокий","sv":"17","p":1069.09,"q":8.93,"b":0.0,"ms":0.01,"wi":15.97,"ei":4.53,"as":106.12,"mi":"E","mv":153613,"sc":2,"lpe":88.92,"lpr":586.29,"lq":1.14,"d":3754938},{"pi":"422203","pc":"Одежда и обувь","ss":100000,"td":"Центр города","dc":4,"n":172.26,"vc":"29100","sl":"Элитный","sv":"35000","p":10000.0,"q":67.61,"b":1.88,"ms":18.08,"wi":166.72,"ei":9.88,"as":2625.25,"mi":"E","mv":193622,"sc":1,"lpe":81.92,"lpr":4429.58,"lq":7.3,"d":11635600},{"pi":"422203","pc":"Одежда и обувь","ss":700,"td":"Центр города","dc":1,"n":29.32,"vc":"926","sl":"Элитный","sv":"5","p":4000.0,"q":23.96,"b":0.0,"ms":0.01,"wi":194.76,"ei":9.63,"as":1210.0,"mi":"E","mv":85158,"sc":1,"lpe":99.99,"lpr":7548.48,"lq":1.0,"d":2958984},{"pi":"422203","pc":"Одежда и обувь","ss":100,"td":"Спальный район","dc":1,"n":49.88,"vc":"100","sl":"Низкий","sv":"15","p":732.721,"q":1.05,"b":0.0,"ms":0.03,"wi":13.02,"ei":3.38,"as":74.23,"mi":"E","mv":49709,"sc":1,"lpe":99.97,"lpr":659.45,"lq":1.0,"d":2813774},{"pi":"422203","pc":"Одежда и обувь","ss":100000,"td":"Фешенебельный район","dc":1,"n":505.99,"vc":"158925","sl":"Элитный","sv":"90000","p":1200.0,"q":108.64,"b":0.0,"ms":14.21,"wi":48.27,"ei":9.23,"as":380.0,"mi":"E","mv":633238,"sc":1,"lpe":85.79,"lpr":480.04,"lq":1.74,"d":11000140},{"pi":"422203","pc":"Одежда и обувь","ss":200,"td":"Спальный район","dc":1,"n":35.16,"vc":"191","sl":"Очень высокий","sv":"20","p":744.06,"q":8.1,"b":0.0,"ms":0.14,"wi":7.82,"ei":3.43,"as":51.91,"mi":"E","mv":13881,"sc":1,"lpe":99.86,"lpr":648.15,"lq":1.0,"d":1446250},{"pi":"422203","pc":"Одежда и обувь","ss":100000,"td":"Центр города","dc":5,"n":241.82,"vc":"35151","sl":"Элитный","sv":"20000","p":2200.0,"q":67.61,"b":2.52,"ms":9.92,"wi":60.31,"ei":7.67,"as":446.7,"mi":"E","mv":201549,"sc":1,"lpe":90.08,"lpr":2183.59,"lq":1.02,"d":2952988},{"pi":"422203","pc":"Одежда и обувь","ss":100,"td":"Спальный район","dc":1,"n":49.88,"vc":"38","sl":"Высокий","sv":"5","p":2124.551,"q":1.05,"b":0.0,"ms":0.19,"wi":26.56,"ei":8.73,"as":336.43,"mi":"E","mv":2629,"sc":1,"lpe":99.81,"lpr":1931.41,"lq":1.0,"d":187439},{"pi":"422203","pc":"Одежда и обувь","ss":100000,"td":"Центр города","dc":5,"n":225.11,"vc":"33428","sl":"Элитный","sv":"20000","p":1200.0,"q":67.61,"b":3.36,"ms":8.56,"wi":43.74,"ei":9.29,"as":248.71,"mi":"E","mv":233624,"sc":1,"lpe":91.44,"lpr":1380.23,"lq":1.0,"d":4048917},{"pi":"422203","pc":"Одежда и обувь","ss":100,"td":"Спальный район","dc":1,"n":49.88,"vc":"67","sl":"Нормальный","sv":"2","p":1799.248,"q":1.05,"b":0.0,"ms":0.01,"wi":35.62,"ei":11.99,"as":261.73,"mi":"E","mv":23320,"sc":1,"lpe":99.99,"lpr":1634.17,"lq":1.0,"d":886846},{"pi":"422203","pc":"Одежда и обувь","ss":100000,"td":"Центр города","dc":5,"n":267.38,"vc":"38398","sl":"Элитный","sv":"20000","p":700.0,"q":67.61,"b":2.57,"ms":14.25,"wi":67.13,"ei":8.56,"as":483.67,"mi":"E","mv":140315,"sc":2,"lpe":85.6,"lpr":781.55,"lq":1.27,"d":1883126},{"pi":"422203","pc":"Одежда и обувь","ss":10000,"td":"Центр города","dc":1,"n":97.11,"vc":"2572","sl":"Элитный","sv":"200","p":1060.0,"q":23.93,"b":0.0,"ms":0.14,"wi":67.13,"ei":8.56,"as":483.67,"mi":"E","mv":140315,"sc":2,"lpe":85.6,"lpr":781.55,"lq":1.27,"d":1883126},{"pi":"422203","pc":"Одежда и обувь","ss":100000,"td":"Центр города","dc":3,"n":220.1,"vc":"32885","sl":"Элитный","sv":"20000","p":3300.0,"q":67.61,"b":0.0,"ms":10.2,"wi":57.37,"ei":10.06,"as":176.05,"mi":"E","mv":196049,"sc":2,"lpe":89.59,"lpr":977.36,"lq":1.83,"d":4433298},{"pi":"422203","pc":"Одежда и обувь","ss":1700,"td":"Центр города","dc":5,"n":58.2,"vc":"2086","sl":"Нормальный","sv":"400","p":1000.0,"q":8.1,"b":0.0,"ms":0.2,"wi":57.37,"ei":10.06,"as":176.05,"mi":"E","mv":196049,"sc":2,"lpe":89.59,"lpr":977.36,"lq":1.83,"d":4433298},{"pi":"422203","pc":"Одежда и обувь","ss":100,"td":"Фешенебельный район","dc":1,"n":212.66,"vc":"16","sl":"Элитный","sv":"20","p":2000.0,"q":1.0,"b":0.0,"ms":0.28,"wi":38.55,"ei":8.64,"as":354.27,"mi":"E","mv":7125,"sc":1,"lpe":99.72,"lpr":2203.88,"lq":1.0,"d":331062},{"pi":"422203","pc":"Одежда и обувь","ss":100000,"td":"Центр города","dc":3,"n":327.26,"vc":"99900","sl":"Элитный","sv":"40000","p":1500.0,"q":67.61,"b":0.0,"ms":13.69,"wi":65.33,"ei":8.99,"as":361.0,"mi":"E","mv":292084,"sc":2,"lpe":86.3,"lpr":790.41,"lq":1.25,"d":5583100},{"pi":"422203","pc":"Одежда и обувь","ss":100,"td":"Спальный район","dc":1,"n":49.88,"vc":"127","sl":"Низкий","sv":"13","p":869.451,"q":10.85,"b":0.0,"ms":0.0,"wi":65.33,"ei":8.99,"as":361.0,"mi":"E","mv":292084,"sc":2,"lpe":86.3,"lpr":790.41,"lq":1.25,"d":5583100},{"pi":"422203","pc":"Одежда и обувь","ss":100,"td":"Спальный район","dc":1,"n":49.88,"vc":"59","sl":"Нормальный","sv":"6","p":2040.489,"q":1.05,"b":0.0,"ms":0.03,"wi":38.17,"ei":6.88,"as":313.1,"mi":"E","mv":18429,"sc":1,"lpe":99.97,"lpr":1854.99,"lq":1.0,"d":622911},{"pi":"422203","pc":"Одежда и обувь","ss":100,"td":"Спальный район","dc":1,"n":49.88,"vc":"93","sl":"Низкий","sv":"6","p":1906.938,"q":1.05,"b":0.0,"ms":0.02,"wi":29.53,"ei":6.49,"as":242.55,"mi":"E","mv":34639,"sc":1,"lpe":99.98,"lpr":1777.04,"lq":1.0,"d":2329386},{"pi":"422203","pc":"Одежда и обувь","ss":100000,"td":"Центр города","dc":2,"n":241.44,"vc":"35162","sl":"Элитный","sv":"5000","p":6000.0,"q":67.61,"b":1.67,"ms":6.98,"wi":171.48,"ei":10.04,"as":2283.46,"mi":"E","mv":71643,"sc":3,"lpe":92.77,"lpr":2841.74,"lq":1.0,"d":2986744},{"pi":"422203","pc":"Одежда и обувь","ss":1500,"td":"Центр города","dc":6,"n":80.53,"vc":"1738","sl":"Нормальный","sv":"162","p":3000.0,"q":3.13,"b":0.0,"ms":0.23,"wi":171.48,"ei":10.04,"as":2283.46,"mi":"E","mv":71643,"sc":3,"lpe":92.77,"lpr":2841.74,"lq":1.0,"d":2986744},{"pi":"422203","pc":"Одежда и обувь","ss":300000,"td":"Фешенебельный район","dc":9,"n":497.37,"vc":"140384","sl":"Элитный","sv":"19","p":14012.6,"q":70.14,"b":0.0,"ms":0.03,"wi":171.48,"ei":10.04,"as":2283.46,"mi":"E","mv":71643,"sc":3,"lpe":92.77,"lpr":2841.74,"lq":1.0,"d":2986744},{"pi":"422203","pc":"Одежда и обувь","ss":1600,"td":"Центр города","dc":6,"n":50.19,"vc":"1318","sl":"Высокий","sv":"270","p":6500.0,"q":6.95,"b":0.0,"ms":0.84,"wi":125.88,"ei":10.29,"as":1744.48,"mi":"E","mv":32295,"sc":2,"lpe":98.58,"lpr":6909.72,"lq":1.0,"d":2094907},{"pi":"422203","pc":"Одежда и обувь","ss":300000,"td":"Фешенебельный район","dc":10,"n":536.81,"vc":"181132","sl":"Очень высокий","sv":"187","p":31524.12,"q":70.14,"b":0.0,"ms":0.58,"wi":125.88,"ei":10.29,"as":1744.48,"mi":"E","mv":32295,"sc":2,"lpe":98.58,"lpr":6909.72,"lq":1.0,"d":2094907},{"pi":"422203","pc":"Одежда и обувь","ss":1500,"td":"Центр города","dc":6,"n":101.59,"vc":"1662","sl":"Нормальный","sv":"433","p":13300.0,"q":8.1,"b":0.0,"ms":1.39,"wi":172.43,"ei":9.83,"as":2165.58,"mi":"E","mv":31195,"sc":1,"lpe":98.61,"lpr":13580.29,"lq":1.0,"d":1838430},{"pi":"422203","pc":"Одежда и обувь","ss":1400,"td":"Центр города","dc":6,"n":125.63,"vc":"1780","sl":"Нормальный","sv":"300","p":14650.0,"q":8.1,"b":0.0,"ms":1.21,"wi":179.63,"ei":10.34,"as":2350.25,"mi":"E","mv":24760,"sc":1,"lpe":98.79,"lpr":14641.65,"lq":1.0,"d":1641016},{"pi":"422203","pc":"Одежда и обувь","ss":1500,"td":"Центр города","dc":6,"n":136.0,"vc":"2000","sl":"Нормальный","sv":"600","p":1400.0,"q":8.1,"b":0.0,"ms":2.74,"wi":30.44,"ei":9.91,"as":236.21,"mi":"E","mv":21926,"sc":2,"lpe":97.25,"lpr":1490.63,"lq":1.0,"d":721000},{"pi":"422203","pc":"Одежда и обувь","ss":100,"td":"Спальный район","dc":1,"n":49.88,"vc":"62","sl":"Нормальный","sv":"4","p":1643.323,"q":1.25,"b":0.0,"ms":0.02,"wi":30.44,"ei":9.91,"as":236.21,"mi":"E","mv":21926,"sc":2,"lpe":97.25,"lpr":1490.63,"lq":1.0,"d":721000},{"pi":"422203","pc":"Одежда и обувь","ss":1400,"td":"Центр города","dc":6,"n":294.68,"vc":"3684","sl":"Низкий","sv":"350","p":1800.0,"q":7.19,"b":0.0,"ms":1.03,"wi":41.15,"ei":10.19,"as":294.5,"mi":"E","mv":34014,"sc":1,"lpe":98.97,"lpr":1855.64,"lq":1.0,"d":765700},{"pi":"422203","pc":"Одежда и обувь","ss":100,"td":"Спальный район","dc":1,"n":49.88,"vc":"99","sl":"Низкий","sv":"6","p":2187.878,"q":1.05,"b":0.0,"ms":0.02,"wi":39.6,"ei":4.94,"as":318.79,"mi":"E","mv":36618,"sc":1,"lpe":99.98,"lpr":1987.47,"lq":1.0,"d":2768631},{"pi":"422203","pc":"Одежда и обувь","ss":100000,"td":"Центр города","dc":3,"n":333.4,"vc":"49437","sl":"Элитный","sv":"5000","p":2200.0,"q":67.61,"b":3.02,"ms":12.94,"wi":66.62,"ei":7.95,"as":493.05,"mi":"E","mv":38646,"sc":1,"lpe":87.06,"lpr":2295.41,"lq":3.89,"d":632057},{"pi":"422203","pc":"Одежда и обувь","ss":100000,"td":"Центр города","dc":1,"n":471.94,"vc":"198677","sl":"Элитный","sv":"1051","p":14600.0,"q":23.93,"b":0.0,"ms":1.99,"wi":59.42,"ei":8.65,"as":472.08,"mi":"E","mv":52741,"sc":1,"lpe":98.01,"lpr":2619.1,"lq":1.0,"d":747777},{"pi":"422203","pc":"Одежда и обувь","ss":100,"td":"Спальный район","dc":1,"n":49.88,"vc":"35","sl":"Высокий","sv":"5","p":2509.276,"q":1.05,"b":0.0,"ms":0.33,"wi":30.25,"ei":8.37,"as":366.43,"mi":"E","mv":1514,"sc":1,"lpe":99.67,"lpr":2279.96,"lq":1.0,"d":136262},{"pi":"422203","pc":"Одежда и обувь","ss":100000,"td":"Центр города","dc":2,"n":416.6,"vc":"70731","sl":"Элитный","sv":"160","p":3300.0,"q":67.6,"b":0.0,"ms":4.43,"wi":37.09,"ei":8.97,"as":578.61,"mi":"E","mv":3611,"sc":1,"lpe":95.57,"lpr":566.79,"lq":1.0,"d":178844},{"pi":"422203","pc":"Одежда и обувь","ss":100000,"td":"Центр города","dc":4,"n":330.03,"vc":"48765","sl":"Элитный","sv":"4000","p":3000.0,"q":67.61,"b":3.02,"ms":10.3,"wi":84.39,"ei":9.0,"as":559.14,"mi":"E","mv":38818,"sc":1,"lpe":89.7,"lpr":2603.01,"lq":4.42,"d":666717},{"pi":"422203","pc":"Одежда и обувь","ss":10000,"td":"Центр города","dc":2,"n":326.78,"vc":"9953","sl":"Элитный","sv":"100","p":2100.0,"q":67.61,"b":3.02,"ms":0.26,"wi":79.06,"ei":8.46,"as":448.26,"mi":"E","mv":38616,"sc":1,"lpe":99.74,"lpr":2434.11,"lq":1.0,"d":702214},{"pi":"422203","pc":"Одежда и обувь","ss":10000,"td":"Центр города","dc":3,"n":306.17,"vc":"9600","sl":"Элитный","sv":"100","p":1000.0,"q":67.61,"b":3.02,"ms":0.1,"wi":69.95,"ei":8.74,"as":537.58,"mi":"E","mv":98378,"sc":1,"lpe":99.9,"lpr":1663.07,"lq":1.0,"d":978886},{"pi":"422203","pc":"Одежда и обувь","ss":10000,"td":"Центр города","dc":1,"n":316.85,"vc":"10416","sl":"Элитный","sv":"820","p":8240.0,"q":23.93,"b":0.0,"ms":0.75,"wi":81.87,"ei":13.22,"as":341.21,"mi":"E","mv":108847,"sc":3,"lpe":99.14,"lpr":2016.97,"lq":1.0,"d":986148},{"pi":"422203","pc":"Одежда и обувь","ss":100000,"td":"Центр города","dc":3,"n":305.84,"vc":"44318","sl":"Элитный","sv":"100","p":1420.0,"q":67.61,"b":3.02,"ms":0.09,"wi":81.87,"ei":13.22,"as":341.21,"mi":"E","mv":108847,"sc":3,"lpe":99.14,"lpr":2016.97,"lq":1.0,"d":986148},{"pi":"422203","pc":"Одежда и обувь","ss":300,"td":"Центр города","dc":1,"n":113.91,"vc":"626","sl":"Высокий","sv":"20","p":4500.0,"q":23.96,"b":0.0,"ms":0.02,"wi":81.87,"ei":13.22,"as":341.21,"mi":"E","mv":108847,"sc":3,"lpe":99.14,"lpr":2016.97,"lq":1.0,"d":986148},{"pi":"422203","pc":"Одежда и обувь","ss":100000,"td":"Центр города","dc":3,"n":268.81,"vc":"39908","sl":"Элитный","sv":"25000","p":1000.0,"q":67.61,"b":3.02,"ms":8.3,"wi":87.03,"ei":9.63,"as":463.94,"mi":"E","mv":301227,"sc":1,"lpe":91.7,"lpr":1186.8,"lq":1.0,"d":2021694},{"pi":"422203","pc":"Одежда и обувь","ss":10000,"td":"Центр города","dc":1,"n":290.52,"vc":"9366","sl":"Элитный","sv":"10000","p":1000.0,"q":67.61,"b":3.02,"ms":8.33,"wi":62.59,"ei":7.65,"as":519.76,"mi":"E","mv":120012,"sc":2,"lpe":90.25,"lpr":1301.72,"lq":1.0,"d":1269608},{"pi":"422203","pc":"Одежда и обувь","ss":100000,"td":"Центр города","dc":1,"n":434.64,"vc":"167050","sl":"Элитный","sv":"1700","p":1670.0,"q":23.93,"b":0.59,"ms":1.42,"wi":62.59,"ei":7.65,"as":519.76,"mi":"E","mv":120012,"sc":2,"lpe":90.25,"lpr":1301.72,"lq":1.0,"d":1269608},{"pi":"422203","pc":"Одежда и обувь","ss":100,"td":"Спальный район","dc":1,"n":49.88,"vc":"55","sl":"Нормальный","sv":"10","p":713.009,"q":1.05,"b":0.0,"ms":0.17,"wi":6.79,"ei":6.24,"as":44.87,"mi":"E","mv":5964,"sc":1,"lpe":99.83,"lpr":641.71,"lq":1.0,"d":512400},{"pi":"422203","pc":"Одежда и обувь","ss":100,"td":"Спальный район","dc":1,"n":49.88,"vc":"38","sl":"Высокий","sv":"9","p":1130.184,"q":1.05,"b":0.0,"ms":0.13,"wi":22.5,"ei":6.7,"as":162.61,"mi":"E","mv":7026,"sc":1,"lpe":99.87,"lpr":1025.32,"lq":1.0,"d":173036},{"pi":"422203","pc":"Одежда и обувь","ss":100,"td":"Спальный район","dc":1,"n":49.88,"vc":"49","sl":"Высокий","sv":"3","p":730.576,"q":1.05,"b":0.0,"ms":0.11,"wi":8.54,"ei":10.05,"as":84.85,"mi":"E","mv":2796,"sc":1,"lpe":99.89,"lpr":657.52,"lq":1.0,"d":460854},{"pi":"422203","pc":"Одежда и обувь","ss":100,"td":"Спальный район","dc":1,"n":49.75,"vc":"37","sl":"Высокий","sv":"3","p":1532.949,"q":1.05,"b":0.0,"ms":0.06,"wi":23.09,"ei":9.96,"as":187.28,"mi":"E","mv":4767,"sc":1,"lpe":99.94,"lpr":1413.93,"lq":1.0,"d":163101},{"pi":"422203","pc":"Одежда и обувь","ss":100,"td":"Спальный район","dc":1,"n":49.75,"vc":"58","sl":"Нормальный","sv":"2","p":1652.728,"q":1.05,"b":0.0,"ms":0.01,"wi":38.53,"ei":11.77,"as":195.48,"mi":"E","mv":28497,"sc":1,"lpe":99.99,"lpr":1524.71,"lq":1.0,"d":589980},{"pi":"422203","pc":"Одежда и обувь","ss":300000,"td":"Центр города","dc":2,"n":679.42,"vc":"6034827","sl":"Низкий","sv":"10000","p":1800.0,"q":108.64,"b":0.0,"ms":11.67,"wi":44.31,"ei":4.76,"as":246.76,"mi":"E","mv":85717,"sc":1,"lpe":88.33,"lpr":1369.41,"lq":2.38,"d":1300000},{"pi":"422203","pc":"Одежда и обувь","ss":10000,"td":"Центр города","dc":2,"n":332.3,"vc":"5766","sl":"Элитный","sv":"2500","p":599.0,"q":30.24,"b":0.0,"ms":10.33,"wi":34.18,"ei":9.16,"as":412.47,"mi":"E","mv":24206,"sc":1,"lpe":89.67,"lpr":785.36,"lq":1.23,"d":131326},{"pi":"422203","pc":"Одежда и обувь","ss":10000,"td":"Центр города","dc":1,"n":172.03,"vc":"4550","sl":"Элитный","sv":"460","p":2490.0,"q":23.93,"b":0.0,"ms":0.43,"wi":24.79,"ei":9.26,"as":119.81,"mi":"E","mv":108142,"sc":1,"lpe":99.57,"lpr":792.77,"lq":1.0,"d":1974278},{"pi":"422203","pc":"Одежда и обувь","ss":100000,"td":"Центр города","dc":2,"n":324.96,"vc":"47794","sl":"Элитный","sv":"2000","p":10000.0,"q":67.61,"b":5.65,"ms":10.7,"wi":166.17,"ei":10.12,"as":2341.42,"mi":"E","mv":18699,"sc":1,"lpe":89.3,"lpr":8488.63,"lq":14.15,"d":723722},{"pi":"422203","pc":"Одежда и обувь","ss":300000,"td":"Фешенебельный район","dc":9,"n":477.82,"vc":"136343","sl":"Элитный","sv":"2485","p":6894.73,"q":70.14,"b":0.0,"ms":0.93,"wi":51.27,"ei":6.64,"as":370.86,"mi":"E","mv":267844,"sc":1,"lpe":99.07,"lpr":2307.61,"lq":1.0,"d":4700000},{"pi":"422203","pc":"Одежда и обувь","ss":100000,"td":"Центр города","dc":4,"n":230.59,"vc":"33966","sl":"Элитный","sv":"10000","p":12000.0,"q":67.61,"b":3.43,"ms":12.24,"wi":187.03,"ei":10.4,"as":1951.81,"mi":"E","mv":81717,"sc":1,"lpe":87.76,"lpr":4512.52,"lq":7.48,"d":3644912},{"pi":"422203","pc":"Одежда и обувь","ss":100000,"td":"Центр города","dc":1,"n":487.14,"vc":"213514","sl":"Элитный","sv":"867","p":13700.0,"q":23.93,"b":0.0,"ms":1.92,"wi":63.23,"ei":7.28,"as":458.84,"mi":"E","mv":45046,"sc":1,"lpe":98.08,"lpr":2418.58,"lq":1.0,"d":605030},{"pi":"422203","pc":"Одежда и обувь","ss":100000,"td":"Центр города","dc":4,"n":380.48,"vc":"60301","sl":"Элитный","sv":"4000","p":3000.0,"q":67.61,"b":3.02,"ms":11.13,"wi":89.13,"ei":9.82,"as":631.89,"mi":"E","mv":35945,"sc":1,"lpe":88.87,"lpr":1853.96,"lq":3.17,"d":305851},{"pi":"422203","pc":"Одежда и обувь","ss":100000,"td":"Фешенебельный район","dc":1,"n":681.08,"vc":"395772","sl":"Элитный","sv":"7464","p":2500.0,"q":110.91,"b":0.0,"ms":17.19,"wi":39.52,"ei":9.92,"as":332.5,"mi":"E","mv":43423,"sc":1,"lpe":82.81,"lpr":407.39,"lq":1.75,"d":1214800},{"pi":"422203","pc":"Одежда и обувь","ss":1100,"td":"Фешенебельный район","dc":1,"n":17.48,"vc":"96","sl":"Элитный","sv":"5","p":2375.472,"q":1.05,"b":0.0,"ms":0.01,"wi":50.78,"ei":10.72,"as":342.0,"mi":"E","mv":83508,"sc":2,"lpe":99.99,"lpr":2155.09,"lq":1.0,"d":2313300},{"pi":"422203","pc":"Одежда и обувь","ss":100,"td":"Спальный район","dc":1,"n":49.88,"vc":"93","sl":"Низкий","sv":"3","p":2375.472,"q":1.05,"b":0.0,"ms":0.0,"wi":50.78,"ei":10.72,"as":342.0,"mi":"E","mv":83508,"sc":2,"lpe":99.99,"lpr":2155.09,"lq":1.0,"d":2313300},{"pi":"422203","pc":"Одежда и обувь","ss":100,"td":"Спальный район","dc":1,"n":49.88,"vc":"57","sl":"Нормальный","sv":"7","p":1011.868,"q":1.05,"b":0.0,"ms":0.04,"wi":20.31,"ei":7.69,"as":165.74,"mi":"E","mv":16249,"sc":2,"lpe":99.91,"lpr":919.88,"lq":1.0,"d":571766},{"pi":"422203","pc":"Одежда и обувь","ss":100,"td":"Спальный район","dc":1,"n":49.88,"vc":"57","sl":"Нормальный","sv":"7","p":1011.868,"q":1.05,"b":0.0,"ms":0.04,"wi":20.31,"ei":7.69,"as":165.74,"mi":"E","mv":16249,"sc":2,"lpe":99.91,"lpr":919.88,"lq":1.0,"d":571766},{"pi":"422203","pc":"Одежда и обувь","ss":100,"td":"Спальный район","dc":1,"n":49.88,"vc":"76","sl":"Нормальный","sv":"6","p":1966.855,"q":1.05,"b":0.0,"ms":0.06,"wi":25.72,"ei":5.0,"as":285.87,"mi":"E","mv":10014,"sc":1,"lpe":99.94,"lpr":1786.2,"lq":1.0,"d":1297937},{"pi":"422203","pc":"Одежда и обувь","ss":100,"td":"Спальный район","dc":1,"n":49.88,"vc":"57","sl":"Нормальный","sv":"4","p":2659.393,"q":1.05,"b":0.0,"ms":0.03,"wi":45.07,"ei":9.39,"as":389.87,"mi":"E","mv":12877,"sc":1,"lpe":99.97,"lpr":2417.4,"lq":1.0,"d":573591},{"pi":"422203","pc":"Одежда и обувь","ss":100,"td":"Спальный район","dc":1,"n":49.88,"vc":"80","sl":"Нормальный","sv":"6","p":2240.887,"q":1.05,"b":0.0,"ms":0.04,"wi":27.42,"ei":5.25,"as":333.2,"mi":"E","mv":14236,"sc":1,"lpe":99.96,"lpr":2037.17,"lq":1.0,"d":1504920},{"pi":"422203","pc":"Одежда и обувь","ss":200,"td":"Фешенебельный район","dc":1,"n":256.26,"vc":"53","sl":"Элитный","sv":"17","p":1300.0,"q":1.0,"b":0.0,"ms":1.33,"wi":15.99,"ei":3.77,"as":279.03,"mi":"E","mv":1277,"sc":1,"lpe":98.67,"lpr":1344.39,"lq":1.0,"d":229041},{"pi":"422203","pc":"Одежда и обувь","ss":100,"td":"Спальный район","dc":1,"n":49.88,"vc":"41","sl":"Высокий","sv":"6","p":2278.078,"q":1.05,"b":0.0,"ms":0.17,"wi":22.46,"ei":3.32,"as":227.14,"mi":"E","mv":3566,"sc":1,"lpe":99.83,"lpr":2122.89,"lq":1.0,"d":219565},{"pi":"422203","pc":"Одежда и обувь","ss":100,"td":"Фешенебельный район","dc":1,"n":184.74,"vc":"12","sl":"Элитный","sv":"16","p":1333.0,"q":1.0,"b":0.0,"ms":1.28,"wi":14.19,"ei":3.16,"as":267.35,"mi":"E","mv":1247,"sc":1,"lpe":98.72,"lpr":1334.21,"lq":1.0,"d":175286},{"pi":"422203","pc":"Одежда и обувь","ss":300,"td":"Центр города","dc":1,"n":332.93,"vc":"481","sl":"Высокий","sv":"20","p":4900.0,"q":23.95,"b":0.0,"ms":4.02,"wi":12.66,"ei":2.92,"as":273.07,"mi":"E","mv":497,"sc":1,"lpe":95.98,"lpr":1079.21,"lq":1.0,"d":87189},{"pi":"422203","pc":"Одежда и обувь","ss":100000,"td":"Центр города","dc":2,"n":225.27,"vc":"17932","sl":"Элитный","sv":"2000","p":1500.0,"q":67.61,"b":3.41,"ms":12.96,"wi":47.4,"ei":8.54,"as":466.69,"mi":"E","mv":15436,"sc":1,"lpe":87.04,"lpr":1145.46,"lq":2.05,"d":679976},{"pi":"422203","pc":"Одежда и обувь","ss":100000,"td":"Центр города","dc":4,"n":186.81,"vc":"30056","sl":"Элитный","sv":"6748","p":10000.0,"q":67.83,"b":1.78,"ms":4.22,"wi":77.84,"ei":9.4,"as":711.83,"mi":"E","mv":160068,"sc":1,"lpe":95.78,"lpr":2396.04,"lq":1.0,"d":8555500},{"pi":"422203","pc":"Одежда и обувь","ss":100000,"td":"Центр города","dc":3,"n":279.16,"vc":"40112","sl":"Элитный","sv":"5000","p":4000.0,"q":67.61,"b":2.52,"ms":8.2,"wi":51.84,"ei":8.95,"as":408.41,"mi":"E","mv":60960,"sc":1,"lpe":91.8,"lpr":2265.89,"lq":1.0,"d":1543768},{"pi":"422203","pc":"Одежда и обувь","ss":100000,"td":"Центр города","dc":1,"n":513.9,"vc":"568579","sl":"Очень высокий","sv":"13205","p":14000.0,"q":75.89,"b":3.26,"ms":4.25,"wi":174.28,"ei":10.49,"as":2111.62,"mi":"E","mv":310894,"sc":1,"lpe":95.75,"lpr":2581.85,"lq":1.0,"d":4762572},{"pi":"422203","pc":"Одежда и обувь","ss":100,"td":"Фешенебельный район","dc":1,"n":145.17,"vc":"19","sl":"Очень высокий","sv":"10","p":760.0,"q":1.0,"b":0.0,"ms":0.02,"wi":24.47,"ei":8.7,"as":118.1,"mi":"E","mv":59895,"sc":3,"lpe":99.96,"lpr":744.47,"lq":1.0,"d":937972},{"pi":"422203","pc":"Одежда и обувь","ss":100,"td":"Фешенебельный район","dc":1,"n":145.17,"vc":"19","sl":"Очень высокий","sv":"10","p":760.0,"q":1.0,"b":0.0,"ms":0.02,"wi":24.47,"ei":8.7,"as":118.1,"mi":"E","mv":59895,"sc":3,"lpe":99.96,"lpr":744.47,"lq":1.0,"d":937972},{"pi":"422203","pc":"Одежда и обувь","ss":100,"td":"Спальный район","dc":1,"n":49.88,"vc":"68","sl":"Нормальный","sv":"5","p":820.545,"q":1.05,"b":0.0,"ms":0.01,"wi":24.47,"ei":8.7,"as":118.1,"mi":"E","mv":59895,"sc":3,"lpe":99.96,"lpr":744.47,"lq":1.0,"d":937972},{"pi":"422203","pc":"Одежда и обувь","ss":200,"td":"Фешенебельный район","dc":2,"n":297.06,"vc":"95","sl":"Очень высокий","sv":"15","p":760.8,"q":1.0,"b":0.0,"ms":0.24,"wi":8.53,"ei":9.08,"as":68.66,"mi":"E","mv":6200,"sc":1,"lpe":99.76,"lpr":725.46,"lq":1.0,"d":797205},{"pi":"422203","pc":"Одежда и обувь","ss":100,"td":"Спальный район","dc":1,"n":49.75,"vc":"57","sl":"Нормальный","sv":"2","p":2356.442,"q":1.05,"b":0.0,"ms":0.01,"wi":51.63,"ei":9.78,"as":374.74,"mi":"E","mv":27021,"sc":1,"lpe":99.99,"lpr":2142.22,"lq":1.0,"d":575941},{"pi":"422203","pc":"Одежда и обувь","ss":400,"td":"Центр города","dc":1,"n":139.5,"vc":"850","sl":"Высокий","sv":"15","p":2100.0,"q":1.0,"b":0.0,"ms":0.01,"wi":114.87,"ei":8.33,"as":568.25,"mi":"E","mv":105408,"sc":1,"lpe":99.99,"lpr":3315.83,"lq":1.0,"d":1018846},{"pi":"422203","pc":"Одежда и обувь","ss":100000,"td":"Центр города","dc":1,"n":418.95,"vc":"503574","sl":"Очень высокий","sv":"65951","p":1000.0,"q":103.15,"b":0.0,"ms":28.78,"wi":35.98,"ei":8.28,"as":251.65,"mi":"E","mv":229159,"sc":2,"lpe":70.26,"lpr":1157.91,"lq":1.92,"d":14352508},{"pi":"422203","pc":"Одежда и обувь","ss":100000,"td":"Центр города","dc":1,"n":277.39,"vc":"86058","sl":"Элитный","sv":"2200","p":674.0,"q":23.93,"b":0.0,"ms":0.96,"wi":35.98,"ei":8.28,"as":251.65,"mi":"E","mv":229159,"sc":2,"lpe":70.26,"lpr":1157.91,"lq":1.92,"d":14352508},{"pi":"422203","pc":"Одежда и обувь","ss":1500,"td":"Центр города","dc":6,"n":125.92,"vc":"1569","sl":"Нормальный","sv":"428","p":28300.0,"q":8.1,"b":0.0,"ms":10.58,"wi":151.97,"ei":10.65,"as":2047.83,"mi":"E","mv":4046,"sc":1,"lpe":89.42,"lpr":28693.59,"lq":1.0,"d":1034298},{"pi":"422203","pc":"Одежда и обувь","ss":1500,"td":"Центр города","dc":6,"n":126.0,"vc":"1530","sl":"Нормальный","sv":"280","p":9350.0,"q":5.0,"b":0.0,"ms":3.05,"wi":121.0,"ei":10.2,"as":2182.56,"mi":"E","mv":9192,"sc":1,"lpe":96.95,"lpr":9382.59,"lq":1.0,"d":961541},{"pi":"422203","pc":"Одежда и обувь","ss":1600,"td":"Центр города","dc":6,"n":146.4,"vc":"1962","sl":"Нормальный","sv":"420","p":15170.0,"q":8.1,"b":0.0,"ms":1.61,"wi":245.02,"ei":10.09,"as":2433.57,"mi":"E","mv":26010,"sc":1,"lpe":98.39,"lpr":15164.78,"lq":1.0,"d":1262376},{"pi":"422203","pc":"Одежда и обувь","ss":31100,"td":"Центр города","dc":1,"n":297.88,"vc":"29940","sl":"Элитный","sv":"7000","p":1400.0,"q":1.0,"b":0.0,"ms":10.26,"wi":47.39,"ei":4.88,"as":232.49,"mi":"E","mv":68241,"sc":1,"lpe":89.74,"lpr":1460.07,"lq":1.0,"d":1190767},{"pi":"422203","pc":"Одежда и обувь","ss":100000,"td":"Центр города","dc":3,"n":214.63,"vc":"32405","sl":"Элитный","sv":"40000","p":800.0,"q":67.61,"b":0.0,"ms":9.75,"wi":39.97,"ei":9.19,"as":127.29,"mi":"E","mv":410214,"sc":2,"lpe":89.86,"lpr":780.31,"lq":1.2,"d":4940408},{"pi":"422203","pc":"Одежда и обувь","ss":100000,"td":"Центр города","dc":1,"n":342.83,"vc":"111170","sl":"Элитный","sv":"1600","p":1760.0,"q":23.93,"b":0.0,"ms":0.39,"wi":39.97,"ei":9.19,"as":127.29,"mi":"E","mv":410214,"sc":2,"lpe":89.86,"lpr":780.31,"lq":1.2,"d":4940408},{"pi":"422203","pc":"Одежда и обувь","ss":100000,"td":"Центр города","dc":1,"n":367.69,"vc":"124142","sl":"Элитный","sv":"2200","p":2440.0,"q":23.93,"b":0.0,"ms":1.03,"wi":29.93,"ei":6.58,"as":133.91,"mi":"E","mv":213548,"sc":2,"lpe":98.13,"lpr":835.39,"lq":1.0,"d":3420282},{"pi":"422203","pc":"Одежда и обувь","ss":20100,"td":"Фешенебельный район","dc":1,"n":200.36,"vc":"2242","sl":"Элитный","sv":"1800","p":900.0,"q":1.0,"b":0.0,"ms":0.84,"wi":29.93,"ei":6.58,"as":133.91,"mi":"E","mv":213548,"sc":2,"lpe":98.13,"lpr":835.39,"lq":1.0,"d":3420282},{"pi":"422203","pc":"Одежда и обувь","ss":100000,"td":"Центр города","dc":2,"n":298.13,"vc":"43085","sl":"Элитный","sv":"4000","p":1000.0,"q":67.61,"b":1.9,"ms":12.48,"wi":33.21,"ei":10.36,"as":243.68,"mi":"E","mv":32061,"sc":1,"lpe":87.52,"lpr":1352.46,"lq":2.27,"d":1124408},{"pi":"422203","pc":"Одежда и обувь","ss":1100,"td":"Центр города","dc":1,"n":173.35,"vc":"1556","sl":"Элитный","sv":"60","p":2584.43,"q":1.0,"b":0.0,"ms":0.03,"wi":95.82,"ei":8.0,"as":376.09,"mi":"E","mv":221581,"sc":1,"lpe":99.97,"lpr":2344.89,"lq":1.0,"d":2281564}]