[{"pi":"423782","pc":"Электроника","ss":10000,"td":"Фешенебельный район","dc":1,"n":688.74,"vc":"10215","sl":"Элитный","sv":"29","p":42940.0,"q":28.04,"b":0.0,"ms":7.92,"wi":30.68,"ei":8.56,"as":314.79,"mi":"E","mv":366,"sc":1,"lpe":92.08,"lpr":5902.43,"lq":1.0,"d":184259},{"pi":"423782","pc":"Электроника","ss":1000,"td":"Центр города","dc":1,"n":51.95,"vc":"478","sl":"Элитный","sv":"2","p":150000.0,"q":15.62,"b":0.0,"ms":0.03,"wi":108.89,"ei":6.9,"as":793.8,"mi":"E","mv":6169,"sc":2,"lpe":99.95,"lpr":35587.29,"lq":1.0,"d":638590},{"pi":"423782","pc":"Электроника","ss":1000,"td":"Центр города","dc":2,"n":52.73,"vc":"480","sl":"Элитный","sv":"1","p":150000.0,"q":15.62,"b":0.0,"ms":0.02,"wi":108.89,"ei":6.9,"as":793.8,"mi":"E","mv":6169,"sc":2,"lpe":99.95,"lpr":35587.29,"lq":1.0,"d":638590},{"pi":"423782","pc":"Электроника","ss":100000,"td":"Фешенебельный район","dc":1,"n":681.97,"vc":"283154","sl":"Элитный","sv":"199","p":200000.0,"q":18.83,"b":0.0,"ms":3.77,"wi":67.3,"ei":14.34,"as":847.07,"mi":"E","mv":5273,"sc":1,"lpe":96.23,"lpr":29491.62,"lq":1.0,"d":1641067},{"pi":"423782","pc":"Электроника","ss":300000,"td":"Фешенебельный район","dc":1,"n":668.19,"vc":"662902","sl":"Элитный","sv":"709","p":200000.0,"q":20.9,"b":0.239830747531735,"ms":8.48,"wi":204.24,"ei":8.49,"as":694.24,"mi":"E","mv":8360,"sc":1,"lpe":91.52,"lpr":47165.7,"lq":1.0,"d":2593783},{"pi":"423782","pc":"Электроника","ss":10000,"td":"Центр города","dc":1,"n":560.53,"vc":"70360","sl":"Высокий","sv":"1","p":50000.0,"q":33.21,"b":2.24,"ms":0.03,"wi":59.5,"ei":10.64,"as":307.4,"mi":"E","mv":3892,"sc":1,"lpe":99.97,"lpr":18208.3,"lq":1.0,"d":581719},{"pi":"423782","pc":"Электроника","ss":1000,"td":"Фешенебельный район","dc":1,"n":575.65,"vc":"1554","sl":"Элитный","sv":"5","p":188000.0,"q":27.76,"b":3.0,"ms":0.03,"wi":182.64,"ei":7.14,"as":561.83,"mi":"E","mv":16472,"sc":1,"lpe":99.97,"lpr":24312.15,"lq":1.0,"d":908124},{"pi":"423782","pc":"Электроника","ss":1000,"td":"Фешенебельный район","dc":1,"n":499.86,"vc":"825","sl":"Элитный","sv":"10","p":50000.0,"q":21.48,"b":0.0,"ms":0.11,"wi":63.09,"ei":6.79,"as":604.49,"mi":"E","mv":9341,"sc":1,"lpe":99.89,"lpr":13880.26,"lq":1.0,"d":985116},{"pi":"423782","pc":"Электроника","ss":1000,"td":"Фешенебельный район","dc":1,"n":568.61,"vc":"2442","sl":"Очень высокий","sv":"1041","p":85300.0,"q":28.04,"b":1.31,"ms":2.91,"wi":125.62,"ei":10.15,"as":963.22,"mi":"E","mv":35739,"sc":2,"lpe":97.08,"lpr":16107.76,"lq":1.0,"d":1161098},{"pi":"423782","pc":"Электроника","ss":1000,"td":"Фешенебельный район","dc":1,"n":485.74,"vc":"1020","sl":"Элитный","sv":"2","p":85000.0,"q":21.49,"b":0.0,"ms":0.01,"wi":125.62,"ei":10.15,"as":963.22,"mi":"E","mv":35739,"sc":2,"lpe":97.08,"lpr":16107.76,"lq":1.0,"d":1161098},{"pi":"423782","pc":"Электроника","ss":1000,"td":"Фешенебельный район","dc":1,"n":502.88,"vc":"826","sl":"Элитный","sv":"129","p":195000.0,"q":21.46,"b":0.0,"ms":8.08,"wi":110.7,"ei":8.09,"as":1137.21,"mi":"E","mv":1596,"sc":2,"lpe":91.73,"lpr":35468.74,"lq":1.0,"d":482750},{"pi":"423782","pc":"Электроника","ss":1000,"td":"Фешенебельный район","dc":1,"n":659.99,"vc":"3006","sl":"Высокий","sv":"3","p":325000.0,"q":34.01,"b":0.0,"ms":0.19,"wi":110.7,"ei":8.09,"as":1137.21,"mi":"E","mv":1596,"sc":2,"lpe":91.73,"lpr":35468.74,"lq":1.0,"d":482750},{"pi":"423782","pc":"Электроника","ss":210000,"td":"Центр города","dc":1,"n":566.13,"vc":"1291270","sl":"Очень высокий","sv":"849","p":200000.0,"q":23.31,"b":3.03,"ms":4.52,"wi":113.04,"ei":8.54,"as":476.48,"mi":"E","mv":18799,"sc":1,"lpe":95.48,"lpr":34416.88,"lq":1.0,"d":1376961},{"pi":"423782","pc":"Электроника","ss":300000,"td":"Центр города","dc":1,"n":461.54,"vc":"1346266","sl":"Элитный","sv":"1000","p":150000.0,"q":35.79,"b":2.81,"ms":1.87,"wi":133.84,"ei":10.12,"as":1138.38,"mi":"E","mv":53537,"sc":1,"lpe":98.13,"lpr":76975.26,"lq":1.0,"d":7087010},{"pi":"423782","pc":"Электроника","ss":300000,"td":"Центр города","dc":1,"n":532.35,"vc":"1772220","sl":"Очень высокий","sv":"1000","p":170000.0,"q":35.79,"b":2.81,"ms":5.33,"wi":150.46,"ei":9.22,"as":844.62,"mi":"E","mv":18779,"sc":2,"lpe":92.02,"lpr":76602.84,"lq":1.0,"d":2224798},{"pi":"423782","pc":"Электроника","ss":60000,"td":"Центр города","dc":1,"n":604.47,"vc":"931524","sl":"Нормальный","sv":"499","p":440000.0,"q":33.72,"b":0.262925851703407,"ms":2.66,"wi":150.46,"ei":9.22,"as":844.62,"mi":"E","mv":18779,"sc":2,"lpe":92.02,"lpr":76602.84,"lq":1.0,"d":2224798},{"pi":"423782","pc":"Электроника","ss":300000,"td":"Центр города","dc":1,"n":509.1,"vc":"1485228","sl":"Элитный","sv":"1000","p":250000.0,"q":35.79,"b":2.81,"ms":3.54,"wi":272.68,"ei":8.68,"as":904.39,"mi":"E","mv":28224,"sc":3,"lpe":93.16,"lpr":77590.23,"lq":1.0,"d":2542664},{"pi":"423782","pc":"Электроника","ss":130000,"td":"Центр города","dc":1,"n":591.24,"vc":"1884586","sl":"Нормальный","sv":"905","p":400000.0,"q":30.83,"b":0.17632044198895,"ms":3.21,"wi":272.68,"ei":8.68,"as":904.39,"mi":"E","mv":28224,"sc":3,"lpe":93.16,"lpr":77590.23,"lq":1.0,"d":2542664},{"pi":"423782","pc":"Электроника","ss":11000,"td":"Спальный район","dc":1,"n":374.13,"vc":"26630","sl":"Элитный","sv":"26","p":290000.0,"q":28.82,"b":0.0,"ms":0.09,"wi":272.68,"ei":8.68,"as":904.39,"mi":"E","mv":28224,"sc":3,"lpe":93.16,"lpr":77590.23,"lq":1.0,"d":2542664},{"pi":"423782","pc":"Электроника","ss":100000,"td":"Центр города","dc":1,"n":463.47,"vc":"220091","sl":"Элитный","sv":"49","p":60000.0,"q":20.93,"b":0.64,"ms":0.35,"wi":33.53,"ei":9.72,"as":745.56,"mi":"E","mv":13814,"sc":1,"lpe":99.65,"lpr":11902.17,"lq":1.0,"d":1726422},{"pi":"423782","pc":"Электроника","ss":100000,"td":"Фешенебельный район","dc":1,"n":683.55,"vc":"416248","sl":"Элитный","sv":"5785","p":72430.0,"q":32.89,"b":4.1,"ms":14.52,"wi":158.19,"ei":10.48,"as":1309.04,"mi":"E","mv":39833,"sc":2,"lpe":82.97,"lpr":12448.93,"lq":1.0,"d":1310736},{"pi":"423782","pc":"Электроника","ss":300000,"td":"Центр города","dc":1,"n":558.22,"vc":"1888311","sl":"Очень высокий","sv":"1000","p":39636.94,"q":35.79,"b":2.81,"ms":2.51,"wi":158.19,"ei":10.48,"as":1309.04,"mi":"E","mv":39833,"sc":2,"lpe":82.97,"lpr":12448.93,"lq":1.0,"d":1310736},{"pi":"423782","pc":"Электроника","ss":300000,"td":"Центр города","dc":1,"n":579.09,"vc":"2232962","sl":"Очень высокий","sv":"1000","p":150000.0,"q":35.79,"b":2.81,"ms":2.4,"wi":151.36,"ei":8.51,"as":542.28,"mi":"E","mv":41742,"sc":1,"lpe":97.6,"lpr":25947.27,"lq":1.0,"d":1193148},{"pi":"423782","pc":"Электроника","ss":100000,"td":"Центр города","dc":1,"n":405.06,"vc":"176400","sl":"Элитный","sv":"3000","p":199000.0,"q":25.45,"b":0.23,"ms":13.37,"wi":120.36,"ei":11.52,"as":869.1,"mi":"E","mv":22438,"sc":1,"lpe":86.63,"lpr":61223.7,"lq":2.47,"d":3343500},{"pi":"423782","pc":"Электроника","ss":100000,"td":"Центр города","dc":2,"n":402.71,"vc":"143159","sl":"Элитный","sv":"928","p":30000.0,"q":19.05,"b":0.0,"ms":3.64,"wi":105.18,"ei":8.22,"as":465.04,"mi":"E","mv":25470,"sc":1,"lpe":96.36,"lpr":25133.19,"lq":1.0,"d":1964024},{"pi":"423782","pc":"Электроника","ss":300000,"td":"Центр города","dc":1,"n":636.06,"vc":"2979117","sl":"Очень высокий","sv":"1000","p":106297.89,"q":35.79,"b":2.81,"ms":4.4,"wi":183.03,"ei":6.32,"as":398.5,"mi":"E","mv":22746,"sc":1,"lpe":95.6,"lpr":17496.0,"lq":1.0,"d":568886},{"pi":"423782","pc":"Электроника","ss":300000,"td":"Центр города","dc":1,"n":631.96,"vc":"2917269","sl":"Очень высокий","sv":"1000","p":150000.0,"q":35.79,"b":2.81,"ms":9.98,"wi":154.33,"ei":6.46,"as":432.7,"mi":"E","mv":10021,"sc":1,"lpe":90.02,"lpr":40570.27,"lq":1.0,"d":599680},{"pi":"423782","pc":"Электроника","ss":300000,"td":"Центр города","dc":1,"n":632.03,"vc":"2918364","sl":"Очень высокий","sv":"1000","p":104761.76,"q":35.79,"b":2.81,"ms":4.25,"wi":196.67,"ei":7.3,"as":448.11,"mi":"E","mv":23517,"sc":1,"lpe":95.75,"lpr":23170.88,"lq":1.0,"d":599114},{"pi":"423782","pc":"Электроника","ss":300000,"td":"Центр города","dc":1,"n":635.66,"vc":"2973054","sl":"Очень высокий","sv":"1000","p":82206.85,"q":35.79,"b":2.81,"ms":4.35,"wi":198.82,"ei":6.75,"as":373.54,"mi":"E","mv":22977,"sc":1,"lpe":95.65,"lpr":22648.58,"lq":1.0,"d":571802},{"pi":"423782","pc":"Электроника","ss":211000,"td":"Центр города","dc":1,"n":451.48,"vc":"757413","sl":"Элитный","sv":"4896","p":150000.0,"q":23.3,"b":1.85,"ms":5.2,"wi":97.4,"ei":7.67,"as":500.44,"mi":"E","mv":94223,"sc":2,"lpe":94.75,"lpr":37860.85,"lq":1.0,"d":9120796},{"pi":"423782","pc":"Электроника","ss":200000,"td":"Центр города","dc":1,"n":549.81,"vc":"2007420","sl":"Высокий","sv":"50","p":202000.0,"q":33.21,"b":1.02,"ms":0.05,"wi":97.4,"ei":7.67,"as":500.44,"mi":"E","mv":94223,"sc":2,"lpe":94.75,"lpr":37860.85,"lq":1.0,"d":9120796},{"pi":"423782","pc":"Электроника","ss":100000,"td":"Центр города","dc":1,"n":612.68,"vc":"1359417","sl":"Нормальный","sv":"748","p":180467.914438503,"q":34.12,"b":4.58668449197861,"ms":3.82,"wi":128.49,"ei":11.47,"as":1034.0,"mi":"E","mv":19581,"sc":2,"lpe":93.63,"lpr":30000.9,"lq":1.0,"d":1195907},{"pi":"423782","pc":"Электроника","ss":300000,"td":"Центр города","dc":1,"n":578.91,"vc":"2231004","sl":"Очень высокий","sv":"500","p":150000.0,"q":35.79,"b":2.81,"ms":2.55,"wi":128.49,"ei":11.47,"as":1034.0,"mi":"E","mv":19581,"sc":2,"lpe":93.63,"lpr":30000.9,"lq":1.0,"d":1195907},{"pi":"423782","pc":"Электроника","ss":300000,"td":"Центр города","dc":1,"n":623.49,"vc":"2793916","sl":"Очень высокий","sv":"1000","p":90627.42,"q":35.79,"b":2.81,"ms":3.76,"wi":173.49,"ei":6.56,"as":364.0,"mi":"E","mv":26622,"sc":1,"lpe":96.24,"lpr":23297.41,"lq":1.0,"d":668814},{"pi":"423782","pc":"Электроника","ss":300000,"td":"Фешенебельный район","dc":2,"n":335.36,"vc":"41246","sl":"Элитный","sv":"4000","p":270000.0,"q":35.98,"b":0.37,"ms":12.28,"wi":113.51,"ei":8.53,"as":638.15,"mi":"E","mv":32561,"sc":1,"lpe":87.72,"lpr":90393.14,"lq":1.12,"d":7713964},{"pi":"423782","pc":"Электроника","ss":100000,"td":"Центр города","dc":1,"n":353.06,"vc":"169307","sl":"Элитный","sv":"9465","p":177000.0,"q":25.44,"b":0.0,"ms":10.6,"wi":93.19,"ei":7.44,"as":591.34,"mi":"E","mv":89314,"sc":2,"lpe":89.21,"lpr":51025.69,"lq":1.22,"d":12407402},{"pi":"423782","pc":"Электроника","ss":1200,"td":"Центр города","dc":1,"n":212.94,"vc":"3701","sl":"Очень высокий","sv":"171","p":150000.0,"q":24.87,"b":2.95,"ms":0.19,"wi":93.19,"ei":7.44,"as":591.34,"mi":"E","mv":89314,"sc":2,"lpe":89.21,"lpr":51025.69,"lq":1.22,"d":12407402},{"pi":"423782","pc":"Электроника","ss":100000,"td":"Фешенебельный район","dc":1,"n":669.95,"vc":"339440","sl":"Элитный","sv":"800","p":187000.0,"q":32.89,"b":4.27,"ms":13.87,"wi":127.0,"ei":8.69,"as":572.25,"mi":"E","mv":5766,"sc":1,"lpe":86.13,"lpr":29067.66,"lq":2.64,"d":1063618},{"pi":"423782","pc":"Электроника","ss":110000,"td":"Фешенебельный район","dc":1,"n":621.76,"vc":"258534","sl":"Элитный","sv":"250","p":380000.0,"q":33.83,"b":0.392,"ms":4.36,"wi":111.51,"ei":21.28,"as":1468.66,"mi":"E","mv":5728,"sc":1,"lpe":95.64,"lpr":91502.29,"lq":1.0,"d":1378830},{"pi":"423782","pc":"Электроника","ss":300000,"td":"Центр города","dc":2,"n":352.37,"vc":"178462","sl":"Очень высокий","sv":"1081","p":270000.0,"q":35.98,"b":0.26,"ms":4.95,"wi":165.4,"ei":7.13,"as":2149.24,"mi":"E","mv":21822,"sc":2,"lpe":94.99,"lpr":76544.04,"lq":1.0,"d":1406244},{"pi":"423782","pc":"Электроника","ss":100000,"td":"Центр города","dc":1,"n":419.43,"vc":"224361","sl":"Элитный","sv":"12","p":400000.0,"q":25.0,"b":0.0,"ms":0.05,"wi":165.4,"ei":7.13,"as":2149.24,"mi":"E","mv":21822,"sc":2,"lpe":94.99,"lpr":76544.04,"lq":1.0,"d":1406244},{"pi":"423782","pc":"Электроника","ss":300000,"td":"Центр города","dc":1,"n":683.94,"vc":"1462581","sl":"Элитный","sv":"500","p":18591.69,"q":35.79,"b":6.26,"ms":5.17,"wi":139.43,"ei":9.42,"as":1504.15,"mi":"E","mv":9673,"sc":1,"lpe":94.83,"lpr":29201.88,"lq":1.0,"d":320966},{"pi":"423782","pc":"Электроника","ss":300000,"td":"Центр города","dc":1,"n":685.64,"vc":"1318275","sl":"Элитный","sv":"500","p":13761.38,"q":35.79,"b":6.26,"ms":4.83,"wi":110.31,"ei":6.71,"as":548.24,"mi":"E","mv":10356,"sc":1,"lpe":95.17,"lpr":24102.35,"lq":1.0,"d":414752},{"pi":"423782","pc":"Электроника","ss":300000,"td":"Центр города","dc":1,"n":688.53,"vc":"1284192","sl":"Элитный","sv":"566","p":74377.72,"q":34.89,"b":6.26,"ms":6.14,"wi":119.01,"ei":6.86,"as":563.33,"mi":"E","mv":9217,"sc":1,"lpe":93.86,"lpr":10477.19,"lq":1.0,"d":255191},{"pi":"423782","pc":"Электроника","ss":300000,"td":"Центр города","dc":1,"n":666.22,"vc":"2032800","sl":"Очень высокий","sv":"500","p":74283.36,"q":35.79,"b":6.26,"ms":3.26,"wi":132.83,"ei":7.91,"as":562.12,"mi":"E","mv":15347,"sc":1,"lpe":96.74,"lpr":25496.51,"lq":1.0,"d":459675},{"pi":"423782","pc":"Электроника","ss":300000,"td":"Центр города","dc":1,"n":645.63,"vc":"2641932","sl":"Очень высокий","sv":"500","p":89369.27,"q":35.79,"b":6.26,"ms":14.63,"wi":154.13,"ei":11.52,"as":2054.36,"mi":"E","mv":3417,"sc":1,"lpe":85.37,"lpr":80612.16,"lq":5.96,"d":503226},{"pi":"423782","pc":"Электроника","ss":300000,"td":"Центр города","dc":1,"n":690.18,"vc":"1127778","sl":"Элитный","sv":"405","p":95122.64,"q":32.78,"b":6.26,"ms":6.29,"wi":132.5,"ei":6.93,"as":721.65,"mi":"E","mv":6436,"sc":1,"lpe":93.71,"lpr":14688.15,"lq":1.0,"d":217361},{"pi":"423782","pc":"Электроника","ss":300000,"td":"Центр города","dc":1,"n":684.53,"vc":"1696832","sl":"Очень высокий","sv":"500","p":60653.84,"q":35.79,"b":6.26,"ms":7.84,"wi":85.82,"ei":6.69,"as":484.3,"mi":"E","mv":6381,"sc":1,"lpe":92.16,"lpr":31547.0,"lq":1.0,"d":422376},{"pi":"423782","pc":"Электроника","ss":100000,"td":"Центр города","dc":1,"n":668.68,"vc":"680908","sl":"Очень высокий","sv":"10","p":151000.0,"q":33.21,"b":2.44,"ms":0.41,"wi":67.0,"ei":9.33,"as":237.09,"mi":"E","mv":2464,"sc":1,"lpe":99.59,"lpr":31325.33,"lq":1.0,"d":428914},{"pi":"423782","pc":"Электроника","ss":100000,"td":"Центр города","dc":1,"n":558.44,"vc":"348172","sl":"Элитный","sv":"78","p":30000.0,"q":20.93,"b":0.64,"ms":1.82,"wi":40.1,"ei":10.84,"as":684.26,"mi":"E","mv":4293,"sc":1,"lpe":98.18,"lpr":6671.03,"lq":1.0,"d":461568},{"pi":"423782","pc":"Электроника","ss":300000,"td":"Центр города","dc":1,"n":636.95,"vc":"2952862","sl":"Очень высокий","sv":"500","p":70439.24,"q":35.79,"b":6.26,"ms":2.5,"wi":311.9,"ei":6.0,"as":534.76,"mi":"E","mv":19983,"sc":1,"lpe":97.5,"lpr":28119.12,"lq":1.0,"d":605523},{"pi":"423782","pc":"Электроника","ss":300000,"td":"Центр города","dc":1,"n":627.81,"vc":"2856180","sl":"Очень высокий","sv":"500","p":129794.44,"q":35.79,"b":6.26,"ms":2.28,"wi":168.6,"ei":9.86,"as":985.77,"mi":"E","mv":21893,"sc":1,"lpe":97.72,"lpr":34113.67,"lq":1.0,"d":632544},{"pi":"423782","pc":"Электроника","ss":100000,"td":"Фешенебельный район","dc":3,"n":401.01,"vc":"39976","sl":"Элитный","sv":"4696","p":180000.0,"q":31.01,"b":0.0,"ms":14.28,"wi":107.91,"ei":9.57,"as":960.1,"mi":"E","mv":32877,"sc":3,"lpe":83.59,"lpr":47453.33,"lq":3.05,"d":3814070},{"pi":"423782","pc":"Электроника","ss":300000,"td":"Центр города","dc":1,"n":492.87,"vc":"1464472","sl":"Элитный","sv":"500","p":154869.02,"q":35.79,"b":6.26,"ms":1.52,"wi":107.91,"ei":9.57,"as":960.1,"mi":"E","mv":32877,"sc":3,"lpe":83.59,"lpr":47453.33,"lq":3.05,"d":3814070},{"pi":"423782","pc":"Электроника","ss":120000,"td":"Фешенебельный район","dc":1,"n":563.44,"vc":"228338","sl":"Элитный","sv":"198","p":350000.0,"q":33.82,"b":0.0,"ms":0.6,"wi":107.91,"ei":9.57,"as":960.1,"mi":"E","mv":32877,"sc":3,"lpe":83.59,"lpr":47453.33,"lq":3.05,"d":3814070},{"pi":"423782","pc":"Электроника","ss":300000,"td":"Центр города","dc":1,"n":587.84,"vc":"2333114","sl":"Очень высокий","sv":"500","p":74971.96,"q":35.79,"b":6.26,"ms":1.34,"wi":132.74,"ei":8.33,"as":566.9,"mi":"E","mv":37236,"sc":2,"lpe":98.65,"lpr":28064.7,"lq":1.0,"d":1063396},{"pi":"423782","pc":"Электроника","ss":30000,"td":"Фешенебельный район","dc":2,"n":383.56,"vc":"8648","sl":"Элитный","sv":"4","p":225000.0,"q":34.01,"b":0.0,"ms":0.01,"wi":132.74,"ei":8.33,"as":566.9,"mi":"E","mv":37236,"sc":2,"lpe":98.65,"lpr":28064.7,"lq":1.0,"d":1063396},{"pi":"423782","pc":"Электроника","ss":100000,"td":"Спальный район","dc":9,"n":717.53,"vc":"2280035","sl":"Очень низкий","sv":"1","p":268332.51,"q":35.98,"b":0.0,"ms":0.03,"wi":57.51,"ei":14.58,"as":886.97,"mi":"E","mv":3992,"sc":1,"lpe":99.97,"lpr":63371.67,"lq":1.0,"d":2266323},{"pi":"423782","pc":"Электроника","ss":8800,"td":"Центр города","dc":1,"n":722.97,"vc":"105792","sl":"Низкий","sv":"3522","p":30000.0,"q":23.35,"b":0.0,"ms":100.0,"wi":115.33,"ei":9.03,"as":950.0,"mi":"AA","mv":3522,"sc":1,"lpe":0.0,"lpr":23999.18,"lq":1.37,"d":295016},{"pi":"423782","pc":"Электроника","ss":1000,"td":"Центр города","dc":1,"n":107.91,"vc":"887","sl":"Элитный","sv":"467","p":175000.0,"q":15.93,"b":0.540813704496788,"ms":6.31,"wi":158.14,"ei":15.07,"as":1172.43,"mi":"E","mv":7403,"sc":3,"lpe":93.56,"lpr":52810.24,"lq":1.0,"d":1517207},{"pi":"423782","pc":"Электроника","ss":1000,"td":"Фешенебельный район","dc":1,"n":467.06,"vc":"1008","sl":"Элитный","sv":"8","p":150000.0,"q":21.49,"b":0.0,"ms":0.11,"wi":158.14,"ei":15.07,"as":1172.43,"mi":"E","mv":7403,"sc":3,"lpe":93.56,"lpr":52810.24,"lq":1.0,"d":1517207},{"pi":"423782","pc":"Электроника","ss":1000,"td":"Спальный район","dc":1,"n":54.98,"vc":"494","sl":"Элитный","sv":"2","p":170000.0,"q":15.62,"b":0.56,"ms":0.03,"wi":158.14,"ei":15.07,"as":1172.43,"mi":"E","mv":7403,"sc":3,"lpe":93.56,"lpr":52810.24,"lq":1.0,"d":1517207},{"pi":"423782","pc":"Электроника","ss":1000,"td":"Фешенебельный район","dc":1,"n":558.78,"vc":"864","sl":"Элитный","sv":"116","p":100000.0,"q":21.44,"b":0.0,"ms":20.03,"wi":64.08,"ei":12.18,"as":391.38,"mi":"E","mv":579,"sc":3,"lpe":77.37,"lpr":26727.31,"lq":2.53,"d":643918},{"pi":"423782","pc":"Электроника","ss":1000,"td":"Центр города","dc":1,"n":178.77,"vc":"676","sl":"Элитный","sv":"12","p":150000.0,"q":24.87,"b":0.0,"ms":2.07,"wi":64.08,"ei":12.18,"as":391.38,"mi":"E","mv":579,"sc":3,"lpe":77.37,"lpr":26727.31,"lq":2.53,"d":643918},{"pi":"423782","pc":"Электроника","ss":1000,"td":"Центр города","dc":2,"n":124.29,"vc":"497","sl":"Элитный","sv":"3","p":170000.0,"q":15.6,"b":0.56,"ms":0.52,"wi":64.08,"ei":12.18,"as":391.38,"mi":"E","mv":579,"sc":3,"lpe":77.37,"lpr":26727.31,"lq":2.53,"d":643918},{"pi":"423782","pc":"Электроника","ss":300000,"td":"Центр города","dc":1,"n":654.98,"vc":"2813742","sl":"Очень высокий","sv":"1000","p":56957.87,"q":35.79,"b":2.81,"ms":5.44,"wi":122.33,"ei":7.13,"as":346.1,"mi":"E","mv":18369,"sc":1,"lpe":94.56,"lpr":17371.51,"lq":1.0,"d":732700},{"pi":"423782","pc":"Электроника","ss":1000,"td":"Фешенебельный район","dc":1,"n":553.93,"vc":"861","sl":"Элитный","sv":"129","p":100000.0,"q":21.44,"b":0.0,"ms":20.03,"wi":88.55,"ei":16.15,"as":947.56,"mi":"E","mv":644,"sc":2,"lpe":77.8,"lpr":37879.91,"lq":3.52,"d":404519},{"pi":"423782","pc":"Электроника","ss":1000,"td":"Центр города","dc":1,"n":178.9,"vc":"692","sl":"Элитный","sv":"14","p":150000.0,"q":24.87,"b":0.0,"ms":2.17,"wi":88.55,"ei":16.15,"as":947.56,"mi":"E","mv":644,"sc":2,"lpe":77.8,"lpr":37879.91,"lq":3.52,"d":404519},{"pi":"423782","pc":"Электроника","ss":300000,"td":"Центр города","dc":1,"n":641.23,"vc":"2795232","sl":"Очень высокий","sv":"1000","p":107088.46,"q":35.79,"b":2.81,"ms":5.26,"wi":184.23,"ei":9.21,"as":493.25,"mi":"E","mv":19028,"sc":1,"lpe":94.74,"lpr":19923.19,"lq":1.0,"d":532426},{"pi":"423782","pc":"Электроника","ss":14000,"td":"Центр города","dc":4,"n":114.25,"vc":"5911","sl":"Элитный","sv":"25","p":505745.25,"q":17.16,"b":0.0,"ms":0.05,"wi":227.93,"ei":9.85,"as":6341.25,"mi":"E","mv":54074,"sc":3,"lpe":99.94,"lpr":144340.33,"lq":1.0,"d":8998080},{"pi":"423782","pc":"Электроника","ss":1000,"td":"Центр города","dc":1,"n":49.95,"vc":"1193","sl":"Элитный","sv":"5","p":425000.0,"q":15.62,"b":0.19,"ms":0.01,"wi":227.93,"ei":9.85,"as":6341.25,"mi":"E","mv":54074,"sc":3,"lpe":99.94,"lpr":144340.33,"lq":1.0,"d":8998080},{"pi":"423782","pc":"Электроника","ss":100000,"td":"Центр города","dc":1,"n":491.88,"vc":"574875","sl":"Очень высокий","sv":"1","p":390000.0,"q":27.76,"b":1.96,"ms":0.0,"wi":227.93,"ei":9.85,"as":6341.25,"mi":"E","mv":54074,"sc":3,"lpe":99.94,"lpr":144340.33,"lq":1.0,"d":8998080},{"pi":"423782","pc":"Электроника","ss":10000,"td":"Центр города","dc":1,"n":388.49,"vc":"26876","sl":"Высокий","sv":"1668","p":170000.0,"q":26.21,"b":4.70818345323741,"ms":5.97,"wi":107.3,"ei":8.94,"as":307.26,"mi":"E","mv":27952,"sc":2,"lpe":93.85,"lpr":32758.88,"lq":1.0,"d":3467021},{"pi":"423782","pc":"Электроника","ss":10000,"td":"Фешенебельный район","dc":1,"n":565.19,"vc":"22341","sl":"Элитный","sv":"50","p":165000.0,"q":33.21,"b":1.05,"ms":0.18,"wi":107.3,"ei":8.94,"as":307.26,"mi":"E","mv":27952,"sc":2,"lpe":93.85,"lpr":32758.88,"lq":1.0,"d":3467021},{"pi":"423782","pc":"Электроника","ss":300000,"td":"Фешенебельный район","dc":1,"n":666.05,"vc":"1061670","sl":"Элитный","sv":"9282","p":153600.0,"q":28.04,"b":0.0,"ms":19.93,"wi":194.23,"ei":10.4,"as":1210.0,"mi":"E","mv":46582,"sc":2,"lpe":80.04,"lpr":33446.63,"lq":3.31,"d":2958984},{"pi":"423782","pc":"Электроника","ss":200100,"td":"Фешенебельный район","dc":3,"n":610.27,"vc":"571608","sl":"Очень высокий","sv":"18","p":206013.8,"q":24.87,"b":0.0,"ms":0.04,"wi":194.23,"ei":10.4,"as":1210.0,"mi":"E","mv":46582,"sc":2,"lpe":80.04,"lpr":33446.63,"lq":3.31,"d":2958984},{"pi":"423782","pc":"Электроника","ss":100000,"td":"Фешенебельный район","dc":1,"n":469.75,"vc":"19864","sl":"Элитный","sv":"1","p":149999.99,"q":28.55,"b":0.0,"ms":0.01,"wi":183.37,"ei":10.63,"as":554.86,"mi":"E","mv":6928,"sc":1,"lpe":99.99,"lpr":24901.05,"lq":1.0,"d":350454},{"pi":"423782","pc":"Электроника","ss":300000,"td":"Фешенебельный район","dc":1,"n":692.42,"vc":"604385","sl":"Элитный","sv":"1827","p":99999.99,"q":38.81,"b":4.9,"ms":7.93,"wi":145.8,"ei":11.89,"as":656.66,"mi":"E","mv":23041,"sc":3,"lpe":90.1,"lpr":23453.9,"lq":1.35,"d":913676},{"pi":"423782","pc":"Электроника","ss":100000,"td":"Фешенебельный район","dc":1,"n":685.79,"vc":"249875","sl":"Элитный","sv":"451","p":90000.0,"q":19.15,"b":0.0,"ms":1.96,"wi":145.8,"ei":11.89,"as":656.66,"mi":"E","mv":23041,"sc":3,"lpe":90.1,"lpr":23453.9,"lq":1.35,"d":913676},{"pi":"423782","pc":"Электроника","ss":100000,"td":"Центр города","dc":1,"n":579.3,"vc":"598315","sl":"Очень высокий","sv":"3","p":115000.0,"q":33.21,"b":2.09,"ms":0.01,"wi":145.8,"ei":11.89,"as":656.66,"mi":"E","mv":23041,"sc":3,"lpe":90.1,"lpr":23453.9,"lq":1.35,"d":913676},{"pi":"423782","pc":"Электроника","ss":100000,"td":"Центр города","dc":1,"n":366.79,"vc":"60539","sl":"Элитный","sv":"1","p":205000.0,"q":18.43,"b":0.0,"ms":0.13,"wi":59.36,"ei":5.49,"as":712.14,"mi":"E","mv":783,"sc":1,"lpe":99.87,"lpr":53006.75,"lq":1.0,"d":582826},{"pi":"423782","pc":"Электроника","ss":1000,"td":"Фешенебельный район","dc":1,"n":403.4,"vc":"409","sl":"Элитный","sv":"7","p":100000.0,"q":20.54,"b":0.0,"ms":0.19,"wi":102.62,"ei":9.74,"as":577.59,"mi":"E","mv":3734,"sc":1,"lpe":99.81,"lpr":23614.87,"lq":1.0,"d":355596},{"pi":"423782","pc":"Электроника","ss":1000,"td":"Фешенебельный район","dc":2,"n":530.28,"vc":"1221","sl":"Очень высокий","sv":"1","p":180000.0,"q":28.82,"b":0.0,"ms":0.02,"wi":47.02,"ei":8.56,"as":295.7,"mi":"E","mv":4338,"sc":1,"lpe":99.98,"lpr":19403.64,"lq":1.0,"d":1420288},{"pi":"423782","pc":"Электроника","ss":1000,"td":"Фешенебельный район","dc":1,"n":540.8,"vc":"2548","sl":"Очень высокий","sv":"505","p":165600.0,"q":28.04,"b":0.0,"ms":3.87,"wi":125.2,"ei":8.1,"as":460.75,"mi":"E","mv":13045,"sc":3,"lpe":96.01,"lpr":33603.97,"lq":1.0,"d":2610586},{"pi":"423782","pc":"Электроника","ss":1000,"td":"Фешенебельный район","dc":1,"n":179.71,"vc":"333","sl":"Элитный","sv":"13","p":300000.0,"q":40.26,"b":5.27,"ms":0.1,"wi":125.2,"ei":8.1,"as":460.75,"mi":"E","mv":13045,"sc":3,"lpe":96.01,"lpr":33603.97,"lq":1.0,"d":2610586},{"pi":"423782","pc":"Электроника","ss":1000,"td":"Центр города","dc":5,"n":297.21,"vc":"2868","sl":"Низкий","sv":"2","p":205875.65,"q":18.43,"b":0.0,"ms":0.02,"wi":125.2,"ei":8.1,"as":460.75,"mi":"E","mv":13045,"sc":3,"lpe":96.01,"lpr":33603.97,"lq":1.0,"d":2610586},{"pi":"423782","pc":"Электроника","ss":500,"td":"Фешенебельный район","dc":1,"n":288.11,"vc":"140","sl":"Элитный","sv":"2","p":165000.0,"q":28.82,"b":0.0,"ms":0.03,"wi":141.05,"ei":6.7,"as":518.62,"mi":"E","mv":5784,"sc":1,"lpe":99.97,"lpr":29738.56,"lq":1.0,"d":331084},{"pi":"423782","pc":"Электроника","ss":1000,"td":"Центр города","dc":1,"n":116.05,"vc":"969","sl":"Очень высокий","sv":"6","p":200000.0,"q":15.43,"b":0.0,"ms":0.06,"wi":166.71,"ei":6.9,"as":540.01,"mi":"E","mv":9782,"sc":2,"lpe":99.93,"lpr":44237.36,"lq":1.0,"d":538358},{"pi":"423782","pc":"Электроника","ss":1000,"td":"Фешенебельный район","dc":1,"n":124.35,"vc":"102","sl":"Элитный","sv":"1","p":195000.0,"q":15.43,"b":0.0,"ms":0.01,"wi":166.71,"ei":6.9,"as":540.01,"mi":"E","mv":9782,"sc":2,"lpe":99.93,"lpr":44237.36,"lq":1.0,"d":538358},{"pi":"423782","pc":"Электроника","ss":100000,"td":"Фешенебельный район","dc":1,"n":657.63,"vc":"292600","sl":"Элитный","sv":"621","p":270000.0,"q":27.18,"b":1.19,"ms":5.04,"wi":67.87,"ei":13.63,"as":294.09,"mi":"E","mv":12313,"sc":4,"lpe":94.44,"lpr":61828.92,"lq":1.0,"d":3707406},{"pi":"423782","pc":"Электроника","ss":110000,"td":"Центр города","dc":1,"n":600.65,"vc":"1865864","sl":"Нормальный","sv":"62","p":300000.0,"q":33.86,"b":0.0,"ms":0.5,"wi":67.87,"ei":13.63,"as":294.09,"mi":"E","mv":12313,"sc":4,"lpe":94.44,"lpr":61828.92,"lq":1.0,"d":3707406},{"pi":"423782","pc":"Электроника","ss":200000,"td":"Спальный район","dc":9,"n":708.63,"vc":"5246761","sl":"Очень низкий","sv":"1","p":268302.11,"q":35.98,"b":0.0,"ms":0.01,"wi":67.87,"ei":13.63,"as":294.09,"mi":"E","mv":12313,"sc":4,"lpe":94.44,"lpr":61828.92,"lq":1.0,"d":3707406},{"pi":"423782","pc":"Электроника","ss":100000,"td":"Спальный район","dc":1,"n":708.63,"vc":"2388852","sl":"Низкий","sv":"1","p":283506.81,"q":35.98,"b":0.0,"ms":0.01,"wi":67.87,"ei":13.63,"as":294.09,"mi":"E","mv":12313,"sc":4,"lpe":94.44,"lpr":61828.92,"lq":1.0,"d":3707406},{"pi":"423782","pc":"Электроника","ss":120000,"td":"Центр города","dc":4,"n":302.46,"vc":"49670","sl":"Элитный","sv":"168","p":165000.0,"q":24.74,"b":0.0,"ms":5.51,"wi":41.49,"ei":8.68,"as":310.6,"mi":"E","mv":3047,"sc":2,"lpe":94.45,"lpr":37928.06,"lq":1.0,"d":1113360},{"pi":"423782","pc":"Электроника","ss":100000,"td":"Спальный район","dc":9,"n":730.92,"vc":"2017509","sl":"Очень низкий","sv":"1","p":229426.43,"q":35.98,"b":0.0,"ms":0.03,"wi":41.49,"ei":8.68,"as":310.6,"mi":"E","mv":3047,"sc":2,"lpe":94.45,"lpr":37928.06,"lq":1.0,"d":1113360},{"pi":"423782","pc":"Электроника","ss":300000,"td":"Фешенебельный район","dc":1,"n":508.08,"vc":"140537","sl":"Элитный","sv":"2711","p":300000.0,"q":35.15,"b":0.0,"ms":10.16,"wi":130.81,"ei":7.37,"as":688.02,"mi":"E","mv":26687,"sc":2,"lpe":86.09,"lpr":70123.25,"lq":1.1,"d":2232911},{"pi":"423782","pc":"Электроника","ss":100000,"td":"Центр города","dc":1,"n":444.83,"vc":"336756","sl":"Элитный","sv":"1000","p":250000.0,"q":27.47,"b":0.27,"ms":3.75,"wi":130.81,"ei":7.37,"as":688.02,"mi":"E","mv":26687,"sc":2,"lpe":86.09,"lpr":70123.25,"lq":1.1,"d":2232911},{"pi":"423782","pc":"Электроника","ss":100000,"td":"Фешенебельный район","dc":1,"n":106.04,"vc":"99950","sl":"Элитный","sv":"50","p":330000.0,"q":33.83,"b":0.2646,"ms":0.72,"wi":132.63,"ei":9.47,"as":1003.71,"mi":"E","mv":6927,"sc":1,"lpe":99.28,"lpr":72932.74,"lq":1.0,"d":729058},{"pi":"423782","pc":"Электроника","ss":100000,"td":"Фешенебельный район","dc":1,"n":600.29,"vc":"244114","sl":"Элитный","sv":"50","p":200000.0,"q":33.83,"b":0.0,"ms":0.33,"wi":65.93,"ei":10.05,"as":720.78,"mi":"E","mv":15016,"sc":2,"lpe":99.4,"lpr":45433.07,"lq":1.0,"d":3656347},{"pi":"423782","pc":"Электроника","ss":100000,"td":"Фешенебельный район","dc":1,"n":631.59,"vc":"219893","sl":"Элитный","sv":"40","p":149000.0,"q":33.21,"b":1.08,"ms":0.27,"wi":65.93,"ei":10.05,"as":720.78,"mi":"E","mv":15016,"sc":2,"lpe":99.4,"lpr":45433.07,"lq":1.0,"d":3656347},{"pi":"423782","pc":"Электроника","ss":300000,"td":"Центр города","dc":1,"n":665.17,"vc":"2966355","sl":"Очень высокий","sv":"1000","p":55515.98,"q":35.79,"b":2.81,"ms":8.29,"wi":148.54,"ei":7.19,"as":419.73,"mi":"E","mv":12066,"sc":1,"lpe":91.71,"lpr":11662.76,"lq":1.0,"d":565020},{"pi":"423782","pc":"Электроника","ss":1000,"td":"Фешенебельный район","dc":1,"n":623.44,"vc":"920","sl":"Элитный","sv":"71","p":90000.0,"q":21.44,"b":0.0,"ms":20.17,"wi":80.55,"ei":17.57,"as":489.16,"mi":"E","mv":352,"sc":2,"lpe":78.98,"lpr":28647.81,"lq":2.61,"d":263369},{"pi":"423782","pc":"Электроника","ss":1000,"td":"Центр города","dc":1,"n":206.54,"vc":"584","sl":"Элитный","sv":"3","p":150000.0,"q":24.87,"b":0.0,"ms":0.85,"wi":80.55,"ei":17.57,"as":489.16,"mi":"E","mv":352,"sc":2,"lpe":78.98,"lpr":28647.81,"lq":2.61,"d":263369},{"pi":"423782","pc":"Электроника","ss":300000,"td":"Центр города","dc":1,"n":694.49,"vc":"9980077","sl":"Низкий","sv":"48112","p":120000.0,"q":40.03,"b":4.95,"ms":25.09,"wi":271.56,"ei":9.5,"as":3077.85,"mi":"E","mv":191732,"sc":6,"lpe":67.46,"lpr":39826.49,"lq":3.64,"d":11522928},{"pi":"423782","pc":"Электроника","ss":100000,"td":"Фешенебельный район","dc":1,"n":582.31,"vc":"336501","sl":"Элитный","sv":"5498","p":150000.0,"q":52.59,"b":5.35,"ms":2.87,"wi":271.56,"ei":9.5,"as":3077.85,"mi":"E","mv":191732,"sc":6,"lpe":67.46,"lpr":39826.49,"lq":3.64,"d":11522928},{"pi":"423782","pc":"Электроника","ss":300000,"td":"Центр города","dc":2,"n":593.48,"vc":"5671184","sl":"Низкий","sv":"3900","p":150000.0,"q":31.65,"b":4.71,"ms":2.03,"wi":271.56,"ei":9.5,"as":3077.85,"mi":"E","mv":191732,"sc":6,"lpe":67.46,"lpr":39826.49,"lq":3.64,"d":11522928},{"pi":"423782","pc":"Электроника","ss":100000,"td":"Фешенебельный район","dc":1,"n":620.89,"vc":"325085","sl":"Элитный","sv":"2131","p":150000.0,"q":27.57,"b":1.18,"ms":1.11,"wi":271.56,"ei":9.5,"as":3077.85,"mi":"E","mv":191732,"sc":6,"lpe":67.46,"lpr":39826.49,"lq":3.64,"d":11522928},{"pi":"423782","pc":"Электроника","ss":300000,"td":"Фешенебельный район","dc":1,"n":644.26,"vc":"1385784","sl":"Элитный","sv":"1758","p":182600.0,"q":32.87,"b":2.96,"ms":0.92,"wi":271.56,"ei":9.5,"as":3077.85,"mi":"E","mv":191732,"sc":6,"lpe":67.46,"lpr":39826.49,"lq":3.64,"d":11522928},{"pi":"423782","pc":"Электроника","ss":300000,"td":"Центр города","dc":1,"n":500.0,"vc":"1539636","sl":"Элитный","sv":"1000","p":33995.89,"q":35.79,"b":0.0,"ms":0.52,"wi":271.56,"ei":9.5,"as":3077.85,"mi":"E","mv":191732,"sc":6,"lpe":67.46,"lpr":39826.49,"lq":3.64,"d":11522928},{"pi":"423782","pc":"Электроника","ss":100000,"td":"Фешенебельный район","dc":1,"n":682.73,"vc":"489834","sl":"Очень высокий","sv":"1596","p":107300.0,"q":32.89,"b":2.5,"ms":14.25,"wi":78.92,"ei":7.43,"as":400.74,"mi":"E","mv":11199,"sc":2,"lpe":85.52,"lpr":18152.82,"lq":1.66,"d":2134448},{"pi":"423782","pc":"Электроника","ss":100000,"td":"Центр города","dc":1,"n":226.41,"vc":"27054","sl":"Очень высокий","sv":"26","p":105000.0,"q":26.36,"b":2.25,"ms":0.23,"wi":78.92,"ei":7.43,"as":400.74,"mi":"E","mv":11199,"sc":2,"lpe":85.52,"lpr":18152.82,"lq":1.66,"d":2134448},{"pi":"423782","pc":"Электроника","ss":100000,"td":"Центр города","dc":1,"n":586.15,"vc":"416630","sl":"Элитный","sv":"5101","p":55000.0,"q":33.58,"b":7.34,"ms":100.0,"wi":218.45,"ei":9.14,"as":1155.0,"mi":"AAA","mv":5101,"sc":1,"lpe":0.0,"lpr":14298.13,"lq":8.21,"d":310955},{"pi":"423782","pc":"Электроника","ss":10000,"td":"Центр города","dc":6,"n":676.81,"vc":"60459","sl":"Очень низкий","sv":"2","p":450000.0,"q":17.88,"b":0.0,"ms":1.09,"wi":74.29,"ei":22.79,"as":7985.96,"mi":"E","mv":184,"sc":1,"lpe":98.91,"lpr":113005.4,"lq":1.0,"d":99462},{"pi":"423782","pc":"Электроника","ss":1000,"td":"Центр города","dc":3,"n":104.9,"vc":"330","sl":"Элитный","sv":"2","p":175123.0,"q":23.14,"b":0.0,"ms":0.11,"wi":152.54,"ei":6.1,"as":450.8,"mi":"E","mv":1745,"sc":1,"lpe":99.89,"lpr":33125.85,"lq":1.0,"d":94738},{"pi":"423782","pc":"Электроника","ss":100000,"td":"Фешенебельный район","dc":1,"n":687.42,"vc":"252375","sl":"Элитный","sv":"204","p":51200.0,"q":28.04,"b":0.0,"ms":3.69,"wi":97.28,"ei":4.99,"as":1157.42,"mi":"E","mv":5524,"sc":1,"lpe":96.31,"lpr":7912.94,"lq":1.0,"d":302682},{"pi":"423782","pc":"Электроника","ss":1000,"td":"Фешенебельный район","dc":1,"n":487.17,"vc":"1228","sl":"Элитный","sv":"127","p":105000.0,"q":21.48,"b":0.68,"ms":1.55,"wi":109.05,"ei":10.93,"as":895.15,"mi":"E","mv":8204,"sc":1,"lpe":98.45,"lpr":34569.61,"lq":1.0,"d":822507},{"pi":"423782","pc":"Электроника","ss":1000,"td":"Фешенебельный район","dc":1,"n":611.64,"vc":"1011","sl":"Элитный","sv":"129","p":70000.0,"q":21.48,"b":0.68,"ms":4.0,"wi":55.55,"ei":7.93,"as":747.15,"mi":"E","mv":3228,"sc":1,"lpe":96.0,"lpr":11527.12,"lq":1.0,"d":312327},{"pi":"423782","pc":"Электроника","ss":1000,"td":"Фешенебельный район","dc":1,"n":626.05,"vc":"1336","sl":"Элитный","sv":"94","p":90000.0,"q":21.44,"b":0.68,"ms":20.35,"wi":43.93,"ei":7.81,"as":823.2,"mi":"E","mv":462,"sc":1,"lpe":79.65,"lpr":18072.45,"lq":1.49,"d":171629},{"pi":"423782","pc":"Электроника","ss":100000,"td":"Центр города","dc":3,"n":537.9,"vc":"260094","sl":"Низкий","sv":"2","p":190000.0,"q":5.46,"b":0.0,"ms":0.12,"wi":89.51,"ei":5.66,"as":1251.03,"mi":"E","mv":1729,"sc":1,"lpe":99.88,"lpr":42036.75,"lq":1.0,"d":289693},{"pi":"423782","pc":"Электроника","ss":100000,"td":"Фешенебельный район","dc":2,"n":655.79,"vc":"227404","sl":"Очень высокий","sv":"150","p":260000.0,"q":33.21,"b":2.82,"ms":1.49,"wi":93.03,"ei":6.75,"as":1135.42,"mi":"E","mv":10079,"sc":1,"lpe":98.51,"lpr":64142.11,"lq":1.0,"d":1839765},{"pi":"423782","pc":"Электроника","ss":100000,"td":"Центр города","dc":1,"n":438.79,"vc":"247248","sl":"Элитный","sv":"433","p":320000.0,"q":24.97,"b":0.0,"ms":7.51,"wi":98.75,"ei":9.64,"as":1895.76,"mi":"E","mv":5762,"sc":2,"lpe":92.36,"lpr":65668.38,"lq":1.89,"d":1090374},{"pi":"423782","pc":"Электроника","ss":100000,"td":"Фешенебельный район","dc":1,"n":411.32,"vc":"18986","sl":"Элитный","sv":"7","p":369999.99,"q":22.27,"b":0.0,"ms":0.12,"wi":98.75,"ei":9.64,"as":1895.76,"mi":"E","mv":5762,"sc":2,"lpe":92.36,"lpr":65668.38,"lq":1.89,"d":1090374},{"pi":"423782","pc":"Электроника","ss":300000,"td":"Фешенебельный район","dc":1,"n":693.89,"vc":"587508","sl":"Элитный","sv":"80","p":202020.2,"q":40.84,"b":7.27,"ms":0.81,"wi":169.6,"ei":11.76,"as":862.01,"mi":"E","mv":9895,"sc":1,"lpe":99.19,"lpr":37121.0,"lq":1.0,"d":809246},{"pi":"423782","pc":"Электроника","ss":200000,"td":"Центр города","dc":1,"n":390.72,"vc":"338475","sl":"Высокий","sv":"1431","p":140000.0,"q":26.13,"b":2.31238993710692,"ms":2.77,"wi":64.66,"ei":6.67,"as":632.01,"mi":"E","mv":51744,"sc":1,"lpe":97.23,"lpr":33841.44,"lq":1.0,"d":6381298},{"pi":"423782","pc":"Электроника","ss":100000,"td":"Фешенебельный район","dc":1,"n":682.76,"vc":"409336","sl":"Элитный","sv":"1000","p":200000.0,"q":20.9,"b":0.0,"ms":1.88,"wi":134.2,"ei":9.8,"as":725.97,"mi":"E","mv":53311,"sc":2,"lpe":97.56,"lpr":87779.87,"lq":1.0,"d":4067094},{"pi":"423782","pc":"Электроника","ss":1200,"td":"Центр города","dc":1,"n":268.15,"vc":"3444","sl":"Очень высокий","sv":"299","p":150000.0,"q":24.87,"b":0.0,"ms":0.56,"wi":134.2,"ei":9.8,"as":725.97,"mi":"E","mv":53311,"sc":2,"lpe":97.56,"lpr":87779.87,"lq":1.0,"d":4067094},{"pi":"423782","pc":"Электроника","ss":100000,"td":"Центр города","dc":2,"n":653.11,"vc":"1436502","sl":"Низкий","sv":"17","p":500000.0,"q":33.47,"b":0.0,"ms":0.87,"wi":88.89,"ei":7.78,"as":394.84,"mi":"E","mv":1950,"sc":1,"lpe":99.13,"lpr":60314.9,"lq":1.0,"d":461094},{"pi":"423782","pc":"Электроника","ss":10000,"td":"Фешенебельный район","dc":1,"n":139.61,"vc":"560","sl":"Элитный","sv":"1","p":120001.0,"q":28.23,"b":0.93,"ms":0.0,"wi":96.79,"ei":7.02,"as":524.32,"mi":"E","mv":40729,"sc":1,"lpe":100.0,"lpr":25212.8,"lq":1.0,"d":2230467},{"pi":"423782","pc":"Электроника","ss":1000,"td":"Фешенебельный район","dc":1,"n":317.32,"vc":"300","sl":"Элитный","sv":"30","p":240000.0,"q":26.37,"b":6.69,"ms":2.49,"wi":267.91,"ei":10.37,"as":2442.36,"mi":"E","mv":1206,"sc":1,"lpe":97.51,"lpr":167865.25,"lq":1.0,"d":167072},{"pi":"423782","pc":"Электроника","ss":100000,"td":"Фешенебельный район","dc":1,"n":598.41,"vc":"60741","sl":"Элитный","sv":"44","p":45000.0,"q":20.93,"b":0.0,"ms":1.6,"wi":63.41,"ei":7.46,"as":388.5,"mi":"E","mv":2756,"sc":1,"lpe":98.4,"lpr":7928.42,"lq":1.0,"d":237417},{"pi":"423782","pc":"Электроника","ss":100000,"td":"Фешенебельный район","dc":1,"n":609.28,"vc":"64175","sl":"Элитный","sv":"19","p":50000.0,"q":20.93,"b":0.0,"ms":0.79,"wi":78.35,"ei":7.67,"as":430.5,"mi":"E","mv":2393,"sc":1,"lpe":99.21,"lpr":8663.86,"lq":1.0,"d":224960},{"pi":"423782","pc":"Электроника","ss":100000,"td":"Центр города","dc":3,"n":414.07,"vc":"117540","sl":"Нормальный","sv":"193","p":333333.33,"q":24.55,"b":0.0,"ms":8.14,"wi":84.97,"ei":10.25,"as":639.3,"mi":"E","mv":2372,"sc":1,"lpe":91.86,"lpr":86992.19,"lq":1.0,"d":1527583},{"pi":"423782","pc":"Электроника","ss":100000,"td":"Центр города","dc":1,"n":505.52,"vc":"586804","sl":"Очень высокий","sv":"20","p":215000.0,"q":27.76,"b":1.15,"ms":0.01,"wi":109.51,"ei":11.99,"as":1325.2,"mi":"E","mv":144061,"sc":2,"lpe":99.99,"lpr":44734.47,"lq":1.0,"d":6561214},{"pi":"423782","pc":"Электроника","ss":100000,"td":"Фешенебельный район","dc":1,"n":670.98,"vc":"432058","sl":"Элитный","sv":"1","p":350000.0,"q":29.47,"b":3.43,"ms":0.0,"wi":109.51,"ei":11.99,"as":1325.2,"mi":"E","mv":144061,"sc":2,"lpe":99.99,"lpr":44734.47,"lq":1.0,"d":6561214},{"pi":"423782","pc":"Электроника","ss":1000,"td":"Центр города","dc":2,"n":204.75,"vc":"344","sl":"Элитный","sv":"4","p":170000.0,"q":15.62,"b":0.58,"ms":3.77,"wi":43.15,"ei":9.89,"as":1436.69,"mi":"E","mv":106,"sc":1,"lpe":96.23,"lpr":38765.4,"lq":1.0,"d":127845},{"pi":"423782","pc":"Электроника","ss":100000,"td":"Фешенебельный район","dc":1,"n":603.75,"vc":"257696","sl":"Элитный","sv":"9253","p":120000.0,"q":19.24,"b":0.00811628660974819,"ms":7.93,"wi":394.9,"ei":8.22,"as":694.55,"mi":"E","mv":116630,"sc":3,"lpe":91.33,"lpr":42648.53,"lq":1.4,"d":9501607},{"pi":"423782","pc":"Электроника","ss":100000,"td":"Пригород","dc":1,"n":485.47,"vc":"220358","sl":"Элитный","sv":"748","p":170000.0,"q":24.87,"b":2.51,"ms":0.64,"wi":394.9,"ei":8.22,"as":694.55,"mi":"E","mv":116630,"sc":3,"lpe":91.33,"lpr":42648.53,"lq":1.4,"d":9501607},{"pi":"423782","pc":"Электроника","ss":100000,"td":"Фешенебельный район","dc":1,"n":636.4,"vc":"352727","sl":"Элитный","sv":"105","p":200000.0,"q":20.92,"b":0.240190476190476,"ms":0.09,"wi":394.9,"ei":8.22,"as":694.55,"mi":"E","mv":116630,"sc":3,"lpe":91.33,"lpr":42648.53,"lq":1.4,"d":9501607},{"pi":"423782","pc":"Электроника","ss":100000,"td":"Центр города","dc":1,"n":483.07,"vc":"442948","sl":"Элитный","sv":"634","p":240000.0,"q":33.29,"b":2.31350157728707,"ms":4.77,"wi":207.16,"ei":8.03,"as":511.29,"mi":"E","mv":13287,"sc":1,"lpe":95.23,"lpr":46128.63,"lq":1.0,"d":1709120},{"pi":"423782","pc":"Электроника","ss":1000,"td":"Фешенебельный район","dc":1,"n":704.21,"vc":"1129","sl":"Элитный","sv":"23","p":40000.0,"q":21.48,"b":0.68,"ms":2.88,"wi":40.45,"ei":6.38,"as":420.87,"mi":"E","mv":799,"sc":1,"lpe":97.12,"lpr":7914.02,"lq":1.0,"d":76332},{"pi":"423782","pc":"Электроника","ss":100000,"td":"Центр города","dc":1,"n":490.56,"vc":"238157","sl":"Очень высокий","sv":"411","p":180000.0,"q":25.95,"b":1.5492700729927,"ms":6.22,"wi":97.69,"ei":6.75,"as":587.06,"mi":"E","mv":6611,"sc":1,"lpe":93.78,"lpr":36551.3,"lq":1.0,"d":752474},{"pi":"423782","pc":"Электроника","ss":20000,"td":"Фешенебельный район","dc":1,"n":323.11,"vc":"3436","sl":"Нормальный","sv":"3","p":200000.0,"q":23.63,"b":3.96,"ms":0.11,"wi":19.06,"ei":12.16,"as":215.31,"mi":"E","mv":2704,"sc":1,"lpe":99.89,"lpr":27505.02,"lq":1.0,"d":5155099},{"pi":"423782","pc":"Электроника","ss":100000,"td":"Фешенебельный район","dc":1,"n":610.15,"vc":"266246","sl":"Элитный","sv":"275","p":160000.0,"q":23.27,"b":0.0,"ms":3.17,"wi":57.54,"ei":13.1,"as":741.67,"mi":"E","mv":8676,"sc":1,"lpe":96.83,"lpr":42925.51,"lq":1.0,"d":3045477},{"pi":"423782","pc":"Электроника","ss":100000,"td":"Центр города","dc":1,"n":469.03,"vc":"267912","sl":"Элитный","sv":"10","p":150000.0,"q":27.89,"b":0.0,"ms":0.11,"wi":139.51,"ei":9.98,"as":1185.72,"mi":"E","mv":9406,"sc":1,"lpe":99.89,"lpr":22559.88,"lq":1.13,"d":806349},{"pi":"423782","pc":"Электроника","ss":100000,"td":"Фешенебельный район","dc":1,"n":564.17,"vc":"96226","sl":"Элитный","sv":"153","p":250000.0,"q":20.95,"b":0.0,"ms":2.8,"wi":85.36,"ei":8.17,"as":454.27,"mi":"E","mv":5471,"sc":2,"lpe":97.19,"lpr":44358.97,"lq":1.0,"d":530476},{"pi":"423782","pc":"Электроника","ss":10000,"td":"Центр города","dc":4,"n":383.21,"vc":"13695","sl":"Высокий","sv":"1","p":235748.65,"q":15.11,"b":0.0,"ms":0.02,"wi":85.36,"ei":8.17,"as":454.27,"mi":"E","mv":5471,"sc":2,"lpe":97.19,"lpr":44358.97,"lq":1.0,"d":530476},{"pi":"423782","pc":"Электроника","ss":100000,"td":"Центр города","dc":1,"n":460.11,"vc":"277683","sl":"Элитный","sv":"209","p":155000.0,"q":28.8,"b":0.0,"ms":1.46,"wi":190.14,"ei":10.4,"as":1225.0,"mi":"E","mv":14310,"sc":1,"lpe":98.54,"lpr":30392.55,"lq":1.05,"d":968944},{"pi":"423782","pc":"Электроника","ss":100000,"td":"Центр города","dc":1,"n":438.21,"vc":"261882","sl":"Элитный","sv":"470","p":200000.0,"q":24.87,"b":0.0,"ms":2.23,"wi":127.34,"ei":10.71,"as":1372.0,"mi":"E","mv":21046,"sc":2,"lpe":97.75,"lpr":43862.14,"lq":1.22,"d":1305678},{"pi":"423782","pc":"Электроника","ss":100000,"td":"Центр города","dc":1,"n":601.29,"vc":"837630","sl":"Высокий","sv":"3","p":309015.72,"q":28.82,"b":0.0,"ms":0.01,"wi":127.34,"ei":10.71,"as":1372.0,"mi":"E","mv":21046,"sc":2,"lpe":97.75,"lpr":43862.14,"lq":1.22,"d":1305678},{"pi":"423782","pc":"Электроника","ss":300000,"td":"Центр города","dc":1,"n":689.37,"vc":"1202823","sl":"Элитный","sv":"500","p":25985.24,"q":35.79,"b":5.78,"ms":7.41,"wi":147.44,"ei":8.59,"as":842.6,"mi":"E","mv":6750,"sc":1,"lpe":92.59,"lpr":24618.61,"lq":1.0,"d":251847},{"pi":"423782","pc":"Электроника","ss":300000,"td":"Центр города","dc":1,"n":694.4,"vc":"798078","sl":"Элитный","sv":"500","p":23708.63,"q":35.79,"b":5.78,"ms":8.03,"wi":127.31,"ei":8.39,"as":998.3,"mi":"E","mv":6226,"sc":1,"lpe":91.97,"lpr":21607.32,"lq":1.0,"d":266022},{"pi":"423782","pc":"Электроника","ss":300000,"td":"Центр города","dc":1,"n":689.65,"vc":"1411137","sl":"Элитный","sv":"500","p":24108.36,"q":35.79,"b":5.78,"ms":8.46,"wi":89.13,"ei":8.54,"as":1187.62,"mi":"E","mv":5909,"sc":1,"lpe":91.54,"lpr":21779.17,"lq":1.0,"d":445695},{"pi":"423782","pc":"Электроника","ss":1000,"td":"Фешенебельный район","dc":1,"n":528.6,"vc":"1473","sl":"Элитный","sv":"65","p":200200.0,"q":22.78,"b":2.05,"ms":0.51,"wi":123.96,"ei":6.52,"as":593.48,"mi":"E","mv":12837,"sc":1,"lpe":99.49,"lpr":24793.35,"lq":1.0,"d":522937},{"pi":"423782","pc":"Электроника","ss":200000,"td":"Фешенебельный район","dc":3,"n":430.07,"vc":"44524","sl":"Элитный","sv":"1934","p":200000.0,"q":31.43,"b":0.0,"ms":4.47,"wi":176.86,"ei":9.63,"as":1429.05,"mi":"E","mv":43230,"sc":2,"lpe":94.37,"lpr":44458.01,"lq":1.0,"d":1361714},{"pi":"423782","pc":"Электроника","ss":300000,"td":"Центр города","dc":1,"n":555.35,"vc":"1861738","sl":"Очень высокий","sv":"500","p":37849.98,"q":35.79,"b":5.78,"ms":1.16,"wi":176.86,"ei":9.63,"as":1429.05,"mi":"E","mv":43230,"sc":2,"lpe":94.37,"lpr":44458.01,"lq":1.0,"d":1361714},{"pi":"423782","pc":"Электроника","ss":1000,"td":"Фешенебельный район","dc":1,"n":545.61,"vc":"2020","sl":"Очень высокий","sv":"5","p":90000.0,"q":33.21,"b":2.25,"ms":0.01,"wi":136.64,"ei":8.24,"as":623.56,"mi":"E","mv":51972,"sc":2,"lpe":99.99,"lpr":19104.49,"lq":1.0,"d":1164293},{"pi":"423782","pc":"Электроника","ss":1000,"td":"Фешенебельный район","dc":1,"n":524.64,"vc":"1796","sl":"Очень высокий","sv":"1","p":220000.0,"q":28.15,"b":5.42,"ms":0.0,"wi":136.64,"ei":8.24,"as":623.56,"mi":"E","mv":51972,"sc":2,"lpe":99.99,"lpr":19104.49,"lq":1.0,"d":1164293},{"pi":"423782","pc":"Электроника","ss":1000,"td":"Фешенебельный район","dc":1,"n":665.92,"vc":"2200","sl":"Очень высокий","sv":"203","p":106000.0,"q":21.76,"b":2.05,"ms":2.96,"wi":101.28,"ei":4.87,"as":355.62,"mi":"E","mv":6857,"sc":1,"lpe":97.04,"lpr":15545.48,"lq":1.0,"d":1172689},{"pi":"423782","pc":"Электроника","ss":30000,"td":"Центр города","dc":1,"n":454.18,"vc":"73371","sl":"Элитный","sv":"500","p":155000.0,"q":24.16,"b":1.66,"ms":8.28,"wi":77.88,"ei":12.05,"as":600.12,"mi":"E","mv":6036,"sc":1,"lpe":91.72,"lpr":40654.97,"lq":1.0,"d":1379560},{"pi":"423782","pc":"Электроника","ss":10000,"td":"Фешенебельный район","dc":1,"n":642.88,"vc":"22756","sl":"Элитный","sv":"1002","p":101900.0,"q":28.04,"b":0.0,"ms":15.82,"wi":75.41,"ei":8.49,"as":847.45,"mi":"E","mv":6332,"sc":1,"lpe":84.18,"lpr":13714.66,"lq":1.04,"d":1283055},{"pi":"423782","pc":"Электроника","ss":300000,"td":"Центр города","dc":1,"n":659.68,"vc":"2208774","sl":"Очень высокий","sv":"500","p":34389.71,"q":35.79,"b":5.78,"ms":2.76,"wi":228.1,"ei":8.47,"as":853.23,"mi":"E","mv":18116,"sc":1,"lpe":97.24,"lpr":28852.14,"lq":1.0,"d":420720},{"pi":"423782","pc":"Электроника","ss":300000,"td":"Центр города","dc":1,"n":687.91,"vc":"1346787","sl":"Элитный","sv":"500","p":26440.3,"q":35.79,"b":5.78,"ms":6.83,"wi":126.07,"ei":9.09,"as":1179.24,"mi":"E","mv":7317,"sc":1,"lpe":93.17,"lpr":25592.36,"lq":1.0,"d":345184},{"pi":"423782","pc":"Электроника","ss":100000,"td":"Центр города","dc":1,"n":542.05,"vc":"443170","sl":"Элитный","sv":"2200","p":160000.0,"q":25.45,"b":0.0,"ms":9.76,"wi":199.46,"ei":9.29,"as":1878.18,"mi":"E","mv":22537,"sc":3,"lpe":87.84,"lpr":46065.63,"lq":1.0,"d":1078310},{"pi":"423782","pc":"Электроника","ss":300000,"td":"Спальный район","dc":1,"n":586.78,"vc":"1740540","sl":"Очень высокий","sv":"500","p":73493.81,"q":35.79,"b":5.78,"ms":2.22,"wi":199.46,"ei":9.29,"as":1878.18,"mi":"E","mv":22537,"sc":3,"lpe":87.84,"lpr":46065.63,"lq":1.0,"d":1078310},{"pi":"423782","pc":"Электроника","ss":50000,"td":"Фешенебельный район","dc":1,"n":569.85,"vc":"66602","sl":"Элитный","sv":"40","p":250000.0,"q":33.49,"b":0.0,"ms":0.18,"wi":199.46,"ei":9.29,"as":1878.18,"mi":"E","mv":22537,"sc":3,"lpe":87.84,"lpr":46065.63,"lq":1.0,"d":1078310},{"pi":"423782","pc":"Электроника","ss":200000,"td":"Фешенебельный район","dc":3,"n":433.54,"vc":"45346","sl":"Элитный","sv":"1169","p":190000.0,"q":28.82,"b":0.0,"ms":7.54,"wi":205.51,"ei":9.37,"as":1972.09,"mi":"E","mv":15503,"sc":3,"lpe":89.11,"lpr":49260.76,"lq":1.7,"d":1293976},{"pi":"423782","pc":"Электроника","ss":300000,"td":"Центр города","dc":1,"n":572.94,"vc":"2165446","sl":"Очень высокий","sv":"500","p":72940.4,"q":35.79,"b":5.78,"ms":3.23,"wi":205.51,"ei":9.37,"as":1972.09,"mi":"E","mv":15503,"sc":3,"lpe":89.11,"lpr":49260.76,"lq":1.7,"d":1293976},{"pi":"423782","pc":"Электроника","ss":100000,"td":"Фешенебельный район","dc":1,"n":664.6,"vc":"230224","sl":"Элитный","sv":"20","p":350000.0,"q":26.51,"b":1.26,"ms":0.13,"wi":205.51,"ei":9.37,"as":1972.09,"mi":"E","mv":15503,"sc":3,"lpe":89.11,"lpr":49260.76,"lq":1.7,"d":1293976},{"pi":"423782","pc":"Электроника","ss":300000,"td":"Центр города","dc":2,"n":507.85,"vc":"806169","sl":"Элитный","sv":"206","p":78000.0,"q":34.36,"b":3.64,"ms":3.79,"wi":62.47,"ei":10.62,"as":593.08,"mi":"E","mv":5438,"sc":1,"lpe":96.21,"lpr":9633.62,"lq":1.0,"d":729464}]