[{"pi":"422200","pc":"Товары для дома","ss":100000,"td":"Центр города","dc":2,"n":462.76,"vc":"418714","sl":"Высокий","sv":"4000","p":3600.0,"q":21.38,"b":1.62,"ms":0.67,"wi":131.96,"ei":6.72,"as":1776.47,"mi":"E","mv":593649,"sc":1,"lpe":99.33,"lpr":2285.57,"lq":1.0,"d":2542506},{"pi":"422200","pc":"Товары для дома","ss":200000,"td":"Центр города","dc":3,"n":402.61,"vc":"627794","sl":"Высокий","sv":"3","p":2130.0,"q":20.78,"b":1.97,"ms":0.0,"wi":27.86,"ei":3.43,"as":42.92,"mi":"E","mv":1259834,"sc":1,"lpe":100.0,"lpr":299.49,"lq":1.0,"d":9216794},{"pi":"422200","pc":"Товары для дома","ss":10000,"td":"Центр города","dc":1,"n":28.93,"vc":"1226","sl":"Элитный","sv":"9065","p":1300.0,"q":3.54,"b":0.25,"ms":3.76,"wi":86.72,"ei":7.1,"as":871.5,"mi":"E","mv":241099,"sc":1,"lpe":96.24,"lpr":1319.84,"lq":1.0,"d":957768},{"pi":"422200","pc":"Товары для дома","ss":100000,"td":"Центр города","dc":1,"n":439.87,"vc":"338596","sl":"Элитный","sv":"11300","p":2700.0,"q":21.38,"b":2.51,"ms":1.3,"wi":81.91,"ei":8.82,"as":546.4,"mi":"E","mv":868103,"sc":1,"lpe":98.7,"lpr":1000.13,"lq":1.0,"d":2598727},{"pi":"422200","pc":"Товары для дома","ss":100000,"td":"Центр города","dc":1,"n":496.36,"vc":"405114","sl":"Элитный","sv":"10000","p":4050.0,"q":21.38,"b":2.99,"ms":9.15,"wi":108.65,"ei":7.35,"as":1291.6,"mi":"E","mv":109260,"sc":1,"lpe":90.85,"lpr":842.05,"lq":1.0,"d":1033752},{"pi":"422200","pc":"Товары для дома","ss":200000,"td":"Центр города","dc":2,"n":559.12,"vc":"1517842","sl":"Нормальный","sv":"8800","p":3600.0,"q":21.38,"b":2.99,"ms":8.19,"wi":109.29,"ei":6.7,"as":1597.06,"mi":"E","mv":107405,"sc":1,"lpe":91.81,"lpr":1623.58,"lq":1.0,"d":976806},{"pi":"422200","pc":"Товары для дома","ss":1000,"td":"Фешенебельный район","dc":1,"n":452.88,"vc":"1197","sl":"Элитный","sv":"30","p":3000.0,"q":21.38,"b":3.06,"ms":0.01,"wi":89.51,"ei":7.06,"as":573.3,"mi":"E","mv":266658,"sc":1,"lpe":99.99,"lpr":954.17,"lq":1.0,"d":978294},{"pi":"422200","pc":"Товары для дома","ss":40000,"td":"Центр города","dc":3,"n":451.6,"vc":"125733","sl":"Низкий","sv":"30765","p":4550.0,"q":6.55,"b":0.0,"ms":100.0,"wi":92.28,"ei":6.9,"as":352.04,"mi":"AA","mv":30765,"sc":1,"lpe":0.0,"lpr":3272.91,"lq":1.35,"d":995636},{"pi":"422200","pc":"Товары для дома","ss":20000,"td":"Центр города","dc":1,"n":410.05,"vc":"22668","sl":"Очень высокий","sv":"322","p":1400.0,"q":11.5,"b":0.0,"ms":4.53,"wi":16.85,"ei":9.28,"as":159.29,"mi":"E","mv":7112,"sc":1,"lpe":95.47,"lpr":318.67,"lq":1.0,"d":425899},{"pi":"422200","pc":"Товары для дома","ss":100000,"td":"Центр города","dc":2,"n":450.57,"vc":"270873","sl":"Очень высокий","sv":"14000","p":2600.0,"q":21.38,"b":3.05,"ms":7.13,"wi":62.28,"ei":8.99,"as":967.35,"mi":"E","mv":196335,"sc":1,"lpe":92.87,"lpr":946.75,"lq":1.0,"d":1023950},{"pi":"422200","pc":"Товары для дома","ss":10000,"td":"Центр города","dc":1,"n":422.4,"vc":"26415","sl":"Элитный","sv":"1427","p":2100.0,"q":10.15,"b":1.53264190609671,"ms":0.47,"wi":45.03,"ei":10.64,"as":673.75,"mi":"E","mv":300772,"sc":1,"lpe":99.53,"lpr":516.58,"lq":1.0,"d":2541514},{"pi":"422200","pc":"Товары для дома","ss":10000,"td":"Центр города","dc":1,"n":491.56,"vc":"91107","sl":"Нормальный","sv":"14000","p":2550.0,"q":21.38,"b":3.67,"ms":1.81,"wi":59.25,"ei":8.02,"as":811.4,"mi":"E","mv":774601,"sc":2,"lpe":97.68,"lpr":1010.21,"lq":1.0,"d":4968783},{"pi":"422200","pc":"Товары для дома","ss":10000,"td":"Центр города","dc":1,"n":351.46,"vc":"21552","sl":"Очень высокий","sv":"4000","p":3500.0,"q":11.51,"b":2.135185,"ms":0.52,"wi":59.25,"ei":8.02,"as":811.4,"mi":"E","mv":774601,"sc":2,"lpe":97.68,"lpr":1010.21,"lq":1.0,"d":4968783},{"pi":"422200","pc":"Товары для дома","ss":100000,"td":"Центр города","dc":2,"n":530.78,"vc":"456160","sl":"Высокий","sv":"8000","p":3700.0,"q":21.38,"b":3.5,"ms":6.14,"wi":191.47,"ei":9.72,"as":2008.97,"mi":"E","mv":130336,"sc":1,"lpe":93.86,"lpr":2162.21,"lq":1.0,"d":501060},{"pi":"422200","pc":"Товары для дома","ss":100000,"td":"Фешенебельный район","dc":2,"n":498.65,"vc":"83082","sl":"Элитный","sv":"8900","p":3400.0,"q":21.38,"b":1.71,"ms":1.27,"wi":127.75,"ei":7.06,"as":1642.86,"mi":"E","mv":702659,"sc":1,"lpe":98.73,"lpr":1581.86,"lq":1.0,"d":2109186},{"pi":"422200","pc":"Товары для дома","ss":100000,"td":"Центр города","dc":1,"n":398.89,"vc":"220848","sl":"Элитный","sv":"88000","p":1315.0,"q":7.49,"b":5.73,"ms":7.22,"wi":40.67,"ei":5.73,"as":513.32,"mi":"E","mv":1219022,"sc":1,"lpe":92.78,"lpr":555.9,"lq":1.0,"d":7527186},{"pi":"422200","pc":"Товары для дома","ss":10000,"td":"Фешенебельный район","dc":4,"n":550.5,"vc":"5337","sl":"Элитный","sv":"1486","p":1000.0,"q":3.84,"b":0.0,"ms":11.19,"wi":22.26,"ei":6.08,"as":509.37,"mi":"E","mv":13280,"sc":1,"lpe":88.81,"lpr":524.81,"lq":1.07,"d":944097},{"pi":"422200","pc":"Товары для дома","ss":100000,"td":"Центр города","dc":1,"n":509.91,"vc":"470800","sl":"Очень высокий","sv":"9200","p":2900.0,"q":21.38,"b":3.08,"ms":3.15,"wi":73.83,"ei":6.3,"as":571.53,"mi":"E","mv":292124,"sc":1,"lpe":96.85,"lpr":889.95,"lq":1.0,"d":973156},{"pi":"422200","pc":"Товары для дома","ss":22000,"td":"Центр города","dc":2,"n":364.55,"vc":"29250","sl":"Низкий","sv":"300","p":1003.0,"q":6.56,"b":0.0,"ms":0.21,"wi":81.36,"ei":6.0,"as":546.98,"mi":"E","mv":144587,"sc":1,"lpe":99.79,"lpr":818.66,"lq":1.0,"d":453298},{"pi":"422200","pc":"Товары для дома","ss":1000,"td":"Центр города","dc":1,"n":661.77,"vc":"12816","sl":"Низкий","sv":"4000","p":2300.0,"q":21.38,"b":6.17,"ms":8.35,"wi":100.73,"ei":10.74,"as":1420.16,"mi":"E","mv":47901,"sc":1,"lpe":91.65,"lpr":967.0,"lq":1.0,"d":130817},{"pi":"422200","pc":"Товары для дома","ss":200000,"td":"Центр города","dc":2,"n":409.85,"vc":"645374","sl":"Очень высокий","sv":"33000","p":2800.0,"q":21.38,"b":1.97,"ms":4.2,"wi":51.76,"ei":4.41,"as":655.66,"mi":"E","mv":785207,"sc":1,"lpe":95.8,"lpr":960.77,"lq":1.0,"d":7172110},{"pi":"422200","pc":"Товары для дома","ss":3100,"td":"Спальный район","dc":3,"n":8.75,"vc":"1262","sl":"Элитный","sv":"3","p":980.0,"q":6.56,"b":0.0,"ms":0.0,"wi":39.97,"ei":5.34,"as":208.05,"mi":"E","mv":1636307,"sc":1,"lpe":100.0,"lpr":910.92,"lq":1.0,"d":12982716},{"pi":"422200","pc":"Товары для дома","ss":100000,"td":"Центр города","dc":1,"n":555.91,"vc":"744792","sl":"Очень высокий","sv":"6500","p":3700.0,"q":21.38,"b":1.85,"ms":8.04,"wi":113.29,"ei":8.52,"as":2226.16,"mi":"E","mv":80830,"sc":1,"lpe":91.96,"lpr":1317.57,"lq":1.0,"d":1235082},{"pi":"422200","pc":"Товары для дома","ss":200000,"td":"Фешенебельный район","dc":2,"n":502.8,"vc":"159526","sl":"Элитный","sv":"5500","p":3100.0,"q":21.38,"b":2.72,"ms":1.25,"wi":78.65,"ei":6.43,"as":351.11,"mi":"E","mv":441168,"sc":1,"lpe":98.75,"lpr":899.73,"lq":1.0,"d":1885836},{"pi":"422200","pc":"Товары для дома","ss":100000,"td":"Центр города","dc":2,"n":415.29,"vc":"229502","sl":"Очень высокий","sv":"1500","p":4100.0,"q":21.38,"b":0.82,"ms":0.47,"wi":98.78,"ei":7.86,"as":1444.66,"mi":"E","mv":317110,"sc":1,"lpe":99.53,"lpr":1812.26,"lq":1.0,"d":1680666},{"pi":"422200","pc":"Товары для дома","ss":100000,"td":"Фешенебельный район","dc":2,"n":550.18,"vc":"97776","sl":"Элитный","sv":"50000","p":3000.0,"q":3.91,"b":0.0,"ms":10.51,"wi":116.13,"ei":7.17,"as":2122.22,"mi":"E","mv":475866,"sc":2,"lpe":85.29,"lpr":2555.99,"lq":1.96,"d":2596850},{"pi":"422200","pc":"Товары для дома","ss":100000,"td":"Фешенебельный район","dc":1,"n":461.52,"vc":"62526","sl":"Элитный","sv":"20000","p":4300.0,"q":21.38,"b":1.85,"ms":4.2,"wi":116.13,"ei":7.17,"as":2122.22,"mi":"E","mv":475866,"sc":2,"lpe":85.29,"lpr":2555.99,"lq":1.96,"d":2596850},{"pi":"422200","pc":"Товары для дома","ss":300000,"td":"Центр города","dc":2,"n":302.59,"vc":"211328","sl":"Элитный","sv":"471920","p":1300.0,"q":5.15,"b":2.87,"ms":37.26,"wi":102.86,"ei":10.85,"as":2744.68,"mi":"E","mv":1266632,"sc":7,"lpe":53.46,"lpr":883.09,"lq":1.39,"d":9744630},{"pi":"422200","pc":"Товары для дома","ss":100000,"td":"Центр города","dc":1,"n":555.64,"vc":"1636911","sl":"Нормальный","sv":"60392","p":2560.0,"q":13.7,"b":2.41,"ms":4.77,"wi":102.86,"ei":10.85,"as":2744.68,"mi":"E","mv":1266632,"sc":7,"lpe":53.46,"lpr":883.09,"lq":1.39,"d":9744630},{"pi":"422200","pc":"Товары для дома","ss":100000,"td":"Спальный район","dc":5,"n":196.01,"vc":"25775","sl":"Элитный","sv":"31755","p":1000.0,"q":2.83,"b":0.0,"ms":2.51,"wi":102.86,"ei":10.85,"as":2744.68,"mi":"E","mv":1266632,"sc":7,"lpe":53.46,"lpr":883.09,"lq":1.39,"d":9744630},{"pi":"422200","pc":"Товары для дома","ss":200000,"td":"Центр города","dc":1,"n":428.11,"vc":"868731","sl":"Элитный","sv":"24194","p":3300.0,"q":17.89,"b":0.82,"ms":1.91,"wi":102.86,"ei":10.85,"as":2744.68,"mi":"E","mv":1266632,"sc":7,"lpe":53.46,"lpr":883.09,"lq":1.39,"d":9744630},{"pi":"422200","pc":"Товары для дома","ss":30000,"td":"Центр города","dc":2,"n":89.61,"vc":"10646","sl":"Элитный","sv":"1163","p":1099.99,"q":3.99,"b":2.87,"ms":0.09,"wi":102.86,"ei":10.85,"as":2744.68,"mi":"E","mv":1266632,"sc":7,"lpe":53.46,"lpr":883.09,"lq":1.39,"d":9744630},{"pi":"422200","pc":"Товары для дома","ss":100000,"td":"Фешенебельный район","dc":2,"n":540.39,"vc":"141369","sl":"Элитный","sv":"69","p":2350.0,"q":3.65,"b":2.87,"ms":0.01,"wi":102.86,"ei":10.85,"as":2744.68,"mi":"E","mv":1266632,"sc":7,"lpe":53.46,"lpr":883.09,"lq":1.39,"d":9744630},{"pi":"422200","pc":"Товары для дома","ss":10000,"td":"Центр города","dc":2,"n":56.1,"vc":"3376","sl":"Элитный","sv":"2","p":1700.0,"q":2.72,"b":0.55,"ms":0.0,"wi":102.86,"ei":10.85,"as":2744.68,"mi":"E","mv":1266632,"sc":7,"lpe":53.46,"lpr":883.09,"lq":1.39,"d":9744630},{"pi":"422200","pc":"Товары для дома","ss":10000,"td":"Центр города","dc":2,"n":388.89,"vc":"38722","sl":"Высокий","sv":"10000","p":2600.0,"q":21.38,"b":2.45,"ms":1.72,"wi":66.45,"ei":6.04,"as":318.0,"mi":"E","mv":579845,"sc":1,"lpe":98.28,"lpr":899.3,"lq":1.0,"d":2877864},{"pi":"422200","pc":"Товары для дома","ss":100000,"td":"Фешенебельный район","dc":2,"n":533.97,"vc":"96682","sl":"Элитный","sv":"2000","p":3300.0,"q":21.38,"b":2.72,"ms":0.71,"wi":78.09,"ei":6.42,"as":548.1,"mi":"E","mv":282230,"sc":1,"lpe":99.29,"lpr":943.13,"lq":1.0,"d":1232684},{"pi":"422200","pc":"Товары для дома","ss":300000,"td":"Фешенебельный район","dc":2,"n":599.07,"vc":"289612","sl":"Элитный","sv":"1000","p":4300.0,"q":21.38,"b":2.72,"ms":0.73,"wi":102.66,"ei":5.0,"as":366.29,"mi":"E","mv":137424,"sc":1,"lpe":99.27,"lpr":1122.1,"lq":1.0,"d":454964},{"pi":"422200","pc":"Товары для дома","ss":1000,"td":"Центр города","dc":1,"n":113.92,"vc":"1142","sl":"Элитный","sv":"31302","p":2000.0,"q":3.54,"b":1.03,"ms":5.36,"wi":99.69,"ei":9.31,"as":1270.5,"mi":"E","mv":583889,"sc":1,"lpe":94.64,"lpr":1923.78,"lq":1.0,"d":2836484},{"pi":"422200","pc":"Товары для дома","ss":300000,"td":"Фешенебельный район","dc":2,"n":460.81,"vc":"147918","sl":"Элитный","sv":"10200","p":3800.0,"q":21.38,"b":2.72,"ms":1.03,"wi":93.34,"ei":5.0,"as":474.39,"mi":"E","mv":993298,"sc":1,"lpe":98.97,"lpr":992.02,"lq":1.0,"d":2970884},{"pi":"422200","pc":"Товары для дома","ss":100000,"td":"Центр города","dc":2,"n":545.81,"vc":"602406","sl":"Высокий","sv":"1000","p":3250.0,"q":21.38,"b":4.6,"ms":0.48,"wi":64.2,"ei":7.41,"as":406.66,"mi":"E","mv":206995,"sc":1,"lpe":99.52,"lpr":934.97,"lq":1.0,"d":733921},{"pi":"422200","pc":"Товары для дома","ss":100000,"td":"Фешенебельный район","dc":2,"n":586.67,"vc":"130200","sl":"Элитный","sv":"2200","p":3600.0,"q":21.38,"b":0.82,"ms":2.05,"wi":75.57,"ei":8.11,"as":1269.9,"mi":"E","mv":107385,"sc":1,"lpe":97.95,"lpr":1387.31,"lq":1.0,"d":678178},{"pi":"422200","pc":"Товары для дома","ss":100000,"td":"Фешенебельный район","dc":1,"n":675.63,"vc":"334424","sl":"Элитный","sv":"14895","p":2680.0,"q":10.57,"b":5.57,"ms":6.76,"wi":98.88,"ei":9.31,"as":1312.5,"mi":"E","mv":220213,"sc":1,"lpe":93.24,"lpr":827.24,"lq":1.0,"d":871981},{"pi":"422200","pc":"Товары для дома","ss":4000,"td":"Центр города","dc":1,"n":358.97,"vc":"8634","sl":"Элитный","sv":"14911","p":2300.0,"q":3.54,"b":3.69,"ms":8.52,"wi":96.92,"ei":9.6,"as":1470.0,"mi":"E","mv":175009,"sc":2,"lpe":87.52,"lpr":1705.9,"lq":1.9,"d":1347944},{"pi":"422200","pc":"Товары для дома","ss":100000,"td":"Фешенебельный район","dc":2,"n":559.27,"vc":"127236","sl":"Элитный","sv":"6938","p":3000.0,"q":3.52,"b":0.0,"ms":3.96,"wi":96.92,"ei":9.6,"as":1470.0,"mi":"E","mv":175009,"sc":2,"lpe":87.52,"lpr":1705.9,"lq":1.9,"d":1347944},{"pi":"422200","pc":"Товары для дома","ss":100000,"td":"Центр города","dc":1,"n":378.35,"vc":"217116","sl":"Элитный","sv":"10000","p":3300.0,"q":21.38,"b":2.28,"ms":2.28,"wi":48.46,"ei":12.08,"as":459.52,"mi":"E","mv":438942,"sc":1,"lpe":97.72,"lpr":873.64,"lq":1.0,"d":3957256}]