[{"pi":"423118","pc":"Электроника","ss":200000,"td":"Центр города","dc":1,"n":462.13,"vc":"743411","sl":"Элитный","sv":"1500","p":2750.0,"q":14.81,"b":3.0,"ms":0.3,"wi":43.34,"ei":6.78,"as":349.0,"mi":"E","mv":501608,"sc":1,"lpe":99.7,"lpr":2713.61,"lq":1.0,"d":7234440},{"pi":"423118","pc":"Электроника","ss":100000,"td":"Центр города","dc":2,"n":474.09,"vc":"270402","sl":"Очень высокий","sv":"1","p":9000.0,"q":31.17,"b":0.0,"ms":0.0,"wi":39.06,"ei":10.43,"as":440.02,"mi":"E","mv":91335,"sc":1,"lpe":100.0,"lpr":1910.95,"lq":1.0,"d":1774664},{"pi":"423118","pc":"Электроника","ss":300000,"td":"Центр города","dc":1,"n":539.91,"vc":"2304709","sl":"Очень высокий","sv":"4","p":15099.0,"q":21.15,"b":0.025,"ms":0.0,"wi":21.09,"ei":5.96,"as":107.95,"mi":"E","mv":865889,"sc":1,"lpe":100.0,"lpr":1456.34,"lq":1.0,"d":12197086},{"pi":"423118","pc":"Электроника","ss":100000,"td":"Спальный район","dc":2,"n":482.39,"vc":"263589","sl":"Очень высокий","sv":"800","p":18400.0,"q":29.12,"b":0.0,"ms":0.51,"wi":52.02,"ei":10.51,"as":1190.88,"mi":"E","mv":158187,"sc":2,"lpe":99.42,"lpr":4503.5,"lq":1.0,"d":2862944},{"pi":"423118","pc":"Электроника","ss":100000,"td":"Центр города","dc":1,"n":540.67,"vc":"615518","sl":"Очень высокий","sv":"125","p":10600.0,"q":19.4,"b":0.0,"ms":0.08,"wi":52.02,"ei":10.51,"as":1190.88,"mi":"E","mv":158187,"sc":2,"lpe":99.42,"lpr":4503.5,"lq":1.0,"d":2862944},{"pi":"423118","pc":"Электроника","ss":100000,"td":"Спальный район","dc":2,"n":421.89,"vc":"112566","sl":"Элитный","sv":"401","p":11000.0,"q":16.78,"b":0.0,"ms":0.41,"wi":42.23,"ei":6.83,"as":907.19,"mi":"E","mv":98944,"sc":1,"lpe":99.59,"lpr":2749.35,"lq":1.0,"d":1327128},{"pi":"423118","pc":"Электроника","ss":5000,"td":"Центр города","dc":1,"n":186.97,"vc":"5244","sl":"Элитный","sv":"500","p":1200.0,"q":10.64,"b":1.23,"ms":0.31,"wi":8.26,"ei":1.9,"as":64.62,"mi":"E","mv":162304,"sc":1,"lpe":99.69,"lpr":544.8,"lq":1.0,"d":8024926},{"pi":"423118","pc":"Электроника","ss":13500,"td":"Центр города","dc":3,"n":336.44,"vc":"15646","sl":"Очень высокий","sv":"50","p":7247.0,"q":1.0,"b":0.0,"ms":0.5,"wi":53.48,"ei":9.13,"as":1120.0,"mi":"E","mv":10085,"sc":1,"lpe":99.5,"lpr":4888.03,"lq":1.0,"d":371510},{"pi":"423118","pc":"Электроника","ss":10000,"td":"Центр города","dc":3,"n":113.05,"vc":"2636","sl":"Элитный","sv":"8","p":1600.0,"q":4.1,"b":0.0,"ms":0.01,"wi":13.69,"ei":4.76,"as":94.98,"mi":"E","mv":79762,"sc":1,"lpe":99.99,"lpr":544.04,"lq":1.0,"d":1442930},{"pi":"423118","pc":"Электроника","ss":100000,"td":"Центр города","dc":1,"n":293.64,"vc":"137385","sl":"Элитный","sv":"2211","p":5400.0,"q":19.48,"b":0.0,"ms":0.36,"wi":20.04,"ei":6.23,"as":189.21,"mi":"E","mv":618523,"sc":1,"lpe":99.64,"lpr":1047.08,"lq":1.0,"d":10970686},{"pi":"423118","pc":"Электроника","ss":300000,"td":"Центр города","dc":1,"n":539.91,"vc":"1827201","sl":"Очень высокий","sv":"48","p":19607.0,"q":17.2,"b":0.0,"ms":0.01,"wi":28.97,"ei":6.53,"as":314.5,"mi":"E","mv":475998,"sc":1,"lpe":99.99,"lpr":2338.86,"lq":1.0,"d":6283054},{"pi":"423118","pc":"Электроника","ss":10000,"td":"Центр города","dc":4,"n":232.46,"vc":"4520","sl":"Элитный","sv":"1","p":2000.0,"q":4.12,"b":0.0,"ms":0.0,"wi":14.94,"ei":2.0,"as":76.2,"mi":"E","mv":36930,"sc":1,"lpe":100.0,"lpr":545.75,"lq":1.0,"d":698295},{"pi":"423118","pc":"Электроника","ss":10000,"td":"Центр города","dc":4,"n":316.65,"vc":"5027","sl":"Элитный","sv":"375","p":6000.0,"q":10.37,"b":0.0,"ms":9.74,"wi":23.28,"ei":13.22,"as":2097.79,"mi":"E","mv":3851,"sc":1,"lpe":90.26,"lpr":2711.51,"lq":3.36,"d":332434},{"pi":"423118","pc":"Электроника","ss":100000,"td":"Спальный район","dc":1,"n":479.71,"vc":"183710","sl":"Элитный","sv":"742","p":8000.0,"q":16.78,"b":0.0,"ms":1.24,"wi":43.53,"ei":10.13,"as":1182.11,"mi":"E","mv":60065,"sc":1,"lpe":98.76,"lpr":2214.29,"lq":1.0,"d":1098710},{"pi":"423118","pc":"Электроника","ss":10000,"td":"Центр города","dc":1,"n":441.51,"vc":"62793","sl":"Высокий","sv":"5700","p":6700.0,"q":20.63,"b":0.0,"ms":2.21,"wi":32.56,"ei":9.23,"as":456.15,"mi":"E","mv":257996,"sc":1,"lpe":97.79,"lpr":1776.75,"lq":1.0,"d":3767586},{"pi":"423118","pc":"Электроника","ss":100000,"td":"Центр города","dc":1,"n":565.94,"vc":"542467","sl":"Очень высокий","sv":"3","p":9000.0,"q":28.92,"b":0.0,"ms":0.0,"wi":22.23,"ei":5.68,"as":178.3,"mi":"E","mv":75079,"sc":1,"lpe":100.0,"lpr":916.27,"lq":1.0,"d":996751},{"pi":"423118","pc":"Электроника","ss":120000,"td":"Центр города","dc":10,"n":681.59,"vc":"527964","sl":"Низкий","sv":"387","p":1700.0,"q":18.51,"b":0.0,"ms":4.43,"wi":22.93,"ei":10.24,"as":1034.81,"mi":"E","mv":8730,"sc":1,"lpe":95.57,"lpr":1164.36,"lq":1.0,"d":191772},{"pi":"423118","pc":"Электроника","ss":1000,"td":"Центр города","dc":2,"n":244.66,"vc":"3582","sl":"Нормальный","sv":"102","p":5000.0,"q":8.23,"b":0.0,"ms":0.06,"wi":41.0,"ei":10.98,"as":1160.85,"mi":"E","mv":179193,"sc":1,"lpe":99.94,"lpr":4352.66,"lq":1.0,"d":2838504},{"pi":"423118","pc":"Электроника","ss":100000,"td":"Спальный район","dc":3,"n":275.12,"vc":"18236","sl":"Элитный","sv":"50","p":6921.0,"q":1.0,"b":0.0,"ms":1.15,"wi":52.66,"ei":7.94,"as":1255.34,"mi":"E","mv":4335,"sc":1,"lpe":98.85,"lpr":7043.55,"lq":1.0,"d":1491090},{"pi":"423118","pc":"Электроника","ss":1000,"td":"Центр города","dc":1,"n":616.55,"vc":"4719","sl":"Нормальный","sv":"31","p":9500.0,"q":24.59,"b":0.0,"ms":1.22,"wi":37.51,"ei":9.62,"as":1479.61,"mi":"E","mv":2540,"sc":1,"lpe":98.78,"lpr":2364.31,"lq":1.0,"d":255028},{"pi":"423118","pc":"Электроника","ss":100000,"td":"Центр города","dc":1,"n":509.53,"vc":"183480","sl":"Элитный","sv":"100","p":20000.0,"q":24.59,"b":0.0,"ms":1.41,"wi":30.61,"ei":9.87,"as":618.95,"mi":"E","mv":7070,"sc":2,"lpe":97.88,"lpr":4376.89,"lq":1.0,"d":765755},{"pi":"423118","pc":"Электроника","ss":100000,"td":"Спальный район","dc":3,"n":230.17,"vc":"14066","sl":"Элитный","sv":"50","p":5115.0,"q":1.0,"b":0.0,"ms":0.71,"wi":30.61,"ei":9.87,"as":618.95,"mi":"E","mv":7070,"sc":2,"lpe":97.88,"lpr":4376.89,"lq":1.0,"d":765755},{"pi":"423118","pc":"Электроника","ss":10000,"td":"Центр города","dc":4,"n":86.92,"vc":"2745","sl":"Элитный","sv":"200","p":3500.0,"q":10.2,"b":0.0,"ms":0.11,"wi":32.5,"ei":8.75,"as":394.01,"mi":"E","mv":174358,"sc":1,"lpe":99.89,"lpr":1707.58,"lq":1.0,"d":2812406},{"pi":"423118","pc":"Электроника","ss":100000,"td":"Центр города","dc":1,"n":474.55,"vc":"155969","sl":"Элитный","sv":"556","p":10000.0,"q":24.57,"b":0.0,"ms":6.0,"wi":32.14,"ei":8.54,"as":796.22,"mi":"E","mv":9272,"sc":3,"lpe":91.8,"lpr":2092.48,"lq":1.0,"d":788262},{"pi":"423118","pc":"Электроника","ss":10000,"td":"Центр города","dc":4,"n":170.15,"vc":"2446","sl":"Элитный","sv":"200","p":4800.0,"q":10.2,"b":0.0,"ms":2.16,"wi":32.14,"ei":8.54,"as":796.22,"mi":"E","mv":9272,"sc":3,"lpe":91.8,"lpr":2092.48,"lq":1.0,"d":788262},{"pi":"423118","pc":"Электроника","ss":100000,"td":"Спальный район","dc":3,"n":221.21,"vc":"15354","sl":"Элитный","sv":"4","p":5115.0,"q":1.0,"b":0.0,"ms":0.04,"wi":32.14,"ei":8.54,"as":796.22,"mi":"E","mv":9272,"sc":3,"lpe":91.8,"lpr":2092.48,"lq":1.0,"d":788262},{"pi":"423118","pc":"Электроника","ss":100000,"td":"Спальный район","dc":1,"n":475.84,"vc":"193618","sl":"Элитный","sv":"9014","p":7000.0,"q":27.99,"b":0.0,"ms":11.18,"wi":49.54,"ei":10.29,"as":760.4,"mi":"E","mv":80640,"sc":2,"lpe":88.7,"lpr":2436.78,"lq":1.0,"d":1419772},{"pi":"423118","pc":"Электроника","ss":100000,"td":"Центр города","dc":1,"n":381.06,"vc":"103778","sl":"Элитный","sv":"95","p":10000.0,"q":12.28,"b":1.05263157894737E-4,"ms":0.12,"wi":49.54,"ei":10.29,"as":760.4,"mi":"E","mv":80640,"sc":2,"lpe":88.7,"lpr":2436.78,"lq":1.0,"d":1419772},{"pi":"423118","pc":"Электроника","ss":1000,"td":"Центр города","dc":9,"n":87.55,"vc":"790","sl":"Нормальный","sv":"1","p":1500.0,"q":2.46,"b":0.0,"ms":0.0,"wi":17.87,"ei":4.0,"as":132.38,"mi":"E","mv":126871,"sc":1,"lpe":100.0,"lpr":690.45,"lq":1.0,"d":2159163},{"pi":"423118","pc":"Электроника","ss":500,"td":"Центр города","dc":1,"n":128.49,"vc":"535","sl":"Элитный","sv":"23","p":968.88,"q":2.43,"b":0.0,"ms":0.05,"wi":31.55,"ei":10.41,"as":515.82,"mi":"E","mv":42325,"sc":1,"lpe":99.95,"lpr":1031.58,"lq":1.0,"d":887464},{"pi":"423118","pc":"Электроника","ss":13000,"td":"Центр города","dc":4,"n":249.05,"vc":"5568","sl":"Очень высокий","sv":"1","p":2000.0,"q":4.12,"b":0.0,"ms":0.01,"wi":6.79,"ei":4.04,"as":53.24,"mi":"E","mv":6886,"sc":1,"lpe":99.99,"lpr":550.14,"lq":1.0,"d":521202},{"pi":"423118","pc":"Электроника","ss":100000,"td":"Центр города","dc":2,"n":497.58,"vc":"249474","sl":"Очень высокий","sv":"250","p":6000.0,"q":16.78,"b":0.0,"ms":0.57,"wi":25.28,"ei":7.31,"as":359.2,"mi":"E","mv":44140,"sc":1,"lpe":99.43,"lpr":1051.47,"lq":1.0,"d":708432},{"pi":"423118","pc":"Электроника","ss":10000,"td":"Центр города","dc":4,"n":357.62,"vc":"3220","sl":"Элитный","sv":"10","p":2000.0,"q":10.2,"b":0.0,"ms":4.65,"wi":8.54,"ei":5.89,"as":289.07,"mi":"E","mv":215,"sc":1,"lpe":95.35,"lpr":2326.52,"lq":1.0,"d":65873},{"pi":"423118","pc":"Электроника","ss":100000,"td":"Центр города","dc":1,"n":533.12,"vc":"842786","sl":"Высокий","sv":"42","p":20000.0,"q":30.99,"b":1.04,"ms":0.01,"wi":37.85,"ei":8.73,"as":677.93,"mi":"E","mv":613605,"sc":1,"lpe":99.99,"lpr":2750.4,"lq":1.0,"d":8646844},{"pi":"423118","pc":"Электроника","ss":100000,"td":"Центр города","dc":1,"n":468.29,"vc":"392268","sl":"Элитный","sv":"1450","p":11000.0,"q":16.67,"b":0.0,"ms":1.48,"wi":42.78,"ei":9.65,"as":844.82,"mi":"E","mv":97775,"sc":2,"lpe":98.37,"lpr":2400.07,"lq":1.0,"d":1812514},{"pi":"423118","pc":"Электроника","ss":100000,"td":"Центр города","dc":1,"n":634.17,"vc":"1288821","sl":"Нормальный","sv":"145","p":9700.0,"q":19.4,"b":0.0,"ms":0.15,"wi":42.78,"ei":9.65,"as":844.82,"mi":"E","mv":97775,"sc":2,"lpe":98.37,"lpr":2400.07,"lq":1.0,"d":1812514},{"pi":"423118","pc":"Электроника","ss":300000,"td":"Центр города","dc":1,"n":539.91,"vc":"1216294","sl":"Элитный","sv":"9","p":25063.0,"q":21.25,"b":0.0,"ms":0.01,"wi":53.29,"ei":11.63,"as":1039.25,"mi":"E","mv":112996,"sc":1,"lpe":99.99,"lpr":3344.13,"lq":1.0,"d":1964160},{"pi":"423118","pc":"Электроника","ss":100000,"td":"Центр города","dc":1,"n":359.22,"vc":"213453","sl":"Элитный","sv":"2000","p":14000.0,"q":20.63,"b":0.0,"ms":0.43,"wi":33.86,"ei":10.15,"as":292.02,"mi":"E","mv":463813,"sc":1,"lpe":99.57,"lpr":2405.6,"lq":1.0,"d":6376122},{"pi":"423118","pc":"Электроника","ss":20000,"td":"Центр города","dc":1,"n":272.5,"vc":"20934","sl":"Элитный","sv":"2034","p":10500.0,"q":4.2,"b":0.0,"ms":0.71,"wi":54.32,"ei":11.9,"as":1548.35,"mi":"E","mv":284747,"sc":4,"lpe":98.6,"lpr":5742.96,"lq":1.0,"d":5522842},{"pi":"423118","pc":"Электроника","ss":300000,"td":"Центр города","dc":1,"n":539.9,"vc":"1746539","sl":"Очень высокий","sv":"993","p":12894.0,"q":16.32,"b":0.0,"ms":0.35,"wi":54.32,"ei":11.9,"as":1548.35,"mi":"E","mv":284747,"sc":4,"lpe":98.6,"lpr":5742.96,"lq":1.0,"d":5522842},{"pi":"423118","pc":"Электроника","ss":100000,"td":"Центр города","dc":1,"n":543.36,"vc":"794964","sl":"Очень высокий","sv":"830","p":10500.0,"q":19.4,"b":0.0,"ms":0.29,"wi":54.32,"ei":11.9,"as":1548.35,"mi":"E","mv":284747,"sc":4,"lpe":98.6,"lpr":5742.96,"lq":1.0,"d":5522842},{"pi":"423118","pc":"Электроника","ss":3000,"td":"Фешенебельный район","dc":3,"n":328.17,"vc":"2164","sl":"Элитный","sv":"120","p":4000.0,"q":8.23,"b":0.0,"ms":0.04,"wi":54.32,"ei":11.9,"as":1548.35,"mi":"E","mv":284747,"sc":4,"lpe":98.6,"lpr":5742.96,"lq":1.0,"d":5522842},{"pi":"423118","pc":"Электроника","ss":300000,"td":"Фешенебельный район","dc":1,"n":650.44,"vc":"953655","sl":"Элитный","sv":"29179","p":19310.0,"q":28.71,"b":2.77,"ms":4.69,"wi":51.68,"ei":9.19,"as":1176.8,"mi":"E","mv":622699,"sc":4,"lpe":95.28,"lpr":4465.1,"lq":1.0,"d":10648221},{"pi":"423118","pc":"Электроника","ss":2000,"td":"Центр города","dc":3,"n":102.03,"vc":"3519","sl":"Высокий","sv":"150","p":4200.0,"q":8.23,"b":0.0,"ms":0.02,"wi":51.68,"ei":9.19,"as":1176.8,"mi":"E","mv":622699,"sc":4,"lpe":95.28,"lpr":4465.1,"lq":1.0,"d":10648221},{"pi":"423118","pc":"Электроника","ss":300000,"td":"Центр города","dc":1,"n":539.91,"vc":"2197727","sl":"Очень высокий","sv":"67","p":25241.0,"q":20.24,"b":0.0,"ms":0.01,"wi":51.68,"ei":9.19,"as":1176.8,"mi":"E","mv":622699,"sc":4,"lpe":95.28,"lpr":4465.1,"lq":1.0,"d":10648221},{"pi":"423118","pc":"Электроника","ss":10000,"td":"Фешенебельный район","dc":1,"n":296.23,"vc":"4628","sl":"Элитный","sv":"8","p":12000.0,"q":2.66,"b":0.0,"ms":0.0,"wi":51.68,"ei":9.19,"as":1176.8,"mi":"E","mv":622699,"sc":4,"lpe":95.28,"lpr":4465.1,"lq":1.0,"d":10648221},{"pi":"423118","pc":"Электроника","ss":12000,"td":"Центр города","dc":3,"n":265.68,"vc":"2923","sl":"Элитный","sv":"1","p":2000.0,"q":4.12,"b":0.0,"ms":0.07,"wi":6.16,"ei":3.96,"as":143.98,"mi":"E","mv":1421,"sc":1,"lpe":99.93,"lpr":549.65,"lq":1.0,"d":138813},{"pi":"423118","pc":"Электроника","ss":100000,"td":"Центр города","dc":2,"n":552.32,"vc":"727190","sl":"Нормальный","sv":"100","p":8000.0,"q":31.17,"b":1.5,"ms":0.04,"wi":30.38,"ei":5.96,"as":358.17,"mi":"E","mv":239085,"sc":1,"lpe":99.96,"lpr":2287.39,"lq":1.0,"d":3347758},{"pi":"423118","pc":"Электроника","ss":10000,"td":"Центр города","dc":4,"n":339.71,"vc":"5699","sl":"Элитный","sv":"124","p":3500.0,"q":10.2,"b":0.0,"ms":7.59,"wi":12.04,"ei":2.15,"as":350.86,"mi":"E","mv":1634,"sc":1,"lpe":92.41,"lpr":872.83,"lq":1.0,"d":157383},{"pi":"423118","pc":"Электроника","ss":10000,"td":"Центр города","dc":4,"n":202.56,"vc":"2500","sl":"Элитный","sv":"400","p":2350.0,"q":10.2,"b":0.0,"ms":2.89,"wi":18.94,"ei":3.57,"as":339.32,"mi":"E","mv":13832,"sc":1,"lpe":97.11,"lpr":850.53,"lq":1.0,"d":375107},{"pi":"423118","pc":"Электроника","ss":12000,"td":"Центр города","dc":4,"n":460.27,"vc":"8430","sl":"Элитный","sv":"10","p":4000.0,"q":10.2,"b":0.0,"ms":3.07,"wi":44.73,"ei":8.87,"as":310.22,"mi":"E","mv":326,"sc":1,"lpe":96.93,"lpr":3675.07,"lq":1.0,"d":1195681},{"pi":"423118","pc":"Электроника","ss":10000,"td":"Центр города","dc":4,"n":157.08,"vc":"2454","sl":"Элитный","sv":"600","p":3000.0,"q":10.2,"b":0.0,"ms":1.57,"wi":24.05,"ei":3.52,"as":299.04,"mi":"E","mv":38169,"sc":1,"lpe":98.43,"lpr":1249.16,"lq":1.0,"d":843735},{"pi":"423118","pc":"Электроника","ss":100000,"td":"Центр города","dc":2,"n":548.31,"vc":"530915","sl":"Высокий","sv":"100","p":6500.0,"q":31.17,"b":1.5,"ms":0.09,"wi":28.87,"ei":5.85,"as":278.13,"mi":"E","mv":111910,"sc":1,"lpe":99.91,"lpr":1420.97,"lq":1.0,"d":1521421},{"pi":"423118","pc":"Электроника","ss":1000,"td":"Фешенебельный район","dc":2,"n":336.31,"vc":"506","sl":"Элитный","sv":"123","p":5500.0,"q":7.76,"b":0.0,"ms":0.33,"wi":47.6,"ei":6.53,"as":535.5,"mi":"E","mv":37034,"sc":1,"lpe":99.67,"lpr":2357.28,"lq":1.0,"d":545501},{"pi":"423118","pc":"Электроника","ss":100000,"td":"Центр города","dc":1,"n":504.07,"vc":"397833","sl":"Элитный","sv":"1800","p":3250.0,"q":20.63,"b":0.0,"ms":3.36,"wi":29.28,"ei":6.74,"as":380.0,"mi":"E","mv":53493,"sc":1,"lpe":96.64,"lpr":1488.31,"lq":1.0,"d":744426},{"pi":"423118","pc":"Электроника","ss":1000,"td":"Центр города","dc":4,"n":323.02,"vc":"1830","sl":"Нормальный","sv":"9","p":5100.0,"q":8.02,"b":0.0,"ms":0.2,"wi":32.38,"ei":6.45,"as":502.74,"mi":"E","mv":4424,"sc":1,"lpe":99.8,"lpr":1911.01,"lq":1.0,"d":117760},{"pi":"423118","pc":"Электроника","ss":100000,"td":"Центр города","dc":1,"n":532.33,"vc":"518424","sl":"Очень высокий","sv":"1000","p":3100.0,"q":19.53,"b":0.0,"ms":9.24,"wi":6.31,"ei":4.8,"as":84.76,"mi":"E","mv":10823,"sc":2,"lpe":90.67,"lpr":545.81,"lq":1.0,"d":1172271},{"pi":"423118","pc":"Электроника","ss":500,"td":"Фешенебельный район","dc":1,"n":215.83,"vc":"125","sl":"Элитный","sv":"10","p":2000.0,"q":10.2,"b":0.0,"ms":0.09,"wi":6.31,"ei":4.8,"as":84.76,"mi":"E","mv":10823,"sc":2,"lpe":90.67,"lpr":545.81,"lq":1.0,"d":1172271},{"pi":"423118","pc":"Электроника","ss":100000,"td":"Центр города","dc":1,"n":480.98,"vc":"207343","sl":"Элитный","sv":"800","p":3050.0,"q":19.53,"b":0.0,"ms":8.36,"wi":8.13,"ei":4.32,"as":100.82,"mi":"E","mv":9570,"sc":1,"lpe":91.64,"lpr":547.31,"lq":1.0,"d":748777},{"pi":"423118","pc":"Электроника","ss":110100,"td":"Центр города","dc":1,"n":456.63,"vc":"301590","sl":"Элитный","sv":"2100","p":6700.0,"q":19.53,"b":0.0,"ms":3.39,"wi":52.27,"ei":6.17,"as":538.8,"mi":"E","mv":61918,"sc":3,"lpe":96.37,"lpr":3305.51,"lq":1.0,"d":927421},{"pi":"423118","pc":"Электроника","ss":100000,"td":"Центр города","dc":10,"n":321.13,"vc":"75368","sl":"Очень высокий","sv":"100","p":8800.0,"q":10.25,"b":0.0,"ms":0.16,"wi":52.27,"ei":6.17,"as":538.8,"mi":"E","mv":61918,"sc":3,"lpe":96.37,"lpr":3305.51,"lq":1.0,"d":927421},{"pi":"423118","pc":"Электроника","ss":130000,"td":"Центр города","dc":5,"n":447.84,"vc":"319842","sl":"Низкий","sv":"50","p":3700.0,"q":1.0,"b":0.0,"ms":0.08,"wi":52.27,"ei":6.17,"as":538.8,"mi":"E","mv":61918,"sc":3,"lpe":96.37,"lpr":3305.51,"lq":1.0,"d":927421},{"pi":"423118","pc":"Электроника","ss":100000,"td":"Фешенебельный район","dc":1,"n":478.1,"vc":"23576","sl":"Элитный","sv":"200","p":12000.0,"q":24.59,"b":0.0,"ms":0.84,"wi":40.27,"ei":6.77,"as":518.59,"mi":"E","mv":23671,"sc":1,"lpe":99.16,"lpr":2249.55,"lq":1.0,"d":323254},{"pi":"423118","pc":"Электроника","ss":100000,"td":"Центр города","dc":1,"n":412.38,"vc":"105726","sl":"Элитный","sv":"1500","p":10000.0,"q":24.43,"b":4.59770666666667,"ms":4.01,"wi":41.6,"ei":7.73,"as":661.87,"mi":"E","mv":37365,"sc":2,"lpe":94.77,"lpr":1688.92,"lq":1.0,"d":633388},{"pi":"423118","pc":"Электроника","ss":100000,"td":"Центр города","dc":1,"n":432.29,"vc":"128032","sl":"Элитный","sv":"454","p":11000.0,"q":24.57,"b":0.0,"ms":1.22,"wi":41.6,"ei":7.73,"as":661.87,"mi":"E","mv":37365,"sc":2,"lpe":94.77,"lpr":1688.92,"lq":1.0,"d":633388}]