[{"pi":"422433","pc":"Аптека","ss":10000,"td":"Центр города","dc":1,"n":80.07,"vc":"3798","sl":"Элитный","sv":"39","p":845.76,"q":1.0,"b":0.0,"ms":0.01,"wi":27.86,"ei":3.43,"as":42.92,"mi":"E","mv":773569,"sc":1,"lpe":99.99,"lpr":471.87,"lq":1.0,"d":9216794},{"pi":"422433","pc":"Аптека","ss":1000,"td":"Фешенебельный район","dc":3,"n":309.48,"vc":"532","sl":"Очень высокий","sv":"5","p":17000.0,"q":13.71,"b":0.0,"ms":0.01,"wi":109.29,"ei":6.7,"as":1597.06,"mi":"E","mv":69870,"sc":1,"lpe":99.99,"lpr":3602.03,"lq":1.0,"d":976806},{"pi":"422433","pc":"Аптека","ss":100000,"td":"Фешенебельный район","dc":1,"n":588.21,"vc":"371325","sl":"Элитный","sv":"1000","p":3628.0,"q":16.96,"b":4.78,"ms":0.1,"wi":39.97,"ei":5.34,"as":208.05,"mi":"E","mv":1048681,"sc":1,"lpe":99.9,"lpr":1203.38,"lq":1.0,"d":12982716},{"pi":"422433","pc":"Аптека","ss":100000,"td":"Центр города","dc":1,"n":294.21,"vc":"132518","sl":"Элитный","sv":"15981","p":44888.0,"q":14.27,"b":0.0,"ms":6.38,"wi":102.86,"ei":10.85,"as":2744.68,"mi":"E","mv":250462,"sc":2,"lpe":92.82,"lpr":14852.47,"lq":1.0,"d":9744630},{"pi":"422433","pc":"Аптека","ss":100000,"td":"Фешенебельный район","dc":1,"n":405.19,"vc":"57789","sl":"Элитный","sv":"2000","p":50000.0,"q":24.79,"b":2.92,"ms":0.8,"wi":102.86,"ei":10.85,"as":2744.68,"mi":"E","mv":250462,"sc":2,"lpe":92.82,"lpr":14852.47,"lq":1.0,"d":9744630},{"pi":"422433","pc":"Аптека","ss":100000,"td":"Фешенебельный район","dc":1,"n":463.32,"vc":"65610","sl":"Элитный","sv":"1550","p":15500.0,"q":24.79,"b":2.01,"ms":0.76,"wi":99.69,"ei":9.31,"as":1270.5,"mi":"E","mv":205223,"sc":1,"lpe":99.24,"lpr":4410.29,"lq":1.0,"d":2836484}]