[{"d":"24.12.2015","r":2.0,"q":8.54,"p":1.0E9,"s":[{"ui":"3578033","t":2.0,"r":2.0,"q":8.54,"p":1.0E9,"mot":"U","mo":2.0},{"cn":"","ui":"","t":0.0,"r":0.0,"q":0.0,"p":0.0,"mot":"L","mo":0.0}]},{"d":"15.01.2016","r":2.0,"q":8.54,"p":5.0E8,"s":[{"ui":"3596508","t":2.0,"r":2.0,"q":8.54,"p":5.0E8,"mot":"U","mo":2.0},{"cn":"","ui":"","t":0.0,"r":0.0,"q":0.0,"p":0.0,"mot":"L","mo":0.0}]},{"d":"22.01.2016","r":2.0,"q":8.54,"p":1.3E8,"s":[{"ui":"3577850","t":2.0,"r":2.0,"q":8.54,"p":1.3E8,"mot":"U","mo":2.0},{"cn":"","ui":"","t":0.0,"r":0.0,"q":0.0,"p":0.0,"mot":"L","mo":0.0}]},{"d":"15.02.2016","r":2.0,"q":2.46,"p":5.0E8,"s":[{"ui":"3504555","t":2.0,"r":2.0,"q":2.46,"p":5.0E8,"mot":"U","mo":2.0},{"cn":"","ui":"","t":0.0,"r":0.0,"q":0.0,"p":0.0,"mot":"L","mo":0.0}]},{"d":"07.11.2017","r":3.0,"q":1.02,"p":4.21909001E8,"s":[{"ui":"3538550","t":3.0,"r":3.0,"q":1.02,"p":4.21909001E8,"mot":"U","mo":3.0},{"cn":"","ui":"","t":0.0,"r":0.0,"q":0.0,"p":0.0,"mot":"L","mo":0.0}]},{"d":"08.11.2017","r":6.0,"q":13.5,"p":2.7E9,"s":[{"cn":"Гуров Трейд","ui":"4245629","t":6.0,"r":6.0,"q":13.5,"p":2.7E9,"mot":"U","mo":6.0},{"cn":"","ui":"","t":0.0,"r":0.0,"q":0.0,"p":0.0,"mot":"L","mo":0.0}]},{"d":"02.07.2018","r":15.0,"q":8.1,"p":4.631E9,"s":[{"cn":"СанСет, Стрели Амура;","ui":"4669204","t":15.0,"r":15.0,"q":8.1,"p":4.631E9,"mot":"U","mo":15.0},{"cn":"","ui":"","t":0.0,"r":0.0,"q":0.0,"p":0.0,"mot":"L","mo":0.0}]},{"d":"03.07.2018","r":16.0,"q":8.1,"p":4.631E9,"s":[{"cn":"СанСет, Стрели Амура;","ui":"4669204","t":16.0,"r":16.0,"q":8.1,"p":4.631E9,"mot":"U","mo":16.0},{"cn":"","ui":"","t":0.0,"r":0.0,"q":0.0,"p":0.0,"mot":"L","mo":0.0}]},{"d":"09.07.2018","r":16.0,"q":8.1,"p":4.632E9,"s":[{"cn":"СанСет, Стрели Амура;","ui":"4669204","t":16.0,"r":16.0,"q":8.1,"p":4.632E9,"mot":"U","mo":16.0},{"cn":"","ui":"","t":0.0,"r":0.0,"q":0.0,"p":0.0,"mot":"L","mo":0.0}]},{"d":"10.07.2018","r":16.0,"q":8.1,"p":4.0E9,"s":[{"cn":"СанСет, Стрели Амура;","ui":"4669204","t":16.0,"r":16.0,"q":8.1,"p":4.0E9,"mot":"U","mo":16.0},{"cn":"","ui":"","t":0.0,"r":0.0,"q":0.0,"p":0.0,"mot":"L","mo":0.0}]},{"d":"30.07.2018","r":16.0,"q":8.1,"p":2.9E9,"s":[{"cn":"СанСет, Стрели Амура;","ui":"4669204","t":16.0,"r":16.0,"q":8.1,"p":2.9E9,"mot":"U","mo":16.0},{"cn":"","ui":"","t":0.0,"r":0.0,"q":0.0,"p":0.0,"mot":"L","mo":0.0}]},{"d":"03.08.2018","r":137.0,"q":23.06,"p":5.0E9,"s":[{"cn":"Mormaf Finance","ui":"4099731","t":137.0,"r":137.0,"q":23.06,"p":5.0E9,"mot":"U","mo":137.0},{"cn":"","ui":"","t":0.0,"r":0.0,"q":0.0,"p":0.0,"mot":"L","mo":0.0}]},{"d":"06.08.2018","r":127.0,"q":23.06,"p":5.0E9,"s":[{"cn":"Mormaf Finance","ui":"4099731","t":127.0,"r":127.0,"q":23.06,"p":5.0E9,"mot":"U","mo":127.0},{"cn":"","ui":"","t":0.0,"r":0.0,"q":0.0,"p":0.0,"mot":"L","mo":0.0}]},{"d":"09.08.2018","r":117.0,"q":23.06,"p":5.0E9,"s":[{"cn":"Mormaf Finance","ui":"4099731","t":117.0,"r":117.0,"q":23.06,"p":5.0E9,"mot":"U","mo":117.0},{"cn":"","ui":"","t":0.0,"r":0.0,"q":0.0,"p":0.0,"mot":"L","mo":0.0}]},{"d":"28.03.2019","r":98.0,"q":22.91,"p":4.97857142857E9,"s":[{"cn":"Mormaf Finance","ui":"4099731","t":97.0,"r":97.0,"q":23.06,"p":5.0E9,"mot":"U","mo":97.0},{"cn":"","ui":"","t":1.0,"r":1.0,"q":8.1,"p":2.9E9,"mot":"L","mo":1.0}]},{"d":"04.09.2020","r":97.0,"q":23.06,"p":1.0E9,"s":[{"cn":"Mormaf Finance","ui":"5056438","t":97.0,"r":97.0,"q":23.06,"p":1.0E9,"mot":"U","mo":97.0},{"cn":"","ui":"","t":0.0,"r":0.0,"q":0.0,"p":0.0,"mot":"L","mo":0.0}]},{"d":"29.03.2022","r":3.0,"q":25.56,"p":2.4E10,"s":[{"cn":"Mufatorr Ltd.","ui":"6939683","t":3.0,"r":3.0,"q":25.56,"p":2.4E10,"mot":"U","mo":3.0},{"cn":"","ui":"","t":0.0,"r":0.0,"q":0.0,"p":0.0,"mot":"L","mo":0.0}]}]