[{"d":"30.12.2021","r":1.0,"q":1.0,"p":1.85E7,"s":[{"cn":"Industrias Hesperia","ui":"6893204","t":1.0,"r":1.0,"q":1.0,"p":1.85E7,"mot":"U","mo":1.0},{"cn":"","ui":"","t":0.0,"r":0.0,"q":0.0,"p":0.0,"mot":"L","mo":0.0}]},{"d":"31.12.2021","r":8.0,"q":1.56,"p":1.157515E7,"s":[{"cn":"Dumptruck Ltd.","ui":"6893237","t":1.0,"r":1.0,"q":1.0,"p":6000000.0,"mot":"U","mo":1.0},{"cn":"Taniocha\u0026Tandeta","ui":"6890994","t":4.0,"r":4.0,"q":2.12,"p":9500000.0,"mot":"U","mo":4.0},{"cn":"BeZe37 Ltd.","ui":"6897899","t":2.0,"r":2.0,"q":1.0,"p":2.16006E7,"mot":"U","mo":2.0},{"cn":"RISE","ui":"6893318","t":1.0,"r":1.0,"q":1.0,"p":5400000.0,"mot":"U","mo":1.0},{"cn":"","ui":"","t":0.0,"r":0.0,"q":0.0,"p":0.0,"mot":"L","mo":0.0}]},{"d":"03.01.2022","r":1.0,"q":2.48,"p":2.0E8,"s":[{"cn":"Galambos Limited","ui":"6893268","t":1.0,"r":1.0,"q":2.48,"p":2.0E8,"mot":"U","mo":1.0},{"cn":"","ui":"","t":0.0,"r":0.0,"q":0.0,"p":0.0,"mot":"L","mo":0.0}]},{"d":"04.01.2022","r":12.0,"q":1.99,"p":5.592505E7,"s":[{"cn":"Taniocha\u0026Tandeta","ui":"6890994","t":1.0,"r":1.0,"q":2.48,"p":9500000.0,"mot":"U","mo":1.0},{"cn":"Galambos Limited","ui":"6893268","t":2.0,"r":2.0,"q":2.48,"p":2.0E8,"mot":"U","mo":2.0},{"cn":"BeZe37 Ltd.","ui":"6897899","t":1.0,"r":1.0,"q":1.0,"p":2.16006E7,"mot":"U","mo":1.0},{"cn":"Mufatorr Mary Ltd.","ui":"6896745","t":2.0,"r":2.0,"q":1.0,"p":5.0E7,"mot":"U","mo":2.0},{"cn":"RISE","ui":"6893318","t":1.0,"r":1.0,"q":1.0,"p":1.0E7,"mot":"U","mo":1.0},{"cn":"Arsi Industries","ui":"6894185","t":1.0,"r":1.0,"q":2.46,"p":7.0E7,"mot":"U","mo":1.0},{"cn":"APB Company","ui":"6893233","t":4.0,"r":4.0,"q":2.48,"p":1.5E7,"mot":"U","mo":4.0},{"cn":"","ui":"","t":0.0,"r":0.0,"q":0.0,"p":0.0,"mot":"L","mo":0.0}]},{"d":"05.01.2022","r":9.0,"q":1.84,"p":7.311111111E7,"s":[{"cn":"Galambos Limited","ui":"6893268","t":3.0,"r":3.0,"q":2.48,"p":1.5E8,"mot":"U","mo":3.0},{"cn":"Mufatorr Mary Ltd.","ui":"6896745","t":4.0,"r":4.0,"q":1.06,"p":1.7E7,"mot":"U","mo":4.0},{"cn":"Arsi Industries","ui":"6894185","t":2.0,"r":2.0,"q":2.46,"p":7.0E7,"mot":"U","mo":2.0},{"cn":"","ui":"","t":0.0,"r":0.0,"q":0.0,"p":0.0,"mot":"L","mo":0.0}]},{"d":"06.01.2022","r":15.0,"q":1.82,"p":6.293333333E7,"s":[{"cn":"Galambos Limited","ui":"6893268","t":4.0,"r":4.0,"q":2.92,"p":1.4E8,"mot":"U","mo":4.0},{"cn":"Mufatorr Mary Ltd.","ui":"6896745","t":6.0,"r":6.0,"q":1.04,"p":1.9E7,"mot":"U","mo":6.0},{"cn":"Arsi Industries","ui":"6894185","t":3.0,"r":3.0,"q":2.46,"p":7.0E7,"mot":"U","mo":3.0},{"cn":"Azag95 Ltd.","ui":"6850986","t":2.0,"r":2.0,"q":1.0,"p":3.0E7,"mot":"U","mo":2.0},{"cn":"","ui":"","t":0.0,"r":0.0,"q":0.0,"p":0.0,"mot":"L","mo":0.0}]},{"d":"07.01.2022","r":25.0,"q":2.15,"p":3.975976E7,"s":[{"cn":"Galambos Limited","ui":"6893268","t":5.0,"r":5.0,"q":3.18,"p":1.35E8,"mot":"U","mo":5.0},{"cn":"GPT engieniering","ui":"6895589","t":6.0,"r":6.0,"q":2.46,"p":9999000.0,"mot":"U","mo":6.0},{"cn":"Mufatorr Mary Ltd.","ui":"6896745","t":5.0,"r":5.0,"q":1.02,"p":1.9E7,"mot":"U","mo":5.0},{"cn":"Arsi Industries","ui":"6894185","t":4.0,"r":4.0,"q":2.46,"p":1.0E7,"mot":"U","mo":4.0},{"cn":"Azag95 Ltd.","ui":"6850986","t":3.0,"r":3.0,"q":1.0,"p":3.0E7,"mot":"U","mo":3.0},{"cn":"","ui":"","t":2.0,"r":2.0,"q":2.61,"p":1.7E7,"mot":"L","mo":2.0}]},{"d":"10.01.2022","r":168.0,"q":3.08,"p":1.176809702E7,"s":[{"cn":"Thekrieck Ltd.","ui":"6890911","t":139.0,"r":139.0,"q":3.29,"p":1.2E7,"mot":"U","mo":139.0},{"cn":"Jameston Inc","ui":"6893293","t":11.0,"r":11.0,"q":1.0,"p":1.20493E7,"mot":"U","mo":11.0},{"cn":"","ui":"","t":18.0,"r":18.0,"q":2.77,"p":9805444.44,"mot":"L","mo":18.0}]},{"d":"11.01.2022","r":189.0,"q":3.32,"p":1.147907937E7,"s":[{"cn":"Thekrieck Ltd.","ui":"6890911","t":160.0,"r":160.0,"q":3.41,"p":1.2E7,"mot":"U","mo":160.0},{"cn":"","ui":"","t":29.0,"r":29.0,"q":2.85,"p":8605034.48,"mot":"L","mo":29.0}]},{"d":"12.01.2022","r":233.0,"q":3.27,"p":1.129242446E7,"s":[{"cn":"XQUIS LTD.","ui":"6893159","t":12.0,"r":12.0,"q":2.48,"p":5500000.0,"mot":"U","mo":12.0},{"cn":"Thekrieck Ltd.","ui":"6890911","t":181.0,"r":181.0,"q":3.51,"p":1.2E7,"mot":"U","mo":181.0},{"cn":"Jameston Inc","ui":"6893293","t":13.0,"r":13.0,"q":1.0,"p":1.20493E7,"mot":"U","mo":13.0},{"cn":"","ui":"","t":27.0,"r":27.0,"q":3.14,"p":8759037.04,"mot":"L","mo":27.0}]},{"d":"13.01.2022","r":289.0,"q":3.16,"p":9761876.12,"s":[{"cn":"XQUIS LTD.","ui":"6893159","t":15.0,"r":15.0,"q":2.48,"p":5500000.0,"mot":"U","mo":15.0},{"cn":"Thekrieck Ltd.","ui":"6890911","t":202.0,"r":202.0,"q":3.58,"p":9000000.0,"mot":"U","mo":202.0},{"cn":"","ui":"","t":72.0,"r":72.0,"q":2.13,"p":1.278725278E7,"mot":"L","mo":72.0}]},{"d":"18.01.2022","r":108.0,"q":5.14,"p":1.879858611E7,"s":[{"cn":"Galambos Limited","ui":"6893268","t":33.0,"r":33.0,"q":6.06,"p":3.0E7,"mot":"U","mo":33.0},{"cn":"Thekrieck Ltd.","ui":"6890911","t":43.0,"r":43.0,"q":6.12,"p":1.59E7,"mot":"U","mo":43.0},{"cn":"Arsi Industries","ui":"6894185","t":10.0,"r":10.0,"q":2.46,"p":1.0E7,"mot":"U","mo":10.0},{"cn":"Azag95 Ltd.","ui":"6850986","t":6.0,"r":6.0,"q":1.0,"p":2.5E7,"mot":"U","mo":6.0},{"cn":"Quack_yu Industries","ui":"6895321","t":9.0,"r":9.0,"q":4.21,"p":5500000.0,"mot":"U","mo":9.0},{"cn":"","ui":"","t":7.0,"r":7.0,"q":3.43,"p":8149614.29,"mot":"L","mo":7.0}]},{"d":"19.01.2022","r":138.0,"q":5.15,"p":1.786735217E7,"s":[{"cn":"Galambos Limited","ui":"6893268","t":44.0,"r":44.0,"q":6.06,"p":2.5E7,"mot":"U","mo":44.0},{"cn":"Thekrieck Ltd.","ui":"6890911","t":54.0,"r":54.0,"q":6.12,"p":1.59E7,"mot":"U","mo":54.0},{"cn":"Arsi Industries","ui":"6894185","t":20.0,"r":20.0,"q":3.32,"p":1.0E7,"mot":"U","mo":20.0},{"cn":"Azag95 Ltd.","ui":"6850986","t":8.0,"r":8.0,"q":1.0,"p":2.5E7,"mot":"U","mo":8.0},{"cn":"","ui":"","t":12.0,"r":12.0,"q":3.3,"p":8924550.0,"mot":"L","mo":12.0}]},{"d":"20.01.2022","r":194.0,"q":5.14,"p":1.65027933E7,"s":[{"cn":"Galambos Limited","ui":"6893268","t":55.0,"r":55.0,"q":6.06,"p":2.5E7,"mot":"U","mo":55.0},{"cn":"Thekrieck Ltd.","ui":"6890911","t":76.0,"r":76.0,"q":6.12,"p":1.59E7,"mot":"U","mo":76.0},{"cn":"Arsi Industries","ui":"6894185","t":30.0,"r":30.0,"q":3.6,"p":6000000.0,"mot":"U","mo":30.0},{"cn":"Azag95 Ltd.","ui":"6850986","t":10.0,"r":10.0,"q":1.0,"p":2.5E7,"mot":"U","mo":10.0},{"cn":"","ui":"","t":23.0,"r":23.0,"q":3.52,"p":8180082.61,"mot":"L","mo":23.0}]},{"d":"21.01.2022","r":78.0,"q":5.28,"p":2.161538462E7,"s":[{"cn":"Galambos Limited","ui":"6893268","t":66.0,"r":66.0,"q":6.06,"p":2.1E7,"mot":"U","mo":66.0},{"cn":"Azag95 Ltd.","ui":"6850986","t":12.0,"r":12.0,"q":1.0,"p":2.5E7,"mot":"U","mo":12.0},{"cn":"","ui":"","t":0.0,"r":0.0,"q":0.0,"p":0.0,"mot":"L","mo":0.0}]},{"d":"17.02.2022","r":362.0,"q":5.86,"p":4.883765469E7,"s":[{"cn":"Galambos Limited","ui":"6893268","t":36.0,"r":36.0,"q":9.82,"p":7500000.0,"mot":"U","mo":36.0},{"cn":"BeZe37 Ltd.","ui":"6897899","t":100.0,"r":100.0,"q":1.38,"p":1.5E7,"mot":"U","mo":100.0},{"cn":"GPT engieniering","ui":"6895589","t":27.0,"r":27.0,"q":6.83,"p":9999000.0,"mot":"U","mo":27.0},{"cn":"kitecube Incorporated","ui":"6901096","t":100.0,"r":100.0,"q":5.78,"p":1.5E8,"mot":"U","mo":100.0},{"cn":"Thekrieck Ltd.","ui":"6890911","t":72.0,"r":72.0,"q":9.17,"p":6900000.0,"mot":"U","mo":72.0},{"cn":"","ui":"","t":70.0,"r":27.0,"q":7.65,"p":5276222.13,"mot":"L","mo":27.0}]},{"d":"18.02.2022","r":422.0,"q":6.21,"p":4.420125355E7,"s":[{"cn":"Galambos Limited","ui":"6893268","t":39.0,"r":39.0,"q":9.82,"p":7500000.0,"mot":"U","mo":39.0},{"cn":"GPT engieniering","ui":"6895589","t":29.0,"r":29.0,"q":6.91,"p":9999000.0,"mot":"U","mo":29.0},{"cn":"BeZe37 Ltd.","ui":"6897899","t":103.0,"r":103.0,"q":1.41,"p":1.5E7,"mot":"U","mo":103.0},{"cn":"Thekrieck Ltd.","ui":"6890911","t":96.0,"r":96.0,"q":9.18,"p":6900000.0,"mot":"U","mo":96.0},{"cn":"kitecube Incorporated","ui":"6901096","t":104.0,"r":104.0,"q":5.87,"p":1.5E8,"mot":"U","mo":104.0},{"cn":"","ui":"","t":122.0,"r":51.0,"q":7.83,"p":5157999.95,"mot":"L","mo":51.0}]},{"d":"21.02.2022","r":438.0,"q":7.99,"p":4.496361872E7,"s":[{"cn":"Galambos Limited","ui":"6893268","t":75.0,"r":75.0,"q":9.98,"p":7500000.0,"mot":"U","mo":75.0},{"cn":"GPT engieniering","ui":"6895589","t":35.0,"r":35.0,"q":7.1,"p":9999000.0,"mot":"U","mo":35.0},{"cn":"kitecube Incorporated","ui":"6901096","t":116.0,"r":116.0,"q":6.1,"p":1.5E8,"mot":"U","mo":116.0},{"cn":"Thekrieck Ltd.","ui":"6890911","t":168.0,"r":168.0,"q":9.19,"p":6900000.0,"mot":"U","mo":168.0},{"cn":"","ui":"","t":44.0,"r":44.0,"q":5.76,"p":5054545.45,"mot":"L","mo":44.0}]},{"d":"22.02.2022","r":636.0,"q":8.17,"p":3.378333068E7,"s":[{"cn":"Galambos Limited","ui":"6893268","t":87.0,"r":87.0,"q":10.01,"p":7500000.0,"mot":"U","mo":87.0},{"cn":"GPT engieniering","ui":"6895589","t":37.0,"r":37.0,"q":7.15,"p":9999000.0,"mot":"U","mo":37.0},{"cn":"ImperKorp","ui":"3617078","t":118.0,"r":118.0,"q":9.09,"p":5357997.57,"mot":"U","mo":118.0},{"cn":"Thekrieck Ltd.","ui":"6890911","t":192.0,"r":192.0,"q":9.19,"p":6900000.0,"mot":"U","mo":192.0},{"cn":"kitecube Incorporated","ui":"6901096","t":120.0,"r":120.0,"q":6.16,"p":1.5E8,"mot":"U","mo":120.0},{"cn":"","ui":"","t":82.0,"r":82.0,"q":5.93,"p":6179165.85,"mot":"L","mo":82.0}]},{"d":"23.02.2022","r":532.0,"q":8.19,"p":4.040951316E7,"s":[{"cn":"Galambos Limited","ui":"6893268","t":99.0,"r":99.0,"q":10.06,"p":7500000.0,"mot":"U","mo":99.0},{"cn":"GPT engieniering","ui":"6895589","t":39.0,"r":39.0,"q":7.19,"p":9999000.0,"mot":"U","mo":39.0},{"cn":"kitecube Incorporated","ui":"6901096","t":124.0,"r":124.0,"q":6.23,"p":1.5E8,"mot":"U","mo":124.0},{"cn":"Thekrieck Ltd.","ui":"6890911","t":216.0,"r":216.0,"q":9.19,"p":6900000.0,"mot":"U","mo":216.0},{"cn":"","ui":"","t":54.0,"r":54.0,"q":5.95,"p":5092592.59,"mot":"L","mo":54.0}]},{"d":"24.02.2022","r":557.0,"q":6.66,"p":4.226939978E7,"s":[{"cn":"Galambos Limited","ui":"6893268","t":111.0,"r":111.0,"q":10.09,"p":7500000.0,"mot":"U","mo":111.0},{"cn":"BeZe37 Ltd.","ui":"6897899","t":106.0,"r":106.0,"q":1.44,"p":1.5E7,"mot":"U","mo":106.0},{"cn":"ImperKorp","ui":"3617078","t":132.0,"r":132.0,"q":7.91,"p":5357997.57,"mot":"U","mo":132.0},{"cn":"kitecube Incorporated","ui":"6901096","t":128.0,"r":128.0,"q":6.29,"p":1.5E8,"mot":"U","mo":128.0},{"cn":"","ui":"","t":80.0,"r":80.0,"q":7.37,"p":1.517875E7,"mot":"L","mo":80.0}]},{"d":"25.02.2022","r":851.0,"q":7.04,"p":2.958978681E7,"s":[{"cn":"Galambos Limited","ui":"6893268","t":123.0,"r":123.0,"q":10.12,"p":7500000.0,"mot":"U","mo":123.0},{"cn":"BeZe37 Ltd.","ui":"6897899","t":106.0,"r":106.0,"q":1.44,"p":1.20005E7,"mot":"U","mo":106.0},{"cn":"ImperKorp","ui":"3617078","t":182.0,"r":182.0,"q":8.54,"p":5357997.57,"mot":"U","mo":182.0},{"cn":"kitecube Incorporated","ui":"6901096","t":132.0,"r":132.0,"q":6.34,"p":1.5E8,"mot":"U","mo":132.0},{"cn":"Thekrieck Ltd.","ui":"6890911","t":167.0,"r":167.0,"q":9.19,"p":6900000.0,"mot":"U","mo":167.0},{"cn":"","ui":"","t":145.0,"r":141.0,"q":4.74,"p":7509929.22,"mot":"L","mo":141.0}]},{"d":"28.02.2022","r":304.0,"q":6.62,"p":7.406252961E7,"s":[{"cn":"Taniocha\u0026Tandeta","ui":"6890994","t":62.0,"r":61.0,"q":11.84,"p":5500000.0,"mot":"U","mo":61.0},{"cn":"Santas Ltd.","ui":"6979208","t":40.0,"r":40.0,"q":1.0,"p":4000000.0,"mot":"U","mo":40.0},{"cn":"BeZe37 Ltd.","ui":"6897899","t":18.0,"r":18.0,"q":2.12,"p":1.20005E7,"mot":"U","mo":18.0},{"cn":"kitecube Incorporated","ui":"6901096","t":144.0,"r":144.0,"q":6.49,"p":1.5E8,"mot":"U","mo":144.0},{"cn":"Azag95 Ltd.","ui":"6850986","t":26.0,"r":26.0,"q":6.36,"p":4800000.0,"mot":"U","mo":26.0},{"cn":"","ui":"","t":15.0,"r":15.0,"q":7.47,"p":5246666.67,"mot":"L","mo":15.0}]},{"d":"01.03.2022","r":409.0,"q":8.06,"p":5.890809535E7,"s":[{"cn":"Taniocha\u0026Tandeta","ui":"6890994","t":71.0,"r":70.0,"q":11.84,"p":5500000.0,"mot":"U","mo":70.0},{"cn":"BeZe37 Ltd.","ui":"6897899","t":22.0,"r":22.0,"q":2.18,"p":1.20005E7,"mot":"U","mo":22.0},{"cn":"AlinDamian98 Ltd.","ui":"6972514","t":138.0,"r":138.0,"q":9.24,"p":1.0E7,"mot":"U","mo":138.0},{"cn":"kitecube Incorporated","ui":"6901096","t":146.0,"r":146.0,"q":6.53,"p":1.5E8,"mot":"U","mo":146.0},{"cn":"Azag95 Ltd.","ui":"6850986","t":28.0,"r":28.0,"q":6.48,"p":4800000.0,"mot":"U","mo":28.0},{"cn":"","ui":"","t":5.0,"r":5.0,"q":1.98,"p":6000000.0,"mot":"L","mo":5.0}]},{"d":"02.03.2022","r":206.0,"q":6.02,"p":1.1139326699E8,"s":[{"cn":"BeZe37 Ltd.","ui":"6897899","t":26.0,"r":26.0,"q":2.22,"p":1.20005E7,"mot":"U","mo":26.0},{"cn":"kitecube Incorporated","ui":"6901096","t":150.0,"r":150.0,"q":6.57,"p":1.5E8,"mot":"U","mo":150.0},{"cn":"Azag95 Ltd.","ui":"6850986","t":30.0,"r":30.0,"q":6.58,"p":4500000.0,"mot":"U","mo":30.0},{"cn":"","ui":"","t":0.0,"r":0.0,"q":0.0,"p":0.0,"mot":"L","mo":0.0}]},{"d":"03.03.2022","r":253.0,"q":5.73,"p":9.474314229E7,"s":[{"cn":"EddieVedder100 Ltd.","ui":"6977659","t":20.0,"r":20.0,"q":1.0,"p":1.0E7,"mot":"U","mo":20.0},{"cn":"BeZe37 Ltd.","ui":"6897899","t":30.0,"r":30.0,"q":2.26,"p":1.20005E7,"mot":"U","mo":30.0},{"cn":"Reynaldo International","ui":"6892955","t":16.0,"r":16.0,"q":8.1,"p":1.0E7,"mot":"U","mo":16.0},{"cn":"kitecube Incorporated","ui":"6901096","t":154.0,"r":154.0,"q":6.61,"p":1.5E8,"mot":"U","mo":154.0},{"cn":"Azag95 Ltd.","ui":"6850986","t":32.0,"r":32.0,"q":6.67,"p":4500000.0,"mot":"U","mo":32.0},{"cn":"","ui":"","t":1.0,"r":1.0,"q":1.94,"p":6000000.0,"mot":"L","mo":1.0}]},{"d":"04.03.2022","r":308.0,"q":5.2,"p":8.082148377E7,"s":[{"cn":"Rich Imperium","ui":"6981806","t":20.0,"r":20.0,"q":1.0,"p":1.0E7,"mot":"U","mo":20.0},{"cn":"Santas Ltd.","ui":"6979208","t":40.0,"r":40.0,"q":1.0,"p":5300000.0,"mot":"U","mo":40.0},{"cn":"Reynaldo International","ui":"6892955","t":21.0,"r":21.0,"q":8.62,"p":1.0E7,"mot":"U","mo":21.0},{"cn":"BeZe37 Ltd.","ui":"6897899","t":34.0,"r":34.0,"q":2.28,"p":1.20005E7,"mot":"U","mo":34.0},{"cn":"kitecube Incorporated","ui":"6901096","t":158.0,"r":158.0,"q":6.65,"p":1.5E8,"mot":"U","mo":158.0},{"cn":"Azag95 Ltd.","ui":"6850986","t":34.0,"r":34.0,"q":6.74,"p":4500000.0,"mot":"U","mo":34.0},{"cn":"","ui":"","t":1.0,"r":1.0,"q":1.94,"p":1.0E7,"mot":"L","mo":1.0}]},{"d":"07.03.2022","r":270.0,"q":5.54,"p":9.26186037E7,"s":[{"cn":"SemSells Inc.","ui":"6980508","t":20.0,"r":20.0,"q":1.0,"p":4000000.0,"mot":"U","mo":20.0},{"cn":"BeZe37 Ltd.","ui":"6897899","t":46.0,"r":46.0,"q":2.33,"p":1.20005E7,"mot":"U","mo":46.0},{"cn":"kitecube Incorporated","ui":"6901096","t":161.0,"r":161.0,"q":6.72,"p":1.5E8,"mot":"U","mo":161.0},{"cn":"Azag95 Ltd.","ui":"6850986","t":40.0,"r":40.0,"q":6.93,"p":4500000.0,"mot":"U","mo":40.0},{"cn":"","ui":"","t":4.0,"r":3.0,"q":3.57,"p":1.5E7,"mot":"L","mo":3.0}]},{"d":"08.03.2022","r":264.0,"q":5.86,"p":9.711751894E7,"s":[{"cn":"BeZe37 Ltd.","ui":"6897899","t":50.0,"r":50.0,"q":2.34,"p":1.20005E7,"mot":"U","mo":50.0},{"cn":"kitecube Incorporated","ui":"6901096","t":165.0,"r":165.0,"q":6.75,"p":1.5E8,"mot":"U","mo":165.0},{"cn":"Azag95 Ltd.","ui":"6850986","t":42.0,"r":42.0,"q":7.0,"p":4500000.0,"mot":"U","mo":42.0},{"cn":"","ui":"","t":8.0,"r":7.0,"q":3.31,"p":1.428571429E7,"mot":"L","mo":7.0}]},{"d":"09.03.2022","r":147.0,"q":3.45,"p":9109027.21,"s":[{"cn":"BeZe37 Ltd.","ui":"6897899","t":54.0,"r":54.0,"q":2.35,"p":1.20005E7,"mot":"U","mo":54.0},{"cn":"Potatoast Ltd.","ui":"6977654","t":20.0,"r":20.0,"q":1.0,"p":3400000.0,"mot":"U","mo":20.0},{"cn":"Azag95 Ltd.","ui":"6850986","t":44.0,"r":44.0,"q":7.08,"p":4500000.0,"mot":"U","mo":44.0},{"cn":"Z-Max","ui":"6979250","t":20.0,"r":20.0,"q":1.0,"p":1.5E7,"mot":"U","mo":20.0},{"cn":"","ui":"","t":10.0,"r":9.0,"q":3.17,"p":1.388888889E7,"mot":"L","mo":9.0}]},{"d":"10.03.2022","r":113.0,"q":4.36,"p":8849814.16,"s":[{"cn":"BeZe37 Ltd.","ui":"6897899","t":58.0,"r":58.0,"q":2.35,"p":1.20005E7,"mot":"U","mo":58.0},{"cn":"Azag95 Ltd.","ui":"6850986","t":46.0,"r":46.0,"q":7.16,"p":4000000.0,"mot":"U","mo":46.0},{"cn":"APB Company","ui":"6893233","t":7.0,"r":6.0,"q":3.53,"p":1.5E7,"mot":"U","mo":6.0},{"cn":"","ui":"","t":3.0,"r":3.0,"q":1.88,"p":1.0E7,"mot":"L","mo":3.0}]},{"d":"11.03.2022","r":352.0,"q":2.57,"p":1.50003721E7,"s":[{"cn":"Cardman ENT.","ui":"6976479","t":20.0,"r":20.0,"q":1.0,"p":3999999.0,"mot":"U","mo":20.0},{"cn":"SemSells Inc.","ui":"6980508","t":20.0,"r":20.0,"q":1.0,"p":3500000.0,"mot":"U","mo":20.0},{"cn":"Rich Imperium","ui":"6981806","t":19.0,"r":19.0,"q":1.0,"p":1.0E7,"mot":"U","mo":19.0},{"cn":"Morlac Ltd.","ui":"6978878","t":20.0,"r":20.0,"q":1.0,"p":1.0E8,"mot":"U","mo":20.0},{"cn":"BeZe37 Ltd.","ui":"6897899","t":62.0,"r":62.0,"q":2.36,"p":1.20005E7,"mot":"U","mo":62.0},{"cn":"Thekrieck Ltd.","ui":"6958711","t":57.0,"r":57.0,"q":3.62,"p":5700000.0,"mot":"U","mo":57.0},{"cn":"Titanium","ui":"6972614","t":20.0,"r":20.0,"q":1.0,"p":1.25E7,"mot":"U","mo":20.0},{"cn":"Aldos Corp.","ui":"6973618","t":20.0,"r":20.0,"q":1.0,"p":2.25E7,"mot":"U","mo":20.0},{"cn":"GRQ","ui":"6972516","t":20.0,"r":20.0,"q":1.0,"p":1.5E7,"mot":"U","mo":20.0},{"cn":"NUSANTARA CAPITAL Ltd.","ui":"6980184","t":20.0,"r":20.0,"q":1.0,"p":1.5E7,"mot":"U","mo":20.0},{"cn":"Azag95 Ltd.","ui":"6850986","t":48.0,"r":48.0,"q":7.24,"p":4000000.0,"mot":"U","mo":48.0},{"cn":"Arkadia","ui":"6979250","t":20.0,"r":20.0,"q":1.0,"p":1.5E7,"mot":"U","mo":20.0},{"cn":"","ui":"","t":7.0,"r":6.0,"q":4.52,"p":1.32E7,"mot":"L","mo":6.0}]},{"d":"14.03.2022","r":9.0,"q":9.18,"p":2.0E7,"s":[{"cn":"Azag95 Ltd.","ui":"6850986","t":9.0,"r":9.0,"q":9.18,"p":2.0E7,"mot":"U","mo":9.0},{"cn":"","ui":"","t":0.0,"r":0.0,"q":0.0,"p":0.0,"mot":"L","mo":0.0}]},{"d":"15.03.2022","r":12.0,"q":9.2,"p":2.0E7,"s":[{"cn":"Azag95 Ltd.","ui":"6850986","t":12.0,"r":12.0,"q":9.2,"p":2.0E7,"mot":"U","mo":12.0},{"cn":"","ui":"","t":0.0,"r":0.0,"q":0.0,"p":0.0,"mot":"L","mo":0.0}]},{"d":"16.03.2022","r":26.0,"q":10.65,"p":1.826923077E7,"s":[{"cn":"Taniocha\u0026Tandeta","ui":"6890994","t":10.0,"r":10.0,"q":12.92,"p":1.55E7,"mot":"U","mo":10.0},{"cn":"Azag95 Ltd.","ui":"6850986","t":16.0,"r":16.0,"q":9.23,"p":2.0E7,"mot":"U","mo":16.0},{"cn":"","ui":"","t":0.0,"r":0.0,"q":0.0,"p":0.0,"mot":"L","mo":0.0}]},{"d":"17.03.2022","r":4.0,"q":9.31,"p":2.0E7,"s":[{"cn":"Azag95 Ltd.","ui":"6850986","t":4.0,"r":4.0,"q":9.31,"p":2.0E7,"mot":"U","mo":4.0},{"cn":"","ui":"","t":0.0,"r":0.0,"q":0.0,"p":0.0,"mot":"L","mo":0.0}]},{"d":"18.03.2022","r":30.0,"q":4.02,"p":3.97E7,"s":[{"cn":"Taniocha\u0026Tandeta","ui":"6890994","t":2.0,"r":2.0,"q":12.92,"p":1.55E7,"mot":"U","mo":2.0},{"cn":"Azag95 Ltd.","ui":"6850986","t":8.0,"r":8.0,"q":9.36,"p":2.0E7,"mot":"U","mo":8.0},{"cn":"the One Ltd.","ui":"6980612","t":20.0,"r":20.0,"q":1.0,"p":5.0E7,"mot":"U","mo":20.0},{"cn":"","ui":"","t":0.0,"r":0.0,"q":0.0,"p":0.0,"mot":"L","mo":0.0}]},{"d":"21.03.2022","r":33.0,"q":7.9,"p":2.878787879E7,"s":[{"cn":"gunyuzu Industries","ui":"6973770","t":29.0,"r":29.0,"q":7.6,"p":3.0E7,"mot":"U","mo":29.0},{"cn":"Azag95 Ltd.","ui":"6850986","t":4.0,"r":4.0,"q":10.11,"p":2.0E7,"mot":"U","mo":4.0},{"cn":"","ui":"","t":0.0,"r":0.0,"q":0.0,"p":0.0,"mot":"L","mo":0.0}]},{"d":"22.03.2022","r":66.0,"q":7.8,"p":2.878787879E7,"s":[{"cn":"gunyuzu Industries","ui":"6973770","t":58.0,"r":58.0,"q":7.47,"p":3.0E7,"mot":"U","mo":58.0},{"cn":"Azag95 Ltd.","ui":"6850986","t":8.0,"r":8.0,"q":10.2,"p":2.0E7,"mot":"U","mo":8.0},{"cn":"","ui":"","t":0.0,"r":0.0,"q":0.0,"p":0.0,"mot":"L","mo":0.0}]},{"d":"23.03.2022","r":145.0,"q":10.66,"p":2.171448276E7,"s":[{"cn":"gunyuzu Industries","ui":"6973770","t":45.0,"r":45.0,"q":7.38,"p":3.0E7,"mot":"U","mo":45.0},{"cn":"Taniocha\u0026Tandeta","ui":"6890994","t":31.0,"r":31.0,"q":12.92,"p":1.55E7,"mot":"U","mo":31.0},{"cn":"Azag95 Ltd.","ui":"6850986","t":12.0,"r":12.0,"q":10.25,"p":1.5E7,"mot":"U","mo":12.0},{"cn":"Quack_yu Industries","ui":"6895321","t":53.0,"r":53.0,"q":12.68,"p":2.05E7,"mot":"U","mo":53.0},{"cn":"","ui":"","t":5.0,"r":4.0,"q":4.52,"p":1.29E7,"mot":"L","mo":4.0}]},{"d":"24.03.2022","r":250.0,"q":10.71,"p":2.0376E7,"s":[{"cn":"gunyuzu Industries","ui":"6973770","t":74.0,"r":74.0,"q":7.37,"p":2.5E7,"mot":"U","mo":74.0},{"cn":"Taniocha\u0026Tandeta","ui":"6890994","t":42.0,"r":42.0,"q":12.92,"p":1.55E7,"mot":"U","mo":42.0},{"cn":"Azag95 Ltd.","ui":"6850986","t":16.0,"r":16.0,"q":10.31,"p":1.5E7,"mot":"U","mo":16.0},{"cn":"Quack_yu Industries","ui":"6895321","t":106.0,"r":106.0,"q":12.68,"p":2.05E7,"mot":"U","mo":106.0},{"cn":"","ui":"","t":13.0,"r":12.0,"q":6.68,"p":1.5E7,"mot":"L","mo":12.0}]},{"d":"25.03.2022","r":186.0,"q":9.27,"p":2.068010753E7,"s":[{"cn":"gunyuzu Industries","ui":"6973770","t":103.0,"r":103.0,"q":7.31,"p":2.5E7,"mot":"U","mo":103.0},{"cn":"Taniocha\u0026Tandeta","ui":"6890994","t":53.0,"r":53.0,"q":12.92,"p":1.55E7,"mot":"U","mo":53.0},{"cn":"Azag95 Ltd.","ui":"6850986","t":18.0,"r":18.0,"q":10.33,"p":1.5E7,"mot":"U","mo":18.0},{"cn":"","ui":"","t":12.0,"r":12.0,"q":8.36,"p":1.5E7,"mot":"L","mo":12.0}]},{"d":"28.03.2022","r":59.0,"q":12.16,"p":1.474576271E7,"s":[{"cn":"Taniocha\u0026Tandeta","ui":"6890994","t":11.0,"r":11.0,"q":12.92,"p":1.55E7,"mot":"U","mo":11.0},{"cn":"Azag95 Ltd.","ui":"6850986","t":4.0,"r":4.0,"q":10.52,"p":1.5E7,"mot":"U","mo":4.0},{"cn":"Quack_yu Industries","ui":"6895321","t":41.0,"r":41.0,"q":12.68,"p":1.45E7,"mot":"U","mo":41.0},{"cn":"","ui":"","t":4.0,"r":3.0,"q":4.48,"p":1.5E7,"mot":"L","mo":3.0}]},{"d":"29.03.2022","r":136.0,"q":13.01,"p":1.455073529E7,"s":[{"cn":"Taniocha\u0026Tandeta","ui":"6890994","t":22.0,"r":22.0,"q":12.92,"p":1.55E7,"mot":"U","mo":22.0},{"cn":"Azag95 Ltd.","ui":"6850986","t":8.0,"r":8.0,"q":10.52,"p":1.5E7,"mot":"U","mo":8.0},{"cn":"Quack_yu Industries","ui":"6895321","t":97.0,"r":97.0,"q":14.05,"p":1.45E7,"mot":"U","mo":97.0},{"cn":"","ui":"","t":10.0,"r":9.0,"q":4.3,"p":1.237777778E7,"mot":"L","mo":9.0}]},{"d":"30.03.2022","r":179.0,"q":13.48,"p":1.472905028E7,"s":[{"cn":"Taniocha\u0026Tandeta","ui":"6890994","t":33.0,"r":33.0,"q":12.92,"p":1.55E7,"mot":"U","mo":33.0},{"cn":"Quack_yu Industries","ui":"6895321","t":130.0,"r":130.0,"q":14.4,"p":1.45E7,"mot":"U","mo":130.0},{"cn":"","ui":"","t":17.0,"r":16.0,"q":7.12,"p":1.5E7,"mot":"L","mo":16.0}]},{"d":"31.03.2022","r":291.0,"q":12.99,"p":1.508247423E7,"s":[{"cn":"gunyuzu Industries","ui":"6973770","t":21.0,"r":21.0,"q":7.1,"p":2.5E7,"mot":"U","mo":21.0},{"cn":"Taniocha\u0026Tandeta","ui":"6890994","t":44.0,"r":44.0,"q":12.92,"p":1.55E7,"mot":"U","mo":44.0},{"cn":"Quack_yu Industries","ui":"6895321","t":185.0,"r":185.0,"q":14.55,"p":1.45E7,"mot":"U","mo":185.0},{"cn":"","ui":"","t":42.0,"r":41.0,"q":9.01,"p":1.218292683E7,"mot":"L","mo":41.0}]},{"d":"01.04.2022","r":391.0,"q":12.77,"p":1.581713555E7,"s":[{"cn":"gunyuzu Industries","ui":"6973770","t":50.0,"r":50.0,"q":7.1,"p":2.5E7,"mot":"U","mo":50.0},{"cn":"Taniocha\u0026Tandeta","ui":"6890994","t":55.0,"r":55.0,"q":12.92,"p":1.55E7,"mot":"U","mo":55.0},{"cn":"Quack_yu Industries","ui":"6895321","t":240.0,"r":240.0,"q":14.61,"p":1.45E7,"mot":"U","mo":240.0},{"cn":"","ui":"","t":47.0,"r":46.0,"q":9.19,"p":1.308695652E7,"mot":"L","mo":46.0}]},{"d":"04.04.2022","r":739.0,"q":11.1,"p":1.49932341E7,"s":[{"cn":"Taniocha\u0026Tandeta","ui":"6890994","t":68.0,"r":68.0,"q":12.92,"p":1.55E7,"mot":"U","mo":68.0},{"cn":"gunyuzu Industries","ui":"6973770","t":175.0,"r":175.0,"q":7.05,"p":1.5E7,"mot":"U","mo":175.0},{"cn":"Quack_yu Industries","ui":"5587314","t":469.0,"r":469.0,"q":12.65,"p":1.5E7,"mot":"U","mo":469.0},{"cn":"","ui":"","t":28.0,"r":27.0,"q":5.94,"p":1.355555556E7,"mot":"L","mo":27.0}]},{"d":"05.04.2022","r":908.0,"q":10.86,"p":1.492235683E7,"s":[{"cn":"Taniocha\u0026Tandeta","ui":"6890994","t":79.0,"r":79.0,"q":12.92,"p":1.55E7,"mot":"U","mo":79.0},{"cn":"gunyuzu Industries","ui":"6973770","t":222.0,"r":222.0,"q":7.04,"p":1.5E7,"mot":"U","mo":222.0},{"cn":"Quack_yu Industries","ui":"5587314","t":560.0,"r":560.0,"q":12.59,"p":1.5E7,"mot":"U","mo":560.0},{"cn":"","ui":"","t":48.0,"r":47.0,"q":4.81,"p":1.265957447E7,"mot":"L","mo":47.0}]},{"d":"06.04.2022","r":778.0,"q":12.3,"p":1.496786632E7,"s":[{"cn":"Taniocha\u0026Tandeta","ui":"6890994","t":90.0,"r":90.0,"q":12.92,"p":1.55E7,"mot":"U","mo":90.0},{"cn":"Quack_yu Industries","ui":"5587314","t":650.0,"r":650.0,"q":12.53,"p":1.5E7,"mot":"U","mo":650.0},{"cn":"","ui":"","t":39.0,"r":38.0,"q":6.93,"p":1.315789474E7,"mot":"L","mo":38.0}]},{"d":"07.04.2022","r":867.0,"q":12.31,"p":1.505824683E7,"s":[{"cn":"Taniocha\u0026Tandeta","ui":"6890994","t":101.0,"r":101.0,"q":12.92,"p":1.55E7,"mot":"U","mo":101.0},{"cn":"Quack_yu Industries","ui":"5587314","t":740.0,"r":740.0,"q":12.49,"p":1.5E7,"mot":"U","mo":740.0},{"cn":"","ui":"","t":27.0,"r":26.0,"q":4.87,"p":1.5E7,"mot":"L","mo":26.0}]},{"d":"08.04.2022","r":998.0,"q":12.16,"p":1.485470942E7,"s":[{"cn":"Taniocha\u0026Tandeta","ui":"6890994","t":112.0,"r":112.0,"q":13.02,"p":1.55E7,"mot":"U","mo":112.0},{"cn":"Quack_yu Industries","ui":"5587314","t":823.0,"r":823.0,"q":12.45,"p":1.5E7,"mot":"U","mo":823.0},{"cn":"","ui":"","t":64.0,"r":63.0,"q":6.83,"p":1.180952381E7,"mot":"L","mo":63.0}]},{"d":"11.04.2022","r":1279.0,"q":12.18,"p":1.49104785E7,"s":[{"cn":"Taniocha\u0026Tandeta","ui":"6890994","t":145.0,"r":145.0,"q":13.23,"p":1.55E7,"mot":"U","mo":145.0},{"cn":"Quack_yu Industries","ui":"5587314","t":1071.0,"r":1071.0,"q":12.34,"p":1.5E7,"mot":"U","mo":1071.0},{"cn":"","ui":"","t":64.0,"r":63.0,"q":6.99,"p":1.203177778E7,"mot":"L","mo":63.0}]},{"d":"12.04.2022","r":1364.0,"q":12.17,"p":1.495821408E7,"s":[{"cn":"Taniocha\u0026Tandeta","ui":"6890994","t":156.0,"r":156.0,"q":13.28,"p":1.55E7,"mot":"U","mo":156.0},{"cn":"Quack_yu Industries","ui":"5587314","t":1149.0,"r":1149.0,"q":12.33,"p":1.5E7,"mot":"U","mo":1149.0},{"cn":"","ui":"","t":60.0,"r":59.0,"q":6.14,"p":1.27119322E7,"mot":"L","mo":59.0}]},{"d":"13.04.2022","r":1471.0,"q":12.15,"p":1.420700612E7,"s":[{"cn":"Taniocha\u0026Tandeta","ui":"6890994","t":167.0,"r":167.0,"q":13.32,"p":9500000.0,"mot":"U","mo":167.0},{"cn":"Quack_yu Industries","ui":"5587314","t":1225.0,"r":1225.0,"q":12.33,"p":1.5E7,"mot":"U","mo":1225.0},{"cn":"","ui":"","t":80.0,"r":79.0,"q":6.87,"p":1.186083544E7,"mot":"L","mo":79.0}]},{"d":"14.04.2022","r":1572.0,"q":12.22,"p":1.417176081E7,"s":[{"cn":"Taniocha\u0026Tandeta","ui":"6890994","t":178.0,"r":178.0,"q":13.36,"p":9500000.0,"mot":"U","mo":178.0},{"cn":"Quack_yu Industries","ui":"5587314","t":1293.0,"r":1293.0,"q":12.4,"p":1.5E7,"mot":"U","mo":1293.0},{"cn":"","ui":"","t":102.0,"r":101.0,"q":7.84,"p":1.180205941E7,"mot":"L","mo":101.0}]},{"d":"15.04.2022","r":1683.0,"q":12.27,"p":1.411854427E7,"s":[{"cn":"Taniocha\u0026Tandeta","ui":"6890994","t":189.0,"r":189.0,"q":13.4,"p":9500000.0,"mot":"U","mo":189.0},{"cn":"Quack_yu Industries","ui":"5587314","t":1370.0,"r":1370.0,"q":12.48,"p":1.5E7,"mot":"U","mo":1370.0},{"cn":"","ui":"","t":125.0,"r":124.0,"q":8.21,"p":1.141943548E7,"mot":"L","mo":124.0}]},{"d":"18.04.2022","r":1963.0,"q":12.38,"p":1.383612634E7,"s":[{"cn":"Taniocha\u0026Tandeta","ui":"6890994","t":215.0,"r":215.0,"q":13.48,"p":6500000.0,"mot":"U","mo":215.0},{"cn":"Quack_yu Industries","ui":"5587314","t":1607.0,"r":1607.0,"q":12.65,"p":1.5E7,"mot":"U","mo":1607.0},{"cn":"","ui":"","t":142.0,"r":141.0,"q":7.67,"p":1.175756028E7,"mot":"L","mo":141.0}]},{"d":"19.04.2022","r":1823.0,"q":12.27,"p":1.477587383E7,"s":[{"cn":"Quack_yu Industries","ui":"5587314","t":1685.0,"r":1685.0,"q":12.7,"p":1.5E7,"mot":"U","mo":1685.0},{"cn":"","ui":"","t":139.0,"r":138.0,"q":6.96,"p":1.203926087E7,"mot":"L","mo":138.0}]},{"d":"20.04.2022","r":2116.0,"q":12.42,"p":1.483696597E7,"s":[{"cn":"Quack_yu Industries","ui":"5587314","t":1976.0,"r":1976.0,"q":12.8,"p":1.5E7,"mot":"U","mo":1976.0},{"cn":"","ui":"","t":141.0,"r":140.0,"q":7.11,"p":1.253585714E7,"mot":"L","mo":140.0}]},{"d":"21.04.2022","r":2224.0,"q":12.41,"p":1.483409263E7,"s":[{"cn":"Quack_yu Industries","ui":"5587314","t":2077.0,"r":2077.0,"q":12.84,"p":1.5E7,"mot":"U","mo":2077.0},{"cn":"","ui":"","t":148.0,"r":147.0,"q":6.34,"p":1.248994558E7,"mot":"L","mo":147.0}]},{"d":"22.04.2022","r":1386.0,"q":12.03,"p":1.47806811E7,"s":[{"cn":"Quack_yu Industries","ui":"5587314","t":1262.0,"r":1262.0,"q":12.88,"p":1.5E7,"mot":"U","mo":1262.0},{"cn":"","ui":"","t":125.0,"r":124.0,"q":3.34,"p":1.254858065E7,"mot":"L","mo":124.0}]},{"d":"25.04.2022","r":1426.0,"q":12.36,"p":1.48552791E7,"s":[{"cn":"Quack_yu Industries","ui":"5587314","t":1307.0,"r":1307.0,"q":13.12,"p":1.5E7,"mot":"U","mo":1307.0},{"cn":"","ui":"","t":120.0,"r":119.0,"q":3.96,"p":1.326578151E7,"mot":"L","mo":119.0}]},{"d":"26.04.2022","r":1520.0,"q":12.45,"p":1.487173026E7,"s":[{"cn":"Quack_yu Industries","ui":"5587314","t":1396.0,"r":1396.0,"q":13.19,"p":1.5E7,"mot":"U","mo":1396.0},{"cn":"","ui":"","t":125.0,"r":124.0,"q":4.11,"p":1.342766129E7,"mot":"L","mo":124.0}]},{"d":"27.04.2022","r":1631.0,"q":12.52,"p":1.483030779E7,"s":[{"cn":"Quack_yu Industries","ui":"5587314","t":1491.0,"r":1491.0,"q":13.26,"p":1.5E7,"mot":"U","mo":1491.0},{"cn":"","ui":"","t":152.0,"r":140.0,"q":4.67,"p":1.302308571E7,"mot":"L","mo":140.0}]},{"d":"28.04.2022","r":1751.0,"q":12.56,"p":1.478973958E7,"s":[{"cn":"Quack_yu Industries","ui":"5587314","t":1595.0,"r":1595.0,"q":13.28,"p":1.5E7,"mot":"U","mo":1595.0},{"cn":"","ui":"","t":167.0,"r":156.0,"q":5.18,"p":1.263996154E7,"mot":"L","mo":156.0}]},{"d":"29.04.2022","r":2128.0,"q":11.88,"p":1.477332519E7,"s":[{"cn":"gunyuzu Industries","ui":"6973770","t":269.0,"r":269.0,"q":7.04,"p":1.5E7,"mot":"U","mo":269.0},{"cn":"Quack_yu Industries","ui":"5587314","t":1688.0,"r":1688.0,"q":13.32,"p":1.5E7,"mot":"U","mo":1688.0},{"cn":"","ui":"","t":172.0,"r":171.0,"q":5.33,"p":1.217915789E7,"mot":"L","mo":171.0}]},{"d":"02.05.2022","r":2112.0,"q":12.8,"p":1.478458191E7,"s":[{"cn":"Quack_yu Industries","ui":"5587314","t":1939.0,"r":1939.0,"q":13.44,"p":1.5E7,"mot":"U","mo":1939.0},{"cn":"","ui":"","t":174.0,"r":173.0,"q":5.64,"p":1.237015607E7,"mot":"L","mo":173.0}]},{"d":"03.05.2022","r":2225.0,"q":12.82,"p":1.473327596E7,"s":[{"cn":"Quack_yu Industries","ui":"5587314","t":2031.0,"r":2031.0,"q":13.47,"p":1.5E7,"mot":"U","mo":2031.0},{"cn":"","ui":"","t":205.0,"r":194.0,"q":6.04,"p":1.194092268E7,"mot":"L","mo":194.0}]},{"d":"04.05.2022","r":2616.0,"q":12.22,"p":1.405181231E7,"s":[{"cn":"gunyuzu Industries","ui":"6973770","t":269.0,"r":269.0,"q":7.04,"p":8500000.0,"mot":"U","mo":269.0},{"cn":"Quack_yu Industries","ui":"5587314","t":2132.0,"r":2132.0,"q":13.46,"p":1.5E7,"mot":"U","mo":2132.0},{"cn":"","ui":"","t":226.0,"r":215.0,"q":6.36,"p":1.159553953E7,"mot":"L","mo":215.0}]},{"d":"05.05.2022","r":2387.0,"q":12.87,"p":1.489193255E7,"s":[{"cn":"Quack_yu Industries","ui":"5587314","t":2233.0,"r":2233.0,"q":13.46,"p":1.5E7,"mot":"U","mo":2233.0},{"cn":"","ui":"","t":155.0,"r":154.0,"q":4.3,"p":1.332495455E7,"mot":"L","mo":154.0}]},{"d":"06.05.2022","r":2785.0,"q":12.24,"p":1.490306822E7,"s":[{"cn":"Quack_yu Industries","ui":"5587314","t":2626.0,"r":2626.0,"q":12.72,"p":1.5E7,"mot":"U","mo":2626.0},{"cn":"","ui":"","t":160.0,"r":159.0,"q":4.34,"p":1.330216981E7,"mot":"L","mo":159.0}]},{"d":"09.05.2022","r":2967.0,"q":12.57,"p":1.499679811E7,"s":[{"cn":"Quack_yu Industries","ui":"5587314","t":2888.0,"r":2888.0,"q":12.7,"p":1.5E7,"mot":"U","mo":2888.0},{"cn":"","ui":"","t":80.0,"r":79.0,"q":7.76,"p":1.487974684E7,"mot":"L","mo":79.0}]},{"d":"10.05.2022","r":3040.0,"q":12.55,"p":1.498519737E7,"s":[{"cn":"Quack_yu Industries","ui":"5587314","t":2953.0,"r":2953.0,"q":12.68,"p":1.5E7,"mot":"U","mo":2953.0},{"cn":"","ui":"","t":88.0,"r":87.0,"q":8.04,"p":1.448275862E7,"mot":"L","mo":87.0}]},{"d":"11.05.2022","r":3222.0,"q":12.17,"p":1.488486918E7,"s":[{"cn":"Quack_yu Industries","ui":"5587314","t":3019.0,"r":3019.0,"q":12.66,"p":1.5E7,"mot":"U","mo":3019.0},{"cn":"","ui":"","t":204.0,"r":203.0,"q":4.88,"p":1.317265271E7,"mot":"L","mo":203.0}]},{"d":"12.05.2022","r":3306.0,"q":12.35,"p":1.493104598E7,"s":[{"cn":"Quack_yu Industries","ui":"5587314","t":3140.0,"r":3140.0,"q":12.69,"p":1.5E7,"mot":"U","mo":3140.0},{"cn":"","ui":"","t":167.0,"r":166.0,"q":5.9,"p":1.362673494E7,"mot":"L","mo":166.0}]},{"d":"13.05.2022","r":3439.0,"q":12.37,"p":1.49302239E7,"s":[{"cn":"Quack_yu Industries","ui":"5587314","t":3265.0,"r":3265.0,"q":12.71,"p":1.5E7,"mot":"U","mo":3265.0},{"cn":"","ui":"","t":175.0,"r":174.0,"q":6.04,"p":1.362091954E7,"mot":"L","mo":174.0}]},{"d":"16.05.2022","r":3799.0,"q":12.57,"p":1.496368071E7,"s":[{"cn":"Quack_yu Industries","ui":"5587314","t":3638.0,"r":3638.0,"q":12.77,"p":1.5E7,"mot":"U","mo":3638.0},{"cn":"","ui":"","t":162.0,"r":161.0,"q":7.97,"p":1.4143E7,"mot":"L","mo":161.0}]},{"d":"17.05.2022","r":3911.0,"q":12.65,"p":1.498312733E7,"s":[{"cn":"Quack_yu Industries","ui":"5587314","t":3758.0,"r":3758.0,"q":12.79,"p":1.5E7,"mot":"U","mo":3758.0},{"cn":"","ui":"","t":154.0,"r":153.0,"q":9.16,"p":1.456869935E7,"mot":"L","mo":153.0}]},{"d":"18.05.2022","r":4034.0,"q":12.68,"p":1.498066758E7,"s":[{"cn":"Quack_yu Industries","ui":"5587314","t":3879.0,"r":3879.0,"q":12.81,"p":1.5E7,"mot":"U","mo":3879.0},{"cn":"","ui":"","t":156.0,"r":155.0,"q":9.37,"p":1.449685806E7,"mot":"L","mo":155.0}]},{"d":"19.05.2022","r":4136.0,"q":12.77,"p":1.5E7,"s":[{"cn":"Quack_yu Industries","ui":"5587314","t":4000.0,"r":4000.0,"q":12.83,"p":1.5E7,"mot":"U","mo":4000.0},{"cn":"","ui":"","t":137.0,"r":136.0,"q":11.02,"p":1.5E7,"mot":"L","mo":136.0}]},{"d":"20.05.2022","r":5207.0,"q":12.73,"p":1.494949366E7,"s":[{"cn":"Quack_yu Industries","ui":"5587314","t":4113.0,"r":4113.0,"q":12.87,"p":1.5E7,"mot":"U","mo":4113.0},{"cn":"Sociedad Aragonesa","ui":"6043735","t":1000.0,"r":900.0,"q":12.7,"p":1.5E7,"mot":"U","mo":900.0},{"cn":"","ui":"","t":195.0,"r":194.0,"q":9.88,"p":1.364439948E7,"mot":"L","mo":194.0}]},{"d":"23.05.2022","r":4384.0,"q":12.96,"p":1.5E7,"s":[{"cn":"Quack_yu Industries","ui":"5587314","t":4228.0,"r":4228.0,"q":13.01,"p":1.5E7,"mot":"U","mo":4228.0},{"cn":"","ui":"","t":157.0,"r":156.0,"q":11.66,"p":1.5E7,"mot":"L","mo":156.0}]},{"d":"24.05.2022","r":4539.0,"q":12.94,"p":1.499625468E7,"s":[{"cn":"Quack_yu Industries","ui":"5587314","t":4376.0,"r":4376.0,"q":12.98,"p":1.5E7,"mot":"U","mo":4376.0},{"cn":"","ui":"","t":164.0,"r":163.0,"q":11.81,"p":1.489570552E7,"mot":"L","mo":163.0}]},{"d":"25.05.2022","r":4625.0,"q":13.01,"p":1.496345946E7,"s":[{"cn":"Quack_yu Industries","ui":"5587314","t":4501.0,"r":4501.0,"q":13.01,"p":1.5E7,"mot":"U","mo":4501.0},{"cn":"","ui":"","t":124.0,"r":124.0,"q":12.93,"p":1.363709677E7,"mot":"L","mo":124.0}]},{"d":"26.05.2022","r":4761.0,"q":13.05,"p":1.49552615E7,"s":[{"cn":"Quack_yu Industries","ui":"5587314","t":4627.0,"r":4627.0,"q":13.05,"p":1.5E7,"mot":"U","mo":4627.0},{"cn":"","ui":"","t":134.0,"r":134.0,"q":13.2,"p":1.341044776E7,"mot":"L","mo":134.0}]},{"d":"27.05.2022","r":4906.0,"q":13.08,"p":1.492790461E7,"s":[{"cn":"Quack_yu Industries","ui":"5587314","t":4752.0,"r":4752.0,"q":13.09,"p":1.5E7,"mot":"U","mo":4752.0},{"cn":"","ui":"","t":154.0,"r":154.0,"q":12.87,"p":1.270324675E7,"mot":"L","mo":154.0}]},{"d":"30.05.2022","r":5063.0,"q":13.1,"p":1.498577918E7,"s":[{"cn":"Quack_yu Industries","ui":"5587314","t":5055.0,"r":5055.0,"q":13.11,"p":1.5E7,"mot":"U","mo":5055.0},{"cn":"","ui":"","t":8.0,"r":8.0,"q":8.62,"p":6000000.0,"mot":"L","mo":8.0}]},{"d":"31.05.2022","r":6134.0,"q":13.03,"p":1.5E7,"s":[{"cn":"Quack_yu Industries","ui":"5587314","t":5134.0,"r":5134.0,"q":13.1,"p":1.5E7,"mot":"U","mo":5134.0},{"cn":"Sociedad Aragonesa","ui":"6043735","t":1000.0,"r":1000.0,"q":12.7,"p":1.5E7,"mot":"U","mo":1000.0},{"cn":"","ui":"","t":0.0,"r":0.0,"q":0.0,"p":0.0,"mot":"L","mo":0.0}]},{"d":"01.06.2022","r":5287.0,"q":13.11,"p":1.499148856E7,"s":[{"cn":"Quack_yu Industries","ui":"5587314","t":5272.0,"r":5272.0,"q":13.12,"p":1.5E7,"mot":"U","mo":5272.0},{"cn":"","ui":"","t":150.0,"r":15.0,"q":10.44,"p":1.2E7,"mot":"L","mo":15.0}]},{"d":"02.06.2022","r":5256.0,"q":13.13,"p":1.495376712E7,"s":[{"cn":"Quack_yu Industries","ui":"5587314","t":5229.0,"r":5229.0,"q":13.15,"p":1.5E7,"mot":"U","mo":5229.0},{"cn":"","ui":"","t":138.0,"r":27.0,"q":8.55,"p":6000000.0,"mot":"L","mo":27.0}]},{"d":"03.06.2022","r":5394.0,"q":13.14,"p":1.493159066E7,"s":[{"cn":"Quack_yu Industries","ui":"5587314","t":5353.0,"r":5353.0,"q":13.17,"p":1.5E7,"mot":"U","mo":5353.0},{"cn":"","ui":"","t":154.0,"r":41.0,"q":9.14,"p":6000000.0,"mot":"L","mo":41.0}]},{"d":"06.06.2022","r":5791.0,"q":13.23,"p":1.491883958E7,"s":[{"cn":"Quack_yu Industries","ui":"5587314","t":5724.0,"r":5724.0,"q":13.25,"p":1.5E7,"mot":"U","mo":5724.0},{"cn":"","ui":"","t":67.0,"r":67.0,"q":11.73,"p":7985074.63,"mot":"L","mo":67.0}]},{"d":"07.06.2022","r":5875.0,"q":13.28,"p":1.499234043E7,"s":[{"cn":"Quack_yu Industries","ui":"5587314","t":5845.0,"r":5845.0,"q":13.28,"p":1.5E7,"mot":"U","mo":5845.0},{"cn":"","ui":"","t":142.0,"r":30.0,"q":12.8,"p":1.35E7,"mot":"L","mo":30.0}]},{"d":"08.06.2022","r":6063.0,"q":13.26,"p":1.499257793E7,"s":[{"cn":"Quack_yu Industries","ui":"5587314","t":6028.0,"r":6028.0,"q":13.26,"p":1.5E7,"mot":"U","mo":6028.0},{"cn":"","ui":"","t":149.0,"r":35.0,"q":13.14,"p":1.371428571E7,"mot":"L","mo":35.0}]},{"d":"09.06.2022","r":6165.0,"q":13.27,"p":1.5E7,"s":[{"cn":"Quack_yu Industries","ui":"5587314","t":6165.0,"r":6165.0,"q":13.27,"p":1.5E7,"mot":"U","mo":6165.0},{"cn":"","ui":"","t":0.0,"r":0.0,"q":0.0,"p":0.0,"mot":"L","mo":0.0}]},{"d":"10.06.2022","r":6318.0,"q":13.28,"p":1.499683444E7,"s":[{"cn":"Quack_yu Industries","ui":"5587314","t":6305.0,"r":6305.0,"q":13.27,"p":1.5E7,"mot":"U","mo":6305.0},{"cn":"","ui":"","t":13.0,"r":13.0,"q":16.03,"p":1.346153846E7,"mot":"L","mo":13.0}]},{"d":"13.06.2022","r":7729.0,"q":13.27,"p":1.499948247E7,"s":[{"cn":"Quack_yu Industries","ui":"5587314","t":6731.0,"r":6731.0,"q":13.34,"p":1.5E7,"mot":"U","mo":6731.0},{"cn":"Sociedad Aragonesa","ui":"6043735","t":968.0,"r":968.0,"q":12.7,"p":1.5E7,"mot":"U","mo":968.0},{"cn":"","ui":"","t":30.0,"r":30.0,"q":16.28,"p":1.486666667E7,"mot":"L","mo":30.0}]},{"d":"14.06.2022","r":6953.0,"q":13.38,"p":1.495771609E7,"s":[{"cn":"Quack_yu Industries","ui":"5587314","t":6873.0,"r":6873.0,"q":13.38,"p":1.5E7,"mot":"U","mo":6873.0},{"cn":"","ui":"","t":130.0,"r":80.0,"q":13.03,"p":1.1325E7,"mot":"L","mo":80.0}]},{"d":"16.06.2022","r":7297.0,"q":13.47,"p":1.499547759E7,"s":[{"cn":"Quack_yu Industries","ui":"5587314","t":7221.0,"r":7221.0,"q":13.44,"p":1.5E7,"mot":"U","mo":7221.0},{"cn":"","ui":"","t":126.0,"r":76.0,"q":16.63,"p":1.456578947E7,"mot":"L","mo":76.0}]},{"d":"17.06.2022","r":7473.0,"q":13.48,"p":1.49668239E7,"s":[{"cn":"Quack_yu Industries","ui":"5587314","t":7271.0,"r":7271.0,"q":13.46,"p":1.5E7,"mot":"U","mo":7271.0},{"cn":"","ui":"","t":202.0,"r":202.0,"q":14.07,"p":1.377264851E7,"mot":"L","mo":202.0}]},{"d":"20.06.2022","r":93.0,"q":17.38,"p":1.351612903E7,"s":[{"cn":"XQUIS LTD.","ui":"6893159","t":69.0,"r":69.0,"q":17.78,"p":1.3E7,"mot":"U","mo":69.0},{"cn":"españa","ui":"6124680","t":24.0,"r":24.0,"q":16.23,"p":1.5E7,"mot":"U","mo":24.0},{"cn":"","ui":"","t":0.0,"r":0.0,"q":0.0,"p":0.0,"mot":"L","mo":0.0}]},{"d":"21.06.2022","r":129.0,"q":16.34,"p":1.272868217E7,"s":[{"cn":"XQUIS LTD.","ui":"6893159","t":80.0,"r":80.0,"q":17.78,"p":1.3E7,"mot":"U","mo":80.0},{"cn":"españa","ui":"6124680","t":30.0,"r":30.0,"q":16.23,"p":1.5E7,"mot":"U","mo":30.0},{"cn":"Azag95 Ltd.","ui":"6850986","t":20.0,"r":19.0,"q":10.46,"p":8000000.0,"mot":"U","mo":19.0},{"cn":"","ui":"","t":0.0,"r":0.0,"q":0.0,"p":0.0,"mot":"L","mo":0.0}]},{"d":"22.06.2022","r":7855.0,"q":13.59,"p":1.497657543E7,"s":[{"cn":"Quack_yu Industries","ui":"5587314","t":7727.0,"r":7727.0,"q":13.53,"p":1.5E7,"mot":"U","mo":7727.0},{"cn":"","ui":"","t":128.0,"r":128.0,"q":17.34,"p":1.35625E7,"mot":"L","mo":128.0}]},{"d":"23.06.2022","r":7319.0,"q":13.68,"p":1.497158082E7,"s":[{"cn":"Quack_yu Industries","ui":"5587314","t":7173.0,"r":7173.0,"q":13.61,"p":1.5E7,"mot":"U","mo":7173.0},{"cn":"","ui":"","t":146.0,"r":146.0,"q":17.33,"p":1.357534247E7,"mot":"L","mo":146.0}]},{"d":"24.06.2022","r":7411.0,"q":13.68,"p":1.496923492E7,"s":[{"cn":"Quack_yu Industries","ui":"5587314","t":7249.0,"r":7249.0,"q":13.6,"p":1.5E7,"mot":"U","mo":7249.0},{"cn":"","ui":"","t":162.0,"r":162.0,"q":17.32,"p":1.359259259E7,"mot":"L","mo":162.0}]},{"d":"27.06.2022","r":7818.0,"q":13.67,"p":1.491864927E7,"s":[{"cn":"Quack_yu Industries","ui":"5587314","t":7600.0,"r":7600.0,"q":13.57,"p":1.5E7,"mot":"U","mo":7600.0},{"cn":"","ui":"","t":218.0,"r":218.0,"q":17.02,"p":1.208256881E7,"mot":"L","mo":218.0}]},{"d":"28.06.2022","r":7918.0,"q":13.65,"p":1.492321293E7,"s":[{"cn":"Quack_yu Industries","ui":"5587314","t":7696.0,"r":7696.0,"q":13.55,"p":1.5E7,"mot":"U","mo":7696.0},{"cn":"","ui":"","t":222.0,"r":222.0,"q":17.29,"p":1.226126126E7,"mot":"L","mo":222.0}]},{"d":"29.06.2022","r":8087.0,"q":13.68,"p":1.491888216E7,"s":[{"cn":"Quack_yu Industries","ui":"5587314","t":7847.0,"r":7847.0,"q":13.57,"p":1.5E7,"mot":"U","mo":7847.0},{"cn":"","ui":"","t":240.0,"r":240.0,"q":17.29,"p":1.226666667E7,"mot":"L","mo":240.0}]},{"d":"30.06.2022","r":8164.0,"q":13.61,"p":1.493091622E7,"s":[{"cn":"Quack_yu Industries","ui":"5587314","t":7946.0,"r":7946.0,"q":13.55,"p":1.5E7,"mot":"U","mo":7946.0},{"cn":"","ui":"","t":218.0,"r":218.0,"q":15.66,"p":1.241284404E7,"mot":"L","mo":218.0}]},{"d":"01.07.2022","r":8249.0,"q":13.61,"p":1.494278094E7,"s":[{"cn":"Quack_yu Industries","ui":"5587314","t":8043.0,"r":8043.0,"q":13.52,"p":1.5E7,"mot":"U","mo":8043.0},{"cn":"","ui":"","t":206.0,"r":206.0,"q":17.12,"p":1.270873786E7,"mot":"L","mo":206.0}]},{"d":"04.07.2022","r":8839.0,"q":13.52,"p":1.47103066E7,"s":[{"cn":"Quack_yu Industries","ui":"5587314","t":8294.0,"r":8294.0,"q":13.49,"p":1.5E7,"mot":"U","mo":8294.0},{"cn":"","ui":"","t":545.0,"r":545.0,"q":13.97,"p":1.030165138E7,"mot":"L","mo":545.0}]},{"d":"05.07.2022","r":301.0,"q":15.93,"p":1.234551495E7,"s":[{"cn":"XQUIS LTD.","ui":"6893159","t":166.0,"r":166.0,"q":17.79,"p":1.1E7,"mot":"U","mo":166.0},{"cn":"RM LOW Q\u0027s","ui":"7153390","t":18.0,"r":18.0,"q":1.0,"p":1.0E7,"mot":"U","mo":18.0},{"cn":"españa","ui":"6124680","t":112.0,"r":112.0,"q":16.23,"p":1.5E7,"mot":"U","mo":112.0},{"cn":"","ui":"","t":6.0,"r":5.0,"q":1.01,"p":6000000.0,"mot":"L","mo":5.0}]},{"d":"06.07.2022","r":316.0,"q":16.71,"p":1.224810127E7,"s":[{"cn":"XQUIS LTD.","ui":"6893159","t":178.0,"r":178.0,"q":17.79,"p":1.1E7,"mot":"U","mo":178.0},{"cn":"españa","ui":"6124680","t":118.0,"r":118.0,"q":16.23,"p":1.5E7,"mot":"U","mo":118.0},{"cn":"SMYRNA Group","ui":"6062238","t":68.0,"r":18.0,"q":9.42,"p":7000000.0,"mot":"U","mo":18.0},{"cn":"","ui":"","t":2.0,"r":2.0,"q":14.3,"p":8200000.0,"mot":"L","mo":2.0}]},{"d":"07.07.2022","r":366.0,"q":16.07,"p":1.178688525E7,"s":[{"cn":"XQUIS LTD.","ui":"6893159","t":190.0,"r":190.0,"q":17.79,"p":1.1E7,"mot":"U","mo":190.0},{"cn":"españa","ui":"6124680","t":124.0,"r":124.0,"q":16.23,"p":1.5E7,"mot":"U","mo":124.0},{"cn":"SMYRNA Group","ui":"6062238","t":102.0,"r":52.0,"q":9.42,"p":7000000.0,"mot":"U","mo":52.0},{"cn":"","ui":"","t":0.0,"r":0.0,"q":0.0,"p":0.0,"mot":"L","mo":0.0}]},{"d":"08.07.2022","r":8830.0,"q":13.57,"p":1.482428086E7,"s":[{"cn":"Quack_yu Industries","ui":"5587314","t":8402.0,"r":8402.0,"q":13.47,"p":1.5E7,"mot":"U","mo":8402.0},{"cn":"","ui":"","t":528.0,"r":428.0,"q":15.5,"p":1.137476636E7,"mot":"L","mo":428.0}]},{"d":"11.07.2022","r":9201.0,"q":13.5,"p":1.473411586E7,"s":[{"cn":"Quack_yu Industries","ui":"5587314","t":8603.0,"r":8603.0,"q":13.4,"p":1.5E7,"mot":"U","mo":8603.0},{"cn":"","ui":"","t":698.0,"r":598.0,"q":14.92,"p":1.09090301E7,"mot":"L","mo":598.0}]},{"d":"12.07.2022","r":9307.0,"q":13.51,"p":1.467261201E7,"s":[{"cn":"Quack_yu Industries","ui":"5587314","t":8663.0,"r":8663.0,"q":13.41,"p":1.5E7,"mot":"U","mo":8663.0},{"cn":"","ui":"","t":744.0,"r":644.0,"q":14.8,"p":1.026863354E7,"mot":"L","mo":644.0}]},{"d":"13.07.2022","r":9324.0,"q":13.48,"p":1.468933934E7,"s":[{"cn":"Quack_yu Industries","ui":"5587314","t":8698.0,"r":8698.0,"q":13.4,"p":1.5E7,"mot":"U","mo":8698.0},{"cn":"","ui":"","t":776.0,"r":626.0,"q":14.55,"p":1.037284345E7,"mot":"L","mo":626.0}]},{"d":"14.07.2022","r":9573.0,"q":13.5,"p":1.472441241E7,"s":[{"cn":"Quack_yu Industries","ui":"5587314","t":8991.0,"r":8991.0,"q":13.42,"p":1.5E7,"mot":"U","mo":8991.0},{"cn":"","ui":"","t":682.0,"r":582.0,"q":14.73,"p":1.046701031E7,"mot":"L","mo":582.0}]},{"d":"15.07.2022","r":9694.0,"q":13.49,"p":1.475017537E7,"s":[{"cn":"Quack_yu Industries","ui":"5587314","t":9148.0,"r":9148.0,"q":13.4,"p":1.5E7,"mot":"U","mo":9148.0},{"cn":"","ui":"","t":646.0,"r":546.0,"q":14.96,"p":1.056446886E7,"mot":"L","mo":546.0}]},{"d":"18.07.2022","r":9668.0,"q":13.4,"p":1.490907116E7,"s":[{"cn":"Quack_yu Industries","ui":"5587314","t":9511.0,"r":9511.0,"q":13.33,"p":1.5E7,"mot":"U","mo":9511.0},{"cn":"","ui":"","t":157.0,"r":157.0,"q":17.63,"p":9400636.94,"mot":"L","mo":157.0}]},{"d":"19.07.2022","r":9775.0,"q":13.38,"p":1.490238363E7,"s":[{"cn":"Quack_yu Industries","ui":"5587314","t":9608.0,"r":9608.0,"q":13.31,"p":1.5E7,"mot":"U","mo":9608.0},{"cn":"","ui":"","t":173.0,"r":167.0,"q":17.19,"p":9286227.54,"mot":"L","mo":167.0}]},{"d":"20.07.2022","r":9779.0,"q":13.31,"p":1.495446365E7,"s":[{"cn":"Quack_yu Industries","ui":"5587314","t":9705.0,"r":9705.0,"q":13.29,"p":1.5E7,"mot":"U","mo":9705.0},{"cn":"","ui":"","t":86.0,"r":74.0,"q":16.15,"p":8982432.43,"mot":"L","mo":74.0}]},{"d":"21.07.2022","r":9915.0,"q":13.26,"p":1.493288956E7,"s":[{"cn":"Quack_yu Industries","ui":"5587314","t":9816.0,"r":9816.0,"q":13.26,"p":1.5E7,"mot":"U","mo":9816.0},{"cn":"","ui":"","t":117.0,"r":99.0,"q":13.22,"p":8278787.88,"mot":"L","mo":99.0}]},{"d":"22.07.2022","r":10014.0,"q":13.28,"p":1.494402836E7,"s":[{"cn":"Quack_yu Industries","ui":"5587314","t":9920.0,"r":9920.0,"q":13.25,"p":1.5E7,"mot":"U","mo":9920.0},{"cn":"","ui":"","t":94.0,"r":94.0,"q":16.66,"p":9037234.04,"mot":"L","mo":94.0}]},{"d":"25.07.2022","r":10377.0,"q":13.26,"p":1.491165077E7,"s":[{"cn":"Quack_yu Industries","ui":"5587314","t":10228.0,"r":10228.0,"q":13.23,"p":1.5E7,"mot":"U","mo":10228.0},{"cn":"","ui":"","t":156.0,"r":149.0,"q":14.97,"p":8846979.87,"mot":"L","mo":149.0}]},{"d":"26.07.2022","r":10676.0,"q":13.21,"p":1.487421993E7,"s":[{"cn":"Quack_yu Industries","ui":"5587314","t":10335.0,"r":10335.0,"q":13.22,"p":1.5E7,"mot":"U","mo":10335.0},{"cn":"","ui":"","t":350.0,"r":341.0,"q":12.88,"p":1.106208798E7,"mot":"L","mo":341.0}]},{"d":"27.07.2022","r":10442.0,"q":13.22,"p":1.5E7,"s":[{"cn":"Quack_yu Industries","ui":"5587314","t":10442.0,"r":10442.0,"q":13.22,"p":1.5E7,"mot":"U","mo":10442.0},{"cn":"","ui":"","t":0.0,"r":0.0,"q":0.0,"p":0.0,"mot":"L","mo":0.0}]},{"d":"28.07.2022","r":10553.0,"q":13.22,"p":1.498882782E7,"s":[{"cn":"Quack_yu Industries","ui":"5587314","t":10534.0,"r":10534.0,"q":13.22,"p":1.5E7,"mot":"U","mo":10534.0},{"cn":"","ui":"","t":19.0,"r":19.0,"q":14.8,"p":8794736.84,"mot":"L","mo":19.0}]},{"d":"29.07.2022","r":10864.0,"q":13.25,"p":1.495570692E7,"s":[{"cn":"Quack_yu Industries","ui":"5587314","t":10609.0,"r":10609.0,"q":13.21,"p":1.5E7,"mot":"U","mo":10609.0},{"cn":"","ui":"","t":258.0,"r":255.0,"q":14.88,"p":1.311294118E7,"mot":"L","mo":255.0}]},{"d":"01.08.2022","r":10950.0,"q":13.23,"p":1.49409589E7,"s":[{"cn":"Quack_yu Industries","ui":"5587314","t":10850.0,"r":10850.0,"q":13.22,"p":1.5E7,"mot":"U","mo":10850.0},{"cn":"","ui":"","t":104.0,"r":100.0,"q":14.02,"p":8535000.0,"mot":"L","mo":100.0}]},{"d":"02.08.2022","r":11016.0,"q":13.26,"p":1.495564633E7,"s":[{"cn":"Quack_yu Industries","ui":"5587314","t":10930.0,"r":10930.0,"q":13.23,"p":1.5E7,"mot":"U","mo":10930.0},{"cn":"","ui":"","t":86.0,"r":86.0,"q":16.91,"p":9318604.65,"mot":"L","mo":86.0}]},{"d":"03.08.2022","r":11111.0,"q":13.26,"p":1.494836648E7,"s":[{"cn":"Quack_yu Industries","ui":"5587314","t":11010.0,"r":11010.0,"q":13.23,"p":1.5E7,"mot":"U","mo":11010.0},{"cn":"","ui":"","t":101.0,"r":101.0,"q":16.8,"p":9319801.98,"mot":"L","mo":101.0}]},{"d":"04.08.2022","r":11190.0,"q":13.27,"p":1.494778374E7,"s":[{"cn":"Quack_yu Industries","ui":"5587314","t":11090.0,"r":11090.0,"q":13.24,"p":1.5E7,"mot":"U","mo":11090.0},{"cn":"","ui":"","t":104.0,"r":100.0,"q":16.11,"p":9157000.0,"mot":"L","mo":100.0}]},{"d":"05.08.2022","r":11302.0,"q":13.27,"p":1.499000177E7,"s":[{"cn":"Quack_yu Industries","ui":"5587314","t":11170.0,"r":11170.0,"q":13.24,"p":1.5E7,"mot":"U","mo":11170.0},{"cn":"","ui":"","t":132.0,"r":132.0,"q":15.82,"p":1.414393939E7,"mot":"L","mo":132.0}]},{"d":"08.08.2022","r":10882.0,"q":13.3,"p":1.496841573E7,"s":[{"cn":"Quack_yu Industries","ui":"5587314","t":10734.0,"r":10734.0,"q":13.26,"p":1.5E7,"mot":"U","mo":10734.0},{"cn":"","ui":"","t":148.0,"r":148.0,"q":16.08,"p":1.26777027E7,"mot":"L","mo":148.0}]},{"d":"09.08.2022","r":10913.0,"q":13.28,"p":1.496070741E7,"s":[{"cn":"Quack_yu Industries","ui":"5587314","t":10834.0,"r":10834.0,"q":13.26,"p":1.5E7,"mot":"U","mo":10834.0},{"cn":"","ui":"","t":79.0,"r":79.0,"q":15.92,"p":9572151.9,"mot":"L","mo":79.0}]},{"d":"10.08.2022","r":10971.0,"q":13.29,"p":1.49494212E7,"s":[{"cn":"Quack_yu Industries","ui":"5587314","t":10866.0,"r":10866.0,"q":13.27,"p":1.5E7,"mot":"U","mo":10866.0},{"cn":"","ui":"","t":109.0,"r":105.0,"q":15.57,"p":9715238.1,"mot":"L","mo":105.0}]},{"d":"11.08.2022","r":11023.0,"q":13.29,"p":1.496108138E7,"s":[{"cn":"Quack_yu Industries","ui":"5587314","t":10945.0,"r":10945.0,"q":13.27,"p":1.5E7,"mot":"U","mo":10945.0},{"cn":"","ui":"","t":78.0,"r":78.0,"q":16.38,"p":9500000.0,"mot":"L","mo":78.0}]},{"d":"12.08.2022","r":11180.0,"q":13.21,"p":1.487920394E7,"s":[{"cn":"Quack_yu Industries","ui":"5587314","t":10978.0,"r":10978.0,"q":13.27,"p":1.5E7,"mot":"U","mo":10978.0},{"cn":"","ui":"","t":202.0,"r":202.0,"q":10.06,"p":8314356.44,"mot":"L","mo":202.0}]},{"d":"15.08.2022","r":11363.0,"q":13.32,"p":1.491712674E7,"s":[{"cn":"Quack_yu Industries","ui":"5587314","t":11197.0,"r":11197.0,"q":13.29,"p":1.5E7,"mot":"U","mo":11197.0},{"cn":"","ui":"","t":188.0,"r":166.0,"q":15.6,"p":9327175.36,"mot":"L","mo":166.0}]},{"d":"16.08.2022","r":11510.0,"q":13.31,"p":1.489449175E7,"s":[{"cn":"Quack_yu Industries","ui":"5587314","t":11301.0,"r":11301.0,"q":13.3,"p":1.5E7,"mot":"U","mo":11301.0},{"cn":"","ui":"","t":235.0,"r":209.0,"q":14.12,"p":9189473.68,"mot":"L","mo":209.0}]},{"d":"17.08.2022","r":11398.0,"q":13.34,"p":1.490533427E7,"s":[{"cn":"Quack_yu Industries","ui":"5587314","t":11209.0,"r":11209.0,"q":13.3,"p":1.5E7,"mot":"U","mo":11209.0},{"cn":"","ui":"","t":224.0,"r":189.0,"q":15.47,"p":9291005.29,"mot":"L","mo":189.0}]},{"d":"18.08.2022","r":11435.0,"q":13.34,"p":1.492653258E7,"s":[{"cn":"Quack_yu Industries","ui":"5587314","t":11291.0,"r":11291.0,"q":13.31,"p":1.5E7,"mot":"U","mo":11291.0},{"cn":"","ui":"","t":144.0,"r":144.0,"q":15.84,"p":9165972.22,"mot":"L","mo":144.0}]},{"d":"19.08.2022","r":11595.0,"q":13.26,"p":1.488098318E7,"s":[{"cn":"Quack_yu Industries","ui":"5587314","t":11389.0,"r":11389.0,"q":13.31,"p":1.5E7,"mot":"U","mo":11389.0},{"cn":"","ui":"","t":206.0,"r":206.0,"q":10.4,"p":8300970.87,"mot":"L","mo":206.0}]},{"d":"22.08.2022","r":11641.0,"q":13.33,"p":1.5E7,"s":[{"cn":"Quack_yu Industries","ui":"5587314","t":11638.0,"r":11638.0,"q":13.33,"p":1.5E7,"mot":"U","mo":11638.0},{"cn":"","ui":"","t":3.0,"r":3.0,"q":16.67,"p":1.5E7,"mot":"L","mo":3.0}]},{"d":"23.08.2022","r":11769.0,"q":13.34,"p":1.498779845E7,"s":[{"cn":"Quack_yu Industries","ui":"5587314","t":11732.0,"r":11732.0,"q":13.33,"p":1.5E7,"mot":"U","mo":11732.0},{"cn":"","ui":"","t":37.0,"r":37.0,"q":16.23,"p":1.111891892E7,"mot":"L","mo":37.0}]},{"d":"24.08.2022","r":11845.0,"q":13.34,"p":1.498061254E7,"s":[{"cn":"Quack_yu Industries","ui":"5587314","t":11786.0,"r":11786.0,"q":13.33,"p":1.5E7,"mot":"U","mo":11786.0},{"cn":"","ui":"","t":59.0,"r":59.0,"q":16.14,"p":1.110772127E7,"mot":"L","mo":59.0}]},{"d":"25.08.2022","r":11875.0,"q":13.35,"p":1.499097825E7,"s":[{"cn":"Quack_yu Industries","ui":"5587314","t":11837.0,"r":11837.0,"q":13.34,"p":1.5E7,"mot":"U","mo":11837.0},{"cn":"","ui":"","t":38.0,"r":38.0,"q":15.65,"p":1.218070171E7,"mot":"L","mo":38.0}]},{"d":"26.08.2022","r":12059.0,"q":13.29,"p":1.494239852E7,"s":[{"cn":"Quack_yu Industries","ui":"5587314","t":11928.0,"r":11928.0,"q":13.34,"p":1.5E7,"mot":"U","mo":11928.0},{"cn":"","ui":"","t":131.0,"r":131.0,"q":8.89,"p":9697586.07,"mot":"L","mo":131.0}]},{"d":"29.08.2022","r":12237.0,"q":13.35,"p":1.498382864E7,"s":[{"cn":"Quack_yu Industries","ui":"5587314","t":12211.0,"r":12211.0,"q":13.36,"p":1.5E7,"mot":"U","mo":12211.0},{"cn":"","ui":"","t":30.0,"r":26.0,"q":10.16,"p":7388888.65,"mot":"L","mo":26.0}]},{"d":"30.08.2022","r":10870.0,"q":13.35,"p":1.497917408E7,"s":[{"cn":"Quack_yu Industries","ui":"5587314","t":10834.0,"r":10834.0,"q":13.36,"p":1.5E7,"mot":"U","mo":10834.0},{"cn":"","ui":"","t":48.0,"r":36.0,"q":11.47,"p":8711728.19,"mot":"L","mo":36.0}]},{"d":"31.08.2022","r":10963.0,"q":13.37,"p":1.498428654E7,"s":[{"cn":"Quack_yu Industries","ui":"5587314","t":10926.0,"r":10926.0,"q":13.37,"p":1.5E7,"mot":"U","mo":10926.0},{"cn":"","ui":"","t":37.0,"r":37.0,"q":13.55,"p":1.034414392E7,"mot":"L","mo":37.0}]},{"d":"01.09.2022","r":11078.0,"q":13.38,"p":1.497294136E7,"s":[{"cn":"Quack_yu Industries","ui":"5587314","t":11017.0,"r":11017.0,"q":13.38,"p":1.5E7,"mot":"U","mo":11017.0},{"cn":"","ui":"","t":61.0,"r":61.0,"q":12.99,"p":1.008597434E7,"mot":"L","mo":61.0}]},{"d":"02.09.2022","r":11176.0,"q":13.4,"p":1.498856478E7,"s":[{"cn":"Quack_yu Industries","ui":"5587314","t":11119.0,"r":11119.0,"q":13.39,"p":1.5E7,"mot":"U","mo":11119.0},{"cn":"","ui":"","t":57.0,"r":57.0,"q":15.25,"p":1.275789474E7,"mot":"L","mo":57.0}]},{"d":"05.09.2022","r":11278.0,"q":13.42,"p":1.49932021E7,"s":[{"cn":"Quack_yu Industries","ui":"5587314","t":11232.0,"r":11232.0,"q":13.41,"p":1.5E7,"mot":"U","mo":11232.0},{"cn":"","ui":"","t":46.0,"r":46.0,"q":15.23,"p":1.333333326E7,"mot":"L","mo":46.0}]},{"d":"06.09.2022","r":11448.0,"q":13.38,"p":1.494603812E7,"s":[{"cn":"Quack_yu Industries","ui":"5587314","t":11327.0,"r":11327.0,"q":13.43,"p":1.5E7,"mot":"U","mo":11327.0},{"cn":"","ui":"","t":123.0,"r":121.0,"q":8.89,"p":9894582.15,"mot":"L","mo":121.0}]},{"d":"07.09.2022","r":12027.0,"q":13.42,"p":1.497995806E7,"s":[{"cn":"Quack_yu Industries","ui":"5587314","t":11422.0,"r":11422.0,"q":13.44,"p":1.5E7,"mot":"U","mo":11422.0},{"cn":"","ui":"","t":606.0,"r":605.0,"q":12.97,"p":1.460157942E7,"mot":"L","mo":605.0}]},{"d":"08.09.2022","r":11628.0,"q":13.47,"p":1.497273057E7,"s":[{"cn":"Quack_yu Industries","ui":"5587314","t":11517.0,"r":11517.0,"q":13.46,"p":1.5E7,"mot":"U","mo":11517.0},{"cn":"","ui":"","t":122.0,"r":111.0,"q":14.91,"p":1.214334329E7,"mot":"L","mo":111.0}]},{"d":"09.09.2022","r":11718.0,"q":13.48,"p":1.497448939E7,"s":[{"cn":"Quack_yu Industries","ui":"5587314","t":11612.0,"r":11612.0,"q":13.47,"p":1.5E7,"mot":"U","mo":11612.0},{"cn":"","ui":"","t":119.0,"r":106.0,"q":14.56,"p":1.217987415E7,"mot":"L","mo":106.0}]},{"d":"12.09.2022","r":12063.0,"q":13.54,"p":1.496043273E7,"s":[{"cn":"Quack_yu Industries","ui":"5587314","t":11897.0,"r":11897.0,"q":13.52,"p":1.5E7,"mot":"U","mo":11897.0},{"cn":"","ui":"","t":193.0,"r":166.0,"q":15.15,"p":1.21246988E7,"mot":"L","mo":166.0}]},{"d":"13.09.2022","r":12187.0,"q":13.56,"p":1.495069336E7,"s":[{"cn":"Quack_yu Industries","ui":"5587314","t":11992.0,"r":11992.0,"q":13.53,"p":1.5E7,"mot":"U","mo":11992.0},{"cn":"","ui":"","t":232.0,"r":195.0,"q":15.13,"p":1.191846154E7,"mot":"L","mo":195.0}]},{"d":"14.09.2022","r":12219.0,"q":13.55,"p":1.494234389E7,"s":[{"cn":"Quack_yu Industries","ui":"5587314","t":12087.0,"r":12087.0,"q":13.54,"p":1.5E7,"mot":"U","mo":12087.0},{"cn":"","ui":"","t":179.0,"r":132.0,"q":14.47,"p":9662878.79,"mot":"L","mo":132.0}]},{"d":"15.09.2022","r":12338.0,"q":13.57,"p":1.491845518E7,"s":[{"cn":"Quack_yu Industries","ui":"5587314","t":12182.0,"r":12182.0,"q":13.56,"p":1.5E7,"mot":"U","mo":12182.0},{"cn":"","ui":"","t":213.0,"r":156.0,"q":14.45,"p":8550641.03,"mot":"L","mo":156.0}]},{"d":"16.09.2022","r":12564.0,"q":13.58,"p":1.489802611E7,"s":[{"cn":"Quack_yu Industries","ui":"5587314","t":12277.0,"r":12277.0,"q":13.57,"p":1.5E7,"mot":"U","mo":12277.0},{"cn":"","ui":"","t":354.0,"r":287.0,"q":14.09,"p":1.05358885E7,"mot":"L","mo":287.0}]},{"d":"19.09.2022","r":12861.0,"q":13.65,"p":1.486721095E7,"s":[{"cn":"Quack_yu Industries","ui":"5587314","t":12538.0,"r":12538.0,"q":13.62,"p":1.5E7,"mot":"U","mo":12538.0},{"cn":"","ui":"","t":380.0,"r":323.0,"q":14.85,"p":9712693.5,"mot":"L","mo":323.0}]},{"d":"20.09.2022","r":12960.0,"q":13.59,"p":1.486111111E7,"s":[{"cn":"Quack_yu Industries","ui":"5587314","t":12638.0,"r":12638.0,"q":13.63,"p":1.5E7,"mot":"U","mo":12638.0},{"cn":"","ui":"","t":389.0,"r":322.0,"q":11.95,"p":9409937.89,"mot":"L","mo":322.0}]},{"d":"21.09.2022","r":13027.0,"q":13.66,"p":1.489122592E7,"s":[{"cn":"Quack_yu Industries","ui":"5587314","t":12738.0,"r":12738.0,"q":13.64,"p":1.5E7,"mot":"U","mo":12738.0},{"cn":"","ui":"","t":366.0,"r":289.0,"q":14.45,"p":1.009688581E7,"mot":"L","mo":289.0}]},{"d":"22.09.2022","r":13155.0,"q":13.7,"p":1.491203345E7,"s":[{"cn":"Quack_yu Industries","ui":"5587314","t":12889.0,"r":12889.0,"q":13.67,"p":1.5E7,"mot":"U","mo":12889.0},{"cn":"","ui":"","t":314.0,"r":266.0,"q":14.92,"p":1.064962406E7,"mot":"L","mo":266.0}]},{"d":"23.09.2022","r":13385.0,"q":13.66,"p":1.48515353E7,"s":[{"cn":"Quack_yu Industries","ui":"5587314","t":13019.0,"r":13019.0,"q":13.69,"p":1.5E7,"mot":"U","mo":13019.0},{"cn":"","ui":"","t":424.0,"r":366.0,"q":12.6,"p":9570491.65,"mot":"L","mo":366.0}]},{"d":"26.09.2022","r":13361.0,"q":13.73,"p":1.498595165E7,"s":[{"cn":"Quack_yu Industries","ui":"5587314","t":13269.0,"r":13269.0,"q":13.73,"p":1.5E7,"mot":"U","mo":13269.0},{"cn":"","ui":"","t":92.0,"r":92.0,"q":13.07,"p":1.295978261E7,"mot":"L","mo":92.0}]},{"d":"27.09.2022","r":13462.0,"q":13.76,"p":1.498856039E7,"s":[{"cn":"Quack_yu Industries","ui":"5587314","t":13366.0,"r":13366.0,"q":13.74,"p":1.5E7,"mot":"U","mo":13366.0},{"cn":"","ui":"","t":96.0,"r":96.0,"q":16.44,"p":1.339583333E7,"mot":"L","mo":96.0}]},{"d":"28.09.2022","r":13183.0,"q":13.78,"p":1.498305393E7,"s":[{"cn":"Quack_yu Industries","ui":"5587314","t":13066.0,"r":13066.0,"q":13.76,"p":1.5E7,"mot":"U","mo":13066.0},{"cn":"","ui":"","t":117.0,"r":117.0,"q":15.57,"p":1.309059829E7,"mot":"L","mo":117.0}]},{"d":"29.09.2022","r":13294.0,"q":13.79,"p":1.498691139E7,"s":[{"cn":"Quack_yu Industries","ui":"5587314","t":13166.0,"r":13166.0,"q":13.77,"p":1.5E7,"mot":"U","mo":13166.0},{"cn":"","ui":"","t":128.0,"r":128.0,"q":16.26,"p":1.3640625E7,"mot":"L","mo":128.0}]},{"d":"30.09.2022","r":13800.0,"q":13.63,"p":1.491670138E7,"s":[{"cn":"Quack_yu Industries","ui":"5587314","t":12925.0,"r":12925.0,"q":13.78,"p":1.5E7,"mot":"U","mo":12925.0},{"cn":"","ui":"","t":893.0,"r":875.0,"q":11.45,"p":1.368626171E7,"mot":"L","mo":875.0}]}]