[{"pi":"15336","pc":"Аптека","ss":100000,"td":"Центр города","dc":2,"n":324.9,"vc":"149420","sl":"Элитный","sv":"87671","p":1488.0,"q":35.07,"b":3.84,"ms":25.88,"wi":31.13,"ei":3.43,"as":151.97,"mi":"E","mv":338791,"sc":1,"lpe":74.12,"lpr":210.72,"lq":1.17,"d":5908898},{"pi":"15336","pc":"Аптека","ss":10000,"td":"Центр города","dc":1,"n":80.07,"vc":"3798","sl":"Элитный","sv":"2930","p":3018.06,"q":11.91,"b":0.0,"ms":0.44,"wi":27.86,"ei":3.43,"as":42.92,"mi":"E","mv":666103,"sc":1,"lpe":99.56,"lpr":645.99,"lq":1.0,"d":9216794},{"pi":"15336","pc":"Аптека","ss":20100,"td":"Центр города","dc":7,"n":77.42,"vc":"3380","sl":"Очень высокий","sv":"13","p":949.99,"q":10.87,"b":0.0,"ms":0.0,"wi":81.91,"ei":8.82,"as":546.4,"mi":"E","mv":594781,"sc":1,"lpe":100.0,"lpr":1474.18,"lq":1.0,"d":2598727},{"pi":"15336","pc":"Аптека","ss":1000,"td":"Центр города","dc":1,"n":137.05,"vc":"1846","sl":"Очень высокий","sv":"8304","p":800.0,"q":11.91,"b":0.0,"ms":12.51,"wi":21.71,"ei":9.2,"as":243.81,"mi":"E","mv":66390,"sc":1,"lpe":87.49,"lpr":470.85,"lq":1.52,"d":2418266},{"pi":"15336","pc":"Аптека","ss":2000,"td":"Центр города","dc":1,"n":44.28,"vc":"1641","sl":"Очень высокий","sv":"8834","p":900.0,"q":11.91,"b":0.0,"ms":2.86,"wi":44.53,"ei":12.04,"as":405.27,"mi":"E","mv":309058,"sc":2,"lpe":97.14,"lpr":651.58,"lq":1.0,"d":3315370},{"pi":"15336","pc":"Аптека","ss":100,"td":"Центр города","dc":4,"n":0.88,"vc":"180","sl":"Очень низкий","sv":"10","p":650.0,"q":11.91,"b":0.0,"ms":0.0,"wi":44.53,"ei":12.04,"as":405.27,"mi":"E","mv":309058,"sc":2,"lpe":97.14,"lpr":651.58,"lq":1.0,"d":3315370},{"pi":"15336","pc":"Аптека","ss":1500,"td":"Центр города","dc":1,"n":171.85,"vc":"1859","sl":"Очень высокий","sv":"10153","p":990.0,"q":11.93,"b":0.0,"ms":4.15,"wi":38.91,"ei":11.6,"as":316.91,"mi":"E","mv":244702,"sc":2,"lpe":95.85,"lpr":644.0,"lq":1.0,"d":2455208},{"pi":"15336","pc":"Аптека","ss":100,"td":"Фешенебельный район","dc":4,"n":1.85,"vc":"16","sl":"Низкий","sv":"1","p":750.0,"q":11.91,"b":0.0,"ms":0.0,"wi":38.91,"ei":11.6,"as":316.91,"mi":"E","mv":244702,"sc":2,"lpe":95.85,"lpr":644.0,"lq":1.0,"d":2455208},{"pi":"15336","pc":"Аптека","ss":1500,"td":"Центр города","dc":1,"n":106.12,"vc":"1616","sl":"Очень высокий","sv":"10509","p":770.0,"q":11.92,"b":0.0,"ms":23.97,"wi":21.21,"ei":4.62,"as":206.96,"mi":"E","mv":43850,"sc":2,"lpe":76.02,"lpr":463.4,"lq":1.41,"d":1571900},{"pi":"15336","pc":"Аптека","ss":200,"td":"Пригород","dc":8,"n":115.91,"vc":"150","sl":"Очень низкий","sv":"5","p":1500.0,"q":11.91,"b":0.0,"ms":0.01,"wi":21.21,"ei":4.62,"as":206.96,"mi":"E","mv":43850,"sc":2,"lpe":76.02,"lpr":463.4,"lq":1.41,"d":1571900},{"pi":"15336","pc":"Аптека","ss":1000,"td":"Фешенебельный район","dc":3,"n":309.48,"vc":"532","sl":"Очень высокий","sv":"4948","p":1500.0,"q":11.92,"b":0.0,"ms":2.95,"wi":109.29,"ei":6.7,"as":1597.06,"mi":"E","mv":167804,"sc":3,"lpe":96.61,"lpr":1305.69,"lq":1.0,"d":976806},{"pi":"15336","pc":"Аптека","ss":5300,"td":"Центр города","dc":4,"n":284.26,"vc":"5552","sl":"Очень высокий","sv":"728","p":5000.0,"q":11.87,"b":0.0,"ms":0.43,"wi":109.29,"ei":6.7,"as":1597.06,"mi":"E","mv":167804,"sc":3,"lpe":96.61,"lpr":1305.69,"lq":1.0,"d":976806},{"pi":"15336","pc":"Аптека","ss":500,"td":"Центр города","dc":9,"n":0.0,"vc":"309","sl":"Нормальный","sv":"10","p":1200.0,"q":6.32,"b":0.0,"ms":0.01,"wi":109.29,"ei":6.7,"as":1597.06,"mi":"E","mv":167804,"sc":3,"lpe":96.61,"lpr":1305.69,"lq":1.0,"d":976806},{"pi":"15336","pc":"Аптека","ss":18400,"td":"Центр города","dc":2,"n":211.29,"vc":"14673","sl":"Элитный","sv":"66848","p":1500.0,"q":25.87,"b":0.0,"ms":12.38,"wi":57.01,"ei":11.71,"as":410.0,"mi":"E","mv":539930,"sc":2,"lpe":85.94,"lpr":656.62,"lq":1.09,"d":2912574},{"pi":"15336","pc":"Аптека","ss":1500,"td":"Центр города","dc":1,"n":69.15,"vc":"1611","sl":"Очень высокий","sv":"9080","p":1020.0,"q":11.91,"b":0.0,"ms":1.68,"wi":57.01,"ei":11.71,"as":410.0,"mi":"E","mv":539930,"sc":2,"lpe":85.94,"lpr":656.62,"lq":1.09,"d":2912574},{"pi":"15336","pc":"Аптека","ss":1200,"td":"Центр города","dc":1,"n":381.59,"vc":"3957","sl":"Высокий","sv":"1400","p":650.0,"q":20.28,"b":0.0,"ms":6.65,"wi":43.38,"ei":10.73,"as":651.69,"mi":"E","mv":21042,"sc":1,"lpe":93.35,"lpr":695.56,"lq":1.0,"d":391536},{"pi":"15336","pc":"Аптека","ss":30000,"td":"Фешенебельный район","dc":4,"n":567.39,"vc":"23508","sl":"Очень высокий","sv":"14394","p":1800.0,"q":11.93,"b":0.0,"ms":27.71,"wi":96.34,"ei":7.3,"as":643.27,"mi":"E","mv":51945,"sc":1,"lpe":72.29,"lpr":479.94,"lq":3.03,"d":286767},{"pi":"15336","pc":"Аптека","ss":100,"td":"Центр города","dc":1,"n":245.45,"vc":"93","sl":"Низкий","sv":"5","p":2400.0,"q":11.93,"b":0.0,"ms":0.02,"wi":51.98,"ei":6.5,"as":535.5,"mi":"E","mv":21984,"sc":1,"lpe":99.98,"lpr":696.52,"lq":1.0,"d":154500},{"pi":"15336","pc":"Аптека","ss":100000,"td":"Фешенебельный район","dc":1,"n":469.74,"vc":"44426","sl":"Элитный","sv":"1000","p":5000.0,"q":11.91,"b":0.0,"ms":1.21,"wi":73.8,"ei":7.67,"as":1128.17,"mi":"E","mv":82593,"sc":1,"lpe":98.79,"lpr":1207.15,"lq":1.0,"d":940429},{"pi":"15336","pc":"Аптека","ss":200,"td":"Фешенебельный район","dc":4,"n":4.11,"vc":"29","sl":"Нормальный","sv":"18","p":1200.0,"q":11.92,"b":0.0,"ms":0.01,"wi":89.51,"ei":7.06,"as":573.3,"mi":"E","mv":212250,"sc":1,"lpe":99.99,"lpr":1170.11,"lq":1.0,"d":978294},{"pi":"15336","pc":"Аптека","ss":100000,"td":"Центр города","dc":3,"n":322.73,"vc":"146272","sl":"Элитный","sv":"199927","p":1488.0,"q":35.18,"b":4.2,"ms":22.67,"wi":89.14,"ei":7.05,"as":1247.63,"mi":"E","mv":881721,"sc":1,"lpe":77.33,"lpr":249.86,"lq":1.05,"d":5900984},{"pi":"15336","pc":"Аптека","ss":40000,"td":"Центр города","dc":3,"n":451.6,"vc":"125733","sl":"Низкий","sv":"48299","p":910.0,"q":13.84,"b":0.0,"ms":29.1,"wi":92.28,"ei":6.9,"as":352.04,"mi":"E","mv":165985,"sc":1,"lpe":70.9,"lpr":527.59,"lq":1.71,"d":995636},{"pi":"15336","pc":"Аптека","ss":600,"td":"Фешенебельный район","dc":1,"n":19.32,"vc":"56","sl":"Элитный","sv":"300","p":1499.99,"q":11.91,"b":0.0,"ms":0.14,"wi":62.28,"ei":8.99,"as":967.35,"mi":"E","mv":207802,"sc":2,"lpe":99.71,"lpr":973.31,"lq":1.0,"d":1023950},{"pi":"15336","pc":"Аптека","ss":600,"td":"Центр города","dc":1,"n":19.32,"vc":"376","sl":"Элитный","sv":"300","p":1499.99,"q":11.91,"b":0.0,"ms":0.14,"wi":62.28,"ei":8.99,"as":967.35,"mi":"E","mv":207802,"sc":2,"lpe":99.71,"lpr":973.31,"lq":1.0,"d":1023950},{"pi":"15336","pc":"Аптека","ss":600,"td":"Центр города","dc":1,"n":48.57,"vc":"306","sl":"Элитный","sv":"300","p":1499.99,"q":11.91,"b":0.0,"ms":0.5,"wi":51.5,"ei":7.4,"as":852.42,"mi":"E","mv":59801,"sc":1,"lpe":99.5,"lpr":726.29,"lq":1.0,"d":366048},{"pi":"15336","pc":"Аптека","ss":600,"td":"Центр города","dc":1,"n":78.53,"vc":"276","sl":"Элитный","sv":"300","p":999.99,"q":11.91,"b":0.0,"ms":0.9,"wi":74.03,"ei":6.9,"as":1107.15,"mi":"E","mv":33425,"sc":1,"lpe":99.1,"lpr":975.52,"lq":1.0,"d":173342},{"pi":"15336","pc":"Аптека","ss":10000,"td":"Фешенебельный район","dc":10,"n":406.23,"vc":"4785","sl":"Низкий","sv":"1423","p":1000.0,"q":11.92,"b":0.0,"ms":1.73,"wi":38.84,"ei":6.46,"as":550.2,"mi":"E","mv":82094,"sc":2,"lpe":97.48,"lpr":697.52,"lq":1.0,"d":1548177},{"pi":"15336","pc":"Аптека","ss":1000,"td":"Фешенебельный район","dc":10,"n":165.33,"vc":"250","sl":"Очень высокий","sv":"642","p":1000.0,"q":11.91,"b":0.0,"ms":0.78,"wi":38.84,"ei":6.46,"as":550.2,"mi":"E","mv":82094,"sc":2,"lpe":97.48,"lpr":697.52,"lq":1.0,"d":1548177},{"pi":"15336","pc":"Аптека","ss":30000,"td":"Центр города","dc":1,"n":116.83,"vc":"3833","sl":"Элитный","sv":"17","p":2100.0,"q":11.22,"b":0.0,"ms":0.01,"wi":88.01,"ei":6.7,"as":1123.0,"mi":"E","mv":180078,"sc":1,"lpe":99.99,"lpr":1151.93,"lq":1.0,"d":873551},{"pi":"15336","pc":"Аптека","ss":10000,"td":"Фешенебельный район","dc":2,"n":156.65,"vc":"832","sl":"Элитный","sv":"3983","p":500.0,"q":20.17,"b":0.0,"ms":1.69,"wi":45.03,"ei":10.64,"as":673.75,"mi":"E","mv":235085,"sc":4,"lpe":98.13,"lpr":662.9,"lq":1.0,"d":2541514},{"pi":"15336","pc":"Аптека","ss":10000,"td":"Центр города","dc":2,"n":66.1,"vc":"1894","sl":"Высокий","sv":"212","p":620.0,"q":7.34,"b":0.0241509433962264,"ms":0.09,"wi":45.03,"ei":10.64,"as":673.75,"mi":"E","mv":235085,"sc":4,"lpe":98.13,"lpr":662.9,"lq":1.0,"d":2541514},{"pi":"15336","pc":"Аптека","ss":10000,"td":"Фешенебельный район","dc":9,"n":404.72,"vc":"3477","sl":"Очень низкий","sv":"103","p":580.0,"q":1.6,"b":0.0,"ms":0.04,"wi":45.03,"ei":10.64,"as":673.75,"mi":"E","mv":235085,"sc":4,"lpe":98.13,"lpr":662.9,"lq":1.0,"d":2541514},{"pi":"15336","pc":"Аптека","ss":1100,"td":"Центр города","dc":6,"n":89.2,"vc":"834","sl":"Нормальный","sv":"98","p":700.1,"q":12.01,"b":0.0,"ms":0.04,"wi":45.03,"ei":10.64,"as":673.75,"mi":"E","mv":235085,"sc":4,"lpe":98.13,"lpr":662.9,"lq":1.0,"d":2541514},{"pi":"15336","pc":"Аптека","ss":10000,"td":"Центр города","dc":1,"n":550.58,"vc":"140967","sl":"Низкий","sv":"354758","p":753.0,"q":33.69,"b":6.15,"ms":26.79,"wi":59.25,"ei":8.02,"as":811.4,"mi":"E","mv":1324138,"sc":13,"lpe":70.35,"lpr":187.47,"lq":1.05,"d":4968783},{"pi":"15336","pc":"Аптека","ss":10000,"td":"Центр города","dc":2,"n":340.96,"vc":"19942","sl":"Очень высокий","sv":"17511","p":730.0,"q":11.93,"b":0.0,"ms":1.32,"wi":59.25,"ei":8.02,"as":811.4,"mi":"E","mv":1324138,"sc":13,"lpe":70.35,"lpr":187.47,"lq":1.05,"d":4968783},{"pi":"15336","pc":"Аптека","ss":10000,"td":"Центр города","dc":2,"n":203.58,"vc":"7220","sl":"Элитный","sv":"9888","p":700.0,"q":11.6,"b":0.0,"ms":0.75,"wi":59.25,"ei":8.02,"as":811.4,"mi":"E","mv":1324138,"sc":13,"lpe":70.35,"lpr":187.47,"lq":1.05,"d":4968783},{"pi":"15336","pc":"Аптека","ss":10000,"td":"Центр города","dc":2,"n":231.9,"vc":"8902","sl":"Очень высокий","sv":"8746","p":750.0,"q":11.91,"b":0.0,"ms":0.66,"wi":59.25,"ei":8.02,"as":811.4,"mi":"E","mv":1324138,"sc":13,"lpe":70.35,"lpr":187.47,"lq":1.05,"d":4968783},{"pi":"15336","pc":"Аптека","ss":9800,"td":"Фешенебельный район","dc":7,"n":273.44,"vc":"2690","sl":"Элитный","sv":"1496","p":975.0,"q":11.93,"b":0.0,"ms":0.11,"wi":59.25,"ei":8.02,"as":811.4,"mi":"E","mv":1324138,"sc":13,"lpe":70.35,"lpr":187.47,"lq":1.05,"d":4968783},{"pi":"15336","pc":"Аптека","ss":300,"td":"Спальный район","dc":6,"n":83.62,"vc":"433","sl":"Очень низкий","sv":"81","p":650.0,"q":17.4,"b":1.67037037037037,"ms":0.01,"wi":59.25,"ei":8.02,"as":811.4,"mi":"E","mv":1324138,"sc":13,"lpe":70.35,"lpr":187.47,"lq":1.05,"d":4968783},{"pi":"15336","pc":"Аптека","ss":5000,"td":"Центр города","dc":6,"n":74.66,"vc":"2060","sl":"Низкий","sv":"50","p":600.0,"q":20.28,"b":0.0,"ms":0.0,"wi":59.25,"ei":8.02,"as":811.4,"mi":"E","mv":1324138,"sc":13,"lpe":70.35,"lpr":187.47,"lq":1.05,"d":4968783},{"pi":"15336","pc":"Аптека","ss":10000,"td":"Центр города","dc":4,"n":73.64,"vc":"2762","sl":"Очень высокий","sv":"48","p":749.99,"q":10.79,"b":0.1,"ms":0.0,"wi":59.25,"ei":8.02,"as":811.4,"mi":"E","mv":1324138,"sc":13,"lpe":70.35,"lpr":187.47,"lq":1.05,"d":4968783},{"pi":"15336","pc":"Аптека","ss":1200,"td":"Окраина","dc":3,"n":68.3,"vc":"637","sl":"Низкий","sv":"34","p":672.0,"q":9.77,"b":0.0235294117647059,"ms":0.0,"wi":59.25,"ei":8.02,"as":811.4,"mi":"E","mv":1324138,"sc":13,"lpe":70.35,"lpr":187.47,"lq":1.05,"d":4968783},{"pi":"15336","pc":"Аптека","ss":500,"td":"Фешенебельный район","dc":10,"n":81.0,"vc":"113","sl":"Очень высокий","sv":"5","p":370.0,"q":20.28,"b":0.0,"ms":0.0,"wi":59.25,"ei":8.02,"as":811.4,"mi":"E","mv":1324138,"sc":13,"lpe":70.35,"lpr":187.47,"lq":1.05,"d":4968783},{"pi":"15336","pc":"Аптека","ss":100000,"td":"Центр города","dc":2,"n":386.41,"vc":"221348","sl":"Элитный","sv":"130840","p":1488.0,"q":35.2,"b":4.2,"ms":26.16,"wi":107.69,"ei":6.45,"as":681.19,"mi":"E","mv":500072,"sc":1,"lpe":73.84,"lpr":198.63,"lq":1.9,"d":3351144},{"pi":"15336","pc":"Аптека","ss":20000,"td":"Центр города","dc":2,"n":241.8,"vc":"7069","sl":"Элитный","sv":"20622","p":1409.4,"q":15.97,"b":0.0,"ms":19.69,"wi":191.47,"ei":9.72,"as":2008.97,"mi":"E","mv":104741,"sc":1,"lpe":80.31,"lpr":1918.33,"lq":6.55,"d":501060},{"pi":"15336","pc":"Аптека","ss":600,"td":"Центр города","dc":1,"n":66.73,"vc":"290","sl":"Элитный","sv":"300","p":1499.99,"q":11.91,"b":0.0,"ms":0.77,"wi":55.05,"ei":6.69,"as":836.95,"mi":"E","mv":38880,"sc":1,"lpe":99.23,"lpr":730.04,"lq":1.0,"d":237098},{"pi":"15336","pc":"Аптека","ss":600,"td":"Центр города","dc":1,"n":96.57,"vc":"277","sl":"Элитный","sv":"300","p":1499.99,"q":11.91,"b":0.0,"ms":1.13,"wi":60.69,"ei":6.38,"as":669.74,"mi":"E","mv":26468,"sc":1,"lpe":98.87,"lpr":710.9,"lq":1.0,"d":133316},{"pi":"15336","pc":"Аптека","ss":100000,"td":"Центр города","dc":2,"n":467.21,"vc":"409371","sl":"Очень высокий","sv":"147723","p":4000.0,"q":11.92,"b":0.0,"ms":30.47,"wi":127.75,"ei":7.06,"as":1642.86,"mi":"E","mv":484881,"sc":1,"lpe":69.53,"lpr":1201.82,"lq":4.34,"d":2109186},{"pi":"15336","pc":"Аптека","ss":11000,"td":"Центр города","dc":4,"n":375.72,"vc":"18594","sl":"Нормальный","sv":"2000","p":1200.0,"q":9.14,"b":0.0,"ms":2.17,"wi":103.61,"ei":7.21,"as":1060.24,"mi":"E","mv":92271,"sc":1,"lpe":97.83,"lpr":1214.79,"lq":1.0,"d":387200},{"pi":"15336","pc":"Аптека","ss":10000,"td":"Фешенебельный район","dc":4,"n":550.5,"vc":"5337","sl":"Элитный","sv":"5184","p":780.0,"q":20.06,"b":0.0,"ms":24.99,"wi":22.26,"ei":6.08,"as":509.37,"mi":"E","mv":20746,"sc":3,"lpe":73.89,"lpr":121.84,"lq":1.0,"d":944097},{"pi":"15336","pc":"Аптека","ss":10000,"td":"Спальный район","dc":5,"n":241.47,"vc":"4072","sl":"Очень высокий","sv":"187","p":417.0,"q":5.05,"b":0.32,"ms":0.9,"wi":22.26,"ei":6.08,"as":509.37,"mi":"E","mv":20746,"sc":3,"lpe":73.89,"lpr":121.84,"lq":1.0,"d":944097},{"pi":"15336","pc":"Аптека","ss":10000,"td":"Фешенебельный район","dc":10,"n":615.35,"vc":"12933","sl":"Нормальный","sv":"45","p":900.0,"q":11.97,"b":0.0,"ms":0.22,"wi":22.26,"ei":6.08,"as":509.37,"mi":"E","mv":20746,"sc":3,"lpe":73.89,"lpr":121.84,"lq":1.0,"d":944097},{"pi":"15336","pc":"Аптека","ss":30000,"td":"Фешенебельный район","dc":4,"n":409.42,"vc":"10413","sl":"Низкий","sv":"1500","p":1015.0,"q":11.91,"b":0.0,"ms":0.66,"wi":73.83,"ei":6.3,"as":571.53,"mi":"E","mv":225673,"sc":1,"lpe":99.34,"lpr":1035.55,"lq":1.0,"d":973156},{"pi":"15336","pc":"Аптека","ss":10000,"td":"Центр города","dc":6,"n":692.16,"vc":"147188","sl":"Очень низкий","sv":"6899","p":850.0,"q":17.98,"b":0.0,"ms":22.65,"wi":19.47,"ei":5.91,"as":526.89,"mi":"E","mv":30456,"sc":2,"lpe":77.08,"lpr":316.56,"lq":1.33,"d":1222279},{"pi":"15336","pc":"Аптека","ss":10000,"td":"Центр города","dc":3,"n":41.28,"vc":"797","sl":"Элитный","sv":"83","p":499.0,"q":20.28,"b":0.0,"ms":0.27,"wi":19.47,"ei":5.91,"as":526.89,"mi":"E","mv":30456,"sc":2,"lpe":77.08,"lpr":316.56,"lq":1.33,"d":1222279},{"pi":"15336","pc":"Аптека","ss":5000,"td":"Центр города","dc":6,"n":53.11,"vc":"2223","sl":"Очень низкий","sv":"60","p":1500.0,"q":5.31,"b":0.0,"ms":0.01,"wi":51.76,"ei":4.41,"as":655.66,"mi":"E","mv":767185,"sc":2,"lpe":99.99,"lpr":897.75,"lq":1.0,"d":7172110},{"pi":"15336","pc":"Аптека","ss":5000,"td":"Фешенебельный район","dc":6,"n":46.14,"vc":"318","sl":"Высокий","sv":"20","p":800.0,"q":3.84,"b":0.0,"ms":0.0,"wi":51.76,"ei":4.41,"as":655.66,"mi":"E","mv":767185,"sc":2,"lpe":99.99,"lpr":897.75,"lq":1.0,"d":7172110},{"pi":"15336","pc":"Аптека","ss":21000,"td":"Центр города","dc":3,"n":125.93,"vc":"2825","sl":"Элитный","sv":"58","p":960.0,"q":11.61,"b":0.0,"ms":0.09,"wi":42.96,"ei":6.25,"as":568.15,"mi":"E","mv":67052,"sc":1,"lpe":99.91,"lpr":703.95,"lq":1.0,"d":482641},{"pi":"15336","pc":"Аптека","ss":20000,"td":"Фешенебельный район","dc":3,"n":132.33,"vc":"368","sl":"Элитный","sv":"2","p":750.0,"q":3.89,"b":0.0,"ms":0.01,"wi":71.8,"ei":6.85,"as":545.08,"mi":"E","mv":35663,"sc":1,"lpe":99.99,"lpr":760.2,"lq":1.0,"d":298366},{"pi":"15336","pc":"Аптека","ss":100000,"td":"Центр города","dc":3,"n":294.97,"vc":"96302","sl":"Элитный","sv":"241091","p":1488.0,"q":35.13,"b":4.11,"ms":24.47,"wi":60.25,"ei":9.36,"as":614.31,"mi":"E","mv":985299,"sc":2,"lpe":75.52,"lpr":262.68,"lq":1.05,"d":3832748},{"pi":"15336","pc":"Аптека","ss":21000,"td":"Центр города","dc":3,"n":226.14,"vc":"19608","sl":"Нормальный","sv":"90","p":1000.0,"q":11.22,"b":0.0,"ms":0.01,"wi":60.25,"ei":9.36,"as":614.31,"mi":"E","mv":985299,"sc":2,"lpe":75.52,"lpr":262.68,"lq":1.05,"d":3832748},{"pi":"15336","pc":"Аптека","ss":100000,"td":"Фешенебельный район","dc":1,"n":588.21,"vc":"371325","sl":"Элитный","sv":"10000","p":1822.0,"q":13.9,"b":4.78,"ms":0.64,"wi":39.97,"ei":5.34,"as":208.05,"mi":"E","mv":1566854,"sc":1,"lpe":99.36,"lpr":887.51,"lq":1.0,"d":12982716},{"pi":"15336","pc":"Аптека","ss":500,"td":"Спальный район","dc":1,"n":234.97,"vc":"382","sl":"Элитный","sv":"496","p":1701.0,"q":6.39,"b":0.0,"ms":3.28,"wi":47.25,"ei":6.62,"as":504.0,"mi":"E","mv":15138,"sc":2,"lpe":96.45,"lpr":775.93,"lq":1.0,"d":128750},{"pi":"15336","pc":"Аптека","ss":1000,"td":"Центр города","dc":10,"n":602.82,"vc":"9141","sl":"Очень низкий","sv":"41","p":780.0,"q":1.61,"b":0.0,"ms":0.27,"wi":47.25,"ei":6.62,"as":504.0,"mi":"E","mv":15138,"sc":2,"lpe":96.45,"lpr":775.93,"lq":1.0,"d":128750},{"pi":"15336","pc":"Аптека","ss":100,"td":"Центр города","dc":7,"n":4.1,"vc":"81","sl":"Очень низкий","sv":"10","p":1177.0,"q":32.09,"b":0.0,"ms":0.0,"wi":100.56,"ei":8.23,"as":1206.09,"mi":"E","mv":216166,"sc":1,"lpe":100.0,"lpr":1223.04,"lq":1.0,"d":1395634},{"pi":"15336","pc":"Аптека","ss":100000,"td":"Центр города","dc":2,"n":456.88,"vc":"356432","sl":"Очень высокий","sv":"26567","p":3500.0,"q":11.93,"b":0.0,"ms":6.31,"wi":78.65,"ei":6.43,"as":351.11,"mi":"E","mv":421178,"sc":1,"lpe":93.69,"lpr":714.66,"lq":1.0,"d":1885836},{"pi":"15336","pc":"Аптека","ss":100000,"td":"Центр города","dc":2,"n":375.36,"vc":"182028","sl":"Элитный","sv":"195181","p":1488.0,"q":35.18,"b":4.41,"ms":32.52,"wi":116.13,"ei":7.17,"as":2122.22,"mi":"E","mv":600224,"sc":3,"lpe":65.05,"lpr":247.24,"lq":1.67,"d":2596850},{"pi":"15336","pc":"Аптека","ss":100000,"td":"Центр города","dc":4,"n":152.37,"vc":"14218","sl":"Элитный","sv":"14500","p":802.96,"q":14.79,"b":0.0,"ms":2.42,"wi":116.13,"ei":7.17,"as":2122.22,"mi":"E","mv":600224,"sc":3,"lpe":65.05,"lpr":247.24,"lq":1.67,"d":2596850},{"pi":"15336","pc":"Аптека","ss":5000,"td":"Центр города","dc":6,"n":69.03,"vc":"1736","sl":"Элитный","sv":"100","p":700.0,"q":20.28,"b":0.0,"ms":0.02,"wi":116.13,"ei":7.17,"as":2122.22,"mi":"E","mv":600224,"sc":3,"lpe":65.05,"lpr":247.24,"lq":1.67,"d":2596850},{"pi":"15336","pc":"Аптека","ss":100000,"td":"Центр города","dc":1,"n":294.21,"vc":"132518","sl":"Элитный","sv":"490495","p":1488.0,"q":35.32,"b":2.91,"ms":26.73,"wi":102.86,"ei":10.85,"as":2744.68,"mi":"E","mv":1834726,"sc":3,"lpe":67.54,"lpr":363.14,"lq":1.31,"d":9744630},{"pi":"15336","pc":"Аптека","ss":100000,"td":"Фешенебельный район","dc":1,"n":405.19,"vc":"57789","sl":"Элитный","sv":"99278","p":2000.0,"q":29.89,"b":2.92,"ms":5.41,"wi":102.86,"ei":10.85,"as":2744.68,"mi":"E","mv":1834726,"sc":3,"lpe":67.54,"lpr":363.14,"lq":1.31,"d":9744630},{"pi":"15336","pc":"Аптека","ss":10000,"td":"Окраина","dc":3,"n":215.29,"vc":"6574","sl":"Элитный","sv":"5725","p":770.0,"q":11.91,"b":0.0,"ms":0.31,"wi":102.86,"ei":10.85,"as":2744.68,"mi":"E","mv":1834726,"sc":3,"lpe":67.54,"lpr":363.14,"lq":1.31,"d":9744630},{"pi":"15336","pc":"Аптека","ss":200000,"td":"Центр города","dc":8,"n":447.37,"vc":"240322","sl":"Очень низкий","sv":"29624","p":830.0,"q":20.18,"b":0.0,"ms":31.93,"wi":101.15,"ei":4.2,"as":358.64,"mi":"E","mv":92790,"sc":1,"lpe":68.07,"lpr":779.33,"lq":3.06,"d":445356},{"pi":"15336","pc":"Аптека","ss":30000,"td":"Центр города","dc":3,"n":365.51,"vc":"25744","sl":"Высокий","sv":"11227","p":790.0,"q":11.91,"b":0.0,"ms":9.91,"wi":73.18,"ei":7.0,"as":362.16,"mi":"E","mv":113338,"sc":1,"lpe":90.09,"lpr":660.92,"lq":2.34,"d":664549},{"pi":"15336","pc":"Аптека","ss":600,"td":"Центр города","dc":9,"n":379.77,"vc":"5436","sl":"Очень низкий","sv":"24","p":730.0,"q":1.58,"b":0.0,"ms":0.0,"wi":66.45,"ei":6.04,"as":318.0,"mi":"E","mv":550855,"sc":1,"lpe":100.0,"lpr":930.38,"lq":1.0,"d":2877864},{"pi":"15336","pc":"Аптека","ss":100000,"td":"Центр города","dc":1,"n":481.38,"vc":"520378","sl":"Очень высокий","sv":"195371","p":900.0,"q":19.99,"b":6.61817772340828E-5,"ms":36.27,"wi":99.69,"ei":9.31,"as":1270.5,"mi":"E","mv":538710,"sc":3,"lpe":57.83,"lpr":238.56,"lq":6.68,"d":2836484},{"pi":"15336","pc":"Аптека","ss":100000,"td":"Центр города","dc":1,"n":443.55,"vc":"361677","sl":"Элитный","sv":"30749","p":1488.0,"q":35.09,"b":4.31,"ms":5.71,"wi":99.69,"ei":9.31,"as":1270.5,"mi":"E","mv":538710,"sc":3,"lpe":57.83,"lpr":238.56,"lq":6.68,"d":2836484},{"pi":"15336","pc":"Аптека","ss":100000,"td":"Фешенебельный район","dc":1,"n":463.32,"vc":"65610","sl":"Элитный","sv":"1041","p":1900.0,"q":28.57,"b":3.69,"ms":0.19,"wi":99.69,"ei":9.31,"as":1270.5,"mi":"E","mv":538710,"sc":3,"lpe":57.83,"lpr":238.56,"lq":6.68,"d":2836484},{"pi":"15336","pc":"Аптека","ss":100000,"td":"Центр города","dc":1,"n":245.88,"vc":"36627","sl":"Элитный","sv":"37866","p":2700.0,"q":11.91,"b":0.0,"ms":5.57,"wi":93.34,"ei":5.0,"as":474.39,"mi":"E","mv":679250,"sc":1,"lpe":94.43,"lpr":1372.81,"lq":1.0,"d":2970884},{"pi":"15336","pc":"Аптека","ss":1500,"td":"Центр города","dc":5,"n":7.56,"vc":"775","sl":"Нормальный","sv":"50","p":600.0,"q":3.84,"b":0.0,"ms":0.02,"wi":17.18,"ei":17.09,"as":56.27,"mi":"E","mv":219352,"sc":1,"lpe":99.98,"lpr":608.82,"lq":1.0,"d":3998532},{"pi":"15336","pc":"Аптека","ss":100000,"td":"Центр города","dc":3,"n":378.52,"vc":"120585","sl":"Элитный","sv":"43434","p":1488.0,"q":35.18,"b":4.99,"ms":24.42,"wi":64.2,"ei":7.41,"as":406.66,"mi":"E","mv":177848,"sc":1,"lpe":75.58,"lpr":220.89,"lq":1.5,"d":733921},{"pi":"15336","pc":"Аптека","ss":1200,"td":"Центр города","dc":9,"n":517.4,"vc":"9674","sl":"Очень низкий","sv":"287","p":750.0,"q":11.93,"b":0.0,"ms":0.54,"wi":70.04,"ei":5.87,"as":653.67,"mi":"E","mv":53076,"sc":1,"lpe":99.46,"lpr":771.66,"lq":1.0,"d":401934},{"pi":"15336","pc":"Аптека","ss":400,"td":"Центр города","dc":1,"n":33.95,"vc":"304","sl":"Элитный","sv":"1000","p":500.0,"q":3.84,"b":0.0,"ms":1.48,"wi":21.72,"ei":12.43,"as":247.46,"mi":"E","mv":67376,"sc":1,"lpe":98.52,"lpr":620.53,"lq":1.0,"d":1377175},{"pi":"15336","pc":"Аптека","ss":800,"td":"Центр города","dc":1,"n":221.88,"vc":"987","sl":"Элитный","sv":"3000","p":905.0,"q":11.91,"b":0.0,"ms":23.79,"wi":23.56,"ei":6.71,"as":303.71,"mi":"E","mv":12610,"sc":1,"lpe":76.21,"lpr":575.51,"lq":1.54,"d":471037},{"pi":"15336","pc":"Аптека","ss":1000,"td":"Фешенебельный район","dc":2,"n":306.15,"vc":"375","sl":"Элитный","sv":"1971","p":999.0,"q":10.65,"b":0.0,"ms":2.65,"wi":69.48,"ei":7.76,"as":583.44,"mi":"E","mv":74486,"sc":1,"lpe":97.35,"lpr":786.98,"lq":1.0,"d":375360},{"pi":"15336","pc":"Аптека","ss":700,"td":"Центр города","dc":4,"n":73.07,"vc":"446","sl":"Низкий","sv":"100","p":1795.0,"q":11.91,"b":0.0,"ms":0.08,"wi":88.26,"ei":7.25,"as":562.28,"mi":"E","mv":119735,"sc":3,"lpe":99.86,"lpr":1212.08,"lq":1.0,"d":598348},{"pi":"15336","pc":"Аптека","ss":100,"td":"Центр города","dc":1,"n":118.6,"vc":"147","sl":"Низкий","sv":"40","p":900.0,"q":11.92,"b":0.0,"ms":0.03,"wi":88.26,"ei":7.25,"as":562.28,"mi":"E","mv":119735,"sc":3,"lpe":99.86,"lpr":1212.08,"lq":1.0,"d":598348},{"pi":"15336","pc":"Аптека","ss":1000,"td":"Центр города","dc":5,"n":47.44,"vc":"456","sl":"Высокий","sv":"33","p":986.0,"q":11.87,"b":0.0,"ms":0.03,"wi":88.26,"ei":7.25,"as":562.28,"mi":"E","mv":119735,"sc":3,"lpe":99.86,"lpr":1212.08,"lq":1.0,"d":598348},{"pi":"15336","pc":"Аптека","ss":100000,"td":"Фешенебельный район","dc":2,"n":517.97,"vc":"85530","sl":"Элитный","sv":"17913","p":3800.0,"q":14.14,"b":0.0,"ms":7.06,"wi":96.92,"ei":9.6,"as":1470.0,"mi":"E","mv":253655,"sc":1,"lpe":92.94,"lpr":854.73,"lq":1.0,"d":1347944},{"pi":"15336","pc":"Аптека","ss":1000,"td":"Спальный район","dc":6,"n":442.48,"vc":"2913","sl":"Очень низкий","sv":"600","p":600.0,"q":20.28,"b":0.0,"ms":1.87,"wi":72.69,"ei":6.62,"as":475.0,"mi":"E","mv":32068,"sc":2,"lpe":97.82,"lpr":715.3,"lq":1.0,"d":147806},{"pi":"15336","pc":"Аптека","ss":700,"td":"Центр города","dc":4,"n":113.08,"vc":"339","sl":"Нормальный","sv":"100","p":1295.0,"q":11.91,"b":0.0,"ms":0.31,"wi":72.69,"ei":6.62,"as":475.0,"mi":"E","mv":32068,"sc":2,"lpe":97.82,"lpr":715.3,"lq":1.0,"d":147806},{"pi":"15336","pc":"Аптека","ss":800,"td":"Фешенебельный район","dc":4,"n":225.81,"vc":"100","sl":"Элитный","sv":"120","p":1945.0,"q":11.91,"b":0.0,"ms":0.39,"wi":64.84,"ei":6.72,"as":456.0,"mi":"E","mv":30900,"sc":1,"lpe":99.61,"lpr":726.33,"lq":1.0,"d":145230},{"pi":"15336","pc":"Аптека","ss":1300,"td":"Спальный район","dc":7,"n":137.39,"vc":"606","sl":"Нормальный","sv":"20","p":580.0,"q":11.91,"b":0.0,"ms":0.06,"wi":53.14,"ei":4.89,"as":399.11,"mi":"E","mv":33761,"sc":1,"lpe":99.94,"lpr":688.48,"lq":1.0,"d":498557},{"pi":"15336","pc":"Аптека","ss":500,"td":"Центр города","dc":1,"n":210.8,"vc":"418","sl":"Элитный","sv":"500","p":735.0,"q":3.84,"b":0.0,"ms":3.98,"wi":50.7,"ei":6.73,"as":507.15,"mi":"E","mv":12571,"sc":2,"lpe":95.62,"lpr":758.58,"lq":1.0,"d":104817},{"pi":"15336","pc":"Аптека","ss":1000,"td":"Центр города","dc":8,"n":415.96,"vc":"1977","sl":"Очень низкий","sv":"50","p":700.0,"q":32.09,"b":0.0,"ms":0.4,"wi":50.7,"ei":6.73,"as":507.15,"mi":"E","mv":12571,"sc":2,"lpe":95.62,"lpr":758.58,"lq":1.0,"d":104817},{"pi":"15336","pc":"Аптека","ss":1000,"td":"Фешенебельный район","dc":9,"n":64.15,"vc":"145","sl":"Элитный","sv":"60","p":1000.0,"q":11.91,"b":0.0,"ms":0.01,"wi":48.46,"ei":12.08,"as":459.52,"mi":"E","mv":654124,"sc":1,"lpe":99.99,"lpr":681.27,"lq":1.0,"d":3957256},{"pi":"15336","pc":"Аптека","ss":500,"td":"Центр города","dc":1,"n":222.28,"vc":"446","sl":"Элитный","sv":"550","p":800.0,"q":11.91,"b":0.0,"ms":3.44,"wi":49.7,"ei":6.62,"as":507.15,"mi":"E","mv":15996,"sc":1,"lpe":96.56,"lpr":700.52,"lq":1.0,"d":106621}]