[{"pi":"423117","pc":"Бакалея","ss":30000,"td":"Центр города","dc":1,"n":413.76,"vc":"62504","sl":"Элитный","sv":"34","p":4000.0,"q":22.33,"b":0.0,"ms":0.02,"wi":19.05,"ei":5.34,"as":341.56,"mi":"E","mv":146505,"sc":1,"lpe":99.98,"lpr":546.77,"lq":1.0,"d":2069626},{"pi":"423117","pc":"Бакалея","ss":100000,"td":"Центр города","dc":1,"n":423.47,"vc":"496806","sl":"Очень высокий","sv":"12","p":11000.0,"q":17.47,"b":0.0,"ms":0.0,"wi":21.09,"ei":5.96,"as":107.95,"mi":"E","mv":1037962,"sc":1,"lpe":100.0,"lpr":1193.46,"lq":1.0,"d":12197086},{"pi":"423117","pc":"Бакалея","ss":60000,"td":"Центр города","dc":1,"n":313.46,"vc":"48392","sl":"Элитный","sv":"1000","p":8000.0,"q":16.23,"b":0.0,"ms":0.62,"wi":52.02,"ei":10.51,"as":1190.88,"mi":"E","mv":160569,"sc":1,"lpe":99.38,"lpr":4385.81,"lq":1.0,"d":2862944},{"pi":"423117","pc":"Бакалея","ss":10000,"td":"Центр города","dc":1,"n":414.59,"vc":"27884","sl":"Элитный","sv":"16","p":4000.0,"q":22.34,"b":0.0,"ms":0.01,"wi":11.53,"ei":6.04,"as":284.36,"mi":"E","mv":141968,"sc":1,"lpe":99.99,"lpr":547.45,"lq":1.0,"d":2083800},{"pi":"423117","pc":"Бакалея","ss":13000,"td":"Центр города","dc":1,"n":447.11,"vc":"48777","sl":"Очень высокий","sv":"4","p":18415.24,"q":17.47,"b":0.0,"ms":0.01,"wi":53.24,"ei":7.46,"as":830.0,"mi":"E","mv":53124,"sc":1,"lpe":99.99,"lpr":3382.0,"lq":1.0,"d":923206},{"pi":"423117","pc":"Бакалея","ss":10000,"td":"Центр города","dc":1,"n":463.61,"vc":"20305","sl":"Элитный","sv":"50","p":5500.0,"q":17.47,"b":0.0,"ms":0.58,"wi":46.88,"ei":6.2,"as":769.5,"mi":"E","mv":8607,"sc":1,"lpe":99.42,"lpr":3149.74,"lq":1.0,"d":298856},{"pi":"423117","pc":"Бакалея","ss":102000,"td":"Центр города","dc":1,"n":138.81,"vc":"11159","sl":"Элитный","sv":"32","p":5000.0,"q":17.47,"b":0.0,"ms":0.03,"wi":16.35,"ei":7.5,"as":163.44,"mi":"E","mv":118609,"sc":1,"lpe":99.97,"lpr":882.83,"lq":1.0,"d":1866603},{"pi":"423117","pc":"Бакалея","ss":100000,"td":"Фешенебельный район","dc":2,"n":111.88,"vc":"1031","sl":"Элитный","sv":"218","p":877.0,"q":5.16,"b":0.74,"ms":0.31,"wi":24.5,"ei":7.1,"as":348.25,"mi":"E","mv":69467,"sc":1,"lpe":99.69,"lpr":940.67,"lq":1.0,"d":989886},{"pi":"423117","pc":"Бакалея","ss":10000,"td":"Центр города","dc":3,"n":102.99,"vc":"4978","sl":"Элитный","sv":"2","p":2755.0,"q":5.03,"b":0.7,"ms":0.0,"wi":20.04,"ei":6.23,"as":189.21,"mi":"E","mv":774673,"sc":1,"lpe":100.0,"lpr":820.6,"lq":1.0,"d":10970686},{"pi":"423117","pc":"Бакалея","ss":100000,"td":"Центр города","dc":1,"n":558.73,"vc":"435516","sl":"Элитный","sv":"10","p":2000.0,"q":35.48,"b":0.0,"ms":0.02,"wi":23.9,"ei":8.05,"as":1028.85,"mi":"E","mv":46388,"sc":1,"lpe":99.98,"lpr":1092.29,"lq":1.0,"d":767901},{"pi":"423117","pc":"Бакалея","ss":1000,"td":"Спальный район","dc":9,"n":266.59,"vc":"2094","sl":"Очень низкий","sv":"3","p":6549.46,"q":17.47,"b":0.0,"ms":0.0,"wi":52.06,"ei":6.11,"as":520.0,"mi":"E","mv":73864,"sc":1,"lpe":100.0,"lpr":2115.01,"lq":1.0,"d":978294},{"pi":"423117","pc":"Бакалея","ss":100000,"td":"Центр города","dc":1,"n":411.16,"vc":"59002","sl":"Элитный","sv":"4","p":4750.0,"q":17.47,"b":0.0,"ms":0.07,"wi":18.51,"ei":4.31,"as":190.0,"mi":"E","mv":5831,"sc":1,"lpe":99.93,"lpr":777.65,"lq":1.0,"d":123704},{"pi":"423117","pc":"Бакалея","ss":100000,"td":"Центр города","dc":1,"n":440.75,"vc":"216640","sl":"Элитный","sv":"50000","p":5000.0,"q":22.53,"b":0.22,"ms":35.72,"wi":36.64,"ei":11.26,"as":482.57,"mi":"E","mv":139989,"sc":1,"lpe":64.28,"lpr":1891.51,"lq":1.37,"d":2255977},{"pi":"423117","pc":"Бакалея","ss":100000,"td":"Центр города","dc":3,"n":402.03,"vc":"68799","sl":"Элитный","sv":"40","p":7783.27,"q":17.47,"b":0.0,"ms":0.58,"wi":57.76,"ei":8.26,"as":1050.0,"mi":"E","mv":6904,"sc":1,"lpe":99.42,"lpr":4306.92,"lq":1.0,"d":246597},{"pi":"423117","pc":"Бакалея","ss":1000,"td":"Центр города","dc":1,"n":277.35,"vc":"1006","sl":"Элитный","sv":"50","p":7500.0,"q":17.47,"b":0.0,"ms":0.52,"wi":43.74,"ei":10.04,"as":1360.0,"mi":"E","mv":9675,"sc":1,"lpe":99.48,"lpr":2533.52,"lq":1.0,"d":234090},{"pi":"423117","pc":"Бакалея","ss":1000,"td":"Фешенебельный район","dc":2,"n":111.8,"vc":"169","sl":"Элитный","sv":"17","p":1025.0,"q":5.23,"b":0.76,"ms":0.01,"wi":32.5,"ei":8.75,"as":394.01,"mi":"E","mv":307302,"sc":1,"lpe":99.99,"lpr":1108.73,"lq":1.0,"d":2812406},{"pi":"423117","pc":"Бакалея","ss":10000,"td":"Центр города","dc":1,"n":476.8,"vc":"23625","sl":"Элитный","sv":"2000","p":1800.0,"q":18.87,"b":0.0,"ms":9.5,"wi":32.14,"ei":8.54,"as":796.22,"mi":"E","mv":21047,"sc":1,"lpe":90.5,"lpr":823.73,"lq":1.0,"d":788262},{"pi":"423117","pc":"Бакалея","ss":10000,"td":"Центр города","dc":1,"n":323.82,"vc":"12459","sl":"Элитный","sv":"50","p":6000.0,"q":17.47,"b":0.0,"ms":0.06,"wi":49.54,"ei":10.29,"as":760.4,"mi":"E","mv":80663,"sc":1,"lpe":99.94,"lpr":1519.24,"lq":1.0,"d":1419772},{"pi":"423117","pc":"Бакалея","ss":100000,"td":"Фешенебельный район","dc":1,"n":1.13,"vc":"879","sl":"Элитный","sv":"50","p":2499.0,"q":17.47,"b":0.0,"ms":0.01,"wi":23.07,"ei":9.0,"as":148.67,"mi":"E","mv":508247,"sc":2,"lpe":99.99,"lpr":1711.33,"lq":1.0,"d":13151602},{"pi":"423117","pc":"Бакалея","ss":110000,"td":"Центр города","dc":2,"n":359.45,"vc":"197616","sl":"Элитный","sv":"6","p":15000.0,"q":17.47,"b":0.0,"ms":0.0,"wi":23.07,"ei":9.0,"as":148.67,"mi":"E","mv":508247,"sc":2,"lpe":99.99,"lpr":1711.33,"lq":1.0,"d":13151602},{"pi":"423117","pc":"Бакалея","ss":100000,"td":"Центр города","dc":2,"n":552.13,"vc":"421511","sl":"Высокий","sv":"100","p":3000.0,"q":35.48,"b":4.53,"ms":0.17,"wi":25.28,"ei":7.31,"as":359.2,"mi":"E","mv":58535,"sc":1,"lpe":99.83,"lpr":792.33,"lq":1.0,"d":708432},{"pi":"423117","pc":"Бакалея","ss":100000,"td":"Фешенебельный район","dc":10,"n":53.25,"vc":"1185","sl":"Элитный","sv":"50","p":4950.0,"q":17.47,"b":0.0,"ms":0.03,"wi":19.88,"ei":6.02,"as":127.25,"mi":"E","mv":165954,"sc":1,"lpe":99.97,"lpr":804.36,"lq":1.0,"d":2750721},{"pi":"423117","pc":"Бакалея","ss":10000,"td":"Фешенебельный район","dc":4,"n":637.19,"vc":"6782","sl":"Высокий","sv":"10","p":1000.0,"q":16.87,"b":0.0,"ms":0.9,"wi":6.16,"ei":4.42,"as":197.14,"mi":"E","mv":1105,"sc":1,"lpe":99.1,"lpr":547.26,"lq":1.0,"d":108112},{"pi":"423117","pc":"Бакалея","ss":1000,"td":"Центр города","dc":1,"n":533.66,"vc":"4202","sl":"Высокий","sv":"50","p":5100.0,"q":17.47,"b":0.0,"ms":0.6,"wi":18.62,"ei":4.62,"as":337.67,"mi":"E","mv":8305,"sc":1,"lpe":99.4,"lpr":970.95,"lq":1.0,"d":252909},{"pi":"423117","pc":"Бакалея","ss":100000,"td":"Фешенебельный район","dc":1,"n":685.3,"vc":"278704","sl":"Элитный","sv":"7723","p":7811.0,"q":25.77,"b":1.35135439596012,"ms":21.71,"wi":53.52,"ei":10.43,"as":1156.77,"mi":"E","mv":35581,"sc":1,"lpe":78.29,"lpr":1298.3,"lq":1.4,"d":1264874},{"pi":"423117","pc":"Бакалея","ss":10000,"td":"Фешенебельный район","dc":3,"n":118.96,"vc":"399","sl":"Элитный","sv":"4","p":7825.6,"q":17.47,"b":0.0,"ms":0.01,"wi":28.94,"ei":6.76,"as":297.68,"mi":"E","mv":78301,"sc":1,"lpe":99.99,"lpr":1936.86,"lq":1.0,"d":1302926},{"pi":"423117","pc":"Бакалея","ss":100000,"td":"Фешенебельный район","dc":1,"n":299.51,"vc":"11432","sl":"Элитный","sv":"502","p":25000.0,"q":26.06,"b":0.0,"ms":0.21,"wi":54.32,"ei":11.9,"as":1548.35,"mi":"E","mv":242177,"sc":1,"lpe":99.79,"lpr":5332.9,"lq":1.0,"d":5522842},{"pi":"423117","pc":"Бакалея","ss":100000,"td":"Спальный район","dc":1,"n":533.39,"vc":"681635","sl":"Очень высокий","sv":"10000","p":10000.0,"q":35.48,"b":0.32,"ms":1.39,"wi":51.68,"ei":9.19,"as":1176.8,"mi":"E","mv":719919,"sc":4,"lpe":98.58,"lpr":3707.93,"lq":1.0,"d":10648221},{"pi":"423117","pc":"Бакалея","ss":1000,"td":"Окраина","dc":1,"n":71.26,"vc":"856","sl":"Элитный","sv":"153","p":2755.29,"q":5.09,"b":0.0,"ms":0.02,"wi":51.68,"ei":9.19,"as":1176.8,"mi":"E","mv":719919,"sc":4,"lpe":98.58,"lpr":3707.93,"lq":1.0,"d":10648221},{"pi":"423117","pc":"Бакалея","ss":300000,"td":"Центр города","dc":1,"n":284.67,"vc":"269004","sl":"Элитный","sv":"50","p":8000.0,"q":17.47,"b":0.0,"ms":0.01,"wi":51.68,"ei":9.19,"as":1176.8,"mi":"E","mv":719919,"sc":4,"lpe":98.58,"lpr":3707.93,"lq":1.0,"d":10648221},{"pi":"423117","pc":"Бакалея","ss":300000,"td":"Фешенебельный район","dc":4,"n":294.71,"vc":"30008","sl":"Элитный","sv":"50","p":7150.0,"q":17.47,"b":0.0,"ms":0.01,"wi":51.68,"ei":9.19,"as":1176.8,"mi":"E","mv":719919,"sc":4,"lpe":98.58,"lpr":3707.93,"lq":1.0,"d":10648221},{"pi":"423117","pc":"Бакалея","ss":2100,"td":"Центр города","dc":6,"n":52.42,"vc":"1442","sl":"Высокий","sv":"50","p":4800.0,"q":17.47,"b":0.0,"ms":0.02,"wi":27.38,"ei":6.29,"as":385.9,"mi":"E","mv":249609,"sc":1,"lpe":99.98,"lpr":984.97,"lq":1.0,"d":1869976},{"pi":"423117","pc":"Бакалея","ss":300000,"td":"Фешенебельный район","dc":1,"n":671.76,"vc":"729056","sl":"Элитный","sv":"31353","p":5964.0,"q":26.14,"b":1.29187637546646,"ms":14.66,"wi":59.33,"ei":9.62,"as":1210.0,"mi":"E","mv":213803,"sc":1,"lpe":85.34,"lpr":1396.25,"lq":1.36,"d":2753006},{"pi":"423117","pc":"Бакалея","ss":10000,"td":"Центр города","dc":1,"n":204.9,"vc":"11037","sl":"Элитный","sv":"43","p":10000.01,"q":17.47,"b":0.0,"ms":0.0,"wi":33.04,"ei":6.88,"as":461.89,"mi":"E","mv":1529869,"sc":1,"lpe":100.0,"lpr":1627.53,"lq":1.0,"d":12391712},{"pi":"423117","pc":"Бакалея","ss":10000,"td":"Центр города","dc":1,"n":330.77,"vc":"7999","sl":"Высокий","sv":"1","p":5000.0,"q":17.47,"b":0.0,"ms":0.01,"wi":13.75,"ei":4.21,"as":103.42,"mi":"E","mv":12745,"sc":1,"lpe":99.99,"lpr":688.65,"lq":1.0,"d":345610},{"pi":"423117","pc":"Бакалея","ss":100000,"td":"Спальный район","dc":1,"n":490.72,"vc":"508747","sl":"Очень высокий","sv":"500","p":2000.0,"q":35.3,"b":1.53,"ms":0.02,"wi":53.02,"ei":6.8,"as":488.79,"mi":"E","mv":3105050,"sc":2,"lpe":99.98,"lpr":2764.17,"lq":1.0,"d":14905102},{"pi":"423117","pc":"Бакалея","ss":120000,"td":"Центр города","dc":1,"n":385.16,"vc":"426152","sl":"Элитный","sv":"50","p":11500.0,"q":17.47,"b":0.0,"ms":0.0,"wi":53.02,"ei":6.8,"as":488.79,"mi":"E","mv":3105050,"sc":2,"lpe":99.98,"lpr":2764.17,"lq":1.0,"d":14905102},{"pi":"423117","pc":"Бакалея","ss":300,"td":"Центр города","dc":8,"n":0.09,"vc":"198","sl":"Низкий","sv":"3","p":4672.73,"q":17.47,"b":0.0,"ms":0.01,"wi":66.9,"ei":9.5,"as":1140.0,"mi":"E","mv":41219,"sc":1,"lpe":99.99,"lpr":4684.44,"lq":1.0,"d":554576},{"pi":"423117","pc":"Бакалея","ss":300,"td":"Центр города","dc":8,"n":0.06,"vc":"229","sl":"Низкий","sv":"4","p":4848.53,"q":17.47,"b":0.0,"ms":0.01,"wi":75.65,"ei":9.62,"as":1187.5,"mi":"E","mv":62705,"sc":1,"lpe":99.99,"lpr":4860.68,"lq":1.0,"d":845966},{"pi":"423117","pc":"Бакалея","ss":1000,"td":"Центр города","dc":1,"n":350.47,"vc":"1439","sl":"Элитный","sv":"13","p":7000.0,"q":17.47,"b":0.0,"ms":0.28,"wi":27.75,"ei":5.63,"as":423.34,"mi":"E","mv":4624,"sc":1,"lpe":99.72,"lpr":1733.7,"lq":1.0,"d":121500}]