[{"pi":"15334","pc":"Одежда и обувь","ss":500,"td":"Центр города","dc":1,"n":40.66,"vc":"246","sl":"Нормальный","sv":"44","p":126.0,"q":1.0,"b":0.0,"ms":0.07,"wi":0.21,"ei":4.28,"as":186.02,"mi":"E","mv":67238,"sc":1,"lpe":99.93,"lpr":124.41,"lq":1.0,"d":281804},{"pi":"15334","pc":"Одежда и обувь","ss":600,"td":"Центр города","dc":1,"n":34.79,"vc":"453","sl":"Очень высокий","sv":"200","p":119.823,"q":1.05,"b":0.0,"ms":0.06,"wi":0.17,"ei":4.28,"as":154.36,"mi":"E","mv":359745,"sc":2,"lpe":99.94,"lpr":108.07,"lq":1.0,"d":1380228},{"pi":"15334","pc":"Одежда и обувь","ss":800,"td":"Центр города","dc":2,"n":266.13,"vc":"1833","sl":"Низкий","sv":"15","p":200.0,"q":3.92,"b":0.0,"ms":0.0,"wi":0.17,"ei":4.28,"as":154.36,"mi":"E","mv":359745,"sc":2,"lpe":99.94,"lpr":108.07,"lq":1.0,"d":1380228},{"pi":"15334","pc":"Одежда и обувь","ss":500,"td":"Центр города","dc":1,"n":47.69,"vc":"240","sl":"Нормальный","sv":"43","p":100.0,"q":1.0,"b":0.0,"ms":0.09,"wi":0.18,"ei":3.74,"as":142.0,"mi":"E","mv":49107,"sc":1,"lpe":99.91,"lpr":98.17,"lq":1.0,"d":236667},{"pi":"15334","pc":"Одежда и обувь","ss":1000,"td":"Центр города","dc":1,"n":0.0,"vc":"436","sl":"Элитный","sv":"110","p":122.0,"q":1.36,"b":0.0,"ms":0.03,"wi":0.21,"ei":4.32,"as":180.62,"mi":"E","mv":363120,"sc":1,"lpe":99.97,"lpr":121.6,"lq":1.0,"d":1131900},{"pi":"15334","pc":"Одежда и обувь","ss":500,"td":"Центр города","dc":1,"n":72.1,"vc":"271","sl":"Низкий","sv":"40","p":103.0,"q":1.0,"b":0.0,"ms":0.08,"wi":0.16,"ei":4.26,"as":141.04,"mi":"E","mv":52770,"sc":1,"lpe":99.92,"lpr":101.15,"lq":1.0,"d":232430},{"pi":"15334","pc":"Одежда и обувь","ss":100,"td":"Центр города","dc":1,"n":43.0,"vc":"38","sl":"Высокий","sv":"17","p":36.993,"q":1.05,"b":0.0,"ms":0.07,"wi":0.08,"ei":4.34,"as":57.34,"mi":"E","mv":25211,"sc":1,"lpe":99.93,"lpr":46.54,"lq":1.0,"d":82047},{"pi":"15334","pc":"Одежда и обувь","ss":100,"td":"Центр города","dc":1,"n":47.28,"vc":"66","sl":"Нормальный","sv":"12","p":95.854,"q":1.05,"b":0.0,"ms":0.01,"wi":0.16,"ei":3.4,"as":127.44,"mi":"E","mv":82906,"sc":1,"lpe":99.99,"lpr":90.09,"lq":1.0,"d":392726},{"pi":"15334","pc":"Одежда и обувь","ss":2000,"td":"Фешенебельный район","dc":2,"n":282.37,"vc":"1120","sl":"Элитный","sv":"87","p":3304.35,"q":10.0,"b":0.0,"ms":0.01,"wi":1.61,"ei":8.3,"as":1440.0,"mi":"E","mv":1387642,"sc":1,"lpe":99.99,"lpr":831.84,"lq":1.0,"d":3884300},{"pi":"15334","pc":"Одежда и обувь","ss":2000,"td":"Фешенебельный район","dc":2,"n":58.84,"vc":"374","sl":"Элитный","sv":"119","p":3027.78,"q":10.0,"b":0.0,"ms":0.0,"wi":1.54,"ei":8.5,"as":1540.0,"mi":"E","mv":2779670,"sc":1,"lpe":100.0,"lpr":881.24,"lq":1.0,"d":8405800},{"pi":"15334","pc":"Одежда и обувь","ss":600,"td":"Центр города","dc":2,"n":99.16,"vc":"653","sl":"Очень низкий","sv":"53","p":300.0,"q":7.5,"b":0.0,"ms":0.01,"wi":0.26,"ei":4.27,"as":217.12,"mi":"E","mv":421103,"sc":1,"lpe":99.99,"lpr":140.42,"lq":1.0,"d":1481414},{"pi":"15334","pc":"Одежда и обувь","ss":800,"td":"Центр города","dc":2,"n":139.71,"vc":"703","sl":"Очень высокий","sv":"600","p":453.16,"q":1.0,"b":0.0,"ms":0.41,"wi":1.56,"ei":8.7,"as":1500.0,"mi":"E","mv":145416,"sc":5,"lpe":98.62,"lpr":869.42,"lq":1.0,"d":646400},{"pi":"15334","pc":"Одежда и обувь","ss":600,"td":"Фешенебельный район","dc":2,"n":133.94,"vc":"88","sl":"Элитный","sv":"500","p":501.5,"q":5.0,"b":0.0,"ms":0.34,"wi":1.56,"ei":8.7,"as":1500.0,"mi":"E","mv":145416,"sc":5,"lpe":98.62,"lpr":869.42,"lq":1.0,"d":646400},{"pi":"15334","pc":"Одежда и обувь","ss":600,"td":"Спальный район","dc":2,"n":133.94,"vc":"440","sl":"Очень высокий","sv":"400","p":300.0,"q":1.0,"b":0.0,"ms":0.28,"wi":1.56,"ei":8.7,"as":1500.0,"mi":"E","mv":145416,"sc":5,"lpe":98.62,"lpr":869.42,"lq":1.0,"d":646400},{"pi":"15334","pc":"Одежда и обувь","ss":600,"td":"Окраина","dc":2,"n":133.94,"vc":"352","sl":"Элитный","sv":"300","p":220.26,"q":1.0,"b":0.0,"ms":0.21,"wi":1.56,"ei":8.7,"as":1500.0,"mi":"E","mv":145416,"sc":5,"lpe":98.62,"lpr":869.42,"lq":1.0,"d":646400},{"pi":"15334","pc":"Одежда и обувь","ss":600,"td":"Пригород","dc":2,"n":133.94,"vc":"235","sl":"Элитный","sv":"200","p":220.26,"q":1.0,"b":0.0,"ms":0.14,"wi":1.56,"ei":8.7,"as":1500.0,"mi":"E","mv":145416,"sc":5,"lpe":98.62,"lpr":869.42,"lq":1.0,"d":646400},{"pi":"15334","pc":"Одежда и обувь","ss":1000,"td":"Центр города","dc":2,"n":81.51,"vc":"1083","sl":"Очень высокий","sv":"1002","p":132.73,"q":1.0,"b":0.0,"ms":0.1,"wi":0.54,"ei":5.95,"as":458.23,"mi":"E","mv":987474,"sc":5,"lpe":99.73,"lpr":273.37,"lq":1.0,"d":4109214},{"pi":"15334","pc":"Одежда и обувь","ss":200,"td":"Фешенебельный район","dc":2,"n":82.55,"vc":"68","sl":"Элитный","sv":"700","p":457.11,"q":10.0,"b":0.0,"ms":0.07,"wi":0.54,"ei":5.95,"as":458.23,"mi":"E","mv":987474,"sc":5,"lpe":99.73,"lpr":273.37,"lq":1.0,"d":4109214},{"pi":"15334","pc":"Одежда и обувь","ss":600,"td":"Окраина","dc":2,"n":32.01,"vc":"393","sl":"Элитный","sv":"500","p":132.73,"q":1.0,"b":0.0,"ms":0.05,"wi":0.54,"ei":5.95,"as":458.23,"mi":"E","mv":987474,"sc":5,"lpe":99.73,"lpr":273.37,"lq":1.0,"d":4109214},{"pi":"15334","pc":"Одежда и обувь","ss":400,"td":"Пригород","dc":2,"n":32.52,"vc":"217","sl":"Элитный","sv":"300","p":132.73,"q":1.0,"b":0.0,"ms":0.03,"wi":0.54,"ei":5.95,"as":458.23,"mi":"E","mv":987474,"sc":5,"lpe":99.73,"lpr":273.37,"lq":1.0,"d":4109214},{"pi":"15334","pc":"Одежда и обувь","ss":800,"td":"Спальный район","dc":2,"n":82.55,"vc":"736","sl":"Низкий","sv":"181","p":195.56,"q":1.0,"b":0.0,"ms":0.02,"wi":0.54,"ei":5.95,"as":458.23,"mi":"E","mv":987474,"sc":5,"lpe":99.73,"lpr":273.37,"lq":1.0,"d":4109214},{"pi":"15334","pc":"Одежда и обувь","ss":1700,"td":"Центр города","dc":3,"n":53.54,"vc":"595","sl":"Элитный","sv":"200","p":250.0,"q":5.0,"b":0.0,"ms":0.06,"wi":0.34,"ei":6.06,"as":330.02,"mi":"E","mv":343803,"sc":1,"lpe":99.94,"lpr":209.68,"lq":1.0,"d":1293401},{"pi":"15334","pc":"Одежда и обувь","ss":100,"td":"Центр города","dc":1,"n":47.5,"vc":"31","sl":"Очень высокий","sv":"13","p":148.808,"q":1.05,"b":0.0,"ms":0.16,"wi":0.24,"ei":2.99,"as":224.75,"mi":"E","mv":8328,"sc":1,"lpe":99.84,"lpr":141.62,"lq":1.0,"d":45737},{"pi":"15334","pc":"Одежда и обувь","ss":2000,"td":"Фешенебельный район","dc":2,"n":364.97,"vc":"993","sl":"Элитный","sv":"57","p":3750.95,"q":10.0,"b":0.0,"ms":0.03,"wi":1.78,"ei":9.4,"as":1590.0,"mi":"E","mv":170951,"sc":1,"lpe":99.97,"lpr":918.45,"lq":1.0,"d":646000},{"pi":"15334","pc":"Одежда и обувь","ss":2000,"td":"Фешенебельный район","dc":2,"n":89.14,"vc":"303","sl":"Элитный","sv":"6","p":3392.0,"q":10.0,"b":0.0,"ms":0.0,"wi":1.02,"ei":8.6,"as":1300.0,"mi":"E","mv":688470,"sc":1,"lpe":100.0,"lpr":759.23,"lq":1.0,"d":2718800}]