[{"d":"19.04.2019","r":85406.0,"q":1.0,"p":415.0,"s":[{"cn":"florez salamanca Finance","ui":"8927067","t":85406.0,"r":85406.0,"q":1.0,"p":415.0,"mot":"U","mo":85406.0},{"cn":"","ui":"","t":0.0,"r":0.0,"q":0.0,"p":0.0,"mot":"L","mo":0.0}]},{"d":"25.04.2019","r":18700.0,"q":2.72,"p":30.0,"s":[{"cn":"P\u0026G Team 2","ui":"8933873","t":18900.0,"r":18700.0,"q":2.72,"p":30.0,"mot":"U","mo":18700.0},{"cn":"","ui":"","t":0.0,"r":0.0,"q":0.0,"p":0.0,"mot":"L","mo":0.0}]},{"d":"26.04.2019","r":16000.0,"q":2.72,"p":30.0,"s":[{"cn":"P\u0026G Team 2","ui":"8933873","t":16300.0,"r":16000.0,"q":2.72,"p":30.0,"mot":"U","mo":16000.0},{"cn":"","ui":"","t":0.0,"r":0.0,"q":0.0,"p":0.0,"mot":"L","mo":0.0}]},{"d":"09.05.2019","r":500.0,"q":1.0,"p":150.0,"s":[{"cn":"Amiraslan","ui":"8949356","t":18000.0,"r":17750.0,"q":1.0,"p":150.0,"mot":"L","mo":500.0},{"cn":"","ui":"","t":0.0,"r":0.0,"q":0.0,"p":0.0,"mot":"L","mo":0.0}]},{"d":"25.07.2019","r":19947.0,"q":1.0,"p":8.83,"s":[{"cn":"edivad Limited","ui":"9029758","t":19947.0,"r":19947.0,"q":1.0,"p":8.83,"mot":"U","mo":19947.0},{"cn":"","ui":"","t":0.0,"r":0.0,"q":0.0,"p":0.0,"mot":"L","mo":0.0}]},{"d":"02.09.2019","r":2000.0,"q":1.0,"p":200.0,"s":[{"cn":"LIEO_IMAN Limited","ui":"9079812","t":39100.0,"r":35000.0,"q":1.0,"p":200.0,"mot":"L","mo":2000.0},{"cn":"","ui":"","t":0.0,"r":0.0,"q":0.0,"p":0.0,"mot":"L","mo":0.0}]},{"d":"03.09.2019","r":59254.0,"q":1.0,"p":7.0,"s":[{"cn":"LIEO_IMAN Limited","ui":"9079812","t":77255.0,"r":59254.0,"q":1.0,"p":7.0,"mot":"U","mo":59254.0},{"cn":"","ui":"","t":0.0,"r":0.0,"q":0.0,"p":0.0,"mot":"L","mo":0.0}]},{"d":"09.09.2019","r":65890.0,"q":1.0,"p":180.0,"s":[{"cn":"She Ltd","ui":"9089426","t":66150.0,"r":65890.0,"q":1.0,"p":180.0,"mot":"U","mo":65890.0},{"cn":"","ui":"","t":0.0,"r":0.0,"q":0.0,"p":0.0,"mot":"L","mo":0.0}]},{"d":"10.09.2019","r":3000.0,"q":1.0,"p":30.0,"s":[{"cn":"She Ltd","ui":"9089426","t":140732.0,"r":139032.0,"q":1.0,"p":30.0,"mot":"L","mo":3000.0},{"cn":"","ui":"","t":0.0,"r":0.0,"q":0.0,"p":0.0,"mot":"L","mo":0.0}]},{"d":"01.10.2019","r":585762.0,"q":1.34,"p":234.11,"s":[{"cn":"Trdr Limited","ui":"9119978","t":580256.0,"r":570811.0,"q":1.35,"p":235.0,"mot":"U","mo":570811.0},{"cn":"","ui":"","t":33736.0,"r":14951.0,"q":1.0,"p":200.0,"mot":"L","mo":14951.0}]},{"d":"02.10.2019","r":160161.0,"q":2.02,"p":230.0,"s":[{"cn":"MoveOn","ui":"9122946","t":179626.0,"r":160161.0,"q":2.02,"p":230.0,"mot":"U","mo":160161.0},{"cn":"","ui":"","t":0.0,"r":0.0,"q":0.0,"p":0.0,"mot":"L","mo":0.0}]},{"d":"14.10.2019","r":24000.0,"q":1.24,"p":200.0,"s":[{"cn":"alebrag Инвест","ui":"9142950","t":150056.0,"r":149706.0,"q":1.24,"p":200.0,"mot":"L","mo":24000.0},{"cn":"","ui":"","t":0.0,"r":0.0,"q":0.0,"p":0.0,"mot":"L","mo":0.0}]},{"d":"15.10.2019","r":1000.0,"q":1.0,"p":20.0,"s":[{"cn":"Drunk Stone","ui":"9150647","t":2140.0,"r":1212.0,"q":1.0,"p":20.0,"mot":"L","mo":1000.0},{"cn":"","ui":"","t":0.0,"r":0.0,"q":0.0,"p":0.0,"mot":"L","mo":0.0}]},{"d":"22.10.2019","r":13320.0,"q":2.26,"p":95.0,"s":[{"cn":"Idiotic Failure LTD","ui":"9166430","t":211531.0,"r":211531.0,"q":2.23,"p":95.0,"mot":"L","mo":8820.0},{"cn":"Idiotic Failure LTD","ui":"9163586","t":429862.0,"r":424662.0,"q":2.32,"p":95.0,"mot":"L","mo":4500.0},{"cn":"","ui":"","t":0.0,"r":0.0,"q":0.0,"p":0.0,"mot":"L","mo":0.0}]},{"d":"23.10.2019","r":95184.0,"q":1.0,"p":31.73,"s":[{"cn":"@FORMULA","ui":"9171279","t":15950.0,"r":13000.0,"q":1.0,"p":30.0,"mot":"U","mo":13000.0},{"cn":"butthole limited","ui":"9169863","t":85934.0,"r":82184.0,"q":1.0,"p":32.0,"mot":"U","mo":82184.0},{"cn":"","ui":"","t":0.0,"r":0.0,"q":0.0,"p":0.0,"mot":"L","mo":0.0}]},{"d":"25.10.2019","r":48806.0,"q":1.04,"p":30.32,"s":[{"cn":"Avangard","ui":"9179947","t":12900.0,"r":9400.0,"q":1.0,"p":50.0,"mot":"U","mo":9400.0},{"cn":"Bad company","ui":"9172180","t":11030.0,"r":3930.0,"q":1.0,"p":10.0,"mot":"U","mo":3930.0},{"cn":"Marc your fast","ui":"9178323","t":5352.0,"r":4460.0,"q":1.43,"p":9.0,"mot":"U","mo":4460.0},{"cn":"Avangard","ui":"9178645","t":31066.0,"r":31016.0,"q":1.0,"p":30.0,"mot":"U","mo":31016.0},{"cn":"","ui":"","t":0.0,"r":0.0,"q":0.0,"p":0.0,"mot":"L","mo":0.0}]},{"d":"28.10.2019","r":365442.0,"q":1.0,"p":11.11,"s":[{"cn":"TATRUSHolding","ui":"9184356","t":367686.0,"r":360786.0,"q":1.0,"p":10.0,"mot":"U","mo":360786.0},{"cn":"","ui":"","t":4656.0,"r":4656.0,"q":1.0,"p":97.0,"mot":"L","mo":4656.0}]},{"d":"29.10.2019","r":14424.0,"q":1.0,"p":50.0,"s":[{"cn":"191736j Limited","ui":"9187202","t":15142.0,"r":14424.0,"q":1.0,"p":50.0,"mot":"U","mo":14424.0},{"cn":"","ui":"","t":0.0,"r":0.0,"q":0.0,"p":0.0,"mot":"L","mo":0.0}]},{"d":"30.10.2019","r":407.0,"q":1.52,"p":50.0,"s":[{"cn":"191736j Limited","ui":"9187202","t":2979.0,"r":407.0,"q":1.52,"p":50.0,"mot":"U","mo":407.0},{"cn":"","ui":"","t":0.0,"r":0.0,"q":0.0,"p":0.0,"mot":"L","mo":0.0}]},{"d":"31.10.2019","r":45554.0,"q":1.0,"p":20.0,"s":[{"cn":"181059H_limited","ui":"9192286","t":46804.0,"r":45554.0,"q":1.0,"p":20.0,"mot":"U","mo":45554.0},{"cn":"","ui":"","t":0.0,"r":0.0,"q":0.0,"p":0.0,"mot":"L","mo":0.0}]},{"d":"04.11.2019","r":8.0,"q":1.57,"p":380.0,"s":[{"cn":"Holding2_Львицы","ui":"9197886","t":2478.0,"r":8.0,"q":1.57,"p":380.0,"mot":"L","mo":8.0},{"cn":"","ui":"","t":0.0,"r":0.0,"q":0.0,"p":0.0,"mot":"L","mo":0.0}]},{"d":"05.11.2019","r":198.0,"q":1.0,"p":200.0,"s":[{"cn":"qunzhen191980S Limited","ui":"9198727","t":750.0,"r":510.0,"q":1.0,"p":200.0,"mot":"L","mo":198.0},{"cn":"","ui":"","t":0.0,"r":0.0,"q":0.0,"p":0.0,"mot":"L","mo":0.0}]},{"d":"11.11.2019","r":65458.0,"q":1.0,"p":100.0,"s":[{"cn":"Roga\u0026Kopyta","ui":"9208127","t":67658.0,"r":65458.0,"q":1.0,"p":100.0,"mot":"U","mo":65458.0},{"cn":"","ui":"","t":0.0,"r":0.0,"q":0.0,"p":0.0,"mot":"L","mo":0.0}]},{"d":"18.11.2019","r":1441804.0,"q":1.0,"p":30.0,"s":[{"cn":"Holding4_Croudfording","ui":"9221604","t":1596013.0,"r":1441504.0,"q":1.0,"p":30.0,"mot":"U","mo":1441504.0},{"cn":"","ui":"","t":1810.0,"r":300.0,"q":1.0,"p":28.0,"mot":"L","mo":300.0}]},{"d":"25.11.2019","r":135400.0,"q":1.0,"p":500.0,"s":[{"cn":"Inka Inc.","ui":"9233510","t":137600.0,"r":135400.0,"q":1.0,"p":500.0,"mot":"U","mo":135400.0},{"cn":"","ui":"","t":0.0,"r":0.0,"q":0.0,"p":0.0,"mot":"L","mo":0.0}]},{"d":"26.11.2019","r":132300.0,"q":1.0,"p":150.0,"s":[{"cn":"Inka Inc.","ui":"9233510","t":137300.0,"r":132300.0,"q":1.0,"p":150.0,"mot":"U","mo":132300.0},{"cn":"","ui":"","t":0.0,"r":0.0,"q":0.0,"p":0.0,"mot":"L","mo":0.0}]},{"d":"02.12.2019","r":5700.0,"q":1.0,"p":126.04,"s":[{"cn":"AXE Capital","ui":"9245254","t":52460.0,"r":5600.0,"q":1.0,"p":39.0,"mot":"U","mo":5600.0},{"cn":"","ui":"","t":45780.0,"r":100.0,"q":1.0,"p":5000.0,"mot":"L","mo":100.0}]},{"d":"03.12.2019","r":100.0,"q":1.0,"p":5000.0,"s":[{"cn":"Holding1 Winter","ui":"9244330","t":90490.0,"r":90315.0,"q":1.0,"p":5000.0,"mot":"L","mo":100.0},{"cn":"","ui":"","t":0.0,"r":0.0,"q":0.0,"p":0.0,"mot":"L","mo":0.0}]},{"d":"03.01.2020","r":2920.0,"q":1.0,"p":73.91,"s":[{"cn":"The Unprofitable Co. (190704D)","ui":"9292606","t":6920.0,"r":2920.0,"q":1.0,"p":73.91,"mot":"U","mo":2920.0},{"cn":"","ui":"","t":0.0,"r":0.0,"q":0.0,"p":0.0,"mot":"L","mo":0.0}]},{"d":"08.01.2020","r":1293.0,"q":1.0,"p":100.0,"s":[{"cn":"qunzhen191980S Limited","ui":"9300027","t":1763.0,"r":1293.0,"q":1.0,"p":100.0,"mot":"U","mo":1293.0},{"cn":"","ui":"","t":0.0,"r":0.0,"q":0.0,"p":0.0,"mot":"L","mo":0.0}]},{"d":"17.03.2020","r":4530.0,"q":1.0,"p":360.0,"s":[{"cn":"So corporation","ui":"9396432","t":18095.0,"r":4530.0,"q":1.0,"p":360.0,"mot":"U","mo":4530.0},{"cn":"","ui":"","t":0.0,"r":0.0,"q":0.0,"p":0.0,"mot":"L","mo":0.0}]},{"d":"24.03.2020","r":1310.0,"q":1.0,"p":120.0,"s":[{"cn":"Food\u0026Meet","ui":"9409804","t":1410.0,"r":1310.0,"q":1.0,"p":120.0,"mot":"U","mo":1310.0},{"cn":"","ui":"","t":0.0,"r":0.0,"q":0.0,"p":0.0,"mot":"L","mo":0.0}]},{"d":"09.04.2020","r":257230.0,"q":1.0,"p":6.0,"s":[{"cn":"virtanomica12 Инвест","ui":"9433646","t":257230.0,"r":257230.0,"q":1.0,"p":6.0,"mot":"U","mo":257230.0},{"cn":"","ui":"","t":0.0,"r":0.0,"q":0.0,"p":0.0,"mot":"L","mo":0.0}]},{"d":"10.04.2020","r":726682.0,"q":1.0,"p":6.0,"s":[{"cn":"virtanomica12 Инвест","ui":"9433646","t":726682.0,"r":726682.0,"q":1.0,"p":6.0,"mot":"U","mo":726682.0},{"cn":"","ui":"","t":0.0,"r":0.0,"q":0.0,"p":0.0,"mot":"L","mo":0.0}]},{"d":"13.04.2020","r":213493.0,"q":1.01,"p":94.04,"s":[{"cn":"Б1117-38.03.04(2) ВВН-INC","ui":"9441292","t":235938.0,"r":211993.0,"q":1.01,"p":94.0,"mot":"U","mo":211993.0},{"cn":"","ui":"","t":30043.0,"r":1500.0,"q":1.0,"p":100.0,"mot":"L","mo":1500.0}]},{"d":"16.04.2020","r":1300.0,"q":1.0,"p":100.0,"s":[{"cn":"tourist.uz Инвест","ui":"9442962","t":27255.0,"r":27255.0,"q":1.0,"p":100.0,"mot":"L","mo":1300.0},{"cn":"","ui":"","t":0.0,"r":0.0,"q":0.0,"p":0.0,"mot":"L","mo":0.0}]},{"d":"20.04.2020","r":5000.0,"q":1.0,"p":300.0,"s":[{"cn":"Вестер фаст!","ui":"9452425","t":56627.0,"r":52627.0,"q":1.0,"p":300.0,"mot":"L","mo":5000.0},{"cn":"","ui":"","t":0.0,"r":0.0,"q":0.0,"p":0.0,"mot":"L","mo":0.0}]},{"d":"21.04.2020","r":5000.0,"q":1.0,"p":300.0,"s":[{"cn":"Вестер фаст!","ui":"9452425","t":46908.0,"r":42808.0,"q":1.0,"p":300.0,"mot":"L","mo":5000.0},{"cn":"","ui":"","t":0.0,"r":0.0,"q":0.0,"p":0.0,"mot":"L","mo":0.0}]},{"d":"27.04.2020","r":11870.0,"q":1.0,"p":321.48,"s":[{"cn":"Kometa","ui":"9466069","t":12247.0,"r":11651.0,"q":1.0,"p":320.0,"mot":"U","mo":11651.0},{"cn":"","ui":"","t":15819.0,"r":219.0,"q":1.0,"p":400.0,"mot":"L","mo":219.0}]},{"d":"28.04.2020","r":15080.0,"q":1.0,"p":270.16,"s":[{"cn":"SKL_B1117-38.03.02","ui":"9467863","t":216550.0,"r":114050.0,"q":1.0,"p":270.0,"mot":"L","mo":15000.0},{"cn":"","ui":"","t":11890.0,"r":80.0,"q":1.0,"p":300.0,"mot":"L","mo":80.0}]},{"d":"12.05.2020","r":6740.0,"q":1.0,"p":500.0,"s":[{"cn":"Улучшение Петербурга","ui":"9488923","t":6910.0,"r":6740.0,"q":1.0,"p":500.0,"mot":"U","mo":6740.0},{"cn":"","ui":"","t":0.0,"r":0.0,"q":0.0,"p":0.0,"mot":"L","mo":0.0}]},{"d":"13.05.2020","r":7410.0,"q":1.0,"p":500.0,"s":[{"cn":"Улучшение Петербурга","ui":"9488923","t":7410.0,"r":7410.0,"q":1.0,"p":500.0,"mot":"U","mo":7410.0},{"cn":"","ui":"","t":0.0,"r":0.0,"q":0.0,"p":0.0,"mot":"L","mo":0.0}]},{"d":"19.05.2020","r":674944.0,"q":1.03,"p":359.69,"s":[{"cn":"TUPABANK","ui":"9495816","t":805474.0,"r":667774.0,"q":1.0,"p":355.0,"mot":"U","mo":667774.0},{"cn":"","ui":"","t":643180.0,"r":7170.0,"q":3.71,"p":796.79,"mot":"L","mo":7170.0}]},{"d":"01.06.2020","r":12706.0,"q":1.0,"p":350.0,"s":[{"cn":"Б1117 38.03.01 4 Владивосток","ui":"9522335","t":28706.0,"r":12706.0,"q":1.0,"p":350.0,"mot":"U","mo":12706.0},{"cn":"","ui":"","t":0.0,"r":0.0,"q":0.0,"p":0.0,"mot":"L","mo":0.0}]},{"d":"29.06.2020","r":25351.0,"q":1.0,"p":276.55,"s":[{"cn":"Stoe Limited","ui":"9556723","t":27197.0,"r":25351.0,"q":1.0,"p":276.55,"mot":"U","mo":25351.0},{"cn":"","ui":"","t":0.0,"r":0.0,"q":0.0,"p":0.0,"mot":"L","mo":0.0}]},{"d":"30.06.2020","r":27543.0,"q":1.0,"p":276.55,"s":[{"cn":"Stoe Limited","ui":"9556723","t":29389.0,"r":27543.0,"q":1.0,"p":276.55,"mot":"U","mo":27543.0},{"cn":"","ui":"","t":0.0,"r":0.0,"q":0.0,"p":0.0,"mot":"L","mo":0.0}]},{"d":"02.07.2020","r":8000.0,"q":1.0,"p":64.8,"s":[{"cn":"ООО \"Ярд инвест\"","ui":"9561449","t":8000.0,"r":8000.0,"q":1.0,"p":64.8,"mot":"U","mo":8000.0},{"cn":"","ui":"","t":0.0,"r":0.0,"q":0.0,"p":0.0,"mot":"L","mo":0.0}]},{"d":"03.07.2020","r":10062.0,"q":1.0,"p":64.8,"s":[{"cn":"ООО \"Ярд инвест\"","ui":"9561449","t":16463.0,"r":10062.0,"q":1.0,"p":64.8,"mot":"U","mo":10062.0},{"cn":"","ui":"","t":0.0,"r":0.0,"q":0.0,"p":0.0,"mot":"L","mo":0.0}]},{"d":"20.07.2020","r":209100.0,"q":1.0,"p":350.0,"s":[{"cn":"BerdDawerd Incorporated","ui":"9585999","t":214300.0,"r":209100.0,"q":1.0,"p":350.0,"mot":"U","mo":209100.0},{"cn":"","ui":"","t":0.0,"r":0.0,"q":0.0,"p":0.0,"mot":"L","mo":0.0}]},{"d":"21.07.2020","r":1854709.0,"q":1.0,"p":38.5,"s":[{"cn":"stimples Incorporated","ui":"9585923","t":1894431.0,"r":1854709.0,"q":1.0,"p":38.5,"mot":"U","mo":1854709.0},{"cn":"","ui":"","t":0.0,"r":0.0,"q":0.0,"p":0.0,"mot":"L","mo":0.0}]},{"d":"24.07.2020","r":192890.0,"q":1.0,"p":65.0,"s":[{"cn":"BerdDawerd Limited","ui":"9591901","t":255015.0,"r":192890.0,"q":1.0,"p":65.0,"mot":"U","mo":192890.0},{"cn":"","ui":"","t":0.0,"r":0.0,"q":0.0,"p":0.0,"mot":"L","mo":0.0}]},{"d":"07.09.2020","r":26470.0,"q":1.0,"p":11.76,"s":[{"cn":"ETIHAD INC","ui":"9656262","t":26470.0,"r":26470.0,"q":1.0,"p":11.76,"mot":"U","mo":26470.0},{"cn":"","ui":"","t":0.0,"r":0.0,"q":0.0,"p":0.0,"mot":"L","mo":0.0}]},{"d":"08.09.2020","r":17646.0,"q":1.0,"p":11.76,"s":[{"cn":"ETIHAD INC","ui":"9656262","t":18746.0,"r":17646.0,"q":1.0,"p":11.76,"mot":"U","mo":17646.0},{"cn":"","ui":"","t":0.0,"r":0.0,"q":0.0,"p":0.0,"mot":"L","mo":0.0}]},{"d":"23.09.2020","r":10358.0,"q":1.0,"p":1500.0,"s":[{"cn":"Ercent_88 Инвест","ui":"9678804","t":12758.0,"r":10358.0,"q":1.0,"p":1500.0,"mot":"U","mo":10358.0},{"cn":"","ui":"","t":0.0,"r":0.0,"q":0.0,"p":0.0,"mot":"L","mo":0.0}]},{"d":"01.10.2020","r":15988.0,"q":1.0,"p":4900.0,"s":[{"cn":"Girls \u0026 Co","ui":"9693360","t":16000.0,"r":15988.0,"q":1.0,"p":4900.0,"mot":"U","mo":15988.0},{"cn":"","ui":"","t":0.0,"r":0.0,"q":0.0,"p":0.0,"mot":"L","mo":0.0}]},{"d":"02.10.2020","r":50000.0,"q":1.0,"p":40.0,"s":[{"cn":"Girls \u0026 Co","ui":"9693360","t":128565.0,"r":128145.0,"q":1.0,"p":40.0,"mot":"L","mo":50000.0},{"cn":"","ui":"","t":0.0,"r":0.0,"q":0.0,"p":0.0,"mot":"L","mo":0.0}]},{"d":"07.10.2020","r":8000.0,"q":1.0,"p":30.0,"s":[{"cn":"Б1117-38.03.01(1)Top Firm","ui":"9702448","t":20570.0,"r":17270.0,"q":1.0,"p":30.0,"mot":"L","mo":8000.0},{"cn":"","ui":"","t":0.0,"r":0.0,"q":0.0,"p":0.0,"mot":"L","mo":0.0}]},{"d":"30.10.2020","r":29860.0,"q":1.0,"p":9.0,"s":[{"cn":"Harley Ltd.","ui":"9742931","t":30259.0,"r":29860.0,"q":1.0,"p":9.0,"mot":"U","mo":29860.0},{"cn":"","ui":"","t":0.0,"r":0.0,"q":0.0,"p":0.0,"mot":"L","mo":0.0}]},{"d":"02.11.2020","r":13360.0,"q":1.0,"p":30.0,"s":[{"cn":"B1117-38.03.04(1)_BMB Company","ui":"9747832","t":16660.0,"r":13360.0,"q":1.0,"p":30.0,"mot":"U","mo":13360.0},{"cn":"","ui":"","t":0.0,"r":0.0,"q":0.0,"p":0.0,"mot":"L","mo":0.0}]},{"d":"05.11.2020","r":5000.0,"q":1.0,"p":6.0,"s":[{"cn":"B1117-38.03.04(1)_BMB Company","ui":"9747832","t":68000.0,"r":5000.0,"q":1.0,"p":6.0,"mot":"U","mo":5000.0},{"cn":"","ui":"","t":0.0,"r":0.0,"q":0.0,"p":0.0,"mot":"L","mo":0.0}]},{"d":"11.11.2020","r":108167.0,"q":1.0,"p":105.33,"s":[{"cn":"ГосДэп","ui":"9763679","t":31960.0,"r":31960.0,"q":1.0,"p":100.0,"mot":"U","mo":31960.0},{"cn":"Б1117-38.03.03_СИМКИ","ui":"9763247","t":67217.0,"r":66207.0,"q":1.0,"p":114.0,"mot":"U","mo":66207.0},{"cn":"Б1117-38.03.05_Business Princess","ui":"9763792","t":49256.0,"r":44806.0,"q":1.0,"p":65.0,"mot":"L","mo":10000.0},{"cn":"","ui":"","t":0.0,"r":0.0,"q":0.0,"p":0.0,"mot":"L","mo":0.0}]},{"d":"12.11.2020","r":42120.0,"q":1.0,"p":23.81,"s":[{"cn":"ГосДэп","ui":"9763679","t":33120.0,"r":32120.0,"q":1.0,"p":25.0,"mot":"U","mo":32120.0},{"cn":"Б1117-38.03.05_Business Princess","ui":"9763792","t":76041.0,"r":61311.0,"q":1.0,"p":20.0,"mot":"L","mo":10000.0},{"cn":"","ui":"","t":0.0,"r":0.0,"q":0.0,"p":0.0,"mot":"L","mo":0.0}]},{"d":"19.11.2020","r":526104.0,"q":1.0,"p":50.0,"s":[{"cn":"LeRiK777 Ltd.","ui":"9777368","t":529104.0,"r":526104.0,"q":1.0,"p":50.0,"mot":"U","mo":526104.0},{"cn":"","ui":"","t":0.0,"r":0.0,"q":0.0,"p":0.0,"mot":"L","mo":0.0}]},{"d":"08.01.2021","r":500.0,"q":1.0,"p":19.0,"s":[{"cn":"Jakey Ltd.","ui":"9854643","t":8000.0,"r":500.0,"q":1.0,"p":19.0,"mot":"U","mo":500.0},{"cn":"","ui":"","t":0.0,"r":0.0,"q":0.0,"p":0.0,"mot":"L","mo":0.0}]},{"d":"11.02.2021","r":100.0,"q":1.0,"p":15.0,"s":[{"cn":"Phoundaburger Ltd.","ui":"9907294","t":400.0,"r":100.0,"q":1.0,"p":15.0,"mot":"L","mo":100.0},{"cn":"","ui":"","t":0.0,"r":0.0,"q":0.0,"p":0.0,"mot":"L","mo":0.0}]},{"d":"19.03.2021","r":6625.0,"q":1.0,"p":100.0,"s":[{"cn":"Б1119-38.03.01вшэ(2)_Трикс","ui":"9966478","t":8450.0,"r":6625.0,"q":1.0,"p":100.0,"mot":"U","mo":6625.0},{"cn":"","ui":"","t":0.0,"r":0.0,"q":0.0,"p":0.0,"mot":"L","mo":0.0}]},{"d":"22.03.2021","r":1000.0,"q":1.0,"p":250.0,"s":[{"cn":"Б1217-38.03.01_ДашАня","ui":"9978334","t":27505.0,"r":26740.0,"q":1.0,"p":250.0,"mot":"L","mo":1000.0},{"cn":"","ui":"","t":0.0,"r":0.0,"q":0.0,"p":0.0,"mot":"L","mo":0.0}]},{"d":"23.03.2021","r":8156.0,"q":1.0,"p":200.0,"s":[{"cn":"Б1217-38.03.01_ДашАня","ui":"9978334","t":14556.0,"r":8156.0,"q":1.0,"p":200.0,"mot":"L","mo":8156.0},{"cn":"","ui":"","t":0.0,"r":0.0,"q":0.0,"p":0.0,"mot":"L","mo":0.0}]},{"d":"24.03.2021","r":981510.0,"q":1.04,"p":51.53,"s":[{"cn":"PRIMA Ltd.","ui":"9979305","t":975110.0,"r":971510.0,"q":1.04,"p":50.0,"mot":"U","mo":971510.0},{"cn":"","ui":"","t":71550.0,"r":10000.0,"q":1.0,"p":200.0,"mot":"L","mo":10000.0}]},{"d":"05.04.2021","r":73965.0,"q":1.0,"p":27.4,"s":[{"cn":"ААА","ui":"10004609","t":68399.0,"r":66849.0,"q":1.0,"p":25.0,"mot":"U","mo":66849.0},{"cn":"Б1119-38.03.01вшэ(2)_Трикс","ui":"10003159","t":15616.0,"r":7116.0,"q":1.0,"p":49.99,"mot":"U","mo":7116.0},{"cn":"","ui":"","t":0.0,"r":0.0,"q":0.0,"p":0.0,"mot":"L","mo":0.0}]},{"d":"19.04.2021","r":327077.0,"q":1.0,"p":150.54,"s":[{"cn":"Б1119-38.03.02(1)_Lapush","ui":"10029365","t":193217.0,"r":193217.0,"q":1.0,"p":167.0,"mot":"U","mo":193217.0},{"cn":"Б1119-38.03.02(1)_DSM","ui":"10028565","t":89671.0,"r":78671.0,"q":1.0,"p":140.0,"mot":"U","mo":78671.0},{"cn":"Б1119-38.03.02(1)_DSM","ui":"10028643","t":54600.0,"r":43800.0,"q":1.0,"p":110.0,"mot":"U","mo":43800.0},{"cn":"","ui":"","t":20639.0,"r":11389.0,"q":1.0,"p":100.0,"mot":"L","mo":11389.0}]},{"d":"07.05.2021","r":16920.0,"q":1.0,"p":40.0,"s":[{"cn":"Черный маркер","ui":"10057484","t":18800.0,"r":16920.0,"q":1.0,"p":40.0,"mot":"U","mo":16920.0},{"cn":"","ui":"","t":0.0,"r":0.0,"q":0.0,"p":0.0,"mot":"L","mo":0.0}]},{"d":"14.05.2021","r":326870.0,"q":1.07,"p":30.81,"s":[{"cn":"С1118-38.05.01п_АБОБА","ui":"10069843","t":44300.0,"r":35000.0,"q":1.0,"p":18.0,"mot":"U","mo":35000.0},{"cn":"Б1118-38.03.01(2)_Ri€h ₽each","ui":"10069833","t":158010.0,"r":138645.0,"q":1.16,"p":15.0,"mot":"U","mo":138645.0},{"cn":"B1118-38.03.01(1) _Liberty Group","ui":"10071781","t":61666.0,"r":50866.0,"q":1.0,"p":23.0,"mot":"U","mo":50866.0},{"cn":"Б1118-38.03.01(1)_Simpl-Dimpl","ui":"10071450","t":90009.0,"r":84359.0,"q":1.0,"p":70.0,"mot":"U","mo":84359.0},{"cn":"","ui":"","t":121547.0,"r":18000.0,"q":1.0,"p":15.89,"mot":"L","mo":18000.0}]},{"d":"08.11.2021","r":543917.0,"q":1.16,"p":20.06,"s":[{"cn":"Б1118-38.03.01(2)_Ri€h ₽each","ui":"10350679","t":668085.0,"r":302550.0,"q":1.16,"p":20.0,"mot":"U","mo":302550.0},{"cn":"Б1118-38.03.01(2)_Солнышко","ui":"10348371","t":441046.0,"r":239117.0,"q":1.16,"p":20.0,"mot":"U","mo":239117.0},{"cn":"","ui":"","t":10550.0,"r":2250.0,"q":1.0,"p":35.0,"mot":"L","mo":2250.0}]},{"d":"23.11.2021","r":8000.0,"q":1.0,"p":25.0,"s":[{"cn":"Rocksanna Ltd.","ui":"10378048","t":8000.0,"r":8000.0,"q":1.0,"p":25.0,"mot":"U","mo":8000.0},{"cn":"","ui":"","t":0.0,"r":0.0,"q":0.0,"p":0.0,"mot":"L","mo":0.0}]},{"d":"18.02.2022","r":368.0,"q":1.0,"p":2600.0,"s":[{"cn":"матвей","ui":"10511195","t":2901.0,"r":2901.0,"q":1.0,"p":2600.0,"mot":"L","mo":368.0},{"cn":"","ui":"","t":0.0,"r":0.0,"q":0.0,"p":0.0,"mot":"L","mo":0.0}]},{"d":"22.02.2022","r":44864.0,"q":1.0,"p":42.0,"s":[{"cn":"lihawa","ui":"10517495","t":45751.0,"r":44864.0,"q":1.0,"p":42.0,"mot":"U","mo":44864.0},{"cn":"","ui":"","t":0.0,"r":0.0,"q":0.0,"p":0.0,"mot":"L","mo":0.0}]},{"d":"25.02.2022","r":14933.0,"q":1.0,"p":22.0,"s":[{"cn":"Do Not Redeem Profits, Sir","ui":"10523061","t":16933.0,"r":14933.0,"q":1.0,"p":22.0,"mot":"U","mo":14933.0},{"cn":"","ui":"","t":0.0,"r":0.0,"q":0.0,"p":0.0,"mot":"L","mo":0.0}]},{"d":"02.03.2022","r":100.0,"q":1.0,"p":8.5,"s":[{"cn":"Б1119-43.03.02тур_Светящиеся_Мечи","ui":"10530634","t":15545.0,"r":15525.0,"q":1.0,"p":8.5,"mot":"L","mo":100.0},{"cn":"","ui":"","t":0.0,"r":0.0,"q":0.0,"p":0.0,"mot":"L","mo":0.0}]},{"d":"03.03.2022","r":2000.0,"q":1.0,"p":9.9,"s":[{"cn":"Б1119-43.03.02тур_Светящиеся_Мечи","ui":"10530634","t":14264.0,"r":13534.0,"q":1.0,"p":9.9,"mot":"L","mo":2000.0},{"cn":"","ui":"","t":0.0,"r":0.0,"q":0.0,"p":0.0,"mot":"L","mo":0.0}]},{"d":"21.03.2022","r":65003.0,"q":1.01,"p":12.0,"s":[{"cn":"Au1499217_14373 Ltd.","ui":"10561694","t":47085.0,"r":46975.0,"q":1.0,"p":12.0,"mot":"L","mo":46975.0},{"cn":"Б1119-38.03.02(1)_IBI","ui":"10561593","t":18463.0,"r":18028.0,"q":1.02,"p":12.0,"mot":"U","mo":18028.0},{"cn":"","ui":"","t":0.0,"r":0.0,"q":0.0,"p":0.0,"mot":"L","mo":0.0}]},{"d":"22.03.2022","r":91641.0,"q":1.0,"p":10.0,"s":[{"cn":"Au1499217_14373 Ltd.","ui":"10561694","t":192050.0,"r":190500.0,"q":1.0,"p":10.0,"mot":"L","mo":50000.0},{"cn":"Б1119-38.03.02(1)_IBI","ui":"10561593","t":43917.0,"r":41641.0,"q":1.01,"p":10.0,"mot":"U","mo":41641.0},{"cn":"","ui":"","t":0.0,"r":0.0,"q":0.0,"p":0.0,"mot":"L","mo":0.0}]},{"d":"23.03.2022","r":83085.0,"q":1.0,"p":10.4,"s":[{"cn":"Au1499217_14373 Ltd.","ui":"10561694","t":167469.0,"r":166464.0,"q":1.0,"p":10.0,"mot":"L","mo":50000.0},{"cn":"Б1119-38.03.02(1)_IBI","ui":"10561593","t":35535.0,"r":33085.0,"q":1.0,"p":11.0,"mot":"U","mo":33085.0},{"cn":"","ui":"","t":0.0,"r":0.0,"q":0.0,"p":0.0,"mot":"L","mo":0.0}]},{"d":"06.04.2022","r":1000.0,"q":1.0,"p":9.0,"s":[{"cn":"Б1119-38.03.01_Ежики3.0","ui":"10588577","t":4000.0,"r":4000.0,"q":1.0,"p":9.0,"mot":"L","mo":1000.0},{"cn":"","ui":"","t":0.0,"r":0.0,"q":0.0,"p":0.0,"mot":"L","mo":0.0}]},{"d":"07.04.2022","r":5000.0,"q":1.0,"p":8.2,"s":[{"cn":"Б1119-38.03.01_Ежики3.0","ui":"10588577","t":31320.0,"r":30970.0,"q":1.0,"p":8.2,"mot":"L","mo":5000.0},{"cn":"","ui":"","t":0.0,"r":0.0,"q":0.0,"p":0.0,"mot":"L","mo":0.0}]},{"d":"11.04.2022","r":1500.0,"q":1.0,"p":9.0,"s":[{"cn":"Б1119-38.03.01_Ежики3.0","ui":"10588577","t":5067.0,"r":3151.0,"q":1.0,"p":9.0,"mot":"L","mo":1500.0},{"cn":"","ui":"","t":0.0,"r":0.0,"q":0.0,"p":0.0,"mot":"L","mo":0.0}]},{"d":"22.04.2022","r":160.0,"q":1.0,"p":150.0,"s":[{"cn":"Б1119-38.03.01 (кит. яз. 1)_Бизнесмены","ui":"10615140","t":160.0,"r":160.0,"q":1.0,"p":150.0,"mot":"U","mo":160.0},{"cn":"","ui":"","t":0.0,"r":0.0,"q":0.0,"p":0.0,"mot":"L","mo":0.0}]},{"d":"09.05.2022","r":345.0,"q":1.0,"p":130.0,"s":[{"cn":"Б1120-38.03.02_Вафли","ui":"10647284","t":450.0,"r":345.0,"q":1.0,"p":130.0,"mot":"U","mo":345.0},{"cn":"","ui":"","t":0.0,"r":0.0,"q":0.0,"p":0.0,"mot":"L","mo":0.0}]},{"d":"17.05.2022","r":95096.0,"q":1.0,"p":200000.0,"s":[{"cn":"Alex-2 Ltd.","ui":"10661035","t":111629.0,"r":111629.0,"q":1.0,"p":200000.0,"mot":"L","mo":95096.0},{"cn":"","ui":"","t":0.0,"r":0.0,"q":0.0,"p":0.0,"mot":"L","mo":0.0}]},{"d":"18.05.2022","r":95096.0,"q":1.0,"p":200000.0,"s":[{"cn":"Alex-2 Ltd.","ui":"10661035","t":144357.0,"r":144357.0,"q":1.0,"p":200000.0,"mot":"L","mo":95096.0},{"cn":"","ui":"","t":0.0,"r":0.0,"q":0.0,"p":0.0,"mot":"L","mo":0.0}]},{"d":"19.05.2022","r":95096.0,"q":1.0,"p":200000.0,"s":[{"cn":"Alex-2 Ltd.","ui":"10661035","t":161383.0,"r":161383.0,"q":1.0,"p":200000.0,"mot":"L","mo":95096.0},{"cn":"","ui":"","t":0.0,"r":0.0,"q":0.0,"p":0.0,"mot":"L","mo":0.0}]},{"d":"27.05.2022","r":159690.0,"q":1.0,"p":81.7,"s":[{"cn":"Б1120 43.03.03гд Шапито","ui":"10675782","t":154328.0,"r":152890.0,"q":1.0,"p":80.0,"mot":"U","mo":152890.0},{"cn":"","ui":"","t":7000.0,"r":6800.0,"q":1.0,"p":120.0,"mot":"L","mo":6800.0}]},{"d":"03.06.2022","r":5000.0,"q":1.0,"p":12.0,"s":[{"cn":"C007 Ltd.","ui":"10689314","t":84400.0,"r":83900.0,"q":1.0,"p":12.0,"mot":"L","mo":5000.0},{"cn":"","ui":"","t":0.0,"r":0.0,"q":0.0,"p":0.0,"mot":"L","mo":0.0}]},{"d":"06.06.2022","r":194600.0,"q":1.0,"p":10.0,"s":[{"cn":"LunatikSad Ltd.","ui":"10693887","t":194650.0,"r":194600.0,"q":1.0,"p":10.0,"mot":"U","mo":194600.0},{"cn":"","ui":"","t":0.0,"r":0.0,"q":0.0,"p":0.0,"mot":"L","mo":0.0}]}]