[{"pi":"422200","pc":"Товары для дома","ss":100000,"td":"Центр города","dc":5,"n":252.31,"vc":"36490","sl":"Элитный","sv":"42000","p":600.0,"q":63.22,"b":2.17,"ms":9.65,"wi":43.25,"ei":8.96,"as":259.04,"mi":"E","mv":435398,"sc":1,"lpe":90.35,"lpr":640.26,"lq":1.0,"d":2463436},{"pi":"422200","pc":"Товары для дома","ss":100000,"td":"Центр города","dc":2,"n":180.87,"vc":"15832","sl":"Элитный","sv":"10000","p":500.0,"q":63.22,"b":0.0,"ms":9.57,"wi":31.91,"ei":5.1,"as":291.57,"mi":"E","mv":104464,"sc":1,"lpe":90.43,"lpr":544.8,"lq":1.0,"d":1613644},{"pi":"422200","pc":"Товары для дома","ss":100000,"td":"Центр города","dc":2,"n":513.71,"vc":"363898","sl":"Очень высокий","sv":"2000","p":700.0,"q":86.03,"b":0.0,"ms":3.84,"wi":23.48,"ei":8.4,"as":185.05,"mi":"E","mv":52069,"sc":1,"lpe":96.16,"lpr":470.3,"lq":1.0,"d":419938},{"pi":"422200","pc":"Товары для дома","ss":10000,"td":"Центр города","dc":2,"n":185.67,"vc":"4858","sl":"Элитный","sv":"4498","p":1799.0,"q":25.95,"b":0.0,"ms":0.68,"wi":66.51,"ei":8.76,"as":347.78,"mi":"E","mv":664599,"sc":1,"lpe":99.32,"lpr":609.52,"lq":1.0,"d":1784134},{"pi":"422200","pc":"Товары для дома","ss":100000,"td":"Центр города","dc":2,"n":675.35,"vc":"2159600","sl":"Низкий","sv":"3313","p":3146.0,"q":63.74,"b":0.0,"ms":8.96,"wi":88.65,"ei":9.17,"as":926.04,"mi":"E","mv":36986,"sc":1,"lpe":91.04,"lpr":631.05,"lq":1.0,"d":802320},{"pi":"422200","pc":"Товары для дома","ss":1600,"td":"Центр города","dc":7,"n":156.86,"vc":"2898","sl":"Низкий","sv":"1700","p":4000.0,"q":5.0,"b":0.0,"ms":5.23,"wi":112.2,"ei":10.46,"as":1478.26,"mi":"E","mv":32521,"sc":1,"lpe":94.77,"lpr":4036.35,"lq":1.0,"d":1132390},{"pi":"422200","pc":"Товары для дома","ss":100000,"td":"Центр города","dc":5,"n":282.69,"vc":"40637","sl":"Элитный","sv":"40000","p":500.0,"q":63.22,"b":2.17,"ms":19.22,"wi":36.6,"ei":8.31,"as":211.85,"mi":"E","mv":208149,"sc":1,"lpe":80.78,"lpr":549.05,"lq":2.47,"d":1453950},{"pi":"422200","pc":"Товары для дома","ss":300000,"td":"Центр города","dc":7,"n":368.57,"vc":"375303","sl":"Очень высокий","sv":"220000","p":500.0,"q":63.22,"b":2.17,"ms":13.28,"wi":50.66,"ei":10.64,"as":327.0,"mi":"E","mv":1657075,"sc":1,"lpe":86.72,"lpr":685.46,"lq":2.74,"d":7537390},{"pi":"422200","pc":"Товары для дома","ss":100000,"td":"Центр города","dc":3,"n":258.06,"vc":"37215","sl":"Элитный","sv":"5000","p":400.0,"q":63.22,"b":2.17,"ms":1.13,"wi":39.13,"ei":9.11,"as":204.86,"mi":"E","mv":443560,"sc":1,"lpe":98.87,"lpr":535.94,"lq":1.0,"d":2224560},{"pi":"422200","pc":"Товары для дома","ss":100000,"td":"Центр города","dc":1,"n":675.35,"vc":"2016886","sl":"Нормальный","sv":"2039","p":2737.0,"q":63.74,"b":0.0,"ms":10.37,"wi":61.68,"ei":8.89,"as":806.78,"mi":"E","mv":19657,"sc":2,"lpe":82.0,"lpr":616.54,"lq":2.45,"d":659952},{"pi":"422200","pc":"Товары для дома","ss":1500,"td":"Центр города","dc":6,"n":371.1,"vc":"5733","sl":"Очень низкий","sv":"1499","p":830.0,"q":6.16,"b":0.0,"ms":7.63,"wi":61.68,"ei":8.89,"as":806.78,"mi":"E","mv":19657,"sc":2,"lpe":82.0,"lpr":616.54,"lq":2.45,"d":659952},{"pi":"422200","pc":"Товары для дома","ss":100000,"td":"Центр города","dc":1,"n":617.65,"vc":"632818","sl":"Высокий","sv":"175","p":9000.0,"q":61.89,"b":4.99,"ms":2.75,"wi":52.67,"ei":9.57,"as":1379.15,"mi":"E","mv":6369,"sc":1,"lpe":97.25,"lpr":1290.06,"lq":1.0,"d":373884},{"pi":"422200","pc":"Товары для дома","ss":100000,"td":"Центр города","dc":1,"n":645.77,"vc":"1104315","sl":"Высокий","sv":"4161","p":4707.0,"q":63.74,"b":0.0,"ms":14.29,"wi":119.42,"ei":10.05,"as":1379.85,"mi":"E","mv":29117,"sc":1,"lpe":85.71,"lpr":959.93,"lq":3.75,"d":847456},{"pi":"422200","pc":"Товары для дома","ss":10000,"td":"Центр города","dc":2,"n":311.12,"vc":"5535","sl":"Элитный","sv":"4000","p":649.0,"q":25.95,"b":0.0,"ms":5.11,"wi":24.79,"ei":5.22,"as":302.26,"mi":"E","mv":78329,"sc":1,"lpe":94.89,"lpr":232.25,"lq":1.0,"d":182800},{"pi":"422200","pc":"Товары для дома","ss":10000,"td":"Центр города","dc":2,"n":289.61,"vc":"5364","sl":"Элитный","sv":"6000","p":599.0,"q":25.95,"b":0.0,"ms":10.37,"wi":43.59,"ei":7.31,"as":476.27,"mi":"E","mv":57839,"sc":1,"lpe":89.63,"lpr":546.25,"lq":2.25,"d":263256},{"pi":"422200","pc":"Товары для дома","ss":100000,"td":"Центр города","dc":2,"n":345.96,"vc":"52059","sl":"Элитный","sv":"20000","p":500.0,"q":63.22,"b":0.0,"ms":14.57,"wi":60.54,"ei":6.77,"as":450.24,"mi":"E","mv":137311,"sc":2,"lpe":82.22,"lpr":188.22,"lq":1.02,"d":518786},{"pi":"422200","pc":"Товары для дома","ss":10000,"td":"Центр города","dc":2,"n":250.37,"vc":"5088","sl":"Элитный","sv":"4413","p":699.0,"q":27.66,"b":0.0,"ms":3.21,"wi":60.54,"ei":6.77,"as":450.24,"mi":"E","mv":137311,"sc":2,"lpe":82.22,"lpr":188.22,"lq":1.02,"d":518786},{"pi":"422200","pc":"Товары для дома","ss":300000,"td":"Спальный район","dc":2,"n":670.04,"vc":"5989874","sl":"Низкий","sv":"87845","p":2551.0,"q":64.23,"b":0.0,"ms":10.44,"wi":89.7,"ei":7.81,"as":615.72,"mi":"E","mv":841589,"sc":1,"lpe":89.56,"lpr":907.1,"lq":3.67,"d":11929900},{"pi":"422200","pc":"Товары для дома","ss":100000,"td":"Центр города","dc":1,"n":344.64,"vc":"51773","sl":"Элитный","sv":"15000","p":600.0,"q":63.22,"b":0.0,"ms":9.09,"wi":48.51,"ei":15.71,"as":380.15,"mi":"E","mv":165028,"sc":2,"lpe":89.07,"lpr":352.87,"lq":1.8,"d":545196},{"pi":"422200","pc":"Товары для дома","ss":10000,"td":"Центр города","dc":2,"n":249.21,"vc":"5081","sl":"Элитный","sv":"3031","p":1399.0,"q":26.04,"b":0.0,"ms":1.84,"wi":48.51,"ei":15.71,"as":380.15,"mi":"E","mv":165028,"sc":2,"lpe":89.07,"lpr":352.87,"lq":1.8,"d":545196},{"pi":"422200","pc":"Товары для дома","ss":100000,"td":"Центр города","dc":2,"n":310.18,"vc":"45056","sl":"Элитный","sv":"30000","p":500.0,"q":63.22,"b":0.0,"ms":12.35,"wi":56.24,"ei":7.07,"as":380.48,"mi":"E","mv":242887,"sc":2,"lpe":85.57,"lpr":406.92,"lq":1.86,"d":917721},{"pi":"422200","pc":"Товары для дома","ss":20000,"td":"Центр города","dc":2,"n":219.22,"vc":"7291","sl":"Элитный","sv":"5042","p":1599.0,"q":27.97,"b":0.0,"ms":2.08,"wi":56.24,"ei":7.07,"as":380.48,"mi":"E","mv":242887,"sc":2,"lpe":85.57,"lpr":406.92,"lq":1.86,"d":917721},{"pi":"422200","pc":"Товары для дома","ss":100000,"td":"Центр города","dc":1,"n":351.37,"vc":"53246","sl":"Элитный","sv":"10000","p":800.0,"q":63.22,"b":0.0,"ms":9.78,"wi":53.32,"ei":6.45,"as":372.85,"mi":"E","mv":102285,"sc":1,"lpe":90.22,"lpr":646.06,"lq":1.0,"d":476878},{"pi":"422200","pc":"Товары для дома","ss":10000,"td":"Центр города","dc":1,"n":445.51,"vc":"26809","sl":"Элитный","sv":"370","p":1560.0,"q":20.36,"b":0.0,"ms":0.69,"wi":17.71,"ei":7.81,"as":93.95,"mi":"E","mv":53982,"sc":1,"lpe":99.31,"lpr":434.14,"lq":1.0,"d":969146},{"pi":"422200","pc":"Товары для дома","ss":100000,"td":"Центр города","dc":3,"n":288.21,"vc":"49137","sl":"Элитный","sv":"15000","p":3700.0,"q":63.22,"b":0.0,"ms":16.15,"wi":154.18,"ei":9.34,"as":2208.0,"mi":"E","mv":92891,"sc":1,"lpe":83.85,"lpr":4086.26,"lq":16.28,"d":2149998},{"pi":"422200","pc":"Товары для дома","ss":140000,"td":"Фешенебельный район","dc":2,"n":505.99,"vc":"217478","sl":"Элитный","sv":"50000","p":500.0,"q":86.03,"b":0.0,"ms":2.33,"wi":48.27,"ei":9.23,"as":380.0,"mi":"E","mv":2145127,"sc":1,"lpe":97.67,"lpr":732.03,"lq":1.0,"d":11000140},{"pi":"422200","pc":"Товары для дома","ss":100000,"td":"Центр города","dc":5,"n":241.82,"vc":"35151","sl":"Элитный","sv":"100000","p":500.0,"q":63.22,"b":3.01,"ms":16.87,"wi":60.31,"ei":7.67,"as":446.7,"mi":"E","mv":592634,"sc":1,"lpe":83.13,"lpr":782.67,"lq":3.22,"d":2952988},{"pi":"422200","pc":"Товары для дома","ss":100000,"td":"Центр города","dc":3,"n":286.76,"vc":"41200","sl":"Элитный","sv":"30000","p":900.0,"q":63.22,"b":0.0,"ms":20.1,"wi":109.66,"ei":9.0,"as":663.67,"mi":"E","mv":149241,"sc":1,"lpe":79.9,"lpr":1162.48,"lq":4.59,"d":1352330},{"pi":"422200","pc":"Товары для дома","ss":100000,"td":"Центр города","dc":1,"n":543.29,"vc":"424517","sl":"Элитный","sv":"757","p":22500.0,"q":67.91,"b":0.0,"ms":3.56,"wi":131.02,"ei":10.25,"as":2441.4,"mi":"E","mv":21255,"sc":1,"lpe":96.44,"lpr":3955.9,"lq":1.0,"d":921618},{"pi":"422200","pc":"Товары для дома","ss":10000,"td":"Центр города","dc":2,"n":610.72,"vc":"75733","sl":"Низкий","sv":"9000","p":753.4,"q":63.74,"b":0.0,"ms":14.45,"wi":59.67,"ei":7.81,"as":544.37,"mi":"E","mv":62294,"sc":1,"lpe":85.55,"lpr":542.95,"lq":1.89,"d":573980},{"pi":"422200","pc":"Товары для дома","ss":1700,"td":"Центр города","dc":5,"n":58.2,"vc":"2086","sl":"Нормальный","sv":"380","p":700.0,"q":1.0,"b":0.0,"ms":0.04,"wi":57.37,"ei":10.06,"as":176.05,"mi":"E","mv":905991,"sc":1,"lpe":99.96,"lpr":715.04,"lq":1.0,"d":4433298},{"pi":"422200","pc":"Товары для дома","ss":1500,"td":"Центр города","dc":6,"n":111.35,"vc":"2596","sl":"Низкий","sv":"271","p":840.0,"q":1.0,"b":0.0,"ms":0.03,"wi":65.33,"ei":8.99,"as":361.0,"mi":"E","mv":978427,"sc":1,"lpe":99.97,"lpr":857.76,"lq":1.0,"d":5583100},{"pi":"422200","pc":"Товары для дома","ss":100000,"td":"Фешенебельный район","dc":2,"n":547.02,"vc":"91301","sl":"Элитный","sv":"18000","p":568.8,"q":63.74,"b":0.0,"ms":14.75,"wi":29.53,"ei":6.49,"as":242.55,"mi":"E","mv":122060,"sc":1,"lpe":85.25,"lpr":411.34,"lq":1.39,"d":2329386},{"pi":"422200","pc":"Товары для дома","ss":100000,"td":"Фешенебельный район","dc":1,"n":484.81,"vc":"45586","sl":"Элитный","sv":"20000","p":100.0,"q":63.74,"b":0.0,"ms":9.12,"wi":16.05,"ei":6.07,"as":205.81,"mi":"E","mv":219417,"sc":1,"lpe":90.88,"lpr":83.76,"lq":1.0,"d":1768394},{"pi":"422200","pc":"Товары для дома","ss":100000,"td":"Центр города","dc":1,"n":640.88,"vc":"1637417","sl":"Нормальный","sv":"30720","p":3619.0,"q":63.74,"b":0.0,"ms":14.6,"wi":171.48,"ei":10.04,"as":2283.46,"mi":"E","mv":210426,"sc":3,"lpe":83.59,"lpr":946.29,"lq":3.5,"d":2986744},{"pi":"422200","pc":"Товары для дома","ss":300000,"td":"Фешенебельный район","dc":9,"n":497.37,"vc":"140384","sl":"Элитный","sv":"3774","p":2523.64,"q":59.94,"b":0.0,"ms":1.79,"wi":171.48,"ei":10.04,"as":2283.46,"mi":"E","mv":210426,"sc":3,"lpe":83.59,"lpr":946.29,"lq":3.5,"d":2986744},{"pi":"422200","pc":"Товары для дома","ss":1500,"td":"Центр города","dc":6,"n":80.53,"vc":"1738","sl":"Нормальный","sv":"34","p":1300.0,"q":4.36,"b":0.0,"ms":0.02,"wi":171.48,"ei":10.04,"as":2283.46,"mi":"E","mv":210426,"sc":3,"lpe":83.59,"lpr":946.29,"lq":3.5,"d":2986744},{"pi":"422200","pc":"Товары для дома","ss":100000,"td":"Центр города","dc":1,"n":645.77,"vc":"1515862","sl":"Нормальный","sv":"6254","p":9127.0,"q":68.07,"b":0.0,"ms":6.4,"wi":125.88,"ei":10.29,"as":1744.48,"mi":"E","mv":97684,"sc":3,"lpe":92.39,"lpr":1867.37,"lq":1.0,"d":2094907},{"pi":"422200","pc":"Товары для дома","ss":300000,"td":"Фешенебельный район","dc":10,"n":536.81,"vc":"181132","sl":"Очень высокий","sv":"749","p":7879.99,"q":58.69,"b":0.0,"ms":0.77,"wi":125.88,"ei":10.29,"as":1744.48,"mi":"E","mv":97684,"sc":3,"lpe":92.39,"lpr":1867.37,"lq":1.0,"d":2094907},{"pi":"422200","pc":"Товары для дома","ss":1600,"td":"Центр города","dc":6,"n":50.19,"vc":"1318","sl":"Высокий","sv":"432","p":2050.0,"q":5.0,"b":0.0,"ms":0.44,"wi":125.88,"ei":10.29,"as":1744.48,"mi":"E","mv":97684,"sc":3,"lpe":92.39,"lpr":1867.37,"lq":1.0,"d":2094907},{"pi":"422200","pc":"Товары для дома","ss":100000,"td":"Центр города","dc":1,"n":654.47,"vc":"2361764","sl":"Низкий","sv":"12048","p":4540.0,"q":63.74,"b":0.0,"ms":14.22,"wi":172.43,"ei":9.83,"as":2165.58,"mi":"E","mv":84703,"sc":2,"lpe":85.65,"lpr":1163.45,"lq":4.54,"d":1838430},{"pi":"422200","pc":"Товары для дома","ss":1500,"td":"Центр города","dc":6,"n":101.59,"vc":"1662","sl":"Нормальный","sv":"107","p":569.02,"q":1.0,"b":0.0,"ms":0.13,"wi":172.43,"ei":9.83,"as":2165.58,"mi":"E","mv":84703,"sc":2,"lpe":85.65,"lpr":1163.45,"lq":4.54,"d":1838430},{"pi":"422200","pc":"Товары для дома","ss":100000,"td":"Центр города","dc":1,"n":677.69,"vc":"2837415","sl":"Низкий","sv":"8828","p":5206.0,"q":63.74,"b":0.0,"ms":11.98,"wi":179.63,"ei":10.34,"as":2350.25,"mi":"E","mv":73717,"sc":1,"lpe":88.02,"lpr":1193.22,"lq":4.68,"d":1641016},{"pi":"422200","pc":"Товары для дома","ss":1500,"td":"Центр города","dc":6,"n":186.32,"vc":"2390","sl":"Низкий","sv":"225","p":725.0,"q":1.0,"b":0.0,"ms":0.24,"wi":38.12,"ei":9.89,"as":297.83,"mi":"E","mv":92054,"sc":1,"lpe":99.76,"lpr":727.15,"lq":1.0,"d":1236300},{"pi":"422200","pc":"Товары для дома","ss":100000,"td":"Центр города","dc":1,"n":471.94,"vc":"198677","sl":"Элитный","sv":"1700","p":1460.0,"q":20.36,"b":0.0,"ms":1.12,"wi":59.42,"ei":8.65,"as":472.08,"mi":"E","mv":152360,"sc":1,"lpe":98.88,"lpr":827.11,"lq":1.0,"d":747777},{"pi":"422200","pc":"Товары для дома","ss":10000,"td":"Фешенебельный район","dc":1,"n":649.67,"vc":"15190","sl":"Элитный","sv":"7000","p":900.0,"q":86.03,"b":0.0,"ms":2.66,"wi":74.7,"ei":8.57,"as":440.17,"mi":"E","mv":262707,"sc":1,"lpe":97.34,"lpr":780.83,"lq":1.0,"d":577936},{"pi":"422200","pc":"Товары для дома","ss":10000,"td":"Фешенебельный район","dc":1,"n":621.63,"vc":"14883","sl":"Элитный","sv":"4000","p":1800.0,"q":86.03,"b":0.0,"ms":0.95,"wi":81.87,"ei":13.22,"as":341.21,"mi":"E","mv":422560,"sc":2,"lpe":99.02,"lpr":598.1,"lq":1.0,"d":986148},{"pi":"422200","pc":"Товары для дома","ss":1000,"td":"Центр города","dc":1,"n":108.06,"vc":"764","sl":"Элитный","sv":"140","p":1020.0,"q":20.36,"b":0.0,"ms":0.03,"wi":81.87,"ei":13.22,"as":341.21,"mi":"E","mv":422560,"sc":2,"lpe":99.02,"lpr":598.1,"lq":1.0,"d":986148},{"pi":"422200","pc":"Товары для дома","ss":100000,"td":"Центр города","dc":3,"n":268.81,"vc":"39908","sl":"Элитный","sv":"50000","p":400.0,"q":63.22,"b":0.0,"ms":6.17,"wi":87.03,"ei":9.63,"as":463.94,"mi":"E","mv":810871,"sc":1,"lpe":93.83,"lpr":592.73,"lq":1.0,"d":2021694},{"pi":"422200","pc":"Товары для дома","ss":100000,"td":"Центр города","dc":1,"n":434.64,"vc":"167050","sl":"Элитный","sv":"4100","p":1390.0,"q":20.36,"b":0.0,"ms":1.22,"wi":62.59,"ei":7.65,"as":519.76,"mi":"E","mv":336512,"sc":1,"lpe":98.78,"lpr":910.57,"lq":1.0,"d":1269608},{"pi":"422200","pc":"Товары для дома","ss":1000,"td":"Спальный район","dc":1,"n":666.01,"vc":"11359","sl":"Низкий","sv":"9881","p":985.5,"q":63.74,"b":0.0,"ms":11.99,"wi":54.47,"ei":12.32,"as":330.1,"mi":"E","mv":82405,"sc":1,"lpe":88.01,"lpr":542.7,"lq":2.02,"d":627060},{"pi":"422200","pc":"Товары для дома","ss":10000,"td":"Центр города","dc":1,"n":262.34,"vc":"4462","sl":"Элитный","sv":"500","p":591.69,"q":63.74,"b":0.0,"ms":8.03,"wi":10.46,"ei":2.52,"as":116.6,"mi":"E","mv":6225,"sc":1,"lpe":91.97,"lpr":471.47,"lq":1.0,"d":276852},{"pi":"422200","pc":"Товары для дома","ss":10000,"td":"Центр города","dc":2,"n":332.3,"vc":"5766","sl":"Элитный","sv":"5000","p":299.0,"q":25.95,"b":0.0,"ms":20.49,"wi":34.18,"ei":9.16,"as":412.47,"mi":"E","mv":24398,"sc":1,"lpe":79.51,"lpr":684.89,"lq":2.58,"d":131326},{"pi":"422200","pc":"Товары для дома","ss":100000,"td":"Центр города","dc":2,"n":646.64,"vc":"1053691","sl":"Низкий","sv":"8000","p":3538.0,"q":63.74,"b":0.0,"ms":14.5,"wi":166.17,"ei":10.12,"as":2341.42,"mi":"E","mv":55173,"sc":1,"lpe":85.5,"lpr":895.61,"lq":3.49,"d":723722},{"pi":"422200","pc":"Товары для дома","ss":100000,"td":"Спальный район","dc":1,"n":461.45,"vc":"150268","sl":"Элитный","sv":"8040","p":500.0,"q":66.11,"b":0.0,"ms":7.15,"wi":14.65,"ei":6.54,"as":79.26,"mi":"E","mv":112378,"sc":1,"lpe":92.85,"lpr":115.59,"lq":1.0,"d":1021814},{"pi":"422200","pc":"Товары для дома","ss":100000,"td":"Центр города","dc":1,"n":428.98,"vc":"250130","sl":"Элитный","sv":"85000","p":1500.0,"q":72.45,"b":3.27,"ms":9.77,"wi":51.27,"ei":6.64,"as":370.86,"mi":"E","mv":869694,"sc":2,"lpe":89.52,"lpr":777.33,"lq":1.0,"d":4700000},{"pi":"422200","pc":"Товары для дома","ss":300000,"td":"Фешенебельный район","dc":9,"n":477.82,"vc":"136343","sl":"Элитный","sv":"6111","p":1616.78,"q":58.5,"b":0.0,"ms":0.7,"wi":51.27,"ei":6.64,"as":370.86,"mi":"E","mv":869694,"sc":2,"lpe":89.52,"lpr":777.33,"lq":1.0,"d":4700000},{"pi":"422200","pc":"Товары для дома","ss":100000,"td":"Центр города","dc":4,"n":230.59,"vc":"33966","sl":"Элитный","sv":"40000","p":1800.0,"q":63.22,"b":3.43,"ms":16.12,"wi":187.03,"ei":10.4,"as":1951.81,"mi":"E","mv":248149,"sc":3,"lpe":74.37,"lpr":1090.92,"lq":4.35,"d":3644912},{"pi":"422200","pc":"Товары для дома","ss":100000,"td":"Фешенебельный район","dc":1,"n":677.69,"vc":"375159","sl":"Элитный","sv":"23593","p":4214.0,"q":63.74,"b":0.0,"ms":9.51,"wi":187.03,"ei":10.4,"as":1951.81,"mi":"E","mv":248149,"sc":3,"lpe":74.37,"lpr":1090.92,"lq":4.35,"d":3644912},{"pi":"422200","pc":"Товары для дома","ss":100000,"td":"Центр города","dc":2,"n":350.69,"vc":"161688","sl":"Элитный","sv":"1","p":1408.42,"q":20.38,"b":0.0,"ms":0.0,"wi":187.03,"ei":10.4,"as":1951.81,"mi":"E","mv":248149,"sc":3,"lpe":74.37,"lpr":1090.92,"lq":4.35,"d":3644912},{"pi":"422200","pc":"Товары для дома","ss":10000,"td":"Центр города","dc":1,"n":346.11,"vc":"10900","sl":"Элитный","sv":"690","p":2490.0,"q":20.36,"b":0.0,"ms":0.37,"wi":63.23,"ei":7.28,"as":458.84,"mi":"E","mv":186651,"sc":1,"lpe":99.63,"lpr":803.92,"lq":1.0,"d":605030},{"pi":"422200","pc":"Товары для дома","ss":1000,"td":"Спальный район","dc":1,"n":672.96,"vc":"5692","sl":"Нормальный","sv":"1500","p":1288.0,"q":63.74,"b":0.0,"ms":12.56,"wi":86.09,"ei":9.78,"as":1413.77,"mi":"E","mv":11943,"sc":1,"lpe":87.44,"lpr":541.29,"lq":2.02,"d":77832},{"pi":"422200","pc":"Товары для дома","ss":110000,"td":"Центр города","dc":1,"n":178.45,"vc":"28382","sl":"Очень высокий","sv":"130","p":2927.94,"q":67.42,"b":0.0,"ms":0.03,"wi":67.81,"ei":5.0,"as":684.87,"mi":"E","mv":477721,"sc":1,"lpe":99.97,"lpr":1205.8,"lq":1.0,"d":7837160},{"pi":"422200","pc":"Товары для дома","ss":100000,"td":"Центр города","dc":1,"n":645.77,"vc":"1733593","sl":"Нормальный","sv":"33768","p":1232.0,"q":63.74,"b":0.0,"ms":7.03,"wi":62.33,"ei":7.52,"as":436.57,"mi":"E","mv":480558,"sc":1,"lpe":92.97,"lpr":555.41,"lq":1.0,"d":3073976},{"pi":"422200","pc":"Товары для дома","ss":100000,"td":"Центр города","dc":1,"n":439.62,"vc":"275948","sl":"Очень высокий","sv":"102500","p":475.0,"q":68.47,"b":0.0926829268292683,"ms":8.28,"wi":24.25,"ei":10.6,"as":108.15,"mi":"E","mv":1238130,"sc":1,"lpe":91.72,"lpr":263.21,"lq":1.0,"d":4645810},{"pi":"422200","pc":"Товары для дома","ss":100000,"td":"Фешенебельный район","dc":1,"n":487.17,"vc":"121446","sl":"Элитный","sv":"100000","p":1100.0,"q":86.03,"b":0.0,"ms":5.22,"wi":77.84,"ei":9.4,"as":711.83,"mi":"E","mv":1916139,"sc":1,"lpe":94.78,"lpr":1027.61,"lq":1.0,"d":8555500},{"pi":"422200","pc":"Товары для дома","ss":100000,"td":"Центр города","dc":1,"n":645.77,"vc":"1390563","sl":"Нормальный","sv":"13629","p":2522.0,"q":63.79,"b":0.0,"ms":7.47,"wi":81.08,"ei":10.28,"as":520.63,"mi":"E","mv":182431,"sc":1,"lpe":92.53,"lpr":723.71,"lq":1.0,"d":1637234},{"pi":"422200","pc":"Товары для дома","ss":100000,"td":"Центр города","dc":2,"n":645.77,"vc":"1257406","sl":"Низкий","sv":"4262","p":5477.0,"q":63.74,"b":0.0,"ms":12.05,"wi":116.79,"ei":9.79,"as":1808.05,"mi":"E","mv":35380,"sc":1,"lpe":87.95,"lpr":1145.08,"lq":4.45,"d":1228032},{"pi":"422200","pc":"Товары для дома","ss":300000,"td":"Центр города","dc":2,"n":645.77,"vc":"3209848","sl":"Нормальный","sv":"8210","p":4419.0,"q":63.74,"b":0.0,"ms":12.89,"wi":124.59,"ei":9.54,"as":1713.73,"mi":"E","mv":63716,"sc":1,"lpe":87.11,"lpr":888.93,"lq":3.4,"d":1717617},{"pi":"422200","pc":"Товары для дома","ss":100000,"td":"Центр города","dc":3,"n":216.4,"vc":"32540","sl":"Элитный","sv":"30000","p":3200.0,"q":63.22,"b":2.07,"ms":9.13,"wi":174.28,"ei":10.49,"as":2111.62,"mi":"E","mv":328548,"sc":1,"lpe":90.87,"lpr":3007.02,"lq":1.0,"d":4762572},{"pi":"422200","pc":"Товары для дома","ss":100000,"td":"Центр города","dc":3,"n":250.62,"vc":"36214","sl":"Элитный","sv":"60000","p":1000.0,"q":63.22,"b":0.0,"ms":10.85,"wi":116.8,"ei":9.19,"as":733.47,"mi":"E","mv":552749,"sc":1,"lpe":89.15,"lpr":1284.72,"lq":5.05,"d":2524834},{"pi":"422200","pc":"Товары для дома","ss":10000,"td":"Центр города","dc":1,"n":313.29,"vc":"10262","sl":"Элитный","sv":"33000","p":700.0,"q":63.22,"b":0.0,"ms":10.08,"wi":114.87,"ei":8.33,"as":568.25,"mi":"E","mv":327320,"sc":1,"lpe":89.92,"lpr":995.5,"lq":3.86,"d":1018846},{"pi":"422200","pc":"Товары для дома","ss":100000,"td":"Центр города","dc":1,"n":634.24,"vc":"1369198","sl":"Нормальный","sv":"22188","p":712.4,"q":63.74,"b":0.0,"ms":7.99,"wi":27.24,"ei":5.58,"as":116.89,"mi":"E","mv":277798,"sc":1,"lpe":92.01,"lpr":393.01,"lq":1.0,"d":2150272},{"pi":"422200","pc":"Товары для дома","ss":100000,"td":"Центр города","dc":1,"n":418.95,"vc":"503574","sl":"Очень высокий","sv":"316049","p":550.0,"q":83.83,"b":0.0,"ms":30.0,"wi":35.98,"ei":8.28,"as":251.65,"mi":"E","mv":1053497,"sc":3,"lpe":66.33,"lpr":479.23,"lq":1.92,"d":14352508},{"pi":"422200","pc":"Товары для дома","ss":100000,"td":"Центр города","dc":2,"n":544.68,"vc":"1124657","sl":"Низкий","sv":"37266","p":1155.0,"q":65.2,"b":0.0,"ms":3.54,"wi":35.98,"ei":8.28,"as":251.65,"mi":"E","mv":1053497,"sc":3,"lpe":66.33,"lpr":479.23,"lq":1.92,"d":14352508},{"pi":"422200","pc":"Товары для дома","ss":100000,"td":"Центр города","dc":1,"n":87.17,"vc":"13819","sl":"Элитный","sv":"1400","p":824.0,"q":20.36,"b":0.0,"ms":0.13,"wi":35.98,"ei":8.28,"as":251.65,"mi":"E","mv":1053497,"sc":3,"lpe":66.33,"lpr":479.23,"lq":1.92,"d":14352508},{"pi":"422200","pc":"Товары для дома","ss":100000,"td":"Фешенебельный район","dc":2,"n":680.12,"vc":"201009","sl":"Элитный","sv":"5000","p":300.0,"q":86.03,"b":0.0,"ms":6.11,"wi":53.32,"ei":5.83,"as":456.83,"mi":"E","mv":81827,"sc":1,"lpe":93.89,"lpr":370.9,"lq":1.0,"d":180000},{"pi":"422200","pc":"Товары для дома","ss":100000,"td":"Центр города","dc":1,"n":664.34,"vc":"2123352","sl":"Низкий","sv":"6254","p":4467.0,"q":63.74,"b":0.0,"ms":18.85,"wi":151.97,"ei":10.65,"as":2047.83,"mi":"E","mv":33183,"sc":2,"lpe":80.87,"lpr":1060.77,"lq":3.99,"d":1034298},{"pi":"422200","pc":"Товары для дома","ss":1500,"td":"Центр города","dc":6,"n":125.92,"vc":"1569","sl":"Нормальный","sv":"93","p":600.0,"q":1.0,"b":0.0,"ms":0.28,"wi":151.97,"ei":10.65,"as":2047.83,"mi":"E","mv":33183,"sc":2,"lpe":80.87,"lpr":1060.77,"lq":3.99,"d":1034298},{"pi":"422200","pc":"Товары для дома","ss":100000,"td":"Спальный район","dc":1,"n":675.35,"vc":"1725646","sl":"Нормальный","sv":"1734","p":5784.0,"q":63.74,"b":0.0,"ms":12.19,"wi":121.0,"ei":10.2,"as":2182.56,"mi":"E","mv":14222,"sc":1,"lpe":87.81,"lpr":1304.68,"lq":5.12,"d":961541},{"pi":"422200","pc":"Товары для дома","ss":100000,"td":"Центр города","dc":1,"n":675.35,"vc":"2530858","sl":"Низкий","sv":"10000","p":5952.0,"q":63.74,"b":0.0,"ms":14.37,"wi":245.02,"ei":10.09,"as":2433.57,"mi":"E","mv":69576,"sc":2,"lpe":85.62,"lpr":1400.47,"lq":5.58,"d":1262376},{"pi":"422200","pc":"Товары для дома","ss":1600,"td":"Центр города","dc":6,"n":146.4,"vc":"1962","sl":"Нормальный","sv":"3","p":2000.0,"q":5.0,"b":0.0,"ms":0.0,"wi":245.02,"ei":10.09,"as":2433.57,"mi":"E","mv":69576,"sc":2,"lpe":85.62,"lpr":1400.47,"lq":5.58,"d":1262376},{"pi":"422200","pc":"Товары для дома","ss":100000,"td":"Центр города","dc":2,"n":670.67,"vc":"1739372","sl":"Низкий","sv":"16046","p":347.3,"q":63.74,"b":0.0,"ms":14.53,"wi":16.93,"ei":3.9,"as":101.05,"mi":"E","mv":110462,"sc":1,"lpe":85.47,"lpr":230.21,"lq":1.03,"d":1565731},{"pi":"422200","pc":"Товары для дома","ss":100000,"td":"Центр города","dc":3,"n":214.63,"vc":"32405","sl":"Элитный","sv":"100000","p":500.0,"q":63.22,"b":0.0,"ms":7.07,"wi":39.97,"ei":9.19,"as":127.29,"mi":"E","mv":1414892,"sc":1,"lpe":92.93,"lpr":340.34,"lq":1.0,"d":4940408},{"pi":"422200","pc":"Товары для дома","ss":100000,"td":"Центр города","dc":2,"n":673.01,"vc":"2338398","sl":"Низкий","sv":"41393","p":659.3,"q":63.74,"b":0.0,"ms":7.83,"wi":29.93,"ei":6.58,"as":133.91,"mi":"E","mv":528321,"sc":2,"lpe":92.1,"lpr":416.01,"lq":1.0,"d":3420282},{"pi":"422200","pc":"Товары для дома","ss":10000,"td":"Центр города","dc":1,"n":90.35,"vc":"3015","sl":"Элитный","sv":"360","p":535.0,"q":20.36,"b":0.0,"ms":0.07,"wi":29.93,"ei":6.58,"as":133.91,"mi":"E","mv":528321,"sc":2,"lpe":92.1,"lpr":416.01,"lq":1.0,"d":3420282}]