[{"pi":"422201","pc":"Товары для дома","ss":100000,"td":"Центр города","dc":5,"n":252.31,"vc":"36490","sl":"Элитный","sv":"45000","p":600.0,"q":69.18,"b":2.17,"ms":9.86,"wi":43.25,"ei":8.96,"as":259.04,"mi":"E","mv":456464,"sc":1,"lpe":90.14,"lpr":478.08,"lq":1.0,"d":2463436},{"pi":"422201","pc":"Товары для дома","ss":100000,"td":"Центр города","dc":2,"n":180.87,"vc":"15832","sl":"Элитный","sv":"10000","p":500.0,"q":69.18,"b":0.0,"ms":10.45,"wi":31.91,"ei":5.1,"as":291.57,"mi":"E","mv":95694,"sc":1,"lpe":89.55,"lpr":446.01,"lq":1.03,"d":1613644},{"pi":"422201","pc":"Товары для дома","ss":100000,"td":"Центр города","dc":5,"n":282.69,"vc":"40637","sl":"Элитный","sv":"40000","p":500.0,"q":69.18,"b":2.17,"ms":14.24,"wi":36.6,"ei":8.31,"as":211.85,"mi":"E","mv":280816,"sc":1,"lpe":85.76,"lpr":393.19,"lq":1.21,"d":1453950},{"pi":"422201","pc":"Товары для дома","ss":300000,"td":"Центр города","dc":7,"n":368.57,"vc":"375303","sl":"Очень высокий","sv":"230000","p":400.0,"q":69.18,"b":2.17,"ms":15.12,"wi":50.66,"ei":10.64,"as":327.0,"mi":"E","mv":1521295,"sc":1,"lpe":84.88,"lpr":606.84,"lq":2.08,"d":7537390},{"pi":"422201","pc":"Товары для дома","ss":100000,"td":"Центр города","dc":3,"n":258.06,"vc":"37215","sl":"Элитный","sv":"5000","p":420.0,"q":69.18,"b":2.17,"ms":1.15,"wi":39.13,"ei":9.11,"as":204.86,"mi":"E","mv":433680,"sc":1,"lpe":98.85,"lpr":389.07,"lq":1.0,"d":2224560},{"pi":"422201","pc":"Товары для дома","ss":100000,"td":"Центр города","dc":1,"n":617.65,"vc":"632818","sl":"Высокий","sv":"223","p":10000.0,"q":70.06,"b":0.0,"ms":3.6,"wi":52.67,"ei":9.57,"as":1379.15,"mi":"E","mv":6203,"sc":1,"lpe":96.4,"lpr":1546.11,"lq":1.0,"d":373884},{"pi":"422201","pc":"Товары для дома","ss":10000,"td":"Центр города","dc":2,"n":311.12,"vc":"5535","sl":"Элитный","sv":"10000","p":199.0,"q":28.93,"b":0.0,"ms":27.45,"wi":24.79,"ei":5.22,"as":302.26,"mi":"E","mv":36426,"sc":1,"lpe":72.55,"lpr":456.06,"lq":1.43,"d":182800},{"pi":"422201","pc":"Товары для дома","ss":10000,"td":"Центр города","dc":2,"n":289.61,"vc":"5364","sl":"Элитный","sv":"7246","p":799.0,"q":29.84,"b":0.0,"ms":7.26,"wi":43.59,"ei":7.31,"as":476.27,"mi":"E","mv":99765,"sc":1,"lpe":92.74,"lpr":221.55,"lq":1.0,"d":263256},{"pi":"422201","pc":"Товары для дома","ss":100000,"td":"Центр города","dc":2,"n":345.96,"vc":"52059","sl":"Элитный","sv":"9151","p":1100.0,"q":68.51,"b":0.0,"ms":7.17,"wi":60.54,"ei":6.77,"as":450.24,"mi":"E","mv":127666,"sc":1,"lpe":92.83,"lpr":245.55,"lq":1.0,"d":518786},{"pi":"422201","pc":"Товары для дома","ss":10000,"td":"Центр города","dc":2,"n":249.21,"vc":"5081","sl":"Элитный","sv":"6262","p":1699.0,"q":29.83,"b":0.0,"ms":4.83,"wi":48.51,"ei":15.71,"as":380.15,"mi":"E","mv":129524,"sc":1,"lpe":95.17,"lpr":456.37,"lq":1.0,"d":545196},{"pi":"422201","pc":"Товары для дома","ss":100000,"td":"Центр города","dc":2,"n":310.18,"vc":"45056","sl":"Элитный","sv":"30000","p":500.0,"q":69.18,"b":0.0,"ms":11.98,"wi":56.24,"ei":7.07,"as":380.48,"mi":"E","mv":250434,"sc":2,"lpe":87.05,"lpr":378.86,"lq":1.36,"d":917721},{"pi":"422201","pc":"Товары для дома","ss":20000,"td":"Центр города","dc":2,"n":219.22,"vc":"7291","sl":"Элитный","sv":"2423","p":1599.0,"q":30.11,"b":0.0,"ms":0.97,"wi":56.24,"ei":7.07,"as":380.48,"mi":"E","mv":250434,"sc":2,"lpe":87.05,"lpr":378.86,"lq":1.36,"d":917721},{"pi":"422201","pc":"Товары для дома","ss":100000,"td":"Центр города","dc":1,"n":351.37,"vc":"53246","sl":"Элитный","sv":"12000","p":500.0,"q":69.18,"b":0.0,"ms":9.76,"wi":53.32,"ei":6.45,"as":372.85,"mi":"E","mv":123001,"sc":1,"lpe":90.24,"lpr":538.46,"lq":1.0,"d":476878},{"pi":"422201","pc":"Товары для дома","ss":10000,"td":"Центр города","dc":1,"n":445.51,"vc":"26809","sl":"Элитный","sv":"370","p":1680.0,"q":21.11,"b":0.0,"ms":0.68,"wi":17.71,"ei":7.81,"as":93.95,"mi":"E","mv":54415,"sc":1,"lpe":99.32,"lpr":394.87,"lq":1.0,"d":969146},{"pi":"422201","pc":"Товары для дома","ss":100000,"td":"Центр города","dc":3,"n":288.21,"vc":"49137","sl":"Элитный","sv":"10000","p":1000.0,"q":69.18,"b":0.0,"ms":12.01,"wi":154.18,"ei":9.34,"as":2208.0,"mi":"E","mv":83283,"sc":1,"lpe":87.99,"lpr":1827.36,"lq":5.64,"d":2149998},{"pi":"422201","pc":"Товары для дома","ss":100000,"td":"Центр города","dc":5,"n":241.82,"vc":"35151","sl":"Элитный","sv":"100000","p":700.0,"q":69.18,"b":2.83,"ms":17.15,"wi":60.31,"ei":7.67,"as":446.7,"mi":"E","mv":583059,"sc":1,"lpe":82.85,"lpr":767.35,"lq":2.57,"d":2952988},{"pi":"422201","pc":"Товары для дома","ss":100000,"td":"Центр города","dc":3,"n":286.76,"vc":"41200","sl":"Элитный","sv":"30000","p":1400.0,"q":69.18,"b":0.0,"ms":20.56,"wi":109.66,"ei":9.0,"as":663.67,"mi":"E","mv":145892,"sc":1,"lpe":79.44,"lpr":1219.85,"lq":3.93,"d":1352330},{"pi":"422201","pc":"Товары для дома","ss":100000,"td":"Центр города","dc":1,"n":543.29,"vc":"424517","sl":"Элитный","sv":"956","p":20000.0,"q":71.47,"b":0.0,"ms":4.48,"wi":131.02,"ei":10.25,"as":2441.4,"mi":"E","mv":21363,"sc":1,"lpe":95.52,"lpr":3562.71,"lq":1.0,"d":921618},{"pi":"422201","pc":"Товары для дома","ss":300000,"td":"Фешенебельный район","dc":9,"n":497.37,"vc":"140384","sl":"Элитный","sv":"651","p":10641.42,"q":58.85,"b":0.0,"ms":0.37,"wi":171.48,"ei":10.04,"as":2283.46,"mi":"E","mv":176783,"sc":2,"lpe":99.36,"lpr":2834.7,"lq":1.0,"d":2986744},{"pi":"422201","pc":"Товары для дома","ss":1500,"td":"Центр города","dc":6,"n":80.53,"vc":"1738","sl":"Нормальный","sv":"485","p":2360.0,"q":5.0,"b":0.0,"ms":0.27,"wi":171.48,"ei":10.04,"as":2283.46,"mi":"E","mv":176783,"sc":2,"lpe":99.36,"lpr":2834.7,"lq":1.0,"d":2986744},{"pi":"422201","pc":"Товары для дома","ss":300000,"td":"Фешенебельный район","dc":10,"n":536.81,"vc":"181132","sl":"Очень высокий","sv":"95","p":11257.13,"q":58.84,"b":0.0,"ms":0.1,"wi":125.88,"ei":10.29,"as":1744.48,"mi":"E","mv":96381,"sc":1,"lpe":99.9,"lpr":2246.49,"lq":1.0,"d":2094907},{"pi":"422201","pc":"Товары для дома","ss":100000,"td":"Центр города","dc":1,"n":471.94,"vc":"198677","sl":"Элитный","sv":"1700","p":1470.0,"q":21.11,"b":0.0,"ms":0.99,"wi":59.42,"ei":8.65,"as":472.08,"mi":"E","mv":172009,"sc":1,"lpe":99.01,"lpr":877.11,"lq":1.0,"d":747777},{"pi":"422201","pc":"Товары для дома","ss":1000,"td":"Центр города","dc":1,"n":108.06,"vc":"764","sl":"Элитный","sv":"140","p":1220.0,"q":21.11,"b":0.0,"ms":0.03,"wi":81.87,"ei":13.22,"as":341.21,"mi":"E","mv":422560,"sc":1,"lpe":99.97,"lpr":633.22,"lq":1.0,"d":986148},{"pi":"422201","pc":"Товары для дома","ss":100000,"td":"Центр города","dc":3,"n":268.81,"vc":"39908","sl":"Элитный","sv":"100000","p":400.0,"q":69.18,"b":0.0,"ms":11.55,"wi":87.03,"ei":9.63,"as":463.94,"mi":"E","mv":865931,"sc":1,"lpe":88.45,"lpr":280.55,"lq":1.1,"d":2021694},{"pi":"422201","pc":"Товары для дома","ss":100000,"td":"Центр города","dc":1,"n":434.64,"vc":"167050","sl":"Элитный","sv":"4400","p":1530.0,"q":21.11,"b":0.0,"ms":1.18,"wi":62.59,"ei":7.65,"as":519.76,"mi":"E","mv":373986,"sc":1,"lpe":98.82,"lpr":964.43,"lq":1.0,"d":1269608},{"pi":"422201","pc":"Товары для дома","ss":10000,"td":"Центр города","dc":2,"n":332.3,"vc":"5766","sl":"Элитный","sv":"5000","p":399.0,"q":28.93,"b":0.0,"ms":21.33,"wi":34.18,"ei":9.16,"as":412.47,"mi":"E","mv":23444,"sc":1,"lpe":78.67,"lpr":539.1,"lq":1.66,"d":131326},{"pi":"422201","pc":"Товары для дома","ss":100000,"td":"Центр города","dc":1,"n":428.98,"vc":"250130","sl":"Элитный","sv":"72696","p":1300.0,"q":70.85,"b":0.0,"ms":9.44,"wi":51.27,"ei":6.64,"as":370.86,"mi":"E","mv":770371,"sc":2,"lpe":90.56,"lpr":290.96,"lq":1.0,"d":4700000},{"pi":"422201","pc":"Товары для дома","ss":300000,"td":"Фешенебельный район","dc":9,"n":477.82,"vc":"136343","sl":"Элитный","sv":"33","p":1646.4,"q":59.23,"b":0.0,"ms":0.0,"wi":51.27,"ei":6.64,"as":370.86,"mi":"E","mv":770371,"sc":2,"lpe":90.56,"lpr":290.96,"lq":1.0,"d":4700000},{"pi":"422201","pc":"Товары для дома","ss":100000,"td":"Центр города","dc":4,"n":230.59,"vc":"33966","sl":"Элитный","sv":"40000","p":3000.0,"q":69.18,"b":4.34,"ms":15.39,"wi":187.03,"ei":10.4,"as":1951.81,"mi":"E","mv":259916,"sc":1,"lpe":84.61,"lpr":3599.52,"lq":11.43,"d":3644912},{"pi":"422201","pc":"Товары для дома","ss":10000,"td":"Центр города","dc":1,"n":346.11,"vc":"10900","sl":"Элитный","sv":"690","p":3800.0,"q":21.11,"b":0.0,"ms":0.36,"wi":63.23,"ei":7.28,"as":458.84,"mi":"E","mv":190309,"sc":1,"lpe":99.64,"lpr":858.35,"lq":1.0,"d":605030},{"pi":"422201","pc":"Товары для дома","ss":100000,"td":"Фешенебельный район","dc":1,"n":487.17,"vc":"121446","sl":"Элитный","sv":"1500","p":2000.0,"q":21.17,"b":0.0,"ms":0.11,"wi":77.84,"ei":9.4,"as":711.83,"mi":"E","mv":1366971,"sc":1,"lpe":99.89,"lpr":1362.52,"lq":1.0,"d":8555500},{"pi":"422201","pc":"Товары для дома","ss":100000,"td":"Центр города","dc":3,"n":216.4,"vc":"32540","sl":"Элитный","sv":"40000","p":1000.0,"q":69.18,"b":0.0,"ms":12.16,"wi":174.28,"ei":10.49,"as":2111.62,"mi":"E","mv":329034,"sc":1,"lpe":87.84,"lpr":3918.59,"lq":12.42,"d":4762572},{"pi":"422201","pc":"Товары для дома","ss":100000,"td":"Центр города","dc":3,"n":250.62,"vc":"36214","sl":"Элитный","sv":"80000","p":1000.0,"q":69.18,"b":0.0,"ms":14.03,"wi":116.8,"ei":9.19,"as":733.47,"mi":"E","mv":570021,"sc":1,"lpe":85.97,"lpr":1277.71,"lq":4.0,"d":2524834},{"pi":"422201","pc":"Товары для дома","ss":10000,"td":"Центр города","dc":1,"n":313.29,"vc":"10262","sl":"Элитный","sv":"40000","p":700.0,"q":69.18,"b":0.0,"ms":11.06,"wi":114.87,"ei":8.33,"as":568.25,"mi":"E","mv":361538,"sc":1,"lpe":88.94,"lpr":945.31,"lq":3.05,"d":1018846},{"pi":"422201","pc":"Товары для дома","ss":100000,"td":"Центр города","dc":1,"n":418.95,"vc":"503574","sl":"Очень высокий","sv":"310285","p":1000.0,"q":90.04,"b":0.0,"ms":30.0,"wi":35.98,"ei":8.28,"as":251.65,"mi":"E","mv":1034284,"sc":2,"lpe":69.86,"lpr":561.71,"lq":1.9,"d":14352508},{"pi":"422201","pc":"Товары для дома","ss":100000,"td":"Центр города","dc":1,"n":87.17,"vc":"13819","sl":"Элитный","sv":"1400","p":732.0,"q":21.11,"b":0.0,"ms":0.14,"wi":35.98,"ei":8.28,"as":251.65,"mi":"E","mv":1034284,"sc":2,"lpe":69.86,"lpr":561.71,"lq":1.9,"d":14352508},{"pi":"422201","pc":"Товары для дома","ss":100000,"td":"Центр города","dc":3,"n":214.63,"vc":"32405","sl":"Элитный","sv":"100000","p":500.0,"q":69.18,"b":0.0,"ms":7.49,"wi":39.97,"ei":9.19,"as":127.29,"mi":"E","mv":1335480,"sc":1,"lpe":92.51,"lpr":236.57,"lq":1.0,"d":4940408},{"pi":"422201","pc":"Товары для дома","ss":10000,"td":"Центр города","dc":1,"n":90.35,"vc":"3015","sl":"Элитный","sv":"360","p":570.0,"q":21.11,"b":0.0,"ms":0.07,"wi":29.93,"ei":6.58,"as":133.91,"mi":"E","mv":548486,"sc":1,"lpe":99.93,"lpr":290.42,"lq":1.0,"d":3420282}]