[{"d":"13.11.2020","r":242.0,"q":1.16,"p":7500.0,"s":[{"cn":"B1117-38.03.05_Al`batros","ui":"9766239","t":723.0,"r":623.0,"q":1.16,"p":7500.0,"mot":"L","mo":242.0},{"cn":"","ui":"","t":0.0,"r":0.0,"q":0.0,"p":0.0,"mot":"L","mo":0.0}]},{"d":"08.01.2021","r":1.7880668E7,"q":13.82,"p":3830.16,"s":[{"cn":"Siel Money","ui":"4609030","t":1856081.0,"r":1846441.0,"q":13.65,"p":2000.0,"mot":"U","mo":1846441.0},{"cn":"BORYSPIL UA","ui":"7356426","t":3491595.0,"r":3491595.0,"q":9.24,"p":2604.64,"mot":"U","mo":3491595.0},{"cn":"Siel Money","ui":"7812472","t":3370053.0,"r":3369253.0,"q":13.81,"p":2400.0,"mot":"U","mo":3369253.0},{"cn":"B E S T","ui":"9573484","t":962948.0,"r":962938.0,"q":35.68,"p":12500.0,"mot":"U","mo":962938.0},{"cn":"","ui":"","t":1.0901495E7,"r":8210441.0,"q":13.25,"p":4332.99,"mot":"L","mo":8210441.0}]},{"d":"06.12.2021","r":70509.0,"q":1.0,"p":6498.0,"s":[{"cn":"Б1217-38.03.01_Паша, Оля и Сережа","ui":"10402357","t":76719.0,"r":70509.0,"q":1.0,"p":6498.0,"mot":"U","mo":70509.0},{"cn":"","ui":"","t":0.0,"r":0.0,"q":0.0,"p":0.0,"mot":"L","mo":0.0}]},{"d":"02.05.2022","r":1500.0,"q":1.0,"p":400.0,"s":[{"cn":"Usolya1111 Ltd.","ui":"10632101","t":1940.0,"r":1940.0,"q":1.0,"p":400.0,"mot":"L","mo":1500.0},{"cn":"","ui":"","t":0.0,"r":0.0,"q":0.0,"p":0.0,"mot":"L","mo":0.0}]},{"d":"04.05.2022","r":303.0,"q":1.0,"p":6000.0,"s":[{"cn":"Garik-Bezos Smarter Now Ltd.","ui":"10637279","t":303.0,"r":303.0,"q":1.0,"p":6000.0,"mot":"U","mo":303.0},{"cn":"","ui":"","t":0.0,"r":0.0,"q":0.0,"p":0.0,"mot":"L","mo":0.0}]},{"d":"05.05.2022","r":1810.0,"q":1.0,"p":5000.0,"s":[{"cn":"Feia-Lux ULTD","ui":"10635425","t":1953.0,"r":1810.0,"q":1.0,"p":5000.0,"mot":"U","mo":1810.0},{"cn":"","ui":"","t":0.0,"r":0.0,"q":0.0,"p":0.0,"mot":"L","mo":0.0}]},{"d":"09.05.2022","r":46.0,"q":1.0,"p":4000.0,"s":[{"cn":"Б1120-38.03.02_Вафли","ui":"10647292","t":52.0,"r":46.0,"q":1.0,"p":4000.0,"mot":"U","mo":46.0},{"cn":"","ui":"","t":0.0,"r":0.0,"q":0.0,"p":0.0,"mot":"L","mo":0.0}]},{"d":"27.05.2022","r":4954.0,"q":1.16,"p":3200.0,"s":[{"cn":"Б1120.43.03.02тур1_Round-Around","ui":"10677517","t":4954.0,"r":4954.0,"q":1.16,"p":3200.0,"mot":"U","mo":4954.0},{"cn":"","ui":"","t":0.0,"r":0.0,"q":0.0,"p":0.0,"mot":"L","mo":0.0}]}]