[{"d":"22.04.2022","r":5000.0,"q":2.16,"p":250.0,"s":[{"cn":"SGAY Инвест 4","ui":"8982353","t":56671.0,"r":56671.0,"q":2.16,"p":250.0,"mot":"L","mo":5000.0},{"cn":"","ui":"","t":0.0,"r":0.0,"q":0.0,"p":0.0,"mot":"L","mo":0.0}]},{"d":"25.04.2022","r":5000.0,"q":2.08,"p":250.0,"s":[{"cn":"SGAY Инвест 4","ui":"8982353","t":65010.0,"r":60010.0,"q":2.08,"p":250.0,"mot":"L","mo":5000.0},{"cn":"","ui":"","t":0.0,"r":0.0,"q":0.0,"p":0.0,"mot":"L","mo":0.0}]},{"d":"26.04.2022","r":5000.0,"q":2.07,"p":250.0,"s":[{"cn":"SGAY Инвест 4","ui":"8982353","t":69460.0,"r":64460.0,"q":2.07,"p":250.0,"mot":"L","mo":5000.0},{"cn":"","ui":"","t":0.0,"r":0.0,"q":0.0,"p":0.0,"mot":"L","mo":0.0}]},{"d":"27.04.2022","r":5000.0,"q":2.07,"p":250.0,"s":[{"cn":"SGAY Инвест 4","ui":"8982353","t":73904.0,"r":68904.0,"q":2.07,"p":250.0,"mot":"L","mo":5000.0},{"cn":"","ui":"","t":0.0,"r":0.0,"q":0.0,"p":0.0,"mot":"L","mo":0.0}]},{"d":"28.04.2022","r":5000.0,"q":2.07,"p":250.0,"s":[{"cn":"SGAY Инвест 4","ui":"8982353","t":78348.0,"r":73348.0,"q":2.07,"p":250.0,"mot":"L","mo":5000.0},{"cn":"","ui":"","t":0.0,"r":0.0,"q":0.0,"p":0.0,"mot":"L","mo":0.0}]},{"d":"29.04.2022","r":5000.0,"q":2.08,"p":250.0,"s":[{"cn":"SGAY Инвест 4","ui":"8982353","t":82792.0,"r":77792.0,"q":2.08,"p":250.0,"mot":"L","mo":5000.0},{"cn":"","ui":"","t":0.0,"r":0.0,"q":0.0,"p":0.0,"mot":"L","mo":0.0}]},{"d":"02.05.2022","r":6525.0,"q":1.96,"p":285.06,"s":[{"cn":"SGAY Инвест 4","ui":"8982353","t":96109.0,"r":91109.0,"q":2.11,"p":250.0,"mot":"L","mo":5000.0},{"cn":"Карелия","ui":"8979095","t":1525.0,"r":1525.0,"q":1.48,"p":400.0,"mot":"U","mo":1525.0},{"cn":"","ui":"","t":0.0,"r":0.0,"q":0.0,"p":0.0,"mot":"L","mo":0.0}]},{"d":"03.05.2022","r":7050.0,"q":2.0,"p":293.62,"s":[{"cn":"Карелия","ui":"8979095","t":2050.0,"r":2050.0,"q":1.71,"p":400.0,"mot":"U","mo":2050.0},{"cn":"SGAY Инвест 4","ui":"8982353","t":100543.0,"r":95543.0,"q":2.12,"p":250.0,"mot":"L","mo":5000.0},{"cn":"","ui":"","t":0.0,"r":0.0,"q":0.0,"p":0.0,"mot":"L","mo":0.0}]},{"d":"04.05.2022","r":7575.0,"q":2.03,"p":300.99,"s":[{"cn":"Карелия","ui":"8979095","t":2575.0,"r":2575.0,"q":1.85,"p":400.0,"mot":"U","mo":2575.0},{"cn":"SGAY Инвест 4","ui":"8982353","t":104977.0,"r":99977.0,"q":2.13,"p":250.0,"mot":"L","mo":5000.0},{"cn":"","ui":"","t":0.0,"r":0.0,"q":0.0,"p":0.0,"mot":"L","mo":0.0}]},{"d":"05.05.2022","r":8100.0,"q":2.06,"p":307.41,"s":[{"cn":"Карелия","ui":"8979095","t":3100.0,"r":3100.0,"q":1.94,"p":400.0,"mot":"U","mo":3100.0},{"cn":"SGAY Инвест 4","ui":"8982353","t":109411.0,"r":104411.0,"q":2.14,"p":250.0,"mot":"L","mo":5000.0},{"cn":"","ui":"","t":0.0,"r":0.0,"q":0.0,"p":0.0,"mot":"L","mo":0.0}]},{"d":"06.05.2022","r":8625.0,"q":2.09,"p":313.04,"s":[{"cn":"Карелия","ui":"8979095","t":3625.0,"r":3625.0,"q":2.01,"p":400.0,"mot":"U","mo":3625.0},{"cn":"SGAY Инвест 4","ui":"8982353","t":113840.0,"r":108840.0,"q":2.14,"p":250.0,"mot":"L","mo":5000.0},{"cn":"","ui":"","t":0.0,"r":0.0,"q":0.0,"p":0.0,"mot":"L","mo":0.0}]},{"d":"09.05.2022","r":10200.0,"q":2.2,"p":326.47,"s":[{"cn":"Карелия","ui":"8979095","t":5200.0,"r":5200.0,"q":2.13,"p":400.0,"mot":"U","mo":5200.0},{"cn":"SGAY Инвест 4","ui":"8982353","t":127350.0,"r":122350.0,"q":2.27,"p":250.0,"mot":"L","mo":5000.0},{"cn":"","ui":"","t":0.0,"r":0.0,"q":0.0,"p":0.0,"mot":"L","mo":0.0}]},{"d":"10.05.2022","r":10725.0,"q":2.24,"p":330.07,"s":[{"cn":"Карелия","ui":"8979095","t":5725.0,"r":5725.0,"q":2.15,"p":400.0,"mot":"U","mo":5725.0},{"cn":"SGAY Инвест 4","ui":"8982353","t":131800.0,"r":126800.0,"q":2.35,"p":250.0,"mot":"L","mo":5000.0},{"cn":"","ui":"","t":0.0,"r":0.0,"q":0.0,"p":0.0,"mot":"L","mo":0.0}]},{"d":"11.05.2022","r":11276.0,"q":2.32,"p":335.7,"s":[{"cn":"Карелия","ui":"8979095","t":6276.0,"r":6276.0,"q":2.24,"p":400.0,"mot":"U","mo":6276.0},{"cn":"SGAY Инвест 4","ui":"8982353","t":136250.0,"r":131250.0,"q":2.42,"p":255.0,"mot":"L","mo":5000.0},{"cn":"","ui":"","t":0.0,"r":0.0,"q":0.0,"p":0.0,"mot":"L","mo":0.0}]},{"d":"12.05.2022","r":11827.0,"q":2.38,"p":338.7,"s":[{"cn":"SGAY Инвест 4","ui":"8982353","t":140700.0,"r":135700.0,"q":2.48,"p":255.0,"mot":"L","mo":5000.0},{"cn":"Карелия","ui":"8979095","t":6827.0,"r":6827.0,"q":2.31,"p":400.0,"mot":"U","mo":6827.0},{"cn":"","ui":"","t":0.0,"r":0.0,"q":0.0,"p":0.0,"mot":"L","mo":0.0}]},{"d":"13.05.2022","r":12378.0,"q":2.44,"p":341.43,"s":[{"cn":"SGAY Инвест 4","ui":"8982353","t":145150.0,"r":140150.0,"q":2.54,"p":255.0,"mot":"L","mo":5000.0},{"cn":"Карелия","ui":"8979095","t":7378.0,"r":7378.0,"q":2.37,"p":400.0,"mot":"U","mo":7378.0},{"cn":"","ui":"","t":0.0,"r":0.0,"q":0.0,"p":0.0,"mot":"L","mo":0.0}]},{"d":"16.05.2022","r":14031.0,"q":2.62,"p":348.33,"s":[{"cn":"SGAY Инвест 4","ui":"8982353","t":161194.0,"r":155794.0,"q":2.83,"p":255.0,"mot":"L","mo":5000.0},{"cn":"Карелия","ui":"8979095","t":9031.0,"r":9031.0,"q":2.51,"p":400.0,"mot":"U","mo":9031.0},{"cn":"","ui":"","t":0.0,"r":0.0,"q":0.0,"p":0.0,"mot":"L","mo":0.0}]},{"d":"17.05.2022","r":9582.0,"q":2.54,"p":400.0,"s":[{"cn":"Карелия","ui":"8979095","t":9582.0,"r":9582.0,"q":2.54,"p":400.0,"mot":"U","mo":9582.0},{"cn":"","ui":"","t":0.0,"r":0.0,"q":0.0,"p":0.0,"mot":"L","mo":0.0}]},{"d":"18.05.2022","r":10133.0,"q":2.57,"p":400.0,"s":[{"cn":"Карелия","ui":"8979095","t":10133.0,"r":10133.0,"q":2.57,"p":400.0,"mot":"U","mo":10133.0},{"cn":"","ui":"","t":0.0,"r":0.0,"q":0.0,"p":0.0,"mot":"L","mo":0.0}]},{"d":"19.05.2022","r":10684.0,"q":2.6,"p":400.0,"s":[{"cn":"Карелия","ui":"8979095","t":10684.0,"r":10684.0,"q":2.6,"p":400.0,"mot":"U","mo":10684.0},{"cn":"","ui":"","t":0.0,"r":0.0,"q":0.0,"p":0.0,"mot":"L","mo":0.0}]},{"d":"20.05.2022","r":11262.0,"q":2.66,"p":400.0,"s":[{"cn":"Карелия","ui":"8979095","t":11262.0,"r":11262.0,"q":2.66,"p":400.0,"mot":"U","mo":11262.0},{"cn":"","ui":"","t":0.0,"r":0.0,"q":0.0,"p":0.0,"mot":"L","mo":0.0}]},{"d":"23.05.2022","r":12996.0,"q":2.81,"p":400.0,"s":[{"cn":"Карелия","ui":"8979095","t":12996.0,"r":12996.0,"q":2.81,"p":400.0,"mot":"U","mo":12996.0},{"cn":"","ui":"","t":0.0,"r":0.0,"q":0.0,"p":0.0,"mot":"L","mo":0.0}]},{"d":"25.05.2022","r":50230.0,"q":1.81,"p":5000.0,"s":[{"cn":"NEONIKA","ui":"8980086","t":50230.0,"r":50230.0,"q":1.81,"p":5000.0,"mot":"U","mo":50230.0},{"cn":"","ui":"","t":0.0,"r":0.0,"q":0.0,"p":0.0,"mot":"L","mo":0.0}]},{"d":"26.05.2022","r":62746.0,"q":1.81,"p":5000.0,"s":[{"cn":"NEONIKA","ui":"8980086","t":62746.0,"r":62746.0,"q":1.81,"p":5000.0,"mot":"U","mo":62746.0},{"cn":"","ui":"","t":0.0,"r":0.0,"q":0.0,"p":0.0,"mot":"L","mo":0.0}]},{"d":"27.05.2022","r":75241.0,"q":1.81,"p":5000.0,"s":[{"cn":"NEONIKA","ui":"8980086","t":75241.0,"r":75241.0,"q":1.81,"p":5000.0,"mot":"U","mo":75241.0},{"cn":"","ui":"","t":0.0,"r":0.0,"q":0.0,"p":0.0,"mot":"L","mo":0.0}]},{"d":"30.05.2022","r":112625.0,"q":1.81,"p":5000.0,"s":[{"cn":"NEONIKA","ui":"8980086","t":112625.0,"r":112625.0,"q":1.81,"p":5000.0,"mot":"U","mo":112625.0},{"cn":"","ui":"","t":0.0,"r":0.0,"q":0.0,"p":0.0,"mot":"L","mo":0.0}]},{"d":"31.05.2022","r":125039.0,"q":1.81,"p":5000.0,"s":[{"cn":"NEONIKA","ui":"8980086","t":125039.0,"r":125039.0,"q":1.81,"p":5000.0,"mot":"U","mo":125039.0},{"cn":"","ui":"","t":0.0,"r":0.0,"q":0.0,"p":0.0,"mot":"L","mo":0.0}]},{"d":"01.06.2022","r":137428.0,"q":1.81,"p":5000.0,"s":[{"cn":"NEONIKA","ui":"8980086","t":137428.0,"r":137428.0,"q":1.81,"p":5000.0,"mot":"U","mo":137428.0},{"cn":"","ui":"","t":0.0,"r":0.0,"q":0.0,"p":0.0,"mot":"L","mo":0.0}]},{"d":"02.06.2022","r":145784.0,"q":1.81,"p":5000.0,"s":[{"cn":"NEONIKA","ui":"8980086","t":147784.0,"r":145784.0,"q":1.81,"p":5000.0,"mot":"U","mo":145784.0},{"cn":"","ui":"","t":0.0,"r":0.0,"q":0.0,"p":0.0,"mot":"L","mo":0.0}]},{"d":"03.06.2022","r":156721.0,"q":1.82,"p":4982.18,"s":[{"cn":"NEONIKA","ui":"8980086","t":158114.0,"r":156114.0,"q":1.81,"p":5000.0,"mot":"U","mo":156114.0},{"cn":"","ui":"","t":607.0,"r":607.0,"q":5.18,"p":400.0,"mot":"L","mo":607.0}]},{"d":"06.06.2022","r":197387.0,"q":2.17,"p":350.62,"s":[{"cn":"NEONIKA","ui":"8980086","t":196459.0,"r":194959.0,"q":2.13,"p":350.0,"mot":"U","mo":194959.0},{"cn":"","ui":"","t":2428.0,"r":2428.0,"q":5.18,"p":400.0,"mot":"L","mo":2428.0}]},{"d":"07.06.2022","r":210733.0,"q":2.25,"p":350.0,"s":[{"cn":"NEONIKA","ui":"8980086","t":209198.0,"r":207698.0,"q":2.21,"p":350.0,"mot":"U","mo":207698.0},{"cn":"","ui":"","t":3035.0,"r":3035.0,"q":5.18,"p":350.0,"mot":"L","mo":3035.0}]},{"d":"08.06.2022","r":224061.0,"q":2.33,"p":350.0,"s":[{"cn":"NEONIKA","ui":"8980086","t":221919.0,"r":220419.0,"q":2.28,"p":350.0,"mot":"U","mo":220419.0},{"cn":"","ui":"","t":3642.0,"r":3642.0,"q":5.18,"p":350.0,"mot":"L","mo":3642.0}]},{"d":"09.06.2022","r":236749.0,"q":2.39,"p":350.0,"s":[{"cn":"NEONIKA","ui":"8980086","t":234000.0,"r":232500.0,"q":2.34,"p":350.0,"mot":"U","mo":232500.0},{"cn":"","ui":"","t":4249.0,"r":4249.0,"q":5.18,"p":350.0,"mot":"L","mo":4249.0}]},{"d":"10.06.2022","r":248856.0,"q":2.44,"p":350.0,"s":[{"cn":"NEONIKA","ui":"8980086","t":245500.0,"r":244000.0,"q":2.39,"p":350.0,"mot":"U","mo":244000.0},{"cn":"","ui":"","t":4856.0,"r":4856.0,"q":5.18,"p":350.0,"mot":"L","mo":4856.0}]},{"d":"13.06.2022","r":285177.0,"q":2.57,"p":350.0,"s":[{"cn":"NEONIKA","ui":"8980086","t":280000.0,"r":278500.0,"q":2.51,"p":350.0,"mot":"U","mo":278500.0},{"cn":"","ui":"","t":6677.0,"r":6677.0,"q":5.19,"p":350.0,"mot":"L","mo":6677.0}]},{"d":"14.06.2022","r":297284.0,"q":2.61,"p":350.0,"s":[{"cn":"NEONIKA","ui":"8980086","t":291500.0,"r":290000.0,"q":2.55,"p":350.0,"mot":"U","mo":290000.0},{"cn":"","ui":"","t":7284.0,"r":7284.0,"q":5.19,"p":350.0,"mot":"L","mo":7284.0}]},{"d":"16.06.2022","r":321498.0,"q":2.68,"p":350.0,"s":[{"cn":"NEONIKA","ui":"8980086","t":314500.0,"r":313000.0,"q":2.61,"p":350.0,"mot":"U","mo":313000.0},{"cn":"","ui":"","t":8498.0,"r":8498.0,"q":5.18,"p":350.0,"mot":"L","mo":8498.0}]},{"d":"17.06.2022","r":333605.0,"q":2.7,"p":350.0,"s":[{"cn":"NEONIKA","ui":"8980086","t":326000.0,"r":324500.0,"q":2.63,"p":350.0,"mot":"U","mo":324500.0},{"cn":"","ui":"","t":9105.0,"r":9105.0,"q":5.18,"p":350.0,"mot":"L","mo":9105.0}]},{"d":"20.06.2022","r":368526.0,"q":2.76,"p":350.0,"s":[{"cn":"NEONIKA","ui":"8980086","t":360500.0,"r":359000.0,"q":2.7,"p":350.0,"mot":"U","mo":359000.0},{"cn":"","ui":"","t":10226.0,"r":9526.0,"q":5.17,"p":350.0,"mot":"L","mo":9526.0}]},{"d":"21.06.2022","r":379933.0,"q":2.77,"p":350.0,"s":[{"cn":"NEONIKA","ui":"8980086","t":372000.0,"r":370500.0,"q":2.71,"p":350.0,"mot":"U","mo":370500.0},{"cn":"","ui":"","t":10133.0,"r":9433.0,"q":5.17,"p":350.0,"mot":"L","mo":9433.0}]},{"d":"22.06.2022","r":391340.0,"q":2.79,"p":350.0,"s":[{"cn":"NEONIKA","ui":"8980086","t":383500.0,"r":382000.0,"q":2.73,"p":350.0,"mot":"U","mo":382000.0},{"cn":"","ui":"","t":10040.0,"r":9340.0,"q":5.17,"p":350.0,"mot":"L","mo":9340.0}]},{"d":"23.06.2022","r":402397.0,"q":2.8,"p":350.0,"s":[{"cn":"NEONIKA","ui":"8980086","t":395000.0,"r":393500.0,"q":2.75,"p":350.0,"mot":"U","mo":393500.0},{"cn":"","ui":"","t":9772.0,"r":8897.0,"q":5.17,"p":350.0,"mot":"L","mo":8897.0}]},{"d":"24.06.2022","r":413629.0,"q":2.81,"p":350.0,"s":[{"cn":"NEONIKA","ui":"8980086","t":406500.0,"r":405000.0,"q":2.76,"p":350.0,"mot":"U","mo":405000.0},{"cn":"","ui":"","t":9504.0,"r":8629.0,"q":5.16,"p":350.0,"mot":"L","mo":8629.0}]},{"d":"27.06.2022","r":23000.0,"q":3.14,"p":350.0,"s":[{"cn":"NEONIKA","ui":"8980086","t":24500.0,"r":23000.0,"q":3.14,"p":350.0,"mot":"U","mo":23000.0},{"cn":"","ui":"","t":0.0,"r":0.0,"q":0.0,"p":0.0,"mot":"L","mo":0.0}]},{"d":"28.06.2022","r":34500.0,"q":3.14,"p":350.0,"s":[{"cn":"NEONIKA","ui":"8980086","t":36000.0,"r":34500.0,"q":3.14,"p":350.0,"mot":"U","mo":34500.0},{"cn":"","ui":"","t":0.0,"r":0.0,"q":0.0,"p":0.0,"mot":"L","mo":0.0}]},{"d":"29.06.2022","r":46000.0,"q":3.13,"p":350.0,"s":[{"cn":"NEONIKA","ui":"8980086","t":47500.0,"r":46000.0,"q":3.13,"p":350.0,"mot":"U","mo":46000.0},{"cn":"","ui":"","t":0.0,"r":0.0,"q":0.0,"p":0.0,"mot":"L","mo":0.0}]},{"d":"30.06.2022","r":57500.0,"q":3.13,"p":350.0,"s":[{"cn":"NEONIKA","ui":"8980086","t":59000.0,"r":57500.0,"q":3.13,"p":350.0,"mot":"U","mo":57500.0},{"cn":"","ui":"","t":0.0,"r":0.0,"q":0.0,"p":0.0,"mot":"L","mo":0.0}]},{"d":"01.07.2022","r":69000.0,"q":3.12,"p":350.0,"s":[{"cn":"NEONIKA","ui":"8980086","t":70500.0,"r":69000.0,"q":3.12,"p":350.0,"mot":"U","mo":69000.0},{"cn":"","ui":"","t":0.0,"r":0.0,"q":0.0,"p":0.0,"mot":"L","mo":0.0}]},{"d":"04.07.2022","r":103500.0,"q":3.11,"p":350.0,"s":[{"cn":"NEONIKA","ui":"8980086","t":105000.0,"r":103500.0,"q":3.11,"p":350.0,"mot":"U","mo":103500.0},{"cn":"","ui":"","t":0.0,"r":0.0,"q":0.0,"p":0.0,"mot":"L","mo":0.0}]},{"d":"05.07.2022","r":115000.0,"q":3.1,"p":350.0,"s":[{"cn":"NEONIKA","ui":"8980086","t":116500.0,"r":115000.0,"q":3.1,"p":350.0,"mot":"U","mo":115000.0},{"cn":"","ui":"","t":0.0,"r":0.0,"q":0.0,"p":0.0,"mot":"L","mo":0.0}]},{"d":"06.07.2022","r":126474.0,"q":3.1,"p":350.0,"s":[{"cn":"NEONIKA","ui":"8980086","t":127974.0,"r":126474.0,"q":3.1,"p":350.0,"mot":"U","mo":126474.0},{"cn":"","ui":"","t":0.0,"r":0.0,"q":0.0,"p":0.0,"mot":"L","mo":0.0}]},{"d":"07.07.2022","r":137897.0,"q":3.09,"p":350.0,"s":[{"cn":"NEONIKA","ui":"8980086","t":139397.0,"r":137897.0,"q":3.09,"p":350.0,"mot":"U","mo":137897.0},{"cn":"","ui":"","t":0.0,"r":0.0,"q":0.0,"p":0.0,"mot":"L","mo":0.0}]},{"d":"08.07.2022","r":149478.0,"q":3.08,"p":350.0,"s":[{"cn":"NEONIKA","ui":"8980086","t":150764.0,"r":149264.0,"q":3.08,"p":350.0,"mot":"U","mo":149264.0},{"cn":"","ui":"","t":714.0,"r":214.0,"q":5.12,"p":350.0,"mot":"L","mo":214.0}]},{"d":"11.07.2022","r":183594.0,"q":3.08,"p":350.0,"s":[{"cn":"NEONIKA","ui":"8980086","t":184559.0,"r":183059.0,"q":3.07,"p":350.0,"mot":"U","mo":183059.0},{"cn":"","ui":"","t":1035.0,"r":535.0,"q":5.12,"p":350.0,"mot":"L","mo":535.0}]},{"d":"12.07.2022","r":11364.0,"q":3.02,"p":350.0,"s":[{"cn":"NEONIKA","ui":"8980086","t":12722.0,"r":11222.0,"q":2.99,"p":350.0,"mot":"U","mo":11222.0},{"cn":"","ui":"","t":642.0,"r":142.0,"q":5.11,"p":350.0,"mot":"L","mo":142.0}]},{"d":"13.07.2022","r":22583.0,"q":3.0,"p":350.0,"s":[{"cn":"NEONIKA","ui":"8980086","t":23834.0,"r":22334.0,"q":2.98,"p":350.0,"mot":"U","mo":22334.0},{"cn":"","ui":"","t":749.0,"r":249.0,"q":5.11,"p":350.0,"mot":"L","mo":249.0}]},{"d":"14.07.2022","r":33751.0,"q":3.0,"p":350.0,"s":[{"cn":"NEONIKA","ui":"8980086","t":34895.0,"r":33395.0,"q":2.98,"p":350.0,"mot":"U","mo":33395.0},{"cn":"","ui":"","t":856.0,"r":356.0,"q":5.11,"p":350.0,"mot":"L","mo":356.0}]},{"d":"15.07.2022","r":44867.0,"q":2.99,"p":350.0,"s":[{"cn":"NEONIKA","ui":"8980086","t":45904.0,"r":44404.0,"q":2.97,"p":350.0,"mot":"U","mo":44404.0},{"cn":"","ui":"","t":963.0,"r":463.0,"q":5.11,"p":350.0,"mot":"L","mo":463.0}]},{"d":"18.07.2022","r":76050.0,"q":2.99,"p":351.17,"s":[{"cn":"NEONIKA","ui":"8980086","t":76625.0,"r":75125.0,"q":2.96,"p":350.0,"mot":"U","mo":75125.0},{"cn":"","ui":"","t":1425.0,"r":925.0,"q":5.66,"p":446.0,"mot":"L","mo":925.0}]},{"d":"19.07.2022","r":87013.0,"q":2.98,"p":351.53,"s":[{"cn":"NEONIKA","ui":"8980086","t":87426.0,"r":85926.0,"q":2.95,"p":350.0,"mot":"U","mo":85926.0},{"cn":"","ui":"","t":1587.0,"r":1087.0,"q":5.68,"p":472.54,"mot":"L","mo":1087.0}]},{"d":"20.07.2022","r":97769.0,"q":2.97,"p":351.82,"s":[{"cn":"NEONIKA","ui":"8980086","t":98180.0,"r":96520.0,"q":2.94,"p":350.0,"mot":"U","mo":96520.0},{"cn":"","ui":"","t":1749.0,"r":1249.0,"q":5.68,"p":492.19,"mot":"L","mo":1249.0}]},{"d":"21.07.2022","r":105591.0,"q":2.98,"p":352.1,"s":[{"cn":"NEONIKA","ui":"8980086","t":107280.0,"r":104180.0,"q":2.94,"p":350.0,"mot":"U","mo":104180.0},{"cn":"","ui":"","t":1911.0,"r":1411.0,"q":5.68,"p":507.34,"mot":"L","mo":1411.0}]},{"d":"22.07.2022","r":114800.0,"q":2.97,"p":352.32,"s":[{"cn":"NEONIKA","ui":"8980086","t":116327.0,"r":113227.0,"q":2.93,"p":350.0,"mot":"U","mo":113227.0},{"cn":"","ui":"","t":2073.0,"r":1573.0,"q":5.69,"p":519.36,"mot":"L","mo":1573.0}]},{"d":"25.07.2022","r":118079.0,"q":2.98,"p":353.38,"s":[{"cn":"NEONIKA","ui":"8980086","t":119120.0,"r":116020.0,"q":2.93,"p":350.0,"mot":"U","mo":116020.0},{"cn":"","ui":"","t":2559.0,"r":2059.0,"q":5.7,"p":544.07,"mot":"L","mo":2059.0}]},{"d":"26.07.2022","r":115141.0,"q":2.98,"p":353.86,"s":[{"cn":"NEONIKA","ui":"8980086","t":116020.0,"r":112920.0,"q":2.93,"p":350.0,"mot":"U","mo":112920.0},{"cn":"","ui":"","t":2721.0,"r":2221.0,"q":5.71,"p":549.91,"mot":"L","mo":2221.0}]},{"d":"27.07.2022","r":112203.0,"q":2.99,"p":354.35,"s":[{"cn":"NEONIKA","ui":"8980086","t":112920.0,"r":109820.0,"q":2.93,"p":350.0,"mot":"U","mo":109820.0},{"cn":"","ui":"","t":2883.0,"r":2383.0,"q":5.71,"p":554.95,"mot":"L","mo":2383.0}]},{"d":"28.07.2022","r":132805.0,"q":2.64,"p":6495.81,"s":[{"cn":"~ VeToG ~","ui":"9060781","t":23540.0,"r":23540.0,"q":1.0,"p":35000.0,"mot":"U","mo":23540.0},{"cn":"NEONIKA","ui":"8980086","t":109820.0,"r":106720.0,"q":2.93,"p":350.0,"mot":"U","mo":106720.0},{"cn":"","ui":"","t":3045.0,"r":2545.0,"q":5.72,"p":559.35,"mot":"L","mo":2545.0}]},{"d":"29.07.2022","r":141592.0,"q":2.5,"p":8984.03,"s":[{"cn":"~ VeToG ~","ui":"9060781","t":35265.0,"r":35265.0,"q":1.0,"p":35000.0,"mot":"U","mo":35265.0},{"cn":"NEONIKA","ui":"8980086","t":106720.0,"r":103620.0,"q":2.93,"p":350.0,"mot":"U","mo":103620.0},{"cn":"","ui":"","t":3207.0,"r":2707.0,"q":5.72,"p":563.22,"mot":"L","mo":2707.0}]},{"d":"01.08.2022","r":95913.0,"q":3.02,"p":357.41,"s":[{"cn":"NEONIKA","ui":"8980086","t":96220.0,"r":92720.0,"q":2.93,"p":350.0,"mot":"U","mo":92720.0},{"cn":"","ui":"","t":3693.0,"r":3193.0,"q":5.73,"p":572.49,"mot":"L","mo":3193.0}]},{"d":"02.08.2022","r":168294.0,"q":2.14,"p":15321.05,"s":[{"cn":"~ VeToG ~","ui":"9060781","t":70475.0,"r":70475.0,"q":1.0,"p":35000.0,"mot":"U","mo":70475.0},{"cn":"NEONIKA","ui":"8980086","t":92720.0,"r":89220.0,"q":2.93,"p":350.0,"mot":"U","mo":89220.0},{"cn":"","ui":"","t":9099.0,"r":8599.0,"q":3.38,"p":9371.91,"mot":"L","mo":8599.0}]},{"d":"03.08.2022","r":180598.0,"q":2.16,"p":16687.82,"s":[{"cn":"~ VeToG ~","ui":"9060781","t":82911.0,"r":82911.0,"q":1.21,"p":35000.0,"mot":"U","mo":82911.0},{"cn":"NEONIKA","ui":"8980086","t":90820.0,"r":88920.0,"q":2.93,"p":350.0,"mot":"U","mo":88920.0},{"cn":"","ui":"","t":9267.0,"r":8767.0,"q":3.42,"p":9214.12,"mot":"L","mo":8767.0}]},{"d":"04.08.2022","r":101014.0,"q":1.41,"p":33814.56,"s":[{"cn":"RRS Ltd.","ui":"9064741","t":5248.0,"r":5246.0,"q":1.87,"p":15000.0,"mot":"U","mo":5246.0},{"cn":"~ VeToG ~","ui":"9060781","t":95318.0,"r":95316.0,"q":1.37,"p":35000.0,"mot":"U","mo":95316.0},{"cn":"","ui":"","t":454.0,"r":452.0,"q":5.1,"p":2200.0,"mot":"L","mo":452.0}]},{"d":"05.08.2022","r":113415.0,"q":1.51,"p":33938.17,"s":[{"cn":"~ VeToG ~","ui":"9060781","t":107699.0,"r":107697.0,"q":1.48,"p":35000.0,"mot":"U","mo":107697.0},{"cn":"","ui":"","t":5722.0,"r":5718.0,"q":2.14,"p":13938.93,"mot":"L","mo":5718.0}]},{"d":"08.08.2022","r":150466.0,"q":1.71,"p":34186.05,"s":[{"cn":"~ VeToG ~","ui":"9060781","t":144690.0,"r":144688.0,"q":1.69,"p":35000.0,"mot":"U","mo":144688.0},{"cn":"","ui":"","t":5782.0,"r":5778.0,"q":2.17,"p":13803.74,"mot":"L","mo":5778.0}]},{"d":"09.08.2022","r":181259.0,"q":1.78,"p":29480.5,"s":[{"cn":"~ VeToG ~","ui":"9060781","t":175463.0,"r":175461.0,"q":1.77,"p":30000.0,"mot":"U","mo":175461.0},{"cn":"","ui":"","t":5802.0,"r":5798.0,"q":2.18,"p":13759.3,"mot":"L","mo":5798.0}]},{"d":"10.08.2022","r":212562.0,"q":1.84,"p":29554.27,"s":[{"cn":"~ VeToG ~","ui":"9060781","t":206746.0,"r":206744.0,"q":1.83,"p":30000.0,"mot":"U","mo":206744.0},{"cn":"","ui":"","t":5822.0,"r":5818.0,"q":2.19,"p":13715.16,"mot":"L","mo":5818.0}]},{"d":"11.08.2022","r":243807.0,"q":1.87,"p":29609.01,"s":[{"cn":"~ VeToG ~","ui":"9060781","t":237971.0,"r":237969.0,"q":1.86,"p":30000.0,"mot":"U","mo":237969.0},{"cn":"","ui":"","t":5842.0,"r":5838.0,"q":2.21,"p":13671.33,"mot":"L","mo":5838.0}]},{"d":"12.08.2022","r":274376.0,"q":1.88,"p":29714.08,"s":[{"cn":"~ VeToG ~","ui":"9060781","t":269148.0,"r":269146.0,"q":1.88,"p":30000.0,"mot":"U","mo":269146.0},{"cn":"","ui":"","t":5232.0,"r":5230.0,"q":1.87,"p":15000.0,"mot":"L","mo":5230.0}]},{"d":"15.08.2022","r":362062.0,"q":1.89,"p":30000.0,"s":[{"cn":"~ VeToG ~","ui":"9060781","t":362264.0,"r":362062.0,"q":1.89,"p":30000.0,"mot":"U","mo":362062.0},{"cn":"","ui":"","t":0.0,"r":0.0,"q":0.0,"p":0.0,"mot":"L","mo":0.0}]},{"d":"16.08.2022","r":373647.0,"q":1.89,"p":30000.0,"s":[{"cn":"~ VeToG ~","ui":"9060781","t":373849.0,"r":373647.0,"q":1.89,"p":30000.0,"mot":"U","mo":373647.0},{"cn":"","ui":"","t":0.0,"r":0.0,"q":0.0,"p":0.0,"mot":"L","mo":0.0}]},{"d":"17.08.2022","r":383445.0,"q":1.88,"p":30000.0,"s":[{"cn":"~ VeToG ~","ui":"9060781","t":383647.0,"r":383445.0,"q":1.88,"p":30000.0,"mot":"U","mo":383445.0},{"cn":"","ui":"","t":0.0,"r":0.0,"q":0.0,"p":0.0,"mot":"L","mo":0.0}]},{"d":"18.08.2022","r":393243.0,"q":1.87,"p":30000.0,"s":[{"cn":"~ VeToG ~","ui":"9060781","t":393445.0,"r":393243.0,"q":1.87,"p":30000.0,"mot":"U","mo":393243.0},{"cn":"","ui":"","t":0.0,"r":0.0,"q":0.0,"p":0.0,"mot":"L","mo":0.0}]},{"d":"19.08.2022","r":403041.0,"q":1.87,"p":30000.0,"s":[{"cn":"~ VeToG ~","ui":"9060781","t":403243.0,"r":403041.0,"q":1.87,"p":30000.0,"mot":"U","mo":403041.0},{"cn":"","ui":"","t":0.0,"r":0.0,"q":0.0,"p":0.0,"mot":"L","mo":0.0}]},{"d":"22.08.2022","r":432435.0,"q":1.85,"p":30000.0,"s":[{"cn":"~ VeToG ~","ui":"9060781","t":432637.0,"r":432435.0,"q":1.85,"p":30000.0,"mot":"U","mo":432435.0},{"cn":"","ui":"","t":0.0,"r":0.0,"q":0.0,"p":0.0,"mot":"L","mo":0.0}]},{"d":"23.08.2022","r":442233.0,"q":1.84,"p":30000.0,"s":[{"cn":"~ VeToG ~","ui":"9060781","t":442435.0,"r":442233.0,"q":1.84,"p":30000.0,"mot":"U","mo":442233.0},{"cn":"","ui":"","t":0.0,"r":0.0,"q":0.0,"p":0.0,"mot":"L","mo":0.0}]},{"d":"24.08.2022","r":412033.0,"q":1.83,"p":30000.0,"s":[{"cn":"~ VeToG ~","ui":"9060781","t":432234.0,"r":412033.0,"q":1.83,"p":30000.0,"mot":"U","mo":412033.0},{"cn":"","ui":"","t":0.0,"r":0.0,"q":0.0,"p":0.0,"mot":"L","mo":0.0}]},{"d":"25.08.2022","r":401832.0,"q":1.83,"p":30000.0,"s":[{"cn":"~ VeToG ~","ui":"9060781","t":422033.0,"r":401832.0,"q":1.83,"p":30000.0,"mot":"U","mo":401832.0},{"cn":"","ui":"","t":0.0,"r":0.0,"q":0.0,"p":0.0,"mot":"L","mo":0.0}]},{"d":"26.08.2022","r":391631.0,"q":1.82,"p":30000.0,"s":[{"cn":"~ VeToG ~","ui":"9060781","t":411832.0,"r":391631.0,"q":1.82,"p":30000.0,"mot":"U","mo":391631.0},{"cn":"","ui":"","t":0.0,"r":0.0,"q":0.0,"p":0.0,"mot":"L","mo":0.0}]},{"d":"29.08.2022","r":355548.0,"q":1.8,"p":30000.0,"s":[{"cn":"~ VeToG ~","ui":"9060781","t":377549.0,"r":355548.0,"q":1.8,"p":30000.0,"mot":"U","mo":355548.0},{"cn":"","ui":"","t":0.0,"r":0.0,"q":0.0,"p":0.0,"mot":"L","mo":0.0}]},{"d":"30.08.2022","r":343547.0,"q":1.8,"p":30000.0,"s":[{"cn":"~ VeToG ~","ui":"9060781","t":365548.0,"r":343547.0,"q":1.8,"p":30000.0,"mot":"U","mo":343547.0},{"cn":"","ui":"","t":0.0,"r":0.0,"q":0.0,"p":0.0,"mot":"L","mo":0.0}]},{"d":"31.08.2022","r":331546.0,"q":1.79,"p":30000.0,"s":[{"cn":"~ VeToG ~","ui":"9060781","t":353547.0,"r":331546.0,"q":1.79,"p":30000.0,"mot":"U","mo":331546.0},{"cn":"","ui":"","t":0.0,"r":0.0,"q":0.0,"p":0.0,"mot":"L","mo":0.0}]},{"d":"01.09.2022","r":319545.0,"q":1.78,"p":30000.0,"s":[{"cn":"~ VeToG ~","ui":"9060781","t":341546.0,"r":319545.0,"q":1.78,"p":30000.0,"mot":"U","mo":319545.0},{"cn":"","ui":"","t":0.0,"r":0.0,"q":0.0,"p":0.0,"mot":"L","mo":0.0}]},{"d":"02.09.2022","r":307544.0,"q":1.77,"p":30000.0,"s":[{"cn":"~ VeToG ~","ui":"9060781","t":329545.0,"r":307544.0,"q":1.77,"p":30000.0,"mot":"U","mo":307544.0},{"cn":"","ui":"","t":0.0,"r":0.0,"q":0.0,"p":0.0,"mot":"L","mo":0.0}]},{"d":"05.09.2022","r":307773.0,"q":1.75,"p":30000.0,"s":[{"cn":"~ VeToG ~","ui":"9060781","t":311658.0,"r":307773.0,"q":1.75,"p":30000.0,"mot":"U","mo":307773.0},{"cn":"","ui":"","t":0.0,"r":0.0,"q":0.0,"p":0.0,"mot":"L","mo":0.0}]},{"d":"06.09.2022","r":313888.0,"q":1.74,"p":30000.0,"s":[{"cn":"~ VeToG ~","ui":"9060781","t":317773.0,"r":313888.0,"q":1.74,"p":30000.0,"mot":"U","mo":313888.0},{"cn":"","ui":"","t":0.0,"r":0.0,"q":0.0,"p":0.0,"mot":"L","mo":0.0}]},{"d":"07.09.2022","r":320003.0,"q":1.74,"p":30000.0,"s":[{"cn":"~ VeToG ~","ui":"9060781","t":323888.0,"r":320003.0,"q":1.74,"p":30000.0,"mot":"U","mo":320003.0},{"cn":"","ui":"","t":0.0,"r":0.0,"q":0.0,"p":0.0,"mot":"L","mo":0.0}]},{"d":"08.09.2022","r":347502.0,"q":1.72,"p":30000.0,"s":[{"cn":"~ VeToG ~","ui":"9060781","t":351387.0,"r":347502.0,"q":1.72,"p":30000.0,"mot":"U","mo":347502.0},{"cn":"","ui":"","t":0.0,"r":0.0,"q":0.0,"p":0.0,"mot":"L","mo":0.0}]},{"d":"09.09.2022","r":362517.0,"q":1.72,"p":30000.0,"s":[{"cn":"~ VeToG ~","ui":"9060781","t":366402.0,"r":362517.0,"q":1.72,"p":30000.0,"mot":"U","mo":362517.0},{"cn":"","ui":"","t":0.0,"r":0.0,"q":0.0,"p":0.0,"mot":"L","mo":0.0}]},{"d":"12.09.2022","r":407356.0,"q":1.7,"p":30000.0,"s":[{"cn":"~ VeToG ~","ui":"9060781","t":411241.0,"r":407356.0,"q":1.7,"p":30000.0,"mot":"U","mo":407356.0},{"cn":"","ui":"","t":0.0,"r":0.0,"q":0.0,"p":0.0,"mot":"L","mo":0.0}]},{"d":"13.09.2022","r":422229.0,"q":1.69,"p":30000.0,"s":[{"cn":"~ VeToG ~","ui":"9060781","t":426114.0,"r":422229.0,"q":1.69,"p":30000.0,"mot":"U","mo":422229.0},{"cn":"","ui":"","t":0.0,"r":0.0,"q":0.0,"p":0.0,"mot":"L","mo":0.0}]},{"d":"14.09.2022","r":436749.0,"q":1.68,"p":30000.0,"s":[{"cn":"~ VeToG ~","ui":"9060781","t":440634.0,"r":436749.0,"q":1.68,"p":30000.0,"mot":"U","mo":436749.0},{"cn":"","ui":"","t":0.0,"r":0.0,"q":0.0,"p":0.0,"mot":"L","mo":0.0}]},{"d":"15.09.2022","r":439092.0,"q":1.68,"p":30000.0,"s":[{"cn":"~ VeToG ~","ui":"9060781","t":442977.0,"r":439092.0,"q":1.68,"p":30000.0,"mot":"U","mo":439092.0},{"cn":"","ui":"","t":0.0,"r":0.0,"q":0.0,"p":0.0,"mot":"L","mo":0.0}]},{"d":"16.09.2022","r":441422.0,"q":1.68,"p":30000.0,"s":[{"cn":"~ VeToG ~","ui":"9060781","t":445307.0,"r":441422.0,"q":1.68,"p":30000.0,"mot":"U","mo":441422.0},{"cn":"","ui":"","t":0.0,"r":0.0,"q":0.0,"p":0.0,"mot":"L","mo":0.0}]},{"d":"19.09.2022","r":448313.0,"q":1.67,"p":30000.0,"s":[{"cn":"~ VeToG ~","ui":"9060781","t":452198.0,"r":448313.0,"q":1.67,"p":30000.0,"mot":"U","mo":448313.0},{"cn":"","ui":"","t":0.0,"r":0.0,"q":0.0,"p":0.0,"mot":"L","mo":0.0}]},{"d":"20.09.2022","r":450577.0,"q":1.67,"p":30000.0,"s":[{"cn":"~ VeToG ~","ui":"9060781","t":454462.0,"r":450577.0,"q":1.67,"p":30000.0,"mot":"U","mo":450577.0},{"cn":"","ui":"","t":0.0,"r":0.0,"q":0.0,"p":0.0,"mot":"L","mo":0.0}]},{"d":"21.09.2022","r":452828.0,"q":1.67,"p":30000.0,"s":[{"cn":"~ VeToG ~","ui":"9060781","t":456713.0,"r":452828.0,"q":1.67,"p":30000.0,"mot":"U","mo":452828.0},{"cn":"","ui":"","t":0.0,"r":0.0,"q":0.0,"p":0.0,"mot":"L","mo":0.0}]},{"d":"22.09.2022","r":455065.0,"q":1.67,"p":30000.0,"s":[{"cn":"~ VeToG ~","ui":"9060781","t":458950.0,"r":455065.0,"q":1.67,"p":30000.0,"mot":"U","mo":455065.0},{"cn":"","ui":"","t":0.0,"r":0.0,"q":0.0,"p":0.0,"mot":"L","mo":0.0}]},{"d":"23.09.2022","r":457288.0,"q":1.67,"p":30000.0,"s":[{"cn":"~ VeToG ~","ui":"9060781","t":461173.0,"r":457288.0,"q":1.67,"p":30000.0,"mot":"U","mo":457288.0},{"cn":"","ui":"","t":0.0,"r":0.0,"q":0.0,"p":0.0,"mot":"L","mo":0.0}]},{"d":"26.09.2022","r":355749.0,"q":1.66,"p":30000.0,"s":[{"cn":"~ VeToG ~","ui":"9060781","t":359634.0,"r":355749.0,"q":1.66,"p":30000.0,"mot":"U","mo":355749.0},{"cn":"","ui":"","t":0.0,"r":0.0,"q":0.0,"p":0.0,"mot":"L","mo":0.0}]},{"d":"27.09.2022","r":353831.0,"q":1.65,"p":30000.0,"s":[{"cn":"~ VeToG ~","ui":"9060781","t":357716.0,"r":353831.0,"q":1.65,"p":30000.0,"mot":"U","mo":353831.0},{"cn":"","ui":"","t":0.0,"r":0.0,"q":0.0,"p":0.0,"mot":"L","mo":0.0}]},{"d":"28.09.2022","r":351888.0,"q":1.65,"p":30000.0,"s":[{"cn":"~ VeToG ~","ui":"9060781","t":355773.0,"r":351888.0,"q":1.65,"p":30000.0,"mot":"U","mo":351888.0},{"cn":"","ui":"","t":0.0,"r":0.0,"q":0.0,"p":0.0,"mot":"L","mo":0.0}]},{"d":"29.09.2022","r":349919.0,"q":1.65,"p":30000.0,"s":[{"cn":"~ VeToG ~","ui":"9060781","t":353804.0,"r":349919.0,"q":1.65,"p":30000.0,"mot":"U","mo":349919.0},{"cn":"","ui":"","t":0.0,"r":0.0,"q":0.0,"p":0.0,"mot":"L","mo":0.0}]},{"d":"30.09.2022","r":573517.0,"q":1.78,"p":25640.93,"s":[{"cn":"SYs eRR0r","ui":"8944645","t":125000.0,"r":125000.0,"q":2.25,"p":10000.0,"mot":"U","mo":125000.0},{"cn":"~ VeToG ~","ui":"9060781","t":352402.0,"r":348517.0,"q":1.64,"p":30000.0,"mot":"U","mo":348517.0},{"cn":"~ VeToG ~","ui":"9060778","t":100000.0,"r":100000.0,"q":1.67,"p":30000.0,"mot":"U","mo":100000.0},{"cn":"","ui":"","t":0.0,"r":0.0,"q":0.0,"p":0.0,"mot":"L","mo":0.0}]}]