[{"pi":"1510","pc":"Электроника","ss":100000,"td":"Центр города","dc":2,"n":513.71,"vc":"363898","sl":"Очень высокий","sv":"425","p":11500.0,"q":85.16,"b":0.0,"ms":7.2,"wi":23.48,"ei":8.4,"as":185.05,"mi":"E","mv":5901,"sc":1,"lpe":92.8,"lpr":1545.95,"lq":1.0,"d":419938},{"pi":"1510","pc":"Электроника","ss":10000,"td":"Центр города","dc":2,"n":178.0,"vc":"2658","sl":"Элитный","sv":"200","p":8599.0,"q":27.74,"b":0.0,"ms":2.96,"wi":62.27,"ei":13.35,"as":674.99,"mi":"E","mv":6748,"sc":1,"lpe":97.04,"lpr":8867.91,"lq":1.0,"d":374441},{"pi":"1510","pc":"Электроника","ss":10000,"td":"Центр города","dc":2,"n":205.75,"vc":"2678","sl":"Элитный","sv":"500","p":32999.0,"q":27.74,"b":0.0,"ms":85.91,"wi":46.49,"ei":9.42,"as":383.85,"mi":"D","mv":582,"sc":1,"lpe":14.09,"lpr":31613.83,"lq":2.63,"d":223434},{"pi":"1510","pc":"Электроника","ss":100000,"td":"Спальный район","dc":2,"n":393.91,"vc":"146976","sl":"Элитный","sv":"131","p":317054.8,"q":28.82,"b":0.0,"ms":9.53,"wi":41.17,"ei":8.83,"as":225.06,"mi":"E","mv":1375,"sc":1,"lpe":90.47,"lpr":39615.67,"lq":3.45,"d":1925822},{"pi":"1510","pc":"Электроника","ss":100000,"td":"Центр города","dc":6,"n":0.0,"vc":"3405","sl":"Элитный","sv":"28","p":1236080.82,"q":16.82,"b":0.0,"ms":9.93,"wi":133.52,"ei":10.32,"as":1582.16,"mi":"E","mv":282,"sc":1,"lpe":90.07,"lpr":249163.79,"lq":8.89,"d":903081},{"pi":"1510","pc":"Электроника","ss":100000,"td":"Центр города","dc":2,"n":0.0,"vc":"2220","sl":"Элитный","sv":"21","p":1429202.85,"q":31.12,"b":0.0,"ms":8.71,"wi":119.42,"ei":10.05,"as":1379.85,"mi":"E","mv":241,"sc":1,"lpe":91.29,"lpr":190230.87,"lq":3.67,"d":847456},{"pi":"1510","pc":"Электроника","ss":10000,"td":"Центр города","dc":1,"n":227.03,"vc":"8065","sl":"Элитный","sv":"60","p":248709.26,"q":70.56,"b":0.0,"ms":1.82,"wi":57.16,"ei":8.91,"as":372.4,"mi":"E","mv":3295,"sc":1,"lpe":98.18,"lpr":142158.07,"lq":1.0,"d":3168000},{"pi":"1510","pc":"Электроника","ss":10000,"td":"Центр города","dc":2,"n":213.33,"vc":"2685","sl":"Элитный","sv":"49","p":83999.0,"q":27.38,"b":0.0,"ms":15.56,"wi":24.79,"ei":5.22,"as":302.26,"mi":"E","mv":315,"sc":1,"lpe":84.44,"lpr":12348.79,"lq":1.09,"d":182800},{"pi":"1510","pc":"Электроника","ss":20000,"td":"Фешенебельный район","dc":1,"n":305.65,"vc":"2078","sl":"Элитный","sv":"1","p":1039971.28,"q":68.36,"b":0.0,"ms":0.55,"wi":43.91,"ei":15.76,"as":113.87,"mi":"E","mv":181,"sc":1,"lpe":99.45,"lpr":260948.23,"lq":1.0,"d":795727},{"pi":"1510","pc":"Электроника","ss":10000,"td":"Центр города","dc":2,"n":195.2,"vc":"2668","sl":"Элитный","sv":"400","p":33999.0,"q":27.74,"b":0.0,"ms":28.17,"wi":43.59,"ei":7.31,"as":476.27,"mi":"E","mv":1420,"sc":1,"lpe":71.83,"lpr":15193.09,"lq":1.35,"d":263256},{"pi":"1510","pc":"Электроника","ss":10000,"td":"Фешенебельный район","dc":1,"n":98.45,"vc":"620","sl":"Элитный","sv":"1","p":323617.02,"q":71.75,"b":0.0,"ms":0.02,"wi":62.0,"ei":7.93,"as":546.66,"mi":"E","mv":6059,"sc":1,"lpe":99.98,"lpr":134860.06,"lq":1.0,"d":7101416},{"pi":"1510","pc":"Электроника","ss":10000,"td":"Центр города","dc":2,"n":163.1,"vc":"2668","sl":"Элитный","sv":"1000","p":45999.0,"q":27.74,"b":0.0,"ms":64.35,"wi":60.54,"ei":6.77,"as":450.24,"mi":"D","mv":1554,"sc":1,"lpe":35.65,"lpr":27689.11,"lq":2.27,"d":518786},{"pi":"1510","pc":"Электроника","ss":300000,"td":"Спальный район","dc":2,"n":670.04,"vc":"5989874","sl":"Низкий","sv":"1029","p":600600.0,"q":69.74,"b":0.0,"ms":8.04,"wi":89.7,"ei":7.81,"as":615.72,"mi":"E","mv":12799,"sc":1,"lpe":91.96,"lpr":114801.24,"lq":7.59,"d":11929900},{"pi":"1510","pc":"Электроника","ss":10000,"td":"Центр города","dc":2,"n":162.16,"vc":"2669","sl":"Элитный","sv":"300","p":34999.0,"q":27.74,"b":0.0,"ms":8.98,"wi":48.51,"ei":15.71,"as":380.15,"mi":"E","mv":3339,"sc":1,"lpe":91.02,"lpr":27809.64,"lq":1.0,"d":545196},{"pi":"1510","pc":"Электроника","ss":10000,"td":"Центр города","dc":2,"n":219.38,"vc":"4940","sl":"Элитный","sv":"600","p":48999.0,"q":27.74,"b":0.0,"ms":14.57,"wi":56.24,"ei":7.07,"as":380.48,"mi":"E","mv":4117,"sc":1,"lpe":85.43,"lpr":39883.99,"lq":3.41,"d":917721},{"pi":"1510","pc":"Электроника","ss":10000,"td":"Центр города","dc":2,"n":166.89,"vc":"2664","sl":"Элитный","sv":"51","p":299999.0,"q":26.66,"b":0.0,"ms":28.98,"wi":53.32,"ei":6.45,"as":372.85,"mi":"E","mv":176,"sc":1,"lpe":71.02,"lpr":45018.58,"lq":4.31,"d":476878},{"pi":"1510","pc":"Электроника","ss":1000,"td":"Центр города","dc":1,"n":89.73,"vc":"685","sl":"Элитный","sv":"50","p":233000.0,"q":21.44,"b":0.0,"ms":20.92,"wi":17.71,"ei":7.81,"as":93.95,"mi":"E","mv":239,"sc":1,"lpe":79.08,"lpr":42784.65,"lq":3.96,"d":969146},{"pi":"1510","pc":"Электроника","ss":100000,"td":"Фешенебельный район","dc":1,"n":367.46,"vc":"23690","sl":"Элитный","sv":"807","p":83000.0,"q":18.0,"b":0.9,"ms":21.45,"wi":154.18,"ei":9.34,"as":2208.0,"mi":"E","mv":3763,"sc":2,"lpe":65.67,"lpr":17486.12,"lq":11.72,"d":2149998},{"pi":"1510","pc":"Электроника","ss":100000,"td":"Фешенебельный район","dc":1,"n":606.85,"vc":"236722","sl":"Элитный","sv":"485","p":60000.0,"q":92.76,"b":0.0,"ms":12.89,"wi":154.18,"ei":9.34,"as":2208.0,"mi":"E","mv":3763,"sc":2,"lpe":65.67,"lpr":17486.12,"lq":11.72,"d":2149998},{"pi":"1510","pc":"Электроника","ss":100,"td":"Окраина","dc":10,"n":68.69,"vc":"141","sl":"Очень низкий","sv":"1","p":250000.0,"q":19.16,"b":0.0,"ms":0.67,"wi":15.97,"ei":4.53,"as":106.12,"mi":"E","mv":149,"sc":1,"lpe":99.33,"lpr":619605.92,"lq":1.0,"d":3754938},{"pi":"1510","pc":"Электроника","ss":100000,"td":"Центр города","dc":1,"n":478.52,"vc":"553145","sl":"Очень высокий","sv":"1200","p":1200000.0,"q":70.61,"b":3.44,"ms":9.25,"wi":166.72,"ei":9.88,"as":2625.25,"mi":"E","mv":12970,"sc":1,"lpe":90.75,"lpr":193817.56,"lq":1.0,"d":11635600},{"pi":"1510","pc":"Электроника","ss":200000,"td":"Фешенебельный район","dc":2,"n":522.35,"vc":"362424","sl":"Элитный","sv":"2000","p":450000.0,"q":92.76,"b":0.0,"ms":13.74,"wi":48.27,"ei":9.23,"as":380.0,"mi":"E","mv":14555,"sc":1,"lpe":86.26,"lpr":72418.59,"lq":6.09,"d":11000140},{"pi":"1510","pc":"Электроника","ss":100000,"td":"Центр города","dc":5,"n":376.6,"vc":"143051","sl":"Очень высокий","sv":"7","p":146002.59,"q":25.57,"b":0.0,"ms":0.04,"wi":30.1,"ei":7.72,"as":150.11,"mi":"E","mv":17475,"sc":1,"lpe":99.96,"lpr":13799.57,"lq":1.0,"d":4015276},{"pi":"1510","pc":"Электроника","ss":110000,"td":"Фешенебельный район","dc":1,"n":299.31,"vc":"6429","sl":"Элитный","sv":"6","p":209278.66,"q":69.2,"b":0.0,"ms":1.79,"wi":35.62,"ei":11.99,"as":261.73,"mi":"E","mv":336,"sc":1,"lpe":98.21,"lpr":109887.81,"lq":1.0,"d":886846},{"pi":"1510","pc":"Электроника","ss":1000,"td":"Центр города","dc":1,"n":313.01,"vc":"3728","sl":"Высокий","sv":"450","p":85000.0,"q":92.76,"b":0.0,"ms":36.17,"wi":43.5,"ei":12.02,"as":219.95,"mi":"E","mv":1244,"sc":1,"lpe":63.83,"lpr":41623.06,"lq":3.5,"d":1056994},{"pi":"1510","pc":"Электроника","ss":10000,"td":"Фешенебельный район","dc":1,"n":624.87,"vc":"25238","sl":"Элитный","sv":"512","p":25000.0,"q":92.76,"b":0.0,"ms":13.83,"wi":28.99,"ei":11.18,"as":110.57,"mi":"E","mv":3703,"sc":2,"lpe":85.34,"lpr":16703.12,"lq":1.45,"d":1307387},{"pi":"1510","pc":"Электроника","ss":100000,"td":"Фешенебельный район","dc":1,"n":0.0,"vc":"388","sl":"Элитный","sv":"31","p":20508.99,"q":27.18,"b":0.0,"ms":0.84,"wi":28.99,"ei":11.18,"as":110.57,"mi":"E","mv":3703,"sc":2,"lpe":85.34,"lpr":16703.12,"lq":1.45,"d":1307387},{"pi":"1510","pc":"Электроника","ss":1500,"td":"Центр города","dc":6,"n":111.35,"vc":"2596","sl":"Низкий","sv":"41","p":302000.0,"q":19.66,"b":0.0,"ms":1.32,"wi":65.33,"ei":8.99,"as":361.0,"mi":"E","mv":3117,"sc":1,"lpe":98.68,"lpr":302193.55,"lq":1.0,"d":5583100},{"pi":"1510","pc":"Электроника","ss":300000,"td":"Фешенебельный район","dc":9,"n":497.37,"vc":"140384","sl":"Элитный","sv":"100","p":5297718.97,"q":60.04,"b":0.0,"ms":30.77,"wi":171.48,"ei":10.04,"as":2283.46,"mi":"E","mv":325,"sc":1,"lpe":69.23,"lpr":1896806.63,"lq":15.91,"d":2986744},{"pi":"1510","pc":"Электроника","ss":100000,"td":"Центр города","dc":5,"n":31.58,"vc":"6194","sl":"Элитный","sv":"11","p":8803.53,"q":21.01,"b":0.0,"ms":7.24,"wi":125.88,"ei":10.29,"as":1744.48,"mi":"E","mv":152,"sc":2,"lpe":92.11,"lpr":911658.07,"lq":1.0,"d":2094907},{"pi":"1510","pc":"Электроника","ss":300000,"td":"Фешенебельный район","dc":10,"n":536.81,"vc":"181132","sl":"Очень высокий","sv":"1","p":9933780.0,"q":60.04,"b":0.0,"ms":0.66,"wi":125.88,"ei":10.29,"as":1744.48,"mi":"E","mv":152,"sc":2,"lpe":92.11,"lpr":911658.07,"lq":1.0,"d":2094907},{"pi":"1510","pc":"Электроника","ss":10000,"td":"Фешенебельный район","dc":1,"n":273.28,"vc":"1274","sl":"Элитный","sv":"2","p":31719.31,"q":70.79,"b":0.0,"ms":0.08,"wi":15.36,"ei":8.17,"as":100.19,"mi":"E","mv":2372,"sc":1,"lpe":99.92,"lpr":15393.58,"lq":1.0,"d":1382690},{"pi":"1510","pc":"Электроника","ss":10000,"td":"Фешенебельный район","dc":1,"n":655.78,"vc":"26280","sl":"Элитный","sv":"899","p":56000.0,"q":92.76,"b":0.0,"ms":15.35,"wi":62.3,"ei":8.39,"as":427.4,"mi":"E","mv":5858,"sc":1,"lpe":84.65,"lpr":11658.97,"lq":1.01,"d":763752},{"pi":"1510","pc":"Электроника","ss":100000,"td":"Фешенебельный район","dc":2,"n":664.11,"vc":"267478","sl":"Очень высокий","sv":"595","p":20000.0,"q":92.76,"b":0.0,"ms":10.14,"wi":66.62,"ei":7.95,"as":493.05,"mi":"E","mv":5870,"sc":1,"lpe":89.86,"lpr":17877.95,"lq":1.63,"d":632057},{"pi":"1510","pc":"Электроника","ss":10000,"td":"Центр города","dc":1,"n":324.97,"vc":"10039","sl":"Элитный","sv":"159","p":242000.0,"q":21.25,"b":0.0,"ms":15.67,"wi":59.42,"ei":8.65,"as":472.08,"mi":"E","mv":1015,"sc":1,"lpe":84.33,"lpr":33979.29,"lq":3.12,"d":747777},{"pi":"1510","pc":"Электроника","ss":100000,"td":"Центр города","dc":1,"n":480.15,"vc":"206543","sl":"Нормальный","sv":"19","p":1299999.0,"q":26.44,"b":0.0,"ms":7.2,"wi":84.39,"ei":9.0,"as":559.14,"mi":"E","mv":264,"sc":1,"lpe":92.8,"lpr":119487.5,"lq":1.0,"d":666717},{"pi":"1510","pc":"Электроника","ss":100000,"td":"Центр города","dc":1,"n":434.64,"vc":"167050","sl":"Элитный","sv":"371","p":212000.0,"q":21.28,"b":0.0,"ms":11.37,"wi":62.59,"ei":7.65,"as":519.76,"mi":"E","mv":3263,"sc":1,"lpe":88.63,"lpr":22997.48,"lq":1.88,"d":1269608},{"pi":"1510","pc":"Электроника","ss":100000,"td":"Фешенебельный район","dc":5,"n":9.5,"vc":"209","sl":"Элитный","sv":"67","p":26730.95,"q":22.8,"b":0.0,"ms":59.29,"wi":22.5,"ei":6.7,"as":162.61,"mi":"D","mv":113,"sc":1,"lpe":40.71,"lpr":58751.0,"lq":5.23,"d":173036},{"pi":"1510","pc":"Электроника","ss":10000,"td":"Фешенебельный район","dc":1,"n":676.33,"vc":"16948","sl":"Элитный","sv":"24","p":130000.0,"q":82.59,"b":0.0,"ms":8.19,"wi":56.75,"ei":9.79,"as":827.71,"mi":"E","mv":293,"sc":1,"lpe":91.81,"lpr":10583.82,"lq":1.06,"d":141257},{"pi":"1510","pc":"Электроника","ss":10000,"td":"Центр города","dc":2,"n":231.15,"vc":"2729","sl":"Элитный","sv":"120","p":41999.0,"q":27.74,"b":0.0,"ms":18.84,"wi":34.18,"ei":9.16,"as":412.47,"mi":"E","mv":637,"sc":1,"lpe":81.16,"lpr":40969.27,"lq":3.38,"d":131326},{"pi":"1510","pc":"Электроника","ss":10000,"td":"Фешенебельный район","dc":1,"n":339.75,"vc":"2912","sl":"Элитный","sv":"2","p":171846.79,"q":71.68,"b":0.0,"ms":0.03,"wi":47.73,"ei":6.08,"as":289.96,"mi":"E","mv":6339,"sc":1,"lpe":99.97,"lpr":60049.65,"lq":1.0,"d":3600000},{"pi":"1510","pc":"Электроника","ss":100000,"td":"Центр города","dc":2,"n":0.0,"vc":"1249","sl":"Элитный","sv":"161","p":10320.86,"q":32.68,"b":0.0,"ms":100.0,"wi":64.83,"ei":9.54,"as":1256.81,"mi":"C","mv":161,"sc":1,"lpe":0.0,"lpr":108394.79,"lq":16.44,"d":229028},{"pi":"1510","pc":"Электроника","ss":300000,"td":"Фешенебельный район","dc":9,"n":477.82,"vc":"136343","sl":"Элитный","sv":"2","p":441230.81,"q":61.16,"b":0.0,"ms":0.01,"wi":51.27,"ei":6.64,"as":370.86,"mi":"E","mv":14078,"sc":1,"lpe":99.99,"lpr":40708.94,"lq":1.0,"d":4700000},{"pi":"1510","pc":"Электроника","ss":10000,"td":"Центр города","dc":1,"n":56.4,"vc":"1386","sl":"Элитный","sv":"30","p":500000.0,"q":61.56,"b":0.0,"ms":10.91,"wi":41.99,"ei":6.4,"as":310.88,"mi":"E","mv":275,"sc":1,"lpe":89.09,"lpr":69217.83,"lq":5.86,"d":761700},{"pi":"1510","pc":"Электроника","ss":100000,"td":"Центр города","dc":1,"n":487.14,"vc":"213514","sl":"Элитный","sv":"53","p":713000.0,"q":21.22,"b":0.0,"ms":9.4,"wi":63.23,"ei":7.28,"as":458.84,"mi":"E","mv":564,"sc":1,"lpe":90.6,"lpr":65355.06,"lq":5.51,"d":605030},{"pi":"1510","pc":"Электроника","ss":100000,"td":"Фешенебельный район","dc":1,"n":557.87,"vc":"232437","sl":"Элитный","sv":"7300","p":25000.0,"q":92.76,"b":0.0,"ms":26.69,"wi":67.81,"ei":5.0,"as":684.87,"mi":"E","mv":27346,"sc":1,"lpe":73.31,"lpr":8224.39,"lq":1.05,"d":7837160},{"pi":"1510","pc":"Электроника","ss":100000,"td":"Спальный район","dc":6,"n":595.68,"vc":"534369","sl":"Низкий","sv":"120","p":5948.35,"q":17.19,"b":0.0,"ms":13.65,"wi":182.17,"ei":9.94,"as":1758.03,"mi":"E","mv":879,"sc":1,"lpe":86.35,"lpr":285387.21,"lq":14.24,"d":959467},{"pi":"1510","pc":"Электроника","ss":100000,"td":"Центр города","dc":1,"n":506.43,"vc":"664161","sl":"Очень высокий","sv":"1945","p":60000.0,"q":67.92,"b":2.94,"ms":3.17,"wi":27.62,"ei":6.85,"as":110.71,"mi":"E","mv":61391,"sc":1,"lpe":96.83,"lpr":6036.64,"lq":1.0,"d":9113688},{"pi":"1510","pc":"Электроника","ss":200000,"td":"Центр города","dc":2,"n":402.71,"vc":"424860","sl":"Элитный","sv":"910","p":500000.0,"q":23.51,"b":0.0,"ms":8.27,"wi":77.84,"ei":9.4,"as":711.83,"mi":"E","mv":11007,"sc":1,"lpe":91.73,"lpr":63724.55,"lq":2.05,"d":8555500},{"pi":"1510","pc":"Электроника","ss":100000,"td":"Центр города","dc":2,"n":645.77,"vc":"1257406","sl":"Низкий","sv":"94","p":479600.0,"q":68.69,"b":0.0,"ms":25.2,"wi":116.79,"ei":9.79,"as":1808.05,"mi":"E","mv":373,"sc":1,"lpe":74.8,"lpr":48052.8,"lq":18.52,"d":1228032},{"pi":"1510","pc":"Электроника","ss":100000,"td":"Центр города","dc":1,"n":513.9,"vc":"568579","sl":"Очень высокий","sv":"346","p":3000000.0,"q":70.61,"b":3.69,"ms":10.0,"wi":174.28,"ei":10.49,"as":2111.62,"mi":"E","mv":3461,"sc":1,"lpe":90.0,"lpr":523633.83,"lq":1.02,"d":4762572},{"pi":"1510","pc":"Электроника","ss":100000,"td":"Спальный район","dc":3,"n":0.0,"vc":"1800","sl":"Элитный","sv":"368","p":26425.03,"q":29.27,"b":0.0,"ms":100.0,"wi":37.78,"ei":6.43,"as":312.69,"mi":"C","mv":368,"sc":1,"lpe":0.0,"lpr":33027.63,"lq":6.59,"d":332406},{"pi":"1510","pc":"Электроника","ss":100000,"td":"Центр города","dc":1,"n":0.0,"vc":"1779","sl":"Элитный","sv":"18","p":312598.55,"q":28.84,"b":0.0,"ms":4.36,"wi":37.69,"ei":8.68,"as":319.07,"mi":"E","mv":413,"sc":1,"lpe":95.64,"lpr":39230.86,"lq":1.0,"d":449940},{"pi":"1510","pc":"Электроника","ss":100000,"td":"Центр города","dc":2,"n":544.68,"vc":"1124657","sl":"Низкий","sv":"287","p":94850.0,"q":70.23,"b":0.0,"ms":0.64,"wi":35.98,"ei":8.28,"as":251.65,"mi":"E","mv":44937,"sc":2,"lpe":99.26,"lpr":24277.72,"lq":1.0,"d":14352508},{"pi":"1510","pc":"Электроника","ss":100000,"td":"Центр города","dc":1,"n":83.13,"vc":"13292","sl":"Элитный","sv":"45","p":153000.0,"q":21.5,"b":0.0,"ms":0.1,"wi":35.98,"ei":8.28,"as":251.65,"mi":"E","mv":44937,"sc":2,"lpe":99.26,"lpr":24277.72,"lq":1.0,"d":14352508},{"pi":"1510","pc":"Электроника","ss":100000,"td":"Фешенебельный район","dc":4,"n":623.49,"vc":"87286","sl":"Элитный","sv":"6","p":250000.0,"q":77.03,"b":2.25,"ms":6.06,"wi":24.44,"ei":2.35,"as":565.23,"mi":"E","mv":99,"sc":1,"lpe":93.94,"lpr":26171.19,"lq":1.0,"d":78672},{"pi":"1510","pc":"Электроника","ss":100000,"td":"Центр города","dc":5,"n":0.0,"vc":"3570","sl":"Элитный","sv":"27","p":693600.89,"q":7.48,"b":0.0,"ms":4.54,"wi":151.97,"ei":10.65,"as":2047.83,"mi":"E","mv":595,"sc":1,"lpe":95.46,"lpr":203934.62,"lq":1.0,"d":1034298},{"pi":"1510","pc":"Электроника","ss":100000,"td":"Центр города","dc":6,"n":390.82,"vc":"109398","sl":"Очень высокий","sv":"18","p":5548.37,"q":8.74,"b":0.0,"ms":8.33,"wi":245.02,"ei":10.09,"as":2433.57,"mi":"E","mv":216,"sc":1,"lpe":91.67,"lpr":1268437.16,"lq":1.0,"d":1262376},{"pi":"1510","pc":"Электроника","ss":10000,"td":"Центр города","dc":1,"n":71.78,"vc":"2628","sl":"Элитный","sv":"330","p":47200.0,"q":21.5,"b":0.0,"ms":3.26,"wi":29.93,"ei":6.58,"as":133.91,"mi":"E","mv":10130,"sc":1,"lpe":96.74,"lpr":13967.39,"lq":1.0,"d":3420282},{"pi":"1510","pc":"Электроника","ss":100000,"td":"Центр города","dc":2,"n":519.56,"vc":"374322","sl":"Очень высокий","sv":"425","p":50000.0,"q":92.76,"b":0.0,"ms":11.51,"wi":57.36,"ei":6.87,"as":248.17,"mi":"E","mv":3694,"sc":1,"lpe":88.49,"lpr":9850.23,"lq":1.02,"d":387702},{"pi":"1510","pc":"Электроника","ss":100000,"td":"Центр города","dc":6,"n":0.0,"vc":"1353","sl":"Элитный","sv":"1","p":6144.05,"q":9.9,"b":0.0,"ms":2.63,"wi":56.51,"ei":6.51,"as":450.12,"mi":"E","mv":38,"sc":1,"lpe":97.37,"lpr":780935.6,"lq":1.0,"d":206000}]